"","IDs","H2S_mean","H2S_sd","H2S_cv","H2S_flag","Dilution","H2S_cv_flag"
"1","L6-40",3194.20405845805,373.979768393067,11.7080737970635,"Within_Range",50,"High CV"
"2","L8-40",2788.47412239315,323.744790956468,11.6101056257471,"Within_Range",50,"High CV"
"3","L17-80",3008.87197479888,444.849415526771,14.7845910112711,"Within_Range",50,"High CV"
"4","L16-80",2969.87742459319,308.821081853295,10.3984453801354,"Within_Range",50,"High CV"
"5","L12-40",2136.26059575168,280.391434344923,13.1253384958057,"Within_Range",50,"High CV"
"6","P5A-20",1056.28624705232,159.022100356135,15.0548301466485,"Within_Range",50,"High CV"
"7","P7B-40",1513.82965952824,231.732063935104,15.3076710101795,"Within_Range",50,"High CV"
"8","P1B-40",1439.04258808931,235.639030660129,16.374708616025,"Within_Range",50,"High CV"
