Year,Community,Chamber,Treatment,Quadrat,SCCount,SCGreenMass,SPCount,SPGreenMass,SPScenescentMass,SPTotalMass,DICount,DIGreenMass,DIScenescentMass,DITotalMass,Other1Species,Other1Count,Other1Mass,Other2Species,Other2Count,Other2Mass,C3DeadMass,C4DeadMass,OtherDeadSpecies,OtherDeadMass,TotalDeadMass
1987,MX,1,E,-99,-99,-99,2740,184.5,-99,-99,1420,227.4,-99,-99,none,0,0,none,0,0,-99,-99,none,-99,-99
1987,MX,2,A,-99,-99,-99,2280,167.1,-99,-99,1240,120.3,-99,-99,none,0,0,none,0,0,-99,-99,none,-99,-99
1987,MX,3,C,-99,-99,-99,2900,390.1,-99,-99,1440,154.7,-99,-99,none,0,0,none,0,0,-99,-99,none,-99,-99
1987,MX,4,E,-99,-99,-99,4300,202,-99,-99,940,94.4,-99,-99,none,0,0,none,0,0,-99,-99,none,-99,-99
1987,MX,5,C,-99,-99,-99,2860,285.4,-99,-99,360,41.5,-99,-99,none,0,0,none,0,0,-99,-99,none,-99,-99
1987,MX,6,A,-99,-99,-99,3260,293.1,-99,-99,280,38.3,-99,-99,none,0,0,none,0,0,-99,-99,none,-99,-99
1987,MX,7,C,-99,-99,-99,0,0,-99,-99,4480,382.4,-99,-99,none,0,0,none,0,0,-99,-99,none,-99,-99
1987,MX,8,E,-99,-99,-99,0,0,-99,-99,3680,411.4,-99,-99,none,0,0,none,0,0,-99,-99,none,-99,-99
1987,MX,9,A,-99,-99,-99,3640,314.6,-99,-99,900,103.4,-99,-99,none,0,0,none,0,0,-99,-99,none,-99,-99
1987,MX,10,C,-99,-99,-99,3720,374.9,-99,-99,680,48.7,-99,-99,none,0,0,none,0,0,-99,-99,none,-99,-99
1987,MX,11,E,-99,-99,-99,6560,596.3,-99,-99,160,12.7,-99,-99,none,0,0,none,0,0,-99,-99,none,-99,-99
1987,MX,12,A,-99,-99,-99,2420,275.8,-99,-99,1860,231.7,-99,-99,none,0,0,none,0,0,-99,-99,none,-99,-99
1987,MX,13,E,-99,-99,-99,2500,244,-99,-99,840,138.7,-99,-99,none,0,0,none,0,0,-99,-99,none,-99,-99
1987,MX,14,C,-99,-99,-99,5300,468,-99,-99,0,0,-99,-99,none,0,0,none,0,0,-99,-99,none,-99,-99
1987,MX,15,A,-99,-99,-99,3220,286.2,-99,-99,280,72.8,-99,-99,none,0,0,none,0,0,-99,-99,none,-99,-99
1987,SC,1,E,-99,-99,-99,0,0,0,0,0,0,0,0,none,0,0,none,0,0,-99,-99,none,-99,-99
1987,SC,2,A,-99,-99,-99,0,0,0,0,0,0,0,0,none,0,0,none,0,0,-99,-99,none,-99,-99
1987,SC,3,C,-99,-99,-99,0,0,0,0,0,0,0,0,none,0,0,none,0,0,-99,-99,none,-99,-99
1987,SC,4,A,-99,-99,-99,0,0,0,0,0,0,0,0,none,0,0,none,0,0,-99,-99,none,-99,-99
1987,SC,5,C,-99,-99,-99,0,0,0,0,0,0,0,0,none,0,0,none,0,0,-99,-99,none,-99,-99
1987,SC,6,E,-99,-99,-99,0,0,0,0,0,0,0,0,none,0,0,none,0,0,-99,-99,none,-99,-99
1987,SC,7,C,-99,-99,-99,0,0,0,0,0,0,0,0,none,0,0,none,0,0,-99,-99,none,-99,-99
1987,SC,8,A,-99,-99,-99,0,0,0,0,0,0,0,0,none,0,0,none,0,0,-99,-99,none,-99,-99
1987,SC,9,E,-99,-99,-99,0,0,0,0,0,0,0,0,none,0,0,none,0,0,-99,-99,none,-99,-99
1987,SC,10,E,-99,-99,-99,0,0,0,0,0,0,0,0,none,0,0,none,0,0,-99,-99,none,-99,-99
1987,SC,11,C,-99,-99,-99,0,0,0,0,0,0,0,0,none,0,0,none,0,0,-99,-99,none,-99,-99
1987,SC,12,A,-99,-99,-99,0,0,0,0,0,0,0,0,none,0,0,none,0,0,-99,-99,none,-99,-99
1987,SC,13,C,-99,-99,-99,0,0,0,0,0,0,0,0,none,0,0,none,0,0,-99,-99,none,-99,-99
1987,SC,14,E,-99,-99,-99,0,0,0,0,0,0,0,0,none,0,0,none,0,0,-99,-99,none,-99,-99
1987,SC,15,A,-99,-99,-99,0,0,0,0,0,0,0,0,none,0,0,none,0,0,-99,-99,none,-99,-99
1987,SP,1,E,-99,-99,-99,-99,315,-99,-99,0,0,0,0,none,0,0,none,0,0,-99,-99,none,-99,-99
1987,SP,2,A,-99,-99,-99,-99,539.2,-99,-99,0,0,0,0,none,0,0,none,0,0,-99,-99,none,-99,-99
1987,SP,3,C,-99,-99,-99,-99,327.1,-99,-99,0,0,0,0,none,0,0,none,0,0,-99,-99,none,-99,-99
1987,SP,4,E,-99,-99,-99,-99,453.4,-99,-99,0,0,0,0,none,0,0,none,0,0,-99,-99,none,-99,-99
1987,SP,5,A,-99,-99,-99,-99,486.7,-99,-99,0,0,0,0,none,0,0,none,0,0,-99,-99,none,-99,-99
1987,SP,6,C,-99,-99,-99,-99,374,-99,-99,0,0,0,0,none,0,0,none,0,0,-99,-99,none,-99,-99
1987,SP,7,C,-99,-99,-99,-99,250,-99,-99,0,0,0,0,none,0,0,none,0,0,-99,-99,none,-99,-99
1987,SP,8,E,-99,-99,-99,-99,340.9,-99,-99,0,0,0,0,none,0,0,none,0,0,-99,-99,none,-99,-99
1987,SP,9,A,-99,-99,-99,-99,415.1,-99,-99,0,0,0,0,none,0,0,none,0,0,-99,-99,none,-99,-99
1987,SP,10,E,-99,-99,-99,-99,195.2,-99,-99,0,0,0,0,none,0,0,none,0,0,-99,-99,none,-99,-99
1987,SP,11,A,-99,-99,-99,-99,363.9,-99,-99,0,0,0,0,none,0,0,none,0,0,-99,-99,none,-99,-99
1987,SP,12,C,-99,-99,-99,-99,324,-99,-99,0,0,0,0,none,0,0,none,0,0,-99,-99,none,-99,-99
1987,SP,13,A,-99,-99,-99,-99,236.7,-99,-99,0,0,0,0,none,0,0,none,0,0,-99,-99,none,-99,-99
1987,SP,14,E,-99,-99,-99,-99,367.1,-99,-99,0,0,0,0,none,0,0,none,0,0,-99,-99,none,-99,-99
1987,SP,15,C,-99,-99,-99,-99,480.7,-99,-99,0,0,0,0,none,0,0,none,0,0,-99,-99,none,-99,-99
1988,MX,1,E,-99,-99,-99,1620,277.57,24.08,301.64,2040,331.87,37.28,369.15,none,0,0,none,0,0,-99,-99,none,-99,-99
1988,MX,2,A,-99,-99,-99,1480,184.54,10.23,194.77,1420,284.99,22.53,307.52,none,0,0,none,0,0,-99,-99,none,-99,-99
1988,MX,3,C,-99,-99,-99,2000,138.83,12.1,150.92,1560,287.85,31.44,319.3,none,0,0,none,0,0,-99,-99,none,-99,-99
1988,MX,4,E,-99,-99,-99,2740,323.89,33.69,357.58,1300,155.35,15.77,171.12,none,0,0,none,0,0,-99,-99,none,-99,-99
1988,MX,5,C,-99,-99,-99,4220,578.78,84.42,663.2,540,148.85,9.34,158.19,none,0,0,none,0,0,-99,-99,none,-99,-99
1988,MX,6,A,-99,-99,-99,4620,478.19,63.34,541.53,540,80.99,7.74,88.73,none,0,0,none,0,0,-99,-99,none,-99,-99
1988,MX,7,C,-99,-99,-99,0,0,0,0,4000,515.85,84.32,600.17,none,0,0,none,0,0,-99,-99,none,-99,-99
1988,MX,8,E,-99,-99,-99,0,0,0,0,3040,483.49,66,549.49,none,0,0,none,0,0,-99,-99,none,-99,-99
1988,MX,9,A,-99,-99,-99,1600,109.74,22.99,132.74,1580,150.06,28.39,178.45,none,0,0,none,0,0,-99,-99,none,-99,-99
1988,MX,10,C,-99,-99,-99,3360,378.34,73.78,452.11,760,76.44,12.93,89.37,none,0,0,none,0,0,-99,-99,none,-99,-99
1988,MX,11,E,-99,-99,-99,3120,416.52,50.35,466.87,400,34.36,2.42,36.78,none,0,0,none,0,0,-99,-99,none,-99,-99
1988,MX,12,A,-99,-99,-99,2080,306.85,36.57,343.42,1420,219.98,13.88,233.87,none,0,0,none,0,0,-99,-99,none,-99,-99
1988,MX,13,E,-99,-99,-99,2680,326.33,43.52,369.85,1220,209.47,7.6,217.07,none,0,0,none,0,0,-99,-99,none,-99,-99
1988,MX,14,C,-99,-99,-99,4520,561.19,90.2,651.39,280,30.91,3.59,34.5,none,0,0,none,0,0,-99,-99,none,-99,-99
1988,MX,15,A,-99,-99,-99,2940,434.07,56.3,490.38,520,84.08,5.83,89.91,none,0,0,none,0,0,-99,-99,none,-99,-99
1988,SC,1,E,-99,-99,-99,0,0,0,0,0,0,0,0,none,0,0,none,0,0,-99,-99,none,-99,-99
1988,SC,2,A,-99,-99,-99,0,0,0,0,0,0,0,0,none,0,0,none,0,0,-99,-99,none,-99,-99
1988,SC,3,C,-99,-99,-99,0,0,0,0,0,0,0,0,none,0,0,none,0,0,-99,-99,none,-99,-99
1988,SC,4,A,-99,-99,-99,0,0,0,0,0,0,0,0,none,0,0,none,0,0,-99,-99,none,-99,-99
1988,SC,5,C,-99,-99,-99,0,0,0,0,0,0,0,0,none,0,0,none,0,0,-99,-99,none,-99,-99
1988,SC,6,E,-99,-99,-99,0,0,0,0,0,0,0,0,none,0,0,none,0,0,-99,-99,none,-99,-99
1988,SC,7,C,-99,-99,-99,0,0,0,0,0,0,0,0,none,0,0,none,0,0,-99,-99,none,-99,-99
1988,SC,8,A,-99,-99,-99,0,0,0,0,0,0,0,0,none,0,0,none,0,0,-99,-99,none,-99,-99
1988,SC,9,E,-99,-99,-99,0,0,0,0,0,0,0,0,none,0,0,none,0,0,-99,-99,none,-99,-99
1988,SC,10,E,-99,-99,-99,0,0,0,0,0,0,0,0,none,0,0,none,0,0,-99,-99,none,-99,-99
1988,SC,11,C,-99,-99,-99,0,0,0,0,0,0,0,0,none,0,0,none,0,0,-99,-99,none,-99,-99
1988,SC,12,A,-99,-99,-99,0,0,0,0,0,0,0,0,none,0,0,none,0,0,-99,-99,none,-99,-99
1988,SC,13,C,-99,-99,-99,0,0,0,0,0,0,0,0,none,0,0,none,0,0,-99,-99,none,-99,-99
1988,SC,14,E,-99,-99,-99,0,0,0,0,0,0,0,0,none,0,0,none,0,0,-99,-99,none,-99,-99
1988,SC,15,A,-99,-99,-99,0,0,0,0,0,0,0,0,none,0,0,none,0,0,-99,-99,none,-99,-99
1988,SP,1,E,-99,-99,-99,1980,215.066,22.157,237.223,0,0,0,0,none,0,0,none,0,0,-99,-99,none,-99,-99
1988,SP,2,A,-99,-99,-99,2500,441.071,35.143,476.214,0,0,0,0,none,0,0,none,0,0,-99,-99,none,-99,-99
1988,SP,3,C,-99,-99,-99,2580,313.662,49.349,363.011,0,0,0,0,none,0,0,none,0,0,-99,-99,none,-99,-99
1988,SP,4,E,-99,-99,-99,3940,653.971,64.491,718.462,0,0,0,0,none,0,0,none,0,0,-99,-99,none,-99,-99
1988,SP,5,A,-99,-99,-99,4420,625.024,75.591,700.615,0,0,0,0,none,0,0,none,0,0,-99,-99,none,-99,-99
1988,SP,6,C,-99,-99,-99,5580,610.351,113.933,724.284,0,0,0,0,none,0,0,none,0,0,-99,-99,none,-99,-99
1988,SP,7,C,-99,-99,-99,5540,466.602,80.616,547.218,0,0,0,0,none,0,0,none,0,0,-99,-99,none,-99,-99
1988,SP,8,E,-99,-99,-99,3920,281.146,35.736,316.882,0,0,0,0,none,0,0,none,0,0,-99,-99,none,-99,-99
1988,SP,9,A,-99,-99,-99,2220,295.132,53.237,348.369,0,0,0,0,none,0,0,none,0,0,-99,-99,none,-99,-99
1988,SP,10,E,-99,-99,-99,2940,262.736,34.993,297.729,0,0,0,0,none,0,0,none,0,0,-99,-99,none,-99,-99
1988,SP,11,A,-99,-99,-99,2680,286.462,43.327,329.789,0,0,0,0,none,0,0,none,0,0,-99,-99,none,-99,-99
1988,SP,12,C,-99,-99,-99,4640,503.904,67.913,571.817,0,0,0,0,none,0,0,none,0,0,-99,-99,none,-99,-99
1988,SP,13,A,-99,-99,-99,3740,267.219,40.301,307.52,0,0,0,0,none,0,0,none,0,0,-99,-99,none,-99,-99
1988,SP,14,E,-99,-99,-99,2640,300.06,36.12,336.18,0,0,0,0,none,0,0,none,0,0,-99,-99,none,-99,-99
1988,SP,15,C,-99,-99,-99,5260,538.543,90.836,629.379,0,0,0,0,none,0,0,none,0,0,-99,-99,none,-99,-99
1989,SP,1,E,1,-99,-99,6,2.42,0.259,2.679,0,0,0,0,none,0,0,none,0,0,-99,-99,none,-99,-99
1989,SP,1,E,2,-99,-99,5,0.866,0.19,1.056,0,0,0,0,none,0,0,none,0,0,-99,-99,none,-99,-99
1989,SP,1,E,3,-99,-99,5,1.118,0.146,1.264,0,0,0,0,none,0,0,none,0,0,-99,-99,none,-99,-99
1989,SP,1,E,4,-99,-99,14,2.838,0.369,3.207,0,0,0,0,none,0,0,none,0,0,-99,-99,none,-99,-99
1989,SP,1,E,5,-99,-99,3,1.12,0.095,1.215,0,0,0,0,none,0,0,none,0,0,-99,-99,none,-99,-99
1989,SP,1,E,6,-99,-99,11,2.49,0.305,2.795,0,0,0,0,none,0,0,none,0,0,-99,-99,none,-99,-99
1989,SP,1,E,7,-99,-99,16,3.927,0.39,4.317,0,0,0,0,none,0,0,none,0,0,-99,-99,none,-99,-99
1989,SP,1,E,8,-99,-99,5,0.807,0.08,0.887,0,0,0,0,none,0,0,none,0,0,-99,-99,none,-99,-99
1989,SP,1,E,9,-99,-99,14,3.598,0.301,3.899,0,0,0,0,none,0,0,none,0,0,-99,-99,none,-99,-99
1989,SP,1,E,10,-99,-99,4,2.002,0.217,2.219,0,0,0,0,none,0,0,none,0,0,-99,-99,none,-99,-99
1989,SP,2,A,1,-99,-99,3,1.536,0.02,1.556,0,0,0,0,none,0,0,none,0,0,-99,-99,none,-99,-99
1989,SP,2,A,2,-99,-99,5,4.264,0.156,4.42,0,0,0,0,none,0,0,none,0,0,-99,-99,none,-99,-99
1989,SP,2,A,3,-99,-99,10,2.002,0.162,2.164,0,0,0,0,none,0,0,none,0,0,-99,-99,none,-99,-99
1989,SP,2,A,4,-99,-99,14,2.518,0.081,2.599,0,0,0,0,none,0,0,none,0,0,-99,-99,none,-99,-99
1989,SP,2,A,5,-99,-99,9,3.235,0.121,3.356,0,0,0,0,none,0,0,none,0,0,-99,-99,none,-99,-99
1989,SP,2,A,6,-99,-99,9,2.585,0.211,2.796,0,0,0,0,none,0,0,none,0,0,-99,-99,none,-99,-99
1989,SP,2,A,7,-99,-99,0,0,0,0,0,0,0,0,none,0,0,none,0,0,-99,-99,none,-99,-99
1989,SP,2,A,8,-99,-99,10,2.419,0.141,2.56,0,0,0,0,none,0,0,none,0,0,-99,-99,none,-99,-99
1989,SP,2,A,9,-99,-99,4,0.863,0.091,0.954,0,0,0,0,none,0,0,none,0,0,-99,-99,none,-99,-99
1989,SP,2,A,10,-99,-99,5,0.995,0.059,1.054,0,0,0,0,none,0,0,none,0,0,-99,-99,none,-99,-99
1989,SP,3,C,1,-99,-99,5,1.095,0.183,1.278,0,0,0,0,none,0,0,none,0,0,-99,-99,none,-99,-99
1989,SP,3,C,2,-99,-99,13,2.111,0.455,2.566,0,0,0,0,none,0,0,none,0,0,-99,-99,none,-99,-99
1989,SP,3,C,3,-99,-99,15,2.219,0.455,2.674,0,0,0,0,none,0,0,none,0,0,-99,-99,none,-99,-99
1989,SP,3,C,4,-99,-99,10,2.043,0.33,2.373,0,0,0,0,none,0,0,none,0,0,-99,-99,none,-99,-99
1989,SP,3,C,5,-99,-99,9,1.835,0.275,2.11,0,0,0,0,none,0,0,none,0,0,-99,-99,none,-99,-99
1989,SP,3,C,6,-99,-99,15,4.368,0.633,5.001,0,0,0,0,none,0,0,none,0,0,-99,-99,none,-99,-99
1989,SP,3,C,7,-99,-99,18,4.01,0.597,4.607,0,0,0,0,none,0,0,none,0,0,-99,-99,none,-99,-99
1989,SP,3,C,8,-99,-99,16,2.655,0.753,3.408,0,0,0,0,none,0,0,none,0,0,-99,-99,none,-99,-99
1989,SP,3,C,9,-99,-99,24,2.801,0.802,3.603,0,0,0,0,none,0,0,none,0,0,-99,-99,none,-99,-99
1989,SP,3,C,10,-99,-99,19,2.192,0.572,2.764,0,0,0,0,none,0,0,none,0,0,-99,-99,none,-99,-99
1989,SP,4,E,1,-99,-99,5,1.273,0.085,1.358,0,0,0,0,none,0,0,none,0,0,-99,-99,none,-99,-99
1989,SP,4,E,2,-99,-99,8,2.093,0.112,2.205,0,0,0,0,none,0,0,none,0,0,-99,-99,none,-99,-99
1989,SP,4,E,3,-99,-99,9,1.613,0,1.613,0,0,0,0,none,0,0,none,0,0,-99,-99,none,-99,-99
1989,SP,4,E,4,-99,-99,12,3.619,0.222,3.841,0,0,0,0,none,0,0,none,0,0,-99,-99,none,-99,-99
1989,SP,4,E,5,-99,-99,6,2.612,0.124,2.736,0,0,0,0,none,0,0,none,0,0,-99,-99,none,-99,-99
1989,SP,4,E,6,-99,-99,7,1.601,0.053,1.654,0,0,0,0,none,0,0,none,0,0,-99,-99,none,-99,-99
1989,SP,4,E,7,-99,-99,2,0.43,0.022,0.452,0,0,0,0,none,0,0,none,0,0,-99,-99,none,-99,-99
1989,SP,4,E,8,-99,-99,6,1.435,0.038,1.473,0,0,0,0,none,0,0,none,0,0,-99,-99,none,-99,-99
1989,SP,4,E,9,-99,-99,5,0.766,0.032,0.798,0,0,0,0,none,0,0,none,0,0,-99,-99,none,-99,-99
1989,SP,4,E,10,-99,-99,11,4.709,0.121,4.83,0,0,0,0,none,0,0,none,0,0,-99,-99,none,-99,-99
1989,SP,5,A,1,-99,-99,5,1.476,0.081,1.557,0,0,0,0,none,0,0,none,0,0,-99,-99,none,-99,-99
1989,SP,5,A,2,-99,-99,4,0.568,0.052,0.62,0,0,0,0,none,0,0,none,0,0,-99,-99,none,-99,-99
1989,SP,5,A,3,-99,-99,13,2.951,0,2.951,0,0,0,0,none,0,0,none,0,0,-99,-99,none,-99,-99
1989,SP,5,A,4,-99,-99,5,1.11,0.088,1.198,0,0,0,0,none,0,0,none,0,0,-99,-99,none,-99,-99
1989,SP,5,A,5,-99,-99,8,2.275,0.082,2.357,0,0,0,0,none,0,0,none,0,0,-99,-99,none,-99,-99
1989,SP,5,A,6,-99,-99,17,3.539,0.224,3.763,0,0,0,0,none,0,0,none,0,0,-99,-99,none,-99,-99
1989,SP,5,A,7,-99,-99,11,1.129,0.165,1.294,0,0,0,0,none,0,0,none,0,0,-99,-99,none,-99,-99
1989,SP,5,A,8,-99,-99,7,1.648,0.082,1.73,0,0,0,0,none,0,0,none,0,0,-99,-99,none,-99,-99
1989,SP,5,A,9,-99,-99,5,0.356,0.035,0.391,0,0,0,0,none,0,0,none,0,0,-99,-99,none,-99,-99
1989,SP,5,A,10,-99,-99,4,0.917,0.049,0.966,0,0,0,0,none,0,0,none,0,0,-99,-99,none,-99,-99
1989,SP,6,C,1,-99,-99,14,2.385,0.62,3.005,0,0,0,0,none,0,0,none,0,0,-99,-99,none,-99,-99
1989,SP,6,C,2,-99,-99,4,1.244,0.264,1.508,0,0,0,0,none,0,0,none,0,0,-99,-99,none,-99,-99
1989,SP,6,C,3,-99,-99,8,1.052,0.298,1.35,0,0,0,0,none,0,0,none,0,0,-99,-99,none,-99,-99
1989,SP,6,C,4,-99,-99,12,2.058,0.318,2.376,0,0,0,0,none,0,0,none,0,0,-99,-99,none,-99,-99
1989,SP,6,C,5,-99,-99,22,3.236,0.98,4.216,0,0,0,0,none,0,0,none,0,0,-99,-99,none,-99,-99
1989,SP,6,C,6,-99,-99,9,1.11,0.288,1.398,0,0,0,0,none,0,0,none,0,0,-99,-99,none,-99,-99
1989,SP,6,C,7,-99,-99,19,2.658,0.48,3.138,0,0,0,0,none,0,0,none,0,0,-99,-99,none,-99,-99
1989,SP,6,C,8,-99,-99,5,0.233,0.117,0.35,0,0,0,0,none,0,0,none,0,0,-99,-99,none,-99,-99
1989,SP,6,C,9,-99,-99,9,1.19,0.328,1.518,0,0,0,0,none,0,0,none,0,0,-99,-99,none,-99,-99
1989,SP,6,C,10,-99,-99,11,1.243,0.504,1.747,0,0,0,0,none,0,0,none,0,0,-99,-99,none,-99,-99
1989,SP,7,C,1,-99,-99,18,1.483,0.338,1.821,0,0,0,0,none,0,0,none,0,0,-99,-99,none,-99,-99
1989,SP,7,C,2,-99,-99,7,0.982,0.29,1.272,0,0,0,0,none,0,0,none,0,0,-99,-99,none,-99,-99
1989,SP,7,C,3,-99,-99,14,1.782,0.347,2.129,0,0,0,0,none,0,0,none,0,0,-99,-99,none,-99,-99
1989,SP,7,C,4,-99,-99,7,0.769,0.139,0.908,0,0,0,0,none,0,0,none,0,0,-99,-99,none,-99,-99
1989,SP,7,C,5,-99,-99,6,0.871,0.181,1.052,0,0,0,0,none,0,0,none,0,0,-99,-99,none,-99,-99
1989,SP,7,C,6,-99,-99,18,1.793,0.373,2.166,0,0,0,0,none,0,0,none,0,0,-99,-99,none,-99,-99
1989,SP,7,C,7,-99,-99,17,2.242,0.474,2.716,0,0,0,0,none,0,0,none,0,0,-99,-99,none,-99,-99
1989,SP,7,C,8,-99,-99,8,1.02,0.186,1.206,0,0,0,0,none,0,0,none,0,0,-99,-99,none,-99,-99
1989,SP,7,C,9,-99,-99,11,1.171,0.231,1.402,0,0,0,0,none,0,0,none,0,0,-99,-99,none,-99,-99
1989,SP,7,C,10,-99,-99,8,1.241,0.201,1.442,0,0,0,0,none,0,0,none,0,0,-99,-99,none,-99,-99
1989,SP,8,E,1,-99,-99,13,2.054,0.212,2.266,0,0,0,0,none,0,0,none,0,0,-99,-99,none,-99,-99
1989,SP,8,E,2,-99,-99,5,0.873,0.099,0.972,0,0,0,0,none,0,0,none,0,0,-99,-99,none,-99,-99
1989,SP,8,E,3,-99,-99,19,2.784,0.184,2.968,0,0,0,0,none,0,0,none,0,0,-99,-99,none,-99,-99
1989,SP,8,E,4,-99,-99,16,1.653,0.148,1.801,0,0,0,0,none,0,0,none,0,0,-99,-99,none,-99,-99
1989,SP,8,E,5,-99,-99,9,1.553,0.111,1.664,0,0,0,0,none,0,0,none,0,0,-99,-99,none,-99,-99
1989,SP,8,E,6,-99,-99,10,1.585,0.159,1.744,0,0,0,0,none,0,0,none,0,0,-99,-99,none,-99,-99
1989,SP,8,E,7,-99,-99,15,2.495,0.13,2.625,0,0,0,0,none,0,0,none,0,0,-99,-99,none,-99,-99
1989,SP,8,E,8,-99,-99,10,2.037,0.143,2.18,0,0,0,0,none,0,0,none,0,0,-99,-99,none,-99,-99
1989,SP,8,E,9,-99,-99,15,0.827,0.06,0.887,0,0,0,0,none,0,0,none,0,0,-99,-99,none,-99,-99
1989,SP,8,E,10,-99,-99,11,2.949,0.14,3.089,0,0,0,0,none,0,0,none,0,0,-99,-99,none,-99,-99
1989,SP,9,A,1,-99,-99,10,1.414,0.215,1.629,0,0,0,0,none,0,0,none,0,0,-99,-99,none,-99,-99
1989,SP,9,A,2,-99,-99,16,3.111,0.286,3.397,0,0,0,0,none,0,0,none,0,0,-99,-99,none,-99,-99
1989,SP,9,A,3,-99,-99,9,1.124,0.053,1.177,0,0,0,0,none,0,0,none,0,0,-99,-99,none,-99,-99
1989,SP,9,A,4,-99,-99,12,2.04,0.18,2.22,0,0,0,0,none,0,0,none,0,0,-99,-99,none,-99,-99
1989,SP,9,A,5,-99,-99,12,1.9,0.114,2.014,0,0,0,0,none,0,0,none,0,0,-99,-99,none,-99,-99
1989,SP,9,A,6,-99,-99,6,0.901,0.113,1.014,0,0,0,0,none,0,0,none,0,0,-99,-99,none,-99,-99
1989,SP,9,A,7,-99,-99,3,1.282,0.213,1.495,0,0,0,0,none,0,0,none,0,0,-99,-99,none,-99,-99
1989,SP,9,A,8,-99,-99,17,1.556,0.185,1.741,0,0,0,0,none,0,0,none,0,0,-99,-99,none,-99,-99
1989,SP,9,A,9,-99,-99,9,2.539,0.204,2.743,0,0,0,0,none,0,0,none,0,0,-99,-99,none,-99,-99
1989,SP,9,A,10,-99,-99,23,2.195,0.193,2.388,0,0,0,0,none,0,0,none,0,0,-99,-99,none,-99,-99
1989,SP,10,E,1,-99,-99,10,1.57,0.16,1.73,0,0,0,0,none,0,0,none,0,0,-99,-99,none,-99,-99
1989,SP,10,E,2,-99,-99,6,1.529,0.119,1.648,0,0,0,0,none,0,0,none,0,0,-99,-99,none,-99,-99
1989,SP,10,E,3,-99,-99,6,1.169,0.119,1.288,0,0,0,0,none,0,0,none,0,0,-99,-99,none,-99,-99
1989,SP,10,E,4,-99,-99,12,2.1,0.213,2.313,0,0,0,0,none,0,0,none,0,0,-99,-99,none,-99,-99
1989,SP,10,E,5,-99,-99,11,1.37,0.168,1.538,0,0,0,0,none,0,0,none,0,0,-99,-99,none,-99,-99
1989,SP,10,E,6,-99,-99,5,1.571,0.107,1.678,0,0,0,0,none,0,0,none,0,0,-99,-99,none,-99,-99
1989,SP,10,E,7,-99,-99,4,1.121,0.098,1.219,0,0,0,0,none,0,0,none,0,0,-99,-99,none,-99,-99
1989,SP,10,E,8,-99,-99,12,2.021,0.148,2.169,0,0,0,0,none,0,0,none,0,0,-99,-99,none,-99,-99
1989,SP,10,E,9,-99,-99,19,3.206,0.351,3.557,0,0,0,0,none,0,0,none,0,0,-99,-99,none,-99,-99
1989,SP,10,E,10,-99,-99,17,3.485,0.285,3.77,0,0,0,0,none,0,0,none,0,0,-99,-99,none,-99,-99
1989,SP,11,A,1,-99,-99,9,1.582,0.09,1.672,0,0,0,0,none,0,0,none,0,0,-99,-99,none,-99,-99
1989,SP,11,A,2,-99,-99,15,1.845,0.117,1.962,0,0,0,0,none,0,0,none,0,0,-99,-99,none,-99,-99
1989,SP,11,A,3,-99,-99,11,1.496,0.142,1.638,0,0,0,0,none,0,0,none,0,0,-99,-99,none,-99,-99
1989,SP,11,A,4,-99,-99,9,1.203,0.139,1.342,0,0,0,0,none,0,0,none,0,0,-99,-99,none,-99,-99
1989,SP,11,A,5,-99,-99,13,2.575,0.172,2.747,0,0,0,0,none,0,0,none,0,0,-99,-99,none,-99,-99
1989,SP,11,A,6,-99,-99,4,0.637,0.103,0.74,0,0,0,0,none,0,0,none,0,0,-99,-99,none,-99,-99
1989,SP,11,A,7,-99,-99,9,1.157,0.097,1.254,0,0,0,0,none,0,0,none,0,0,-99,-99,none,-99,-99
1989,SP,11,A,8,-99,-99,13,2.199,0.233,2.432,0,0,0,0,none,0,0,none,0,0,-99,-99,none,-99,-99
1989,SP,11,A,9,-99,-99,13,2.121,0.164,2.285,0,0,0,0,none,0,0,none,0,0,-99,-99,none,-99,-99
1989,SP,11,A,10,-99,-99,26,4.547,0.506,5.053,0,0,0,0,none,0,0,none,0,0,-99,-99,none,-99,-99
1989,SP,12,C,1,-99,-99,11,1.676,0.333,2.009,0,0,0,0,none,0,0,none,0,0,-99,-99,none,-99,-99
1989,SP,12,C,2,-99,-99,13,1.302,0.439,1.741,0,0,0,0,none,0,0,none,0,0,-99,-99,none,-99,-99
1989,SP,12,C,3,-99,-99,11,1.855,0.286,2.141,0,0,0,0,none,0,0,none,0,0,-99,-99,none,-99,-99
1989,SP,12,C,4,-99,-99,2,0.25,0.043,0.293,0,0,0,0,none,0,0,none,0,0,-99,-99,none,-99,-99
1989,SP,12,C,5,-99,-99,7,1.353,0.173,1.526,0,0,0,0,none,0,0,none,0,0,-99,-99,none,-99,-99
1989,SP,12,C,6,-99,-99,16,2.108,0.423,2.531,0,0,0,0,none,0,0,none,0,0,-99,-99,none,-99,-99
1989,SP,12,C,7,-99,-99,15,1.037,0.239,1.276,0,0,0,0,none,0,0,none,0,0,-99,-99,none,-99,-99
1989,SP,12,C,8,-99,-99,34,3.508,0.561,4.069,0,0,0,0,none,0,0,none,0,0,-99,-99,none,-99,-99
1989,SP,12,C,9,-99,-99,9,1.721,0.36,2.081,0,0,0,0,none,0,0,none,0,0,-99,-99,none,-99,-99
1989,SP,12,C,10,-99,-99,20,2.45,0.507,2.957,0,0,0,0,none,0,0,none,0,0,-99,-99,none,-99,-99
1989,SP,13,A,1,-99,-99,14,1.92,0.15,2.07,0,0,0,0,none,0,0,none,0,0,-99,-99,none,-99,-99
1989,SP,13,A,2,-99,-99,5,0.457,0.018,0.475,0,0,0,0,none,0,0,none,0,0,-99,-99,none,-99,-99
1989,SP,13,A,3,-99,-99,7,0.977,0.029,1.006,0,0,0,0,none,0,0,none,0,0,-99,-99,none,-99,-99
1989,SP,13,A,4,-99,-99,4,0.321,0.001,0.322,0,0,0,0,none,0,0,none,0,0,-99,-99,none,-99,-99
1989,SP,13,A,5,-99,-99,18,2.6,0.105,2.705,0,0,0,0,none,0,0,none,0,0,-99,-99,none,-99,-99
1989,SP,13,A,6,-99,-99,30,3.839,0.224,4.063,0,0,0,0,none,0,0,none,0,0,-99,-99,none,-99,-99
1989,SP,13,A,7,-99,-99,12,1.293,0.064,1.357,0,0,0,0,none,0,0,none,0,0,-99,-99,none,-99,-99
1989,SP,13,A,8,-99,-99,15,1.749,0.071,1.82,0,0,0,0,none,0,0,none,0,0,-99,-99,none,-99,-99
1989,SP,13,A,9,-99,-99,18,1.993,0.125,2.118,0,0,0,0,none,0,0,none,0,0,-99,-99,none,-99,-99
1989,SP,13,A,10,-99,-99,30,2.877,0.211,3.088,0,0,0,0,none,0,0,none,0,0,-99,-99,none,-99,-99
1989,SP,14,E,1,-99,-99,13,3.259,0.276,3.535,0,0,0,0,none,0,0,none,0,0,-99,-99,none,-99,-99
1989,SP,14,E,2,-99,-99,7,0.25,0.023,0.273,0,0,0,0,none,0,0,none,0,0,-99,-99,none,-99,-99
1989,SP,14,E,3,-99,-99,20,1.756,0.306,2.062,0,0,0,0,none,0,0,none,0,0,-99,-99,none,-99,-99
1989,SP,14,E,4,-99,-99,18,1.013,0.086,1.099,0,0,0,0,none,0,0,none,0,0,-99,-99,none,-99,-99
1989,SP,14,E,5,-99,-99,9,1.596,0.154,1.75,0,0,0,0,none,0,0,none,0,0,-99,-99,none,-99,-99
1989,SP,14,E,6,-99,-99,13,2.11,0.151,2.261,0,0,0,0,none,0,0,none,0,0,-99,-99,none,-99,-99
1989,SP,14,E,7,-99,-99,29,1.295,0.16,1.455,0,0,0,0,none,0,0,none,0,0,-99,-99,none,-99,-99
1989,SP,14,E,8,-99,-99,22,2.951,0.299,3.25,0,0,0,0,none,0,0,none,0,0,-99,-99,none,-99,-99
1989,SP,14,E,9,-99,-99,24,3.737,0.354,4.091,0,0,0,0,none,0,0,none,0,0,-99,-99,none,-99,-99
1989,SP,14,E,10,-99,-99,18,2.376,0.204,2.58,0,0,0,0,none,0,0,none,0,0,-99,-99,none,-99,-99
1989,SP,15,C,1,-99,-99,14,2.096,0.524,2.62,0,0,0,0,none,0,0,none,0,0,-99,-99,none,-99,-99
1989,SP,15,C,2,-99,-99,14,1.785,0.472,2.257,0,0,0,0,none,0,0,none,0,0,-99,-99,none,-99,-99
1989,SP,15,C,3,-99,-99,19,2.79,0.692,3.482,0,0,0,0,none,0,0,none,0,0,-99,-99,none,-99,-99
1989,SP,15,C,4,-99,-99,11,1.736,0.455,2.191,0,0,0,0,none,0,0,none,0,0,-99,-99,none,-99,-99
1989,SP,15,C,5,-99,-99,26,2.828,0.703,3.531,0,0,0,0,none,0,0,none,0,0,-99,-99,none,-99,-99
1989,SP,15,C,6,-99,-99,6,0.57,0.103,0.673,0,0,0,0,none,0,0,none,0,0,-99,-99,none,-99,-99
1989,SP,15,C,7,-99,-99,11,1.374,0.322,1.696,0,0,0,0,none,0,0,none,0,0,-99,-99,none,-99,-99
1989,SP,15,C,8,-99,-99,9,0.806,0.261,1.067,0,0,0,0,none,0,0,none,0,0,-99,-99,none,-99,-99
1989,SP,15,C,9,-99,-99,9,0.906,0.232,1.138,0,0,0,0,none,0,0,none,0,0,-99,-99,none,-99,-99
1989,SP,15,C,10,-99,-99,6,1.091,0.242,1.333,0,0,0,0,none,0,0,none,0,0,-99,-99,none,-99,-99
1989,SC,1,E,1,-99,-99,-99,-99,-99,-99,-99,-99,-99,-99,-99,-99,-99,-99,-99,-99,-99,-99,none,-99,-99
1989,SC,1,E,2,-99,-99,-99,-99,-99,-99,-99,-99,-99,-99,-99,-99,-99,-99,-99,-99,-99,-99,none,-99,-99
1989,SC,1,E,3,-99,-99,-99,-99,-99,-99,-99,-99,-99,-99,-99,-99,-99,-99,-99,-99,-99,-99,none,-99,-99
1989,SC,1,E,4,-99,-99,-99,-99,-99,-99,-99,-99,-99,-99,-99,-99,-99,-99,-99,-99,-99,-99,none,-99,-99
1989,SC,1,E,5,-99,-99,-99,-99,-99,-99,-99,-99,-99,-99,-99,-99,-99,-99,-99,-99,-99,-99,none,-99,-99
1989,SC,1,E,6,-99,-99,-99,-99,-99,-99,-99,-99,-99,-99,-99,-99,-99,-99,-99,-99,-99,-99,none,-99,-99
1989,SC,1,E,7,-99,-99,-99,-99,-99,-99,-99,-99,-99,-99,-99,-99,-99,-99,-99,-99,-99,-99,none,-99,-99
1989,SC,1,E,8,-99,-99,-99,-99,-99,-99,-99,-99,-99,-99,-99,-99,-99,-99,-99,-99,-99,-99,none,-99,-99
1989,SC,1,E,9,-99,-99,-99,-99,-99,-99,-99,-99,-99,-99,-99,-99,-99,-99,-99,-99,-99,-99,none,-99,-99
1989,SC,1,E,10,-99,-99,-99,-99,-99,-99,-99,-99,-99,-99,-99,-99,-99,-99,-99,-99,-99,-99,none,-99,-99
1989,SC,2,A,1,-99,-99,-99,-99,-99,-99,-99,-99,-99,-99,-99,-99,-99,-99,-99,-99,-99,-99,none,-99,-99
1989,SC,2,A,2,-99,-99,-99,-99,-99,-99,-99,-99,-99,-99,-99,-99,-99,-99,-99,-99,-99,-99,none,-99,-99
1989,SC,2,A,3,-99,-99,-99,-99,-99,-99,-99,-99,-99,-99,-99,-99,-99,-99,-99,-99,-99,-99,none,-99,-99
1989,SC,2,A,4,-99,-99,-99,-99,-99,-99,-99,-99,-99,-99,-99,-99,-99,-99,-99,-99,-99,-99,none,-99,-99
1989,SC,2,A,5,-99,-99,-99,-99,-99,-99,-99,-99,-99,-99,-99,-99,-99,-99,-99,-99,-99,-99,none,-99,-99
1989,SC,2,A,6,-99,-99,-99,-99,-99,-99,-99,-99,-99,-99,-99,-99,-99,-99,-99,-99,-99,-99,none,-99,-99
1989,SC,2,A,7,-99,-99,-99,-99,-99,-99,-99,-99,-99,-99,-99,-99,-99,-99,-99,-99,-99,-99,none,-99,-99
1989,SC,2,A,8,-99,-99,-99,-99,-99,-99,-99,-99,-99,-99,-99,-99,-99,-99,-99,-99,-99,-99,none,-99,-99
1989,SC,2,A,9,-99,-99,-99,-99,-99,-99,-99,-99,-99,-99,-99,-99,-99,-99,-99,-99,-99,-99,none,-99,-99
1989,SC,2,A,10,-99,-99,-99,-99,-99,-99,-99,-99,-99,-99,-99,-99,-99,-99,-99,-99,-99,-99,none,-99,-99
1989,SC,3,C,1,-99,-99,-99,-99,-99,-99,-99,-99,-99,-99,-99,-99,-99,-99,-99,-99,-99,-99,none,-99,-99
1989,SC,3,C,2,-99,-99,-99,-99,-99,-99,-99,-99,-99,-99,-99,-99,-99,-99,-99,-99,-99,-99,none,-99,-99
1989,SC,3,C,3,-99,-99,-99,-99,-99,-99,-99,-99,-99,-99,-99,-99,-99,-99,-99,-99,-99,-99,none,-99,-99
1989,SC,3,C,4,-99,-99,-99,-99,-99,-99,-99,-99,-99,-99,-99,-99,-99,-99,-99,-99,-99,-99,none,-99,-99
1989,SC,3,C,5,-99,-99,-99,-99,-99,-99,-99,-99,-99,-99,-99,-99,-99,-99,-99,-99,-99,-99,none,-99,-99
1989,SC,3,C,6,-99,-99,-99,-99,-99,-99,-99,-99,-99,-99,-99,-99,-99,-99,-99,-99,-99,-99,none,-99,-99
1989,SC,3,C,7,-99,-99,-99,-99,-99,-99,-99,-99,-99,-99,-99,-99,-99,-99,-99,-99,-99,-99,none,-99,-99
1989,SC,3,C,8,-99,-99,-99,-99,-99,-99,-99,-99,-99,-99,-99,-99,-99,-99,-99,-99,-99,-99,none,-99,-99
1989,SC,3,C,9,-99,-99,-99,-99,-99,-99,-99,-99,-99,-99,-99,-99,-99,-99,-99,-99,-99,-99,none,-99,-99
1989,SC,3,C,10,-99,-99,-99,-99,-99,-99,-99,-99,-99,-99,-99,-99,-99,-99,-99,-99,-99,-99,none,-99,-99
1989,SC,4,A,1,-99,-99,-99,-99,-99,-99,-99,-99,-99,-99,-99,-99,-99,-99,-99,-99,-99,-99,none,-99,-99
1989,SC,4,A,2,-99,-99,-99,-99,-99,-99,-99,-99,-99,-99,-99,-99,-99,-99,-99,-99,-99,-99,none,-99,-99
1989,SC,4,A,3,-99,-99,-99,-99,-99,-99,-99,-99,-99,-99,-99,-99,-99,-99,-99,-99,-99,-99,none,-99,-99
1989,SC,4,A,4,-99,-99,-99,-99,-99,-99,-99,-99,-99,-99,-99,-99,-99,-99,-99,-99,-99,-99,none,-99,-99
1989,SC,4,A,5,-99,-99,-99,-99,-99,-99,-99,-99,-99,-99,-99,-99,-99,-99,-99,-99,-99,-99,none,-99,-99
1989,SC,4,A,6,-99,-99,-99,-99,-99,-99,-99,-99,-99,-99,-99,-99,-99,-99,-99,-99,-99,-99,none,-99,-99
1989,SC,4,A,7,-99,-99,-99,-99,-99,-99,-99,-99,-99,-99,-99,-99,-99,-99,-99,-99,-99,-99,none,-99,-99
1989,SC,4,A,8,-99,-99,-99,-99,-99,-99,-99,-99,-99,-99,-99,-99,-99,-99,-99,-99,-99,-99,none,-99,-99
1989,SC,4,A,9,-99,-99,-99,-99,-99,-99,-99,-99,-99,-99,-99,-99,-99,-99,-99,-99,-99,-99,none,-99,-99
1989,SC,4,A,10,-99,-99,-99,-99,-99,-99,-99,-99,-99,-99,-99,-99,-99,-99,-99,-99,-99,-99,none,-99,-99
1989,SC,5,C,1,-99,-99,-99,-99,-99,-99,-99,-99,-99,-99,-99,-99,-99,-99,-99,-99,-99,-99,none,-99,-99
1989,SC,5,C,2,-99,-99,-99,-99,-99,-99,-99,-99,-99,-99,-99,-99,-99,-99,-99,-99,-99,-99,none,-99,-99
1989,SC,5,C,3,-99,-99,-99,-99,-99,-99,-99,-99,-99,-99,-99,-99,-99,-99,-99,-99,-99,-99,none,-99,-99
1989,SC,5,C,4,-99,-99,-99,-99,-99,-99,-99,-99,-99,-99,-99,-99,-99,-99,-99,-99,-99,-99,none,-99,-99
1989,SC,5,C,5,-99,-99,-99,-99,-99,-99,-99,-99,-99,-99,-99,-99,-99,-99,-99,-99,-99,-99,none,-99,-99
1989,SC,5,C,6,-99,-99,-99,-99,-99,-99,-99,-99,-99,-99,-99,-99,-99,-99,-99,-99,-99,-99,none,-99,-99
1989,SC,5,C,7,-99,-99,-99,-99,-99,-99,-99,-99,-99,-99,-99,-99,-99,-99,-99,-99,-99,-99,none,-99,-99
1989,SC,5,C,8,-99,-99,-99,-99,-99,-99,-99,-99,-99,-99,-99,-99,-99,-99,-99,-99,-99,-99,none,-99,-99
1989,SC,5,C,9,-99,-99,-99,-99,-99,-99,-99,-99,-99,-99,-99,-99,-99,-99,-99,-99,-99,-99,none,-99,-99
1989,SC,5,C,10,-99,-99,-99,-99,-99,-99,-99,-99,-99,-99,-99,-99,-99,-99,-99,-99,-99,-99,none,-99,-99
1989,SC,6,E,1,-99,-99,-99,-99,-99,-99,-99,-99,-99,-99,-99,-99,-99,-99,-99,-99,-99,-99,none,-99,-99
1989,SC,6,E,2,-99,-99,-99,-99,-99,-99,-99,-99,-99,-99,-99,-99,-99,-99,-99,-99,-99,-99,none,-99,-99
1989,SC,6,E,3,-99,-99,-99,-99,-99,-99,-99,-99,-99,-99,-99,-99,-99,-99,-99,-99,-99,-99,none,-99,-99
1989,SC,6,E,4,-99,-99,-99,-99,-99,-99,-99,-99,-99,-99,-99,-99,-99,-99,-99,-99,-99,-99,none,-99,-99
1989,SC,6,E,5,-99,-99,-99,-99,-99,-99,-99,-99,-99,-99,-99,-99,-99,-99,-99,-99,-99,-99,none,-99,-99
1989,SC,6,E,6,-99,-99,-99,-99,-99,-99,-99,-99,-99,-99,-99,-99,-99,-99,-99,-99,-99,-99,none,-99,-99
1989,SC,6,E,7,-99,-99,-99,-99,-99,-99,-99,-99,-99,-99,-99,-99,-99,-99,-99,-99,-99,-99,none,-99,-99
1989,SC,6,E,8,-99,-99,-99,-99,-99,-99,-99,-99,-99,-99,-99,-99,-99,-99,-99,-99,-99,-99,none,-99,-99
1989,SC,6,E,9,-99,-99,-99,-99,-99,-99,-99,-99,-99,-99,-99,-99,-99,-99,-99,-99,-99,-99,none,-99,-99
1989,SC,6,E,10,-99,-99,-99,-99,-99,-99,-99,-99,-99,-99,-99,-99,-99,-99,-99,-99,-99,-99,none,-99,-99
1989,SC,7,C,1,-99,-99,-99,-99,-99,-99,-99,-99,-99,-99,-99,-99,-99,-99,-99,-99,-99,-99,none,-99,-99
1989,SC,7,C,2,-99,-99,-99,-99,-99,-99,-99,-99,-99,-99,-99,-99,-99,-99,-99,-99,-99,-99,none,-99,-99
1989,SC,7,C,3,-99,-99,-99,-99,-99,-99,-99,-99,-99,-99,-99,-99,-99,-99,-99,-99,-99,-99,none,-99,-99
1989,SC,7,C,4,-99,-99,-99,-99,-99,-99,-99,-99,-99,-99,-99,-99,-99,-99,-99,-99,-99,-99,none,-99,-99
1989,SC,7,C,5,-99,-99,-99,-99,-99,-99,-99,-99,-99,-99,-99,-99,-99,-99,-99,-99,-99,-99,none,-99,-99
1989,SC,7,C,6,-99,-99,-99,-99,-99,-99,-99,-99,-99,-99,-99,-99,-99,-99,-99,-99,-99,-99,none,-99,-99
1989,SC,7,C,7,-99,-99,-99,-99,-99,-99,-99,-99,-99,-99,-99,-99,-99,-99,-99,-99,-99,-99,none,-99,-99
1989,SC,7,C,8,-99,-99,-99,-99,-99,-99,-99,-99,-99,-99,-99,-99,-99,-99,-99,-99,-99,-99,none,-99,-99
1989,SC,7,C,9,-99,-99,-99,-99,-99,-99,-99,-99,-99,-99,-99,-99,-99,-99,-99,-99,-99,-99,none,-99,-99
1989,SC,7,C,10,-99,-99,-99,-99,-99,-99,-99,-99,-99,-99,-99,-99,-99,-99,-99,-99,-99,-99,none,-99,-99
1989,SC,8,A,1,-99,-99,-99,-99,-99,-99,-99,-99,-99,-99,-99,-99,-99,-99,-99,-99,-99,-99,none,-99,-99
1989,SC,8,A,2,-99,-99,-99,-99,-99,-99,-99,-99,-99,-99,-99,-99,-99,-99,-99,-99,-99,-99,none,-99,-99
1989,SC,8,A,3,-99,-99,-99,-99,-99,-99,-99,-99,-99,-99,-99,-99,-99,-99,-99,-99,-99,-99,none,-99,-99
1989,SC,8,A,4,-99,-99,-99,-99,-99,-99,-99,-99,-99,-99,-99,-99,-99,-99,-99,-99,-99,-99,none,-99,-99
1989,SC,8,A,5,-99,-99,-99,-99,-99,-99,-99,-99,-99,-99,-99,-99,-99,-99,-99,-99,-99,-99,none,-99,-99
1989,SC,8,A,6,-99,-99,-99,-99,-99,-99,-99,-99,-99,-99,-99,-99,-99,-99,-99,-99,-99,-99,none,-99,-99
1989,SC,8,A,7,-99,-99,-99,-99,-99,-99,-99,-99,-99,-99,-99,-99,-99,-99,-99,-99,-99,-99,none,-99,-99
1989,SC,8,A,8,-99,-99,-99,-99,-99,-99,-99,-99,-99,-99,-99,-99,-99,-99,-99,-99,-99,-99,none,-99,-99
1989,SC,8,A,9,-99,-99,-99,-99,-99,-99,-99,-99,-99,-99,-99,-99,-99,-99,-99,-99,-99,-99,none,-99,-99
1989,SC,8,A,10,-99,-99,-99,-99,-99,-99,-99,-99,-99,-99,-99,-99,-99,-99,-99,-99,-99,-99,none,-99,-99
1989,SC,9,E,1,-99,-99,-99,-99,-99,-99,-99,-99,-99,-99,-99,-99,-99,-99,-99,-99,-99,-99,none,-99,-99
1989,SC,9,E,2,-99,-99,-99,-99,-99,-99,-99,-99,-99,-99,-99,-99,-99,-99,-99,-99,-99,-99,none,-99,-99
1989,SC,9,E,3,-99,-99,-99,-99,-99,-99,-99,-99,-99,-99,-99,-99,-99,-99,-99,-99,-99,-99,none,-99,-99
1989,SC,9,E,4,-99,-99,-99,-99,-99,-99,-99,-99,-99,-99,-99,-99,-99,-99,-99,-99,-99,-99,none,-99,-99
1989,SC,9,E,5,-99,-99,-99,-99,-99,-99,-99,-99,-99,-99,-99,-99,-99,-99,-99,-99,-99,-99,none,-99,-99
1989,SC,9,E,6,-99,-99,-99,-99,-99,-99,-99,-99,-99,-99,-99,-99,-99,-99,-99,-99,-99,-99,none,-99,-99
1989,SC,9,E,7,-99,-99,-99,-99,-99,-99,-99,-99,-99,-99,-99,-99,-99,-99,-99,-99,-99,-99,none,-99,-99
1989,SC,9,E,8,-99,-99,-99,-99,-99,-99,-99,-99,-99,-99,-99,-99,-99,-99,-99,-99,-99,-99,none,-99,-99
1989,SC,9,E,9,-99,-99,-99,-99,-99,-99,-99,-99,-99,-99,-99,-99,-99,-99,-99,-99,-99,-99,none,-99,-99
1989,SC,9,E,10,-99,-99,-99,-99,-99,-99,-99,-99,-99,-99,-99,-99,-99,-99,-99,-99,-99,-99,none,-99,-99
1989,SC,10,E,1,-99,-99,-99,-99,-99,-99,-99,-99,-99,-99,-99,-99,-99,-99,-99,-99,-99,-99,none,-99,-99
1989,SC,10,E,2,-99,-99,-99,-99,-99,-99,-99,-99,-99,-99,-99,-99,-99,-99,-99,-99,-99,-99,none,-99,-99
1989,SC,10,E,3,-99,-99,-99,-99,-99,-99,-99,-99,-99,-99,-99,-99,-99,-99,-99,-99,-99,-99,none,-99,-99
1989,SC,10,E,4,-99,-99,-99,-99,-99,-99,-99,-99,-99,-99,-99,-99,-99,-99,-99,-99,-99,-99,none,-99,-99
1989,SC,10,E,5,-99,-99,-99,-99,-99,-99,-99,-99,-99,-99,-99,-99,-99,-99,-99,-99,-99,-99,none,-99,-99
1989,SC,10,E,6,-99,-99,-99,-99,-99,-99,-99,-99,-99,-99,-99,-99,-99,-99,-99,-99,-99,-99,none,-99,-99
1989,SC,10,E,7,-99,-99,-99,-99,-99,-99,-99,-99,-99,-99,-99,-99,-99,-99,-99,-99,-99,-99,none,-99,-99
1989,SC,10,E,8,-99,-99,-99,-99,-99,-99,-99,-99,-99,-99,-99,-99,-99,-99,-99,-99,-99,-99,none,-99,-99
1989,SC,10,E,9,-99,-99,-99,-99,-99,-99,-99,-99,-99,-99,-99,-99,-99,-99,-99,-99,-99,-99,none,-99,-99
1989,SC,10,E,10,-99,-99,-99,-99,-99,-99,-99,-99,-99,-99,-99,-99,-99,-99,-99,-99,-99,-99,none,-99,-99
1989,SC,11,C,1,-99,-99,-99,-99,-99,-99,-99,-99,-99,-99,-99,-99,-99,-99,-99,-99,-99,-99,none,-99,-99
1989,SC,11,C,2,-99,-99,-99,-99,-99,-99,-99,-99,-99,-99,-99,-99,-99,-99,-99,-99,-99,-99,none,-99,-99
1989,SC,11,C,3,-99,-99,-99,-99,-99,-99,-99,-99,-99,-99,-99,-99,-99,-99,-99,-99,-99,-99,none,-99,-99
1989,SC,11,C,4,-99,-99,-99,-99,-99,-99,-99,-99,-99,-99,-99,-99,-99,-99,-99,-99,-99,-99,none,-99,-99
1989,SC,11,C,5,-99,-99,-99,-99,-99,-99,-99,-99,-99,-99,-99,-99,-99,-99,-99,-99,-99,-99,none,-99,-99
1989,SC,11,C,6,-99,-99,-99,-99,-99,-99,-99,-99,-99,-99,-99,-99,-99,-99,-99,-99,-99,-99,none,-99,-99
1989,SC,11,C,7,-99,-99,-99,-99,-99,-99,-99,-99,-99,-99,-99,-99,-99,-99,-99,-99,-99,-99,none,-99,-99
1989,SC,11,C,8,-99,-99,-99,-99,-99,-99,-99,-99,-99,-99,-99,-99,-99,-99,-99,-99,-99,-99,none,-99,-99
1989,SC,11,C,9,-99,-99,-99,-99,-99,-99,-99,-99,-99,-99,-99,-99,-99,-99,-99,-99,-99,-99,none,-99,-99
1989,SC,11,C,10,-99,-99,-99,-99,-99,-99,-99,-99,-99,-99,-99,-99,-99,-99,-99,-99,-99,-99,none,-99,-99
1989,SC,12,A,1,-99,-99,-99,-99,-99,-99,-99,-99,-99,-99,-99,-99,-99,-99,-99,-99,-99,-99,none,-99,-99
1989,SC,12,A,2,-99,-99,-99,-99,-99,-99,-99,-99,-99,-99,-99,-99,-99,-99,-99,-99,-99,-99,none,-99,-99
1989,SC,12,A,3,-99,-99,-99,-99,-99,-99,-99,-99,-99,-99,-99,-99,-99,-99,-99,-99,-99,-99,none,-99,-99
1989,SC,12,A,4,-99,-99,-99,-99,-99,-99,-99,-99,-99,-99,-99,-99,-99,-99,-99,-99,-99,-99,none,-99,-99
1989,SC,12,A,5,-99,-99,-99,-99,-99,-99,-99,-99,-99,-99,-99,-99,-99,-99,-99,-99,-99,-99,none,-99,-99
1989,SC,12,A,6,-99,-99,-99,-99,-99,-99,-99,-99,-99,-99,-99,-99,-99,-99,-99,-99,-99,-99,none,-99,-99
1989,SC,12,A,7,-99,-99,-99,-99,-99,-99,-99,-99,-99,-99,-99,-99,-99,-99,-99,-99,-99,-99,none,-99,-99
1989,SC,12,A,8,-99,-99,-99,-99,-99,-99,-99,-99,-99,-99,-99,-99,-99,-99,-99,-99,-99,-99,none,-99,-99
1989,SC,12,A,9,-99,-99,-99,-99,-99,-99,-99,-99,-99,-99,-99,-99,-99,-99,-99,-99,-99,-99,none,-99,-99
1989,SC,12,A,10,-99,-99,-99,-99,-99,-99,-99,-99,-99,-99,-99,-99,-99,-99,-99,-99,-99,-99,none,-99,-99
1989,SC,13,C,1,-99,-99,-99,-99,-99,-99,-99,-99,-99,-99,-99,-99,-99,-99,-99,-99,-99,-99,none,-99,-99
1989,SC,13,C,2,-99,-99,-99,-99,-99,-99,-99,-99,-99,-99,-99,-99,-99,-99,-99,-99,-99,-99,none,-99,-99
1989,SC,13,C,3,-99,-99,-99,-99,-99,-99,-99,-99,-99,-99,-99,-99,-99,-99,-99,-99,-99,-99,none,-99,-99
1989,SC,13,C,4,-99,-99,-99,-99,-99,-99,-99,-99,-99,-99,-99,-99,-99,-99,-99,-99,-99,-99,none,-99,-99
1989,SC,13,C,5,-99,-99,-99,-99,-99,-99,-99,-99,-99,-99,-99,-99,-99,-99,-99,-99,-99,-99,none,-99,-99
1989,SC,13,C,6,-99,-99,-99,-99,-99,-99,-99,-99,-99,-99,-99,-99,-99,-99,-99,-99,-99,-99,none,-99,-99
1989,SC,13,C,7,-99,-99,-99,-99,-99,-99,-99,-99,-99,-99,-99,-99,-99,-99,-99,-99,-99,-99,none,-99,-99
1989,SC,13,C,8,-99,-99,-99,-99,-99,-99,-99,-99,-99,-99,-99,-99,-99,-99,-99,-99,-99,-99,none,-99,-99
1989,SC,13,C,9,-99,-99,-99,-99,-99,-99,-99,-99,-99,-99,-99,-99,-99,-99,-99,-99,-99,-99,none,-99,-99
1989,SC,13,C,10,-99,-99,-99,-99,-99,-99,-99,-99,-99,-99,-99,-99,-99,-99,-99,-99,-99,-99,none,-99,-99
1989,SC,14,E,1,-99,-99,-99,-99,-99,-99,-99,-99,-99,-99,-99,-99,-99,-99,-99,-99,-99,-99,none,-99,-99
1989,SC,14,E,2,-99,-99,-99,-99,-99,-99,-99,-99,-99,-99,-99,-99,-99,-99,-99,-99,-99,-99,none,-99,-99
1989,SC,14,E,3,-99,-99,-99,-99,-99,-99,-99,-99,-99,-99,-99,-99,-99,-99,-99,-99,-99,-99,none,-99,-99
1989,SC,14,E,4,-99,-99,-99,-99,-99,-99,-99,-99,-99,-99,-99,-99,-99,-99,-99,-99,-99,-99,none,-99,-99
1989,SC,14,E,5,-99,-99,-99,-99,-99,-99,-99,-99,-99,-99,-99,-99,-99,-99,-99,-99,-99,-99,none,-99,-99
1989,SC,14,E,6,-99,-99,-99,-99,-99,-99,-99,-99,-99,-99,-99,-99,-99,-99,-99,-99,-99,-99,none,-99,-99
1989,SC,14,E,7,-99,-99,-99,-99,-99,-99,-99,-99,-99,-99,-99,-99,-99,-99,-99,-99,-99,-99,none,-99,-99
1989,SC,14,E,8,-99,-99,-99,-99,-99,-99,-99,-99,-99,-99,-99,-99,-99,-99,-99,-99,-99,-99,none,-99,-99
1989,SC,14,E,9,-99,-99,-99,-99,-99,-99,-99,-99,-99,-99,-99,-99,-99,-99,-99,-99,-99,-99,none,-99,-99
1989,SC,14,E,10,-99,-99,-99,-99,-99,-99,-99,-99,-99,-99,-99,-99,-99,-99,-99,-99,-99,-99,none,-99,-99
1989,SC,15,A,1,-99,-99,-99,-99,-99,-99,-99,-99,-99,-99,-99,-99,-99,-99,-99,-99,-99,-99,none,-99,-99
1989,SC,15,A,2,-99,-99,-99,-99,-99,-99,-99,-99,-99,-99,-99,-99,-99,-99,-99,-99,-99,-99,none,-99,-99
1989,SC,15,A,3,-99,-99,-99,-99,-99,-99,-99,-99,-99,-99,-99,-99,-99,-99,-99,-99,-99,-99,none,-99,-99
1989,SC,15,A,4,-99,-99,-99,-99,-99,-99,-99,-99,-99,-99,-99,-99,-99,-99,-99,-99,-99,-99,none,-99,-99
1989,SC,15,A,5,-99,-99,-99,-99,-99,-99,-99,-99,-99,-99,-99,-99,-99,-99,-99,-99,-99,-99,none,-99,-99
1989,SC,15,A,6,-99,-99,-99,-99,-99,-99,-99,-99,-99,-99,-99,-99,-99,-99,-99,-99,-99,-99,none,-99,-99
1989,SC,15,A,7,-99,-99,-99,-99,-99,-99,-99,-99,-99,-99,-99,-99,-99,-99,-99,-99,-99,-99,none,-99,-99
1989,SC,15,A,8,-99,-99,-99,-99,-99,-99,-99,-99,-99,-99,-99,-99,-99,-99,-99,-99,-99,-99,none,-99,-99
1989,SC,15,A,9,-99,-99,-99,-99,-99,-99,-99,-99,-99,-99,-99,-99,-99,-99,-99,-99,-99,-99,none,-99,-99
1989,SC,15,A,10,-99,-99,-99,-99,-99,-99,-99,-99,-99,-99,-99,-99,-99,-99,-99,-99,-99,-99,none,-99,-99
1989,MX,1,E,1,-99,-99,0,0,0,0,10,1.418,0.169,1.587,-99,-99,-99,-99,-99,-99,-99,-99,none,-99,-99
1989,MX,1,E,2,-99,-99,0,0,0,0,12,2.176,0.0586,2.2346,-99,-99,-99,-99,-99,-99,-99,-99,none,-99,-99
1989,MX,1,E,3,-99,-99,0,0,0,0,6,0.2208,0.0139,0.2347,-99,-99,-99,-99,-99,-99,-99,-99,none,-99,-99
1989,MX,1,E,4,-99,-99,2,0.174,0.01,0.184,10,1.069,0.008,1.077,-99,-99,-99,-99,-99,-99,-99,-99,none,-99,-99
1989,MX,1,E,5,-99,-99,0,0,0,0,14,3.3745,0.132,3.5065,-99,-99,-99,-99,-99,-99,-99,-99,none,-99,-99
1989,MX,1,E,6,-99,-99,6,0.367,0.02,0.387,14,3.256,0.103,3.359,-99,-99,-99,-99,-99,-99,-99,-99,none,-99,-99
1989,MX,1,E,7,-99,-99,13,1.633,0.083,1.716,2,0.2523,0.0033,0.2556,-99,-99,-99,-99,-99,-99,-99,-99,none,-99,-99
1989,MX,1,E,8,-99,-99,0,0,0,0,19,3.632,0.147,3.779,-99,-99,-99,-99,-99,-99,-99,-99,none,-99,-99
1989,MX,1,E,9,-99,-99,10,0.437,0.042,0.479,6,0.871,0.014,0.885,-99,-99,-99,-99,-99,-99,-99,-99,none,-99,-99
1989,MX,1,E,10,-99,-99,0,0,0,0,1,0.137,0.004,0.141,-99,-99,-99,-99,-99,-99,-99,-99,none,-99,-99
1989,MX,2,A,1,-99,-99,18,1.984,0.114,2.098,10,1.44,0.0792,1.5192,-99,-99,-99,-99,-99,-99,-99,-99,none,-99,-99
1989,MX,2,A,2,-99,-99,18,0.816,0.037,0.853,2,0.22,0,0.22,-99,-99,-99,-99,-99,-99,-99,-99,none,-99,-99
1989,MX,2,A,3,-99,-99,4,0.031,0,0.031,12,1.6434,0.075,1.7184,-99,-99,-99,-99,-99,-99,-99,-99,none,-99,-99
1989,MX,2,A,4,-99,-99,11,1.96,0.118,2.078,10,1.6006,0.1388,1.7394,-99,-99,-99,-99,-99,-99,-99,-99,none,-99,-99
1989,MX,2,A,5,-99,-99,16,2.399,0.152,2.551,2,0.393,0.118,0.511,-99,-99,-99,-99,-99,-99,-99,-99,none,-99,-99
1989,MX,2,A,6,-99,-99,30,3.222,0.227,3.449,6,0.9347,0.0642,0.9989,-99,-99,-99,-99,-99,-99,-99,-99,none,-99,-99
1989,MX,2,A,7,-99,-99,0,0,0,0,12,1.645,0.061,1.706,-99,-99,-99,-99,-99,-99,-99,-99,none,-99,-99
1989,MX,2,A,8,-99,-99,0,0.003,0.019,0.022,7,1.004,0.082,1.086,-99,-99,-99,-99,-99,-99,-99,-99,none,-99,-99
1989,MX,2,A,9,-99,-99,22,2.764,0.135,2.899,11,2.009,0.176,2.185,-99,-99,-99,-99,-99,-99,-99,-99,none,-99,-99
1989,MX,2,A,10,-99,-99,18,3.072,0.109,3.181,6,1.8097,0.1702,1.9799,-99,-99,-99,-99,-99,-99,-99,-99,none,-99,-99
1989,MX,3,C,1,-99,-99,3,0.184,0.015,0.199,3,0.511,0.04,0.551,-99,-99,-99,-99,-99,-99,-99,-99,none,-99,-99
1989,MX,3,C,2,-99,-99,6,0.857,0.185,1.042,2,0.606,0.093,0.699,-99,-99,-99,-99,-99,-99,-99,-99,none,-99,-99
1989,MX,3,C,3,-99,-99,0,0,0,0,3,0.342,0.068,0.41,-99,-99,-99,-99,-99,-99,-99,-99,none,-99,-99
1989,MX,3,C,4,-99,-99,2,0.161,0.017,0.178,4,0.916,0.104,1.02,-99,-99,-99,-99,-99,-99,-99,-99,none,-99,-99
1989,MX,3,C,5,-99,-99,18,2.686,0.405,3.091,2,0.424,0.109,0.533,-99,-99,-99,-99,-99,-99,-99,-99,none,-99,-99
1989,MX,3,C,6,-99,-99,5,0.421,0.05,0.471,14,2.194,0.271,2.465,-99,-99,-99,-99,-99,-99,-99,-99,none,-99,-99
1989,MX,3,C,7,-99,-99,12,1.873,0.329,2.202,2,0.1775,0.0359,0.2134,-99,-99,-99,-99,-99,-99,-99,-99,none,-99,-99
1989,MX,3,C,8,-99,-99,8,1.05,0.158,1.208,2,0.4147,0.0583,0.473,-99,-99,-99,-99,-99,-99,-99,-99,none,-99,-99
1989,MX,3,C,9,-99,-99,18,2.934,0.398,3.332,4,0.415,0.0211,0.4361,-99,-99,-99,-99,-99,-99,-99,-99,none,-99,-99
1989,MX,3,C,10,-99,-99,19,2.096,0.292,2.388,0,0,0,0,-99,-99,-99,-99,-99,-99,-99,-99,none,-99,-99
1989,MX,4,E,1,-99,-99,10,1.344,0.026,1.37,0,0,0,0,-99,-99,-99,-99,-99,-99,-99,-99,none,-99,-99
1989,MX,4,E,2,-99,-99,17,1.829,0.095,1.924,6,0.8877,0.529,1.4167,-99,-99,-99,-99,-99,-99,-99,-99,none,-99,-99
1989,MX,4,E,3,-99,-99,10,2.156,0.125,2.281,6,1.6092,0.0534,1.6626,-99,-99,-99,-99,-99,-99,-99,-99,none,-99,-99
1989,MX,4,E,4,-99,-99,22,1.854,0.051,1.905,0,0,0,0,-99,-99,-99,-99,-99,-99,-99,-99,none,-99,-99
1989,MX,4,E,5,-99,-99,19,1.509,0.068,1.577,5,0.701,0.044,0.745,-99,-99,-99,-99,-99,-99,-99,-99,none,-99,-99
1989,MX,4,E,6,-99,-99,25,2.505,0.204,2.709,3,0.5547,0.012,0.5667,-99,-99,-99,-99,-99,-99,-99,-99,none,-99,-99
1989,MX,4,E,7,-99,-99,24,3.843,0.181,4.024,2,0.2832,0.0107,0.2939,-99,-99,-99,-99,-99,-99,-99,-99,none,-99,-99
1989,MX,4,E,8,-99,-99,12,1.142,0.075,1.217,5,0.2296,0.0073,0.2369,-99,-99,-99,-99,-99,-99,-99,-99,none,-99,-99
1989,MX,4,E,9,-99,-99,15,1.476,0.056,1.532,6,0.735,0.0236,0.7586,-99,-99,-99,-99,-99,-99,-99,-99,none,-99,-99
1989,MX,4,E,10,-99,-99,9,0.982,0.123,1.105,2,0.1539,0,0.1539,-99,-99,-99,-99,-99,-99,-99,-99,none,-99,-99
1989,MX,5,C,1,-99,-99,22,2.258,0.575,2.833,0,0,0,0,-99,-99,-99,-99,-99,-99,-99,-99,none,-99,-99
1989,MX,5,C,2,-99,-99,22,2.963,0.509,3.472,0,0,0,0,-99,-99,-99,-99,-99,-99,-99,-99,none,-99,-99
1989,MX,5,C,3,-99,-99,13,2.061,0.375,2.436,0,0,0,0,-99,-99,-99,-99,-99,-99,-99,-99,none,-99,-99
1989,MX,5,C,4,-99,-99,13,2.232,0.508,2.74,2,0.0925,0,0.0925,-99,-99,-99,-99,-99,-99,-99,-99,none,-99,-99
1989,MX,5,C,5,-99,-99,3,0.788,0.049,0.837,2,0.289,0.087,0.376,-99,-99,-99,-99,-99,-99,-99,-99,none,-99,-99
1989,MX,5,C,6,-99,-99,10,1.119,0.218,1.337,3,0.152,0.039,0.191,-99,-99,-99,-99,-99,-99,-99,-99,none,-99,-99
1989,MX,5,C,7,-99,-99,5,0.337,0.025,0.362,0,0,0,0,-99,-99,-99,-99,-99,-99,-99,-99,none,-99,-99
1989,MX,5,C,8,-99,-99,21,2.87,0.56,3.43,0,0,0,0,-99,-99,-99,-99,-99,-99,-99,-99,none,-99,-99
1989,MX,5,C,9,-99,-99,14,0.749,0.297,1.046,3,0.471,0.086,0.557,-99,-99,-99,-99,-99,-99,-99,-99,none,-99,-99
1989,MX,5,C,10,-99,-99,28,3.254,0.335,3.589,0,0,0,0,-99,-99,-99,-99,-99,-99,-99,-99,none,-99,-99
1989,MX,6,A,1,-99,-99,7,0.2813,0.031,0.3123,1,0.0856,0,0.0856,-99,-99,-99,-99,-99,-99,-99,-99,none,-99,-99
1989,MX,6,A,2,-99,-99,18,2.459,0.09,2.549,18,2.4186,0.0523,2.4709,-99,-99,-99,-99,-99,-99,-99,-99,none,-99,-99
1989,MX,6,A,3,-99,-99,6,0.34,0.016,0.356,2,0.1513,0,0.1513,-99,-99,-99,-99,-99,-99,-99,-99,none,-99,-99
1989,MX,6,A,4,-99,-99,32,2.551,0.238,2.789,0,0,0,0,-99,-99,-99,-99,-99,-99,-99,-99,none,-99,-99
1989,MX,6,A,5,-99,-99,16,1.76,0.139,1.899,0,0,0,0,-99,-99,-99,-99,-99,-99,-99,-99,none,-99,-99
1989,MX,6,A,6,-99,-99,6,0.575,0.09,0.665,0,0,0,0,-99,-99,-99,-99,-99,-99,-99,-99,none,-99,-99
1989,MX,6,A,7,-99,-99,8,0.34,0.056,0.396,2,0.4391,0.048,0.4871,-99,-99,-99,-99,-99,-99,-99,-99,none,-99,-99
1989,MX,6,A,8,-99,-99,29,1.189,0.069,1.258,0,0,0,0,-99,-99,-99,-99,-99,-99,-99,-99,none,-99,-99
1989,MX,6,A,9,-99,-99,7,0.638,0.061,0.699,2,0.4422,0.0126,0.4548,-99,-99,-99,-99,-99,-99,-99,-99,none,-99,-99
1989,MX,6,A,10,-99,-99,9,1.437,0.095,1.532,0,0,0,0,-99,-99,-99,-99,-99,-99,-99,-99,none,-99,-99
1989,MX,7,C,1,-99,-99,0,0,0,0,10,1.0196,0.1416,1.1612,-99,-99,-99,-99,-99,-99,-99,-99,none,-99,-99
1989,MX,7,C,2,-99,-99,0,0,0,0,12,1.7019,0.2362,1.9381,-99,-99,-99,-99,-99,-99,-99,-99,none,-99,-99
1989,MX,7,C,3,-99,-99,0,0,0,0,17,2.1108,0.1367,2.2475,-99,-99,-99,-99,-99,-99,-99,-99,none,-99,-99
1989,MX,7,C,4,-99,-99,0,0,0,0,13,2.2248,0.2296,2.4544,-99,-99,-99,-99,-99,-99,-99,-99,none,-99,-99
1989,MX,7,C,5,-99,-99,0,0,0,0,0,0,0,0,-99,-99,-99,-99,-99,-99,-99,-99,none,-99,-99
1989,MX,7,C,6,-99,-99,0,0,0,0,8,1.6443,0.1376,1.7819,-99,-99,-99,-99,-99,-99,-99,-99,none,-99,-99
1989,MX,7,C,7,-99,-99,0,0,0,0,9,1.6522,0.1164,1.7686,-99,-99,-99,-99,-99,-99,-99,-99,none,-99,-99
1989,MX,7,C,8,-99,-99,0,0,0,0,6,0.5143,0.0684,0.5827,-99,-99,-99,-99,-99,-99,-99,-99,none,-99,-99
1989,MX,7,C,9,-99,-99,0,0,0,0,6,0.7753,0.0704,0.8457,-99,-99,-99,-99,-99,-99,-99,-99,none,-99,-99
1989,MX,7,C,10,-99,-99,0,0,0,0,15,1.9487,0.2302,2.1789,-99,-99,-99,-99,-99,-99,-99,-99,none,-99,-99
1989,MX,8,E,1,-99,-99,0,0,0,0,19,3.738,0.1463,3.8843,-99,-99,-99,-99,-99,-99,-99,-99,none,-99,-99
1989,MX,8,E,2,-99,-99,0,0,0,0,16,1.9769,0.0248,2.0017,-99,-99,-99,-99,-99,-99,-99,-99,none,-99,-99
1989,MX,8,E,3,-99,-99,0,0,0,0,5,0.9463,0.0396,0.9859,-99,-99,-99,-99,-99,-99,-99,-99,none,-99,-99
1989,MX,8,E,4,-99,-99,0,0,0,0,19,2.562,0.0968,2.6588,-99,-99,-99,-99,-99,-99,-99,-99,none,-99,-99
1989,MX,8,E,5,-99,-99,0,0,0,0,13,2.7086,0.1532,2.8618,-99,-99,-99,-99,-99,-99,-99,-99,none,-99,-99
1989,MX,8,E,6,-99,-99,0,0,0,0,10,1.9358,0.0861,2.0219,-99,-99,-99,-99,-99,-99,-99,-99,none,-99,-99
1989,MX,8,E,7,-99,-99,0,0,0,0,3,0.4996,0.0307,0.5303,-99,-99,-99,-99,-99,-99,-99,-99,none,-99,-99
1989,MX,8,E,8,-99,-99,0,0,0,0,6,0.383,0.0206,0.4036,-99,-99,-99,-99,-99,-99,-99,-99,none,-99,-99
1989,MX,8,E,9,-99,-99,0,0,0,0,6,1.0891,0.0314,1.1205,-99,-99,-99,-99,-99,-99,-99,-99,none,-99,-99
1989,MX,8,E,10,-99,-99,1,0.196,0.013,0.209,17,3.4267,0.099,3.5257,-99,-99,-99,-99,-99,-99,-99,-99,none,-99,-99
1989,MX,9,A,1,-99,-99,10,1.015,0.063,1.078,6,1.2028,0.0563,1.2591,-99,-99,-99,-99,-99,-99,-99,-99,none,-99,-99
1989,MX,9,A,2,-99,-99,5,0.617,0.065,0.682,4,0.2,0.011,0.211,-99,-99,-99,-99,-99,-99,-99,-99,none,-99,-99
1989,MX,9,A,3,-99,-99,11,1.565,0.107,1.672,5,0.5268,0.0471,0.5739,-99,-99,-99,-99,-99,-99,-99,-99,none,-99,-99
1989,MX,9,A,4,-99,-99,3,0.149,0.023,0.172,6,0.5361,0.0175,0.5536,-99,-99,-99,-99,-99,-99,-99,-99,none,-99,-99
1989,MX,9,A,5,-99,-99,16,1.169,0.074,1.243,1,0.0735,0.0052,0.0787,-99,-99,-99,-99,-99,-99,-99,-99,none,-99,-99
1989,MX,9,A,6,-99,-99,12,0.987,0.146,1.133,5,0.6106,0.0358,0.6464,-99,-99,-99,-99,-99,-99,-99,-99,none,-99,-99
1989,MX,9,A,7,-99,-99,38,2.536,0.366,2.902,1,0.0097,0,0.0097,-99,-99,-99,-99,-99,-99,-99,-99,none,-99,-99
1989,MX,9,A,8,-99,-99,14,1.302,0.173,1.475,7,0.9781,0.1051,1.0832,-99,-99,-99,-99,-99,-99,-99,-99,none,-99,-99
1989,MX,9,A,9,-99,-99,20,3.034,0.22,3.254,1,0.0293,0,0.0293,-99,-99,-99,-99,-99,-99,-99,-99,none,-99,-99
1989,MX,9,A,10,-99,-99,7,0.599,0.059,0.658,4,0.9779,0.15,1.1279,-99,-99,-99,-99,-99,-99,-99,-99,none,-99,-99
1989,MX,10,C,1,-99,-99,13,1.82,0.293,2.113,0,0,0,0,-99,-99,-99,-99,-99,-99,-99,-99,none,-99,-99
1989,MX,10,C,2,-99,-99,8,0.751,0.212,0.963,4,0.3215,0.053,0.3745,-99,-99,-99,-99,-99,-99,-99,-99,none,-99,-99
1989,MX,10,C,3,-99,-99,2,0.351,0.061,0.412,0,0,0,0,-99,-99,-99,-99,-99,-99,-99,-99,none,-99,-99
1989,MX,10,C,4,-99,-99,12,1.155,0.168,1.323,0,0,0,0,-99,-99,-99,-99,-99,-99,-99,-99,none,-99,-99
1989,MX,10,C,5,-99,-99,30,4.7794,0.681,5.4604,0,0,0,0,-99,-99,-99,-99,-99,-99,-99,-99,none,-99,-99
1989,MX,10,C,6,-99,-99,23,2.641,0.565,3.206,2,0.3794,0.0562,0.4356,-99,-99,-99,-99,-99,-99,-99,-99,none,-99,-99
1989,MX,10,C,7,-99,-99,22,1.9527,0.452,2.4047,1,0.0718,0.0078,0.0796,-99,-99,-99,-99,-99,-99,-99,-99,none,-99,-99
1989,MX,10,C,8,-99,-99,30,2.702,0.593,3.295,2,0.133,0,0.133,-99,-99,-99,-99,-99,-99,-99,-99,none,-99,-99
1989,MX,10,C,9,-99,-99,4,0.892,0.128,1.02,0,0,0,0,-99,-99,-99,-99,-99,-99,-99,-99,none,-99,-99
1989,MX,10,C,10,-99,-99,8,0.513,0.192,0.705,6,0.4623,0.0333,0.4956,-99,-99,-99,-99,-99,-99,-99,-99,none,-99,-99
1989,MX,11,E,1,-99,-99,7,1.043,0.082,1.125,3,0.492,0.044,0.536,-99,-99,-99,-99,-99,-99,-99,-99,none,-99,-99
1989,MX,11,E,2,-99,-99,1,0,0,0,0,0,0,0,-99,-99,-99,-99,-99,-99,-99,-99,none,-99,-99
1989,MX,11,E,3,-99,-99,4,0.088,0,0.088,0,0,0,0,-99,-99,-99,-99,-99,-99,-99,-99,none,-99,-99
1989,MX,11,E,4,-99,-99,4,0.356,0.031,0.387,0,0,0,0,-99,-99,-99,-99,-99,-99,-99,-99,none,-99,-99
1989,MX,11,E,5,-99,-99,7,0.792,0.078,0.87,0,0,0,0,-99,-99,-99,-99,-99,-99,-99,-99,none,-99,-99
1989,MX,11,E,6,-99,-99,17,2.385,0.191,2.576,0,0,0,0,-99,-99,-99,-99,-99,-99,-99,-99,none,-99,-99
1989,MX,11,E,7,-99,-99,16,3.283,0.122,3.405,0,0,0,0,-99,-99,-99,-99,-99,-99,-99,-99,none,-99,-99
1989,MX,11,E,8,-99,-99,7,1.941,0.047,1.988,0,0,0,0,-99,-99,-99,-99,-99,-99,-99,-99,none,-99,-99
1989,MX,11,E,9,-99,-99,4,0.996,0.037,1.033,2,0.4904,0.0105,0.5009,-99,-99,-99,-99,-99,-99,-99,-99,none,-99,-99
1989,MX,11,E,10,-99,-99,13,1.864,0.203,2.067,0,0,0,0,-99,-99,-99,-99,-99,-99,-99,-99,none,-99,-99
1989,MX,12,A,1,-99,-99,9,1.024,0.069,1.093,10,2.208,0.137,2.345,-99,-99,-99,-99,-99,-99,-99,-99,none,-99,-99
1989,MX,12,A,2,-99,-99,10,0.308,0.004,0.312,7,0.6194,0.0171,0.6365,-99,-99,-99,-99,-99,-99,-99,-99,none,-99,-99
1989,MX,12,A,3,-99,-99,14,1.62,0.08,1.7,5,0.595,0.045,0.64,-99,-99,-99,-99,-99,-99,-99,-99,none,-99,-99
1989,MX,12,A,4,-99,-99,1,0.007,0,0.007,7,2.124,0.08,2.204,-99,-99,-99,-99,-99,-99,-99,-99,none,-99,-99
1989,MX,12,A,5,-99,-99,4,0.666,0.049,0.715,8,0.516,0.036,0.552,-99,-99,-99,-99,-99,-99,-99,-99,none,-99,-99
1989,MX,12,A,6,-99,-99,5,0.839,0.047,0.886,8,1.414,0.038,1.452,-99,-99,-99,-99,-99,-99,-99,-99,none,-99,-99
1989,MX,12,A,7,-99,-99,12,1.437,0.088,1.525,12,2.014,0.109,2.123,-99,-99,-99,-99,-99,-99,-99,-99,none,-99,-99
1989,MX,12,A,8,-99,-99,16,1.899,0.128,2.027,5,0.913,0.064,0.977,-99,-99,-99,-99,-99,-99,-99,-99,none,-99,-99
1989,MX,12,A,9,-99,-99,6,1.435,0.102,1.537,9,1.2478,0.1085,1.3563,-99,-99,-99,-99,-99,-99,-99,-99,none,-99,-99
1989,MX,12,A,10,-99,-99,5,0.806,0.062,0.868,7,1.184,0.0543,1.2383,-99,-99,-99,-99,-99,-99,-99,-99,none,-99,-99
1989,MX,13,E,1,-99,-99,11,2.364,0.128,2.492,0,0,0,0,-99,-99,-99,-99,-99,-99,-99,-99,none,-99,-99
1989,MX,13,E,2,-99,-99,3,0.08,0.009,0.089,1,0.0332,0,0.0332,-99,-99,-99,-99,-99,-99,-99,-99,none,-99,-99
1989,MX,13,E,3,-99,-99,21,3.058,0.226,3.284,3,0.249,0.022,0.271,-99,-99,-99,-99,-99,-99,-99,-99,none,-99,-99
1989,MX,13,E,4,-99,-99,9,1.713,0.065,1.778,3,0.713,0.043,0.756,-99,-99,-99,-99,-99,-99,-99,-99,none,-99,-99
1989,MX,13,E,5,-99,-99,11,1.476,0.08,1.556,5,1.0405,0.0613,1.1018,-99,-99,-99,-99,-99,-99,-99,-99,none,-99,-99
1989,MX,13,E,6,-99,-99,11,1.585,0.231,1.816,0,0,0,0,-99,-99,-99,-99,-99,-99,-99,-99,none,-99,-99
1989,MX,13,E,7,-99,-99,15,1.603,0.114,1.717,1,0.1516,0,0.1516,-99,-99,-99,-99,-99,-99,-99,-99,none,-99,-99
1989,MX,13,E,8,-99,-99,3,0.388,0.014,0.402,4,0.4357,0.0156,0.4513,-99,-99,-99,-99,-99,-99,-99,-99,none,-99,-99
1989,MX,13,E,9,-99,-99,12,1.373,0.036,1.409,5,0.1914,0.0036,0.195,-99,-99,-99,-99,-99,-99,-99,-99,none,-99,-99
1989,MX,13,E,10,-99,-99,8,0.397,0.029,0.426,0,0,0,0,-99,-99,-99,-99,-99,-99,-99,-99,none,-99,-99
1989,MX,14,C,1,-99,-99,28,3.322,0.719,4.041,0,0,0,0,-99,-99,-99,-99,-99,-99,-99,-99,none,-99,-99
1989,MX,14,C,2,-99,-99,12,1.157,0.259,1.416,0,0,0,0,-99,-99,-99,-99,-99,-99,-99,-99,none,-99,-99
1989,MX,14,C,3,-99,-99,18,2.053,0.619,2.672,0,0,0,0,-99,-99,-99,-99,-99,-99,-99,-99,none,-99,-99
1989,MX,14,C,4,-99,-99,10,1.385,0.329,1.714,0,0,0,0,-99,-99,-99,-99,-99,-99,-99,-99,none,-99,-99
1989,MX,14,C,5,-99,-99,11,1.605,0.452,2.057,0,0,0,0,-99,-99,-99,-99,-99,-99,-99,-99,none,-99,-99
1989,MX,14,C,6,-99,-99,22,2.507,0.628,3.135,0,0,0,0,-99,-99,-99,-99,-99,-99,-99,-99,none,-99,-99
1989,MX,14,C,7,-99,-99,6,0.821,0.163,0.984,3,0.584,0.118,0.702,-99,-99,-99,-99,-99,-99,-99,-99,none,-99,-99
1989,MX,14,C,8,-99,-99,12,1.516,0.292,1.808,2,0.258,0.036,0.294,-99,-99,-99,-99,-99,-99,-99,-99,none,-99,-99
1989,MX,14,C,9,-99,-99,10,1.058,0.189,1.247,0,0,0,0,-99,-99,-99,-99,-99,-99,-99,-99,none,-99,-99
1989,MX,14,C,10,-99,-99,12,1.154,0.227,1.381,0,0,0,0,-99,-99,-99,-99,-99,-99,-99,-99,none,-99,-99
1989,MX,15,A,1,-99,-99,15,1.638,0.267,1.905,2,0.33,0,0.33,-99,-99,-99,-99,-99,-99,-99,-99,none,-99,-99
1989,MX,15,A,2,-99,-99,11,1.597,0.169,1.766,4,0.9234,0.0405,0.9639,-99,-99,-99,-99,-99,-99,-99,-99,none,-99,-99
1989,MX,15,A,3,-99,-99,13,1.102,0.143,1.245,1,0.0454,0,0.0454,-99,-99,-99,-99,-99,-99,-99,-99,none,-99,-99
1989,MX,15,A,4,-99,-99,7,1.475,0.094,1.569,0,0,0,0,-99,-99,-99,-99,-99,-99,-99,-99,none,-99,-99
1989,MX,15,A,5,-99,-99,17,3.31,0.228,3.538,2,0.2698,0.0017,0.2715,-99,-99,-99,-99,-99,-99,-99,-99,none,-99,-99
1989,MX,15,A,6,-99,-99,8,1.678,0.241,1.919,0,0,0,0,-99,-99,-99,-99,-99,-99,-99,-99,none,-99,-99
1989,MX,15,A,7,-99,-99,6,0.427,0.053,0.48,0,0,0,0,-99,-99,-99,-99,-99,-99,-99,-99,none,-99,-99
1989,MX,15,A,8,-99,-99,8,1.42,0.06,1.48,0,0,0,0,-99,-99,-99,-99,-99,-99,-99,-99,none,-99,-99
1989,MX,15,A,9,-99,-99,25,3.643,0.386,4.029,2,0.3408,0.0111,0.3519,-99,-99,-99,-99,-99,-99,-99,-99,none,-99,-99
1989,MX,15,A,10,-99,-99,15,1.987,0.11,2.097,12,0.4424,0.0219,0.4643,-99,-99,-99,-99,-99,-99,-99,-99,none,-99,-99
1990,SP,1,E,1,-99,-99,4,0.87,0.13,1,0,-99,-99,0,none,0,0,none,0,0,-99,-99,none,-99,9.17
1990,SP,1,E,2,-99,-99,3,0.58,0.11,0.69,0,-99,-99,0,none,0,0,none,0,0,-99,-99,none,-99,5.81
1990,SP,1,E,3,-99,-99,14,2.82,0.49,3.31,0,-99,-99,0,none,0,0,none,0,0,-99,-99,none,-99,12.29
1990,SP,1,E,4,-99,-99,5,1.11,0.18,1.29,0,-99,-99,0,none,0,0,none,0,0,-99,-99,none,-99,9.02
1990,SP,1,E,5,-99,-99,7,1.67,0.08,1.75,0,-99,-99,0,none,0,0,none,0,0,-99,-99,none,-99,11.78
1990,SP,1,E,6,-99,-99,37,5.39,0.88,6.27,0,-99,-99,0,none,0,0,none,0,0,-99,-99,none,-99,12.44
1990,SP,1,E,7,-99,-99,8,0.35,0.01,0.36,0,-99,-99,0,none,0,0,none,0,0,-99,-99,none,-99,13.07
1990,SP,1,E,8,-99,-99,2,0.13,0.03,0.16,0,-99,-99,0,none,0,0,none,0,0,-99,-99,none,-99,19.36
1990,SP,1,E,9,-99,-99,15,2.91,0.2,3.11,0,-99,-99,0,none,0,0,none,0,0,-99,-99,none,-99,4.82
1990,SP,1,E,10,-99,-99,2,0.52,0.08,0.6,0,-99,-99,0,none,0,0,none,0,0,-99,-99,none,-99,11.59
1990,SP,1,E,11,-99,-99,17,3.02,0,3.02,0,-99,-99,0,none,0,0,none,0,0,-99,-99,none,-99,37.76
1990,SP,1,E,12,-99,-99,3,0.14,0.06,0.2,0,-99,-99,0,none,0,0,none,0,0,-99,-99,none,-99,9.12
1990,SP,2,A,1,-99,-99,14,3.84,0.36,4.2,0,-99,-99,0,none,0,0,none,0,0,-99,-99,none,-99,7.71
1990,SP,2,A,2,-99,-99,15,3.48,0.3,3.78,0,-99,-99,0,none,0,0,none,0,0,-99,-99,none,-99,5.21
1990,SP,2,A,3,-99,-99,11,1.8,0.07,1.87,0,-99,-99,0,none,0,0,none,0,0,-99,-99,none,-99,4.66
1990,SP,2,A,4,-99,-99,26,5.04,0.26,5.3,0,-99,-99,0,none,0,0,none,0,0,-99,-99,none,-99,9.46
1990,SP,2,A,5,-99,-99,2,0.54,0.04,0.58,0,-99,-99,0,none,0,0,none,0,0,-99,-99,none,-99,15.83
1990,SP,2,A,6,-99,-99,17,3.32,0.07,3.39,0,-99,-99,0,none,0,0,none,0,0,-99,-99,none,-99,9.84
1990,SP,2,A,7,-99,-99,3,0.42,0.01,0.43,0,-99,-99,0,none,0,0,none,0,0,-99,-99,none,-99,15.93
1990,SP,2,A,8,-99,-99,13,2.68,0.23,2.91,0,-99,-99,0,none,0,0,none,0,0,-99,-99,none,-99,9.36
1990,SP,2,A,9,-99,-99,6,3.026,0.22,3.246,0,-99,-99,0,none,0,0,none,0,0,-99,-99,none,-99,43.083
1990,SP,2,A,10,-99,-99,18,3.48,0.19,3.67,0,-99,-99,0,none,0,0,none,0,0,-99,-99,none,-99,16.51
1990,SP,2,A,11,-99,-99,33,7.71,0.4,8.11,0,-99,-99,0,none,0,0,none,0,0,-99,-99,none,-99,23.07
1990,SP,2,A,12,-99,-99,9,1.84,0.15,1.99,0,-99,-99,0,none,0,0,none,0,0,-99,-99,none,-99,15.38
1990,SP,3,C,1,-99,-99,25,3.93,0.64,4.57,0,-99,-99,0,none,0,0,none,0,0,-99,-99,none,-99,6.33
1990,SP,3,C,2,-99,-99,24,3.84,0.4,4.24,0,-99,-99,0,none,0,0,none,0,0,-99,-99,none,-99,2.4
1990,SP,3,C,3,-99,-99,19,3.73,0.4,4.13,0,-99,-99,0,none,0,0,none,0,0,-99,-99,none,-99,4.36
1990,SP,3,C,4,-99,-99,13,2.87,0.53,3.4,0,-99,-99,0,none,0,0,none,0,0,-99,-99,none,-99,5.79
1990,SP,3,C,5,-99,-99,27,4.59,0.67,5.26,0,-99,-99,0,none,0,0,none,0,0,-99,-99,none,-99,3.1
1990,SP,3,C,6,-99,-99,32,4.93,0.91,5.84,0,-99,-99,0,none,0,0,none,0,0,-99,-99,none,-99,9.44
1990,SP,3,C,7,-99,-99,32,5.61,0.78,6.39,0,-99,-99,0,none,0,0,none,0,0,-99,-99,none,-99,3.9
1990,SP,3,C,8,-99,-99,6,1.46,0.2,1.66,0,-99,-99,0,none,0,0,none,0,0,-99,-99,none,-99,4.05
1990,SP,3,C,9,-99,-99,12,3.7,0.977,4.677,0,-99,-99,0,none,0,0,none,0,0,-99,-99,none,-99,15.417
1990,SP,3,C,10,-99,-99,26,4.34,0,4.34,0,-99,-99,0,none,0,0,none,0,0,-99,-99,none,-99,2.79
1990,SP,3,C,11,-99,-99,24,4.94,0.84,5.78,0,-99,-99,0,none,0,0,none,0,0,-99,-99,none,-99,7.04
1990,SP,3,C,12,-99,-99,20,3.85,0.54,4.39,0,-99,-99,0,none,0,0,none,0,0,-99,-99,none,-99,7.93
1990,SP,4,E,1,-99,-99,14,4.47,0.27,4.74,0,-99,-99,0,none,0,0,none,0,0,-99,-99,none,-99,10.38
1990,SP,4,E,2,-99,-99,7,2.05,0.14,2.19,0,-99,-99,0,none,0,0,none,0,0,-99,-99,none,-99,4.65
1990,SP,4,E,3,-99,-99,5,0.8,0.04,0.84,0,-99,-99,0,none,0,0,none,0,0,-99,-99,none,-99,5.23
1990,SP,4,E,4,-99,-99,24,5.43,0.16,5.59,0,-99,-99,0,none,0,0,none,0,0,-99,-99,none,-99,4.67
1990,SP,4,E,5,-99,-99,18,3.72,0.36,4.08,0,-99,-99,0,none,0,0,none,0,0,-99,-99,none,-99,10.28
1990,SP,4,E,6,-99,-99,9,2.8,0.2,3,0,-99,-99,0,none,0,0,none,0,0,-99,-99,none,-99,2.82
1990,SP,4,E,7,-99,-99,10,2.24,0.09,2.33,0,-99,-99,0,none,0,0,none,0,0,-99,-99,none,-99,3.75
1990,SP,4,E,8,-99,-99,8,2.2,0.1,2.3,0,-99,-99,0,none,0,0,none,0,0,-99,-99,none,-99,4.19
1990,SP,4,E,9,-99,-99,3,1.22,0.08,1.3,0,-99,-99,0,none,0,0,none,0,0,-99,-99,none,-99,6.28
1990,SP,4,E,10,-99,-99,24,4.97,0.41,5.38,0,-99,-99,0,none,0,0,none,0,0,-99,-99,none,-99,14.4
1990,SP,4,E,11,-99,-99,14,4.15,0.05,4.2,0,-99,-99,0,none,0,0,none,0,0,-99,-99,none,-99,3.18
1990,SP,4,E,12,-99,-99,14,2.7,0.34,3.04,0,-99,-99,0,none,0,0,none,0,0,-99,-99,none,-99,7.08
1990,SP,5,A,1,-99,-99,15,1.75,0.21,1.96,0,-99,-99,0,none,0,0,none,0,0,-99,-99,none,-99,21.42
1990,SP,5,A,2,-99,-99,8,3.37,0.11,3.48,0,-99,-99,0,none,0,0,none,0,0,-99,-99,none,-99,3.47
1990,SP,5,A,3,-99,-99,18,2.78,0.25,3.03,0,-99,-99,0,none,0,0,none,0,0,-99,-99,none,-99,8.56
1990,SP,5,A,4,-99,-99,18,3.18,0.31,3.49,0,-99,-99,0,none,0,0,none,0,0,-99,-99,none,-99,5.03
1990,SP,5,A,5,-99,-99,25,4.39,0.09,4.48,0,-99,-99,0,none,0,0,none,0,0,-99,-99,none,-99,6.49
1990,SP,5,A,6,-99,-99,14,3.27,0.36,3.63,0,-99,-99,0,none,0,0,none,0,0,-99,-99,none,-99,7.39
1990,SP,5,A,7,-99,-99,16,4.64,0.38,5.02,0,-99,-99,0,none,0,0,none,0,0,-99,-99,none,-99,7.6
1990,SP,5,A,8,-99,-99,4,1.08,0.08,1.16,0,-99,-99,0,none,0,0,none,0,0,-99,-99,none,-99,12.74
1990,SP,5,A,9,-99,-99,12,2.81,0.19,3,0,-99,-99,0,none,0,0,none,0,0,-99,-99,none,-99,13.04
1990,SP,5,A,10,-99,-99,15,2.85,0.24,3.09,0,-99,-99,0,none,0,0,none,0,0,-99,-99,none,-99,5.48
1990,SP,5,A,11,-99,-99,20,4.1,0.37,4.47,0,-99,-99,0,none,0,0,none,0,0,-99,-99,none,-99,10.93
1990,SP,5,A,12,-99,-99,5,1.09,0.07,1.16,0,-99,-99,0,none,0,0,none,0,0,-99,-99,none,-99,15.3
1990,SP,6,C,1,-99,-99,8,0.73,0,0.73,4,-99,-99,0.23,none,0,0,none,0,0,-99,-99,none,-99,3.03
1990,SP,6,C,2,-99,-99,10,1.32,0.25,1.57,0,-99,-99,0,none,0,0,none,0,0,-99,-99,none,-99,1.52
1990,SP,6,C,3,-99,-99,3,0.69,0,0.69,0,-99,-99,0,none,0,0,none,0,0,-99,-99,none,-99,7.82
1990,SP,6,C,4,-99,-99,9,1.73,0.25,1.98,1,-99,-99,0.214,none,0,0,none,0,0,-99,-99,none,-99,3.84
1990,SP,6,C,5,-99,-99,11,2.02,0,2.02,0,-99,-99,0,none,0,0,none,0,0,-99,-99,none,-99,5.18
1990,SP,6,C,6,-99,-99,12,3.26,0,3.26,0,-99,-99,0,none,0,0,none,0,0,-99,-99,none,-99,4.18
1990,SP,6,C,7,-99,-99,6,1.03,0.11,1.14,1,-99,-99,0.14,none,0,0,none,0,0,-99,-99,none,-99,5.33
1990,SP,6,C,8,-99,-99,18,3.31,0,3.31,0,-99,-99,0,none,0,0,none,0,0,-99,-99,none,-99,3.78
1990,SP,6,C,9,-99,-99,11,1.98,0,1.98,0,-99,-99,0,none,0,0,none,0,0,-99,-99,none,-99,6.65
1990,SP,6,C,10,-99,-99,10,1.81,0.12,1.93,0,-99,-99,0,none,0,0,none,0,0,-99,-99,none,-99,6.64
1990,SP,6,C,11,-99,-99,7,0.69,0,0.69,0,-99,-99,0,none,0,0,none,0,0,-99,-99,none,-99,2.99
1990,SP,6,C,12,-99,-99,18,2.19,0,2.19,0,-99,-99,0,none,0,0,none,0,0,-99,-99,none,-99,10.86
1990,SP,7,C,1,-99,-99,8,1.53,0.26,1.79,0,-99,-99,0,none,0,0,none,0,0,-99,-99,none,-99,1.92
1990,SP,7,C,2,-99,-99,20,3.33,0.7,4.03,0,-99,-99,0,none,0,0,none,0,0,-99,-99,none,-99,0
1990,SP,7,C,3,-99,-99,21,3.92,0,3.92,0,-99,-99,0,none,0,0,none,0,0,-99,-99,none,-99,6.99
1990,SP,7,C,4,-99,-99,19,2.41,0.34,2.75,0,-99,-99,0,none,0,0,none,0,0,-99,-99,none,-99,6.37
1990,SP,7,C,5,-99,-99,17,2.93,0,2.93,0,-99,-99,0,none,0,0,none,0,0,-99,-99,none,-99,5.61
1990,SP,7,C,6,-99,-99,8,1.19,0,1.19,0,-99,-99,0,none,0,0,none,0,0,-99,-99,none,-99,10.73
1990,SP,7,C,7,-99,-99,23,3.67,0.67,4.34,0,-99,-99,0,none,0,0,none,0,0,-99,-99,none,-99,3.66
1990,SP,7,C,8,-99,-99,28,5.32,0,5.32,0,-99,-99,0,none,0,0,none,0,0,-99,-99,none,-99,8.05
1990,SP,7,C,9,-99,-99,27,4.98,0,4.98,0,-99,-99,0,none,0,0,none,0,0,-99,-99,none,-99,3.25
1990,SP,7,C,10,-99,-99,27,3.01,0.65,3.66,0,-99,-99,0,none,0,0,none,0,0,-99,-99,none,-99,12.6
1990,SP,7,C,11,-99,-99,10,1.22,0,1.22,0,-99,-99,0,none,0,0,none,0,0,-99,-99,none,-99,5.5
1990,SP,7,C,12,-99,-99,12,2.76,0,2.76,0,-99,-99,0,none,0,0,none,0,0,-99,-99,none,-99,6.74
1990,SP,8,E,1,-99,-99,10,1.87,0.1,1.97,0,-99,-99,0,none,0,0,none,0,0,-99,-99,none,-99,12.71
1990,SP,8,E,2,-99,-99,18,3.12,0,3.12,0,-99,-99,0,none,0,0,none,0,0,-99,-99,none,-99,14.63
1990,SP,8,E,3,-99,-99,22,3.67,0,3.67,0,-99,-99,0,none,0,0,none,0,0,-99,-99,none,-99,4.48
1990,SP,8,E,4,-99,-99,20,3.2,0.33,3.53,0,-99,-99,0,none,0,0,none,0,0,-99,-99,none,-99,4.9
1990,SP,8,E,5,-99,-99,24,3.96,0,3.96,0,-99,-99,0,none,0,0,none,0,0,-99,-99,none,-99,4.2
1990,SP,8,E,6,-99,-99,25,1.67,0,1.67,0,-99,-99,0,none,0,0,none,0,0,-99,-99,none,-99,6.35
1990,SP,8,E,7,-99,-99,6,1.1,0,1.1,0,-99,-99,0,none,0,0,none,0,0,-99,-99,none,-99,9.73
1990,SP,8,E,8,-99,-99,28,3.64,0.26,3.9,0,-99,-99,0,none,0,0,none,0,0,-99,-99,none,-99,9.77
1990,SP,8,E,9,-99,-99,16,3.97,0,3.97,0,-99,-99,0,none,0,0,none,0,0,-99,-99,none,-99,0
1990,SP,8,E,10,-99,-99,12,1.52,0.13,1.65,0,-99,-99,0,none,0,0,none,0,0,-99,-99,none,-99,9.38
1990,SP,8,E,11,-99,-99,20,3.72,0,3.72,0,-99,-99,0,none,0,0,none,0,0,-99,-99,none,-99,2.05
1990,SP,8,E,12,-99,-99,11,1.826,0,1.826,0,-99,-99,0,none,0,0,none,0,0,-99,-99,none,-99,6.52
1990,SP,9,A,1,-99,-99,15,2.91,0.35,3.26,0,-99,-99,0,none,0,0,none,0,0,-99,-99,none,-99,2.59
1990,SP,9,A,2,-99,-99,17,2.53,0,2.53,0,-99,-99,0,none,0,0,none,0,0,-99,-99,none,-99,8.03
1990,SP,9,A,3,-99,-99,33,5.19,0,5.19,0,-99,-99,0,none,0,0,none,0,0,-99,-99,none,-99,3.68
1990,SP,9,A,4,-99,-99,19,4.07,0.48,4.55,0,-99,-99,0,none,0,0,none,0,0,-99,-99,none,-99,4.78
1990,SP,9,A,5,-99,-99,23,3.85,0,3.85,0,-99,-99,0,none,0,0,none,0,0,-99,-99,none,-99,8.46
1990,SP,9,A,6,-99,-99,13,2.58,0,2.58,0,-99,-99,0,none,0,0,none,0,0,-99,-99,none,-99,11.65
1990,SP,9,A,7,-99,-99,6,0.89,0,0.89,0,-99,-99,0,none,0,0,none,0,0,-99,-99,none,-99,9.2
1990,SP,9,A,8,-99,-99,17,3.28,0.36,3.64,0,-99,-99,0,none,0,0,none,0,0,-99,-99,none,-99,5.87
1990,SP,9,A,9,-99,-99,10,2.1,0,2.1,0,-99,-99,0,none,0,0,none,0,0,-99,-99,none,-99,2.79
1990,SP,9,A,10,-99,-99,8,1.69,0,1.69,0,-99,-99,0,none,0,0,none,0,0,-99,-99,none,-99,30.04
1990,SP,9,A,11,-99,-99,12,2,0.3,2.3,0,-99,-99,0,none,0,0,none,0,0,-99,-99,none,-99,41.56
1990,SP,9,A,12,-99,-99,14,2.08,0,2.08,0,-99,-99,0,none,0,0,none,0,0,-99,-99,none,-99,19.54
1990,SP,10,E,1,-99,-99,26,3.82,0.31,4.13,0,-99,-99,0,none,0,0,none,0,0,-99,-99,none,-99,8.87
1990,SP,10,E,2,-99,-99,10,2.07,0,2.07,0,-99,-99,0,none,0,0,none,0,0,-99,-99,none,-99,3.58
1990,SP,10,E,3,-99,-99,8,1.58,0,1.58,0,-99,-99,0,none,0,0,none,0,0,-99,-99,none,-99,4.51
1990,SP,10,E,4,-99,-99,14,2.15,0.19,2.34,0,-99,-99,0,none,0,0,none,0,0,-99,-99,none,-99,9.61
1990,SP,10,E,5,-99,-99,39,8.86,0,8.86,0,-99,-99,0,none,0,0,none,0,0,-99,-99,none,-99,11.43
1990,SP,10,E,6,-99,-99,24,4.3,0,4.3,0,-99,-99,0,none,0,0,none,0,0,-99,-99,none,-99,3.73
1990,SP,10,E,7,-99,-99,10,1,0.19,1.19,0,-99,-99,0,none,0,0,none,0,0,-99,-99,none,-99,9.2
1990,SP,10,E,8,-99,-99,11,2.56,0,2.56,0,-99,-99,0,none,0,0,none,0,0,-99,-99,none,-99,8.06
1990,SP,10,E,9,-99,-99,12,3.21,0,3.21,0,-99,-99,0,none,0,0,none,0,0,-99,-99,none,-99,7.49
1990,SP,10,E,10,-99,-99,15,2.47,0.45,2.92,0,-99,-99,0,none,0,0,none,0,0,-99,-99,none,-99,8.28
1990,SP,10,E,11,-99,-99,13,2.11,0,2.11,0,-99,-99,0,none,0,0,none,0,0,-99,-99,none,-99,26.76
1990,SP,10,E,12,-99,-99,22,5.15,0,5.15,0,-99,-99,0,none,0,0,none,0,0,-99,-99,none,-99,6.08
1990,SP,11,A,1,-99,-99,27,3.38,0.33,3.71,0,-99,-99,0,none,0,0,none,0,0,-99,-99,none,-99,1.84
1990,SP,11,A,2,-99,-99,21,4.2,0,4.2,0,-99,-99,0,none,0,0,none,0,0,-99,-99,none,-99,7.5
1990,SP,11,A,3,-99,-99,25,4.03,0,4.03,0,-99,-99,0,none,0,0,none,0,0,-99,-99,none,-99,4.63
1990,SP,11,A,4,-99,-99,17,2.39,0.29,2.68,0,-99,-99,0,none,0,0,none,0,0,-99,-99,none,-99,4.85
1990,SP,11,A,5,-99,-99,26,4.23,0,4.23,0,-99,-99,0,none,0,0,none,0,0,-99,-99,none,-99,6.77
1990,SP,11,A,6,-99,-99,42,7.95,0,7.95,0,-99,-99,0,none,0,0,none,0,0,-99,-99,none,-99,7.22
1990,SP,11,A,7,-99,-99,11,-99,0,-99,0,-99,-99,0,none,0,0,none,0,0,-99,-99,none,-99,0
1990,SP,11,A,8,-99,-99,42,7.6,0,7.6,0,-99,-99,0,none,0,0,none,0,0,-99,-99,none,-99,4.13
1990,SP,11,A,9,-99,-99,18,3.83,0,3.83,0,-99,-99,0,none,0,0,none,0,0,-99,-99,none,-99,8.59
1990,SP,11,A,10,-99,-99,15,2.93,0,2.93,0,-99,-99,0,none,0,0,none,0,0,-99,-99,none,-99,7.21
1990,SP,11,A,11,-99,-99,7,1.34,0,1.34,0,-99,-99,0,none,0,0,none,0,0,-99,-99,none,-99,9.69
1990,SP,11,A,12,-99,-99,21,-99,0,-99,0,-99,-99,0,none,0,0,none,0,0,-99,-99,none,-99,3.36
1990,SP,12,C,1,-99,-99,9,1.54,0,1.54,0,-99,-99,0,none,0,0,none,0,0,-99,-99,none,-99,5.02
1990,SP,12,C,2,-99,-99,20,2.23,0.49,2.72,0,-99,-99,0,none,0,0,none,0,0,-99,-99,none,-99,6.02
1990,SP,12,C,3,-99,-99,3,0.54,0,0.54,0,-99,-99,0,none,0,0,none,0,0,-99,-99,none,-99,4.86
1990,SP,12,C,4,-99,-99,22,3.04,0.69,3.73,0,-99,-99,0,none,0,0,none,0,0,-99,-99,none,-99,5.9
1990,SP,12,C,5,-99,-99,13,1.33,0.38,1.71,0,-99,-99,0,none,0,0,none,0,0,-99,-99,none,-99,13.99
1990,SP,12,C,6,-99,-99,13,1.8,0,1.8,0,-99,-99,0,none,0,0,none,0,0,-99,-99,none,-99,5.08
1990,SP,12,C,7,-99,-99,12,1.57,0.22,1.79,0,-99,-99,0,none,0,0,none,0,0,-99,-99,none,-99,4.03
1990,SP,12,C,8,-99,-99,7,1.15,0,1.15,0,-99,-99,0,none,0,0,none,0,0,-99,-99,none,-99,21.12
1990,SP,12,C,9,-99,-99,5,0.26,0,0.26,0,-99,-99,0,none,0,0,none,0,0,-99,-99,none,-99,10.09
1990,SP,12,C,10,-99,-99,2,0.11,0,0.11,0,-99,-99,0,none,0,0,none,0,0,-99,-99,none,-99,17.52
1990,SP,12,C,11,-99,-99,10,1.57,0.33,1.9,0,-99,-99,0,none,0,0,none,0,0,-99,-99,none,-99,5.62
1990,SP,12,C,12,-99,-99,7,0.6,0.12,0.72,0,-99,-99,0,none,0,0,none,0,0,-99,-99,none,-99,7.34
1990,SP,13,A,1,-99,-99,10,1.44,0.12,1.56,0,-99,-99,0,none,0,0,none,0,0,-99,-99,none,-99,5.54
1990,SP,13,A,2,-99,-99,15,2.21,0,2.21,0,-99,-99,0,none,0,0,none,0,0,-99,-99,none,-99,2.44
1990,SP,13,A,3,-99,-99,48,5.46,0,5.46,0,-99,-99,0,none,0,0,none,0,0,-99,-99,none,-99,2.23
1990,SP,13,A,4,-99,-99,25,2.53,0.33,2.86,0,-99,-99,0,none,0,0,none,0,0,-99,-99,none,-99,2.05
1990,SP,13,A,5,-99,-99,38,5.89,0,5.89,0,-99,-99,0,none,0,0,none,0,0,-99,-99,none,-99,6.39
1990,SP,13,A,6,-99,-99,25,2.9,0,2.9,0,-99,-99,0,none,0,0,none,0,0,-99,-99,none,-99,3.46
1990,SP,13,A,7,-99,-99,10,1.48,0.14,1.62,0,-99,-99,0,none,0,0,none,0,0,-99,-99,none,-99,5.32
1990,SP,13,A,8,-99,-99,18,2.41,0,2.41,0,-99,-99,0,none,0,0,none,0,0,-99,-99,none,-99,9.82
1990,SP,13,A,9,-99,-99,42,5.45,0,5.45,0,-99,-99,0,none,0,0,none,0,0,-99,-99,none,-99,5.36
1990,SP,13,A,10,-99,-99,14,1.89,0.26,2.15,0,-99,-99,0,none,0,0,none,0,0,-99,-99,none,-99,0.26
1990,SP,13,A,11,-99,-99,16,2.35,0,2.35,0,-99,-99,0,none,0,0,none,0,0,-99,-99,none,-99,1.05
1990,SP,13,A,12,-99,-99,20,3.31,0,3.31,0,-99,-99,0,none,0,0,none,0,0,-99,-99,none,-99,7.43
1990,SP,14,E,1,-99,-99,10,1.44,0.24,1.68,0,-99,-99,0,none,0,0,none,0,0,-99,-99,none,-99,16.42
1990,SP,14,E,2,-99,-99,6,0,0.94,0.94,0,-99,-99,0,none,0,0,none,0,0,-99,-99,none,-99,33.89
1990,SP,14,E,3,-99,-99,22,0,4.72,4.72,0,-99,-99,0,none,0,0,none,0,0,-99,-99,none,-99,26.86
1990,SP,14,E,4,-99,-99,25,3.28,0.41,3.69,0,-99,-99,0,none,0,0,none,0,0,-99,-99,none,-99,11.16
1990,SP,14,E,5,-99,-99,11,2.42,0,2.42,0,-99,-99,0,none,0,0,none,0,0,-99,-99,none,-99,4.06
1990,SP,14,E,6,-99,-99,11,1.66,0,1.66,0,-99,-99,0,none,0,0,none,0,0,-99,-99,none,-99,9.83
1990,SP,14,E,7,-99,-99,15,0,2.11,2.11,0,-99,-99,0,none,0,0,none,0,0,-99,-99,none,-99,14.39
1990,SP,14,E,8,-99,-99,23,4.95,0.9108,5.8608,0,-99,-99,0,none,0,0,none,0,0,-99,-99,none,-99,11.55
1990,SP,14,E,9,-99,-99,25,0,6.48,6.48,0,-99,-99,0,none,0,0,none,0,0,-99,-99,none,-99,12.18
1990,SP,14,E,10,-99,-99,16,2.92,0.62,3.54,0,-99,-99,0,none,0,0,none,0,0,-99,-99,none,-99,11.05
1990,SP,14,E,11,-99,-99,8,1.89,0,1.89,0,-99,-99,0,none,0,0,none,0,0,-99,-99,none,-99,7
1990,SP,14,E,12,-99,-99,7,0.96,0,0.96,0,-99,-99,0,none,0,0,none,0,0,-99,-99,none,-99,27.75
1990,SP,15,C,1,-99,-99,15,1.91,0.56,2.47,0,-99,-99,0,none,0,0,none,0,0,-99,-99,none,-99,9.84
1990,SP,15,C,2,-99,-99,3,0.42,0,0.42,0,-99,-99,0,none,0,0,none,0,0,-99,-99,none,-99,5.46
1990,SP,15,C,3,-99,-99,14,2.93,0,2.93,0,-99,-99,0,none,0,0,none,0,0,-99,-99,none,-99,2.7
1990,SP,15,C,4,-99,-99,10,1.72,0.59,2.31,0,-99,-99,0,none,0,0,none,0,0,-99,-99,none,-99,10.94
1990,SP,15,C,5,-99,-99,15,3,0,3,0,-99,-99,0,none,0,0,none,0,0,-99,-99,none,-99,13.85
1990,SP,15,C,6,-99,-99,4,0.69,0,0.69,0,-99,-99,0,none,0,0,none,0,0,-99,-99,none,-99,5.14
1990,SP,15,C,7,-99,-99,9,1.85,0.41,2.26,0,-99,-99,0,none,0,0,none,0,0,-99,-99,none,-99,7.2
1990,SP,15,C,8,-99,-99,5,1.11,0,1.11,0,-99,-99,0,none,0,0,none,0,0,-99,-99,none,-99,5.61
1990,SP,15,C,9,-99,-99,26,4.8,0,4.8,0,-99,-99,0,none,0,0,none,0,0,-99,-99,none,-99,8.06
1990,SP,15,C,10,-99,-99,20,3.02,0.97,3.99,0,-99,-99,0,none,0,0,none,0,0,-99,-99,none,-99,7.35
1990,SP,15,C,11,-99,-99,11,2.08,0,2.08,0,-99,-99,0,none,0,0,none,0,0,-99,-99,none,-99,9.49
1990,SP,15,C,12,-99,-99,15,1.36,0.58,1.94,0,-99,-99,0,none,0,0,none,0,0,-99,-99,none,-99,6.91
1990,SC,1,E,1,-99,-99,-99,-99,-99,-99,-99,-99,-99,-99,-99,-99,-99,-99,-99,-99,-99,-99,none,-99,-99
1990,SC,1,E,2,-99,-99,-99,-99,-99,-99,-99,-99,-99,-99,-99,-99,-99,-99,-99,-99,-99,-99,none,-99,-99
1990,SC,1,E,3,-99,-99,-99,-99,-99,-99,-99,-99,-99,-99,-99,-99,-99,-99,-99,-99,-99,-99,none,-99,-99
1990,SC,1,E,4,-99,-99,-99,-99,-99,-99,-99,-99,-99,-99,-99,-99,-99,-99,-99,-99,-99,-99,none,-99,-99
1990,SC,1,E,5,-99,-99,-99,-99,-99,-99,-99,-99,-99,-99,-99,-99,-99,-99,-99,-99,-99,-99,none,-99,-99
1990,SC,1,E,6,-99,-99,-99,-99,-99,-99,-99,-99,-99,-99,-99,-99,-99,-99,-99,-99,-99,-99,none,-99,-99
1990,SC,1,E,7,-99,-99,-99,-99,-99,-99,-99,-99,-99,-99,-99,-99,-99,-99,-99,-99,-99,-99,none,-99,-99
1990,SC,1,E,8,-99,-99,-99,-99,-99,-99,-99,-99,-99,-99,-99,-99,-99,-99,-99,-99,-99,-99,none,-99,-99
1990,SC,1,E,9,-99,-99,-99,-99,-99,-99,-99,-99,-99,-99,-99,-99,-99,-99,-99,-99,-99,-99,none,-99,-99
1990,SC,1,E,10,-99,-99,-99,-99,-99,-99,-99,-99,-99,-99,-99,-99,-99,-99,-99,-99,-99,-99,none,-99,-99
1990,SC,1,E,11,-99,-99,-99,-99,-99,-99,-99,-99,-99,-99,-99,-99,-99,-99,-99,-99,-99,-99,none,-99,-99
1990,SC,1,E,12,-99,-99,-99,-99,-99,-99,-99,-99,-99,-99,-99,-99,-99,-99,-99,-99,-99,-99,none,-99,-99
1990,SC,2,A,1,-99,-99,-99,-99,-99,-99,-99,-99,-99,-99,-99,-99,-99,-99,-99,-99,-99,-99,none,-99,-99
1990,SC,2,A,2,-99,-99,-99,-99,-99,-99,-99,-99,-99,-99,-99,-99,-99,-99,-99,-99,-99,-99,none,-99,-99
1990,SC,2,A,3,-99,-99,-99,-99,-99,-99,-99,-99,-99,-99,-99,-99,-99,-99,-99,-99,-99,-99,none,-99,-99
1990,SC,2,A,4,-99,-99,-99,-99,-99,-99,-99,-99,-99,-99,-99,-99,-99,-99,-99,-99,-99,-99,none,-99,-99
1990,SC,2,A,5,-99,-99,-99,-99,-99,-99,-99,-99,-99,-99,-99,-99,-99,-99,-99,-99,-99,-99,none,-99,-99
1990,SC,2,A,6,-99,-99,-99,-99,-99,-99,-99,-99,-99,-99,-99,-99,-99,-99,-99,-99,-99,-99,none,-99,-99
1990,SC,2,A,7,-99,-99,-99,-99,-99,-99,-99,-99,-99,-99,-99,-99,-99,-99,-99,-99,-99,-99,none,-99,-99
1990,SC,2,A,8,-99,-99,-99,-99,-99,-99,-99,-99,-99,-99,-99,-99,-99,-99,-99,-99,-99,-99,none,-99,-99
1990,SC,2,A,9,-99,-99,-99,-99,-99,-99,-99,-99,-99,-99,-99,-99,-99,-99,-99,-99,-99,-99,none,-99,-99
1990,SC,2,A,10,-99,-99,-99,-99,-99,-99,-99,-99,-99,-99,-99,-99,-99,-99,-99,-99,-99,-99,none,-99,-99
1990,SC,2,A,11,-99,-99,-99,-99,-99,-99,-99,-99,-99,-99,-99,-99,-99,-99,-99,-99,-99,-99,none,-99,-99
1990,SC,2,A,12,-99,-99,-99,-99,-99,-99,-99,-99,-99,-99,-99,-99,-99,-99,-99,-99,-99,-99,none,-99,-99
1990,SC,3,C,1,-99,-99,-99,-99,-99,-99,-99,-99,-99,-99,-99,-99,-99,-99,-99,-99,-99,-99,none,-99,-99
1990,SC,3,C,2,-99,-99,-99,-99,-99,-99,-99,-99,-99,-99,-99,-99,-99,-99,-99,-99,-99,-99,none,-99,-99
1990,SC,3,C,3,-99,-99,-99,-99,-99,-99,-99,-99,-99,-99,-99,-99,-99,-99,-99,-99,-99,-99,none,-99,-99
1990,SC,3,C,4,-99,-99,-99,-99,-99,-99,-99,-99,-99,-99,-99,-99,-99,-99,-99,-99,-99,-99,none,-99,-99
1990,SC,3,C,5,-99,-99,-99,-99,-99,-99,-99,-99,-99,-99,-99,-99,-99,-99,-99,-99,-99,-99,none,-99,-99
1990,SC,3,C,6,-99,-99,-99,-99,-99,-99,-99,-99,-99,-99,-99,-99,-99,-99,-99,-99,-99,-99,none,-99,-99
1990,SC,3,C,7,-99,-99,-99,-99,-99,-99,-99,-99,-99,-99,-99,-99,-99,-99,-99,-99,-99,-99,none,-99,-99
1990,SC,3,C,8,-99,-99,-99,-99,-99,-99,-99,-99,-99,-99,-99,-99,-99,-99,-99,-99,-99,-99,none,-99,-99
1990,SC,3,C,9,-99,-99,-99,-99,-99,-99,-99,-99,-99,-99,-99,-99,-99,-99,-99,-99,-99,-99,none,-99,-99
1990,SC,3,C,10,-99,-99,-99,-99,-99,-99,-99,-99,-99,-99,-99,-99,-99,-99,-99,-99,-99,-99,none,-99,-99
1990,SC,3,C,11,-99,-99,-99,-99,-99,-99,-99,-99,-99,-99,-99,-99,-99,-99,-99,-99,-99,-99,none,-99,-99
1990,SC,3,C,12,-99,-99,-99,-99,-99,-99,-99,-99,-99,-99,-99,-99,-99,-99,-99,-99,-99,-99,none,-99,-99
1990,SC,4,A,1,-99,-99,-99,-99,-99,-99,-99,-99,-99,-99,-99,-99,-99,-99,-99,-99,-99,-99,none,-99,-99
1990,SC,4,A,2,-99,-99,-99,-99,-99,-99,-99,-99,-99,-99,-99,-99,-99,-99,-99,-99,-99,-99,none,-99,-99
1990,SC,4,A,3,-99,-99,-99,-99,-99,-99,-99,-99,-99,-99,-99,-99,-99,-99,-99,-99,-99,-99,none,-99,-99
1990,SC,4,A,4,-99,-99,-99,-99,-99,-99,-99,-99,-99,-99,-99,-99,-99,-99,-99,-99,-99,-99,none,-99,-99
1990,SC,4,A,5,-99,-99,-99,-99,-99,-99,-99,-99,-99,-99,-99,-99,-99,-99,-99,-99,-99,-99,none,-99,-99
1990,SC,4,A,6,-99,-99,-99,-99,-99,-99,-99,-99,-99,-99,-99,-99,-99,-99,-99,-99,-99,-99,none,-99,-99
1990,SC,4,A,7,-99,-99,-99,-99,-99,-99,-99,-99,-99,-99,-99,-99,-99,-99,-99,-99,-99,-99,none,-99,-99
1990,SC,4,A,8,-99,-99,-99,-99,-99,-99,-99,-99,-99,-99,-99,-99,-99,-99,-99,-99,-99,-99,none,-99,-99
1990,SC,4,A,9,-99,-99,-99,-99,-99,-99,-99,-99,-99,-99,-99,-99,-99,-99,-99,-99,-99,-99,none,-99,-99
1990,SC,4,A,10,-99,-99,-99,-99,-99,-99,-99,-99,-99,-99,-99,-99,-99,-99,-99,-99,-99,-99,none,-99,-99
1990,SC,4,A,11,-99,-99,-99,-99,-99,-99,-99,-99,-99,-99,-99,-99,-99,-99,-99,-99,-99,-99,none,-99,-99
1990,SC,4,A,12,-99,-99,-99,-99,-99,-99,-99,-99,-99,-99,-99,-99,-99,-99,-99,-99,-99,-99,none,-99,-99
1990,SC,5,C,1,-99,-99,-99,-99,-99,-99,-99,-99,-99,-99,-99,-99,-99,-99,-99,-99,-99,-99,none,-99,-99
1990,SC,5,C,2,-99,-99,-99,-99,-99,-99,-99,-99,-99,-99,-99,-99,-99,-99,-99,-99,-99,-99,none,-99,-99
1990,SC,5,C,3,-99,-99,-99,-99,-99,-99,-99,-99,-99,-99,-99,-99,-99,-99,-99,-99,-99,-99,none,-99,-99
1990,SC,5,C,4,-99,-99,-99,-99,-99,-99,-99,-99,-99,-99,-99,-99,-99,-99,-99,-99,-99,-99,none,-99,-99
1990,SC,5,C,5,-99,-99,-99,-99,-99,-99,-99,-99,-99,-99,-99,-99,-99,-99,-99,-99,-99,-99,none,-99,-99
1990,SC,5,C,6,-99,-99,-99,-99,-99,-99,-99,-99,-99,-99,-99,-99,-99,-99,-99,-99,-99,-99,none,-99,-99
1990,SC,5,C,7,-99,-99,-99,-99,-99,-99,-99,-99,-99,-99,-99,-99,-99,-99,-99,-99,-99,-99,none,-99,-99
1990,SC,5,C,8,-99,-99,-99,-99,-99,-99,-99,-99,-99,-99,-99,-99,-99,-99,-99,-99,-99,-99,none,-99,-99
1990,SC,5,C,9,-99,-99,-99,-99,-99,-99,-99,-99,-99,-99,-99,-99,-99,-99,-99,-99,-99,-99,none,-99,-99
1990,SC,5,C,10,-99,-99,-99,-99,-99,-99,-99,-99,-99,-99,-99,-99,-99,-99,-99,-99,-99,-99,none,-99,-99
1990,SC,5,C,11,-99,-99,-99,-99,-99,-99,-99,-99,-99,-99,-99,-99,-99,-99,-99,-99,-99,-99,none,-99,-99
1990,SC,5,C,12,-99,-99,-99,-99,-99,-99,-99,-99,-99,-99,-99,-99,-99,-99,-99,-99,-99,-99,none,-99,-99
1990,SC,6,E,1,-99,-99,-99,-99,-99,-99,-99,-99,-99,-99,-99,-99,-99,-99,-99,-99,-99,-99,none,-99,-99
1990,SC,6,E,2,-99,-99,-99,-99,-99,-99,-99,-99,-99,-99,-99,-99,-99,-99,-99,-99,-99,-99,none,-99,-99
1990,SC,6,E,3,-99,-99,-99,-99,-99,-99,-99,-99,-99,-99,-99,-99,-99,-99,-99,-99,-99,-99,none,-99,-99
1990,SC,6,E,4,-99,-99,-99,-99,-99,-99,-99,-99,-99,-99,-99,-99,-99,-99,-99,-99,-99,-99,none,-99,-99
1990,SC,6,E,5,-99,-99,-99,-99,-99,-99,-99,-99,-99,-99,-99,-99,-99,-99,-99,-99,-99,-99,none,-99,-99
1990,SC,6,E,6,-99,-99,-99,-99,-99,-99,-99,-99,-99,-99,-99,-99,-99,-99,-99,-99,-99,-99,none,-99,-99
1990,SC,6,E,7,-99,-99,-99,-99,-99,-99,-99,-99,-99,-99,-99,-99,-99,-99,-99,-99,-99,-99,none,-99,-99
1990,SC,6,E,8,-99,-99,-99,-99,-99,-99,-99,-99,-99,-99,-99,-99,-99,-99,-99,-99,-99,-99,none,-99,-99
1990,SC,6,E,9,-99,-99,-99,-99,-99,-99,-99,-99,-99,-99,-99,-99,-99,-99,-99,-99,-99,-99,none,-99,-99
1990,SC,6,E,10,-99,-99,-99,-99,-99,-99,-99,-99,-99,-99,-99,-99,-99,-99,-99,-99,-99,-99,none,-99,-99
1990,SC,6,E,11,-99,-99,-99,-99,-99,-99,-99,-99,-99,-99,-99,-99,-99,-99,-99,-99,-99,-99,none,-99,-99
1990,SC,6,E,12,-99,-99,-99,-99,-99,-99,-99,-99,-99,-99,-99,-99,-99,-99,-99,-99,-99,-99,none,-99,-99
1990,SC,7,C,1,-99,-99,-99,-99,-99,-99,-99,-99,-99,-99,-99,-99,-99,-99,-99,-99,-99,-99,none,-99,-99
1990,SC,7,C,2,-99,-99,-99,-99,-99,-99,-99,-99,-99,-99,-99,-99,-99,-99,-99,-99,-99,-99,none,-99,-99
1990,SC,7,C,3,-99,-99,-99,-99,-99,-99,-99,-99,-99,-99,-99,-99,-99,-99,-99,-99,-99,-99,none,-99,-99
1990,SC,7,C,4,-99,-99,-99,-99,-99,-99,-99,-99,-99,-99,-99,-99,-99,-99,-99,-99,-99,-99,none,-99,-99
1990,SC,7,C,5,-99,-99,-99,-99,-99,-99,-99,-99,-99,-99,-99,-99,-99,-99,-99,-99,-99,-99,none,-99,-99
1990,SC,7,C,6,-99,-99,-99,-99,-99,-99,-99,-99,-99,-99,-99,-99,-99,-99,-99,-99,-99,-99,none,-99,-99
1990,SC,7,C,7,-99,-99,-99,-99,-99,-99,-99,-99,-99,-99,-99,-99,-99,-99,-99,-99,-99,-99,none,-99,-99
1990,SC,7,C,8,-99,-99,-99,-99,-99,-99,-99,-99,-99,-99,-99,-99,-99,-99,-99,-99,-99,-99,none,-99,-99
1990,SC,7,C,9,-99,-99,-99,-99,-99,-99,-99,-99,-99,-99,-99,-99,-99,-99,-99,-99,-99,-99,none,-99,-99
1990,SC,7,C,10,-99,-99,-99,-99,-99,-99,-99,-99,-99,-99,-99,-99,-99,-99,-99,-99,-99,-99,none,-99,-99
1990,SC,7,C,11,-99,-99,-99,-99,-99,-99,-99,-99,-99,-99,-99,-99,-99,-99,-99,-99,-99,-99,none,-99,-99
1990,SC,7,C,12,-99,-99,-99,-99,-99,-99,-99,-99,-99,-99,-99,-99,-99,-99,-99,-99,-99,-99,none,-99,-99
1990,SC,8,A,1,-99,-99,-99,-99,-99,-99,-99,-99,-99,-99,-99,-99,-99,-99,-99,-99,-99,-99,none,-99,-99
1990,SC,8,A,2,-99,-99,-99,-99,-99,-99,-99,-99,-99,-99,-99,-99,-99,-99,-99,-99,-99,-99,none,-99,-99
1990,SC,8,A,3,-99,-99,-99,-99,-99,-99,-99,-99,-99,-99,-99,-99,-99,-99,-99,-99,-99,-99,none,-99,-99
1990,SC,8,A,4,-99,-99,-99,-99,-99,-99,-99,-99,-99,-99,-99,-99,-99,-99,-99,-99,-99,-99,none,-99,-99
1990,SC,8,A,5,-99,-99,-99,-99,-99,-99,-99,-99,-99,-99,-99,-99,-99,-99,-99,-99,-99,-99,none,-99,-99
1990,SC,8,A,6,-99,-99,-99,-99,-99,-99,-99,-99,-99,-99,-99,-99,-99,-99,-99,-99,-99,-99,none,-99,-99
1990,SC,8,A,7,-99,-99,-99,-99,-99,-99,-99,-99,-99,-99,-99,-99,-99,-99,-99,-99,-99,-99,none,-99,-99
1990,SC,8,A,8,-99,-99,-99,-99,-99,-99,-99,-99,-99,-99,-99,-99,-99,-99,-99,-99,-99,-99,none,-99,-99
1990,SC,8,A,9,-99,-99,-99,-99,-99,-99,-99,-99,-99,-99,-99,-99,-99,-99,-99,-99,-99,-99,none,-99,-99
1990,SC,8,A,10,-99,-99,-99,-99,-99,-99,-99,-99,-99,-99,-99,-99,-99,-99,-99,-99,-99,-99,none,-99,-99
1990,SC,8,A,11,-99,-99,-99,-99,-99,-99,-99,-99,-99,-99,-99,-99,-99,-99,-99,-99,-99,-99,none,-99,-99
1990,SC,8,A,12,-99,-99,-99,-99,-99,-99,-99,-99,-99,-99,-99,-99,-99,-99,-99,-99,-99,-99,none,-99,-99
1990,SC,9,E,1,-99,-99,-99,-99,-99,-99,-99,-99,-99,-99,-99,-99,-99,-99,-99,-99,-99,-99,none,-99,-99
1990,SC,9,E,2,-99,-99,-99,-99,-99,-99,-99,-99,-99,-99,-99,-99,-99,-99,-99,-99,-99,-99,none,-99,-99
1990,SC,9,E,3,-99,-99,-99,-99,-99,-99,-99,-99,-99,-99,-99,-99,-99,-99,-99,-99,-99,-99,none,-99,-99
1990,SC,9,E,4,-99,-99,-99,-99,-99,-99,-99,-99,-99,-99,-99,-99,-99,-99,-99,-99,-99,-99,none,-99,-99
1990,SC,9,E,5,-99,-99,-99,-99,-99,-99,-99,-99,-99,-99,-99,-99,-99,-99,-99,-99,-99,-99,none,-99,-99
1990,SC,9,E,6,-99,-99,-99,-99,-99,-99,-99,-99,-99,-99,-99,-99,-99,-99,-99,-99,-99,-99,none,-99,-99
1990,SC,9,E,7,-99,-99,-99,-99,-99,-99,-99,-99,-99,-99,-99,-99,-99,-99,-99,-99,-99,-99,none,-99,-99
1990,SC,9,E,8,-99,-99,-99,-99,-99,-99,-99,-99,-99,-99,-99,-99,-99,-99,-99,-99,-99,-99,none,-99,-99
1990,SC,9,E,9,-99,-99,-99,-99,-99,-99,-99,-99,-99,-99,-99,-99,-99,-99,-99,-99,-99,-99,none,-99,-99
1990,SC,9,E,10,-99,-99,-99,-99,-99,-99,-99,-99,-99,-99,-99,-99,-99,-99,-99,-99,-99,-99,none,-99,-99
1990,SC,9,E,11,-99,-99,-99,-99,-99,-99,-99,-99,-99,-99,-99,-99,-99,-99,-99,-99,-99,-99,none,-99,-99
1990,SC,9,E,12,-99,-99,-99,-99,-99,-99,-99,-99,-99,-99,-99,-99,-99,-99,-99,-99,-99,-99,none,-99,-99
1990,SC,10,E,1,-99,-99,-99,-99,-99,-99,-99,-99,-99,-99,-99,-99,-99,-99,-99,-99,-99,-99,none,-99,-99
1990,SC,10,E,2,-99,-99,-99,-99,-99,-99,-99,-99,-99,-99,-99,-99,-99,-99,-99,-99,-99,-99,none,-99,-99
1990,SC,10,E,3,-99,-99,-99,-99,-99,-99,-99,-99,-99,-99,-99,-99,-99,-99,-99,-99,-99,-99,none,-99,-99
1990,SC,10,E,4,-99,-99,-99,-99,-99,-99,-99,-99,-99,-99,-99,-99,-99,-99,-99,-99,-99,-99,none,-99,-99
1990,SC,10,E,5,-99,-99,-99,-99,-99,-99,-99,-99,-99,-99,-99,-99,-99,-99,-99,-99,-99,-99,none,-99,-99
1990,SC,10,E,6,-99,-99,-99,-99,-99,-99,-99,-99,-99,-99,-99,-99,-99,-99,-99,-99,-99,-99,none,-99,-99
1990,SC,10,E,7,-99,-99,-99,-99,-99,-99,-99,-99,-99,-99,-99,-99,-99,-99,-99,-99,-99,-99,none,-99,-99
1990,SC,10,E,8,-99,-99,-99,-99,-99,-99,-99,-99,-99,-99,-99,-99,-99,-99,-99,-99,-99,-99,none,-99,-99
1990,SC,10,E,9,-99,-99,-99,-99,-99,-99,-99,-99,-99,-99,-99,-99,-99,-99,-99,-99,-99,-99,none,-99,-99
1990,SC,10,E,10,-99,-99,-99,-99,-99,-99,-99,-99,-99,-99,-99,-99,-99,-99,-99,-99,-99,-99,none,-99,-99
1990,SC,10,E,11,-99,-99,-99,-99,-99,-99,-99,-99,-99,-99,-99,-99,-99,-99,-99,-99,-99,-99,none,-99,-99
1990,SC,10,E,12,-99,-99,-99,-99,-99,-99,-99,-99,-99,-99,-99,-99,-99,-99,-99,-99,-99,-99,none,-99,-99
1990,SC,11,C,1,-99,-99,-99,-99,-99,-99,-99,-99,-99,-99,-99,-99,-99,-99,-99,-99,-99,-99,none,-99,-99
1990,SC,11,C,2,-99,-99,-99,-99,-99,-99,-99,-99,-99,-99,-99,-99,-99,-99,-99,-99,-99,-99,none,-99,-99
1990,SC,11,C,3,-99,-99,-99,-99,-99,-99,-99,-99,-99,-99,-99,-99,-99,-99,-99,-99,-99,-99,none,-99,-99
1990,SC,11,C,4,-99,-99,-99,-99,-99,-99,-99,-99,-99,-99,-99,-99,-99,-99,-99,-99,-99,-99,none,-99,-99
1990,SC,11,C,5,-99,-99,-99,-99,-99,-99,-99,-99,-99,-99,-99,-99,-99,-99,-99,-99,-99,-99,none,-99,-99
1990,SC,11,C,6,-99,-99,-99,-99,-99,-99,-99,-99,-99,-99,-99,-99,-99,-99,-99,-99,-99,-99,none,-99,-99
1990,SC,11,C,7,-99,-99,-99,-99,-99,-99,-99,-99,-99,-99,-99,-99,-99,-99,-99,-99,-99,-99,none,-99,-99
1990,SC,11,C,8,-99,-99,-99,-99,-99,-99,-99,-99,-99,-99,-99,-99,-99,-99,-99,-99,-99,-99,none,-99,-99
1990,SC,11,C,9,-99,-99,-99,-99,-99,-99,-99,-99,-99,-99,-99,-99,-99,-99,-99,-99,-99,-99,none,-99,-99
1990,SC,11,C,10,-99,-99,-99,-99,-99,-99,-99,-99,-99,-99,-99,-99,-99,-99,-99,-99,-99,-99,none,-99,-99
1990,SC,11,C,11,-99,-99,-99,-99,-99,-99,-99,-99,-99,-99,-99,-99,-99,-99,-99,-99,-99,-99,none,-99,-99
1990,SC,11,C,12,-99,-99,-99,-99,-99,-99,-99,-99,-99,-99,-99,-99,-99,-99,-99,-99,-99,-99,none,-99,-99
1990,SC,12,A,1,-99,-99,-99,-99,-99,-99,-99,-99,-99,-99,-99,-99,-99,-99,-99,-99,-99,-99,none,-99,-99
1990,SC,12,A,2,-99,-99,-99,-99,-99,-99,-99,-99,-99,-99,-99,-99,-99,-99,-99,-99,-99,-99,none,-99,-99
1990,SC,12,A,3,-99,-99,-99,-99,-99,-99,-99,-99,-99,-99,-99,-99,-99,-99,-99,-99,-99,-99,none,-99,-99
1990,SC,12,A,4,-99,-99,-99,-99,-99,-99,-99,-99,-99,-99,-99,-99,-99,-99,-99,-99,-99,-99,none,-99,-99
1990,SC,12,A,5,-99,-99,-99,-99,-99,-99,-99,-99,-99,-99,-99,-99,-99,-99,-99,-99,-99,-99,none,-99,-99
1990,SC,12,A,6,-99,-99,-99,-99,-99,-99,-99,-99,-99,-99,-99,-99,-99,-99,-99,-99,-99,-99,none,-99,-99
1990,SC,12,A,7,-99,-99,-99,-99,-99,-99,-99,-99,-99,-99,-99,-99,-99,-99,-99,-99,-99,-99,none,-99,-99
1990,SC,12,A,8,-99,-99,-99,-99,-99,-99,-99,-99,-99,-99,-99,-99,-99,-99,-99,-99,-99,-99,none,-99,-99
1990,SC,12,A,9,-99,-99,-99,-99,-99,-99,-99,-99,-99,-99,-99,-99,-99,-99,-99,-99,-99,-99,none,-99,-99
1990,SC,12,A,10,-99,-99,-99,-99,-99,-99,-99,-99,-99,-99,-99,-99,-99,-99,-99,-99,-99,-99,none,-99,-99
1990,SC,12,A,11,-99,-99,-99,-99,-99,-99,-99,-99,-99,-99,-99,-99,-99,-99,-99,-99,-99,-99,none,-99,-99
1990,SC,12,A,12,-99,-99,-99,-99,-99,-99,-99,-99,-99,-99,-99,-99,-99,-99,-99,-99,-99,-99,none,-99,-99
1990,SC,13,C,1,-99,-99,-99,-99,-99,-99,-99,-99,-99,-99,-99,-99,-99,-99,-99,-99,-99,-99,none,-99,-99
1990,SC,13,C,2,-99,-99,-99,-99,-99,-99,-99,-99,-99,-99,-99,-99,-99,-99,-99,-99,-99,-99,none,-99,-99
1990,SC,13,C,3,-99,-99,-99,-99,-99,-99,-99,-99,-99,-99,-99,-99,-99,-99,-99,-99,-99,-99,none,-99,-99
1990,SC,13,C,4,-99,-99,-99,-99,-99,-99,-99,-99,-99,-99,-99,-99,-99,-99,-99,-99,-99,-99,none,-99,-99
1990,SC,13,C,5,-99,-99,-99,-99,-99,-99,-99,-99,-99,-99,-99,-99,-99,-99,-99,-99,-99,-99,none,-99,-99
1990,SC,13,C,6,-99,-99,-99,-99,-99,-99,-99,-99,-99,-99,-99,-99,-99,-99,-99,-99,-99,-99,none,-99,-99
1990,SC,13,C,7,-99,-99,-99,-99,-99,-99,-99,-99,-99,-99,-99,-99,-99,-99,-99,-99,-99,-99,none,-99,-99
1990,SC,13,C,8,-99,-99,-99,-99,-99,-99,-99,-99,-99,-99,-99,-99,-99,-99,-99,-99,-99,-99,none,-99,-99
1990,SC,13,C,9,-99,-99,-99,-99,-99,-99,-99,-99,-99,-99,-99,-99,-99,-99,-99,-99,-99,-99,none,-99,-99
1990,SC,13,C,10,-99,-99,-99,-99,-99,-99,-99,-99,-99,-99,-99,-99,-99,-99,-99,-99,-99,-99,none,-99,-99
1990,SC,13,C,11,-99,-99,-99,-99,-99,-99,-99,-99,-99,-99,-99,-99,-99,-99,-99,-99,-99,-99,none,-99,-99
1990,SC,13,C,12,-99,-99,-99,-99,-99,-99,-99,-99,-99,-99,-99,-99,-99,-99,-99,-99,-99,-99,none,-99,-99
1990,SC,14,E,1,-99,-99,-99,-99,-99,-99,-99,-99,-99,-99,-99,-99,-99,-99,-99,-99,-99,-99,none,-99,-99
1990,SC,14,E,2,-99,-99,-99,-99,-99,-99,-99,-99,-99,-99,-99,-99,-99,-99,-99,-99,-99,-99,none,-99,-99
1990,SC,14,E,3,-99,-99,-99,-99,-99,-99,-99,-99,-99,-99,-99,-99,-99,-99,-99,-99,-99,-99,none,-99,-99
1990,SC,14,E,4,-99,-99,-99,-99,-99,-99,-99,-99,-99,-99,-99,-99,-99,-99,-99,-99,-99,-99,none,-99,-99
1990,SC,14,E,5,-99,-99,-99,-99,-99,-99,-99,-99,-99,-99,-99,-99,-99,-99,-99,-99,-99,-99,none,-99,-99
1990,SC,14,E,6,-99,-99,-99,-99,-99,-99,-99,-99,-99,-99,-99,-99,-99,-99,-99,-99,-99,-99,none,-99,-99
1990,SC,14,E,7,-99,-99,-99,-99,-99,-99,-99,-99,-99,-99,-99,-99,-99,-99,-99,-99,-99,-99,none,-99,-99
1990,SC,14,E,8,-99,-99,-99,-99,-99,-99,-99,-99,-99,-99,-99,-99,-99,-99,-99,-99,-99,-99,none,-99,-99
1990,SC,14,E,9,-99,-99,-99,-99,-99,-99,-99,-99,-99,-99,-99,-99,-99,-99,-99,-99,-99,-99,none,-99,-99
1990,SC,14,E,10,-99,-99,-99,-99,-99,-99,-99,-99,-99,-99,-99,-99,-99,-99,-99,-99,-99,-99,none,-99,-99
1990,SC,14,E,11,-99,-99,-99,-99,-99,-99,-99,-99,-99,-99,-99,-99,-99,-99,-99,-99,-99,-99,none,-99,-99
1990,SC,14,E,12,-99,-99,-99,-99,-99,-99,-99,-99,-99,-99,-99,-99,-99,-99,-99,-99,-99,-99,none,-99,-99
1990,SC,15,A,1,-99,-99,-99,-99,-99,-99,-99,-99,-99,-99,-99,-99,-99,-99,-99,-99,-99,-99,none,-99,-99
1990,SC,15,A,2,-99,-99,-99,-99,-99,-99,-99,-99,-99,-99,-99,-99,-99,-99,-99,-99,-99,-99,none,-99,-99
1990,SC,15,A,3,-99,-99,-99,-99,-99,-99,-99,-99,-99,-99,-99,-99,-99,-99,-99,-99,-99,-99,none,-99,-99
1990,SC,15,A,4,-99,-99,-99,-99,-99,-99,-99,-99,-99,-99,-99,-99,-99,-99,-99,-99,-99,-99,none,-99,-99
1990,SC,15,A,5,-99,-99,-99,-99,-99,-99,-99,-99,-99,-99,-99,-99,-99,-99,-99,-99,-99,-99,none,-99,-99
1990,SC,15,A,6,-99,-99,-99,-99,-99,-99,-99,-99,-99,-99,-99,-99,-99,-99,-99,-99,-99,-99,none,-99,-99
1990,SC,15,A,7,-99,-99,-99,-99,-99,-99,-99,-99,-99,-99,-99,-99,-99,-99,-99,-99,-99,-99,none,-99,-99
1990,SC,15,A,8,-99,-99,-99,-99,-99,-99,-99,-99,-99,-99,-99,-99,-99,-99,-99,-99,-99,-99,none,-99,-99
1990,SC,15,A,9,-99,-99,-99,-99,-99,-99,-99,-99,-99,-99,-99,-99,-99,-99,-99,-99,-99,-99,none,-99,-99
1990,SC,15,A,10,-99,-99,-99,-99,-99,-99,-99,-99,-99,-99,-99,-99,-99,-99,-99,-99,-99,-99,none,-99,-99
1990,SC,15,A,11,-99,-99,-99,-99,-99,-99,-99,-99,-99,-99,-99,-99,-99,-99,-99,-99,-99,-99,none,-99,-99
1990,SC,15,A,12,-99,-99,-99,-99,-99,-99,-99,-99,-99,-99,-99,-99,-99,-99,-99,-99,-99,-99,none,-99,-99
1990,MX,1,E,1,-99,-99,1,0.064,0,0.064,9,1.72,0.18,1.9,-99,-99,-99,-99,-99,-99,-99,-99,none,-99,3.93
1990,MX,1,E,2,-99,-99,0,0,0,0,2,0.1,0,0.1,-99,-99,-99,-99,-99,-99,-99,-99,none,-99,5.15
1990,MX,1,E,3,-99,-99,0,0,0,0,11,1.85,0,1.85,-99,-99,-99,-99,-99,-99,-99,-99,none,-99,10.96
1990,MX,1,E,4,-99,-99,4,1.56,0.11,1.67,8,1.91,0.13,2.04,-99,-99,-99,-99,-99,-99,-99,-99,none,-99,5.07
1990,MX,1,E,5,-99,-99,0,0,0,0,19,2.27,0,2.27,-99,-99,-99,-99,-99,-99,-99,-99,none,-99,6.85
1990,MX,1,E,6,-99,-99,0,0,0,0,5,1.22,0,1.22,-99,-99,-99,-99,-99,-99,-99,-99,none,-99,5.35
1990,MX,1,E,7,-99,-99,0,0,0,0,8,1.4328,0.09,1.5228,-99,-99,-99,-99,-99,-99,-99,-99,none,-99,4.11
1990,MX,1,E,8,-99,-99,0,0,0,0,7,0.68,0,0.68,-99,-99,-99,-99,-99,-99,-99,-99,none,-99,6.6
1990,MX,1,E,9,-99,-99,0,0,0,0,4,0.36,0.11,0.47,-99,-99,-99,-99,-99,-99,-99,-99,none,-99,3.58
1990,MX,1,E,10,-99,-99,0,0,0,0,8,1.73,0.25,1.98,-99,-99,-99,-99,-99,-99,-99,-99,none,-99,8.56
1990,MX,1,E,11,-99,-99,0,0,0,0,19,2.21,0,2.21,-99,-99,-99,-99,-99,-99,-99,-99,none,-99,12.23
1990,MX,1,E,12,-99,-99,0,0,0,0,12,3.31,0,3.31,-99,-99,-99,-99,-99,-99,-99,-99,none,-99,6.58
1990,MX,2,A,1,-99,-99,11,2.29,0,2.29,1,0.26,0,0.26,-99,-99,-99,-99,-99,-99,-99,-99,none,-99,4.37
1990,MX,2,A,2,-99,-99,11,1.87,0.16,2.03,13,1.62,0.33,1.95,-99,-99,-99,-99,-99,-99,-99,-99,none,-99,3.87
1990,MX,2,A,3,-99,-99,15,2.57,0,2.57,5,0.63,0,0.63,-99,-99,-99,-99,-99,-99,-99,-99,none,-99,6.18
1990,MX,2,A,4,-99,-99,0,0,0,0,3,0.72,0,0.72,-99,-99,-99,-99,-99,-99,-99,-99,none,-99,17.65
1990,MX,2,A,5,-99,-99,2,0.52,0,0.52,5,0.74,0,0.74,-99,-99,-99,-99,-99,-99,-99,-99,none,-99,2.69
1990,MX,2,A,6,-99,-99,7,2.26,0.21,2.47,12,2.99,0.18,3.17,-99,-99,-99,-99,-99,-99,-99,-99,none,-99,9.52
1990,MX,2,A,7,-99,-99,3,0.61,0.02,0.63,7,1.68,0.11,1.79,-99,-99,-99,-99,-99,-99,-99,-99,none,-99,4.31
1990,MX,2,A,8,-99,-99,0,0,0,0,4,0.27,0,0.27,-99,-99,-99,-99,-99,-99,-99,-99,none,-99,7.21
1990,MX,2,A,9,-99,-99,0,0,0,0,6,1.23,0,1.23,-99,-99,-99,-99,-99,-99,-99,-99,none,-99,7.48
1990,MX,2,A,10,-99,-99,2,0.38,0.03,0.41,2,0.49,0.05,0.54,-99,-99,-99,-99,-99,-99,-99,-99,none,-99,6.16
1990,MX,2,A,11,-99,-99,8,1.57,0,1.57,8,1.26,0,1.26,-99,-99,-99,-99,-99,-99,-99,-99,none,-99,8.52
1990,MX,2,A,12,-99,-99,5,1.15,0,1.15,12,1.99,0,1.99,-99,-99,-99,-99,-99,-99,-99,-99,none,-99,6.54
1990,MX,3,C,1,-99,-99,10,1.49,0,1.49,1,0.15,0,0.15,-99,-99,-99,-99,-99,-99,-99,-99,none,-99,2.75
1990,MX,3,C,2,-99,-99,17,2.71,0,2.71,4,0.25,0,0.25,-99,-99,-99,-99,-99,-99,-99,-99,none,-99,2.84
1990,MX,3,C,3,-99,-99,11,1.23,0.73,1.96,9,0.9,0.22,1.12,-99,-99,-99,-99,-99,-99,-99,-99,none,-99,3.22
1990,MX,3,C,4,-99,-99,13,2.31,0,2.31,4,0.46,0,0.46,-99,-99,-99,-99,-99,-99,-99,-99,none,-99,4.75
1990,MX,3,C,5,-99,-99,11,1.3,0,1.3,4,0.39,0,0.39,-99,-99,-99,-99,-99,-99,-99,-99,none,-99,4.02
1990,MX,3,C,6,-99,-99,12,2.05,0.51,2.56,7,1.48,0.39,1.87,-99,-99,-99,-99,-99,-99,-99,-99,none,-99,1
1990,MX,3,C,7,-99,-99,3,0.38,0,0.38,2,0.46,0,0.46,-99,-99,-99,-99,-99,-99,-99,-99,none,-99,4.45
1990,MX,3,C,8,-99,-99,7,0.69,0,0.69,2,1.17,0,1.17,-99,-99,-99,-99,-99,-99,-99,-99,none,-99,5.4
1990,MX,3,C,9,-99,-99,1,0.06,0.005,0.065,10,2.71,0.36,3.07,-99,-99,-99,-99,-99,-99,-99,-99,none,-99,8.2
1990,MX,3,C,10,-99,-99,3,0.23,0,0.23,3,0.31,0,0.31,-99,-99,-99,-99,-99,-99,-99,-99,none,-99,1.32
1990,MX,3,C,11,-99,-99,4,0.87,0,0.87,6,0.89,0,0.89,-99,-99,-99,-99,-99,-99,-99,-99,none,-99,3.27
1990,MX,3,C,12,-99,-99,10,1.75,0.3,2.05,6,0.7,0.18,0.88,-99,-99,-99,-99,-99,-99,-99,-99,none,-99,4.58
1990,MX,4,E,1,-99,-99,7,1.51,0.07,1.58,1,0.32,0.01,0.33,-99,-99,-99,-99,-99,-99,-99,-99,none,-99,8.89
1990,MX,4,E,2,-99,-99,2,0.06,0,0.06,2,0.21,0,0.21,-99,-99,-99,-99,-99,-99,-99,-99,none,-99,4.42
1990,MX,4,E,3,-99,-99,4,0.71,0,0.71,8,2.08,0,2.08,-99,-99,-99,-99,-99,-99,-99,-99,none,-99,4.69
1990,MX,4,E,4,-99,-99,7,1.733,0.04,1.773,1,0.3521,0.0088,0.3609,-99,-99,-99,-99,-99,-99,-99,-99,none,-99,4.65
1990,MX,4,E,5,-99,-99,8,1.68,0,1.68,1,0.22,0,0.22,-99,-99,-99,-99,-99,-99,-99,-99,none,-99,9.41
1990,MX,4,E,6,-99,-99,3,0.67,0,0.67,0,0,0,0,-99,-99,-99,-99,-99,-99,-99,-99,none,-99,6.88
1990,MX,4,E,7,-99,-99,0,0,0,0,1,0.13,0,0.13,-99,-99,-99,-99,-99,-99,-99,-99,none,-99,4.61
1990,MX,4,E,8,-99,-99,1,0.43,0.08,0.51,1,0.0269,0,0.0269,-99,-99,-99,-99,-99,-99,-99,-99,none,-99,11.65
1990,MX,4,E,9,-99,-99,0,0,0,0,4,0.26,0,0.26,-99,-99,-99,-99,-99,-99,-99,-99,none,-99,6.87
1990,MX,4,E,10,-99,-99,2,0.66,0,0.66,1,0.08,0,0.08,-99,-99,-99,-99,-99,-99,-99,-99,none,-99,8.36
1990,MX,4,E,11,-99,-99,2,0.09,0,0.09,2,0.56,0,0.56,-99,-99,-99,-99,-99,-99,-99,-99,none,-99,9.81
1990,MX,4,E,12,-99,-99,3,0.64,0.009,0.649,7,1.0662,0.37,1.4362,-99,-99,-99,-99,-99,-99,-99,-99,none,-99,4.21
1990,MX,5,C,1,-99,-99,11,2.612,0.55,3.162,3,0.2206,0.03,0.2506,-99,-99,-99,-99,-99,-99,-99,-99,none,-99,7.28
1990,MX,5,C,2,-99,-99,8,2.49,0,2.49,1,0.0244,0,0.0244,-99,-99,-99,-99,-99,-99,-99,-99,none,-99,7.58
1990,MX,5,C,3,-99,-99,2,0.46,0,0.46,0,0,0,0,-99,-99,-99,-99,-99,-99,-99,-99,none,-99,5.01
1990,MX,5,C,4,-99,-99,8,1.63,0.28,1.91,3,0.6742,0.13,0.8042,-99,-99,-99,-99,-99,-99,-99,-99,none,-99,7.49
1990,MX,5,C,5,-99,-99,5,0.8,0,0.8,0,0,0,0,-99,-99,-99,-99,-99,-99,-99,-99,none,-99,2.46
1990,MX,5,C,6,-99,-99,11,3.11,0,3.11,1,0.09,0,0.09,-99,-99,-99,-99,-99,-99,-99,-99,none,-99,2.31
1990,MX,5,C,7,-99,-99,7,1.05,0,1.05,0,0,0,0,-99,-99,-99,-99,-99,-99,-99,-99,none,-99,2.11
1990,MX,5,C,8,-99,-99,10,1.7,0,1.7,0,0,0,0,-99,-99,-99,-99,-99,-99,-99,-99,none,-99,6.49
1990,MX,5,C,9,-99,-99,7,1.564,0.21,1.774,1,0.13,0.0185,0.1485,-99,-99,-99,-99,-99,-99,-99,-99,none,-99,2.45
1990,MX,5,C,10,-99,-99,6,0.83,0,0.83,2,0.45,0,0.45,-99,-99,-99,-99,-99,-99,-99,-99,none,-99,3.27
1990,MX,5,C,11,-99,-99,8,1.32,0,1.32,0,0,0,0,-99,-99,-99,-99,-99,-99,-99,-99,none,-99,5.41
1990,MX,5,C,12,-99,-99,9,1.082,0.3,1.382,0,0,0,0,-99,-99,-99,-99,-99,-99,-99,-99,none,-99,4.76
1990,MX,6,A,1,-99,-99,0,0,0,0,10,2.1328,0.42,2.5528,-99,-99,-99,-99,-99,-99,-99,-99,none,-99,8.58
1990,MX,6,A,2,-99,-99,0,0,0,0,3,0.4,0,0.4,-99,-99,-99,-99,-99,-99,-99,-99,none,-99,15.21
1990,MX,6,A,3,-99,-99,0,0,0,0,6,1.22,0,1.22,-99,-99,-99,-99,-99,-99,-99,-99,none,-99,2.99
1990,MX,6,A,4,-99,-99,0,0,0,0,2,0.64,0,0.64,-99,-99,-99,-99,-99,-99,-99,-99,none,-99,9.65
1990,MX,6,A,5,-99,-99,4,0.33,0,0.33,0,0,0,0,-99,-99,-99,-99,-99,-99,-99,-99,none,-99,3.97
1990,MX,6,A,6,-99,-99,0,0,0,0,10,2.5886,0.19,2.7786,-99,-99,-99,-99,-99,-99,-99,-99,none,-99,8.33
1990,MX,6,A,7,-99,-99,2,0.31,0,0.31,2,0.39,0.0135,0.4035,-99,-99,-99,-99,-99,-99,-99,-99,none,-99,10.82
1990,MX,6,A,8,-99,-99,0,0,0,0,5,1.41,0,1.41,-99,-99,-99,-99,-99,-99,-99,-99,none,-99,12.64
1990,MX,6,A,9,-99,-99,0,0,0,0,4,0.8,0,0.8,-99,-99,-99,-99,-99,-99,-99,-99,none,-99,5.02
1990,MX,6,A,10,-99,-99,0,0,0,0,6,0.87,0,0.87,-99,-99,-99,-99,-99,-99,-99,-99,none,-99,8.15
1990,MX,6,A,11,-99,-99,1,0.32,0.019,0.339,8,1.634,0.11,1.744,-99,-99,-99,-99,-99,-99,-99,-99,none,-99,7.72
1990,MX,6,A,12,-99,-99,2,0.7,0,0.7,3,0.74,0,0.74,-99,-99,-99,-99,-99,-99,-99,-99,none,-99,8.68
1990,MX,7,C,1,-99,-99,0,0,0,0,7,1.07,0,1.07,-99,-99,-99,-99,-99,-99,-99,-99,none,-99,6.44
1990,MX,7,C,2,-99,-99,0,0,0,0,3,0.23,0,0.23,-99,-99,-99,-99,-99,-99,-99,-99,none,-99,7.35
1990,MX,7,C,3,-99,-99,0,0,0,0,11,2.403,0.29,2.693,-99,-99,-99,-99,-99,-99,-99,-99,none,-99,3.7
1990,MX,7,C,4,-99,-99,0,0,0,0,21,3.65,0,3.65,-99,-99,-99,-99,-99,-99,-99,-99,none,-99,9.4
1990,MX,7,C,5,-99,-99,0,0,0,0,14,2.0718,0.28,2.3518,-99,-99,-99,-99,-99,-99,-99,-99,none,-99,6.47
1990,MX,7,C,6,-99,-99,0,0,0,0,6,0.86,0,0.86,-99,-99,-99,-99,-99,-99,-99,-99,none,-99,1.98
1990,MX,7,C,7,-99,-99,0,0,0,0,5,1,0,1,-99,-99,-99,-99,-99,-99,-99,-99,none,-99,3.54
1990,MX,7,C,8,-99,-99,0,0,0,0,13,2.3614,0.24,2.6014,-99,-99,-99,-99,-99,-99,-99,-99,none,-99,5.62
1990,MX,7,C,9,-99,-99,0,0,0,0,1,0.16,0,0.16,-99,-99,-99,-99,-99,-99,-99,-99,none,-99,4.51
1990,MX,7,C,10,-99,-99,0,0,0,0,13,2.5559,0.42,2.9759,-99,-99,-99,-99,-99,-99,-99,-99,none,-99,9.2
1990,MX,7,C,11,-99,-99,0,0,0,0,6,0.75,0,0.75,-99,-99,-99,-99,-99,-99,-99,-99,none,-99,3.5
1990,MX,7,C,12,-99,-99,0,0,0,0,2,0.4,0,0.4,-99,-99,-99,-99,-99,-99,-99,-99,none,-99,12.91
1990,MX,8,E,1,-99,-99,0,0,0,0,11,1.98,0,1.98,-99,-99,-99,-99,-99,-99,-99,-99,none,-99,6.7
1990,MX,8,E,2,-99,-99,0,0,0,0,11,1.6117,0.1,1.7117,-99,-99,-99,-99,-99,-99,-99,-99,none,-99,12.6
1990,MX,8,E,3,-99,-99,0,0,0,0,7,1.2,0,1.2,-99,-99,-99,-99,-99,-99,-99,-99,none,-99,7.48
1990,MX,8,E,4,-99,-99,0,0,0,0,13,2.7288,0.26,2.9888,-99,-99,-99,-99,-99,-99,-99,-99,none,-99,6.63
1990,MX,8,E,5,-99,-99,0,0,0,0,8,1.67,0,1.67,-99,-99,-99,-99,-99,-99,-99,-99,none,-99,16.35
1990,MX,8,E,6,-99,-99,0,0,0,0,11,1.97,0,1.97,-99,-99,-99,-99,-99,-99,-99,-99,none,-99,9.68
1990,MX,8,E,7,-99,-99,0,0,0,0,5,0.82,0,0.82,-99,-99,-99,-99,-99,-99,-99,-99,none,-99,11.36
1990,MX,8,E,8,-99,-99,0,0,0,0,11,1.3805,0.15,1.5305,-99,-99,-99,-99,-99,-99,-99,-99,none,-99,4.18
1990,MX,8,E,9,-99,-99,0,0,0,0,11,1.32,0,1.32,-99,-99,-99,-99,-99,-99,-99,-99,none,-99,14.12
1990,MX,8,E,10,-99,-99,0,0,0,0,15,1.84,0,1.84,-99,-99,-99,-99,-99,-99,-99,-99,none,-99,17.38
1990,MX,8,E,11,-99,-99,0,0,0,0,16,3.26,0.37,3.63,-99,-99,-99,-99,-99,-99,-99,-99,none,-99,8.45
1990,MX,8,E,12,-99,-99,0,0,0,0,10,2.97,0,2.97,-99,-99,-99,-99,-99,-99,-99,-99,none,-99,15.35
1990,MX,9,A,1,-99,-99,15,2.5,0.29,2.79,5,0.8,0.04,0.84,-99,-99,-99,-99,-99,-99,-99,-99,none,-99,10.01
1990,MX,9,A,2,-99,-99,15,4.9,0,4.9,3,0.87,0,0.87,-99,-99,-99,-99,-99,-99,-99,-99,none,-99,5.28
1990,MX,9,A,3,-99,-99,10,2.37,0,2.37,6,0.9,0,0.9,-99,-99,-99,-99,-99,-99,-99,-99,none,-99,7.55
1990,MX,9,A,4,-99,-99,22,3.79,0.45,4.24,8,1.3,0.06,1.36,-99,-99,-99,-99,-99,-99,-99,-99,none,-99,21.79
1990,MX,9,A,5,-99,-99,10,1.92,0,1.92,14,1.89,0,1.89,-99,-99,-99,-99,-99,-99,-99,-99,none,-99,11.83
1990,MX,9,A,6,-99,-99,7,0.83,0,0.83,6,0.68,0,0.68,-99,-99,-99,-99,-99,-99,-99,-99,none,-99,3.2
1990,MX,9,A,7,-99,-99,2,0.25,0,0.25,1,0.16,0,0.16,-99,-99,-99,-99,-99,-99,-99,-99,none,-99,1.93
1990,MX,9,A,8,-99,-99,13,1.85,0.14,1.99,8,1.42,0.13,1.55,-99,-99,-99,-99,-99,-99,-99,-99,none,-99,2.45
1990,MX,9,A,9,-99,-99,6,0.88,0,0.88,9,0.99,0,0.99,-99,-99,-99,-99,-99,-99,-99,-99,none,-99,8.43
1990,MX,9,A,10,-99,-99,16,3.09,0,3.09,6,0.79,0,0.79,-99,-99,-99,-99,-99,-99,-99,-99,none,-99,4.81
1990,MX,9,A,11,-99,-99,23,3.92,0,3.92,0,0,0,0,-99,-99,-99,-99,-99,-99,-99,-99,none,-99,14.73
1990,MX,9,A,12,-99,-99,17,3.37,0.51,3.88,13,2.29,0.17,2.46,-99,-99,-99,-99,-99,-99,-99,-99,none,-99,20.06
1990,MX,10,C,1,-99,-99,21,3.18,0.59,3.77,4,0.18,0.02,0.2,-99,-99,-99,-99,-99,-99,-99,-99,none,-99,4.19
1990,MX,10,C,2,-99,-99,3,0.22,0,0.22,0,0,0,0,-99,-99,-99,-99,-99,-99,-99,-99,none,-99,3.91
1990,MX,10,C,3,-99,-99,8,1.76,0,1.76,3,0.65,0,0.65,-99,-99,-99,-99,-99,-99,-99,-99,none,-99,6.24
1990,MX,10,C,4,-99,-99,12,2.51,0,2.51,4,0.36,0,0.36,-99,-99,-99,-99,-99,-99,-99,-99,none,-99,2.99
1990,MX,10,C,5,-99,-99,12,2.21,0.26,2.47,4,0.12,0.07,0.19,-99,-99,-99,-99,-99,-99,-99,-99,none,-99,3.8
1990,MX,10,C,6,-99,-99,14,2.89,0,2.89,8,0.3,0,0.3,-99,-99,-99,-99,-99,-99,-99,-99,none,-99,5.5
1990,MX,10,C,7,-99,-99,19,3.93,0,3.93,0,0,0,0,-99,-99,-99,-99,-99,-99,-99,-99,none,-99,4
1990,MX,10,C,8,-99,-99,1,0.16,0,0.16,2,0.05,0,0.05,-99,-99,-99,-99,-99,-99,-99,-99,none,-99,3.39
1990,MX,10,C,9,-99,-99,21,3.287,0.73,4.017,3,0.4,0.03,0.43,-99,-99,-99,-99,-99,-99,-99,-99,none,-99,5.26
1990,MX,10,C,10,-99,-99,4,0.53,0,0.53,0,0,0,0,-99,-99,-99,-99,-99,-99,-99,-99,none,-99,4.58
1990,MX,10,C,11,-99,-99,8,1.44,0,1.44,3,0.37,0,0.37,-99,-99,-99,-99,-99,-99,-99,-99,none,-99,10.73
1990,MX,10,C,12,-99,-99,20,3.94,0.49,4.43,7,1.11,0.11,1.22,-99,-99,-99,-99,-99,-99,-99,-99,none,-99,5.55
1990,MX,11,E,1,-99,-99,13,2.81,0,2.81,0,0,0,0,-99,-99,-99,-99,-99,-99,-99,-99,none,-99,11.76
1990,MX,11,E,2,-99,-99,10,2.11,0.19,2.3,1,0.02,0,0.02,-99,-99,-99,-99,-99,-99,-99,-99,none,-99,6.82
1990,MX,11,E,3,-99,-99,13,2.27,0,2.27,0,0,0,0,-99,-99,-99,-99,-99,-99,-99,-99,none,-99,4.98
1990,MX,11,E,4,-99,-99,3,0.34,0,0.34,0,0,0,0,-99,-99,-99,-99,-99,-99,-99,-99,none,-99,6.22
1990,MX,11,E,5,-99,-99,11,2.64,0.11,2.75,0,0,0,0,-99,-99,-99,-99,-99,-99,-99,-99,none,-99,5.7
1990,MX,11,E,6,-99,-99,13,3.33,0,3.33,0,0,0,0,-99,-99,-99,-99,-99,-99,-99,-99,none,-99,3.82
1990,MX,11,E,7,-99,-99,16,3.45,0.59,4.04,0,0,0,0,-99,-99,-99,-99,-99,-99,-99,-99,none,-99,11.03
1990,MX,11,E,8,-99,-99,6,1.38,0,1.38,0,0,0,0,-99,-99,-99,-99,-99,-99,-99,-99,none,-99,10.38
1990,MX,11,E,9,-99,-99,1,0.37,0,0.37,0,0,0,0,-99,-99,-99,-99,-99,-99,-99,-99,none,-99,1.02
1990,MX,11,E,10,-99,-99,8,2.38,0.26,2.64,0,0,0,0,-99,-99,-99,-99,-99,-99,-99,-99,none,-99,4.15
1990,MX,11,E,11,-99,-99,7,1.23,0,1.23,0,0,0,0,-99,-99,-99,-99,-99,-99,-99,-99,none,-99,5.3
1990,MX,11,E,12,-99,-99,14,2.8,0,2.8,0,0,0,0,-99,-99,-99,-99,-99,-99,-99,-99,none,-99,3.67
1990,MX,12,A,1,-99,-99,5,0.29,0,0.29,8,1,0,1,-99,-99,-99,-99,-99,-99,-99,-99,none,-99,6.94
1990,MX,12,A,2,-99,-99,10,1.6,0.18,1.78,3,0.42,0.0149,0.4349,-99,-99,-99,-99,-99,-99,-99,-99,none,-99,3.72
1990,MX,12,A,3,-99,-99,8,0.79,0,0.79,5,1,0,1,-99,-99,-99,-99,-99,-99,-99,-99,none,-99,4.56
1990,MX,12,A,4,-99,-99,14,3.12,0.38,3.5,5,0.67,0.04,0.71,-99,-99,-99,-99,-99,-99,-99,-99,none,-99,13.74
1990,MX,12,A,5,-99,-99,16,2.75,0,2.75,6,0.3,0,0.3,-99,-99,-99,-99,-99,-99,-99,-99,none,-99,6.88
1990,MX,12,A,6,-99,-99,6,2.55,0,2.55,4,0.78,0,0.78,-99,-99,-99,-99,-99,-99,-99,-99,none,-99,14.46
1990,MX,12,A,7,-99,-99,21,3.78,0.46,4.24,6,0.99,0.13,1.12,-99,-99,-99,-99,-99,-99,-99,-99,none,-99,6.33
1990,MX,12,A,8,-99,-99,12,2.12,0,2.12,7,0.36,0,0.36,-99,-99,-99,-99,-99,-99,-99,-99,none,-99,1.97
1990,MX,12,A,9,-99,-99,7,1.45,0,1.45,3,0.4,0,0.4,-99,-99,-99,-99,-99,-99,-99,-99,none,-99,5.46
1990,MX,12,A,10,-99,-99,7,1.21,0.16,1.37,13,1.9736,0.21,2.1836,-99,-99,-99,-99,-99,-99,-99,-99,none,-99,11.46
1990,MX,12,A,11,-99,-99,1,0.15,0,0.15,8,1.58,0,1.58,-99,-99,-99,-99,-99,-99,-99,-99,none,-99,3.36
1990,MX,12,A,12,-99,-99,7,1.48,0,1.48,4,0.84,0,0.84,-99,-99,-99,-99,-99,-99,-99,-99,none,-99,6.88
1990,MX,13,E,1,-99,-99,21,5.3,0.6,5.9,6,1.03,0.16,1.19,-99,-99,-99,-99,-99,-99,-99,-99,none,-99,12.35
1990,MX,13,E,2,-99,-99,18,3.4,0,3.4,5,0.91,0,0.91,-99,-99,-99,-99,-99,-99,-99,-99,none,-99,15.11
1990,MX,13,E,3,-99,-99,15,3.01,0,3.01,4,0.62,0,0.62,-99,-99,-99,-99,-99,-99,-99,-99,none,-99,9.62
1990,MX,13,E,4,-99,-99,7,1.13,0.09,1.22,3,0.2,0.0065,0.2065,-99,-99,-99,-99,-99,-99,-99,-99,none,-99,5.69
1990,MX,13,E,5,-99,-99,17,2.32,0,2.32,0,0,0,0,-99,-99,-99,-99,-99,-99,-99,-99,none,-99,16.31
1990,MX,13,E,6,-99,-99,1,0.17,0,0.17,1,0.08,0,0.08,-99,-99,-99,-99,-99,-99,-99,-99,none,-99,9.37
1990,MX,13,E,7,-99,-99,6,1.56,0.23,1.79,3,0.56,0.09,0.65,-99,-99,-99,-99,-99,-99,-99,-99,none,-99,18.48
1990,MX,13,E,8,-99,-99,3,0.54,0,0.54,2,0.37,0,0.37,-99,-99,-99,-99,-99,-99,-99,-99,none,-99,2.56
1990,MX,13,E,9,-99,-99,8,1.65,0,1.65,6,0.8,0,0.8,-99,-99,-99,-99,-99,-99,-99,-99,none,-99,8.64
1990,MX,13,E,10,-99,-99,1,0.19,0.02,0.21,3,0.77,0.06,0.83,-99,-99,-99,-99,-99,-99,-99,-99,none,-99,5.67
1990,MX,13,E,11,-99,-99,1,0.14,0,0.14,4,0.48,0,0.48,-99,-99,-99,-99,-99,-99,-99,-99,none,-99,9.95
1990,MX,13,E,12,-99,-99,0,0,0,0,4,0.45,0,0.45,-99,-99,-99,-99,-99,-99,-99,-99,none,-99,18.2
1990,MX,14,C,1,-99,-99,5,0.52,0,0.52,1,0.19,0,0.19,-99,-99,-99,-99,-99,-99,-99,-99,none,-99,4.54
1990,MX,14,C,2,-99,-99,7,0.95,0.32,1.27,0,0,0,0,-99,-99,-99,-99,-99,-99,-99,-99,none,-99,11.85
1990,MX,14,C,3,-99,-99,16,1.9,0,1.9,0,0,0,0,-99,-99,-99,-99,-99,-99,-99,-99,none,-99,5.98
1990,MX,14,C,4,-99,-99,9,1.25,0,1.25,1,0.05,0,0.05,-99,-99,-99,-99,-99,-99,-99,-99,none,-99,1.98
1990,MX,14,C,5,-99,-99,6,1,0,1,0,0,0,0,-99,-99,-99,-99,-99,-99,-99,-99,none,-99,1.98
1990,MX,14,C,6,-99,-99,25,2.1,0.7,2.8,1,0.24,0.04,0.28,-99,-99,-99,-99,-99,-99,-99,-99,none,-99,4.68
1990,MX,14,C,7,-99,-99,5,0.79,0,0.79,0,0,0,0,-99,-99,-99,-99,-99,-99,-99,-99,none,-99,1.77
1990,MX,14,C,8,-99,-99,4,0.49,0.13,0.62,1,0.11,0.03,0.14,-99,-99,-99,-99,-99,-99,-99,-99,none,-99,3.28
1990,MX,14,C,9,-99,-99,9,1.22,0,1.22,0,0,0,0,-99,-99,-99,-99,-99,-99,-99,-99,none,-99,4.97
1990,MX,14,C,10,-99,-99,14,1.04,0.23,1.27,0,0,0,0,-99,-99,-99,-99,-99,-99,-99,-99,none,-99,4.04
1990,MX,14,C,11,-99,-99,7,0.64,0,0.64,0,0,0,0,-99,-99,-99,-99,-99,-99,-99,-99,none,-99,2.25
1990,MX,14,C,12,-99,-99,15,0.81,0,0.81,0,0,0,0,-99,-99,-99,-99,-99,-99,-99,-99,none,-99,0.97
1990,MX,15,A,1,-99,-99,37,7.35,0,7.35,0,0,0,0,-99,-99,-99,-99,-99,-99,-99,-99,none,-99,17.7
1990,MX,15,A,2,-99,-99,22,4.13,0.44,4.57,1,0.38,0,0.38,-99,-99,-99,-99,-99,-99,-99,-99,none,-99,7.42
1990,MX,15,A,3,-99,-99,17,4.83,0,4.83,4,0.61,0,0.61,-99,-99,-99,-99,-99,-99,-99,-99,none,-99,8.49
1990,MX,15,A,4,-99,-99,8,1.53,0,1.53,5,0.71,0,0.71,-99,-99,-99,-99,-99,-99,-99,-99,none,-99,6.62
1990,MX,15,A,5,-99,-99,14,2.57,0.36,2.93,0,0,0,0,-99,-99,-99,-99,-99,-99,-99,-99,none,-99,4.36
1990,MX,15,A,6,-99,-99,12,2.17,0,2.17,5,1.2,0,1.2,-99,-99,-99,-99,-99,-99,-99,-99,none,-99,2.62
1990,MX,15,A,7,-99,-99,9,1.86,0,1.86,0,0,0,0,-99,-99,-99,-99,-99,-99,-99,-99,none,-99,2.18
1990,MX,15,A,8,-99,-99,5,1.12,0.12,1.24,2,0.47,0.11,0.58,-99,-99,-99,-99,-99,-99,-99,-99,none,-99,10.76
1990,MX,15,A,9,-99,-99,6,1.03,0,1.03,0,0,0,0,-99,-99,-99,-99,-99,-99,-99,-99,none,-99,3.66
1990,MX,15,A,10,-99,-99,15,2.54,0.27,2.81,1,0.23,0.02,0.25,-99,-99,-99,-99,-99,-99,-99,-99,none,-99,12.54
1990,MX,15,A,11,-99,-99,3,1.09,0,1.09,6,0.63,0,0.63,-99,-99,-99,-99,-99,-99,-99,-99,none,-99,2.14
1990,MX,15,A,12,-99,-99,6,1.61,0,1.61,4,1.6,0,1.6,-99,-99,-99,-99,-99,-99,-99,-99,none,-99,4.15
1991,SP,1,E,1,-99,-99,17,1.764,-99,-99,0,0,0,0,none,0,0,none,0,0,0,2.683,none,-99,2.683
1991,SP,1,E,2,-99,-99,9,1.3136,-99,-99,0,0,0,0,none,0,0,none,0,0,0,7.5106,none,-99,7.5106
1991,SP,1,E,3,-99,-99,10,1.3458,-99,-99,0,0,0,0,none,0,0,none,0,0,0,2.7884,none,-99,2.7884
1991,SP,1,E,4,-99,-99,15,1.8996,-99,-99,0,0,0,0,none,0,0,none,0,0,0,2.976,none,-99,2.976
1991,SP,1,E,5,-99,-99,8,0.7577,-99,-99,0,0,0,0,none,0,0,none,0,0,0,0.849,none,-99,0.849
1991,SP,2,A,1,-99,-99,6,0.6887,-99,-99,0,0,0,0,none,0,0,none,0,0,0,4.4318,none,-99,4.4318
1991,SP,2,A,2,-99,-99,23,4.2578,-99,-99,0,0,0,0,none,0,0,none,0,0,0,3.2865,none,-99,3.2865
1991,SP,2,A,3,-99,-99,14,1.4735,-99,-99,0,0,0,0,none,0,0,none,0,0,0,0.8177,none,-99,0.8177
1991,SP,2,A,4,-99,-99,17,2.9438,-99,-99,0,0,0,0,none,0,0,none,0,0,0,2.197,none,-99,2.197
1991,SP,2,A,5,-99,-99,24,5.512,-99,-99,0,0,0,0,none,0,0,none,0,0,0,2.4344,none,-99,2.4344
1991,SP,3,C,1,-99,-99,5,1.2273,-99,-99,0,0,0,0,none,0,0,none,0,0,0,2.5959,none,-99,2.5959
1991,SP,3,C,2,-99,-99,14,3.7472,-99,-99,0,0,0,0,none,0,0,none,0,0,0,3.3675,none,-99,3.3675
1991,SP,3,C,3,-99,-99,3,0.6869,-99,-99,0,0,0,0,none,0,0,none,0,0,0,1.9163,none,-99,1.9163
1991,SP,3,C,4,-99,-99,5,1.1409,-99,-99,0,0,0,0,none,0,0,none,0,0,0,1.548,none,-99,1.548
1991,SP,3,C,5,-99,-99,5,0.8605,-99,-99,0,0,0,0,none,0,0,none,0,0,0,4.4828,none,-99,4.4828
1991,SP,4,E,1,-99,-99,6,0.6394,-99,-99,0,0,0,0,none,0,0,none,0,0,0,1.4089,none,-99,1.4089
1991,SP,4,E,2,-99,-99,8,1.5736,-99,-99,0,0,0,0,none,0,0,none,0,0,0,2.5421,none,-99,2.5421
1991,SP,4,E,3,-99,-99,7,0.5148,-99,-99,0,0,0,0,none,0,0,none,0,0,0,2.3442,none,-99,2.3442
1991,SP,4,E,4,-99,-99,1,0.2298,-99,-99,0,0,0,0,none,0,0,none,0,0,0,2.2937,none,-99,2.2937
1991,SP,4,E,5,-99,-99,10,1.5225,-99,-99,0,0,0,0,none,0,0,none,0,0,0,3.2499,none,-99,3.2499
1991,SP,5,A,1,-99,-99,17,2.3324,-99,-99,0,0,0,0,none,0,0,none,0,0,0,1.9224,none,-99,1.9224
1991,SP,5,A,2,-99,-99,22,3.1165,-99,-99,0,0,0,0,none,0,0,none,0,0,0,6.2299,none,-99,6.2299
1991,SP,5,A,3,-99,-99,17,2.3354,-99,-99,0,0,0,0,none,0,0,none,0,0,0,3.6171,none,-99,3.6171
1991,SP,5,A,4,-99,-99,8,1.218,-99,-99,0,0,0,0,none,0,0,none,0,0,0,1.0408,none,-99,1.0408
1991,SP,5,A,5,-99,-99,14,1.4855,-99,-99,0,0,0,0,none,0,0,none,0,0,0,2.8211,none,-99,2.8211
1991,SP,6,C,1,-99,-99,17,3.0177,-99,-99,0,0,0,0,none,0,0,none,0,0,0,6.8507,none,-99,6.8507
1991,SP,6,C,2,-99,-99,11,2.1118,-99,-99,0,0,0,0,none,0,0,none,0,0,0,2.8712,none,-99,2.8712
1991,SP,6,C,3,-99,-99,10,1.3458,-99,-99,0,0,0,0,none,0,0,none,0,0,0,2.3933,none,-99,2.3933
1991,SP,6,C,4,-99,-99,6,1.0152,-99,-99,0,0,0,0,none,0,0,none,0,0,0,1.3787,none,-99,1.3787
1991,SP,6,C,5,-99,-99,7,0.6849,-99,-99,0,0,0,0,none,0,0,none,0,0,0,4.5973,none,-99,4.5973
1991,SP,7,C,1,-99,-99,20,2.3109,-99,-99,0,0,0,0,none,0,0,none,0,0,0,2.1425,none,-99,2.1425
1991,SP,7,C,2,-99,-99,34,4.718,-99,-99,0,0,0,0,none,0,0,none,0,0,0,6.5063,none,-99,6.5063
1991,SP,7,C,3,-99,-99,11,1.5085,-99,-99,0,0,0,0,none,0,0,none,0,0,0,2.7912,none,-99,2.7912
1991,SP,7,C,4,-99,-99,2,0.1327,-99,-99,0,0,0,0,none,0,0,none,0,0,0,2.3711,none,-99,2.3711
1991,SP,7,C,5,-99,-99,17,1.7854,-99,-99,0,0,0,0,none,0,0,none,0,0,0,3.1056,none,-99,3.1056
1991,SP,8,E,1,-99,-99,22,2.37,-99,-99,0,0,0,0,none,0,0,none,0,0,0,5.7872,none,-99,5.7872
1991,SP,8,E,2,-99,-99,10,1.3385,-99,-99,0,0,0,0,none,0,0,none,0,0,0,1.5234,none,-99,1.5234
1991,SP,8,E,3,-99,-99,13,1.6895,-99,-99,0,0,0,0,none,0,0,none,0,0,0,1.1128,none,-99,1.1128
1991,SP,8,E,4,-99,-99,19,2.3243,-99,-99,0,0,0,0,none,0,0,none,0,0,0,8.1785,none,-99,8.1785
1991,SP,8,E,5,-99,-99,12,1.065,-99,-99,0,0,0,0,none,0,0,none,0,0,0,2.5977,none,-99,2.5977
1991,SP,9,A,1,-99,-99,26,3.6508,-99,-99,0,0,0,0,none,0,0,none,0,0,0,3.7711,none,-99,3.7711
1991,SP,9,A,2,-99,-99,13,2.2726,-99,-99,0,0,0,0,none,0,0,none,0,0,0,2.7656,none,-99,2.7656
1991,SP,9,A,3,-99,-99,14,2.8709,-99,-99,0,0,0,0,none,0,0,none,0,0,0,1.8937,none,-99,1.8937
1991,SP,9,A,4,-99,-99,8,1.4558,-99,-99,0,0,0,0,none,0,0,none,0,0,0,0.3289,none,-99,0.3289
1991,SP,9,A,5,-99,-99,13,1.9538,-99,-99,0,0,0,0,none,0,0,none,0,0,0,4.5618,none,-99,4.5618
1991,SP,10,E,1,-99,-99,12,1.3897,-99,-99,0,0,0,0,none,0,0,none,0,0,0,4.2601,none,-99,4.2601
1991,SP,10,E,2,-99,-99,11,2.1423,-99,-99,0,0,0,0,none,0,0,none,0,0,0,4.8828,none,-99,4.8828
1991,SP,10,E,3,-99,-99,8,0.9728,-99,-99,0,0,0,0,none,0,0,none,0,0,0,3.541,none,-99,3.541
1991,SP,10,E,4,-99,-99,16,3.4454,-99,-99,0,0,0,0,none,0,0,none,0,0,0,2.5934,none,-99,2.5934
1991,SP,10,E,5,-99,-99,11,2.0425,-99,-99,0,0,0,0,none,0,0,none,0,0,0,5.3722,none,-99,5.3722
1991,SP,11,A,1,-99,-99,7,0.8559,-99,-99,0,0,0,0,none,0,0,none,0,0,0,0.9791,none,-99,0.9791
1991,SP,11,A,2,-99,-99,12,2.5797,-99,-99,0,0,0,0,none,0,0,none,0,0,0,6.106,none,-99,6.106
1991,SP,11,A,3,-99,-99,8,1.1082,-99,-99,0,0,0,0,none,0,0,none,0,0,0,1.1615,none,-99,1.1615
1991,SP,11,A,4,-99,-99,15,2.4153,-99,-99,0,0,0,0,none,0,0,none,0,0,0,2.862,none,-99,2.862
1991,SP,11,A,5,-99,-99,9,1.1056,-99,-99,0,0,0,0,none,0,0,none,0,0,0,0.5485,none,-99,0.5485
1991,SP,12,C,1,-99,-99,15,1.6105,-99,-99,0,0,0,0,none,0,0,none,0,0,0,3.7529,none,-99,3.7529
1991,SP,12,C,2,-99,-99,15,1.9956,-99,-99,0,0,0,0,none,0,0,none,0,0,0,2.7844,none,-99,2.7844
1991,SP,12,C,3,-99,-99,31,3.3604,-99,-99,0,0,0,0,none,0,0,none,0,0,0,4.3109,none,-99,4.3109
1991,SP,12,C,4,-99,-99,8,0.8949,-99,-99,0,0,0,0,none,0,0,none,0,0,0,0.8642,none,-99,0.8642
1991,SP,12,C,5,-99,-99,5,0.8884,-99,-99,0,0,0,0,none,0,0,none,0,0,0,1.9205,none,-99,1.9205
1991,SP,13,A,1,-99,-99,12,1.2746,-99,-99,0,0,0,0,none,0,0,none,0,0,0,1.1939,none,-99,1.1939
1991,SP,13,A,2,-99,-99,14,2.0875,-99,-99,0,0,0,0,none,0,0,none,0,0,0,3.3509,none,-99,3.3509
1991,SP,13,A,3,-99,-99,10,1.5704,-99,-99,0,0,0,0,none,0,0,none,0,0,0,2.0185,none,-99,2.0185
1991,SP,13,A,4,-99,-99,15,1.657,-99,-99,0,0,0,0,none,0,0,none,0,0,0,7.4138,none,-99,7.4138
1991,SP,13,A,5,-99,-99,15,2.0841,-99,-99,0,0,0,0,none,0,0,none,0,0,0,4.9828,none,-99,4.9828
1991,SP,14,E,1,-99,-99,17,2.4596,-99,-99,0,0,0,0,none,0,0,none,0,0,0,0.439,none,-99,0.439
1991,SP,14,E,2,-99,-99,17,3.0592,-99,-99,0,0,0,0,none,0,0,none,0,0,0,4.2059,none,-99,4.2059
1991,SP,14,E,3,-99,-99,4,0.1875,-99,-99,0,0,0,0,none,0,0,none,0,0,0,1.3779,none,-99,1.3779
1991,SP,14,E,4,-99,-99,10,1.4994,-99,-99,0,0,0,0,none,0,0,none,0,0,0,2.5317,none,-99,2.5317
1991,SP,14,E,5,-99,-99,1,0.0499,-99,-99,0,0,0,0,none,0,0,none,0,0,0,4.1529,none,-99,4.1529
1991,SP,15,C,1,-99,-99,14,2.0315,-99,-99,0,0,0,0,none,0,0,none,0,0,0,4.4729,none,-99,4.4729
1991,SP,15,C,2,-99,-99,5,0.2048,-99,-99,0,0,0,0,none,0,0,none,0,0,0,4.4788,none,-99,4.4788
1991,SP,15,C,3,-99,-99,14,1.3501,-99,-99,0,0,0,0,none,0,0,none,0,0,0,1.2775,none,-99,1.2775
1991,SP,15,C,4,-99,-99,6,0.7102,-99,-99,0,0,0,0,none,0,0,none,0,0,0,1.1293,none,-99,1.1293
1991,SP,15,C,5,-99,-99,17,2.7518,-99,-99,0,0,0,0,none,0,0,none,0,0,0,4.5888,none,-99,4.5888
1991,SC,1,E,1,-99,-99,0,0,0,0,0,0,0,0,-99,-99,-99,-99,-99,-99,-99,-99,none,-99,-99
1991,SC,1,E,2,-99,-99,0,0,0,0,0,0,0,0,-99,-99,-99,-99,-99,-99,-99,-99,none,-99,-99
1991,SC,1,E,3,-99,-99,0,0,0,0,0,0,0,0,-99,-99,-99,-99,-99,-99,-99,-99,none,-99,-99
1991,SC,1,E,4,-99,-99,0,0,0,0,0,0,0,0,-99,-99,-99,-99,-99,-99,-99,-99,none,-99,-99
1991,SC,1,E,5,-99,-99,0,0,0,0,0,0,0,0,-99,-99,-99,-99,-99,-99,-99,-99,none,-99,-99
1991,SC,2,A,1,-99,-99,0,0,0,0,0,0,0,0,-99,-99,-99,-99,-99,-99,-99,-99,none,-99,-99
1991,SC,2,A,2,-99,-99,0,0,0,0,0,0,0,0,-99,-99,-99,-99,-99,-99,-99,-99,none,-99,-99
1991,SC,2,A,3,-99,-99,0,0,0,0,0,0,0,0,-99,-99,-99,-99,-99,-99,-99,-99,none,-99,-99
1991,SC,2,A,4,-99,-99,0,0,0,0,0,0,0,0,-99,-99,-99,-99,-99,-99,-99,-99,none,-99,-99
1991,SC,2,A,5,-99,-99,0,0,0,0,0,0,0,0,-99,-99,-99,-99,-99,-99,-99,-99,none,-99,-99
1991,SC,3,C,1,-99,-99,0,0,0,0,0,0,0,0,-99,-99,-99,-99,-99,-99,-99,-99,none,-99,-99
1991,SC,3,C,2,-99,-99,0,0,0,0,0,0,0,0,-99,-99,-99,-99,-99,-99,-99,-99,none,-99,-99
1991,SC,3,C,3,-99,-99,0,0,0,0,0,0,0,0,-99,-99,-99,-99,-99,-99,-99,-99,none,-99,-99
1991,SC,3,C,4,-99,-99,0,0,0,0,0,0,0,0,-99,-99,-99,-99,-99,-99,-99,-99,none,-99,-99
1991,SC,3,C,5,-99,-99,0,0,0,0,0,0,0,0,-99,-99,-99,-99,-99,-99,-99,-99,none,-99,-99
1991,SC,4,A,1,-99,-99,0,0,0,0,0,0,0,0,-99,-99,-99,-99,-99,-99,-99,-99,none,-99,-99
1991,SC,4,A,2,-99,-99,0,0,0,0,0,0,0,0,-99,-99,-99,-99,-99,-99,-99,-99,none,-99,-99
1991,SC,4,A,3,-99,-99,0,0,0,0,0,0,0,0,-99,-99,-99,-99,-99,-99,-99,-99,none,-99,-99
1991,SC,4,A,4,-99,-99,0,0,0,0,0,0,0,0,-99,-99,-99,-99,-99,-99,-99,-99,none,-99,-99
1991,SC,4,A,5,-99,-99,0,0,0,0,0,0,0,0,-99,-99,-99,-99,-99,-99,-99,-99,none,-99,-99
1991,SC,5,C,1,-99,-99,0,0,0,0,0,0,0,0,-99,-99,-99,-99,-99,-99,-99,-99,none,-99,-99
1991,SC,5,C,2,-99,-99,0,0,0,0,0,0,0,0,-99,-99,-99,-99,-99,-99,-99,-99,none,-99,-99
1991,SC,5,C,3,-99,-99,0,0,0,0,0,0,0,0,-99,-99,-99,-99,-99,-99,-99,-99,none,-99,-99
1991,SC,5,C,4,-99,-99,0,0,0,0,0,0,0,0,-99,-99,-99,-99,-99,-99,-99,-99,none,-99,-99
1991,SC,5,C,5,-99,-99,0,0,0,0,0,0,0,0,-99,-99,-99,-99,-99,-99,-99,-99,none,-99,-99
1991,SC,6,E,1,-99,-99,0,0,0,0,0,0,0,0,-99,-99,-99,-99,-99,-99,-99,-99,none,-99,-99
1991,SC,6,E,2,-99,-99,0,0,0,0,0,0,0,0,-99,-99,-99,-99,-99,-99,-99,-99,none,-99,-99
1991,SC,6,E,3,-99,-99,0,0,0,0,0,0,0,0,-99,-99,-99,-99,-99,-99,-99,-99,none,-99,-99
1991,SC,6,E,4,-99,-99,0,0,0,0,0,0,0,0,-99,-99,-99,-99,-99,-99,-99,-99,none,-99,-99
1991,SC,6,E,5,-99,-99,0,0,0,0,0,0,0,0,-99,-99,-99,-99,-99,-99,-99,-99,none,-99,-99
1991,SC,7,C,1,-99,-99,0,0,0,0,0,0,0,0,-99,-99,-99,-99,-99,-99,-99,-99,none,-99,-99
1991,SC,7,C,2,-99,-99,0,0,0,0,0,0,0,0,-99,-99,-99,-99,-99,-99,-99,-99,none,-99,-99
1991,SC,7,C,3,-99,-99,0,0,0,0,0,0,0,0,-99,-99,-99,-99,-99,-99,-99,-99,none,-99,-99
1991,SC,7,C,4,-99,-99,0,0,0,0,0,0,0,0,-99,-99,-99,-99,-99,-99,-99,-99,none,-99,-99
1991,SC,7,C,5,-99,-99,0,0,0,0,0,0,0,0,-99,-99,-99,-99,-99,-99,-99,-99,none,-99,-99
1991,SC,8,A,1,-99,-99,0,0,0,0,0,0,0,0,-99,-99,-99,-99,-99,-99,-99,-99,none,-99,-99
1991,SC,8,A,2,-99,-99,0,0,0,0,0,0,0,0,-99,-99,-99,-99,-99,-99,-99,-99,none,-99,-99
1991,SC,8,A,3,-99,-99,0,0,0,0,0,0,0,0,-99,-99,-99,-99,-99,-99,-99,-99,none,-99,-99
1991,SC,8,A,4,-99,-99,0,0,0,0,0,0,0,0,-99,-99,-99,-99,-99,-99,-99,-99,none,-99,-99
1991,SC,8,A,5,-99,-99,0,0,0,0,0,0,0,0,-99,-99,-99,-99,-99,-99,-99,-99,none,-99,-99
1991,SC,9,E,1,-99,-99,0,0,0,0,0,0,0,0,-99,-99,-99,-99,-99,-99,-99,-99,none,-99,-99
1991,SC,9,E,2,-99,-99,0,0,0,0,0,0,0,0,-99,-99,-99,-99,-99,-99,-99,-99,none,-99,-99
1991,SC,9,E,3,-99,-99,0,0,0,0,0,0,0,0,-99,-99,-99,-99,-99,-99,-99,-99,none,-99,-99
1991,SC,9,E,4,-99,-99,0,0,0,0,0,0,0,0,-99,-99,-99,-99,-99,-99,-99,-99,none,-99,-99
1991,SC,9,E,5,-99,-99,0,0,0,0,0,0,0,0,-99,-99,-99,-99,-99,-99,-99,-99,none,-99,-99
1991,SC,10,E,1,-99,-99,0,0,0,0,0,0,0,0,-99,-99,-99,-99,-99,-99,-99,-99,none,-99,-99
1991,SC,10,E,2,-99,-99,0,0,0,0,0,0,0,0,-99,-99,-99,-99,-99,-99,-99,-99,none,-99,-99
1991,SC,10,E,3,-99,-99,0,0,0,0,0,0,0,0,-99,-99,-99,-99,-99,-99,-99,-99,none,-99,-99
1991,SC,10,E,4,-99,-99,0,0,0,0,0,0,0,0,-99,-99,-99,-99,-99,-99,-99,-99,none,-99,-99
1991,SC,10,E,5,-99,-99,0,0,0,0,0,0,0,0,-99,-99,-99,-99,-99,-99,-99,-99,none,-99,-99
1991,SC,11,C,1,-99,-99,0,0,0,0,0,0,0,0,-99,-99,-99,-99,-99,-99,-99,-99,none,-99,-99
1991,SC,11,C,2,-99,-99,0,0,0,0,0,0,0,0,-99,-99,-99,-99,-99,-99,-99,-99,none,-99,-99
1991,SC,11,C,3,-99,-99,0,0,0,0,0,0,0,0,-99,-99,-99,-99,-99,-99,-99,-99,none,-99,-99
1991,SC,11,C,4,-99,-99,0,0,0,0,0,0,0,0,-99,-99,-99,-99,-99,-99,-99,-99,none,-99,-99
1991,SC,11,C,5,-99,-99,0,0,0,0,0,0,0,0,-99,-99,-99,-99,-99,-99,-99,-99,none,-99,-99
1991,SC,12,A,1,-99,-99,0,0,0,0,0,0,0,0,-99,-99,-99,-99,-99,-99,-99,-99,none,-99,-99
1991,SC,12,A,2,-99,-99,0,0,0,0,0,0,0,0,-99,-99,-99,-99,-99,-99,-99,-99,none,-99,-99
1991,SC,12,A,3,-99,-99,0,0,0,0,0,0,0,0,-99,-99,-99,-99,-99,-99,-99,-99,none,-99,-99
1991,SC,12,A,4,-99,-99,0,0,0,0,0,0,0,0,-99,-99,-99,-99,-99,-99,-99,-99,none,-99,-99
1991,SC,12,A,5,-99,-99,0,0,0,0,0,0,0,0,-99,-99,-99,-99,-99,-99,-99,-99,none,-99,-99
1991,SC,13,C,1,-99,-99,0,0,0,0,0,0,0,0,-99,-99,-99,-99,-99,-99,-99,-99,none,-99,-99
1991,SC,13,C,2,-99,-99,0,0,0,0,0,0,0,0,-99,-99,-99,-99,-99,-99,-99,-99,none,-99,-99
1991,SC,13,C,3,-99,-99,0,0,0,0,0,0,0,0,-99,-99,-99,-99,-99,-99,-99,-99,none,-99,-99
1991,SC,13,C,4,-99,-99,0,0,0,0,0,0,0,0,-99,-99,-99,-99,-99,-99,-99,-99,none,-99,-99
1991,SC,13,C,5,-99,-99,0,0,0,0,0,0,0,0,-99,-99,-99,-99,-99,-99,-99,-99,none,-99,-99
1991,SC,14,E,1,-99,-99,0,0,0,0,0,0,0,0,-99,-99,-99,-99,-99,-99,-99,-99,none,-99,-99
1991,SC,14,E,2,-99,-99,0,0,0,0,0,0,0,0,-99,-99,-99,-99,-99,-99,-99,-99,none,-99,-99
1991,SC,14,E,3,-99,-99,0,0,0,0,0,0,0,0,-99,-99,-99,-99,-99,-99,-99,-99,none,-99,-99
1991,SC,14,E,4,-99,-99,0,0,0,0,0,0,0,0,-99,-99,-99,-99,-99,-99,-99,-99,none,-99,-99
1991,SC,14,E,5,-99,-99,0,0,0,0,0,0,0,0,-99,-99,-99,-99,-99,-99,-99,-99,none,-99,-99
1991,SC,15,A,1,-99,-99,0,0,0,0,0,0,0,0,-99,-99,-99,-99,-99,-99,-99,-99,none,-99,-99
1991,SC,15,A,2,-99,-99,0,0,0,0,0,0,0,0,-99,-99,-99,-99,-99,-99,-99,-99,none,-99,-99
1991,SC,15,A,3,-99,-99,0,0,0,0,0,0,0,0,-99,-99,-99,-99,-99,-99,-99,-99,none,-99,-99
1991,SC,15,A,4,-99,-99,0,0,0,0,0,0,0,0,-99,-99,-99,-99,-99,-99,-99,-99,none,-99,-99
1991,SC,15,A,5,-99,-99,0,0,0,0,0,0,0,0,-99,-99,-99,-99,-99,-99,-99,-99,none,-99,-99
1991,MX,1,E,1,-99,-99,2,0.3776,-99,-99,6,1.4137,-99,-99,-99,-99,-99,-99,-99,-99,-99,-99,none,-99,5.2809
1991,MX,1,E,2,-99,-99,0,0,-99,-99,4,0.3848,-99,-99,-99,-99,-99,-99,-99,-99,-99,-99,none,-99,6.6976
1991,MX,1,E,3,-99,-99,0,0,-99,-99,7,1.0978,-99,-99,-99,-99,-99,-99,-99,-99,-99,-99,none,-99,5.8595
1991,MX,1,E,4,-99,-99,0,0,-99,-99,8,1.5028,-99,-99,-99,-99,-99,-99,-99,-99,-99,-99,none,-99,3.6272
1991,MX,1,E,5,-99,-99,0,0,-99,-99,11,1.6433,-99,-99,-99,-99,-99,-99,-99,-99,-99,-99,none,-99,4.4511
1991,MX,2,A,1,-99,-99,8,0.9705,-99,-99,7,0.9345,-99,-99,-99,-99,-99,-99,-99,-99,-99,-99,none,-99,0.8255
1991,MX,2,A,2,-99,-99,0,0,-99,-99,10,1.5344,-99,-99,-99,-99,-99,-99,-99,-99,-99,-99,none,-99,10.232
1991,MX,2,A,3,-99,-99,4,0.3522,-99,-99,4,0.4127,-99,-99,-99,-99,-99,-99,-99,-99,-99,-99,none,-99,1.7166
1991,MX,2,A,4,-99,-99,8,0.9756,-99,-99,1,0.0281,-99,-99,-99,-99,-99,-99,-99,-99,-99,-99,none,-99,5.5003
1991,MX,2,A,5,-99,-99,8,1.0147,-99,-99,4,0.3457,-99,-99,-99,-99,-99,-99,-99,-99,-99,-99,none,-99,10.9835
1991,MX,3,C,1,-99,-99,5,0.6274,-99,-99,4,0.7683,-99,-99,-99,-99,-99,-99,-99,-99,-99,-99,none,-99,6.6056
1991,MX,3,C,2,-99,-99,12,1.3561,-99,-99,1,0.1982,-99,-99,-99,-99,-99,-99,-99,-99,-99,-99,none,-99,4.9332
1991,MX,3,C,3,-99,-99,3,2.0379,-99,-99,1,0.3271,-99,-99,-99,-99,-99,-99,-99,-99,-99,-99,none,-99,0.3965
1991,MX,3,C,4,-99,-99,16,1.9328,-99,-99,11,1.1954,-99,-99,-99,-99,-99,-99,-99,-99,-99,-99,none,-99,1.1132
1991,MX,3,C,5,-99,-99,23,2.989,-99,-99,0,0,-99,-99,-99,-99,-99,-99,-99,-99,-99,-99,none,-99,2.4827
1991,MX,4,E,1,-99,-99,6,1.1644,-99,-99,1,0.3256,-99,-99,-99,-99,-99,-99,-99,-99,-99,-99,none,-99,2.8403
1991,MX,4,E,2,-99,-99,2,1.6344,-99,-99,7,1.2411,-99,-99,-99,-99,-99,-99,-99,-99,-99,-99,none,-99,3.4405
1991,MX,4,E,3,-99,-99,1,0.3641,-99,-99,2,0.341,-99,-99,-99,-99,-99,-99,-99,-99,-99,-99,none,-99,3.1919
1991,MX,4,E,4,-99,-99,11,1.7117,-99,-99,1,0.2578,-99,-99,-99,-99,-99,-99,-99,-99,-99,-99,none,-99,6.5321
1991,MX,4,E,5,-99,-99,10,0.7881,-99,-99,0,0,-99,-99,-99,-99,-99,-99,-99,-99,-99,-99,none,-99,4.7887
1991,MX,5,C,1,-99,-99,5,0.638,-99,-99,2,0.3064,-99,-99,-99,-99,-99,-99,-99,-99,-99,-99,none,-99,3.9165
1991,MX,5,C,2,-99,-99,13,1.8515,-99,-99,0,0,-99,-99,-99,-99,-99,-99,-99,-99,-99,-99,none,-99,2.682
1991,MX,5,C,3,-99,-99,0,0,-99,-99,0,0,-99,-99,-99,-99,-99,-99,-99,-99,-99,-99,none,-99,1.4082
1991,MX,5,C,4,-99,-99,10,1.5241,-99,-99,0,0,-99,-99,-99,-99,-99,-99,-99,-99,-99,-99,none,-99,1.716
1991,MX,5,C,5,-99,-99,7,1.049,-99,-99,0,0,-99,-99,-99,-99,-99,-99,-99,-99,-99,-99,none,-99,3.7404
1991,MX,6,A,1,-99,-99,0,0,-99,-99,6,1.2697,-99,-99,-99,-99,-99,-99,-99,-99,-99,-99,none,-99,7.0208
1991,MX,6,A,2,-99,-99,5,0.3328,-99,-99,1,0.1783,-99,-99,-99,-99,-99,-99,-99,-99,-99,-99,none,-99,3.3575
1991,MX,6,A,3,-99,-99,0,0,-99,-99,6,0.8572,-99,-99,-99,-99,-99,-99,-99,-99,-99,-99,none,-99,1.6737
1991,MX,6,A,4,-99,-99,0,0,-99,-99,4,1.0338,-99,-99,-99,-99,-99,-99,-99,-99,-99,-99,none,-99,2.4526
1991,MX,6,A,5,-99,-99,0,0,-99,-99,7,1.4224,-99,-99,-99,-99,-99,-99,-99,-99,-99,-99,none,-99,10.3397
1991,MX,7,C,1,-99,-99,0,0,-99,-99,0,0,-99,-99,-99,-99,-99,-99,-99,-99,-99,-99,none,-99,3.0891
1991,MX,7,C,2,-99,-99,0,0,-99,-99,11,1.0245,-99,-99,-99,-99,-99,-99,-99,-99,-99,-99,none,-99,3.7248
1991,MX,7,C,3,-99,-99,0,0,-99,-99,13,1.755,-99,-99,-99,-99,-99,-99,-99,-99,-99,-99,none,-99,0.6413
1991,MX,7,C,4,-99,-99,0,0,-99,-99,1,0.0157,-99,-99,-99,-99,-99,-99,-99,-99,-99,-99,none,-99,4.8709
1991,MX,7,C,5,-99,-99,0,0,-99,-99,14,1.4269,-99,-99,-99,-99,-99,-99,-99,-99,-99,-99,none,-99,0.6397
1991,MX,8,E,1,-99,-99,0,0,-99,-99,13,1.5202,-99,-99,-99,-99,-99,-99,-99,-99,-99,-99,none,-99,2.2093
1991,MX,8,E,2,-99,-99,0,0,-99,-99,16,2.894,-99,-99,-99,-99,-99,-99,-99,-99,-99,-99,none,-99,10.1375
1991,MX,8,E,3,-99,-99,0,0,-99,-99,9,1.0313,-99,-99,-99,-99,-99,-99,-99,-99,-99,-99,none,-99,4.4623
1991,MX,8,E,4,-99,-99,0,0,-99,-99,10,1.4027,-99,-99,-99,-99,-99,-99,-99,-99,-99,-99,none,-99,9.7133
1991,MX,8,E,5,-99,-99,0,0,-99,-99,22,2.5199,-99,-99,-99,-99,-99,-99,-99,-99,-99,-99,none,-99,10.957
1991,MX,9,A,1,-99,-99,18,2.5077,-99,-99,1,0.1374,-99,-99,-99,-99,-99,-99,-99,-99,-99,-99,none,-99,3.0861
1991,MX,9,A,2,-99,-99,8,1.2416,-99,-99,3,0.3474,-99,-99,-99,-99,-99,-99,-99,-99,-99,-99,none,-99,9.8827
1991,MX,9,A,3,-99,-99,1,0.1642,-99,-99,4,0.6676,-99,-99,-99,-99,-99,-99,-99,-99,-99,-99,none,-99,2.3009
1991,MX,9,A,4,-99,-99,7,1.0742,-99,-99,4,0.4822,-99,-99,-99,-99,-99,-99,-99,-99,-99,-99,none,-99,5.3715
1991,MX,9,A,5,-99,-99,11,1.838,-99,-99,0,0,-99,-99,-99,-99,-99,-99,-99,-99,-99,-99,none,-99,6.8723
1991,MX,10,C,1,-99,-99,11,1.5081,-99,-99,2,0.4028,-99,-99,-99,-99,-99,-99,-99,-99,-99,-99,none,-99,5.3915
1991,MX,10,C,2,-99,-99,1,0.127,-99,-99,0,0,-99,-99,-99,-99,-99,-99,-99,-99,-99,-99,none,-99,5.9543
1991,MX,10,C,3,-99,-99,9,1.3742,-99,-99,1,0.2033,-99,-99,-99,-99,-99,-99,-99,-99,-99,-99,none,-99,4.8048
1991,MX,10,C,4,-99,-99,22,3.3495,-99,-99,2,0.1342,-99,-99,-99,-99,-99,-99,-99,-99,-99,-99,none,-99,3.101
1991,MX,10,C,5,-99,-99,7,1.5248,-99,-99,4,0.3445,-99,-99,-99,-99,-99,-99,-99,-99,-99,-99,none,-99,5.7092
1991,MX,11,E,1,-99,-99,11,1.906,-99,-99,0,0,-99,-99,-99,-99,-99,-99,-99,-99,-99,-99,none,-99,5.668
1991,MX,11,E,2,-99,-99,9,1.8568,-99,-99,0,0,-99,-99,-99,-99,-99,-99,-99,-99,-99,-99,none,-99,1.4328
1991,MX,11,E,3,-99,-99,9,1.6628,-99,-99,0,0,-99,-99,-99,-99,-99,-99,-99,-99,-99,-99,none,-99,4.2748
1991,MX,11,E,4,-99,-99,17,3.2997,-99,-99,0,0,-99,-99,-99,-99,-99,-99,-99,-99,-99,-99,none,-99,9.4319
1991,MX,11,E,5,-99,-99,4,0.9754,-99,-99,0,0,-99,-99,-99,-99,-99,-99,-99,-99,-99,-99,none,-99,4.7059
1991,MX,12,A,1,-99,-99,18,2.7868,-99,-99,1,0.157,-99,-99,-99,-99,-99,-99,-99,-99,-99,-99,none,-99,6.3485
1991,MX,12,A,2,-99,-99,22,2.5557,-99,-99,1,0.0668,-99,-99,-99,-99,-99,-99,-99,-99,-99,-99,none,-99,5.429
1991,MX,12,A,3,-99,-99,10,1.3874,-99,-99,0,0,-99,-99,-99,-99,-99,-99,-99,-99,-99,-99,none,-99,2.8063
1991,MX,12,A,4,-99,-99,14,3.0042,-99,-99,3,0.3288,-99,-99,-99,-99,-99,-99,-99,-99,-99,-99,none,-99,0.7837
1991,MX,12,A,5,-99,-99,8,0.7352,-99,-99,0,0,-99,-99,-99,-99,-99,-99,-99,-99,-99,-99,none,-99,4.2377
1991,MX,13,E,1,-99,-99,10,1.8925,-99,-99,5,0.4505,-99,-99,-99,-99,-99,-99,-99,-99,-99,-99,none,-99,1.4233
1991,MX,13,E,2,-99,-99,19,2.682,-99,-99,1,0.2251,-99,-99,-99,-99,-99,-99,-99,-99,-99,-99,none,-99,5.1199
1991,MX,13,E,3,-99,-99,14,2.678,-99,-99,1,0.187,-99,-99,-99,-99,-99,-99,-99,-99,-99,-99,none,-99,3.7187
1991,MX,13,E,4,-99,-99,11,1.9122,-99,-99,3,0.2004,-99,-99,-99,-99,-99,-99,-99,-99,-99,-99,none,-99,8.9061
1991,MX,13,E,5,-99,-99,10,1.4782,-99,-99,1,0.0471,-99,-99,-99,-99,-99,-99,-99,-99,-99,-99,none,-99,5.6842
1991,MX,14,C,1,-99,-99,1,0.1012,-99,-99,0,0,-99,-99,-99,-99,-99,-99,-99,-99,-99,-99,none,-99,1.1745
1991,MX,14,C,2,-99,-99,9,1.1082,-99,-99,0,0,-99,-99,-99,-99,-99,-99,-99,-99,-99,-99,none,-99,3.1258
1991,MX,14,C,3,-99,-99,11,0.9103,-99,-99,0,0,-99,-99,-99,-99,-99,-99,-99,-99,-99,-99,none,-99,0.7002
1991,MX,14,C,4,-99,-99,20,2.2583,-99,-99,0,0,-99,-99,-99,-99,-99,-99,-99,-99,-99,-99,none,-99,1.132
1991,MX,14,C,5,-99,-99,14,0.7831,-99,-99,0,0,-99,-99,-99,-99,-99,-99,-99,-99,-99,-99,none,-99,3.422
1991,MX,15,A,1,-99,-99,6,0.7334,-99,-99,3,0.3576,-99,-99,-99,-99,-99,-99,-99,-99,-99,-99,none,-99,4.2841
1991,MX,15,A,2,-99,-99,13,1.902,-99,-99,2,0.363,-99,-99,-99,-99,-99,-99,-99,-99,-99,-99,none,-99,1.8726
1991,MX,15,A,3,-99,-99,3,0.5619,-99,-99,1,0.3743,-99,-99,-99,-99,-99,-99,-99,-99,-99,-99,none,-99,6.9187
1991,MX,15,A,4,-99,-99,0,0,-99,-99,6,0.8065,-99,-99,-99,-99,-99,-99,-99,-99,-99,-99,none,-99,2.1235
1991,MX,15,A,5,-99,-99,7,1.2731,-99,-99,2,0.4538,-99,-99,-99,-99,-99,-99,-99,-99,-99,-99,none,-99,1.6324
1992,SP,1,E,1,-99,-99,4,0.3541,-99,-99,0,0,0,0,none,0,0,none,0,0,0,1.5605,none,-99,1.5605
1992,SP,1,E,2,-99,-99,10,1.6515,-99,-99,0,0,0,0,none,0,0,none,0,0,0,0.2562,none,-99,0.2562
1992,SP,1,E,3,-99,-99,7,1.2139,-99,-99,0,0,0,0,none,0,0,none,0,0,0,5.1961,none,-99,5.1961
1992,SP,1,E,4,-99,-99,11,1.4059,-99,-99,0,0,0,0,none,0,0,none,0,0,0,1.6202,none,-99,1.6202
1992,SP,1,E,5,-99,-99,10,0.9404,-99,-99,0,0,0,0,none,0,0,none,0,0,0,1.6259,none,-99,1.6259
1992,SP,2,A,1,-99,-99,9,1.7328,-99,-99,0,0,0,0,none,0,0,none,0,0,0,2.4737,none,-99,2.4737
1992,SP,2,A,2,-99,-99,19,2.6105,-99,-99,0,0,0,0,none,0,0,none,0,0,0,5.949,none,-99,5.949
1992,SP,2,A,3,-99,-99,7,1.4177,-99,-99,0,0,0,0,none,0,0,none,0,0,0,1.4895,none,-99,1.4895
1992,SP,2,A,4,-99,-99,17,1.6334,-99,-99,0,0,0,0,none,0,0,none,0,0,0,5.0305,none,-99,5.0305
1992,SP,2,A,5,-99,-99,18,2.4504,-99,-99,0,0,0,0,none,0,0,none,0,0,0,4.6591,none,-99,4.6591
1992,SP,3,C,1,-99,-99,11,1.6349,-99,-99,0,0,0,0,none,0,0,none,0,0,0,1.4086,none,-99,1.4086
1992,SP,3,C,2,-99,-99,4,0.5543,-99,-99,0,0,0,0,none,0,0,none,0,0,0,1.4007,none,-99,1.4007
1992,SP,3,C,3,-99,-99,13,2.6782,-99,-99,0,0,0,0,none,0,0,none,0,0,0,0.0935,none,-99,0.0935
1992,SP,3,C,4,-99,-99,5,0.8532,-99,-99,0,0,0,0,none,0,0,none,0,0,0,2.2703,none,-99,2.2703
1992,SP,3,C,5,-99,-99,9,1.559,-99,-99,0,0,0,0,none,0,0,none,0,0,0,0.8629,none,-99,0.8629
1992,SP,4,E,1,-99,-99,9,0.8832,-99,-99,0,0,0,0,none,0,0,none,0,0,0,5.0982,none,-99,5.0982
1992,SP,4,E,2,-99,-99,16,2.4434,-99,-99,0,0,0,0,none,0,0,none,0,0,0,7.2669,none,-99,7.2669
1992,SP,4,E,3,-99,-99,13,2.0303,-99,-99,0,0,0,0,none,0,0,none,0,0,0,3.1659,none,-99,3.1659
1992,SP,4,E,4,-99,-99,21,3.6452,-99,-99,0,0,0,0,none,0,0,none,0,0,0,6.9396,none,-99,6.9396
1992,SP,4,E,5,-99,-99,10,1.5774,-99,-99,0,0,0,0,none,0,0,none,0,0,0,1.4918,none,-99,1.4918
1992,SP,5,A,1,-99,-99,24,2.6731,-99,-99,0,0,0,0,none,0,0,none,0,0,0,1.7304,none,-99,1.7304
1992,SP,5,A,2,-99,-99,10,2.9251,-99,-99,0,0,0,0,none,0,0,none,0,0,0,4.4433,none,-99,4.4433
1992,SP,5,A,3,-99,-99,11,2.102,-99,-99,0,0,0,0,none,0,0,none,0,0,0,3.9277,none,-99,3.9277
1992,SP,5,A,4,-99,-99,10,1.3072,-99,-99,0,0,0,0,none,0,0,none,0,0,0,1.5659,none,-99,1.5659
1992,SP,5,A,5,-99,-99,14,2.3395,-99,-99,0,0,0,0,none,0,0,none,0,0,0,4.4895,none,-99,4.4895
1992,SP,6,C,1,-99,-99,4,0.2724,-99,-99,0,0,0,0,none,0,0,none,0,0,0,5.1516,none,-99,5.1516
1992,SP,6,C,2,-99,-99,16,2.7412,-99,-99,0,0,0,0,none,0,0,none,0,0,0,0.5819,none,-99,0.5819
1992,SP,6,C,3,-99,-99,26,3.3312,-99,-99,0,0,0,0,none,0,0,none,0,0,0,3.6239,none,-99,3.6239
1992,SP,6,C,4,-99,-99,7,0.771,-99,-99,0,0,0,0,none,0,0,none,0,0,0,6.0791,none,-99,6.0791
1992,SP,6,C,5,-99,-99,18,2.6001,-99,-99,0,0,0,0,none,0,0,none,0,0,0,4.7853,none,-99,4.7853
1992,SP,7,C,1,-99,-99,18,1.5681,-99,-99,0,0,0,0,none,0,0,none,0,0,0,1.1692,none,-99,1.1692
1992,SP,7,C,2,-99,-99,25,2.2645,-99,-99,0,0,0,0,none,0,0,none,0,0,0,0.5254,none,-99,0.5254
1992,SP,7,C,3,-99,-99,33,3.1718,-99,-99,0,0,0,0,none,0,0,none,0,0,0,1.6093,none,-99,1.6093
1992,SP,7,C,4,-99,-99,28,2.5306,-99,-99,0,0,0,0,none,0,0,none,0,0,0,1.6439,none,-99,1.6439
1992,SP,7,C,5,-99,-99,24,3.0863,-99,-99,0,0,0,0,none,0,0,none,0,0,0,3.3872,none,-99,3.3872
1992,SP,8,E,1,-99,-99,13,1.5318,-99,-99,0,0,0,0,none,0,0,none,0,0,0,2.9806,none,-99,2.9806
1992,SP,8,E,2,-99,-99,8,0.8864,-99,-99,0,0,0,0,none,0,0,none,0,0,0,0.9039,none,-99,0.9039
1992,SP,8,E,3,-99,-99,11,1.6021,-99,-99,0,0,0,0,none,0,0,none,0,0,0,1.088,none,-99,1.088
1992,SP,8,E,4,-99,-99,6,0.8526,-99,-99,0,0,0,0,none,0,0,none,0,0,0,3.9126,none,-99,3.9126
1992,SP,8,E,5,-99,-99,9,1.4047,-99,-99,0,0,0,0,none,0,0,none,0,0,0,3.8681,none,-99,3.8681
1992,SP,9,A,1,-99,-99,9,1.7574,-99,-99,0,0,0,0,none,0,0,none,0,0,0,4.8723,none,-99,4.8723
1992,SP,9,A,2,-99,-99,12,1.8068,-99,-99,0,0,0,0,none,0,0,none,0,0,0,1.5099,none,-99,1.5099
1992,SP,9,A,3,-99,-99,12,1.7656,-99,-99,0,0,0,0,none,0,0,none,0,0,0,4.7107,none,-99,4.7107
1992,SP,9,A,4,-99,-99,6,0.9935,-99,-99,0,0,0,0,none,0,0,none,0,0,0,4.9337,none,-99,4.9337
1992,SP,9,A,5,-99,-99,7,1.7398,-99,-99,0,0,0,0,none,0,0,none,0,0,0,7.4096,none,-99,7.4096
1992,SP,10,E,1,-99,-99,14,2.1319,-99,-99,0,0,0,0,none,0,0,none,0,0,0,0.5073,none,-99,0.5073
1992,SP,10,E,2,-99,-99,6,1.3119,-99,-99,0,0,0,0,none,0,0,none,0,0,0,1.8391,none,-99,1.8391
1992,SP,10,E,3,-99,-99,11,1.4398,-99,-99,0,0,0,0,none,0,0,none,0,0,0,4.74,none,-99,4.74
1992,SP,10,E,4,-99,-99,20,3.4375,-99,-99,0,0,0,0,none,0,0,none,0,0,0,3.7703,none,-99,3.7703
1992,SP,10,E,5,-99,-99,12,2.0313,-99,-99,0,0,0,0,none,0,0,none,0,0,0,1.7545,none,-99,1.7545
1992,SP,11,A,1,-99,-99,15,1.947,-99,-99,0,0,0,0,none,0,0,none,0,0,0,7.2242,none,-99,7.2242
1992,SP,11,A,2,-99,-99,19,1.9097,-99,-99,0,0,0,0,none,0,0,none,0,0,0,8.8322,none,-99,8.8322
1992,SP,11,A,3,-99,-99,10,1.1925,-99,-99,0,0,0,0,none,0,0,none,0,0,0,8.7271,none,-99,8.7271
1992,SP,11,A,4,-99,-99,8,0.7696,-99,-99,0,0,0,0,none,0,0,none,0,0,0,3.5657,none,-99,3.5657
1992,SP,11,A,5,-99,-99,4,0.6546,-99,-99,0,0,0,0,none,0,0,none,0,0,0,1.4519,none,-99,1.4519
1992,SP,12,C,1,-99,-99,36,3.8863,-99,-99,0,0,0,0,none,0,0,none,0,0,0,1.9186,none,-99,1.9186
1992,SP,12,C,2,-99,-99,33,2.6451,-99,-99,0,0,0,0,none,0,0,none,0,0,0,4.8454,none,-99,4.8454
1992,SP,12,C,3,-99,-99,21,2.0541,-99,-99,0,0,0,0,none,0,0,none,0,0,0,0.8988,none,-99,0.8988
1992,SP,12,C,4,-99,-99,22,1.8888,-99,-99,0,0,0,0,none,0,0,none,0,0,0,2.6371,none,-99,2.6371
1992,SP,12,C,5,-99,-99,7,0.618,-99,-99,0,0,0,0,none,0,0,none,0,0,0,1.2389,none,-99,1.2389
1992,SP,13,A,1,-99,-99,11,1.2085,-99,-99,0,0,0,0,none,0,0,none,0,0,0,2.6689,none,-99,2.6689
1992,SP,13,A,2,-99,-99,20,2.2789,-99,-99,0,0,0,0,none,0,0,none,0,0,0,2.3345,none,-99,2.3345
1992,SP,13,A,3,-99,-99,32,3.8437,-99,-99,0,0,0,0,none,0,0,none,0,0,0,6.9557,none,-99,6.9557
1992,SP,13,A,4,-99,-99,16,1.6303,-99,-99,0,0,0,0,none,0,0,none,0,0,0,6.5088,none,-99,6.5088
1992,SP,13,A,5,-99,-99,18,1.6984,-99,-99,0,0,0,0,none,0,0,none,0,0,0,1.3738,none,-99,1.3738
1992,SP,14,E,1,-99,-99,16,2.537,-99,-99,0,0,0,0,none,0,0,none,0,0,0,3.9301,none,-99,3.9301
1992,SP,14,E,2,-99,-99,13,1.9566,-99,-99,0,0,0,0,none,0,0,none,0,0,0,10.7176,none,-99,10.7176
1992,SP,14,E,3,-99,-99,10,1.0426,-99,-99,0,0,0,0,none,0,0,none,0,0,0,1.3864,none,-99,1.3864
1992,SP,14,E,4,-99,-99,13,1.0796,-99,-99,0,0,0,0,none,0,0,none,0,0,0,1.8821,none,-99,1.8821
1992,SP,14,E,5,-99,-99,5,0.8975,-99,-99,0,0,0,0,none,0,0,none,0,0,0,0.6664,none,-99,0.6664
1992,SP,15,C,1,-99,-99,23,2.6668,-99,-99,0,0,0,0,none,0,0,none,0,0,0,1.742,none,-99,1.742
1992,SP,15,C,2,-99,-99,12,1.49,-99,-99,0,0,0,0,none,0,0,none,0,0,0,1.5441,none,-99,1.5441
1992,SP,15,C,3,-99,-99,28,3.2013,-99,-99,0,0,0,0,none,0,0,none,0,0,0,1.2307,none,-99,1.2307
1992,SP,15,C,4,-99,-99,20,1.7821,-99,-99,0,0,0,0,none,0,0,none,0,0,0,1.7826,none,-99,1.7826
1992,SP,15,C,5,-99,-99,20,2.4982,-99,-99,0,0,0,0,none,0,0,none,0,0,0,1.0628,none,-99,1.0628
1992,SC,1,E,1,-99,-99,0,0,0,0,0,0,0,0,-99,-99,-99,-99,-99,-99,-99,-99,none,-99,-99
1992,SC,1,E,2,-99,-99,0,0,0,0,0,0,0,0,-99,-99,-99,-99,-99,-99,-99,-99,none,-99,-99
1992,SC,1,E,3,-99,-99,0,0,0,0,0,0,0,0,-99,-99,-99,-99,-99,-99,-99,-99,none,-99,-99
1992,SC,1,E,4,-99,-99,0,0,0,0,0,0,0,0,-99,-99,-99,-99,-99,-99,-99,-99,none,-99,-99
1992,SC,1,E,5,-99,-99,0,0,0,0,0,0,0,0,-99,-99,-99,-99,-99,-99,-99,-99,none,-99,-99
1992,SC,2,A,1,-99,-99,0,0,0,0,0,0,0,0,-99,-99,-99,-99,-99,-99,-99,-99,none,-99,-99
1992,SC,2,A,2,-99,-99,0,0,0,0,0,0,0,0,-99,-99,-99,-99,-99,-99,-99,-99,none,-99,-99
1992,SC,2,A,3,-99,-99,0,0,0,0,0,0,0,0,-99,-99,-99,-99,-99,-99,-99,-99,none,-99,-99
1992,SC,2,A,4,-99,-99,0,0,0,0,0,0,0,0,-99,-99,-99,-99,-99,-99,-99,-99,none,-99,-99
1992,SC,2,A,5,-99,-99,0,0,0,0,0,0,0,0,-99,-99,-99,-99,-99,-99,-99,-99,none,-99,-99
1992,SC,3,C,1,-99,-99,0,0,0,0,0,0,0,0,-99,-99,-99,-99,-99,-99,-99,-99,none,-99,-99
1992,SC,3,C,2,-99,-99,0,0,0,0,0,0,0,0,-99,-99,-99,-99,-99,-99,-99,-99,none,-99,-99
1992,SC,3,C,3,-99,-99,0,0,0,0,0,0,0,0,-99,-99,-99,-99,-99,-99,-99,-99,none,-99,-99
1992,SC,3,C,4,-99,-99,0,0,0,0,0,0,0,0,-99,-99,-99,-99,-99,-99,-99,-99,none,-99,-99
1992,SC,3,C,5,-99,-99,0,0,0,0,0,0,0,0,-99,-99,-99,-99,-99,-99,-99,-99,none,-99,-99
1992,SC,4,A,1,-99,-99,0,0,0,0,0,0,0,0,-99,-99,-99,-99,-99,-99,-99,-99,none,-99,-99
1992,SC,4,A,2,-99,-99,0,0,0,0,0,0,0,0,-99,-99,-99,-99,-99,-99,-99,-99,none,-99,-99
1992,SC,4,A,3,-99,-99,0,0,0,0,0,0,0,0,-99,-99,-99,-99,-99,-99,-99,-99,none,-99,-99
1992,SC,4,A,4,-99,-99,0,0,0,0,0,0,0,0,-99,-99,-99,-99,-99,-99,-99,-99,none,-99,-99
1992,SC,4,A,5,-99,-99,0,0,0,0,0,0,0,0,-99,-99,-99,-99,-99,-99,-99,-99,none,-99,-99
1992,SC,5,C,1,-99,-99,0,0,0,0,0,0,0,0,-99,-99,-99,-99,-99,-99,-99,-99,none,-99,-99
1992,SC,5,C,2,-99,-99,0,0,0,0,0,0,0,0,-99,-99,-99,-99,-99,-99,-99,-99,none,-99,-99
1992,SC,5,C,3,-99,-99,0,0,0,0,0,0,0,0,-99,-99,-99,-99,-99,-99,-99,-99,none,-99,-99
1992,SC,5,C,4,-99,-99,0,0,0,0,0,0,0,0,-99,-99,-99,-99,-99,-99,-99,-99,none,-99,-99
1992,SC,5,C,5,-99,-99,0,0,0,0,0,0,0,0,-99,-99,-99,-99,-99,-99,-99,-99,none,-99,-99
1992,SC,6,E,1,-99,-99,0,0,0,0,0,0,0,0,-99,-99,-99,-99,-99,-99,-99,-99,none,-99,-99
1992,SC,6,E,2,-99,-99,0,0,0,0,0,0,0,0,-99,-99,-99,-99,-99,-99,-99,-99,none,-99,-99
1992,SC,6,E,3,-99,-99,0,0,0,0,0,0,0,0,-99,-99,-99,-99,-99,-99,-99,-99,none,-99,-99
1992,SC,6,E,4,-99,-99,0,0,0,0,0,0,0,0,-99,-99,-99,-99,-99,-99,-99,-99,none,-99,-99
1992,SC,6,E,5,-99,-99,0,0,0,0,0,0,0,0,-99,-99,-99,-99,-99,-99,-99,-99,none,-99,-99
1992,SC,7,C,1,-99,-99,0,0,0,0,0,0,0,0,-99,-99,-99,-99,-99,-99,-99,-99,none,-99,-99
1992,SC,7,C,2,-99,-99,0,0,0,0,0,0,0,0,-99,-99,-99,-99,-99,-99,-99,-99,none,-99,-99
1992,SC,7,C,3,-99,-99,0,0,0,0,0,0,0,0,-99,-99,-99,-99,-99,-99,-99,-99,none,-99,-99
1992,SC,7,C,4,-99,-99,0,0,0,0,0,0,0,0,-99,-99,-99,-99,-99,-99,-99,-99,none,-99,-99
1992,SC,7,C,5,-99,-99,0,0,0,0,0,0,0,0,-99,-99,-99,-99,-99,-99,-99,-99,none,-99,-99
1992,SC,8,A,1,-99,-99,0,0,0,0,0,0,0,0,-99,-99,-99,-99,-99,-99,-99,-99,none,-99,-99
1992,SC,8,A,2,-99,-99,0,0,0,0,0,0,0,0,-99,-99,-99,-99,-99,-99,-99,-99,none,-99,-99
1992,SC,8,A,3,-99,-99,0,0,0,0,0,0,0,0,-99,-99,-99,-99,-99,-99,-99,-99,none,-99,-99
1992,SC,8,A,4,-99,-99,0,0,0,0,0,0,0,0,-99,-99,-99,-99,-99,-99,-99,-99,none,-99,-99
1992,SC,8,A,5,-99,-99,0,0,0,0,0,0,0,0,-99,-99,-99,-99,-99,-99,-99,-99,none,-99,-99
1992,SC,9,E,1,-99,-99,0,0,0,0,0,0,0,0,-99,-99,-99,-99,-99,-99,-99,-99,none,-99,-99
1992,SC,9,E,2,-99,-99,0,0,0,0,0,0,0,0,-99,-99,-99,-99,-99,-99,-99,-99,none,-99,-99
1992,SC,9,E,3,-99,-99,0,0,0,0,0,0,0,0,-99,-99,-99,-99,-99,-99,-99,-99,none,-99,-99
1992,SC,9,E,4,-99,-99,0,0,0,0,0,0,0,0,-99,-99,-99,-99,-99,-99,-99,-99,none,-99,-99
1992,SC,9,E,5,-99,-99,0,0,0,0,0,0,0,0,-99,-99,-99,-99,-99,-99,-99,-99,none,-99,-99
1992,SC,10,E,1,-99,-99,0,0,0,0,0,0,0,0,-99,-99,-99,-99,-99,-99,-99,-99,none,-99,-99
1992,SC,10,E,2,-99,-99,0,0,0,0,0,0,0,0,-99,-99,-99,-99,-99,-99,-99,-99,none,-99,-99
1992,SC,10,E,3,-99,-99,0,0,0,0,0,0,0,0,-99,-99,-99,-99,-99,-99,-99,-99,none,-99,-99
1992,SC,10,E,4,-99,-99,0,0,0,0,0,0,0,0,-99,-99,-99,-99,-99,-99,-99,-99,none,-99,-99
1992,SC,10,E,5,-99,-99,0,0,0,0,0,0,0,0,-99,-99,-99,-99,-99,-99,-99,-99,none,-99,-99
1992,SC,11,C,1,-99,-99,0,0,0,0,0,0,0,0,-99,-99,-99,-99,-99,-99,-99,-99,none,-99,-99
1992,SC,11,C,2,-99,-99,0,0,0,0,0,0,0,0,-99,-99,-99,-99,-99,-99,-99,-99,none,-99,-99
1992,SC,11,C,3,-99,-99,0,0,0,0,0,0,0,0,-99,-99,-99,-99,-99,-99,-99,-99,none,-99,-99
1992,SC,11,C,4,-99,-99,0,0,0,0,0,0,0,0,-99,-99,-99,-99,-99,-99,-99,-99,none,-99,-99
1992,SC,11,C,5,-99,-99,0,0,0,0,0,0,0,0,-99,-99,-99,-99,-99,-99,-99,-99,none,-99,-99
1992,SC,12,A,1,-99,-99,0,0,0,0,0,0,0,0,-99,-99,-99,-99,-99,-99,-99,-99,none,-99,-99
1992,SC,12,A,2,-99,-99,0,0,0,0,0,0,0,0,-99,-99,-99,-99,-99,-99,-99,-99,none,-99,-99
1992,SC,12,A,3,-99,-99,0,0,0,0,0,0,0,0,-99,-99,-99,-99,-99,-99,-99,-99,none,-99,-99
1992,SC,12,A,4,-99,-99,0,0,0,0,0,0,0,0,-99,-99,-99,-99,-99,-99,-99,-99,none,-99,-99
1992,SC,12,A,5,-99,-99,0,0,0,0,0,0,0,0,-99,-99,-99,-99,-99,-99,-99,-99,none,-99,-99
1992,SC,13,C,1,-99,-99,0,0,0,0,0,0,0,0,-99,-99,-99,-99,-99,-99,-99,-99,none,-99,-99
1992,SC,13,C,2,-99,-99,0,0,0,0,0,0,0,0,-99,-99,-99,-99,-99,-99,-99,-99,none,-99,-99
1992,SC,13,C,3,-99,-99,0,0,0,0,0,0,0,0,-99,-99,-99,-99,-99,-99,-99,-99,none,-99,-99
1992,SC,13,C,4,-99,-99,0,0,0,0,0,0,0,0,-99,-99,-99,-99,-99,-99,-99,-99,none,-99,-99
1992,SC,13,C,5,-99,-99,0,0,0,0,0,0,0,0,-99,-99,-99,-99,-99,-99,-99,-99,none,-99,-99
1992,SC,14,E,1,-99,-99,0,0,0,0,0,0,0,0,-99,-99,-99,-99,-99,-99,-99,-99,none,-99,-99
1992,SC,14,E,2,-99,-99,0,0,0,0,0,0,0,0,-99,-99,-99,-99,-99,-99,-99,-99,none,-99,-99
1992,SC,14,E,3,-99,-99,0,0,0,0,0,0,0,0,-99,-99,-99,-99,-99,-99,-99,-99,none,-99,-99
1992,SC,14,E,4,-99,-99,0,0,0,0,0,0,0,0,-99,-99,-99,-99,-99,-99,-99,-99,none,-99,-99
1992,SC,14,E,5,-99,-99,0,0,0,0,0,0,0,0,-99,-99,-99,-99,-99,-99,-99,-99,none,-99,-99
1992,SC,15,A,1,-99,-99,0,0,0,0,0,0,0,0,-99,-99,-99,-99,-99,-99,-99,-99,none,-99,-99
1992,SC,15,A,2,-99,-99,0,0,0,0,0,0,0,0,-99,-99,-99,-99,-99,-99,-99,-99,none,-99,-99
1992,SC,15,A,3,-99,-99,0,0,0,0,0,0,0,0,-99,-99,-99,-99,-99,-99,-99,-99,none,-99,-99
1992,SC,15,A,4,-99,-99,0,0,0,0,0,0,0,0,-99,-99,-99,-99,-99,-99,-99,-99,none,-99,-99
1992,SC,15,A,5,-99,-99,0,0,0,0,0,0,0,0,-99,-99,-99,-99,-99,-99,-99,-99,none,-99,-99
1992,MX,1,E,1,-99,-99,8,1.012,-99,-99,12,1.7906,-99,-99,-99,-99,-99,-99,-99,-99,3.8237,1.2992,none,-99,26.0129
1992,MX,1,E,2,-99,-99,2,0.175,-99,-99,5,0.6096,-99,-99,-99,-99,-99,-99,-99,-99,-99,6.5253,none,-99,-99
1992,MX,1,E,3,-99,-99,0,0,-99,-99,7,0.9042,-99,-99,-99,-99,-99,-99,-99,-99,-99,1.5735,none,-99,-99
1992,MX,1,E,4,-99,-99,0,0,-99,-99,12,1.5698,-99,-99,-99,-99,-99,-99,-99,-99,-99,11.583,none,-99,-99
1992,MX,1,E,5,-99,-99,0,0,-99,-99,8,1.4864,-99,-99,-99,-99,-99,-99,-99,-99,-99,1.2082,none,-99,-99
1992,MX,2,A,1,-99,-99,12,1.0375,-99,-99,5,0.7867,-99,-99,-99,-99,-99,-99,-99,-99,3.7494,4.8946,none,-99,38.5677
1992,MX,2,A,2,-99,-99,0,0,-99,-99,5,0.8637,-99,-99,-99,-99,-99,-99,-99,-99,-99,2.8934,none,-99,-99
1992,MX,2,A,3,-99,-99,0,0,-99,-99,1,0.3611,-99,-99,-99,-99,-99,-99,-99,-99,-99,4.3653,none,-99,-99
1992,MX,2,A,4,-99,-99,3,0.4153,-99,-99,4,0.9705,-99,-99,-99,-99,-99,-99,-99,-99,-99,21.179,none,-99,-99
1992,MX,2,A,5,-99,-99,2,0.3736,-99,-99,4,1.0303,-99,-99,-99,-99,-99,-99,-99,-99,-99,1.486,none,-99,-99
1992,MX,3,C,1,-99,-99,8,0.8471,-99,-99,8,0.9078,-99,-99,-99,-99,-99,-99,-99,-99,1.3948,2.6087,none,-99,14.2431
1992,MX,3,C,2,-99,-99,21,2.3081,-99,-99,4,0.4492,-99,-99,-99,-99,-99,-99,-99,-99,-99,2.6371,none,-99,-99
1992,MX,3,C,3,-99,-99,9,0.9251,-99,-99,0,0,-99,-99,-99,-99,-99,-99,-99,-99,-99,2.9018,none,-99,-99
1992,MX,3,C,4,-99,-99,3,0.2657,-99,-99,8,0.6601,-99,-99,-99,-99,-99,-99,-99,-99,-99,3.095,none,-99,-99
1992,MX,3,C,5,-99,-99,7,0.8706,-99,-99,3,0.2616,-99,-99,-99,-99,-99,-99,-99,-99,-99,1.6057,none,-99,-99
1992,MX,4,E,1,-99,-99,5,0.6778,-99,-99,1,0.4331,-99,-99,-99,-99,-99,-99,-99,-99,2.1014,5.3283,none,-99,15.4452
1992,MX,4,E,2,-99,-99,11,1.9832,-99,-99,6,0.7234,-99,-99,-99,-99,-99,-99,-99,-99,-99,1.2259,none,-99,-99
1992,MX,4,E,3,-99,-99,0,0,-99,-99,4,0.2023,-99,-99,-99,-99,-99,-99,-99,-99,-99,1.2743,none,-99,-99
1992,MX,4,E,4,-99,-99,0,0,-99,-99,3,0.0873,-99,-99,-99,-99,-99,-99,-99,-99,-99,1.9156,none,-99,-99
1992,MX,4,E,5,-99,-99,2,0.5263,-99,-99,1,0.0857,-99,-99,-99,-99,-99,-99,-99,-99,-99,3.5997,none,-99,-99
1992,MX,5,C,1,-99,-99,10,1.1303,-99,-99,0,0,-99,-99,-99,-99,-99,-99,-99,-99,1.249,0.0471,none,-99,13.0233
1992,MX,5,C,2,-99,-99,4,0.3293,-99,-99,1,0.1636,-99,-99,-99,-99,-99,-99,-99,-99,-99,1.4325,none,-99,-99
1992,MX,5,C,3,-99,-99,3,0.686,-99,-99,0,0,-99,-99,-99,-99,-99,-99,-99,-99,-99,6.3076,none,-99,-99
1992,MX,5,C,4,-99,-99,20,3.3438,-99,-99,1,0.1145,-99,-99,-99,-99,-99,-99,-99,-99,-99,2.1653,none,-99,-99
1992,MX,5,C,5,-99,-99,23,2.4379,-99,-99,4,0.4028,-99,-99,-99,-99,-99,-99,-99,-99,-99,1.8218,none,-99,-99
1992,MX,6,A,1,-99,-99,5,0.3911,-99,-99,4,0.3295,-99,-99,-99,-99,-99,-99,-99,-99,1.4985,0.4909,none,-99,16.8341
1992,MX,6,A,2,-99,-99,5,0.6275,-99,-99,3,0.5713,-99,-99,-99,-99,-99,-99,-99,-99,-99,1.3069,none,-99,-99
1992,MX,6,A,3,-99,-99,0,0,-99,-99,5,0.7143,-99,-99,-99,-99,-99,-99,-99,-99,-99,4.5622,none,-99,-99
1992,MX,6,A,4,-99,-99,0,0,-99,-99,11,1.5422,-99,-99,-99,-99,-99,-99,-99,-99,-99,1.0917,none,-99,-99
1992,MX,6,A,5,-99,-99,11,1.6032,-99,-99,3,0.4575,-99,-99,-99,-99,-99,-99,-99,-99,-99,7.8839,none,-99,-99
1992,MX,7,C,1,-99,-99,0,0,-99,-99,3,0.5397,-99,-99,-99,-99,-99,-99,-99,-99,1.0194,0.2965,none,-99,6.7467
1992,MX,7,C,2,-99,-99,0,0,-99,-99,19,1.5665,-99,-99,-99,-99,-99,-99,-99,-99,-99,0.5362,none,-99,-99
1992,MX,7,C,3,-99,-99,0,0,-99,-99,14,1.5781,-99,-99,-99,-99,-99,-99,-99,-99,-99,2.1993,none,-99,-99
1992,MX,7,C,4,-99,-99,0,0,-99,-99,7,0.7226,-99,-99,-99,-99,-99,-99,-99,-99,-99,0.2996,none,-99,-99
1992,MX,7,C,5,-99,-99,0,0,-99,-99,8,0.7101,-99,-99,-99,-99,-99,-99,-99,-99,-99,2.3957,none,-99,-99
1992,MX,8,E,1,-99,-99,0,0,-99,-99,13,1.4013,-99,-99,-99,-99,-99,-99,-99,-99,2.5888,6.4187,none,-99,29.3123
1992,MX,8,E,2,-99,-99,0,0,-99,-99,11,1.8813,-99,-99,-99,-99,-99,-99,-99,-99,-99,3.8999,none,-99,-99
1992,MX,8,E,3,-99,-99,0,0,-99,-99,5,0.7641,-99,-99,-99,-99,-99,-99,-99,-99,-99,3.1336,none,-99,-99
1992,MX,8,E,4,-99,-99,0,0,-99,-99,7,1.6049,-99,-99,-99,-99,-99,-99,-99,-99,-99,4.726,none,-99,-99
1992,MX,8,E,5,-99,-99,0,0,-99,-99,1,0.089,-99,-99,-99,-99,-99,-99,-99,-99,-99,8.5453,none,-99,-99
1992,MX,9,A,1,-99,-99,14,2.3383,-99,-99,1,0.1283,-99,-99,-99,-99,-99,-99,-99,-99,0.2906,6.4428,none,-99,31.0903
1992,MX,9,A,2,-99,-99,9,0.5867,-99,-99,0,0,-99,-99,-99,-99,-99,-99,-99,-99,-99,2.0943,none,-99,-99
1992,MX,9,A,3,-99,-99,8,1.1091,-99,-99,1,0.0365,-99,-99,-99,-99,-99,-99,-99,-99,-99,7.6413,none,-99,-99
1992,MX,9,A,4,-99,-99,8,0.9409,-99,-99,0,0,-99,-99,-99,-99,-99,-99,-99,-99,-99,1.8725,none,-99,-99
1992,MX,9,A,5,-99,-99,11,1.9867,-99,-99,1,0.283,-99,-99,-99,-99,-99,-99,-99,-99,-99,12.7488,none,-99,-99
1992,MX,10,C,1,-99,-99,16,1.7419,-99,-99,0,0,-99,-99,-99,-99,-99,-99,-99,-99,1.174,1.1381,none,-99,11.2575
1992,MX,10,C,2,-99,-99,14,1.763,-99,-99,1,0.3347,-99,-99,-99,-99,-99,-99,-99,-99,-99,2.9702,none,-99,-99
1992,MX,10,C,3,-99,-99,19,2.2827,-99,-99,1,0.0349,-99,-99,-99,-99,-99,-99,-99,-99,-99,2.2764,none,-99,-99
1992,MX,10,C,4,-99,-99,21,2.6502,-99,-99,1,0.1202,-99,-99,-99,-99,-99,-99,-99,-99,-99,1.3071,none,-99,-99
1992,MX,10,C,5,-99,-99,7,0.8569,-99,-99,1,0.0846,-99,-99,-99,-99,-99,-99,-99,-99,-99,2.3917,none,-99,-99
1992,MX,11,E,1,-99,-99,13,1.6606,-99,-99,1,0.176,-99,-99,-99,-99,-99,-99,-99,-99,4.6878,3.8678,none,-99,25.0241
1992,MX,11,E,2,-99,-99,18,2.6466,-99,-99,0,0,-99,-99,-99,-99,-99,-99,-99,-99,-99,1.1837,none,-99,-99
1992,MX,11,E,3,-99,-99,4,0.5789,-99,-99,0,0,-99,-99,-99,-99,-99,-99,-99,-99,-99,1.8818,none,-99,-99
1992,MX,11,E,4,-99,-99,11,1.1886,-99,-99,0,0,-99,-99,-99,-99,-99,-99,-99,-99,-99,9.9394,none,-99,-99
1992,MX,11,E,5,-99,-99,9,0.6243,-99,-99,0,0,-99,-99,-99,-99,-99,-99,-99,-99,-99,3.4636,none,-99,-99
1992,MX,12,A,1,-99,-99,15,2.2068,-99,-99,0,0,-99,-99,-99,-99,-99,-99,-99,-99,0,9.7649,none,-99,32.6254
1992,MX,12,A,2,-99,-99,9,1.5088,-99,-99,3,0.248,-99,-99,-99,-99,-99,-99,-99,-99,-99,8.9836,none,-99,-99
1992,MX,12,A,3,-99,-99,20,2.7391,-99,-99,2,0.2072,-99,-99,-99,-99,-99,-99,-99,-99,-99,7.883,none,-99,-99
1992,MX,12,A,4,-99,-99,7,0.8561,-99,-99,0,0,-99,-99,-99,-99,-99,-99,-99,-99,-99,3.0801,none,-99,-99
1992,MX,12,A,5,-99,-99,8,1.1604,-99,-99,5,0.6971,-99,-99,-99,-99,-99,-99,-99,-99,-99,2.9138,none,-99,-99
1992,MX,13,E,1,-99,-99,14,2.0052,-99,-99,1,0.0417,-99,-99,-99,-99,-99,-99,-99,-99,0,5.3683,none,-99,39.3046
1992,MX,13,E,2,-99,-99,13,1.5404,-99,-99,2,0.1123,-99,-99,-99,-99,-99,-99,-99,-99,-99,11.6775,none,-99,-99
1992,MX,13,E,3,-99,-99,0,0,-99,-99,13,0.299,-99,-99,-99,-99,-99,-99,-99,-99,-99,3.769,none,-99,-99
1992,MX,13,E,4,-99,-99,4,0.4707,-99,-99,1,0.0435,-99,-99,-99,-99,-99,-99,-99,-99,-99,4.763,none,-99,-99
1992,MX,13,E,5,-99,-99,16,2.1613,-99,-99,0,0,-99,-99,-99,-99,-99,-99,-99,-99,-99,13.7268,none,-99,-99
1992,MX,14,C,1,-99,-99,23,3.2239,-99,-99,0,0,-99,-99,-99,-99,-99,-99,-99,-99,0,3.5588,none,-99,8.4048
1992,MX,14,C,2,-99,-99,7,0.9587,-99,-99,0,0,-99,-99,-99,-99,-99,-99,-99,-99,-99,1.2365,none,-99,-99
1992,MX,14,C,3,-99,-99,18,1.9035,-99,-99,0,0,-99,-99,-99,-99,-99,-99,-99,-99,-99,1.4621,none,-99,-99
1992,MX,14,C,4,-99,-99,12,1.1802,-99,-99,0,0,-99,-99,-99,-99,-99,-99,-99,-99,-99,1.9024,none,-99,-99
1992,MX,14,C,5,-99,-99,8,0.8965,-99,-99,1,0.0296,-99,-99,-99,-99,-99,-99,-99,-99,-99,0.245,none,-99,-99
1992,MX,15,A,1,-99,-99,0,0,-99,-99,3,0.8905,-99,-99,-99,-99,-99,-99,-99,-99,0,4.7327,none,-99,23.6101
1992,MX,15,A,2,-99,-99,4,0.3071,-99,-99,0,0,-99,-99,-99,-99,-99,-99,-99,-99,-99,3.0133,none,-99,-99
1992,MX,15,A,3,-99,-99,0,0,-99,-99,4,0.5839,-99,-99,-99,-99,-99,-99,-99,-99,-99,6.6295,none,-99,-99
1992,MX,15,A,4,-99,-99,2,0.3842,-99,-99,3,0.9361,-99,-99,-99,-99,-99,-99,-99,-99,-99,5.7955,none,-99,-99
1992,MX,15,A,5,-99,-99,3,0.2251,-99,-99,1,0.1367,-99,-99,-99,-99,-99,-99,-99,-99,-99,3.4391,none,-99,-99
1993,SP,1,E,1,-99,-99,8,0.87,0.21,1.08,0,0,0,0,none,0,0,none,0,0,0,1.16,none,-99,1.16
1993,SP,1,E,2,-99,-99,13,1.13,0.17,1.3,0,0,0,0,none,0,0,none,0,0,0,1.64,none,-99,1.64
1993,SP,1,E,3,-99,-99,7,0.69,0.05,0.74,0,0,0,0,none,0,0,none,0,0,0,3.2,none,-99,3.2
1993,SP,1,E,4,-99,-99,17,2.66,0.37,3.03,0,0,0,0,none,0,0,none,0,0,0,3.04,none,-99,3.04
1993,SP,1,E,5,-99,-99,7,0.64,0.08,0.72,0,0,0,0,none,0,0,none,0,0,0,0.26,none,-99,0.26
1993,SP,2,A,1,-99,-99,17,3.05,0.13,3.18,0,0,0,0,none,0,0,none,0,0,0,5.28,none,-99,5.28
1993,SP,2,A,2,-99,-99,10,1.64,0.05,1.69,0,0,0,0,none,0,0,none,0,0,0,2.94,none,-99,2.94
1993,SP,2,A,3,-99,-99,2,0.14,0.006,0.146,0,0,0,0,none,0,0,none,0,0,0,3.13,none,-99,3.13
1993,SP,2,A,4,-99,-99,5,0.84,0.04,0.88,0,0,0,0,none,0,0,none,0,0,0,5.86,none,-99,5.86
1993,SP,2,A,5,-99,-99,1,0.42,0.01,0.43,0,0,0,0,none,0,0,none,0,0,0,2.97,none,-99,2.97
1993,SP,3,C,1,-99,-99,8,0.63,0.08,0.71,0,0,0,0,none,0,0,none,0,0,0,1.82,none,-99,1.82
1993,SP,3,C,2,-99,-99,6,0.54,0.02,0.56,0,0,0,0,none,0,0,none,0,0,0,1.6,none,-99,1.6
1993,SP,3,C,3,-99,-99,15,2.2,0.23,2.43,0,0,0,0,none,0,0,none,0,0,0,2.05,none,-99,2.05
1993,SP,3,C,4,-99,-99,13,2.87,0.11,2.98,0,0,0,0,none,0,0,none,0,0,0,1.88,none,-99,1.88
1993,SP,3,C,5,-99,-99,13,1.77,0.12,1.89,0,0,0,0,none,0,0,none,0,0,0,2.3,none,-99,2.3
1993,SP,4,E,1,-99,-99,13,2.66,0.11,2.77,0,0,0,0,none,0,0,none,0,0,0,0.61,none,-99,0.61
1993,SP,4,E,2,-99,-99,6,1.07,0.12,1.19,0,0,0,0,none,0,0,none,0,0,0,2.78,none,-99,2.78
1993,SP,4,E,3,-99,-99,6,1.51,0.12,1.63,0,0,0,0,none,0,0,none,0,0,0,0.66,none,-99,0.66
1993,SP,4,E,4,-99,-99,14,3.25,0.1,3.35,0,0,0,0,none,0,0,none,0,0,0,2.47,none,-99,2.47
1993,SP,4,E,5,-99,-99,17,3.79,0.17,3.96,0,0,0,0,none,0,0,none,0,0,0,2.23,none,-99,2.23
1993,SP,5,A,1,-99,-99,11,1.56,0.15,1.71,0,0,0,0,none,0,0,none,0,0,0,0.76,none,-99,0.76
1993,SP,5,A,2,-99,-99,8,0.9,0.14,1.04,0,0,0,0,none,0,0,none,0,0,0,4.62,none,-99,4.62
1993,SP,5,A,3,-99,-99,8,0.97,0.1,1.07,0,0,0,0,none,0,0,none,0,0,0,3.49,none,-99,3.49
1993,SP,5,A,4,-99,-99,9,1.41,0.1,1.51,0,0,0,0,none,0,0,none,0,0,0,0.92,none,-99,0.92
1993,SP,5,A,5,-99,-99,8,1.02,0.17,1.19,0,0,0,0,none,0,0,none,0,0,0,2.04,none,-99,2.04
1993,SP,6,C,1,-99,-99,12,1.02,0.29,1.31,0,0,0,0,none,0,0,none,0,0,0,2.33,none,-99,2.33
1993,SP,6,C,2,-99,-99,9,1.44,0.16,1.6,0,0,0,0,none,0,0,none,0,0,0,0.37,none,-99,0.37
1993,SP,6,C,3,-99,-99,9,1.34,0.14,1.48,0,0,0,0,none,0,0,none,0,0,0,0.42,none,-99,0.42
1993,SP,6,C,4,-99,-99,3,0.33,0.07,0.4,0,0,0,0,none,0,0,none,0,0,0,0.83,none,-99,0.83
1993,SP,6,C,5,-99,-99,7,0.95,0.07,1.02,0,0,0,0,none,0,0,none,0,0,0,1.17,none,-99,1.17
1993,SP,7,C,1,-99,-99,34,3.32,0.48,3.8,0,0,0,0,none,0,0,none,0,0,0,0.43,none,-99,0.43
1993,SP,7,C,2,-99,-99,8,0.67,0.17,0.84,0,0,0,0,none,0,0,none,0,0,0,1.46,none,-99,1.46
1993,SP,7,C,3,-99,-99,21,2.06,0.57,2.63,0,0,0,0,none,0,0,none,0,0,0,2.05,none,-99,2.05
1993,SP,7,C,4,-99,-99,11,1.51,0.21,1.72,0,0,0,0,none,0,0,none,0,0,0,1.45,none,-99,1.45
1993,SP,7,C,5,-99,-99,6,0.56,0.09,0.65,0,0,0,0,none,0,0,none,0,0,0,1.1,none,-99,1.1
1993,SP,8,E,1,-99,-99,14,1.6,0.12,1.72,0,0,0,0,none,0,0,none,0,0,0,0.16,none,-99,0.16
1993,SP,8,E,2,-99,-99,17,1.09,0.14,1.23,0,0,0,0,none,0,0,none,0,0,0,3.22,none,-99,3.22
1993,SP,8,E,3,-99,-99,14,0.89,0.12,1.01,0,0,0,0,none,0,0,none,0,0,0,0.24,none,-99,0.24
1993,SP,8,E,4,-99,-99,17,1.27,0.18,1.45,0,0,0,0,none,0,0,none,0,0,0,3.42,none,-99,3.42
1993,SP,8,E,5,-99,-99,15,0.68,0.13,0.81,0,0,0,0,none,0,0,none,0,0,0,1.63,none,-99,1.63
1993,SP,9,A,1,-99,-99,21,2.54,0.74,3.28,0,0,0,0,none,0,0,none,0,0,0,4.61,none,-99,4.61
1993,SP,9,A,2,-99,-99,17,0.65,0.09,0.74,0,0,0,0,none,0,0,none,0,0,0,6.59,none,-99,6.59
1993,SP,9,A,3,-99,-99,4,0.41,0.08,0.49,0,0,0,0,none,0,0,none,0,0,0,1.06,none,-99,1.06
1993,SP,9,A,4,-99,-99,3,0.27,0.05,0.32,0,0,0,0,none,0,0,none,0,0,0,4.51,none,-99,4.51
1993,SP,9,A,5,-99,-99,16,1.7,0.22,1.92,0,0,0,0,none,0,0,none,0,0,0,4.58,none,-99,4.58
1993,SP,10,E,1,-99,-99,14,1.25,0.23,1.48,0,0,0,0,none,0,0,none,0,0,0,6.27,none,-99,6.27
1993,SP,10,E,2,-99,-99,3,0.16,0.04,0.2,0,0,0,0,none,0,0,none,0,0,0,1.08,none,-99,1.08
1993,SP,10,E,3,-99,-99,17,1.83,0.21,2.04,0,0,0,0,none,0,0,none,0,0,0,3.56,none,-99,3.56
1993,SP,10,E,4,-99,-99,27,3.33,0.45,3.78,0,0,0,0,none,0,0,none,0,0,0,2.13,none,-99,2.13
1993,SP,10,E,5,-99,-99,17,2.11,0.4,2.51,0,0,0,0,none,0,0,none,0,0,0,2.01,none,-99,2.01
1993,SP,11,A,1,-99,-99,26,3.24,0.38,3.62,0,0,0,0,none,0,0,none,0,0,0,6.55,none,-99,6.55
1993,SP,11,A,2,-99,-99,2,0.41,0.06,0.47,0,0,0,0,none,0,0,none,0,0,0,4.27,none,-99,4.27
1993,SP,11,A,3,-99,-99,10,1.15,0.19,1.34,0,0,0,0,none,0,0,none,0,0,0,4.8,none,-99,4.8
1993,SP,11,A,4,-99,-99,23,1.84,0.28,2.12,0,0,0,0,none,0,0,none,0,0,0,1.74,none,-99,1.74
1993,SP,11,A,5,-99,-99,4,0.52,0.05,0.57,0,0,0,0,none,0,0,none,0,0,0,2.02,none,-99,2.02
1993,SP,12,C,1,-99,-99,22,2.66,0.45,3.11,0,0,0,0,none,0,0,none,0,0,0,0.44,none,-99,0.44
1993,SP,12,C,2,-99,-99,4,0.49,0.05,0.54,0,0,0,0,none,0,0,none,0,0,0,6.99,none,-99,6.99
1993,SP,12,C,3,-99,-99,23,2.2,0.33,2.53,0,0,0,0,none,0,0,none,0,0,0,2.86,none,-99,2.86
1993,SP,12,C,4,-99,-99,22,2.24,0.27,2.51,0,0,0,0,none,0,0,none,0,0,0,4.84,none,-99,4.84
1993,SP,12,C,5,-99,-99,21,1.55,0.41,1.96,0,0,0,0,none,0,0,none,0,0,0,0.41,none,-99,0.41
1993,SP,13,A,1,-99,-99,22,2.06,0.18,2.24,0,0,0,0,none,0,0,none,0,0,0,2.07,none,-99,2.07
1993,SP,13,A,2,-99,-99,21,2.15,0.3,2.45,0,0,0,0,none,0,0,none,0,0,0,3.69,none,-99,3.69
1993,SP,13,A,3,-99,-99,18,1.27,0.23,1.5,0,0,0,0,none,0,0,none,0,0,0,6.88,none,-99,6.88
1993,SP,13,A,4,-99,-99,13,1.38,0.39,1.77,0,0,0,0,none,0,0,none,0,0,0,2.3,none,-99,2.3
1993,SP,13,A,5,-99,-99,16,1.73,0.17,1.9,0,0,0,0,none,0,0,none,0,0,0,2.18,none,-99,2.18
1993,SP,14,E,1,-99,-99,35,4.23,0.52,4.75,0,0,0,0,none,0,0,none,0,0,0,3.62,none,-99,3.62
1993,SP,14,E,2,-99,-99,21,2.42,0.4,2.82,0,0,0,0,none,0,0,none,0,0,0,4.65,none,-99,4.65
1993,SP,14,E,3,-99,-99,16,1.74,0.22,1.96,0,0,0,0,none,0,0,none,0,0,0,4.62,none,-99,4.62
1993,SP,14,E,4,-99,-99,10,0.46,0.06,0.52,0,0,0,0,none,0,0,none,0,0,0,3.7,none,-99,3.7
1993,SP,14,E,5,-99,-99,23,2.59,0.33,2.92,0,0,0,0,none,0,0,none,0,0,0,1.84,none,-99,1.84
1993,SP,15,C,1,-99,-99,7,1.14,0.21,1.35,0,0,0,0,none,0,0,none,0,0,0,2.6,none,-99,2.6
1993,SP,15,C,2,-99,-99,6,0.68,0.11,0.79,0,0,0,0,none,0,0,none,0,0,0,0.13,none,-99,0.13
1993,SP,15,C,3,-99,-99,14,1.01,0.11,1.12,0,0,0,0,none,0,0,none,0,0,0,1.78,none,-99,1.78
1993,SP,15,C,4,-99,-99,13,1.49,0.28,1.77,0,0,0,0,none,0,0,none,0,0,0,0.91,none,-99,0.91
1993,SP,15,C,5,-99,-99,8,0.96,0.22,1.18,0,0,0,0,none,0,0,none,0,0,0,0.94,none,-99,0.94
1993,SC,1,E,1,-99,-99,-99,-99,-99,-99,-99,-99,-99,-99,-99,-99,-99,-99,-99,-99,-99,-99,none,-99,-99
1993,SC,1,E,2,-99,-99,-99,-99,-99,-99,-99,-99,-99,-99,-99,-99,-99,-99,-99,-99,-99,-99,none,-99,-99
1993,SC,1,E,3,-99,-99,-99,-99,-99,-99,-99,-99,-99,-99,-99,-99,-99,-99,-99,-99,-99,-99,none,-99,-99
1993,SC,1,E,4,-99,-99,-99,-99,-99,-99,-99,-99,-99,-99,-99,-99,-99,-99,-99,-99,-99,-99,none,-99,-99
1993,SC,1,E,5,-99,-99,-99,-99,-99,-99,-99,-99,-99,-99,-99,-99,-99,-99,-99,-99,-99,-99,none,-99,-99
1993,SC,2,A,1,-99,-99,-99,-99,-99,-99,-99,-99,-99,-99,-99,-99,-99,-99,-99,-99,-99,-99,none,-99,-99
1993,SC,2,A,2,-99,-99,-99,-99,-99,-99,-99,-99,-99,-99,-99,-99,-99,-99,-99,-99,-99,-99,none,-99,-99
1993,SC,2,A,3,-99,-99,-99,-99,-99,-99,-99,-99,-99,-99,-99,-99,-99,-99,-99,-99,-99,-99,none,-99,-99
1993,SC,2,A,4,-99,-99,-99,-99,-99,-99,-99,-99,-99,-99,-99,-99,-99,-99,-99,-99,-99,-99,none,-99,-99
1993,SC,2,A,5,-99,-99,-99,-99,-99,-99,-99,-99,-99,-99,-99,-99,-99,-99,-99,-99,-99,-99,none,-99,-99
1993,SC,3,C,1,-99,-99,-99,-99,-99,-99,-99,-99,-99,-99,-99,-99,-99,-99,-99,-99,-99,-99,none,-99,-99
1993,SC,3,C,2,-99,-99,-99,-99,-99,-99,-99,-99,-99,-99,-99,-99,-99,-99,-99,-99,-99,-99,none,-99,-99
1993,SC,3,C,3,-99,-99,-99,-99,-99,-99,-99,-99,-99,-99,-99,-99,-99,-99,-99,-99,-99,-99,none,-99,-99
1993,SC,3,C,4,-99,-99,-99,-99,-99,-99,-99,-99,-99,-99,-99,-99,-99,-99,-99,-99,-99,-99,none,-99,-99
1993,SC,3,C,5,-99,-99,-99,-99,-99,-99,-99,-99,-99,-99,-99,-99,-99,-99,-99,-99,-99,-99,none,-99,-99
1993,SC,4,A,1,-99,-99,-99,-99,-99,-99,-99,-99,-99,-99,-99,-99,-99,-99,-99,-99,-99,-99,none,-99,-99
1993,SC,4,A,2,-99,-99,-99,-99,-99,-99,-99,-99,-99,-99,-99,-99,-99,-99,-99,-99,-99,-99,none,-99,-99
1993,SC,4,A,3,-99,-99,-99,-99,-99,-99,-99,-99,-99,-99,-99,-99,-99,-99,-99,-99,-99,-99,none,-99,-99
1993,SC,4,A,4,-99,-99,-99,-99,-99,-99,-99,-99,-99,-99,-99,-99,-99,-99,-99,-99,-99,-99,none,-99,-99
1993,SC,4,A,5,-99,-99,-99,-99,-99,-99,-99,-99,-99,-99,-99,-99,-99,-99,-99,-99,-99,-99,none,-99,-99
1993,SC,5,C,1,-99,-99,-99,-99,-99,-99,-99,-99,-99,-99,-99,-99,-99,-99,-99,-99,-99,-99,none,-99,-99
1993,SC,5,C,2,-99,-99,-99,-99,-99,-99,-99,-99,-99,-99,-99,-99,-99,-99,-99,-99,-99,-99,none,-99,-99
1993,SC,5,C,3,-99,-99,-99,-99,-99,-99,-99,-99,-99,-99,-99,-99,-99,-99,-99,-99,-99,-99,none,-99,-99
1993,SC,5,C,4,-99,-99,-99,-99,-99,-99,-99,-99,-99,-99,-99,-99,-99,-99,-99,-99,-99,-99,none,-99,-99
1993,SC,5,C,5,-99,-99,-99,-99,-99,-99,-99,-99,-99,-99,-99,-99,-99,-99,-99,-99,-99,-99,none,-99,-99
1993,SC,6,E,1,-99,-99,-99,-99,-99,-99,-99,-99,-99,-99,-99,-99,-99,-99,-99,-99,-99,-99,none,-99,-99
1993,SC,6,E,2,-99,-99,-99,-99,-99,-99,-99,-99,-99,-99,-99,-99,-99,-99,-99,-99,-99,-99,none,-99,-99
1993,SC,6,E,3,-99,-99,-99,-99,-99,-99,-99,-99,-99,-99,-99,-99,-99,-99,-99,-99,-99,-99,none,-99,-99
1993,SC,6,E,4,-99,-99,-99,-99,-99,-99,-99,-99,-99,-99,-99,-99,-99,-99,-99,-99,-99,-99,none,-99,-99
1993,SC,6,E,5,-99,-99,-99,-99,-99,-99,-99,-99,-99,-99,-99,-99,-99,-99,-99,-99,-99,-99,none,-99,-99
1993,SC,7,C,1,-99,-99,-99,-99,-99,-99,-99,-99,-99,-99,-99,-99,-99,-99,-99,-99,-99,-99,none,-99,-99
1993,SC,7,C,2,-99,-99,-99,-99,-99,-99,-99,-99,-99,-99,-99,-99,-99,-99,-99,-99,-99,-99,none,-99,-99
1993,SC,7,C,3,-99,-99,-99,-99,-99,-99,-99,-99,-99,-99,-99,-99,-99,-99,-99,-99,-99,-99,none,-99,-99
1993,SC,7,C,4,-99,-99,-99,-99,-99,-99,-99,-99,-99,-99,-99,-99,-99,-99,-99,-99,-99,-99,none,-99,-99
1993,SC,7,C,5,-99,-99,-99,-99,-99,-99,-99,-99,-99,-99,-99,-99,-99,-99,-99,-99,-99,-99,none,-99,-99
1993,SC,8,A,1,-99,-99,-99,-99,-99,-99,-99,-99,-99,-99,-99,-99,-99,-99,-99,-99,-99,-99,none,-99,-99
1993,SC,8,A,2,-99,-99,-99,-99,-99,-99,-99,-99,-99,-99,-99,-99,-99,-99,-99,-99,-99,-99,none,-99,-99
1993,SC,8,A,3,-99,-99,-99,-99,-99,-99,-99,-99,-99,-99,-99,-99,-99,-99,-99,-99,-99,-99,none,-99,-99
1993,SC,8,A,4,-99,-99,-99,-99,-99,-99,-99,-99,-99,-99,-99,-99,-99,-99,-99,-99,-99,-99,none,-99,-99
1993,SC,8,A,5,-99,-99,-99,-99,-99,-99,-99,-99,-99,-99,-99,-99,-99,-99,-99,-99,-99,-99,none,-99,-99
1993,SC,9,E,1,-99,-99,-99,-99,-99,-99,-99,-99,-99,-99,-99,-99,-99,-99,-99,-99,-99,-99,none,-99,-99
1993,SC,9,E,2,-99,-99,-99,-99,-99,-99,-99,-99,-99,-99,-99,-99,-99,-99,-99,-99,-99,-99,none,-99,-99
1993,SC,9,E,3,-99,-99,-99,-99,-99,-99,-99,-99,-99,-99,-99,-99,-99,-99,-99,-99,-99,-99,none,-99,-99
1993,SC,9,E,4,-99,-99,-99,-99,-99,-99,-99,-99,-99,-99,-99,-99,-99,-99,-99,-99,-99,-99,none,-99,-99
1993,SC,9,E,5,-99,-99,-99,-99,-99,-99,-99,-99,-99,-99,-99,-99,-99,-99,-99,-99,-99,-99,none,-99,-99
1993,SC,10,E,1,-99,-99,-99,-99,-99,-99,-99,-99,-99,-99,-99,-99,-99,-99,-99,-99,-99,-99,none,-99,-99
1993,SC,10,E,2,-99,-99,-99,-99,-99,-99,-99,-99,-99,-99,-99,-99,-99,-99,-99,-99,-99,-99,none,-99,-99
1993,SC,10,E,3,-99,-99,-99,-99,-99,-99,-99,-99,-99,-99,-99,-99,-99,-99,-99,-99,-99,-99,none,-99,-99
1993,SC,10,E,4,-99,-99,-99,-99,-99,-99,-99,-99,-99,-99,-99,-99,-99,-99,-99,-99,-99,-99,none,-99,-99
1993,SC,10,E,5,-99,-99,-99,-99,-99,-99,-99,-99,-99,-99,-99,-99,-99,-99,-99,-99,-99,-99,none,-99,-99
1993,SC,11,C,1,-99,-99,-99,-99,-99,-99,-99,-99,-99,-99,-99,-99,-99,-99,-99,-99,-99,-99,none,-99,-99
1993,SC,11,C,2,-99,-99,-99,-99,-99,-99,-99,-99,-99,-99,-99,-99,-99,-99,-99,-99,-99,-99,none,-99,-99
1993,SC,11,C,3,-99,-99,-99,-99,-99,-99,-99,-99,-99,-99,-99,-99,-99,-99,-99,-99,-99,-99,none,-99,-99
1993,SC,11,C,4,-99,-99,-99,-99,-99,-99,-99,-99,-99,-99,-99,-99,-99,-99,-99,-99,-99,-99,none,-99,-99
1993,SC,11,C,5,-99,-99,-99,-99,-99,-99,-99,-99,-99,-99,-99,-99,-99,-99,-99,-99,-99,-99,none,-99,-99
1993,SC,12,A,1,-99,-99,-99,-99,-99,-99,-99,-99,-99,-99,-99,-99,-99,-99,-99,-99,-99,-99,none,-99,-99
1993,SC,12,A,2,-99,-99,-99,-99,-99,-99,-99,-99,-99,-99,-99,-99,-99,-99,-99,-99,-99,-99,none,-99,-99
1993,SC,12,A,3,-99,-99,-99,-99,-99,-99,-99,-99,-99,-99,-99,-99,-99,-99,-99,-99,-99,-99,none,-99,-99
1993,SC,12,A,4,-99,-99,-99,-99,-99,-99,-99,-99,-99,-99,-99,-99,-99,-99,-99,-99,-99,-99,none,-99,-99
1993,SC,12,A,5,-99,-99,-99,-99,-99,-99,-99,-99,-99,-99,-99,-99,-99,-99,-99,-99,-99,-99,none,-99,-99
1993,SC,13,C,1,-99,-99,-99,-99,-99,-99,-99,-99,-99,-99,-99,-99,-99,-99,-99,-99,-99,-99,none,-99,-99
1993,SC,13,C,2,-99,-99,-99,-99,-99,-99,-99,-99,-99,-99,-99,-99,-99,-99,-99,-99,-99,-99,none,-99,-99
1993,SC,13,C,3,-99,-99,-99,-99,-99,-99,-99,-99,-99,-99,-99,-99,-99,-99,-99,-99,-99,-99,none,-99,-99
1993,SC,13,C,4,-99,-99,-99,-99,-99,-99,-99,-99,-99,-99,-99,-99,-99,-99,-99,-99,-99,-99,none,-99,-99
1993,SC,13,C,5,-99,-99,-99,-99,-99,-99,-99,-99,-99,-99,-99,-99,-99,-99,-99,-99,-99,-99,none,-99,-99
1993,SC,14,E,1,-99,-99,-99,-99,-99,-99,-99,-99,-99,-99,-99,-99,-99,-99,-99,-99,-99,-99,none,-99,-99
1993,SC,14,E,2,-99,-99,-99,-99,-99,-99,-99,-99,-99,-99,-99,-99,-99,-99,-99,-99,-99,-99,none,-99,-99
1993,SC,14,E,3,-99,-99,-99,-99,-99,-99,-99,-99,-99,-99,-99,-99,-99,-99,-99,-99,-99,-99,none,-99,-99
1993,SC,14,E,4,-99,-99,-99,-99,-99,-99,-99,-99,-99,-99,-99,-99,-99,-99,-99,-99,-99,-99,none,-99,-99
1993,SC,14,E,5,-99,-99,-99,-99,-99,-99,-99,-99,-99,-99,-99,-99,-99,-99,-99,-99,-99,-99,none,-99,-99
1993,SC,15,A,1,-99,-99,-99,-99,-99,-99,-99,-99,-99,-99,-99,-99,-99,-99,-99,-99,-99,-99,none,-99,-99
1993,SC,15,A,2,-99,-99,-99,-99,-99,-99,-99,-99,-99,-99,-99,-99,-99,-99,-99,-99,-99,-99,none,-99,-99
1993,SC,15,A,3,-99,-99,-99,-99,-99,-99,-99,-99,-99,-99,-99,-99,-99,-99,-99,-99,-99,-99,none,-99,-99
1993,SC,15,A,4,-99,-99,-99,-99,-99,-99,-99,-99,-99,-99,-99,-99,-99,-99,-99,-99,-99,-99,none,-99,-99
1993,SC,15,A,5,-99,-99,-99,-99,-99,-99,-99,-99,-99,-99,-99,-99,-99,-99,-99,-99,-99,-99,none,-99,-99
1993,MX,1,E,1,-99,-99,0,0,0,0,8,1.28,0.04,1.32,-99,-99,-99,-99,-99,-99,-99,-99,none,-99,4
1993,MX,1,E,2,-99,-99,0,0,0,0,9,1.82,0.08,1.9,-99,-99,-99,-99,-99,-99,-99,-99,none,-99,2.4
1993,MX,1,E,3,-99,-99,0,0,0,0,3,0.58,0.02,0.6,-99,-99,-99,-99,-99,-99,-99,-99,none,-99,5.45
1993,MX,1,E,4,-99,-99,0,0,0,0,8,1.04,0.07,1.11,-99,-99,-99,-99,-99,-99,-99,-99,none,-99,4.62
1993,MX,1,E,5,-99,-99,0,0,0,0,2,0.35,0.03,0.38,-99,-99,-99,-99,-99,-99,-99,-99,none,-99,5.21
1993,MX,2,A,1,-99,-99,2,0.58,0.01,0.59,11,1.36,0.02,1.38,-99,-99,-99,-99,-99,-99,-99,-99,none,-99,1.79
1993,MX,2,A,2,-99,-99,3,0.22,0.16,0.38,4,0.66,0.01,0.67,-99,-99,-99,-99,-99,-99,-99,-99,none,-99,3.81
1993,MX,2,A,3,-99,-99,0,0,0,0,6,1.03,0.01,1.04,-99,-99,-99,-99,-99,-99,-99,-99,none,-99,3.09
1993,MX,2,A,4,-99,-99,1,0.18,0,0.18,1,0.11,0,0.11,-99,-99,-99,-99,-99,-99,-99,-99,none,-99,5.5
1993,MX,2,A,5,-99,-99,0,0,0,0,5,0.84,0,0.84,-99,-99,-99,-99,-99,-99,-99,-99,none,-99,3.31
1993,MX,3,C,1,-99,-99,10,2.47,0.02,2.49,2,0.29,0,0.29,-99,-99,-99,-99,-99,-99,-99,-99,none,-99,5.26
1993,MX,3,C,2,-99,-99,7,1.33,0.1,1.43,4,0.71,0.05,0.76,-99,-99,-99,-99,-99,-99,-99,-99,none,-99,1.92
1993,MX,3,C,3,-99,-99,9,1.37,0.14,1.51,2,0.61,0,0.61,-99,-99,-99,-99,-99,-99,-99,-99,none,-99,2.16
1993,MX,3,C,4,-99,-99,14,2.16,0.19,2.35,4,0.54,0,0.54,-99,-99,-99,-99,-99,-99,-99,-99,none,-99,1.1
1993,MX,3,C,5,-99,-99,13,2.26,0.15,2.41,1,0.17,0,0.17,-99,-99,-99,-99,-99,-99,-99,-99,none,-99,2.49
1993,MX,4,E,1,-99,-99,5,0.72,0.1,0.82,4,0.28,0.0032,0.2832,-99,-99,-99,-99,-99,-99,-99,-99,none,-99,2.55
1993,MX,4,E,2,-99,-99,0,0,0,0,9,1.07,0.1,1.17,-99,-99,-99,-99,-99,-99,-99,-99,none,-99,2.42
1993,MX,4,E,3,-99,-99,3,0.69,0.02,0.71,0,0,0,0,-99,-99,-99,-99,-99,-99,-99,-99,none,-99,1.92
1993,MX,4,E,4,-99,-99,0,0,0,0,3,1.22,0,1.22,-99,-99,-99,-99,-99,-99,-99,-99,none,-99,5.02
1993,MX,4,E,5,-99,-99,0,0,0,0,5,0.69,0,0.69,-99,-99,-99,-99,-99,-99,-99,-99,none,-99,2.48
1993,MX,5,C,1,-99,-99,11,1.6,0.065,1.665,1,0.09,0,0.09,-99,-99,-99,-99,-99,-99,-99,-99,none,-99,1.95
1993,MX,5,C,2,-99,-99,5,0.65,0,0.65,4,1.41,0.05,1.46,-99,-99,-99,-99,-99,-99,-99,-99,none,-99,2.41
1993,MX,5,C,3,-99,-99,16,2.61,0.3,2.91,3,0.53,0.06,0.590,-99,-99,-99,-99,-99,-99,-99,-99,none,-99,3.88
1993,MX,5,C,4,-99,-99,17,3.86,0.24,4.1,0,0,0,0,-99,-99,-99,-99,-99,-99,-99,-99,none,-99,3.29
1993,MX,5,C,5,-99,-99,5,1.09,0.096,1.186,0,0,0,0,-99,-99,-99,-99,-99,-99,-99,-99,none,-99,4.3
1993,MX,6,A,1,-99,-99,2,0.17,0,0.17,2,0.27,0,0.27,-99,-99,-99,-99,-99,-99,-99,-99,none,-99,4.04
1993,MX,6,A,2,-99,-99,6,1.12,0.04,1.16,4,0.45,0,0.45,-99,-99,-99,-99,-99,-99,-99,-99,none,-99,3.02
1993,MX,6,A,3,-99,-99,4,0.68,0.01,0.69,4,0.58,0.04,0.62,-99,-99,-99,-99,-99,-99,-99,-99,none,-99,9.27
1993,MX,6,A,4,-99,-99,1,0.13,0,0.13,6,0.8,0.03,0.83,-99,-99,-99,-99,-99,-99,-99,-99,none,-99,4.93
1993,MX,6,A,5,-99,-99,17,2.99,0.12,3.11,2,0.2,0,0.2,-99,-99,-99,-99,-99,-99,-99,-99,none,-99,9.46
1993,MX,7,C,1,-99,-99,0,0,0,0,3,0.36,0.06,0.42,-99,-99,-99,-99,-99,-99,-99,-99,none,-99,1.420
1993,MX,7,C,2,-99,-99,0,0,0,0,1,0.33,0.1,0.43,-99,-99,-99,-99,-99,-99,-99,-99,none,-99,2.94
1993,MX,7,C,3,-99,-99,0,0,0,0,1,0.06,0,0.06,-99,-99,-99,-99,-99,-99,-99,-99,none,-99,0.74
1993,MX,7,C,4,-99,-99,0,0,0,0,15,1.35,0.3,1.65,-99,-99,-99,-99,-99,-99,-99,-99,none,-99,2.41
1993,MX,7,C,5,-99,-99,0,0,0,0,6,0.35,0.15,0.5,-99,-99,-99,-99,-99,-99,-99,-99,none,-99,1.5
1993,MX,8,E,1,-99,-99,0,0,0,0,12,2.28,0.06,2.34,-99,-99,-99,-99,-99,-99,-99,-99,none,-99,5.42
1993,MX,8,E,2,-99,-99,0,0,0,0,14,1.86,0.03,1.89,-99,-99,-99,-99,-99,-99,-99,-99,none,-99,8.37
1993,MX,8,E,3,-99,-99,0,0,0,0,5,1.48,0.05,1.53,-99,-99,-99,-99,-99,-99,-99,-99,none,-99,9.33
1993,MX,8,E,4,-99,-99,0,0,0,0,5,1.37,0.06,1.43,-99,-99,-99,-99,-99,-99,-99,-99,none,-99,5.1
1993,MX,8,E,5,-99,-99,0,0,0,0,0,0,0,0,-99,-99,-99,-99,-99,-99,-99,-99,none,-99,1.58
1993,MX,9,A,1,-99,-99,3,0.27,0.05,0.32,5,1.05,0.18,1.23,-99,-99,-99,-99,-99,-99,-99,-99,none,-99,4.79
1993,MX,9,A,2,-99,-99,12,1.69,0.23,1.92,0,0,0,0,-99,-99,-99,-99,-99,-99,-99,-99,none,-99,3.74
1993,MX,9,A,3,-99,-99,16,2.06,0.23,2.29,4,0.8,0.02,0.82,-99,-99,-99,-99,-99,-99,-99,-99,none,-99,4.46
1993,MX,9,A,4,-99,-99,16,2.69,0.25,2.94,5,0.8,0.21,1.01,-99,-99,-99,-99,-99,-99,-99,-99,none,-99,1.93
1993,MX,9,A,5,-99,-99,7,1.21,0.08,1.29,3,0.31,0,0.31,-99,-99,-99,-99,-99,-99,-99,-99,none,-99,4.25
1993,MX,10,C,1,-99,-99,10,1.75,0.18,1.93,0,0,0,0,-99,-99,-99,-99,-99,-99,-99,-99,none,-99,1.12
1993,MX,10,C,2,-99,-99,17,2.12,0.41,2.53,1,0.03,0,0.03,-99,-99,-99,-99,-99,-99,-99,-99,none,-99,1.86
1993,MX,10,C,3,-99,-99,9,1.18,0.21,1.39,0,0,0,0,-99,-99,-99,-99,-99,-99,-99,-99,none,-99,2.11
1993,MX,10,C,4,-99,-99,26,3.66,0.83,4.49,0,0,0,0,-99,-99,-99,-99,-99,-99,-99,-99,none,-99,5.49
1993,MX,10,C,5,-99,-99,4,0.57,0.14,0.71,0,0,0,0,-99,-99,-99,-99,-99,-99,-99,-99,none,-99,0.54
1993,MX,11,E,1,-99,-99,1,0.06,0,0.06,0,0,0,0,-99,-99,-99,-99,-99,-99,-99,-99,none,-99,1.85
1993,MX,11,E,2,-99,-99,7,1.06,0.04,1.1,2,0.32,0.03,0.35,-99,-99,-99,-99,-99,-99,-99,-99,none,-99,2.54
1993,MX,11,E,3,-99,-99,9,1.29,0.09,1.38,0,0,0,0,-99,-99,-99,-99,-99,-99,-99,-99,none,-99,6.06
1993,MX,11,E,4,-99,-99,3,0.44,0.05,0.49,0,0,0,0,-99,-99,-99,-99,-99,-99,-99,-99,none,-99,2.02
1993,MX,11,E,5,-99,-99,9,0.95,0.15,1.1,0,0,0,0,-99,-99,-99,-99,-99,-99,-99,-99,none,-99,2.38
1993,MX,12,A,1,-99,-99,9,1.3,0.14,1.44,2,0.17,0.01,0.18,-99,-99,-99,-99,-99,-99,-99,-99,none,-99,3.67
1993,MX,12,A,2,-99,-99,21,3.36,0.18,3.54,0,0,0,0,-99,-99,-99,-99,-99,-99,-99,-99,none,-99,2.18
1993,MX,12,A,3,-99,-99,8,1.09,0.03,1.12,1,0.05,0,0.05,-99,-99,-99,-99,-99,-99,-99,-99,none,-99,2.87
1993,MX,12,A,4,-99,-99,4,0.44,0.08,0.52,4,0.44,0.03,0.47,-99,-99,-99,-99,-99,-99,-99,-99,none,-99,4
1993,MX,12,A,5,-99,-99,6,0.05,0.08,0.13,2,0.24,0.03,0.27,-99,-99,-99,-99,-99,-99,-99,-99,none,-99,3.25
1993,MX,13,E,1,-99,-99,22,2.58,0.27,2.85,6,0.77,0.04,0.81,-99,-99,-99,-99,-99,-99,-99,-99,none,-99,5.37
1993,MX,13,E,2,-99,-99,2,0.19,0.02,0.21,0,0,0,0,-99,-99,-99,-99,-99,-99,-99,-99,none,-99,3.2
1993,MX,13,E,3,-99,-99,3,0.46,0.13,0.59,0,0,0,0,-99,-99,-99,-99,-99,-99,-99,-99,none,-99,4.32
1993,MX,13,E,4,-99,-99,8,1.07,0.22,1.29,0,0,0,0,-99,-99,-99,-99,-99,-99,-99,-99,none,-99,5.27
1993,MX,13,E,5,-99,-99,5,0.51,0.14,0.65,0,0,0,0,-99,-99,-99,-99,-99,-99,-99,-99,none,-99,3.34
1993,MX,14,C,1,-99,-99,22,2,0.46,2.46,1,0.04,0,0.04,-99,-99,-99,-99,-99,-99,-99,-99,none,-99,3.09
1993,MX,14,C,2,-99,-99,9,0.94,0.31,1.25,0,0,0,0,-99,-99,-99,-99,-99,-99,-99,-99,none,-99,2.17
1993,MX,14,C,3,-99,-99,14,1.31,0.39,1.7,0,0,0,0,-99,-99,-99,-99,-99,-99,-99,-99,none,-99,0.88
1993,MX,14,C,4,-99,-99,19,1.63,0.32,1.95,1,0.08,0,0.08,-99,-99,-99,-99,-99,-99,-99,-99,none,-99,2.85
1993,MX,14,C,5,-99,-99,17,1.53,0.29,1.82,1,0.11,0.06,0.17,-99,-99,-99,-99,-99,-99,-99,-99,none,-99,0.53
1993,MX,15,A,1,-99,-99,1,0.05,0,0.05,5,0.74,0.13,0.87,-99,-99,-99,-99,-99,-99,-99,-99,none,-99,5.19
1993,MX,15,A,2,-99,-99,0,0,0,0,1,0.3,0.03,0.33,-99,-99,-99,-99,-99,-99,-99,-99,none,-99,5.5
1993,MX,15,A,3,-99,-99,0,0,0,0,5,1.28,0.32,1.6,-99,-99,-99,-99,-99,-99,-99,-99,none,-99,4.29
1993,MX,15,A,4,-99,-99,0,0,0,0,7,1.59,0.09,1.68,-99,-99,-99,-99,-99,-99,-99,-99,none,-99,3.27
1993,MX,15,A,5,-99,-99,0,0,0,0,10,2.3,0.13,2.43,-99,-99,-99,-99,-99,-99,-99,-99,none,-99,3.41
1994,SP,1,E,1,-99,-99,6,-99,-99,2.06,0,-99,-99,0,none,0,0,none,0,0,0,2,none,-99,2
1994,SP,1,E,2,-99,-99,6,-99,-99,1.35,0,-99,-99,0,none,0,0,none,0,0,0,1.2,none,-99,1.2
1994,SP,1,E,3,-99,-99,13,-99,-99,2.26,0,-99,-99,0,none,0,0,none,0,0,0,2.7,none,-99,2.7
1994,SP,1,E,4,-99,-99,4,-99,-99,0.64,0,-99,-99,0,none,0,0,none,0,0,0,2.3,none,-99,2.3
1994,SP,1,E,5,-99,-99,10,-99,-99,1.86,0,-99,-99,0,none,0,0,none,0,0,0,1.6,none,-99,1.6
1994,SP,2,A,1,-99,-99,28,-99,-99,5.1,0,-99,-99,0,none,0,0,none,0,0,0,2.3,none,-99,2.3
1994,SP,2,A,2,-99,-99,6,-99,-99,1.3,0,-99,-99,0,none,0,0,none,0,0,0,1.7,none,-99,1.7
1994,SP,2,A,3,-99,-99,13,-99,-99,1.8,0,-99,-99,0,none,0,0,none,0,0,0,3.5,none,-99,3.5
1994,SP,2,A,4,-99,-99,1,-99,-99,0.364,0,-99,-99,0,none,0,0,none,0,0,0,1.3,none,-99,1.3
1994,SP,2,A,5,-99,-99,10,-99,-99,3.3,0,-99,-99,0,none,0,0,none,0,0,0,1.6,none,-99,1.6
1994,SP,3,C,1,-99,-99,21,-99,-99,3.7,0,-99,-99,0,none,0,0,none,0,0,0,0.759,none,-99,0.759
1994,SP,3,C,2,-99,-99,25,-99,-99,4.8,0,-99,-99,0,none,0,0,none,0,0,0,1.4,none,-99,1.4
1994,SP,3,C,3,-99,-99,21,-99,-99,2.7,0,-99,-99,0,none,0,0,none,0,0,0,1.6,none,-99,1.6
1994,SP,3,C,4,-99,-99,22,-99,-99,3.5,0,-99,-99,0,none,0,0,none,0,0,0,3.2,none,-99,3.2
1994,SP,3,C,5,-99,-99,3,-99,-99,0.283,0,-99,-99,0,none,0,0,none,0,0,0,3.1,none,-99,3.1
1994,SP,4,E,1,-99,-99,21,-99,-99,5.9,0,-99,-99,0,none,0,0,none,0,0,0,4.1,none,-99,4.1
1994,SP,4,E,2,-99,-99,15,-99,-99,2.2,0,-99,-99,0,none,0,0,none,0,0,0,1.2,none,-99,1.2
1994,SP,4,E,3,-99,-99,9,-99,-99,1.9,0,-99,-99,0,none,0,0,none,0,0,0,5,none,-99,5
1994,SP,4,E,4,-99,-99,1,-99,-99,0.095,0,-99,-99,0,none,0,0,none,0,0,0,4.2,none,-99,4.2
1994,SP,4,E,5,-99,-99,11,-99,-99,3.4,0,-99,-99,0,none,0,0,none,0,0,0,3.9,none,-99,3.9
1994,SP,5,A,1,-99,-99,11,-99,-99,3.4,0,-99,-99,0,none,0,0,none,0,0,0,6.8,none,-99,6.8
1994,SP,5,A,2,-99,-99,13,-99,-99,4.3,0,-99,-99,0,none,0,0,none,0,0,0,8.8,none,-99,8.8
1994,SP,5,A,3,-99,-99,0,-99,-99,0,0,-99,-99,0,none,0,0,none,0,0,0,1.8,none,-99,1.8
1994,SP,5,A,4,-99,-99,0,-99,-99,0,0,-99,-99,0,none,0,0,none,0,0,0,3.1,none,-99,3.1
1994,SP,5,A,5,-99,-99,10,-99,-99,2.5,0,-99,-99,0,none,0,0,none,0,0,0,1.8,none,-99,1.8
1994,SP,6,C,1,-99,-99,19,-99,-99,2.7,0,-99,-99,0,none,0,0,none,0,0,0,1.2,none,-99,1.2
1994,SP,6,C,2,-99,-99,11,-99,-99,2.5,0,-99,-99,0,none,0,0,none,0,0,0,0.378,none,-99,0.378
1994,SP,6,C,3,-99,-99,12,-99,-99,1.7,0,-99,-99,0,none,0,0,none,0,0,0,3.4,none,-99,3.4
1994,SP,6,C,4,-99,-99,24,-99,-99,4.3,0,-99,-99,0,none,0,0,none,0,0,0,1.1,none,-99,1.1
1994,SP,6,C,5,-99,-99,10,-99,-99,1.5,0,-99,-99,0,none,0,0,none,0,0,0,2,none,-99,2
1994,SP,7,C,1,-99,-99,24,-99,-99,4,0,-99,-99,0,none,0,0,none,0,0,0,0.37,none,-99,0.37
1994,SP,7,C,2,-99,-99,8,-99,-99,1.1,0,-99,-99,0,none,0,0,none,0,0,0,1.7,none,-99,1.7
1994,SP,7,C,3,-99,-99,7,-99,-99,0.828,0,-99,-99,0,none,0,0,none,0,0,0,0.415,none,-99,0.415
1994,SP,7,C,4,-99,-99,3,-99,-99,0.363,0,-99,-99,0,none,0,0,none,0,0,0,1.5,none,-99,1.5
1994,SP,7,C,5,-99,-99,35,-99,-99,4.9,0,-99,-99,0,none,0,0,none,0,0,0,2.1,none,-99,2.1
1994,SP,8,E,1,-99,-99,7,-99,-99,1.3,0,-99,-99,0,none,0,0,none,0,0,0,4.1,none,-99,4.1
1994,SP,8,E,2,-99,-99,17,-99,-99,3.2,0,-99,-99,0,none,0,0,none,0,0,0,3.2,none,-99,3.2
1994,SP,8,E,3,-99,-99,4,-99,-99,0.996,0,-99,-99,0,none,0,0,none,0,0,0,3.8,none,-99,3.8
1994,SP,8,E,4,-99,-99,6,-99,-99,2,0,-99,-99,0,none,0,0,none,0,0,0,4.7,none,-99,4.7
1994,SP,8,E,5,-99,-99,5,-99,-99,0.742,0,-99,-99,0,none,0,0,none,0,0,0,1.5,none,-99,1.5
1994,SP,9,A,1,-99,-99,6,-99,-99,1.4,0,-99,-99,0,none,0,0,none,0,0,0,3.3,none,-99,3.3
1994,SP,9,A,2,-99,-99,13,-99,-99,3.9,0,-99,-99,0,none,0,0,none,0,0,0,0.66,none,-99,0.66
1994,SP,9,A,3,-99,-99,5,-99,-99,1.2,0,-99,-99,0,none,0,0,none,0,0,0,6.5,none,-99,6.5
1994,SP,9,A,4,-99,-99,5,-99,-99,1.3,0,-99,-99,0,none,0,0,none,0,0,0,0.84,none,-99,0.84
1994,SP,9,A,5,-99,-99,22,-99,-99,4.2,0,-99,-99,0,none,0,0,none,0,0,0,3.3,none,-99,3.3
1994,SP,10,E,1,-99,-99,10,-99,-99,1.4,0,-99,-99,0,none,0,0,none,0,0,0,0.21,none,-99,0.21
1994,SP,10,E,2,-99,-99,20,-99,-99,4.5,0,-99,-99,0,none,0,0,none,0,0,0,1.7,none,-99,1.7
1994,SP,10,E,3,-99,-99,6,-99,-99,2,0,-99,-99,0,none,0,0,none,0,0,0,1.6,none,-99,1.6
1994,SP,10,E,4,-99,-99,2,-99,-99,0.56,0,-99,-99,0,none,0,0,none,0,0,0,3.7,none,-99,3.7
1994,SP,10,E,5,-99,-99,13,-99,-99,2.3,0,-99,-99,0,none,0,0,none,0,0,0,2.5,none,-99,2.5
1994,SP,11,A,1,-99,-99,7,-99,-99,1.54,0,-99,-99,0,none,0,0,none,0,0,0,5.1,none,-99,5.1
1994,SP,11,A,2,-99,-99,9,-99,-99,1.26,0,-99,-99,0,none,0,0,none,0,0,0,1.7,none,-99,1.7
1994,SP,11,A,3,-99,-99,16,-99,-99,2.78,0,-99,-99,0,none,0,0,none,0,0,0,6.8,none,-99,6.8
1994,SP,11,A,4,-99,-99,23,-99,-99,3.53,0,-99,-99,0,none,0,0,none,0,0,0,1.1,none,-99,1.1
1994,SP,11,A,5,-99,-99,7,-99,-99,1.22,0,-99,-99,0,none,0,0,none,0,0,0,5.9,none,-99,5.9
1994,SP,12,C,1,-99,-99,12,-99,-99,1.74,0,-99,-99,0,none,0,0,none,0,0,0,1.5,none,-99,1.5
1994,SP,12,C,2,-99,-99,33,-99,-99,4,0,-99,-99,0,none,0,0,none,0,0,0,2.5,none,-99,2.5
1994,SP,12,C,3,-99,-99,30,-99,-99,4.5,0,-99,-99,0,none,0,0,none,0,0,0,1.5,none,-99,1.5
1994,SP,12,C,4,-99,-99,39,-99,-99,7.8,0,-99,-99,0,none,0,0,none,0,0,0,6.3,none,-99,6.3
1994,SP,12,C,5,-99,-99,26,-99,-99,5,0,-99,-99,0,none,0,0,none,0,0,0,2,none,-99,2
1994,SP,13,A,1,-99,-99,24,-99,-99,2.8,0,-99,-99,0,none,0,0,none,0,0,0,2.6,none,-99,2.6
1994,SP,13,A,2,-99,-99,10,-99,-99,1.1,0,-99,-99,0,none,0,0,none,0,0,0,2.1,none,-99,2.1
1994,SP,13,A,3,-99,-99,12,-99,-99,1.7,0,-99,-99,0,none,0,0,none,0,0,0,7.5,none,-99,7.5
1994,SP,13,A,4,-99,-99,18,-99,-99,3.1,0,-99,-99,0,none,0,0,none,0,0,0,2.2,none,-99,2.2
1994,SP,13,A,5,-99,-99,24,-99,-99,3,0,-99,-99,0,none,0,0,none,0,0,0,3.1,none,-99,3.1
1994,SP,14,E,1,-99,-99,9,-99,-99,1.5,0,-99,-99,0,none,0,0,none,0,0,0,0.68,none,-99,0.68
1994,SP,14,E,2,-99,-99,9,-99,-99,1.9,0,-99,-99,0,none,0,0,none,0,0,0,0.83,none,-99,0.83
1994,SP,14,E,3,-99,-99,9,-99,-99,2.4,0,-99,-99,0,none,0,0,none,0,0,0,5.3,none,-99,5.3
1994,SP,14,E,4,-99,-99,13,-99,-99,3.3,0,-99,-99,0,none,0,0,none,0,0,0,4.1,none,-99,4.1
1994,SP,14,E,5,-99,-99,13,-99,-99,3.5,0,-99,-99,0,none,0,0,none,0,0,0,4.1,none,-99,4.1
1994,SP,15,C,1,-99,-99,6,-99,-99,0.71,0,-99,-99,0,none,0,0,none,0,0,0,2,none,-99,2
1994,SP,15,C,2,-99,-99,16,-99,-99,3.3,0,-99,-99,0,none,0,0,none,0,0,0,1.4,none,-99,1.4
1994,SP,15,C,3,-99,-99,9,-99,-99,1.4,0,-99,-99,0,none,0,0,none,0,0,0,0.681,none,-99,0.681
1994,SP,15,C,4,-99,-99,39,-99,-99,6.7,0,-99,-99,0,none,0,0,none,0,0,0,3.8,none,-99,3.8
1994,SP,15,C,5,-99,-99,25,-99,-99,4,0,-99,-99,0,none,0,0,none,0,0,0,2.3,none,-99,2.3
1994,SC,1,E,1,-99,-99,0,0,0,0,0,0,0,0,none,0,0,none,0,0,-99,-99,none,-99,-99
1994,SC,1,E,2,-99,-99,0,0,0,0,0,0,0,0,none,0,0,none,0,0,-99,-99,none,-99,-99
1994,SC,1,E,3,-99,-99,0,0,0,0,0,0,0,0,none,0,0,none,0,0,-99,-99,none,-99,-99
1994,SC,1,E,4,-99,-99,0,0,0,0,0,0,0,0,none,0,0,none,0,0,-99,-99,none,-99,-99
1994,SC,1,E,5,-99,-99,0,0,0,0,0,0,0,0,none,0,0,none,0,0,-99,-99,none,-99,-99
1994,SC,2,A,1,-99,-99,0,0,0,0,0,0,0,0,none,0,0,none,0,0,-99,-99,none,-99,-99
1994,SC,2,A,2,-99,-99,0,0,0,0,0,0,0,0,none,0,0,none,0,0,-99,-99,none,-99,-99
1994,SC,2,A,3,-99,-99,0,0,0,0,0,0,0,0,none,0,0,none,0,0,-99,-99,none,-99,-99
1994,SC,2,A,4,-99,-99,0,0,0,0,0,0,0,0,none,0,0,none,0,0,-99,-99,none,-99,-99
1994,SC,2,A,5,-99,-99,0,0,0,0,0,0,0,0,none,0,0,none,0,0,-99,-99,none,-99,-99
1994,SC,3,C,1,-99,-99,0,0,0,0,0,0,0,0,none,0,0,none,0,0,-99,-99,none,-99,-99
1994,SC,3,C,2,-99,-99,0,0,0,0,0,0,0,0,none,0,0,none,0,0,-99,-99,none,-99,-99
1994,SC,3,C,3,-99,-99,0,0,0,0,0,0,0,0,none,0,0,none,0,0,-99,-99,none,-99,-99
1994,SC,3,C,4,-99,-99,0,0,0,0,0,0,0,0,none,0,0,none,0,0,-99,-99,none,-99,-99
1994,SC,3,C,5,-99,-99,0,0,0,0,0,0,0,0,none,0,0,none,0,0,-99,-99,none,-99,-99
1994,SC,4,A,1,-99,-99,0,0,0,0,0,0,0,0,none,0,0,none,0,0,-99,-99,none,-99,-99
1994,SC,4,A,2,-99,-99,0,0,0,0,0,0,0,0,none,0,0,none,0,0,-99,-99,none,-99,-99
1994,SC,4,A,3,-99,-99,0,0,0,0,0,0,0,0,none,0,0,none,0,0,-99,-99,none,-99,-99
1994,SC,4,A,4,-99,-99,0,0,0,0,0,0,0,0,none,0,0,none,0,0,-99,-99,none,-99,-99
1994,SC,4,A,5,-99,-99,0,0,0,0,0,0,0,0,none,0,0,none,0,0,-99,-99,none,-99,-99
1994,SC,5,C,1,-99,-99,0,0,0,0,0,0,0,0,none,0,0,none,0,0,-99,-99,none,-99,-99
1994,SC,5,C,2,-99,-99,0,0,0,0,0,0,0,0,none,0,0,none,0,0,-99,-99,none,-99,-99
1994,SC,5,C,3,-99,-99,0,0,0,0,0,0,0,0,none,0,0,none,0,0,-99,-99,none,-99,-99
1994,SC,5,C,4,-99,-99,0,0,0,0,0,0,0,0,none,0,0,none,0,0,-99,-99,none,-99,-99
1994,SC,5,C,5,-99,-99,0,0,0,0,0,0,0,0,none,0,0,none,0,0,-99,-99,none,-99,-99
1994,SC,6,E,1,-99,-99,0,0,0,0,0,0,0,0,none,0,0,none,0,0,-99,-99,none,-99,-99
1994,SC,6,E,2,-99,-99,0,0,0,0,0,0,0,0,none,0,0,none,0,0,-99,-99,none,-99,-99
1994,SC,6,E,3,-99,-99,0,0,0,0,0,0,0,0,none,0,0,none,0,0,-99,-99,none,-99,-99
1994,SC,6,E,4,-99,-99,0,0,0,0,0,0,0,0,none,0,0,none,0,0,-99,-99,none,-99,-99
1994,SC,6,E,5,-99,-99,0,0,0,0,0,0,0,0,none,0,0,none,0,0,-99,-99,none,-99,-99
1994,SC,7,C,1,-99,-99,0,0,0,0,0,0,0,0,none,0,0,none,0,0,-99,-99,none,-99,-99
1994,SC,7,C,2,-99,-99,0,0,0,0,0,0,0,0,none,0,0,none,0,0,-99,-99,none,-99,-99
1994,SC,7,C,3,-99,-99,0,0,0,0,0,0,0,0,none,0,0,none,0,0,-99,-99,none,-99,-99
1994,SC,7,C,4,-99,-99,0,0,0,0,0,0,0,0,none,0,0,none,0,0,-99,-99,none,-99,-99
1994,SC,7,C,5,-99,-99,0,0,0,0,0,0,0,0,none,0,0,none,0,0,-99,-99,none,-99,-99
1994,SC,8,A,1,-99,-99,0,0,0,0,0,0,0,0,none,0,0,none,0,0,-99,-99,none,-99,-99
1994,SC,8,A,2,-99,-99,0,0,0,0,0,0,0,0,none,0,0,none,0,0,-99,-99,none,-99,-99
1994,SC,8,A,3,-99,-99,0,0,0,0,0,0,0,0,none,0,0,none,0,0,-99,-99,none,-99,-99
1994,SC,8,A,4,-99,-99,0,0,0,0,0,0,0,0,none,0,0,none,0,0,-99,-99,none,-99,-99
1994,SC,8,A,5,-99,-99,0,0,0,0,0,0,0,0,none,0,0,none,0,0,-99,-99,none,-99,-99
1994,SC,9,E,1,-99,-99,0,0,0,0,0,0,0,0,none,0,0,none,0,0,-99,-99,none,-99,-99
1994,SC,9,E,2,-99,-99,0,0,0,0,0,0,0,0,none,0,0,none,0,0,-99,-99,none,-99,-99
1994,SC,9,E,3,-99,-99,0,0,0,0,0,0,0,0,none,0,0,none,0,0,-99,-99,none,-99,-99
1994,SC,9,E,4,-99,-99,0,0,0,0,0,0,0,0,none,0,0,none,0,0,-99,-99,none,-99,-99
1994,SC,9,E,5,-99,-99,0,0,0,0,0,0,0,0,none,0,0,none,0,0,-99,-99,none,-99,-99
1994,SC,10,E,1,-99,-99,0,0,0,0,0,0,0,0,none,0,0,none,0,0,-99,-99,none,-99,-99
1994,SC,10,E,2,-99,-99,0,0,0,0,0,0,0,0,none,0,0,none,0,0,-99,-99,none,-99,-99
1994,SC,10,E,3,-99,-99,0,0,0,0,0,0,0,0,none,0,0,none,0,0,-99,-99,none,-99,-99
1994,SC,10,E,4,-99,-99,0,0,0,0,0,0,0,0,none,0,0,none,0,0,-99,-99,none,-99,-99
1994,SC,10,E,5,-99,-99,0,0,0,0,0,0,0,0,none,0,0,none,0,0,-99,-99,none,-99,-99
1994,SC,11,C,1,-99,-99,0,0,0,0,0,0,0,0,none,0,0,none,0,0,-99,-99,none,-99,-99
1994,SC,11,C,2,-99,-99,0,0,0,0,0,0,0,0,none,0,0,none,0,0,-99,-99,none,-99,-99
1994,SC,11,C,3,-99,-99,0,0,0,0,0,0,0,0,none,0,0,none,0,0,-99,-99,none,-99,-99
1994,SC,11,C,4,-99,-99,0,0,0,0,0,0,0,0,none,0,0,none,0,0,-99,-99,none,-99,-99
1994,SC,11,C,5,-99,-99,0,0,0,0,0,0,0,0,none,0,0,none,0,0,-99,-99,none,-99,-99
1994,SC,12,A,1,-99,-99,0,0,0,0,0,0,0,0,none,0,0,none,0,0,-99,-99,none,-99,-99
1994,SC,12,A,2,-99,-99,0,0,0,0,0,0,0,0,none,0,0,none,0,0,-99,-99,none,-99,-99
1994,SC,12,A,3,-99,-99,0,0,0,0,0,0,0,0,none,0,0,none,0,0,-99,-99,none,-99,-99
1994,SC,12,A,4,-99,-99,0,0,0,0,0,0,0,0,none,0,0,none,0,0,-99,-99,none,-99,-99
1994,SC,12,A,5,-99,-99,0,0,0,0,0,0,0,0,none,0,0,none,0,0,-99,-99,none,-99,-99
1994,SC,13,C,1,-99,-99,0,0,0,0,0,0,0,0,none,0,0,none,0,0,-99,-99,none,-99,-99
1994,SC,13,C,2,-99,-99,0,0,0,0,0,0,0,0,none,0,0,none,0,0,-99,-99,none,-99,-99
1994,SC,13,C,3,-99,-99,0,0,0,0,0,0,0,0,none,0,0,none,0,0,-99,-99,none,-99,-99
1994,SC,13,C,4,-99,-99,0,0,0,0,0,0,0,0,none,0,0,none,0,0,-99,-99,none,-99,-99
1994,SC,13,C,5,-99,-99,0,0,0,0,0,0,0,0,none,0,0,none,0,0,-99,-99,none,-99,-99
1994,SC,14,E,1,-99,-99,0,0,0,0,0,0,0,0,none,0,0,none,0,0,-99,-99,none,-99,-99
1994,SC,14,E,2,-99,-99,0,0,0,0,0,0,0,0,none,0,0,none,0,0,-99,-99,none,-99,-99
1994,SC,14,E,3,-99,-99,0,0,0,0,0,0,0,0,none,0,0,none,0,0,-99,-99,none,-99,-99
1994,SC,14,E,4,-99,-99,0,0,0,0,0,0,0,0,none,0,0,none,0,0,-99,-99,none,-99,-99
1994,SC,14,E,5,-99,-99,0,0,0,0,0,0,0,0,none,0,0,none,0,0,-99,-99,none,-99,-99
1994,SC,15,A,1,-99,-99,0,0,0,0,0,0,0,0,none,0,0,none,0,0,-99,-99,none,-99,-99
1994,SC,15,A,2,-99,-99,0,0,0,0,0,0,0,0,none,0,0,none,0,0,-99,-99,none,-99,-99
1994,SC,15,A,3,-99,-99,0,0,0,0,0,0,0,0,none,0,0,none,0,0,-99,-99,none,-99,-99
1994,SC,15,A,4,-99,-99,0,0,0,0,0,0,0,0,none,0,0,none,0,0,-99,-99,none,-99,-99
1994,SC,15,A,5,-99,-99,0,0,0,0,0,0,0,0,none,0,0,none,0,0,-99,-99,none,-99,-99
1994,MX,1,E,1,-99,-99,0,-99,-99,0,13,-99,-99,1.49,none,0,0,none,0,0,-99,-99,none,-99,5.58
1994,MX,1,E,2,-99,-99,0,-99,-99,0,0,-99,-99,0,none,0,0,none,0,0,-99,-99,none,-99,15
1994,MX,1,E,3,-99,-99,1,-99,-99,0.08,0,-99,-99,0,none,0,0,none,0,0,-99,-99,none,-99,0.101
1994,MX,1,E,4,-99,-99,1,-99,-99,0.262,1,-99,-99,0.213,none,0,0,none,0,0,-99,-99,none,-99,2.3
1994,MX,1,E,5,-99,-99,0,-99,-99,0,3,-99,-99,0.68,none,0,0,none,0,0,-99,-99,none,-99,2.4
1994,MX,2,A,1,-99,-99,0,-99,-99,0,2,-99,-99,0.419,none,0,0,none,0,0,-99,-99,none,-99,2.5
1994,MX,2,A,2,-99,-99,1,-99,-99,0.35,2,-99,-99,0.097,none,0,0,none,0,0,-99,-99,none,-99,3
1994,MX,2,A,3,-99,-99,0,-99,-99,0,3,-99,-99,0.523,none,0,0,none,0,0,-99,-99,none,-99,4.1
1994,MX,2,A,4,-99,-99,0,-99,-99,0,1,-99,-99,0.313,none,0,0,none,0,0,-99,-99,none,-99,2.6
1994,MX,2,A,5,-99,-99,4,-99,-99,0.844,5,-99,-99,0.899,none,0,0,none,0,0,-99,-99,none,-99,3.8
1994,MX,3,C,1,-99,-99,10,-99,-99,1.62,3,-99,-99,0.198,none,0,0,none,0,0,-99,-99,none,-99,2.1
1994,MX,3,C,2,-99,-99,6,-99,-99,0.763,2,-99,-99,0.402,none,0,0,none,0,0,-99,-99,none,-99,1
1994,MX,3,C,3,-99,-99,19,-99,-99,3.5,1,-99,-99,0.185,none,0,0,none,0,0,-99,-99,none,-99,2
1994,MX,3,C,4,-99,-99,8,-99,-99,1.39,0,-99,-99,0,none,0,0,none,0,0,-99,-99,none,-99,0.3
1994,MX,3,C,5,-99,-99,8,-99,-99,1.51,1,-99,-99,0.102,none,0,0,none,0,0,-99,-99,none,-99,3.1
1994,MX,4,E,1,-99,-99,2,-99,-99,0.613,5,-99,-99,1.08,none,0,0,none,0,0,-99,-99,none,-99,3.1
1994,MX,4,E,2,-99,-99,4,-99,-99,1.01,3,-99,-99,0.748,none,0,0,none,0,0,-99,-99,none,-99,9.3
1994,MX,4,E,3,-99,-99,4,-99,-99,1.58,0,-99,-99,0,none,0,0,none,0,0,-99,-99,none,-99,1.7
1994,MX,4,E,4,-99,-99,0,-99,-99,0,5,-99,-99,0.798,none,0,0,none,0,0,-99,-99,none,-99,4.9
1994,MX,4,E,5,-99,-99,0,-99,-99,0,1,-99,-99,0.033,none,0,0,none,0,0,-99,-99,none,-99,1.1
1994,MX,5,C,1,-99,-99,20,-99,-99,4.2,3,-99,-99,0.263,none,0,0,none,0,0,-99,-99,none,-99,9.8
1994,MX,5,C,2,-99,-99,9,-99,-99,1.9,1,-99,-99,0.136,none,0,0,none,0,0,-99,-99,none,-99,1.9
1994,MX,5,C,3,-99,-99,13,-99,-99,3.92,1,-99,-99,0.135,none,0,0,none,0,0,-99,-99,none,-99,4.3
1994,MX,5,C,4,-99,-99,6,-99,-99,1.17,0,-99,-99,0,none,0,0,none,0,0,-99,-99,none,-99,1
1994,MX,5,C,5,-99,-99,7,-99,-99,1.29,0,-99,-99,0,none,0,0,none,0,0,-99,-99,none,-99,3.1
1994,MX,6,A,1,-99,-99,0,-99,-99,0,7,-99,-99,1.14,none,0,0,none,0,0,-99,-99,none,-99,2.7
1994,MX,6,A,2,-99,-99,8,-99,-99,1.53,1,-99,-99,0.15,none,0,0,none,0,0,-99,-99,none,-99,5.3
1994,MX,6,A,3,-99,-99,4,-99,-99,0.531,4,-99,-99,0.673,none,0,0,none,0,0,-99,-99,none,-99,4.100
1994,MX,6,A,4,-99,-99,0,-99,-99,0,0,-99,-99,0,none,0,0,none,0,0,-99,-99,none,-99,2.1
1994,MX,6,A,5,-99,-99,3,-99,-99,0.513,1,-99,-99,0.102,none,0,0,none,0,0,-99,-99,none,-99,3.5
1994,MX,7,C,1,-99,-99,0,-99,-99,0,10,-99,-99,1.39,none,0,0,none,0,0,-99,-99,none,-99,0.299
1994,MX,7,C,2,-99,-99,0,-99,-99,0,12,-99,-99,2.72,none,0,0,none,0,0,-99,-99,none,-99,5.1
1994,MX,7,C,3,-99,-99,0,-99,-99,0,5,-99,-99,0.833,none,0,0,none,0,0,-99,-99,none,-99,1.1
1994,MX,7,C,4,-99,-99,0,-99,-99,0,15,-99,-99,2.08,none,0,0,none,0,0,-99,-99,none,-99,1.1
1994,MX,7,C,5,-99,-99,0,-99,-99,0,1,-99,-99,0.204,none,0,0,none,0,0,-99,-99,none,-99,1
1994,MX,8,E,1,-99,-99,0,-99,-99,0,9,-99,-99,1.75,none,0,0,none,0,0,-99,-99,none,-99,4.6
1994,MX,8,E,2,-99,-99,5,-99,-99,0.759,28,-99,-99,5.06,none,0,0,none,0,0,-99,-99,none,-99,2.1
1994,MX,8,E,3,-99,-99,4,-99,-99,0.392,2,-99,-99,0.18,none,0,0,none,0,0,-99,-99,none,-99,2.1
1994,MX,8,E,4,-99,-99,0,-99,-99,0,3,-99,-99,0.965,none,0,0,none,0,0,-99,-99,none,-99,3.1
1994,MX,8,E,5,-99,-99,0,-99,-99,0,12,-99,-99,2.67,none,0,0,none,0,0,-99,-99,none,-99,11
1994,MX,9,A,1,-99,-99,6,-99,-99,1.29,1,-99,-99,0.086,none,0,0,none,0,0,-99,-99,none,-99,4.1
1994,MX,9,A,2,-99,-99,7,-99,-99,1.58,2,-99,-99,0.108,none,0,0,none,0,0,-99,-99,none,-99,5.2
1994,MX,9,A,3,-99,-99,2,-99,-99,0.149,2,-99,-99,0.384,none,0,0,none,0,0,-99,-99,none,-99,1.6
1994,MX,9,A,4,-99,-99,12,-99,-99,2.43,4,-99,-99,0.508,none,0,0,none,0,0,-99,-99,none,-99,1.5
1994,MX,9,A,5,-99,-99,13,-99,-99,2.64,1,-99,-99,0.089,none,0,0,none,0,0,-99,-99,none,-99,1.5
1994,MX,10,C,1,-99,-99,0,-99,-99,0,3,-99,-99,0.508,none,0,0,none,0,0,-99,-99,none,-99,0.453
1994,MX,10,C,2,-99,-99,12,-99,-99,1.09,9,-99,-99,1.45,none,0,0,none,0,0,-99,-99,none,-99,1.1
1994,MX,10,C,3,-99,-99,20,-99,-99,2.38,1,-99,-99,0.141,none,0,0,none,0,0,-99,-99,none,-99,3.2
1994,MX,10,C,4,-99,-99,11,-99,-99,1.18,2,-99,-99,0.401,none,0,0,none,0,0,-99,-99,none,-99,2.4
1994,MX,10,C,5,-99,-99,13,-99,-99,2.18,2,-99,-99,0.03,none,0,0,none,0,0,-99,-99,none,-99,1.8
1994,MX,11,E,1,-99,-99,13,-99,-99,1.9,2,-99,-99,0.45,none,0,0,none,0,0,-99,-99,none,-99,1
1994,MX,11,E,2,-99,-99,0,-99,-99,0,5,-99,-99,1.13,none,0,0,none,0,0,-99,-99,none,-99,7.8
1994,MX,11,E,3,-99,-99,0,-99,-99,0,1,-99,-99,0.16,none,0,0,none,0,0,-99,-99,none,-99,1.1
1994,MX,11,E,4,-99,-99,0,-99,-99,0,2,-99,-99,0.63,none,0,0,none,0,0,-99,-99,none,-99,3.1
1994,MX,11,E,5,-99,-99,6,-99,-99,0.645,3,-99,-99,0.542,none,0,0,none,0,0,-99,-99,none,-99,1.1
1994,MX,12,A,1,-99,-99,1,-99,-99,0.238,4,-99,-99,0.832,none,0,0,none,0,0,-99,-99,none,-99,6
1994,MX,12,A,2,-99,-99,2,-99,-99,0.133,6,-99,-99,1.07,none,0,0,none,0,0,-99,-99,none,-99,3
1994,MX,12,A,3,-99,-99,5,-99,-99,0.516,10,-99,-99,1.74,none,0,0,none,0,0,-99,-99,none,-99,2.6
1994,MX,12,A,4,-99,-99,0,-99,-99,0,1,-99,-99,0.023,none,0,0,none,0,0,-99,-99,none,-99,5.1
1994,MX,12,A,5,-99,-99,4,-99,-99,0.365,16,-99,-99,2.75,none,0,0,none,0,0,-99,-99,none,-99,7.4
1994,MX,13,E,1,-99,-99,7,-99,-99,0.89,3,-99,-99,0.658,none,0,0,none,0,0,-99,-99,none,-99,9.4
1994,MX,13,E,2,-99,-99,6,-99,-99,1.12,3,-99,-99,0.382,none,0,0,none,0,0,-99,-99,none,-99,8.1
1994,MX,13,E,3,-99,-99,11,-99,-99,1.02,7,-99,-99,1.95,none,0,0,none,0,0,-99,-99,none,-99,1.4
1994,MX,13,E,4,-99,-99,2,-99,-99,0.17,1,-99,-99,0.486,none,0,0,none,0,0,-99,-99,none,-99,7.1
1994,MX,13,E,5,-99,-99,13,-99,-99,1.78,8,-99,-99,1.58,none,0,0,none,0,0,-99,-99,none,-99,8.2
1994,MX,14,C,1,-99,-99,5,-99,-99,0.652,12,-99,-99,2.2,none,0,0,none,0,0,-99,-99,none,-99,3.1
1994,MX,14,C,2,-99,-99,5,-99,-99,0.505,4,-99,-99,0.772,none,0,0,none,0,0,-99,-99,none,-99,2.1
1994,MX,14,C,3,-99,-99,8,-99,-99,1.09,9,-99,-99,1.63,none,0,0,none,0,0,-99,-99,none,-99,3.1
1994,MX,14,C,4,-99,-99,9,-99,-99,1.4,5,-99,-99,1.29,none,0,0,none,0,0,-99,-99,none,-99,3.1
1994,MX,14,C,5,-99,-99,9,-99,-99,1.12,15,-99,-99,3.29,none,0,0,none,0,0,-99,-99,none,-99,1
1994,MX,15,A,1,-99,-99,0,-99,-99,0,3,-99,-99,0.212,UNK,2,0.188,none,0,0,-99,-99,none,-99,3.4
1994,MX,15,A,2,-99,-99,0,-99,-99,0,3,-99,-99,0.62,none,0,0,none,0,0,-99,-99,none,-99,8.1
1994,MX,15,A,3,-99,-99,1,-99,-99,0.198,1,-99,-99,0.309,none,0,0,none,0,0,-99,-99,none,-99,1.1
1994,MX,15,A,4,-99,-99,0,-99,-99,0,9,-99,-99,2.12,none,0,0,none,0,0,-99,-99,none,-99,2
1994,MX,15,A,5,-99,-99,0,-99,-99,0,4,-99,-99,0.193,none,0,0,none,0,0,-99,-99,none,-99,5.1
1995,SP,1,E,1,-99,-99,-99,-99,-99,-99,-99,-99,-99,-99,-99,-99,-99,-99,-99,-99,-99,-99,none,-99,-99
1995,SP,1,E,2,-99,-99,-99,-99,-99,-99,-99,-99,-99,-99,-99,-99,-99,-99,-99,-99,-99,-99,none,-99,-99
1995,SP,1,E,3,-99,-99,-99,-99,-99,-99,-99,-99,-99,-99,-99,-99,-99,-99,-99,-99,-99,-99,none,-99,-99
1995,SP,1,E,4,-99,-99,-99,-99,-99,-99,-99,-99,-99,-99,-99,-99,-99,-99,-99,-99,-99,-99,none,-99,-99
1995,SP,1,E,5,-99,-99,-99,-99,-99,-99,-99,-99,-99,-99,-99,-99,-99,-99,-99,-99,-99,-99,none,-99,-99
1995,SP,2,A,1,-99,-99,-99,-99,-99,-99,-99,-99,-99,-99,-99,-99,-99,-99,-99,-99,-99,-99,none,-99,-99
1995,SP,2,A,2,-99,-99,-99,-99,-99,-99,-99,-99,-99,-99,-99,-99,-99,-99,-99,-99,-99,-99,none,-99,-99
1995,SP,2,A,3,-99,-99,-99,-99,-99,-99,-99,-99,-99,-99,-99,-99,-99,-99,-99,-99,-99,-99,none,-99,-99
1995,SP,2,A,4,-99,-99,-99,-99,-99,-99,-99,-99,-99,-99,-99,-99,-99,-99,-99,-99,-99,-99,none,-99,-99
1995,SP,2,A,5,-99,-99,-99,-99,-99,-99,-99,-99,-99,-99,-99,-99,-99,-99,-99,-99,-99,-99,none,-99,-99
1995,SP,3,C,1,-99,-99,-99,-99,-99,-99,-99,-99,-99,-99,-99,-99,-99,-99,-99,-99,-99,-99,none,-99,-99
1995,SP,3,C,2,-99,-99,-99,-99,-99,-99,-99,-99,-99,-99,-99,-99,-99,-99,-99,-99,-99,-99,none,-99,-99
1995,SP,3,C,3,-99,-99,-99,-99,-99,-99,-99,-99,-99,-99,-99,-99,-99,-99,-99,-99,-99,-99,none,-99,-99
1995,SP,3,C,4,-99,-99,-99,-99,-99,-99,-99,-99,-99,-99,-99,-99,-99,-99,-99,-99,-99,-99,none,-99,-99
1995,SP,3,C,5,-99,-99,-99,-99,-99,-99,-99,-99,-99,-99,-99,-99,-99,-99,-99,-99,-99,-99,none,-99,-99
1995,SP,4,E,1,-99,-99,-99,-99,-99,-99,-99,-99,-99,-99,-99,-99,-99,-99,-99,-99,-99,-99,none,-99,-99
1995,SP,4,E,2,-99,-99,-99,-99,-99,-99,-99,-99,-99,-99,-99,-99,-99,-99,-99,-99,-99,-99,none,-99,-99
1995,SP,4,E,3,-99,-99,-99,-99,-99,-99,-99,-99,-99,-99,-99,-99,-99,-99,-99,-99,-99,-99,none,-99,-99
1995,SP,4,E,4,-99,-99,-99,-99,-99,-99,-99,-99,-99,-99,-99,-99,-99,-99,-99,-99,-99,-99,none,-99,-99
1995,SP,4,E,5,-99,-99,-99,-99,-99,-99,-99,-99,-99,-99,-99,-99,-99,-99,-99,-99,-99,-99,none,-99,-99
1995,SP,5,A,1,-99,-99,-99,-99,-99,-99,-99,-99,-99,-99,-99,-99,-99,-99,-99,-99,-99,-99,none,-99,-99
1995,SP,5,A,2,-99,-99,-99,-99,-99,-99,-99,-99,-99,-99,-99,-99,-99,-99,-99,-99,-99,-99,none,-99,-99
1995,SP,5,A,3,-99,-99,-99,-99,-99,-99,-99,-99,-99,-99,-99,-99,-99,-99,-99,-99,-99,-99,none,-99,-99
1995,SP,5,A,4,-99,-99,-99,-99,-99,-99,-99,-99,-99,-99,-99,-99,-99,-99,-99,-99,-99,-99,none,-99,-99
1995,SP,5,A,5,-99,-99,-99,-99,-99,-99,-99,-99,-99,-99,-99,-99,-99,-99,-99,-99,-99,-99,none,-99,-99
1995,SP,6,C,1,-99,-99,-99,-99,-99,-99,-99,-99,-99,-99,-99,-99,-99,-99,-99,-99,-99,-99,none,-99,-99
1995,SP,6,C,2,-99,-99,-99,-99,-99,-99,-99,-99,-99,-99,-99,-99,-99,-99,-99,-99,-99,-99,none,-99,-99
1995,SP,6,C,3,-99,-99,-99,-99,-99,-99,-99,-99,-99,-99,-99,-99,-99,-99,-99,-99,-99,-99,none,-99,-99
1995,SP,6,C,4,-99,-99,-99,-99,-99,-99,-99,-99,-99,-99,-99,-99,-99,-99,-99,-99,-99,-99,none,-99,-99
1995,SP,6,C,5,-99,-99,-99,-99,-99,-99,-99,-99,-99,-99,-99,-99,-99,-99,-99,-99,-99,-99,none,-99,-99
1995,SP,7,C,1,-99,-99,-99,-99,-99,-99,-99,-99,-99,-99,-99,-99,-99,-99,-99,-99,-99,-99,none,-99,-99
1995,SP,7,C,2,-99,-99,-99,-99,-99,-99,-99,-99,-99,-99,-99,-99,-99,-99,-99,-99,-99,-99,none,-99,-99
1995,SP,7,C,3,-99,-99,-99,-99,-99,-99,-99,-99,-99,-99,-99,-99,-99,-99,-99,-99,-99,-99,none,-99,-99
1995,SP,7,C,4,-99,-99,-99,-99,-99,-99,-99,-99,-99,-99,-99,-99,-99,-99,-99,-99,-99,-99,none,-99,-99
1995,SP,7,C,5,-99,-99,-99,-99,-99,-99,-99,-99,-99,-99,-99,-99,-99,-99,-99,-99,-99,-99,none,-99,-99
1995,SP,8,E,1,-99,-99,-99,-99,-99,-99,-99,-99,-99,-99,-99,-99,-99,-99,-99,-99,-99,-99,none,-99,-99
1995,SP,8,E,2,-99,-99,-99,-99,-99,-99,-99,-99,-99,-99,-99,-99,-99,-99,-99,-99,-99,-99,none,-99,-99
1995,SP,8,E,3,-99,-99,-99,-99,-99,-99,-99,-99,-99,-99,-99,-99,-99,-99,-99,-99,-99,-99,none,-99,-99
1995,SP,8,E,4,-99,-99,-99,-99,-99,-99,-99,-99,-99,-99,-99,-99,-99,-99,-99,-99,-99,-99,none,-99,-99
1995,SP,8,E,5,-99,-99,-99,-99,-99,-99,-99,-99,-99,-99,-99,-99,-99,-99,-99,-99,-99,-99,none,-99,-99
1995,SP,9,A,1,-99,-99,-99,-99,-99,-99,-99,-99,-99,-99,-99,-99,-99,-99,-99,-99,-99,-99,none,-99,-99
1995,SP,9,A,2,-99,-99,-99,-99,-99,-99,-99,-99,-99,-99,-99,-99,-99,-99,-99,-99,-99,-99,none,-99,-99
1995,SP,9,A,3,-99,-99,-99,-99,-99,-99,-99,-99,-99,-99,-99,-99,-99,-99,-99,-99,-99,-99,none,-99,-99
1995,SP,9,A,4,-99,-99,-99,-99,-99,-99,-99,-99,-99,-99,-99,-99,-99,-99,-99,-99,-99,-99,none,-99,-99
1995,SP,9,A,5,-99,-99,-99,-99,-99,-99,-99,-99,-99,-99,-99,-99,-99,-99,-99,-99,-99,-99,none,-99,-99
1995,SP,10,E,1,-99,-99,-99,-99,-99,-99,-99,-99,-99,-99,-99,-99,-99,-99,-99,-99,-99,-99,none,-99,-99
1995,SP,10,E,2,-99,-99,-99,-99,-99,-99,-99,-99,-99,-99,-99,-99,-99,-99,-99,-99,-99,-99,none,-99,-99
1995,SP,10,E,3,-99,-99,-99,-99,-99,-99,-99,-99,-99,-99,-99,-99,-99,-99,-99,-99,-99,-99,none,-99,-99
1995,SP,10,E,4,-99,-99,-99,-99,-99,-99,-99,-99,-99,-99,-99,-99,-99,-99,-99,-99,-99,-99,none,-99,-99
1995,SP,10,E,5,-99,-99,-99,-99,-99,-99,-99,-99,-99,-99,-99,-99,-99,-99,-99,-99,-99,-99,none,-99,-99
1995,SP,11,A,1,-99,-99,-99,-99,-99,-99,-99,-99,-99,-99,-99,-99,-99,-99,-99,-99,-99,-99,none,-99,-99
1995,SP,11,A,2,-99,-99,-99,-99,-99,-99,-99,-99,-99,-99,-99,-99,-99,-99,-99,-99,-99,-99,none,-99,-99
1995,SP,11,A,3,-99,-99,-99,-99,-99,-99,-99,-99,-99,-99,-99,-99,-99,-99,-99,-99,-99,-99,none,-99,-99
1995,SP,11,A,4,-99,-99,-99,-99,-99,-99,-99,-99,-99,-99,-99,-99,-99,-99,-99,-99,-99,-99,none,-99,-99
1995,SP,11,A,5,-99,-99,-99,-99,-99,-99,-99,-99,-99,-99,-99,-99,-99,-99,-99,-99,-99,-99,none,-99,-99
1995,SP,12,C,1,-99,-99,-99,-99,-99,-99,-99,-99,-99,-99,-99,-99,-99,-99,-99,-99,-99,-99,none,-99,-99
1995,SP,12,C,2,-99,-99,-99,-99,-99,-99,-99,-99,-99,-99,-99,-99,-99,-99,-99,-99,-99,-99,none,-99,-99
1995,SP,12,C,3,-99,-99,-99,-99,-99,-99,-99,-99,-99,-99,-99,-99,-99,-99,-99,-99,-99,-99,none,-99,-99
1995,SP,12,C,4,-99,-99,-99,-99,-99,-99,-99,-99,-99,-99,-99,-99,-99,-99,-99,-99,-99,-99,none,-99,-99
1995,SP,12,C,5,-99,-99,-99,-99,-99,-99,-99,-99,-99,-99,-99,-99,-99,-99,-99,-99,-99,-99,none,-99,-99
1995,SP,13,A,1,-99,-99,-99,-99,-99,-99,-99,-99,-99,-99,-99,-99,-99,-99,-99,-99,-99,-99,none,-99,-99
1995,SP,13,A,2,-99,-99,-99,-99,-99,-99,-99,-99,-99,-99,-99,-99,-99,-99,-99,-99,-99,-99,none,-99,-99
1995,SP,13,A,3,-99,-99,-99,-99,-99,-99,-99,-99,-99,-99,-99,-99,-99,-99,-99,-99,-99,-99,none,-99,-99
1995,SP,13,A,4,-99,-99,-99,-99,-99,-99,-99,-99,-99,-99,-99,-99,-99,-99,-99,-99,-99,-99,none,-99,-99
1995,SP,13,A,5,-99,-99,-99,-99,-99,-99,-99,-99,-99,-99,-99,-99,-99,-99,-99,-99,-99,-99,none,-99,-99
1995,SP,14,E,1,-99,-99,-99,-99,-99,-99,-99,-99,-99,-99,-99,-99,-99,-99,-99,-99,-99,-99,none,-99,-99
1995,SP,14,E,2,-99,-99,-99,-99,-99,-99,-99,-99,-99,-99,-99,-99,-99,-99,-99,-99,-99,-99,none,-99,-99
1995,SP,14,E,3,-99,-99,-99,-99,-99,-99,-99,-99,-99,-99,-99,-99,-99,-99,-99,-99,-99,-99,none,-99,-99
1995,SP,14,E,4,-99,-99,-99,-99,-99,-99,-99,-99,-99,-99,-99,-99,-99,-99,-99,-99,-99,-99,none,-99,-99
1995,SP,14,E,5,-99,-99,-99,-99,-99,-99,-99,-99,-99,-99,-99,-99,-99,-99,-99,-99,-99,-99,none,-99,-99
1995,SP,15,C,1,-99,-99,-99,-99,-99,-99,-99,-99,-99,-99,-99,-99,-99,-99,-99,-99,-99,-99,none,-99,-99
1995,SP,15,C,2,-99,-99,-99,-99,-99,-99,-99,-99,-99,-99,-99,-99,-99,-99,-99,-99,-99,-99,none,-99,-99
1995,SP,15,C,3,-99,-99,-99,-99,-99,-99,-99,-99,-99,-99,-99,-99,-99,-99,-99,-99,-99,-99,none,-99,-99
1995,SP,15,C,4,-99,-99,-99,-99,-99,-99,-99,-99,-99,-99,-99,-99,-99,-99,-99,-99,-99,-99,none,-99,-99
1995,SP,15,C,5,-99,-99,-99,-99,-99,-99,-99,-99,-99,-99,-99,-99,-99,-99,-99,-99,-99,-99,none,-99,-99
1995,SC,1,E,1,-99,-99,1,-99,-99,0.18,2,-99,-99,0.51,none,0,0,none,0,0,15.1,4.5,none,-99,19.6
1995,SC,1,E,2,-99,-99,0,-99,-99,0,0,-99,-99,0,none,0,0,none,0,0,-99,-99,none,-99,-99
1995,SC,1,E,3,-99,-99,0,-99,-99,0,1,-99,-99,0.22,none,0,0,none,0,0,-99,-99,none,-99,-99
1995,SC,1,E,4,-99,-99,0,-99,-99,0,4,-99,-99,0.93,none,0,0,none,0,0,-99,-99,none,-99,-99
1995,SC,1,E,5,-99,-99,0,-99,-99,0,1,-99,-99,0.37,none,0,0,none,0,0,-99,-99,none,-99,-99
1995,SC,2,A,1,-99,-99,5,-99,-99,1.24,0,-99,-99,0,none,0,0,none,0,0,11.18,4.37,none,-99,15.55
1995,SC,2,A,2,-99,-99,2,-99,-99,0.35,0,-99,-99,0,none,0,0,none,0,0,-99,-99,none,-99,-99
1995,SC,2,A,3,-99,-99,0,-99,-99,0,0,-99,-99,0,none,0,0,none,0,0,-99,-99,none,-99,-99
1995,SC,2,A,4,-99,-99,7,-99,-99,1.11,0,-99,-99,0,none,0,0,none,0,0,-99,-99,none,-99,-99
1995,SC,2,A,5,-99,-99,2,-99,-99,0.62,0,-99,-99,0,none,0,0,none,0,0,-99,-99,none,-99,-99
1995,SC,3,C,1,-99,-99,0,-99,-99,0,0,-99,-99,0,none,0,0,none,0,0,0,0,none,-99,0
1995,SC,3,C,2,-99,-99,0,-99,-99,0,0,-99,-99,0,none,0,0,none,0,0,-99,-99,none,-99,-99
1995,SC,3,C,3,-99,-99,0,-99,-99,0,0,-99,-99,0,none,0,0,none,0,0,-99,-99,none,-99,-99
1995,SC,3,C,4,-99,-99,0,-99,-99,0,0,-99,-99,0,none,0,0,none,0,0,-99,-99,none,-99,-99
1995,SC,3,C,5,-99,-99,0,-99,-99,0,0,-99,-99,0,none,0,0,none,0,0,-99,-99,none,-99,-99
1995,SC,4,A,1,-99,-99,4,-99,-99,0.57,1,-99,-99,0.27,none,0,0,none,0,0,14.39,5.24,none,-99,19.63
1995,SC,4,A,2,-99,-99,0,-99,-99,0,3,-99,-99,0.33,none,0,0,none,0,0,-99,-99,none,-99,-99
1995,SC,4,A,3,-99,-99,0,-99,-99,0,3,-99,-99,0.39,none,0,0,none,0,0,-99,-99,none,-99,-99
1995,SC,4,A,4,-99,-99,1,-99,-99,0.09,1,-99,-99,0.02,none,0,0,none,0,0,-99,-99,none,-99,-99
1995,SC,4,A,5,-99,-99,1,-99,-99,0.014,1,-99,-99,0.07,none,0,0,none,0,0,-99,-99,none,-99,-99
1995,SC,5,C,1,-99,-99,1,-99,-99,0.164,0,-99,-99,0,none,0,0,none,0,0,6.4,0.3,none,-99,6.7
1995,SC,5,C,2,-99,-99,0,-99,-99,0,0,-99,-99,0,none,0,0,none,0,0,-99,-99,none,-99,-99
1995,SC,5,C,3,-99,-99,0,-99,-99,0,0,-99,-99,0,none,0,0,none,0,0,-99,-99,none,-99,-99
1995,SC,5,C,4,-99,-99,3,-99,-99,0.492,0,-99,-99,0,none,0,0,none,0,0,-99,-99,none,-99,-99
1995,SC,5,C,5,-99,-99,1,-99,-99,0.164,0,-99,-99,0,none,0,0,none,0,0,-99,-99,none,-99,-99
1995,SC,6,E,1,-99,-99,6,-99,-99,0.78,1,-99,-99,0.04,none,0,0,none,0,0,11.18,1.02,none,-99,12.2
1995,SC,6,E,2,-99,-99,4,-99,-99,0.7,0,-99,-99,0,none,0,0,none,0,0,-99,-99,none,-99,-99
1995,SC,6,E,3,-99,-99,0,-99,-99,0,0,-99,-99,0,none,0,0,none,0,0,-99,-99,none,-99,-99
1995,SC,6,E,4,-99,-99,1,-99,-99,0.25,1,-99,-99,0.22,none,0,0,none,0,0,-99,-99,none,-99,-99
1995,SC,6,E,5,-99,-99,2,-99,-99,0.1,0,-99,-99,0,none,0,0,none,0,0,-99,-99,none,-99,-99
1995,SC,7,C,1,-99,-99,0,-99,-99,0,0,-99,-99,0,none,0,0,none,0,0,2.23,0,none,-99,2.23
1995,SC,7,C,2,-99,-99,0,-99,-99,0,0,-99,-99,0,none,0,0,none,0,0,-99,-99,none,-99,-99
1995,SC,7,C,3,-99,-99,0,-99,-99,0,0,-99,-99,0,none,0,0,none,0,0,-99,-99,none,-99,-99
1995,SC,7,C,4,-99,-99,0,-99,-99,0,0,-99,-99,0,none,0,0,none,0,0,-99,-99,none,-99,-99
1995,SC,7,C,5,-99,-99,0,-99,-99,0,0,-99,-99,0,none,0,0,none,0,0,-99,-99,none,-99,-99
1995,SC,8,A,1,-99,-99,0,-99,-99,0,8,-99,-99,2.66,none,0,0,none,0,0,8.19,8.66,none,-99,16.85
1995,SC,8,A,2,-99,-99,0,-99,-99,0,3,-99,-99,0.65,none,0,0,none,0,0,-99,-99,none,-99,-99
1995,SC,8,A,3,-99,-99,0,-99,-99,0,5,-99,-99,1.63,none,0,0,none,0,0,-99,-99,none,-99,-99
1995,SC,8,A,4,-99,-99,0,-99,-99,0,2,-99,-99,0.65,none,0,0,none,0,0,-99,-99,none,-99,-99
1995,SC,8,A,5,-99,-99,0,-99,-99,0,6,-99,-99,1.32,none,0,0,none,0,0,-99,-99,none,-99,-99
1995,SC,9,E,1,-99,-99,0,-99,-99,0,2,-99,-99,0.564,none,0,0,none,0,0,8.26,0.45,none,-99,8.71
1995,SC,9,E,2,-99,-99,0,-99,-99,0,1,-99,-99,0.089,none,0,0,none,0,0,-99,-99,none,-99,-99
1995,SC,9,E,3,-99,-99,0,-99,-99,0,0,-99,-99,0,LYLI2,1,0.07,none,0,0,-99,-99,none,-99,-99
1995,SC,9,E,4,-99,-99,0,-99,-99,0,0,-99,-99,0,LYLI2,2,3.08,none,0,0,-99,-99,none,-99,-99
1995,SC,9,E,5,-99,-99,0,-99,-99,0,4,-99,-99,0.73,none,0,0,none,0,0,-99,-99,none,-99,-99
1995,SC,10,E,1,-99,-99,1,-99,-99,0.19,0,-99,-99,0,none,0,0,none,0,0,6.1,1.3,none,-99,7.4
1995,SC,10,E,2,-99,-99,0,-99,-99,0,0,-99,-99,0,none,0,0,none,0,0,-99,-99,none,-99,-99
1995,SC,10,E,3,-99,-99,0,-99,-99,0,0,-99,-99,0,LYLI2,1,0.31,none,0,0,-99,-99,none,-99,-99
1995,SC,10,E,4,-99,-99,1,-99,-99,0.078,0,-99,-99,0,none,0,0,none,0,0,-99,-99,none,-99,-99
1995,SC,10,E,5,-99,-99,2,-99,-99,0.71,0,-99,-99,0,none,0,0,none,0,0,-99,-99,none,-99,-99
1995,SC,11,C,1,-99,-99,3,-99,-99,0.58,4,-99,-99,0.61,none,0,0,none,0,0,5.16,3,none,-99,8.16
1995,SC,11,C,2,-99,-99,1,-99,-99,0.08,1,-99,-99,0.16,none,0,0,none,0,0,-99,-99,none,-99,-99
1995,SC,11,C,3,-99,-99,2,-99,-99,0.15,3,-99,-99,0.24,none,0,0,none,0,0,-99,-99,none,-99,-99
1995,SC,11,C,4,-99,-99,4,-99,-99,0.88,8,-99,-99,1.46,none,0,0,none,0,0,-99,-99,none,-99,-99
1995,SC,11,C,5,-99,-99,8,-99,-99,0.71,5,-99,-99,1.28,none,0,0,none,0,0,-99,-99,none,-99,-99
1995,SC,12,A,1,-99,-99,0,-99,-99,0,7,-99,-99,1.13,none,0,0,none,0,0,2.8,8.5,none,-99,11.3
1995,SC,12,A,2,-99,-99,0,-99,-99,0,6,-99,-99,0.85,none,0,0,none,0,0,-99,-99,none,-99,-99
1995,SC,12,A,3,-99,-99,0,-99,-99,0,12,-99,-99,2.22,none,0,0,none,0,0,-99,-99,none,-99,-99
1995,SC,12,A,4,-99,-99,0,-99,-99,0,6,-99,-99,0.98,none,0,0,none,0,0,-99,-99,none,-99,-99
1995,SC,12,A,5,-99,-99,0,-99,-99,0,7,-99,-99,0.97,none,0,0,none,0,0,-99,-99,none,-99,-99
1995,SC,13,C,1,-99,-99,12,-99,-99,1.75,6,-99,-99,0.87,none,0,0,none,0,0,3.7,7,none,-99,10.7
1995,SC,13,C,2,-99,-99,4,-99,-99,0.83,9,-99,-99,1.69,none,0,0,none,0,0,-99,-99,none,-99,-99
1995,SC,13,C,3,-99,-99,2,-99,-99,0.4,0,-99,-99,0,none,0,0,none,0,0,-99,-99,none,-99,-99
1995,SC,13,C,4,-99,-99,10,-99,-99,1.8,24,-99,-99,3.77,none,0,0,none,0,0,-99,-99,none,-99,-99
1995,SC,13,C,5,-99,-99,5,-99,-99,0.87,8,-99,-99,1.45,none,0,0,none,0,0,-99,-99,none,-99,-99
1995,SC,14,E,1,-99,-99,0,-99,-99,0,5,-99,-99,0.99,none,0,0,none,0,0,10,10.1,none,-99,20.1
1995,SC,14,E,2,-99,-99,0,-99,-99,0,5,-99,-99,0.8,none,0,0,none,0,0,-99,-99,none,-99,-99
1995,SC,14,E,3,-99,-99,0,-99,-99,0,9,-99,-99,2.35,none,0,0,none,0,0,-99,-99,none,-99,-99
1995,SC,14,E,4,-99,-99,0,-99,-99,0,5,-99,-99,0.64,none,0,0,none,0,0,-99,-99,none,-99,-99
1995,SC,14,E,5,-99,-99,0,-99,-99,0,6,-99,-99,0.85,none,0,0,none,0,0,-99,-99,none,-99,-99
1995,SC,15,A,1,-99,-99,0,-99,-99,0,11,-99,-99,1.98,none,0,0,none,0,0,1.2,11.3,none,-99,12.5
1995,SC,15,A,2,-99,-99,0,-99,-99,0,2,-99,-99,0.54,none,0,0,none,0,0,-99,-99,none,-99,-99
1995,SC,15,A,3,-99,-99,0,-99,-99,0,8,-99,-99,1.63,none,0,0,none,0,0,-99,-99,none,-99,-99
1995,SC,15,A,4,-99,-99,0,-99,-99,0,2,-99,-99,0.33,none,0,0,none,0,0,-99,-99,none,-99,-99
1995,SC,15,A,5,-99,-99,0,-99,-99,0,4,-99,-99,0.65,none,0,0,none,0,0,-99,-99,none,-99,-99
1995,MX,1,E,1,-99,-99,0,-99,-99,0,6,-99,-99,1.3,-99,-99,-99,-99,-99,-99,-99,-99,none,-99,20.14
1995,MX,1,E,2,-99,-99,2,-99,-99,0.7,7,-99,-99,1.8,-99,-99,-99,-99,-99,-99,-99,-99,none,-99,-99
1995,MX,1,E,3,-99,-99,0,-99,-99,0,1,-99,-99,0.1,-99,-99,-99,-99,-99,-99,-99,-99,none,-99,-99
1995,MX,1,E,4,-99,-99,0,-99,-99,0,1,-99,-99,0.2,-99,-99,-99,-99,-99,-99,-99,-99,none,-99,-99
1995,MX,1,E,5,-99,-99,3,-99,-99,0.86,17,-99,-99,2.93,-99,-99,-99,-99,-99,-99,-99,-99,none,-99,-99
1995,MX,2,A,1,-99,-99,4,-99,-99,0.68,1,-99,-99,0.38,-99,-99,-99,-99,-99,-99,-99,-99,none,-99,32.87
1995,MX,2,A,2,-99,-99,1,-99,-99,0.11,1,-99,-99,0.17,-99,-99,-99,-99,-99,-99,-99,-99,none,-99,-99
1995,MX,2,A,3,-99,-99,0,-99,-99,0,6,-99,-99,1.48,-99,-99,-99,-99,-99,-99,-99,-99,none,-99,-99
1995,MX,2,A,4,-99,-99,0,-99,-99,0,1,-99,-99,0.07,-99,-99,-99,-99,-99,-99,-99,-99,none,-99,-99
1995,MX,2,A,5,-99,-99,2,-99,-99,0.4,8,-99,-99,2.17,-99,-99,-99,-99,-99,-99,-99,-99,none,-99,-99
1995,MX,3,C,1,-99,-99,17,-99,-99,2.6,0,-99,-99,0,-99,-99,-99,-99,-99,-99,-99,-99,none,-99,7.61
1995,MX,3,C,2,-99,-99,8,-99,-99,1.06,0,-99,-99,0,-99,-99,-99,-99,-99,-99,-99,-99,none,-99,-99
1995,MX,3,C,3,-99,-99,7,-99,-99,0.95,0,-99,-99,0,-99,-99,-99,-99,-99,-99,-99,-99,none,-99,-99
1995,MX,3,C,4,-99,-99,2,-99,-99,0.54,3,-99,-99,0.83,-99,-99,-99,-99,-99,-99,-99,-99,none,-99,-99
1995,MX,3,C,5,-99,-99,23,-99,-99,3.97,1,-99,-99,0.07,-99,-99,-99,-99,-99,-99,-99,-99,none,-99,-99
1995,MX,4,E,1,-99,-99,6,-99,-99,1.28,0,-99,-99,0,-99,-99,-99,-99,-99,-99,-99,-99,none,-99,29.36
1995,MX,4,E,2,-99,-99,0,-99,-99,0,2,-99,-99,0.2,-99,-99,-99,-99,-99,-99,-99,-99,none,-99,-99
1995,MX,4,E,3,-99,-99,0,-99,-99,0,7,-99,-99,1.13,-99,-99,-99,-99,-99,-99,-99,-99,none,-99,-99
1995,MX,4,E,4,-99,-99,0,-99,-99,0,11,-99,-99,2.64,-99,-99,-99,-99,-99,-99,-99,-99,none,-99,-99
1995,MX,4,E,5,-99,-99,0,-99,-99,0,3,-99,-99,0.46,-99,-99,-99,-99,-99,-99,-99,-99,none,-99,-99
1995,MX,5,C,1,-99,-99,10,-99,-99,2.09,0,-99,-99,0,-99,-99,-99,-99,-99,-99,-99,-99,none,-99,12.15
1995,MX,5,C,2,-99,-99,3,-99,-99,0.75,0,-99,-99,0,-99,-99,-99,-99,-99,-99,-99,-99,none,-99,-99
1995,MX,5,C,3,-99,-99,16,-99,-99,3.91,0,-99,-99,0,-99,-99,-99,-99,-99,-99,-99,-99,none,-99,-99
1995,MX,5,C,4,-99,-99,25,-99,-99,4.78,1,-99,-99,0.25,-99,-99,-99,-99,-99,-99,-99,-99,none,-99,-99
1995,MX,5,C,5,-99,-99,4,-99,-99,0.7,0,-99,-99,0,-99,-99,-99,-99,-99,-99,-99,-99,none,-99,-99
1995,MX,6,A,1,-99,-99,0,-99,-99,0,0,-99,-99,0,-99,-99,-99,-99,-99,-99,-99,-99,none,-99,21.11
1995,MX,6,A,2,-99,-99,3,-99,-99,0.45,3,-99,-99,0.67,-99,-99,-99,-99,-99,-99,-99,-99,none,-99,-99
1995,MX,6,A,3,-99,-99,1,-99,-99,0.22,0,-99,-99,0,-99,-99,-99,-99,-99,-99,-99,-99,none,-99,-99
1995,MX,6,A,4,-99,-99,1,-99,-99,0.22,2,-99,-99,0.86,-99,-99,-99,-99,-99,-99,-99,-99,none,-99,-99
1995,MX,6,A,5,-99,-99,3,-99,-99,0.37,3,-99,-99,0.12,-99,-99,-99,-99,-99,-99,-99,-99,none,-99,-99
1995,MX,7,C,1,-99,-99,0,-99,-99,0,2,-99,-99,0.62,-99,-99,-99,-99,-99,-99,-99,-99,none,-99,17.11
1995,MX,7,C,2,-99,-99,0,-99,-99,0,12,-99,-99,2.48,-99,-99,-99,-99,-99,-99,-99,-99,none,-99,-99
1995,MX,7,C,3,-99,-99,0,-99,-99,0,1,-99,-99,0.46,-99,-99,-99,-99,-99,-99,-99,-99,none,-99,-99
1995,MX,7,C,4,-99,-99,0,-99,-99,0,2,-99,-99,0.73,-99,-99,-99,-99,-99,-99,-99,-99,none,-99,-99
1995,MX,7,C,5,-99,-99,0,-99,-99,0,5,-99,-99,1.08,-99,-99,-99,-99,-99,-99,-99,-99,none,-99,-99
1995,MX,8,E,1,-99,-99,1,-99,-99,0.21,5,-99,-99,1.91,-99,-99,-99,-99,-99,-99,-99,-99,none,-99,33.4
1995,MX,8,E,2,-99,-99,0,-99,-99,0,7,-99,-99,1.25,-99,-99,-99,-99,-99,-99,-99,-99,none,-99,-99
1995,MX,8,E,3,-99,-99,5,-99,-99,1.32,10,-99,-99,2.41,-99,-99,-99,-99,-99,-99,-99,-99,none,-99,-99
1995,MX,8,E,4,-99,-99,2,-99,-99,0.59,7,-99,-99,1.99,-99,-99,-99,-99,-99,-99,-99,-99,none,-99,-99
1995,MX,8,E,5,-99,-99,0,-99,-99,0,8,-99,-99,1.61,-99,-99,-99,-99,-99,-99,-99,-99,none,-99,-99
1995,MX,9,A,1,-99,-99,9,-99,-99,1.75,5,-99,-99,1,-99,-99,-99,-99,-99,-99,-99,-99,none,-99,25.26
1995,MX,9,A,2,-99,-99,9,-99,-99,1.63,1,-99,-99,0.07,-99,-99,-99,-99,-99,-99,-99,-99,none,-99,-99
1995,MX,9,A,3,-99,-99,0,-99,-99,0,2,-99,-99,0.53,-99,-99,-99,-99,-99,-99,-99,-99,none,-99,-99
1995,MX,9,A,4,-99,-99,16,-99,-99,3.05,1,-99,-99,0.11,-99,-99,-99,-99,-99,-99,-99,-99,none,-99,-99
1995,MX,9,A,5,-99,-99,3,-99,-99,0.35,0,-99,-99,0,-99,-99,-99,-99,-99,-99,-99,-99,none,-99,-99
1995,MX,10,C,1,-99,-99,2,-99,-99,0.38,1,-99,-99,0.4,-99,-99,-99,-99,-99,-99,-99,-99,none,-99,12.11
1995,MX,10,C,2,-99,-99,13,-99,-99,2.16,0,-99,-99,0,-99,-99,-99,-99,-99,-99,-99,-99,none,-99,-99
1995,MX,10,C,3,-99,-99,7,-99,-99,1.14,2,-99,-99,0.21,-99,-99,-99,-99,-99,-99,-99,-99,none,-99,-99
1995,MX,10,C,4,-99,-99,3,-99,-99,0.84,0,-99,-99,0,-99,-99,-99,-99,-99,-99,-99,-99,none,-99,-99
1995,MX,10,C,5,-99,-99,4,-99,-99,0.4,0,-99,-99,0,-99,-99,-99,-99,-99,-99,-99,-99,none,-99,-99
1995,MX,11,E,1,-99,-99,10,-99,-99,2.21,0,-99,-99,0,-99,-99,-99,-99,-99,-99,-99,-99,none,-99,20.82
1995,MX,11,E,2,-99,-99,3,-99,-99,0.43,2,-99,-99,0.357,-99,-99,-99,-99,-99,-99,-99,-99,none,-99,-99
1995,MX,11,E,3,-99,-99,1,-99,-99,0.078,1,-99,-99,0.042,-99,-99,-99,-99,-99,-99,-99,-99,none,-99,-99
1995,MX,11,E,4,-99,-99,19,-99,-99,2.932,0,-99,-99,0,-99,-99,-99,-99,-99,-99,-99,-99,none,-99,-99
1995,MX,11,E,5,-99,-99,0,-99,-99,0,0,-99,-99,0,-99,-99,-99,-99,-99,-99,-99,-99,none,-99,-99
1995,MX,12,A,1,-99,-99,12,-99,-99,2.014,0,-99,-99,0,-99,-99,-99,-99,-99,-99,-99,-99,none,-99,19.7
1995,MX,12,A,2,-99,-99,18,-99,-99,3.21,0,-99,-99,0,-99,-99,-99,-99,-99,-99,-99,-99,none,-99,-99
1995,MX,12,A,3,-99,-99,3,-99,-99,0.828,1,-99,-99,0.079,-99,-99,-99,-99,-99,-99,-99,-99,none,-99,-99
1995,MX,12,A,4,-99,-99,2,-99,-99,0.272,0,-99,-99,0,-99,-99,-99,-99,-99,-99,-99,-99,none,-99,-99
1995,MX,12,A,5,-99,-99,14,-99,-99,2.855,1,-99,-99,0.142,-99,-99,-99,-99,-99,-99,-99,-99,none,-99,-99
1995,MX,13,E,1,-99,-99,9,-99,-99,1.82,0,-99,-99,0,-99,-99,-99,-99,-99,-99,-99,-99,none,-99,28.9
1995,MX,13,E,2,-99,-99,11,-99,-99,1.73,1,-99,-99,0.06,-99,-99,-99,-99,-99,-99,-99,-99,none,-99,-99
1995,MX,13,E,3,-99,-99,1,-99,-99,0.32,0,-99,-99,0,-99,-99,-99,-99,-99,-99,-99,-99,none,-99,-99
1995,MX,13,E,4,-99,-99,4,-99,-99,0.59,1,-99,-99,0.04,-99,-99,-99,-99,-99,-99,-99,-99,none,-99,-99
1995,MX,13,E,5,-99,-99,4,-99,-99,1.05,0,-99,-99,0,-99,-99,-99,-99,-99,-99,-99,-99,none,-99,-99
1995,MX,14,C,1,-99,-99,2,-99,-99,0.06,0,-99,-99,0,-99,-99,-99,-99,-99,-99,-99,-99,none,-99,18.18
1995,MX,14,C,2,-99,-99,17,-99,-99,2.54,0,-99,-99,0,-99,-99,-99,-99,-99,-99,-99,-99,none,-99,-99
1995,MX,14,C,3,-99,-99,25,-99,-99,4.5,0,-99,-99,0,-99,-99,-99,-99,-99,-99,-99,-99,none,-99,-99
1995,MX,14,C,4,-99,-99,5,-99,-99,0.66,0,-99,-99,0,-99,-99,-99,-99,-99,-99,-99,-99,none,-99,-99
1995,MX,14,C,5,-99,-99,5,-99,-99,0.5,0,-99,-99,0,-99,-99,-99,-99,-99,-99,-99,-99,none,-99,-99
1995,MX,15,A,1,-99,-99,0,-99,-99,0,6,-99,-99,2.13,-99,-99,-99,-99,-99,-99,-99,-99,none,-99,18.09
1995,MX,15,A,2,-99,-99,3,-99,-99,0.44,3,-99,-99,0.65,-99,-99,-99,-99,-99,-99,-99,-99,none,-99,-99
1995,MX,15,A,3,-99,-99,0,-99,-99,0,3,-99,-99,0.7,-99,-99,-99,-99,-99,-99,-99,-99,none,-99,-99
1995,MX,15,A,4,-99,-99,0,-99,-99,0,4,-99,-99,0.9,-99,-99,-99,-99,-99,-99,-99,-99,none,-99,-99
1995,MX,15,A,5,-99,-99,0,-99,-99,0,5,-99,-99,1.6,-99,-99,-99,-99,-99,-99,-99,-99,none,-99,-99
1996,SP,1,E,1,-99,-99,17,-99,-99,3.494,0,-99,-99,0,none,0,0,none,0,0,0,1.011,none,-99,1.011
1996,SP,1,E,2,-99,-99,12,-99,-99,2.028,0,-99,-99,0,none,0,0,none,0,0,0,4.005,none,-99,4.005
1996,SP,1,E,3,-99,-99,9,-99,-99,2.395,0,-99,-99,0,none,0,0,none,0,0,0.075,5.555,none,-99,5.63
1996,SP,1,E,4,-99,-99,20,-99,-99,2.357,0,-99,-99,0,none,0,0,none,0,0,0,6.857,none,-99,6.857
1996,SP,1,E,5,-99,-99,18,-99,-99,3.237,0,-99,-99,0,none,0,0,none,0,0,0,0.56,none,-99,0.56
1996,SP,2,A,1,-99,-99,7,-99,-99,1.243,0,-99,-99,0,none,0,0,none,0,0,0.013,1.972,none,-99,1.985
1996,SP,2,A,2,-99,-99,11,-99,-99,2.619,0,-99,-99,0,none,0,0,none,0,0,0,8.761,none,-99,8.761
1996,SP,2,A,3,-99,-99,1,-99,-99,0.097,0,-99,-99,0,none,0,0,none,0,0,0,1.63,none,-99,1.63
1996,SP,2,A,4,-99,-99,4,-99,-99,1.238,0,-99,-99,0,none,0,0,none,0,0,0,6.78,none,-99,6.78
1996,SP,2,A,5,-99,-99,5,-99,-99,1.106,0,-99,-99,0,none,0,0,none,0,0,0,6.42,none,-99,6.42
1996,SP,3,C,1,-99,-99,16,-99,-99,2.7,0,-99,-99,0,none,0,0,none,0,0,0,0.215,none,-99,0.215
1996,SP,3,C,2,-99,-99,4,-99,-99,0.693,0,-99,-99,0,none,0,0,none,0,0,0,1.135,none,-99,1.135
1996,SP,3,C,3,-99,-99,11,-99,-99,1.564,0,-99,-99,0,none,0,0,none,0,0,0,1.782,none,-99,1.782
1996,SP,3,C,4,-99,-99,1,-99,-99,0.237,0,-99,-99,0,none,0,0,none,0,0,0,7.691,none,-99,7.691
1996,SP,3,C,5,-99,-99,11,-99,-99,2.66,0,-99,-99,0,none,0,0,none,0,0,0,0.087,none,-99,0.087
1996,SP,4,E,1,-99,-99,8,-99,-99,1.877,0,-99,-99,0,none,0,0,none,0,0,0,4.082,none,-99,4.082
1996,SP,4,E,2,-99,-99,8,-99,-99,1.204,0,-99,-99,0,none,0,0,none,0,0,0,5.106,none,-99,5.106
1996,SP,4,E,3,-99,-99,7,-99,-99,0.956,0,-99,-99,0,none,0,0,none,0,0,0,1.666,none,-99,1.666
1996,SP,4,E,4,-99,-99,14,-99,-99,2.232,0,-99,-99,0,none,0,0,none,0,0,0,1.276,none,-99,1.276
1996,SP,4,E,5,-99,-99,9,-99,-99,1.875,0,-99,-99,0,none,0,0,none,0,0,0,4.521,none,-99,4.521
1996,SP,5,A,1,-99,-99,2,-99,-99,0.634,0,-99,-99,0,none,0,0,none,0,0,0,1.662,none,-99,1.662
1996,SP,5,A,2,-99,-99,6,-99,-99,1.217,0,-99,-99,0,none,0,0,none,0,0,0,3.084,none,-99,3.084
1996,SP,5,A,3,-99,-99,0,-99,-99,0,0,-99,-99,0,none,0,0,none,0,0,0,6.67,none,-99,6.67
1996,SP,5,A,4,-99,-99,3,-99,-99,0.689,0,-99,-99,0,none,0,0,none,0,0,0,3.926,none,-99,3.926
1996,SP,5,A,5,-99,-99,0,-99,-99,0,0,-99,-99,0,none,0,0,none,0,0,0,1.039,none,-99,1.039
1996,SP,6,C,1,-99,-99,10,-99,-99,1.58,0,-99,-99,0,none,0,0,none,0,0,0,6.341,none,-99,6.341
1996,SP,6,C,2,-99,-99,12,-99,-99,2.034,0,-99,-99,0,none,0,0,none,0,0,0,1.67,none,-99,1.67
1996,SP,6,C,3,-99,-99,12,-99,-99,1.733,0,-99,-99,0,none,0,0,none,0,0,0,0.002,none,-99,0.002
1996,SP,6,C,4,-99,-99,9,-99,-99,1.319,0,-99,-99,0,none,0,0,none,0,0,0,0.509,none,-99,0.509
1996,SP,6,C,5,-99,-99,12,-99,-99,1.72,0,-99,-99,0,none,0,0,none,0,0,0,0.659,none,-99,0.659
1996,SP,7,C,1,-99,-99,11,-99,-99,2.163,0,-99,-99,0,none,0,0,none,0,0,0,3.585,none,-99,3.585
1996,SP,7,C,2,-99,-99,14,-99,-99,2.322,0,-99,-99,0,none,0,0,none,0,0,0,0.94,none,-99,0.94
1996,SP,7,C,3,-99,-99,15,-99,-99,1.841,0,-99,-99,0,none,0,0,none,0,0,0,0.564,none,-99,0.564
1996,SP,7,C,4,-99,-99,12,-99,-99,0.76,0,-99,-99,0,none,0,0,none,0,0,0,2.501,none,-99,2.501
1996,SP,7,C,5,-99,-99,7,-99,-99,1.143,0,-99,-99,0,none,0,0,none,0,0,0,7.095,none,-99,7.095
1996,SP,8,E,1,-99,-99,14,-99,-99,2.122,0,-99,-99,0,none,0,0,none,0,0,0,3.965,none,-99,3.965
1996,SP,8,E,2,-99,-99,1,-99,-99,0.141,0,-99,-99,0,none,0,0,none,0,0,0,0.393,none,-99,0.393
1996,SP,8,E,3,-99,-99,9,-99,-99,1.534,0,-99,-99,0,none,0,0,none,0,0,0,1.517,none,-99,1.517
1996,SP,8,E,4,-99,-99,2,-99,-99,0.456,0,-99,-99,0,none,0,0,none,0,0,0,2.361,none,-99,2.361
1996,SP,8,E,5,-99,-99,4,-99,-99,0.816,0,-99,-99,0,none,0,0,none,0,0,0,2.858,none,-99,2.858
1996,SP,9,A,1,-99,-99,6,-99,-99,1.228,0,-99,-99,0,none,0,0,none,0,0,0,3.26,none,-99,3.26
1996,SP,9,A,2,-99,-99,18,-99,-99,2.847,0,-99,-99,0,none,0,0,none,0,0,0,0.786,none,-99,0.786
1996,SP,9,A,3,-99,-99,7,-99,-99,1.583,0,-99,-99,0,none,0,0,none,0,0,0,2.554,none,-99,2.554
1996,SP,9,A,4,-99,-99,4,-99,-99,0.81,0,-99,-99,0,none,0,0,none,0,0,0,3.786,none,-99,3.786
1996,SP,9,A,5,-99,-99,1,-99,-99,0.226,0,-99,-99,0,none,0,0,none,0,0,0,5.922,none,-99,5.922
1996,SP,10,E,1,-99,-99,3,-99,-99,0.722,0,-99,-99,0,none,0,0,none,0,0,0,1.767,none,-99,1.767
1996,SP,10,E,2,-99,-99,4,-99,-99,0.495,0,-99,-99,0,none,0,0,none,0,0,0,1.453,none,-99,1.453
1996,SP,10,E,3,-99,-99,9,-99,-99,2.016,0,-99,-99,0,none,0,0,none,0,0,0,1.375,none,-99,1.375
1996,SP,10,E,4,-99,-99,11,-99,-99,1.964,0,-99,-99,0,none,0,0,none,0,0,0,3.02,none,-99,3.02
1996,SP,10,E,5,-99,-99,10,-99,-99,2.003,0,-99,-99,0,none,0,0,none,0,0,0,0.994,none,-99,0.994
1996,SP,11,A,1,-99,-99,19,-99,-99,3.33,0,-99,-99,0,none,0,0,none,0,0,0,0.331,none,-99,0.331
1996,SP,11,A,2,-99,-99,20,-99,-99,4.697,0,-99,-99,0,none,0,0,none,0,0,0,3.144,none,-99,3.144
1996,SP,11,A,3,-99,-99,19,-99,-99,3.414,0,-99,-99,0,none,0,0,none,0,0,0,3.72,none,-99,3.72
1996,SP,11,A,4,-99,-99,7,-99,-99,1.029,0,-99,-99,0,none,0,0,none,0,0,0,1.606,none,-99,1.606
1996,SP,11,A,5,-99,-99,6,-99,-99,1.458,0,-99,-99,0,none,0,0,none,0,0,0,2.107,none,-99,2.107
1996,SP,12,C,1,-99,-99,28,-99,-99,2.884,0,-99,-99,0,none,0,0,none,0,0,0,0.741,none,-99,0.741
1996,SP,12,C,2,-99,-99,14,-99,-99,1.831,0,-99,-99,0,none,0,0,none,0,0,0,3.369,none,-99,3.369
1996,SP,12,C,3,-99,-99,18,-99,-99,2.39,0,-99,-99,0,none,0,0,none,0,0,0,2.043,none,-99,2.043
1996,SP,12,C,4,-99,-99,11,-99,-99,1.661,0,-99,-99,0,none,0,0,none,0,0,0,1.897,none,-99,1.897
1996,SP,12,C,5,-99,-99,10,-99,-99,1.191,0,-99,-99,0,none,0,0,none,0,0,0,0.708,none,-99,0.708
1996,SP,13,A,1,-99,-99,3,-99,-99,0.127,0,-99,-99,0,none,0,0,none,0,0,0,3.066,none,-99,3.066
1996,SP,13,A,2,-99,-99,3,-99,-99,0.401,0,-99,-99,0,none,0,0,none,0,0,0,0.955,none,-99,0.955
1996,SP,13,A,3,-99,-99,3,-99,-99,0.23,0,-99,-99,0,none,0,0,none,0,0,0,1.992,none,-99,1.992
1996,SP,13,A,4,-99,-99,15,-99,-99,1.451,0,-99,-99,0,none,0,0,none,0,0,0,1.328,none,-99,1.328
1996,SP,13,A,5,-99,-99,16,-99,-99,1.861,0,-99,-99,0,none,0,0,none,0,0,0,2.822,none,-99,2.822
1996,SP,14,E,1,-99,-99,3,-99,-99,0.374,0,-99,-99,0,none,0,0,none,0,0,0,1.665,none,-99,1.665
1996,SP,14,E,2,-99,-99,6,-99,-99,1.194,0,-99,-99,0,none,0,0,none,0,0,0,2.535,none,-99,2.535
1996,SP,14,E,3,-99,-99,12,-99,-99,1.848,0,-99,-99,0,none,0,0,none,0,0,0,1.96,none,-99,1.96
1996,SP,14,E,4,-99,-99,7,-99,-99,1.125,0,-99,-99,0,none,0,0,none,0,0,0,2.645,none,-99,2.645
1996,SP,14,E,5,-99,-99,4,-99,-99,0.786,0,-99,-99,0,none,0,0,none,0,0,0,1.277,none,-99,1.277
1996,SP,15,C,1,-99,-99,15,-99,-99,2.582,0,-99,-99,0,none,0,0,none,0,0,0,1.972,none,-99,1.972
1996,SP,15,C,2,-99,-99,19,-99,-99,3.19,0,-99,-99,0,none,0,0,none,0,0,0,3.099,none,-99,3.099
1996,SP,15,C,3,-99,-99,14,-99,-99,2.644,0,-99,-99,0,none,0,0,none,0,0,0,2.128,none,-99,2.128
1996,SP,15,C,4,-99,-99,13,-99,-99,2.481,0,-99,-99,0,none,0,0,none,0,0,0,1.67,none,-99,1.67
1996,SP,15,C,5,-99,-99,9,-99,-99,1.284,0,-99,-99,0,none,0,0,none,0,0,0,1.469,none,-99,1.469
1996,SC,1,E,1,-99,-99,4,-99,-99,0.638,2,-99,-99,0.346,none,0,0,none,0,0,2.366,1.512,none,-99,3.878
1996,SC,1,E,2,-99,-99,0,-99,-99,0,6,-99,-99,1.012,none,0,0,none,0,0,1.191,1.099,none,-99,2.29
1996,SC,1,E,3,-99,-99,0,-99,-99,0,2,-99,-99,0.461,none,0,0,none,0,0,3.61,0.568,none,-99,4.178
1996,SC,1,E,4,-99,-99,0,-99,-99,0,1,-99,-99,0.221,none,0,0,none,0,0,0.944,0.762,none,-99,1.706
1996,SC,1,E,5,-99,-99,0,-99,-99,0,0,-99,-99,0,none,0,0,none,0,0,1.126,1.068,none,-99,2.194
1996,SC,2,A,1,-99,-99,5,-99,-99,0.96,0,-99,-99,0,none,0,0,none,0,0,0.914,0.998,none,-99,1.912
1996,SC,2,A,2,-99,-99,12,-99,-99,2.353,0,-99,-99,0,none,0,0,none,0,0,1.083,0.719,none,-99,1.802
1996,SC,2,A,3,-99,-99,1,-99,-99,0.465,0,-99,-99,0,none,0,0,none,0,0,1.611,0.53,none,-99,2.141
1996,SC,2,A,4,-99,-99,6,-99,-99,1.316,0,-99,-99,0,none,0,0,none,0,0,0.294,0.271,none,-99,0.565
1996,SC,2,A,5,-99,-99,5,-99,-99,0.779,0,-99,-99,0,none,0,0,none,0,0,0.27,0.069,none,-99,0.339
1996,SC,3,C,1,-99,-99,0,-99,-99,0,0,-99,-99,0,none,0,0,none,0,0,0.225,0,none,-99,0.225
1996,SC,3,C,2,-99,-99,0,-99,-99,0,0,-99,-99,0,none,0,0,none,0,0,2.431,0,none,-99,2.431
1996,SC,3,C,3,-99,-99,0,-99,-99,0,0,-99,-99,0,none,0,0,none,0,0,4.625,0,none,-99,4.625
1996,SC,3,C,4,-99,-99,0,-99,-99,0,0,-99,-99,0,none,0,0,none,0,0,1.856,0,none,-99,1.856
1996,SC,3,C,5,-99,-99,0,-99,-99,0,0,-99,-99,0,UNK,1,-99,none,0,0,1.363,0,none,-99,1.363
1996,SC,4,A,1,-99,-99,2,-99,-99,0.143,1,-99,-99,0.076,none,0,0,none,0,0,2.454,0.422,none,-99,2.876
1996,SC,4,A,2,-99,-99,0,-99,-99,0,6,-99,-99,1.171,none,0,0,none,0,0,1.441,0.102,none,-99,1.543
1996,SC,4,A,3,-99,-99,0,-99,-99,0,0,-99,-99,0,none,0,0,none,0,0,1.162,0,none,-99,1.162
1996,SC,4,A,4,-99,-99,1,-99,-99,0.524,2,-99,-99,0.368,none,0,0,none,0,0,2.567,0.929,none,-99,3.496
1996,SC,4,A,5,-99,-99,1,-99,-99,0.157,5,-99,-99,0.883,none,0,0,none,0,0,3.809,0.76,none,-99,4.569
1996,SC,5,C,1,-99,-99,1,-99,-99,0.385,5,-99,-99,1.08,none,0,0,none,0,0,1.891,0.446,none,-99,2.337
1996,SC,5,C,2,-99,-99,3,-99,-99,0.173,0,-99,-99,0,none,0,0,none,0,0,2.15,0.603,none,-99,2.753
1996,SC,5,C,3,-99,-99,9,-99,-99,2.012,0,-99,-99,0,IVFR,2,0.141,none,0,0,2.338,0.231,none,-99,2.569
1996,SC,5,C,4,-99,-99,6,-99,-99,0.351,0,-99,-99,0,none,0,0,none,0,0,1.354,0.392,none,-99,1.746
1996,SC,5,C,5,-99,-99,3,-99,-99,0.552,0,-99,-99,0,POHY,1,3.854,none,0,0,1.028,0,none,-99,1.028
1996,SC,6,E,1,-99,-99,3,-99,-99,1.077,0,-99,-99,0,none,0,0,none,0,0,2.15,1.932,none,-99,4.082
1996,SC,6,E,2,-99,-99,11,-99,-99,2.565,3,-99,-99,0.428,none,0,0,none,0,0,1.321,0.605,none,-99,1.926
1996,SC,6,E,3,-99,-99,4,-99,-99,0.733,2,-99,-99,0.344,none,0,0,none,0,0,1.056,1.629,none,-99,2.685
1996,SC,6,E,4,-99,-99,1,-99,-99,0.221,0,-99,-99,0,none,0,0,none,0,0,0,1.556,none,-99,1.556
1996,SC,6,E,5,-99,-99,5,-99,-99,1.177,0,-99,-99,0,none,0,0,none,0,0,1.034,0,none,-99,1.034
1996,SC,7,C,1,-99,-99,0,-99,-99,0,0,-99,-99,0,POHY,1,0.151,none,0,0,0.639,0.092,none,-99,0.731
1996,SC,7,C,2,-99,-99,0,-99,-99,0,6,-99,-99,0.957,none,0,0,none,0,0,0.885,0.02,none,-99,0.905
1996,SC,7,C,3,-99,-99,0,-99,-99,0,0,-99,-99,0,POHY,2,0.466,none,0,0,1.201,0.049,none,-99,1.25
1996,SC,7,C,4,-99,-99,0,-99,-99,0,0,-99,-99,0,POHY,1,0.229,none,0,0,0.136,0.207,none,-99,0.343
1996,SC,7,C,5,-99,-99,1,-99,-99,0.12,1,-99,-99,0.2,none,0,0,none,0,0,1.4,0,none,-99,1.4
1996,SC,8,A,1,-99,-99,0,-99,-99,0,0,-99,-99,0,none,0,0,none,0,0,1.951,2.05,none,-99,4.001
1996,SC,8,A,2,-99,-99,0,-99,-99,0,4,-99,-99,0.702,none,0,0,none,0,0,2.472,1.043,none,-99,3.515
1996,SC,8,A,3,-99,-99,0,-99,-99,0,13,-99,-99,3.014,none,0,0,none,0,0,0.148,2.326,none,-99,2.474
1996,SC,8,A,4,-99,-99,1,-99,-99,0.11,3,-99,-99,0.532,none,0,0,none,0,0,0.35,1.204,none,-99,1.554
1996,SC,8,A,5,-99,-99,0,-99,-99,0,6,-99,-99,1.02,none,0,0,none,0,0,0.424,0,none,-99,0.424
1996,SC,9,E,1,-99,-99,1,-99,-99,0.218,3,-99,-99,0.569,none,0,0,none,0,0,2.477,1.037,none,-99,3.514
1996,SC,9,E,2,-99,-99,0,-99,-99,0,2,-99,-99,0.371,none,0,0,none,0,0,3.295,0.701,none,-99,3.996
1996,SC,9,E,3,-99,-99,0,-99,-99,0,2,-99,-99,0.517,none,0,0,none,0,0,3.872,0.671,none,-99,4.543
1996,SC,9,E,4,-99,-99,0,-99,-99,0,5,-99,-99,0.458,LYLI2,4,1.778,none,0,0,2.973,0.93,none,-99,3.903
1996,SC,9,E,5,-99,-99,0,-99,-99,0,2,-99,-99,0.663,none,0,0,none,0,0,2.884,0.293,none,-99,3.177
1996,SC,10,E,1,-99,-99,0,-99,-99,0,0,-99,-99,0,LYLI2,4,0.393,none,0,0,0.199,0.17,none,-99,0.369
1996,SC,10,E,2,-99,-99,3,-99,-99,0.637,0,-99,-99,0,none,0,0,none,0,0,1.731,0.161,none,-99,1.892
1996,SC,10,E,3,-99,-99,7,-99,-99,1.546,0,-99,-99,0,none,0,0,none,0,0,2.198,0.63,none,-99,2.828
1996,SC,10,E,4,-99,-99,1,-99,-99,0.102,0,-99,-99,0,none,0,0,none,0,0,1.548,0.161,none,-99,1.709
1996,SC,10,E,5,-99,-99,11,-99,-99,2.044,0,-99,-99,0,LYLI2,1,0.12,none,0,0,0.357,0.33,none,-99,0.687
1996,SC,11,C,1,-99,-99,15,-99,-99,2.174,0,-99,-99,0,LYLI2,2,1.79,none,0,0,0.468,0.236,none,-99,0.704
1996,SC,11,C,2,-99,-99,2,-99,-99,0.095,0,-99,-99,0,none,0,0,none,0,0,1.101,0.132,none,-99,1.233
1996,SC,11,C,3,-99,-99,0,-99,-99,0,1,-99,-99,0.177,none,0,0,none,0,0,1.941,0.707,none,-99,2.648
1996,SC,11,C,4,-99,-99,2,-99,-99,0.333,1,-99,-99,0.189,none,0,0,none,0,0,0.108,0.1,none,-99,0.208
1996,SC,11,C,5,-99,-99,1,-99,-99,0.218,0,-99,-99,0,none,0,0,none,0,0,0.318,0.224,none,-99,0.542
1996,SC,12,A,1,-99,-99,1,-99,-99,0.066,24,-99,-99,2.89,none,0,0,none,0,0,0.76,1.679,none,-99,2.439
1996,SC,12,A,2,-99,-99,0,-99,-99,0,17,-99,-99,2.148,none,0,0,none,0,0,1.49,3.214,none,-99,4.704
1996,SC,12,A,3,-99,-99,0,-99,-99,0,23,-99,-99,3.126,none,0,0,none,0,0,0.178,2.224,none,-99,2.402
1996,SC,12,A,4,-99,-99,1,-99,-99,0.078,29,-99,-99,3.41,none,0,0,none,0,0,0.659,0.65,none,-99,1.309
1996,SC,12,A,5,-99,-99,0,-99,-99,0,14,-99,-99,1.664,none,0,0,none,0,0,0.546,2.848,none,-99,3.394
1996,SC,13,C,1,-99,-99,0,-99,-99,0,3,-99,-99,0.269,none,0,0,none,0,0,0.34,1.876,none,-99,2.216
1996,SC,13,C,2,-99,-99,2,-99,-99,0.397,0,-99,-99,0,none,0,0,none,0,0,0.106,0.134,none,-99,0.24
1996,SC,13,C,3,-99,-99,3,-99,-99,0.421,2,-99,-99,0.119,none,0,0,none,0,0,0.473,0.039,none,-99,0.512
1996,SC,13,C,4,-99,-99,28,-99,-99,4.879,2,-99,-99,0.215,none,0,0,none,0,0,0,3.012,none,-99,3.012
1996,SC,13,C,5,-99,-99,7,-99,-99,1.695,13,-99,-99,1.676,none,0,0,none,0,0,0.31,0.532,none,-99,0.842
1996,SC,14,E,1,-99,-99,0,-99,-99,0,2,-99,-99,0.172,none,0,0,none,0,0,0.437,2.101,none,-99,2.538
1996,SC,14,E,2,-99,-99,0,-99,-99,0,7,-99,-99,1.058,none,0,0,none,0,0,0.66,1.596,none,-99,2.256
1996,SC,14,E,3,-99,-99,0,-99,-99,0,3,-99,-99,0.132,none,0,0,none,0,0,1.096,1.211,none,-99,2.307
1996,SC,14,E,4,-99,-99,0,-99,-99,0,5,-99,-99,0.829,none,0,0,none,0,0,1.478,2.324,none,-99,3.802
1996,SC,14,E,5,-99,-99,0,-99,-99,0,13,-99,-99,1.128,none,0,0,none,0,0,0.535,3.253,none,-99,3.788
1996,SC,15,A,1,-99,-99,0,-99,-99,0,8,-99,-99,1.405,none,0,0,none,0,0,0.031,1.77,none,-99,1.801
1996,SC,15,A,2,-99,-99,0,-99,-99,0,7,-99,-99,1.59,none,0,0,none,0,0,0.292,6.14,none,-99,6.432
1996,SC,15,A,3,-99,-99,0,-99,-99,0,13,-99,-99,2.077,none,0,0,none,0,0,1.315,3.712,none,-99,5.027
1996,SC,15,A,4,-99,-99,0,-99,-99,0,6,-99,-99,1.091,none,0,0,none,0,0,0.411,3.626,none,-99,4.037
1996,SC,15,A,5,-99,-99,0,-99,-99,0,7,-99,-99,1.194,none,0,0,none,0,0,0.76,5.87,none,-99,6.63
1996,MX,1,E,1,-99,-99,6,-99,-99,0.498,1,-99,-99,0.095,-99,-99,-99,-99,-99,-99,0.787,3.854,none,-99,4.641
1996,MX,1,E,2,-99,-99,8,-99,-99,0.907,6,-99,-99,0.668,-99,-99,-99,-99,-99,-99,0.709,3.47,none,-99,4.179
1996,MX,1,E,3,-99,-99,0,-99,-99,0,1,-99,-99,0.094,-99,-99,-99,-99,-99,-99,2.089,4.609,none,-99,6.698
1996,MX,1,E,4,-99,-99,0,-99,-99,0,7,-99,-99,1.001,-99,-99,-99,-99,-99,-99,0.416,1.802,none,-99,2.218
1996,MX,1,E,5,-99,-99,0,-99,-99,0,0,-99,-99,0,-99,-99,-99,-99,-99,-99,1.614,2.502,none,-99,4.116
1996,MX,2,A,1,-99,-99,5,-99,-99,0.68,2,-99,-99,0.04,-99,-99,-99,-99,-99,-99,1.363,2.331,none,-99,3.694
1996,MX,2,A,2,-99,-99,1,-99,-99,0.208,4,-99,-99,0.391,-99,-99,-99,-99,-99,-99,1.712,1.197,none,-99,2.909
1996,MX,2,A,3,-99,-99,3,-99,-99,0.572,2,-99,-99,0.408,-99,-99,-99,-99,-99,-99,0.639,1.364,none,-99,2.003
1996,MX,2,A,4,-99,-99,3,-99,-99,0.443,5,-99,-99,0.66,-99,-99,-99,-99,-99,-99,0.63,2.4,none,-99,3.03
1996,MX,2,A,5,-99,-99,3,-99,-99,0.694,1,-99,-99,0.14,-99,-99,-99,-99,-99,-99,1.221,3.791,none,-99,5.012
1996,MX,3,C,1,-99,-99,5,-99,-99,0.638,2,-99,-99,0.161,-99,-99,-99,-99,-99,-99,0.204,0.624,none,-99,0.828
1996,MX,3,C,2,-99,-99,12,-99,-99,2.22,2,-99,-99,0.085,-99,-99,-99,-99,-99,-99,0.067,0.145,none,-99,0.212
1996,MX,3,C,3,-99,-99,7,-99,-99,0.914,1,-99,-99,0.082,-99,-99,-99,-99,-99,-99,0.163,0.128,none,-99,0.291
1996,MX,3,C,4,-99,-99,28,-99,-99,3.762,4,-99,-99,0.606,-99,-99,-99,-99,-99,-99,0.335,0.711,none,-99,1.046
1996,MX,3,C,5,-99,-99,2,-99,-99,0.321,0,-99,-99,0,-99,-99,-99,-99,-99,-99,0,0.375,none,-99,0.375
1996,MX,4,E,1,-99,-99,0,-99,-99,0,1,-99,-99,0.089,-99,-99,-99,-99,-99,-99,0.586,3.044,none,-99,3.63
1996,MX,4,E,2,-99,-99,8,-99,-99,1.173,7,-99,-99,0.817,-99,-99,-99,-99,-99,-99,0.024,3.268,none,-99,3.292
1996,MX,4,E,3,-99,-99,0,-99,-99,0,7,-99,-99,1.2,-99,-99,-99,-99,-99,-99,0.814,1.56,none,-99,2.374
1996,MX,4,E,4,-99,-99,0,-99,-99,0,0,-99,-99,0,-99,-99,-99,-99,-99,-99,0.415,0.802,none,-99,1.217
1996,MX,4,E,5,-99,-99,8,-99,-99,1.475,4,-99,-99,0.807,-99,-99,-99,-99,-99,-99,1.388,1.063,none,-99,2.451
1996,MX,5,C,1,-99,-99,17,-99,-99,2.725,0,-99,-99,0,-99,-99,-99,-99,-99,-99,0.16,0.689,none,-99,0.849
1996,MX,5,C,2,-99,-99,18,-99,-99,3.559,5,-99,-99,0.59,-99,-99,-99,-99,-99,-99,0.637,2.777,none,-99,3.414
1996,MX,5,C,3,-99,-99,23,-99,-99,3.636,4,-99,-99,0.711,-99,-99,-99,-99,-99,-99,0.144,0.553,none,-99,0.697
1996,MX,5,C,4,-99,-99,15,-99,-99,2.439,0,-99,-99,0,-99,-99,-99,-99,-99,-99,0.335,1.152,none,-99,1.487
1996,MX,5,C,5,-99,-99,7,-99,-99,1.335,0,-99,-99,0,-99,-99,-99,-99,-99,-99,0.312,3.237,none,-99,3.549
1996,MX,6,A,1,-99,-99,0,-99,-99,0,2,-99,-99,0.433,-99,-99,-99,-99,-99,-99,0.477,5.023,none,-99,5.5
1996,MX,6,A,2,-99,-99,5,-99,-99,0.89,12,-99,-99,1.5,-99,-99,-99,-99,-99,-99,0.405,1.968,none,-99,2.373
1996,MX,6,A,3,-99,-99,0,-99,-99,0,4,-99,-99,0.707,-99,-99,-99,-99,-99,-99,0.637,4.22,none,-99,4.857
1996,MX,6,A,4,-99,-99,4,-99,-99,0.361,7,-99,-99,1.287,-99,-99,-99,-99,-99,-99,0.15,1.501,none,-99,1.651
1996,MX,6,A,5,-99,-99,0,-99,-99,0,4,-99,-99,0.551,-99,-99,-99,-99,-99,-99,1.436,3.231,none,-99,4.667
1996,MX,7,C,1,-99,-99,0,-99,-99,0,1,-99,-99,0.159,-99,-99,-99,-99,-99,-99,0.272,0.878,none,-99,1.15
1996,MX,7,C,2,-99,-99,0,-99,-99,0,0,-99,-99,0,-99,-99,-99,-99,-99,-99,0,0,none,-99,0
1996,MX,7,C,3,-99,-99,0,-99,-99,0,12,-99,-99,1.201,-99,-99,-99,-99,-99,-99,0,0.499,none,-99,0.499
1996,MX,7,C,4,-99,-99,0,-99,-99,0,5,-99,-99,0.339,-99,-99,-99,-99,-99,-99,0.031,0.046,none,-99,0.077
1996,MX,7,C,5,-99,-99,0,-99,-99,0,6,-99,-99,0.554,-99,-99,-99,-99,-99,-99,0.177,0.614,none,-99,0.791
1996,MX,8,E,1,-99,-99,3,-99,-99,0.502,15,-99,-99,2.401,-99,-99,-99,-99,-99,-99,0.564,1.117,none,-99,1.681
1996,MX,8,E,2,-99,-99,2,-99,-99,0.468,2,-99,-99,0.298,-99,-99,-99,-99,-99,-99,1.012,4.473,none,-99,5.485
1996,MX,8,E,3,-99,-99,4,-99,-99,0.417,1,-99,-99,0.123,-99,-99,-99,-99,-99,-99,0.276,1.83,none,-99,2.106
1996,MX,8,E,4,-99,-99,1,-99,-99,0.023,8,-99,-99,1.424,-99,-99,-99,-99,-99,-99,0.56,4.211,none,-99,4.771
1996,MX,8,E,5,-99,-99,7,-99,-99,1.12,8,-99,-99,1.714,-99,-99,-99,-99,-99,-99,0,0.718,none,-99,0.718
1996,MX,9,A,1,-99,-99,4,-99,-99,0.367,0,-99,-99,0,-99,-99,-99,-99,-99,-99,0.059,8.967,none,-99,9.026
1996,MX,9,A,2,-99,-99,6,-99,-99,0.618,3,-99,-99,0.338,-99,-99,-99,-99,-99,-99,0.219,1.054,none,-99,1.273
1996,MX,9,A,3,-99,-99,0,-99,-99,0,3,-99,-99,0.493,-99,-99,-99,-99,-99,-99,0.06,8.325,none,-99,8.385
1996,MX,9,A,4,-99,-99,0,-99,-99,0,2,-99,-99,0.076,-99,-99,-99,-99,-99,-99,0.073,0.742,none,-99,0.815
1996,MX,9,A,5,-99,-99,7,-99,-99,1.186,7,-99,-99,0.441,-99,-99,-99,-99,-99,-99,0.1,1.184,none,-99,1.284
1996,MX,10,C,1,-99,-99,7,-99,-99,1.109,0,-99,-99,0,-99,-99,-99,-99,-99,-99,0.699,0.512,none,-99,1.211
1996,MX,10,C,2,-99,-99,5,-99,-99,0.767,0,-99,-99,0,-99,-99,-99,-99,-99,-99,1.177,0.57,none,-99,1.747
1996,MX,10,C,3,-99,-99,24,-99,-99,2.631,0,-99,-99,0,-99,-99,-99,-99,-99,-99,0.465,0.327,none,-99,0.792
1996,MX,10,C,4,-99,-99,11,-99,-99,1.269,1,-99,-99,0.052,-99,-99,-99,-99,-99,-99,0.326,0.105,none,-99,0.431
1996,MX,10,C,5,-99,-99,5,-99,-99,0.601,0,-99,-99,0,-99,-99,-99,-99,-99,-99,0.031,0.159,none,-99,0.19
1996,MX,11,E,1,-99,-99,7,-99,-99,1.024,0,-99,-99,0,-99,-99,-99,-99,-99,-99,1.144,0.5,none,-99,1.644
1996,MX,11,E,2,-99,-99,9,-99,-99,1.272,0,-99,-99,0,-99,-99,-99,-99,-99,-99,0.617,2.042,none,-99,2.659
1996,MX,11,E,3,-99,-99,5,-99,-99,0.837,0,-99,-99,0,-99,-99,-99,-99,-99,-99,0.227,0.354,none,-99,0.581
1996,MX,11,E,4,-99,-99,9,-99,-99,0.986,0,-99,-99,0,-99,-99,-99,-99,-99,-99,0.822,1.449,none,-99,2.271
1996,MX,11,E,5,-99,-99,5,-99,-99,0.673,0,-99,-99,0,-99,-99,-99,-99,-99,-99,0.787,0.219,none,-99,1.006
1996,MX,12,A,1,-99,-99,3,-99,-99,0.529,4,-99,-99,0.692,-99,-99,-99,-99,-99,-99,0,7.272,none,-99,7.272
1996,MX,12,A,2,-99,-99,10,-99,-99,1.621,0,-99,-99,0,-99,-99,-99,-99,-99,-99,0,4.741,none,-99,4.741
1996,MX,12,A,3,-99,-99,0,-99,-99,0,0,-99,-99,0,-99,-99,-99,-99,-99,-99,0.348,1.187,none,-99,1.535
1996,MX,12,A,4,-99,-99,0,-99,-99,0,2,-99,-99,0.328,-99,-99,-99,-99,-99,-99,0,5.237,none,-99,5.237
1996,MX,12,A,5,-99,-99,1,-99,-99,0.29,0,-99,-99,0,-99,-99,-99,-99,-99,-99,0.401,5.715,none,-99,6.116
1996,MX,13,E,1,-99,-99,3,-99,-99,0.994,1,-99,-99,0.227,-99,-99,-99,-99,-99,-99,0.747,1.394,none,-99,2.141
1996,MX,13,E,2,-99,-99,1,-99,-99,0.3,0,-99,-99,0,-99,-99,-99,-99,-99,-99,0.549,1.036,none,-99,1.585
1996,MX,13,E,3,-99,-99,2,-99,-99,0.54,4,-99,-99,0.662,-99,-99,-99,-99,-99,-99,0.819,3.228,none,-99,4.047
1996,MX,13,E,4,-99,-99,5,-99,-99,1.188,2,-99,-99,0.362,-99,-99,-99,-99,-99,-99,1.475,1.544,none,-99,3.019
1996,MX,13,E,5,-99,-99,1,-99,-99,0.119,1,-99,-99,0.128,-99,-99,-99,-99,-99,-99,0.392,1.674,none,-99,2.066
1996,MX,14,C,1,-99,-99,19,-99,-99,1.676,0,-99,-99,0,-99,-99,-99,-99,-99,-99,0.075,0.019,none,-99,0.094
1996,MX,14,C,2,-99,-99,11,-99,-99,0.874,0,-99,-99,0,-99,-99,-99,-99,-99,-99,0,1.43,none,-99,1.43
1996,MX,14,C,3,-99,-99,14,-99,-99,1.534,0,-99,-99,0,-99,-99,-99,-99,-99,-99,0,3.693,none,-99,3.693
1996,MX,14,C,4,-99,-99,13,-99,-99,1.567,1,-99,-99,-99,-99,-99,-99,-99,-99,-99,0,0.84,none,-99,0.84
1996,MX,14,C,5,-99,-99,6,-99,-99,0.636,1,-99,-99,0.129,-99,-99,-99,-99,-99,-99,0.003,0.291,none,-99,0.294
1996,MX,15,A,1,-99,-99,0,-99,-99,0,1,-99,-99,0.162,-99,-99,-99,-99,-99,-99,0.254,3.373,none,-99,3.627
1996,MX,15,A,2,-99,-99,2,-99,-99,0.379,4,-99,-99,0.34,-99,-99,-99,-99,-99,-99,0.101,1.605,none,-99,1.706
1996,MX,15,A,3,-99,-99,2,-99,-99,0.552,5,-99,-99,1.073,-99,-99,-99,-99,-99,-99,0.195,1.892,none,-99,2.087
1996,MX,15,A,4,-99,-99,0,-99,-99,0,3,-99,-99,0.555,-99,-99,-99,-99,-99,-99,0.096,0.716,none,-99,0.812
1996,MX,15,A,5,-99,-99,0,-99,-99,0,1,-99,-99,0.202,-99,-99,-99,-99,-99,-99,0.24,2.291,none,-99,2.531
1997,SP,1,E,1,-99,-99,8,-99,-99,1.721,0,-99,-99,0,none,0,0,none,0,0,0,5.187,none,-99,5.187
1997,SP,1,E,2,-99,-99,8,-99,-99,1.689,0,-99,-99,0,none,0,0,none,0,0,0,5,none,-99,5
1997,SP,1,E,3,-99,-99,7,-99,-99,1.876,0,-99,-99,0,none,0,0,none,0,0,0,3.305,none,-99,3.305
1997,SP,1,E,4,-99,-99,20,-99,-99,2.207,0,-99,-99,0,none,0,0,none,0,0,0,1.42,none,-99,1.42
1997,SP,1,E,5,-99,-99,9,-99,-99,1.679,0,-99,-99,0,none,0,0,none,0,0,0,0.943,none,-99,0.943
1997,SP,2,A,1,-99,-99,3,-99,-99,0.607,0,-99,-99,0,none,0,0,none,0,0,0,1.172,none,-99,1.172
1997,SP,2,A,2,-99,-99,8,-99,-99,1.365,0,-99,-99,0,none,0,0,none,0,0,0,2.38,none,-99,2.38
1997,SP,2,A,3,-99,-99,5,-99,-99,0.746,0,-99,-99,0,none,0,0,none,0,0,0,2.761,none,-99,2.761
1997,SP,2,A,4,-99,-99,6,-99,-99,1.295,0,-99,-99,0,none,0,0,none,0,0,0,0.687,none,-99,0.687
1997,SP,2,A,5,-99,-99,14,-99,-99,1.648,0,-99,-99,0,none,0,0,none,0,0,0,0.988,none,-99,0.988
1997,SP,3,C,1,-99,-99,10,-99,-99,1.634,0,-99,-99,0,none,0,0,none,0,0,0,3.808,none,-99,3.808
1997,SP,3,C,2,-99,-99,4,-99,-99,0.176,0,-99,-99,0,none,0,0,none,0,0,0,0.451,none,-99,0.451
1997,SP,3,C,3,-99,-99,11,-99,-99,1.891,0,-99,-99,0,none,0,0,none,0,0,0,0.701,none,-99,0.701
1997,SP,3,C,4,-99,-99,10,-99,-99,3.11,0,-99,-99,0,none,0,0,none,0,0,0,1.063,none,-99,1.063
1997,SP,3,C,5,-99,-99,12,-99,-99,1.957,0,-99,-99,0,none,0,0,none,0,0,0,2.784,none,-99,2.784
1997,SP,4,E,1,-99,-99,6,-99,-99,1.213,0,-99,-99,0,none,0,0,none,0,0,0,2.628,none,-99,2.628
1997,SP,4,E,2,-99,-99,15,-99,-99,3.04,0,-99,-99,0,none,0,0,none,0,0,0,2.76,none,-99,2.76
1997,SP,4,E,3,-99,-99,12,-99,-99,1.906,0,-99,-99,0,none,0,0,none,0,0,0,0.513,none,-99,0.513
1997,SP,4,E,4,-99,-99,4,-99,-99,1.382,0,-99,-99,0,none,0,0,none,0,0,0,2.38,none,-99,2.38
1997,SP,4,E,5,-99,-99,8,-99,-99,2.056,0,-99,-99,0,none,0,0,none,0,0,0,1.013,none,-99,1.013
1997,SP,5,A,1,-99,-99,10,-99,-99,1.803,0,-99,-99,0,none,0,0,none,0,0,0,2.378,none,-99,2.378
1997,SP,5,A,2,-99,-99,19,-99,-99,4.492,0,-99,-99,0,none,0,0,none,0,0,0,1.793,none,-99,1.793
1997,SP,5,A,3,-99,-99,14,-99,-99,0.789,0,-99,-99,0,none,0,0,none,0,0,0,0.387,none,-99,0.387
1997,SP,5,A,4,-99,-99,4,-99,-99,0.143,0,-99,-99,0,none,0,0,none,0,0,0,2.01,none,-99,2.01
1997,SP,5,A,5,-99,-99,13,-99,-99,2.343,0,-99,-99,0,none,0,0,none,0,0,0,1.046,none,-99,1.046
1997,SP,6,C,1,-99,-99,9,-99,-99,1.701,0,-99,-99,0,none,0,0,none,0,0,0,5.116,none,-99,5.116
1997,SP,6,C,2,-99,-99,17,-99,-99,2.635,0,-99,-99,0,none,0,0,none,0,0,0,1.469,none,-99,1.469
1997,SP,6,C,3,-99,-99,15,-99,-99,3.269,0,-99,-99,0,none,0,0,none,0,0,0,0.836,none,-99,0.836
1997,SP,6,C,4,-99,-99,20,-99,-99,3.125,0,-99,-99,0,none,0,0,none,0,0,0,0.896,none,-99,0.896
1997,SP,6,C,5,-99,-99,19,-99,-99,3.641,0,-99,-99,0,none,0,0,none,0,0,0,1.098,none,-99,1.098
1997,SP,7,C,1,-99,-99,22,-99,-99,2.896,0,-99,-99,0,none,0,0,none,0,0,0,0.804,none,-99,0.804
1997,SP,7,C,2,-99,-99,19,-99,-99,2.793,0,-99,-99,0,none,0,0,none,0,0,0,5.05,none,-99,5.05
1997,SP,7,C,3,-99,-99,32,-99,-99,6.677,0,-99,-99,0,none,0,0,none,0,0,0,0.756,none,-99,0.756
1997,SP,7,C,4,-99,-99,1,-99,-99,0.019,0,-99,-99,0,none,0,0,none,0,0,0,0.934,none,-99,0.934
1997,SP,7,C,5,-99,-99,35,-99,-99,4.882,0,-99,-99,0,none,0,0,none,0,0,0,0.856,none,-99,0.856
1997,SP,8,E,1,-99,-99,4,-99,-99,0.449,0,-99,-99,0,none,0,0,none,0,0,0,0.285,none,-99,0.285
1997,SP,8,E,2,-99,-99,15,-99,-99,1.728,0,-99,-99,0,none,0,0,none,0,0,0,0.606,none,-99,0.606
1997,SP,8,E,3,-99,-99,3,-99,-99,0.579,0,-99,-99,0,none,0,0,none,0,0,0,2.362,none,-99,2.362
1997,SP,8,E,4,-99,-99,8,-99,-99,1.052,0,-99,-99,0,none,0,0,none,0,0,0,1.321,none,-99,1.321
1997,SP,8,E,5,-99,-99,26,-99,-99,4.459,0,-99,-99,0,none,0,0,none,0,0,0,7.136,none,-99,7.136
1997,SP,9,A,1,-99,-99,31,-99,-99,7.815,0,-99,-99,0,none,0,0,none,0,0,0,1.654,none,-99,1.654
1997,SP,9,A,2,-99,-99,38,-99,-99,6.446,0,-99,-99,0,none,0,0,none,0,0,0,6.586,none,-99,6.586
1997,SP,9,A,3,-99,-99,5,-99,-99,1.348,0,-99,-99,0,none,0,0,none,0,0,0,2.07,none,-99,2.07
1997,SP,9,A,4,-99,-99,19,-99,-99,4.292,0,-99,-99,0,none,0,0,none,0,0,0,5.442,none,-99,5.442
1997,SP,9,A,5,-99,-99,10,-99,-99,1.572,0,-99,-99,0,none,0,0,none,0,0,0,3.423,none,-99,3.423
1997,SP,10,E,1,-99,-99,9,-99,-99,1.231,0,-99,-99,0,none,0,0,none,0,0,0,1.975,none,-99,1.975
1997,SP,10,E,2,-99,-99,18,-99,-99,2.778,0,-99,-99,0,none,0,0,none,0,0,0,3.328,none,-99,3.328
1997,SP,10,E,3,-99,-99,6,-99,-99,1.135,0,-99,-99,0,none,0,0,none,0,0,0,2.325,none,-99,2.325
1997,SP,10,E,4,-99,-99,21,-99,-99,4.103,0,-99,-99,0,none,0,0,none,0,0,0,2.903,none,-99,2.903
1997,SP,10,E,5,-99,-99,15,-99,-99,3.201,0,-99,-99,0,none,0,0,none,0,0,0,1.791,none,-99,1.791
1997,SP,11,A,1,-99,-99,12,-99,-99,1.586,0,-99,-99,0,none,0,0,none,0,0,0,2.754,none,-99,2.754
1997,SP,11,A,2,-99,-99,20,-99,-99,3.832,0,-99,-99,0,none,0,0,none,0,0,0,3.537,none,-99,3.537
1997,SP,11,A,3,-99,-99,16,-99,-99,2.908,0,-99,-99,0,none,0,0,none,0,0,0,1.643,none,-99,1.643
1997,SP,11,A,4,-99,-99,20,-99,-99,3.191,0,-99,-99,0,none,0,0,none,0,0,0,0.813,none,-99,0.813
1997,SP,11,A,5,-99,-99,7,-99,-99,1.871,0,-99,-99,0,none,0,0,none,0,0,0,2.016,none,-99,2.016
1997,SP,12,C,1,-99,-99,10,-99,-99,2.33,0,-99,-99,0,none,0,0,none,0,0,0,0.609,none,-99,0.609
1997,SP,12,C,2,-99,-99,32,-99,-99,3.401,0,-99,-99,0,none,0,0,none,0,0,0,0.597,none,-99,0.597
1997,SP,12,C,3,-99,-99,10,-99,-99,0.774,0,-99,-99,0,none,0,0,none,0,0,0,1.5,none,-99,1.5
1997,SP,12,C,4,-99,-99,16,-99,-99,0.851,0,-99,-99,0,none,0,0,none,0,0,0,2.225,none,-99,2.225
1997,SP,12,C,5,-99,-99,15,-99,-99,1.35,0,-99,-99,0,IVFR,1,1.102,none,0,0,0,0.873,none,-99,0.873
1997,SP,13,A,1,-99,-99,7,-99,-99,0.719,0,-99,-99,0,none,0,0,none,0,0,0,2.367,none,-99,2.367
1997,SP,13,A,2,-99,-99,9,-99,-99,1.128,0,-99,-99,0,none,0,0,none,0,0,0,2.31,none,-99,2.31
1997,SP,13,A,3,-99,-99,0,-99,-99,0,0,-99,-99,0,none,0,0,none,0,0,0,2.617,none,-99,2.617
1997,SP,13,A,4,-99,-99,10,-99,-99,1.163,0,-99,-99,0,none,0,0,none,0,0,0,2.388,none,-99,2.388
1997,SP,13,A,5,-99,-99,7,-99,-99,1.554,0,-99,-99,0,none,0,0,none,0,0,0,1.025,none,-99,1.025
1997,SP,14,E,1,-99,-99,21,-99,-99,1.718,0,-99,-99,0,KOVI,1,0.062,none,0,0,0,0.351,none,-99,0.351
1997,SP,14,E,2,-99,-99,11,-99,-99,1.296,0,-99,-99,0,none,0,0,none,0,0,0,2.258,none,-99,2.258
1997,SP,14,E,3,-99,-99,5,-99,-99,0.1,0,-99,-99,0,none,0,0,none,0,0,0,0.731,none,-99,0.731
1997,SP,14,E,4,-99,-99,9,-99,-99,1.767,0,-99,-99,0,none,0,0,none,0,0,0,1.171,none,-99,1.171
1997,SP,14,E,5,-99,-99,19,-99,-99,3.293,0,-99,-99,0,none,0,0,none,0,0,0,2.209,none,-99,2.209
1997,SP,15,C,1,-99,-99,15,-99,-99,1.963,0,-99,-99,0,POHY,1,0.013,none,0,0,0,1.424,none,-99,1.424
1997,SP,15,C,2,-99,-99,23,-99,-99,3.804,0,-99,-99,0,POHY,1,0.019,none,0,0,0,1.076,none,-99,1.076
1997,SP,15,C,3,-99,-99,4,-99,-99,0.437,0,-99,-99,0,none,0,0,none,0,0,0,1.996,none,-99,1.996
1997,SP,15,C,4,-99,-99,0,-99,-99,0,0,-99,-99,0,none,0,0,none,0,0,0,2.795,none,-99,2.795
1997,SP,15,C,5,-99,-99,2,-99,-99,0.301,0,-99,-99,0,none,0,0,none,0,0,0,0.391,none,-99,0.391
1997,SC,1,E,1,-99,-99,1,-99,-99,0.3,0,-99,-99,0,none,0,0,none,0,0,0.614,1.278,none,-99,1.892
1997,SC,1,E,2,-99,-99,0,-99,-99,0,0,-99,-99,0,none,0,0,none,0,0,1.175,0.43,none,-99,1.605
1997,SC,1,E,3,-99,-99,0,-99,-99,0,0,-99,-99,0,none,0,0,none,0,0,3.185,0.992,none,-99,4.177
1997,SC,1,E,4,-99,-99,0,-99,-99,0,2,-99,-99,0.174,none,0,0,none,0,0,1.093,0.614,none,-99,1.707
1997,SC,1,E,5,-99,-99,0,-99,-99,0,0,-99,-99,0,none,0,0,none,0,0,1.851,0.82,none,-99,2.671
1997,SC,2,A,1,-99,-99,9,-99,-99,2.29,0,-99,-99,0,none,0,0,none,0,0,0.351,1.559,none,-99,1.91
1997,SC,2,A,2,-99,-99,6,-99,-99,2.48,0,-99,-99,0,none,0,0,none,0,0,0.219,0.322,none,-99,0.541
1997,SC,2,A,3,-99,-99,6,-99,-99,1.942,0,-99,-99,0,none,0,0,none,0,0,2.787,0.591,none,-99,3.378
1997,SC,2,A,4,-99,-99,7,-99,-99,1.027,0,-99,-99,0,none,0,0,none,0,0,0.515,0.745,none,-99,1.26
1997,SC,2,A,5,-99,-99,7,-99,-99,1.164,0,-99,-99,0,none,0,0,none,0,0,1.361,0.589,none,-99,1.95
1997,SC,3,C,1,-99,-99,0,-99,-99,0,0,-99,-99,0,POHY,5,0.242,none,0,0,0.59,0,none,-99,0.59
1997,SC,3,C,2,-99,-99,0,-99,-99,0,0,-99,-99,0,none,0,0,none,0,0,0.693,0,none,-99,0.693
1997,SC,3,C,3,-99,-99,0,-99,-99,0,0,-99,-99,0,none,0,0,none,0,0,1.255,0.006,none,-99,1.261
1997,SC,3,C,4,-99,-99,0,-99,-99,0,0,-99,-99,0,POHY,1,0.455,none,0,0,0.892,0,none,-99,0.892
1997,SC,3,C,5,-99,-99,0,-99,-99,0,0,-99,-99,0,POHY,1,0.162,RUMEX,1,1.963,1.256,0,none,-99,1.256
1997,SC,4,A,1,-99,-99,1,-99,-99,0.115,3,-99,-99,0.229,none,0,0,none,0,0,2.678,0.45,none,-99,3.128
1997,SC,4,A,2,-99,-99,2,-99,-99,0.398,1,-99,-99,0.126,none,0,0,none,0,0,2.166,0.506,none,-99,2.672
1997,SC,4,A,3,-99,-99,0,-99,-99,0,2,-99,-99,0.228,none,0,0,none,0,0,0.295,0.762,none,-99,1.057
1997,SC,4,A,4,-99,-99,1,-99,-99,0.087,1,-99,-99,0.185,ATPA4,1,0.028,none,0,0,1.38,0.726,none,-99,2.106
1997,SC,4,A,5,-99,-99,0,-99,-99,0,0,-99,-99,0,none,0,0,none,0,0,0.726,0.073,none,-99,0.799
1997,SC,5,C,1,-99,-99,1,-99,-99,0.35,1,-99,-99,0.131,none,0,0,none,0,0,2.17,2.426,none,-99,4.596
1997,SC,5,C,2,-99,-99,8,-99,-99,1.176,0,-99,-99,0,none,0,0,none,0,0,0,1.297,none,-99,1.297
1997,SC,5,C,3,-99,-99,2,-99,-99,0.153,2,-99,-99,0.195,POHY,1,0.029,none,0,0,2.738,0.076,none,-99,2.814
1997,SC,5,C,4,-99,-99,0,-99,-99,0,2,-99,-99,0.555,none,0,0,none,0,0,0,0.06,none,-99,0.06
1997,SC,5,C,5,-99,-99,0,-99,-99,0,1,-99,-99,0.315,none,0,0,none,0,0,0,1.129,none,-99,1.129
1997,SC,6,E,1,-99,-99,0,-99,-99,0,0,-99,-99,0,none,0,0,none,0,0,1.286,0.817,none,-99,2.103
1997,SC,6,E,2,-99,-99,0,-99,-99,0,0,-99,-99,0,none,0,0,none,0,0,0.247,1.024,none,-99,1.271
1997,SC,6,E,3,-99,-99,9,-99,-99,1.752,1,-99,-99,0.166,none,0,0,none,0,0,1.616,0.679,none,-99,2.295
1997,SC,6,E,4,-99,-99,3,-99,-99,0.413,0,-99,-99,0,none,0,0,none,0,0,4.942,0.767,none,-99,5.709
1997,SC,6,E,5,-99,-99,1,-99,-99,0.051,2,-99,-99,0.339,none,0,0,none,0,0,1.929,0.526,none,-99,2.455
1997,SC,7,C,1,-99,-99,0,-99,-99,0,0,-99,-99,0,POHY,4,0.214,none,0,0,1.92,0.226,none,-99,2.146
1997,SC,7,C,2,-99,-99,0,-99,-99,0,0,-99,-99,0,POHY,5,0.491,RUMEX,1,0.076,1.65,0,none,-99,1.65
1997,SC,7,C,3,-99,-99,0,-99,-99,0,0,-99,-99,0,RUMEX,1,0.071,none,0,0,1.655,0.287,none,-99,1.942
1997,SC,7,C,4,-99,-99,0,-99,-99,0,1,-99,-99,0.023,POHY,1,0.042,none,0,0,2.11,0.069,none,-99,2.179
1997,SC,7,C,5,-99,-99,0,-99,-99,0,0,-99,-99,0,POHY,2,0.06,none,0,0,0.487,0.039,none,-99,0.526
1997,SC,8,A,1,-99,-99,0,-99,-99,0,5,-99,-99,0.757,none,0,0,none,0,0,3.535,1.818,none,-99,5.353
1997,SC,8,A,2,-99,-99,0,-99,-99,0,7,-99,-99,1.451,none,0,0,none,0,0,0,2.419,none,-99,2.419
1997,SC,8,A,3,-99,-99,0,-99,-99,0,12,-99,-99,2.867,POHY,1,0.199,none,0,0,0.405,3.518,none,-99,3.923
1997,SC,8,A,4,-99,-99,0,-99,-99,0,0,-99,-99,0,none,0,0,none,0,0,2.033,4.536,none,-99,6.569
1997,SC,8,A,5,-99,-99,0,-99,-99,0,1,-99,-99,0.075,none,0,0,none,0,0,4.199,3.566,none,-99,7.765
1997,SC,9,E,1,-99,-99,0,-99,-99,0,1,-99,-99,0.227,none,0,0,none,0,0,3.651,1.059,none,-99,4.71
1997,SC,9,E,2,-99,-99,0,-99,-99,0,0,-99,-99,0,none,0,0,none,0,0,2.908,1.642,none,-99,4.55
1997,SC,9,E,3,-99,-99,0,-99,-99,0,0,-99,-99,0,none,0,0,none,0,0,0.224,0.381,none,-99,0.605
1997,SC,9,E,4,-99,-99,0,-99,-99,0,6,-99,-99,0.94,LYLI2,3,-99,POHY,3,1.681,1.378,0.971,none,-99,2.349
1997,SC,9,E,5,-99,-99,0,-99,-99,0,0,-99,-99,0,none,0,0,none,0,0,4.498,0.57,none,-99,5.068
1997,SC,10,E,1,-99,-99,3,-99,-99,0.936,0,-99,-99,0,none,0,0,none,0,0,1.361,0.291,none,-99,1.652
1997,SC,10,E,2,-99,-99,1,-99,-99,0.17,0,-99,-99,0,none,0,0,none,0,0,1.74,0.21,none,-99,1.95
1997,SC,10,E,3,-99,-99,0,-99,-99,0,0,-99,-99,0,none,0,0,none,0,0,1.77,0.215,none,-99,1.985
1997,SC,10,E,4,-99,-99,3,-99,-99,0.488,0,-99,-99,0,none,0,0,none,0,0,2.325,0.3,none,-99,2.625
1997,SC,10,E,5,-99,-99,0,-99,-99,0,0,-99,-99,0,none,0,0,none,0,0,3.676,0,none,-99,3.676
1997,SC,11,C,1,-99,-99,12,-99,-99,1.852,8,-99,-99,1.222,none,0,0,none,0,0,1.407,0.331,none,-99,1.738
1997,SC,11,C,2,-99,-99,3,-99,-99,0.574,4,-99,-99,0.703,none,0,0,none,0,0,3.117,0.763,none,-99,3.88
1997,SC,11,C,3,-99,-99,11,-99,-99,2.184,11,-99,-99,1.152,none,0,0,none,0,0,0.854,1.303,none,-99,2.157
1997,SC,11,C,4,-99,-99,9,-99,-99,0.895,2,-99,-99,0.115,none,0,0,none,0,0,1.488,0.512,none,-99,2
1997,SC,11,C,5,-99,-99,3,-99,-99,0.698,0,-99,-99,0,none,0,0,none,0,0,1.05,1.498,none,-99,2.548
1997,SC,12,A,1,-99,-99,2,-99,-99,0.486,13,-99,-99,2.019,none,0,0,none,0,0,0,1.834,none,-99,1.834
1997,SC,12,A,2,-99,-99,1,-99,-99,0.054,13,-99,-99,1.723,none,0,0,none,0,0,0.75,3.25,none,-99,4
1997,SC,12,A,3,-99,-99,0,-99,-99,0,4,-99,-99,0.644,none,0,0,none,0,0,0.465,3.539,none,-99,4.004
1997,SC,12,A,4,-99,-99,0,-99,-99,0,9,-99,-99,0.871,none,0,0,none,0,0,1.213,0.454,none,-99,1.667
1997,SC,12,A,5,-99,-99,1,-99,-99,0.075,7,-99,-99,0.893,none,0,0,none,0,0,0.161,1.255,none,-99,1.416
1997,SC,13,C,1,-99,-99,4,-99,-99,0.309,1,-99,-99,0.314,POHY,2,0.696,none,0,0,0.205,0.125,none,-99,0.33
1997,SC,13,C,2,-99,-99,1,-99,-99,0.222,1,-99,-99,0.101,none,0,0,none,0,0,0.686,1.086,none,-99,1.772
1997,SC,13,C,3,-99,-99,3,-99,-99,0.797,0,-99,-99,0,none,0,0,none,0,0,0.56,0.437,none,-99,0.997
1997,SC,13,C,4,-99,-99,24,-99,-99,3.102,5,-99,-99,0.443,none,0,0,none,0,0,0.188,0.659,none,-99,0.847
1997,SC,13,C,5,-99,-99,0,-99,-99,0,0,-99,-99,0,none,0,0,none,0,0,0.641,0.528,none,-99,1.169
1997,SC,14,E,1,-99,-99,0,-99,-99,0,12,-99,-99,1.356,none,0,0,none,0,0,2.06,6.198,none,-99,8.258
1997,SC,14,E,2,-99,-99,2,-99,-99,0.048,9,-99,-99,1.006,none,0,0,none,0,0,0.751,1.26,none,-99,2.011
1997,SC,14,E,3,-99,-99,0,-99,-99,0,2,-99,-99,0.397,none,0,0,none,0,0,0.53,0.419,none,-99,0.949
1997,SC,14,E,4,-99,-99,0,-99,-99,0,3,-99,-99,0.457,none,0,0,none,0,0,1.333,0.703,none,-99,2.036
1997,SC,14,E,5,-99,-99,0,-99,-99,0,3,-99,-99,0.397,none,0,0,none,0,0,0.69,2.056,none,-99,2.746
1997,SC,15,A,1,-99,-99,0,-99,-99,0,23,-99,-99,3.384,none,0,0,none,0,0,0.694,1.216,none,-99,1.91
1997,SC,15,A,2,-99,-99,0,-99,-99,0,11,-99,-99,1.458,none,0,0,none,0,0,0.757,5.292,none,-99,6.049
1997,SC,15,A,3,-99,-99,0,-99,-99,0,7,-99,-99,1.153,none,0,0,none,0,0,1.32,2.686,none,-99,4.006
1997,SC,15,A,4,-99,-99,0,-99,-99,0,8,-99,-99,1.893,none,0,0,none,0,0,0.169,8.277,none,-99,8.446
1997,SC,15,A,5,-99,-99,0,-99,-99,0,6,-99,-99,0.924,none,0,0,none,0,0,0.244,2.674,none,-99,2.918
1997,MX,1,E,1,-99,-99,2,-99,-99,0.342,0,-99,-99,0,none,0,0,none,0,0,0.242,1.386,none,-99,1.628
1997,MX,1,E,2,-99,-99,1,-99,-99,0.247,5,-99,-99,0.556,none,0,0,none,0,0,1.681,2.143,none,-99,3.824
1997,MX,1,E,3,-99,-99,1,-99,-99,0.282,0,-99,-99,0,none,0,0,none,0,0,1.563,1.375,none,-99,2.938
1997,MX,1,E,4,-99,-99,0,-99,-99,0,5,-99,-99,0.629,POHY,1,0.018,none,0,0,1.966,1.788,none,-99,3.754
1997,MX,1,E,5,-99,-99,3,-99,-99,0.512,2,-99,-99,0.295,none,0,0,none,0,0,1.73,2.379,none,-99,4.109
1997,MX,2,A,1,-99,-99,10,-99,-99,1.572,3,-99,-99,0.641,none,0,0,none,0,0,0.883,3.668,none,-99,4.551
1997,MX,2,A,2,-99,-99,1,-99,-99,0.316,2,-99,-99,0.139,none,0,0,none,0,0,0.37,1.373,none,-99,1.743
1997,MX,2,A,3,-99,-99,0,-99,-99,0,0,-99,-99,0,none,0,0,none,0,0,2.765,4.868,none,-99,7.633
1997,MX,2,A,4,-99,-99,0,-99,-99,0,5,-99,-99,1.16,none,0,0,none,0,0,2.894,3.535,none,-99,6.429
1997,MX,2,A,5,-99,-99,0,-99,-99,0,3,-99,-99,0.488,none,0,0,none,0,0,1.051,4.45,none,-99,5.501
1997,MX,3,C,1,-99,-99,10,-99,-99,1.545,1,-99,-99,0.089,none,0,0,none,0,0,1.533,2.954,none,-99,4.487
1997,MX,3,C,2,-99,-99,9,-99,-99,2.35,0,-99,-99,0,none,0,0,none,0,0,-99,-99,none,-99,-99
1997,MX,3,C,3,-99,-99,2,-99,-99,0.152,0,-99,-99,0,none,0,0,none,0,0,-99,-99,none,-99,-99
1997,MX,3,C,4,-99,-99,15,-99,-99,2.561,2,-99,-99,0.128,none,0,0,none,0,0,-99,-99,none,-99,-99
1997,MX,3,C,5,-99,-99,3,-99,-99,0.412,12,-99,-99,1.294,none,0,0,none,0,0,-99,-99,none,-99,-99
1997,MX,4,E,1,-99,-99,1,-99,-99,0.397,0,-99,-99,0,none,0,0,none,0,0,6.39,5.419,none,-99,11.809
1997,MX,4,E,2,-99,-99,4,-99,-99,0.855,2,-99,-99,0.293,POHY,1,0.014,none,0,0,-99,-99,none,-99,-99
1997,MX,4,E,3,-99,-99,4,-99,-99,0.304,4,-99,-99,0.488,none,0,0,none,0,0,-99,-99,none,-99,-99
1997,MX,4,E,4,-99,-99,0,-99,-99,0,0,-99,-99,0,none,0,0,none,0,0,-99,-99,none,-99,-99
1997,MX,4,E,5,-99,-99,0,-99,-99,0,2,-99,-99,0.245,none,0,0,none,0,0,-99,-99,none,-99,-99
1997,MX,5,C,1,-99,-99,13,-99,-99,2.414,0,-99,-99,0,none,0,0,none,0,0,0.854,13.347,none,-99,14.201
1997,MX,5,C,2,-99,-99,23,-99,-99,3.796,0,-99,-99,0,none,0,0,none,0,0,-99,-99,none,-99,-99
1997,MX,5,C,3,-99,-99,12,-99,-99,2.264,0,-99,-99,0,none,0,0,none,0,0,-99,-99,none,-99,-99
1997,MX,5,C,4,-99,-99,15,-99,-99,3.423,0,-99,-99,0,none,0,0,none,0,0,-99,-99,none,-99,-99
1997,MX,5,C,5,-99,-99,17,-99,-99,2.223,0,-99,-99,0,none,0,0,none,0,0,-99,-99,none,-99,-99
1997,MX,6,A,1,-99,-99,1,-99,-99,0.158,0,-99,-99,0,none,0,0,none,0,0,3.654,10.618,none,-99,14.272
1997,MX,6,A,2,-99,-99,2,-99,-99,0.212,0,-99,-99,0,none,0,0,none,0,0,-99,-99,none,-99,-99
1997,MX,6,A,3,-99,-99,1,-99,-99,0.047,2,-99,-99,0.188,none,0,0,none,0,0,-99,-99,none,-99,-99
1997,MX,6,A,4,-99,-99,0,-99,-99,0,3,-99,-99,0.188,none,0,0,none,0,0,-99,-99,none,-99,-99
1997,MX,6,A,5,-99,-99,0,-99,-99,0,6,-99,-99,1.349,none,0,0,none,0,0,-99,-99,none,-99,-99
1997,MX,7,C,1,-99,-99,0,-99,-99,0,9,-99,-99,1.51,none,0,0,none,0,0,2.125,4.533,none,-99,6.658
1997,MX,7,C,2,-99,-99,0,-99,-99,0,10,-99,-99,1.183,none,0,0,none,0,0,-99,-99,none,-99,-99
1997,MX,7,C,3,-99,-99,0,-99,-99,0,3,-99,-99,0.273,none,0,0,none,0,0,-99,-99,none,-99,-99
1997,MX,7,C,4,-99,-99,0,-99,-99,0,2,-99,-99,0.225,none,0,0,none,0,0,-99,-99,none,-99,-99
1997,MX,7,C,5,-99,-99,0,-99,-99,0,6,-99,-99,0.776,none,0,0,none,0,0,-99,-99,none,-99,-99
1997,MX,8,E,1,-99,-99,6,-99,-99,1.48,3,-99,-99,0.242,POHY,1,0.017,none,0,0,3.027,13.443,none,-99,16.47
1997,MX,8,E,2,-99,-99,0,-99,-99,0,11,-99,-99,1.121,none,0,0,none,0,0,-99,-99,none,-99,-99
1997,MX,8,E,3,-99,-99,0,-99,-99,0,1,-99,-99,0.041,none,0,0,none,0,0,-99,-99,none,-99,-99
1997,MX,8,E,4,-99,-99,6,-99,-99,0.997,4,-99,-99,0.591,none,0,0,none,0,0,-99,-99,none,-99,-99
1997,MX,8,E,5,-99,-99,0,-99,-99,0,0,-99,-99,0,none,0,0,none,0,0,-99,-99,none,-99,-99
1997,MX,9,A,1,-99,-99,1,-99,-99,0.137,0,-99,-99,0,none,0,0,none,0,0,1.188,13.434,none,-99,14.622
1997,MX,9,A,2,-99,-99,1,-99,-99,0.064,2,-99,-99,0.19,none,0,0,none,0,0,-99,-99,none,-99,-99
1997,MX,9,A,3,-99,-99,0,-99,-99,0,0,-99,-99,0,none,0,0,none,0,0,-99,-99,none,-99,-99
1997,MX,9,A,4,-99,-99,2,-99,-99,0.18,4,-99,-99,0.233,none,0,0,none,0,0,-99,-99,none,-99,-99
1997,MX,9,A,5,-99,-99,3,-99,-99,0.09,5,-99,-99,0.647,none,0,0,none,0,0,-99,-99,none,-99,-99
1997,MX,10,C,1,-99,-99,2,-99,-99,0.535,0,-99,-99,0,none,0,0,none,0,0,3.031,3.941,none,-99,6.972
1997,MX,10,C,2,-99,-99,10,-99,-99,1.385,0,-99,-99,0,POHY,1,0.301,none,0,0,-99,-99,none,-99,-99
1997,MX,10,C,3,-99,-99,1,-99,-99,0.231,0,-99,-99,0,POHY,1,0.328,none,0,0,-99,-99,none,-99,-99
1997,MX,10,C,4,-99,-99,9,-99,-99,1.288,0,-99,-99,0,none,0,0,none,0,0,-99,-99,none,-99,-99
1997,MX,10,C,5,-99,-99,3,-99,-99,0.279,0,-99,-99,0,none,0,0,none,0,0,-99,-99,none,-99,-99
1997,MX,11,E,1,-99,-99,4,-99,-99,0.534,0,-99,-99,0,none,0,0,none,0,0,7.594,3.002,none,-99,10.596
1997,MX,11,E,2,-99,-99,7,-99,-99,1.023,0,-99,-99,0,none,0,0,none,0,0,-99,-99,none,-99,-99
1997,MX,11,E,3,-99,-99,3,-99,-99,0.532,0,-99,-99,0,none,0,0,none,0,0,-99,-99,none,-99,-99
1997,MX,11,E,4,-99,-99,0,-99,-99,0,0,-99,-99,0,none,0,0,none,0,0,-99,-99,none,-99,-99
1997,MX,11,E,5,-99,-99,2,-99,-99,0.205,0,-99,-99,0,none,0,0,none,0,0,-99,-99,none,-99,-99
1997,MX,12,A,1,-99,-99,1,-99,-99,0.428,0,-99,-99,0,none,0,0,none,0,0,1.662,7.48,none,-99,9.142
1997,MX,12,A,2,-99,-99,0,-99,-99,0,0,-99,-99,0,none,0,0,none,0,0,-99,-99,none,-99,-99
1997,MX,12,A,3,-99,-99,0,-99,-99,0,0,-99,-99,0,none,0,0,none,0,0,-99,-99,none,-99,-99
1997,MX,12,A,4,-99,-99,0,-99,-99,0,0,-99,-99,0,none,0,0,none,0,0,-99,-99,none,-99,-99
1997,MX,12,A,5,-99,-99,0,-99,-99,0,0,-99,-99,0,none,0,0,none,0,0,-99,-99,none,-99,-99
1997,MX,13,E,1,-99,-99,12,-99,-99,2.46,0,-99,-99,0,POHY,1,0.008,none,0,0,5.104,9.023,none,-99,14.127
1997,MX,13,E,2,-99,-99,9,-99,-99,1.581,0,-99,-99,0,none,0,0,none,0,0,-99,-99,none,-99,-99
1997,MX,13,E,3,-99,-99,4,-99,-99,1.097,0,-99,-99,0,none,0,0,none,0,0,-99,-99,none,-99,-99
1997,MX,13,E,4,-99,-99,3,-99,-99,0.783,3,-99,-99,0.61,none,0,0,none,0,0,-99,-99,none,-99,-99
1997,MX,13,E,5,-99,-99,4,-99,-99,1.202,0,-99,-99,0,none,0,0,none,0,0,-99,-99,none,-99,-99
1997,MX,14,C,1,-99,-99,28,-99,-99,3.216,5,-99,-99,0.751,none,0,0,none,0,0,0.454,5.118,none,-99,5.572
1997,MX,14,C,2,-99,-99,45,-99,-99,4.916,0,-99,-99,0,none,0,0,none,0,0,-99,-99,none,-99,-99
1997,MX,14,C,3,-99,-99,15,-99,-99,1.9,0,-99,-99,0,none,0,0,none,0,0,-99,-99,none,-99,-99
1997,MX,14,C,4,-99,-99,10,-99,-99,1.09,6,-99,-99,1.297,none,0,0,none,0,0,-99,-99,none,-99,-99
1997,MX,14,C,5,-99,-99,13,-99,-99,2.544,0,-99,-99,0,none,0,0,none,0,0,-99,-99,none,-99,-99
1997,MX,15,A,1,-99,-99,0,-99,-99,0,5,-99,-99,0.815,none,0,0,none,0,0,1.556,8.781,none,-99,10.337
1997,MX,15,A,2,-99,-99,3,-99,-99,0.675,2,-99,-99,0.537,none,0,0,none,0,0,-99,-99,none,-99,-99
1997,MX,15,A,3,-99,-99,0,-99,-99,0,3,-99,-99,0.208,none,0,0,none,0,0,-99,-99,none,-99,-99
1997,MX,15,A,4,-99,-99,0,-99,-99,0,4,-99,-99,0.704,none,0,0,none,0,0,-99,-99,none,-99,-99
1997,MX,15,A,5,-99,-99,1,-99,-99,0.178,3,-99,-99,0.665,none,0,0,none,0,0,-99,-99,none,-99,-99
1998,SP,1,E,1,-99,-99,6,-99,-99,0.909,0,-99,-99,0,none,0,0,none,0,0,0,0.989,none,-99,0.989
1998,SP,1,E,2,-99,-99,9,-99,-99,1.595,0,-99,-99,0,none,0,0,none,0,0,0,2.469,none,-99,2.469
1998,SP,1,E,3,-99,-99,2,-99,-99,0.315,0,-99,-99,0,none,0,0,none,0,0,0.051,0.494,none,-99,0.545
1998,SP,1,E,4,-99,-99,10,-99,-99,1.937,0,-99,-99,0,none,0,0,none,0,0,0,2.877,none,-99,2.877
1998,SP,1,E,5,-99,-99,6,-99,-99,1.184,0,-99,-99,0,none,0,0,none,0,0,0,1.598,none,-99,1.598
1998,SP,2,A,1,-99,-99,7,-99,-99,1.827,0,-99,-99,0,none,0,0,none,0,0,0,0.94,none,-99,0.94
1998,SP,2,A,2,-99,-99,15,-99,-99,3.541,0,-99,-99,0,none,0,0,none,0,0,0,2.871,none,-99,2.871
1998,SP,2,A,3,-99,-99,2,-99,-99,0.523,0,-99,-99,0,none,0,0,none,0,0,0,0.595,none,-99,0.595
1998,SP,2,A,4,-99,-99,9,-99,-99,2.857,0,-99,-99,0,none,0,0,none,0,0,0,6.252,none,-99,6.252
1998,SP,2,A,5,-99,-99,5,-99,-99,0.66,0,-99,-99,0,none,0,0,none,0,0,0,1.705,none,-99,1.705
1998,SP,3,C,1,-99,-99,10,-99,-99,2.86,0,-99,-99,0,none,0,0,none,0,0,0,1.614,none,-99,1.614
1998,SP,3,C,2,-99,-99,12,-99,-99,2.87,0,-99,-99,0,none,0,0,none,0,0,0,0.031,none,-99,0.031
1998,SP,3,C,3,-99,-99,8,-99,-99,1.868,0,-99,-99,0,none,0,0,none,0,0,0,0.051,none,-99,0.051
1998,SP,3,C,4,-99,-99,18,-99,-99,4.425,0,-99,-99,0,none,0,0,none,0,0,0,2.891,none,-99,2.891
1998,SP,3,C,5,-99,-99,15,-99,-99,3.336,0,-99,-99,0,none,0,0,none,0,0,0,0.198,none,-99,0.198
1998,SP,4,E,1,-99,-99,5,-99,-99,0.909,1,-99,-99,0.127,none,0,0,none,0,0,0,1.377,none,-99,1.377
1998,SP,4,E,2,-99,-99,1,-99,-99,0.474,0,-99,-99,0,none,0,0,none,0,0,0,2.687,none,-99,2.687
1998,SP,4,E,3,-99,-99,1,-99,-99,0.268,0,-99,-99,0,none,0,0,none,0,0,0,5.656,none,-99,5.656
1998,SP,4,E,4,-99,-99,9,-99,-99,1.5,0,-99,-99,0,none,0,0,none,0,0,0,2.53,none,-99,2.53
1998,SP,4,E,5,-99,-99,2,-99,-99,0.144,0,-99,-99,0,none,0,0,none,0,0,0,5.383,none,-99,5.383
1998,SP,5,A,1,-99,-99,16,-99,-99,3.093,0,-99,-99,0,none,0,0,none,0,0,0,4.693,none,-99,4.693
1998,SP,5,A,2,-99,-99,24,-99,-99,5.095,0,-99,-99,0,none,0,0,none,0,0,0,2.767,none,-99,2.767
1998,SP,5,A,3,-99,-99,7,-99,-99,1.379,1,-99,-99,0.405,none,0,0,none,0,0,0,3.688,none,-99,3.688
1998,SP,5,A,4,-99,-99,6,-99,-99,1.347,0,-99,-99,0,none,0,0,none,0,0,0,2.819,none,-99,2.819
1998,SP,5,A,5,-99,-99,8,-99,-99,2.03,0,-99,-99,0,none,0,0,none,0,0,0,4.638,none,-99,4.638
1998,SP,6,C,1,-99,-99,19,-99,-99,3.366,0,-99,-99,0,none,0,0,none,0,0,0,0.035,none,-99,0.035
1998,SP,6,C,2,-99,-99,11,-99,-99,1.92,0,-99,-99,0,none,0,0,none,0,0,0,1.64,none,-99,1.64
1998,SP,6,C,3,-99,-99,11,-99,-99,2.438,0,-99,-99,0,none,0,0,none,0,0,0,0.721,none,-99,0.721
1998,SP,6,C,4,-99,-99,13,-99,-99,2.619,0,-99,-99,0,none,0,0,none,0,0,0,1.077,none,-99,1.077
1998,SP,6,C,5,-99,-99,9,-99,-99,1.496,0,-99,-99,0,none,0,0,none,0,0,0,0.365,none,-99,0.365
1998,SP,7,C,1,-99,-99,16,-99,-99,0.88,0,-99,-99,0,none,0,0,none,0,0,0,4.455,none,-99,4.455
1998,SP,7,C,2,-99,-99,20,-99,-99,2.525,0,-99,-99,0,none,0,0,none,0,0,0,0.559,none,-99,0.559
1998,SP,7,C,3,-99,-99,17,-99,-99,2.415,0,-99,-99,0,none,0,0,none,0,0,0,1.43,none,-99,1.43
1998,SP,7,C,4,-99,-99,13,-99,-99,1.598,0,-99,-99,0,none,0,0,none,0,0,0,0,none,-99,0
1998,SP,7,C,5,-99,-99,12,-99,-99,1.716,0,-99,-99,0,none,0,0,none,0,0,0,0.291,none,-99,0.291
1998,SP,8,E,1,-99,-99,9,-99,-99,1.601,0,-99,-99,0,none,0,0,none,0,0,0,3.822,none,-99,3.822
1998,SP,8,E,2,-99,-99,9,-99,-99,1.842,0,-99,-99,0,none,0,0,none,0,0,0,4.007,none,-99,4.007
1998,SP,8,E,3,-99,-99,8,-99,-99,0.734,0,-99,-99,0,none,0,0,none,0,0,0,0.881,none,-99,0.881
1998,SP,8,E,4,-99,-99,2,-99,-99,0.249,0,-99,-99,0,none,0,0,none,0,0,0,2.772,none,-99,2.772
1998,SP,8,E,5,-99,-99,2,-99,-99,0.341,0,-99,-99,0,none,0,0,none,0,0,0,1.955,none,-99,1.955
1998,SP,9,A,1,-99,-99,12,-99,-99,2.208,0,-99,-99,0,none,0,0,none,0,0,0,0,none,-99,0
1998,SP,9,A,2,-99,-99,7,-99,-99,0.915,0,-99,-99,0,none,0,0,none,0,0,0,0,none,-99,0
1998,SP,9,A,3,-99,-99,18,-99,-99,3.325,0,-99,-99,0,none,0,0,none,0,0,0,6.502,none,-99,6.502
1998,SP,9,A,4,-99,-99,20,-99,-99,3.382,0,-99,-99,0,none,0,0,none,0,0,0,2.988,none,-99,2.988
1998,SP,9,A,5,-99,-99,17,-99,-99,3.18,0,-99,-99,0,none,0,0,none,0,0,0,3.946,none,-99,3.946
1998,SP,10,E,1,-99,-99,5,-99,-99,0.961,0,-99,-99,0,none,0,0,none,0,0,0,4.46,none,-99,4.46
1998,SP,10,E,2,-99,-99,4,-99,-99,0.571,0,-99,-99,0,none,0,0,none,0,0,0,4.65,none,-99,4.65
1998,SP,10,E,3,-99,-99,13,-99,-99,3.46,0,-99,-99,0,none,0,0,none,0,0,0,3.117,none,-99,3.117
1998,SP,10,E,4,-99,-99,7,-99,-99,1.471,0,-99,-99,0,none,0,0,none,0,0,0,4.247,none,-99,4.247
1998,SP,10,E,5,-99,-99,5,-99,-99,0.706,0,-99,-99,0,none,0,0,none,0,0,0,6.643,none,-99,6.643
1998,SP,11,A,1,-99,-99,33,-99,-99,4.85,0,-99,-99,0,none,0,0,none,0,0,0,4.558,none,-99,4.558
1998,SP,11,A,2,-99,-99,10,-99,-99,1.145,0,-99,-99,0,none,0,0,none,0,0,0,2.278,none,-99,2.278
1998,SP,11,A,3,-99,-99,3,-99,-99,0.678,0,-99,-99,0,none,0,0,none,0,0,0,1.382,none,-99,1.382
1998,SP,11,A,4,-99,-99,2,-99,-99,0.327,0,-99,-99,0,none,0,0,none,0,0,0,4.05,none,-99,4.05
1998,SP,11,A,5,-99,-99,5,-99,-99,1.877,2,-99,-99,0.362,none,0,0,none,0,0,0,3.948,none,-99,3.948
1998,SP,12,C,1,-99,-99,17,-99,-99,2.322,0,-99,-99,0,none,0,0,none,0,0,0,0.437,none,-99,0.437
1998,SP,12,C,2,-99,-99,25,-99,-99,4.153,0,-99,-99,0,none,0,0,none,0,0,0,1.212,none,-99,1.212
1998,SP,12,C,3,-99,-99,10,-99,-99,2.067,0,-99,-99,0,none,0,0,none,0,0,0,2.887,none,-99,2.887
1998,SP,12,C,4,-99,-99,17,-99,-99,2.256,0,-99,-99,0,none,0,0,none,0,0,0,0.462,none,-99,0.462
1998,SP,12,C,5,-99,-99,18,-99,-99,2.193,0,-99,-99,0,none,0,0,none,0,0,0,0.732,none,-99,0.732
1998,SP,13,A,1,-99,-99,12,-99,-99,1.855,0,-99,-99,0,none,0,0,none,0,0,0,2.531,none,-99,2.531
1998,SP,13,A,2,-99,-99,12,-99,-99,1.561,0,-99,-99,0,none,0,0,none,0,0,0,3.411,none,-99,3.411
1998,SP,13,A,3,-99,-99,8,-99,-99,0.778,0,-99,-99,0,none,0,0,none,0,0,0,2.036,none,-99,2.036
1998,SP,13,A,4,-99,-99,11,-99,-99,2.251,0,-99,-99,0,none,0,0,none,0,0,0,3.455,none,-99,3.455
1998,SP,13,A,5,-99,-99,5,-99,-99,0.836,0,-99,-99,0,none,0,0,none,0,0,0,2.359,none,-99,2.359
1998,SP,14,E,1,-99,-99,11,-99,-99,1.356,0,-99,-99,0,none,0,0,none,0,0,0,1.656,none,-99,1.656
1998,SP,14,E,2,-99,-99,26,-99,-99,3.772,0,-99,-99,0,none,0,0,none,0,0,0,5.418,none,-99,5.418
1998,SP,14,E,3,-99,-99,6,-99,-99,1.914,0,-99,-99,0,none,0,0,none,0,0,0,1.871,none,-99,1.871
1998,SP,14,E,4,-99,-99,1,-99,-99,0.182,0,-99,-99,0,none,0,0,none,0,0,0,0.366,none,-99,0.366
1998,SP,14,E,5,-99,-99,12,-99,-99,1.657,0,-99,-99,0,none,0,0,none,0,0,0,0.751,none,-99,0.751
1998,SP,15,C,1,-99,-99,14,-99,-99,2.537,0,-99,-99,0,none,0,0,none,0,0,0,0.631,none,-99,0.631
1998,SP,15,C,2,-99,-99,8,-99,-99,1.546,0,-99,-99,0,none,0,0,none,0,0,0,0.545,none,-99,0.545
1998,SP,15,C,3,-99,-99,12,-99,-99,1.883,0,-99,-99,0,none,0,0,none,0,0,0,0.459,none,-99,0.459
1998,SP,15,C,4,-99,-99,24,-99,-99,3.506,0,-99,-99,0,none,0,0,none,0,0,0,0.511,none,-99,0.511
1998,SP,15,C,5,-99,-99,23,-99,-99,3.128,0,-99,-99,0,none,0,0,none,0,0,0,0.411,none,-99,0.411
1998,SC,1,E,1,-99,-99,0,-99,-99,0,2,-99,-99,0.104,none,0,0,none,0,0,0.915,0.06,none,-99,0.975
1998,SC,1,E,2,-99,-99,0,-99,-99,0,1,-99,-99,0.07,none,0,0,none,0,0,1.266,0.289,none,-99,1.555
1998,SC,1,E,3,-99,-99,0,-99,-99,0,2,-99,-99,0.397,none,0,0,none,0,0,2.791,0.805,none,-99,3.596
1998,SC,1,E,4,-99,-99,0,-99,-99,0,1,-99,-99,0.448,none,0,0,none,0,0,1.952,1.26,none,-99,3.212
1998,SC,1,E,5,-99,-99,0,-99,-99,0,0,-99,-99,0,none,0,0,none,0,0,1.916,1.19,none,-99,3.106
1998,SC,2,A,1,-99,-99,7,-99,-99,1.239,0,-99,-99,0,none,0,0,none,0,0,1.271,1.008,none,-99,2.279
1998,SC,2,A,2,-99,-99,4,-99,-99,1.081,0,-99,-99,0,none,0,0,none,0,0,1.721,1.804,none,-99,3.525
1998,SC,2,A,3,-99,-99,1,-99,-99,0.162,0,-99,-99,0,none,0,0,none,0,0,1.442,1.036,none,-99,2.478
1998,SC,2,A,4,-99,-99,0,-99,-99,0,0,-99,-99,0,none,0,0,none,0,0,0.754,0.981,none,-99,1.735
1998,SC,2,A,5,-99,-99,9,-99,-99,1.576,0,-99,-99,0,none,0,0,none,0,0,0.813,1.392,none,-99,2.205
1998,SC,3,C,1,-99,-99,0,-99,-99,0,0,-99,-99,0,none,0,0,none,0,0,1.11,0,none,-99,1.11
1998,SC,3,C,2,-99,-99,0,-99,-99,0,0,-99,-99,0,none,0,0,none,0,0,0.845,0,none,-99,0.845
1998,SC,3,C,3,-99,-99,1,-99,-99,0.327,0,-99,-99,0,none,0,0,none,0,0,1.204,0,none,-99,1.204
1998,SC,3,C,4,-99,-99,0,-99,-99,0,0,-99,-99,0,none,0,0,none,0,0,1.576,0.231,none,-99,1.807
1998,SC,3,C,5,-99,-99,0,-99,-99,0,0,-99,-99,0,none,0,0,none,0,0,2.161,0,none,-99,2.161
1998,SC,4,A,1,-99,-99,1,-99,-99,0.128,4,-99,-99,0.857,none,0,0,none,0,0,1.461,0.628,none,-99,2.089
1998,SC,4,A,2,-99,-99,0,-99,-99,0,2,-99,-99,0.106,none,0,0,none,0,0,1.893,1.018,none,-99,2.911
1998,SC,4,A,3,-99,-99,0,-99,-99,0,0,-99,-99,0,none,0,0,none,0,0,0.744,1.645,none,-99,2.389
1998,SC,4,A,4,-99,-99,2,-99,-99,0.214,0,-99,-99,0,none,0,0,none,0,0,1.767,0.599,none,-99,2.366
1998,SC,4,A,5,-99,-99,2,-99,-99,0.336,3,-99,-99,0.647,none,0,0,none,0,0,2.175,0.835,none,-99,3.01
1998,SC,5,C,1,-99,-99,0,-99,-99,0,6,-99,-99,0.497,none,0,0,none,0,0,3.082,0.68,none,-99,3.762
1998,SC,5,C,2,-99,-99,4,-99,-99,1.165,4,-99,-99,1.358,none,0,0,none,0,0,0.506,0.996,none,-99,1.502
1998,SC,5,C,3,-99,-99,0,-99,-99,0,4,-99,-99,1.035,none,0,0,none,0,0,2.059,0.789,none,-99,2.848
1998,SC,5,C,4,-99,-99,0,-99,-99,0,3,-99,-99,0.352,none,0,0,none,0,0,0.927,0.455,none,-99,1.382
1998,SC,5,C,5,-99,-99,0,-99,-99,0,0,-99,-99,0,none,0,0,none,0,0,0.759,0.094,none,-99,0.853
1998,SC,6,E,1,-99,-99,1,-99,-99,0.172,0,-99,-99,0,none,0,0,none,0,0,0,0.669,none,-99,0.669
1998,SC,6,E,2,-99,-99,3,-99,-99,0.456,1,-99,-99,0.124,none,0,0,none,0,0,0.951,0.453,none,-99,1.404
1998,SC,6,E,3,-99,-99,1,-99,-99,0.104,2,-99,-99,0.446,none,0,0,none,0,0,3.03,1.978,none,-99,5.008
1998,SC,6,E,4,-99,-99,0,-99,-99,0,1,-99,-99,0.172,none,0,0,none,0,0,0.442,0.506,none,-99,0.948
1998,SC,6,E,5,-99,-99,4,-99,-99,0.446,2,-99,-99,0.315,none,0,0,none,0,0,2.073,0.64,none,-99,2.713
1998,SC,7,C,1,-99,-99,0,-99,-99,0,1,-99,-99,0.059,ATPA4,1,0.03,AMCA2,5,0.118,0.499,0,none,-99,0.499
1998,SC,7,C,2,-99,-99,0,-99,-99,0,2,-99,-99,0.231,none,0,0,AMCA2,9,0.173,0.946,0.28,none,-99,1.226
1998,SC,7,C,3,-99,-99,0,-99,-99,0,9,-99,-99,1.44,none,0,0,AMCA2,3,0.101,2.523,1.117,none,-99,3.64
1998,SC,7,C,4,-99,-99,0,-99,-99,0,0,-99,-99,0,none,0,0,AMCA2,6,0.114,1.094,0.039,none,-99,1.133
1998,SC,7,C,5,-99,-99,0,-99,-99,0,0,-99,-99,0,none,0,0,AMCA2,1,0.038,0.479,0,none,-99,0.479
1998,SC,8,A,1,-99,-99,0,-99,-99,0,2,-99,-99,0.455,none,0,0,none,0,0,0.711,0.339,none,-99,1.05
1998,SC,8,A,2,-99,-99,0,-99,-99,0,2,-99,-99,0.378,none,0,0,none,0,0,1.993,1.772,none,-99,3.765
1998,SC,8,A,3,-99,-99,0,-99,-99,0,3,-99,-99,0.595,none,0,0,none,0,0,0.626,5.609,none,-99,6.235
1998,SC,8,A,4,-99,-99,2,-99,-99,0.582,2,-99,-99,0.139,none,0,0,none,0,0,0.408,1.815,none,-99,2.223
1998,SC,8,A,5,-99,-99,0,-99,-99,0,2,-99,-99,0.225,AMCA2,1,0.058,none,0,0,0.473,1.288,none,-99,1.761
1998,SC,9,E,1,-99,-99,0,-99,-99,0,0,-99,-99,0,none,0,0,none,0,0,1.163,0.344,none,-99,1.507
1998,SC,9,E,2,-99,-99,0,-99,-99,0,4,-99,-99,0.63,LYLI2,4,0.799,none,0,0,2.408,2.297,none,-99,4.705
1998,SC,9,E,3,-99,-99,0,-99,-99,0,0,-99,-99,0,none,0,0,none,0,0,0.277,0.389,none,-99,0.666
1998,SC,9,E,4,-99,-99,0,-99,-99,0,0,-99,-99,0,LYLI2,3,0.516,none,0,0,1.252,0.811,none,-99,2.063
1998,SC,9,E,5,-99,-99,0,-99,-99,0,2,-99,-99,0.113,none,0,0,none,0,0,1.332,0.688,none,-99,2.02
1998,SC,10,E,1,-99,-99,1,-99,-99,0.244,0,-99,-99,0,LYLI2,5,0.663,none,0,0,0.779,1.218,none,-99,1.997
1998,SC,10,E,2,-99,-99,9,-99,-99,1.975,0,-99,-99,0,none,0,0,none,0,0,2.342,0.746,none,-99,3.088
1998,SC,10,E,3,-99,-99,3,-99,-99,0.395,3,-99,-99,-99,none,0,0,none,0,0,3.11,1.025,none,-99,4.135
1998,SC,10,E,4,-99,-99,0,-99,-99,0,1,-99,-99,0.024,none,0,0,none,0,0,3.345,0.364,none,-99,3.709
1998,SC,10,E,5,-99,-99,3,-99,-99,0.469,0,-99,-99,0,none,0,0,none,0,0,1.38,0.199,none,-99,1.579
1998,SC,11,C,1,-99,-99,5,-99,-99,0.602,0,-99,-99,0,none,0,0,none,0,0,0.263,2.295,none,-99,2.558
1998,SC,11,C,2,-99,-99,8,-99,-99,1.276,8,-99,-99,0.981,none,0,0,none,0,0,0.501,1.632,none,-99,2.133
1998,SC,11,C,3,-99,-99,4,-99,-99,0.886,7,-99,-99,0.932,none,0,0,none,0,0,0.353,0.499,none,-99,0.852
1998,SC,11,C,4,-99,-99,5,-99,-99,1.27,3,-99,-99,0.255,none,0,0,none,0,0,0.458,1.432,none,-99,1.89
1998,SC,11,C,5,-99,-99,5,-99,-99,0.966,2,-99,-99,0.233,none,0,0,none,0,0,0.958,0.099,none,-99,1.057
1998,SC,12,A,1,-99,-99,0,-99,-99,0,5,-99,-99,0.591,none,0,0,none,0,0,0.315,0.733,none,-99,1.048
1998,SC,12,A,2,-99,-99,2,-99,-99,0.423,9,-99,-99,1.888,none,0,0,none,0,0,0.369,4.119,none,-99,4.488
1998,SC,12,A,3,-99,-99,0,-99,-99,0,5,-99,-99,0.51,none,0,0,none,0,0,0.117,1.357,none,-99,1.474
1998,SC,12,A,4,-99,-99,0,-99,-99,0,5,-99,-99,0.818,none,0,0,none,0,0,0.517,1.254,none,-99,1.771
1998,SC,12,A,5,-99,-99,0,-99,-99,0,7,-99,-99,1.183,none,0,0,none,0,0,0.423,1.364,none,-99,1.787
1998,SC,13,C,1,-99,-99,16,-99,-99,3.161,4,-99,-99,0.742,none,0,0,none,0,0,0,1.082,none,-99,1.082
1998,SC,13,C,2,-99,-99,0,-99,-99,0,5,-99,-99,1.167,none,0,0,none,0,0,0.803,1.054,none,-99,1.857
1998,SC,13,C,3,-99,-99,5,-99,-99,0.593,0,-99,-99,0,none,0,0,none,0,0,0,0.165,none,-99,0.165
1998,SC,13,C,4,-99,-99,18,-99,-99,2.67,0,-99,-99,0,none,0,0,none,0,0,0.77,0.409,none,-99,1.179
1998,SC,13,C,5,-99,-99,21,-99,-99,3.058,0,-99,-99,0,none,0,0,none,0,0,0.988,0.641,none,-99,1.629
1998,SC,14,E,1,-99,-99,0,-99,-99,0,1,-99,-99,0.109,none,0,0,none,0,0,0.332,0.518,none,-99,0.85
1998,SC,14,E,2,-99,-99,0,-99,-99,0,11,-99,-99,1.518,none,0,0,none,0,0,0.408,1.205,none,-99,1.613
1998,SC,14,E,3,-99,-99,0,-99,-99,0,1,-99,-99,0.338,none,0,0,none,0,0,0.841,0.614,none,-99,1.455
1998,SC,14,E,4,-99,-99,0,-99,-99,0,1,-99,-99,0.165,none,0,0,none,0,0,0.274,1.628,none,-99,1.902
1998,SC,14,E,5,-99,-99,0,-99,-99,0,7,-99,-99,1.095,none,0,0,none,0,0,1.588,0.647,none,-99,2.235
1998,SC,15,A,1,-99,-99,0,-99,-99,0,20,-99,-99,4.497,none,0,0,none,0,0,0.711,3.423,none,-99,4.134
1998,SC,15,A,2,-99,-99,0,-99,-99,0,4,-99,-99,0.788,none,0,0,none,0,0,0.033,4.253,none,-99,4.286
1998,SC,15,A,3,-99,-99,0,-99,-99,0,4,-99,-99,0.248,none,0,0,none,0,0,0.111,1.585,none,-99,1.696
1998,SC,15,A,4,-99,-99,0,-99,-99,0,1,-99,-99,0.327,AMCA2,1,0.072,none,0,0,0.029,0.92,none,-99,0.949
1998,SC,15,A,5,-99,-99,0,-99,-99,0,12,-99,-99,2.512,none,0,0,none,0,0,0.236,3.084,none,-99,3.32
1998,MX,1,E,1,-99,-99,1,-99,-99,0.132,0,-99,-99,0,none,0,0,none,0,0,0.439,0.836,none,-99,1.275
1998,MX,1,E,2,-99,-99,3,-99,-99,0.299,0,-99,-99,0,none,0,0,none,0,0,0.508,0.911,none,-99,1.419
1998,MX,1,E,3,-99,-99,0,-99,-99,0,3,-99,-99,0.635,none,0,0,none,0,0,0.609,4.76,none,-99,5.369
1998,MX,1,E,4,-99,-99,1,-99,-99,0.119,2,-99,-99,0.381,none,0,0,none,0,0,5.063,1.376,none,-99,6.439
1998,MX,1,E,5,-99,-99,1,-99,-99,0.016,3,-99,-99,0.237,none,0,0,none,0,0,0.439,1.064,none,-99,1.503
1998,MX,2,A,1,-99,-99,4,-99,-99,1.384,2,-99,-99,0.517,none,0,0,none,0,0,0.385,0.133,none,-99,0.518
1998,MX,2,A,2,-99,-99,2,-99,-99,0.333,1,-99,-99,0.271,none,0,0,none,0,0,0.084,0.094,none,-99,0.178
1998,MX,2,A,3,-99,-99,3,-99,-99,0.934,2,-99,-99,0.286,none,0,0,none,0,0,2.071,1.436,none,-99,3.507
1998,MX,2,A,4,-99,-99,0,-99,-99,0,6,-99,-99,1.358,none,0,0,none,0,0,1.663,2.564,none,-99,4.227
1998,MX,2,A,5,-99,-99,0,-99,-99,0,4,-99,-99,0.349,none,0,0,none,0,0,0.387,2.126,none,-99,2.513
1998,MX,3,C,1,-99,-99,14,-99,-99,2.157,0,-99,-99,0,none,0,0,none,0,0,0.089,3.384,none,-99,3.473
1998,MX,3,C,2,-99,-99,7,-99,-99,1.672,0,-99,-99,0,none,0,0,none,0,0,0.235,0.996,none,-99,1.231
1998,MX,3,C,3,-99,-99,6,-99,-99,0.536,17,-99,-99,2.218,none,0,0,none,0,0,0.661,0.332,none,-99,0.993
1998,MX,3,C,4,-99,-99,7,-99,-99,1.079,0,-99,-99,0,none,0,0,none,0,0,0.244,0.306,none,-99,0.55
1998,MX,3,C,5,-99,-99,22,-99,-99,3.782,1,-99,-99,0.182,none,0,0,none,0,0,0.04,1.471,none,-99,1.511
1998,MX,4,E,1,-99,-99,0,-99,-99,0,2,-99,-99,0.274,none,0,0,none,0,0,0.756,0.141,none,-99,0.897
1998,MX,4,E,2,-99,-99,0,-99,-99,0,4,-99,-99,0.448,none,0,0,none,0,0,1.292,2.803,none,-99,4.095
1998,MX,4,E,3,-99,-99,0,-99,-99,0,5,-99,-99,0.749,none,0,0,none,0,0,0.598,1.118,none,-99,1.716
1998,MX,4,E,4,-99,-99,0,-99,-99,0,6,-99,-99,1.068,none,0,0,none,0,0,0.46,1.472,none,-99,1.932
1998,MX,4,E,5,-99,-99,2,-99,-99,0.643,1,-99,-99,0.37,none,0,0,none,0,0,0.954,0.396,none,-99,1.35
1998,MX,5,C,1,-99,-99,6,-99,-99,1.155,0,-99,-99,0,none,0,0,none,0,0,0.067,1.267,none,-99,1.334
1998,MX,5,C,2,-99,-99,6,-99,-99,1.307,0,-99,-99,0,none,0,0,none,0,0,0.201,1.016,none,-99,1.217
1998,MX,5,C,3,-99,-99,7,-99,-99,1.473,0,-99,-99,0,none,0,0,none,0,0,0.235,1.177,none,-99,1.412
1998,MX,5,C,4,-99,-99,15,-99,-99,3.124,0,-99,-99,0,none,0,0,none,0,0,0.497,5.176,none,-99,5.673
1998,MX,5,C,5,-99,-99,8,-99,-99,1.067,0,-99,-99,0,none,0,0,none,0,0,0.355,0.753,none,-99,1.108
1998,MX,6,A,1,-99,-99,3,-99,-99,0.405,1,-99,-99,0.134,none,0,0,none,0,0,2.125,4.758,none,-99,6.883
1998,MX,6,A,2,-99,-99,8,-99,-99,0.788,4,-99,-99,0.702,none,0,0,none,0,0,0.559,1.769,none,-99,2.328
1998,MX,6,A,3,-99,-99,3,-99,-99,0.141,5,-99,-99,0.732,none,0,0,none,0,0,0.495,1.231,none,-99,1.726
1998,MX,6,A,4,-99,-99,6,-99,-99,0.735,1,-99,-99,0.285,none,0,0,none,0,0,0.592,1.812,none,-99,2.404
1998,MX,6,A,5,-99,-99,0,-99,-99,0,7,-99,-99,1.024,none,0,0,none,0,0,2.291,2.152,none,-99,4.443
1998,MX,7,C,1,-99,-99,0,-99,-99,0,7,-99,-99,1.312,none,0,0,none,0,0,0,0.635,none,-99,0.635
1998,MX,7,C,2,-99,-99,0,-99,-99,0,4,-99,-99,0.622,none,0,0,none,0,0,0.447,2.528,none,-99,2.975
1998,MX,7,C,3,-99,-99,6,-99,-99,0.822,1,-99,-99,0.275,none,0,0,none,0,0,0.385,0.543,none,-99,0.928
1998,MX,7,C,4,-99,-99,2,-99,-99,0.364,8,-99,-99,0.689,ATPA4,1,-99,none,0,0,0.224,1.024,none,-99,1.248
1998,MX,7,C,5,-99,-99,0,-99,-99,0,6,-99,-99,1.149,none,0,0,none,0,0,0.112,0.47,none,-99,0.582
1998,MX,8,E,1,-99,-99,3,-99,-99,0.485,7,-99,-99,1.31,none,0,0,none,0,0,0.347,6.256,none,-99,6.603
1998,MX,8,E,2,-99,-99,4,-99,-99,0.828,12,-99,-99,1.459,none,0,0,none,0,0,0.2,2.835,none,-99,3.035
1998,MX,8,E,3,-99,-99,1,-99,-99,0.093,3,-99,-99,0.353,none,0,0,none,0,0,0.186,2.345,none,-99,2.531
1998,MX,8,E,4,-99,-99,0,-99,-99,0,3,-99,-99,0.275,none,0,0,none,0,0,2.837,6.51,none,-99,9.347
1998,MX,8,E,5,-99,-99,0,-99,-99,0,4,-99,-99,0.302,none,0,0,none,0,0,0.77,1.521,none,-99,2.291
1998,MX,9,A,1,-99,-99,5,-99,-99,0.65,1,-99,-99,0.04,none,0,0,none,0,0,0.754,0.978,none,-99,1.732
1998,MX,9,A,2,-99,-99,4,-99,-99,0.386,3,-99,-99,0.274,none,0,0,none,0,0,0.466,1.604,none,-99,2.07
1998,MX,9,A,3,-99,-99,0,-99,-99,0,0,-99,-99,0,none,0,0,none,0,0,0.173,1.417,none,-99,1.59
1998,MX,9,A,4,-99,-99,4,-99,-99,0.537,8,-99,-99,0.992,none,0,0,none,0,0,1.062,2.388,none,-99,3.45
1998,MX,9,A,5,-99,-99,11,-99,-99,1.528,1,-99,-99,0.117,none,0,0,none,0,0,0.285,0.979,none,-99,1.264
1998,MX,10,C,1,-99,-99,8,-99,-99,1.241,0,-99,-99,0,none,0,0,none,0,0,0.491,1.014,none,-99,1.505
1998,MX,10,C,2,-99,-99,7,-99,-99,1.349,0,-99,-99,0,none,0,0,none,0,0,0.575,0.708,none,-99,1.283
1998,MX,10,C,3,-99,-99,8,-99,-99,1.082,5,-99,-99,0.551,POHY,1,-99,none,0,0,0.716,0.275,none,-99,0.991
1998,MX,10,C,4,-99,-99,9,-99,-99,1.382,1,-99,-99,0.012,none,0,0,none,0,0,2.125,1.004,none,-99,3.129
1998,MX,10,C,5,-99,-99,6,-99,-99,0.68,0,-99,-99,0,none,0,0,none,0,0,0.5,2.398,none,-99,2.898
1998,MX,11,E,1,-99,-99,2,-99,-99,0.573,1,-99,-99,0.216,none,0,0,none,0,0,0.531,1.283,none,-99,1.814
1998,MX,11,E,2,-99,-99,8,-99,-99,1.537,0,-99,-99,0,none,0,0,none,0,0,1.862,2.76,none,-99,4.622
1998,MX,11,E,3,-99,-99,4,-99,-99,0.598,0,-99,-99,0,none,0,0,none,0,0,1.124,1.009,none,-99,2.133
1998,MX,11,E,4,-99,-99,5,-99,-99,0.403,1,-99,-99,0.179,none,0,0,none,0,0,1.978,1.533,none,-99,3.511
1998,MX,11,E,5,-99,-99,2,-99,-99,0.171,0,-99,-99,0,none,0,0,none,0,0,1.011,0.245,none,-99,1.256
1998,MX,12,A,1,-99,-99,10,-99,-99,1.298,0,-99,-99,0,none,0,0,none,0,0,0.288,1.175,none,-99,1.463
1998,MX,12,A,2,-99,-99,1,-99,-99,0.018,0,-99,-99,0,none,0,0,none,0,0,0.71,0.553,none,-99,1.263
1998,MX,12,A,3,-99,-99,0,-99,-99,0,1,-99,-99,0.047,none,0,0,none,0,0,0.317,0,none,-99,0.317
1998,MX,12,A,4,-99,-99,0,-99,-99,0,2,-99,-99,0.226,none,0,0,none,0,0,1.002,0.149,none,-99,1.151
1998,MX,12,A,5,-99,-99,23,-99,-99,2.831,4,-99,-99,0.416,none,0,0,none,0,0,0.091,1.183,none,-99,1.274
1998,MX,13,E,1,-99,-99,8,-99,-99,1.444,0,-99,-99,0,none,0,0,none,0,0,2.667,4.56,none,-99,7.227
1998,MX,13,E,2,-99,-99,9,-99,-99,1.148,0,-99,-99,0,none,0,0,none,0,0,1.325,1.958,none,-99,3.283
1998,MX,13,E,3,-99,-99,6,-99,-99,1.304,0,-99,-99,0,none,0,0,none,0,0,0.441,0.26,none,-99,0.701
1998,MX,13,E,4,-99,-99,1,-99,-99,0.281,0,-99,-99,0,none,0,0,none,0,0,0.49,1.075,none,-99,1.565
1998,MX,13,E,5,-99,-99,2,-99,-99,0.121,0,-99,-99,0,none,0,0,none,0,0,0.172,1.095,none,-99,1.267
1998,MX,14,C,1,-99,-99,15,-99,-99,1.916,0,-99,-99,0,none,0,0,none,0,0,0.065,0.121,none,-99,0.186
1998,MX,14,C,2,-99,-99,7,-99,-99,0.704,2,-99,-99,0.379,none,0,0,none,0,0,0,0.347,none,-99,0.347
1998,MX,14,C,3,-99,-99,16,-99,-99,1.627,1,-99,-99,0.104,none,0,0,none,0,0,0.291,0.729,none,-99,1.02
1998,MX,14,C,4,-99,-99,6,-99,-99,0.843,1,-99,-99,0.156,none,0,0,none,0,0,0.293,0.475,none,-99,0.768
1998,MX,14,C,5,-99,-99,5,-99,-99,0.463,1,-99,-99,0.029,none,0,0,none,0,0,0.316,0.161,none,-99,0.477
1998,MX,15,A,1,-99,-99,4,-99,-99,0.541,5,-99,-99,0.782,none,0,0,none,0,0,0.449,4.69,none,-99,5.139
1998,MX,15,A,2,-99,-99,3,-99,-99,0.529,3,-99,-99,0.585,none,0,0,none,0,0,0.548,1.562,none,-99,2.11
1998,MX,15,A,3,-99,-99,2,-99,-99,0.33,3,-99,-99,0.647,none,0,0,none,0,0,0.199,2.314,none,-99,2.513
1998,MX,15,A,4,-99,-99,1,-99,-99,0.141,3,-99,-99,0.234,none,0,0,none,0,0,0.184,0.548,none,-99,0.732
1998,MX,15,A,5,-99,-99,0,-99,-99,0,0,-99,-99,0,none,0,0,none,0,0,0.124,0.028,none,-99,0.152
1999,SP,1,E,1,-99,-99,10,-99,-99,1.856,0,-99,-99,0,none,0,0,none,0,0,0.066,1.522,none,-99,1.588
1999,SP,1,E,2,-99,-99,17,-99,-99,2.017,0,-99,-99,0,none,0,0,none,0,0,0,4.416,none,-99,4.416
1999,SP,1,E,3,-99,-99,3,-99,-99,0.588,0,-99,-99,0,none,0,0,none,0,0,0.051,2.63,none,-99,2.681
1999,SP,1,E,4,-99,-99,3,-99,-99,0.575,0,-99,-99,0,none,0,0,none,0,0,0,1.519,none,-99,1.519
1999,SP,1,E,5,-99,-99,13,-99,-99,1.393,0,-99,-99,0,none,0,0,none,0,0,0.221,0.545,none,-99,0.766
1999,SP,2,A,1,-99,-99,21,-99,-99,3.39,0,-99,-99,0,none,0,0,none,0,0,0,5.699,none,-99,5.699
1999,SP,2,A,2,-99,-99,5,-99,-99,0.788,0,-99,-99,0,none,0,0,none,0,0,0,4.888,none,-99,4.888
1999,SP,2,A,3,-99,-99,0,-99,-99,0,0,-99,-99,0,none,0,0,none,0,0,0,1.8,none,-99,1.8
1999,SP,2,A,4,-99,-99,4,-99,-99,0.337,0,-99,-99,0,none,0,0,none,0,0,0,3.257,none,-99,3.257
1999,SP,2,A,5,-99,-99,17,-99,-99,2.286,0,-99,-99,0,none,0,0,none,0,0,0,4.494,none,-99,4.494
1999,SP,3,C,1,-99,-99,13,-99,-99,2.357,0,-99,-99,0,none,0,0,none,0,0,0,0.618,none,-99,0.618
1999,SP,3,C,2,-99,-99,12,-99,-99,2.93,0,-99,-99,0,none,0,0,none,0,0,0,1.321,none,-99,1.321
1999,SP,3,C,3,-99,-99,15,-99,-99,1.838,0,-99,-99,0,none,0,0,none,0,0,0,1.509,none,-99,1.509
1999,SP,3,C,4,-99,-99,12,-99,-99,1.705,0,-99,-99,0,POHY,3,0.028,none,0,0,0,0.272,none,-99,0.272
1999,SP,3,C,5,-99,-99,22,-99,-99,4.261,0,-99,-99,0,POHY,1,0.022,none,0,0,0,1.775,none,-99,1.775
1999,SP,4,E,1,-99,-99,7,-99,-99,0.534,0,-99,-99,0,none,0,0,none,0,0,0,2.544,none,-99,2.544
1999,SP,4,E,2,-99,-99,14,-99,-99,2.444,0,-99,-99,0,none,0,0,none,0,0,0,4.213,none,-99,4.213
1999,SP,4,E,3,-99,-99,10,-99,-99,2.139,0,-99,-99,0,none,0,0,none,0,0,0,1.604,none,-99,1.604
1999,SP,4,E,4,-99,-99,5,-99,-99,1.178,0,-99,-99,0,none,0,0,none,0,0,0,2.066,none,-99,2.066
1999,SP,4,E,5,-99,-99,4,-99,-99,0.907,0,-99,-99,0,none,0,0,none,0,0,0,2.361,none,-99,2.361
1999,SP,5,A,1,-99,-99,29,-99,-99,4.322,0,-99,-99,0,none,0,0,none,0,0,0,4.295,none,-99,4.295
1999,SP,5,A,2,-99,-99,7,-99,-99,0.793,0,-99,-99,0,none,0,0,none,0,0,0,3.971,none,-99,3.971
1999,SP,5,A,3,-99,-99,9,-99,-99,0.406,0,-99,-99,0,none,0,0,none,0,0,0,2.996,none,-99,2.996
1999,SP,5,A,4,-99,-99,7,-99,-99,0.551,0,-99,-99,0,none,0,0,none,0,0,0,0.753,none,-99,0.753
1999,SP,5,A,5,-99,-99,15,-99,-99,1.188,0,-99,-99,0,none,0,0,none,0,0,0,1.589,none,-99,1.589
1999,SP,6,C,1,-99,-99,10,-99,-99,1.858,0,-99,-99,0,POHY,1,0.008,none,0,0,0,0.994,none,-99,0.994
1999,SP,6,C,2,-99,-99,16,-99,-99,3.654,0,-99,-99,0,none,0,0,none,0,0,0,1.267,none,-99,1.267
1999,SP,6,C,3,-99,-99,8,-99,-99,1.485,0,-99,-99,0,none,0,0,none,0,0,0,2.268,none,-99,2.268
1999,SP,6,C,4,-99,-99,8,-99,-99,1.561,0,-99,-99,0,none,0,0,none,0,0,0,1.044,none,-99,1.044
1999,SP,6,C,5,-99,-99,13,-99,-99,2.305,0,-99,-99,0,none,0,0,none,0,0,0,1.265,none,-99,1.265
1999,SP,7,C,1,-99,-99,18,-99,-99,1.119,0,-99,-99,0,none,0,0,none,0,0,0,1.849,none,-99,1.849
1999,SP,7,C,2,-99,-99,18,-99,-99,2.724,0,-99,-99,0,none,0,0,none,0,0,0,2.682,none,-99,2.682
1999,SP,7,C,3,-99,-99,5,-99,-99,0.722,0,-99,-99,0,none,0,0,none,0,0,0,0.629,none,-99,0.629
1999,SP,7,C,4,-99,-99,5,-99,-99,0.633,0,-99,-99,0,SOSE,4,0.393,none,0,0,0,1.854,none,-99,1.854
1999,SP,7,C,5,-99,-99,2,-99,-99,0.183,0,-99,-99,0,none,0,0,none,0,0,0,1.474,none,-99,1.474
1999,SP,8,E,1,-99,-99,13,-99,-99,1.184,0,-99,-99,0,none,0,0,none,0,0,0,2.907,none,-99,2.907
1999,SP,8,E,2,-99,-99,6,-99,-99,0.399,0,-99,-99,0,none,0,0,none,0,0,0,0.559,none,-99,0.559
1999,SP,8,E,3,-99,-99,7,-99,-99,1.024,0,-99,-99,0,none,0,0,none,0,0,0,1.877,none,-99,1.877
1999,SP,8,E,4,-99,-99,18,-99,-99,2.058,0,-99,-99,0,none,0,0,none,0,0,0,2.469,none,-99,2.469
1999,SP,8,E,5,-99,-99,9,-99,-99,0.759,0,-99,-99,0,none,0,0,none,0,0,0,1.078,none,-99,1.078
1999,SP,9,A,1,-99,-99,4,-99,-99,0.66,0,-99,-99,0,none,0,0,none,0,0,0,11.29,none,-99,11.29
1999,SP,9,A,2,-99,-99,11,-99,-99,1.181,0,-99,-99,0,none,0,0,none,0,0,0,5.503,none,-99,5.503
1999,SP,9,A,3,-99,-99,5,-99,-99,0.85,0,-99,-99,0,none,0,0,none,0,0,0,1.975,none,-99,1.975
1999,SP,9,A,4,-99,-99,7,-99,-99,1.062,0,-99,-99,0,none,0,0,none,0,0,0,3.963,none,-99,3.963
1999,SP,9,A,5,-99,-99,0,-99,-99,0,0,-99,-99,0,none,0,0,none,0,0,0,2.453,none,-99,2.453
1999,SP,10,E,1,-99,-99,20,-99,-99,2.261,0,-99,-99,0,none,0,0,none,0,0,0,2.793,none,-99,2.793
1999,SP,10,E,2,-99,-99,8,-99,-99,1.045,0,-99,-99,0,none,0,0,none,0,0,0,2.001,none,-99,2.001
1999,SP,10,E,3,-99,-99,14,-99,-99,2.78,0,-99,-99,0,none,0,0,none,0,0,0,2.933,none,-99,2.933
1999,SP,10,E,4,-99,-99,4,-99,-99,0.615,0,-99,-99,0,none,0,0,none,0,0,0,2.834,none,-99,2.834
1999,SP,10,E,5,-99,-99,9,-99,-99,1.282,0,-99,-99,0,none,0,0,none,0,0,0,4.69,none,-99,4.69
1999,SP,11,A,1,-99,-99,9,-99,-99,0.638,0,-99,-99,0,none,0,0,none,0,0,0,0.979,none,-99,0.979
1999,SP,11,A,2,-99,-99,4,-99,-99,0.598,0,-99,-99,0,none,0,0,none,0,0,0,1.635,none,-99,1.635
1999,SP,11,A,3,-99,-99,0,-99,-99,0,2,-99,-99,0.592,none,0,0,none,0,0,0,6.305,none,-99,6.305
1999,SP,11,A,4,-99,-99,5,-99,-99,0.47,0,-99,-99,0,none,0,0,none,0,0,0,4.401,none,-99,4.401
1999,SP,11,A,5,-99,-99,9,-99,-99,1.636,0,-99,-99,0,none,0,0,none,0,0,0,12.563,none,-99,12.563
1999,SP,12,C,1,-99,-99,15,-99,-99,1.32,0,-99,-99,0,none,0,0,none,0,0,0,1.88,none,-99,1.88
1999,SP,12,C,2,-99,-99,21,-99,-99,2.576,0,-99,-99,0,none,0,0,none,0,0,0,2.878,none,-99,2.878
1999,SP,12,C,3,-99,-99,40,-99,-99,4.104,0,-99,-99,0,none,0,0,none,0,0,0,2.58,none,-99,2.58
1999,SP,12,C,4,-99,-99,10,-99,-99,0.89,0,-99,-99,0,none,0,0,none,0,0,0,0.838,none,-99,0.838
1999,SP,12,C,5,-99,-99,18,-99,-99,2.116,0,-99,-99,0,none,0,0,none,0,0,0,0.619,none,-99,0.619
1999,SP,13,A,1,-99,-99,1,-99,-99,0.074,0,-99,-99,0,none,0,0,none,0,0,0,5.479,none,-99,5.479
1999,SP,13,A,2,-99,-99,12,-99,-99,1.286,0,-99,-99,0,none,0,0,none,0,0,0,3.524,none,-99,3.524
1999,SP,13,A,3,-99,-99,13,-99,-99,1.463,0,-99,-99,0,none,0,0,none,0,0,0,1.215,none,-99,1.215
1999,SP,13,A,4,-99,-99,0,-99,-99,0,0,-99,-99,0,none,0,0,none,0,0,0,1.122,none,-99,1.122
1999,SP,13,A,5,-99,-99,9,-99,-99,1.297,0,-99,-99,0,none,0,0,none,0,0,0,4.949,none,-99,4.949
1999,SP,14,E,1,-99,-99,1,-99,-99,0.258,0,-99,-99,0,none,0,0,none,0,0,0,2.849,none,-99,2.849
1999,SP,14,E,2,-99,-99,3,-99,-99,0.192,0,-99,-99,0,none,0,0,none,0,0,0,0.581,none,-99,0.581
1999,SP,14,E,3,-99,-99,3,-99,-99,0.638,0,-99,-99,0,none,0,0,none,0,0,0,0.888,none,-99,0.888
1999,SP,14,E,4,-99,-99,0,-99,-99,0,0,-99,-99,0,none,0,0,none,0,0,0,2.322,none,-99,2.322
1999,SP,14,E,5,-99,-99,9,-99,-99,1.309,0,-99,-99,0,none,0,0,none,0,0,0,3.594,none,-99,3.594
1999,SP,15,C,1,-99,-99,18,-99,-99,2.872,0,-99,-99,0,none,0,0,none,0,0,0,0.878,none,-99,0.878
1999,SP,15,C,2,-99,-99,3,-99,-99,0.298,0,-99,-99,0,none,0,0,none,0,0,0,0.468,none,-99,0.468
1999,SP,15,C,3,-99,-99,18,-99,-99,1.744,0,-99,-99,0,none,0,0,none,0,0,0,0.516,none,-99,0.516
1999,SP,15,C,4,-99,-99,17,-99,-99,2.749,0,-99,-99,0,none,0,0,none,0,0,0,0.388,none,-99,0.388
1999,SP,15,C,5,-99,-99,12,-99,-99,1.401,0,-99,-99,0,none,0,0,none,0,0,0,0.352,none,-99,0.352
1999,SC,1,E,1,-99,-99,1,-99,-99,0.059,5,-99,-99,1.092,none,0,0,none,0,0,2.593,3.653,none,-99,6.246
1999,SC,1,E,2,-99,-99,0,-99,-99,0,1,-99,-99,0.042,none,0,0,none,0,0,3.244,1.8,none,-99,5.044
1999,SC,1,E,3,-99,-99,0,-99,-99,0,0,-99,-99,0,none,0,0,none,0,0,5.081,1.224,none,-99,6.305
1999,SC,1,E,4,-99,-99,1,-99,-99,0.171,1,-99,-99,0.03,none,0,0,none,0,0,9.584,1.869,none,-99,11.453
1999,SC,1,E,5,-99,-99,0,-99,-99,0,2,-99,-99,0.268,none,0,0,none,0,0,6.352,1.307,none,-99,7.659
1999,SC,2,A,1,-99,-99,1,-99,-99,0.114,0,-99,-99,0,none,0,0,none,0,0,0.962,1.191,none,-99,2.153
1999,SC,2,A,2,-99,-99,3,-99,-99,0.467,0,-99,-99,0,none,0,0,none,0,0,1.305,2.233,none,-99,3.538
1999,SC,2,A,3,-99,-99,4,-99,-99,0.437,0,-99,-99,0,none,0,0,none,0,0,2.274,0.912,none,-99,3.186
1999,SC,2,A,4,-99,-99,6,-99,-99,1.342,0,-99,-99,0,none,0,0,none,0,0,4.105,2.161,none,-99,6.266
1999,SC,2,A,5,-99,-99,5,-99,-99,0.701,0,-99,-99,0,none,0,0,none,0,0,2.857,1.42,none,-99,4.277
1999,SC,3,C,1,-99,-99,0,-99,-99,0,0,-99,-99,0,POHY,1,0.016,none,0,0,1.305,0.043,none,-99,1.348
1999,SC,3,C,2,-99,-99,3,-99,-99,0.404,0,-99,-99,0,ATPA4,1,0.056,none,0,0,2.379,0.0504,none,-99,2.4294
1999,SC,3,C,3,-99,-99,2,-99,-99,0.208,0,-99,-99,0,none,0,0,none,0,0,3.53,0,none,-99,3.53
1999,SC,3,C,4,-99,-99,0,-99,-99,0,0,-99,-99,0,ATPA4,1,0.979,none,0,0,3.23,0.137,none,-99,3.367
1999,SC,3,C,5,-99,-99,0,-99,-99,0,0,-99,-99,0,none,0,0,none,0,0,3.472,0.059,none,-99,3.531
1999,SC,4,A,1,-99,-99,4,-99,-99,0.782,2,-99,-99,0.329,none,0,0,none,0,0,6.692,1.189,none,-99,7.881
1999,SC,4,A,2,-99,-99,1,-99,-99,0.017,4,-99,-99,0.781,none,0,0,none,0,0,1.929,0.525,none,-99,2.454
1999,SC,4,A,3,-99,-99,1,-99,-99,0.169,5,-99,-99,0.53,none,0,0,none,0,0,3.327,2.382,none,-99,5.709
1999,SC,4,A,4,-99,-99,0,-99,-99,0,0,-99,-99,0,none,0,0,none,0,0,2.323,0.669,none,-99,2.992
1999,SC,4,A,5,-99,-99,0,-99,-99,0,4,-99,-99,0.237,none,0,0,none,0,0,3.883,1.367,none,-99,5.25
1999,SC,5,C,1,-99,-99,6,-99,-99,0.852,1,-99,-99,0.137,none,0,0,none,0,0,1.034,1.117,none,-99,2.151
1999,SC,5,C,2,-99,-99,10,-99,-99,1.71,4,-99,-99,0.48,none,0,0,none,0,0,1.184,2.16,none,-99,3.344
1999,SC,5,C,3,-99,-99,9,-99,-99,0.765,2,-99,-99,0.206,none,0,0,none,0,0,1.447,0.659,none,-99,2.106
1999,SC,5,C,4,-99,-99,9,-99,-99,1.129,0,-99,-99,0,none,0,0,none,0,0,1.377,0.91,none,-99,2.287
1999,SC,5,C,5,-99,-99,0,-99,-99,0,0,-99,-99,0,none,0,0,none,0,0,0.299,0.342,none,-99,0.641
1999,SC,6,E,1,-99,-99,2,-99,-99,0.509,0,-99,-99,0,none,0,0,none,0,0,1.906,1.457,none,-99,3.363
1999,SC,6,E,2,-99,-99,1,-99,-99,0.015,0,-99,-99,0,none,0,0,none,0,0,1.276,0.212,none,-99,1.488
1999,SC,6,E,3,-99,-99,4,-99,-99,0.343,1,-99,-99,0.193,none,0,0,none,0,0,0.399,1.519,none,-99,1.918
1999,SC,6,E,4,-99,-99,5,-99,-99,0.415,2,-99,-99,0.365,none,0,0,none,0,0,1.338,2.692,none,-99,4.03
1999,SC,6,E,5,-99,-99,0,-99,-99,0,2,-99,-99,0.103,none,0,0,none,0,0,0.947,0.859,none,-99,1.806
1999,SC,7,C,1,-99,-99,0,-99,-99,0,0,-99,-99,0,none,0,0,none,0,0,0.383,0,none,-99,0.383
1999,SC,7,C,2,-99,-99,0,-99,-99,0,0,-99,-99,0,POHY,1,0.162,none,0,0,2.771,0.061,none,-99,2.832
1999,SC,7,C,3,-99,-99,0,-99,-99,0,0,-99,-99,0,IVFR,1,0.712,none,0,0,4.089,0.119,none,-99,4.208
1999,SC,7,C,4,-99,-99,0,-99,-99,0,0,-99,-99,0,ATPA4,1,0.023,none,0,0,1.72,0,none,-99,1.72
1999,SC,7,C,5,-99,-99,0,-99,-99,0,0,-99,-99,0,none,0,0,none,0,0,2.559,0,none,-99,2.559
1999,SC,8,A,1,-99,-99,0,-99,-99,0,8,-99,-99,2.51,none,0,0,none,0,0,1.861,7.226,none,-99,9.087
1999,SC,8,A,2,-99,-99,0,-99,-99,0,1,-99,-99,0.124,none,0,0,none,0,0,3.197,7.822,none,-99,11.019
1999,SC,8,A,3,-99,-99,0,-99,-99,0,5,-99,-99,1.274,none,0,0,none,0,0,0.847,1.017,none,-99,1.864
1999,SC,8,A,4,-99,-99,0,-99,-99,0,2,-99,-99,0.341,none,0,0,none,0,0,1.062,2.86,none,-99,3.922
1999,SC,8,A,5,-99,-99,0,-99,-99,0,8,-99,-99,1.651,none,0,0,none,0,0,3.38,4.142,none,-99,7.522
1999,SC,9,E,1,-99,-99,3,-99,-99,0.156,0,-99,-99,0,none,0,0,none,0,0,2.265,0.617,none,-99,2.882
1999,SC,9,E,2,-99,-99,0,-99,-99,0,0,-99,-99,0,none,0,0,none,0,0,5.022,0.504,none,-99,5.526
1999,SC,9,E,3,-99,-99,0,-99,-99,0,0,-99,-99,0,LYLI2,3,0.579,none,0,0,1.785,0.773,none,-99,2.558
1999,SC,9,E,4,-99,-99,0,-99,-99,0,2,-99,-99,0.201,LYLI2,1,0.115,none,0,0,1.966,0.997,none,-99,2.963
1999,SC,9,E,5,-99,-99,1,-99,-99,0.178,0,-99,-99,0,none,0,0,none,0,0,4.42,0.789,none,-99,5.209
1999,SC,10,E,1,-99,-99,2,-99,-99,0.439,0,-99,-99,0,none,0,0,none,0,0,1.745,1.667,none,-99,3.412
1999,SC,10,E,2,-99,-99,2,-99,-99,0.194,3,-99,-99,0.331,LYLI2,1,0.064,none,0,0,1.486,0.778,none,-99,2.264
1999,SC,10,E,3,-99,-99,2,-99,-99,0.843,0,-99,-99,0,none,0,0,none,0,0,0.471,0.11,none,-99,0.581
1999,SC,10,E,4,-99,-99,4,-99,-99,0.306,0,-99,-99,0,LYLI2,1,0.162,none,0,0,1.525,0.362,none,-99,1.887
1999,SC,10,E,5,-99,-99,2,-99,-99,0.089,0,-99,-99,0,none,0,0,none,0,0,1.389,0.508,none,-99,1.897
1999,SC,11,C,1,-99,-99,31,-99,-99,4.039,3,-99,-99,0.476,none,0,0,none,0,0,0.369,2.826,none,-99,3.195
1999,SC,11,C,2,-99,-99,29,-99,-99,3.879,1,-99,-99,0.071,none,0,0,none,0,0,0.217,1.408,none,-99,1.625
1999,SC,11,C,3,-99,-99,23,-99,-99,2.751,5,-99,-99,0.404,none,0,0,none,0,0,0.036,2.832,none,-99,2.868
1999,SC,11,C,4,-99,-99,12,-99,-99,2.162,1,-99,-99,0.095,none,0,0,none,0,0,0,2.656,none,-99,2.656
1999,SC,11,C,5,-99,-99,13,-99,-99,2.061,0,-99,-99,0,none,0,0,none,0,0,0.243,3.626,none,-99,3.869
1999,SC,12,A,1,-99,-99,1,-99,-99,0.214,8,-99,-99,1.62,none,0,0,none,0,0,0.519,6.884,none,-99,7.403
1999,SC,12,A,2,-99,-99,3,-99,-99,0.526,16,-99,-99,2.327,none,0,0,none,0,0,0.242,5.571,none,-99,5.813
1999,SC,12,A,3,-99,-99,0,-99,-99,0,2,-99,-99,0.284,IVFR,1,7.338,none,0,0,0.007,1.216,none,-99,1.223
1999,SC,12,A,4,-99,-99,0,-99,-99,0,7,-99,-99,0.985,none,0,0,none,0,0,0.957,0.349,none,-99,1.306
1999,SC,12,A,5,-99,-99,0,-99,-99,0,2,-99,-99,0.654,none,0,0,none,0,0,0.86,2.328,none,-99,3.188
1999,SC,13,C,1,-99,-99,16,-99,-99,2.546,0,-99,-99,0,none,0,0,none,0,0,1.128,1.198,none,-99,2.326
1999,SC,13,C,2,-99,-99,19,-99,-99,3.3,0,-99,-99,0,none,0,0,none,0,0,1.146,2.217,none,-99,3.363
1999,SC,13,C,3,-99,-99,9,-99,-99,1.876,2,-99,-99,0.468,none,0,0,none,0,0,1.831,0.595,none,-99,2.426
1999,SC,13,C,4,-99,-99,18,-99,-99,2.426,4,-99,-99,0.781,none,0,0,none,0,0,0.451,2.927,none,-99,3.378
1999,SC,13,C,5,-99,-99,7,-99,-99,0.751,0,-99,-99,0,none,0,0,none,0,0,0.172,2.06,none,-99,2.232
1999,SC,14,E,1,-99,-99,0,-99,-99,0,0,-99,-99,0,none,0,0,none,0,0,1.092,1.594,none,-99,2.686
1999,SC,14,E,2,-99,-99,3,-99,-99,0.121,4,-99,-99,0.359,none,0,0,none,0,0,1.783,0.193,none,-99,1.976
1999,SC,14,E,3,-99,-99,1,-99,-99,0.313,1,-99,-99,0.057,none,0,0,none,0,0,3.228,3.113,none,-99,6.341
1999,SC,14,E,4,-99,-99,0,-99,-99,0,2,-99,-99,0.307,none,0,0,none,0,0,1.234,0.471,none,-99,1.705
1999,SC,14,E,5,-99,-99,0,-99,-99,0,4,-99,-99,0.69,none,0,0,none,0,0,0.546,0.698,none,-99,1.244
1999,SC,15,A,1,-99,-99,0,-99,-99,0,2,-99,-99,0.172,POHY,1,0.126,none,0,0,0.237,0.798,none,-99,1.035
1999,SC,15,A,2,-99,-99,0,-99,-99,0,3,-99,-99,0.598,none,0,0,none,0,0,0.297,5.699,none,-99,5.996
1999,SC,15,A,3,-99,-99,0,-99,-99,0,1,-99,-99,0.066,none,0,0,none,0,0,0.247,0.103,none,-99,0.35
1999,SC,15,A,4,-99,-99,0,-99,-99,0,1,-99,-99,0.082,none,0,0,none,0,0,0.605,0.731,none,-99,1.336
1999,SC,15,A,5,-99,-99,0,-99,-99,0,8,-99,-99,2.01,none,0,0,none,0,0,0.337,6.62,none,-99,6.957
1999,MX,1,E,1,-99,-99,13,-99,-99,1.904,5,-99,-99,0.901,none,0,0,none,0,0,0.79,4.415,none,-99,5.205
1999,MX,1,E,2,-99,-99,7,-99,-99,0.64,3,-99,-99,0.095,none,0,0,none,0,0,2.664,2.701,none,-99,5.365
1999,MX,1,E,3,-99,-99,0,-99,-99,0,2,-99,-99,0.32,none,0,0,none,0,0,1.377,0.866,none,-99,2.243
1999,MX,1,E,4,-99,-99,2,-99,-99,0.083,1,-99,-99,0.205,none,0,0,none,0,0,2.433,3.132,none,-99,5.565
1999,MX,1,E,5,-99,-99,6,-99,-99,0.93,0,-99,-99,0,none,0,0,none,0,0,2.96,3.51,none,-99,6.47
1999,MX,2,A,1,-99,-99,10,-99,-99,0.959,9,-99,-99,1.241,none,0,0,none,0,0,0.422,1.817,none,-99,2.239
1999,MX,2,A,2,-99,-99,6,-99,-99,0.996,2,-99,-99,0.548,none,0,0,none,0,0,3.453,3.53,none,-99,6.983
1999,MX,2,A,3,-99,-99,0,-99,-99,0,3,-99,-99,0.677,none,0,0,none,0,0,1.912,2.589,none,-99,4.501
1999,MX,2,A,4,-99,-99,1,-99,-99,0.042,1,-99,-99,0.251,none,0,0,none,0,0,0.309,3.172,none,-99,3.481
1999,MX,2,A,5,-99,-99,0,-99,-99,0,2,-99,-99,0.473,none,0,0,none,0,0,1.257,0.453,none,-99,1.71
1999,MX,3,C,1,-99,-99,10,-99,-99,1.256,0,-99,-99,0,none,0,0,none,0,0,0.539,2.283,none,-99,2.822
1999,MX,3,C,2,-99,-99,12,-99,-99,1.293,1,-99,-99,0.128,none,0,0,none,0,0,0.877,2.45,none,-99,3.327
1999,MX,3,C,3,-99,-99,14,-99,-99,1.783,2,-99,-99,0.32,none,0,0,none,0,0,0.728,0.43,none,-99,1.158
1999,MX,3,C,4,-99,-99,15,-99,-99,1.801,2,-99,-99,0.157,none,0,0,none,0,0,1.294,3.309,none,-99,4.603
1999,MX,3,C,5,-99,-99,11,-99,-99,1.101,0,-99,-99,0,none,0,0,none,0,0,0.424,0.879,none,-99,1.303
1999,MX,4,E,1,-99,-99,1,-99,-99,0.024,1,-99,-99,0.06,none,0,0,none,0,0,2.296,1.809,none,-99,4.105
1999,MX,4,E,2,-99,-99,0,-99,-99,0,0,-99,-99,0,none,0,0,none,0,0,0.897,0.951,none,-99,1.848
1999,MX,4,E,3,-99,-99,0,-99,-99,0,5,-99,-99,1.095,none,0,0,none,0,0,2.207,1.414,none,-99,3.621
1999,MX,4,E,4,-99,-99,0,-99,-99,0,2,-99,-99,0.268,none,0,0,none,0,0,1.994,2.524,none,-99,4.518
1999,MX,4,E,5,-99,-99,5,-99,-99,0.521,0,-99,-99,0,none,0,0,none,0,0,0.838,3.116,none,-99,3.954
1999,MX,5,C,1,-99,-99,21,-99,-99,2.335,0,-99,-99,0,none,0,0,none,0,0,0,0.402,none,-99,0.402
1999,MX,5,C,2,-99,-99,36,-99,-99,4.154,0,-99,-99,0,POHY,1,0.019,none,0,0,0.253,4.204,none,-99,4.457
1999,MX,5,C,3,-99,-99,12,-99,-99,0.783,0,-99,-99,0,none,0,0,none,0,0,0.323,0.356,none,-99,0.679
1999,MX,5,C,4,-99,-99,24,-99,-99,2.219,0,-99,-99,0,none,0,0,none,0,0,0.079,1.554,none,-99,1.633
1999,MX,5,C,5,-99,-99,16,-99,-99,1.063,0,-99,-99,0,none,0,0,none,0,0,0,0.297,none,-99,0.297
1999,MX,6,A,1,-99,-99,2,-99,-99,0.189,4,-99,-99,0.587,none,0,0,none,0,0,1.818,3.495,none,-99,5.313
1999,MX,6,A,2,-99,-99,5,-99,-99,0.83,1,-99,-99,0.157,none,0,0,none,0,0,0.875,1.052,none,-99,1.927
1999,MX,6,A,3,-99,-99,4,-99,-99,0.64,2,-99,-99,0.139,none,0,0,none,0,0,2.849,3.244,none,-99,6.093
1999,MX,6,A,4,-99,-99,0,-99,-99,0,3,-99,-99,0.501,none,0,0,none,0,0,0.27,1.948,none,-99,2.218
1999,MX,6,A,5,-99,-99,2,-99,-99,0.243,1,-99,-99,0.06,none,0,0,none,0,0,0.815,1.253,none,-99,2.068
1999,MX,7,C,1,-99,-99,11,-99,-99,1.144,1,-99,-99,0.124,none,0,0,none,0,0,1.629,1.647,none,-99,3.276
1999,MX,7,C,2,-99,-99,0,-99,-99,0,3,-99,-99,0.392,POHY,1,0.015,none,0,0,0.812,4.234,none,-99,5.046
1999,MX,7,C,3,-99,-99,5,-99,-99,0.503,12,-99,-99,1.579,none,0,0,none,0,0,0.076,1.236,none,-99,1.312
1999,MX,7,C,4,-99,-99,0,-99,-99,0,1,-99,-99,0.066,ATPA4,1,0.086,none,0,0,0.995,0.636,none,-99,1.631
1999,MX,7,C,5,-99,-99,0,-99,-99,0,9,-99,-99,1.594,none,0,0,none,0,0,0,0.92,none,-99,0.92
1999,MX,8,E,1,-99,-99,3,-99,-99,0.413,2,-99,-99,0.273,none,0,0,none,0,0,1.809,2.52,none,-99,4.329
1999,MX,8,E,2,-99,-99,10,-99,-99,1.69,12,-99,-99,1.152,none,0,0,none,0,0,0.162,1.183,none,-99,1.345
1999,MX,8,E,3,-99,-99,1,-99,-99,0.047,3,-99,-99,0.28,none,0,0,none,0,0,0.262,0.821,none,-99,1.083
1999,MX,8,E,4,-99,-99,3,-99,-99,0.638,2,-99,-99,0.298,none,0,0,none,0,0,0.564,1.197,none,-99,1.761
1999,MX,8,E,5,-99,-99,7,-99,-99,1.295,2,-99,-99,0.277,none,0,0,none,0,0,1.141,2.802,none,-99,3.943
1999,MX,9,A,1,-99,-99,2,-99,-99,0.508,1,-99,-99,0.131,none,0,0,none,0,0,1.363,0.39,none,-99,1.753
1999,MX,9,A,2,-99,-99,0,-99,-99,0,3,-99,-99,0.579,none,0,0,none,0,0,0.939,9.017,none,-99,9.956
1999,MX,9,A,3,-99,-99,0,-99,-99,0,3,-99,-99,0.432,none,0,0,none,0,0,1.066,1.322,none,-99,2.388
1999,MX,9,A,4,-99,-99,3,-99,-99,0.474,7,-99,-99,0.821,POHY,1,0.016,none,0,0,2.742,1.15,none,-99,3.892
1999,MX,9,A,5,-99,-99,2,-99,-99,0.086,0,-99,-99,0,POHY,1,0.004,none,0,0,1.2,2.993,none,-99,4.193
1999,MX,10,C,1,-99,-99,11,-99,-99,1.215,0,-99,-99,0,POHY,1,0.004,none,0,0,0.629,1.714,none,-99,2.343
1999,MX,10,C,2,-99,-99,23,-99,-99,2.916,1,-99,-99,0.121,none,0,0,none,0,0,0.685,1.638,none,-99,2.323
1999,MX,10,C,3,-99,-99,16,-99,-99,1.841,3,-99,-99,0.605,none,0,0,none,0,0,0.136,0.589,none,-99,0.725
1999,MX,10,C,4,-99,-99,12,-99,-99,1.773,0,-99,-99,0,none,0,0,none,0,0,0.396,1.108,none,-99,1.504
1999,MX,10,C,5,-99,-99,9,-99,-99,0.992,0,-99,-99,0,none,0,0,none,0,0,0.188,0.462,none,-99,0.65
1999,MX,11,E,1,-99,-99,4,-99,-99,0.525,3,-99,-99,0.417,none,0,0,none,0,0,1.002,2.631,none,-99,3.633
1999,MX,11,E,2,-99,-99,4,-99,-99,0.669,0,-99,-99,0,none,0,0,none,0,0,1.961,1.128,none,-99,3.089
1999,MX,11,E,3,-99,-99,4,-99,-99,0.381,0,-99,-99,0,none,0,0,none,0,0,2.404,0.409,none,-99,2.813
1999,MX,11,E,4,-99,-99,1,-99,-99,0.165,0,-99,-99,0,none,0,0,none,0,0,1.25,1.121,none,-99,2.371
1999,MX,11,E,5,-99,-99,8,-99,-99,1.176,0,-99,-99,0,none,0,0,none,0,0,1.529,2.306,none,-99,3.835
1999,MX,12,A,1,-99,-99,14,-99,-99,1.185,3,-99,-99,0.243,none,0,0,none,0,0,0.495,3.161,none,-99,3.656
1999,MX,12,A,2,-99,-99,4,-99,-99,0.175,5,-99,-99,0.54,none,0,0,none,0,0,0.839,0.267,none,-99,1.106
1999,MX,12,A,3,-99,-99,1,-99,-99,0.031,3,-99,-99,0.337,none,0,0,none,0,0,1.344,0.428,none,-99,1.772
1999,MX,12,A,4,-99,-99,0,-99,-99,0,0,-99,-99,0,none,0,0,none,0,0,0.653,0.166,none,-99,0.819
1999,MX,12,A,5,-99,-99,6,-99,-99,0.597,1,-99,-99,0.113,none,0,0,none,0,0,1.191,1.615,none,-99,2.806
1999,MX,13,E,1,-99,-99,11,-99,-99,1.341,1,-99,-99,0.206,none,0,0,none,0,0,1.534,1.387,none,-99,2.921
1999,MX,13,E,2,-99,-99,6,-99,-99,0.839,0,-99,-99,0,none,0,0,none,0,0,3.13,2.057,none,-99,5.187
1999,MX,13,E,3,-99,-99,1,-99,-99,0.156,0,-99,-99,0,none,0,0,none,0,0,1.618,0.707,none,-99,2.325
1999,MX,13,E,4,-99,-99,0,-99,-99,0,0,-99,-99,0,none,0,0,none,0,0,1.252,4.146,none,-99,5.398
1999,MX,13,E,5,-99,-99,5,-99,-99,0.431,0,-99,-99,0,none,0,0,none,0,0,1.703,1.386,none,-99,3.089
1999,MX,14,C,1,-99,-99,7,-99,-99,0.792,2,-99,-99,0.338,none,0,0,none,0,0,0.46,7.211,none,-99,7.671
1999,MX,14,C,2,-99,-99,3,-99,-99,0.275,10,-99,-99,1.333,POHY,1,0.007,none,0,0,0.597,1.395,none,-99,1.992
1999,MX,14,C,3,-99,-99,23,-99,-99,2.476,0,-99,-99,0,none,0,0,none,0,0,0,0.058,none,-99,0.058
1999,MX,14,C,4,-99,-99,7,-99,-99,0.62,1,-99,-99,0.079,none,0,0,none,0,0,0.163,0.897,none,-99,1.06
1999,MX,14,C,5,-99,-99,10,-99,-99,1.326,0,-99,-99,0,none,0,0,none,0,0,0.074,3.589,none,-99,3.663
1999,MX,15,A,1,-99,-99,0,-99,-99,0,3,-99,-99,0.726,none,0,0,none,0,0,0.621,1.865,none,-99,2.486
1999,MX,15,A,2,-99,-99,0,-99,-99,0,2,-99,-99,0.476,none,0,0,none,0,0,0.453,5.045,none,-99,5.498
1999,MX,15,A,3,-99,-99,1,-99,-99,0.026,1,-99,-99,0.413,none,0,0,none,0,0,0.65,1.818,none,-99,2.468
1999,MX,15,A,4,-99,-99,1,-99,-99,0.152,1,-99,-99,0.025,none,0,0,none,0,0,0.401,1.228,none,-99,1.629
1999,MX,15,A,5,-99,-99,3,-99,-99,0.423,0,-99,-99,0,none,0,0,none,0,0,0.603,2.128,none,-99,2.731
2000,SP,1,E,1,-99,-99,8,-99,-99,0.999,0,-99,-99,0,POHY,1,0.001,none,0,0,0.36,0.684,none,-99,1.044
2000,SP,1,E,2,-99,-99,2,-99,-99,0.79,0,-99,-99,0,none,0,0,none,0,0,0,0.994,none,-99,0.994
2000,SP,1,E,3,-99,-99,1,-99,-99,0.282,0,-99,-99,0,none,0,0,none,0,0,0.583,1.623,none,-99,2.206
2000,SP,1,E,4,-99,-99,1,-99,-99,0.14,0,-99,-99,0,none,0,0,none,0,0,0.393,1.464,none,-99,1.857
2000,SP,1,E,5,-99,-99,4,-99,-99,0.702,0,-99,-99,0,none,0,0,none,0,0,0.029,3.595,none,-99,3.624
2000,SP,2,A,1,-99,-99,9,-99,-99,1.879,0,-99,-99,0,none,0,0,none,0,0,0,8.246,none,-99,8.246
2000,SP,2,A,2,-99,-99,0,-99,-99,0.018,0,-99,-99,0,none,0,0,none,0,0,0,2.597,none,-99,2.597
2000,SP,2,A,3,-99,-99,14,-99,-99,3.165,0,-99,-99,0,none,0,0,none,0,0,0,2.139,none,-99,2.139
2000,SP,2,A,4,-99,-99,5,-99,-99,0.844,0,-99,-99,0,none,0,0,none,0,0,0,2.715,none,-99,2.715
2000,SP,2,A,5,-99,-99,0,-99,-99,0.022,0,-99,-99,0,none,0,0,none,0,0,0,0.863,none,-99,0.863
2000,SP,3,C,1,-99,-99,7,-99,-99,1.166,0,-99,-99,0,none,0,0,none,0,0,0,1.33,none,-99,1.33
2000,SP,3,C,2,-99,-99,6,-99,-99,0.674,0,-99,-99,0,none,0,0,none,0,0,0,0.699,none,-99,0.699
2000,SP,3,C,3,-99,-99,18,-99,-99,3.264,0,-99,-99,0,none,0,0,none,0,0,0,2.147,none,-99,2.147
2000,SP,3,C,4,-99,-99,11,-99,-99,1.732,0,-99,-99,0,none,0,0,none,0,0,0,2.8,none,-99,2.8
2000,SP,3,C,5,-99,-99,20,-99,-99,3.504,0,-99,-99,0,none,0,0,none,0,0,0,0.2,none,-99,0.2
2000,SP,4,E,1,-99,-99,7,-99,-99,1.174,0,-99,-99,0,none,0,0,none,0,0,0,4.885,none,-99,4.885
2000,SP,4,E,2,-99,-99,19,-99,-99,3.371,0,-99,-99,0,none,0,0,none,0,0,0,0.778,none,-99,0.778
2000,SP,4,E,3,-99,-99,4,-99,-99,0.935,0,-99,-99,0,none,0,0,none,0,0,0,3.82,none,-99,3.82
2000,SP,4,E,4,-99,-99,0,-99,-99,0,0,-99,-99,0,none,0,0,none,0,0,0,8.567,none,-99,8.567
2000,SP,4,E,5,-99,-99,8,-99,-99,2.24,0,-99,-99,0,none,0,0,none,0,0,0,0.712,none,-99,0.712
2000,SP,5,A,1,-99,-99,14,-99,-99,1.468,0,-99,-99,0,none,0,0,none,0,0,0,4.153,none,-99,4.153
2000,SP,5,A,2,-99,-99,11,-99,-99,2.424,0,-99,-99,0,none,0,0,none,0,0,0,1.656,none,-99,1.656
2000,SP,5,A,3,-99,-99,1,-99,-99,0.033,0,-99,-99,0,none,0,0,none,0,0,0,2.664,none,-99,2.664
2000,SP,5,A,4,-99,-99,5,-99,-99,0.481,0,-99,-99,0,none,0,0,none,0,0,0,3.643,none,-99,3.643
2000,SP,5,A,5,-99,-99,13,-99,-99,2.885,0,-99,-99,0,none,0,0,none,0,0,0,3.957,none,-99,3.957
2000,SP,6,C,1,-99,-99,4,-99,-99,0.357,0,-99,-99,0,none,0,0,none,0,0,0,0.418,none,-99,0.418
2000,SP,6,C,2,-99,-99,14,-99,-99,2.148,0,-99,-99,0,none,0,0,none,0,0,0,2.008,none,-99,2.008
2000,SP,6,C,3,-99,-99,2,-99,-99,0.3,0,-99,-99,0,none,0,0,none,0,0,0,0.958,none,-99,0.958
2000,SP,6,C,4,-99,-99,22,-99,-99,3.15,0,-99,-99,0,POHY,2,0.002,none,0,0,0,1.46,none,-99,1.46
2000,SP,6,C,5,-99,-99,7,-99,-99,1.687,0,-99,-99,0,none,0,0,none,0,0,0,3.312,none,-99,3.312
2000,SP,7,C,1,-99,-99,13,-99,-99,1.543,0,-99,-99,0,none,0,0,none,0,0,0,1.735,none,-99,1.735
2000,SP,7,C,2,-99,-99,11,-99,-99,1.648,0,-99,-99,0,none,0,0,none,0,0,0,0.975,none,-99,0.975
2000,SP,7,C,3,-99,-99,23,-99,-99,3.266,0,-99,-99,0,none,0,0,none,0,0,0,1.806,none,-99,1.806
2000,SP,7,C,4,-99,-99,9,-99,-99,0.782,0,-99,-99,0,none,0,0,none,0,0,0,2.061,none,-99,2.061
2000,SP,7,C,5,-99,-99,22,-99,-99,3.19,0,-99,-99,0,none,0,0,none,0,0,0,0.821,none,-99,0.821
2000,SP,8,E,1,-99,-99,6,-99,-99,0.918,0,-99,-99,0,none,0,0,none,0,0,0,1.153,none,-99,1.153
2000,SP,8,E,2,-99,-99,22,-99,-99,3.254,0,-99,-99,0,none,0,0,none,0,0,0,2.402,none,-99,2.402
2000,SP,8,E,3,-99,-99,11,-99,-99,0.978,0,-99,-99,0,none,0,0,none,0,0,0,5.276,none,-99,5.276
2000,SP,8,E,4,-99,-99,7,-99,-99,0.357,0,-99,-99,0,none,0,0,none,0,0,0,6.827,none,-99,6.827
2000,SP,8,E,5,-99,-99,3,-99,-99,0.646,0,-99,-99,0,none,0,0,none,0,0,0,1.718,none,-99,1.718
2000,SP,9,A,1,-99,-99,19,-99,-99,3.744,0,-99,-99,0,none,0,0,none,0,0,0,6.854,none,-99,6.854
2000,SP,9,A,2,-99,-99,21,-99,-99,3.344,0,-99,-99,0,none,0,0,none,0,0,0,2.412,none,-99,2.412
2000,SP,9,A,3,-99,-99,1,-99,-99,0.302,0,-99,-99,0,none,0,0,none,0,0,0,2.575,none,-99,2.575
2000,SP,9,A,4,-99,-99,2,-99,-99,0.508,0,-99,-99,0,none,0,0,none,0,0,0,2.183,none,-99,2.183
2000,SP,9,A,5,-99,-99,6,-99,-99,1.688,0,-99,-99,0,none,0,0,none,0,0,0,2.873,none,-99,2.873
2000,SP,10,E,1,-99,-99,11,-99,-99,2.235,0,-99,-99,0,none,0,0,none,0,0,0,1.67,none,-99,1.67
2000,SP,10,E,2,-99,-99,3,-99,-99,0.379,0,-99,-99,0,none,0,0,none,0,0,0,1.376,none,-99,1.376
2000,SP,10,E,3,-99,-99,6,-99,-99,1.38,0,-99,-99,0,none,0,0,none,0,0,0,3.398,none,-99,3.398
2000,SP,10,E,4,-99,-99,18,-99,-99,3.02,0,-99,-99,0,none,0,0,none,0,0,0,3.729,none,-99,3.729
2000,SP,10,E,5,-99,-99,14,-99,-99,1.72,0,-99,-99,0,none,0,0,none,0,0,0,1.879,none,-99,1.879
2000,SP,11,A,1,-99,-99,7,-99,-99,0.426,0,-99,-99,0,POHY,1,0.018,none,0,0,0,1.983,none,-99,1.983
2000,SP,11,A,2,-99,-99,2,-99,-99,0.018,0,-99,-99,0,none,0,0,none,0,0,0,0.615,none,-99,0.615
2000,SP,11,A,3,-99,-99,0,-99,-99,0,0,-99,-99,0,none,0,0,none,0,0,0,8.723,none,-99,8.723
2000,SP,11,A,4,-99,-99,1,-99,-99,0.036,0,-99,-99,0,none,0,0,none,0,0,0,1.133,none,-99,1.133
2000,SP,11,A,5,-99,-99,0,-99,-99,0,8,-99,-99,1.263,none,0,0,none,0,0,0,2.468,none,-99,2.468
2000,SP,12,C,1,-99,-99,16,-99,-99,2.737,0,-99,-99,0,none,0,0,none,0,0,0,5.826,none,-99,5.826
2000,SP,12,C,2,-99,-99,26,-99,-99,3.555,0,-99,-99,0,none,0,0,none,0,0,0,2.476,none,-99,2.476
2000,SP,12,C,3,-99,-99,12,-99,-99,1.562,0,-99,-99,0,none,0,0,none,0,0,0,1.864,none,-99,1.864
2000,SP,12,C,4,-99,-99,11,-99,-99,1.536,0,-99,-99,0,none,0,0,none,0,0,0,2.149,none,-99,2.149
2000,SP,12,C,5,-99,-99,10,-99,-99,1.214,0,-99,-99,0,none,0,0,none,0,0,0,0.957,none,-99,0.957
2000,SP,13,A,1,-99,-99,7,-99,-99,1.553,0,-99,-99,0,none,0,0,none,0,0,0,1.588,none,-99,1.588
2000,SP,13,A,2,-99,-99,11,-99,-99,1.437,0,-99,-99,0,none,0,0,none,0,0,0,1.147,none,-99,1.147
2000,SP,13,A,3,-99,-99,5,-99,-99,0.787,0,-99,-99,0,none,0,0,none,0,0,0,3.511,none,-99,3.511
2000,SP,13,A,4,-99,-99,3,-99,-99,0.375,0,-99,-99,0,none,0,0,none,0,0,0,2.257,none,-99,2.257
2000,SP,13,A,5,-99,-99,17,-99,-99,3.16,0,-99,-99,0,none,0,0,none,0,0,0,1.983,none,-99,1.983
2000,SP,14,E,1,-99,-99,10,-99,-99,0.711,0,-99,-99,0,none,0,0,none,0,0,0,0.28,none,-99,0.28
2000,SP,14,E,2,-99,-99,9,-99,-99,2.197,0,-99,-99,0,none,0,0,none,0,0,0,3.384,none,-99,3.384
2000,SP,14,E,3,-99,-99,4,-99,-99,0.522,0,-99,-99,0,POHY,2,2.793,none,0,0,0,0.305,none,-99,0.305
2000,SP,14,E,4,-99,-99,15,-99,-99,2.253,0,-99,-99,0,none,0,0,none,0,0,0,1.535,none,-99,1.535
2000,SP,14,E,5,-99,-99,0,-99,-99,0,0,-99,-99,0,none,0,0,none,0,0,0,1.515,none,-99,1.515
2000,SP,15,C,1,-99,-99,11,-99,-99,1.044,0,-99,-99,0,none,0,0,none,0,0,0,2.72,none,-99,2.72
2000,SP,15,C,2,-99,-99,6,-99,-99,0.49,0,-99,-99,0,none,0,0,none,0,0,0,1.71,none,-99,1.71
2000,SP,15,C,3,-99,-99,14,-99,-99,1.464,0,-99,-99,0,none,0,0,none,0,0,0,1.337,none,-99,1.337
2000,SP,15,C,4,-99,-99,4,-99,-99,0.757,0,-99,-99,0,none,0,0,none,0,0,0,0.354,none,-99,0.354
2000,SP,15,C,5,-99,-99,11,-99,-99,1.649,0,-99,-99,0,none,0,0,none,0,0,0,1.89,none,-99,1.89
2000,SC,1,E,1,-99,-99,2,-99,-99,0.128,0,-99,-99,0,none,0,0,none,0,0,2.14,0.497,none,-99,2.637
2000,SC,1,E,2,-99,-99,0,-99,-99,0,0,-99,-99,0,none,0,0,none,0,0,1.562,0.145,none,-99,1.707
2000,SC,1,E,3,-99,-99,0,-99,-99,0,0,-99,-99,0,none,0,0,none,0,0,1.702,0.203,none,-99,1.905
2000,SC,1,E,4,-99,-99,0,-99,-99,0,4,-99,-99,0.602,none,0,0,none,0,0,0.893,1.542,none,-99,2.435
2000,SC,1,E,5,-99,-99,2,-99,-99,0.164,2,-99,-99,0.274,none,0,0,none,0,0,0.753,0.323,none,-99,1.076
2000,SC,2,A,1,-99,-99,0,-99,-99,0,0,-99,-99,0,none,0,0,none,0,0,0.195,1.146,none,-99,1.341
2000,SC,2,A,2,-99,-99,2,-99,-99,0.48,0,-99,-99,0,none,0,0,none,0,0,0.442,0.686,none,-99,1.128
2000,SC,2,A,3,-99,-99,6,-99,-99,1.586,0,-99,-99,0,none,0,0,none,0,0,0.538,0.252,none,-99,0.79
2000,SC,2,A,4,-99,-99,22,-99,-99,2.946,0,-99,-99,0,none,0,0,none,0,0,1.537,0.897,none,-99,2.434
2000,SC,2,A,5,-99,-99,4,-99,-99,0.459,0,-99,-99,0,none,0,0,none,0,0,0.156,2.416,none,-99,2.572
2000,SC,3,C,1,-99,-99,3,-99,-99,0.147,0,-99,-99,0,none,0,0,none,0,0,0.53,1.533,none,-99,2.063
2000,SC,3,C,2,-99,-99,3,-99,-99,0.313,0,-99,-99,0,none,0,0,none,0,0,1.487,0.115,none,-99,1.602
2000,SC,3,C,3,-99,-99,0,-99,-99,0,0,-99,-99,0,none,0,0,none,0,0,0.73,0,none,-99,0.73
2000,SC,3,C,4,-99,-99,2,-99,-99,0.174,0,-99,-99,0,ATPA4,1,0.341,none,0,0,0.51,0.188,none,-99,0.698
2000,SC,3,C,5,-99,-99,3,-99,-99,1.001,0,-99,-99,0,none,0,0,none,0,0,1.231,0,none,-99,1.231
2000,SC,4,A,1,-99,-99,2,-99,-99,0.508,4,-99,-99,0.544,none,0,0,none,0,0,1.586,0.741,none,-99,2.327
2000,SC,4,A,2,-99,-99,0,-99,-99,0,0,-99,-99,0,none,0,0,none,0,0,0.536,1.127,none,-99,1.663
2000,SC,4,A,3,-99,-99,0,-99,-99,0,4,-99,-99,0.437,none,0,0,none,0,0,0.473,0.463,none,-99,0.936
2000,SC,4,A,4,-99,-99,0,-99,-99,0,0,-99,-99,0,ATPA4,1,0.012,none,0,0,0.753,0.274,none,-99,1.027
2000,SC,4,A,5,-99,-99,0,-99,-99,0,3,-99,-99,0.354,none,0,0,none,0,0,0.063,0.455,none,-99,0.523
2000,SC,5,C,1,-99,-99,3,-99,-99,0.531,3,-99,-99,0.345,ATPA4,1,0.011,none,0,0,0.421,0.415,none,-99,0.836
2000,SC,5,C,2,-99,-99,6,-99,-99,0.689,0,-99,-99,0,POHY,3,0.271,IVFR,1,0.113,0.549,0.175,none,-99,0.724
2000,SC,5,C,3,-99,-99,7,-99,-99,0.926,9,-99,-99,0.558,POHY,1,0.016,none,0,0,0.737,0.05,none,-99,0.787
2000,SC,5,C,4,-99,-99,4,-99,-99,0.533,0,-99,-99,0,ATPA4,2,0.009,none,0,0,1.048,0.196,none,-99,1.244
2000,SC,5,C,5,-99,-99,2,-99,-99,0.181,0,-99,-99,0,POHY,1,0.015,none,0,0,0.33,0.123,none,-99,0.453
2000,SC,6,E,1,-99,-99,0,-99,-99,0,1,-99,-99,0.106,none,0,0,none,0,0,0,0,none,-99,0
2000,SC,6,E,2,-99,-99,2,-99,-99,0.21,7,-99,-99,1.021,none,0,0,none,0,0,0,0,none,-99,0
2000,SC,6,E,3,-99,-99,2,-99,-99,0.25,2,-99,-99,0.788,none,0,0,none,0,0,0,0,none,-99,0
2000,SC,6,E,4,-99,-99,3,-99,-99,0.349,0,-99,-99,0,none,0,0,none,0,0,0,0,none,-99,0
2000,SC,6,E,5,-99,-99,0,-99,-99,0,1,-99,-99,0.308,none,0,0,none,0,0,0,0,none,-99,0
2000,SC,7,C,1,-99,-99,0,-99,-99,0,1,-99,-99,0.07,ATPA4,1,-99,none,0,0,0.785,0.176,none,-99,0.961
2000,SC,7,C,2,-99,-99,0,-99,-99,0,0,-99,-99,0,none,0,0,none,0,0,0.155,0.024,none,-99,0.179
2000,SC,7,C,3,-99,-99,0,-99,-99,0,0,-99,-99,0,none,0,0,none,0,0,0.168,0,none,-99,0.168
2000,SC,7,C,4,-99,-99,0,-99,-99,0,2,-99,-99,0.297,ATPA4,1,0.042,none,0,0,0.028,0.251,none,-99,0.279
2000,SC,7,C,5,-99,-99,0,-99,-99,0,2,-99,-99,0.342,none,0,0,none,0,0,2.584,0.198,none,-99,2.782
2000,SC,8,A,1,-99,-99,0,-99,-99,0,4,-99,-99,0.653,none,0,0,none,0,0,1.025,1.274,none,-99,2.299
2000,SC,8,A,2,-99,-99,0,-99,-99,0,1,-99,-99,0.414,none,0,0,none,0,0,1.224,1.154,none,-99,2.378
2000,SC,8,A,3,-99,-99,1,-99,-99,0.046,4,-99,-99,0.411,none,0,0,none,0,0,0.195,8.709,none,-99,8.904
2000,SC,8,A,4,-99,-99,0,-99,-99,0,4,-99,-99,0.625,none,0,0,none,0,0,1.694,2.512,none,-99,4.206
2000,SC,8,A,5,-99,-99,0,-99,-99,0,7,-99,-99,1.802,none,0,0,none,0,0,0.02,0.532,none,-99,0.552
2000,SC,9,E,1,-99,-99,0,-99,-99,0,0,-99,-99,0,POHY,1,0.248,none,0,0,1.64,0.901,none,-99,2.541
2000,SC,9,E,2,-99,-99,0,-99,-99,0,2,-99,-99,0.224,none,0,0,none,0,0,1.194,0.081,none,-99,1.275
2000,SC,9,E,3,-99,-99,0,-99,-99,0,2,-99,-99,0.319,none,0,0,none,0,0,0.392,0,none,-99,0.392
2000,SC,9,E,4,-99,-99,0,-99,-99,0,0,-99,-99,0,none,0,0,none,0,0,1.019,0.685,none,-99,1.704
2000,SC,9,E,5,-99,-99,0,-99,-99,0,3,-99,-99,0.655,none,0,0,none,0,0,1.096,0.303,none,-99,1.399
2000,SC,10,E,1,-99,-99,4,-99,-99,0.727,1,-99,-99,0.08,none,0,0,none,0,0,0.846,1.332,none,-99,2.178
2000,SC,10,E,2,-99,-99,3,-99,-99,0.633,0,-99,-99,0,none,0,0,none,0,0,0.022,0.047,none,-99,0.069
2000,SC,10,E,3,-99,-99,0,-99,-99,0,0,-99,-99,0,none,0,0,none,0,0,0.32,0.014,none,-99,0.334
2000,SC,10,E,4,-99,-99,3,-99,-99,0.763,0,-99,-99,0,none,0,0,none,0,0,0.227,0.43,none,-99,0.657
2000,SC,10,E,5,-99,-99,0,-99,-99,0,2,-99,-99,0.163,none,0,0,none,0,0,0.282,0.346,none,-99,0.628
2000,SC,11,C,1,-99,-99,10,-99,-99,2.129,0,-99,-99,0,none,0,0,none,0,0,0.423,0.243,none,-99,0.666
2000,SC,11,C,2,-99,-99,5,-99,-99,0.687,0,-99,-99,0,none,0,0,none,0,0,0.345,2.039,none,-99,2.384
2000,SC,11,C,3,-99,-99,3,-99,-99,0.436,1,-99,-99,0.035,none,0,0,none,0,0,0.989,0.474,none,-99,1.463
2000,SC,11,C,4,-99,-99,12,-99,-99,1.749,3,-99,-99,0.118,none,0,0,none,0,0,0.574,0.246,none,-99,0.82
2000,SC,11,C,5,-99,-99,17,-99,-99,4.509,1,-99,-99,0.031,none,0,0,none,0,0,0.67,0.495,none,-99,1.165
2000,SC,12,A,1,-99,-99,7,-99,-99,1.001,15,-99,-99,1.774,SPAL,1,1.025,none,0,0,1.422,7.028,none,-99,8.45
2000,SC,12,A,2,-99,-99,9,-99,-99,1.274,19,-99,-99,3.103,none,0,0,none,0,0,0.108,5.438,none,-99,5.546
2000,SC,12,A,3,-99,-99,0,-99,-99,0,8,-99,-99,1.308,none,0,0,none,0,0,0,1.025,none,-99,1.025
2000,SC,12,A,4,-99,-99,0,-99,-99,0,14,-99,-99,2.058,IVFR,1,2.911,none,0,0,0,3.742,none,-99,3.742
2000,SC,12,A,5,-99,-99,0,-99,-99,0,10,-99,-99,1.316,none,0,0,none,0,0,0,3.485,none,-99,3.485
2000,SC,13,C,1,-99,-99,44,-99,-99,6.465,2,-99,-99,0.104,POHY,2,0.032,none,0,0,0,0,none,-99,0
2000,SC,13,C,2,-99,-99,10,-99,-99,2.104,0,-99,-99,0,none,0,0,none,0,0,0,0,none,-99,0
2000,SC,13,C,3,-99,-99,23,-99,-99,5.16,0,-99,-99,0,none,0,0,none,0,0,0,0,none,-99,0
2000,SC,13,C,4,-99,-99,9,-99,-99,1.477,2,-99,-99,0.248,none,0,0,none,0,0,0,0,none,-99,0
2000,SC,13,C,5,-99,-99,7,-99,-99,1.34,0,-99,-99,0,none,0,0,none,0,0,0,0,none,-99,0
2000,SC,14,E,1,-99,-99,1,-99,-99,0.028,1,-99,-99,0.101,none,0,0,none,0,0,0.336,0.177,none,-99,0.513
2000,SC,14,E,2,-99,-99,1,-99,-99,0.014,9,-99,-99,0.819,none,0,0,none,0,0,0.771,0.45,none,-99,1.221
2000,SC,14,E,3,-99,-99,0,-99,-99,0,8,-99,-99,0.658,none,0,0,none,0,0,0.44,1.201,none,-99,1.641
2000,SC,14,E,4,-99,-99,0,-99,-99,0,1,-99,-99,0.093,none,0,0,none,0,0,0.35,0.212,none,-99,0.562
2000,SC,14,E,5,-99,-99,1,-99,-99,0.107,8,-99,-99,0.669,none,0,0,none,0,0,0.14,0.835,none,-99,0.975
2000,SC,15,A,1,-99,-99,0,-99,-99,0,9,-99,-99,0.961,none,0,0,none,0,0,0.15,0.143,none,-99,0.293
2000,SC,15,A,2,-99,-99,0,-99,-99,0,13,-99,-99,2.261,none,0,0,none,0,0,0.209,1.702,none,-99,1.911
2000,SC,15,A,3,-99,-99,0,-99,-99,0,8,-99,-99,1.466,none,0,0,none,0,0,0.116,2.82,none,-99,2.936
2000,SC,15,A,4,-99,-99,0,-99,-99,0,5,-99,-99,0.695,POHY,1,0.006,none,0,0,0.127,2.176,none,-99,2.303
2000,SC,15,A,5,-99,-99,0,-99,-99,0,11,-99,-99,1.774,none,0,0,none,0,0,0,1.244,none,-99,1.244
2000,MX,1,E,1,-99,-99,3,-99,-99,0.259,12,-99,-99,1,POHY,1,0.001,none,0,0,0.282,2.021,none,-99,2.303
2000,MX,1,E,2,-99,-99,6,-99,-99,0.861,5,-99,-99,0.665,none,0,0,none,0,0,0.224,2.379,none,-99,2.603
2000,MX,1,E,3,-99,-99,0,-99,-99,0,1,-99,-99,0.24,none,0,0,none,0,0,1.342,2.15,none,-99,3.492
2000,MX,1,E,4,-99,-99,1,-99,-99,0.114,3,-99,-99,0.214,none,0,0,none,0,0,0.971,2.702,none,-99,3.673
2000,MX,1,E,5,-99,-99,0,-99,-99,0,2,-99,-99,0.253,none,0,0,none,0,0,2.206,1.382,none,-99,3.588
2000,MX,2,A,1,-99,-99,3,-99,-99,0.327,6,-99,-99,0.636,none,0,0,none,0,0,0.406,0.622,none,-99,1.028
2000,MX,2,A,2,-99,-99,7,-99,-99,1.218,3,-99,-99,0.359,none,0,0,none,0,0,0.616,1.598,none,-99,2.214
2000,MX,2,A,3,-99,-99,0,-99,-99,0,1,-99,-99,0.234,none,0,0,none,0,0,0.605,0.982,none,-99,1.587
2000,MX,2,A,4,-99,-99,0,-99,-99,0,7,-99,-99,0.592,none,0,0,none,0,0,0.262,0.98,none,-99,1.242
2000,MX,2,A,5,-99,-99,5,-99,-99,0.664,0,-99,-99,0,none,0,0,none,0,0,0.555,2.82,none,-99,3.375
2000,MX,3,C,1,-99,-99,9,-99,-99,1.93,0,-99,-99,0,none,0,0,none,0,0,0.11,0.571,none,-99,0.681
2000,MX,3,C,2,-99,-99,6,-99,-99,0.838,0,-99,-99,0,none,0,0,none,0,0,0.513,0.25,none,-99,0.763
2000,MX,3,C,3,-99,-99,8,-99,-99,1.13,4,-99,-99,0.599,none,0,0,none,0,0,0.107,0.648,none,-99,0.755
2000,MX,3,C,4,-99,-99,4,-99,-99,0.616,0,-99,-99,0,none,0,0,none,0,0,0.384,0.456,none,-99,0.84
2000,MX,3,C,5,-99,-99,14,-99,-99,1.869,0,-99,-99,0,POHY,1,0.055,none,0,0,0.102,0.058,none,-99,0.16
2000,MX,4,E,1,-99,-99,3,-99,-99,0.769,0,-99,-99,0,none,0,0,none,0,0,1.615,4.8,none,-99,6.415
2000,MX,4,E,2,-99,-99,0,-99,-99,0,4,-99,-99,0.57,none,0,0,none,0,0,0.413,0.81,none,-99,1.223
2000,MX,4,E,3,-99,-99,0,-99,-99,0,2,-99,-99,0.164,none,0,0,none,0,0,0.567,1.113,none,-99,1.68
2000,MX,4,E,4,-99,-99,0,-99,-99,0,3,-99,-99,0.506,none,0,0,none,0,0,0.966,1.717,none,-99,2.683
2000,MX,4,E,5,-99,-99,0,-99,-99,0,-99,-99,-99,0.479,none,0,0,none,0,0,0.202,2.324,none,-99,2.526
2000,MX,5,C,1,-99,-99,8,-99,-99,1.716,2,-99,-99,0.446,none,0,0,none,0,0,0.744,1.703,none,-99,2.447
2000,MX,5,C,2,-99,-99,8,-99,-99,1.117,1,-99,-99,0.173,none,0,0,none,0,0,0.142,0.138,none,-99,0.28
2000,MX,5,C,3,-99,-99,17,-99,-99,3.31,0,-99,-99,0,none,0,0,none,0,0,0.255,1.247,none,-99,1.502
2000,MX,5,C,4,-99,-99,18,-99,-99,2.166,7,-99,-99,2.439,none,0,0,none,0,0,0.266,4.877,none,-99,5.143
2000,MX,5,C,5,-99,-99,1,-99,-99,0.068,0,-99,-99,0,none,0,0,none,0,0,0.254,1.119,none,-99,1.373
2000,MX,6,A,1,-99,-99,0,-99,-99,0,0,-99,-99,0,none,0,0,none,0,0,0.332,2.418,none,-99,2.75
2000,MX,6,A,2,-99,-99,3,-99,-99,0.308,0,-99,-99,0,none,0,0,none,0,0,0.731,4.044,none,-99,4.775
2000,MX,6,A,3,-99,-99,9,-99,-99,1.218,1,-99,-99,0.159,none,0,0,none,0,0,0.229,0.279,none,-99,0.508
2000,MX,6,A,4,-99,-99,1,-99,-99,0.293,2,-99,-99,0.199,none,0,0,none,0,0,0.214,0.558,none,-99,0.772
2000,MX,6,A,5,-99,-99,3,-99,-99,0.658,1,-99,-99,0.168,none,0,0,none,0,0,0.267,1.726,none,-99,1.993
2000,MX,7,C,1,-99,-99,4,-99,-99,0.689,5,-99,-99,0.608,none,0,0,none,0,0,0.469,2.038,none,-99,2.507
2000,MX,7,C,2,-99,-99,0,-99,-99,0,9,-99,-99,1.021,POHY,1,0.056,none,0,0,0.366,1.79,none,-99,2.156
2000,MX,7,C,3,-99,-99,6,-99,-99,0.447,19,-99,-99,2.029,none,0,0,none,0,0,0.079,1.259,none,-99,1.338
2000,MX,7,C,4,-99,-99,8,-99,-99,1.463,2,-99,-99,-99,POHY,2,0.186,none,0,0,0.26,0.453,none,-99,0.713
2000,MX,7,C,5,-99,-99,6,-99,-99,1.025,9,-99,-99,1.184,none,0,0,none,0,0,0.244,2.054,none,-99,2.298
2000,MX,8,E,1,-99,-99,5,-99,-99,0.803,2,-99,-99,0.13,none,0,0,none,0,0,0.385,2.94,none,-99,3.325
2000,MX,8,E,2,-99,-99,6,-99,-99,0.88,3,-99,-99,0.243,none,0,0,none,0,0,0.152,1.918,none,-99,2.07
2000,MX,8,E,3,-99,-99,4,-99,-99,0.57,4,-99,-99,0.578,none,0,0,none,0,0,0.975,2.977,none,-99,3.952
2000,MX,8,E,4,-99,-99,0,-99,-99,0,3,-99,-99,0.779,none,0,0,none,0,0,0.159,2.156,none,-99,2.315
2000,MX,8,E,5,-99,-99,2,-99,-99,0.229,1,-99,-99,0.153,none,0,0,none,0,0,0.133,1.79,none,-99,1.923
2000,MX,9,A,1,-99,-99,0,-99,-99,0,1,-99,-99,0.008,none,0,0,none,0,0,0.692,2.577,none,-99,3.269
2000,MX,9,A,2,-99,-99,0,-99,-99,0,2,-99,-99,0.201,none,0,0,none,0,0,0.572,2.76,none,-99,3.332
2000,MX,9,A,3,-99,-99,0,-99,-99,0,4,-99,-99,0.395,none,0,0,none,0,0,0.444,0.129,none,-99,0.573
2000,MX,9,A,4,-99,-99,0,-99,-99,0,8,-99,-99,1.159,none,0,0,none,0,0,0.757,1.432,none,-99,2.189
2000,MX,9,A,5,-99,-99,0,-99,-99,0,1,-99,-99,0.105,none,0,0,none,0,0,0.467,0.619,none,-99,1.086
2000,MX,10,C,1,-99,-99,7,-99,-99,0.919,0,-99,-99,0,none,0,0,none,0,0,0.7,1.017,none,-99,1.717
2000,MX,10,C,2,-99,-99,3,-99,-99,0.42,0,-99,-99,0,none,0,0,none,0,0,1.067,1.004,none,-99,2.071
2000,MX,10,C,3,-99,-99,8,-99,-99,1.205,4,-99,-99,0.692,none,0,0,none,0,0,0.497,1.871,none,-99,2.368
2000,MX,10,C,4,-99,-99,5,-99,-99,0.595,1,-99,-99,0.186,none,0,0,none,0,0,0.477,0.887,none,-99,1.364
2000,MX,10,C,5,-99,-99,7,-99,-99,0.94,0,-99,-99,0,none,0,0,none,0,0,0.246,0.842,none,-99,1.088
2000,MX,11,E,1,-99,-99,3,-99,-99,0.296,2,-99,-99,0.208,none,0,0,none,0,0,0.395,1.986,none,-99,2.381
2000,MX,11,E,2,-99,-99,5,-99,-99,0.736,0,-99,-99,0,none,0,0,none,0,0,0.697,0.244,none,-99,0.941
2000,MX,11,E,3,-99,-99,3,-99,-99,0.582,2,-99,-99,0.186,none,0,0,none,0,0,0.632,0.432,none,-99,1.064
2000,MX,11,E,4,-99,-99,3,-99,-99,0.619,2,-99,-99,0.324,none,0,0,none,0,0,0.49,1.299,none,-99,1.789
2000,MX,11,E,5,-99,-99,0,-99,-99,0,0,-99,-99,0,none,0,0,none,0,0,0.473,0.333,none,-99,0.806
2000,MX,12,A,1,-99,-99,1,-99,-99,0.235,1,-99,-99,0.25,none,0,0,none,0,0,0.349,1.048,none,-99,1.397
2000,MX,12,A,2,-99,-99,0,-99,-99,0,0,-99,-99,0,none,0,0,none,0,0,0.829,0.34,none,-99,1.169
2000,MX,12,A,3,-99,-99,1,-99,-99,0.09,0,-99,-99,0,none,0,0,none,0,0,0.456,0.056,none,-99,0.512
2000,MX,12,A,4,-99,-99,0,-99,-99,0,1,-99,-99,0.13,none,0,0,none,0,0,0.059,0.248,none,-99,0.307
2000,MX,12,A,5,-99,-99,0,-99,-99,0,0,-99,-99,0,none,0,0,none,0,0,0.536,0.027,none,-99,0.563
2000,MX,13,E,1,-99,-99,8,-99,-99,1.041,1,-99,-99,0.109,none,0,0,none,0,0,0.685,0.802,none,-99,1.487
2000,MX,13,E,2,-99,-99,7,-99,-99,1.774,0,-99,-99,0,none,0,0,none,0,0,0.635,0.836,none,-99,1.471
2000,MX,13,E,3,-99,-99,0,-99,-99,0,3,-99,-99,0.464,none,0,0,none,0,0,0.924,0.52,none,-99,1.444
2000,MX,13,E,4,-99,-99,3,-99,-99,0.56,2,-99,-99,0.37,none,0,0,none,0,0,0.916,0.696,none,-99,1.612
2000,MX,13,E,5,-99,-99,2,-99,-99,0.34,0,-99,-99,0,none,0,0,none,0,0,0.418,0.396,none,-99,0.814
2000,MX,14,C,1,-99,-99,7,-99,-99,1.119,1,-99,-99,0.284,none,0,0,none,0,0,0.157,1.46,none,-99,1.617
2000,MX,14,C,2,-99,-99,4,-99,-99,0.557,1,-99,-99,0.118,none,0,0,none,0,0,0.106,0.912,none,-99,1.018
2000,MX,14,C,3,-99,-99,10,-99,-99,1.2,0,-99,-99,0,ATPA4,1,0.006,none,0,0,1.257,0.178,none,-99,1.435
2000,MX,14,C,4,-99,-99,8,-99,-99,1.341,1,-99,-99,0.27,none,0,0,none,0,0,0.399,0.547,none,-99,0.946
2000,MX,14,C,5,-99,-99,5,-99,-99,0.637,3,-99,-99,0.501,none,0,0,none,0,0,0.863,1.746,none,-99,2.609
2000,MX,15,A,1,-99,-99,0,-99,-99,0,9,-99,-99,-99,none,0,0,none,0,0,-99,-99,none,-99,-99
2000,MX,15,A,2,-99,-99,0,-99,-99,0,13,-99,-99,-99,none,0,0,none,0,0,-99,-99,none,-99,-99
2000,MX,15,A,3,-99,-99,0,-99,-99,0,8,-99,-99,-99,none,0,0,none,0,0,-99,-99,none,-99,-99
2000,MX,15,A,4,-99,-99,0,-99,-99,0,5,-99,-99,-99,none,0,0,none,0,0,-99,-99,none,-99,-99
2000,MX,15,A,5,-99,-99,0,-99,-99,0,11,-99,-99,-99,none,0,0,none,0,0,-99,-99,none,-99,-99
2001,SP,1,E,1,-99,-99,5,-99,-99,0.99,0,-99,-99,0.000,none,0,0,none,0,0,0.000,2.821,none,-99,2.821
2001,SP,1,E,2,-99,-99,9,-99,-99,1.119,0,-99,-99,0.000,none,0,0,none,0,0,0.000,1.050,none,-99,1.05
2001,SP,1,E,3,-99,-99,3,-99,-99,0.674,0,-99,-99,0.000,none,0,0,none,0,0,0.000,3.565,none,-99,3.565
2001,SP,1,E,4,-99,-99,0,-99,-99,0,0,-99,-99,0.000,none,0,0,none,0,0,0.000,4.788,none,-99,4.788
2001,SP,1,E,5,-99,-99,3,-99,-99,0.272,0,-99,-99,0.000,none,0,0,none,0,0,0.000,0.786,none,-99,0.786
2001,SP,2,A,1,-99,-99,6,-99,-99,1.927,0,-99,-99,0.000,none,0,0,none,0,0,0.000,5.159,none,-99,5.159
2001,SP,2,A,2,-99,-99,4,-99,-99,0.888,0,-99,-99,0.000,none,0,0,none,0,0,0.000,1.220,none,-99,1.22
2001,SP,2,A,3,-99,-99,7,-99,-99,0.949,0,-99,-99,0.000,none,0,0,none,0,0,0.000,1.951,none,-99,11.951
2001,SP,2,A,4,-99,-99,4,-99,-99,1.075,0,-99,-99,0.000,none,0,0,none,0,0,0.000,1.495,none,-99,1.495
2001,SP,2,A,5,-99,-99,13,-99,-99,3.159,0,-99,-99,0.000,none,0,0,none,0,0,0.000,3.593,none,-99,3.593
2001,SP,3,C,1,-99,-99,9,-99,-99,1.821,0,-99,-99,0.000,none,0,0,none,0,0,0.000,2.710,none,-99,2.71
2001,SP,3,C,2,-99,-99,5,-99,-99,0.992,0,-99,-99,0.000,none,0,0,none,0,0,0.000,0.558,none,-99,0.558
2001,SP,3,C,3,-99,-99,9,-99,-99,1.58,0,-99,-99,0.000,none,0,0,none,0,0,0.000,1.210,none,-99,1.21
2001,SP,3,C,4,-99,-99,12,-99,-99,2.262,0,-99,-99,0.000,none,0,0,none,0,0,0.000,1.455,none,-99,1.455
2001,SP,3,C,5,-99,-99,4,-99,-99,0.608,0,-99,-99,0.000,none,0,0,none,0,0,0.000,2.254,none,-99,2.254
2001,SP,4,E,1,-99,-99,11,-99,-99,1.32,0,-99,-99,0.000,none,0,0,none,0,0,0.000,3.173,none,-99,3.173
2001,SP,4,E,2,-99,-99,14,-99,-99,3.128,0,-99,-99,0.000,none,0,0,none,0,0,0.000,1.448,none,-99,1.448
2001,SP,4,E,3,-99,-99,0,-99,-99,0,0,-99,-99,0.000,none,0,0,none,0,0,0.000,2.322,none,-99,2.322
2001,SP,4,E,4,-99,-99,6,-99,-99,2.055,0,-99,-99,0.000,none,0,0,none,0,0,0.000,5.605,none,-99,5.605
2001,SP,4,E,5,-99,-99,1,-99,-99,0.425,0,-99,-99,0.000,none,0,0,none,0,0,0.000,0.909,none,-99,0.909
2001,SP,5,A,1,-99,-99,14,-99,-99,2.023,0,-99,-99,0.000,none,0,0,none,0,0,0.000,0.707,none,-99,0.707
2001,SP,5,A,2,-99,-99,17,-99,-99,2.018,0,-99,-99,0.000,none,0,0,none,0,0,0.000,3.618,none,-99,3.618
2001,SP,5,A,3,-99,-99,6,-99,-99,1.174,0,-99,-99,0.000,none,0,0,none,0,0,0.000,2.695,none,-99,2.695
2001,SP,5,A,4,-99,-99,2,-99,-99,0.516,0,-99,-99,0.000,none,0,0,none,0,0,0.000,1.577,none,-99,1.577
2001,SP,5,A,5,-99,-99,11,-99,-99,2.719,0,-99,-99,0.000,none,0,0,none,0,0,0.000,2.965,none,-99,2.965
2001,SP,6,C,1,-99,-99,9,-99,-99,1.581,0,-99,-99,0.000,none,0,0,none,0,0,0.000,1.127,none,-99,1.127
2001,SP,6,C,2,-99,-99,8,-99,-99,1.422,0,-99,-99,0.000,none,0,0,none,0,0,0.000,3.067,none,-99,3.067
2001,SP,6,C,3,-99,-99,6,-99,-99,1.063,0,-99,-99,0.000,none,0,0,none,0,0,0.000,0.806,none,-99,0.806
2001,SP,6,C,4,-99,-99,21,-99,-99,2.506,0,-99,-99,0.000,none,0,0,none,0,0,0.000,3.822,none,-99,3.822
2001,SP,6,C,5,-99,-99,10,-99,-99,2.259,0,-99,-99,0.000,none,0,0,none,0,0,0.000,1.577,none,-99,1.577
2001,SP,7,C,1,-99,-99,11,-99,-99,1.372,0,-99,-99,0.000,none,0,0,none,0,0,0.000,4.877,none,-99,4.877
2001,SP,7,C,2,-99,-99,18,-99,-99,2.584,0,-99,-99,0.000,none,0,0,none,0,0,0.000,1.846,none,-99,1.846
2001,SP,7,C,3,-99,-99,6,-99,-99,0.817,0,-99,-99,0.000,none,0,0,none,0,0,0.000,1.460,none,-99,1.46
2001,SP,7,C,4,-99,-99,18,-99,-99,2.361,0,-99,-99,0.000,none,0,0,none,0,0,0.000,1.426,none,-99,1.426
2001,SP,7,C,5,-99,-99,14,-99,-99,1.717,0,-99,-99,0.000,none,0,0,none,0,0,0.000,1.275,none,-99,1.275
2001,SP,8,E,1,-99,-99,7,-99,-99,0.501,0,-99,-99,0.000,none,0,0,none,0,0,0.000,6.063,none,-99,6.063
2001,SP,8,E,2,-99,-99,10,-99,-99,0.917,0,-99,-99,0.000,none,0,0,none,0,0,0.000,1.184,none,-99,1.184
2001,SP,8,E,3,-99,-99,10,-99,-99,0.642,0,-99,-99,0.000,none,0,0,none,0,0,0.000,2.014,none,-99,2.014
2001,SP,8,E,4,-99,-99,12,-99,-99,1.637,0,-99,-99,0.000,none,0,0,none,0,0,0.000,2.704,none,-99,2.704
2001,SP,8,E,5,-99,-99,3,-99,-99,0.226,0,-99,-99,0.000,none,0,0,none,0,0,0.000,2.439,none,-99,2.439
2001,SP,9,A,1,-99,-99,7,-99,-99,1.074,0,-99,-99,0.000,none,0,0,none,0,0,0.000,2.655,none,-99,2.655
2001,SP,9,A,2,-99,-99,15,-99,-99,1.912,0,-99,-99,0.000,none,0,0,none,0,0,0.000,3.551,none,-99,3.551
2001,SP,9,A,3,-99,-99,20,-99,-99,1.588,0,-99,-99,0.000,none,0,0,none,0,0,0.000,1.894,none,-99,1.894
2001,SP,9,A,4,-99,-99,14,-99,-99,2.715,0,-99,-99,0.000,none,0,0,none,0,0,0.000,2.439,none,-99,2.439
2001,SP,9,A,5,-99,-99,9,-99,-99,1.435,0,-99,-99,0.000,none,0,0,none,0,0,0.000,1.379,none,-99,1.379
2001,SP,10,E,1,-99,-99,21,-99,-99,2.747,0,-99,-99,0.000,none,0,0,none,0,0,0.000,0.895,none,-99,0.895
2001,SP,10,E,2,-99,-99,3,-99,-99,0.305,0,-99,-99,0.000,none,0,0,none,0,0,0.000,3.486,none,-99,3.486
2001,SP,10,E,3,-99,-99,9,-99,-99,1.285,0,-99,-99,0.000,none,0,0,none,0,0,0.000,1.776,none,-99,1.776
2001,SP,10,E,4,-99,-99,11,-99,-99,2.421,0,-99,-99,0.000,none,0,0,none,0,0,0.000,1.156,none,-99,1.156
2001,SP,10,E,5,-99,-99,17,-99,-99,2.373,0,-99,-99,0.000,none,0,0,none,0,0,0.000,2.885,none,-99,2.885
2001,SP,11,A,1,-99,-99,0,-99,-99,0,0,-99,-99,0,none,0,0,none,0,0,0.000,3.115,none,-99,3.115
2001,SP,11,A,2,-99,-99,17,-99,-99,1.674,0,-99,-99,0,POHY,2,0.013,none,0,0,0.000,4.348,none,-99,4.348
2001,SP,11,A,3,-99,-99,0,-99,-99,0,8,-99,-99,1.083,POHY,2,0.024,none,0,0,0.000,1.678,none,-99,1.678
2001,SP,11,A,4,-99,-99,0,-99,-99,0,1,-99,-99,0.091,POHY,1,0.001,none,0,0,0.000,1.026,none,-99,1.026
2001,SP,11,A,5,-99,-99,0,-99,-99,0,7,-99,-99,0.965,POHY,6,0.139,none,0,0,0.000,0.25,none,-99,0.25
2001,SP,12,C,1,-99,-99,21,-99,-99,3.05,0,-99,-99,0,none,0,0,none,0,0,0.000,0.569,none,-99,0.569
2001,SP,12,C,2,-99,-99,12,-99,-99,1.107,0,-99,-99,0,none,0,0,none,0,0,0.000,1.762,none,-99,1.762
2001,SP,12,C,3,-99,-99,16,-99,-99,2.134,0,-99,-99,0,none,0,0,none,0,0,0.000,3.991,none,-99,3.991
2001,SP,12,C,4,-99,-99,21,-99,-99,3.438,0,-99,-99,0,none,0,0,none,0,0,0.000,0.834,none,-99,0.834
2001,SP,12,C,5,-99,-99,11,-99,-99,1.541,0,-99,-99,0,none,0,0,none,0,0,0.000,2.49,none,-99,2.49
2001,SP,13,A,1,-99,-99,10,-99,-99,1.474,0,-99,-99,0,none,0,0,none,0,0,0.000,0.509,none,-99,0.509
2001,SP,13,A,2,-99,-99,4,-99,-99,0.474,0,-99,-99,0,none,0,0,none,0,0,0.000,1.307,none,-99,1.307
2001,SP,13,A,3,-99,-99,6,-99,-99,0.725,0,-99,-99,0,none,0,0,none,0,0,0.000,4.014,none,-99,4.014
2001,SP,13,A,4,-99,-99,7,-99,-99,1.0355,0,-99,-99,0,none,0,0,none,0,0,0.000,3.014,none,-99,3.014
2001,SP,13,A,5,-99,-99,10,-99,-99,0.951,0,-99,-99,0,none,0,0,none,0,0,0.000,0.139,none,-99,0.139
2001,SP,14,E,1,-99,-99,10,-99,-99,1.03,0,-99,-99,0,POHY,2,0.071,none,0,0,0.000,0.771,none,-99,0.771
2001,SP,14,E,2,-99,-99,1,-99,-99,0.104,0,-99,-99,0,none,0,0,none,0,0,0.000,8.847,none,-99,8.847
2001,SP,14,E,3,-99,-99,2,-99,-99,0.184,0,-99,-99,0,none,0,0,none,0,0,0.000,2.208,none,-99,2.208
2001,SP,14,E,4,-99,-99,2,-99,-99,0.169,0,-99,-99,0,none,0,0,none,0,0,0.000,1.024,none,-99,1.024
2001,SP,14,E,5,-99,-99,11,-99,-99,1.28,0,-99,-99,0,none,0,0,none,0,0,0.000,1.902,none,-99,1.902
2001,SP,15,C,1,-99,-99,17,-99,-99,2.945,0,-99,-99,0,none,0,0,none,0,0,0.000,1.194,none,-99,1.194
2001,SP,15,C,2,-99,-99,10,-99,-99,1.289,0,-99,-99,0,none,0,0,none,0,0,0.000,1.185,none,-99,1.185
2001,SP,15,C,3,-99,-99,15,-99,-99,2.091,0,-99,-99,0,none,0,0,none,0,0,0.000,1.533,none,-99,1.533
2001,SP,15,C,4,-99,-99,19,-99,-99,2.751,0,-99,-99,0,none,0,0,none,0,0,0.000,0.163,none,-99,0.163
2001,SP,15,C,5,-99,-99,25,-99,-99,3.459,0,-99,-99,0,none,0,0,none,0,0,0.000,1.483,none,-99,1.483
2001,SC,1,E,1,-99,-99,0,-99,-99,0.000,6,-99,-99,0.572,none,0,0,none,0,0,2.304,1.343,none,-99,3.647
2001,SC,1,E,2,-99,-99,0,-99,-99,0.000,0,-99,-99,0.000,none,0,0,none,0,0,1.124,0.298,none,-99,1.422
2001,SC,1,E,3,-99,-99,0,-99,-99,0.000,0,-99,-99,0.000,none,0,0,none,0,0,1.943,0.657,none,-99,2.6
2001,SC,1,E,4,-99,-99,0,-99,-99,0.000,0,-99,-99,0.000,none,0,0,none,0,0,2.520,0.851,none,-99,3.371
2001,SC,1,E,5,-99,-99,0,-99,-99,0.000,3,-99,-99,0.418,none,0,0,none,0,0,1.942,0.457,none,-99,2.399
2001,SC,2,A,1,-99,-99,6,-99,-99,1.351,0,-99,-99,0.000,none,0,0,none,0,0,0.534,1.099,none,-99,1.633
2001,SC,2,A,2,-99,-99,8,-99,-99,1.037,0,-99,-99,0.000,none,0,0,none,0,0,0.546,0.996,none,-99,1.542
2001,SC,2,A,3,-99,-99,2,-99,-99,0.612,0,-99,-99,0.000,none,0,0,none,0,0,1.682,4.548,none,-99,6.23
2001,SC,2,A,4,-99,-99,5,-99,-99,0.795,0,-99,-99,0.000,none,0,0,none,0,0,0.983,0.680,none,-99,1.663
2001,SC,2,A,5,-99,-99,4,-99,-99,0.758,0,-99,-99,0.000,none,0,0,none,0,0,0.874,1.554,none,-99,2.428
2001,SC,3,C,1,-99,-99,5,-99,-99,0.574,2,-99,-99,0.268,none,0,0,none,0,0,0.524,0.130,none,-99,0.654
2001,SC,3,C,2,-99,-99,9,-99,-99,1.063,0,-99,-99,0.000,none,0,0,none,0,0,0.458,1.184,none,-99,1.642
2001,SC,3,C,3,-99,-99,6,-99,-99,0.813,1,-99,-99,0.054,none,0,0,none,0,0,1.114,0.867,none,-99,1.981
2001,SC,3,C,4,-99,-99,10,-99,-99,1.161,1,-99,-99,0.349,none,0,0,none,0,0,3.017,2.125,none,-99,5.142
2001,SC,3,C,5,-99,-99,8,-99,-99,1.394,2,-99,-99,0.157,none,0,0,none,0,0,0.302,0.652,none,-99,0.954
2001,SC,4,A,1,-99,-99,3,-99,-99,0.179,2,-99,-99,0.198,none,0,0,none,0,0,7.199,3.413,none,-99,10.612
2001,SC,4,A,2,-99,-99,0,-99,-99,0.000,2,-99,-99,0.489,none,0,0,none,0,0,1.293,0.615,none,-99,1.908
2001,SC,4,A,3,-99,-99,0,-99,-99,0.000,1,-99,-99,0.078,none,0,0,none,0,0,1.221,0.587,none,-99,1.808
2001,SC,4,A,4,-99,-99,0,-99,-99,0.000,0,-99,-99,0.000,none,0,0,none,0,0,3.242,0.759,none,-99,4.001
2001,SC,4,A,5,-99,-99,1,-99,-99,0.023,0,-99,-99,0.000,none,0,0,none,0,0,3.365,0.379,none,-99,3.744
2001,SC,5,C,1,-99,-99,4,-99,-99,0.392,0,-99,-99,0.000,none,0,0,none,0,0,0.187,0.151,none,-99,0.338
2001,SC,5,C,2,-99,-99,3,-99,-99,0.413,0,-99,-99,0.000,none,0,0,none,0,0,1.832,0.156,none,-99,1.9883
2001,SC,5,C,3,-99,-99,13,-99,-99,2.102,0,-99,-99,0.000,none,0,0,none,0,0,0.898,1.208,none,-99,2.106
2001,SC,5,C,4,-99,-99,2,-99,-99,0.087,0,-99,-99,0.000,none,0,0,none,0,0,0.334,0.150,none,-99,0.484
2001,SC,5,C,5,-99,-99,16,-99,-99,2.644,0,-99,-99,0.000,none,0,0,none,0,0,0.833,0.067,none,-99,0.9
2001,SC,6,E,1,-99,-99,5,-99,-99,0.945,0,-99,-99,0.000,none,0,0,none,0,0,1.296,1.389,none,-99,2.685
2001,SC,6,E,2,-99,-99,6,-99,-99,0.913,0,-99,-99,0.000,none,0,0,none,0,0,2.177,1.324,none,-99,3.501
2001,SC,6,E,3,-99,-99,2,-99,-99,0.385,4,-99,-99,0.745,none,0,0,none,0,0,0.904,0.594,none,-99,1.498
2001,SC,6,E,4,-99,-99,1,-99,-99,0.182,1,-99,-99,0.298,none,0,0,none,0,0,1.961,2.583,none,-99,4.544
2001,SC,6,E,5,-99,-99,0,-99,-99,0.000,0,-99,-99,0.000,none,0,0,none,0,0,3.859,0.293,none,-99,4.152
2001,SC,7,C,1,-99,-99,0,-99,-99,0.000,2,-99,-99,0.383,none,0,0,none,0,0,1.961,0.294,none,-99,2.255
2001,SC,7,C,2,-99,-99,0,-99,-99,0.000,1,-99,-99,0.153,none,0,0,none,0,0,1.119,0.094,none,-99,1.213
2001,SC,7,C,3,-99,-99,0,-99,-99,0.000,4,-99,-99,0.517,none,0,0,none,0,0,1.126,0.163,none,-99,1.289
2001,SC,7,C,4,-99,-99,0,-99,-99,0.000,1,-99,-99,0.014,none,0,0,none,0,0,1.017,0.245,none,-99,1.262
2001,SC,7,C,5,-99,-99,0,-99,-99,0.000,2,-99,-99,0.474,none,0,0,none,0,0,0.806,0.580,none,-99,1.386
2001,SC,8,A,1,-99,-99,0,-99,-99,0,3,-99,-99,0.795,none,0,0,none,0,0,1.000,1.470,none,-99,2.47
2001,SC,8,A,2,-99,-99,0,-99,-99,0,7,-99,-99,1.581,none,0,0,none,0,0,0.096,1.440,none,-99,1.536
2001,SC,8,A,3,-99,-99,2,-99,-99,-99,8,-99,-99,1.234,none,0,0,none,0,0,1.637,3.090,none,-99,4.727
2001,SC,8,A,4,-99,-99,2,-99,-99,0.679,7,-99,-99,1.932,none,0,0,none,0,0,2.029,2.518,none,-99,4.547
2001,SC,8,A,5,-99,-99,0,-99,-99,0,6,-99,-99,1.340,none,0,0,none,0,0,0.213,2.512,none,-99,2.725
2001,SC,9,E,1,-99,-99,2,-99,-99,0.154,1,-99,-99,0.073,LYLI2,2,0.335,none,0,0,2.909,0.376,none,-99,3.285
2001,SC,9,E,2,-99,-99,0,-99,-99,0.000,7,-99,-99,0.553,none,0,0,none,0,0,0.415,0.480,none,-99,0.895
2001,SC,9,E,3,-99,-99,0,-99,-99,0.000,1,-99,-99,0.127,none,0,0,none,0,0,2.765,0.856,none,-99,3.621
2001,SC,9,E,4,-99,-99,0,-99,-99,0.000,3,-99,-99,0.274,none,0,0,none,0,0,1.517,0.501,none,-99,2.018
2001,SC,9,E,5,-99,-99,0,-99,-99,0.000,2,-99,-99,0.097,none,0,0,none,0,0,4.289,0.145,none,-99,4.434
2001,SC,10,E,1,-99,-99,4,-99,-99,0.242,0,-99,-99,0.000,none,0,0,none,0,0,1.412,0.313,none,-99,1.725
2001,SC,10,E,2,-99,-99,6,-99,-99,1.418,0,-99,-99,0.000,none,0,0,none,0,0,2.910,1.061,none,-99,3.971
2001,SC,10,E,3,-99,-99,5,-99,-99,0.847,0,-99,-99,0.000,none,0,0,none,0,0,1.833,1.951,none,-99,3.784
2001,SC,10,E,4,-99,-99,7,-99,-99,1.487,0,-99,-99,0.000,none,0,0,none,0,0,1.304,2.651,none,-99,3.955
2001,SC,10,E,5,-99,-99,1,-99,-99,0.065,0,-99,-99,0.000,none,0,0,none,0,0,0.664,0.057,none,-99,0.721
2001,SC,11,C,1,-99,-99,0,-99,-99,0.000,3,-99,-99,0.499,none,0,0,none,0,0,0.426,0.888,none,-99,1.314
2001,SC,11,C,2,-99,-99,5,-99,-99,0.626,0,-99,-99,0.000,none,0,0,none,0,0,0.714,0.571,none,-99,1.285
2001,SC,11,C,3,-99,-99,7,-99,-99,0.819,10,-99,-99,0.657,none,0,0,none,0,0,0.271,0.903,none,-99,1.174
2001,SC,11,C,4,-99,-99,3,-99,-99,0.492,2,-99,-99,0.058,none,0,0,none,0,0,0.052,4.449,none,-99,4.501
2001,SC,11,C,5,-99,-99,17,-99,-99,1.893,1,-99,-99,0.151,none,0,0,none,0,0,0.824,0.638,none,-99,1.462
2001,SC,12,A,1,-99,-99,9,-99,-99,0.878,3,-99,-99,0.383,none,0,0,none,0,0,0.066,3.399,none,-99,3.465
2001,SC,12,A,2,-99,-99,0,-99,-99,0.000,4,-99,-99,0.698,none,0,0,none,0,0,0.048,1.711,none,-99,1.759
2001,SC,12,A,3,-99,-99,2,-99,-99,0.014,19,-99,-99,2.639,none,0,0,none,0,0,0.051,2.530,none,-99,2.581
2001,SC,12,A,4,-99,-99,0,-99,-99,0.000,14,-99,-99,1.772,none,0,0,none,0,0,0.018,2.680,none,-99,2.698
2001,SC,12,A,5,-99,-99,0,-99,-99,0.000,26,-99,-99,3.538,none,0,0,none,0,0,0.923,4.963,none,-99,5.886
2001,SC,13,C,1,-99,-99,9,-99,-99,1.523,4,-99,-99,0.333,none,0,0,none,0,0,0.000,0.672,none,-99,0.672
2001,SC,13,C,2,-99,-99,19,-99,-99,3.067,4,-99,-99,0.514,none,0,0,none,0,0,0.013,2.300,none,-99,2.313
2001,SC,13,C,3,-99,-99,6,-99,-99,1.162,5,-99,-99,0.644,none,0,0,none,0,0,0.000,3.333,none,-99,3.333
2001,SC,13,C,4,-99,-99,20,-99,-99,3.267,0,-99,-99,0.000,none,0,0,none,0,0,0.017,1.499,none,-99,1.516
2001,SC,13,C,5,-99,-99,11,-99,-99,1.185,0,-99,-99,0.000,none,0,0,none,0,0,0.000,3.045,none,-99,3.045
2001,SC,14,E,1,-99,-99,16,-99,-99,1.160,2,-99,-99,0.364,none,0,0,none,0,0,1.257,0.959,none,-99,2.216
2001,SC,14,E,2,-99,-99,0,-99,-99,0.000,6,-99,-99,0.733,none,0,0,none,0,0,0.452,1.298,none,-99,1.75
2001,SC,14,E,3,-99,-99,1,-99,-99,0.139,6,-99,-99,0.845,none,0,0,none,0,0,0.695,1.230,none,-99,1.925
2001,SC,14,E,4,-99,-99,0,-99,-99,0.000,8,-99,-99,1.056,none,0,0,none,0,0,0.831,1.254,none,-99,2.085
2001,SC,14,E,5,-99,-99,0,-99,-99,0.000,4,-99,-99,0.663,none,0,0,none,0,0,1.145,1.046,none,-99,2.191
2001,SC,15,A,1,-99,-99,0,-99,-99,0.000,13,-99,-99,1.387,none,0,0,none,0,0,0.008,4.067,none,-99,4.075
2001,SC,15,A,2,-99,-99,0,-99,-99,0.000,12,-99,-99,1.899,none,0,0,none,0,0,0.722,6.104,none,-99,6.826
2001,SC,15,A,3,-99,-99,0,-99,-99,0.000,9,-99,-99,0.990,none,0,0,none,0,0,0.487,1.198,none,-99,1.685
2001,SC,15,A,4,-99,-99,0,-99,-99,0.000,7,-99,-99,1.408,none,0,0,none,0,0,0.042,3.957,none,-99,3.999
2001,SC,15,A,5,-99,-99,0,-99,-99,0.000,11,-99,-99,1.808,none,0,0,none,0,0,0.595,2.790,none,-99,3.385
2001,MX,1,E,1,-99,-99,0,-99,-99,0,4,-99,-99,0.574,none,0,0,none,0,0,1.104,1.427,none,-99,2.531
2001,MX,1,E,2,-99,-99,0,-99,-99,0,9,-99,-99,0.876,none,0,0,none,0,0,1.476,1.083,none,-99,2.559
2001,MX,1,E,3,-99,-99,0,-99,-99,0,4,-99,-99,0.613,POHY,1,0.009,none,0,0,1.034,1.049,none,-99,2.083
2001,MX,1,E,4,-99,-99,5,-99,-99,0.568,8,-99,-99,0.744,none,0,0,none,0,0,1.391,2.506,none,-99,3.897
2001,MX,1,E,5,-99,-99,1,-99,-99,0.167,1,-99,-99,0.115,none,0,0,none,0,0,1.722,5.218,none,-99,6.94
2001,MX,2,A,1,-99,-99,13,-99,-99,2.277,2,-99,-99,0.34,none,0,0,none,0,0,1.43,1.854,none,-99,3.284
2001,MX,2,A,2,-99,-99,10,-99,-99,1.346,0,-99,-99,0,none,0,0,none,0,0,2.203,3.065,none,-99,5.268
2001,MX,2,A,3,-99,-99,0,-99,-99,0,0,-99,-99,0,none,0,0,none,0,0,2.308,2.275,none,-99,4.583
2001,MX,2,A,4,-99,-99,0,-99,-99,0,4,-99,-99,0.745,none,0,0,none,0,0,0.238,1.842,none,-99,2.08
2001,MX,2,A,5,-99,-99,5,-99,-99,0.152,8,-99,-99,1.246,none,0,0,none,0,0,0.389,0.943,none,-99,1.332
2001,MX,3,C,1,-99,-99,0,-99,-99,0,9,-99,-99,0.984,none,0,0,none,0,0,0.555,3.032,none,-99,3.587
2001,MX,3,C,2,-99,-99,13,-99,-99,1.813,0,-99,-99,0,none,0,0,none,0,0,0.016,0.125,none,-99,0.141
2001,MX,3,C,3,-99,-99,18,-99,-99,2.831,6,-99,-99,0.7,none,0,0,none,0,0,0.778,1.297,none,-99,2.075
2001,MX,3,C,4,-99,-99,7,-99,-99,0.625,1,-99,-99,0.168,none,0,0,none,0,0,0.448,2.001,none,-99,2.449
2001,MX,3,C,5,-99,-99,8,-99,-99,0.941,4,-99,-99,0.284,none,0,0,none,0,0,0.336,0.41,none,-99,0.746
2001,MX,4,E,1,-99,-99,0,-99,-99,0,4,-99,-99,0.626,none,0,0,none,0,0,2.806,2.833,none,-99,5.639
2001,MX,4,E,2,-99,-99,6,-99,-99,1.015,1,-99,-99,0.032,none,0,0,none,0,0,1.976,3.304,none,-99,5.28
2001,MX,4,E,3,-99,-99,0,-99,-99,0,9,-99,-99,1.258,none,0,0,none,0,0,1.174,1.455,none,-99,2.629
2001,MX,4,E,4,-99,-99,0,-99,-99,0,4,-99,-99,0.75,none,0,0,none,0,0,0.419,1.058,none,-99,1.477
2001,MX,4,E,5,-99,-99,0,-99,-99,0,1,-99,-99,0.147,none,0,0,none,0,0,2.013,3.755,none,-99,5.768
2001,MX,5,C,1,-99,-99,9,-99,-99,1.333,2,-99,-99,0.386,none,0,0,none,0,0,0.281,4.456,none,-99,4.737
2001,MX,5,C,2,-99,-99,16,-99,-99,2.88,0,-99,-99,0,none,0,0,none,0,0,0.166,3.413,none,-99,3.579
2001,MX,5,C,3,-99,-99,1,-99,-99,0.156,0,-99,-99,0,none,0,0,none,0,0,0.917,1.259,none,-99,2.176
2001,MX,5,C,4,-99,-99,3,-99,-99,0.56,0,-99,-99,0,none,0,0,none,0,0,0.08,3.632,none,-99,3.712
2001,MX,5,C,5,-99,-99,19,-99,-99,2.43,0,-99,-99,0,none,0,0,none,0,0,1.2,4.048,none,-99,5.248
2001,MX,6,A,1,-99,-99,4,-99,-99,0.96,2,-99,-99,0.069,none,0,0,none,0,0,0.756,5.066,none,-99,5.1416
2001,MX,6,A,2,-99,-99,5,-99,-99,0.907,5,-99,-99,0.816,none,0,0,none,0,0,2.013,3.664,none,-99,5.677
2001,MX,6,A,3,-99,-99,9,-99,-99,1.215,1,-99,-99,0.267,none,0,0,none,0,0,0.985,3.783,none,-99,4.768
2001,MX,6,A,4,-99,-99,2,-99,-99,0.55,1,-99,-99,0.103,none,0,0,none,0,0,0.648,1.899,none,-99,2.547
2001,MX,6,A,5,-99,-99,2,-99,-99,0.358,0,-99,-99,0,none,0,0,none,0,0,1.208,3.322,none,-99,4.53
2001,MX,7,C,1,-99,-99,1,-99,-99,0.015,11,-99,-99,1.388,POHY,3,0.137,none,0,0,0.183,0.213,none,-99,0.396
2001,MX,7,C,2,-99,-99,0,-99,-99,0,9,-99,-99,0.799,POHY,1,0.186,none,0,0,0.165,0.175,none,-99,0.34
2001,MX,7,C,3,-99,-99,10,-99,-99,1.221,4,-99,-99,0.574,POHY,1,0.003,none,0,0,0.057,0.36,none,-99,0.417
2001,MX,7,C,4,-99,-99,32,-99,-99,3.325,5,-99,-99,0.255,POHY,1,0.046,none,0,0,0.011,0.217,none,-99,0.228
2001,MX,7,C,5,-99,-99,0,-99,-99,0,6,-99,-99,0.884,POHY,1,0.077,none,0,0,1.189,0.524,none,-99,1.713
2001,MX,8,E,1,-99,-99,3,-99,-99,0.511,1,-99,-99,0.12,none,0,0,none,0,0,0.575,5.833,none,-99,6.408
2001,MX,8,E,2,-99,-99,0,-99,-99,0,0,-99,-99,0,none,0,0,none,0,0,0.576,0.945,none,-99,1.521
2001,MX,8,E,3,-99,-99,0,-99,-99,0,5,-99,-99,0.674,none,0,0,none,0,0,0.608,2.453,none,-99,3.061
2001,MX,8,E,4,-99,-99,6,-99,-99,0.98,0,-99,-99,0,none,0,0,none,0,0,1.37,6.873,none,-99,8.243
2001,MX,8,E,5,-99,-99,6,-99,-99,1.574,2,-99,-99,0.461,none,0,0,none,0,0,0.91,5.477,none,-99,6.387
2001,MX,9,A,1,-99,-99,3,-99,-99,0.107,3,-99,-99,0.483,none,0,0,none,0,0,0.351,1.059,none,-99,1.41
2001,MX,9,A,2,-99,-99,2,-99,-99,0.161,1,-99,-99,0.105,none,0,0,none,0,0,1.32,3.004,none,-99,4.324
2001,MX,9,A,3,-99,-99,0,-99,-99,0,3,-99,-99,0.288,none,0,0,none,0,0,0.728,1.2,none,-99,1.928
2001,MX,9,A,4,-99,-99,0,-99,-99,0,2,-99,-99,0.239,none,0,0,none,0,0,0.681,2.624,none,-99,3.305
2001,MX,9,A,5,-99,-99,12,-99,-99,0.748,5,-99,-99,0.586,none,0,0,none,0,0,0.751,1.437,none,-99,2.188
2001,MX,10,C,1,-99,-99,11,-99,-99,1.13,8,-99,-99,0.669,none,0,0,none,0,0,0.125,0.019,none,-99,0.144
2001,MX,10,C,2,-99,-99,4,-99,-99,0.216,8,-99,-99,0.933,none,0,0,none,0,0,0.39,1.423,none,-99,1.813
2001,MX,10,C,3,-99,-99,15,-99,-99,2.027,1,-99,-99,0.087,none,0,0,none,0,0,0.164,1.24,none,-99,1.404
2001,MX,10,C,4,-99,-99,12,-99,-99,2.1,4,-99,-99,0.304,none,0,0,none,0,0,0.55,1.003,none,-99,1.553
2001,MX,10,C,5,-99,-99,8,-99,-99,1.226,1,-99,-99,0.197,none,0,0,none,0,0,0.258,1.437,none,-99,1.695
2001,MX,11,E,1,-99,-99,3,-99,-99,0.357,0,-99,-99,0,none,0,0,none,0,0,0.765,2.877,none,-99,3.642
2001,MX,11,E,2,-99,-99,8,-99,-99,1.526,0,-99,-99,0,none,0,0,none,0,0,1.988,2.369,none,-99,4.357
2001,MX,11,E,3,-99,-99,4,-99,-99,0.628,0,-99,-99,0,none,0,0,none,0,0,0.74,2.046,none,-99,2.786
2001,MX,11,E,4,-99,-99,11,-99,-99,1.619,0,-99,-99,0,none,0,0,none,0,0,0.364,1.736,none,-99,2.1
2001,MX,11,E,5,-99,-99,11,-99,-99,2.133,1,-99,-99,0.025,none,0,0,none,0,0,1.536,3.022,none,-99,4.558
2001,MX,12,A,1,-99,-99,3,-99,-99,0.158,1,-99,-99,0.031,none,0,0,none,0,0,1.074,0.754,none,-99,1.828
2001,MX,12,A,2,-99,-99,6,-99,-99,0.235,1,-99,-99,0.083,none,0,0,none,0,0,1.821,0.951,none,-99,2.772
2001,MX,12,A,3,-99,-99,3,-99,-99,0.387,3,-99,-99,0.2,none,0,0,none,0,0,0.18,0.068,none,-99,0.248
2001,MX,12,A,4,-99,-99,4,-99,-99,0.342,3,-99,-99,0.349,none,0,0,none,0,0,0.825,0.28,none,-99,1.105
2001,MX,12,A,5,-99,-99,0,-99,-99,0,2,-99,-99,0.219,none,0,0,none,0,0,0.965,1.816,none,-99,2.781
2001,MX,13,E,1,-99,-99,0,-99,-99,0,2,-99,-99,0.428,none,0,0,none,0,0,0.51,0.678,none,-99,1.188
2001,MX,13,E,2,-99,-99,10,-99,-99,1.085,0,-99,-99,0,none,0,0,none,0,0,2.176,0.758,none,-99,2.934
2001,MX,13,E,3,-99,-99,1,-99,-99,0.146,0,-99,-99,0.1,none,0,0,none,0,0,1.162,0.764,none,-99,1.926
2001,MX,13,E,4,-99,-99,2,-99,-99,0.076,2,-99,-99,0.2,none,0,0,none,0,0,0,0.292,none,-99,0.292
2001,MX,13,E,5,-99,-99,4,-99,-99,0.346,1,-99,-99,0.098,none,0,0,none,0,0,0.287,0.054,none,-99,0.341
2001,MX,14,C,1,-99,-99,11,-99,-99,1.244,0,-99,-99,0,none,0,0,none,0,0,0.353,0.361,none,-99,0.714
2001,MX,14,C,2,-99,-99,18,-99,-99,1.538,3,-99,-99,0.329,none,0,0,none,0,0,0.136,4.142,none,-99,4.278
2001,MX,14,C,3,-99,-99,5,-99,-99,0.439,0,-99,-99,0,none,0,0,none,0,0,0.356,0.546,none,-99,0.902
2001,MX,14,C,4,-99,-99,8,-99,-99,1.554,3,-99,-99,0.515,none,0,0,none,0,0,0.093,2.9,none,-99,2.993
2001,MX,14,C,5,-99,-99,12,-99,-99,1.293,3,-99,-99,0.115,none,0,0,none,0,0,0.604,1.44,none,-99,2.044
2001,MX,15,A,1,-99,-99,7,-99,-99,0.877,3,-99,-99,0.667,none,0,0,none,0,0,0.9,1.304,none,-99,2.204
2001,MX,15,A,2,-99,-99,0,-99,-99,0,5,-99,-99,0.899,none,0,0,none,0,0,0.32,2.235,none,-99,2.555
2001,MX,15,A,3,-99,-99,0,-99,-99,0,4,-99,-99,0.416,none,0,0,none,0,0,1.122,2.408,none,-99,3.53
2001,MX,15,A,4,-99,-99,0,-99,-99,0,6,-99,-99,0.752,none,0,0,none,0,0,0.456,4.288,none,-99,4.744
2001,MX,15,A,5,-99,-99,8,-99,-99,0.951,4,-99,-99,0.48,none,0,0,none,0,0,0.412,0.527,none,-99,0.939
2002,SP,1,E,1,-99,-99,1,-99,-99,0.194,0,-99,-99,0.000,none,0,0,none,0,0,0.093,2.463,none,-99,2.556
2002,SP,1,E,2,-99,-99,12,-99,-99,1.661,0,-99,-99,0.000,none,0,0,none,0,0,0.051,2.991,none,-99,3.042
2002,SP,1,E,3,-99,-99,2,-99,-99,0.492,0,-99,-99,0.000,none,0,0,none,0,0,0.912,3.016,none,-99,3.928
2002,SP,1,E,4,-99,-99,2,-99,-99,0.068,0,-99,-99,0.000,POHY,1,0.012,none,0,0,0.639,0.208,none,-99,0.847
2002,SP,1,E,5,-99,-99,1,-99,-99,0.171,0,-99,-99,0.000,none,0,0,none,0,0,0.000,0.165,none,-99,0.165
2002,SP,2,A,1,-99,-99,2,-99,-99,0.601,0,-99,-99,0.000,none,0,0,none,0,0,0.000,10.318,none,-99,10.318
2002,SP,2,A,2,-99,-99,8,-99,-99,1.723,0,-99,-99,0.000,none,0,0,none,0,0,0.000,7.208,none,-99,7.208
2002,SP,2,A,3,-99,-99,9,-99,-99,0.825,0,-99,-99,0.000,none,0,0,none,0,0,0.000,0.836,none,-99,0.836
2002,SP,2,A,4,-99,-99,8,-99,-99,1.461,0,-99,-99,0.000,none,0,0,none,0,0,0.000,7.276,none,-99,7.276
2002,SP,2,A,5,-99,-99,8,-99,-99,0.829,0,-99,-99,0.000,none,0,0,none,0,0,0.000,3.371,none,-99,3.371
2002,SP,3,C,1,-99,-99,14,-99,-99,2.289,0,-99,-99,0.000,none,0,0,none,0,0,0.000,1.856,none,-99,1.856
2002,SP,3,C,2,-99,-99,5,-99,-99,1.035,0,-99,-99,0.000,none,0,0,none,0,0,0.000,1.717,none,-99,1.717
2002,SP,3,C,3,-99,-99,3,-99,-99,0.895,0,-99,-99,0.000,none,0,0,none,0,0,0.069,1.868,none,-99,1.937
2002,SP,3,C,4,-99,-99,2,-99,-99,0.602,0,-99,-99,0.000,none,0,0,none,0,0,0.000,3.001,none,-99,3.001
2002,SP,3,C,5,-99,-99,18,-99,-99,3.273,0,-99,-99,0.000,none,0,0,none,0,0,0.007,2.495,none,-99,2.502
2002,SP,4,E,1,-99,-99,4,-99,-99,0.661,0,-99,-99,0.000,none,0,0,none,0,0,0.000,2.494,none,-99,2.494
2002,SP,4,E,2,-99,-99,10,-99,-99,1.446,0,-99,-99,0.000,none,0,0,none,0,0,0.000,1.871,none,-99,1.871
2002,SP,4,E,3,-99,-99,3,-99,-99,0.345,0,-99,-99,0.000,none,0,0,none,0,0,0.000,4.967,none,-99,4.967
2002,SP,4,E,4,-99,-99,8,-99,-99,1.591,0,-99,-99,0.000,none,0,0,none,0,0,0.000,1.242,none,-99,1.242
2002,SP,4,E,5,-99,-99,6,-99,-99,0.723,0,-99,-99,0.000,none,0,0,none,0,0,0.000,1.858,none,-99,1.858
2002,SP,5,A,1,-99,-99,9,-99,-99,1.525,0,-99,-99,0.000,none,0,0,none,0,0,0.000,2.713,none,-99,2.713
2002,SP,5,A,2,-99,-99,12,-99,-99,1.602,0,-99,-99,0.000,none,0,0,none,0,0,0.000,1.829,none,-99,1.829
2002,SP,5,A,3,-99,-99,16,-99,-99,3.029,0,-99,-99,0.000,none,0,0,none,0,0,0.000,2.977,none,-99,2.977
2002,SP,5,A,4,-99,-99,8,-99,-99,1.904,0,-99,-99,0.000,IVFR,1,3.339,none,0,0,0.008,0.078,none,-99,0.086
2002,SP,5,A,5,-99,-99,16,-99,-99,2.717,0,-99,-99,0.000,none,0,0,none,0,0,0.000,3.285,none,-99,3.285
2002,SP,6,C,1,-99,-99,8,-99,-99,1.557,0,-99,-99,0.000,none,0,0,none,0,0,0.000,1.942,none,-99,1.942
2002,SP,6,C,2,-99,-99,20,-99,-99,3.561,0,-99,-99,0.000,none,0,0,none,0,0,0.000,0.655,none,-99,0.655
2002,SP,6,C,3,-99,-99,3,-99,-99,0.555,0,-99,-99,0.000,none,0,0,none,0,0,0.229,3.248,none,-99,3.477
2002,SP,6,C,4,-99,-99,8,-99,-99,1.753,0,-99,-99,0.000,none,0,0,none,0,0,0.000,3.326,none,-99,3.326
2002,SP,6,C,5,-99,-99,11,-99,-99,1.766,0,-99,-99,0.000,none,0,0,none,0,0,0.000,1.879,none,-99,1.879
2002,SP,7,C,1,-99,-99,16,-99,-99,1.826,0,-99,-99,0.000,none,0,0,none,0,0,0.000,3.187,none,-99,3.187
2002,SP,7,C,2,-99,-99,3,-99,-99,0.207,0,-99,-99,0.000,none,0,0,none,0,0,0.000,3.285,none,-99,3.285
2002,SP,7,C,3,-99,-99,13,-99,-99,1.373,0,-99,-99,0.000,none,0,0,none,0,0,0.000,3.322,none,-99,3.322
2002,SP,7,C,4,-99,-99,6,-99,-99,0.437,0,-99,-99,0.000,none,0,0,none,0,0,0.000,2.936,none,-99,2.936
2002,SP,7,C,5,-99,-99,8,-99,-99,0.977,0,-99,-99,0.000,none,0,0,none,0,0,0.000,3.038,none,-99,3.038
2002,SP,8,E,1,-99,-99,5,-99,-99,0.574,0,-99,-99,0.000,none,0,0,none,0,0,0.000,3.741,none,-99,3.741
2002,SP,8,E,2,-99,-99,35,-99,-99,3.731,0,-99,-99,0.000,none,0,0,none,0,0,0.000,3.030,none,-99,3.03
2002,SP,8,E,3,-99,-99,11,-99,-99,0.543,0,-99,-99,0.000,none,0,0,none,0,0,0.000,2.200,none,-99,2.2
2002,SP,8,E,4,-99,-99,3,-99,-99,0.207,0,-99,-99,0.000,none,0,0,none,0,0,0.000,2.008,none,-99,2.008
2002,SP,8,E,5,-99,-99,7,-99,-99,0.763,0,-99,-99,0.000,none,0,0,none,0,0,0.000,0.795,none,-99,0.795
2002,SP,9,A,1,-99,-99,4,-99,-99,0.390,0,-99,-99,0.000,none,0,0,none,0,0,0.000,0.237,none,-99,0.237
2002,SP,9,A,2,-99,-99,31,-99,-99,4.181,0,-99,-99,0.000,none,0,0,none,0,0,0.000,2.153,none,-99,2.153
2002,SP,9,A,3,-99,-99,14,-99,-99,2.489,0,-99,-99,0.000,none,0,0,none,0,0,0.000,1.479,none,-99,1.479
2002,SP,9,A,4,-99,-99,4,-99,-99,0.836,0,-99,-99,0.000,none,0,0,none,0,0,0.000,1.045,none,-99,1.045
2002,SP,9,A,5,-99,-99,7,-99,-99,0.786,0,-99,-99,0.000,none,0,0,none,0,0,0.000,2.639,none,-99,2.639
2002,SP,10,E,1,-99,-99,9,-99,-99,0.874,0,-99,-99,0.000,none,0,0,none,0,0,0.000,1.116,none,-99,1.116
2002,SP,10,E,2,-99,-99,10,-99,-99,0.440,0,-99,-99,0.000,none,0,0,none,0,0,0.000,2.931,none,-99,2.931
2002,SP,10,E,3,-99,-99,16,-99,-99,1.417,0,-99,-99,0.000,none,0,0,none,0,0,0.000,5.132,none,-99,5.1317
2002,SP,10,E,4,-99,-99,4,-99,-99,0.408,0,-99,-99,0.000,none,0,0,none,0,0,0.000,2.218,none,-99,2.2176
2002,SP,10,E,5,-99,-99,11,-99,-99,0.686,0,-99,-99,0.000,none,0,0,none,0,0,0.000,0.533,none,-99,0.5332
2002,SP,11,A,1,-99,-99,0,-99,-99,0.000,8,-99,-99,1.487,none,0,0,none,0,0,0.000,2.969,none,-99,2.969
2002,SP,11,A,2,-99,-99,2,-99,-99,0.361,11,-99,-99,1.708,none,0,0,none,0,0,0.000,2.140,none,-99,2.1397
2002,SP,11,A,3,-99,-99,0,-99,-99,0.000,4,-99,-99,0.449,POHY,2,0.016,none,0,0,0.000,6.408,none,-99,6.408
2002,SP,11,A,4,-99,-99,0,-99,-99,0.000,1,-99,-99,0.317,none,0,0,none,0,0,0.000,0.925,none,-99,0.9245
2002,SP,11,A,5,-99,-99,2,-99,-99,0.149,4,-99,-99,0.717,none,0,0,none,0,0,0.000,6.401,none,-99,6.401
2002,SP,12,C,1,-99,-99,18,-99,-99,2.101,0,-99,-99,0.000,none,0,0,none,0,0,0.050,4.074,none,-99,4.124
2002,SP,12,C,2,-99,-99,12,-99,-99,2.300,0,-99,-99,0.000,none,0,0,none,0,0,0.000,3.938,none,-99,3.938
2002,SP,12,C,3,-99,-99,15,-99,-99,1.529,0,-99,-99,0.000,none,0,0,none,0,0,0.000,3.409,none,-99,3.409
2002,SP,12,C,4,-99,-99,22,-99,-99,2.909,0,-99,-99,0.000,none,0,0,none,0,0,0.000,1.824,none,-99,1.824
2002,SP,12,C,5,-99,-99,12,-99,-99,1.388,0,-99,-99,0.000,none,0,0,none,0,0,0.027,3.390,none,-99,3.417
2002,SP,13,A,1,-99,-99,19,-99,-99,1.099,0,-99,-99,0.000,none,0,0,none,0,0,0.000,0.146,none,-99,0.146
2002,SP,13,A,2,-99,-99,10,-99,-99,0.549,0,-99,-99,0.000,none,0,0,none,0,0,0.000,2.068,none,-99,2.068
2002,SP,13,A,3,-99,-99,6,-99,-99,0.501,0,-99,-99,0.000,none,0,0,none,0,0,0.000,0.279,none,-99,0.279
2002,SP,13,A,4,-99,-99,58,-99,-99,3.299,0,-99,-99,0.000,none,0,0,none,0,0,0.000,1.758,none,-99,1.758
2002,SP,13,A,5,-99,-99,7,-99,-99,0.998,0,-99,-99,0.000,none,0,0,none,0,0,0.000,1.159,none,-99,1.159
2002,SP,14,E,1,-99,-99,2,-99,-99,0.101,0,-99,-99,0.000,none,0,0,none,0,0,0.000,1.037,none,-99,1.0373
2002,SP,14,E,2,-99,-99,10,-99,-99,1.158,0,-99,-99,0.000,none,0,0,none,0,0,0.000,2.667,none,-99,2.667
2002,SP,14,E,3,-99,-99,10,-99,-99,0.875,0,-99,-99,0.000,POHY,1,0.0519,none,0,0,0.000,1.349,none,-99,1.3492
2002,SP,14,E,4,-99,-99,19,-99,-99,2.004,0,-99,-99,0.000,POHY,1,0.008,none,0,0,0.000,0.922,none,-99,0.922
2002,SP,14,E,5,-99,-99,11,-99,-99,0.662,0,-99,-99,0.000,none,0,0,none,0,0,0.000,1.140,none,-99,1.14
2002,SP,15,C,1,-99,-99,4,-99,-99,0.817,0,-99,-99,0.000,none,0,0,none,0,0,3.569,0.000,none,-99,3.569
2002,SP,15,C,2,-99,-99,2,-99,-99,0.105,0,-99,-99,0.000,none,0,0,none,0,0,0.692,0.248,none,-99,0.94
2002,SP,15,C,3,-99,-99,11,-99,-99,2.305,0,-99,-99,0.000,none,0,0,none,0,0,0.160,2.811,none,-99,2.971
2002,SP,15,C,4,-99,-99,9,-99,-99,0.858,0,-99,-99,0.000,none,0,0,none,0,0,0.255,2.114,none,-99,2.369
2002,SP,15,C,5,-99,-99,15,-99,-99,1.872,0,-99,-99,0.000,none,0,0,none,0,0,0.254,1.349,none,-99,1.603
2002,SC,1,E,1,-99,-99,0,-99,-99,0.000,0,-99,-99,0.000,none,0,0,none,0,0,2.438,0.286,none,-99,2.724
2002,SC,1,E,2,-99,-99,0,-99,-99,0.000,1,-99,-99,0.144,none,0,0,none,0,0,1.379,0.220,none,-99,1.599
2002,SC,1,E,3,-99,-99,0,-99,-99,0.000,0,-99,-99,0.000,none,0,0,none,0,0,5.890,0.230,none,-99,6.12
2002,SC,1,E,4,-99,-99,0,-99,-99,0.000,2,-99,-99,0.201,none,0,0,none,0,0,3.860,0.841,none,-99,4.701
2002,SC,1,E,5,-99,-99,0,-99,-99,0.000,0,-99,-99,0.000,none,0,0,none,0,0,2.225,0.069,none,-99,2.294
2002,SC,2,A,1,-99,-99,3,-99,-99,0.227,0,-99,-99,0.000,none,0,0,none,0,0,1.565,0.308,none,-99,1.873
2002,SC,2,A,2,-99,-99,8,-99,-99,1.047,0,-99,-99,0.000,none,0,0,none,0,0,1.382,2.031,none,-99,3.413
2002,SC,2,A,3,-99,-99,10,-99,-99,1.639,0,-99,-99,0.000,none,0,0,none,0,0,0.254,3.366,none,-99,3.62
2002,SC,2,A,4,-99,-99,3,-99,-99,0.154,0,-99,-99,0.000,none,0,0,none,0,0,0.189,0.949,none,-99,1.138
2002,SC,2,A,5,-99,-99,2,-99,-99,0.403,0,-99,-99,0.000,none,0,0,none,0,0,1.868,0.190,none,-99,2.058
2002,SC,3,C,1,-99,-99,0,-99,-99,0.000,0,-99,-99,0.000,none,0,0,none,0,0,0.377,0.327,none,-99,0.704
2002,SC,3,C,2,-99,-99,9,-99,-99,1.698,0,-99,-99,0.000,none,0,0,none,0,0,0.848,2.300,none,-99,3.148
2002,SC,3,C,3,-99,-99,9,-99,-99,1.663,0,-99,-99,0.000,none,0,0,none,0,0,1.379,0.861,none,-99,2.24
2002,SC,3,C,4,-99,-99,2,-99,-99,0.061,0,-99,-99,0.000,none,0,0,none,0,0,0.962,0.611,none,-99,1.573
2002,SC,3,C,5,-99,-99,6,-99,-99,0.821,0,-99,-99,0.000,none,0,0,none,0,0,0.652,0.261,none,-99,0.913
2002,SC,4,A,1,-99,-99,4,-99,-99,0.610,1,-99,-99,0.152,none,0,0,none,0,0,3.958,1.086,none,-99,5.044
2002,SC,4,A,2,-99,-99,2,-99,-99,0.025,3,-99,-99,0.422,none,0,0,none,0,0,2.249,0.726,none,-99,2.975
2002,SC,4,A,3,-99,-99,1,-99,-99,0.189,0,-99,-99,0.000,none,0,0,none,0,0,2.673,0.280,none,-99,2.953
2002,SC,4,A,4,-99,-99,2,-99,-99,0.131,0,-99,-99,0.000,none,0,0,none,0,0,1.939,0.288,none,-99,2.227
2002,SC,4,A,5,-99,-99,2,-99,-99,0.346,1,-99,-99,0.071,none,0,0,none,0,0,2.251,0.235,none,-99,2.486
2002,SC,5,C,1,-99,-99,6,-99,-99,0.688,1,-99,-99,0.184,none,0,0,none,0,0,0.241,1.210,none,-99,1.451
2002,SC,5,C,2,-99,-99,15,-99,-99,2.178,0,-99,-99,0.000,none,0,0,none,0,0,0.236,2.732,none,-99,2.968
2002,SC,5,C,3,-99,-99,6,-99,-99,0.863,2,-99,-99,0.289,none,0,0,none,0,0,1.326,3.383,none,-99,4.709
2002,SC,5,C,4,-99,-99,8,-99,-99,1.232,3,-99,-99,0.299,none,0,0,none,0,0,0.731,0.776,none,-99,1.507
2002,SC,5,C,5,-99,-99,11,-99,-99,1.367,0,-99,-99,0.000,none,0,0,none,0,0,0.700,1.197,none,-99,1.897
2002,SC,6,E,1,-99,-99,0,-99,-99,0.000,0,-99,-99,0.000,none,0,0,none,0,0,1.047,0.664,none,-99,1.711
2002,SC,6,E,2,-99,-99,2,-99,-99,0.603,1,-99,-99,0.238,none,0,0,none,0,0,1.273,0.410,none,-99,1.683
2002,SC,6,E,3,-99,-99,1,-99,-99,0.152,1,-99,-99,0.130,none,0,0,none,0,0,2.456,1.198,none,-99,3.654
2002,SC,6,E,4,-99,-99,0,-99,-99,0.000,0,-99,-99,0.000,none,0,0,none,0,0,1.340,1.014,none,-99,2.354
2002,SC,6,E,5,-99,-99,0,-99,-99,0.000,1,-99,-99,0.132,none,0,0,none,0,0,1.829,1.024,none,-99,2.853
2002,SC,7,C,1,-99,-99,0,-99,-99,0.000,2,-99,-99,0.246,none,0,0,none,0,0,0.775,0.084,none,-99,0.859
2002,SC,7,C,2,-99,-99,0,-99,-99,0.000,5,-99,-99,0.787,none,0,0,none,0,0,0.083,0.000,none,-99,0.083
2002,SC,7,C,3,-99,-99,0,-99,-99,0.000,4,-99,-99,0.793,none,0,0,none,0,0,0.862,0.894,none,-99,1.756
2002,SC,7,C,4,-99,-99,0,-99,-99,0.000,8,-99,-99,1.771,none,0,0,none,0,0,2.923,1.384,none,-99,4.307
2002,SC,7,C,5,-99,-99,0,-99,-99,0.000,4,-99,-99,0.443,none,0,0,none,0,0,0.666,0.184,none,-99,0.85
2002,SC,8,A,1,-99,-99,0,-99,-99,0,5,-99,-99,0.759,none,0,0,none,0,0,1.068,6.528,none,-99,7.596
2002,SC,8,A,2,-99,-99,1,-99,-99,0.152,8,-99,-99,0.985,none,0,0,none,0,0,0.067,1.680,none,-99,1.747
2002,SC,8,A,3,-99,-99,0,-99,-99,0,16,-99,-99,3.291,none,0,0,none,0,0,1.027,2.001,none,-99,3.028
2002,SC,8,A,4,-99,-99,0,-99,-99,0,2,-99,-99,0.339,none,0,0,none,0,0,0.824,1.403,none,-99,2.227
2002,SC,8,A,5,-99,-99,0,-99,-99,0,9,-99,-99,1.648,none,0,0,none,0,0,1.210,2.916,none,-99,4.126
2002,SC,9,E,1,-99,-99,0,-99,-99,0.000,1,-99,-99,0.266,none,0,0,none,0,0,3.755,0.188,none,-99,3.943
2002,SC,9,E,2,-99,-99,1,-99,-99,0.249,0,-99,-99,0.000,none,0,0,none,0,0,4.734,0.313,none,-99,5.047
2002,SC,9,E,3,-99,-99,0,-99,-99,0.000,3,-99,-99,0.174,none,0,0,none,0,0,0.853,0.631,none,-99,1.484
2002,SC,9,E,4,-99,-99,0,-99,-99,0.000,4,-99,-99,0.235,POHY,1,0.171,none,0,0,1.282,0.140,none,-99,1.422
2002,SC,9,E,5,-99,-99,1,-99,-99,0.069,0,-99,-99,0.000,none,0,0,none,0,0,2.285,0.235,none,-99,2.52
2002,SC,10,E,1,-99,-99,1,-99,-99,0.188,1,-99,-99,0.192,none,0,0,none,0,0,1.755,0.986,none,-99,2.741
2002,SC,10,E,2,-99,-99,4,-99,-99,0.610,1,-99,-99,0.000,none,0,0,none,0,0,1.113,0.311,none,-99,1.424
2002,SC,10,E,3,-99,-99,2,-99,-99,0.779,2,-99,-99,0.216,none,0,0,none,0,0,0.238,0.164,none,-99,0.402
2002,SC,10,E,4,-99,-99,1,-99,-99,0.079,0,-99,-99,0.000,none,0,0,none,0,0,0.243,0.140,none,-99,0.383
2002,SC,10,E,5,-99,-99,2,-99,-99,0.116,1,-99,-99,0.145,none,0,0,none,0,0,1.806,1.004,none,-99,2.81
2002,SC,11,C,1,-99,-99,13,-99,-99,1.307,0,-99,-99,0.000,none,0,0,none,0,0,0.073,1.675,none,-99,1.748
2002,SC,11,C,2,-99,-99,12,-99,-99,1.143,0,-99,-99,0.000,none,0,0,none,0,0,0.098,3.506,none,-99,3.604
2002,SC,11,C,3,-99,-99,5,-99,-99,0.884,9,-99,-99,1.194,none,0,0,none,0,0,1.238,0.543,none,-99,1.781
2002,SC,11,C,4,-99,-99,1,-99,-99,0.256,0,-99,-99,0.000,none,0,0,none,0,0,0.684,1.003,none,-99,1.687
2002,SC,11,C,5,-99,-99,5,-99,-99,0.694,1,-99,-99,0.303,none,0,0,none,0,0,0.655,2.867,none,-99,3.522
2002,SC,12,A,1,-99,-99,2,-99,-99,0.135,3,-99,-99,0.339,none,0,0,none,0,0,0.000,2.865,none,-99,2.865
2002,SC,12,A,2,-99,-99,3,-99,-99,0.646,8,-99,-99,1.036,none,0,0,none,0,0,0.027,4.174,none,-99,4.201
2002,SC,12,A,3,-99,-99,0,-99,-99,0.000,6,-99,-99,1.439,none,0,0,none,0,0,0.505,4.579,none,-99,5.084
2002,SC,12,A,4,-99,-99,0,-99,-99,0.000,8,-99,-99,1.154,none,0,0,none,0,0,0.037,3.692,none,-99,3.729
2002,SC,12,A,5,-99,-99,2,-99,-99,0.499,5,-99,-99,1.050,none,0,0,none,0,0,0.029,2.683,none,-99,2.712
2002,SC,13,C,1,-99,-99,8,-99,-99,1.534,0,-99,-99,0.000,none,0,0,none,0,0,0.000,2.800,none,-99,2.8
2002,SC,13,C,2,-99,-99,34,-99,-99,8.885,0,-99,-99,0.000,none,0,0,none,0,0,0.055,9.840,none,-99,9.895
2002,SC,13,C,3,-99,-99,21,-99,-99,3.824,1,-99,-99,0.424,none,0,0,none,0,0,0.096,3.772,none,-99,3.868
2002,SC,13,C,4,-99,-99,8,-99,-99,1.739,5,-99,-99,0.650,none,0,0,none,0,0,0.002,2.005,none,-99,2.007
2002,SC,13,C,5,-99,-99,29,-99,-99,5.648,0,-99,-99,0.000,none,0,0,none,0,0,0.214,6.595,none,-99,6.809
2002,SC,14,E,1,-99,-99,1,-99,-99,0.159,6,-99,-99,1.011,none,0,0,none,0,0,0.053,0.222,none,-99,0.275
2002,SC,14,E,2,-99,-99,2,-99,-99,0.274,4,-99,-99,0.708,none,0,0,none,0,0,2.139,3.782,none,-99,5.921
2002,SC,14,E,3,-99,-99,4,-99,-99,0.500,1,-99,-99,0.241,none,0,0,none,0,0,1.842,1.826,none,-99,3.668
2002,SC,14,E,4,-99,-99,2,-99,-99,0.103,5,-99,-99,0.447,none,0,0,none,0,0,0.427,0.506,none,-99,0.933
2002,SC,14,E,5,-99,-99,0,-99,-99,0.000,5,-99,-99,0.750,none,0,0,none,0,0,0.589,0.798,none,-99,1.387
2002,SC,15,A,1,-99,-99,5,-99,-99,0.939,0,-99,-99,0.000,none,0,0,none,0,0,0.210,1.597,none,-99,1.807
2002,SC,15,A,2,-99,-99,1,-99,-99,0.208,0,-99,-99,0.000,none,0,0,none,0,0,0.011,2.654,none,-99,2.665
2002,SC,15,A,3,-99,-99,7,-99,-99,1.242,0,-99,-99,0.000,none,0,0,none,0,0,0.172,3.027,none,-99,3.199
2002,SC,15,A,4,-99,-99,2,-99,-99,0.331,0,-99,-99,0.000,none,0,0,none,0,0,0.136,2.392,none,-99,2.528
2002,SC,15,A,5,-99,-99,9,-99,-99,1.553,0,-99,-99,0.000,none,0,0,none,0,0,0.496,1.483,none,-99,1.979
2002,MX,1,E,1,-99,-99,0,-99,-99,0.000,2,-99,-99,0.439,none,0,0,none,0,0,1.709,1.813,none,-99,3.522
2002,MX,1,E,2,-99,-99,9,-99,-99,1.683,2,-99,-99,0.271,none,0,0,none,0,0,1.239,3.491,none,-99,4.73
2002,MX,1,E,3,-99,-99,3,-99,-99,0.218,1,-99,-99,0.121,none,0,0,none,0,0,1.573,1.816,none,-99,3.389
2002,MX,1,E,4,-99,-99,0,-99,-99,0.000,1,-99,-99,0.012,none,0,0,none,0,0,3.903,2.974,none,-99,6.877
2002,MX,1,E,5,-99,-99,4,-99,-99,0.276,1,-99,-99,0.178,none,0,0,none,0,0,1.764,2.089,none,-99,3.853
2002,MX,2,A,1,-99,-99,5,-99,-99,0.682,2,-99,-99,0.311,none,0,0,none,0,0,0.975,4.160,none,-99,5.135
2002,MX,2,A,2,-99,-99,3,-99,-99,0.162,0,-99,-99,0.000,none,0,0,none,0,0,0.471,4.315,none,-99,4.786
2002,MX,2,A,3,-99,-99,0,-99,-99,0.000,3,-99,-99,0.641,none,0,0,none,0,0,1.394,2.179,none,-99,3.573
2002,MX,2,A,4,-99,-99,0,-99,-99,0.000,6,-99,-99,0.760,none,0,0,none,0,0,0.514,0.794,none,-99,1.308
2002,MX,2,A,5,-99,-99,0,-99,-99,0.000,10,-99,-99,1.753,none,0,0,none,0,0,3.475,4.248,none,-99,7.723
2002,MX,3,C,1,-99,-99,19,-99,-99,2.683,0,-99,-99,0.000,none,0,0,none,0,0,0.391,5.081,none,-99,5.472
2002,MX,3,C,2,-99,-99,7,-99,-99,1.208,0,-99,-99,0.000,none,0,0,none,0,0,0.686,3.579,none,-99,4.265
2002,MX,3,C,3,-99,-99,4,-99,-99,0.536,0,-99,-99,0.000,none,0,0,none,0,0,1.183,1.949,none,-99,3.132
2002,MX,3,C,4,-99,-99,17,-99,-99,1.742,0,-99,-99,0.000,none,0,0,none,0,0,0.664,1.069,none,-99,1.733
2002,MX,3,C,5,-99,-99,1,-99,-99,0.296,3,-99,-99,0.685,none,0,0,none,0,0,0.116,0.416,none,-99,0.532
2002,MX,4,E,1,-99,-99,3,-99,-99,0.321,2,-99,-99,0.150,none,0,0,none,0,0,0.150,2.048,none,-99,2.198
2002,MX,4,E,2,-99,-99,1,-99,-99,0.139,0,-99,-99,0.000,POHY,1,0.020,none,0,0,0.597,0.698,none,-99,1.295
2002,MX,4,E,3,-99,-99,0,-99,-99,0.000,0,-99,-99,0.000,none,0,0,none,0,0,0.548,1.693,none,-99,2.241
2002,MX,4,E,4,-99,-99,0,-99,-99,0.000,1,-99,-99,0.226,none,0,0,none,0,0,0.407,1.511,none,-99,1.918
2002,MX,4,E,5,-99,-99,0,-99,-99,0.000,3,-99,-99,0.683,none,0,0,none,0,0,0.592,0.242,none,-99,0.834
2002,MX,5,C,1,-99,-99,5,-99,-99,0.767,0,-99,-99,0.000,none,0,0,none,0,0,0.029,0.811,none,-99,0.84
2002,MX,5,C,2,-99,-99,16,-99,-99,1.922,0,-99,-99,0.000,none,0,0,none,0,0,0.805,1.231,none,-99,2.036
2002,MX,5,C,3,-99,-99,4,-99,-99,0.602,0,-99,-99,0.000,none,0,0,none,0,0,0.260,0.730,none,-99,0.99
2002,MX,5,C,4,-99,-99,5,-99,-99,0.526,0,-99,-99,0.000,POHY,1,0.004,none,0,0,0.124,1.379,none,-99,1.503
2002,MX,5,C,5,-99,-99,2,-99,-99,0.287,2,-99,-99,0.394,none,0,0,none,0,0,1.319,3.979,none,-99,5.298
2002,MX,6,A,1,-99,-99,4,-99,-99,0.589,2,-99,-99,0.237,none,0,0,none,0,0,0.516,3.281,none,-99,3.797
2002,MX,6,A,2,-99,-99,6,-99,-99,0.915,4,-99,-99,0.525,none,0,0,none,0,0,1.275,2.981,none,-99,4.256
2002,MX,6,A,3,-99,-99,0,-99,-99,0.000,2,-99,-99,0.233,none,0,0,none,0,0,0.817,1.461,none,-99,2.278
2002,MX,6,A,4,-99,-99,1,-99,-99,0.286,0,-99,-99,0.000,none,0,0,none,0,0,0.979,1.861,none,-99,2.84
2002,MX,6,A,5,-99,-99,5,-99,-99,0.347,2,-99,-99,0.296,none,0,0,none,0,0,1.530,4.330,none,-99,5.86
2002,MX,7,C,1,-99,-99,9,-99,-99,0.806,9,-99,-99,1.359,none,0,0,none,0,0,0.387,1.579,none,-99,1.966
2002,MX,7,C,2,-99,-99,1,-99,-99,0.038,15,-99,-99,2.085,none,0,0,none,0,0,0.409,1.164,none,-99,1.573
2002,MX,7,C,3,-99,-99,10,-99,-99,1.500,2,-99,-99,0.092,none,0,0,none,0,0,0.075,2.310,none,-99,2.385
2002,MX,7,C,4,-99,-99,5,-99,-99,0.709,1,-99,-99,0.114,none,0,0,none,0,0,0.294,4.176,none,-99,4.47
2002,MX,7,C,5,-99,-99,5,-99,-99,0.696,7,-99,-99,0.691,none,0,0,none,0,0,0.832,0.562,none,-99,1.394
2002,MX,8,E,1,-99,-99,4,-99,-99,0.217,1,-99,-99,0.054,none,0,0,none,0,0,0.226,2.495,none,-99,2.721
2002,MX,8,E,2,-99,-99,6,-99,-99,0.673,0,-99,-99,0.000,none,0,0,none,0,0,0.115,1.591,none,-99,1.706
2002,MX,8,E,3,-99,-99,8,-99,-99,0.603,5,-99,-99,0.498,none,0,0,none,0,0,0.215,1.934,none,-99,2.149
2002,MX,8,E,4,-99,-99,4,-99,-99,0.697,5,-99,-99,0.428,none,0,0,none,0,0,0.084,3.033,none,-99,3.117
2002,MX,8,E,5,-99,-99,7,-99,-99,0.685,2,-99,-99,0.142,none,0,0,none,0,0,0.004,1.460,none,-99,1.464
2002,MX,9,A,1,-99,-99,4,-99,-99,0.403,6,-99,-99,0.519,none,0,0,none,0,0,1.252,0.434,none,-99,1.686
2002,MX,9,A,2,-99,-99,0,-99,-99,0.000,0,-99,-99,0.000,none,0,0,none,0,0,0.574,2.307,none,-99,2.8818
2002,MX,9,A,3,-99,-99,0,-99,-99,0.000,2,-99,-99,0.488,none,0,0,none,0,0,0.712,1.591,none,-99,2.303
2002,MX,9,A,4,-99,-99,0,-99,-99,0.000,8,-99,-99,0.712,none,0,0,none,0,0,1.832,4.375,none,-99,6.2071
2002,MX,9,A,5,-99,-99,0,-99,-99,0.000,0,-99,-99,0.000,none,0,0,none,0,0,0.791,1.040,none,-99,1.831
2002,MX,10,C,1,-99,-99,20,-99,-99,3.367,0,-99,-99,0.000,none,0,0,none,0,0,0.137,3.604,none,-99,3.741
2002,MX,10,C,2,-99,-99,3,-99,-99,0.204,1,-99,-99,0.051,none,0,0,none,0,0,0.514,0.851,none,-99,1.365
2002,MX,10,C,3,-99,-99,7,-99,-99,0.641,6,-99,-99,0.724,none,0,0,none,0,0,0.049,1.483,none,-99,1.532
2002,MX,10,C,4,-99,-99,8,-99,-99,0.973,9,-99,-99,0.876,none,0,0,none,0,0,0.725,0.497,none,-99,1.222
2002,MX,10,C,5,-99,-99,20,-99,-99,2.596,1,-99,-99,0.077,none,0,0,none,0,0,0.145,0.345,none,-99,0.49
2002,MX,11,E,1,-99,-99,1,-99,-99,0.075,2,-99,-99,0.101,none,0,0,none,0,0,1.372,2.157,none,-99,3.529
2002,MX,11,E,2,-99,-99,13,-99,-99,1.715,0,-99,-99,0.000,none,0,0,none,0,0,0.130,2.419,none,-99,2.549
2002,MX,11,E,3,-99,-99,8,-99,-99,1.181,0,-99,-99,0.000,none,0,0,none,0,0,1.318,2.839,none,-99,4.157
2002,MX,11,E,4,-99,-99,0,-99,-99,0.000,1,-99,-99,0.170,none,0,0,none,0,0,1.984,2.984,none,-99,4.968
2002,MX,11,E,5,-99,-99,5,-99,-99,0.642,1,-99,-99,0.101,none,0,0,none,0,0,3.311,0.527,none,-99,3.838
2002,MX,12,A,1,-99,-99,2,-99,-99,0.115,10,-99,-99,1.212,none,0,0,none,0,0,1.218,1.131,none,-99,2.3484
2002,MX,12,A,2,-99,-99,0,-99,-99,0.000,1,-99,-99,0.054,none,0,0,none,0,0,0.580,0.364,none,-99,0.9437
2002,MX,12,A,3,-99,-99,0,-99,-99,0.000,1,-99,-99,0.039,none,0,0,none,0,0,0.808,0.998,none,-99,1.8058
2002,MX,12,A,4,-99,-99,0,-99,-99,0.000,6,-99,-99,1.092,none,0,0,none,0,0,0.876,1.404,none,-99,2.2797
2002,MX,12,A,5,-99,-99,0,-99,-99,0.000,0,-99,-99,0.000,none,0,0,none,0,0,1.622,0.449,none,-99,2.0713
2002,MX,13,E,1,-99,-99,3,-99,-99,0.066,2,-99,-99,0.279,none,0,0,none,0,0,0.551,0.868,none,-99,1.4198
2002,MX,13,E,2,-99,-99,1,-99,-99,0.209,0,-99,-99,0.000,none,0,0,none,0,0,0.348,0.898,none,-99,1.2451
2002,MX,13,E,3,-99,-99,2,-99,-99,0.450,2,-99,-99,0.302,none,0,0,none,0,0,1.143,0.610,none,-99,1.7522
2002,MX,13,E,4,-99,-99,0,-99,-99,0.000,2,-99,-99,0.479,none,0,0,none,0,0,2.498,0.800,none,-99,3.2975
2002,MX,13,E,5,-99,-99,0,-99,-99,0.000,4,-99,-99,0.611,none,0,0,none,0,0,0.167,0.821,none,-99,0.9881
2002,MX,14,C,1,-99,-99,5,-99,-99,0.553,0,-99,-99,0.000,none,0,0,none,0,0,0.204,0.692,none,-99,0.896
2002,MX,14,C,2,-99,-99,6,-99,-99,0.667,0,-99,-99,0.000,none,0,0,none,0,0,0.175,1.597,none,-99,1.772
2002,MX,14,C,3,-99,-99,1,-99,-99,0.032,1,-99,-99,0.022,none,0,0,none,0,0,0.425,0.391,none,-99,0.816
2002,MX,14,C,4,-99,-99,2,-99,-99,0.117,2,-99,-99,0.290,none,0,0,none,0,0,0.542,0.834,none,-99,1.376
2002,MX,14,C,5,-99,-99,3,-99,-99,0.387,2,-99,-99,0.327,none,0,0,none,0,0,0.757,3.582,none,-99,4.339
2002,MX,15,A,1,-99,-99,9,-99,-99,0.777,3,-99,-99,0.267,none,0,0,none,0,0,0.702,0.738,none,-99,1.4402
2002,MX,15,A,2,-99,-99,12,-99,-99,1.673,1,-99,-99,0.207,none,0,0,none,0,0,0.170,3.342,none,-99,3.512
2002,MX,15,A,3,-99,-99,3,-99,-99,0.336,2,-99,-99,0.263,none,0,0,none,0,0,0.309,2.941,none,-99,3.2503
2002,MX,15,A,4,-99,-99,0,-99,-99,0.000,0,-99,-99,0.000,none,0,0,none,0,0,1.275,4.350,none,-99,5.625
2002,MX,15,A,5,-99,-99,2,-99,-99,0.348,2,-99,-99,0.436,none,0,0,none,0,0,2.970,0.462,none,-99,3.432
2003,SP,1,E,1,-99,-99,2,-99,-99,0.032,0,-99,-99,0.000,none,0,0,none,0,0,0.000,0.967,none,-99,0.967
2003,SP,1,E,2,-99,-99,7,-99,-99,1.707,0,-99,-99,0.000,POHY,1,0.009,none,0,0,0.000,1.152,none,-99,1.152
2003,SP,1,E,3,-99,-99,6,-99,-99,0.625,0,-99,-99,0.000,POHY,2,0.091,none,0,0,0.000,0.627,none,-99,0.627
2003,SP,1,E,4,-99,-99,1,-99,-99,0.122,0,-99,-99,0.000,POHY,2,0.277,none,0,0,0.000,0.080,none,-99,0.08
2003,SP,1,E,5,-99,-99,7,-99,-99,1.184,0,-99,-99,0.000,none,0,0,none,0,0,0.000,2.473,none,-99,2.473
2003,SP,2,A,1,-99,-99,23,-99,-99,2.434,0,-99,-99,0.000,none,0,0,none,0,0,0.000,3.890,none,-99,3.89
2003,SP,2,A,2,-99,-99,2,-99,-99,0.454,0,-99,-99,0.000,none,0,0,none,0,0,0.000,2.594,none,-99,2.594
2003,SP,2,A,3,-99,-99,0,-99,-99,0.000,0,-99,-99,0.000,none,0,0,none,0,0,0.000,2.187,none,-99,2.187
2003,SP,2,A,4,-99,-99,4,-99,-99,0.408,0,-99,-99,0.000,none,0,0,none,0,0,0.000,1.364,none,-99,1.364
2003,SP,2,A,5,-99,-99,3,-99,-99,0.713,0,-99,-99,0.000,none,0,0,none,0,0,0.000,1.373,none,-99,1.373
2003,SP,3,C,1,-99,-99,3,-99,-99,0.561,0,-99,-99,0.000,none,0,0,none,0,0,0.000,2.035,none,-99,2.035
2003,SP,3,C,2,-99,-99,8,-99,-99,1.681,0,-99,-99,0.000,none,0,0,none,0,0,0.000,1.905,none,-99,1.905
2003,SP,3,C,3,-99,-99,4,-99,-99,1.019,0,-99,-99,0.000,none,0,0,none,0,0,0.000,0.637,none,-99,0.637
2003,SP,3,C,4,-99,-99,7,-99,-99,0.665,0,-99,-99,0.000,none,0,0,none,0,0,0.151,2.206,none,-99,2.357
2003,SP,3,C,5,-99,-99,12,-99,-99,2.058,0,-99,-99,0.000,none,0,0,none,0,0,0.000,2.786,none,-99,2.786
2003,SP,4,E,1,-99,-99,3,-99,-99,0.508,0,-99,-99,0.000,none,0,0,none,0,0,0.000,1.137,none,-99,1.137
2003,SP,4,E,2,-99,-99,12,-99,-99,1.506,0,-99,-99,0.000,none,0,0,none,0,0,0.000,3.025,none,-99,3.025
2003,SP,4,E,3,-99,-99,10,-99,-99,0.789,0,-99,-99,0.000,none,0,0,none,0,0,0.000,0.513,none,-99,0.513
2003,SP,4,E,4,-99,-99,36,-99,-99,3.653,0,-99,-99,0.000,none,0,0,none,0,0,0.000,6.007,none,-99,6.007
2003,SP,4,E,5,-99,-99,5,-99,-99,0.456,0,-99,-99,0.000,none,0,0,none,0,0,0.000,2.204,none,-99,2.204
2003,SP,5,A,1,-99,-99,14,-99,-99,1.330,0,-99,-99,0.000,none,0,0,none,0,0,0.000,0.321,none,-99,0.321
2003,SP,5,A,2,-99,-99,18,-99,-99,3.152,0,-99,-99,0.000,none,0,0,none,0,0,0.000,3.548,none,-99,3.548
2003,SP,5,A,3,-99,-99,7,-99,-99,0.884,0,-99,-99,0.000,none,0,0,none,0,0,0.000,1.089,none,-99,1.089
2003,SP,5,A,4,-99,-99,7,-99,-99,0.973,0,-99,-99,0.000,none,0,0,none,0,0,0.000,1.316,none,-99,1.316
2003,SP,5,A,5,-99,-99,16,-99,-99,1.747,0,-99,-99,0.000,none,0,0,none,0,0,0.000,1.188,none,-99,1.188
2003,SP,6,C,1,-99,-99,1,-99,-99,0.237,0,-99,-99,0.000,POHY,1,0.003,none,0,0,0.000,2.226,none,-99,2.226
2003,SP,6,C,2,-99,-99,22,-99,-99,3.277,0,-99,-99,0.000,none,0,0,none,0,0,0.000,1.960,none,-99,1.96
2003,SP,6,C,3,-99,-99,8,-99,-99,1.163,0,-99,-99,0.000,none,0,0,none,0,0,0.000,4.642,none,-99,4.642
2003,SP,6,C,4,-99,-99,10,-99,-99,0.984,0,-99,-99,0.000,none,0,0,none,0,0,0.000,1.986,none,-99,1.986
2003,SP,6,C,5,-99,-99,2,-99,-99,0.340,0,-99,-99,0.000,none,0,0,none,0,0,0.028,2.209,none,-99,2.237
2003,SP,7,C,1,-99,-99,11,-99,-99,1.183,0,-99,-99,0.000,none,0,0,none,0,0,0.000,2.669,none,-99,2.669
2003,SP,7,C,2,-99,-99,26,-99,-99,3.197,0,-99,-99,0.000,none,0,0,none,0,0,0.000,2.616,none,-99,2.616
2003,SP,7,C,3,-99,-99,1,-99,-99,0.093,0,-99,-99,0.000,none,0,0,none,0,0,0.000,7.441,none,-99,7.441
2003,SP,7,C,4,-99,-99,6,-99,-99,0.632,0,-99,-99,0.000,none,0,0,none,0,0,0.000,1.725,none,-99,1.725
2003,SP,7,C,5,-99,-99,9,-99,-99,1.023,0,-99,-99,0.000,none,0,0,none,0,0,0.000,0.714,none,-99,0.714
2003,SP,8,E,1,-99,-99,27,-99,-99,1.864,0,-99,-99,0.000,none,0,0,none,0,0,0.000,2.319,none,-99,2.319
2003,SP,8,E,2,-99,-99,6,-99,-99,0.597,0,-99,-99,0.000,none,0,0,none,0,0,0.000,0.297,none,-99,0.297
2003,SP,8,E,3,-99,-99,8,-99,-99,0.936,0,-99,-99,0.000,none,0,0,none,0,0,0.000,0.978,none,-99,0.978
2003,SP,8,E,4,-99,-99,9,-99,-99,0.568,0,-99,-99,0.000,POHY,2,0.038,none,0,0,0.000,2.708,none,-99,2.708
2003,SP,8,E,5,-99,-99,3,-99,-99,0.106,0,-99,-99,0.000,none,0,0,none,0,0,0.000,2.809,none,-99,2.809
2003,SP,9,A,1,-99,-99,6,-99,-99,1.126,0,-99,-99,0.000,none,0,0,none,0,0,0.000,2.290,none,-99,2.29
2003,SP,9,A,2,-99,-99,6,-99,-99,0.444,0,-99,-99,0.000,none,0,0,none,0,0,0.000,0.363,none,-99,0.363
2003,SP,9,A,3,-99,-99,3,-99,-99,0.273,0,-99,-99,0.000,none,0,0,none,0,0,0.000,4.814,none,-99,4.814
2003,SP,9,A,4,-99,-99,11,-99,-99,0.459,0,-99,-99,0.000,none,0,0,none,0,0,0.000,3.236,none,-99,3.236
2003,SP,9,A,5,-99,-99,8,-99,-99,1.122,0,-99,-99,0.000,none,0,0,none,0,0,0.085,1.845,none,-99,1.93
2003,SP,10,E,1,-99,-99,3,-99,-99,0.277,0,-99,-99,0.000,none,0,0,none,0,0,0.000,5.209,none,-99,5.209
2003,SP,10,E,2,-99,-99,18,-99,-99,2.504,0,-99,-99,0.000,none,0,0,none,0,0,0.000,2.226,none,-99,2.226
2003,SP,10,E,3,-99,-99,17,-99,-99,2.665,0,-99,-99,0.000,none,0,0,none,0,0,0.000,3.133,none,-99,3.133
2003,SP,10,E,4,-99,-99,12,-99,-99,1.535,0,-99,-99,0.000,none,0,0,none,0,0,0.000,0.176,none,-99,0.176
2003,SP,10,E,5,-99,-99,14,-99,-99,1.388,0,-99,-99,0.000,none,0,0,none,0,0,0.000,1.074,none,-99,1.074
2003,SP,11,A,1,-99,-99,4,-99,-99,0.216,5,-99,-99,0.746,none,0,0,none,0,0,0.000,3.510,none,-99,3.51
2003,SP,11,A,2,-99,-99,3,-99,-99,0.193,6,-99,-99,0.407,POHY,2,0.049,none,0,0,0.000,0.532,none,-99,0.532
2003,SP,11,A,3,-99,-99,0,-99,-99,0.000,16,-99,-99,2.110,POHY,7,0.024,none,0,0,0.000,1.062,none,-99,1.062
2003,SP,11,A,4,-99,-99,0,-99,-99,0.000,9,-99,-99,1.077,none,0,0.000,none,0,0,0.000,4.171,none,-99,4.171
2003,SP,11,A,5,-99,-99,0,-99,-99,0.000,7,-99,-99,1.103,POHY,2,0.013,none,0,0,0.000,2.523,none,-99,2.523
2003,SP,12,C,1,-99,-99,8,-99,-99,0.876,0,-99,-99,0.000,none,0,0,none,0,0,0.000,2.496,none,-99,2.496
2003,SP,12,C,2,-99,-99,37,-99,-99,5.018,0,-99,-99,0.000,none,0,0,none,0,0,0.000,2.088,none,-99,2.088
2003,SP,12,C,3,-99,-99,15,-99,-99,1.922,0,-99,-99,0.000,none,0,0,none,0,0,0.000,3.221,none,-99,3.221
2003,SP,12,C,4,-99,-99,6,-99,-99,1.102,0,-99,-99,0.000,none,0,0,none,0,0,0.000,1.909,none,-99,1.909
2003,SP,12,C,5,-99,-99,35,-99,-99,4.516,0,-99,-99,0.000,none,0,0,none,0,0,0.000,3.479,none,-99,3.479
2003,SP,13,A,1,-99,-99,9,-99,-99,1.053,0,-99,-99,0.000,none,0,0,none,0,0,0.000,2.494,none,-99,2.494
2003,SP,13,A,2,-99,-99,4,-99,-99,0.434,0,-99,-99,0.000,none,0,0,none,0,0,0.000,2.310,none,-99,2.31
2003,SP,13,A,3,-99,-99,18,-99,-99,1.488,0,-99,-99,0.000,none,0,0,none,0,0,0.000,0.730,none,-99,0.73
2003,SP,13,A,4,-99,-99,0,-99,-99,0.000,0,-99,-99,0.000,none,0,0,none,0,0,0.000,5.066,none,-99,5.066
2003,SP,13,A,5,-99,-99,5,-99,-99,0.472,0,-99,-99,0.000,none,0,0,none,0,0,0.000,3.492,none,-99,3.492
2003,SP,14,E,1,-99,-99,5,-99,-99,0.369,0,-99,-99,0.000,POHY,2,0.258,none,0,0,0.000,1.548,none,-99,1.548
2003,SP,14,E,2,-99,-99,0,-99,-99,0.000,0,-99,-99,0.000,none,0,0.000,none,0,0,0.000,0.849,none,-99,0.849
2003,SP,14,E,3,-99,-99,1,-99,-99,0.109,0,-99,-99,0.000,POHY,9,0.823,none,0,0,0.000,2.041,none,-99,2.041
2003,SP,14,E,4,-99,-99,2,-99,-99,0.162,0,-99,-99,0.000,POHY,33,0.891,none,0,0,0.000,1.319,none,-99,1.319
2003,SP,14,E,5,-99,-99,0,-99,-99,0.000,0,-99,-99,0.000,POHY,8,0.704,none,0,0,0.000,0.269,none,-99,0.269
2003,SP,15,C,1,-99,-99,9,-99,-99,2.088,0,-99,-99,0.000,none,0,0,none,0,0,0.000,1.466,none,-99,1.466
2003,SP,15,C,2,-99,-99,13,-99,-99,1.910,0,-99,-99,0.000,none,0,0,none,0,0,0.000,1.104,none,-99,1.104
2003,SP,15,C,3,-99,-99,23,-99,-99,2.659,0,-99,-99,0.000,none,0,0,none,0,0,0.317,0.559,none,-99,0.876
2003,SP,15,C,4,-99,-99,28,-99,-99,4.704,0,-99,-99,0.000,none,0,0,none,0,0,0.000,1.123,none,-99,1.123
2003,SP,15,C,5,-99,-99,22,-99,-99,4.151,0,-99,-99,0.000,none,0,0,none,0,0,0.141,1.271,none,-99,1.412
2003,SC,1,E,1,-99,-99,0,-99,-99,0.000,2,-99,-99,0.233,none,0,0,none,0,0,0.613,0.008,none,-99,0.621
2003,SC,1,E,2,-99,-99,0,-99,-99,0.000,4,-99,-99,0.591,none,0,0,none,0,0,1.400,0.559,none,-99,1.959
2003,SC,1,E,3,-99,-99,0,-99,-99,0.000,1,-99,-99,0.089,none,0,0,none,0,0,1.578,0.401,none,-99,1.979
2003,SC,1,E,4,-99,-99,0,-99,-99,0.000,1,-99,-99,0.075,none,0,0,none,0,0,0.850,0.183,none,-99,1.033
2003,SC,1,E,5,-99,-99,0,-99,-99,0.000,0,-99,-99,0.000,none,0,0,none,0,0,1.143,0.438,none,-99,1.581
2003,SC,2,A,1,-99,-99,1,-99,-99,0.054,0,-99,-99,0.000,none,0,0,none,0,0,0.063,0.481,none,-99,0.544
2003,SC,2,A,2,-99,-99,2,-99,-99,0.571,0,-99,-99,0.000,none,0,0,none,0,0,1.160,0.764,none,-99,1.924
2003,SC,2,A,3,-99,-99,2,-99,-99,0.243,0,-99,-99,0.000,none,0,0,none,0,0,0.000,0.028,none,-99,0.028
2003,SC,2,A,4,-99,-99,0,-99,-99,0.000,0,-99,-99,0.000,none,0,0,none,0,0,0.777,0.928,none,-99,1.705
2003,SC,2,A,5,-99,-99,1,-99,-99,0.005,0,-99,-99,0.000,none,0,0,none,0,0,0.000,0.075,none,-99,0.075
2003,SC,3,C,1,-99,-99,21,-99,-99,3.057,0,-99,-99,0.000,none,0,0,none,0,0,1.680,0.793,none,-99,2.473
2003,SC,3,C,2,-99,-99,6,-99,-99,1.351,0,-99,-99,0.000,none,0,0,none,0,0,1.084,1.176,none,-99,2.26
2003,SC,3,C,3,-99,-99,1,-99,-99,0.312,0,-99,-99,0.000,none,0,0,none,0,0,1.477,0.442,none,-99,1.919
2003,SC,3,C,4,-99,-99,5,-99,-99,1.210,0,-99,-99,0.000,none,0,0,none,0,0,2.298,1.004,none,-99,3.302
2003,SC,3,C,5,-99,-99,1,-99,-99,0.146,0,-99,-99,0.000,none,0,0,none,0,0,1.021,1.577,none,-99,2.598
2003,SC,4,A,1,-99,-99,5,-99,-99,1.017,0,-99,-99,0.000,none,0,0,none,0,0,0.075,0.488,none,-99,0.563
2003,SC,4,A,2,-99,-99,2,-99,-99,0.321,3,-99,-99,0.192,none,0,0,none,0,0,0.526,0.187,none,-99,0.713
2003,SC,4,A,3,-99,-99,0,-99,-99,0.000,1,-99,-99,0.256,none,0,0,none,0,0,0.000,0.631,none,-99,0.631
2003,SC,4,A,4,-99,-99,7,-99,-99,0.838,3,-99,-99,0.255,none,0,0,none,0,0,0.074,0.072,none,-99,0.146
2003,SC,4,A,5,-99,-99,0,-99,-99,0.000,3,-99,-99,0.486,none,0,0,none,0,0,0.000,1.296,none,-99,1.296
2003,SC,5,C,1,-99,-99,14,-99,-99,2.554,0,-99,-99,0.000,none,0,0,none,0,0,0.297,0.268,none,-99,0.565
2003,SC,5,C,2,-99,-99,13,-99,-99,2.080,0,-99,-99,0.000,none,0,0,none,0,0,0.312,1.301,none,-99,1.613
2003,SC,5,C,3,-99,-99,12,-99,-99,2.032,0,-99,-99,0.000,none,0,0,none,0,0,0.296,0.174,none,-99,0.47
2003,SC,5,C,4,-99,-99,7,-99,-99,0.940,0,-99,-99,0.000,none,0,0,none,0,0,0.617,1.539,none,-99,2.156
2003,SC,5,C,5,-99,-99,16,-99,-99,3.077,0,-99,-99,0.000,none,0,0,none,0,0,0.881,1.918,none,-99,2.799
2003,SC,6,E,1,-99,-99,0,-99,-99,0.000,3,-99,-99,0.647,none,0,0,none,0,0,0.452,0.272,none,-99,0.724
2003,SC,6,E,2,-99,-99,0,-99,-99,0.000,0,-99,-99,0.000,none,0,0,none,0,0,0.000,0.103,none,-99,0.103
2003,SC,6,E,3,-99,-99,0,-99,-99,0.000,2,-99,-99,0.128,none,0,0,none,0,0,0.063,0.000,none,-99,0.063
2003,SC,6,E,4,-99,-99,0,-99,-99,0.000,6,-99,-99,0.827,none,0,0,none,0,0,0.000,0.001,none,-99,0.001
2003,SC,6,E,5,-99,-99,0,-99,-99,0.000,1,-99,-99,0.022,none,0,0,none,0,0,0.175,0.738,none,-99,0.913
2003,SC,7,C,1,-99,-99,9,-99,-99,1.493,0,-99,-99,0.000,none,0,0,none,0,0,0.000,1.324,none,-99,1.324
2003,SC,7,C,2,-99,-99,8,-99,-99,1.071,0,-99,-99,0.000,none,0,0,none,0,0,0.000,2.495,none,-99,2.495
2003,SC,7,C,3,-99,-99,28,-99,-99,2.612,0,-99,-99,0.000,none,0,0,none,0,0,0.000,0.397,none,-99,0.397
2003,SC,7,C,4,-99,-99,13,-99,-99,2.076,0,-99,-99,0.000,none,0,0,none,0,0,0.000,0.384,none,-99,0.384
2003,SC,7,C,5,-99,-99,23,-99,-99,2.339,0,-99,-99,0.000,none,0,0,none,0,0,0.000,0.399,none,-99,0.399
2003,SC,8,A,1,-99,-99,0,-99,-99,0.000,1,-99,-99,0.122,none,0,0,none,0,0,0.124,2.480,none,-99,2.604
2003,SC,8,A,2,-99,-99,8,-99,-99,1.232,6,-99,-99,0.894,none,0,0,none,0,0,0.058,0.009,none,-99,0.067
2003,SC,8,A,3,-99,-99,1,-99,-99,0.013,4,-99,-99,0.903,none,0,0,none,0,0,0.086,0.609,none,-99,0.695
2003,SC,8,A,4,-99,-99,0,-99,-99,0.000,1,-99,-99,0.230,none,0,0,none,0,0,0.088,2.258,none,-99,2.346
2003,SC,8,A,5,-99,-99,0,-99,-99,0.000,4,-99,-99,0.260,none,0,0,none,0,0,0.000,0.070,none,-99,0.07
2003,SC,9,E,1,-99,-99,5,-99,-99,0.794,0,-99,-99,0.000,none,0,0,none,0,0,0.201,0.167,none,-99,0.368
2003,SC,9,E,2,-99,-99,0,-99,-99,0.000,0,-99,-99,0.000,none,0,0,none,0,0,1.385,0.000,none,-99,1.385
2003,SC,9,E,3,-99,-99,0,-99,-99,0.000,2,-99,-99,0.158,none,0,0,none,0,0,0.551,0.027,none,-99,0.578
2003,SC,9,E,4,-99,-99,0,-99,-99,0.000,0,-99,-99,0.000,none,0,0,none,0,0,0.222,0.022,none,-99,0.244
2003,SC,9,E,5,-99,-99,0,-99,-99,0.000,0,-99,-99,0.000,none,0,0,none,0,0,1.285,0.273,none,-99,1.558
2003,SC,10,E,1,-99,-99,7,-99,-99,0.913,0,-99,-99,0.000,none,0,0,none,0,0,0.490,0.484,none,-99,0.974
2003,SC,10,E,2,-99,-99,4,-99,-99,0.781,1,-99,-99,0.079,none,0,0,none,0,0,0.322,0.630,none,-99,0.952
2003,SC,10,E,3,-99,-99,1,-99,-99,0.201,0,-99,-99,0.000,none,0,0,none,0,0,0.013,0.037,none,-99,0.05
2003,SC,10,E,4,-99,-99,1,-99,-99,0.197,0,-99,-99,0.000,none,0,0,none,0,0,0.338,0.387,none,-99,0.725
2003,SC,10,E,5,-99,-99,1,-99,-99,0.166,0,-99,-99,0.000,none,0,0,none,0,0,0.483,0.645,none,-99,1.128
2003,SC,11,C,1,-99,-99,15,-99,-99,2.347,0,-99,-99,0.000,none,0,0,none,0,0,0.000,1.460,none,-99,1.46
2003,SC,11,C,2,-99,-99,6,-99,-99,0.665,3,-99,-99,0.268,none,0,0,none,0,0,0.877,2.483,none,-99,3.36
2003,SC,11,C,3,-99,-99,12,-99,-99,1.777,6,-99,-99,0.578,none,0,0,none,0,0,0.044,0.308,none,-99,0.352
2003,SC,11,C,4,-99,-99,15,-99,-99,2.515,0,-99,-99,0.000,none,0,0,none,0,0,0.587,0.314,none,-99,0.901
2003,SC,11,C,5,-99,-99,6,-99,-99,0.817,3,-99,-99,0.514,none,0,0,none,0,0,0.910,2.870,none,-99,3.78
2003,SC,12,A,1,-99,-99,3,-99,-99,0.168,4,-99,-99,0.303,none,0,0,none,0,0,0.000,1.527,none,-99,1.527
2003,SC,12,A,2,-99,-99,0,-99,-99,0.000,9,-99,-99,1.616,none,0,0,none,0,0,0.000,4.786,none,-99,4.786
2003,SC,12,A,3,-99,-99,0,-99,-99,0.000,18,-99,-99,2.284,none,0,0,none,0,0,0.000,0.686,none,-99,0.686
2003,SC,12,A,4,-99,-99,0,-99,-99,0.000,0,-99,-99,0.000,none,0,0,none,0,0,0.000,3.478,none,-99,3.478
2003,SC,12,A,5,-99,-99,0,-99,-99,0.000,2,-99,-99,0.171,none,0,0,none,0,0,0.000,2.298,none,-99,2.298
2003,SC,13,C,1,-99,-99,0,-99,-99,0.000,2,-99,-99,0.287,none,0,0,none,0,0,0.256,0.180,none,-99,0.436
2003,SC,13,C,2,-99,-99,0,-99,-99,0.000,1,-99,-99,0.058,none,0,0,none,0,0,0.331,0.305,none,-99,0.636
2003,SC,13,C,3,-99,-99,0,-99,-99,0.000,4,-99,-99,0.853,none,0,0,none,0,0,1.168,0.177,none,-99,1.345
2003,SC,13,C,4,-99,-99,0,-99,-99,0.000,4,-99,-99,0.891,none,0,0,none,0,0,1.223,1.720,none,-99,2.943
2003,SC,13,C,5,-99,-99,0,-99,-99,0.000,4,-99,-99,0.662,IVFR,1,2.177,none,0,0,0.010,0.144,none,-99,0.154
2003,SC,14,E,1,-99,-99,6,-99,-99,0.519,2,-99,-99,0.215,none,0,0,none,0,0,0.096,0.918,none,-99,1.014
2003,SC,14,E,2,-99,-99,1,-99,-99,0.108,5,-99,-99,0.717,none,0,0,none,0,0,0.509,0.918,none,-99,1.427
2003,SC,14,E,3,-99,-99,0,-99,-99,0.000,5,-99,-99,0.661,none,0,0,none,0,0,0.134,2.205,none,-99,2.339
2003,SC,14,E,4,-99,-99,0,-99,-99,0.000,4,-99,-99,0.370,none,0,0,none,0,0,0.000,1.601,none,-99,1.601
2003,SC,14,E,5,-99,-99,3,-99,-99,0.493,2,-99,-99,0.116,none,0,0,none,0,0,0.196,0.905,none,-99,1.101
2003,SC,15,A,1,-99,-99,1,-99,-99,0.021,13,-99,-99,0.741,none,0,0,none,0,0,0.000,1.045,none,-99,1.045
2003,SC,15,A,2,-99,-99,0,-99,-99,0.000,5,-99,-99,0.502,none,0,0,none,0,0,0.000,1.247,none,-99,1.247
2003,SC,15,A,3,-99,-99,0,-99,-99,0.000,31,-99,-99,3.491,none,0,0,none,0,0,0.228,1.358,none,-99,1.586
2003,SC,15,A,4,-99,-99,0,-99,-99,0.000,4,-99,-99,0.214,none,0,0,none,0,0,0.000,0.701,none,-99,0.701
2003,SC,15,A,5,-99,-99,0,-99,-99,0.000,3,-99,-99,0.199,none,0,0,none,0,0,0.203,0.867,none,-99,1.07
2003,MX,1,E,1,-99,-99,1,-99,-99,0.065,0,-99,-99,0.000,none,0,0,none,0,0,0.061,0.122,none,-99,0.183
2003,MX,1,E,2,-99,-99,5,-99,-99,0.684,0,-99,-99,0.000,none,0,0,none,0,0,0.172,0.628,none,-99,0.8
2003,MX,1,E,3,-99,-99,6,-99,-99,0.329,1,-99,-99,0.052,none,0,0,none,0,0,0.000,1.046,none,-99,1.046
2003,MX,1,E,4,-99,-99,0,-99,-99,0.000,4,-99,-99,0.422,none,0,0,none,0,0,0.000,1.987,none,-99,1.987
2003,MX,1,E,5,-99,-99,3,-99,-99,0.181,3,-99,-99,0.444,none,0,0,none,0,0,0.000,3.160,none,-99,3.16
2003,MX,2,A,1,-99,-99,1,-99,-99,0.285,1,-99,-99,0.048,none,0,0,none,0,0,0.580,0.754,none,-99,1.334
2003,MX,2,A,2,-99,-99,6,-99,-99,0.685,0,-99,-99,0.000,none,0,0,none,0,0,0.435,3.720,none,-99,4.155
2003,MX,2,A,3,-99,-99,0,-99,-99,0.000,6,-99,-99,0.695,none,0,0,none,0,0,0.787,1.168,none,-99,1.955
2003,MX,2,A,4,-99,-99,0,-99,-99,0.000,3,-99,-99,0.279,none,0,0,none,0,0,0.283,0.466,none,-99,0.749
2003,MX,2,A,5,-99,-99,0,-99,-99,0.000,6,-99,-99,0.752,none,0,0,none,0,0,0.507,0.334,none,-99,0.841
2003,MX,3,C,1,-99,-99,9,-99,-99,2.017,1,-99,-99,0.165,none,0,0,none,0,0,0.277,2.839,none,-99,3.116
2003,MX,3,C,2,-99,-99,5,-99,-99,1.341,2,-99,-99,0.336,none,0,0,none,0,0,0.074,0.350,none,-99,0.424
2003,MX,3,C,3,-99,-99,10,-99,-99,2.844,1,-99,-99,0.009,none,0,0,none,0,0,0.104,0.538,none,-99,0.642
2003,MX,3,C,4,-99,-99,1,-99,-99,0.172,1,-99,-99,0.008,none,0,0,none,0,0,0.269,0.353,none,-99,0.622
2003,MX,3,C,5,-99,-99,9,-99,-99,1.326,3,-99,-99,0.370,none,0,0,none,0,0,0.253,1.407,none,-99,1.66
2003,MX,4,E,1,-99,-99,2,-99,-99,0.166,1,-99,-99,0.102,none,0,0,none,0,0,0.884,1.874,none,-99,2.758
2003,MX,4,E,2,-99,-99,2,-99,-99,0.030,2,-99,-99,0.291,none,0,0,none,0,0,0.600,0.665,none,-99,1.265
2003,MX,4,E,3,-99,-99,1,-99,-99,0.344,1,-99,-99,0.090,POHY,1,0.002,none,0,0,1.204,1.405,none,-99,2.609
2003,MX,4,E,4,-99,-99,0,-99,-99,0.000,8,-99,-99,1.235,none,0,0,none,0,0,0.229,4.781,none,-99,5.01
2003,MX,4,E,5,-99,-99,0,-99,-99,0.000,3,-99,-99,0.480,none,0,0,none,0,0,0.571,2.950,none,-99,3.521
2003,MX,5,C,1,-99,-99,11,-99,-99,1.198,0,-99,-99,0.000,none,0,0,none,0,0,0.148,1.012,none,-99,1.16
2003,MX,5,C,2,-99,-99,22,-99,-99,2.909,0,-99,-99,0.000,none,0,0,none,0,0,0.000,0.598,none,-99,0.598
2003,MX,5,C,3,-99,-99,19,-99,-99,2.172,1,-99,-99,0.033,none,0,0,none,0,0,0.435,0.220,none,-99,0.655
2003,MX,5,C,4,-99,-99,3,-99,-99,0.172,0,-99,-99,0.000,none,0,0,none,0,0,0.000,0.031,none,-99,0.031
2003,MX,5,C,5,-99,-99,10,-99,-99,1.194,0,-99,-99,0.000,none,0,0,none,0,0,0.407,2.376,none,-99,2.783
2003,MX,6,A,1,-99,-99,6,-99,-99,1.061,2,-99,-99,0.216,none,0,0,none,0,0,1.118,2.491,none,-99,3.609
2003,MX,6,A,2,-99,-99,5,-99,-99,0.706,8,-99,-99,0.997,none,0,0,none,0,0,0.619,2.689,none,-99,3.308
2003,MX,6,A,3,-99,-99,0,-99,-99,0.000,3,-99,-99,0.564,none,0,0,none,0,0,0.000,0.097,none,-99,0.097
2003,MX,6,A,4,-99,-99,3,-99,-99,0.434,3,-99,-99,0.236,none,0,0,none,0,0,0.219,1.018,none,-99,1.237
2003,MX,6,A,5,-99,-99,2,-99,-99,0.643,2,-99,-99,0.177,none,0,0,none,0,0,0.000,1.701,none,-99,1.701
2003,MX,7,C,1,-99,-99,0,-99,-99,0.000,0,-99,-99,0.000,none,0,0,none,0,0,0.000,0.220,none,-99,0.22
2003,MX,7,C,2,-99,-99,7,-99,-99,0.722,3,-99,-99,0.381,none,0,0,none,0,0,0.130,0.694,none,-99,0.824
2003,MX,7,C,3,-99,-99,5,-99,-99,0.974,14,-99,-99,1.752,none,0,0,none,0,0,0.082,1.522,none,-99,1.604
2003,MX,7,C,4,-99,-99,5,-99,-99,0.583,3,-99,-99,0.253,none,0,0,none,0,0,0.000,0.718,none,-99,0.718
2003,MX,7,C,5,-99,-99,2,-99,-99,0.201,9,-99,-99,1.038,none,0,0,none,0,0,0.101,0.906,none,-99,1.007
2003,MX,8,E,1,-99,-99,26,-99,-99,3.037,4,-99,-99,0.275,none,0,0,none,0,0,0.076,1.256,none,-99,1.332
2003,MX,8,E,2,-99,-99,6,-99,-99,0.618,1,-99,-99,0.031,none,0,0,none,0,0,0.039,1.987,none,-99,2.026
2003,MX,8,E,3,-99,-99,7,-99,-99,0.990,0,-99,-99,0.000,none,0,0,none,0,0,0.282,1.124,none,-99,1.406
2003,MX,8,E,4,-99,-99,2,-99,-99,0.120,10,-99,-99,1.324,none,0,0,none,0,0,0.252,3.683,none,-99,3.935
2003,MX,8,E,5,-99,-99,2,-99,-99,0.866,4,-99,-99,0.744,none,0,0,none,0,0,0.325,3.372,none,-99,3.697
2003,MX,9,A,1,-99,-99,10,-99,-99,0.512,1,-99,-99,0.115,POHY,1,0.006,none,0,0,0.552,0.219,none,-99,0.771
2003,MX,9,A,2,-99,-99,1,-99,-99,0.076,10,-99,-99,1.347,none,0,0,none,0,0,0.000,1.757,none,-99,1.757
2003,MX,9,A,3,-99,-99,0,-99,-99,0.000,7,-99,-99,0.844,none,0,0,none,0,0,0.143,0.665,none,-99,0.808
2003,MX,9,A,4,-99,-99,3,-99,-99,0.258,7,-99,-99,0.638,none,0,0,none,0,0,0.540,0.922,none,-99,1.462
2003,MX,9,A,5,-99,-99,3,-99,-99,0.449,3,-99,-99,0.299,none,0,0,none,0,0,0.650,2.055,none,-99,2.705
2003,MX,10,C,1,-99,-99,4,-99,-99,0.467,0,-99,-99,0.000,none,0,0,none,0,0,0.012,0.851,none,-99,0.863
2003,MX,10,C,2,-99,-99,17,-99,-99,2.737,4,-99,-99,0.474,none,0,0,none,0,0,0.000,1.762,none,-99,1.762
2003,MX,10,C,3,-99,-99,7,-99,-99,0.850,2,-99,-99,0.228,none,0,0,none,0,0,0.161,1.673,none,-99,1.834
2003,MX,10,C,4,-99,-99,5,-99,-99,0.545,1,-99,-99,0.107,none,0,0,none,0,0,0.040,0.144,none,-99,0.184
2003,MX,10,C,5,-99,-99,6,-99,-99,0.836,3,-99,-99,0.436,none,0,0,none,0,0,0.097,2.253,none,-99,2.35
2003,MX,11,E,1,-99,-99,7,-99,-99,0.834,2,-99,-99,0.252,none,0,0,none,0,0,1.035,1.957,none,-99,2.992
2003,MX,11,E,2,-99,-99,7,-99,-99,0.742,1,-99,-99,0.182,none,0,0,none,0,0,0.456,0.253,none,-99,0.709
2003,MX,11,E,3,-99,-99,0,-99,-99,0.000,3,-99,-99,0.308,none,0,0,none,0,0,1.761,1.559,none,-99,3.32
2003,MX,11,E,4,-99,-99,17,-99,-99,2.398,2,-99,-99,0.325,none,0,0,none,0,0,1.245,0.843,none,-99,2.088
2003,MX,11,E,5,-99,-99,0,-99,-99,0.000,5,-99,-99,0.416,none,0,0,none,0,0,0.968,2.391,none,-99,3.359
2003,MX,12,A,1,-99,-99,0,-99,-99,0.000,1,-99,-99,0.038,none,0,0,none,0,0,0.000,0.296,none,-99,0.296
2003,MX,12,A,2,-99,-99,1,-99,-99,0.108,4,-99,-99,0.215,none,0,0,none,0,0,0.077,0.566,none,-99,0.643
2003,MX,12,A,3,-99,-99,1,-99,-99,0.295,3,-99,-99,0.336,none,0,0,none,0,0,0.413,0.653,none,-99,1.066
2003,MX,12,A,4,-99,-99,0,-99,-99,0.000,7,-99,-99,0.653,none,0,0,none,0,0,0.744,0.220,none,-99,0.964
2003,MX,12,A,5,-99,-99,0,-99,-99,0.000,6,-99,-99,0.704,none,0,0,none,0,0,0.187,0.263,none,-99,0.45
2003,MX,13,E,1,-99,-99,2,-99,-99,0.216,2,-99,-99,0.090,none,0,0,none,0,0,0.000,0.231,none,-99,0.231
2003,MX,13,E,2,-99,-99,5,-99,-99,0.307,1,-99,-99,0.006,none,0,0,none,0,0,0.107,0.329,none,-99,0.436
2003,MX,13,E,3,-99,-99,5,-99,-99,0.634,5,-99,-99,0.730,none,0,0,none,0,0,0.101,0.331,none,-99,0.432
2003,MX,13,E,4,-99,-99,0,-99,-99,0.000,2,-99,-99,0.199,none,0,0,none,0,0,0.025,0.657,none,-99,0.682
2003,MX,13,E,5,-99,-99,0,-99,-99,0.000,2,-99,-99,0.359,none,0,0,none,0,0,0.229,0.370,none,-99,0.599
2003,MX,14,C,1,-99,-99,7,-99,-99,0.962,2,-99,-99,0.407,none,0,0,none,0,0,0.000,1.439,none,-99,1.439
2003,MX,14,C,2,-99,-99,11,-99,-99,1.363,1,-99,-99,0.106,none,0,0,none,0,0,0.000,0.806,none,-99,0.806
2003,MX,14,C,3,-99,-99,7,-99,-99,0.833,8,-99,-99,1.201,none,0,0,none,0,0,0.504,0.383,none,-99,0.887
2003,MX,14,C,4,-99,-99,11,-99,-99,1.090,6,-99,-99,1.024,none,0,0,none,0,0,0.296,0.474,none,-99,0.77
2003,MX,14,C,5,-99,-99,5,-99,-99,0.832,0,-99,-99,0.000,none,0,0,none,0,0,0.000,1.137,none,-99,1.137
2003,MX,15,A,1,-99,-99,14,-99,-99,2.003,4,-99,-99,0.497,none,0,0,none,0,0,0.438,1.580,none,-99,2.018
2003,MX,15,A,2,-99,-99,16,-99,-99,2.382,4,-99,-99,0.751,none,0,0,none,0,0,0.019,1.214,none,-99,1.233
2003,MX,15,A,3,-99,-99,8,-99,-99,1.009,3,-99,-99,0.242,none,0,0,none,0,0,0.000,2.804,none,-99,2.804
2003,MX,15,A,4,-99,-99,6,-99,-99,0.659,5,-99,-99,0.476,none,0,0,none,0,0,0.111,4.582,none,-99,4.693
2003,MX,15,A,5,-99,-99,4,-99,-99,0.726,3,-99,-99,0.670,none,0,0,none,0,0,0.320,4.500,none,-99,4.82
2004,SP,1,E,1,-99,-99,3,-99,-99,0.782,7,-99,-99,0.919,POHY,6,0.039,none,0,0,-99.000,-99.000,none,-99,0.053
2004,SP,1,E,2,-99,-99,1,-99,-99,0.061,0,-99,-99,0.000,POHY,4,0.009,none,0,0,-99.000,-99.000,none,-99,0.634
2004,SP,1,E,3,-99,-99,7,-99,-99,0.617,0,-99,-99,0.000,POHY,2,0.010,SOSE,2,0.067,-99.000,-99.000,none,-99,0.819
2004,SP,1,E,4,-99,-99,2,-99,-99,0.678,0,-99,-99,0.000,none,0,0,none,0,0,-99.000,-99.000,none,-99,1.351
2004,SP,1,E,5,-99,-99,5,-99,-99,0.867,0,-99,-99,0.000,none,0,0,none,0,0,-99.000,-99.000,none,-99,3.014
2004,SP,2,A,1,-99,-99,0,-99,-99,0.000,3,-99,-99,0.394,none,0,0,none,0,0,-99.000,-99.000,none,-99,4.409
2004,SP,2,A,2,-99,-99,17,-99,-99,1.701,0,-99,-99,0.000,none,0,0,none,0,0,-99.000,-99.000,none,-99,1.11
2004,SP,2,A,3,-99,-99,4,-99,-99,0.407,0,-99,-99,0.000,POHY,2,0.148,none,0,0,-99.000,-99.000,none,-99,0.499
2004,SP,2,A,4,-99,-99,13,-99,-99,2.168,0,-99,-99,0.000,none,0,0.000,none,0,0,-99.000,-99.000,none,-99,1.151
2004,SP,2,A,5,-99,-99,12,-99,-99,1.376,0,-99,-99,0.000,POHY,1,0.035,none,0,0,-99.000,-99.000,none,-99,2.01
2004,SP,3,C,1,-99,-99,6,-99,-99,0.312,0,-99,-99,0.000,none,0,0,none,0,0,0.000,0.204,none,-99,0.204
2004,SP,3,C,2,-99,-99,4,-99,-99,0.649,0,-99,-99,0.000,none,0,0,none,0,0,0.021,0.822,none,-99,0.843
2004,SP,3,C,3,-99,-99,15,-99,-99,2.481,0,-99,-99,0.000,none,0,0,none,0,0,0.042,0.377,none,-99,0.419
2004,SP,3,C,4,-99,-99,2,-99,-99,0.196,0,-99,-99,0.000,none,0,0,none,0,0,0.000,0.381,none,-99,0.381
2004,SP,3,C,5,-99,-99,31,-99,-99,4.163,0,-99,-99,0.000,none,0,0,none,0,0,0.106,1.013,none,-99,1.119
2004,SP,4,E,1,-99,-99,21,-99,-99,3.757,0,-99,-99,0.000,POHY,1,0.119,none,0,0,-99.000,-99.000,none,-99,1.579
2004,SP,4,E,2,-99,-99,7,-99,-99,1.037,0,-99,-99,0.000,none,0,0,none,0,0,-99.000,-99.000,none,-99,1.833
2004,SP,4,E,3,-99,-99,13,-99,-99,0.423,0,-99,-99,0.000,none,0,0,none,0,0,-99.000,-99.000,none,-99,6.201
2004,SP,4,E,4,-99,-99,7,-99,-99,1.272,0,-99,-99,0.000,POHY,1,0.008,none,0,0,-99.000,-99.000,none,-99,0.358
2004,SP,4,E,5,-99,-99,7,-99,-99,0.634,0,-99,-99,0.000,none,0,0,none,0,0,-99.000,-99.000,none,-99,2.066
2004,SP,5,A,1,-99,-99,16,-99,-99,2.264,0,-99,-99,0.000,none,0,0,none,0,0,-99.000,-99.000,none,-99,3.295
2004,SP,5,A,2,-99,-99,24,-99,-99,3.003,0,-99,-99,0.000,none,0,0,none,0,0,-99.000,-99.000,none,-99,2.552
2004,SP,5,A,3,-99,-99,4,-99,-99,0.364,0,-99,-99,0.000,none,0,0,none,0,0,-99.000,-99.000,none,-99,2.953
2004,SP,5,A,4,-99,-99,13,-99,-99,1.825,0,-99,-99,0.000,none,0,0,none,0,0,-99.000,-99.000,none,-99,0.843
2004,SP,5,A,5,-99,-99,16,-99,-99,2.403,0,-99,-99,0.000,none,0,0,none,0,0,-99.000,-99.000,none,-99,0.667
2004,SP,6,C,1,-99,-99,15,-99,-99,2.247,0,-99,-99,0.000,none,0,0,none,0,0,0.000,3.341,none,-99,3.341
2004,SP,6,C,2,-99,-99,8,-99,-99,1.709,0,-99,-99,0.000,none,0,0,none,0,0,0.069,1.781,none,-99,1.85
2004,SP,6,C,3,-99,-99,14,-99,-99,2.456,0,-99,-99,0.000,none,0,0,none,0,0,0.000,0.468,none,-99,0.468
2004,SP,6,C,4,-99,-99,3,-99,-99,0.369,0,-99,-99,0.000,none,0,0,none,0,0,0.000,1.505,none,-99,1.505
2004,SP,6,C,5,-99,-99,14,-99,-99,2.155,0,-99,-99,0.000,none,0,0,none,0,0,0.000,1.366,none,-99,1.366
2004,SP,7,C,1,-99,-99,9,-99,-99,1.262,0,-99,-99,0.000,none,0,0,none,0,0,0.000,0.092,none,-99,0.092
2004,SP,7,C,2,-99,-99,11,-99,-99,0.778,0,-99,-99,0.000,none,0,0,none,0,0,0.000,0.042,none,-99,0.042
2004,SP,7,C,3,-99,-99,17,-99,-99,1.868,0,-99,-99,0.000,none,0,0,none,0,0,0.000,1.167,none,-99,1.167
2004,SP,7,C,4,-99,-99,13,-99,-99,0.988,0,-99,-99,0.000,none,0,0,none,0,0,0.000,0.910,none,-99,0.91
2004,SP,7,C,5,-99,-99,11,-99,-99,1.032,0,-99,-99,0.000,none,0,0,none,0,0,0.000,1.025,none,-99,1.025
2004,SP,8,E,1,-99,-99,4,-99,-99,0.391,0,-99,-99,0.000,SOSE,1,0.108,none,0,0,-99.000,-99.000,none,-99,1.113
2004,SP,8,E,2,-99,-99,16,-99,-99,1.682,0,-99,-99,0.000,POHY,4,0.090,none,0,0,-99.000,-99.000,none,-99,1.08
2004,SP,8,E,3,-99,-99,1,-99,-99,0.079,0,-99,-99,0.000,POHY,8,0.150,SOSE,1,3.939,-99.000,-99.000,none,-99,0.589
2004,SP,8,E,4,-99,-99,4,-99,-99,1.118,0,-99,-99,0.000,POHY,3,0.115,none,0,0,-99.000,-99.000,none,-99,0.428
2004,SP,8,E,5,-99,-99,12,-99,-99,0.542,0,-99,-99,0.000,POHY,1,0.060,none,0,0,-99.000,-99.000,none,-99,3.082
2004,SP,9,A,1,-99,-99,16,-99,-99,1.785,0,-99,-99,0.000,none,0,0,none,0,0,-99.000,-99.000,none,-99,3.476
2004,SP,9,A,2,-99,-99,10,-99,-99,1.860,0,-99,-99,0.000,none,0,0,none,0,0,-99.000,-99.000,none,-99,0.514
2004,SP,9,A,3,-99,-99,17,-99,-99,0.806,0,-99,-99,0.000,none,0,0,none,0,0,-99.000,-99.000,none,-99,0.721
2004,SP,9,A,4,-99,-99,6,-99,-99,0.935,0,-99,-99,0.000,none,0,0,none,0,0,-99.000,-99.000,none,-99,0.623
2004,SP,9,A,5,-99,-99,11,-99,-99,0.598,0,-99,-99,0.000,none,0,0,none,0,0,-99.000,-99.000,none,-99,2.887
2004,SP,10,E,1,-99,-99,15,-99,-99,2.430,0,-99,-99,0.000,none,0,0,none,0,0,0.000,1.497,none,-99,1.497
2004,SP,10,E,2,-99,-99,4,-99,-99,0.339,0,-99,-99,0.000,none,0,0,none,0,0,0.000,0.513,none,-99,0.513
2004,SP,10,E,3,-99,-99,15,-99,-99,2.002,0,-99,-99,0.000,none,0,0,none,0,0,0.000,2.599,none,-99,2.599
2004,SP,10,E,4,-99,-99,8,-99,-99,1.217,0,-99,-99,0.000,none,0,0,none,0,0,0.000,2.135,none,-99,2.135
2004,SP,10,E,5,-99,-99,7,-99,-99,1.025,0,-99,-99,0.000,none,0,0,none,0,0,0.000,0.911,none,-99,0.911
2004,SP,11,A,1,-99,-99,2,-99,-99,0.131,0,-99,-99,0.000,none,0,0,none,0,0,0.000,2.358,none,-99,2.358
2004,SP,11,A,2,-99,-99,9,-99,-99,0.961,1,-99,-99,0.039,none,0,0,none,0,0,0.000,1.746,none,-99,1.746
2004,SP,11,A,3,-99,-99,6,-99,-99,0.317,2,-99,-99,0.166,none,0,0,none,0,0,0.000,0.718,none,-99,0.718
2004,SP,11,A,4,-99,-99,0,-99,-99,0.000,3,-99,-99,0.283,none,0,0,none,0,0,0.000,1.490,none,-99,1.49
2004,SP,11,A,5,-99,-99,0,-99,-99,0.000,2,-99,-99,0.106,none,0,0,none,0,0,0.000,3.195,none,-99,3.195
2004,SP,12,C,1,-99,-99,1,-99,-99,0.074,0,-99,-99,0.000,POHY,1,0.006,none,0,0,0.000,1.325,none,-99,1.325
2004,SP,12,C,2,-99,-99,20,-99,-99,2.452,0,-99,-99,0.000,none,0,0,none,0,0,0.000,4.112,none,-99,4.112
2004,SP,12,C,3,-99,-99,8,-99,-99,1.279,0,-99,-99,0.000,none,0,0,none,0,0,0.000,1.814,none,-99,1.814
2004,SP,12,C,4,-99,-99,1,-99,-99,0.163,0,-99,-99,0.000,none,0,0,none,0,0,0.000,1.410,none,-99,1.41
2004,SP,12,C,5,-99,-99,12,-99,-99,1.519,0,-99,-99,0.000,none,0,0,none,0,0,0.000,0.847,none,-99,0.874
2004,SP,13,A,1,-99,-99,16,-99,-99,1.506,0,-99,-99,0.000,none,0,0,none,0,0,0.000,2.701,none,-99,2.701
2004,SP,13,A,2,-99,-99,28,-99,-99,2.101,0,-99,-99,0.000,none,0,0,none,0,0,0.000,3.197,none,-99,3.197
2004,SP,13,A,3,-99,-99,10,-99,-99,1.297,0,-99,-99,0.000,none,0,0,none,0,0,0.000,0.676,none,-99,0.676
2004,SP,13,A,4,-99,-99,1,-99,-99,0.174,0,-99,-99,0.000,none,0,0,none,0,0,0.000,0.795,none,-99,0.795
2004,SP,13,A,5,-99,-99,2,-99,-99,0.447,0,-99,-99,0.000,none,0,0,none,0,0,0.000,2.753,none,-99,2.753
2004,SP,14,E,1,-99,-99,2,-99,-99,0.135,0,-99,-99,0.000,POHY,35,0.822,none,0,0,0.000,0.000,none,-99,0
2004,SP,14,E,2,-99,-99,12,-99,-99,0.627,0,-99,-99,0.000,POHY,12,0.661,none,0,0,0.034,0.000,none,-99,0.034
2004,SP,14,E,3,-99,-99,1,-99,-99,0.092,0,-99,-99,0.000,POHY,9,0.180,none,0,0,0.000,1.430,none,-99,1.430
2004,SP,14,E,4,-99,-99,0,-99,-99,0.000,0,-99,-99,0.000,POHY,24,0.759,SOSE,10,0.605,0.305,0.000,none,-99,0.305
2004,SP,14,E,5,-99,-99,0,-99,-99,0.000,0,-99,-99,0.000,POHY,1,0.070,none,0,0,1.277,0.000,none,-99,1.277
2004,SP,15,C,1,-99,-99,14,-99,-99,1.197,0,-99,-99,0.000,none,0,0,none,0,0,-99.000,-99.000,none,-99,2.328
2004,SP,15,C,2,-99,-99,30,-99,-99,3.248,0,-99,-99,0.000,none,0,0,none,0,0,-99.000,-99.000,none,-99,1.011
2004,SP,15,C,3,-99,-99,19,-99,-99,2.250,0,-99,-99,0.000,none,0,0,none,0,0,-99.000,-99.000,none,-99,0.594
2004,SP,15,C,4,-99,-99,5,-99,-99,0.380,0,-99,-99,0.000,none,0,0,none,0,0,-99.000,-99.000,none,-99,2.098
2004,SP,15,C,5,-99,-99,4,-99,-99,0.761,0,-99,-99,0.000,none,0,0,none,0,0,-99.000,-99.000,none,-99,0.65
2004,SC,1,E,1,-99,-99,0,-99,-99,0.000,3,-99,-99,0.323,none,0,0,none,0,0,0.644,0.103,none,-99,0.747
2004,SC,1,E,2,-99,-99,0,-99,-99,0.000,2,-99,-99,0.321,none,0,0,none,0,0,1.642,0.458,none,-99,2.1
2004,SC,1,E,3,-99,-99,0,-99,-99,0.000,0,-99,-99,0.000,none,0,0,none,0,0,5.079,0.000,none,-99,5.079
2004,SC,1,E,4,-99,-99,0,-99,-99,0.000,1,-99,-99,0.151,none,0,0,none,0,0,3.710,0.120,none,-99,3.83
2004,SC,1,E,5,-99,-99,0,-99,-99,0.000,1,-99,-99,0.104,none,0,0,none,0,0,1.515,0.285,none,-99,1.8
2004,SC,2,A,1,-99,-99,0,-99,-99,0.000,0,-99,-99,0.000,none,0,0,none,0,0,1.239,0.939,none,-99,2.178
2004,SC,2,A,2,-99,-99,0,-99,-99,0.000,0,-99,-99,0.000,none,0,0,none,0,0,0.000,2.337,none,-99,2.337
2004,SC,2,A,3,-99,-99,0,-99,-99,0.000,0,-99,-99,0.000,none,0,0,none,0,0,2.113,0.170,none,-99,2.283
2004,SC,2,A,4,-99,-99,0,-99,-99,0.000,4,-99,-99,0.314,none,0,0,none,0,0,1.068,0.235,none,-99,1.303
2004,SC,2,A,5,-99,-99,0,-99,-99,0.000,0,-99,-99,0.000,none,0,0,none,0,0,3.739,0.110,none,-99,3.849
2004,SC,3,C,1,-99,-99,5,-99,-99,0.717,0,-99,-99,0.000,none,0,0,none,0,0,-99.000,-99.000,none,-99,1.247
2004,SC,3,C,2,-99,-99,12,-99,-99,1.403,0,-99,-99,0.000,none,0,0,none,0,0,-99.000,-99.000,none,-99,0.826
2004,SC,3,C,3,-99,-99,6,-99,-99,0.495,0,-99,-99,0.000,none,0,0,none,0,0,-99.000,-99.000,none,-99,0.306
2004,SC,3,C,4,-99,-99,0,-99,-99,0.000,0,-99,-99,0.000,none,0,0,none,0,0,-99.000,-99.000,none,-99,1.638
2004,SC,3,C,5,-99,-99,8,-99,-99,1.152,0,-99,-99,0.000,none,0,0,none,0,0,-99.000,-99.000,none,-99,0.253
2004,SC,4,A,1,-99,-99,1,-99,-99,0.446,2,-99,-99,0.186,none,0,0,none,0,0,-99.000,-99.000,none,-99,2.169
2004,SC,4,A,2,-99,-99,1,-99,-99,0.040,0,-99,-99,0.000,none,0,0,none,0,0,-99.000,-99.000,none,-99,1.274
2004,SC,4,A,3,-99,-99,0,-99,-99,0.000,3,-99,-99,0.736,none,0,0,none,0,0,-99.000,-99.000,none,-99,2.107
2004,SC,4,A,4,-99,-99,0,-99,-99,0.000,2,-99,-99,0.286,none,0,0,none,0,0,-99.000,-99.000,none,-99,0.756
2004,SC,4,A,5,-99,-99,2,-99,-99,0.105,4,-99,-99,0.672,none,0,0,none,0,0,-99.000,-99.000,none,-99,3.293
2004,SC,5,C,1,-99,-99,13,-99,-99,2.126,0,-99,-99,0.000,none,0,0,none,0,0,-99.000,-99.000,none,-99,4.848
2004,SC,5,C,2,-99,-99,3,-99,-99,0.782,0,-99,-99,0.000,none,0,0,none,0,0,-99.000,-99.000,none,-99,1.89
2004,SC,5,C,3,-99,-99,7,-99,-99,1.611,0,-99,-99,0.000,none,0,0,none,0,0,-99.000,-99.000,none,-99,3.597
2004,SC,5,C,4,-99,-99,1,-99,-99,0.023,0,-99,-99,0.000,none,0,0,none,0,0,-99.000,-99.000,none,-99,1.376
2004,SC,5,C,5,-99,-99,14,-99,-99,1.911,0,-99,-99,0.000,none,0,0,none,0,0,-99.000,-99.000,none,-99,3.076
2004,SC,6,E,1,-99,-99,0,-99,-99,0.000,0,-99,-99,0.000,none,0,0,none,0,0,-99.000,-99.000,none,-99,1.043
2004,SC,6,E,2,-99,-99,0,-99,-99,0.000,0,-99,-99,0.000,none,0,0,none,0,0,-99.000,-99.000,none,-99,1.446
2004,SC,6,E,3,-99,-99,0,-99,-99,0.000,3,-99,-99,0.348,none,0,0,none,0,0,-99.000,-99.000,none,-99,2.317
2004,SC,6,E,4,-99,-99,2,-99,-99,0.040,0,-99,-99,0.000,none,0,0,none,0,0,-99.000,-99.000,none,-99,2.216
2004,SC,6,E,5,-99,-99,1,-99,-99,0.094,2,-99,-99,0.278,none,0,0,none,0,0,-99.000,-99.000,none,-99,2.05
2004,SC,7,C,1,-99,-99,0,-99,-99,0.000,12,-99,-99,1.388,none,0,0,none,0,0,-99.000,-99.000,none,-99,0.668
2004,SC,7,C,2,-99,-99,0,-99,-99,0.000,12,-99,-99,1.853,none,0,0,none,0,0,-99.000,-99.000,none,-99,4.023
2004,SC,7,C,3,-99,-99,0,-99,-99,0.000,5,-99,-99,0.509,POHY,1,0.011,none,0,0,-99.000,-99.000,none,-99,2.916
2004,SC,7,C,4,-99,-99,0,-99,-99,0.000,11,-99,-99,1.603,none,0,0,none,0,0,-99.000,-99.000,none,-99,2.329
2004,SC,7,C,5,-99,-99,0,-99,-99,0.000,1,-99,-99,0.050,POHY,1,0.045,none,0,0,-99.000,-99.000,none,-99,0.482
2004,SC,8,A,1,-99,-99,0,-99,-99,0.000,9,-99,-99,1.470,none,0,0,none,0,0,-99.000,-99.000,none,-99,2.753
2004,SC,8,A,2,-99,-99,3,-99,-99,0.372,4,-99,-99,0.557,none,0,0,none,0,0,-99.000,-99.000,none,-99,1.517
2004,SC,8,A,3,-99,-99,1,-99,-99,0.109,2,-99,-99,0.390,none,0,0,none,0,0,-99.000,-99.000,none,-99,0.93
2004,SC,8,A,4,-99,-99,0,-99,-99,0.000,2,-99,-99,0.126,none,0,0,none,0,0,-99.000,-99.000,none,-99,1.587
2004,SC,8,A,5,-99,-99,0,-99,-99,0.000,2,-99,-99,0.373,none,0,0,none,0,0,-99.000,-99.000,none,-99,3.19
2004,SC,9,E,1,-99,-99,1,-99,-99,0.035,1,-99,-99,0.050,none,0,0,none,0,0,-99.000,-99.000,none,-99,3.155
2004,SC,9,E,2,-99,-99,0,-99,-99,0.000,0,-99,-99,0.000,none,0,0,none,0,0,-99.000,-99.000,none,-99,2.834
2004,SC,9,E,3,-99,-99,0,-99,-99,0.000,3,-99,-99,0.323,LYLI2,1,0.072,none,0,0,-99.000,-99.000,none,-99,2.222
2004,SC,9,E,4,-99,-99,1,-99,-99,0.229,0,-99,-99,0.000,none,0,0,none,0,0,-99.000,-99.000,none,-99,1.974
2004,SC,9,E,5,-99,-99,0,-99,-99,0.000,0,-99,-99,0.000,none,0,0,none,0,0,-99.000,-99.000,none,-99,2.097
2004,SC,10,E,1,-99,-99,5,-99,-99,0.678,1,-99,-99,0.154,none,0,0,none,0,0,-99.000,-99.000,none,-99,2.35
2004,SC,10,E,2,-99,-99,0,-99,-99,0.000,1,-99,-99,0.022,none,0,0,none,0,0,-99.000,-99.000,none,-99,2.779
2004,SC,10,E,3,-99,-99,0,-99,-99,0.000,0,-99,-99,0.000,none,0,0,none,0,0,-99.000,-99.000,none,-99,4.197
2004,SC,10,E,4,-99,-99,2,-99,-99,0.182,0,-99,-99,0.000,none,0,0,none,0,0,-99.000,-99.000,none,-99,3.226
2004,SC,10,E,5,-99,-99,3,-99,-99,0.344,0,-99,-99,0.000,none,0,0,none,0,0,-99.000,-99.000,none,-99,2.918
2004,SC,11,C,1,-99,-99,14,-99,-99,2.096,1,-99,-99,0.315,none,0,0,none,0,0,-99.000,-99.000,none,-99,2.477
2004,SC,11,C,2,-99,-99,2,-99,-99,0.445,1,-99,-99,0.058,none,0,0,none,0,0,-99.000,-99.000,none,-99,2.443
2004,SC,11,C,3,-99,-99,5,-99,-99,1.042,0,-99,-99,0.000,none,0,0,none,0,0,-99.000,-99.000,none,-99,0.267
2004,SC,11,C,4,-99,-99,9,-99,-99,0.754,0,-99,-99,0.000,none,0,0,none,0,0,-99.000,-99.000,none,-99,0.98
2004,SC,11,C,5,-99,-99,5,-99,-99,0.773,2,-99,-99,0.168,none,0,0,none,0,0,-99.000,-99.000,none,-99,3.518
2004,SC,12,A,1,-99,-99,0,-99,-99,0.000,12,-99,-99,1.536,none,0,0,none,0,0,-99.000,-99.000,none,-99,1.789
2004,SC,12,A,2,-99,-99,0,-99,-99,0.000,12,-99,-99,1.480,none,0,0,none,0,0,-99.000,-99.000,none,-99,1.991
2004,SC,12,A,3,-99,-99,0,-99,-99,0.000,17,-99,-99,1.956,none,0,0,none,0,0,-99.000,-99.000,none,-99,0.339
2004,SC,12,A,4,-99,-99,1,-99,-99,0.231,7,-99,-99,0.499,none,0,0,none,0,0,-99.000,-99.000,none,-99,0.935
2004,SC,12,A,5,-99,-99,1,-99,-99,0.038,9,-99,-99,1.177,none,0,0,none,0,0,-99.000,-99.000,none,-99,2.344
2004,SC,13,C,1,-99,-99,19,-99,-99,1.548,4,-99,-99,0.155,none,0,0,none,0,0,0.000,0.599,none,-99,0.599
2004,SC,13,C,2,-99,-99,6,-99,-99,0.855,0,-99,-99,0.000,none,0,0,none,0,0,0.449,1.687,none,-99,2.136
2004,SC,13,C,3,-99,-99,0,-99,-99,0.000,5,-99,-99,0.579,none,0,0,none,0,0,0.085,1.154,none,-99,1.239
2004,SC,13,C,4,-99,-99,0,-99,-99,0.000,3,-99,-99,0.135,none,0,0,none,0,0,0.000,0.923,none,-99,0.923
2004,SC,13,C,5,-99,-99,2,-99,-99,0.247,0,-99,-99,0.000,none,0,0,none,0,0,0.236,0.174,none,-99,0.41
2004,SC,14,E,1,-99,-99,4,-99,-99,0.450,7,-99,-99,0.684,none,0,0,none,0,0,-99.000,-99.000,none,-99,2.175
2004,SC,14,E,2,-99,-99,12,-99,-99,1.307,3,-99,-99,0.087,none,0,0,none,0,0,-99.000,-99.000,none,-99,1.282
2004,SC,14,E,3,-99,-99,0,-99,-99,0.000,8,-99,-99,0.756,none,0,0,none,0,0,-99.000,-99.000,none,-99,3.026
2004,SC,14,E,4,-99,-99,0,-99,-99,0.000,0,-99,-99,0.000,none,0,0,none,0,0,-99.000,-99.000,none,-99,2.012
2004,SC,14,E,5,-99,-99,4,-99,-99,0.733,1,-99,-99,0.116,none,0,0,none,0,0,-99.000,-99.000,none,-99,2.054
2004,SC,15,A,1,-99,-99,0,-99,-99,0.000,8,-99,-99,0.473,none,0,0,none,0,0,-99.000,-99.000,none,-99,1.016
2004,SC,15,A,2,-99,-99,0,-99,-99,0.000,15,-99,-99,2.202,none,0,0,none,0,0,-99.000,-99.000,none,-99,4.122
2004,SC,15,A,3,-99,-99,0,-99,-99,0.000,4,-99,-99,0.363,none,0,0,none,0,0,-99.000,-99.000,none,-99,0.319
2004,SC,15,A,4,-99,-99,0,-99,-99,0.000,5,-99,-99,0.512,none,0,0,none,0,0,-99.000,-99.000,none,-99,1.765
2004,SC,15,A,5,-99,-99,0,-99,-99,0.000,5,-99,-99,0.844,none,0,0,none,0,0,-99.000,-99.000,none,-99,1.996
2004,MX,1,E,1,-99,-99,7,-99,-99,0.752,0,-99,-99,0.000,none,0,0,none,0,0,0.000,0.796,none,-99,0.796
2004,MX,1,E,2,-99,-99,4,-99,-99,0.222,6,-99,-99,0.568,none,0,0,none,0,0,0.000,1.093,none,-99,1.093
2004,MX,1,E,3,-99,-99,4,-99,-99,0.446,5,-99,-99,0.816,none,0,0,none,0,0,0.000,4.574,none,-99,4.574
2004,MX,1,E,4,-99,-99,4,-99,-99,0.182,1,-99,-99,0.148,POHY,1,0.010,none,0,0,0.000,0.659,none,-99,0.659
2004,MX,1,E,5,-99,-99,4,-99,-99,0.404,4,-99,-99,0.466,none,0,0,none,0,0,0.000,2.316,none,-99,2.316
2004,MX,2,A,1,-99,-99,4,-99,-99,0.241,1,-99,-99,0.054,none,0,0,none,0,0,0.000,1.204,none,-99,1.204
2004,MX,2,A,2,-99,-99,16,-99,-99,1.290,5,-99,-99,0.290,none,0,0,none,0,0,0.000,1.243,none,-99,1.243
2004,MX,2,A,3,-99,-99,0,-99,-99,0.000,1,-99,-99,0.039,none,0,0,none,0,0,0.000,0.354,none,-99,0.354
2004,MX,2,A,4,-99,-99,1,-99,-99,0.061,5,-99,-99,0.572,none,0,0,none,0,0,0.000,1.232,none,-99,1.232
2004,MX,2,A,5,-99,-99,0,-99,-99,0.000,2,-99,-99,0.237,none,0,0,none,0,0,0.000,0.603,none,-99,0.603
2004,MX,3,C,1,-99,-99,6,-99,-99,0.854,0,-99,-99,0.000,none,0,0,none,0,0,0.000,0.791,none,-99,0.791
2004,MX,3,C,2,-99,-99,21,-99,-99,2.847,0,-99,-99,0.000,POHY,1,0.015,none,0,0,0.000,0.838,none,-99,0.838
2004,MX,3,C,3,-99,-99,8,-99,-99,0.629,3,-99,-99,0.377,none,0,0,none,0,0,0.000,0.230,none,-99,0.23
2004,MX,3,C,4,-99,-99,7,-99,-99,1.693,0,-99,-99,0.000,none,0,0,none,0,0,0.000,0.182,none,-99,0.182
2004,MX,3,C,5,-99,-99,12,-99,-99,2.503,0,-99,-99,0.000,none,0,0,none,0,0,0.000,0.776,none,-99,0.776
2004,MX,4,E,1,-99,-99,4,-99,-99,0.955,7,-99,-99,0.639,none,0,0,none,0,0,0.263,1.331,none,-99,1.594
2004,MX,4,E,2,-99,-99,0,-99,-99,0.000,4,-99,-99,0.444,none,0,0,none,0,0,0.000,2.567,none,-99,2.567
2004,MX,4,E,3,-99,-99,0,-99,-99,0.000,6,-99,-99,0.575,none,0,0,none,0,0,0.000,0.386,none,-99,0.386
2004,MX,4,E,4,-99,-99,0,-99,-99,0.000,3,-99,-99,0.300,none,0,0,none,0,0,0.000,1.180,none,-99,1.18
2004,MX,4,E,5,-99,-99,1,-99,-99,0.103,1,-99,-99,0.106,none,0,0,none,0,0,0.000,2.429,none,-99,2.429
2004,MX,5,C,1,-99,-99,17,-99,-99,2.491,1,-99,-99,0.058,none,0,0,none,0,0,0.000,3.366,none,-99,3.366
2004,MX,5,C,2,-99,-99,7,-99,-99,1.259,0,-99,-99,0.000,none,0,0,none,0,0,0.000,1.755,none,-99,1.755
2004,MX,5,C,3,-99,-99,10,-99,-99,1.519,5,-99,-99,0.741,none,0,0,none,0,0,0.000,0.736,none,-99,0.736
2004,MX,5,C,4,-99,-99,11,-99,-99,2.074,2,-99,-99,0.418,none,0,0,none,0,0,0.000,1.607,none,-99,1.607
2004,MX,5,C,5,-99,-99,8,-99,-99,1.158,0,-99,-99,0.000,POHY,1,0.010,none,0,0,0.000,1.087,none,-99,1.087
2004,MX,6,A,1,-99,-99,9,-99,-99,1.409,6,-99,-99,0.566,none,0,0,none,0,0,0.000,3.738,none,-99,3.738
2004,MX,6,A,2,-99,-99,12,-99,-99,1.420,0,-99,-99,0.000,none,0,0,none,0,0,0.000,0.121,none,-99,0.121
2004,MX,6,A,3,-99,-99,3,-99,-99,0.389,3,-99,-99,0.322,none,0,0,none,0,0,0.000,1.525,none,-99,1.525
2004,MX,6,A,4,-99,-99,5,-99,-99,0.776,1,-99,-99,0.138,none,0,0,none,0,0,0.000,2.063,none,-99,2.063
2004,MX,6,A,5,-99,-99,1,-99,-99,0.058,1,-99,-99,0.217,none,0,0,none,0,0,0.000,4.107,none,-99,4.107
2004,MX,7,C,1,-99,-99,1,-99,-99,0.129,2,-99,-99,0.240,none,0,0,none,0,0,0.000,0.135,none,-99,0.135
2004,MX,7,C,2,-99,-99,0,-99,-99,0.000,2,-99,-99,0.086,POHY,4,0.502,none,0,0,0.000,1.022,none,-99,1.022
2004,MX,7,C,3,-99,-99,0,-99,-99,0.000,4,-99,-99,0.577,POHY,7,0.815,none,0,0,0.000,1.264,none,-99,1.264
2004,MX,7,C,4,-99,-99,2,-99,-99,0.553,3,-99,-99,0.481,none,0,0.000,none,0,0,0.000,0.383,none,-99,0.383
2004,MX,7,C,5,-99,-99,0,-99,-99,0.000,4,-99,-99,0.810,POHY,8,0.888,none,0,0,0.000,1.283,none,-99,1.283
2004,MX,8,E,1,-99,-99,6,-99,-99,0.343,0,-99,-99,0.000,none,0,0,none,0,0,0.549,0.393,none,-99,0.942
2004,MX,8,E,2,-99,-99,7,-99,-99,1.072,0,-99,-99,0.000,none,0,0,none,0,0,0.000,1.490,none,-99,1.49
2004,MX,8,E,3,-99,-99,7,-99,-99,0.974,4,-99,-99,0.541,none,0,0,none,0,0,0.816,3.014,none,-99,3.83
2004,MX,8,E,4,-99,-99,0,-99,-99,0.000,3,-99,-99,0.306,none,0,0,none,0,0,0.352,1.667,none,-99,2.019
2004,MX,8,E,5,-99,-99,4,-99,-99,0.372,1,-99,-99,0.208,none,0,0,none,0,0,0.000,0.114,none,-99,0.114
2004,MX,9,A,1,-99,-99,1,-99,-99,0.016,0,-99,-99,0.000,none,0,0,none,0,0,0.047,0.269,none,-99,0.316
2004,MX,9,A,2,-99,-99,4,-99,-99,0.436,2,-99,-99,0.204,none,0,0,none,0,0,0.000,1.569,none,-99,1.569
2004,MX,9,A,3,-99,-99,0,-99,-99,0.000,3,-99,-99,0.452,none,0,0,none,0,0,0.000,1.388,none,-99,1.388
2004,MX,9,A,4,-99,-99,2,-99,-99,0.306,3,-99,-99,0.341,none,0,0,none,0,0,0.000,2.670,none,-99,2.67
2004,MX,9,A,5,-99,-99,4,-99,-99,0.270,7,-99,-99,0.730,none,0,0,none,0,0,0.000,1.429,none,-99,1.429
2004,MX,10,C,1,-99,-99,2,-99,-99,0.147,1,-99,-99,0.024,POHY,1,0.022,none,0,0,0.000,1.617,none,-99,1.617
2004,MX,10,C,2,-99,-99,10,-99,-99,1.386,8,-99,-99,0.832,none,0,0.000,none,0,0,0.000,1.098,none,-99,1.098
2004,MX,10,C,3,-99,-99,9,-99,-99,1.436,6,-99,-99,0.756,none,0,0.000,none,0,0,0.000,2.472,none,-99,2.472
2004,MX,10,C,4,-99,-99,6,-99,-99,0.499,15,-99,-99,1.716,POHY,1,0.012,none,0,0,0.000,0.577,none,-99,0.577
2004,MX,10,C,5,-99,-99,7,-99,-99,1.042,1,-99,-99,0.229,none,0,0,none,0,0,0.000,0.915,none,-99,0.915
2004,MX,11,E,1,-99,-99,5,-99,-99,0.436,2,-99,-99,0.106,none,0,0,none,0,0,0.000,4.355,none,-99,4.355
2004,MX,11,E,2,-99,-99,1,-99,-99,0.216,0,-99,-99,0.000,none,0,0,none,0,0,0.000,2.241,none,-99,2.241
2004,MX,11,E,3,-99,-99,2,-99,-99,0.133,0,-99,-99,0.000,none,0,0,none,0,0,0.000,1.795,none,-99,1.795
2004,MX,11,E,4,-99,-99,1,-99,-99,0.179,3,-99,-99,0.264,none,0,0,none,0,0,0.000,0.237,none,-99,0.237
2004,MX,11,E,5,-99,-99,6,-99,-99,0.903,0,-99,-99,0.000,none,0,0,none,0,0,0.000,0.917,none,-99,0.917
2004,MX,12,A,1,-99,-99,4,-99,-99,0.387,4,-99,-99,0.161,none,0,0,none,0,0,0.000,1.972,none,-99,1.972
2004,MX,12,A,2,-99,-99,0,-99,-99,0.000,3,-99,-99,0.231,none,0,0,none,0,0,0.000,0.566,none,-99,0.566
2004,MX,12,A,3,-99,-99,0,-99,-99,0.000,6,-99,-99,0.436,none,0,0,none,0,0,0.000,1.377,none,-99,1.377
2004,MX,12,A,4,-99,-99,0,-99,-99,0.000,7,-99,-99,0.704,none,0,0,none,0,0,0.000,2.009,none,-99,2.009
2004,MX,12,A,5,-99,-99,0,-99,-99,0.000,2,-99,-99,0.217,none,0,0,none,0,0,0.000,1.428,none,-99,1.428
2004,MX,13,E,1,-99,-99,2,-99,-99,0.191,1,-99,-99,0.127,none,0,0,none,0,0,0.000,3.183,none,-99,3.183
2004,MX,13,E,2,-99,-99,4,-99,-99,0.330,1,-99,-99,0.158,none,0,0,none,0,0,0.000,0.521,none,-99,0.521
2004,MX,13,E,3,-99,-99,0,-99,-99,0.000,5,-99,-99,1.217,none,0,0,none,0,0,0.000,2.540,none,-99,2.54
2004,MX,13,E,4,-99,-99,1,-99,-99,0.260,1,-99,-99,0.105,none,0,0,none,0,0,0.000,2.503,none,-99,2.503
2004,MX,13,E,5,-99,-99,3,-99,-99,0.467,0,-99,-99,0.000,POHY,1,0.006,none,0,0,0.000,3.358,none,-99,3.358
2004,MX,14,C,1,-99,-99,6,-99,-99,0.542,3,-99,-99,0.675,none,0,0,none,0,0,0.000,0.706,none,-99,0.706
2004,MX,14,C,2,-99,-99,15,-99,-99,2.044,0,-99,-99,0.000,none,0,0,none,0,0,0.000,1.339,none,-99,1.339
2004,MX,14,C,3,-99,-99,7,-99,-99,0.758,3,-99,-99,0.433,none,0,0,none,0,0,0.000,2.682,none,-99,2.682
2004,MX,14,C,4,-99,-99,0,-99,-99,0.000,4,-99,-99,0.443,none,0,0,none,0,0,0.000,1.080,none,-99,1.08
2004,MX,14,C,5,-99,-99,6,-99,-99,0.536,3,-99,-99,0.211,none,0,0,none,0,0,0.000,0.546,none,-99,0.546
2004,MX,15,A,1,-99,-99,7,-99,-99,0.919,1,-99,-99,0.116,none,0,0,none,0,0,0.000,1.360,none,-99,1.36
2004,MX,15,A,2,-99,-99,5,-99,-99,0.694,2,-99,-99,0.084,none,0,0,none,0,0,0.000,1.389,none,-99,1.389
2004,MX,15,A,3,-99,-99,9,-99,-99,1.268,1,-99,-99,0.199,none,0,0,none,0,0,0.000,2.963,none,-99,2.963
2004,MX,15,A,4,-99,-99,7,-99,-99,0.897,0,-99,-99,0.000,none,0,0,none,0,0,0.000,1.741,none,-99,1.741
2004,MX,15,A,5,-99,-99,4,-99,-99,0.826,2,-99,-99,0.213,none,0,0,none,0,0,0.000,4.051,none,-99,4.051
2005,MX,1,E,1,-99,-99,1,-99,-99,0.8296,8,-99,-99,0.151,none,0,0,none,0,0,0.4225,1.5319,none,0,1.9544
2005,MX,1,E,2,-99,-99,1,-99,-99,0.0936,2,-99,-99,0.2065,none,0,0,none,0,0,0.908,0.1607,none,0,1.0687
2005,MX,1,E,3,-99,-99,0,-99,-99,0,2,-99,-99,0.1975,none,0,0,none,0,0,1.16,0.5722,none,0,1.7322
2005,MX,1,E,4,-99,-99,0,-99,-99,0,3,-99,-99,0.506,none,0,0,none,0,0,0.9,0.9874,none,0,1.8874
2005,MX,1,E,5,-99,-99,5,-99,-99,0.6416,0,-99,-99,0,none,0,0,none,0,0,1.0937,1.081,none,0,2.1747
2005,MX,2,A,1,-99,-99,14,-99,-99,1.6785,6,-99,-99,0.3672,none,0,0,none,0,0,0.3426,1.4785,none,0,1.8211
2005,MX,2,A,2,-99,-99,15,-99,-99,1.4598,3,-99,-99,0.8556,none,0,0,none,0,0,0.1647,0.398,none,0,0.5627
2005,MX,2,A,3,-99,-99,3,-99,-99,0.3319,4,-99,-99,0.5808,none,0,0,none,0,0,1.3606,1.1953,none,0,2.5559
2005,MX,2,A,4,-99,-99,0,-99,-99,0,6,-99,-99,0.7978,none,0,0,none,0,0,0.099,2.3818,none,0,2.4808
2005,MX,2,A,5,-99,-99,3,-99,-99,0.3145,4,-99,-99,0.3652,none,0,0,none,0,0,0.2884,0.9898,none,0,1.2782
2005,MX,3,C,1,-99,-99,8,-99,-99,2.0719,3,-99,-99,0.3618,POHY ,1,0.0879,none,0,0,0.7483,0.8154,none,0,1.5637
2005,MX,3,C,2,-99,-99,16,-99,-99,2.4381,3,-99,-99,0.3712,POHY ,1,0.1139,none,0,0,0.5481,0.5192,none,0,1.0673
2005,MX,3,C,3,-99,-99,12,-99,-99,2.1449,5,-99,-99,0.5553,none,0,0,none,0,0,0.2126,0.2107,none,0,0.4233
2005,MX,3,C,4,-99,-99,4,-99,-99,0.5318,5,-99,-99,0.6012,none,0,0,none,0,0,0.9236,1.7252,none,0,2.6488
2005,MX,3,C,5,-99,-99,24,-99,-99,2.9035,4,-99,-99,0.9184,POHY ,1,0.2032,none,0,0,0.2115,2.689,none,0,2.9005
2005,MX,4,E,1,-99,-99,0,-99,-99,0,4,-99,-99,0.4443,none,0,0,none,0,0,0.6697,0.9273,none,0,1.597
2005,MX,4,E,2,-99,-99,0,-99,-99,0,2,-99,-99,0.3187,none,0,0,none,0,0,0.6444,0.0127,none,0,0.6571
2005,MX,4,E,3,-99,-99,0,-99,-99,0,0,-99,-99,0,none,0,0,none,0,0,0.6779,0.8731,none,0,1.551
2005,MX,4,E,4,-99,-99,2,-99,-99,0.2834,1,-99,-99,0.0457,none,0,0,none,0,0,1.5673,1.4072,none,0,2.9745
2005,MX,4,E,5,-99,-99,0,-99,-99,0,0,-99,-99,0.188,none,0,0,none,0,0,1.8829,0.8809,none,0,2.7638
2005,MX,5,C,1,-99,-99,18,-99,-99,3.4509,0,-99,-99,0,none,0,0,none,0,0,0.3283,1.2653,none,0,1.5936
2005,MX,5,C,2,-99,-99,3,-99,-99,0.588,7,-99,-99,0.8927,POHY ,1,0.024,none,0,0,0.124,0.151,none,0,0.275
2005,MX,5,C,3,-99,-99,8,-99,-99,1.6939,3,-99,-99,0.4174,SOSE,1,1.1831,none,0,0,0.1761,0.5116,none,0,0.6877
2005,MX,5,C,4,-99,-99,0,-99,-99,0,4,-99,-99,0.4278,none,0,0,none,0,0,0.3109,1.2466,none,0,1.5575
2005,MX,5,C,5,-99,-99,13,-99,-99,1.8966,0,-99,-99,0,none,0,0,none,0,0,0.4025,1.64,none,0,2.0425
2005,MX,6,A,1,-99,-99,3,-99,-99,0.3401,1,-99,-99,0.1517,none,0,0,none,0,0,0.0824,1.6735,none,0,1.7559
2005,MX,6,A,2,-99,-99,3,-99,-99,0.375,0,-99,-99,0,none,0,0,none,0,0,0.4028,2.3108,none,0,2.7136
2005,MX,6,A,3,-99,-99,7,-99,-99,1.2175,1,-99,-99,0.2335,none,0,0,none,0,0,0.1854,1.2116,none,0,1.397
2005,MX,6,A,4,-99,-99,10,-99,-99,0.5578,4,-99,-99,1.3394,none,0,0,none,0,0,0.5691,1.48,none,0,2.0491
2005,MX,6,A,5,-99,-99,3,-99,-99,0.4403,2,-99,-99,0.2998,none,0,0,none,0,0,0.7116,0.9228,none,0,1.6344
2005,MX,7,C,1,-99,-99,2,-99,-99,0.2777,7,-99,-99,0.8897,none,0,0,none,0,0,0.3127,2.7227,none,0,3.0354
2005,MX,7,C,2,-99,-99,3,-99,-99,0.2698,4,-99,-99,0.4563,POHY ,1,0.0177,none,0,0,0,1.0479,none,0,1.0479
2005,MX,7,C,3,-99,-99,8,-99,-99,1.2546,1,-99,-99,0.0917,none,0,0,none,0,0,0.6611,1.9689,none,0,2.63
2005,MX,7,C,4,-99,-99,17,-99,-99,2.5452,6,-99,-99,0.5365,none,0,0,none,0,0,0.1642,4.337,none,0,4.5012
2005,MX,7,C,5,-99,-99,7,-99,-99,0.9005,7,-99,-99,0.2812,POHY ,1,0.0106,none,0,0,0.438,1.2559,none,0,1.6939
2005,MX,8,E,1,-99,-99,12,-99,-99,1.3574,5,-99,-99,0.7811,none,0,0,none,0,0,0.1999,1.997,none,0,2.1969
2005,MX,8,E,2,-99,-99,5,-99,-99,0.641,2,-99,-99,0.2851,none,0,0,none,0,0,0.8512,0.6736,none,0,1.5248
2005,MX,8,E,3,-99,-99,3,-99,-99,0.2656,2,-99,-99,0.0787,none,0,0,none,0,0,0.0351,0.4509,none,0,0.486
2005,MX,8,E,4,-99,-99,0,-99,-99,0,4,-99,-99,0.4838,none,0,0,none,0,0,0.2387,0.7092,none,0,0.9479
2005,MX,8,E,5,-99,-99,1,-99,-99,0.0476,1,-99,-99,0.09,none,0,0,none,0,0,0.1235,2.3999,none,0,2.5234
2005,MX,9,A,1,-99,-99,2,-99,-99,0.32,5,-99,-99,0.7501,POHY ,2,0.0351,none,0,0,0.1224,1.2044,none,0,1.3268
2005,MX,9,A,2,-99,-99,3,-99,-99,0.3224,5,-99,-99,0.7013,none,0,0,none,0,0,0.3778,0.8587,none,0,1.2365
2005,MX,9,A,3,-99,-99,2,-99,-99,0.1694,4,-99,-99,0.3289,none,0,0,none,0,0,0.3929,2.0194,none,0,2.4123
2005,MX,9,A,4,-99,-99,0,-99,-99,0,6,-99,-99,0.681,none,0,0,none,0,0,0.9077,0.7131,none,0,1.6208
2005,MX,9,A,5,-99,-99,1,-99,-99,0.0188,6,-99,-99,0.8004,none,0,0,none,0,0,0.8695,1.2554,none,0,2.1249
2005,MX,10,C,1,-99,-99,3,-99,-99,0.4787,0,-99,-99,0,none,0,0,none,0,0,0.7505,2.1952,none,0,2.9457
2005,MX,10,C,2,-99,-99,4,-99,-99,0.4401,0,-99,-99,0,none,0,0,none,0,0,0.7899,0.3074,none,0,1.0973
2005,MX,10,C,3,-99,-99,12,-99,-99,1.5108,1,-99,-99,0.0814,none,0,0,none,0,0,0.7611,0.4927,none,0,1.2538
2005,MX,10,C,4,-99,-99,6,-99,-99,0.6205,2,-99,-99,0.0958,none,0,0,none,0,0,0.2198,0.7899,none,0,1.0097
2005,MX,10,C,5,-99,-99,8,-99,-99,1.0288,10,-99,-99,0.499,none,0,0,none,0,0,0.6264,0.253,none,0,0.8794
2005,MX,11,E,1,-99,-99,0,-99,-99,0,1,-99,-99,0.097,none,0,0,none,0,0,0.8061,2.3365,none,0,3.1426
2005,MX,11,E,2,-99,-99,10,-99,-99,0.9109,1,-99,-99,0.0056,none,0,0,none,0,0,0.7913,2.1232,none,0,2.9145
2005,MX,11,E,3,-99,-99,4,-99,-99,0.3152,0,-99,-99,0,none,0,0,none,0,0,0.7683,0.2886,none,0,1.0569
2005,MX,11,E,4,-99,-99,2,-99,-99,0.0207,2,-99,-99,0.0216,none,0,0,none,0,0,1.6104,1.5161,none,0,3.1265
2005,MX,11,E,5,-99,-99,2,-99,-99,0.271,0,-99,-99,0,none,0,0,none,0,0,1.3702,1.3861,none,0,2.7563
2005,MX,12,A,1,-99,-99,2,-99,-99,0.2355,6,-99,-99,0.6599,none,0,0,none,0,0,0.7609,0.464,none,0,1.2249
2005,MX,12,A,2,-99,-99,1,-99,-99,0.0519,0,-99,-99,0,none,0,0,none,0,0,2.0516,1.7894,none,0,3.841
2005,MX,12,A,3,-99,-99,0,-99,-99,0,6,-99,-99,0.5112,none,0,0,none,0,0,1.2778,0.9627,none,0,2.2405
2005,MX,12,A,4,-99,-99,0,-99,-99,0,8,-99,-99,0.7318,none,0,0,none,0,0,2.005,2.6498,none,0,4.6548
2005,MX,12,A,5,-99,-99,0,-99,-99,0,9,-99,-99,1.73,none,0,0,none,0,0,0.851,1.839,none,0,2.69
2005,MX,13,E,1,-99,-99,3,-99,-99,0.3588,1,-99,-99,0.2065,none,0,0,none,0,0,0.597,0.6564,none,0,1.2534
2005,MX,13,E,2,-99,-99,1,-99,-99,0.2042,1,-99,-99,0.1285,none,0,0,none,0,0,1.4835,0.5594,none,0,2.0429
2005,MX,13,E,3,-99,-99,1,-99,-99,0.1727,1,-99,-99,0.1964,none,0,0,none,0,0,0.4085,0.4821,none,0,0.8906
2005,MX,13,E,4,-99,-99,0,-99,-99,0,1,-99,-99,0.0786,none,0,0,none,0,0,0.9151,0.2651,none,0,1.1802
2005,MX,13,E,5,-99,-99,2,-99,-99,0.8048,5,-99,-99,0.326,none,0,0,none,0,0,1.6114,0.7745,none,0,2.3859
2005,MX,14,C,1,-99,-99,4,-99,-99,0.3605,3,-99,-99,0.1407,none,0,0,none,0,0,0.5511,1.9837,none,0,2.5348
2005,MX,14,C,2,-99,-99,1,-99,-99,0.0637,4,-99,-99,0.6412,none,0,0,none,0,0,0.5422,1.0368,none,0,1.579
2005,MX,14,C,3,-99,-99,4,-99,-99,0.528,0,-99,-99,0,none,0,0,none,0,0,0.1665,2.6096,none,0,2.7761
2005,MX,14,C,4,-99,-99,0,-99,-99,0,4,-99,-99,0.5919,none,0,0,none,0,0,0.058,0.5365,none,0,0.5945
2005,MX,14,C,5,-99,-99,6,-99,-99,1.0763,1,-99,-99,0.1524,none,0,0,none,0,0,0.1353,3.284,none,0,3.4193
2005,MX,15,A,1,-99,-99,8,-99,-99,0.6148,1,-99,-99,0.0728,none,0,0,none,0,0,0.4351,1.8222,none,0,2.2573
2005,MX,15,A,2,-99,-99,8,-99,-99,1.797,1,-99,-99,0.1968,none,0,0,none,0,0,0.0403,1.8376,none,0,1.8779
2005,MX,15,A,3,-99,-99,1,-99,-99,0.1869,2,-99,-99,0.1019,none,0,0,none,0,0,0.0775,1.6035,none,0,1.681
2005,MX,15,A,4,-99,-99,10,-99,-99,1.3157,3,-99,-99,0.1533,none,0,0,none,0,0,0.214,0.7902,none,0,1.0042
2005,MX,15,A,5,-99,-99,5,-99,-99,0.6272,1,-99,-99,0.27,none,0,0,none,0,0,0.2067,0.7259,none,0,0.9326
2005,SP,1,E,1,-99,-99,0,-99,-99,0,0,-99,-99,0,POHY ,1,0.0202,none,0,0,1.5191,0.7306,none,0,2.2497
2005,SP,1,E,2,-99,-99,0,-99,-99,0,0,-99,-99,0,none,0,0,none,0,0,0.458,0.1687,none,0,0.6267
2005,SP,1,E,3,-99,-99,3,-99,-99,0.7812,0,-99,-99,0,none,0,0,none,0,0,0.0893,0.3893,none,0,0.4786
2005,SP,1,E,4,-99,-99,0,-99,-99,0,0,-99,-99,0,none,0,0,none,0,0,1.0715,0.2738,none,0,1.3453
2005,SP,1,E,5,-99,-99,1,-99,-99,0.2846,0,-99,-99,0,none,0,0,none,0,0,1.2582,0.3202,none,0,1.5784
2005,SP,2,A,1,-99,-99,8,-99,-99,2.2229,0,-99,-99,0,none,0,0,none,0,0,0,3.2434,none,0,3.2434
2005,SP,2,A,2,-99,-99,7,-99,-99,1.507,0,-99,-99,0,none,0,0,none,0,0,0,0.8389,none,0,0.8389
2005,SP,2,A,3,-99,-99,3,-99,-99,0.4576,0,-99,-99,0,none,0,0,none,0,0,0,2.5279,none,0,2.5279
2005,SP,2,A,4,-99,-99,3,-99,-99,0.691,0,-99,-99,0,none,0,0,none,0,0,0,2.0407,none,0,2.0407
2005,SP,2,A,5,-99,-99,8,-99,-99,1.5788,0,-99,-99,0,none,0,0,none,0,0,0,1.2734,none,0,1.2734
2005,SP,3,C,1,-99,-99,16,-99,-99,3.0277,0,-99,-99,0,none,0,0,none,0,0,0,1.5813,none,0,1.5813
2005,SP,3,C,2,-99,-99,14,-99,-99,2.6955,0,-99,-99,0,POHY ,1,0.0604,none,0,0,0.079,2.3737,none,0,2.4527
2005,SP,3,C,3,-99,-99,10,-99,-99,1.47,0,-99,-99,0,none,0,0,none,0,0,0,0.3379,none,0,0.3379
2005,SP,3,C,4,-99,-99,13,-99,-99,2.4523,0,-99,-99,0,none,0,0,none,0,0,0.0376,0.5277,none,0,0.5653
2005,SP,3,C,5,-99,-99,6,-99,-99,1.4506,0,-99,-99,0,none,0,0,none,0,0,0.03,1.684,none,0,1.714
2005,SP,4,E,1,-99,-99,8,-99,-99,1.1319,0,-99,-99,0,none,0,0,none,0,0,0,2.818,none,0,2.818
2005,SP,4,E,2,-99,-99,3,-99,-99,0.4077,0,-99,-99,0,none,0,0,none,0,0,0,1.7023,none,0,1.7023
2005,SP,4,E,3,-99,-99,5,-99,-99,0.7518,0,-99,-99,0,none,0,0,none,0,0,0,6.9689,none,0,6.9689
2005,SP,4,E,4,-99,-99,5,-99,-99,0.3757,0,-99,-99,0,none,0,0,none,0,0,0,3.2923,none,0,3.2923
2005,SP,4,E,5,-99,-99,13,-99,-99,0.74,0,-99,-99,0,none,0,0,none,0,0,0,0.9881,none,0,0.9881
2005,SP,5,A,1,-99,-99,5,-99,-99,0.554,0,-99,-99,0,none,0,0,none,0,0,0,1.92,none,0,1.92
2005,SP,5,A,2,-99,-99,24,-99,-99,5.111,0,-99,-99,0,none,0,0,none,0,0,0,2.156,none,0,2.156
2005,SP,5,A,3,-99,-99,7,-99,-99,1.8874,0,-99,-99,0,none,0,0,none,0,0,0,1.141,none,0,1.141
2005,SP,5,A,4,-99,-99,18,-99,-99,3.0798,0,-99,-99,0,none,0,0,none,0,0,0,1.2195,none,0,1.2195
2005,SP,5,A,5,-99,-99,10,-99,-99,2.2813,0,-99,-99,0,none,0,0,none,0,0,0,1.3313,none,0,1.3313
2005,SP,6,C,1,-99,-99,15,-99,-99,2.6356,0,-99,-99,0,none,0,0,none,0,0,0,1.72,none,0,1.72
2005,SP,6,C,2,-99,-99,6,-99,-99,1.3995,0,-99,-99,0,none,0,0,none,0,0,0.0853,3.5757,none,0,3.661
2005,SP,6,C,3,-99,-99,18,-99,-99,3.3713,0,-99,-99,0,SOSE,2,0.4969,none,0,0,0.0346,1.9052,none,0,1.9398
2005,SP,6,C,4,-99,-99,7,-99,-99,0.9098,0,-99,-99,0,none,0,0,none,0,0,0.3894,1.9825,none,0,2.3719
2005,SP,6,C,5,-99,-99,14,-99,-99,3.5113,0,-99,-99,0,none,0,0,none,0,0,0.0595,2.6003,none,0,2.6598
2005,SP,7,C,1,-99,-99,13,-99,-99,1.5047,0,-99,-99,0,none,0,0,none,0,0,0.0328,0.3433,none,0,0.3761
2005,SP,7,C,2,-99,-99,7,-99,-99,1.2722,0,-99,-99,0,none,0,0,none,0,0,0,2.0773,none,0,2.0773
2005,SP,7,C,3,-99,-99,1,-99,-99,0.0298,0,-99,-99,0,none,0,0,none,0,0,0,1.0139,none,0,1.0139
2005,SP,7,C,4,-99,-99,6,-99,-99,0.5386,0,-99,-99,0,none,0,0,none,0,0,0.012,1.55,none,0,1.562
2005,SP,7,C,5,-99,-99,13,-99,-99,2.2911,0,-99,-99,0,none,0,0,none,0,0,0.126,1.4236,none,0,1.5496
2005,SP,8,E,1,-99,-99,12,-99,-99,1.3062,0,-99,-99,0,none,0,0,none,0,0,0,0.3527,none,0,0.3527
2005,SP,8,E,2,-99,-99,18,-99,-99,3.1215,0,-99,-99,0,none,0,0,none,0,0,0,0.6377,none,0,0.6377
2005,SP,8,E,3,-99,-99,4,-99,-99,0.7294,0,-99,-99,0,none,0,0,none,0,0,0,1.5038,none,0,1.5038
2005,SP,8,E,4,-99,-99,3,-99,-99,0.1306,0,-99,-99,0,none,0,0,none,0,0,0,1.483,UNK,0.9532,2.4362
2005,SP,8,E,5,-99,-99,6,-99,-99,0.8822,0,-99,-99,0,SOSE,5,1.5848,none,0,0,0,3.3669,UNK,0.168,3.5349
2005,SP,9,A,1,-99,-99,9,-99,-99,1.233,0,-99,-99,0,none,0,0,none,0,0,0,1.3347,none,0,1.3347
2005,SP,9,A,2,-99,-99,3,-99,-99,0.3632,0,-99,-99,0,none,0,0,none,0,0,0.0564,2.4132,none,0,2.4696
2005,SP,9,A,3,-99,-99,4,-99,-99,1.1727,0,-99,-99,0,none,0,0,none,0,0,0,1.0406,none,0,1.0406
2005,SP,9,A,4,-99,-99,0,-99,-99,0,0,-99,-99,0,none,0,0,none,0,0,0.0749,2.445,none,0,2.5199
2005,SP,9,A,5,-99,-99,2,-99,-99,0.1824,0,-99,-99,0,none,0,0,none,0,0,0,0.3303,none,0,0.3303
2005,SP,10,E,1,-99,-99,17,-99,-99,2.877,0,-99,-99,0,none,0,0,none,0,0,0,3.637,none,0,3.637
2005,SP,10,E,2,-99,-99,25,-99,-99,2.5585,0,-99,-99,0,none,0,0,none,0,0,0,3.5692,none,0,3.5692
2005,SP,10,E,3,-99,-99,12,-99,-99,2.0075,0,-99,-99,0,none,0,0,none,0,0,0,3.3468,none,0,3.3468
2005,SP,10,E,4,-99,-99,8,-99,-99,0.8949,0,-99,-99,0,none,0,0,none,0,0,0,1.8175,none,0,1.8175
2005,SP,10,E,5,-99,-99,13,-99,-99,2.1594,0,-99,-99,0,none,0,0,none,0,0,0,1.7323,none,0,1.7323
2005,SP,11,A,1,-99,-99,23,-99,-99,2.07,3,-99,-99,0.2566,none,0,0,none,0,0,0,0.6902,none,0,0.6902
2005,SP,11,A,2,-99,-99,5,-99,-99,0.8121,3,-99,-99,0.1743,none,0,0,none,0,0,0,1.3963,none,0,1.3963
2005,SP,11,A,3,-99,-99,2,-99,-99,0.0708,5,-99,-99,0.4248,none,0,0,none,0,0,0,1.108,none,0,1.108
2005,SP,11,A,4,-99,-99,4,-99,-99,0.4325,9,-99,-99,1.2098,POHY ,7,0.0535,none,0,0,0,1.5402,none,0,1.5402
2005,SP,11,A,5,-99,-99,12,-99,-99,1.586,4,-99,-99,0.1942,none,0,0,none,0,0,0,1.2378,none,0,1.2378
2005,SP,12,C,1,-99,-99,12,-99,-99,2.2619,0,-99,-99,0,none,0,0,none,0,0,0,2.3745,none,0,2.3745
2005,SP,12,C,2,-99,-99,9,-99,-99,0.964,0,-99,-99,0,none,0,0,none,0,0,0,0.8297,none,0,0.8297
2005,SP,12,C,3,-99,-99,6,-99,-99,0.6403,0,-99,-99,0,none,0,0,none,0,0,0,0.7647,none,0,0.7647
2005,SP,12,C,4,-99,-99,5,-99,-99,0.625,0,-99,-99,0,none,0,0,none,0,0,0,2.7143,none,0,2.7143
2005,SP,12,C,5,-99,-99,24,-99,-99,3.516,0,-99,-99,0,none,0,0,none,0,0,0,1.8322,none,0,1.8322
2005,SP,13,A,1,-99,-99,4,-99,-99,0.198,0,-99,-99,0,none,0,0,none,0,0,0,0.487,none,0,0.487
2005,SP,13,A,2,-99,-99,14,-99,-99,1.7884,0,-99,-99,0,none,0,0,none,0,0,0,2.8953,none,0,2.8953
2005,SP,13,A,3,-99,-99,12,-99,-99,0.8963,0,-99,-99,0,none,0,0,none,0,0,0,0.8933,none,0,0.8933
2005,SP,13,A,4,-99,-99,19,-99,-99,2.0619,0,-99,-99,0,none,0,0,none,0,0,0,2.1569,none,0,2.1569
2005,SP,13,A,5,-99,-99,14,-99,-99,2.2436,0,-99,-99,0,none,0,0,none,0,0,0,0.8626,none,0,0.8626
2005,SP,14,E,1,-99,-99,9,-99,-99,0.7305,0,-99,-99,0,POHY ,1,0.0193,none,0,0,0,0.8542,UNK,0.1077,0.9619
2005,SP,14,E,2,-99,-99,8,-99,-99,0.3985,0,-99,-99,0,POHY ,9,0.1208,none,0,0,0,0.917,UNK,0.2089,1.1259
2005,SP,14,E,3,-99,-99,0,-99,-99,0,0,-99,-99,0,POHY ,9,0.079,none,0,0,0,1.024,UNK,0.232,1.256
2005,SP,14,E,4,-99,-99,3,-99,-99,0.0927,0,-99,-99,0,POHY ,1,0.0068,none,0,0,0,0.2107,UNK,0.174,0.3847
2005,SP,14,E,5,-99,-99,4,-99,-99,0.1725,0,-99,-99,0,SOSE,9,1.4247,none,0,0,0,0.6136,none,0,0.6136
2005,SP,15,C,1,-99,-99,18,-99,-99,1.7411,0,-99,-99,0,POHY ,2,0.1466,none,0,0,0,0.2148,none,0,0.2148
2005,SP,15,C,2,-99,-99,3,-99,-99,0.7339,0,-99,-99,0,none,0,0,none,0,0,0,0.0625,none,0,0.0625
2005,SP,15,C,3,-99,-99,20,-99,-99,2.3773,0,-99,-99,0,none,0,0,none,0,0,0.0833,0.1212,none,0,0.2045
2005,SP,15,C,4,-99,-99,11,-99,-99,1.3639,0,-99,-99,0,none,0,0,none,0,0,0.0038,0.3624,none,0,0.3662
2005,SP,15,C,5,-99,-99,12,-99,-99,1.9352,0,-99,-99,0,none,0,0,none,0,0,0.3563,0.9602,none,0,1.3165
2005,SC,1,E,1,-99,-99,0,-99,-99,0,3,-99,-99,0.1487,none,0,0,none,0,0,1.3277,0.6537,none,0,1.9814
2005,SC,1,E,2,-99,-99,0,-99,-99,0,0,-99,-99,0,none,0,0,none,0,0,1.0392,0.6965,none,0,1.7357
2005,SC,1,E,3,-99,-99,0,-99,-99,0,0,-99,-99,0,none,0,0,none,0,0,1.8676,0.757,none,0,2.6246
2005,SC,1,E,4,-99,-99,1,-99,-99,0.0859,3,-99,-99,0.4165,none,0,0,none,0,0,3.8565,0.0863,none,0,3.9428
2005,SC,1,E,5,-99,-99,0,-99,-99,0,1,-99,-99,0.045,none,0,0,none,0,0,2.245,0.0887,none,0,2.3337
2005,SC,2,A,1,-99,-99,0,-99,-99,0,0,-99,-99,0,none,0,0,none,0,0,0.3943,0.0585,none,0,0.4528
2005,SC,2,A,2,-99,-99,0,-99,-99,0,0,-99,-99,0,none,0,0,none,0,0,0.6822,0,none,0,0.6822
2005,SC,2,A,3,-99,-99,0,-99,-99,0,0,-99,-99,0,none,0,0,none,0,0,1.7725,0.0796,none,0,1.8521
2005,SC,2,A,4,-99,-99,0,-99,-99,0,0,-99,-99,0,none,0,0,none,0,0,3.8088,0.1888,none,0,3.9976
2005,SC,2,A,5,-99,-99,0,-99,-99,0,0,-99,-99,0,none,0,0,none,0,0,1.8662,0.0909,none,0,1.9571
2005,SC,3,C,1,-99,-99,1,-99,-99,0.2245,0,-99,-99,0,none,0,0,none,0,0,2.0364,0.4291,none,0,2.4655
2005,SC,3,C,2,-99,-99,4,-99,-99,0.0753,0,-99,-99,0,none,0,0,none,0,0,0.9489,1.0512,none,0,2.0001
2005,SC,3,C,3,-99,-99,2,-99,-99,0.4869,0,-99,-99,0,none,0,0,none,0,0,1.4733,1.8,none,0,3.2733
2005,SC,3,C,4,-99,-99,4,-99,-99,0.336,0,-99,-99,0,none,0,0,none,0,0,0.9673,0.647,none,0,1.6143
2005,SC,3,C,5,-99,-99,2,-99,-99,0.4269,0,-99,-99,0,none,0,0,none,0,0,0.9775,0.9635,none,0,1.941
2005,SC,4,A,1,-99,-99,0,-99,-99,0,0,-99,-99,0,none,0,0,none,0,0,1.8688,0.4604,none,0,2.3292
2005,SC,4,A,2,-99,-99,1,-99,-99,0.0126,2,-99,-99,0.2326,none,0,0,none,0,0,1.2681,0.3485,none,0,1.6166
2005,SC,4,A,3,-99,-99,1,-99,-99,0.0066,2,-99,-99,0.158,none,0,0,none,0,0,2.4191,0.4737,none,0,2.8928
2005,SC,4,A,4,-99,-99,0,-99,-99,0,0,-99,-99,0,none,0,0,none,0,0,1.3655,0.284,none,0,1.6495
2005,SC,4,A,5,-99,-99,0,-99,-99,0,4,-99,-99,0.5999,none,0,0,none,0,0,3.2936,0.8662,none,0,4.1598
2005,SC,5,C,1,-99,-99,14,-99,-99,1.941,0,-99,-99,0,none,0,0,none,0,0,0.0644,1.8532,none,0,1.9176
2005,SC,5,C,2,-99,-99,10,-99,-99,2.3052,0,-99,-99,0,none,0,0,none,0,0,0.9577,1.5449,none,0,2.5026
2005,SC,5,C,3,-99,-99,1,-99,-99,0.1475,0,-99,-99,0,none,0,0,none,0,0,0.2533,0.3694,none,0,0.6227
2005,SC,5,C,4,-99,-99,9,-99,-99,1.9452,0,-99,-99,0,none,0,0,none,0,0,0.8594,7.6326,none,0,8.492
2005,SC,5,C,5,-99,-99,2,-99,-99,0.18,0,-99,-99,0,none,0,0,none,0,0,0.8297,0.5205,none,0,1.3502
2005,SC,6,E,1,-99,-99,0,-99,-99,0,0,-99,-99,0,none,0,0,none,0,0,1.7545,0.1887,none,0,1.9432
2005,SC,6,E,2,-99,-99,0,-99,-99,0,0,-99,-99,0,none,0,0,none,0,0,1.16,0.1913,none,0,1.3513
2005,SC,6,E,3,-99,-99,0,-99,-99,0,0,-99,-99,0,none,0,0,none,0,0,0.5146,0.2857,none,0,0.8003
2005,SC,6,E,4,-99,-99,0,-99,-99,0,1,-99,-99,0.1704,none,0,0,none,0,0,0.9764,0.1095,none,0,1.0859
2005,SC,6,E,5,-99,-99,0,-99,-99,0,0,-99,-99,0,none,0,0,none,0,0,0.994,0.1001,none,0,1.0941
2005,SC,7,C,1,-99,-99,0,-99,-99,0,5,-99,-99,0.741,none,0,0,none,0,0,2.1358,1.05,none,0,3.1858
2005,SC,7,C,2,-99,-99,0,-99,-99,0,2,-99,-99,0.0968,none,0,0,none,0,0,1.2366,0.3425,none,0,1.5791
2005,SC,7,C,3,-99,-99,0,-99,-99,0,4,-99,-99,0.2013,none,0,0,none,0,0,2.763,0.468,none,0,3.231
2005,SC,7,C,4,-99,-99,0,-99,-99,0,1,-99,-99,0.2153,none,0,0,none,0,0,0.317,0.7221,none,0,1.0391
2005,SC,7,C,5,-99,-99,0,-99,-99,0,2,-99,-99,0.1222,none,0,0,none,0,0,2.0633,0.0968,none,0,2.1601
2005,SC,8,A,1,-99,-99,0,-99,-99,0,5,-99,-99,0.5561,none,0,0,none,0,0,0.893,1.3356,none,0,2.2286
2005,SC,8,A,2,-99,-99,3,-99,-99,0.4472,5,-99,-99,0.5039,none,0,0,none,0,0,1.4597,0.8543,none,0,2.314
2005,SC,8,A,3,-99,-99,0,-99,-99,0,1,-99,-99,0.1763,none,0,0,none,0,0,0.2765,0.4014,none,0,0.6779
2005,SC,8,A,4,-99,-99,0,-99,-99,0,5,-99,-99,0.3988,none,0,0,none,0,0,0.4643,1.0042,none,0,1.4685
2005,SC,8,A,5,-99,-99,0,-99,-99,0,8,-99,-99,0.7061,none,0,0,none,0,0,1.736,1.7952,none,0,3.5312
2005,SC,9,E,1,-99,-99,2,-99,-99,0.1002,1,-99,-99,0.0151,none,0,0,none,0,0,0.1943,0.1485,none,0,0.3428
2005,SC,9,E,2,-99,-99,0,-99,-99,0,0,-99,-99,0,none,0,0,none,0,0,1.9936,0.6931,none,0,2.6867
2005,SC,9,E,3,-99,-99,0,-99,-99,0,2,-99,-99,0.1418,LYLI2,1,0.3011,none,0,0,0.1452,0.0813,none,0,0.2265
2005,SC,9,E,4,-99,-99,0,-99,-99,0,7,-99,-99,0.7231,none,0,0,none,0,0,0.11,0.4391,none,0,0.5491
2005,SC,9,E,5,-99,-99,0,-99,-99,0,0,-99,-99,0,none,0,0,none,0,0,0.9281,0.16,none,0,1.0881
2005,SC,10,E,1,-99,-99,6,-99,-99,1.41,0,-99,-99,0,none,0,0,none,0,0,1.175,1.6305,none,0,2.8055
2005,SC,10,E,2,-99,-99,1,-99,-99,0.0174,0,-99,-99,0,none,0,0,none,0,0,0.6104,0.0721,none,0,0.6825
2005,SC,10,E,3,-99,-99,0,-99,-99,0,0,-99,-99,0,none,0,0,none,0,0,0.4143,0.2634,none,0,0.6777
2005,SC,10,E,4,-99,-99,1,-99,-99,0.0806,0,-99,-99,0,none,0,0,none,0,0,0.2247,0.1751,none,0,0.3998
2005,SC,10,E,5,-99,-99,5,-99,-99,0.9876,0,-99,-99,0,none,0,0,none,0,0,1.4252,1.1983,none,0,2.6235
2005,SC,11,C,1,-99,-99,19,-99,-99,3.2069,5,-99,-99,0.3176,none,0,0,none,0,0,0.5692,0.2878,none,0,0.857
2005,SC,11,C,2,-99,-99,1,-99,-99,0.1451,2,-99,-99,0.1425,none,0,0,none,0,0,0.3875,0.2272,none,0,0.6147
2005,SC,11,C,3,-99,-99,4,-99,-99,1.0036,1,-99,-99,0.0638,none,0,0,none,0,0,1.0573,2.1155,none,0,3.1728
2005,SC,11,C,4,-99,-99,7,-99,-99,0.4692,0,-99,-99,0,none,0,0,none,0,0,0.5004,1.8133,none,0,2.3137
2005,SC,11,C,5,-99,-99,1,-99,-99,0.0055,0,-99,-99,0,none,0,0,none,0,0,0.2604,0.3287,none,0,0.5891
2005,SC,12,A,1,-99,-99,2,-99,-99,0.1097,11,-99,-99,0.7785,none,0,0,none,0,0,0,1.4405,none,0,1.4405
2005,SC,12,A,2,-99,-99,2,-99,-99,0.2863,9,-99,-99,0.6227,none,0,0,none,0,0,0,1.3283,none,0,1.3283
2005,SC,12,A,3,-99,-99,0,-99,-99,0,8,-99,-99,1.094,none,0,0,none,0,0,0.1097,4.5965,none,0,4.7062
2005,SC,12,A,4,-99,-99,1,-99,-99,0.1881,6,-99,-99,0.56,none,0,0,none,0,0,0.1713,2.1356,none,0,2.3069
2005,SC,12,A,5,-99,-99,0,-99,-99,0,6,-99,-99,0.8641,none,0,0,none,0,0,0.0639,3.4918,none,0,3.5557
2005,SC,13,C,1,-99,-99,12,-99,-99,1.6247,3,-99,-99,0.095,none,0,0,none,0,0,0.1384,2.27,none,0,2.4084
2005,SC,13,C,2,-99,-99,24,-99,-99,3.1267,0,-99,-99,0,none,0,0,none,0,0,0.2049,0.8654,none,0,1.0703
2005,SC,13,C,3,-99,-99,7,-99,-99,1.0451,0,-99,-99,0,none,0,0,none,0,0,0.3598,0.2425,none,0,0.6023
2005,SC,13,C,4,-99,-99,16,-99,-99,3.5896,2,-99,-99,0.0494,none,0,0,none,0,0,0,2.2738,none,0,2.2738
2005,SC,13,C,5,-99,-99,3,-99,-99,0.1774,0,-99,-99,0,none,0,0,none,0,0,0.1129,0.4489,none,0,0.5618
2005,SC,14,E,1,-99,-99,0,-99,-99,0,3,-99,-99,0.2039,none,0,0,none,0,0,0.5767,0.7332,none,0,1.3099
2005,SC,14,E,2,-99,-99,0,-99,-99,0,3,-99,-99,0.2059,none,0,0,none,0,0,1.3328,1.6778,none,0,3.0106
2005,SC,14,E,3,-99,-99,0,-99,-99,0,1,-99,-99,0.1608,none,0,0,none,0,0,0.3847,0.6041,none,0,0.9888
2005,SC,14,E,4,-99,-99,3,-99,-99,0.3818,3,-99,-99,0.5506,none,0,0,none,0,0,0.6453,1.5844,none,0,2.2297
2005,SC,14,E,5,-99,-99,4,-99,-99,0.9649,3,-99,-99,0.4343,none,0,0,none,0,0,1.0549,0.4094,none,0,1.4643
2005,SC,15,A,1,-99,-99,0,-99,-99,0,8,-99,-99,1.1083,none,0,0,none,0,0,0.4215,0.8266,none,0,1.2481
2005,SC,15,A,2,-99,-99,0,-99,-99,0,7,-99,-99,0.524,none,0,0,none,0,0,0.2098,1.0709,none,0,1.2807
2005,SC,15,A,3,-99,-99,0,-99,-99,0,16,-99,-99,2.0026,none,0,0,none,0,0,0.021,1.762,none,0,1.783
2005,SC,15,A,4,-99,-99,0,-99,-99,0,6,-99,-99,0.4476,none,0,0,none,0,0,0,1.1524,none,0,1.1524
2005,SC,15,A,5,-99,-99,0,-99,-99,0,6,-99,-99,0.555,none,0,0,none,0,0,0.0588,0.2155,none,0,0.2743
2006,MX,1,E,1,-99,-99,0,-99,-99,0.000,0,-99,-99,0.000,none,0,0,none,0,0,1.669,1.262,none,0,2.931
2006,MX,1,E,2,-99,-99,6,-99,-99,0.583,0,-99,-99,0.000,none,0,0,none,0,0,2.617,1.106,none,0,3.723
2006,MX,1,E,3,-99,-99,0,-99,-99,0.000,0,-99,-99,0.000,none,0,0,none,0,0,2.349,0.698,none,0,3.047
2006,MX,1,E,4,-99,-99,0,-99,-99,0.000,1,-99,-99,0.139,none,0,0,none,0,0,2.208,1.449,none,0,3.657
2006,MX,1,E,5,-99,-99,1,-99,-99,0.322,1,-99,-99,0.182,none,0,0,none,0,0,0.713,1.224,none,0,1.937
2006,MX,2,A,1,-99,-99,1,-99,-99,0.014,6,-99,-99,0.534,none,0,0,none,0,0,0.483,0.544,none,0,1.027
2006,MX,2,A,2,-99,-99,2,-99,-99,0.148,1,-99,-99,0.115,none,0,0,none,0,0,0.318,3.318,none,0,3.636
2006,MX,2,A,3,-99,-99,3,-99,-99,0.343,2,-99,-99,0.155,none,0,0,none,0,0,1.286,1.035,none,0,2.321
2006,MX,2,A,4,-99,-99,0,-99,-99,0.000,4,-99,-99,0.526,none,0,0,none,0,0,0.278,1.768,none,0,2.0455
2006,MX,2,A,5,-99,-99,12,-99,-99,1.147,3,-99,-99,0.137,none,0,0,none,0,0,0.470,2.299,none,0,2.769
2006,MX,3,C,1,-99,-99,10,-99,-99,1.114,0,-99,-99,0.000,none,0,0,none,0,0,0.123,0.428,none,0,0.551
2006,MX,3,C,2,-99,-99,25,-99,-99,3.610,0,-99,-99,0.000,none,0,0,none,0,0,0.103,1.686,none,0,1.789
2006,MX,3,C,3,-99,-99,17,-99,-99,2.707,1,-99,-99,0.267,none,0,0,none,0,0,0.654,2.552,none,0,3.206
2006,MX,3,C,4,-99,-99,4,-99,-99,0.648,0,-99,-99,0.000,none,0,0,none,0,0,0.509,1.051,none,0,1.56
2006,MX,3,C,5,-99,-99,14,-99,-99,2.261,2,-99,-99,0.305,none,0,0,none,0,0,1.802,1.492,none,0,3.294
2006,MX,4,E,1,-99,-99,1,-99,-99,0.046,3,-99,-99,0.458,none,0,0,none,0,0,1.802,1.114,none,0,2.916
2006,MX,4,E,2,-99,-99,2,-99,-99,0.211,1,-99,-99,0.140,none,0,0,none,0,0,0.661,0.171,none,0,0.832
2006,MX,4,E,3,-99,-99,0,-99,-99,0.000,0,-99,-99,0.000,none,0,0,none,0,0,0.795,1.212,none,0,2.007
2006,MX,4,E,4,-99,-99,1,-99,-99,0.079,0,-99,-99,0.000,none,0,0,none,0,0,0.212,0.396,none,0,0.608
2006,MX,4,E,5,-99,-99,0,-99,-99,0.000,0,-99,-99,0.000,none,0,0,none,0,0,0.332,0.750,none,0,1.082
2006,MX,5,C,1,-99,-99,20,-99,-99,2.362,0,-99,-99,0.000,POHY ,1,0.013,none,0,0,0.433,0.953,none,0,1.386
2006,MX,5,C,2,-99,-99,10,-99,-99,0.986,1,-99,-99,0.200,none,0,0,none,0,0,0.124,0.783,none,0,0.907
2006,MX,5,C,3,-99,-99,8,-99,-99,0.623,1,-99,-99,0.084,none,0,0,none,0,0,0.003,0.401,none,0,0.404
2006,MX,5,C,4,-99,-99,1,-99,-99,0.111,5,-99,-99,0.643,none,0,0,none,0,0,0.136,0.033,none,0,0.169
2006,MX,5,C,5,-99,-99,10,-99,-99,1.019,2,-99,-99,0.150,none,0,0,none,0,0,0.461,1.440,none,0,1.901
2006,MX,6,A,1,-99,-99,4,-99,-99,0.767,4,-99,-99,0.695,none,0,0,none,0,0,0.125,0.702,none,0,0.827
2006,MX,6,A,2,-99,-99,5,-99,-99,0.433,1,-99,-99,0.176,none,0,0,none,0,0,0.414,2.105,none,0,2.519
2006,MX,6,A,3,-99,-99,3,-99,-99,0.528,3,-99,-99,0.335,none,0,0,none,0,0,0.819,0.341,none,0,1.16
2006,MX,6,A,4,-99,-99,5,-99,-99,0.371,3,-99,-99,0.354,none,0,0,none,0,0,0.462,1.493,none,0,1.955
2006,MX,6,A,5,-99,-99,16,-99,-99,1.681,0,-99,-99,0.000,none,0,0,none,0,0,0.351,5.192,none,0,5.543
2006,MX,7,C,1,-99,-99,11,-99,-99,0.961,1,-99,-99,0.111,POHY ,4,0.024,none,0,0,0.300,0.397,none,0,0.697
2006,MX,7,C,2,-99,-99,0,-99,-99,0.000,8,-99,-99,1.149,POHY ,1,0.003,none,0,0,0.110,0.531,none,0,0.641
2006,MX,7,C,3,-99,-99,7,-99,-99,0.793,12,-99,-99,0.976,POHY ,3,0.033,none,0,0,0.086,0.404,none,0,0.49
2006,MX,7,C,4,-99,-99,11,-99,-99,0.922,3,-99,-99,0.117,none,0,0,none,0,0,0.682,1.304,none,0,1.986
2006,MX,7,C,5,-99,-99,0,-99,-99,0.000,1,-99,-99,0.145,POHY ,5,0.115,none,0,0,1.468,0.113,none,0,1.581
2006,MX,8,E,1,-99,-99,1,-99,-99,0.079,4,-99,-99,0.625,none,0,0,none,0,0,0.258,0.139,none,0,0.397
2006,MX,8,E,2,-99,-99,4,-99,-99,0.503,0,-99,-99,0.000,none,0,0,none,0,0,0.328,2.169,none,0,2.497
2006,MX,8,E,3,-99,-99,4,-99,-99,0.705,2,-99,-99,0.139,none,0,0,none,0,0,0.242,2.168,none,0,2.41
2006,MX,8,E,4,-99,-99,3,-99,-99,0.522,3,-99,-99,0.432,none,0,0,none,0,0,0.049,0.240,none,0,0.289
2006,MX,8,E,5,-99,-99,14,-99,-99,1.460,0,-99,-99,0.000,LYLI2,2,0.007,none,0,0,0.132,1.201,none,0,1.333
2006,MX,9,A,1,-99,-99,2,-99,-99,0.303,2,-99,-99,0.127,none,0,0,none,0,0,0.429,1.720,none,0,2.149
2006,MX,9,A,2,-99,-99,1,-99,-99,0.038,5,-99,-99,0.245,none,0,0,none,0,0,0.149,2.984,none,0,3.133
2006,MX,9,A,3,-99,-99,1,-99,-99,0.036,3,-99,-99,0.545,none,0,0,none,0,0,0.574,1.491,none,0,2.065
2006,MX,9,A,4,-99,-99,7,-99,-99,0.545,6,-99,-99,0.658,none,0,0,none,0,0,0.448,2.189,none,0,2.637
2006,MX,9,A,5,-99,-99,4,-99,-99,0.813,8,-99,-99,0.715,none,0,0,none,0,0,0.140,1.929,none,0,2.069
2006,MX,10,C,1,-99,-99,12,-99,-99,1.247,2,-99,-99,0.343,none,0,0,none,0,0,0.352,0.655,none,0,1.007
2006,MX,10,C,2,-99,-99,4,-99,-99,0.409,5,-99,-99,0.513,none,0,0,none,0,0,0.325,1.456,none,0,1.781
2006,MX,10,C,3,-99,-99,14,-99,-99,1.285,2,-99,-99,0.243,none,0,0,none,0,0,0.623,0.251,none,0,0.874
2006,MX,10,C,4,-99,-99,17,-99,-99,2.051,0,-99,-99,0.000,none,0,0,none,0,0,1.781,1.874,none,0,3.655
2006,MX,10,C,5,-99,-99,22,-99,-99,1.958,4,-99,-99,0.291,none,0,0,none,0,0,0.000,0.180,none,0,0.18
2006,MX,11,E,1,-99,-99,4,-99,-99,0.202,2,-99,-99,0.119,none,0,0,none,0,0,0.762,1.662,none,0,2.424
2006,MX,11,E,2,-99,-99,1,-99,-99,0.092,5,-99,-99,0.621,none,0,0,none,0,0,0.753,0.722,none,0,1.475
2006,MX,11,E,3,-99,-99,2,-99,-99,0.241,0,-99,-99,0.000,none,0,0,none,0,0,1.160,0.371,none,0,1.531
2006,MX,11,E,4,-99,-99,7,-99,-99,0.805,3,-99,-99,0.443,none,0,0,none,0,0,0.358,0.250,none,0,0.608
2006,MX,11,E,5,-99,-99,8,-99,-99,0.915,1,-99,-99,0.076,none,0,0,none,0,0,1.171,1.025,none,0,2.196
2006,MX,12,A,1,-99,-99,2,-99,-99,0.307,1,-99,-99,0.034,none,0,0,none,0,0,0.418,0.988,none,0,1.406
2006,MX,12,A,2,-99,-99,3,-99,-99,0.090,1,-99,-99,0.022,none,0,0,none,0,0,1.937,1.199,none,0,3.136
2006,MX,12,A,3,-99,-99,0,-99,-99,0.000,3,-99,-99,0.312,none,0,0,none,0,0,1.987,1.203,none,0,3.19
2006,MX,12,A,4,-99,-99,0,-99,-99,0.000,9,-99,-99,1.594,none,0,0,none,0,0,0.504,0.881,none,0,1.385
2006,MX,12,A,5,-99,-99,0,-99,-99,0.000,1,-99,-99,0.047,none,0,0,none,0,0,1.273,0.650,none,0,1.923
2006,MX,13,E,1,-99,-99,0,-99,-99,0.000,1,-99,-99,0.349,none,0,0,none,0,0,0.318,0.110,none,0,0.428
2006,MX,13,E,2,-99,-99,0,-99,-99,0.000,3,-99,-99,0.218,none,0,0,none,0,0,0.910,0.921,none,0,1.831
2006,MX,13,E,3,-99,-99,0,-99,-99,0.000,1,-99,-99,0.061,none,0,0,none,0,0,0.900,0.254,none,0,1.154
2006,MX,13,E,4,-99,-99,0,-99,-99,0.000,0,-99,-99,0.000,none,0,0,none,0,0,0.706,1.157,none,0,1.863
2006,MX,13,E,5,-99,-99,0,-99,-99,0.000,5,-99,-99,1.159,none,0,0,none,0,0,0.561,0.543,none,0,1.104
2006,MX,14,C,1,-99,-99,4,-99,-99,0.240,4,-99,-99,0.545,LYLI2,1,0.006,none,0,0,0.007,0.204,none,0,0.211
2006,MX,14,C,2,-99,-99,3,-99,-99,0.447,1,-99,-99,0.105,none,0,0,none,0,0,0.274,1.056,none,0,1.33
2006,MX,14,C,3,-99,-99,3,-99,-99,0.400,9,-99,-99,1.746,none,0,0,none,0,0,0.112,0.715,none,0,0.827
2006,MX,14,C,4,-99,-99,3,-99,-99,0.347,2,-99,-99,0.139,none,0,0,none,0,0,0.280,0.545,none,0,0.825
2006,MX,14,C,5,-99,-99,2,-99,-99,0.229,0,-99,-99,0.000,none,0,0,none,0,0,0.626,0.472,none,0,1.098
2006,MX,15,A,1,-99,-99,8,-99,-99,1.374,3,-99,-99,0.526,none,0,0,none,0,0,0.351,0.984,none,0,1.335
2006,MX,15,A,2,-99,-99,11,-99,-99,1.208,0,-99,-99,0.000,none,0,0,none,0,0,0.040,0.486,none,0,0.526
2006,MX,15,A,3,-99,-99,10,-99,-99,1.081,2,-99,-99,0.233,none,0,0,none,0,0,0.489,2.980,none,0,3.469
2006,MX,15,A,4,-99,-99,6,-99,-99,0.913,3,-99,-99,0.272,none,0,0,none,0,0,0.326,3.093,none,0,3.419
2006,MX,15,A,5,-99,-99,9,-99,-99,0.792,1,-99,-99,0.252,none,0,0,none,0,0,0.131,1.444,none,0,1.575
2006,SC,1,E,1,-99,-99,0,-99,-99,0.000,1,-99,-99,0.193,none,0,0,none,0,0,1.289,0.535,none,0,1.824
2006,SC,1,E,2,-99,-99,0,-99,-99,0.000,2,-99,-99,0.298,none,0,0,none,0,0,0.668,0.948,none,0,1.616
2006,SC,1,E,3,-99,-99,0,-99,-99,0.000,0,-99,-99,0.000,none,0,0,none,0,0,0.930,0.000,none,0,0.93
2006,SC,1,E,4,-99,-99,0,-99,-99,0.000,2,-99,-99,0.391,none,0,0,none,0,0,3.052,0.234,none,0,3.286
2006,SC,1,E,5,-99,-99,0,-99,-99,0.000,2,-99,-99,0.235,none,0,0,none,0,0,3.356,1.371,none,0,4.727
2006,SC,2,A,1,-99,-99,0,-99,-99,0.000,0,-99,-99,0.000,none,0,0,none,0,0,0.000,3.423,none,0,3.423
2006,SC,2,A,2,-99,-99,0,-99,-99,0.000,0,-99,-99,0.000,none,0,0,none,0,0,0.090,1.680,none,0,1.77
2006,SC,2,A,3,-99,-99,0,-99,-99,0.000,0,-99,-99,0.000,none,0,0,none,0,0,0.083,0.706,none,0,0.789
2006,SC,2,A,4,-99,-99,0,-99,-99,0.000,0,-99,-99,0.000,none,0,0,none,0,0,0.245,2.427,none,0,2.672
2006,SC,2,A,5,-99,-99,0,-99,-99,0.000,0,-99,-99,0.000,none,0,0,none,0,0,0.031,2.126,none,0,2.157
2006,SC,3,C,1,-99,-99,6,-99,-99,0.572,0,-99,-99,0.000,POHY ,1,0.021,none,0,0,0.278,0.238,none,0,0.516
2006,SC,3,C,2,-99,-99,16,-99,-99,2.147,0,-99,-99,0.000,none,0,0,none,0,0,0.451,0.047,none,0,0.498
2006,SC,3,C,3,-99,-99,8,-99,-99,1.116,0,-99,-99,0.000,none,0,0,none,0,0,0.041,0.111,none,0,0.152
2006,SC,3,C,4,-99,-99,13,-99,-99,2.091,0,-99,-99,0.000,none,0,0,none,0,0,1.563,0.536,none,0,2.099
2006,SC,3,C,5,-99,-99,12,-99,-99,1.554,0,-99,-99,0.000,none,0,0,none,0,0,0.502,0.092,none,0,0.594
2006,SC,4,A,1,-99,-99,0,-99,-99,0.000,0,-99,-99,0.000,none,0,0,none,0,0,2.199,0.071,none,0,2.27
2006,SC,4,A,2,-99,-99,5,-99,-99,0.921,3,-99,-99,0.373,none,0,0,none,0,0,1.552,0.180,none,0,1.732
2006,SC,4,A,3,-99,-99,0,-99,-99,0.000,1,-99,-99,0.077,none,0,0,none,0,0,1.102,0.356,none,0,1.458
2006,SC,4,A,4,-99,-99,7,-99,-99,1.058,1,-99,-99,0.242,none,0,0,none,0,0,0.045,0.200,none,0,0.245
2006,SC,4,A,5,-99,-99,1,-99,-99,0.186,1,-99,-99,0.032,none,0,0,none,0,0,0.743,0.146,none,0,0.889
2006,SC,5,C,1,-99,-99,18,-99,-99,2.216,0,-99,-99,0.000,none,0,0,none,0,0,0.466,0.571,none,0,1.037
2006,SC,5,C,2,-99,-99,11,-99,-99,1.394,0,-99,-99,0.000,none,0,0,none,0,0,1.696,1.632,none,0,3.328
2006,SC,5,C,3,-99,-99,14,-99,-99,1.669,0,-99,-99,0.000,none,0,0,none,0,0,1.293,1.126,none,0,2.419
2006,SC,5,C,4,-99,-99,3,-99,-99,0.371,0,-99,-99,0.000,none,0,0,none,0,0,0.394,1.277,none,0,1.671
2006,SC,5,C,5,-99,-99,23,-99,-99,2.215,0,-99,-99,0.000,none,0,0,none,0,0,1.452,2.380,none,0,3.832
2006,SC,6,E,1,-99,-99,0,-99,-99,0.000,4,-99,-99,0.760,none,0,0,none,0,0,0.953,0.144,none,0,1.097
2006,SC,6,E,2,-99,-99,0,-99,-99,0.000,0,-99,-99,0.000,none,0,0,none,0,0,1.938,0.496,none,0,2.434
2006,SC,6,E,3,-99,-99,0,-99,-99,0.000,6,-99,-99,0.991,none,0,0,none,0,0,2.031,0.674,none,0,2.705
2006,SC,6,E,4,-99,-99,0,-99,-99,0.000,1,-99,-99,0.198,none,0,0,none,0,0,0.730,0.069,none,0,0.799
2006,SC,6,E,5,-99,-99,0,-99,-99,0.000,3,-99,-99,0.144,none,0,0,none,0,0,2.188,0.830,none,0,3.018
2006,SC,7,C,1,-99,-99,0,-99,-99,0.000,11,-99,-99,1.050,none,0,0,none,0,0,0.044,0.062,none,0,0.106
2006,SC,7,C,2,-99,-99,0,-99,-99,0.000,4,-99,-99,0.648,none,0,0,none,0,0,0.632,0.247,none,0,0.879
2006,SC,7,C,3,-99,-99,0,-99,-99,0.000,6,-99,-99,0.968,none,0,0,none,0,0,0.932,0.018,none,0,0.95
2006,SC,7,C,4,-99,-99,0,-99,-99,0.000,3,-99,-99,0.533,none,0,0,none,0,0,0.521,0.875,none,0,1.396
2006,SC,7,C,5,-99,-99,0,-99,-99,0.000,2,-99,-99,0.244,none,0,0,none,0,0,0.610,0.251,none,0,0.861
2006,SC,8,A,1,-99,-99,8,-99,-99,1.109,7,-99,-99,0.886,none,0,0,none,0,0,1.881,1.001,none,0,2.882
2006,SC,8,A,2,-99,-99,0,-99,-99,0.000,0,-99,-99,0.000,none,0,0,none,0,0,0.613,0.276,none,0,0.889
2006,SC,8,A,3,-99,-99,0,-99,-99,0.000,0,-99,-99,0.000,none,0,0,none,0,0,1.623,0.178,none,0,1.801
2006,SC,8,A,4,-99,-99,0,-99,-99,0.000,5,-99,-99,0.592,none,0,0,none,0,0,0.660,0.950,none,0,1.61
2006,SC,8,A,5,-99,-99,0,-99,-99,0.000,1,-99,-99,0.139,none,0,0,none,0,0,0.561,1.475,none,0,2.036
2006,SC,9,E,1,-99,-99,0,-99,-99,0.000,0,-99,-99,0.000,none,0,0,none,0,0,3.081,0.388,none,0,3.469
2006,SC,9,E,2,-99,-99,8,-99,-99,0.718,7,-99,-99,0.879,none,0,0,none,0,0,1.569,0.638,none,0,2.207
2006,SC,9,E,3,-99,-99,1,-99,-99,0.013,2,-99,-99,0.326,none,0,0,none,0,0,1.834,0.264,none,0,2.098
2006,SC,9,E,4,-99,-99,0,-99,-99,0.000,2,-99,-99,0.313,LYLI2,1,0.169,none,0,0,1.517,0.279,none,0,1.796
2006,SC,9,E,5,-99,-99,10,-99,-99,0.723,0,-99,-99,0.000,LYLI2,2,1.273,none,0,0,1.327,0.252,none,0,1.579
2006,SC,10,E,1,-99,-99,5,-99,-99,0.827,2,-99,-99,0.129,LYLI2,1,1.062,none,0,0,3.640,1.349,none,0,4.989
2006,SC,10,E,2,-99,-99,0,-99,-99,0.000,1,-99,-99,0.069,none,0,0,none,0,0,1.873,0.278,none,0,2.151
2006,SC,10,E,3,-99,-99,1,-99,-99,0.131,0,-99,-99,0.000,none,0,0,none,0,0,2.826,0.285,none,0,3.111
2006,SC,10,E,4,-99,-99,2,-99,-99,0.108,1,-99,-99,0.024,LYLI2,1,0.91,none,0,0,1.139,0.501,none,0,1.64
2006,SC,10,E,5,-99,-99,2,-99,-99,0.345,0,-99,-99,0.000,none,0,0,none,0,0,1.010,0.167,none,0,1.177
2006,SC,11,C,1,-99,-99,11,-99,-99,1.574,1,-99,-99,0.124,none,0,0,none,0,0,0.770,0.292,none,0,1.062
2006,SC,11,C,2,-99,-99,1,-99,-99,0.055,0,-99,-99,0.000,none,0,0,none,0,0,0.125,0.042,none,0,0.167
2006,SC,11,C,3,-99,-99,1,-99,-99,0.034,0,-99,-99,0.000,none,0,0,none,0,0,0.504,0.116,none,0,0.62
2006,SC,11,C,4,-99,-99,9,-99,-99,0.544,0,-99,-99,0.000,none,0,0,none,0,0,1.131,0.249,none,0,1.38
2006,SC,11,C,5,-99,-99,0,-99,-99,0.000,6,-99,-99,0.338,none,0,0,none,0,0,1.044,0.050,none,0,1.094
2006,SC,12,A,1,-99,-99,11,-99,-99,0.946,2,-99,-99,0.145,none,0,0,none,0,0,0.000,2.491,none,0,2.491
2006,SC,12,A,2,-99,-99,6,-99,-99,0.830,5,-99,-99,0.498,none,0,0,none,0,0,0.000,3.548,none,0,3.548
2006,SC,12,A,3,-99,-99,1,-99,-99,0.091,1,-99,-99,0.033,none,0,0,none,0,0,0.477,1.522,none,0,1.999
2006,SC,12,A,4,-99,-99,12,-99,-99,0.847,3,-99,-99,0.360,none,0,0,none,0,0,0.039,2.082,none,0,2.121
2006,SC,12,A,5,-99,-99,0,-99,-99,0.000,7,-99,-99,0.926,none,0,0,none,0,0,0.000,3.631,none,0,3.631
2006,SC,13,C,1,-99,-99,15,-99,-99,1.673,6,-99,-99,0.479,none,0,0,none,0,0,0.930,1.082,none,0,2.012
2006,SC,13,C,2,-99,-99,8,-99,-99,1.103,0,-99,-99,0.000,none,0,0,none,0,0,0.803,1.039,none,0,1.842
2006,SC,13,C,3,-99,-99,3,-99,-99,0.441,0,-99,-99,0.000,none,0,0,none,0,0,0.575,1.103,none,0,1.678
2006,SC,13,C,4,-99,-99,17,-99,-99,2.868,0,-99,-99,0.000,none,0,0,none,0,0,0.166,2.072,none,0,2.238
2006,SC,13,C,5,-99,-99,13,-99,-99,2.320,0,-99,-99,0.000,none,0,0,none,0,0,0.593,0.322,none,0,0.915
2006,SC,14,E,1,-99,-99,5,-99,-99,0.808,1,-99,-99,0.179,none,0,0,none,0,0,1.508,0.243,none,0,1.751
2006,SC,14,E,2,-99,-99,6,-99,-99,1.078,6,-99,-99,1.087,none,0,0,none,0,0,0.635,0.365,none,0,1
2006,SC,14,E,3,-99,-99,0,-99,-99,0.000,0,-99,-99,0.000,none,0,0,none,0,0,0.576,0.540,none,0,1.116
2006,SC,14,E,4,-99,-99,0,-99,-99,0.000,0,-99,-99,0.000,none,0,0,none,0,0,0.786,0.290,none,0,1.076
2006,SC,14,E,5,-99,-99,0,-99,-99,0.000,5,-99,-99,0.800,none,0,0,none,0,0,2.216,2.135,none,0,4.351
2006,SC,15,A,1,-99,-99,0,-99,-99,0.000,5,-99,-99,0.461,none,0,0,none,0,0,0.808,2.028,none,0,2.836
2006,SC,15,A,2,-99,-99,0,-99,-99,0.000,3,-99,-99,0.725,none,0,0,none,0,0,0.000,0.278,none,0,0.278
2006,SC,15,A,3,-99,-99,0,-99,-99,0.000,5,-99,-99,0.803,none,0,0,none,0,0,0.597,1.391,none,0,1.988
2006,SC,15,A,4,-99,-99,0,-99,-99,0.000,11,-99,-99,1.034,none,0,0,none,0,0,0.155,1.967,none,0,2.122
2006,SC,15,A,5,-99,-99,0,-99,-99,0.000,4,-99,-99,0.533,none,0,0,none,0,0,1.015,1.345,none,0,2.36
2006,SP,1,E,1,-99,-99,1,-99,-99,0.006,0,-99,-99,0.000,POHY ,1,0.037,none,0,0,0.838,0.936,none,0,1.774
2006,SP,1,E,2,-99,-99,0,-99,-99,0.000,0,-99,-99,0.000,none,0,0,none,0,0,0.492,0.461,none,0,0.953
2006,SP,1,E,3,-99,-99,0,-99,-99,0.000,0,-99,-99,0.000,none,0,0,none,0,0,0.192,0.256,none,0,0.448
2006,SP,1,E,4,-99,-99,0,-99,-99,0.000,0,-99,-99,0.000,none,0,0,none,0,0,0.391,0.154,none,0,0.545
2006,SP,1,E,5,-99,-99,0,-99,-99,0.000,0,-99,-99,0.000,SOSE,1,3.064,none,0,0,0.188,0.682,none,0,0.87
2006,SP,2,A,1,-99,-99,7,-99,-99,0.698,0,-99,-99,0.000,none,0,0,none,0,0,0,2.434,none,0,2.434
2006,SP,2,A,2,-99,-99,26,-99,-99,1.167,0,-99,-99,0.000,POHY ,1,0.01,none,0,0,0,1.965,none,0,1.965
2006,SP,2,A,3,-99,-99,16,-99,-99,1.327,0,-99,-99,0.000,none,0,0,none,0,0,0.069,0.123,none,0,0.192
2006,SP,2,A,4,-99,-99,6,-99,-99,0.226,0,-99,-99,0.000,none,0,0,none,0,0,0,0.685,none,0,0.685
2006,SP,2,A,5,-99,-99,14,-99,-99,1.404,0,-99,-99,0.000,none,0,0,none,0,0,0,1.991,none,0,1.991
2006,SP,3,C,1,-99,-99,21,-99,-99,3.513,0,-99,-99,0.000,POHY ,1,0.007,none,0,0,0,0.456,none,0,0.456
2006,SP,3,C,2,-99,-99,26,-99,-99,4.101,0,-99,-99,0.000,none,0,0,none,0,0,0.153,2.617,none,0,2.77
2006,SP,3,C,3,-99,-99,6,-99,-99,0.564,0,-99,-99,0.000,none,0,0,none,0,0,0,0.733,none,0,0.733
2006,SP,3,C,4,-99,-99,25,-99,-99,4.270,0,-99,-99,0.000,none,0,0,none,0,0,0.232,4.043,none,0,4.275
2006,SP,3,C,5,-99,-99,44,-99,-99,5.925,0,-99,-99,0.000,none,0,0,none,0,0,0,1.816,none,0,1.816
2006,SP,4,E,1,-99,-99,17,-99,-99,1.365,0,-99,-99,0.000,none,0,0,none,0,0,0.032,4.56,none,0,4.592
2006,SP,4,E,2,-99,-99,14,-99,-99,1.268,0,-99,-99,0.000,none,0,0,none,0,0,0,2.664,none,0,2.664
2006,SP,4,E,3,-99,-99,1,-99,-99,0.024,0,-99,-99,0.000,none,0,0,none,0,0,0,1.907,none,0,1.907
2006,SP,4,E,4,-99,-99,0,-99,-99,0.000,0,-99,-99,0.000,none,0,0,none,0,0,0,5.482,none,0,5.482
2006,SP,4,E,5,-99,-99,4,-99,-99,0.527,0,-99,-99,0.000,none,0,0,none,0,0,0,2.661,none,0,2.661
2006,SP,5,A,1,-99,-99,6,-99,-99,0.941,0,-99,-99,0.000,none,0,0,none,0,0,0,2.81,none,0,2.81
2006,SP,5,A,2,-99,-99,9,-99,-99,1.273,0,-99,-99,0.000,none,0,0,none,0,0,0.012,4.297,none,0,4.309
2006,SP,5,A,3,-99,-99,8,-99,-99,1.429,0,-99,-99,0.000,none,0,0,none,0,0,0,2.947,none,0,2.947
2006,SP,5,A,4,-99,-99,4,-99,-99,0.260,0,-99,-99,0.000,none,0,0,none,0,0,0,2.783,none,0,2.783
2006,SP,5,A,5,-99,-99,3,-99,-99,0.316,0,-99,-99,0.000,none,0,0,none,0,0,0,2.228,none,0,2.228
2006,SP,6,C,1,-99,-99,20,-99,-99,3.434,0,-99,-99,0.000,none,0,0,none,0,0,0.063,1.857,none,0,1.92
2006,SP,6,C,2,-99,-99,13,-99,-99,2.112,0,-99,-99,0.000,POHY ,1,0.342,none,0,0,0,1.626,none,0,1.626
2006,SP,6,C,3,-99,-99,2,-99,-99,0.306,0,-99,-99,0.000,none,0,0,none,0,0,0.439,0.538,none,0,0.977
2006,SP,6,C,4,-99,-99,15,-99,-99,1.937,0,-99,-99,0.000,none,0,0,none,0,0,0.151,4.555,none,0,4.706
2006,SP,6,C,5,-99,-99,6,-99,-99,0.628,0,-99,-99,0.000,POHY ,10,1.311,none,0,0,0,2.191,none,0,2.191
2006,SP,7,C,1,-99,-99,11,-99,-99,1.232,0,-99,-99,0.000,none,0,0,none,0,0,0,0.131,none,0,0.131
2006,SP,7,C,2,-99,-99,11,-99,-99,1.572,0,-99,-99,0.000,none,0,0,none,0,0,0,1.329,none,0,1.329
2006,SP,7,C,3,-99,-99,8,-99,-99,0.983,0,-99,-99,0.000,none,0,0,none,0,0,0.009,0.569,none,0,0.578
2006,SP,7,C,4,-99,-99,12,-99,-99,1.211,0,-99,-99,0.000,none,0,0,none,0,0,0.01,3.332,none,0,3.342
2006,SP,7,C,5,-99,-99,23,-99,-99,2.901,0,-99,-99,0.000,none,0,0,none,0,0,0,2.724,none,0,2.724
2006,SP,8,E,1,-99,-99,9,-99,-99,0.686,0,-99,-99,0.000,none,0,0,none,0,0,0,3.255,none,0,3.129
2006,SP,8,E,2,-99,-99,7,-99,-99,0.543,0,-99,-99,0.000,SOSE,1,0.540,none,0,0,0,1.469,none,0,1.731
2006,SP,8,E,3,-99,-99,3,-99,-99,0.373,0,-99,-99,0.000,SOSE,1,0.988,none,0,0,0,1.662,none,0,3.173
2006,SP,8,E,4,-99,-99,3,-99,-99,0.079,0,-99,-99,0.000,none,0,0,none,0,0,0,1.739,none,0,3.436
2006,SP,8,E,5,-99,-99,9,-99,-99,0.813,0,-99,-99,0.000,none,0,0,none,0,0,0,2.218,none,0,1.189
2006,SP,9,A,1,-99,-99,16,-99,-99,1.725,0,-99,-99,0.000,none,0,0,none,0,0,0.13,1.895,none,0,2.025
2006,SP,9,A,2,-99,-99,16,-99,-99,1.892,0,-99,-99,0.000,none,0,0,none,0,0,0.009,1.258,none,0,1.267
2006,SP,9,A,3,-99,-99,4,-99,-99,0.385,0,-99,-99,0.000,none,0,0,none,0,0,0.24,0.462,none,0,0.702
2006,SP,9,A,4,-99,-99,11,-99,-99,1.646,0,-99,-99,0.000,none,0,0,none,0,0,0.551,3.012,none,0,3.563
2006,SP,9,A,5,-99,-99,1,-99,-99,0.147,0,-99,-99,0.000,none,0,0,none,0,0,0.394,2.912,none,0,3.306
2006,SP,10,E,1,-99,-99,12,-99,-99,1.424,0,-99,-99,0.000,none,0,0,none,0,0,0,3.129,none,0,3.129
2006,SP,10,E,2,-99,-99,11,-99,-99,1.241,0,-99,-99,0.000,none,0,0,none,0,0,0,1.731,none,0,1.731
2006,SP,10,E,3,-99,-99,0,-99,-99,0.000,0,-99,-99,0.000,none,0,0,none,0,0,0,3.173,none,0,3.173
2006,SP,10,E,4,-99,-99,5,-99,-99,0.606,0,-99,-99,0.000,none,0,0,none,0,0,0,3.436,none,0,3.436
2006,SP,10,E,5,-99,-99,6,-99,-99,0.515,0,-99,-99,0.000,none,0,0,none,0,0,0,1.189,none,0,1.189
2006,SP,11,A,1,-99,-99,23,-99,-99,1.822,2,-99,-99,0.241,none,0,0,none,0,0,0,1.607,none,0,1.607
2006,SP,11,A,2,-99,-99,6,-99,-99,0.562,4,-99,-99,0.302,none,0,0,none,0,0,0,2.361,none,0,2.361
2006,SP,11,A,3,-99,-99,0,-99,-99,0.000,1,-99,-99,0.041,none,0,0,none,0,0,0,1.673,none,0,1.673
2006,SP,11,A,4,-99,-99,1,-99,-99,0.210,2,-99,-99,0.445,SOSE,2,0.339,none,0,0,0,0.997,none,0,0.997
2006,SP,11,A,5,-99,-99,2,-99,-99,0.036,5,-99,-99,0.751,none,0,0,none,0,0,0,2.7,none,0,2.7
2006,SP,12,C,1,-99,-99,24,-99,-99,3.501,0,-99,-99,0.000,none,0,0,none,0,0,0,3.34,none,0,3.34
2006,SP,12,C,2,-99,-99,18,-99,-99,2.446,0,-99,-99,0.000,none,0,0,none,0,0,0,0.953,none,0,0.953
2006,SP,12,C,3,-99,-99,7,-99,-99,0.870,0,-99,-99,0.000,none,0,0,none,0,0,0.119,4.74,none,0,4.859
2006,SP,12,C,4,-99,-99,4,-99,-99,0.367,0,-99,-99,0.000,none,0,0,none,0,0,0,1.001,none,0,1.001
2006,SP,12,C,5,-99,-99,20,-99,-99,2.818,0,-99,-99,0.000,none,0,0,none,0,0,0,5.077,none,0,5.077
2006,SP,13,A,1,-99,-99,12,-99,-99,1.200,0,-99,-99,0.000,none,0,0,none,0,0,0,0.245,none,0,0.245
2006,SP,13,A,2,-99,-99,9,-99,-99,1.014,0,-99,-99,0.000,none,0,0,none,0,0,0,0.386,none,0,0.386
2006,SP,13,A,3,-99,-99,10,-99,-99,1.482,0,-99,-99,0.000,none,0,0,none,0,0,0,0.745,none,0,0.745
2006,SP,13,A,4,-99,-99,8,-99,-99,0.920,0,-99,-99,0.000,none,0,0,none,0,0,0,0.149,none,0,0.149
2006,SP,13,A,5,-99,-99,13,-99,-99,1.760,0,-99,-99,0.000,none,0,0,none,0,0,0,0.31,none,0,0.31
2006,SP,14,E,1,-99,-99,3,-99,-99,0.291,0,-99,-99,0.000,none,0,0,none,0,0,0,2.547,none,0,2.547
2006,SP,14,E,2,-99,-99,7,-99,-99,0.047,0,-99,-99,0.000,POHY ,5,0.260,none,0,0,0.024,0.402,none,0,0.426
2006,SP,14,E,3,-99,-99,2,-99,-99,0.033,0,-99,-99,0.000,none,0,0,none,0,0,0,0.923,none,0,0.923
2006,SP,14,E,4,-99,-99,4,-99,-99,0.234,0,-99,-99,0.000,POHY ,22,0.674,none,0,0,0,0.224,none,0,0.224
2006,SP,14,E,5,-99,-99,1,-99,-99,0.239,0,-99,-99,0.000,none,0,0,none,0,0,0,0.663,none,0,0.663
2006,SP,15,C,1,-99,-99,17,-99,-99,2.668,0,-99,-99,0.000,POHY ,7,0.117,none,0,0,0.019,0.929,none,0,0.948
2006,SP,15,C,2,-99,-99,11,-99,-99,1.483,0,-99,-99,0.000,none,0,0,none,0,0,0.011,1.178,none,0,1.189
2006,SP,15,C,3,-99,-99,23,-99,-99,3.138,0,-99,-99,0.000,POHY ,2,0.024,none,0,0,0.037,5.324,none,0,5.361
2006,SP,15,C,4,-99,-99,11,-99,-99,1.322,0,-99,-99,0.000,POHY ,5,0.044,none,0,0,0.09,0.975,none,0,1.065
2006,SP,15,C,5,-99,-99,8,-99,-99,1.228,0,-99,-99,0.000,POHY ,3,0.038,none,0,0,0.097,3.869,none,0,3.966
2007,MX,1,E,1,-99,-99,7,-99,-99,0.660,0,-99,-99,0.000,ATPA4,1,0.075,none,0,0,0.507,0.389,none,0,0.896
2007,MX,1,E,2,-99,-99,1,-99,-99,0.042,2,-99,-99,0.351,ATPA4,2,0.030,none,0,0,0.445,1.327,none,0,1.772
2007,MX,1,E,3,-99,-99,1,-99,-99,0.080,2,-99,-99,0.064,none,0,0,none,0,0,1.742,0.862,none,0,2.604
2007,MX,1,E,4,-99,-99,0,-99,-99,0.000,5,-99,-99,0.688,ATPA4,2,0.144,none,0,0,0.947,1.335,none,0,2.282
2007,MX,1,E,5,-99,-99,7,-99,-99,1.321,0,-99,-99,0.000,none,0,0,none,0,0,0.185,1.696,none,0,1.881
2007,MX,2,A,1,-99,-99,2,-99,-99,0.325,3,-99,-99,0.513,none,0,0,none,0,0,0.695,1.000,none,0,1.695
2007,MX,2,A,2,-99,-99,8,-99,-99,1.076,1,-99,-99,0.028,none,0,0,none,0,0,0.150,1.113,none,0,1.263
2007,MX,2,A,3,-99,-99,2,-99,-99,0.115,1,-99,-99,0.344,none,0,0,none,0,0,0.297,2.357,none,0,2.654
2007,MX,2,A,4,-99,-99,0,-99,-99,0.000,0,-99,-99,0.000,none,0,0,none,0,0,0.599,0.645,none,0,1.244
2007,MX,2,A,5,-99,-99,0,-99,-99,0.000,0,-99,-99,0.000,none,0,0,none,0,0,0.282,0.587,none,0,0.869
2007,MX,3,C,1,-99,-99,11,-99,-99,1.633,3,-99,-99,0.689,none,0,0,none,0,0,1.203,2.079,none,0,3.282
2007,MX,3,C,2,-99,-99,6,-99,-99,1.065,3,-99,-99,0.387,none,0,0,none,0,0,0.557,1.218,none,0,1.775
2007,MX,3,C,3,-99,-99,3,-99,-99,0.631,0,-99,-99,0.000,POHY,2,0.104,none,0,0,0.429,0.361,POHY,0.01,0.8
2007,MX,3,C,4,-99,-99,4,-99,-99,1.375,0,-99,-99,0.000,none,0,0,none,0,0,0.164,1.260,none,0,1.424
2007,MX,3,C,5,-99,-99,3,-99,-99,0.104,2,-99,-99,0.374,none,0,0,none,0,0,0.615,0.782,none,0,1.397
2007,MX,4,E,1,-99,-99,0,-99,-99,0.000,0,-99,-99,0.000,none,0,0,none,0,0,1.973,0.427,none,0,2.4
2007,MX,4,E,2,-99,-99,3,-99,-99,0.510,2,-99,-99,0.260,none,0,0,none,0,0,2.817,2.245,none,0,5.062
2007,MX,4,E,3,-99,-99,1,-99,-99,0.040,1,-99,-99,0.180,none,0,0,none,0,0,1.447,1.305,none,0,2.752
2007,MX,4,E,4,-99,-99,0,-99,-99,0.000,0,-99,-99,0.000,none,0,0,none,0,0,0.635,1.428,none,0,2.063
2007,MX,4,E,5,-99,-99,1,-99,-99,0.370,0,-99,-99,0.000,none,0,0,none,0,0,1.045,2.835,none,0,3.88
2007,MX,5,C,1,-99,-99,0,-99,-99,0.000,2,-99,-99,0.527,POHY,1,0.011,none,0,0,0.564,0.544,none,0,1.108
2007,MX,5,C,2,-99,-99,8,-99,-99,1.039,0,-99,-99,0.000,POHY,1,0.007,none,0,0,0.254,2.193,none,0,2.447
2007,MX,5,C,3,-99,-99,7,-99,-99,1.235,4,-99,-99,0.325,POHY,1,0.123,none,0,0,0.073,1.452,POHY,0.011,1.536
2007,MX,5,C,4,-99,-99,4,-99,-99,0.396,0,-99,-99,0.000,none,0,0,none,0,0,0.325,0.516,POHY,0.027,0.868
2007,MX,5,C,5,-99,-99,10,-99,-99,1.665,3,-99,-99,0.642,none,0,0,none,0,0,0.446,1.663,none,0,2.109
2007,MX,6,A,1,-99,-99,5,-99,-99,0.696,4,-99,-99,0.750,none,0,0,none,0,0,1.490,0.110,none,0,1.6
2007,MX,6,A,2,-99,-99,11,-99,-99,1.717,0,-99,-99,0.000,none,0,0,none,0,0,3.110,0.930,none,0,4.04
2007,MX,6,A,3,-99,-99,5,-99,-99,1.020,2,-99,-99,0.230,none,0,0,none,0,0,1.550,1.060,none,0,2.61
2007,MX,6,A,4,-99,-99,2,-99,-99,0.290,1,-99,-99,0.180,none,0,0,none,0,0,0.917,0.756,none,0,1.673
2007,MX,6,A,5,-99,-99,2,-99,-99,0.400,0,-99,-99,0.000,none,0,0,none,0,0,2.920,0.640,none,0,3.56
2007,MX,7,C,1,-99,-99,2,-99,-99,0.257,5,-99,-99,0.544,POHY,1,0.003,none,0,0,0.101,1.022,none,0,1.123
2007,MX,7,C,2,-99,-99,1,-99,-99,0.085,4,-99,-99,0.258,POHY,1,0.008,none,0,0,0.056,0.281,none,0,0.337
2007,MX,7,C,3,-99,-99,9,-99,-99,1.102,1,-99,-99,0.109,none,0,0.000,none,0,0,0.114,3.062,none,0,3.176
2007,MX,7,C,4,-99,-99,2,-99,-99,0.149,6,-99,-99,0.475,none,0,0.000,none,0,0,0.488,0.444,none,0,0.932
2007,MX,7,C,5,-99,-99,3,-99,-99,0.283,3,-99,-99,0.257,POHY,3,0.012,none,0,0,0.274,2.376,POHY,0.006,2.656
2007,MX,8,E,1,-99,-99,4,-99,-99,0.651,1,-99,-99,0.354,none,0,0,none,0,0,0.660,1.556,none,0,2.216
2007,MX,8,E,2,-99,-99,11,-99,-99,2.054,0,-99,-99,0.000,none,0,0,none,0,0,0.569,1.810,none,0,2.379
2007,MX,8,E,3,-99,-99,0,-99,-99,0.000,6,-99,-99,0.448,none,0,0,none,0,0,0.971,0.822,none,0,1.793
2007,MX,8,E,4,-99,-99,3,-99,-99,0.667,0,-99,-99,0.000,none,0,0,none,0,0,0.331,2.079,none,0,2.41
2007,MX,8,E,5,-99,-99,3,-99,-99,0.516,3,-99,-99,0.221,none,0,0,none,0,0,0.872,3.527,none,0,4.399
2007,MX,9,A,1,-99,-99,0,-99,-99,0.000,0,-99,-99,0.000,POHY,7,0.115,none,0,0,0.626,0.903,none,0,1.529
2007,MX,9,A,2,-99,-99,0,-99,-99,0.000,5,-99,-99,0.382,none,0,0.000,none,0,0,0.150,3.781,none,0,3.931
2007,MX,9,A,3,-99,-99,4,-99,-99,0.449,10,-99,-99,1.055,POHY,3,0.099,none,0,0,0.287,2.742,none,0,3.029
2007,MX,9,A,4,-99,-99,1,-99,-99,0.124,8,-99,-99,0.960,none,0,0,none,0,0,0.649,4.479,none,0,5.128
2007,MX,9,A,5,-99,-99,4,-99,-99,0.277,2,-99,-99,0.288,none,0,0,none,0,0,0.027,1.713,none,0,1.74
2007,MX,10,C,1,-99,-99,6,-99,-99,0.503,5,-99,-99,0.725,none,0,0,none,0,0,0.731,2.745,none,0,3.476
2007,MX,10,C,2,-99,-99,9,-99,-99,0.841,11,-99,-99,0.974,none,0,0,none,0,0,1.249,2.489,none,0,3.738
2007,MX,10,C,3,-99,-99,14,-99,-99,1.318,9,-99,-99,0.976,none,0,0,none,0,0,0.370,2.820,none,0,3.19
2007,MX,10,C,4,-99,-99,3,-99,-99,0.671,3,-99,-99,0.524,none,0,0,none,0,0,0.496,0.992,none,0,1.488
2007,MX,10,C,5,-99,-99,13,-99,-99,1.836,0,-99,-99,0.000,none,0,0,none,0,0,0.163,1.516,none,0,1.679
2007,MX,11,E,1,-99,-99,6,-99,-99,1.286,4,-99,-99,0.822,none,0,0,none,0,0,0.578,0.399,none,0,0.977
2007,MX,11,E,2,-99,-99,3,-99,-99,0.687,0,-99,-99,0.000,POHY,1,0.011,none,0,0,0.642,0.523,none,0,1.165
2007,MX,11,E,3,-99,-99,1,-99,-99,0.034,5,-99,-99,0.548,none,0,0,none,0,0,2.126,1.800,none,0,3.926
2007,MX,11,E,4,-99,-99,0,-99,-99,0.000,1,-99,-99,0.221,none,0,0,none,0,0,2.673,0.741,none,0,3.414
2007,MX,11,E,5,-99,-99,1,-99,-99,0.051,1,-99,-99,0.115,none,0,0,none,0,0,2.146,1.618,none,0,3.764
2007,MX,12,A,1,-99,-99,0,-99,-99,0.000,1,-99,-99,0.055,none,0,0,none,0,0,0.516,0.917,none,0,1.433
2007,MX,12,A,2,-99,-99,1,-99,-99,0.167,3,-99,-99,0.423,none,0,0,none,0,0,0.413,0.159,none,0,0.572
2007,MX,12,A,3,-99,-99,0,-99,-99,0.000,3,-99,-99,0.682,none,0,0,none,0,0,0.329,0.132,none,0,0.461
2007,MX,12,A,4,-99,-99,1,-99,-99,0.022,3,-99,-99,0.171,none,0,0,none,0,0,4.731,1.586,none,0,6.317
2007,MX,12,A,5,-99,-99,0,-99,-99,0.000,4,-99,-99,0.664,none,0,0,none,0,0,1.194,0.826,none,0,2.02
2007,MX,13,E,1,-99,-99,1,-99,-99,0.019,3,-99,-99,0.568,none,0,0,none,0,0,0.920,0.979,none,0,1.899
2007,MX,13,E,2,-99,-99,1,-99,-99,0.274,2,-99,-99,0.348,none,0,0,none,0,0,0.457,0.857,none,0,1.314
2007,MX,13,E,3,-99,-99,0,-99,-99,0.000,1,-99,-99,0.236,none,0,0,none,0,0,0.503,0.408,none,0,0.911
2007,MX,13,E,4,-99,-99,0,-99,-99,0.000,6,-99,-99,1.572,none,0,0,none,0,0,1.296,2.739,none,0,4.035
2007,MX,13,E,5,-99,-99,0,-99,-99,0.000,5,-99,-99,0.551,none,0,0,none,0,0,0.508,1.616,none,0,2.124
2007,MX,14,C,1,-99,-99,14,-99,-99,1.479,1,-99,-99,0.163,none,0,0,none,0,0,0.170,2.113,none,0,2.283
2007,MX,14,C,2,-99,-99,9,-99,-99,1.489,1,-99,-99,0.026,none,0,0,none,0,0,0.221,1.234,none,0,1.455
2007,MX,14,C,3,-99,-99,10,-99,-99,1.416,0,-99,-99,0.000,none,0,0,none,0,0,0.055,0.349,LYLI2,0.068,0.472
2007,MX,14,C,4,-99,-99,6,-99,-99,0.720,0,-99,-99,0.000,none,0,0,none,0,0,1.511,0.029,none,0,1.54
2007,MX,14,C,5,-99,-99,4,-99,-99,0.424,2,-99,-99,0.251,POHY,1,0.091,none,0,0,0.412,1.281,none,0,1.693
2007,MX,15,A,1,-99,-99,10,-99,-99,1.390,1,-99,-99,0.180,none,0,0,none,0,0,0.190,0.950,none,0,1.14
2007,MX,15,A,2,-99,-99,1,-99,-99,0.230,4,-99,-99,0.540,none,0,0,none,0,0,0.110,2.770,none,0,2.88
2007,MX,15,A,3,-99,-99,5,-99,-99,0.660,0,-99,-99,0.000,none,0,0,none,0,0,0.230,1.950,none,0,2.18
2007,MX,15,A,4,-99,-99,9,-99,-99,1.570,0,-99,-99,0.000,none,0,0,none,0,0,0.180,1.600,none,0,1.78
2007,MX,15,A,5,-99,-99,9,-99,-99,1.370,1,-99,-99,0.240,none,0,0,none,0,0,0.700,0.970,none,0,1.67
2007,SC,1,E,1,-99,-99,0,-99,-99,0.000,1,-99,-99,0.282,none,0,0,none,0,0,0.974,0.581,none,0,1.555
2007,SC,1,E,2,-99,-99,0,-99,-99,0.000,4,-99,-99,0.474,none,0,0,none,0,0,3.108,1.470,none,0,4.578
2007,SC,1,E,3,-99,-99,0,-99,-99,0.000,1,-99,-99,0.219,none,0,0,none,0,0,2.128,0.729,POHY,0.016,2.873
2007,SC,1,E,4,-99,-99,0,-99,-99,0.000,0,-99,-99,0.000,none,0,0,none,0,0,1.701,1.680,none,0,3.381
2007,SC,1,E,5,-99,-99,0,-99,-99,0.000,2,-99,-99,0.435,none,0,0,none,0,0,1.572,0.013,none,0,1.585
2007,SC,2,A,1,-99,-99,0,-99,-99,0.000,0,-99,-99,0.000,ATPA4,1,0.137,none,0,0,1.281,0.002,none,0,1.283
2007,SC,2,A,2,-99,-99,0,-99,-99,0.000,0,-99,-99,0.000,ATPA4,1,0.077,none,0,0,2.509,0.020,none,0,2.529
2007,SC,2,A,3,-99,-99,0,-99,-99,0.000,3,-99,-99,0.529,ATPA4,1,0.147,none,0,0,1.957,0.007,none,0,1.964
2007,SC,2,A,4,-99,-99,1,-99,-99,0.185,0,-99,-99,0.000,none,0,0,none,0,0,3.448,0.079,none,0,3.527
2007,SC,2,A,5,-99,-99,0,-99,-99,0.000,0,-99,-99,0.000,none,0,0,none,0,0,2.971,0.000,none,0,2.971
2007,SC,3,C,1,-99,-99,8,-99,-99,1.050,0,-99,-99,0.000,none,0,0,none,0,0,0.630,0.680,none,0,1.31
2007,SC,3,C,2,-99,-99,13,-99,-99,2.730,0,-99,-99,0.000,none,0,0,none,0,0,0.600,1.400,none,0,2
2007,SC,3,C,3,-99,-99,4,-99,-99,0.510,0,-99,-99,0.000,none,0,0,none,0,0,0.790,0.530,none,0,1.32
2007,SC,3,C,4,-99,-99,9,-99,-99,1.870,0,-99,-99,0.000,none,0,0,none,0,0,1.220,1.230,none,0,2.45
2007,SC,3,C,5,-99,-99,0,-99,-99,0.000,0,-99,-99,0.000,none,0,0,none,0,0,0.470,1.550,none,0,2.02
2007,SC,4,A,1,-99,-99,1,-99,-99,0.204,0,-99,-99,0.000,none,0,0,none,0,0,6.727,0.731,none,0,7.458
2007,SC,4,A,2,-99,-99,1,-99,-99,0.424,0,-99,-99,0.000,none,0,0,none,0,0,1.774,0.639,none,0,2.413
2007,SC,4,A,3,-99,-99,3,-99,-99,0.596,0,-99,-99,0.000,none,0,0,none,0,0,1.216,0.356,none,0,1.572
2007,SC,4,A,4,-99,-99,2,-99,-99,0.242,0,-99,-99,0.000,none,0,0,none,0,0,2.482,0.590,none,0,3.072
2007,SC,4,A,5,-99,-99,0,-99,-99,0.000,0,-99,-99,0.000,ATPA4,1,0.013,none,0,0,0.878,0.205,none,0,1.083
2007,SC,5,C,1,-99,-99,6,-99,-99,0.933,2,-99,-99,0.504,none,0,0,none,0,0,1.433,2.379,none,0,3.812
2007,SC,5,C,2,-99,-99,3,-99,-99,0.419,0,-99,-99,0.000,none,0,0,none,0,0,1.470,0.515,none,0,1.985
2007,SC,5,C,3,-99,-99,21,-99,-99,4.023,0,-99,-99,0.000,none,0,0,none,0,0,2.158,5.231,none,0,7.389
2007,SC,5,C,4,-99,-99,19,-99,-99,2.740,0,-99,-99,0.000,none,0,0,none,0,0,0.665,4.751,none,0,5.416
2007,SC,5,C,5,-99,-99,16,-99,-99,2.436,0,-99,-99,0.000,none,0,0,none,0,0,0.704,0.638,none,0,1.342
2007,SC,6,E,1,-99,-99,0,-99,-99,0.000,0,-99,-99,0.000,none,0,0,none,0,0,2.733,0.436,none,0,3.169
2007,SC,6,E,2,-99,-99,0,-99,-99,0.000,0,-99,-99,0.000,none,0,0,none,0,0,3.237,0.156,none,0,3.393
2007,SC,6,E,3,-99,-99,0,-99,-99,0.000,0,-99,-99,0.000,none,0,0,none,0,0,2.945,0.363,none,0,3.308
2007,SC,6,E,4,-99,-99,0,-99,-99,0.000,1,-99,-99,0.033,none,0,0,none,0,0,1.279,0.235,none,0,1.514
2007,SC,6,E,5,-99,-99,0,-99,-99,0.000,2,-99,-99,0.289,none,0,0,none,0,0,2.625,0.480,none,0,3.105
2007,SC,7,C,1,-99,-99,0,-99,-99,0.000,11,-99,-99,1.973,POHY,1,0.032,none,0,0,0.476,0.755,ATPA4,0.002,1.233
2007,SC,7,C,2,-99,-99,0,-99,-99,0.000,5,-99,-99,0.626,ATPA4,1,0.127,none,0,0,1.604,0.790,none,0,2.394
2007,SC,7,C,3,-99,-99,0,-99,-99,0.000,6,-99,-99,0.939,none,0,0,none,0,0,3.017,1.002,none,0,4.019
2007,SC,7,C,4,-99,-99,0,-99,-99,0.000,3,-99,-99,0.493,ATPA4,1,0.028,none,0,0,1.108,1.718,none,0,2.826
2007,SC,7,C,5,-99,-99,0,-99,-99,0.000,5,-99,-99,0.678,none,0,0,none,0,0,1.490,0.830,none,0,2.32
2007,SC,8,A,1,-99,-99,1,-99,-99,0.107,2,-99,-99,0.181,none,0,0,none,0,0,2.180,1.384,none,0,3.564
2007,SC,8,A,2,-99,-99,0,-99,-99,0.000,3,-99,-99,0.325,none,0,0,none,0,0,1.888,0.757,none,0,2.645
2007,SC,8,A,3,-99,-99,0,-99,-99,0.000,12,-99,-99,1.198,none,0,0,none,0,0,1.215,0.081,none,0,1.296
2007,SC,8,A,4,-99,-99,0,-99,-99,0.000,0,-99,-99,0.000,none,0,0,none,0,0,1.564,1.772,none,0,3.336
2007,SC,8,A,5,-99,-99,0,-99,-99,0.000,0,-99,-99,0.000,none,0,0,none,0,0,0.667,1.295,none,0,1.962
2007,SC,9,E,1,-99,-99,0,-99,-99,0.000,2,-99,-99,0.511,none,0,0,none,0,0,2.141,0.110,none,0,2.251
2007,SC,9,E,2,-99,-99,0,-99,-99,0.000,0,-99,-99,0.000,none,0,0,none,0,0,1.735,0.501,none,0,2.236
2007,SC,9,E,3,-99,-99,0,-99,-99,0.000,1,-99,-99,0.095,none,0,0,none,0,0,1.842,0.604,LYLI2,0.041,2.487
2007,SC,9,E,4,-99,-99,2,-99,-99,0.288,2,-99,-99,0.210,LYLI2,1,0.739,none,0,0,2.116,0.189,LYLI2,0.02,2.325
2007,SC,9,E,5,-99,-99,0,-99,-99,0.000,0,-99,-99,0.000,none,0,0,none,0,0,0.236,0.076,none,0,0.312
2007,SC,10,E,1,-99,-99,1,-99,-99,0.430,1,-99,-99,0.270,none,0,0,none,0,0,1.240,0.580,none,0,1.82
2007,SC,10,E,2,-99,-99,0,-99,-99,0.000,1,-99,-99,0.150,LYLI2,2,0.950,none,0,0,1.520,0.260,none,0,1.78
2007,SC,10,E,3,-99,-99,0,-99,-99,0.000,0,-99,-99,0.000,LYLI2,1,0.300,none,0,0,2.780,0.690,none,0,3.47
2007,SC,10,E,4,-99,-99,0,-99,-99,0.000,0,-99,-99,0.000,LYLI2,3,0.500,none,0,0,0.300,0.340,none,0,0.64
2007,SC,10,E,5,-99,-99,1,-99,-99,0.010,0,-99,-99,0.000,none,0,0,none,0,0,2.000,0.270,none,0,2.27
2007,SC,11,C,1,-99,-99,0,-99,-99,0.000,0,-99,-99,0.000,none,0,0,none,0,0,1.023,2.575,none,0,3.598
2007,SC,11,C,2,-99,-99,4,-99,-99,0.578,0,-99,-99,0.000,none,0,0,none,0,0,1.784,0.050,none,0,1.834
2007,SC,11,C,3,-99,-99,8,-99,-99,1.836,0,-99,-99,0.000,none,0,0,none,0,0,3.429,1.515,none,0,4.944
2007,SC,11,C,4,-99,-99,1,-99,-99,0.034,0,-99,-99,0.000,none,0,0,none,0,0,0.881,2.558,none,0,3.439
2007,SC,11,C,5,-99,-99,4,-99,-99,0.586,0,-99,-99,0.000,none,0,0,none,0,0,0.669,0.931,none,0,1.6
2007,SC,12,A,1,-99,-99,6,-99,-99,0.885,0,-99,-99,0.000,none,0,0,none,0,0,0.000,8.435,none,0,8.435
2007,SC,12,A,2,-99,-99,6,-99,-99,0.728,0,-99,-99,0.000,none,0,0,none,0,0,0.040,2.376,none,0,2.416
2007,SC,12,A,3,-99,-99,2,-99,-99,0.093,9,-99,-99,1.027,none,0,0,none,0,0,0.111,1.603,none,0,1.714
2007,SC,12,A,4,-99,-99,4,-99,-99,0.412,13,-99,-99,1.194,none,0,0,none,0,0,1.017,4.055,none,0,5.072
2007,SC,12,A,5,-99,-99,21,-99,-99,1.447,8,-99,-99,0.593,none,0,0,none,0,0,0.134,2.421,none,0,2.555
2007,SC,13,C,1,-99,-99,12,-99,-99,1.501,2,-99,-99,0.242,none,0,0,none,0,0,1.172,3.953,none,0,5.125
2007,SC,13,C,2,-99,-99,17,-99,-99,2.732,0,-99,-99,0.000,none,0,0,none,0,0,0.652,0.984,none,0,1.636
2007,SC,13,C,3,-99,-99,9,-99,-99,1.173,1,-99,-99,0.242,none,0,0,none,0,0,0.122,0.488,none,0,0.61
2007,SC,13,C,4,-99,-99,6,-99,-99,0.762,0,-99,-99,0.000,none,0,0,none,0,0,0.293,0.961,none,0,1.254
2007,SC,13,C,5,-99,-99,14,-99,-99,1.988,0,-99,-99,0.000,none,0,0,none,0,0,0.026,0.640,none,0,0.666
2007,SC,14,E,1,-99,-99,1,-99,-99,0.010,0,-99,-99,0.000,none,0,0,none,0,0,0.630,2.230,none,0,2.86
2007,SC,14,E,2,-99,-99,1,-99,-99,0.090,1,-99,-99,0.170,none,0,0,none,0,0,0.300,0.060,none,0,0.36
2007,SC,14,E,3,-99,-99,5,-99,-99,0.220,0,-99,-99,0.000,none,0,0,none,0,0,0.630,1.490,none,0,2.12
2007,SC,14,E,4,-99,-99,4,-99,-99,0.300,0,-99,-99,0.000,none,0,0,none,0,0,1.340,0.580,none,0,1.92
2007,SC,14,E,5,-99,-99,1,-99,-99,0.020,0,-99,-99,0.000,none,0,0,none,0,0,3.010,1.470,none,0,4.48
2007,SC,15,A,1,-99,-99,0,-99,-99,0.000,2,-99,-99,0.310,none,0,0,none,0,0,0.030,0.940,none,0,0.97
2007,SC,15,A,2,-99,-99,0,-99,-99,0.000,0,-99,-99,0.000,none,0,0,none,0,0,2.090,1.910,none,0,4
2007,SC,15,A,3,-99,-99,0,-99,-99,0.000,8,-99,-99,0.670,none,0,0,none,0,0,1.300,1.750,none,0,3.05
2007,SC,15,A,4,-99,-99,0,-99,-99,0.000,9,-99,-99,0.940,none,0,0,none,0,0,0.820,1.900,none,0,2.72
2007,SC,15,A,5,-99,-99,0,-99,-99,0.000,1,-99,-99,0.070,none,0,0,none,0,0,0.500,0.850,none,0,1.35
2007,SP,1,E,1,-99,-99,0,-99,-99,0.000,0,-99,-99,0.000,POHY,1,0.004,none,0,0,2.463,0.403,SOSE,0.083,2.949
2007,SP,1,E,2,-99,-99,4,-99,-99,0.409,0,-99,-99,0.000,SOSE,2,1.059,none,0,0,0.358,0.548,SOSE,0.007,0.913
2007,SP,1,E,3,-99,-99,0,-99,-99,0.000,0,-99,-99,0.000,none,0,0,none,0,0,1.211,0.518,none,0,1.729
2007,SP,1,E,4,-99,-99,0,-99,-99,0.000,0,-99,-99,0.000,SOSE,3,2.052,none,0,0,1.527,0.039,SOSE,2.648,4.214
2007,SP,1,E,5,-99,-99,2,-99,-99,0.249,0,-99,-99,0.000,none,0,0,none,0,0,1.242,0.187,none,0,1.429
2007,SP,2,A,1,-99,-99,16,-99,-99,1.591,0,-99,-99,0.000,POHY,2,0.022,none,0,0,0.000,2.355,SOSE,0.027,2.382
2007,SP,2,A,2,-99,-99,5,-99,-99,0.770,0,-99,-99,0.000,none,0,0,none,0,0,0.000,1.828,POHY,0.006,1.834
2007,SP,2,A,3,-99,-99,8,-99,-99,0.979,0,-99,-99,0.000,none,0,0,none,0,0,0.077,2.809,SOSE,0.065,2.951
2007,SP,2,A,4,-99,-99,11,-99,-99,1.211,0,-99,-99,0.000,POHY,1,0.009,none,0,0,0.000,2.785,none,0,2.785
2007,SP,2,A,5,-99,-99,7,-99,-99,0.775,0,-99,-99,0.000,none,0,0,none,0,0,0.003,1.772,none,0,1.775
2007,SP,3,C,1,-99,-99,20,-99,-99,4.004,0,-99,-99,0.000,none,0,0,none,0,0,0.000,0.634,none,0,0.634
2007,SP,3,C,2,-99,-99,17,-99,-99,3.144,0,-99,-99,0.000,none,0,0,none,0,0,0.000,0.417,none,0,0.417
2007,SP,3,C,3,-99,-99,4,-99,-99,0.607,0,-99,-99,0.000,SOSE,4,0.096,none,0,0,0.000,3.930,none,0,3.93
2007,SP,3,C,4,-99,-99,8,-99,-99,1.727,0,-99,-99,0.000,none,0,0,none,0,0,0.000,1.739,none,0,1.739
2007,SP,3,C,5,-99,-99,25,-99,-99,5.182,0,-99,-99,0.000,none,0,0,none,0,0,0.000,0.653,none,0,0.653
2007,SP,4,E,1,-99,-99,7,-99,-99,0.791,0,-99,-99,0.000,POHY,8,0.505,none,0,0,0.000,2.713,none,0,2.786
2007,SP,4,E,2,-99,-99,8,-99,-99,1.487,0,-99,-99,0.000,none,0,0,none,0,0,0.000,4.030,none,0,4.039
2007,SP,4,E,3,-99,-99,1,-99,-99,0.013,0,-99,-99,0.000,none,0,0,none,0,0,0.000,7.215,none,0,7.215
2007,SP,4,E,4,-99,-99,8,-99,-99,0.544,0,-99,-99,0.000,POHY,1,0.002,none,0,0,0.000,0.935,POHY,0.008,0.943
2007,SP,4,E,5,-99,-99,1,-99,-99,0.145,0,-99,-99,0.000,POHY,2,0.204,none,0,0,0.000,1.963,none,0,1.963
2007,SP,5,A,1,-99,-99,9,-99,-99,1.775,0,-99,-99,0.000,none,0,0,none,0,0,0.024,3.526,none,0,3.55
2007,SP,5,A,2,-99,-99,8,-99,-99,1.386,0,-99,-99,0.000,none,0,0,none,0,0,0.000,2.436,none,0,2.436
2007,SP,5,A,3,-99,-99,4,-99,-99,1.154,0,-99,-99,0.000,none,0,0,none,0,0,0.000,0.826,none,0,0.826
2007,SP,5,A,4,-99,-99,14,-99,-99,1.798,0,-99,-99,0.000,none,0,0,none,0,0,0.000,3.582,SOSE,0.078,3.66
2007,SP,5,A,5,-99,-99,9,-99,-99,1.349,0,-99,-99,0.000,none,0,0,none,0,0,0.000,4.746,SOSE,0.064,4.81
2007,SP,6,C,1,-99,-99,17,-99,-99,2.848,0,-99,-99,0.000,none,0,0,none,0,0,0.000,1.051,POHY,0.008,1.059
2007,SP,6,C,2,-99,-99,11,-99,-99,1.557,0,-99,-99,0.000,none,0,0,none,0,0,0.000,0.258,none,0,0.258
2007,SP,6,C,3,-99,-99,10,-99,-99,1.486,0,-99,-99,0.000,none,0,0,none,0,0,0.036,6.085,SOSE,0.059,6.18
2007,SP,6,C,4,-99,-99,1,-99,-99,0.094,0,-99,-99,0.000,none,0,0,none,0,0,0.337,1.620,SOSE,0.322,2.279
2007,SP,6,C,5,-99,-99,8,-99,-99,1.794,0,-99,-99,0.000,none,0,0,none,0,0,0.052,3.307,SOSE,0.433,3.792
2007,SP,7,C,1,-99,-99,12,-99,-99,1.176,0,-99,-99,0.000,none,0,0,none,0,0,0.008,3.541,none,0,3.557
2007,SP,7,C,2,-99,-99,21,-99,-99,2.376,0,-99,-99,0.000,none,0,0,none,0,0,0.000,2.033,none,0,2.033
2007,SP,7,C,3,-99,-99,10,-99,-99,1.439,0,-99,-99,0.000,none,0,0,none,0,0,0.027,3.441,none,0,3.468
2007,SP,7,C,4,-99,-99,23,-99,-99,2.848,0,-99,-99,0.000,none,0,0,none,0,0,0.000,0.745,none,0,0.745
2007,SP,7,C,5,-99,-99,10,-99,-99,1.842,0,-99,-99,0.000,none,0,0,none,0,0,0.081,2.435,none,0,2.516
2007,SP,8,E,1,-99,-99,17,-99,-99,1.334,0,-99,-99,0.000,POHY,1,0.002,none,0,0,0.056,2.652,none,0,2.705
2007,SP,8,E,2,-99,-99,23,-99,-99,2.842,0,-99,-99,0.000,none,0,0.000,none,0,0,0.000,0.904,none,0,0.904
2007,SP,8,E,3,-99,-99,26,-99,-99,1.674,0,-99,-99,0.000,POHY,1,0.016,none,0,0,0.006,2.186,POHY,0.026,2.218
2007,SP,8,E,4,-99,-99,6,-99,-99,0.379,0,-99,-99,0.000,none,0,0.000,none,0,0,0.000,2.155,POHY,0.201,2.356
2007,SP,8,E,5,-99,-99,2,-99,-99,0.097,0,-99,-99,0.000,none,0,0.000,none,0,0,0.000,1.056,POHY,0.013,1.069
2007,SP,9,A,1,-99,-99,15,-99,-99,1.657,0,-99,-99,0.000,POHY,1,0.002,none,0,0,0.567,0.419,none,0,0.986
2007,SP,9,A,2,-99,-99,11,-99,-99,1.695,0,-99,-99,0.000,none,0,0,none,0,0,0.000,1.847,PLCA7,0.009,1.856
2007,SP,9,A,3,-99,-99,1,-99,-99,0.010,0,-99,-99,0.000,none,0,0,none,0,0,0.414,0.737,none,0,1.151
2007,SP,9,A,4,-99,-99,3,-99,-99,0.338,0,-99,-99,0.000,none,0,0,none,0,0,0.481,0.363,none,0,0.844
2007,SP,9,A,5,-99,-99,2,-99,-99,0.248,0,-99,-99,0.000,none,0,0,none,0,0,0.132,0.610,none,0,0.742
2007,SP,10,E,1,-99,-99,7,-99,-99,0.906,0,-99,-99,0.000,none,0,0,none,0,0,0.000,6.014,none,0,6.014
2007,SP,10,E,2,-99,-99,2,-99,-99,0.970,0,-99,-99,0.000,none,0,0,none,0,0,0.000,0.732,none,0,0.732
2007,SP,10,E,3,-99,-99,8,-99,-99,1.500,0,-99,-99,0.000,none,0,0,none,0,0,0.068,1.682,none,0,1.75
2007,SP,10,E,4,-99,-99,11,-99,-99,1.849,0,-99,-99,0.000,none,0,0,none,0,0,0.000,1.306,none,0,1.306
2007,SP,10,E,5,-99,-99,14,-99,-99,1.960,0,-99,-99,0.000,none,0,0,none,0,0,0.000,3.652,none,0,3.652
2007,SP,11,A,1,-99,-99,14,-99,-99,1.704,2,-99,-99,0.253,none,0,0,none,0,0,0.000,2.902,POHY,0.004,2.906
2007,SP,11,A,2,-99,-99,7,-99,-99,0.867,2,-99,-99,0.351,none,0,0,none,0,0,0.000,1.008,none,0,1.008
2007,SP,11,A,3,-99,-99,2,-99,-99,0.207,3,-99,-99,0.243,none,0,0,none,0,0,0.000,1.834,none,0,1.834
2007,SP,11,A,4,-99,-99,4,-99,-99,0.654,4,-99,-99,0.477,SOSE,3,2.538,none,0,0,0.000,2.326,SOSE,0.697,3.023
2007,SP,11,A,5,-99,-99,6,-99,-99,0.650,4,-99,-99,0.514,none,0,0,none,0,0,0.000,2.785,none,0,2.785
2007,SP,12,C,1,-99,-99,27,-99,-99,3.683,0,-99,-99,0.000,POHY,1,0.008,none,0,0,0.027,1.555,none,0,1.582
2007,SP,12,C,2,-99,-99,17,-99,-99,2.201,0,-99,-99,0.000,none,0,0,none,0,0,0.000,1.366,none,0,1.366
2007,SP,12,C,3,-99,-99,6,-99,-99,0.798,0,-99,-99,0.000,none,0,0,none,0,0,0.000,4.482,none,0,4.482
2007,SP,12,C,4,-99,-99,14,-99,-99,2.083,0,-99,-99,0.000,none,0,0,none,0,0,0.000,1.615,none,0,1.615
2007,SP,12,C,5,-99,-99,5,-99,-99,0.707,0,-99,-99,0.000,none,0,0,none,0,0,0.008,0.364,none,0,0.372
2007,SP,13,A,1,-99,-99,4,-99,-99,0.435,0,-99,-99,0.000,none,0,0,none,0,0,0.000,2.155,none,0,2.155
2007,SP,13,A,2,-99,-99,12,-99,-99,1.007,0,-99,-99,0.000,none,0,0,none,0,0,0.000,1.917,none,0,1.917
2007,SP,13,A,3,-99,-99,27,-99,-99,2.142,0,-99,-99,0.000,none,0,0,none,0,0,0.000,2.633,none,0,2.633
2007,SP,13,A,4,-99,-99,6,-99,-99,0.735,0,-99,-99,0.000,none,0,0,none,0,0,0.000,2.615,none,0,2.615
2007,SP,13,A,5,-99,-99,10,-99,-99,1.319,0,-99,-99,0.000,none,0,0,none,0,0,0.000,3.130,none,0,3.130
2007,SP,14,E,1,-99,-99,11,-99,-99,1.143,0,-99,-99,0.000,POHY,5,0.041,none,0,0,0.010,3.702,POHY,0.065,3.777
2007,SP,14,E,2,-99,-99,1,-99,-99,0.106,0,-99,-99,0.000,TYLA,1,5.321,none,0,0,0.000,0.116,TYLA,0.416,0.532
2007,SP,14,E,3,-99,-99,0,-99,-99,0.000,0,-99,-99,0.000,SOSE,6,1.108,none,0,0,0.038,1.718,SOSE,1.067,2.823
2007,SP,14,E,4,-99,-99,5,-99,-99,1.219,0,-99,-99,0.000,none,0,0,none,0,0,0.000,1.380,SOSE,2.002,3.382
2007,SP,14,E,5,-99,-99,1,-99,-99,0.010,0,-99,-99,0.000,none,0,0,none,0,0,0.000,0.138,SOSE,0.540,0.678
2007,SP,15,C,1,-99,-99,17,-99,-99,2.706,0,-99,-99,0.000,none,0,0,none,0,0,0.310,2.087,POHY,0.001,2.398
2007,SP,15,C,2,-99,-99,9,-99,-99,0.960,0,-99,-99,0.000,none,0,0,none,0,0,0.329,1.317,none,0,1.646
2007,SP,15,C,3,-99,-99,9,-99,-99,1.416,0,-99,-99,0.000,none,0,0,none,0,0,0.000,1.442,none,0,1.442
2007,SP,15,C,4,-99,-99,5,-99,-99,0.714,0,-99,-99,0.000,SOSE,1,0.062,none,0,0,0.161,0.958,none,0,1.119
2007,SP,15,C,5,-99,-99,5,-99,-99,0.616,0,-99,-99,0.000,none,0,0,none,0,0,0.189,1.281,none,0,1.47
2008,MX,1,E,1,-99,-99,1,-99,-99,0.231,1,-99,-99,0.089,none,0,0,none,0,0,1.757,0.667,none,0,2.424
2008,MX,1,E,2,-99,-99,4,-99,-99,0.430,0,-99,-99,0.000,none,0,0,none,0,0,0.690,0.603,none,0,1.293
2008,MX,1,E,3,-99,-99,0,-99,-99,0.000,2,-99,-99,0.393,none,0,0,none,0,0,0.834,0.458,none,0,1.292
2008,MX,1,E,4,-99,-99,0,-99,-99,0.000,0,-99,-99,0.000,none,0,0,none,0,0,0.852,0.607,none,0,1.459
2008,MX,1,E,5,-99,-99,0,-99,-99,0.000,2,-99,-99,0.221,none,0,0,none,0,0,1.146,2.292,none,0,3.438
2008,MX,2,A,1,-99,-99,5,-99,-99,0.659,2,-99,-99,0.244,none,0,0,none,0,0,0.890,1.250,none,0,2.14
2008,MX,2,A,2,-99,-99,3,-99,-99,0.625,2,-99,-99,0.360,none,0,0,none,0,0,0.350,1.123,none,0,1.473
2008,MX,2,A,3,-99,-99,4,-99,-99,0.602,2,-99,-99,0.151,none,0,0,none,0,0,3.572,3.917,none,0,7.489
2008,MX,2,A,4,-99,-99,3,-99,-99,0.487,0,-99,-99,0.000,none,0,0,none,0,0,0.397,2.369,none,0,2.766
2008,MX,2,A,5,-99,-99,0,-99,-99,0.000,2,-99,-99,0.184,none,0,0,none,0,0,0.032,0.253,none,0,0.285
2008,MX,3,C,1,-99,-99,14,-99,-99,2.003,7,-99,-99,0.836,none,0,0,none,0,0,0.208,1.120,none,0,1.328
2008,MX,3,C,2,-99,-99,12,-99,-99,1.295,0,-99,-99,0.000,none,0,0,none,0,0,0.320,0.256,POHY,0.008,0.584
2008,MX,3,C,3,-99,-99,10,-99,-99,1.622,0,-99,-99,0.000,none,0,0,none,0,0,0.367,0.366,POHY,0.003,0.736
2008,MX,3,C,4,-99,-99,12,-99,-99,1.621,0,-99,-99,0.000,none,0,0,none,0,0,0.282,0.428,POHY,0.002,0.712
2008,MX,3,C,5,-99,-99,22,-99,-99,2.381,6,-99,-99,0.923,none,0,0,none,0,0,0.045,1.207,none,0,1.252
2008,MX,4,E,1,-99,-99,0,-99,-99,0.000,2,-99,-99,0.242,none,0,0,none,0,0,0.931,0.660,none,0,1.591
2008,MX,4,E,2,-99,-99,2,-99,-99,0.281,4,-99,-99,0.328,none,0,0,none,0,0,0.990,1.516,none,0,2.506
2008,MX,4,E,3,-99,-99,0,-99,-99,0.000,0,-99,-99,0.000,none,0,0,none,0,0,2.785,0.889,none,0,3.674
2008,MX,4,E,4,-99,-99,1,-99,-99,0.341,2,-99,-99,0.536,none,0,0,none,0,0,1.183,0.489,none,0,1.672
2008,MX,4,E,5,-99,-99,2,-99,-99,0.297,4,-99,-99,0.614,none,0,0,none,0,0,0.244,0.449,none,0,0.693
2008,MX,5,C,1,-99,-99,4,-99,-99,0.675,7,-99,-99,0.570,none,0,0,none,0,0,0.653,2.311,none,0,2.964
2008,MX,5,C,2,-99,-99,4,-99,-99,0.559,3,-99,-99,0.590,none,0,0,none,0,0,0.452,0.487,none,0,0.939
2008,MX,5,C,3,-99,-99,1,-99,-99,0.179,3,-99,-99,0.696,none,0,0,none,0,0,0.137,0.441,none,0,0.578
2008,MX,5,C,4,-99,-99,4,-99,-99,0.500,3,-99,-99,0.558,POHY,1,0.017,none,0,0,0.336,0.596,none,0,0.932
2008,MX,5,C,5,-99,-99,9,-99,-99,0.902,10,-99,-99,1.184,none,0,0,none,0,0,0.050,0.305,none,0,0.355
2008,MX,6,A,1,-99,-99,7,-99,-99,1.082,2,-99,-99,0.346,none,0,0,none,0,0,0.292,1.029,none,0,1.321
2008,MX,6,A,2,-99,-99,0,-99,-99,0.000,0,-99,-99,0.000,none,0,0,none,0,0,0.494,0.736,none,0,1.23
2008,MX,6,A,3,-99,-99,2,-99,-99,0.527,1,-99,-99,0.223,none,0,0,none,0,0,0.304,1.278,none,0,1.582
2008,MX,6,A,4,-99,-99,6,-99,-99,0.859,1,-99,-99,0.262,none,0,0,none,0,0,1.298,3.119,none,0,4.417
2008,MX,6,A,5,-99,-99,5,-99,-99,0.821,0,-99,-99,0.000,none,0,0,none,0,0,0.677,4.623,none,0,5.3
2008,MX,7,C,1,-99,-99,0,-99,-99,0.000,1,-99,-99,0.119,none,0,0,none,0,0,1.530,1.688,none,0,3.218
2008,MX,7,C,2,-99,-99,0,-99,-99,0.000,9,-99,-99,1.199,POHY,1,0.004,none,0,0,0.698,1.898,none,0,2.596
2008,MX,7,C,3,-99,-99,3,-99,-99,0.203,1,-99,-99,0.105,none,0,0,none,0,0,0.207,0.554,none,0,0.761
2008,MX,7,C,4,-99,-99,6,-99,-99,0.851,2,-99,-99,0.192,none,0,0,none,0,0,1.004,2.121,none,0,3.125
2008,MX,7,C,5,-99,-99,4,-99,-99,0.427,7,-99,-99,0.628,none,0,0,none,0,0,1.176,1.788,none,0,2.964
2008,MX,8,E,1,-99,-99,4,-99,-99,0.346,1,-99,-99,0.114,none,0,0,none,0,0,0.480,0.901,none,0,1.381
2008,MX,8,E,2,-99,-99,6,-99,-99,1.275,0,-99,-99,0.000,none,0,0,none,0,0,0.422,1.028,none,0,1.45
2008,MX,8,E,3,-99,-99,1,-99,-99,0.114,2,-99,-99,0.304,none,0,0,none,0,0,0.204,2.387,none,0,2.591
2008,MX,8,E,4,-99,-99,0,-99,-99,0.000,2,-99,-99,0.279,none,0,0,none,0,0,0.631,1.190,none,0,1.821
2008,MX,8,E,5,-99,-99,9,-99,-99,1.292,0,-99,-99,0.000,none,0,0,none,0,0,1.073,1.215,none,0,2.288
2008,MX,9,A,1,-99,-99,3,-99,-99,0.299,1,-99,-99,0.023,none,0,0,none,0,0,1.129,2.195,none,0,3.324
2008,MX,9,A,2,-99,-99,5,-99,-99,0.633,3,-99,-99,0.226,none,0,0,none,0,0,0.731,0.959,none,0,1.69
2008,MX,9,A,3,-99,-99,8,-99,-99,0.852,5,-99,-99,0.582,none,0,0,none,0,0,0.389,2.630,none,0,3.019
2008,MX,9,A,4,-99,-99,1,-99,-99,0.151,15,-99,-99,1.806,none,0,0,none,0,0,0.098,0.921,POHY,0.004,1.023
2008,MX,9,A,5,-99,-99,4,-99,-99,0.527,2,-99,-99,0.088,none,0,0,none,0,0,0.219,1.885,none,0,2.104
2008,MX,10,C,1,-99,-99,15,-99,-99,1.348,3,-99,-99,0.105,none,0,0,none,0,0,0.115,0.730,none,0,0.845
2008,MX,10,C,2,-99,-99,8,-99,-99,1.009,3,-99,-99,0.415,none,0,0,none,0,0,0.373,0.689,none,0,1.062
2008,MX,10,C,3,-99,-99,4,-99,-99,0.426,0,-99,-99,0.000,none,0,0,none,0,0,0.769,1.260,none,0,2.029
2008,MX,10,C,4,-99,-99,15,-99,-99,1.817,0,-99,-99,0.000,POHY,1,0.033,none,0,0,0.120,0.535,none,0,0.655
2008,MX,10,C,5,-99,-99,5,-99,-99,0.627,4,-99,-99,0.339,none,0,0,none,0,0,0.933,1.235,none,0,2.168
2008,MX,11,E,1,-99,-99,0,-99,-99,0.000,1,-99,-99,0.065,none,0,0,none,0,0,1.075,1.987,none,0,3.062
2008,MX,11,E,2,-99,-99,8,-99,-99,0.724,0,-99,-99,0.000,none,0,0,none,0,0,1.823,1.316,none,0,3.139
2008,MX,11,E,3,-99,-99,5,-99,-99,0.551,0,-99,-99,0.000,none,0,0,none,0,0,0.759,1.078,none,0,1.837
2008,MX,11,E,4,-99,-99,0,-99,-99,0.000,6,-99,-99,0.706,none,0,0,none,0,0,0.665,0.694,none,0,1.359
2008,MX,11,E,5,-99,-99,3,-99,-99,0.286,4,-99,-99,0.368,none,0,0,none,0,0,1.024,1.671,none,0,2.695
2008,MX,12,A,1,-99,-99,0,-99,-99,0.000,3,-99,-99,0.197,none,0,0,none,0,0,0.392,0.720,none,0,1.112
2008,MX,12,A,2,-99,-99,0,-99,-99,0.000,6,-99,-99,1.408,none,0,0,none,0,0,0.237,0.911,none,0,1.148
2008,MX,12,A,3,-99,-99,0,-99,-99,0.000,16,-99,-99,1.213,none,0,0,none,0,0,1.395,0.364,none,0,1.759
2008,MX,12,A,4,-99,-99,0,-99,-99,0.000,8,-99,-99,1.021,POHY,1,0.059,none,0,0,0.381,0.672,none,0,1.053
2008,MX,12,A,5,-99,-99,0,-99,-99,0.000,6,-99,-99,0.908,none,0,0,none,0,0,0.331,1.681,none,0,2.012
2008,MX,13,E,1,-99,-99,4,-99,-99,0.367,5,-99,-99,0.572,none,0,0,none,0,0,1.338,2.194,none,0,3.532
2008,MX,13,E,2,-99,-99,0,-99,-99,0.000,7,-99,-99,0.789,POHY,1,0.171,none,0,0,0.577,2.225,none,0,2.802
2008,MX,13,E,3,-99,-99,0,-99,-99,0.000,7,-99,-99,1.106,none,0,0,none,0,0,0.343,2.485,none,0,2.828
2008,MX,13,E,4,-99,-99,0,-99,-99,0.000,8,-99,-99,1.276,none,0,0,none,0,0,0.376,0.830,none,0,1.206
2008,MX,13,E,5,-99,-99,0,-99,-99,0.000,1,-99,-99,0.038,POHY,1,0.006,none,0,0,1.000,0.798,none,0,1.798
2008,MX,14,C,1,-99,-99,10,-99,-99,1.261,1,-99,-99,0.327,none,0,0,none,0,0,0.329,0.582,none,0,0.911
2008,MX,14,C,2,-99,-99,4,-99,-99,0.427,1,-99,-99,0.216,none,0,0,none,0,0,0.061,0.961,none,0,1.022
2008,MX,14,C,3,-99,-99,2,-99,-99,0.221,2,-99,-99,0.275,POHY,1,0.064,none,0,0,0.312,0.245,none,0,0.557
2008,MX,14,C,4,-99,-99,8,-99,-99,0.963,1,-99,-99,0.330,none,0,0,none,0,0,0.107,0.460,none,0,0.567
2008,MX,14,C,5,-99,-99,11,-99,-99,1.281,3,-99,-99,0.230,none,0,0,none,0,0,0.398,1.428,none,0,1.826
2008,MX,15,A,1,-99,-99,3,-99,-99,0.271,0,-99,-99,0.000,none,0,0,none,0,0,0.081,1.533,POHY,0.033,1.647
2008,MX,15,A,2,-99,-99,6,-99,-99,1.143,0,-99,-99,0.000,none,0,0,none,0,0,0.409,1.277,none,0,1.686
2008,MX,15,A,3,-99,-99,6,-99,-99,1.155,1,-99,-99,0.055,none,0,0,none,0,0,0.548,2.442,none,0,2.99
2008,MX,15,A,4,-99,-99,2,-99,-99,0.592,0,-99,-99,0.000,none,0,0,none,0,0,0.487,2.219,none,0,2.706
2008,MX,15,A,5,-99,-99,3,-99,-99,0.574,2,-99,-99,0.133,none,0,0,none,0,0,0.081,0.731,none,0,0.812
2008,SC,1,E,1,-99,-99,0,-99,-99,0.000,1,-99,-99,0.239,none,0,0,none,0,0,1.397,0.594,none,0,1.991
2008,SC,1,E,2,-99,-99,0,-99,-99,0.000,3,-99,-99,0.645,none,0,0,none,0,0,3.798,1.886,SOSE,0.355,6.039
2008,SC,1,E,3,-99,-99,1,-99,-99,0.100,4,-99,-99,0.895,none,0,0,none,0,0,1.128,0.949,none,0,2.077
2008,SC,1,E,4,-99,-99,1,-99,-99,0.257,3,-99,-99,0.462,none,0,0,none,0,0,2.966,0.488,none,0,3.454
2008,SC,1,E,5,-99,-99,0,-99,-99,0.000,0,-99,-99,0.000,none,0,0,none,0,0,3.796,0.778,none,0,4.574
2008,SC,2,A,1,-99,-99,0,-99,-99,0.000,0,-99,-99,0.000,none,0,0,none,0,0,1.511,0.000,none,0,1.511
2008,SC,2,A,2,-99,-99,0,-99,-99,0.000,0,-99,-99,0.000,none,0,0,none,0,0,2.238,0.018,none,0,2.256
2008,SC,2,A,3,-99,-99,0,-99,-99,0.000,1,-99,-99,0.286,none,0,0,none,0,0,1.111,0.044,none,0,1.155
2008,SC,2,A,4,-99,-99,0,-99,-99,0.000,0,-99,-99,0.000,POHY,1,0.108,none,0,0,2.195,0.357,LYLI2,0.135,2.687
2008,SC,2,A,5,-99,-99,0,-99,-99,0.000,0,-99,-99,0.000,none,0,0,none,0,0,4.208,0.012,LYLI2,0.734,4.954
2008,SC,3,C,1,-99,-99,8,-99,-99,1.142,0,-99,-99,0.000,none,0,0,none,0,0,0.398,0.690,none,0,1.088
2008,SC,3,C,2,-99,-99,8,-99,-99,1.267,0,-99,-99,0.000,none,0,0,none,0,0,1.064,0.694,none,0,1.758
2008,SC,3,C,3,-99,-99,4,-99,-99,0.366,0,-99,-99,0.000,none,0,0,none,0,0,0.024,0.230,none,0,0.254
2008,SC,3,C,4,-99,-99,5,-99,-99,0.898,0,-99,-99,0.000,none,0,0,none,0,0,0.166,0.254,none,0,0.42
2008,SC,3,C,5,-99,-99,19,-99,-99,2.276,0,-99,-99,0.000,none,0,0,none,0,0,2.560,0.028,none,0,0.284
2008,SC,4,A,1,-99,-99,0,-99,-99,0.000,1,-99,-99,0.347,none,0,0,none,0,0,4.669,0.435,none,0,5.104
2008,SC,4,A,2,-99,-99,0,-99,-99,0.000,2,-99,-99,0.309,none,0,0,none,0,0,3.498,1.154,none,0,4.652
2008,SC,4,A,3,-99,-99,0,-99,-99,0.000,0,-99,-99,0.000,none,0,0,none,0,0,0.566,0.529,none,0,1.095
2008,SC,4,A,4,-99,-99,0,-99,-99,0.000,2,-99,-99,0.462,none,0,0,none,0,0,0.748,0.332,none,0,1.08
2008,SC,4,A,5,-99,-99,4,-99,-99,0.575,3,-99,-99,0.267,none,0,0,none,0,0,1.860,1.141,none,0,3.001
2008,SC,5,C,1,-99,-99,15,-99,-99,1.456,3,-99,-99,0.269,none,0,0,none,0,0,0.722,2.299,ATPA4,0.045,3.066
2008,SC,5,C,2,-99,-99,28,-99,-99,2.713,0,-99,-99,0.000,none,0,0,none,0,0,0.007,0.759,none,0,0.766
2008,SC,5,C,3,-99,-99,9,-99,-99,1.157,0,-99,-99,0.000,none,0,0,none,0,0,0.000,0.247,none,0,0.247
2008,SC,5,C,4,-99,-99,19,-99,-99,2.409,0,-99,-99,0.000,none,0,0,none,0,0,0.342,1.684,none,0,2.026
2008,SC,5,C,5,-99,-99,3,-99,-99,0.637,0,-99,-99,0.000,none,0,0,none,0,0,2.093,1.659,none,0,3.752
2008,SC,6,E,1,-99,-99,0,-99,-99,0.000,2,-99,-99,0.284,none,0,0,none,0,0,1.333,0.899,none,0,2.232
2008,SC,6,E,2,-99,-99,1,-99,-99,0.209,0,-99,-99,0.000,none,0,0,none,0,0,1.302,0.867,none,0,2.169
2008,SC,6,E,3,-99,-99,0,-99,-99,0.000,1,-99,-99,0.057,none,0,0,none,0,0,1.662,0.124,none,0,1.786
2008,SC,6,E,4,-99,-99,0,-99,-99,0.000,2,-99,-99,0.179,none,0,0,none,0,0,0.194,1.110,none,0,1.304
2008,SC,6,E,5,-99,-99,0,-99,-99,0.000,0,-99,-99,0.000,none,0,0,none,0,0,1.520,0.198,none,0,1.718
2008,SC,7,C,1,-99,-99,0,-99,-99,0.000,9,-99,-99,1.132,none,0,0,none,0,0,0.107,0.397,UNK,1.519,2.023
2008,SC,7,C,2,-99,-99,0,-99,-99,0.000,4,-99,-99,1.533,ATPA4,1,0.028,POHY,1,0.054,0.271,0.538,none,0.000,0.809
2008,SC,7,C,3,-99,-99,2,-99,-99,0.405,3,-99,-99,0.454,ATPA4,1,0.018,none,0,0,0.142,0.499,none,0,0.641
2008,SC,7,C,4,-99,-99,1,-99,-99,0.053,4,-99,-99,0.224,none,0,0,none,0,0,1.099,0.530,none,0,1.629
2008,SC,7,C,5,-99,-99,1,-99,-99,0.081,1,-99,-99,0.316,none,0,0,none,0,0,0.590,0.657,none,0,1.247
2008,SC,8,A,1,-99,-99,0,-99,-99,0.000,3,-99,-99,0.583,none,0,0,none,0,0,0.879,1.375,none,0,2.254
2008,SC,8,A,2,-99,-99,3,-99,-99,0.478,1,-99,-99,0.139,none,0,0,none,0,0,0.691,1.810,none,0,2.501
2008,SC,8,A,3,-99,-99,1,-99,-99,0.366,1,-99,-99,0.081,none,0,0,none,0,0,6.169,1.984,SOSE,0.427,8.580
2008,SC,8,A,4,-99,-99,0,-99,-99,0.000,5,-99,-99,1.334,none,0,0,none,0,0,1.703,1.209,none,0,2.912
2008,SC,8,A,5,-99,-99,0,-99,-99,0.000,5,-99,-99,0.769,none,0,0,none,0,0,0.721,0.125,none,0,0.846
2008,SC,9,E,1,-99,-99,0,-99,-99,0.000,0,-99,-99,0.000,none,0,0,none,0,0,0.973,0.321,LYLI2,0.079,1.373
2008,SC,9,E,2,-99,-99,0,-99,-99,0.000,0,-99,-99,0.000,none,0,0,none,0,0,2.032,0.922,LYLI2,0.042,2.996
2008,SC,9,E,3,-99,-99,0,-99,-99,0.000,3,-99,-99,0.346,none,0,0,none,0,0,1.210,0.614,LYLI2,0.156,1.98
2008,SC,9,E,4,-99,-99,0,-99,-99,0.000,0,-99,-99,0.000,LYLI2,1,0.276,none,0,0,1.539,0.229,none,0,1.768
2008,SC,9,E,5,-99,-99,0,-99,-99,0.000,0,-99,-99,0.000,none,0,0,none,0,0,2.353,0.807,LYLI2,0.214,3.374
2008,SC,10,E,1,-99,-99,4,-99,-99,0.880,3,-99,-99,0.151,LYLI2,1,0.231,none,0,0,1.686,2.257,none,0,3.943
2008,SC,10,E,2,-99,-99,2,-99,-99,0.101,2,-99,-99,0.190,LYLI2,2,0.105,none,0,0,3.091,0.931,none,0,4.022
2008,SC,10,E,3,-99,-99,0,-99,-99,0.000,0,-99,-99,0.000,none,0,0.000,none,0,0,1.567,0.150,LYLI2,0.605,2.322
2008,SC,10,E,4,-99,-99,0,-99,-99,0.000,0,-99,-99,0.000,LYLI2,2,0.307,none,0,0,3.112,0.295,none,0,3.407
2008,SC,10,E,5,-99,-99,0,-99,-99,0.000,0,-99,-99,0.000,LYLI2,1,0.164,none,0,0,3.226,0.224,LYLI2,0.008,3.458
2008,SC,11,C,1,-99,-99,4,-99,-99,0.747,0,-99,-99,0.000,none,0,0,none,0,0,0.818,1.469,none,0,2.287
2008,SC,11,C,2,-99,-99,9,-99,-99,1.795,0,-99,-99,0.000,none,0,0,none,0,0,0.196,1.330,none,0,1.526
2008,SC,11,C,3,-99,-99,20,-99,-99,3.026,1,-99,-99,0.183,none,0,0,none,0,0,0.492,1.585,none,0,2.077
2008,SC,11,C,4,-99,-99,0,-99,-99,0.000,0,-99,-99,0.000,none,0,0,none,0,0,0.261,0.290,none,0,0.551
2008,SC,11,C,5,-99,-99,14,-99,-99,1.558,0,-99,-99,0.000,none,0,0,none,0,0,1.050,2.693,none,0,3.743
2008,SC,12,A,1,-99,-99,8,-99,-99,0.660,1,-99,-99,0.064,none,0,0,none,0,0,0.000,2.420,none,0,2.42
2008,SC,12,A,2,-99,-99,2,-99,-99,0.269,5,-99,-99,0.680,none,0,0,none,0,0,0.009,3.942,none,0,3.951
2008,SC,12,A,3,-99,-99,4,-99,-99,0.270,9,-99,-99,1.356,none,0,0,none,0,0,0.018,1.941,none,0,1.959
2008,SC,12,A,4,-99,-99,0,-99,-99,0.000,10,-99,-99,1.122,none,0,0,none,0,0,0.000,4.875,none,0,4.875
2008,SC,12,A,5,-99,-99,0,-99,-99,0.000,5,-99,-99,0.310,none,0,0,none,0,0,0.258,1.983,none,0,2.241
2008,SC,13,C,1,-99,-99,14,-99,-99,2.220,0,-99,-99,0.000,none,0,0,none,0,0,0.204,1.557,none,0,1.761
2008,SC,13,C,2,-99,-99,1,-99,-99,0.253,2,-99,-99,0.193,none,0,0,none,0,0,0.271,1.808,none,0,2.079
2008,SC,13,C,3,-99,-99,1,-99,-99,0.302,0,-99,-99,0.000,none,0,0,none,0,0,0.580,3.652,none,0,4.232
2008,SC,13,C,4,-99,-99,1,-99,-99,0.304,0,-99,-99,0.000,none,0,0,none,0,0,0.072,3.133,UNK,0.028,3.233
2008,SC,13,C,5,-99,-99,5,-99,-99,0.845,1,-99,-99,0.131,none,0,0,none,0,0,0.863,0.796,none,0,1.659
2008,SC,14,E,1,-99,-99,5,-99,-99,0.616,4,-99,-99,0.467,none,0,0,none,0,0,1.772,1.711,none,0,3.483
2008,SC,14,E,2,-99,-99,1,-99,-99,0.044,2,-99,-99,0.225,none,0,0,none,0,0,1.264,1.069,none,0,2.333
2008,SC,14,E,3,-99,-99,5,-99,-99,1.193,0,-99,-99,0.000,none,0,0,none,0,0,1.420,0.759,none,0,2.179
2008,SC,14,E,4,-99,-99,4,-99,-99,0.664,0,-99,-99,0.000,none,0,0,none,0,0,1.380,0.939,none,0,2.319
2008,SC,14,E,5,-99,-99,1,-99,-99,0.172,1,-99,-99,0.166,none,0,0,none,0,0,0.758,0.899,none,0,1.657
2008,SC,15,A,1,-99,-99,0,-99,-99,0.000,0,-99,-99,0.000,none,0,0,none,0,0,0.135,2.199,none,0,2.334
2008,SC,15,A,2,-99,-99,0,-99,-99,0.000,3,-99,-99,0.671,none,0,0,none,0,0,0.773,0.184,none,0,0.957
2008,SC,15,A,3,-99,-99,0,-99,-99,0.000,7,-99,-99,0.941,none,0,0,none,0,0,0.649,0.956,none,0,1.605
2008,SC,15,A,4,-99,-99,0,-99,-99,0.000,13,-99,-99,1.171,none,0,0,none,0,0,0.353,0.755,none,0,1.108
2008,SC,15,A,5,-99,-99,0,-99,-99,0.000,10,-99,-99,1.139,none,0,0,none,0,0,0.018,2.078,none,0,2.096
2008,SP,1,E,1,-99,-99,0,-99,-99,0.000,0,-99,-99,0.000,none,0,0,none,0,0,0.454,0.232,none,0,0.686
2008,SP,1,E,2,-99,-99,0,-99,-99,0.000,0,-99,-99,0.000,none,0,0,none,0,0,1.128,0.131,SOSE,0.516,1.775
2008,SP,1,E,3,-99,-99,1,-99,-99,0.052,0,-99,-99,0.000,none,0,0,none,0,0,1.171,0.018,none,0,1.189
2008,SP,1,E,4,-99,-99,0,-99,-99,0.000,0,-99,-99,0.000,none,0,0,none,0,0,0.474,0.023,SOSE,0.018,0.515
2008,SP,1,E,5,-99,-99,0,-99,-99,0.000,0,-99,-99,0.000,none,0,0,none,0,0,1.176,0.148,none,0,1.324
2008,SP,2,A,1,-99,-99,2,-99,-99,0.572,0,-99,-99,0.000,none,0,0,none,0,0,0.000,0.750,none,0,0.75
2008,SP,2,A,2,-99,-99,17,-99,-99,3.290,0,-99,-99,0.000,none,0,0,none,0,0,0.216,2.404,POHY,0.029,2.649
2008,SP,2,A,3,-99,-99,0,-99,-99,0.000,0,-99,-99,0.000,none,0,0,none,0,0,0.000,1.286,none,0,1.286
2008,SP,2,A,4,-99,-99,19,-99,-99,2.984,0,-99,-99,0.000,POHY,1,0.002,none,0,0,0.000,1.487,none,0,1.487
2008,SP,2,A,5,-99,-99,14,-99,-99,3.139,0,-99,-99,0.000,none,0,0,none,0,0,0.000,3.505,none,0,3.505
2008,SP,3,C,1,-99,-99,4,-99,-99,0.909,0,-99,-99,0.000,POHY,1,0.030,none,0,0,0.035,2.061,none,0,2.096
2008,SP,3,C,2,-99,-99,10,-99,-99,2.056,0,-99,-99,0.000,none,0,0,none,0,0,0.000,5.580,UNK,0.028,5.608
2008,SP,3,C,3,-99,-99,13,-99,-99,2.674,0,-99,-99,0.000,none,0,0,none,0,0,0.000,0.568,none,0,0.568
2008,SP,3,C,4,-99,-99,19,-99,-99,3.412,0,-99,-99,0.000,none,0,0,none,0,0,0.000,0.489,none,0,0.489
2008,SP,3,C,5,-99,-99,24,-99,-99,4.416,0,-99,-99,0.000,none,0,0,none,0,0,0.000,1.225,none,0,1.225
2008,SP,4,E,1,-99,-99,1,-99,-99,0.048,0,-99,-99,0.000,none,0,0,none,0,0,0.000,7.423,none,0,7.423
2008,SP,4,E,2,-99,-99,3,-99,-99,0.293,0,-99,-99,0.000,none,0,0,none,0,0,0.000,2.739,SOSE,0.048,2.835
2008,SP,4,E,3,-99,-99,0,-99,-99,0.000,0,-99,-99,0.000,none,0,0,none,0,0,0.047,0.980,none,0,1.027
2008,SP,4,E,4,-99,-99,4,-99,-99,0.685,0,-99,-99,0.000,POHY,1,0.007,none,0,0,0.000,0.311,none,0,0.311
2008,SP,4,E,5,-99,-99,8,-99,-99,1.944,0,-99,-99,0.000,none,0,0,none,0,0,0.000,7.811,none,0,7.811
2008,SP,5,A,1,-99,-99,11,-99,-99,2.272,0,-99,-99,0.000,none,0,0,none,0,0,0.000,3.776,none,0,3.776
2008,SP,5,A,2,-99,-99,2,-99,-99,0.442,0,-99,-99,0.000,none,0,0,none,0,0,0.000,2.284,none,0,2.284
2008,SP,5,A,3,-99,-99,6,-99,-99,1.299,0,-99,-99,0.000,none,0,0,none,0,0,0.000,2.538,SOSE,0.046,2.584
2008,SP,5,A,4,-99,-99,1,-99,-99,0.120,0,-99,-99,0.000,SOSE,1,0.035,none,0,0,0.000,1.740,SOSE,0.264,2.004
2008,SP,5,A,5,-99,-99,13,-99,-99,1.637,0,-99,-99,0.000,none,0,0,none,0,0,0.000,0.000,none,0,0.000
2008,SP,6,C,1,-99,-99,3,-99,-99,1.426,0,-99,-99,0.000,SOSE,1,0.041,none,0,0,0.468,0.935,none,0,1.403
2008,SP,6,C,2,-99,-99,5,-99,-99,0.890,0,-99,-99,0.000,SOSE,1,0.304,none,0,0,0.091,2.378,none,0,2.469
2008,SP,6,C,3,-99,-99,3,-99,-99,0.426,0,-99,-99,0.000,SOSE,1,0.036,none,0,0,0.044,1.820,TYLA,0.061,1.925
2008,SP,6,C,4,-99,-99,18,-99,-99,2.067,0,-99,-99,0.000,none,0,0.000,none,0,0,0.062,0.014,none,0,0.076
2008,SP,6,C,5,-99,-99,9,-99,-99,1.581,0,-99,-99,0.000,SOSE,1,0.146,none,0,0,0.000,0.139,TYLA,0.126,0.265
2008,SP,7,C,1,-99,-99,8,-99,-99,0.888,0,-99,-99,0.000,none,0,0,none,0,0,0.000,0.692,none,0,0.692
2008,SP,7,C,2,-99,-99,16,-99,-99,1.536,0,-99,-99,0.000,none,0,0,none,0,0,0.021,0.991,none,0,1.012
2008,SP,7,C,3,-99,-99,3,-99,-99,0.304,0,-99,-99,0.000,none,0,0,none,0,0,0.169,3.216,SOSE,0.85,4.235
2008,SP,7,C,4,-99,-99,11,-99,-99,1.169,0,-99,-99,0.000,none,0,0,none,0,0,0.030,0.652,SOSE,0.011,0.693
2008,SP,7,C,5,-99,-99,13,-99,-99,1.201,0,-99,-99,0.000,none,0,0,none,0,0,0.010,2.363,none,0,2.373
2008,SP,8,E,1,-99,-99,28,-99,-99,3.373,0,-99,-99,0.000,none,0,0,none,0,0,0.302,2.849,none,0,3.151
2008,SP,8,E,2,-99,-99,29,-99,-99,3.140,0,-99,-99,0.000,none,0,0,none,0,0,0.000,1.986,POHY,0.014,2.000
2008,SP,8,E,3,-99,-99,18,-99,-99,0.775,0,-99,-99,0.000,none,0,0,none,0,0,0.000,1.879,none,0,1.879
2008,SP,8,E,4,-99,-99,0,-99,-99,0.000,0,-99,-99,0.000,none,0,0,none,0,0,0.000,6.349,POHY,0.03,6.379
2008,SP,8,E,5,-99,-99,6,-99,-99,0.556,0,-99,-99,0.000,none,0,0,none,0,0,0.320,2.539,none,0,2.859
2008,SP,9,A,1,-99,-99,6,-99,-99,0.552,0,-99,-99,0.000,none,0,0,none,0,0,0.025,2.666,none,0,2.691
2008,SP,9,A,2,-99,-99,12,-99,-99,0.860,0,-99,-99,0.000,none,0,0,none,0,0,0.256,1.039,SOSE,0.015,1.31
2008,SP,9,A,3,-99,-99,10,-99,-99,1.197,0,-99,-99,0.000,none,0,0,none,0,0,0.025,2.390,none,0,2.415
2008,SP,9,A,4,-99,-99,8,-99,-99,1.182,0,-99,-99,0.000,none,0,0,none,0,0,0.000,1.472,none,0,1.472
2008,SP,9,A,5,-99,-99,6,-99,-99,0.794,0,-99,-99,0.000,none,0,0,none,0,0,0.025,0.274,none,0,0.299
2008,SP,10,E,1,-99,-99,31,-99,-99,2.504,0,-99,-99,0.000,none,0,0,none,0,0,0.000,3.141,none,0,3.141
2008,SP,10,E,2,-99,-99,7,-99,-99,0.943,0,-99,-99,0.000,none,0,0,none,0,0,0.000,3.820,none,0,3.82
2008,SP,10,E,3,-99,-99,11,-99,-99,1.562,0,-99,-99,0.000,none,0,0,none,0,0,0.000,1.806,none,0,1.806
2008,SP,10,E,4,-99,-99,2,-99,-99,0.412,0,-99,-99,0.000,none,0,0,none,0,0,0.000,1.373,none,0,1.373
2008,SP,10,E,5,-99,-99,6,-99,-99,0.477,0,-99,-99,0.000,none,0,0,none,0,0,0.000,0.727,none,0,0.727
2008,SP,11,A,1,-99,-99,8,-99,-99,0.875,3,-99,-99,0.173,POHY,1,0.007,none,0,0,0.000,2.689,none,0,2.689
2008,SP,11,A,2,-99,-99,6,-99,-99,0.726,4,-99,-99,0.139,none,0,0,none,0,0,0.000,0.432,none,0,0.432
2008,SP,11,A,3,-99,-99,8,-99,-99,0.786,2,-99,-99,0.476,none,0,0,none,0,0,0.000,2.767,none,0,2.767
2008,SP,11,A,4,-99,-99,3,-99,-99,0.245,4,-99,-99,0.421,none,0,0,none,0,0,0.000,2.502,none,0,2.502
2008,SP,11,A,5,-99,-99,6,-99,-99,0.967,6,-99,-99,0.702,none,0,0,none,0,0,0.000,1.887,none,0,1.887
2008,SP,12,C,1,-99,-99,11,-99,-99,1.408,0,-99,-99,0.000,none,0,0,none,0,0,0.044,0.530,none,0,0.574
2008,SP,12,C,2,-99,-99,18,-99,-99,1.581,0,-99,-99,0.000,none,0,0,none,0,0,0.000,3.753,none,0,3.753
2008,SP,12,C,3,-99,-99,5,-99,-99,0.845,0,-99,-99,0.000,none,0,0,none,0,0,0.093,2.419,none,0,2.512
2008,SP,12,C,4,-99,-99,7,-99,-99,0.590,0,-99,-99,0.000,none,0,0,none,0,0,0.000,0.085,none,0,0.085
2008,SP,12,C,5,-99,-99,4,-99,-99,0.461,0,-99,-99,0.000,none,0,0,none,0,0,0.000,1.025,none,0,1.025
2008,SP,13,A,1,-99,-99,15,-99,-99,1.612,0,-99,-99,0.000,none,0,0,none,0,0,0.000,1.531,none,0,1.531
2008,SP,13,A,2,-99,-99,8,-99,-99,1.037,0,-99,-99,0.000,none,0,0,none,0,0,0.000,0.827,none,0,0.827
2008,SP,13,A,3,-99,-99,13,-99,-99,1.310,0,-99,-99,0.000,none,0,0,none,0,0,0.000,0.967,none,0,0.967
2008,SP,13,A,4,-99,-99,14,-99,-99,1.851,0,-99,-99,0.000,none,0,0,none,0,0,0.000,2.627,none,0,2.627
2008,SP,13,A,5,-99,-99,13,-99,-99,1.458,0,-99,-99,0.000,none,0,0,none,0,0,0.062,1.540,none,0,1.602
2008,SP,14,E,1,-99,-99,10,-99,-99,0.834,0,-99,-99,0.000,POHY,4,0.127,none,0,0,0.000,1.490,none,0,1.49
2008,SP,14,E,2,-99,-99,1,-99,-99,0.273,0,-99,-99,0.000,POHY,1,0.014,none,0,0,0.000,0.319,TYLA,0.011,0.33
2008,SP,14,E,3,-99,-99,3,-99,-99,0.384,0,-99,-99,0.000,TYLA,3,2.396,none,0,0,0.000,0.061,TYLA,0.122,0.183
2008,SP,14,E,4,-99,-99,9,-99,-99,0.943,0,-99,-99,0.000,POHY,2,0.028,TYLA,1,0.145,0.000,0.176,TYLA,0.102,0.278
2008,SP,14,E,5,-99,-99,6,-99,-99,0.923,0,-99,-99,0.000,POHY,1,0.014,none,0,0,0.000,0.481,TYLA,0.035,0.516
2008,SP,15,C,1,-99,-99,6,-99,-99,0.779,0,-99,-99,0.000,none,0,0,none,0,0,0.568,2.624,none,0,3.192
2008,SP,15,C,2,-99,-99,4,-99,-99,1.298,0,-99,-99,0.000,none,0,0,none,0,0,0.308,0.938,none,0,1.246
2008,SP,15,C,3,-99,-99,7,-99,-99,1.340,0,-99,-99,0.000,TYLA,2,1.416,none,0,0,1.380,0.826,none,0,2.206
2008,SP,15,C,4,-99,-99,1,-99,-99,0.143,0,-99,-99,0.000,none,0,0,none,0,0,0.378,0.203,none,0,0.581
2008,SP,15,C,5,-99,-99,17,-99,-99,1.398,0,-99,-99,0.000,none,0,0,none,0,0,0.436,2.878,none,0,3.314
2009,MX,1,E,1,-99,-99,9,-99,-99,1.209,1,-99,-99,0.076,POHY,4,0.044,none,0,0,0.095,0.345,none,0,0.44
2009,MX,1,E,2,-99,-99,0,-99,-99,0.000,1,-99,-99,0.103,none,0,0,none,0,0,0.395,0.706,none,0,1.101
2009,MX,1,E,3,-99,-99,1,-99,-99,0.367,3,-99,-99,0.343,none,0,0,none,0,0,2.828,0.999,none,0,3.827
2009,MX,1,E,4,-99,-99,2,-99,-99,0.218,3,-99,-99,0.491,none,0,0,none,0,0,0.681,0.851,none,0,1.532
2009,MX,1,E,5,-99,-99,7,-99,-99,1.633,2,-99,-99,0.329,none,0,0,none,0,0,0.284,1.646,none,0,1.93
2009,MX,2,A,1,-99,-99,3,-99,-99,0.396,1,-99,-99,0.033,none,0,0,none,0,0,0.216,1.918,none,0,2.134
2009,MX,2,A,2,-99,-99,11,-99,-99,1.251,2,-99,-99,0.221,none,0,0,none,0,0,0.343,1.742,none,0,2.085
2009,MX,2,A,3,-99,-99,2,-99,-99,0.318,1,-99,-99,0.338,none,0,0,none,0,0,0.486,2.943,none,0,3.429
2009,MX,2,A,4,-99,-99,2,-99,-99,0.162,3,-99,-99,0.525,none,0,0,none,0,0,1.075,1.888,none,0,2.963
2009,MX,2,A,5,-99,-99,4,-99,-99,0.826,4,-99,-99,1.013,none,0,0,none,0,0,0.105,2.212,none,0,2.317
2009,MX,3,C,1,-99,-99,10,-99,-99,1.448,2,-99,-99,0.209,ATPA4,1,0.062,none,0,0,0.037,1.523,none,0,1.56
2009,MX,3,C,2,-99,-99,7,-99,-99,0.777,2,-99,-99,0.286,none,0,0,none,0,0,0.203,0.358,none,0,0.561
2009,MX,3,C,3,-99,-99,10,-99,-99,1.446,10,-99,-99,1.937,none,0,0,none,0,0,0.173,0.887,none,0,1.06
2009,MX,3,C,4,-99,-99,6,-99,-99,1.023,0,-99,-99,0.000,none,0,0,none,0,0,0.564,1.623,none,0,2.187
2009,MX,3,C,5,-99,-99,1,-99,-99,0.040,5,-99,-99,0.324,ATPA4,1,0.021,none,0,0,0.105,1.549,none,0,1.654
2009,MX,4,E,1,-99,-99,1,-99,-99,0.199,0,-99,-99,0.000,none,0,0,none,0,0,0.431,1.589,none,0,2.02
2009,MX,4,E,2,-99,-99,0,-99,-99,0.000,0,-99,-99,0.000,none,0,0,none,0,0,1.030,0.450,none,0,1.48
2009,MX,4,E,3,-99,-99,0,-99,-99,0.000,0,-99,-99,0.000,none,0,0,none,0,0,1.125,0.561,none,0,1.686
2009,MX,4,E,4,-99,-99,2,-99,-99,0.099,5,-99,-99,1.016,none,0,0,none,0,0,0.879,0.390,none,0,1.269
2009,MX,4,E,5,-99,-99,0,-99,-99,0.000,1,-99,-99,0.192,none,0,0,none,0,0,1.022,0.430,none,0,1.452
2009,MX,5,C,1,-99,-99,7,-99,-99,0.794,1,-99,-99,0.117,none,0,0,none,0,0,0.195,0.688,none,0,0.883
2009,MX,5,C,2,-99,-99,5,-99,-99,0.961,6,-99,-99,0.659,none,0,0,none,0,0,0.236,0.413,none,0,0.649
2009,MX,5,C,3,-99,-99,1,-99,-99,0.112,3,-99,-99,0.789,none,0,0,none,0,0,0.725,2.066,none,0,2.791
2009,MX,5,C,4,-99,-99,6,-99,-99,1.063,3,-99,-99,0.425,none,0,0,none,0,0,0.504,0.630,none,0,1.134
2009,MX,5,C,5,-99,-99,11,-99,-99,1.877,2,-99,-99,0.378,none,0,0,none,0,0,0.591,2.100,none,0,2.691
2009,MX,6,A,1,-99,-99,9,-99,-99,1.685,0,-99,-99,0.000,none,0,0,none,0,0,0.592,5.533,none,0,6.125
2009,MX,6,A,2,-99,-99,9,-99,-99,0.845,5,-99,-99,0.816,none,0,0,none,0,0,0.170,0.495,none,0,0.665
2009,MX,6,A,3,-99,-99,3,-99,-99,0.549,1,-99,-99,0.121,none,0,0,none,0,0,0.144,1.076,none,0,1.22
2009,MX,6,A,4,-99,-99,4,-99,-99,0.928,8,-99,-99,1.752,none,0,0,none,0,0,0.658,2.302,none,0,2.96
2009,MX,6,A,5,-99,-99,6,-99,-99,1.044,1,-99,-99,0.230,none,0,0,none,0,0,0.112,0.155,none,0,0.267
2009,MX,7,C,1,-99,-99,3,-99,-99,0.264,4,-99,-99,0.693,none,0,0,none,0,0,0.331,1.470,none,0,1.801
2009,MX,7,C,2,-99,-99,4,-99,-99,0.240,6,-99,-99,1.154,none,0,0,none,0,0,1.162,1.359,none,0,2.521
2009,MX,7,C,3,-99,-99,15,-99,-99,0.897,1,-99,-99,0.061,none,0,0,none,0,0,0.101,0.426,none,0,0.527
2009,MX,7,C,4,-99,-99,3,-99,-99,0.537,0,-99,-99,0.000,none,0,0,none,0,0,0.229,1.404,none,0,1.633
2009,MX,7,C,5,-99,-99,7,-99,-99,1.070,5,-99,-99,0.708,none,0,0,none,0,0,0.008,1.623,none,0,1.631
2009,MX,8,E,1,-99,-99,6,-99,-99,0.851,2,-99,-99,0.374,none,0,0,none,0,0,0.006,0.839,none,0,0.845
2009,MX,8,E,2,-99,-99,12,-99,-99,1.494,0,-99,-99,0.000,none,0,0,none,0,0,0.738,0.697,none,0,1.435
2009,MX,8,E,3,-99,-99,1,-99,-99,0.317,3,-99,-99,0.094,none,0,0,none,0,0,0.147,1.384,none,0,1.531
2009,MX,8,E,4,-99,-99,12,-99,-99,1.974,0,-99,-99,0.000,none,0,0,none,0,0,0.089,1.246,none,0,1.335
2009,MX,8,E,5,-99,-99,5,-99,-99,0.700,4,-99,-99,0.645,none,0,0,none,0,0,0.036,0.667,none,0,0.703
2009,MX,9,A,1,-99,-99,4,-99,-99,0.394,0,-99,-99,0.000,none,0,0,none,0,0,0.151,1.427,none,0,1.578
2009,MX,9,A,2,-99,-99,5,-99,-99,0.661,2,-99,-99,0.385,none,0,0,none,0,0,0.000,2.372,none,0,2.372
2009,MX,9,A,3,-99,-99,2,-99,-99,0.197,2,-99,-99,0.367,none,0,0,none,0,0,0.374,0.929,none,0,1.303
2009,MX,9,A,4,-99,-99,2,-99,-99,0.055,4,-99,-99,0.194,none,0,0,none,0,0,0.486,5.049,none,0,5.535
2009,MX,9,A,5,-99,-99,7,-99,-99,0.893,3,-99,-99,0.378,none,0,0,none,0,0,0.232,1.483,none,0,1.715
2009,MX,10,C,1,-99,-99,5,-99,-99,0.680,3,-99,-99,0.054,none,0,0,none,0,0,0.668,1.072,none,0,1.74
2009,MX,10,C,2,-99,-99,5,-99,-99,0.437,7,-99,-99,1.393,none,0,0,none,0,0,0.284,0.456,none,0,0.74
2009,MX,10,C,3,-99,-99,2,-99,-99,0.238,2,-99,-99,0.174,none,0,0,none,0,0,0.395,1.050,none,0,1.445
2009,MX,10,C,4,-99,-99,3,-99,-99,0.383,8,-99,-99,1.244,none,0,0,none,0,0,0.239,0.653,none,0,0.892
2009,MX,10,C,5,-99,-99,2,-99,-99,0.539,4,-99,-99,0.498,none,0,0,none,0,0,1.168,0.913,none,0,2.081
2009,MX,11,E,1,-99,-99,2,-99,-99,0.204,4,-99,-99,0.825,none,0,0,none,0,0,0.414,1.572,none,0,1.986
2009,MX,11,E,2,-99,-99,2,-99,-99,0.356,6,-99,-99,1.021,none,0,0,none,0,0,0.400,1.112,none,0,1.512
2009,MX,11,E,3,-99,-99,4,-99,-99,0.437,2,-99,-99,0.331,none,0,0,none,0,0,0.283,1.288,none,0,1.571
2009,MX,11,E,4,-99,-99,1,-99,-99,0.231,4,-99,-99,0.455,none,0,0,none,0,0,0.180,0.332,none,0,0.512
2009,MX,11,E,5,-99,-99,3,-99,-99,0.422,5,-99,-99,0.442,none,0,0,none,0,0,0.521,0.806,none,0,1.327
2009,MX,12,A,1,-99,-99,0,-99,-99,0.000,6,-99,-99,1.093,none,0,0,none,0,0,0.631,1.199,none,0,1.83
2009,MX,12,A,2,-99,-99,1,-99,-99,0.034,4,-99,-99,0.461,none,0,0,none,0,0,0.314,1.139,none,0,1.453
2009,MX,12,A,3,-99,-99,2,-99,-99,0.452,9,-99,-99,1.370,none,0,0,none,0,0,0.342,1.121,none,0,1.463
2009,MX,12,A,4,-99,-99,0,-99,-99,0.000,11,-99,-99,0.982,none,0,0,none,0,0,0.705,2.460,none,0,3.165
2009,MX,12,A,5,-99,-99,1,-99,-99,0.083,6,-99,-99,0.898,none,0,0,none,0,0,0.411,2.199,none,0,2.61
2009,MX,13,E,1,-99,-99,0,-99,-99,0.000,1,-99,-99,0.308,none,0,0,none,0,0,0.492,4.072,none,0,4.554
2009,MX,13,E,2,-99,-99,0,-99,-99,0.000,0,-99,-99,0.000,POHY,1,0.019,none,0,0,2.063,2.200,none,0,4.263
2009,MX,13,E,3,-99,-99,0,-99,-99,0.000,3,-99,-99,0.661,none,0,0,none,0,0,0.725,1.309,none,0,2.034
2009,MX,13,E,4,-99,-99,0,-99,-99,0.000,3,-99,-99,1.073,none,0,0,none,0,0,1.584,4.746,none,0,6.33
2009,MX,13,E,5,-99,-99,0,-99,-99,0.000,0,-99,-99,0.000,none,0,0,none,0,0,0.543,1.175,none,0,1.718
2009,MX,14,C,1,-99,-99,9,-99,-99,1.401,4,-99,-99,0.691,none,0,0,none,0,0,0.703,1.486,none,0,2.189
2009,MX,14,C,2,-99,-99,1,-99,-99,0.219,4,-99,-99,0.782,none,0,0,none,0,0,0.317,1.520,none,0,1.837
2009,MX,14,C,3,-99,-99,2,-99,-99,0.273,6,-99,-99,1.179,none,0,0,none,0,0,0.593,2.507,none,0,3.1
2009,MX,14,C,4,-99,-99,0,-99,-99,0.000,2,-99,-99,0.176,none,0,0,none,0,0,0.131,1.820,none,0,1.951
2009,MX,14,C,5,-99,-99,13,-99,-99,1.627,0,-99,-99,0.000,none,0,0,none,0,0,0.136,1.065,none,0,1.201
2009,MX,15,A,1,-99,-99,0,-99,-99,0.000,4,-99,-99,0.691,none,0,0,none,0,0,0.202,5.052,none,0,5.254
2009,MX,15,A,2,-99,-99,2,-99,-99,0.419,9,-99,-99,2.465,none,0,0,none,0,0,0.039,1.281,none,0,1.32
2009,MX,15,A,3,-99,-99,0,-99,-99,0.000,0,-99,-99,0.000,none,0,0,none,0,0,0.171,0.734,none,0,0.905
2009,MX,15,A,4,-99,-99,1,-99,-99,0.457,0,-99,-99,0.000,none,0,0,none,0,0,0.142,3.826,none,0,3.968
2009,MX,15,A,5,-99,-99,0,-99,-99,0.000,0,-99,-99,0.000,none,0,0,none,0,0,0.104,0.620,none,0,0.724
2009,SC,1,E,1,-99,-99,2,-99,-99,0.246,2,-99,-99,0.056,POHY,1,0.009,none,0,0,1.280,0.318,none,0,1.598
2009,SC,1,E,2,-99,-99,0,-99,-99,0.000,2,-99,-99,0.358,none,0,0,none,0,0,0.689,0.907,none,0,1.596
2009,SC,1,E,3,-99,-99,2,-99,-99,0.428,2,-99,-99,0.444,none,0,0,none,0,0,2.460,0.263,none,0,2.723
2009,SC,1,E,4,-99,-99,0,-99,-99,0.000,3,-99,-99,0.376,none,0,0,none,0,0,4.835,0.751,none,0,5.098
2009,SC,1,E,5,-99,-99,3,-99,-99,0.539,2,-99,-99,0.529,none,0,0,none,0,0,2.116,1.323,none,0,2.867
2009,SC,2,A,1,-99,-99,1,-99,-99,0.400,0,-99,-99,0.000,none,0,0,none,0,0,1.151,0.013,none,0,1.164
2009,SC,2,A,2,-99,-99,0,-99,-99,0.000,0,-99,-99,0.000,none,0,0,none,0,0,5.402,0.194,none,0,5.596
2009,SC,2,A,3,-99,-99,0,-99,-99,0.000,0,-99,-99,0.000,none,0,0,none,0,0,2.877,0.334,none,0,3.211
2009,SC,2,A,4,-99,-99,0,-99,-99,0.000,0,-99,-99,0.000,none,0,0,none,0,0,2.285,0.031,none,0,2.316
2009,SC,2,A,5,-99,-99,0,-99,-99,0.000,0,-99,-99,0.000,ATPA4,2,0.087,none,0,0,1.272,0.240,none,0,1.512
2009,SC,3,C,1,-99,-99,13,-99,-99,2.355,0,-99,-99,0.000,none,0,0,none,0,0,1.246,1.443,none,0,2.689
2009,SC,3,C,2,-99,-99,12,-99,-99,2.292,0,-99,-99,0.000,none,0,0,none,0,0,0.530,1.297,none,0,1.827
2009,SC,3,C,3,-99,-99,7,-99,-99,1.747,0,-99,-99,0.000,none,0,0,none,0,0,0.273,0.798,none,0,1.071
2009,SC,3,C,4,-99,-99,3,-99,-99,0.426,0,-99,-99,0.000,none,0,0,none,0,0,1.337,0.432,none,0,1.769
2009,SC,3,C,5,-99,-99,5,-99,-99,0.975,0,-99,-99,0.000,none,0,0,none,0,0,0.484,2.579,none,0,3.063
2009,SC,4,A,1,-99,-99,0,-99,-99,0.000,2,-99,-99,0.474,none,0,0,none,0,0,6.619,0.727,none,0,7.346
2009,SC,4,A,2,-99,-99,0,-99,-99,0.000,2,-99,-99,0.297,none,0,0,none,0,0,5.454,1.532,none,0,6.986
2009,SC,4,A,3,-99,-99,0,-99,-99,0.000,5,-99,-99,0.995,none,0,0,none,0,0,2.087,1.223,none,0,3.31
2009,SC,4,A,4,-99,-99,1,-99,-99,0.099,0,-99,-99,0.000,none,0,0,none,0,0,1.985,0.293,none,0,2.278
2009,SC,4,A,5,-99,-99,1,-99,-99,0.306,1,-99,-99,0.065,none,0,0,none,0,0,1.381,0.461,none,0,1.842
2009,SC,5,C,1,-99,-99,7,-99,-99,0.840,1,-99,-99,0.376,none,0,0,none,0,0,0.202,1.886,none,0,2.088
2009,SC,5,C,2,-99,-99,18,-99,-99,2.381,0,-99,-99,0.000,none,0,0,none,0,0,0.572,1.820,none,0,2.392
2009,SC,5,C,3,-99,-99,13,-99,-99,1.631,0,-99,-99,0.000,none,0,0,none,0,0,1.104,1.330,none,0,2.434
2009,SC,5,C,4,-99,-99,7,-99,-99,1.103,0,-99,-99,0.000,none,0,0,none,0,0,0.384,2.361,none,0,2.745
2009,SC,5,C,5,-99,-99,18,-99,-99,2.840,0,-99,-99,0.000,none,0,0,none,0,0,0.779,2.160,none,0,2.939
2009,SC,6,E,1,-99,-99,0,-99,-99,0.000,1,-99,-99,0.029,none,0,0,none,0,0,2.835,0.374,none,0,3.209
2009,SC,6,E,2,-99,-99,0,-99,-99,0.000,2,-99,-99,0.272,none,0,0,none,0,0,1.060,1.018,none,0,2.078
2009,SC,6,E,3,-99,-99,0,-99,-99,0.000,1,-99,-99,0.318,none,0,0,none,0,0,1.497,0.451,none,0,1.948
2009,SC,6,E,4,-99,-99,0,-99,-99,0.000,1,-99,-99,0.395,none,0,0,none,0,0,2.392,0.274,none,0,2.666
2009,SC,6,E,5,-99,-99,0,-99,-99,0.000,1,-99,-99,0.372,none,0,0,none,0,0,2.041,1.356,none,0,3.397
2009,SC,7,C,1,-99,-99,0,-99,-99,0.000,0,-99,-99,0.000,KOVI,1,0.040,none,0,0,0.674,0.721,none,0,1.395
2009,SC,7,C,2,-99,-99,1,-99,-99,0.059,4,-99,-99,0.944,none,0,0,none,0,0,1.651,0.393,none,0,2.044
2009,SC,7,C,3,-99,-99,0,-99,-99,0.000,8,-99,-99,1.564,none,0,0,none,0,0,2.751,0.757,none,0,3.508
2009,SC,7,C,4,-99,-99,0,-99,-99,0.000,2,-99,-99,0.280,none,0,0,none,0,0,1.326,0.771,none,0,2.097
2009,SC,7,C,5,-99,-99,0,-99,-99,0.000,5,-99,-99,1.302,none,0,0,none,0,0,0.291,0.343,none,0,0.634
2009,SC,8,A,1,-99,-99,3,-99,-99,0.522,2,-99,-99,0.339,none,0,0,none,0,0,2.287,1.789,none,0,4.076
2009,SC,8,A,2,-99,-99,1,-99,-99,0.182,3,-99,-99,0.283,none,0,0,none,0,0,0.295,0.014,none,0,0.309
2009,SC,8,A,3,-99,-99,0,-99,-99,0.000,5,-99,-99,0.555,none,0,0,none,0,0,0.403,1.613,none,0,2.016
2009,SC,8,A,4,-99,-99,0,-99,-99,0.000,2,-99,-99,0.579,none,0,0,none,0,0,0.000,0.153,none,0,0.153
2009,SC,8,A,5,-99,-99,1,-99,-99,0.209,3,-99,-99,0.435,none,0,0,none,0,0,2.229,1.007,none,0,3.236
2009,SC,9,E,1,-99,-99,0,-99,-99,0.000,0,-99,-99,0.000,none,0,0,none,0,0,2.000,0.829,none,0,2.829
2009,SC,9,E,2,-99,-99,1,-99,-99,0.013,1,-99,-99,0.161,LYLI2,1,0.003,none,0,0,3.626,0.641,none,0,4.267
2009,SC,9,E,3,-99,-99,0,-99,-99,0.000,0,-99,-99,0.000,LYLI2,3,-99,none,0,0,0.691,0.542,none,0,1.233
2009,SC,9,E,4,-99,-99,0,-99,-99,0.000,0,-99,-99,0.000,LYLI2,3,1.376,none,0,0,2.347,0.296,none,0,2.643
2009,SC,9,E,5,-99,-99,2,-99,-99,0.042,1,-99,-99,0.213,LYLI2,1,0.168,none,0,0,0.685,0.454,none,0,1.139
2009,SC,10,E,1,-99,-99,0,-99,-99,0.000,0,-99,-99,0.000,none,0,0,none,0,0,2.062,0.422,none,0,2.484
2009,SC,10,E,2,-99,-99,0,-99,-99,0.000,2,-99,-99,0.059,none,0,0,none,0,0,0.977,0.602,none,0,1.579
2009,SC,10,E,3,-99,-99,0,-99,-99,0.000,1,-99,-99,0.143,LYLI2,1,0.156,none,0,0,0.854,0.268,none,0,1.122
2009,SC,10,E,4,-99,-99,0,-99,-99,0.000,0,-99,-99,0.000,LYLI2,1,0.229,none,0,0,1.506,0.137,LYLI2,0.448,2.091
2009,SC,10,E,5,-99,-99,2,-99,-99,0.069,0,-99,-99,0.000,none,0,0,none,0,0,0.000,0.000,none,0,0
2009,SC,11,C,1,-99,-99,3,-99,-99,0.344,1,-99,-99,0.051,none,0,0,none,0,0,1.543,0.307,none,0,1.85
2009,SC,11,C,2,-99,-99,10,-99,-99,1.806,4,-99,-99,0.073,none,0,0,none,0,0,0.410,0.483,none,0,0.893
2009,SC,11,C,3,-99,-99,0,-99,-99,0.000,0,-99,-99,0.000,none,0,0,none,0,0,0.843,0.895,none,0,1.738
2009,SC,11,C,4,-99,-99,1,-99,-99,0.146,0,-99,-99,0.000,none,0,0,none,0,0,0.622,1.060,none,0,1.682
2009,SC,11,C,5,-99,-99,9,-99,-99,1.010,1,-99,-99,0.190,none,0,0,none,0,0,1.804,0.623,none,0,2.427
2009,SC,12,A,1,-99,-99,4,-99,-99,0.753,0,-99,-99,0.000,none,0,0,none,0,0,0.046,3.594,none,0,3.64
2009,SC,12,A,2,-99,-99,25,-99,-99,3.159,4,-99,-99,0.310,none,0,0,none,0,0,0.027,7.028,none,0,7.055
2009,SC,12,A,3,-99,-99,1,-99,-99,0.005,14,-99,-99,1.103,none,0,0,none,0,0,0.000,3.224,none,0,3.224
2009,SC,12,A,4,-99,-99,0,-99,-99,0.000,6,-99,-99,0.473,none,0,0,none,0,0,0.000,3.028,none,0,3.028
2009,SC,12,A,5,-99,-99,3,-99,-99,0.446,7,-99,-99,0.474,none,0,0,none,0,0,0.087,1.913,none,0,2
2009,SC,13,C,1,-99,-99,0,-99,-99,0.000,1,-99,-99,0.250,none,0,0,none,0,0,0.201,0.160,none,0,0.361
2009,SC,13,C,2,-99,-99,9,-99,-99,1.200,0,-99,-99,0.000,none,0,0,none,0,0,0.000,0.463,none,0,0.463
2009,SC,13,C,3,-99,-99,6,-99,-99,1.331,0,-99,-99,0.000,none,0,0,none,0,0,0.663,0.455,none,0,1.118
2009,SC,13,C,4,-99,-99,5,-99,-99,1.107,0,-99,-99,0.000,none,0,0,none,0,0,1.393,1.464,none,0,2.857
2009,SC,13,C,5,-99,-99,11,-99,-99,2.237,1,-99,-99,0.127,none,0,0,none,0,0,0.267,0.296,none,0,0.563
2009,SC,14,E,1,-99,-99,0,-99,-99,0.000,1,-99,-99,0.024,none,0,0,none,0,0,1.369,2.184,none,0,3.553
2009,SC,14,E,2,-99,-99,3,-99,-99,0.456,3,-99,-99,0.474,none,0,0,none,0,0,2.346,1.882,none,0,4.228
2009,SC,14,E,3,-99,-99,1,-99,-99,0.193,2,-99,-99,0.282,none,0,0,none,0,0,0.639,1.072,none,0,1.711
2009,SC,14,E,4,-99,-99,3,-99,-99,0.470,1,-99,-99,0.239,none,0,0,none,0,0,0.828,1.757,none,0,2.585
2009,SC,14,E,5,-99,-99,1,-99,-99,0.205,1,-99,-99,0.074,none,0,0,none,0,0,2.374,0.916,none,0,3.29
2009,SC,15,A,1,-99,-99,0,-99,-99,0.000,1,-99,-99,0.102,none,0,0,none,0,0,0.358,0.805,none,0,1.163
2009,SC,15,A,2,-99,-99,0,-99,-99,0.000,14,-99,-99,1.527,none,0,0,none,0,0,0.419,0.538,none,0,0.957
2009,SC,15,A,3,-99,-99,0,-99,-99,0.000,13,-99,-99,2.557,none,0,0,none,0,0,0.190,0.587,none,0,0.777
2009,SC,15,A,4,-99,-99,0,-99,-99,0.000,7,-99,-99,0.758,none,0,0,none,0,0,0.243,0.491,none,0,0.734
2009,SC,15,A,5,-99,-99,0,-99,-99,0.000,14,-99,-99,1.643,none,0,0,none,0,0,0.588,0.801,none,0,1.389
2009,SP,1,E,1,-99,-99,0,-99,-99,0.000,0,-99,-99,0.000,none,0,0,none,0,0,0.812,0.092,none,0,0.904
2009,SP,1,E,2,-99,-99,0,-99,-99,0.000,0,-99,-99,0.000,none,0,0,none,0,0,0.756,0.079,none,0,0.835
2009,SP,1,E,3,-99,-99,2,-99,-99,0.410,0,-99,-99,0.000,none,0,0,none,0,0,0.819,0.183,none,0,1.002
2009,SP,1,E,4,-99,-99,0,-99,-99,0.000,0,-99,-99,0.000,none,0,0,none,0,0,1.883,0.221,none,0,2.104
2009,SP,1,E,5,-99,-99,0,-99,-99,0.000,0,-99,-99,0.000,none,0,0,none,0,0,1.335,0.104,none,0,1.439
2009,SP,2,A,1,-99,-99,5,-99,-99,1.008,0,-99,-99,0.000,none,0,0,none,0,0,0.000,0.369,none,0,0.369
2009,SP,2,A,2,-99,-99,4,-99,-99,0.486,1,-99,-99,0.560,SOSE,1,0.077,none,0,0,0.014,0.968,none,0,0.982
2009,SP,2,A,3,-99,-99,5,-99,-99,0.252,0,-99,-99,0.000,none,0,0.000,none,0,0,0.000,2.619,none,0,2.619
2009,SP,2,A,4,-99,-99,13,-99,-99,1.473,1,-99,-99,0.036,POHY,3,0.074,none,0,0,0.000,0.489,none,0,0.489
2009,SP,2,A,5,-99,-99,8,-99,-99,1.364,0,-99,-99,0.000,none,0,0,none,0,0,0.010,0.354,none,0,0.364
2009,SP,3,C,1,-99,-99,8,-99,-99,1.335,0,-99,-99,0.000,none,0,0,none,0,0,0.000,1.713,none,0,1.713
2009,SP,3,C,2,-99,-99,3,-99,-99,0.566,0,-99,-99,0.000,none,0,0,none,0,0,0.000,0.992,none,0,0.992
2009,SP,3,C,3,-99,-99,3,-99,-99,0.837,0,-99,-99,0.000,none,0,0,none,0,0,0.000,4.127,none,0,4.127
2009,SP,3,C,4,-99,-99,6,-99,-99,1.133,0,-99,-99,0.000,none,0,0,none,0,0,0.000,1.447,none,0,1.447
2009,SP,3,C,5,-99,-99,2,-99,-99,0.166,0,-99,-99,0.000,none,0,0,none,0,0,0.005,3.644,none,0,3.649
2009,SP,4,E,1,-99,-99,13,-99,-99,2.046,0,-99,-99,0.000, ,0,0,none,0,0,0.000,0.567,none,0,0.567
2009,SP,4,E,2,-99,-99,8,-99,-99,1.488,0,-99,-99,0.000,none,0,0,none,0,0,0.000,3.217,none,0,3.217
2009,SP,4,E,3,-99,-99,1,-99,-99,0.106,0,-99,-99,0.000,POHY,2,0.209,none,0,0,0.000,1.192,none,0,1.192
2009,SP,4,E,4,-99,-99,3,-99,-99,1.160,0,-99,-99,0.000,none,0,0,none,0,0,0.000,2.556,none,0,2.556
2009,SP,4,E,5,-99,-99,9,-99,-99,0.800,0,-99,-99,0.000,none,0,0,none,0,0,0.000,1.593,none,0,1.593
2009,SP,5,A,1,-99,-99,5,-99,-99,0.630,0,-99,-99,0.000,none,0,0,none,0,0,0.000,5.033,none,0,5.033
2009,SP,5,A,2,-99,-99,12,-99,-99,2.145,0,-99,-99,0.000,none,0,0,none,0,0,0.000,3.729,none,0,3.729
2009,SP,5,A,3,-99,-99,4,-99,-99,1.120,0,-99,-99,0.000,none,0,0,none,0,0,0.000,1.582,none,0,1.582
2009,SP,5,A,4,-99,-99,13,-99,-99,2.384,0,-99,-99,0.000,POHY,1,0.012,none,0,0,0.044,1.746,none,0,1.79
2009,SP,5,A,5,-99,-99,3,-99,-99,0.381,0,-99,-99,0.000,none,0,0,none,0,0,0.000,3.521,none,0,3.521
2009,SP,6,C,1,-99,-99,7,-99,-99,1.019,2,-99,-99,0.953,none,0,0,none,0,0,0.000,0.851,none,0,0.851
2009,SP,6,C,2,-99,-99,3,-99,-99,0.405,0,-99,-99,0.000,none,0,0,none,0,0,0.000,1.481,none,0,1.481
2009,SP,6,C,3,-99,-99,4,-99,-99,0.346,1,-99,-99,0.311,none,0,0,none,0,0,0.000,1.151,none,0,1.151
2009,SP,6,C,4,-99,-99,5,-99,-99,1.090,0,-99,-99,0.000,none,0,0,none,0,0,0.000,1.234,none,0,1.234
2009,SP,6,C,5,-99,-99,5,-99,-99,0.507,1,-99,-99,0.235,none,0,0,none,0,0,0.188,0.860,none,0,1.048
2009,SP,7,C,1,-99,-99,7,-99,-99,1.172,0,-99,-99,0.000,none,0,0,none,0,0,0.139,3.748,none,0,3.887
2009,SP,7,C,2,-99,-99,1,-99,-99,0.235,0,-99,-99,0.000,none,0,0,none,0,0,0.000,3.174,none,0,3.174
2009,SP,7,C,3,-99,-99,2,-99,-99,0.080,2,-99,-99,0.745,none,0,0,none,0,0,0.000,3.294,none,0,3.294
2009,SP,7,C,4,-99,-99,3,-99,-99,0.283,1,-99,-99,0.269,none,0,0,none,0,0,0.193,0.997,none,0,1.19
2009,SP,7,C,5,-99,-99,5,-99,-99,0.661,2,-99,-99,-99.000,none,0,0,none,0,0,0.000,2.138,none,0,2.138
2009,SP,8,E,1,-99,-99,0,-99,-99,0.000,3,-99,-99,0.889,SOSE,1,0.322,none,0,0,0.000,6.072,none,0,6.072
2009,SP,8,E,2,-99,-99,0,-99,-99,0.000,0,-99,-99,0.000,none,0,0,none,0,0,0.000,3.818,none,0,3.818
2009,SP,8,E,3,-99,-99,0,-99,-99,0.000,0,-99,-99,0.000,none,0,0,none,0,0,0.000,1.290,none,0,1.29
2009,SP,8,E,4,-99,-99,0,-99,-99,0.000,0,-99,-99,0.000,none,0,0,none,0,0,0.000,2.001,none,0,2.001
2009,SP,8,E,5,-99,-99,0,-99,-99,0.000,0,-99,-99,0.000,none,0,0,none,0,0,0.000,1.114,none,0,1.114
2009,SP,9,A,1,-99,-99,5,-99,-99,0.297,5,-99,-99,0.888,none,0,0,none,0,0,0.435,1.096,none,0,1.531
2009,SP,9,A,2,-99,-99,5,-99,-99,0.904,2,-99,-99,0.059,none,0,0,none,0,0,0.231,3.595,none,0,3.826
2009,SP,9,A,3,-99,-99,1,-99,-99,0.270,0,-99,-99,0.000,SOSE,3,0.309,none,0,0,1.608,0.803,none,0,2.411
2009,SP,9,A,4,-99,-99,4,-99,-99,0.875,0,-99,-99,0.000,none,0,0,none,0,0,0.081,1.429,none,0,1.51
2009,SP,9,A,5,-99,-99,5,-99,-99,1.039,0,-99,-99,0.000,none,0,0,none,0,0,0.415,2.704,none,0,3.119
2009,SP,10,E,1,-99,-99,7,-99,-99,1.021,0,-99,-99,0.000,none,0,0,none,0,0,0.000,2.583,none,0,2.583
2009,SP,10,E,2,-99,-99,3,-99,-99,0.408,0,-99,-99,0.000,none,0,0,none,0,0,0.000,1.862,none,0,1.862
2009,SP,10,E,3,-99,-99,0,-99,-99,0.000,0,-99,-99,0.000,none,0,0,none,0,0,0.000,0.537,none,0,0.537
2009,SP,10,E,4,-99,-99,2,-99,-99,0.400,0,-99,-99,0.000,none,0,0,none,0,0,0.000,0.710,none,0,0.71
2009,SP,10,E,5,-99,-99,5,-99,-99,0.292,0,-99,-99,0.000,none,0,0,none,0,0,0.000,0.728,none,0,0.728
2009,SP,11,A,1,-99,-99,8,-99,-99,1.088,1,-99,-99,0.363,none,0,0,none,0,0,0.000,1.146,none,0,1.146
2009,SP,11,A,2,-99,-99,10,-99,-99,1.082,3,-99,-99,0.482,none,0,0,none,0,0,0.000,1.397,none,0,1.397
2009,SP,11,A,3,-99,-99,7,-99,-99,1.178,5,-99,-99,0.946,none,0,0,none,0,0,0.000,2.350,none,0,2.35
2009,SP,11,A,4,-99,-99,9,-99,-99,1.165,3,-99,-99,0.730,none,0,0,none,0,0,0.051,5.490,none,0,5.541
2009,SP,11,A,5,-99,-99,4,-99,-99,0.885,6,-99,-99,0.875,none,0,0,none,0,0,0.037,3.393,none,0,3.43
2009,SP,12,C,1,-99,-99,7,-99,-99,0.646,1,-99,-99,0.313,POHY,1,0.006,none,0,0,0.086,2.259,none,0,2.345
2009,SP,12,C,2,-99,-99,6,-99,-99,1.168,4,-99,-99,1.087,none,0,0,none,0,0,0.000,3.584,none,0,3.584
2009,SP,12,C,3,-99,-99,1,-99,-99,0.031,0,-99,-99,0.000,none,0,0,none,0,0,0.000,0.477,none,0,0.477
2009,SP,12,C,4,-99,-99,1,-99,-99,0.259,2,-99,-99,0.253,none,0,0,none,0,0,0.036,0.995,none,0,1.031
2009,SP,12,C,5,-99,-99,3,-99,-99,0.296,1,-99,-99,0.245,none,0,0,none,0,0,0.000,3.657,none,0,3.657
2009,SP,13,A,1,-99,-99,5,-99,-99,1.051,0,-99,-99,0.000,none,0,0,none,0,0,0.000,1.709,none,0,1.709
2009,SP,13,A,2,-99,-99,1,-99,-99,0.191,0,-99,-99,0.000,none,0,0,none,0,0,0.000,2.567,none,0,2.567
2009,SP,13,A,3,-99,-99,18,-99,-99,2.493,0,-99,-99,0.000,none,0,0,none,0,0,0.000,1.096,none,0,1.096
2009,SP,13,A,4,-99,-99,7,-99,-99,1.161,0,-99,-99,0.000,none,0,0,none,0,0,0.000,2.403,none,0,2.403
2009,SP,13,A,5,-99,-99,7,-99,-99,1.204,0,-99,-99,0.000,none,0,0,none,0,0,0.000,1.370,none,0,1.37
2009,SP,14,E,1,-99,-99,10,-99,-99,1.215,0,-99,-99,0.000,none,0,0,none,0,0,0.000,0.206,none,0,0.206
2009,SP,14,E,2,-99,-99,11,-99,-99,1.101,0,-99,-99,0.000,none,0,0,none,0,0,0.000,0.905,none,0,0.905
2009,SP,14,E,3,-99,-99,12,-99,-99,2.152,3,-99,-99,0.074,SOSE,1,0.132,TYLA,1,1.975,0.000,0.155,none,0,0.155
2009,SP,14,E,4,-99,-99,10,-99,-99,1.427,1,-99,-99,0.022,TYLA,1,11.805,none,0,0,6.495,1.096,none,0,7.591
2009,SP,14,E,5,-99,-99,1,-99,-99,0.219,0,-99,-99,0.000,SOSE,1,0.041,TYLA,1,3.239,2.310,0.589,none,0,2.899
2009,SP,15,C,1,-99,-99,24,-99,-99,2.627,0,-99,-99,0.000,none,0,0,none,0,0,0.000,0.632,none,0,0.632
2009,SP,15,C,2,-99,-99,7,-99,-99,1.597,1,-99,-99,0.628,none,0,0,none,0,0,0.235,0.503,none,0,0.738
2009,SP,15,C,3,-99,-99,2,-99,-99,0.415,1,-99,-99,0.581,none,0,0,none,0,0,0.139,0.983,none,0,1.122
2009,SP,15,C,4,-99,-99,4,-99,-99,1.020,0,-99,-99,0.000,none,0,0,none,0,0,0.828,0.770,none,0,1.598
2009,SP,15,C,5,-99,-99,8,-99,-99,1.608,0,-99,-99,0.000,none,0,0,none,0,0,0.271,0.238,none,0,0.509
2010,MX,1,E,1,-99,-99,0,-99,-99,0.000,0,-99,-99,0.000,ATPA4,1,0.12,none,0,0,0.690,0.430,none,0,1.12
2010,MX,1,E,2,-99,-99,0,-99,-99,0.000,3,-99,-99,0.350,none,0,0,none,0,0,1.910,0.520,none,0,2.43
2010,MX,1,E,3,-99,-99,0,-99,-99,0.000,0,-99,-99,0.000,none,0,0,none,0,0,1.530,0.480,none,0,2.01
2010,MX,1,E,4,-99,-99,0,-99,-99,0.000,1,-99,-99,0.180,none,0,0,none,0,0,1.930,1.080,none,0,3.01
2010,MX,1,E,5,-99,-99,0,-99,-99,0.000,5,-99,-99,0.620,none,0,0,none,0,0,0.470,1.680,none,0,2.15
2010,MX,2,A,1,-99,-99,13,-99,-99,1.070,3,-99,-99,0.280,none,0,0,none,0,0,0.130,1.460,none,0,1.59
2010,MX,2,A,2,-99,-99,16,-99,-99,0.980,0,-99,-99,0.000,none,0,0,none,0,0,0.200,1.680,none,0,1.88
2010,MX,2,A,3,-99,-99,0,-99,-99,0.000,2,-99,-99,0.200,none,0,0,none,0,0,0.270,1.530,none,0,1.8
2010,MX,2,A,4,-99,-99,0,-99,-99,0.000,3,-99,-99,0.290,none,0,0,none,0,0,0.300,1.080,none,0,1.38
2010,MX,2,A,5,-99,-99,5,-99,-99,0.530,0,-99,-99,0.000,none,0,0,none,0,0,0.090,0.420,none,0,0.51
2010,MX,3,C,1,-99,-99,4,-99,-99,0.750,4,-99,-99,0.820,none,0,0,none,0,0,0.620,0.870,none,0,1.49
2010,MX,3,C,2,-99,-99,22,-99,-99,2.930,4,-99,-99,0.440,POHY,1,0.010,none,0,0,0.370,0.790,none,0,1.16
2010,MX,3,C,3,-99,-99,12,-99,-99,1.690,10,-99,-99,1.180,none,0,0,none,0,0,0.830,0.970,none,0,1.8
2010,MX,3,C,4,-99,-99,6,-99,-99,0.960,3,-99,-99,0.210,ATPA4,1,0.010,POHY,1,0.070,0.080,0.110,none,0,0.19
2010,MX,3,C,5,-99,-99,9,-99,-99,0.830,1,-99,-99,0.100,POHY,1,0.010,none,0,0,0.270,0.000,none,0,0.27
2010,MX,4,E,1,-99,-99,3,-99,-99,0.280,5,-99,-99,0.580,POHY,3,0.060,none,0,0,0.750,0.480,none,0,1.23
2010,MX,4,E,2,-99,-99,0,-99,-99,0.000,4,-99,-99,0.490,none,0,0,none,0,0,0.840,1.380,none,0,2.22
2010,MX,4,E,3,-99,-99,2,-99,-99,0.020,0,-99,-99,0.000,none,0,0,none,0,0,0.430,0.130,none,0,0.56
2010,MX,4,E,4,-99,-99,1,-99,-99,0.080,0,-99,-99,0.000,none,0,0,none,0,0,0.420,0.090,none,0,0.51
2010,MX,4,E,5,-99,-99,1,-99,-99,0.070,1,-99,-99,0.130,none,0,0,none,0,0,0.220,0.490,none,0,0.71
2010,MX,5,C,1,-99,-99,2,-99,-99,0.220,7,-99,-99,0.960,none,0,0,none,0,0,0.370,0.500,none,0,0.87
2010,MX,5,C,2,-99,-99,9,-99,-99,1.260,8,-99,-99,1.090,none,0,0,none,0,0,0.090,0.280,none,0,0.37
2010,MX,5,C,3,-99,-99,12,-99,-99,1.820,6,-99,-99,0.640,POHY,1,0.030,none,0,0,0.000,0.040,none,0,0.04
2010,MX,5,C,4,-99,-99,1,-99,-99,0.100,11,-99,-99,1.260,none,0,0,none,0,0,0.580,1.650,none,0,2.23
2010,MX,5,C,5,-99,-99,0,-99,-99,0.000,2,-99,-99,0.240,none,0,0,none,0,0,0.310,1.090,none,0,1.4
2010,MX,6,A,1,-99,-99,0,-99,-99,0.000,6,-99,-99,0.800,none,0,0,none,0,0,0.230,1.080,none,0,1.31
2010,MX,6,A,2,-99,-99,14,-99,-99,1.670,0,-99,-99,0.000,none,0,0,none,0,0,0.100,0.780,none,0,0.88
2010,MX,6,A,3,-99,-99,7,-99,-99,0.540,1,-99,-99,0.140,none,0,0,none,0,0,1.390,1.110,none,0,2.5
2010,MX,6,A,4,-99,-99,8,-99,-99,0.600,9,-99,-99,1.150,none,0,0,none,0,0,0.370,1.090,none,0,1.46
2010,MX,6,A,5,-99,-99,2,-99,-99,0.200,3,-99,-99,0.630,none,0,0,none,0,0,0.170,0.850,none,0,1.02
2010,MX,7,C,1,-99,-99,2,-99,-99,0.150,8,-99,-99,1.030,none,0,0,none,0,0,0.190,0.600,none,0,0.79
2010,MX,7,C,2,-99,-99,0,-99,-99,0.000,15,-99,-99,2.210,none,0,0,none,0,0,0.470,0.720,none,0,1.19
2010,MX,7,C,3,-99,-99,2,-99,-99,0.250,6,-99,-99,0.620,none,0,0,none,0,0,0.010,0.540,none,0,0.55
2010,MX,7,C,4,-99,-99,20,-99,-99,3.170,5,-99,-99,0.680,none,0,0,none,0,0,0.080,1.160,none,0,1.24
2010,MX,7,C,5,-99,-99,1,-99,-99,0.130,6,-99,-99,0.400,none,0,0,none,0,0,0.240,0.520,none,0,0.76
2010,MX,8,E,1,-99,-99,23,-99,-99,2.970,3,-99,-99,0.320,none,0,0,none,0,0,0.340,0.870,none,0,1.21
2010,MX,8,E,2,-99,-99,10,-99,-99,0.830,0,-99,-99,0.000,none,0,0,none,0,0,0.390,0.520,none,0,0.91
2010,MX,8,E,3,-99,-99,9,-99,-99,1.030,4,-99,-99,0.550,none,0,0,none,0,0,0.460,1.010,none,0,1.47
2010,MX,8,E,4,-99,-99,6,-99,-99,0.740,3,-99,-99,0.250,none,0,0,none,0,0,0.350,0.920,none,0,1.27
2010,MX,8,E,5,-99,-99,6,-99,-99,0.910,6,-99,-99,1.080,none,0,0,none,0,0,0.390,1.320,none,0,1.71
2010,MX,9,A,1,-99,-99,13,-99,-99,1.610,0,-99,-99,0.000,none,0,0,none,0,0,0.180,0.720,none,0,0.9
2010,MX,9,A,2,-99,-99,22,-99,-99,3.470,5,-99,-99,0.570,none,0,0,none,0,0,0.090,1.810,none,0,1.9
2010,MX,9,A,3,-99,-99,13,-99,-99,2.280,3,-99,-99,0.570,none,0,0,none,0,0,0.250,3.880,none,0,4.13
2010,MX,9,A,4,-99,-99,2,-99,-99,0.200,1,-99,-99,0.010,none,0,0,none,0,0,0.430,2.280,none,0,2.71
2010,MX,9,A,5,-99,-99,9,-99,-99,0.910,0,-99,-99,0.000,none,0,0,none,0,0,0.330,2.020,none,0,2.35
2010,MX,10,C,1,-99,-99,4,-99,-99,0.480,3,-99,-99,0.220,none,0,0,none,0,0,0.130,0.980,none,0,1.11
2010,MX,10,C,2,-99,-99,2,-99,-99,0.240,7,-99,-99,0.890,none,0,0,none,0,0,0.640,0.270,none,0,0.91
2010,MX,10,C,3,-99,-99,6,-99,-99,0.930,2,-99,-99,0.100,none,0,0,none,0,0,0.480,0.560,none,0,1.04
2010,MX,10,C,4,-99,-99,4,-99,-99,0.390,1,-99,-99,0.110,none,0,0,none,0,0,0.190,0.580,none,0,0.77
2010,MX,10,C,5,-99,-99,15,-99,-99,1.230,5,-99,-99,0.360,SOSE,4,1.770,none,0,0,0.190,0.400,none,0,0.59
2010,MX,11,E,1,-99,-99,0,-99,-99,0.000,4,-99,-99,0.540,none,0,0,none,0,0,0.430,1.200,none,0,1.63
2010,MX,11,E,2,-99,-99,14,-99,-99,1.620,5,-99,-99,0.430,POHY,1,0.004,none,0,0,0.440,1.640,none,0,2.08
2010,MX,11,E,3,-99,-99,11,-99,-99,1.490,3,-99,-99,0.280,none,0,0.000,none,0,0,0.830,3.020,none,0,3.85
2010,MX,11,E,4,-99,-99,3,-99,-99,0.220,3,-99,-99,0.420,none,0,0.000,none,0,0,1.020,1.390,none,0,2.41
2010,MX,11,E,5,-99,-99,5,-99,-99,0.400,4,-99,-99,0.190,POHY,1,0.007,none,0,0,0.790,0.440,none,0,1.23
2010,MX,12,A,1,-99,-99,0,-99,-99,0.000,6,-99,-99,0.550,none,0,0,none,0,0,0.140,0.810,none,0,0.95
2010,MX,12,A,2,-99,-99,0,-99,-99,0.000,4,-99,-99,0.230,none,0,0,none,0,0,0.120,0.930,none,0,1.05
2010,MX,12,A,3,-99,-99,0,-99,-99,0.000,4,-99,-99,0.590,none,0,0,none,0,0,0.610,2.600,none,0,3.21
2010,MX,12,A,4,-99,-99,0,-99,-99,0.000,10,-99,-99,0.880,none,0,0,none,0,0,0.380,0.770,none,0,1.15
2010,MX,12,A,5,-99,-99,0,-99,-99,0.000,9,-99,-99,1.580,none,0,0,none,0,0,0.140,1.400,none,0,1.54
2010,MX,13,E,1,-99,-99,0,-99,-99,0.000,4,-99,-99,0.520,none,0,0,none,0,0,0.690,0.580,none,0,1.27
2010,MX,13,E,2,-99,-99,9,-99,-99,0.440,6,-99,-99,1.170,none,0,0,none,0,0,0.790,2.590,none,0,3.38
2010,MX,13,E,3,-99,-99,0,-99,-99,0.000,12,-99,-99,2.040,POHY,3,0.280,none,0,0,1.200,1.020,none,0,2.22
2010,MX,13,E,4,-99,-99,0,-99,-99,0.000,4,-99,-99,0.970,none,0,0,none,0,0,0.790,1.840,none,0,2.63
2010,MX,13,E,5,-99,-99,1,-99,-99,0.130,6,-99,-99,0.960,none,0,0,none,0,0,0.710,2.920,none,0,3.63
2010,MX,14,C,1,-99,-99,2,-99,-99,0.290,4,-99,-99,0.970,none,0,0,none,0,0,0.630,1.900,none,0,2.53
2010,MX,14,C,2,-99,-99,12,-99,-99,1.310,6,-99,-99,0.660,none,0,0,none,0,0,0.170,0.750,none,0,0.92
2010,MX,14,C,3,-99,-99,5,-99,-99,0.560,11,-99,-99,1.530,none,0,0,none,0,0,0.400,2.460,none,0,2.86
2010,MX,14,C,4,-99,-99,15,-99,-99,1.560,4,-99,-99,0.550,none,0,0,none,0,0,0.660,0.740,none,0,1.4
2010,MX,14,C,5,-99,-99,6,-99,-99,0.420,8,-99,-99,1.240,none,0,0,none,0,0,0.280,2.600,none,0,2.88
2010,MX,15,A,1,-99,-99,0,-99,-99,0.000,2,-99,-99,0.450,POHY,2,0.050,none,0,0,0.480,0.760,none,0,1.24
2010,MX,15,A,2,-99,-99,14,-99,-99,2.120,0,-99,-99,0.000,POHY,4,0.170,none,0,0,0.070,0.320,none,0,0.39
2010,MX,15,A,3,-99,-99,0,-99,-99,0.000,0,-99,-99,0.000,POHY,2,0.080,none,0,0,0.610,0.510,none,0,1.12
2010,MX,15,A,4,-99,-99,0,-99,-99,0.000,1,-99,-99,0.310,POHY,1,0.540,none,0,0,0.080,1.210,none,0,1.29
2010,MX,15,A,5,-99,-99,0,-99,-99,0.000,2,-99,-99,0.930,none,0,0,none,0,0,0.480,1.030,none,0,1.51
2010,SC,1,E,1,-99,-99,0,-99,-99,0.000,12,-99,-99,0.980,none,0,0,none,0,0,1.050,2.170,none,0,3.22
2010,SC,1,E,2,-99,-99,0,-99,-99,0.000,1,-99,-99,0.310,none,0,0,none,0,0,0.560,0.420,none,0,0.98
2010,SC,1,E,3,-99,-99,1,-99,-99,0.230,5,-99,-99,0.390,none,0,0,none,0,0,5.080,0.420,none,0,5.5
2010,SC,1,E,4,-99,-99,0,-99,-99,0.000,0,-99,-99,0.000,none,0,0,none,0,0,1.010,1.040,none,0,1.43
2010,SC,1,E,5,-99,-99,0,-99,-99,0.000,6,-99,-99,1.080,none,0,0,none,0,0,0.590,0.750,none,0,1.63
2010,SC,2,A,1,-99,-99,0,-99,-99,0.000,0,-99,-99,0.000,none,0,0,none,0,0,1.630,0.000,none,0,1.63
2010,SC,2,A,2,-99,-99,1,-99,-99,0.200,0,-99,-99,0.000,none,0,0,none,0,0,2.200,0.180,none,0,2.38
2010,SC,2,A,3,-99,-99,0,-99,-99,0.000,0,-99,-99,0.000,none,0,0,none,0,0,1.890,0.050,none,0,1.94
2010,SC,2,A,4,-99,-99,1,-99,-99,0.130,3,-99,-99,0.410,none,0,0,none,0,0,0.950,0.630,none,0,1.58
2010,SC,2,A,5,-99,-99,1,-99,-99,0.070,2,-99,-99,0.380,none,0,0,none,0,0,1.620,0.760,none,0,2.38
2010,SC,3,C,1,-99,-99,5,-99,-99,0.920,0,-99,-99,0.000,none,0,0,none,0,0,0.610,0.520,none,0,1.13
2010,SC,3,C,2,-99,-99,15,-99,-99,3.350,0,-99,-99,0.000,none,0,0,none,0,0,1.460,3.800,none,0,5.26
2010,SC,3,C,3,-99,-99,11,-99,-99,2.460,0,-99,-99,0.000,none,0,0,none,0,0,0.570,0.910,none,0,1.48
2010,SC,3,C,4,-99,-99,14,-99,-99,2.040,0,-99,-99,0.000,none,0,0,none,0,0,1.680,0.560,none,0,2.24
2010,SC,3,C,5,-99,-99,5,-99,-99,0.630,0,-99,-99,0.000,none,0,0,none,0,0,1.460,0.750,none,0,2.21
2010,SC,4,A,1,-99,-99,0,-99,-99,0.000,4,-99,-99,0.940,none,0,0,none,0,0,1.670,0.910,none,0,2.58
2010,SC,4,A,2,-99,-99,1,-99,-99,0.090,0,-99,-99,0.000,none,0,0,none,0,0,1.270,0.190,none,0,1.46
2010,SC,4,A,3,-99,-99,1,-99,-99,0.190,1,-99,-99,0.250,none,0,0,none,0,0,1.260,0.460,none,0,1.72
2010,SC,4,A,4,-99,-99,0,-99,-99,0.000,2,-99,-99,0.480,none,0,0,none,0,0,2.870,0.940,none,0,3.81
2010,SC,4,A,5,-99,-99,0,-99,-99,0.000,4,-99,-99,0.620,none,0,0,none,0,0,3.000,0.610,none,0,3.61
2010,SC,5,C,1,-99,-99,13,-99,-99,2.340,0,-99,-99,0.000,none,0,0,none,0,0,0.240,0.420,none,0,0.66
2010,SC,5,C,2,-99,-99,29,-99,-99,3.700,0,-99,-99,0.000,none,0,0,none,0,0,0.440,0.800,none,0,1.24
2010,SC,5,C,3,-99,-99,30,-99,-99,3.490,0,-99,-99,0.000,none,0,0,none,0,0,0.440,0.840,none,0,1.28
2010,SC,5,C,4,-99,-99,17,-99,-99,2.340,0,-99,-99,0.000,none,0,0,none,0,0,0.770,0.450,none,0,1.22
2010,SC,5,C,5,-99,-99,3,-99,-99,0.670,0,-99,-99,0.000,none,0,0,none,0,0,0.510,0.800,none,0,1.31
2010,SC,6,E,1,-99,-99,0,-99,-99,0.000,0,-99,-99,0.000,none,0,0,none,0,0,3.000,0.150,none,0,3.15
2010,SC,6,E,2,-99,-99,0,-99,-99,0.000,0,-99,-99,0.000,none,0,0,none,0,0,2.500,0.180,none,0,2.68
2010,SC,6,E,3,-99,-99,1,-99,-99,0.310,1,-99,-99,0.220,none,0,0,none,0,0,1.070,0.460,none,0,1.53
2010,SC,6,E,4,-99,-99,0,-99,-99,0.000,1,-99,-99,0.300,none,0,0,none,0,0,0.930,0.350,none,0,1.28
2010,SC,6,E,5,-99,-99,0,-99,-99,0.000,0,-99,-99,0.000,none,0,0,none,0,0,1.720,0.220,none,0,1.94
2010,SC,7,C,1,-99,-99,6,-99,-99,0.830,0,-99,-99,0.000,none,0,0,none,0,0,0.500,0.430,none,0,0.93
2010,SC,7,C,2,-99,-99,0,-99,-99,0.000,4,-99,-99,0.580,none,0,0,none,0,0,0.000,0.450,none,0,0.45
2010,SC,7,C,3,-99,-99,0,-99,-99,0.000,3,-99,-99,0.750,none,0,0,none,0,0,0.920,1.120,none,0,2.04
2010,SC,7,C,4,-99,-99,0,-99,-99,0.000,5,-99,-99,1.230,KOVI,1,0.030,SOSE,1,0.32,0.060,0.270,none,0,0.33
2010,SC,7,C,5,-99,-99,0,-99,-99,0.000,6,-99,-99,0.960,none,0,0,none,0,0,0.420,0.310,none,0,0.73
2010,SC,8,A,1,-99,-99,1,-99,-99,0.210,5,-99,-99,0.670,none,0,0,none,0,0,1.210,1.530,none,0,2.74
2010,SC,8,A,2,-99,-99,1,-99,-99,0.220,7,-99,-99,1.700,none,0,0,none,0,0,0.890,0.380,none,0,1.27
2010,SC,8,A,3,-99,-99,1,-99,-99,0.150,2,-99,-99,0.460,none,0,0,none,0,0,0.450,0.080,none,0,0.53
2010,SC,8,A,4,-99,-99,0,-99,-99,0.000,7,-99,-99,1.110,none,0,0,none,0,0,0.380,1.080,none,0,1.46
2010,SC,8,A,5,-99,-99,5,-99,-99,0.940,3,-99,-99,0.550,none,0,0,none,0,0,0.190,1.180,none,0,1.37
2010,SC,9,E,1,-99,-99,2,-99,-99,0.370,3,-99,-99,0.570,none,0,0,none,0,0,0.940,0.550,none,0,1.49
2010,SC,9,E,2,-99,-99,1,-99,-99,0.010,1,-99,-99,0.230,none,0,0,none,0,0,1.500,0.730,none,0,2.23
2010,SC,9,E,3,-99,-99,1,-99,-99,0.100,1,-99,-99,0.100,LYLI2,2,0.420,none,0,0,1.380,0.490,none,0,1.87
2010,SC,9,E,4,-99,-99,2,-99,-99,0.170,0,-99,-99,0.000,LYLI2,2,0.520,POHY,1,0.017,2.640,1.160,none,0,3.8
2010,SC,9,E,5,-99,-99,1,-99,-99,0.050,2,-99,-99,0.180,none,0,0,none,0,0,0.920,0.750,none,0,1.67
2010,SC,10,E,1,-99,-99,0,-99,-99,0.000,3,-99,-99,0.300,none,0,0,none,0,0,3.570,0.440,none,0,4.01
2010,SC,10,E,2,-99,-99,0,-99,-99,0.000,0,-99,-99,0.000,none,0,0,none,0,0,2.150,0.330,none,0,2.48
2010,SC,10,E,3,-99,-99,0,-99,-99,0.000,0,-99,-99,0.000,none,0,0,none,0,0,3.080,0.390,none,0,3.47
2010,SC,10,E,4,-99,-99,0,-99,-99,0.000,0,-99,-99,0.000,LYLI2,3,0.260,none,0,0,0.190,0.390,none,0,0.58
2010,SC,10,E,5,-99,-99,0,-99,-99,0.000,0,-99,-99,0.000,LYLI2,1,0.040,none,0,0,0.530,0.310,none,0,0.84
2010,SC,11,C,1,-99,-99,9,-99,-99,1.380,3,-99,-99,0.140,none,0,0,none,0,0,0.860,0.200,none,0,1.06
2010,SC,11,C,2,-99,-99,3,-99,-99,0.250,0,-99,-99,0.000,none,0,0,none,0,0,0.220,0.420,none,0,0.64
2010,SC,11,C,3,-99,-99,3,-99,-99,0.380,0,-99,-99,0.000,none,0,0,none,0,0,0.970,0.650,none,0,1.62
2010,SC,11,C,4,-99,-99,2,-99,-99,0.120,0,-99,-99,0.000,none,0,0,none,0,0,0.090,0.480,none,0,0.57
2010,SC,11,C,5,-99,-99,5,-99,-99,0.810,0,-99,-99,0.000,none,0,0,none,0,0,1.560,0.440,none,0,2
2010,SC,12,A,1,-99,-99,8,-99,-99,1.070,14,-99,-99,0.930,none,0,0,none,0,0,0.020,1.800,none,0,1.82
2010,SC,12,A,2,-99,-99,2,-99,-99,0.210,0,-99,-99,0.000,none,0,0,none,0,0,0.000,1.240,none,0,1.24
2010,SC,12,A,3,-99,-99,0,-99,-99,0.000,1,-99,-99,0.090,none,0,0,none,0,0,0.600,0.520,none,0,1.12
2010,SC,12,A,4,-99,-99,42,-99,-99,5.280,6,-99,-99,0.380,none,0,0,none,0,0,0.450,2.350,none,0,2.8
2010,SC,12,A,5,-99,-99,5,-99,-99,0.480,3,-99,-99,0.160,none,0,0,none,0,0,0.090,2.260,none,0,2.35
2010,SC,13,C,1,-99,-99,13,-99,-99,1.730,3,-99,-99,0.230,none,0,0,none,0,0,0.160,0.720,none,0,0.88
2010,SC,13,C,2,-99,-99,15,-99,-99,2.170,1,-99,-99,0.160,none,0,0,none,0,0,0.560,0.870,none,0,1.43
2010,SC,13,C,3,-99,-99,36,-99,-99,5.010,0,-99,-99,0.000,none,0,0,none,0,0,0.230,0.520,none,0,0.75
2010,SC,13,C,4,-99,-99,10,-99,-99,1.120,5,-99,-99,0.610,none,0,0,none,0,0,0.300,0.780,none,0,1.08
2010,SC,13,C,5,-99,-99,19,-99,-99,1.850,3,-99,-99,0.310,none,0,0,none,0,0,0.520,1.580,none,0,2.1
2010,SC,14,E,1,-99,-99,0,-99,-99,0.000,1,-99,-99,0.170,none,0,0,none,0,0,2.360,2.300,none,0,4.66
2010,SC,14,E,2,-99,-99,1,-99,-99,0.060,3,-99,-99,0.540,none,0,0,none,0,0,2.350,1.740,none,0,4.09
2010,SC,14,E,3,-99,-99,9,-99,-99,1.500,2,-99,-99,0.200,none,0,0,none,0,0,1.130,1.200,none,0,2.33
2010,SC,14,E,4,-99,-99,0,-99,-99,0.000,0,-99,-99,0.000,none,0,0,none,0,0,0.340,0.220,none,0,0.56
2010,SC,14,E,5,-99,-99,2,-99,-99,0.490,2,-99,-99,0.320,none,0,0,none,0,0,1.490,0.610,none,0,2.1
2010,SC,15,A,1,-99,-99,0,-99,-99,0.000,5,-99,-99,0.480,none,0,0,none,0,0,0.000,0.450,none,0,0.45
2010,SC,15,A,2,-99,-99,0,-99,-99,0.000,8,-99,-99,1.430,none,0,0,none,0,0,0.580,1.010,none,0,1.59
2010,SC,15,A,3,-99,-99,0,-99,-99,0.000,1,-99,-99,0.150,none,0,0,none,0,0,1.060,2.630,none,0,3.69
2010,SC,15,A,4,-99,-99,0,-99,-99,0.000,4,-99,-99,0.520,none,0,0,none,0,0,0.370,0.760,none,0,1.13
2010,SC,15,A,5,-99,-99,1,-99,-99,0.020,2,-99,-99,0.260,none,0,0,none,0,0,0.220,2.010,none,0,2.23
2010,SP,1,E,1,-99,-99,0,-99,-99,0.000,0,-99,-99,0.000,none,0,0,none,0,0,1.424,0.004,none,0,1.428
2010,SP,1,E,2,-99,-99,7,-99,-99,0.666,0,-99,-99,0.000,none,0,0,none,0,0,0.972,0.511,none,0,1.483
2010,SP,1,E,3,-99,-99,0,-99,-99,0.000,0,-99,-99,0.000,none,0,0,none,0,0,1.014,0.027,none,0,1.041
2010,SP,1,E,4,-99,-99,0,-99,-99,0.000,0,-99,-99,0.000,none,0,0,none,0,0,1.562,0.118,none,0,1.68
2010,SP,1,E,5,-99,-99,0,-99,-99,0.000,0,-99,-99,0.000,none,0,0,none,0,0,0.526,0.184,none,0,0.71
2010,SP,2,A,1,-99,-99,6,-99,-99,1.005,0,-99,-99,0.000,POHY,3,0.473,none,0,0,0.000,1.728,none,0,1.728
2010,SP,2,A,2,-99,-99,39,-99,-99,3.459,0,-99,-99,0.000,none,0,0,none,0,0,0.000,2.380,none,0,2.38
2010,SP,2,A,3,-99,-99,3,-99,-99,0.267,0,-99,-99,0.000,none,0,0,none,0,0,0.000,0.786,none,0,0.786
2010,SP,2,A,4,-99,-99,7,-99,-99,1.117,0,-99,-99,0.000,none,0,0,none,0,0,0.000,1.537,none,0,1.537
2010,SP,2,A,5,-99,-99,14,-99,-99,0.981,0,-99,-99,0.000,none,0,0,none,0,0,0.000,2.761,none,0,2.761
2010,SP,3,C,1,-99,-99,11,-99,-99,1.483,0,-99,-99,0.000,none,0,0,none,0,0,0.000,1.233,none,0,1.233
2010,SP,3,C,2,-99,-99,21,-99,-99,3.948,0,-99,-99,0.000,none,0,0,none,0,0,0.000,1.645,none,0,1.645
2010,SP,3,C,3,-99,-99,25,-99,-99,5.350,0,-99,-99,0.000,POHY,1,0.004,none,0,0,0.000,2.075,none,0,2.075
2010,SP,3,C,4,-99,-99,24,-99,-99,3.491,0,-99,-99,0.000,none,0,0,none,0,0,0.000,2.224,none,0,2.224
2010,SP,3,C,5,-99,-99,20,-99,-99,2.865,0,-99,-99,0.000,none,0,0,none,0,0,0.000,2.585,none,0,2.585
2010,SP,4,E,1,-99,-99,12,-99,-99,1.485,0,-99,-99,0.000,POHY,1,0.001,none,0,0,0.000,1.303,none,0,1.303
2010,SP,4,E,2,-99,-99,18,-99,-99,2.573,0,-99,-99,0.000,none,0,0.000,none,0,0,0.000,1.640,none,0,1.64
2010,SP,4,E,3,-99,-99,19,-99,-99,2.068,0,-99,-99,0.000,none,0,0.000,none,0,0,0.000,0.440,none,0,0.44
2010,SP,4,E,4,-99,-99,27,-99,-99,3.192,0,-99,-99,0.000,none,0,0.000,none,0,0,0.000,2.510,none,0,2.51
2010,SP,4,E,5,-99,-99,12,-99,-99,1.444,0,-99,-99,0.000,POHY,1,0.004,none,0,0,0.000,0.550,none,0,0.55
2010,SP,5,A,1,-99,-99,9,-99,-99,1.710,0,-99,-99,0.000,none,0,0,none,0,0,0.000,1.460,none,0,1.46
2010,SP,5,A,2,-99,-99,9,-99,-99,1.390,0,-99,-99,0.000,none,0,0,none,0,0,0.000,3.000,none,0,3
2010,SP,5,A,3,-99,-99,13,-99,-99,0.490,0,-99,-99,0.000,none,0,0,none,0,0,0.000,1.320,none,0,1.32
2010,SP,5,A,4,-99,-99,27,-99,-99,2.930,0,-99,-99,0.000,none,0,0,none,0,0,0.000,1.260,none,0,1.26
2010,SP,5,A,5,-99,-99,25,-99,-99,3.580,0,-99,-99,0.000,none,0,0,none,0,0,0.000,0.830,none,0,0.83
2010,SP,6,C,1,-99,-99,9,-99,-99,1.290,0,-99,-99,0.000,none,0,0,none,0,0,0.100,1.610,none,0,1.71
2010,SP,6,C,2,-99,-99,20,-99,-99,3.090,0,-99,-99,0.000,none,0,0,none,0,0,0.000,0.270,none,0,0.27
2010,SP,6,C,3,-99,-99,11,-99,-99,1.710,0,-99,-99,0.000,none,0,0,none,0,0,0.000,1.110,none,0,1.11
2010,SP,6,C,4,-99,-99,12,-99,-99,2.260,0,-99,-99,0.000,SOSE,1,0.011,none,0,0,0.000,0.550,none,0,0.55
2010,SP,6,C,5,-99,-99,1,-99,-99,0.290,0,-99,-99,0.000,none,0,0,none,0,0,0.000,1.010,none,0,1.01
2010,SP,7,C,1,-99,-99,16,-99,-99,1.640,0,-99,-99,0.000,none,0,0,none,0,0,0.000,0.260,none,0,0.26
2010,SP,7,C,2,-99,-99,13,-99,-99,1.050,0,-99,-99,0.000,none,0,0,none,0,0,0.000,1.290,none,0,1.29
2010,SP,7,C,3,-99,-99,32,-99,-99,2.860,0,-99,-99,0.000,none,0,0,none,0,0,0.000,0.360,none,0,0.36
2010,SP,7,C,4,-99,-99,14,-99,-99,1.900,0,-99,-99,0.000,none,0,0,none,0,0,0.000,1.370,none,0,1.37
2010,SP,7,C,5,-99,-99,17,-99,-99,1.660,0,-99,-99,0.000,none,0,0,none,0,0,0.000,0.160,none,0,0.16
2010,SP,8,E,1,-99,-99,13,-99,-99,1.300,0,-99,-99,0.000,none,0,0,none,0,0,0.000,1.240,none,0,1.24
2010,SP,8,E,2,-99,-99,6,-99,-99,0.310,0,-99,-99,0.000,none,0,0,none,0,0,0.000,0.850,none,0,0.85
2010,SP,8,E,3,-99,-99,11,-99,-99,0.720,0,-99,-99,0.000,none,0,0,none,0,0,0.230,1.090,none,0,1.32
2010,SP,8,E,4,-99,-99,15,-99,-99,1.130,0,-99,-99,0.000,none,0,0,none,0,0,0.000,0.630,none,0,0.63
2010,SP,8,E,5,-99,-99,9,-99,-99,0.690,0,-99,-99,0.000,none,0,0,none,0,0,0.000,0.670,none,0,0.67
2010,SP,9,A,1,-99,-99,6,-99,-99,0.700,0,-99,-99,0.000,none,0,0,none,0,0,0.040,0.350,none,0,0.39
2010,SP,9,A,2,-99,-99,20,-99,-99,0.820,0,-99,-99,0.000,none,0,0,none,0,0,0.760,1.190,none,0,1.95
2010,SP,9,A,3,-99,-99,4,-99,-99,0.640,0,-99,-99,0.000,POHY,2,0.110,none,0,0,0.180,1.350,none,0,1.53
2010,SP,9,A,4,-99,-99,7,-99,-99,0.790,0,-99,-99,0.000,none,0,0.000,none,0,0,0.010,1.170,none,0,1.18
2010,SP,9,A,5,-99,-99,12,-99,-99,1.290,0,-99,-99,0.000,POHY,5,0.070,none,0,0,0.440,2.600,none,0,3.04
2010,SP,10,E,1,-99,-99,16,-99,-99,2.080,0,-99,-99,0.000,none,0,0,none,0,0,0.000,3.440,none,0,3.44
2010,SP,10,E,2,-99,-99,5,-99,-99,0.370,0,-99,-99,0.000,none,0,0,none,0,0,0.000,1.450,none,0,1.45
2010,SP,10,E,3,-99,-99,2,-99,-99,0.080,0,-99,-99,0.000,POHY,1,0.010,none,0,0,0.000,0.590,none,0,0.59
2010,SP,10,E,4,-99,-99,14,-99,-99,0.920,0,-99,-99,0.000,POHY,1,0.030,none,0,0,0.000,0.950,none,0,0.95
2010,SP,10,E,5,-99,-99,0,-99,-99,0.000,0,-99,-99,0.000,none,0,0,none,0,0,0.000,2.160,none,0,2.16
2010,SP,11,A,1,-99,-99,2,-99,-99,0.070,7,-99,-99,0.500,none,0,0,none,0,0,0.000,0.760,none,0,0.76
2010,SP,11,A,2,-99,-99,14,-99,-99,1.090,2,-99,-99,0.180,none,0,0,none,0,0,0.000,1.600,none,0,1.6
2010,SP,11,A,3,-99,-99,8,-99,-99,1.430,0,-99,-99,0.000,none,0,0,none,0,0,0.000,4.610,none,0,4.61
2010,SP,11,A,4,-99,-99,9,-99,-99,0.750,6,-99,-99,0.670,SOSE,1,0.280,none,0,0,0.000,1.950,none,0,1.95
2010,SP,11,A,5,-99,-99,13,-99,-99,1.900,5,-99,-99,0.770,none,0,0,none,0,0,0.000,3.030,none,0,3.03
2010,SP,12,C,1,-99,-99,12,-99,-99,2.050,0,-99,-99,0.000,none,0,0,none,0,0,0.000,0.600,none,0,0.6
2010,SP,12,C,2,-99,-99,14,-99,-99,1.400,0,-99,-99,0.000,none,0,0,none,0,0,0.000,0.420,none,0,0.42
2010,SP,12,C,3,-99,-99,9,-99,-99,1.130,0,-99,-99,0.000,none,0,0,none,0,0,0.100,1.210,none,0,1.31
2010,SP,12,C,4,-99,-99,33,-99,-99,3.480,0,-99,-99,0.000,POHY,1,0.030,none,0,0,0.240,0.560,none,0,0.8
2010,SP,12,C,5,-99,-99,19,-99,-99,1.950,0,-99,-99,0.000,none,0,0,none,0,0,0.000,0.420,none,0,0.42
2010,SP,13,A,1,-99,-99,2,-99,-99,0.170,0,-99,-99,0.000,none,0,0,none,0,0,0.000,0.820,none,0,0.82
2010,SP,13,A,2,-99,-99,26,-99,-99,1.810,0,-99,-99,0.000,none,0,0,none,0,0,0.000,0.370,none,0,0.37
2010,SP,13,A,3,-99,-99,20,-99,-99,2.280,0,-99,-99,0.000,none,0,0,none,0,0,0.000,2.110,none,0,2.11
2010,SP,13,A,4,-99,-99,6,-99,-99,0.870,0,-99,-99,0.000,none,0,0,none,0,0,0.000,2.640,none,0,2.64
2010,SP,13,A,5,-99,-99,18,-99,-99,1.660,0,-99,-99,0.000,none,0,0,none,0,0,0.000,0.670,none,0,0.67
2010,SP,14,E,1,-99,-99,1,-99,-99,0.020,0,-99,-99,0.000,TYLA,1,5.200,SOSE,1,0.440,0.000,0.120,none,0,0.12
2010,SP,14,E,2,-99,-99,15,-99,-99,1.930,0,-99,-99,0.000,TYLA   ,1,5.970,none,0,0,0.000,0.780,none,0,0.78
2010,SP,14,E,3,-99,-99,17,-99,-99,2.570,0,-99,-99,0.000,none,0,0.000,none,0,0,4.490,0.400,none,0,4.89
2010,SP,14,E,4,-99,-99,5,-99,-99,0.650,0,-99,-99,0.000,TYLA,1,3.090,none,0,0,0.120,0.770,none,0,0.89
2010,SP,14,E,5,-99,-99,0,-99,-99,0.000,0,-99,-99,0.000,none,0,0,none,0,0,0.490,0.590,none,0,1.08
2010,SP,15,C,1,-99,-99,15,-99,-99,2.650,0,-99,-99,0.000,none,0,0,none,0,0,0.190,3.240,none,0,3.43
2010,SP,15,C,2,-99,-99,22,-99,-99,2.980,0,-99,-99,0.000,none,0,0,none,0,0,0.600,1.160,none,0,1.76
2010,SP,15,C,3,-99,-99,7,-99,-99,1.320,0,-99,-99,0.000,none,0,0,none,0,0,0.000,0.220,none,0,0.22
2010,SP,15,C,4,-99,-99,9,-99,-99,1.730,0,-99,-99,0.000,none,0,0,none,0,0,0.000,0.510,none,0,0.51
2010,SP,15,C,5,-99,-99,12,-99,-99,2.100,0,-99,-99,0.000,none,0,0,none,0,0,0.000,0.170,none,0,0.17
2011,MX,1,E,1,-99,-99,0,-99,-99,0,6,-99,-99,0.811,none,0,0,none,0,0,-99,-99,none,-99,1.175
2011,MX,1,E,2,-99,-99,0,-99,-99,0,1,-99,-99,0.147,none,0,0,none,0,0,-99,-99,none,-99,2.533
2011,MX,1,E,3,-99,-99,0,-99,-99,0,2,-99,-99,0.375,none,0,0,none,0,0,-99,-99,none,-99,2.579
2011,MX,1,E,4,-99,-99,0,-99,-99,0,2,-99,-99,0.231,POHY,1,0.002,none,0,0,-99,-99,none,-99,0.825
2011,MX,1,E,5,-99,-99,0,-99,-99,0,2,-99,-99,0.328,none,0,0,none,0,0,-99,-99,none,-99,1.726
2011,MX,2,A,1,-99,-99,11,-99,-99,1.784,0,-99,-99,0,none,0,0,none,0,0,-99,-99,none,-99,3.954
2011,MX,2,A,2,-99,-99,14,-99,-99,1.617,1,-99,-99,0.052,none,0,0,none,0,0,-99,-99,none,-99,1.768
2011,MX,2,A,3,-99,-99,0,-99,-99,0,1,-99,-99,0.168,none,0,0,none,0,0,-99,-99,none,-99,3.309
2011,MX,2,A,4,-99,-99,8,-99,-99,1.167,3,-99,-99,0.344,none,0,0,none,0,0,-99,-99,none,-99,2.586
2011,MX,2,A,5,-99,-99,6,-99,-99,1.16,2,-99,-99,0.292,none,0,0,none,0,0,-99,-99,none,-99,3.521
2011,MX,3,C,1,-99,-99,11,-99,-99,0.981,1,-99,-99,0.172,none,0,0,none,0,0,-99,-99,none,-99,3.22
2011,MX,3,C,2,-99,-99,14,-99,-99,1.994,3,-99,-99,0.798,POHY,1,0.023,none,0,0,-99,-99,none,-99,3.409
2011,MX,3,C,3,-99,-99,12,-99,-99,1.929,1,-99,-99,0.147,LYLI2,1,0.032,none,0,0,-99,-99,none,-99,0.919
2011,MX,3,C,4,-99,-99,-99,-99,-99,3.626,-99,-99,-99,0.195,none,0,0,none,0,0,-99,-99,none,-99,1.4
2011,MX,3,C,5,-99,-99,-99,-99,-99,0.704,0,-99,-99,0,none,0,0,none,0,0,-99,-99,none,-99,0.287
2011,MX,4,E,1,-99,-99,0,-99,-99,0,6,-99,-99,1.071,none,0,0,none,0,0,-99,-99,none,-99,3.988
2011,MX,4,E,2,-99,-99,0,-99,-99,0,4,-99,-99,0.584,none,0,0,none,0,0,-99,-99,none,-99,2.273
2011,MX,4,E,3,-99,-99,0,-99,-99,0,7,-99,-99,0.635,none,0,0,none,0,0,-99,-99,none,-99,2.99
2011,MX,4,E,4,-99,-99,0,-99,-99,0,0,-99,-99,0,none,0,0,none,0,0,-99,-99,none,-99,1.224
2011,MX,4,E,5,-99,-99,1,-99,-99,0.054,4,-99,-99,0.594,none,0,0,none,0,0,-99,-99,none,-99,3.009
2011,MX,5,C,1,-99,-99,6,-99,-99,0.743,7,-99,-99,0.72,POHY,2,0.163,none,0,0,-99,-99,none,-99,0.657
2011,MX,5,C,2,-99,-99,1,-99,-99,0.097,10,-99,-99,1.254,POHY,1,0.074,none,0,0,-99,-99,none,-99,1.44
2011,MX,5,C,3,-99,-99,8,-99,-99,1.361,2,-99,-99,0.36,none,0,0,none,0,0,-99,-99,none,-99,1.035
2011,MX,5,C,4,-99,-99,0,-99,-99,0,10,-99,-99,2.009,none,0,0,none,0,0,-99,-99,none,-99,5.584
2011,MX,5,C,5,-99,-99,7,-99,-99,1.015,9,-99,-99,1.353,POHY,1,0.058,none,0,0,-99,-99,none,-99,0.965
2011,MX,6,A,1,-99,-99,3,-99,-99,0.491,0,-99,-99,0,none,0,0,none,0,0,-99,-99,none,-99,3.09
2011,MX,6,A,2,-99,-99,16,-99,-99,1.616,0,-99,-99,0,none,0,0,none,0,0,-99,-99,none,-99,3.598
2011,MX,6,A,3,-99,-99,6,-99,-99,0.474,2,-99,-99,0.274,none,0,0,none,0,0,-99,-99,none,-99,0.928
2011,MX,6,A,4,-99,-99,5,-99,-99,0.768,4,-99,-99,0.428,none,0,0,none,0,0,-99,-99,none,-99,0.447
2011,MX,6,A,5,-99,-99,1,-99,-99,0.103,2,-99,-99,0.346,none,0,0,none,0,0,-99,-99,none,-99,2.396
2011,MX,7,C,1,-99,-99,0,-99,-99,0,11,-99,-99,1.529,none,0,0,none,0,0,-99,-99,none,-99,1.058
2011,MX,7,C,2,-99,-99,3,-99,-99,0.644,9,-99,-99,0.801,SOSE,3,0.396,ATPA4,1,0.005,-99,-99,none,-99,2.186
2011,MX,7,C,3,-99,-99,7,-99,-99,1.108,3,-99,-99,0.526,none,0,0,none,0,0,-99,-99,none,-99,3.188
2011,MX,7,C,4,-99,-99,8,-99,-99,1.098,0,-99,-99,0,none,0,0,none,0,0,-99,-99,none,-99,2.24
2011,MX,7,C,5,-99,-99,18,-99,-99,2.254,0,-99,-99,0,none,0,0,none,0,0,-99,-99,none,-99,0.929
2011,MX,8,E,1,-99,-99,3,-99,-99,0.637,4,-99,-99,0.367,none,0,0,none,0,0,-99,-99,none,-99,0.831
2011,MX,8,E,2,-99,-99,7,-99,-99,1.613,0,-99,-99,0,none,0,0,none,0,0,-99,-99,none,-99,0.991
2011,MX,8,E,3,-99,-99,2,-99,-99,0.338,3,-99,-99,0.432,none,0,0,none,0,0,-99,-99,none,-99,1.041
2011,MX,8,E,4,-99,-99,7,-99,-99,1.398,2,-99,-99,0.322,none,0,0,none,0,0,-99,-99,none,-99,1.334
2011,MX,8,E,5,-99,-99,8,-99,-99,1.347,4,-99,-99,0.224,none,0,0,none,0,0,-99,-99,none,-99,1.737
2011,MX,9,A,1,-99,-99,11,-99,-99,1.452,2,-99,-99,0.251,none,0,0,none,0,0,-99,-99,none,-99,1.523
2011,MX,9,A,2,-99,-99,13,-99,-99,1.818,0,-99,-99,0,none,0,0,none,0,0,-99,-99,none,-99,2.977
2011,MX,9,A,3,-99,-99,2,-99,-99,0.491,1,-99,-99,0.155,none,0,0,none,0,0,-99,-99,none,-99,2.883
2011,MX,9,A,4,-99,-99,1,-99,-99,0.429,6,-99,-99,0.656,none,0,0,none,0,0,-99,-99,none,-99,5.399
2011,MX,9,A,5,-99,-99,8,-99,-99,1.32,0,-99,-99,0,none,0,0,none,0,0,-99,-99,none,-99,4.633
2011,MX,10,C,1,-99,-99,6,-99,-99,0.827,7,-99,-99,0.991,none,0,0,none,0,0,-99,-99,none,-99,1.575
2011,MX,10,C,2,-99,-99,3,-99,-99,0.332,5,-99,-99,0.548,none,0,0,none,0,0,-99,-99,none,-99,1.111
2011,MX,10,C,3,-99,-99,9,-99,-99,1.329,5,-99,-99,0.729,none,0,0,none,0,0,-99,-99,none,-99,2.599
2011,MX,10,C,4,-99,-99,3,-99,-99,0.458,1,-99,-99,0.21,none,0,0,none,0,0,-99,-99,none,-99,1.834
2011,MX,10,C,5,-99,-99,16,-99,-99,1.919,3,-99,-99,0.378,none,0,0,none,0,0,-99,-99,none,-99,0.949
2011,MX,11,E,1,-99,-99,0,-99,-99,0,0,-99,-99,0,none,0,0,none,0,0,-99,-99,none,-99,2.267
2011,MX,11,E,2,-99,-99,2,-99,-99,0.221,3,-99,-99,0.442,none,0,0,none,0,0,-99,-99,none,-99,1.786
2011,MX,11,E,3,-99,-99,0,-99,-99,0,3,-99,-99,0.137,none,0,0,none,0,0,-99,-99,none,-99,1.838
2011,MX,11,E,4,-99,-99,1,-99,-99,0.186,4,-99,-99,0.626,none,0,0,none,0,0,-99,-99,none,-99,2.791
2011,MX,11,E,5,-99,-99,3,-99,-99,0.426,6,-99,-99,0.808,none,0,0,none,0,0,-99,-99,none,-99,0.785
2011,MX,12,A,1,-99,-99,0,-99,-99,0,5,-99,-99,0.446,POHY,2,0.016,none,0,0,-99,-99,none,-99,2.254
2011,MX,12,A,2,-99,-99,0,-99,-99,0,4,-99,-99,0.666,none,0,0,none,0,0,-99,-99,none,-99,2.042
2011,MX,12,A,3,-99,-99,0,-99,-99,0,8,-99,-99,1.121,none,0,0,none,0,0,-99,-99,none,-99,3.448
2011,MX,12,A,4,-99,-99,0,-99,-99,0,15,-99,-99,1.751,POHY,2,0.022,none,0,0,-99,-99,none,-99,0.9
2011,MX,12,A,5,-99,-99,0,-99,-99,0,5,-99,-99,0.8,none,0,0,none,0,0,-99,-99,none,-99,2.022
2011,MX,13,E,1,-99,-99,0,-99,-99,0,5,-99,-99,0.857,none,0,0,none,0,0,-99,-99,none,-99,1.753
2011,MX,13,E,2,-99,-99,0,-99,-99,0,9,-99,-99,1.367,none,0,0,none,0,0,-99,-99,none,-99,1.277
2011,MX,13,E,3,-99,-99,0,-99,-99,0,7,-99,-99,1.144,none,0,0,none,0,0,-99,-99,none,-99,3.863
2011,MX,13,E,4,-99,-99,0,-99,-99,0,0,-99,-99,0,none,0,0,none,0,0,-99,-99,none,-99,3.223
2011,MX,13,E,5,-99,-99,1,-99,-99,0.06,6,-99,-99,1.142,none,0,0,none,0,0,-99,-99,none,-99,1.129
2011,MX,14,C,1,-99,-99,4,-99,-99,1.044,4,-99,-99,0.785,none,0,0,none,0,0,-99,-99,none,-99,1.259
2011,MX,14,C,2,-99,-99,20,-99,-99,2.303,2,-99,-99,0.376,none,0,0,none,0,0,-99,-99,none,-99,1.213
2011,MX,14,C,3,-99,-99,13,-99,-99,2.288,3,-99,-99,0.577,POHY,1,0.724,none,0,0,-99,-99,none,-99,0.656
2011,MX,14,C,4,-99,-99,1,-99,-99,0.189,8,-99,-99,1.502,none,0,0,none,0,0,-99,-99,none,-99,4.3
2011,MX,14,C,5,-99,-99,6,-99,-99,1.126,3,-99,-99,0.401,none,0,0,none,0,0,-99,-99,none,-99,1.502
2011,MX,15,A,1,-99,-99,0,-99,-99,0,0,-99,-99,0,POHY,7,0.03,none,0,0,-99,-99,none,-99,0
2011,MX,15,A,2,-99,-99,13,-99,-99,1.39,0,-99,-99,0,none,0,0,none,0,0,-99,-99,none,-99,1.533
2011,MX,15,A,3,-99,-99,2,-99,-99,0.139,3,-99,-99,0.449,none,0,0,none,0,0,-99,-99,none,-99,1.213
2011,MX,15,A,4,-99,-99,0,-99,-99,0,3,-99,-99,0.675,POHY,3,0.078,none,0,0,-99,-99,none,-99,0.643
2011,MX,15,A,5,-99,-99,4,-99,-99,0.306,2,-99,-99,0.307,none,0,0,none,0,0,-99,-99,none,-99,1.194
2011,SC,1,E,1,-99,-99,1,-99,-99,0.033,4,-99,-99,0.742,none,0,0,none,0,0,-99,-99,none,-99,1.568
2011,SC,1,E,2,-99,-99,2,-99,-99,0.345,5,-99,-99,0.604,none,0,0,none,0,0,-99,-99,none,-99,1.207
2011,SC,1,E,3,-99,-99,0,-99,-99,0,1,-99,-99,0.113,none,0,0,none,0,0,-99,-99,none,-99,2.922
2011,SC,1,E,4,-99,-99,0,-99,-99,0,3,-99,-99,0.47,none,0,0,none,0,0,-99,-99,none,-99,2.443
2011,SC,1,E,5,-99,-99,2,-99,-99,0.243,1,-99,-99,0.176,none,0,0,none,0,0,-99,-99,none,-99,4.546
2011,SC,2,A,1,-99,-99,1,-99,-99,0.144,0,-99,-99,0,none,0,0,none,0,0,-99,-99,none,-99,4.241
2011,SC,2,A,2,-99,-99,5,-99,-99,1.1,0,-99,-99,0,none,0,0,none,0,0,-99,-99,none,-99,3.204
2011,SC,2,A,3,-99,-99,0,-99,-99,0,0,-99,-99,0,none,0,0,none,0,0,-99,-99,none,-99,0.99
2011,SC,2,A,4,-99,-99,6,-99,-99,0.967,1,-99,-99,0.171,none,0,0,none,0,0,-99,-99,none,-99,1.629
2011,SC,2,A,5,-99,-99,0,-99,-99,0,0,-99,-99,0,none,0,0,none,0,0,-99,-99,none,-99,1.583
2011,SC,3,C,1,-99,-99,14,-99,-99,2.096,0,-99,-99,0,none,0,0,none,0,0,-99,-99,none,-99,1.267
2011,SC,3,C,2,-99,-99,17,-99,-99,2.112,0,-99,-99,0,none,0,0,none,0,0,-99,-99,none,-99,1.708
2011,SC,3,C,3,-99,-99,9,-99,-99,1.69,0,-99,-99,0,none,0,0,none,0,0,-99,-99,none,-99,3.093
2011,SC,3,C,4,-99,-99,23,-99,-99,4.042,0,-99,-99,0,none,0,0,none,0,0,-99,-99,none,-99,1.852
2011,SC,3,C,5,-99,-99,9,-99,-99,1.906,0,-99,-99,0,none,0,0,none,0,0,-99,-99,none,-99,3.021
2011,SC,4,A,1,-99,-99,0,-99,-99,0,2,-99,-99,0.146,none,0,0,none,0,0,-99,-99,none,-99,4.276
2011,SC,4,A,2,-99,-99,0,-99,-99,0,2,-99,-99,0.312,none,0,0,none,0,0,-99,-99,none,-99,0.749
2011,SC,4,A,3,-99,-99,2,-99,-99,0.081,6,-99,-99,0.951,none,0,0,none,0,0,-99,-99,none,-99,2.346
2011,SC,4,A,4,-99,-99,4,-99,-99,0.635,5,-99,-99,0.645,none,0,0,none,0,0,-99,-99,none,-99,1.414
2011,SC,4,A,5,-99,-99,0,-99,-99,0,1,-99,-99,0.318,none,0,0,none,0,0,-99,-99,none,-99,4.601
2011,SC,5,C,1,-99,-99,19,-99,-99,2.711,0,-99,-99,0,none,0,0,none,0,0,-99,-99,none,-99,3.306
2011,SC,5,C,2,-99,-99,13,-99,-99,1.64,0,-99,-99,0,none,0,0,none,0,0,-99,-99,none,-99,1.825
2011,SC,5,C,3,-99,-99,14,-99,-99,2.803,0,-99,-99,0,none,0,0,none,0,0,-99,-99,none,-99,0.658
2011,SC,5,C,4,-99,-99,22,-99,-99,4.008,0,-99,-99,0,none,0,0,none,0,0,-99,-99,none,-99,0.664
2011,SC,5,C,5,-99,-99,24,-99,-99,3.224,0,-99,-99,0,none,0,0,none,0,0,-99,-99,none,-99,0.983
2011,SC,6,E,1,-99,-99,5,-99,-99,0.592,2,-99,-99,0.382,none,0,0,none,0,0,-99,-99,none,-99,1.016
2011,SC,6,E,2,-99,-99,1,-99,-99,0.508,0,-99,-99,0,none,0,0,none,0,0,-99,-99,none,-99,2.981
2011,SC,6,E,3,-99,-99,1,-99,-99,0.14,0,-99,-99,0,none,0,0,none,0,0,-99,-99,none,-99,2.9
2011,SC,6,E,4,-99,-99,0,-99,-99,0,0,-99,-99,0,none,0,0,none,0,0,-99,-99,none,-99,1.133
2011,SC,6,E,5,-99,-99,1,-99,-99,0.112,6,-99,-99,1.116,none,0,0,none,0,0,-99,-99,none,-99,1.664
2011,SC,7,C,1,-99,-99,4,-99,-99,0.87,20,-99,-99,2.571,POHY,1,0.023,none,0,0,-99,-99,none,-99,3.926
2011,SC,7,C,2,-99,-99,11,-99,-99,1.895,3,-99,-99,0.345,none,0,0,none,0,0,-99,-99,none,-99,1.425
2011,SC,7,C,3,-99,-99,2,-99,-99,0.143,5,-99,-99,0.591,none,0,0,none,0,0,-99,-99,none,-99,2.396
2011,SC,7,C,4,-99,-99,13,-99,-99,1.866,9,-99,-99,1.558,none,0,0,none,0,0,-99,-99,none,-99,2.859
2011,SC,7,C,5,-99,-99,3,-99,-99,0.317,7,-99,-99,0.771,none,0,0,none,0,0,-99,-99,none,-99,4.416
2011,SC,8,A,1,-99,-99,1,-99,-99,0.147,5,-99,-99,0.951,none,0,0,none,0,0,-99,-99,none,-99,1.712
2011,SC,8,A,2,-99,-99,1,-99,-99,0.207,3,-99,-99,0.389,none,0,0,none,0,0,-99,-99,none,-99,1.01
2011,SC,8,A,3,-99,-99,0,-99,-99,0,2,-99,-99,0.288,none,0,0,none,0,0,-99,-99,none,-99,1.483
2011,SC,8,A,4,-99,-99,6,-99,-99,0.963,4,-99,-99,0.415,none,0,0,none,0,0,-99,-99,none,-99,1.129
2011,SC,8,A,5,-99,-99,0,-99,-99,0,2,-99,-99,0.672,none,0,0,none,0,0,-99,-99,none,-99,2.134
2011,SC,9,E,1,-99,-99,0,-99,-99,0,4,-99,-99,0.588,none,0,0,none,0,0,-99,-99,none,-99,3.061
2011,SC,9,E,2,-99,-99,0,-99,-99,0,1,-99,-99,0.083,none,0,0,none,0,0,-99,-99,none,-99,2.859
2011,SC,9,E,3,-99,-99,0,-99,-99,0,1,-99,-99,-99,LYLI2,2,0.446,none,0,0,-99,-99,none,-99,2.339
2011,SC,9,E,4,-99,-99,0,-99,-99,0,0,-99,-99,0,LYLI2,5,0.487,none,0,0,-99,-99,none,-99,1.936
2011,SC,9,E,5,-99,-99,0,-99,-99,0,4,-99,-99,0.341,none,0,0,none,0,0,-99,-99,none,-99,3.87
2011,SC,10,E,1,-99,-99,0,-99,-99,0,3,-99,-99,0.148,none,0,0,none,0,0,-99,-99,none,-99,1.967
2011,SC,10,E,2,-99,-99,0,-99,-99,0,1,-99,-99,0.098,none,0,0,none,0,0,-99,-99,none,-99,3.334
2011,SC,10,E,3,-99,-99,0,-99,-99,0,0,-99,-99,0,none,0,0,none,0,0,-99,-99,none,-99,3.453
2011,SC,10,E,4,-99,-99,0,-99,-99,0,1,-99,-99,0.248,LYLI2,1,0.146,none,0,0,-99,-99,none,-99,1.502
2011,SC,10,E,5,-99,-99,0,-99,-99,0,0,-99,-99,0,none,0,0,none,0,0,-99,-99,none,-99,0.659
2011,SC,11,C,1,-99,-99,8,-99,-99,1.758,1,-99,-99,0.276,none,0,0,none,0,0,-99,-99,none,-99,2.155
2011,SC,11,C,2,-99,-99,35,-99,-99,3.258,1,-99,-99,-99,none,0,0,none,0,0,-99,-99,none,-99,2.499
2011,SC,11,C,3,-99,-99,2,-99,-99,0.227,0,-99,-99,0.143,none,0,0,none,0,0,-99,-99,none,-99,2.446
2011,SC,11,C,4,-99,-99,7,-99,-99,1.525,7,-99,-99,1.189,none,0,0,none,0,0,-99,-99,none,-99,4.414
2011,SC,11,C,5,-99,-99,11,-99,-99,2.45,1,-99,-99,0.178,none,0,0,none,0,0,-99,-99,none,-99,2.081
2011,SC,12,A,1,-99,-99,13,-99,-99,2.025,0,-99,-99,0,none,0,0,none,0,0,-99,-99,none,-99,1.108
2011,SC,12,A,2,-99,-99,1,-99,-99,0.103,4,-99,-99,0.257,none,0,0,none,0,0,-99,-99,none,-99,1.062
2011,SC,12,A,3,-99,-99,0,-99,-99,0,5,-99,-99,0.539,none,0,0,none,0,0,-99,-99,none,-99,2.974
2011,SC,12,A,4,-99,-99,1,-99,-99,0.118,12,-99,-99,1.251,none,0,0,none,0,0,-99,-99,none,-99,2.137
2011,SC,12,A,5,-99,-99,22,-99,-99,1.953,0,-99,-99,0,none,0,0,none,0,0,-99,-99,none,-99,2.108
2011,SC,13,C,1,-99,-99,13,-99,-99,1.865,5,-99,-99,0.514,none,0,0,none,0,0,-99,-99,none,-99,0.348
2011,SC,13,C,2,-99,-99,4,-99,-99,0.959,0,-99,-99,0,none,0,0,none,0,0,-99,-99,none,-99,1.944
2011,SC,13,C,3,-99,-99,6,-99,-99,1.198,2,-99,-99,0.332,none,0,0,none,0,0,-99,-99,none,-99,0.521
2011,SC,13,C,4,-99,-99,19,-99,-99,3.684,2,-99,-99,2.9,none,0,0,none,0,0,-99,-99,none,-99,2.671
2011,SC,13,C,5,-99,-99,8,-99,-99,1.628,0,-99,-99,0,none,0,0,none,0,0,-99,-99,none,-99,0.909
2011,SC,14,E,1,-99,-99,3,-99,-99,0.56,12,-99,-99,1.284,none,0,0,none,0,0,-99,-99,none,-99,2.486
2011,SC,14,E,2,-99,-99,9,-99,-99,2.203,6,-99,-99,0.977,none,0,0,none,0,0,-99,-99,none,-99,5.649
2011,SC,14,E,3,-99,-99,3,-99,-99,0.322,1,-99,-99,0.063,none,0,0,none,0,0,-99,-99,none,-99,2.354
2011,SC,14,E,4,-99,-99,1,-99,-99,0.16,2,-99,-99,0.109,none,0,0,none,0,0,-99,-99,none,-99,2.089
2011,SC,14,E,5,-99,-99,1,-99,-99,0.27,2,-99,-99,0.204,none,0,0,none,0,0,-99,-99,none,-99,2.479
2011,SC,15,A,1,-99,-99,0,-99,-99,0,3,-99,-99,0.268,none,0,0,none,0,0,-99,-99,none,-99,0.728
2011,SC,15,A,2,-99,-99,0,-99,-99,0,1,-99,-99,0.071,none,0,0,none,0,0,-99,-99,none,-99,1.473
2011,SC,15,A,3,-99,-99,1,-99,-99,0.151,13,-99,-99,2.191,none,0,0,none,0,0,-99,-99,none,-99,2.375
2011,SC,15,A,4,-99,-99,0,-99,-99,0,6,-99,-99,0.766,none,0,0,none,0,0,-99,-99,none,-99,0.861
2011,SC,15,A,5,-99,-99,0,-99,-99,0,1,-99,-99,0.039,none,0,0,none,0,0,-99,-99,none,-99,1.878
2011,SP,1,E,1,-99,-99,1,-99,-99,0.035,2,-99,-99,0.192,POHY,1,0.052,none,0,0,-99,-99,none,-99,1.36
2011,SP,1,E,2,-99,-99,0,-99,-99,0,0,-99,-99,0,none,0,0,none,0,0,-99,-99,none,-99,1.393
2011,SP,1,E,3,-99,-99,2,-99,-99,0.41,0,-99,-99,0,none,0,0,none,0,0,-99,-99,none,-99,2.02
2011,SP,1,E,4,-99,-99,1,-99,-99,0.17,1,-99,-99,0.027,SOSE,10,0.887,POHY,3,0.011,-99,-99,none,-99,1.138
2011,SP,1,E,5,-99,-99,4,-99,-99,0.539,0,-99,-99,0,POHY,4,0.045,none,0,0,-99,-99,none,-99,0.614
2011,SP,2,A,1,-99,-99,17,-99,-99,3.828,0,-99,-99,0,none,0,0,none,0,0,-99,-99,none,-99,0.545
2011,SP,2,A,2,-99,-99,6,-99,-99,0.722,0,-99,-99,0,none,0,0,none,0,0,-99,-99,none,-99,0.612
2011,SP,2,A,3,-99,-99,2,-99,-99,0.153,0,-99,-99,0,none,0,0,none,0,0,-99,-99,none,-99,0.972
2011,SP,2,A,4,-99,-99,3,-99,-99,0.676,0,-99,-99,0,none,0,0,none,0,0,-99,-99,none,-99,6.125
2011,SP,2,A,5,-99,-99,1,-99,-99,0.282,0,-99,-99,0,none,0,0,none,0,0,-99,-99,none,-99,0.404
2011,SP,3,C,1,-99,-99,11,-99,-99,2.153,0,-99,-99,0,SOSE,5,0.176,none,0,0,-99,-99,none,-99,0.653
2011,SP,3,C,2,-99,-99,22,-99,-99,5.014,0,-99,-99,0,none,0,0,none,0,0,-99,-99,none,-99,0.307
2011,SP,3,C,3,-99,-99,12,-99,-99,1.954,0,-99,-99,0,none,0,0,none,0,0,-99,-99,none,-99,0.419
2011,SP,3,C,4,-99,-99,15,-99,-99,2.368,0,-99,-99,0,none,0,0,none,0,0,-99,-99,none,-99,0.375
2011,SP,3,C,5,-99,-99,4,-99,-99,0.788,0,-99,-99,0,none,0,0,none,0,0,-99,-99,none,-99,1.1
2011,SP,4,E,1,-99,-99,12,-99,-99,1.986,0,-99,-99,0,none,0,0,none,0,0,-99,-99,none,-99,2.32
2011,SP,4,E,2,-99,-99,9,-99,-99,1.866,0,-99,-99,0,none,0,0,none,0,0,-99,-99,none,-99,6.764
2011,SP,4,E,3,-99,-99,9,-99,-99,2.18,0,-99,-99,0,none,0,0,none,0,0,-99,-99,none,-99,2.412
2011,SP,4,E,4,-99,-99,14,-99,-99,3.077,0,-99,-99,0,none,0,0,none,0,0,-99,-99,none,-99,2.535
2011,SP,4,E,5,-99,-99,7,-99,-99,1,0,-99,-99,0,none,0,0,none,0,0,-99,-99,none,-99,1.014
2011,SP,5,A,1,-99,-99,11,-99,-99,1.831,0,-99,-99,0,none,0,0,none,0,0,-99,-99,none,-99,4.842
2011,SP,5,A,2,-99,-99,23,-99,-99,3.235,0,-99,-99,0,none,0,0,none,0,0,-99,-99,none,-99,2.549
2011,SP,5,A,3,-99,-99,6,-99,-99,1.211,0,-99,-99,0,none,0,0,none,0,0,-99,-99,none,-99,2.27
2011,SP,5,A,4,-99,-99,2,-99,-99,0.4,0,-99,-99,0,none,0,0,none,0,0,-99,-99,none,-99,5.478
2011,SP,5,A,5,-99,-99,11,-99,-99,2.676,0,-99,-99,0,none,0,0,none,0,0,-99,-99,none,-99,1.41
2011,SP,6,C,1,-99,-99,9,-99,-99,2.165,0,-99,-99,0,none,0,0,none,0,0,-99,-99,none,-99,0.964
2011,SP,6,C,2,-99,-99,25,-99,-99,5.647,0,-99,-99,0,SOSE,2,0.176,none,0,0,-99,-99,none,-99,1.488
2011,SP,6,C,3,-99,-99,17,-99,-99,4.231,0,-99,-99,0,SOSE,2,0.496,none,0,0,-99,-99,none,-99,3.361
2011,SP,6,C,4,-99,-99,5,-99,-99,1.09,0,-99,-99,0,none,0,0,none,0,0,-99,-99,none,-99,1.208
2011,SP,6,C,5,-99,-99,12,-99,-99,2.325,0,-99,-99,0,none,0,0,none,0,0,-99,-99,none,-99,5.778
2011,SP,7,C,1,-99,-99,22,-99,-99,3.582,0,-99,-99,0,none,0,0,none,0,0,-99,-99,none,-99,0.53
2011,SP,7,C,2,-99,-99,17,-99,-99,2.384,0,-99,-99,0,none,0,0,none,0,0,-99,-99,none,-99,1.474
2011,SP,7,C,3,-99,-99,6,-99,-99,0.879,0,-99,-99,0,none,0,0,none,0,0,-99,-99,none,-99,0.551
2011,SP,7,C,4,-99,-99,23,-99,-99,3.73,0,-99,-99,0,SOSE,2,0.102,none,0,0,-99,-99,none,-99,0.974
2011,SP,7,C,5,-99,-99,21,-99,-99,4.715,0,-99,-99,0,none,0,0,none,0,0,-99,-99,none,-99,1.087
2011,SP,8,E,1,-99,-99,7,-99,-99,1.063,0,-99,-99,0,none,0,0,none,0,0,-99,-99,none,-99,0.522
2011,SP,8,E,2,-99,-99,15,-99,-99,1.85,0,-99,-99,0,none,0,0,none,0,0,-99,-99,none,-99,1.181
2011,SP,8,E,3,-99,-99,24,-99,-99,2.44,0,-99,-99,0,none,0,0,none,0,0,-99,-99,none,-99,7.397
2011,SP,8,E,4,-99,-99,11,-99,-99,1.885,0,-99,-99,0,none,0,0,none,0,0,-99,-99,none,-99,0.042
2011,SP,8,E,5,-99,-99,9,-99,-99,0.826,0,-99,-99,0,SOSE,3,0.149,none,0,0,-99,-99,none,-99,0.716
2011,SP,9,A,1,-99,-99,3,-99,-99,0.935,0,-99,-99,0,none,0,0,none,0,0,-99,-99,none,-99,2.201
2011,SP,9,A,2,-99,-99,6,-99,-99,1.573,0,-99,-99,0,none,0,0,none,0,0,-99,-99,none,-99,1.024
2011,SP,9,A,3,-99,-99,2,-99,-99,0.439,0,-99,-99,0,none,0,0,none,0,0,-99,-99,none,-99,2.219
2011,SP,9,A,4,-99,-99,0,-99,-99,0,0,-99,-99,0,POHY,1,0.002,none,0,0,-99,-99,none,-99,1.292
2011,SP,9,A,5,-99,-99,1,-99,-99,0.085,0,-99,-99,0,none,0,0,none,0,0,-99,-99,none,-99,1.081
2011,SP,10,E,1,-99,-99,5,-99,-99,0.248,0,-99,-99,0,none,0,0,none,0,0,-99,-99,none,-99,1.66
2011,SP,10,E,2,-99,-99,11,-99,-99,0.727,1,-99,-99,0.311,none,0,0,none,0,0,-99,-99,none,-99,1.955
2011,SP,10,E,3,-99,-99,2,-99,-99,0.262,3,-99,-99,0.948,none,0,0,none,0,0,-99,-99,none,-99,0.581
2011,SP,10,E,4,-99,-99,10,-99,-99,1.184,0,-99,-99,0,SOSE,1,0.136,POHY,2,0.016,-99,-99,none,-99,0.933
2011,SP,10,E,5,-99,-99,3,-99,-99,0.176,0,-99,-99,0,POHY,5,0.157,none,0,0,-99,-99,none,-99,2.9
2011,SP,11,A,1,-99,-99,8,-99,-99,1.258,0,-99,-99,0,none,0,0,none,0,0,-99,-99,none,-99,2.185
2011,SP,11,A,2,-99,-99,7,-99,-99,0.812,2,-99,-99,0.282,none,0,0,none,0,0,-99,-99,none,-99,0.137
2011,SP,11,A,3,-99,-99,8,-99,-99,0.95,3,-99,-99,0.368,none,0,0,none,0,0,-99,-99,none,-99,4.1
2011,SP,11,A,4,-99,-99,13,-99,-99,1.643,0,-99,-99,0,none,0,0,none,0,0,-99,-99,none,-99,6.314
2011,SP,11,A,5,-99,-99,16,-99,-99,2.263,5,-99,-99,0.45,none,0,0,none,0,0,-99,-99,none,-99,2.668
2011,SP,12,C,1,-99,-99,21,-99,-99,3.275,0,-99,-99,0,none,0,0,none,0,0,-99,-99,none,-99,1.655
2011,SP,12,C,2,-99,-99,14,-99,-99,2.61,0,-99,-99,0,none,0,0,none,0,0,-99,-99,none,-99,1.06
2011,SP,12,C,3,-99,-99,10,-99,-99,1.252,0,-99,-99,0,none,0,0,none,0,0,-99,-99,none,-99,0.864
2011,SP,12,C,4,-99,-99,10,-99,-99,1.35,0,-99,-99,0,none,0,0,none,0,0,-99,-99,none,-99,1.158
2011,SP,12,C,5,-99,-99,25,-99,-99,4.341,0,-99,-99,0,none,0,0,none,0,0,-99,-99,none,-99,2.392
2011,SP,13,A,1,-99,-99,9,-99,-99,0.893,2,-99,-99,0.45,none,0,0,none,0,0,-99,-99,none,-99,0.848
2011,SP,13,A,2,-99,-99,15,-99,-99,1.702,0,-99,-99,0,none,0,0,none,0,0,-99,-99,none,-99,1.656
2011,SP,13,A,3,-99,-99,10,-99,-99,1.561,0,-99,-99,0,none,0,0,none,0,0,-99,-99,none,-99,1.921
2011,SP,13,A,4,-99,-99,25,-99,-99,1.925,0,-99,-99,0,none,0,0,none,0,0,-99,-99,none,-99,1.575
2011,SP,13,A,5,-99,-99,8,-99,-99,1.162,0,-99,-99,0,none,0,0,none,0,0,-99,-99,none,-99,0.683
2011,SP,14,E,1,-99,-99,11,-99,-99,1.571,0,-99,-99,0,none,0,0,none,0,0,-99,-99,none,-99,1.535
2011,SP,14,E,2,-99,-99,18,-99,-99,3.555,0,-99,-99,0,none,0,0,none,0,0,-99,-99,none,-99,4.184
2011,SP,14,E,3,-99,-99,7,-99,-99,1.242,0,-99,-99,0,none,0,0,none,0,0,-99,-99,none,-99,4.843
2011,SP,14,E,4,-99,-99,8,-99,-99,1.521,0,-99,-99,0,TYLA,1,3.391,none,0,0,-99,-99,none,-99,3.854
2011,SP,14,E,5,-99,-99,17,-99,-99,3.002,0,-99,-99,0,none,0,0,none,0,0,-99,-99,none,-99,2.28
2011,SP,15,C,1,-99,-99,11,-99,-99,2.006,0,-99,-99,0,none,0,0,none,0,0,-99,-99,none,-99,0.412
2011,SP,15,C,2,-99,-99,23,-99,-99,4.656,0,-99,-99,0,none,0,0,none,0,0,-99,-99,none,-99,0.71
2011,SP,15,C,3,-99,-99,42,-99,-99,8.355,0,-99,-99,0,none,0,0,none,0,0,-99,-99,none,-99,2.296
2011,SP,15,C,4,-99,-99,10,-99,-99,2.161,0,-99,-99,0,none,0,0,none,0,0,-99,-99,none,-99,3.823
2011,SP,15,C,5,-99,-99,26,-99,-99,4.39,0,-99,-99,0,none,0,0,none,0,0,-99,-99,none,-99,6.464
2012,MX,1,E,1,-99,-99,0,-99,-99,0,1,-99,-99,0.215,none,0,0,none,0,0,-99,-99,none,-99,-99
2012,MX,1,E,2,-99,-99,0,-99,-99,0,0,-99,-99,0,none,0,0,none,0,0,-99,-99,none,-99,-99
2012,MX,1,E,3,-99,-99,0,-99,-99,0,3,-99,-99,0.563,none,0,0,none,0,0,-99,-99,none,-99,-99
2012,MX,1,E,4,-99,-99,0,-99,-99,0,6,-99,-99,0.894,none,0,0,none,0,0,-99,-99,none,-99,-99
2012,MX,1,E,5,-99,-99,0,-99,-99,0,2,-99,-99,0.443,none,0,0,none,0,0,-99,-99,none,-99,-99
2012,MX,2,A,1,-99,-99,4,-99,-99,0.338,1,-99,-99,0.098,none,0,0,none,0,0,-99,-99,none,-99,-99
2012,MX,2,A,2,-99,-99,0,-99,-99,0,1,-99,-99,0.044,none,0,0,none,0,0,-99,-99,none,-99,-99
2012,MX,2,A,3,-99,-99,0,-99,-99,0,0,-99,-99,0,none,0,0,none,0,0,-99,-99,none,-99,-99
2012,MX,2,A,4,-99,-99,1,-99,-99,0.118,1,-99,-99,0.158,none,0,0,none,0,0,-99,-99,none,-99,-99
2012,MX,2,A,5,-99,-99,4,-99,-99,0.835,0,-99,-99,0,none,0,0,none,0,0,-99,-99,none,-99,-99
2012,MX,3,C,1,-99,-99,7,-99,-99,1.295,2,-99,-99,0.283,none,0,0,none,0,0,-99,-99,none,-99,-99
2012,MX,3,C,2,-99,-99,6,-99,-99,0.828,0,-99,-99,0,ATPA4,1,0.161,none,0,0,-99,-99,none,-99,-99
2012,MX,3,C,3,-99,-99,1,-99,-99,0.183,5,-99,-99,0.464,none,0,0,none,0,0,-99,-99,none,-99,-99
2012,MX,3,C,4,-99,-99,3,-99,-99,0.761,3,-99,-99,0.159,POHY,1,0.019,none,0,0,-99,-99,none,-99,-99
2012,MX,3,C,5,-99,-99,0,-99,-99,0,0,-99,-99,0,none,0,0,none,0,0,-99,-99,none,-99,-99
2012,MX,4,E,1,-99,-99,4,-99,-99,0.731,2,-99,-99,0.21,none,0,0,none,0,0,-99,-99,none,-99,-99
2012,MX,4,E,2,-99,-99,0,-99,-99,0,5,-99,-99,0.623,none,0,0,none,0,0,-99,-99,none,-99,-99
2012,MX,4,E,3,-99,-99,0,-99,-99,0,6,-99,-99,0.81,none,0,0,none,0,0,-99,-99,none,-99,-99
2012,MX,4,E,4,-99,-99,0,-99,-99,0,3,-99,-99,0.529,none,0,0,none,0,0,-99,-99,none,-99,-99
2012,MX,4,E,5,-99,-99,10,-99,-99,1.04,4,-99,-99,0.426,none,0,0,none,0,0,-99,-99,none,-99,-99
2012,MX,5,C,1,-99,-99,1,-99,-99,0.283,3,-99,-99,0.514,POHY,2,0.216,none,0,0,-99,-99,none,-99,-99
2012,MX,5,C,2,-99,-99,6,-99,-99,1.104,4,-99,-99,0.924,none,0,0,none,0,0,-99,-99,none,-99,-99
2012,MX,5,C,3,-99,-99,1,-99,-99,0.15,4,-99,-99,1.033,none,0,0,none,0,0,-99,-99,none,-99,-99
2012,MX,5,C,4,-99,-99,6,-99,-99,1.166,9,-99,-99,1.744,none,0,0,none,0,0,-99,-99,none,-99,-99
2012,MX,5,C,5,-99,-99,1,-99,-99,0.155,4,-99,-99,0.672,none,0,0,none,0,0,-99,-99,none,-99,-99
2012,MX,6,A,1,-99,-99,3,-99,-99,0.48,1,-99,-99,0.072,none,0,0,none,0,0,-99,-99,none,-99,-99
2012,MX,6,A,2,-99,-99,4,-99,-99,0.582,1,-99,-99,0.148,none,0,0,none,0,0,-99,-99,none,-99,-99
2012,MX,6,A,3,-99,-99,0,-99,-99,0,1,-99,-99,0.251,none,0,0,none,0,0,-99,-99,none,-99,-99
2012,MX,6,A,4,-99,-99,8,-99,-99,0.679,1,-99,-99,0.107,none,0,0,none,0,0,-99,-99,none,-99,-99
2012,MX,6,A,5,-99,-99,2,-99,-99,0.198,3,-99,-99,0.372,none,0,0,none,0,0,-99,-99,none,-99,-99
2012,MX,7,C,1,-99,-99,4,-99,-99,0.948,2,-99,-99,0.175,POHY,1,0.319,none,0,0,-99,-99,none,-99,-99
2012,MX,7,C,2,-99,-99,7,-99,-99,0.58,1,-99,-99,0.12,none,0,0,none,0,0,-99,-99,none,-99,-99
2012,MX,7,C,3,-99,-99,3,-99,-99,0.34,1,-99,-99,0.043,none,0,0,none,0,0,-99,-99,none,-99,-99
2012,MX,7,C,4,-99,-99,23,-99,-99,3.132,0,-99,-99,0,POHY,4,0.426,none,0,0,-99,-99,none,-99,-99
2012,MX,7,C,5,-99,-99,0,-99,-99,0,1,-99,-99,0.104,none,0,0,none,0,0,-99,-99,none,-99,-99
2012,MX,8,E,1,-99,-99,0,-99,-99,0,0,-99,-99,0,none,0,0,none,0,0,-99,-99,none,-99,-99
2012,MX,8,E,2,-99,-99,0,-99,-99,0,0,-99,-99,0,none,0,0,none,0,0,-99,-99,none,-99,-99
2012,MX,8,E,3,-99,-99,2,-99,-99,0.23,1,-99,-99,0.247,none,0,0,none,0,0,-99,-99,none,-99,-99
2012,MX,8,E,4,-99,-99,0,-99,-99,0,0,-99,-99,0,none,0,0,none,0,0,-99,-99,none,-99,-99
2012,MX,8,E,5,-99,-99,0,-99,-99,0,0,-99,-99,0,POHY,2,0.008,none,0,0,-99,-99,none,-99,-99
2012,MX,9,A,1,-99,-99,19,-99,-99,2.936,0,-99,-99,0,none,0,0,none,0,0,-99,-99,none,-99,-99
2012,MX,9,A,2,-99,-99,3,-99,-99,0.475,1,-99,-99,0.118,none,0,0,none,0,0,-99,-99,none,-99,-99
2012,MX,9,A,3,-99,-99,1,-99,-99,0.108,2,-99,-99,0.327,none,0,0,none,0,0,-99,-99,none,-99,-99
2012,MX,9,A,4,-99,-99,2,-99,-99,0.441,1,-99,-99,0.142,none,0,0,none,0,0,-99,-99,none,-99,-99
2012,MX,9,A,5,-99,-99,18,-99,-99,2.923,4,-99,-99,0.232,none,0,0,none,0,0,-99,-99,none,-99,-99
2012,MX,10,C,1,-99,-99,11,-99,-99,1.791,1,-99,-99,0.066,none,0,0,none,0,0,-99,-99,none,-99,-99
2012,MX,10,C,2,-99,-99,1,-99,-99,0.227,3,-99,-99,0.39,none,0,0,none,0,0,-99,-99,none,-99,-99
2012,MX,10,C,3,-99,-99,0,-99,-99,0,2,-99,-99,0.298,none,0,0,none,0,0,-99,-99,none,-99,-99
2012,MX,10,C,4,-99,-99,11,-99,-99,1.834,2,-99,-99,0.299,none,0,0,none,0,0,-99,-99,none,-99,-99
2012,MX,10,C,5,-99,-99,5,-99,-99,0.439,6,-99,-99,0.7,none,0,0,none,0,0,-99,-99,none,-99,-99
2012,MX,11,E,1,-99,-99,4,-99,-99,0.286,1,-99,-99,0.171,none,0,0,none,0,0,-99,-99,none,-99,-99
2012,MX,11,E,2,-99,-99,1,-99,-99,0.082,0,-99,-99,0,none,0,0,none,0,0,-99,-99,none,-99,-99
2012,MX,11,E,3,-99,-99,0,-99,-99,0,0,-99,-99,0,none,0,0,none,0,0,-99,-99,none,-99,-99
2012,MX,11,E,4,-99,-99,0,-99,-99,0,6,-99,-99,0.809,none,0,0,none,0,0,-99,-99,none,-99,-99
2012,MX,11,E,5,-99,-99,0,-99,-99,0,4,-99,-99,0.548,none,0,0,none,0,0,-99,-99,none,-99,-99
2012,MX,12,A,1,-99,-99,0,-99,-99,0,5,-99,-99,0.419,none,0,0,none,0,0,-99,-99,none,-99,-99
2012,MX,12,A,2,-99,-99,0,-99,-99,0,5,-99,-99,0.6,none,0,0,none,0,0,-99,-99,none,-99,-99
2012,MX,12,A,3,-99,-99,0,-99,-99,0,0,-99,-99,0,none,0,0,none,0,0,-99,-99,none,-99,-99
2012,MX,12,A,4,-99,-99,0,-99,-99,0,1,-99,-99,0.189,none,0,0,none,0,0,-99,-99,none,-99,-99
2012,MX,12,A,5,-99,-99,0,-99,-99,0,2,-99,-99,0.21,none,0,0,none,0,0,-99,-99,none,-99,-99
2012,MX,13,E,1,-99,-99,0,-99,-99,0,8,-99,-99,0.741,none,0,0,none,0,0,-99,-99,none,-99,-99
2012,MX,13,E,2,-99,-99,1,-99,-99,0.156,2,-99,-99,0.416,none,0,0,none,0,0,-99,-99,none,-99,-99
2012,MX,13,E,3,-99,-99,3,-99,-99,0.447,2,-99,-99,0.637,none,0,0,none,0,0,-99,-99,none,-99,-99
2012,MX,13,E,4,-99,-99,0,-99,-99,0,5,-99,-99,0.743,none,0,0,none,0,0,-99,-99,none,-99,-99
2012,MX,13,E,5,-99,-99,0,-99,-99,0,4,-99,-99,0.726,none,0,0,none,0,0,-99,-99,none,-99,-99
2012,MX,14,C,1,-99,-99,4,-99,-99,0.864,0,-99,-99,0,none,0,0,none,0,0,-99,-99,none,-99,-99
2012,MX,14,C,2,-99,-99,13,-99,-99,2.048,4,-99,-99,0.583,none,0,0,none,0,0,-99,-99,none,-99,-99
2012,MX,14,C,3,-99,-99,3,-99,-99,0.683,0,-99,-99,0,none,0,0,none,0,0,-99,-99,none,-99,-99
2012,MX,14,C,4,-99,-99,6,-99,-99,1.02,0,-99,-99,0,none,0,0,none,0,0,-99,-99,none,-99,-99
2012,MX,14,C,5,-99,-99,1,-99,-99,0.246,0,-99,-99,0.256,none,0,0,none,0,0,-99,-99,none,-99,-99
2012,MX,15,A,1,-99,-99,0,-99,-99,0,3,-99,-99,0.47,SOSE,2,0.587,none,0,0,-99,-99,none,-99,-99
2012,MX,15,A,2,-99,-99,7,-99,-99,1.005,0,-99,-99,0,none,0,0,none,0,0,-99,-99,none,-99,-99
2012,MX,15,A,3,-99,-99,2,-99,-99,0.299,1,-99,-99,0.307,none,0,0,none,0,0,-99,-99,none,-99,-99
2012,MX,15,A,4,-99,-99,4,-99,-99,0.516,1,-99,-99,0.235,none,0,0,none,0,0,-99,-99,none,-99,-99
2012,MX,15,A,5,-99,-99,4,-99,-99,0.608,1,-99,-99,0.154,none,0,0,none,0,0,-99,-99,none,-99,-99
2012,SC,1,E,1,-99,-99,0,-99,-99,0,0,-99,-99,0,none,0,0,none,0,0,-99,-99,none,-99,-99
2012,SC,1,E,2,-99,-99,0,-99,-99,0,0,-99,-99,0,none,0,0,none,0,0,-99,-99,none,-99,-99
2012,SC,1,E,3,-99,-99,0,-99,-99,0,2,-99,-99,0.328,none,0,0,none,0,0,-99,-99,none,-99,-99
2012,SC,1,E,4,-99,-99,2,-99,-99,0.555,1,-99,-99,0.083,none,0,0,none,0,0,-99,-99,none,-99,-99
2012,SC,1,E,5,-99,-99,0,-99,-99,0,0,-99,-99,0,none,0,0,none,0,0,-99,-99,none,-99,-99
2012,SC,2,A,1,-99,-99,0,-99,-99,0,0,-99,-99,0,none,0,0,none,0,0,-99,-99,none,-99,-99
2012,SC,2,A,2,-99,-99,0,-99,-99,0,0,-99,-99,0,none,0,0,none,0,0,-99,-99,none,-99,-99
2012,SC,2,A,3,-99,-99,0,-99,-99,0,0,-99,-99,0,none,0,0,none,0,0,-99,-99,none,-99,-99
2012,SC,2,A,4,-99,-99,0,-99,-99,0,0,-99,-99,0,none,0,0,none,0,0,-99,-99,none,-99,-99
2012,SC,2,A,5,-99,-99,0,-99,-99,0,1,-99,-99,0.177,none,0,0,none,0,0,-99,-99,none,-99,-99
2012,SC,3,C,1,-99,-99,0,-99,-99,0,1,-99,-99,0.366,none,0,0,none,0,0,-99,-99,none,-99,-99
2012,SC,3,C,2,-99,-99,7,-99,-99,1.336,0,-99,-99,0,none,0,0,none,0,0,-99,-99,none,-99,-99
2012,SC,3,C,3,-99,-99,5,-99,-99,1.074,0,-99,-99,0,none,0,0,none,0,0,-99,-99,none,-99,-99
2012,SC,3,C,4,-99,-99,0,-99,-99,0,0,-99,-99,0,none,0,0,none,0,0,-99,-99,none,-99,-99
2012,SC,3,C,5,-99,-99,1,-99,-99,0.216,0,-99,-99,0,none,0,0,none,0,0,-99,-99,none,-99,-99
2012,SC,4,A,1,-99,-99,0,-99,-99,0,1,-99,-99,0.035,none,0,0,none,0,0,-99,-99,none,-99,-99
2012,SC,4,A,2,-99,-99,3,-99,-99,0.73,3,-99,-99,0.668,none,0,0,none,0,0,-99,-99,none,-99,-99
2012,SC,4,A,3,-99,-99,0,-99,-99,0,6,-99,-99,1.176,none,0,0,none,0,0,-99,-99,none,-99,-99
2012,SC,4,A,4,-99,-99,4,-99,-99,0.79,3,-99,-99,0.368,none,0,0,none,0,0,-99,-99,none,-99,-99
2012,SC,4,A,5,-99,-99,0,-99,-99,0,0,-99,-99,0,none,0,0,none,0,0,-99,-99,none,-99,-99
2012,SC,5,C,1,-99,-99,20,-99,-99,2.883,0,-99,-99,0,none,0,0,none,0,0,-99,-99,none,-99,-99
2012,SC,5,C,2,-99,-99,3,-99,-99,0.641,0,-99,-99,0,none,0,0,none,0,0,-99,-99,none,-99,-99
2012,SC,5,C,3,-99,-99,1,-99,-99,0.226,0,-99,-99,0,none,0,0,none,0,0,-99,-99,none,-99,-99
2012,SC,5,C,4,-99,-99,6,-99,-99,1.116,0,-99,-99,0,none,0,0,none,0,0,-99,-99,none,-99,-99
2012,SC,5,C,5,-99,-99,5,-99,-99,0.742,0,-99,-99,0,none,0,0,none,0,0,-99,-99,none,-99,-99
2012,SC,6,E,1,-99,-99,0,-99,-99,0,0,-99,-99,0,none,0,0,none,0,0,-99,-99,none,-99,-99
2012,SC,6,E,2,-99,-99,0,-99,-99,0,1,-99,-99,0.176,none,0,0,none,0,0,-99,-99,none,-99,-99
2012,SC,6,E,3,-99,-99,0,-99,-99,0,2,-99,-99,0.215,none,0,0,none,0,0,-99,-99,none,-99,-99
2012,SC,6,E,4,-99,-99,0,-99,-99,0,0,-99,-99,0,none,0,0,none,0,0,-99,-99,none,-99,-99
2012,SC,6,E,5,-99,-99,1,-99,-99,-99,0,-99,-99,0,none,0,0,none,0,0,-99,-99,none,-99,-99
2012,SC,7,C,1,-99,-99,6,-99,-99,1.071,4,-99,-99,0.373,none,0,0,none,0,0,-99,-99,none,-99,-99
2012,SC,7,C,2,-99,-99,1,-99,-99,0.057,2,-99,-99,0.214,none,0,0,none,0,0,-99,-99,none,-99,-99
2012,SC,7,C,3,-99,-99,0,-99,-99,0,0,-99,-99,0,none,0,0,none,0,0,-99,-99,none,-99,-99
2012,SC,7,C,4,-99,-99,4,-99,-99,0.912,0,-99,-99,0,none,0,0,none,0,0,-99,-99,none,-99,-99
2012,SC,7,C,5,-99,-99,6,-99,-99,0.877,3,-99,-99,0.483,none,0,0,none,0,0,-99,-99,none,-99,-99
2012,SC,8,A,1,-99,-99,0,-99,-99,0,2,-99,-99,0.488,none,0,0,none,0,0,-99,-99,none,-99,-99
2012,SC,8,A,2,-99,-99,0,-99,-99,0,4,-99,-99,0.622,none,0,0,none,0,0,-99,-99,none,-99,-99
2012,SC,8,A,3,-99,-99,0,-99,-99,0,1,-99,-99,0.072,none,0,0,none,0,0,-99,-99,none,-99,-99
2012,SC,8,A,4,-99,-99,0,-99,-99,0,2,-99,-99,0.346,none,0,0,none,0,0,-99,-99,none,-99,-99
2012,SC,8,A,5,-99,-99,1,-99,-99,0.074,0,-99,-99,0,none,0,0,none,0,0,-99,-99,none,-99,-99
2012,SC,9,E,1,-99,-99,0,-99,-99,0,1,-99,-99,0.171,none,0,0,none,0,0,-99,-99,none,-99,-99
2012,SC,9,E,2,-99,-99,0,-99,-99,0,4,-99,-99,0.434,none,0,0,none,0,0,-99,-99,none,-99,-99
2012,SC,9,E,3,-99,-99,0,-99,-99,0,0,-99,-99,0,LYLI2,3,1.009,none,0,0,-99,-99,none,-99,-99
2012,SC,9,E,4,-99,-99,0,-99,-99,0,0,-99,-99,0,none,0,0,none,0,0,-99,-99,none,-99,-99
2012,SC,9,E,5,-99,-99,3,-99,-99,0.377,0,-99,-99,0,SOSE,3,0.314,none,0,0,-99,-99,none,-99,-99
2012,SC,10,E,1,-99,-99,0,-99,-99,0,2,-99,-99,0.202,LYLI2,1,0.646,none,0,0,-99,-99,none,-99,-99
2012,SC,10,E,2,-99,-99,0,-99,-99,0,0,-99,-99,0,none,0,0,none,0,0,-99,-99,none,-99,-99
2012,SC,10,E,3,-99,-99,0,-99,-99,0,0,-99,-99,0,none,0,0,none,0,0,-99,-99,none,-99,-99
2012,SC,10,E,4,-99,-99,0,-99,-99,0,2,-99,-99,0.284,none,0,0,none,0,0,-99,-99,none,-99,-99
2012,SC,10,E,5,-99,-99,0,-99,-99,0,1,-99,-99,0.086,none,0,0,none,0,0,-99,-99,none,-99,-99
2012,SC,11,C,1,-99,-99,11,-99,-99,2.288,0,-99,-99,0,none,0,0,none,0,0,-99,-99,none,-99,-99
2012,SC,11,C,2,-99,-99,0,-99,-99,0,4,-99,-99,0.513,POHY,1,0.015,none,0,0,-99,-99,none,-99,-99
2012,SC,11,C,3,-99,-99,9,-99,-99,1.62,5,-99,-99,0.497,none,0,0,none,0,0,-99,-99,none,-99,-99
2012,SC,11,C,4,-99,-99,18,-99,-99,2.631,0,-99,-99,0,none,0,0,none,0,0,-99,-99,none,-99,-99
2012,SC,11,C,5,-99,-99,6,-99,-99,1.288,1,-99,-99,0.056,none,0,0,none,0,0,-99,-99,none,-99,-99
2012,SC,12,A,1,-99,-99,0,-99,-99,0,10,-99,-99,1.104,none,0,0,none,0,0,-99,-99,none,-99,-99
2012,SC,12,A,2,-99,-99,15,-99,-99,1.395,0,-99,-99,0,none,0,0,none,0,0,-99,-99,none,-99,-99
2012,SC,12,A,3,-99,-99,9,-99,-99,1.229,3,-99,-99,0.213,none,0,0,none,0,0,-99,-99,none,-99,-99
2012,SC,12,A,4,-99,-99,3,-99,-99,0.465,3,-99,-99,0.42,none,0,0,none,0,0,-99,-99,none,-99,-99
2012,SC,12,A,5,-99,-99,4,-99,-99,0.767,4,-99,-99,0.346,none,0,0,none,0,0,-99,-99,none,-99,-99
2012,SC,13,C,1,-99,-99,4,-99,-99,0.596,0,-99,-99,0,none,0,0,none,0,0,-99,-99,none,-99,-99
2012,SC,13,C,2,-99,-99,11,-99,-99,2.347,0,-99,-99,0,none,0,0,none,0,0,-99,-99,none,-99,-99
2012,SC,13,C,3,-99,-99,8,-99,-99,0.989,0,-99,-99,0,none,0,0,none,0,0,-99,-99,none,-99,-99
2012,SC,13,C,4,-99,-99,8,-99,-99,0.651,1,-99,-99,0.021,none,0,0,none,0,0,-99,-99,none,-99,-99
2012,SC,13,C,5,-99,-99,11,-99,-99,2.111,0,-99,-99,0,none,0,0,none,0,0,-99,-99,none,-99,-99
2012,SC,14,E,1,-99,-99,0,-99,-99,0,3,-99,-99,0.484,none,0,0,none,0,0,-99,-99,none,-99,-99
2012,SC,14,E,2,-99,-99,0,-99,-99,0,0,-99,-99,0,none,0,0,none,0,0,-99,-99,none,-99,-99
2012,SC,14,E,3,-99,-99,0,-99,-99,0,0,-99,-99,0,none,0,0,none,0,0,-99,-99,none,-99,-99
2012,SC,14,E,4,-99,-99,0,-99,-99,0,4,-99,-99,0.634,none,0,0,none,0,0,-99,-99,none,-99,-99
2012,SC,14,E,5,-99,-99,0,-99,-99,0,2,-99,-99,0.177,none,0,0,none,0,0,-99,-99,none,-99,-99
2012,SC,15,A,1,-99,-99,0,-99,-99,0,4,-99,-99,0.628,none,0,0,none,0,0,-99,-99,none,-99,-99
2012,SC,15,A,2,-99,-99,0,-99,-99,0,0,-99,-99,0,none,0,0,none,0,0,-99,-99,none,-99,-99
2012,SC,15,A,3,-99,-99,0,-99,-99,0,6,-99,-99,0.549,none,0,0,none,0,0,-99,-99,none,-99,-99
2012,SC,15,A,4,-99,-99,0,-99,-99,0,8,-99,-99,0.711,none,0,0,none,0,0,-99,-99,none,-99,-99
2012,SC,15,A,5,-99,-99,0,-99,-99,0,0,-99,-99,0,none,0,0,none,0,0,-99,-99,none,-99,-99
2012,SP,1,E,1,-99,-99,2,-99,-99,0.355,1,-99,-99,0.22,none,0,0,none,0,0,-99,-99,none,-99,-99
2012,SP,1,E,2,-99,-99,0,-99,-99,0,1,-99,-99,0.048,none,0,0,none,0,0,-99,-99,none,-99,-99
2012,SP,1,E,3,-99,-99,1,-99,-99,0.293,0,-99,-99,0,none,0,0,none,0,0,-99,-99,none,-99,-99
2012,SP,1,E,4,-99,-99,1,-99,-99,0.137,1,-99,-99,0.143,none,0,0,none,0,0,-99,-99,none,-99,-99
2012,SP,1,E,5,-99,-99,0,-99,-99,0,0,-99,-99,0,none,0,0,none,0,0,-99,-99,none,-99,-99
2012,SP,2,A,1,-99,-99,10,-99,-99,2.625,0,-99,-99,0,none,0,0,none,0,0,-99,-99,none,-99,-99
2012,SP,2,A,2,-99,-99,10,-99,-99,2.234,0,-99,-99,0,none,0,0,none,0,0,-99,-99,none,-99,-99
2012,SP,2,A,3,-99,-99,3,-99,-99,0.84,0,-99,-99,0,none,0,0,none,0,0,-99,-99,none,-99,-99
2012,SP,2,A,4,-99,-99,7,-99,-99,1.579,0,-99,-99,0,SOSE,3,0.675,none,0,0,-99,-99,none,-99,-99
2012,SP,2,A,5,-99,-99,4,-99,-99,0.879,0,-99,-99,0,none,0,0,none,0,0,-99,-99,none,-99,-99
2012,SP,3,C,1,-99,-99,7,-99,-99,1.705,0,-99,-99,0,none,0,0,none,0,0,-99,-99,none,-99,-99
2012,SP,3,C,2,-99,-99,10,-99,-99,1.261,0,-99,-99,0,none,0,0,none,0,0,-99,-99,none,-99,-99
2012,SP,3,C,3,-99,-99,10,-99,-99,1.847,0,-99,-99,0,none,0,0,none,0,0,-99,-99,none,-99,-99
2012,SP,3,C,4,-99,-99,13,-99,-99,2.388,0,-99,-99,0,none,0,0,none,0,0,-99,-99,none,-99,-99
2012,SP,3,C,5,-99,-99,19,-99,-99,3.269,0,-99,-99,0,none,0,0,none,0,0,-99,-99,none,-99,-99
2012,SP,4,E,1,-99,-99,11,-99,-99,1.708,0,-99,-99,0,none,0,0,none,0,0,-99,-99,none,-99,-99
2012,SP,4,E,2,-99,-99,18,-99,-99,2.653,0,-99,-99,0,none,0,0,none,0,0,-99,-99,none,-99,-99
2012,SP,4,E,3,-99,-99,8,-99,-99,1.402,0,-99,-99,0,none,0,0,none,0,0,-99,-99,none,-99,-99
2012,SP,4,E,4,-99,-99,11,-99,-99,1.634,0,-99,-99,0,none,0,0,none,0,0,-99,-99,none,-99,-99
2012,SP,4,E,5,-99,-99,1,-99,-99,0.061,0,-99,-99,0,none,0,0,none,0,0,-99,-99,none,-99,-99
2012,SP,5,A,1,-99,-99,5,-99,-99,1.159,0,-99,-99,0,none,0,0,none,0,0,-99,-99,none,-99,-99
2012,SP,5,A,2,-99,-99,12,-99,-99,2.183,0,-99,-99,0,none,0,0,none,0,0,-99,-99,none,-99,-99
2012,SP,5,A,3,-99,-99,3,-99,-99,0.266,0,-99,-99,0,none,0,0,none,0,0,-99,-99,none,-99,-99
2012,SP,5,A,4,-99,-99,16,-99,-99,3.085,0,-99,-99,0,none,0,0,none,0,0,-99,-99,none,-99,-99
2012,SP,5,A,5,-99,-99,18,-99,-99,2.974,0,-99,-99,0,none,0,0,none,0,0,-99,-99,none,-99,-99
2012,SP,6,C,1,-99,-99,3,-99,-99,0.724,0,-99,-99,0,none,0,0,none,0,0,-99,-99,none,-99,-99
2012,SP,6,C,2,-99,-99,8,-99,-99,1.245,0,-99,-99,0,SOSE,1,0.062,none,0,0,-99,-99,none,-99,-99
2012,SP,6,C,3,-99,-99,15,-99,-99,1.812,0,-99,-99,0,none,0,0,none,0,0,-99,-99,none,-99,-99
2012,SP,6,C,4,-99,-99,13,-99,-99,2.48,0,-99,-99,0,none,0,0,none,0,0,-99,-99,none,-99,-99
2012,SP,6,C,5,-99,-99,0,-99,-99,0,0,-99,-99,0,none,0,0,none,0,0,-99,-99,none,-99,-99
2012,SP,7,C,1,-99,-99,12,-99,-99,1.765,0,-99,-99,0,none,0,0,none,0,0,-99,-99,none,-99,-99
2012,SP,7,C,2,-99,-99,9,-99,-99,1.046,0,-99,-99,0,none,0,0,none,0,0,-99,-99,none,-99,-99
2012,SP,7,C,3,-99,-99,13,-99,-99,1.708,0,-99,-99,0,none,0,0,none,0,0,-99,-99,none,-99,-99
2012,SP,7,C,4,-99,-99,9,-99,-99,1.225,0,-99,-99,0,none,0,0,none,0,0,-99,-99,none,-99,-99
2012,SP,7,C,5,-99,-99,12,-99,-99,1.974,0,-99,-99,0,none,0,0,none,0,0,-99,-99,none,-99,-99
2012,SP,8,E,1,-99,-99,3,-99,-99,0.299,0,-99,-99,0,none,0,0,none,0,0,-99,-99,none,-99,-99
2012,SP,8,E,2,-99,-99,15,-99,-99,1.282,0,-99,-99,0,none,0,0,none,0,0,-99,-99,none,-99,-99
2012,SP,8,E,3,-99,-99,11,-99,-99,2.36,0,-99,-99,0,none,0,0,none,0,0,-99,-99,none,-99,-99
2012,SP,8,E,4,-99,-99,25,-99,-99,4.431,0,-99,-99,0,none,0,0,none,0,0,-99,-99,none,-99,-99
2012,SP,8,E,5,-99,-99,1,-99,-99,0.246,0,-99,-99,0,none,0,0,none,0,0,-99,-99,none,-99,-99
2012,SP,9,A,1,-99,-99,7,-99,-99,1.959,0,-99,-99,0,none,0,0,none,0,0,-99,-99,none,-99,-99
2012,SP,9,A,2,-99,-99,3,-99,-99,0.57,0,-99,-99,0,SOSE,3,2.584,none,0,0,-99,-99,none,-99,-99
2012,SP,9,A,3,-99,-99,17,-99,-99,2.275,0,-99,-99,0,none,0,0,none,0,0,-99,-99,none,-99,-99
2012,SP,9,A,4,-99,-99,0,-99,-99,0,0,-99,-99,0,none,0,0,none,0,0,-99,-99,none,-99,-99
2012,SP,9,A,5,-99,-99,5,-99,-99,0.885,0,-99,-99,0,none,0,0,none,0,0,-99,-99,none,-99,-99
2012,SP,10,E,1,-99,-99,21,-99,-99,2.414,0,-99,-99,0,none,0,0,none,0,0,-99,-99,none,-99,-99
2012,SP,10,E,2,-99,-99,5,-99,-99,1.224,0,-99,-99,0,none,0,0,none,0,0,-99,-99,none,-99,-99
2012,SP,10,E,3,-99,-99,5,-99,-99,0.531,0,-99,-99,0,SOSE ,1,0.027,none,0,0,-99,-99,none,-99,-99
2012,SP,10,E,4,-99,-99,20,-99,-99,2.119,3,-99,-99,0.375,none,0,0,none,0,0,-99,-99,none,-99,-99
2012,SP,10,E,5,-99,-99,1,-99,-99,0.118,0,-99,-99,0,SOSE,1,0.157,none,0,0,-99,-99,none,-99,-99
2012,SP,11,A,1,-99,-99,9,-99,-99,1.053,0,-99,-99,0,none,0,0,none,0,0,-99,-99,none,-99,-99
2012,SP,11,A,2,-99,-99,16,-99,-99,2.262,1,-99,-99,0.027,none,0,0,none,0,0,-99,-99,none,-99,-99
2012,SP,11,A,3,-99,-99,5,-99,-99,0.668,0,-99,-99,0,none,0,0,none,0,0,-99,-99,none,-99,-99
2012,SP,11,A,4,-99,-99,2,-99,-99,0.38,5,-99,-99,0.533,none,0,0,none,0,0,-99,-99,none,-99,-99
2012,SP,11,A,5,-99,-99,7,-99,-99,0.743,0,-99,-99,0,none,0,0,none,0,0,-99,-99,none,-99,-99
2012,SP,12,C,1,-99,-99,14,-99,-99,2.197,0,-99,-99,0,none,0,0,none,0,0,-99,-99,none,-99,-99
2012,SP,12,C,2,-99,-99,4,-99,-99,0.591,0,-99,-99,0,none,0,0,none,0,0,-99,-99,none,-99,-99
2012,SP,12,C,3,-99,-99,24,-99,-99,3.468,0,-99,-99,0,none,0,0,none,0,0,-99,-99,none,-99,-99
2012,SP,12,C,4,-99,-99,9,-99,-99,1.299,0,-99,-99,0,none,0,0,none,0,0,-99,-99,none,-99,-99
2012,SP,12,C,5,-99,-99,14,-99,-99,2.213,0,-99,-99,0,none,0,0,none,0,0,-99,-99,none,-99,-99
2012,SP,13,A,1,-99,-99,11,-99,-99,1.723,0,-99,-99,0,none,0,0,none,0,0,-99,-99,none,-99,-99
2012,SP,13,A,2,-99,-99,14,-99,-99,1.875,0,-99,-99,0,none,0,0,none,0,0,-99,-99,none,-99,-99
2012,SP,13,A,3,-99,-99,13,-99,-99,1.616,0,-99,-99,0,none,0,0,none,0,0,-99,-99,none,-99,-99
2012,SP,13,A,4,-99,-99,16,-99,-99,1.87,0,-99,-99,0,none,0,0,none,0,0,-99,-99,none,-99,-99
2012,SP,13,A,5,-99,-99,9,-99,-99,1.344,0,-99,-99,0,none,0,0,none,0,0,-99,-99,none,-99,-99
2012,SP,14,E,1,-99,-99,1,-99,-99,0.074,0,-99,-99,0,TYLA,2,2.415,none,0,0,-99,-99,none,-99,-99
2012,SP,14,E,2,-99,-99,6,-99,-99,1.156,0,-99,-99,0,none,0,0,none,0,0,-99,-99,none,-99,-99
2012,SP,14,E,3,-99,-99,7,-99,-99,1.306,0,-99,-99,0,none,0,0,none,0,0,-99,-99,none,-99,-99
2012,SP,14,E,4,-99,-99,8,-99,-99,1.225,0,-99,-99,0,TYLA,2,0.246,none,0,0,-99,-99,none,-99,-99
2012,SP,14,E,5,-99,-99,9,-99,-99,1.522,0,-99,-99,0,none,0,0,none,0,0,-99,-99,none,-99,-99
2012,SP,15,C,1,-99,-99,27,-99,-99,5.225,0,-99,-99,0,none,0,0,none,0,0,-99,-99,none,-99,-99
2012,SP,15,C,2,-99,-99,2,-99,-99,0.281,0,-99,-99,0,none,0,0,none,0,0,-99,-99,none,-99,-99
2012,SP,15,C,3,-99,-99,4,-99,-99,0.927,0,-99,-99,0,none,0,0,none,0,0,-99,-99,none,-99,-99
2012,SP,15,C,4,-99,-99,14,-99,-99,2.82,0,-99,-99,0,none,0,0,none,0,0,-99,-99,none,-99,-99
2012,SP,15,C,5,-99,-99,1,-99,-99,0.177,0,-99,-99,0,SOSE,1,1.305,none,0,0,-99,-99,none,-99,-99
2013,MX,1,E,1,-99,-99,0,-99,-99,0,0,-99,-99,0,none,0,0,none,0,0,-99,-99,none,-99,-99
2013,MX,1,E,2,-99,-99,2,-99,-99,0.42,0,-99,-99,0,none,0,0,none,0,0,-99,-99,none,-99,-99
2013,MX,1,E,3,-99,-99,0,-99,-99,0,4,-99,-99,0.32,none,0,0,none,0,0,-99,-99,none,-99,-99
2013,MX,1,E,4,-99,-99,0,-99,-99,0,1,-99,-99,0.174,none,0,0,none,0,0,-99,-99,none,-99,-99
2013,MX,1,E,5,-99,-99,0,-99,-99,0,3,-99,-99,0.767,none,0,0,none,0,0,-99,-99,none,-99,-99
2013,MX,2,A,1,-99,-99,0,-99,-99,0,2,-99,-99,0.221,none,0,0,none,0,0,-99,-99,none,-99,-99
2013,MX,2,A,2,-99,-99,3,-99,-99,0.462,0,-99,-99,0,none,0,0,none,0,0,-99,-99,none,-99,-99
2013,MX,2,A,3,-99,-99,0,-99,-99,0,1,-99,-99,0.275,none,0,0,none,0,0,-99,-99,none,-99,-99
2013,MX,2,A,4,-99,-99,0,-99,-99,0,0,-99,-99,0,none,0,0,none,0,0,-99,-99,none,-99,-99
2013,MX,2,A,5,-99,-99,0,-99,-99,0,1,-99,-99,0.23,none,0,0,none,0,0,-99,-99,none,-99,-99
2013,MX,3,C,1,-99,-99,5,-99,-99,0.634,5,-99,-99,1.132,none,0,0,none,0,0,-99,-99,none,-99,-99
2013,MX,3,C,2,-99,-99,1,-99,-99,0.084,2,-99,-99,0.334,none,0,0,none,0,0,-99,-99,none,-99,-99
2013,MX,3,C,3,-99,-99,3,-99,-99,0.507,0,-99,-99,0,none,0,0,none,0,0,-99,-99,none,-99,-99
2013,MX,3,C,4,-99,-99,2,-99,-99,0.195,4,-99,-99,1.269,none,0,0,none,0,0,-99,-99,none,-99,-99
2013,MX,3,C,5,-99,-99,3,-99,-99,0.61,1,-99,-99,0.248,none,0,0,none,0,0,-99,-99,none,-99,-99
2013,MX,4,E,1,-99,-99,4,-99,-99,0.638,6,-99,-99,1.198,none,0,0,none,0,0,-99,-99,none,-99,-99
2013,MX,4,E,2,-99,-99,1,-99,-99,0.194,1,-99,-99,0.14,none,0,0,none,0,0,-99,-99,none,-99,-99
2013,MX,4,E,3,-99,-99,0,-99,-99,0,4,-99,-99,0.458,none,0,0,none,0,0,-99,-99,none,-99,-99
2013,MX,4,E,4,-99,-99,1,-99,-99,0.096,2,-99,-99,0.66,none,0,0,none,0,0,-99,-99,none,-99,-99
2013,MX,4,E,5,-99,-99,1,-99,-99,0.488,0,-99,-99,0,none,0,0,none,0,0,-99,-99,none,-99,-99
2013,MX,5,C,1,-99,-99,2,-99,-99,0.281,10,-99,-99,1.457,none,0,0,none,0,0,-99,-99,none,-99,-99
2013,MX,5,C,2,-99,-99,1,-99,-99,0.278,2,-99,-99,0.215,none,0,0,none,0,0,-99,-99,none,-99,-99
2013,MX,5,C,3,-99,-99,0,-99,-99,0,3,-99,-99,0.564,none,0,0,none,0,0,-99,-99,none,-99,-99
2013,MX,5,C,4,-99,-99,1,-99,-99,0.147,5,-99,-99,0.633,none,0,0,none,0,0,-99,-99,none,-99,-99
2013,MX,5,C,5,-99,-99,1,-99,-99,0.114,9,-99,-99,1.438,none,0,0,none,0,0,-99,-99,none,-99,-99
2013,MX,6,A,1,-99,-99,7,-99,-99,1.176,1,-99,-99,0.119,none,0,0,none,0,0,-99,-99,none,-99,-99
2013,MX,6,A,2,-99,-99,8,-99,-99,1.236,0,-99,-99,0,none,0,0,none,0,0,-99,-99,none,-99,-99
2013,MX,6,A,3,-99,-99,1,-99,-99,0.105,1,-99,-99,0.132,none,0,0,none,0,0,-99,-99,none,-99,-99
2013,MX,6,A,4,-99,-99,0,-99,-99,0,2,-99,-99,0.242,none,0,0,none,0,0,-99,-99,none,-99,-99
2013,MX,6,A,5,-99,-99,1,-99,-99,0.085,0,-99,-99,0,none,0,0,none,0,0,-99,-99,none,-99,-99
2013,MX,7,C,1,-99,-99,2,-99,-99,0.155,5,-99,-99,0.608,none,0,0,none,0,0,-99,-99,none,-99,-99
2013,MX,7,C,2,-99,-99,36,-99,-99,3.478,1,-99,-99,0.072,none,0,0,none,0,0,-99,-99,none,-99,-99
2013,MX,7,C,3,-99,-99,4,-99,-99,0.423,0,-99,-99,0,none,0,0,none,0,0,-99,-99,none,-99,-99
2013,MX,7,C,4,-99,-99,5,-99,-99,0.608,0,-99,-99,0,none,0,0,none,0,0,-99,-99,none,-99,-99
2013,MX,7,C,5,-99,-99,27,-99,-99,3.011,0,-99,-99,0,none,0,0,none,0,0,-99,-99,none,-99,-99
2013,MX,8,E,1,-99,-99,3,-99,-99,0.567,2,-99,-99,0.153,none,0,0,none,0,0,-99,-99,none,-99,-99
2013,MX,8,E,2,-99,-99,1,-99,-99,0.158,1,-99,-99,0.125,none,0,0,none,0,0,-99,-99,none,-99,-99
2013,MX,8,E,3,-99,-99,3,-99,-99,0.333,1,-99,-99,0.073,none,0,0,none,0,0,-99,-99,none,-99,-99
2013,MX,8,E,4,-99,-99,2,-99,-99,0.072,1,-99,-99,0.116,none,0,0,none,0,0,-99,-99,none,-99,-99
2013,MX,8,E,5,-99,-99,0,-99,-99,0,1,-99,-99,0.251,none,0,0,none,0,0,-99,-99,none,-99,-99
2013,MX,9,A,1,-99,-99,10,-99,-99,1.221,0,-99,-99,0,none,0,0,none,0,0,-99,-99,none,-99,-99
2013,MX,9,A,2,-99,-99,11,-99,-99,1.311,0,-99,-99,0,none,0,0,none,0,0,-99,-99,none,-99,-99
2013,MX,9,A,3,-99,-99,13,-99,-99,1.008,3,-99,-99,0.397,none,0,0,none,0,0,-99,-99,none,-99,-99
2013,MX,9,A,4,-99,-99,5,-99,-99,0.201,0,-99,-99,0,none,0,0,none,0,0,-99,-99,none,-99,-99
2013,MX,9,A,5,-99,-99,2,-99,-99,0.203,1,-99,-99,0.283,none,0,0,none,0,0,-99,-99,none,-99,-99
2013,MX,10,C,1,-99,-99,2,-99,-99,0.244,2,-99,-99,0.077,none,0,0,none,0,0,-99,-99,none,-99,-99
2013,MX,10,C,2,-99,-99,1,-99,-99,0.442,2,-99,-99,0.239,none,0,0,none,0,0,-99,-99,none,-99,-99
2013,MX,10,C,3,-99,-99,11,-99,-99,1.43,8,-99,-99,1.083,none,0,0,none,0,0,-99,-99,none,-99,-99
2013,MX,10,C,4,-99,-99,12,-99,-99,1.167,0,-99,-99,0,none,0,0,none,0,0,-99,-99,none,-99,-99
2013,MX,10,C,5,-99,-99,9,-99,-99,1.29,0,-99,-99,0,none,0,0,none,0,0,-99,-99,none,-99,-99
2013,MX,11,E,1,-99,-99,1,-99,-99,0.04,0,-99,-99,0,none,0,0,none,0,0,-99,-99,none,-99,-99
2013,MX,11,E,2,-99,-99,0,-99,-99,0,5,-99,-99,0.498,none,0,0,none,0,0,-99,-99,none,-99,-99
2013,MX,11,E,3,-99,-99,5,-99,-99,0.441,1,-99,-99,0.117,none,0,0,none,0,0,-99,-99,none,-99,-99
2013,MX,11,E,4,-99,-99,0,-99,-99,0,0,-99,-99,0,none,0,0,none,0,0,-99,-99,none,-99,-99
2013,MX,11,E,5,-99,-99,0,-99,-99,0,8,-99,-99,0.988,none,0,0,none,0,0,-99,-99,none,-99,-99
2013,MX,12,A,1,-99,-99,0,-99,-99,0,2,-99,-99,0.248,none,0,0,none,0,0,-99,-99,none,-99,-99
2013,MX,12,A,2,-99,-99,0,-99,-99,0,1,-99,-99,0.167,none,0,0,none,0,0,-99,-99,none,-99,-99
2013,MX,12,A,3,-99,-99,0,-99,-99,0,2,-99,-99,0.244,none,0,0,none,0,0,-99,-99,none,-99,-99
2013,MX,12,A,4,-99,-99,2,-99,-99,0.374,4,-99,-99,0.741,none,0,0,none,0,0,-99,-99,none,-99,-99
2013,MX,12,A,5,-99,-99,0,-99,-99,0,5,-99,-99,0.86,none,0,0,none,0,0,-99,-99,none,-99,-99
2013,MX,13,E,1,-99,-99,0,-99,-99,0,1,-99,-99,0.141,none,0,0,none,0,0,-99,-99,none,-99,-99
2013,MX,13,E,2,-99,-99,0,-99,-99,0,0,-99,-99,0,none,0,0,none,0,0,-99,-99,none,-99,-99
2013,MX,13,E,3,-99,-99,0,-99,-99,0,5,-99,-99,0.457,none,0,0,none,0,0,-99,-99,none,-99,-99
2013,MX,13,E,4,-99,-99,1,-99,-99,0.294,5,-99,-99,0.883,none,0,0,none,0,0,-99,-99,none,-99,-99
2013,MX,13,E,5,-99,-99,2,-99,-99,0.357,3,-99,-99,0.258,none,0,0,none,0,0,-99,-99,none,-99,-99
2013,MX,14,C,1,-99,-99,6,-99,-99,0.668,0,-99,-99,0,none,0,0,none,0,0,-99,-99,none,-99,-99
2013,MX,14,C,2,-99,-99,14,-99,-99,1.48,4,-99,-99,0.407,none,0,0,none,0,0,-99,-99,none,-99,-99
2013,MX,14,C,3,-99,-99,1,-99,-99,0.049,5,-99,-99,0.953,none,0,0,none,0,0,-99,-99,none,-99,-99
2013,MX,14,C,4,-99,-99,6,-99,-99,0.706,0,-99,-99,0,none,0,0,none,0,0,-99,-99,none,-99,-99
2013,MX,14,C,5,-99,-99,9,-99,-99,1.039,0,-99,-99,0,none,0,0,none,0,0,-99,-99,none,-99,-99
2013,MX,15,A,1,-99,-99,3,-99,-99,0.219,3,-99,-99,0.684,none,0,0,none,0,0,-99,-99,none,-99,-99
2013,MX,15,A,2,-99,-99,3,-99,-99,0.329,0,-99,-99,0,POHY,1,0.01,none,0,0,-99,-99,none,-99,-99
2013,MX,15,A,3,-99,-99,6,-99,-99,0.978,1,-99,-99,0.0801,none,0,0,none,0,0,-99,-99,none,-99,-99
2013,MX,15,A,4,-99,-99,2,-99,-99,0.765,2,-99,-99,0.588,none,0,0,none,0,0,-99,-99,none,-99,-99
2013,MX,15,A,5,-99,-99,8,-99,-99,0.855,3,-99,-99,0.48,none,0,0,none,0,0,-99,-99,none,-99,-99
2013,SC,1,E,1,-99,-99,0,-99,-99,0,1,-99,-99,0.121,none,0,0,none,0,0,-99,-99,none,-99,-99
2013,SC,1,E,2,-99,-99,2,-99,-99,0.453,1,-99,-99,0.078,none,0,0,none,0,0,-99,-99,none,-99,-99
2013,SC,1,E,3,-99,-99,0,-99,-99,0,1,-99,-99,0.199,none,0,0,none,0,0,-99,-99,none,-99,-99
2013,SC,1,E,4,-99,-99,0,-99,-99,0,1,-99,-99,0.109,none,0,0,none,0,0,-99,-99,none,-99,-99
2013,SC,1,E,5,-99,-99,5,-99,-99,0.971,1,-99,-99,0.203,none,0,0,none,0,0,-99,-99,none,-99,-99
2013,SC,2,A,1,-99,-99,0,-99,-99,0,0,-99,-99,0,none,0,0,none,0,0,-99,-99,none,-99,-99
2013,SC,2,A,2,-99,-99,3,-99,-99,0.367,1,-99,-99,0.135,none,0,0,none,0,0,-99,-99,none,-99,-99
2013,SC,2,A,3,-99,-99,0,-99,-99,0,0,-99,-99,0,none,0,0,none,0,0,-99,-99,none,-99,-99
2013,SC,2,A,4,-99,-99,0,-99,-99,0,0,-99,-99,0,none,0,0,none,0,0,-99,-99,none,-99,-99
2013,SC,2,A,5,-99,-99,1,-99,-99,0.389,0,-99,-99,0,none,0,0,none,0,0,-99,-99,none,-99,-99
2013,SC,3,C,1,-99,-99,2,-99,-99,0.314,0,-99,-99,0,none,0,0,none,0,0,-99,-99,none,-99,-99
2013,SC,3,C,2,-99,-99,5,-99,-99,1.033,0,-99,-99,0,none,0,0,none,0,0,-99,-99,none,-99,-99
2013,SC,3,C,3,-99,-99,7,-99,-99,1.155,0,-99,-99,0,none,0,0,none,0,0,-99,-99,none,-99,-99
2013,SC,3,C,4,-99,-99,7,-99,-99,1.943,0,-99,-99,0,none,0,0,none,0,0,-99,-99,none,-99,-99
2013,SC,3,C,5,-99,-99,4,-99,-99,1.172,0,-99,-99,0,none,0,0,none,0,0,-99,-99,none,-99,-99
2013,SC,4,A,1,-99,-99,1,-99,-99,0.553,0,-99,-99,0,none,0,0,none,0,0,-99,-99,none,-99,-99
2013,SC,4,A,2,-99,-99,0,-99,-99,0,1,-99,-99,0.172,none,0,0,none,0,0,-99,-99,none,-99,-99
2013,SC,4,A,3,-99,-99,0,-99,-99,0,2,-99,-99,0.574,none,0,0,none,0,0,-99,-99,none,-99,-99
2013,SC,4,A,4,-99,-99,2,-99,-99,0.63,0,-99,-99,0,none,0,0,none,0,0,-99,-99,none,-99,-99
2013,SC,4,A,5,-99,-99,1,-99,-99,0.059,0,-99,-99,0,none,0,0,none,0,0,-99,-99,none,-99,-99
2013,SC,5,C,1,-99,-99,13,-99,-99,1.31,0,-99,-99,0,none,0,0,none,0,0,-99,-99,none,-99,-99
2013,SC,5,C,2,-99,-99,3,-99,-99,0.468,0,-99,-99,0,none,0,0,none,0,0,-99,-99,none,-99,-99
2013,SC,5,C,3,-99,-99,8,-99,-99,1.287,0,-99,-99,0,none,0,0,none,0,0,-99,-99,none,-99,-99
2013,SC,5,C,4,-99,-99,23,-99,-99,3.792,0,-99,-99,0,none,0,0,none,0,0,-99,-99,none,-99,-99
2013,SC,5,C,5,-99,-99,3,-99,-99,0.698,0,-99,-99,0,none,0,0,none,0,0,-99,-99,none,-99,-99
2013,SC,6,E,1,-99,-99,0,-99,-99,0,0,-99,-99,0,none,0,0,none,0,0,-99,-99,none,-99,-99
2013,SC,6,E,2,-99,-99,0,-99,-99,0,2,-99,-99,0.381,none,0,0,none,0,0,-99,-99,none,-99,-99
2013,SC,6,E,3,-99,-99,3,-99,-99,0.66,1,-99,-99,0.029,none,0,0,none,0,0,-99,-99,none,-99,-99
2013,SC,6,E,4,-99,-99,0,-99,-99,0,0,-99,-99,0,none,0,0,none,0,0,-99,-99,none,-99,-99
2013,SC,6,E,5,-99,-99,0,-99,-99,0,1,-99,-99,0.179,none,0,0,none,0,0,-99,-99,none,-99,-99
2013,SC,7,C,1,-99,-99,9,-99,-99,0.755,4,-99,-99,0.374,none,0,0,none,0,0,-99,-99,none,-99,-99
2013,SC,7,C,2,-99,-99,2,-99,-99,0.121,2,-99,-99,0.223,none,0,0,none,0,0,-99,-99,none,-99,-99
2013,SC,7,C,3,-99,-99,2,-99,-99,0.199,1,-99,-99,0.048,POHY,1,0.019,CYPER,1,1.246,-99,-99,none,-99,-99
2013,SC,7,C,4,-99,-99,6,-99,-99,0.922,2,-99,-99,1.113,none,0,0,none,0,0,-99,-99,none,-99,-99
2013,SC,7,C,5,-99,-99,7,-99,-99,0.834,3,-99,-99,0.302,none,0,0,none,0,0,-99,-99,none,-99,-99
2013,SC,8,A,1,-99,-99,0,-99,-99,0,3,-99,-99,0.178,none,0,0,none,0,0,-99,-99,none,-99,-99
2013,SC,8,A,2,-99,-99,0,-99,-99,0,0,-99,-99,0,none,0,0,none,0,0,-99,-99,none,-99,-99
2013,SC,8,A,3,-99,-99,0,-99,-99,0,1,-99,-99,0.105,none,0,0,none,0,0,-99,-99,none,-99,-99
2013,SC,8,A,4,-99,-99,0,-99,-99,0,5,-99,-99,0.676,none,0,0,none,0,0,-99,-99,none,-99,-99
2013,SC,8,A,5,-99,-99,0,-99,-99,0,1,-99,-99,0.198,none,0,0,none,0,0,-99,-99,none,-99,-99
2013,SC,9,E,1,-99,-99,0,-99,-99,0,0,-99,-99,0,none,0,0,none,0,0,-99,-99,none,-99,-99
2013,SC,9,E,2,-99,-99,0,-99,-99,0,0,-99,-99,0,none,0,0,none,0,0,-99,-99,none,-99,-99
2013,SC,9,E,3,-99,-99,0,-99,-99,0,0,-99,-99,0,none,0,0,none,0,0,-99,-99,none,-99,-99
2013,SC,9,E,4,-99,-99,0,-99,-99,0,1,-99,-99,0.091,none,0,0,none,0,0,-99,-99,none,-99,-99
2013,SC,9,E,5,-99,-99,0,-99,-99,0,1,-99,-99,0.242,LYLI2,1,0.147,none,0,0,-99,-99,none,-99,-99
2013,SC,10,E,1,-99,-99,0,-99,-99,0,1,-99,-99,0.045,none,0,0,none,0,0,-99,-99,none,-99,-99
2013,SC,10,E,2,-99,-99,0,-99,-99,0,2,-99,-99,0.349,none,0,0,none,0,0,-99,-99,none,-99,-99
2013,SC,10,E,3,-99,-99,0,-99,-99,0,0,-99,-99,0,none,0,0,none,0,0,-99,-99,none,-99,-99
2013,SC,10,E,4,-99,-99,0,-99,-99,0,0,-99,-99,0,none,0,0,none,0,0,-99,-99,none,-99,-99
2013,SC,10,E,5,-99,-99,0,-99,-99,0,1,-99,-99,0.035,none,0,0,none,0,0,-99,-99,none,-99,-99
2013,SC,11,C,1,-99,-99,7,-99,-99,1.099,0,-99,-99,0,none,0,0,none,0,0,-99,-99,none,-99,-99
2013,SC,11,C,2,-99,-99,3,-99,-99,0.283,5,-99,-99,0.737,none,0,0,none,0,0,-99,-99,none,-99,-99
2013,SC,11,C,3,-99,-99,0,-99,-99,0,0,-99,-99,0,none,0,0,none,0,0,-99,-99,none,-99,-99
2013,SC,11,C,4,-99,-99,8,-99,-99,1.134,4,-99,-99,0.318,none,0,0,none,0,0,-99,-99,none,-99,-99
2013,SC,11,C,5,-99,-99,4,-99,-99,0.536,3,-99,-99,0.643,none,0,0,none,0,0,-99,-99,none,-99,-99
2013,SC,12,A,1,-99,-99,1,-99,-99,0.073,0,-99,-99,0,none,0,0,none,0,0,-99,-99,none,-99,-99
2013,SC,12,A,2,-99,-99,1,-99,-99,0.092,0,-99,-99,0,none,0,0,none,0,0,-99,-99,none,-99,-99
2013,SC,12,A,3,-99,-99,0,-99,-99,0,0,-99,-99,0,none,0,0,none,0,0,-99,-99,none,-99,-99
2013,SC,12,A,4,-99,-99,3,-99,-99,0.295,1,-99,-99,0.128,none,0,0,none,0,0,-99,-99,none,-99,-99
2013,SC,12,A,5,-99,-99,6,-99,-99,0.362,0,-99,-99,0,none,0,0,none,0,0,-99,-99,none,-99,-99
2013,SC,13,C,1,-99,-99,8,-99,-99,1.204,2,-99,-99,0.407,none,0,0,none,0,0,-99,-99,none,-99,-99
2013,SC,13,C,2,-99,-99,14,-99,-99,2.241,0,-99,-99,0,none,0,0,none,0,0,-99,-99,none,-99,-99
2013,SC,13,C,3,-99,-99,8,-99,-99,0.928,0,-99,-99,0,none,0,0,none,0,0,-99,-99,none,-99,-99
2013,SC,13,C,4,-99,-99,10,-99,-99,1.644,2,-99,-99,0.257,none,0,0,none,0,0,-99,-99,none,-99,-99
2013,SC,13,C,5,-99,-99,9,-99,-99,1.162,0,-99,-99,0,none,0,0,none,0,0,-99,-99,none,-99,-99
2013,SC,14,E,1,-99,-99,0,-99,-99,0,1,-99,-99,0.105,none,0,0,none,0,0,-99,-99,none,-99,-99
2013,SC,14,E,2,-99,-99,0,-99,-99,0,1,-99,-99,0.303,none,0,0,none,0,0,-99,-99,none,-99,-99
2013,SC,14,E,3,-99,-99,6,-99,-99,0.888,1,-99,-99,0.193,none,0,0,none,0,0,-99,-99,none,-99,-99
2013,SC,14,E,4,-99,-99,5,-99,-99,0.55,0,-99,-99,0,none,0,0,none,0,0,-99,-99,none,-99,-99
2013,SC,14,E,5,-99,-99,0,-99,-99,0,0,-99,-99,0,none,0,0,none,0,0,-99,-99,none,-99,-99
2013,SC,15,A,1,-99,-99,0,-99,-99,0,1,-99,-99,0.109,none,0,0,none,0,0,-99,-99,none,-99,-99
2013,SC,15,A,2,-99,-99,0,-99,-99,0,6,-99,-99,0.857,none,0,0,none,0,0,-99,-99,none,-99,-99
2013,SC,15,A,3,-99,-99,0,-99,-99,0,4,-99,-99,3.49,none,0,0,none,0,0,-99,-99,none,-99,-99
2013,SC,15,A,4,-99,-99,0,-99,-99,0,2,-99,-99,0.342,POHY,1,0.016,none,0,0,-99,-99,none,-99,-99
2013,SC,15,A,5,-99,-99,0,-99,-99,0,3,-99,-99,0.538,none,0,0,none,0,0,-99,-99,none,-99,-99
2013,SP,1,E,1,-99,-99,6,-99,-99,1.193,0,-99,-99,0,none,0,0,none,0,0,-99,-99,none,-99,-99
2013,SP,1,E,2,-99,-99,0,-99,-99,0,0,-99,-99,0,none,0,0,none,0,0,-99,-99,none,-99,-99
2013,SP,1,E,3,-99,-99,0,-99,-99,0,0,-99,-99,0,none,0,0,none,0,0,-99,-99,none,-99,-99
2013,SP,1,E,4,-99,-99,0,-99,-99,0,1,-99,-99,0.232,none,0,0,none,0,0,-99,-99,none,-99,-99
2013,SP,1,E,5,-99,-99,1,-99,-99,0.298,0,-99,-99,0,none,0,0,none,0,0,-99,-99,none,-99,-99
2013,SP,2,A,1,-99,-99,0,-99,-99,0,0,-99,-99,0,none,0,0,none,0,0,-99,-99,none,-99,-99
2013,SP,2,A,2,-99,-99,13,-99,-99,1.992,0,-99,-99,0,none,0,0,none,0,0,-99,-99,none,-99,-99
2013,SP,2,A,3,-99,-99,2,-99,-99,0.326,0,-99,-99,0,none,0,0,none,0,0,-99,-99,none,-99,-99
2013,SP,2,A,4,-99,-99,19,-99,-99,3.153,0,-99,-99,0,none,0,0,none,0,0,-99,-99,none,-99,-99
2013,SP,2,A,5,-99,-99,2,-99,-99,0.349,0,-99,-99,0,none,0,0,none,0,0,-99,-99,none,-99,-99
2013,SP,3,C,1,-99,-99,19,-99,-99,3.063,0,-99,-99,0,none,0,0,none,0,0,-99,-99,none,-99,-99
2013,SP,3,C,2,-99,-99,18,-99,-99,2.807,0,-99,-99,0,none,0,0,none,0,0,-99,-99,none,-99,-99
2013,SP,3,C,3,-99,-99,24,-99,-99,3.962,0,-99,-99,0,none,0,0,none,0,0,-99,-99,none,-99,-99
2013,SP,3,C,4,-99,-99,33,-99,-99,4.388,0,-99,-99,0,none,0,0,none,0,0,-99,-99,none,-99,-99
2013,SP,3,C,5,-99,-99,24,-99,-99,4.135,0,-99,-99,0,none,0,0,none,0,0,-99,-99,none,-99,-99
2013,SP,4,E,1,-99,-99,17,-99,-99,2.122,0,-99,-99,0,none,0,0,none,0,0,-99,-99,none,-99,-99
2013,SP,4,E,2,-99,-99,18,-99,-99,2.814,0,-99,-99,0,none,0,0,none,0,0,-99,-99,none,-99,-99
2013,SP,4,E,3,-99,-99,5,-99,-99,0.475,0,-99,-99,0,none,0,0,none,0,0,-99,-99,none,-99,-99
2013,SP,4,E,4,-99,-99,17,-99,-99,2.614,0,-99,-99,0,none,0,0,none,0,0,-99,-99,none,-99,-99
2013,SP,4,E,5,-99,-99,16,-99,-99,1.825,0,-99,-99,0,none,0,0,none,0,0,-99,-99,none,-99,-99
2013,SP,5,A,1,-99,-99,7,-99,-99,0.665,0,-99,-99,0,none,0,0,none,0,0,-99,-99,none,-99,-99
2013,SP,5,A,2,-99,-99,9,-99,-99,2.244,0,-99,-99,0,none,0,0,none,0,0,-99,-99,none,-99,-99
2013,SP,5,A,3,-99,-99,4,-99,-99,0.931,0,-99,-99,0,none,0,0,none,0,0,-99,-99,none,-99,-99
2013,SP,5,A,4,-99,-99,8,-99,-99,0.849,0,-99,-99,0,none,0,0,none,0,0,-99,-99,none,-99,-99
2013,SP,5,A,5,-99,-99,17,-99,-99,2.455,0,-99,-99,0,none,0,0,none,0,0,-99,-99,none,-99,-99
2013,SP,6,C,1,-99,-99,6,-99,-99,1.059,0,-99,-99,0,none,0,0,none,0,0,-99,-99,none,-99,-99
2013,SP,6,C,2,-99,-99,15,-99,-99,2.486,0,-99,-99,0,none,0,0,none,0,0,-99,-99,none,-99,-99
2013,SP,6,C,3,-99,-99,13,-99,-99,2.283,0,-99,-99,0,none,0,0,none,0,0,-99,-99,none,-99,-99
2013,SP,6,C,4,-99,-99,8,-99,-99,1.718,0,-99,-99,0,none,0,0,none,0,0,-99,-99,none,-99,-99
2013,SP,6,C,5,-99,-99,16,-99,-99,2.506,0,-99,-99,0,none,0,0,none,0,0,-99,-99,none,-99,-99
2013,SP,7,C,1,-99,-99,11,-99,-99,1.431,0,-99,-99,0,none,0,0,none,0,0,-99,-99,none,-99,-99
2013,SP,7,C,2,-99,-99,11,-99,-99,1.314,0,-99,-99,0,none,0,0,none,0,0,-99,-99,none,-99,-99
2013,SP,7,C,3,-99,-99,4,-99,-99,0.339,0,-99,-99,0,none,0,0,none,0,0,-99,-99,none,-99,-99
2013,SP,7,C,4,-99,-99,11,-99,-99,1.123,0,-99,-99,0,none,0,0,none,0,0,-99,-99,none,-99,-99
2013,SP,7,C,5,-99,-99,13,-99,-99,1.404,0,-99,-99,0,none,0,0,none,0,0,-99,-99,none,-99,-99
2013,SP,8,E,1,-99,-99,8,-99,-99,0.968,0,-99,-99,0,none,0,0,none,0,0,-99,-99,none,-99,-99
2013,SP,8,E,2,-99,-99,4,-99,-99,0.887,0,-99,-99,0,none,0,0,none,0,0,-99,-99,none,-99,-99
2013,SP,8,E,3,-99,-99,10,-99,-99,0.947,0,-99,-99,0,none,0,0,none,0,0,-99,-99,none,-99,-99
2013,SP,8,E,4,-99,-99,2,-99,-99,0.316,0,-99,-99,0,none,0,0,none,0,0,-99,-99,none,-99,-99
2013,SP,8,E,5,-99,-99,11,-99,-99,1.542,0,-99,-99,0,none,0,0,none,0,0,-99,-99,none,-99,-99
2013,SP,9,A,1,-99,-99,1,-99,-99,0.227,0,-99,-99,0,none,0,0,none,0,0,-99,-99,none,-99,-99
2013,SP,9,A,2,-99,-99,4,-99,-99,0.781,0,-99,-99,0,none,0,0,none,0,0,-99,-99,none,-99,-99
2013,SP,9,A,3,-99,-99,1,-99,-99,0.192,0,-99,-99,0,none,0,0,none,0,0,-99,-99,none,-99,-99
2013,SP,9,A,4,-99,-99,2,-99,-99,0.061,0,-99,-99,0,none,0,0,none,0,0,-99,-99,none,-99,-99
2013,SP,9,A,5,-99,-99,1,-99,-99,0.079,0,-99,-99,0,none,0,0,none,0,0,-99,-99,none,-99,-99
2013,SP,10,E,1,-99,-99,19,-99,-99,2.567,0,-99,-99,0,POHY,3,0.222,none,0,0,-99,-99,none,-99,-99
2013,SP,10,E,2,-99,-99,7,-99,-99,0.911,0,-99,-99,0,none,0,0,none,0,0,-99,-99,none,-99,-99
2013,SP,10,E,3,-99,-99,11,-99,-99,1.657,0,-99,-99,0,none,0,0,none,0,0,-99,-99,none,-99,-99
2013,SP,10,E,4,-99,-99,16,-99,-99,1.286,1,-99,-99,-99,none,0,0,none,0,0,-99,-99,none,-99,-99
2013,SP,10,E,5,-99,-99,8,-99,-99,0.395,1,-99,-99,0.122,none,0,0,none,0,0,-99,-99,none,-99,-99
2013,SP,11,A,1,-99,-99,7,-99,-99,0.837,4,-99,-99,0.295,none,0,0,none,0,0,-99,-99,none,-99,-99
2013,SP,11,A,2,-99,-99,8,-99,-99,0.961,1,-99,-99,0.165,none,0,0,none,0,0,-99,-99,none,-99,-99
2013,SP,11,A,3,-99,-99,15,-99,-99,2.275,1,-99,-99,0.27,none,0,0,none,0,0,-99,-99,none,-99,-99
2013,SP,11,A,4,-99,-99,5,-99,-99,0.486,0,-99,-99,0,none,0,0,none,0,0,-99,-99,none,-99,-99
2013,SP,11,A,5,-99,-99,15,-99,-99,1.777,1,-99,-99,0.034,none,0,0,none,0,0,-99,-99,none,-99,-99
2013,SP,12,C,1,-99,-99,8,-99,-99,0.853,0,-99,-99,0,SOSE ,1,1.364,none,0,0,-99,-99,none,-99,-99
2013,SP,12,C,2,-99,-99,8,-99,-99,1.291,0,-99,-99,0,none,0,0,none,0,0,-99,-99,none,-99,-99
2013,SP,12,C,3,-99,-99,9,-99,-99,1.277,0,-99,-99,0,none,0,0,none,0,0,-99,-99,none,-99,-99
2013,SP,12,C,4,-99,-99,9,-99,-99,1.401,0,-99,-99,0,none,0,0,none,0,0,-99,-99,none,-99,-99
2013,SP,12,C,5,-99,-99,21,-99,-99,3.196,0,-99,-99,0,none,0,0,none,0,0,-99,-99,none,-99,-99
2013,SP,13,A,1,-99,-99,18,-99,-99,2.646,0,-99,-99,0,none,0,0,none,0,0,-99,-99,none,-99,-99
2013,SP,13,A,2,-99,-99,11,-99,-99,1.876,0,-99,-99,0,none,0,0,none,0,0,-99,-99,none,-99,-99
2013,SP,13,A,3,-99,-99,3,-99,-99,0.315,0,-99,-99,0,none,0,0,none,0,0,-99,-99,none,-99,-99
2013,SP,13,A,4,-99,-99,5,-99,-99,0.658,0,-99,-99,0,none,0,0,none,0,0,-99,-99,none,-99,-99
2013,SP,13,A,5,-99,-99,2,-99,-99,0.228,0,-99,-99,0,none,0,0,none,0,0,-99,-99,none,-99,-99
2013,SP,14,E,1,-99,-99,18,-99,-99,2.703,0,-99,-99,0,none,0,0,none,0,0,-99,-99,none,-99,-99
2013,SP,14,E,2,-99,-99,13,-99,-99,1.452,0,-99,-99,0,none,0,0,none,0,0,-99,-99,none,-99,-99
2013,SP,14,E,3,-99,-99,5,-99,-99,0.892,0,-99,-99,0,none,0,0,none,0,0,-99,-99,none,-99,-99
2013,SP,14,E,4,-99,-99,6,-99,-99,1.471,0,-99,-99,0,none,0,0,none,0,0,-99,-99,none,-99,-99
2013,SP,14,E,5,-99,-99,12,-99,-99,1.835,0,-99,-99,0,none,0,0,none,0,0,-99,-99,none,-99,-99
2013,SP,15,C,1,-99,-99,10,-99,-99,1.743,0,-99,-99,0,none,0,0,none,0,0,-99,-99,none,-99,-99
2013,SP,15,C,2,-99,-99,4,-99,-99,0.905,0,-99,-99,0,none,0,0,none,0,0,-99,-99,none,-99,-99
2013,SP,15,C,3,-99,-99,2,-99,-99,0.287,0,-99,-99,0,none,0,0,none,0,0,-99,-99,none,-99,-99
2013,SP,15,C,4,-99,-99,5,-99,-99,1.287,0,-99,-99,0,none,0,0,none,0,0,-99,-99,none,-99,-99
2013,SP,15,C,5,-99,-99,5,-99,-99,0.786,0,-99,-99,0,none,0,0,none,0,0,-99,-99,none,-99,-99
2014,MX,1,E,1,-99,-99,0,-99,-99,0,1,-99,-99,0.134,none,0,0,none,0,0,-99,-99,none,-99,-99
2014,MX,1,E,2,-99,-99,0,-99,-99,0,2,-99,-99,0.13,none,0,0,none,0,0,-99,-99,none,-99,-99
2014,MX,1,E,3,-99,-99,0,-99,-99,0,3,-99,-99,0.657,none,0,0,none,0,0,-99,-99,none,-99,-99
2014,MX,1,E,4,-99,-99,0,-99,-99,0,1,-99,-99,0.191,none,0,0,none,0,0,-99,-99,none,-99,-99
2014,MX,1,E,5,-99,-99,0,-99,-99,0,0,-99,-99,0,none,0,0,none,0,0,-99,-99,none,-99,-99
2014,MX,2,A,1,-99,-99,2,-99,-99,0.225,0,-99,-99,0,none,0,0,none,0,0,-99,-99,none,-99,-99
2014,MX,2,A,2,-99,-99,1,-99,-99,0.162,3,-99,-99,0.368,none,0,0,none,0,0,-99,-99,none,-99,-99
2014,MX,2,A,3,-99,-99,0,-99,-99,0,0,-99,-99,0,none,0,0,none,0,0,-99,-99,none,-99,-99
2014,MX,2,A,4,-99,-99,0,-99,-99,0,1,-99,-99,0.034,none,0,0,none,0,0,-99,-99,none,-99,-99
2014,MX,2,A,5,-99,-99,0,-99,-99,0,2,-99,-99,0.388,none,0,0,none,0,0,-99,-99,none,-99,-99
2014,MX,3,C,1,-99,-99,4,-99,-99,0.438,4,-99,-99,0.848,none,0,0,none,0,0,-99,-99,none,-99,-99
2014,MX,3,C,2,-99,-99,1,-99,-99,0.609,10,-99,-99,2.135,ATPA,2,0.199,none,0,0,-99,-99,none,-99,-99
2014,MX,3,C,3,-99,-99,0,-99,-99,0,1,-99,-99,0.165,none,0,0,none,0,0,-99,-99,none,-99,-99
2014,MX,3,C,4,-99,-99,0,-99,-99,0,7,-99,-99,0.842,none,0,0,none,0,0,-99,-99,none,-99,-99
2014,MX,3,C,5,-99,-99,2,-99,-99,0.482,6,-99,-99,1.063,ATPA,1,0.168,none,0,0,-99,-99,none,-99,-99
2014,MX,4,E,1,-99,-99,2,-99,-99,0.203,2,-99,-99,0.359,none,0,0,none,0,0,-99,-99,none,-99,-99
2014,MX,4,E,2,-99,-99,2,-99,-99,0.237,1,-99,-99,0.042,none,0,0,none,0,0,-99,-99,none,-99,-99
2014,MX,4,E,3,-99,-99,1,-99,-99,0.259,2,-99,-99,0.232,none,0,0,none,0,0,-99,-99,none,-99,-99
2014,MX,4,E,4,-99,-99,1,-99,-99,0.059,0,-99,-99,0,none,0,0,none,0,0,-99,-99,none,-99,-99
2014,MX,4,E,5,-99,-99,0,-99,-99,0,0,-99,-99,0,none,0,0,none,0,0,-99,-99,none,-99,-99
2014,MX,5,C,1,-99,-99,1,-99,-99,0.191,10,-99,-99,1.339,none,0,0,none,0,0,-99,-99,none,-99,-99
2014,MX,5,C,2,-99,-99,0,-99,-99,0,0,-99,-99,0,none,0,0,none,0,0,-99,-99,none,-99,-99
2014,MX,5,C,3,-99,-99,6,-99,-99,1.317,4,-99,-99,0.578,none,0,0,none,0,0,-99,-99,none,-99,-99
2014,MX,5,C,4,-99,-99,3,-99,-99,0.573,2,-99,-99,0.373,none,0,0,none,0,0,-99,-99,none,-99,-99
2014,MX,5,C,5,-99,-99,0,-99,-99,0,2,-99,-99,0.4,none,0,0,none,0,0,-99,-99,none,-99,-99
2014,MX,6,A,1,-99,-99,7,-99,-99,1.066,1,-99,-99,0.052,none,0,0,none,0,0,-99,-99,none,-99,-99
2014,MX,6,A,2,-99,-99,3,-99,-99,0.559,0,-99,-99,0,none,0,0,none,0,0,-99,-99,none,-99,-99
2014,MX,6,A,3,-99,-99,2,-99,-99,0.248,0,-99,-99,0,none,0,0,none,0,0,-99,-99,none,-99,-99
2014,MX,6,A,4,-99,-99,0,-99,-99,0,0,-99,-99,0,none,0,0,none,0,0,-99,-99,none,-99,-99
2014,MX,6,A,5,-99,-99,1,-99,-99,0.091,0,-99,-99,0,none,0,0,none,0,0,-99,-99,none,-99,-99
2014,MX,7,C,1,-99,-99,1,-99,-99,0.193,0,-99,-99,0,none,0,0,none,0,0,-99,-99,none,-99,-99
2014,MX,7,C,2,-99,-99,18,-99,-99,2.304,2,-99,-99,0.217,none,0,0,none,0,0,-99,-99,none,-99,-99
2014,MX,7,C,3,-99,-99,6,-99,-99,1.462,5,-99,-99,0.537,none,0,0,none,0,0,-99,-99,none,-99,-99
2014,MX,7,C,4,-99,-99,1,-99,-99,0.291,0,-99,-99,0,POHY,1,0.158,none,0,0,-99,-99,none,-99,-99
2014,MX,7,C,5,-99,-99,1,-99,-99,0.334,3,-99,-99,0.616,none,0,0,none,0,0,-99,-99,none,-99,-99
2014,MX,8,E,1,-99,-99,14,-99,-99,1.652,0,-99,-99,0,none,0,0,none,0,0,-99,-99,none,-99,-99
2014,MX,8,E,2,-99,-99,0,-99,-99,0,0,-99,-99,0,none,0,0,none,0,0,-99,-99,none,-99,-99
2014,MX,8,E,3,-99,-99,0,-99,-99,0,1,-99,-99,0.114,none,0,0,none,0,0,-99,-99,none,-99,-99
2014,MX,8,E,4,-99,-99,0,-99,-99,0,0,-99,-99,0,none,0,0,none,0,0,-99,-99,none,-99,-99
2014,MX,8,E,5,-99,-99,0,-99,-99,0,1,-99,-99,0.047,none,0,0,none,0,0,-99,-99,none,-99,-99
2014,MX,9,A,1,-99,-99,8,-99,-99,1.358,1,-99,-99,0.048,none,0,0,none,0,0,-99,-99,none,-99,-99
2014,MX,9,A,2,-99,-99,8,-99,-99,1.061,0,-99,-99,0,none,0,0,none,0,0,-99,-99,none,-99,-99
2014,MX,9,A,3,-99,-99,2,-99,-99,0.133,0,-99,-99,0,none,0,0,none,0,0,-99,-99,none,-99,-99
2014,MX,9,A,4,-99,-99,5,-99,-99,0.991,0,-99,-99,0,none,0,0,none,0,0,-99,-99,none,-99,-99
2014,MX,9,A,5,-99,-99,1,-99,-99,0.119,0,-99,-99,0,none,0,0,none,0,0,-99,-99,none,-99,-99
2014,MX,10,C,1,-99,-99,4,-99,-99,0.533,0,-99,-99,0,none,0,0,none,0,0,-99,-99,none,-99,-99
2014,MX,10,C,2,-99,-99,6,-99,-99,0.709,0,-99,-99,0,none,0,0,none,0,0,-99,-99,none,-99,-99
2014,MX,10,C,3,-99,-99,6,-99,-99,1.095,2,-99,-99,0.145,none,0,0,none,0,0,-99,-99,none,-99,-99
2014,MX,10,C,4,-99,-99,8,-99,-99,1.062,1,-99,-99,0.124,none,0,0,none,0,0,-99,-99,none,-99,-99
2014,MX,10,C,5,-99,-99,2,-99,-99,0.308,0,-99,-99,0,none,0,0,none,0,0,-99,-99,none,-99,-99
2014,MX,11,E,1,-99,-99,3,-99,-99,0.274,0,-99,-99,0,none,0,0,none,0,0,-99,-99,none,-99,-99
2014,MX,11,E,2,-99,-99,2,-99,-99,0.296,0,-99,-99,0,none,0,0,none,0,0,-99,-99,none,-99,-99
2014,MX,11,E,3,-99,-99,0,-99,-99,0,3,-99,-99,0.398,none,0,0,none,0,0,-99,-99,none,-99,-99
2014,MX,11,E,4,-99,-99,0,-99,-99,0,2,-99,-99,0.235,none,0,0,none,0,0,-99,-99,none,-99,-99
2014,MX,11,E,5,-99,-99,0,-99,-99,0,0,-99,-99,0,none,0,0,none,0,0,-99,-99,none,-99,-99
2014,MX,12,A,1,-99,-99,0,-99,-99,0,0,-99,-99,0,none,0,0,none,0,0,-99,-99,none,-99,-99
2014,MX,12,A,2,-99,-99,0,-99,-99,0,1,-99,-99,0.134,none,0,0,none,0,0,-99,-99,none,-99,-99
2014,MX,12,A,3,-99,-99,0,-99,-99,0,2,-99,-99,0.351,none,0,0,none,0,0,-99,-99,none,-99,-99
2014,MX,12,A,4,-99,-99,1,-99,-99,0.079,3,-99,-99,0.439,none,0,0,none,0,0,-99,-99,none,-99,-99
2014,MX,12,A,5,-99,-99,0,-99,-99,0,2,-99,-99,0.174,none,0,0,none,0,0,-99,-99,none,-99,-99
2014,MX,13,E,1,-99,-99,10,-99,-99,1.486,0,-99,-99,0,none,0,0,none,0,0,-99,-99,none,-99,-99
2014,MX,13,E,2,-99,-99,2,-99,-99,0.354,0,-99,-99,0,none,0,0,none,0,0,-99,-99,none,-99,-99
2014,MX,13,E,3,-99,-99,6,-99,-99,0.857,0,-99,-99,0,none,0,0,none,0,0,-99,-99,none,-99,-99
2014,MX,13,E,4,-99,-99,1,-99,-99,0.049,4,-99,-99,0.987,none,0,0,none,0,0,-99,-99,none,-99,-99
2014,MX,13,E,5,-99,-99,1,-99,-99,0.107,1,-99,-99,0.149,none,0,0,none,0,0,-99,-99,none,-99,-99
2014,MX,14,C,1,-99,-99,7,-99,-99,0.945,0,-99,-99,0,none,0,0,none,0,0,-99,-99,none,-99,-99
2014,MX,14,C,2,-99,-99,11,-99,-99,1.39,0,-99,-99,0,none,0,0,none,0,0,-99,-99,none,-99,-99
2014,MX,14,C,3,-99,-99,19,-99,-99,3.767,0,-99,-99,0,none,0,0,none,0,0,-99,-99,none,-99,-99
2014,MX,14,C,4,-99,-99,14,-99,-99,1.802,0,-99,-99,0,none,0,0,none,0,0,-99,-99,none,-99,-99
2014,MX,14,C,5,-99,-99,8,-99,-99,0.714,1,-99,-99,0.103,none,0,0,none,0,0,-99,-99,none,-99,-99
2014,MX,15,A,1,-99,-99,0,-99,-99,0,2,-99,-99,0.576,none,0,0,none,0,0,-99,-99,none,-99,-99
2014,MX,15,A,2,-99,-99,0,-99,-99,0,1,-99,-99,0.397,none,0,0,none,0,0,-99,-99,none,-99,-99
2014,MX,15,A,3,-99,-99,3,-99,-99,0.698,2,-99,-99,0.224,none,0,0,none,0,0,-99,-99,none,-99,-99
2014,MX,15,A,4,-99,-99,4,-99,-99,0.763,2,-99,-99,0.426,none,0,0,none,0,0,-99,-99,none,-99,-99
2014,MX,15,A,5,-99,-99,7,-99,-99,1.11,2,-99,-99,0.478,none,0,0,none,0,0,-99,-99,none,-99,-99
2014,SC,1,E,1,-99,-99,0,-99,-99,0,0,-99,-99,0,none,0,0,none,0,0,-99,-99,none,-99,-99
2014,SC,1,E,2,-99,-99,0,-99,-99,0,0,-99,-99,0,none,0,0,none,0,0,-99,-99,none,-99,-99
2014,SC,1,E,3,-99,-99,0,-99,-99,0,0,-99,-99,0,none,0,0,none,0,0,-99,-99,none,-99,-99
2014,SC,1,E,4,-99,-99,0,-99,-99,0,0,-99,-99,0,none,0,0,none,0,0,-99,-99,none,-99,-99
2014,SC,1,E,5,-99,-99,0,-99,-99,0,1,-99,-99,0.209,none,0,0,none,0,0,-99,-99,none,-99,-99
2014,SC,2,A,1,-99,-99,0,-99,-99,0,0,-99,-99,0,none,0,0,none,0,0,-99,-99,none,-99,-99
2014,SC,2,A,2,-99,-99,0,-99,-99,0,1,-99,-99,0.163,none,0,0,none,0,0,-99,-99,none,-99,-99
2014,SC,2,A,3,-99,-99,1,-99,-99,0.056,0,-99,-99,0,none,0,0,none,0,0,-99,-99,none,-99,-99
2014,SC,2,A,4,-99,-99,3,-99,-99,0.628,0,-99,-99,0,none,0,0,none,0,0,-99,-99,none,-99,-99
2014,SC,2,A,5,-99,-99,0,-99,-99,0,0,-99,-99,0,none,0,0,none,0,0,-99,-99,none,-99,-99
2014,SC,3,C,1,-99,-99,9,-99,-99,1.531,0,-99,-99,0,none,0,0,none,0,0,-99,-99,none,-99,-99
2014,SC,3,C,2,-99,-99,15,-99,-99,1.761,0,-99,-99,0,none,0,0,none,0,0,-99,-99,none,-99,-99
2014,SC,3,C,3,-99,-99,2,-99,-99,0.436,0,-99,-99,0,none,0,0,none,0,0,-99,-99,none,-99,-99
2014,SC,3,C,4,-99,-99,12,-99,-99,1.817,0,-99,-99,0,none,0,0,none,0,0,-99,-99,none,-99,-99
2014,SC,3,C,5,-99,-99,21,-99,-99,2.839,0,-99,-99,0,none,0,0,none,0,0,-99,-99,none,-99,-99
2014,SC,4,A,1,-99,-99,2,-99,-99,0.413,0,-99,-99,0,none,0,0,none,0,0,-99,-99,none,-99,-99
2014,SC,4,A,2,-99,-99,0,-99,-99,0,0,-99,-99,0,none,0,0,none,0,0,-99,-99,none,-99,-99
2014,SC,4,A,3,-99,-99,1,-99,-99,0.276,0,-99,-99,0,none,0,0,none,0,0,-99,-99,none,-99,-99
2014,SC,4,A,4,-99,-99,3,-99,-99,1.173,0,-99,-99,0,none,0,0,none,0,0,-99,-99,none,-99,-99
2014,SC,4,A,5,-99,-99,0,-99,-99,0,0,-99,-99,0,none,0,0,none,0,0,-99,-99,none,-99,-99
2014,SC,5,C,1,-99,-99,24,-99,-99,2.562,0,-99,-99,0,none,0,0,none,0,0,-99,-99,none,-99,-99
2014,SC,5,C,2,-99,-99,2,-99,-99,0.172,0,-99,-99,0,none,0,0,none,0,0,-99,-99,none,-99,-99
2014,SC,5,C,3,-99,-99,10,-99,-99,1.521,0,-99,-99,0,none,0,0,none,0,0,-99,-99,none,-99,-99
2014,SC,5,C,4,-99,-99,8,-99,-99,1.195,0,-99,-99,0,none,0,0,none,0,0,-99,-99,none,-99,-99
2014,SC,5,C,5,-99,-99,8,-99,-99,0.912,0,-99,-99,0,none,0,0,none,0,0,-99,-99,none,-99,-99
2014,SC,6,E,1,-99,-99,4,-99,-99,1.12,0,-99,-99,0,none,0,0,none,0,0,-99,-99,none,-99,-99
2014,SC,6,E,2,-99,-99,0,-99,-99,0,0,-99,-99,0,none,0,0,none,0,0,-99,-99,none,-99,-99
2014,SC,6,E,3,-99,-99,4,-99,-99,0.478,0,-99,-99,0,none,0,0,none,0,0,-99,-99,none,-99,-99
2014,SC,6,E,4,-99,-99,0,-99,-99,0,0,-99,-99,0,none,0,0,none,0,0,-99,-99,none,-99,-99
2014,SC,6,E,5,-99,-99,2,-99,-99,0.159,0,-99,-99,0,none,0,0,none,0,0,-99,-99,none,-99,-99
2014,SC,7,C,1,-99,-99,7,-99,-99,0.713,1,-99,-99,0.106,none,0,0,none,0,0,-99,-99,none,-99,-99
2014,SC,7,C,2,-99,-99,2,-99,-99,0.213,5,-99,-99,0.332,none,0,0,none,0,0,-99,-99,none,-99,-99
2014,SC,7,C,3,-99,-99,9,-99,-99,1.129,3,-99,-99,0.39,none,0,0,none,0,0,-99,-99,none,-99,-99
2014,SC,7,C,4,-99,-99,0,-99,-99,0,1,-99,-99,0.195,none,0,0,none,0,0,-99,-99,none,-99,-99
2014,SC,7,C,5,-99,-99,5,-99,-99,0.502,0,-99,-99,0,none,0,0,none,0,0,-99,-99,none,-99,-99
2014,SC,8,A,1,-99,-99,1,-99,-99,0.015,3,-99,-99,0.388,none,0,0,none,0,0,-99,-99,none,-99,-99
2014,SC,8,A,2,-99,-99,0,-99,-99,0,2,-99,-99,0.113,none,0,0,none,0,0,-99,-99,none,-99,-99
2014,SC,8,A,3,-99,-99,0,-99,-99,0,0,-99,-99,0,none,0,0,none,0,0,-99,-99,none,-99,-99
2014,SC,8,A,4,-99,-99,0,-99,-99,0,0,-99,-99,0,none,0,0,none,0,0,-99,-99,none,-99,-99
2014,SC,8,A,5,-99,-99,0,-99,-99,0,0,-99,-99,0,none,0,0,none,0,0,-99,-99,none,-99,-99
2014,SC,9,E,1,-99,-99,0,-99,-99,0,0,-99,-99,0,none,0,0,none,0,0,-99,-99,none,-99,-99
2014,SC,9,E,2,-99,-99,0,-99,-99,0,3,-99,-99,0.285,none,0,0,none,0,0,-99,-99,none,-99,-99
2014,SC,9,E,3,-99,-99,0,-99,-99,0,0,-99,-99,0,none,0,0,none,0,0,-99,-99,none,-99,-99
2014,SC,9,E,4,-99,-99,0,-99,-99,0,0,-99,-99,0,none,0,0,none,0,0,-99,-99,none,-99,-99
2014,SC,9,E,5,-99,-99,0,-99,-99,0,0,-99,-99,0,none,0,0,none,0,0,-99,-99,none,-99,-99
2014,SC,10,E,1,-99,-99,0,-99,-99,0,0,-99,-99,0,none,0,0,none,0,0,-99,-99,none,-99,-99
2014,SC,10,E,2,-99,-99,0,-99,-99,0,0,-99,-99,0,none,0,0,none,0,0,-99,-99,none,-99,-99
2014,SC,10,E,3,-99,-99,0,-99,-99,0,0,-99,-99,0,none,0,0,none,0,0,-99,-99,none,-99,-99
2014,SC,10,E,4,-99,-99,0,-99,-99,0,0,-99,-99,0,none,0,0,none,0,0,-99,-99,none,-99,-99
2014,SC,10,E,5,-99,-99,3,-99,-99,0.468,4,-99,-99,0.45,none,0,0,none,0,0,-99,-99,none,-99,-99
2014,SC,11,C,1,-99,-99,1,-99,-99,0.104,0,-99,-99,0,none,0,0,none,0,0,-99,-99,none,-99,-99
2014,SC,11,C,2,-99,-99,8,-99,-99,0.805,4,-99,-99,0.481,none,0,0,none,0,0,-99,-99,none,-99,-99
2014,SC,11,C,3,-99,-99,1,-99,-99,0.043,1,-99,-99,0.163,none,0,0,none,0,0,-99,-99,none,-99,-99
2014,SC,11,C,4,-99,-99,7,-99,-99,0.881,1,-99,-99,0.1,none,0,0,none,0,0,-99,-99,none,-99,-99
2014,SC,11,C,5,-99,-99,0,-99,-99,0,7,-99,-99,0.493,none,0,0,none,0,0,-99,-99,none,-99,-99
2014,SC,12,A,1,-99,-99,5,-99,-99,0.33,1,-99,-99,0.179,none,0,0,none,0,0,-99,-99,none,-99,-99
2014,SC,12,A,2,-99,-99,0,-99,-99,0,0,-99,-99,0,none,0,0,none,0,0,-99,-99,none,-99,-99
2014,SC,12,A,3,-99,-99,0,-99,-99,0,2,-99,-99,0.084,none,0,0,none,0,0,-99,-99,none,-99,-99
2014,SC,12,A,4,-99,-99,0,-99,-99,0,0,-99,-99,0,none,0,0,none,0,0,-99,-99,none,-99,-99
2014,SC,12,A,5,-99,-99,1,-99,-99,0.105,2,-99,-99,0.187,none,0,0,none,0,0,-99,-99,none,-99,-99
2014,SC,13,C,1,-99,-99,6,-99,-99,0.43,2,-99,-99,0.238,none,0,0,none,0,0,-99,-99,none,-99,-99
2014,SC,13,C,2,-99,-99,12,-99,-99,1.735,0,-99,-99,0,none,0,0,none,0,0,-99,-99,none,-99,-99
2014,SC,13,C,3,-99,-99,5,-99,-99,0.842,0,-99,-99,0,none,0,0,none,0,0,-99,-99,none,-99,-99
2014,SC,13,C,4,-99,-99,7,-99,-99,1.227,3,-99,-99,0.244,none,0,0,none,0,0,-99,-99,none,-99,-99
2014,SC,13,C,5,-99,-99,10,-99,-99,1.485,0,-99,-99,0,none,0,0,none,0,0,-99,-99,none,-99,-99
2014,SC,14,E,1,-99,-99,0,-99,-99,0,1,-99,-99,0.064,none,0,0,none,0,0,-99,-99,none,-99,-99
2014,SC,14,E,2,-99,-99,0,-99,-99,0,0,-99,-99,0,none,0,0,none,0,0,-99,-99,none,-99,-99
2014,SC,14,E,3,-99,-99,0,-99,-99,0,0,-99,-99,0,none,0,0,none,0,0,-99,-99,none,-99,-99
2014,SC,14,E,4,-99,-99,2,-99,-99,0.276,3,-99,-99,0.532,none,0,0,none,0,0,-99,-99,none,-99,-99
2014,SC,14,E,5,-99,-99,6,-99,-99,1.151,0,-99,-99,0,none,0,0,none,0,0,-99,-99,none,-99,-99
2014,SC,15,A,1,-99,-99,0,-99,-99,0,7,-99,-99,0.844,none,0,0,none,0,0,-99,-99,none,-99,-99
2014,SC,15,A,2,-99,-99,0,-99,-99,0,1,-99,-99,0.113,none,0,0,none,0,0,-99,-99,none,-99,-99
2014,SC,15,A,3,-99,-99,0,-99,-99,0,1,-99,-99,0.069,none,0,0,none,0,0,-99,-99,none,-99,-99
2014,SC,15,A,4,-99,-99,0,-99,-99,0,0,-99,-99,0,none,0,0,none,0,0,-99,-99,none,-99,-99
2014,SC,15,A,5,-99,-99,0,-99,-99,0,0,-99,-99,0,none,0,0,none,0,0,-99,-99,none,-99,-99
2014,SP,1,E,1,-99,-99,0,-99,-99,0,0,-99,-99,0,none,0,0,none,0,0,-99,-99,none,-99,-99
2014,SP,1,E,2,-99,-99,5,-99,-99,0.87,0,-99,-99,0,SOSE,1,1.214,none,0,0,-99,-99,none,-99,-99
2014,SP,1,E,3,-99,-99,0,-99,-99,0,1,-99,-99,0.198,none,0,0,none,0,0,-99,-99,none,-99,-99
2014,SP,1,E,4,-99,-99,1,-99,-99,0.169,0,-99,-99,0,none,0,0,none,0,0,-99,-99,none,-99,-99
2014,SP,1,E,5,-99,-99,2,-99,-99,0.547,0,-99,-99,0,none,0,0,none,0,0,-99,-99,none,-99,-99
2014,SP,2,A,1,-99,-99,13,-99,-99,2.301,0,-99,-99,0,none,0,0,none,0,0,-99,-99,none,-99,-99
2014,SP,2,A,2,-99,-99,1,-99,-99,0.012,0,-99,-99,0,none,0,0,none,0,0,-99,-99,none,-99,-99
2014,SP,2,A,3,-99,-99,10,-99,-99,1.86,0,-99,-99,0,none,0,0,none,0,0,-99,-99,none,-99,-99
2014,SP,2,A,4,-99,-99,20,-99,-99,2.401,0,-99,-99,0,none,0,0,none,0,0,-99,-99,none,-99,-99
2014,SP,2,A,5,-99,-99,18,-99,-99,1.743,0,-99,-99,0,none,0,0,none,0,0,-99,-99,none,-99,-99
2014,SP,3,C,1,-99,-99,21,-99,-99,4.023,0,-99,-99,0,none,0,0,none,0,0,-99,-99,none,-99,-99
2014,SP,3,C,2,-99,-99,10,-99,-99,2.263,0,-99,-99,0,none,0,0,none,0,0,-99,-99,none,-99,-99
2014,SP,3,C,3,-99,-99,5,-99,-99,0.765,0,-99,-99,0,none,0,0,none,0,0,-99,-99,none,-99,-99
2014,SP,3,C,4,-99,-99,8,-99,-99,2.112,0,-99,-99,0,none,0,0,none,0,0,-99,-99,none,-99,-99
2014,SP,3,C,5,-99,-99,18,-99,-99,3.966,0,-99,-99,0,none,0,0,none,0,0,-99,-99,none,-99,-99
2014,SP,4,E,1,-99,-99,11,-99,-99,1.297,0,-99,-99,0,none,0,0,none,0,0,-99,-99,none,-99,-99
2014,SP,4,E,2,-99,-99,2,-99,-99,0.104,0,-99,-99,0,none,0,0,none,0,0,-99,-99,none,-99,-99
2014,SP,4,E,3,-99,-99,3,-99,-99,0.661,0,-99,-99,0,none,0,0,none,0,0,-99,-99,none,-99,-99
2014,SP,4,E,4,-99,-99,2,-99,-99,0.41,0,-99,-99,0,none,0,0,none,0,0,-99,-99,none,-99,-99
2014,SP,4,E,5,-99,-99,8,-99,-99,1.655,0,-99,-99,0,none,0,0,none,0,0,-99,-99,none,-99,-99
2014,SP,5,A,1,-99,-99,7,-99,-99,0.936,0,-99,-99,0,none,0,0,none,0,0,-99,-99,none,-99,-99
2014,SP,5,A,2,-99,-99,28,-99,-99,3.565,0,-99,-99,0,none,0,0,none,0,0,-99,-99,none,-99,-99
2014,SP,5,A,3,-99,-99,3,-99,-99,0.6,0,-99,-99,0,none,0,0,none,0,0,-99,-99,none,-99,-99
2014,SP,5,A,4,-99,-99,1,-99,-99,0.318,0,-99,-99,0,none,0,0,none,0,0,-99,-99,none,-99,-99
2014,SP,5,A,5,-99,-99,10,-99,-99,0.766,0,-99,-99,0,none,0,0,none,0,0,-99,-99,none,-99,-99
2014,SP,6,C,1,-99,-99,8,-99,-99,1.269,0,-99,-99,0,none,0,0,none,0,0,-99,-99,none,-99,-99
2014,SP,6,C,2,-99,-99,12,-99,-99,2.205,0,-99,-99,0,none,0,0,none,0,0,-99,-99,none,-99,-99
2014,SP,6,C,3,-99,-99,7,-99,-99,1.422,0,-99,-99,0,SOSE,2,0.259,none,0,0,-99,-99,none,-99,-99
2014,SP,6,C,4,-99,-99,1,-99,-99,0.054,0,-99,-99,0,none,0,0,none,0,0,-99,-99,none,-99,-99
2014,SP,6,C,5,-99,-99,24,-99,-99,5.616,0,-99,-99,0,none,0,0,none,0,0,-99,-99,none,-99,-99
2014,SP,7,C,1,-99,-99,19,-99,-99,2.358,0,-99,-99,0,none,0,0,none,0,0,-99,-99,none,-99,-99
2014,SP,7,C,2,-99,-99,8,-99,-99,1.338,0,-99,-99,0,none,0,0,none,0,0,-99,-99,none,-99,-99
2014,SP,7,C,3,-99,-99,30,-99,-99,4.89,0,-99,-99,0,none,0,0,none,0,0,-99,-99,none,-99,-99
2014,SP,7,C,4,-99,-99,14,-99,-99,1.909,0,-99,-99,0,none,0,0,none,0,0,-99,-99,none,-99,-99
2014,SP,7,C,5,-99,-99,20,-99,-99,2.279,0,-99,-99,0,none,0,0,none,0,0,-99,-99,none,-99,-99
2014,SP,8,E,1,-99,-99,23,-99,-99,1.236,0,-99,-99,0,none,0,0,none,0,0,-99,-99,none,-99,-99
2014,SP,8,E,2,-99,-99,17,-99,-99,1.034,0,-99,-99,0,none,0,0,none,0,0,-99,-99,none,-99,-99
2014,SP,8,E,3,-99,-99,14,-99,-99,0.998,0,-99,-99,0,none,0,0,none,0,0,-99,-99,none,-99,-99
2014,SP,8,E,4,-99,-99,10,-99,-99,0.88,0,-99,-99,0,none,0,0,none,0,0,-99,-99,none,-99,-99
2014,SP,8,E,5,-99,-99,14,-99,-99,2.272,0,-99,-99,0,none,0,0,none,0,0,-99,-99,none,-99,-99
2014,SP,9,A,1,-99,-99,2,-99,-99,0.058,0,-99,-99,0,none,0,0,none,0,0,-99,-99,none,-99,-99
2014,SP,9,A,2,-99,-99,0,-99,-99,0,0,-99,-99,0,none,0,0,none,0,0,-99,-99,none,-99,-99
2014,SP,9,A,3,-99,-99,1,-99,-99,0.117,0,-99,-99,0,none,0,0,none,0,0,-99,-99,none,-99,-99
2014,SP,9,A,4,-99,-99,0,-99,-99,0,0,-99,-99,0,none,0,0,none,0,0,-99,-99,none,-99,-99
2014,SP,9,A,5,-99,-99,4,-99,-99,0.324,0,-99,-99,0,none,0,0,none,0,0,-99,-99,none,-99,-99
2014,SP,10,E,1,-99,-99,15,-99,-99,1.405,4,-99,-99,0.324,none,0,0,none,0,0,-99,-99,none,-99,-99
2014,SP,10,E,2,-99,-99,8,-99,-99,0.986,0,-99,-99,0,none,0,0,none,0,0,-99,-99,none,-99,-99
2014,SP,10,E,3,-99,-99,0,-99,-99,0,0,-99,-99,0,none,0,0,none,0,0,-99,-99,none,-99,-99
2014,SP,10,E,4,-99,-99,0,-99,-99,0,1,-99,-99,0.154,none,0,0,none,0,0,-99,-99,none,-99,-99
2014,SP,10,E,5,-99,-99,1,-99,-99,0.18,0,-99,-99,0,POHY,16,0.334,none,0,0,-99,-99,none,-99,-99
2014,SP,11,A,1,-99,-99,5,-99,-99,0.438,0,-99,-99,0,none,0,0,none,0,0,-99,-99,none,-99,-99
2014,SP,11,A,2,-99,-99,5,-99,-99,0.661,0,-99,-99,0,none,0,0,none,0,0,-99,-99,none,-99,-99
2014,SP,11,A,3,-99,-99,5,-99,-99,0.518,0,-99,-99,0,none,0,0,none,0,0,-99,-99,none,-99,-99
2014,SP,11,A,4,-99,-99,10,-99,-99,0.925,0,-99,-99,0,none,0,0,none,0,0,-99,-99,none,-99,-99
2014,SP,11,A,5,-99,-99,9,-99,-99,1.551,0,-99,-99,0,none,0,0,none,0,0,-99,-99,none,-99,-99
2014,SP,12,C,1,-99,-99,10,-99,-99,1.255,0,-99,-99,0,none,0,0,none,0,0,-99,-99,none,-99,-99
2014,SP,12,C,2,-99,-99,17,-99,-99,2.704,0,-99,-99,0,none,0,0,none,0,0,-99,-99,none,-99,-99
2014,SP,12,C,3,-99,-99,19,-99,-99,2.532,0,-99,-99,0,none,0,0,none,0,0,-99,-99,none,-99,-99
2014,SP,12,C,4,-99,-99,16,-99,-99,2.967,0,-99,-99,0,none,0,0,none,0,0,-99,-99,none,-99,-99
2014,SP,12,C,5,-99,-99,7,-99,-99,1.235,0,-99,-99,0,none,0,0,none,0,0,-99,-99,none,-99,-99
2014,SP,13,A,1,-99,-99,15,-99,-99,1.852,0,-99,-99,0,none,0,0,none,0,0,-99,-99,none,-99,-99
2014,SP,13,A,2,-99,-99,9,-99,-99,0.866,0,-99,-99,0,none,0,0,none,0,0,-99,-99,none,-99,-99
2014,SP,13,A,3,-99,-99,0,-99,-99,0,0,-99,-99,0,none,0,0,none,0,0,-99,-99,none,-99,-99
2014,SP,13,A,4,-99,-99,0,-99,-99,0,0,-99,-99,0,none,0,0,none,0,0,-99,-99,none,-99,-99
2014,SP,13,A,5,-99,-99,13,-99,-99,1.725,0,-99,-99,0,none,0,0,none,0,0,-99,-99,none,-99,-99
2014,SP,14,E,1,-99,-99,2,-99,-99,0.57,0,-99,-99,0,none,0,0,none,0,0,-99,-99,none,-99,-99
2014,SP,14,E,2,-99,-99,11,-99,-99,1.078,0,-99,-99,0,none,0,0,none,0,0,-99,-99,none,-99,-99
2014,SP,14,E,3,-99,-99,2,-99,-99,0.241,0,-99,-99,0,none,0,0,none,0,0,-99,-99,none,-99,-99
2014,SP,14,E,4,-99,-99,2,-99,-99,0.468,0,-99,-99,0,TYAN,1,4.261,none,0,0,-99,-99,none,-99,-99
2014,SP,14,E,5,-99,-99,1,-99,-99,0.083,0,-99,-99,0,none,0,0,none,0,0,-99,-99,none,-99,-99
2014,SP,15,C,1,-99,-99,8,-99,-99,1.573,0,-99,-99,0,none,0,0,none,0,0,-99,-99,none,-99,-99
2014,SP,15,C,2,-99,-99,13,-99,-99,2.119,0,-99,-99,0,none,0,0,none,0,0,-99,-99,none,-99,-99
2014,SP,15,C,3,-99,-99,9,-99,-99,0.529,0,-99,-99,0,none,0,0,none,0,0,-99,-99,none,-99,-99
2014,SP,15,C,4,-99,-99,0,-99,-99,1.693,0,-99,-99,0,none,0,0,none,0,0,-99,-99,none,-99,-99
2014,SP,15,C,5,-99,-99,10,-99,-99,1.476,0,-99,-99,0,none,0,0,none,0,0,-99,-99,none,-99,-99
2015,MX,1,E,1,-99,-99,0,-99,-99,0,0,-99,-99,0,none,0,0,none,0,0,-99,-99,none,-99,-99
2015,MX,1,E,2,-99,-99,0,-99,-99,0,1,-99,-99,0.0284,none,0,0,none,0,0,-99,-99,none,-99,-99
2015,MX,1,E,3,-99,-99,0,-99,-99,0,0,-99,-99,0,none,0,0,none,0,0,-99,-99,none,-99,-99
2015,MX,1,E,4,-99,-99,0,-99,-99,0,2,-99,-99,0.236,none,0,0,none,0,0,-99,-99,none,-99,-99
2015,MX,1,E,5,-99,-99,0,-99,-99,0,2,-99,-99,0.305,none,0,0,none,0,0,-99,-99,none,-99,-99
2015,MX,2,A,1,-99,-99,0,-99,-99,0,2,-99,-99,0.341,none,0,0,none,0,0,-99,-99,none,-99,-99
2015,MX,2,A,2,-99,-99,0,-99,-99,0,0,-99,-99,0,none,0,0,none,0,0,-99,-99,none,-99,-99
2015,MX,2,A,3,-99,-99,0,-99,-99,0,1,-99,-99,0.278,none,0,0,none,0,0,-99,-99,none,-99,-99
2015,MX,2,A,4,-99,-99,0,-99,-99,0,0,-99,-99,0,none,0,0,none,0,0,-99,-99,none,-99,-99
2015,MX,2,A,5,-99,-99,1,-99,-99,0.072,1,-99,-99,0.183,none,0,0,none,0,0,-99,-99,none,-99,-99
2015,MX,3,C,1,-99,-99,0,-99,-99,0,7,-99,-99,0.87,none,0,0,none,0,0,-99,-99,none,-99,-99
2015,MX,3,C,2,-99,-99,3,-99,-99,0.165,4,-99,-99,0.569,none,0,0,none,0,0,-99,-99,none,-99,-99
2015,MX,3,C,3,-99,-99,0,-99,-99,0,0,-99,-99,0,none,0,0,none,0,0,-99,-99,none,-99,-99
2015,MX,3,C,4,-99,-99,3,-99,-99,0.14,3,-99,-99,0.461,none,0,0,none,0,0,-99,-99,none,-99,-99
2015,MX,3,C,5,-99,-99,2,-99,-99,0.174,3,-99,-99,0.533,none,0,0,none,0,0,-99,-99,none,-99,-99
2015,MX,4,E,1,-99,-99,1,-99,-99,0.078,1,-99,-99,0.065,none,0,0,none,0,0,-99,-99,none,-99,-99
2015,MX,4,E,2,-99,-99,3,-99,-99,0.685,0,-99,-99,0.414,none,0,0,none,0,0,-99,-99,none,-99,-99
2015,MX,4,E,3,-99,-99,0,-99,-99,0,2,-99,-99,0.423,none,0,0,none,0,0,-99,-99,none,-99,-99
2015,MX,4,E,4,-99,-99,0,-99,-99,0,0,-99,-99,0,none,0,0,none,0,0,-99,-99,none,-99,-99
2015,MX,4,E,5,-99,-99,0,-99,-99,0,2,-99,-99,0.409,none,0,0,none,0,0,-99,-99,none,-99,-99
2015,MX,5,C,1,-99,-99,3,-99,-99,0.202,5,-99,-99,0.94,none,0,0,none,0,0,-99,-99,none,-99,-99
2015,MX,5,C,2,-99,-99,0,-99,-99,0,4,-99,-99,0.874,none,0,0,none,0,0,-99,-99,none,-99,-99
2015,MX,5,C,3,-99,-99,1,-99,-99,0.0417,3,-99,-99,0.9106,none,0,0,none,0,0,-99,-99,none,-99,-99
2015,MX,5,C,4,-99,-99,0,-99,-99,0,0,-99,-99,0,none,0,0,none,0,0,-99,-99,none,-99,-99
2015,MX,5,C,5,-99,-99,0,-99,-99,0,0,-99,-99,0,none,0,0,none,0,0,-99,-99,none,-99,-99
2015,MX,6,A,1,-99,-99,0,-99,-99,0,0,-99,-99,0,none,0,0,none,0,0,-99,-99,none,-99,-99
2015,MX,6,A,2,-99,-99,1,-99,-99,0.021,1,-99,-99,0.312,none,0,0,none,0,0,-99,-99,none,-99,-99
2015,MX,6,A,3,-99,-99,0,-99,-99,0,0,-99,-99,0,none,0,0,none,0,0,-99,-99,none,-99,-99
2015,MX,6,A,4,-99,-99,1,-99,-99,0.112,4,-99,-99,0.595,none,0,0,none,0,0,-99,-99,none,-99,-99
2015,MX,6,A,5,-99,-99,1,-99,-99,0.1093,4,-99,-99,1.121,none,0,0,none,0,0,-99,-99,none,-99,-99
2015,MX,7,C,1,-99,-99,2,-99,-99,0.206,0,-99,-99,0,none,0,0,none,0,0,-99,-99,none,-99,-99
2015,MX,7,C,2,-99,-99,13,-99,-99,1.998,4,-99,-99,0.544,none,0,0,none,0,0,-99,-99,none,-99,-99
2015,MX,7,C,3,-99,-99,6,-99,-99,1.007,0,-99,-99,0,none,0,0,none,0,0,-99,-99,none,-99,-99
2015,MX,7,C,4,-99,-99,0,-99,-99,0,0,-99,-99,0,none,0,0,none,0,0,-99,-99,none,-99,-99
2015,MX,7,C,5,-99,-99,21,-99,-99,4.102,0,-99,-99,0,none,0,0,none,0,0,-99,-99,none,-99,-99
2015,MX,8,E,1,-99,-99,3,-99,-99,0.783,0,-99,-99,0,none,0,0,none,0,0,-99,-99,none,-99,-99
2015,MX,8,E,2,-99,-99,0,-99,-99,0,0,-99,-99,0,none,0,0,none,0,0,-99,-99,none,-99,-99
2015,MX,8,E,3,-99,-99,0,-99,-99,0,7,-99,-99,1.41,none,0,0,none,0,0,-99,-99,none,-99,-99
2015,MX,8,E,4,-99,-99,0,-99,-99,0.048,0,-99,-99,0,none,0,0,none,0,0,-99,-99,none,-99,-99
2015,MX,8,E,5,-99,-99,1,-99,-99,0,2,-99,-99,0.276,none,0,0,none,0,0,-99,-99,none,-99,-99
2015,MX,9,A,1,-99,-99,5,-99,-99,0.762,0,-99,-99,0,none,0,0,none,0,0,-99,-99,none,-99,-99
2015,MX,9,A,2,-99,-99,1,-99,-99,0.086,0,-99,-99,0,none,0,0,none,0,0,-99,-99,none,-99,-99
2015,MX,9,A,3,-99,-99,4,-99,-99,0.438,1,-99,-99,0.256,none,0,0,none,0,0,-99,-99,none,-99,-99
2015,MX,9,A,4,-99,-99,1,-99,-99,0.3,0,-99,-99,0,none,0,0,none,0,0,-99,-99,none,-99,-99
2015,MX,9,A,5,-99,-99,3,-99,-99,0.4,1,-99,-99,0.107,none,0,0,none,0,0,-99,-99,none,-99,-99
2015,MX,10,C,1,-99,-99,17,-99,-99,2.97,1,-99,-99,0.17,none,0,0,none,0,0,-99,-99,none,-99,-99
2015,MX,10,C,2,-99,-99,3,-99,-99,0.558,2,-99,-99,0.522,none,0,0,none,0,0,-99,-99,none,-99,-99
2015,MX,10,C,3,-99,-99,0,-99,-99,0,2,-99,-99,0.228,none,0,0,none,0,0,-99,-99,none,-99,-99
2015,MX,10,C,4,-99,-99,13,-99,-99,1.611,1,-99,-99,0.108,none,0,0,none,0,0,-99,-99,none,-99,-99
2015,MX,10,C,5,-99,-99,4,-99,-99,0.375,6,-99,-99,0.571,none,0,0,none,0,0,-99,-99,none,-99,-99
2015,MX,11,E,1,-99,-99,2,-99,-99,0.43,1,-99,-99,0.247,none,0,0,none,0,0,-99,-99,none,-99,-99
2015,MX,11,E,2,-99,-99,0,-99,-99,0,2,-99,-99,0.309,none,0,0,none,0,0,-99,-99,none,-99,-99
2015,MX,11,E,3,-99,-99,1,-99,-99,0.226,0,-99,-99,0,none,0,0,none,0,0,-99,-99,none,-99,-99
2015,MX,11,E,4,-99,-99,0,-99,-99,0,3,-99,-99,0.339,none,0,0,none,0,0,-99,-99,none,-99,-99
2015,MX,11,E,5,-99,-99,7,-99,-99,1.148,1,-99,-99,0.206,none,0,0,none,0,0,-99,-99,none,-99,-99
2015,MX,12,A,1,-99,-99,0,-99,-99,0,5,-99,-99,0.726,none,0,0,none,0,0,-99,-99,none,-99,-99
2015,MX,12,A,2,-99,-99,0,-99,-99,0,3,-99,-99,0.398,none,0,0,none,0,0,-99,-99,none,-99,-99
2015,MX,12,A,3,-99,-99,0,-99,-99,0,3,-99,-99,0.272,none,0,0,none,0,0,-99,-99,none,-99,-99
2015,MX,12,A,4,-99,-99,0,-99,-99,0,0,-99,-99,0,none,0,0,none,0,0,-99,-99,none,-99,-99
2015,MX,12,A,5,-99,-99,0,-99,-99,0,4,-99,-99,0.745,none,0,0,none,0,0,-99,-99,none,-99,-99
2015,MX,13,E,1,-99,-99,2,-99,-99,0.737,1,-99,-99,0.0987,none,0,0,none,0,0,-99,-99,none,-99,-99
2015,MX,13,E,2,-99,-99,1,-99,-99,0.083,3,-99,-99,0.351,none,0,0,none,0,0,-99,-99,none,-99,-99
2015,MX,13,E,3,-99,-99,0,-99,-99,0,0,-99,-99,0,none,0,0,none,0,0,-99,-99,none,-99,-99
2015,MX,13,E,4,-99,-99,0,-99,-99,0,0,-99,-99,0,none,0,0,none,0,0,-99,-99,none,-99,-99
2015,MX,13,E,5,-99,-99,10,-99,-99,0.976,0,-99,-99,0,none,0,0,none,0,0,-99,-99,none,-99,-99
2015,MX,14,C,1,-99,-99,9,-99,-99,0.923,4,-99,-99,0.444,none,0,0,none,0,0,-99,-99,none,-99,-99
2015,MX,14,C,2,-99,-99,9,-99,-99,1.001,1,-99,-99,0.169,none,0,0,none,0,0,-99,-99,none,-99,-99
2015,MX,14,C,3,-99,-99,7,-99,-99,0.801,3,-99,-99,0.694,none,0,0,none,0,0,-99,-99,none,-99,-99
2015,MX,14,C,4,-99,-99,11,-99,-99,1.561,1,-99,-99,0.245,none,0,0,none,0,0,-99,-99,none,-99,-99
2015,MX,14,C,5,-99,-99,13,-99,-99,1.177,2,-99,-99,0.221,none,0,0,none,0,0,-99,-99,none,-99,-99
2015,MX,15,A,1,-99,-99,1,-99,-99,0.105,3,-99,-99,0.838,none,0,0,none,0,0,-99,-99,none,-99,-99
2015,MX,15,A,2,-99,-99,1,-99,-99,0.165,1,-99,-99,0.221,none,0,0,none,0,0,-99,-99,none,-99,-99
2015,MX,15,A,3,-99,-99,3,-99,-99,0.536,4,-99,-99,1.253,none,0,0,none,0,0,-99,-99,none,-99,-99
2015,MX,15,A,4,-99,-99,1,-99,-99,0.2,3,-99,-99,0.232,none,0,0,none,0,0,-99,-99,none,-99,-99
2015,MX,15,A,5,-99,-99,3,-99,-99,0.585,0,-99,-99,0,none,0,0,none,0,0,-99,-99,none,-99,-99
2015,SC,1,E,1,-99,-99,0,-99,-99,0,0,-99,-99,0,none,0,0,none,0,0,-99,-99,none,-99,-99
2015,SC,1,E,2,-99,-99,0,-99,-99,0,0,-99,-99,0,none,0,0,none,0,0,-99,-99,none,-99,-99
2015,SC,1,E,3,-99,-99,0,-99,-99,0,0,-99,-99,0,none,0,0,none,0,0,-99,-99,none,-99,-99
2015,SC,1,E,4,-99,-99,0,-99,-99,0,0,-99,-99,0,none,0,0,none,0,0,-99,-99,none,-99,-99
2015,SC,1,E,5,-99,-99,0,-99,-99,0,0,-99,-99,0,none,0,0,none,0,0,-99,-99,none,-99,-99
2015,SC,2,A,1,-99,-99,0,-99,-99,0,4,-99,-99,0.8623,none,0,0,none,0,0,-99,-99,none,-99,-99
2015,SC,2,A,2,-99,-99,0,-99,-99,0,1,-99,-99,0.068,none,0,0,none,0,0,-99,-99,none,-99,-99
2015,SC,2,A,3,-99,-99,0,-99,-99,0,0,-99,-99,0,none,0,0,none,0,0,-99,-99,none,-99,-99
2015,SC,2,A,4,-99,-99,0,-99,-99,0,0,-99,-99,0,none,0,0,none,0,0,-99,-99,none,-99,-99
2015,SC,2,A,5,-99,-99,0,-99,-99,0,4,-99,-99,1.0261,none,0,0,none,0,0,-99,-99,none,-99,-99
2015,SC,3,C,1,-99,-99,0,-99,-99,0,0,-99,-99,0,none,0,0,none,0,0,-99,-99,none,-99,-99
2015,SC,3,C,2,-99,-99,4,-99,-99,0.3837,0,-99,-99,0,none,0,0,none,0,0,-99,-99,none,-99,-99
2015,SC,3,C,3,-99,-99,4,-99,-99,0.7754,0,-99,-99,0,none,0,0,none,0,0,-99,-99,none,-99,-99
2015,SC,3,C,4,-99,-99,1,-99,-99,0.1725,0,-99,-99,0,none,0,0,none,0,0,-99,-99,none,-99,-99
2015,SC,3,C,5,-99,-99,4,-99,-99,0.6105,0,-99,-99,0,none,0,0,none,0,0,-99,-99,none,-99,-99
2015,SC,4,A,1,-99,-99,0,-99,-99,0,1,-99,-99,0.1524,none,0,0,none,0,0,-99,-99,none,-99,-99
2015,SC,4,A,2,-99,-99,0,-99,-99,0,0,-99,-99,0,none,0,0,none,0,0,-99,-99,none,-99,-99
2015,SC,4,A,3,-99,-99,0,-99,-99,0,2,-99,-99,0.3884,none,0,0,none,0,0,-99,-99,none,-99,-99
2015,SC,4,A,4,-99,-99,1,-99,-99,0.1301,0,-99,-99,0,none,0,0,none,0,0,-99,-99,none,-99,-99
2015,SC,4,A,5,-99,-99,0,-99,-99,0,0,-99,-99,0,none,0,0,none,0,0,-99,-99,none,-99,-99
2015,SC,5,C,1,-99,-99,4,-99,-99,0.748,0,-99,-99,0,none,0,0,none,0,0,-99,-99,none,-99,-99
2015,SC,5,C,2,-99,-99,11,-99,-99,1.3526,0,-99,-99,0,none,0,0,none,0,0,-99,-99,none,-99,-99
2015,SC,5,C,3,-99,-99,7,-99,-99,0.7016,0,-99,-99,0,none,0,0,none,0,0,-99,-99,none,-99,-99
2015,SC,5,C,4,-99,-99,17,-99,-99,1.6173,0,-99,-99,0,none,0,0,none,0,0,-99,-99,none,-99,-99
2015,SC,5,C,5,-99,-99,1,-99,-99,0.1456,2,-99,-99,0.5264,none,0,0,none,0,0,-99,-99,none,-99,-99
2015,SC,6,E,1,-99,-99,0,-99,-99,0,0,-99,-99,0,none,0,0,none,0,0,-99,-99,none,-99,-99
2015,SC,6,E,2,-99,-99,0,-99,-99,0,1,-99,-99,0.2261,none,0,0,none,0,0,-99,-99,none,-99,-99
2015,SC,6,E,3,-99,-99,1,-99,-99,0.0708,0,-99,-99,0,none,0,0,none,0,0,-99,-99,none,-99,-99
2015,SC,6,E,4,-99,-99,0,-99,-99,0,0,-99,-99,0,none,0,0,none,0,0,-99,-99,none,-99,-99
2015,SC,6,E,5,-99,-99,0,-99,-99,0,0,-99,-99,0,none,0,0,none,0,0,-99,-99,none,-99,-99
2015,SC,7,C,1,-99,-99,1,-99,-99,0.2475,0,-99,-99,0,none,0,0,none,0,0,-99,-99,none,-99,-99
2015,SC,7,C,2,-99,-99,0,-99,-99,0,0,-99,-99,0,none,0,0,none,0,0,-99,-99,none,-99,-99
2015,SC,7,C,3,-99,-99,4,-99,-99,0.7998,0,-99,-99,0,none,0,0,none,0,0,-99,-99,none,-99,-99
2015,SC,7,C,4,-99,-99,0,-99,-99,0,0,-99,-99,0,none,0,0,none,0,0,-99,-99,none,-99,-99
2015,SC,7,C,5,-99,-99,0,-99,-99,0,0,-99,-99,0,none,0,0,none,0,0,-99,-99,none,-99,-99
2015,SC,8,A,1,-99,-99,0,-99,-99,0,0,-99,-99,0,none,0,0,none,0,0,-99,-99,none,-99,-99
2015,SC,8,A,2,-99,-99,0,-99,-99,0,0,-99,-99,0,none,0,0,none,0,0,-99,-99,none,-99,-99
2015,SC,8,A,3,-99,-99,0,-99,-99,0,4,-99,-99,0.7099,none,0,0,none,0,0,-99,-99,none,-99,-99
2015,SC,8,A,4,-99,-99,0,-99,-99,0,0,-99,-99,0,none,0,0,none,0,0,-99,-99,none,-99,-99
2015,SC,8,A,5,-99,-99,0,-99,-99,0,0,-99,-99,0,none,0,0,none,0,0,-99,-99,none,-99,-99
2015,SC,9,E,1,-99,-99,0,-99,-99,0,1,-99,-99,0.1201,none,0,0,none,0,0,-99,-99,none,-99,-99
2015,SC,9,E,2,-99,-99,0,-99,-99,0,0,-99,-99,0,none,0,0,none,0,0,-99,-99,none,-99,-99
2015,SC,9,E,3,-99,-99,0,-99,-99,0,0,-99,-99,0,none,0,0,none,0,0,-99,-99,none,-99,-99
2015,SC,9,E,4,-99,-99,0,-99,-99,0,0,-99,-99,0,none,0,0,none,0,0,-99,-99,none,-99,-99
2015,SC,9,E,5,-99,-99,0,-99,-99,0,0,-99,-99,0,none,0,0,none,0,0,-99,-99,none,-99,-99
2015,SC,10,E,1,-99,-99,0,-99,-99,0,0,-99,-99,0,none,0,0,none,0,0,-99,-99,none,-99,-99
2015,SC,10,E,2,-99,-99,0,-99,-99,0,0,-99,-99,0,none,0,0,none,0,0,-99,-99,none,-99,-99
2015,SC,10,E,3,-99,-99,0,-99,-99,0,0,-99,-99,0,none,0,0,none,0,0,-99,-99,none,-99,-99
2015,SC,10,E,4,-99,-99,0,-99,-99,0,0,-99,-99,0.1494,none,0,0,none,0,0,-99,-99,none,-99,-99
2015,SC,10,E,5,-99,-99,0,-99,-99,0,0,-99,-99,0,none,0,0,none,0,0,-99,-99,none,-99,-99
2015,SC,11,C,1,-99,-99,13,-99,-99,1.7593,0,-99,-99,0,none,0,0,none,0,0,-99,-99,none,-99,-99
2015,SC,11,C,2,-99,-99,3,-99,-99,0.5528,4,-99,-99,0.7199,none,0,0,none,0,0,-99,-99,none,-99,-99
2015,SC,11,C,3,-99,-99,0,-99,-99,0,0,-99,-99,0,none,0,0,none,0,0,-99,-99,none,-99,-99
2015,SC,11,C,4,-99,-99,1,-99,-99,0.2728,4,-99,-99,0.9084,none,0,0,none,0,0,-99,-99,none,-99,-99
2015,SC,11,C,5,-99,-99,6,-99,-99,0.7629,0,-99,-99,0,none,0,0,none,0,0,-99,-99,none,-99,-99
2015,SC,12,A,1,-99,-99,0,-99,-99,0,0,-99,-99,0,none,0,0,none,0,0,-99,-99,none,-99,-99
2015,SC,12,A,2,-99,-99,0,-99,-99,0,0,-99,-99,0,none,0,0,none,0,0,-99,-99,none,-99,-99
2015,SC,12,A,3,-99,-99,0,-99,-99,0,0,-99,-99,0,none,0,0,none,0,0,-99,-99,none,-99,-99
2015,SC,12,A,4,-99,-99,3,-99,-99,0.3776,0,-99,-99,0,none,0,0,none,0,0,-99,-99,none,-99,-99
2015,SC,12,A,5,-99,-99,0,-99,-99,0,0,-99,-99,0,none,0,0,none,0,0,-99,-99,none,-99,-99
2015,SC,13,C,1,-99,-99,8,-99,-99,1.7287,2,-99,-99,0.4602,none,0,0,none,0,0,-99,-99,none,-99,-99
2015,SC,13,C,2,-99,-99,18,-99,-99,2.4681,0,-99,-99,0,none,0,0,none,0,0,-99,-99,none,-99,-99
2015,SC,13,C,3,-99,-99,3,-99,-99,0.8076,2,-99,-99,0.4358,none,0,0,none,0,0,-99,-99,none,-99,-99
2015,SC,13,C,4,-99,-99,9,-99,-99,2.4012,0,-99,-99,0,none,0,0,none,0,0,-99,-99,none,-99,-99
2015,SC,13,C,5,-99,-99,8,-99,-99,0.8206,0,-99,-99,0,none,0,0,none,0,0,-99,-99,none,-99,-99
2015,SC,14,E,1,-99,-99,0,-99,-99,0,0,-99,-99,0,none,0,0,none,0,0,-99,-99,none,-99,-99
2015,SC,14,E,2,-99,-99,0,-99,-99,0,1,-99,-99,0.106,none,0,0,none,0,0,-99,-99,none,-99,-99
2015,SC,14,E,3,-99,-99,0,-99,-99,0,0,-99,-99,0,none,0,0,none,0,0,-99,-99,none,-99,-99
2015,SC,14,E,4,-99,-99,0,-99,-99,0,0,-99,-99,0,none,0,0,none,0,0,-99,-99,none,-99,-99
2015,SC,14,E,5,-99,-99,1,-99,-99,0.2472,1,-99,-99,0.0958,none,0,0,none,0,0,-99,-99,none,-99,-99
2015,SC,15,A,1,-99,-99,0,-99,-99,0,0,-99,-99,0,none,0,0,none,0,0,-99,-99,none,-99,-99
2015,SC,15,A,2,-99,-99,0,-99,-99,0,2,-99,-99,0.2953,none,0,0,none,0,0,-99,-99,none,-99,-99
2015,SC,15,A,3,-99,-99,0,-99,-99,0,2,-99,-99,0.2446,none,0,0,none,0,0,-99,-99,none,-99,-99
2015,SC,15,A,4,-99,-99,0,-99,-99,0,2,-99,-99,0.2807,none,0,0,none,0,0,-99,-99,none,-99,-99
2015,SC,15,A,5,-99,-99,0,-99,-99,0,0,-99,-99,0,none,0,0,none,0,0,-99,-99,none,-99,-99
2015,SP,1,E,1,-99,-99,0,-99,-99,0,0,-99,-99,0,none,0,0,none,0,0,-99,-99,none,-99,-99
2015,SP,1,E,2,-99,-99,0,-99,-99,0,0,-99,-99,0,none,0,0,none,0,0,-99,-99,none,-99,-99
2015,SP,1,E,3,-99,-99,1,-99,-99,0.1828,0,-99,-99,0,none,0,0,none,0,0,-99,-99,none,-99,-99
2015,SP,1,E,4,-99,-99,0,-99,-99,0,0,-99,-99,0,none,0,0,none,0,0,-99,-99,none,-99,-99
2015,SP,1,E,5,-99,-99,1,-99,-99,0.5213,2,-99,-99,0.2518,none,0,0,none,0,0,-99,-99,none,-99,-99
2015,SP,2,A,1,-99,-99,15,-99,-99,2.6573,0,-99,-99,0,none,0,0,none,0,0,-99,-99,none,-99,-99
2015,SP,2,A,2,-99,-99,2,-99,-99,0.4283,0,-99,-99,0,none,0,0,none,0,0,-99,-99,none,-99,-99
2015,SP,2,A,3,-99,-99,16,-99,-99,4.0767,0,-99,-99,0,none,0,0,none,0,0,-99,-99,none,-99,-99
2015,SP,2,A,4,-99,-99,8,-99,-99,2.0479,0,-99,-99,0,none,0,0,none,0,0,-99,-99,none,-99,-99
2015,SP,2,A,5,-99,-99,5,-99,-99,0.9048,0,-99,-99,0,none,0,0,none,0,0,-99,-99,none,-99,-99
2015,SP,3,C,1,-99,-99,11,-99,-99,2.2079,0,-99,-99,0,none,0,0,none,0,0,-99,-99,none,-99,-99
2015,SP,3,C,2,-99,-99,9,-99,-99,2.2285,0,-99,-99,0,none,0,0,none,0,0,-99,-99,none,-99,-99
2015,SP,3,C,3,-99,-99,12,-99,-99,3.04776,0,-99,-99,0,none,0,0,none,0,0,-99,-99,none,-99,-99
2015,SP,3,C,4,-99,-99,6,-99,-99,1.3616,0,-99,-99,0,none,0,0,none,0,0,-99,-99,none,-99,-99
2015,SP,3,C,5,-99,-99,9,-99,-99,2.3545,0,-99,-99,0,none,0,0,none,0,0,-99,-99,none,-99,-99
2015,SP,4,E,1,-99,-99,4,-99,-99,0.6247,0,-99,-99,0,POHY,9,1.0403,SOSE,1,0.6709,-99,-99,none,-99,-99
2015,SP,4,E,2,-99,-99,10,-99,-99,1.966,0,-99,-99,0,none,0,0,none,0,0,-99,-99,none,-99,-99
2015,SP,4,E,3,-99,-99,2,-99,-99,0.247,0,-99,-99,0,SOSE,1,6.0483,none,0,0,-99,-99,none,-99,-99
2015,SP,4,E,4,-99,-99,9,-99,-99,1.2982,0,-99,-99,0,none,0,0,none,0,0,-99,-99,none,-99,-99
2015,SP,4,E,5,-99,-99,0,-99,-99,0,0,-99,-99,0,none,0,0,none,0,0,-99,-99,none,-99,-99
2015,SP,5,A,1,-99,-99,17,-99,-99,2.3016,0,-99,-99,0,none,0,0,none,0,0,-99,-99,none,-99,-99
2015,SP,5,A,2,-99,-99,3,-99,-99,0.7346,0,-99,-99,0,none,0,0,none,0,0,-99,-99,none,-99,-99
2015,SP,5,A,3,-99,-99,2,-99,-99,0.1921,0,-99,-99,0,none,0,0,none,0,0,-99,-99,none,-99,-99
2015,SP,5,A,4,-99,-99,5,-99,-99,0.5364,0,-99,-99,0,none,0,0,none,0,0,-99,-99,none,-99,-99
2015,SP,5,A,5,-99,-99,6,-99,-99,1.1289,0,-99,-99,0,none,0,0,none,0,0,-99,-99,none,-99,-99
2015,SP,6,C,1,-99,-99,17,-99,-99,3.0845,0,-99,-99,0,none,0,0,none,0,0,-99,-99,none,-99,-99
2015,SP,6,C,2,-99,-99,18,-99,-99,3.1605,0,-99,-99,0,SOSE,1,0.3617,none,0,0,-99,-99,none,-99,-99
2015,SP,6,C,3,-99,-99,11,-99,-99,2.0397,0,-99,-99,0,none,0,0,none,0,0,-99,-99,none,-99,-99
2015,SP,6,C,4,-99,-99,3,-99,-99,0.4938,0,-99,-99,0,none,0,0,none,0,0,-99,-99,none,-99,-99
2015,SP,6,C,5,-99,-99,16,-99,-99,2.6095,0,-99,-99,0,none,0,0,none,0,0,-99,-99,none,-99,-99
2015,SP,7,C,1,-99,-99,28,-99,-99,3.1194,0,-99,-99,0,none,0,0,none,0,0,-99,-99,none,-99,-99
2015,SP,7,C,2,-99,-99,17,-99,-99,1.8099,0,-99,-99,0,none,0,0,none,0,0,-99,-99,none,-99,-99
2015,SP,7,C,3,-99,-99,13,-99,-99,1.6827,0,-99,-99,0,none,0,0,none,0,0,-99,-99,none,-99,-99
2015,SP,7,C,4,-99,-99,15,-99,-99,2.0081,0,-99,-99,0,none,0,0,none,0,0,-99,-99,none,-99,-99
2015,SP,7,C,5,-99,-99,19,-99,-99,2.1285,0,-99,-99,0,none,0,0,none,0,0,-99,-99,none,-99,-99
2015,SP,8,E,1,-99,-99,7,-99,-99,1.0352,0,-99,-99,0,none,0,0,none,0,0,-99,-99,none,-99,-99
2015,SP,8,E,2,-99,-99,15,-99,-99,2.4675,0,-99,-99,0,none,0,0,none,0,0,-99,-99,none,-99,-99
2015,SP,8,E,3,-99,-99,5,-99,-99,0.8019,0,-99,-99,0,none,0,0,none,0,0,-99,-99,none,-99,-99
2015,SP,8,E,4,-99,-99,6,-99,-99,0.9912,0,-99,-99,0,none,0,0,none,0,0,-99,-99,none,-99,-99
2015,SP,8,E,5,-99,-99,4,-99,-99,0.6151,0,-99,-99,0,none,0,0,none,0,0,-99,-99,none,-99,-99
2015,SP,9,A,1,-99,-99,0,-99,-99,0,0,-99,-99,0,none,0,0,none,0,0,-99,-99,none,-99,-99
2015,SP,9,A,2,-99,-99,0,-99,-99,0,0,-99,-99,0,none,0,0,none,0,0,-99,-99,none,-99,-99
2015,SP,9,A,3,-99,-99,0,-99,-99,0,1,-99,-99,0.0929,none,0,0,none,0,0,-99,-99,none,-99,-99
2015,SP,9,A,4,-99,-99,1,-99,-99,0.332,0,-99,-99,0,none,0,0,none,0,0,-99,-99,none,-99,-99
2015,SP,9,A,5,-99,-99,1,-99,-99,0.0528,0,-99,-99,0,none,0,0,none,0,0,-99,-99,none,-99,-99
2015,SP,10,E,1,-99,-99,19,-99,-99,1.4903,0,-99,-99,0,none,0,0,none,0,0,-99,-99,none,-99,-99
2015,SP,10,E,2,-99,-99,3,-99,-99,0.4219,0,-99,-99,0,none,0,0,none,0,0,-99,-99,none,-99,-99
2015,SP,10,E,3,-99,-99,2,-99,-99,0.0984,2,-99,-99,0.4564,POHY,5,0.0857,none,0,0,-99,-99,none,-99,-99
2015,SP,10,E,4,-99,-99,0,-99,-99,0,1,-99,-99,0.1548,none,0,0,none,0,0,-99,-99,none,-99,-99
2015,SP,10,E,5,-99,-99,0,-99,-99,0,0,-99,-99,0,none,0,0,none,0,0,-99,-99,none,-99,-99
2015,SP,11,A,1,-99,-99,7,-99,-99,1.0116,0,-99,-99,0,none,0,0,none,0,0,-99,-99,none,-99,-99
2015,SP,11,A,2,-99,-99,1,-99,-99,0.0998,0,-99,-99,0,none,0,0,none,0,0,-99,-99,none,-99,-99
2015,SP,11,A,3,-99,-99,5,-99,-99,0.6419,0,-99,-99,0,none,0,0,none,0,0,-99,-99,none,-99,-99
2015,SP,11,A,4,-99,-99,5,-99,-99,0.7162,1,-99,-99,0.095,none,0,0,none,0,0,-99,-99,none,-99,-99
2015,SP,11,A,5,-99,-99,1,-99,-99,0.167,0,-99,-99,0,none,0,0,none,0,0,-99,-99,none,-99,-99
2015,SP,12,C,1,-99,-99,17,-99,-99,2.6003,0,-99,-99,0,SOSE,1,1.7536,none,0,0,-99,-99,none,-99,-99
2015,SP,12,C,2,-99,-99,13,-99,-99,1.4376,0,-99,-99,0,none,0,0,none,0,0,-99,-99,none,-99,-99
2015,SP,12,C,3,-99,-99,16,-99,-99,2.4771,0,-99,-99,0,none,0,0,none,0,0,-99,-99,none,-99,-99
2015,SP,12,C,4,-99,-99,5,-99,-99,0.7963,0,-99,-99,0,none,0,0,none,0,0,-99,-99,none,-99,-99
2015,SP,12,C,5,-99,-99,3,-99,-99,0.6361,0,-99,-99,0,none,0,0,none,0,0,-99,-99,none,-99,-99
2015,SP,13,A,1,-99,-99,10,-99,-99,1.2682,0,-99,-99,0,none,0,0,none,0,0,-99,-99,none,-99,-99
2015,SP,13,A,2,-99,-99,2,-99,-99,0.231,0,-99,-99,0,none,0,0,none,0,0,-99,-99,none,-99,-99
2015,SP,13,A,3,-99,-99,9,-99,-99,1.0061,0,-99,-99,0,none,0,0,none,0,0,-99,-99,none,-99,-99
2015,SP,13,A,4,-99,-99,3,-99,-99,0.4425,0,-99,-99,0,none,0,0,none,0,0,-99,-99,none,-99,-99
2015,SP,13,A,5,-99,-99,0,-99,-99,0,0,-99,-99,0,none,0,0,none,0,0,-99,-99,none,-99,-99
2015,SP,14,E,1,-99,-99,2,-99,-99,0.3804,0,-99,-99,0,none,0,0,none,0,0,-99,-99,none,-99,-99
2015,SP,14,E,2,-99,-99,8,-99,-99,1.2349,0,-99,-99,0,TYLA,1,0.9016,none,0,0,-99,-99,none,-99,-99
2015,SP,14,E,3,-99,-99,1,-99,-99,0.2379,0,-99,-99,0,none,0,0,none,0,0,-99,-99,none,-99,-99
2015,SP,14,E,4,-99,-99,5,-99,-99,0.8659,0,-99,-99,0,none,0,0,none,0,0,-99,-99,none,-99,-99
2015,SP,14,E,5,-99,-99,5,-99,-99,0.4126,0,-99,-99,0,none,0,0,none,0,0,-99,-99,none,-99,-99
2015,SP,15,C,1,-99,-99,13,-99,-99,2.6094,0,-99,-99,0,none,0,0,none,0,0,-99,-99,none,-99,-99
2015,SP,15,C,2,-99,-99,19,-99,-99,2.842,0,-99,-99,0,none,0,0,none,0,0,-99,-99,none,-99,-99
2015,SP,15,C,3,-99,-99,6,-99,-99,0.751,0,-99,-99,0,none,0,0,none,0,0,-99,-99,none,-99,-99
2015,SP,15,C,4,-99,-99,14,-99,-99,2.9018,0,-99,-99,0,none,0,0,none,0,0,-99,-99,none,-99,-99
2015,SP,15,C,5,-99,-99,18,-99,-99,3.5827,0,-99,-99,0,none,0,0,none,0,0,-99,-99,none,-99,-99
2016,MX,1,E,1,-99,-99,0,-99,-99,0,2,-99,-99,0.289,none,0,0,none,0,0,-99,-99,none,-99,-99
2016,MX,1,E,2,-99,-99,0,-99,-99,0,1,-99,-99,0.172,none,0,0,none,0,0,-99,-99,none,-99,-99
2016,MX,1,E,3,-99,-99,0,-99,-99,0,1,-99,-99,0.357,none,0,0,none,0,0,-99,-99,none,-99,-99
2016,MX,1,E,4,-99,-99,0,-99,-99,0,0,-99,-99,0,none,0,0,none,0,0,-99,-99,none,-99,-99
2016,MX,1,E,5,-99,-99,0,-99,-99,0,2,-99,-99,0.368,none,0,0,none,0,0,-99,-99,none,-99,-99
2016,MX,2,A,1,-99,-99,0,-99,-99,0,4,-99,-99,0.734,none,0,0,none,0,0,-99,-99,none,-99,-99
2016,MX,2,A,2,-99,-99,0,-99,-99,0,1,-99,-99,0.082,none,0,0,none,0,0,-99,-99,none,-99,-99
2016,MX,2,A,3,-99,-99,0,-99,-99,0,2,-99,-99,0.501,none,0,0,none,0,0,-99,-99,none,-99,-99
2016,MX,2,A,4,-99,-99,1,-99,-99,0.133,2,-99,-99,0.206,none,0,0,none,0,0,-99,-99,none,-99,-99
2016,MX,2,A,5,-99,-99,4,-99,-99,0.847,3,-99,-99,0.673,none,0,0,none,0,0,-99,-99,none,-99,-99
2016,MX,3,C,1,-99,-99,0,-99,-99,0,2,-99,-99,0.197,none,0,0,none,0,0,-99,-99,none,-99,-99
2016,MX,3,C,2,-99,-99,0,-99,-99,0,6,-99,-99,0.89,none,0,0,none,0,0,-99,-99,none,-99,-99
2016,MX,3,C,3,-99,-99,0,-99,-99,0,4,-99,-99,0.715,none,0,0,none,0,0,-99,-99,none,-99,-99
2016,MX,3,C,4,-99,-99,0,-99,-99,0,0,-99,-99,0,none,0,0,none,0,0,-99,-99,none,-99,-99
2016,MX,3,C,5,-99,-99,0,-99,-99,0,3,-99,-99,0.807,none,0,0,none,0,0,-99,-99,none,-99,-99
2016,MX,4,E,1,-99,-99,4,-99,-99,0.354,0,-99,-99,0,none,0,0,none,0,0,-99,-99,none,-99,-99
2016,MX,4,E,2,-99,-99,0,-99,-99,0,8,-99,-99,1.163,none,0,0,none,0,0,-99,-99,none,-99,-99
2016,MX,4,E,3,-99,-99,1,-99,-99,0.036,4,-99,-99,0.654,none,0,0,none,0,0,-99,-99,none,-99,-99
2016,MX,4,E,4,-99,-99,1,-99,-99,0.12,0,-99,-99,0,none,0,0,none,0,0,-99,-99,none,-99,-99
2016,MX,4,E,5,-99,-99,0,-99,-99,0,0,-99,-99,0,none,0,0,none,0,0,-99,-99,none,-99,-99
2016,MX,5,C,1,-99,-99,0,-99,-99,0,8,-99,-99,0.732,none,0,0,none,0,0,-99,-99,none,-99,-99
2016,MX,5,C,2,-99,-99,0,-99,-99,0,3,-99,-99,0.603,none,0,0,none,0,0,-99,-99,none,-99,-99
2016,MX,5,C,3,-99,-99,0,-99,-99,0,0,-99,-99,0,none,0,0,none,0,0,-99,-99,none,-99,-99
2016,MX,5,C,4,-99,-99,0,-99,-99,0,1,-99,-99,0.137,none,0,0,none,0,0,-99,-99,none,-99,-99
2016,MX,5,C,5,-99,-99,4,-99,-99,0.225,1,-99,-99,0.093,none,0,0,none,0,0,-99,-99,none,-99,-99
2016,MX,6,A,1,-99,-99,1,-99,-99,0.039,2,-99,-99,0.275,none,0,0,none,0,0,-99,-99,none,-99,-99
2016,MX,6,A,2,-99,-99,0,-99,-99,0,0,-99,-99,0,none,0,0,none,0,0,-99,-99,none,-99,-99
2016,MX,6,A,3,-99,-99,0,-99,-99,0,2,-99,-99,0.32,none,0,0,none,0,0,-99,-99,none,-99,-99
2016,MX,6,A,4,-99,-99,3,-99,-99,0.376,0,-99,-99,0,none,0,0,none,0,0,-99,-99,none,-99,-99
2016,MX,6,A,5,-99,-99,0,-99,-99,0,0,-99,-99,0,none,0,0,none,0,0,-99,-99,none,-99,-99
2016,MX,7,C,1,-99,-99,6,-99,-99,0.422,0,-99,-99,0,none,0,0,none,0,0,-99,-99,none,-99,-99
2016,MX,7,C,2,-99,-99,5,-99,-99,0.591,1,-99,-99,0.189,none,0,0,none,0,0,-99,-99,none,-99,-99
2016,MX,7,C,3,-99,-99,1,-99,-99,0.124,0,-99,-99,0,none,0,0,none,0,0,-99,-99,none,-99,-99
2016,MX,7,C,4,-99,-99,1,-99,-99,0.109,0,-99,-99,0,none,0,0,none,0,0,-99,-99,none,-99,-99
2016,MX,7,C,5,-99,-99,2,-99,-99,0.153,0,-99,-99,0,none,0,0,none,0,0,-99,-99,none,-99,-99
2016,MX,8,E,1,-99,-99,2,-99,-99,0.204,0,-99,-99,0,none,0,0,none,0,0,-99,-99,none,-99,-99
2016,MX,8,E,2,-99,-99,0,-99,-99,0,0,-99,-99,0,none,0,0,none,0,0,-99,-99,none,-99,-99
2016,MX,8,E,3,-99,-99,6,-99,-99,1.009,0,-99,-99,0,none,0,0,none,0,0,-99,-99,none,-99,-99
2016,MX,8,E,4,-99,-99,0,-99,-99,0,0,-99,-99,0,none,0,0,none,0,0,-99,-99,none,-99,-99
2016,MX,8,E,5,-99,-99,3,-99,-99,0.199,0,-99,-99,0,none,0,0,none,0,0,-99,-99,none,-99,-99
2016,MX,9,A,1,-99,-99,2,-99,-99,0.264,0,-99,-99,0,none,0,0,none,0,0,-99,-99,none,-99,-99
2016,MX,9,A,2,-99,-99,3,-99,-99,0.405,0,-99,-99,0,none,0,0,none,0,0,-99,-99,none,-99,-99
2016,MX,9,A,3,-99,-99,2,-99,-99,0.24,0,-99,-99,0,none,0,0,none,0,0,-99,-99,none,-99,-99
2016,MX,9,A,4,-99,-99,10,-99,-99,0.91,0,-99,-99,0,none,0,0,none,0,0,-99,-99,none,-99,-99
2016,MX,9,A,5,-99,-99,2,-99,-99,0.107,0,-99,-99,0,none,0,0,none,0,0,-99,-99,none,-99,-99
2016,MX,10,C,1,-99,-99,10,-99,-99,1.354,2,-99,-99,0.176,none,0,0,none,0,0,-99,-99,none,-99,-99
2016,MX,10,C,2,-99,-99,3,-99,-99,0.529,0,-99,-99,0,none,0,0,none,0,0,-99,-99,none,-99,-99
2016,MX,10,C,3,-99,-99,16,-99,-99,2.104,2,-99,-99,0.191,none,0,0,none,0,0,-99,-99,none,-99,-99
2016,MX,10,C,4,-99,-99,6,-99,-99,0.681,0,-99,-99,0,none,0,0,none,0,0,-99,-99,none,-99,-99
2016,MX,10,C,5,-99,-99,2,-99,-99,0.118,2,-99,-99,0.246,none,0,0,none,0,0,-99,-99,none,-99,-99
2016,MX,11,E,1,-99,-99,1,-99,-99,0.241,0,-99,-99,0,none,0,0,none,0,0,-99,-99,none,-99,-99
2016,MX,11,E,2,-99,-99,0,-99,-99,0,0,-99,-99,0,none,0,0,none,0,0,-99,-99,none,-99,-99
2016,MX,11,E,3,-99,-99,0,-99,-99,0,0,-99,-99,0,none,0,0,none,0,0,-99,-99,none,-99,-99
2016,MX,11,E,4,-99,-99,2,-99,-99,0.082,2,-99,-99,0.104,none,0,0,none,0,0,-99,-99,none,-99,-99
2016,MX,11,E,5,-99,-99,0,-99,-99,0,2,-99,-99,0.208,none,0,0,none,0,0,-99,-99,none,-99,-99
2016,MX,12,A,1,-99,-99,0,-99,-99,0,1,-99,-99,0.082,none,0,0,none,0,0,-99,-99,none,-99,-99
2016,MX,12,A,2,-99,-99,0,-99,-99,0,0,-99,-99,0,none,0,0,none,0,0,-99,-99,none,-99,-99
2016,MX,12,A,3,-99,-99,0,-99,-99,0,0,-99,-99,0,none,0,0,none,0,0,-99,-99,none,-99,-99
2016,MX,12,A,4,-99,-99,0,-99,-99,0,2,-99,-99,0.357,none,0,0,none,0,0,-99,-99,none,-99,-99
2016,MX,12,A,5,-99,-99,0,-99,-99,0,1,-99,-99,0.458,none,0,0,none,0,0,-99,-99,none,-99,-99
2016,MX,13,E,1,-99,-99,2,-99,-99,0.207,1,-99,-99,0.14,none,0,0,none,0,0,-99,-99,none,-99,-99
2016,MX,13,E,2,-99,-99,3,-99,-99,0.513,0,-99,-99,0,none,0,0,none,0,0,-99,-99,none,-99,-99
2016,MX,13,E,3,-99,-99,6,-99,-99,0.381,1,-99,-99,0.05,none,0,0,none,0,0,-99,-99,none,-99,-99
2016,MX,13,E,4,-99,-99,5,-99,-99,0.441,0,-99,-99,0,none,0,0,none,0,0,-99,-99,none,-99,-99
2016,MX,13,E,5,-99,-99,7,-99,-99,0.688,0,-99,-99,0,none,0,0,none,0,0,-99,-99,none,-99,-99
2016,MX,14,C,1,-99,-99,2,-99,-99,0.198,7,-99,-99,0.7,none,0,0,none,0,0,-99,-99,none,-99,-99
2016,MX,14,C,2,-99,-99,9,-99,-99,0.872,6,-99,-99,0.708,none,0,0,none,0,0,-99,-99,none,-99,-99
2016,MX,14,C,3,-99,-99,7,-99,-99,1,9,-99,-99,1.407,none,0,0,none,0,0,-99,-99,none,-99,-99
2016,MX,14,C,4,-99,-99,3,-99,-99,-99,0,-99,-99,0,none,0,0,none,0,0,-99,-99,none,-99,-99
2016,MX,14,C,5,-99,-99,4,-99,-99,0.324,0,-99,-99,0,none,0,0,none,0,0,-99,-99,none,-99,-99
2016,MX,15,A,1,-99,-99,5,-99,-99,0.46,2,-99,-99,0.27,none,0,0,none,0,0,-99,-99,none,-99,-99
2016,MX,15,A,2,-99,-99,0,-99,-99,0,5,-99,-99,0.76,none,0,0,none,0,0,-99,-99,none,-99,-99
2016,MX,15,A,3,-99,-99,2,-99,-99,0.19,1,-99,-99,0.183,none,0,0,none,0,0,-99,-99,none,-99,-99
2016,MX,15,A,4,-99,-99,0,-99,-99,0,2,-99,-99,0.036,none,0,0,none,0,0,-99,-99,none,-99,-99
2016,MX,15,A,5,-99,-99,6,-99,-99,0.562,1,-99,-99,0.068,none,0,0,none,0,0,-99,-99,none,-99,-99
2016,SC,1,E,1,-99,-99,0,-99,-99,0,0,-99,-99,0,none,0,0,none,0,0,-99,-99,none,-99,-99
2016,SC,1,E,2,-99,-99,2,-99,-99,0.213,0,-99,-99,0,none,0,0,none,0,0,-99,-99,none,-99,-99
2016,SC,1,E,3,-99,-99,0,-99,-99,0,0,-99,-99,0,none,0,0,none,0,0,-99,-99,none,-99,-99
2016,SC,1,E,4,-99,-99,0,-99,-99,0,0,-99,-99,0,none,0,0,none,0,0,-99,-99,none,-99,-99
2016,SC,1,E,5,-99,-99,0,-99,-99,0,0,-99,-99,0,none,0,0,none,0,0,-99,-99,none,-99,-99
2016,SC,2,A,1,-99,-99,0,-99,-99,0,1,-99,-99,0.241,none,0,0,none,0,0,-99,-99,none,-99,-99
2016,SC,2,A,2,-99,-99,0,-99,-99,0,0,-99,-99,0,none,0,0,none,0,0,-99,-99,none,-99,-99
2016,SC,2,A,3,-99,-99,0,-99,-99,0,1,-99,-99,0.194,none,0,0,none,0,0,-99,-99,none,-99,-99
2016,SC,2,A,4,-99,-99,0,-99,-99,0,0,-99,-99,0,none,0,0,none,0,0,-99,-99,none,-99,-99
2016,SC,2,A,5,-99,-99,0,-99,-99,0,0,-99,-99,0,none,0,0,none,0,0,-99,-99,none,-99,-99
2016,SC,3,C,1,-99,-99,2,-99,-99,0.177,0,-99,-99,0,none,0,0,none,0,0,-99,-99,none,-99,-99
2016,SC,3,C,2,-99,-99,15,-99,-99,2.137,0,-99,-99,0,none,0,0,none,0,0,-99,-99,none,-99,-99
2016,SC,3,C,3,-99,-99,1,-99,-99,0.177,0,-99,-99,0,none,0,0,none,0,0,-99,-99,none,-99,-99
2016,SC,3,C,4,-99,-99,13,-99,-99,1.88,0,-99,-99,0,none,0,0,none,0,0,-99,-99,none,-99,-99
2016,SC,3,C,5,-99,-99,3,-99,-99,0.64,0,-99,-99,0,none,0,0,none,0,0,-99,-99,none,-99,-99
2016,SC,4,A,1,-99,-99,0,-99,-99,0,0,-99,-99,0,none,0,0,none,0,0,-99,-99,none,-99,-99
2016,SC,4,A,2,-99,-99,1,-99,-99,0.207,0,-99,-99,0,none,0,0,none,0,0,-99,-99,none,-99,-99
2016,SC,4,A,3,-99,-99,2,-99,-99,0.274,0,-99,-99,0,none,0,0,none,0,0,-99,-99,none,-99,-99
2016,SC,4,A,4,-99,-99,0,-99,-99,0,0,-99,-99,0,none,0,0,none,0,0,-99,-99,none,-99,-99
2016,SC,4,A,5,-99,-99,1,-99,-99,0.006,0,-99,-99,0,none,0,0,none,0,0,-99,-99,none,-99,-99
2016,SC,5,C,1,-99,-99,12,-99,-99,1.784,0,-99,-99,0,none,0,0,none,0,0,-99,-99,none,-99,-99
2016,SC,5,C,2,-99,-99,21,-99,-99,2.192,0,-99,-99,0,none,0,0,none,0,0,-99,-99,none,-99,-99
2016,SC,5,C,3,-99,-99,9,-99,-99,1.038,0,-99,-99,0,none,0,0,none,0,0,-99,-99,none,-99,-99
2016,SC,5,C,4,-99,-99,0,-99,-99,0,0,-99,-99,0,none,0,0,none,0,0,-99,-99,none,-99,-99
2016,SC,5,C,5,-99,-99,17,-99,-99,2.175,4,-99,-99,0.569,none,0,0,none,0,0,-99,-99,none,-99,-99
2016,SC,6,E,1,-99,-99,0,-99,-99,0,0,-99,-99,0,none,0,0,none,0,0,-99,-99,none,-99,-99
2016,SC,6,E,2,-99,-99,0,-99,-99,0,0,-99,-99,0,none,0,0,none,0,0,-99,-99,none,-99,-99
2016,SC,6,E,3,-99,-99,0,-99,-99,0,0,-99,-99,0,none,0,0,none,0,0,-99,-99,none,-99,-99
2016,SC,6,E,4,-99,-99,0,-99,-99,0,0,-99,-99,0,none,0,0,none,0,0,-99,-99,none,-99,-99
2016,SC,6,E,5,-99,-99,0,-99,-99,0,0,-99,-99,0,none,0,0,none,0,0,-99,-99,none,-99,-99
2016,SC,7,C,1,-99,-99,2,-99,-99,0.379,6,-99,-99,0.941,none,0,0,none,0,0,-99,-99,none,-99,-99
2016,SC,7,C,2,-99,-99,8,-99,-99,0.623,2,-99,-99,0.085,none,0,0,none,0,0,-99,-99,none,-99,-99
2016,SC,7,C,3,-99,-99,8,-99,-99,1.028,0,-99,-99,0,none,0,0,none,0,0,-99,-99,none,-99,-99
2016,SC,7,C,4,-99,-99,10,-99,-99,0.349,0,-99,-99,0,none,0,0,none,0,0,-99,-99,none,-99,-99
2016,SC,7,C,5,-99,-99,4,-99,-99,0.207,0,-99,-99,0,none,0,0,none,0,0,-99,-99,none,-99,-99
2016,SC,8,A,1,-99,-99,0,-99,-99,0,1,-99,-99,0.146,none,0,0,none,0,0,-99,-99,none,-99,-99
2016,SC,8,A,2,-99,-99,0,-99,-99,0,0,-99,-99,0,none,0,0,none,0,0,-99,-99,none,-99,-99
2016,SC,8,A,3,-99,-99,0,-99,-99,0,2,-99,-99,0.219,none,0,0,none,0,0,-99,-99,none,-99,-99
2016,SC,8,A,4,-99,-99,0,-99,-99,0,0,-99,-99,0,none,0,0,none,0,0,-99,-99,none,-99,-99
2016,SC,8,A,5,-99,-99,0,-99,-99,0,0,-99,-99,0,none,0,0,none,0,0,-99,-99,none,-99,-99
2016,SC,9,E,1,-99,-99,0,-99,-99,0,0,-99,-99,0,none,0,0,none,0,0,-99,-99,none,-99,-99
2016,SC,9,E,2,-99,-99,0,-99,-99,0,0,-99,-99,0,none,0,0,none,0,0,-99,-99,none,-99,-99
2016,SC,9,E,3,-99,-99,0,-99,-99,0,0,-99,-99,0,LYLI,1,1.817,none,0,0,-99,-99,none,-99,-99
2016,SC,9,E,4,-99,-99,0,-99,-99,0,0,-99,-99,0,none,0,0,none,0,0,-99,-99,none,-99,-99
2016,SC,9,E,5,-99,-99,2,-99,-99,0.281,0,-99,-99,0,none,0,0,none,0,0,-99,-99,none,-99,-99
2016,SC,10,E,1,-99,-99,0,-99,-99,0,0,-99,-99,0,none,0,0,none,0,0,-99,-99,none,-99,-99
2016,SC,10,E,2,-99,-99,1,-99,-99,0.221,0,-99,-99,0,none,0,0,none,0,0,-99,-99,none,-99,-99
2016,SC,10,E,3,-99,-99,0,-99,-99,0,0,-99,-99,0,none,0,0,none,0,0,-99,-99,none,-99,-99
2016,SC,10,E,4,-99,-99,0,-99,-99,0,0,-99,-99,0,none,0,0,none,0,0,-99,-99,none,-99,-99
2016,SC,10,E,5,-99,-99,0,-99,-99,0,0,-99,-99,0,none,0,0,none,0,0,-99,-99,none,-99,-99
2016,SC,11,C,1,-99,-99,13,-99,-99,1.903,0,-99,-99,0,none,0,0,none,0,0,-99,-99,none,-99,-99
2016,SC,11,C,2,-99,-99,12,-99,-99,2.396,0,-99,-99,0,none,0,0,none,0,0,-99,-99,none,-99,-99
2016,SC,11,C,3,-99,-99,7,-99,-99,0.87,3,-99,-99,0.451,none,0,0,none,0,0,-99,-99,none,-99,-99
2016,SC,11,C,4,-99,-99,0,-99,-99,0,2,-99,-99,0.429,none,0,0,none,0,0,-99,-99,none,-99,-99
2016,SC,11,C,5,-99,-99,7,-99,-99,1.355,1,-99,-99,0.058,none,0,0,none,0,0,-99,-99,none,-99,-99
2016,SC,12,A,1,-99,-99,3,-99,-99,0.282,0,-99,-99,0,none,0,0,none,0,0,-99,-99,none,-99,-99
2016,SC,12,A,2,-99,-99,1,-99,-99,0.022,0,-99,-99,0,none,0,0,none,0,0,-99,-99,none,-99,-99
2016,SC,12,A,3,-99,-99,0,-99,-99,0,1,-99,-99,0.145,none,0,0,none,0,0,-99,-99,none,-99,-99
2016,SC,12,A,4,-99,-99,0,-99,-99,0,0,-99,-99,0,none,0,0,none,0,0,-99,-99,none,-99,-99
2016,SC,12,A,5,-99,-99,0,-99,-99,0,2,-99,-99,0.336,none,0,0,none,0,0,-99,-99,none,-99,-99
2016,SC,13,C,1,-99,-99,5,-99,-99,0.375,1,-99,-99,0.098,none,0,0,none,0,0,-99,-99,none,-99,-99
2016,SC,13,C,2,-99,-99,3,-99,-99,0.739,0,-99,-99,0,none,0,0,none,0,0,-99,-99,none,-99,-99
2016,SC,13,C,3,-99,-99,6,-99,-99,1.204,1,-99,-99,0.238,none,0,0,none,0,0,-99,-99,none,-99,-99
2016,SC,13,C,4,-99,-99,7,-99,-99,1.342,3,-99,-99,0.401,none,0,0,none,0,0,-99,-99,none,-99,-99
2016,SC,13,C,5,-99,-99,0,-99,-99,0,0,-99,-99,0,none,0,0,none,0,0,-99,-99,none,-99,-99
2016,SC,14,E,1,-99,-99,1,-99,-99,0.305,0,-99,-99,0,none,0,0,none,0,0,-99,-99,none,-99,-99
2016,SC,14,E,2,-99,-99,0,-99,-99,0,5,-99,-99,0.714,none,0,0,none,0,0,-99,-99,none,-99,-99
2016,SC,14,E,3,-99,-99,0,-99,-99,0,0,-99,-99,0,none,0,0,none,0,0,-99,-99,none,-99,-99
2016,SC,14,E,4,-99,-99,6,-99,-99,0.948,1,-99,-99,0.061,none,0,0,none,0,0,-99,-99,none,-99,-99
2016,SC,14,E,5,-99,-99,2,-99,-99,0.064,3,-99,-99,0.497,none,0,0,none,0,0,-99,-99,none,-99,-99
2016,SC,15,A,1,-99,-99,0,-99,-99,0,5,-99,-99,0.79,none,0,0,none,0,0,-99,-99,none,-99,-99
2016,SC,15,A,2,-99,-99,0,-99,-99,0,2,-99,-99,0.239,none,0,0,none,0,0,-99,-99,none,-99,-99
2016,SC,15,A,3,-99,-99,0,-99,-99,0,0,-99,-99,0,none,0,0,none,0,0,-99,-99,none,-99,-99
2016,SC,15,A,4,-99,-99,0,-99,-99,0,0,-99,-99,0,none,0,0,none,0,0,-99,-99,none,-99,-99
2016,SC,15,A,5,-99,-99,0,-99,-99,0,0,-99,-99,0,none,0,0,none,0,0,-99,-99,none,-99,-99
2016,SP,1,E,1,-99,-99,1,-99,-99,0.064,0,-99,-99,0,none,0,0,none,0,0,-99,-99,none,-99,-99
2016,SP,1,E,2,-99,-99,0,-99,-99,0,0,-99,-99,0,none,0,0,none,0,0,-99,-99,none,-99,-99
2016,SP,1,E,3,-99,-99,0,-99,-99,0,0,-99,-99,0,none,0,0,none,0,0,-99,-99,none,-99,-99
2016,SP,1,E,4,-99,-99,0,-99,-99,0,0,-99,-99,0,none,0,0,none,0,0,-99,-99,none,-99,-99
2016,SP,1,E,5,-99,-99,0,-99,-99,0,4,-99,-99,0.722,none,0,0,none,0,0,-99,-99,none,-99,-99
2016,SP,2,A,1,-99,-99,3,-99,-99,0.235,0,-99,-99,0,none,0,0,none,0,0,-99,-99,none,-99,-99
2016,SP,2,A,2,-99,-99,8,-99,-99,1.374,0,-99,-99,0,none,0,0,none,0,0,-99,-99,none,-99,-99
2016,SP,2,A,3,-99,-99,1,-99,-99,0.197,0,-99,-99,0,none,0,0,none,0,0,-99,-99,none,-99,-99
2016,SP,2,A,4,-99,-99,0,-99,-99,0,0,-99,-99,0,none,0,0,none,0,0,-99,-99,none,-99,-99
2016,SP,2,A,5,-99,-99,0,-99,-99,0,0,-99,-99,0,none,0,0,none,0,0,-99,-99,none,-99,-99
2016,SP,3,C,1,-99,-99,1,-99,-99,0.3,0,-99,-99,0,none,0,0,none,0,0,-99,-99,none,-99,-99
2016,SP,3,C,2,-99,-99,4,-99,-99,0.154,0,-99,-99,0,none,0,0,none,0,0,-99,-99,none,-99,-99
2016,SP,3,C,3,-99,-99,0,-99,-99,0,0,-99,-99,0,none,0,0,none,0,0,-99,-99,none,-99,-99
2016,SP,3,C,4,-99,-99,11,-99,-99,2.116,0,-99,-99,0,none,0,0,none,0,0,-99,-99,none,-99,-99
2016,SP,3,C,5,-99,-99,1,-99,-99,0.361,0,-99,-99,0,none,0,0,none,0,0,-99,-99,none,-99,-99
2016,SP,4,E,1,-99,-99,10,-99,-99,0.799,0,-99,-99,0,none,0,0,none,0,0,-99,-99,none,-99,-99
2016,SP,4,E,2,-99,-99,1,-99,-99,0.28,0,-99,-99,0,none,0,0,none,0,0,-99,-99,none,-99,-99
2016,SP,4,E,3,-99,-99,11,-99,-99,0.884,0,-99,-99,0,none,0,0,none,0,0,-99,-99,none,-99,-99
2016,SP,4,E,4,-99,-99,7,-99,-99,1.185,0,-99,-99,0,none,0,0,none,0,0,-99,-99,none,-99,-99
2016,SP,4,E,5,-99,-99,4,-99,-99,0.054,0,-99,-99,0,none,0,0,none,0,0,-99,-99,none,-99,-99
2016,SP,5,A,1,-99,-99,3,-99,-99,0.388,0,-99,-99,0,none,0,0,none,0,0,-99,-99,none,-99,-99
2016,SP,5,A,2,-99,-99,10,-99,-99,0.905,0,-99,-99,0,none,0,0,none,0,0,-99,-99,none,-99,-99
2016,SP,5,A,3,-99,-99,9,-99,-99,1.39,0,-99,-99,0,none,0,0,none,0,0,-99,-99,none,-99,-99
2016,SP,5,A,4,-99,-99,6,-99,-99,1.437,0,-99,-99,0,none,0,0,none,0,0,-99,-99,none,-99,-99
2016,SP,5,A,5,-99,-99,8,-99,-99,0.765,0,-99,-99,0,none,0,0,none,0,0,-99,-99,none,-99,-99
2016,SP,6,C,1,-99,-99,6,-99,-99,0.457,0,-99,-99,0,none,0,0,none,0,0,-99,-99,none,-99,-99
2016,SP,6,C,2,-99,-99,8,-99,-99,0.807,0,-99,-99,0,none,0,0,none,0,0,-99,-99,none,-99,-99
2016,SP,6,C,3,-99,-99,0,-99,-99,0,0,-99,-99,0,none,0,0,none,0,0,-99,-99,none,-99,-99
2016,SP,6,C,4,-99,-99,10,-99,-99,1.991,0,-99,-99,0,none,0,0,none,0,0,-99,-99,none,-99,-99
2016,SP,6,C,5,-99,-99,0,-99,-99,0,0,-99,-99,0,none,0,0,none,0,0,-99,-99,none,-99,-99
2016,SP,7,C,1,-99,-99,10,-99,-99,1.244,0,-99,-99,0,none,0,0,none,0,0,-99,-99,none,-99,-99
2016,SP,7,C,2,-99,-99,9,-99,-99,1.596,0,-99,-99,0,SOSE,2,2.692,none,0,0,-99,-99,none,-99,-99
2016,SP,7,C,3,-99,-99,4,-99,-99,0.404,0,-99,-99,0,none,0,0,none,0,0,-99,-99,none,-99,-99
2016,SP,7,C,4,-99,-99,19,-99,-99,1.3,0,-99,-99,0,none,0,0,none,0,0,-99,-99,none,-99,-99
2016,SP,7,C,5,-99,-99,16,-99,-99,1.408,0,-99,-99,0,none,0,0,none,0,0,-99,-99,none,-99,-99
2016,SP,8,E,1,-99,-99,10,-99,-99,1.453,0,-99,-99,0,none,0,0,none,0,0,-99,-99,none,-99,-99
2016,SP,8,E,2,-99,-99,3,-99,-99,0.395,0,-99,-99,0,none,0,0,none,0,0,-99,-99,none,-99,-99
2016,SP,8,E,3,-99,-99,10,-99,-99,2.734,0,-99,-99,0,none,0,0,none,0,0,-99,-99,none,-99,-99
2016,SP,8,E,4,-99,-99,3,-99,-99,0.156,0,-99,-99,0,none,0,0,none,0,0,-99,-99,none,-99,-99
2016,SP,8,E,5,-99,-99,5,-99,-99,0.524,0,-99,-99,0,none,0,0,none,0,0,-99,-99,none,-99,-99
2016,SP,9,A,1,-99,-99,0,-99,-99,0,0,-99,-99,0,none,0,0,none,0,0,-99,-99,none,-99,-99
2016,SP,9,A,2,-99,-99,2,-99,-99,1.75,0,-99,-99,0,none,0,0,none,0,0,-99,-99,none,-99,-99
2016,SP,9,A,3,-99,-99,1,-99,-99,0.044,0,-99,-99,0,none,0,0,none,0,0,-99,-99,none,-99,-99
2016,SP,9,A,4,-99,-99,1,-99,-99,0.27,0,-99,-99,0,none,0,0,none,0,0,-99,-99,none,-99,-99
2016,SP,9,A,5,-99,-99,0,-99,-99,0,0,-99,-99,0,none,0,0,none,0,0,-99,-99,none,-99,-99
2016,SP,10,E,1,-99,-99,4,-99,-99,0.476,0,-99,-99,0,none,0,0,none,0,0,-99,-99,none,-99,-99
2016,SP,10,E,2,-99,-99,2,-99,-99,0.27,0,-99,-99,0,none,0,0,none,0,0,-99,-99,none,-99,-99
2016,SP,10,E,3,-99,-99,1,-99,-99,0.148,1,-99,-99,0.108,none,0,0,none,0,0,-99,-99,none,-99,-99
2016,SP,10,E,4,-99,-99,1,-99,-99,0.053,0,-99,-99,0,none,0,0,none,0,0,-99,-99,none,-99,-99
2016,SP,10,E,5,-99,-99,0,-99,-99,0,1,-99,-99,0.15,none,0,0,none,0,0,-99,-99,none,-99,-99
2016,SP,11,A,1,-99,-99,10,-99,-99,0.532,0,-99,-99,0,none,0,0,none,0,0,-99,-99,none,-99,-99
2016,SP,11,A,2,-99,-99,5,-99,-99,0.725,0,-99,-99,0,none,0,0,none,0,0,-99,-99,none,-99,-99
2016,SP,11,A,3,-99,-99,1,-99,-99,0.048,0,-99,-99,0,none,0,0,none,0,0,-99,-99,none,-99,-99
2016,SP,11,A,4,-99,-99,7,-99,-99,0.539,0,-99,-99,0,none,0,0,none,0,0,-99,-99,none,-99,-99
2016,SP,11,A,5,-99,-99,4,-99,-99,0.432,0,-99,-99,0,none,0,0,none,0,0,-99,-99,none,-99,-99
2016,SP,12,C,1,-99,-99,5,-99,-99,0.214,0,-99,-99,0,none,0,0,none,0,0,-99,-99,none,-99,-99
2016,SP,12,C,2,-99,-99,6,-99,-99,0.553,0,-99,-99,0,none,0,0,none,0,0,-99,-99,none,-99,-99
2016,SP,12,C,3,-99,-99,15,-99,-99,2.409,0,-99,-99,0,none,0,0,none,0,0,-99,-99,none,-99,-99
2016,SP,12,C,4,-99,-99,6,-99,-99,0.484,0,-99,-99,0,none,0,0,none,0,0,-99,-99,none,-99,-99
2016,SP,12,C,5,-99,-99,2,-99,-99,0.257,0,-99,-99,0,none,0,0,none,0,0,-99,-99,none,-99,-99
2016,SP,13,A,1,-99,-99,8,-99,-99,0.916,0,-99,-99,0,none,0,0,none,0,0,-99,-99,none,-99,-99
2016,SP,13,A,2,-99,-99,7,-99,-99,0.644,0,-99,-99,0,none,0,0,none,0,0,-99,-99,none,-99,-99
2016,SP,13,A,3,-99,-99,0,-99,-99,0,0,-99,-99,0,none,0,0,none,0,0,-99,-99,none,-99,-99
2016,SP,13,A,4,-99,-99,0,-99,-99,0,0,-99,-99,0,none,0,0,none,0,0,-99,-99,none,-99,-99
2016,SP,13,A,5,-99,-99,7,-99,-99,0.939,0,-99,-99,0,none,0,0,none,0,0,-99,-99,none,-99,-99
2016,SP,14,E,1,-99,-99,3,-99,-99,0.277,0,-99,-99,0,none,0,0,none,0,0,-99,-99,none,-99,-99
2016,SP,14,E,2,-99,-99,0,-99,-99,0,0,-99,-99,0,none,0,0,none,0,0,-99,-99,none,-99,-99
2016,SP,14,E,3,-99,-99,1,-99,-99,0.137,0,-99,-99,0,POHY,2,0.009,none,0,0,-99,-99,none,-99,-99
2016,SP,14,E,4,-99,-99,5,-99,-99,0.535,0,-99,-99,0,none,0,0,none,0,0,-99,-99,none,-99,-99
2016,SP,14,E,5,-99,-99,8,-99,-99,0.961,0,-99,-99,0,none,0,0,none,0,0,-99,-99,none,-99,-99
2016,SP,15,C,1,-99,-99,8,-99,-99,0.98,0,-99,-99,0,none,0,0,none,0,0,-99,-99,none,-99,-99
2016,SP,15,C,2,-99,-99,22,-99,-99,3.618,0,-99,-99,0,none,0,0,none,0,0,-99,-99,none,-99,-99
2016,SP,15,C,3,-99,-99,5,-99,-99,0.355,0,-99,-99,0,none,0,0,none,0,0,-99,-99,none,-99,-99
2016,SP,15,C,4,-99,-99,4,-99,-99,0.492,0,-99,-99,0,none,0,0,none,0,0,-99,-99,none,-99,-99
2016,SP,15,C,5,-99,-99,9,-99,-99,0.719,0,-99,-99,0,none,0,0,none,0,0,-99,-99,none,-99,-99
2017,MX,1,E,1,4,2.916,0,-99,-99,0,0,-99,-99,0,none,0,0,none,0,0,-99,-99,none,-99,-99
2017,MX,1,E,2,7,2.676,0,-99,-99,0,0,-99,-99,0,none,0,0,none,0,0,-99,-99,none,-99,-99
2017,MX,1,E,3,0,0,0,-99,-99,0,1,-99,-99,0.196,none,0,0,none,0,0,-99,-99,none,-99,-99
2017,MX,1,E,4,4,0.753,0,-99,-99,0,3,-99,-99,0.641,none,0,0,none,0,0,-99,-99,none,-99,-99
2017,MX,1,E,5,4,2.393,0,-99,-99,0,1,-99,-99,0.227,none,0,0,none,0,0,-99,-99,none,-99,-99
2017,MX,2,A,1,1,0.501,0,-99,-99,0,0,-99,-99,0,none,0,0,none,0,0,-99,-99,none,-99,-99
2017,MX,2,A,2,2,0.941,2,-99,-99,0.105,3,-99,-99,0.422,none,0,0,none,0,0,-99,-99,none,-99,-99
2017,MX,2,A,3,1,0.056,0,-99,-99,0,1,-99,-99,0.344,none,0,0,none,0,0,-99,-99,none,-99,-99
2017,MX,2,A,4,4,2.783,0,-99,-99,0,2,-99,-99,0.761,none,0,0,none,0,0,-99,-99,none,-99,-99
2017,MX,2,A,5,0,0,1,-99,-99,0.044,0,-99,-99,0,none,0,0,none,0,0,-99,-99,none,-99,-99
2017,MX,3,C,1,4,1.431,0,-99,-99,0,0,-99,-99,0,none,0,0,none,0,0,-99,-99,none,-99,-99
2017,MX,3,C,2,3,1.013,1,-99,-99,0.041,2,-99,-99,0.376,none,0,0,none,0,0,-99,-99,none,-99,-99
2017,MX,3,C,3,2,1.726,0,-99,-99,0,2,-99,-99,0.244,none,0,0,none,0,0,-99,-99,none,-99,-99
2017,MX,3,C,4,5,2.791,0,-99,-99,0,0,-99,-99,0,none,0,0,none,0,0,-99,-99,none,-99,-99
2017,MX,3,C,5,6,2.321,3,-99,-99,0.742,3,-99,-99,0.502,none,0,0,none,0,0,-99,-99,none,-99,-99
2017,MX,4,E,1,2,0.501,8,-99,-99,1.142,4,-99,-99,0.752,none,0,0,none,0,0,-99,-99,none,-99,-99
2017,MX,4,E,2,2,1.189,2,-99,-99,0.113,14,-99,-99,2.203,none,0,0,none,0,0,-99,-99,none,-99,-99
2017,MX,4,E,3,1,0.631,1,-99,-99,0.052,11,-99,-99,2.548,none,0,0,none,0,0,-99,-99,none,-99,-99
2017,MX,4,E,4,4,2.102,3,-99,-99,0.205,8,-99,-99,1.295,none,0,0,none,0,0,-99,-99,none,-99,-99
2017,MX,4,E,5,1,0.805,1,-99,-99,0.15,9,-99,-99,2.003,none,0,0,none,0,0,-99,-99,none,-99,-99
2017,MX,5,C,1,0,0,0,-99,-99,0,7,-99,-99,0.837,none,0,0,none,0,0,-99,-99,none,-99,-99
2017,MX,5,C,2,0,0,3,-99,-99,0.56,7,-99,-99,1.58,none,0,0,none,0,0,-99,-99,none,-99,-99
2017,MX,5,C,3,0,0,5,-99,-99,0.939,6,-99,-99,0.913,none,0,0,none,0,0,-99,-99,none,-99,-99
2017,MX,5,C,4,0,0,2,-99,-99,0.2,2,-99,-99,0.305,none,0,0,none,0,0,-99,-99,none,-99,-99
2017,MX,5,C,5,1,0.443,0,-99,-99,0,4,-99,-99,0.766,none,0,0,none,0,0,-99,-99,none,-99,-99
2017,MX,6,A,1,3,2.059,1,-99,-99,0.108,0,-99,-99,0,none,0,0,none,0,0,-99,-99,none,-99,-99
2017,MX,6,A,2,0,0,2,-99,-99,0.188,1,-99,-99,0.094,none,0,0,none,0,0,-99,-99,none,-99,-99
2017,MX,6,A,3,5,1.833,0,-99,-99,0,22,-99,-99,0.641,none,0,0,none,0,0,-99,-99,none,-99,-99
2017,MX,6,A,4,3,1.94,0,-99,-99,0,1,-99,-99,0.113,none,0,0,none,0,0,-99,-99,none,-99,-99
2017,MX,6,A,5,1,0.798,0,-99,-99,0,6,-99,-99,0.927,none,0,0,none,0,0,-99,-99,none,-99,-99
2017,MX,7,C,1,1,1.032,14,-99,-99,1.616,6,-99,-99,0.872,none,0,0,none,0,0,-99,-99,none,-99,-99
2017,MX,7,C,2,0,0,8,-99,-99,1.099,0,-99,-99,0,none,0,0,none,0,0,-99,-99,none,-99,-99
2017,MX,7,C,3,1,0.127,8,-99,-99,1.199,3,-99,-99,0.458,none,0,0,none,0,0,-99,-99,none,-99,-99
2017,MX,7,C,4,0,0,15,-99,-99,2.229,2,-99,-99,0.258,none,0,0,none,0,0,-99,-99,none,-99,-99
2017,MX,7,C,5,0,0,13,-99,-99,1.379,1,-99,-99,0.153,none,0,0,none,0,0,-99,-99,none,-99,-99
2017,MX,8,E,1,4,2.148,0,-99,-99,0,0,-99,-99,0,none,0,0,none,0,0,-99,-99,none,-99,-99
2017,MX,8,E,2,2,0.388,0,-99,-99,0,0,-99,-99,0,none,0,0,none,0,0,-99,-99,none,-99,-99
2017,MX,8,E,3,1,0.081,0,-99,-99,0,5,-99,-99,1,none,0,0,none,0,0,-99,-99,none,-99,-99
2017,MX,8,E,4,1,0.309,1,-99,-99,0.319,0,-99,-99,1.152,none,0,0,none,0,0,-99,-99,none,-99,-99
2017,MX,8,E,5,0,0,0,-99,-99,0,0,-99,-99,0,none,0,0,none,0,0,-99,-99,none,-99,-99
2017,MX,9,A,1,1,0.088,4,-99,-99,0.755,0,-99,-99,0,none,0,0,none,0,0,-99,-99,none,-99,-99
2017,MX,9,A,2,0,0,4,-99,-99,0.457,1,-99,-99,0.131,none,0,0,none,0,0,-99,-99,none,-99,-99
2017,MX,9,A,3,3,0.765,1,-99,-99,0.08,4,-99,-99,0.76,none,0,0,none,0,0,-99,-99,none,-99,-99
2017,MX,9,A,4,2,0.851,0,-99,-99,0,0,-99,-99,0,none,0,0,none,0,0,-99,-99,none,-99,-99
2017,MX,9,A,5,0,0,2,-99,-99,0.804,1,-99,-99,0.192,none,0,0,none,0,0,-99,-99,none,-99,-99
2017,MX,10,C,1,3,0.69,8,-99,-99,0.983,6,-99,-99,0.477,none,0,0,none,0,0,-99,-99,none,-99,-99
2017,MX,10,C,2,1,0.191,2,-99,-99,0.427,0,-99,-99,0,none,0,0,none,0,0,-99,-99,none,-99,-99
2017,MX,10,C,3,0,0,20,-99,-99,1.728,5,-99,-99,0.496,none,0,0,none,0,0,-99,-99,none,-99,-99
2017,MX,10,C,4,2,0.618,4,-99,-99,0.495,0,-99,-99,0,none,0,0,none,0,0,-99,-99,none,-99,-99
2017,MX,10,C,5,4,0.944,14,-99,-99,1.71,0,-99,-99,0,none,0,0,none,0,0,-99,-99,none,-99,-99
2017,MX,11,E,1,3,0.757,0,-99,-99,0,1,-99,-99,0.186,none,0,0,none,0,0,-99,-99,none,-99,-99
2017,MX,11,E,2,4,0.989,3,-99,-99,0.374,0,-99,-99,0,none,0,0,none,0,0,-99,-99,none,-99,-99
2017,MX,11,E,3,3,1.006,2,-99,-99,0.083,0,-99,-99,0,none,0,0,none,0,0,-99,-99,none,-99,-99
2017,MX,11,E,4,4,1.955,0,-99,-99,0,2,-99,-99,0.28,none,0,0,none,0,0,-99,-99,none,-99,-99
2017,MX,11,E,5,0,0,0,-99,-99,0,1,-99,-99,0.027,none,0,0,none,0,0,-99,-99,none,-99,-99
2017,MX,12,A,1,7,3.835,0,-99,-99,0,1,-99,-99,0.097,none,0,0,none,0,0,-99,-99,none,-99,-99
2017,MX,12,A,2,6,2.818,0,-99,-99,0,2,-99,-99,0.393,none,0,0,none,0,0,-99,-99,none,-99,-99
2017,MX,12,A,3,0,0,0,-99,-99,0,0,-99,-99,0,none,0,0,none,0,0,-99,-99,none,-99,-99
2017,MX,12,A,4,1,0.723,0,-99,-99,0,2,-99,-99,0.17,none,0,0,none,0,0,-99,-99,none,-99,-99
2017,MX,12,A,5,1,0.137,0,-99,-99,0,3,-99,-99,0.351,none,0,0,none,0,0,-99,-99,none,-99,-99
2017,MX,13,E,1,2,1.616,2,-99,-99,0.288,1,-99,-99,0.033,none,0,0,none,0,0,-99,-99,none,-99,-99
2017,MX,13,E,2,4,1.293,0,-99,-99,0,0,-99,-99,0,none,0,0,none,0,0,-99,-99,none,-99,-99
2017,MX,13,E,3,3,0.487,4,-99,-99,0.726,0,-99,-99,0,none,0,0,none,0,0,-99,-99,none,-99,-99
2017,MX,13,E,4,0,0,4,-99,-99,0.738,0,-99,-99,0,none,0,0,none,0,0,-99,-99,none,-99,-99
2017,MX,13,E,5,6,2.447,8,-99,-99,1.386,1,-99,-99,0.055,none,0,0,none,0,0,-99,-99,none,-99,-99
2017,MX,14,C,1,0,0,21,-99,-99,1.875,7,-99,-99,0.512,none,0,0,none,0,0,-99,-99,none,-99,-99
2017,MX,14,C,2,0,0,16,-99,-99,1.729,0,-99,-99,0,none,0,0,none,0,0,-99,-99,none,-99,-99
2017,MX,14,C,3,0,0,17,-99,-99,1.993,6,-99,-99,0.946,none,0,0,none,0,0,-99,-99,none,-99,-99
2017,MX,14,C,4,1,0.184,4,-99,-99,0.507,1,-99,-99,0.167,none,0,0,none,0,0,-99,-99,none,-99,-99
2017,MX,14,C,5,2,0.414,4,-99,-99,0.483,2,-99,-99,0.372,none,0,0,none,0,0,-99,-99,none,-99,-99
2017,MX,15,A,1,5,0.824,3,-99,-99,0.585,7,-99,-99,1.223,none,0,0,none,0,0,-99,-99,none,-99,-99
2017,MX,15,A,2,1,0.274,0,-99,-99,0,3,-99,-99,0.686,none,0,0,none,0,0,-99,-99,none,-99,-99
2017,MX,15,A,3,1,0.187,3,-99,-99,0.439,3,-99,-99,0.537,none,0,0,none,0,0,-99,-99,none,-99,-99
2017,MX,15,A,4,3,0.804,1,-99,-99,0.028,0,-99,-99,0,none,0,0,none,0,0,-99,-99,none,-99,-99
2017,MX,15,A,5,2,1.91,12,-99,-99,0.381,2,-99,-99,0.12,none,0,0,none,0,0,-99,-99,none,-99,-99
2017,SC,1,E,1,2,0.666,0,-99,-99,0,0,-99,-99,0,none,0,0,none,0,0,-99,-99,none,-99,-99
2017,SC,1,E,2,2,1.353,0,-99,-99,0,0,-99,-99,0,none,0,0,none,0,0,-99,-99,none,-99,-99
2017,SC,1,E,3,1,0.332,0,-99,-99,0,0,-99,-99,0,none,0,0,none,0,0,-99,-99,none,-99,-99
2017,SC,1,E,4,1,0.656,0,-99,-99,0,0,-99,-99,0,none,0,0,none,0,0,-99,-99,none,-99,-99
2017,SC,1,E,5,2,1.214,0,-99,-99,0,0,-99,-99,0,none,0,0,none,0,0,-99,-99,none,-99,-99
2017,SC,2,A,1,2,2.761,0,-99,-99,0,2,-99,-99,0.314,none,0,0,none,0,0,-99,-99,none,-99,-99
2017,SC,2,A,2,2,2.17,0,-99,-99,0,0,-99,-99,0,none,0,0,none,0,0,-99,-99,none,-99,-99
2017,SC,2,A,3,0,0,0,-99,-99,0,0,-99,-99,0,none,0,0,none,0,0,-99,-99,none,-99,-99
2017,SC,2,A,4,0,0,0,-99,-99,0,0,-99,-99,0,none,0,0,none,0,0,-99,-99,none,-99,-99
2017,SC,2,A,5,4,2.787,0,-99,-99,0,1,-99,-99,0.139,none,0,0,none,0,0,-99,-99,none,-99,-99
2017,SC,3,C,1,2,2.582,16,-99,-99,2.336,0,-99,-99,0,none,0,0,none,0,0,-99,-99,none,-99,-99
2017,SC,3,C,2,0,0,10,-99,-99,1.207,0,-99,-99,0,none,0,0,none,0,0,-99,-99,none,-99,-99
2017,SC,3,C,3,3,3.284,0,-99,-99,0,0,-99,-99,0,none,0,0,none,0,0,-99,-99,none,-99,-99
2017,SC,3,C,4,0,0,6,-99,-99,0.223,0,-99,-99,0,none,0,0,none,0,0,-99,-99,none,-99,-99
2017,SC,3,C,5,2,1.809,1,-99,-99,0.136,0,-99,-99,0,none,0,0,none,0,0,-99,-99,none,-99,-99
2017,SC,4,A,1,3,2.492,0,-99,-99,0,0,-99,-99,0,none,0,0,none,0,0,-99,-99,none,-99,-99
2017,SC,4,A,2,2,1.657,0,-99,-99,0,0,-99,-99,0,none,0,0,none,0,0,-99,-99,none,-99,-99
2017,SC,4,A,3,0,0,0,-99,-99,0,0,-99,-99,0,none,0,0,none,0,0,-99,-99,none,-99,-99
2017,SC,4,A,4,3,2.524,0,-99,-99,0,0,-99,-99,0,none,0,0,none,0,0,-99,-99,none,-99,-99
2017,SC,4,A,5,1,0.886,0,-99,-99,0,0,-99,-99,0,none,0,0,none,0,0,-99,-99,none,-99,-99
2017,SC,5,C,1,1,0.521,6,-99,-99,0.697,0,-99,-99,0,none,0,0,none,0,0,-99,-99,none,-99,-99
2017,SC,5,C,2,0,0,13,-99,-99,1.408,0,-99,-99,0,none,0,0,none,0,0,-99,-99,none,-99,-99
2017,SC,5,C,3,2,1.55,-99,-99,-99,1.31,0,-99,-99,0,none,0,0,none,0,0,-99,-99,none,-99,-99
2017,SC,5,C,4,6,3.9,2,-99,-99,0.065,0,-99,-99,0,none,0,0,none,0,0,-99,-99,none,-99,-99
2017,SC,5,C,5,1,1.066,1,-99,-99,3.569,0,-99,-99,0,none,0,0,none,0,0,-99,-99,none,-99,-99
2017,SC,6,E,1,2,1.456,0,-99,-99,0,0,-99,-99,0,none,0,0,none,0,0,-99,-99,none,-99,-99
2017,SC,6,E,2,3,2.076,0,-99,-99,0,0,-99,-99,0,none,0,0,none,0,0,-99,-99,none,-99,-99
2017,SC,6,E,3,5,3.055,0,-99,-99,0,0,-99,-99,0,none,0,0,none,0,0,-99,-99,none,-99,-99
2017,SC,6,E,4,2,1.746,0,-99,-99,0,0,-99,-99,0,none,0,0,none,0,0,-99,-99,none,-99,-99
2017,SC,6,E,5,0,0,0,-99,-99,0,0,-99,-99,0,none,0,0,none,0,0,-99,-99,none,-99,-99
2017,SC,7,C,1,0,0,1,-99,-99,0.227,0,-99,-99,0,none,0,0,none,0,0,-99,-99,none,-99,-99
2017,SC,7,C,2,0,0,0,-99,-99,0,0,-99,-99,0,none,0,0,none,0,0,-99,-99,none,-99,-99
2017,SC,7,C,3,2,1.449,4,-99,-99,0.589,0,-99,-99,0,none,0,0,none,0,0,-99,-99,none,-99,-99
2017,SC,7,C,4,1,0.253,23,-99,-99,2.706,1,-99,-99,0.194,none,0,0,none,0,0,-99,-99,none,-99,-99
2017,SC,7,C,5,1,0.729,2,-99,-99,0.038,0,-99,-99,0,none,0,0,none,0,0,-99,-99,none,-99,-99
2017,SC,8,A,1,3,2.572,0,-99,-99,0,2,-99,-99,0.298,none,0,0,none,0,0,-99,-99,none,-99,-99
2017,SC,8,A,2,0,0,0,-99,-99,0,0,-99,-99,0,none,0,0,none,0,0,-99,-99,none,-99,-99
2017,SC,8,A,3,2,1.809,0,-99,-99,0,0,-99,-99,0,none,0,0,none,0,0,-99,-99,none,-99,-99
2017,SC,8,A,4,5,6.444,0,-99,-99,0,0,-99,-99,0,none,0,0,none,0,0,-99,-99,none,-99,-99
2017,SC,8,A,5,1,0.318,0,-99,-99,0,0,-99,-99,0,none,0,0,none,0,0,-99,-99,none,-99,-99
2017,SC,9,E,1,2,2.374,0,-99,-99,0,0,-99,-99,0,none,0,0,none,0,0,-99,-99,none,-99,-99
2017,SC,9,E,2,2,1.633,0,-99,-99,0,0,-99,-99,0,none,0,0,none,0,0,-99,-99,none,-99,-99
2017,SC,9,E,3,3,1.936,0,-99,-99,0,2,-99,-99,0.31,none,0,0,none,0,0,-99,-99,none,-99,-99
2017,SC,9,E,4,0,0,0,-99,-99,0,1,-99,-99,0.206,none,0,0,none,0,0,-99,-99,none,-99,-99
2017,SC,9,E,5,4,3.081,0,-99,-99,0,0,-99,-99,0,none,0,0,none,0,0,-99,-99,none,-99,-99
2017,SC,10,E,1,2,1.333,0,-99,-99,0,1,-99,-99,0.169,none,0,0,none,0,0,-99,-99,none,-99,-99
2017,SC,10,E,2,4,3.075,0,-99,-99,0,4,-99,-99,0.367,none,0,0,none,0,0,-99,-99,none,-99,-99
2017,SC,10,E,3,2,0.898,0,-99,-99,0,0,-99,-99,0,none,0,0,none,0,0,-99,-99,none,-99,-99
2017,SC,10,E,4,1,0.088,0,-99,-99,0,0,-99,-99,0,none,0,0,none,0,0,-99,-99,none,-99,-99
2017,SC,10,E,5,0,0,0,-99,-99,0,0,-99,-99,0,none,0,0,none,0,0,-99,-99,none,-99,-99
2017,SC,11,C,1,2,1.484,10,-99,-99,1.169,0,-99,-99,0,none,0,0,none,0,0,-99,-99,none,-99,-99
2017,SC,11,C,2,0,0,19,-99,-99,2.435,2,-99,-99,0.275,none,0,0,none,0,0,-99,-99,none,-99,-99
2017,SC,11,C,3,2,1.285,15,-99,-99,1.909,0,-99,-99,0,none,0,0,none,0,0,-99,-99,none,-99,-99
2017,SC,11,C,4,0,0,1,-99,-99,0.074,0,-99,-99,0,none,0,0,none,0,0,-99,-99,none,-99,-99
2017,SC,11,C,5,1,0.819,2,-99,-99,0.184,0,-99,-99,0,none,0,0,none,0,0,-99,-99,none,-99,-99
2017,SC,12,A,1,1,0.894,0,-99,-99,0,0,-99,-99,0,none,0,0,none,0,0,-99,-99,none,-99,-99
2017,SC,12,A,2,0,0,2,-99,-99,0.502,0,-99,-99,0,none,0,0,none,0,0,-99,-99,none,-99,-99
2017,SC,12,A,3,2,1.642,0,-99,-99,0,0,-99,-99,0,none,0,0,none,0,0,-99,-99,none,-99,-99
2017,SC,12,A,4,4,4.343,0,-99,-99,0,4,-99,-99,0.65,none,0,0,none,0,0,-99,-99,none,-99,-99
2017,SC,12,A,5,1,0.584,0,-99,-99,0,0,-99,-99,0,none,0,0,none,0,0,-99,-99,none,-99,-99
2017,SC,13,C,1,3,2.365,14,-99,-99,1.76,0,-99,-99,0,none,0,0,none,0,0,-99,-99,none,-99,-99
2017,SC,13,C,2,0,0,3,-99,-99,0.858,1,-99,-99,0.113,none,0,0,none,0,0,-99,-99,none,-99,-99
2017,SC,13,C,3,0,0,6,-99,-99,0.786,0,-99,-99,0,none,0,0,none,0,0,-99,-99,none,-99,-99
2017,SC,13,C,4,2,2.22,1,-99,-99,0.149,0,-99,-99,0,none,0,0,none,0,0,-99,-99,none,-99,-99
2017,SC,13,C,5,0,0,6,-99,-99,0.54,4,-99,-99,0.657,none,0,0,none,0,0,-99,-99,none,-99,-99
2017,SC,14,E,1,2,1.555,0,-99,-99,0,0,-99,-99,0,none,0,0,none,0,0,-99,-99,none,-99,-99
2017,SC,14,E,2,1,0.54,0,-99,-99,0,0,-99,-99,0,none,0,0,none,0,0,-99,-99,none,-99,-99
2017,SC,14,E,3,0,0,1,-99,-99,0.555,3,-99,-99,0.349,none,0,0,none,0,0,-99,-99,none,-99,-99
2017,SC,14,E,4,1,0.428,0,-99,-99,0,0,-99,-99,0,none,0,0,none,0,0,-99,-99,none,-99,-99
2017,SC,14,E,5,1,0.3,3,-99,-99,0,1,-99,-99,0.314,none,0,0,none,0,0,-99,-99,none,-99,-99
2017,SC,15,A,1,1,0.631,0,-99,-99,0,4,-99,-99,0.617,none,0,0,none,0,0,-99,-99,none,-99,-99
2017,SC,15,A,2,3,1.623,0,-99,-99,0,2,-99,-99,0.332,none,0,0,none,0,0,-99,-99,none,-99,-99
2017,SC,15,A,3,4,3.191,0,-99,-99,0,2,-99,-99,0.223,none,0,0,none,0,0,-99,-99,none,-99,-99
2017,SC,15,A,4,4,1.879,3,-99,-99,0.482,4,-99,-99,0.496,none,0,0,none,0,0,-99,-99,none,-99,-99
2017,SC,15,A,5,1,1.111,0,-99,-99,0,0,-99,-99,0,none,0,0,none,0,0,-99,-99,none,-99,-99
2017,SP,1,E,1,0,0,0,-99,-99,0,0,-99,-99,0,none,0,0,none,0,0,-99,-99,none,-99,-99
2017,SP,1,E,2,0,0,1,-99,-99,0.135,0,-99,-99,0,none,0,0,none,0,0,-99,-99,none,-99,-99
2017,SP,1,E,3,1,0.34,0,-99,-99,0,0,-99,-99,0,none,0,0,none,0,0,-99,-99,none,-99,-99
2017,SP,1,E,4,1,1.178,1,-99,-99,0.238,3,-99,-99,0.454,none,0,0,none,0,0,-99,-99,none,-99,-99
2017,SP,1,E,5,1,0.301,2,-99,-99,0.155,0,-99,-99,0,none,0,0,none,0,0,-99,-99,none,-99,-99
2017,SP,2,A,1,0,0,4,-99,-99,0.256,0,-99,-99,0,none,0,0,none,0,0,-99,-99,none,-99,-99
2017,SP,2,A,2,0,0,4,-99,-99,0.624,0,-99,-99,0,none,0,0,none,0,0,-99,-99,none,-99,-99
2017,SP,2,A,3,0,0,1,-99,-99,0.006,0,-99,-99,0,none,0,0,none,0,0,-99,-99,none,-99,-99
2017,SP,2,A,4,0,0,5,-99,-99,0.915,0,-99,-99,0,none,0,0,none,0,0,-99,-99,none,-99,-99
2017,SP,2,A,5,0,0,5,-99,-99,0.791,0,-99,-99,0,none,0,0,none,0,0,-99,-99,none,-99,-99
2017,SP,3,C,1,13,1.12,5,-99,-99,0.635,0,-99,-99,0,none,0,0,none,0,0,-99,-99,none,-99,-99
2017,SP,3,C,2,0,0,12,-99,-99,1.539,0,-99,-99,0,none,0,0,none,0,0,-99,-99,none,-99,-99
2017,SP,3,C,3,0,0,1,-99,-99,0.237,0,-99,-99,0,none,0,0,none,0,0,-99,-99,none,-99,-99
2017,SP,3,C,4,0,0,3,-99,-99,0.486,0,-99,-99,0,none,0,0,none,0,0,-99,-99,none,-99,-99
2017,SP,3,C,5,0,0,11,-99,-99,2.091,0,-99,-99,0,none,0,0,none,0,0,-99,-99,none,-99,-99
2017,SP,4,E,1,0,0,9,-99,-99,0.702,0,-99,-99,0,none,0,0,none,0,0,-99,-99,none,-99,-99
2017,SP,4,E,2,0,0,14,-99,-99,1.828,0,-99,-99,0,none,0,0,none,0,0,-99,-99,none,-99,-99
2017,SP,4,E,3,0,0,2,-99,-99,0.41,0,-99,-99,0,none,0,0,none,0,0,-99,-99,none,-99,-99
2017,SP,4,E,4,0,0,5,-99,-99,0.65,0,-99,-99,0,none,0,0,none,0,0,-99,-99,none,-99,-99
2017,SP,4,E,5,0,0,5,-99,-99,0.512,0,-99,-99,0,none,0,0,none,0,0,-99,-99,none,-99,-99
2017,SP,5,A,1,0,0,5,-99,-99,1.167,0,-99,-99,0,none,0,0,none,0,0,-99,-99,none,-99,-99
2017,SP,5,A,2,0,0,4,-99,-99,1.115,0,-99,-99,0,none,0,0,none,0,0,-99,-99,none,-99,-99
2017,SP,5,A,3,0,0,5,-99,-99,0.852,0,-99,-99,0,none,0,0,none,0,0,-99,-99,none,-99,-99
2017,SP,5,A,4,0,0,3,-99,-99,1.338,0,-99,-99,0,none,0,0,none,0,0,-99,-99,none,-99,-99
2017,SP,5,A,5,0,0,5,-99,-99,0.835,0,-99,-99,0,none,0,0,none,0,0,-99,-99,none,-99,-99
2017,SP,6,C,1,0,0,21,-99,-99,3.171,0,-99,-99,0,none,0,0,none,0,0,-99,-99,none,-99,-99
2017,SP,6,C,2,1,0.332,7,-99,-99,1.439,0,-99,-99,0,none,0,0,none,0,0,-99,-99,none,-99,-99
2017,SP,6,C,3,1,0.783,2,-99,-99,0.257,0,-99,-99,0,none,0,0,none,0,0,-99,-99,none,-99,-99
2017,SP,6,C,4,0,0,8,-99,-99,1.32,0,-99,-99,0,none,0,0,none,0,0,-99,-99,none,-99,-99
2017,SP,6,C,5,0,0,6,-99,-99,1.082,0,-99,-99,0,none,0,0,none,0,0,-99,-99,none,-99,-99
2017,SP,7,C,1,0,0,8,-99,-99,1.036,0,-99,-99,0,none,0,0,none,0,0,-99,-99,none,-99,-99
2017,SP,7,C,2,0,0,12,-99,-99,2.084,0,-99,-99,0,none,0,0,none,0,0,-99,-99,none,-99,-99
2017,SP,7,C,3,0,0,16,-99,-99,1.446,0,-99,-99,0,none,0,0,none,0,0,-99,-99,none,-99,-99
2017,SP,7,C,4,0,0,6,-99,-99,0.571,0,-99,-99,0,none,0,0,none,0,0,-99,-99,none,-99,-99
2017,SP,7,C,5,0,0,18,-99,-99,1.996,0,-99,-99,0,none,0,0,none,0,0,-99,-99,none,-99,-99
2017,SP,8,E,1,1,0.247,1,-99,-99,0.008,0,-99,-99,0,none,0,0,none,0,0,-99,-99,none,-99,-99
2017,SP,8,E,2,1,0.05,7,-99,-99,0.73,0,-99,-99,0,none,0,0,none,0,0,-99,-99,none,-99,-99
2017,SP,8,E,3,2,1.004,0,-99,-99,0,0,-99,-99,0,none,0,0,none,0,0,-99,-99,none,-99,-99
2017,SP,8,E,4,0,0,12,-99,-99,1.35,0,-99,-99,0,none,0,0,none,0,0,-99,-99,none,-99,-99
2017,SP,8,E,5,0,0,9,-99,-99,0.642,0,-99,-99,0,none,0,0,none,0,0,-99,-99,none,-99,-99
2017,SP,9,A,1,1,1.061,0,-99,-99,0,0,-99,-99,0,none,0,0,none,0,0,-99,-99,none,-99,-99
2017,SP,9,A,2,1,0.151,5,-99,-99,0.534,0,-99,-99,0,none,0,0,none,0,0,-99,-99,none,-99,-99
2017,SP,9,A,3,1,0.95,0,-99,-99,0,0,-99,-99,0,none,0,0,none,0,0,-99,-99,none,-99,-99
2017,SP,9,A,4,1,1.063,2,-99,-99,0.164,0,-99,-99,0,none,0,0,none,0,0,-99,-99,none,-99,-99
2017,SP,9,A,5,0,0,0,-99,-99,0,0,-99,-99,0,none,0,0,none,0,0,-99,-99,none,-99,-99
2017,SP,10,E,1,1,0.742,1,-99,-99,0.241,0,-99,-99,0,none,0,0,none,0,0,-99,-99,none,-99,-99
2017,SP,10,E,2,4,1.982,0,-99,-99,0,1,-99,-99,0.132,none,0,0,none,0,0,-99,-99,none,-99,-99
2017,SP,10,E,3,1,0.444,0,-99,-99,0,3,-99,-99,0.595,none,0,0,none,0,0,-99,-99,none,-99,-99
2017,SP,10,E,4,3,0.924,0,-99,-99,0,2,-99,-99,0.304,none,0,0,none,0,0,-99,-99,none,-99,-99
2017,SP,10,E,5,1,0.424,0,-99,-99,0,0,-99,-99,0,none,0,0,none,0,0,-99,-99,none,-99,-99
2017,SP,11,A,1,0,0,1,-99,-99,0.006,2,-99,-99,0.096,none,0,0,none,0,0,-99,-99,none,-99,-99
2017,SP,11,A,2,2,1.006,8,-99,-99,0.664,0,-99,-99,0,none,0,0,none,0,0,-99,-99,none,-99,-99
2017,SP,11,A,3,3,1.059,2,-99,-99,0.206,0,-99,-99,0,none,0,0,none,0,0,-99,-99,none,-99,-99
2017,SP,11,A,4,0,0,1,-99,-99,0.08,0,-99,-99,0,none,0,0,none,0,0,-99,-99,none,-99,-99
2017,SP,11,A,5,0,0,7,-99,-99,0.595,0,-99,-99,0,none,0,0,none,0,0,-99,-99,none,-99,-99
2017,SP,12,C,1,0,0,4,-99,-99,0.471,0,-99,-99,0,none,0,0,none,0,0,-99,-99,none,-99,-99
2017,SP,12,C,2,2,0.702,16,-99,-99,2.843,0,-99,-99,0,none,0,0,none,0,0,-99,-99,none,-99,-99
2017,SP,12,C,3,0,0,7,-99,-99,1.403,0,-99,-99,0,none,0,0,none,0,0,-99,-99,none,-99,-99
2017,SP,12,C,4,0,0,9,-99,-99,1.194,0,-99,-99,0,none,0,0,none,0,0,-99,-99,none,-99,-99
2017,SP,12,C,5,1,0.027,2,-99,-99,0.21,0,-99,-99,0,none,0,0,none,0,0,-99,-99,none,-99,-99
2017,SP,13,A,1,1,0.539,1,-99,-99,0.104,0,-99,-99,0,none,0,0,none,0,0,-99,-99,none,-99,-99
2017,SP,13,A,2,0,0,5,-99,-99,0.809,0,-99,-99,0,none,0,0,none,0,0,-99,-99,none,-99,-99
2017,SP,13,A,3,1,0.418,1,-99,-99,0.15,0,-99,-99,0,none,0,0,none,0,0,-99,-99,none,-99,-99
2017,SP,13,A,4,0,0,3,-99,-99,0.44,0,-99,-99,0,none,0,0,none,0,0,-99,-99,none,-99,-99
2017,SP,13,A,5,1,0.456,6,-99,-99,0.539,0,-99,-99,0,none,0,0,none,0,0,-99,-99,none,-99,-99
2017,SP,14,E,1,1,1.226,2,-99,-99,0.316,0,-99,-99,0,POHY,1,0.027,none,0,0,-99,-99,none,-99,-99
2017,SP,14,E,2,1,0.059,2,-99,-99,0.272,0,-99,-99,0,none,0,0,none,0,0,-99,-99,none,-99,-99
2017,SP,14,E,3,2,2.389,0,-99,-99,0,0,-99,-99,0,none,0,0,none,0,0,-99,-99,none,-99,-99
2017,SP,14,E,4,1,0.351,4,-99,-99,0.525,0,-99,-99,0,none,0,0,none,0,0,-99,-99,none,-99,-99
2017,SP,14,E,5,1,0.832,1,-99,-99,0.036,0,-99,-99,0,none,0,0,none,0,0,-99,-99,none,-99,-99
2017,SP,15,C,1,1,0.801,17,-99,-99,2.875,0,-99,-99,0,none,0,0,none,0,0,-99,-99,none,-99,-99
2017,SP,15,C,2,0,0,4,-99,-99,0.588,0,-99,-99,0,none,0,0,none,0,0,-99,-99,none,-99,-99
2017,SP,15,C,3,3,2.52,8,-99,-99,1.94,0,-99,-99,0,none,0,0,none,0,0,-99,-99,none,-99,-99
2017,SP,15,C,4,0,0,8,-99,-99,0.967,0,-99,-99,0,none,0,0,none,0,0,-99,-99,none,-99,-99
2017,SP,15,C,5,0,0,13,-99,-99,2.401,0,-99,-99,0,none,0,0,none,0,0,-99,-99,none,-99,-99
2018,MX,1,E,1,5,1.854,0,-99,-99,0,2,-99,-99,0.362,none,0,0,none,0,0,-99,-99,none,-99,-99
2018,MX,1,E,2,2,0.401,0,-99,-99,0,0,-99,-99,0,none,0,0,none,0,0,-99,-99,none,-99,-99
2018,MX,1,E,3,4,1.576,0,-99,-99,0,0,-99,-99,0,none,0,0,none,0,0,-99,-99,none,-99,-99
2018,MX,1,E,4,5,1.213,0,-99,-99,0,0,-99,-99,0,none,0,0,none,0,0,-99,-99,none,-99,-99
2018,MX,1,E,5,2,0.66,0,-99,-99,0,0,-99,-99,0,none,0,0,none,0,0,-99,-99,none,-99,-99
2018,MX,2,A,1,5,1.599,3,-99,-99,0.801,1,-99,-99,0.129,none,0,0,none,0,0,-99,-99,none,-99,-99
2018,MX,2,A,2,7,3.906,0,-99,-99,0,0,-99,-99,0,none,0,0,none,0,0,-99,-99,none,-99,-99
2018,MX,2,A,3,4,2.421,0,-99,-99,0,4,-99,-99,0.643,none,0,0,none,0,0,-99,-99,none,-99,-99
2018,MX,2,A,4,4,2.236,0,-99,-99,0,0,-99,-99,0,none,0,0,none,0,0,-99,-99,none,-99,-99
2018,MX,2,A,5,1,0.239,0,-99,-99,0,1,-99,-99,0.348,none,0,0,none,0,0,-99,-99,none,-99,-99
2018,MX,3,C,1,2,0.635,5,-99,-99,0.812,2,-99,-99,0.385,AMCA,1,0.823,none,0,0,-99,-99,none,-99,-99
2018,MX,3,C,2,3,1.324,1,-99,-99,0.21,3,-99,-99,0.449,none,0,0,none,0,0,-99,-99,none,-99,-99
2018,MX,3,C,3,4,1.343,0,-99,-99,0,4,-99,-99,0.959,none,0,0,none,0,0,-99,-99,none,-99,-99
2018,MX,3,C,4,1,0.38,2,-99,-99,3.18,5,-99,-99,1.399,none,0,0,none,0,0,-99,-99,none,-99,-99
2018,MX,3,C,5,3,1.367,1,-99,-99,0.078,1,-99,-99,0.198,none,0,0,none,0,0,-99,-99,none,-99,-99
2018,MX,4,E,1,4,1.544,1,-99,-99,0.033,4,-99,-99,0.473,none,0,0,none,0,0,-99,-99,none,-99,-99
2018,MX,4,E,2,2,0.603,0,-99,-99,0,1,-99,-99,0.101,none,0,0,none,0,0,-99,-99,none,-99,-99
2018,MX,4,E,3,3,0.73,0,-99,-99,0,2,-99,-99,0.214,none,0,0,none,0,0,-99,-99,none,-99,-99
2018,MX,4,E,4,4,1.936,0,-99,-99,0,0,-99,-99,0,none,0,0,none,0,0,-99,-99,none,-99,-99
2018,MX,4,E,5,2,0.89,0,-99,-99,0,0,-99,-99,0,none,0,0,none,0,0,-99,-99,none,-99,-99
2018,MX,5,C,1,3,0.905,0,-99,-99,0,4,-99,-99,1.032,none,0,0,none,0,0,-99,-99,none,-99,-99
2018,MX,5,C,2,1,0.727,0,-99,-99,0,5,-99,-99,1.346,none,0,0,none,0,0,-99,-99,none,-99,-99
2018,MX,5,C,3,2,0.695,1,-99,-99,0.224,4,-99,-99,0.483,none,0,0,none,0,0,-99,-99,none,-99,-99
2018,MX,5,C,4,4,1.44,0,-99,-99,0,2,-99,-99,0.332,none,0,0,none,0,0,-99,-99,none,-99,-99
2018,MX,5,C,5,1,0.793,1,-99,-99,0.387,7,-99,-99,1.201,none,0,0,none,0,0,-99,-99,none,-99,-99
2018,MX,6,A,1,3,1.216,0,-99,-99,0,1,-99,-99,0.106,none,0,0,none,0,0,-99,-99,none,-99,-99
2018,MX,6,A,2,2,0.671,0,-99,-99,0,2,-99,-99,0.451,none,0,0,none,0,0,-99,-99,none,-99,-99
2018,MX,6,A,3,4,2.321,0,-99,-99,0,1,-99,-99,0.186,none,0,0,none,0,0,-99,-99,none,-99,-99
2018,MX,6,A,4,3,1.447,0,-99,-99,0,2,-99,-99,0.321,none,0,0,none,0,0,-99,-99,none,-99,-99
2018,MX,6,A,5,3,0.546,0,-99,-99,0,1,-99,-99,0.125,none,0,0,none,0,0,-99,-99,none,-99,-99
2018,MX,7,C,1,1,0.095,3,-99,-99,0.155,0,-99,-99,0,none,0,0,none,0,0,-99,-99,none,-99,-99
2018,MX,7,C,2,1,0.466,17,-99,-99,3.065,2,-99,-99,0.041,none,0,0,none,0,0,-99,-99,none,-99,-99
2018,MX,7,C,3,0,0,21,-99,-99,2.701,5,-99,-99,0.333,none,0,0,none,0,0,-99,-99,none,-99,-99
2018,MX,7,C,4,0,0,2,-99,-99,0.353,6,-99,-99,0.439,none,0,0,none,0,0,-99,-99,none,-99,-99
2018,MX,7,C,5,0,0,7,-99,-99,1.009,3,-99,-99,0.381,none,0,0,none,0,0,-99,-99,none,-99,-99
2018,MX,8,E,1,1,0.793,3,-99,-99,0.214,2,-99,-99,0.226,none,0,0,none,0,0,-99,-99,none,-99,-99
2018,MX,8,E,2,5,1.556,0,-99,-99,0,2,-99,-99,0.504,none,0,0,none,0,0,-99,-99,none,-99,-99
2018,MX,8,E,3,0,0,0,-99,-99,0,0,-99,-99,0,none,0,0,none,0,0,-99,-99,none,-99,-99
2018,MX,8,E,4,3,0.635,2,-99,-99,0.147,3,-99,-99,0.413,none,0,0,none,0,0,-99,-99,none,-99,-99
2018,MX,8,E,5,3,0.381,0,-99,-99,0,0,-99,-99,0,none,0,0,none,0,0,-99,-99,none,-99,-99
2018,MX,9,A,1,5,1.741,2,-99,-99,0.391,1,-99,-99,0.076,none,0,0,none,0,0,-99,-99,none,-99,-99
2018,MX,9,A,2,5,1.805,3,-99,-99,0.379,0,-99,-99,0,none,0,0,none,0,0,-99,-99,none,-99,-99
2018,MX,9,A,3,0,0,4,-99,-99,0.336,5,-99,-99,0.555,none,0,0,none,0,0,-99,-99,none,-99,-99
2018,MX,9,A,4,1,0.27,1,-99,-99,0.013,0,-99,-99,0,none,0,0,none,0,0,-99,-99,none,-99,-99
2018,MX,9,A,5,1,0.108,0,-99,-99,0,1,-99,-99,0.064,none,0,0,none,0,0,-99,-99,none,-99,-99
2018,MX,10,C,1,2,0.294,31,-99,-99,3.635,1,-99,-99,0.148,none,0,0,none,0,0,-99,-99,none,-99,-99
2018,MX,10,C,2,2,0.911,10,-99,-99,1.222,3,-99,-99,0.491,none,0,0,none,0,0,-99,-99,none,-99,-99
2018,MX,10,C,3,0,0,15,-99,-99,2.056,3,-99,-99,0.353,none,0,0,none,0,0,-99,-99,none,-99,-99
2018,MX,10,C,4,2,0.067,34,-99,-99,3.591,5,-99,-99,0.451,none,0,0,none,0,0,-99,-99,none,-99,-99
2018,MX,10,C,5,0,0,8,-99,-99,1.069,8,-99,-99,1.089,none,0,0,none,0,0,-99,-99,none,-99,-99
2018,MX,11,E,1,5,0.85,0,-99,-99,0,0,-99,-99,0,none,0,0,none,0,0,-99,-99,none,-99,-99
2018,MX,11,E,2,4,1.961,6,-99,-99,1.097,2,-99,-99,0.174,none,0,0,none,0,0,-99,-99,none,-99,-99
2018,MX,11,E,3,0,0,1,-99,-99,0.08,0,-99,-99,0,none,0,0,none,0,0,-99,-99,none,-99,-99
2018,MX,11,E,4,1,0.214,1,-99,-99,0.255,0,-99,-99,0,none,0,0,none,0,0,-99,-99,none,-99,-99
2018,MX,11,E,5,1,0.383,0,-99,-99,0,0,-99,-99,0,none,0,0,none,0,0,-99,-99,none,-99,-99
2018,MX,12,A,1,4,1.696,0,-99,-99,0,3,-99,-99,0.477,none,0,0,none,0,0,-99,-99,none,-99,-99
2018,MX,12,A,2,3,1.253,0,-99,-99,0,0,-99,-99,0,none,0,0,none,0,0,-99,-99,none,-99,-99
2018,MX,12,A,3,0,0,0,-99,-99,0,1,-99,-99,0.053,none,0,0,none,0,0,-99,-99,none,-99,-99
2018,MX,12,A,4,3,1.086,0,-99,-99,0,0,-99,-99,0,none,0,0,none,0,0,-99,-99,none,-99,-99
2018,MX,12,A,5,4,0.634,0,-99,-99,0,0,-99,-99,0,none,0,0,none,0,0,-99,-99,none,-99,-99
2018,MX,13,E,1,2,0.558,2,-99,-99,0.368,0,-99,-99,0,none,0,0,none,0,0,-99,-99,none,-99,-99
2018,MX,13,E,2,1,0.411,1,-99,-99,0.072,0,-99,-99,0,none,0,0,none,0,0,-99,-99,none,-99,-99
2018,MX,13,E,3,3,0.594,0,-99,-99,0,2,-99,-99,0.524,none,0,0,none,0,0,-99,-99,none,-99,-99
2018,MX,13,E,4,2,0.195,1,-99,-99,0.319,0,-99,-99,0,none,0,0,none,0,0,-99,-99,none,-99,-99
2018,MX,13,E,5,4,1.539,2,-99,-99,0.699,0,-99,-99,0,none,0,0,none,0,0,-99,-99,none,-99,-99
2018,MX,14,C,1,1,0.433,7,-99,-99,1.041,0,-99,-99,0,none,0,0,none,0,0,-99,-99,none,-99,-99
2018,MX,14,C,2,1,0.166,4,-99,-99,0.563,3,-99,-99,0.34,none,0,0,none,0,0,-99,-99,none,-99,-99
2018,MX,14,C,3,0,0,14,-99,-99,2.253,0,-99,-99,0,none,0,0,none,0,0,-99,-99,none,-99,-99
2018,MX,14,C,4,2,1.119,12,-99,-99,2.172,0,-99,-99,0,none,0,0,none,0,0,-99,-99,none,-99,-99
2018,MX,14,C,5,2,0.564,24,-99,-99,3.787,1,-99,-99,0.0092,none,0,0,none,0,0,-99,-99,none,-99,-99
2018,MX,15,A,1,1,0.512,0,-99,-99,0,0,-99,-99,0,none,0,0,none,0,0,-99,-99,none,-99,-99
2018,MX,15,A,2,1,0.971,2,-99,-99,0.431,0,-99,-99,0,none,0,0,none,0,0,-99,-99,none,-99,-99
2018,MX,15,A,3,0,0,1,-99,-99,0.244,1,-99,-99,0.299,none,0,0,none,0,0,-99,-99,none,-99,-99
2018,MX,15,A,4,0,0,1,-99,-99,0.083,1,-99,-99,0.439,none,0,0,none,0,0,-99,-99,none,-99,-99
2018,MX,15,A,5,0,0,0,-99,-99,0,0,-99,-99,0,none,0,0,none,0,0,-99,-99,none,-99,-99
2018,SC,1,E,1,3,1.443,0,-99,-99,0,0,-99,-99,0,none,0,0,none,0,0,-99,-99,none,-99,-99
2018,SC,1,E,2,0,0,0,-99,-99,0,0,-99,-99,0,none,0,0,none,0,0,-99,-99,none,-99,-99
2018,SC,1,E,3,2,0.462,0,-99,-99,0,0,-99,-99,0,none,0,0,none,0,0,-99,-99,none,-99,-99
2018,SC,1,E,4,2,1.212,0,-99,-99,0,0,-99,-99,0,none,0,0,none,0,0,-99,-99,none,-99,-99
2018,SC,1,E,5,3,1.327,0,-99,-99,0,0,-99,-99,0,none,0,0,none,0,0,-99,-99,none,-99,-99
2018,SC,2,A,1,4,3.488,0,-99,-99,0,0,-99,-99,0,none,0,0,none,0,0,-99,-99,none,-99,-99
2018,SC,2,A,2,4,1.616,0,-99,-99,0,0,-99,-99,0,none,0,0,none,0,0,-99,-99,none,-99,-99
2018,SC,2,A,3,0,0,0,-99,-99,0,0,-99,-99,0,none,0,0,none,0,0,-99,-99,none,-99,-99
2018,SC,2,A,4,2,1.613,0,-99,-99,0,2,-99,-99,0.311,none,0,0,none,0,0,-99,-99,none,-99,-99
2018,SC,2,A,5,1,0.359,0,-99,-99,0,3,-99,-99,0.398,none,0,0,none,0,0,-99,-99,none,-99,-99
2018,SC,3,C,1,0,0,2,-99,-99,0.197,0,-99,-99,0,none,0,0,none,0,0,-99,-99,none,-99,-99
2018,SC,3,C,2,1,0.132,3,-99,-99,0.261,0,-99,-99,0,none,0,0,none,0,0,-99,-99,none,-99,-99
2018,SC,3,C,3,1,0.16,2,-99,-99,0.49,0,-99,-99,0,none,0,0,none,0,0,-99,-99,none,-99,-99
2018,SC,3,C,4,1,0.769,2,-99,-99,0.301,0,-99,-99,0,none,0,0,none,0,0,-99,-99,none,-99,-99
2018,SC,3,C,5,3,2.234,8,-99,-99,1.074,0,-99,-99,0,none,0,0,none,0,0,-99,-99,none,-99,-99
2018,SC,4,A,1,3,2.783,0,-99,-99,0,2,-99,-99,0.747,none,0,0,none,0,0,-99,-99,none,-99,-99
2018,SC,4,A,2,7,8.431,0,-99,-99,0,1,-99,-99,0.267,none,0,0,none,0,0,-99,-99,none,-99,-99
2018,SC,4,A,3,1,0.912,0,-99,-99,0,1,-99,-99,0.311,none,0,0,none,0,0,-99,-99,none,-99,-99
2018,SC,4,A,4,5,2.249,0,-99,-99,0,0,-99,-99,0,none,0,0,none,0,0,-99,-99,none,-99,-99
2018,SC,4,A,5,2,1.4,0,-99,-99,0,1,-99,-99,0.666,none,0,0,none,0,0,-99,-99,none,-99,-99
2018,SC,5,C,1,1,0.511,4,-99,-99,0.602,0,-99,-99,0,none,0,0,none,0,0,-99,-99,none,-99,-99
2018,SC,5,C,2,1,0.694,4,-99,-99,1.039,0,-99,-99,0,none,0,0,none,0,0,-99,-99,none,-99,-99
2018,SC,5,C,3,1,0.254,21,-99,-99,4.493,0,-99,-99,0,none,0,0,none,0,0,-99,-99,none,-99,-99
2018,SC,5,C,4,0,0,0,-99,-99,0,0,-99,-99,0,none,0,0,none,0,0,-99,-99,none,-99,-99
2018,SC,5,C,5,1,0.434,5,-99,-99,1.092,0,-99,-99,0,none,0,0,none,0,0,-99,-99,none,-99,-99
2018,SC,6,E,1,0,0,0,-99,-99,0,0,-99,-99,0,none,0,0,none,0,0,-99,-99,none,-99,-99
2018,SC,6,E,2,1,0.437,0,-99,-99,0,0,-99,-99,0,none,0,0,none,0,0,-99,-99,none,-99,-99
2018,SC,6,E,3,5,1.378,0,-99,-99,0,0,-99,-99,0,none,0,0,none,0,0,-99,-99,none,-99,-99
2018,SC,6,E,4,5,1.584,0,-99,-99,0,0,-99,-99,0,none,0,0,none,0,0,-99,-99,none,-99,-99
2018,SC,6,E,5,2,0.516,0,-99,-99,0,0,-99,-99,0,none,0,0,none,0,0,-99,-99,none,-99,-99
2018,SC,7,C,1,4,1.786,7,-99,-99,0.976,1,-99,-99,0.066,none,0,0,none,0,0,-99,-99,none,-99,-99
2018,SC,7,C,2,0,0,3,-99,-99,0.761,0,-99,-99,0,none,0,0,none,0,0,-99,-99,none,-99,-99
2018,SC,7,C,3,3,2.239,0,-99,-99,0,6,-99,-99,1.073,none,0,0,none,0,0,-99,-99,none,-99,-99
2018,SC,7,C,4,2,1.797,4,-99,-99,0.853,0,-99,-99,0,none,0,0,none,0,0,-99,-99,none,-99,-99
2018,SC,7,C,5,2,0.997,5,-99,-99,0.87,0,-99,-99,0,none,0,0,none,0,0,-99,-99,none,-99,-99
2018,SC,8,A,1,3,1.48,0,-99,-99,0,0,-99,-99,0,none,0,0,none,0,0,-99,-99,none,-99,-99
2018,SC,8,A,2,0,0,0,-99,-99,0,0,-99,-99,0,none,0,0,none,0,0,-99,-99,none,-99,-99
2018,SC,8,A,3,2,1.556,0,-99,-99,0,2,-99,-99,0.366,none,0,0,none,0,0,-99,-99,none,-99,-99
2018,SC,8,A,4,4,1.358,0,-99,-99,0,0,-99,-99,0,none,0,0,none,0,0,-99,-99,none,-99,-99
2018,SC,8,A,5,2,0.349,0,-99,-99,0,0,-99,-99,0,none,0,0,none,0,0,-99,-99,none,-99,-99
2018,SC,9,E,1,1,0.539,0,-99,-99,0,0,-99,-99,0,none,0,0,none,0,0,-99,-99,none,-99,-99
2018,SC,9,E,2,3,1.867,0,-99,-99,0,0,-99,-99,0,none,0,0,none,0,0,-99,-99,none,-99,-99
2018,SC,9,E,3,2,0.522,0,-99,-99,0,3,-99,-99,0.846,none,0,0,none,0,0,-99,-99,none,-99,-99
2018,SC,9,E,4,2,1.056,0,-99,-99,0,0,-99,-99,0,none,0,0,none,0,0,-99,-99,none,-99,-99
2018,SC,9,E,5,4,2.317,0,-99,-99,0,0,-99,-99,0,none,0,0,none,0,0,-99,-99,none,-99,-99
2018,SC,10,E,1,1,0.355,0,-99,-99,0,0,-99,-99,0,none,0,0,none,0,0,-99,-99,none,-99,-99
2018,SC,10,E,2,3,1.182,0,-99,-99,0,3,-99,-99,0.289,none,0,0,none,0,0,-99,-99,none,-99,-99
2018,SC,10,E,3,0,0,0,-99,-99,0,0,-99,-99,0,none,0,0,none,0,0,-99,-99,none,-99,-99
2018,SC,10,E,4,5,2.6,0,-99,-99,0,0,-99,-99,0,none,0,0,none,0,0,-99,-99,none,-99,-99
2018,SC,10,E,5,2,1.101,0,-99,-99,0,0,-99,-99,0,none,0,0,none,0,0,-99,-99,none,-99,-99
2018,SC,11,C,1,1,0.616,6,-99,-99,1.031,3,-99,-99,0.576,none,0,0,none,0,0,-99,-99,none,-99,-99
2018,SC,11,C,2,1,0.568,0,-99,-99,0,0,-99,-99,0,none,0,0,none,0,0,-99,-99,none,-99,-99
2018,SC,11,C,3,0,0,9,-99,-99,1.902,5,-99,-99,0.694,none,0,0,none,0,0,-99,-99,none,-99,-99
2018,SC,11,C,4,0,0,8,-99,-99,1.877,9,-99,-99,0.94,none,0,0,none,0,0,-99,-99,none,-99,-99
2018,SC,11,C,5,2,1.53,3,-99,-99,0.586,0,-99,-99,0,none,0,0,none,0,0,-99,-99,none,-99,-99
2018,SC,12,A,1,2,2.405,1,-99,-99,0.083,0,-99,-99,0,none,0,0,none,0,0,-99,-99,none,-99,-99
2018,SC,12,A,2,2,2.647,0,-99,-99,0,0,-99,-99,0,none,0,0,none,0,0,-99,-99,none,-99,-99
2018,SC,12,A,3,3,0.981,0,-99,-99,0,0,-99,-99,0,none,0,0,none,0,0,-99,-99,none,-99,-99
2018,SC,12,A,4,2,0.893,0,-99,-99,0,1,-99,-99,0.206,none,0,0,none,0,0,-99,-99,none,-99,-99
2018,SC,12,A,5,1,1.341,0,-99,-99,0,0,-99,-99,0,none,0,0,none,0,0,-99,-99,none,-99,-99
2018,SC,13,C,1,1,0.386,8,-99,-99,1.253,0,-99,-99,0,none,0,0,none,0,0,-99,-99,none,-99,-99
2018,SC,13,C,2,0,0,4,-99,-99,1.019,1,-99,-99,0.221,none,0,0,none,0,0,-99,-99,none,-99,-99
2018,SC,13,C,3,5,4.558,17,-99,-99,2.398,0,-99,-99,0,none,0,0,none,0,0,-99,-99,none,-99,-99
2018,SC,13,C,4,0,0,3,-99,-99,0.323,0,-99,-99,0,none,0,0,none,0,0,-99,-99,none,-99,-99
2018,SC,13,C,5,4,2.984,0,-99,-99,0,4,-99,-99,0.709,none,0,0,none,0,0,-99,-99,none,-99,-99
2018,SC,14,E,1,1,0.314,0,-99,-99,0,0,-99,-99,0,none,0,0,none,0,0,-99,-99,none,-99,-99
2018,SC,14,E,2,5,3.446,0,-99,-99,0,1,-99,-99,0.233,none,0,0,none,0,0,-99,-99,none,-99,-99
2018,SC,14,E,3,2,1.413,0,-99,-99,0,0,-99,-99,0,none,0,0,none,0,0,-99,-99,none,-99,-99
2018,SC,14,E,4,1,0.183,0,-99,-99,0,0,-99,-99,0,none,0,0,none,0,0,-99,-99,none,-99,-99
2018,SC,14,E,5,1,0.402,0,-99,-99,0,0,-99,-99,0,none,0,0,none,0,0,-99,-99,none,-99,-99
2018,SC,15,A,1,0,0,0,-99,-99,0,1,-99,-99,0.294,none,0,0,none,0,0,-99,-99,none,-99,-99
2018,SC,15,A,2,4,1.412,0,-99,-99,0,0,-99,-99,0,none,0,0,none,0,0,-99,-99,none,-99,-99
2018,SC,15,A,3,6,4.578,1,-99,-99,0.055,2,-99,-99,0.21,none,0,0,none,0,0,-99,-99,none,-99,-99
2018,SC,15,A,4,1,0.203,7,-99,-99,1.253,5,-99,-99,0.874,none,0,0,none,0,0,-99,-99,none,-99,-99
2018,SC,15,A,5,2,1.038,1,-99,-99,0.276,0,-99,-99,0,none,0,0,none,0,0,-99,-99,none,-99,-99
2018,SP,1,E,1,0,0,0,-99,-99,0,0,-99,-99,0,none,0,0,none,0,0,-99,-99,none,-99,-99
2018,SP,1,E,2,1,0.162,0,-99,-99,0,0,-99,-99,0,none,0,0,none,0,0,-99,-99,none,-99,-99
2018,SP,1,E,3,1,0.191,0,-99,-99,0,9,-99,-99,1.298,none,0,0,none,0,0,-99,-99,none,-99,-99
2018,SP,1,E,4,1,0.4,0,-99,-99,0,0,-99,-99,0,SOSE,1,3.427,none,0,0,-99,-99,none,-99,-99
2018,SP,1,E,5,1,0.076,0,-99,-99,0,0,-99,-99,0,none,0,0,none,0,0,-99,-99,none,-99,-99
2018,SP,2,A,1,0,0,3,-99,-99,0.83,0,-99,-99,0,none,0,0,none,0,0,-99,-99,none,-99,-99
2018,SP,2,A,2,0,0,2,-99,-99,0.608,0,-99,-99,0,none,0,0,none,0,0,-99,-99,none,-99,-99
2018,SP,2,A,3,0,0,3,-99,-99,0.124,0,-99,-99,0,none,0,0,none,0,0,-99,-99,none,-99,-99
2018,SP,2,A,4,0,0,1,-99,-99,0.383,0,-99,-99,0,none,0,0,none,0,0,-99,-99,none,-99,-99
2018,SP,2,A,5,0,0,5,-99,-99,0.995,0,-99,-99,0,none,0,0,none,0,0,-99,-99,none,-99,-99
2018,SP,3,C,1,1,0.458,1,-99,-99,0.041,0,-99,-99,0,none,0,0,none,0,0,-99,-99,none,-99,-99
2018,SP,3,C,2,0,0,22,-99,-99,4.227,0,-99,-99,0,none,0,0,none,0,0,-99,-99,none,-99,-99
2018,SP,3,C,3,1,0.725,6,-99,-99,1.659,0,-99,-99,0,none,0,0,none,0,0,-99,-99,none,-99,-99
2018,SP,3,C,4,0,0,3,-99,-99,0.931,0,-99,-99,0,none,0,0,none,0,0,-99,-99,none,-99,-99
2018,SP,3,C,5,1,0.071,16,-99,-99,5.042,0,-99,-99,0,none,0,0,none,0,0,-99,-99,none,-99,-99
2018,SP,4,E,1,0,0,0,-99,-99,0,0,-99,-99,0,POHY,1,0.475,none,0,0,-99,-99,none,-99,-99
2018,SP,4,E,2,0,0,3,-99,-99,0.599,0,-99,-99,0,POHY,2,0.215,none,0,0,-99,-99,none,-99,-99
2018,SP,4,E,3,0,0,7,-99,-99,1.427,0,-99,-99,0,POHY,1,0.393,none,0,0,-99,-99,none,-99,-99
2018,SP,4,E,4,0,0,4,-99,-99,1.627,0,-99,-99,0,none,0,0,none,0,0,-99,-99,none,-99,-99
2018,SP,4,E,5,0,0,2,-99,-99,0.213,0,-99,-99,0,none,0,0,none,0,0,-99,-99,none,-99,-99
2018,SP,5,A,1,0,0,2,-99,-99,0.341,0,-99,-99,0,none,0,0,none,0,0,-99,-99,none,-99,-99
2018,SP,5,A,2,0,0,2,-99,-99,0.304,0,-99,-99,0,none,0,0,none,0,0,-99,-99,none,-99,-99
2018,SP,5,A,3,0,0,1,-99,-99,0.051,0,-99,-99,0,none,0,0,none,0,0,-99,-99,none,-99,-99
2018,SP,5,A,4,0,0,11,-99,-99,2.84,0,-99,-99,0,none,0,0,none,0,0,-99,-99,none,-99,-99
2018,SP,5,A,5,0,0,4,-99,-99,1.192,0,-99,-99,0,none,0,0,none,0,0,-99,-99,none,-99,-99
2018,SP,6,C,1,1,0.532,3,-99,-99,0.935,0,-99,-99,0,none,0,0,none,0,0,-99,-99,none,-99,-99
2018,SP,6,C,2,0,0,2,-99,-99,0.385,0,-99,-99,0,none,0,0,none,0,0,-99,-99,none,-99,-99
2018,SP,6,C,3,0,0,18,-99,-99,4.539,0,-99,-99,0,SOSE,1,2.317,none,0,0,-99,-99,none,-99,-99
2018,SP,6,C,4,1,0.238,6,-99,-99,0.669,0,-99,-99,0,none,0,0,none,0,0,-99,-99,none,-99,-99
2018,SP,6,C,5,0,0,13,-99,-99,1.729,0,-99,-99,0,none,0,0,none,0,0,-99,-99,none,-99,-99
2018,SP,7,C,1,0,0,10,-99,-99,1.598,0,-99,-99,0,none,0,0,none,0,0,-99,-99,none,-99,-99
2018,SP,7,C,2,4,0.732,9,-99,-99,1.302,0,-99,-99,0,none,0,0,none,0,0,-99,-99,none,-99,-99
2018,SP,7,C,3,0,0,4,-99,-99,0.534,0,-99,-99,0,none,0,0,none,0,0,-99,-99,none,-99,-99
2018,SP,7,C,4,0,0,3,-99,-99,0.569,0,-99,-99,0,none,0,0,none,0,0,-99,-99,none,-99,-99
2018,SP,7,C,5,1,0.215,9,-99,-99,0.988,0,-99,-99,0,none,0,0,none,0,0,-99,-99,none,-99,-99
2018,SP,8,E,1,1,0.189,0,-99,-99,0,0,-99,-99,0,none,0,0,none,0,0,-99,-99,none,-99,-99
2018,SP,8,E,2,2,0.935,1,-99,-99,0.139,0,-99,-99,0,none,0,0,none,0,0,-99,-99,none,-99,-99
2018,SP,8,E,3,0,0,8,-99,-99,0.708,0,-99,-99,0,none,0,0,none,0,0,-99,-99,none,-99,-99
2018,SP,8,E,4,4,1.043,1,-99,-99,0.3,0,-99,-99,0,none,0,0,none,0,0,-99,-99,none,-99,-99
2018,SP,8,E,5,0,0,11,-99,-99,1.826,0,-99,-99,0,none,0,0,none,0,0,-99,-99,none,-99,-99
2018,SP,9,A,1,3,1.326,2,-99,-99,0.493,1,-99,-99,0.1,POHY,1,0.0267,none,0,0,-99,-99,none,-99,-99
2018,SP,9,A,2,2,0.595,5,-99,-99,1.025,0,-99,-99,0,none,0,0,none,0,0,-99,-99,none,-99,-99
2018,SP,9,A,3,1,0.58,0,-99,-99,0,0,-99,-99,0,none,0,0,none,0,0,-99,-99,none,-99,-99
2018,SP,9,A,4,4,1.846,4,-99,-99,0.706,0,-99,-99,0,none,0,0,none,0,0,-99,-99,none,-99,-99
2018,SP,9,A,5,0,0,0,-99,-99,0,0,-99,-99,0,none,0,0,none,0,0,-99,-99,none,-99,-99
2018,SP,10,E,1,2,1.29,1,-99,-99,0.034,1,-99,-99,0.164,none,0,0,none,0,0,-99,-99,none,-99,-99
2018,SP,10,E,2,2,0.865,0,-99,-99,0,1,-99,-99,0.117,none,0,0,none,0,0,-99,-99,none,-99,-99
2018,SP,10,E,3,2,0.092,0,-99,-99,0,5,-99,-99,0.783,none,0,0,none,0,0,-99,-99,none,-99,-99
2018,SP,10,E,4,0,0,0,-99,-99,0,2,-99,-99,0.189,none,0,0,none,0,0,-99,-99,none,-99,-99
2018,SP,10,E,5,3,2.19,0,-99,-99,0,0,-99,-99,0,none,0,0,none,0,0,-99,-99,none,-99,-99
2018,SP,11,A,1,2,0.425,9,-99,-99,1.387,0,-99,-99,0,none,0,0,none,0,0,-99,-99,none,-99,-99
2018,SP,11,A,2,2,0.674,2,-99,-99,0.258,0,-99,-99,0,none,0,0,none,0,0,-99,-99,none,-99,-99
2018,SP,11,A,3,2,0.404,2,-99,-99,0.2,3,-99,-99,0.459,none,0,0,none,0,0,-99,-99,none,-99,-99
2018,SP,11,A,4,0,0,2,-99,-99,0.396,0,-99,-99,0,none,0,0,none,0,0,-99,-99,none,-99,-99
2018,SP,11,A,5,0,0,5,-99,-99,0,0,-99,-99,0,none,0,0,none,0,0,-99,-99,none,-99,-99
2018,SP,12,C,1,1,0.26,8,-99,-99,1.359,0,-99,-99,0,none,0,0,none,0,0,-99,-99,none,-99,-99
2018,SP,12,C,2,2,0.259,11,-99,-99,1.39,0,-99,-99,0,none,0,0,none,0,0,-99,-99,none,-99,-99
2018,SP,12,C,3,0,0,10,-99,-99,1.43,0,-99,-99,0,none,0,0,none,0,0,-99,-99,none,-99,-99
2018,SP,12,C,4,0,0,14,-99,-99,2.743,0,-99,-99,0,none,0,0,none,0,0,-99,-99,none,-99,-99
2018,SP,12,C,5,2,0.427,15,-99,-99,2.718,0,-99,-99,0,none,0,0,none,0,0,-99,-99,none,-99,-99
2018,SP,13,A,1,2,2.237,0,-99,-99,0,0,-99,-99,0,none,0,0,none,0,0,-99,-99,none,-99,-99
2018,SP,13,A,2,0,0,2,-99,-99,0.362,0,-99,-99,0,none,0,0,none,0,0,-99,-99,none,-99,-99
2018,SP,13,A,3,3,2.249,0,-99,-99,0,0,-99,-99,0,none,0,0,none,0,0,-99,-99,none,-99,-99
2018,SP,13,A,4,0,0,0,-99,-99,0,0,-99,-99,0,none,0,0,none,0,0,-99,-99,none,-99,-99
2018,SP,13,A,5,2,1.818,0,-99,-99,0,0,-99,-99,0,none,0,0,none,0,0,-99,-99,none,-99,-99
2018,SP,14,E,1,5,1.679,0,-99,-99,0,0,-99,-99,0,none,0,0,none,0,0,-99,-99,none,-99,-99
2018,SP,14,E,2,1,0.701,1,-99,-99,0.19,0,-99,-99,0,none,0,0,none,0,0,-99,-99,none,-99,-99
2018,SP,14,E,3,1,0.247,0,-99,-99,0,0,-99,-99,0,none,0,0,none,0,0,-99,-99,none,-99,-99
2018,SP,14,E,4,2,1.133,0,-99,-99,0,0,-99,-99,0,none,0,0,none,0,0,-99,-99,none,-99,-99
2018,SP,14,E,5,3,1.45,0,-99,-99,0,0,-99,-99,0,none,0,0,none,0,0,-99,-99,none,-99,-99
2018,SP,15,C,1,2,1.366,1,-99,-99,0.101,0,-99,-99,0,none,0,0,none,0,0,-99,-99,none,-99,-99
2018,SP,15,C,2,1,0.437,8,-99,-99,1.037,0,-99,-99,0,none,0,0,none,0,0,-99,-99,none,-99,-99
2018,SP,15,C,3,1,0.429,7,-99,-99,1.323,0,-99,-99,0,none,0,0,none,0,0,-99,-99,none,-99,-99
2018,SP,15,C,4,0,0,0,-99,-99,0,0,-99,-99,0,none,0,0,none,0,0,-99,-99,none,-99,-99
2018,SP,15,C,5,1,0.147,7,-99,-99,1.086,0,-99,-99,0,none,0,0,none,0,0,-99,-99,none,-99,-99
2019,MX,1,E,1,2,0.396,0,-99,-99,0,0,-99,-99,0,AMCA,2,0.109,none,0,0,-99,-99,none,-99,-99
2019,MX,1,E,2,2,0.859,0,-99,-99,0,0,-99,-99,0,none,0,0,none,0,0,-99,-99,none,-99,-99
2019,MX,1,E,3,3,1.616,5,-99,-99,0.314,0,-99,-99,0,none,0,0,none,0,0,-99,-99,none,-99,-99
2019,MX,1,E,4,0,0,2,-99,-99,0.448,0,-99,-99,0,none,0,0,none,0,0,-99,-99,none,-99,-99
2019,MX,1,E,5,4,1.398,1,-99,-99,0.157,0,-99,-99,0,none,0,0,none,0,0,-99,-99,none,-99,-99
2019,MX,2,A,1,0,0,4,-99,-99,0.424,1,-99,-99,0.177,none,0,0,none,0,0,-99,-99,none,-99,-99
2019,MX,2,A,2,1,0.329,0,-99,-99,0,0,-99,-99,0,none,0,0,none,0,0,-99,-99,none,-99,-99
2019,MX,2,A,3,1,0.292,0,-99,-99,0,0,-99,-99,0,none,0,0,none,0,0,-99,-99,none,-99,-99
2019,MX,2,A,4,1,0.543,0,-99,-99,0,1,-99,-99,0.128,none,0,0,none,0,0,-99,-99,none,-99,-99
2019,MX,2,A,5,3,2.216,0,-99,-99,0,0,-99,-99,0,none,0,0,none,0,0,-99,-99,none,-99,-99
2019,MX,3,C,1,4,1.277,1,-99,-99,0.141,5,-99,-99,0.538,POHY,1,1.136,none,0,0,-99,-99,none,-99,-99
2019,MX,3,C,2,2,2.069,0,-99,-99,0,0,-99,-99,0,none,0,0,none,0,0,-99,-99,none,-99,-99
2019,MX,3,C,3,2,1.581,0,-99,-99,0,0,-99,-99,0,none,0,0,none,0,0,-99,-99,none,-99,-99
2019,MX,3,C,4,0,0,1,-99,-99,0.247,5,-99,-99,0.683,none,0,0,none,0,0,-99,-99,none,-99,-99
2019,MX,3,C,5,1,0.071,4,-99,-99,0.39,14,-99,-99,2.09,none,0,0,none,0,0,-99,-99,none,-99,-99
2019,MX,4,E,1,1,0.523,0,-99,-99,0,0,-99,-99,0,none,0,0,none,0,0,-99,-99,none,-99,-99
2019,MX,4,E,2,2,0.814,0,-99,-99,0,0,-99,-99,0,none,0,0,none,0,0,-99,-99,none,-99,-99
2019,MX,4,E,3,2,0.543,0,-99,-99,0,0,-99,-99,0,none,0,0,none,0,0,-99,-99,none,-99,-99
2019,MX,4,E,4,4,4.634,0,-99,-99,0,0,-99,-99,0,none,0,0,none,0,0,-99,-99,none,-99,-99
2019,MX,4,E,5,3,1.483,0,-99,-99,0,0,-99,-99,0,none,0,0,none,0,0,-99,-99,none,-99,-99
2019,MX,5,C,1,2,0.669,0,-99,-99,0,11,-99,-99,1.823,POHY,3,0.123,none,0,0,-99,-99,none,-99,-99
2019,MX,5,C,2,1,0.167,0,-99,-99,0,5,-99,-99,0.84,AMCA,5,0.258,none,0,0,-99,-99,none,-99,-99
2019,MX,5,C,3,0,0.304,4,-99,-99,0.959,0,-99,-99,0,POHY,1,0.102,AMCA,4,0.511,-99,-99,none,-99,-99
2019,MX,5,C,4,0,0,0,-99,-99,0,3,-99,-99,0.449,POHY,1,0.134,none,0,0,-99,-99,none,-99,-99
2019,MX,5,C,5,2,0.216,1,-99,-99,0.153,1,-99,-99,0.062,AMCA,1,0.331,none,0,0,-99,-99,none,-99,-99
2019,MX,6,A,1,3,0.832,1,-99,-99,0.23,2,-99,-99,0.398,none,0,0,none,0,0,-99,-99,none,-99,-99
2019,MX,6,A,2,4,2.879,3,-99,-99,0.102,0,-99,-99,0,none,0,0,none,0,0,-99,-99,none,-99,-99
2019,MX,6,A,3,1,0.507,0,-99,-99,0,3,-99,-99,0.138,none,0,0,none,0,0,-99,-99,none,-99,-99
2019,MX,6,A,4,5,3.813,0,-99,-99,0,0,-99,-99,0,none,0,0,none,0,0,-99,-99,none,-99,-99
2019,MX,6,A,5,4,2.395,0,-99,-99,0,3,-99,-99,0.45,none,0,0,none,0,0,-99,-99,none,-99,-99
2019,MX,7,C,1,0,0,1,-99,-99,0.085,2,-99,-99,0.209,none,0,0,none,0,0,-99,-99,none,-99,-99
2019,MX,7,C,2,0,0,5,-99,-99,1.352,0,-99,-99,0,none,0,0,none,0,0,-99,-99,none,-99,-99
2019,MX,7,C,3,1,0.125,4,-99,-99,0.53,3,-99,-99,0.441,none,0,0,none,0,0,-99,-99,none,-99,-99
2019,MX,7,C,4,1,0.462,2,-99,-99,0.214,0,-99,-99,0,none,0,0,none,0,0,-99,-99,none,-99,-99
2019,MX,7,C,5,0,0,10,-99,-99,1.973,2,-99,-99,0.153,none,0,0,none,0,0,-99,-99,none,-99,-99
2019,MX,8,E,1,2,0.56,0,-99,-99,0,2,-99,-99,0.384,none,0,0,none,0,0,-99,-99,none,-99,-99
2019,MX,8,E,2,3,1.298,0,-99,-99,0,2,-99,-99,0.21,none,0,0,none,0,0,-99,-99,none,-99,-99
2019,MX,8,E,3,1,0.487,0,-99,-99,0,0,-99,-99,0,none,0,0,none,0,0,-99,-99,none,-99,-99
2019,MX,8,E,4,0,0,0,-99,-99,0,2,-99,-99,0.172,none,0,0,none,0,0,-99,-99,none,-99,-99
2019,MX,8,E,5,0,0,4,-99,-99,0.389,3,-99,-99,0.743,none,0,0,none,0,0,-99,-99,none,-99,-99
2019,MX,9,A,1,1,0.52,1,-99,-99,0.078,0,-99,-99,0,none,0,0,none,0,0,-99,-99,none,-99,-99
2019,MX,9,A,2,0,0,0,-99,-99,0,1,-99,-99,0.021,none,0,0,none,0,0,-99,-99,none,-99,-99
2019,MX,9,A,3,1,0.462,0,-99,-99,0,0,-99,-99,0,none,0,0,none,0,0,-99,-99,none,-99,-99
2019,MX,9,A,4,1,0.113,2,-99,-99,0.237,1,-99,-99,0.104,none,0,0,none,0,0,-99,-99,none,-99,-99
2019,MX,9,A,5,3,1.303,0,-99,-99,0,1,-99,-99,0.062,none,0,0,none,0,0,-99,-99,none,-99,-99
2019,MX,10,C,1,3,1.033,8,-99,-99,0.782,3,-99,-99,0.182,none,0,0,none,0,0,-99,-99,none,-99,-99
2019,MX,10,C,2,1,0.082,0,-99,-99,0,0,-99,-99,0,none,0,0,none,0,0,-99,-99,none,-99,-99
2019,MX,10,C,3,1,1.263,2,-99,-99,0.298,2,-99,-99,0.314,none,0,0,none,0,0,-99,-99,none,-99,-99
2019,MX,10,C,4,0,0,12,-99,-99,1.945,1,-99,-99,0.215,none,0,0,none,0,0,-99,-99,none,-99,-99
2019,MX,10,C,5,1,0.173,20,-99,-99,1.501,0,-99,-99,0,none,0,0,none,0,0,-99,-99,none,-99,-99
2019,MX,11,E,1,4,2.066,0,-99,-99,0,1,-99,-99,0.101,none,0,0,none,0,0,-99,-99,none,-99,-99
2019,MX,11,E,2,3,1.469,4,-99,-99,0.655,2,-99,-99,0.142,none,0,0,none,0,0,-99,-99,none,-99,-99
2019,MX,11,E,3,3,1.583,0,-99,-99,0,0,-99,-99,0,none,0,0,none,0,0,-99,-99,none,-99,-99
2019,MX,11,E,4,1,0.496,1,-99,-99,0.076,0,-99,-99,0,none,0,0,none,0,0,-99,-99,none,-99,-99
2019,MX,11,E,5,1,0.719,8,-99,-99,0.915,0,-99,-99,0,none,0,0,none,0,0,-99,-99,none,-99,-99
2019,MX,12,A,1,8,6.115,0,-99,-99,0,0,-99,-99,0,none,0,0,none,0,0,-99,-99,none,-99,-99
2019,MX,12,A,2,0,0,0,-99,-99,0,2,-99,-99,0.096,none,0,0,none,0,0,-99,-99,none,-99,-99
2019,MX,12,A,3,2,0.839,0,-99,-99,0,3,-99,-99,0.323,none,0,0,none,0,0,-99,-99,none,-99,-99
2019,MX,12,A,4,2,1.034,0,-99,-99,0,0,-99,-99,0,none,0,0,none,0,0,-99,-99,none,-99,-99
2019,MX,12,A,5,8,4.768,0,-99,-99,0,0,-99,-99,0,none,0,0,none,0,0,-99,-99,none,-99,-99
2019,MX,13,E,1,5,1.685,2,-99,-99,0.324,0,-99,-99,0,none,0,0,none,0,0,-99,-99,none,-99,-99
2019,MX,13,E,2,2,0.523,3,-99,-99,0.555,0,-99,-99,0,none,0,0,none,0,0,-99,-99,none,-99,-99
2019,MX,13,E,3,1,0.375,5,-99,-99,0.554,0,-99,-99,0,none,0,0,none,0,0,-99,-99,none,-99,-99
2019,MX,13,E,4,1,0.462,0,-99,-99,0,1,-99,-99,0.161,none,0,0,none,0,0,-99,-99,none,-99,-99
2019,MX,13,E,5,1,0.341,6,-99,-99,0.992,2,-99,-99,0.563,none,0,0,none,0,0,-99,-99,none,-99,-99
2019,MX,14,C,1,2,1.517,1,-99,-99,0.087,2,-99,-99,0.296,none,0,0,none,0,0,-99,-99,none,-99,-99
2019,MX,14,C,2,0,0,4,-99,-99,0.567,2,-99,-99,0.263,none,0,0,none,0,0,-99,-99,none,-99,-99
2019,MX,14,C,3,0,0,9,-99,-99,1.529,0,-99,-99,0,none,0,0,none,0,0,-99,-99,none,-99,-99
2019,MX,14,C,4,1,0.638,11,-99,-99,1.492,4,-99,-99,0.474,none,0,0,none,0,0,-99,-99,none,-99,-99
2019,MX,14,C,5,1,0.424,1,-99,-99,0.474,0,-99,-99,0,none,0,0,none,0,0,-99,-99,none,-99,-99
2019,MX,15,A,1,2,0.368,0,-99,-99,0,0,-99,-99,0,none,0,0,none,0,0,-99,-99,none,-99,-99
2019,MX,15,A,2,4,1.886,0,-99,-99,0,2,-99,-99,0.287,none,0,0,none,0,0,-99,-99,none,-99,-99
2019,MX,15,A,3,0,0,1,-99,-99,0.011,0,-99,-99,0,none,0,0,none,0,0,-99,-99,none,-99,-99
2019,MX,15,A,4,3,2.216,0,-99,-99,0,0,-99,-99,0,none,0,0,none,0,0,-99,-99,none,-99,-99
2019,MX,15,A,5,2,1.652,0,-99,-99,0,2,-99,-99,0.54,none,0,0,none,0,0,-99,-99,none,-99,-99
2019,SC,1,E,1,1,0.757,0,-99,-99,0,0,-99,-99,0,none,0,0,none,0,0,-99,-99,none,-99,-99
2019,SC,1,E,2,3,2.901,0,-99,-99,0,0,-99,-99,0,none,0,0,none,0,0,-99,-99,none,-99,-99
2019,SC,1,E,3,1,0.798,0,-99,-99,0,0,-99,-99,0,none,0,0,none,0,0,-99,-99,none,-99,-99
2019,SC,1,E,4,4,0.995,0,-99,-99,0,0,-99,-99,0,none,0,0,none,0,0,-99,-99,none,-99,-99
2019,SC,1,E,5,3,1.561,0,-99,-99,0,0,-99,-99,0,none,0,0,none,0,0,-99,-99,none,-99,-99
2019,SC,2,A,1,4,3.234,0,-99,-99,0,0,-99,-99,0,none,0,0,none,0,0,-99,-99,none,-99,-99
2019,SC,2,A,2,2,2.062,0,-99,-99,0,0,-99,-99,0,none,0,0,none,0,0,-99,-99,none,-99,-99
2019,SC,2,A,3,2,1.365,0,-99,-99,0,0,-99,-99,0,none,0,0,none,0,0,-99,-99,none,-99,-99
2019,SC,2,A,4,3,2.428,0,-99,-99,0,0,-99,-99,0,none,0,0,none,0,0,-99,-99,none,-99,-99
2019,SC,2,A,5,1,1.085,0,-99,-99,0,0,-99,-99,0,none,0,0,none,0,0,-99,-99,none,-99,-99
2019,SC,3,C,1,0,0,3,-99,-99,0.344,0,-99,-99,0,none,0,0,none,0,0,-99,-99,none,-99,-99
2019,SC,3,C,2,0,0,11,-99,-99,0.914,1,-99,-99,0.295,none,0,0,none,0,0,-99,-99,none,-99,-99
2019,SC,3,C,3,1,0.241,3,-99,-99,0.084,0,-99,-99,0,none,0,0,none,0,0,-99,-99,none,-99,-99
2019,SC,3,C,4,1,1.066,0,-99,-99,0,0,-99,-99,0,none,0,0,none,0,0,-99,-99,none,-99,-99
2019,SC,3,C,5,1,0.487,3,-99,-99,0.042,0,-99,-99,0,none,0,0,none,0,0,-99,-99,none,-99,-99
2019,SC,4,A,1,3,3.016,0,-99,-99,0,0,-99,-99,0,none,0,0,none,0,0,-99,-99,none,-99,-99
2019,SC,4,A,2,0,0,0,-99,-99,0,0,-99,-99,0,none,0,0,none,0,0,-99,-99,none,-99,-99
2019,SC,4,A,3,3,4.909,0,-99,-99,0,0,-99,-99,0,none,0,0,none,0,0,-99,-99,none,-99,-99
2019,SC,4,A,4,1,1.487,0,-99,-99,0,0,-99,-99,0,none,0,0,none,0,0,-99,-99,none,-99,-99
2019,SC,4,A,5,0,0,0,-99,-99,0,0,-99,-99,0,none,0,0,none,0,0,-99,-99,none,-99,-99
2019,SC,5,C,1,3,1.191,1,-99,-99,0.159,2,-99,-99,0.073,none,0,0,none,0,0,-99,-99,none,-99,-99
2019,SC,5,C,2,1,0.116,4,-99,-99,0.947,3,-99,-99,0.09,none,0,0,none,0,0,-99,-99,none,-99,-99
2019,SC,5,C,3,0,0,0,-99,-99,0,0,-99,-99,0,none,0,0,none,0,0,-99,-99,none,-99,-99
2019,SC,5,C,4,2,1.732,6,-99,-99,0.829,0,-99,-99,0,none,0,0,none,0,0,-99,-99,none,-99,-99
2019,SC,5,C,5,1,1.343,0,-99,-99,0,0,-99,-99,0,none,0,0,none,0,0,-99,-99,none,-99,-99
2019,SC,6,E,1,0,0,0,-99,-99,0,0,-99,-99,0,none,0,0,none,0,0,-99,-99,none,-99,-99
2019,SC,6,E,2,2,0.285,0,-99,-99,0,0,-99,-99,0,none,0,0,none,0,0,-99,-99,none,-99,-99
2019,SC,6,E,3,1,0.862,0,-99,-99,0,0,-99,-99,0,none,0,0,none,0,0,-99,-99,none,-99,-99
2019,SC,6,E,4,1,0.216,0,-99,-99,0,0,-99,-99,0,none,0,0,none,0,0,-99,-99,none,-99,-99
2019,SC,6,E,5,5,1.184,0,-99,-99,0,0,-99,-99,0,none,0,0,none,0,0,-99,-99,none,-99,-99
2019,SC,7,C,1,1,1.067,6,-99,-99,0.237,2,-99,-99,0.148,none,0,0,none,0,0,-99,-99,none,-99,-99
2019,SC,7,C,2,0,0,4,-99,-99,0.332,3,-99,-99,0.112,none,0,0,none,0,0,-99,-99,none,-99,-99
2019,SC,7,C,3,0,0,1,-99,-99,0.189,0,-99,-99,0,none,0,0,none,0,0,-99,-99,none,-99,-99
2019,SC,7,C,4,0,0,0,-99,-99,0,0,-99,-99,0,POHY,1,0.04,none,0,0,-99,-99,none,-99,-99
2019,SC,7,C,5,1,0.702,8,-99,-99,0.775,6,-99,-99,0.381,none,0,0,none,0,0,-99,-99,none,-99,-99
2019,SC,8,A,1,2,1.644,0,-99,-99,0,0,-99,-99,0,none,0,0,none,0,0,-99,-99,none,-99,-99
2019,SC,8,A,2,0,0,0,-99,-99,0,0,-99,-99,0,none,0,0,none,0,0,-99,-99,none,-99,-99
2019,SC,8,A,3,4,4.396,0,-99,-99,0,1,-99,-99,0.011,none,0,0,none,0,0,-99,-99,none,-99,-99
2019,SC,8,A,4,1,0.454,0,-99,-99,0,0,-99,-99,0,none,0,0,none,0,0,-99,-99,none,-99,-99
2019,SC,8,A,5,3,1.488,0,-99,-99,0,0,-99,-99,0,none,0,0,none,0,0,-99,-99,none,-99,-99
2019,SC,9,E,1,2,0.708,0,-99,-99,0,0,-99,-99,0,none,0,0,none,0,0,-99,-99,none,-99,-99
2019,SC,9,E,2,2,0.82,0,-99,-99,0,0,-99,-99,0,none,0,0,none,0,0,-99,-99,none,-99,-99
2019,SC,9,E,3,3,0.998,0,-99,-99,0,0,-99,-99,0,none,0,0,none,0,0,-99,-99,none,-99,-99
2019,SC,9,E,4,0,0,3,-99,-99,0.56,2,-99,-99,0.329,none,0,0,none,0,0,-99,-99,none,-99,-99
2019,SC,9,E,5,2,1.617,0,-99,-99,0,0,-99,-99,0,none,0,0,none,0,0,-99,-99,none,-99,-99
2019,SC,10,E,1,0,0,0,-99,-99,0,0,-99,-99,0,none,0,0,none,0,0,-99,-99,none,-99,-99
2019,SC,10,E,2,4,1.811,0,-99,-99,0,0,-99,-99,0,none,0,0,none,0,0,-99,-99,none,-99,-99
2019,SC,10,E,3,3,1.304,0,-99,-99,0,3,-99,-99,0.381,none,0,0,none,0,0,-99,-99,none,-99,-99
2019,SC,10,E,4,2,1.269,0,-99,-99,0,0,-99,-99,0,none,0,0,none,0,0,-99,-99,none,-99,-99
2019,SC,10,E,5,2,0.862,0,-99,-99,0,0,-99,-99,0,none,0,0,none,0,0,-99,-99,none,-99,-99
2019,SC,11,C,1,2,1.106,7,-99,-99,0.552,0,-99,-99,0,none,0,0,none,0,0,-99,-99,none,-99,-99
2019,SC,11,C,2,0,0,2,-99,-99,0.331,3,-99,-99,0.45,none,0,0,none,0,0,-99,-99,none,-99,-99
2019,SC,11,C,3,1,1.149,7,-99,-99,1.243,2,-99,-99,0.163,none,0,0,none,0,0,-99,-99,none,-99,-99
2019,SC,11,C,4,2,2.878,1,-99,-99,0.156,3,-99,-99,0.186,none,0,0,none,0,0,-99,-99,none,-99,-99
2019,SC,11,C,5,0,0,3,-99,-99,0.214,0,-99,-99,0,none,0,0,none,0,0,-99,-99,none,-99,-99
2019,SC,12,A,1,1,0.114,0,-99,-99,0,0,-99,-99,0,none,0,0,none,0,0,-99,-99,none,-99,-99
2019,SC,12,A,2,1,0.574,0,-99,-99,0,0,-99,-99,0,none,0,0,none,0,0,-99,-99,none,-99,-99
2019,SC,12,A,3,4,1.177,0,-99,-99,0,0,-99,-99,0,none,0,0,none,0,0,-99,-99,none,-99,-99
2019,SC,12,A,4,2,1.139,0,-99,-99,0,1,-99,-99,0.018,none,0,0,none,0,0,-99,-99,none,-99,-99
2019,SC,12,A,5,2,1.574,0,-99,-99,0,1,-99,-99,0.06,none,0,0,none,0,0,-99,-99,none,-99,-99
2019,SC,13,C,1,2,1.624,0,-99,-99,0,0,-99,-99,0,none,0,0,none,0,0,-99,-99,none,-99,-99
2019,SC,13,C,2,0,0,11,-99,-99,0.719,0,-99,-99,0,none,0,0,none,0,0,-99,-99,none,-99,-99
2019,SC,13,C,3,1,2.191,14,-99,-99,0.912,1,-99,-99,0.125,none,0,0,none,0,0,-99,-99,none,-99,-99
2019,SC,13,C,4,1,0.842,3,-99,-99,0.365,3,-99,-99,0.242,none,0,0,none,0,0,-99,-99,none,-99,-99
2019,SC,13,C,5,1,1.076,15,-99,-99,0.965,2,-99,-99,0.104,none,0,0,none,0,0,-99,-99,none,-99,-99
2019,SC,14,E,1,3,3.278,0,-99,-99,0,0,-99,-99,0,none,0,0,none,0,0,-99,-99,none,-99,-99
2019,SC,14,E,2,2,0.679,0,-99,-99,0,2,-99,-99,0.211,none,0,0,none,0,0,-99,-99,none,-99,-99
2019,SC,14,E,3,0,0,0,-99,-99,0,0,-99,-99,0,none,0,0,none,0,0,-99,-99,none,-99,-99
2019,SC,14,E,4,1,0.346,1,-99,-99,0.018,1,-99,-99,0.166,none,0,0,none,0,0,-99,-99,none,-99,-99
2019,SC,14,E,5,3,1.954,0,-99,-99,0,1,-99,-99,0.096,none,0,0,none,0,0,-99,-99,none,-99,-99
2019,SC,15,A,1,5,2.45,0,-99,-99,0,1,-99,-99,0.289,none,0,0,none,0,0,-99,-99,none,-99,-99
2019,SC,15,A,2,1,0.499,0,-99,-99,0,0,-99,-99,0,none,0,0,none,0,0,-99,-99,none,-99,-99
2019,SC,15,A,3,1,0.782,0,-99,-99,0,0,-99,-99,0,none,0,0,none,0,0,-99,-99,none,-99,-99
2019,SC,15,A,4,7,3.914,0,-99,-99,0,2,-99,-99,0.334,none,0,0,none,0,0,-99,-99,none,-99,-99
2019,SC,15,A,5,2,0.989,0,-99,-99,0,0,-99,-99,0,none,0,0,none,0,0,-99,-99,none,-99,-99
2019,SP,1,E,1,0,0,1,-99,-99,0.11,0,-99,-99,0,none,0,0,none,0,0,-99,-99,none,-99,-99
2019,SP,1,E,2,0,0,2,-99,-99,0.149,0,-99,-99,0,none,0,0,none,0,0,-99,-99,none,-99,-99
2019,SP,1,E,3,0,0,0,-99,-99,0,0,-99,-99,0,SOSE,2,6.142,none,0,0,-99,-99,none,-99,-99
2019,SP,1,E,4,2,1.24,0,-99,-99,0,3,-99,-99,0.328,none,0,0,none,0,0,-99,-99,none,-99,-99
2019,SP,1,E,5,0,0,0,-99,-99,0,2,-99,-99,0.287,none,0,0,none,0,0,-99,-99,none,-99,-99
2019,SP,2,A,1,0,0,0,-99,-99,0,0,-99,-99,0,none,0,0,none,0,0,-99,-99,none,-99,-99
2019,SP,2,A,2,0,0,2,-99,-99,0.095,0,-99,-99,0,none,0,0,none,0,0,-99,-99,none,-99,-99
2019,SP,2,A,3,0,0,2,-99,-99,0.293,0,-99,-99,0,none,0,0,none,0,0,-99,-99,none,-99,-99
2019,SP,2,A,4,0,0,0,-99,-99,0,0,-99,-99,0,none,0,0,none,0,0,-99,-99,none,-99,-99
2019,SP,2,A,5,0,0,2,-99,-99,0.429,0,-99,-99,0,none,0,0,none,0,0,-99,-99,none,-99,-99
2019,SP,3,C,1,3,1.548,4,-99,-99,0.365,0,-99,-99,0,none,0,0,none,0,0,-99,-99,none,-99,-99
2019,SP,3,C,2,0,0,11,-99,-99,2.524,0,-99,-99,0,none,0,0,none,0,0,-99,-99,none,-99,-99
2019,SP,3,C,3,2,0.898,2,-99,-99,0.396,0,-99,-99,0,none,0,0,none,0,0,-99,-99,none,-99,-99
2019,SP,3,C,4,3,0.777,6,-99,-99,1.421,0,-99,-99,0,none,0,0,none,0,0,-99,-99,none,-99,-99
2019,SP,3,C,5,0,0,8,-99,-99,1.734,0,-99,-99,0,none,0,0,none,0,0,-99,-99,none,-99,-99
2019,SP,4,E,1,0,0,23,-99,-99,2.497,0,-99,-99,0,none,0,0,none,0,0,-99,-99,none,-99,-99
2019,SP,4,E,2,0,0,7,-99,-99,1.256,0,-99,-99,0,none,0,0,none,0,0,-99,-99,none,-99,-99
2019,SP,4,E,3,0,0,2,-99,-99,0.216,0,-99,-99,0,none,0,0,none,0,0,-99,-99,none,-99,-99
2019,SP,4,E,4,0,0,4,-99,-99,0.748,0,-99,-99,0,none,0,0,none,0,0,-99,-99,none,-99,-99
2019,SP,4,E,5,0,0,2,-99,-99,0.107,0,-99,-99,0,none,0,0,none,0,0,-99,-99,none,-99,-99
2019,SP,5,A,1,0,0,11,-99,-99,1.316,0,-99,-99,0,POHY,3,0.054,none,0,0,-99,-99,none,-99,-99
2019,SP,5,A,2,3,1.564,1,-99,-99,0.122,0,-99,-99,0,none,0,0,none,0,0,-99,-99,none,-99,-99
2019,SP,5,A,3,1,0.296,0,-99,-99,0,0,-99,-99,0,POHY,1,0.013,none,0,0,-99,-99,none,-99,-99
2019,SP,5,A,4,3,1.937,0,-99,-99,0,0,-99,-99,0,none,0,0,none,0,0,-99,-99,none,-99,-99
2019,SP,5,A,5,1,1.031,0,-99,-99,0,0,-99,-99,0,POHY,2,0.095,none,0,0,-99,-99,none,-99,-99
2019,SP,6,C,1,0,0,10,-99,-99,1.962,0,-99,-99,0,none,0,0,none,0,0,-99,-99,none,-99,-99
2019,SP,6,C,2,0,0,3,-99,-99,0.212,0,-99,-99,0,none,0,0,none,0,0,-99,-99,none,-99,-99
2019,SP,6,C,3,0,0,7,-99,-99,1.126,0,-99,-99,0,none,0,0,none,0,0,-99,-99,none,-99,-99
2019,SP,6,C,4,0,0,1,-99,-99,0.052,0,-99,-99,0,none,0,0,none,0,0,-99,-99,none,-99,-99
2019,SP,6,C,5,0,0,7,-99,-99,1.168,0,-99,-99,0,none,0,0,none,0,0,-99,-99,none,-99,-99
2019,SP,7,C,1,0,0,0,-99,-99,0,0,-99,-99,0,none,0,0,none,0,0,-99,-99,none,-99,-99
2019,SP,7,C,2,3,0.574,5,-99,-99,0.719,0,-99,-99,0,none,0,0,none,0,0,-99,-99,none,-99,-99
2019,SP,7,C,3,0,0,3,-99,-99,0.575,0,-99,-99,0,none,0,0,none,0,0,-99,-99,none,-99,-99
2019,SP,7,C,4,0,0,1,-99,-99,0.231,0,-99,-99,0,none,0,0,none,0,0,-99,-99,none,-99,-99
2019,SP,7,C,5,2,0.893,14,-99,-99,2.265,0,-99,-99,0,none,0,0,none,0,0,-99,-99,none,-99,-99
2019,SP,8,E,1,0,0,0,-99,-99,0,1,-99,-99,0.013,none,0,0,none,0,0,-99,-99,none,-99,-99
2019,SP,8,E,2,1,0.421,3,-99,-99,0.269,0,-99,-99,0,none,0,0,none,0,0,-99,-99,none,-99,-99
2019,SP,8,E,3,1,0.214,3,-99,-99,0.527,0,-99,-99,0,none,0,0,none,0,0,-99,-99,none,-99,-99
2019,SP,8,E,4,1,0.865,4,-99,-99,0.893,0,-99,-99,0,none,0,0,none,0,0,-99,-99,none,-99,-99
2019,SP,8,E,5,0,0,6,-99,-99,0.164,0,-99,-99,0,none,0,0,none,0,0,-99,-99,none,-99,-99
2019,SP,9,A,1,1,0.659,0,-99,-99,0,0,-99,-99,0,none,0,0,none,0,0,-99,-99,none,-99,-99
2019,SP,9,A,2,2,0.588,0,-99,-99,0,0,-99,-99,0,none,0,0,none,0,0,-99,-99,none,-99,-99
2019,SP,9,A,3,2,2.243,1,-99,-99,0.266,1,-99,-99,0.037,none,0,0,none,0,0,-99,-99,none,-99,-99
2019,SP,9,A,4,1,0.591,0,-99,-99,0,0,-99,-99,0,none,0,0,none,0,0,-99,-99,none,-99,-99
2019,SP,9,A,5,3,0.831,2,-99,-99,0.471,0,-99,-99,0,AMCA,1,0.264,none,0,0,-99,-99,none,-99,-99
2019,SP,10,E,1,3,1.229,0,-99,-99,0,0,-99,-99,0,none,0,0,none,0,0,-99,-99,none,-99,-99
2019,SP,10,E,2,5,2.638,0,-99,-99,0,1,-99,-99,0.028,none,0,0,none,0,0,-99,-99,none,-99,-99
2019,SP,10,E,3,5,2.708,0,-99,-99,0,2,-99,-99,0.086,none,0,0,none,0,0,-99,-99,none,-99,-99
2019,SP,10,E,4,3,2.325,3,-99,-99,0.537,3,-99,-99,0.415,none,0,0,none,0,0,-99,-99,none,-99,-99
2019,SP,10,E,5,4,1.624,1,-99,-99,0.133,1,-99,-99,0.136,none,0,0,none,0,0,-99,-99,none,-99,-99
2019,SP,11,A,1,2,0.778,0,-99,-99,0,0,-99,-99,0,none,0,0,none,0,0,-99,-99,none,-99,-99
2019,SP,11,A,2,1,0.544,0,-99,-99,0,0,-99,-99,0,none,0,0,none,0,0,-99,-99,none,-99,-99
2019,SP,11,A,3,1,0.157,0,-99,-99,0,1,-99,-99,0.207,none,0,0,none,0,0,-99,-99,none,-99,-99
2019,SP,11,A,4,2,1.694,2,-99,-99,0.244,0,-99,-99,0,none,0,0,none,0,0,-99,-99,none,-99,-99
2019,SP,11,A,5,0,0,5,-99,-99,0.402,0,-99,-99,0,none,0,0,none,0,0,-99,-99,none,-99,-99
2019,SP,12,C,1,0,0,5,-99,-99,0.943,0,-99,-99,0,none,0,0,none,0,0,-99,-99,none,-99,-99
2019,SP,12,C,2,1,0.912,6,-99,-99,0.687,0,-99,-99,0,none,0,0,none,0,0,-99,-99,none,-99,-99
2019,SP,12,C,3,2,2.135,0,-99,-99,0,0,-99,-99,0,none,0,0,none,0,0,-99,-99,none,-99,-99
2019,SP,12,C,4,0,0,10,-99,-99,1.497,0,-99,-99,0,SOSE,5,3.758,none,0,0,-99,-99,none,-99,-99
2019,SP,12,C,5,0,0,1,-99,-99,0.068,0,-99,-99,0,none,0,0,none,0,0,-99,-99,none,-99,-99
2019,SP,13,A,1,0,0,0,-99,-99,0,0,-99,-99,0,none,0,0,none,0,0,-99,-99,none,-99,-99
2019,SP,13,A,2,1,1.206,0,-99,-99,0,0,-99,-99,0,none,0,0,none,0,0,-99,-99,none,-99,-99
2019,SP,13,A,3,1,1.821,0,-99,-99,0,0,-99,-99,0,none,0,0,none,0,0,-99,-99,none,-99,-99
2019,SP,13,A,4,1,0.584,0,-99,-99,0,0,-99,-99,0,none,0,0,none,0,0,-99,-99,none,-99,-99
2019,SP,13,A,5,1,0.104,0,-99,-99,0,0,-99,-99,0,none,0,0,none,0,0,-99,-99,none,-99,-99
2019,SP,14,E,1,1,0.382,0,-99,-99,0,0,-99,-99,0,none,0,0,none,0,0,-99,-99,none,-99,-99
2019,SP,14,E,2,3,0.702,3,-99,-99,0.295,0,-99,-99,0,none,0,0,none,0,0,-99,-99,none,-99,-99
2019,SP,14,E,3,3,2.531,1,-99,-99,0.199,0,-99,-99,0,none,0,0,none,0,0,-99,-99,none,-99,-99
2019,SP,14,E,4,1,0.214,0,-99,-99,0,0,-99,-99,0,none,0,0,none,0,0,-99,-99,none,-99,-99
2019,SP,14,E,5,0,0,1,-99,-99,0.277,0,-99,-99,0,none,0,0,none,0,0,-99,-99,none,-99,-99
2019,SP,15,C,1,2,1.022,0,-99,-99,0,0,-99,-99,0,none,0,0,none,0,0,-99,-99,none,-99,-99
2019,SP,15,C,2,1,0.348,10,-99,-99,1.119,0,-99,-99,0,none,0,0,none,0,0,-99,-99,none,-99,-99
2019,SP,15,C,3,2,0.978,3,-99,-99,0.437,0,-99,-99,0,none,0,0,none,0,0,-99,-99,none,-99,-99
2019,SP,15,C,4,0,0,25,-99,-99,3.986,0,-99,-99,0,none,0,0,none,0,0,-99,-99,none,-99,-99
2019,SP,15,C,5,0,0,15,-99,-99,2.384,0,-99,-99,0,none,0,0,none,0,0,-99,-99,none,-99,-99
2020,MX,1,E,1,5,2.856,0,-99,-99,0,0,-99,-99,0,AMCA,1,0.115,none,0,0,-99,-99,-99,-99,-99
2020,MX,1,E,2,3,2.203,0,-99,-99,0,0,-99,-99,0,none,0,0,none,0,0,-99,-99,-99,-99,-99
2020,MX,1,E,3,1,0.351,0,-99,-99,0,0,-99,-99,0,none,0,0,none,0,0,-99,-99,-99,-99,-99
2020,MX,1,E,4,1,0.246,0,-99,-99,0,0,-99,-99,0,none,0,0,none,0,0,-99,-99,-99,-99,-99
2020,MX,1,E,5,0,0,0,-99,-99,0,0,-99,-99,0,none,0,0,none,0,0,-99,-99,-99,-99,-99
2020,MX,2,A,1,3,1.597,0,-99,-99,0,0,-99,-99,0,none,0,0,none,0,0,-99,-99,-99,-99,-99
2020,MX,2,A,2,2,2.006,0,-99,-99,0,1,-99,-99,0.114,none,0,0,none,0,0,-99,-99,-99,-99,-99
2020,MX,2,A,3,5,2.563,0,-99,-99,0,2,-99,-99,0.384,none,0,0,none,0,0,-99,-99,-99,-99,-99
2020,MX,2,A,4,1,0.536,0,-99,-99,0,0,-99,-99,0,none,0,0,none,0,0,-99,-99,-99,-99,-99
2020,MX,2,A,5,2,0.705,0,-99,-99,0,0,-99,-99,0,none,0,0,none,0,0,-99,-99,-99,-99,-99
2020,MX,3,C,1,3,1.252,7,-99,-99,0.78,0,-99,-99,0,AMCA,1,0.064,none,0,0,-99,-99,-99,-99,-99
2020,MX,3,C,2,2,0.966,3,-99,-99,0.442,2,-99,-99,0.104,none,0,0,none,0,0,-99,-99,-99,-99,-99
2020,MX,3,C,3,0,0,0,-99,-99,0,0,-99,-99,0,none,0,0,none,0,0,-99,-99,-99,-99,-99
2020,MX,3,C,4,1,0.177,0,-99,-99,0,0,-99,-99,0,none,0,0,none,0,0,-99,-99,-99,-99,-99
2020,MX,3,C,5,1,0.408,1,-99,-99,0.148,6,-99,-99,1.383,none,0,0,none,0,0,-99,-99,-99,-99,-99
2020,MX,4,E,1,1,1.044,1,-99,-99,0.073,1,-99,-99,0.115,none,0,0,none,0,0,-99,-99,-99,-99,-99
2020,MX,4,E,2,5,2.21,2,-99,-99,0.448,1,-99,-99,0.072,none,0,0,none,0,0,-99,-99,-99,-99,-99
2020,MX,4,E,3,0,0,0,-99,-99,0,1,-99,-99,0.084,AMCA,1,0.069,none,0,0,-99,-99,-99,-99,-99
2020,MX,4,E,4,5,2.486,0,-99,-99,0,1,-99,-99,0.144,none,0,0,none,0,0,-99,-99,-99,-99,-99
2020,MX,4,E,5,3,1.423,0,-99,-99,0,0,-99,-99,0,none,0,0,none,0,0,-99,-99,-99,-99,-99
2020,MX,5,C,1,3,1.566,0,-99,-99,0,1,-99,-99,0.16,none,0,0,none,0,0,-99,-99,-99,-99,-99
2020,MX,5,C,2,4,1.948,0,-99,-99,0,1,-99,-99,0.215,none,0,0,none,0,0,-99,-99,-99,-99,-99
2020,MX,5,C,3,0,0,0,-99,-99,0,0,-99,-99,0,none,0,0,none,0,0,-99,-99,-99,-99,-99
2020,MX,5,C,4,4,2.323,2,-99,-99,0.31,2,-99,-99,0.264,none,0,0,none,0,0,-99,-99,-99,-99,-99
2020,MX,5,C,5,0,0,2,-99,-99,0.147,1,-99,-99,0.162,none,0,0,none,0,0,-99,-99,-99,-99,-99
2020,MX,6,A,1,5,2.842,0,-99,-99,0,0,-99,-99,0,none,0,0,none,0,0,-99,-99,-99,-99,-99
2020,MX,6,A,2,1,0.27,1,-99,-99,0.106,0,-99,-99,0,none,0,0,none,0,0,-99,-99,-99,-99,-99
2020,MX,6,A,3,2,1.024,0,-99,-99,0,0,-99,-99,0,none,0,0,none,0,0,-99,-99,-99,-99,-99
2020,MX,6,A,4,2,1.719,0,-99,-99,0,0,-99,-99,0,none,0,0,none,0,0,-99,-99,-99,-99,-99
2020,MX,6,A,5,3,2.163,0,-99,-99,0,3,-99,-99,0.339,none,0,0,none,0,0,-99,-99,-99,-99,-99
2020,MX,7,C,1,1,0.202,0,-99,-99,0,0,-99,-99,0,POHY,1,0.081,none,0,0,-99,-99,-99,-99,-99
2020,MX,7,C,2,1,1.033,4,-99,-99,0.566,0,-99,-99,0,none,0,0,none,0,0,-99,-99,-99,-99,-99
2020,MX,7,C,3,2,0.342,1,-99,-99,0.25,0,-99,-99,0,none,0,0,none,0,0,-99,-99,-99,-99,-99
2020,MX,7,C,4,1,0.447,0,-99,-99,0,1,-99,-99,0.14,none,0,0,none,0,0,-99,-99,-99,-99,-99
2020,MX,7,C,5,2,1.874,14,-99,-99,2.739,2,-99,-99,0.231,ATPA,1,0.441,none,0,0,-99,-99,-99,-99,-99
2020,MX,8,E,1,3,1.232,0,-99,-99,0,1,-99,-99,0.175,none,0,0,none,0,0,-99,-99,-99,-99,-99
2020,MX,8,E,2,1,0.149,0,-99,-99,0,1,-99,-99,0.15,none,0,0,none,0,0,-99,-99,-99,-99,-99
2020,MX,8,E,3,2,0.508,4,-99,-99,0.559,0,-99,-99,0,none,0,0,none,0,0,-99,-99,-99,-99,-99
2020,MX,8,E,4,0,0,0,-99,-99,0,0,-99,-99,0,none,0,0,none,0,0,-99,-99,-99,-99,-99
2020,MX,8,E,5,2,0.445,0,-99,-99,0,0,-99,-99,0,none,0,0,none,0,0,-99,-99,-99,-99,-99
2020,MX,9,A,1,3,1.038,3,-99,-99,0.339,3,-99,-99,0.536,none,0,0,none,0,0,-99,-99,-99,-99,-99
2020,MX,9,A,2,0,0,4,-99,-99,0.455,2,-99,-99,0.232,none,0,0,none,0,0,-99,-99,-99,-99,-99
2020,MX,9,A,3,0,0,0,-99,-99,0,0,-99,-99,0,none,0,0,none,0,0,-99,-99,-99,-99,-99
2020,MX,9,A,4,0,0,0,-99,-99,0,0,-99,-99,0,none,0,0,none,0,0,-99,-99,-99,-99,-99
2020,MX,9,A,5,0,0,1,-99,-99,0.095,1,-99,-99,0.115,none,0,0,none,0,0,-99,-99,-99,-99,-99
2020,MX,10,C,1,1,0.41,7,-99,-99,1.04,3,-99,-99,0.366,none,0,0,none,0,0,-99,-99,-99,-99,-99
2020,MX,10,C,2,0,0,16,-99,-99,1.706,0,-99,-99,0,none,0,0,none,0,0,-99,-99,-99,-99,-99
2020,MX,10,C,3,1,0.718,7,-99,-99,0.885,0,-99,-99,0,none,0,0,none,0,0,-99,-99,-99,-99,-99
2020,MX,10,C,4,0,0,0,-99,-99,0,0,-99,-99,0,none,0,0,none,0,0,-99,-99,-99,-99,-99
2020,MX,10,C,5,2,1.186,5,-99,-99,0.603,2,-99,-99,0.156,none,0,0,none,0,0,-99,-99,-99,-99,-99
2020,MX,11,E,1,2,0.819,0,-99,-99,0,0,-99,-99,0,none,0,0,none,0,0,-99,-99,-99,-99,-99
2020,MX,11,E,2,5,3.151,0,-99,-99,0,0,-99,-99,0,none,0,0,none,0,0,-99,-99,-99,-99,-99
2020,MX,11,E,3,0,0,1,-99,-99,0.143,0,-99,-99,0,none,0,0,none,0,0,-99,-99,-99,-99,-99
2020,MX,11,E,4,4,1.573,0,-99,-99,0,2,-99,-99,0.112,none,0,0,none,0,0,-99,-99,-99,-99,-99
2020,MX,11,E,5,4,1.137,2,-99,-99,0.139,0,-99,-99,0,none,0,0,none,0,0,-99,-99,-99,-99,-99
2020,MX,12,A,1,1,0.269,0,-99,-99,0,0,-99,-99,0,none,0,0,none,0,0,-99,-99,-99,-99,-99
2020,MX,12,A,2,2,0.679,0,-99,-99,0,0,-99,-99,0,none,0,0,none,0,0,-99,-99,-99,-99,-99
2020,MX,12,A,3,3,0.61,0,-99,-99,0,3,-99,-99,0.273,none,0,0,none,0,0,-99,-99,-99,-99,-99
2020,MX,12,A,4,0,0,0,-99,-99,0,0,-99,-99,0,none,0,0,none,0,0,-99,-99,-99,-99,-99
2020,MX,12,A,5,2,0.574,0,-99,-99,0,0,-99,-99,0,none,0,0,none,0,0,-99,-99,-99,-99,-99
2020,MX,13,E,1,4,0.776,0,-99,-99,0,0,-99,-99,0,none,0,0,none,0,0,-99,-99,-99,-99,-99
2020,MX,13,E,2,2,1.233,1,-99,-99,0.124,0,-99,-99,0,none,0,0,none,0,0,-99,-99,-99,-99,-99
2020,MX,13,E,3,0,0,3,-99,-99,0.279,0,-99,-99,0,none,0,0,none,0,0,-99,-99,-99,-99,-99
2020,MX,13,E,4,0,0,0,-99,-99,0,0,-99,-99,0,none,0,0,none,0,0,-99,-99,-99,-99,-99
2020,MX,13,E,5,1,0.296,1,-99,-99,0.054,2,-99,-99,0.289,none,0,0,none,0,0,-99,-99,-99,-99,-99
2020,MX,14,C,1,4,1.067,0,-99,-99,0,4,-99,-99,0.333,none,0,0,none,0,0,-99,-99,-99,-99,-99
2020,MX,14,C,2,0,0,0,-99,-99,0,1,-99,-99,0.119,none,0,0,none,0,0,-99,-99,-99,-99,-99
2020,MX,14,C,3,3,1.539,4,-99,-99,0.506,4,-99,-99,0.279,none,0,0,none,0,0,-99,-99,-99,-99,-99
2020,MX,14,C,4,0,0,14,-99,-99,2.049,0,-99,-99,0,none,0,0,none,0,0,-99,-99,-99,-99,-99
2020,MX,14,C,5,0,0,6,-99,-99,0.738,0,-99,-99,0,none,0,0,none,0,0,-99,-99,-99,-99,-99
2020,MX,15,A,1,1,0.347,0,-99,-99,0,1,-99,-99,0.123,none,0,0,none,0,0,-99,-99,-99,-99,-99
2020,MX,15,A,2,2,1.53,0,-99,-99,0,0,-99,-99,0,none,0,0,none,0,0,-99,-99,-99,-99,-99
2020,MX,15,A,3,0,0,0,-99,-99,0,0,-99,-99,0,none,0,0,none,0,0,-99,-99,-99,-99,-99
2020,MX,15,A,4,0,0,0,-99,-99,0,1,-99,-99,0.113,none,0,0,none,0,0,-99,-99,-99,-99,-99
2020,MX,15,A,5,1,0.277,0,-99,-99,0,0,-99,-99,0,none,0,0,none,0,0,-99,-99,-99,-99,-99
2020,SC,1,E,1,1,0.256,1,-99,-99,0.085,0,-99,-99,0,none,0,0,none,0,0,-99,-99,-99,-99,-99
2020,SC,1,E,2,2,0.597,0,-99,-99,0,0,-99,-99,0,none,0,0,none,0,0,-99,-99,-99,-99,-99
2020,SC,1,E,3,2,1.133,0,-99,-99,0,0,-99,-99,0,none,0,0,none,0,0,-99,-99,-99,-99,-99
2020,SC,1,E,4,4,2.385,0,-99,-99,0,0,-99,-99,0,none,0,0,none,0,0,-99,-99,-99,-99,-99
2020,SC,1,E,5,3,2.227,0,-99,-99,0,0,-99,-99,0,none,0,0,none,0,0,-99,-99,-99,-99,-99
2020,SC,2,A,1,0,0,0,-99,-99,0,0,-99,-99,0,none,0,0,none,0,0,-99,-99,-99,-99,-99
2020,SC,2,A,2,0,0,0,-99,-99,0,1,-99,-99,0.092,none,0,0,none,0,0,-99,-99,-99,-99,-99
2020,SC,2,A,3,5,3.879,0,-99,-99,0,0,-99,-99,0,none,0,0,none,0,0,-99,-99,-99,-99,-99
2020,SC,2,A,4,0,0,0,-99,-99,0,2,-99,-99,0.248,none,0,0,none,0,0,-99,-99,-99,-99,-99
2020,SC,2,A,5,0,0,0,-99,-99,0,0,-99,-99,0,none,0,0,none,0,0,-99,-99,-99,-99,-99
2020,SC,3,C,1,1,1.412,0,-99,-99,0,0,-99,-99,0,none,0,0,none,0,0,-99,-99,-99,-99,-99
2020,SC,3,C,2,1,1.063,15,-99,-99,2.041,0,-99,-99,0,none,0,0,none,0,0,-99,-99,-99,-99,-99
2020,SC,3,C,3,2,0.954,3,-99,-99,0.284,0,-99,-99,0,none,0,0,none,0,0,-99,-99,-99,-99,-99
2020,SC,3,C,4,0,0,1,-99,-99,0.172,0,-99,-99,0,none,0,0,none,0,0,-99,-99,-99,-99,-99
2020,SC,3,C,5,1,0.628,6,-99,-99,0.728,0,-99,-99,0,none,0,0,none,0,0,-99,-99,-99,-99,-99
2020,SC,4,A,1,1,0.392,0,-99,-99,0,0,-99,-99,0,none,0,0,none,0,0,-99,-99,-99,-99,-99
2020,SC,4,A,2,0,0,0,-99,-99,0,0,-99,-99,0,none,0,0,none,0,0,-99,-99,-99,-99,-99
2020,SC,4,A,3,0,0,0,-99,-99,0,0,-99,-99,0,none,0,0,none,0,0,-99,-99,-99,-99,-99
2020,SC,4,A,4,3,4.339,0,-99,-99,0,0,-99,-99,0,none,0,0,none,0,0,-99,-99,-99,-99,-99
2020,SC,4,A,5,1,1.394,0,-99,-99,0,0,-99,-99,0,none,0,0,none,0,0,-99,-99,-99,-99,-99
2020,SC,5,C,1,0,0,8,-99,-99,1.562,0,-99,-99,0,none,0,0,none,0,0,-99,-99,-99,-99,-99
2020,SC,5,C,2,3,1.56,1,-99,-99,0.046,0,-99,-99,0,none,0,0,none,0,0,-99,-99,-99,-99,-99
2020,SC,5,C,3,2,2.503,27,-99,-99,4,0,-99,-99,0,none,0,0,none,0,0,-99,-99,-99,-99,-99
2020,SC,5,C,4,0,0,11,-99,-99,1.918,0,-99,-99,0,AMCA,1,0.055,ATPA,1,0.026,-99,-99,-99,-99,-99
2020,SC,5,C,5,1,1.172,10,-99,-99,1.815,0,-99,-99,0,none,0,0,none,0,0,-99,-99,-99,-99,-99
2020,SC,6,E,1,2,1.472,0,-99,-99,0,0,-99,-99,0,none,0,0,none,0,0,-99,-99,-99,-99,-99
2020,SC,6,E,2,3,1.078,0,-99,-99,0,0,-99,-99,0,none,0,0,none,0,0,-99,-99,-99,-99,-99
2020,SC,6,E,3,0,0,0,-99,-99,0,0,-99,-99,0,none,0,0,none,0,0,-99,-99,-99,-99,-99
2020,SC,6,E,4,2,1.374,0,-99,-99,0,0,-99,-99,0,none,0,0,none,0,0,-99,-99,-99,-99,-99
2020,SC,6,E,5,1,0.56,0,-99,-99,0,0,-99,-99,0,none,0,0,none,0,0,-99,-99,-99,-99,-99
2020,SC,7,C,1,1,0.955,3,-99,-99,0.255,2,-99,-99,0.123,none,0,0,none,0,0,-99,-99,-99,-99,-99
2020,SC,7,C,2,2,1.877,5,-99,-99,0.602,0,-99,-99,0,AMCA,1,0.038,none,0,0,-99,-99,-99,-99,-99
2020,SC,7,C,3,1,1.883,0,-99,-99,0,0,-99,-99,0,none,0,0,none,0,0,-99,-99,-99,-99,-99
2020,SC,7,C,4,1,0.566,2,-99,-99,0.34,0,-99,-99,0,none,0,0,none,0,0,-99,-99,-99,-99,-99
2020,SC,7,C,5,1,1.136,9,-99,-99,1.449,0,-99,-99,0,none,0,0,none,0,0,-99,-99,-99,-99,-99
2020,SC,8,A,1,3,1.111,0,-99,-99,0,0,-99,-99,0,none,0,0,none,0,0,-99,-99,-99,-99,-99
2020,SC,8,A,2,3,2.784,0,-99,-99,0,0,-99,-99,0,none,0,0,none,0,0,-99,-99,-99,-99,-99
2020,SC,8,A,3,1,1.677,0,-99,-99,0,0,-99,-99,0,none,0,0,none,0,0,-99,-99,-99,-99,-99
2020,SC,8,A,4,1,1.781,0,-99,-99,0,0,-99,-99,0,none,0,0,none,0,0,-99,-99,-99,-99,-99
2020,SC,8,A,5,1,0.715,0,-99,-99,0,0,-99,-99,0,none,0,0,none,0,0,-99,-99,-99,-99,-99
2020,SC,9,E,1,2,1.744,0,-99,-99,0,0,-99,-99,0,none,0,0,none,0,0,-99,-99,-99,-99,-99
2020,SC,9,E,2,1,0.409,0,-99,-99,0,0,-99,-99,0,none,0,0,none,0,0,-99,-99,-99,-99,-99
2020,SC,9,E,3,2,1.282,0,-99,-99,0,0,-99,-99,0,none,0,0,none,0,0,-99,-99,-99,-99,-99
2020,SC,9,E,4,0,0,0,-99,-99,0,1,-99,-99,0.095,none,0,0,none,0,0,-99,-99,-99,-99,-99
2020,SC,9,E,5,0,0,0,-99,-99,0,0,-99,-99,0,none,0,0,none,0,0,-99,-99,-99,-99,-99
2020,SC,10,E,1,1,0.453,0,-99,-99,0,0,-99,-99,0,none,0,0,none,0,0,-99,-99,-99,-99,-99
2020,SC,10,E,2,0,0,0,-99,-99,0,0,-99,-99,0,none,0,0,none,0,0,-99,-99,-99,-99,-99
2020,SC,10,E,3,1,0.603,0,-99,-99,0,0,-99,-99,0,none,0,0,none,0,0,-99,-99,-99,-99,-99
2020,SC,10,E,4,3,2.944,0,-99,-99,0,0,-99,-99,0,none,0,0,none,0,0,-99,-99,-99,-99,-99
2020,SC,10,E,5,3,3.055,0,-99,-99,0,0,-99,-99,0,none,0,0,none,0,0,-99,-99,-99,-99,-99
2020,SC,11,C,1,1,1.176,3,-99,-99,0.445,2,-99,-99,0.262,none,0,0,none,0,0,-99,-99,-99,-99,-99
2020,SC,11,C,2,2,2.145,1,-99,-99,0.127,0,-99,-99,0,none,0,0,none,0,0,-99,-99,-99,-99,-99
2020,SC,11,C,3,0,0,5,-99,-99,1.005,0,-99,-99,0,none,0,0,none,0,0,-99,-99,-99,-99,-99
2020,SC,11,C,4,1,1.304,0,-99,-99,0,0,-99,-99,0,none,0,0,none,0,0,-99,-99,-99,-99,-99
2020,SC,11,C,5,1,0.788,0,-99,-99,0,0,-99,-99,0,none,0,0,none,0,0,-99,-99,-99,-99,-99
2020,SC,12,A,1,1,2.022,0,-99,-99,0,0,-99,-99,0,none,0,0,none,0,0,-99,-99,-99,-99,-99
2020,SC,12,A,2,3,2.91,0,-99,-99,0,0,-99,-99,0,none,0,0,none,0,0,-99,-99,-99,-99,-99
2020,SC,12,A,3,0,0,0,-99,-99,0,0,-99,-99,0,none,0,0,none,0,0,-99,-99,-99,-99,-99
2020,SC,12,A,4,2,1.78,4,-99,-99,0.728,0,-99,-99,0,none,0,0,none,0,0,-99,-99,-99,-99,-99
2020,SC,12,A,5,2,3.242,3,-99,-99,0.406,0,-99,-99,0,none,0,0,none,0,0,-99,-99,-99,-99,-99
2020,SC,13,C,1,1,1.192,13,-99,-99,2.573,2,-99,-99,0.128,none,0,0,none,0,0,-99,-99,-99,-99,-99
2020,SC,13,C,2,3,3.54,1,-99,-99,0.041,0,-99,-99,0,none,0,0,none,0,0,-99,-99,-99,-99,-99
2020,SC,13,C,3,0,0,1,-99,-99,0.099,0,-99,-99,0,none,0,0,none,0,0,-99,-99,-99,-99,-99
2020,SC,13,C,4,2,1.332,0,-99,-99,0,1,-99,-99,0.114,none,0,0,none,0,0,-99,-99,-99,-99,-99
2020,SC,13,C,5,2,2.988,8,-99,-99,0.956,0,-99,-99,0,none,0,0,none,0,0,-99,-99,-99,-99,-99
2020,SC,14,E,1,2,2.41,0,-99,-99,0,0,-99,-99,0,none,0,0,none,0,0,-99,-99,-99,-99,-99
2020,SC,14,E,2,1,0.594,0,-99,-99,0,0,-99,-99,0,none,0,0,none,0,0,-99,-99,-99,-99,-99
2020,SC,14,E,3,0,0,0,-99,-99,0,0,-99,-99,0,none,0,0,none,0,0,-99,-99,-99,-99,-99
2020,SC,14,E,4,1,0.336,0,-99,-99,0,0,-99,-99,0,none,0,0,none,0,0,-99,-99,-99,-99,-99
2020,SC,14,E,5,2,2.031,0,-99,-99,0,0,-99,-99,0,none,0,0,none,0,0,-99,-99,-99,-99,-99
2020,SC,15,A,1,0,0,0,-99,-99,0,0,-99,-99,0,none,0,0,none,0,0,-99,-99,-99,-99,-99
2020,SC,15,A,2,2,2.023,0,-99,-99,0,0,-99,-99,0,none,0,0,none,0,0,-99,-99,-99,-99,-99
2020,SC,15,A,3,0,0,0,-99,-99,0,1,-99,-99,0.102,none,0,0,none,0,0,-99,-99,-99,-99,-99
2020,SC,15,A,4,1,0.483,0,-99,-99,0,2,-99,-99,0.26,none,0,0,none,0,0,-99,-99,-99,-99,-99
2020,SC,15,A,5,1,1.202,0,-99,-99,0,0,-99,-99,0,none,0,0,none,0,0,-99,-99,-99,-99,-99
2020,SP,1,E,1,0,0,2,-99,-99,0.298,0,-99,-99,0,none,0,0,none,0,0,-99,-99,-99,-99,-99
2020,SP,1,E,2,0,0,0,-99,-99,0,0,-99,-99,0,none,0,0,none,0,0,-99,-99,-99,-99,-99
2020,SP,1,E,3,0,0,0,-99,-99,0,0,-99,-99,0,none,0,0,none,0,0,-99,-99,-99,-99,-99
2020,SP,1,E,4,1,0.964,0,-99,-99,0,6,-99,-99,1.081,none,0,0,none,0,0,-99,-99,-99,-99,-99
2020,SP,1,E,5,3,2.137,1,-99,-99,0.302,0,-99,-99,0,none,0,0,none,0,0,-99,-99,-99,-99,-99
2020,SP,2,A,1,0,0,1,-99,-99,0.111,0,-99,-99,0,none,0,0,none,0,0,-99,-99,-99,-99,-99
2020,SP,2,A,2,0,0,6,-99,-99,0.794,0,-99,-99,0,none,0,0,none,0,0,-99,-99,-99,-99,-99
2020,SP,2,A,3,0,0,8,-99,-99,1.127,0,-99,-99,0,none,0,0,none,0,0,-99,-99,-99,-99,-99
2020,SP,2,A,4,0,0,2,-99,-99,0.295,0,-99,-99,0,none,0,0,none,0,0,-99,-99,-99,-99,-99
2020,SP,2,A,5,0,0,3,-99,-99,0.206,0,-99,-99,0,none,0,0,none,0,0,-99,-99,-99,-99,-99
2020,SP,3,C,1,1,0.68,4,-99,-99,0.968,0,-99,-99,0,none,0,0,none,0,0,-99,-99,-99,-99,-99
2020,SP,3,C,2,1,0.593,3,-99,-99,0.387,0,-99,-99,0,none,0,0,none,0,0,-99,-99,-99,-99,-99
2020,SP,3,C,3,2,0.626,6,-99,-99,1.261,0,-99,-99,0,none,0,0,none,0,0,-99,-99,-99,-99,-99
2020,SP,3,C,4,1,0.123,4,-99,-99,1.103,0,-99,-99,0,none,0,0,none,0,0,-99,-99,-99,-99,-99
2020,SP,3,C,5,1,0.465,7,-99,-99,1.589,0,-99,-99,0,none,0,0,none,0,0,-99,-99,-99,-99,-99
2020,SP,4,E,1,0,0,1,-99,-99,0.269,0,-99,-99,0,none,0,0,none,0,0,-99,-99,-99,-99,-99
2020,SP,4,E,2,0,0,0,-99,-99,0,0,-99,-99,0,none,0,0,none,0,0,-99,-99,-99,-99,-99
2020,SP,4,E,3,3,3.063,0,-99,-99,0,0,-99,-99,0,none,0,0,none,0,0,-99,-99,-99,-99,-99
2020,SP,4,E,4,2,2.042,1,-99,-99,0.068,0,-99,-99,0,none,0,0,none,0,0,-99,-99,-99,-99,-99
2020,SP,4,E,5,1,0.687,0,-99,-99,0,0,-99,-99,0,none,0,0,none,0,0,-99,-99,-99,-99,-99
2020,SP,5,A,1,0,0,17,-99,-99,2.729,0,-99,-99,0,none,0,0,none,0,0,-99,-99,-99,-99,-99
2020,SP,5,A,2,0,0,5,-99,-99,1.153,0,-99,-99,0,none,0,0,none,0,0,-99,-99,-99,-99,-99
2020,SP,5,A,3,0,0,0,-99,-99,0,0,-99,-99,0,none,0,0,none,0,0,-99,-99,-99,-99,-99
2020,SP,5,A,4,0,0,10,-99,-99,1.946,0,-99,-99,0,none,0,0,none,0,0,-99,-99,-99,-99,-99
2020,SP,5,A,5,0,0,5,-99,-99,1.429,0,-99,-99,0,none,0,0,none,0,0,-99,-99,-99,-99,-99
2020,SP,6,C,1,0,0,8,-99,-99,1.211,0,-99,-99,0,SOSE,1,1.866,none,0,0,-99,-99,-99,-99,-99
2020,SP,6,C,2,3,2.05,6,-99,-99,0.894,0,-99,-99,0,none,0,0,none,0,0,-99,-99,-99,-99,-99
2020,SP,6,C,3,0,0,24,-99,-99,3.711,0,-99,-99,0,SOSE,1,4.464,none,0,0,-99,-99,-99,-99,-99
2020,SP,6,C,4,0,0,6,-99,-99,0.723,0,-99,-99,0,none,0,0,none,0,0,-99,-99,-99,-99,-99
2020,SP,6,C,5,0,0,1,-99,-99,0.296,0,-99,-99,0,none,0,0,none,0,0,-99,-99,-99,-99,-99
2020,SP,7,C,1,0,0,9,-99,-99,0.996,0,-99,-99,0,none,0,0,none,0,0,-99,-99,-99,-99,-99
2020,SP,7,C,2,1,1.094,4,-99,-99,0.458,0,-99,-99,0,none,0,0,none,0,0,-99,-99,-99,-99,-99
2020,SP,7,C,3,0,0,5,-99,-99,0.591,0,-99,-99,0,none,0,0,none,0,0,-99,-99,-99,-99,-99
2020,SP,7,C,4,1,0.975,6,-99,-99,1.147,0,-99,-99,0,none,0,0,none,0,0,-99,-99,-99,-99,-99
2020,SP,7,C,5,2,0.17,0,-99,-99,0,0,-99,-99,0,none,0,0,none,0,0,-99,-99,-99,-99,-99
2020,SP,8,E,1,0,0,5,-99,-99,0.729,0,-99,-99,0,none,0,0,none,0,0,-99,-99,-99,-99,-99
2020,SP,8,E,2,1,0.182,1,-99,-99,0.311,0,-99,-99,0,none,0,0,none,0,0,-99,-99,-99,-99,-99
2020,SP,8,E,3,0,0,0,-99,-99,0,0,-99,-99,0,none,0,0,none,0,0,-99,-99,-99,-99,-99
2020,SP,8,E,4,2,1.404,1,-99,-99,0.142,0,-99,-99,0,none,0,0,none,0,0,-99,-99,-99,-99,-99
2020,SP,8,E,5,1,0.515,0,-99,-99,0,0,-99,-99,0,none,0,0,none,0,0,-99,-99,-99,-99,-99
2020,SP,9,A,1,1,0.462,0,-99,-99,0,0,-99,-99,0,none,0,0,none,0,0,-99,-99,-99,-99,-99
2020,SP,9,A,2,0,0,0,-99,-99,0,0,-99,-99,0,none,0,0,none,0,0,-99,-99,-99,-99,-99
2020,SP,9,A,3,1,1.046,0,-99,-99,0,0,-99,-99,0,none,0,0,none,0,0,-99,-99,-99,-99,-99
2020,SP,9,A,4,3,4.097,0,-99,-99,0,0,-99,-99,0,none,0,0,none,0,0,-99,-99,-99,-99,-99
2020,SP,9,A,5,2,0.619,0,-99,-99,0,0,-99,-99,0,SOSE,1,0.152,none,0,0,-99,-99,-99,-99,-99
2020,SP,10,E,1,3,1.451,3,-99,-99,0.409,1,-99,-99,0.121,none,0,0,none,0,0,-99,-99,-99,-99,-99
2020,SP,10,E,2,1,0.375,0,-99,-99,0,0,-99,-99,0,none,0,0,none,0,0,-99,-99,-99,-99,-99
2020,SP,10,E,3,3,1.795,0,-99,-99,0,1,-99,-99,0.223,none,0,0,none,0,0,-99,-99,-99,-99,-99
2020,SP,10,E,4,0,0,0,-99,-99,0,2,-99,-99,0.144,none,0,0,none,0,0,-99,-99,-99,-99,-99
2020,SP,10,E,5,3,0.783,0,-99,-99,0,0,-99,-99,0,none,0,0,none,0,0,-99,-99,-99,-99,-99
2020,SP,11,A,1,1,0.465,4,-99,-99,0.518,0,-99,-99,0,none,0,0,none,0,0,-99,-99,-99,-99,-99
2020,SP,11,A,2,0,0,5,-99,-99,0.46,0,-99,-99,0,none,0,0,none,0,0,-99,-99,-99,-99,-99
2020,SP,11,A,3,1,0.656,3,-99,-99,0.484,0,-99,-99,0,none,0,0,none,0,0,-99,-99,-99,-99,-99
2020,SP,11,A,4,3,0.899,5,-99,-99,0.71,0,-99,-99,0,none,0,0,none,0,0,-99,-99,-99,-99,-99
2020,SP,11,A,5,1,0.119,0,-99,-99,0,0,-99,-99,0,none,0,0,none,0,0,-99,-99,-99,-99,-99
2020,SP,12,C,1,1,0.825,2,-99,-99,0.224,0,-99,-99,0,none,0,0,none,0,0,-99,-99,-99,-99,-99
2020,SP,12,C,2,0,0,9,-99,-99,1.234,0,-99,-99,0,none,0,0,none,0,0,-99,-99,-99,-99,-99
2020,SP,12,C,3,0,0,2,-99,-99,0.601,0,-99,-99,0,none,0,0,none,0,0,-99,-99,-99,-99,-99
2020,SP,12,C,4,2,0.837,7,-99,-99,0.99,0,-99,-99,0,none,0,0,none,0,0,-99,-99,-99,-99,-99
2020,SP,12,C,5,0,0,0,-99,-99,0,0,-99,-99,0,none,0,0,none,0,0,-99,-99,-99,-99,-99
2020,SP,13,A,1,2,3.198,0,-99,-99,0,0,-99,-99,0,none,0,0,none,0,0,-99,-99,-99,-99,-99
2020,SP,13,A,2,1,0.879,0,-99,-99,0,0,-99,-99,0,none,0,0,none,0,0,-99,-99,-99,-99,-99
2020,SP,13,A,3,0,0,0,-99,-99,0,0,-99,-99,0,none,0,0,none,0,0,-99,-99,-99,-99,-99
2020,SP,13,A,4,1,0.8,0,-99,-99,0,0,-99,-99,0,none,0,0,none,0,0,-99,-99,-99,-99,-99
2020,SP,13,A,5,0,0,0,-99,-99,0,0,-99,-99,0,none,0,0,none,0,0,-99,-99,-99,-99,-99
2020,SP,14,E,1,3,2.418,1,-99,-99,0.13,0,-99,-99,0,none,0,0,none,0,0,-99,-99,-99,-99,-99
2020,SP,14,E,2,2,1.327,0,-99,-99,0,0,-99,-99,0,TYLA,1,2.892,none,0,0,-99,-99,-99,-99,-99
2020,SP,14,E,3,2,0.686,0,-99,-99,0,0,-99,-99,0,none,0,0,none,0,0,-99,-99,-99,-99,-99
2020,SP,14,E,4,1,0.549,0,-99,-99,0,0,-99,-99,0,none,0,0,none,0,0,-99,-99,-99,-99,-99
2020,SP,14,E,5,1,0.876,0,-99,-99,0,0,-99,-99,0,none,0,0,none,0,0,-99,-99,-99,-99,-99
2020,SP,15,C,1,5,3.161,3,-99,-99,0.51,0,-99,-99,0,none,0,0,none,0,0,-99,-99,-99,-99,-99
2020,SP,15,C,2,1,0.489,3,-99,-99,0.555,0,-99,-99,0,none,0,0,none,0,0,-99,-99,-99,-99,-99
2020,SP,15,C,3,0,0,0,-99,-99,0,0,-99,-99,0,none,0,0,none,0,0,-99,-99,-99,-99,-99
2020,SP,15,C,4,1,0.299,0,-99,-99,0,0,-99,-99,0,none,0,0,none,0,0,-99,-99,-99,-99,-99
2020,SP,15,C,5,0,0,3,-99,-99,0.423,0,-99,-99,0,none,0,0,none,0,0,-99,-99,-99,-99,-99
2021,MX,1,E,1,2,0.649,0,-99,-99,0,0,-99,-99,0,AMCA,1,0.058,none,0,0,-99,-99,-99,-99,-99
2021,MX,1,E,2,2,2.716,0,-99,-99,0,0,-99,-99,0,ATPA,2,0.123,none,0,0,-99,-99,-99,-99,-99
2021,MX,1,E,3,3,2.104,0,-99,-99,0,0,-99,-99,0,none,0,0,none,0,0,-99,-99,-99,-99,-99
2021,MX,1,E,4,3,1.783,0,-99,-99,0,0,-99,-99,0,none,0,0,none,0,0,-99,-99,-99,-99,-99
2021,MX,1,E,5,1,0.718,0,-99,-99,0,0,-99,-99,0,none,0,0,none,0,0,-99,-99,-99,-99,-99
2021,MX,2,A,1,0,0,0,-99,-99,0,1,-99,-99,0.111,none,0,0,none,0,0,-99,-99,-99,-99,-99
2021,MX,2,A,2,1,0.725,0,-99,-99,0,0,-99,-99,0,none,0,0,none,0,0,-99,-99,-99,-99,-99
2021,MX,2,A,3,1,0.99,0,-99,-99,0,0,-99,-99,0,none,0,0,none,0,0,-99,-99,-99,-99,-99
2021,MX,2,A,4,3,1.241,0,-99,-99,0,2,-99,-99,0.264,ATPA,1,0.178,none,0,0,-99,-99,-99,-99,-99
2021,MX,2,A,5,0,0,0,-99,-99,0,2,-99,-99,0.121,none,0,0,none,0,0,-99,-99,-99,-99,-99
2021,MX,3,C,1,1,0.564,3,-99,-99,0.345,2,-99,-99,0.447,none,0,0,none,0,0,-99,-99,-99,-99,-99
2021,MX,3,C,2,1,0.4,1,-99,-99,0.497,2,-99,-99,0.494,ATPA,1,0.024,none,0,0,-99,-99,-99,-99,-99
2021,MX,3,C,3,0,0,8,-99,-99,1.512,1,-99,-99,0.304,none,0,0,none,0,0,-99,-99,-99,-99,-99
2021,MX,3,C,4,2,1.332,2,-99,-99,0.516,5,-99,-99,1.916,none,0,0,none,0,0,-99,-99,-99,-99,-99
2021,MX,3,C,5,0,0,0,-99,-99,0,1,-99,-99,0.278,none,0,0,none,0,0,-99,-99,-99,-99,-99
2021,MX,4,E,1,2,1.187,0,-99,-99,0,1,-99,-99,0.042,AMCA,3,0.156,none,0,0,-99,-99,-99,-99,-99
2021,MX,4,E,2,3,1.701,2,-99,-99,0.259,0,-99,-99,0,none,0,0,none,0,0,-99,-99,-99,-99,-99
2021,MX,4,E,3,2,0.626,0,-99,-99,0,2,-99,-99,0.324,AMCA,1,0.082,none,0,0,-99,-99,-99,-99,-99
2021,MX,4,E,4,0,0,0,-99,-99,0,0,-99,-99,0,none,0,0,none,0,0,-99,-99,-99,-99,-99
2021,MX,4,E,5,2,0.592,0,-99,-99,0,1,-99,-99,0.059,none,0,0,none,0,0,-99,-99,-99,-99,-99
2021,MX,5,C,1,5,2.576,2,-99,-99,0.333,2,-99,-99,0.279,none,0,0,none,0,0,-99,-99,-99,-99,-99
2021,MX,5,C,2,1,0.709,0,-99,-99,0,1,-99,-99,0.038,none,0,0,none,0,0,-99,-99,-99,-99,-99
2021,MX,5,C,3,1,0.574,2,-99,-99,0.206,2,-99,-99,0.455,none,0,0,none,0,0,-99,-99,-99,-99,-99
2021,MX,5,C,4,1,0.913,0,-99,-99,0,0,-99,-99,0,none,0,0,none,0,0,-99,-99,-99,-99,-99
2021,MX,5,C,5,1,0.503,0,-99,-99,0,3,-99,-99,0.287,none,0,0,none,0,0,-99,-99,-99,-99,-99
2021,MX,6,A,1,1,0.97,0,-99,-99,0,0,-99,-99,0,none,0,0,none,0,0,-99,-99,-99,-99,-99
2021,MX,6,A,2,3,1.971,0,-99,-99,0,0,-99,-99,0,none,0,0,none,0,0,-99,-99,-99,-99,-99
2021,MX,6,A,3,1,0.593,0,-99,-99,0,0,-99,-99,0,none,0,0,none,0,0,-99,-99,-99,-99,-99
2021,MX,6,A,4,2,1.254,0,-99,-99,0,0,-99,-99,0,none,0,0,none,0,0,-99,-99,-99,-99,-99
2021,MX,6,A,5,0,0,0,-99,-99,0,0,-99,-99,0,none,0,0,none,0,0,-99,-99,-99,-99,-99
2021,MX,7,C,1,1,0.951,11,-99,-99,1.794,0,-99,-99,0,AMCA,1,0.057,none,0,0,-99,-99,-99,-99,-99
2021,MX,7,C,2,0,0,0,-99,-99,0,0,-99,-99,0,POHY,1,0.747,none,0,0,-99,-99,-99,-99,-99
2021,MX,7,C,3,1,0.223,7,-99,-99,0.737,0,-99,-99,0,ATPA,1,0.015,none,0,0,-99,-99,-99,-99,-99
2021,MX,7,C,4,3,1.968,1,-99,-99,0.121,0,-99,-99,0,none,0,0,none,0,0,-99,-99,-99,-99,-99
2021,MX,7,C,5,0,0,2,-99,-99,0.297,3,-99,-99,0.288,none,0,0,none,0,0,-99,-99,-99,-99,-99
2021,MX,8,E,1,3,3.672,0,-99,-99,0,0,-99,-99,0,none,0,0,none,0,0,-99,-99,-99,-99,-99
2021,MX,8,E,2,1,0.174,1,-99,-99,0.155,1,-99,-99,0.06,none,0,0,none,0,0,-99,-99,-99,-99,-99
2021,MX,8,E,3,6,4.663,0,-99,-99,0,1,-99,-99,0.087,none,0,0,none,0,0,-99,-99,-99,-99,-99
2021,MX,8,E,4,1,0.755,0,-99,-99,0,0,-99,-99,0,none,0,0,none,0,0,-99,-99,-99,-99,-99
2021,MX,8,E,5,0,0,1,-99,-99,0.088,1,-99,-99,0.108,none,0,0,none,0,0,-99,-99,-99,-99,-99
2021,MX,9,A,1,3,1.148,2,-99,-99,0.265,1,-99,-99,0.09,none,0,0,none,0,0,-99,-99,-99,-99,-99
2021,MX,9,A,2,0,0,0,-99,-99,0,0,-99,-99,0,none,0,0,none,0,0,-99,-99,-99,-99,-99
2021,MX,9,A,3,2,1.514,0,-99,-99,0,1,-99,-99,0.055,none,0,0,none,0,0,-99,-99,-99,-99,-99
2021,MX,9,A,4,0,0,0,-99,-99,0,1,-99,-99,0.057,none,0,0,none,0,0,-99,-99,-99,-99,-99
2021,MX,9,A,5,2,0.964,1,-99,-99,0.098,0,-99,-99,0,none,0,0,none,0,0,-99,-99,-99,-99,-99
2021,MX,10,C,1,0,0,4,-99,-99,0.545,2,-99,-99,0.619,none,0,0,none,0,0,-99,-99,-99,-99,-99
2021,MX,10,C,2,1,0.089,2,-99,-99,0.377,0,-99,-99,0,none,0,0,none,0,0,-99,-99,-99,-99,-99
2021,MX,10,C,3,0,0,9,-99,-99,0.975,0,-99,-99,0,none,0,0,none,0,0,-99,-99,-99,-99,-99
2021,MX,10,C,4,1,1.094,13,-99,-99,1.547,1,-99,-99,0.09,none,0,0,none,0,0,-99,-99,-99,-99,-99
2021,MX,10,C,5,1,0.75,2,-99,-99,0.267,0,-99,-99,0,AMCA,1,0.251,none,0,0,-99,-99,-99,-99,-99
2021,MX,11,E,1,1,0.675,0,-99,-99,0,0,-99,-99,0,none,0,0,none,0,0,-99,-99,-99,-99,-99
2021,MX,11,E,2,3,1.961,0,-99,-99,0,0,-99,-99,0,none,0,0,none,0,0,-99,-99,-99,-99,-99
2021,MX,11,E,3,0,0,0,-99,-99,0,0,-99,-99,0,none,0,0,none,0,0,-99,-99,-99,-99,-99
2021,MX,11,E,4,2,0.499,0,-99,-99,0,0,-99,-99,0,none,0,0,none,0,0,-99,-99,-99,-99,-99
2021,MX,11,E,5,1,0.412,0,-99,-99,0,0,-99,-99,0,none,0,0,none,0,0,-99,-99,-99,-99,-99
2021,MX,12,A,1,1,0.396,0,-99,-99,0,6,-99,-99,0.562,none,0,0,none,0,0,-99,-99,-99,-99,-99
2021,MX,12,A,2,2,1.318,0,-99,-99,0,0,-99,-99,0,none,0,0,none,0,0,-99,-99,-99,-99,-99
2021,MX,12,A,3,1,0.909,0,-99,-99,0,0,-99,-99,0,none,0,0,none,0,0,-99,-99,-99,-99,-99
2021,MX,12,A,4,0,0,0,-99,-99,0,0,-99,-99,0,none,0,0,none,0,0,-99,-99,-99,-99,-99
2021,MX,12,A,5,1,0.131,0,-99,-99,0,0,-99,-99,0,none,0,0,none,0,0,-99,-99,-99,-99,-99
2021,MX,13,E,1,2,0.809,0,-99,-99,0,0,-99,-99,0,none,0,0,none,0,0,-99,-99,-99,-99,-99
2021,MX,13,E,2,3,0.763,0,-99,-99,0,0,-99,-99,0,none,0,0,none,0,0,-99,-99,-99,-99,-99
2021,MX,13,E,3,1,0.525,0,-99,-99,0,0,-99,-99,0,none,0,0,none,0,0,-99,-99,-99,-99,-99
2021,MX,13,E,4,1,0.498,2,-99,-99,0.189,0,-99,-99,0,none,0,0,none,0,0,-99,-99,-99,-99,-99
2021,MX,13,E,5,1,0.546,2,-99,-99,0.354,0,-99,-99,0,none,0,0,none,0,0,-99,-99,-99,-99,-99
2021,MX,14,C,1,0,0,3,-99,-99,0.512,4,-99,-99,0.763,ATPA,1,0.179,none,0,0,-99,-99,-99,-99,-99
2021,MX,14,C,2,0,0,2,-99,-99,0.325,5,-99,-99,0.949,none,0,0,none,0,0,-99,-99,-99,-99,-99
2021,MX,14,C,3,2,1.606,11,-99,-99,1.829,1,-99,-99,0.159,none,0,0,none,0,0,-99,-99,-99,-99,-99
2021,MX,14,C,4,0,0,1,-99,-99,0.17,0,-99,-99,0,none,0,0,none,0,0,-99,-99,-99,-99,-99
2021,MX,14,C,5,0,0,1,-99,-99,0.299,5,-99,-99,0.879,none,0,0,none,0,0,-99,-99,-99,-99,-99
2021,MX,15,A,1,0,0,0,-99,-99,0,4,-99,-99,0.362,none,0,0,none,0,0,-99,-99,-99,-99,-99
2021,MX,15,A,2,0,0,0,-99,-99,0,0,-99,-99,0,none,0,0,none,0,0,-99,-99,-99,-99,-99
2021,MX,15,A,3,0,0,0,-99,-99,0,1,-99,-99,0.059,none,0,0,none,0,0,-99,-99,-99,-99,-99
2021,MX,15,A,4,3,2.805,0,-99,-99,0,0,-99,-99,0,none,0,0,none,0,0,-99,-99,-99,-99,-99
2021,MX,15,A,5,0,0,0,-99,-99,0,1,-99,-99,0.2,none,0,0,none,0,0,-99,-99,-99,-99,-99
2021,SP,1,E,1,1,1.025,0,-99,-99,0,0,-99,-99,0,none,0,0,none,0,0,-99,-99,-99,-99,-99
2021,SP,1,E,2,0,0,0,-99,-99,0,2,-99,-99,0.251,none,0,0,none,0,0,-99,-99,-99,-99,-99
2021,SP,1,E,3,0,0,0,-99,-99,0,0,-99,-99,0,none,0,0,none,0,0,-99,-99,-99,-99,-99
2021,SP,1,E,4,0,0,1,-99,-99,0.208,2,-99,-99,0.258,none,0,0,none,0,0,-99,-99,-99,-99,-99
2021,SP,1,E,5,3,2.583,0,-99,-99,0,1,-99,-99,0.025,none,0,0,none,0,0,-99,-99,-99,-99,-99
2021,SP,2,A,1,0,0,7,-99,-99,0.755,0,-99,-99,0,none,0,0,none,0,0,-99,-99,-99,-99,-99
2021,SP,2,A,2,2,2.159,2,-99,-99,0.048,0,-99,-99,0,none,0,0,none,0,0,-99,-99,-99,-99,-99
2021,SP,2,A,3,0,0,1,-99,-99,0.01,0,-99,-99,0,none,0,0,none,0,0,-99,-99,-99,-99,-99
2021,SP,2,A,4,0,0,7,-99,-99,1.086,0,-99,-99,0,none,0,0,none,0,0,-99,-99,-99,-99,-99
2021,SP,2,A,5,0,0,0,-99,-99,0,0,-99,-99,0,none,0,0,none,0,0,-99,-99,-99,-99,-99
2021,SP,3,C,1,0,0,1,-99,-99,0.088,0,-99,-99,0,none,0,0,none,0,0,-99,-99,-99,-99,-99
2021,SP,3,C,2,1,0.131,4,-99,-99,0.734,0,-99,-99,0,none,0,0,none,0,0,-99,-99,-99,-99,-99
2021,SP,3,C,3,3,1.918,8,-99,-99,1.819,0,-99,-99,0,none,0,0,none,0,0,-99,-99,-99,-99,-99
2021,SP,3,C,4,1,0.249,3,-99,-99,0.963,0,-99,-99,0,AMCA,1,0.041,none,0,0,-99,-99,-99,-99,-99
2021,SP,3,C,5,0,0,5,-99,-99,1.696,0,-99,-99,0,none,0,0,none,0,0,-99,-99,-99,-99,-99
2021,SP,4,E,1,2,1.001,0,-99,-99,0,0,-99,-99,0,POHY,4,0.129,none,0,0,-99,-99,-99,-99,-99
2021,SP,4,E,2,2,2.18,2,-99,-99,0.542,0,-99,-99,0,POHY,1,0.018,none,0,0,-99,-99,-99,-99,-99
2021,SP,4,E,3,2,0.88,5,-99,-99,0.835,0,-99,-99,0,none,0,0,none,0,0,-99,-99,-99,-99,-99
2021,SP,4,E,4,3,1.061,3,-99,-99,0.484,0,-99,-99,0,none,0,0,none,0,0,-99,-99,-99,-99,-99
2021,SP,4,E,5,2,1.846,0,-99,-99,0,0,-99,-99,0,none,0,0,none,0,0,-99,-99,-99,-99,-99
2021,SP,5,A,1,0,0,6,-99,-99,1.434,0,-99,-99,0,none,0,0,none,0,0,-99,-99,-99,-99,-99
2021,SP,5,A,2,0,0,1,-99,-99,0.448,0,-99,-99,0,none,0,0,none,0,0,-99,-99,-99,-99,-99
2021,SP,5,A,3,0,0,5,-99,-99,1.333,0,-99,-99,0,none,0,0,none,0,0,-99,-99,-99,-99,-99
2021,SP,5,A,4,0,0,3,-99,-99,0.775,0,-99,-99,0,none,0,0,none,0,0,-99,-99,-99,-99,-99
2021,SP,5,A,5,0,0,2,-99,-99,0.361,0,-99,-99,0,none,0,0,none,0,0,-99,-99,-99,-99,-99
2021,SP,6,C,1,0,0,11,-99,-99,2.178,0,-99,-99,0,none,0,0,none,0,0,-99,-99,-99,-99,-99
2021,SP,6,C,2,0,0,6,-99,-99,0.461,0,-99,-99,0,none,0,0,none,0,0,-99,-99,-99,-99,-99
2021,SP,6,C,3,0,0,5,-99,-99,1.086,0,-99,-99,0,none,0,0,none,0,0,-99,-99,-99,-99,-99
2021,SP,6,C,4,1,1.074,1,-99,-99,0.183,0,-99,-99,0,none,0,0,none,0,0,-99,-99,-99,-99,-99
2021,SP,6,C,5,0,0,2,-99,-99,0.35,1,-99,-99,0.088,none,0,0,none,0,0,-99,-99,-99,-99,-99
2021,SP,7,C,1,0,0,4,-99,-99,0.513,0,-99,-99,0,SOSE,1,7.787,none,0,0,-99,-99,-99,-99,-99
2021,SP,7,C,2,1,0.309,9,-99,-99,1.153,0,-99,-99,0,none,0,0,none,0,0,-99,-99,-99,-99,-99
2021,SP,7,C,3,0,0,13,-99,-99,1.802,0,-99,-99,0,none,0,0,none,0,0,-99,-99,-99,-99,-99
2021,SP,7,C,4,0,0,3,-99,-99,0.283,0,-99,-99,0,AMCA,1,0.06,none,0,0,-99,-99,-99,-99,-99
2021,SP,7,C,5,2,0.94,8,-99,-99,1.177,0,-99,-99,0,none,0,0,none,0,0,-99,-99,-99,-99,-99
2021,SP,8,E,1,2,1.559,0,-99,-99,0,0,-99,-99,0,AMCA,1,0.218,none,0,0,-99,-99,-99,-99,-99
2021,SP,8,E,2,1,0.097,3,-99,-99,0.466,0,-99,-99,0,AMCA,2,0.019,none,0,0,-99,-99,-99,-99,-99
2021,SP,8,E,3,3,1.159,0,-99,-99,0,0,-99,-99,0,none,0,0,none,0,0,-99,-99,-99,-99,-99
2021,SP,8,E,4,4,2.789,5,-99,-99,0.423,0,-99,-99,0,none,0,0,none,0,0,-99,-99,-99,-99,-99
2021,SP,8,E,5,2,0.968,0,-99,-99,0,0,-99,-99,0,none,0,0,none,0,0,-99,-99,-99,-99,-99
2021,SP,9,A,1,1,0.483,0,-99,-99,0,0,-99,-99,0,AMCA,1,0.023,none,0,0,-99,-99,-99,-99,-99
2021,SP,9,A,2,4,2.949,1,-99,-99,0.341,0,-99,-99,0,none,0,0,none,0,0,-99,-99,-99,-99,-99
2021,SP,9,A,3,3,3.176,0,-99,-99,0,0,-99,-99,0,none,0,0,none,0,0,-99,-99,-99,-99,-99
2021,SP,9,A,4,5,5.308,0,-99,-99,0,0,-99,-99,0,none,0,0,none,0,0,-99,-99,-99,-99,-99
2021,SP,9,A,5,0,0,0,-99,-99,0,0,-99,-99,0,AMCA,2,0.221,none,0,0,-99,-99,-99,-99,-99
2021,SP,10,E,1,6,3.098,0,-99,-99,0,0,-99,-99,0,none,0,0,none,0,0,-99,-99,-99,-99,-99
2021,SP,10,E,2,3,1.043,0,-99,-99,0,0,-99,-99,0,none,0,0,none,0,0,-99,-99,-99,-99,-99
2021,SP,10,E,3,5,2.516,0,-99,-99,0,3,-99,-99,0.352,none,0,0,none,0,0,-99,-99,-99,-99,-99
2021,SP,10,E,4,0,0,0,-99,-99,0,0,-99,-99,0,none,0,0,none,0,0,-99,-99,-99,-99,-99
2021,SP,10,E,5,1,0.496,0,-99,-99,0,0,-99,-99,0,none,0,0,none,0,0,-99,-99,-99,-99,-99
2021,SP,11,A,1,1,0.207,0,-99,-99,0,2,-99,-99,0.21,none,0,0,none,0,0,-99,-99,-99,-99,-99
2021,SP,11,A,2,0,0,1,-99,-99,0.158,0,-99,-99,0,none,0,0,none,0,0,-99,-99,-99,-99,-99
2021,SP,11,A,3,0,0,0,-99,-99,0,0,-99,-99,0,none,0,0,none,0,0,-99,-99,-99,-99,-99
2021,SP,11,A,4,1,0.264,3,-99,-99,0.388,0,-99,-99,0,ATPA,1,0.09,none,0,0,-99,-99,-99,-99,-99
2021,SP,11,A,5,0,0,0,-99,-99,0,0,-99,-99,0,none,0,0,none,0,0,-99,-99,-99,-99,-99
2021,SP,12,C,1,0,0,27,-99,-99,3.019,0,-99,-99,0,none,0,0,none,0,0,-99,-99,-99,-99,-99
2021,SP,12,C,2,0,0,3,-99,-99,0.6,0,-99,-99,0,none,0,0,none,0,0,-99,-99,-99,-99,-99
2021,SP,12,C,3,2,1.272,1,-99,-99,0.172,0,-99,-99,0,none,0,0,none,0,0,-99,-99,-99,-99,-99
2021,SP,12,C,4,1,1.284,6,-99,-99,0.858,0,-99,-99,0,SOSE,1,1.329,none,0,0,-99,-99,-99,-99,-99
2021,SP,12,C,5,1,0.12,15,-99,-99,1.84,0,-99,-99,0,none,0,0,none,0,0,-99,-99,-99,-99,-99
2021,SP,13,A,1,1,0.411,0,-99,-99,0,0,-99,-99,0,none,0,0,none,0,0,-99,-99,-99,-99,-99
2021,SP,13,A,2,0,0,0,-99,-99,0,0,-99,-99,0,none,0,0,none,0,0,-99,-99,-99,-99,-99
2021,SP,13,A,3,2,1.688,0,-99,-99,0,0,-99,-99,0,none,0,0,none,0,0,-99,-99,-99,-99,-99
2021,SP,13,A,4,1,0.547,0,-99,-99,0,0,-99,-99,0,none,0,0,none,0,0,-99,-99,-99,-99,-99
2021,SP,13,A,5,0,0,0,-99,-99,0,0,-99,-99,0,none,0,0,none,0,0,-99,-99,-99,-99,-99
2021,SP,14,E,1,1,1.537,0,-99,-99,0,0,-99,-99,0,none,0,0,none,0,0,-99,-99,-99,-99,-99
2021,SP,14,E,2,1,0.334,0,-99,-99,0,0,-99,-99,0,none,0,0,none,0,0,-99,-99,-99,-99,-99
2021,SP,14,E,3,1,1.64,0,-99,-99,0,0,-99,-99,0,none,0,0,none,0,0,-99,-99,-99,-99,-99
2021,SP,14,E,4,4,2.085,0,-99,-99,0,0,-99,-99,0,none,0,0,none,0,0,-99,-99,-99,-99,-99
2021,SP,14,E,5,3,2.919,0,-99,-99,0,0,-99,-99,0,none,0,0,none,0,0,-99,-99,-99,-99,-99
2021,SP,15,C,1,2,1.44,3,-99,-99,0.436,0,-99,-99,0,none,0,0,none,0,0,-99,-99,-99,-99,-99
2021,SP,15,C,2,0,0,12,-99,-99,1.828,0,-99,-99,0,none,0,0,none,0,0,-99,-99,-99,-99,-99
2021,SP,15,C,3,2,1.704,8,-99,-99,1.444,0,-99,-99,0,none,0,0,none,0,0,-99,-99,-99,-99,-99
2021,SP,15,C,4,0,0,6,-99,-99,1.593,0,-99,-99,0,AMCA,1,0.07,none,0,0,-99,-99,-99,-99,-99
2021,SP,15,C,5,0,0,5,-99,-99,1.384,0,-99,-99,0,none,0,0,none,0,0,-99,-99,-99,-99,-99
2021,SC,1,E,1,3,3.126,0,-99,-99,0,0,-99,-99,0,none,0,0,none,0,0,-99,-99,-99,-99,-99
2021,SC,1,E,2,0,0,0,-99,-99,0,0,-99,-99,0,none,0,0,none,0,0,-99,-99,-99,-99,-99
2021,SC,1,E,3,1,0.517,0,-99,-99,0,0,-99,-99,0,none,0,0,none,0,0,-99,-99,-99,-99,-99
2021,SC,1,E,4,2,1.999,0,-99,-99,0,0,-99,-99,0,none,0,0,none,0,0,-99,-99,-99,-99,-99
2021,SC,1,E,5,0,0,0,-99,-99,0,0,-99,-99,0,none,0,0,none,0,0,-99,-99,-99,-99,-99
2021,SC,2,A,1,4,4.419,0,-99,-99,0,0,-99,-99,0,none,0,0,none,0,0,-99,-99,-99,-99,-99
2021,SC,2,A,2,1,1.761,0,-99,-99,0,0,-99,-99,0,none,0,0,none,0,0,-99,-99,-99,-99,-99
2021,SC,2,A,3,3,0.824,0,-99,-99,0,0,-99,-99,0,none,0,0,none,0,0,-99,-99,-99,-99,-99
2021,SC,2,A,4,0,0,0,-99,-99,0,0,-99,-99,0,none,0,0,none,0,0,-99,-99,-99,-99,-99
2021,SC,2,A,5,2,0.701,0,-99,-99,0,0,-99,-99,0,none,0,0,none,0,0,-99,-99,-99,-99,-99
2021,SC,3,C,1,0,0,0,-99,-99,0,0,-99,-99,0,none,0,0,none,0,0,-99,-99,-99,-99,-99
2021,SC,3,C,2,0,0,7,-99,-99,1.15,0,-99,-99,0,none,0,0,none,0,0,-99,-99,-99,-99,-99
2021,SC,3,C,3,1,0.639,2,-99,-99,2.258,0,-99,-99,0,none,0,0,none,0,0,-99,-99,-99,-99,-99
2021,SC,3,C,4,0,0,2,-99,-99,0.111,0,-99,-99,0,none,0,0,none,0,0,-99,-99,-99,-99,-99
2021,SC,3,C,5,0,0,9,-99,-99,1.622,0,-99,-99,0,none,0,0,none,0,0,-99,-99,-99,-99,-99
2021,SC,4,A,1,1,1.364,0,-99,-99,0,0,-99,-99,0,none,0,0,none,0,0,-99,-99,-99,-99,-99
2021,SC,4,A,2,2,2.718,0,-99,-99,0,0,-99,-99,0,none,0,0,none,0,0,-99,-99,-99,-99,-99
2021,SC,4,A,3,0,0,0,-99,-99,0,1,-99,-99,0.051,none,0,0,none,0,0,-99,-99,-99,-99,-99
2021,SC,4,A,4,0,0,0,-99,-99,0,1,-99,-99,0.152,none,0,0,none,0,0,-99,-99,-99,-99,-99
2021,SC,4,A,5,1,1.091,0,-99,-99,0,0,-99,-99,0,none,0,0,none,0,0,-99,-99,-99,-99,-99
2021,SC,5,C,1,2,1.459,5,-99,-99,0.926,0,-99,-99,0,none,0,0,none,0,0,-99,-99,-99,-99,-99
2021,SC,5,C,2,3,2.876,5,-99,-99,0.689,0,-99,-99,0,ATPA,1,0.041,none,0,0,-99,-99,-99,-99,-99
2021,SC,5,C,3,0,0,3,-99,-99,0.392,0,-99,-99,0,none,0,0,none,0,0,-99,-99,-99,-99,-99
2021,SC,5,C,4,0,0,3,-99,-99,0.362,0,-99,-99,0,none,0,0,none,0,0,-99,-99,-99,-99,-99
2021,SC,5,C,5,0,0,4,-99,-99,0.545,0,-99,-99,0,none,0,0,none,0,0,-99,-99,-99,-99,-99
2021,SC,6,E,1,3,2.271,0,-99,-99,0,0,-99,-99,0,none,0,0,none,0,0,-99,-99,-99,-99,-99
2021,SC,6,E,2,4,2.297,0,-99,-99,0,0,-99,-99,0,none,0,0,none,0,0,-99,-99,-99,-99,-99
2021,SC,6,E,3,1,0.351,0,-99,-99,0,0,-99,-99,0,none,0,0,none,0,0,-99,-99,-99,-99,-99
2021,SC,6,E,4,1,1.496,0,-99,-99,0,0,-99,-99,0,none,0,0,none,0,0,-99,-99,-99,-99,-99
2021,SC,6,E,5,2,1.019,1,-99,-99,0.018,0,-99,-99,0,none,0,0,none,0,0,-99,-99,-99,-99,-99
2021,SC,7,C,1,1,1.177,0,-99,-99,0,0,-99,-99,0,none,0,0,none,0,0,-99,-99,-99,-99,-99
2021,SC,7,C,2,0,0,15,-99,-99,3.071,0,-99,-99,0,POHY,2,0.062,none,0,0,-99,-99,-99,-99,-99
2021,SC,7,C,3,1,0.51,8,-99,-99,0.927,0,-99,-99,0,none,0,0,none,0,0,-99,-99,-99,-99,-99
2021,SC,7,C,4,0,0,8,-99,-99,1.041,0,-99,-99,0,none,0,0,none,0,0,-99,-99,-99,-99,-99
2021,SC,7,C,5,0,0,1,-99,-99,0.114,0,-99,-99,0,none,0,0,none,0,0,-99,-99,-99,-99,-99
2021,SC,8,A,1,0,0,0,-99,-99,0,0,-99,-99,0,none,0,0,none,0,0,-99,-99,-99,-99,-99
2021,SC,8,A,2,3,3.432,0,-99,-99,0,0,-99,-99,0,none,0,0,none,0,0,-99,-99,-99,-99,-99
2021,SC,8,A,3,2,2.716,0,-99,-99,0,0,-99,-99,0,none,0,0,none,0,0,-99,-99,-99,-99,-99
2021,SC,8,A,4,1,0.575,0,-99,-99,0,0,-99,-99,0,none,0,0,none,0,0,-99,-99,-99,-99,-99
2021,SC,8,A,5,1,1.822,0,-99,-99,0,0,-99,-99,0,none,0,0,none,0,0,-99,-99,-99,-99,-99
2021,SC,9,E,1,1,0.502,0,-99,-99,0,0,-99,-99,0,none,0,0,none,0,0,-99,-99,-99,-99,-99
2021,SC,9,E,2,0,0,0,-99,-99,0,0,-99,-99,0,none,0,0,none,0,0,-99,-99,-99,-99,-99
2021,SC,9,E,3,0,0,0,-99,-99,0,0,-99,-99,0,none,0,0,none,0,0,-99,-99,-99,-99,-99
2021,SC,9,E,4,0,0,1,-99,-99,0.189,0,-99,-99,0,none,0,0,none,0,0,-99,-99,-99,-99,-99
2021,SC,9,E,5,8,4.758,0,-99,-99,0,0,-99,-99,0,none,0,0,none,0,0,-99,-99,-99,-99,-99
2021,SC,10,E,1,2,1.986,0,-99,-99,0,0,-99,-99,0,none,0,0,none,0,0,-99,-99,-99,-99,-99
2021,SC,10,E,2,1,1.201,0,-99,-99,0,0,-99,-99,0,none,0,0,none,0,0,-99,-99,-99,-99,-99
2021,SC,10,E,3,2,1.979,1,-99,-99,0.033,0,-99,-99,0,none,0,0,none,0,0,-99,-99,-99,-99,-99
2021,SC,10,E,4,2,0.556,0,-99,-99,0,0,-99,-99,0,none,0,0,none,0,0,-99,-99,-99,-99,-99
2021,SC,10,E,5,1,0.517,0,-99,-99,0,0,-99,-99,0,none,0,0,none,0,0,-99,-99,-99,-99,-99
2021,SC,11,C,1,2,1.318,3,-99,-99,0.334,0,-99,-99,0,POHY,1,0.515,none,0,0,-99,-99,-99,-99,-99
2021,SC,11,C,2,0,0,1,-99,-99,0.087,0,-99,-99,0,none,0,0,none,0,0,-99,-99,-99,-99,-99
2021,SC,11,C,3,1,0.915,7,-99,-99,1.059,2,-99,-99,0.171,none,0,0,none,0,0,-99,-99,-99,-99,-99
2021,SC,11,C,4,4,4.751,10,-99,-99,1.662,2,-99,-99,0.324,none,0,0,none,0,0,-99,-99,-99,-99,-99
2021,SC,11,C,5,0,0,0,-99,-99,0,1,-99,-99,0.153,none,0,0,none,0,0,-99,-99,-99,-99,-99
2021,SC,12,A,1,0,0,0,-99,-99,0,2,-99,-99,0.086,none,0,0,none,0,0,-99,-99,-99,-99,-99
2021,SC,12,A,2,4,3.693,0,-99,-99,0,0,-99,-99,0,none,0,0,none,0,0,-99,-99,-99,-99,-99
2021,SC,12,A,3,5,5.185,0,-99,-99,0,0,-99,-99,0,none,0,0,none,0,0,-99,-99,-99,-99,-99
2021,SC,12,A,4,0,0,0,-99,-99,0,0,-99,-99,0,none,0,0,none,0,0,-99,-99,-99,-99,-99
2021,SC,12,A,5,1,1.184,0,-99,-99,0,1,-99,-99,0.15,none,0,0,none,0,0,-99,-99,-99,-99,-99
2021,SC,13,C,1,2,2.355,1,-99,-99,0.119,0,-99,-99,0,none,0,0,none,0,0,-99,-99,-99,-99,-99
2021,SC,13,C,2,1,1.302,1,-99,-99,0.143,0,-99,-99,0,none,0,0,none,0,0,-99,-99,-99,-99,-99
2021,SC,13,C,3,0,0,0,-99,-99,0,0,-99,-99,0,none,0,0,none,0,0,-99,-99,-99,-99,-99
2021,SC,13,C,4,0,0,1,-99,-99,0.077,0,-99,-99,0,none,0,0,none,0,0,-99,-99,-99,-99,-99
2021,SC,13,C,5,0,0,13,-99,-99,2.298,0,-99,-99,0,none,0,0,none,0,0,-99,-99,-99,-99,-99
2021,SC,14,E,1,2,1.27,0,-99,-99,0,0,-99,-99,0,none,0,0,none,0,0,-99,-99,-99,-99,-99
2021,SC,14,E,2,0,0,0,-99,-99,0,0,-99,-99,0,none,0,0,none,0,0,-99,-99,-99,-99,-99
2021,SC,14,E,3,4,5.244,0,-99,-99,0,0,-99,-99,0,none,0,0,none,0,0,-99,-99,-99,-99,-99
2021,SC,14,E,4,1,0.405,0,-99,-99,0,0,-99,-99,0,none,0,0,none,0,0,-99,-99,-99,-99,-99
2021,SC,14,E,5,1,0.695,0,-99,-99,0,0,-99,-99,0,none,0,0,none,0,0,-99,-99,-99,-99,-99
2021,SC,15,A,1,1,1.379,0,-99,-99,0,0,-99,-99,0,none,0,0,none,0,0,-99,-99,-99,-99,-99
2021,SC,15,A,2,4,3.541,0,-99,-99,0,0,-99,-99,0,none,0,0,none,0,0,-99,-99,-99,-99,-99
2021,SC,15,A,3,0,0,0,-99,-99,0,0,-99,-99,0,none,0,0,none,0,0,-99,-99,-99,-99,-99
2021,SC,15,A,4,1,0.81,0,-99,-99,0,0,-99,-99,0,none,0,0,none,0,0,-99,-99,-99,-99,-99
2021,SC,15,A,5,3,2.596,0,-99,-99,0,0,-99,-99,0,none,0,0,none,0,0,-99,-99,-99,-99,-99
2022,SC,1,E,1,2,1.319,0,-99,-99,0,0,-99,-99,0,none,0,0,none,0,0,-99,-99,-99,-99,-99
2022,SC,1,E,2,1,0.58,0,-99,-99,0,0,-99,-99,0,none,0,0,none,0,0,-99,-99,-99,-99,-99
2022,SC,1,E,3,5,2.87,0,-99,-99,0,0,-99,-99,0,none,0,0,none,0,0,-99,-99,-99,-99,-99
2022,SC,1,E,4,2,2.227,0,-99,-99,0,0,-99,-99,0,none,0,0,none,0,0,-99,-99,-99,-99,-99
2022,SC,1,E,5,0,0,0,-99,-99,0,0,-99,-99,0,none,0,0,none,0,0,-99,-99,-99,-99,-99
2022,SC,2,A,1,0,0,0,-99,-99,0,0,-99,-99,0,none,0,0,none,0,0,-99,-99,-99,-99,-99
2022,SC,2,A,2,1,0.925,0,-99,-99,0,0,-99,-99,0,none,0,0,none,0,0,-99,-99,-99,-99,-99
2022,SC,2,A,3,1,1.228,0,-99,-99,0,0,-99,-99,0,none,0,0,none,0,0,-99,-99,-99,-99,-99
2022,SC,2,A,4,0,0,0,-99,-99,0,0,-99,-99,0,none,0,0,none,0,0,-99,-99,-99,-99,-99
2022,SC,2,A,5,0,0,0,-99,-99,0,0,-99,-99,0,none,0,0,none,0,0,-99,-99,-99,-99,-99
2022,SC,3,C,1,3,4.067,2,-99,-99,0.214,0,-99,-99,0,ATPA,1,0.025,none,0,0,-99,-99,-99,-99,-99
2022,SC,3,C,2,1,0.946,0,-99,-99,0,0,-99,-99,0,none,0,0,none,0,0,-99,-99,-99,-99,-99
2022,SC,3,C,3,1,2.112,0,-99,-99,0,0,-99,-99,0,none,0,0,none,0,0,-99,-99,-99,-99,-99
2022,SC,3,C,4,1,0.782,6,-99,-99,0.908,0,-99,-99,0,none,0,0,none,0,0,-99,-99,-99,-99,-99
2022,SC,3,C,5,1,0.996,1,-99,-99,0.177,0,-99,-99,0,none,0,0,none,0,0,-99,-99,-99,-99,-99
2022,SC,4,A,1,0,0,0,-99,-99,0,0,-99,-99,0,none,0,0,none,0,0,-99,-99,-99,-99,-99
2022,SC,4,A,2,1,0.838,0,-99,-99,0,0,-99,-99,0,none,0,0,none,0,0,-99,-99,-99,-99,-99
2022,SC,4,A,3,0,0,0,-99,-99,0,0,-99,-99,0,none,0,0,none,0,0,-99,-99,-99,-99,-99
2022,SC,4,A,4,0,0,0,-99,-99,0,0,-99,-99,0,none,0,0,none,0,0,-99,-99,-99,-99,-99
2022,SC,4,A,5,2,1.862,0,-99,-99,0,0,-99,-99,0,none,0,0,none,0,0,-99,-99,-99,-99,-99
2022,SC,5,C,1,1,0.885,4,-99,-99,0.534,0,-99,-99,0,none,0,0,none,0,0,-99,-99,-99,-99,-99
2022,SC,5,C,2,1,0.708,3,-99,-99,0.409,0,-99,-99,0,none,0,0,none,0,0,-99,-99,-99,-99,-99
2022,SC,5,C,3,0,0,0,-99,-99,0,0,-99,-99,0,none,0,0,none,0,0,-99,-99,-99,-99,-99
2022,SC,5,C,4,1,1.274,11,-99,-99,1.108,0,-99,-99,0,none,0,0,none,0,0,-99,-99,-99,-99,-99
2022,SC,5,C,5,1,1.256,7,-99,-99,1.051,0,-99,-99,0,none,0,0,none,0,0,-99,-99,-99,-99,-99
2022,SC,6,E,1,2,1.429,0,-99,-99,0,0,-99,-99,0,none,0,0,none,0,0,-99,-99,-99,-99,-99
2022,SC,6,E,2,2,0.988,0,-99,-99,0,0,-99,-99,0,none,0,0,none,0,0,-99,-99,-99,-99,-99
2022,SC,6,E,3,3,2.896,0,-99,-99,0,0,-99,-99,0,none,0,0,none,0,0,-99,-99,-99,-99,-99
2022,SC,6,E,4,0,0,0,-99,-99,0,0,-99,-99,0,none,0,0,none,0,0,-99,-99,-99,-99,-99
2022,SC,6,E,5,1,0.588,0,-99,-99,0,0,-99,-99,0,none,0,0,none,0,0,-99,-99,-99,-99,-99
2022,SC,7,C,1,2,1.602,4,-99,-99,0.453,1,-99,-99,0.133,none,0,0,none,0,0,-99,-99,-99,-99,-99
2022,SC,7,C,2,1,0.333,1,-99,-99,0.032,0,-99,-99,0,none,0,0,none,0,0,-99,-99,-99,-99,-99
2022,SC,7,C,3,3,2.894,2,-99,-99,0.064,0,-99,-99,0,none,0,0,none,0,0,-99,-99,-99,-99,-99
2022,SC,7,C,4,1,1.276,6,-99,-99,0.597,0,-99,-99,0,none,0,0,none,0,0,-99,-99,-99,-99,-99
2022,SC,7,C,5,1,1.235,9,-99,-99,1.292,0,-99,-99,0,none,0,0,none,0,0,-99,-99,-99,-99,-99
2022,SC,8,A,1,0,0,0,-99,-99,0,0,-99,-99,0,none,0,0,none,0,0,-99,-99,-99,-99,-99
2022,SC,8,A,2,1,1.138,0,-99,-99,0,0,-99,-99,0,none,0,0,none,0,0,-99,-99,-99,-99,-99
2022,SC,8,A,3,0,0,0,-99,-99,0,0,-99,-99,0,none,0,0,none,0,0,-99,-99,-99,-99,-99
2022,SC,8,A,4,2,1.527,0,-99,-99,0,0,-99,-99,0,none,0,0,none,0,0,-99,-99,-99,-99,-99
2022,SC,8,A,5,1,1.436,0,-99,-99,0,0,-99,-99,0,none,0,0,none,0,0,-99,-99,-99,-99,-99
2022,SC,9,E,1,0,0,0,-99,-99,0,0,-99,-99,0,none,0,0,none,0,0,-99,-99,-99,-99,-99
2022,SC,9,E,2,2,1.21,0,-99,-99,0,0,-99,-99,0,none,0,0,none,0,0,-99,-99,-99,-99,-99
2022,SC,9,E,3,8,6.545,0,-99,-99,0,0,-99,-99,0,none,0,0,none,0,0,-99,-99,-99,-99,-99
2022,SC,9,E,4,3,2.195,0,-99,-99,0,1,-99,-99,0.29,none,0,0,none,0,0,-99,-99,-99,-99,-99
2022,SC,9,E,5,0,0,0,-99,-99,0,0,-99,-99,0,none,0,0,none,0,0,-99,-99,-99,-99,-99
2022,SC,10,E,1,1,0.736,0,-99,-99,0,0,-99,-99,0,none,0,0,none,0,0,-99,-99,-99,-99,-99
2022,SC,10,E,2,2,1.847,0,-99,-99,0,0,-99,-99,0,none,0,0,none,0,0,-99,-99,-99,-99,-99
2022,SC,10,E,3,3,2.38,0,-99,-99,0,0,-99,-99,0,none,0,0,none,0,0,-99,-99,-99,-99,-99
2022,SC,10,E,4,2,1.812,0,-99,-99,0,0,-99,-99,0,none,0,0,none,0,0,-99,-99,-99,-99,-99
2022,SC,10,E,5,2,1.429,0,-99,-99,0,0,-99,-99,0,none,0,0,none,0,0,-99,-99,-99,-99,-99
2022,SC,11,C,1,0,0,0,-99,-99,0,2,-99,-99,0.313,none,0,0,none,0,0,-99,-99,-99,-99,-99
2022,SC,11,C,2,0,0,0,-99,-99,0,0,-99,-99,0,none,0,0,none,0,0,-99,-99,-99,-99,-99
2022,SC,11,C,3,3,4.091,0,-99,-99,0,0,-99,-99,0,none,0,0,none,0,0,-99,-99,-99,-99,-99
2022,SC,11,C,4,1,0.193,1,-99,-99,0.026,1,-99,-99,0.108,none,0,0,none,0,0,-99,-99,-99,-99,-99
2022,SC,11,C,5,0,0,0,-99,-99,0,0,-99,-99,0,none,0,0,none,0,0,-99,-99,-99,-99,-99
2022,SC,12,A,1,1,1.142,0,-99,-99,0,0,-99,-99,0,none,0,0,none,0,0,-99,-99,-99,-99,-99
2022,SC,12,A,2,1,0.695,0,-99,-99,0,0,-99,-99,0,none,0,0,none,0,0,-99,-99,-99,-99,-99
2022,SC,12,A,3,2,2.963,0,-99,-99,0,0,-99,-99,0,none,0,0,none,0,0,-99,-99,-99,-99,-99
2022,SC,12,A,4,0,0,0,-99,-99,0,0,-99,-99,0,none,0,0,none,0,0,-99,-99,-99,-99,-99
2022,SC,12,A,5,3,1.087,0,-99,-99,0,0,-99,-99,0,none,0,0,none,0,0,-99,-99,-99,-99,-99
2022,SC,13,C,1,1,1.116,0,-99,-99,0,0,-99,-99,0,none,0,0,none,0,0,-99,-99,-99,-99,-99
2022,SC,13,C,2,0,0,20,-99,-99,3.601,7,-99,-99,0.837,none,0,0,none,0,0,-99,-99,-99,-99,-99
2022,SC,13,C,3,4,3.92,8,-99,-99,1.005,3,-99,-99,0.333,none,0,0,none,0,0,-99,-99,-99,-99,-99
2022,SC,13,C,4,1,0.975,0,-99,-99,0,0,-99,-99,0,none,0,0,none,0,0,-99,-99,-99,-99,-99
2022,SC,13,C,5,1,0.551,17,-99,-99,2.478,0,-99,-99,0,none,0,0,none,0,0,-99,-99,-99,-99,-99
2022,SC,14,E,1,4,2.462,0,-99,-99,0,0,-99,-99,0,none,0,0,none,0,0,-99,-99,-99,-99,-99
2022,SC,14,E,2,2,1.599,0,-99,-99,0,0,-99,-99,0,none,0,0,none,0,0,-99,-99,-99,-99,-99
2022,SC,14,E,3,0,0,0,-99,-99,0,0,-99,-99,0,none,0,0,none,0,0,-99,-99,-99,-99,-99
2022,SC,14,E,4,1,1.648,0,-99,-99,0,0,-99,-99,0,none,0,0,none,0,0,-99,-99,-99,-99,-99
2022,SC,14,E,5,0,0,0,-99,-99,0,0,-99,-99,0,none,0,0,none,0,0,-99,-99,-99,-99,-99
2022,SC,15,A,1,0,0,0,-99,-99,0,0,-99,-99,0,none,0,0,none,0,0,-99,-99,-99,-99,-99
2022,SC,15,A,2,2,1.663,0,-99,-99,0,0,-99,-99,0,none,0,0,none,0,0,-99,-99,-99,-99,-99
2022,SC,15,A,3,0,0,0,-99,-99,0,2,-99,-99,0.148,none,0,0,none,0,0,-99,-99,-99,-99,-99
2022,SC,15,A,4,1,0.681,0,-99,-99,0,3,-99,-99,0.374,none,0,0,none,0,0,-99,-99,-99,-99,-99
2022,SC,15,A,5,0,0,0,-99,-99,0,0,-99,-99,0,none,0,0,none,0,0,-99,-99,-99,-99,-99
2022,SP,1,E,1,2,0.996,1,-99,-99,0.051,5,-99,-99,0.519,AMCA,2,0.125,none,0,0,-99,-99,-99,-99,-99
2022,SP,1,E,2,2,1.505,0,-99,-99,0,0,-99,-99,0,none,0,0,none,0,0,-99,-99,-99,-99,-99
2022,SP,1,E,3,0,0,1,-99,-99,0.104,0,-99,-99,0,none,0,0,none,0,0,-99,-99,-99,-99,-99
2022,SP,1,E,4,2,1.295,3,-99,-99,0.031,0,-99,-99,0,none,0,0,none,0,0,-99,-99,-99,-99,-99
2022,SP,1,E,5,3,2.4,0,-99,-99,0,0,-99,-99,0,none,0,0,none,0,0,-99,-99,-99,-99,-99
2022,SP,2,A,1,0,0,4,-99,-99,0.531,0,-99,-99,0,SOSE,1,0.109,none,0,0,-99,-99,-99,-99,-99
2022,SP,2,A,2,0,0,1,-99,-99,0.131,0,-99,-99,0,none,0,0,none,0,0,-99,-99,-99,-99,-99
2022,SP,2,A,3,1,1.031,0,-99,-99,0,0,-99,-99,0,none,0,0,none,0,0,-99,-99,-99,-99,-99
2022,SP,2,A,4,1,0.652,0,-99,-99,0,0,-99,-99,0,none,0,0,none,0,0,-99,-99,-99,-99,-99
2022,SP,2,A,5,0,0,0,-99,-99,0,0,-99,-99,0,none,0,0,none,0,0,-99,-99,-99,-99,-99
2022,SP,3,C,1,2,0.744,5,-99,-99,1.299,0,-99,-99,0,none,0,0,none,0,0,-99,-99,-99,-99,-99
2022,SP,3,C,2,0,0,10,-99,-99,1.299,0,-99,-99,0,none,0,0,none,0,0,-99,-99,-99,-99,-99
2022,SP,3,C,3,1,0.721,2,-99,-99,0.394,0,-99,-99,0,none,0,0,none,0,0,-99,-99,-99,-99,-99
2022,SP,3,C,4,0,0,6,-99,-99,1.663,0,-99,-99,0,none,0,0,none,0,0,-99,-99,-99,-99,-99
2022,SP,3,C,5,1,1.081,7,-99,-99,1.37,0,-99,-99,0,none,0,0,none,0,0,-99,-99,-99,-99,-99
2022,SP,4,E,1,0,0,0,-99,-99,0,0,-99,-99,0,none,0,0,none,0,0,-99,-99,-99,-99,-99
2022,SP,4,E,2,1,0.527,0,-99,-99,0,0,-99,-99,0,none,0,0,none,0,0,-99,-99,-99,-99,-99
2022,SP,4,E,3,3,2.331,1,-99,-99,0.234,0,-99,-99,0,POHY,1,0.015,none,0,0,-99,-99,-99,-99,-99
2022,SP,4,E,4,1,0.294,1,-99,-99,0.101,0,-99,-99,0,none,0,0,none,0,0,-99,-99,-99,-99,-99
2022,SP,4,E,5,4,3.168,0,-99,-99,0,0,-99,-99,0,none,0,0,none,0,0,-99,-99,-99,-99,-99
2022,SP,5,A,1,0,0,4,-99,-99,0.579,0,-99,-99,0,none,0,0,none,0,0,-99,-99,-99,-99,-99
2022,SP,5,A,2,0,0,0,-99,-99,0,0,-99,-99,0,none,0,0,none,0,0,-99,-99,-99,-99,-99
2022,SP,5,A,3,0,0,20,-99,-99,3.795,0,-99,-99,0,none,0,0,none,0,0,-99,-99,-99,-99,-99
2022,SP,5,A,4,0,0,9,-99,-99,1.757,0,-99,-99,0,none,0,0,none,0,0,-99,-99,-99,-99,-99
2022,SP,5,A,5,0,0,4,-99,-99,0.511,0,-99,-99,0,none,0,0,none,0,0,-99,-99,-99,-99,-99
2022,SP,6,C,1,0,0,2,-99,-99,0.366,0,-99,-99,0,none,0,0,none,0,0,-99,-99,-99,-99,-99
2022,SP,6,C,2,2,1.875,3,-99,-99,0.469,0,-99,-99,0,none,0,0,none,0,0,-99,-99,-99,-99,-99
2022,SP,6,C,3,1,0.57,7,-99,-99,1.61,0,-99,-99,0,none,0,0,none,0,0,-99,-99,-99,-99,-99
2022,SP,6,C,4,0,0,1,-99,-99,0.079,0,-99,-99,0,none,0,0,none,0,0,-99,-99,-99,-99,-99
2022,SP,6,C,5,2,0.521,2,-99,-99,0.326,0,-99,-99,0,none,0,0,none,0,0,-99,-99,-99,-99,-99
2022,SP,7,C,1,0,0,1,-99,-99,0.189,0,-99,-99,0,none,0,0,none,0,0,-99,-99,-99,-99,-99
2022,SP,7,C,2,0,0,5,-99,-99,0.861,0,-99,-99,0,ATPA,1,0.062,none,0,0,-99,-99,-99,-99,-99
2022,SP,7,C,3,1,0.389,1,-99,-99,0.091,0,-99,-99,0,none,0,0,none,0,0,-99,-99,-99,-99,-99
2022,SP,7,C,4,0,0,0,-99,-99,0,0,-99,-99,0,none,0,0,none,0,0,-99,-99,-99,-99,-99
2022,SP,7,C,5,0,0,2,-99,-99,0.037,0,-99,-99,0,none,0,0,none,0,0,-99,-99,-99,-99,-99
2022,SP,8,E,1,5,3.535,0,-99,-99,0,0,-99,-99,0,none,0,0,none,0,0,-99,-99,-99,-99,-99
2022,SP,8,E,2,1,0.489,0,-99,-99,0,0,-99,-99,0,AMCA,1,0.026,none,0,0,-99,-99,-99,-99,-99
2022,SP,8,E,3,1,0.025,1,-99,-99,0.037,0,-99,-99,0,AMCA,5,0.105,none,0,0,-99,-99,-99,-99,-99
2022,SP,8,E,4,0,0,0,-99,-99,0,0,-99,-99,0,none,0,0,none,0,0,-99,-99,-99,-99,-99
2022,SP,8,E,5,4,3.204,1,-99,-99,0.083,0,-99,-99,0,none,0,0,none,0,0,-99,-99,-99,-99,-99
2022,SP,9,A,1,0,0,0,-99,-99,0,0,-99,-99,0,none,0,0,none,0,0,-99,-99,-99,-99,-99
2022,SP,9,A,2,3,1.902,0,-99,-99,0,0,-99,-99,0,AMCA,1,0.024,none,0,0,-99,-99,-99,-99,-99
2022,SP,9,A,3,0,0,0,-99,-99,0,2,-99,-99,0.193,AMCA,3,0.034,none,0,0,-99,-99,-99,-99,-99
2022,SP,9,A,4,4,2.946,0,-99,-99,0,0,-99,-99,0,none,0,0,none,0,0,-99,-99,-99,-99,-99
2022,SP,9,A,5,1,1.616,0,-99,-99,0,0,-99,-99,0,none,0,0,none,0,0,-99,-99,-99,-99,-99
2022,SP,10,E,1,2,1.047,2,-99,-99,0.327,0,-99,-99,0,none,0,0,none,0,0,-99,-99,-99,-99,-99
2022,SP,10,E,2,3,1.365,1,-99,-99,0.063,0,-99,-99,0,none,0,0,none,0,0,-99,-99,-99,-99,-99
2022,SP,10,E,3,2,0.853,0,-99,-99,0,4,-99,-99,0.207,none,0,0,none,0,0,-99,-99,-99,-99,-99
2022,SP,10,E,4,0,0,0,-99,-99,0,2,-99,-99,0.179,none,0,0,none,0,0,-99,-99,-99,-99,-99
2022,SP,10,E,5,6,4.775,0,-99,-99,0,0,-99,-99,0,none,0,0,none,0,0,-99,-99,-99,-99,-99
2022,SP,11,A,1,3,1.152,5,-99,-99,0.452,0,-99,-99,0,none,0,0,none,0,0,-99,-99,-99,-99,-99
2022,SP,11,A,2,2,0.581,1,-99,-99,0.152,0,-99,-99,0,none,0,0,none,0,0,-99,-99,-99,-99,-99
2022,SP,11,A,3,0,0,0,-99,-99,0,0,-99,-99,0,none,0,0,none,0,0,-99,-99,-99,-99,-99
2022,SP,11,A,4,5,3.278,3,-99,-99,0.172,0,-99,-99,0,none,0,0,none,0,0,-99,-99,-99,-99,-99
2022,SP,11,A,5,5,2.167,2,-99,-99,0.039,0,-99,-99,0,none,0,0,none,0,0,-99,-99,-99,-99,-99
2022,SP,12,C,1,1,0.836,7,-99,-99,0.657,0,-99,-99,0,ATPA,1,0.027,none,0,0,-99,-99,-99,-99,-99
2022,SP,12,C,2,2,0.638,6,-99,-99,0.732,0,-99,-99,0,none,0,0,none,0,0,-99,-99,-99,-99,-99
2022,SP,12,C,3,1,0.397,3,-99,-99,0.337,0,-99,-99,0,none,0,0,none,0,0,-99,-99,-99,-99,-99
2022,SP,12,C,4,1,0.787,4,-99,-99,0.215,0,-99,-99,0,none,0,0,none,0,0,-99,-99,-99,-99,-99
2022,SP,12,C,5,3,1.075,11,-99,-99,1.436,0,-99,-99,0,none,0,0,none,0,0,-99,-99,-99,-99,-99
2022,SP,13,A,1,1,1.841,0,-99,-99,0,0,-99,-99,0,none,0,0,none,0,0,-99,-99,-99,-99,-99
2022,SP,13,A,2,0,0,0,-99,-99,0,0,-99,-99,0,none,0,0,none,0,0,-99,-99,-99,-99,-99
2022,SP,13,A,3,3,3.879,0,-99,-99,0,0,-99,-99,0,none,0,0,none,0,0,-99,-99,-99,-99,-99
2022,SP,13,A,4,1,0.217,0,-99,-99,0,0,-99,-99,0,none,0,0,none,0,0,-99,-99,-99,-99,-99
2022,SP,13,A,5,1,0.256,0,-99,-99,0,0,-99,-99,0,none,0,0,none,0,0,-99,-99,-99,-99,-99
2022,SP,14,E,1,6,3.713,3,-99,-99,0.398,0,-99,-99,0,none,0,0,none,0,0,-99,-99,-99,-99,-99
2022,SP,14,E,2,0,0,0,-99,-99,0,0,-99,-99,0,none,0,0,none,0,0,-99,-99,-99,-99,-99
2022,SP,14,E,3,0,0,0,-99,-99,0,0,-99,-99,0,SPCY,1,3.533,none,0,0,-99,-99,-99,-99,-99
2022,SP,14,E,4,3,0.804,0,-99,-99,0,0,-99,-99,0,none,0,0,none,0,0,-99,-99,-99,-99,-99
2022,SP,14,E,5,2,0.982,0,-99,-99,0,0,-99,-99,0,none,0,0,none,0,0,-99,-99,-99,-99,-99
2022,SP,15,C,1,5,3.015,2,-99,-99,0.903,0,-99,-99,0,none,0,0,none,0,0,-99,-99,-99,-99,-99
2022,SP,15,C,2,0,0,5,-99,-99,1.102,0,-99,-99,0,none,0,0,none,0,0,-99,-99,-99,-99,-99
2022,SP,15,C,3,1,0.842,1,-99,-99,0.308,0,-99,-99,0,none,0,0,none,0,0,-99,-99,-99,-99,-99
2022,SP,15,C,4,1,0.876,1,-99,-99,0.15,0,-99,-99,0,none,0,0,none,0,0,-99,-99,-99,-99,-99
2022,SP,15,C,5,1,1.563,0,-99,-99,0,0,-99,-99,0,none,0,0,none,0,0,-99,-99,-99,-99,-99
2022,MX,1,E,1,0,0,0,-99,-99,0,0,-99,-99,0,none,0,0,none,0,0,-99,-99,-99,-99,-99
2022,MX,1,E,2,2,1.074,0,-99,-99,0,1,-99,-99,0.079,none,0,0,none,0,0,-99,-99,-99,-99,-99
2022,MX,1,E,3,1,0.37,0,-99,-99,0,0,-99,-99,0,none,0,0,none,0,0,-99,-99,-99,-99,-99
2022,MX,1,E,4,5,2.227,0,-99,-99,0,0,-99,-99,0,AMCA,4,0.119,none,0,0,-99,-99,-99,-99,-99
2022,MX,1,E,5,2,1.687,0,-99,-99,0,1,-99,-99,0.114,none,0,0,none,0,0,-99,-99,-99,-99,-99
2022,MX,2,A,1,4,1.122,0,-99,-99,0,0,-99,-99,0,none,0,0,none,0,0,-99,-99,-99,-99,-99
2022,MX,2,A,2,3,1.692,0,-99,-99,0,1,-99,-99,0.184,none,0,0,none,0,0,-99,-99,-99,-99,-99
2022,MX,2,A,3,2,1.564,0,-99,-99,0,0,-99,-99,0,none,0,0,none,0,0,-99,-99,-99,-99,-99
2022,MX,2,A,4,2,1.818,0,-99,-99,0,5,-99,-99,0.727,none,0,0,none,0,0,-99,-99,-99,-99,-99
2022,MX,2,A,5,3,2.596,0,-99,-99,0,0,-99,-99,0,none,0,0,none,0,0,-99,-99,-99,-99,-99
2022,MX,3,C,1,0,0,1,-99,-99,0.061,1,-99,-99,0.079,none,0,0,none,0,0,-99,-99,-99,-99,-99
2022,MX,3,C,2,0,0,4,-99,-99,1.056,6,-99,-99,0.864,none,0,0,none,0,0,-99,-99,-99,-99,-99
2022,MX,3,C,3,2,0.789,3,-99,-99,0.179,5,-99,-99,0.458,none,0,0,none,0,0,-99,-99,-99,-99,-99
2022,MX,3,C,4,0,0,2,-99,-99,0.17,1,-99,-99,0.129,ATPA,1,0.023,none,0,0,-99,-99,-99,-99,-99
2022,MX,3,C,5,0,0,0,-99,-99,0,0,-99,-99,0,none,0,0,none,0,0,-99,-99,-99,-99,-99
2022,MX,4,E,1,1,0.83,0,-99,-99,0,0,-99,-99,0,none,0,0,none,0,0,-99,-99,-99,-99,-99
2022,MX,4,E,2,5,2.038,0,-99,-99,0,0,-99,-99,0,AMCA,1,0.012,none,0,0,-99,-99,-99,-99,-99
2022,MX,4,E,3,0,0,0,-99,-99,0,3,-99,-99,0.224,AMCA,2,0.046,none,0,0,-99,-99,-99,-99,-99
2022,MX,4,E,4,2,1.677,0,-99,-99,0,0,-99,-99,0,none,0,0,none,0,0,-99,-99,-99,-99,-99
2022,MX,4,E,5,2,2.045,0,-99,-99,0,0,-99,-99,0,none,0,0,none,0,0,-99,-99,-99,-99,-99
2022,MX,5,C,1,6,2.96,0,-99,-99,0,13,-99,-99,1.591,none,0,0,none,0,0,-99,-99,-99,-99,-99
2022,MX,5,C,2,0,0,7,-99,-99,0.868,7,-99,-99,1.026,none,0,0,none,0,0,-99,-99,-99,-99,-99
2022,MX,5,C,3,0,0,0,-99,-99,0,0,-99,-99,0,none,0,0,none,0,0,-99,-99,-99,-99,-99
2022,MX,5,C,4,1,0.438,2,-99,-99,0.331,10,-99,-99,1.66,none,0,0,none,0,0,-99,-99,-99,-99,-99
2022,MX,5,C,5,0,0,0,-99,-99,0,2,-99,-99,0.332,none,0,0,none,0,0,-99,-99,-99,-99,-99
2022,MX,6,A,1,3,0.805,1,-99,-99,0.116,0,-99,-99,0,none,0,0,none,0,0,-99,-99,-99,-99,-99
2022,MX,6,A,2,0,0,0,-99,-99,0,0,-99,-99,0,none,0,0,none,0,0,-99,-99,-99,-99,-99
2022,MX,6,A,3,1,0.082,1,-99,-99,0.074,11,-99,-99,1.689,none,0,0,none,0,0,-99,-99,-99,-99,-99
2022,MX,6,A,4,5,2.874,1,-99,-99,0.177,0,-99,-99,0,none,0,0,none,0,0,-99,-99,-99,-99,-99
2022,MX,6,A,5,4,3.341,0,-99,-99,0,2,-99,-99,0.259,none,0,0,none,0,0,-99,-99,-99,-99,-99
2022,MX,7,C,1,0,0,6,-99,-99,0.696,0,-99,-99,0,ATPA,1,0.024,none,0,0,-99,-99,-99,-99,-99
2022,MX,7,C,2,0,0,6,-99,-99,0.762,0,-99,-99,0,none,0,0,none,0,0,-99,-99,-99,-99,-99
2022,MX,7,C,3,0,0,10,-99,-99,1.004,4,-99,-99,0.335,none,0,0,none,0,0,-99,-99,-99,-99,-99
2022,MX,7,C,4,1,0.448,3,-99,-99,0.421,8,-99,-99,0.784,none,0,0,none,0,0,-99,-99,-99,-99,-99
2022,MX,7,C,5,0,0,4,-99,-99,0.583,1,-99,-99,0.206,ATPA,1,0.024,none,0,0,-99,-99,-99,-99,-99
2022,MX,8,E,1,0,0,0,-99,-99,0,0,-99,-99,0,none,0,0,none,0,0,-99,-99,-99,-99,-99
2022,MX,8,E,2,2,2.582,0,-99,-99,0,0,-99,-99,0,none,0,0,none,0,0,-99,-99,-99,-99,-99
2022,MX,8,E,3,4,1.251,0,-99,-99,0,1,-99,-99,0.089,none,0,0,none,0,0,-99,-99,-99,-99,-99
2022,MX,8,E,4,0,0,0,-99,-99,0,0,-99,-99,0,none,0,0,none,0,0,-99,-99,-99,-99,-99
2022,MX,8,E,5,3,0.792,0,-99,-99,0,0,-99,-99,0,none,0,0,none,0,0,-99,-99,-99,-99,-99
2022,MX,9,A,1,2,1.273,0,-99,-99,0,0,-99,-99,0,none,0,0,none,0,0,-99,-99,-99,-99,-99
2022,MX,9,A,2,0,0,0,-99,-99,0,0,-99,-99,0,none,0,0,none,0,0,-99,-99,-99,-99,-99
2022,MX,9,A,3,1,0.788,0,-99,-99,0,0,-99,-99,0,none,0,0,none,0,0,-99,-99,-99,-99,-99
2022,MX,9,A,4,2,1.259,0,-99,-99,0,4,-99,-99,0.494,none,0,0,none,0,0,-99,-99,-99,-99,-99
2022,MX,9,A,5,0,0,0,-99,-99,0,4,-99,-99,0.376,none,0,0,none,0,0,-99,-99,-99,-99,-99
2022,MX,10,C,1,3,2.709,0,-99,-99,0,1,-99,-99,0.184,none,0,0,none,0,0,-99,-99,-99,-99,-99
2022,MX,10,C,2,1,0.441,7,-99,-99,0.468,3,-99,-99,0.299,none,0,0,none,0,0,-99,-99,-99,-99,-99
2022,MX,10,C,3,0,0,3,-99,-99,0.376,0,-99,-99,0,none,0,0,none,0,0,-99,-99,-99,-99,-99
2022,MX,10,C,4,2,1.035,12,-99,-99,1.498,4,-99,-99,0.462,none,0,0,none,0,0,-99,-99,-99,-99,-99
2022,MX,10,C,5,2,1.016,6,-99,-99,1.118,0,-99,-99,0,none,0,0,none,0,0,-99,-99,-99,-99,-99
2022,MX,11,E,1,3,1.815,0,-99,-99,0,0,-99,-99,0,none,0,0,none,0,0,-99,-99,-99,-99,-99
2022,MX,11,E,2,1,0.306,0,-99,-99,0,0,-99,-99,0,none,0,0,none,0,0,-99,-99,-99,-99,-99
2022,MX,11,E,3,4,1.532,0,-99,-99,0,1,-99,-99,0.091,none,0,0,none,0,0,-99,-99,-99,-99,-99
2022,MX,11,E,4,6,3.442,0,-99,-99,0,0,-99,-99,0,none,0,0,none,0,0,-99,-99,-99,-99,-99
2022,MX,11,E,5,4,1.017,0,-99,-99,0,2,-99,-99,0.138,none,0,0,none,0,0,-99,-99,-99,-99,-99
2022,MX,12,A,1,2,1.51,0,-99,-99,0,0,-99,-99,0,none,0,0,none,0,0,-99,-99,-99,-99,-99
2022,MX,12,A,2,0,0,0,-99,-99,0,1,-99,-99,0.06,none,0,0,none,0,0,-99,-99,-99,-99,-99
2022,MX,12,A,3,0,0,0,-99,-99,0,1,-99,-99,0.126,none,0,0,none,0,0,-99,-99,-99,-99,-99
2022,MX,12,A,4,1,0.703,0,-99,-99,0,0,-99,-99,0,none,0,0,none,0,0,-99,-99,-99,-99,-99
2022,MX,12,A,5,0,0,0,-99,-99,0,0,-99,-99,0,none,0,0,none,0,0,-99,-99,-99,-99,-99
2022,MX,13,E,1,2,1.043,0,-99,-99,0,0,-99,-99,0,none,0,0,none,0,0,-99,-99,-99,-99,-99
2022,MX,13,E,2,2,1.2,0,-99,-99,0,0,-99,-99,0,none,0,0,none,0,0,-99,-99,-99,-99,-99
2022,MX,13,E,3,3,1.476,0,-99,-99,0,0,-99,-99,0,none,0,0,none,0,0,-99,-99,-99,-99,-99
2022,MX,13,E,4,5,3.006,0,-99,-99,0,2,-99,-99,0.891,none,0,0,none,0,0,-99,-99,-99,-99,-99
2022,MX,13,E,5,4,0.962,0,-99,-99,0,0,-99,-99,0,none,0,0,none,0,0,-99,-99,-99,-99,-99
2022,MX,14,C,1,1,0.067,7,-99,-99,0.827,4,-99,-99,0.318,ATPA,1,0.162,none,0,0,-99,-99,-99,-99,-99
2022,MX,14,C,2,2,0.651,6,-99,-99,1.18,0,-99,-99,0,none,0,0,none,0,0,-99,-99,-99,-99,-99
2022,MX,14,C,3,3,3.936,2,-99,-99,0.231,0,-99,-99,0,none,0,0,none,0,0,-99,-99,-99,-99,-99
2022,MX,14,C,4,0,0,9,-99,-99,0.811,3,-99,-99,0.279,none,0,0,none,0,0,-99,-99,-99,-99,-99
2022,MX,14,C,5,0,0,1,-99,-99,0.115,2,-99,-99,0.267,none,0,0,none,0,0,-99,-99,-99,-99,-99
2022,MX,15,A,1,3,1.73,0,-99,-99,0,2,-99,-99,0.35,ATPA,2,0.077,none,0,0,-99,-99,-99,-99,-99
2022,MX,15,A,2,3,0.304,0,-99,-99,0,1,-99,-99,0.256,none,0,0,none,0,0,-99,-99,-99,-99,-99
2022,MX,15,A,3,0,0,0,-99,-99,0,1,-99,-99,0.06,none,0,0,none,0,0,-99,-99,-99,-99,-99
2022,MX,15,A,4,1,0.933,0,-99,-99,0,0,-99,-99,0,none,0,0,none,0,0,-99,-99,-99,-99,-99
2022,MX,15,A,5,2,0.882,0,-99,-99,0,0,-99,-99,0,none,0,0,none,0,0,-99,-99,-99,-99,-99
2023,SC,1,E,1,2,0.7186,0,-99,-99,0,1,-99,-99,0.0422,none,0,0,none,0,0,-99,-99,-99,-99,-99
2023,SC,1,E,2,0,0,0,-99,-99,0,0,-99,-99,0,none,0,0,none,0,0,-99,-99,-99,-99,-99
2023,SC,1,E,3,2,1.3225,0,-99,-99,0,0,-99,-99,0,none,0,0,none,0,0,-99,-99,-99,-99,-99
2023,SC,1,E,4,2,1.8443,0,-99,-99,0,0,-99,-99,0,none,0,0,none,0,0,-99,-99,-99,-99,-99
2023,SC,1,E,5,1,0.5219,0,-99,-99,0,0,-99,-99,0,none,0,0,none,0,0,-99,-99,-99,-99,-99
2023,SC,2,A,1,5,5.1128,0,-99,-99,0,0,-99,-99,0,none,0,0,none,0,0,-99,-99,-99,-99,-99
2023,SC,2,A,2,0,0,0,-99,-99,0,0,-99,-99,0,none,0,0,none,0,0,-99,-99,-99,-99,-99
2023,SC,2,A,3,1,0.1354,0,-99,-99,0,0,-99,-99,0,none,0,0,none,0,0,-99,-99,-99,-99,-99
2023,SC,2,A,4,1,0.7764,0,-99,-99,0,0,-99,-99,0,none,0,0,none,0,0,-99,-99,-99,-99,-99
2023,SC,2,A,5,3,3.4104,0,-99,-99,0,0,-99,-99,0,none,0,0,none,0,0,-99,-99,-99,-99,-99
2023,SC,3,C,1,0,0,13,-99,-99,2.0905,0,-99,-99,0,none,0,0,none,0,0,-99,-99,-99,-99,-99
2023,SC,3,C,2,1,0.4325,6,-99,-99,0.2794,0,-99,-99,0,none,0,0,none,0,0,-99,-99,-99,-99,-99
2023,SC,3,C,3,1,0.9103,0,-99,-99,0,0,-99,-99,0,none,0,0,none,0,0,-99,-99,-99,-99,-99
2023,SC,3,C,4,3,3.0949,1,-99,-99,0.2528,0,-99,-99,0,none,0,0,none,0,0,-99,-99,-99,-99,-99
2023,SC,3,C,5,0,0,4,-99,-99,0.889,0,-99,-99,0,none,0,0,none,0,0,-99,-99,-99,-99,-99
2023,SC,4,A,1,0,0,0,-99,-99,0,0,-99,-99,0,none,0,0,none,0,0,-99,-99,-99,-99,-99
2023,SC,4,A,2,1,0.3735,0,-99,-99,0,0,-99,-99,0,none,0,0,none,0,0,-99,-99,-99,-99,-99
2023,SC,4,A,3,0,0,0,-99,-99,0,0,-99,-99,0,none,0,0,none,0,0,-99,-99,-99,-99,-99
2023,SC,4,A,4,0,0,0,-99,-99,0,0,-99,-99,0,none,0,0,none,0,0,-99,-99,-99,-99,-99
2023,SC,4,A,5,1,1.2546,0,-99,-99,0,0,-99,-99,0,none,0,0,none,0,0,-99,-99,-99,-99,-99
2023,SC,5,C,1,0,0,1,-99,-99,0.2142,0,-99,-99,0,none,0,0,none,0,0,-99,-99,-99,-99,-99
2023,SC,5,C,2,2,1.3828,5,-99,-99,1.0433,0,-99,-99,0,none,0,0,none,0,0,-99,-99,-99,-99,-99
2023,SC,5,C,3,0,0,8,-99,-99,0.8612,0,-99,-99,0,none,0,0,none,0,0,-99,-99,-99,-99,-99
2023,SC,5,C,4,1,0.5836,3,-99,-99,0.4219,0,-99,-99,0,none,0,0,none,0,0,-99,-99,-99,-99,-99
2023,SC,5,C,5,1,1.071,2,-99,-99,0.2778,0,-99,-99,0,none,0,0,none,0,0,-99,-99,-99,-99,-99
2023,SC,6,E,1,0,0,0,-99,-99,0,0,-99,-99,0,none,0,0,none,0,0,-99,-99,-99,-99,-99
2023,SC,6,E,2,0,0,0,-99,-99,0,0,-99,-99,0,none,0,0,none,0,0,-99,-99,-99,-99,-99
2023,SC,6,E,3,0,0,1,-99,-99,0.1672,0,-99,-99,0,none,0,0,none,0,0,-99,-99,-99,-99,-99
2023,SC,6,E,4,2,0.6752,0,-99,-99,0,0,-99,-99,0,none,0,0,none,0,0,-99,-99,-99,-99,-99
2023,SC,6,E,5,1,0.491,0,-99,-99,0,0,-99,-99,0,none,0,0,none,0,0,-99,-99,-99,-99,-99
2023,SC,7,C,1,0,0,7,-99,-99,0.4489,2,-99,-99,0.1189,none,0,0,none,0,0,-99,-99,-99,-99,-99
2023,SC,7,C,2,1,1.4186,7,-99,-99,0.8264,0,-99,-99,0,none,0,0,none,0,0,-99,-99,-99,-99,-99
2023,SC,7,C,3,0,0,0,-99,-99,0,0,-99,-99,0,none,0,0,none,0,0,-99,-99,-99,-99,-99
2023,SC,7,C,4,0,0,4,-99,-99,0.3366,0,-99,-99,0,none,0,0,none,0,0,-99,-99,-99,-99,-99
2023,SC,7,C,5,0,0,1,-99,-99,0.1087,0,-99,-99,0,none,0,0,none,0,0,-99,-99,-99,-99,-99
2023,SC,8,A,1,0,0,0,-99,-99,0,0,-99,-99,0,none,0,0,none,0,0,-99,-99,-99,-99,-99
2023,SC,8,A,2,0,0,0,-99,-99,0,0,-99,-99,0,none,0,0,none,0,0,-99,-99,-99,-99,-99
2023,SC,8,A,3,0,0,0,-99,-99,0,0,-99,-99,0,none,0,0,none,0,0,-99,-99,-99,-99,-99
2023,SC,8,A,4,0,0,0,-99,-99,0,1,-99,-99,0.1196,none,0,0,none,0,0,-99,-99,-99,-99,-99
2023,SC,8,A,5,1,1.4161,0,-99,-99,0,0,-99,-99,0,none,0,0,none,0,0,-99,-99,-99,-99,-99
2023,SC,9,E,1,4,3.0989,0,-99,-99,0,0,-99,-99,0,none,0,0,none,0,0,-99,-99,-99,-99,-99
2023,SC,9,E,2,2,0.9909,0,-99,-99,0,0,-99,-99,0,none,0,0,none,0,0,-99,-99,-99,-99,-99
2023,SC,9,E,3,1,0.4494,0,-99,-99,0,0,-99,-99,0,none,0,0,none,0,0,-99,-99,-99,-99,-99
2023,SC,9,E,4,0,0,0,-99,-99,0,0,-99,-99,0,AMCA,1,0.0037,none,0,0,-99,-99,-99,-99,-99
2023,SC,9,E,5,2,2.0048,0,-99,-99,0,0,-99,-99,0,none,0,0,none,0,0,-99,-99,-99,-99,-99
2023,SC,10,E,1,1,0.3742,0,-99,-99,0,0,-99,-99,0,none,0,0,none,0,0,-99,-99,-99,-99,-99
2023,SC,10,E,2,3,2.118,0,-99,-99,0,0,-99,-99,0,none,0,0,none,0,0,-99,-99,-99,-99,-99
2023,SC,10,E,3,0,0,0,-99,-99,0,0,-99,-99,0,none,0,0,none,0,0,-99,-99,-99,-99,-99
2023,SC,10,E,4,1,0.6414,0,-99,-99,0,0,-99,-99,0,none,0,0,none,0,0,-99,-99,-99,-99,-99
2023,SC,10,E,5,1,0.9186,0,-99,-99,0,0,-99,-99,0,none,0,0,none,0,0,-99,-99,-99,-99,-99
2023,SC,11,C,1,2,2.9112,1,-99,-99,0.3244,0,-99,-99,0,none,0,0,none,0,0,-99,-99,-99,-99,-99
2023,SC,11,C,2,0,0,3,-99,-99,0.4201,4,-99,-99,0.2136,none,0,0,none,0,0,-99,-99,-99,-99,-99
2023,SC,11,C,3,0,0,0,-99,-99,0,0,-99,-99,0,none,0,0,none,0,0,-99,-99,-99,-99,-99
2023,SC,11,C,4,1,0.4857,1,-99,-99,0.0912,1,-99,-99,0.1461,none,0,0,none,0,0,-99,-99,-99,-99,-99
2023,SC,11,C,5,2,0.6607,0,-99,-99,0,1,-99,-99,0.1874,none,0,0,none,0,0,-99,-99,-99,-99,-99
2023,SC,12,A,1,2,0.4993,0,-99,-99,0,0,-99,-99,0,none,0,0,none,0,0,-99,-99,-99,-99,-99
2023,SC,12,A,2,0,0,0,-99,-99,0,0,-99,-99,0,none,0,0,none,0,0,-99,-99,-99,-99,-99
2023,SC,12,A,3,1,0.3982,0,-99,-99,0,2,-99,-99,0.1452,none,0,0,none,0,0,-99,-99,-99,-99,-99
2023,SC,12,A,4,1,0.1584,0,-99,-99,0,0,-99,-99,0,none,0,0,none,0,0,-99,-99,-99,-99,-99
2023,SC,12,A,5,0,0,0,-99,-99,0,0,-99,-99,0,none,0,0,none,0,0,-99,-99,-99,-99,-99
2023,SC,13,C,1,0,0,15,-99,-99,1.8606,1,-99,-99,0.0664,none,0,0,none,0,0,-99,-99,-99,-99,-99
2023,SC,13,C,2,0,0,6,-99,-99,0.7359,0,-99,-99,0,none,0,0,none,0,0,-99,-99,-99,-99,-99
2023,SC,13,C,3,2,2.5164,4,-99,-99,0.4465,0,-99,-99,0,none,0,0,none,0,0,-99,-99,-99,-99,-99
2023,SC,13,C,4,0,0,0,-99,-99,0,0,-99,-99,0,none,0,0,none,0,0,-99,-99,-99,-99,-99
2023,SC,13,C,5,1,1.3974,0,-99,-99,0,0,-99,-99,0,none,0,0,none,0,0,-99,-99,-99,-99,-99
2023,SC,14,E,1,2,0.617,0,-99,-99,0,0,-99,-99,0,none,0,0,none,0,0,-99,-99,-99,-99,-99
2023,SC,14,E,2,0,0,0,-99,-99,0,0,-99,-99,0,none,0,0,none,0,0,-99,-99,-99,-99,-99
2023,SC,14,E,3,5,4.0238,0,-99,-99,0,0,-99,-99,0,none,0,0,none,0,0,-99,-99,-99,-99,-99
2023,SC,14,E,4,0,0,0,-99,-99,0,0,-99,-99,0,none,0,0,none,0,0,-99,-99,-99,-99,-99
2023,SC,14,E,5,5,2.8719,1,-99,-99,0.0296,0,-99,-99,0,none,0,0,none,0,0,-99,-99,-99,-99,-99
2023,SC,15,A,1,2,0.7158,0,-99,-99,0,1,-99,-99,0.0909,none,0,0,none,0,0,-99,-99,-99,-99,-99
2023,SC,15,A,2,2,1.3019,0,-99,-99,0,0,-99,-99,0,none,0,0,none,0,0,-99,-99,-99,-99,-99
2023,SC,15,A,3,1,0.9933,0,-99,-99,0,0,-99,-99,0,none,0,0,none,0,0,-99,-99,-99,-99,-99
2023,SC,15,A,4,1,0.8164,1,-99,-99,0.1299,0,-99,-99,0,none,0,0,none,0,0,-99,-99,-99,-99,-99
2023,SC,15,A,5,1,0.775,0,-99,-99,0,2,-99,-99,0.3389,none,0,0,none,0,0,-99,-99,-99,-99,-99
2023,SP,1,E,1,1,0.1798,1,-99,-99,0.0787,1,-99,-99,0.2918,none,0,0,none,0,0,-99,-99,-99,-99,-99
2023,SP,1,E,2,2,1.7028,0,-99,-99,0,0,-99,-99,0,none,0,0,none,0,0,-99,-99,-99,-99,-99
2023,SP,1,E,3,1,0.708,1,-99,-99,0.029,0,-99,-99,0,none,0,0,none,0,0,-99,-99,-99,-99,-99
2023,SP,1,E,4,2,1.6923,0,-99,-99,0,1,-99,-99,0.1718,none,0,0,none,0,0,-99,-99,-99,-99,-99
2023,SP,1,E,5,2,1.2654,1,-99,-99,0.0542,0,-99,-99,0,none,0,0,none,0,0,-99,-99,-99,-99,-99
2023,SP,2,A,1,0,0,2,-99,-99,0.3161,0,-99,-99,0,none,0,0,none,0,0,-99,-99,-99,-99,-99
2023,SP,2,A,2,0,0,0,-99,-99,0,0,-99,-99,0,none,0,0,none,0,0,-99,-99,-99,-99,-99
2023,SP,2,A,3,0,0,1,-99,-99,0.0351,0,-99,-99,0,none,0,0,none,0,0,-99,-99,-99,-99,-99
2023,SP,2,A,4,0,0,1,-99,-99,0.0826,0,-99,-99,0,none,0,0,none,0,0,-99,-99,-99,-99,-99
2023,SP,2,A,5,2,3.1137,1,-99,-99,0.0827,0,-99,-99,0,none,0,0,none,0,0,-99,-99,-99,-99,-99
2023,SP,3,C,1,1,0.4082,1,-99,-99,0.2297,0,-99,-99,0,none,0,0,none,0,0,-99,-99,-99,-99,-99
2023,SP,3,C,2,0,0,2,-99,-99,0.1975,0,-99,-99,0,none,0,0,none,0,0,-99,-99,-99,-99,-99
2023,SP,3,C,3,0,0,0,-99,-99,0,0,-99,-99,0,none,0,0,none,0,0,-99,-99,-99,-99,-99
2023,SP,3,C,4,3,0.6776,8,-99,-99,1.2078,0,-99,-99,0,none,0,0,none,0,0,-99,-99,-99,-99,-99
2023,SP,3,C,5,0,0,1,-99,-99,0.1356,0,-99,-99,0,none,0,0,none,0,0,-99,-99,-99,-99,-99
2023,SP,4,E,1,1,0.4803,0,-99,-99,0,0,-99,-99,0,none,0,0,none,0,0,-99,-99,-99,-99,-99
2023,SP,4,E,2,0,0,0,-99,-99,0,0,-99,-99,0,none,0,0,none,0,0,-99,-99,-99,-99,-99
2023,SP,4,E,3,2,1.038,1,-99,-99,0.1223,0,-99,-99,0,none,0,0,none,0,0,-99,-99,-99,-99,-99
2023,SP,4,E,4,2,1.8871,0,-99,-99,0,0,-99,-99,0,none,0,0,none,0,0,-99,-99,-99,-99,-99
2023,SP,4,E,5,2,0.8533,0,-99,-99,0,0,-99,-99,0,none,0,0,none,0,0,-99,-99,-99,-99,-99
2023,SP,5,A,1,0,0,3,-99,-99,0.6568,0,-99,-99,0,none,0,0,none,0,0,-99,-99,-99,-99,-99
2023,SP,5,A,2,0,0,0,-99,-99,0,0,-99,-99,0,none,0,0,none,0,0,-99,-99,-99,-99,-99
2023,SP,5,A,3,0,0,0,-99,-99,0,0,-99,-99,0,none,0,0,none,0,0,-99,-99,-99,-99,-99
2023,SP,5,A,4,0,0,6,-99,-99,1.3473,0,-99,-99,0,none,0,0,none,0,0,-99,-99,-99,-99,-99
2023,SP,5,A,5,0,0,8,-99,-99,1.2862,0,-99,-99,0,none,0,0,none,0,0,-99,-99,-99,-99,-99
2023,SP,6,C,1,2,0.3825,9,-99,-99,1.1632,0,-99,-99,0,none,0,0,none,0,0,-99,-99,-99,-99,-99
2023,SP,6,C,2,2,1.3698,1,-99,-99,0.0581,0,-99,-99,0,none,0,0,none,0,0,-99,-99,-99,-99,-99
2023,SP,6,C,3,1,0.3372,1,-99,-99,0.221,0,-99,-99,0,none,0,0,none,0,0,-99,-99,-99,-99,-99
2023,SP,6,C,4,0,0,1,-99,-99,0.1005,0,-99,-99,0,none,0,0,none,0,0,-99,-99,-99,-99,-99
2023,SP,6,C,5,2,0.8665,0,-99,-99,0,0,-99,-99,0,none,0,0,none,0,0,-99,-99,-99,-99,-99
2023,SP,7,C,1,0,0,15,-99,-99,1.7184,0,-99,-99,0,none,0,0,none,0,0,-99,-99,-99,-99,-99
2023,SP,7,C,2,2,1.1801,5,-99,-99,0.6068,0,-99,-99,0,none,0,0,none,0,0,-99,-99,-99,-99,-99
2023,SP,7,C,3,0,0,0,-99,-99,0,0,-99,-99,0,none,0,0,none,0,0,-99,-99,-99,-99,-99
2023,SP,7,C,4,2,0.4409,8,-99,-99,0.802,0,-99,-99,0,ATPA,1,0.009,none,0,0,-99,-99,-99,-99,-99
2023,SP,7,C,5,0,0,3,-99,-99,0.1967,0,-99,-99,0,none,0,0,none,0,0,-99,-99,-99,-99,-99
2023,SP,8,E,1,3,0.8562,0,-99,-99,0,0,-99,-99,0,none,0,0,none,0,0,-99,-99,-99,-99,-99
2023,SP,8,E,2,5,2.0275,0,-99,-99,0,0,-99,-99,0,none,0,0,none,0,0,-99,-99,-99,-99,-99
2023,SP,8,E,3,0,0,0,-99,-99,0,0,-99,-99,0,none,0,0,none,0,0,-99,-99,-99,-99,-99
2023,SP,8,E,4,0,0,0,-99,-99,0,0,-99,-99,0,none,0,0,none,0,0,-99,-99,-99,-99,-99
2023,SP,8,E,5,3,1.7824,0,-99,-99,0,0,-99,-99,0,none,0,0,none,0,0,-99,-99,-99,-99,-99
2023,SP,9,A,1,2,1.6111,0,-99,-99,0,0,-99,-99,0,none,0,0,none,0,0,-99,-99,-99,-99,-99
2023,SP,9,A,2,0,1.2727,0,-99,-99,0,0,-99,-99,0,AMCA,1,0.1828,none,0,0,-99,-99,-99,-99,-99
2023,SP,9,A,3,1,0,0,-99,-99,0,0,-99,-99,0,none,0,0,none,0,0,-99,-99,-99,-99,-99
2023,SP,9,A,4,0,0.4356,0,-99,-99,0,0,-99,-99,0,none,0,0,none,0,0,-99,-99,-99,-99,-99
2023,SP,9,A,5,1,0,0,-99,-99,0,5,-99,-99,0.961,none,0,0,none,0,0,-99,-99,-99,-99,-99
2023,SP,10,E,1,3,1.2262,5,-99,-99,0.4665,7,-99,-99,0.8971,none,0,0,none,0,0,-99,-99,-99,-99,-99
2023,SP,10,E,2,1,1.0912,0,-99,-99,0,0,-99,-99,0,none,0,0,none,0,0,-99,-99,-99,-99,-99
2023,SP,10,E,3,2,0.7271,0,-99,-99,0,1,-99,-99,0.1661,none,0,0,none,0,0,-99,-99,-99,-99,-99
2023,SP,10,E,4,0,0,0,-99,-99,0,1,-99,-99,0.1007,none,0,0,none,0,0,-99,-99,-99,-99,-99
2023,SP,10,E,5,2,0.3051,0,-99,-99,0,1,-99,-99,0.2072,none,0,0,none,0,0,-99,-99,-99,-99,-99
2023,SP,11,A,1,3,2.4461,0,-99,-99,0,0,-99,-99,0,none,0,0,none,0,0,-99,-99,-99,-99,-99
2023,SP,11,A,2,0,0,2,-99,-99,0.133,0,-99,-99,0,none,0,0,none,0,0,-99,-99,-99,-99,-99
2023,SP,11,A,3,3,1.3814,2,-99,-99,0.1826,0,-99,-99,0,none,0,0,none,0,0,-99,-99,-99,-99,-99
2023,SP,11,A,4,2,1.1505,6,-99,-99,0.436,4,-99,-99,0.461,none,0,0,none,0,0,-99,-99,-99,-99,-99
2023,SP,11,A,5,0,0,3,-99,-99,0.3647,0,-99,-99,0,none,0,0,none,0,0,-99,-99,-99,-99,-99
2023,SP,12,C,1,0,0,8,-99,-99,0.8025,0,-99,-99,0,none,0,0,none,0,0,-99,-99,-99,-99,-99
2023,SP,12,C,2,1,0.4509,5,-99,-99,0.5904,0,-99,-99,0,none,0,0,none,0,0,-99,-99,-99,-99,-99
2023,SP,12,C,3,0,0,6,-99,-99,0.7111,0,-99,-99,0,none,0,0,none,0,0,-99,-99,-99,-99,-99
2023,SP,12,C,4,0,0,0,-99,-99,0,0,-99,-99,0,none,0,0,none,0,0,-99,-99,-99,-99,-99
2023,SP,12,C,5,0,0,3,-99,-99,0.2159,0,-99,-99,0,none,0,0,none,0,0,-99,-99,-99,-99,-99
2023,SP,13,A,1,1,1.2768,0,-99,-99,0,0,-99,-99,0,none,0,0,none,0,0,-99,-99,-99,-99,-99
2023,SP,13,A,2,2,3.2598,0,-99,-99,0,0,-99,-99,0,none,0,0,none,0,0,-99,-99,-99,-99,-99
2023,SP,13,A,3,0,0,0,-99,-99,0,0,-99,-99,0,none,0,0,none,0,0,-99,-99,-99,-99,-99
2023,SP,13,A,4,0,0,0,-99,-99,0,0,-99,-99,0,none,0,0,none,0,0,-99,-99,-99,-99,-99
2023,SP,13,A,5,2,1.0115,0,-99,-99,0,0,-99,-99,0,none,0,0,none,0,0,-99,-99,-99,-99,-99
2023,SP,14,E,1,0,0,0,-99,-99,0,0,-99,-99,0,none,0,0,none,0,0,-99,-99,-99,-99,-99
2023,SP,14,E,2,2,0.9579,0,-99,-99,0,0,-99,-99,0,none,0,0,none,0,0,-99,-99,-99,-99,-99
2023,SP,14,E,3,1,0.7691,0,-99,-99,0,0,-99,-99,0,none,0,0,none,0,0,-99,-99,-99,-99,-99
2023,SP,14,E,4,1,0.4545,0,-99,-99,0,0,-99,-99,0,none,0,0,none,0,0,-99,-99,-99,-99,-99
2023,SP,14,E,5,1,0.041,0,-99,-99,0,0,-99,-99,0,none,0,0,none,0,0,-99,-99,-99,-99,-99
2023,SP,15,C,1,0,0,7,-99,-99,0.6398,0,-99,-99,0,none,0,0,none,0,0,-99,-99,-99,-99,-99
2023,SP,15,C,2,4,2.7395,1,-99,-99,0.1516,0,-99,-99,0,none,0,0,none,0,0,-99,-99,-99,-99,-99
2023,SP,15,C,3,0,0,0,-99,-99,0,0,-99,-99,0,none,0,0,none,0,0,-99,-99,-99,-99,-99
2023,SP,15,C,4,0,0,0,-99,-99,0,0,-99,-99,0,none,0,0,none,0,0,-99,-99,-99,-99,-99
2023,SP,15,C,5,0,0,0,-99,-99,0,0,-99,-99,0,none,0,0,none,0,0,-99,-99,-99,-99,-99
2023,MX,1,E,1,3,1.3884,0,-99,-99,0,0,-99,-99,0,none,0,0,none,0,0,-99,-99,-99,-99,-99
2023,MX,1,E,2,5,3.5083,0,-99,-99,0,0,-99,-99,0,none,0,0,none,0,0,-99,-99,-99,-99,-99
2023,MX,1,E,3,1,0.8642,0,-99,-99,0,0,-99,-99,0,none,0,0,none,0,0,-99,-99,-99,-99,-99
2023,MX,1,E,4,2,1.5716,0,-99,-99,0,1,-99,-99,0.1544,AMCA,2,0.0815,none,0,0,-99,-99,-99,-99,-99
2023,MX,1,E,5,2,0.6023,0,-99,-99,0,0,-99,-99,0,none,0,0,none,0,0,-99,-99,-99,-99,-99
2023,MX,2,A,1,3,1.6399,2,-99,-99,0.0769,0,-99,-99,0,none,0,0,none,0,0,-99,-99,-99,-99,-99
2023,MX,2,A,2,1,0.7285,2,-99,-99,0.1927,0,-99,-99,0,none,0,0,none,0,0,-99,-99,-99,-99,-99
2023,MX,2,A,3,3,1.4731,0,-99,-99,0,0,-99,-99,0,none,0,0,none,0,0,-99,-99,-99,-99,-99
2023,MX,2,A,4,0,0,0,-99,-99,0,2,-99,-99,0.1159,none,0,0,none,0,0,-99,-99,-99,-99,-99
2023,MX,2,A,5,1,0.1962,0,-99,-99,0,5,-99,-99,0.9351,none,0,0,none,0,0,-99,-99,-99,-99,-99
2023,MX,3,C,1,0,0,10,-99,-99,1.4055,8,-99,-99,1.2645,HIVA,2,1.2337,none,0,0,-99,-99,-99,-99,-99
2023,MX,3,C,2,0,0,1,-99,-99,0.1152,4,-99,-99,0.6694,none,0,0,none,0,0,-99,-99,-99,-99,-99
2023,MX,3,C,3,1,0.6179,0,-99,-99,0,0,-99,-99,0,none,0,0,none,0,0,-99,-99,-99,-99,-99
2023,MX,3,C,4,0,0,0,-99,-99,0,2,-99,-99,0.1654,none,0,0,none,0,0,-99,-99,-99,-99,-99
2023,MX,3,C,5,0,0,8,-99,-99,0.8542,1,-99,-99,0.2296,none,0,0,none,0,0,-99,-99,-99,-99,-99
2023,MX,4,E,1,4,1.0587,0,-99,-99,0,2,-99,-99,0.1162,none,0,0,none,0,0,-99,-99,-99,-99,-99
2023,MX,4,E,2,3,0.775,2,-99,-99,0,1,-99,-99,0.2045,none,AMCA,2,0.0605,0,0,-99,-99,-99,-99,-99
2023,MX,4,E,3,1,0.4818,0,-99,-99,0,0,-99,-99,0,none,0,0,none,0,0,-99,-99,-99,-99,-99
2023,MX,4,E,4,2,1.0244,0,-99,-99,0,0,-99,-99,0,none,0,0,none,0,0,-99,-99,-99,-99,-99
2023,MX,4,E,5,2,0.5565,0,-99,-99,0,0,-99,-99,0,none,AMCA,1,0.0303,0,0,-99,-99,-99,-99,-99
2023,MX,5,C,1,0,0,1,-99,-99,0.2234,4,-99,-99,0.645,none,0,0,none,0,0,-99,-99,-99,-99,-99
2023,MX,5,C,2,1,0.5473,3,-99,-99,0.4711,4,-99,-99,0.7106,none,0,0,none,0,0,-99,-99,-99,-99,-99
2023,MX,5,C,3,2,0.9813,1,-99,-99,0.3306,5,-99,-99,1.0333,none,0,0,none,0,0,-99,-99,-99,-99,-99
2023,MX,5,C,4,0,0,0,-99,-99,0,3,-99,-99,0.3624,none,0,0,none,0,0,-99,-99,-99,-99,-99
2023,MX,5,C,5,3,1.6835,1,-99,-99,0.163,8,-99,-99,1.8983,none,0,0,none,0,0,-99,-99,-99,-99,-99
2023,MX,6,A,1,4,1.5516,0,-99,-99,0,3,-99,-99,0.6509,none,0,0,none,0,0,-99,-99,-99,-99,-99
2023,MX,6,A,2,3,1.7367,0,-99,-99,0,0,-99,-99,0,none,0,0,none,0,0,-99,-99,-99,-99,-99
2023,MX,6,A,3,2,0.8965,0,-99,-99,0,1,-99,-99,0.038,none,0,0,none,0,0,-99,-99,-99,-99,-99
2023,MX,6,A,4,5,2.0078,0,-99,-99,0,3,-99,-99,0.5712,none,0,0,none,0,0,-99,-99,-99,-99,-99
2023,MX,6,A,5,0,0,0,-99,-99,0,2,-99,-99,0.295,none,0,0,none,0,0,-99,-99,-99,-99,-99
2023,MX,7,C,1,4,3.163,1,-99,-99,0.0722,0,-99,-99,0,none,0,0,none,0,0,-99,-99,-99,-99,-99
2023,MX,7,C,2,1,0.3699,5,-99,-99,0.5619,0,-99,-99,0,none,0,0,none,0,0,-99,-99,-99,-99,-99
2023,MX,7,C,3,1,0.526,3,-99,-99,0.4018,1,-99,-99,0.2061,none,0,0,none,0,0,-99,-99,-99,-99,-99
2023,MX,7,C,4,0,0,2,-99,-99,0.2036,7,-99,-99,0.5254,none,0,0,none,0,0,-99,-99,-99,-99,-99
2023,MX,7,C,5,0,0,5,-99,-99,0.5886,5,-99,-99,0.8615,none,0,0,none,0,0,-99,-99,-99,-99,-99
2023,MX,8,E,1,2,0.9635,0,-99,-99,0,0,-99,-99,0,none,0,0,none,0,0,-99,-99,-99,-99,-99
2023,MX,8,E,2,0,0,1,-99,-99,0.0927,2,-99,-99,0.2991,none,0,0,none,0,0,-99,-99,-99,-99,-99
2023,MX,8,E,3,0,0,0,-99,-99,0,3,-99,-99,0.2022,none,0,0,none,0,0,-99,-99,-99,-99,-99
2023,MX,8,E,4,0,0,0,-99,-99,0,0,-99,-99,0,none,0,0,none,0,0,-99,-99,-99,-99,-99
2023,MX,8,E,5,1,0.1553,0,-99,-99,0,1,-99,-99,0.0499,none,0,0,none,0,0,-99,-99,-99,-99,-99
2023,MX,9,A,1,0,0,4,-99,-99,0.1988,0,-99,-99,0,AMCA,1,0.02,none,0,0,-99,-99,-99,-99,-99
2023,MX,9,A,2,0,0,0,-99,-99,0,1,-99,-99,0.0218,none,0,0,none,0,0,-99,-99,-99,-99,-99
2023,MX,9,A,3,0,0,0,-99,-99,0,0,-99,-99,0,none,0,0,none,0,0,-99,-99,-99,-99,-99
2023,MX,9,A,4,0,0,2,-99,-99,0.2035,4,-99,-99,0.3436,none,0,0,none,0,0,-99,-99,-99,-99,-99
2023,MX,9,A,5,0,0,2,-99,-99,0.1328,0,-99,-99,0,AMCA,1,0.0294,none,0,0,-99,-99,-99,-99,-99
2023,MX,10,C,1,0,0,15,-99,-99,1.611,2,-99,-99,0.244,none,0,0,none,0,0,-99,-99,-99,-99,-99
2023,MX,10,C,2,0,0,7,-99,-99,0.6879,2,-99,-99,0.329,none,0,0,none,0,0,-99,-99,-99,-99,-99
2023,MX,10,C,3,0,0,3,-99,-99,0.6925,1,-99,-99,0.0705,none,0,0,none,0,0,-99,-99,-99,-99,-99
2023,MX,10,C,4,0,0,20,-99,-99,2.6586,1,-99,-99,0.1006,none,0,0,none,0,0,-99,-99,-99,-99,-99
2023,MX,10,C,5,0,0,13,-99,-99,1.7753,1,-99,-99,0.237,none,0,0,none,0,0,-99,-99,-99,-99,-99
2023,MX,11,E,1,0,0,0,-99,-99,0,0,-99,-99,0,none,0,0,none,0,0,-99,-99,-99,-99,-99
2023,MX,11,E,2,3,0.5284,0,-99,-99,0,0,-99,-99,0,none,0,0,none,0,0,-99,-99,-99,-99,-99
2023,MX,11,E,3,0,0,0,-99,-99,0,0,-99,-99,0,none,0,0,none,0,0,-99,-99,-99,-99,-99
2023,MX,11,E,4,5,1.6861,0,-99,-99,0,0,-99,-99,0,ATPA,1,0.0159,none,0,0,-99,-99,-99,-99,-99
2023,MX,11,E,5,2,1.0558,0,-99,-99,0,0,-99,-99,0,none,0,0,none,0,0,-99,-99,-99,-99,-99
2023,MX,12,A,1,2,1.7596,1,-99,-99,0.2669,1,-99,-99,0.0693,none,0,0,none,0,0,-99,-99,-99,-99,-99
2023,MX,12,A,2,2,1.8598,0,-99,-99,0,0,-99,-99,0,none,0,0,none,0,0,-99,-99,-99,-99,-99
2023,MX,12,A,3,1,0.9315,2,-99,-99,0.2504,0,-99,-99,0,none,0,0,none,0,0,-99,-99,-99,-99,-99
2023,MX,12,A,4,3,1.3658,0,-99,-99,0,0,-99,-99,0,none,0,0,none,0,0,-99,-99,-99,-99,-99
2023,MX,12,A,5,1,0.8173,0,-99,-99,0,0,-99,-99,0,none,0,0,none,0,0,-99,-99,-99,-99,-99
2023,MX,13,E,1,3,1.8965,0,-99,-99,0,0,-99,-99,0,none,0,0,none,0,0,-99,-99,-99,-99,-99
2023,MX,13,E,2,4,0.941,0,-99,-99,0,2,-99,-99,0.4953,none,0,0,none,0,0,-99,-99,-99,-99,-99
2023,MX,13,E,3,1,0.8183,0,-99,-99,0,1,-99,-99,0.1242,none,0,0,none,0,0,-99,-99,-99,-99,-99
2023,MX,13,E,4,1,0.4825,0,-99,-99,0,3,-99,-99,0.0308,none,0,0,none,0,0,-99,-99,-99,-99,-99
2023,MX,13,E,5,6,2.5834,0,-99,-99,0,0,-99,-99,0,none,0,0,none,0,0,-99,-99,-99,-99,-99
2023,MX,14,C,1,0,0,3,-99,-99,0.2505,4,-99,-99,0.4352,none,0,0,none,0,0,-99,-99,-99,-99,-99
2023,MX,14,C,2,0,0,3,-99,-99,0.2661,0,-99,-99,0,none,0,0,none,0,0,-99,-99,-99,-99,-99
2023,MX,14,C,3,2,1.5446,1,-99,-99,0.1818,1,-99,-99,0.2999,none,0,0,none,0,0,-99,-99,-99,-99,-99
2023,MX,14,C,4,1,0.309,7,-99,-99,1.0936,0,-99,-99,0,none,0,0,none,0,0,-99,-99,-99,-99,-99
2023,MX,14,C,5,1,0.2393,2,-99,-99,0.2145,3,-99,-99,0.456,none,0,0,none,0,0,-99,-99,-99,-99,-99
2023,MX,15,A,1,1,0.866,0,-99,-99,0,0,-99,-99,0,none,0,0,none,0,0,-99,-99,-99,-99,-99
2023,MX,15,A,2,1,0.0452,0,-99,-99,0,2,-99,-99,0.5016,none,0,0,none,0,0,-99,-99,-99,-99,-99
2023,MX,15,A,3,0,0,0,-99,-99,0,3,-99,-99,0.4806,none,0,0,none,0,0,-99,-99,-99,-99,-99
2023,MX,15,A,4,3,2.4275,0,-99,-99,0,1,-99,-99,0.2351,none,0,0,none,0,0,-99,-99,-99,-99,-99
2023,MX,15,A,5,2,1.3393,0,-99,-99,0,2,-99,-99,0.1574,AMCA,2,0.0409,none,0,0,-99,-99,-99,-99,-99
2024,SC,1,E,1,3,2.0106,0,-99,-99,0,0,-99,-99,0,none,0,0,none,0,0,-99,-99,-99,-99,-99
2024,SC,1,E,2,2,1.237,0,-99,-99,0,0,-99,-99,0,none,0,0,none,0,0,-99,-99,-99,-99,-99
2024,SC,1,E,3,3,3.2521,0,-99,-99,0,0,-99,-99,0,none,0,0,none,0,0,-99,-99,-99,-99,-99
2024,SC,1,E,4,2,2.2704,0,-99,-99,0,0,-99,-99,0,none,0,0,none,0,0,-99,-99,-99,-99,-99
2024,SC,1,E,5,0,0,1,-99,-99,0.0101,0,-99,-99,0,none,0,0,none,0,0,-99,-99,-99,-99,-99
2024,SC,2,A,1,1,0.4082,0,-99,-99,0,0,-99,-99,0,none,0,0,none,0,0,-99,-99,-99,-99,-99
2024,SC,2,A,2,0,0,0,-99,-99,0,0,-99,-99,0,none,0,0,none,0,0,-99,-99,-99,-99,-99
2024,SC,2,A,3,1,0.6823,0,-99,-99,0,0,-99,-99,0,none,0,0,none,0,0,-99,-99,-99,-99,-99
2024,SC,2,A,4,0,0,0,-99,-99,0,0,-99,-99,0,none,0,0,none,0,0,-99,-99,-99,-99,-99
2024,SC,2,A,5,4,3.3016,0,-99,-99,0,0,-99,-99,0,none,0,0,none,0,0,-99,-99,-99,-99,-99
2024,SC,3,C,1,1,0.6166,2,-99,-99,0.2592,0,-99,-99,0,none,0,0,none,0,0,-99,-99,-99,-99,-99
2024,SC,3,C,2,0,0,9,-99,-99,1.5112,0,-99,-99,0,none,0,0,none,0,0,-99,-99,-99,-99,-99
2024,SC,3,C,3,1,1.194,0,-99,-99,0,0,-99,-99,0,none,0,0,none,0,0,-99,-99,-99,-99,-99
2024,SC,3,C,4,1,1.0451,4,-99,-99,0.2717,0,-99,-99,0,none,0,0,none,0,0,-99,-99,-99,-99,-99
2024,SC,3,C,5,1,0.7611,2,-99,-99,0.3295,0,-99,-99,0,none,0,0,none,0,0,-99,-99,-99,-99,-99
2024,SC,4,A,1,2,2.0646,0,-99,-99,0,0,-99,-99,0,none,0,0,none,0,0,-99,-99,-99,-99,-99
2024,SC,4,A,2,0,0,0,-99,-99,0,0,-99,-99,0,none,0,0,none,0,0,-99,-99,-99,-99,-99
2024,SC,4,A,3,1,0.5034,0,-99,-99,0,0,-99,-99,0,none,0,0,none,0,0,-99,-99,-99,-99,-99
2024,SC,4,A,4,2,1.5042,0,-99,-99,0,1,-99,-99,0.0916,none,0,0,none,0,0,-99,-99,-99,-99,-99
2024,SC,4,A,5,2,2.2157,0,-99,-99,0,1,-99,-99,0.1333,none,0,0,none,0,0,-99,-99,-99,-99,-99
2024,SC,5,C,1,2,1.5582,29,-99,-99,2.7096,0,-99,-99,0,none,0,0,none,0,0,-99,-99,-99,-99,-99
2024,SC,5,C,2,0,0,5,-99,-99,0.9278,0,-99,-99,0,AMCA,1,1.6944,none,0,0,-99,-99,-99,-99,-99
2024,SC,5,C,3,0,0,0,-99,-99,0,0,-99,-99,0,none,0,0,none,0,0,-99,-99,-99,-99,-99
2024,SC,5,C,4,0,0,8,-99,-99,0.5568,0,-99,-99,0,none,0,0,none,0,0,-99,-99,-99,-99,-99
2024,SC,5,C,5,4,4.1386,1,-99,-99,0.1053,0,-99,-99,0,none,0,0,none,0,0,-99,-99,-99,-99,-99
2024,SC,6,E,1,2,2.6717,0,-99,-99,0,0,-99,-99,0,none,0,0,none,0,0,-99,-99,-99,-99,-99
2024,SC,6,E,2,2,1.6644,0,-99,-99,0,0,-99,-99,0,none,0,0,none,0,0,-99,-99,-99,-99,-99
2024,SC,6,E,3,1,0.2489,0,-99,-99,0,0,-99,-99,0,none,0,0,none,0,0,-99,-99,-99,-99,-99
2024,SC,6,E,4,3,1.9383,0,-99,-99,0,0,-99,-99,0,none,0,0,none,0,0,-99,-99,-99,-99,-99
2024,SC,6,E,5,2,1.5887,0,-99,-99,0,0,-99,-99,0,none,0,0,none,0,0,-99,-99,-99,-99,-99
2024,SC,7,C,1,2,1.0747,6,-99,-99,0.7897,5,-99,-99,0.1934,none,0,0,none,0,0,-99,-99,-99,-99,-99
2024,SC,7,C,2,0,0,12,-99,-99,1.2746,0,-99,-99,0,none,0,0,none,0,0,-99,-99,-99,-99,-99
2024,SC,7,C,3,0,0,1,-99,-99,0.0824,0,-99,-99,0,none,0,0,none,0,0,-99,-99,-99,-99,-99
2024,SC,7,C,4,1,0.3946,0,-99,-99,0,0,-99,-99,0,none,0,0,none,0,0,-99,-99,-99,-99,-99
2024,SC,7,C,5,3,2.5412,7,-99,-99,0.3042,0,-99,-99,0,none,0,0,none,0,0,-99,-99,-99,-99,-99
2024,SC,8,A,1,2,2.0756,0,-99,-99,0,0,-99,-99,0,none,0,0,none,0,0,-99,-99,-99,-99,-99
2024,SC,8,A,2,1,0.3288,0,-99,-99,0,0,-99,-99,0,none,0,0,none,0,0,-99,-99,-99,-99,-99
2024,SC,8,A,3,0,0,0,-99,-99,0,0,-99,-99,0,none,0,0,none,0,0,-99,-99,-99,-99,-99
2024,SC,8,A,4,3,3.6102,0,-99,-99,0,0,-99,-99,0,none,0,0,none,0,0,-99,-99,-99,-99,-99
2024,SC,8,A,5,2,0.981,0,-99,-99,0,0,-99,-99,0,none,0,0,none,0,0,-99,-99,-99,-99,-99
2024,SC,9,E,1,5,4.535,0,-99,-99,0,0,-99,-99,0,none,0,0,none,0,0,-99,-99,-99,-99,-99
2024,SC,9,E,2,1,0.299,0,-99,-99,0,0,-99,-99,0,none,0,0,none,0,0,-99,-99,-99,-99,-99
2024,SC,9,E,3,2,0.9498,1,-99,-99,0.0436,0,-99,-99,0,none,0,0,none,0,0,-99,-99,-99,-99,-99
2024,SC,9,E,4,2,0.2971,0,-99,-99,0,3,-99,-99,0.5669,none,0,0,none,0,0,-99,-99,-99,-99,-99
2024,SC,9,E,5,2,0.9917,0,-99,-99,0,0,-99,-99,0,none,0,0,none,0,0,-99,-99,-99,-99,-99
2024,SC,10,E,1,2,1.8579,0,-99,-99,0,0,-99,-99,0,none,0,0,none,0,0,-99,-99,-99,-99,-99
2024,SC,10,E,2,4,2.5389,0,-99,-99,0,0,-99,-99,0,none,0,0,none,0,0,-99,-99,-99,-99,-99
2024,SC,10,E,3,2,1.5652,0,-99,-99,0,0,-99,-99,0,none,0,0,none,0,0,-99,-99,-99,-99,-99
2024,SC,10,E,4,2,1.7349,0,-99,-99,0,0,-99,-99,0,none,0,0,none,0,0,-99,-99,-99,-99,-99
2024,SC,10,E,5,1,1.3552,1,-99,-99,0.0409,0,-99,-99,0,none,0,0,none,0,0,-99,-99,-99,-99,-99
2024,SC,11,C,1,2,1.5943,0,-99,-99,0,0,-99,-99,0,none,0,0,none,0,0,-99,-99,-99,-99,-99
2024,SC,11,C,2,4,4.8315,0,-99,-99,0,0,-99,-99,0,none,0,0,none,0,0,-99,-99,-99,-99,-99
2024,SC,11,C,3,5,6.8472,1,-99,-99,0.0071,0,-99,-99,0,none,0,0,none,0,0,-99,-99,-99,-99,-99
2024,SC,11,C,4,1,0.1298,0,-99,-99,0,0,-99,-99,0,none,0,0,none,0,0,-99,-99,-99,-99,-99
2024,SC,11,C,5,1,1.5999,0,-99,-99,0,0,-99,-99,0,none,0,0,none,0,0,-99,-99,-99,-99,-99
2024,SC,12,A,1,2,2.9558,0,-99,-99,0,0,-99,-99,0,none,0,0,none,0,0,-99,-99,-99,-99,-99
2024,SC,12,A,2,0,0,0,-99,-99,0,0,-99,-99,0,none,0,0,none,0,0,-99,-99,-99,-99,-99
2024,SC,12,A,3,1,1.3902,0,-99,-99,0,2,-99,-99,0.2306,none,0,0,none,0,0,-99,-99,-99,-99,-99
2024,SC,12,A,4,1,0.6554,0,-99,-99,0,0,-99,-99,0,none,0,0,none,0,0,-99,-99,-99,-99,-99
2024,SC,12,A,5,2,1.3376,0,-99,-99,0,0,-99,-99,0,none,0,0,none,0,0,-99,-99,-99,-99,-99
2024,SC,13,C,1,2,1.7986,3,-99,-99,0.2392,0,-99,-99,0,none,0,0,none,0,0,-99,-99,-99,-99,-99
2024,SC,13,C,2,1,1.6228,0,-99,-99,0,0,-99,-99,0,none,0,0,none,0,0,-99,-99,-99,-99,-99
2024,SC,13,C,3,1,1.9002,6,-99,-99,1.4333,1,-99,-99,0.2,none,0,0,none,0,0,-99,-99,-99,-99,-99
2024,SC,13,C,4,1,1.3063,4,-99,-99,0.2866,0,-99,-99,0,none,0,0,none,0,0,-99,-99,-99,-99,-99
2024,SC,13,C,5,0,0,8,-99,-99,1.98,0,-99,-99,0,none,0,0,none,0,0,-99,-99,-99,-99,-99
2024,SC,14,E,1,2,1.9552,0,-99,-99,0,0,-99,-99,0,none,0,0,none,0,0,-99,-99,-99,-99,-99
2024,SC,14,E,2,1,0.6225,0,-99,-99,0,0,-99,-99,0,none,0,0,none,0,0,-99,-99,-99,-99,-99
2024,SC,14,E,3,0,0,0,-99,-99,0,0,-99,-99,0,none,0,0,none,0,0,-99,-99,-99,-99,-99
2024,SC,14,E,4,3,3.7396,0,-99,-99,0,0,-99,-99,0,none,0,0,none,0,0,-99,-99,-99,-99,-99
2024,SC,14,E,5,3,1.8106,0,-99,-99,0,0,-99,-99,0,none,0,0,none,0,0,-99,-99,-99,-99,-99
2024,SC,15,A,1,2,0.5271,0,-99,-99,0,2,-99,-99,0.1841,none,0,0,none,0,0,-99,-99,-99,-99,-99
2024,SC,15,A,2,0,0,0,-99,-99,0,0,-99,-99,0,none,0,0,none,0,0,-99,-99,-99,-99,-99
2024,SC,15,A,3,0,0,0,-99,-99,0,1,-99,-99,0.0178,none,0,0,none,0,0,-99,-99,-99,-99,-99
2024,SC,15,A,4,0,0,0,-99,-99,0,0,-99,-99,0,none,0,0,none,0,0,-99,-99,-99,-99,-99
2024,SC,15,A,5,1,0.1791,0,-99,-99,0,2,-99,-99,0.3696,none,0,0,none,0,0,-99,-99,-99,-99,-99
2024,SP,1,E,1,1,0.8337,0,-99,-99,0,0,-99,-99,0,none,0,0,none,0,0,-99,-99,-99,-99,-99
2024,SP,1,E,2,0,0,2,-99,-99,0.1369,0,-99,-99,0,none,0,0,none,0,0,-99,-99,-99,-99,-99
2024,SP,1,E,3,0,0,2,-99,-99,0.3028,1,-99,-99,0.1285,none,0,0,none,0,0,-99,-99,-99,-99,-99
2024,SP,1,E,4,0,0,0,-99,-99,0,0,-99,-99,0,none,0,0,none,0,0,-99,-99,-99,-99,-99
2024,SP,1,E,5,2,2.1095,2,-99,-99,0.2801,1,-99,-99,0.1037,none,0,0,none,0,0,-99,-99,-99,-99,-99
2024,SP,2,A,1,0,0,1,-99,-99,0.0058,0,-99,-99,0,AMCA,1,0.0017,none,0,0,-99,-99,-99,-99,-99
2024,SP,2,A,2,0,0,4,-99,-99,0.2085,0,-99,-99,0,SOSE,1,0.0487,none,0,0,-99,-99,-99,-99,-99
2024,SP,2,A,3,0,0,0,-99,-99,0,0,-99,-99,0,none,0,0,none,0,0,-99,-99,-99,-99,-99
2024,SP,2,A,4,1,0.7432,4,-99,-99,0.3084,0,-99,-99,0,none,0,0,none,0,0,-99,-99,-99,-99,-99
2024,SP,2,A,5,1,0.7584,1,-99,-99,0.1584,0,-99,-99,0,none,0,0,none,0,0,-99,-99,-99,-99,-99
2024,SP,3,C,1,0,0,6,-99,-99,1.1131,0,-99,-99,0,SOSE,1,2.5877,none,0,0,-99,-99,-99,-99,-99
2024,SP,3,C,2,0,0,4,-99,-99,0.9922,0,-99,-99,0,none,0,0,none,0,0,-99,-99,-99,-99,-99
2024,SP,3,C,3,2,0.8501,12,-99,-99,2.8784,0,-99,-99,0,none,0,0,none,0,0,-99,-99,-99,-99,-99
2024,SP,3,C,4,0,0,35,-99,-99,4.1897,0,-99,-99,0,none,0,0,none,0,0,-99,-99,-99,-99,-99
2024,SP,3,C,5,0,0,3,-99,-99,0.0875,0,-99,-99,0,none,0,0,none,0,0,-99,-99,-99,-99,-99
2024,SP,4,E,1,1,0.1007,0,-99,-99,0,0,-99,-99,0,none,0,0,none,0,0,-99,-99,-99,-99,-99
2024,SP,4,E,2,0,0,0,-99,-99,0,0,-99,-99,0,none,0,0,none,0,0,-99,-99,-99,-99,-99
2024,SP,4,E,3,2,1.0311,8,-99,-99,1.4667,0,-99,-99,0,AMCA,1,0.0078,none,0,0,-99,-99,-99,-99,-99
2024,SP,4,E,4,2,1.0952,2,-99,-99,0.1326,0,-99,-99,0,none,0,0,none,0,0,-99,-99,-99,-99,-99
2024,SP,4,E,5,2,0.4536,2,-99,-99,0.1305,0,-99,-99,0,none,0,0,none,0,0,-99,-99,-99,-99,-99
2024,SP,5,A,1,0,0,3,-99,-99,0.1389,0,-99,-99,0,none,0,0,none,0,0,-99,-99,-99,-99,-99
2024,SP,5,A,2,0,0,17,-99,-99,1.2083,0,-99,-99,0,none,0,0,none,0,0,-99,-99,-99,-99,-99
2024,SP,5,A,3,0,0,2,-99,-99,0.4314,0,-99,-99,0,KOVI,1,0.0699,none,0,0,-99,-99,-99,-99,-99
2024,SP,5,A,4,0,0,0,-99,-99,0,0,-99,-99,0,none,0,0,none,0,0,-99,-99,-99,-99,-99
2024,SP,5,A,5,0,0,0,-99,-99,0,0,-99,-99,0,none,0,0,none,0,0,-99,-99,-99,-99,-99
2024,SP,6,C,1,1,0.2588,8,-99,-99,0.7298,0,-99,-99,0,none,0,0,none,0,0,-99,-99,-99,-99,-99
2024,SP,6,C,2,2,0.6586,5,-99,-99,0.7924,0,-99,-99,0,none,0,0,none,0,0,-99,-99,-99,-99,-99
2024,SP,6,C,3,0,NA,3,-99,-99,0.2931,0,-99,-99,0,none,0,0,none,0,0,-99,-99,-99,-99,-99
2024,SP,6,C,4,2,0.744,11,-99,-99,1.8462,0,-99,-99,0,none,0,0,none,0,0,-99,-99,-99,-99,-99
2024,SP,6,C,5,2,0.9891,7,-99,-99,1.4194,0,-99,-99,0,none,0,0,none,0,0,-99,-99,-99,-99,-99
2024,SP,7,C,1,0,0,1,-99,-99,0.2277,0,-99,-99,0,none,0,0,none,0,0,-99,-99,-99,-99,-99
2024,SP,7,C,2,3,1.4957,9,-99,-99,0.7096,0,-99,-99,0,none,0,0,none,0,0,-99,-99,-99,-99,-99
2024,SP,7,C,3,1,0.5452,0,-99,-99,0,0,-99,-99,0,none,0,0,none,0,0,-99,-99,-99,-99,-99
2024,SP,7,C,4,1,0.2376,15,-99,-99,2.0281,0,-99,-99,0,none,0,0,none,0,0,-99,-99,-99,-99,-99
2024,SP,7,C,5,1,0.4053,4,-99,-99,0.3511,0,-99,-99,0,none,0,0,none,0,0,-99,-99,-99,-99,-99
2024,SP,8,E,1,3,1.2811,0,-99,-99,0,0,-99,-99,0,none,0,0,none,0,0,-99,-99,-99,-99,-99
2024,SP,8,E,2,0,0,0,-99,-99,0,0,-99,-99,0,AMCA,1,0.0068,none,0,0,-99,-99,-99,-99,-99
2024,SP,8,E,3,1,0.3604,0,-99,-99,0,0,-99,-99,0,none,0,0,none,0,0,-99,-99,-99,-99,-99
2024,SP,8,E,4,3,2.5775,0,-99,-99,0,0,-99,-99,0,none,0,0,none,0,0,-99,-99,-99,-99,-99
2024,SP,8,E,5,0,0,6,-99,-99,0.6886,0,-99,-99,0,none,0,0,none,0,0,-99,-99,-99,-99,-99
2024,SP,9,A,1,0,0,0,-99,-99,0,0,-99,-99,0,none,0,0,none,0,0,-99,-99,-99,-99,-99
2024,SP,9,A,2,1,0.1829,0,-99,-99,0,0,-99,-99,0,AMCA,3,0.2991,none,0,0,-99,-99,-99,-99,-99
2024,SP,9,A,3,0,0,5,-99,-99,0.99,3,-99,-99,0.9195,none,0,0,none,0,0,-99,-99,-99,-99,-99
2024,SP,9,A,4,2,2.0769,1,-99,-99,0.0814,1,-99,-99,0.218,none,0,0,none,0,0,-99,-99,-99,-99,-99
2024,SP,9,A,5,2,1.1569,0,-99,-99,0,0,-99,-99,0,AMCA,1,0.064,none,0,0,-99,-99,-99,-99,-99
2024,SP,10,E,1,3,1.3709,0,-99,-99,0,0,-99,-99,0,none,0,0,none,0,0,-99,-99,-99,-99,-99
2024,SP,10,E,2,4,1.2019,0,-99,-99,0,1,-99,-99,0.0559,none,0,0,none,0,0,-99,-99,-99,-99,-99
2024,SP,10,E,3,2,0.8176,0,-99,-99,0,2,-99,-99,0.1176,none,0,0,none,0,0,-99,-99,-99,-99,-99
2024,SP,10,E,4,3,1.02,0,-99,-99,0,0,-99,-99,0,none,0,0,none,0,0,-99,-99,-99,-99,-99
2024,SP,10,E,5,2,1.135,3,-99,-99,0.2859,5,-99,-99,0.6591,none,0,0,none,0,0,-99,-99,-99,-99,-99
2024,SP,11,A,1,2,0.7682,0,-99,-99,0,0,-99,-99,0,none,0,0,none,0,0,-99,-99,-99,-99,-99
2024,SP,11,A,2,0,0,6,-99,-99,0.3713,1,-99,-99,0.1295,none,0,0,none,0,0,-99,-99,-99,-99,-99
2024,SP,11,A,3,0,0,0,-99,-99,0,0,-99,-99,0,none,0,0,none,0,0,-99,-99,-99,-99,-99
2024,SP,11,A,4,1,0.1676,0,-99,-99,0,0,-99,-99,0,none,0,0,none,0,0,-99,-99,-99,-99,-99
2024,SP,11,A,5,0,0,1,-99,-99,0.1931,0,-99,-99,0,none,0,0,none,0,0,-99,-99,-99,-99,-99
2024,SP,12,C,1,1,0.2262,5,-99,-99,0.3342,0,-99,-99,0,none,0,0,none,0,0,-99,-99,-99,-99,-99
2024,SP,12,C,2,3,2.6485,2,-99,-99,0.1407,0,-99,-99,0,none,0,0,none,0,0,-99,-99,-99,-99,-99
2024,SP,12,C,3,2,0.4572,3,-99,-99,0.364,0,-99,-99,0,none,0,0,none,0,0,-99,-99,-99,-99,-99
2024,SP,12,C,4,0,0,19,-99,-99,2.474,0,-99,-99,0,none,0,0,none,0,0,-99,-99,-99,-99,-99
2024,SP,12,C,5,0,0,4,-99,-99,0.3647,0,-99,-99,0,none,0,0,none,0,0,-99,-99,-99,-99,-99
2024,SP,13,A,1,1,1.3575,2,-99,-99,0.1552,0,-99,-99,0,none,0,0,none,0,0,-99,-99,-99,-99,-99
2024,SP,13,A,2,1,0.0685,0,-99,-99,0,0,-99,-99,0,none,0,0,none,0,0,-99,-99,-99,-99,-99
2024,SP,13,A,3,2,1.559,0,-99,-99,0,0,-99,-99,0,none,0,0,none,0,0,-99,-99,-99,-99,-99
2024,SP,13,A,4,3,2.2996,0,-99,-99,0,0,-99,-99,0,none,0,0,none,0,0,-99,-99,-99,-99,-99
2024,SP,13,A,5,1,1.8191,0,-99,-99,0,0,-99,-99,0,none,0,0,none,0,0,-99,-99,-99,-99,-99
2024,SP,14,E,1,0,0,0,-99,-99,0,0,-99,-99,0,TYCA,1,5.3706,none,0,0,-99,-99,-99,-99,-99
2024,SP,14,E,2,2,0.8685,3,-99,-99,0.3301,0,-99,-99,0,none,0,0,none,0,0,-99,-99,-99,-99,-99
2024,SP,14,E,3,1,0.0597,0,-99,-99,0,0,-99,-99,0,none,0,0,none,0,0,-99,-99,-99,-99,-99
2024,SP,14,E,4,1,1.1582,4,-99,-99,0.2026,0,-99,-99,0,none,0,0,none,0,0,-99,-99,-99,-99,-99
2024,SP,14,E,5,2,2.1584,0,-99,-99,0,0,-99,-99,0,none,0,0,none,0,0,-99,-99,-99,-99,-99
2024,SP,15,C,1,4,5.7964,4,-99,-99,0.5651,0,-99,-99,0,none,0,0,none,0,0,-99,-99,-99,-99,-99
2024,SP,15,C,2,3,1.5827,4,-99,-99,0.6623,0,-99,-99,0,none,0,0,none,0,0,-99,-99,-99,-99,-99
2024,SP,15,C,3,0,0,0,-99,-99,0,0,-99,-99,0,none,0,0,none,0,0,-99,-99,-99,-99,-99
2024,SP,15,C,4,2,1.6304,5,-99,-99,0.6459,0,-99,-99,0,none,0,0,none,0,0,-99,-99,-99,-99,-99
2024,SP,15,C,5,2,1.8286,0,-99,-99,0,0,-99,-99,0,none,0,0,none,0,0,-99,-99,-99,-99,-99
2024,MX,1,E,1,4,3.5249,0,-99,-99,0,0,-99,-99,0,AMCA,2,0.0513,none,0,0,-99,-99,-99,-99,-99
2024,MX,1,E,2,7,5.3279,0,-99,-99,0,0,-99,-99,0,none,0,0,none,0,0,-99,-99,-99,-99,-99
2024,MX,1,E,3,3,0.8061,0,-99,-99,0,0,-99,-99,0,none,0,0,none,0,0,-99,-99,-99,-99,-99
2024,MX,1,E,4,1,0.7042,0,-99,-99,0,1,-99,-99,0.1119,none,0,0,none,0,0,-99,-99,-99,-99,-99
2024,MX,1,E,5,4,3.2294,0,-99,-99,0,0,-99,-99,0,none,0,0,none,0,0,-99,-99,-99,-99,-99
2024,MX,2,A,1,4,3.4969,2,-99,-99,0.3785,4,-99,-99,0.6714,none,0,0,none,0,0,-99,-99,-99,-99,-99
2024,MX,2,A,2,1,1.2835,0,-99,-99,0,1,-99,-99,0.1471,none,0,0,none,0,0,-99,-99,-99,-99,-99
2024,MX,2,A,3,0,0,0,-99,-99,0,1,-99,-99,0.2802,none,0,0,none,0,0,-99,-99,-99,-99,-99
2024,MX,2,A,4,0,0,0,-99,-99,0,0,-99,-99,0,none,0,0,none,0,0,-99,-99,-99,-99,-99
2024,MX,2,A,5,1,0.948,0,-99,-99,0,9,-99,-99,1.6604,none,0,0,none,0,0,-99,-99,-99,-99,-99
2024,MX,3,C,1,0,0,3,-99,-99,0.4125,6,-99,-99,0.9397,none,0,0,none,0,0,-99,-99,-99,-99,-99
2024,MX,3,C,2,1,0.3647,6,-99,-99,1.5075,3,-99,-99,0.2336,none,0,0,none,0,0,-99,-99,-99,-99,-99
2024,MX,3,C,3,1,0.2045,5,-99,-99,0.48,3,-99,-99,0.2149,none,0,0,none,0,0,-99,-99,-99,-99,-99
2024,MX,3,C,4,4,0.6529,3,-99,-99,0.3803,8,-99,-99,1.2827,none,0,0,none,0,0,-99,-99,-99,-99,-99
2024,MX,3,C,5,1,0.3159,4,-99,-99,0.4935,2,-99,-99,0.3125,none,0,0,none,0,0,-99,-99,-99,-99,-99
2024,MX,4,E,1,1,0.1702,0,-99,-99,0,1,-99,-99,0.0367,none,0,0,none,0,0,-99,-99,-99,-99,-99
2024,MX,4,E,2,5,2.7734,0,-99,-99,0,0,-99,-99,0,none,0,0,none,0,0,-99,-99,-99,-99,-99
2024,MX,4,E,3,2,0.8061,2,-99,-99,0.3101,1,-99,-99,0.0915,none,0,0,none,0,0,-99,-99,-99,-99,-99
2024,MX,4,E,4,1,0.5403,0,-99,-99,0,3,-99,-99,0.6902,none,0,0,none,0,0,-99,-99,-99,-99,-99
2024,MX,4,E,5,1,1.3319,0,-99,-99,0,0,-99,-99,0,AMCA,1,0.017,none,0,0,-99,-99,-99,-99,-99
2024,MX,5,C,1,3,0.9285,1,-99,-99,0.1598,12,-99,-99,1.624,none,0,0,none,0,0,-99,-99,-99,-99,-99
2024,MX,5,C,2,4,3.1258,0,-99,-99,0,4,-99,-99,0.617,none,0,0,none,0,0,-99,-99,-99,-99,-99
2024,MX,5,C,3,0,0,0,-99,-99,0,2,-99,-99,0.5875,none,0,0,none,0,0,-99,-99,-99,-99,-99
2024,MX,5,C,4,1,0.381,0,-99,-99,0,8,-99,-99,1.1711,none,0,0,none,0,0,-99,-99,-99,-99,-99
2024,MX,5,C,5,2,1.9257,4,-99,-99,0.5963,5,-99,-99,0.8635,none,0,0,none,0,0,-99,-99,-99,-99,-99
2024,MX,6,A,1,2,1.663,0,-99,-99,0,0,-99,-99,0,none,0,0,none,0,0,-99,-99,-99,-99,-99
2024,MX,6,A,2,5,4.444,3,-99,-99,0.3492,1,-99,-99,0.2193,none,0,0,none,0,0,-99,-99,-99,-99,-99
2024,MX,6,A,3,0,0,2,-99,-99,0.2916,4,-99,-99,0.539,none,0,0,none,0,0,-99,-99,-99,-99,-99
2024,MX,6,A,4,1,0.6152,0,-99,-99,0,0,-99,-99,0,none,0,0,none,0,0,-99,-99,-99,-99,-99
2024,MX,6,A,5,2,1.0965,0,-99,-99,0,0,-99,-99,0,none,0,0,none,0,0,-99,-99,-99,-99,-99
2024,MX,7,C,1,0,0,0,-99,-99,0,0,-99,-99,0,none,0,0,none,0,0,-99,-99,-99,-99,-99
2024,MX,7,C,2,0,0,2,-99,-99,0.3844,2,-99,-99,0.2983,none,0,0,none,0,0,-99,-99,-99,-99,-99
2024,MX,7,C,3,1,0.1933,0,-99,-99,0,0,-99,-99,0,none,0,0,none,0,0,-99,-99,-99,-99,-99
2024,MX,7,C,4,1,0.374,0,-99,-99,0,0,-99,-99,0,none,0,0,none,0,0,-99,-99,-99,-99,-99
2024,MX,7,C,5,0,0,3,-99,-99,0.4005,0,-99,-99,0,none,0,0,none,0,0,-99,-99,-99,-99,-99
2024,MX,8,E,1,1,0.2836,0,-99,-99,0,7,-99,-99,0.9125,none,0,0,none,0,0,-99,-99,-99,-99,-99
2024,MX,8,E,2,1,0.3034,0,-99,-99,0,4,-99,-99,0.4577,none,0,0,none,0,0,-99,-99,-99,-99,-99
2024,MX,8,E,3,0,0,1,-99,-99,0.0433,1,-99,-99,0.0324,none,0,0,none,0,0,-99,-99,-99,-99,-99
2024,MX,8,E,4,0,0,1,-99,-99,0.2843,1,-99,-99,0.037,none,0,0,none,0,0,-99,-99,-99,-99,-99
2024,MX,8,E,5,4,1.3699,5,-99,-99,0.5593,0,-99,-99,0,none,0,0,none,0,0,-99,-99,-99,-99,-99
2024,MX,9,A,1,2,0.1645,0,-99,-99,0,1,-99,-99,0.0871,none,0,0,none,0,0,-99,-99,-99,-99,-99
2024,MX,9,A,2,0,0,0,-99,-99,0,0,-99,-99,0,AMCA,1,0.0083,none,0,0,-99,-99,-99,-99,-99
2024,MX,9,A,3,3,0.4962,0,-99,-99,0,0,-99,-99,0,none,0,0,none,0,0,-99,-99,-99,-99,-99
2024,MX,9,A,4,1,0.1968,0,-99,-99,0,7,-99,-99,0.7647,AMCA,1,0.0317,none,0,0,-99,-99,-99,-99,-99
2024,MX,9,A,5,2,0.444,7,-99,-99,0.4973,0,-99,-99,0,none,0,0,none,0,0,-99,-99,-99,-99,-99
2024,MX,10,C,1,1,0.572,4,-99,-99,0.7218,10,-99,-99,1.7597,none,0,0,none,0,0,-99,-99,-99,-99,-99
2024,MX,10,C,2,0,0,6,-99,-99,1.2012,0,-99,-99,0,none,0,0,none,0,0,-99,-99,-99,-99,-99
2024,MX,10,C,3,0,0,7,-99,-99,1.5724,4,-99,-99,0.5757,none,0,0,none,0,0,-99,-99,-99,-99,-99
2024,MX,10,C,4,0,0,20,-99,-99,3.7037,0,-99,-99,0,none,0,0,none,0,0,-99,-99,-99,-99,-99
2024,MX,10,C,5,0,0,3,-99,-99,0.3523,3,-99,-99,0.3823,none,0,0,none,0,0,-99,-99,-99,-99,-99
2024,MX,11,E,1,0,0,0,-99,-99,0,1,-99,-99,0.1127,none,0,0,none,0,0,-99,-99,-99,-99,-99
2024,MX,11,E,2,5,3.5005,0,-99,-99,0,0,-99,-99,0,none,0,0,none,0,0,-99,-99,-99,-99,-99
2024,MX,11,E,3,2,0.9939,0,-99,-99,0,0,-99,-99,0,none,0,0,none,0,0,-99,-99,-99,-99,-99
2024,MX,11,E,4,4,1.5624,1,-99,-99,0.0304,3,-99,-99,0.4125,none,0,0,none,0,0,-99,-99,-99,-99,-99
2024,MX,11,E,5,1,0.3499,0,-99,-99,0,1,-99,-99,0.2178,none,0,0,none,0,0,-99,-99,-99,-99,-99
2024,MX,12,A,1,2,2.1434,0,-99,-99,0,7,-99,-99,1.1379,none,0,0,none,0,0,-99,-99,-99,-99,-99
2024,MX,12,A,2,0,0,0,-99,-99,0,0,-99,-99,0,none,0,0,none,0,0,-99,-99,-99,-99,-99
2024,MX,12,A,3,2,1.9672,0,-99,-99,0,0,-99,-99,0,none,0,0,none,0,0,-99,-99,-99,-99,-99
2024,MX,12,A,4,0,0,0,-99,-99,0,3,-99,-99,0.3909,none,0,0,none,0,0,-99,-99,-99,-99,-99
2024,MX,12,A,5,3,2.8917,0,-99,-99,0,0,-99,-99,0,none,0,0,none,0,0,-99,-99,-99,-99,-99
2024,MX,13,E,1,4,1.1975,0,-99,-99,0,0,-99,-99,0,none,0,0,none,0,0,-99,-99,-99,-99,-99
2024,MX,13,E,2,1,0.1545,1,-99,-99,0.0384,0,-99,-99,0,none,0,0,none,0,0,-99,-99,-99,-99,-99
2024,MX,13,E,3,1,0.6135,1,-99,-99,0.006,0,-99,-99,0,none,0,0,none,0,0,-99,-99,-99,-99,-99
2024,MX,13,E,4,5,2.521,1,-99,-99,0.0716,3,-99,-99,0.5203,none,0,0,none,0,0,-99,-99,-99,-99,-99
2024,MX,13,E,5,2,0.8151,0,-99,-99,0,4,-99,-99,0.748,none,0,0,none,0,0,-99,-99,-99,-99,-99
2024,MX,14,C,1,1,0.1225,0,-99,-99,0,2,-99,-99,0.4669,none,0,0,none,0,0,-99,-99,-99,-99,-99
2024,MX,14,C,2,3,1.7871,1,-99,-99,0.1087,2,-99,-99,0.4494,none,0,0,none,0,0,-99,-99,-99,-99,-99
2024,MX,14,C,3,1,0.4551,11,-99,-99,1.767,5,-99,-99,0.2698,none,0,0,none,0,0,-99,-99,-99,-99,-99
2024,MX,14,C,4,1,0.5865,1,-99,-99,0.2135,1,-99,-99,0.0132,none,0,0,none,0,0,-99,-99,-99,-99,-99
2024,MX,14,C,5,3,1.3214,5,-99,-99,0.6154,1,-99,-99,0.1124,none,0,0,none,0,0,-99,-99,-99,-99,-99
2024,MX,15,A,1,1,0.4116,0,-99,-99,0,1,-99,-99,0.5002,none,0,0,none,0,0,-99,-99,-99,-99,-99
2024,MX,15,A,2,0,0,0,-99,-99,0,0,-99,-99,0,none,0,0,none,0,0,-99,-99,-99,-99,-99
2024,MX,15,A,3,0,0,0,-99,-99,0,9,-99,-99,1.5651,none,0,0,none,0,0,-99,-99,-99,-99,-99
2024,MX,15,A,4,4,3.5621,0,-99,-99,0,0,-99,-99,0,none,0,0,none,0,0,-99,-99,-99,-99,-99
2024,MX,15,A,5,0,0,0,-99,-99,0,1,-99,-99,0.4538,none,0,0,none,0,0,-99,-99,-99,-99,-99
2025,SC,1,E,1,6,7.2,0,-99,-99,0,0,-99,-99,0,none,0,0,none,0,0,-99,-99,-99,-99,-99
2025,SC,1,E,2,2,1.079,0,-99,-99,0,0,-99,-99,0,none,0,0,none,0,0,-99,-99,-99,-99,-99
2025,SC,1,E,3,2,2.08,0,-99,-99,0,0,-99,-99,0,none,0,0,none,0,0,-99,-99,-99,-99,-99
2025,SC,1,E,4,2,1.701,0,-99,-99,0,0,-99,-99,0,none,0,0,none,0,0,-99,-99,-99,-99,-99
2025,SC,1,E,5,0,0,0,-99,-99,0,0,-99,-99,0,none,0,0,none,0,0,-99,-99,-99,-99,-99
2025,SC,2,A,1,1,0.472,0,-99,-99,0,0,-99,-99,0,none,0,0,none,0,0,-99,-99,-99,-99,-99
2025,SC,2,A,2,3,3.993,0,-99,-99,0,0,-99,-99,0,none,0,0,none,0,0,-99,-99,-99,-99,-99
2025,SC,2,A,3,1,0.617,0,-99,-99,0,0,-99,-99,0,none,0,0,none,0,0,-99,-99,-99,-99,-99
2025,SC,2,A,4,1,0.901,0,-99,-99,0,0,-99,-99,0,none,0,0,none,0,0,-99,-99,-99,-99,-99
2025,SC,2,A,5,4,6.011,0,-99,-99,0,0,-99,-99,0,none,0,0,none,0,0,-99,-99,-99,-99,-99
2025,SC,3,C,1,0,0,7,-99,-99,1.282,0,-99,-99,0,none,0,0,none,0,0,-99,-99,-99,-99,-99
2025,SC,3,C,2,1,1.17,0,-99,-99,0,0,-99,-99,0,none,0,0,none,0,0,-99,-99,-99,-99,-99
2025,SC,3,C,3,0,0,4,-99,-99,0.38,0,-99,-99,0,none,0,0,none,0,0,-99,-99,-99,-99,-99
2025,SC,3,C,4,6,5.838,19,-99,-99,2.734,0,-99,-99,0,none,0,0,none,0,0,-99,-99,-99,-99,-99
2025,SC,3,C,5,1,0.633,0,-99,-99,0,0,-99,-99,0,none,0,0,none,0,0,-99,-99,-99,-99,-99
2025,SC,4,A,1,0,0,0,-99,-99,0,0,-99,-99,0,none,0,0,none,0,0,-99,-99,-99,-99,-99
2025,SC,4,A,2,1,1.573,0,-99,-99,0,0,-99,-99,0,none,0,0,none,0,0,-99,-99,-99,-99,-99
2025,SC,4,A,3,3,2.256,0,-99,-99,0,0,-99,-99,0,none,0,0,none,0,0,-99,-99,-99,-99,-99
2025,SC,4,A,4,3,4.421,0,-99,-99,0,1,-99,-99,0.107,none,0,0,none,0,0,-99,-99,-99,-99,-99
2025,SC,4,A,5,1,1.82,0,-99,-99,0,0,-99,-99,0,none,0,0,none,0,0,-99,-99,-99,-99,-99
2025,SC,5,C,1,1,0.728,1,-99,-99,0.145,0,-99,-99,0,none,0,0,none,0,0,-99,-99,-99,-99,-99
2025,SC,5,C,2,1,1.197,2,-99,-99,0.092,0,-99,-99,0,none,0,0,none,0,0,-99,-99,-99,-99,-99
2025,SC,5,C,3,0,0,0,-99,-99,0,0,-99,-99,0,none,0,0,none,0,0,-99,-99,-99,-99,-99
2025,SC,5,C,4,3,3.334,4,-99,-99,0.356,0,-99,-99,0,none,0,0,none,0,0,-99,-99,-99,-99,-99
2025,SC,5,C,5,1,1.553,5,-99,-99,1.012,0,-99,-99,0,none,0,0,none,0,0,-99,-99,-99,-99,-99
2025,SC,6,E,1,1,1.214,0,-99,-99,0,0,-99,-99,0,none,0,0,none,0,0,-99,-99,-99,-99,-99
2025,SC,6,E,2,4,6.121,0,-99,-99,0,0,-99,-99,0,none,0,0,none,0,0,-99,-99,-99,-99,-99
2025,SC,6,E,3,2,2.024,0,-99,-99,0,0,-99,-99,0,none,0,0,none,0,0,-99,-99,-99,-99,-99
2025,SC,6,E,4,1,0.411,0,-99,-99,0,0,-99,-99,0,none,0,0,none,0,0,-99,-99,-99,-99,-99
2025,SC,6,E,5,2,0.503,0,-99,-99,0,0,-99,-99,0,none,0,0,none,0,0,-99,-99,-99,-99,-99
2025,SC,7,C,1,1,0.525,7,-99,-99,0.722,1,-99,-99,0.026,none,0,0,none,0,0,-99,-99,-99,-99,-99
2025,SC,7,C,2,1,0.492,4,-99,-99,0.523,0,-99,-99,0,none,0,0,none,0,0,-99,-99,-99,-99,-99
2025,SC,7,C,3,1,1.701,2,-99,-99,0.175,0,-99,-99,0,none,0,0,none,0,0,-99,-99,-99,-99,-99
2025,SC,7,C,4,0,0,6,-99,-99,0.728,0,-99,-99,0,none,0,0,none,0,0,-99,-99,-99,-99,-99
2025,SC,7,C,5,4,5.454,10,-99,-99,0.729,0,-99,-99,0,none,0,0,none,0,0,-99,-99,-99,-99,-99
2025,SC,8,A,1,4,4.925,0,-99,-99,0,0,-99,-99,0,none,0,0,none,0,0,-99,-99,-99,-99,-99
2025,SC,8,A,2,0,0,0,-99,-99,0,0,-99,-99,0,none,0,0,none,0,0,-99,-99,-99,-99,-99
2025,SC,8,A,3,2,1.464,0,-99,-99,0,0,-99,-99,0,none,0,0,none,0,0,-99,-99,-99,-99,-99
2025,SC,8,A,4,1,0.058,0,-99,-99,0,0,-99,-99,0,none,0,0,none,0,0,-99,-99,-99,-99,-99
2025,SC,8,A,5,2,2.685,0,-99,-99,0,0,-99,-99,0,none,0,0,none,0,0,-99,-99,-99,-99,-99
2025,SC,9,E,1,2,1.333,0,-99,-99,0,0,-99,-99,0,none,0,0,none,0,0,-99,-99,-99,-99,-99
2025,SC,9,E,2,0,0,0,-99,-99,0,0,-99,-99,0,none,0,0,none,0,0,-99,-99,-99,-99,-99
2025,SC,9,E,3,2,1.209,0,-99,-99,0,0,-99,-99,0,none,0,0,none,0,0,-99,-99,-99,-99,-99
2025,SC,9,E,4,1,0.421,0,-99,-99,0,0,-99,-99,0,none,0,0,none,0,0,-99,-99,-99,-99,-99
2025,SC,9,E,5,3,2.42,0,-99,-99,0,0,-99,-99,0,none,0,0,none,0,0,-99,-99,-99,-99,-99
2025,SC,10,E,1,2,2.206,0,-99,-99,0,0,-99,-99,0,none,0,0,none,0,0,-99,-99,-99,-99,-99
2025,SC,10,E,2,0,0,0,-99,-99,0,0,-99,-99,0,none,0,0,none,0,0,-99,-99,-99,-99,-99
2025,SC,10,E,3,5,4.197,0,-99,-99,0,1,-99,-99,0.062,none,0,0,none,0,0,-99,-99,-99,-99,-99
2025,SC,10,E,4,2,3.223,0,-99,-99,0,0,-99,-99,0,none,0,0,none,0,0,-99,-99,-99,-99,-99
2025,SC,10,E,5,1,1.637,0,-99,-99,0,0,-99,-99,0,none,0,0,none,0,0,-99,-99,-99,-99,-99
2025,SC,11,C,1,2,2.86,0,-99,-99,0,0,-99,-99,0,POHY,1,0.235,none,0,0,-99,-99,-99,-99,-99
2025,SC,11,C,2,1,2.2,0,-99,-99,0,0,-99,-99,0,none,0,0,none,0,0,-99,-99,-99,-99,-99
2025,SC,11,C,3,1,1.576,0,-99,-99,0,0,-99,-99,0,none,0,0,none,0,0,-99,-99,-99,-99,-99
2025,SC,11,C,4,0,0,0,-99,-99,0,0,-99,-99,0,none,0,0,none,0,0,-99,-99,-99,-99,-99
2025,SC,11,C,5,1,1.084,0,-99,-99,0,1,-99,-99,0.137,none,0,0,none,0,0,-99,-99,-99,-99,-99
2025,SC,12,A,1,1,1.341,0,-99,-99,0,0,-99,-99,0,none,0,0,none,0,0,-99,-99,-99,-99,-99
2025,SC,12,A,2,3,1.443,0,-99,-99,0,0,-99,-99,0,none,0,0,none,0,0,-99,-99,-99,-99,-99
2025,SC,12,A,3,1,0.381,0,-99,-99,0,0,-99,-99,0,none,0,0,none,0,0,-99,-99,-99,-99,-99
2025,SC,12,A,4,3,2.126,0,-99,-99,0,0,-99,-99,0,none,0,0,none,0,0,-99,-99,-99,-99,-99
2025,SC,12,A,5,2,1.611,0,-99,-99,0,0,-99,-99,0,none,0,0,none,0,0,-99,-99,-99,-99,-99
2025,SC,13,C,1,2,2.876,2,-99,-99,0.084,0,-99,-99,0,none,0,0,none,0,0,-99,-99,-99,-99,-99
2025,SC,13,C,2,0,0,0,-99,-99,0,0,-99,-99,0,none,0,0,none,0,0,-99,-99,-99,-99,-99
2025,SC,13,C,3,3,3.353,6,-99,-99,0.756,0,-99,-99,0,none,0,0,none,0,0,-99,-99,-99,-99,-99
2025,SC,13,C,4,0,0,2,-99,-99,0.633,0,-99,-99,0,none,0,0,none,0,0,-99,-99,-99,-99,-99
2025,SC,13,C,5,0,0,13,-99,-99,2.233,0,-99,-99,0,none,0,0,none,0,0,-99,-99,-99,-99,-99
2025,SC,14,E,1,2,1.456,0,-99,-99,0,0,-99,-99,0,none,0,0,none,0,0,-99,-99,-99,-99,-99
2025,SC,14,E,2,0,0,0,-99,-99,0,0,-99,-99,0,none,0,0,none,0,0,-99,-99,-99,-99,-99
2025,SC,14,E,3,1,1.045,0,-99,-99,0,0,-99,-99,0,none,0,0,none,0,0,-99,-99,-99,-99,-99
2025,SC,14,E,4,4,3.629,0,-99,-99,0,0,-99,-99,0,none,0,0,none,0,0,-99,-99,-99,-99,-99
2025,SC,14,E,5,3,3,0,-99,-99,0,0,-99,-99,0,none,0,0,none,0,0,-99,-99,-99,-99,-99
2025,SC,15,A,1,1,0.6,0,-99,-99,0,0,-99,-99,0,none,0,0,none,0,0,-99,-99,-99,-99,-99
2025,SC,15,A,2,1,0.268,0,-99,-99,0,0,-99,-99,0,none,0,0,none,0,0,-99,-99,-99,-99,-99
2025,SC,15,A,3,1,1.018,0,-99,-99,0,0,-99,-99,0,none,0,0,none,0,0,-99,-99,-99,-99,-99
2025,SC,15,A,4,1,0.174,0,-99,-99,0,0,-99,-99,0,none,0,0,none,0,0,-99,-99,-99,-99,-99
2025,SC,15,A,5,2,1.905,0,-99,-99,0,1,-99,-99,0.079,none,0,0,none,0,0,-99,-99,-99,-99,-99
2025,SP,1,E,1,1,0.868,0,-99,-99,0,1,-99,-99,0.021,none,0,0,none,0,0,-99,-99,-99,-99,-99
2025,SP,1,E,2,1,0.903,0,-99,-99,0,0,-99,-99,0,none,0,0,none,0,0,-99,-99,-99,-99,-99
2025,SP,1,E,3,1,1.305,0,-99,-99,0,0,-99,-99,0,none,0,0,none,0,0,-99,-99,-99,-99,-99
2025,SP,1,E,4,2,2.48,0,-99,-99,0,1,-99,-99,0.15,none,0,0,none,0,0,-99,-99,-99,-99,-99
2025,SP,1,E,5,1,1.578,0,-99,-99,0,2,-99,-99,0.377,none,0,0,none,0,0,-99,-99,-99,-99,-99
2025,SP,2,A,1,0,0,0,-99,-99,0,0,-99,-99,0,none,0,0,none,0,0,-99,-99,-99,-99,-99
2025,SP,2,A,2,4,6.295,1,-99,-99,0.207,0,-99,-99,0,none,0,0,none,0,0,-99,-99,-99,-99,-99
2025,SP,2,A,3,0,0,0,-99,-99,0,0,-99,-99,0,none,0,0,none,0,0,-99,-99,-99,-99,-99
2025,SP,2,A,4,0,0,0,-99,-99,0,0,-99,-99,0,none,0,0,none,0,0,-99,-99,-99,-99,-99
2025,SP,2,A,5,2,1.092,0,-99,-99,0,0,-99,-99,0,none,0,0,none,0,0,-99,-99,-99,-99,-99
2025,SP,3,C,1,2,0.616,28,-99,-99,3.035,0,-99,-99,0,none,0,0,none,0,0,-99,-99,-99,-99,-99
2025,SP,3,C,2,5,2.12,14,-99,-99,2.631,0,-99,-99,0,none,0,0,none,0,0,-99,-99,-99,-99,-99
2025,SP,3,C,3,2,0.964,5,-99,-99,1.947,0,-99,-99,0,none,0,0,none,0,0,-99,-99,-99,-99,-99
2025,SP,3,C,4,0,0,10,-99,-99,2.635,0,-99,-99,0,none,0,0,none,0,0,-99,-99,-99,-99,-99
2025,SP,3,C,5,0,0,8,-99,-99,1.55,0,-99,-99,0,none,0,0,none,0,0,-99,-99,-99,-99,-99
2025,SP,4,E,1,3,2.102,0,-99,-99,0,0,-99,-99,0,none,0,0,none,0,0,-99,-99,-99,-99,-99
2025,SP,4,E,2,2,1.059,0,-99,-99,0,0,-99,-99,0,none,0,0,none,0,0,-99,-99,-99,-99,-99
2025,SP,4,E,3,4,2.699,0,-99,-99,0,0,-99,-99,0,none,0,0,none,0,0,-99,-99,-99,-99,-99
2025,SP,4,E,4,3,2.882,0,-99,-99,0,0,-99,-99,0,none,0,0,none,0,0,-99,-99,-99,-99,-99
2025,SP,4,E,5,8,5.594,1,-99,-99,0.155,0,-99,-99,0,none,0,0,none,0,0,-99,-99,-99,-99,-99
2025,SP,5,A,1,0,0,5,-99,-99,0.428,0,-99,-99,0,none,0,0,none,0,0,-99,-99,-99,-99,-99
2025,SP,5,A,2,0,0,10,-99,-99,1.387,0,-99,-99,0,none,0,0,none,0,0,-99,-99,-99,-99,-99
2025,SP,5,A,3,0,0,17,-99,-99,1.914,0,-99,-99,0,none,0,0,none,0,0,-99,-99,-99,-99,-99
2025,SP,5,A,4,0,0,13,-99,-99,1.85,0,-99,-99,0,none,0,0,none,0,0,-99,-99,-99,-99,-99
2025,SP,5,A,5,0,0,7,-99,-99,1.13,0,-99,-99,0,none,0,0,none,0,0,-99,-99,-99,-99,-99
2025,SP,6,C,1,1,0.245,6,-99,-99,1.57,0,-99,-99,0,none,0,0,none,0,0,-99,-99,-99,-99,-99
2025,SP,6,C,2,2,0.877,11,-99,-99,1.77,0,-99,-99,0,none,0,0,none,0,0,-99,-99,-99,-99,-99
2025,SP,6,C,3,1,0.433,5,-99,-99,1.066,0,-99,-99,0,none,0,0,none,0,0,-99,-99,-99,-99,-99
2025,SP,6,C,4,3,0.859,6,-99,-99,0.668,0,-99,-99,0,none,0,0,none,0,0,-99,-99,-99,-99,-99
2025,SP,6,C,5,1,0.68,3,-99,-99,0.528,0,-99,-99,0,none,0,0,none,0,0,-99,-99,-99,-99,-99
2025,SP,7,C,1,2,0.133,21,-99,-99,2.994,0,-99,-99,0,none,0,0,none,0,0,-99,-99,-99,-99,-99
2025,SP,7,C,2,2,1.877,5,-99,-99,0.699,0,-99,-99,0,none,0,0,none,0,0,-99,-99,-99,-99,-99
2025,SP,7,C,3,1,1.263,4,-99,-99,0.977,0,-99,-99,0,none,0,0,none,0,0,-99,-99,-99,-99,-99
2025,SP,7,C,4,0,0,21,-99,-99,3.688,0,-99,-99,0,none,0,0,none,0,0,-99,-99,-99,-99,-99
2025,SP,7,C,5,2,0.806,2,-99,-99,0.273,0,-99,-99,0,none,0,0,none,0,0,-99,-99,-99,-99,-99
2025,SP,8,E,1,1,0.779,0,-99,-99,0,0,-99,-99,0,none,0,0,none,0,0,-99,-99,-99,-99,-99
2025,SP,8,E,2,0,0,0,-99,-99,0,0,-99,-99,0,none,0,0,none,0,0,-99,-99,-99,-99,-99
2025,SP,8,E,3,0,0,4,-99,-99,0.548,0,-99,-99,0,none,0,0,none,0,0,-99,-99,-99,-99,-99
2025,SP,8,E,4,1,0.215,0,-99,-99,0,0,-99,-99,0,none,0,0,none,0,0,-99,-99,-99,-99,-99
2025,SP,8,E,5,4,1.803,3,-99,-99,0.281,0,-99,-99,0,AMCA,1,0.004,none,0,0,-99,-99,-99,-99,-99
2025,SP,9,A,1,3,1.911,1,-99,-99,0.384,1,-99,-99,0.172,none,0,0,none,0,0,-99,-99,-99,-99,-99
2025,SP,9,A,2,3,3.401,0,-99,-99,0,2,-99,-99,0.406,AMCA,1,0.031,AMCA,1,0.08,-99,-99,-99,-99,-99
2025,SP,9,A,3,1,1.465,1,-99,-99,0.026,1,-99,-99,0.193,none,0,0,none,0,0,-99,-99,-99,-99,-99
2025,SP,9,A,4,0,0,0,-99,-99,0,0,-99,-99,0,none,0,0,none,0,0,-99,-99,-99,-99,-99
2025,SP,9,A,5,2,1.262,0,-99,-99,0,0,-99,-99,0,none,0,0,none,0,0,-99,-99,-99,-99,-99
2025,SP,10,E,1,6,1.473,0,-99,-99,0,1,-99,-99,0.142,none,0,0,none,0,0,-99,-99,-99,-99,-99
2025,SP,10,E,2,5,1.643,0,-99,-99,0,2,-99,-99,0.245,none,0,0,none,0,0,-99,-99,-99,-99,-99
2025,SP,10,E,3,6,3.304,0,-99,-99,0,0,-99,-99,0,none,0,0,none,0,0,-99,-99,-99,-99,-99
2025,SP,10,E,4,2,0.981,5,-99,-99,0.769,6,-99,-99,0.972,none,0,0,none,0,0,-99,-99,-99,-99,-99
2025,SP,10,E,5,6,2.345,0,-99,-99,0,1,-99,-99,0.149,none,0,0,none,0,0,-99,-99,-99,-99,-99
2025,SP,11,A,1,2,0.796,1,-99,-99,0.062,0,-99,-99,0,none,0,0,none,0,0,-99,-99,-99,-99,-99
2025,SP,11,A,2,1,0.302,2,-99,-99,0.129,1,-99,-99,0.028,none,0,0,none,0,0,-99,-99,-99,-99,-99
2025,SP,11,A,3,1,0.533,6,-99,-99,0.259,0,-99,-99,0,none,0,0,none,0,0,-99,-99,-99,-99,-99
2025,SP,11,A,4,2,0.693,5,-99,-99,0.671,1,-99,-99,0.09,none,0,0,none,0,0,-99,-99,-99,-99,-99
2025,SP,11,A,5,6,2.65,2,-99,-99,0.209,0,-99,-99,0,none,0,0,none,0,0,-99,-99,-99,-99,-99
2025,SP,12,C,1,0,0,12,-99,-99,1.68,2,-99,-99,0.278,none,0,0,none,0,0,-99,-99,-99,-99,-99
2025,SP,12,C,2,2,2.248,14,-99,-99,2.325,5,-99,-99,0.79,none,0,0,none,0,0,-99,-99,-99,-99,-99
2025,SP,12,C,3,2,1.285,9,-99,-99,1.644,0,-99,-99,0,none,0,0,none,0,0,-99,-99,-99,-99,-99
2025,SP,12,C,4,2,0.591,6,-99,-99,1.181,0,-99,-99,0,none,0,0,none,0,0,-99,-99,-99,-99,-99
2025,SP,12,C,5,0,0,13,-99,-99,2.279,0,-99,-99,0,none,0,0,none,0,0,-99,-99,-99,-99,-99
2025,SP,13,A,1,3,3.636,0,-99,-99,0,0,-99,-99,0,none,0,0,none,0,0,-99,-99,-99,-99,-99
2025,SP,13,A,2,2,1.589,0,-99,-99,0,0,-99,-99,0,none,0,0,none,0,0,-99,-99,-99,-99,-99
2025,SP,13,A,3,0,0,0,-99,-99,0,0,-99,-99,0,none,0,0,none,0,0,-99,-99,-99,-99,-99
2025,SP,13,A,4,1,0.552,0,-99,-99,0,0,-99,-99,0,none,0,0,none,0,0,-99,-99,-99,-99,-99
2025,SP,13,A,5,0,0,0,-99,-99,0,0,-99,-99,0,none,0,0,none,0,0,-99,-99,-99,-99,-99
2025,SP,14,E,1,2,0.911,0,-99,-99,0,0,-99,-99,0,none,0,0,none,0,0,-99,-99,-99,-99,-99
2025,SP,14,E,2,5,3.048,0,-99,-99,0,0,-99,-99,0,none,0,0,none,0,0,-99,-99,-99,-99,-99
2025,SP,14,E,3,2,0.369,0,-99,-99,0,0,-99,-99,0,none,0,0,none,0,0,-99,-99,-99,-99,-99
2025,SP,14,E,4,4,1.068,0,-99,-99,0,0,-99,-99,0,TYLA,1,1.094,none,0,0,-99,-99,-99,-99,-99
2025,SP,14,E,5,3,1.155,0,-99,-99,0,0,-99,-99,0,none,0,0,none,0,0,-99,-99,-99,-99,-99
2025,SP,15,C,1,0,0,9,-99,-99,1.163,0,-99,-99,0,none,0,0,none,0,0,-99,-99,-99,-99,-99
2025,SP,15,C,2,3,2.235,1,-99,-99,0.226,0,-99,-99,0,none,0,0,none,0,0,-99,-99,-99,-99,-99
2025,SP,15,C,3,1,1.281,2,-99,-99,0.248,0,-99,-99,0,none,0,0,none,0,0,-99,-99,-99,-99,-99
2025,SP,15,C,4,3,2.912,3,-99,-99,0.919,0,-99,-99,0,none,0,0,none,0,0,-99,-99,-99,-99,-99
2025,SP,15,C,5,2,1.601,6,-99,-99,1.324,0,-99,-99,0,none,0,0,none,0,0,-99,-99,-99,-99,-99
2025,MX,1,E,1,2,1.543,0,-99,-99,0,0,-99,-99,0,none,0,0,none,0,0,-99,-99,-99,-99,-99
2025,MX,1,E,2,4,2.97,0,-99,-99,0,2,-99,-99,0.581,none,0,0,none,0,0,-99,-99,-99,-99,-99
2025,MX,1,E,3,2,1.903,0,-99,-99,0,0,-99,-99,0,none,0,0,none,0,0,-99,-99,-99,-99,-99
2025,MX,1,E,4,3,2.472,0,-99,-99,0,1,-99,-99,0.2,none,0,0,none,0,0,-99,-99,-99,-99,-99
2025,MX,1,E,5,2,0.349,0,-99,-99,0,1,-99,-99,0.093,none,0,0,none,0,0,-99,-99,-99,-99,-99
2025,MX,2,A,1,2,1.194,0,-99,-99,0,0,-99,-99,0,none,0,0,none,0,0,-99,-99,-99,-99,-99
2025,MX,2,A,2,3,2.204,2,-99,-99,0.105,0,-99,-99,0,none,0,0,none,0,0,-99,-99,-99,-99,-99
2025,MX,2,A,3,4,2.662,0,-99,-99,0,1,-99,-99,0.162,none,0,0,none,0,0,-99,-99,-99,-99,-99
2025,MX,2,A,4,2,2.117,0,-99,-99,0,1,-99,-99,0.19,none,0,0,none,0,0,-99,-99,-99,-99,-99
2025,MX,2,A,5,3,2.87,0,-99,-99,0,4,-99,-99,1.012,none,0,0,none,0,0,-99,-99,-99,-99,-99
2025,MX,3,C,1,0,0,3,-99,-99,0.222,0,-99,-99,0,none,0,0,none,0,0,-99,-99,-99,-99,-99
2025,MX,3,C,2,1,0.378,7,-99,-99,2.699,7,-99,-99,1.904,none,0,0,none,0,0,-99,-99,-99,-99,-99
2025,MX,3,C,3,2,2.494,3,-99,-99,0.561,5,-99,-99,0.94,none,0,0,none,0,0,-99,-99,-99,-99,-99
2025,MX,3,C,4,3,2.615,0,-99,-99,0,5,-99,-99,0.963,none,0,0,none,0,0,-99,-99,-99,-99,-99
2025,MX,3,C,5,1,0.626,4,-99,-99,0.658,4,-99,-99,0.766,none,0,0,none,0,0,-99,-99,-99,-99,-99
2025,MX,4,E,1,2,1.067,2,-99,-99,0.163,1,-99,-99,0.231,AMCA,1,0.021,none,0,0,-99,-99,-99,-99,-99
2025,MX,4,E,2,3,0.766,0,-99,-99,0,0,-99,-99,0,none,0,0,none,0,0,-99,-99,-99,-99,-99
2025,MX,4,E,3,1,0.992,0,-99,-99,0,0,-99,-99,0,none,0,0,none,0,0,-99,-99,-99,-99,-99
2025,MX,4,E,4,6,4.162,0,-99,-99,0,0,-99,-99,0,none,0,0,none,0,0,-99,-99,-99,-99,-99
2025,MX,4,E,5,2,0.907,0,-99,-99,0,0,-99,-99,0,none,0,0,none,0,0,-99,-99,-99,-99,-99
2025,MX,5,C,1,0,0,4,-99,-99,0.617,15,-99,-99,1.662,none,0,0,none,0,0,-99,-99,-99,-99,-99
2025,MX,5,C,2,2,1.351,1,-99,-99,0.26,5,-99,-99,1.435,none,0,0,none,0,0,-99,-99,-99,-99,-99
2025,MX,5,C,3,4,1.73,0,-99,-99,0,4,-99,-99,0.593,none,0,0,none,0,0,-99,-99,-99,-99,-99
2025,MX,5,C,4,0,0,3,-99,-99,0.62,10,-99,-99,1.081,none,0,0,none,0,0,-99,-99,-99,-99,-99
2025,MX,5,C,5,3,2.61,0,-99,-99,0,7,-99,-99,1.459,none,0,0,none,0,0,-99,-99,-99,-99,-99
2025,MX,6,A,1,8,4.207,1,-99,-99,0.22,0,-99,-99,0,none,0,0,none,0,0,-99,-99,-99,-99,-99
2025,MX,6,A,2,3,2.333,0,-99,-99,0,0,-99,-99,0,none,0,0,none,0,0,-99,-99,-99,-99,-99
2025,MX,6,A,3,4,2.844,0,-99,-99,0,2,-99,-99,0.207,none,0,0,none,0,0,-99,-99,-99,-99,-99
2025,MX,6,A,4,3,1.112,0,-99,-99,0,1,-99,-99,0.275,none,0,0,none,0,0,-99,-99,-99,-99,-99
2025,MX,6,A,5,6,4.645,0,-99,-99,0,0,-99,-99,0,none,0,0,none,0,0,-99,-99,-99,-99,-99
2025,MX,7,C,1,3,1.85,7,-99,-99,1.019,2,-99,-99,0.304,none,0,0,none,0,0,-99,-99,-99,-99,-99
2025,MX,7,C,2,2,0.677,3,-99,-99,0.703,2,-99,-99,0.15,none,0,0,none,0,0,-99,-99,-99,-99,-99
2025,MX,7,C,3,2,0.951,15,-99,-99,1.717,0,-99,-99,0,none,0,0,none,0,0,-99,-99,-99,-99,-99
2025,MX,7,C,4,1,0.522,1,-99,-99,0.21,11,-99,-99,1.63,none,0,0,none,0,0,-99,-99,-99,-99,-99
2025,MX,7,C,5,1,0.021,0,-99,-99,0,0,-99,-99,0,none,0,0,none,0,0,-99,-99,-99,-99,-99
2025,MX,8,E,1,4,1.825,0,-99,-99,0,0,-99,-99,0,AMCA,1,0.349,none,0,0,-99,-99,-99,-99,-99
2025,MX,8,E,2,5,2.189,0,-99,-99,0,0,-99,-99,0,none,0,0,none,0,0,-99,-99,-99,-99,-99
2025,MX,8,E,3,0,0,0,-99,-99,0,5,-99,-99,0.507,none,0,0,none,0,0,-99,-99,-99,-99,-99
2025,MX,8,E,4,1,1.649,0,-99,-99,0,7,-99,-99,1.188,AMCA,1,0.014,none,0,0,-99,-99,-99,-99,-99
2025,MX,8,E,5,3,1.723,1,-99,-99,0.159,2,-99,-99,0.154,none,0,0,none,0,0,-99,-99,-99,-99,-99
2025,MX,9,A,1,2,0.908,1,-99,-99,0.184,1,-99,-99,0.21,none,0,0,none,0,0,-99,-99,-99,-99,-99
2025,MX,9,A,2,2,0.726,0,-99,-99,0,1,-99,-99,0.112,none,0,0,none,0,0,-99,-99,-99,-99,-99
2025,MX,9,A,3,0,0,3,-99,-99,0.364,3,-99,-99,0.464,none,0,0,none,0,0,-99,-99,-99,-99,-99
2025,MX,9,A,4,3,1.179,1,-99,-99,0.189,1,-99,-99,0.266,none,0,0,none,0,0,-99,-99,-99,-99,-99
2025,MX,9,A,5,2,0.399,0,-99,-99,0,0,-99,-99,0,AMCA,1,0.104,none,0,0,-99,-99,-99,-99,-99
2025,MX,10,C,1,0,0,9,-99,-99,1.393,6,-99,-99,0.664,none,0,0,none,0,0,-99,-99,-99,-99,-99
2025,MX,10,C,2,0,0,6,-99,-99,0.799,0,-99,-99,0,none,0,0,none,0,0,-99,-99,-99,-99,-99
2025,MX,10,C,3,5,4.384,4,-99,-99,0.473,0,-99,-99,0,AMCA,1,0.068,none,0,0,-99,-99,-99,-99,-99
2025,MX,10,C,4,1,0.614,0,-99,-99,0,0,-99,-99,0,none,0,0,none,0,0,-99,-99,-99,-99,-99
2025,MX,10,C,5,3,1.693,9,-99,-99,1.346,3,-99,-99,0.428,none,0,0,none,0,0,-99,-99,-99,-99,-99
2025,MX,11,E,1,2,0.885,0,-99,-99,0,1,-99,-99,0.215,none,0,0,none,0,0,-99,-99,-99,-99,-99
2025,MX,11,E,2,2,0.792,0,-99,-99,0,0,-99,-99,0,none,0,0,none,0,0,-99,-99,-99,-99,-99
2025,MX,11,E,3,0,0,0,-99,-99,0,2,-99,-99,0.547,none,0,0,none,0,0,-99,-99,-99,-99,-99
2025,MX,11,E,4,2,0.859,0,-99,-99,0,0,-99,-99,0,none,0,0,none,0,0,-99,-99,-99,-99,-99
2025,MX,11,E,5,0,0,0,-99,-99,0,0,-99,-99,0,none,0,0,none,0,0,-99,-99,-99,-99,-99
2025,MX,12,A,1,1,0.353,8,-99,-99,0.971,0,-99,-99,0,none,0,0,none,0,0,-99,-99,-99,-99,-99
2025,MX,12,A,2,3,2.012,0,-99,-99,0,1,-99,-99,0.114,none,0,0,none,0,0,-99,-99,-99,-99,-99
2025,MX,12,A,3,0,0,0,-99,-99,0,0,-99,-99,0,none,0,0,none,0,0,-99,-99,-99,-99,-99
2025,MX,12,A,4,1,0.623,0,-99,-99,0,0,-99,-99,0,none,0,0,none,0,0,-99,-99,-99,-99,-99
2025,MX,12,A,5,2,1.103,0,-99,-99,0,0,-99,-99,0,none,0,0,none,0,0,-99,-99,-99,-99,-99
2025,MX,13,E,1,2,1.159,1,-99,-99,0.017,0,-99,-99,0,none,0,0,none,0,0,-99,-99,-99,-99,-99
2025,MX,13,E,2,2,0.887,0,-99,-99,0,0,-99,-99,0,none,0,0,none,0,0,-99,-99,-99,-99,-99
2025,MX,13,E,3,2,1.384,0,-99,-99,0,0,-99,-99,0,none,0,0,none,0,0,-99,-99,-99,-99,-99
2025,MX,13,E,4,4,2.594,0,-99,-99,0,0,-99,-99,0,none,0,0,none,0,0,-99,-99,-99,-99,-99
2025,MX,13,E,5,3,1.208,0,-99,-99,0,4,-99,-99,0.62,none,0,0,none,0,0,-99,-99,-99,-99,-99
2025,MX,14,C,1,0,0,3,-99,-99,0.65,3,-99,-99,0.363,none,0,0,none,0,0,-99,-99,-99,-99,-99
2025,MX,14,C,2,0,0,1,-99,-99,0.172,4,-99,-99,0.504,none,0,0,none,0,0,-99,-99,-99,-99,-99
2025,MX,14,C,3,0,0,7,-99,-99,0.285,0,-99,-99,0,none,0,0,none,0,0,-99,-99,-99,-99,-99
2025,MX,14,C,4,1,0.715,0,-99,-99,0,2,-99,-99,0.275,none,0,0,none,0,0,-99,-99,-99,-99,-99
2025,MX,14,C,5,1,0.313,8,-99,-99,1.088,0,-99,-99,0,none,0,0,none,0,0,-99,-99,-99,-99,-99
2025,MX,15,A,1,0,0,0,-99,-99,0,0,-99,-99,0,none,0,0,none,0,0,-99,-99,-99,-99,-99
2025,MX,15,A,2,0,0,0,-99,-99,0,0,-99,-99,0,none,0,0,none,0,0,-99,-99,-99,-99,-99
2025,MX,15,A,3,1,1.215,0,-99,-99,0,1,-99,-99,0.066,none,0,0,none,0,0,-99,-99,-99,-99,-99
2025,MX,15,A,4,0,0,0,-99,-99,0,0,-99,-99,0,none,0,0,none,0,0,-99,-99,-99,-99,-99
2025,MX,15,A,5,2,0.851,0,-99,-99,0,2,-99,-99,0.016,none,0,0,none,0,0,-99,-99,-99,-99,-99
