Year,Chamber,Quadrat,InOut,CO2,Nitrogen,Treatment,SCCount,SCTotalMass,SPCount,SPTotalMass,DICount,DITotalMass,LitterTotalMass
2005,1,1,1,1,1,4,-99,-99,-99,0,-99,0,2.9892
2005,1,2,1,1,1,4,-99,-99,-99,0,-99,0,1.6745
2005,1,3,1,1,1,4,-99,-99,-99,0.043,-99,0,3.2871
2005,1,4,1,1,1,4,-99,-99,-99,0,-99,0,3.6348
2005,1,5,1,1,1,4,-99,-99,-99,0,-99,0.3148,6.6141
2005,1,6,1,1,1,4,-99,-99,-99,0,-99,0,3.4971
2005,1,7,0,1,1,4,-99,-99,-99,0.0056,-99,0,3.516
2005,1,8,0,1,1,4,-99,-99,-99,0,-99,0.1352,2.7662
2005,2,1,1,0,0,1,-99,-99,-99,0.6177,-99,0,2.2459
2005,2,2,1,0,0,1,-99,-99,-99,0.0232,-99,0,2.4499
2005,2,3,1,0,0,1,-99,-99,-99,0,-99,0,1.6981
2005,2,4,1,0,0,1,-99,-99,-99,0,-99,0,1.299
2005,2,5,1,0,0,1,-99,-99,-99,0.1276,-99,0,5.5455
2005,2,6,1,0,0,1,-99,-99,-99,0,-99,0,0.6528
2005,2,7,0,0,0,1,-99,-99,-99,0,-99,0,2.0975
2005,2,8,0,0,0,1,-99,-99,-99,0.3824,-99,0,2.3208
2005,3,1,1,1,0,3,-99,-99,-99,0,-99,0,2.2165
2005,3,2,1,1,0,3,-99,-99,-99,0.1521,-99,0,2.3111
2005,3,3,1,1,0,3,-99,-99,-99,1.585,-99,0,4.0962
2005,3,4,1,1,0,3,-99,-99,-99,0,-99,0,3.4462
2005,3,5,1,1,0,3,-99,-99,-99,0,-99,0,2.4602
2005,3,6,1,1,0,3,-99,-99,-99,0,-99,0,4.9997
2005,3,7,0,1,0,3,-99,-99,-99,0.1605,-99,0,2.3686
2005,3,8,0,1,0,3,-99,-99,-99,0.3528,-99,0,2.4263
2005,4,1,1,0,1,2,-99,-99,-99,0,-99,0,1.8292
2005,4,2,1,0,1,2,-99,-99,-99,0.1149,-99,0,2.8092
2005,4,3,1,0,1,2,-99,-99,-99,0,-99,0,0.5896
2005,4,4,1,0,1,2,-99,-99,-99,0.256,-99,0,1.5365
2005,4,5,1,0,1,2,-99,-99,-99,0.1814,-99,0,1.4011
2005,4,6,1,0,1,2,-99,-99,-99,0,-99,0.0385,3.8498
2005,4,7,0,0,1,2,-99,-99,-99,0,-99,0,1.5075
2005,4,8,0,0,1,2,-99,-99,-99,0,-99,0,3.1385
2005,5,1,1,1,1,4,-99,-99,-99,0.0281,-99,0,1.8945
2005,5,2,1,1,1,4,-99,-99,-99,0,-99,0,1.0645
2005,5,3,1,1,1,4,-99,-99,-99,0,-99,0,0.853
2005,5,4,1,1,1,4,-99,-99,-99,0,-99,0,2.5648
2005,5,5,1,1,1,4,-99,-99,-99,0,-99,0,2.3744
2005,5,6,1,1,1,4,-99,-99,-99,0,-99,0,1.6614
2005,5,7,0,1,1,4,-99,-99,-99,0.026,-99,0,1.3264
2005,5,8,0,1,1,4,-99,-99,-99,0.0087,-99,0,0.8583
2005,6,1,1,0,0,1,-99,-99,-99,0,-99,0,3.4736
2005,6,2,1,0,0,1,-99,-99,-99,0,-99,0,1.4446
2005,6,3,1,0,0,1,-99,-99,-99,0,-99,0,1.3774
2005,6,4,1,0,0,1,-99,-99,-99,0,-99,0.0624,1.6805
2005,6,5,1,0,0,1,-99,-99,-99,0,-99,0,2.43
2005,6,6,1,0,0,1,-99,-99,-99,0,-99,0,1.251
2005,6,7,0,0,0,1,-99,-99,-99,0,-99,0,3.5934
2005,6,8,0,0,0,1,-99,-99,-99,0,-99,0,1.4874
2005,7,1,1,0,0,1,-99,-99,-99,0,-99,0,1.2887
2005,7,2,1,0,0,1,-99,-99,-99,0,-99,0,1.4758
2005,7,3,1,0,0,1,-99,-99,-99,0,-99,0,3.4546
2005,7,4,1,0,0,1,-99,-99,-99,0,-99,0.2312,1.6715
2005,7,5,1,0,0,1,-99,-99,-99,0.1309,-99,0,2.8643
2005,7,6,1,0,0,1,-99,-99,-99,0,-99,0,2.2883
2005,7,7,0,0,0,1,-99,-99,-99,0,-99,0.2181,1.6884
2005,7,8,0,0,0,1,-99,-99,-99,0,-99,0.2632,1.1193
2005,8,1,1,1,0,3,-99,-99,-99,0,-99,0,1.6366
2005,8,2,1,1,0,3,-99,-99,-99,0.5144,-99,0.5066,2.7478
2005,8,3,1,1,0,3,-99,-99,-99,0,-99,0,0.5624
2005,8,4,1,1,0,3,-99,-99,-99,0,-99,0,2.6142
2005,8,5,1,1,0,3,-99,-99,-99,0,-99,0.2207,1.394
2005,8,6,1,1,0,3,-99,-99,-99,0.0855,-99,0.2122,4.0776
2005,8,7,0,1,0,3,-99,-99,-99,0,-99,0,3.2737
2005,8,8,0,1,0,3,-99,-99,-99,0.6027,-99,0,2.1966
2005,9,1,1,1,0,3,-99,-99,-99,0,-99,0,0.8412
2005,9,2,1,1,0,3,-99,-99,-99,0,-99,0,1.3864
2005,9,3,1,1,0,3,-99,-99,-99,0,-99,0,3.4692
2005,9,4,1,1,0,3,-99,-99,-99,0,-99,0,1.3734
2005,9,5,1,1,0,3,-99,-99,-99,0,-99,0.1132,1.5748
2005,9,6,1,1,0,3,-99,-99,-99,0,-99,0,1.5457
2005,9,7,0,1,0,3,-99,-99,-99,0,-99,0.1787,2.6589
2005,9,8,0,1,0,3,-99,-99,-99,0.1135,-99,0,1.8449
2005,10,1,1,0,1,2,-99,-99,-99,0,-99,0.1252,2.5906
2005,10,2,1,0,1,2,-99,-99,-99,0,-99,0,0.6111
2005,10,3,1,0,1,2,-99,-99,-99,0.0648,-99,0,1.9561
2005,10,4,1,0,1,2,-99,-99,-99,0.0799,-99,0,4.1025
2005,10,5,1,0,1,2,-99,-99,-99,0.019,-99,0,0.4543
2005,10,6,1,0,1,2,-99,-99,-99,0.7598,-99,0,3.0226
2005,10,7,0,0,1,2,-99,-99,-99,0.5798,-99,0.4136,3.7112
2005,10,8,0,0,1,2,-99,-99,-99,0.3651,-99,0.1118,2.5605
2005,11,1,1,0,1,2,-99,-99,-99,0.1056,-99,0,2.002
2005,11,2,1,0,1,2,-99,-99,-99,0,-99,0.1395,0.5105
2005,11,3,1,0,1,2,-99,-99,-99,0,-99,0,1.2268
2005,11,4,1,0,1,2,-99,-99,-99,0,-99,0,1.0595
2005,11,5,1,0,1,2,-99,-99,-99,0,-99,0,0.8819
2005,11,6,1,0,1,2,-99,-99,-99,0.4929,-99,0,1.3631
2005,11,7,0,0,1,2,-99,-99,-99,0,-99,0,2.8875
2005,11,8,0,0,1,2,-99,-99,-99,0.2179,-99,0,3.2825
2005,12,1,1,1,1,4,-99,-99,-99,0,-99,0,1.965
2005,12,2,1,1,1,4,-99,-99,-99,0,-99,0.1948,3.6819
2005,12,3,1,1,1,4,-99,-99,-99,0,-99,0,1.642
2005,12,4,1,1,1,4,-99,-99,-99,0.3967,-99,0.3016,3.801
2005,12,5,1,1,1,4,-99,-99,-99,0,-99,0,0.8661
2005,12,6,1,1,1,4,-99,-99,-99,0.2286,-99,0,1.7532
2005,12,7,0,1,1,4,-99,-99,-99,0,-99,0,2.1657
2005,12,8,0,1,1,4,-99,-99,-99,0.3876,-99,0,1.3549
2005,13,1,1,1,0,3,-99,-99,-99,0,-99,0,4.4475
2005,13,2,1,1,0,3,-99,-99,-99,0.7419,-99,0.0902,3.8203
2005,13,3,1,1,0,3,-99,-99,-99,1.2858,-99,0,4.8144
2005,13,4,1,1,0,3,-99,-99,-99,0.7078,-99,0,3.4012
2005,13,5,1,1,0,3,-99,-99,-99,1.7,-99,0,4.1286
2005,13,6,1,1,0,3,-99,-99,-99,1.6661,-99,0.2124,5.7681
2005,13,7,0,1,0,3,-99,-99,-99,0,-99,0,2.9798
2005,13,8,0,1,0,3,-99,-99,-99,0.0961,-99,0.6617,4.4641
2005,14,1,1,0,1,2,-99,-99,-99,0.0912,-99,0,2.5895
2005,14,2,1,0,1,2,-99,-99,-99,0.125,-99,0.4784,1.0222
2005,14,3,1,0,1,2,-99,-99,-99,0.1837,-99,0,1.0243
2005,14,4,1,0,1,2,-99,-99,-99,0,-99,0.121,3.2135
2005,14,5,1,0,1,2,-99,-99,-99,0,-99,0,2.3942
2005,14,6,1,0,1,2,-99,-99,-99,0.2407,-99,0,2.1743
2005,14,7,0,0,1,2,-99,-99,-99,0.0181,-99,0,0.9132
2005,14,8,0,0,1,2,-99,-99,-99,0,-99,0,3.9337
2005,15,1,1,1,1,4,-99,-99,-99,0,-99,0,3.1743
2005,15,2,1,1,1,4,-99,-99,-99,0,-99,0,1.6614
2005,15,3,1,1,1,4,-99,-99,-99,0,-99,0.1243,2.5403
2005,15,4,1,1,1,4,-99,-99,-99,0,-99,0,1.012
2005,15,5,1,1,1,4,-99,-99,-99,0,-99,0,3.2425
2005,15,6,1,1,1,4,-99,-99,-99,0,-99,0,2.0108
2005,15,7,0,1,1,4,-99,-99,-99,0.168,-99,0,3.6868
2005,15,8,0,1,1,4,-99,-99,-99,0,-99,0,2.0599
2005,16,1,1,0,0,1,-99,-99,-99,0.7157,-99,0,3.898
2005,16,2,1,0,0,1,-99,-99,-99,0,-99,0,3.3995
2005,16,3,1,0,0,1,-99,-99,-99,0,-99,0,3.7572
2005,16,4,1,0,0,1,-99,-99,-99,0,-99,0,4.026
2005,16,5,1,0,0,1,-99,-99,-99,0,-99,0,1.9554
2005,16,6,1,0,0,1,-99,-99,-99,0,-99,0.2553,1.1956
2005,16,7,0,0,0,1,-99,-99,-99,0.4232,-99,0,0.78
2005,16,8,0,0,0,1,-99,-99,-99,0,-99,0,1.6371
2005,17,1,1,0,0,1,-99,-99,-99,0,-99,0.1773,2.5369
2005,17,2,1,0,0,1,-99,-99,-99,0,-99,0.3219,1.8128
2005,17,3,1,0,0,1,-99,-99,-99,0,-99,0.8476,2.229
2005,17,4,1,0,0,1,-99,-99,-99,0.2595,-99,0,5.308
2005,17,5,1,0,0,1,-99,-99,-99,0,-99,0,1.9407
2005,17,6,1,0,0,1,-99,-99,-99,0,-99,0,2.8506
2005,17,7,0,0,0,1,-99,-99,-99,0,-99,0,2.9416
2005,17,8,0,0,0,1,-99,-99,-99,0.033,-99,0,3.8076
2005,18,1,1,1,1,4,-99,-99,-99,0,-99,0,2.7102
2005,18,2,1,1,1,4,-99,-99,-99,0,-99,0,1.0701
2005,18,3,1,1,1,4,-99,-99,-99,0,-99,0.0699,1.5887
2005,18,4,1,1,1,4,-99,-99,-99,0,-99,0.1177,2.0038
2005,18,5,1,1,1,4,-99,-99,-99,0,-99,0,4.2703
2005,18,6,1,1,1,4,-99,-99,-99,0,-99,0,0.6062
2005,18,7,0,1,1,4,-99,-99,-99,0,-99,0,3.2383
2005,18,8,0,1,1,4,-99,-99,-99,0,-99,0,1.4627
2005,19,1,1,1,0,3,-99,-99,-99,0,-99,0,0.9142
2005,19,2,1,1,0,3,-99,-99,-99,0,-99,0,2.8686
2005,19,3,1,1,0,3,-99,-99,-99,0,-99,0,2.3133
2005,19,4,1,1,0,3,-99,-99,-99,0,-99,0,3.4685
2005,19,5,1,1,0,3,-99,-99,-99,0,-99,0,1.094
2005,19,6,1,1,0,3,-99,-99,-99,0,-99,0,4.0583
2005,19,7,0,1,0,3,-99,-99,-99,0,-99,0,1.9658
2005,19,8,0,1,0,3,-99,-99,-99,0,-99,0.0823,4.0965
2005,20,1,1,0,1,2,-99,-99,-99,0,-99,0,4.7216
2005,20,2,1,0,1,2,-99,-99,-99,0,-99,0,0.9725
2005,20,3,1,0,1,2,-99,-99,-99,0.4424,-99,0,1.5491
2005,20,4,1,0,1,2,-99,-99,-99,0.9188,-99,0,4.2033
2005,20,5,1,0,1,2,-99,-99,-99,1.1927,-99,0,5.9995
2005,20,6,1,0,1,2,-99,-99,-99,0,-99,0,2.0623
2005,20,7,0,0,1,2,-99,-99,-99,0,-99,0,2.007
2005,20,8,0,0,1,2,-99,-99,-99,0.4898,-99,0,1.1637
2006,1,1,1,1,1,4,-99,-99,-99,0,-99,0,1.2855
2006,1,2,1,1,1,4,-99,-99,-99,0.2373,-99,0,1.7168
2006,1,3,1,1,1,4,-99,-99,-99,0,-99,0,5.1375
2006,1,4,1,1,1,4,-99,-99,-99,0,-99,0,4.6322
2006,1,5,1,1,1,4,-99,-99,-99,0.4909,-99,0,1.6999
2006,1,6,1,1,1,4,-99,-99,-99,0.0228,-99,0,1.7816
2006,1,7,0,1,1,4,-99,-99,-99,0.1822,-99,0,2.9819
2006,1,8,0,1,1,4,-99,-99,-99,0.3394,-99,0,5.7776
2006,2,1,1,0,0,1,-99,-99,-99,0.1771,-99,0,2.2326
2006,2,2,1,0,0,1,-99,-99,-99,0.3601,-99,0,3.1065
2006,2,3,1,0,0,1,-99,-99,-99,0.0362,-99,0,2.4313
2006,2,4,1,0,0,1,-99,-99,-99,0.0852,-99,0,2.1393
2006,2,5,1,0,0,1,-99,-99,-99,0,-99,0,2.0502
2006,2,6,1,0,0,1,-99,-99,-99,0,-99,0,4.0649
2006,2,7,0,0,0,1,-99,-99,-99,0,-99,0,1.2103
2006,2,8,0,0,0,1,-99,-99,-99,0,-99,0.1441,2.134
2006,3,1,1,1,0,3,-99,-99,-99,0.6029,-99,0,3.7148
2006,3,2,1,1,0,3,-99,-99,-99,0,-99,0,2.0557
2006,3,3,1,1,0,3,-99,-99,-99,0.1436,-99,0,5.1223
2006,3,4,1,1,0,3,-99,-99,-99,0,-99,0,2.1964
2006,3,5,1,1,0,3,-99,-99,-99,0.304,-99,0,1.6592
2006,3,6,1,1,0,3,-99,-99,-99,0,-99,0,2.4538
2006,3,7,0,1,0,3,-99,-99,-99,0.3117,-99,0,3.8074
2006,3,8,0,1,0,3,-99,-99,-99,0,-99,0,3.5939
2006,4,1,1,0,1,2,-99,-99,-99,0,-99,0,0.9666
2006,4,2,1,0,1,2,-99,-99,-99,0,-99,0,2.2286
2006,4,3,1,0,1,2,-99,-99,-99,0.2849,-99,0,2.611
2006,4,4,1,0,1,2,-99,-99,-99,0,-99,0.4107,0.8363
2006,4,5,1,0,1,2,-99,-99,-99,1.9539,-99,0,1.6835
2006,4,6,1,0,1,2,-99,-99,-99,0.0732,-99,0,3.3558
2006,4,7,0,0,1,2,-99,-99,-99,0,-99,0,3.4729
2006,4,8,0,0,1,2,-99,-99,-99,0,-99,0,2.2933
2006,5,1,1,1,1,4,-99,-99,-99,0,-99,0,2.1178
2006,5,2,1,1,1,4,-99,-99,-99,0,-99,0,6.1702
2006,5,3,1,1,1,4,-99,-99,-99,0,-99,0,3.0323
2006,5,4,1,1,1,4,-99,-99,-99,0.2468,-99,0,1.6728
2006,5,5,1,1,1,4,-99,-99,-99,0,-99,0,2.4659
2006,5,6,1,1,1,4,-99,-99,-99,0,-99,0,1.5417
2006,5,7,0,1,1,4,-99,-99,-99,0.2224,-99,0,3.794
2006,5,8,0,1,1,4,-99,-99,-99,0.3992,-99,0,1.0227
2006,6,1,1,0,0,1,-99,-99,-99,0,-99,0,2.3416
2006,6,2,1,0,0,1,-99,-99,-99,0,-99,0,2.7086
2006,6,3,1,0,0,1,-99,-99,-99,0,-99,0,1.9137
2006,6,4,1,0,0,1,-99,-99,-99,0,-99,0,2.5848
2006,6,5,1,0,0,1,-99,-99,-99,0,-99,0,2.3452
2006,6,6,1,0,0,1,-99,-99,-99,0,-99,0,4.2734
2006,6,7,0,0,0,1,-99,-99,-99,0,-99,0,4.4825
2006,6,8,0,0,0,1,-99,-99,-99,0.1148,-99,0,2.37
2006,7,1,1,0,0,1,-99,-99,-99,0.2268,-99,0,1.4096
2006,7,2,1,0,0,1,-99,-99,-99,0.2202,-99,0,1.3141
2006,7,3,1,0,0,1,-99,-99,-99,0,-99,0,2.0864
2006,7,4,1,0,0,1,-99,-99,-99,0.3379,-99,0,1.8586
2006,7,5,1,0,0,1,-99,-99,-99,0,-99,0,2.8224
2006,7,6,1,0,0,1,-99,-99,-99,0,-99,0,1.554
2006,7,7,0,0,0,1,-99,-99,-99,0.2274,-99,0,0.7572
2006,7,8,0,0,0,1,-99,-99,-99,0,-99,0,2.4409
2006,8,1,1,1,0,3,-99,-99,-99,0,-99,0,0.8252
2006,8,2,1,1,0,3,-99,-99,-99,0.0576,-99,0,1.2867
2006,8,3,1,1,0,3,-99,-99,-99,0,-99,0,1.3536
2006,8,4,1,1,0,3,-99,-99,-99,0,-99,0,0.8753
2006,8,5,1,1,0,3,-99,-99,-99,0,-99,0,1.9879
2006,8,6,1,1,0,3,-99,-99,-99,0.0818,-99,0,1.8997
2006,8,7,0,1,0,3,-99,-99,-99,0,-99,0,1.5296
2006,8,8,0,1,0,3,-99,-99,-99,0.0677,-99,0.3001,3.7131
2006,9,1,1,1,0,3,-99,-99,-99,0,-99,0.0574,1.8689
2006,9,2,1,1,0,3,-99,-99,-99,0,-99,0,1.646
2006,9,3,1,1,0,3,-99,-99,-99,0,-99,0,1.3986
2006,9,4,1,1,0,3,-99,-99,-99,0,-99,0,2.0107
2006,9,5,1,1,0,3,-99,-99,-99,0,-99,0.1869,2.9873
2006,9,6,1,1,0,3,-99,-99,-99,0,-99,0,0.8581
2006,9,7,0,1,0,3,-99,-99,-99,0,-99,0.3021,2.6478
2006,9,8,0,1,0,3,-99,-99,-99,0,-99,0,2.6695
2006,10,1,1,0,1,2,-99,-99,-99,0.2266,-99,0,4.6221
2006,10,2,1,0,1,2,-99,-99,-99,0,-99,0,1.3215
2006,10,3,1,0,1,2,-99,-99,-99,0,-99,0,1.5332
2006,10,4,1,0,1,2,-99,-99,-99,0,-99,0,3.4203
2006,10,5,1,0,1,2,-99,-99,-99,0,-99,0,1.2506
2006,10,6,1,0,1,2,-99,-99,-99,0.1409,-99,0,2.4297
2006,10,7,0,0,1,2,-99,-99,-99,0,-99,0,1.7689
2006,10,8,0,0,1,2,-99,-99,-99,0,-99,0,1.8124
2006,11,1,1,0,1,2,-99,-99,-99,0.2322,-99,0,2.0159
2006,11,2,1,0,1,2,-99,-99,-99,0.3723,-99,0,3.168
2006,11,3,1,0,1,2,-99,-99,-99,0,-99,0,3.5098
2006,11,4,1,0,1,2,-99,-99,-99,0,-99,0,1.6283
2006,11,5,1,0,1,2,-99,-99,-99,0.2444,-99,0,2.5346
2006,11,6,1,0,1,2,-99,-99,-99,0,-99,0,1.1626
2006,11,7,0,0,1,2,-99,-99,-99,0.0475,-99,0,1.9462
2006,11,8,0,0,1,2,-99,-99,-99,0.1427,-99,0,1.6021
2006,12,1,1,1,1,4,-99,-99,-99,0.0996,-99,0.2181,2.7524
2006,12,2,1,1,1,4,-99,-99,-99,0.0097,-99,0,3.659
2006,12,3,1,1,1,4,-99,-99,-99,0,-99,0,3.0002
2006,12,4,1,1,1,4,-99,-99,-99,0,-99,0,1.5811
2006,12,5,1,1,1,4,-99,-99,-99,0.044,-99,0,1.9466
2006,12,6,1,1,1,4,-99,-99,-99,0.2212,-99,0,2.0368
2006,12,7,0,1,1,4,-99,-99,-99,0.0176,-99,0,4.0939
2006,12,8,0,1,1,4,-99,-99,-99,0,-99,0,2.8104
2006,13,1,1,1,0,3,-99,-99,-99,0.8807,-99,0,4.6932
2006,13,2,1,1,0,3,-99,-99,-99,0.0021,-99,0,2.7508
2006,13,3,1,1,0,3,-99,-99,-99,0.1011,-99,0,2.3027
2006,13,4,1,1,0,3,-99,-99,-99,0,-99,0,2.0602
2006,13,5,1,1,0,3,-99,-99,-99,0,-99,0,4.4322
2006,13,6,1,1,0,3,-99,-99,-99,0.1975,-99,0,2.3715
2006,13,7,0,1,0,3,-99,-99,-99,0,-99,0,2.3029
2006,13,8,0,1,0,3,-99,-99,-99,0,-99,0.1092,1.6696
2006,14,1,1,0,1,2,-99,-99,-99,0,-99,0,2.3222
2006,14,2,1,0,1,2,-99,-99,-99,0,-99,0,1.529
2006,14,3,1,0,1,2,-99,-99,-99,0,-99,0,1.6532
2006,14,4,1,0,1,2,-99,-99,-99,0.2491,-99,0,1.8177
2006,14,5,1,0,1,2,-99,-99,-99,0,-99,0,1.5583
2006,14,6,1,0,1,2,-99,-99,-99,0,-99,0.2788,1.7528
2006,14,7,0,0,1,2,-99,-99,-99,0.3529,-99,0,0.3141
2006,14,8,0,0,1,2,-99,-99,-99,2.0903,-99,0,3.6562
2006,15,1,1,1,1,4,-99,-99,-99,0,-99,0,2.388
2006,15,2,1,1,1,4,-99,-99,-99,0,-99,0,1.4828
2006,15,3,1,1,1,4,-99,-99,-99,0,-99,0,0.7821
2006,15,4,1,1,1,4,-99,-99,-99,0.2746,-99,0,1.0747
2006,15,5,1,1,1,4,-99,-99,-99,0,-99,0.1075,3.4912
2006,15,6,1,1,1,4,-99,-99,-99,0,-99,0,1.4742
2006,15,7,0,1,1,4,-99,-99,-99,0,-99,0,1.7832
2006,15,8,0,1,1,4,-99,-99,-99,0,-99,0,1.4265
2006,16,1,1,0,0,1,-99,-99,-99,0,-99,0,1.7371
2006,16,2,1,0,0,1,-99,-99,-99,0.0887,-99,0,2.9849
2006,16,3,1,0,0,1,-99,-99,-99,0,-99,0,1.6609
2006,16,4,1,0,0,1,-99,-99,-99,0,-99,0,1.5455
2006,16,5,1,0,0,1,-99,-99,-99,0,-99,0,2.4777
2006,16,6,1,0,0,1,-99,-99,-99,0.3751,-99,0,1.3607
2006,16,7,0,0,0,1,-99,-99,-99,0.0207,-99,0,2.9246
2006,16,8,0,0,0,1,-99,-99,-99,0,-99,0,1.8086
2006,17,1,1,0,0,1,-99,-99,-99,0,-99,0,1.6906
2006,17,2,1,0,0,1,-99,-99,-99,0,-99,0,2.8366
2006,17,3,1,0,0,1,-99,-99,-99,0,-99,0,1.9646
2006,17,4,1,0,0,1,-99,-99,-99,0,-99,0.3033,3.1439
2006,17,5,1,0,0,1,-99,-99,-99,0,-99,0,2.0942
2006,17,6,1,0,0,1,-99,-99,-99,0.5076,-99,0,4.649
2006,17,7,0,0,0,1,-99,-99,-99,0,-99,0,1.9131
2006,17,8,0,0,0,1,-99,-99,-99,0,-99,0,2.0793
2006,18,1,1,1,1,4,-99,-99,-99,0,-99,0,1.6483
2006,18,2,1,1,1,4,-99,-99,-99,0,-99,1.1201,4.1848
2006,18,3,1,1,1,4,-99,-99,-99,0,-99,0.1475,2.5417
2006,18,4,1,1,1,4,-99,-99,-99,0,-99,0.3741,6.3439
2006,18,5,1,1,1,4,-99,-99,-99,0,-99,1.0596,3.4572
2006,18,6,1,1,1,4,-99,-99,-99,0,-99,0,0.5162
2006,18,7,0,1,1,4,-99,-99,-99,0,-99,0,2.8946
2006,18,8,0,1,1,4,-99,-99,-99,0,-99,0,4.3603
2006,19,1,1,1,0,3,-99,-99,-99,0,-99,0,5.1283
2006,19,2,1,1,0,3,-99,-99,-99,0,-99,0,2.2432
2006,19,3,1,1,0,3,-99,-99,-99,0,-99,0,1.7909
2006,19,4,1,1,0,3,-99,-99,-99,0,-99,0,2.0796
2006,19,5,1,1,0,3,-99,-99,-99,0,-99,0,0.9764
2006,19,6,1,1,0,3,-99,-99,-99,0,-99,0.0408,2.1534
2006,19,7,0,1,0,3,-99,-99,-99,0,-99,0,3.644
2006,19,8,0,1,0,3,-99,-99,-99,0,-99,0,1.5534
2006,20,1,1,0,1,2,-99,-99,-99,3.5458,-99,0,4.1197
2006,20,2,1,0,1,2,-99,-99,-99,0.0512,-99,0,3.3309
2006,20,3,1,0,1,2,-99,-99,-99,1.0185,-99,0,2.687
2006,20,4,1,0,1,2,-99,-99,-99,0.1836,-99,0,2.9517
2006,20,5,1,0,1,2,-99,-99,-99,6.7249,-99,0,2.7836
2006,20,6,1,0,1,2,-99,-99,-99,0.9274,-99,0,1.7847
2006,20,7,0,0,1,2,-99,-99,-99,0.027,-99,0,3.0153
2006,20,8,0,0,1,2,-99,-99,-99,1.7704,-99,0,3.7284
2007,1,1,1,1,1,4,-99,-99,-99,2.4777,-99,1.9403,3.02
2007,1,2,1,1,1,4,-99,-99,-99,0.0307,-99,0,2.02
2007,1,3,1,1,1,4,-99,-99,-99,0,-99,0,3.84
2007,1,4,1,1,1,4,-99,-99,-99,0.0624,-99,0.2048,2.87
2007,1,5,1,1,1,4,-99,-99,-99,0,-99,0.5124,4.04
2007,1,6,1,1,1,4,-99,-99,-99,0,-99,0.3252,2.12
2007,1,7,0,1,1,4,-99,-99,-99,0.7048,-99,0.1202,0.56
2007,1,8,0,1,1,4,-99,-99,-99,1.2097,-99,0.1984,1.22
2007,2,1,1,0,0,1,-99,-99,-99,0,-99,0,1.3
2007,2,2,1,0,0,1,-99,-99,-99,0,-99,0,2.99
2007,2,3,1,0,0,1,-99,-99,-99,0,-99,0,1.94
2007,2,4,1,0,0,1,-99,-99,-99,0.3582,-99,0,1.4
2007,2,5,1,0,0,1,-99,-99,-99,0,-99,0,2.13
2007,2,6,1,0,0,1,-99,-99,-99,0.2073,-99,0,1.39
2007,2,7,0,0,0,1,-99,-99,-99,0,-99,0.68,1.92
2007,2,8,0,0,0,1,-99,-99,-99,0.3842,-99,0,1.4
2007,3,1,1,1,0,3,-99,-99,-99,0,-99,0,2.5
2007,3,2,1,1,0,3,-99,-99,-99,0,-99,0,3.99
2007,3,3,1,1,0,3,-99,-99,-99,0.8118,-99,0,2.98
2007,3,4,1,1,0,3,-99,-99,-99,0,-99,0,1.24
2007,3,5,1,1,0,3,-99,-99,-99,0,-99,0,2.8
2007,3,6,1,1,0,3,-99,-99,-99,0,-99,0,3.95
2007,3,7,0,1,0,3,-99,-99,-99,0.0687,-99,0,3.67
2007,3,8,0,1,0,3,-99,-99,-99,0,-99,0.1464,0.69
2007,4,1,1,0,1,2,-99,-99,-99,0,-99,0,2.86
2007,4,2,1,0,1,2,-99,-99,-99,0.5681,-99,0,1.38
2007,4,3,1,0,1,2,-99,-99,-99,0.8799,-99,1.4168,4.67
2007,4,4,1,0,1,2,-99,-99,-99,0.5132,-99,0,3.3
2007,4,5,1,0,1,2,-99,-99,-99,0.6094,-99,0,4.16
2007,4,6,1,0,1,2,-99,-99,-99,0.2635,-99,0,1.12
2007,4,7,0,0,1,2,-99,-99,-99,0,-99,0.0284,4.42
2007,4,8,0,0,1,2,-99,-99,-99,0,-99,0,0.52
2007,5,1,1,1,1,4,-99,-99,-99,0,-99,0,2.2843
2007,5,2,1,1,1,4,-99,-99,-99,0.1314,-99,0,5.358
2007,5,3,1,1,1,4,-99,-99,-99,0.5066,-99,0,1.7675
2007,5,4,1,1,1,4,-99,-99,-99,0.0394,-99,0.0126,1.7849
2007,5,5,1,1,1,4,-99,-99,-99,0,-99,0,4.9563
2007,5,6,1,1,1,4,-99,-99,-99,0.1046,-99,0,3.1537
2007,5,7,0,1,1,4,-99,-99,-99,0,-99,0,2.1379
2007,5,8,0,1,1,4,-99,-99,-99,0,-99,0,3.3029
2007,6,1,1,0,0,1,-99,-99,-99,0,-99,0,1.26
2007,6,2,1,0,0,1,-99,-99,-99,0,-99,0,1.01
2007,6,3,1,0,0,1,-99,-99,-99,0,-99,0,1.53
2007,6,4,1,0,0,1,-99,-99,-99,0,-99,0,0.47
2007,6,5,1,0,0,1,-99,-99,-99,0,-99,0,1.65
2007,6,6,1,0,0,1,-99,-99,-99,0,-99,0,1.23
2007,6,7,0,0,0,1,-99,-99,-99,0,-99,0,2.02
2007,6,8,0,0,0,1,-99,-99,-99,0,-99,0,3.34
2007,7,1,1,0,0,1,-99,-99,-99,0.2654,-99,0,2.81
2007,7,2,1,0,0,1,-99,-99,-99,0,-99,0,1.45
2007,7,3,1,0,0,1,-99,-99,-99,0,-99,0,1.36
2007,7,4,1,0,0,1,-99,-99,-99,0,-99,0,0.45
2007,7,5,1,0,0,1,-99,-99,-99,0,-99,0,1.48
2007,7,6,1,0,0,1,-99,-99,-99,0,-99,0,4.71
2007,7,7,0,0,0,1,-99,-99,-99,0.1659,-99,0.3897,1
2007,7,8,0,0,0,1,-99,-99,-99,0.1619,-99,0,1.43
2007,8,1,1,1,0,3,-99,-99,-99,0,-99,0,3.6
2007,8,2,1,1,0,3,-99,-99,-99,0,-99,0.0327,1.08
2007,8,3,1,1,0,3,-99,-99,-99,0,-99,0,3.34
2007,8,4,1,1,0,3,-99,-99,-99,0,-99,0,1.76
2007,8,5,1,1,0,3,-99,-99,-99,0,-99,0,0.37
2007,8,6,1,1,0,3,-99,-99,-99,0,-99,0,1.88
2007,8,7,0,1,0,3,-99,-99,-99,0,-99,0,1.74
2007,8,8,0,1,0,3,-99,-99,-99,0,-99,0,1.47
2007,9,1,1,1,0,3,-99,-99,-99,0,-99,0,1.17
2007,9,2,1,1,0,3,-99,-99,-99,0,-99,0,1.29
2007,9,3,1,1,0,3,-99,-99,-99,0,-99,0,1.57
2007,9,4,1,1,0,3,-99,-99,-99,0,-99,0,2.22
2007,9,5,1,1,0,3,-99,-99,-99,0,-99,0,1.32
2007,9,6,1,1,0,3,-99,-99,-99,0,-99,0,4.16
2007,9,7,0,1,0,3,-99,-99,-99,0,-99,0,1.74
2007,9,8,0,1,0,3,-99,-99,-99,0,-99,0,1.33
2007,10,1,1,0,1,2,-99,-99,-99,0,-99,0,2.5836
2007,10,2,1,0,1,2,-99,-99,-99,0.082,-99,0.4413,2.4469
2007,10,3,1,0,1,2,-99,-99,-99,0.1226,-99,0,1.3373
2007,10,4,1,0,1,2,-99,-99,-99,2.5005,-99,0,1.702
2007,10,5,1,0,1,2,-99,-99,-99,0.0893,-99,0.3312,3.6453
2007,10,6,1,0,1,2,-99,-99,-99,0.0807,-99,0.5208,1.5215
2007,10,7,0,0,1,2,-99,-99,-99,0,-99,0,0.7028
2007,10,8,0,0,1,2,-99,-99,-99,0,-99,0,1.6521
2007,11,1,1,0,1,2,-99,-99,-99,0.3455,-99,1.0988,1.1541
2007,11,2,1,0,1,2,-99,-99,-99,0.2105,-99,0,1.2375
2007,11,3,1,0,1,2,-99,-99,-99,0,-99,0.6381,1.6716
2007,11,4,1,0,1,2,-99,-99,-99,0.3348,-99,0.9462,2.0488
2007,11,5,1,0,1,2,-99,-99,-99,0,-99,1.3195,2.74
2007,11,6,1,0,1,2,-99,-99,-99,0,-99,0.0127,2.1817
2007,11,7,0,0,1,2,-99,-99,-99,0.5685,-99,0.2893,1.6715
2007,11,8,0,0,1,2,-99,-99,-99,0.5748,-99,0,2.09
2007,12,1,1,1,1,4,-99,-99,-99,0,-99,1.0993,2.2815
2007,12,2,1,1,1,4,-99,-99,-99,0,-99,2.1312,4.5019
2007,12,3,1,1,1,4,-99,-99,-99,0,-99,0.5195,1.0215
2007,12,4,1,1,1,4,-99,-99,-99,0.0316,-99,0,2.2064
2007,12,5,1,1,1,4,-99,-99,-99,0,-99,0,3.91
2007,12,6,1,1,1,4,-99,-99,-99,0.2727,-99,0,1.5105
2007,12,7,0,1,1,4,-99,-99,-99,1.2908,-99,0,0.7749
2007,12,8,0,1,1,4,-99,-99,-99,0,-99,0.0878,1.3825
2007,13,1,1,1,0,3,-99,-99,-99,0.1234,-99,0,2.25
2007,13,2,1,1,0,3,-99,-99,-99,0.3587,-99,0,2.083
2007,13,3,1,1,0,3,-99,-99,-99,0,-99,0,2.25
2007,13,4,1,1,0,3,-99,-99,-99,0,-99,0,3.0421
2007,13,5,1,1,0,3,-99,-99,-99,0.3113,-99,0,2.847
2007,13,6,1,1,0,3,-99,-99,-99,1.035,-99,0,2.541
2007,13,7,0,1,0,3,-99,-99,-99,0,-99,0,4.82
2007,13,8,0,1,0,3,-99,-99,-99,0,-99,0,1.8243
2007,14,1,1,0,1,2,-99,-99,-99,0,-99,0,2.6636
2007,14,2,1,0,1,2,-99,-99,-99,0,-99,0,2.1231
2007,14,3,1,0,1,2,-99,-99,-99,0,-99,0,0.7564
2007,14,4,1,0,1,2,-99,-99,-99,0,-99,0,6.5766
2007,14,5,1,0,1,2,-99,-99,-99,0,-99,0,1.1168
2007,14,6,1,0,1,2,-99,-99,-99,0,-99,0,2.645
2007,14,7,0,0,1,2,-99,-99,-99,0,-99,0,3.367
2007,14,8,0,0,1,2,-99,-99,-99,0,-99,0,3.947
2007,15,1,1,1,1,4,-99,-99,-99,0,-99,0,1.7744
2007,15,2,1,1,1,4,-99,-99,-99,0,-99,0,2.5529
2007,15,3,1,1,1,4,-99,-99,-99,0,-99,0,2.6603
2007,15,4,1,1,1,4,-99,-99,-99,0,-99,0,2.273
2007,15,5,1,1,1,4,-99,-99,-99,0,-99,0,3.9531
2007,15,6,1,1,1,4,-99,-99,-99,0,-99,0,1.2763
2007,15,7,0,1,1,4,-99,-99,-99,0,-99,0,1.296
2007,15,8,0,1,1,4,-99,-99,-99,0,-99,0,2.19
2007,16,1,1,0,0,1,-99,-99,-99,0,-99,0,2.81
2007,16,2,1,0,0,1,-99,-99,-99,0,-99,0,1.71
2007,16,3,1,0,0,1,-99,-99,-99,0,-99,0,1.24
2007,16,4,1,0,0,1,-99,-99,-99,0,-99,0,2.32
2007,16,5,1,0,0,1,-99,-99,-99,0,-99,0,2.85
2007,16,6,1,0,0,1,-99,-99,-99,0,-99,0,1.05
2007,16,7,0,0,0,1,-99,-99,-99,0.1528,-99,0,2.68
2007,16,8,0,0,0,1,-99,-99,-99,0.2871,-99,0,2.1
2007,17,1,1,0,0,1,-99,-99,-99,0,-99,0.5704,3.32
2007,17,2,1,0,0,1,-99,-99,-99,0,-99,0.2416,2.55
2007,17,3,1,0,0,1,-99,-99,-99,0,-99,0,0.71
2007,17,4,1,0,0,1,-99,-99,-99,0,-99,0,0.63
2007,17,5,1,0,0,1,-99,-99,-99,0,-99,0,0.27
2007,17,6,1,0,0,1,-99,-99,-99,0.0143,-99,0,1.94
2007,17,7,0,0,0,1,-99,-99,-99,0,-99,0.1548,1.77
2007,17,8,0,0,0,1,-99,-99,-99,0,-99,0,1.8
2007,18,1,1,1,1,4,-99,-99,-99,0,-99,0,3.4436
2007,18,2,1,1,1,4,-99,-99,-99,0,-99,0.7496,3.112
2007,18,3,1,1,1,4,-99,-99,-99,0,-99,0,3.1479
2007,18,4,1,1,1,4,-99,-99,-99,0,-99,0.1708,1.4845
2007,18,5,1,1,1,4,-99,-99,-99,0,-99,0.8422,2.8194
2007,18,6,1,1,1,4,-99,-99,-99,0,-99,1.1572,5.3423
2007,18,7,0,1,1,4,-99,-99,-99,0.0474,-99,0,1.0432
2007,18,8,0,1,1,4,-99,-99,-99,0,-99,0,2.1869
2007,19,1,1,1,0,3,-99,-99,-99,0,-99,0,3.08
2007,19,2,1,1,0,3,-99,-99,-99,0,-99,0,4.83
2007,19,3,1,1,0,3,-99,-99,-99,0,-99,0,2.6
2007,19,4,1,1,0,3,-99,-99,-99,0,-99,0,2.22
2007,19,5,1,1,0,3,-99,-99,-99,0,-99,0,1.96
2007,19,6,1,1,0,3,-99,-99,-99,0,-99,0,3.39
2007,19,7,0,1,0,3,-99,-99,-99,0,-99,0,2.99
2007,19,8,0,1,0,3,-99,-99,-99,0,-99,0,1.88
2007,20,1,1,0,1,2,-99,-99,-99,2.6015,-99,0,2.4841
2007,20,2,1,0,1,2,-99,-99,-99,2.2295,-99,0,3.2977
2007,20,3,1,0,1,2,-99,-99,-99,1.8357,-99,0,1.6685
2007,20,4,1,0,1,2,-99,-99,-99,2.9067,-99,0,2.9507
2007,20,5,1,0,1,2,-99,-99,-99,1.6524,-99,0,5.7318
2007,20,6,1,0,1,2,-99,-99,-99,7.3939,-99,0,2.7943
2007,20,7,0,0,1,2,-99,-99,-99,2.0692,-99,0,2.918
2007,20,8,0,0,1,2,-99,-99,-99,2.7616,-99,0,2.1075
2008,1,1,1,1,1,4,-99,-99,-99,0.65,-99,0.37,2.16
2008,1,2,1,1,1,4,-99,-99,-99,0.13,-99,0,3.74
2008,1,3,1,1,1,4,-99,-99,-99,0.09,-99,0.03,1.97
2008,1,4,1,1,1,4,-99,-99,-99,0,-99,0.08,3.69
2008,1,5,1,1,1,4,-99,-99,-99,0.3,-99,1.83,5.01
2008,1,6,1,1,1,4,-99,-99,-99,0.49,-99,1.16,2.69
2008,1,7,0,1,1,4,-99,-99,-99,0.53,-99,0.23,1.12
2008,1,8,0,1,1,4,-99,-99,-99,0.89,-99,0,3.4
2008,2,1,1,0,0,1,-99,-99,-99,0,-99,0,1.95
2008,2,2,1,0,0,1,-99,-99,-99,0,-99,0,1.4
2008,2,3,1,0,0,1,-99,-99,-99,1.01,-99,0,2.9
2008,2,4,1,0,0,1,-99,-99,-99,0,-99,0,1.39
2008,2,5,1,0,0,1,-99,-99,-99,0,-99,0,2.73
2008,2,6,1,0,0,1,-99,-99,-99,0.49,-99,0,2.06
2008,2,7,0,0,0,1,-99,-99,-99,0,-99,0.03,0.42
2008,2,8,0,0,0,1,-99,-99,-99,0,-99,0,0.71
2008,3,1,1,1,0,3,-99,-99,-99,0,-99,0,2.09
2008,3,2,1,1,0,3,-99,-99,-99,0,-99,0,3.56
2008,3,3,1,1,0,3,-99,-99,-99,0,-99,0,1.03
2008,3,4,1,1,0,3,-99,-99,-99,0,-99,0,1.31
2008,3,5,1,1,0,3,-99,-99,-99,0,-99,0,5.27
2008,3,6,1,1,0,3,-99,-99,-99,0,-99,0,3.56
2008,3,7,0,1,0,3,-99,-99,-99,0,-99,0,2.22
2008,3,8,0,1,0,3,-99,-99,-99,0,-99,0,0.93
2008,4,1,1,0,1,2,-99,-99,-99,0,-99,0.58,2.97
2008,4,2,1,0,1,2,-99,-99,-99,0.32,-99,0.36,2.48
2008,4,3,1,0,1,2,-99,-99,-99,0.08,-99,0,0.81
2008,4,4,1,0,1,2,-99,-99,-99,0.1,-99,0,2.68
2008,4,5,1,0,1,2,-99,-99,-99,0.32,-99,0.26,4.39
2008,4,6,1,0,1,2,-99,-99,-99,0,-99,2.52,5.49
2008,4,7,0,0,1,2,-99,-99,-99,0,-99,0,2.35
2008,4,8,0,0,1,2,-99,-99,-99,0,-99,0,1.35
2008,5,1,1,1,1,4,-99,-99,-99,0.39,-99,0,0.46
2008,5,2,1,1,1,4,-99,-99,-99,0,-99,0,1.18
2008,5,3,1,1,1,4,-99,-99,-99,0.005,-99,0,0.47
2008,5,4,1,1,1,4,-99,-99,-99,1.33,-99,0,5
2008,5,5,1,1,1,4,-99,-99,-99,1.72,-99,0,4.29
2008,5,6,1,1,1,4,-99,-99,-99,0.005,-99,0,1.7
2008,5,7,0,1,1,4,-99,-99,-99,0,-99,0,1.71
2008,5,8,0,1,1,4,-99,-99,-99,1.62,-99,0,2.7
2008,6,1,1,0,0,1,-99,-99,-99,0,-99,0,1.32
2008,6,2,1,0,0,1,-99,-99,-99,0,-99,0,0.84
2008,6,3,1,0,0,1,-99,-99,-99,0,-99,0,3.02
2008,6,4,1,0,0,1,-99,-99,-99,0,-99,0,2.58
2008,6,5,1,0,0,1,-99,-99,-99,0,-99,0,3.64
2008,6,6,1,0,0,1,-99,-99,-99,0,-99,0,3.24
2008,6,7,0,0,0,1,-99,-99,-99,0,-99,0,2.32
2008,6,8,0,0,0,1,-99,-99,-99,0.17,-99,0,1.12
2008,7,1,1,0,0,1,-99,-99,-99,0,-99,0,1.57
2008,7,2,1,0,0,1,-99,-99,-99,0,-99,0,0.81
2008,7,3,1,0,0,1,-99,-99,-99,0,-99,0,0.79
2008,7,4,1,0,0,1,-99,-99,-99,0,-99,0,0.76
2008,7,5,1,0,0,1,-99,-99,-99,0,-99,0,1.17
2008,7,6,1,0,0,1,-99,-99,-99,0.06,-99,0,0.28
2008,7,7,0,0,0,1,-99,-99,-99,0.2,-99,0.26,0.24
2008,7,8,0,0,0,1,-99,-99,-99,0,-99,0,1.16
2008,8,1,1,1,0,3,-99,-99,-99,0.03,-99,0.19,2.57
2008,8,2,1,1,0,3,-99,-99,-99,0,-99,0,1
2008,8,3,1,1,0,3,-99,-99,-99,0,-99,0,1.45
2008,8,4,1,1,0,3,-99,-99,-99,0,-99,0,0.62
2008,8,5,1,1,0,3,-99,-99,-99,0,-99,0,5.42
2008,8,6,1,1,0,3,-99,-99,-99,0,-99,0,2.98
2008,8,7,0,1,0,3,-99,-99,-99,0,-99,0,1.65
2008,8,8,0,1,0,3,-99,-99,-99,0,-99,0,1.89
2008,9,1,1,1,0,3,-99,-99,-99,0,-99,0,1.19
2008,9,2,1,1,0,3,-99,-99,-99,0,-99,0,1.22
2008,9,3,1,1,0,3,-99,-99,-99,0,-99,0,0.32
2008,9,4,1,1,0,3,-99,-99,-99,0,-99,0,0.54
2008,9,5,1,1,0,3,-99,-99,-99,0.21,-99,0,5.32
2008,9,6,1,1,0,3,-99,-99,-99,0,-99,0,2.56
2008,9,7,0,1,0,3,-99,-99,-99,0,-99,0.16,0
2008,9,8,0,1,0,3,-99,-99,-99,0.43,-99,0,0.76
2008,10,1,1,0,1,2,-99,-99,-99,0,-99,0.22,0.5
2008,10,2,1,0,1,2,-99,-99,-99,0.14,-99,0,2.81
2008,10,3,1,0,1,2,-99,-99,-99,2.51,-99,0,1.17
2008,10,4,1,0,1,2,-99,-99,-99,0.36,-99,0.56,0.36
2008,10,5,1,0,1,2,-99,-99,-99,1.71,-99,0,6.39
2008,10,6,1,0,1,2,-99,-99,-99,1.06,-99,0,1.46
2008,10,7,0,0,1,2,-99,-99,-99,0.07,-99,0,2.14
2008,10,8,0,0,1,2,-99,-99,-99,0.19,-99,0,1.57
2008,11,1,1,0,1,2,-99,-99,-99,1.19,-99,3.61,7.64
2008,11,2,1,0,1,2,-99,-99,-99,0,-99,1.17,5.45
2008,11,3,1,0,1,2,-99,-99,-99,1.66,-99,2.33,3.07
2008,11,4,1,0,1,2,-99,-99,-99,0.6,-99,0.31,3.13
2008,11,5,1,0,1,2,-99,-99,-99,0,-99,1.08,4.54
2008,11,6,1,0,1,2,-99,-99,-99,0.48,-99,0,1.95
2008,11,7,0,0,1,2,-99,-99,-99,0.16,-99,0,2.11
2008,11,8,0,0,1,2,-99,-99,-99,0.36,-99,0,0.71
2008,12,1,1,1,1,4,-99,-99,-99,0,-99,0.34,1.3
2008,12,2,1,1,1,4,-99,-99,-99,0,-99,0,1.61
2008,12,3,1,1,1,4,-99,-99,-99,0,-99,0,5.58
2008,12,4,1,1,1,4,-99,-99,-99,0,-99,1.5,1.66
2008,12,5,1,1,1,4,-99,-99,-99,0.29,-99,0,2.65
2008,12,6,1,1,1,4,-99,-99,-99,0.53,-99,0,1.5
2008,12,7,0,1,1,4,-99,-99,-99,0.46,-99,0.16,0.9
2008,12,8,0,1,1,4,-99,-99,-99,0,-99,0,0.86
2008,13,1,1,1,0,3,-99,-99,-99,0.03,-99,0,1.35
2008,13,2,1,1,0,3,-99,-99,-99,0,-99,0,0.37
2008,13,3,1,1,0,3,-99,-99,-99,0,-99,0,2.23
2008,13,4,1,1,0,3,-99,-99,-99,0,-99,0,0.46
2008,13,5,1,1,0,3,-99,-99,-99,0.07,-99,0,0.46
2008,13,6,1,1,0,3,-99,-99,-99,0.7,-99,0,2.48
2008,13,7,0,1,0,3,-99,-99,-99,0,-99,0,0.61
2008,13,8,0,1,0,3,-99,-99,-99,0,-99,0.29,2.45
2008,14,1,1,0,1,2,-99,-99,-99,0,-99,0.33,5.17
2008,14,2,1,0,1,2,-99,-99,-99,2.15,-99,0,2.09
2008,14,3,1,0,1,2,-99,-99,-99,0.37,-99,0.42,2.51
2008,14,4,1,0,1,2,-99,-99,-99,0,-99,0,1.35
2008,14,5,1,0,1,2,-99,-99,-99,0,-99,0.89,0.32
2008,14,6,1,0,1,2,-99,-99,-99,0,-99,2.56,3.08
2008,14,7,0,0,1,2,-99,-99,-99,0,-99,0,2.69
2008,14,8,0,0,1,2,-99,-99,-99,0.25,-99,0,1.12
2008,15,1,1,1,1,4,-99,-99,-99,0.005,-99,0,1.97
2008,15,2,1,1,1,4,-99,-99,-99,0,-99,0,0.4
2008,15,3,1,1,1,4,-99,-99,-99,0,-99,0.23,3.39
2008,15,4,1,1,1,4,-99,-99,-99,0.94,-99,0,3.97
2008,15,5,1,1,1,4,-99,-99,-99,0.005,-99,0,3.44
2008,15,6,1,1,1,4,-99,-99,-99,0,-99,0,4.47
2008,15,7,0,1,1,4,-99,-99,-99,0,-99,0,0.82
2008,15,8,0,1,1,4,-99,-99,-99,0,-99,0,2.47
2008,16,1,1,0,0,1,-99,-99,-99,0.13,-99,0,1.37
2008,16,2,1,0,0,1,-99,-99,-99,0,-99,0,0.61
2008,16,3,1,0,0,1,-99,-99,-99,0,-99,0,4.17
2008,16,4,1,0,0,1,-99,-99,-99,0,-99,0,1.12
2008,16,5,1,0,0,1,-99,-99,-99,0,-99,0,0.96
2008,16,6,1,0,0,1,-99,-99,-99,0,-99,0.61,2.79
2008,16,7,0,0,0,1,-99,-99,-99,0.15,-99,0.06,1.17
2008,16,8,0,0,0,1,-99,-99,-99,0.59,-99,0,1.24
2008,17,1,1,0,0,1,-99,-99,-99,0,-99,2.1,6.55
2008,17,2,1,0,0,1,-99,-99,-99,0,-99,0.46,1.22
2008,17,3,1,0,0,1,-99,-99,-99,0,-99,0,1.99
2008,17,4,1,0,0,1,-99,-99,-99,0,-99,0.34,2.98
2008,17,5,1,0,0,1,-99,-99,-99,0,-99,0,1.44
2008,17,6,1,0,0,1,-99,-99,-99,0.005,-99,0,1
2008,17,7,0,0,0,1,-99,-99,-99,0,-99,0,0.92
2008,17,8,0,0,0,1,-99,-99,-99,0.02,-99,0,1.48
2008,18,1,1,1,1,4,-99,-99,-99,0,-99,0,7.75
2008,18,2,1,1,1,4,-99,-99,-99,0,-99,0,4.07
2008,18,3,1,1,1,4,-99,-99,-99,0,-99,0.8,3.18
2008,18,4,1,1,1,4,-99,-99,-99,0.09,-99,0.91,4.06
2008,18,5,1,1,1,4,-99,-99,-99,0,-99,0,1.12
2008,18,6,1,1,1,4,-99,-99,-99,0,-99,1.04,4.75
2008,18,7,0,1,1,4,-99,-99,-99,0.17,-99,0,1.27
2008,18,8,0,1,1,4,-99,-99,-99,0,-99,0,1.92
2008,19,1,1,1,0,3,-99,-99,-99,0,-99,0,0.78
2008,19,2,1,1,0,3,-99,-99,-99,0,-99,0,1.94
2008,19,3,1,1,0,3,-99,-99,-99,0,-99,0,0.03
2008,19,4,1,1,0,3,-99,-99,-99,0,-99,0,7.71
2008,19,5,1,1,0,3,-99,-99,-99,0,-99,0,1.38
2008,19,6,1,1,0,3,-99,-99,-99,0,-99,0,1.25
2008,19,7,0,1,0,3,-99,-99,-99,0,-99,0,2.33
2008,19,8,0,1,0,3,-99,-99,-99,0,-99,0,1.29
2008,20,1,1,0,1,2,-99,-99,-99,0.26,-99,1.28,4.38
2008,20,2,1,0,1,2,-99,-99,-99,0,-99,0.74,3.88
2008,20,3,1,0,1,2,-99,-99,-99,0,-99,1.62,2.86
2008,20,4,1,0,1,2,-99,-99,-99,0,-99,0.83,1.41
2008,20,5,1,0,1,2,-99,-99,-99,0,-99,0.81,5.51
2008,20,6,1,0,1,2,-99,-99,-99,0,-99,1.64,1.95
2008,20,7,0,0,1,2,-99,-99,-99,0,-99,2.94,1.89
2008,20,8,0,0,1,2,-99,-99,-99,0.05,-99,1.56,1.63
2009,1,1,1,1,1,4,-99,-99,-99,0.31,-99,0.94,4.72
2009,1,2,1,1,1,4,-99,-99,-99,0.08,-99,0,1.62
2009,1,3,1,1,1,4,-99,-99,-99,0.16,-99,0.35,0.5
2009,1,4,1,1,1,4,-99,-99,-99,0,-99,0.51,1.01
2009,1,5,1,1,1,4,-99,-99,-99,0.26,-99,0.56,1.38
2009,1,6,1,1,1,4,-99,-99,-99,0.01,-99,0.67,1.33
2009,1,7,0,1,1,4,-99,-99,-99,0.69,-99,0,0.32
2009,1,8,0,1,1,4,-99,-99,-99,0.34,-99,0,0.25
2009,2,1,1,0,0,1,-99,-99,-99,0,-99,0,0
2009,2,2,1,0,0,1,-99,-99,-99,0,-99,0.22,2.02
2009,2,3,1,0,0,1,-99,-99,-99,0.12,-99,0,1.09
2009,2,4,1,0,0,1,-99,-99,-99,0,-99,0.14,1.2
2009,2,5,1,0,0,1,-99,-99,-99,0,-99,0,2.8
2009,2,6,1,0,0,1,-99,-99,-99,0,-99,0,1.14
2009,2,7,0,0,0,1,-99,-99,-99,0,-99,0,1.6
2009,2,8,0,0,0,1,-99,-99,-99,0.22,-99,0.42,3.03
2009,3,1,1,1,0,3,-99,-99,-99,0,-99,0,0
2009,3,2,1,1,0,3,-99,-99,-99,0,-99,0,0.06
2009,3,3,1,1,0,3,-99,-99,-99,0.07,-99,0,0.93
2009,3,4,1,1,0,3,-99,-99,-99,0,-99,0,1.37
2009,3,5,1,1,0,3,-99,-99,-99,0,-99,0,0.49
2009,3,6,1,1,0,3,-99,-99,-99,0,-99,0,3.11
2009,3,7,0,1,0,3,-99,-99,-99,0,-99,0,1.59
2009,3,8,0,1,0,3,-99,-99,-99,0,-99,0,2.07
2009,4,1,1,0,1,2,-99,-99,-99,0,-99,0,2.2
2009,4,2,1,0,1,2,-99,-99,-99,0.38,-99,0.18,1.34
2009,4,3,1,0,1,2,-99,-99,-99,1.04,-99,0,1.29
2009,4,4,1,0,1,2,-99,-99,-99,0,-99,0.13,1.6
2009,4,5,1,0,1,2,-99,-99,-99,0,-99,1.36,4.12
2009,4,6,1,0,1,2,-99,-99,-99,0,-99,0.81,1.95
2009,4,7,0,0,1,2,-99,-99,-99,0,-99,0,1.71
2009,4,8,0,0,1,2,-99,-99,-99,0,-99,0.06,0.87
2009,5,1,1,1,1,4,-99,-99,-99,0,-99,0,1.55
2009,5,2,1,1,1,4,-99,-99,-99,0,-99,0,3.76
2009,5,3,1,1,1,4,-99,-99,-99,2.83,-99,0,3.58
2009,5,4,1,1,1,4,-99,-99,-99,0.42,-99,0,1.62
2009,5,5,1,1,1,4,-99,-99,-99,0,-99,0,2.59
2009,5,6,1,1,1,4,-99,-99,-99,0,-99,0,2.5
2009,5,7,0,1,1,4,-99,-99,-99,0,-99,0,2.3
2009,5,8,0,1,1,4,-99,-99,-99,0.26,-99,0,2.21
2009,6,1,1,0,0,1,-99,-99,-99,0,-99,0,0.81
2009,6,2,1,0,0,1,-99,-99,-99,0,-99,0,2.96
2009,6,3,1,0,0,1,-99,-99,-99,0,-99,0,2.38
2009,6,4,1,0,0,1,-99,-99,-99,0,-99,0,0.66
2009,6,5,1,0,0,1,-99,-99,-99,0,-99,0,1.4
2009,6,6,1,0,0,1,-99,-99,-99,0,-99,0,0.65
2009,6,7,0,0,0,1,-99,-99,-99,0.28,-99,0,0.74
2009,6,8,0,0,0,1,-99,-99,-99,0,-99,0,0.34
2009,7,1,1,0,0,1,-99,-99,-99,0,-99,0,2.15
2009,7,2,1,0,0,1,-99,-99,-99,0,-99,0,0.52
2009,7,3,1,0,0,1,-99,-99,-99,0,-99,0,1.39
2009,7,4,1,0,0,1,-99,-99,-99,0,-99,0,0.46
2009,7,5,1,0,0,1,-99,-99,-99,0,-99,0,2.65
2009,7,6,1,0,0,1,-99,-99,-99,0.34,-99,0.15,4.6
2009,7,7,0,0,0,1,-99,-99,-99,0.8,-99,0.01,3.42
2009,7,8,0,0,0,1,-99,-99,-99,0.01,-99,0,0.13
2009,8,1,1,1,0,3,-99,-99,-99,0.37,-99,0,2.52
2009,8,2,1,1,0,3,-99,-99,-99,0,-99,0,1.49
2009,8,3,1,1,0,3,-99,-99,-99,0,-99,0,0.45
2009,8,4,1,1,0,3,-99,-99,-99,0,-99,0,1.25
2009,8,5,1,1,0,3,-99,-99,-99,0.27,-99,0,2.54
2009,8,6,1,1,0,3,-99,-99,-99,0,-99,0,1.18
2009,8,7,0,1,0,3,-99,-99,-99,0,-99,0,1.34
2009,8,8,0,1,0,3,-99,-99,-99,0.2,-99,0,0.12
2009,9,1,1,1,0,3,-99,-99,-99,0,-99,0,-99
2009,9,2,1,1,0,3,-99,-99,-99,0,-99,0.32,-99
2009,9,3,1,1,0,3,-99,-99,-99,0,-99,0,-99
2009,9,4,1,1,0,3,-99,-99,-99,0,-99,0,-99
2009,9,5,1,1,0,3,-99,-99,-99,0.36,-99,0,-99
2009,9,6,1,1,0,3,-99,-99,-99,0,-99,0,-99
2009,9,7,0,1,0,3,-99,-99,-99,0,-99,1.3,-99
2009,9,8,0,1,0,3,-99,-99,-99,0,-99,0.11,-99
2009,10,1,1,0,1,2,-99,-99,-99,0.08,-99,0,-99
2009,10,2,1,0,1,2,-99,-99,-99,3.03,-99,0,-99
2009,10,3,1,0,1,2,-99,-99,-99,0.19,-99,0,-99
2009,10,4,1,0,1,2,-99,-99,-99,0.14,-99,0.14,-99
2009,10,5,1,0,1,2,-99,-99,-99,0.2,-99,0,-99
2009,10,6,1,0,1,2,-99,-99,-99,1.56,-99,0,-99
2009,10,7,0,0,1,2,-99,-99,-99,0,-99,1.4,-99
2009,10,8,0,0,1,2,-99,-99,-99,0,-99,0,-99
2009,11,1,1,0,1,2,-99,-99,-99,0.1,-99,0.7,1.2
2009,11,2,1,0,1,2,-99,-99,-99,0.5,-99,0.3,2.8
2009,11,3,1,0,1,2,-99,-99,-99,0.1,-99,2.1,3.2
2009,11,4,1,0,1,2,-99,-99,-99,0,-99,0.6,1.4
2009,11,5,1,0,1,2,-99,-99,-99,0,-99,0.1,2.7
2009,11,6,1,0,1,2,-99,-99,-99,1.1,-99,0.5,3.6
2009,11,7,0,0,1,2,-99,-99,-99,1.3,-99,0.7,1.1
2009,11,8,0,0,1,2,-99,-99,-99,0.3,-99,0.6,0.3
2009,12,1,1,1,1,4,-99,-99,-99,0.01,-99,1.11,2.11
2009,12,2,1,1,1,4,-99,-99,-99,0.42,-99,0.01,1.49
2009,12,3,1,1,1,4,-99,-99,-99,0.82,-99,0,2.9
2009,12,4,1,1,1,4,-99,-99,-99,0.76,-99,0,7.48
2009,12,5,1,1,1,4,-99,-99,-99,0,-99,0,2.31
2009,12,6,1,1,1,4,-99,-99,-99,0,-99,1.13,1.68
2009,12,7,0,1,1,4,-99,-99,-99,1.16,-99,0,1.12
2009,12,8,0,1,1,4,-99,-99,-99,0.01,-99,0,0.76
2009,13,1,1,1,0,3,-99,-99,-99,0,-99,0,2.82
2009,13,2,1,1,0,3,-99,-99,-99,0,-99,0,1.4
2009,13,3,1,1,0,3,-99,-99,-99,0,-99,0,3.02
2009,13,4,1,1,0,3,-99,-99,-99,0.11,-99,0,2.7
2009,13,5,1,1,0,3,-99,-99,-99,0.48,-99,0,1.76
2009,13,6,1,1,0,3,-99,-99,-99,0.28,-99,0,1.6
2009,13,7,0,1,0,3,-99,-99,-99,0.26,-99,0,0.95
2009,13,8,0,1,0,3,-99,-99,-99,0.48,-99,0.01,0.26
2009,14,1,1,0,1,2,-99,-99,-99,0,-99,2.12,2.15
2009,14,2,1,0,1,2,-99,-99,-99,1.14,-99,0,4.78
2009,14,3,1,0,1,2,-99,-99,-99,2.67,-99,0.07,1.39
2009,14,4,1,0,1,2,-99,-99,-99,0.11,-99,0.79,0.88
2009,14,5,1,0,1,2,-99,-99,-99,0.01,-99,0.15,0.62
2009,14,6,1,0,1,2,-99,-99,-99,0,-99,0.44,6.25
2009,14,7,0,0,1,2,-99,-99,-99,0.54,-99,0,1.62
2009,14,8,0,0,1,2,-99,-99,-99,1.18,-99,0,2.22
2009,15,1,1,1,1,4,-99,-99,-99,0,-99,0,-99
2009,15,2,1,1,1,4,-99,-99,-99,0,-99,0,-99
2009,15,3,1,1,1,4,-99,-99,-99,0,-99,0,-99
2009,15,4,1,1,1,4,-99,-99,-99,0.62,-99,0,-99
2009,15,5,1,1,1,4,-99,-99,-99,0,-99,0,-99
2009,15,6,1,1,1,4,-99,-99,-99,0,-99,0,-99
2009,15,7,0,1,1,4,-99,-99,-99,0,-99,0,-99
2009,15,8,0,1,1,4,-99,-99,-99,0,-99,0,-99
2009,16,1,1,0,0,1,-99,-99,-99,0,-99,0,0.83
2009,16,2,1,0,0,1,-99,-99,-99,0,-99,0,2.01
2009,16,3,1,0,0,1,-99,-99,-99,0,-99,0,0.37
2009,16,4,1,0,0,1,-99,-99,-99,0,-99,0,0.52
2009,16,5,1,0,0,1,-99,-99,-99,0,-99,0,2.38
2009,16,6,1,0,0,1,-99,-99,-99,0,-99,0,0.26
2009,16,7,0,0,0,1,-99,-99,-99,0,-99,0,0.86
2009,16,8,0,0,0,1,-99,-99,-99,0.66,-99,0,0.87
2009,17,1,1,0,0,1,-99,-99,-99,0,-99,0,3.1
2009,17,2,1,0,0,1,-99,-99,-99,0,-99,0.6,1.12
2009,17,3,1,0,0,1,-99,-99,-99,0,-99,0,1.93
2009,17,4,1,0,0,1,-99,-99,-99,0,-99,0,3.4
2009,17,5,1,0,0,1,-99,-99,-99,0,-99,0,5.12
2009,17,6,1,0,0,1,-99,-99,-99,0,-99,0,2.47
2009,17,7,0,0,0,1,-99,-99,-99,0,-99,0.11,4.22
2009,17,8,0,0,0,1,-99,-99,-99,0,-99,0,3.29
2009,18,1,1,1,1,4,-99,-99,-99,0,-99,0,2.41
2009,18,2,1,1,1,4,-99,-99,-99,0,-99,0.86,3.2
2009,18,3,1,1,1,4,-99,-99,-99,0.71,-99,0.12,2.95
2009,18,4,1,1,1,4,-99,-99,-99,0,-99,0,1.51
2009,18,5,1,1,1,4,-99,-99,-99,1.02,-99,0,7.61
2009,18,6,1,1,1,4,-99,-99,-99,0,-99,1.09,3.9
2009,18,7,0,1,1,4,-99,-99,-99,0,-99,0,2.11
2009,18,8,0,1,1,4,-99,-99,-99,0,-99,0,1.8
2009,19,1,1,1,0,3,-99,-99,-99,0,-99,0,4.3
2009,19,2,1,1,0,3,-99,-99,-99,0,-99,0,1.9
2009,19,3,1,1,0,3,-99,-99,-99,0,-99,0,0.6
2009,19,4,1,1,0,3,-99,-99,-99,0,-99,0,2.3
2009,19,5,1,1,0,3,-99,-99,-99,0,-99,0,0.8
2009,19,6,1,1,0,3,-99,-99,-99,0,-99,0,2.3
2009,19,7,0,1,0,3,-99,-99,-99,0,-99,0.1,0.8
2009,19,8,0,1,0,3,-99,-99,-99,0,-99,0,1
2009,20,1,1,0,1,2,-99,-99,-99,1.44,-99,0,7.68
2009,20,2,1,0,1,2,-99,-99,-99,1.13,-99,0,3.05
2009,20,3,1,0,1,2,-99,-99,-99,2.07,-99,0,1.69
2009,20,4,1,0,1,2,-99,-99,-99,0.48,-99,0,1.23
2009,20,5,1,0,1,2,-99,-99,-99,3.28,-99,0.07,5.56
2009,20,6,1,0,1,2,-99,-99,-99,1.65,-99,0,1.68
2009,20,7,0,0,1,2,-99,-99,-99,0,-99,0,0.55
2009,20,8,0,0,1,2,-99,-99,-99,2.27,-99,0.65,2.03
2010,1,1,1,1,1,4,-99,-99,-99,0,-99,0.12,1.27
2010,1,2,1,1,1,4,-99,-99,-99,0.26,-99,0.34,2.63
2010,1,3,1,1,1,4,-99,-99,-99,0,-99,0,3.98
2010,1,4,1,1,1,4,-99,-99,-99,0.01,-99,0.51,0.13
2010,1,5,1,1,1,4,-99,-99,-99,0,-99,0.97,2.88
2010,1,6,1,1,1,4,-99,-99,-99,0,-99,0,5.32
2010,1,7,0,1,1,4,-99,-99,-99,0,-99,0,0
2010,1,8,0,1,1,4,-99,-99,-99,0,-99,0,0.68
2010,2,1,1,0,0,1,-99,-99,-99,0,-99,0,2.11
2010,2,2,1,0,0,1,-99,-99,-99,0,-99,0,1.84
2010,2,3,1,0,0,1,-99,-99,-99,0,-99,0,2.17
2010,2,4,1,0,0,1,-99,-99,-99,0,-99,0,1.44
2010,2,5,1,0,0,1,-99,-99,-99,0,-99,0,1.02
2010,2,6,1,0,0,1,-99,-99,-99,0.24,-99,0.47,2.44
2010,2,7,0,0,0,1,-99,-99,-99,0.46,-99,0.18,1.06
2010,2,8,0,0,0,1,-99,-99,-99,0,-99,0,0.97
2010,3,1,1,1,0,3,-99,-99,-99,0,-99,0,3.52
2010,3,2,1,1,0,3,-99,-99,-99,0,-99,0,0.73
2010,3,3,1,1,0,3,-99,-99,-99,0,-99,0,0.63
2010,3,4,1,1,0,3,-99,-99,-99,0,-99,0,1.09
2010,3,5,1,1,0,3,-99,-99,-99,0,-99,0,2.09
2010,3,6,1,1,0,3,-99,-99,-99,0,-99,0,0.38
2010,3,7,0,1,0,3,-99,-99,-99,0,-99,0,1.76
2010,3,8,0,1,0,3,-99,-99,-99,0,-99,0,0.36
2010,4,1,1,0,1,2,-99,-99,-99,0.01,-99,0,6.13
2010,4,2,1,0,1,2,-99,-99,-99,0,-99,0,1.12
2010,4,3,1,0,1,2,-99,-99,-99,0,-99,0,0.86
2010,4,4,1,0,1,2,-99,-99,-99,0,-99,1.38,1.38
2010,4,5,1,0,1,2,-99,-99,-99,0.01,-99,0.33,1.19
2010,4,6,1,0,1,2,-99,-99,-99,0,-99,1.03,1.91
2010,4,7,0,0,1,2,-99,-99,-99,0,-99,0,0.95
2010,4,8,0,0,1,2,-99,-99,-99,0,-99,0,1.87
2010,5,1,1,1,1,4,-99,-99,-99,0,-99,0,2.56
2010,5,2,1,1,1,4,-99,-99,-99,0,-99,0,0.86
2010,5,3,1,1,1,4,-99,-99,-99,0,-99,0,1.54
2010,5,4,1,1,1,4,-99,-99,-99,0.6,-99,0,1.86
2010,5,5,1,1,1,4,-99,-99,-99,0,-99,0,1.64
2010,5,6,1,1,1,4,-99,-99,-99,0,-99,1.41,1.8
2010,5,7,0,1,1,4,-99,-99,-99,0,-99,0,0.34
2010,5,8,0,1,1,4,-99,-99,-99,0,-99,0,0.73
2010,6,1,1,0,0,1,-99,-99,-99,0,-99,0.13,1.03
2010,6,2,1,0,0,1,-99,-99,-99,0,-99,0,2.5
2010,6,3,1,0,0,1,-99,-99,-99,0,-99,0,1.16
2010,6,4,1,0,0,1,-99,-99,-99,0,-99,0.29,2.11
2010,6,5,1,0,0,1,-99,-99,-99,0,-99,0,1.52
2010,6,6,1,0,0,1,-99,-99,-99,0,-99,0,1.22
2010,6,7,0,0,0,1,-99,-99,-99,0,-99,0.32,1.4
2010,6,8,0,0,0,1,-99,-99,-99,0,-99,0,0.11
2010,7,1,1,0,0,1,-99,-99,-99,0,-99,0,3.61
2010,7,2,1,0,0,1,-99,-99,-99,0,-99,0,0.31
2010,7,3,1,0,0,1,-99,-99,-99,0,-99,0,0.41
2010,7,4,1,0,0,1,-99,-99,-99,0,-99,0,0.26
2010,7,5,1,0,0,1,-99,-99,-99,0,-99,0,2.75
2010,7,6,1,0,0,1,-99,-99,-99,0,-99,0,1.99
2010,7,7,0,0,0,1,-99,-99,-99,0,-99,0,1.61
2010,7,8,0,0,0,1,-99,-99,-99,0.22,-99,0,1.96
2010,8,1,1,1,0,3,-99,-99,-99,0,-99,0.15,5.42
2010,8,2,1,1,0,3,-99,-99,-99,0,-99,0,0.74
2010,8,3,1,1,0,3,-99,-99,-99,0,-99,0,3.75
2010,8,4,1,1,0,3,-99,-99,-99,0,-99,0,2.79
2010,8,5,1,1,0,3,-99,-99,-99,0,-99,0.39,2.06
2010,8,6,1,1,0,3,-99,-99,-99,0.13,-99,0,1.22
2010,8,7,0,1,0,3,-99,-99,-99,0.22,-99,0,0.12
2010,8,8,0,1,0,3,-99,-99,-99,0,-99,0,0.37
2010,9,1,1,1,0,3,-99,-99,-99,0.06,-99,0,5.4
2010,9,2,1,1,0,3,-99,-99,-99,0,-99,0,3.69
2010,9,3,1,1,0,3,-99,-99,-99,0,-99,0,0.74
2010,9,4,1,1,0,3,-99,-99,-99,0,-99,0,1.4
2010,9,5,1,1,0,3,-99,-99,-99,0.18,-99,0.28,1.83
2010,9,6,1,1,0,3,-99,-99,-99,0,-99,0,5.72
2010,9,7,0,1,0,3,-99,-99,-99,0,-99,0.33,0.22
2010,9,8,0,1,0,3,-99,-99,-99,0.01,-99,0.39,2.3
2010,10,1,1,0,1,2,-99,-99,-99,0,-99,0,2.19
2010,10,2,1,0,1,2,-99,-99,-99,0.21,-99,0.15,2.65
2010,10,3,1,0,1,2,-99,-99,-99,0.76,-99,0.12,3.03
2010,10,4,1,0,1,2,-99,-99,-99,0.23,-99,0.01,1.84
2010,10,5,1,0,1,2,-99,-99,-99,0,-99,0.41,0.29
2010,10,6,1,0,1,2,-99,-99,-99,0,-99,0.64,1.23
2010,10,7,0,0,1,2,-99,-99,-99,0,-99,0,0.52
2010,10,8,0,0,1,2,-99,-99,-99,0,-99,0,0.63
2010,11,1,1,0,1,2,-99,-99,-99,0.035,-99,1.27,2.5
2010,11,2,1,0,1,2,-99,-99,-99,0,-99,0.72,1.44
2010,11,3,1,0,1,2,-99,-99,-99,0,-99,0.54,1.76
2010,11,4,1,0,1,2,-99,-99,-99,0.01,-99,0.57,1.24
2010,11,5,1,0,1,2,-99,-99,-99,0,-99,0.08,0.94
2010,11,6,1,0,1,2,-99,-99,-99,0,-99,1.4,2.45
2010,11,7,0,0,1,2,-99,-99,-99,0.92,-99,0.44,2.01
2010,11,8,0,0,1,2,-99,-99,-99,0,-99,0,1.85
2010,12,1,1,1,1,4,-99,-99,-99,0,-99,0,1.27
2010,12,2,1,1,1,4,-99,-99,-99,0.3,-99,0,1.32
2010,12,3,1,1,1,4,-99,-99,-99,0.27,-99,1.09,3.13
2010,12,4,1,1,1,4,-99,-99,-99,0.4,-99,0.61,1.43
2010,12,5,1,1,1,4,-99,-99,-99,0,-99,0,0.23
2010,12,6,1,1,1,4,-99,-99,-99,0,-99,0,1.61
2010,12,7,0,1,1,4,-99,-99,-99,0.23,-99,0,1.57
2010,12,8,0,1,1,4,-99,-99,-99,0.38,-99,0,0.1
2010,13,1,1,1,0,3,-99,-99,-99,0,-99,0,0
2010,13,2,1,1,0,3,-99,-99,-99,0,-99,0,1.12
2010,13,3,1,1,0,3,-99,-99,-99,0,-99,0.3,1.64
2010,13,4,1,1,0,3,-99,-99,-99,0,-99,0,0.66
2010,13,5,1,1,0,3,-99,-99,-99,0,-99,0.09,1.82
2010,13,6,1,1,0,3,-99,-99,-99,0.65,-99,0,1.35
2010,13,7,0,1,0,3,-99,-99,-99,0,-99,0,3.8
2010,13,8,0,1,0,3,-99,-99,-99,0,-99,0,1.53
2010,14,1,1,0,1,2,-99,-99,-99,0.05,-99,1.44,0.98
2010,14,2,1,0,1,2,-99,-99,-99,0.01,-99,0,0.68
2010,14,3,1,0,1,2,-99,-99,-99,0.49,-99,1.12,0.42
2010,14,4,1,0,1,2,-99,-99,-99,0,-99,0,2.83
2010,14,5,1,0,1,2,-99,-99,-99,0.58,-99,0.82,1.61
2010,14,6,1,0,1,2,-99,-99,-99,0.37,-99,0,1.24
2010,14,7,0,0,1,2,-99,-99,-99,0,-99,0,0.87
2010,14,8,0,0,1,2,-99,-99,-99,0.32,-99,0,2.48
2010,15,1,1,1,1,4,-99,-99,-99,0.01,-99,0,0.64
2010,15,2,1,1,1,4,-99,-99,-99,0,-99,0,4.15
2010,15,3,1,1,1,4,-99,-99,-99,0.44,-99,0,3.13
2010,15,4,1,1,1,4,-99,-99,-99,0.29,-99,0.25,1.32
2010,15,5,1,1,1,4,-99,-99,-99,0,-99,0.35,1.47
2010,15,6,1,1,1,4,-99,-99,-99,0.59,-99,0,1.93
2010,15,7,0,1,1,4,-99,-99,-99,0,-99,0,0.32
2010,15,8,0,1,1,4,-99,-99,-99,0,-99,0,0.31
2010,16,1,1,0,0,1,-99,-99,-99,0.21,-99,0,1.41
2010,16,2,1,0,0,1,-99,-99,-99,0,-99,0,1.02
2010,16,3,1,0,0,1,-99,-99,-99,0,-99,0,2.01
2010,16,4,1,0,0,1,-99,-99,-99,0,-99,0,1
2010,16,5,1,0,0,1,-99,-99,-99,0.08,-99,0,1.09
2010,16,6,1,0,0,1,-99,-99,-99,0,-99,0.24,0.26
2010,16,7,0,0,0,1,-99,-99,-99,0.19,-99,0,0.13
2010,16,8,0,0,0,1,-99,-99,-99,0.85,-99,0,0
2010,17,1,1,0,0,1,-99,-99,-99,0,-99,0.33,2.59
2010,17,2,1,0,0,1,-99,-99,-99,0,-99,0.29,4.16
2010,17,3,1,0,0,1,-99,-99,-99,0.39,-99,0.42,2.5
2010,17,4,1,0,0,1,-99,-99,-99,0,-99,0.97,4.14
2010,17,5,1,0,0,1,-99,-99,-99,0,-99,0.14,0.87
2010,17,6,1,0,0,1,-99,-99,-99,0,-99,0.68,2.79
2010,17,7,0,0,0,1,-99,-99,-99,0,-99,0.28,1.93
2010,17,8,0,0,0,1,-99,-99,-99,0,-99,0.61,3.47
2010,18,1,1,1,1,4,-99,-99,-99,0,-99,0.26,3.22
2010,18,2,1,1,1,4,-99,-99,-99,0,-99,0.19,1.24
2010,18,3,1,1,1,4,-99,-99,-99,0,-99,0,2.48
2010,18,4,1,1,1,4,-99,-99,-99,0,-99,0,0.87
2010,18,5,1,1,1,4,-99,-99,-99,0,-99,0.18,2.47
2010,18,6,1,1,1,4,-99,-99,-99,0,-99,0.96,0.98
2010,18,7,0,1,1,4,-99,-99,-99,0,-99,0,1.25
2010,18,8,0,1,1,4,-99,-99,-99,0,-99,0,0.86
2010,19,1,1,1,0,3,-99,-99,-99,0,-99,0,1.95
2010,19,2,1,1,0,3,-99,-99,-99,0,-99,0,1.45
2010,19,3,1,1,0,3,-99,-99,-99,0,-99,0,2.08
2010,19,4,1,1,0,3,-99,-99,-99,0,-99,0,1.55
2010,19,5,1,1,0,3,-99,-99,-99,0,-99,0,2.59
2010,19,6,1,1,0,3,-99,-99,-99,0,-99,0,5.42
2010,19,7,0,1,0,3,-99,-99,-99,0,-99,0,0.72
2010,19,8,0,1,0,3,-99,-99,-99,0,-99,0.76,2.46
2010,20,1,1,0,1,2,-99,-99,-99,0.24,-99,0,3.65
2010,20,2,1,0,1,2,-99,-99,-99,0.55,-99,0,4.25
2010,20,3,1,0,1,2,-99,-99,-99,3.34,-99,0.44,1.98
2010,20,4,1,0,1,2,-99,-99,-99,1.34,-99,1.23,1.68
2010,20,5,1,0,1,2,-99,-99,-99,1.22,-99,0.14,4.12
2010,20,6,1,0,1,2,-99,-99,-99,0,-99,0,3.06
2010,20,7,0,0,1,2,-99,-99,-99,2.04,-99,0.44,1.57
2010,20,8,0,0,1,2,-99,-99,-99,1.84,-99,1.35,5.1
2011,1,1,1,1,1,4,-99,-99,0,0,2,0.32,5.46
2011,1,2,1,1,1,4,-99,-99,0,0,4,0.57,3.11
2011,1,3,1,1,1,4,-99,-99,0,0,2,0.45,1.74
2011,1,4,1,1,1,4,-99,-99,0,0,3,0.68,3.74
2011,1,5,1,1,1,4,-99,-99,0,0,7,1.21,5.02
2011,1,6,1,1,1,4,-99,-99,0,0,4,0.22,3.19
2011,1,7,0,1,1,4,-99,-99,0,0,0,0,0.33
2011,1,8,0,1,1,4,-99,-99,0,0,0,0,0.99
2011,2,1,1,0,0,1,-99,-99,0,0,1,0.2,2.23
2011,2,2,1,0,0,1,-99,-99,0,0,0,0,0.87
2011,2,3,1,0,0,1,-99,-99,1,0.27,0,0,1.79
2011,2,4,1,0,0,1,-99,-99,0,0,0,0,0.97
2011,2,5,1,0,0,1,-99,-99,0,0,0,0,3.22
2011,2,6,1,0,0,1,-99,-99,2,0.36,0,0,1.49
2011,2,7,0,0,0,1,-99,-99,1,0.31,1,0.04,0.17
2011,2,8,0,0,0,1,-99,-99,1,0.08,0,0,2.49
2011,3,1,1,1,0,3,-99,-99,0,0,0,0,1.75
2011,3,2,1,1,0,3,-99,-99,0,0,0,0,2.64
2011,3,3,1,1,0,3,-99,-99,0,0,0,0,1.5
2011,3,4,1,1,0,3,-99,-99,2,0.25,0,0,1.68
2011,3,5,1,1,0,3,-99,-99,0,0,0,0,1.96
2011,3,6,1,1,0,3,-99,-99,0,0,0,0,1.19
2011,3,7,0,1,0,3,-99,-99,0,0,1,0.05,0.78
2011,3,8,0,1,0,3,-99,-99,1,0.08,1,0.24,0.26
2011,4,1,1,0,1,2,-99,-99,0,0,3,0.84,1.69
2011,4,2,1,0,1,2,-99,-99,0,0,2,0.16,1.72
2011,4,3,1,0,1,2,-99,-99,1,0.05,0,0,1.94
2011,4,4,1,0,1,2,-99,-99,0,0,2,0.34,0.94
2011,4,5,1,0,1,2,-99,-99,6,1.05,2,0.15,1.29
2011,4,6,1,0,1,2,-99,-99,2,0.51,11,1.39,6.96
2011,4,7,0,0,1,2,-99,-99,0,0,0,0,3.22
2011,4,8,0,0,1,2,-99,-99,0,0,1,0.08,1.07
2011,5,1,1,1,1,4,-99,-99,0,0,1,0.27,0.62
2011,5,2,1,1,1,4,-99,-99,0,0,0,0,1.38
2011,5,3,1,1,1,4,-99,-99,0,0,0,0,0.66
2011,5,4,1,1,1,4,-99,-99,0,0,0,0,0.89
2011,5,5,1,1,1,4,-99,-99,0,0,0,0,0.37
2011,5,6,1,1,1,4,-99,-99,1,0.08,0,0,2.59
2011,5,7,0,1,1,4,-99,-99,3,0.3,0,0,0.79
2011,5,8,0,1,1,4,-99,-99,0,0,0,0,0.28
2011,6,1,1,0,0,1,-99,-99,0,0,1,0.14,1.37
2011,6,2,1,0,0,1,-99,-99,0,0,0,0,0.69
2011,6,3,1,0,0,1,-99,-99,0,0,0,0,1.28
2011,6,4,1,0,0,1,-99,-99,0,0,0,0,0.84
2011,6,5,1,0,0,1,-99,-99,0,0,0,0,2.28
2011,6,6,1,0,0,1,-99,-99,0,0,0,0,1.15
2011,6,7,0,0,0,1,-99,-99,0,0,0,0,1.62
2011,6,8,0,0,0,1,-99,-99,0,0,0,0,1.75
2011,7,1,1,0,0,1,-99,-99,0,0,0,0,1.09
2011,7,2,1,0,0,1,-99,-99,0,0,0,0,1.26
2011,7,3,1,0,0,1,-99,-99,0,0,0,0,0.83
2011,7,4,1,0,0,1,-99,-99,0,0,1,0.19,1.11
2011,7,5,1,0,0,1,-99,-99,0,0,0,0,0.56
2011,7,6,1,0,0,1,-99,-99,0,0,0,0,2.75
2011,7,7,0,0,0,1,-99,-99,2,0.31,2,0.25,0.85
2011,7,8,0,0,0,1,-99,-99,0,0,0,0,0.85
2011,8,1,1,1,0,3,-99,-99,0,0,1,0.08,1.21
2011,8,2,1,1,0,3,-99,-99,0,0,1,0.2,1.03
2011,8,3,1,1,0,3,-99,-99,0,0,0,0,0.74
2011,8,4,1,1,0,3,-99,-99,0,0,0,0,2.01
2011,8,5,1,1,0,3,-99,-99,0,0,0,0,1.41
2011,8,6,1,1,0,3,-99,-99,0,0,0,0,1.33
2011,8,7,0,1,0,3,-99,-99,0,0,0,0,0.75
2011,8,8,0,1,0,3,-99,-99,0,0,0,0,0.34
2011,9,1,1,1,0,3,-99,-99,0,0,0,0,0.98
2011,9,2,1,1,0,3,-99,-99,0,0,0,0,2.69
2011,9,3,1,1,0,3,-99,-99,0,0,0,0,0.84
2011,9,4,1,1,0,3,-99,-99,0,0,0,0,2.12
2011,9,5,1,1,0,3,-99,-99,1,0.17,0,0,2.35
2011,9,6,1,1,0,3,-99,-99,0,0,0,0,4.22
2011,9,7,0,1,0,3,-99,-99,0,0,0,0,1.31
2011,9,8,0,1,0,3,-99,-99,0,0,3,0.28,0.75
2011,10,1,1,0,1,2,-99,-99,0,0,8,0.81,1.99
2011,10,2,1,0,1,2,-99,-99,1,0.16,2,0.31,0.98
2011,10,3,1,0,1,2,-99,-99,0,0,3,0.4,1.3
2011,10,4,1,0,1,2,-99,-99,0,0,2,0.38,0.84
2011,10,5,1,0,1,2,-99,-99,0,0,2,0.11,1.19
2011,10,6,1,0,1,2,-99,-99,0,0,1,0.26,2.11
2011,10,7,0,0,1,2,-99,-99,0,0,0,0,1.05
2011,10,8,0,0,1,2,-99,-99,0,0,2,0.28,0.65
2011,11,1,1,0,1,2,-99,-99,0,0,5,0.71,3.73
2011,11,2,1,0,1,2,-99,-99,0,0,3,0.18,0.34
2011,11,3,1,0,1,2,-99,-99,0,0,13,1.9,3.02
2011,11,4,1,0,1,2,-99,-99,0,0,10,1.4,1.93
2011,11,5,1,0,1,2,-99,-99,0,0,1,0.35,1.6
2011,11,6,1,0,1,2,-99,-99,0,0,4,0.29,0.65
2011,11,7,0,0,1,2,-99,-99,1,0.09,0,0,1.9
2011,11,8,0,0,1,2,-99,-99,0,0,0,0,0.47
2011,12,1,1,1,1,4,-99,-99,0,0,0,0,1.94
2011,12,2,1,1,1,4,-99,-99,0,0,0,0,1.25
2011,12,3,1,1,1,4,-99,-99,0,0,1,0.1,1.61
2011,12,4,1,1,1,4,-99,-99,0,0,0,0,1.89
2011,12,5,1,1,1,4,-99,-99,0,0,2,0.51,1.69
2011,12,6,1,1,1,4,-99,-99,0,0,0,0,2.15
2011,12,7,0,1,1,4,-99,-99,7,1.62,0,0,0.43
2011,12,8,0,1,1,4,-99,-99,0,0,0,0,0.55
2011,13,1,1,1,0,3,-99,-99,0,0,0,0,1.93
2011,13,2,1,1,0,3,-99,-99,0,0,0,0,1.72
2011,13,3,1,1,0,3,-99,-99,3,0.52,0,0,2.92
2011,13,4,1,1,0,3,-99,-99,0,0,0,0,2.38
2011,13,5,1,1,0,3,-99,-99,1,0.046,1,0.084,4.144
2011,13,6,1,1,0,3,-99,-99,2,0.509,1,0.171,2.545
2011,13,7,0,1,0,3,-99,-99,0,0,0,0,1.39
2011,13,8,0,1,0,3,-99,-99,0,0,0,0,0.492
2011,14,1,1,0,1,2,-99,-99,0,0,6,0.7,2.562
2011,14,2,1,0,1,2,-99,-99,1,0.293,6,0.594,0.952
2011,14,3,1,0,1,2,-99,-99,0,0,6,0.346,1.066
2011,14,4,1,0,1,2,-99,-99,0,0,1,0.033,1.977
2011,14,5,1,0,1,2,-99,-99,0,0,2,0.054,1.395
2011,14,6,1,0,1,2,-99,-99,0,0,0,0,1.605
2011,14,7,0,0,1,2,-99,-99,2,0.478,0,0,0.742
2011,14,8,0,0,1,2,-99,-99,10,2.838,0,0,3.379
2011,15,1,1,1,1,4,-99,-99,0,0,0,0,1.339
2011,15,2,1,1,1,4,-99,-99,0,0,0,0,0.033
2011,15,3,1,1,1,4,-99,-99,0,0,0,0,1.808
2011,15,4,1,1,1,4,-99,-99,2,0.13,0,0,1.648
2011,15,5,1,1,1,4,-99,-99,0,0,0,0,1.472
2011,15,6,1,1,1,4,-99,-99,0,0,0,0,1.399
2011,15,7,0,1,1,4,-99,-99,0,0,0,0,0.669
2011,15,8,0,1,1,4,-99,-99,0,0,0,0,1.042
2011,16,1,1,0,0,1,-99,-99,0,0,1,0.134,1.165
2011,16,2,1,0,0,1,-99,-99,0,0,0,0,0.368
2011,16,3,1,0,0,1,-99,-99,0,0,0,0,1.869
2011,16,4,1,0,0,1,-99,-99,0,0,0,0,0.751
2011,16,5,1,0,0,1,-99,-99,0,0,2,0.13,1.886
2011,16,6,1,0,0,1,-99,-99,0,0,1,0.165,1.604
2011,16,7,0,0,0,1,-99,-99,0,0,0,0,2.366
2011,16,8,0,0,0,1,-99,-99,0,0,0,0,1.275
2011,17,1,1,0,0,1,-99,-99,0,0,0,0,2.743
2011,17,2,1,0,0,1,-99,-99,0,0,3,0.424,1.947
2011,17,3,1,0,0,1,-99,-99,0,0,5,0.83,2.331
2011,17,4,1,0,0,1,-99,-99,0,0,5,1.117,0.835
2011,17,5,1,0,0,1,-99,-99,0,0,2,0.135,0.18
2011,17,6,1,0,0,1,-99,-99,0,0,0,0,0.99
2011,17,7,0,0,0,1,-99,-99,0,0,6,0.274,1.793
2011,17,8,0,0,0,1,-99,-99,1,0.146,2,0.383,1.856
2011,18,1,1,1,1,4,-99,-99,0,0,4,1.217,3.33
2011,18,2,1,1,1,4,-99,-99,0,0,5,0.724,1.478
2011,18,3,1,1,1,4,-99,-99,0,0,3,0,1.044
2011,18,4,1,1,1,4,-99,-99,0,0,0,0.514,0.318
2011,18,5,1,1,1,4,-99,-99,0,0,2,0,3.092
2011,18,6,1,1,1,4,-99,-99,0,0,0,0.224,0.78
2011,18,7,0,1,1,4,-99,-99,0,0,0,0,0.673
2011,18,8,0,1,1,4,-99,-99,3,0.361,0,0,1.62
2011,19,1,1,1,0,3,-99,-99,0,0,0,0,2.26
2011,19,2,1,1,0,3,-99,-99,0,0,0,0,0.742
2011,19,3,1,1,0,3,-99,-99,0,0,0,0,1.05
2011,19,4,1,1,0,3,-99,-99,0,0,0,0,0.636
2011,19,5,1,1,0,3,-99,-99,0,0,0,0,1.455
2011,19,6,1,1,0,3,-99,-99,0,0,0,0,2.61
2011,19,7,0,1,0,3,-99,-99,0,0,0,0,0.906
2011,19,8,0,1,0,3,-99,-99,0,0,0,0,1.755
2011,20,1,1,0,1,2,-99,-99,2,0.22,0,0,0.591
2011,20,2,1,0,1,2,-99,-99,1,0.102,0,0,2
2011,20,3,1,0,1,2,-99,-99,0,0,0,0,1.148
2011,20,4,1,0,1,2,-99,-99,0,0,0,0,0.681
2011,20,5,1,0,1,2,-99,-99,1,0.008,0,0,1.094
2011,20,6,1,0,1,2,-99,-99,6,1.289,0,0,2.954
2011,20,7,0,0,1,2,-99,-99,0,0,6,0.731,2.291
2011,20,8,0,0,1,2,-99,-99,8,2.422,6,1.405,2.925
2012,1,1,1,1,1,4,-99,-99,0,0,1,0.32,-99
2012,1,2,1,1,1,4,-99,-99,0,0,3,0.27,-99
2012,1,3,1,1,1,4,-99,-99,1,0.22,0,0,-99
2012,1,4,1,1,1,4,-99,-99,0,0,1,0.14,-99
2012,1,5,1,1,1,4,-99,-99,0,0,1,0.39,-99
2012,1,6,1,1,1,4,-99,-99,0,0,0,0,-99
2012,1,7,0,1,1,4,-99,-99,0,0,0,0,-99
2012,1,8,0,1,1,4,-99,-99,0,0,0,0,-99
2012,2,1,1,0,0,1,-99,-99,0,0,0,0,-99
2012,2,2,1,0,0,1,-99,-99,0,0,0,0,-99
2012,2,3,1,0,0,1,-99,-99,0,0,0,0,-99
2012,2,4,1,0,0,1,-99,-99,0,0,2,0.41,-99
2012,2,5,1,0,0,1,-99,-99,0,0,0,0,-99
2012,2,6,1,0,0,1,-99,-99,0,0,0,0,-99
2012,2,7,0,0,0,1,-99,-99,0,0,0,0,-99
2012,2,8,0,0,0,1,-99,-99,0,0,0,0,-99
2012,3,1,1,1,0,3,-99,-99,0,0,0,0,-99
2012,3,2,1,1,0,3,-99,-99,0,0,0,0,-99
2012,3,3,1,1,0,3,-99,-99,0,0,0,0,-99
2012,3,4,1,1,0,3,-99,-99,0,0,0,0,-99
2012,3,5,1,1,0,3,-99,-99,0,0,0,0,-99
2012,3,6,1,1,0,3,-99,-99,0,0,0,0,-99
2012,3,7,0,1,0,3,-99,-99,0,0,11,1.16,-99
2012,3,8,0,1,0,3,-99,-99,0,0,0,0,-99
2012,4,1,1,0,1,2,-99,-99,0,0,0,0,-99
2012,4,2,1,0,1,2,-99,-99,0,0,0,0,-99
2012,4,3,1,0,1,2,-99,-99,11,0,0,1.78,-99
2012,4,4,1,0,1,2,-99,-99,8,1.69,5,0.99,-99
2012,4,5,1,0,1,2,-99,-99,0,0,1,0.07,-99
2012,4,6,1,0,1,2,-99,-99,0,0,2,0.22,-99
2012,4,7,0,0,1,2,-99,-99,0,0,0,0,-99
2012,4,8,0,0,1,2,-99,-99,0,0,0,0,-99
2012,5,1,1,1,1,4,-99,-99,0,0,0,0,-99
2012,5,2,1,1,1,4,-99,-99,0,0,0,0,-99
2012,5,3,1,1,1,4,-99,-99,0,0,0,0,-99
2012,5,4,1,1,1,4,-99,-99,0,0,0,0,-99
2012,5,5,1,1,1,4,-99,-99,0,0,0,0,-99
2012,5,6,1,1,1,4,-99,-99,0,0,0,0,-99
2012,5,7,0,1,1,4,-99,-99,0,0,0,0,-99
2012,5,8,0,1,1,4,-99,-99,0,0,0,0,-99
2012,6,1,1,0,0,1,-99,-99,0,0,0,0,-99
2012,6,2,1,0,0,1,-99,-99,0,0,0,0,-99
2012,6,3,1,0,0,1,-99,-99,0,0,0,0,-99
2012,6,4,1,0,0,1,-99,-99,0,0,2,0.12,-99
2012,6,5,1,0,0,1,-99,-99,0,0,0,0,-99
2012,6,6,1,0,0,1,-99,-99,0,0,0,0,-99
2012,6,7,0,0,0,1,-99,-99,0,0,3,0.14,-99
2012,6,8,0,0,0,1,-99,-99,0,0,0,0,-99
2012,7,1,1,0,0,1,-99,-99,0,0,0,0,-99
2012,7,2,1,0,0,1,-99,-99,0,0,0,0,-99
2012,7,3,1,0,0,1,-99,-99,0,0,0,0,-99
2012,7,4,1,0,0,1,-99,-99,0,0,0,0,-99
2012,7,5,1,0,0,1,-99,-99,0,0,0,0,-99
2012,7,6,1,0,0,1,-99,-99,0,0,0,0,-99
2012,7,7,0,0,0,1,-99,-99,1,0.07,0,0,-99
2012,7,8,0,0,0,1,-99,-99,0,0,0,0,-99
2012,8,1,1,1,0,3,-99,-99,0,0,0,0,-99
2012,8,2,1,1,0,3,-99,-99,0,0,0,0,-99
2012,8,3,1,1,0,3,-99,-99,0,0,0,0,-99
2012,8,4,1,1,0,3,-99,-99,0,0,0,0,-99
2012,8,5,1,1,0,3,-99,-99,0,0,0,0,-99
2012,8,6,1,1,0,3,-99,-99,0,0,0,0,-99
2012,8,7,0,1,0,3,-99,-99,0,0,0,0,-99
2012,8,8,0,1,0,3,-99,-99,0,0,0,0,-99
2012,9,1,1,1,0,3,-99,-99,0,0,0,0,-99
2012,9,2,1,1,0,3,-99,-99,0,0,0,0,-99
2012,9,3,1,1,0,3,-99,-99,0,0,0,0,-99
2012,9,4,1,1,0,3,-99,-99,0,0,0,0,-99
2012,9,5,1,1,0,3,-99,-99,0,0,1,0.19,-99
2012,9,6,1,1,0,3,-99,-99,0,0,1,0,-99
2012,9,7,0,1,0,3,-99,-99,0,0,0,0,-99
2012,9,8,0,1,0,3,-99,-99,0,0,0,0,-99
2012,10,1,1,0,1,2,-99,-99,0,0,0,0,-99
2012,10,2,1,0,1,2,-99,-99,0,0,1,0.05,-99
2012,10,3,1,0,1,2,-99,-99,0,0,0,0,-99
2012,10,4,1,0,1,2,-99,-99,0,0,0,0,-99
2012,10,5,1,0,1,2,-99,-99,0,0,1,0.37,-99
2012,10,6,1,0,1,2,-99,-99,0,0,2,0.48,-99
2012,10,7,0,0,1,2,-99,-99,0,0,0,0,-99
2012,10,8,0,0,1,2,-99,-99,0,0,0,0,-99
2012,11,1,1,0,1,2,-99,-99,0,0,0,0,-99
2012,11,2,1,0,1,2,-99,-99,0,0,0,0,-99
2012,11,3,1,0,1,2,-99,-99,0,0,1,0.06,-99
2012,11,4,1,0,1,2,-99,-99,0,0,2,0.22,-99
2012,11,5,1,0,1,2,-99,-99,0,0,0,0,-99
2012,11,6,1,0,1,2,-99,-99,0,0,0,0,-99
2012,11,7,0,0,1,2,-99,-99,0,0,0,0,-99
2012,11,8,0,0,1,2,-99,-99,0,0,0,0.78,-99
2012,12,1,1,1,1,4,-99,-99,0,0,3,0,-99
2012,12,2,1,1,1,4,-99,-99,0,0,0,0,-99
2012,12,3,1,1,1,4,-99,-99,0,0,2,0.25,-99
2012,12,4,1,1,1,4,-99,-99,0,0,0,0,-99
2012,12,5,1,1,1,4,-99,-99,0,0,0,0,-99
2012,12,6,1,1,1,4,-99,-99,0,0,0,0,-99
2012,12,7,0,1,1,4,-99,-99,0,0,2,0.21,-99
2012,12,8,0,1,1,4,-99,-99,1,0.23,3,0.63,-99
2012,13,1,1,1,0,3,-99,-99,0,0,0,0,-99
2012,13,2,1,1,0,3,-99,-99,0,0,0,0,-99
2012,13,3,1,1,0,3,-99,-99,0,0,0,0,-99
2012,13,4,1,1,0,3,-99,-99,0,0,0,0,-99
2012,13,5,1,1,0,3,-99,-99,0,0,0,0,-99
2012,13,6,1,1,0,3,-99,-99,0,0,0,0,-99
2012,13,7,0,1,0,3,-99,-99,0,0,1,0.13,-99
2012,13,8,0,1,0,3,-99,-99,0,0,0,0,-99
2012,14,1,1,0,1,2,-99,-99,0,0,5,1.03,-99
2012,14,2,1,0,1,2,-99,-99,6,1,4,0.91,-99
2012,14,3,1,0,1,2,-99,-99,0,0,4,0.59,-99
2012,14,4,1,0,1,2,-99,-99,0,0,0,0,-99
2012,14,5,1,0,1,2,-99,-99,0,0,5,0.71,-99
2012,14,6,1,0,1,2,-99,-99,0,0,7,1.18,-99
2012,14,7,0,0,1,2,-99,-99,2,0.39,1,2.02,-99
2012,14,8,0,0,1,2,-99,-99,0,0,0,0,-99
2012,15,1,1,1,1,4,-99,-99,0,0,0,0,-99
2012,15,2,1,1,1,4,-99,-99,3,0.45,0,0,-99
2012,15,3,1,1,1,4,-99,-99,0,0,0,0,-99
2012,15,4,1,1,1,4,-99,-99,1,0.24,0,0,-99
2012,15,5,1,1,1,4,-99,-99,0,0,0,0,-99
2012,15,6,1,1,1,4,-99,-99,0,0,0,0,-99
2012,15,7,0,1,1,4,-99,-99,0,0,0,0,-99
2012,15,8,0,1,1,4,-99,-99,0,0,0,0,-99
2012,16,1,1,0,0,1,-99,-99,0,0,1,-99,-99
2012,16,2,1,0,0,1,-99,-99,0,0,0,0,-99
2012,16,3,1,0,0,1,-99,-99,0,0,0,0,-99
2012,16,4,1,0,0,1,-99,-99,0,0,0,0,-99
2012,16,5,1,0,0,1,-99,-99,0,0,1,0.1,-99
2012,16,6,1,0,0,1,-99,-99,0,0,0,0,-99
2012,16,7,0,0,0,1,-99,-99,0,0,0,0,-99
2012,16,8,0,0,0,1,-99,-99,0,0,0,0,-99
2012,17,1,1,0,0,1,-99,-99,0,0,2,0.42,-99
2012,17,2,1,0,0,1,-99,-99,0,0,1,0,-99
2012,17,3,1,0,0,1,-99,-99,0,0,0,0.56,-99
2012,17,4,1,0,0,1,-99,-99,0,0,2,0,-99
2012,17,5,1,0,0,1,-99,-99,0,0,1,0.27,-99
2012,17,6,1,0,0,1,-99,-99,0,0,0,0,-99
2012,17,7,0,0,0,1,-99,-99,0,0,2,0.34,-99
2012,17,8,0,0,0,1,-99,-99,0,0,0,0,-99
2012,18,1,1,1,1,4,-99,-99,0,0,1,0.03,-99
2012,18,2,1,1,1,4,-99,-99,0,0,0,0,-99
2012,18,3,1,1,1,4,-99,-99,0,0,0,0,-99
2012,18,4,1,1,1,4,-99,-99,0,0,0,0,-99
2012,18,5,1,1,1,4,-99,-99,0,0,0,0,-99
2012,18,6,1,1,1,4,-99,-99,0,0,0,0,-99
2012,18,7,0,1,1,4,-99,-99,0,0,0,0,-99
2012,18,8,0,1,1,4,-99,-99,0,0,0,0,-99
2012,19,1,1,1,0,3,-99,-99,0,0,0,0,-99
2012,19,2,1,1,0,3,-99,-99,0,0,0,0,-99
2012,19,3,1,1,0,3,-99,-99,0,0,0,0,-99
2012,19,4,1,1,0,3,-99,-99,0,0,0,0,-99
2012,19,5,1,1,0,3,-99,-99,0,0,0,0,-99
2012,19,6,1,1,0,3,-99,-99,0,0,0,0,-99
2012,19,7,0,1,0,3,-99,-99,0,0,0,0,-99
2012,19,8,0,1,0,3,-99,-99,0,0,2,0.23,-99
2012,20,1,1,0,1,2,-99,-99,0,0,0,0,-99
2012,20,2,1,0,1,2,-99,-99,0,0,0,0,-99
2012,20,3,1,0,1,2,-99,-99,0,0,0,0,-99
2012,20,4,1,0,1,2,-99,-99,0,0,0,0,-99
2012,20,5,1,0,1,2,-99,-99,0,0,0,0,-99
2012,20,6,1,0,1,2,-99,-99,0,0,0,0,-99
2012,20,7,0,0,1,2,-99,-99,0,0,3,0.32,-99
2012,20,8,0,0,1,2,-99,-99,0,0.8,0,0,-99
2013,1,1,1,1,1,4,-99,-99,0,0,0,0,-99
2013,1,2,1,1,1,4,-99,-99,0,0,0,0,-99
2013,1,3,1,1,1,4,-99,-99,0,0,3,0.65,-99
2013,1,4,1,1,1,4,-99,-99,0,0,0,0,-99
2013,1,5,1,1,1,4,-99,-99,0,0,1,0.18,-99
2013,1,6,1,1,1,4,-99,-99,0,0,3,0.21,-99
2013,1,7,0,1,1,4,-99,-99,3,0.6,0,0,-99
2013,1,8,0,1,1,4,-99,-99,0,0,2,0.19,-99
2013,2,1,1,0,0,1,-99,-99,0,0,0,0,-99
2013,2,2,1,0,0,1,-99,-99,0,0,0,0,-99
2013,2,3,1,0,0,1,-99,-99,0,0,1,0.15,-99
2013,2,4,1,0,0,1,-99,-99,0,0,3,0.71,-99
2013,2,5,1,0,0,1,-99,-99,0,0,1,0.1,-99
2013,2,6,1,0,0,1,-99,-99,0,0,1,0.16,-99
2013,2,7,0,0,0,1,-99,-99,0,0,0,0,-99
2013,2,8,0,0,0,1,-99,-99,1,0.01,0,0,-99
2013,3,1,1,1,0,3,-99,-99,0,0,0,0,-99
2013,3,2,1,1,0,3,-99,-99,0,0,0,0,-99
2013,3,3,1,1,0,3,-99,-99,0,0,0,0,-99
2013,3,4,1,1,0,3,-99,-99,0,0,0,0,-99
2013,3,5,1,1,0,3,-99,-99,0,0,0,0,-99
2013,3,6,1,1,0,3,-99,-99,0,0,0,0,-99
2013,3,7,0,1,0,3,-99,-99,0,0,0,0,-99
2013,3,8,0,1,0,3,-99,-99,0,0,0,0,-99
2013,4,1,1,0,1,2,-99,-99,0,0,1,0.23,-99
2013,4,2,1,0,1,2,-99,-99,0,0,1,0.11,-99
2013,4,3,1,0,1,2,-99,-99,0,0,2,0.3,-99
2013,4,4,1,0,1,2,-99,-99,0,0,1,0.4,-99
2013,4,5,1,0,1,2,-99,-99,0,0,2,0.78,-99
2013,4,6,1,0,1,2,-99,-99,0,0,7,1.51,-99
2013,4,7,0,0,1,2,-99,-99,0,0,0,0,-99
2013,4,8,0,0,1,2,-99,-99,0,0,2,0.55,-99
2013,5,1,1,1,1,4,-99,-99,0,0,0,0,-99
2013,5,2,1,1,1,4,-99,-99,0,0,0,0,-99
2013,5,3,1,1,1,4,-99,-99,0,0,0,0,-99
2013,5,4,1,1,1,4,-99,-99,0,0,0,0,-99
2013,5,5,1,1,1,4,-99,-99,0,0,0,0,-99
2013,5,6,1,1,1,4,-99,-99,0,0,0,0,-99
2013,5,7,0,1,1,4,-99,-99,0,0,0,0,-99
2013,5,8,0,1,1,4,-99,-99,6,0.7,0,0,-99
2013,6,1,1,0,0,1,-99,-99,0,0,0,0,-99
2013,6,2,1,0,0,1,-99,-99,0,0,0,0,-99
2013,6,3,1,0,0,1,-99,-99,0,0,0,0,-99
2013,6,4,1,0,0,1,-99,-99,0,0,0,0,-99
2013,6,5,1,0,0,1,-99,-99,0,0,0,0,-99
2013,6,6,1,0,0,1,-99,-99,0,0,0,0,-99
2013,6,7,0,0,0,1,-99,-99,0,0,1,0.26,-99
2013,6,8,0,0,0,1,-99,-99,0,0,0,0,-99
2013,7,1,1,0,0,1,-99,-99,0,0,0,0,-99
2013,7,2,1,0,0,1,-99,-99,0,0,0,0,-99
2013,7,3,1,0,0,1,-99,-99,0,0,0,0,-99
2013,7,4,1,0,0,1,-99,-99,0,0,0,0,-99
2013,7,5,1,0,0,1,-99,-99,0,0,0,0,-99
2013,7,6,1,0,0,1,-99,-99,0,0,0,0,-99
2013,7,7,0,0,0,1,-99,-99,0,0,0,0,-99
2013,7,8,0,0,0,1,-99,-99,0,0,1,0,-99
2013,8,1,1,1,0,3,-99,-99,0,0,0,0,-99
2013,8,2,1,1,0,3,-99,-99,0,0,0,0,-99
2013,8,3,1,1,0,3,-99,-99,0,0,0,0,-99
2013,8,4,1,1,0,3,-99,-99,0,0,0,0,-99
2013,8,5,1,1,0,3,-99,-99,0,0,0,0,-99
2013,8,6,1,1,0,3,-99,-99,0,0,0,0,-99
2013,8,7,0,1,0,3,-99,-99,0,0,1,0.24,-99
2013,8,8,0,1,0,3,-99,-99,0,0,0,0,-99
2013,9,1,1,1,0,3,-99,-99,0,0,0,0,-99
2013,9,2,1,1,0,3,-99,-99,0,0,0,0,-99
2013,9,3,1,1,0,3,-99,-99,0,0,0,0,-99
2013,9,4,1,1,0,3,-99,-99,0,0,1,0,-99
2013,9,5,1,1,0,3,-99,-99,0,0,0,0,-99
2013,9,6,1,1,0,3,-99,-99,0,0,0,0,-99
2013,9,7,0,1,0,3,-99,-99,0,0,0,0,-99
2013,9,8,0,1,0,3,-99,-99,0,0,0,0,-99
2013,10,1,1,0,1,2,-99,-99,0,0,1,0.11,-99
2013,10,2,1,0,1,2,-99,-99,0,0,3,0.97,-99
2013,10,3,1,0,1,2,-99,-99,0,0,5,1.15,-99
2013,10,4,1,0,1,2,-99,-99,0,0,1,0,-99
2013,10,5,1,0,1,2,-99,-99,0,0,1,0.28,-99
2013,10,6,1,0,1,2,-99,-99,0,0,5,2.22,-99
2013,10,7,0,0,1,2,-99,-99,0,0,0,0,-99
2013,10,8,0,0,1,2,-99,-99,0,0,0,0,-99
2013,11,1,1,0,1,2,-99,-99,0,0,0,0,-99
2013,11,2,1,0,1,2,-99,-99,0,0,0,0,-99
2013,11,3,1,0,1,2,-99,-99,0,0,0,0,-99
2013,11,4,1,0,1,2,-99,-99,0,0,0,0,-99
2013,11,5,1,0,1,2,-99,-99,0,0,0,0,-99
2013,11,6,1,0,1,2,-99,-99,0,0,0,0,-99
2013,11,7,0,0,1,2,-99,-99,0,0,0,0,-99
2013,11,8,0,0,1,2,-99,-99,0,0,0,0,-99
2013,12,1,1,1,1,4,-99,-99,0,0,0,0,-99
2013,12,2,1,1,1,4,-99,-99,0,0,1,0.14,-99
2013,12,3,1,1,1,4,-99,-99,0,0,0,0,-99
2013,12,4,1,1,1,4,-99,-99,0,0,0,0,-99
2013,12,5,1,1,1,4,-99,-99,0,0,0,0,-99
2013,12,6,1,1,1,4,-99,-99,0,0,0,0,-99
2013,12,7,0,1,1,4,-99,-99,0,0,0,0,-99
2013,12,8,0,1,1,4,-99,-99,0,0,0,0,-99
2013,13,1,1,1,0,3,-99,-99,0,0,0,0,-99
2013,13,2,1,1,0,3,-99,-99,0,0,0,0,-99
2013,13,3,1,1,0,3,-99,-99,0,0,0,0,-99
2013,13,4,1,1,0,3,-99,-99,0,0,0,0,-99
2013,13,5,1,1,0,3,-99,-99,0,0,0,0,-99
2013,13,6,1,1,0,3,-99,-99,0,0,0,0,-99
2013,13,7,0,1,0,3,-99,-99,0,0,0,0,-99
2013,13,8,0,1,0,3,-99,-99,0,0,0,0,-99
2013,14,1,1,0,1,2,-99,-99,0,0,3,0.72,-99
2013,14,2,1,0,1,2,-99,-99,0,0,1,0.01,-99
2013,14,3,1,0,1,2,-99,-99,0,0,-99,0.37,-99
2013,14,4,1,0,1,2,-99,-99,0,0,0,0,-99
2013,14,5,1,0,1,2,-99,-99,0,0,0,0,-99
2013,14,6,1,0,1,2,-99,-99,0,0,-99,1.15,-99
2013,14,7,0,0,1,2,-99,-99,0,0,4,0.81,-99
2013,14,8,0,0,1,2,-99,-99,0,0,0,0,-99
2013,15,1,1,1,1,4,-99,-99,0,0,1,0.5,-99
2013,15,2,1,1,1,4,-99,-99,0,0,0,0,-99
2013,15,3,1,1,1,4,-99,-99,0,0,0,0,-99
2013,15,4,1,1,1,4,-99,-99,0,0,0,0,-99
2013,15,5,1,1,1,4,-99,-99,0,0,1,0.11,-99
2013,15,6,1,1,1,4,-99,-99,0,0,0,0,-99
2013,15,7,0,1,1,4,-99,-99,0,0,0,0,-99
2013,15,8,0,1,1,4,-99,-99,0,0,0,0,-99
2013,16,1,1,0,0,1,-99,-99,0,0,0,0,-99
2013,16,2,1,0,0,1,-99,-99,0,0,0,0,-99
2013,16,3,1,0,0,1,-99,-99,0,0,3,0.9,-99
2013,16,4,1,0,0,1,-99,-99,0,0,0,0,-99
2013,16,5,1,0,0,1,-99,-99,0,0,0,0,-99
2013,16,6,1,0,0,1,-99,-99,0,0,0,0,-99
2013,16,7,0,0,0,1,-99,-99,0,0,2,0.24,-99
2013,16,8,0,0,0,1,-99,-99,0,0,0,0,-99
2013,17,1,1,0,0,1,-99,-99,0,0,0,0,-99
2013,17,2,1,0,0,1,-99,-99,2,0.39,0,0,-99
2013,17,3,1,0,0,1,-99,-99,0,0,0,0,-99
2013,17,4,1,0,0,1,-99,-99,0,0,0,0,-99
2013,17,5,1,0,0,1,-99,-99,0,0,0,0,-99
2013,17,6,1,0,0,1,-99,-99,0,0,0,0,-99
2013,17,7,0,0,0,1,-99,-99,0,0,3,1.37,-99
2013,17,8,0,0,0,1,-99,-99,0,0,0,0,-99
2013,18,1,1,1,1,4,-99,-99,0,0,5,1.6,-99
2013,18,2,1,1,1,4,-99,-99,0,0,0,0,-99
2013,18,3,1,1,1,4,-99,-99,0,0,5,0.6,-99
2013,18,4,1,1,1,4,-99,-99,0,0,0,0,-99
2013,18,5,1,1,1,4,-99,-99,0,0,0,0,-99
2013,18,6,1,1,1,4,-99,-99,0,0,0,0,-99
2013,18,7,0,1,1,4,-99,-99,0,0,2,0.11,-99
2013,18,8,0,1,1,4,-99,-99,0,0,0,0,-99
2013,19,1,1,1,0,3,-99,-99,0,0,0,0,-99
2013,19,2,1,1,0,3,-99,-99,0,0,0,0,-99
2013,19,3,1,1,0,3,-99,-99,0,0,0,0,-99
2013,19,4,1,1,0,3,-99,-99,0,0,0,0,-99
2013,19,5,1,1,0,3,-99,-99,0,0,0,0,-99
2013,19,6,1,1,0,3,-99,-99,0,0,0,0,-99
2013,19,7,0,1,0,3,-99,-99,0,0,0,0,-99
2013,19,8,0,1,0,3,-99,-99,0,0,5,0.82,-99
2013,20,1,1,0,1,2,-99,-99,0,0,0,0,-99
2013,20,2,1,0,1,2,-99,-99,0,0,0,0,-99
2013,20,3,1,0,1,2,-99,-99,0,0,0,0,-99
2013,20,4,1,0,1,2,-99,-99,0,0,0,0,-99
2013,20,5,1,0,1,2,-99,-99,2,0.12,0,0,-99
2013,20,6,1,0,1,2,-99,-99,0,0,0,0,-99
2013,20,7,0,0,1,2,-99,-99,12,2.39,1,0.29,-99
2013,20,8,0,0,1,2,-99,-99,6,1.15,0,0,-99
2014,1,1,1,1,1,4,-99,-99,0,0,1,0.13,-99
2014,1,2,1,1,1,4,-99,-99,0,0,1,0.41,-99
2014,1,3,1,1,1,4,-99,-99,0,0,1,0.08,-99
2014,1,4,1,1,1,4,-99,-99,0,0,0,0,-99
2014,1,5,1,1,1,4,-99,-99,0,0,3,0.66,-99
2014,1,6,1,1,1,4,-99,-99,0,0,3,0.19,-99
2014,1,7,0,1,1,4,-99,-99,0,0,0,0,-99
2014,1,8,0,1,1,4,-99,-99,0,0,0,0,-99
2014,2,1,1,0,0,1,-99,-99,0,0,2,0.29,-99
2014,2,2,1,0,0,1,-99,-99,0,0,1,0.14,-99
2014,2,3,1,0,0,1,-99,-99,0,0,0,0,-99
2014,2,4,1,0,0,1,-99,-99,0,0,0,0,-99
2014,2,5,1,0,0,1,-99,-99,0,0,1,0,-99
2014,2,6,1,0,0,1,-99,-99,0,0,0,0,-99
2014,2,7,0,0,0,1,-99,-99,0,0,0,0,-99
2014,2,8,0,0,0,1,-99,-99,0,0,1,0.14,-99
2014,3,1,1,1,0,3,-99,-99,0,0,0,0,-99
2014,3,2,1,1,0,3,-99,-99,0,0,0,0,-99
2014,3,3,1,1,0,3,-99,-99,0,0,0,0,-99
2014,3,4,1,1,0,3,-99,-99,0,0,0,0,-99
2014,3,5,1,1,0,3,-99,-99,0,0,0,0,-99
2014,3,6,1,1,0,3,-99,-99,0,0,0,0,-99
2014,3,7,0,1,0,3,-99,-99,0,0,1,0.12,-99
2014,3,8,0,1,0,3,-99,-99,0,0,0,0,-99
2014,4,1,1,0,1,2,-99,-99,0,0,0,0,-99
2014,4,2,1,0,1,2,-99,-99,0,0,1,0.29,-99
2014,4,3,1,0,1,2,-99,-99,0,0,1,0.06,-99
2014,4,4,1,0,1,2,-99,-99,0,0,1,0.04,-99
2014,4,5,1,0,1,2,-99,-99,0,0,1,0.045,-99
2014,4,6,1,0,1,2,-99,-99,0,0,2,0.063,-99
2014,4,7,0,0,1,2,-99,-99,0,0,1,0,-99
2014,4,8,0,0,1,2,-99,-99,0,0,0,0,-99
2014,5,1,1,1,1,4,-99,-99,0,0,0,0,-99
2014,5,2,1,1,1,4,-99,-99,0,0,0,0,-99
2014,5,3,1,1,1,4,-99,-99,0,0,0,0,-99
2014,5,4,1,1,1,4,-99,-99,0,0,0,0,-99
2014,5,5,1,1,1,4,-99,-99,0,0,0,0,-99
2014,5,6,1,1,1,4,-99,-99,0,0,1,0.1,-99
2014,5,7,0,1,1,4,-99,-99,0,0,0,0,-99
2014,5,8,0,1,1,4,-99,-99,0,0,0,0,-99
2014,6,1,1,0,0,1,-99,-99,0,0,0,0,-99
2014,6,2,1,0,0,1,-99,-99,0,0,0,0,-99
2014,6,3,1,0,0,1,-99,-99,0,0,1,0.05,-99
2014,6,4,1,0,0,1,-99,-99,0,0,0,0,-99
2014,6,5,1,0,0,1,-99,-99,0,0,0,0,-99
2014,6,6,1,0,0,1,-99,-99,0,0,0,0,-99
2014,6,7,0,0,0,1,-99,-99,0,0,0,0,-99
2014,6,8,0,0,0,1,-99,-99,0,0,0,0,-99
2014,7,1,1,0,0,1,-99,-99,0,0,0,0,-99
2014,7,2,1,0,0,1,-99,-99,0,0,0,0,-99
2014,7,3,1,0,0,1,-99,-99,0,0,0,0,-99
2014,7,4,1,0,0,1,-99,-99,0,0,0,0,-99
2014,7,5,1,0,0,1,-99,-99,1,0.27,0,0,-99
2014,7,6,1,0,0,1,-99,-99,0,0,0,0,-99
2014,7,7,0,0,0,1,-99,-99,0,0,1,0.16,-99
2014,7,8,0,0,0,1,-99,-99,0,0,3,0.25,-99
2014,8,1,1,1,0,3,-99,-99,0,0,0,0,-99
2014,8,2,1,1,0,3,-99,-99,0,0,0,0,-99
2014,8,3,1,1,0,3,-99,-99,0,0,0,0,-99
2014,8,4,1,1,0,3,-99,-99,0,0,0,0,-99
2014,8,5,1,1,0,3,-99,-99,0,0,0,0,-99
2014,8,6,1,1,0,3,-99,-99,0,0,0,0,-99
2014,8,7,0,1,0,3,-99,-99,0,0,1,0.14,-99
2014,8,8,0,1,0,3,-99,-99,0,0,0,0,-99
2014,9,1,1,1,0,3,-99,-99,0,0,0,0,-99
2014,9,2,1,1,0,3,-99,-99,0,0,0,0,-99
2014,9,3,1,1,0,3,-99,-99,0,0,0,0,-99
2014,9,4,1,1,0,3,-99,-99,0,0,2,0.34,-99
2014,9,5,1,1,0,3,-99,-99,0,0,0,0,-99
2014,9,6,1,1,0,3,-99,-99,0,0,0,0,-99
2014,9,7,0,1,0,3,-99,-99,0,0,0,0,-99
2014,9,8,0,1,0,3,-99,-99,0,0,0,0,-99
2014,10,1,1,0,1,2,-99,-99,0,0,3,0.41,-99
2014,10,2,1,0,1,2,-99,-99,0,0,1,0,-99
2014,10,3,1,0,1,2,-99,-99,0,0,0,0,-99
2014,10,4,1,0,1,2,-99,-99,0,0,1,0.06,-99
2014,10,5,1,0,1,2,-99,-99,0,0,1,0.13,-99
2014,10,6,1,0,1,2,-99,-99,0,0,0,0.11,-99
2014,10,7,0,0,1,2,-99,-99,0,0,1,0,-99
2014,10,8,0,0,1,2,-99,-99,0,0,0,0,-99
2014,11,1,1,0,1,2,-99,-99,0,0,0,0,-99
2014,11,2,1,0,1,2,-99,-99,0,0,1,0.03,-99
2014,11,3,1,0,1,2,-99,-99,0,0,0,0,-99
2014,11,4,1,0,1,2,-99,-99,0,0,4,0.74,-99
2014,11,5,1,0,1,2,-99,-99,0,0,2,0.56,-99
2014,11,6,1,0,1,2,-99,-99,0,0,0,0,-99
2014,11,7,0,0,1,2,-99,-99,0,0,0,0,-99
2014,11,8,0,0,1,2,-99,-99,0,0,2,0.21,-99
2014,12,1,1,1,1,4,-99,-99,0,0,0,0,-99
2014,12,2,1,1,1,4,-99,-99,0,0,0,0,-99
2014,12,3,1,1,1,4,-99,-99,0,0,0,0,-99
2014,12,4,1,1,1,4,-99,-99,0,0,0,0,-99
2014,12,5,1,1,1,4,-99,-99,0,0,1,0,-99
2014,12,6,1,1,1,4,-99,-99,0,0,0,0,-99
2014,12,7,0,1,1,4,-99,-99,0,0,0,0,-99
2014,12,8,0,1,1,4,-99,-99,1,0.3,0,0,-99
2014,13,1,1,1,0,3,-99,-99,0,0,0,0,-99
2014,13,2,1,1,0,3,-99,-99,1,0,0,0,-99
2014,13,3,1,1,0,3,-99,-99,0,0,0,0,-99
2014,13,4,1,1,0,3,-99,-99,0,0,0,0,-99
2014,13,5,1,1,0,3,-99,-99,0,0,0,0,-99
2014,13,6,1,1,0,3,-99,-99,0,0,0,0,-99
2014,13,7,0,1,0,3,-99,-99,0,0,0,0,-99
2014,13,8,0,1,0,3,-99,-99,0,0,0,0,-99
2014,14,1,1,0,1,2,-99,-99,0,0,6,1.93,-99
2014,14,2,1,0,1,2,-99,-99,0,0,4,1.23,-99
2014,14,3,1,0,1,2,-99,-99,0,0,1,0.29,-99
2014,14,4,1,0,1,2,-99,-99,0,0,1,0.03,-99
2014,14,5,1,0,1,2,-99,-99,0,0,3,0.34,-99
2014,14,6,1,0,1,2,-99,-99,0,0,3,0.39,-99
2014,14,7,0,0,1,2,-99,-99,6,1.41,0,0,-99
2014,14,8,0,0,1,2,-99,-99,6,0.93,2,0.38,-99
2014,15,1,1,1,1,4,-99,-99,0,0,1,0.4,-99
2014,15,2,1,1,1,4,-99,-99,0,0,0,0,-99
2014,15,3,1,1,1,4,-99,-99,0,0,0,0,-99
2014,15,4,1,1,1,4,-99,-99,0,0,0,0,-99
2014,15,5,1,1,1,4,-99,-99,0,0,1,0.12,-99
2014,15,6,1,1,1,4,-99,-99,0,0,0,0,-99
2014,15,7,0,1,1,4,-99,-99,0,0,0,0,-99
2014,15,8,0,1,1,4,-99,-99,0,0,0,0,-99
2014,16,1,1,0,0,1,-99,-99,0,0,0,0,-99
2014,16,2,1,0,0,1,-99,-99,0,0,0,0,-99
2014,16,3,1,0,0,1,-99,-99,0,0,0,0,-99
2014,16,4,1,0,0,1,-99,-99,0,0,0,0,-99
2014,16,5,1,0,0,1,-99,-99,0,0,0,0,-99
2014,16,6,1,0,0,1,-99,-99,0,0,0,0,-99
2014,16,7,0,0,0,1,-99,-99,0,0,0,0,-99
2014,16,8,0,0,0,1,-99,-99,0,0,0,0,-99
2014,17,1,1,0,0,1,-99,-99,0,0,0,0,-99
2014,17,2,1,0,0,1,-99,-99,0,0,0,0,-99
2014,17,3,1,0,0,1,-99,-99,0,0,2,0.04,-99
2014,17,4,1,0,0,1,-99,-99,0,0,0,0,-99
2014,17,5,1,0,0,1,-99,-99,0,0,1,0.13,-99
2014,17,6,1,0,0,1,-99,-99,0,0,0,0,-99
2014,17,7,0,0,0,1,-99,-99,0,0,0,0,-99
2014,17,8,0,0,0,1,-99,-99,0,0,0,0,-99
2014,18,1,1,1,1,4,-99,-99,1,0.03,0,0,-99
2014,18,2,1,1,1,4,-99,-99,0,0,0,0,-99
2014,18,3,1,1,1,4,-99,-99,0,0,4,0.34,-99
2014,18,4,1,1,1,4,-99,-99,0,0,1,0.11,-99
2014,18,5,1,1,1,4,-99,-99,0,0,0,0,-99
2014,18,6,1,1,1,4,-99,-99,0,0,1,0.07,-99
2014,18,7,0,1,1,4,-99,-99,0,0,0,0,-99
2014,18,8,0,1,1,4,-99,-99,0,0,0,0,-99
2014,19,1,1,1,0,3,-99,-99,0,0,0,0,-99
2014,19,2,1,1,0,3,-99,-99,0,0,0,0,-99
2014,19,3,1,1,0,3,-99,-99,0,0,0,0,-99
2014,19,4,1,1,0,3,-99,-99,0,0,0,0,-99
2014,19,5,1,1,0,3,-99,-99,0,0,0,0,-99
2014,19,6,1,1,0,3,-99,-99,0,0,0,0,-99
2014,19,7,0,1,0,3,-99,-99,0,0,0,0,-99
2014,19,8,0,1,0,3,-99,-99,0,0,1,0.07,-99
2014,20,1,1,0,1,2,-99,-99,0,0,0,0,-99
2014,20,2,1,0,1,2,-99,-99,0,0,0,0,-99
2014,20,3,1,0,1,2,-99,-99,0,0,4,1.94,-99
2014,20,4,1,0,1,2,-99,-99,0,0,0,0,-99
2014,20,5,1,0,1,2,-99,-99,0,0,0,0,-99
2014,20,6,1,0,1,2,-99,-99,0,0,0,0,-99
2014,20,7,0,0,1,2,-99,-99,1,0.18,1,0.28,-99
2014,20,8,0,0,1,2,-99,-99,8,0.99,0,0,-99
2015,1,1,1,1,1,4,-99,-99,0,0,0,0,-99
2015,1,2,1,1,1,4,-99,-99,0,0,1,0.29,-99
2015,1,3,1,1,1,4,-99,-99,0,0,0,0,-99
2015,1,4,1,1,1,4,-99,-99,0,0,0,0,-99
2015,1,5,1,1,1,4,-99,-99,0,0,0,0,-99
2015,1,6,1,1,1,4,-99,-99,0,0,2,0.22,-99
2015,1,7,0,1,1,4,-99,-99,0,0,0,0,-99
2015,1,8,0,1,1,4,-99,-99,0,0,0,0,-99
2015,2,1,1,0,0,1,-99,-99,0,0,0,0,-99
2015,2,2,1,0,0,1,-99,-99,0,0,0,0,-99
2015,2,3,1,0,0,1,-99,-99,0,0,0,0,-99
2015,2,4,1,0,0,1,-99,-99,0,0,0,0,-99
2015,2,5,1,0,0,1,-99,-99,0,0,3,0.29,-99
2015,2,6,1,0,0,1,-99,-99,0,0,0,0,-99
2015,2,7,0,0,0,1,-99,-99,3,0.52,1,0.07,-99
2015,2,8,0,0,0,1,-99,-99,0,0,0,0,-99
2015,3,1,1,1,0,3,-99,-99,0,0,0,0,-99
2015,3,2,1,1,0,3,-99,-99,0,0,0,0,-99
2015,3,3,1,1,0,3,-99,-99,0,0,0,0,-99
2015,3,4,1,1,0,3,-99,-99,0,0,0,0,-99
2015,3,5,1,1,0,3,-99,-99,0,0,0,0,-99
2015,3,6,1,1,0,3,-99,-99,0,0,0,0,-99
2015,3,7,0,1,0,3,-99,-99,0,0,0,0,-99
2015,3,8,0,1,0,3,-99,-99,0,0,1,0.12,-99
2015,4,1,1,0,1,2,-99,-99,0,0,1,0.13,-99
2015,4,2,1,0,1,2,-99,-99,0,0,0,0,-99
2015,4,3,1,0,1,2,-99,-99,0,0,1,0.14,-99
2015,4,4,1,0,1,2,-99,-99,0,0,2,1,-99
2015,4,5,1,0,1,2,-99,-99,0,0,0,0,-99
2015,4,6,1,0,1,2,-99,-99,0,0,0,0,-99
2015,4,7,0,0,1,2,-99,-99,0,0,0,0,-99
2015,4,8,0,0,1,2,-99,-99,0,0,0,0,-99
2015,5,1,1,1,1,4,-99,-99,0,0,0,0,-99
2015,5,2,1,1,1,4,-99,-99,0,0,0,0,-99
2015,5,3,1,1,1,4,-99,-99,0,0,0,0,-99
2015,5,4,1,1,1,4,-99,-99,0,0,0,0,-99
2015,5,5,1,1,1,4,-99,-99,0,0,1,0.07,-99
2015,5,6,1,1,1,4,-99,-99,0,0,0,0,-99
2015,5,7,0,1,1,4,-99,-99,0,0,0,0,-99
2015,5,8,0,1,1,4,-99,-99,0,0,0,0,-99
2015,6,1,1,0,0,1,-99,-99,0,0,0,0,-99
2015,6,2,1,0,0,1,-99,-99,0,0,0,0,-99
2015,6,3,1,0,0,1,-99,-99,0,0,0,0,-99
2015,6,4,1,0,0,1,-99,-99,0,0,0,0,-99
2015,6,5,1,0,0,1,-99,-99,0,0,0,0,-99
2015,6,6,1,0,0,1,-99,-99,0,0,0,0,-99
2015,6,7,0,0,0,1,-99,-99,0,0,0,0,-99
2015,6,8,0,0,0,1,-99,-99,0,0,0,0,-99
2015,7,1,1,0,0,1,-99,-99,0,0,0,0,-99
2015,7,2,1,0,0,1,-99,-99,0,0,0,0,-99
2015,7,3,1,0,0,1,-99,-99,0,0,0,0,-99
2015,7,4,1,0,0,1,-99,-99,0,0,0,0,-99
2015,7,5,1,0,0,1,-99,-99,0,0,0,0,-99
2015,7,6,1,0,0,1,-99,-99,0,0,0,0,-99
2015,7,7,0,0,0,1,-99,-99,0,0,0,0,-99
2015,7,8,0,0,0,1,-99,-99,0,0,1,0.18,-99
2015,8,1,1,1,0,3,-99,-99,0,0,0,0,-99
2015,8,2,1,1,0,3,-99,-99,0,0,0,0,-99
2015,8,3,1,1,0,3,-99,-99,0,0,0,0,-99
2015,8,4,1,1,0,3,-99,-99,0,0,0,0,-99
2015,8,5,1,1,0,3,-99,-99,0,0,0,0,-99
2015,8,6,1,1,0,3,-99,-99,0,0,0,0,-99
2015,8,7,0,1,0,3,-99,-99,0,0,0,0,-99
2015,8,8,0,1,0,3,-99,-99,0,0,0,0,-99
2015,9,1,1,1,0,3,-99,-99,0,0,0,0,-99
2015,9,2,1,1,0,3,-99,-99,0,0,0,0,-99
2015,9,3,1,1,0,3,-99,-99,0,0,0,0,-99
2015,9,4,1,1,0,3,-99,-99,0,0,0,0,-99
2015,9,5,1,1,0,3,-99,-99,0,0,0,0,-99
2015,9,6,1,1,0,3,-99,-99,0,0,0,0,-99
2015,9,7,0,1,0,3,-99,-99,0,0,0,0,-99
2015,9,8,0,1,0,3,-99,-99,0,0,0,0,-99
2015,10,1,1,0,1,2,-99,-99,0,0,0,0,-99
2015,10,2,1,0,1,2,-99,-99,0,0,5,0.6,-99
2015,10,3,1,0,1,2,-99,-99,0,0,0,0,-99
2015,10,4,1,0,1,2,-99,-99,0,0,0,0,-99
2015,10,5,1,0,1,2,-99,-99,0,0,1,0.08,-99
2015,10,6,1,0,1,2,-99,-99,0,0,0,0,-99
2015,10,7,0,0,1,2,-99,-99,0,0,1,0.09,-99
2015,10,8,0,0,1,2,-99,-99,0,0,0,0,-99
2015,11,1,1,0,1,2,-99,-99,1,0.18,2,0.47,-99
2015,11,2,1,0,1,2,-99,-99,0,0,0,0,-99
2015,11,3,1,0,1,2,-99,-99,0,0,2,0.38,-99
2015,11,4,1,0,1,2,-99,-99,0,0,1,0.16,-99
2015,11,5,1,0,1,2,-99,-99,0,0,0,0,-99
2015,11,6,1,0,1,2,-99,-99,0,0,1,0.034,-99
2015,11,7,0,0,1,2,-99,-99,0,0,0,0,-99
2015,11,8,0,0,1,2,-99,-99,0,0,1,0.08,-99
2015,12,1,1,1,1,4,-99,-99,0,0,1,0.3,-99
2015,12,2,1,1,1,4,-99,-99,0,0,0,0,-99
2015,12,3,1,1,1,4,-99,-99,0,0,0,0,-99
2015,12,4,1,1,1,4,-99,-99,0,0,1,0.11,-99
2015,12,5,1,1,1,4,-99,-99,0,0,0,0,-99
2015,12,6,1,1,1,4,-99,-99,0,0,0,0,-99
2015,12,7,0,1,1,4,-99,-99,0,0,0,0,-99
2015,12,8,0,1,1,4,-99,-99,0,0,0,0,-99
2015,13,1,1,1,0,3,-99,-99,0,0,0,0,-99
2015,13,2,1,1,0,3,-99,-99,0,0,0,0,-99
2015,13,3,1,1,0,3,-99,-99,0,0,0,0,-99
2015,13,4,1,1,0,3,-99,-99,0,0,0,0,-99
2015,13,5,1,1,0,3,-99,-99,0,0,0,0,-99
2015,13,6,1,1,0,3,-99,-99,0,0,0,0,-99
2015,13,7,0,1,0,3,-99,-99,0,0,1,0.06,-99
2015,13,8,0,1,0,3,-99,-99,0,0,0,0,-99
2015,14,1,1,0,1,2,-99,-99,0,0,4,1.86,-99
2015,14,2,1,0,1,2,-99,-99,0,0,1,0.3,-99
2015,14,3,1,0,1,2,-99,-99,0,0,0,0,-99
2015,14,4,1,0,1,2,-99,-99,0,0,0,0,-99
2015,14,5,1,0,1,2,-99,-99,0,0,1,0.19,-99
2015,14,6,1,0,1,2,-99,-99,0,0,0,0,-99
2015,14,7,0,0,1,2,-99,-99,4,0.71,0,0,-99
2015,14,8,0,0,1,2,-99,-99,0,0,0,0,-99
2015,15,1,1,1,1,4,-99,-99,0,0,1,0.22,-99
2015,15,2,1,1,1,4,-99,-99,0,0,0,0,-99
2015,15,3,1,1,1,4,-99,-99,0,0,0,0,-99
2015,15,4,1,1,1,4,-99,-99,0,0,0,0,-99
2015,15,5,1,1,1,4,-99,-99,0,0,2,1.25,-99
2015,15,6,1,1,1,4,-99,-99,0,0,0,0,-99
2015,15,7,0,1,1,4,-99,-99,0,0,3,0.34,-99
2015,15,8,0,1,1,4,-99,-99,0,0,0,0,-99
2015,16,1,1,0,0,1,-99,-99,0,0,0,0,-99
2015,16,2,1,0,0,1,-99,-99,0,0,0,0,-99
2015,16,3,1,0,0,1,-99,-99,0,0,0,0,-99
2015,16,4,1,0,0,1,-99,-99,0,0,0,0,-99
2015,16,5,1,0,0,1,-99,-99,0,0,0,0,-99
2015,16,6,1,0,0,1,-99,-99,0,0,0,0,-99
2015,16,7,0,0,0,1,-99,-99,1,0.23,1,0.14,-99
2015,16,8,0,0,0,1,-99,-99,0,0,0,0,-99
2015,17,1,1,0,0,1,-99,-99,0,0,0,0,-99
2015,17,2,1,0,0,1,-99,-99,0,0,0,0,-99
2015,17,3,1,0,0,1,-99,-99,0,0,2,0.47,-99
2015,17,4,1,0,0,1,-99,-99,0,0,0,0,-99
2015,17,5,1,0,0,1,-99,-99,0,0,0,0,-99
2015,17,6,1,0,0,1,-99,-99,0,0,0,0,-99
2015,17,7,0,0,0,1,-99,-99,0,0,0,0,-99
2015,17,8,0,0,0,1,-99,-99,0,0,0,0,-99
2015,18,1,1,1,1,4,-99,-99,0,0,0,0,-99
2015,18,2,1,1,1,4,-99,-99,0,0,1,0.015,-99
2015,18,3,1,1,1,4,-99,-99,0,0,0,0,-99
2015,18,4,1,1,1,4,-99,-99,0,0,0,0,-99
2015,18,5,1,1,1,4,-99,-99,0,0,0,0,-99
2015,18,6,1,1,1,4,-99,-99,0,0,0,0,-99
2015,18,7,0,1,1,4,-99,-99,0,0,0,0,-99
2015,18,8,0,1,1,4,-99,-99,0,0,0,0,-99
2015,19,1,1,1,0,3,-99,-99,0,0,0,0,-99
2015,19,2,1,1,0,3,-99,-99,0,0,0,0,-99
2015,19,3,1,1,0,3,-99,-99,0,0,0,0,-99
2015,19,4,1,1,0,3,-99,-99,0,0,0,0,-99
2015,19,5,1,1,0,3,-99,-99,0,0,0,0,-99
2015,19,6,1,1,0,3,-99,-99,0,0,0,0,-99
2015,19,7,0,1,0,3,-99,-99,0,0,0,0,-99
2015,19,8,0,1,0,3,-99,-99,0,0,0,0,-99
2015,20,1,1,0,1,2,-99,-99,0,0,0,0,-99
2015,20,2,1,0,1,2,-99,-99,0,0,0,0,-99
2015,20,3,1,0,1,2,-99,-99,0,0,0,0,-99
2015,20,4,1,0,1,2,-99,-99,0,0,0,0,-99
2015,20,5,1,0,1,2,-99,-99,0,0,0,0,-99
2015,20,6,1,0,1,2,-99,-99,0,0,0,0,-99
2015,20,7,0,0,1,2,-99,-99,1,0.14,0,0,-99
2015,20,8,0,0,1,2,-99,-99,0,0,0,0,-99
2016,1,1,1,1,1,4,-99,-99,0,0,0,0,-99
2016,1,2,1,1,1,4,-99,-99,1,0.28,0,0,-99
2016,1,3,1,1,1,4,-99,-99,0,0,1,0.23,-99
2016,1,4,1,1,1,4,-99,-99,0,0,0,0,-99
2016,1,5,1,1,1,4,-99,-99,0,0,0,0,-99
2016,1,6,1,1,1,4,-99,-99,0,0,0,0,-99
2016,1,7,0,1,1,4,-99,-99,0,0,0,0,-99
2016,1,8,0,1,1,4,-99,-99,0,0,0,0,-99
2016,2,1,1,0,0,1,-99,-99,0,0,0,0,-99
2016,2,2,1,0,0,1,-99,-99,0,0,0,0,-99
2016,2,3,1,0,0,1,-99,-99,0,0,0,0,-99
2016,2,4,1,0,0,1,-99,-99,0,0,0,0,-99
2016,2,5,1,0,0,1,-99,-99,0,0,0,0,-99
2016,2,6,1,0,0,1,-99,-99,0,0,0,0,-99
2016,2,7,0,0,0,1,-99,-99,1,0.03,1,0.1,-99
2016,2,8,0,0,0,1,-99,-99,0,0,0,0,-99
2016,3,1,1,1,0,3,-99,-99,0,0,0,0,-99
2016,3,2,1,1,0,3,-99,-99,0,0,0,0,-99
2016,3,3,1,1,0,3,-99,-99,0,0,0,0,-99
2016,3,4,1,1,0,3,-99,-99,0,0,0,0,-99
2016,3,5,1,1,0,3,-99,-99,0,0,0,0,-99
2016,3,6,1,1,0,3,-99,-99,0,0,0,0,-99
2016,3,7,0,1,0,3,-99,-99,0,0,0,0,-99
2016,3,8,0,1,0,3,-99,-99,0,0,0,0,-99
2016,4,1,1,0,1,2,-99,-99,0,0,0,0,-99
2016,4,2,1,0,1,2,-99,-99,0,0,0,0,-99
2016,4,3,1,0,1,2,-99,-99,0,0,1,0.11,-99
2016,4,4,1,0,1,2,-99,-99,0,0,4,0.59,-99
2016,4,5,1,0,1,2,-99,-99,0,0,0,0,-99
2016,4,6,1,0,1,2,-99,-99,0,0,2,0.51,-99
2016,4,7,0,0,1,2,-99,-99,0,0,0,0,-99
2016,4,8,0,0,1,2,-99,-99,0,0,0,0,-99
2016,5,1,1,1,1,4,-99,-99,0,0,0,0,-99
2016,5,2,1,1,1,4,-99,-99,0,0,0,0,-99
2016,5,3,1,1,1,4,-99,-99,0,0,0,0,-99
2016,5,4,1,1,1,4,-99,-99,0,0,0,0,-99
2016,5,5,1,1,1,4,-99,-99,0,0,0,0,-99
2016,5,6,1,1,1,4,-99,-99,0,0,2,0.23,-99
2016,5,7,0,1,1,4,-99,-99,0,0,0,0,-99
2016,5,8,0,1,1,4,-99,-99,0,0,0,0,-99
2016,6,1,1,0,0,1,-99,-99,0,0,0,0,-99
2016,6,2,1,0,0,1,-99,-99,0,0,0,0,-99
2016,6,3,1,0,0,1,-99,-99,0,0,0,0,-99
2016,6,4,1,0,0,1,-99,-99,0,0,0,0,-99
2016,6,5,1,0,0,1,-99,-99,0,0,0,0,-99
2016,6,6,1,0,0,1,-99,-99,0,0,0,0,-99
2016,6,7,0,0,0,1,-99,-99,0,0,0,0,-99
2016,6,8,0,0,0,1,-99,-99,0,0,0,0,-99
2016,7,1,1,0,0,1,-99,-99,0,0,0,0,-99
2016,7,2,1,0,0,1,-99,-99,0,0,0,0,-99
2016,7,3,1,0,0,1,-99,-99,0,0,3,0.263,-99
2016,7,4,1,0,0,1,-99,-99,0,0,0,0,-99
2016,7,5,1,0,0,1,-99,-99,0,0,0,0,-99
2016,7,6,1,0,0,1,-99,-99,0,0,0,0,-99
2016,7,7,0,0,0,1,-99,-99,0,0,0,0,-99
2016,7,8,0,0,0,1,-99,-99,0,0,0,0,-99
2016,8,1,1,1,0,3,-99,-99,0,0,0,0,-99
2016,8,2,1,1,0,3,-99,-99,0,0,0,0,-99
2016,8,3,1,1,0,3,-99,-99,0,0,0,0,-99
2016,8,4,1,1,0,3,-99,-99,0,0,0,0,-99
2016,8,5,1,1,0,3,-99,-99,0,0,0,0,-99
2016,8,6,1,1,0,3,-99,-99,0,0,0,0,-99
2016,8,7,0,1,0,3,-99,-99,0,0,0,0,-99
2016,8,8,0,1,0,3,-99,-99,0,0,0,0,-99
2016,9,1,1,1,0,3,-99,-99,0,0,0,0,-99
2016,9,2,1,1,0,3,-99,-99,0,0,0,0,-99
2016,9,3,1,1,0,3,-99,-99,0,0,0,0,-99
2016,9,4,1,1,0,3,-99,-99,0,0,0,0,-99
2016,9,5,1,1,0,3,-99,-99,0,0,0,0,-99
2016,9,6,1,1,0,3,-99,-99,0,0,0,0,-99
2016,9,7,0,1,0,3,-99,-99,0,0,0,0,-99
2016,9,8,0,1,0,3,-99,-99,0,0,0,0,-99
2016,10,1,1,0,1,2,-99,-99,0,0,1,0.43,-99
2016,10,2,1,0,1,2,-99,-99,0,0,0,0,-99
2016,10,3,1,0,1,2,-99,-99,0,0,1,0.13,-99
2016,10,4,1,0,1,2,-99,-99,0,0,0,0,-99
2016,10,5,1,0,1,2,-99,-99,0,0,0,0,-99
2016,10,6,1,0,1,2,-99,-99,0,0,0,0,-99
2016,10,7,0,0,1,2,-99,-99,0,0,0,0,-99
2016,10,8,0,0,1,2,-99,-99,0,0,0,0,-99
2016,11,1,1,0,1,2,-99,-99,0,0,1,0.15,-99
2016,11,2,1,0,1,2,-99,-99,0,0,0,0,-99
2016,11,3,1,0,1,2,-99,-99,0,0,1,0.06,-99
2016,11,4,1,0,1,2,-99,-99,0,0,0,0,-99
2016,11,5,1,0,1,2,-99,-99,0,0,0,0,-99
2016,11,6,1,0,1,2,-99,-99,0,0,0,0,-99
2016,11,7,0,0,1,2,-99,-99,0,0,0,0,-99
2016,11,8,0,0,1,2,-99,-99,0,0,0,1,-99
2016,12,1,1,1,1,4,-99,-99,0,0,0,0,-99
2016,12,2,1,1,1,4,-99,-99,0,0,0,0,-99
2016,12,3,1,1,1,4,-99,-99,0,0,0,0,-99
2016,12,4,1,1,1,4,-99,-99,0,0,2,0.005,-99
2016,12,5,1,1,1,4,-99,-99,0,0,0,0,-99
2016,12,6,1,1,1,4,-99,-99,0,0,0,0,-99
2016,12,7,0,1,1,4,-99,-99,0,0,0,0,-99
2016,12,8,0,1,1,4,-99,-99,0,0,0,0,-99
2016,13,1,1,1,0,3,-99,-99,0,0,0,0,-99
2016,13,2,1,1,0,3,-99,-99,0,0,0,0,-99
2016,13,3,1,1,0,3,-99,-99,0,0,0,0,-99
2016,13,4,1,1,0,3,-99,-99,0,0,0,0,-99
2016,13,5,1,1,0,3,-99,-99,0,0,0,0,-99
2016,13,6,1,1,0,3,-99,-99,0,0,0,0,-99
2016,13,7,0,1,0,3,-99,-99,0,0,1,0.03,-99
2016,13,8,0,1,0,3,-99,-99,0,0,0,0,-99
2016,14,1,1,0,1,2,-99,-99,0,0,1,0.23,-99
2016,14,2,1,0,1,2,-99,-99,0,0,5,1.04,-99
2016,14,3,1,0,1,2,-99,-99,0,0,7,1.03,-99
2016,14,4,1,0,1,2,-99,-99,0,0,0,0,-99
2016,14,5,1,0,1,2,-99,-99,0,0,0,0,-99
2016,14,6,1,0,1,2,-99,-99,0,0,2,0.41,-99
2016,14,7,0,0,1,2,-99,-99,3,0.27,0,0,-99
2016,14,8,0,0,1,2,-99,-99,0,0,0,0,-99
2016,15,1,1,1,1,4,-99,-99,0,0,0,0,-99
2016,15,2,1,1,1,4,-99,-99,0,0,0,0,-99
2016,15,3,1,1,1,4,-99,-99,0,0,0,0,-99
2016,15,4,1,1,1,4,-99,-99,0,0,2,0.68,-99
2016,15,5,1,1,1,4,-99,-99,0,0,0,0,-99
2016,15,6,1,1,1,4,-99,-99,0,0,0,0,-99
2016,15,7,0,1,1,4,-99,-99,0,0,0,0,-99
2016,15,8,0,1,1,4,-99,-99,0,0,0,0,-99
2016,16,1,1,0,0,1,-99,-99,0,0,0,0,-99
2016,16,2,1,0,0,1,-99,-99,0,0,0,0,-99
2016,16,3,1,0,0,1,-99,-99,0,0,0,0,-99
2016,16,4,1,0,0,1,-99,-99,0,0,0,0,-99
2016,16,5,1,0,0,1,-99,-99,0,0,0,0,-99
2016,16,6,1,0,0,1,-99,-99,0,0,0,0,-99
2016,16,7,0,0,0,1,-99,-99,0,0,0,0,-99
2016,16,8,0,0,0,1,-99,-99,0,0,1,0.01,-99
2016,17,1,1,0,0,1,-99,-99,0,0,0,0,-99
2016,17,2,1,0,0,1,-99,-99,0,0,0,0,-99
2016,17,3,1,0,0,1,-99,-99,0,0,1,0.07,-99
2016,17,4,1,0,0,1,-99,-99,0,0,2,0.59,-99
2016,17,5,1,0,0,1,-99,-99,0,0,0,0,-99
2016,17,6,1,0,0,1,-99,-99,0,0,2,0.25,-99
2016,17,7,0,0,0,1,-99,-99,1,0.01,0,0,-99
2016,17,8,0,0,0,1,-99,-99,0,0,0,0,-99
2016,18,1,1,1,1,4,-99,-99,0,0,6,1.01,-99
2016,18,2,1,1,1,4,-99,-99,0,0,1,0.21,-99
2016,18,3,1,1,1,4,-99,-99,0,0,1,0.1,-99
2016,18,4,1,1,1,4,-99,-99,0,0,0,0,-99
2016,18,5,1,1,1,4,-99,-99,0,0,1,0.23,-99
2016,18,6,1,1,1,4,-99,-99,0,0,0,0,-99
2016,18,7,0,1,1,4,-99,-99,0,0,0,0,-99
2016,18,8,0,1,1,4,-99,-99,0,0,0,0,-99
2016,19,1,1,1,0,3,-99,-99,0,0,0,0,-99
2016,19,2,1,1,0,3,-99,-99,0,0,0,0,-99
2016,19,3,1,1,0,3,-99,-99,0,0,0,0,-99
2016,19,4,1,1,0,3,-99,-99,0,0,0,0,-99
2016,19,5,1,1,0,3,-99,-99,0,0,0,0,-99
2016,19,6,1,1,0,3,-99,-99,0,0,0,0,-99
2016,19,7,0,1,0,3,-99,-99,0,0,0,0,-99
2016,19,8,0,1,0,3,-99,-99,0,0,0,0,-99
2016,20,1,1,0,1,2,-99,-99,0,0,0,0,-99
2016,20,2,1,0,1,2,-99,-99,0,0,1,0.26,-99
2016,20,3,1,0,1,2,-99,-99,0,0,1,0.35,-99
2016,20,4,1,0,1,2,-99,-99,0,0,0,0,-99
2016,20,5,1,0,1,2,-99,-99,0,0,1,0.07,-99
2016,20,6,1,0,1,2,-99,-99,0,0,1,0.18,-99
2016,20,7,0,0,1,2,-99,-99,2,0.28,0,0,-99
2016,20,8,0,0,1,2,-99,-99,5,0.88,0,0,-99
2017,1,1,1,1,1,4,1,0.72,0,0,0,0,-99
2017,1,2,1,1,1,4,0,0,0,0,1,0.18,-99
2017,1,3,1,1,1,4,2,2.98,0,0,0,0,-99
2017,1,4,1,1,1,4,1,0.62,0,0,2,0.44,-99
2017,1,5,1,1,1,4,3,4.1,0,0,0,0,-99
2017,1,6,1,1,1,4,2,2.37,0,0,0,0,-99
2017,1,7,0,1,1,4,1,0.45,0,0,1,0.08,-99
2017,1,8,0,1,1,4,0,0,0,0,0,0,-99
2017,2,1,1,0,0,1,2,2.39,0,0,0,0,-99
2017,2,2,1,0,0,1,0,0,0,0,0,0,-99
2017,2,3,1,0,0,1,1,1.44,0,0,0,0,-99
2017,2,4,1,0,0,1,0,0,0,0,0,0,-99
2017,2,5,1,0,0,1,0,0,0,0,0,0,-99
2017,2,6,1,0,0,1,0,0,0,0,1,0.04,-99
2017,2,7,0,0,0,1,1,1.2,0,0,0,0,-99
2017,2,8,0,0,0,1,2,2.89,0,0,0,0,-99
2017,3,1,1,1,0,3,2,2.03,0,0,0,0,-99
2017,3,2,1,1,0,3,2,1.94,0,0,0,0,-99
2017,3,3,1,1,0,3,2,2.57,0,0,0,0,-99
2017,3,4,1,1,0,3,4,4.72,0,0,0,0,-99
2017,3,5,1,1,0,3,1,1.18,0,0,0,0,-99
2017,3,6,1,1,0,3,4,4.06,0,0,0,0,-99
2017,3,7,0,1,0,3,0,0,0,0,0,0,-99
2017,3,8,0,1,0,3,1,2.11,0,0,0,0,-99
2017,4,1,1,0,1,2,3,3.72,0,0,2,0.52,-99
2017,4,2,1,0,1,2,0,0,0,0,0,0,-99
2017,4,3,1,0,1,2,1,1.3,0,0,0,0,-99
2017,4,4,1,0,1,2,3,2.68,0,0,3,0.37,-99
2017,4,5,1,0,1,2,1,1.23,0,0,0,0,-99
2017,4,6,1,0,1,2,1,1.09,0,0,0,0,-99
2017,4,7,0,0,1,2,1,1.44,0,0,0,0,-99
2017,4,8,0,0,1,2,0,0,0,0,0,0,-99
2017,5,1,1,1,1,4,1,0.79,0,0,0,0,-99
2017,5,2,1,1,1,4,7,8.69,0,0,0,0,-99
2017,5,3,1,1,1,4,0,0,0,0,0,0,-99
2017,5,4,1,1,1,4,2,2.28,0,0,0,0,-99
2017,5,5,1,1,1,4,4,4.12,0,0,0,0,-99
2017,5,6,1,1,1,4,3,2.62,0,0,0,0,-99
2017,5,7,0,1,1,4,3,3.13,0,0,0,0,-99
2017,5,8,0,1,1,4,1,1.05,0,0,0,0,-99
2017,6,1,1,0,0,1,2,4.65,0,0,0,0,-99
2017,6,2,1,0,0,1,1,1.34,0,0,0,0,-99
2017,6,3,1,0,0,1,3,3.68,0,0,0,0,-99
2017,6,4,1,0,0,1,1,0.29,0,0,0,0,-99
2017,6,5,1,0,0,1,1,1.24,0,0,0,0,-99
2017,6,6,1,0,0,1,0,0,0,0,0,0,-99
2017,6,7,0,0,0,1,2,2.92,0,0,0,0,-99
2017,6,8,0,0,0,1,2,3.2,0,0,0,0,-99
2017,7,1,1,0,0,1,4,2.58,0,0,1,0.26,-99
2017,7,2,1,0,0,1,0,0,0,0,0,0,-99
2017,7,3,1,0,0,1,0,0,0,0,0,0,-99
2017,7,4,1,0,0,1,1,1.14,0,0,0,0,-99
2017,7,5,1,0,0,1,0,0,0,0,0,0,-99
2017,7,6,1,0,0,1,1,0.77,0,0,0,0,-99
2017,7,7,0,0,0,1,1,1.4,0,0,0,0,-99
2017,7,8,0,0,0,1,0,0,0,0,0,0,-99
2017,8,1,1,1,0,3,3,3.51,0,0,0,0,-99
2017,8,2,1,1,0,3,4,4.81,0,0,0,0,-99
2017,8,3,1,1,0,3,3,1.49,0,0,0,0,-99
2017,8,4,1,1,0,3,3,2.91,0,0,0,0,-99
2017,8,5,1,1,0,3,2,2.19,0,0,0,0,-99
2017,8,6,1,1,0,3,3,3.59,0,0,0,0,-99
2017,8,7,0,1,0,3,3,2.29,0,0,0,0,-99
2017,8,8,0,1,0,3,1,0.67,0,0,0,0,-99
2017,9,1,1,1,0,3,1,1.87,0,0,0,0,-99
2017,9,2,1,1,0,3,1,1.86,0,0,0,0,-99
2017,9,3,1,1,0,3,1,1.02,0,0,0,0,-99
2017,9,4,1,1,0,3,1,0.9,0,0,0,0,-99
2017,9,5,1,1,0,3,0,0,0,0,0,0,-99
2017,9,6,1,1,0,3,1,1.34,0,0,0,0,-99
2017,9,7,0,1,0,3,1,1.25,0,0,0,0,-99
2017,9,8,0,1,0,3,1,0.66,0,0,0,0,-99
2017,10,1,1,0,1,2,2,1.38,0,0,4,0.74,-99
2017,10,2,1,0,1,2,0,0,0,0,9,2.07,-99
2017,10,3,1,0,1,2,1,1.08,0,0,3,0.89,-99
2017,10,4,1,0,1,2,1,1.44,0,0,5,1.02,-99
2017,10,5,1,0,1,2,1,0.74,0,0,7,2.02,-99
2017,10,6,1,0,1,2,1,1.45,0,0,2,0.58,-99
2017,10,7,0,0,1,2,2,2.49,0,0,0,0,-99
2017,10,8,0,0,1,2,2,1.2,0,0,0,0,-99
2017,11,1,1,0,1,2,4,3.41,0,0,0,0,-99
2017,11,2,1,0,1,2,1,0.4,0,0,1,0.02,-99
2017,11,3,1,0,1,2,0,0,0,0,0,0,-99
2017,11,4,1,0,1,2,1,0.88,0,0,2,0.5,-99
2017,11,5,1,0,1,2,7,7.5,0,0,2,0.44,-99
2017,11,6,1,0,1,2,3,1.99,0,0,0,0,-99
2017,11,7,0,0,1,2,1,0.94,0,0,0,0,-99
2017,11,8,0,0,1,2,3,2.76,0,0,0,0,-99
2017,12,1,1,1,1,4,1,1.48,0,0,0,0,-99
2017,12,2,1,1,1,4,2,2.21,0,0,1,0.37,-99
2017,12,3,1,1,1,4,4,5.67,0,0,0,0,-99
2017,12,4,1,1,1,4,2,1.02,0,0,0,0,-99
2017,12,5,1,1,1,4,7,10.38,0,0,0,0,-99
2017,12,6,1,1,1,4,2,1.75,0,0,0,0,-99
2017,12,7,0,1,1,4,5,3.58,0,0,0,0,-99
2017,12,8,0,1,1,4,1,0.3,0,0,0,0,-99
2017,13,1,1,1,0,3,2,2.4,0,0,0,0,-99
2017,13,2,1,1,0,3,3,3.83,0,0,0,0,-99
2017,13,3,1,1,0,3,3,3.84,0,0,0,0,-99
2017,13,4,1,1,0,3,4,1.8,0,0,0,0,-99
2017,13,5,1,1,0,3,3,4.54,0,0,0,0,-99
2017,13,6,1,1,0,3,2,2.53,0,0,0,0,-99
2017,13,7,0,1,0,3,2,2.36,0,0,0,0,-99
2017,13,8,0,1,0,3,2,2.09,0,0,0,0,-99
2017,14,1,1,0,1,2,2,1.45,0,0,2,0.28,-99
2017,14,2,1,0,1,2,0,0,0,0,0,0,-99
2017,14,3,1,0,1,2,1,0.62,0,0,7,1.16,-99
2017,14,4,1,0,1,2,1,0.75,0,0,1,0.13,-99
2017,14,5,1,0,1,2,2,1.82,0,0,2,0.65,-99
2017,14,6,1,0,1,2,0,0,0,0,11,2.15,-99
2017,14,7,0,0,1,2,2,1.96,0,0,1,0.28,-99
2017,14,8,0,0,1,2,0,0,1,0.06,1,0.05,-99
2017,15,1,1,1,1,4,0,0,0,0,1,0.42,-99
2017,15,2,1,1,1,4,2,1.55,0,0,0,0,-99
2017,15,3,1,1,1,4,2,2.39,0,0,0,0,-99
2017,15,4,1,1,1,4,5,3.89,0,0,0,0,-99
2017,15,5,1,1,1,4,3,3.2,0,0,1,0.42,-99
2017,15,6,1,1,1,4,5,6.56,0,0,0,0,-99
2017,15,7,0,1,1,4,2,3.47,0,0,0,0,-99
2017,15,8,0,1,1,4,2,2.14,0,0,0,0,-99
2017,16,1,1,0,0,1,3,3.33,0,0,0,0,-99
2017,16,2,1,0,0,1,1,1.2,0,0,0,0,-99
2017,16,3,1,0,0,1,2,2.69,0,0,0,0,-99
2017,16,4,1,0,0,1,2,1.05,0,0,0,0,-99
2017,16,5,1,0,0,1,2,2.17,0,0,0,0,-99
2017,16,6,1,0,0,1,1,1.57,0,0,0,0,-99
2017,16,7,0,0,0,1,0,0,0,0,0,0,-99
2017,16,8,0,0,0,1,3,3.61,0,0,0,0,-99
2017,17,1,1,0,0,1,1,0.8,0,0,0,0,-99
2017,17,2,1,0,0,1,2,0.75,0,0,4,0.77,-99
2017,17,3,1,0,0,1,2,3.45,0,0,0,0,-99
2017,17,4,1,0,0,1,4,3.78,0,0,1,0.05,-99
2017,17,5,1,0,0,1,1,1.22,0,0,1,0.22,-99
2017,17,6,1,0,0,1,1,1.23,0,0,2,0.33,-99
2017,17,7,0,0,0,1,2,2.98,0,0,0,0,-99
2017,17,8,0,0,0,1,1,1.45,1,0.14,0,0,-99
2017,18,1,1,1,1,4,0,0,0,0,1,0.27,-99
2017,18,2,1,1,1,4,1,0.9,0,0,1,0.03,-99
2017,18,3,1,1,1,4,3,1.78,0,0,0,0,-99
2017,18,4,1,1,1,4,2,1.97,0,0,2,0.51,-99
2017,18,5,1,1,1,4,2,2.61,0,0,0,0,-99
2017,18,6,1,1,1,4,1,1.38,0,0,0,0,-99
2017,18,7,0,1,1,4,1,0.59,0,0,0,0,-99
2017,18,8,0,1,1,4,1,1.23,0,0,0,0,-99
2017,19,1,1,1,0,3,1,0.69,0,0,0,0,-99
2017,19,2,1,1,0,3,3,3.39,0,0,0,0,-99
2017,19,3,1,1,0,3,1,1.13,0,0,0,0,-99
2017,19,4,1,1,0,3,5,6.14,0,0,0,0,-99
2017,19,5,1,1,0,3,2,2.28,0,0,0,0,-99
2017,19,6,1,1,0,3,1,0.67,0,0,0,0,-99
2017,19,7,0,1,0,3,1,0.13,0,0,0,0,-99
2017,19,8,0,1,0,3,0,0,0,0,0,0,-99
2017,20,1,1,0,1,2,2,1.83,0,0,0,0,-99
2017,20,2,1,0,1,2,1,1.02,0,0,2,1.01,-99
2017,20,3,1,0,1,2,0,0,0,0,0,0,-99
2017,20,4,1,0,1,2,2,1.72,0,0,0,0,-99
2017,20,5,1,0,1,2,4,2.73,0,0,2,0.17,-99
2017,20,6,1,0,1,2,1,1.41,0,0,1,0.08,-99
2017,20,7,0,0,1,2,0,0,6,0.37,2,0.27,-99
2017,20,8,0,0,1,2,0,0,0,0,0,0,-99
2018,1,1,1,1,1,4,5,4.65,0,0,0,0,-99
2018,1,2,1,1,1,4,3,3.45,0,0,0,0,-99
2018,1,3,1,1,1,4,0,0,0,0,1,0.24,-99
2018,1,4,1,1,1,4,4,4.79,0,0,0,0,-99
2018,1,5,1,1,1,4,3,3.13,0,0,0,0,-99
2018,1,6,1,1,1,4,4,3.75,0,0,0,0,-99
2018,1,7,0,1,1,4,1,1.08,0,0,0,0,-99
2018,1,8,0,1,1,4,1,0.37,0,0,0,0,-99
2018,2,1,1,0,0,1,7,5.92,0,0,0,0,-99
2018,2,2,1,0,0,1,1,0.19,0,0,0,0,-99
2018,2,3,1,0,0,1,3,2.66,0,0,0,0,-99
2018,2,4,1,0,0,1,2,1.58,0,0,0,0,-99
2018,2,5,1,0,0,1,3,2.65,0,0,1,0.55,-99
2018,2,6,1,0,0,1,3,2.89,0,0,0,0,-99
2018,2,7,0,0,0,1,2,2.95,0,0,0,0,-99
2018,2,8,0,0,0,1,3,3.91,0,0,0,0,-99
2018,3,1,1,1,0,3,1,1.14,0,0,0,0,-99
2018,3,2,1,1,0,3,2,1.52,0,0,0,0,-99
2018,3,3,1,1,0,3,3,2.55,0,0,0,0,-99
2018,3,4,1,1,0,3,3,3.91,0,0,0,0,-99
2018,3,5,1,1,0,3,0,0,0,0,0,0,-99
2018,3,6,1,1,0,3,2,0.94,0,0,0,0,-99
2018,3,7,0,1,0,3,3,3.65,0,0,0,0,-99
2018,3,8,0,1,0,3,2,1.15,0,0,0,0,-99
2018,4,1,1,0,1,2,1,0.37,0,0,0,0,-99
2018,4,2,1,0,1,2,3,2.37,0,0,0,0,-99
2018,4,3,1,0,1,2,2,2.85,0,0,0,0,-99
2018,4,4,1,0,1,2,4,3.49,0,0,0,0,-99
2018,4,5,1,0,1,2,0,0,0,0,3,0.57,-99
2018,4,6,1,0,1,2,2,1.87,0,0,3,0.56,-99
2018,4,7,0,0,1,2,1,1.07,0,0,0,0,-99
2018,4,8,0,0,1,2,2,1.69,0,0,0,0,-99
2018,5,1,1,1,1,4,5,5.03,0,0,0,0,-99
2018,5,2,1,1,1,4,4,3.63,0,0,0,0,-99
2018,5,3,1,1,1,4,4,5.99,0,0,0,0,-99
2018,5,4,1,1,1,4,3,2.14,0,0,0,0,-99
2018,5,5,1,1,1,4,6,5.12,0,0,0,0,-99
2018,5,6,1,1,1,4,4,3.62,0,0,0,0,-99
2018,5,7,0,1,1,4,3,1.58,0,0,0,0,-99
2018,5,8,0,1,1,4,4,2.31,0,0,0,0,-99
2018,6,1,1,0,0,1,5,5.4,0,0,0,0,-99
2018,6,2,1,0,0,1,5,4.45,0,0,0,0,-99
2018,6,3,1,0,0,1,1,0.3,0,0,0,0,-99
2018,6,4,1,0,0,1,2,1.67,0,0,0,0,-99
2018,6,5,1,0,0,1,1,0.42,0,0,0,0,-99
2018,6,6,1,0,0,1,5,4.9,0,0,0,0,-99
2018,6,7,0,0,0,1,0,0,0,0,0,0,-99
2018,6,8,0,0,0,1,1,1.13,0,0,0,0,-99
2018,7,1,1,0,0,1,2,1.36,0,0,0,0,-99
2018,7,2,1,0,0,1,3,3.8,1,0.13,1,0.1,-99
2018,7,3,1,0,0,1,0,0,0,0,0,0,-99
2018,7,4,1,0,0,1,3,3.42,0,0,0,0,-99
2018,7,5,1,0,0,1,0,0,0,0,1,0.35,-99
2018,7,6,1,0,0,1,2,1.52,0,0,0,0,-99
2018,7,7,0,0,0,1,1,0.96,0,0,1,0.09,-99
2018,7,8,0,0,0,1,1,0.71,0,0,0,0,-99
2018,8,1,1,1,0,3,7,5.93,0,0,0,0,-99
2018,8,2,1,1,0,3,2,2.12,0,0,0,0,-99
2018,8,3,1,1,0,3,1,0.75,0,0,0,0,-99
2018,8,4,1,1,0,3,0,0,0,0,0,0,-99
2018,8,5,1,1,0,3,2,1.91,0,0,0,0,-99
2018,8,6,1,1,0,3,4,4.01,0,0,0,0,-99
2018,8,7,0,1,0,3,1,1.69,0,0,0,0,-99
2018,8,8,0,1,0,3,2,1.39,0,0,0,0,-99
2018,9,1,1,1,0,3,5,5.14,0,0,0,0,-99
2018,9,2,1,1,0,3,4,3.17,0,0,0,0,-99
2018,9,3,1,1,0,3,3,2.28,0,0,0,0,-99
2018,9,4,1,1,0,3,2,0.89,0,0,0,0,-99
2018,9,5,1,1,0,3,6,3.73,0,0,0,0,-99
2018,9,6,1,1,0,3,1,0.78,0,0,0,0,-99
2018,9,7,0,1,0,3,1,0.68,0,0,0,0,-99
2018,9,8,0,1,0,3,0,0,0,0,0,0,-99
2018,10,1,1,0,1,2,2,1.96,0,0,1,0.02,-99
2018,10,2,1,0,1,2,1,0.69,0,0,2,0.16,-99
2018,10,3,1,0,1,2,2,2.43,0,0,2,0.29,-99
2018,10,4,1,0,1,2,2,1.9,0,0,2,0.16,-99
2018,10,5,1,0,1,2,7,8.87,0,0,4,0.52,-99
2018,10,6,1,0,1,2,2,1.37,0,0,2,0.23,-99
2018,10,7,0,0,1,2,2,1.46,0,0,0,0,-99
2018,10,8,0,0,1,2,4,4.27,0,0,2,0.22,-99
2018,11,1,1,0,1,2,0,0,0,0,0,0,-99
2018,11,2,1,0,1,2,0,0,0,0,0,0,-99
2018,11,3,1,0,1,2,1,0.73,0,0,3,0.55,-99
2018,11,4,1,0,1,2,0,0,0,0,1,0.13,-99
2018,11,5,1,0,1,2,3,1.66,0,0,10,2.53,-99
2018,11,6,1,0,1,2,5,3.39,0,0,6,0.49,-99
2018,11,7,0,0,1,2,2,0.78,0,0,0,0,-99
2018,11,8,0,0,1,2,3,2.86,0,0,0,0,-99
2018,12,1,1,1,1,4,3,2.85,0,0,0,0,-99
2018,12,2,1,1,1,4,5,4.69,0,0,3,0.28,-99
2018,12,3,1,1,1,4,6,7.65,0,0,1,0.14,-99
2018,12,4,1,1,1,4,9,7.85,0,0,0,0,-99
2018,12,5,1,1,1,4,9,8.22,0,0,0,0,-99
2018,12,6,1,1,1,4,6,6.99,0,0,0,0,-99
2018,12,7,0,1,1,4,1,0.92,0,0,0,0,-99
2018,12,8,0,1,1,4,1,0.34,0,0,0,0,-99
2018,13,1,1,1,0,3,4,1.99,0,0,0,0,-99
2018,13,2,1,1,0,3,1,0.56,0,0,0,0,-99
2018,13,3,1,1,0,3,2,2.05,0,0,0,0,-99
2018,13,4,1,1,0,3,2,2.2,0,0,0,0,-99
2018,13,5,1,1,0,3,6,4.82,0,0,0,0,-99
2018,13,6,1,1,0,3,4,2.12,0,0,0,0,-99
2018,13,7,0,1,0,3,1,0.46,0,0,0,0,-99
2018,13,8,0,1,0,3,1,0.15,0,0,0,0,-99
2018,14,1,1,0,1,2,4,1.24,0,0,8,1.2,-99
2018,14,2,1,0,1,2,7,4.35,0,0,10,1.55,-99
2018,14,3,1,0,1,2,2,0.87,0,0,5,0.78,-99
2018,14,4,1,0,1,2,2,0.32,0,0,2,0.32,-99
2018,14,5,1,0,1,2,1,0.6,0,0,1,0.01,-99
2018,14,6,1,0,1,2,7,4.35,0,0,8,1.8,-99
2018,14,7,0,0,1,2,0,0,3,0.2,0,0,-99
2018,14,8,0,0,1,2,4,2.97,1,0.2,0,0,-99
2018,15,1,1,1,1,4,5,5.17,0,0,1,0.09,-99
2018,15,2,1,1,1,4,1,1.63,0,0,0,0,-99
2018,15,3,1,1,1,4,0,0,0,0,1,0.18,-99
2018,15,4,1,1,1,4,1,1.31,0,0,0,0,-99
2018,15,5,1,1,1,4,1,0.85,0,0,0,0,-99
2018,15,6,1,1,1,4,3,2.05,0,0,0,0,-99
2018,15,7,0,1,1,4,2,1.54,0,0,0,0,-99
2018,15,8,0,1,1,4,1,1.17,0,0,0,0,-99
2018,16,1,1,0,0,1,4,2.63,0,0,0,0,-99
2018,16,2,1,0,0,1,2,2.46,0,0,0,0,-99
2018,16,3,1,0,0,1,5,5.76,0,0,0,0,-99
2018,16,4,1,0,0,1,6,2.9,0,0,0,0,-99
2018,16,5,1,0,0,1,1,1.29,0,0,0,0,-99
2018,16,6,1,0,0,1,3,2.41,0,0,0,0,-99
2018,16,7,0,0,0,1,1,1.15,0,0,0,0,-99
2018,16,8,0,0,0,1,0,0,0,0,0,0,-99
2018,17,1,1,0,0,1,2,1.03,0,0,0,0,-99
2018,17,2,1,0,0,1,2,1.19,0,0,3,0.29,-99
2018,17,3,1,0,0,1,1,1.3,0,0,0,0,-99
2018,17,4,1,0,0,1,3,2.09,0,0,0,0,-99
2018,17,5,1,0,0,1,4,3.1,0,0,2,0.28,-99
2018,17,6,1,0,0,1,2,1.7,0,0,0,0,-99
2018,17,7,0,0,0,1,1,1.31,0,0,1,0.001,-99
2018,17,8,0,0,0,1,1,1.09,0,0,0,0,-99
2018,18,1,1,1,1,4,1,1.12,0,0,0,0,-99
2018,18,2,1,1,1,4,5,8.36,0,0,0,0,-99
2018,18,3,1,1,1,4,1,0.5,0,0,0,0,-99
2018,18,4,1,1,1,4,2,3.11,0,0,1,0.05,-99
2018,18,5,1,1,1,4,4,4.88,0,0,0,0,-99
2018,18,6,1,1,1,4,3,3.8,0,0,1,0.32,-99
2018,18,7,0,1,1,4,1,0.41,0,0,0,0,-99
2018,18,8,0,1,1,4,1,0.61,0,0,0,0,-99
2018,19,1,1,1,0,3,2,0.61,0,0,0,0,-99
2018,19,2,1,1,0,3,0,0,0,0,0,0,-99
2018,19,3,1,1,0,3,3,2.76,0,0,0,0,-99
2018,19,4,1,1,0,3,1,0.16,0,0,0,0,-99
2018,19,5,1,1,0,3,2,1.01,0,0,0,0,-99
2018,19,6,1,1,0,3,3,2.93,0,0,0,0,-99
2018,19,7,0,1,0,3,2,2.08,0,0,0,0,-99
2018,19,8,0,1,0,3,1,1.15,0,0,0,0,-99
2018,20,1,1,0,1,2,2,1.22,0,0,0,0,-99
2018,20,2,1,0,1,2,2,1.59,0,0,2,0.98,-99
2018,20,3,1,0,1,2,3,3.15,0,0,0,0,-99
2018,20,4,1,0,1,2,2,0.84,0,0,0,0,-99
2018,20,5,1,0,1,2,5,4.98,0,0,2,0.86,-99
2018,20,6,1,0,1,2,1,1.25,0,0,0,0,-99
2018,20,7,0,0,1,2,1,0.25,0,0,0,0,-99
2018,20,8,0,0,1,2,1,0.26,2,0.39,0,0,-99
2019,1,1,1,1,1,4,0,0,0,0,0,0,-99
2019,1,2,1,1,1,4,0,0,0,0,2,0.32,-99
2019,1,3,1,1,1,4,5,7.18,0,0,1,0.07,-99
2019,1,4,1,1,1,4,0,0,0,0,0,0,-99
2019,1,5,1,1,1,4,1,0.69,0,0,0,0,-99
2019,1,6,1,1,1,4,1,2.37,0,0,0,0,-99
2019,1,7,0,1,1,4,0,0,0,0,0,0,-99
2019,1,8,0,1,1,4,3,2.39,0,0,0,0,-99
2019,2,1,1,0,0,1,3,3.36,0,0,0,0,-99
2019,2,2,1,0,0,1,1,0.88,0,0,0,0,-99
2019,2,3,1,0,0,1,1,1.42,0,0,0,0,-99
2019,2,4,1,0,0,1,2,0.64,0,0,0,0,-99
2019,2,5,1,0,0,1,1,1.05,0,0,0,0,-99
2019,2,6,1,0,0,1,3,2.85,0,0,0,0,-99
2019,2,7,0,0,0,1,0,0,0,0,0,0,-99
2019,2,8,0,0,0,1,2,3.03,0,0,0,0,-99
2019,3,1,1,1,0,3,2,3.6,0,0,0,0,-99
2019,3,2,1,1,0,3,4,4.35,0,0,0,0,-99
2019,3,3,1,1,0,3,0,0,0,0,0,0,-99
2019,3,4,1,1,0,3,2,1.96,0,0,0,0,-99
2019,3,5,1,1,0,3,1,0.7,0,0,0,0,-99
2019,3,6,1,1,0,3,1,1.82,0,0,0,0,-99
2019,3,7,0,1,0,3,2,1.84,0,0,0,0,-99
2019,3,8,0,1,0,3,0,0,0,0,0,0,-99
2019,4,1,1,0,1,2,2,1.6,0,0,4,0.59,-99
2019,4,2,1,0,1,2,2,1.2,0,0,2,0.32,-99
2019,4,3,1,0,1,2,2,2.45,0,0,1,0.6,-99
2019,4,4,1,0,1,2,1,0.86,0,0,0,0,-99
2019,4,5,1,0,1,2,3,3.54,0,0,0,0,-99
2019,4,6,1,0,1,2,1,1.05,0,0,0,0,-99
2019,4,7,0,0,1,2,1,0.7,0,0,0,0,-99
2019,4,8,0,0,1,2,4,3.09,0,0,0,0,-99
2019,5,1,1,1,1,4,0,0,0,0,0,0,-99
2019,5,2,1,1,1,4,3,4.39,0,0,0,0,-99
2019,5,3,1,1,1,4,6,11.66,0,0,0,0,-99
2019,5,4,1,1,1,4,2,3.08,0,0,0,0,-99
2019,5,5,1,1,1,4,0,0,0,0,0,0,-99
2019,5,6,1,1,1,4,1,0.54,0,0,0,0,-99
2019,5,7,0,1,1,4,3,4.14,0,0,0,0,-99
2019,5,8,0,1,1,4,2,1.9,0,0,0,0,-99
2019,6,1,1,0,0,1,3,5.02,0,0,0,0,-99
2019,6,2,1,0,0,1,2,2.96,0,0,0,0,-99
2019,6,3,1,0,0,1,4,6.58,0,0,0,0,-99
2019,6,4,1,0,0,1,1,1.4,0,0,0,0,-99
2019,6,5,1,0,0,1,3,4.57,0,0,0,0,-99
2019,6,6,1,0,0,1,4,6.62,0,0,0,0,-99
2019,6,7,0,0,0,1,3,3.28,0,0,0,0,-99
2019,6,8,0,0,0,1,3,3.3,0,0,0,0,-99
2019,7,1,1,0,0,1,0,0,0,0,0,0,-99
2019,7,2,1,0,0,1,1,0.88,0,0,0,0,-99
2019,7,3,1,0,0,1,3,4.38,0,0,1,0.28,-99
2019,7,4,1,0,0,1,3,2.86,0,0,0,0,-99
2019,7,5,1,0,0,1,0,0,0,0,0,0,-99
2019,7,6,1,0,0,1,1,1.11,0,0,0,0,-99
2019,7,7,0,0,0,1,2,2.66,0,0,0,0,-99
2019,7,8,0,0,0,1,3,3.55,0,0,0,0,-99
2019,8,1,1,1,0,3,0,0,0,0,0,0,-99
2019,8,2,1,1,0,3,1,0.31,0,0,0,0,-99
2019,8,3,1,1,0,3,1,0.49,0,0,0,0,-99
2019,8,4,1,1,0,3,1,0.67,0,0,0,0,-99
2019,8,5,1,1,0,3,3,4.76,0,0,0,0,-99
2019,8,6,1,1,0,3,1,1.35,0,0,0,0,-99
2019,8,7,0,1,0,3,4,4.68,0,0,0,0,-99
2019,8,8,0,1,0,3,4,5.93,0,0,0,0,-99
2019,9,1,1,1,0,3,3,2.16,0,0,0,0,-99
2019,9,2,1,1,0,3,3,1.44,0,0,0,0,-99
2019,9,3,1,1,0,3,0,0,0,0,0,0,-99
2019,9,4,1,1,0,3,2,0.85,0,0,0,0,-99
2019,9,5,1,1,0,3,2,1.65,0,0,0,0,-99
2019,9,6,1,1,0,3,0,0,0,0,0,0,-99
2019,9,7,0,1,0,3,2,1.26,0,0,0,0,-99
2019,9,8,0,1,0,3,0,0,0,0,0,0,-99
2019,10,1,1,0,1,2,3,2.96,0,0,0,0,-99
2019,10,2,1,0,1,2,2,3.34,0,0,1,0.09,-99
2019,10,3,1,0,1,2,2,1.13,0,0,1,0.22,-99
2019,10,4,1,0,1,2,2,1.79,0,0,1,0.01,-99
2019,10,5,1,0,1,2,1,2.09,0,0,1,0.01,-99
2019,10,6,1,0,1,2,3,4.17,0,0,0,0,-99
2019,10,7,0,0,1,2,1,1.34,0,0,0,0,-99
2019,10,8,0,0,1,2,3,3.04,0,0,0,0,-99
2019,11,1,1,0,1,2,0,0,0,0,0,0,-99
2019,11,2,1,0,1,2,0,0,0,0,0,0,-99
2019,11,3,1,0,1,2,1,0.94,0,0,0,0,-99
2019,11,4,1,0,1,2,4,2.1,0,0,1,0.08,-99
2019,11,5,1,0,1,2,2,1.29,0,0,2,0.26,-99
2019,11,6,1,0,1,2,2,0.66,0,0,0,0,-99
2019,11,7,0,0,1,2,3,2.44,0,0,0,0,-99
2019,11,8,0,0,1,2,4,2.73,0,0,0,0,-99
2019,12,1,1,1,1,4,2,3.36,0,0,0,0,-99
2019,12,2,1,1,1,4,2,1.89,0,0,0,0,-99
2019,12,3,1,1,1,4,3,4.74,0,0,2,0.09,-99
2019,12,4,1,1,1,4,2,1.82,0,0,0,0,-99
2019,12,5,1,1,1,4,2,2.53,0,0,0,0,-99
2019,12,6,1,1,1,4,5,3.9,0,0,0,0,-99
2019,12,7,0,1,1,4,2,0.97,0,0,0,0,-99
2019,12,8,0,1,1,4,7,4.43,0,0,0,0,-99
2019,13,1,1,1,0,3,0,0,0,0,0,0,-99
2019,13,2,1,1,0,3,1,0.95,0,0,0,0,-99
2019,13,3,1,1,0,3,3,3.54,0,0,0,0,-99
2019,13,4,1,1,0,3,2,1.55,0,0,0,0,-99
2019,13,5,1,1,0,3,2,2.13,0,0,0,0,-99
2019,13,6,1,1,0,3,4,3.83,0,0,0,0,-99
2019,13,7,0,1,0,3,0,0,0,0,0,0,-99
2019,13,8,0,1,0,3,1,1.04,0,0,0,0,-99
2019,14,1,1,0,1,2,1,0.94,0,0,1,0.17,-99
2019,14,2,1,0,1,2,0,0,0,0,5,0.69,-99
2019,14,3,1,0,1,2,2,2.98,0,0,1,0.16,-99
2019,14,4,1,0,1,2,1,0.7,0,0,0,0,-99
2019,14,5,1,0,1,2,2,1.49,0,0,0,0,-99
2019,14,6,1,0,1,2,6,0,0,0,4,0.66,-99
2019,14,7,0,0,1,2,0,0,6,1.04,0,0,-99
2019,14,8,0,0,1,2,2,1.56,4,1,0,0,-99
2019,15,1,1,1,1,4,6,6.1,0,0,0,0,-99
2019,15,2,1,1,1,4,1,0.9,0,0,1,0.13,-99
2019,15,3,1,1,1,4,5,7.92,0,0,0,0,-99
2019,15,4,1,1,1,4,0,0,0,0,0,0,-99
2019,15,5,1,1,1,4,3,3.92,0,0,0,0,-99
2019,15,6,1,1,1,4,3,3.06,0,0,0,0,-99
2019,15,7,0,1,1,4,0,0,0,0,0,0,-99
2019,15,8,0,1,1,4,1,0.62,0,0,0,0,-99
2019,16,1,1,0,0,1,4,3.63,0,0,0,0,-99
2019,16,2,1,0,0,1,3,3.68,0,0,0,0,-99
2019,16,3,1,0,0,1,1,1.64,0,0,0,0,-99
2019,16,4,1,0,0,1,3,4.36,0,0,0,0,-99
2019,16,5,1,0,0,1,3,4.36,0,0,0,0,-99
2019,16,6,1,0,0,1,5,6.6,0,0,0,0,-99
2019,16,7,0,0,0,1,2,3.35,0,0,0,0,-99
2019,16,8,0,0,0,1,0,0,0,0,0,0,-99
2019,17,1,1,0,0,1,2,1.02,0,0,0,0,-99
2019,17,2,1,0,0,1,2,1.34,0,0,0,0,-99
2019,17,3,1,0,0,1,0,0,0,0,0,0,-99
2019,17,4,1,0,0,1,1,1.4,0,0,0,0,-99
2019,17,5,1,0,0,1,1,0.91,0,0,0,0,-99
2019,17,6,1,0,0,1,0,0,0,0,1,0.16,-99
2019,17,7,0,0,0,1,2,1.98,12,1.3,2,0.33,-99
2019,17,8,0,0,0,1,1,1.52,0,0,0,0,-99
2019,18,1,1,1,1,4,2,1.66,0,0,0,0,-99
2019,18,2,1,1,1,4,1,0.22,0,0,0,0,-99
2019,18,3,1,1,1,4,8,15.61,0,0,0,0,-99
2019,18,4,1,1,1,4,1,1.39,0,0,0,0,-99
2019,18,5,1,1,1,4,1,0.59,0,0,0,0,-99
2019,18,6,1,1,1,4,1,1.42,0,0,0,0,-99
2019,18,7,0,1,1,4,1,1.34,0,0,0,0,-99
2019,18,8,0,1,1,4,0,0,0,0,0,0,-99
2019,19,1,1,1,0,3,1,1.15,0,0,0,0,-99
2019,19,2,1,1,0,3,2,1.42,0,0,0,0,-99
2019,19,3,1,1,0,3,3,2.25,0,0,0,0,-99
2019,19,4,1,1,0,3,0,0,0,0,0,0,-99
2019,19,5,1,1,0,3,2,2.48,0,0,0,0,-99
2019,19,6,1,1,0,3,6,3.65,0,0,0,0,-99
2019,19,7,0,1,0,3,0,0,0,0,0,0,-99
2019,19,8,0,1,0,3,2,1.56,0,0,0,0,-99
2019,20,1,1,0,1,2,3,3.3,0,0,1,0.06,-99
2019,20,2,1,0,1,2,2,1.72,0,0,1,0.13,-99
2019,20,3,1,0,1,2,1,1.19,0,0,0,0,-99
2019,20,4,1,0,1,2,1,1.77,0,0,0,0,-99
2019,20,5,1,0,1,2,2,2.96,0,0,0,0,-99
2019,20,6,1,0,1,2,3,1.93,0,0,0,0,-99
2019,20,7,0,0,1,2,0,0,0,0,1,0.06,-99
2019,20,8,0,0,1,2,1,1.93,5,0.61,0,0,-99
2020,1,1,1,1,1,4,1,1.597,0,0,0,0,-99
2020,1,2,1,1,1,4,2,1.759,0,0,0,0,-99
2020,1,3,1,1,1,4,4,4.375,0,0,0,0,-99
2020,1,4,1,1,1,4,6,8.446,0,0,0,0,-99
2020,1,5,1,1,1,4,2,3.97,0,0,0,0,-99
2020,1,6,1,1,1,4,0,0,0,0,0,0,-99
2020,1,7,0,1,1,4,3,5.266,0,0,0,0,-99
2020,1,8,0,1,1,4,1,0.51,0,0,0,0,-99
2020,2,1,1,0,0,1,2,2.156,0,0,0,0,-99
2020,2,2,1,0,0,1,2,1.818,0,0,0,0,-99
2020,2,3,1,0,0,1,0,0,0,0,0,0,-99
2020,2,4,1,0,0,1,3,3.507,0,0,0,0,-99
2020,2,5,1,0,0,1,1,0.885,0,0,1,0.083,-99
2020,2,6,1,0,0,1,1,0.518,0,0,0,0,-99
2020,2,7,0,0,0,1,3,3.62,0,0,0,0,-99
2020,2,8,0,0,0,1,2,1.07,0,0,0,0,-99
2020,3,1,1,1,0,3,4,6.148,0,0,0,0,-99
2020,3,2,1,1,0,3,1,0.978,0,0,0,0,-99
2020,3,3,1,1,0,3,4,6.372,0,0,0,0,-99
2020,3,4,1,1,0,3,6,4.556,0,0,0,0,-99
2020,3,5,1,1,0,3,5,7.884,0,0,0,0,-99
2020,3,6,1,1,0,3,3,1.78,0,0,0,0,-99
2020,3,7,0,1,0,3,1,0.831,0,0,0,0,-99
2020,3,8,0,1,0,3,0,0,0,0,0,0,-99
2020,4,1,1,0,1,2,2,1.931,0,0,1,0.227,-99
2020,4,2,1,0,1,2,0,0,0,0,0,0,-99
2020,4,3,1,0,1,2,0,0,0,0,0,0,-99
2020,4,4,1,0,1,2,2,1.28,0,0,0,0,-99
2020,4,5,1,0,1,2,5,4.957,0,0,0,0,-99
2020,4,6,1,0,1,2,3,3.309,0,0,0,0,-99
2020,4,7,0,0,1,2,2,2.08,0,0,0,0,-99
2020,4,8,0,0,1,2,1,0.413,0,0,0,0,-99
2020,5,1,1,1,1,4,5,7.799,0,0,0,0,-99
2020,5,2,1,1,1,4,4,3.281,0,0,0,0,-99
2020,5,3,1,1,1,4,3,2.846,0,0,0,0,-99
2020,5,4,1,1,1,4,2,1.852,0,0,0,0,-99
2020,5,5,1,1,1,4,4,3.59,0,0,0,0,-99
2020,5,6,1,1,1,4,1,1.398,0,0,0,0,-99
2020,5,7,0,1,1,4,2,2.48,0,0,0,0,-99
2020,5,8,0,1,1,4,3,3.491,0,0,0,0,-99
2020,6,1,1,0,0,1,2,2.512,0,0,0,0,-99
2020,6,2,1,0,0,1,0,0,0,0,0,0,-99
2020,6,3,1,0,0,1,0,0,0,0,0,0,-99
2020,6,4,1,0,0,1,1,1.68,0,0,0,0,-99
2020,6,5,1,0,0,1,1,0.759,0,0,0,0,-99
2020,6,6,1,0,0,1,7,5.664,0,0,0,0,-99
2020,6,7,0,0,0,1,1,1.508,0,0,0,0,-99
2020,6,8,0,0,0,1,0,0,0,0,0,0,-99
2020,7,1,1,0,0,1,3,3.248,0,0,0,0,-99
2020,7,2,1,0,0,1,2,3.105,0,0,0,0,-99
2020,7,3,1,0,0,1,0,0,0,0,0,0,-99
2020,7,4,1,0,0,1,3,1.768,0,0,2,0.104,-99
2020,7,5,1,0,0,1,2,0.839,0,0,0,0,-99
2020,7,6,1,0,0,1,3,3.763,0,0,0,0,-99
2020,7,7,0,0,0,1,4,5.075,0,0,3,0.315,-99
2020,7,8,0,0,0,1,1,0.565,0,0,2,0.142,-99
2020,8,1,1,1,0,3,0,0,0,0,0,0,-99
2020,8,2,1,1,0,3,2,1.819,0,0,0,0,-99
2020,8,3,1,1,0,3,1,0.666,0,0,0,0,-99
2020,8,4,1,1,0,3,3,2.976,0,0,0,0,-99
2020,8,5,1,1,0,3,3,3.98,0,0,0,0,-99
2020,8,6,1,1,0,3,1,1.066,0,0,0,0,-99
2020,8,7,0,1,0,3,2,2.123,0,0,0,0,-99
2020,8,8,0,1,0,3,0,0,0,0,0,0,-99
2020,9,1,1,1,0,3,3,3.54,0,0,0,0,-99
2020,9,2,1,1,0,3,1,0.905,0,0,0,0,-99
2020,9,3,1,1,0,3,1,0.76,0,0,0,0,-99
2020,9,4,1,1,0,3,3,2.025,0,0,0,0,-99
2020,9,5,1,1,0,3,1,0.631,0,0,0,0,-99
2020,9,6,1,1,0,3,3,2.556,0,0,0,0,-99
2020,9,7,0,1,0,3,4,5.027,0,0,0,0,-99
2020,9,8,0,1,0,3,0,0,0,0,0,0,-99
2020,10,1,1,0,1,2,0,0,0,0,1,0.077,-99
2020,10,2,1,0,1,2,1,1.371,0,0,0,0,-99
2020,10,3,1,0,1,2,5,4.816,0,0,0,0,-99
2020,10,4,1,0,1,2,3,3.439,0,0,0,0,-99
2020,10,5,1,0,1,2,0,0,0,0,0,0,-99
2020,10,6,1,0,1,2,0,0,0,0,1,0.201,-99
2020,10,7,0,0,1,2,0,0,0,0,0,0,-99
2020,10,8,0,0,1,2,1,1.38,0,0,0,0,-99
2020,11,1,1,0,1,2,1,0.839,0,0,0,0,-99
2020,11,2,1,0,1,2,1,0.764,0,0,0,0,-99
2020,11,3,1,0,1,2,1,1.166,0,0,8,1.164,-99
2020,11,4,1,0,1,2,0,0,0,0,0,0,-99
2020,11,5,1,0,1,2,1,0.833,0,0,4,0.319,-99
2020,11,6,1,0,1,2,3,2.711,0,0,0,0,-99
2020,11,7,0,0,1,2,2,1.364,0,0,0,0,-99
2020,11,8,0,0,1,2,2,1.813,0,0,0,0,-99
2020,12,1,1,1,1,4,2,2.126,0,0,0,0,-99
2020,12,2,1,1,1,4,3,4.255,0,0,0,0,-99
2020,12,3,1,1,1,4,4,5.051,0,0,1,0.076,-99
2020,12,4,1,1,1,4,3,3.778,0,0,1,0.069,-99
2020,12,5,1,1,1,4,4,3.832,0,0,1,0.048,-99
2020,12,6,1,1,1,4,4,4.486,0,0,0,0,-99
2020,12,7,0,1,1,4,0,0,0,0,0,0,-99
2020,12,8,0,1,1,4,4,4.379,0,0,0,0,-99
2020,13,1,1,1,0,3,4,4.388,0,0,0,0,-99
2020,13,2,1,1,0,3,2,2.226,0,0,0,0,-99
2020,13,3,1,1,0,3,3,2.693,0,0,0,0,-99
2020,13,4,1,1,0,3,3,3.878,0,0,0,0,-99
2020,13,5,1,1,0,3,4,2.817,0,0,0,0,-99
2020,13,6,1,1,0,3,0,0,0,0,0,0,-99
2020,13,7,0,1,0,3,2,1.302,0,0,0,0,-99
2020,13,8,0,1,0,3,1,0.434,0,0,0,0,-99
2020,14,1,1,0,1,2,1,1.249,0,0,0,0,-99
2020,14,2,1,0,1,2,0,0,0,0,6,0.706,-99
2020,14,3,1,0,1,2,0,0,0,0,0,0,-99
2020,14,4,1,0,1,2,3,3.121,0,0,0,0,-99
2020,14,5,1,0,1,2,0,0,0,0,0,0,-99
2020,14,6,1,0,1,2,3,3.033,0,0,2,0.356,-99
2020,14,7,0,0,1,2,1,1.52,3,0.742,0,0,-99
2020,14,8,0,0,1,2,3,3.424,2,0.238,0,0,-99
2020,15,1,1,1,1,4,1,0.915,0,0,0,0,-99
2020,15,2,1,1,1,4,1,1.31,0,0,0,0,-99
2020,15,3,1,1,1,4,4,5.369,0,0,0,0,-99
2020,15,4,1,1,1,4,1,0.984,0,0,0,0,-99
2020,15,5,1,1,1,4,3,2.142,0,0,2,0.439,-99
2020,15,6,1,1,1,4,0,0,0,0,0,0,-99
2020,15,7,0,1,1,4,0,0,0,0,0,0,-99
2020,15,8,0,1,1,4,1,1.258,0,0,0,0,-99
2020,16,1,1,0,0,1,2,2.764,0,0,0,0,-99
2020,16,2,1,0,0,1,2,3.21,0,0,0,0,-99
2020,16,3,1,0,0,1,2,2.344,0,0,0,0,-99
2020,16,4,1,0,0,1,0,0,0,0,0,0,-99
2020,16,5,1,0,0,1,2,1.449,0,0,0,0,-99
2020,16,6,1,0,0,1,2,3.067,0,0,0,0,-99
2020,16,7,0,0,0,1,2,2.875,0,0,0,0,-99
2020,16,8,0,0,0,1,2,3.12,3,0.525,0,0,-99
2020,17,1,1,0,0,1,1,1.461,0,0,0,0,-99
2020,17,2,1,0,0,1,4,3.752,0,0,0,0,-99
2020,17,3,1,0,0,1,0,0,0,0,0,0,-99
2020,17,4,1,0,0,1,1,1.305,0,0,0,0,-99
2020,17,5,1,0,0,1,1,0.242,0,0,0,0,-99
2020,17,6,1,0,0,1,1,0.736,0,0,0,0,-99
2020,17,7,0,0,0,1,0,0,0,0,0,0,-99
2020,17,8,0,0,0,1,2,1.852,0,0,0,0,-99
2020,18,1,1,1,1,4,2,3.065,0,0,0,0,-99
2020,18,2,1,1,1,4,3,3.272,0,0,0,0,-99
2020,18,3,1,1,1,4,3,4.078,0,0,0,0,-99
2020,18,4,1,1,1,4,1,1.061,0,0,0,0,-99
2020,18,5,1,1,1,4,3,4.623,0,0,0,0,-99
2020,18,6,1,1,1,4,7,8.204,0,0,0,0,-99
2020,18,7,0,1,1,4,3,3.426,0,0,0,0,-99
2020,18,8,0,1,1,4,1,0.905,0,0,0,0,-99
2020,19,1,1,1,0,3,2,2.726,0,0,0,0,-99
2020,19,2,1,1,0,3,3,1.879,0,0,0,0,-99
2020,19,3,1,1,0,3,0,0,0,0,0,0,-99
2020,19,4,1,1,0,3,3,3.558,0,0,0,0,-99
2020,19,5,1,1,0,3,2,2.317,0,0,0,0,-99
2020,19,6,1,1,0,3,1,0.739,0,0,0,0,-99
2020,19,7,0,1,0,3,1,0.963,0,0,0,0,-99
2020,19,8,0,1,0,3,0,0,0,0,0,0,-99
2020,20,1,1,0,1,2,3,4.171,0,0,0,0,-99
2020,20,2,1,0,1,2,5,5.978,0,0,1,0.159,-99
2020,20,3,1,0,1,2,5,6.152,0,0,1,0.103,-99
2020,20,4,1,0,1,2,0,0,0,0,3,0.511,-99
2020,20,5,1,0,1,2,0,0,0,0,0,0,-99
2020,20,6,1,0,1,2,3,3.302,0,0,2,0.538,-99
2020,20,7,0,0,1,2,1,0.946,6,0.866,1,0.078,-99
2020,20,8,0,0,1,2,0,0,0,0,1,0.175,-99
2021,1,1,1,1,1,4,0,0,0,0,0,0,-99
2021,1,2,1,1,1,4,1,0.26,0,0,0,0,-99
2021,1,3,1,1,1,4,2,0.19,0,0,0,0,-99
2021,1,4,1,1,1,4,1,2.58,0,0,0,0,-99
2021,1,5,1,1,1,4,2,2.46,0,0,0,0,-99
2021,1,6,1,1,1,4,1,0.72,0,0,0,0,-99
2021,1,7,0,1,1,4,5,5.62,0,0,1,0.09,-99
2021,1,8,0,1,1,4,0,0,0,0,0,0,-99
2021,2,1,1,0,0,1,3,2.24,0,0,0,0,-99
2021,2,2,1,0,0,1,1,0.95,0,0,0,0,-99
2021,2,3,1,0,0,1,1,1.65,0,0,0,0,-99
2021,2,4,1,0,0,1,1,1.65,0,0,0,0,-99
2021,2,5,1,0,0,1,1,0.85,0,0,0,0,-99
2021,2,6,1,0,0,1,0,0,0,0,0,0,-99
2021,2,7,0,0,0,1,2,2,0,0,0,0,-99
2021,2,8,0,0,0,1,1,0.76,0,0,0,0,-99
2021,3,1,1,1,0,3,1,1.29,0,0,0,0,-99
2021,3,2,1,1,0,3,2,0.83,0,0,0,0,-99
2021,3,3,1,1,0,3,1,0.47,0,0,0,0,-99
2021,3,4,1,1,0,3,3,1.73,0,0,0,0,-99
2021,3,5,1,1,0,3,1,0.68,0,0,0,0,-99
2021,3,6,1,1,0,3,2,3.06,0,0,0,0,-99
2021,3,7,0,1,0,3,4,5.27,0,0,0,0,-99
2021,3,8,0,1,0,3,0,0,0,0,0,0,-99
2021,4,1,1,0,1,2,2,3.03,0,0,0,0,-99
2021,4,2,1,0,1,2,1,0.42,0,0,0,0,-99
2021,4,3,1,0,1,2,2,2.57,0,0,0,0,-99
2021,4,4,1,0,1,2,1,0.6,0,0,0,0,-99
2021,4,5,1,0,1,2,2,1.53,0,0,0,0,-99
2021,4,6,1,0,1,2,0,0,0,0,0,0,-99
2021,4,7,0,0,1,2,2,1.76,0,0,0,0,-99
2021,4,8,0,0,1,2,0,0,0,0,0,0,-99
2021,5,1,1,1,1,4,0,0,0,0,0,0,-99
2021,5,2,1,1,1,4,4,5.97,0,0,0,0,-99
2021,5,3,1,1,1,4,1,1.12,0,0,0,0,-99
2021,5,4,1,1,1,4,0,0,0,0,0,0,-99
2021,5,5,1,1,1,4,2,3.36,0,0,0,0,-99
2021,5,6,1,1,1,4,1,0.73,0,0,0,0,-99
2021,5,7,0,1,1,4,1,0.83,0,0,0,0,-99
2021,5,8,0,1,1,4,1,2.38,0,0,0,0,-99
2021,6,1,1,0,0,1,2,3.94,0,0,0,0,-99
2021,6,2,1,0,0,1,2,2.92,0,0,0,0,-99
2021,6,3,1,0,0,1,0,0,0,0,0,0,-99
2021,6,4,1,0,0,1,2,4.29,0,0,0,0,-99
2021,6,5,1,0,0,1,2,2.42,0,0,0,0,-99
2021,6,6,1,0,0,1,0,0,0,0,0,0,-99
2021,6,7,0,0,0,1,2,3.6,0,0,0,0,-99
2021,6,8,0,0,0,1,2,3.74,0,0,0,0,-99
2021,7,1,1,0,0,1,0,0,0,0,0,0,-99
2021,7,2,1,0,0,1,2,1.58,0,0,0,0,-99
2021,7,3,1,0,0,1,2,2.23,0,0,0,0,-99
2021,7,4,1,0,0,1,1,0.15,0,0,0,0,-99
2021,7,5,1,0,0,1,1,3.11,0,0,0,0,-99
2021,7,6,1,0,0,1,0,0,0,0,0,0,-99
2021,7,7,0,0,0,1,1,1.72,0,0,0,0,-99
2021,7,8,0,0,0,1,2,1.91,0,0,0,0,-99
2021,8,1,1,1,0,3,0,0,0,0,0,0,-99
2021,8,2,1,1,0,3,3,2.53,0,0,0,0,-99
2021,8,3,1,1,0,3,2,2.25,0,0,0,0,-99
2021,8,4,1,1,0,3,2,3.2,0,0,0,0,-99
2021,8,5,1,1,0,3,4,5.89,0,0,0,0,-99
2021,8,6,1,1,0,3,1,2.15,0,0,0,0,-99
2021,8,7,0,1,0,3,1,0.58,0,0,0,0,-99
2021,8,8,0,1,0,3,0,0,0,0,0,0,-99
2021,9,1,1,1,0,3,2,1.01,0,0,0,0,-99
2021,9,2,1,1,0,3,4,3.45,0,0,0,0,-99
2021,9,3,1,1,0,3,2,0.87,0,0,0,0,-99
2021,9,4,1,1,0,3,0,0,0,0,0,0,-99
2021,9,5,1,1,0,3,4,5.63,0,0,0,0,-99
2021,9,6,1,1,0,3,2,2.04,0,0,0,0,-99
2021,9,7,0,1,0,3,1,1.09,0,0,0,0,-99
2021,9,8,0,1,0,3,0,0,0,0,0,0,-99
2021,10,1,1,0,1,2,0,0,0,0,0,0,-99
2021,10,2,1,0,1,2,0,0,0,0,1,0.15,-99
2021,10,3,1,0,1,2,0,0,0,0,1,0.04,-99
2021,10,4,1,0,1,2,0,0,0,0,0,0,-99
2021,10,5,1,0,1,2,0,0,0,0,1,0.0257,-99
2021,10,6,1,0,1,2,2,2.76,0,0,2,0.29,-99
2021,10,7,0,0,1,2,1,1.43,0,0,0,0,-99
2021,10,8,0,0,1,2,1,0.25,0,0,0,0,-99
2021,11,1,1,0,1,2,5,5.68,0,0,0,0,-99
2021,11,2,1,0,1,2,2,3.14,0,0,0,0,-99
2021,11,3,1,0,1,2,1,1.06,0,0,6,2.41,-99
2021,11,4,1,0,1,2,2,3.06,0,0,2,0.45,-99
2021,11,5,1,0,1,2,0,0,0,0,2,0.27,-99
2021,11,6,1,0,1,2,1,1.07,0,0,0,0,-99
2021,11,7,0,0,1,2,1,1.37,0,0,0,0,-99
2021,11,8,0,0,1,2,2,1.76,0,0,0,0,-99
2021,12,1,1,1,1,4,3,3.1,0,0,0,0,-99
2021,12,2,1,1,1,4,4,6.02,0,0,0,0,-99
2021,12,3,1,1,1,4,0,0,0,0,0,0,-99
2021,12,4,1,1,1,4,0,0,0,0,0,0,-99
2021,12,5,1,1,1,4,3,3.73,0,0,0,0,-99
2021,12,6,1,1,1,4,1,0.64,0,0,0,0,-99
2021,12,7,0,1,1,4,1,1.77,0,0,0,0,-99
2021,12,8,0,1,1,4,3,3.23,0,0,0,0,-99
2021,13,1,1,1,0,3,2,1.47,0,0,0,0,-99
2021,13,2,1,1,0,3,0,0,0,0,0,0,-99
2021,13,3,1,1,0,3,2,2.49,0,0,0,0,-99
2021,13,4,1,1,0,3,2,1.15,0,0,0,0,-99
2021,13,5,1,1,0,3,2,2.44,0,0,0,0,-99
2021,13,6,1,1,0,3,5,6.85,0,0,0,0,-99
2021,13,7,0,1,0,3,2,0.54,0,0,0,0,-99
2021,13,8,0,1,0,3,1,0.97,0,0,0,0,-99
2021,14,1,1,0,1,2,0,0,0,0,2,0.58,-99
2021,14,2,1,0,1,2,1,0.37,0,0,0,0,-99
2021,14,3,1,0,1,2,0,0,0,0,2,0.26,-99
2021,14,4,1,0,1,2,0,0,0,0,0,0,-99
2021,14,5,1,0,1,2,1,0.09,0,0,1,0.17,-99
2021,14,6,1,0,1,2,1,1.31,0,0,0,0,-99
2021,14,7,0,0,1,2,3,4.88,2,0.18,0,0,-99
2021,14,8,0,0,1,2,0,0,0,0,0,0,-99
2021,15,1,1,1,1,4,0,0,0,0,0,0,-99
2021,15,2,1,1,1,4,3,6.11,0,0,0,0,-99
2021,15,3,1,1,1,4,3,3.34,0,0,2,0.21,-99
2021,15,4,1,1,1,4,2,1.89,1,0.08,0,0,-99
2021,15,5,1,1,1,4,1,1.06,0,0,0,0,-99
2021,15,6,1,1,1,4,1,1.55,0,0,0,0,-99
2021,15,7,0,1,1,4,0,0,0,0,0,0,-99
2021,15,8,0,1,1,4,1,0.45,0,0,0,0,-99
2021,16,1,1,0,0,1,1,1.15,0,0,0,0,-99
2021,16,2,1,0,0,1,1,1.06,0,0,0,0,-99
2021,16,3,1,0,0,1,2,2.46,0,0,0,0,-99
2021,16,4,1,0,0,1,1,1.2,0,0,0,0,-99
2021,16,5,1,0,0,1,0,0,0,0,0,0,-99
2021,16,6,1,0,0,1,1,1.75,0,0,0,0,-99
2021,16,7,0,0,0,1,0,0,0,0,0,0,-99
2021,16,8,0,0,0,1,0,0,0,0,0,0,-99
2021,17,1,1,0,0,1,0,0,0,0,0,0,-99
2021,17,2,1,0,0,1,1,1.27,0,0,0,0,-99
2021,17,3,1,0,0,1,3,2.84,0,0,0,0,-99
2021,17,4,1,0,0,1,2,2.55,0,0,0,0,-99
2021,17,5,1,0,0,1,1,0.73,0,0,1,0.04,-99
2021,17,6,1,0,0,1,2,1.78,0,0,0,0,-99
2021,17,7,0,0,0,1,1,0.57,0,0,0,0,-99
2021,17,8,0,0,0,1,3,3.11,0,0,0,0,-99
2021,18,1,1,1,1,4,1,1.53,0,0,0,0,-99
2021,18,2,1,1,1,4,1,2.23,0,0,0,0,-99
2021,18,3,1,1,1,4,1,2.15,0,0,0,0,-99
2021,18,4,1,1,1,4,2,4.56,0,0,2,0.33,-99
2021,18,5,1,1,1,4,3,5.24,1,0.12,0,0,-99
2021,18,6,1,1,1,4,2,3.38,0,0,0,0,-99
2021,18,7,0,1,1,4,0,0,0,0,0,0,-99
2021,18,8,0,1,1,4,1,0.67,0,0,0,0,-99
2021,19,1,1,1,0,3,0,0,0,0,0,0,-99
2021,19,2,1,1,0,3,2,1.31,0,0,0,0,-99
2021,19,3,1,1,0,3,2,2.79,0,0,0,0,-99
2021,19,4,1,1,0,3,0,0,0,0,0,0,-99
2021,19,5,1,1,0,3,1,2.03,0,0,0,0,-99
2021,19,6,1,1,0,3,3,3.08,0,0,0,0,-99
2021,19,7,0,1,0,3,1,0.47,0,0,0,0,-99
2021,19,8,0,1,0,3,0,0,0,0,0,0,-99
2021,20,1,1,0,1,2,2,3.02,0,0,0,0,-99
2021,20,2,1,0,1,2,1,0.06,0,0,0,0,-99
2021,20,3,1,0,1,2,0,0,0,0,0,0,-99
2021,20,4,1,0,1,2,2,2.48,0,0,0,0,-99
2021,20,5,1,0,1,2,0,0,0,0,0,0,-99
2021,20,6,1,0,1,2,0,0,0,0,0,0,-99
2021,20,7,0,0,1,2,2,2.94,2,0.22,0,0,-99
2021,20,8,0,0,1,2,1,0.5,0,0,0,0,-99
2022,1,1,1,1,1,4,3,3.53,0,0,0,0,-99
2022,1,2,1,1,1,4,4,6.63,0,0,0,0,-99
2022,1,3,1,1,1,4,1,0.35,0,0,0,0,-99
2022,1,4,1,1,1,4,0,0,0,0,1,0.11,-99
2022,1,5,1,1,1,4,2,2.44,0,0,0,0,-99
2022,1,6,1,1,1,4,3,3.27,0,0,1,0.15,-99
2022,1,7,0,1,1,4,3,2.09,0,0,0,0,-99
2022,1,8,0,1,1,4,2,2.6,0,0,0,0,-99
2022,2,1,1,0,0,1,1,0.28,0,0,0,0,-99
2022,2,2,1,0,0,1,1,1.51,0,0,0,0,-99
2022,2,3,1,0,0,1,4,5.26,0,0,0,0,-99
2022,2,4,1,0,0,1,3,1.29,0,0,0,0,-99
2022,2,5,1,0,0,1,1,1.19,0,0,0,0,-99
2022,2,6,1,0,0,1,2,2.52,0,0,1,0.07,-99
2022,2,7,0,0,0,1,2,3.66,0,0,0,0,-99
2022,2,8,0,0,0,1,2,1.41,0,0,1,0.13,-99
2022,3,1,1,1,0,3,2,3.09,0,0,0,0,-99
2022,3,2,1,1,0,3,1,1.29,0,0,0,0,-99
2022,3,3,1,1,0,3,1,1.49,0,0,0,0,-99
2022,3,4,1,1,0,3,2,2.03,0,0,0,0,-99
2022,3,5,1,1,0,3,1,0.63,0,0,0,0,-99
2022,3,6,1,1,0,3,0,0,0,0,0,0,-99
2022,3,7,0,1,0,3,0,0,0,0,0,0,-99
2022,3,8,0,1,0,3,1,1.76,0,0,0,0,-99
2022,4,1,1,0,1,2,0,0,0,0,0,0,-99
2022,4,2,1,0,1,2,2,2.17,0,0,0,0,-99
2022,4,3,1,0,1,2,1,1.66,0,0,0,0,-99
2022,4,4,1,0,1,2,1,0.98,0,0,0,0,-99
2022,4,5,1,0,1,2,2,1.51,0,0,2,0.26,-99
2022,4,6,1,0,1,2,1,0.68,0,0,0,0,-99
2022,4,7,0,0,1,2,4,5.38,0,0,0,0,-99
2022,4,8,0,0,1,2,2,3.29,0,0,0,0,-99
2022,5,1,1,1,1,4,0,0,0,0,0,0,-99
2022,5,2,1,1,1,4,3,2.36,0,0,0,0,-99
2022,5,3,1,1,1,4,3,3.79,0,0,0,0,-99
2022,5,4,1,1,1,4,2,2.02,0,0,0,0,-99
2022,5,5,1,1,1,4,3,4.16,0,0,0,0,-99
2022,5,6,1,1,1,4,3,2.95,0,0,0,0,-99
2022,5,7,0,1,1,4,2,1.43,0,0,0,0,-99
2022,5,8,0,1,1,4,1,0.09,0,0,0,0,-99
2022,6,1,1,0,0,1,2,2.16,0,0,0,0,-99
2022,6,2,1,0,0,1,3,4.84,0,0,0,0,-99
2022,6,3,1,0,0,1,2,3.48,0,0,0,0,-99
2022,6,4,1,0,0,1,1,1.74,0,0,0,0,-99
2022,6,5,1,0,0,1,3,1.94,0,0,0,0,-99
2022,6,6,1,0,0,1,1,0.42,0,0,0,0,-99
2022,6,7,0,0,0,1,0,0,0,0,0,0,-99
2022,6,8,0,0,0,1,3,2.91,0,0,0,0,-99
2022,7,1,1,0,0,1,1,1.83,0,0,0,0,-99
2022,7,2,1,0,0,1,0,0,0,0,0,0,-99
2022,7,3,1,0,0,1,0,0,0,0,0,0,-99
2022,7,4,1,0,0,1,2,2.19,0,0,0,0,-99
2022,7,5,1,0,0,1,1,1.63,0,0,0,0,-99
2022,7,6,1,0,0,1,1,1.06,0,0,0,0,-99
2022,7,7,0,0,0,1,0,0,0,0,0,0,-99
2022,7,8,0,0,0,1,2,2.41,0,0,0,0,-99
2022,8,1,1,1,0,3,5,6.13,0,0,0,0,-99
2022,8,2,1,1,0,3,3,3.33,0,0,0,0,-99
2022,8,3,1,1,0,3,0,0,0,0,0,0,-99
2022,8,4,1,1,0,3,2,2.66,0,0,0,0,-99
2022,8,5,1,1,0,3,1,1.37,0,0,0,0,-99
2022,8,6,1,1,0,3,4,3.17,0,0,0,0,-99
2022,8,7,0,1,0,3,3,3.27,0,0,0,0,-99
2022,8,8,0,1,0,3,2,3.04,0,0,0,0,-99
2022,9,1,1,1,0,3,2,1.84,0,0,0,0,-99
2022,9,2,1,1,0,3,1,0.13,0,0,0,0,-99
2022,9,3,1,1,0,3,1,0.31,0,0,0,0,-99
2022,9,4,1,1,0,3,2,1.14,0,0,0,0,-99
2022,9,5,1,1,0,3,3,1.37,0,0,0,0,-99
2022,9,6,1,1,0,3,1,0.94,0,0,0,0,-99
2022,9,7,0,1,0,3,1,0.33,0,0,0,0,-99
2022,9,8,0,1,0,3,1,1.48,0,0,0,0,-99
2022,10,1,1,0,1,2,2,1.51,0,0,0,0,-99
2022,10,2,1,0,1,2,1,1.48,0,0,2,0.24,-99
2022,10,3,1,0,1,2,2,1.33,0,0,0,0,-99
2022,10,4,1,0,1,2,2,2.09,0,0,1,0.06,-99
2022,10,5,1,0,1,2,0,0,0,0,0,0,-99
2022,10,6,1,0,1,2,2,2.56,0,0,1,0.01,-99
2022,10,7,0,0,1,2,3,2.55,0,0,0,0,-99
2022,10,8,0,0,1,2,1,0.47,0,0,0,0,-99
2022,11,1,1,0,1,2,2,2.29,0,0,3,0.98,-99
2022,11,2,1,0,1,2,2,1.82,0,0,3,0.79,-99
2022,11,3,1,0,1,2,1,0.41,0,0,1,0.27,-99
2022,11,4,1,0,1,2,2,1.56,0,0,0,0,-99
2022,11,5,1,0,1,2,4,3.51,0,0,0,0,-99
2022,11,6,1,0,1,2,1,1.35,0,0,0,0,-99
2022,11,7,0,0,1,2,3,3.64,0,0,0,0,-99
2022,11,8,0,0,1,2,3,2.14,0,0,0,0,-99
2022,12,1,1,1,1,4,3,3.14,0,0,0,0,-99
2022,12,2,1,1,1,4,1,0.95,0,0,0,0,-99
2022,12,3,1,1,1,4,0,0,0,0,0,0,-99
2022,12,4,1,1,1,4,1,0.88,0,0,0,0,-99
2022,12,5,1,1,1,4,2,2.55,0,0,0,0,-99
2022,12,6,1,1,1,4,1,0.46,0,0,0,0,-99
2022,12,7,0,1,1,4,3,2.56,2,0.2,1,0.05,-99
2022,12,8,0,1,1,4,1,1.53,0,0,0,0,-99
2022,13,1,1,1,0,3,1,1.63,0,0,0,0,-99
2022,13,2,1,1,0,3,3,3.77,0,0,0,0,-99
2022,13,3,1,1,0,3,4,2.84,0,0,0,0,-99
2022,13,4,1,1,0,3,2,1.92,0,0,0,0,-99
2022,13,5,1,1,0,3,2,1.74,0,0,0,0,-99
2022,13,6,1,1,0,3,3,2.02,0,0,0,0,-99
2022,13,7,0,1,0,3,2,1.32,0,0,0,0,-99
2022,13,8,0,1,0,3,1,0.84,0,0,0,0,-99
2022,14,1,1,0,1,2,3,3.22,0,0,1,0.17,-99
2022,14,2,1,0,1,2,2,1.18,0,0,0,0,-99
2022,14,3,1,0,1,2,2,1.86,0,0,1,0.3,-99
2022,14,4,1,0,1,2,1,0.88,0,0,0,0,-99
2022,14,5,1,0,1,2,0,0,0,0,0,0,-99
2022,14,6,1,0,1,2,0,0,0,0,1,0.2,-99
2022,14,7,0,0,1,2,1,1.27,0,0,0,0,-99
2022,14,8,0,0,1,2,1,1.36,0,0,0,0,-99
2022,15,1,1,1,1,4,1,2.31,0,0,0,0,-99
2022,15,2,1,1,1,4,0,0,0,0,0,0,-99
2022,15,3,1,1,1,4,0,0,0,0,0,0,-99
2022,15,4,1,1,1,4,1,0.44,0,0,0,0,-99
2022,15,5,1,1,1,4,1,1.19,0,0,0,0,-99
2022,15,6,1,1,1,4,0,0,0,0,0,0,-99
2022,15,7,0,1,1,4,0,0,0,0,0,0,-99
2022,15,8,0,1,1,4,2,1.91,0,0,0,0,-99
2022,16,1,1,0,0,1,1,1.7,0,0,0,0,-99
2022,16,2,1,0,0,1,1,0.83,0,0,0,0,-99
2022,16,3,1,0,0,1,2,1.92,0,0,0,0,-99
2022,16,4,1,0,0,1,1,1.13,0,0,0,0,-99
2022,16,5,1,0,0,1,0,0,0,0,0,0,-99
2022,16,6,1,0,0,1,1,1.11,0,0,0,0,-99
2022,16,7,0,0,0,1,2,2.11,0,0,0,0,-99
2022,16,8,0,0,0,1,2,1.78,0,0,0,0,-99
2022,17,1,1,0,0,1,2,2.97,0,0,0,0,-99
2022,17,2,1,0,0,1,0,0,0,0,0,0,-99
2022,17,3,1,0,0,1,2,1.43,0,0,0,0,-99
2022,17,4,1,0,0,1,1,0.67,0,0,0,0,-99
2022,17,5,1,0,0,1,4,3.62,0,0,0,0,-99
2022,17,6,1,0,0,1,1,0.93,0,0,0,0,-99
2022,17,7,0,0,0,1,6,6.87,0,0,0,0,-99
2022,17,8,0,0,0,1,1,1.11,0,0,0,0,-99
2022,18,1,1,1,1,4,3,2.81,0,0,0,0,-99
2022,18,2,1,1,1,4,3,1.89,0,0,0,0,-99
2022,18,3,1,1,1,4,2,3.99,0,0,0,0,-99
2022,18,4,1,1,1,4,0,0,0,0,0,0,-99
2022,18,5,1,1,1,4,1,0.38,0,0,2,0.48,-99
2022,18,6,1,1,1,4,2,3.14,0,0,0,0,-99
2022,18,7,0,1,1,4,1,1.12,0,0,0,0,-99
2022,18,8,0,1,1,4,3,2.18,0,0,0,0,-99
2022,19,1,1,1,0,3,1,1.84,0,0,0,0,-99
2022,19,2,1,1,0,3,0,0,0,0,0,0,-99
2022,19,3,1,1,0,3,1,0.9,0,0,0,0,-99
2022,19,4,1,1,0,3,1,1.32,0,0,0,0,-99
2022,19,5,1,1,0,3,2,1.34,0,0,0,0,-99
2022,19,6,1,1,0,3,1,0.42,0,0,0,0,-99
2022,19,7,0,1,0,3,2,2.91,0,0,0,0,-99
2022,19,8,0,1,0,3,0,0,0,0,0,0,-99
2022,20,1,1,0,1,2,0,0,0,0,1,0.15,-99
2022,20,2,1,0,1,2,0,0,0,0,0,0,-99
2022,20,3,1,0,1,2,3,3.97,0,0,0,0,-99
2022,20,4,1,0,1,2,1,0.97,0,0,0,0,-99
2022,20,5,1,0,1,2,1,1.41,0,0,0,0,-99
2022,20,6,1,0,1,2,4,2.6,0,0,0,0,-99
2022,20,7,0,0,1,2,2,3.71,0,0,1,0.01,-99
2022,20,8,0,0,1,2,2,1.95,0,0,2,0.21,-99
2023,1,1,1,1,1,4,1,1.31,0,0,0,0,-99
2023,1,2,1,1,1,4,4,3.22,0,0,0,0,-99
2023,1,3,1,1,1,4,2,1.65,0,0,0,0,-99
2023,1,4,1,1,1,4,3,4.04,0,0,0,0,-99
2023,1,5,1,1,1,4,4,3.7,0,0,0,0,-99
2023,1,6,1,1,1,4,2,2.76,0,0,0,0,-99
2023,1,7,0,0,1,4,0,0,0,0,0,0,-99
2023,1,8,0,0,1,4,1,0.59,0,0,0,0,-99
2023,2,1,1,0,0,1,2,1.38,0,0,0,0,-99
2023,2,2,1,0,0,1,2,2.07,0,0,0,0,-99
2023,2,3,1,0,0,1,1,0.42,0,0,0,0,-99
2023,2,4,1,0,0,1,1,1.34,0,0,0,0,-99
2023,2,5,1,0,0,1,1,0.56,0,0,0,0,-99
2023,2,6,1,0,0,1,5,5.62,0,0,2,0.57,-99
2023,2,7,0,0,0,1,1,0.66,0,0,0,0,-99
2023,2,8,0,0,0,1,2,2.67,0,0,0,0,-99
2023,3,1,1,1,0,3,1,1.06,0,0,0,0,-99
2023,3,2,1,1,0,3,1,0.47,0,0,0,0,-99
2023,3,3,1,1,0,3,1,1.04,0,0,0,0,-99
2023,3,4,1,1,0,3,6,4.8,0,0,0,0,-99
2023,3,5,1,1,0,3,3,4.7,0,0,0,0,-99
2023,3,6,1,1,0,3,0,0,0,0,0,0,-99
2023,3,7,0,0,0,3,1,0.97,0,0,0,0,-99
2023,3,8,0,0,0,3,1,1.11,0,0,0,0,-99
2023,4,1,1,0,1,2,3,4.29,0,0,0,0,-99
2023,4,2,1,0,1,2,3,4.07,0,0,2,0.4,-99
2023,4,3,1,0,1,2,0,0,0,0,0,0,-99
2023,4,4,1,0,1,2,2,1.39,0,0,1,0.47,-99
2023,4,5,1,0,1,2,0,0,0,0,0,0,-99
2023,4,6,1,0,1,2,1,0.65,0,0,0,0,-99
2023,4,7,0,0,1,2,0,0,0,0,0,0,-99
2023,4,8,0,0,1,2,0,0,0,0,0,0,-99
2023,5,1,1,1,1,4,2,3.18,0,0,0,0,-99
2023,5,2,1,1,1,4,4,2.81,0,0,0,0,-99
2023,5,3,1,1,1,4,1,1.28,0,0,0,0,-99
2023,5,4,1,1,1,4,2,1.24,0,0,0,0,-99
2023,5,5,1,1,1,4,0,0,0,0,0,0,-99
2023,5,6,1,1,1,4,1,1.33,0,0,0,0,-99
2023,5,7,0,0,1,4,5,4.51,0,0,0,0,-99
2023,5,8,0,0,1,4,3,4.01,0,0,0,0,-99
2023,6,1,1,0,0,1,0,0,0,0,0,0,-99
2023,6,2,1,0,0,1,0,0,0,0,0,0,-99
2023,6,3,1,0,0,1,1,0.8,0,0,0,0,-99
2023,6,4,1,0,0,1,1,1.67,0,0,0,0,-99
2023,6,5,1,0,0,1,1,1.77,0,0,0,0,-99
2023,6,6,1,0,0,1,3,2.38,0,0,0,0,-99
2023,6,7,0,0,0,1,1,0.75,0,0,0,0,-99
2023,6,8,0,0,0,1,1,1.86,0,0,0,0,-99
2023,7,1,1,0,0,1,0,0,0,0,0,0,-99
2023,7,2,1,0,0,1,2,2.43,0,0,0,0,-99
2023,7,3,1,0,0,1,1,1.5,0,0,0,0,-99
2023,7,4,1,0,0,1,0,0,0,0,0,0,-99
2023,7,5,1,0,0,1,0,0,0,0,0,0,-99
2023,7,6,1,0,0,1,3,4.28,0,0,0,0,-99
2023,7,7,0,0,0,1,1,0.057,0,0,0,0,-99
2023,7,8,0,0,0,1,3,3.77,0,0,0,0,-99
2023,8,1,1,1,0,3,2,1.25,0,0,0,0,-99
2023,8,2,1,1,0,3,1,1.49,0,0,0,0,-99
2023,8,3,1,1,0,3,2,0.55,0,0,0,0,-99
2023,8,4,1,1,0,3,2,2.68,0,0,0,0,-99
2023,8,5,1,1,0,3,1,1.69,0,0,0,0,-99
2023,8,6,1,1,0,3,2,2,0,0,0,0,-99
2023,8,7,0,0,0,3,3,3.64,0,0,0,0,-99
2023,8,8,0,0,0,3,1,1.26,0,0,0,0,-99
2023,9,1,1,1,0,3,2,2.19,0,0,0,0,-99
2023,9,2,1,1,0,3,3,2.28,0,0,0,0,-99
2023,9,3,1,1,0,3,1,0.71,0,0,0,0,-99
2023,9,4,1,1,0,3,2,2.21,0,0,0,0,-99
2023,9,5,1,1,0,3,1,1.39,0,0,0,0,-99
2023,9,6,1,1,0,3,0,0,0,0,0,0,-99
2023,9,7,0,0,0,3,0,0,0,0,0,0,-99
2023,9,8,0,0,0,3,3,3.72,0,0,0,0,-99
2023,10,1,1,0,1,2,0,0,0,0,2,0.39,-99
2023,10,2,1,0,1,2,1,0.95,0,0,0,0,-99
2023,10,3,1,0,1,2,1,1.14,0,0,2,0.09,-99
2023,10,4,1,0,1,2,1,1.2,0,0,2,0.38,-99
2023,10,5,1,0,1,2,1,0.79,0,0,0,0,-99
2023,10,6,1,0,1,2,1,1.78,0,0,3,0.42,-99
2023,10,7,0,0,1,2,1,0.75,0,0,0,0,-99
2023,10,8,0,0,1,2,1,1.17,0,0,0,0,-99
2023,11,1,1,0,1,2,1,0.86,0,0,1,0.27,-99
2023,11,2,1,0,1,2,2,1.61,0,0,6,1.3,-99
2023,11,3,1,0,1,2,1,0.42,0,0,2,0.6,-99
2023,11,4,1,0,1,2,0,0,0,0,1,0,-99
2023,11,5,1,0,1,2,0,0,0,0,0,0,-99
2023,11,6,1,0,1,2,3,1.54,0,0,5,1.75,-99
2023,11,7,0,0,1,2,4,1.69,0,0,0,0,-99
2023,11,8,0,0,1,2,2,1.55,0,0,0,0,-99
2023,12,1,1,1,1,4,1,1.1,0,0,0,0,-99
2023,12,2,1,1,1,4,3,3.58,0,0,0,0,-99
2023,12,3,1,1,1,4,0,0,0,0,0,0,-99
2023,12,4,1,1,1,4,1,0.35,0,0,1,0.36,-99
2023,12,5,1,1,1,4,4,5.42,0,0,0,0,-99
2023,12,6,1,1,1,4,3,2.04,0,0,0,0,-99
2023,12,7,0,0,1,4,0,0,0,0,0,0,-99
2023,12,8,0,0,1,4,1,0.84,0,0,0,0,-99
2023,13,1,1,1,0,3,0,0,0,0,0,0,-99
2023,13,2,1,1,0,3,1,1.09,0,0,0,0,-99
2023,13,3,1,1,0,3,0,0,0,0,0,0,-99
2023,13,4,1,1,0,3,1,1.1,0,0,0,0,-99
2023,13,5,1,1,0,3,1,1.63,0,0,0,0,-99
2023,13,6,1,1,0,3,2,1.32,0,0,0,0,-99
2023,13,7,0,0,0,3,2,0.85,0,0,0,0,-99
2023,13,8,0,0,0,3,3,2.25,0,0,0,0,-99
2023,14,1,1,0,1,2,4,3.86,0,0,6,2.07,-99
2023,14,2,1,0,1,2,2,2.27,0,0,4,0.8,-99
2023,14,3,1,0,1,2,3,2.67,0,0,3,1.08,-99
2023,14,4,1,0,1,2,2,1.78,0,0,0,0,-99
2023,14,5,1,0,1,2,0,0,0,0,0,0,-99
2023,14,6,1,0,1,2,0,0,0,0,2,0.88,-99
2023,14,7,0,0,1,2,4,3.18,0,0,0,0,-99
2023,14,8,0,0,1,2,0,0,0,0,0,0,-99
2023,15,1,1,1,1,4,1,0.27,0,0,0,0,-99
2023,15,2,1,1,1,4,1,1.74,0,0,0,0,-99
2023,15,3,1,1,1,4,1,1.59,0,0,0,0,-99
2023,15,4,1,1,1,4,3,3.41,0,0,0,0,-99
2023,15,5,1,1,1,4,2,1.49,0,0,0,0,-99
2023,15,6,1,1,1,4,3,3.72,0,0,0,0,-99
2023,15,7,0,0,1,4,2,1.95,0,0,0,0,-99
2023,15,8,0,0,1,4,1,0.71,0,0,0,0,-99
2023,16,1,1,0,0,1,0,0,0,0,0,0,-99
2023,16,2,1,0,0,1,0,0,0,0,0,0,-99
2023,16,3,1,0,0,1,1,0.96,0,0,0,0,-99
2023,16,4,1,0,0,1,2,1.01,0,0,0,0,-99
2023,16,5,1,0,0,1,2,1.91,0,0,0,0,-99
2023,16,6,1,0,0,1,0,0,0,0,0,0,-99
2023,16,7,0,0,0,1,1,0.64,0,0,0,0,-99
2023,16,8,0,0,0,1,1,0.95,0,0,0,0,-99
2023,17,1,1,0,0,1,1,0.49,0,0,0,0,-99
2023,17,2,1,0,0,1,1,1.8,0,0,0,0,-99
2023,17,3,1,0,0,1,2,2.94,0,0,0,0,-99
2023,17,4,1,0,0,1,1,0.72,0,0,0,0,-99
2023,17,5,1,0,0,1,1,1.13,0,0,0,0,-99
2023,17,6,1,0,0,1,0,0,0,0,0,0,-99
2023,17,7,0,0,0,1,0,0,0,0,0,0,-99
2023,17,8,0,0,0,1,1,1.1,0,0,0,0,-99
2023,18,1,1,1,1,4,0,0,0,0,0,0,-99
2023,18,2,1,1,1,4,1,1.6,0,0,0,0,-99
2023,18,3,1,1,1,4,1,1.7,0,0,1,0.34,-99
2023,18,4,1,1,1,4,1,0.48,0,0,2,0.29,-99
2023,18,5,1,1,1,4,3,4.76,0,0,0,0,-99
2023,18,6,1,1,1,4,4,4.98,0,0,0,0,-99
2023,18,7,0,0,1,4,1,1.21,0,0,0,0,-99
2023,18,8,0,0,1,4,2,2.56,0,0,0,0,-99
2023,19,1,1,1,0,3,1,0.67,0,0,0,0,-99
2023,19,2,1,1,0,3,2,1.43,0,0,0,0,-99
2023,19,3,1,1,0,3,1,0.64,0,0,0,0,-99
2023,19,4,1,1,0,3,2,2.24,0,0,0,0,-99
2023,19,5,1,1,0,3,2,2.14,0,0,0,0,-99
2023,19,6,1,1,0,3,0,0,0,0,0,0,-99
2023,19,7,0,0,0,3,2,1.72,0,0,0,0,-99
2023,19,8,0,0,0,3,3,2.8,0,0,0,0,-99
2023,20,1,1,0,1,2,1,1.19,0,0,0,0,-99
2023,20,2,1,0,1,2,1,0.87,0,0,0,0,-99
2023,20,3,1,0,1,2,1,0.41,1,0.15,0,0,-99
2023,20,4,1,0,1,2,3,3.07,0,0,0,0,-99
2023,20,5,1,0,1,2,0,0,0,0,4,1.27,-99
2023,20,6,1,0,1,2,0,0,0,0,1,0.19,-99
2023,20,7,0,0,1,2,0,0,0,0,0,0,-99
2023,20,8,0,0,1,2,1,0.86,0,0,0,0,-99
2024,1,1,1,1,1,4,3,3.93,0,0,0,0,-99
2024,1,2,1,1,1,4,4,9.68,0,0,1,0.31,-99
2024,1,3,1,1,1,4,3,4.26,0,0,1,0.63,-99
2024,1,4,1,1,1,4,0,0,0,0,1,0.16,-99
2024,1,5,1,1,1,4,5,6.14,0,0,0,0,-99
2024,1,6,1,1,1,4,1,1.68,0,0,0,0,-99
2024,1,7,0,1,1,4,1,0.27,0,0,0,0,-99
2024,1,8,0,1,1,4,5,8.05,0,0,2,0.38,-99
2024,2,1,1,0,0,1,1,0.93,0,0,4,0.35,-99
2024,2,2,1,0,0,1,0,0,0,0,0,0,-99
2024,2,3,1,0,0,1,4,5.04,0,0,0,0,-99
2024,2,4,1,0,0,1,3,2.98,0,0,0,0,-99
2024,2,5,1,0,0,1,6,6.5,0,0,0,0,-99
2024,2,6,1,0,0,1,3,4.37,0,0,0,0,-99
2024,2,7,0,0,0,1,4,6.15,0,0,1,0.08,-99
2024,2,8,0,0,0,1,1,1.35,0,0,0,0,-99
2024,3,1,1,1,0,3,1,2.47,0,0,0,0,-99
2024,3,2,1,1,0,3,3,4.4,0,0,0,0,-99
2024,3,3,1,1,0,3,3,4.17,0,0,0,0,-99
2024,3,4,1,1,0,3,2,2.81,0,0,0,0,-99
2024,3,5,1,1,0,3,2,2.18,0,0,0,0,-99
2024,3,6,1,1,0,3,0,0,0,0,0,0,-99
2024,3,7,0,1,0,3,4,3.83,0,0,0,0,-99
2024,3,8,0,1,0,3,0,0,0,0,0,0,-99
2024,4,1,1,0,1,2,3,2.81,0,0,5,0.66,-99
2024,4,2,1,0,1,2,3,4.55,1,0,0,0,-99
2024,4,3,1,0,1,2,2,3.04,0,0,0,0,-99
2024,4,4,1,0,1,2,0,0,0,0,0,0,-99
2024,4,5,1,0,1,2,3,3.38,0,0,0,0,-99
2024,4,6,1,0,1,2,3,3.5,0,0,1,0.18,-99
2024,4,7,0,0,1,2,1,2.25,0,0,0,0,-99
2024,4,8,0,0,1,2,1,1.28,0,0,0,0,-99
2024,5,1,1,1,1,4,2,2.94,0,0,0,0,-99
2024,5,2,1,1,1,4,0,0,0,0,0,0,-99
2024,5,3,1,1,1,4,2,2.98,0,0,0,0,-99
2024,5,4,1,1,1,4,5,3.09,0,0,0,0,-99
2024,5,5,1,1,1,4,5,8.05,0,0,2,0.32,-99
2024,5,6,1,1,1,4,2,1.16,0,0,1,0.22,-99
2024,5,7,0,1,1,4,1,1,0,0,0,0,-99
2024,5,8,0,1,1,4,1,1,0,0,0,0,-99
2024,6,1,1,0,0,1,4,5.04,0,0,0,0,-99
2024,6,2,1,0,0,1,1,1.23,0,0,0,0,-99
2024,6,3,1,0,0,1,1,1.39,0,0,0,0,-99
2024,6,4,1,0,0,1,3,3.56,0,0,0,0,-99
2024,6,5,1,0,0,1,2,1.89,0,0,0,0,-99
2024,6,6,1,0,0,1,1,0.66,0,0,0,0,-99
2024,6,7,0,0,0,1,1,1.24,0,0,5,0.92,-99
2024,6,8,0,0,0,1,3,3.14,0,0,0,0,-99
2024,7,1,1,0,0,1,2,2.11,0,0,1,0.18,-99
2024,7,2,1,0,0,1,2,2.98,0,0,0,0,-99
2024,7,3,1,0,0,1,1,1.88,0,0,0,0,-99
2024,7,4,1,0,0,1,1,1.18,0,0,1,0.28,-99
2024,7,5,1,0,0,1,1,1.55,0,0,0,0,-99
2024,7,6,1,0,0,1,0,0,0,0,0,0,-99
2024,7,7,0,0,0,1,1,1.66,0,0,0,0,-99
2024,7,8,0,0,0,1,1,0.83,0,0,0,0,-99
2024,8,1,1,1,0,3,2,2.53,0,0,0,0,-99
2024,8,2,1,1,0,3,3,4.38,0,0,0,0,-99
2024,8,3,1,1,0,3,0,0,0,0,0,0,-99
2024,8,4,1,1,0,3,1,1.12,0,0,0,0,-99
2024,8,5,1,1,0,3,3,3.25,0,0,0,0,-99
2024,8,6,1,1,0,3,2,2.05,0,0,0,0,-99
2024,8,7,0,1,0,3,4,4.37,0,0,0,0,-99
2024,8,8,0,1,0,3,1,1.78,0,0,0,0,-99
2024,9,1,1,1,0,3,1,0.96,0,0,0,0,-99
2024,9,2,1,1,0,3,2,1.41,0,0,0,0,-99
2024,9,3,1,1,0,3,3,0.77,0,0,0,0,-99
2024,9,4,1,1,0,3,1,1.06,0,0,0,0,-99
2024,9,5,1,1,0,3,1,0.21,0,0,0,0,-99
2024,9,6,1,1,0,3,4,4.28,0,0,0,0,-99
2024,9,7,0,1,0,3,3,3.09,0,0,0,0,-99
2024,9,8,0,1,0,3,2,1.99,0,0,0,0,-99
2024,10,1,1,0,1,2,2,2.68,0,0,2,0.58,-99
2024,10,2,1,0,1,2,2,1.67,0,0,1,0.27,-99
2024,10,3,1,0,1,2,2,1.59,0,0,9,2.09,-99
2024,10,4,1,0,1,2,2,0.97,0,0,1,0.05,-99
2024,10,5,1,0,1,2,0,0,0,0,1,0.35,-99
2024,10,6,1,0,1,2,4,4.61,0,0,2,0.7,-99
2024,10,7,0,0,1,2,1,0.8,0,0,0,0,-99
2024,10,8,0,0,1,2,0,0,0,0,0,0,-99
2024,11,1,1,0,1,2,1,1.18,0,0,6,1.02,-99
2024,11,2,1,0,1,2,0,0,0,0,3,0.47,-99
2024,11,3,1,0,1,2,1,0.63,0,0,13,1.99,-99
2024,11,4,1,0,1,2,5,5.02,1,0.01,0,0,-99
2024,11,5,1,0,1,2,2,0.9,0,0,4,0.62,-99
2024,11,6,1,0,1,2,2,1.39,0,0,4,0.63,-99
2024,11,7,0,0,1,2,1,1.05,0,0,0,0,-99
2024,11,8,0,0,1,2,0,0,0,0,0,0,-99
2024,12,1,1,1,1,4,4,3.32,0,0,1,0.01,-99
2024,12,2,1,1,1,4,1,0.66,0,0,0,0,-99
2024,12,3,1,1,1,4,2,2.71,0,0,1,0.17,-99
2024,12,4,1,1,1,4,3,1.52,0,0,0,0,-99
2024,12,5,1,1,1,4,4,3.94,0,0,7,1.68,-99
2024,12,6,1,1,1,4,3,3.08,0,0,2,0.06,-99
2024,12,7,0,1,1,4,5,5.82,1,0.13,0,0,-99
2024,12,8,0,1,1,4,0,0,0,0,0,0,-99
2024,13,1,1,1,0,3,1,1.47,0,0,0,0,-99
2024,13,2,1,1,0,3,3,3.15,0,0,0,0,-99
2024,13,3,1,1,0,3,3,3.08,0,0,0,0,-99
2024,13,4,1,1,0,3,1,0.98,0,0,0,0,-99
2024,13,5,1,1,0,3,5,4.34,0,0,0,0,-99
2024,13,6,1,1,0,3,4,4.18,0,0,0,0,-99
2024,13,7,0,1,0,3,4,2.23,0,0,0,0,-99
2024,13,8,0,1,0,3,3,2.68,0,0,0,0,-99
2024,14,1,1,0,1,2,1,0.7,0,0,7,1.81,-99
2024,14,2,1,0,1,2,3,4.41,0,0,4,0.93,-99
2024,14,3,1,0,1,2,1,0.9,0,0,4,0.34,-99
2024,14,4,1,0,1,2,5,4.64,0,0,10,1.17,-99
2024,14,5,1,0,1,2,2,1.95,0,0,2,0.31,-99
2024,14,6,1,0,1,2,2,1.8,0,0,2,0.4,-99
2024,14,7,0,0,1,2,0,0,1,0.05,4,0.41,-99
2024,14,8,0,0,1,2,3,2.98,0,0,0,0,-99
2024,15,1,1,1,1,4,2,2.8,0,0,4,1.2,-99
2024,15,2,1,1,1,4,0,0,0,0,0,0,-99
2024,15,3,1,1,1,4,3,4.75,0,0,0,0,-99
2024,15,4,1,1,1,4,2,1.86,0,0,0,0,-99
2024,15,5,1,1,1,4,2,1.88,0,0,0,0,-99
2024,15,6,1,1,1,4,1,1.1,0,0,0,0,-99
2024,15,7,0,1,1,4,1,0.55,0,0,0,0,-99
2024,15,8,0,1,1,4,4,4.11,0,0,0,0,-99
2024,16,1,1,0,0,1,1,1.11,0,0,0,0,-99
2024,16,2,1,0,0,1,2,2.29,0,0,0,0,-99
2024,16,3,1,0,0,1,2,3.29,0,0,0,0,-99
2024,16,4,1,0,0,1,1,0.83,0,0,0,0,-99
2024,16,5,1,0,0,1,3,2.18,0,0,0,0,-99
2024,16,6,1,0,0,1,1,0.66,0,0,0,0,-99
2024,16,7,0,0,0,1,4,5.7,0,0,0,0,-99
2024,16,8,0,0,0,1,2,3.43,0,0,0,0,-99
2024,17,1,1,0,0,1,3,3.91,0,0,0,0,-99
2024,17,2,1,0,0,1,1,1.13,0,0,0,0,-99
2024,17,3,1,0,0,1,4,5,0,0,0,0,-99
2024,17,4,1,0,0,1,1,0.39,0,0,2,0.36,-99
2024,17,5,1,0,0,1,0,0,0,0,0,0,-99
2024,17,6,1,0,0,1,5,4.78,0,0,0,0,-99
2024,17,7,0,0,0,1,4,5.23,0,0,1,0.07,-99
2024,17,8,0,0,0,1,1,0.6,1,0.29,0,0,-99
2024,18,1,1,1,1,4,1,0.63,0,0,1,0.24,-99
2024,18,2,1,1,1,4,2,2.73,0,0,0,0,-99
2024,18,3,1,1,1,4,3,3.98,0,0,0,0,-99
2024,18,4,1,1,1,4,3,2.08,0,0,0,0,-99
2024,18,5,1,1,1,4,1,1.49,0,0,0,0,-99
2024,18,6,1,1,1,4,4,4.56,0,0,1,0.09,-99
2024,18,7,0,1,1,4,2,3.02,1,0.31,0,0,-99
2024,18,8,0,1,1,4,1,1.64,0,0,3,0.45,-99
2024,19,1,1,1,0,3,2,2.74,0,0,0,0,-99
2024,19,2,1,1,0,3,4,5.12,0,0,0,0,-99
2024,19,3,1,1,0,3,1,1.76,0,0,0,0,-99
2024,19,4,1,1,0,3,1,1.89,0,0,1,0.43,-99
2024,19,5,1,1,0,3,3,4.05,0,0,0,0,-99
2024,19,6,1,1,0,3,0,0,0,0,0,0,-99
2024,19,7,0,1,0,3,4,4.59,0,0,0,0,-99
2024,19,8,0,1,0,3,2,3.97,0,0,0,0,-99
2024,20,1,1,0,1,2,0,0,0,0,1,0.45,-99
2024,20,2,1,0,1,2,2,2.26,3,0.43,1,0.33,-99
2024,20,3,1,0,1,2,0,0,0,0,1,0.17,-99
2024,20,4,1,0,1,2,0,0,0,0,0,0,-99
2024,20,5,1,0,1,2,0,0,0,0,3,0.54,-99
2024,20,6,1,0,1,2,2,1.87,0,0,3,0.75,-99
2024,20,7,0,0,1,2,2,2.72,0,0,0,0,-99
2024,20,8,0,0,1,2,2,1.89,0,0,0,0,-99
2025,1,1,1,1,1,4,3,3.01,0,0,0,0,-99
2025,1,2,1,1,1,4,2,2.33,0,0,0,0,-99
2025,1,3,1,1,1,4,1,1.97,0,0,0,0,-99
2025,1,4,1,1,1,4,3,3.33,0,0,0,0,-99
2025,1,5,1,1,1,4,1,2.07,0,0,0,0,-99
2025,1,6,1,1,1,4,1,1.3,0,0,1,0.04,-99
2025,1,7,0,0,1,4,1,0.97,0,0,1,0.01,-99
2025,1,8,0,0,1,4,0,0,0,0,0,0,-99
2025,2,1,1,0,0,1,0,0,0,0,0,0,-99
2025,2,2,1,0,0,1,1,1.38,0,0,0,0,-99
2025,2,3,1,0,0,1,2,1.43,0,0,0,0,-99
2025,2,4,1,0,0,1,2,2.52,0,0,0,0,-99
2025,2,5,1,0,0,1,0,0,0,0,0,0,-99
2025,2,6,1,0,0,1,1,1.63,0,0,0,0,-99
2025,2,7,0,0,0,1,1,1.72,0,0,0,0,-99
2025,2,8,0,0,0,1,2,2.82,0,0,0,0,-99
2025,3,1,1,1,0,3,3,3.03,0,0,0,0,-99
2025,3,2,1,1,0,3,4,3.4,0,0,0,0,-99
2025,3,3,1,1,0,3,3,5.12,0,0,0,0,-99
2025,3,4,1,1,0,3,3,2.29,0,0,0,0,-99
2025,3,5,1,1,0,3,1,0.28,0,0,0,0,-99
2025,3,6,1,1,0,3,1,1.58,0,0,0,0,-99
2025,3,7,0,0,0,3,2,2.56,0,0,0,0,-99
2025,3,8,0,0,0,3,0,0,0,0,0,0,-99
2025,4,1,1,0,1,2,1,1.5,0,0,0,0,-99
2025,4,2,1,0,1,2,3,3.91,0,0,1,0.43,-99
2025,4,3,1,0,1,2,1,0.68,0,0,0,0,-99
2025,4,4,1,0,1,2,4,5.07,0,0,2,0.34,-99
2025,4,5,1,0,1,2,1,0.17,0,0,0,0,-99
2025,4,6,1,0,1,2,4,5.64,0,0,4,0.36,-99
2025,4,7,0,0,1,2,3,4.36,0,0,3,0.29,-99
2025,4,8,0,0,1,2,1,1.22,0,0,0,0,-99
2025,5,1,1,1,1,4,2,1.66,0,0,0,0,-99
2025,5,2,1,1,1,4,4,5.2,0,0,0,0,-99
2025,5,3,1,1,1,4,3,3.68,0,0,0,0,-99
2025,5,4,1,1,1,4,1,0.33,0,0,0,0,-99
2025,5,5,1,1,1,4,2,2.63,0,0,0,0,-99
2025,5,6,1,1,1,4,2,1.68,0,0,0,0,-99
2025,5,7,0,0,1,4,1,1.82,0,0,0,0,-99
2025,5,8,0,0,1,4,3,3.24,0,0,0,0,-99
2025,6,1,1,0,0,1,0,0,0,0,0,0,-99
2025,6,2,1,0,0,1,4,2.77,0,0,0,0,-99
2025,6,3,1,0,0,1,3,2.35,0,0,1,0.28,-99
2025,6,4,1,0,0,1,1,0.81,0,0,0,0,-99
2025,6,5,1,0,0,1,0,0,0,0,0,0,-99
2025,6,6,1,0,0,1,2,1.45,0,0,0,0,-99
2025,6,7,0,0,0,1,1,0.35,0,0,0,0,-99
2025,6,8,0,0,0,1,1,0.82,0,0,0,0,-99
2025,7,1,1,0,0,1,3,2.99,0,0,0,0,-99
2025,7,2,1,0,0,1,3,3.09,0,0,0,0,-99
2025,7,3,1,0,0,1,2,2.19,0,0,0,0,-99
2025,7,4,1,0,0,1,1,1.26,0,0,0,0,-99
2025,7,5,1,0,0,1,0,0,0,0,0,0,-99
2025,7,6,1,0,0,1,0,0,0,0,0,0,-99
2025,7,7,0,0,0,1,2,3.41,0,0,0,0,-99
2025,7,8,0,0,0,1,1,1.95,1,0.01,0,0,-99
2025,8,1,1,1,0,3,2,3,0,0,0,0,-99
2025,8,2,1,1,0,3,2,2.85,0,0,0,0,-99
2025,8,3,1,1,0,3,3,3.64,0,0,0,0,-99
2025,8,4,1,1,0,3,0,0,0,0,0,0,-99
2025,8,5,1,1,0,3,1,0.86,0,0,0,0,-99
2025,8,6,1,1,0,3,2,1.42,0,0,0,0,-99
2025,8,7,0,0,0,3,1,1.47,0,0,0,0,-99
2025,8,8,0,0,0,3,1,1.69,0,0,0,0,-99
2025,9,1,1,1,0,3,4,2.88,0,0,0,0,-99
2025,9,2,1,1,0,3,3,3.24,0,0,0,0,-99
2025,9,3,1,1,0,3,1,0.82,0,0,0,0,-99
2025,9,4,1,1,0,3,3,3.55,0,0,0,0,-99
2025,9,5,1,1,0,3,0,0,0,0,0,0,-99
2025,9,6,1,1,0,3,3,3.82,0,0,0,0,-99
2025,9,7,0,0,0,3,0,0,0,0,0,0,-99
2025,9,8,0,0,0,3,1,1.05,0,0,0,0,-99
2025,10,1,1,0,1,2,2,1.14,0,0,2,0.65,-99
2025,10,2,1,0,1,2,1,0.98,0,0,1,0.42,-99
2025,10,3,1,0,1,2,1,1.07,0,0,0,0,-99
2025,10,4,1,0,1,2,3,3.67,0,0,0,0,-99
2025,10,5,1,0,1,2,1,0.67,0,0,0,0,-99
2025,10,6,1,0,1,2,1,1,0,0,0,0,-99
2025,10,7,0,0,1,2,5,3.42,0,0,0,0,-99
2025,10,8,0,0,1,2,3,4.31,0,0,0,0,-99
2025,11,1,1,0,1,2,3,2.26,0,0,1,0.11,-99
2025,11,2,1,0,1,2,4,4.63,0,0,1,0.06,-99
2025,11,3,1,0,1,2,3,1.57,0,0,0,0,-99
2025,11,4,1,0,1,2,0,0,0,0,5,0.9,-99
2025,11,5,1,0,1,2,0,0,0,0,0,0,-99
2025,11,6,1,0,1,2,1,0.45,0,0,3,0.53,-99
2025,11,7,0,0,1,2,2,1.62,12,1.12,0,0,-99
2025,11,8,0,0,1,2,5,3.18,0,0,0,0,-99
2025,12,1,1,1,1,4,0,0,0,0,0,0,-99
2025,12,2,1,1,1,4,2,3.06,0,0,0,0,-99
2025,12,3,1,1,1,4,6,6.01,0,0,1,0.09,-99
2025,12,4,1,1,1,4,0,0,0,0,0,0,-99
2025,12,5,1,1,1,4,6,6.22,0,0,0,0,-99
2025,12,6,1,1,1,4,3,2.51,0,0,0,0,-99
2025,12,7,0,0,1,4,2,1.62,0,0,0,0,-99
2025,12,8,0,0,1,4,1,0.31,0,0,0,0,-99
2025,13,1,1,1,0,3,0,0,0,0,0,0,-99
2025,13,2,1,1,0,3,3,3.92,0,0,0,0,-99
2025,13,3,1,1,0,3,2,1.09,0,0,0,0,-99
2025,13,4,1,1,0,3,3,2.14,0,0,0,0,-99
2025,13,5,1,1,0,3,2,1.29,0,0,0,0,-99
2025,13,6,1,1,0,3,1,0.41,0,0,0,0,-99
2025,13,7,0,0,0,3,0,0,0,0,0,0,-99
2025,13,8,0,0,0,3,3,2.4,1,0.14,0,0,-99
2025,14,1,1,0,1,2,6,6.46,0,0,1,0.14,-99
2025,14,2,1,0,1,2,1,0.62,0,0,1,0.31,-99
2025,14,3,1,0,1,2,2,1.9,0,0,4,1.37,-99
2025,14,4,1,0,1,2,3,2.84,0,0,11,2.45,-99
2025,14,5,1,0,1,2,3,1.67,0,0,1,0.53,-99
2025,14,6,1,0,1,2,1,0.91,0,0,0,0,-99
2025,14,7,0,0,1,2,3,4.01,0,0,0,0,-99
2025,14,8,0,0,1,2,0,0,0,0,0,0,-99
2025,15,1,1,1,1,4,4,5.38,0,0,1,0.16,-99
2025,15,2,1,1,1,4,3,4.42,0,0,0,0,-99
2025,15,3,1,1,1,4,4,1.77,0,0,0,0,-99
2025,15,4,1,1,1,4,3,3.62,0,0,0,0,-99
2025,15,5,1,1,1,4,1,1.22,0,0,0,0,-99
2025,15,6,1,1,1,4,1,1.25,0,0,0,0,-99
2025,15,7,0,0,1,4,3,2.62,0,0,0,0,-99
2025,15,8,0,0,1,4,1,1.08,0,0,0,0,-99
2025,16,1,1,0,0,1,5,6.3,0,0,0,0,-99
2025,16,2,1,0,0,1,1,1.42,0,0,0,0,-99
2025,16,3,1,0,0,1,1,0.7,0,0,0,0,-99
2025,16,4,1,0,0,1,4,3.85,0,0,0,0,-99
2025,16,5,1,0,0,1,2,3.1,0,0,0,0,-99
2025,16,6,1,0,0,1,1,0.9,0,0,0,0,-99
2025,16,7,0,0,0,1,2,3.47,0,0,0,0,-99
2025,16,8,0,0,0,1,4,4.94,0,0,0,0,-99
2025,17,1,1,0,0,1,1,0.27,0,0,0,0,-99
2025,17,2,1,0,0,1,1,1.28,0,0,0,0,-99
2025,17,3,1,0,0,1,0,0,0,0,0,0,-99
2025,17,4,1,0,0,1,4,4.8,0,0,0,0,-99
2025,17,5,1,0,0,1,2,1.86,0,0,0,0,-99
2025,17,6,1,0,0,1,1,1.19,0,0,0,0,-99
2025,17,7,0,0,0,1,1,1.29,0,0,0,0,-99
2025,17,8,0,0,0,1,1,1.7,0,0,0,0,-99
2025,18,1,1,1,1,4,4,5.21,0,0,0,0,-99
2025,18,2,1,1,1,4,5,7.37,0,0,0,0,-99
2025,18,3,1,1,1,4,3,3.04,0,0,2,0.7,-99
2025,18,4,1,1,1,4,2,2.3,0,0,2,0.41,-99
2025,18,5,1,1,1,4,2,2.43,1,0.01,0,0,-99
2025,18,6,1,1,1,4,1,1.1,0,0,1,0.42,-99
2025,18,7,0,0,1,4,2,3.42,1,0.16,0,0,-99
2025,18,8,0,0,1,4,2,1.65,0,0,0,0,-99
2025,19,1,1,1,0,3,3,4.17,0,0,0,0,-99
2025,19,2,1,1,0,3,3,3.4,0,0,0,0,-99
2025,19,3,1,1,0,3,4,3.14,0,0,0,0,-99
2025,19,4,1,1,0,3,5,5.8,0,0,0,0,-99
2025,19,5,1,1,0,3,3,4.41,0,0,0,0,-99
2025,19,6,1,1,0,3,2,3.21,0,0,0,0,-99
2025,19,7,0,0,0,3,4,4.79,0,0,0,0,-99
2025,19,8,0,0,0,3,1,0.45,0,0,0,0,-99
2025,20,1,1,0,1,2,0,0,0,0,4,1.22,-99
2025,20,2,1,0,1,2,3,3.53,0,0,1,0.33,-99
2025,20,3,1,0,1,2,0,0,0,0,3,1.06,-99
2025,20,4,1,0,1,2,1,0.52,0,0,5,0.66,-99
2025,20,5,1,0,1,2,2,1.44,0,0,0,0,-99
2025,20,6,1,0,1,2,0,0,0,0,2,0.63,-99
2025,20,7,0,0,1,2,3,2.48,0,0,1,0.04,-99
2025,20,8,0,0,1,2,1,1.34,0,0,0,0,-99
