Year,Chamber,CO2,Nitrogen,Treatment,Total_Height,Width,Phrag_Mass
2011,1,0,0,1,73,3.4,2.261206398
2011,1,0,0,1,90,3.6,3.039172993
2011,1,0,0,1,72,2.7,1.722662781
2011,1,0,0,1,146,4.7,7.495037613
2011,1,0,0,1,77,2.9,2.004002835
2011,1,0,0,1,120,3.9,4.733544812
2011,1,0,0,1,97,2.9,2.661427872
2011,1,0,0,1,181,6.6,14.5963778
2011,1,0,0,1,93,3.4,2.965560232
2011,1,0,0,1,146,4.4,6.999297892
2011,1,0,0,1,89,5.7,5.469069606
2011,1,0,0,1,118,4,4.755836861
2011,1,0,0,1,179,6.3,13.63107594
2011,1,0,0,1,246,7.3,25.04524939
2011,1,0,0,1,152,4.8,8.099038015
2011,1,0,0,1,108,4.9,5.41061001
2011,1,0,0,1,150,5.6,9.440219514
2011,1,0,0,1,147,4,6.436682992
2011,1,0,0,1,141,4.8,7.315983271
2011,1,0,0,1,118,5.2,6.44723847
2011,1,0,0,1,273,8.2,32.96353115
2011,1,0,0,1,110,4.6,5.111719035
2011,1,0,0,1,137,7.1,11.49965075
2011,2,1,0,3,130,3.2,4.384459882
2011,2,1,0,3,122,4.7,5.93727678
2011,2,1,0,3,118,3.4,4.034241699
2011,2,1,0,3,142,5,7.725643809
2011,2,1,0,3,113,2.7,3.085661026
2011,2,1,0,3,155,6.4,11.55209331
2011,2,1,0,3,117,4,4.703806637
2011,2,1,0,3,80,4.5,3.541427029
2011,2,1,0,3,165,6,11.57130123
2011,2,1,0,3,290,7.3,32.2711124
2011,2,1,0,3,251,6.3,22.36099589
2011,2,1,0,3,82,3.2,2.394596102
2011,2,1,0,3,119,4,4.808249357
2011,2,1,0,3,143,5.2,8.149887908
2011,2,1,0,3,193,4.9,11.72756837
2011,2,1,0,3,75,3.8,2.664356945
2011,2,1,0,3,121,3.8,4.659766396
2011,2,1,0,3,244,6.4,21.70517094
2011,2,1,0,3,142,4.99,7.7083672
2011,2,1,0,3,124,3.1,3.977719601
2011,2,1,0,3,106,3.3,3.390898997
2011,2,1,0,3,103,4,4.014738698
2011,2,1,0,3,92,3,2.569893366
2011,2,1,0,3,64,5.02,3.420875953
2011,2,1,0,3,76,2.63,1.785266878
2011,2,1,0,3,175,4.96,10.23648239
2011,2,1,0,3,219,5.82,16.76399476
2011,2,1,0,3,280,3.98,19.16512072
2011,2,1,0,3,189,5.49,12.68551323
2011,2,1,0,3,113,3.14,3.524755514
2011,2,1,0,3,128,3.72,4.926786545
2011,2,1,0,3,82,3.82,2.940112781
2011,2,1,0,3,278,6.35,26.59008909
2011,2,1,0,3,222,6.23,18.29259965
2011,2,1,0,3,159,5.84,10.68597137
2011,2,1,0,3,163,5.22,9.74963355
2011,2,1,0,3,126,4.97,6.595370817
2011,2,1,0,3,145,6.81,11.56633653
2011,2,1,0,3,222,7.79,23.24334455
2011,2,1,0,3,166,6.48,12.7731435
2011,2,1,0,3,236,5.71,18.52376582
2011,2,1,0,3,111,4.92,5.609291057
2011,2,1,0,3,198,4.83,12.04634301
2011,2,1,0,3,255,6.23,22.70042496
2011,2,1,0,3,61,2.12,1.125168115
2011,2,1,0,3,152,6.01,10.44008229
2011,2,1,0,3,157,7.08,13.34313178
2011,2,1,0,3,239,6.51,21.3699206
2011,2,1,0,3,95,2.86,2.555861393
2011,2,1,0,3,65,3.6,2.165386737
2011,2,1,0,3,147,4.35,6.985786701
2011,2,1,0,3,108,5.08,5.664938867
2011,2,1,0,3,132,4.65,6.479380532
2011,2,1,0,3,183,6.77,15.25653902
2011,2,1,0,3,224,6.69,19.93061455
2011,2,1,0,3,109,3.39,3.613546353
2011,2,1,0,3,120,4.74,5.876405374
2011,2,1,0,3,109,4.41,4.809189179
2011,2,1,0,3,122,4.01,4.980841242
2011,2,1,0,3,70,3.53,2.268322812
2011,3,0,1,2,227,5.8,17.66700827
2011,3,0,1,2,221,5.1,15.07245244
2011,3,0,1,2,179,5.5,11.75017893
2011,3,0,1,2,244,6.4,21.70517094
2011,3,0,1,2,208,4.5,12.26969389
2011,3,0,1,2,233,6,18.99858488
2011,3,0,1,2,239,5.3,17.71814426
2011,3,0,1,2,226,5.6,16.98407991
2011,3,0,1,2,128,5.5,7.602306478
2011,3,0,1,2,205,5.8,15.11639876
2011,3,0,1,2,120,3.7,4.485270987
2011,3,0,1,2,224,6.2,18.45362996
2011,3,0,1,2,140,4.3,6.449231723
2011,3,0,1,2,190,5.2,12.11485031
2011,3,0,1,2,253,8.4,30.31934089
2011,3,0,1,2,165,4.6,8.71928422
2011,3,0,1,2,177,5.3,11.1270723
2011,3,0,1,2,100,3.5,3.343286408
2011,3,0,1,2,125,3.9,4.999022548
2011,3,0,1,2,235,6,19.25510986
2011,3,0,1,2,276,6.2,25.73788641
2011,3,0,1,2,247,7.5,25.91533472
2011,3,0,1,2,127,2.5,3.469513594
2011,3,0,1,2,217,4.9,14.1335311
2011,3,0,1,2,179,5,10.66737471
2011,3,0,1,2,196,4.2,10.50801615
2011,3,0,1,2,122,5.2,6.701962472
2011,3,0,1,2,132,6.5,9.783036801
2011,3,0,1,2,90,2,1.7504536
2011,3,0,1,2,211,6,16.32559758
2011,3,0,1,2,217,5.8,16.47476246
2011,3,0,1,2,191,4.6,10.894996
2011,3,0,1,2,90,2.1,1.817558857
2011,3,0,1,2,80,1.8,1.37228834
2011,3,0,1,2,98,4.5,4.364767051
2011,3,0,1,2,295,7.4,33.58721766
2011,3,0,1,2,241,5.8,19.43081747
2011,3,0,1,2,200,5.2,13.09748858
2011,3,0,1,2,293,7.1,31.99125815
2011,3,0,1,2,300,6.8,32.02519987
2011,3,0,1,2,277,7,28.84615237
2011,3,0,1,2,275,7.4,30.06194859
2011,3,0,1,2,161,6.4,12.10737768
2011,3,0,1,2,192,4.5,10.77451523
2011,3,0,1,2,259,7.1,26.31935753
2011,3,0,1,2,223,6.2,18.32904672
2011,3,0,1,2,265,5.7,22.39378178
2011,3,0,1,2,231,5.6,17.58706936
2011,3,0,1,2,212,6.2,16.99544259
2011,3,0,1,2,224,5.4,16.20216968
2011,3,0,1,2,200,4.9,12.39854211
2011,3,0,1,2,117,4.7,5.642610409
2011,3,0,1,2,73,7.5,7.326681125
2011,3,0,1,2,244,7.9,26.92217396
2011,4,1,1,4,152,5.3,9.018544366
2011,4,1,1,4,195,5.3,12.83313433
2011,4,1,1,4,232,6,18.87118123
2011,4,1,1,4,110,4.1,4.471453374
2011,4,1,1,4,127,5.2,7.02969022
2011,4,1,1,4,224,6.2,18.45362996
2011,4,1,1,4,150,5.3,8.862437518
2011,4,1,1,4,222,4.8,14.42200791
2011,4,1,1,4,112,3.5,3.867531808
2011,4,1,1,4,160,4.4,7.982534338
2011,4,1,1,4,107,3.7,3.861008134
2011,4,1,1,4,232,5.4,17.14676626
2011,4,1,1,4,156,3.9,6.869289234
2011,4,1,1,4,226,6.7,20.22388951
2011,4,1,1,4,203,6.1,15.68513507
2011,4,1,1,4,91,3.7,3.175806471
2011,4,1,1,4,71,2.1,1.331856973
2011,4,1,1,4,82,3.5,2.649246328
2011,4,1,1,4,265,6.8,26.16864688
2011,4,1,1,4,85,3.1,2.413039984
2011,4,1,1,4,172,6.2,12.69241845
2011,4,1,1,4,127,3.6,4.720940701
2011,4,1,1,4,182,4.5,9.9047175
2011,4,1,1,4,217,5.5,15.66770572
2011,4,1,1,4,220,5.5,16.00953126
2011,4,1,1,4,82,3.4,2.562453409
2011,4,1,1,4,172,5.2,10.47226734
2011,4,1,1,4,229,6,18.49239027
2011,4,1,1,4,234,6.6,20.9767247
2011,4,1,1,4,234,6.6,20.9767247
2011,4,1,1,4,224,6.4,19.04733191
2011,4,1,1,4,142,5.1,7.899831813
2011,4,1,1,4,160,5.2,9.464143554
2011,4,1,1,4,231,6.6,20.57375491
2011,4,1,1,4,217,5,14.38193683
2011,4,1,1,4,179,5.8,12.43375023
2011,4,1,1,4,158,5.7,10.30575821
2011,4,1,1,4,108,3.9,4.135106855
2011,4,1,1,4,158,4,7.165425332
2011,4,1,1,4,91,4.6,4.147515686
2011,4,1,1,4,62,1.8,0.990897623
2011,4,1,1,4,100,3.3,3.144532075
2011,4,1,1,4,148,6.7,11.59021649
2011,4,1,1,4,142,5,7.725643809
2011,4,1,1,4,305,7.1,34.17242391
2011,4,1,1,4,315,7.6,38.27120578
2011,4,1,1,4,252,6.4,22.83393843
2011,4,1,1,4,276,7.8,31.83881371
2011,4,1,1,4,305,7.9,37.64593046
2011,4,1,1,4,293,7.1,31.99125815
2011,4,1,1,4,223,4.7,14.28124679
2011,4,1,1,4,214,5.2,14.56041601
2011,4,1,1,4,124,4.7,6.057957378
2011,4,1,1,4,247,4.7,17.02239392
2011,4,1,1,4,132,7.8,12.6754611
2011,4,1,1,4,160,5.8,10.68825833
2011,4,1,1,4,160,7.4,14.45848227
2011,4,1,1,4,330,8.3,44.70357648
2011,4,1,1,4,323,8.1,42.2300073
2011,4,1,1,4,266,8.3,32.14285585
2011,4,1,1,4,250,7.9,27.87248856
2011,4,1,1,4,130,7.2,11.10218964
2011,5,1,0,3,225,7.2,21.68615129
2011,5,1,0,3,121,3.7,4.53589841
2011,5,1,0,3,165,5,9.479692206
2011,5,1,0,3,166,4.8,9.173948124
2011,5,1,0,3,204,6.1,15.79761046
2011,5,1,0,3,232,5.1,16.32542311
2011,5,1,0,3,130,6.5,9.62108807
2011,5,1,0,3,204,4.4,11.66328673
2011,5,1,0,3,161,5.8,10.77577271
2011,5,1,0,3,255,6.2,22.60138691
2011,5,1,0,3,208,6.9,18.53276075
2011,5,1,0,3,168,3.4,6.884315912
2011,5,1,0,3,170,4.8,9.497641977
2011,5,1,0,3,172,4,8.169852545
2011,5,1,0,3,191,4.2,10.07250989
2011,5,1,0,3,177,5.2,10.91259986
2011,5,1,0,3,120,6.5,8.838101941
2011,5,1,0,3,170,3.6,7.343798008
2011,5,1,0,3,162,5.1,9.430999453
2011,5,1,0,3,127,4.5,5.944222691
2011,5,1,0,3,179,5.3,11.30867499
2011,5,1,0,3,276,6.1,25.38490033
2011,5,1,0,3,83,4,3.152241703
2011,5,1,0,3,191,4.5,10.68533114
2011,5,1,0,3,281,6.2,26.52513723
2011,5,1,0,3,182,3.9,8.757286678
2011,5,1,0,3,320,7.9,40.65950201
2011,5,1,0,3,303,6.4,30.9613505
2011,5,1,0,3,218,4.4,13.03574667
2011,5,1,0,3,152,3.7,6.300632835
2011,5,1,0,3,94,6.1,6.358060665
2011,5,1,0,3,155,3.5,6.191576088
2011,5,1,0,3,120,3.4,4.129379017
2011,5,1,0,3,85,5.1,4.462202741
2011,5,1,0,3,207,4.8,12.85986376
2011,5,1,0,3,66,5.3,3.811568614
2011,5,1,0,3,320,7.5,38.81929668
2011,5,1,0,3,190,5.2,12.11485031
2011,5,1,0,3,170,5,9.893158424
2011,5,1,0,3,240,5.6,18.70810648
2011,5,1,0,3,125,4.4,5.681228058
2011,5,1,0,3,137,5.8,8.803941528
2011,5,1,0,3,115,6,7.563423036
2011,5,1,0,3,245,5.1,17.8934779
2011,5,1,0,3,229,6.5,19.99749681
2011,5,1,0,3,265,5.7,22.39378178
2011,5,1,0,3,231,5.9,18.45041139
2011,5,1,0,3,105,3,3.05436762
2011,5,1,0,3,147,3.8,6.136231682
2011,5,1,0,3,70,3.1,1.942655729
2011,5,1,0,3,125,3.2,4.139010407
2011,5,1,0,3,157,4.9,8.65622656
2011,5,1,0,3,203,4.4,11.56912051
2011,5,1,0,3,204,5.3,13.74794838
2011,5,1,0,3,264,6.7,25.65448201
2011,5,1,0,3,75,4.5,3.332700056
2011,5,1,0,3,84,4.6,3.825442977
2011,6,0,1,2,171,6.6,13.56031306
2011,6,0,1,2,81,2.7,1.977585102
2011,6,0,1,2,281,6.4,27.25294371
2011,6,0,1,2,250,5.9,20.93718608
2011,6,0,1,2,189,7.7,18.58698874
2011,6,0,1,2,159,5.9,10.8139449
2011,6,0,1,2,174,3.4,7.296696288
2011,6,0,1,2,87,3,2.398150119
2011,6,0,1,2,190,4.4,10.39070691
2011,6,0,1,2,113,3.2,3.58767695
2011,6,0,1,2,94,5.8,5.900834615
2011,6,0,1,2,171,3.6,7.414189165
2011,6,0,1,2,110,5.7,6.729371597
2011,6,0,1,2,221,4.4,13.34320219
2011,6,0,1,2,109,4.1,4.421593958
2011,6,0,1,2,290,7.3,32.2711124
2011,6,0,1,2,140,3.1,4.777342412
2011,6,0,1,2,100,3,2.861419014
2011,6,0,1,2,152,5.7,9.80233945
2011,6,0,1,2,117,3.9,4.578862713
2011,6,0,1,2,175,4,8.396630766
2011,6,0,1,2,115,2.9,3.363951548
2011,6,0,1,2,72,7.2,6.754388165
2011,6,0,1,2,170,4.2,8.374614652
2011,6,0,1,2,229,7,21.58213239
2011,6,0,1,2,139,4,5.938931474
2011,6,0,1,2,241,6.5,21.61291543
2011,6,0,1,2,285,7.1,30.58996994
2011,6,0,1,2,205,4.9,12.89315957
2011,6,0,1,2,224,4.8,14.63938522
2011,6,0,1,2,216,5.2,14.77789777
2011,6,0,1,2,223,4.9,14.78248605
2011,6,0,1,2,234,5.1,16.56044499
2011,6,0,1,2,218,5,14.48983784
2011,6,0,1,2,100,5.1,5.242577534
2011,6,0,1,2,182,5.6,12.26069663
2011,6,0,1,2,110,3.5,3.776604588
2011,6,0,1,2,120,3.5,4.245833859
2011,6,0,1,2,80,2.9,2.094788463
2011,6,0,1,2,135,3.7,5.285179418
2011,6,0,1,2,130,4.2,5.689751765
2011,6,0,1,2,108,4.1,4.372106569
2011,6,0,1,2,90,2.2,1.886357593
2011,6,0,1,2,90,3.1,2.585234799
2011,6,0,1,2,175,3.9,8.218759307
2011,6,0,1,2,66,3.2,1.898532262
2011,6,0,1,2,167,5.4,10.45514275
2011,6,0,1,2,170,3.2,6.705864377
2011,6,0,1,2,231,4.8,15.41739224
2011,6,0,1,2,155,4.9,8.503455434
2011,6,0,1,2,234,4.4,14.73141502
2011,6,0,1,2,150,3.6,6.027941218
2011,6,0,1,2,154,4.3,7.382802019
2011,6,0,1,2,245,4.3,15.7167967
2011,6,0,1,2,190,5.7,13.28372817
2011,6,0,1,2,145,6.2,10.24256952
2011,6,0,1,2,170,3.3,6.86173427
2011,6,0,1,2,197,4.2,10.59659695
2011,6,0,1,2,248,4.1,15.54369936
2011,6,0,1,2,175,4.9,10.1143087
2011,6,0,1,2,170,3.8,7.677401761
2011,6,0,1,2,222,5,14.9268387
2011,6,0,1,2,102,2.1,2.178119673
2011,6,0,1,2,256,5.8,21.44682706
2011,6,0,1,2,215,4.2,12.27728345
2011,6,0,1,2,115,1.5,2.139475929
2011,6,0,1,2,253,5.8,21.0329781
2011,6,0,1,2,230,4.5,14.54272142
2011,6,0,1,2,292,6,27.57193985
2011,6,0,1,2,240,4.1,14.64293583
2011,6,0,1,2,230,5.4,16.90726673
2011,6,0,1,2,330,7.7,41.80283037
2011,6,0,1,2,130,3.6,4.879476707
2011,6,0,1,2,125,6.1,8.459900641
2011,6,0,1,2,192,5.6,13.24514945
2011,6,0,1,2,212,4.3,12.20898819
2011,6,0,1,2,120,2.6,3.273427513
2011,6,0,1,2,152,6.6,11.72912907
2011,6,0,1,2,300,6.6,31.22436636
2011,6,0,1,2,295,7.2,32.75771988
2011,6,0,1,2,270,8.5,33.69331813
2011,6,0,1,2,230,5.2,16.36120219
2011,6,0,1,2,75,2.9,1.944960231
2011,6,0,1,2,90,8.3,10.12348068
2011,6,0,1,2,257,7.6,27.85823481
2011,6,0,1,2,290,7.4,32.68139943
2011,6,0,1,2,104,3.9,3.947456642
2011,6,0,1,2,215,4.7,13.4376355
2011,6,0,1,2,170,4.3,8.555275675
2011,7,1,1,4,166,4.6,8.79706429
2011,7,1,1,4,139,4.2,6.234399453
2011,7,1,1,4,140,3.8,5.71191958
2011,7,1,1,4,139,4.4,6.539508311
2011,7,1,1,4,315,8.2,41.03647438
2011,7,1,1,4,261,5.6,21.50693513
2011,7,1,1,4,210,4,11.35954918
2011,7,1,1,4,330,7.8,42.27730149
2011,7,1,1,4,295,5.8,27.33036804
2011,7,1,1,4,177,4.4,9.295160844
2011,7,1,1,4,220,5.9,17.10502887
2011,7,1,1,4,250,5.4,19.40482679
2011,7,1,1,4,170,4.5,8.924355095
2011,7,1,1,4,159,4.6,8.262212368
2011,7,1,1,4,123,3.1,3.930946286
2011,7,1,1,4,109,2.1,2.408960329
2011,7,1,1,4,197,3.3,8.845557105
2011,7,1,1,4,280,7.1,29.73529343
2011,7,1,1,4,92,5.2,4.947084688
2011,7,1,1,4,160,6.1,11.33803236
2011,7,1,1,4,157,4.4,7.764559469
2011,7,1,1,4,129,4.3,5.77358027
2011,7,1,1,4,138,4,5.878579679
2011,7,1,1,4,280,5.5,23.92965621
2011,7,1,1,4,204,5.7,14.74905127
2011,7,1,1,4,195,4.7,11.47537325
2011,7,1,1,4,221,5.6,16.39503313
2011,7,1,1,4,294,5.7,26.80580773
2011,7,1,1,4,43,3.8,1.680021272
2011,7,1,1,4,224,4.4,13.65545443
2011,7,1,1,4,147,3.2,5.291256736
2011,7,1,1,4,70,3.7,2.406495009
2011,7,1,1,4,195,6.5,15.86168494
2011,7,1,1,4,133,5,7.103037804
2011,7,1,1,4,270,5.9,23.78617208
2011,7,1,1,4,163,5.2,9.709815978
2011,7,1,1,4,238,4.1,14.42331809
2011,7,1,1,4,167,3.2,6.508569016
2011,7,1,1,4,245,4.3,15.7167967
2011,7,1,1,4,251,7.6,26.90394981
2011,7,1,1,4,133,5.1,7.268669374
2011,7,1,1,4,108,5.6,6.444170547
2011,7,1,1,4,211,6.1,16.60002928
2011,7,1,1,4,155,5.3,9.256125087
2011,7,1,1,4,335,7.1,40.05412494
2011,7,1,1,4,300,7.1,33.25194321
2011,7,1,1,4,288,6.3,28.02475031
2011,7,1,1,4,107,4.9,5.354631007
2011,7,1,1,4,230,4.4,14.29449763
2011,7,1,1,4,187,3.5,8.422938981
2011,7,1,1,4,138,3.7,5.455791501
2011,7,1,1,4,50,2.5,1.091743348
2011,7,1,1,4,237,6.5,21.06513452
2011,7,1,1,4,119,4.8,5.904594586
2011,7,1,1,4,189,4.3,10.10130038
2011,7,1,1,4,69,5.4,4.062198048
2011,7,1,1,4,195,5.4,13.06934818
2011,7,1,1,4,110,4.7,5.246695748
2011,7,1,1,4,270,4.4,19.07084231
2011,7,1,1,4,271,5.3,21.95834685
2011,7,1,1,4,191,4.6,10.894996
2011,7,1,1,4,254,5.5,20.23704155
2011,7,1,1,4,270,6.6,26.22976764
2011,7,1,1,4,53,3,1.428515856
2011,8,0,0,1,93,2.6,2.27527819
2011,8,0,0,1,85,3.1,2.413039984
2011,8,0,0,1,92,4.2,3.738464494
2011,8,0,0,1,64,1.9,1.077190103
2011,8,0,0,1,84,2.2,1.718095212
2011,8,0,0,1,99,5.1,5.187924936
2011,8,0,0,1,89,2.5,2.07231158
2011,8,0,0,1,102,4.2,4.199745854
2011,8,0,0,1,94,3.8,3.399406389
2011,8,0,0,1,139,4.3,6.385739098
2011,8,0,0,1,131,4.1,5.606906422
2011,8,0,0,1,148,3.9,6.348451004
2011,8,0,0,1,169,4.7,9.223272505
2011,8,0,0,1,98,3.2,2.970317775
2011,8,0,0,1,70,3.7,2.406495009
2011,8,0,0,1,70,2.4,1.481807256
2011,8,0,0,1,160,5.9,10.90201239
2011,8,0,0,1,98,2.7,2.525416377
2011,8,0,0,1,151,5.4,9.131148135
2011,8,0,0,1,121,4.3,5.313028032
2011,8,0,0,1,104,3.5,3.512395844
2011,8,0,0,1,163,5.1,9.512353523
2011,8,0,0,1,112,3.6,3.979566962
2011,8,0,0,1,225,6.3,18.87520232
2011,8,0,0,1,128,4.5,6.004583075
2011,8,0,0,1,77,3.1,2.153720796
2011,8,0,0,1,254,6.7,24.14145579
2011,8,0,0,1,83,2.3,1.756922356
2011,8,0,0,1,214,6.8,18.98345129
2011,8,0,0,1,46,3.6,1.626847712
2011,8,0,0,1,225,5.6,16.86516036
2011,8,0,0,1,143,6.7,11.14165675
2011,8,0,0,1,137,4.1,5.963374065
2011,8,0,0,1,192,4.8,11.41480398
2011,8,0,0,1,203,5.6,14.38738936
2011,8,0,0,1,250,6.8,23.8948762
2011,8,0,0,1,149,4.9,8.055947794
2011,8,0,0,1,121,6,7.985653297
2011,8,0,0,1,228,6.6,20.17597924
2011,8,0,0,1,107,4,4.204221632
2011,8,0,0,1,198,5.9,14.61368714
2011,8,0,0,1,207,5.2,13.81604633
2011,8,0,0,1,140,4.9,7.414562821
2011,8,0,0,1,130,4.4,5.978539251
2011,9,1,1,4,210,5.7,15.40867007
2011,9,1,1,4,102,3,2.937591998
2011,9,1,1,4,225,5.9,17.70815194
2011,9,1,1,4,210,5.1,13.88529015
2011,9,1,1,4,147,5.5,9.008221878
2011,9,1,1,4,188,5.5,12.61077503
2011,9,1,1,4,219,6.5,18.71448014
2011,9,1,1,4,165,3.8,7.322661411
2011,9,1,1,4,164,3.6,6.930787203
2011,9,1,1,4,110,3.6,3.887016594
2011,9,1,1,4,170,5.5,10.9296545
2011,9,1,1,4,181,5.8,12.6278257
2011,9,1,1,4,191,5.7,13.38502174
2011,9,1,1,4,62,2.6,1.407201228
2011,9,1,1,4,167,4.5,8.689813717
2011,9,1,1,4,188,6.6,15.35217534
2011,9,1,1,4,177,7.2,15.75308381
2011,9,1,1,4,212,5.5,15.10886921
2011,9,1,1,4,190,5,11.667208
2011,9,1,1,4,105,3.2,3.248760072
2011,9,1,1,4,185,4.5,10.16054216
2011,9,1,1,4,168,5,9.726359192
2011,9,1,1,4,210,5.7,15.40867007
2011,9,1,1,4,183,6.1,13.54630874
2011,9,1,1,4,115,6.7,8.842004394
2011,9,1,1,4,102,4.1,4.082916772
2011,9,1,1,4,156,6.4,11.64343592
2011,9,1,1,4,206,6.3,16.57104431
2011,9,1,1,4,174,4,8.320577865
2011,9,1,1,4,150,3.3,5.600950451
2011,9,1,1,4,273,7.3,29.33425614
2011,10,1,0,3,112,3.8,4.210086588
2011,10,1,0,3,188,3.6,8.680601605
2011,10,1,0,3,133,4.2,5.867619709
2011,10,1,0,3,177,5.8,12.24167349
2011,10,1,0,3,60,2.8,1.477619501
2011,10,1,0,3,131,4,5.467525958
2011,10,1,0,3,239,6.9,22.64575911
2011,10,1,0,3,127,4,5.241479082
2011,10,1,0,3,157,5.3,9.416807957
2011,10,1,0,3,81,2.4,1.768636936
2011,10,1,0,3,105,2.5,2.60264762
2011,10,1,0,3,108,3,3.174197666
2011,10,1,0,3,122,3.9,4.838577745
2011,10,1,0,3,172,5.2,10.47226734
2011,10,1,0,3,232,5.2,16.5962206
2011,10,1,0,3,152,4.2,7.080860576
2011,10,1,0,3,82,4.4,3.520162534
2011,10,1,0,3,176,5.5,11.47226556
2011,10,1,0,3,186,4.7,10.65857409
2011,10,1,0,3,169,5.7,11.27291157
2011,10,1,0,3,161,4.6,8.412748536
2011,10,1,0,3,112,3.8,4.210086588
2011,10,1,0,3,87,2.7,2.160791554
2011,10,1,0,3,122,5.7,7.529638952
2011,10,1,0,3,201,7.4,19.16664507
2011,10,1,0,3,152,5.7,9.80233945
2011,10,1,0,3,116,4.2,4.907110599
2011,10,1,0,3,77,4.3,3.210892757
2011,10,1,0,3,118,3.1,3.702572289
2011,10,1,0,3,146,4.7,7.495037613
2011,10,1,0,3,103,3,2.976180259
2011,10,1,0,3,234,5.6,17.95562336
2011,10,1,0,3,155,4.6,7.966548849
2011,10,1,0,3,258,7.1,26.16357224
2011,10,1,0,3,211,6.2,16.87751933
2011,10,1,0,3,177,5.5,11.56441082
2011,10,1,0,3,148,3.4,5.622355824
2011,10,1,0,3,156,5,8.764783076
2011,10,1,0,3,130,4,5.410417042
2011,10,1,0,3,110,4.2,4.594958699
2011,10,1,0,3,152,4.3,7.244257466
2011,10,1,0,3,195,6.2,15.06424003
2011,10,1,0,3,118,6.2,8.13017046
2011,10,1,0,3,146,5.4,8.741601924
2011,10,1,0,3,132,3.3,4.607433687
2011,10,1,0,3,162,4.9,9.046135592
2011,10,1,0,3,232,6.8,21.34508085
2011,10,1,0,3,52,4.3,2.310794534
2011,10,1,0,3,189,5.2,12.01938149
2011,10,1,0,3,196,5.8,14.14814579
2011,10,1,0,3,233,7,22.13460997
2011,10,1,0,3,204,7.2,18.93481684
2011,10,1,0,3,252,7,24.8878894
2011,10,1,0,3,139,5.7,8.768401508
2011,10,1,0,3,72,3.3,2.151519975
2011,10,1,0,3,158,5.9,10.72635298
2011,10,1,0,3,102,3.4,3.325191667
2011,11,0,0,1,108,4.3,4.617993172
2011,11,0,0,1,116,3,3.508977086
2011,11,0,0,1,106,3.9,4.040555545
2011,11,0,0,1,72,3.2,2.075597799
2011,11,0,0,1,170,4.9,9.694055489
2011,11,0,0,1,75,3,2.017554118
2011,11,0,0,1,149,4.2,6.879124365
2011,11,0,0,1,148,4.3,6.972389924
2011,11,0,0,1,188,4.9,11.26342317
2011,11,0,0,1,128,4.3,5.714610744
2011,11,0,0,1,214,5.9,16.39955221
2011,11,0,0,1,219,5.8,16.70877963
2011,11,0,0,1,82,3.2,2.394596102
2011,11,0,0,1,216,7.3,20.79455231
2011,11,0,0,1,222,6.1,17.91513082
2011,11,0,0,1,231,6.2,19.341555
2011,11,0,0,1,161,4.9,8.967236264
2011,11,0,0,1,106,3.5,3.599048043
2011,11,0,0,1,242,7.5,25.15508764
2011,11,0,0,1,58,2.2,1.1039733
2011,11,0,0,1,214,4.9,13.81630041
2011,11,0,0,1,188,7.7,18.46459069
2011,11,0,0,1,227,6.8,20.67050613
2011,11,0,0,1,217,6.5,18.46464725
2011,11,0,0,1,174,4.9,10.02930555
2011,11,0,0,1,194,3.8,9.540222608
2011,11,0,0,1,165,5.5,10.49077086
2011,11,0,0,1,193,5.9,14.08345516
2011,12,0,1,2,152,7,12.66082015
2011,12,0,1,2,244,7.6,25.81846217
2011,12,0,1,2,119,4.3,5.201849957
2011,12,0,1,2,212,6,16.4412825
2011,12,0,1,2,124,5.2,6.831802571
2011,12,0,1,2,170,5.9,11.8091263
2011,12,0,1,2,115,4.4,5.116505482
2011,12,0,1,2,125,5,6.578504905
2011,12,0,1,2,199,6.3,15.77190787
2011,12,0,1,2,155,4.5,7.792736061
2011,12,0,1,2,192,6.1,14.48294401
2011,12,0,1,2,125,4.6,5.970604244
2011,12,0,1,2,159,4.3,7.736866804
2011,12,0,1,2,159,4.1,7.399309113
2011,12,0,1,2,70,4.9,3.544434157
2011,12,0,1,2,254,5.8,21.17033065
2011,12,0,1,2,273,6.7,27.06912259
2011,12,0,1,2,98,5.5,5.693398219
2011,12,0,1,2,222,6,17.62833013
2011,12,0,1,2,109,2.4,2.660474449
2011,12,0,1,2,213,5.6,15.48115197
2011,12,0,1,2,92,3.7,3.216043663
2011,12,0,1,2,90,3.5,2.944449712
2011,12,0,1,2,221,3.8,11.97071864
2011,12,0,1,2,172,3.1,6.684240814
2011,12,0,1,2,203,3,8.777515555
2011,12,0,1,2,225,7.3,22.01468335
2011,12,0,1,2,198,6,14.87072514
2011,12,0,1,2,228,6.7,20.48851758
2011,12,0,1,2,133,4.7,6.621277736
2011,12,0,1,2,276,7.7,31.4319175
2011,12,0,1,2,209,5.8,15.56054338
2011,12,0,1,2,214,4.2,12.17955484
2011,12,0,1,2,211,6.6,18.01840188
2011,12,0,1,2,253,7,25.03880129
2011,12,0,1,2,185,2.8,7.096486655
2011,12,0,1,2,91,2.9,2.451081102
2011,12,0,1,2,248,6.8,23.60204921
2011,12,0,1,2,244,6.5,22.02992533
2011,12,0,1,2,197,4.9,12.10793336
2011,12,0,1,2,264,5,20.05695425
2011,12,0,1,2,249,5,18.10843145
2012,1,0,0,1,77,3.7,2.647228301
2012,1,0,0,1,165,4.5,8.535758276
2012,1,0,0,1,87,3.3,2.652283912
2012,1,0,0,1,64,2.6,1.455044326
2012,1,0,0,1,59,4.3,2.5431238
2012,1,0,0,1,193,5.5,13.10655054
2012,1,0,0,1,250,6.6,23.21501078
2012,1,0,0,1,98,4.2,4.010935266
2012,1,0,0,1,195,5.6,13.5504362
2012,1,0,0,1,120,4.3,5.257243067
2012,1,0,0,1,111,4.4,4.901535187
2012,1,0,0,1,92,6.6,7.040168912
2012,1,0,0,1,143,6.4,10.49298187
2012,2,1,0,3,100,3.5,3.343286408
2012,2,1,0,3,152,3.9,6.605448181
2012,2,1,0,3,135,4.6,6.593572095
2012,2,1,0,3,169,4,7.947194786
2012,2,1,0,3,100,3.7,3.550244116
2012,2,1,0,3,230,4.8,15.30460077
2012,2,1,0,3,140,4.8,7.247410603
2012,2,1,0,3,175,5,10.31847566
2012,2,1,0,3,145,4.1,6.461734186
2012,2,1,0,3,300,8.1,37.56666412
2012,2,1,0,3,130,4.8,6.585101695
2012,2,1,0,3,110,2.3,2.610484564
2012,2,1,0,3,245,6.5,22.17011136
2012,2,1,0,3,125,3.2,4.139010407
2012,2,1,0,3,220,4.6,13.71781416
2012,2,1,0,3,235,5.1,16.67879707
2012,2,1,0,3,150,4.6,7.606998518
2012,2,1,0,3,52,4.9,2.835160664
2012,2,1,0,3,115,4.4,5.116505482
2012,2,1,0,3,90,4.9,4.461169767
2012,2,1,0,3,65,3.2,1.870037766
2012,2,1,0,3,225,7.3,22.01468335
2012,2,1,0,3,167,5.3,10.24816761
2012,2,1,0,3,290,6.9,30.66430192
2012,2,1,0,3,98,4.6,4.487176641
2012,2,1,0,3,92,3.2,2.744710746
2012,2,1,0,3,240,6,19.90650196
2012,2,1,0,3,146,4.4,6.999297892
2012,2,1,0,3,298,7.3,33.71845884
2012,2,1,0,3,215,6.1,17.07052386
2012,2,1,0,3,135,5.6,8.282365645
2012,2,1,0,3,235,6.6,21.11220803
2012,2,1,0,3,105,4.5,4.716555071
2012,2,1,0,3,195,5.1,12.36927962
2012,2,1,0,3,207,5.7,15.07645581
2012,2,1,0,3,195,6.1,14.80448963
2012,2,1,0,3,88,4.8,4.242282445
2012,2,1,0,3,255,5.8,21.30827987
2012,2,1,0,3,152,2.7,4.916401747
2012,2,1,0,3,109,4.1,4.421593958
2012,2,1,0,3,288,6.6,29.15678504
2012,2,1,0,3,310,7.6,37.28560099
2012,2,1,0,3,120,4.8,5.964424578
2012,2,1,0,3,120,5.5,7.057071812
2012,2,1,0,3,120,5.7,7.392081643
2012,3,0,1,2,203,5.4,13.88902823
2012,3,0,1,2,170,4.4,8.738516393
2012,3,0,1,2,160,5.1,9.269685518
2012,3,0,1,2,235,5.8,18.66118944
2012,3,0,1,2,124,3.3,4.206505896
2012,3,0,1,2,190,5,11.667208
2012,3,0,1,2,97,3.6,3.320180579
2012,3,0,1,2,116,4.2,4.907110599
2012,3,0,1,2,252,5.1,18.77794004
2012,3,0,1,2,221,6.1,17.79280474
2012,3,0,1,2,205,4.4,11.75796254
2012,3,0,1,2,199,4.9,12.30116174
2012,3,0,1,2,128,5.2,7.096492081
2012,3,0,1,2,220,4.5,13.47758951
2012,3,0,1,2,140,5.2,7.931399979
2012,3,0,1,2,238,5.8,19.04341153
2012,3,0,1,2,142,3.6,5.549106061
2012,3,0,1,2,171,5.7,11.45501268
2012,3,0,1,2,171,4.9,9.777156319
2012,3,0,1,2,188,4.5,10.42073439
2012,3,0,1,2,139,5.6,8.581287356
2012,3,0,1,2,143,6.5,10.70632798
2012,3,0,1,2,128,5.9,8.313344692
2012,3,0,1,2,152,3.5,6.00534211
2012,3,0,1,2,217,5.7,16.20273816
2012,3,0,1,2,140,3.8,5.71191958
2012,3,0,1,2,210,5.4,14.6337674
2012,3,0,1,2,222,5.8,17.06394421
2012,3,0,1,2,102,2.4,2.414569806
2012,3,0,1,2,252,7.4,26.32343609
2012,3,0,1,2,217,4.8,13.88800228
2012,3,0,1,2,207,5.8,15.33739929
2012,3,0,1,2,272,7.4,29.55544997
2012,3,0,1,2,279,6.8,28.41692792
2012,3,0,1,2,192,4.8,11.41480398
2012,3,0,1,2,232,6.1,19.1693682
2012,3,0,1,2,203,5.1,13.16327485
2012,3,0,1,2,215,5.2,14.66888819
2012,3,0,1,2,249,6.6,23.07066468
2012,3,0,1,2,235,4.8,15.87409973
2012,3,0,1,2,231,5.7,17.87178817
2012,3,0,1,2,149,4.3,7.039707567
2012,3,0,1,2,203,5,12.92709845
2012,3,0,1,2,171,4.4,8.816637515
2012,3,0,1,2,192,4.4,10.56653193
2012,3,0,1,2,173,4.1,8.423453985
2012,3,0,1,2,205,6.5,17.01220073
2012,3,0,1,2,219,5.3,15.36750057
2012,3,0,1,2,254,5.9,21.48768663
2012,3,0,1,2,243,6.6,22.21713571
2012,3,0,1,2,167,3.9,7.630875101
2012,3,0,1,2,173,6.6,13.76346807
2012,3,0,1,2,153,6.6,11.82112542
2012,3,0,1,2,160,7,13.44425548
2012,3,0,1,2,145,6.8,11.5437652
2012,3,0,1,2,284,6.8,29.25005619
2012,3,0,1,2,285,6.9,29.80567947
2012,3,0,1,2,245,6.9,23.50623526
2012,3,0,1,2,286,8.9,38.47170927
2012,3,0,1,2,247,6.5,22.45226502
2012,3,0,1,2,237,5.6,18.32929066
2012,3,0,1,2,265,7.6,29.16535294
2012,3,0,1,2,153,6.7,12.05065675
2012,3,0,1,2,190,8.1,19.94747621
2012,3,0,1,2,260,7.8,29.11484288
2012,3,0,1,2,191,5.4,12.67188825
2012,3,0,1,2,123,4.2,5.288783737
2012,3,0,1,2,101,4.3,4.270206694
2012,4,1,1,4,80,6.9,6.766013521
2012,4,1,1,4,250,4.3,16.30068534
2012,4,1,1,4,198,5.4,13.37283639
2012,4,1,1,4,219,5.2,15.10816416
2012,4,1,1,4,191,4.6,10.894996
2012,4,1,1,4,152,4.7,7.922979433
2012,4,1,1,4,233,6.3,19.9059826
2012,4,1,1,4,232,6.6,20.70749938
2012,4,1,1,4,198,6.8,17.03636068
2012,4,1,1,4,216,3.5,10.85884621
2012,4,1,1,4,251,5.6,20.14171565
2012,4,1,1,4,88,5.5,5.136555372
2012,4,1,1,4,188,4.7,10.83661855
2012,4,1,1,4,202,5.1,13.06221993
2012,4,1,1,4,198,5.3,13.13341253
2012,4,1,1,4,135,3.2,4.639426132
2012,4,1,1,4,175,5.8,12.05158515
2012,4,1,1,4,157,4,7.097012809
2012,4,1,1,4,228,5.7,17.50492383
2012,4,1,1,4,234,5.5,17.67055348
2012,4,1,1,4,242,6.2,20.79367624
2012,4,1,1,4,157,5.8,10.4285607
2012,4,1,1,4,180,4.6,9.935030109
2012,4,1,1,4,210,4.7,12.92763434
2012,4,1,1,4,211,5.5,14.99872103
2012,4,1,1,4,178,3.8,8.268513005
2012,4,1,1,4,168,4.7,9.143112568
2012,4,1,1,4,178,3.7,8.092783404
2012,4,1,1,4,210,5.2,14.13187471
2012,4,1,1,4,292,7.6,33.87768167
2012,4,1,1,4,251,6.1,21.71109944
2012,4,1,1,4,219,6,17.2664148
2012,4,1,1,4,221,6.2,18.08156491
2012,4,1,1,4,85,6.5,6.433378099
2012,4,1,1,4,187,6.2,14.20846139
2012,4,1,1,4,161,3.2,6.125663941
2012,4,1,1,4,198,3.8,9.877320042
2012,4,1,1,4,211,4.7,13.02858353
2012,4,1,1,4,210,4.7,12.92763434
2012,4,1,1,4,90,4.6,4.100439373
2012,4,1,1,4,242,6.6,22.07696051
2012,4,1,1,4,212,5.5,15.10886921
2012,4,1,1,4,292,7.4,33.04174619
2012,4,1,1,4,220,5.5,16.00953126
2012,4,1,1,4,207,5.4,14.31141684
2012,4,1,1,4,278,5,21.99727772
2012,4,1,1,4,298,6.7,31.26946095
2012,4,1,1,4,257,6.7,24.58893465
2012,4,1,1,4,211,6.3,17.15808466
2012,4,1,1,4,382,5,40.45416749
2012,4,1,1,4,212,6.7,18.43501384
2012,4,1,1,4,207,5.2,13.81604633
2012,4,1,1,4,220,5.8,16.82661469
2012,4,1,1,4,204,5.3,13.74794838
2012,4,1,1,4,240,5.8,19.30110402
2012,4,1,1,4,188,5.7,13.08267674
2012,4,1,1,4,201,3.9,10.33645727
2012,4,1,1,4,270,7,27.69845336
2012,4,1,1,4,140,3.5,5.297744098
2012,4,1,1,4,192,7.3,17.76305452
2012,4,1,1,4,112,4.8,5.496949639
2012,4,1,1,4,241,6.2,20.65876001
2012,4,1,1,4,208,3.6,10.34587735
2012,4,1,1,4,156,3.3,5.961362158
2012,4,1,1,4,294,6.9,31.36295256
2012,4,1,1,4,222,4.9,14.67297592
2012,4,1,1,4,184,7.5,17.3948898
2012,4,1,1,4,257,6.4,23.55891321
2012,4,1,1,4,304,7.5,35.69073861
2012,4,1,1,4,218,8.3,24.44857765
2012,5,1,0,3,104,3.6,3.617996928
2012,5,1,0,3,91,2.6,2.210723645
2012,5,1,0,3,121,2.3,3.025212324
2012,5,1,0,3,125,2.2,3.090470558
2012,5,1,0,3,158,4.1,7.32951381
2012,5,1,0,3,134,2.2,3.466508632
2012,5,1,0,3,92,1.8,1.6743908
2012,5,1,0,3,150,2.4,4.441863653
2012,5,1,0,3,143,3.4,5.333015754
2012,5,1,0,3,105,1.9,2.12225099
2012,5,1,0,3,136,3.3,4.817113447
2012,5,1,0,3,97,2.4,2.248528743
2012,5,1,0,3,182,4.9,10.72281648
2012,5,1,0,3,113,2.5,2.898761618
2012,5,1,0,3,163,3.2,6.251581274
2012,5,1,0,3,222,4.4,13.44675147
2012,5,1,0,3,152,2.9,5.175105824
2012,5,1,0,3,185,4.5,10.16054216
2012,5,1,0,3,148,3.8,6.198510666
2012,5,1,0,3,201,5.6,14.17501097
2012,5,1,0,3,200,2.7,8.01644734
2012,5,1,0,3,220,5.3,15.47977495
2012,5,1,0,3,257,5,19.13111967
2012,5,1,0,3,134,3.1,4.466018792
2012,5,1,0,3,152,2.9,5.175105824
2012,5,1,0,3,130,3.6,4.879476707
2012,5,1,0,3,138,3.2,4.797049235
2012,5,1,0,3,187,4.9,11.17208882
2012,5,1,0,3,162,3.4,6.48777321
2012,5,1,0,3,81,2.4,1.768636936
2012,5,1,0,3,91,2.2,1.915427163
2012,5,1,0,3,198,3.8,9.877320042
2012,5,1,0,3,131,3.4,4.679470136
2012,5,1,0,3,195,4.8,11.69466812
2012,5,1,0,3,179,3.7,8.167767343
2012,5,1,0,3,161,2.9,5.69681206
2012,5,1,0,3,313,7.6,37.87490609
2012,5,1,0,3,108,3.9,4.135106855
2012,5,1,0,3,171,3.3,6.92930502
2012,5,1,0,3,164,4.3,8.102074562
2012,5,1,0,3,201,3.7,9.936747628
2012,5,1,0,3,188,4.1,9.621161321
2012,5,1,0,3,196,5.2,12.69829789
2012,5,1,0,3,171,4.3,8.632414326
2012,5,1,0,3,182,4.2,9.319232271
2012,5,1,0,3,142,3.5,5.411590394
2012,5,1,0,3,243,6.4,21.56674788
2012,5,1,0,3,124,3.6,4.56587636
2012,5,1,0,3,245,4.8,17.05513263
2012,5,1,0,3,102,3.4,3.325191667
2012,5,1,0,3,106,3.2,3.289903835
2012,5,1,0,3,129,2.6,3.661604439
2012,5,1,0,3,237,4.8,16.10579736
2012,5,1,0,3,189,4.5,10.50844209
2012,5,1,0,3,244,5.3,18.34105705
2012,5,1,0,3,242,5.3,18.09016944
2012,5,1,0,3,172,4.6,9.273477339
2012,5,1,0,3,118,2.9,3.491879295
2012,5,1,0,3,211,4.8,13.26479899
2012,5,1,0,3,182,4,8.942016174
2012,5,1,0,3,196,4.4,10.92411007
2012,5,1,0,3,87,2.4,1.939635437
2012,5,1,0,3,88,2.2,1.829103787
2012,5,1,0,3,128,2.8,3.831381584
2012,5,1,0,3,152,4.6,7.749490984
2012,5,1,0,3,248,3.1,13.10383415
2012,5,1,0,3,177,3.7,8.0182598
2012,5,1,0,3,107,2.3,2.504359805
2012,6,0,1,2,164,6.3,12.15926308
2012,6,0,1,2,94,2.5,2.229436679
2012,6,0,1,2,135,4,5.69998024
2012,6,0,1,2,211,4.6,12.79518915
2012,6,0,1,2,177,4.2,8.917455914
2012,6,0,1,2,278,6.2,26.05088989
2012,6,0,1,2,207,4.9,13.09463229
2012,6,0,1,2,240,5.3,17.84158025
2012,6,0,1,2,214,6.1,16.95207773
2012,6,0,1,2,318,7.5,38.41861042
2012,6,0,1,2,288,6.4,28.39877715
2012,6,0,1,2,327,8.3,44.0521903
2012,6,0,1,2,283,6.6,28.32296735
2012,6,0,1,2,209,4.8,13.06128522
2012,6,0,1,2,180,3.9,8.601093298
2012,6,0,1,2,323,6.3,34.19463133
2012,6,0,1,2,257,5.6,20.95367994
2012,6,0,1,2,183,4.6,10.19099939
2012,6,0,1,2,151,5.1,8.566513092
2012,6,0,1,2,251,5.2,18.9421111
2012,6,0,1,2,286,5.6,25.18681292
2012,6,0,1,2,193,3.8,9.457164018
2012,6,0,1,2,222,4.6,13.92868976
2012,6,0,1,2,252,5.7,20.58433078
2012,6,0,1,2,150,4.1,6.786884815
2012,6,0,1,2,163,3.8,7.183882929
2012,6,0,1,2,11,2.3,0.426345712
2012,6,0,1,2,302,6.9,32.79192916
2012,6,0,1,2,222,6.2,18.20502546
2012,6,0,1,2,252,6.4,22.83393843
2012,6,0,1,2,153,4.4,7.480149343
2012,6,0,1,2,201,4.4,11.38231135
2012,6,0,1,2,235,5.6,18.07960924
2012,6,0,1,2,215,4.6,13.19996032
2012,6,0,1,2,307,6.4,31.66981021
2012,6,0,1,2,235,4.8,15.87409973
2012,6,0,1,2,141,5.2,8.003789714
2012,6,0,1,2,251,4.9,18.07435789
2012,6,0,1,2,340,7.7,43.94407544
2012,6,0,1,2,276,7.2,29.44936092
2012,6,0,1,2,231,5.3,16.75108834
2012,6,0,1,2,291,6.6,29.66484472
2012,6,0,1,2,262,6.2,23.61677644
2012,6,0,1,2,207,5.6,14.81848896
2012,6,0,1,2,286,5.4,24.4986803
2012,6,0,1,2,141,3.7,5.630036344
2012,6,0,1,2,274,5.5,23.04072884
2012,6,0,1,2,249,5.1,18.39540021
2012,6,0,1,2,190,4,9.593651016
2012,6,0,1,2,284,7.2,30.81376624
2012,6,0,1,2,200,4.2,10.86532343
2012,6,0,1,2,177,5.5,11.56441082
2012,6,0,1,2,295,7.1,32.34814232
2012,6,0,1,2,292,6.9,31.01231565
2012,6,0,1,2,183,4,9.021804465
2012,6,0,1,2,139,4.5,6.695726437
2012,6,0,1,2,228,5.3,16.39771978
2012,6,0,1,2,300,7.6,35.36544804
2012,6,0,1,2,304,6.3,30.74388229
2012,6,0,1,2,176,6.9,14.84347205
2012,6,0,1,2,245,5.8,19.95548285
2012,6,0,1,2,322,7.8,40.60514978
2012,6,0,1,2,311,7.3,36.16161698
2012,6,0,1,2,283,6.6,28.32296735
2012,6,0,1,2,177,4.5,9.487948344
2012,6,0,1,2,260,6,22.6589492
2012,6,0,1,2,211,5.7,15.52048304
2012,6,0,1,2,183,5.9,13.06178034
2012,6,0,1,2,90,3.4,2.851715355
2012,6,0,1,2,282,5.7,24.91591549
2012,6,0,1,2,299,7.8,36.04450525
2012,6,0,1,2,211,5.6,15.25811523
2012,6,0,1,2,207,5.4,14.31141684
2012,6,0,1,2,264,5.8,22.5768866
2012,6,0,1,2,263,3.9,16.78707441
2012,6,0,1,2,288,8.9,38.86422363
2012,6,0,1,2,243,5.9,19.99658031
2012,6,0,1,2,316,8,40.30463512
2012,6,0,1,2,289,7,30.88662839
2012,6,0,1,2,188,4.5,10.42073439
2012,6,0,1,2,286,6.7,29.20289163
2012,6,0,1,2,288,7.3,31.91586588
2012,6,0,1,2,196,2.4,7.228043509
2012,6,0,1,2,267,6.6,25.76184039
2012,6,0,1,2,230,6.9,21.39482374
2012,6,0,1,2,120,5.5,7.057071812
2012,6,0,1,2,181,5.5,11.93792589
2012,6,0,1,2,257,5.4,20.3338559
2012,6,0,1,2,105,2,2.197816615
2012,7,1,1,4,214,4.4,12.63320339
2012,7,1,1,4,172,4.6,9.273477339
2012,7,1,1,4,143,7.9,14.00352029
2012,7,1,1,4,351,7.6,45.88492156
2012,7,1,1,4,329,6.8,37.49246255
2012,7,1,1,4,181,3.3,7.629568745
2012,7,1,1,4,165,2.9,5.939510476
2012,7,1,1,4,191,3,7.855380442
2012,7,1,1,4,204,3.3,9.415814851
2012,7,1,1,4,267,4.6,19.2624891
2012,7,1,1,4,240,3.8,13.9079745
2012,7,1,1,4,184,4.6,10.27728939
2012,7,1,1,4,253,3.2,13.86752948
2012,7,1,1,4,215,3.6,10.97548949
2012,7,1,1,4,262,5.1,20.09131422
2012,7,1,1,4,252,5.3,19.36780331
2012,7,1,1,4,299,5.9,28.35936912
2012,7,1,1,4,235,4.6,15.35227742
2012,7,1,1,4,264,4.9,19.75582404
2012,7,1,1,4,199,3.8,9.962817225
2012,7,1,1,4,183,3.1,7.441240604
2012,7,1,1,4,307,5.9,29.71666635
2012,7,1,1,4,177,3.6,7.846001781
2012,7,1,1,4,232,4.1,13.77766209
2012,7,1,1,4,192,3.5,8.813799417
2012,7,1,1,4,110,5.3,6.106732517
2012,7,1,1,4,348,7.2,43.27541524
2012,7,1,1,4,201,4.3,11.16774804
2012,7,1,1,4,224,4.3,13.41656084
2012,7,1,1,4,208,4.2,11.60405471
2012,7,1,1,4,261,4.9,19.35892065
2012,7,1,1,4,207,3.4,9.861745309
2012,7,1,1,4,224,4.4,13.65545443
2012,7,1,1,4,340,6.7,39.2667545
2012,7,1,1,4,237,4.8,16.10579736
2012,7,1,1,4,197,3.3,8.845557105
2012,7,1,1,4,154,3.8,6.581053474
2012,7,1,1,4,244,7.5,25.45737621
2012,7,1,1,4,255,5.8,21.30827987
2012,7,1,1,4,290,5.2,24.42923599
2012,7,1,1,4,268,4.8,19.99070136
2012,7,1,1,4,118,2.5,3.094778038
2012,7,1,1,4,251,4,15.63089079
2012,7,1,1,4,235,4.5,15.09571046
2012,7,1,1,4,249,4.9,17.8244628
2012,7,1,1,4,140,2,3.524261405
2012,7,1,1,4,278,5.2,22.64135446
2012,7,1,1,4,166,3.8,7.392715899
2012,7,1,1,4,200,3.4,9.274256458
2012,7,1,1,4,166,2.9,6.001243439
2012,7,1,1,4,311,6.5,32.79455956
2012,7,1,1,4,220,5.5,16.00953126
2012,7,1,1,4,232,4.2,14.01957408
2012,7,1,1,4,290,6.3,28.35549848
2012,7,1,1,4,275,6.3,25.93737191
2012,7,1,1,4,279,5.3,23.11477676
2012,7,1,1,4,261,4.9,19.35892065
2012,7,1,1,4,275,6.6,27.02217888
2012,7,1,1,4,234,4,13.74941881
2012,7,1,1,4,253,5.3,19.49877794
2012,7,1,1,4,307,7.5,36.26403451
2012,7,1,1,4,97,5,4.946672693
2012,7,1,1,4,199,5.8,14.46615521
2012,7,1,1,4,231,7.5,23.53518816
2012,7,1,1,4,244,5.9,20.12919114
2012,7,1,1,4,271,5.5,22.60464215
2012,7,1,1,4,324,8.4,43.89565894
2012,8,0,0,1,97,3.7,3.422334578
2012,8,0,0,1,152,5.5,9.404999273
2012,8,0,0,1,110,4.8,5.384027861
2012,8,0,0,1,125,4,5.130830437
2012,8,0,0,1,161,4.3,7.881603082
2012,8,0,0,1,212,5.3,14.59674346
2012,8,0,0,1,83,3.2,2.428183437
2012,8,0,0,1,136,4.5,6.50224184
2012,8,0,0,1,65,3.6,2.165386737
2012,8,0,0,1,153,4.2,7.14897213
2012,8,0,0,1,145,5.2,8.297753253
2012,8,0,0,1,164,5.1,9.594174106
2012,8,0,0,1,156,4.7,8.217137548
2012,8,0,0,1,164,4.7,8.827117248
2012,8,0,0,1,57,4.1,2.30892085
2012,8,0,0,1,127,2.9,3.895038214
2012,8,0,0,1,132,4.2,5.807924599
2012,9,1,1,4,171,5.5,11.01887473
2012,9,1,1,4,119,5.2,6.510303266
2012,9,1,1,4,100,3.9,3.765571092
2012,9,1,1,4,131,2.7,3.860396023
2012,9,1,1,4,270,7.1,28.07399721
2012,9,1,1,4,152,5.4,9.21042061
2012,9,1,1,4,178,5.3,11.21762865
2012,9,1,1,4,155,4.2,7.286502785
2012,9,1,1,4,127,4.3,5.656044122
2012,9,1,1,4,152,3.5,6.00534211
2012,9,1,1,4,141,6.2,9.908932245
2012,9,1,1,4,191,5.7,13.38502174
2012,9,1,1,4,85,6.9,7.087469301
2012,9,1,1,4,183,5.9,13.06178034
2012,9,1,1,4,209,6,16.09585826
2012,9,1,1,4,73,6,5.016559124
2012,9,1,1,4,220,5.3,15.47977495
2012,9,1,1,4,223,6.7,19.8312352
2012,9,1,1,4,165,4.1,7.82740504
2012,9,1,1,4,204,4.8,12.56163101
2012,9,1,1,4,207,4.8,12.85986376
2012,9,1,1,4,225,6.7,20.09243428
2012,9,1,1,4,227,5.1,15.74761956
2012,9,1,1,4,175,4.5,9.324570584
2012,9,1,1,4,145,7.2,12.46974164
2012,9,1,1,4,129,6.6,9.742764871
2012,9,1,1,4,151,4.3,7.175639957
2012,9,1,1,4,201,6.1,15.46178841
2012,9,1,1,4,291,7.5,33.27623174
2012,9,1,1,4,117,3.5,4.101209352
2012,9,1,1,4,204,5.9,15.26733014
2012,9,1,1,4,244,7,23.7023649
2012,9,1,1,4,90,6.1,6.11538255
2012,10,1,0,3,97,3.3,3.025955056
2012,10,1,0,3,190,4.6,10.80527731
2012,10,1,0,3,195,3.9,9.81886118
2012,10,1,0,3,90,4.6,4.100439373
2012,10,1,0,3,120,4,4.861045527
2012,10,1,0,3,205,6.6,17.29531921
2012,10,1,0,3,180,5.4,11.62059746
2012,10,1,0,3,185,7.4,17.22383726
2012,10,1,0,3,213,7,19.46414302
2012,10,1,0,3,150,4.9,8.129414652
2012,10,1,0,3,125,5.4,7.226327995
2012,10,1,0,3,145,4.3,6.773014631
2012,10,1,0,3,140,6.3,10.03128785
2012,10,1,0,3,175,5.5,11.38061107
2012,10,1,0,3,150,4.9,8.129414652
2012,10,1,0,3,155,5,8.68764302
2012,10,1,0,3,211,6.2,16.87751933
2012,10,1,0,3,154,4.7,8.069164894
2012,10,1,0,3,114,2.7,3.125702976
2012,10,1,0,3,212,6.2,16.99544259
2012,10,1,0,3,171,4.1,8.271702487
2012,10,1,0,3,184,5.2,11.54955391
2012,10,1,0,3,198,4.6,11.53697071
2012,10,1,0,3,165,5.2,9.87593711
2012,10,1,0,3,206,6.9,18.28602735
2012,10,1,0,3,168,4.5,8.767531711
2012,10,1,0,3,223,5.7,16.9046998
2012,10,1,0,3,188,5.8,13.32297929
2012,10,1,0,3,183,5.3,11.67778672
2012,10,1,0,3,178,4.9,10.37219718
2012,10,1,0,3,205,5,13.12862779
2012,10,1,0,3,165,4.7,8.905422128
2012,10,1,0,3,193,5.4,12.86959531
2012,10,1,0,3,227,6.8,20.67050613
2012,10,1,0,3,152,4.5,7.578553773
2012,10,1,0,3,148,4.5,7.29913242
2012,10,1,0,3,196,5.4,13.16999508
2012,10,1,0,3,149,4.7,7.707028471
2012,10,1,0,3,153,4.9,8.35249244
2012,10,1,0,3,205,6,15.64286583
2012,10,1,0,3,129,4.9,6.678052758
2012,10,1,0,3,182,6.1,13.44480324
2012,10,1,0,3,140,5.5,8.471713446
2012,10,1,0,3,99,4.9,4.920634131
2012,10,1,0,3,123,4.5,5.706826186
2012,10,1,0,3,209,5.8,15.56054338
2012,10,1,0,3,145,4.7,7.425247682
2012,10,1,0,3,142,4.6,7.054494579
2012,10,1,0,3,182,4.8,10.51422535
2012,10,1,0,3,115,3.8,4.356606523
2012,10,1,0,3,171,4.7,9.384995208
2012,10,1,0,3,183,5,11.02405132
2012,10,1,0,3,172,6.4,13.17108573
2012,10,1,0,3,205,5.3,13.8521986
2012,10,1,0,3,174,4.5,9.243589777
2012,10,1,0,3,120,3.7,4.485270987
2012,10,1,0,3,210,6.2,16.76014281
2012,10,1,0,3,65,6.2,4.868885402
2012,11,0,0,1,187,5.2,11.82995114
2012,11,0,0,1,142,3.8,5.83108701
2012,11,0,0,1,197,4.9,12.10793336
2012,11,0,0,1,217,5.3,15.14458309
2012,11,0,0,1,123,3.3,4.15808978
2012,11,0,0,1,191,4.9,11.54041022
2012,11,0,0,1,113,5.3,6.290153593
2012,11,0,0,1,218,6.3,18.00299763
2012,11,0,0,1,260,6.7,25.04190918
2012,11,0,0,1,226,5.3,16.16492343
2012,11,0,0,1,228,6.7,20.48851758
2012,11,0,0,1,242,5.8,19.56111079
2012,11,0,0,1,190,4.6,10.80527731
2012,11,0,0,1,152,4,6.761474831
2012,11,0,0,1,125,5,6.578504905
2012,11,0,0,1,122,4.9,6.235751721
2012,11,0,0,1,266,5.9,23.19691342
2012,11,0,0,1,124,3.9,4.94515302
2012,11,0,0,1,148,4.2,6.812740488
2012,12,0,1,2,101,3.7,3.593578298
2012,12,0,1,2,121,4.5,5.590535782
2012,12,0,1,2,152,5.4,9.21042061
2012,12,0,1,2,190,5.3,12.34290239
2012,12,0,1,2,151,4.5,7.508041705
2012,12,0,1,2,175,3.5,7.532391131
2012,12,0,1,2,95,5.4,5.381416536
2012,12,0,1,2,181,5.5,11.93792589
2012,12,0,1,2,175,5.6,11.60142512
2012,12,0,1,2,221,4.7,14.0671284
2012,12,0,1,2,110,3.4,3.668303494
2012,12,0,1,2,190,5.5,12.80755654
2012,12,0,1,2,122,6.4,8.7989574
2012,12,0,1,2,180,4.8,10.33999195
2012,12,0,1,2,192,5.6,13.24514945
2012,12,0,1,2,218,5.8,16.59149598
2012,12,0,1,2,160,4.6,8.337253948
2012,12,0,1,2,130,5.7,8.096932233
2012,12,0,1,2,155,6.7,12.23819418
2012,12,0,1,2,170,5.5,10.9296545
2012,12,0,1,2,170,4,8.020958542
2012,12,0,1,2,210,6.4,17.32211698
2012,12,0,1,2,150,5.2,8.675217614
2012,12,0,1,2,120,6.6,9.0311076
2012,12,0,1,2,140,4.7,7.082789615
2012,12,0,1,2,187,6.1,13.95743963
2012,12,0,1,2,152,4.7,7.922979433
2012,12,0,1,2,222,5.9,17.34460679
2012,12,0,1,2,165,4.4,8.354825843
2012,12,0,1,2,160,4.9,8.888797043
2012,12,0,1,2,155,5.7,10.05194792
2012,12,0,1,2,190,5.8,13.52617711
2012,12,0,1,2,166,4.9,9.366360873
2012,12,0,1,2,100,4.7,4.713889516
2012,12,0,1,2,210,5.8,15.67292251
2012,12,0,1,2,160,5.2,9.464143554
2012,12,0,1,2,201,5.7,14.42642139
2012,12,0,1,2,160,5.4,9.861180349
2012,12,0,1,2,100,4.6,4.587518558
2012,12,0,1,2,184,5.9,13.16164752
2012,12,0,1,2,120,3.3,4.015073302
2012,12,0,1,2,180,4.9,10.54653549
2012,12,0,1,2,182,6.5,14.44517829
2012,12,0,1,2,267,7,27.21605175
2012,12,0,1,2,237,7.3,23.71450514
2012,12,0,1,2,112,4.5,5.086754846
2012,12,0,1,2,257,6.2,22.88846595
2012,12,0,1,2,275,6.6,27.02217888
2013,1,0,0,1,105,2.4,2.518012519
2013,1,0,0,1,143,3.6,5.607520684
2013,1,0,0,1,134,4,5.641261078
2013,1,0,0,1,104,3.4,3.408869852
2013,1,0,0,1,166,4,7.72861971
2013,1,0,0,1,134,4.3,6.074519799
2013,1,0,0,1,113,4.3,4.877642907
2013,1,0,0,1,202,2.1,7.173624609
2013,1,0,0,1,201,3.3,9.16850911
2013,1,0,0,1,139,4.1,6.085470027
2013,1,0,0,1,278,6.7,27.87704378
2013,1,0,0,1,98,1.2,1.461127247
2013,1,0,0,1,167,5.4,10.45514275
2013,1,0,0,1,112,3.6,3.979566962
2013,1,0,0,1,61,4.5,2.792229967
2013,1,0,0,1,194,5.3,12.73406829
2013,1,0,0,1,277,7.1,29.23021078
2013,2,1,0,3,100,2.7,2.595830402
2013,2,1,0,3,110,2.7,2.967589905
2013,2,1,0,3,124,3.2,4.091046596
2013,2,1,0,3,185,4.3,9.761524574
2013,2,1,0,3,144,3.4,5.390069941
2013,2,1,0,3,163,3.5,6.706936368
2013,2,1,0,3,166,4,7.72861971
2013,2,1,0,3,140,3.2,4.904090167
2013,2,1,0,3,115,3.2,3.675937745
2013,2,1,0,3,126,3.1,4.072376381
2013,2,1,0,3,153,3.7,6.364108705
2013,2,1,0,3,96,2.5,2.294445733
2013,2,1,0,3,170,2.9,6.25245273
2013,2,1,0,3,185,4.3,9.761524574
2013,2,1,0,3,144,3.4,5.390069941
2013,2,1,0,3,143,3.2,5.067618825
2013,2,1,0,3,190,4.7,11.0166348
2013,2,1,0,3,140,4.9,7.414562821
2013,2,1,0,3,98,3.8,3.569642298
2013,2,1,0,3,247,5.6,19.61223001
2013,2,1,0,3,127,2.9,3.895038214
2013,2,1,0,3,264,5.8,22.5768866
2013,2,1,0,3,292,5.2,24.73607214
2013,2,1,0,3,201,3.7,9.936747628
2013,2,1,0,3,178,4.6,9.766787552
2013,2,1,0,3,205,5.2,13.60813017
2013,2,1,0,3,283,6.1,26.48307565
2013,2,1,0,3,118,3.5,4.149046496
2013,2,1,0,3,98,4,3.786003469
2013,2,1,0,3,193,4.1,10.04426914
2013,2,1,0,3,155,3.5,6.191576088
2013,2,1,0,3,139,3.3,4.978480907
2013,2,1,0,3,97,3.4,3.122011665
2013,2,1,0,3,164,4,7.585152495
2013,2,1,0,3,137,3.1,4.619932484
2013,2,1,0,3,192,4.4,10.56653193
2013,2,1,0,3,184,4.4,9.87495601
2013,2,1,0,3,154,3.2,5.698282431
2013,2,1,0,3,121,5.2,6.637663939
2013,2,1,0,3,194,5.5,13.20723958
2013,2,1,0,3,246,5.1,18.01809132
2013,2,1,0,3,149,3.4,5.681451757
2013,2,1,0,3,124,3.4,4.324117374
2013,2,1,0,3,155,3.2,5.758079073
2013,2,1,0,3,185,3.7,8.627417395
2013,2,1,0,3,105,3.4,3.451230298
2013,2,1,0,3,109,4.3,4.669167032
2013,2,1,0,3,129,3.2,4.334614437
2013,2,1,0,3,190,4.1,9.788948442
2013,2,1,0,3,130,2.9,4.036015083
2013,2,1,0,3,170,4,8.020958542
2013,2,1,0,3,219,4.6,13.61317924
2013,2,1,0,3,115,6.3,8.095111886
2013,2,1,0,3,135,6.6,10.23738974
2013,2,1,0,3,218,5.6,16.0482297
2013,2,1,0,3,155,3.9,6.802682439
2013,2,1,0,3,169,4.2,8.29891287
2013,2,1,0,3,157,3.9,6.936329392
2013,2,1,0,3,169,4.2,8.29891287
2013,2,1,0,3,123,2.8,3.605980922
2013,2,1,0,3,111,3.6,3.933110295
2013,2,1,0,3,298,6.7,31.26946095
2013,2,1,0,3,211,4.4,12.33679585
2013,2,1,0,3,117,3.3,3.875374351
2013,2,1,0,3,238,5.7,18.74766115
2013,2,1,0,3,169,3.7,7.438472953
2013,2,1,0,3,134,3.5,4.965807441
2013,2,1,0,3,120,3.1,3.792829189
2013,2,1,0,3,178,4.9,10.37219718
2013,2,1,0,3,155,3.4,6.044743385
2013,2,1,0,3,163,4.1,7.682921089
2013,2,1,0,3,146,3.6,5.785221345
2013,2,1,0,3,84,6,5.61715185
2013,2,1,0,3,144,3.8,5.951900474
2013,2,1,0,3,127,3.3,4.354006303
2013,2,1,0,3,128,6.8,10.07235236
2013,2,1,0,3,216,4.3,12.60309186
2013,2,1,0,3,154,4.1,7.054721571
2013,3,0,1,2,111,2.7,3.006605969
2013,3,0,1,2,90,4.6,4.100439373
2013,3,0,1,2,94,3,2.640823202
2013,3,0,1,2,203,4.6,12.0106411
2013,3,0,1,2,116,5.6,6.95697898
2013,3,0,1,2,187,7.2,16.88615337
2013,3,0,1,2,272,6.3,25.47086793
2013,3,0,1,2,114,2.4,2.845980409
2013,3,0,1,2,270,6.3,25.16299374
2013,3,0,1,2,282,6.3,27.04795748
2013,3,0,1,2,300,5.9,28.52672243
2013,3,0,1,2,136,2.8,4.211240185
2013,3,0,1,2,141,3.7,5.630036344
2013,3,0,1,2,198,4.9,12.20429261
2013,3,0,1,2,211,4.5,12.56459891
2013,3,0,1,2,205,4.4,11.75796254
2013,3,0,1,2,164,5,9.398406349
2013,3,0,1,2,202,3.9,10.42445318
2013,3,0,1,2,240,5.4,18.12738104
2013,3,0,1,2,177,3.8,8.193020815
2013,3,0,1,2,165,3.8,7.322661411
2013,3,0,1,2,215,4.9,13.92151076
2013,3,0,1,2,193,4,9.845945339
2013,3,0,1,2,323,8.5,44.17166147
2013,3,0,1,2,203,6.6,17.0586624
2013,3,0,1,2,197,4.4,11.01474764
2013,3,0,1,2,318,7.6,38.8708236
2013,3,0,1,2,174,3.8,7.969304022
2013,3,0,1,2,256,5.9,21.76651897
2013,3,0,1,2,179,6.6,14.38508694
2013,3,0,1,2,266,5.6,22.21208975
2013,3,0,1,2,248,4.7,17.14364115
2013,3,0,1,2,188,4.2,9.817074408
2013,3,0,1,2,249,5.6,19.8757974
2013,3,0,1,2,210,4.3,12.0150554
2013,3,0,1,2,176,4.1,8.65454362
2013,3,0,1,2,237,5.2,17.19358938
2013,3,0,1,2,214,4.6,13.09797896
2013,3,0,1,2,178,4,8.627567227
2013,3,0,1,2,245,5.3,18.46736607
2013,3,0,1,2,232,4.7,15.27168867
2013,3,0,1,2,225,4.8,14.74888822
2013,3,0,1,2,225,5,15.26029352
2013,3,0,1,2,235,4.8,15.87409973
2013,3,0,1,2,205,6.2,16.18141685
2013,3,0,1,2,234,5.3,17.10949747
2013,3,0,1,2,200,4.5,11.50591825
2013,3,0,1,2,254,6.3,22.78882495
2013,3,0,1,2,211,4.7,13.02858353
2013,3,0,1,2,232,4.2,14.01957408
2013,3,0,1,2,141,2.8,4.460949998
2013,3,0,1,2,269,6.4,25.36110752
2013,3,0,1,2,120,2.8,3.475081073
2013,3,0,1,2,258,7.2,26.52797947
2013,3,0,1,2,155,7,12.95093693
2013,3,0,1,2,219,4.5,13.37403154
2013,3,0,1,2,324,8.4,43.89565894
2013,3,0,1,2,219,4.5,13.37403154
2013,3,0,1,2,153,6.7,12.05065675
2013,3,0,1,2,181,4.3,9.429454817
2013,3,0,1,2,193,4.2,10.24523839
2013,3,0,1,2,201,4.6,11.81964761
2013,3,0,1,2,179,4.1,8.889821557
2013,3,0,1,2,156,3.8,6.711980242
2013,3,0,1,2,191,4.2,10.07250989
2013,3,0,1,2,158,4,7.165425332
2013,3,0,1,2,187,4.1,9.537991585
2013,3,0,1,2,209,4.1,11.48123275
2013,3,0,1,2,239,5.2,17.43649388
2013,3,0,1,2,237,7.9,25.84107169
2013,3,0,1,2,167,3.7,7.298030378
2013,3,0,1,2,254,6.6,23.79841601
2013,3,0,1,2,229,5.5,17.06476526
2013,3,0,1,2,152,5.3,9.018544366
2013,3,0,1,2,198,6.9,17.32099203
2013,3,0,1,2,116,6.9,9.310178788
2013,3,0,1,2,152,7.3,13.39107258
2013,3,0,1,2,159,6.5,12.15031709
2013,3,0,1,2,235,5.2,16.95295133
2013,4,1,1,4,340,8.8,49.50245528
2013,4,1,1,4,174,3.7,7.797436826
2013,4,1,1,4,187,3.7,8.784381016
2013,4,1,1,4,230,3.5,12.18635527
2013,4,1,1,4,220,3.6,11.44051419
2013,4,1,1,4,247,5.1,18.14328196
2013,4,1,1,4,238,4,14.17770443
2013,4,1,1,4,196,3.4,8.949269474
2013,4,1,1,4,173,4.3,8.788079889
2013,4,1,1,4,168,2.5,5.561082499
2013,4,1,1,4,335,8,44.31774783
2013,4,1,1,4,163,2.3,5.010063462
2013,4,1,1,4,161,3,5.837460362
2013,4,1,1,4,172,3.3,6.997317922
2013,4,1,1,4,293,6.5,29.62003433
2013,4,1,1,4,194,3.2,8.429615955
2013,4,1,1,4,204,3.5,9.80079125
2013,4,1,1,4,176,3.4,7.437729497
2013,4,1,1,4,182,3.7,8.395495347
2013,4,1,1,4,209,4.8,13.06128522
2013,4,1,1,4,285,6.1,26.8025559
2013,4,1,1,4,258,4.4,17.54108419
2013,4,1,1,4,142,5.8,9.192990822
2013,4,1,1,4,121,5.5,7.123751508
2013,4,1,1,4,276,5.2,22.35213096
2013,4,1,1,4,213,4.2,12.08234624
2013,4,1,1,4,206,3.4,9.776342028
2013,4,1,1,4,204,1.8,6.844627983
2013,4,1,1,4,215,4.1,12.05353609
2013,4,1,1,4,183,2.8,6.958651882
2013,4,1,1,4,248,4.6,16.86970223
2013,4,1,1,4,244,4.4,15.86246028
2013,4,1,1,4,222,3.7,11.8476666
2013,4,1,1,4,203,3.3,9.332891793
2013,4,1,1,4,276,5.1,22.03089404
2013,4,1,1,4,200,6.2,15.61616886
2013,4,1,1,4,85,4.9,4.218734735
2013,4,1,1,4,211,6.5,17.72850899
2013,4,1,1,4,89,5.7,5.469069606
2013,4,1,1,4,257,5.5,20.64221699
2013,4,1,1,4,320,7.7,39.73229719
2013,4,1,1,4,286,5.2,23.82319695
2013,4,1,1,4,330,8,43.23698732
2013,4,1,1,4,283,6.2,26.84447835
2013,4,1,1,4,350,9.8,57.42800848
2013,4,1,1,4,232,5.6,17.70935472
2013,4,1,1,4,260,5.3,20.43217053
2013,4,1,1,4,72,6,4.964187725
2013,4,1,1,4,202,4.6,11.91488922
2013,4,1,1,4,184,4.4,9.87495601
2013,4,1,1,4,237,5.1,16.91719021
2013,4,1,1,4,72,6,4.964187725
2013,4,1,1,4,216,4.5,13.06654318
2013,4,1,1,4,225,4.9,15.00313823
2013,4,1,1,4,171,3.4,7.088507008
2013,4,1,1,4,231,3.8,12.96617803
2013,4,1,1,4,244,4.8,16.93447887
2013,4,1,1,4,270,5.5,22.46051222
2013,4,1,1,4,214,4.3,12.40499666
2013,4,1,1,4,273,7.7,30.91245832
2013,4,1,1,4,241,5,17.12285494
2013,4,1,1,4,206,5.3,13.95697451
2013,4,1,1,4,265,6.1,23.72122863
2013,4,1,1,4,310,6.7,33.43129546
2013,4,1,1,4,272,6.8,27.27734683
2013,4,1,1,4,195,4.3,10.6256063
2013,4,1,1,4,255,5.5,20.37150529
2013,4,1,1,4,248,5.1,18.26905115
2013,4,1,1,4,188,4.7,10.83661855
2013,4,1,1,4,221,4.5,13.58168068
2013,4,1,1,4,117,3.7,4.335651811
2013,4,1,1,4,158,3.7,6.687889915
2013,4,1,1,4,206,5.1,13.46956412
2013,4,1,1,4,246,5.7,19.78316569
2013,4,1,1,4,126,4.7,6.18026229
2013,4,1,1,4,303,7.4,35.07108565
2013,4,1,1,4,216,4.1,12.1507308
2013,4,1,1,4,259,5.4,20.60463427
2013,4,1,1,4,252,5.7,20.58433078
2013,4,1,1,4,251,5.9,21.07391892
2013,4,1,1,4,195,4.4,10.83397109
2013,4,1,1,4,247,6.2,21.47707465
2013,4,1,1,4,340,9.1,51.09573819
2013,4,1,1,4,84,6.8,6.855825162
2013,4,1,1,4,370,10.2,65.05416115
2013,4,1,1,4,215,6.9,19.41379231
2013,4,1,1,4,240,6,19.90650196
2013,4,1,1,4,300,7,32.83961066
2013,4,1,1,4,340,9.9,55.51082879
2013,4,1,1,4,300,7.4,34.50962062
2013,5,1,0,3,171,4.5,9.003463222
2013,5,1,0,3,48,2.2,0.913731527
2013,5,1,0,3,128,2.8,3.831381584
2013,5,1,0,3,157,2.4,4.808852399
2013,5,1,0,3,162,3,5.898398613
2013,5,1,0,3,284,6.1,26.64249653
2013,5,1,0,3,252,6.8,24.19011526
2013,5,1,0,3,104,2.2,2.320919961
2013,5,1,0,3,157,3.3,6.022894194
2013,5,1,0,3,112,1.6,2.119033093
2013,5,1,0,3,126,2.7,3.633533245
2013,5,1,0,3,166,2.7,5.717836922
2013,5,1,0,3,122,3.1,3.884541082
2013,5,1,0,3,250,6.3,22.2195853
2013,5,1,0,3,182,3.8,8.575119032
2013,5,1,0,3,192,4.1,9.958675045
2013,5,1,0,3,88,4,3.354929869
2013,5,1,0,3,314,8.6,42.7409464
2013,5,1,0,3,261,5.2,20.26106697
2013,5,1,0,3,129,1.8,2.87791491
2013,5,1,0,3,210,5.5,14.88910949
2013,5,1,0,3,168,5.9,11.62382694
2013,5,1,0,3,241,5,17.12285494
2013,5,1,0,3,156,3.1,5.677530591
2013,5,1,0,3,129,5.2,7.163715811
2013,5,1,0,3,205,5.6,14.60187854
2013,5,1,0,3,232,6.5,20.39352601
2013,5,1,0,3,235,5.7,18.36886491
2013,5,1,0,3,256,5.4,20.19936092
2013,5,1,0,3,187,4.2,9.732898969
2013,5,1,0,3,205,4.7,12.43070336
2013,5,1,0,3,157,3.9,6.936329392
2013,5,1,0,3,174,4.1,8.500020819
2013,5,1,0,3,113,4,4.499480496
2013,5,1,0,3,213,3.8,11.21207494
2013,5,1,0,3,121,2,2.752707136
2013,5,1,0,3,77,2.6,1.792692772
2013,5,1,0,3,177,3.3,7.344065161
2013,5,1,0,3,192,6.3,14.99888568
2013,5,1,0,3,130,2.4,3.497163311
2013,5,1,0,3,171,3.3,6.92930502
2013,5,1,0,3,106,2.8,2.905973495
2013,5,1,0,3,171,3.9,7.921181671
2013,5,1,0,3,173,3.5,7.390361699
2013,5,1,0,3,111,3.7,4.046469817
2013,5,1,0,3,143,3,4.811176234
2013,5,1,0,3,244,5.5,18.92480285
2013,5,1,0,3,196,5,12.23800024
2013,5,1,0,3,230,5.2,16.36120219
2013,5,1,0,3,97,1.5,1.617158068
2013,5,1,0,3,252,8.8,31.78099884
2013,5,1,0,3,179,3.5,7.821885856
2013,5,1,0,3,119,2.9,3.535231673
2013,5,1,0,3,229,4.7,14.93661623
2013,5,1,0,3,209,4,11.26649284
2013,5,1,0,3,155,2.5,4.826291967
2013,5,1,0,3,94,1.4,1.479481295
2013,5,1,0,3,59,1.9,0.980297141
2013,5,1,0,3,123,2.3,3.105044372
2013,5,1,0,3,174,3.8,7.969304022
2013,5,1,0,3,72,1.7,1.14146238
2013,5,1,0,3,113,2.4,2.808210912
2013,5,1,0,3,107,2.4,2.58859016
2013,5,1,0,3,158,2.8,5.383479651
2013,5,1,0,3,117,2.3,2.869676815
2013,6,0,1,2,248,5,17.98321891
2013,6,0,1,2,212,4.5,12.66394052
2013,6,0,1,2,255,5.2,19.46259666
2013,6,0,1,2,224,4.6,14.14171547
2013,6,0,1,2,272,5.7,23.41060238
2013,6,0,1,2,150,3.2,5.463235628
2013,6,0,1,2,264,5.2,20.66836369
2013,6,0,1,2,260,5.6,21.36771953
2013,6,0,1,2,340,7,40.63320467
2013,6,0,1,2,176,3.1,6.953260486
2013,6,0,1,2,160,3.2,6.06334434
2013,6,0,1,2,274,5.1,21.74648984
2013,6,0,1,2,175,3.2,7.043481166
2013,6,0,1,2,203,5.1,13.16327485
2013,6,0,1,2,210,3.6,10.52323996
2013,6,0,1,2,205,5,13.12862779
2013,6,0,1,2,315,6.6,33.94339936
2013,6,0,1,2,195,5.5,13.30844298
2013,6,0,1,2,195,6,14.54774242
2013,6,0,1,2,135,3.3,4.764109585
2013,6,0,1,2,204,4.1,11.01838794
2013,6,0,1,2,238,4.8,16.22248687
2013,6,0,1,2,154,3.5,6.129076558
2013,6,0,1,2,210,4.1,11.57533017
2013,6,0,1,2,171,3.7,7.580705844
2013,6,0,1,2,222,4.3,13.21000827
2013,6,0,1,2,166,3.9,7.559424023
2013,6,0,1,2,115,7,9.431361113
2013,6,0,1,2,239,4.6,15.80904383
2013,6,0,1,2,110,4.3,4.720717554
2013,6,0,1,2,190,2.7,7.286332961
2013,6,0,1,2,162,2.6,5.345844655
2013,6,0,1,2,113,2,2.464861868
2013,6,0,1,2,240,5.4,18.12738104
2013,6,0,1,2,190,3.6,8.838434962
2013,6,0,1,2,154,5.3,9.176473691
2013,6,0,1,2,253,6,21.66851079
2013,6,0,1,2,204,4.7,12.33287065
2013,6,0,1,2,131,2,3.142952106
2013,6,0,1,2,141,2.6,4.225304351
2013,6,0,1,2,243,5.3,18.21532528
2013,6,0,1,2,143,3.3,5.199188393
2013,6,0,1,2,235,6.5,20.79474962
2013,6,0,1,2,203,7.4,19.41929942
2013,6,0,1,2,192,3.9,9.566672361
2013,6,0,1,2,195,4,10.01657528
2013,6,0,1,2,270,4.9,20.56583183
2013,6,0,1,2,226,4.6,14.35690219
2013,6,0,1,2,216,4.5,13.06654318
2013,6,0,1,2,228,4.2,13.59570658
2013,6,0,1,2,247,3.9,14.92103435
2013,6,0,1,2,237,3.2,12.21307274
2013,6,0,1,2,155,4.3,7.452731825
2013,6,0,1,2,162,2.5,5.213320211
2013,6,0,1,2,345,8.3,48.05697797
2013,6,0,1,2,244,4.9,17.20982545
2013,6,0,1,2,254,5.5,20.23704155
2013,6,0,1,2,235,3.9,13.61610721
2013,6,0,1,2,235,3.8,13.37932194
2013,6,0,1,2,240,4.1,14.64293583
2013,6,0,1,2,147,3.1,5.158449281
2013,6,0,1,2,180,3.5,7.895400348
2013,6,0,1,2,135,3,4.396623629
2013,6,0,1,2,245,4.3,15.7167967
2013,6,0,1,2,213,5,13.95568942
2013,6,0,1,2,230,6,18.61808521
2013,6,0,1,2,221,4.3,13.10753176
2013,6,0,1,2,297,6.3,29.53359661
2013,6,0,1,2,202,4.1,10.83679039
2013,6,0,1,2,141,3.1,4.830596116
2013,6,0,1,2,210,3.9,11.14646665
2013,6,0,1,2,91,4.9,4.51074512
2013,6,0,1,2,220,5.1,14.96183592
2013,6,0,1,2,239,5.9,19.4719612
2013,6,0,1,2,188,3.7,8.863571756
2013,6,0,1,2,164,3.4,6.618213512
2013,6,0,1,2,187,3.4,8.245996744
2013,6,0,1,2,155,3,5.480624252
2013,6,0,1,2,180,2.2,5.870095143
2013,6,0,1,2,198,4,10.27619877
2013,6,0,1,2,242,4,14.61479283
2013,6,0,1,2,263,4,17.05747823
2013,6,0,1,2,152,3,5.307793371
2013,6,0,1,2,158,3.9,7.003804319
2013,6,0,1,2,135,6.1,9.225380968
2013,6,0,1,2,165,4.5,8.535758276
2013,6,0,1,2,152,4.7,7.922979433
2013,6,0,1,2,128,2.43,3.441252344
2013,6,0,1,2,259,5.9,22.18927405
2013,6,0,1,2,149,3.3,5.542331793
2013,6,0,1,2,180,3.7,8.243213036
2013,6,0,1,2,195,4.3,10.6256063
2013,6,0,1,2,224,4.8,14.63938522
2013,6,0,1,2,145,2.8,4.667679393
2013,6,0,1,2,208,4.1,11.38764668
2013,6,0,1,2,248,4.9,17.70038369
2013,6,0,1,2,235,4.9,16.13938747
2013,6,0,1,2,154,4.6,7.893751855
2013,6,0,1,2,218,4.1,12.34668489
2013,6,0,1,2,222,4.5,13.68630643
2013,6,0,1,2,225,4.5,14.00340482
2013,6,0,1,2,184,4.1,9.29136095
2013,6,0,1,2,179,5.3,11.30867499
2013,6,0,1,2,153,3,5.364993694
2013,6,0,1,2,184,4.1,9.29136095
2013,6,0,1,2,242,5.2,17.80512344
2013,6,0,1,2,246,5.2,18.30466124
2013,6,0,1,2,190,5,11.667208
2013,6,0,1,2,310,7.9,38.63329047
2013,6,0,1,2,152,1.9,3.967760646
2013,6,0,1,2,108,2.2,2.456302924
2013,6,0,1,2,295,7,31.94199309
2013,6,0,1,2,128,5,6.772064717
2013,6,0,1,2,220,4.3,13.00558661
2013,6,0,1,2,300,5.8,28.15452256
2013,6,0,1,2,340,8.4,47.43008203
2013,6,0,1,2,194,3.8,9.540222608
2013,6,0,1,2,129,4.1,5.491320138
2013,6,0,1,2,195,3.7,9.431272561
2013,6,0,1,2,233,5,16.17370426
2013,6,0,1,2,253,6.3,22.64561444
2013,6,0,1,2,198,4.4,11.10588518
2013,6,0,1,2,248,4.3,16.06542535
2013,6,0,1,2,223,4.3,13.3130175
2013,6,0,1,2,226,4.9,15.11428297
2013,6,0,1,2,256,7.4,26.94995847
2013,6,0,1,2,238,5.5,18.16537838
2013,6,0,1,2,179,4.5,9.653223429
2013,6,0,1,2,213,4.3,12.30673228
2013,6,0,1,2,190,3.5,8.656036234
2013,6,0,1,2,227,3.3,11.46113012
2013,6,0,1,2,250,5.3,19.10761622
2013,6,0,1,2,258,7.7,28.40084605
2013,6,0,1,2,126,3.4,4.423741386
2013,6,0,1,2,167,3.9,7.630875101
2013,6,0,1,2,220,3.9,12.09489989
2013,6,0,1,2,150,2.7,4.808423765
2013,6,0,1,2,118,2.8,3.38959852
2013,6,0,1,2,152,3.2,5.579933972
2013,6,0,1,2,75,2.5,1.671993723
2013,6,0,1,2,145,4.3,6.773014631
2013,6,0,1,2,91,4.1,3.586391025
2013,6,0,1,2,191,4.7,11.10738574
2013,6,0,1,2,146,3.1,5.102808037
2013,6,0,1,2,131,4.9,6.808157752
2013,6,0,1,2,176,4.3,9.025069595
2013,6,0,1,2,204,4.7,12.33287065
2013,6,0,1,2,280,7.2,30.12641435
2013,6,0,1,2,283,6.2,26.84447835
2013,6,0,1,2,255,6.4,23.2671099
2013,7,1,1,4,110,2.8,3.0616851
2013,7,1,1,4,150,3.2,5.463235628
2013,7,1,1,4,130,3.5,4.752403827
2013,7,1,1,4,180,3.6,8.068057222
2013,7,1,1,4,210,3.9,11.14646665
2013,7,1,1,4,198,4.1,10.47960321
2013,7,1,1,4,175,3.5,7.532391131
2013,7,1,1,4,270,4.4,19.07084231
2013,7,1,1,4,220,3.7,11.65594948
2013,7,1,1,4,250,4,15.51573622
2013,7,1,1,4,280,4.9,21.96452954
2013,7,1,1,4,190,3.7,9.023378179
2013,7,1,1,4,285,5.2,23.6732697
2013,7,1,1,4,205,2.7,8.399117048
2013,7,1,1,4,155,2.8,5.212228558
2013,7,1,1,4,260,4.4,17.7901412
2013,7,1,1,4,170,3.7,7.5093649
2013,7,1,1,4,220,5.2,15.21933661
2013,7,1,1,4,230,4.8,15.30460077
2013,7,1,1,4,245,4.7,16.78161719
2013,7,1,1,4,210,3.4,10.12093647
2013,7,1,1,4,210,3.3,9.923688078
2013,7,1,1,4,310,5.5,28.71857243
2013,7,1,1,4,210,3.2,9.729019281
2013,7,1,1,4,246,3.7,14.31459745
2013,7,1,1,4,260,4,16.69302624
2013,7,1,1,4,235,4.1,14.09802606
2013,7,1,1,4,170,3.4,7.020000981
2013,7,1,1,4,160,3,5.776943279
2013,7,1,1,4,320,5.6,30.83326975
2013,7,1,1,4,160,2.9,5.637188482
2013,7,1,1,4,200,3.6,9.656354714
2013,7,1,1,4,290,5.6,25.81195103
2013,7,1,1,4,285,5.1,23.34141974
2013,7,1,1,4,165,3.3,6.530462317
2013,7,1,1,4,240,4.2,14.89355641
2013,7,1,1,4,230,3.9,13.09566291
2013,7,1,1,4,250,3.6,14.50890564
2013,7,1,1,4,260,3.9,16.42598286
2013,7,1,1,4,265,4.2,17.85737121
2013,7,1,1,4,230,3.6,12.40960089
2013,7,1,1,4,250,4,15.51573622
2013,7,1,1,4,240,3.9,14.15016092
2013,7,1,1,4,265,4,17.30336967
2013,7,1,1,4,240,4.4,15.403344
2013,7,1,1,4,245,4.2,15.45782246
2013,7,1,1,4,250,4.1,15.77451912
2013,7,1,1,4,167,4.6,8.875305547
2013,7,1,1,4,266,4.6,19.13124489
2013,7,1,1,4,213,6.2,17.11391386
2013,7,1,1,4,185,3.4,8.094890125
2013,7,1,1,4,232,4,13.53854907
2013,7,1,1,4,280,5.4,23.59431554
2013,7,1,1,4,294,4.4,22.39208686
2013,7,1,1,4,255,4.2,16.62875315
2013,7,1,1,4,314,6.3,32.52955743
2013,7,1,1,4,286,4.9,22.8334326
2013,7,1,1,4,264,4.1,17.45454894
2013,7,1,1,4,125,3.9,4.999022548
2013,7,1,1,4,215,3.4,10.56294562
2013,7,1,1,4,215,3.5,10.76790046
2013,7,1,1,4,250,3.7,14.7563996
2013,7,1,1,4,210,4.1,11.57533017
2013,7,1,1,4,60,5,3.237929463
2013,7,1,1,4,135,5,7.238388986
2013,7,1,1,4,250,4.5,16.83842372
2013,7,1,1,4,190,3.9,9.400968581
2013,7,1,1,4,148,2.8,4.826849203
2013,7,1,1,4,141,2.5,4.110659224
2013,7,1,1,4,150,2.7,4.808423765
2013,7,1,1,4,151,2.6,4.737015593
2013,7,1,1,4,266,4.9,20.02341752
2013,7,1,1,4,272,4.8,20.5333246
2013,7,1,1,4,215,4.2,12.27728345
2013,7,1,1,4,217,3.7,11.37226925
2013,7,1,1,4,216,3.7,11.27874229
2013,7,1,1,4,270,4.8,20.26080196
2013,7,1,1,4,267,5.7,22.6812337
2013,7,1,1,4,256,4.9,18.70929017
2013,7,1,1,4,215,6.9,19.41379231
2013,7,1,1,4,235,4.3,14.59118396
2013,7,1,1,4,210,3.4,10.12093647
2013,7,1,1,4,290,4.6,22.44915407
2013,7,1,1,4,255,4.5,17.447814
2013,7,1,1,4,180,4.6,9.935030109
2013,7,1,1,4,225,5.5,16.5902268
2013,7,1,1,4,200,3.7,9.851277714
2013,7,1,1,4,210,4.3,12.0150554
2013,7,1,1,4,195,3.1,8.329966089
2013,7,1,1,4,265,4.2,17.85737121
2013,7,1,1,4,220,3.1,10.40307048
2013,7,1,1,4,270,4.2,18.49374649
2013,7,1,1,4,120,2.6,3.273427513
2013,7,1,1,4,275,5.3,22.53161592
2013,7,1,1,4,269,5.8,23.302944
2013,7,1,1,4,170,3.7,7.5093649
2013,7,1,1,4,270,5.5,22.46051222
2013,7,1,1,4,240,4.5,15.6625431
2013,7,1,1,4,280,5,22.28428056
2013,7,1,1,4,260,4.4,17.7901412
2013,7,1,1,4,272,5,21.1510756
2013,7,1,1,4,310,6.1,31.01528521
2013,7,1,1,4,205,4.5,11.97943986
2013,7,1,1,4,305,6.5,31.71240294
2013,7,1,1,4,274,5.4,22.71248553
2013,7,1,1,4,183,4.4,9.790692862
2013,7,1,1,4,148,3.1,5.214493538
2013,7,1,1,4,223,3.9,12.38957023
2013,7,1,1,4,198,5.4,13.37283639
2013,7,1,1,4,313,7.3,36.54765071
2013,7,1,1,4,320,6.7,35.30714496
2013,7,1,1,4,265,5.4,21.43137126
2013,7,1,1,4,240,6.8,22.45466415
2013,7,1,1,4,245,7.1,24.19397078
2013,7,1,1,4,180,4.8,10.33999195
2013,7,1,1,4,120,2.5,3.17559424
2013,7,1,1,4,195,3.4,8.869226657
2013,7,1,1,4,165,3.3,6.530462317
2013,7,1,1,4,270,5.4,22.13697777
2013,7,1,1,4,255,4.9,18.58113324
2013,7,1,1,4,210,4.3,12.0150554
2013,7,1,1,4,246,5.3,18.59425367
2013,7,1,1,4,174,3.8,7.969304022
2013,7,1,1,4,230,4.7,15.04775664
2013,7,1,1,4,250,6.5,22.87996834
2013,7,1,1,4,180,5.5,11.8438044
2013,7,1,1,4,325,5.8,32.52458901
2013,7,1,1,4,305,6,29.75493723
2013,7,1,1,4,105,2.8,2.867888502
2013,7,1,1,4,211,3.6,10.61267639
2013,7,1,1,4,196,3.9,9.903898581
2013,7,1,1,4,267,5.7,22.6812337
2013,7,1,1,4,234,4.2,14.2347721
2013,7,1,1,4,326,7,37.77924965
2013,7,1,1,4,200,5.4,13.57774982
2013,7,1,1,4,190,3,7.781593036
2013,7,1,1,4,270,5.3,21.81656526
2013,7,1,1,4,240,4.8,16.45755405
2013,7,1,1,4,200,7.5,19.34724355
2013,7,1,1,4,279,6,25.49841369
2013,7,1,1,4,210,3.8,10.93606559
2013,7,1,1,4,195,3.7,9.431272561
2013,7,1,1,4,113,8.8,13.33046174
2013,7,1,1,4,166,6.5,12.82085463
2013,7,1,1,4,215,4.2,12.27728345
2013,7,1,1,4,205,3.9,10.69143456
2013,7,1,1,4,150,2.8,4.934947726
2013,7,1,1,4,110,5.8,6.891378284
2013,7,1,1,4,172,4.5,9.083037466
2013,7,1,1,4,190,3.8,9.21088351
2013,7,1,1,4,121,2.7,3.415737243
2013,7,1,1,4,154,3.3,5.839558213
2013,7,1,1,4,170,6.3,12.7345549
2013,7,1,1,4,305,6.5,31.71240294
2013,7,1,1,4,180,5,10.75581137
2013,8,0,0,1,97,2.06,1.993665168
2013,8,0,0,1,193,4.2,10.24523839
2013,8,0,0,1,169,4.4,8.660858108
2013,8,0,0,1,188,4.6,10.62732026
2013,8,0,0,1,174,4.5,9.243589777
2013,8,0,0,1,92,3.5,3.021527154
2013,8,0,0,1,177,5,10.49195835
2013,8,0,0,1,164,4.5,8.459418092
2013,8,0,0,1,112,2.5,2.8605791
2013,8,0,0,1,121,3.4,4.177503488
2013,8,0,0,1,180,4.7,10.13616281
2013,8,0,0,1,115,3,3.465900933
2013,8,0,0,1,123,4.4,5.565119899
2013,8,0,0,1,164,3.6,6.930787203
2013,8,0,0,1,138,3.4,5.053776727
2013,8,0,0,1,84,4.4,3.605816678
2013,8,0,0,1,163,3.8,7.183882929
2013,8,0,0,1,90,2.8,2.335894845
2013,9,1,1,4,214,5.7,15.85916482
2013,9,1,1,4,212,4.4,12.43507731
2013,9,1,1,4,125,5.5,7.394670436
2013,9,1,1,4,170,3.9,7.847926879
2013,9,1,1,4,128,3,4.054033386
2013,9,1,1,4,197,5.7,14.00361483
2013,9,1,1,4,158,3.7,6.687889915
2013,9,1,1,4,92,3.9,3.418734239
2013,9,1,1,4,177,4.5,9.487948344
2013,9,1,1,4,221,6.3,18.37343251
2013,9,1,1,4,118,4.4,5.281794037
2013,9,1,1,4,195,4.3,10.6256063
2013,9,1,1,4,157,3.6,6.468867305
2013,9,1,1,4,105,5.6,6.258565167
2013,9,1,1,4,195,4.1,10.21692586
2013,9,1,1,4,234,3.9,13.51093522
2013,9,1,1,4,201,4.2,10.95589824
2013,9,1,1,4,224,5.1,15.40757058
2013,9,1,1,4,229,7.2,22.23871339
2013,9,1,1,4,63,2.7,1.490646764
2013,9,1,1,4,167,6.5,12.91861338
2013,9,1,1,4,266,6.7,25.96447941
2013,9,1,1,4,155,3.6,6.34076755
2013,9,1,1,4,159,4.9,8.810816582
2013,9,1,1,4,152,3.1,5.442729788
2013,9,1,1,4,192,4.6,10.98520997
2013,9,1,1,4,238,5.2,17.31475766
2013,9,1,1,4,205,4.6,12.20368109
2013,9,1,1,4,249,4.7,17.26546276
2013,9,1,1,4,127,3.2,4.236059769
2013,9,1,1,4,270,6.9,27.32627361
2013,9,1,1,4,219,4.9,14.34769325
2013,9,1,1,4,290,8.2,36.08958147
2013,9,1,1,4,194,4.4,10.74432932
2013,9,1,1,4,282,4.8,21.93264698
2013,9,1,1,4,213,4.2,12.08234624
2013,9,1,1,4,178,3.9,8.446768272
2013,9,1,1,4,91,4.2,3.694288494
2013,9,1,1,4,181,3.3,7.629568745
2013,9,1,1,4,208,5.5,14.67149112
2013,9,1,1,4,173,4.2,8.604479355
2013,9,1,1,4,77,3.8,2.736174446
2013,9,1,1,4,193,5.5,13.10655054
2013,9,1,1,4,273,5.6,23.22495836
2013,9,1,1,4,240,5,17.00223314
2013,9,1,1,4,155,6.6,12.00655874
2013,9,1,1,4,307,6.5,32.0704338
2013,9,1,1,4,219,4.5,13.37403154
2013,9,1,1,4,294,6.7,30.5701255
2013,9,1,1,4,111,6.4,7.989336579
2013,9,1,1,4,215,3.1,9.963717999
2013,9,1,1,4,190,7.7,18.70992651
2013,9,1,1,4,115,3.5,4.006640987
2013,9,1,1,4,182,4.5,9.9047175
2013,9,1,1,4,287,6,26.76162843
2013,9,1,1,4,240,5.4,18.12738104
2013,9,1,1,4,218,4.7,13.74998046
2013,9,1,1,4,102,4.1,4.082916772
2013,9,1,1,4,312,7.1,35.48940937
2013,9,1,1,4,320,7.5,38.81929668
2013,9,1,1,4,264,7.6,28.99977395
2013,9,1,1,4,180,7.1,15.81357462
2013,9,1,1,4,163,3.7,7.022470818
2013,9,1,1,4,278,5.4,23.29788238
2013,9,1,1,4,171,5.5,11.01887473
2013,9,1,1,4,217,5.8,16.47476246
2013,9,1,1,4,276,7.7,31.4319175
2013,9,1,1,4,253,5.6,20.4099952
2013,9,1,1,4,157,3.9,6.936329392
2013,9,1,1,4,223,4.5,13.79146812
2013,9,1,1,4,256,5.2,19.59419101
2013,9,1,1,4,236,7.2,23.22813961
2013,9,1,1,4,174,5.9,12.18561199
2013,9,1,1,4,162,3.8,7.115156112
2013,10,1,0,3,105,3.1,3.150564402
2013,10,1,0,3,138,3.8,5.594386895
2013,10,1,0,3,150,4.2,6.945938081
2013,10,1,0,3,181,3.9,8.678955741
2013,10,1,0,3,139,3.4,5.108825063
2013,10,1,0,3,244,5.6,19.22126396
2013,10,1,0,3,172,4.3,8.710015271
2013,10,1,0,3,171,3.4,7.088507008
2013,10,1,0,3,138,3.8,5.594386895
2013,10,1,0,3,231,5.2,16.47843207
2013,10,1,0,3,147,3.4,5.563671112
2013,10,1,0,3,110,3,3.25580074
2013,10,1,0,3,155,4.2,7.286502785
2013,10,1,0,3,156,3.3,5.961362158
2013,10,1,0,3,199,4.1,10.56815249
2013,10,1,0,3,120,3.1,3.792829189
2013,10,1,0,3,247,6.1,21.15839995
2013,10,1,0,3,168,3.9,7.702774999
2013,10,1,0,3,87,2.2,1.80091653
2013,10,1,0,3,186,4,9.264014255
2013,10,1,0,3,154,3.9,6.736507602
2013,10,1,0,3,139,2.8,4.359914653
2013,10,1,0,3,147,3.6,5.845278575
2013,10,1,0,3,162,3.6,6.796639394
2013,10,1,0,3,156,3,5.539057406
2013,10,1,0,3,143,3.2,5.067618825
2013,10,1,0,3,177,3.9,8.370302879
2013,10,1,0,3,140,2.6,4.17626125
2013,10,1,0,3,202,4.3,11.25985998
2013,10,1,0,3,184,3.2,7.679400591
2013,10,1,0,3,161,2.6,5.288458008
2013,10,1,0,3,151,4.5,7.508041705
2013,10,1,0,3,151,3.5,5.944104332
2013,10,1,0,3,187,4.2,9.732898969
2013,10,1,0,3,142,3.9,5.975590776
2013,10,1,0,3,138,4.3,6.32266457
2013,10,1,0,3,187,4.9,11.17208882
2013,10,1,0,3,196,4.6,11.35104576
2013,10,1,0,3,203,3.9,10.5129471
2013,10,1,0,3,222,4.8,14.42200791
2013,10,1,0,3,196,4.2,10.50801615
2013,10,1,0,3,241,5.3,17.9655882
2013,10,1,0,3,174,3.4,7.296696288
2013,10,1,0,3,174,3.4,7.296696288
2013,10,1,0,3,174,3.4,7.296696288
2013,10,1,0,3,209,4.9,13.298193
2013,10,1,0,3,164,4.4,8.279461118
2013,10,1,0,3,134,3.6,5.096324845
2013,10,1,0,3,188,4.1,9.621161321
2013,10,1,0,3,149,4.2,6.879124365
2013,10,1,0,3,148,4,6.500790064
2013,10,1,0,3,176,5.6,11.69412283
2013,10,1,0,3,179,4.6,9.850669376
2013,10,1,0,3,224,5.8,17.3034949
2013,10,1,0,3,199,4.1,10.56815249
2013,10,1,0,3,146,2.9,4.845626116
2013,10,1,0,3,126,3,3.95952911
2013,10,1,0,3,195,3.9,9.81886118
2013,10,1,0,3,135,4.2,5.98823425
2013,10,1,0,3,254,5.1,19.03589046
2013,10,1,0,3,154,4.1,7.054721571
2013,10,1,0,3,161,4.3,7.881603082
2013,10,1,0,3,162,4.3,7.954643253
2013,10,1,0,3,184,3.9,8.915359654
2013,10,1,0,3,181,4.6,10.01987111
2013,10,1,0,3,210,5.2,14.13187471
2013,10,1,0,3,211,5.3,14.48878565
2013,10,1,0,3,162,3.9,7.278079815
2013,10,1,0,3,124,3.5,4.443900904
2013,10,1,0,3,91,3.6,3.078306332
2013,11,0,0,1,219,5,14.59827719
2013,11,0,0,1,224,5.3,15.93434089
2013,11,0,0,1,159,3.8,6.911608424
2013,11,0,0,1,116,5.1,6.169944217
2013,11,0,0,1,183,5.1,11.23917656
2013,11,0,0,1,210,5.3,14.38136146
2013,11,0,0,1,215,5.6,15.70635169
2013,11,0,0,1,182,4.1,9.129325409
2013,11,0,0,1,173,5.6,11.41750191
2013,11,0,0,1,136,3.4,4.944869208
2013,11,0,0,1,168,4.4,8.583661286
2013,11,0,0,1,166,4,7.72861971
2013,11,0,0,1,163,3.9,7.347749662
2013,11,0,0,1,172,3.9,7.994890905
2013,11,0,0,1,178,4.1,8.810927889
2013,11,0,0,1,201,5,12.7276421
2013,11,0,0,1,190,4.7,11.0166348
2013,11,0,0,1,179,4.4,9.458433661
2013,11,0,0,1,85,2.3,1.812588532
2013,11,0,0,1,210,4.1,11.57533017
2013,11,0,0,1,156,4,7.029037127
2013,11,0,0,1,102,5.2,5.49286698
2013,11,0,0,1,141,3.1,4.830596116
2013,11,0,0,1,202,5.1,13.06221993
2013,11,0,0,1,193,6.6,15.90770974
2013,11,0,0,1,169,4.4,8.660858108
2013,11,0,0,1,178,4.9,10.37219718
2013,11,0,0,1,198,4.7,11.75663483
2013,12,0,1,2,176,5.4,11.25323219
2013,12,0,1,2,229,6.3,19.38602537
2013,12,0,1,2,118,3.5,4.149046496
2013,12,0,1,2,196,5.1,12.46673284
2013,12,0,1,2,206,4.4,11.85314932
2013,12,0,1,2,196,4.7,11.56862285
2013,12,0,1,2,266,6.5,25.25303568
2013,12,0,1,2,242,7.7,25.87585988
2013,12,0,1,2,207,5,13.33224084
2013,12,0,1,2,175,3.7,7.870587928
2013,12,0,1,2,179,3.9,8.523697943
2013,12,0,1,2,214,5.7,15.85916482
2013,12,0,1,2,66,5.6,4.160339555
2013,12,0,1,2,217,6.1,17.30906874
2013,12,0,1,2,116,3.1,3.613758748
2013,12,0,1,2,257,6.9,25.29203041
2013,12,0,1,2,245,7.2,24.54281254
2013,12,0,1,2,218,4.7,13.74998046
2013,12,0,1,2,166,5.2,9.959703515
2013,12,0,1,2,191,4.1,9.873568611
2013,12,0,1,2,215,6.8,19.10983913
2013,12,0,1,2,140,3.4,5.164271698
2013,12,0,1,2,187,4.6,10.53907918
2013,12,0,1,2,189,4.6,10.71605251
2013,12,0,1,2,242,5.4,18.37824155
2013,12,0,1,2,282,6.8,28.91487834
2013,12,0,1,2,85,3.9,3.133306589
2013,12,0,1,2,149,4,6.565321384
2013,12,0,1,2,161,4.3,7.881603082
2013,12,0,1,2,210,5.7,15.40867007
2013,12,0,1,2,146,3.6,5.785221345
2013,12,0,1,2,162,5.2,9.627458595
2013,12,0,1,2,183,5.7,12.58894577
2013,12,0,1,2,135,5.2,7.575991804
2013,12,0,1,2,160,4.5,8.158608981
2013,12,0,1,2,105,3.2,3.248760072
2013,12,0,1,2,165,7.2,14.46174211
2013,12,0,1,2,239,7.1,23.31929122
2013,12,0,1,2,194,4.5,10.95436939
2013,12,0,1,2,231,5.3,16.75108834
2013,12,0,1,2,278,3.5,17.55155135
2013,12,0,1,2,230,6,18.61808521
2013,12,0,1,2,252,6.6,23.50550674
2013,12,0,1,2,179,5.5,11.75017893
2013,12,0,1,2,232,6.2,19.47067987
2013,12,0,1,2,243,6.7,22.54717644
2013,12,0,1,2,201,5.8,14.68078707
2013,12,0,1,2,179,5.1,10.87837137
2013,12,0,1,2,227,4.7,14.71597985
2013,12,0,1,2,294,7.2,32.57771176
2013,12,0,1,2,228,3.6,12.21157023
2013,12,0,1,2,111,7.2,9.518487189
2013,12,0,1,2,185,5,11.205333
2013,12,0,1,2,152,4.8,8.099038015
2013,12,0,1,2,150,4.3,7.107457118
2013,12,0,1,2,209,5.4,14.52578514
2013,12,0,1,2,166,6.4,12.58348267
2013,12,0,1,2,216,6,16.90948717
2013,12,0,1,2,280,8.1,33.80194833
2013,12,0,1,2,204,5.1,13.26484963
2013,12,0,1,2,198,6.4,15.92901548
2013,12,0,1,2,175,4.3,8.94560567
2013,12,0,1,2,194,5.2,12.50178086
2013,12,0,1,2,217,5.1,14.63323624
2013,12,0,1,2,229,8,24.99818065
2013,12,0,1,2,187,4.7,10.74735052
2013,12,0,1,2,165,5.2,9.87593711
2013,12,0,1,2,183,6.2,13.79300275
2013,12,0,1,2,261,6.2,23.46989636
2013,12,0,1,2,189,5.9,13.66862532
2013,12,0,1,2,197,5.9,14.50659435
2013,12,0,1,2,251,7.5,26.53444428
2013,12,0,1,2,271,8,31.78206076
2013,12,0,1,2,234,7.7,24.67152385
2013,12,0,1,2,275,7,28.51506556
2013,12,0,1,2,303,8.2,38.6090963
2014,1,0,0,1,322,8.47,43.80895428
2014,1,0,0,1,106,3.73,3.848750327
2014,1,0,0,1,91,3.15,2.664202857
2014,1,0,0,1,264,7.8,29.78064901
2014,1,0,0,1,197,6.5,16.08750177
2014,1,0,0,1,151,4.08,6.821494379
2014,1,0,0,1,135,3.68,5.25826531
2014,1,0,0,1,154,3.96,6.830944775
2014,1,0,0,1,173,4.7,9.5485974
2014,1,0,0,1,82,2.4,1.796408669
2014,1,0,0,1,173,4.9,9.944780006
2014,1,0,0,1,143,4.4,6.799693713
2014,1,0,0,1,158,6.1,11.15823828
2014,1,0,0,1,101,3.8,3.700983112
2014,1,0,0,1,208,6.42,17.14093803
2014,1,0,0,1,245,7.1,24.19397078
2014,2,1,0,3,96,3.1,2.802448539
2014,2,1,0,3,113,3.5,3.913537658
2014,2,1,0,3,141,3.6,5.491098531
2014,2,1,0,3,86,2.7,2.129503319
2014,2,1,0,3,160,4.6,8.337253948
2014,2,1,0,3,144,4.2,6.551475623
2014,2,1,0,3,134,4.3,6.074519799
2014,2,1,0,3,125,3.1,4.024862481
2014,2,1,0,3,113,2.7,3.085661026
2014,2,1,0,3,148,4.2,6.812740488
2014,2,1,0,3,113,3.3,3.694202391
2014,2,1,0,3,163,3.8,7.183882929
2014,2,1,0,3,106,2.9,2.998989571
2014,2,1,0,3,147,4,6.436682992
2014,2,1,0,3,203,5,12.92709845
2014,2,1,0,3,290,10.8,48.78681122
2014,2,1,0,3,87,4,3.313717236
2014,2,1,0,3,117,3.7,4.335651811
2014,2,1,0,3,145,3.8,6.012927997
2014,2,1,0,3,174,4.7,9.631106698
2014,2,1,0,3,143,4.5,6.95962452
2014,2,1,0,3,118,3.1,3.702572289
2014,2,1,0,3,105,3.3,3.348975186
2014,2,1,0,3,264,4.6,18.87054763
2014,2,1,0,3,108,3.4,3.580414279
2014,2,1,0,3,140,3.6,5.43349667
2014,2,1,0,3,166,3.9,7.559424023
2014,2,1,0,3,145,3.7,5.868079906
2014,2,1,0,3,160,3.6,6.664233835
2014,2,1,0,3,61,2.8,1.502122928
2014,2,1,0,3,110,2.4,2.696910332
2014,2,1,0,3,144,3.5,5.527056123
2014,2,1,0,3,274,7,28.35047645
2014,2,1,0,3,174,4,8.320577865
2014,2,1,0,3,160,3.6,6.664233835
2014,2,1,0,3,117,5.9,7.52865238
2014,2,1,0,3,186,4.1,9.455302539
2014,2,1,0,3,258,5.6,21.09109325
2014,2,1,0,3,220,5.3,15.47977495
2014,2,1,0,3,126,4.8,6.331910711
2014,2,1,0,3,85,3.7,2.941411196
2014,2,1,0,3,104,3,3.015104979
2014,2,1,0,3,150,3.6,6.027941218
2014,2,1,0,3,112,2.4,2.770777065
2014,2,1,0,3,67,2.7,1.591006084
2014,2,1,0,3,172,4.4,8.89522285
2014,2,1,0,3,116,3.5,4.053741325
2014,2,1,0,3,128,3.8,5.030849468
2014,2,1,0,3,145,3.6,5.725576903
2014,2,1,0,3,130,3.8,5.140377788
2014,2,1,0,3,163,4.6,8.565102184
2014,2,1,0,3,187,4.9,11.17208882
2014,2,1,0,3,155,5.2,9.063959051
2014,2,1,0,3,72,2.3,1.471019351
2014,2,1,0,3,76,3.3,2.278269258
2014,2,1,0,3,54,2.2,1.024993954
2014,2,1,0,3,181,3.9,8.678955741
2014,2,1,0,3,146,3.7,5.928621157
2014,2,1,0,3,220,5.2,15.21933661
2014,2,1,0,3,85,3.1,2.413039984
2014,2,1,0,3,109,3.8,4.066889181
2014,2,1,0,3,173,4.5,9.163079194
2014,2,1,0,3,210,4.4,12.2390336
2014,2,1,0,3,150,3.8,6.324329976
2014,2,1,0,3,180,4.2,9.157104597
2014,2,1,0,3,197,5.2,12.79732399
2014,2,1,0,3,175,5.2,10.73501534
2014,2,1,0,3,123,3.6,4.514953085
2014,2,1,0,3,110,5.1,5.81036034
2014,2,1,0,3,189,4.2,9.901733783
2014,2,1,0,3,86,4.8,4.147333058
2014,2,1,0,3,88,3.5,2.868694346
2014,2,1,0,3,145,4,6.309735998
2014,2,1,0,3,158,4.2,7.496088446
2014,2,1,0,3,254,6.1,22.13188168
2014,2,1,0,3,330,8.3,44.70357648
2014,2,1,0,3,116,3.5,4.053741325
2014,2,1,0,3,264,6,23.23823413
2014,2,1,0,3,138,4.8,7.111553411
2014,2,1,0,3,180,5.1,10.96783755
2014,2,1,0,3,105,5.3,5.809014928
2014,2,1,0,3,106,4.6,4.897497042
2014,2,1,0,3,100,4,3.876424896
2014,2,1,0,3,140,3.7,5.571548727
2014,2,1,0,3,195,5,12.14160384
2014,2,1,0,3,225,6.4,19.17476453
2014,2,1,0,3,155,6.2,11.10924316
2014,2,1,0,3,133,4.9,6.939941711
2014,2,1,0,3,188,5.4,12.37914048
2014,2,1,0,3,120,3.9,4.733544812
2014,2,1,0,3,155,4.2,7.286502785
2014,2,1,0,3,84,3.8,2.997682685
2014,2,1,0,3,220,5.3,15.47977495
2014,2,1,0,3,220,7,20.37283372
2014,2,1,0,3,215,6.7,18.80907519
2014,2,1,0,3,153,9.1,18.48843922
2014,2,1,0,3,171,5.6,11.23553292
2014,3,0,1,2,102,3.1,3.031500727
2014,3,0,1,2,100,3,2.861419014
2014,3,0,1,2,166,4.4,8.430646528
2014,3,0,1,2,131,3.4,4.679470136
2014,3,0,1,2,191,4.2,10.07250989
2014,3,0,1,2,350,9.3,54.59477374
2014,3,0,1,2,275,5.4,22.85790435
2014,3,0,1,2,227,4.9,15.22597528
2014,3,0,1,2,285,6,26.44200228
2014,3,0,1,2,241,5.6,18.83552863
2014,3,0,1,2,285,6.9,29.80567947
2014,3,0,1,2,233,5.6,17.83220562
2014,3,0,1,2,225,5.1,15.52037059
2014,3,0,1,2,199,4.2,10.77524921
2014,3,0,1,2,256,6.7,24.43916605
2014,3,0,1,2,173,3.9,8.069055985
2014,3,0,1,2,258,5.6,21.09109325
2014,3,0,1,2,205,3.7,10.28357081
2014,3,0,1,2,222,3.9,12.29082114
2014,3,0,1,2,310,7.5,36.84343696
2014,3,0,1,2,204,4.9,12.79320284
2014,3,0,1,2,228,4.9,15.3382165
2014,3,0,1,2,125,3,3.912832778
2014,3,0,1,2,156,3.5,6.254499061
2014,3,0,1,2,178,3.7,8.092783404
2014,3,0,1,2,171,3.1,6.618087956
2014,3,0,1,2,131,3.2,4.434685998
2014,3,0,1,2,226,3.6,12.01565761
2014,3,0,1,2,141,3.3,5.088036862
2014,3,0,1,2,192,3.9,9.566672361
2014,3,0,1,2,94,3.9,3.503354776
2014,3,0,1,2,233,4.5,14.8728632
2014,3,0,1,2,185,3.5,8.269889149
2014,3,0,1,2,158,3.7,6.687889915
2014,3,0,1,2,140,2,3.524261405
2014,3,0,1,2,133,5.9,8.687345943
2014,3,0,1,2,241,4.9,16.84791519
2014,3,0,1,2,234,4.9,16.02326622
2014,3,0,1,2,219,4.7,13.85516097
2014,3,0,1,2,204,3.6,9.997153239
2014,3,0,1,2,235,5.1,16.67879707
2014,3,0,1,2,232,4.4,14.51186013
2014,3,0,1,2,255,5.8,21.30827987
2014,3,0,1,2,265,5.2,20.80533242
2014,3,0,1,2,218,4.2,12.57360314
2014,3,0,1,2,171,5.6,11.23553292
2014,3,0,1,2,187,3.9,9.156017954
2014,3,0,1,2,185,4.8,10.77922826
2014,3,0,1,2,237,5.4,17.75538683
2014,3,0,1,2,237,4.6,15.57954467
2014,3,0,1,2,247,4.2,15.68746019
2014,3,0,1,2,131,2.9,4.083752369
2014,3,0,1,2,182,3.3,7.702082461
2014,3,0,1,2,135,3,4.396623629
2014,3,0,1,2,175,3.6,7.700251767
2014,3,0,1,2,196,4.7,11.56862285
2014,3,0,1,2,222,4.2,12.97606023
2014,3,0,1,2,224,4.5,13.89716713
2014,3,0,1,2,223,3.9,12.38957023
2014,3,0,1,2,267,5.6,22.35494515
2014,3,0,1,2,211,4.5,12.56459891
2014,3,0,1,2,152,2.9,5.175105824
2014,3,0,1,2,182,4.6,10.10519375
2014,3,0,1,2,212,4.1,11.76506458
2014,3,0,1,2,261,5.3,20.56789537
2014,3,0,1,2,211,4.2,11.8894835
2014,3,0,1,2,271,7.4,29.38789011
2014,3,0,1,2,255,5.5,20.37150529
2014,3,0,1,2,212,5,13.85046003
2014,3,0,1,2,156,5,8.764783076
2014,3,0,1,2,137,3.9,5.676263276
2014,3,0,1,2,153,3.7,6.364108705
2014,3,0,1,2,182,3.4,7.871709182
2014,3,0,1,2,226,3.9,12.68898819
2014,3,0,1,2,180,3.7,8.243213036
2014,3,0,1,2,176,3.9,8.294300359
2014,3,0,1,2,166,4.4,8.430646528
2014,3,0,1,2,245,5.4,18.75885522
2014,3,0,1,2,194,4.4,10.74432932
2014,3,0,1,2,91,2.8,2.369121237
2014,3,0,1,2,195,5.7,13.79534529
2014,3,0,1,2,145,4.4,6.932335165
2014,3,0,1,2,181,5,10.84473546
2014,3,0,1,2,208,4.6,12.49710213
2014,3,0,1,2,78,4.2,3.151289631
2014,3,0,1,2,315,8,40.10041103
2014,3,0,1,2,202,4.6,11.91488922
2014,3,0,1,2,121,3.3,4.062374925
2014,3,0,1,2,148,3.9,6.348451004
2014,3,0,1,2,244,6.2,21.06526834
2014,3,0,1,2,202,5,12.82711182
2014,3,0,1,2,197,6.1,15.0214759
2014,3,0,1,2,282,7.1,30.07522712
2014,3,0,1,2,129,4.7,6.366789003
2014,3,0,1,2,115,4.4,5.116505482
2014,3,0,1,2,164,4.1,7.75493874
2014,3,0,1,2,92,2.7,2.321837044
2014,3,0,1,2,104,2.4,2.483209946
2014,3,0,1,2,124,4,5.076094916
2014,3,0,1,2,141,4.2,6.359972309
2014,4,1,1,4,282,6.3,27.04795748
2014,4,1,1,4,187,3.9,9.156017954
2014,4,1,1,4,157,3.9,6.936329392
2014,4,1,1,4,277,6,25.18894659
2014,4,1,1,4,273,5.9,24.2346055
2014,4,1,1,4,199,3.8,9.962817225
2014,4,1,1,4,213,3.8,11.21207494
2014,4,1,1,4,119,3.5,4.197254189
2014,4,1,1,4,196,6.8,16.80277502
2014,4,1,1,4,197,5.1,12.56469659
2014,4,1,1,4,227,4.9,15.22597528
2014,4,1,1,4,234,5.1,16.56044499
2014,4,1,1,4,358,6.8,43.54903059
2014,4,1,1,4,272,5.8,23.74596098
2014,4,1,1,4,231,5.21,16.50556356
2014,4,1,1,4,198,3.9,10.0754435
2014,4,1,1,4,126,3,3.95952911
2014,4,1,1,4,167,2.6,5.639012382
2014,4,1,1,4,232,4.2,14.01957408
2014,4,1,1,4,252,5.4,19.66731155
2014,4,1,1,4,303,6,29.41185334
2014,4,1,1,4,181,3.8,8.497769113
2014,4,1,1,4,305,6.3,30.91943309
2014,4,1,1,4,319,6.2,33.03900248
2014,4,1,1,4,215,5,14.16774448
2014,4,1,1,4,210,4.6,12.6953061
2014,4,1,1,4,231,4,13.43392757
2014,4,1,1,4,256,5,19.00123065
2014,4,1,1,4,183,2.4,6.348296087
2014,4,1,1,4,255,5,18.87193088
2014,4,1,1,4,143,2.5,4.208236564
2014,4,1,1,4,216,5.2,14.77789777
2014,4,1,1,4,148,2.6,4.579398037
2014,4,1,1,4,154,3.6,6.277356781
2014,4,1,1,4,118,2.7,3.289334777
2014,4,1,1,4,315,9.2,45.93582862
2014,4,1,1,4,274,5.6,23.37211955
2014,4,1,1,4,194,3,8.079538389
2014,4,1,1,4,121,1.7,2.497078398
2014,4,1,1,4,172,5.2,10.47226734
2014,4,1,1,4,194,3.2,8.429615955
2014,4,1,1,4,196,3.9,9.903898581
2014,4,1,1,4,179,2.9,6.843097059
2014,4,1,1,4,179,3.7,8.167767343
2014,4,1,1,4,216,5.1,14.52478186
2014,4,1,1,4,164,3.7,7.090698552
2014,4,1,1,4,197,4.3,10.80432372
2014,4,1,1,4,166,1.8,4.552571408
2014,4,1,1,4,239,2.8,11.54013273
2014,4,1,1,4,400,8.8,64.74992159
2014,4,1,1,4,250,5.1,18.52233049
2014,4,1,1,4,261,5.5,21.19081405
2014,4,1,1,4,164,3.2,6.315181903
2014,4,1,1,4,200,4.1,10.65719919
2014,4,1,1,4,146,2.6,4.476286419
2014,4,1,1,4,134,4.7,6.685942262
2014,4,1,1,4,183,2.6,6.648805526
2014,4,1,1,4,281,6,25.81040516
2014,4,1,1,4,236,4.6,15.46563274
2014,4,1,1,4,268,6.6,25.91719243
2014,4,1,1,4,218,4.1,12.34668489
2014,4,1,1,4,235,4.5,15.09571046
2014,4,1,1,4,272,4.9,20.8406742
2014,4,1,1,4,247,4.3,15.948649
2014,4,1,1,4,216,5.1,14.52478186
2014,4,1,1,4,210,4.4,12.2390336
2014,4,1,1,4,129,2.4,3.453819661
2014,4,1,1,4,143,3.1,4.938287841
2014,4,1,1,4,182,3.9,8.757286678
2014,4,1,1,4,191,4.2,10.07250989
2014,4,1,1,4,232,5.7,17.99520572
2014,4,1,1,4,132,3.3,4.607433687
2014,4,1,1,4,155,2.9,5.345303412
2014,4,1,1,4,168,2.7,5.838982422
2014,4,1,1,4,171,3.4,7.088507008
2014,4,1,1,4,214,4.3,12.40499666
2014,4,1,1,4,172,3.4,7.157457277
2014,4,1,1,4,266,4.7,19.42562621
2014,4,1,1,4,261,5,19.65659501
2014,4,1,1,4,204,4.1,11.01838794
2014,4,1,1,4,293,5.5,25.93348636
2014,4,1,1,4,240,4.5,15.6625431
2014,4,1,1,4,258,5.8,21.72572051
2014,4,1,1,4,183,3.1,7.441240604
2014,4,1,1,4,231,3.3,11.84458046
2014,4,1,1,4,261,5.5,21.19081405
2014,4,1,1,4,94,2.3,2.077659247
2014,4,1,1,4,259,5.3,20.2970441
2014,4,1,1,4,173,4.7,9.5485974
2014,4,1,1,4,117,3,3.552408684
2014,4,1,1,4,218,3.8,11.68234356
2014,4,1,1,4,241,5.3,17.9655882
2014,4,1,1,4,216,4.6,13.30246967
2014,4,1,1,4,224,5.5,16.47298294
2014,4,1,1,4,241,6.2,20.65876001
2014,4,1,1,4,315,8,40.10041103
2014,4,1,1,4,325,8.5,44.60465539
2014,4,1,1,4,181,3.7,8.319121898
2014,4,1,1,4,157,4.7,8.291797465
2014,4,1,1,4,282,7.6,32.07741681
2014,4,1,1,4,232,5.1,16.32542311
2014,4,1,1,4,316,9.5,47.70146792
2014,4,1,1,4,142,3.7,5.688931852
2014,5,1,0,3,191,4.1,9.873568611
2014,5,1,0,3,251,4.3,16.41917175
2014,5,1,0,3,139,2.9,4.47927179
2014,5,1,0,3,113,4.6,5.276421633
2014,5,1,0,3,160,3.9,7.140064099
2014,5,1,0,3,75,4,2.845199607
2014,5,1,0,3,152,3.7,6.300632835
2014,5,1,0,3,170,3.3,6.86173427
2014,5,1,0,3,159,3.3,6.1472256
2014,5,1,0,3,185,3.4,8.094890125
2014,5,1,0,3,144,3.5,5.527056123
2014,5,1,0,3,145,3.1,5.047568351
2014,5,1,0,3,211,3.8,11.02755935
2014,5,1,0,3,176,4.8,9.997320991
2014,5,1,0,3,69,3.2,1.985749508
2014,5,1,0,3,158,4.3,7.665167933
2014,5,1,0,3,126,2.8,3.740127344
2014,5,1,0,3,87,1.8,1.543639418
2014,5,1,0,3,129,2.1,3.157118217
2014,5,1,0,3,261,4.9,19.35892065
2014,5,1,0,3,194,3.6,9.159818106
2014,5,1,0,3,212,5,13.85046003
2014,5,1,0,3,210,4.8,13.16277989
2014,5,1,0,3,92,4,3.523197376
2014,5,1,0,3,191,3.4,8.55382804
2014,5,1,0,3,190,3.8,9.21088351
2014,5,1,0,3,299,7.9,36.48348295
2014,5,1,0,3,128,2.8,3.831381584
2014,5,1,0,3,244,5.2,18.05374053
2014,5,1,0,3,167,3.8,7.463215767
2014,5,1,0,3,152,3.2,5.579933972
2014,5,1,0,3,121,2.9,3.623009921
2014,5,1,0,3,162,3.2,6.188409103
2014,5,1,0,3,117,2.6,3.15041139
2014,5,1,0,3,185,3.9,8.995104505
2014,5,1,0,3,107,2.3,2.504359805
2014,5,1,0,3,158,2.6,5.118765124
2014,5,1,0,3,190,3.8,9.21088351
2014,5,1,0,3,145,3.7,5.868079906
2014,5,1,0,3,221,5.8,16.94500245
2014,5,1,0,3,188,4,9.427872204
2014,5,1,0,3,187,4.5,10.33351608
2014,5,1,0,3,153,2.8,5.100102942
2014,5,1,0,3,178,3.7,8.092783404
2014,5,1,0,3,116,2.4,2.922532348
2014,5,1,0,3,204,4.7,12.33287065
2014,5,1,0,3,185,4,9.182802106
2014,5,1,0,3,186,3.7,8.705663368
2014,5,1,0,3,106,2.3,2.469634871
2014,5,1,0,3,120,2.9,3.578941392
2014,5,1,0,3,103,2.4,2.448729541
2014,5,1,0,3,183,3.8,8.652936911
2014,5,1,0,3,159,3.9,7.071715419
2014,5,1,0,3,209,3.9,11.05444736
2014,5,1,0,3,160,3.3,6.210027854
2014,5,1,0,3,81,3.7,2.791736954
2014,5,1,0,3,78,3.7,2.682876151
2014,5,1,0,3,103,2.3,2.367388963
2014,5,1,0,3,85,1.9,1.55388737
2014,5,1,0,3,105,3.1,3.150564402
2014,5,1,0,3,156,4.5,7.86501675
2014,5,1,0,3,192,3.9,9.566672361
2014,5,1,0,3,218,4.2,12.57360314
2014,5,1,0,3,242,5.3,18.09016944
2014,5,1,0,3,112,2.1,2.512686034
2014,5,1,0,3,121,4.7,5.877542207
2014,5,1,0,3,220,4.2,12.77377504
2014,5,1,0,3,204,6.6,17.17671909
2014,5,1,0,3,304,5.6,28.0812746
2014,5,1,0,3,225,4.2,13.28347474
2014,5,1,0,3,208,4.9,13.19615097
2014,5,1,0,3,89,2.7,2.22428445
2014,5,1,0,3,112,3.4,3.757619357
2014,5,1,0,3,109,2.8,3.022248508
2014,5,1,0,3,223,NA,18.83669776
2014,5,1,0,3,178,NA,11.3938648
2014,5,1,0,3,176,3.9,8.294300359
2014,5,1,0,3,100,2.2,2.190605256
2014,5,1,0,3,117,3.1,3.657985826
2014,5,1,0,3,131,4.2,5.748635747
2014,5,1,0,3,210,4.2,11.79382658
2014,5,1,0,3,108,4.3,4.617993172
2014,5,1,0,3,109,3.2,3.41541642
2014,5,1,0,3,163,5.9,11.16908109
2014,5,1,0,3,50,2.3,0.995705391
2014,5,1,0,3,151,2.6,4.737015593
2014,5,1,0,3,271,6.7,26.75037635
2014,5,1,0,3,271,7.3,29.00094321
2014,5,1,0,3,192,3.6,8.99817
2014,5,1,0,3,157,4.6,8.113482774
2014,5,1,0,3,176,5.6,11.69412283
2014,5,1,0,3,86,1.9,1.579549016
2014,5,1,0,3,135,6.1,9.225380968
2014,5,1,0,3,176,3.2,7.112336235
2014,6,0,1,2,231,3.6,12.50941405
2014,6,0,1,2,134,3.1,4.466018792
2014,6,0,1,2,211,5,13.74576094
2014,6,0,1,2,277,5.2,22.49643285
2014,6,0,1,2,340,7.6,43.46047658
2014,6,0,1,2,186,3.6,8.52465854
2014,6,0,1,2,119,0.6,1.640955973
2014,6,0,1,2,100,1.1,1.452211944
2014,6,0,1,2,202,5.6,14.28093697
2014,6,0,1,2,232,4.8,15.53073652
2014,6,0,1,2,273,5.2,21.92293038
2014,6,0,1,2,310,7,34.68498105
2014,6,0,1,2,284,5.9,25.92704535
2014,6,0,1,2,291,5.6,25.96983531
2014,6,0,1,2,203,3.2,9.14523975
2014,6,0,1,2,282,5.6,24.57185064
2014,6,0,1,2,224,3.2,10.97006303
2014,6,0,1,2,286,6,26.60149532
2014,6,0,1,2,148,3.5,5.762891629
2014,6,0,1,2,274,4.9,21.11795439
2014,6,0,1,2,148,1.1,2.987283228
2014,6,0,1,2,223,4,12.61629172
2014,6,0,1,2,247,4.5,16.47969188
2014,6,0,1,2,238,4.5,15.43413786
2014,6,0,1,2,149,2.4,4.391012996
2014,6,0,1,2,232,4.4,14.51186013
2014,6,0,1,2,315,6.7,34.36068667
2014,6,0,1,2,202,4.1,10.83679039
2014,6,0,1,2,167,4.1,7.97368916
2014,6,0,1,2,275,5,21.57141051
2014,6,0,1,2,278,5,21.99727772
2014,6,0,1,2,281,5.2,23.07985096
2014,6,0,1,2,224,3.6,11.82185166
2014,6,0,1,2,283,5.3,23.70791398
2014,6,0,1,2,258,4,16.45296535
2014,6,0,1,2,281,4.7,21.47515142
2014,6,0,1,2,262,4.9,19.49062533
2014,6,0,1,2,430,8.5,71.51849637
2014,6,0,1,2,335,8.2,45.30457503
2014,6,0,1,2,165,3.6,6.99851801
2014,6,0,1,2,211,4.4,12.33679585
2014,6,0,1,2,241,5.1,17.40076969
2014,6,0,1,2,171,3.1,6.618087956
2014,6,0,1,2,114,5.71,7.005939827
2014,6,0,1,2,171,4.3,8.632414326
2014,6,0,1,2,132,4.7,6.557031504
2014,6,0,1,2,146,3.1,5.102808037
2014,6,0,1,2,123,2.2,3.010778737
2014,6,0,1,2,268,4.4,18.80994327
2014,6,0,1,2,142,2.5,4.15925713
2014,6,0,1,2,295,4.8,23.84491662
2014,6,0,1,2,186,2.7,7.007175576
2014,6,0,1,2,146,3.2,5.234742946
2014,6,0,1,2,310,4.9,26.53813658
2014,6,0,1,2,147,2.8,4.77339701
2014,6,0,1,2,254,4.3,16.77807319
2014,6,0,1,2,202,2.4,7.660101135
2014,6,0,1,2,122,3.4,4.226000414
2014,6,0,1,2,221,3.9,12.19259817
2014,6,0,1,2,152,4.4,7.410148899
2014,6,0,1,2,124,3.5,4.443900904
2014,6,0,1,2,217,4.1,12.24844661
2014,6,0,1,2,207,3.1,9.286777381
2014,6,0,1,2,224,4.1,12.94716484
2014,6,0,1,2,261,4.9,19.35892065
2014,6,0,1,2,173,3.4,7.226853225
2014,6,0,1,2,153,3.5,6.066999042
2014,6,0,1,2,261,5,19.65659501
2014,6,0,1,2,275,7.6,30.85593851
2014,6,0,1,2,252,4.8,17.91579306
2014,6,0,1,2,218,4.3,12.80328482
2014,6,0,1,2,196,3.5,9.135053283
2014,6,0,1,2,186,3.9,9.075323469
2014,6,0,1,2,241,4.1,14.7535758
2014,6,0,1,2,164,3.9,7.417862709
2014,6,0,1,2,310,7.8,38.18051376
2014,6,0,1,2,147,3,5.027882888
2014,6,0,1,2,204,3.5,9.80079125
2014,6,0,1,2,151,2.9,5.119186737
2014,6,0,1,2,224,3.8,12.26380073
2014,6,0,1,2,198,3.3,8.925572041
2014,6,0,1,2,267,5.1,20.77036375
2014,6,0,1,2,278,4.8,21.36553296
2014,6,0,1,2,310,6.5,32.61251698
2014,6,0,1,2,293,5.2,24.89044902
2014,6,0,1,2,180,2.9,6.910931372
2014,6,0,1,2,238,5.2,17.31475766
2014,6,0,1,2,185,3.3,7.92237745
2014,6,0,1,2,186,7,16.21239032
2014,6,0,1,2,243,4.94,17.19913742
2014,6,0,1,2,170,5,9.893158424
2014,6,0,1,2,162,3.51,6.656464237
2014,6,0,1,2,202,4.6,11.91488922
2014,6,0,1,2,164,3.2,6.315181903
2014,6,0,1,2,400,8.6,63.55180648
2014,6,0,1,2,295,5.6,26.60781063
2014,6,0,1,2,164,3.8,7.253050891
2014,6,0,1,2,272,4.4,19.33414275
2014,6,0,1,2,300,5.6,27.41986353
2014,6,0,1,2,145,0.9,2.694505875
2014,6,0,1,2,251,4.9,18.07435789
2014,6,0,1,2,305,6.3,30.91943309
2014,6,0,1,2,248,4.8,17.42052971
2014,6,0,1,2,262,5,19.78945036
2014,6,0,1,2,205,4.5,11.97943986
2014,6,0,1,2,390,10.1,70.00629776
2014,6,0,1,2,161,3.2,6.125663941
2014,6,0,1,2,223,4.1,12.84576238
2014,6,0,1,2,224,4.6,14.14171547
2014,6,0,1,2,181,4.5,9.820406792
2014,6,0,1,2,171,4.6,9.192909702
2014,6,0,1,2,320,6.7,35.30714496
2014,6,0,1,2,261,5.2,20.26106697
2014,6,0,1,2,254,5.3,19.63034171
2014,6,0,1,2,204,4.8,12.56163101
2014,6,0,1,2,179,3.9,8.523697943
2014,6,0,1,2,178,3.6,7.919561449
2014,6,0,1,2,232,5.7,17.99520572
2014,6,0,1,2,263,8.6,32.86706902
2014,6,0,1,2,281,5.5,24.07999787
2014,6,0,1,2,119,2.5,3.135012531
2014,6,0,1,2,273,6,24.57754454
2014,6,0,1,2,228,5.1,15.86207118
2014,6,0,1,2,271,5.3,21.95834685
2014,6,0,1,2,185,3.7,8.627417395
2014,6,0,1,2,197,3.6,9.40590218
2014,6,0,1,2,242,5.5,18.66935577
2014,6,0,1,2,440,2.4,41.77964736
2014,6,0,1,2,187,5.1,11.60787275
2014,6,0,1,2,170,4.7,9.303899599
2014,6,0,1,2,275,6,24.88199363
2014,6,0,1,2,147,2.7,4.649439385
2014,6,0,1,2,232,5.3,16.86999622
2014,6,0,1,2,264,5.2,20.66836369
2014,6,0,1,2,213,4.1,11.86070438
2014,6,0,1,2,342,5.3,33.67038193
2014,6,0,1,2,272,6.4,25.82557765
2014,6,0,1,2,210,5.1,13.88529015
2014,6,0,1,2,187,4,9.345703821
2014,6,0,1,2,174,4.25,8.773993848
2014,6,0,1,2,187,4.2,9.732898969
2014,6,0,1,2,220,5.3,15.47977495
2014,6,0,1,2,217,5.84,16.584419
2014,6,0,1,2,310,8.3,40.48019245
2014,6,0,1,2,290,6.8,30.27111096
2014,6,0,1,2,253,4.7,17.7585202
2014,6,0,1,2,172,3.5,7.320021462
2014,6,0,1,2,243,4.6,16.27478147
2014,6,0,1,2,235,5.5,17.79340624
2014,6,0,1,2,270,5.2,21.49925954
2014,7,1,1,4,84,2,1.59006375
2014,7,1,1,4,173,3.5,7.390361699
2014,7,1,1,4,245,6.1,20.88560302
2014,7,1,1,4,152,5.2,8.829351644
2014,7,1,1,4,79,3,2.139565763
2014,7,1,1,4,146,2.7,4.597234033
2014,7,1,1,4,220,5.7,16.55123813
2014,7,1,1,4,220,3.2,10.60531707
2014,7,1,1,4,215,3.4,10.56294562
2014,7,1,1,4,340,7.4,42.50394881
2014,7,1,1,4,92,1.6,1.549137116
2014,7,1,1,4,197,3.9,9.989425553
2014,7,1,1,4,169,4.6,9.033177072
2014,7,1,1,4,74,1.7,1.183643684
2014,7,1,1,4,308,6.5,32.25045535
2014,7,1,1,4,335,7.7,42.86453971
2014,7,1,1,4,286,8.7,37.55792262
2014,7,1,1,4,99,1.6,1.735157473
2014,7,1,1,4,160,2.8,5.499706008
2014,7,1,1,4,251,5.4,19.53577528
2014,7,1,1,4,385,8.7,60.09905757
2014,7,1,1,4,290,5.2,24.42923599
2014,7,1,1,4,305,5,26.08500433
2014,7,1,1,4,310,6.3,31.80721752
2014,7,1,1,4,199,2.7,7.941335713
2014,7,1,1,4,234,4.8,15.75908892
2014,7,1,1,4,216,2.8,9.471433757
2014,7,1,1,4,266,5.9,23.19691342
2014,7,1,1,4,133,3.8,5.307633095
2014,7,1,1,4,120,5.4,6.893431095
2014,7,1,1,4,145,4.3,6.773014631
2014,7,1,1,4,136,5,7.306704638
2014,7,1,1,4,188,5.5,12.61077503
2014,7,1,1,4,193,4.3,10.44887064
2014,7,1,1,4,247,4.2,15.68746019
2014,7,1,1,4,246,5.8,20.08810855
2014,7,1,1,4,142,4.6,7.054494579
2014,7,1,1,4,145,3.6,5.725576903
2014,7,1,1,4,166,3.5,6.90733268
2014,7,1,1,4,197,5.3,13.03280512
2014,7,1,1,4,226,5.1,15.6337198
2014,7,1,1,4,221,4.7,14.0671284
2014,7,1,1,4,237,5.1,16.91719021
2014,7,1,1,4,211,1.5,6.866755169
2014,7,1,1,4,225,1.6,8.048109104
2014,7,1,1,4,320,6.3,33.63344428
2014,7,1,1,4,190,4.2,9.986878482
2014,7,1,1,4,66,6.1,4.787811332
2014,7,1,1,4,218,3.4,10.83422861
2014,7,1,1,4,221,4.2,12.87465278
2014,7,1,1,4,223,4.6,14.03493317
2014,7,1,1,4,170,3.4,7.020000981
2014,7,1,1,4,160,3.1,5.918989023
2014,7,1,1,4,260,3.6,15.64197065
2014,7,1,1,4,193,3.1,8.177184859
2014,7,1,1,4,234,3.1,11.70155793
2014,7,1,1,4,245,5.3,18.46736607
2014,7,1,1,4,135,2.9,4.278465605
2014,7,1,1,4,81,2.5,1.83656195
2014,7,1,1,4,90,2.4,2.029119914
2014,7,1,1,4,65,4.9,3.336774849
2014,7,1,1,4,143,3.3,5.199188393
2014,7,1,1,4,134,2.7,4.000942662
2014,7,1,1,4,141,4.9,7.484082476
2014,7,1,1,4,170,2.1,5.144255261
2014,7,1,1,4,71,1.9,1.223270662
2014,7,1,1,4,283,5,22.71944866
2014,7,1,1,4,122,4.1,5.099291511
2014,7,1,1,4,290,6.3,28.35549848
2014,7,1,1,4,266,5.1,20.63334874
2014,7,1,1,4,250,5.6,20.00846202
2014,7,1,1,4,281,5.2,23.07985096
2014,7,1,1,4,285,6.8,29.4186121
2014,7,1,1,4,218,4.1,12.34668489
2014,7,1,1,4,266,8.1,31.32208946
2014,7,1,1,4,247,4.7,17.02239392
2014,7,1,1,4,251,5.9,21.07391892
2014,7,1,1,4,222,5.1,15.18361284
2014,7,1,1,4,210,4.3,12.0150554
2014,7,1,1,4,165,5.8,11.13060723
2014,7,1,1,4,235,5.9,18.95659903
2014,7,1,1,4,235,6.2,19.86150007
2014,7,1,1,4,293,5.9,27.36897615
2014,7,1,1,4,159,3.2,6.001448852
2014,7,1,1,4,85,2.4,1.881465116
2014,7,1,1,4,120,3.2,3.902896698
2014,7,1,1,4,248,5.1,18.26905115
2014,7,1,1,4,169,7.2,14.88402209
2014,7,1,1,4,168,2.8,5.981338451
2014,7,1,1,4,241,6.3,20.97362337
2014,7,1,1,4,221,5.8,16.94500245
2014,7,1,1,4,142,3.6,5.549106061
2014,7,1,1,4,280,5.8,24.95471232
2014,7,1,1,4,390,8.8,62.01750695
2014,7,1,1,4,129,2.8,3.87756011
2014,7,1,1,4,235,4.8,15.87409973
2014,7,1,1,4,138,3.7,5.455791501
2014,7,1,1,4,240,3.8,13.9079745
2014,7,1,1,4,273,5.1,21.60521024
2014,7,1,1,4,204,3.9,10.60194042
2014,7,1,1,4,262,5.3,20.70421994
2014,7,1,1,4,103,5.6,6.13682961
2014,7,1,1,4,270,5.9,23.78617208
2014,7,1,1,4,80,7.2,7.27053695
2014,7,1,1,4,235,4.4,14.84201804
2014,7,1,1,4,194,3.5,8.973467954
2014,7,1,1,4,276,5.3,22.67647548
2014,7,1,1,4,247,5.6,19.61223001
2014,7,1,1,4,262,6.3,23.95630542
2014,7,1,1,4,210,5.5,14.88910949
2014,7,1,1,4,122,3.6,4.464409856
2014,7,1,1,4,224,5.9,17.5864114
2014,7,1,1,4,292,5.8,26.84368203
2014,7,1,1,4,200,5.1,12.86166434
2014,7,1,1,4,217,7.2,20.60863818
2014,7,1,1,4,222,5.5,16.24015497
2014,7,1,1,4,230,5.8,18.03557745
2014,7,1,1,4,261,6.3,23.80823946
2014,7,1,1,4,117,4,4.703806637
2014,7,1,1,4,121,4.5,5.590535782
2014,7,1,1,4,65,1.7,1.001733917
2014,7,1,1,4,61,1.8,0.972083423
2014,7,1,1,4,209,4.5,12.36747696
2014,7,1,1,4,193,3.8,9.457164018
2014,7,1,1,4,74,6.9,6.393281233
2014,7,1,1,4,263,5.4,21.15338142
2014,7,1,1,4,272,6.1,24.77122205
2014,7,1,1,4,175,4.5,9.324570584
2014,7,1,1,4,207,5.3,14.06227742
2014,7,1,1,4,205,5.4,14.09916805
2014,7,1,1,4,225,5.4,16.31829754
2014,7,1,1,4,181,7.1,15.92497983
2014,7,1,1,4,330,7.6,41.33192253
2014,7,1,1,4,145,3.2,5.178632996
2014,7,1,1,4,198,5.7,14.10853108
2014,7,1,1,4,221,4.8,14.31413089
2014,7,1,1,4,190,7.4,17.81613076
2014,8,0,0,1,150,5.1,8.490653146
2014,8,0,0,1,126,4,5.185958026
2014,8,0,0,1,159,3.8,6.911608424
2014,8,0,0,1,128,4.2,5.573192862
2014,8,0,0,1,108,4.5,4.872930233
2014,8,0,0,1,140,4.3,6.449231723
2014,8,0,0,1,122,3.6,4.464409856
2014,8,0,0,1,121,4.3,5.313028032
2014,8,0,0,1,148,3.8,6.198510666
2014,8,0,0,1,123,4,5.021750064
2014,8,0,0,1,150,4,6.630278353
2014,8,0,0,1,228,5.3,16.39771978
2014,8,0,0,1,174,4.9,10.02930555
2014,8,0,0,1,155,3.9,6.802682439
2014,8,0,0,1,148,3.1,5.214493538
2014,8,0,0,1,150,4.8,7.952702693
2014,8,0,0,1,200,6,15.08868118
2014,8,0,0,1,170,4.7,9.303899599
2014,8,0,0,1,130,3,4.150029548
2014,8,0,0,1,106,2.8,2.905973495
2014,8,0,0,1,105,2.4,2.518012519
2014,8,0,0,1,99,3.3,3.104668549
2014,8,0,0,1,140,3.4,5.164271698
2014,8,0,0,1,134,4,5.641261078
2014,8,0,0,1,93,2.5,2.197397782
2014,8,0,0,1,122,2.4,3.160399585
2014,8,0,0,1,150,4.3,7.107457118
2014,8,0,0,1,142,4.4,6.734012237
2014,8,0,0,1,93,3.3,2.872541941
2014,8,0,0,1,158,4.2,7.496088446
2014,9,1,1,4,237,7.1,23.03248652
2014,9,1,1,4,161,3.4,6.423200758
2014,9,1,1,4,132,5.6,8.062788205
2014,9,1,1,4,174,3.2,6.975071932
2014,9,1,1,4,181,4.3,9.429454817
2014,9,1,1,4,176,4.3,9.025069595
2014,9,1,1,4,183,4.1,9.21010562
2014,9,1,1,4,169,4.5,8.845711714
2014,9,1,1,4,111,5.3,6.167471021
2014,9,1,1,4,120,3.4,4.129379017
2014,9,1,1,4,95,3.9,3.5461837
2014,9,1,1,4,189,4.2,9.901733783
2014,9,1,1,4,134,3.4,4.837537655
2014,9,1,1,4,226,6.7,20.22388951
2014,9,1,1,4,127,4.1,5.377333411
2014,9,1,1,4,140,4,5.999694926
2014,9,1,1,4,245,5.9,20.26238696
2014,9,1,1,4,207,5.7,15.07645581
2014,9,1,1,4,130,4.5,6.126526935
2014,9,1,1,4,132,4.5,6.250110713
2014,9,1,1,4,87,2.2,1.80091653
2014,9,1,1,4,124,4.5,5.765571296
2014,9,1,1,4,152,3.4,5.861221235
2014,9,1,1,4,293,7.5,33.64037576
2014,9,1,1,4,140,5,7.584265582
2014,9,1,1,4,252,6.1,21.8507621
2014,9,1,1,4,241,6.4,21.29166984
2014,9,1,1,4,243,5.1,17.64597737
2014,9,1,1,4,227,4.7,14.71597985
2014,9,1,1,4,290,5.9,26.88254616
2014,9,1,1,4,149,3.2,5.405501629
2014,9,1,1,4,152,6.2,10.84430509
2014,9,1,1,4,207,5.4,14.31141684
2014,9,1,1,4,240,4.5,15.6625431
2014,9,1,1,4,197,4.1,10.39154993
2014,9,1,1,4,195,4.5,11.0450422
2014,9,1,1,4,200,4.1,10.65719919
2014,9,1,1,4,199,3.5,9.381050278
2014,9,1,1,4,180,3.8,8.420885743
2014,9,1,1,4,195,3.8,9.623766094
2014,9,1,1,4,226,4.7,14.60648116
2014,9,1,1,4,216,5.1,14.52478186
2014,9,1,1,4,219,4.8,14.0999934
2014,9,1,1,4,156,5.9,10.55259066
2014,9,1,1,4,200,6.9,17.55898582
2014,9,1,1,4,211,4.2,11.8894835
2014,9,1,1,4,260,5.3,20.43217053
2014,9,1,1,4,205,4.5,11.97943986
2014,9,1,1,4,262,7.5,28.2876674
2014,9,1,1,4,315,7.8,39.17869175
2014,9,1,1,4,208,5.7,15.18665775
2014,9,1,1,4,152,4.7,7.922979433
2014,9,1,1,4,132,2.8,4.018318989
2014,9,1,1,4,226,4.8,14.85893592
2014,9,1,1,4,156,3.3,5.961362158
2014,9,1,1,4,175,4.2,8.760035827
2014,9,1,1,4,182,3.5,8.043808311
2014,9,1,1,4,142,3,4.757990418
2014,9,1,1,4,266,5.9,23.19691342
2014,9,1,1,4,111,3.3,3.605773303
2014,9,1,1,4,145,4,6.309735998
2014,9,1,1,4,119,3.3,3.968140293
2014,9,1,1,4,198,4.4,11.10588518
2014,9,1,1,4,118,5.3,6.603954169
2014,9,1,1,4,231,5.3,16.75108834
2014,9,1,1,4,160,3.7,6.820416392
2014,9,1,1,4,193,4,9.845945339
2014,9,1,1,4,256,6,22.08937214
2014,9,1,1,4,205,3.9,10.69143456
2014,9,1,1,4,200,4.4,11.28966566
2014,9,1,1,4,235,5.3,17.23009348
2014,9,1,1,4,202,4.4,11.47546251
2014,9,1,1,4,154,3.5,6.129076558
2014,9,1,1,4,231,4.7,15.159447
2014,9,1,1,4,251,4.3,16.41917175
2014,9,1,1,4,134,4.2,5.927722464
2014,9,1,1,4,172,4.1,8.347348339
2014,9,1,1,4,120,3.5,4.245833859
2014,9,1,1,4,190,5.1,11.88962472
2014,9,1,1,4,152,3.6,6.151806344
2014,9,1,1,4,126,4.5,5.88426818
2014,9,1,1,4,205,4.4,11.75796254
2014,9,1,1,4,273,6.6,26.70332703
2014,9,1,1,4,266,6.4,24.90224
2014,9,1,1,4,211,6,16.32559758
2014,9,1,1,4,164,4.6,8.641963972
2014,9,1,1,4,152,4.6,7.749490984
2014,9,1,1,4,161,5,9.157339438
2014,9,1,1,4,185,5.6,12.55071996
2014,9,1,1,4,191,4.7,11.10738574
2014,9,1,1,4,165,4,7.656662085
2014,9,1,1,4,166,5,9.561445406
2014,9,1,1,4,295,6.5,29.96216774
2014,9,1,1,4,166,3.9,7.559424023
2014,9,1,1,4,288,7.5,32.73495774
2014,9,1,1,4,142,4.8,7.384987122
2014,9,1,1,4,183,4.3,9.594531963
2014,9,1,1,4,82,5.2,4.438708818
2014,9,1,1,4,273,7.4,29.72364553
2014,9,1,1,4,245,6.2,21.20194675
2014,9,1,1,4,141,3,4.70519802
2014,9,1,1,4,88,5.2,4.739319933
2014,9,1,1,4,63,2.7,1.490646764
2014,9,1,1,4,151,3.4,5.800883027
2014,9,1,1,4,241,7.8,26.08751208
2014,9,1,1,4,121,3,3.729718745
2014,9,1,1,4,292,6.6,29.83550028
2014,9,1,1,4,208,4.4,12.04506127
2014,9,1,1,4,211,4.5,12.56459891
2014,9,1,1,4,265,6.2,24.06109095
2014,9,1,1,4,125,3.7,4.742217721
2014,10,1,0,3,167,3.5,6.975007882
2014,10,1,0,3,149,4.2,6.879124365
2014,10,1,0,3,102,1.9,2.029389254
2014,10,1,0,3,94,2.5,2.229436679
2014,10,1,0,3,156,3.8,6.711980242
2014,10,1,0,3,147,5.9,9.793860529
2014,10,1,0,3,161,4.6,8.412748536
2014,10,1,0,3,134,3,4.346544265
2014,10,1,0,3,97,2.8,2.575116657
2014,10,1,0,3,83,2.5,1.893726347
2014,10,1,0,3,174,4.2,8.682025333
2014,10,1,0,3,172,4,8.169852545
2014,10,1,0,3,140,3.7,5.571548727
2014,10,1,0,3,118,3.1,3.702572289
2014,10,1,0,3,166,4.7,8.984188737
2014,10,1,0,3,145,3.8,6.012927997
2014,10,1,0,3,121,2.8,3.518356081
2014,10,1,0,3,163,3.8,7.183882929
2014,10,1,0,3,135,3.1,4.516937309
2014,10,1,0,3,172,4.3,8.710015271
2014,10,1,0,3,200,4.9,12.39854211
2014,10,1,0,3,150,4.1,6.786884815
2014,10,1,0,3,112,3.5,3.867531808
2014,10,1,0,3,145,3.8,6.012927997
2014,10,1,0,3,108,2.8,2.983152025
2014,10,1,0,3,117,3.6,4.217344588
2014,10,1,0,3,180,4.6,9.935030109
2014,10,1,0,3,80,2.6,1.87739006
2014,10,1,0,3,119,3.3,3.968140293
2014,10,1,0,3,96,2.9,2.625565946
2014,10,1,0,3,141,2.5,4.110659224
2014,10,1,0,3,124,3.4,4.324117374
2014,10,1,0,3,157,3.6,6.468867305
2014,10,1,0,3,178,4.2,8.996868281
2014,10,1,0,3,166,3.5,6.90733268
2014,10,1,0,3,170,4,8.020958542
2014,10,1,0,3,116,5.3,6.477211188
2014,10,1,0,3,165,4.4,8.354825843
2014,10,1,0,3,156,4.1,7.191242683
2014,10,1,0,3,136,3.4,4.944869208
2014,10,1,0,3,128,2.9,3.941659472
2014,10,1,0,3,119,3.4,4.081625566
2014,10,1,0,3,202,5.2,13.30018348
2014,10,1,0,3,152,3.9,6.605448181
2014,10,1,0,3,188,4.5,10.42073439
2014,10,1,0,3,206,4.8,12.75993427
2014,10,1,0,3,159,4.2,7.566833129
2014,10,1,0,3,181,4.7,10.22201822
2014,10,1,0,3,178,5.3,11.21762865
2014,10,1,0,3,182,4.7,10.30835707
2014,10,1,0,3,205,5.5,14.34905565
2014,10,1,0,3,133,3.6,5.041522812
2014,10,1,0,3,121,3.1,3.838502534
2014,10,1,0,3,181,5.9,12.86356409
2014,10,1,0,3,103,2.4,2.448729541
2014,10,1,0,3,181,4.6,10.01987111
2014,10,1,0,3,122,4,4.967794481
2014,10,1,0,3,174,4.8,9.828861807
2014,10,1,0,3,156,4.2,7.355924662
2014,10,1,0,3,138,4.6,6.788569481
2014,10,1,0,3,199,2.3,7.280306138
2014,10,1,0,3,115,3.3,3.784065562
2014,10,1,0,3,192,4.3,10.36124251
2014,10,1,0,3,176,4,8.473145694
2014,10,1,0,3,200,6.1,15.35091459
2014,10,1,0,3,148,4,6.500790064
2014,10,1,0,3,174,4.3,8.866609561
2014,10,1,0,3,171,5,9.977268431
2014,10,1,0,3,223,5.6,16.62898916
2014,10,1,0,3,188,4.8,11.04864696
2014,10,1,0,3,139,4,5.938931474
2014,10,1,0,3,149,4,6.565321384
2014,10,1,0,3,150,3.9,6.476099729
2014,10,1,0,3,174,4.2,8.682025333
2014,10,1,0,3,188,4.8,11.04864696
2014,10,1,0,3,121,3.3,4.062374925
2014,10,1,0,3,162,4.1,7.611350694
2014,10,1,0,3,126,3.9,5.053281878
2014,10,1,0,3,168,4.9,9.529269132
2014,10,1,0,3,105,3,3.05436762
2014,10,1,0,3,118,3.4,4.034241699
2014,10,1,0,3,152,3.7,6.300632835
2014,10,1,0,3,114,3,3.423178766
2014,10,1,0,3,130,3.4,4.627556504
2014,10,1,0,3,137,3.8,5.536230053
2014,10,1,0,3,151,5.3,8.940263794
2014,10,1,0,3,181,5.2,11.27362277
2014,10,1,0,3,129,3.9,5.218412726
2014,10,1,0,3,156,4.1,7.191242683
2014,10,1,0,3,181,6.1,13.34380609
2014,10,1,0,3,148,4.5,7.29913242
2014,10,1,0,3,191,5.6,13.14441564
2014,10,1,0,3,171,5,9.977268431
2014,10,1,0,3,220,5.8,16.82661469
2014,10,1,0,3,211,6,16.32559758
2014,10,1,0,3,195,5.1,12.36927962
2014,10,1,0,3,156,5.5,9.730681249
2014,10,1,0,3,157,3.7,6.622275368
2014,10,1,0,3,173,5,10.14691593
2014,10,1,0,3,187,4.6,10.53907918
2014,10,1,0,3,62,1.3,0.77786856
2014,10,1,0,3,122,3.6,4.464409856
2014,10,1,0,3,213,6.2,17.11391386
2014,10,1,0,3,172,4.9,9.860730709
2014,10,1,0,3,168,5.6,10.9662208
2014,10,1,0,3,158,4.8,8.548792389
2014,10,1,0,3,124,3.6,4.56587636
2014,10,1,0,3,101,2.7,2.631522993
2014,10,1,0,3,153,4.7,7.995849443
2014,10,1,0,3,154,4.9,8.427748593
2014,10,1,0,3,124,3,3.866505036
2014,10,1,0,3,146,4.2,6.681256701
2014,10,1,0,3,188,5.5,12.61077503
2014,10,1,0,3,163,4.5,8.38353444
2014,10,1,0,3,133,4.4,6.161808946
2014,10,1,0,3,225,6.3,18.87520232
2014,10,1,0,3,224,6.4,19.04733191
2014,10,1,0,3,152,4.5,7.578553773
2014,10,1,0,3,127,3.6,4.720940701
2014,10,1,0,3,82,1.6,1.307190608
2014,10,1,0,3,161,4.7,8.594959404
2014,11,0,0,1,147,5.1,8.265763018
2014,11,0,0,1,166,5.4,10.36886983
2014,11,0,0,1,238,5.7,18.74766115
2014,11,0,0,1,290,8.3,36.53155823
2014,11,0,0,1,89,3.5,2.906407484
2014,11,0,0,1,121,6.1,8.165976854
2014,11,0,0,1,142,3.6,5.549106061
2014,11,0,0,1,140,3.8,5.71191958
2014,11,0,0,1,138,3.5,5.185505798
2014,11,0,0,1,103,5.6,6.13682961
2014,11,0,0,1,125,5,6.578504905
2014,11,0,0,1,168,5.1,9.926148243
2014,11,0,0,1,210,5.6,15.14740472
2014,11,0,0,1,160,5.2,9.464143554
2014,11,0,0,1,155,5.2,9.063959051
2014,11,0,0,1,90,2.9,2.417138824
2014,11,0,0,1,265,7.8,29.94867164
2014,11,0,0,1,115,3.3,3.784065562
2014,11,0,0,1,274,7.6,30.68401514
2014,11,0,0,1,150,4.5,7.43796837
2014,11,0,0,1,225,6.4,19.17476453
2014,11,0,0,1,143,4.6,7.122043617
2014,11,0,0,1,190,5.1,11.88962472
2014,11,0,0,1,155,3.7,6.492336565
2014,11,0,0,1,160,4.7,8.518487864
2014,11,0,0,1,196,5.6,13.65323123
2014,11,0,0,1,124,3.7,4.690063615
2014,11,0,0,1,232,6.8,21.34508085
2014,11,0,0,1,144,3.4,5.390069941
2014,11,0,0,1,154,3.6,6.277356781
2014,11,0,0,1,140,4.3,6.449231723
2014,11,0,0,1,155,4.2,7.286502785
2014,11,0,0,1,73,4.8,3.564472454
2014,11,0,0,1,164,4.4,8.279461118
2014,11,0,0,1,200,5.4,13.57774982
2014,11,0,0,1,140,3.9,5.854628543
2014,11,0,0,1,182,4.7,10.30835707
2014,11,0,0,1,165,5.6,10.70124698
2014,11,0,0,1,155,4.3,7.452731825
2014,11,0,0,1,142,5.1,7.899831813
2014,11,0,0,1,165,5.4,10.28307282
2014,11,0,0,1,120,4.7,5.81820964
2014,11,0,0,1,265,7.7,29.55528225
2014,11,0,0,1,250,5.8,20.62448758
2014,11,0,0,1,165,4.5,8.535758276
2014,11,0,0,1,155,4.2,7.286502785
2014,11,0,0,1,80,3.8,2.846302533
2014,11,0,0,1,127,5.1,6.867146951
2014,11,0,0,1,187,5.4,12.28256939
2014,11,0,0,1,157,3.7,6.622275368
2014,11,0,0,1,114,4.3,4.930713891
2014,11,0,0,1,214,6.3,17.5168762
2014,11,0,0,1,132,5.4,7.71014212
2014,11,0,0,1,167,5.7,11.09275068
2014,11,0,0,1,117,4.8,5.786137609
2014,11,0,0,1,130,4.1,5.548912639
2014,11,0,0,1,203,5.7,14.64097919
2014,11,0,0,1,135,5.5,8.101827443
2014,11,0,0,1,185,4.8,10.77922826
2014,12,0,1,2,186,5.2,11.73598695
2014,12,0,1,2,220,5.6,16.27888254
2014,12,0,1,2,190,3.8,9.21088351
2014,12,0,1,2,116,4.2,4.907110599
2014,12,0,1,2,153,4.3,7.313311027
2014,12,0,1,2,272,6.6,26.54484603
2014,12,0,1,2,143,4.1,6.334638942
2014,12,0,1,2,285,7.4,31.79201548
2014,12,0,1,2,211,4.6,12.79518915
2014,12,0,1,2,299,7.7,35.609063
2014,12,0,1,2,240,5.7,19.00306322
2014,12,0,1,2,264,6.3,24.25427646
2014,12,0,1,2,170,4.4,8.738516393
2014,12,0,1,2,124,3.3,4.206505896
2014,12,0,1,2,167,4,7.801026769
2014,12,0,1,2,236,5.7,18.4945578
2014,12,0,1,2,236,5.9,19.08457624
2014,12,0,1,2,190,4.6,10.80527731
2014,12,0,1,2,188,4.7,10.83661855
2014,12,0,1,2,150,4.9,8.129414652
2014,12,0,1,2,222,5.4,15.9715694
2014,12,0,1,2,180,4.3,9.347631089
2014,12,0,1,2,137,6.4,9.988610875
2014,12,0,1,2,112,3.7,4.093745121
2014,12,0,1,2,192,3.5,8.813799417
2014,12,0,1,2,230,5.1,16.0926354
2014,12,0,1,2,219,4.6,13.61317924
2014,12,0,1,2,272,6.9,27.64859709
2014,12,0,1,2,193,4,9.845945339
2014,12,0,1,2,210,5.8,15.67292251
2014,12,0,1,2,215,5,14.16774448
2014,12,0,1,2,209,4.7,12.82720796
2014,12,0,1,2,204,4.1,11.01838794
2014,12,0,1,2,128,3.6,4.773398398
2014,12,0,1,2,125,4.2,5.401356358
2014,12,0,1,2,220,6.3,18.24939513
2014,12,0,1,2,198,4.3,10.89442905
2014,12,0,1,2,134,3.5,4.965807441
2014,12,0,1,2,170,3.8,7.677401761
2014,12,0,1,2,267,6.9,26.84750067
2014,12,0,1,2,140,3.8,5.71191958
2014,12,0,1,2,188,4.7,10.83661855
2014,12,0,1,2,290,8.4,36.97712882
2014,12,0,1,2,181,4.9,10.63443247
2014,12,0,1,2,160,4.3,7.809011393
2014,12,0,1,2,172,4.4,8.89522285
2014,12,0,1,2,128,3.4,4.524883934
2014,12,0,1,2,236,5.6,18.20416457
2014,12,0,1,2,189,5,11.5738367
2014,12,0,1,2,252,6,21.52942092
2014,12,0,1,2,272,8,31.95698705
2014,12,0,1,2,251,6.4,22.69075184
2014,12,0,1,2,124,3.9,4.94515302
2014,12,0,1,2,255,6.4,23.2671099
2014,12,0,1,2,205,5.6,14.60187854
2014,12,0,1,2,202,6,15.30875656
2014,12,0,1,2,250,5.1,18.52233049
2014,12,0,1,2,217,4.8,13.88800228
2014,12,0,1,2,235,7,22.41434972
2014,12,0,1,2,252,5.7,20.58433078
2014,12,0,1,2,291,6.9,30.8379815
2014,12,0,1,2,251,5.7,20.44932868
2014,12,0,1,2,247,6.7,23.11852209
2014,12,0,1,2,145,4.1,6.461734186
2014,12,0,1,2,118,3.9,4.63004298
2014,12,0,1,2,153,3.6,6.214370187
2014,12,0,1,2,168,4.1,8.047509766
2014,12,0,1,2,287,7.8,33.80685621
2014,12,0,1,2,185,4.8,10.77922826
2014,12,0,1,2,204,5.5,14.24263647
2014,12,0,1,2,196,4.8,11.78896267
2014,12,0,1,2,243,6.3,21.2463689
2014,12,0,1,2,156,3.3,5.961362158
2014,12,0,1,2,265,5.8,22.72087369
2014,12,0,1,2,183,4.3,9.594531963
2014,12,0,1,2,192,4.8,11.41480398
2014,12,0,1,2,270,6.3,25.16299374
2014,12,0,1,2,170,4.1,8.196515037
2014,12,0,1,2,254,5.3,19.63034171
2014,12,0,1,2,229,6,18.49239027
2014,12,0,1,2,271,6.5,26.02691612
2014,12,0,1,2,245,5.9,20.26238696
2014,12,0,1,2,172,3.8,7.822445197
2014,12,0,1,2,259,6.8,25.24258995
2014,12,0,1,2,226,5.4,16.43497898
2014,12,0,1,2,269,6.3,25.00999139
2014,12,0,1,2,274,8.1,32.72371931
2014,12,0,1,2,290,6.3,28.35549848
2014,12,0,1,2,215,5.6,15.70635169
2014,12,0,1,2,282,7,29.68506001
2014,12,0,1,2,174,5.4,11.07248925
2014,12,0,1,2,270,6.8,26.95744283
2014,12,0,1,2,340,8.9,50.02981308
2014,12,0,1,2,264,7.5,28.61450815
2014,12,0,1,2,243,7.1,23.90002359
2014,12,0,1,2,260,6.1,22.98968647
2014,12,0,1,2,277,7.6,31.20170943
2014,12,0,1,2,185,4,9.182802106
2014,12,0,1,2,240,5.4,18.12738104
2014,12,0,1,2,300,8.9,41.27550033
2014,12,0,1,2,193,4.6,11.07592056
2014,12,0,1,2,171,4.6,9.192909702
2014,12,0,1,2,152,3.9,6.605448181
2014,12,0,1,2,188,4.6,10.62732026
2014,12,0,1,2,193,5,11.95033229
2014,12,0,1,2,205,6,15.64286583
2014,12,0,1,2,288,7,30.71302674
2014,12,0,1,2,193,4.7,11.29038003
2014,12,0,1,2,270,6.9,27.32627361
2014,12,0,1,2,293,7.6,34.06132548
2014,12,0,1,2,225,5,15.26029352
2014,12,0,1,2,193,5.2,12.40428728
2014,12,0,1,2,277,7.4,30.40280892
2014,12,0,1,2,276,7,28.68029046
2014,12,0,1,2,235,6,19.25510986
2014,12,0,1,2,172,4.3,8.710015271
2014,12,0,1,2,157,4,7.097012809
2014,12,0,1,2,107,3.4,3.537001075
2014,12,0,1,2,129,4.4,5.918266849
2014,12,0,1,2,171,4.4,8.816637515
2014,12,0,1,2,190,4.2,9.986878482
2014,12,0,1,2,140,3.9,5.854628543
2014,12,0,1,2,180,4.8,10.33999195
2014,12,0,1,2,141,4.7,7.150420208
2014,12,0,1,2,65,2.6,1.479367244
2014,12,0,1,2,172,4.1,8.347348339
2014,12,0,1,2,196,5,12.23800024
2014,12,0,1,2,262,6.8,25.70283805
2014,12,0,1,2,226,5.8,17.54527711
2014,12,0,1,2,155,4.8,8.32188974
2014,12,0,1,2,122,4.1,5.099291511
2014,12,0,1,2,170,5.3,10.50678664
2014,12,0,1,2,211,4.8,13.26479899
2014,12,0,1,2,262,6.5,24.6450948
2014,12,0,1,2,265,6.6,25.4530012
2014,12,0,1,2,235,6.3,20.16941183
2014,12,0,1,2,204,5.2,13.50495893
2014,12,0,1,2,101,5.7,6.167889141
2014,12,0,1,2,182,3.9,8.757286678
2014,12,0,1,2,273,7.3,29.33425614
2014,12,0,1,2,159,4,7.234276096
2014,12,0,1,2,173,4.3,8.788079889
2014,12,0,1,2,172,4.5,9.083037466
2014,12,0,1,2,166,4.1,7.900321382
2014,12,0,1,2,131,4.8,6.649436857
2014,12,0,1,2,172,4.9,9.860730709
2014,12,0,1,2,154,4.6,7.893751855
2014,12,0,1,2,112,3.4,3.757619357
2014,12,0,1,2,125,3.4,4.373740281
2014,12,0,1,2,107,4.4,4.692672158
2014,12,0,1,2,164,5.4,10.1977504
2014,12,0,1,2,206,2.8,8.655175454
2014,12,0,1,2,150,5.1,8.490653146
2014,12,0,1,2,310,8.9,43.35946906
2014,12,0,1,2,257,6.5,23.89899142
2014,12,0,1,2,166,5.2,9.959703515
2014,12,0,1,2,213,5.5,15.21955536
2014,12,0,1,2,209,5.2,14.0260696
2014,12,0,1,2,188,5.7,13.08267674
2014,12,0,1,2,111,6.2,7.634521895
2014,12,0,1,2,218,6.5,18.58928389
2014,12,0,1,2,201,5.9,14.93812529
2014,12,0,1,2,286,6.5,28.44309058
2014,12,0,1,2,221,7.5,22.12427593
2014,12,0,1,2,200,5.3,13.33617797
2014,12,0,1,2,264,7.1,27.10756588
2014,12,0,1,2,270,7.7,30.39875413
2014,12,0,1,2,161,5.6,10.35463614
2014,12,0,1,2,296,7.4,33.77036666
2014,12,0,1,2,174,6.2,12.88800038
2014,12,0,1,2,202,5.1,13.06221993
2014,12,0,1,2,125,5.4,7.226327995
2015,1,0,0,1,181,NA,11.81467345
2015,1,0,0,1,110,NA,4.329708501
2015,1,0,0,1,203,5.6,14.38738936
2015,1,0,0,1,182,NA,11.95721151
2015,1,0,0,1,149,NA,7.829091722
2015,1,0,0,1,120,NA,5.098187639
2015,1,0,0,1,108,NA,4.185924792
2015,1,0,0,1,190,NA,13.13900512
2015,1,0,0,1,91,NA,3.090052203
2015,1,0,0,1,298,7.9,36.29209934
2015,1,0,0,1,154,NA,8.381118886
2015,1,0,0,1,165,NA,9.685638572
2015,1,0,0,1,133,NA,6.226374199
2015,1,0,0,1,148,NA,7.721679073
2015,1,0,0,1,403,7.9,60.27514107
2015,2,1,0,3,225,5.7,17.14311473
2015,2,1,0,3,102,NA,3.773741931
2015,2,1,0,3,132,NA,6.134206355
2015,2,1,0,3,157,NA,8.724470312
2015,2,1,0,3,212,5,13.85046003
2015,2,1,0,3,242,4.8,16.69488111
2015,2,1,0,3,79,NA,2.444368194
2015,2,1,0,3,270,5,20.87390796
2015,2,1,0,3,115,NA,4.703490082
2015,2,1,0,3,159,NA,8.958503489
2015,2,1,0,3,139,NA,6.798832036
2015,2,1,0,3,89,NA,2.975377677
2015,2,1,0,3,195,NA,13.91577251
2015,2,1,0,3,206,5,13.23017318
2015,2,1,0,3,257,5.6,20.95367994
2015,2,1,0,3,232,6,18.87118123
2015,2,1,0,3,206,5.5,14.45600361
2015,2,1,0,3,175,NA,10.98316879
2015,2,1,0,3,264,5.8,22.5768866
2015,2,1,0,3,109,NA,4.257411993
2015,2,1,0,3,282,6.3,27.04795748
2015,2,1,0,3,300,6.8,32.02519987
2015,2,1,0,3,204,5.7,14.74905127
2015,2,1,0,3,185,NA,12.39169499
2015,2,1,0,3,300,6.3,30.04832384
2015,2,1,0,3,242,5.2,17.80512344
2015,2,1,0,3,166,NA,9.810526601
2015,2,1,0,3,279,6.5,27.29774422
2015,2,1,0,3,100,NA,3.642615591
2015,2,1,0,3,189,NA,12.98720474
2015,2,1,0,3,177,NA,11.25584858
2015,2,1,0,3,156,NA,8.608997947
2015,2,1,0,3,297,6.9,31.89384797
2015,2,1,0,3,229,6.7,20.6216929
2015,2,1,0,3,155,NA,8.49454899
2015,2,1,0,3,230,5.8,18.03557745
2015,2,1,0,3,295,6.8,31.13992202
2015,2,1,0,3,253,6.1,21.99102242
2015,2,1,0,3,296,6.9,31.71622252
2015,2,1,0,3,237,6,19.51393364
2015,2,1,0,3,89,NA,2.975377677
2015,2,1,0,3,192,NA,13.44614532
2015,3,0,1,2,216,5.6,15.81976593
2015,3,0,1,2,206,4.8,12.75993427
2015,3,0,1,2,231,5.5,17.30539066
2015,3,0,1,2,320,6.6,34.88363301
2015,3,0,1,2,184,NA,12.24571772
2015,3,0,1,2,221,5.4,15.85709436
2015,3,0,1,2,175,NA,10.98316879
2015,3,0,1,2,298,6.4,30.09073617
2015,3,0,1,2,166,NA,9.810526601
2015,3,0,1,2,333,8,43.88330844
2015,3,0,1,2,172,NA,10.58246241
2015,3,0,1,2,282,7.1,30.07522712
2015,3,0,1,2,277,5.5,23.4823884
2015,3,0,1,2,241,5.3,17.9655882
2015,3,0,1,2,186,NA,12.53882777
2015,3,0,1,2,220,6.3,18.24939513
2015,3,0,1,2,154,NA,8.381118886
2015,3,0,1,2,159,NA,8.958503489
2015,3,0,1,2,228,5.3,16.39771978
2015,3,0,1,2,242,5.6,18.96352806
2015,3,0,1,2,261,5.6,21.50693513
2015,3,0,1,2,285,6.3,27.53346619
2015,3,0,1,2,171,NA,10.45109228
2015,3,0,1,2,164,NA,9.561814948
2015,3,0,1,2,186,NA,12.53882777
2015,3,0,1,2,245,5.7,19.65169351
2015,3,0,1,2,194,NA,13.75803512
2015,3,0,1,2,205,5.1,13.36694561
2015,3,0,1,2,267,2.6,13.95999669
2015,3,0,1,2,228,4.7,14.82602442
2015,3,0,1,2,296,6,28.23184096
2015,3,0,1,2,227,5.5,16.8263808
2015,3,0,1,2,303,6.3,30.56899723
2015,3,0,1,2,182,NA,11.95721151
2015,3,0,1,2,204,5.1,13.26484963
2015,3,0,1,2,193,NA,13.60149424
2015,3,0,1,2,206,4.6,12.30097193
2015,3,0,1,2,240,4.7,16.18963208
2015,3,0,1,2,190,NA,13.13900512
2015,3,0,1,2,310,6.3,31.80721752
2015,3,0,1,2,250,5.3,19.10761622
2015,3,0,1,2,177,NA,11.25584858
2015,3,0,1,2,171,NA,10.45109228
2015,3,0,1,2,168,NA,10.0635141
2015,3,0,1,2,232,5.2,16.5962206
2015,3,0,1,2,205,4.8,12.6605238
2015,3,0,1,2,267,5.9,23.34330489
2015,3,0,1,2,169,NA,10.19162268
2015,3,0,1,2,236,5.2,17.07298771
2015,3,0,1,2,280,6,25.65409323
2015,3,0,1,2,286,6.8,29.58781432
2015,3,0,1,2,131,NA,6.042952592
2015,3,0,1,2,167,NA,9.936483593
2015,3,0,1,2,195,NA,13.91577251
2015,3,0,1,2,104,NA,3.90797795
2015,3,0,1,2,311,6.9,34.45066967
2015,3,0,1,2,269,5.8,23.302944
2015,3,0,1,2,265,5.3,21.11680521
2015,3,0,1,2,250,5.8,20.62448758
2015,3,0,1,2,222,5.8,17.06394421
2015,3,0,1,2,220,6.2,17.95866381
2015,3,0,1,2,219,5.3,15.36750057
2015,3,0,1,2,95,NA,3.328165426
2015,3,0,1,2,294,5.7,26.80580773
2015,3,0,1,2,264,5.3,20.97867353
2015,3,0,1,2,245,5.5,19.05339558
2015,3,0,1,2,285,5.5,24.68766144
2015,3,0,1,2,297,6.4,29.91859542
2015,3,0,1,2,310,6.7,33.43129546
2015,3,0,1,2,218,4.8,13.99373022
2015,3,0,1,2,303,6.1,29.79426283
2015,3,0,1,2,235,5,16.40761452
2015,3,0,1,2,202,4.7,12.13874787
2015,3,0,1,2,210,4.9,13.40075972
2015,3,0,1,2,265,5.7,22.39378178
2015,3,0,1,2,201,5,12.7276421
2015,3,0,1,2,160,NA,9.077073411
2015,3,0,1,2,222,4.5,13.68630643
2015,3,0,1,2,158,NA,8.840970641
2015,3,0,1,2,178,NA,11.3938648
2015,3,0,1,2,261,5.2,20.26106697
2015,3,0,1,2,235,4.6,15.35227742
2015,3,0,1,2,247,5.6,19.61223001
2015,3,0,1,2,307,6.6,32.47442181
2015,3,0,1,2,317,6.3,33.07843102
2015,3,0,1,2,272,5.9,24.08450707
2015,3,0,1,2,318,6.4,33.67362145
2015,3,0,1,2,226,4.6,14.35690219
2015,3,0,1,2,338,7.5,42.5515579
2015,3,0,1,2,236,4.4,14.95317329
2015,3,0,1,2,270,5.5,22.46051222
2015,3,0,1,2,269,5.1,21.0462108
2015,3,0,1,2,200,5,12.62868795
2015,3,0,1,2,170,NA,10.32081389
2015,3,0,1,2,246,6,20.70736309
2015,3,0,1,2,287,6.4,28.23315743
2015,3,0,1,2,182,NA,11.95721151
2015,3,0,1,2,232,NA,20.63483476
2015,3,0,1,2,220,5.5,16.00953126
2015,3,0,1,2,195,NA,13.91577251
2015,3,0,1,2,283,5.6,24.72464179
2015,3,0,1,2,204,4.8,12.56163101
2015,3,0,1,2,295,6.2,28.81449044
2015,3,0,1,2,180,NA,11.67327268
2015,3,0,1,2,222,4.9,14.67297592
2015,3,0,1,2,230,5.6,17.46534823
2015,3,0,1,2,252,5.9,21.21124576
2015,3,0,1,2,176,NA,11.11895143
2015,3,0,1,2,210,4.9,13.40075972
2015,3,0,1,2,110,NA,4.329708501
2015,3,0,1,2,231,5.1,16.20875065
2015,3,0,1,2,318,6.9,35.7787899
2015,3,0,1,2,240,NA,22.3262093
2015,3,0,1,2,240,4.9,16.72841572
2015,3,0,1,2,289,6,27.08381997
2015,3,0,1,2,273,6,24.57754454
2015,3,0,1,2,305,6.6,32.11392201
2015,3,0,1,2,215,4.9,13.92151076
2015,3,0,1,2,311,NA,41.548731
2015,3,0,1,2,227,5.2,16.01285112
2015,3,0,1,2,270,6.3,25.16299374
2015,3,0,1,2,264,5.5,21.60858005
2015,3,0,1,2,253,5.6,20.4099952
2015,3,0,1,2,272,6.5,26.18356532
2015,3,0,1,2,120,NA,5.098187639
2015,3,0,1,2,168,NA,10.0635141
2015,3,0,1,2,131,NA,6.042952592
2015,3,0,1,2,241,6.6,21.93737615
2015,3,0,1,2,171,NA,10.45109228
2015,3,0,1,2,77,NA,2.346383826
2015,3,0,1,2,228,6.5,19.86663555
2015,3,0,1,2,177,NA,11.25584858
2015,3,0,1,2,267,6.5,25.4065672
2015,3,0,1,2,240,5.8,19.30110402
2015,3,0,1,2,213,4.9,13.71162148
2015,3,0,1,2,261,5.8,22.14857778
2015,3,0,1,2,287,5.9,26.40191414
2015,3,0,1,2,263,5.4,21.15338142
2015,3,0,1,2,111,NA,4.402818871
2015,3,0,1,2,150,NA,7.937495892
2015,3,0,1,2,265,5.6,22.06984426
2015,3,0,1,2,249,6.2,21.75457245
2015,3,0,1,2,268,6.4,25.20753085
2015,3,0,1,2,154,NA,8.381118886
2015,4,1,1,4,179,7.6,17.09838987
2015,4,1,1,4,160,NA,9.077073411
2015,4,1,1,4,128,NA,5.774630228
2015,4,1,1,4,256,6.8,24.78786921
2015,4,1,1,4,183,NA,12.10089141
2015,4,1,1,4,250,7.5,26.37875278
2015,4,1,1,4,164,NA,9.561814948
2015,4,1,1,4,322,7.5,39.22275926
2015,4,1,1,4,303,7.8,36.81175904
2015,4,1,1,4,318,7.1,36.64482971
2015,4,1,1,4,251,6.4,22.69075184
2015,4,1,1,4,142,NA,7.097770017
2015,4,1,1,4,332,7.9,43.18297862
2015,4,1,1,4,221,5.4,15.85709436
2015,4,1,1,4,252,6.2,22.17528496
2015,4,1,1,4,270,6.2,24.81393893
2015,4,1,1,4,292,6.3,28.6888388
2015,4,1,1,4,311,7.8,38.37877665
2015,4,1,1,4,197,NA,14.23485505
2015,4,1,1,4,228,5.2,16.12841304
2015,4,1,1,4,283,7.4,31.4408298
2015,4,1,1,4,204,5,13.02760333
2015,4,1,1,4,269,5.6,22.64249083
2015,4,1,1,4,175,NA,10.98316879
2015,4,1,1,4,282,6.8,28.91487834
2015,4,1,1,4,325,NA,46.31663394
2015,4,1,1,4,279,6.7,28.04053321
2015,4,1,1,4,248,6.2,21.61552668
2015,4,1,1,4,288,7.6,33.14970723
2015,4,1,1,4,174,NA,10.84849611
2015,4,1,1,4,215,5.3,14.92383183
2015,4,1,1,4,174,NA,10.84849611
2015,4,1,1,4,267,6.3,24.70584984
2015,4,1,1,4,223,5.9,17.46523012
2015,4,1,1,4,194,NA,13.75803512
2015,4,1,1,4,249,7,24.43879444
2015,4,1,1,4,262,7.1,26.79042127
2015,4,1,1,4,294,7,31.76445538
2015,4,1,1,4,278,6.4,26.77146175
2015,4,1,1,4,310,7.5,36.84343696
2015,4,1,1,4,269,5.5,22.31699625
2015,4,1,1,4,280,6.2,26.36642081
2015,4,1,1,4,174,NA,10.84849611
2015,4,1,1,4,263,6,23.0924983
2015,4,1,1,4,198,5.2,12.89686359
2015,4,1,1,4,280,NA,32.17954378
2015,4,1,1,4,181,5.7,12.39498515
2015,4,1,1,4,201,6,15.19845331
2015,4,1,1,4,373,7.2,48.93362802
2015,4,1,1,4,193,NA,13.60149424
2015,4,1,1,4,196,NA,14.07471097
2015,4,1,1,4,303,6.8,32.56433494
2015,4,1,1,4,310,5.7,29.47107453
2015,4,1,1,4,275,6.3,25.93737191
2015,4,1,1,4,344,6.8,40.54969004
2015,4,1,1,4,224,7.3,21.87681735
2015,4,1,1,4,144,NA,7.301852578
2015,4,1,1,4,267,6.1,24.01813634
2015,4,1,1,4,161,NA,9.196684962
2015,4,1,1,4,207,6.1,16.13826024
2015,4,1,1,4,251,4.9,18.07435789
2015,4,1,1,4,309,7.2,35.34788277
2015,4,1,1,4,287,6.4,28.23315743
2015,4,1,1,4,211,5.9,16.05420727
2015,4,1,1,4,279,6,25.49841369
2015,4,1,1,4,272,6.8,27.27734683
2015,4,1,1,4,265,6.2,24.06109095
2015,4,1,1,4,241,6.7,22.26506801
2015,4,1,1,4,361,9.4,57.91287334
2015,4,1,1,4,202,4.3,11.25985998
2015,4,1,1,4,377,6.1,44.43057102
2015,4,1,1,4,250,5.3,19.10761622
2015,4,1,1,4,227,5.8,17.66700827
2015,4,1,1,4,274,4.8,20.80828011
2015,4,1,1,4,173,NA,10.71492884
2015,4,1,1,4,193,NA,13.60149424
2015,4,1,1,4,238,6.8,22.17374915
2015,4,1,1,4,327,7.7,41.17429969
2015,4,1,1,4,248,6.1,21.29568471
2015,4,1,1,4,264,7.2,27.47921394
2015,4,1,1,4,252,7,24.8878894
2015,4,1,1,4,224,6.8,20.27266609
2015,4,1,1,4,165,NA,9.685638572
2015,4,1,1,4,114,NA,4.627078709
2015,4,1,1,4,233,5.4,17.26735954
2015,4,1,1,4,293,7.1,31.99125815
2015,4,1,1,4,149,NA,7.829091722
2015,4,1,1,4,199,NA,14.55877829
2015,4,1,1,4,141,NA,6.997170463
2015,4,1,1,4,282,7.1,30.07522712
2015,4,1,1,4,353,8.3,49.91212267
2015,4,1,1,4,184,NA,12.24571772
2015,4,1,1,4,214,5.3,14.81426522
2015,4,1,1,4,271,5.9,23.9350297
2015,4,1,1,4,199,NA,14.55877829
2015,4,1,1,4,236,6.6,21.24827348
2015,4,1,1,4,175,NA,10.98316879
2015,4,1,1,4,280,6.9,28.96323652
2015,4,1,1,4,292,7.4,33.04174619
2015,4,1,1,4,253,5.8,21.0329781
2015,4,1,1,4,279,6,25.49841369
2015,4,1,1,4,391,8.1,58.24001654
2015,4,1,1,4,283,6.4,27.57711769
2015,4,1,1,4,263,7.7,29.22231142
2015,4,1,1,4,206,4.7,12.52905208
2015,4,1,1,4,285,7.9,33.86469737
2015,4,1,1,4,103,NA,3.840468953
2015,4,1,1,4,284,7.3,31.21321327
2015,4,1,1,4,245,5.9,20.26238696
2015,4,1,1,4,286,7.6,32.7896638
2015,4,1,1,4,104,NA,3.90797795
2015,4,1,1,4,211,6.9,18.90700679
2015,4,1,1,4,259,7.2,26.68496913
2015,4,1,1,4,123,NA,5.34528272
2015,5,1,0,3,410,9.7,73.25568023
2015,5,1,0,3,470,7.7,78.75526436
2015,5,1,0,3,210,4.9,13.40075972
2015,5,1,0,3,106,NA,4.045360089
2015,5,1,0,3,152,NA,8.157297016
2015,5,1,0,3,95,NA,3.328165426
2015,5,1,0,3,130,NA,5.952608353
2015,5,1,0,3,228,4.8,15.08067084
2015,5,1,0,3,270,5.6,22.78718374
2015,5,1,0,3,430,8,68.41277286
2015,5,1,0,3,195,NA,13.91577251
2015,5,1,0,3,120,NA,5.098187639
2015,5,1,0,3,170,NA,10.32081389
2015,5,1,0,3,340,8,45.41636987
2015,5,1,0,3,122,NA,5.262050685
2015,5,1,0,3,164,NA,9.561814948
2015,5,1,0,3,225,4.6,14.24903802
2015,5,1,0,3,180,NA,11.67327268
2015,5,1,0,3,320,5.5,30.44640752
2015,5,1,0,3,277,4.5,20.30403034
2015,5,1,0,3,310,6.6,33.02021435
2015,5,1,0,3,150,NA,7.937495892
2015,5,1,0,3,400,6.6,52.37327175
2015,5,1,0,3,265,5.1,20.49693761
2015,5,1,0,3,270,5.5,22.46051222
2015,5,1,0,3,101,NA,3.707792329
2015,5,1,0,3,218,5.4,15.51695378
2015,5,1,0,3,282,6.9,29.29828201
2015,5,1,0,3,410,9.3,70.68696819
2015,5,1,0,3,280,5.8,24.95471232
2015,5,1,0,3,101,NA,3.707792329
2015,5,1,0,3,310,6.8,33.84577429
2015,5,1,0,3,92,NA,3.148478154
2015,5,1,0,3,204,4.1,11.01838794
2015,5,1,0,3,289,6.3,28.18980101
2015,5,1,0,3,144,NA,7.301852578
2015,5,1,0,3,435,8.5,73.01656767
2015,5,1,0,3,150,NA,7.937495892
2015,5,1,0,3,140,NA,6.897525988
2015,5,1,0,3,282,6.5,27.78476546
2015,5,1,0,3,250,5.5,19.70510348
2015,5,1,0,3,310,7,34.68498105
2015,5,1,0,3,232,5.6,17.70935472
2015,5,1,0,3,258,4.8,18.67615074
2015,5,1,0,3,105,NA,3.976273476
2015,5,1,0,3,124,NA,5.429387836
2015,5,1,0,3,252,5.2,19.07135137
2015,5,1,0,3,315,8.4,41.98699256
2015,5,1,0,3,125,NA,5.51437059
2015,5,1,0,3,202,4.9,12.59484193
2015,5,1,0,3,190,NA,13.13900512
2015,5,1,0,3,102,NA,3.773741931
2015,5,1,0,3,110,NA,4.329708501
2015,5,1,0,3,180,NA,11.67327268
2015,5,1,0,3,130,NA,5.952608353
2015,5,1,0,3,310,5.9,30.23660817
2015,5,1,0,3,300,6,28.90218823
2015,5,1,0,3,157,NA,8.724470312
2015,5,1,0,3,121,NA,5.179687177
2015,5,1,0,3,251,6.1,21.71109944
2015,5,1,0,3,149,NA,7.829091722
2015,5,1,0,3,310,5.8,29.85220542
2015,5,1,0,3,99,NA,3.578207161
2015,5,1,0,3,400,6.3,50.81901868
2015,5,1,0,3,299,7.2,33.48438324
2015,5,1,0,3,231,4.9,15.67824705
2015,5,1,0,3,141,NA,6.997170463
2015,5,1,0,3,120,NA,5.098187639
2015,5,1,0,3,232,4.7,15.27168867
2015,6,0,1,2,365,8.1,51.71250426
2015,6,0,1,2,120,NA,5.098187639
2015,6,0,1,2,306,6.5,31.89108341
2015,6,0,1,2,400,9.1,66.57518176
2015,6,0,1,2,189,NA,12.98720474
2015,6,0,1,2,128,NA,5.774630228
2015,6,0,1,2,259,8.1,30.12899321
2015,6,0,1,2,253,5.3,19.49877794
2015,6,0,1,2,161,NA,9.196684962
2015,6,0,1,2,182,NA,11.95721151
2015,6,0,1,2,211,4.8,13.26479899
2015,6,0,1,2,237,5.1,16.91719021
2015,6,0,1,2,236,5.6,18.20416457
2015,6,0,1,2,261,6,22.80285712
2015,6,0,1,2,307,6.5,32.0704338
2015,6,0,1,2,313,7.5,37.42897831
2015,6,0,1,2,273,5.5,22.89474915
2015,6,0,1,2,291,5.6,25.96983531
2015,6,0,1,2,213,4.6,12.99652422
2015,6,0,1,2,243,6.4,21.56674788
2015,6,0,1,2,244,4.9,17.20982545
2015,6,0,1,2,318,7.2,37.08304161
2015,6,0,1,2,133,NA,6.226374199
2015,6,0,1,2,127,NA,5.68698723
2015,6,0,1,2,289,7.4,32.50221271
2015,6,0,1,2,392,8.4,60.21768064
2015,6,0,1,2,113,NA,4.55149942
2015,6,0,1,2,129,NA,5.863169083
2015,6,0,1,2,224,5.8,17.3034949
2015,6,0,1,2,217,4.4,12.93432102
2015,6,0,1,2,304,7.1,33.98698606
2015,6,0,1,2,221,5.3,15.59259485
2015,6,0,1,2,102,NA,3.773741931
2015,6,0,1,2,234,5.9,18.82919522
2015,6,0,1,2,156,NA,8.608997947
2015,6,0,1,2,136,NA,6.508407761
2015,6,0,1,2,253,6,21.66851079
2015,6,0,1,2,273,9.5,38.71649546
2015,6,0,1,2,296,6.7,30.91847506
2015,6,0,1,2,321,7.8,40.399285
2015,6,0,1,2,350,8.5,50.25801356
2015,6,0,1,2,211,4.5,12.56459891
2015,6,0,1,2,153,NA,8.26870308
2015,6,0,1,2,280,6.4,27.09181378
2015,6,0,1,2,369,8.1,52.68322939
2015,6,0,1,2,323,6.7,35.88327672
2015,6,0,1,2,173,NA,10.71492884
2015,6,0,1,2,148,NA,7.721679073
2015,6,0,1,2,355,7.9,48.30734494
2015,6,0,1,2,172,NA,10.58246241
2015,6,0,1,2,294,5.2,25.04546688
2015,6,0,1,2,196,NA,14.07471097
2015,6,0,1,2,241,5,17.12285494
2015,6,0,1,2,274,5.6,23.37211955
2015,6,0,1,2,323,7,37.18560894
2015,6,0,1,2,216,5.5,15.55485464
2015,6,0,1,2,203,5.2,13.40231047
2015,6,0,1,2,205,6,15.64286583
2015,6,0,1,2,316,7.8,39.38039231
2015,6,0,1,2,253,8,28.74160888
2015,6,0,1,2,216,5.1,14.52478186
2015,6,0,1,2,172,NA,10.58246241
2015,6,0,1,2,176,NA,11.11895143
2015,6,0,1,2,204,5.8,15.00669911
2015,6,0,1,2,188,NA,12.83657809
2015,6,0,1,2,282,6.9,29.29828201
2015,6,0,1,2,397,9.1,65.73557837
2015,6,0,1,2,202,4.4,11.47546251
2015,6,0,1,2,243,5.6,19.09210607
2015,6,0,1,2,233,5.7,18.11919016
2015,6,0,1,2,375,9.1,59.7931525
2015,6,0,1,2,152,NA,8.157297016
2015,6,0,1,2,163,NA,9.439051176
2015,6,0,1,2,289,6,27.08381997
2015,6,0,1,2,381,9.3,62.56330538
2015,6,0,1,2,301,6.2,29.83464586
2015,6,0,1,2,383,9,61.32044946
2015,6,0,1,2,190,NA,13.13900512
2015,6,0,1,2,281,6,25.81040516
2015,6,0,1,2,367,8,51.6638158
2015,6,0,1,2,311,6.5,32.79455956
2015,6,0,1,2,295,7.5,34.00716669
2015,6,0,1,2,368,7.8,50.84881812
2015,6,0,1,2,101,NA,3.707792329
2015,6,0,1,2,153,NA,8.26870308
2015,6,0,1,2,331,7.3,40.14630711
2015,6,0,1,2,331,7.1,39.23370259
2015,6,0,1,2,197,NA,14.23485505
2015,6,0,1,2,168,NA,10.0635141
2015,6,0,1,2,134,NA,6.319460677
2015,6,0,1,2,191,NA,13.2919838
2015,6,0,1,2,238,7.8,25.62960098
2015,6,0,1,2,195,NA,13.91577251
2015,6,0,1,2,161,NA,9.196684962
2015,6,0,1,2,277,9.2,38.10241275
2015,6,0,1,2,166,NA,9.810526601
2015,6,0,1,2,384,8.1,56.43157971
2015,6,0,1,2,283,6.4,27.57711769
2015,6,0,1,2,387,7.1,51.78164718
2015,6,0,1,2,133,NA,6.226374199
2015,6,0,1,2,179,NA,11.53300465
2015,6,0,1,2,238,5.3,17.59527891
2015,6,0,1,2,286,6,26.60149532
2015,6,0,1,2,274,6,24.72945674
2015,6,0,1,2,229,5.5,17.06476526
2015,6,0,1,2,258,5.4,20.46894658
2015,6,0,1,2,158,NA,8.840970641
2015,6,0,1,2,158,NA,8.840970641
2015,6,0,1,2,268,5.8,23.15650555
2015,6,0,1,2,272,5.9,24.08450707
2015,6,0,1,2,257,6.1,22.55806587
2015,6,0,1,2,223,5.4,16.08659407
2015,6,0,1,2,211,4.8,13.26479899
2015,6,0,1,2,179,NA,11.53300465
2015,6,0,1,2,199,NA,14.55877829
2015,6,0,1,2,326,7.2,38.67228437
2015,6,0,1,2,91,NA,3.090052203
2015,6,0,1,2,274,5.8,24.04440323
2015,6,0,1,2,167,NA,9.936483593
2015,6,0,1,2,117,NA,4.858827301
2015,6,0,1,2,179,NA,11.53300465
2015,6,0,1,2,161,NA,9.196684962
2015,6,0,1,2,108,NA,4.185924792
2015,6,0,1,2,237,5.8,18.91542991
2015,6,0,1,2,209,3.8,10.84507931
2015,6,0,1,2,140,NA,6.897525988
2015,6,0,1,2,137,NA,6.604277478
2015,6,0,1,2,143,NA,7.199329203
2015,6,0,1,2,174,NA,10.84849611
2015,6,0,1,2,153,NA,8.26870308
2015,6,0,1,2,118,NA,4.937762257
2015,6,0,1,2,103,NA,3.840468953
2015,6,0,1,2,229,5.3,16.51495144
2015,6,0,1,2,173,NA,10.71492884
2015,6,0,1,2,273,6.6,26.70332703
2015,6,0,1,2,354,7.7,47.06287513
2015,6,0,1,2,220,4.9,14.45558087
2015,6,0,1,2,288,6,26.92240288
2015,6,0,1,2,156,NA,8.608997947
2015,6,0,1,2,143,NA,7.199329203
2015,7,1,1,4,235,5,16.40761452
2015,7,1,1,4,345,8.2,47.54534529
2015,7,1,1,4,172,NA,10.58246241
2015,7,1,1,4,134,NA,6.319460677
2015,7,1,1,4,240,5.4,18.12738104
2015,7,1,1,4,345,7.2,42.62730607
2015,7,1,1,4,310,5.8,29.85220542
2015,7,1,1,4,253,7.6,27.2195826
2015,7,1,1,4,165,NA,9.685638572
2015,7,1,1,4,310,4.6,25.49057859
2015,7,1,1,4,215,3.8,11.39863738
2015,7,1,1,4,285,5.4,24.34637586
2015,7,1,1,4,173,NA,10.71492884
2015,7,1,1,4,157,NA,8.724470312
2015,7,1,1,4,308,5.8,29.50735747
2015,7,1,1,4,300,7.3,34.08693392
2015,7,1,1,4,306,5.8,29.16517556
2015,7,1,1,4,185,NA,12.39169499
2015,7,1,1,4,211,4.9,13.50385248
2015,7,1,1,4,127,NA,5.68698723
2015,7,1,1,4,268,5.9,23.49031096
2015,7,1,1,4,310,6.9,34.26366482
2015,7,1,1,4,344,6.6,39.63899344
2015,7,1,1,4,215,5.6,15.70635169
2015,7,1,1,4,234,5.3,17.10949747
2015,7,1,1,4,265,6.1,23.72122863
2015,7,1,1,4,197,NA,14.23485505
2015,7,1,1,4,192,NA,13.44614532
2015,7,1,1,4,205,4.6,12.20368109
2015,7,1,1,4,255,6.5,23.6048183
2015,7,1,1,4,222,6.4,18.79416298
2015,7,1,1,4,209,4.6,12.59594421
2015,7,1,1,4,201,6.8,17.39078258
2015,7,1,1,4,233,4.3,14.37271383
2015,7,1,1,4,178,NA,11.3938648
2015,7,1,1,4,273,6.3,25.6257423
2015,7,1,1,4,205,4.9,12.89315957
2015,7,1,1,4,210,4.8,13.16277989
2015,7,1,1,4,250,4.9,17.94912042
2015,7,1,1,4,175,NA,10.98316879
2015,7,1,1,4,350,7.7,46.1572197
2015,7,1,1,4,290,6,27.24588098
2015,7,1,1,4,370,8.4,54.55894272
2015,7,1,1,4,166,NA,9.810526601
2015,7,1,1,4,111,NA,4.402818871
2015,7,1,1,4,176,NA,11.11895143
2015,7,1,1,4,210,4,11.35954918
2015,7,1,1,4,305,9,42.79534699
2015,7,1,1,4,305,9.4,44.77829114
2015,7,1,1,4,265,5.6,22.06984426
2015,7,1,1,4,400,7.1,55.03356283
2015,7,1,1,4,195,NA,13.91577251
2015,7,1,1,4,305,7.5,35.88116073
2015,7,1,1,4,350,7.2,43.71111721
2015,7,1,1,4,325,9.4,49.21203015
2015,7,1,1,4,390,7.7,55.7525346
2015,7,1,1,4,320,8.1,41.6010208
2015,7,1,1,4,154,NA,8.381118886
2015,7,1,1,4,315,7.8,39.17869175
2015,7,1,1,4,330,6.1,34.6867666
2015,7,1,1,4,273,5.4,22.56768478
2015,7,1,1,4,270,5.8,23.44999853
2015,7,1,1,4,295,5.8,27.33036804
2015,7,1,1,4,242,5,17.2440459
2015,7,1,1,4,53,NA,1.367171971
2015,7,1,1,4,63,NA,1.732768476
2015,7,1,1,4,235,5.2,16.95295133
2015,7,1,1,4,222,6.5,19.09343906
2015,7,1,1,4,307,8.1,38.94753993
2015,7,1,1,4,165,NA,9.685638572
2015,7,1,1,4,182,NA,11.95721151
2015,7,1,1,4,73,NA,2.158341079
2015,7,1,1,4,85,NA,2.754610583
2015,7,1,1,4,90,NA,3.032353562
2015,7,1,1,4,165,NA,9.685638572
2015,7,1,1,4,227,5.1,15.74761956
2015,7,1,1,4,238,6.1,19.94929185
2015,7,1,1,4,280,5.2,22.93306219
2015,7,1,1,4,218,3.8,11.68234356
2015,7,1,1,4,310,7.1,35.10973695
2015,7,1,1,4,320,7.2,37.47618917
2015,7,1,1,4,285,5.9,26.08469673
2015,7,1,1,4,230,7.5,23.39147321
2015,7,1,1,4,225,5,15.26029352
2015,7,1,1,4,275,6.1,25.23054152
2015,7,1,1,4,257,7.4,27.10812718
2015,7,1,1,4,125,NA,5.51437059
2015,7,1,1,4,158,NA,8.840970641
2015,7,1,1,4,165,NA,9.685638572
2015,7,1,1,4,235,5.1,16.67879707
2015,7,1,1,4,230,6.9,21.39482374
2015,7,1,1,4,243,6,20.30430024
2015,7,1,1,4,54,NA,1.401162524
2015,7,1,1,4,275,7.3,29.67011322
2015,7,1,1,4,310,6.5,32.61251698
2015,7,1,1,4,264,7.4,28.23266976
2015,7,1,1,4,84,NA,2.701180145
2015,7,1,1,4,385,8.3,57.81000359
2015,7,1,1,4,400,8.6,63.55180648
2015,7,1,1,4,308,5.3,27.64632078
2015,7,1,1,4,350,8.5,50.25801356
2015,7,1,1,4,285,6.2,27.16637231
2015,7,1,1,4,67,NA,1.895545286
2015,7,1,1,4,340,7.4,42.50394881
2015,7,1,1,4,325,6.3,34.57220279
2015,7,1,1,4,390,9.4,65.62451597
2015,7,1,1,4,195,NA,13.91577251
2015,7,1,1,4,280,6.7,28.20466059
2015,7,1,1,4,95,NA,3.328165426
2015,7,1,1,4,154,NA,8.381118886
2015,7,1,1,4,265,6.2,24.06109095
2015,7,1,1,4,375,9.1,59.7931525
2015,7,1,1,4,72,NA,2.112955067
2015,7,1,1,4,138,NA,6.701084051
2015,7,1,1,4,165,NA,9.685638572
2015,7,1,1,4,272,6.7,26.90943484
2015,7,1,1,4,205,5.1,13.36694561
2015,7,1,1,4,185,NA,12.39169499
2015,7,1,1,4,194,NA,13.75803512
2015,7,1,1,4,340,6.7,39.2667545
2015,7,1,1,4,220,6.8,19.75019905
2015,7,1,1,4,115,NA,4.703490082
2015,7,1,1,4,148,NA,7.721679073
2015,7,1,1,4,360,7.9,49.47247096
2015,7,1,1,4,230,5,15.8270238
2015,7,1,1,4,207,5.7,15.07645581
2015,8,0,0,1,212,5.2,14.34507853
2015,8,0,0,1,152,NA,8.157297016
2015,8,0,0,1,109,NA,4.257411993
2015,8,0,0,1,183,NA,12.10089141
2015,8,0,0,1,223,7.1,21.09042359
2015,8,0,0,1,95,NA,3.328165426
2015,8,0,0,1,209,5.7,15.2973954
2015,8,0,0,1,181,NA,11.81467345
2015,8,0,0,1,11,NA,0.383800592
2015,9,1,1,4,255,5.6,20.68064648
2015,9,1,1,4,203,4.2,11.13855515
2015,9,1,1,4,170,NA,10.32081389
2015,9,1,1,4,175,NA,10.98316879
2015,9,1,1,4,137,NA,6.604277478
2015,9,1,1,4,207,4.8,12.85986376
2015,9,1,1,4,236,4.4,14.95317329
2015,9,1,1,4,166,NA,9.810526601
2015,9,1,1,4,163,NA,9.439051176
2015,9,1,1,4,181,NA,11.81467345
2015,9,1,1,4,107,NA,4.115242342
2015,9,1,1,4,215,4.5,12.96510434
2015,9,1,1,4,150,NA,7.937495892
2015,9,1,1,4,124,NA,5.429387836
2015,9,1,1,4,170,NA,10.32081389
2015,9,1,1,4,203,4.4,11.56912051
2015,9,1,1,4,179,NA,11.53300465
2015,9,1,1,4,163,NA,9.439051176
2015,9,1,1,4,164,NA,9.561814948
2015,9,1,1,4,244,6.3,21.38362392
2015,9,1,1,4,224,6.8,20.27266609
2015,9,1,1,4,231,4.8,15.41739224
2015,9,1,1,4,180,NA,11.67327268
2015,9,1,1,4,211,4.5,12.56459891
2015,9,1,1,4,263,5.5,21.46872036
2015,9,1,1,4,182,NA,11.95721151
2015,9,1,1,4,186,NA,12.53882777
2015,9,1,1,4,166,NA,9.810526601
2015,9,1,1,4,171,NA,10.45109228
2015,9,1,1,4,203,5.4,13.88902823
2015,9,1,1,4,242,6.3,21.10970247
2015,9,1,1,4,172,NA,10.58246241
2015,9,1,1,4,251,5.7,20.44932868
2015,9,1,1,4,307,7.1,34.5453207
2015,9,1,1,4,252,5.8,20.89622094
2015,9,1,1,4,240,4.7,16.18963208
2015,9,1,1,4,244,5,17.48814064
2015,9,1,1,4,132,NA,6.134206355
2015,9,1,1,4,239,4.6,15.80904383
2015,9,1,1,4,264,4.9,19.75582404
2015,9,1,1,4,115,NA,4.703490082
2015,9,1,1,4,73,NA,2.158341079
2015,9,1,1,4,245,5.4,18.75885522
2015,9,1,1,4,256,5.6,20.81686479
2015,9,1,1,4,126,NA,5.600235536
2015,9,1,1,4,125,NA,5.51437059
2015,9,1,1,4,101,NA,3.707792329
2015,9,1,1,4,192,NA,13.44614532
2015,9,1,1,4,187,NA,12.68712061
2015,9,1,1,4,208,4.9,13.19615097
2015,9,1,1,4,242,5.1,17.52308759
2015,9,1,1,4,194,NA,13.75803512
2015,9,1,1,4,270,6.3,25.16299374
2015,9,1,1,4,234,5.6,17.95562336
2015,9,1,1,4,278,8.8,36.47939526
2015,9,1,1,4,198,NA,14.3962093
2015,9,1,1,4,180,NA,11.67327268
2015,9,1,1,4,168,NA,10.0635141
2015,9,1,1,4,212,NA,16.78478851
2015,9,1,1,4,186,NA,12.53882777
2015,9,1,1,4,296,6,28.23184096
2015,9,1,1,4,201,5,12.7276421
2015,9,1,1,4,191,NA,13.2919838
2015,9,1,1,4,240,5,17.00223314
2015,9,1,1,4,105,NA,3.976273476
2015,9,1,1,4,221,4.3,13.10753176
2015,9,1,1,4,226,5.7,17.26315824
2015,9,1,1,4,149,NA,7.829091722
2015,9,1,1,4,241,5.4,18.25252398
2015,9,1,1,4,189,NA,12.98720474
2015,9,1,1,4,108,NA,4.185924792
2015,9,1,1,4,185,NA,12.39169499
2015,9,1,1,4,183,NA,12.10089141
2015,9,1,1,4,100,NA,3.642615591
2015,9,1,1,4,256,5.6,20.81686479
2015,9,1,1,4,197,NA,14.23485505
2015,9,1,1,4,225,4.2,13.28347474
2015,9,1,1,4,153,NA,8.26870308
2015,9,1,1,4,257,5.2,19.72637721
2015,9,1,1,4,208,3.9,10.96293592
2015,9,1,1,4,87,NA,2.863575952
2015,9,1,1,4,113,NA,4.55149942
2015,9,1,1,4,213,5.2,14.4524799
2015,9,1,1,4,206,4.7,12.52905208
2015,9,1,1,4,235,5,16.40761452
2015,9,1,1,4,315,8,40.10041103
2015,9,1,1,4,151,NA,8.046896138
2015,9,1,1,4,157,NA,8.724470312
2015,9,1,1,4,285,8,34.28975691
2015,9,1,1,4,194,NA,13.75803512
2015,9,1,1,4,125,NA,5.51437059
2015,9,1,1,4,231,6.1,19.04139087
2015,9,1,1,4,141,NA,6.997170463
2015,9,1,1,4,218,5.2,14.99753443
2015,9,1,1,4,191,NA,13.2919838
2015,9,1,1,4,263,6.2,23.76426805
2015,9,1,1,4,196,NA,14.07471097
2015,9,1,1,4,203,4.5,11.7885028
2015,9,1,1,4,122,NA,5.262050685
2015,9,1,1,4,114,NA,4.627078709
2015,9,1,1,4,207,NA,15.90360722
2015,9,1,1,4,210,5.7,15.40867007
2015,9,1,1,4,183,NA,12.10089141
2015,9,1,1,4,175,NA,10.98316879
2015,9,1,1,4,177,NA,11.25584858
2015,9,1,1,4,125,NA,5.51437059
2015,9,1,1,4,123,NA,5.34528272
2015,9,1,1,4,191,NA,13.2919838
2015,9,1,1,4,102,NA,3.773741931
2015,9,1,1,4,162,NA,9.317342699
2015,9,1,1,4,177,NA,11.25584858
2015,9,1,1,4,196,NA,14.07471097
2015,9,1,1,4,136,NA,6.508407761
2015,9,1,1,4,162,NA,9.317342699
2015,9,1,1,4,109,NA,4.257411993
2015,9,1,1,4,109,NA,4.257411993
2015,9,1,1,4,91,NA,3.090052203
2015,9,1,1,4,116,NA,4.780738094
2015,9,1,1,4,149,NA,7.829091722
2015,9,1,1,4,129,NA,5.863169083
2015,9,1,1,4,120,NA,5.098187639
2015,9,1,1,4,174,NA,10.84849611
2015,9,1,1,4,192,NA,13.44614532
2015,9,1,1,4,156,NA,8.608997947
2015,9,1,1,4,198,NA,14.3962093
2015,9,1,1,4,174,NA,10.84849611
2015,9,1,1,4,215,5.8,16.2429406
2015,9,1,1,4,178,NA,11.3938648
2015,9,1,1,4,199,NA,14.55877829
2015,9,1,1,4,111,NA,4.402818871
2015,9,1,1,4,192,NA,13.44614532
2015,9,1,1,4,201,4.6,11.81964761
2015,9,1,1,4,221,5.3,15.59259485
2015,9,1,1,4,106,NA,4.045360089
2015,9,1,1,4,233,5.1,16.44265411
2015,9,1,1,4,173,NA,10.71492884
2015,9,1,1,4,242,5.5,18.66935577
2015,9,1,1,4,214,5.1,14.30948338
2015,9,1,1,4,229,5.8,17.91215714
2015,9,1,1,4,153,NA,8.26870308
2015,9,1,1,4,63,NA,1.732768476
2015,9,1,1,4,266,NA,28.45673467
2015,9,1,1,4,153,NA,8.26870308
2015,9,1,1,4,173,NA,10.71492884
2015,9,1,1,4,127,NA,5.68698723
2015,10,1,0,3,144,NA,7.301852578
2015,10,1,0,3,120,NA,5.098187639
2015,10,1,0,3,138,NA,6.701084051
2015,10,1,0,3,91,NA,3.090052203
2015,10,1,0,3,103,NA,3.840468953
2015,10,1,0,3,199,NA,14.55877829
2015,10,1,0,3,115,NA,4.703490082
2015,10,1,0,3,132,NA,6.134206355
2015,10,1,0,3,88,NA,2.919119992
2015,10,1,0,3,101,NA,3.707792329
2015,10,1,0,3,186,NA,12.53882777
2015,10,1,0,3,106,NA,4.045360089
2015,10,1,0,3,148,NA,7.721679073
2015,10,1,0,3,151,NA,8.046896138
2015,10,1,0,3,149,NA,7.829091722
2015,10,1,0,3,131,NA,6.042952592
2015,10,1,0,3,130,NA,5.952608353
2015,10,1,0,3,146,NA,7.509810116
2015,10,1,0,3,182,NA,11.95721151
2015,10,1,0,3,153,NA,8.26870308
2015,10,1,0,3,151,NA,8.046896138
2015,10,1,0,3,108,NA,4.185924792
2015,10,1,0,3,68,NA,1.937773056
2015,10,1,0,3,131,NA,6.042952592
2015,10,1,0,3,140,NA,6.897525988
2015,10,1,0,3,122,NA,5.262050685
2015,10,1,0,3,103,NA,3.840468953
2015,10,1,0,3,131,NA,6.042952592
2015,10,1,0,3,132,NA,6.134206355
2015,10,1,0,3,101,NA,3.707792329
2015,10,1,0,3,112,NA,4.476747659
2015,10,1,0,3,117,NA,4.858827301
2015,10,1,0,3,112,NA,4.476747659
2015,10,1,0,3,123,NA,5.34528272
2015,10,1,0,3,124,NA,5.429387836
2015,10,1,0,3,131,NA,6.042952592
2015,10,1,0,3,231,6.7,20.88977232
2015,10,1,0,3,111,NA,4.402818871
2015,10,1,0,3,159,NA,8.958503489
2015,10,1,0,3,71,NA,2.068209814
2015,10,1,0,3,162,NA,9.317342699
2015,10,1,0,3,127,NA,5.68698723
2015,10,1,0,3,120,NA,5.098187639
2015,10,1,0,3,121,NA,5.179687177
2015,10,1,0,3,73,NA,2.158341079
2015,10,1,0,3,186,NA,12.53882777
2015,10,1,0,3,123,NA,5.34528272
2015,10,1,0,3,113,NA,4.55149942
2015,10,1,0,3,111,NA,4.402818871
2015,10,1,0,3,159,NA,8.958503489
2015,10,1,0,3,133,NA,6.226374199
2015,10,1,0,3,100,NA,3.642615591
2015,10,1,0,3,105,NA,3.976273476
2015,10,1,0,3,94,NA,3.26753021
2015,10,1,0,3,164,NA,9.561814948
2015,10,1,0,3,132,NA,6.134206355
2015,10,1,0,3,152,NA,8.157297016
2015,10,1,0,3,132,NA,6.134206355
2015,10,1,0,3,191,NA,13.2919838
2015,10,1,0,3,156,NA,8.608997947
2015,10,1,0,3,145,NA,7.405344698
2015,10,1,0,3,161,NA,9.196684962
2015,10,1,0,3,86,NA,2.808741
2015,10,1,0,3,141,NA,6.997170463
2015,10,1,0,3,122,NA,5.262050685
2015,10,1,0,3,148,NA,7.721679073
2015,10,1,0,3,160,NA,9.077073411
2015,10,1,0,3,164,NA,9.561814948
2015,10,1,0,3,89,NA,2.975377677
2015,10,1,0,3,128,NA,5.774630228
2015,10,1,0,3,121,NA,5.179687177
2015,10,1,0,3,206,5.3,13.95697451
2015,10,1,0,3,166,NA,9.810526601
2015,10,1,0,3,93,NA,3.207635971
2015,10,1,0,3,134,NA,6.319460677
2015,10,1,0,3,213,5.3,14.70523621
2015,10,1,0,3,155,NA,8.49454899
2015,10,1,0,3,198,NA,14.3962093
2015,10,1,0,3,140,NA,6.897525988
2015,10,1,0,3,123,NA,5.34528272
2015,10,1,0,3,199,NA,14.55877829
2015,10,1,0,3,192,NA,13.44614532
2015,10,1,0,3,139,NA,6.798832036
2015,10,1,0,3,142,NA,7.097770017
2015,10,1,0,3,209,4.7,12.82720796
2015,10,1,0,3,207,5.8,15.33739929
2015,10,1,0,3,170,NA,10.32081389
2015,10,1,0,3,174,NA,10.84849611
2015,10,1,0,3,156,NA,8.608997947
2015,10,1,0,3,185,NA,12.39169499
2015,10,1,0,3,171,NA,10.45109228
2015,10,1,0,3,148,NA,7.721679073
2015,10,1,0,3,148,NA,7.721679073
2015,10,1,0,3,173,NA,10.71492884
2015,10,1,0,3,78,NA,2.395041964
2015,10,1,0,3,193,NA,13.60149424
2015,10,1,0,3,166,NA,9.810526601
2015,10,1,0,3,151,NA,8.046896138
2015,10,1,0,3,166,NA,9.810526601
2015,10,1,0,3,106,NA,4.045360089
2015,10,1,0,3,164,NA,9.561814948
2015,10,1,0,3,195,NA,13.91577251
2015,10,1,0,3,161,NA,9.196684962
2015,10,1,0,3,109,NA,4.257411993
2015,10,1,0,3,122,NA,5.262050685
2015,10,1,0,3,164,NA,9.561814948
2015,10,1,0,3,83,NA,2.648445129
2015,10,1,0,3,106,NA,4.045360089
2015,10,1,0,3,164,NA,9.561814948
2015,10,1,0,3,162,NA,9.317342699
2015,10,1,0,3,186,NA,12.53882777
2015,10,1,0,3,203,5.8,14.89753147
2015,10,1,0,3,144,NA,7.301852578
2015,10,1,0,3,156,NA,8.608997947
2015,10,1,0,3,132,NA,6.134206355
2015,10,1,0,3,118,NA,4.937762257
2015,10,1,0,3,154,NA,8.381118886
2015,10,1,0,3,154,NA,8.381118886
2015,10,1,0,3,147,NA,7.61525339
2015,10,1,0,3,180,NA,11.67327268
2015,10,1,0,3,189,NA,12.98720474
2015,10,1,0,3,167,NA,9.936483593
2015,10,1,0,3,148,NA,7.721679073
2015,10,1,0,3,169,NA,10.19162268
2015,10,1,0,3,203,4.7,12.23555261
2015,10,1,0,3,209,5.6,15.03723104
2015,10,1,0,3,148,NA,7.721679073
2015,10,1,0,3,197,NA,14.23485505
2015,10,1,0,3,176,NA,11.11895143
2015,10,1,0,3,170,NA,10.32081389
2015,10,1,0,3,146,NA,7.509810116
2015,10,1,0,3,197,NA,14.23485505
2015,10,1,0,3,233,6.2,19.60037816
2015,10,1,0,3,148,NA,7.721679073
2015,10,1,0,3,91,NA,3.090052203
2015,10,1,0,3,144,NA,7.301852578
2015,10,1,0,3,137,NA,6.604277478
2015,11,0,0,1,176,NA,11.11895143
2015,11,0,0,1,195,NA,13.91577251
2015,11,0,0,1,187,NA,12.68712061
2015,11,0,0,1,159,NA,8.958503489
2015,11,0,0,1,137,NA,6.604277478
2015,11,0,0,1,210,5.4,14.6337674
2015,11,0,0,1,115,NA,4.703490082
2015,11,0,0,1,89,NA,2.975377677
2015,11,0,0,1,158,NA,8.840970641
2015,11,0,0,1,103,NA,3.840468953
2015,11,0,0,1,206,4.8,12.75993427
2015,11,0,0,1,102,NA,3.773741931
2015,11,0,0,1,94,NA,3.26753021
2015,11,0,0,1,182,NA,11.95721151
2015,11,0,0,1,201,4.4,11.38231135
2015,11,0,0,1,182,NA,11.95721151
2015,11,0,0,1,315,4.9,27.35722449
2015,11,0,0,1,152,NA,8.157297016
2015,11,0,0,1,144,NA,7.301852578
2015,11,0,0,1,154,NA,8.381118886
2015,11,0,0,1,133,NA,6.226374199
2015,11,0,0,1,130,NA,5.952608353
2015,11,0,0,1,282,7.6,32.07741681
2015,11,0,0,1,235,5.1,16.67879707
2015,11,0,0,1,155,NA,8.49454899
2015,11,0,0,1,152,NA,8.157297016
2015,11,0,0,1,199,NA,14.55877829
2015,11,0,0,1,195,NA,13.91577251
2015,11,0,0,1,217,4.2,12.47430621
2015,11,0,0,1,145,NA,7.405344698
2015,11,0,0,1,246,5.7,19.78316569
2015,11,0,0,1,191,NA,13.2919838
2015,11,0,0,1,203,6.6,17.0586624
2015,11,0,0,1,104,NA,3.90797795
2015,11,0,0,1,122,NA,5.262050685
2015,11,0,0,1,229,4.8,15.19236075
2015,11,0,0,1,217,5.3,15.14458309
2015,11,0,0,1,218,5.5,15.7811013
2015,11,0,0,1,199,NA,14.55877829
2015,11,0,0,1,219,6,17.2664148
2015,12,0,1,2,110,NA,4.329708501
2015,12,0,1,2,196,NA,14.07471097
2015,12,0,1,2,202,6.5,16.66139825
2015,12,0,1,2,255,6.8,24.63751815
2015,12,0,1,2,201,5,12.7276421
2015,12,0,1,2,265,8,30.74589176
2015,12,0,1,2,150,NA,7.937495892
2015,12,0,1,2,165,NA,9.685638572
2015,12,0,1,2,136,NA,6.508407761
2015,12,0,1,2,181,NA,11.81467345
2015,12,0,1,2,163,NA,9.439051176
2015,12,0,1,2,201,8.4,22.38816361
2015,12,0,1,2,171,NA,10.45109228
2015,12,0,1,2,187,NA,12.68712061
2015,12,0,1,2,232,6.4,20.08274249
2015,12,0,1,2,220,4.4,13.24018588
2015,12,0,1,2,125,NA,5.51437059
2015,12,0,1,2,175,NA,10.98316879
2015,12,0,1,2,285,7.7,33.02514554
2015,12,0,1,2,250,5.8,20.62448758
2015,12,0,1,2,240,5,17.00223314
2015,12,0,1,2,116,NA,4.780738094
2015,12,0,1,2,181,NA,11.81467345
2015,12,0,1,2,191,NA,13.2919838
2015,12,0,1,2,176,NA,11.11895143
2015,12,0,1,2,245,7.1,24.19397078
2015,12,0,1,2,200,NA,14.72256657
2015,12,0,1,2,159,NA,8.958503489
2015,12,0,1,2,177,NA,11.25584858
2015,12,0,1,2,265,6.1,23.72122863
2015,12,0,1,2,247,6.9,23.79783099
2015,12,0,1,2,255,6.1,22.27334116
2015,12,0,1,2,186,7.6,17.92478488
2015,12,0,1,2,207,6.1,16.13826024
2015,12,0,1,2,170,NA,10.32081389
2015,12,0,1,2,260,6,22.6589492
2015,12,0,1,2,176,NA,11.11895143
2015,12,0,1,2,216,4.5,13.06654318
2015,12,0,1,2,270,6,24.12554323
2015,12,0,1,2,194,NA,13.75803512
2015,12,0,1,2,260,6.6,24.69172357
2015,12,0,1,2,232,3.6,12.609761
2015,12,0,1,2,140,NA,6.897525988
2015,12,0,1,2,125,NA,5.51437059
2015,12,0,1,2,185,NA,12.39169499
2015,12,0,1,2,176,NA,11.11895143
2015,12,0,1,2,199,NA,14.55877829
2015,12,0,1,2,252,9,32.61732564
2015,12,0,1,2,235,6,19.25510986
2015,12,0,1,2,205,5.7,14.85765387
2015,12,0,1,2,177,NA,11.25584858
2015,12,0,1,2,236,7.2,23.22813961
2015,12,0,1,2,231,4.9,15.67824705
2015,12,0,1,2,210,5.4,14.6337674
2015,12,0,1,2,200,NA,14.72256657
2015,12,0,1,2,210,5.7,15.40867007
2015,12,0,1,2,190,NA,13.13900512
2015,12,0,1,2,135,NA,6.413470346
2015,12,0,1,2,250,6.8,23.8948762
2015,12,0,1,2,275,8.8,35.91510967
2015,12,0,1,2,163,NA,9.439051176
2015,12,0,1,2,245,8.1,27.83446781
2015,12,0,1,2,241,7.4,24.65072761
2015,12,0,1,2,194,NA,13.75803512
2015,12,0,1,2,120,NA,5.098187639
2015,12,0,1,2,192,NA,13.44614532
2015,12,0,1,2,210,6.4,17.32211698
2015,12,0,1,2,169,NA,10.19162268
2015,12,0,1,2,263,5.5,21.46872036
2015,12,0,1,2,265,6.1,23.72122863
2015,12,0,1,2,267,4.8,19.85655595
2015,12,0,1,2,226,6.4,19.30276426
2015,12,0,1,2,167,NA,9.936483593
2015,12,0,1,2,290,7.6,33.51237667
2015,12,0,1,2,195,NA,13.91577251
2015,12,0,1,2,285,6.9,29.80567947
2015,12,0,1,2,200,NA,14.72256657
2015,12,0,1,2,207,5.2,13.81604633
2015,12,0,1,2,230,6,18.61808521
2015,12,0,1,2,196,NA,14.07471097
2015,12,0,1,2,232,8.3,26.54887649
2015,12,0,1,2,205,6.6,17.29531921
2015,12,0,1,2,255,6.5,23.6048183
2015,12,0,1,2,210,7.6,20.95961595
2015,12,0,1,2,215,5.5,15.44254676
2015,12,0,1,2,260,7.6,28.34372484
2015,12,0,1,2,187,NA,12.68712061
2015,12,0,1,2,222,7,20.63755666
2015,12,0,1,2,204,5.7,14.74905127
2015,12,0,1,2,202,5.9,15.04732889
2015,12,0,1,2,235,6.4,20.48048961
2015,12,0,1,2,188,NA,12.83657809
2015,12,0,1,2,220,5.5,16.00953126
2015,12,0,1,2,209,6.1,16.36805917
2015,12,0,1,2,232,6.1,19.1693682
2015,12,0,1,2,255,6.3,22.93263796
2015,12,0,1,2,145,NA,7.405344698
2015,12,0,1,2,185,NA,12.39169499
2015,12,0,1,2,174,NA,10.84849611
2015,12,0,1,2,211,6.8,18.60763383
2015,12,0,1,2,238,8.8,29.42706827
2015,12,0,1,2,211,5.1,13.99054132
2015,12,0,1,2,207,4.9,13.09463229
2015,12,0,1,2,180,NA,11.67327268
2015,12,0,1,2,200,NA,14.72256657
2015,12,0,1,2,205,6.1,15.91062227
2015,12,0,1,2,195,NA,13.91577251
2015,12,0,1,2,207,7.2,19.31271597
2015,12,0,1,2,150,NA,7.937495892
2015,12,0,1,2,168,NA,10.0635141
2015,12,0,1,2,198,NA,14.3962093
2015,12,0,1,2,255,6.8,24.63751815
2015,12,0,1,2,187,NA,12.68712061
2015,12,0,1,2,212,6.1,16.71683172
2015,12,0,1,2,195,NA,13.91577251
2015,12,0,1,2,220,4.8,14.20679318
2015,12,0,1,2,145,NA,7.405344698
2015,12,0,1,2,260,8.9,33.60706213
2015,12,0,1,2,170,NA,10.32081389
2015,12,0,1,2,170,NA,10.32081389
2015,12,0,1,2,168,NA,10.0635141
2015,12,0,1,2,204,5.3,13.74794838
2015,12,0,1,2,176,NA,11.11895143
2015,12,0,1,2,244,7.1,24.04669776
2015,12,0,1,2,164,NA,9.561814948
2015,12,0,1,2,240,8.3,27.80136032
2015,12,0,1,2,155,NA,8.49454899
2015,12,0,1,2,252,6.8,24.19011526
2015,12,0,1,2,254,6.6,23.79841601
2015,12,0,1,2,125,NA,5.51437059
2015,12,0,1,2,295,7.2,32.75771988
2015,12,0,1,2,206,5.2,13.71182553
2015,12,0,1,2,202,5.3,13.54101973
2015,12,0,1,2,220,7.6,22.31897268
2015,12,0,1,2,190,NA,13.13900512
2015,12,0,1,2,252,7.2,25.59895455
2015,12,0,1,2,262,7,26.42455236
2015,12,0,1,2,230,7.7,24.08362915
2015,12,0,1,2,105,NA,3.976273476
2015,12,0,1,2,238,5.5,18.16537838
2016,1,0,0,1,159,4.7,8.442471266
2016,1,0,0,1,107,4.8,5.217561492
2016,1,0,0,1,105,4.1,4.225862629
2016,1,0,0,1,232,7.9,25.08684057
2016,1,0,0,1,169,4.6,9.033177072
2016,1,0,0,1,121,2.9,3.623009921
2016,1,0,0,1,132,3.6,4.98711506
2016,1,0,0,1,118,2.9,3.491879295
2016,1,0,0,1,94,4.3,3.940335282
2016,1,0,0,1,92,4.2,3.738464494
2016,1,0,0,1,151,4.8,8.025648005
2016,1,0,0,1,119,3.6,4.315046213
2016,1,0,0,1,101,3.5,3.385042971
2016,1,0,0,1,135,3.7,5.285179418
2016,1,0,0,1,168,5.2,10.12865464
2016,1,0,0,1,136,4.2,6.049156455
2016,1,0,0,1,65,2.2,1.251765218
2016,1,0,0,1,124,3.2,4.091046596
2016,1,0,0,1,166,5.1,9.759220146
2016,1,0,0,1,125,4,5.130830437
2016,1,0,0,1,145,3.8,6.012927997
2016,1,0,0,1,147,4.5,7.230367067
2016,1,0,0,1,93,2.6,2.27527819
2016,1,0,0,1,87,2.8,2.238082518
2016,1,0,0,1,137,5.1,7.544863214
2016,1,0,0,1,139,5.5,8.39685428
2016,1,0,0,1,167,5.1,9.842448271
2016,1,0,0,1,157,3.3,6.022894194
2016,1,0,0,1,143,4.5,6.95962452
2016,1,0,0,1,171,6.1,12.36151249
2016,2,1,0,3,90,2.9,2.417138824
2016,2,1,0,3,178,4.1,8.810927889
2016,2,1,0,3,67,2.7,1.591006084
2016,2,1,0,3,80,3.1,2.248666389
2016,2,1,0,3,104,3.4,3.408869852
2016,2,1,0,3,115,3,3.465900933
2016,2,1,0,3,90,2.8,2.335894845
2016,2,1,0,3,167,4.5,8.689813717
2016,2,1,0,3,180,4.1,8.96918477
2016,2,1,0,3,78,2.5,1.752990594
2016,2,1,0,3,90,3.5,2.944449712
2016,2,1,0,3,200,4.5,11.50591825
2016,2,1,0,3,112,3.2,3.544081357
2016,2,1,0,3,118,3.2,3.811024683
2016,2,1,0,3,102,3.6,3.531162893
2016,2,1,0,3,174,4.5,9.243589777
2016,2,1,0,3,98,2.8,2.610569154
2016,2,1,0,3,115,3.8,4.356606523
2016,2,1,0,3,99,2.8,2.646345557
2016,2,1,0,3,136,3.6,5.20711745
2016,2,1,0,3,162,3.3,6.336912676
2016,2,1,0,3,178,4.3,9.185406422
2016,2,1,0,3,251,5.6,20.14171565
2016,2,1,0,3,174,4.4,9.053791658
2016,2,1,0,3,130,3.6,4.879476707
2016,2,1,0,3,241,5.6,18.83552863
2016,2,1,0,3,198,3.5,9.29856684
2016,2,1,0,3,62,2.6,1.407201228
2016,2,1,0,3,92,3.1,2.656343386
2016,2,1,0,3,145,3.8,6.012927997
2016,2,1,0,3,117,3.3,3.875374351
2016,2,1,0,3,124,3.5,4.443900904
2016,2,1,0,3,143,3.6,5.607520684
2016,2,1,0,3,48,3.2,1.428291265
2016,2,1,0,3,185,3.6,8.447392309
2016,2,1,0,3,84,4,3.192107135
2016,2,1,0,3,154,3.9,6.736507602
2016,2,1,0,3,158,3.6,6.533559139
2016,2,1,0,3,190,4.9,11.44758253
2016,2,1,0,3,182,3.7,8.395495347
2016,2,1,0,3,94,2.9,2.554811451
2016,2,1,0,3,210,5.2,14.13187471
2016,2,1,0,3,140,4.5,6.761064081
2016,2,1,0,3,197,5.3,13.03280512
2016,2,1,0,3,158,3.3,6.084848194
2016,2,1,0,3,233,6.2,19.60037816
2016,2,1,0,3,165,4.6,8.71928422
2016,2,1,0,3,120,3.8,4.608293304
2016,2,1,0,3,188,4.3,10.01562915
2016,2,1,0,3,159,3.9,7.071715419
2016,2,1,0,3,65,3.9,2.406224763
2016,2,1,0,3,102,3.5,3.427145778
2016,2,1,0,3,151,3.4,5.800883027
2016,2,1,0,3,153,3.1,5.500810926
2016,2,1,0,3,140,4.2,6.296977204
2016,2,1,0,3,90,3.2,2.672129002
2016,2,1,0,3,65,3.3,1.941180226
2016,2,1,0,3,94,3.3,2.910397091
2016,2,1,0,3,125,3.2,4.139010407
2016,2,1,0,3,158,5.1,9.110221629
2016,2,1,0,3,95,2.7,2.42220104
2016,2,1,0,3,82,2.8,2.081196422
2016,2,1,0,3,162,4.1,7.611350694
2016,4,1,1,4,165,NA,9.685638572
2016,4,1,1,4,99,NA,3.578207161
2016,4,1,1,4,103,NA,3.840468953
2016,4,1,1,4,127,NA,5.68698723
2016,4,1,1,4,131,NA,6.042952592
2016,4,1,1,4,152,NA,8.157297016
2016,4,1,1,4,116,NA,4.780738094
2016,4,1,1,4,87,NA,2.863575952
2016,4,1,1,4,169,NA,10.19162268
2016,4,1,1,4,127,NA,5.68698723
2016,4,1,1,4,216,6.6,18.63614391
2016,4,1,1,4,264,6.4,24.59942411
2016,4,1,1,4,127,NA,5.68698723
2016,4,1,1,4,282,5.5,24.23096792
2016,4,1,1,4,164,NA,9.561814948
2016,4,1,1,4,190,NA,13.13900512
2016,4,1,1,4,188,NA,12.83657809
2016,4,1,1,4,109,NA,4.257411993
2016,4,1,1,4,148,NA,7.721679073
2016,4,1,1,4,143,NA,7.199329203
2016,4,1,1,4,107,NA,4.115242342
2016,4,1,1,4,192,NA,13.44614532
2016,4,1,1,4,163,NA,9.439051176
2016,4,1,1,4,129,NA,5.863169083
2016,4,1,1,4,162,NA,9.317342699
2016,4,1,1,4,223,5.4,16.08659407
2016,4,1,1,4,144,NA,7.301852578
2016,4,1,1,4,168,NA,10.0635141
2016,4,1,1,4,184,NA,12.24571772
2016,4,1,1,4,258,8.8,32.82708371
2016,4,1,1,4,182,NA,11.95721151
2016,4,1,1,4,303,7.1,33.80222029
2016,4,1,1,4,92,NA,3.148478154
2016,4,1,1,4,141,NA,6.997170463
2016,4,1,1,4,123,NA,5.34528272
2016,4,1,1,4,204,5.3,13.74794838
2016,4,1,1,4,156,NA,8.608997947
2016,4,1,1,4,181,NA,11.81467345
2016,4,1,1,4,173,NA,10.71492884
2016,4,1,1,4,157,NA,8.724470312
2016,4,1,1,4,129,NA,5.863169083
2016,4,1,1,4,113,NA,4.55149942
2016,4,1,1,4,197,NA,14.23485505
2016,4,1,1,4,123,NA,5.34528272
2016,4,1,1,4,160,NA,9.077073411
2016,4,1,1,4,235,5.1,16.67879707
2016,4,1,1,4,168,NA,10.0635141
2016,4,1,1,4,212,6,16.4412825
2016,4,1,1,4,210,4.7,12.92763434
2016,4,1,1,4,292,5.8,26.84368203
2016,4,1,1,4,152,NA,8.157297016
2016,4,1,1,4,198,NA,14.3962093
2016,4,1,1,4,123,NA,5.34528272
2016,4,1,1,4,162,NA,9.317342699
2016,4,1,1,4,310,8.8,42.87040778
2016,4,1,1,4,184,NA,12.24571772
2016,4,1,1,4,186,NA,12.53882777
2016,4,1,1,4,205,5.5,14.34905565
2016,4,1,1,4,120,NA,5.098187639
2016,4,1,1,4,200,5,12.62868795
2016,4,1,1,4,306,7.1,34.35853505
2016,4,1,1,4,173,NA,10.71492884
2016,4,1,1,4,116,NA,4.780738094
2016,4,1,1,4,111,NA,4.402818871
2016,4,1,1,4,125,NA,5.51437059
2016,4,1,1,4,136,NA,6.508407761
2016,4,1,1,4,244,6.2,21.06526834
2016,4,1,1,4,123,NA,5.34528272
2016,4,1,1,4,120,NA,5.098187639
2016,4,1,1,4,220,6,17.38649734
2016,4,1,1,4,115,NA,4.703490082
2016,4,1,1,4,126,NA,5.600235536
2016,4,1,1,4,210,5.2,14.13187471
2016,4,1,1,4,164,NA,9.561814948
2016,4,1,1,4,240,NA,22.3262093
2016,4,1,1,4,240,5.1,17.27902234
2016,4,1,1,4,229,5.6,17.34419002
2016,4,1,1,4,268,6.7,26.27696406
2016,4,1,1,4,296,7.7,35.04441725
2016,4,1,1,4,205,5.6,14.60187854
2016,4,1,1,4,132,NA,6.134206355
2016,4,1,1,4,120,NA,5.098187639
2016,4,1,1,4,188,4.1,9.621161321
2016,4,1,1,4,194,NA,13.75803512
2016,4,1,1,4,81,NA,2.545043147
2016,4,1,1,4,272,7.1,28.40117269
2016,4,1,1,4,232,5.3,16.86999622
2016,4,1,1,4,275,6.2,25.58232928
2016,4,1,1,4,197,5.6,13.75654483
2016,4,1,1,4,208,5,13.43483211
2016,4,1,1,4,208,4.5,12.26969389
2016,4,1,1,4,158,NA,8.840970641
2016,4,1,1,4,145,NA,7.405344698
2016,4,1,1,4,185,NA,12.39169499
2016,4,1,1,4,77,NA,2.346383826
2016,4,1,1,4,254,6.4,23.1221162
2016,4,1,1,4,277,5.8,24.4967389
2016,4,1,1,4,161,NA,9.196684962
2016,4,1,1,4,140,NA,6.897525988
2016,4,1,1,4,86,NA,2.808741
2016,4,1,1,4,185,NA,12.39169499
2016,4,1,1,4,234,6.1,19.42704056
2016,4,1,1,4,155,NA,8.49454899
2016,4,1,1,4,124,NA,5.429387836
2016,4,1,1,4,125,NA,5.51437059
2016,4,1,1,4,190,NA,13.13900512
2016,4,1,1,4,216,5.4,15.29291737
2016,4,1,1,4,234,6.1,19.42704056
2016,4,1,1,4,252,5.3,19.36780331
2016,4,1,1,4,225,5.2,15.78338594
2016,4,1,1,4,223,5.3,15.8198765
2016,4,1,1,4,243,5.3,18.21532528
2016,4,1,1,4,162,NA,9.317342699
2016,4,1,1,4,173,NA,10.71492884
2016,4,1,1,4,144,NA,7.301852578
2016,4,1,1,4,150,NA,7.937495892
2016,4,1,1,4,203,3.8,10.3097396
2016,4,1,1,4,247,5.2,18.43098877
2016,4,1,1,4,310,6.8,33.84577429
2016,4,1,1,4,144,NA,7.301852578
2016,4,1,1,4,83,NA,2.648445129
2016,4,1,1,4,130,NA,5.952608353
2016,4,1,1,4,111,NA,4.402818871
2016,4,1,1,4,146,NA,7.509810116
2016,4,1,1,4,114,NA,4.627078709
2016,4,1,1,4,193,NA,13.60149424
2016,4,1,1,4,194,NA,13.75803512
2016,4,1,1,4,199,NA,14.55877829
2016,4,1,1,4,163,NA,9.439051176
2016,4,1,1,4,218,4.5,13.27100541
2016,4,1,1,4,208,6.1,16.25288895
2016,4,1,1,4,248,5.3,18.84976987
2016,4,1,1,4,284,7.4,31.61609756
2016,4,1,1,4,212,5.1,14.09632303
2016,4,1,1,4,216,5.3,15.03393734
2016,4,1,1,4,194,5.1,12.27233559
2016,4,1,1,4,193,NA,13.60149424
2016,4,1,1,4,206,4.9,12.9936356
2016,4,1,1,4,258,5.7,21.40683906
2016,4,1,1,4,157,NA,8.724470312
2016,4,1,1,4,258,6.1,22.70133365
2016,4,1,1,4,202,5.6,14.28093697
2016,4,1,1,4,166,NA,9.810526601
2016,4,1,1,4,224,6,17.87239506
2016,4,1,1,4,152,NA,8.157297016
2016,4,1,1,4,190,3.7,9.023378179
2016,4,1,1,4,252,4.7,17.63438748
2016,4,1,1,4,172,4.1,8.347348339
2016,4,1,1,4,239,4.8,16.33973865
2016,4,1,1,4,215,5.8,16.2429406
2016,4,1,1,4,262,7,26.42455236
2016,4,1,1,4,151,NA,8.046896138
2016,4,1,1,4,207,6.6,17.53415474
2016,4,1,1,4,198,NA,14.3962093
2016,4,1,1,4,187,NA,12.68712061
2016,4,1,1,4,103,NA,3.840468953
2016,4,1,1,4,207,6.3,16.68736373
2016,4,1,1,4,231,5.5,17.30539066
2016,4,1,1,4,173,4.5,9.163079194
2016,4,1,1,4,228,4.9,15.3382165
2016,4,1,1,4,82,NA,2.596400982
2016,5,1,0,3,176,NA,11.11895143
2016,5,1,0,3,173,NA,10.71492884
2016,5,1,0,3,277,6.6,27.34355885
2016,5,1,0,3,160,NA,9.077073411
2016,5,1,0,3,72,NA,2.112955067
2016,5,1,0,3,117,NA,4.858827301
2016,5,1,0,3,122,NA,5.262050685
2016,5,1,0,3,77,NA,2.346383826
2016,5,1,0,3,189,NA,12.98720474
2016,5,1,0,3,135,NA,6.413470346
2016,5,1,0,3,239,6,19.77506646
2016,5,1,0,3,222,5.6,16.5117349
2016,5,1,0,3,135,NA,6.413470346
2016,5,1,0,3,239,5.8,19.17196914
2016,5,1,0,3,223,5.3,15.8198765
2016,5,1,0,3,236,5.8,18.78802297
2016,5,1,0,3,296,6.6,30.52466743
2016,5,1,0,3,303,7.1,33.80222029
2016,5,1,0,3,219,6.1,17.54982563
2016,5,1,0,3,136,NA,6.508407761
2016,5,1,0,3,180,NA,11.67327268
2016,5,1,0,3,233,5.9,18.70236354
2016,5,1,0,3,261,5.3,20.56789537
2016,5,1,0,3,111,NA,4.402818871
2016,5,1,0,3,106,NA,4.045360089
2016,5,1,0,3,134,NA,6.319460677
2016,5,1,0,3,230,5.7,17.7489362
2016,5,1,0,3,103,NA,3.840468953
2016,5,1,0,3,191,NA,13.2919838
2016,5,1,0,3,165,NA,9.685638572
2016,5,1,0,3,150,NA,7.937495892
2016,5,1,0,3,100,NA,3.642615591
2016,5,1,0,3,190,NA,13.13900512
2016,5,1,0,3,160,NA,9.077073411
2016,5,1,0,3,220,3.3,10.81016807
2016,5,1,0,3,80,NA,2.494367069
2016,5,1,0,3,90,NA,3.032353562
2016,5,1,0,3,115,NA,4.703490082
2016,5,1,0,3,190,NA,13.13900512
2016,5,1,0,3,205,3.9,10.69143456
2016,5,1,0,3,170,NA,10.32081389
2016,5,1,0,3,240,5.8,19.30110402
2016,5,1,0,3,240,6,19.90650196
2016,5,1,0,3,120,NA,5.098187639
2016,5,1,0,3,155,NA,8.49454899
2016,5,1,0,3,153,NA,8.26870308
2016,5,1,0,3,113,NA,4.55149942
2016,5,1,0,3,216,5.1,14.52478186
2016,5,1,0,3,225,5.8,17.42410642
2016,5,1,0,3,128,NA,5.774630228
2016,5,1,0,3,68,NA,1.937773056
2016,5,1,0,3,71,NA,2.068209814
2016,5,1,0,3,181,NA,11.81467345
2016,5,1,0,3,182,NA,11.95721151
2016,5,1,0,3,217,4.3,12.70292543
2016,5,1,0,3,264,7.6,28.99977395
2016,5,1,0,3,174,NA,10.84849611
2016,5,1,0,3,179,NA,11.53300465
2016,5,1,0,3,183,NA,12.10089141
2016,5,1,0,3,168,NA,10.0635141
2016,5,1,0,3,175,NA,10.98316879
2016,5,1,0,3,86,NA,2.808741
2016,5,1,0,3,182,NA,11.95721151
2016,5,1,0,3,274,5,21.43068596
2016,5,1,0,3,165,NA,9.685638572
2016,5,1,0,3,173,NA,10.71492884
2016,5,1,0,3,91,NA,3.090052203
2016,5,1,0,3,241,5.1,17.40076969
2016,5,1,0,3,225,6.6,19.783364
2016,5,1,0,3,260,5.9,22.33139931
2016,5,1,0,3,222,4.6,13.92868976
2016,5,1,0,3,177,NA,11.25584858
2016,5,1,0,3,203,5.2,13.40231047
2016,6,0,1,2,235,6.1,19.55673815
2016,6,0,1,2,180,NA,11.67327268
2016,6,0,1,2,306,6.3,31.09565091
2016,6,0,1,2,229,4.8,15.19236075
2016,6,0,1,2,233,5.3,16.98946549
2016,6,0,1,2,97,NA,3.451677008
2016,6,0,1,2,143,NA,7.199329203
2016,6,0,1,2,227,5.4,16.55221529
2016,6,0,1,2,193,NA,13.60149424
2016,6,0,1,2,105,NA,3.976273476
2016,6,0,1,2,75,NA,2.251053603
2016,6,0,1,2,220,4.8,14.20679318
2016,6,0,1,2,154,NA,8.381118886
2016,6,0,1,2,111,NA,4.402818871
2016,6,0,1,2,203,4.6,12.0106411
2016,6,0,1,2,97,NA,3.451677008
2016,6,0,1,2,117,NA,4.858827301
2016,6,0,1,2,166,NA,9.810526601
2016,6,0,1,2,185,NA,12.39169499
2016,6,0,1,2,221,5,14.81677628
2016,6,0,1,2,141,NA,6.997170463
2016,6,0,1,2,195,NA,13.91577251
2016,6,0,1,2,144,NA,7.301852578
2016,6,0,1,2,170,NA,10.32081389
2016,6,0,1,2,235,5.2,16.95295133
2016,6,0,1,2,252,5.7,20.58433078
2016,6,0,1,2,310,7.4,36.40478253
2016,6,0,1,2,170,NA,10.32081389
2016,6,0,1,2,164,NA,9.561814948
2016,6,0,1,2,152,NA,8.157297016
2016,6,0,1,2,203,4.4,11.56912051
2016,6,0,1,2,252,5.5,19.96989176
2016,6,0,1,2,97,NA,3.451677008
2016,6,0,1,2,269,5.4,21.99463613
2016,6,0,1,2,232,4.2,14.01957408
2016,6,0,1,2,282,5.7,24.91591549
2016,6,0,1,2,188,NA,12.83657809
2016,6,0,1,2,166,NA,9.810526601
2016,6,0,1,2,205,5.2,13.60813017
2016,6,0,1,2,220,4.1,12.5447345
2016,6,0,1,2,215,5.2,14.66888819
2016,6,0,1,2,218,5.8,16.59149598
2016,6,0,1,2,230,5.1,16.0926354
2016,6,0,1,2,296,6.1,28.60571496
2016,6,0,1,2,174,NA,10.84849611
2016,6,0,1,2,133,NA,6.226374199
2016,6,0,1,2,214,5.2,14.56041601
2016,6,0,1,2,310,6.3,31.80721752
2016,6,0,1,2,114,NA,4.627078709
2016,6,0,1,2,155,NA,8.49454899
2016,6,0,1,2,188,NA,12.83657809
2016,6,0,1,2,243,6.3,21.2463689
2016,6,0,1,2,272,5.9,24.08450707
2016,6,0,1,2,254,5.8,21.17033065
2016,6,0,1,2,365,7.6,49.09882536
2016,6,0,1,2,195,NA,13.91577251
2016,6,0,1,2,247,5.4,19.01549495
2016,6,0,1,2,147,NA,7.61525339
2016,6,0,1,2,147,NA,7.61525339
2016,6,0,1,2,145,NA,7.405344698
2016,6,0,1,2,132,NA,6.134206355
2016,6,0,1,2,153,NA,8.26870308
2016,6,0,1,2,104,NA,3.90797795
2016,6,0,1,2,182,NA,11.95721151
2016,6,0,1,2,225,5.7,17.14311473
2016,6,0,1,2,191,4.1,9.873568611
2016,6,0,1,2,226,5.6,16.98407991
2016,6,0,1,2,298,6.6,30.87319543
2016,6,0,1,2,198,NA,14.3962093
2016,6,0,1,2,158,NA,8.840970641
2016,6,0,1,2,201,4.4,11.38231135
2016,6,0,1,2,246,5.2,18.30466124
2016,6,0,1,2,187,NA,12.68712061
2016,6,0,1,2,156,NA,8.608997947
2016,6,0,1,2,121,NA,5.179687177
2016,6,0,1,2,293,6.1,28.10617002
2016,6,0,1,2,133,NA,6.226374199
2016,6,0,1,2,293,5.8,27.00526316
2016,6,0,1,2,132,NA,6.134206355
2016,6,0,1,2,136,NA,6.508407761
2016,6,0,1,2,180,NA,11.67327268
2016,6,0,1,2,134,NA,6.319460677
2016,6,0,1,2,207,5.1,13.5727065
2016,6,0,1,2,245,5.8,19.95548285
2016,6,0,1,2,143,NA,7.199329203
2016,6,0,1,2,270,6.8,26.95744283
2016,6,0,1,2,157,NA,8.724470312
2016,6,0,1,2,200,4.8,12.17120952
2016,6,0,1,2,159,NA,8.958503489
2016,6,0,1,2,153,NA,8.26870308
2016,6,0,1,2,234,5.3,17.10949747
2016,6,0,1,2,182,5,10.93414833
2016,6,0,1,2,134,NA,6.319460677
2016,6,0,1,2,200,4.5,11.50591825
2016,6,0,1,2,245,7,23.84845032
2016,6,0,1,2,200,5.2,13.09748858
2016,6,0,1,2,280,7.4,30.91891535
2016,6,0,1,2,284,7.8,33.26230186
2016,6,0,1,2,175,NA,10.98316879
2016,6,0,1,2,196,NA,14.07471097
2016,6,0,1,2,264,5.6,21.92820735
2016,6,0,1,2,145,NA,7.405344698
2016,6,0,1,2,132,NA,6.134206355
2016,6,0,1,2,297,6.5,30.30692566
2016,6,0,1,2,280,6.6,27.83039088
2016,6,0,1,2,136,NA,6.508407761
2016,6,0,1,2,252,6.2,22.17528496
2016,6,0,1,2,126,NA,5.600235536
2016,6,0,1,2,36,NA,0.870409152
2016,6,0,1,2,47,NA,1.174707572
2016,6,0,1,2,131,NA,6.042952592
2016,6,0,1,2,138,NA,6.701084051
2016,6,0,1,2,225,4.6,14.24903802
2016,6,0,1,2,96,NA,3.389546173
2016,6,0,1,2,270,6.5,25.87089296
2016,6,0,1,2,290,6.5,29.11173322
2016,6,0,1,2,213,5.7,15.74572912
2016,6,0,1,2,257,5.5,20.64221699
2016,6,0,1,2,263,6.2,23.76426805
2016,6,0,1,2,227,4.7,14.71597985
2016,6,0,1,2,244,5.4,18.63140585
2016,6,0,1,2,169,NA,10.19162268
2016,6,0,1,2,188,NA,12.83657809
2016,6,0,1,2,194,NA,13.75803512
2016,6,0,1,2,147,NA,7.61525339
2016,6,0,1,2,176,NA,11.11895143
2016,6,0,1,2,210,5.4,14.6337674
2016,6,0,1,2,160,NA,9.077073411
2016,6,0,1,2,81,NA,2.545043147
2016,6,0,1,2,149,NA,7.829091722
2016,6,0,1,2,198,NA,14.3962093
2016,6,0,1,2,182,NA,11.95721151
2016,6,0,1,2,195,NA,13.91577251
2016,6,0,1,2,226,4.3,13.62525539
2016,6,0,1,2,126,NA,5.600235536
2016,6,0,1,2,100,NA,3.642615591
2016,6,0,1,2,227,5.6,17.10355716
2016,6,0,1,2,114,NA,4.627078709
2016,6,0,1,2,107,NA,4.115242342
2016,6,0,1,2,176,NA,11.11895143
2016,6,0,1,2,202,4.7,12.13874787
2016,7,1,1,4,112,NA,4.476747659
2016,7,1,1,4,150,NA,7.937495892
2016,7,1,1,4,118,NA,4.937762257
2016,7,1,1,4,289,6.1,27.44920392
2016,7,1,1,4,233,5.3,16.98946549
2016,7,1,1,4,259,4.1,16.84150763
2016,7,1,1,4,221,3.6,11.53506782
2016,7,1,1,4,217,3.8,11.58725794
2016,7,1,1,4,226,4.4,13.86630578
2016,7,1,1,4,227,3.8,12.56162794
2016,7,1,1,4,131,NA,6.042952592
2016,7,1,1,4,182,NA,11.95721151
2016,7,1,1,4,257,5.4,20.3338559
2016,7,1,1,4,178,NA,11.3938648
2016,7,1,1,4,182,NA,11.95721151
2016,7,1,1,4,199,NA,14.55877829
2016,7,1,1,4,217,5,14.38193683
2016,7,1,1,4,258,4.6,18.10268703
2016,7,1,1,4,268,5.3,21.53483562
2016,7,1,1,4,77,NA,2.346383826
2016,7,1,1,4,109,NA,4.257411993
2016,7,1,1,4,183,NA,12.10089141
2016,7,1,1,4,156,NA,8.608997947
2016,7,1,1,4,247,5.2,18.43098877
2016,7,1,1,4,187,NA,12.68712061
2016,7,1,1,4,323,7.2,38.07110531
2016,7,1,1,4,211,4.2,11.8894835
2016,7,1,1,4,229,4.3,13.94233757
2016,7,1,1,4,204,4.5,11.88371568
2016,7,1,1,4,237,5.4,17.75538683
2016,7,1,1,4,230,5.5,17.18479719
2016,7,1,1,4,137,NA,6.604277478
2016,7,1,1,4,164,NA,9.561814948
2016,7,1,1,4,153,NA,8.26870308
2016,7,1,1,4,182,NA,11.95721151
2016,7,1,1,4,271,5.6,22.93249176
2016,7,1,1,4,256,4.6,17.85144086
2016,7,1,1,4,258,5.2,19.85915657
2016,7,1,1,4,165,NA,9.685638572
2016,7,1,1,4,184,NA,12.24571772
2016,7,1,1,4,143,NA,7.199329203
2016,7,1,1,4,239,5,16.88217914
2016,7,1,1,4,227,3.9,12.78985576
2016,7,1,1,4,183,NA,12.10089141
2016,7,1,1,4,188,NA,12.83657809
2016,7,1,1,4,203,3.5,9.715861786
2016,7,1,1,4,251,4.8,17.79110882
2016,7,1,1,4,298,5.5,26.73301781
2016,7,1,1,4,265,6.5,25.10012393
2016,7,1,1,4,204,5,13.02760333
2016,7,1,1,4,274,4.9,21.11795439
2016,7,1,1,4,281,6.1,26.1661443
2016,7,1,1,4,279,6.2,26.20833879
2016,7,1,1,4,113,NA,4.55149942
2016,7,1,1,4,277,7.1,29.23021078
2016,7,1,1,4,172,NA,10.58246241
2016,7,1,1,4,188,NA,12.83657809
2016,7,1,1,4,279,5,22.14046911
2016,7,1,1,4,216,5,14.27457282
2016,7,1,1,4,146,NA,7.509810116
2016,7,1,1,4,244,4.4,15.86246028
2016,7,1,1,4,256,4.7,18.13441083
2016,7,1,1,4,235,4.2,14.34319203
2016,7,1,1,4,247,5.2,18.43098877
2016,7,1,1,4,152,NA,8.157297016
2016,7,1,1,4,200,4.4,11.28966566
2016,7,1,1,4,263,5.6,21.78717773
2016,7,1,1,4,163,NA,9.439051176
2016,7,1,1,4,299,6.5,30.65431811
2016,7,1,1,4,198,NA,14.3962093
2016,7,1,1,4,304,6.3,30.74388229
2016,7,1,1,4,184,NA,12.24571772
2016,7,1,1,4,284,6.5,28.11264334
2016,7,1,1,4,176,NA,11.11895143
2016,7,1,1,4,137,NA,6.604277478
2016,7,1,1,4,256,4.8,18.42035541
2016,7,1,1,4,250,4.9,17.94912042
2016,7,1,1,4,253,4.8,18.04105849
2016,7,1,1,4,140,NA,6.897525988
2016,7,1,1,4,96,NA,3.389546173
2016,7,1,1,4,97,NA,3.451677008
2016,7,1,1,4,87,NA,2.863575952
2016,7,1,1,4,54,NA,1.401162524
2016,7,1,1,4,202,5.4,13.78474591
2016,7,1,1,4,270,5.3,21.81656526
2016,7,1,1,4,273,6.4,25.98165193
2016,7,1,1,4,248,5.5,19.44266622
2016,7,1,1,4,93,NA,3.207635971
2016,7,1,1,4,219,4.8,14.0999934
2016,7,1,1,4,302,6.7,31.97938142
2016,7,1,1,4,213,5,13.95568942
2016,7,1,1,4,183,NA,12.10089141
2016,7,1,1,4,293,7.4,33.22290863
2016,7,1,1,4,219,4.7,13.85516097
2016,7,1,1,4,206,4.7,12.52905208
2016,7,1,1,4,195,NA,13.91577251
2016,7,1,1,4,229,3.9,12.99319171
2016,7,1,1,4,219,4.5,13.37403154
2016,7,1,1,4,223,4,12.61629172
2016,7,1,1,4,188,NA,12.83657809
2016,7,1,1,4,168,NA,10.0635141
2016,7,1,1,4,59,NA,1.579587841
2016,7,1,1,4,72,NA,2.112955067
2016,7,1,1,4,177,NA,11.25584858
2016,7,1,1,4,123,NA,5.34528272
2016,7,1,1,4,135,NA,6.413470346
2016,7,1,1,4,158,NA,8.840970641
2016,7,1,1,4,264,5.8,22.5768866
2016,7,1,1,4,298,6.3,29.70451378
2016,7,1,1,4,157,NA,8.724470312
2016,7,1,1,4,214,3.4,10.4735347
2016,7,1,1,4,166,NA,9.810526601
2016,7,1,1,4,183,NA,12.10089141
2016,7,1,1,4,327,7.5,40.24362505
2016,7,1,1,4,251,5,18.36059749
2016,7,1,1,4,301,5.9,28.69473284
2016,7,1,1,4,212,4.5,12.66394052
2016,7,1,1,4,202,3.4,9.439659483
2016,7,1,1,4,219,3.4,10.9256778
2016,7,1,1,4,175,NA,10.98316879
2016,7,1,1,4,278,5.9,24.99445835
2016,7,1,1,4,139,NA,6.798832036
2016,7,1,1,4,183,NA,12.10089141
2016,7,1,1,4,155,NA,8.49454899
2016,7,1,1,4,257,6.1,22.55806587
2016,7,1,1,4,229,4.7,14.93661623
2016,7,1,1,4,62,NA,1.693585064
2016,7,1,1,4,67,NA,1.895545286
2016,7,1,1,4,243,5.2,17.92914469
2016,7,1,1,4,248,4.2,15.80312703
2016,7,1,1,4,233,4.1,13.88390484
2016,7,1,1,4,196,NA,14.07471097
2016,7,1,1,4,177,NA,11.25584858
2016,7,1,1,4,256,5.6,20.81686479
2016,7,1,1,4,232,5.3,16.86999622
2016,7,1,1,4,153,NA,8.26870308
2016,7,1,1,4,240,4.8,16.45755405
2016,7,1,1,4,146,NA,7.509810116
2016,7,1,1,4,241,4.7,16.30689662
2016,7,1,1,4,119,NA,5.017547518
2016,7,1,1,4,192,NA,13.44614532
2016,7,1,1,4,148,NA,7.721679073
2016,7,1,1,4,193,NA,13.60149424
2016,7,1,1,4,202,3.4,9.439659483
2016,7,1,1,4,149,NA,7.829091722
2016,7,1,1,4,137,NA,6.604277478
2016,7,1,1,4,303,6.3,30.56899723
2016,7,1,1,4,182,NA,11.95721151
2016,7,1,1,4,273,5.5,22.89474915
2016,7,1,1,4,323,6.3,34.19463133
2016,7,1,1,4,216,4.3,12.60309186
2016,7,1,1,4,311,6.6,33.20349495
2016,7,1,1,4,320,6.2,33.22345138
2016,7,1,1,4,254,5.7,20.85611489
2016,7,1,1,4,213,6.2,17.11391386
2016,7,1,1,4,293,7,31.58757674
2016,7,1,1,4,207,5,13.33224084
2016,7,1,1,4,263,6.5,24.79615474
2016,7,1,1,4,277,6.2,25.89407286
2016,7,1,1,4,212,4.9,13.60747261
2016,7,1,1,4,114,NA,4.627078709
2016,7,1,1,4,225,5.5,16.5902268
2016,7,1,1,4,236,5.4,17.63252925
2016,7,1,1,4,283,7.3,31.03917648
2016,7,1,1,4,241,4.5,15.77758592
2016,7,1,1,4,213,3.4,10.38462976
2016,7,1,1,4,174,NA,10.84849611
2016,7,1,1,4,162,NA,9.317342699
2016,7,1,1,4,312,6.8,34.21797626
2016,7,1,1,4,222,5.2,15.44331494
2016,7,1,1,4,236,3.3,12.33579917
2016,7,1,1,4,163,NA,9.439051176
2016,7,1,1,4,224,NA,19.03111556
2016,7,1,1,4,199,NA,14.55877829
2016,7,1,1,4,321,7.1,37.23182699
2016,7,1,1,4,163,NA,9.439051176
2016,7,1,1,4,173,NA,10.71492884
2016,7,1,1,4,284,6.7,28.86757458
2016,7,1,1,4,256,5.1,19.29619242
2016,7,1,1,4,221,3.9,12.19259817
2016,7,1,1,4,132,NA,6.134206355
2016,7,1,1,4,176,NA,11.11895143
2016,7,1,1,4,171,NA,10.45109228
2016,7,1,1,4,193,NA,13.60149424
2016,7,1,1,4,146,NA,7.509810116
2016,7,1,1,4,128,NA,5.774630228
2016,7,1,1,4,260,5.9,22.33139931
2016,7,1,1,4,188,NA,12.83657809
2016,7,1,1,4,256,6.2,22.74462448
2016,7,1,1,4,285,6.5,28.27754516
2016,7,1,1,4,222,5.3,15.70596159
2016,7,1,1,4,143,NA,7.199329203
2016,7,1,1,4,162,NA,9.317342699
2016,7,1,1,4,153,NA,8.26870308
2016,7,1,1,4,161,NA,9.196684962
2016,7,1,1,4,125,NA,5.51437059
2016,7,1,1,4,168,NA,10.0635141
2016,7,1,1,4,242,6.2,20.79367624
2016,7,1,1,4,202,6,15.30875656
2016,7,1,1,4,102,NA,3.773741931
2016,7,1,1,4,132,NA,6.134206355
2016,7,1,1,4,148,NA,7.721679073
2016,7,1,1,4,203,4.6,12.0106411
2016,7,1,1,4,88,NA,2.919119992
2016,7,1,1,4,116,NA,4.780738094
2016,7,1,1,4,230,5.4,16.90726673
2016,7,1,1,4,224,4.9,14.8925397
2016,7,1,1,4,281,6.9,29.13043814
2016,7,1,1,4,193,NA,13.60149424
2016,7,1,1,4,191,NA,13.2919838
2016,7,1,1,4,163,NA,9.439051176
2016,7,1,1,4,214,5.9,16.39955221
2016,7,1,1,4,72,NA,2.112955067
2016,7,1,1,4,158,NA,8.840970641
2016,7,1,1,4,79,NA,2.444368194
2016,7,1,1,4,253,6.2,22.31671842
2016,7,1,1,4,113,NA,4.55149942
2016,7,1,1,4,239,5,16.88217914
2016,7,1,1,4,187,NA,12.68712061
2016,7,1,1,4,109,NA,4.257411993
2016,7,1,1,4,194,NA,13.75803512
2016,7,1,1,4,177,NA,11.25584858
2016,7,1,1,4,165,NA,9.685638572
2016,7,1,1,4,233,4.8,15.64463496
2016,7,1,1,4,293,6,27.73594028
2016,7,1,1,4,272,6.2,25.11942109
2016,7,1,1,4,146,NA,7.509810116
2016,7,1,1,4,153,NA,8.26870308
2016,7,1,1,4,111,NA,4.402818871
2016,7,1,1,4,257,6.2,22.88846595
2016,7,1,1,4,228,5.6,17.22359343
2016,7,1,1,4,207,4.1,11.29457056
2016,7,1,1,4,116,NA,4.780738094
2016,7,1,1,4,263,5.6,21.78717773
2016,8,0,0,1,145,NA,7.405344698
2016,8,0,0,1,165,NA,9.685638572
2016,8,0,0,1,106,NA,4.045360089
2016,8,0,0,1,115,NA,4.703490082
2016,8,0,0,1,110,NA,4.329708501
2016,8,0,0,1,125,NA,5.51437059
2016,8,0,0,1,142,NA,7.097770017
2016,8,0,0,1,115,NA,4.703490082
2016,8,0,0,1,199,NA,14.55877829
2016,8,0,0,1,145,NA,7.405344698
2016,8,0,0,1,184,NA,12.24571772
2016,8,0,0,1,130,NA,5.952608353
2016,9,1,1,4,167,NA,9.936483593
2016,9,1,1,4,103,NA,3.840468953
2016,9,1,1,4,170,NA,10.32081389
2016,9,1,1,4,220,5.9,17.10502887
2016,9,1,1,4,110,NA,4.329708501
2016,9,1,1,4,100,NA,3.642615591
2016,9,1,1,4,210,5.4,14.6337674
2016,9,1,1,4,107,NA,4.115242342
2016,9,1,1,4,115,NA,4.703490082
2016,9,1,1,4,102,NA,3.773741931
2016,9,1,1,4,112,NA,4.476747659
2016,9,1,1,4,110,NA,4.329708501
2016,9,1,1,4,122,NA,5.262050685
2016,9,1,1,4,115,NA,4.703490082
2016,9,1,1,4,159,NA,8.958503489
2016,9,1,1,4,108,NA,4.185924792
2016,9,1,1,4,77,NA,2.346383826
2016,9,1,1,4,187,NA,12.68712061
2016,9,1,1,4,170,NA,10.32081389
2016,9,1,1,4,230,7.1,22.04720129
2016,9,1,1,4,230,7.1,22.04720129
2016,9,1,1,4,103,NA,3.840468953
2016,9,1,1,4,124,NA,5.429387836
2016,9,1,1,4,142,NA,7.097770017
2016,9,1,1,4,230,6.82,21.13751945
2016,9,1,1,4,170,NA,10.32081389
2016,9,1,1,4,230,6.1,18.91398441
2016,9,1,1,4,220,6.1,17.67103677
2016,9,1,1,4,112,NA,4.476747659
2016,9,1,1,4,130,NA,5.952608353
2016,9,1,1,4,188,NA,12.83657809
2016,9,1,1,4,174,NA,10.84849611
2016,9,1,1,4,110,NA,4.329708501
2016,9,1,1,4,190,NA,13.13900512
2016,9,1,1,4,72,NA,2.112955067
2016,9,1,1,4,103,NA,3.840468953
2016,9,1,1,4,188,NA,12.83657809
2016,9,1,1,4,232,7.1,22.32578412
2016,9,1,1,4,160,NA,9.077073411
2016,9,1,1,4,192,NA,13.44614532
2016,9,1,1,4,236,6.6,21.24827348
2016,9,1,1,4,230,6.4,19.82045947
2016,9,1,1,4,164,NA,9.561814948
2016,9,1,1,4,110,NA,4.329708501
2016,9,1,1,4,179,NA,11.53300465
2016,9,1,1,4,144,NA,7.301852578
2016,9,1,1,4,145,NA,7.405344698
2016,9,1,1,4,233,5.7,18.11919016
2016,9,1,1,4,210,5.1,13.88529015
2016,9,1,1,4,192,NA,13.44614532
2016,9,1,1,4,180,NA,11.67327268
2016,9,1,1,4,163,NA,9.439051176
2016,9,1,1,4,128,NA,5.774630228
2016,9,1,1,4,170,NA,10.32081389
2016,9,1,1,4,180,NA,11.67327268
2016,9,1,1,4,232,NA,20.63483476
2016,9,1,1,4,210,5.2,14.13187471
2016,9,1,1,4,222,5.2,15.44331494
2016,9,1,1,4,240,6.1,20.21389118
2016,9,1,1,4,201,5.6,14.17501097
2016,9,1,1,4,202,6.2,15.84066086
2016,9,1,1,4,150,NA,7.937495892
2016,9,1,1,4,133,NA,6.226374199
2016,9,1,1,4,167,NA,9.936483593
2016,9,1,1,4,210,6.1,16.48377219
2016,9,1,1,4,169,NA,10.19162268
2016,9,1,1,4,192,NA,13.44614532
2016,9,1,1,4,120,NA,5.098187639
2016,9,1,1,4,201,5.1,12.96168353
2016,9,1,1,4,197,NA,14.23485505
2016,9,1,1,4,188,NA,12.83657809
2016,9,1,1,4,205,6,15.64286583
2016,9,1,1,4,194,NA,13.75803512
2016,9,1,1,4,150,NA,7.937495892
2016,9,1,1,4,165,NA,9.685638572
2016,9,1,1,4,201,5,12.7276421
2016,9,1,1,4,178,NA,11.3938648
2016,9,1,1,4,172,NA,10.58246241
2016,9,1,1,4,172,NA,10.58246241
2016,9,1,1,4,210,5.2,14.13187471
2016,9,1,1,4,208,5.5,14.67149112
2016,9,1,1,4,195,NA,13.91577251
2016,9,1,1,4,138,NA,6.701084051
2016,9,1,1,4,142,NA,7.097770017
2016,9,1,1,4,180,NA,11.67327268
2016,9,1,1,4,185,NA,12.39169499
2016,9,1,1,4,188,NA,12.83657809
2016,9,1,1,4,203,5.2,13.40231047
2016,9,1,1,4,134,NA,6.319460677
2016,9,1,1,4,148,NA,7.721679073
2016,9,1,1,4,234,5.9,18.82919522
2016,9,1,1,4,158,NA,8.840970641
2016,9,1,1,4,223,6.1,18.03801628
2016,9,1,1,4,240,5.6,18.70810648
2016,9,1,1,4,204,5.5,14.24263647
2016,9,1,1,4,162,NA,9.317342699
2016,9,1,1,4,170,NA,10.32081389
2016,9,1,1,4,78,NA,2.395041964
2016,9,1,1,4,242,6.3,21.10970247
2016,9,1,1,4,165,NA,9.685638572
2016,9,1,1,4,270,4.8,20.26080196
2016,9,1,1,4,103,NA,3.840468953
2016,9,1,1,4,222,5.6,16.5117349
2016,9,1,1,4,290,6.9,30.66430192
2016,9,1,1,4,198,NA,14.3962093
2016,9,1,1,4,261,5.8,22.14857778
2016,9,1,1,4,172,NA,10.58246241
2016,9,1,1,4,158,NA,8.840970641
2016,9,1,1,4,209,5.3,14.27446958
2016,9,1,1,4,212,5.4,14.85133471
2016,9,1,1,4,233,5.7,18.11919016
2016,9,1,1,4,169,NA,10.19162268
2016,9,1,1,4,250,5.4,19.40482679
2016,9,1,1,4,177,NA,11.25584858
2016,9,1,1,4,187,NA,12.68712061
2016,9,1,1,4,103,NA,3.840468953
2016,9,1,1,4,182,NA,11.95721151
2016,9,1,1,4,159,NA,8.958503489
2016,9,1,1,4,160,NA,9.077073411
2016,9,1,1,4,185,NA,12.39169499
2016,9,1,1,4,140,NA,6.897525988
2016,9,1,1,4,203,5.8,14.89753147
2016,9,1,1,4,167,NA,9.936483593
2016,9,1,1,4,182,NA,11.95721151
2016,9,1,1,4,232,5.6,17.70935472
2016,9,1,1,4,197,NA,14.23485505
2016,9,1,1,4,164,NA,9.561814948
2016,9,1,1,4,174,NA,10.84849611
2016,9,1,1,4,144,NA,7.301852578
2016,9,1,1,4,97,NA,3.451677008
2016,9,1,1,4,258,6.5,24.0469901
2016,9,1,1,4,141,NA,6.997170463
2016,9,1,1,4,150,NA,7.937495892
2016,9,1,1,4,174,NA,10.84849611
2016,9,1,1,4,181,NA,11.81467345
2016,9,1,1,4,154,NA,8.381118886
2016,9,1,1,4,152,NA,8.157297016
2016,9,1,1,4,128,NA,5.774630228
2016,9,1,1,4,182,NA,11.95721151
2016,9,1,1,4,178,NA,11.3938648
2016,9,1,1,4,170,NA,10.32081389
2016,9,1,1,4,151,NA,8.046896138
2016,9,1,1,4,182,NA,11.95721151
2016,9,1,1,4,128,NA,5.774630228
2016,9,1,1,4,248,6,20.97901351
2016,9,1,1,4,144,NA,7.301852578
2016,9,1,1,4,204,4.4,11.66328673
2016,9,1,1,4,195,NA,13.91577251
2016,9,1,1,4,222,5.1,15.18361284
2016,9,1,1,4,142,NA,7.097770017
2016,9,1,1,4,205,4.2,11.32323104
2016,9,1,1,4,132,NA,6.134206355
2016,9,1,1,4,132,NA,6.134206355
2016,9,1,1,4,62,NA,1.693585064
2016,9,1,1,4,95,NA,3.328165426
2016,9,1,1,4,174,NA,10.84849611
2016,9,1,1,4,182,NA,11.95721151
2016,9,1,1,4,95,NA,3.328165426
2016,9,1,1,4,128,NA,5.774630228
2016,9,1,1,4,151,NA,8.046896138
2016,9,1,1,4,103,NA,3.840468953
2016,9,1,1,4,151,NA,8.046896138
2016,9,1,1,4,128,NA,5.774630228
2016,9,1,1,4,137,NA,6.604277478
2016,9,1,1,4,128,NA,5.774630228
2016,9,1,1,4,90,NA,3.032353562
2016,9,1,1,4,110,NA,4.329708501
2016,9,1,1,4,158,NA,8.840970641
2016,9,1,1,4,161,NA,9.196684962
2016,9,1,1,4,120,NA,5.098187639
2016,9,1,1,4,191,NA,13.2919838
2016,9,1,1,4,179,NA,11.53300465
2016,9,1,1,4,166,NA,9.810526601
2016,9,1,1,4,128,NA,5.774630228
2016,9,1,1,4,168,NA,10.0635141
2016,9,1,1,4,142,NA,7.097770017
2016,9,1,1,4,128,NA,5.774630228
2016,9,1,1,4,139,NA,6.798832036
2016,9,1,1,4,149,NA,7.829091722
2016,9,1,1,4,66,NA,1.853935498
2016,9,1,1,4,154,NA,8.381118886
2016,10,1,0,3,98,NA,3.514562486
2016,10,1,0,3,92,NA,3.148478154
2016,10,1,0,3,132,NA,6.134206355
2016,10,1,0,3,115,NA,4.703490082
2016,10,1,0,3,133,NA,6.226374199
2016,10,1,0,3,128,NA,5.774630228
2016,10,1,0,3,113,NA,4.55149942
2016,10,1,0,3,96,NA,3.389546173
2016,10,1,0,3,121,NA,5.179687177
2016,10,1,0,3,98,NA,3.514562486
2016,10,1,0,3,89,NA,2.975377677
2016,10,1,0,3,89,NA,2.975377677
2016,10,1,0,3,76,NA,2.298389224
2016,10,1,0,3,77,NA,2.346383826
2016,10,1,0,3,54,NA,1.401162524
2016,10,1,0,3,113,NA,4.55149942
2016,10,1,0,3,104,NA,3.90797795
2016,10,1,0,3,91,NA,3.090052203
2016,10,1,0,3,103,NA,3.840468953
2016,10,1,0,3,96,NA,3.389546173
2016,10,1,0,3,132,NA,6.134206355
2016,10,1,0,3,107,NA,4.115242342
2016,10,1,0,3,87,NA,2.863575952
2016,10,1,0,3,100,NA,3.642615591
2016,10,1,0,3,177,NA,11.25584858
2016,10,1,0,3,66,NA,1.853935498
2016,10,1,0,3,83,NA,2.648445129
2016,10,1,0,3,84,NA,2.701180145
2016,10,1,0,3,89,NA,2.975377677
2016,10,1,0,3,122,NA,5.262050685
2016,10,1,0,3,98,NA,3.514562486
2016,10,1,0,3,71,NA,2.068209814
2016,10,1,0,3,182,NA,11.95721151
2016,10,1,0,3,136,NA,6.508407761
2016,10,1,0,3,93,NA,3.207635971
2016,10,1,0,3,145,NA,7.405344698
2016,10,1,0,3,145,NA,7.405344698
2016,10,1,0,3,106,NA,4.045360089
2016,10,1,0,3,145,NA,7.405344698
2016,10,1,0,3,114,NA,4.627078709
2016,10,1,0,3,112,NA,4.476747659
2016,10,1,0,3,186,NA,12.53882777
2016,10,1,0,3,144,NA,7.301852578
2016,10,1,0,3,101,NA,3.707792329
2016,10,1,0,3,160,NA,9.077073411
2016,10,1,0,3,97,NA,3.451677008
2016,10,1,0,3,151,NA,8.046896138
2016,10,1,0,3,124,NA,5.429387836
2016,10,1,0,3,133,NA,6.226374199
2016,10,1,0,3,142,NA,7.097770017
2016,10,1,0,3,181,NA,11.81467345
2016,10,1,0,3,152,NA,8.157297016
2016,10,1,0,3,151,NA,8.046896138
2016,10,1,0,3,94,NA,3.26753021
2016,10,1,0,3,123,NA,5.34528272
2016,10,1,0,3,77,NA,2.346383826
2016,10,1,0,3,147,NA,7.61525339
2016,10,1,0,3,137,NA,6.604277478
2016,10,1,0,3,123,NA,5.34528272
2016,10,1,0,3,137,NA,6.604277478
2016,10,1,0,3,140,NA,6.897525988
2016,10,1,0,3,131,NA,6.042952592
2016,10,1,0,3,130,NA,5.952608353
2016,10,1,0,3,141,NA,6.997170463
2016,10,1,0,3,130,NA,5.952608353
2016,10,1,0,3,82,NA,2.596400982
2016,10,1,0,3,73,NA,2.158341079
2016,10,1,0,3,123,NA,5.34528272
2016,10,1,0,3,122,NA,5.262050685
2016,10,1,0,3,109,NA,4.257411993
2016,10,1,0,3,112,NA,4.476747659
2016,10,1,0,3,87,NA,2.863575952
2016,10,1,0,3,163,NA,9.439051176
2016,10,1,0,3,177,NA,11.25584858
2016,10,1,0,3,109,NA,4.257411993
2016,10,1,0,3,136,NA,6.508407761
2016,10,1,0,3,164,NA,9.561814948
2016,10,1,0,3,199,NA,14.55877829
2016,10,1,0,3,97,NA,3.451677008
2016,10,1,0,3,86,NA,2.808741
2016,11,0,0,1,135,NA,6.413470346
2016,11,0,0,1,143,NA,7.199329203
2016,11,0,0,1,103,NA,3.840468953
2016,11,0,0,1,120,NA,5.098187639
2016,11,0,0,1,111,NA,4.402818871
2016,11,0,0,1,155,NA,8.49454899
2016,11,0,0,1,201,5.5,13.92653856
2016,11,0,0,1,171,NA,10.45109228
2016,11,0,0,1,137,NA,6.604277478
2016,11,0,0,1,106,NA,4.045360089
2016,11,0,0,1,168,NA,10.0635141
2016,11,0,0,1,126,NA,5.600235536
2016,11,0,0,1,188,NA,12.83657809
2016,11,0,0,1,132,NA,6.134206355
2016,11,0,0,1,122,NA,5.262050685
2016,11,0,0,1,98,NA,3.514562486
2016,11,0,0,1,144,NA,7.301852578
2016,11,0,0,1,147,NA,7.61525339
2016,11,0,0,1,135,NA,6.413470346
2016,11,0,0,1,96,NA,3.389546173
2016,11,0,0,1,235,6.1,19.55673815
2016,11,0,0,1,238,5.8,19.04341153
2016,11,0,0,1,110,NA,4.329708501
2016,11,0,0,1,134,NA,6.319460677
2016,11,0,0,1,93,NA,3.207635971
2016,11,0,0,1,137,NA,6.604277478
2016,11,0,0,1,239,6.5,21.33785311
2016,11,0,0,1,121,NA,5.179687177
2016,11,0,0,1,207,5.2,13.81604633
2016,11,0,0,1,116,NA,4.780738094
2016,11,0,0,1,157,NA,8.724470312
2016,11,0,0,1,135,NA,6.413470346
2016,11,0,0,1,175,NA,10.98316879
2016,11,0,0,1,110,NA,4.329708501
2016,11,0,0,1,111,NA,4.402818871
2016,11,0,0,1,143,NA,7.199329203
2016,11,0,0,1,122,NA,5.262050685
2016,11,0,0,1,97,NA,3.451677008
2016,11,0,0,1,76,NA,2.298389224
2016,11,0,0,1,138,NA,6.701084051
2016,11,0,0,1,177,NA,11.25584858
2016,11,0,0,1,124,NA,5.429387836
2016,11,0,0,1,227,6.6,20.04453578
2016,11,0,0,1,153,NA,8.26870308
2016,11,0,0,1,124,NA,5.429387836
2016,11,0,0,1,126,NA,5.600235536
2016,11,0,0,1,117,NA,4.858827301
2016,11,0,0,1,58,NA,1.54275792
2016,11,0,0,1,175,NA,10.98316879
2016,11,0,0,1,167,NA,9.936483593
2016,11,0,0,1,116,NA,4.780738094
2016,11,0,0,1,137,NA,6.604277478
2016,11,0,0,1,168,NA,10.0635141
2016,11,0,0,1,66,NA,1.853935498
2016,11,0,0,1,105,NA,3.976273476
2016,11,0,0,1,108,NA,4.185924792
2016,11,0,0,1,110,NA,4.329708501
2016,11,0,0,1,118,NA,4.937762257
2016,11,0,0,1,103,NA,3.840468953
2016,11,0,0,1,156,NA,8.608997947
2016,11,0,0,1,107,NA,4.115242342
2016,11,0,0,1,116,NA,4.780738094
2016,11,0,0,1,135,NA,6.413470346
2016,11,0,0,1,223,6.8,20.14119613
2016,11,0,0,1,118,NA,4.937762257
2016,11,0,0,1,198,NA,14.3962093
2016,11,0,0,1,165,NA,9.685638572
2016,11,0,0,1,170,NA,10.32081389
2016,12,0,1,2,141,NA,6.997170463
2016,12,0,1,2,166,NA,9.810526601
2016,12,0,1,2,131,NA,6.042952592
2016,12,0,1,2,131,NA,6.042952592
2016,12,0,1,2,145,NA,7.405344698
2016,12,0,1,2,122,NA,5.262050685
2016,12,0,1,2,151,NA,8.046896138
2016,12,0,1,2,161,NA,9.196684962
2016,12,0,1,2,176,NA,11.11895143
2016,12,0,1,2,120,NA,5.098187639
2016,12,0,1,2,98,NA,3.514562486
2016,12,0,1,2,133,NA,6.226374199
2016,12,0,1,2,226,6.6,19.91366445
2016,12,0,1,2,232,6.9,21.66872151
2016,12,0,1,2,166,NA,9.810526601
2016,12,0,1,2,234,NA,21.0493696
2016,12,0,1,2,252,NA,25.03272684
2016,12,0,1,2,169,NA,10.19162268
2016,12,0,1,2,173,NA,10.71492884
2016,12,0,1,2,146,NA,7.509810116
2016,12,0,1,2,167,NA,9.936483593
2016,12,0,1,2,179,NA,11.53300465
2016,12,0,1,2,184,NA,12.24571772
2016,12,0,1,2,118,NA,4.937762257
2016,12,0,1,2,153,NA,8.26870308
2016,12,0,1,2,208,6.7,17.94402576
2016,12,0,1,2,227,6.4,19.43133236
2016,12,0,1,2,151,NA,8.046896138
2016,12,0,1,2,156,NA,8.608997947
2016,12,0,1,2,162,NA,9.317342699
2016,12,0,1,2,108,NA,4.185924792
2016,12,0,1,2,192,NA,13.44614532
2016,12,0,1,2,176,NA,11.11895143
2016,12,0,1,2,183,NA,12.10089141
2016,12,0,1,2,177,NA,11.25584858
2016,12,0,1,2,185,NA,12.39169499
2016,12,0,1,2,134,NA,6.319460677
2016,12,0,1,2,114,NA,4.627078709
2016,12,0,1,2,152,NA,8.157297016
2016,12,0,1,2,183,NA,12.10089141
2016,12,0,1,2,156,NA,8.608997947
2016,12,0,1,2,209,7.1,19.26071679
2016,12,0,1,2,134,NA,6.319460677
2016,12,0,1,2,119,NA,5.017547518
2016,12,0,1,2,99,NA,3.578207161
2016,12,0,1,2,222,5.6,16.5117349
2016,12,0,1,2,170,NA,10.32081389
2016,12,0,1,2,163,NA,9.439051176
2016,12,0,1,2,187,NA,12.68712061
2016,12,0,1,2,177,NA,11.25584858
2016,12,0,1,2,203,6.2,15.95370919
2016,12,0,1,2,180,NA,11.67327268
2016,12,0,1,2,138,NA,6.701084051
2016,12,0,1,2,161,NA,9.196684962
2016,12,0,1,2,109,NA,4.257411993
2016,12,0,1,2,124,NA,5.429387836
2016,12,0,1,2,144,NA,7.301852578
2016,12,0,1,2,234,8.5,27.61507821
2016,12,0,1,2,166,NA,9.810526601
2016,12,0,1,2,200,6.9,17.55898582
2016,12,0,1,2,127,NA,5.68698723
2016,12,0,1,2,124,NA,5.429387836
2016,12,0,1,2,183,NA,12.10089141
2016,12,0,1,2,173,NA,10.71492884
2016,12,0,1,2,203,7.5,19.7288455
2016,12,0,1,2,193,NA,13.60149424
2016,12,0,1,2,145,NA,7.405344698
2016,12,0,1,2,192,NA,13.44614532
2016,12,0,1,2,106,NA,4.045360089
2016,12,0,1,2,146,NA,7.509810116
2016,12,0,1,2,156,NA,8.608997947
2016,12,0,1,2,238,7,22.83836313
2016,12,0,1,2,157,NA,8.724470312
2016,12,0,1,2,92,NA,3.148478154
2016,12,0,1,2,187,NA,12.68712061
2016,12,0,1,2,222,6.5,19.09343906
2016,12,0,1,2,187,NA,12.68712061
2016,12,0,1,2,167,NA,9.936483593
2016,12,0,1,2,97,NA,3.451677008
2016,12,0,1,2,117,NA,4.858827301
2016,12,0,1,2,132,NA,6.134206355
2016,12,0,1,2,95,NA,3.328165426
2016,12,0,1,2,206,NA,15.73115638
2016,12,0,1,2,171,NA,10.45109228
2016,12,0,1,2,130,NA,5.952608353
2016,12,0,1,2,152,NA,8.157297016
2016,12,0,1,2,202,6,15.30875656
2016,12,0,1,2,145,NA,7.405344698
2016,12,0,1,2,253,7.6,27.2195826
2016,12,0,1,2,184,NA,12.24571772
2016,12,0,1,2,196,NA,14.07471097
2016,12,0,1,2,177,NA,11.25584858
2016,12,0,1,2,128,NA,5.774630228
2016,12,0,1,2,146,NA,7.509810116
2016,12,0,1,2,165,NA,9.685638572
2016,12,0,1,2,198,NA,14.3962093
2016,12,0,1,2,129,NA,5.863169083
2016,12,0,1,2,111,NA,4.402818871
2016,12,0,1,2,102,NA,3.773741931
2016,12,0,1,2,200,NA,14.72256657
2016,12,0,1,2,316,NA,43.21199089
2016,12,0,1,2,98,NA,3.514562486
2016,12,0,1,2,173,NA,10.71492884
2016,12,0,1,2,135,NA,6.413470346
2016,12,0,1,2,167,NA,9.936483593
2016,12,0,1,2,167,NA,9.936483593
2016,12,0,1,2,249,5.8,20.48950881
2016,12,0,1,2,251,6.2,22.03445032
2016,12,0,1,2,179,NA,11.53300465
2016,12,0,1,2,244,5.9,20.12919114
2016,12,0,1,2,200,6.2,15.61616886
2016,12,0,1,2,238,6.2,20.25751535
2016,12,0,1,2,152,NA,8.157297016
2016,12,0,1,2,111,NA,4.402818871
2016,12,0,1,2,187,NA,12.68712061
2016,12,0,1,2,123,NA,5.34528272
2016,12,0,1,2,123,NA,5.34528272
2016,12,0,1,2,90,NA,3.032353562
2016,12,0,1,2,142,NA,7.097770017
2016,12,0,1,2,243,7.8,26.39579637
2016,12,0,1,2,243,7.9,26.76591936
2016,12,0,1,2,113,NA,4.55149942
2016,12,0,1,2,98,NA,3.514562486
2016,12,0,1,2,214,6.4,17.80391993
2016,12,0,1,2,173,NA,10.71492884
2016,12,0,1,2,117,NA,4.858827301
2016,12,0,1,2,237,7.3,23.71450514
2016,12,0,1,2,217,5.5,15.66770572
2016,12,0,1,2,233,6.7,21.16016506
2016,12,0,1,2,207,5.3,14.06227742
2016,12,0,1,2,216,5,14.27457282
2016,12,0,1,2,193,NA,13.60149424
2016,12,0,1,2,143,NA,7.199329203
2016,12,0,1,2,131,NA,6.042952592
2016,12,0,1,2,89,NA,2.975377677
2016,12,0,1,2,218,6.1,17.42917005
2016,12,0,1,2,208,5.6,14.92759289
2016,12,0,1,2,142,NA,7.097770017
2016,12,0,1,2,204,6.4,16.61583416
2016,12,0,1,2,226,6.7,20.22388951
2016,12,0,1,2,178,NA,11.3938648
2016,12,0,1,2,142,NA,7.097770017
2016,12,0,1,2,173,NA,10.71492884
2016,12,0,1,2,93,NA,3.207635971
2016,12,0,1,2,224,5.8,17.3034949
2016,12,0,1,2,201,5.3,13.43833865
2016,12,0,1,2,188,NA,12.83657809
2016,12,0,1,2,226,6.9,20.85397196
2016,12,0,1,2,216,6.6,18.63614391
2016,12,0,1,2,166,NA,9.810526601
2016,12,0,1,2,152,NA,8.157297016
2016,12,0,1,2,143,NA,7.199329203
2016,12,0,1,2,137,NA,6.604277478
2016,12,0,1,2,122,NA,5.262050685
2016,12,0,1,2,123,NA,5.34528272
2016,12,0,1,2,96,NA,3.389546173
2016,12,0,1,2,186,NA,12.53882777
2016,12,0,1,2,197,NA,14.23485505
2016,12,0,1,2,176,NA,11.11895143
2016,12,0,1,2,170,NA,10.32081389
2016,12,0,1,2,180,NA,11.67327268
2016,12,0,1,2,131,NA,6.042952592
2016,12,0,1,2,273,7.5,30.11646566
2016,12,0,1,2,236,6.2,19.99292624
2016,12,0,1,2,182,NA,11.95721151
2016,12,0,1,2,207,NA,15.90360722
2016,12,0,1,2,123,NA,5.34528272
2016,12,0,1,2,151,NA,8.046896138
2016,12,0,1,2,191,NA,13.2919838
2016,12,0,1,2,163,NA,9.439051176
2016,12,0,1,2,251,7.5,26.53444428
2016,12,0,1,2,122,NA,5.262050685
2016,12,0,1,2,94,NA,3.26753021
2016,12,0,1,2,203,6.4,16.50002004
2016,12,0,1,2,182,NA,11.95721151
2016,12,0,1,2,254,NA,25.50405062
2016,12,0,1,2,152,NA,8.157297016
2016,12,0,1,2,273,8.3,33.38433887
2016,12,0,1,2,168,NA,10.0635141
2016,12,0,1,2,123,NA,5.34528272
2016,12,0,1,2,161,NA,9.196684962
2016,12,0,1,2,233,6.7,21.16016506
2016,12,0,1,2,171,NA,10.45109228
2016,12,0,1,2,177,NA,11.25584858
2016,12,0,1,2,174,NA,10.84849611
2017,1,0,0,1,147,NA,7.61525339
2017,1,0,0,1,212,3.7,10.90976222
2017,1,0,0,1,133,NA,6.226374199
2017,1,0,0,1,106,NA,4.045360089
2017,1,0,0,1,149,NA,7.829091722
2017,1,0,0,1,156,NA,8.608997947
2017,1,0,0,1,113,NA,4.55149942
2017,1,0,0,1,67,NA,1.895545286
2017,1,0,0,1,161,NA,9.196684962
2017,1,0,0,1,259,6,22.51564803
2017,1,0,0,1,136,NA,6.508407761
2017,1,0,0,1,104,NA,3.90797795
2017,1,0,0,1,154,NA,8.381118886
2017,1,0,0,1,95,NA,3.328165426
2017,1,0,0,1,160,NA,9.077073411
2017,1,0,0,1,204,3.3,9.415814851
2017,1,0,0,1,185,NA,12.39169499
2017,1,0,0,1,187,NA,12.68712061
2017,2,1,0,3,155,NA,8.49454899
2017,2,1,0,3,115,NA,4.703490082
2017,2,1,0,3,86,NA,2.808741
2017,2,1,0,3,255,5.9,21.62680322
2017,2,1,0,3,84,NA,2.701180145
2017,2,1,0,3,70,NA,2.024100765
2017,2,1,0,3,76,NA,2.298389224
2017,2,1,0,3,93,NA,3.207635971
2017,2,1,0,3,71,NA,2.068209814
2017,2,1,0,3,135,NA,6.413470346
2017,2,1,0,3,116,NA,4.780738094
2017,2,1,0,3,365,8,51.18252663
2017,2,1,0,3,93,NA,3.207635971
2017,2,1,0,3,121,NA,5.179687177
2017,2,1,0,3,265,6.3,24.40418409
2017,2,1,0,3,98,NA,3.514562486
2017,2,1,0,3,89,NA,2.975377677
2017,2,1,0,3,288,8.7,37.9454079
2017,2,1,0,3,118,NA,4.937762257
2017,2,1,0,3,79,NA,2.444368194
2017,2,1,0,3,251,6.6,23.35995772
2017,2,1,0,3,116,NA,4.780738094
2017,2,1,0,3,109,NA,4.257411993
2017,2,1,0,3,174,NA,10.84849611
2017,2,1,0,3,189,NA,12.98720474
2017,2,1,0,3,137,NA,6.604277478
2017,2,1,0,3,182,NA,11.95721151
2017,2,1,0,3,87,NA,2.863575952
2017,2,1,0,3,203,5.5,14.13674477
2017,2,1,0,3,132,NA,6.134206355
2017,2,1,0,3,104,NA,3.90797795
2017,2,1,0,3,143,1,2.705432792
2017,2,1,0,3,124,NA,5.429387836
2017,2,1,0,3,78,NA,2.395041964
2017,2,1,0,3,268,6.1,24.16751476
2017,2,1,0,3,291,6.5,29.28051539
2017,2,1,0,3,194,NA,13.75803512
2017,2,1,0,3,146,NA,7.509810116
2017,2,1,0,3,303,6.8,32.56433494
2017,2,1,0,3,101,NA,3.707792329
2017,2,1,0,3,134,NA,6.319460677
2017,2,1,0,3,124,NA,5.429387836
2017,2,1,0,3,98,NA,3.514562486
2017,2,1,0,3,219,4.6,13.61317924
2017,2,1,0,3,244,6.1,20.75008829
2017,2,1,0,3,156,NA,8.608997947
2017,2,1,0,3,128,NA,5.774630228
2017,2,1,0,3,159,NA,8.958503489
2017,2,1,0,3,156,NA,8.608997947
2017,2,1,0,3,77,NA,2.346383826
2017,2,1,0,3,157,NA,8.724470312
2017,2,1,0,3,103,NA,3.840468953
2017,2,1,0,3,125,NA,5.51437059
2017,2,1,0,3,202,4.5,11.69379985
2017,2,1,0,3,178,NA,11.3938648
2017,2,1,0,3,107,NA,4.115242342
2017,2,1,0,3,83,NA,2.648445129
2017,2,1,0,3,186,NA,12.53882777
2017,2,1,0,3,119,NA,5.017547518
2017,2,1,0,3,207,5.1,13.5727065
2017,2,1,0,3,178,NA,11.3938648
2017,2,1,0,3,179,NA,11.53300465
2017,2,1,0,3,60,NA,1.616999302
2017,2,1,0,3,79,NA,2.444368194
2017,2,1,0,3,198,NA,14.3962093
2017,2,1,0,3,168,NA,10.0635141
2017,2,1,0,3,181,NA,11.81467345
2017,2,1,0,3,111,NA,4.402818871
2017,2,1,0,3,252,5.5,19.96989176
2017,2,1,0,3,160,NA,9.077073411
2017,2,1,0,3,154,NA,8.381118886
2017,2,1,0,3,206,4.5,12.07567671
2017,2,1,0,3,88,NA,2.919119992
2017,2,1,0,3,109,NA,4.257411993
2017,2,1,0,3,122,NA,5.262050685
2017,2,1,0,3,105,NA,3.976273476
2017,2,1,0,3,152,NA,8.157297016
2017,2,1,0,3,147,NA,7.61525339
2017,2,1,0,3,151,NA,8.046896138
2017,2,1,0,3,211,5.1,13.99054132
2017,2,1,0,3,197,NA,14.23485505
2017,2,1,0,3,240,6,19.90650196
2017,2,1,0,3,140,NA,6.897525988
2017,2,1,0,3,178,NA,11.3938648
2017,2,1,0,3,148,NA,7.721679073
2017,2,1,0,3,246,NA,23.65366706
2017,2,1,0,3,246,6.9,23.65173354
2017,2,1,0,3,168,NA,10.0635141
2017,2,1,0,3,96,NA,3.389546173
2017,2,1,0,3,112,NA,4.476747659
2017,2,1,0,3,101,NA,3.707792329
2017,3,0,1,2,260,5.5,21.0527648
2017,3,0,1,2,225,2.1,8.922024001
2017,3,0,1,2,194,NA,13.75803512
2017,3,0,1,2,131,NA,6.042952592
2017,3,0,1,2,255,6.4,23.2671099
2017,3,0,1,2,130,NA,5.952608353
2017,3,0,1,2,144,NA,7.301852578
2017,3,0,1,2,115,NA,4.703490082
2017,3,0,1,2,250,5.6,20.00846202
2017,3,0,1,2,105,NA,3.976273476
2017,3,0,1,2,205,6.2,16.18141685
2017,3,0,1,2,215,5.9,16.51575821
2017,3,0,1,2,260,6,22.6589492
2017,3,0,1,2,185,NA,12.39169499
2017,3,0,1,2,235,5.2,16.95295133
2017,3,0,1,2,252,5.1,18.77794004
2017,3,0,1,2,280,5.6,24.26815933
2017,3,0,1,2,265,6,23.38458183
2017,3,0,1,2,150,NA,7.937495892
2017,3,0,1,2,283,5.6,24.72464179
2017,3,0,1,2,240,4.9,16.72841572
2017,3,0,1,2,219,5.2,15.10816416
2017,3,0,1,2,235,7.5,24.11593442
2017,3,0,1,2,250,5.6,20.00846202
2017,3,0,1,2,145,NA,7.405344698
2017,3,0,1,2,199,NA,14.55877829
2017,3,0,1,2,138,NA,6.701084051
2017,3,0,1,2,140,NA,6.897525988
2017,3,0,1,2,190,NA,13.13900512
2017,3,0,1,2,170,NA,10.32081389
2017,3,0,1,2,219,3.9,11.99772491
2017,3,0,1,2,300,5.8,28.15452256
2017,3,0,1,2,204,4.8,12.56163101
2017,3,0,1,2,160,NA,9.077073411
2017,3,0,1,2,159,NA,8.958503489
2017,3,0,1,2,213,4.8,13.47041588
2017,3,0,1,2,173,NA,10.71492884
2017,3,0,1,2,280,5.9,25.30279187
2017,3,0,1,2,268,5.9,23.49031096
2017,3,0,1,2,271,5.2,21.63987095
2017,3,0,1,2,205,4.3,11.53923198
2017,3,0,1,2,164,NA,9.561814948
2017,3,0,1,2,210,4.6,12.6953061
2017,3,0,1,2,227,4.9,15.22597528
2017,3,0,1,2,149,NA,7.829091722
2017,3,0,1,2,239,NA,22.10991411
2017,3,0,1,2,150,NA,7.937495892
2017,3,0,1,2,205,4.5,11.97943986
2017,3,0,1,2,250,5.4,19.40482679
2017,3,0,1,2,289,5.2,24.27677406
2017,3,0,1,2,240,4.4,15.403344
2017,3,0,1,2,281,5.7,24.76256236
2017,3,0,1,2,244,5.7,19.5208051
2017,3,0,1,2,243,5.5,18.79679002
2017,3,0,1,2,243,4.5,16.0093588
2017,3,0,1,2,230,5.9,18.32528834
2017,3,0,1,2,210,5,13.64159082
2017,3,0,1,2,222,4,12.51648327
2017,3,0,1,2,295,5.8,27.33036804
2017,3,0,1,2,189,NA,12.98720474
2017,3,0,1,2,260,5.6,21.36771953
2017,3,0,1,2,224,5.4,16.20216968
2017,3,0,1,2,205,4.9,12.89315957
2017,3,0,1,2,300,5.7,27.78557435
2017,3,0,1,2,285,5.1,23.34141974
2017,3,0,1,2,245,4.6,16.51104177
2017,3,0,1,2,310,5.4,28.34717324
2017,3,0,1,2,194,NA,13.75803512
2017,3,0,1,2,220,4.4,13.24018588
2017,3,0,1,2,185,NA,12.39169499
2017,3,0,1,2,250,5.9,20.93718608
2017,3,0,1,2,190,NA,13.13900512
2017,3,0,1,2,310,5.7,29.47107453
2017,3,0,1,2,306,5.9,29.54468634
2017,3,0,1,2,212,4.3,12.20898819
2017,3,0,1,2,311,8.1,39.75159595
2017,3,0,1,2,220,4.4,13.24018588
2017,3,0,1,2,234,4.4,14.73141502
2017,3,0,1,2,233,4.9,15.9077033
2017,3,0,1,2,195,NA,13.91577251
2017,3,0,1,2,210,4.5,12.46577818
2017,3,0,1,2,265,5.5,21.74904584
2017,3,0,1,2,235,4.7,15.61173512
2017,3,0,1,2,262,5.6,21.64675409
2017,3,0,1,2,132,NA,6.134206355
2017,3,0,1,2,195,NA,13.91577251
2017,3,0,1,2,268,5.4,21.85290597
2017,3,0,1,2,350,7.8,46.65714014
2017,3,0,1,2,230,4,13.32984645
2017,3,0,1,2,163,NA,9.439051176
2017,3,0,1,2,188,NA,12.83657809
2017,3,0,1,2,186,NA,12.53882777
2017,3,0,1,2,320,6.6,34.88363301
2017,3,0,1,2,205,3.8,10.48618072
2017,3,0,1,2,194,NA,13.75803512
2017,3,0,1,2,146,NA,7.509810116
2017,3,0,1,2,248,5.1,18.26905115
2017,3,0,1,2,227,5,15.48533309
2017,3,0,1,2,222,5,14.9268387
2017,3,0,1,2,176,NA,11.11895143
2017,3,0,1,2,260,5.9,22.33139931
2017,3,0,1,2,230,4.7,15.04775664
2017,3,0,1,2,315,6.2,32.30803363
2017,3,0,1,2,184,NA,12.24571772
2017,3,0,1,2,325,6.6,35.84107131
2017,3,0,1,2,295,5.6,26.60781063
2017,3,0,1,2,233,4.5,14.8728632
2017,3,0,1,2,250,5,18.23422387
2017,3,0,1,2,200,4.6,11.72491489
2017,3,0,1,2,160,NA,9.077073411
2017,3,0,1,2,195,NA,13.91577251
2017,3,0,1,2,240,5,17.00223314
2017,3,0,1,2,315,6.4,33.11898747
2017,3,0,1,2,275,5.4,22.85790435
2017,3,0,1,2,310,6.5,32.61251698
2017,3,0,1,2,225,5.1,15.52037059
2017,3,0,1,2,263,6.5,24.79615474
2017,3,0,1,2,300,6.7,31.62309309
2017,3,0,1,2,120,NA,5.098187639
2017,3,0,1,2,250,5.3,19.10761622
2017,3,0,1,2,260,5.5,21.0527648
2017,3,0,1,2,220,4.4,13.24018588
2017,3,0,1,2,300,6,28.90218823
2017,3,0,1,2,278,5.2,22.64135446
2017,3,0,1,2,300,5.9,28.52672243
2017,3,0,1,2,259,5.1,19.69107783
2017,3,0,1,2,231,5.3,16.75108834
2017,3,0,1,2,270,5.9,23.78617208
2017,3,0,1,2,235,5.3,17.23009348
2017,3,0,1,2,220,4.7,13.96087649
2017,3,0,1,2,189,NA,12.98720474
2017,3,0,1,2,220,4.7,13.96087649
2017,3,0,1,2,240,6,19.90650196
2017,3,0,1,2,300,6.2,29.66297467
2017,3,0,1,2,179,NA,11.53300465
2017,3,0,1,2,265,4.3,18.13875205
2017,3,0,1,2,320,7.5,38.81929668
2017,3,0,1,2,311,6.4,32.38899568
2017,3,0,1,2,245,5.3,18.46736607
2017,3,0,1,2,300,6.7,31.62309309
2017,3,0,1,2,280,5.9,25.30279187
2017,3,0,1,2,157,NA,8.724470312
2017,3,0,1,2,260,5.9,22.33139931
2017,3,0,1,2,260,6.6,24.69172357
2017,3,0,1,2,265,6.3,24.40418409
2017,3,0,1,2,266,5.7,22.53720221
2017,3,0,1,2,172,NA,10.58246241
2017,3,0,1,2,245,5.4,18.75885522
2017,3,0,1,2,292,5.6,26.12836211
2017,3,0,1,2,197,NA,14.23485505
2017,3,0,1,2,270,5.5,22.46051222
2017,3,0,1,2,198,NA,14.3962093
2017,3,0,1,2,173,NA,10.71492884
2017,3,0,1,2,157,NA,8.724470312
2017,3,0,1,2,230,5,15.8270238
2017,3,0,1,2,300,6.1,29.28093422
2017,3,0,1,2,273,6,24.57754454
2017,3,0,1,2,179,NA,11.53300465
2017,3,0,1,2,141,NA,6.997170463
2017,3,0,1,2,246,5,17.73452807
2017,3,0,1,2,232,5.5,17.426547
2017,3,0,1,2,254,4.6,17.6025302
2017,3,0,1,2,160,NA,9.077073411
2017,3,0,1,2,251,4.9,18.07435789
2017,3,0,1,2,158,NA,8.840970641
2017,3,0,1,2,240,5,17.00223314
2017,3,0,1,2,216,4.8,13.78280822
2017,3,0,1,2,214,4.2,12.17955484
2017,4,1,1,4,186,NA,12.53882777
2017,4,1,1,4,410,7.6,60.43901677
2017,4,1,1,4,206,5.1,13.46956412
2017,4,1,1,4,237,5.1,16.91719021
2017,4,1,1,4,304,6.7,32.33833589
2017,4,1,1,4,155,NA,8.49454899
2017,4,1,1,4,330,7.6,41.33192253
2017,4,1,1,4,122,NA,5.262050685
2017,4,1,1,4,210,4.7,12.92763434
2017,4,1,1,4,250,7,24.58788721
2017,4,1,1,4,206,5,13.23017318
2017,4,1,1,4,251,5.1,18.64984333
2017,4,1,1,4,182,NA,11.95721151
2017,4,1,1,4,181,NA,11.81467345
2017,4,1,1,4,222,4.7,14.17391805
2017,4,1,1,4,133,NA,6.226374199
2017,4,1,1,4,160,NA,9.077073411
2017,4,1,1,4,160,NA,9.077073411
2017,4,1,1,4,150,NA,7.937495892
2017,4,1,1,4,115,NA,4.703490082
2017,4,1,1,4,165,NA,9.685638572
2017,4,1,1,4,97,NA,3.451677008
2017,4,1,1,4,122,NA,5.262050685
2017,4,1,1,4,207,4.4,11.94884844
2017,4,1,1,4,115,NA,4.703490082
2017,4,1,1,4,184,NA,12.24571772
2017,4,1,1,4,260,4.9,19.22781062
2017,4,1,1,4,266,5.6,22.21208975
2017,4,1,1,4,310,8.1,39.54955447
2017,4,1,1,4,290,8.4,36.97712882
2017,4,1,1,4,155,NA,8.49454899
2017,4,1,1,4,232,5.6,17.70935472
2017,4,1,1,4,283,5.3,23.70791398
2017,4,1,1,4,195,NA,13.91577251
2017,4,1,1,4,269,3.4,16.18231382
2017,4,1,1,4,124,NA,5.429387836
2017,4,1,1,4,157,NA,8.724470312
2017,4,1,1,4,171,NA,10.45109228
2017,4,1,1,4,290,5.8,26.52245593
2017,4,1,1,4,220,4,12.31844834
2017,4,1,1,4,218,4.7,13.74998046
2017,4,1,1,4,118,NA,4.937762257
2017,4,1,1,4,215,4.7,13.4376355
2017,4,1,1,4,155,NA,8.49454899
2017,4,1,1,4,210,3.9,11.14646665
2017,4,1,1,4,205,3.9,10.69143456
2017,4,1,1,4,108,NA,4.185924792
2017,4,1,1,4,410,8.7,66.94759964
2017,4,1,1,4,157,NA,8.724470312
2017,4,1,1,4,247,5.6,19.61223001
2017,4,1,1,4,285,6,26.44200228
2017,4,1,1,4,320,6.3,33.63344428
2017,4,1,1,4,305,6,29.75493723
2017,4,1,1,4,255,5.9,21.62680322
2017,4,1,1,4,275,5.2,22.20844747
2017,4,1,1,4,175,NA,10.98316879
2017,4,1,1,4,126,NA,5.600235536
2017,4,1,1,4,235,5.1,16.67879707
2017,4,1,1,4,154,NA,8.381118886
2017,4,1,1,4,302,5.8,28.48876845
2017,4,1,1,4,285,6.2,27.16637231
2017,4,1,1,4,241,4.8,16.57593442
2017,4,1,1,4,263,5.4,21.15338142
2017,4,1,1,4,257,4.8,18.5479591
2017,4,1,1,4,252,5.4,19.66731155
2017,4,1,1,4,167,NA,9.936483593
2017,4,1,1,4,251,5.4,19.53577528
2017,4,1,1,4,173,NA,10.71492884
2017,4,1,1,4,254,5.8,21.17033065
2017,4,1,1,4,255,6.1,22.27334116
2017,4,1,1,4,228,6,18.36726234
2017,4,1,1,4,196,NA,14.07471097
2017,4,1,1,4,147,NA,7.61525339
2017,4,1,1,4,113,NA,4.55149942
2017,4,1,1,4,227,5.5,16.8263808
2017,4,1,1,4,304,6.1,29.96669615
2017,4,1,1,4,163,NA,9.439051176
2017,4,1,1,4,205,4.4,11.75796254
2017,4,1,1,4,302,5.8,28.48876845
2017,4,1,1,4,221,4.4,13.34320219
2017,4,1,1,4,300,8.4,38.93023702
2017,4,1,1,4,302,5.4,27.0226518
2017,4,1,1,4,240,6.2,20.52442863
2017,4,1,1,4,291,6.8,30.44356325
2017,4,1,1,4,226,5.3,16.16492343
2017,4,1,1,4,271,5.8,23.59767042
2017,4,1,1,4,315,6.9,35.20549328
2017,4,1,1,4,277,6.8,28.08815745
2017,4,1,1,4,291,6.9,30.8379815
2017,4,1,1,4,282,5.8,25.26317728
2017,4,1,1,4,286,5.9,26.2429859
2017,4,1,1,4,340,6.7,39.2667545
2017,4,1,1,4,265,5.7,22.39378178
2017,4,1,1,4,263,5.9,22.76141381
2017,4,1,1,4,225,5.4,16.31829754
2017,4,1,1,4,141,NA,6.997170463
2017,4,1,1,4,203,4.2,11.13855515
2017,4,1,1,4,154,NA,8.381118886
2017,4,1,1,4,187,NA,12.68712061
2017,4,1,1,4,231,4.8,15.41739224
2017,4,1,1,4,177,NA,11.25584858
2017,4,1,1,4,199,NA,14.55877829
2017,4,1,1,4,167,NA,9.936483593
2017,4,1,1,4,159,NA,8.958503489
2017,4,1,1,4,244,5,17.48814064
2017,4,1,1,4,187,NA,12.68712061
2017,4,1,1,4,140,NA,6.897525988
2017,4,1,1,4,161,NA,9.196684962
2017,4,1,1,4,293,6,27.73594028
2017,4,1,1,4,206,4.2,11.41632956
2017,4,1,1,4,194,NA,13.75803512
2017,4,1,1,4,174,NA,10.84849611
2017,4,1,1,4,285,6.1,26.8025559
2017,4,1,1,4,132,NA,6.134206355
2017,4,1,1,4,180,NA,11.67327268
2017,4,1,1,4,204,5.2,13.50495893
2017,4,1,1,4,163,NA,9.439051176
2017,4,1,1,4,258,6.1,22.70133365
2017,4,1,1,4,155,NA,8.49454899
2017,4,1,1,4,146,NA,7.509810116
2017,4,1,1,4,297,7.9,36.1013862
2017,4,1,1,4,310,6.8,33.84577429
2017,4,1,1,4,251,6.1,21.71109944
2017,4,1,1,4,232,4.9,15.79269735
2017,4,1,1,4,262,6.1,23.28047078
2017,4,1,1,4,211,4.9,13.50385248
2017,4,1,1,4,247,4.9,17.57688175
2017,4,1,1,4,221,5.5,16.12456824
2017,4,1,1,4,249,5.3,18.97840112
2017,4,1,1,4,300,7,32.83961066
2017,4,1,1,4,320,6.1,32.81680398
2017,4,1,1,4,172,NA,10.58246241
2017,4,1,1,4,133,NA,6.226374199
2017,4,1,1,4,157,NA,8.724470312
2017,4,1,1,4,248,7,24.29030559
2017,4,1,1,4,303,7.5,35.50099139
2017,4,1,1,4,151,NA,8.046896138
2017,4,1,1,4,221,4.7,14.0671284
2017,4,1,1,4,167,NA,9.936483593
2017,4,1,1,4,221,4.1,12.64454861
2017,4,1,1,4,218,5.6,16.0482297
2017,4,1,1,4,227,5.5,16.8263808
2017,4,1,1,4,290,6.3,28.35549848
2017,4,1,1,4,300,6.7,31.62309309
2017,4,1,1,4,240,7.1,23.46358211
2017,4,1,1,4,143,NA,7.199329203
2017,5,1,0,3,197,NA,14.23485505
2017,5,1,0,3,206,5.12,13.51778622
2017,5,1,0,3,112,NA,4.476747659
2017,5,1,0,3,290,6.59,29.45638002
2017,5,1,0,3,223,5.48,16.30211375
2017,5,1,0,3,120,NA,5.098187639
2017,5,1,0,3,117,NA,4.858827301
2017,5,1,0,3,125,NA,5.51437059
2017,5,1,0,3,133,NA,6.226374199
2017,5,1,0,3,189,NA,12.98720474
2017,5,1,0,3,252,5.28,19.30826892
2017,5,1,0,3,307,4.41,24.37569427
2017,5,1,0,3,150,NA,7.937495892
2017,5,1,0,3,234,5.73,18.33077571
2017,5,1,0,3,211,4.42,12.3821343
2017,5,1,0,3,160,NA,9.077073411
2017,5,1,0,3,283,5.79,25.38336825
2017,5,1,0,3,198,NA,14.3962093
2017,5,1,0,3,310,5.47,28.60681417
2017,5,1,0,3,163,NA,9.439051176
2017,5,1,0,3,143,NA,7.199329203
2017,5,1,0,3,203,4.22,11.18112263
2017,5,1,0,3,260,5.35,20.58615952
2017,5,1,0,3,194,NA,13.75803512
2017,5,1,0,3,163,NA,9.439051176
2017,5,1,0,3,139,NA,6.798832036
2017,5,1,0,3,258,5.09,19.52899419
2017,5,1,0,3,194,NA,13.75803512
2017,5,1,0,3,295,5.47,26.14504571
2017,5,1,0,3,94,NA,3.26753021
2017,5,1,0,3,180,NA,11.67327268
2017,5,1,0,3,164,NA,9.561814948
2017,5,1,0,3,10,NA,0.369527484
2017,5,1,0,3,94,NA,3.26753021
2017,5,1,0,3,100,NA,3.642615591
2017,5,1,0,3,176,NA,11.11895143
2017,5,1,0,3,129,NA,5.863169083
2017,5,1,0,3,126,NA,5.600235536
2017,5,1,0,3,146,NA,7.509810116
2017,5,1,0,3,146,NA,7.509810116
2017,5,1,0,3,233,4.49,14.84758439
2017,5,1,0,3,280,6.27,26.61881608
2017,5,1,0,3,97,NA,3.451677008
2017,5,1,0,3,330,6.94,38.31233245
2017,5,1,0,3,270,4.95,20.71948817
2017,5,1,0,3,280,6.35,26.90923416
2017,5,1,0,3,275,5.55,23.35321972
2017,5,1,0,3,168,NA,10.0635141
2017,5,1,0,3,208,4.3,11.82318723
2017,5,1,0,3,280,4.93,22.06013146
2017,5,1,0,3,77,NA,2.346383826
2017,5,1,0,3,88,NA,2.919119992
2017,5,1,0,3,201,5.78,14.62967668
2017,5,1,0,3,156,NA,8.608997947
2017,5,1,0,3,196,NA,14.07471097
2017,5,1,0,3,262,5.24,20.51905814
2017,5,1,0,3,215,3.46,10.68560336
2017,5,1,0,3,120,NA,5.098187639
2017,5,1,0,3,138,NA,6.701084051
2017,5,1,0,3,155,NA,8.49454899
2017,5,1,0,3,236,4.32,14.75140198
2017,5,1,0,3,290,5.76,26.37932506
2017,5,1,0,3,175,NA,10.98316879
2017,5,1,0,3,188,NA,12.83657809
2017,5,1,0,3,120,NA,5.098187639
2017,5,1,0,3,230,5.09,16.06594152
2017,5,1,0,3,240,4.95,16.86495396
2017,5,1,0,3,134,NA,6.319460677
2017,5,1,0,3,181,NA,11.81467345
2017,5,1,0,3,111,NA,4.402818871
2017,5,1,0,3,135,NA,6.413470346
2017,5,1,0,3,140,NA,6.897525988
2017,6,0,1,2,125,NA,5.51437059
2017,6,0,1,2,200,4.1,10.65719919
2017,6,0,1,2,340,7.8,44.4312485
2017,6,0,1,2,351,7.4,44.90039882
2017,6,0,1,2,345,8.4,48.57226797
2017,6,0,1,2,134,NA,6.319460677
2017,6,0,1,2,357,7.7,47.7498365
2017,6,0,1,2,205,4.5,11.97943986
2017,6,0,1,2,222,4.2,12.97606023
2017,6,0,1,2,162,NA,9.317342699
2017,6,0,1,2,100,NA,3.642615591
2017,6,0,1,2,107,NA,4.115242342
2017,6,0,1,2,202,5.2,13.30018348
2017,6,0,1,2,210,5,13.64159082
2017,6,0,1,2,350,6.2,39.08125387
2017,6,0,1,2,267,5.1,20.77036375
2017,6,0,1,2,390,8.2,58.5451516
2017,6,0,1,2,335,8.3,45.80343505
2017,6,0,1,2,228,4.3,13.83610295
2017,6,0,1,2,141,NA,6.997170463
2017,6,0,1,2,207,4.6,12.39877849
2017,6,0,1,2,310,6.6,33.02021435
2017,6,0,1,2,229,5.6,17.34419002
2017,6,0,1,2,190,NA,13.13900512
2017,6,0,1,2,233,4.5,14.8728632
2017,6,0,1,2,266,4.9,20.02341752
2017,6,0,1,2,229,4.8,15.19236075
2017,6,0,1,2,265,5.8,22.72087369
2017,6,0,1,2,390,8.2,58.5451516
2017,6,0,1,2,315,6.3,32.71183522
2017,6,0,1,2,325,7,37.58067276
2017,6,0,1,2,350,6.7,41.35299911
2017,6,0,1,2,210,6.7,18.18841532
2017,6,0,1,2,255,5.1,19.16574683
2017,6,0,1,2,218,4.2,12.57360314
2017,6,0,1,2,295,5.4,25.89810206
2017,6,0,1,2,180,NA,11.67327268
2017,6,0,1,2,180,NA,11.67327268
2017,6,0,1,2,370,7.7,50.80395498
2017,6,0,1,2,210,3.9,11.14646665
2017,6,0,1,2,340,6.8,39.71877774
2017,6,0,1,2,330,6.5,36.38327212
2017,6,0,1,2,120,NA,5.098187639
2017,6,0,1,2,350,7,42.75740209
2017,6,0,1,2,244,5.9,20.12919114
2017,6,0,1,2,182,NA,11.95721151
2017,6,0,1,2,237,4.4,15.06488213
2017,6,0,1,2,340,7.7,43.94407544
2017,6,0,1,2,248,5.4,19.14468794
2017,6,0,1,2,80,NA,2.494367069
2017,6,0,1,2,309,6.7,33.2474516
2017,6,0,1,2,316,6.5,33.71494026
2017,6,0,1,2,340,6.8,39.71877774
2017,6,0,1,2,388,8.1,57.46031437
2017,6,0,1,2,196,NA,14.07471097
2017,6,0,1,2,390,8,57.41718013
2017,6,0,1,2,400,8.8,64.74992159
2017,6,0,1,2,167,NA,9.936483593
2017,6,0,1,2,175,NA,10.98316879
2017,6,0,1,2,110,NA,4.329708501
2017,6,0,1,2,155,NA,8.49454899
2017,6,0,1,2,195,NA,13.91577251
2017,6,0,1,2,330,6.6,36.81587023
2017,6,0,1,2,300,6.1,29.28093422
2017,6,0,1,2,255,4.9,18.58113324
2017,6,0,1,2,270,5.6,22.78718374
2017,6,0,1,2,305,6,29.75493723
2017,6,0,1,2,270,4.5,19.36383851
2017,6,0,1,2,253,5.1,18.90662198
2017,6,0,1,2,96,NA,3.389546173
2017,6,0,1,2,237,4.6,15.57954467
2017,6,0,1,2,184,NA,12.24571772
2017,6,0,1,2,168,NA,10.0635141
2017,6,0,1,2,317,6.6,34.31743825
2017,6,0,1,2,37,NA,0.895597705
2017,6,0,1,2,168,NA,10.0635141
2017,6,0,1,2,216,6.2,17.47262846
2017,6,0,1,2,74,NA,2.204372406
2017,6,0,1,2,121,NA,5.179687177
2017,6,0,1,2,345,7.7,45.04158597
2017,6,0,1,2,385,7.4,52.87372298
2017,6,0,1,2,289,6.2,27.81785941
2017,6,0,1,2,186,NA,12.53882777
2017,6,0,1,2,205,6.2,16.18141685
2017,6,0,1,2,115,NA,4.703490082
2017,6,0,1,2,306,5.7,28.78892874
2017,6,0,1,2,195,NA,13.91577251
2017,6,0,1,2,263,6,23.0924983
2017,6,0,1,2,198,NA,14.3962093
2017,6,0,1,2,320,7.4,38.36808878
2017,6,0,1,2,133,NA,6.226374199
2017,6,0,1,2,228,4.1,13.35811098
2017,6,0,1,2,307,5.3,27.48097963
2017,6,0,1,2,124,NA,5.429387836
2017,6,0,1,2,180,NA,11.67327268
2017,6,0,1,2,248,4.7,17.14364115
2017,6,0,1,2,310,6,30.62429677
2017,6,0,1,2,296,6.4,29.74711244
2017,6,0,1,2,186,NA,12.53882777
2017,6,0,1,2,208,5,13.43483211
2017,6,0,1,2,228,5.2,16.12841304
2017,6,0,1,2,309,5.9,30.06262598
2017,6,0,1,2,156,NA,8.608997947
2017,6,0,1,2,340,5.8,35.35188339
2017,6,0,1,2,284,6.3,27.37098993
2017,6,0,1,2,253,6.5,23.31306913
2017,6,0,1,2,267,7,27.21605175
2017,6,0,1,2,183,NA,12.10089141
2017,6,0,1,2,161,NA,9.196684962
2017,6,0,1,2,210,4,11.35954918
2017,6,0,1,2,211,4.5,12.56459891
2017,6,0,1,2,175,NA,10.98316879
2017,6,0,1,2,167,NA,9.936483593
2017,6,0,1,2,163,NA,9.439051176
2017,6,0,1,2,204,4.5,11.88371568
2017,6,0,1,2,310,6.2,31.40958746
2017,6,0,1,2,400,7.3,56.12240439
2017,6,0,1,2,264,5,20.05695425
2017,6,0,1,2,219,4.9,14.34769325
2017,6,0,1,2,325,6.3,34.57220279
2017,6,0,1,2,249,5.6,19.8757974
2017,6,0,1,2,244,6.2,21.06526834
2017,6,0,1,2,315,6.2,32.30803363
2017,6,0,1,2,201,5.4,13.68098687
2017,6,0,1,2,309,5.4,28.17929279
2017,6,0,1,2,108,NA,4.185924792
2017,6,0,1,2,260,NA,26.95344368
2017,6,0,1,2,145,NA,7.405344698
2017,6,0,1,2,207,4.9,13.09463229
2017,6,0,1,2,209,6.3,16.92163301
2017,6,0,1,2,288,5.9,26.56148274
2017,6,0,1,2,320,6.5,34.46352139
2017,6,0,1,2,169,NA,10.19162268
2017,6,0,1,2,238,5.9,19.34225604
2017,6,0,1,2,316,5.6,30.12915133
2017,6,0,1,2,286,6.2,27.32827978
2017,6,0,1,2,257,5.6,20.95367994
2017,6,0,1,2,156,NA,8.608997947
2017,6,0,1,2,249,4.9,17.8244628
2017,6,0,1,2,385,6.4,47.7279067
2017,6,0,1,2,116,NA,4.780738094
2017,6,0,1,2,345,6.8,40.7592132
2017,6,0,1,2,255,6.7,24.29000685
2017,6,0,1,2,116,NA,4.780738094
2017,6,0,1,2,207,5.3,14.06227742
2017,6,0,1,2,248,6,20.97901351
2017,6,0,1,2,415,9.6,74.09516301
2017,6,0,1,2,213,4.6,12.99652422
2017,6,0,1,2,103,NA,3.840468953
2017,6,0,1,2,114,NA,4.627078709
2017,6,0,1,2,390,6.5,49.41564456
2017,6,0,1,2,325,6.2,34.1559995
2017,6,0,1,2,237,4.6,15.57954467
2017,6,0,1,2,300,5.7,27.78557435
2017,6,0,1,2,258,4.7,18.38792853
2017,6,0,1,2,226,3.5,11.79662524
2017,6,0,1,2,248,4.3,16.06542535
2017,6,0,1,2,350,6.3,39.52877045
2017,6,0,1,2,385,6.8,49.74413884
2017,6,0,1,2,167,NA,9.936483593
2017,6,0,1,2,300,6.2,29.66297467
2017,6,0,1,2,298,6.4,30.09073617
2017,6,0,1,2,315,7,35.63304026
2017,6,0,1,2,330,7.3,39.94044445
2017,6,0,1,2,234,5.4,17.38851692
2017,6,0,1,2,360,7.7,48.44345045
2017,6,0,1,2,325,6.3,34.57220279
2017,6,0,1,2,130,NA,5.952608353
2017,6,0,1,2,234,5.2,16.8334789
2017,6,0,1,2,134,NA,6.319460677
2017,6,0,1,2,193,NA,13.60149424
2017,6,0,1,2,202,4.3,11.25985998
2017,6,0,1,2,115,NA,4.703490082
2017,6,0,1,2,282,6,25.96735075
2017,6,0,1,2,293,5.7,26.64478684
2017,6,0,1,2,174,NA,10.84849611
2017,6,0,1,2,264,6.3,24.25427646
2017,6,0,1,2,288,5.6,25.49810478
2017,6,0,1,2,247,5,17.85858489
2017,6,0,1,2,217,4.7,13.64533362
2017,6,0,1,2,228,5.1,15.86207118
2017,6,0,1,2,345,7,41.68628363
2017,6,0,1,2,270,7.5,29.61011638
2017,6,0,1,2,194,NA,13.75803512
2017,6,0,1,2,216,5.2,14.77789777
2017,6,0,1,2,310,5.8,29.85220542
2017,6,0,1,2,280,5.4,23.59431554
2017,6,0,1,2,234,5.4,17.38851692
2017,6,0,1,2,303,6,29.41185334
2017,6,0,1,2,154,NA,8.381118886
2017,6,0,1,2,153,NA,8.26870308
2017,6,0,1,2,253,5.6,20.4099952
2017,6,0,1,2,345,6.6,39.84599056
2017,6,0,1,2,112,NA,4.476747659
2017,6,0,1,2,102,NA,3.773741931
2017,6,0,1,2,224,5.4,16.20216968
2017,6,0,1,2,81,NA,2.545043147
2017,6,0,1,2,166,NA,9.810526601
2017,6,0,1,2,340,7.3,42.0309936
2017,6,0,1,2,126,NA,5.600235536
2017,6,0,1,2,262,7.9,29.83968417
2017,6,0,1,2,278,6,25.34336523
2017,6,0,1,2,265,6.3,24.40418409
2017,6,0,1,2,116,NA,4.780738094
2017,6,0,1,2,183,NA,12.10089141
2017,6,0,1,2,204,4.5,11.88371568
2017,6,0,1,2,405,8.3,63.14600015
2017,6,0,1,2,191,NA,13.2919838
2017,6,0,1,2,143,NA,7.199329203
2017,6,0,1,2,194,NA,13.75803512
2017,6,0,1,2,264,5.1,20.36112903
2017,6,0,1,2,309,5.7,29.29953902
2017,6,0,1,2,267,3,14.93059267
2017,6,0,1,2,420,9.2,72.99769058
2017,6,0,1,2,290,5.1,24.09145042
2017,6,0,1,2,243,5.7,19.39049917
2017,6,0,1,2,187,NA,12.68712061
2017,6,0,1,2,340,5.8,35.35188339
2017,6,0,1,2,151,NA,8.046896138
2017,6,0,1,2,116,NA,4.780738094
2017,7,1,1,4,275,5.59,23.48650156
2017,7,1,1,4,194,NA,13.75803512
2017,7,1,1,4,200,4.5,11.50591825
2017,7,1,1,4,194,NA,13.75803512
2017,7,1,1,4,158,NA,8.840970641
2017,7,1,1,4,170,NA,10.32081389
2017,7,1,1,4,206,1.99,7.282365961
2017,7,1,1,4,312,5.66,29.66363425
2017,7,1,1,4,271,2.93,15.21344204
2017,7,1,1,4,270,5.12,21.24764169
2017,7,1,1,4,262,5.1,20.09131422
2017,7,1,1,4,248,3.04,12.9661758
2017,7,1,1,4,197,NA,14.23485505
2017,7,1,1,4,180,NA,11.67327268
2017,7,1,1,4,195,NA,13.91577251
2017,7,1,1,4,325,6.7,36.2708256
2017,7,1,1,4,205,4.6,12.20368109
2017,7,1,1,4,95,NA,3.328165426
2017,7,1,1,4,90,NA,3.032353562
2017,7,1,1,4,130,NA,5.952608353
2017,7,1,1,4,250,5,18.23422387
2017,7,1,1,4,335,4.43,29.03089859
2017,7,1,1,4,307,5.04,26.54808723
2017,7,1,1,4,294,7.14,32.33229489
2017,7,1,1,4,246,4.8,17.17635813
2017,7,1,1,4,168,NA,10.0635141
2017,7,1,1,4,257,4.81,18.57683175
2017,7,1,1,4,350,6.75,41.58489756
2017,7,1,1,4,266,4.81,19.75291641
2017,7,1,1,4,271,6.17,24.86192698
2017,7,1,1,4,310,5.72,29.54703963
2017,7,1,1,4,272,5.96,24.289171
2017,7,1,1,4,235,4.1,14.09802606
2017,7,1,1,4,283,5.6,24.72464179
2017,7,1,1,4,215,4,11.83252384
2017,7,1,1,4,218,5.4,15.51695378
2017,7,1,1,4,370,7,47.22533495
2017,7,1,1,4,226,4.9,15.11428297
2017,7,1,1,4,238,4.4,15.17714595
2017,7,1,1,4,297,5.9,28.02662864
2017,7,1,1,4,244,4.6,16.39262786
2017,7,1,1,4,255,5.2,19.46259666
2017,7,1,1,4,218,5.5,15.7811013
2017,7,1,1,4,213,5.9,16.28389257
2017,7,1,1,4,182,NA,11.95721151
2017,7,1,1,4,182,NA,11.95721151
2017,7,1,1,4,256,6.46,23.61565446
2017,7,1,1,4,172,NA,10.58246241
2017,7,1,1,4,320,5.21,29.34283423
2017,7,1,1,4,312,4.11,24.14620361
2017,7,1,1,4,250,4.12,15.82661858
2017,7,1,1,4,290,5.36,24.97623582
2017,7,1,1,4,186,NA,12.53882777
2017,7,1,1,4,152,NA,8.157297016
2017,7,1,1,4,259,4.02,16.62623581
2017,7,1,1,4,153,NA,8.26870308
2017,7,1,1,4,223,4.2,13.07799879
2017,7,1,1,4,247,5.4,19.01549495
2017,7,1,1,4,400,8.3,61.78248914
2017,7,1,1,4,135,NA,6.413470346
2017,7,1,1,4,124,NA,5.429387836
2017,7,1,1,4,175,NA,10.98316879
2017,7,1,1,4,240,4.5,15.6625431
2017,7,1,1,4,246,4,15.06077358
2017,7,1,1,4,205,3.8,10.48618072
2017,7,1,1,4,210,3.9,11.14646665
2017,7,1,1,4,120,NA,5.098187639
2017,7,1,1,4,265,5.33,21.21084954
2017,7,1,1,4,189,NA,12.98720474
2017,7,1,1,4,250,4.68,17.33238648
2017,7,1,1,4,284,4.53,21.36751727
2017,7,1,1,4,246,4.65,16.76550523
2017,7,1,1,4,243,4.44,15.85149899
2017,7,1,1,4,240,2.87,11.7866303
2017,7,1,1,4,211,5.38,14.69134928
2017,7,1,1,4,310,6.38,32.12772698
2017,7,1,1,4,256,5.3,19.895242
2017,7,1,1,4,219,6.36,18.30117057
2017,7,1,1,4,215,5.03,14.24217669
2017,7,1,1,4,294,5.45,25.91567379
2017,7,1,1,4,330,6.78,37.60316302
2017,7,1,1,4,100,NA,3.642615591
2017,7,1,1,4,120,NA,5.098187639
2017,7,1,1,4,350,6.8,41.81766134
2017,7,1,1,4,254,4.5,17.32477917
2017,7,1,1,4,271,5.2,21.63987095
2017,7,1,1,4,290,6,27.24588098
2017,7,1,1,4,288,4.3,21.21748618
2017,7,1,1,4,320,6.9,36.16442463
2017,7,1,1,4,144,NA,7.301852578
2017,7,1,1,4,142,NA,7.097770017
2017,7,1,1,4,145,NA,7.405344698
2017,7,1,1,4,218,4,12.12251337
2017,7,1,1,4,230,5.3,16.63274052
2017,7,1,1,4,290,5.2,24.42923599
2017,7,1,1,4,111,NA,4.402818871
2017,7,1,1,4,240,5.34,17.95553728
2017,7,1,1,4,245,4.55,16.37685159
2017,7,1,1,4,215,4.18,12.23231436
2017,7,1,1,4,248,4.45,16.46428987
2017,7,1,1,4,193,NA,13.60149424
2017,7,1,1,4,287,6.08,27.05174098
2017,7,1,1,4,230,4.96,15.72160295
2017,7,1,1,4,247,4.9,17.57688175
2017,7,1,1,4,270,5.25,21.65752499
2017,7,1,1,4,256,4.93,18.79655601
2017,7,1,1,4,119,NA,5.017547518
2017,7,1,1,4,270,4.7,19.9588032
2017,7,1,1,4,279,5.1,22.46213287
2017,7,1,1,4,263,4.6,18.74109186
2017,7,1,1,4,288,4.7,22.47899433
2017,7,1,1,4,195,NA,13.91577251
2017,7,1,1,4,222,3.7,11.8476666
2017,7,1,1,4,250,5.1,18.52233049
2017,7,1,1,4,380,6.7,48.05239977
2017,7,1,1,4,245,4.74,16.89066968
2017,7,1,1,4,230,4.92,15.61665126
2017,7,1,1,4,155,NA,8.49454899
2017,7,1,1,4,225,5,15.26029352
2017,7,1,1,4,95,NA,3.328165426
2017,7,1,1,4,410,7.82,61.70535895
2017,7,1,1,4,220,4.48,13.42988363
2017,7,1,1,4,224,4.21,13.20395328
2017,7,1,1,4,375,7.2,49.40646207
2017,7,1,1,4,275,5.46,23.05518123
2017,7,1,1,4,209,3.92,11.09664172
2017,7,1,1,4,190,NA,13.13900512
2017,7,1,1,4,330,7.04,38.76005943
2017,7,1,1,4,280,5.56,24.13237764
2017,7,1,1,4,319,5.56,30.5015783
2017,7,1,1,4,100,NA,3.642615591
2017,7,1,1,4,222,3.7,11.8476666
2017,7,1,1,4,250,4.6,17.1116718
2017,7,1,1,4,330,5.4,31.84627811
2017,7,1,1,4,375,7.1,48.895941
2017,7,1,1,4,199,NA,14.55877829
2017,7,1,1,4,315,6.6,33.94339936
2017,7,1,1,4,106,NA,4.045360089
2017,7,1,1,4,246,4.7,16.90171972
2017,7,1,1,4,320,6.1,32.81680398
2017,7,1,1,4,230,4.9,15.56435103
2017,7,1,1,4,114,NA,4.627078709
2017,7,1,1,4,130,NA,5.952608353
2017,7,1,1,4,235,4.76,15.76880402
2017,7,1,1,4,158,NA,8.840970641
2017,7,1,1,4,138,NA,6.701084051
2017,7,1,1,4,160,NA,9.077073411
2017,7,1,1,4,271,6.4,25.67012966
2017,7,1,1,4,150,NA,7.937495892
2017,7,1,1,4,200,4,10.4517498
2017,7,1,1,4,195,NA,13.91577251
2017,7,1,1,4,330,7.1,39.03036259
2017,7,1,1,4,250,3,13.08183195
2017,7,1,1,4,129,NA,5.863169083
2017,7,1,1,4,280,5.2,22.93306219
2017,7,1,1,4,250,4.3,16.30068534
2017,7,1,1,4,395,2.2,31.60136879
2017,7,1,1,4,125,NA,5.51437059
2017,7,1,1,4,132,NA,6.134206355
2017,7,1,1,4,395,6.3,49.60404712
2017,7,1,1,4,290,6.2,27.98234259
2017,7,1,1,4,295,5.1,24.8573786
2017,7,1,1,4,270,5.5,22.46051222
2017,7,1,1,4,144,NA,7.301852578
2017,7,1,1,4,285,7.3,31.38789939
2017,7,1,1,4,272,6.3,25.47086793
2017,7,1,1,4,242,6.1,20.48081993
2017,7,1,1,4,254,3.3,14.21640593
2017,7,1,1,4,190,NA,13.13900512
2017,7,1,1,4,190,NA,13.13900512
2017,7,1,1,4,256,5.9,21.76651897
2017,7,1,1,4,280,5.7,24.60983976
2017,7,1,1,4,212,3.4,10.29622937
2017,7,1,1,4,263,4.8,19.32597539
2017,7,1,1,4,88,NA,2.919119992
2017,7,1,1,4,120,NA,5.098187639
2017,7,1,1,4,225,1.9,8.56524416
2017,7,1,1,4,190,NA,13.13900512
2017,7,1,1,4,192,NA,13.44614532
2017,7,1,1,4,196,NA,14.07471097
2017,7,1,1,4,80,NA,2.494367069
2017,7,1,1,4,110,NA,4.329708501
2017,7,1,1,4,330,6.8,37.69132651
2017,7,1,1,4,295,6.1,28.43854787
2017,7,1,1,4,300,4.5,23.60663229
2017,7,1,1,4,172,NA,10.58246241
2017,7,1,1,4,405,7.4,57.97760668
2017,7,1,1,4,295,6.9,31.5392578
2017,7,1,1,4,85,NA,2.754610583
2017,7,1,1,4,70,NA,2.024100765
2017,7,1,1,4,209,4.8,13.06128522
2017,7,1,1,4,203,3,8.777515555
2017,7,1,1,4,155,NA,8.49454899
2017,7,1,1,4,190,NA,13.13900512
2017,7,1,1,4,140,NA,6.897525988
2017,7,1,1,4,175,NA,10.98316879
2017,7,1,1,4,205,4.3,11.53923198
2017,7,1,1,4,300,6.5,30.82900542
2017,7,1,1,4,242,5,17.2440459
2017,7,1,1,4,115,NA,4.703490082
2017,7,1,1,4,280,6.2,26.36642081
2017,7,1,1,4,325,6.9,37.14061275
2017,7,1,1,4,90,NA,3.032353562
2017,8,0,0,1,241,6.4,21.29166984
2017,8,0,0,1,147,NA,7.61525339
2017,8,0,0,1,145,NA,7.405344698
2017,8,0,0,1,102,NA,3.773741931
2017,8,0,0,1,98,NA,3.514562486
2017,8,0,0,1,174,NA,10.84849611
2017,8,0,0,1,206,6.6,17.41446401
2017,8,0,0,1,208,6.1,16.25288895
2017,8,0,0,1,111,NA,4.402818871
2017,8,0,0,1,149,NA,7.829091722
2017,8,0,0,1,152,NA,8.157297016
2017,8,0,0,1,202,5.7,14.53343633
2017,8,0,0,1,122,NA,5.262050685
2017,8,0,0,1,119,NA,5.017547518
2017,8,0,0,1,137,NA,6.604277478
2017,9,1,1,4,150,NA,7.937495892
2017,9,1,1,4,119,NA,5.017547518
2017,9,1,1,4,103,NA,3.840468953
2017,9,1,1,4,84,NA,2.701180145
2017,9,1,1,4,83,NA,2.648445129
2017,9,1,1,4,154,NA,8.381118886
2017,9,1,1,4,108,NA,4.185924792
2017,9,1,1,4,138,NA,6.701084051
2017,9,1,1,4,114,NA,4.627078709
2017,9,1,1,4,221,6,17.50713536
2017,9,1,1,4,103,NA,3.840468953
2017,9,1,1,4,304,7.5,35.69073861
2017,9,1,1,4,283,6.5,27.94838386
2017,9,1,1,4,206,6.1,16.02417178
2017,9,1,1,4,123,NA,5.34528272
2017,9,1,1,4,82,NA,2.596400982
2017,9,1,1,4,202,5.4,13.78474591
2017,9,1,1,4,120,NA,5.098187639
2017,9,1,1,4,163,NA,9.439051176
2017,9,1,1,4,84,NA,2.701180145
2017,9,1,1,4,69,NA,1.980623364
2017,9,1,1,4,153,NA,8.26870308
2017,9,1,1,4,172,NA,10.58246241
2017,9,1,1,4,123,NA,5.34528272
2017,9,1,1,4,264,6.2,23.91237246
2017,9,1,1,4,153,NA,8.26870308
2017,9,1,1,4,238,6.5,21.20120148
2017,9,1,1,4,172,NA,10.58246241
2017,9,1,1,4,195,NA,13.91577251
2017,9,1,1,4,264,7.1,27.10756588
2017,9,1,1,4,132,NA,6.134206355
2017,9,1,1,4,156,NA,8.608997947
2017,9,1,1,4,184,NA,12.24571772
2017,9,1,1,4,187,NA,12.68712061
2017,9,1,1,4,148,NA,7.721679073
2017,9,1,1,4,158,NA,8.840970641
2017,9,1,1,4,150,NA,7.937495892
2017,9,1,1,4,109,NA,4.257411993
2017,9,1,1,4,121,NA,5.179687177
2017,9,1,1,4,205,5.3,13.8521986
2017,9,1,1,4,236,5.9,19.08457624
2017,9,1,1,4,178,NA,11.3938648
2017,9,1,1,4,227,5.8,17.66700827
2017,9,1,1,4,261,5.9,22.47413016
2017,9,1,1,4,207,4.9,13.09463229
2017,9,1,1,4,223,5,15.03744482
2017,9,1,1,4,265,6.8,26.16864688
2017,9,1,1,4,107,NA,4.115242342
2017,9,1,1,4,113,NA,4.55149942
2017,9,1,1,4,192,NA,13.44614532
2017,9,1,1,4,135,NA,6.413470346
2017,9,1,1,4,161,NA,9.196684962
2017,9,1,1,4,186,NA,12.53882777
2017,9,1,1,4,183,NA,12.10089141
2017,9,1,1,4,171,NA,10.45109228
2017,9,1,1,4,201,5,12.7276421
2017,9,1,1,4,95,NA,3.328165426
2017,9,1,1,4,263,6.9,26.21788127
2017,9,1,1,4,205,5.7,14.85765387
2017,9,1,1,4,267,7.6,29.49839932
2017,9,1,1,4,264,6.9,26.3743529
2017,9,1,1,4,274,6.6,26.86243756
2017,9,1,1,4,212,5.1,14.09632303
2017,9,1,1,4,264,5.9,22.90596917
2017,9,1,1,4,317,7.6,38.6702603
2017,9,1,1,4,325,6.6,35.84107131
2017,9,1,1,4,122,NA,5.262050685
2017,9,1,1,4,110,NA,4.329708501
2017,9,1,1,4,287,6.3,27.86034512
2017,9,1,1,4,202,5.3,13.54101973
2017,9,1,1,4,113,NA,4.55149942
2017,9,1,1,4,112,NA,4.476747659
2017,9,1,1,4,88,NA,2.919119992
2017,9,1,1,4,97,NA,3.451677008
2017,9,1,1,4,126,NA,5.600235536
2017,9,1,1,4,172,NA,10.58246241
2017,9,1,1,4,213,6.2,17.11391386
2017,9,1,1,4,268,6.4,25.20753085
2017,9,1,1,4,131,NA,6.042952592
2017,9,1,1,4,174,NA,10.84849611
2017,9,1,1,4,109,NA,4.257411993
2017,9,1,1,4,279,4.4,20.27476421
2017,9,1,1,4,226,5.4,16.43497898
2017,9,1,1,4,93,NA,3.207635971
2017,9,1,1,4,271,7.4,29.38789011
2017,9,1,1,4,273,6.9,27.81070498
2017,9,1,1,4,212,5,13.85046003
2017,9,1,1,4,151,NA,8.046896138
2017,9,1,1,4,249,5.5,19.57359163
2017,9,1,1,4,283,7,29.85476973
2017,9,1,1,4,152,NA,8.157297016
2017,9,1,1,4,179,NA,11.53300465
2017,9,1,1,4,242,6.2,20.79367624
2017,9,1,1,4,249,6.2,21.75457245
2017,9,1,1,4,238,5.8,19.04341153
2017,9,1,1,4,322,7.6,39.68001157
2017,9,1,1,4,142,NA,7.097770017
2017,9,1,1,4,119,NA,5.017547518
2017,9,1,1,4,93,NA,3.207635971
2017,9,1,1,4,104,NA,3.90797795
2017,9,1,1,4,193,NA,13.60149424
2017,9,1,1,4,172,NA,10.58246241
2017,9,1,1,4,222,6.2,18.20502546
2017,9,1,1,4,287,6.6,28.98872999
2017,9,1,1,4,229,6,18.49239027
2017,9,1,1,4,65,NA,1.812939137
2017,9,1,1,4,175,NA,10.98316879
2017,9,1,1,4,163,NA,9.439051176
2017,9,1,1,4,254,6.6,23.79841601
2017,9,1,1,4,271,6.2,24.96636853
2017,9,1,1,4,177,NA,11.25584858
2017,9,1,1,4,253,5.9,21.3491679
2017,9,1,1,4,104,NA,3.90797795
2017,9,1,1,4,112,NA,4.476747659
2017,9,1,1,4,193,NA,13.60149424
2017,9,1,1,4,194,NA,13.75803512
2017,9,1,1,4,268,5.6,22.49841174
2017,9,1,1,4,288,6.5,28.77611719
2017,9,1,1,4,251,6.1,21.71109944
2017,9,1,1,4,310,7.5,36.84343696
2017,9,1,1,4,297,6.5,30.30692566
2017,9,1,1,4,190,NA,13.13900512
2017,9,1,1,4,258,6.9,25.44479994
2017,9,1,1,4,272,6.6,26.54484603
2017,9,1,1,4,223,5.4,16.08659407
2017,9,1,1,4,243,5.6,19.09210607
2017,9,1,1,4,264,6.5,24.9478307
2017,9,1,1,4,176,NA,11.11895143
2017,9,1,1,4,129,NA,5.863169083
2017,9,1,1,4,179,NA,11.53300465
2017,9,1,1,4,142,NA,7.097770017
2017,9,1,1,4,104,NA,3.90797795
2017,9,1,1,4,259,5.9,22.18927405
2017,9,1,1,4,192,NA,13.44614532
2017,9,1,1,4,197,NA,14.23485505
2017,9,1,1,4,295,7.4,33.58721766
2017,9,1,1,4,143,NA,7.199329203
2017,9,1,1,4,185,NA,12.39169499
2017,9,1,1,4,156,NA,8.608997947
2017,9,1,1,4,79,NA,2.444368194
2017,9,1,1,4,251,7.2,25.4462579
2017,9,1,1,4,296,7.5,34.19155775
2017,9,1,1,4,163,NA,9.439051176
2017,9,1,1,4,242,5.1,17.52308759
2017,9,1,1,4,236,5.6,18.20416457
2017,9,1,1,4,234,5.9,18.82919522
2017,9,1,1,4,239,5.5,18.2905114
2017,9,1,1,4,259,6.9,25.5981834
2017,9,1,1,4,105,NA,3.976273476
2017,9,1,1,4,249,5.4,19.27446479
2017,9,1,1,4,283,5.6,24.72464179
2017,9,1,1,4,297,7.1,32.70767085
2017,9,1,1,4,239,4.9,16.60948265
2017,9,1,1,4,261,6.5,24.49464961
2017,9,1,1,4,208,4.5,12.26969389
2017,9,1,1,4,156,NA,8.608997947
2017,9,1,1,4,104,NA,3.90797795
2017,9,1,1,4,168,NA,10.0635141
2017,9,1,1,4,143,NA,7.199329203
2017,9,1,1,4,194,NA,13.75803512
2017,9,1,1,4,253,6.9,24.68706709
2017,9,1,1,4,243,6.6,22.21713571
2017,9,1,1,4,212,5.9,16.16877802
2017,9,1,1,4,216,6.2,17.47262846
2017,9,1,1,4,293,7.3,32.80890963
2017,9,1,1,4,253,6,21.66851079
2017,9,1,1,4,251,5.9,21.07391892
2017,9,1,1,4,112,NA,4.476747659
2017,9,1,1,4,142,NA,7.097770017
2017,9,1,1,4,209,4.9,13.298193
2017,9,1,1,4,131,NA,6.042952592
2017,9,1,1,4,173,NA,10.71492884
2017,9,1,1,4,228,6,18.36726234
2017,9,1,1,4,64,NA,1.772551648
2017,9,1,1,4,169,NA,10.19162268
2017,9,1,1,4,121,NA,5.179687177
2017,9,1,1,4,111,NA,4.402818871
2017,9,1,1,4,104,NA,3.90797795
2017,9,1,1,4,183,NA,12.10089141
2017,9,1,1,4,134,NA,6.319460677
2017,9,1,1,4,264,7.2,27.47921394
2017,9,1,1,4,304,7.8,37.00525883
2017,9,1,1,4,168,NA,10.0635141
2017,9,1,1,4,180,NA,11.67327268
2017,9,1,1,4,265,NA,28.2024015
2017,9,1,1,4,152,NA,8.157297016
2017,9,1,1,4,93,NA,3.207635971
2017,9,1,1,4,124,NA,5.429387836
2017,10,1,0,3,71,NA,2.068209814
2017,10,1,0,3,102,NA,3.773741931
2017,10,1,0,3,92,NA,3.148478154
2017,10,1,0,3,118,NA,4.937762257
2017,10,1,0,3,90,NA,3.032353562
2017,10,1,0,3,94,NA,3.26753021
2017,10,1,0,3,125,NA,5.51437059
2017,10,1,0,3,167,NA,9.936483593
2017,10,1,0,3,93,NA,3.207635971
2017,10,1,0,3,95,NA,3.328165426
2017,10,1,0,3,62,NA,1.693585064
2017,10,1,0,3,111,NA,4.402818871
2017,10,1,0,3,78,NA,2.395041964
2017,10,1,0,3,83,NA,2.648445129
2017,10,1,0,3,52,NA,1.333735625
2017,10,1,0,3,92,NA,3.148478154
2017,10,1,0,3,73,NA,2.158341079
2017,10,1,0,3,96,NA,3.389546173
2017,10,1,0,3,172,NA,10.58246241
2017,10,1,0,3,96,NA,3.389546173
2017,10,1,0,3,90,NA,3.032353562
2017,10,1,0,3,133,NA,6.226374199
2017,10,1,0,3,113,NA,4.55149942
2017,10,1,0,3,70,NA,2.024100765
2017,10,1,0,3,123,NA,5.34528272
2017,10,1,0,3,90,NA,3.032353562
2017,10,1,0,3,108,NA,4.185924792
2017,10,1,0,3,113,NA,4.55149942
2017,10,1,0,3,93,NA,3.207635971
2017,10,1,0,3,114,NA,4.627078709
2017,10,1,0,3,74,NA,2.204372406
2017,10,1,0,3,78,NA,2.395041964
2017,10,1,0,3,130,NA,5.952608353
2017,10,1,0,3,89,NA,2.975377677
2017,10,1,0,3,96,NA,3.389546173
2017,10,1,0,3,98,NA,3.514562486
2017,10,1,0,3,123,NA,5.34528272
2017,10,1,0,3,92,NA,3.148478154
2017,10,1,0,3,58,NA,1.54275792
2017,10,1,0,3,48,NA,1.20544121
2017,10,1,0,3,72,NA,2.112955067
2017,10,1,0,3,83,NA,2.648445129
2017,10,1,0,3,147,NA,7.61525339
2017,10,1,0,3,174,NA,10.84849611
2017,10,1,0,3,137,NA,6.604277478
2017,10,1,0,3,140,NA,6.897525988
2017,10,1,0,3,140,NA,6.897525988
2017,10,1,0,3,162,NA,9.317342699
2017,10,1,0,3,141,NA,6.997170463
2017,10,1,0,3,163,NA,9.439051176
2017,10,1,0,3,142,NA,7.097770017
2017,10,1,0,3,100,NA,3.642615591
2017,10,1,0,3,125,NA,5.51437059
2017,10,1,0,3,94,NA,3.26753021
2017,10,1,0,3,92,NA,3.148478154
2017,10,1,0,3,116,NA,4.780738094
2017,10,1,0,3,139,NA,6.798832036
2017,10,1,0,3,85,NA,2.754610583
2017,10,1,0,3,139,NA,6.798832036
2017,10,1,0,3,117,NA,4.858827301
2017,10,1,0,3,82,NA,2.596400982
2017,10,1,0,3,107,NA,4.115242342
2017,10,1,0,3,87,NA,2.863575952
2017,10,1,0,3,122,NA,5.262050685
2017,10,1,0,3,216,5.3,15.03393734
2017,10,1,0,3,157,NA,8.724470312
2017,10,1,0,3,87,NA,2.863575952
2017,10,1,0,3,154,NA,8.381118886
2017,10,1,0,3,132,NA,6.134206355
2017,10,1,0,3,168,NA,10.0635141
2017,10,1,0,3,102,NA,3.773741931
2017,10,1,0,3,185,NA,12.39169499
2017,10,1,0,3,137,NA,6.604277478
2017,10,1,0,3,131,NA,6.042952592
2017,10,1,0,3,93,NA,3.207635971
2017,10,1,0,3,123,NA,5.34528272
2017,10,1,0,3,141,NA,6.997170463
2017,10,1,0,3,113,NA,4.55149942
2017,10,1,0,3,187,NA,12.68712061
2017,10,1,0,3,98,NA,3.514562486
2017,10,1,0,3,100,NA,3.642615591
2017,10,1,0,3,161,NA,9.196684962
2017,10,1,0,3,131,NA,6.042952592
2017,10,1,0,3,172,NA,10.58246241
2017,10,1,0,3,64,NA,1.772551648
2017,10,1,0,3,180,NA,11.67327268
2017,10,1,0,3,163,NA,9.439051176
2017,10,1,0,3,113,NA,4.55149942
2017,10,1,0,3,57,NA,1.506504983
2017,10,1,0,3,92,NA,3.148478154
2017,10,1,0,3,90,NA,3.032353562
2017,10,1,0,3,65,NA,1.812939137
2017,10,1,0,3,175,NA,10.98316879
2017,10,1,0,3,174,NA,10.84849611
2017,10,1,0,3,121,NA,5.179687177
2017,10,1,0,3,59,NA,1.579587841
2017,10,1,0,3,119,NA,5.017547518
2017,10,1,0,3,87,NA,2.863575952
2017,10,1,0,3,205,NA,15.55995671
2017,10,1,0,3,151,NA,8.046896138
2017,10,1,0,3,78,NA,2.395041964
2017,10,1,0,3,77,NA,2.346383826
2017,10,1,0,3,121,NA,5.179687177
2017,10,1,0,3,87,NA,2.863575952
2017,10,1,0,3,88,NA,2.919119992
2017,10,1,0,3,143,NA,7.199329203
2017,10,1,0,3,163,NA,9.439051176
2017,10,1,0,3,119,NA,5.017547518
2017,10,1,0,3,82,NA,2.596400982
2017,10,1,0,3,98,NA,3.514562486
2017,10,1,0,3,118,NA,4.937762257
2017,10,1,0,3,129,NA,5.863169083
2017,11,0,0,1,187,NA,12.68712061
2017,11,0,0,1,179,NA,11.53300465
2017,11,0,0,1,230,3.6,12.40960089
2017,11,0,0,1,145,NA,7.405344698
2017,11,0,0,1,174,NA,10.84849611
2017,11,0,0,1,156,NA,8.608997947
2017,11,0,0,1,240,5.6,18.70810648
2017,11,0,0,1,143,NA,7.199329203
2017,11,0,0,1,165,NA,9.685638572
2017,11,0,0,1,163,NA,9.439051176
2017,11,0,0,1,142,NA,7.097770017
2017,11,0,0,1,190,NA,13.13900512
2017,11,0,0,1,171,NA,10.45109228
2017,11,0,0,1,172,NA,10.58246241
2017,11,0,0,1,110,NA,4.329708501
2017,11,0,0,1,116,NA,4.780738094
2017,11,0,0,1,236,7.6,24.61412242
2017,11,0,0,1,122,NA,5.262050685
2017,11,0,0,1,176,NA,11.11895143
2017,11,0,0,1,194,NA,13.75803512
2017,11,0,0,1,74,NA,2.204372406
2017,11,0,0,1,158,NA,8.840970641
2017,11,0,0,1,80,NA,2.494367069
2017,11,0,0,1,139,NA,6.798832036
2017,11,0,0,1,121,NA,5.179687177
2017,11,0,0,1,140,NA,6.897525988
2017,11,0,0,1,235,5.9,18.95659903
2017,11,0,0,1,103,NA,3.840468953
2017,11,0,0,1,167,NA,9.936483593
2017,11,0,0,1,201,5.3,13.43833865
2017,11,0,0,1,90,NA,3.032353562
2017,11,0,0,1,89,NA,2.975377677
2017,11,0,0,1,158,NA,8.840970641
2017,11,0,0,1,196,NA,14.07471097
2017,11,0,0,1,208,5.9,15.71374491
2017,11,0,0,1,229,5.5,17.06476526
2017,11,0,0,1,242,6.4,21.4289146
2017,11,0,0,1,260,6.8,25.39539019
2017,11,0,0,1,105,NA,3.976273476
2017,11,0,0,1,240,5.5,18.41621777
2017,11,0,0,1,150,NA,7.937495892
2017,11,0,0,1,177,NA,11.25584858
2017,11,0,0,1,198,NA,14.3962093
2017,11,0,0,1,250,6.6,23.21501078
2017,11,0,0,1,197,NA,14.23485505
2017,11,0,0,1,160,NA,9.077073411
2017,11,0,0,1,132,NA,6.134206355
2017,11,0,0,1,113,NA,4.55149942
2017,11,0,0,1,166,NA,9.810526601
2017,11,0,0,1,147,NA,7.61525339
2017,11,0,0,1,223,6,17.75008294
2017,11,0,0,1,86,NA,2.808741
2017,11,0,0,1,115,NA,4.703490082
2017,11,0,0,1,148,NA,7.721679073
2017,11,0,0,1,106,NA,4.045360089
2017,11,0,0,1,227,6.1,18.53517747
2017,11,0,0,1,140,NA,6.897525988
2017,11,0,0,1,165,NA,9.685638572
2017,11,0,0,1,215,4.8,13.67814671
2017,11,0,0,1,109,NA,4.257411993
2017,11,0,0,1,113,NA,4.55149942
2017,11,0,0,1,167,NA,9.936483593
2017,11,0,0,1,188,NA,12.83657809
2017,11,0,0,1,161,NA,9.196684962
2017,11,0,0,1,154,NA,8.381118886
2017,11,0,0,1,150,NA,7.937495892
2017,11,0,0,1,184,NA,12.24571772
2017,11,0,0,1,210,5.4,14.6337674
2017,11,0,0,1,142,NA,7.097770017
2017,11,0,0,1,182,NA,11.95721151
2017,11,0,0,1,198,NA,14.3962093
2017,11,0,0,1,156,NA,8.608997947
2017,11,0,0,1,176,NA,11.11895143
2017,11,0,0,1,84,NA,2.701180145
2017,11,0,0,1,186,NA,12.53882777
2017,11,0,0,1,126,NA,5.600235536
2017,11,0,0,1,132,NA,6.134206355
2017,11,0,0,1,142,NA,7.097770017
2017,11,0,0,1,157,NA,8.724470312
2017,11,0,0,1,173,NA,10.71492884
2017,11,0,0,1,210,5.7,15.40867007
2017,11,0,0,1,211,6.9,18.90700679
2017,11,0,0,1,202,5,12.82711182
2017,11,0,0,1,226,5.5,16.70802564
2017,11,0,0,1,110,NA,4.329708501
2017,11,0,0,1,92,NA,3.148478154
2017,11,0,0,1,180,NA,11.67327268
2017,11,0,0,1,290,7.8,34.35732181
2017,11,0,0,1,170,NA,10.32081389
2017,11,0,0,1,166,NA,9.810526601
2017,11,0,0,1,257,6.8,24.9388307
2017,11,0,0,1,250,6.3,22.2195853
2017,11,0,0,1,137,NA,6.604277478
2017,12,0,1,2,220,5.8,16.82661469
2017,12,0,1,2,213,5.5,15.21955536
2017,12,0,1,2,203,4.4,11.56912051
2017,12,0,1,2,195,NA,13.91577251
2017,12,0,1,2,197,NA,14.23485505
2017,12,0,1,2,260,6.1,22.98968647
2017,12,0,1,2,189,NA,12.98720474
2017,12,0,1,2,140,NA,6.897525988
2017,12,0,1,2,200,4.9,12.39854211
2017,12,0,1,2,206,4.9,12.9936356
2017,12,0,1,2,295,7.3,33.17074019
2017,12,0,1,2,175,NA,10.98316879
2017,12,0,1,2,149,NA,7.829091722
2017,12,0,1,2,120,NA,5.098187639
2017,12,0,1,2,172,NA,10.58246241
2017,12,0,1,2,173,NA,10.71492884
2017,12,0,1,2,249,6.5,22.73680252
2017,12,0,1,2,232,5.4,17.14676626
2017,12,0,1,2,244,3.5,13.61787441
2017,12,0,1,2,140,NA,6.897525988
2017,12,0,1,2,160,NA,9.077073411
2017,12,0,1,2,164,NA,9.561814948
2017,12,0,1,2,197,NA,14.23485505
2017,12,0,1,2,164,NA,9.561814948
2017,12,0,1,2,146,NA,7.509810116
2017,12,0,1,2,111,NA,4.402818871
2017,12,0,1,2,133,NA,6.226374199
2017,12,0,1,2,162,NA,9.317342699
2017,12,0,1,2,210,5.2,14.13187471
2017,12,0,1,2,274,6.5,26.49874687
2017,12,0,1,2,100,NA,3.642615591
2017,12,0,1,2,114,NA,4.627078709
2017,12,0,1,2,231,5.3,16.75108834
2017,12,0,1,2,240,5.1,17.27902234
2017,12,0,1,2,228,5.6,17.22359343
2017,12,0,1,2,168,NA,10.0635141
2017,12,0,1,2,241,4.2,15.00529194
2017,12,0,1,2,136,NA,6.508407761
2017,12,0,1,2,262,4.7,18.90203028
2017,12,0,1,2,193,NA,13.60149424
2017,12,0,1,2,192,NA,13.44614532
2017,12,0,1,2,129,NA,5.863169083
2017,12,0,1,2,168,NA,10.0635141
2017,12,0,1,2,234,5.9,18.82919522
2017,12,0,1,2,250,5.2,18.81345604
2017,12,0,1,2,203,5.8,14.89753147
2017,12,0,1,2,225,5.4,16.31829754
2017,12,0,1,2,132,NA,6.134206355
2017,12,0,1,2,100,NA,3.642615591
2017,12,0,1,2,153,NA,8.26870308
2017,12,0,1,2,195,NA,13.91577251
2017,12,0,1,2,193,NA,13.60149424
2017,12,0,1,2,183,NA,12.10089141
2017,12,0,1,2,157,NA,8.724470312
2017,12,0,1,2,148,NA,7.721679073
2017,12,0,1,2,121,NA,5.179687177
2017,12,0,1,2,146,NA,7.509810116
2017,12,0,1,2,175,NA,10.98316879
2017,12,0,1,2,213,5.8,16.01330369
2017,12,0,1,2,205,5,13.12862779
2017,12,0,1,2,205,5.9,15.37813037
2017,12,0,1,2,173,NA,10.71492884
2017,12,0,1,2,120,NA,5.098187639
2017,12,0,1,2,207,4.9,13.09463229
2017,12,0,1,2,160,NA,9.077073411
2017,12,0,1,2,164,NA,9.561814948
2017,12,0,1,2,226,5,15.37253877
2017,12,0,1,2,228,4.7,14.82602442
2017,12,0,1,2,315,7,35.63304026
2017,12,0,1,2,240,5.6,18.70810648
2017,12,0,1,2,156,NA,8.608997947
2017,12,0,1,2,256,6.1,22.41540213
2017,12,0,1,2,205,5,13.12862779
2017,12,0,1,2,131,NA,6.042952592
2017,12,0,1,2,171,NA,10.45109228
2017,12,0,1,2,293,8,35.78023964
2017,12,0,1,2,100,NA,3.642615591
2017,12,0,1,2,83,NA,2.648445129
2017,12,0,1,2,114,NA,4.627078709
2017,12,0,1,2,196,NA,14.07471097
2017,12,0,1,2,186,NA,12.53882777
2017,12,0,1,2,183,NA,12.10089141
2017,12,0,1,2,208,6.7,17.94402576
2017,12,0,1,2,123,NA,5.34528272
2017,12,0,1,2,186,NA,12.53882777
2017,12,0,1,2,191,NA,13.2919838
2017,12,0,1,2,202,5.5,14.03137924
2017,12,0,1,2,153,NA,8.26870308
2017,12,0,1,2,174,NA,10.84849611
2017,12,0,1,2,120,NA,5.098187639
2017,12,0,1,2,160,NA,9.077073411
2017,12,0,1,2,282,6.6,28.15813484
2017,12,0,1,2,240,4.3,15.14702045
2017,12,0,1,2,245,5.6,19.35100305
2017,12,0,1,2,253,5,18.61509373
2017,12,0,1,2,197,NA,14.23485505
2017,12,0,1,2,162,NA,9.317342699
2017,12,0,1,2,233,4.5,14.8728632
2017,12,0,1,2,252,5.8,20.89622094
2017,12,0,1,2,227,5.6,17.10355716
2017,12,0,1,2,146,NA,7.509810116
2017,12,0,1,2,152,NA,8.157297016
2017,12,0,1,2,267,6.3,24.70584984
2017,12,0,1,2,214,5.4,15.07104786
2017,12,0,1,2,238,6.4,20.88345406
2017,12,0,1,2,198,NA,14.3962093
2017,12,0,1,2,129,NA,5.863169083
2017,12,0,1,2,166,NA,9.810526601
2017,12,0,1,2,160,NA,9.077073411
2017,12,0,1,2,194,NA,13.75803512
2017,12,0,1,2,218,5.1,14.74222915
2017,12,0,1,2,264,6.5,24.9478307
2017,12,0,1,2,214,6.2,17.23293442
2017,12,0,1,2,293,7.7,34.48577227
2017,12,0,1,2,169,NA,10.19162268
2017,12,0,1,2,168,NA,10.0635141
2017,12,0,1,2,267,6.7,26.12041021
2017,12,0,1,2,253,6.5,23.31306913
2017,12,0,1,2,365,7.7,49.61434428
2017,12,0,1,2,290,7.4,32.68139943
2017,12,0,1,2,164,NA,9.561814948
2017,12,0,1,2,206,5.2,13.71182553
2017,12,0,1,2,140,NA,6.897525988
2017,12,0,1,2,154,NA,8.381118886
2017,12,0,1,2,169,NA,10.19162268
2017,12,0,1,2,218,5.7,16.31835568
2017,12,0,1,2,154,NA,8.381118886
2017,12,0,1,2,182,NA,11.95721151
2017,12,0,1,2,161,NA,9.196684962
2017,12,0,1,2,268,7.7,30.05946604
2017,12,0,1,2,182,NA,11.95721151
2017,12,0,1,2,330,9,48.25378011
2017,12,0,1,2,220,5,14.70725623
2017,12,0,1,2,283,7.2,30.64095854
2017,12,0,1,2,213,5.6,15.48115197
2017,12,0,1,2,300,7.7,35.79861729
2017,12,0,1,2,253,7.2,25.75226084
2017,12,0,1,2,213,4.3,12.30673228
2017,12,0,1,2,283,7.7,32.6665495
2017,12,0,1,2,198,NA,14.3962093
2017,12,0,1,2,177,NA,11.25584858
2017,12,0,1,2,146,NA,7.509810116
2017,12,0,1,2,196,NA,14.07471097
2017,12,0,1,2,123,NA,5.34528272
2017,12,0,1,2,298,7.6,34.9895054
2017,12,0,1,2,122,NA,5.262050685
2017,12,0,1,2,294,7,31.76445538
2017,12,0,1,2,274,5.1,21.74648984
2017,12,0,1,2,287,4.7,22.33371303
2017,12,0,1,2,113,NA,4.55149942
2017,12,0,1,2,225,3.9,12.58865235
2017,12,0,1,2,158,NA,8.840970641
2017,12,0,1,2,193,NA,13.60149424
2017,12,0,1,2,177,NA,11.25584858
2017,12,0,1,2,250,6.1,21.57203318
2017,12,0,1,2,300,5.9,28.52672243
2017,12,0,1,2,290,5.9,26.88254616
2017,12,0,1,2,320,7.6,39.27402825
2017,12,0,1,2,301,6.1,29.45138314
2017,12,0,1,2,166,NA,9.810526601
2017,12,0,1,2,221,5.3,15.59259485
2017,12,0,1,2,141,NA,6.997170463
2017,12,0,1,2,211,5.3,14.48878565
2017,12,0,1,2,253,6,21.66851079
2017,12,0,1,2,315,8.5,42.46770683
2017,12,0,1,2,320,9.9,50.73690936
2017,12,0,1,2,193,NA,13.60149424
2017,12,0,1,2,250,5.2,18.81345604
2017,12,0,1,2,169,NA,10.19162268
2017,12,0,1,2,315,6.8,34.78138003
2017,12,0,1,2,314,6.4,32.93547202
2017,12,0,1,2,269,5.5,22.31699625
2017,12,0,1,2,311,7,34.87323062
2017,12,0,1,2,240,5.2,17.55879936
2017,12,0,1,2,104,NA,3.90797795
2017,12,0,1,2,147,NA,7.61525339
2017,12,0,1,2,233,4.7,15.38448301
2017,12,0,1,2,184,NA,12.24571772
2017,12,0,1,2,285,6.6,28.65455965
2017,12,0,1,2,160,NA,9.077073411
2017,12,0,1,2,145,NA,7.405344698
2017,12,0,1,2,246,6,20.70736309
2017,12,0,1,2,220,6.2,17.95866381
2017,12,0,1,2,237,5,16.64376924
2017,12,0,1,2,222,5.8,17.06394421
2017,12,0,1,2,223,5.2,15.55612348
2017,12,0,1,2,224,5.2,15.66948003
2017,12,0,1,2,150,NA,7.937495892
2017,12,0,1,2,175,NA,10.98316879
2017,12,0,1,2,230,6.4,19.82045947
2017,12,0,1,2,202,5.6,14.28093697
2017,12,0,1,2,224,5.8,17.3034949
2017,12,0,1,2,220,5.2,15.21933661
2017,12,0,1,2,245,6.3,21.52146879
2017,12,0,1,2,225,6.4,19.17476453
2017,12,0,1,2,140,NA,6.897525988
2017,12,0,1,2,148,NA,7.721679073
2017,12,0,1,2,129,NA,5.863169083
2017,12,0,1,2,142,NA,7.097770017
2017,12,0,1,2,280,6.5,27.45944689
2017,12,0,1,2,281,4.7,21.47515142
2017,12,0,1,2,260,6.3,23.66078486
2017,12,0,1,2,308,5.1,26.92438854
2018,1,0,0,1,182,NA,11.95721151
2018,1,0,0,1,209,8.4,23.50537048
2018,1,0,0,1,226,5.7,17.26315824
2018,1,0,0,1,153,NA,8.26870308
2018,1,0,0,1,146,NA,7.509810116
2018,1,0,0,1,135,NA,6.413470346
2018,1,0,0,1,179,NA,11.53300465
2018,1,0,0,1,162,NA,9.317342699
2018,1,0,0,1,139,NA,6.798832036
2018,1,0,0,1,208,5.8,15.44870274
2018,1,0,0,1,112,NA,4.476747659
2018,1,0,0,1,241,6.5,21.61291543
2018,1,0,0,1,150,NA,7.937495892
2018,1,0,0,1,189,NA,12.98720474
2018,1,0,0,1,178,NA,11.3938648
2018,1,0,0,1,238,5.7,18.74766115
2018,1,0,0,1,238,6.1,19.94929185
2018,1,0,0,1,114,NA,4.627078709
2018,1,0,0,1,138,NA,6.701084051
2018,1,0,0,1,127,NA,5.68698723
2018,1,0,0,1,180,NA,11.67327268
2018,1,0,0,1,260,5.8,22.00702135
2018,1,0,0,1,192,NA,13.44614532
2018,1,0,0,1,102,NA,3.773741931
2018,2,1,0,3,305,7.4,35.44875875
2018,2,1,0,3,161,NA,9.196684962
2018,2,1,0,3,217,6.2,17.59330448
2018,2,1,0,3,128,NA,5.774630228
2018,2,1,0,3,161,NA,9.196684962
2018,2,1,0,3,136,NA,6.508407761
2018,2,1,0,3,186,NA,12.53882777
2018,2,1,0,3,152,NA,8.157297016
2018,2,1,0,3,121,NA,5.179687177
2018,2,1,0,3,140,NA,6.897525988
2018,2,1,0,3,284,7.2,30.81376624
2018,2,1,0,3,113,NA,4.55149942
2018,2,1,0,3,270,6,24.12554323
2018,2,1,0,3,253,7,25.03880129
2018,2,1,0,3,151,NA,8.046896138
2018,2,1,0,3,223,5.8,17.18344126
2018,2,1,0,3,139,NA,6.798832036
2018,2,1,0,3,226,6.4,19.30276426
2018,2,1,0,3,210,5.3,14.38136146
2018,2,1,0,3,249,5.7,20.18109787
2018,2,1,0,3,184,NA,12.24571772
2018,2,1,0,3,155,NA,8.49454899
2018,2,1,0,3,177,NA,11.25584858
2018,2,1,0,3,260,5.3,20.43217053
2018,2,1,0,3,147,NA,7.61525339
2018,2,1,0,3,291,6.1,27.77639211
2018,2,1,0,3,151,NA,8.046896138
2018,2,1,0,3,228,6,18.36726234
2018,2,1,0,3,127,NA,5.68698723
2018,2,1,0,3,104,NA,3.90797795
2018,2,1,0,3,303,6.9,32.9735448
2018,2,1,0,3,191,NA,13.2919838
2018,2,1,0,3,204,5,13.02760333
2018,2,1,0,3,240,5.2,17.55879936
2018,2,1,0,3,214,5.6,15.59348081
2018,2,1,0,3,166,NA,9.810526601
2018,2,1,0,3,112,NA,4.476747659
2018,2,1,0,3,168,NA,10.0635141
2018,2,1,0,3,134,NA,6.319460677
2018,2,1,0,3,142,NA,7.097770017
2018,2,1,0,3,148,NA,7.721679073
2018,2,1,0,3,76,NA,2.298389224
2018,2,1,0,3,94,NA,3.26753021
2018,2,1,0,3,232,5.2,16.5962206
2018,2,1,0,3,193,NA,13.60149424
2018,2,1,0,3,171,NA,10.45109228
2018,2,1,0,3,184,NA,12.24571772
2018,2,1,0,3,104,NA,3.90797795
2018,2,1,0,3,117,NA,4.858827301
2018,2,1,0,3,138,NA,6.701084051
2018,2,1,0,3,155,NA,8.49454899
2018,2,1,0,3,255,6.5,23.6048183
2018,2,1,0,3,244,5.7,19.5208051
2018,2,1,0,3,202,5,12.82711182
2018,2,1,0,3,164,NA,9.561814948
2018,2,1,0,3,260,6.5,24.34481794
2018,2,1,0,3,255,6.3,22.93263796
2018,2,1,0,3,166,NA,9.810526601
2018,2,1,0,3,78,NA,2.395041964
2018,2,1,0,3,141,NA,6.997170463
2018,2,1,0,3,69,NA,1.980623364
2018,2,1,0,3,81,NA,2.545043147
2018,2,1,0,3,275,6.6,27.02217888
2018,2,1,0,3,270,5.7,23.11700746
2018,2,1,0,3,162,NA,9.317342699
2018,2,1,0,3,282,6.6,28.15813484
2018,2,1,0,3,109,NA,4.257411993
2018,2,1,0,3,155,NA,8.49454899
2018,2,1,0,3,277,7.3,30.00852412
2018,2,1,0,3,229,5.2,16.24452962
2018,2,1,0,3,251,6.8,24.0421936
2018,2,1,0,3,142,NA,7.097770017
2018,2,1,0,3,235,6.9,22.08393571
2018,2,1,0,3,175,NA,10.98316879
2018,3,0,1,2,150,NA,7.937495892
2018,3,0,1,2,281,6.2,26.52513723
2018,3,0,1,2,255,5,18.87193088
2018,3,0,1,2,99,NA,3.578207161
2018,3,0,1,2,215,5.1,14.41686468
2018,3,0,1,2,270,5.4,22.13697777
2018,3,0,1,2,296,5.7,27.12979306
2018,3,0,1,2,278,4.9,21.67987129
2018,3,0,1,2,263,5.4,21.15338142
2018,3,0,1,2,280,4.8,21.64785191
2018,3,0,1,2,267,5.5,22.03180098
2018,3,0,1,2,235,5.3,17.23009348
2018,3,0,1,2,255,4.8,18.29333831
2018,3,0,1,2,191,NA,13.2919838
2018,3,0,1,2,176,NA,11.11895143
2018,3,0,1,2,291,5.7,26.32468215
2018,3,0,1,2,266,4.8,19.723012
2018,3,0,1,2,310,6.8,33.84577429
2018,3,0,1,2,310,6.2,31.40958746
2018,3,0,1,2,270,5.8,23.44999853
2018,3,0,1,2,252,5.6,20.27555961
2018,3,0,1,2,186,NA,12.53882777
2018,3,0,1,2,305,4.6,24.70599253
2018,3,0,1,2,189,NA,12.98720474
2018,3,0,1,2,224,6,17.87239506
2018,3,0,1,2,264,5.7,22.25097109
2018,3,0,1,2,331,6.7,37.45019452
2018,3,0,1,2,251,5.6,20.14171565
2018,3,0,1,2,126,NA,5.600235536
2018,3,0,1,2,303,5.7,28.28428554
2018,3,0,1,2,236,5.7,18.4945578
2018,3,0,1,2,305,6.3,30.91943309
2018,3,0,1,2,315,6.5,33.52950424
2018,3,0,1,2,280,5.6,24.26815933
2018,3,0,1,2,229,4.6,14.68375804
2018,3,0,1,2,206,4.7,12.52905208
2018,3,0,1,2,285,7.1,30.58996994
2018,3,0,1,2,196,NA,14.07471097
2018,3,0,1,2,266,5.9,23.19691342
2018,3,0,1,2,116,NA,4.780738094
2018,3,0,1,2,225,4.6,14.24903802
2018,3,0,1,2,199,NA,14.55877829
2018,3,0,1,2,360,7.3,46.42841493
2018,3,0,1,2,370,6.8,46.23467247
2018,3,0,1,2,305,5.6,28.2482728
2018,3,0,1,2,303,6.5,31.35704672
2018,3,0,1,2,238,5.1,17.03723393
2018,3,0,1,2,310,6.4,32.20818937
2018,3,0,1,2,290,6.4,28.73195718
2018,3,0,1,2,372,7.9,52.34488202
2018,3,0,1,2,288,5.6,25.49810478
2018,3,0,1,2,266,5.3,21.2555419
2018,3,0,1,2,305,6.7,32.51881602
2018,3,0,1,2,310,6.1,31.01528521
2018,3,0,1,2,262,6.3,23.95630542
2018,3,0,1,2,241,5.1,17.40076969
2018,3,0,1,2,248,6,20.97901351
2018,3,0,1,2,325,6.2,34.1559995
2018,3,0,1,2,285,6.6,28.65455965
2018,3,0,1,2,325,6.7,36.2708256
2018,3,0,1,2,265,6,23.38458183
2018,3,0,1,2,295,6.6,30.3513914
2018,3,0,1,2,335,6.3,36.50180055
2018,3,0,1,2,174,NA,10.84849611
2018,3,0,1,2,264,6.5,24.9478307
2018,3,0,1,2,245,5,17.6110471
2018,3,0,1,2,295,5.7,26.96747603
2018,3,0,1,2,187,NA,12.68712061
2018,3,0,1,2,206,6.1,16.02417178
2018,3,0,1,2,159,NA,8.958503489
2018,3,0,1,2,235,6.2,19.86150007
2018,3,0,1,2,310,5.4,28.34717324
2018,3,0,1,2,286,6.7,29.20289163
2018,3,0,1,2,330,7.7,41.80283037
2018,3,0,1,2,217,4.9,14.1335311
2018,3,0,1,2,327,7.5,40.24362505
2018,3,0,1,2,246,6,20.70736309
2018,3,0,1,2,360,7.2,45.93354186
2018,3,0,1,2,228,5.3,16.39771978
2018,3,0,1,2,247,4.7,17.02239392
2018,3,0,1,2,172,6.1,12.45749643
2018,3,0,1,2,370,9,57.9210937
2018,3,0,1,2,194,NA,13.75803512
2018,3,0,1,2,223,5.8,17.18344126
2018,3,0,1,2,248,5,17.98321891
2018,3,0,1,2,263,5,19.92290299
2018,3,0,1,2,382,7.1,50.56585713
2018,3,0,1,2,268,6.1,24.16751476
2018,3,0,1,2,298,7.3,33.71845884
2018,3,0,1,2,183,NA,12.10089141
2018,3,0,1,2,233,5.7,18.11919016
2018,3,0,1,2,345,7.3,43.10308184
2018,3,0,1,2,243,5.7,19.39049917
2018,3,0,1,2,380,8.1,55.41519747
2018,3,0,1,2,282,5.4,23.89325256
2018,3,0,1,2,315,7.2,36.49849079
2018,3,0,1,2,278,5.2,22.64135446
2018,3,0,1,2,283,5.7,25.06990046
2018,3,0,1,2,273,5.3,22.24375021
2018,3,0,1,2,265,5.7,22.39378178
2018,3,0,1,2,285,8.2,35.15051674
2018,3,0,1,2,365,7.8,50.13345914
2018,3,0,1,2,112,NA,4.476747659
2018,3,0,1,2,140,NA,6.897525988
2018,3,0,1,2,183,NA,12.10089141
2018,3,0,1,2,192,NA,13.44614532
2018,3,0,1,2,250,6.9,24.23973063
2018,3,0,1,2,263,7.1,26.94868255
2018,3,0,1,2,273,5.8,23.89487148
2018,3,0,1,2,315,7,35.63304026
2018,3,0,1,2,192,NA,13.44614532
2018,3,0,1,2,332,7.2,39.89356243
2018,3,0,1,2,337,6.7,38.65485557
2018,3,0,1,2,302,6.4,30.78590202
2018,3,0,1,2,310,6.1,31.01528521
2018,3,0,1,2,310,6.4,32.20818937
2018,3,0,1,2,107,NA,4.115242342
2018,3,0,1,2,340,7.8,44.4312485
2018,3,0,1,2,263,5.2,20.53199742
2018,3,0,1,2,181,NA,11.81467345
2018,3,0,1,2,187,NA,12.68712061
2018,3,0,1,2,269,6.3,25.00999139
2018,3,0,1,2,325,7.1,38.02419513
2018,3,0,1,2,254,6.6,23.79841601
2018,3,0,1,2,162,NA,9.317342699
2018,3,0,1,2,231,5.1,16.20875065
2018,3,0,1,2,242,5.3,18.09016944
2018,3,0,1,2,255,5.6,20.68064648
2018,3,0,1,2,155,NA,8.49454899
2018,3,0,1,2,178,4.7,9.9658969
2018,3,0,1,2,200,4.2,10.86532343
2018,3,0,1,2,139,4.7,7.015586818
2018,3,0,1,2,216,5.3,15.03393734
2018,3,0,1,2,219,5.6,16.16328183
2018,3,0,1,2,163,NA,9.439051176
2018,3,0,1,2,229,6,18.49239027
2018,3,0,1,2,218,4.8,13.99373022
2018,3,0,1,2,166,NA,9.810526601
2018,3,0,1,2,143,NA,7.199329203
2018,3,0,1,2,219,6.1,17.54982563
2018,3,0,1,2,202,5.3,13.54101973
2018,3,0,1,2,274,6.9,27.97344527
2018,3,0,1,2,232,5.9,18.57610269
2018,3,0,1,2,207,5.1,13.5727065
2018,3,0,1,2,315,7.1,36.06403482
2018,3,0,1,2,318,6.5,34.08786091
2018,3,0,1,2,152,NA,8.157297016
2018,3,0,1,2,240,5.3,17.84158025
2018,3,0,1,2,245,5.8,19.95548285
2018,4,1,1,4,94,NA,3.26753021
2018,4,1,1,4,84,NA,2.701180145
2018,4,1,1,4,67,NA,1.895545286
2018,4,1,1,4,310,6,30.62429677
2018,4,1,1,4,161,NA,9.196684962
2018,4,1,1,4,182,NA,11.95721151
2018,4,1,1,4,350,6.6,40.89179181
2018,4,1,1,4,115,NA,4.703490082
2018,4,1,1,4,141,NA,6.997170463
2018,4,1,1,4,191,NA,13.2919838
2018,4,1,1,4,178,NA,11.3938648
2018,4,1,1,4,290,5.8,26.52245593
2018,4,1,1,4,169,NA,10.19162268
2018,4,1,1,4,270,4.2,18.49374649
2018,4,1,1,4,235,5.1,16.67879707
2018,4,1,1,4,233,5.2,16.7145691
2018,4,1,1,4,275,3.2,16.3771899
2018,4,1,1,4,140,NA,6.897525988
2018,4,1,1,4,143,NA,7.199329203
2018,4,1,1,4,266,5.4,21.57127485
2018,4,1,1,4,142,NA,7.097770017
2018,4,1,1,4,92,NA,3.148478154
2018,4,1,1,4,150,NA,7.937495892
2018,4,1,1,4,139,NA,6.798832036
2018,4,1,1,4,140,NA,6.897525988
2018,4,1,1,4,173,NA,10.71492884
2018,4,1,1,4,104,NA,3.90797795
2018,4,1,1,4,107,NA,4.115242342
2018,4,1,1,4,231,5.5,17.30539066
2018,4,1,1,4,174,NA,10.84849611
2018,4,1,1,4,166,NA,9.810526601
2018,4,1,1,4,215,4.3,12.50378273
2018,4,1,1,4,262,6.6,24.99438595
2018,4,1,1,4,164,NA,9.561814948
2018,4,1,1,4,174,NA,10.84849611
2018,4,1,1,4,297,6.7,31.09363784
2018,4,1,1,4,234,8.8,28.7765461
2018,4,1,1,4,99,NA,3.578207161
2018,4,1,1,4,245,5.7,19.65169351
2018,4,1,1,4,109,NA,4.257411993
2018,4,1,1,4,149,NA,7.829091722
2018,4,1,1,4,239,5.6,18.58126031
2018,4,1,1,4,200,3.7,9.851277714
2018,4,1,1,4,302,7.7,36.17974156
2018,4,1,1,4,202,5.7,14.53343633
2018,4,1,1,4,264,6.1,23.57369679
2018,4,1,1,4,261,6.7,25.19412774
2018,4,1,1,4,246,6,20.70736309
2018,4,1,1,4,327,7.6,40.70718924
2018,4,1,1,4,300,6.4,30.436996
2018,4,1,1,4,292,6.3,28.6888388
2018,4,1,1,4,174,NA,10.84849611
2018,4,1,1,4,362,7.2,46.38687776
2018,4,1,1,4,256,5.2,19.59419101
2018,4,1,1,4,217,5.2,14.88744607
2018,4,1,1,4,123,NA,5.34528272
2018,4,1,1,4,325,7.2,38.47119345
2018,4,1,1,4,285,6,26.44200228
2018,4,1,1,4,286,6.2,27.32827978
2018,4,1,1,4,291,4.3,21.64303259
2018,4,1,1,4,294,6.4,29.40611474
2018,4,1,1,4,320,7.6,39.27402825
2018,4,1,1,4,293,5.7,26.64478684
2018,4,1,1,4,312,7.5,37.23311376
2018,4,1,1,4,193,NA,13.60149424
2018,4,1,1,4,130,NA,5.952608353
2018,4,1,1,4,247,6.1,21.15839995
2018,4,1,1,4,246,5.5,19.18256951
2018,4,1,1,4,183,NA,12.10089141
2018,4,1,1,4,167,NA,9.936483593
2018,4,1,1,4,159,NA,8.958503489
2018,4,1,1,4,275,6,24.88199363
2018,4,1,1,4,315,6.9,35.20549328
2018,4,1,1,4,227,7.1,21.63368739
2018,4,1,1,4,137,NA,6.604277478
2018,4,1,1,4,237,5.6,18.32929066
2018,4,1,1,4,133,NA,6.226374199
2018,4,1,1,4,241,5.6,18.83552863
2018,4,1,1,4,92,NA,3.148478154
2018,4,1,1,4,292,6.9,31.01231565
2018,4,1,1,4,260,5.4,20.74092028
2018,4,1,1,4,311,6.6,33.20349495
2018,4,1,1,4,292,6.4,29.06773301
2018,4,1,1,4,199,NA,14.55877829
2018,4,1,1,4,286,6,26.60149532
2018,4,1,1,4,325,7,37.58067276
2018,4,1,1,4,157,NA,8.724470312
2018,4,1,1,4,109,NA,4.257411993
2018,4,1,1,4,315,6.7,34.36068667
2018,4,1,1,4,221,4.9,14.56400798
2018,4,1,1,4,252,4.5,17.0804474
2018,4,1,1,4,172,NA,10.58246241
2018,4,1,1,4,321,7.5,39.02068033
2018,4,1,1,4,284,6.5,28.11264334
2018,4,1,1,4,254,5.6,20.54502372
2018,4,1,1,4,179,NA,11.53300465
2018,4,1,1,4,181,NA,11.81467345
2018,4,1,1,4,264,6.5,24.9478307
2018,4,1,1,4,308,6.9,33.89168777
2018,4,1,1,4,237,5.9,19.21312815
2018,4,1,1,4,286,6.6,28.82132194
2018,4,1,1,4,242,6.2,20.79367624
2018,4,1,1,4,310,7,34.68498105
2018,4,1,1,4,297,7.2,33.11972296
2018,4,1,1,4,302,6.7,31.97938142
2018,4,1,1,4,184,NA,12.24571772
2018,4,1,1,4,162,NA,9.317342699
2018,4,1,1,4,201,6.1,15.46178841
2018,4,1,1,4,191,NA,13.2919838
2018,4,1,1,4,139,NA,6.798832036
2018,4,1,1,4,281,7.6,31.90098141
2018,4,1,1,4,212,5.3,14.59674346
2018,4,1,1,4,231,5.6,17.58706936
2018,4,1,1,4,263,8,30.40557445
2018,4,1,1,4,317,7.6,38.6702603
2018,5,1,0,3,216,4.6,13.30246967
2018,5,1,0,3,144,NA,7.301852578
2018,5,1,0,3,253,4.8,18.04105849
2018,5,1,0,3,320,6,32.41348837
2018,5,1,0,3,230,4.6,14.79380231
2018,5,1,0,3,99,NA,3.578207161
2018,5,1,0,3,315,6.1,31.90756887
2018,5,1,0,3,285,5.8,25.73062457
2018,5,1,0,3,173,NA,10.71492884
2018,5,1,0,3,308,6.1,30.66308242
2018,5,1,0,3,180,NA,11.67327268
2018,5,1,0,3,270,5.2,21.49925954
2018,5,1,0,3,187,NA,12.68712061
2018,5,1,0,3,222,4.1,12.74489077
2018,5,1,0,3,197,NA,14.23485505
2018,5,1,0,3,293,5.4,25.58263326
2018,5,1,0,3,137,NA,6.604277478
2018,5,1,0,3,234,5,16.2903795
2018,5,1,0,3,308,4.9,26.21513492
2018,5,1,0,3,287,6.4,28.23315743
2018,5,1,0,3,194,NA,13.75803512
2018,5,1,0,3,235,4.5,15.09571046
2018,5,1,0,3,140,NA,6.897525988
2018,5,1,0,3,215,5,14.16774448
2018,5,1,0,3,290,4.7,22.77144431
2018,5,1,0,3,202,3.6,9.825768973
2018,5,1,0,3,253,4.7,17.7585202
2018,5,1,0,3,188,NA,12.83657809
2018,5,1,0,3,170,NA,10.32081389
2018,5,1,0,3,217,3.8,11.58725794
2018,5,1,0,3,302,6.3,30.39477664
2018,5,1,0,3,185,NA,12.39169499
2018,5,1,0,3,215,4.5,12.96510434
2018,5,1,0,3,112,NA,4.476747659
2018,5,1,0,3,182,NA,11.95721151
2018,5,1,0,3,70,NA,2.024100765
2018,5,1,0,3,137,NA,6.604277478
2018,5,1,0,3,140,NA,6.897525988
2018,5,1,0,3,265,4.9,19.88932076
2018,5,1,0,3,265,6.3,24.40418409
2018,5,1,0,3,335,6.6,37.80818575
2018,5,1,0,3,155,NA,8.49454899
2018,5,1,0,3,185,NA,12.39169499
2018,5,1,0,3,257,4.7,18.26087638
2018,5,1,0,3,247,5.4,19.01549495
2018,5,1,0,3,197,NA,14.23485505
2018,5,1,0,3,199,NA,14.55877829
2018,5,1,0,3,350,7.4,44.67890984
2018,5,1,0,3,153,NA,8.26870308
2018,5,1,0,3,315,5.9,31.11659442
2018,5,1,0,3,280,4.5,20.71611105
2018,5,1,0,3,195,NA,13.91577251
2018,5,1,0,3,240,6.1,20.21389118
2018,5,1,0,3,253,4.6,17.47894728
2018,5,1,0,3,255,4.3,16.89885902
2018,5,1,0,3,312,7.6,37.67778633
2018,5,1,0,3,143,NA,7.199329203
2018,5,1,0,3,270,5.2,21.49925954
2018,5,1,0,3,227,5.4,16.55221529
2018,5,1,0,3,147,NA,7.61525339
2018,5,1,0,3,255,6.1,22.27334116
2018,5,1,0,3,198,NA,14.3962093
2018,5,1,0,3,317,6.4,33.48806092
2018,5,1,0,3,145,NA,7.405344698
2018,5,1,0,3,185,NA,12.39169499
2018,5,1,0,3,308,7.6,36.89614662
2018,5,1,0,3,178,NA,11.3938648
2018,5,1,0,3,180,NA,11.67327268
2018,5,1,0,3,312,5.9,30.58658375
2018,5,1,0,3,173,NA,10.71492884
2018,5,1,0,3,168,NA,10.0635141
2018,5,1,0,3,330,6.7,37.25188388
2018,5,1,0,3,320,6.9,36.16442463
2018,5,1,0,3,243,4.6,16.27478147
2018,5,1,0,3,169,NA,10.19162268
2018,5,1,0,3,162,NA,9.317342699
2018,5,1,0,3,97,NA,3.451677008
2018,5,1,0,3,210,3.5,10.32078144
2018,5,1,0,3,193,NA,13.60149424
2018,5,1,0,3,231,5,15.94202775
2018,5,1,0,3,167,NA,9.936483593
2018,5,1,0,3,231,5.7,17.87178817
2018,5,1,0,3,180,NA,11.67327268
2018,5,1,0,3,132,NA,6.134206355
2018,5,1,0,3,245,4.2,15.45782246
2018,5,1,0,3,103,NA,3.840468953
2018,5,1,0,3,226,5,15.37253877
2018,5,1,0,3,143,NA,7.199329203
2018,5,1,0,3,146,NA,7.509810116
2018,5,1,0,3,293,5,24.2108643
2018,5,1,0,3,197,NA,14.23485505
2018,5,1,0,3,117,NA,4.858827301
2018,5,1,0,3,195,NA,13.91577251
2018,5,1,0,3,275,5.2,22.20844747
2018,5,1,0,3,276,3.4,17.030834
2018,5,1,0,3,265,4.6,19.00059819
2018,5,1,0,3,175,NA,10.98316879
2018,5,1,0,3,198,NA,14.3962093
2018,6,0,1,2,223,3.4,11.29662052
2018,6,0,1,2,212,4.3,12.20898819
2018,6,0,1,2,222,5.1,15.18361284
2018,6,0,1,2,209,5.1,13.78056818
2018,6,0,1,2,244,5.6,19.22126396
2018,6,0,1,2,323,7.9,41.28089092
2018,6,0,1,2,325,8,42.17394194
2018,6,0,1,2,266,3.7,16.61449723
2018,6,0,1,2,140,NA,6.897525988
2018,6,0,1,2,284,6.3,27.37098993
2018,6,0,1,2,340,8.5,47.94264297
2018,6,0,1,2,223,5.1,15.29531844
2018,6,0,1,2,283,4.3,20.52070143
2018,6,0,1,2,209,5.1,13.78056818
2018,6,0,1,2,246,5.4,18.88688447
2018,6,0,1,2,305,6.1,30.1397935
2018,6,0,1,2,272,5.3,22.10074139
2018,6,0,1,2,139,NA,6.798832036
2018,6,0,1,2,333,6.9,38.73879197
2018,6,0,1,2,286,5.4,24.4986803
2018,6,0,1,2,267,5.1,20.77036375
2018,6,0,1,2,268,5.2,21.21986669
2018,6,0,1,2,343,6.1,37.2221401
2018,6,0,1,2,302,6.6,31.5781902
2018,6,0,1,2,184,NA,12.24571772
2018,6,0,1,2,284,6.3,27.37098993
2018,6,0,1,2,213,6.2,17.11391386
2018,6,0,1,2,216,4.6,13.30246967
2018,6,0,1,2,330,8,43.23698732
2018,6,0,1,2,241,5,17.12285494
2018,6,0,1,2,242,5,17.2440459
2018,6,0,1,2,350,7.2,43.71111721
2018,6,0,1,2,289,5.2,24.27677406
2018,6,0,1,2,154,NA,8.381118886
2018,6,0,1,2,229,4.6,14.68375804
2018,6,0,1,2,138,NA,6.701084051
2018,6,0,1,2,220,4.6,13.71781416
2018,6,0,1,2,143,NA,7.199329203
2018,6,0,1,2,281,5.2,23.07985096
2018,6,0,1,2,420,8.3,67.35660205
2018,6,0,1,2,397,7.1,54.27138033
2018,6,0,1,2,385,6.6,48.72907096
2018,6,0,1,2,371,7.3,48.97275765
2018,6,0,1,2,300,5.9,28.52672243
2018,6,0,1,2,298,6.3,29.70451378
2018,6,0,1,2,385,8,56.13189135
2018,6,0,1,2,157,NA,8.724470312
2018,6,0,1,2,115,NA,4.703490082
2018,6,0,1,2,250,7.8,27.49390473
2018,6,0,1,2,301,6.6,31.40094604
2018,6,0,1,2,312,6.2,31.7669395
2018,6,0,1,2,241,5.9,19.73310849
2018,6,0,1,2,220,5.7,16.55123813
2018,6,0,1,2,268,5.7,22.82587754
2018,6,0,1,2,375,7.3,49.9205244
2018,6,0,1,2,254,5.4,19.93215275
2018,6,0,1,2,135,NA,6.413470346
2018,6,0,1,2,289,5.5,25.30546298
2018,6,0,1,2,365,6.8,45.10262772
2018,6,0,1,2,316,6.4,33.30318335
2018,6,0,1,2,94,NA,3.26753021
2018,6,0,1,2,310,5.7,29.47107453
2018,6,0,1,2,210,4.8,13.16277989
2018,6,0,1,2,315,5.4,29.19658361
2018,6,0,1,2,254,4.9,18.45356289
2018,6,0,1,2,369,5.7,40.81884279
2018,6,0,1,2,307,6.2,30.87860006
2018,6,0,1,2,186,NA,12.53882777
2018,6,0,1,2,291,6.8,30.44356325
2018,6,0,1,2,334,6.9,38.94172969
2018,6,0,1,2,224,3.6,11.82185166
2018,6,0,1,2,321,5.7,31.40235245
2018,6,0,1,2,367,7.4,48.54442863
2018,6,0,1,2,340,6,36.19824781
2018,6,0,1,2,308,5.8,29.50735747
2018,6,0,1,2,299,5.3,26.18191893
2018,6,0,1,2,232,5.1,16.32542311
2018,6,0,1,2,126,NA,5.600235536
2018,6,0,1,2,266,4.8,19.723012
2018,6,0,1,2,287,6.7,29.37151952
2018,6,0,1,2,187,NA,12.68712061
2018,6,0,1,2,290,5.8,26.52245593
2018,6,0,1,2,289,5,23.6067073
2018,6,0,1,2,326,7.1,38.22402835
2018,6,0,1,2,330,6.7,37.25188388
2018,6,0,1,2,405,8,61.39046299
2018,6,0,1,2,91,NA,3.090052203
2018,6,0,1,2,262,6.1,23.28047078
2018,6,0,1,2,160,NA,9.077073411
2018,6,0,1,2,211,4,11.45311652
2018,6,0,1,2,334,7.1,39.84795756
2018,6,0,1,2,352,7.2,44.14973389
2018,6,0,1,2,305,5.6,28.2482728
2018,6,0,1,2,340,6.6,38.81817386
2018,6,0,1,2,175,NA,10.98316879
2018,6,0,1,2,91,NA,3.090052203
2018,6,0,1,2,243,4.9,17.08861871
2018,6,0,1,2,390,6.3,48.40859641
2018,6,0,1,2,286,5.9,26.2429859
2018,6,0,1,2,271,5,21.01218711
2018,6,0,1,2,287,7.2,31.33608526
2018,6,0,1,2,270,6.1,24.46812714
2018,6,0,1,2,343,7.5,43.62914837
2018,6,0,1,2,244,5.2,18.05374053
2018,6,0,1,2,322,6.7,35.69054184
2018,6,0,1,2,281,5.4,23.7434704
2018,6,0,1,2,289,5.6,25.65470795
2018,6,0,1,2,124,NA,5.429387836
2018,6,0,1,2,370,7,47.22533495
2018,6,0,1,2,328,5.9,33.48409997
2018,6,0,1,2,372,6.9,47.18887745
2018,6,0,1,2,345,6.9,41.22101093
2018,6,0,1,2,314,6.3,32.52955743
2018,6,0,1,2,400,7.5,57.22551392
2018,6,0,1,2,345,7.2,42.62730607
2018,6,0,1,2,282,5.1,22.89896277
2018,6,0,1,2,325,7.5,39.83317971
2018,6,0,1,2,263,4.9,19.62292601
2018,6,0,1,2,301,6.4,30.61111761
2018,6,0,1,2,410,8,62.75451741
2018,6,0,1,2,106,NA,4.045360089
2018,6,0,1,2,146,NA,7.509810116
2018,6,0,1,2,124,NA,5.429387836
2018,6,0,1,2,234,5.4,17.38851692
2018,6,0,1,2,161,NA,9.196684962
2018,6,0,1,2,258,6.6,24.39151444
2018,6,0,1,2,229,5.2,16.24452962
2018,6,0,1,2,320,6.2,33.22345138
2018,6,0,1,2,312,5.3,28.31431722
2018,6,0,1,2,385,7.5,53.40775167
2018,6,0,1,2,324,5.7,31.94332424
2018,6,0,1,2,351,7.6,45.88492156
2018,6,0,1,2,350,7.3,44.19324739
2018,6,0,1,2,164,NA,9.561814948
2018,6,0,1,2,170,NA,10.32081389
2018,6,0,1,2,195,NA,13.91577251
2018,6,0,1,2,246,5,17.73452807
2018,6,0,1,2,261,4.7,18.77261815
2018,6,0,1,2,300,4.8,24.60901115
2018,6,0,1,2,295,7.2,32.75771988
2018,6,0,1,2,158,NA,8.840970641
2018,6,0,1,2,325,6.3,34.57220279
2018,6,0,1,2,261,5.5,21.19081405
2018,6,0,1,2,330,7,38.58055244
2018,6,0,1,2,204,4.1,11.01838794
2018,6,0,1,2,400,8.7,64.14899928
2018,6,0,1,2,324,6.1,33.5565043
2018,6,0,1,2,320,6.1,32.81680398
2018,6,0,1,2,350,6.9,42.28579137
2018,6,0,1,2,222,3.9,12.29082114
2018,6,0,1,2,215,4.3,12.50378273
2018,6,0,1,2,410,8.2,63.93412128
2018,6,0,1,2,274,5.1,21.74648984
2018,6,0,1,2,420,7.9,64.94570773
2018,6,0,1,2,395,7,53.23452396
2018,6,0,1,2,212,4.9,13.60747261
2018,6,0,1,2,271,4.9,20.70294896
2018,6,0,1,2,261,4.5,18.1982746
2018,6,0,1,2,115,NA,4.703490082
2018,6,0,1,2,214,3.6,10.88402326
2018,6,0,1,2,305,6.1,30.1397935
2018,6,0,1,2,410,8.6,66.33749067
2018,6,0,1,2,321,5.7,31.40235245
2018,6,0,1,2,329,6,34.0821762
2018,6,0,1,2,311,6.2,31.58792659
2018,6,0,1,2,361,6.9,44.69251912
2018,6,0,1,2,350,7.3,44.19324739
2018,6,0,1,2,410,8.1,63.34248874
2018,6,0,1,2,400,8.5,62.9583316
2018,6,0,1,2,125,NA,5.51437059
2018,6,0,1,2,315,6.4,33.11898747
2018,6,0,1,2,167,NA,9.936483593
2018,6,0,1,2,226,4.6,14.35690219
2018,6,0,1,2,113,NA,4.55149942
2018,6,0,1,2,267,4,17.55161291
2018,6,0,1,2,410,7.1,57.62565431
2018,6,0,1,2,380,6.6,47.55301022
2018,6,0,1,2,102,NA,3.773741931
2018,6,0,1,2,186,NA,12.53882777
2018,6,0,1,2,334,3.9,26.95002157
2018,6,0,1,2,342,6.8,40.1328003
2018,6,0,1,2,172,NA,10.58246241
2018,6,0,1,2,238,6.6,21.52215573
2018,6,0,1,2,302,7.5,35.31191789
2018,6,0,1,2,325,6.5,35.41472512
2018,6,0,1,2,346,6.3,38.70582844
2018,6,0,1,2,294,6.6,30.17877237
2018,6,0,1,2,211,4.2,11.8894835
2018,6,0,1,2,246,4.6,16.63002456
2018,6,0,1,2,335,6.2,36.0731221
2018,7,1,1,4,268,3.6,16.58975895
2018,7,1,1,4,178,NA,11.3938648
2018,7,1,1,4,340,6.6,38.81817386
2018,7,1,1,4,265,3.8,16.76094638
2018,7,1,1,4,191,NA,13.2919838
2018,7,1,1,4,345,5.7,35.90506114
2018,7,1,1,4,90,NA,3.032353562
2018,7,1,1,4,207,3.9,10.8719309
2018,7,1,1,4,330,6,34.27104479
2018,7,1,1,4,400,6.6,52.37327175
2018,7,1,1,4,200,3.8,10.04880636
2018,7,1,1,4,226,6.4,19.30276426
2018,7,1,1,4,235,3.6,12.91401876
2018,7,1,1,4,325,6.5,35.41472512
2018,7,1,1,4,270,4.7,19.9588032
2018,7,1,1,4,95,NA,3.328165426
2018,7,1,1,4,322,6.4,34.42271822
2018,7,1,1,4,267,4.4,18.68039085
2018,7,1,1,4,170,NA,10.32081389
2018,7,1,1,4,200,3.2,8.902373192
2018,7,1,1,4,249,5,18.10843145
2018,7,1,1,4,268,4.5,19.1006478
2018,7,1,1,4,290,5,23.75679302
2018,7,1,1,4,360,5.9,39.81674054
2018,7,1,1,4,320,6.6,34.88363301
2018,7,1,1,4,198,NA,14.3962093
2018,7,1,1,4,99,NA,3.578207161
2018,7,1,1,4,168,NA,10.0635141
2018,7,1,1,4,285,4.8,22.36450592
2018,7,1,1,4,360,5.9,39.81674054
2018,7,1,1,4,380,5.8,43.68186892
2018,7,1,1,4,405,6.8,54.69364025
2018,7,1,1,4,210,4.4,12.2390336
2018,7,1,1,4,335,5.5,33.16597402
2018,7,1,1,4,194,NA,13.75803512
2018,7,1,1,4,250,3.9,15.25979916
2018,7,1,1,4,198,NA,14.3962093
2018,7,1,1,4,208,4.4,12.04506127
2018,7,1,1,4,186,NA,12.53882777
2018,7,1,1,4,221,5.2,15.33105309
2018,7,1,1,4,295,5.3,25.54803006
2018,7,1,1,4,232,4.9,15.79269735
2018,7,1,1,4,272,5,21.1510756
2018,7,1,1,4,330,5.8,33.44959263
2018,7,1,1,4,193,NA,13.60149424
2018,7,1,1,4,265,4.8,19.59006816
2018,7,1,1,4,260,8,29.89982159
2018,7,1,1,4,230,3.7,12.63555648
2018,7,1,1,4,168,NA,10.0635141
2018,7,1,1,4,320,5.9,32.01349085
2018,7,1,1,4,245,4.4,15.97864741
2018,7,1,1,4,370,6.5,44.77480804
2018,7,1,1,4,220,3.7,11.65594948
2018,7,1,1,4,320,6.7,35.30714496
2018,7,1,1,4,130,NA,5.952608353
2018,7,1,1,4,275,5.4,22.85790435
2018,7,1,1,4,230,7.8,24.43476934
2018,7,1,1,4,265,4.7,19.2938324
2018,7,1,1,4,330,6.3,35.52826885
2018,7,1,1,4,175,NA,10.98316879
2018,7,1,1,4,185,NA,12.39169499
2018,7,1,1,4,183,NA,12.10089141
2018,7,1,1,4,310,5.6,29.09320153
2018,7,1,1,4,325,5.7,32.12501921
2018,7,1,1,4,235,4.8,15.87409973
2018,7,1,1,4,285,5.1,23.34141974
2018,7,1,1,4,194,NA,13.75803512
2018,7,1,1,4,340,6.9,40.17425675
2018,7,1,1,4,212,4.1,11.76506458
2018,7,1,1,4,280,4.3,20.11004538
2018,7,1,1,4,380,7.6,52.70514476
2018,7,1,1,4,280,4.5,20.71611105
2018,7,1,1,4,370,6.2,43.3460019
2018,7,1,1,4,270,5.6,22.78718374
2018,7,1,1,4,209,5.1,13.78056818
2018,7,1,1,4,183,NA,12.10089141
2018,7,1,1,4,233,3,11.39235342
2018,7,1,1,4,263,4.4,18.16812965
2018,7,1,1,4,304,3.4,20.72138733
2018,7,1,1,4,370,6.4,44.2951049
2018,7,1,1,4,256,5,19.00123065
2018,7,1,1,4,179,NA,11.53300465
2018,7,1,1,4,180,NA,11.67327268
2018,7,1,1,4,171,NA,10.45109228
2018,7,1,1,4,253,3.4,14.34967658
2018,7,1,1,4,307,6.2,30.87860006
2018,7,1,1,4,312,5.9,30.58658375
2018,7,1,1,4,135,NA,6.413470346
2018,7,1,1,4,114,NA,4.627078709
2018,7,1,1,4,227,3.9,12.78985576
2018,7,1,1,4,304,7,33.56969306
2018,7,1,1,4,289,5.7,26.00715155
2018,7,1,1,4,339,7.1,40.88590562
2018,7,1,1,4,283,5.5,24.38256765
2018,7,1,1,4,415,6.7,56.73912556
2018,7,1,1,4,375,5.8,42.57585143
2018,7,1,1,4,291,4.3,21.64303259
2018,7,1,1,4,246,4.1,15.31514231
2018,7,1,1,4,310,5.9,30.23660817
2018,7,1,1,4,219,4.3,12.90417142
2018,7,1,1,4,320,6,32.41348837
2018,7,1,1,4,290,5.9,26.88254616
2018,7,1,1,4,269,4.4,18.9400933
2018,7,1,1,4,365,5.8,40.42014125
2018,7,1,1,4,340,5.2,32.89214907
2018,7,1,1,4,355,5.2,35.76637123
2018,7,1,1,4,145,NA,7.405344698
2018,7,1,1,4,330,6.4,35.95407614
2018,7,1,1,4,261,4.1,17.08497141
2018,7,1,1,4,326,6.3,34.76202634
2018,7,1,1,4,97,NA,3.451677008
2018,7,1,1,4,296,6.1,28.60571496
2018,7,1,1,4,134,NA,6.319460677
2018,7,1,1,4,276,5.4,23.00394256
2018,7,1,1,4,244,3.6,13.85607754
2018,7,1,1,4,311,5,27.05729368
2018,7,1,1,4,299,4.8,24.45490554
2018,7,1,1,4,330,6.2,35.10583681
2018,7,1,1,4,340,5.3,33.293915
2018,7,1,1,4,292,5.8,26.84368203
2018,7,1,1,4,360,6.6,43.03797193
2018,7,1,1,4,277,4.3,19.70490484
2018,7,1,1,4,355,6.7,42.42327488
2018,7,1,1,4,234,6.8,21.61896739
2018,7,1,1,4,310,6,30.62429677
2018,7,1,1,4,280,5.3,23.26212248
2018,7,1,1,4,225,4.2,13.28347474
2018,7,1,1,4,175,NA,10.98316879
2018,7,1,1,4,325,3.7,24.80563711
2018,7,1,1,4,345,5.2,33.83241715
2018,7,1,1,4,360,5.5,38.05034249
2018,7,1,1,4,226,5.6,16.98407991
2018,7,1,1,4,273,6.3,25.6257423
2018,7,1,1,4,95,NA,3.328165426
2018,7,1,1,4,198,NA,14.3962093
2018,7,1,1,4,264,5.1,20.36112903
2018,7,1,1,4,159,NA,8.958503489
2018,7,1,1,4,360,6.7,43.51186001
2018,7,1,1,4,330,6.4,35.95407614
2018,7,1,1,4,272,5.5,22.74938736
2018,7,1,1,4,360,7.4,46.92682969
2018,7,1,1,4,192,NA,13.44614532
2018,7,1,1,4,259,5.9,22.18927405
2018,7,1,1,4,237,4.5,15.3207727
2018,7,1,1,4,212,7.8,21.88340479
2018,7,1,1,4,180,NA,11.67327268
2018,7,1,1,4,270,7.5,29.61011638
2018,7,1,1,4,303,6.9,32.9735448
2018,7,1,1,4,304,6.9,33.15582979
2018,7,1,1,4,375,8.1,54.1619766
2018,7,1,1,4,206,4.5,12.07567671
2018,7,1,1,4,309,5.7,29.29953902
2018,7,1,1,4,340,6.6,38.81817386
2018,7,1,1,4,270,5.7,23.11700746
2018,7,1,1,4,315,4.1,24.57768606
2018,7,1,1,4,201,5.5,13.92653856
2018,7,1,1,4,211,4.1,11.66994031
2018,7,1,1,4,120,NA,5.098187639
2018,7,1,1,4,315,5.9,31.11659442
2018,7,1,1,4,259,6.2,23.17796572
2018,7,1,1,4,145,NA,7.405344698
2018,7,1,1,4,172,NA,10.58246241
2018,7,1,1,4,228,5.2,16.12841304
2018,7,1,1,4,139,NA,6.798832036
2018,7,1,1,4,320,8.1,41.6010208
2018,7,1,1,4,301,5.8,28.32131678
2018,7,1,1,4,312,6,30.97672743
2018,7,1,1,4,295,5.9,27.69650108
2018,7,1,1,4,385,9.2,63.04433564
2018,7,1,1,4,390,8.1,57.97933718
2018,7,1,1,4,390,7.2,53.05016592
2018,7,1,1,4,281,5.8,25.108629
2018,7,1,1,4,254,5.1,19.03589046
2018,7,1,1,4,340,6.7,39.2667545
2018,7,1,1,4,370,8.8,56.78546812
2018,7,1,1,4,263,8,30.40557445
2018,7,1,1,4,319,7.4,38.16865736
2018,7,1,1,4,307,5.9,29.71666635
2018,7,1,1,4,93,NA,3.207635971
2018,7,1,1,4,257,5,19.13111967
2018,7,1,1,4,339,6,36.00235688
2018,7,1,1,4,315,6.8,34.78138003
2018,7,1,1,4,250,5.2,18.81345604
2018,7,1,1,4,290,6.5,29.11173322
2018,7,1,1,4,320,6.5,34.46352139
2018,7,1,1,4,316,5.8,30.90284889
2018,7,1,1,4,201,4.5,11.59960545
2018,7,1,1,4,340,6.8,39.71877774
2018,7,1,1,4,198,NA,14.3962093
2018,7,1,1,4,186,NA,12.53882777
2018,7,1,1,4,230,3.6,12.40960089
2018,7,1,1,4,222,7.1,20.95604381
2018,7,1,1,4,325,6.4,34.99177347
2018,7,1,1,4,263,6.6,25.14664023
2018,7,1,1,4,137,NA,6.604277478
2018,7,1,1,4,340,5.9,35.77339693
2018,7,1,1,4,385,6.4,47.7279067
2018,7,1,1,4,351,9.1,53.73136313
2018,7,1,1,4,151,NA,8.046896138
2018,7,1,1,4,116,NA,4.780738094
2018,7,1,1,4,203,5.6,14.38738936
2018,7,1,1,4,172,5.7,11.54679406
2018,7,1,1,4,405,8.4,63.73853118
2018,7,1,1,4,170,NA,10.32081389
2018,7,1,1,4,213,4.1,11.86070438
2018,7,1,1,4,319,7.8,39.98964523
2018,7,1,1,4,314,6,31.33185166
2018,7,1,1,4,370,7.5,49.76368093
2018,7,1,1,4,303,5,25.76616129
2018,7,1,1,4,214,4.1,11.95686108
2018,7,1,1,4,121,NA,5.179687177
2018,7,1,1,4,175,NA,10.98316879
2018,8,0,0,1,191,NA,13.2919838
2018,8,0,0,1,109,NA,4.257411993
2018,8,0,0,1,194,NA,13.75803512
2018,8,0,0,1,68,NA,1.937773056
2018,8,0,0,1,154,NA,8.381118886
2018,8,0,0,1,98,NA,3.514562486
2018,8,0,0,1,65,NA,1.812939137
2018,8,0,0,1,145,NA,7.405344698
2018,8,0,0,1,125,NA,5.51437059
2018,8,0,0,1,270,6.2,24.81393893
2018,8,0,0,1,225,4.9,15.00313823
2018,8,0,0,1,159,NA,8.958503489
2018,8,0,0,1,160,NA,9.077073411
2018,8,0,0,1,177,NA,11.25584858
2018,8,0,0,1,153,NA,8.26870308
2018,8,0,0,1,135,NA,6.413470346
2018,8,0,0,1,133,NA,6.226374199
2018,8,0,0,1,153,NA,8.26870308
2018,9,1,1,4,235,5.8,18.66118944
2018,9,1,1,4,139,NA,6.798832036
2018,9,1,1,4,226,4.7,14.60648116
2018,9,1,1,4,144,NA,7.301852578
2018,9,1,1,4,233,5.9,18.70236354
2018,9,1,1,4,295,5.9,27.69650108
2018,9,1,1,4,185,NA,12.39169499
2018,9,1,1,4,222,5.6,16.5117349
2018,9,1,1,4,239,6.3,20.70322209
2018,9,1,1,4,145,NA,7.405344698
2018,9,1,1,4,229,5.8,17.91215714
2018,9,1,1,4,189,NA,12.98720474
2018,9,1,1,4,187,NA,12.68712061
2018,9,1,1,4,176,NA,11.11895143
2018,9,1,1,4,219,5.3,15.36750057
2018,9,1,1,4,261,5.6,21.50693513
2018,9,1,1,4,260,5.5,21.0527648
2018,9,1,1,4,163,NA,9.439051176
2018,9,1,1,4,240,6,19.90650196
2018,9,1,1,4,224,5.3,15.93434089
2018,9,1,1,4,113,NA,4.55149942
2018,9,1,1,4,256,5.9,21.76651897
2018,9,1,1,4,295,7,31.94199309
2018,9,1,1,4,133,NA,6.226374199
2018,9,1,1,4,218,5.4,15.51695378
2018,9,1,1,4,236,5.3,17.35125484
2018,9,1,1,4,177,NA,11.25584858
2018,9,1,1,4,194,NA,13.75803512
2018,9,1,1,4,179,NA,11.53300465
2018,9,1,1,4,190,NA,13.13900512
2018,9,1,1,4,141,NA,6.997170463
2018,9,1,1,4,223,5.4,16.08659407
2018,9,1,1,4,225,5,15.26029352
2018,9,1,1,4,265,6,23.38458183
2018,9,1,1,4,151,NA,8.046896138
2018,9,1,1,4,261,5.2,20.26106697
2018,9,1,1,4,235,5.5,17.79340624
2018,9,1,1,4,235,5.4,17.51023972
2018,9,1,1,4,275,6.2,25.58232928
2018,9,1,1,4,287,6.3,27.86034512
2018,9,1,1,4,180,NA,11.67327268
2018,9,1,1,4,193,NA,13.60149424
2018,9,1,1,4,210,5,13.64159082
2018,9,1,1,4,184,NA,12.24571772
2018,9,1,1,4,250,5.4,19.40482679
2018,9,1,1,4,204,5.1,13.26484963
2018,9,1,1,4,193,NA,13.60149424
2018,9,1,1,4,241,4.8,16.57593442
2018,9,1,1,4,247,5.3,18.72172116
2018,9,1,1,4,170,NA,10.32081389
2018,9,1,1,4,210,5.3,14.38136146
2018,9,1,1,4,263,5.8,22.43350911
2018,9,1,1,4,235,5.6,18.07960924
2018,9,1,1,4,199,NA,14.55877829
2018,9,1,1,4,286,4.9,22.8334326
2018,9,1,1,4,225,5.3,16.04935609
2018,9,1,1,4,252,5.5,19.96989176
2018,9,1,1,4,241,6.2,20.65876001
2018,9,1,1,4,206,4.8,12.75993427
2018,9,1,1,4,225,5.4,16.31829754
2018,9,1,1,4,287,6.1,27.12459526
2018,9,1,1,4,193,NA,13.60149424
2018,9,1,1,4,220,4.7,13.96087649
2018,9,1,1,4,237,5.4,17.75538683
2018,9,1,1,4,293,6.6,30.00680908
2018,9,1,1,4,249,5.7,20.18109787
2018,9,1,1,4,260,5.4,20.74092028
2018,9,1,1,4,212,4.7,13.13005688
2018,9,1,1,4,192,NA,13.44614532
2018,9,1,1,4,159,NA,8.958503489
2018,9,1,1,4,119,NA,5.017547518
2018,9,1,1,4,124,NA,5.429387836
2018,9,1,1,4,219,4.8,14.0999934
2018,9,1,1,4,230,6.2,19.21300229
2018,9,1,1,4,137,NA,6.604277478
2018,9,1,1,4,254,6.1,22.13188168
2018,9,1,1,4,229,5.6,17.34419002
2018,9,1,1,4,264,5.5,21.60858005
2018,9,1,1,4,67,NA,1.895545286
2018,9,1,1,4,142,NA,7.097770017
2018,9,1,1,4,98,NA,3.514562486
2018,9,1,1,4,251,5.5,19.83720309
2018,9,1,1,4,210,5,13.64159082
2018,9,1,1,4,227,6.7,20.35591687
2018,9,1,1,4,295,6.4,29.57628597
2018,9,1,1,4,130,NA,5.952608353
2018,9,1,1,4,133,NA,6.226374199
2018,9,1,1,4,184,NA,12.24571772
2018,9,1,1,4,233,5.8,18.40923738
2018,9,1,1,4,229,4.7,14.93661623
2018,9,1,1,4,244,5.3,18.34105705
2018,9,1,1,4,240,5.8,19.30110402
2018,9,1,1,4,263,5.7,22.10876886
2018,9,1,1,4,263,6.5,24.79615474
2018,9,1,1,4,260,5.3,20.43217053
2018,9,1,1,4,227,5.2,16.01285112
2018,9,1,1,4,283,6.2,26.84447835
2018,9,1,1,4,264,6.4,24.59942411
2018,9,1,1,4,247,4.9,17.57688175
2018,9,1,1,4,168,NA,10.0635141
2018,9,1,1,4,171,NA,10.45109228
2018,9,1,1,4,255,5.7,20.99289948
2018,9,1,1,4,235,5.6,18.07960924
2018,9,1,1,4,181,NA,11.81467345
2018,9,1,1,4,195,NA,13.91577251
2018,9,1,1,4,260,6.4,24.00117684
2018,9,1,1,4,252,6.3,22.50300518
2018,9,1,1,4,247,5,17.85858489
2018,9,1,1,4,172,NA,10.58246241
2018,9,1,1,4,195,NA,13.91577251
2018,9,1,1,4,282,6.8,28.91487834
2018,9,1,1,4,259,6.2,23.17796572
2018,9,1,1,4,230,5.6,17.46534823
2018,9,1,1,4,263,5.5,21.46872036
2018,9,1,1,4,259,6.3,23.51394035
2018,9,1,1,4,240,5.7,19.00306322
2018,9,1,1,4,146,NA,7.509810116
2018,9,1,1,4,151,NA,8.046896138
2018,9,1,1,4,189,NA,12.98720474
2018,9,1,1,4,286,5.4,24.4986803
2018,9,1,1,4,240,5.5,18.41621777
2018,9,1,1,4,169,NA,10.19162268
2018,9,1,1,4,150,NA,7.937495892
2018,9,1,1,4,117,NA,4.858827301
2018,9,1,1,4,210,4.3,12.0150554
2018,9,1,1,4,209,4.6,12.59594421
2018,9,1,1,4,251,4.8,17.79110882
2018,9,1,1,4,275,5.9,24.53667063
2018,9,1,1,4,244,5.7,19.5208051
2018,9,1,1,4,207,4.4,11.94884844
2018,9,1,1,4,310,6.7,33.43129546
2018,9,1,1,4,210,4.6,12.6953061
2018,9,1,1,4,219,5.4,15.62978786
2018,9,1,1,4,328,6.9,37.7346729
2018,9,1,1,4,226,5.1,15.6337198
2018,9,1,1,4,307,7.4,35.82913356
2018,9,1,1,4,259,6.6,24.54131297
2018,9,1,1,4,175,NA,10.98316879
2018,9,1,1,4,265,6.4,24.75052332
2018,9,1,1,4,168,NA,10.0635141
2018,9,1,1,4,273,6.4,25.98165193
2018,9,1,1,4,153,NA,8.26870308
2018,9,1,1,4,310,7.6,37.28560099
2018,9,1,1,4,147,NA,7.61525339
2018,9,1,1,4,280,7.5,31.32032511
2018,9,1,1,4,187,NA,12.68712061
2018,9,1,1,4,113,NA,4.55149942
2018,9,1,1,4,139,NA,6.798832036
2018,9,1,1,4,147,NA,7.61525339
2018,9,1,1,4,207,4.6,12.39877849
2018,9,1,1,4,282,7.6,32.07741681
2018,9,1,1,4,268,6.4,25.20753085
2018,9,1,1,4,133,NA,6.226374199
2018,9,1,1,4,253,5.9,21.3491679
2018,9,1,1,4,220,4.9,14.45558087
2018,9,1,1,4,307,7.1,34.5453207
2018,9,1,1,4,281,6.8,28.74825392
2018,9,1,1,4,227,5.4,16.55221529
2018,9,1,1,4,193,NA,13.60149424
2018,9,1,1,4,193,NA,13.60149424
2018,9,1,1,4,173,NA,10.71492884
2018,9,1,1,4,255,5.3,19.76249596
2018,9,1,1,4,223,5.2,15.55612348
2018,9,1,1,4,187,NA,12.68712061
2018,9,1,1,4,123,NA,5.34528272
2018,9,1,1,4,239,4.9,16.60948265
2018,9,1,1,4,237,5.4,17.75538683
2018,9,1,1,4,134,NA,6.319460677
2018,9,1,1,4,145,NA,7.405344698
2018,9,1,1,4,96,NA,3.389546173
2018,9,1,1,4,161,NA,9.196684962
2018,9,1,1,4,97,NA,3.451677008
2018,9,1,1,4,229,5.5,17.06476526
2018,9,1,1,4,244,5.2,18.05374053
2018,9,1,1,4,214,5.6,15.59348081
2018,9,1,1,4,238,4.9,16.49111464
2018,9,1,1,4,219,5.1,14.85176193
2018,9,1,1,4,200,5,12.62868795
2018,9,1,1,4,242,5.7,19.26077441
2018,9,1,1,4,88,NA,2.919119992
2018,9,1,1,4,101,NA,3.707792329
2018,9,1,1,4,146,NA,7.509810116
2018,9,1,1,4,135,NA,6.413470346
2018,9,1,1,4,158,NA,8.840970641
2018,10,1,0,3,73,NA,2.158341079
2018,10,1,0,3,84,NA,2.701180145
2018,10,1,0,3,94,NA,3.26753021
2018,10,1,0,3,108,NA,4.185924792
2018,10,1,0,3,156,NA,8.608997947
2018,10,1,0,3,105,NA,3.976273476
2018,10,1,0,3,144,NA,7.301852578
2018,10,1,0,3,120,NA,5.098187639
2018,10,1,0,3,61,NA,1.654996858
2018,10,1,0,3,117,NA,4.858827301
2018,10,1,0,3,115,NA,4.703490082
2018,10,1,0,3,60,NA,1.616999302
2018,10,1,0,3,116,NA,4.780738094
2018,10,1,0,3,84,NA,2.701180145
2018,10,1,0,3,180,NA,11.67327268
2018,10,1,0,3,86,NA,2.808741
2018,10,1,0,3,150,NA,7.937495892
2018,10,1,0,3,63,NA,1.732768476
2018,10,1,0,3,145,NA,7.405344698
2018,10,1,0,3,181,NA,11.81467345
2018,10,1,0,3,144,NA,7.301852578
2018,10,1,0,3,85,NA,2.754610583
2018,10,1,0,3,76,NA,2.298389224
2018,10,1,0,3,111,NA,4.402818871
2018,10,1,0,3,130,NA,5.952608353
2018,10,1,0,3,73,NA,2.158341079
2018,10,1,0,3,166,NA,9.810526601
2018,10,1,0,3,121,NA,5.179687177
2018,10,1,0,3,96,NA,3.389546173
2018,10,1,0,3,57,NA,1.506504983
2018,10,1,0,3,116,NA,4.780738094
2018,10,1,0,3,118,NA,4.937762257
2018,10,1,0,3,104,NA,3.90797795
2018,10,1,0,3,100,NA,3.642615591
2018,10,1,0,3,172,NA,10.58246241
2018,10,1,0,3,119,NA,5.017547518
2018,10,1,0,3,98,NA,3.514562486
2018,10,1,0,3,87,NA,2.863575952
2018,10,1,0,3,81,NA,2.545043147
2018,10,1,0,3,138,NA,6.701084051
2018,10,1,0,3,107,NA,4.115242342
2018,10,1,0,3,110,NA,4.329708501
2018,10,1,0,3,149,NA,7.829091722
2018,10,1,0,3,153,NA,8.26870308
2018,10,1,0,3,109,NA,4.257411993
2018,10,1,0,3,170,NA,10.32081389
2018,10,1,0,3,187,NA,12.68712061
2018,10,1,0,3,143,NA,7.199329203
2018,10,1,0,3,106,NA,4.045360089
2018,10,1,0,3,146,NA,7.509810116
2018,10,1,0,3,112,NA,4.476747659
2018,10,1,0,3,108,NA,4.185924792
2018,10,1,0,3,196,NA,14.07471097
2018,10,1,0,3,159,NA,8.958503489
2018,10,1,0,3,168,NA,10.0635141
2018,10,1,0,3,120,NA,5.098187639
2018,10,1,0,3,103,NA,3.840468953
2018,10,1,0,3,218,5.4,15.51695378
2018,10,1,0,3,82,NA,2.596400982
2018,10,1,0,3,222,5.3,15.70596159
2018,10,1,0,3,82,NA,2.596400982
2018,10,1,0,3,142,NA,7.097770017
2018,10,1,0,3,184,NA,12.24571772
2018,10,1,0,3,130,NA,5.952608353
2018,10,1,0,3,86,NA,2.808741
2018,10,1,0,3,130,NA,5.952608353
2018,10,1,0,3,111,NA,4.402818871
2018,10,1,0,3,115,NA,4.703490082
2018,10,1,0,3,136,NA,6.508407761
2018,10,1,0,3,125,NA,5.51437059
2018,10,1,0,3,134,NA,6.319460677
2018,10,1,0,3,151,NA,8.046896138
2018,10,1,0,3,93,NA,3.207635971
2018,10,1,0,3,87,NA,2.863575952
2018,10,1,0,3,79,NA,2.444368194
2018,10,1,0,3,68,NA,1.937773056
2018,10,1,0,3,79,NA,2.444368194
2018,10,1,0,3,129,NA,5.863169083
2018,10,1,0,3,102,NA,3.773741931
2018,10,1,0,3,96,NA,3.389546173
2018,10,1,0,3,97,NA,3.451677008
2018,10,1,0,3,123,NA,5.34528272
2018,10,1,0,3,156,NA,8.608997947
2018,10,1,0,3,209,4.4,12.14178921
2018,10,1,0,3,257,6.4,23.55891321
2018,10,1,0,3,173,NA,10.71492884
2018,10,1,0,3,171,NA,10.45109228
2018,10,1,0,3,167,NA,9.936483593
2018,10,1,0,3,70,NA,2.024100765
2018,10,1,0,3,67,NA,1.895545286
2018,10,1,0,3,155,NA,8.49454899
2018,10,1,0,3,100,NA,3.642615591
2018,10,1,0,3,134,NA,6.319460677
2018,10,1,0,3,107,NA,4.115242342
2018,10,1,0,3,129,NA,5.863169083
2018,11,0,0,1,137,NA,6.604277478
2018,11,0,0,1,167,NA,9.936483593
2018,11,0,0,1,231,4.2,13.91279322
2018,11,0,0,1,131,NA,6.042952592
2018,11,0,0,1,152,NA,8.157297016
2018,11,0,0,1,134,NA,6.319460677
2018,11,0,0,1,184,NA,12.24571772
2018,11,0,0,1,218,5.3,15.25577039
2018,11,0,0,1,155,NA,8.49454899
2018,11,0,0,1,203,4.1,10.92733767
2018,11,0,0,1,237,5.3,17.47298288
2018,11,0,0,1,138,NA,6.701084051
2018,11,0,0,1,262,6.2,23.61677644
2018,11,0,0,1,87,NA,2.863575952
2018,11,0,0,1,265,7.2,27.6399307
2018,11,0,0,1,210,5.8,15.67292251
2018,11,0,0,1,195,NA,13.91577251
2018,11,0,0,1,262,7.6,28.67049841
2018,11,0,0,1,100,NA,3.642615591
2018,11,0,0,1,112,NA,4.476747659
2018,11,0,0,1,144,NA,7.301852578
2018,11,0,0,1,202,5.7,14.53343633
2018,11,0,0,1,149,NA,7.829091722
2018,11,0,0,1,252,7.1,25.24175276
2018,11,0,0,1,148,NA,7.721679073
2018,11,0,0,1,190,NA,13.13900512
2018,11,0,0,1,209,5,13.53794832
2018,11,0,0,1,272,7.1,28.40117269
2018,11,0,0,1,170,NA,10.32081389
2018,11,0,0,1,180,NA,11.67327268
2018,11,0,0,1,139,NA,6.798832036
2018,11,0,0,1,105,NA,3.976273476
2018,11,0,0,1,140,NA,6.897525988
2018,11,0,0,1,225,5.8,17.42410642
2018,11,0,0,1,189,NA,12.98720474
2018,11,0,0,1,101,NA,3.707792329
2018,11,0,0,1,83,NA,2.648445129
2018,11,0,0,1,93,NA,3.207635971
2018,11,0,0,1,89,NA,2.975377677
2018,11,0,0,1,197,NA,14.23485505
2018,11,0,0,1,174,NA,10.84849611
2018,11,0,0,1,159,NA,8.958503489
2018,11,0,0,1,280,6.8,28.58227086
2018,11,0,0,1,152,NA,8.157297016
2018,11,0,0,1,108,NA,4.185924792
2018,11,0,0,1,190,NA,13.13900512
2018,11,0,0,1,96,NA,3.389546173
2018,11,0,0,1,81,NA,2.545043147
2018,11,0,0,1,167,NA,9.936483593
2018,11,0,0,1,107,NA,4.115242342
2018,11,0,0,1,226,5.9,17.830453
2018,11,0,0,1,110,NA,4.329708501
2018,11,0,0,1,95,NA,3.328165426
2018,11,0,0,1,216,6.1,17.18952043
2018,11,0,0,1,116,NA,4.780738094
2018,11,0,0,1,173,NA,10.71492884
2018,11,0,0,1,175,NA,10.98316879
2018,11,0,0,1,210,5.4,14.6337674
2018,11,0,0,1,106,NA,4.045360089
2018,11,0,0,1,107,NA,4.115242342
2018,11,0,0,1,225,5.9,17.70815194
2018,11,0,0,1,86,NA,2.808741
2018,12,0,1,2,90,NA,3.032353562
2018,12,0,1,2,95,NA,3.328165426
2018,12,0,1,2,175,NA,10.98316879
2018,12,0,1,2,209,4.4,12.14178921
2018,12,0,1,2,195,NA,13.91577251
2018,12,0,1,2,276,6.5,26.81644763
2018,12,0,1,2,270,6.7,26.59194589
2018,12,0,1,2,109,NA,4.257411993
2018,12,0,1,2,133,NA,6.226374199
2018,12,0,1,2,75,NA,2.251053603
2018,12,0,1,2,188,NA,12.83657809
2018,12,0,1,2,295,7.1,32.34814232
2018,12,0,1,2,215,5,14.16774448
2018,12,0,1,2,235,5,16.40761452
2018,12,0,1,2,190,NA,13.13900512
2018,12,0,1,2,200,4.2,10.86532343
2018,12,0,1,2,170,NA,10.32081389
2018,12,0,1,2,205,4.6,12.20368109
2018,12,0,1,2,200,4.1,10.65719919
2018,12,0,1,2,191,NA,13.2919838
2018,12,0,1,2,208,4.5,12.26969389
2018,12,0,1,2,193,NA,13.60149424
2018,12,0,1,2,227,5.3,16.28104422
2018,12,0,1,2,225,5.2,15.78338594
2018,12,0,1,2,138,NA,6.701084051
2018,12,0,1,2,194,NA,13.75803512
2018,12,0,1,2,250,5.1,18.52233049
2018,12,0,1,2,304,6.6,31.93467694
2018,12,0,1,2,307,6.6,32.47442181
2018,12,0,1,2,276,6.2,25.73788641
2018,12,0,1,2,167,NA,9.936483593
2018,12,0,1,2,259,5.8,21.86606936
2018,12,0,1,2,257,5.2,19.72637721
2018,12,0,1,2,96,NA,3.389546173
2018,12,0,1,2,234,5.5,17.67055348
2018,12,0,1,2,228,4.7,14.82602442
2018,12,0,1,2,203,5.3,13.64422254
2018,12,0,1,2,161,NA,9.196684962
2018,12,0,1,2,103,NA,3.840468953
2018,12,0,1,2,197,NA,14.23485505
2018,12,0,1,2,202,4.3,11.25985998
2018,12,0,1,2,221,4.4,13.34320219
2018,12,0,1,2,224,4.6,14.14171547
2018,12,0,1,2,208,4.3,11.82318723
2018,12,0,1,2,168,NA,10.0635141
2018,12,0,1,2,263,5.5,21.46872036
2018,12,0,1,2,140,NA,6.897525988
2018,12,0,1,2,198,NA,14.3962093
2018,12,0,1,2,201,5,12.7276421
2018,12,0,1,2,318,6.4,33.67362145
2018,12,0,1,2,94,NA,3.26753021
2018,12,0,1,2,174,NA,10.84849611
2018,12,0,1,2,268,6.4,25.20753085
2018,12,0,1,2,265,6,23.38458183
2018,12,0,1,2,191,NA,13.2919838
2018,12,0,1,2,274,6.4,26.13835376
2018,12,0,1,2,183,NA,12.10089141
2018,12,0,1,2,221,5.3,15.59259485
2018,12,0,1,2,212,5.3,14.59674346
2018,12,0,1,2,124,NA,5.429387836
2018,12,0,1,2,210,5.3,14.38136146
2018,12,0,1,2,145,NA,7.405344698
2018,12,0,1,2,229,5.1,15.97707602
2018,12,0,1,2,285,6.4,27.90385224
2018,12,0,1,2,115,NA,4.703490082
2018,12,0,1,2,253,6.5,23.31306913
2018,12,0,1,2,252,6.1,21.8507621
2018,12,0,1,2,211,4.9,13.50385248
2018,12,0,1,2,266,6.6,25.6071104
2018,12,0,1,2,144,NA,7.301852578
2018,12,0,1,2,280,5.7,24.60983976
2018,12,0,1,2,156,NA,8.608997947
2018,12,0,1,2,150,NA,7.937495892
2018,12,0,1,2,155,NA,8.49454899
2018,12,0,1,2,225,5.8,17.42410642
2018,12,0,1,2,234,5.9,18.82919522
2018,12,0,1,2,275,5.4,22.85790435
2018,12,0,1,2,225,4.6,14.24903802
2018,12,0,1,2,225,5.3,16.04935609
2018,12,0,1,2,235,5.1,16.67879707
2018,12,0,1,2,172,NA,10.58246241
2018,12,0,1,2,180,NA,11.67327268
2018,12,0,1,2,172,NA,10.58246241
2018,12,0,1,2,225,5.4,16.31829754
2018,12,0,1,2,234,4.7,15.49783137
2018,12,0,1,2,177,NA,11.25584858
2018,12,0,1,2,174,NA,10.84849611
2018,12,0,1,2,212,4.8,13.36734387
2018,12,0,1,2,213,5.3,14.70523621
2018,12,0,1,2,131,NA,6.042952592
2018,12,0,1,2,132,NA,6.134206355
2018,12,0,1,2,211,3.7,10.81879207
2018,12,0,1,2,204,4.4,11.66328673
2018,12,0,1,2,248,5.8,20.35512024
2018,12,0,1,2,162,NA,9.317342699
2018,12,0,1,2,133,NA,6.226374199
2018,12,0,1,2,121,NA,5.179687177
2018,12,0,1,2,270,6.1,24.46812714
2018,12,0,1,2,272,6.5,26.18356532
2018,12,0,1,2,303,7.1,33.80222029
2018,12,0,1,2,52,NA,1.333735625
2018,12,0,1,2,152,NA,8.157297016
2018,12,0,1,2,149,NA,7.829091722
2018,12,0,1,2,177,NA,11.25584858
2018,12,0,1,2,161,NA,9.196684962
2018,12,0,1,2,172,NA,10.58246241
2018,12,0,1,2,262,5.9,22.6174679
2018,12,0,1,2,98,NA,3.514562486
2018,12,0,1,2,275,6.9,28.1368192
2018,12,0,1,2,249,6.1,21.43356202
2018,12,0,1,2,162,NA,9.317342699
2018,12,0,1,2,232,5.7,17.99520572
2018,12,0,1,2,305,7.1,34.17242391
2018,12,0,1,2,300,6.9,32.43070097
2018,12,0,1,2,306,7.6,36.50941368
2018,12,0,1,2,288,6.6,29.15678504
2018,12,0,1,2,284,7.1,30.41774174
2018,12,0,1,2,292,6.4,29.06773301
2018,12,0,1,2,199,NA,14.55877829
2018,12,0,1,2,225,5.6,16.86516036
2018,12,0,1,2,236,5.5,17.91682711
2018,12,0,1,2,122,NA,5.262050685
2018,12,0,1,2,247,4.8,17.2981567
2018,12,0,1,2,258,5.6,21.09109325
2018,12,0,1,2,266,6.3,24.55470812
2018,12,0,1,2,296,6,28.23184096
2018,12,0,1,2,325,7.3,38.92168127
2018,12,0,1,2,191,NA,13.2919838
2018,12,0,1,2,265,6.6,25.4530012
2018,12,0,1,2,200,4.5,11.50591825
2018,12,0,1,2,224,5.4,16.20216968
2018,12,0,1,2,139,NA,6.798832036
2018,12,0,1,2,204,4.9,12.79320284
2018,12,0,1,2,250,5.6,20.00846202
2018,12,0,1,2,159,NA,8.958503489
2018,12,0,1,2,201,4.7,12.04245508
2018,12,0,1,2,350,7.2,43.71111721
2018,12,0,1,2,208,5.5,14.67149112
2018,12,0,1,2,185,NA,12.39169499
2018,12,0,1,2,202,5,12.82711182
2018,12,0,1,2,302,7.8,36.61893497
2018,12,0,1,2,178,NA,11.3938648
2018,12,0,1,2,270,6.4,25.5153067
2018,12,0,1,2,272,5.9,24.08450707
2018,12,0,1,2,232,6.1,19.1693682
2018,12,0,1,2,276,6.5,26.81644763
2018,12,0,1,2,253,5.8,21.0329781
2018,12,0,1,2,322,6.5,34.84193172
2018,12,0,1,2,252,5.9,21.21124576
2018,12,0,1,2,203,4.6,12.0106411
2018,12,0,1,2,298,7.3,33.71845884
2018,12,0,1,2,240,5.8,19.30110402
2018,12,0,1,2,340,8,45.41636987
2018,12,0,1,2,128,NA,5.774630228
2018,12,0,1,2,231,4.5,14.65221996
2018,12,0,1,2,240,5.6,18.70810648
2018,12,0,1,2,177,NA,11.25584858
2018,12,0,1,2,255,6.3,22.93263796
2018,12,0,1,2,340,8.9,50.02981308
2018,12,0,1,2,310,6.3,31.80721752
2018,12,0,1,2,300,6.5,30.82900542
2018,12,0,1,2,158,NA,8.840970641
2018,12,0,1,2,295,7.2,32.75771988
2018,12,0,1,2,135,NA,6.413470346
2018,12,0,1,2,220,5.5,16.00953126
2018,12,0,1,2,222,5.1,15.18361284
2018,12,0,1,2,157,NA,8.724470312
2018,12,0,1,2,213,4.6,12.99652422
2018,12,0,1,2,281,7.3,30.69304608
2018,12,0,1,2,186,NA,12.53882777
2018,12,0,1,2,198,NA,14.3962093
2018,12,0,1,2,135,NA,6.413470346
2018,12,0,1,2,135,NA,6.413470346
2018,12,0,1,2,144,NA,7.301852578
2018,12,0,1,2,189,NA,12.98720474
2018,12,0,1,2,98,NA,3.514562486
2018,12,0,1,2,204,5.5,14.24263647
2018,12,0,1,2,330,7,38.58055244
2018,12,0,1,2,105,NA,3.976273476
2018,12,0,1,2,211,5.3,14.48878565
2018,12,0,1,2,202,6,15.30875656
2018,12,0,1,2,310,7.2,35.5379465
2018,12,0,1,2,169,NA,10.19162268
2018,12,0,1,2,350,7.7,46.1572197
2018,12,0,1,2,111,NA,4.402818871
2018,12,0,1,2,230,4.2,13.80655594
2018,12,0,1,2,116,NA,4.780738094
2018,12,0,1,2,115,NA,4.703490082
2018,12,0,1,2,272,6.1,24.77122205
2018,12,0,1,2,261,3.4,15.24764449
2018,12,0,1,2,182,NA,11.95721151
2018,12,0,1,2,310,7.4,36.40478253
2018,12,0,1,2,322,7.3,38.31881996
2018,12,0,1,2,180,NA,11.67327268
2018,12,0,1,2,268,5.8,23.15650555
2018,12,0,1,2,301,6.8,32.20424506
2018,12,0,1,2,330,7.3,39.94044445
2018,12,0,1,2,201,4.8,12.26804514
2018,12,0,1,2,192,NA,13.44614532
2019,1,0,0,1,155,NA,8.49454899
2019,1,0,0,1,338,7.6,43.02905574
2019,1,0,0,1,67,NA,1.895545286
2019,1,0,0,1,274,6.8,27.59977174
2019,1,0,0,1,214,6.5,18.09408245
2019,1,0,0,1,153,NA,8.26870308
2019,1,0,0,1,201,7.2,18.56187981
2019,1,0,0,1,133,NA,6.226374199
2019,1,0,0,1,260,7,26.11230015
2019,1,0,0,1,165,NA,9.685638572
2019,1,0,0,1,114,NA,4.627078709
2019,1,0,0,1,219,5.1,14.85176193
2019,1,0,0,1,172,NA,10.58246241
2019,1,0,0,1,229,5.5,17.06476526
2019,1,0,0,1,158,NA,8.840970641
2019,2,1,0,3,165,NA,9.685638572
2019,2,1,0,3,164,NA,9.561814948
2019,2,1,0,3,173,NA,10.71492884
2019,2,1,0,3,240,6.3,20.83813033
2019,2,1,0,3,330,9,48.25378011
2019,2,1,0,3,315,7.8,39.17869175
2019,2,1,0,3,240,5.5,18.41621777
2019,2,1,0,3,165,NA,9.685638572
2019,2,1,0,3,188,NA,12.83657809
2019,2,1,0,3,200,4.6,11.72491489
2019,2,1,0,3,325,7.1,38.02419513
2019,2,1,0,3,250,6.3,22.2195853
2019,2,1,0,3,268,7.7,30.05946604
2019,2,1,0,3,195,NA,13.91577251
2019,2,1,0,3,250,6.9,24.23973063
2019,2,1,0,3,236,5.7,18.4945578
2019,2,1,0,3,146,NA,7.509810116
2019,2,1,0,3,183,NA,12.10089141
2019,2,1,0,3,270,6,24.12554323
2019,2,1,0,3,120,NA,5.098187639
2019,2,1,0,3,325,7.6,40.29421747
2019,2,1,0,3,114,NA,4.627078709
2019,2,1,0,3,160,NA,9.077073411
2019,2,1,0,3,210,5.3,14.38136146
2019,2,1,0,3,237,7.6,24.76257168
2019,2,1,0,3,280,7.4,30.91891535
2019,2,1,0,3,285,7.6,32.61062385
2019,2,1,0,3,300,7.9,36.67553821
2019,2,1,0,3,260,6.2,23.32362654
2019,2,1,0,3,243,5.1,17.64597737
2019,2,1,0,3,335,8.6,47.32196032
2019,2,1,0,3,295,6.9,31.5392578
2019,2,1,0,3,188,NA,12.83657809
2019,2,1,0,3,126,NA,5.600235536
2019,2,1,0,3,300,7.5,34.93578723
2019,2,1,0,3,196,NA,14.07471097
2019,2,1,0,3,235,4.9,16.13938747
2019,2,1,0,3,220,5,14.70725623
2019,2,1,0,3,290,6.7,29.88129556
2019,2,1,0,3,195,NA,13.91577251
2019,2,1,0,3,250,5.9,20.93718608
2019,2,1,0,3,190,NA,13.13900512
2019,2,1,0,3,129,NA,5.863169083
2019,2,1,0,3,78,NA,2.395041964
2019,2,1,0,3,270,7.3,28.83523777
2019,2,1,0,3,290,7.3,32.2711124
2019,2,1,0,3,113,NA,4.55149942
2019,2,1,0,3,229,5.1,15.97707602
2019,2,1,0,3,210,5.2,14.13187471
2019,2,1,0,3,226,5.7,17.26315824
2019,2,1,0,3,68,NA,1.937773056
2019,2,1,0,3,260,6.2,23.32362654
2019,2,1,0,3,303,8.4,39.5292975
2019,2,1,0,3,178,NA,11.3938648
2019,2,1,0,3,244,6.2,21.06526834
2019,2,1,0,3,245,6.1,20.88560302
2019,2,1,0,3,117,NA,4.858827301
2019,2,1,0,3,117,NA,4.858827301
2019,2,1,0,3,112,NA,4.476747659
2019,2,1,0,3,102,NA,3.773741931
2019,2,1,0,3,305,8,38.09598397
2019,2,1,0,3,173,NA,10.71492884
2019,2,1,0,3,124,NA,5.429387836
2019,2,1,0,3,105,NA,3.976273476
2019,2,1,0,3,272,6.4,25.82557765
2019,2,1,0,3,166,NA,9.810526601
2019,2,1,0,3,151,NA,8.046896138
2019,2,1,0,3,135,NA,6.413470346
2019,2,1,0,3,112,NA,4.476747659
2019,2,1,0,3,176,NA,11.11895143
2019,2,1,0,3,224,6.5,19.34889937
2019,2,1,0,3,190,NA,13.13900512
2019,2,1,0,3,110,NA,4.329708501
2019,2,1,0,3,122,NA,5.262050685
2019,2,1,0,3,104,NA,3.90797795
2019,2,1,0,3,112,NA,4.476747659
2019,2,1,0,3,202,5.2,13.30018348
2019,2,1,0,3,169,NA,10.19162268
2019,2,1,0,3,187,NA,12.68712061
2019,2,1,0,3,194,NA,13.75803512
2019,2,1,0,3,132,NA,6.134206355
2019,3,0,1,2,164,NA,9.561814948
2019,3,0,1,2,185,NA,12.39169499
2019,3,0,1,2,272,7.3,29.16728226
2019,3,0,1,2,177,NA,11.25584858
2019,3,0,1,2,171,NA,10.45109228
2019,3,0,1,2,304,7,33.56969306
2019,3,0,1,2,234,5.5,17.67055348
2019,3,0,1,2,134,NA,6.319460677
2019,3,0,1,2,181,NA,11.81467345
2019,3,0,1,2,243,6.4,21.56674788
2019,3,0,1,2,216,5.4,15.29291737
2019,3,0,1,2,166,NA,9.810526601
2019,3,0,1,2,266,7.3,28.17872805
2019,3,0,1,2,210,5,13.64159082
2019,3,0,1,2,286,6.7,29.20289163
2019,3,0,1,2,245,6.4,21.84418503
2019,3,0,1,2,295,6.5,29.96216774
2019,3,0,1,2,210,5.9,15.94017902
2019,3,0,1,2,287,7.1,30.93637424
2019,3,0,1,2,245,5.9,20.26238696
2019,3,0,1,2,144,NA,7.301852578
2019,3,0,1,2,163,NA,9.439051176
2019,3,0,1,2,204,5.6,14.49436945
2019,3,0,1,2,251,6.1,21.71109944
2019,3,0,1,2,321,8.1,41.80998399
2019,3,0,1,2,380,8,54.86592799
2019,3,0,1,2,293,7.3,32.80890963
2019,3,0,1,2,186,NA,12.53882777
2019,3,0,1,2,286,5.8,25.88771214
2019,3,0,1,2,257,5.8,21.58597351
2019,3,0,1,2,291,7.2,32.04164647
2019,3,0,1,2,259,6.2,23.17796572
2019,3,0,1,2,345,7.6,44.55162373
2019,3,0,1,2,241,7,23.2676905
2019,3,0,1,2,263,6.5,24.79615474
2019,3,0,1,2,298,6.8,31.66910282
2019,3,0,1,2,217,4.6,13.40550836
2019,3,0,1,2,300,7.8,36.23530926
2019,3,0,1,2,286,6.7,29.20289163
2019,3,0,1,2,175,NA,10.98316879
2019,3,0,1,2,302,8.3,38.86828627
2019,3,0,1,2,247,7.3,25.1961107
2019,3,0,1,2,155,NA,8.49454899
2019,3,0,1,2,306,7.7,36.95008609
2019,3,0,1,2,294,7.7,34.67132249
2019,3,0,1,2,227,6.1,18.53517747
2019,3,0,1,2,291,5.8,26.68274672
2019,3,0,1,2,292,7.6,33.87768167
2019,3,0,1,2,315,7.5,37.82276568
2019,3,0,1,2,184,NA,12.24571772
2019,3,0,1,2,350,8.5,50.25801356
2019,3,0,1,2,270,6.1,24.46812714
2019,3,0,1,2,305,6.7,32.51881602
2019,3,0,1,2,205,4.9,12.89315957
2019,3,0,1,2,197,NA,14.23485505
2019,3,0,1,2,194,NA,13.75803512
2019,3,0,1,2,202,5.8,14.78889456
2019,3,0,1,2,356,7.5,46.51568924
2019,3,0,1,2,274,6.9,27.97344527
2019,3,0,1,2,300,6.2,29.66297467
2019,3,0,1,2,346,7.9,46.256484
2019,3,0,1,2,315,7.5,37.82276568
2019,3,0,1,2,385,9.4,64.24887555
2019,3,0,1,2,291,7.1,31.63700858
2019,3,0,1,2,329,7.5,40.65688025
2019,3,0,1,2,230,5.6,17.46534823
2019,3,0,1,2,170,NA,10.32081389
2019,3,0,1,2,231,5.1,16.20875065
2019,3,0,1,2,197,NA,14.23485505
2019,3,0,1,2,219,5,14.59827719
2019,3,0,1,2,229,5.2,16.24452962
2019,3,0,1,2,257,6.1,22.55806587
2019,3,0,1,2,287,6,26.76162843
2019,3,0,1,2,223,5.5,16.35629277
2019,3,0,1,2,257,5.5,20.64221699
2019,3,0,1,2,290,7.1,31.46086873
2019,3,0,1,2,335,6.5,37.36931908
2019,3,0,1,2,326,7.2,38.67228437
2019,3,0,1,2,360,7.9,49.47247096
2019,3,0,1,2,296,4.9,24.33201133
2019,3,0,1,2,316,7.4,37.57451193
2019,3,0,1,2,335,7,39.59801201
2019,3,0,1,2,280,6.8,28.58227086
2019,3,0,1,2,375,5.9,43.0414501
2019,3,0,1,2,300,5.4,26.698097
2019,3,0,1,2,270,7.3,28.83523777
2019,3,0,1,2,245,5,17.6110471
2019,3,0,1,2,296,7.4,33.77036666
2019,3,0,1,2,216,4.8,13.78280822
2019,3,0,1,2,286,6.4,28.06818288
2019,3,0,1,2,216,5,14.27457282
2019,3,0,1,2,375,7.2,49.40646207
2019,3,0,1,2,280,5.2,22.93306219
2019,3,0,1,2,290,6.3,28.35549848
2019,3,0,1,2,301,7.4,34.69610462
2019,3,0,1,2,342,6.7,39.67825375
2019,3,0,1,2,226,5.4,16.43497898
2019,3,0,1,2,232,5.3,16.86999622
2019,3,0,1,2,346,8.6,49.84705022
2019,3,0,1,2,255,5,18.87193088
2019,3,0,1,2,320,6.3,33.63344428
2019,3,0,1,2,306,7.4,35.63860784
2019,3,0,1,2,324,NA,45.96456129
2019,3,0,1,2,310,7.3,35.9696237
2019,3,0,1,2,263,5.2,20.53199742
2019,3,0,1,2,321,7.3,38.11925836
2019,3,0,1,2,276,5.6,23.66830423
2019,3,0,1,2,236,5.8,18.78802297
2019,3,0,1,2,276,6.2,25.73788641
2019,3,0,1,2,206,4.9,12.9936356
2019,3,0,1,2,223,6.3,18.62319082
2019,3,0,1,2,297,5.8,27.65807171
2019,3,0,1,2,201,5.7,14.42642139
2019,3,0,1,2,305,7,33.75388891
2019,3,0,1,2,196,NA,14.07471097
2019,3,0,1,2,338,8.6,48.00195425
2019,3,0,1,2,284,6.4,27.74016427
2019,3,0,1,2,224,5.5,16.47298294
2019,3,0,1,2,263,6.3,24.104984
2019,3,0,1,2,305,6.6,32.11392201
2019,3,0,1,2,262,5.6,21.64675409
2019,3,0,1,2,303,6.4,30.9613505
2019,3,0,1,2,311,7,34.87323062
2019,3,0,1,2,297,6.6,30.69860168
2019,3,0,1,2,286,5,23.16024552
2019,3,0,1,2,226,5.5,16.70802564
2019,3,0,1,2,243,4.6,16.27478147
2019,3,0,1,2,284,6.1,26.64249653
2019,3,0,1,2,242,7.4,24.79977598
2019,3,0,1,2,356,7.5,46.51568924
2019,3,0,1,2,330,7.6,41.33192253
2019,3,0,1,2,383,8.2,56.73311781
2019,3,0,1,2,311,6.6,33.20349495
2019,3,0,1,2,82,NA,2.596400982
2019,3,0,1,2,174,NA,10.84849611
2019,3,0,1,2,211,4.1,11.66994031
2019,3,0,1,2,239,6.4,21.01894083
2019,3,0,1,2,333,7.2,40.09957552
2019,3,0,1,2,297,6,28.39844524
2019,3,0,1,2,291,7.2,32.04164647
2019,3,0,1,2,271,6.2,24.96636853
2019,3,0,1,2,357,8.4,51.38800867
2019,3,0,1,2,195,4.9,11.91673916
2019,3,0,1,2,275,7.6,30.85593851
2019,3,0,1,2,347,7.5,44.50420307
2019,3,0,1,2,255,6.5,23.6048183
2019,3,0,1,2,316,6.7,34.548608
2019,3,0,1,2,340,7.2,41.56155994
2019,3,0,1,2,285,6.7,29.0349104
2019,3,0,1,2,187,NA,12.68712061
2019,3,0,1,2,241,6.9,22.93020917
2019,3,0,1,2,330,6.5,36.38327212
2019,3,0,1,2,326,6.7,36.46564207
2019,3,0,1,2,291,6.1,27.77639211
2019,3,0,1,2,216,5.5,15.55485464
2019,3,0,1,2,252,6,21.52942092
2019,3,0,1,2,284,5.7,25.22451857
2019,3,0,1,2,313,5.9,30.76257971
2019,3,0,1,2,169,NA,10.19162268
2019,3,0,1,2,197,NA,14.23485505
2019,3,0,1,2,171,NA,10.45109228
2019,3,0,1,2,155,NA,8.49454899
2019,3,0,1,2,216,4.9,14.02725387
2019,3,0,1,2,156,NA,8.608997947
2019,3,0,1,2,249,6.8,23.74816181
2019,3,0,1,2,192,NA,13.44614532
2019,3,0,1,2,209,NA,16.25228066
2019,3,0,1,2,327,7.6,40.70718924
2019,3,0,1,2,224,4.6,14.14171547
2019,3,0,1,2,330,7.5,40.86456456
2019,3,0,1,2,340,7.7,43.94407544
2019,3,0,1,2,248,5.9,20.66549728
2019,3,0,1,2,355,6.6,41.9557336
2019,3,0,1,2,166,NA,9.810526601
2019,3,0,1,2,222,5,14.9268387
2019,3,0,1,2,252,5.8,20.89622094
2019,3,0,1,2,321,6.8,35.92667293
2019,3,0,1,2,348,7.5,44.72477983
2019,3,0,1,2,235,4.9,16.13938747
2019,3,0,1,2,276,5.6,23.66830423
2019,3,0,1,2,186,NA,12.53882777
2019,3,0,1,2,303,5.8,28.65687887
2019,3,0,1,2,243,5.7,19.39049917
2019,3,0,1,2,189,NA,12.98720474
2019,3,0,1,2,82,NA,2.596400982
2019,3,0,1,2,268,6.3,24.85761051
2019,3,0,1,2,246,6.3,21.65990479
2019,3,0,1,2,232,5,16.05758745
2019,3,0,1,2,246,5.8,20.08810855
2019,3,0,1,2,390,8.8,62.01750695
2019,3,0,1,2,196,NA,14.07471097
2019,3,0,1,2,312,5.7,29.81615147
2019,3,0,1,2,226,5.7,17.26315824
2019,3,0,1,2,320,7.4,38.36808878
2019,3,0,1,2,334,8.1,44.59050094
2019,3,0,1,2,220,5.8,16.82661469
2019,3,0,1,2,263,7.3,27.6929395
2019,3,0,1,2,210,5.4,14.6337674
2019,3,0,1,2,175,NA,10.98316879
2019,3,0,1,2,135,NA,6.413470346
2019,3,0,1,2,165,NA,9.685638572
2019,3,0,1,2,140,NA,6.897525988
2019,3,0,1,2,290,6.5,29.11173322
2019,3,0,1,2,288,5.5,25.15005758
2019,3,0,1,2,237,4.8,16.10579736
2019,3,0,1,2,197,NA,14.23485505
2019,3,0,1,2,247,5.1,18.14328196
2019,3,0,1,2,221,4.8,14.31413089
2019,3,0,1,2,250,6.7,23.55330816
2019,3,0,1,2,308,4,23.17738009
2019,3,0,1,2,281,5.2,23.07985096
2019,3,0,1,2,178,NA,11.3938648
2019,4,1,1,4,173,NA,10.71492884
2019,4,1,1,4,153,NA,8.26870308
2019,4,1,1,4,157,NA,8.724470312
2019,4,1,1,4,275,7.1,28.89668669
2019,4,1,1,4,360,7.9,49.47247096
2019,4,1,1,4,243,6,20.30430024
2019,4,1,1,4,199,NA,14.55877829
2019,4,1,1,4,197,NA,14.23485505
2019,4,1,1,4,261,6.1,23.13477405
2019,4,1,1,4,211,5.9,16.05420727
2019,4,1,1,4,262,5.6,21.64675409
2019,4,1,1,4,285,6.9,29.80567947
2019,4,1,1,4,254,6.6,23.79841601
2019,4,1,1,4,223,5.9,17.46523012
2019,4,1,1,4,231,6.6,20.57375491
2019,4,1,1,4,251,6,21.39092754
2019,4,1,1,4,276,7.4,30.2320585
2019,4,1,1,4,242,5.9,19.86455319
2019,4,1,1,4,247,6.7,23.11852209
2019,4,1,1,4,302,6.8,32.38395634
2019,4,1,1,4,257,5.8,21.58597351
2019,4,1,1,4,241,6.3,20.97362337
2019,4,1,1,4,228,5.7,17.50492383
2019,4,1,1,4,187,NA,12.68712061
2019,4,1,1,4,161,NA,9.196684962
2019,4,1,1,4,257,6,22.23086078
2019,4,1,1,4,183,NA,12.10089141
2019,4,1,1,4,263,5.6,21.78717773
2019,4,1,1,4,287,7.1,30.93637424
2019,4,1,1,4,204,4.8,12.56163101
2019,4,1,1,4,202,7.2,18.68564283
2019,4,1,1,4,240,6.7,22.12490055
2019,4,1,1,4,233,6.7,21.16016506
2019,4,1,1,4,168,NA,10.0635141
2019,4,1,1,4,219,5.3,15.36750057
2019,4,1,1,4,302,7.9,37.06166839
2019,4,1,1,4,151,NA,8.046896138
2019,4,1,1,4,291,5.9,27.04404356
2019,4,1,1,4,305,6.5,31.71240294
2019,4,1,1,4,285,6.3,27.53346619
2019,4,1,1,4,288,6.5,28.77611719
2019,4,1,1,4,240,5.9,19.60224492
2019,4,1,1,4,260,6,22.6589492
2019,4,1,1,4,248,4.9,17.70038369
2019,4,1,1,4,198,NA,14.3962093
2019,4,1,1,4,273,5.8,23.89487148
2019,4,1,1,4,240,5.5,18.41621777
2019,4,1,1,4,305,6.1,30.1397935
2019,4,1,1,4,220,5.8,16.82661469
2019,4,1,1,4,250,6.4,22.54816509
2019,4,1,1,4,225,5.3,16.04935609
2019,4,1,1,4,275,6.2,25.58232928
2019,4,1,1,4,178,NA,11.3938648
2019,4,1,1,4,210,5.2,14.13187471
2019,4,1,1,4,255,5.6,20.68064648
2019,4,1,1,4,222,5.4,15.9715694
2019,4,1,1,4,249,4.9,17.8244628
2019,4,1,1,4,261,6.1,23.13477405
2019,4,1,1,4,310,7.2,35.5379465
2019,4,1,1,4,316,6.8,34.97054645
2019,4,1,1,4,205,7,18.45920275
2019,4,1,1,4,228,5.7,17.50492383
2019,4,1,1,4,239,5.8,19.17196914
2019,4,1,1,4,237,6,19.51393364
2019,4,1,1,4,228,5.8,17.78930118
2019,4,1,1,4,255,6.2,22.60138691
2019,4,1,1,4,186,NA,12.53882777
2019,4,1,1,4,235,5.9,18.95659903
2019,4,1,1,4,221,4.9,14.56400798
2019,4,1,1,4,146,NA,7.509810116
2019,4,1,1,4,198,NA,14.3962093
2019,4,1,1,4,229,6.5,19.99749681
2019,4,1,1,4,190,NA,13.13900512
2019,4,1,1,4,209,5.6,15.03723104
2019,4,1,1,4,212,4.7,13.13005688
2019,4,1,1,4,192,NA,13.44614532
2019,4,1,1,4,218,6.6,18.88714084
2019,4,1,1,4,241,6.8,22.59600701
2019,4,1,1,4,151,NA,8.046896138
2019,4,1,1,4,227,4.7,14.71597985
2019,4,1,1,4,245,5.2,18.17891227
2019,4,1,1,4,197,NA,14.23485505
2019,4,1,1,4,308,6.8,33.4762812
2019,4,1,1,4,169,NA,10.19162268
2019,4,1,1,4,163,NA,9.439051176
2019,4,1,1,4,248,6.1,21.29568471
2019,4,1,1,4,246,5.4,18.88688447
2019,4,1,1,4,119,NA,5.017547518
2019,4,1,1,4,279,4.9,21.82189098
2019,4,1,1,4,265,5.5,21.74904584
2019,4,1,1,4,158,NA,8.840970641
2019,4,1,1,4,203,4,10.71880739
2019,4,1,1,4,214,5,14.06145046
2019,4,1,1,4,242,6.1,20.48081993
2019,4,1,1,4,199,NA,14.55877829
2019,4,1,1,4,132,NA,6.134206355
2019,4,1,1,4,315,8,40.10041103
2019,4,1,1,4,257,6,22.23086078
2019,4,1,1,4,281,7.3,30.69304608
2019,4,1,1,4,287,6.1,27.12459526
2019,4,1,1,4,286,6.6,28.82132194
2019,4,1,1,4,292,7.5,33.45797348
2019,4,1,1,4,178,NA,11.3938648
2019,4,1,1,4,281,7.4,31.09223989
2019,4,1,1,4,252,6,21.52942092
2019,4,1,1,4,113,NA,4.55149942
2019,4,1,1,4,293,8.3,37.10670134
2019,4,1,1,4,194,NA,13.75803512
2019,4,1,1,4,198,NA,14.3962093
2019,4,1,1,4,246,6.7,22.97479147
2019,4,1,1,4,288,7,30.71302674
2019,4,1,1,4,152,NA,8.157297016
2019,4,1,1,4,222,4.8,14.42200791
2019,4,1,1,4,101,NA,3.707792329
2019,4,1,1,4,143,NA,7.199329203
2019,4,1,1,4,205,5,13.12862779
2019,4,1,1,4,312,6.5,32.97727832
2019,4,1,1,4,141,NA,6.997170463
2019,4,1,1,4,191,NA,13.2919838
2019,4,1,1,4,277,7,28.84615237
2019,4,1,1,4,288,8.2,35.71197436
2019,4,1,1,4,147,NA,7.61525339
2019,4,1,1,4,139,NA,6.798832036
2019,4,1,1,4,285,8.2,35.15051674
2019,4,1,1,4,205,5.3,13.8521986
2019,4,1,1,4,182,NA,11.95721151
2019,4,1,1,4,174,NA,10.84849611
2019,4,1,1,4,179,NA,11.53300465
2019,4,1,1,4,271,7.5,29.77826371
2019,4,1,1,4,257,6.4,23.55891321
2019,5,1,0,3,105,NA,3.976273476
2019,5,1,0,3,150,NA,7.937495892
2019,5,1,0,3,188,NA,12.83657809
2019,5,1,0,3,225,6.4,19.17476453
2019,5,1,0,3,252,5.5,19.96989176
2019,5,1,0,3,164,NA,9.561814948
2019,5,1,0,3,272,5.4,22.42350078
2019,5,1,0,3,220,5,14.70725623
2019,5,1,0,3,150,NA,7.937495892
2019,5,1,0,3,307,6.4,31.66981021
2019,5,1,0,3,295,5.3,25.54803006
2019,5,1,0,3,330,8.9,47.73550195
2019,5,1,0,3,320,7.4,38.36808878
2019,5,1,0,3,85,NA,2.754610583
2019,5,1,0,3,265,6.2,24.06109095
2019,5,1,0,3,294,5.8,27.1674914
2019,5,1,0,3,160,NA,9.077073411
2019,5,1,0,3,218,4.5,13.27100541
2019,5,1,0,3,325,6.8,36.70400156
2019,5,1,0,3,285,5.7,25.3797711
2019,5,1,0,3,232,4.7,15.27168867
2019,5,1,0,3,212,5.7,15.63283563
2019,5,1,0,3,262,6.6,24.99438595
2019,5,1,0,3,283,7,29.85476973
2019,5,1,0,3,288,6.8,29.92816261
2019,5,1,0,3,273,6.4,25.98165193
2019,5,1,0,3,160,NA,9.077073411
2019,5,1,0,3,122,NA,5.262050685
2019,5,1,0,3,275,6.3,25.93737191
2019,5,1,0,3,310,6.9,34.26366482
2019,5,1,0,3,177,NA,11.25584858
2019,5,1,0,3,218,4.9,14.24034377
2019,5,1,0,3,225,5.5,16.5902268
2019,5,1,0,3,300,6.2,29.66297467
2019,5,1,0,3,206,4.9,12.9936356
2019,5,1,0,3,115,NA,4.703490082
2019,6,0,1,2,242,6.5,21.75132862
2019,6,0,1,2,315,7.6,38.27120578
2019,6,0,1,2,310,5.9,30.23660817
2019,6,0,1,2,195,NA,13.91577251
2019,6,0,1,2,289,5.3,24.61651062
2019,6,0,1,2,208,5,13.43483211
2019,6,0,1,2,210,4.9,13.40075972
2019,6,0,1,2,276,5.9,24.68863991
2019,6,0,1,2,259,5.3,20.2970441
2019,6,0,1,2,292,7.3,32.62898528
2019,6,0,1,2,340,7.7,43.94407544
2019,6,0,1,2,262,5.9,22.6174679
2019,6,0,1,2,300,5.6,27.41986353
2019,6,0,1,2,289,6.1,27.44920392
2019,6,0,1,2,291,6.2,28.14747287
2019,6,0,1,2,265,6.5,25.10012393
2019,6,0,1,2,125,NA,5.51437059
2019,6,0,1,2,370,6.6,45.25796211
2019,6,0,1,2,261,5.8,22.14857778
2019,6,0,1,2,255,NA,25.74191497
2019,6,0,1,2,257,NA,26.22207141
2019,6,0,1,2,227,4.4,13.97254054
2019,6,0,1,2,345,8,46.53299983
2019,6,0,1,2,191,3.9,9.483579198
2019,6,0,1,2,405,9.5,70.50277836
2019,6,0,1,2,231,5.4,17.02673576
2019,6,0,1,2,195,NA,13.91577251
2019,6,0,1,2,242,4.5,15.89319069
2019,6,0,1,2,145,NA,7.405344698
2019,6,0,1,2,380,8.2,55.96812063
2019,6,0,1,2,295,6.9,31.5392578
2019,6,0,1,2,355,7.6,46.78840376
2019,6,0,1,2,345,7.9,46.03226099
2019,6,0,1,2,395,10.3,72.74634314
2019,6,0,1,2,230,5.5,17.18479719
2019,6,0,1,2,325,7,37.58067276
2019,6,0,1,2,345,7.6,44.55162373
2019,6,0,1,2,281,6.5,27.62178689
2019,6,0,1,2,410,9.1,69.42544298
2019,6,0,1,2,291,6.6,29.66484472
2019,6,0,1,2,355,8.6,51.97861597
2019,6,0,1,2,380,8,54.86592799
2019,6,0,1,2,330,6.4,35.95407614
2019,6,0,1,2,315,6.3,32.71183522
2019,6,0,1,2,340,6.1,36.62644917
2019,6,0,1,2,355,6.9,43.36875195
2019,6,0,1,2,340,7.9,44.92200893
2019,6,0,1,2,221,5,14.81677628
2019,6,0,1,2,333,6.5,36.97279028
2019,6,0,1,2,272,5.6,23.0784162
2019,6,0,1,2,295,6.4,29.57628597
2019,6,0,1,2,325,7.4,39.37567217
2019,6,0,1,2,229,5.9,18.20073227
2019,6,0,1,2,300,5.6,27.41986353
2019,6,0,1,2,360,7.1,45.44219787
2019,6,0,1,2,335,9.4,51.53463246
2019,6,0,1,2,356,7.7,47.52011178
2019,6,0,1,2,370,6.9,46.72825351
2019,6,0,1,2,215,5.1,14.41686468
2019,6,0,1,2,185,8,19.00667021
2019,6,0,1,2,305,7.4,35.44875875
2019,6,0,1,2,342,7.9,45.36394185
2019,6,0,1,2,395,8.6,62.18869728
2019,6,0,1,2,306,6.9,33.52241271
2019,6,0,1,2,385,8.2,57.24696917
2019,6,0,1,2,330,8.9,47.73550195
2019,6,0,1,2,319,7.1,36.83980469
2019,6,0,1,2,259,5.3,20.2970441
2019,6,0,1,2,295,5.4,25.89810206
2019,6,0,1,2,318,7.3,37.52473319
2019,6,0,1,2,373,8,53.1257673
2019,6,0,1,2,304,6.9,33.15582979
2019,6,0,1,2,320,7.4,38.36808878
2019,6,0,1,2,402,9.4,69.00586271
2019,6,0,1,2,398,7.7,57.8186105
2019,6,0,1,2,335,7.3,40.97683151
2019,6,0,1,2,314,6.2,32.12699175
2019,6,0,1,2,339,6.5,38.1708619
2019,6,0,1,2,401,8.7,64.42528109
2019,6,0,1,2,357,7.2,45.25909113
2019,6,0,1,2,279,6.1,25.85175163
2019,6,0,1,2,220,7.4,21.65708725
2019,6,0,1,2,149,NA,7.829091722
2019,6,0,1,2,310,6.9,34.26366482
2019,6,0,1,2,270,5.3,21.81656526
2019,6,0,1,2,293,6.1,28.10617002
2019,6,0,1,2,193,NA,13.60149424
2019,6,0,1,2,379,8.7,58.52805685
2019,6,0,1,2,305,6.3,30.91943309
2019,6,0,1,2,315,7.5,37.82276568
2019,6,0,1,2,320,7.7,39.73229719
2019,6,0,1,2,293,5.8,27.00526316
2019,6,0,1,2,365,8,51.18252663
2019,6,0,1,2,285,6.2,27.16637231
2019,6,0,1,2,395,9.2,65.78928137
2019,6,0,1,2,175,6.5,13.71863321
2019,6,0,1,2,202,5.3,13.54101973
2019,6,0,1,2,208,4.8,12.96031363
2019,6,0,1,2,250,5.5,19.70510348
2019,6,0,1,2,205,5.4,14.09916805
2019,6,0,1,2,330,7.9,42.75534933
2019,6,0,1,2,405,9.3,69.23896987
2019,6,0,1,2,265,6.7,25.80917043
2019,6,0,1,2,320,5.6,30.83326975
2019,6,0,1,2,315,6.8,34.78138003
2019,6,0,1,2,375,7.3,49.9205244
2019,6,0,1,2,219,5.5,15.89504271
2019,6,0,1,2,305,6.3,30.91943309
2019,6,0,1,2,385,8.7,60.09905757
2019,6,0,1,2,222,5.2,15.44331494
2019,6,0,1,2,310,6,30.62429677
2019,6,0,1,2,273,6.2,25.27309789
2019,6,0,1,2,264,7,26.73928397
2019,6,0,1,2,394,9,64.29863309
2019,6,0,1,2,272,6.1,24.77122205
2019,6,0,1,2,365,7.8,50.13345914
2019,6,0,1,2,405,9.5,70.50277836
2019,6,0,1,2,330,6.1,34.6867666
2019,6,0,1,2,305,6.2,30.52795408
2019,6,0,1,2,380,7.8,53.77830167
2019,6,0,1,2,335,8.3,45.80343505
2019,6,0,1,2,386,7.6,54.19571982
2019,6,0,1,2,380,8.7,58.78796571
2019,6,0,1,2,268,6.6,25.91719243
2019,6,0,1,2,310,6.6,33.02021435
2019,6,0,1,2,359,8.9,54.58928762
2019,6,0,1,2,335,7.1,40.05412494
2019,6,0,1,2,311,7.3,36.16161698
2019,6,0,1,2,327,7,37.97852485
2019,6,0,1,2,284,6.1,26.64249653
2019,6,0,1,2,355,8.7,52.51779326
2019,6,0,1,2,297,7.2,33.11972296
2019,6,0,1,2,370,8,52.39139202
2019,6,0,1,2,241,7,23.2676905
2019,6,0,1,2,360,7.3,46.42841493
2019,6,0,1,2,340,7.5,42.98043876
2019,6,0,1,2,315,7.8,39.17869175
2019,6,0,1,2,291,6.1,27.77639211
2019,6,0,1,2,261,5.1,19.95730531
2019,6,0,1,2,269,5.3,21.67539529
2019,6,0,1,2,415,9.3,72.15501511
2019,6,0,1,2,338,6.6,38.41204792
2019,6,0,1,2,354,7.7,47.06287513
2019,6,0,1,2,360,8.2,51.0431643
2019,6,0,1,2,257,6.4,23.55891321
2019,6,0,1,2,130,NA,5.952608353
2019,6,0,1,2,267,5.5,22.03180098
2019,6,0,1,2,232,6.7,21.0246789
2019,6,0,1,2,246,8.2,28.37850254
2019,6,0,1,2,320,7.1,37.03547004
2019,6,0,1,2,277,5.9,24.84123539
2019,6,0,1,2,390,7.9,56.85866859
2019,6,0,1,2,259,6.3,23.51394035
2019,6,0,1,2,257,5.2,19.72637721
2019,6,0,1,2,405,9.7,71.78187277
2019,6,0,1,2,375,7.4,50.4381402
2019,6,0,1,2,355,8.7,52.51779326
2019,6,0,1,2,388,7.5,54.1572794
2019,6,0,1,2,350,6.2,39.08125387
2019,6,0,1,2,330,7.3,39.94044445
2019,6,0,1,2,238,7.6,24.91161661
2019,6,0,1,2,260,6.4,24.00117684
2019,6,0,1,2,379,8.6,57.95797351
2019,6,0,1,2,407,8,61.93368724
2019,6,0,1,2,400,10.2,73.56093503
2019,6,0,1,2,310,5.4,28.34717324
2019,6,0,1,2,360,8.1,50.51596134
2019,6,0,1,2,395,8.2,59.86281297
2019,6,0,1,2,385,6.1,46.25201987
2019,6,0,1,2,400,9.4,68.43442556
2019,6,0,1,2,405,8.6,64.93469014
2019,6,0,1,2,320,8.3,42.55696319
2019,6,0,1,2,335,7.1,40.05412494
2019,6,0,1,2,180,NA,11.67327268
2019,6,0,1,2,299,6.1,29.11114422
2019,6,0,1,2,335,7.3,40.97683151
2019,6,0,1,2,265,6,23.38458183
2019,6,0,1,2,207,5.8,15.33739929
2019,6,0,1,2,390,7.9,56.85866859
2019,6,0,1,2,410,7.3,58.74027706
2019,6,0,1,2,400,9.2,67.19113825
2019,6,0,1,2,300,5.8,28.15452256
2019,6,0,1,2,365,7.6,49.09882536
2019,6,0,1,2,340,6.6,38.81817386
2019,6,0,1,2,251,5.8,20.76005786
2019,6,0,1,2,215,5,14.16774448
2019,6,0,1,2,408,9.7,72.66376045
2019,6,0,1,2,304,6.4,31.13746429
2019,6,0,1,2,370,8.1,52.92779411
2019,6,0,1,2,403,9.1,67.42190407
2019,6,0,1,2,310,7.1,35.10973695
2019,6,0,1,2,190,NA,13.13900512
2019,6,0,1,2,173,NA,10.71492884
2019,6,0,1,2,405,6.5,53.09921543
2019,6,0,1,2,390,8.9,62.60925499
2019,6,0,1,2,365,7.8,50.13345914
2019,6,0,1,2,390,7.1,52.52039153
2019,6,0,1,2,340,7.2,41.56155994
2019,6,0,1,2,350,8.5,50.25801356
2019,6,0,1,2,230,6.1,18.91398441
2019,6,0,1,2,260,6.1,22.98968647
2019,6,0,1,2,315,6.8,34.78138003
2019,6,0,1,2,170,NA,10.32081389
2019,6,0,1,2,305,6.4,31.31424467
2019,7,1,1,4,NA,4.6,NA
2019,7,1,1,4,172,NA,10.58246241
2019,7,1,1,4,192,NA,13.44614532
2019,7,1,1,4,270,5.5,22.46051222
2019,7,1,1,4,300,5.9,28.52672243
2019,7,1,1,4,225,4.4,13.76061087
2019,7,1,1,4,245,5,17.6110471
2019,7,1,1,4,315,5.4,29.19658361
2019,7,1,1,4,300,5,25.29278494
2019,7,1,1,4,320,5.1,28.93131715
2019,7,1,1,4,260,5.1,19.82389363
2019,7,1,1,4,230,4,13.32984645
2019,7,1,1,4,125,NA,5.51437059
2019,7,1,1,4,415,7.4,60.64831484
2019,7,1,1,4,240,4.5,15.6625431
2019,7,1,1,4,280,4.9,21.96452954
2019,7,1,1,4,380,7,49.57152161
2019,7,1,1,4,370,6.4,44.2951049
2019,7,1,1,4,296,6.2,28.98287529
2019,7,1,1,4,360,5.9,39.81674054
2019,7,1,1,4,255,4.9,18.58113324
2019,7,1,1,4,275,4,18.56832785
2019,7,1,1,4,240,4.2,14.89355641
2019,7,1,1,4,370,6.3,43.8188403
2019,7,1,1,4,239,4.2,14.78237695
2019,7,1,1,4,300,6.1,29.28093422
2019,7,1,1,4,265,4.7,19.2938324
2019,7,1,1,4,255,4.1,16.36154091
2019,7,1,1,4,360,6.1,40.72007844
2019,7,1,1,4,345,5.4,34.65162294
2019,7,1,1,4,335,6.2,36.0731221
2019,7,1,1,4,325,5.3,30.55946428
2019,7,1,1,4,210,3.3,9.923688078
2019,7,1,1,4,265,3.7,16.49403838
2019,7,1,1,4,250,3.6,14.50890564
2019,7,1,1,4,275,4.5,20.03236839
2019,7,1,1,4,255,4.6,17.72669428
2019,7,1,1,4,270,4.8,20.26080196
2019,7,1,1,4,310,5.9,30.23660817
2019,7,1,1,4,305,4.6,24.70599253
2019,7,1,1,4,246,4.4,16.09540051
2019,7,1,1,4,253,3.3,14.10722985
2019,7,1,1,4,300,4.6,23.93767336
2019,7,1,1,4,310,5.7,29.47107453
2019,7,1,1,4,400,6.7,52.89831208
2019,7,1,1,4,400,6.9,53.95889635
2019,7,1,1,4,305,5.4,27.51439921
2019,7,1,1,4,280,4,19.22329241
2019,7,1,1,4,217,2.7,9.366788306
2019,7,1,1,4,400,6.9,53.95889635
2019,7,1,1,4,312,4.5,25.46365014
2019,7,1,1,4,282,3.2,17.23493346
2019,7,1,1,4,360,6.5,42.56753715
2019,7,1,1,4,285,4.9,22.68705254
2019,7,1,1,4,298,3.8,21.09040969
2019,7,1,1,4,220,2.9,10.00632391
2019,7,1,1,4,217,3.9,11.80493923
2019,7,1,1,4,298,4.9,24.639385
2019,7,1,1,4,300,5.3,26.34201276
2019,7,1,1,4,400,8.1,60.62137902
2019,7,1,1,4,435,6.8,62.71701664
2019,7,1,1,4,305,5.9,29.37337115
2019,7,1,1,4,313,5,27.38667925
2019,7,1,1,4,347,3.4,27.3696089
2019,7,1,1,4,358,5.7,38.51452012
2019,7,1,1,4,214,4.2,12.17955484
2019,7,1,1,4,228,4.5,14.32536367
2019,7,1,1,4,296,5,24.6706849
2019,7,1,1,4,398,6.7,52.39969584
2019,7,1,1,4,225,3.8,12.36254735
2019,7,1,1,4,240,4.2,14.89355641
2019,7,1,1,4,400,6.8,53.42684974
2019,7,1,1,4,303,6.3,30.56899723
2019,7,1,1,4,290,4.5,22.12991924
2019,7,1,1,4,285,5.3,24.00825018
2019,7,1,1,4,135,NA,6.413470346
2019,7,1,1,4,215,4.3,12.50378273
2019,7,1,1,4,350,5.3,35.20462806
2019,7,1,1,4,345,5.6,35.4839471
2019,7,1,1,4,350,6.9,42.28579137
2019,7,1,1,4,330,6.2,35.10583681
2019,7,1,1,4,185,4.4,9.959701248
2019,7,1,1,4,250,5.9,20.93718608
2019,7,1,1,4,205,3.9,10.69143456
2019,7,1,1,4,218,4.9,14.24034377
2019,7,1,1,4,167,NA,9.936483593
2019,7,1,1,4,348,7.1,42.79934553
2019,7,1,1,4,268,6.4,25.20753085
2019,7,1,1,4,268,7.3,28.50572293
2019,7,1,1,4,123,NA,5.34528272
2019,7,1,1,4,317,5.7,30.69060559
2019,7,1,1,4,425,7.7,65.16743126
2019,7,1,1,4,385,7.8,55.03138829
2019,7,1,1,4,218,5,14.48983784
2019,7,1,1,4,342,6.7,39.67825375
2019,7,1,1,4,177,NA,11.25584858
2019,7,1,1,4,321,6.8,35.92667293
2019,7,1,1,4,341,6.5,38.57589598
2019,7,1,1,4,318,6.4,33.67362145
2019,7,1,1,4,321,7.8,40.399285
2019,7,1,1,4,243,6.5,21.89033151
2019,7,1,1,4,341,7,40.84238466
2019,7,1,1,4,305,6.4,31.31424467
2019,7,1,1,4,242,5.5,18.66935577
2019,7,1,1,4,362,6.4,42.53351838
2019,7,1,1,4,398,8.4,61.82612006
2019,7,1,1,4,343,6.3,38.09617441
2019,7,1,1,4,283,5.5,24.38256765
2019,7,1,1,4,323,5.7,31.76231565
2019,7,1,1,4,238,6.6,21.52215573
2019,7,1,1,4,135,NA,6.413470346
2019,7,1,1,4,212,5.2,14.34507853
2019,7,1,1,4,100,NA,3.642615591
2019,7,1,1,4,387,8.4,58.89882159
2019,7,1,1,4,154,NA,8.381118886
2019,7,1,1,4,237,5.9,19.21312815
2019,7,1,1,4,390,7.1,52.52039153
2019,7,1,1,4,328,5.8,33.07751536
2019,7,1,1,4,313,6,31.15395221
2019,7,1,1,4,382,8.2,56.47734926
2019,7,1,1,4,365,8,51.18252663
2019,7,1,1,4,373,8.2,54.20993743
2019,7,1,1,4,234,5.8,18.53492801
2019,7,1,1,4,156,NA,8.608997947
2019,7,1,1,4,314,5.7,30.16391161
2019,7,1,1,4,323,6.9,36.74805684
2019,7,1,1,4,362,6.6,43.47602523
2019,7,1,1,4,313,6.2,31.94662747
2019,7,1,1,4,344,6.1,37.42212962
2019,7,1,1,4,314,5.9,30.93924951
2019,7,1,1,4,263,5.9,22.76141381
2019,7,1,1,4,303,5.9,29.03273008
2019,7,1,1,4,224,6,17.87239506
2019,7,1,1,4,238,7.6,24.91161661
2019,7,1,1,4,405,8.4,63.73853118
2019,7,1,1,4,285,7.2,30.98722245
2019,7,1,1,4,383,7.3,51.85258479
2019,7,1,1,4,348,6.9,41.85770619
2019,7,1,1,4,307,5.2,27.11963188
2019,7,1,1,4,392,7.8,56.81819317
2019,7,1,1,4,395,7.7,57.03795577
2019,7,1,1,4,312,6.4,32.57047739
2019,7,1,1,4,209,4.3,11.91886392
2019,7,1,1,4,268,5.7,22.82587754
2019,7,1,1,4,187,NA,12.68712061
2019,7,1,1,4,291,5.5,25.6181917
2019,7,1,1,4,400,8,60.04631956
2019,7,1,1,4,291,4.9,23.57478421
2019,7,1,1,4,360,6.9,44.47004657
2019,7,1,1,4,293,6.2,28.47967983
2019,7,1,1,4,292,6.2,28.31325153
2019,7,1,1,4,194,NA,13.75803512
2019,7,1,1,4,133,NA,6.226374199
2019,7,1,1,4,231,6.3,19.64485716
2019,7,1,1,4,100,NA,3.642615591
2019,7,1,1,4,194,NA,13.75803512
2019,7,1,1,4,282,7,29.68506001
2019,7,1,1,4,207,5.3,14.06227742
2019,7,1,1,4,399,7.8,58.64326237
2019,7,1,1,4,182,NA,11.95721151
2019,7,1,1,4,157,NA,8.724470312
2019,7,1,1,4,385,7.5,53.40775167
2019,7,1,1,4,400,8.4,62.36856303
2019,7,1,1,4,325,7,37.58067276
2019,7,1,1,4,318,6,32.05022188
2019,7,1,1,4,196,NA,14.07471097
2019,7,1,1,4,328,6,33.89400279
2019,7,1,1,4,268,6.4,25.20753085
2019,7,1,1,4,282,5.4,23.89325256
2019,7,1,1,4,395,7.1,53.76718841
2019,7,1,1,4,232,5.3,16.86999622
2019,7,1,1,4,284,5.5,24.53479839
2019,7,1,1,4,270,6.5,25.87089296
2019,7,1,1,4,258,6.1,22.70133365
2019,7,1,1,4,254,5.4,19.93215275
2019,7,1,1,4,327,6.9,37.53595437
2019,7,1,1,4,227,5.5,16.8263808
2019,7,1,1,4,378,7.1,49.60704274
2019,7,1,1,4,308,5.8,29.50735747
2019,7,1,1,4,158,NA,8.840970641
2019,7,1,1,4,336,6.5,37.56864225
2019,8,0,0,1,226,6.3,19.00205618
2019,8,0,0,1,92,NA,3.148478154
2019,8,0,0,1,230,4.6,14.79380231
2019,8,0,0,1,95,NA,3.328165426
2019,8,0,0,1,302,8,37.50795602
2019,8,0,0,1,149,NA,7.829091722
2019,8,0,0,1,109,NA,4.257411993
2019,8,0,0,1,224,7.5,22.54145272
2019,8,0,0,1,277,6.7,27.71419108
2019,8,0,0,1,177,NA,11.25584858
2019,8,0,0,1,79,NA,2.444368194
2019,8,0,0,1,188,NA,12.83657809
2019,8,0,0,1,156,NA,8.608997947
2019,8,0,0,1,186,NA,12.53882777
2019,8,0,0,1,162,NA,9.317342699
2019,8,0,0,1,234,5.9,18.82919522
2019,8,0,0,1,234,6,19.12656067
2019,8,0,0,1,197,NA,14.23485505
2019,8,0,0,1,268,7,27.37622467
2019,9,1,1,4,126,NA,5.600235536
2019,9,1,1,4,79,NA,2.444368194
2019,9,1,1,4,168,NA,10.0635141
2019,9,1,1,4,203,5.5,14.13674477
2019,9,1,1,4,204,5,13.02760333
2019,9,1,1,4,112,NA,4.476747659
2019,9,1,1,4,233,5.7,18.11919016
2019,9,1,1,4,213,6.1,16.83418077
2019,9,1,1,4,209,3.9,11.05444736
2019,9,1,1,4,134,NA,6.319460677
2019,9,1,1,4,188,NA,12.83657809
2019,9,1,1,4,284,7.6,32.43223684
2019,9,1,1,4,208,6.1,16.25288895
2019,9,1,1,4,86,NA,2.808741
2019,9,1,1,4,179,NA,11.53300465
2019,9,1,1,4,213,5,13.95568942
2019,9,1,1,4,246,7.4,25.40197745
2019,9,1,1,4,247,6.5,22.45226502
2019,9,1,1,4,239,6.7,21.9853226
2019,9,1,1,4,268,NA,28.96997904
2019,9,1,1,4,214,5.6,15.59348081
2019,9,1,1,4,213,5.6,15.48115197
2019,9,1,1,4,256,7.1,25.8538483
2019,9,1,1,4,151,NA,8.046896138
2019,9,1,1,4,278,7.1,29.3979309
2019,9,1,1,4,283,7.7,32.6665495
2019,9,1,1,4,253,5.9,21.3491679
2019,9,1,1,4,116,NA,4.780738094
2019,9,1,1,4,107,NA,4.115242342
2019,9,1,1,4,239,6.7,21.9853226
2019,9,1,1,4,287,7.1,30.93637424
2019,9,1,1,4,228,6,18.36726234
2019,9,1,1,4,283,6.6,28.32296735
2019,9,1,1,4,281,7.1,29.90493827
2019,9,1,1,4,289,7.9,34.59967703
2019,9,1,1,4,263,6.3,24.104984
2019,9,1,1,4,195,NA,13.91577251
2019,9,1,1,4,305,6.3,30.91943309
2019,9,1,1,4,251,6.9,24.38823705
2019,9,1,1,4,243,6.9,23.21703127
2019,9,1,1,4,201,6.5,16.54554486
2019,9,1,1,4,261,7,26.26811694
2019,9,1,1,4,317,7.2,36.88750315
2019,9,1,1,4,194,NA,13.75803512
2019,9,1,1,4,205,5.3,13.8521986
2019,9,1,1,4,234,5.8,18.53492801
2019,9,1,1,4,144,NA,7.301852578
2019,9,1,1,4,175,NA,10.98316879
2019,9,1,1,4,273,6.7,27.06912259
2019,9,1,1,4,263,8.3,31.62035555
2019,9,1,1,4,201,4.2,10.95589824
2019,9,1,1,4,197,NA,14.23485505
2019,9,1,1,4,153,5.6,9.68403021
2019,9,1,1,4,184,NA,12.24571772
2019,9,1,1,4,184,7.2,16.54071546
2019,9,1,1,4,261,6,22.80285712
2019,9,1,1,4,265,6.4,24.75052332
2019,9,1,1,4,284,6.9,29.63590144
2019,9,1,1,4,190,NA,13.13900512
2019,9,1,1,4,174,NA,10.84849611
2019,9,1,1,4,232,6.1,19.1693682
2019,9,1,1,4,261,6.5,24.49464961
2019,9,1,1,4,279,7.1,29.56629138
2019,9,1,1,4,265,7.1,27.26707248
2019,9,1,1,4,213,6.2,17.11391386
2019,9,1,1,4,243,6.5,21.89033151
2019,9,1,1,4,287,6.6,28.98872999
2019,9,1,1,4,251,6,21.39092754
2019,9,1,1,4,161,NA,9.196684962
2019,9,1,1,4,237,5.6,18.32929066
2019,9,1,1,4,267,7.8,30.2866105
2019,9,1,1,4,256,6.5,23.75160124
2019,9,1,1,4,120,NA,5.098187639
2019,9,1,1,4,193,NA,13.60149424
2019,9,1,1,4,240,5.9,19.60224492
2019,9,1,1,4,264,7.4,28.23266976
2019,9,1,1,4,306,7.8,37.39429027
2019,9,1,1,4,264,6.5,24.9478307
2019,9,1,1,4,296,7.4,33.77036666
2019,9,1,1,4,285,6.9,29.80567947
2019,9,1,1,4,269,6.3,25.00999139
2019,9,1,1,4,110,NA,4.329708501
2019,9,1,1,4,76,NA,2.298389224
2019,9,1,1,4,265,6.7,25.80917043
2019,9,1,1,4,211,5.9,16.05420727
2019,9,1,1,4,127,NA,5.68698723
2019,9,1,1,4,138,NA,6.701084051
2019,9,1,1,4,96,NA,3.389546173
2019,9,1,1,4,92,NA,3.148478154
2019,9,1,1,4,280,6.6,27.83039088
2019,9,1,1,4,175,NA,10.98316879
2019,9,1,1,4,105,NA,3.976273476
2019,9,1,1,4,203,6,15.41959221
2019,9,1,1,4,206,5.4,14.20502816
2019,9,1,1,4,260,7,26.11230015
2019,9,1,1,4,315,8.1,40.56664278
2019,9,1,1,4,183,NA,12.10089141
2019,9,1,1,4,168,NA,10.0635141
2019,9,1,1,4,166,NA,9.810526601
2019,9,1,1,4,111,NA,4.402818871
2019,9,1,1,4,145,NA,7.405344698
2019,9,1,1,4,131,NA,6.042952592
2019,9,1,1,4,173,NA,10.71492884
2019,9,1,1,4,205,6.6,17.29531921
2019,9,1,1,4,63,NA,1.732768476
2019,9,1,1,4,109,NA,4.257411993
2019,9,1,1,4,181,NA,11.81467345
2019,9,1,1,4,207,6,15.86828443
2019,9,1,1,4,129,NA,5.863169083
2019,9,1,1,4,157,NA,8.724470312
2019,9,1,1,4,245,6.5,22.17011136
2019,9,1,1,4,228,6.1,18.66087899
2019,9,1,1,4,179,NA,11.53300465
2019,9,1,1,4,231,6.4,19.95131365
2019,9,1,1,4,291,8.4,37.1694308
2019,9,1,1,4,240,6.7,22.12490055
2019,9,1,1,4,270,7,27.69845336
2019,9,1,1,4,171,NA,10.45109228
2019,9,1,1,4,198,NA,14.3962093
2019,9,1,1,4,163,NA,9.439051176
2019,9,1,1,4,220,6.1,17.67103677
2019,11,0,0,1,104,NA,3.90797795
2019,11,0,0,1,125,NA,5.51437059
2019,11,0,0,1,161,NA,9.196684962
2019,11,0,0,1,172,NA,10.58246241
2019,11,0,0,1,235,7.4,23.76896155
2019,11,0,0,1,240,6.2,20.52442863
2019,11,0,0,1,221,6.3,18.37343251
2019,11,0,0,1,195,5.9,14.29398094
2019,11,0,0,1,165,NA,9.685638572
2019,11,0,0,1,248,6.8,23.60204921
2019,11,0,0,1,189,NA,12.98720474
2019,11,0,0,1,121,NA,5.179687177
2019,11,0,0,1,260,6.6,24.69172357
2019,11,0,0,1,220,6.4,18.54324739
2019,11,0,0,1,210,NA,16.42851236
2019,11,0,0,1,165,NA,9.685638572
2019,11,0,0,1,280,7.2,30.12641435
2019,11,0,0,1,234,5.8,18.53492801
2019,11,0,0,1,194,NA,13.75803512
2019,11,0,0,1,145,NA,7.405344698
2019,11,0,0,1,210,5.5,14.88910949
2019,11,0,0,1,109,NA,4.257411993
2019,11,0,0,1,110,NA,4.329708501
2019,11,0,0,1,170,NA,10.32081389
2019,11,0,0,1,245,6.4,21.84418503
2019,11,0,0,1,165,NA,9.685638572
2019,11,0,0,1,155,NA,8.49454899
2019,11,0,0,1,175,NA,10.98316879
2019,11,0,0,1,215,6,16.79161369
2019,11,0,0,1,204,NA,15.39000366
2019,11,0,0,1,150,NA,7.937495892
2019,11,0,0,1,171,NA,10.45109228
2019,11,0,0,1,130,NA,5.952608353
2019,11,0,0,1,161,NA,9.196684962
2019,11,0,0,1,219,5.9,16.9860717
2019,11,0,0,1,172,NA,10.58246241
2019,11,0,0,1,176,NA,11.11895143
2019,11,0,0,1,85,NA,2.754610583
2019,11,0,0,1,71,NA,2.068209814
2019,11,0,0,1,115,NA,4.703490082
2019,11,0,0,1,121,NA,5.179687177
2019,11,0,0,1,121,NA,5.179687177
2019,11,0,0,1,140,NA,6.897525988
2019,11,0,0,1,139,NA,6.798832036
2019,11,0,0,1,143,NA,7.199329203
2019,11,0,0,1,154,NA,8.381118886
2019,11,0,0,1,195,NA,13.91577251
2019,12,0,1,2,215,4.5,12.96510434
2019,12,0,1,2,95,NA,3.328165426
2019,12,0,1,2,265,7.1,27.26707248
2019,12,0,1,2,270,7.3,28.83523777
2019,12,0,1,2,116,NA,4.780738094
2019,12,0,1,2,145,NA,7.405344698
2019,12,0,1,2,142,NA,7.097770017
2019,12,0,1,2,220,6.8,19.75019905
2019,12,0,1,2,268,7.2,28.12583844
2019,12,0,1,2,220,7.8,22.9942083
2019,12,0,1,2,105,NA,3.976273476
2019,12,0,1,2,268,7.2,28.12583844
2019,12,0,1,2,262,7.6,28.67049841
2019,12,0,1,2,195,NA,13.91577251
2019,12,0,1,2,198,NA,14.3962093
2019,12,0,1,2,278,6.7,27.87704378
2019,12,0,1,2,265,6.5,25.10012393
2019,12,0,1,2,260,6.6,24.69172357
2019,12,0,1,2,295,8.1,36.60057065
2019,12,0,1,2,220,6.2,17.95866381
2019,12,0,1,2,120,NA,5.098187639
2019,12,0,1,2,150,NA,7.937495892
2019,12,0,1,2,256,7,25.49519478
2019,12,0,1,2,242,6.6,22.07696051
2019,12,0,1,2,80,NA,2.494367069
2019,12,0,1,2,290,8.4,36.97712882
2019,12,0,1,2,170,NA,10.32081389
2019,12,0,1,2,265,6.2,24.06109095
2019,12,0,1,2,295,6.3,29.19373167
2019,12,0,1,2,292,7.7,34.30088523
2019,12,0,1,2,178,NA,11.3938648
2019,12,0,1,2,227,6.2,18.83076432
2019,12,0,1,2,240,6.2,20.52442863
2019,12,0,1,2,270,6.4,25.5153067
2019,12,0,1,2,190,NA,13.13900512
2019,12,0,1,2,222,5.7,16.78632578
2019,12,0,1,2,172,NA,10.58246241
2019,12,0,1,2,246,6.6,22.6412189
2019,12,0,1,2,300,8.4,38.93023702
2019,12,0,1,2,140,NA,6.897525988
2019,12,0,1,2,275,6.9,28.1368192
2019,12,0,1,2,230,6.5,20.12893148
2019,12,0,1,2,215,4.8,13.67814671
2019,12,0,1,2,235,6.2,19.86150007
2019,12,0,1,2,192,NA,13.44614532
2019,12,0,1,2,222,7,20.63755666
2019,12,0,1,2,295,7.8,35.28798727
2019,12,0,1,2,160,NA,9.077073411
2019,12,0,1,2,222,6.6,19.39587549
2019,12,0,1,2,210,6.7,18.18841532
2019,12,0,1,2,215,6.1,17.07052386
2019,12,0,1,2,160,NA,9.077073411
2019,12,0,1,2,255,6.6,23.94577876
2019,12,0,1,2,238,6.7,21.84633292
2019,12,0,1,2,310,8,39.08963271
2019,12,0,1,2,280,7.4,30.91891535
2019,12,0,1,2,310,8.3,40.48019245
2019,12,0,1,2,226,7.1,21.4970073
2019,12,0,1,2,240,6.2,20.52442863
2019,12,0,1,2,205,6,15.64286583
2019,12,0,1,2,270,7.5,29.61011638
2019,12,0,1,2,240,6.3,20.83813033
2019,12,0,1,2,230,5.5,17.18479719
2019,12,0,1,2,285,8,34.28975691
2019,12,0,1,2,190,NA,13.13900512
2019,12,0,1,2,235,7,22.41434972
2019,12,0,1,2,290,8.2,36.08958147
2019,12,0,1,2,285,6.4,27.90385224
2019,12,0,1,2,275,6.8,27.76193263
2019,12,0,1,2,305,8,38.09598397
2019,12,0,1,2,335,9.2,50.45896084
2019,12,0,1,2,160,NA,9.077073411
2019,12,0,1,2,275,7.4,30.06194859
2019,12,0,1,2,300,7.1,33.25194321
2019,12,0,1,2,235,6.1,19.55673815
2019,12,0,1,2,237,6.4,20.74855078
2019,12,0,1,2,199,NA,14.55877829
2019,12,0,1,2,201,5.1,12.96168353
2019,12,0,1,2,145,NA,7.405344698
2019,12,0,1,2,205,4.7,12.43070336
2019,12,0,1,2,300,6.7,31.62309309
2019,12,0,1,2,280,8.4,35.09046227
2019,12,0,1,2,245,7,23.84845032
2019,12,0,1,2,155,NA,8.49454899
2019,12,0,1,2,230,5.6,17.46534823
2019,12,0,1,2,245,6.5,22.17011136
2019,12,0,1,2,215,6.1,17.07052386
2019,12,0,1,2,235,6.2,19.86150007
2019,12,0,1,2,280,7.4,30.91891535
2019,12,0,1,2,135,NA,6.413470346
2019,12,0,1,2,335,7.7,42.86453971
2019,12,0,1,2,255,6.6,23.94577876
2019,12,0,1,2,215,6.6,18.51148369
2019,12,0,1,2,325,7.6,40.29421747
2019,12,0,1,2,125,NA,5.51437059
2019,12,0,1,2,238,6.4,20.88345406
2019,12,0,1,2,150,NA,7.937495892
2019,12,0,1,2,265,7.3,28.01617257
2019,12,0,1,2,275,8.1,32.90180787
2019,12,0,1,2,200,6.5,16.43022977
2019,12,0,1,2,215,6.8,19.10983913
2019,12,0,1,2,210,6.3,17.03958541
2019,12,0,1,2,180,NA,11.67327268
2019,12,0,1,2,278,7.5,30.97315247
2019,12,0,1,2,280,6.3,26.7274767
2019,12,0,1,2,175,NA,10.98316879
2019,12,0,1,2,280,7,29.34757243
2019,12,0,1,2,250,6.9,24.23973063
2019,12,0,1,2,250,7.1,24.93936164
2019,12,0,1,2,185,NA,12.39169499
2019,12,0,1,2,230,7.1,22.04720129
2019,12,0,1,2,290,7.4,32.68139943
2019,12,0,1,2,205,5.1,13.36694561
2019,12,0,1,2,295,8.3,37.49346435
2019,12,0,1,2,170,NA,10.32081389
2019,12,0,1,2,290,7.8,34.35732181
2019,12,0,1,2,205,6.2,16.18141685
2019,12,0,1,2,245,6.3,21.52146879
2019,12,0,1,2,130,NA,5.952608353
2019,12,0,1,2,245,6.5,22.17011136
2019,12,0,1,2,113,NA,4.55149942
2019,12,0,1,2,230,5.6,17.46534823
2019,12,0,1,2,255,7.4,26.79240621
2019,12,0,1,2,265,7.3,28.01617257
2019,12,0,1,2,202,5.7,14.53343633
2019,12,0,1,2,188,NA,12.83657809
2019,12,0,1,2,210,5.4,14.6337674
2019,12,0,1,2,320,7.4,38.36808878
2019,12,0,1,2,255,6.5,23.6048183
2019,12,0,1,2,190,NA,13.13900512
2019,12,0,1,2,185,NA,12.39169499
2019,12,0,1,2,315,7.6,38.27120578
2019,12,0,1,2,175,NA,10.98316879
2019,12,0,1,2,225,6.4,19.17476453
2019,12,0,1,2,275,6.9,28.1368192
2019,12,0,1,2,255,7.3,26.42486836
2019,12,0,1,2,215,6.8,19.10983913
2019,12,0,1,2,260,8,29.89982159
2019,12,0,1,2,285,8.6,36.91501087
2019,12,0,1,2,190,NA,13.13900512
2019,12,0,1,2,195,NA,13.91577251
2019,12,0,1,2,310,7.3,35.9696237
2019,12,0,1,2,190,NA,13.13900512
2019,12,0,1,2,265,7.8,29.94867164
2019,12,0,1,2,310,8.3,40.48019245
2019,12,0,1,2,240,7.9,26.30078546
2019,12,0,1,2,295,7.6,34.4306017
2019,12,0,1,2,285,7.3,31.38789939
2019,12,0,1,2,225,6.1,18.28547045
2019,12,0,1,2,220,6.6,19.14038137
2019,12,0,1,2,300,8.1,37.56666412
2019,12,0,1,2,192,NA,13.44614532
2019,12,0,1,2,330,7,38.58055244
2019,12,0,1,2,270,6.5,25.87089296
2019,12,0,1,2,260,7.2,26.84257694
2019,12,0,1,2,225,5.8,17.42410642
2019,12,0,1,2,265,8.7,33.64740115
2019,12,0,1,2,292,7.1,31.81380465
2019,12,0,1,2,300,8.4,38.93023702
2019,12,0,1,2,250,6.8,23.8948762
2019,12,0,1,2,205,6.6,17.29531921
2019,12,0,1,2,200,5.4,13.57774982
2019,12,0,1,2,245,6.5,22.17011136
2019,12,0,1,2,200,5.9,14.82945132
2019,12,0,1,2,235,7,22.41434972
2019,12,0,1,2,250,8.1,28.64005038
2019,12,0,1,2,155,NA,8.49454899
2019,12,0,1,2,175,NA,10.98316879
2019,12,0,1,2,245,6.9,23.50623526
2019,12,0,1,2,310,7.3,35.9696237
2019,12,0,1,2,150,NA,7.937495892
2019,12,0,1,2,130,NA,5.952608353
2019,12,0,1,2,280,7.1,29.73529343
2019,12,0,1,2,260,7.3,27.21276648
2019,12,0,1,2,280,7.1,29.73529343
2019,12,0,1,2,315,8,40.10041103
2019,12,0,1,2,270,7.4,29.22096475
2019,12,0,1,2,205,5.7,14.85765387
2019,12,0,1,2,205,7,18.45920275
2019,12,0,1,2,240,6.3,20.83813033
2019,12,0,1,2,290,7.5,33.09514934
2019,12,0,1,2,230,6.6,20.44058756
2019,12,0,1,2,220,6.5,18.84023725
2019,12,0,1,2,245,6.6,22.49926366
2019,12,0,1,2,235,6.2,19.86150007
2019,12,0,1,2,220,5.9,17.10502887
2019,12,0,1,2,240,6.7,22.12490055
2019,12,0,1,2,255,6.4,23.2671099
2019,12,0,1,2,200,5.7,14.31993306
2019,12,0,1,2,300,7,32.83961066
2019,12,0,1,2,285,6.7,29.0349104
2019,12,0,1,2,270,5.2,21.49925954
2019,12,0,1,2,295,7.4,33.58721766
2019,12,0,1,2,190,NA,13.13900512
2019,12,0,1,2,280,6.8,28.58227086
2019,12,0,1,2,280,5.9,25.30279187
2019,12,0,1,2,282,6.4,27.41471126
2019,12,0,1,2,290,7.9,34.78506872
2019,12,0,1,2,195,NA,13.91577251
2019,12,0,1,2,345,9.5,54.48556707
2019,12,0,1,2,290,7.6,33.51237667
2019,12,0,1,2,140,NA,6.897525988
2019,12,0,1,2,245,6,20.57242172
2019,12,0,1,2,255,6.9,24.98832826
2019,12,0,1,2,193,NA,13.60149424
2019,12,0,1,2,360,8.9,54.83664213
2019,12,0,1,2,180,NA,11.67327268
2019,12,0,1,2,290,8.8,38.79564067
2019,12,0,1,2,225,6.2,18.57877647
2019,12,0,1,2,230,5.3,16.63274052
2020,1,0,0,1,184,NA,12.24571772
2020,1,0,0,1,105,NA,3.976273476
2020,1,0,0,1,264,6.1,23.57369679
2020,1,0,0,1,182,NA,11.95721151
2020,1,0,0,1,284,7,30.02512505
2020,1,0,0,1,115,NA,4.703490082
2020,1,0,0,1,161,NA,9.196684962
2020,1,0,0,1,253,6.8,24.33864242
2020,1,0,0,1,221,5.9,17.22454014
2020,1,0,0,1,183,NA,12.10089141
2020,1,0,0,1,142,NA,7.097770017
2020,1,0,0,1,160,NA,9.077073411
2020,1,0,0,1,273,6.5,26.34084182
2020,1,0,0,1,123,NA,5.34528272
2020,1,0,0,1,169,NA,10.19162268
2020,1,0,0,1,178,NA,11.3938648
2020,1,0,0,1,145,NA,7.405344698
2020,1,0,0,1,189,NA,12.98720474
2020,1,0,0,1,116,NA,4.780738094
2020,1,0,0,1,245,6.5,22.17011136
2020,2,1,0,3,255,6.6,23.94577876
2020,2,1,0,3,295,6.4,29.57628597
2020,2,1,0,3,154,NA,8.381118886
2020,2,1,0,3,127,NA,5.68698723
2020,2,1,0,3,125,NA,5.51437059
2020,2,1,0,3,186,NA,12.53882777
2020,2,1,0,3,230,5.3,16.63274052
2020,2,1,0,3,125,NA,5.51437059
2020,2,1,0,3,185,NA,12.39169499
2020,2,1,0,3,260,6.2,23.32362654
2020,2,1,0,3,180,NA,11.67327268
2020,2,1,0,3,165,NA,9.685638572
2020,2,1,0,3,100,NA,3.642615591
2020,2,1,0,3,160,NA,9.077073411
2020,2,1,0,3,350,6.3,39.52877045
2020,2,1,0,3,175,NA,10.98316879
2020,2,1,0,3,265,5.5,21.74904584
2020,2,1,0,3,300,7.6,35.36544804
2020,2,1,0,3,248,6.2,21.61552668
2020,2,1,0,3,130,NA,5.952608353
2020,2,1,0,3,159,NA,8.958503489
2020,2,1,0,3,132,NA,6.134206355
2020,2,1,0,3,200,4.8,12.17120952
2020,2,1,0,3,127,NA,5.68698723
2020,2,1,0,3,177,NA,11.25584858
2020,2,1,0,3,330,8.6,46.20296048
2020,2,1,0,3,185,NA,12.39169499
2020,2,1,0,3,183,NA,12.10089141
2020,2,1,0,3,310,6.3,31.80721752
2020,2,1,0,3,97,NA,3.451677008
2020,2,1,0,3,315,7.6,38.27120578
2020,2,1,0,3,107,NA,4.115242342
2020,2,1,0,3,160,NA,9.077073411
2020,2,1,0,3,225,6.2,18.57877647
2020,2,1,0,3,162,NA,9.317342699
2020,2,1,0,3,199,NA,14.55877829
2020,2,1,0,3,283,6.6,28.32296735
2020,2,1,0,3,120,NA,5.098187639
2020,2,1,0,3,172,NA,10.58246241
2020,2,1,0,3,126,NA,5.600235536
2020,2,1,0,3,330,6.2,35.10583681
2020,2,1,0,3,290,5.7,26.16559574
2020,2,1,0,3,72,NA,2.112955067
2020,2,1,0,3,225,6.5,19.47747959
2020,2,1,0,3,170,NA,10.32081389
2020,2,1,0,3,183,NA,12.10089141
2020,2,1,0,3,225,6,17.99526778
2020,2,1,0,3,125,NA,5.51437059
2020,2,1,0,3,68,NA,1.937773056
2020,2,1,0,3,150,NA,7.937495892
2020,2,1,0,3,246,6,20.70736309
2020,2,1,0,3,102,NA,3.773741931
2020,2,1,0,3,150,NA,7.937495892
2020,2,1,0,3,290,6.1,27.61247494
2020,2,1,0,3,162,NA,9.317342699
2020,2,1,0,3,253,6.2,22.31671842
2020,2,1,0,3,152,NA,8.157297016
2020,2,1,0,3,117,NA,4.858827301
2020,2,1,0,3,148,NA,7.721679073
2020,2,1,0,3,125,NA,5.51437059
2020,2,1,0,3,237,5.4,17.75538683
2020,2,1,0,3,305,7.4,35.44875875
2020,2,1,0,3,115,NA,4.703490082
2020,2,1,0,3,97,NA,3.451677008
2020,2,1,0,3,315,8.7,43.44011491
2020,2,1,0,3,132,NA,6.134206355
2020,2,1,0,3,187,NA,12.68712061
2020,2,1,0,3,191,NA,13.2919838
2020,2,1,0,3,215,5,14.16774448
2020,2,1,0,3,219,5,14.59827719
2020,2,1,0,3,325,8.6,45.10174147
2020,2,1,0,3,122,NA,5.262050685
2020,2,1,0,3,262,5.6,21.64675409
2020,2,1,0,3,92,NA,3.148478154
2020,2,1,0,3,72,NA,2.112955067
2020,2,1,0,3,120,NA,5.098187639
2020,2,1,0,3,285,7.7,33.02514554
2020,2,1,0,3,148,NA,7.721679073
2020,2,1,0,3,135,NA,6.413470346
2020,2,1,0,3,116,NA,4.780738094
2020,2,1,0,3,97,NA,3.451677008
2020,2,1,0,3,193,NA,13.60149424
2020,2,1,0,3,111,NA,4.402818871
2020,2,1,0,3,228,6.1,18.66087899
2020,2,1,0,3,81,NA,2.545043147
2020,2,1,0,3,101,NA,3.707792329
2020,2,1,0,3,112,NA,4.476747659
2020,2,1,0,3,102,NA,3.773741931
2020,2,1,0,3,104,NA,3.90797795
2020,3,0,1,2,274,5.7,23.70667267
2020,3,0,1,2,296,6.1,28.60571496
2020,3,0,1,2,187,NA,12.68712061
2020,3,0,1,2,193,NA,13.60149424
2020,3,0,1,2,291,6.2,28.14747287
2020,3,0,1,2,244,5.6,19.22126396
2020,3,0,1,2,250,4.7,17.38786012
2020,3,0,1,2,257,6,22.23086078
2020,3,0,1,2,302,6.7,31.97938142
2020,3,0,1,2,237,5.5,18.04081738
2020,3,0,1,2,278,7,29.01265252
2020,3,0,1,2,310,9.4,45.86063569
2020,3,0,1,2,305,6.9,33.33878535
2020,3,0,1,2,281,6.4,27.25294371
2020,3,0,1,2,307,6.8,33.2925474
2020,3,0,1,2,246,4.3,15.83243991
2020,3,0,1,2,303,6.6,31.75610008
2020,3,0,1,2,246,5,17.73452807
2020,3,0,1,2,345,7.9,46.03226099
2020,3,0,1,2,264,5,20.05695425
2020,3,0,1,2,291,5.4,25.26973677
2020,3,0,1,2,290,5.9,26.88254616
2020,3,0,1,2,288,5.4,24.80519209
2020,3,0,1,2,380,6.8,48.55527344
2020,3,0,1,2,248,5,17.98321891
2020,3,0,1,2,263,5.4,21.15338142
2020,3,0,1,2,248,5.6,19.7437205
2020,3,0,1,2,320,7.4,38.36808878
2020,3,0,1,2,258,6,22.37295232
2020,3,0,1,2,241,4.7,16.30689662
2020,3,0,1,2,271,5.3,21.95834685
2020,3,0,1,2,315,7.5,37.82276568
2020,3,0,1,2,262,5.7,21.96717379
2020,3,0,1,2,304,5.9,29.20271949
2020,3,0,1,2,306,6.1,30.31355614
2020,3,0,1,2,297,6,28.39844524
2020,3,0,1,2,317,6.4,33.48806092
2020,3,0,1,2,296,5.7,27.12979306
2020,3,0,1,2,284,5.4,24.19470397
2020,3,0,1,2,315,6.1,31.90756887
2020,3,0,1,2,174,NA,10.84849611
2020,3,0,1,2,310,6.5,32.61251698
2020,3,0,1,2,305,6.1,30.1397935
2020,3,0,1,2,291,5.1,24.24335892
2020,3,0,1,2,283,5.3,23.70791398
2020,3,0,1,2,320,6.9,36.16442463
2020,3,0,1,2,222,4.4,13.44675147
2020,3,0,1,2,318,6.3,33.26275157
2020,3,0,1,2,301,5.4,26.86004759
2020,3,0,1,2,390,7.4,54.12037846
2020,3,0,1,2,320,7,36.59821977
2020,3,0,1,2,271,5.8,23.59767042
2020,3,0,1,2,208,4,11.1739461
2020,3,0,1,2,259,5.1,19.69107783
2020,3,0,1,2,240,4.3,15.14702045
2020,3,0,1,2,274,5.5,23.04072884
2020,3,0,1,2,262,5.9,22.6174679
2020,3,0,1,2,301,5.9,28.69473284
2020,3,0,1,2,263,4.4,18.16812965
2020,3,0,1,2,261,5.1,19.95730531
2020,3,0,1,2,235,4.3,14.59118396
2020,3,0,1,2,266,6.9,26.68916137
2020,3,0,1,2,308,7.3,35.58767825
2020,3,0,1,2,300,5.7,27.78557435
2020,3,0,1,2,395,8,58.72194074
2020,3,0,1,2,294,6.9,31.36295256
2020,3,0,1,2,226,4.2,13.38701491
2020,3,0,1,2,266,5.5,21.89011905
2020,3,0,1,2,320,7.6,39.27402825
2020,3,0,1,2,220,4,12.31844834
2020,3,0,1,2,261,6.3,23.80823946
2020,3,0,1,2,229,4.3,13.94233757
2020,3,0,1,2,310,8.4,40.95093665
2020,3,0,1,2,242,4.5,15.89319069
2020,3,0,1,2,248,4.7,17.14364115
2020,3,0,1,2,234,7.6,24.31900615
2020,3,0,1,2,251,5.2,18.9421111
2020,3,0,1,2,276,6.8,27.92472745
2020,3,0,1,2,330,7,38.58055244
2020,3,0,1,2,310,5.7,29.47107453
2020,3,0,1,2,305,7,33.75388891
2020,3,0,1,2,295,6.2,28.81449044
2020,3,0,1,2,204,4.7,12.33287065
2020,3,0,1,2,202,4.5,11.69379985
2020,3,0,1,2,244,5.5,18.92480285
2020,3,0,1,2,165,NA,9.685638572
2020,3,0,1,2,250,6.7,23.55330816
2020,3,0,1,2,282,5.7,24.91591549
2020,3,0,1,2,283,5.8,25.41835843
2020,3,0,1,2,182,NA,11.95721151
2020,3,0,1,2,310,6.9,34.26366482
2020,3,0,1,2,320,6.6,34.88363301
2020,3,0,1,2,210,5.9,15.94017902
2020,3,0,1,2,295,6.6,30.3513914
2020,3,0,1,2,300,6.6,31.22436636
2020,3,0,1,2,276,6.5,26.81644763
2020,3,0,1,2,255,5.4,20.0654603
2020,3,0,1,2,305,6.5,31.71240294
2020,3,0,1,2,244,4.9,17.20982545
2020,3,0,1,2,220,4.6,13.71781416
2020,3,0,1,2,290,5.9,26.88254616
2020,3,0,1,2,267,5.5,22.03180098
2020,3,0,1,2,300,6,28.90218823
2020,3,0,1,2,226,4.5,14.11018256
2020,3,0,1,2,285,6.5,28.27754516
2020,3,0,1,2,405,7.3,57.42139526
2020,3,0,1,2,350,7.3,44.19324739
2020,3,0,1,2,405,8.2,62.55715276
2020,3,0,1,2,330,7.1,39.03036259
2020,3,0,1,2,292,6.5,29.44994868
2020,3,0,1,2,330,7.9,42.75534933
2020,3,0,1,2,125,NA,5.51437059
2020,3,0,1,2,186,3,7.491064019
2020,3,0,1,2,295,5.6,26.60781063
2020,3,0,1,2,206,4.1,11.20200299
2020,3,0,1,2,330,7.3,39.94044445
2020,3,0,1,2,250,5,18.23422387
2020,3,0,1,2,270,5.1,21.18504549
2020,3,0,1,2,310,7,34.68498105
2020,3,0,1,2,264,5.8,22.5768866
2020,3,0,1,2,262,5.2,20.39623229
2020,3,0,1,2,174,NA,10.84849611
2020,3,0,1,2,185,5.2,11.64252165
2020,3,0,1,2,335,5,31.18799822
2020,3,0,1,2,315,7.2,36.49849079
2020,3,0,1,2,260,4.9,19.22781062
2020,3,0,1,2,149,3.8,6.261209627
2020,3,0,1,2,236,6.3,20.30199352
2020,3,0,1,2,295,6.3,29.19373167
2020,3,0,1,2,203,4.2,11.13855515
2020,3,0,1,2,280,5.5,23.92965621
2020,3,0,1,2,275,5.3,22.53161592
2020,3,0,1,2,224,4.4,13.65545443
2020,3,0,1,2,320,6.7,35.30714496
2020,3,0,1,2,310,6.4,32.20818937
2020,3,0,1,2,290,5.4,25.11424985
2020,3,0,1,2,268,5.3,21.53483562
2020,3,0,1,2,183,4.2,9.401008834
2020,3,0,1,2,325,7.2,38.47119345
2020,3,0,1,2,310,7.3,35.9696237
2020,3,0,1,2,260,5.1,19.82389363
2020,3,0,1,2,310,6.7,33.43129546
2020,3,0,1,2,275,5,21.57141051
2020,3,0,1,2,270,5.3,21.81656526
2020,3,0,1,2,190,4.4,10.39070691
2020,3,0,1,2,225,4.3,13.52063968
2020,3,0,1,2,265,5.4,21.43137126
2020,3,0,1,2,255,5.2,19.46259666
2020,3,0,1,2,210,5,13.64159082
2020,3,0,1,2,152,NA,8.157297016
2020,3,0,1,2,310,7.5,36.84343696
2020,3,0,1,2,251,5.3,19.23741652
2020,3,0,1,2,305,6.8,32.92709909
2020,3,0,1,2,281,5.9,25.457905
2020,3,0,1,2,256,4.6,17.85144086
2020,3,0,1,2,305,5.8,28.99508114
2020,3,0,1,2,210,4,11.35954918
2020,3,0,1,2,310,7.7,37.73128859
2020,3,0,1,2,260,5,19.5243356
2020,3,0,1,2,290,6.3,28.35549848
2020,3,0,1,2,305,6.3,30.91943309
2020,3,0,1,2,225,4.5,14.00340482
2020,3,0,1,2,300,6.4,30.436996
2020,3,0,1,2,285,6.2,27.16637231
2020,3,0,1,2,280,5.1,22.60711983
2020,3,0,1,2,150,NA,7.937495892
2020,3,0,1,2,130,NA,5.952608353
2020,3,0,1,2,165,NA,9.685638572
2020,3,0,1,2,280,6.2,26.36642081
2020,3,0,1,2,320,7.5,38.81929668
2020,3,0,1,2,265,6,23.38458183
2020,3,0,1,2,99,NA,3.578207161
2020,3,0,1,2,290,6.5,29.11173322
2020,3,0,1,2,251,5.8,20.76005786
2020,3,0,1,2,195,4.2,10.41993038
2020,3,0,1,2,115,NA,4.703490082
2020,3,0,1,2,206,5.4,14.20502816
2020,3,0,1,2,130,3.2,4.384459882
2020,3,0,1,2,285,5.3,24.00825018
2020,3,0,1,2,230,5.6,17.46534823
2020,3,0,1,2,290,6.4,28.73195718
2020,4,1,1,4,245,4.6,16.51104177
2020,4,1,1,4,85,NA,2.754610583
2020,4,1,1,4,168,NA,10.0635141
2020,4,1,1,4,275,7.5,30.45721869
2020,4,1,1,4,280,7,29.34757243
2020,4,1,1,4,110,NA,4.329708501
2020,4,1,1,4,230,7.2,22.37830515
2020,4,1,1,4,245,5.9,20.26238696
2020,4,1,1,4,228,5.4,16.67000782
2020,4,1,1,4,120,NA,5.098187639
2020,4,1,1,4,225,5.4,16.31829754
2020,4,1,1,4,225,5.6,16.86516036
2020,4,1,1,4,255,6.3,22.93263796
2020,4,1,1,4,250,5.9,20.93718608
2020,4,1,1,4,260,5.5,21.0527648
2020,4,1,1,4,245,5.8,19.95548285
2020,4,1,1,4,250,5.5,19.70510348
2020,4,1,1,4,265,6.4,24.75052332
2020,4,1,1,4,265,5.6,22.06984426
2020,4,1,1,4,202,5,12.82711182
2020,4,1,1,4,185,NA,12.39169499
2020,4,1,1,4,185,NA,12.39169499
2020,4,1,1,4,180,NA,11.67327268
2020,4,1,1,4,90,NA,3.032353562
2020,4,1,1,4,250,6,21.25302937
2020,4,1,1,4,295,6.1,28.43854787
2020,4,1,1,4,205,5.4,14.09916805
2020,4,1,1,4,240,7.3,24.15271045
2020,4,1,1,4,170,NA,10.32081389
2020,4,1,1,4,208,4.5,12.26969389
2020,4,1,1,4,212,5.1,14.09632303
2020,4,1,1,4,160,NA,9.077073411
2020,4,1,1,4,265,7,26.89758262
2020,4,1,1,4,228,5.1,15.86207118
2020,4,1,1,4,233,5.1,16.44265411
2020,4,1,1,4,172,NA,10.58246241
2020,4,1,1,4,135,NA,6.413470346
2020,4,1,1,4,280,5.1,22.60711983
2020,4,1,1,4,215,5.2,14.66888819
2020,4,1,1,4,200,NA,14.72256657
2020,4,1,1,4,235,6.7,21.43288106
2020,4,1,1,4,190,NA,13.13900512
2020,4,1,1,4,245,5.9,20.26238696
2020,4,1,1,4,265,5.8,22.72087369
2020,4,1,1,4,180,NA,11.67327268
2020,4,1,1,4,280,7.1,29.73529343
2020,4,1,1,4,195,NA,13.91577251
2020,4,1,1,4,231,5.9,18.45041139
2020,4,1,1,4,250,5.4,19.40482679
2020,4,1,1,4,233,5.6,17.83220562
2020,4,1,1,4,225,5.1,15.52037059
2020,4,1,1,4,200,NA,14.72256657
2020,4,1,1,4,238,5.2,17.31475766
2020,4,1,1,4,169,NA,10.19162268
2020,4,1,1,4,245,5.9,20.26238696
2020,4,1,1,4,250,6,21.25302937
2020,4,1,1,4,240,6,19.90650196
2020,4,1,1,4,145,NA,7.405344698
2020,4,1,1,4,265,6,23.38458183
2020,4,1,1,4,210,4.8,13.16277989
2020,4,1,1,4,230,5.7,17.7489362
2020,4,1,1,4,230,4.8,15.30460077
2020,4,1,1,4,232,6.3,19.77513254
2020,4,1,1,4,176,NA,11.11895143
2020,4,1,1,4,199,NA,14.55877829
2020,4,1,1,4,250,6.7,23.55330816
2020,4,1,1,4,255,4.9,18.58113324
2020,4,1,1,4,255,5.8,21.30827987
2020,4,1,1,4,165,NA,9.685638572
2020,4,1,1,4,230,4.3,14.04911459
2020,4,1,1,4,190,NA,13.13900512
2020,4,1,1,4,205,5.2,13.60813017
2020,4,1,1,4,287,6,26.76162843
2020,4,1,1,4,210,4.9,13.40075972
2020,4,1,1,4,195,NA,13.91577251
2020,4,1,1,4,225,5.4,16.31829754
2020,4,1,1,4,170,NA,10.32081389
2020,4,1,1,4,200,NA,14.72256657
2020,4,1,1,4,172,NA,10.58246241
2020,4,1,1,4,255,6.3,22.93263796
2020,4,1,1,4,197,4.5,11.22788611
2020,4,1,1,4,225,6.4,19.17476453
2020,4,1,1,4,215,5,14.16774448
2020,4,1,1,4,154,NA,8.381118886
2020,4,1,1,4,290,6.6,29.49484116
2020,4,1,1,4,270,7,27.69845336
2020,4,1,1,4,250,6.4,22.54816509
2020,4,1,1,4,196,4.6,11.35104576
2020,4,1,1,4,200,NA,14.72256657
2020,4,1,1,4,220,6.4,18.54324739
2020,4,1,1,4,230,5.2,16.36120219
2020,4,1,1,4,205,5.2,13.60813017
2020,4,1,1,4,295,6.1,28.43854787
2020,4,1,1,4,227,4.4,13.97254054
2020,4,1,1,4,230,5.5,17.18479719
2020,4,1,1,4,285,5.5,24.68766144
2020,4,1,1,4,188,NA,12.83657809
2020,4,1,1,4,190,NA,13.13900512
2020,4,1,1,4,220,4.9,14.45558087
2020,4,1,1,4,265,7,26.89758262
2020,4,1,1,4,138,NA,6.701084051
2020,4,1,1,4,206,5.4,14.20502816
2020,4,1,1,4,320,6.6,34.88363301
2020,4,1,1,4,230,6.1,18.91398441
2020,4,1,1,4,265,7.4,28.39581338
2020,4,1,1,4,280,6.6,27.83039088
2020,4,1,1,4,260,5.6,21.36771953
2020,4,1,1,4,220,5.5,16.00953126
2020,4,1,1,4,229,5.4,16.78835786
2020,4,1,1,4,217,6.2,17.59330448
2020,4,1,1,4,215,5,14.16774448
2020,4,1,1,4,214,4.7,13.33458151
2020,4,1,1,4,180,NA,11.67327268
2020,4,1,1,4,147,NA,7.61525339
2020,4,1,1,4,170,NA,10.32081389
2020,4,1,1,4,255,5.7,20.99289948
2020,4,1,1,4,235,6.1,19.55673815
2020,4,1,1,4,230,5.4,16.90726673
2020,4,1,1,4,275,6.4,26.2956844
2020,4,1,1,4,250,5.6,20.00846202
2020,4,1,1,4,245,5.2,18.17891227
2020,4,1,1,4,265,5.9,23.05113528
2020,4,1,1,4,285,7.1,30.58996994
2020,4,1,1,4,151,NA,8.046896138
2020,4,1,1,4,209,5.2,14.0260696
2020,4,1,1,4,265,6.7,25.80917043
2020,4,1,1,4,225,5.5,16.5902268
2020,4,1,1,4,215,5.7,15.97314403
2020,4,1,1,4,225,6,17.99526778
2020,4,1,1,4,275,6.1,25.23054152
2020,4,1,1,4,275,6.6,27.02217888
2020,4,1,1,4,270,5.4,22.13697777
2020,4,1,1,4,240,4.5,15.6625431
2020,4,1,1,4,199,NA,14.55877829
2020,4,1,1,4,245,5.2,18.17891227
2020,4,1,1,4,275,6.3,25.93737191
2020,4,1,1,4,227,5.3,16.28104422
2020,4,1,1,4,305,7.4,35.44875875
2020,4,1,1,4,207,5.5,14.56348166
2020,4,1,1,4,178,4.9,10.37219718
2020,4,1,1,4,286,6.7,29.20289163
2020,4,1,1,4,190,4.6,10.80527731
2020,4,1,1,4,230,7.3,22.71270752
2020,4,1,1,4,295,7,31.94199309
2020,4,1,1,4,124,NA,5.429387836
2020,4,1,1,4,122,NA,5.262050685
2020,4,1,1,4,250,4.7,17.38786012
2020,4,1,1,4,215,5.3,14.92383183
2020,4,1,1,4,225,5.9,17.70815194
2020,4,1,1,4,255,5.9,21.62680322
2020,4,1,1,4,250,6.2,21.89421324
2020,4,1,1,4,330,8,43.23698732
2020,4,1,1,4,155,NA,8.49454899
2020,4,1,1,4,148,NA,7.721679073
2020,4,1,1,4,230,4.8,15.30460077
2020,4,1,1,4,280,7.1,29.73529343
2020,4,1,1,4,310,7.9,38.63329047
2020,4,1,1,4,260,7.3,27.21276648
2020,5,1,0,3,277,5,21.85470505
2020,5,1,0,3,275,5.2,22.20844747
2020,5,1,0,3,123,NA,5.34528272
2020,5,1,0,3,279,5,22.14046911
2020,5,1,0,3,183,NA,12.10089141
2020,5,1,0,3,84,NA,2.701180145
2020,5,1,0,3,267,5,20.46271318
2020,5,1,0,3,303,5.5,27.54881574
2020,5,1,0,3,108,NA,4.185924792
2020,5,1,0,3,196,NA,14.07471097
2020,5,1,0,3,267,5.3,21.39488493
2020,5,1,0,3,400,8.3,61.78248914
2020,5,1,0,3,304,6.1,29.96669615
2020,5,1,0,3,203,3.9,10.5129471
2020,5,1,0,3,305,4.8,25.38925704
2020,5,1,0,3,325,7,37.58067276
2020,5,1,0,3,370,6.4,44.2951049
2020,5,1,0,3,210,5.7,15.40867007
2020,5,1,0,3,189,NA,12.98720474
2020,5,1,0,3,276,5.2,22.35213096
2020,5,1,0,3,287,5.2,23.97375587
2020,5,1,0,3,274,5,21.43068596
2020,5,1,0,3,248,4.9,17.70038369
2020,5,1,0,3,247,5,17.85858489
2020,5,1,0,3,185,NA,12.39169499
2020,5,1,0,3,285,5.3,24.00825018
2020,5,1,0,3,302,5.3,26.66415559
2020,5,1,0,3,266,5.4,21.57127485
2020,5,1,0,3,284,5,22.86575374
2020,5,1,0,3,320,5.2,29.30526337
2020,5,1,0,3,310,6.2,31.40958746
2020,5,1,0,3,295,5.6,26.60781063
2020,5,1,0,3,186,NA,12.53882777
2020,5,1,0,3,155,NA,8.49454899
2020,5,1,0,3,310,5.1,27.25221532
2020,5,1,0,3,176,NA,11.11895143
2020,5,1,0,3,232,4.5,14.76226676
2020,5,1,0,3,350,6.5,40.43402652
2020,5,1,0,3,330,6,34.27104479
2020,5,1,0,3,281,5.2,23.07985096
2020,5,1,0,3,267,4.7,19.55801884
2020,5,1,0,3,290,5.7,26.16559574
2020,5,1,0,3,185,NA,12.39169499
2020,5,1,0,3,325,6.7,36.2708256
2020,5,1,0,3,124,NA,5.429387836
2020,5,1,0,3,320,6.7,35.30714496
2020,5,1,0,3,250,5.5,19.70510348
2020,5,1,0,3,350,9.1,53.48810087
2020,5,1,0,3,310,6.5,32.61251698
2020,5,1,0,3,235,4.7,15.61173512
2020,5,1,0,3,185,NA,12.39169499
2020,5,1,0,3,320,6.4,34.04679638
2020,5,1,0,3,305,6.8,32.92709909
2020,5,1,0,3,174,NA,10.84849611
2020,5,1,0,3,245,5.2,18.17891227
2020,5,1,0,3,320,6.7,35.30714496
2020,5,1,0,3,240,4.9,16.72841572
2020,5,1,0,3,288,5.8,26.20380275
2020,5,1,0,3,260,5.8,22.00702135
2020,5,1,0,3,330,7,38.58055244
2020,5,1,0,3,300,5.8,28.15452256
2020,5,1,0,3,315,5.7,30.33880114
2020,5,1,0,3,335,6.9,39.14537492
2020,5,1,0,3,310,5.6,29.09320153
2020,5,1,0,3,270,6.4,25.5153067
2020,5,1,0,3,165,NA,9.685638572
2020,5,1,0,3,330,6.7,37.25188388
2020,5,1,0,3,270,5.3,21.81656526
2020,5,1,0,3,275,5.6,23.51990107
2020,5,1,0,3,233,4.2,14.12689991
2020,5,1,0,3,340,6.5,38.37302267
2020,5,1,0,3,400,6.7,52.89831208
2020,5,1,0,3,202,3.4,9.439659483
2020,5,1,0,3,178,NA,11.3938648
2020,5,1,0,3,170,NA,10.32081389
2020,5,1,0,3,150,NA,7.937495892
2020,5,1,0,3,283,6,26.12493127
2020,5,1,0,3,289,4.9,23.27634793
2020,5,1,0,3,267,5.2,21.0810826
2020,5,1,0,3,232,4.4,14.51186013
2020,5,1,0,3,310,5.6,29.09320153
2020,5,1,0,3,229,4.5,14.43376978
2020,5,1,0,3,390,7,51.99415593
2020,5,1,0,3,200,NA,14.72256657
2020,5,1,0,3,194,NA,13.75803512
2020,5,1,0,3,306,5.3,27.31629903
2020,5,1,0,3,268,4.3,18.52220342
2020,5,1,0,3,237,4.6,15.57954467
2020,5,1,0,3,375,7.8,52.54438309
2020,5,1,0,3,176,NA,11.11895143
2020,5,1,0,3,315,6.7,34.36068667
2020,5,1,0,3,400,8.2,61.20009834
2020,6,0,1,2,350,8.1,48.17853339
2020,6,0,1,2,142,NA,7.097770017
2020,6,0,1,2,93,NA,3.207635971
2020,6,0,1,2,395,7,53.23452396
2020,6,0,1,2,255,6.6,23.94577876
2020,6,0,1,2,300,6,28.90218823
2020,6,0,1,2,180,NA,11.67327268
2020,6,0,1,2,167,NA,9.936483593
2020,6,0,1,2,350,7.8,46.65714014
2020,6,0,1,2,345,6.7,40.30087742
2020,6,0,1,2,262,5.3,20.70421994
2020,6,0,1,2,345,6.7,40.30087742
2020,6,0,1,2,305,6.9,33.33878535
2020,6,0,1,2,275,7.5,30.45721869
2020,6,0,1,2,183,NA,12.10089141
2020,6,0,1,2,440,10.2,86.01427692
2020,6,0,1,2,370,8.2,53.46784501
2020,6,0,1,2,335,6.6,37.80818575
2020,6,0,1,2,430,9.4,77.34306248
2020,6,0,1,2,135,NA,6.413470346
2020,6,0,1,2,240,4.4,15.403344
2020,6,0,1,2,340,7.5,42.98043876
2020,6,0,1,2,365,7.4,48.07852531
2020,6,0,1,2,70,NA,2.024100765
2020,6,0,1,2,390,7.8,56.3037907
2020,6,0,1,2,390,8.9,62.60925499
2020,6,0,1,2,260,6.6,24.69172357
2020,6,0,1,2,283,6.4,27.57711769
2020,6,0,1,2,388,8.1,57.46031437
2020,6,0,1,2,385,7.8,55.03138829
2020,6,0,1,2,280,5.7,24.60983976
2020,6,0,1,2,274,5.7,23.70667267
2020,6,0,1,2,295,6.8,31.13992202
2020,6,0,1,2,300,5.6,27.41986353
2020,6,0,1,2,350,7.6,45.6608831
2020,6,0,1,2,335,6.4,36.93386178
2020,6,0,1,2,315,6.2,32.30803363
2020,6,0,1,2,240,7,23.12398889
2020,6,0,1,2,187,NA,12.68712061
2020,6,0,1,2,242,5.7,19.26077441
2020,6,0,1,2,330,7.2,39.48365545
2020,6,0,1,2,128,NA,5.774630228
2020,6,0,1,2,410,8.9,68.1790171
2020,6,0,1,2,245,4.8,17.05513263
2020,6,0,1,2,360,8.2,51.0431643
2020,6,0,1,2,355,7.3,45.30164137
2020,6,0,1,2,284,6.3,27.37098993
2020,6,0,1,2,310,6.3,31.80721752
2020,6,0,1,2,315,6.1,31.90756887
2020,6,0,1,2,345,7.1,42.15504434
2020,6,0,1,2,390,9,63.20475528
2020,6,0,1,2,355,10.6,63.48270595
2020,6,0,1,2,270,4.6,19.65982043
2020,6,0,1,2,360,7.4,46.92682969
2020,6,0,1,2,267,5.5,22.03180098
2020,6,0,1,2,312,6.9,34.63835371
2020,6,0,1,2,271,5.7,23.26349615
2020,6,0,1,2,293,5.8,27.00526316
2020,6,0,1,2,355,6.5,41.49164014
2020,6,0,1,2,370,7.5,49.76368093
2020,6,0,1,2,182,NA,11.95721151
2020,6,0,1,2,330,6.8,37.69132651
2020,6,0,1,2,237,5.6,18.32929066
2020,6,0,1,2,390,8.1,57.97933718
2020,6,0,1,2,295,5.5,26.25135744
2020,6,0,1,2,249,5,18.10843145
2020,6,0,1,2,215,5.9,16.51575821
2020,6,0,1,2,390,8,57.41718013
2020,6,0,1,2,350,6.5,40.43402652
2020,6,0,1,2,289,6.1,27.44920392
2020,6,0,1,2,262,5.3,20.70421994
2020,6,0,1,2,178,NA,11.3938648
2020,6,0,1,2,231,4.3,14.15643538
2020,6,0,1,2,325,7.6,40.29421747
2020,6,0,1,2,370,8.9,57.35140703
2020,6,0,1,2,243,6.2,20.92917859
2020,6,0,1,2,315,7.4,37.37784238
2020,6,0,1,2,302,6.9,32.79192916
2020,6,0,1,2,415,9.2,71.5159068
2020,6,0,1,2,305,6.4,31.31424467
2020,6,0,1,2,420,7.2,60.86632141
2020,6,0,1,2,250,6.7,23.55330816
2020,6,0,1,2,232,5,16.05758745
2020,6,0,1,2,335,7.5,41.91360098
2020,6,0,1,2,340,6.4,37.93128777
2020,6,0,1,2,345,6.1,37.6228342
2020,6,0,1,2,360,7.1,45.44219787
2020,6,0,1,2,410,7.5,59.86918097
2020,6,0,1,2,332,7,38.9854181
2020,6,0,1,2,74,NA,2.204372406
2020,6,0,1,2,325,7.6,40.29421747
2020,6,0,1,2,340,7.5,42.98043876
2020,6,0,1,2,390,8,57.41718013
2020,6,0,1,2,385,7.9,55.57982396
2020,6,0,1,2,390,8.4,59.68779998
2020,6,0,1,2,435,9.1,76.90445924
2020,6,0,1,2,355,7.5,46.28925789
2020,6,0,1,2,310,6.3,31.80721752
2020,6,0,1,2,380,6.9,49.06164335
2020,6,0,1,2,271,6.3,25.31661883
2020,6,0,1,2,277,5.4,23.15060146
2020,6,0,1,2,420,8.7,69.82643435
2020,6,0,1,2,253,5.2,19.20117816
2020,6,0,1,2,350,6,38.1963792
2020,6,0,1,2,305,6.1,30.1397935
2020,6,0,1,2,138,NA,6.701084051
2020,6,0,1,2,420,8.6,69.20341191
2020,6,0,1,2,245,8.3,28.60382074
2020,6,0,1,2,315,7.6,38.27120578
2020,6,0,1,2,410,9.2,70.05431248
2020,6,0,1,2,340,6.5,38.37302267
2020,6,0,1,2,355,8.3,50.38325118
2020,6,0,1,2,360,7.1,45.44219787
2020,6,0,1,2,222,5.3,15.70596159
2020,6,0,1,2,335,6.7,38.25047508
2020,6,0,1,2,380,8,54.86592799
2020,6,0,1,2,420,9,71.71791479
2020,6,0,1,2,305,6.7,32.51881602
2020,6,0,1,2,415,8,64.13862921
2020,6,0,1,2,420,7.6,63.17578689
2020,6,0,1,2,177,NA,11.25584858
2020,6,0,1,2,240,4.7,16.18963208
2020,6,0,1,2,330,6.8,37.69132651
2020,6,0,1,2,305,6,29.75493723
2020,6,0,1,2,430,7.9,67.80262034
2020,6,0,1,2,380,7.8,53.77830167
2020,6,0,1,2,420,9,71.71791479
2020,6,0,1,2,380,7.5,52.17396206
2020,6,0,1,2,110,NA,4.329708501
2020,6,0,1,2,295,5.7,26.96747603
2020,6,0,1,2,265,5.8,22.72087369
2020,6,0,1,2,189,NA,12.98720474
2020,6,0,1,2,305,6.3,30.91943309
2020,6,0,1,2,237,5.8,18.91542991
2020,6,0,1,2,362,6.5,43.00305039
2020,6,0,1,2,365,7,46.08052648
2020,6,0,1,2,322,5.9,32.37702031
2020,6,0,1,2,410,8.1,63.34248874
2020,6,0,1,2,380,7.8,53.77830167
2020,6,0,1,2,370,8.1,52.92779411
2020,6,0,1,2,390,8,57.41718013
2020,6,0,1,2,351,7.2,43.93006061
2020,6,0,1,2,415,9.4,72.79791975
2020,6,0,1,2,255,5.3,19.76249596
2020,6,0,1,2,400,7.4,56.67216985
2020,6,0,1,2,415,7.5,61.22101148
2020,6,0,1,2,225,5.6,16.86516036
2020,6,0,1,2,360,7.3,46.42841493
2020,6,0,1,2,231,4.5,14.65221996
2020,6,0,1,2,291,5.6,25.96983531
2020,6,0,1,2,320,6.2,33.22345138
2020,6,0,1,2,390,8.4,59.68779998
2020,6,0,1,2,410,8.2,63.93412128
2020,6,0,1,2,82,NA,2.596400982
2020,6,0,1,2,138,NA,6.701084051
2020,6,0,1,2,246,4.3,15.83243991
2020,6,0,1,2,268,5.2,21.21986669
2020,6,0,1,2,297,6.8,31.49204849
2020,6,0,1,2,415,9.1,70.88058359
2020,6,0,1,2,395,7.4,55.38647727
2020,7,1,1,4,275,3.7,17.72512489
2020,7,1,1,4,355,6.9,43.36875195
2020,7,1,1,4,285,6.2,27.16637231
2020,7,1,1,4,230,3.7,12.63555648
2020,7,1,1,4,345,7.2,42.62730607
2020,7,1,1,4,310,5.8,29.85220542
2020,7,1,1,4,335,6.5,37.36931908
2020,7,1,1,4,245,4.8,17.05513263
2020,7,1,1,4,255,5.4,20.0654603
2020,7,1,1,4,250,4.9,17.94912042
2020,7,1,1,4,143,NA,7.199329203
2020,7,1,1,4,115,NA,4.703490082
2020,7,1,1,4,385,7,50.77320621
2020,7,1,1,4,345,6.3,38.50189326
2020,7,1,1,4,310,5.4,28.34717324
2020,7,1,1,4,360,6.7,43.51186001
2020,7,1,1,4,310,6.2,31.40958746
2020,7,1,1,4,410,7.7,61.01245695
2020,7,1,1,4,120,NA,5.098187639
2020,7,1,1,4,110,NA,4.329708501
2020,7,1,1,4,114,NA,4.627078709
2020,7,1,1,4,280,5.5,23.92965621
2020,7,1,1,4,285,5.9,26.08469673
2020,7,1,1,4,350,6.5,40.43402652
2020,7,1,1,4,260,5.8,22.00702135
2020,7,1,1,4,203,3.8,10.3097396
2020,7,1,1,4,214,4.2,12.17955484
2020,7,1,1,4,207,3.1,9.286777381
2020,7,1,1,4,305,5.4,27.51439921
2020,7,1,1,4,237,5,16.64376924
2020,7,1,1,4,390,7.4,54.12037846
2020,7,1,1,4,292,5.6,26.12836211
2020,7,1,1,4,317,7.1,36.45054389
2020,7,1,1,4,167,NA,9.936483593
2020,7,1,1,4,268,4.9,20.29341653
2020,7,1,1,4,239,5.5,18.2905114
2020,7,1,1,4,400,7.6,57.78244819
2020,7,1,1,4,160,NA,9.077073411
2020,7,1,1,4,415,6.6,56.19477607
2020,7,1,1,4,242,5,17.2440459
2020,7,1,1,4,275,5,21.57141051
2020,7,1,1,4,400,8,60.04631956
2020,7,1,1,4,345,6.4,38.9465115
2020,7,1,1,4,400,7.5,57.22551392
2020,7,1,1,4,260,4.6,18.3562796
2020,7,1,1,4,380,8.8,59.36306536
2020,7,1,1,4,385,9.4,64.24887555
2020,7,1,1,4,310,5,26.89359595
2020,7,1,1,4,274,5.4,22.71248553
2020,7,1,1,4,330,6,34.27104479
2020,7,1,1,4,155,NA,8.49454899
2020,7,1,1,4,390,7.9,56.85866859
2020,7,1,1,4,273,5.6,23.22495836
2020,7,1,1,4,405,9.5,70.50277836
2020,7,1,1,4,395,8.7,62.77943261
2020,7,1,1,4,285,6.3,27.53346619
2020,7,1,1,4,231,4.5,14.65221996
2020,7,1,1,4,254,5.6,20.54502372
2020,7,1,1,4,319,6.3,33.44775557
2020,7,1,1,4,302,6.5,31.18036847
2020,7,1,1,4,360,8.9,54.83664213
2020,7,1,1,4,340,6.5,38.37302267
2020,7,1,1,4,325,7.8,41.22693788
2020,7,1,1,4,320,6.3,33.63344428
2020,7,1,1,4,420,9,71.71791479
2020,7,1,1,4,320,7,36.59821977
2020,7,1,1,4,400,9.5,69.06177959
2020,7,1,1,4,310,6.8,33.84577429
2020,7,1,1,4,326,6.77,36.76938142
2020,7,1,1,4,235,5.1,16.67879707
2020,7,1,1,4,330,5.5,32.24219159
2020,7,1,1,4,300,5.2,25.98910884
2020,7,1,1,4,210,3.1,9.5369131
2020,7,1,1,4,380,7.3,51.12232761
2020,7,1,1,4,375,6.6,46.39602593
2020,7,1,1,4,350,7.7,46.1572197
2020,7,1,1,4,380,7.6,52.70514476
2020,7,1,1,4,295,7,31.94199309
2020,7,1,1,4,285,5,23.01268558
2020,7,1,1,4,410,6.8,55.9802985
2020,7,1,1,4,390,6.6,49.92436414
2020,7,1,1,4,315,5.3,28.82231502
2020,7,1,1,4,240,5.3,17.84158025
2020,7,1,1,4,360,6.5,42.56753715
2020,7,1,1,4,305,6.8,32.92709909
2020,7,1,1,4,315,5.8,30.72605706
2020,7,1,1,4,295,6.2,28.81449044
2020,7,1,1,4,345,6.2,38.06067183
2020,7,1,1,4,325,6.3,34.57220279
2020,7,1,1,4,148,NA,7.721679073
2020,7,1,1,4,196,NA,14.07471097
2020,7,1,1,4,315,6.4,33.11898747
2020,7,1,1,4,253,4.8,18.04105849
2020,7,1,1,4,375,6.9,47.88547363
2020,7,1,1,4,284,5.2,23.52397281
2020,7,1,1,4,275,5.7,23.85563934
2020,7,1,1,4,380,7.7,53.23992059
2020,7,1,1,4,145,NA,7.405344698
2020,7,1,1,4,405,7.5,58.53739838
2020,7,1,1,4,395,8.6,62.18869728
2020,7,1,1,4,285,6.3,27.53346619
2020,7,1,1,4,212,5.9,16.16877802
2020,7,1,1,4,295,5.6,26.60781063
2020,7,1,1,4,310,5.7,29.47107453
2020,7,1,1,4,275,6.7,27.39039085
2020,7,1,1,4,325,6,33.33364086
2020,7,1,1,4,400,8.2,61.20009834
2020,7,1,1,4,315,6.9,35.20549328
2020,7,1,1,4,390,7.3,53.58349094
2020,7,1,1,4,360,6.7,43.51186001
2020,7,1,1,4,380,6.7,48.05239977
2020,7,1,1,4,375,6.2,44.45858787
2020,7,1,1,4,271,5.6,22.93249176
2020,7,1,1,4,269,5.4,21.99463613
2020,7,1,1,4,337,6.4,37.33070652
2020,7,1,1,4,244,4.7,16.66208497
2020,7,1,1,4,327,6.4,35.37460666
2020,7,1,1,4,156,NA,8.608997947
2020,7,1,1,4,268,4.5,19.1006478
2020,7,1,1,4,350,6.8,41.81766134
2020,7,1,1,4,217,3.4,10.74329114
2020,7,1,1,4,209,5.7,15.2973954
2020,7,1,1,4,278,5.4,23.29788238
2020,7,1,1,4,246,4.7,16.90171972
2020,7,1,1,4,335,6.6,37.80818575
2020,7,1,1,4,207,4.1,11.29457056
2020,7,1,1,4,360,6.7,43.51186001
2020,7,1,1,4,320,6.4,34.04679638
2020,7,1,1,4,400,8,60.04631956
2020,7,1,1,4,229,3.7,12.53521599
2020,7,1,1,4,430,8.5,71.51849637
2020,7,1,1,4,287,5.1,23.63953498
2020,7,1,1,4,390,7.2,53.05016592
2020,7,1,1,4,327,5.7,32.49047353
2020,7,1,1,4,295,6,28.06588956
2020,7,1,1,4,288,6.1,27.28657779
2020,7,1,1,4,390,7.8,56.3037907
2020,7,1,1,4,251,4.7,17.51083457
2020,7,1,1,4,207,4.5,12.1724276
2020,8,0,0,1,179,NA,11.53300465
2020,8,0,0,1,65,NA,1.812939137
2020,8,0,0,1,134,NA,6.319460677
2020,8,0,0,1,176,NA,11.11895143
2020,8,0,0,1,210,5.5,14.88910949
2020,8,0,0,1,212,6.2,16.99544259
2020,8,0,0,1,110,NA,4.329708501
2020,8,0,0,1,105,NA,3.976273476
2020,8,0,0,1,138,NA,6.701084051
2020,8,0,0,1,282,7.9,33.32034613
2020,8,0,0,1,172,NA,10.58246241
2020,8,0,0,1,137,NA,6.604277478
2020,8,0,0,1,166,NA,9.810526601
2020,8,0,0,1,75,NA,2.251053603
2020,8,0,0,1,215,6.4,17.92575067
2020,8,0,0,1,214,6.5,18.09408245
2020,8,0,0,1,151,NA,8.046896138
2020,8,0,0,1,104,NA,3.90797795
2020,8,0,0,1,174,NA,10.84849611
2020,8,0,0,1,143,NA,7.199329203
2020,8,0,0,1,210,5.1,13.88529015
2020,8,0,0,1,248,5.8,20.35512024
2020,8,0,0,1,294,7.2,32.57771176
2020,8,0,0,1,181,NA,11.81467345
2020,9,1,1,4,144,NA,7.301852578
2020,9,1,1,4,166,NA,9.810526601
2020,9,1,1,4,179,NA,11.53300465
2020,9,1,1,4,202,6.6,16.9411479
2020,9,1,1,4,219,5.6,16.16328183
2020,9,1,1,4,182,NA,11.95721151
2020,9,1,1,4,207,6.9,18.40911848
2020,9,1,1,4,132,NA,6.134206355
2020,9,1,1,4,255,7,25.34245275
2020,9,1,1,4,177,NA,11.25584858
2020,9,1,1,4,176,NA,11.11895143
2020,9,1,1,4,188,NA,12.83657809
2020,9,1,1,4,178,NA,11.3938648
2020,9,1,1,4,225,5.8,17.42410642
2020,9,1,1,4,248,6,20.97901351
2020,9,1,1,4,167,NA,9.936483593
2020,9,1,1,4,78,NA,2.395041964
2020,9,1,1,4,104,NA,3.90797795
2020,9,1,1,4,94,NA,3.26753021
2020,9,1,1,4,162,NA,9.317342699
2020,9,1,1,4,256,6.6,24.09374858
2020,9,1,1,4,244,6.2,21.06526834
2020,9,1,1,4,231,6.9,21.53148227
2020,9,1,1,4,280,7.9,32.96070552
2020,9,1,1,4,161,NA,9.196684962
2020,9,1,1,4,223,5.7,16.9046998
2020,9,1,1,4,251,4.4,16.68770374
2020,9,1,1,4,238,5.3,17.59527891
2020,9,1,1,4,245,5.9,20.26238696
2020,9,1,1,4,201,4.6,11.81964761
2020,9,1,1,4,271,6.8,27.11708034
2020,9,1,1,4,234,6,19.12656067
2020,9,1,1,4,250,6.4,22.54816509
2020,9,1,1,4,211,5.2,14.23821058
2020,9,1,1,4,250,7.3,25.65232707
2020,9,1,1,4,262,7.2,27.15965186
2020,9,1,1,4,177,NA,11.25584858
2020,9,1,1,4,214,5.1,14.30948338
2020,9,1,1,4,241,6,20.03851857
2020,9,1,1,4,208,5.3,14.16810867
2020,9,1,1,4,249,6.1,21.43356202
2020,9,1,1,4,193,NA,13.60149424
2020,9,1,1,4,224,5.1,15.40757058
2020,9,1,1,4,270,6.3,25.16299374
2020,9,1,1,4,225,4.9,15.00313823
2020,9,1,1,4,226,5.8,17.54527711
2020,9,1,1,4,168,NA,10.0635141
2020,9,1,1,4,205,4.7,12.43070336
2020,9,1,1,4,184,NA,12.24571772
2020,9,1,1,4,270,6.4,25.5153067
2020,9,1,1,4,105,NA,3.976273476
2020,9,1,1,4,277,7.4,30.40280892
2020,9,1,1,4,216,5.5,15.55485464
2020,9,1,1,4,227,5.9,17.95331588
2020,9,1,1,4,260,6.2,23.32362654
2020,9,1,1,4,269,7.4,29.0546727
2020,9,1,1,4,320,7.4,38.36808878
2020,9,1,1,4,150,NA,7.937495892
2020,9,1,1,4,236,5.9,19.08457624
2020,9,1,1,4,162,NA,9.317342699
2020,9,1,1,4,244,6.9,23.36133492
2020,9,1,1,4,251,5.7,20.44932868
2020,9,1,1,4,205,4.5,11.97943986
2020,9,1,1,4,239,5.7,18.8750742
2020,9,1,1,4,193,NA,13.60149424
2020,9,1,1,4,220,5.5,16.00953126
2020,9,1,1,4,223,5.5,16.35629277
2020,9,1,1,4,195,NA,13.91577251
2020,9,1,1,4,223,5.4,16.08659407
2020,9,1,1,4,278,6.2,26.05088989
2020,9,1,1,4,249,6.3,22.07877217
2020,9,1,1,4,219,6.1,17.54982563
2020,9,1,1,4,216,6,16.90948717
2020,9,1,1,4,219,4.9,14.34769325
2020,9,1,1,4,216,6,16.90948717
2020,9,1,1,4,202,5.4,13.78474591
2020,9,1,1,4,242,6.6,22.07696051
2020,9,1,1,4,155,NA,8.49454899
2020,9,1,1,4,222,6.2,18.20502546
2020,9,1,1,4,224,5.5,16.47298294
2020,9,1,1,4,248,6,20.97901351
2020,9,1,1,4,300,7.2,33.66771287
2020,9,1,1,4,185,NA,12.39169499
2020,9,1,1,4,245,6.3,21.52146879
2020,9,1,1,4,211,5.1,13.99054132
2020,9,1,1,4,230,5.8,18.03557745
2020,9,1,1,4,241,7,23.2676905
2020,9,1,1,4,210,4.9,13.40075972
2020,9,1,1,4,235,6,19.25510986
2020,9,1,1,4,163,NA,9.439051176
2020,9,1,1,4,208,5.4,14.41833539
2020,9,1,1,4,106,NA,4.045360089
2020,9,1,1,4,271,7.6,30.1720791
2020,9,1,1,4,220,4.4,13.24018588
2020,9,1,1,4,267,6,23.67911797
2020,9,1,1,4,234,6.1,19.42704056
2020,9,1,1,4,199,NA,14.55877829
2020,9,1,1,4,275,8,32.48561466
2020,9,1,1,4,192,NA,13.44614532
2020,9,1,1,4,257,6.6,24.24232673
2020,9,1,1,4,303,7.2,34.22171428
2020,9,1,1,4,181,NA,11.81467345
2020,9,1,1,4,215,6.2,17.35250553
2020,9,1,1,4,297,8,36.5414101
2020,9,1,1,4,228,6,18.36726234
2020,9,1,1,4,187,NA,12.68712061
2020,9,1,1,4,130,NA,5.952608353
2020,9,1,1,4,264,7,26.73928397
2020,9,1,1,4,247,6.6,22.78376999
2020,9,1,1,4,196,NA,14.07471097
2020,9,1,1,4,186,NA,12.53882777
2020,9,1,1,4,236,6.5,20.92965098
2020,9,1,1,4,111,NA,4.402818871
2020,9,1,1,4,192,NA,13.44614532
2020,9,1,1,4,163,NA,9.439051176
2020,9,1,1,4,108,NA,4.185924792
2020,9,1,1,4,188,NA,12.83657809
2020,9,1,1,4,185,NA,12.39169499
2020,9,1,1,4,280,7.5,31.32032511
2020,10,1,0,3,92,NA,3.148478154
2020,10,1,0,3,103,NA,3.840468953
2020,10,1,0,3,100,NA,3.642615591
2020,10,1,0,3,128,NA,5.774630228
2020,10,1,0,3,159,NA,8.958503489
2020,10,1,0,3,166,NA,9.810526601
2020,10,1,0,3,170,NA,10.32081389
2020,10,1,0,3,78,NA,2.395041964
2020,10,1,0,3,103,NA,3.840468953
2020,10,1,0,3,132,NA,6.134206355
2020,10,1,0,3,123,NA,5.34528272
2020,10,1,0,3,87,NA,2.863575952
2020,10,1,0,3,140,NA,6.897525988
2020,10,1,0,3,100,NA,3.642615591
2020,10,1,0,3,175,NA,10.98316879
2020,10,1,0,3,220,5.8,16.82661469
2020,10,1,0,3,159,NA,8.958503489
2020,10,1,0,3,118,NA,4.937762257
2020,10,1,0,3,60,NA,1.616999302
2020,10,1,0,3,112,NA,4.476747659
2020,10,1,0,3,110,NA,4.329708501
2020,10,1,0,3,100,NA,3.642615591
2020,10,1,0,3,151,NA,8.046896138
2020,10,1,0,3,178,NA,11.3938648
2020,10,1,0,3,92,NA,3.148478154
2020,10,1,0,3,193,NA,13.60149424
2020,10,1,0,3,147,NA,7.61525339
2020,10,1,0,3,111,NA,4.402818871
2020,10,1,0,3,126,NA,5.600235536
2020,10,1,0,3,170,NA,10.32081389
2020,10,1,0,3,165,NA,9.685638572
2020,10,1,0,3,102,NA,3.773741931
2020,10,1,0,3,100,NA,3.642615591
2020,10,1,0,3,150,NA,7.937495892
2020,10,1,0,3,100,NA,3.642615591
2020,10,1,0,3,68,NA,1.937773056
2020,10,1,0,3,61,NA,1.654996858
2020,10,1,0,3,121,NA,5.179687177
2020,10,1,0,3,106,NA,4.045360089
2020,10,1,0,3,121,NA,5.179687177
2020,10,1,0,3,135,NA,6.413470346
2020,10,1,0,3,95,NA,3.328165426
2020,10,1,0,3,111,NA,4.402818871
2020,10,1,0,3,192,NA,13.44614532
2020,10,1,0,3,146,NA,7.509810116
2020,10,1,0,3,111,NA,4.402818871
2020,10,1,0,3,85,NA,2.754610583
2020,10,1,0,3,146,NA,7.509810116
2020,10,1,0,3,152,NA,8.157297016
2020,10,1,0,3,125,NA,5.51437059
2020,10,1,0,3,140,NA,6.897525988
2020,10,1,0,3,126,NA,5.600235536
2020,10,1,0,3,112,NA,4.476747659
2020,10,1,0,3,140,NA,6.897525988
2020,11,0,0,1,234,5.7,18.24374279
2020,11,0,0,1,242,5.7,19.26077441
2020,11,0,0,1,188,NA,12.83657809
2020,11,0,0,1,120,NA,5.098187639
2020,11,0,0,1,187,NA,12.68712061
2020,11,0,0,1,174,NA,10.84849611
2020,11,0,0,1,180,NA,11.67327268
2020,11,0,0,1,257,7.7,28.23842263
2020,11,0,0,1,170,NA,10.32081389
2020,11,0,0,1,215,6,16.79161369
2020,11,0,0,1,267,6.8,26.4822919
2020,11,0,0,1,255,6.4,23.2671099
2020,11,0,0,1,188,NA,12.83657809
2020,11,0,0,1,245,7.2,24.54281254
2020,11,0,0,1,232,6.5,20.39352601
2020,11,0,0,1,225,6.2,18.57877647
2020,11,0,0,1,222,6.8,20.01029579
2020,11,0,0,1,223,5.9,17.46523012
2020,11,0,0,1,215,5.9,16.51575821
2020,11,0,0,1,162,NA,9.317342699
2020,11,0,0,1,319,8.3,42.34616226
2020,11,0,0,1,245,7.1,24.19397078
2020,11,0,0,1,190,NA,13.13900512
2020,11,0,0,1,148,NA,7.721679073
2020,11,0,0,1,171,NA,10.45109228
2020,11,0,0,1,310,8.7,42.38503788
2020,11,0,0,1,262,7.9,29.83968417
2020,11,0,0,1,310,8.3,40.48019245
2020,11,0,0,1,227,5.4,16.55221529
2020,11,0,0,1,236,6.8,21.89518686
2020,11,0,0,1,104,NA,3.90797795
2020,11,0,0,1,186,NA,12.53882777
2020,11,0,0,1,139,NA,6.798832036
2020,11,0,0,1,209,5.4,14.52578514
2020,11,0,0,1,280,6.8,28.58227086
2020,11,0,0,1,250,5.3,19.10761622
2020,11,0,0,1,175,NA,10.98316879
2020,11,0,0,1,273,6.8,27.43824356
2020,11,0,0,1,108,NA,4.185924792
2020,11,0,0,1,172,NA,10.58246241
2020,11,0,0,1,184,NA,12.24571772
2020,11,0,0,1,162,NA,9.317342699
2020,11,0,0,1,195,NA,13.91577251
2020,11,0,0,1,270,7.2,28.4529203
2020,11,0,0,1,191,NA,13.2919838
2020,11,0,0,1,185,NA,12.39169499
2020,11,0,0,1,126,NA,5.600235536
2020,11,0,0,1,220,4.8,14.20679318
2020,11,0,0,1,152,NA,8.157297016
2020,11,0,0,1,200,5.3,13.33617797
2020,11,0,0,1,210,6.4,17.32211698
2020,11,0,0,1,140,NA,6.897525988
2020,11,0,0,1,103,NA,3.840468953
2020,11,0,0,1,209,4.2,11.69868411
2020,11,0,0,1,207,4.6,12.39877849
2020,11,0,0,1,111,NA,4.402818871
2020,11,0,0,1,190,NA,13.13900512
2020,11,0,0,1,197,NA,14.23485505
2020,11,0,0,1,136,NA,6.508407761
2020,11,0,0,1,212,6.9,19.03286598
2020,11,0,0,1,200,6.7,16.98835849
2020,11,0,0,1,160,NA,9.077073411
2020,11,0,0,1,192,NA,13.44614532
2020,11,0,0,1,152,NA,8.157297016
2020,11,0,0,1,220,5.4,15.74316761
2020,12,0,1,2,290,7.5,33.09514934
2020,12,0,1,2,225,7.3,22.01468335
2020,12,0,1,2,253,7.1,25.39386066
2020,12,0,1,2,203,5.5,14.13674477
2020,12,0,1,2,250,6.5,22.87996834
2020,12,0,1,2,139,NA,6.798832036
2020,12,0,1,2,273,7.8,31.31566094
2020,12,0,1,2,250,7.6,26.74705257
2020,12,0,1,2,263,6.8,25.85748815
2020,12,0,1,2,270,6.8,26.95744283
2020,12,0,1,2,275,7,28.51506556
2020,12,0,1,2,190,NA,13.13900512
2020,12,0,1,2,188,NA,12.83657809
2020,12,0,1,2,275,6.8,27.76193263
2020,12,0,1,2,255,5.9,21.62680322
2020,12,0,1,2,131,NA,6.042952592
2020,12,0,1,2,225,6.5,19.47747959
2020,12,0,1,2,285,8.9,38.27644706
2020,12,0,1,2,206,6,15.75530636
2020,12,0,1,2,210,6,16.21045659
2020,12,0,1,2,300,7.9,36.67553821
2020,12,0,1,2,231,6.4,19.95131365
2020,12,0,1,2,230,6.5,20.12893148
2020,12,0,1,2,227,7.3,22.29215055
2020,12,0,1,2,207,5.3,14.06227742
2020,12,0,1,2,242,5.6,18.96352806
2020,12,0,1,2,120,NA,5.098187639
2020,12,0,1,2,242,5.8,19.56111079
2020,12,0,1,2,275,6.9,28.1368192
2020,12,0,1,2,220,5.6,16.27888254
2020,12,0,1,2,278,8.2,33.86340078
2020,12,0,1,2,200,5.6,14.06961006
2020,12,0,1,2,223,5.3,15.8198765
2020,12,0,1,2,233,5.5,17.5482675
2020,12,0,1,2,290,7.8,34.35732181
2020,12,0,1,2,240,6.5,21.47509068
2020,12,0,1,2,185,NA,12.39169499
2020,12,0,1,2,250,6.2,21.89421324
2020,12,0,1,2,230,4.3,14.04911459
2020,12,0,1,2,226,5.7,17.26315824
2020,12,0,1,2,223,5.4,16.08659407
2020,12,0,1,2,252,6.2,22.17528496
2020,12,0,1,2,237,6.8,22.03417453
2020,12,0,1,2,260,6.6,24.69172357
2020,12,0,1,2,245,6.5,22.17011136
2020,12,0,1,2,220,5.2,15.21933661
2020,12,0,1,2,250,6.3,22.2195853
2020,12,0,1,2,254,6.3,22.78882495
2020,12,0,1,2,243,6.4,21.56674788
2020,12,0,1,2,140,NA,6.897525988
2020,12,0,1,2,227,5.7,17.38376084
2020,12,0,1,2,210,5.6,15.14740472
2020,12,0,1,2,182,NA,11.95721151
2020,12,0,1,2,232,6,18.87118123
2020,12,0,1,2,237,7.1,23.03248652
2020,12,0,1,2,244,7,23.7023649
2020,12,0,1,2,186,NA,12.53882777
2020,12,0,1,2,202,5.3,13.54101973
2020,12,0,1,2,236,7,22.55509913
2020,12,0,1,2,201,6.2,15.72814784
2020,12,0,1,2,189,NA,12.98720474
2020,12,0,1,2,240,6.5,21.47509068
2020,12,0,1,2,219,6,17.2664148
2020,12,0,1,2,265,7,26.89758262
2020,12,0,1,2,267,8,31.08873901
2020,12,0,1,2,197,5.3,13.03280512
2020,12,0,1,2,270,7.1,28.07399721
2020,12,0,1,2,285,7.6,32.61062385
2020,12,0,1,2,312,7.9,39.03301839
2020,12,0,1,2,255,6.8,24.63751815
2020,12,0,1,2,232,7.4,23.33607559
2020,12,0,1,2,290,6.5,29.11173322
2020,12,0,1,2,190,NA,13.13900512
2020,12,0,1,2,219,6.8,19.62100018
2020,12,0,1,2,285,6.9,29.80567947
2020,12,0,1,2,149,NA,7.829091722
2020,12,0,1,2,227,6.1,18.53517747
2020,12,0,1,2,242,6.5,21.75132862
2020,12,0,1,2,205,5,13.12862779
2020,12,0,1,2,305,7.6,36.31706477
2020,12,0,1,2,227,6.1,18.53517747
2020,12,0,1,2,255,6.1,22.27334116
2020,12,0,1,2,246,6,20.70736309
2020,12,0,1,2,300,8.2,38.01758962
2020,12,0,1,2,210,6.1,16.48377219
2020,12,0,1,2,272,7.2,28.78252819
2020,12,0,1,2,275,7.6,30.85593851
2020,12,0,1,2,244,7.4,25.09967271
2020,12,0,1,2,213,6.3,17.39672879
2020,12,0,1,2,251,6.2,22.03445032
2020,12,0,1,2,206,6.2,16.29607872
2020,12,0,1,2,260,7.2,26.84257694
2020,12,0,1,2,219,5.9,16.9860717
2020,12,0,1,2,250,7.2,25.29416969
2020,12,0,1,2,268,8,31.26111428
2020,12,0,1,2,260,7.1,26.47575998
2020,12,0,1,2,237,7.8,25.4781633
2020,12,0,1,2,305,7.5,35.88116073
2020,12,0,1,2,312,8.9,43.78450573
2020,12,0,1,2,235,6.6,21.11220803
2020,12,0,1,2,226,6.4,19.30276426
2020,12,0,1,2,265,8.3,31.96805457
2020,12,0,1,2,280,7.6,31.72519416
2020,12,0,1,2,222,6.5,19.09343906
2020,12,0,1,2,215,5.1,14.41686468
2020,12,0,1,2,315,8.6,42.95207633
2020,12,0,1,2,237,6.7,21.70793026
2020,12,0,1,2,234,7.7,24.67152385
2020,12,0,1,2,270,7.3,28.83523777
2020,12,0,1,2,260,6.8,25.39539019
2020,12,0,1,2,176,NA,11.11895143
2020,12,0,1,2,231,5.6,17.58706936
2020,12,0,1,2,166,NA,9.810526601
2020,12,0,1,2,301,7.7,35.98884308
2020,12,0,1,2,259,7.4,27.42631875
2020,12,0,1,2,253,5.8,21.0329781
2020,12,0,1,2,230,6.4,19.82045947
2020,12,0,1,2,283,8.1,34.34983273
2020,12,0,1,2,241,6.1,20.34706374
2020,12,0,1,2,222,5.9,17.34460679
2020,12,0,1,2,249,6.1,21.43356202
2020,12,0,1,2,271,7.8,30.9700957
2020,12,0,1,2,264,7.4,28.23266976
2020,12,0,1,2,290,7.1,31.46086873
2020,12,0,1,2,255,5.7,20.99289948
2020,12,0,1,2,225,5.9,17.70815194
2020,12,0,1,2,160,NA,9.077073411
2020,12,0,1,2,275,6.4,26.2956844
2020,12,0,1,2,236,6.7,21.57011339
2020,12,0,1,2,307,7.5,36.26403451
2020,12,0,1,2,289,6.1,27.44920392
2020,12,0,1,2,310,7.4,36.40478253
2020,12,0,1,2,304,8.4,39.73034151
2020,12,0,1,2,279,8.1,33.62062333
2020,12,0,1,2,283,7.3,31.03917648
2020,12,0,1,2,288,7.4,32.32368216
2020,12,0,1,2,275,6.5,26.65728172
2020,12,0,1,2,380,9.4,62.8925951
2020,12,0,1,2,210,4.8,13.16277989
2020,12,0,1,2,272,6.6,26.54484603
2020,12,0,1,2,214,5.66,15.75253206
2020,12,0,1,2,233,6.6,20.84182223
2020,12,0,1,2,196,NA,14.07471097
2020,12,0,1,2,209,5.3,14.27446958
2020,12,0,1,2,227,5.7,17.38376084
2020,12,0,1,2,207,6.4,16.96652555
2020,12,0,1,2,246,6,20.70736309
2020,12,0,1,2,234,6.1,19.42704056
2020,12,0,1,2,303,7.9,37.25574567
2020,12,0,1,2,294,7.8,35.10052638
2020,12,0,1,2,227,5.4,16.55221529
2020,12,0,1,2,306,7.3,35.20844621
2020,12,0,1,2,283,7.5,31.84593323
2020,12,0,1,2,300,6.8,32.02519987
2020,12,0,1,2,229,5.4,16.78835786
2020,12,0,1,2,209,6.1,16.36805917
2020,12,0,1,2,282,8.2,34.59497494
2020,12,0,1,2,240,5.5,18.41621777
2020,12,0,1,2,220,5.5,16.00953126
2020,12,0,1,2,246,6.5,22.31089084
2020,12,0,1,2,236,6.5,20.92965098
2020,12,0,1,2,249,5.2,18.68538484
2020,12,0,1,2,251,6.8,24.0421936
2020,12,0,1,2,281,6,25.81040516
2020,12,0,1,2,187,NA,12.68712061
2020,12,0,1,2,286,6.9,29.97610467
2020,12,0,1,2,288,5.8,26.20380275
2020,12,0,1,2,267,7.2,27.96324174
2020,12,0,1,2,199,NA,14.55877829
2020,12,0,1,2,250,6.6,23.21501078
2020,12,0,1,2,247,5.6,19.61223001
2020,12,0,1,2,327,8.1,43.07847421
2020,12,0,1,2,249,6.7,23.40777919
2020,12,0,1,2,243,5.6,19.09210607
2020,12,0,1,2,233,5.5,17.5482675
2020,12,0,1,2,270,6.4,25.5153067
2020,12,0,1,2,278,6.6,27.5052
2020,12,0,1,2,315,8.1,40.56664278
2020,12,0,1,2,286,6.8,29.58781432
2020,12,0,1,2,305,7.7,36.75648499
2020,12,0,1,2,304,8.1,38.35166575
2020,12,0,1,2,214,5.6,15.59348081
2020,12,0,1,2,285,6.4,27.90385224
2020,12,0,1,2,315,8.1,40.56664278
2020,12,0,1,2,247,5.4,19.01549495
2020,12,0,1,2,305,7.6,36.31706477
2020,12,0,1,2,248,5.2,18.5578962
2020,12,0,1,2,124,NA,5.429387836
2020,12,0,1,2,277,5.8,24.4967389
2020,12,0,1,2,267,5.9,23.34330489
2020,12,0,1,2,235,6.2,19.86150007
2020,12,0,1,2,237,5.7,18.62082279
2020,12,0,1,2,287,7.5,32.55584615
2020,12,0,1,2,253,6.1,21.99102242
2020,12,0,1,2,231,6.6,20.57375491
2020,12,0,1,2,257,6.9,25.29203041
2020,12,0,1,2,281,6.9,29.13043814
2020,12,0,1,2,252,6.2,22.17528496
2020,12,0,1,2,292,7.2,32.21967626
2020,12,0,1,2,318,9,45.57921488
2020,12,0,1,2,195,NA,13.91577251
2020,12,0,1,2,272,6.8,27.27734683
2020,12,0,1,2,157,NA,8.724470312
2020,12,0,1,2,273,6,24.57754454
2020,12,0,1,2,275,6.4,26.2956844
2020,12,0,1,2,213,5,13.95568942
2020,12,0,1,2,261,6.3,23.80823946
2020,12,0,1,2,241,5.9,19.73310849
2020,12,0,1,2,272,6.8,27.27734683
2020,12,0,1,2,298,6.8,31.66910282
2020,12,0,1,2,217,5.7,16.20273816
2020,12,0,1,2,302,6.8,32.38395634
2020,12,0,1,2,251,6.6,23.35995772
2020,12,0,1,2,146,NA,7.509810116
2020,12,0,1,2,245,5.8,19.95548285
2020,12,0,1,2,274,5.6,23.37211955
2020,12,0,1,2,260,5.9,22.33139931
2020,12,0,1,2,227,5,15.48533309
2020,12,0,1,2,202,5.1,13.06221993
2020,12,0,1,2,154,NA,8.381118886
2020,12,0,1,2,208,5.4,14.41833539
2020,12,0,1,2,210,6.2,16.76014281
2020,12,0,1,2,225,5.9,17.70815194
2020,12,0,1,2,222,6.3,18.49803065
2020,12,0,1,2,173,NA,10.71492884
2020,12,0,1,2,234,7.2,22.94251357
2020,12,0,1,2,248,7.3,25.34757661
2020,12,0,1,2,296,8.3,37.68784959
2020,12,0,1,2,203,6.3,16.22533178
2020,12,0,1,2,263,6.1,23.42677793
2020,12,0,1,2,255,6.4,23.2671099
2020,12,0,1,2,162,NA,9.317342699
2020,12,0,1,2,189,NA,12.98720474
2020,12,0,1,2,215,6.4,17.92575067
2020,12,0,1,2,235,5.9,18.95659903
2021,1,0,0,1,116,NA,4.780738094
2021,1,0,0,1,148,NA,7.721679073
2021,1,0,0,1,197,NA,14.23485505
2021,1,0,0,1,120,NA,5.098187639
2021,1,0,0,1,104,NA,3.90797795
2021,1,0,0,1,93,NA,3.207635971
2021,1,0,0,1,170,NA,10.32081389
2021,1,0,0,1,210,5.3,14.38136146
2021,1,0,0,1,148,NA,7.721679073
2021,1,0,0,1,209,5.6,15.03723104
2021,1,0,0,1,169,NA,10.19162268
2021,1,0,0,1,165,NA,9.685638572
2021,1,0,0,1,170,NA,10.32081389
2021,1,0,0,1,171,NA,10.45109228
2021,1,0,0,1,149,NA,7.829091722
2021,1,0,0,1,135,NA,6.413470346
2021,1,0,0,1,142,NA,7.097770017
2021,1,0,0,1,126,NA,5.600235536
2021,1,0,0,1,198,NA,14.3962093
2021,1,0,0,1,165,NA,9.685638572
2021,1,0,0,1,98,NA,3.514562486
2021,1,0,0,1,225,5.5,16.5902268
2021,1,0,0,1,237,6,19.51393364
2021,1,0,0,1,208,5.4,14.41833539
2021,1,0,0,1,163,NA,9.439051176
2021,1,0,0,1,166,NA,9.810526601
2021,1,0,0,1,152,NA,8.157297016
2021,1,0,0,1,136,NA,6.508407761
2021,1,0,0,1,260,6.6,24.69172357
2021,1,0,0,1,166,NA,9.810526601
2021,1,0,0,1,105,NA,3.976273476
2021,1,0,0,1,241,6.7,22.26506801
2021,1,0,0,1,301,7.9,36.8682663
2021,1,0,0,1,164,NA,9.561814948
2021,1,0,0,1,119,NA,5.017547518
2021,2,1,0,3,296,7.3,33.35264883
2021,2,1,0,3,179,NA,11.53300465
2021,2,1,0,3,283,6.3,27.20915411
2021,2,1,0,3,191,NA,13.2919838
2021,2,1,0,3,156,NA,8.608997947
2021,2,1,0,3,163,NA,9.439051176
2021,2,1,0,3,146,NA,7.509810116
2021,2,1,0,3,192,NA,13.44614532
2021,2,1,0,3,124,NA,5.429387836
2021,2,1,0,3,212,6.7,18.43501384
2021,2,1,0,3,63,NA,1.732768476
2021,2,1,0,3,284,6.2,27.00510559
2021,2,1,0,3,165,NA,9.685638572
2021,2,1,0,3,154,NA,8.381118886
2021,2,1,0,3,124,NA,5.429387836
2021,2,1,0,3,201,4.7,12.04245508
2021,2,1,0,3,266,5.7,22.53720221
2021,2,1,0,3,180,NA,11.67327268
2021,2,1,0,3,198,NA,14.3962093
2021,2,1,0,3,118,NA,4.937762257
2021,2,1,0,3,99,NA,3.578207161
2021,2,1,0,3,227,5.3,16.28104422
2021,2,1,0,3,188,NA,12.83657809
2021,2,1,0,3,239,5.2,17.43649388
2021,2,1,0,3,149,NA,7.829091722
2021,2,1,0,3,228,6.9,21.12324384
2021,2,1,0,3,129,NA,5.863169083
2021,2,1,0,3,121,NA,5.179687177
2021,2,1,0,3,186,NA,12.53882777
2021,2,1,0,3,178,NA,11.3938648
2021,2,1,0,3,93,NA,3.207635971
2021,2,1,0,3,307,7.4,35.82913356
2021,2,1,0,3,146,NA,7.509810116
2021,2,1,0,3,211,4.4,12.33679585
2021,2,1,0,3,214,5.7,15.85916482
2021,2,1,0,3,214,5.5,15.33078077
2021,2,1,0,3,183,NA,12.10089141
2021,2,1,0,3,218,4.4,13.03574667
2021,2,1,0,3,154,NA,8.381118886
2021,2,1,0,3,157,NA,8.724470312
2021,2,1,0,3,219,5,14.59827719
2021,2,1,0,3,239,4.7,16.07293106
2021,2,1,0,3,176,NA,11.11895143
2021,2,1,0,3,232,4.6,15.01553751
2021,2,1,0,3,153,NA,8.26870308
2021,2,1,0,3,256,6.2,22.74462448
2021,2,1,0,3,182,NA,11.95721151
2021,2,1,0,3,247,5.5,19.31232595
2021,2,1,0,3,271,5.9,23.9350297
2021,2,1,0,3,212,3.9,11.33203437
2021,2,1,0,3,239,5.9,19.4719612
2021,2,1,0,3,262,6,22.94737305
2021,2,1,0,3,211,5.3,14.48878565
2021,2,1,0,3,264,5.5,21.60858005
2021,2,1,0,3,172,NA,10.58246241
2021,2,1,0,3,143,NA,7.199329203
2021,2,1,0,3,119,NA,5.017547518
2021,2,1,0,3,326,6.7,36.46564207
2021,2,1,0,3,141,NA,6.997170463
2021,2,1,0,3,152,NA,8.157297016
2021,2,1,0,3,217,5.5,15.66770572
2021,2,1,0,3,335,8.4,46.30594374
2021,2,1,0,3,248,7.8,27.17711183
2021,2,1,0,3,203,4.5,11.7885028
2021,2,1,0,3,167,NA,9.936483593
2021,2,1,0,3,193,NA,13.60149424
2021,2,1,0,3,152,NA,8.157297016
2021,2,1,0,3,120,NA,5.098187639
2021,2,1,0,3,181,NA,11.81467345
2021,2,1,0,3,251,6.8,24.0421936
2021,2,1,0,3,156,NA,8.608997947
2021,2,1,0,3,216,7.1,20.16173492
2021,2,1,0,3,104,NA,3.90797795
2021,2,1,0,3,186,NA,12.53882777
2021,2,1,0,3,177,NA,11.25584858
2021,2,1,0,3,274,6.4,26.13835376
2021,2,1,0,3,229,5.7,17.62664852
2021,2,1,0,3,191,NA,13.2919838
2021,2,1,0,3,235,6.4,20.48048961
2021,2,1,0,3,157,NA,8.724470312
2021,2,1,0,3,112,NA,4.476747659
2021,2,1,0,3,190,NA,13.13900512
2021,2,1,0,3,102,NA,3.773741931
2021,2,1,0,3,102,NA,3.773741931
2021,2,1,0,3,103,NA,3.840468953
2021,2,1,0,3,226,6.3,19.00205618
2021,2,1,0,3,149,NA,7.829091722
2021,2,1,0,3,158,NA,8.840970641
2021,2,1,0,3,69,NA,1.980623364
2021,2,1,0,3,165,NA,9.685638572
2021,2,1,0,3,182,NA,11.95721151
2021,2,1,0,3,166,NA,9.810526601
2021,2,1,0,3,164,NA,9.561814948
2021,2,1,0,3,172,NA,10.58246241
2021,2,1,0,3,180,NA,11.67327268
2021,2,1,0,3,221,5.1,15.07245244
2021,2,1,0,3,154,NA,8.381118886
2021,2,1,0,3,153,NA,8.26870308
2021,2,1,0,3,345,9.4,53.92918676
2021,2,1,0,3,223,5.2,15.55612348
2021,2,1,0,3,99,NA,3.578207161
2021,2,1,0,3,96,NA,3.389546173
2021,2,1,0,3,139,NA,6.798832036
2021,2,1,0,3,132,NA,6.134206355
2021,2,1,0,3,126,NA,5.600235536
2021,2,1,0,3,222,5.3,15.70596159
2021,2,1,0,3,169,NA,10.19162268
2021,2,1,0,3,276,6.7,27.55197385
2021,2,1,0,3,189,NA,12.98720474
2021,2,1,0,3,47,NA,1.174707572
2021,2,1,0,3,187,NA,12.68712061
2021,2,1,0,3,194,NA,13.75803512
2021,2,1,0,3,58,NA,1.54275792
2021,2,1,0,3,168,NA,10.0635141
2021,2,1,0,3,113,NA,4.55149942
2021,2,1,0,3,116,NA,4.780738094
2021,3,0,1,2,292,5.5,25.77551763
2021,3,0,1,2,320,7.9,40.65950201
2021,3,0,1,2,196,NA,14.07471097
2021,3,0,1,2,320,7.3,37.92039085
2021,3,0,1,2,290,5.8,26.52245593
2021,3,0,1,2,221,4.4,13.34320219
2021,3,0,1,2,400,10.3,74.2191933
2021,3,0,1,2,294,5.6,26.44734847
2021,3,0,1,2,221,8.3,24.8889537
2021,3,0,1,2,305,6.1,30.1397935
2021,3,0,1,2,310,7,34.68498105
2021,3,0,1,2,305,6.4,31.31424467
2021,3,0,1,2,315,5.3,28.82231502
2021,3,0,1,2,265,6.5,25.10012393
2021,3,0,1,2,263,4.8,19.32597539
2021,3,0,1,2,170,5.5,10.9296545
2021,3,0,1,2,235,6,19.25510986
2021,3,0,1,2,296,6.4,29.74711244
2021,3,0,1,2,233,4.2,14.12689991
2021,3,0,1,2,315,6,31.51042708
2021,3,0,1,2,302,6.1,29.62249225
2021,3,0,1,2,230,4.3,14.04911459
2021,3,0,1,2,168,NA,10.0635141
2021,3,0,1,2,261,5.5,21.19081405
2021,3,0,1,2,232,4.1,13.77766209
2021,3,0,1,2,294,5.8,27.1674914
2021,3,0,1,2,350,7.1,43.23250641
2021,3,0,1,2,243,4.1,14.97652489
2021,3,0,1,2,340,8.3,46.92118741
2021,3,0,1,2,305,5.8,28.99508114
2021,3,0,1,2,302,5.5,27.38434697
2021,3,0,1,2,405,9.3,69.23896987
2021,3,0,1,2,273,4.8,20.67049757
2021,3,0,1,2,250,6.3,22.2195853
2021,3,0,1,2,242,4.7,16.42472605
2021,3,0,1,2,239,5.1,17.15784419
2021,3,0,1,2,273,4.7,20.36502577
2021,3,0,1,2,275,5.9,24.53667063
2021,3,0,1,2,300,5.6,27.41986353
2021,3,0,1,2,295,5.2,25.20112704
2021,3,0,1,2,350,8.1,48.17853339
2021,3,0,1,2,259,4.7,18.51556863
2021,3,0,1,2,199,NA,14.55877829
2021,3,0,1,2,210,4.5,12.46577818
2021,3,0,1,2,229,4.9,15.45100797
2021,3,0,1,2,180,NA,11.67327268
2021,3,0,1,2,307,6.3,31.27253699
2021,3,0,1,2,400,8.5,62.9583316
2021,3,0,1,2,125,4.6,5.970604244
2021,3,0,1,2,259,5.4,20.60463427
2021,3,0,1,2,350,8,47.66778409
2021,3,0,1,2,380,9.3,62.29488294
2021,3,0,1,2,270,4.7,19.9588032
2021,3,0,1,2,245,6.2,21.20194675
2021,3,0,1,2,268,5.3,21.53483562
2021,3,0,1,2,180,NA,11.67327268
2021,3,0,1,2,250,7.6,26.74705257
2021,3,0,1,2,316,7.3,37.13183732
2021,3,0,1,2,270,8.8,34.9876172
2021,3,0,1,2,310,6.7,33.43129546
2021,3,0,1,2,242,5.9,19.86455319
2021,3,0,1,2,320,8.4,43.04037751
2021,3,0,1,2,302,7.5,35.31191789
2021,3,0,1,2,310,7.2,35.5379465
2021,3,0,1,2,230,6.3,19.51515519
2021,3,0,1,2,350,8.1,48.17853339
2021,3,0,1,2,305,7.1,34.17242391
2021,3,0,1,2,305,7.1,34.17242391
2021,3,0,1,2,209,5.1,13.78056818
2021,3,0,1,2,305,6.9,33.33878535
2021,3,0,1,2,302,7.5,35.31191789
2021,3,0,1,2,145,NA,7.405344698
2021,3,0,1,2,295,1.6,14.70160848
2021,3,0,1,2,360,4.1,32.28025796
2021,3,0,1,2,320,3.7,24.02528156
2021,3,0,1,2,143,NA,7.199329203
2021,3,0,1,2,280,5.8,24.95471232
2021,3,0,1,2,320,6.6,34.88363301
2021,3,0,1,2,390,9.9,68.73506527
2021,3,0,1,2,305,7.1,34.17242391
2021,3,0,1,2,300,7.2,33.66771287
2021,3,0,1,2,380,8.7,58.78796571
2021,3,0,1,2,142,NA,7.097770017
2021,3,0,1,2,300,7.7,35.79861729
2021,3,0,1,2,310,8.6,41.90334538
2021,3,0,1,2,320,8.2,42.07718219
2021,3,0,1,2,330,8.5,45.69949956
2021,3,0,1,2,265,7.5,28.77886841
2021,3,0,1,2,260,8.4,31.51185492
2021,3,0,1,2,305,8,38.09598397
2021,3,0,1,2,118,NA,4.937762257
2021,3,0,1,2,310,7.1,35.10973695
2021,3,0,1,2,300,6.7,31.62309309
2021,3,0,1,2,360,11.9,73.22592076
2021,3,0,1,2,320,9.1,46.52716169
2021,3,0,1,2,272,5.6,23.0784162
2021,3,0,1,2,240,7.2,23.80648395
2021,3,0,1,2,178,NA,11.3938648
2021,3,0,1,2,217,6.1,17.30906874
2021,3,0,1,2,180,NA,11.67327268
2021,3,0,1,2,250,7.3,25.65232707
2021,3,0,1,2,218,4.4,13.03574667
2021,3,0,1,2,205,7.5,19.98601429
2021,3,0,1,2,290,5.6,25.81195103
2021,3,0,1,2,305,5.7,28.62005306
2021,3,0,1,2,303,6.1,29.79426283
2021,3,0,1,2,330,8,43.23698732
2021,3,0,1,2,250,6.7,23.55330816
2021,3,0,1,2,220,4.8,14.20679318
2021,3,0,1,2,350,6.7,41.35299911
2021,3,0,1,2,121,NA,5.179687177
2021,3,0,1,2,215,5.2,14.66888819
2021,3,0,1,2,173,NA,10.71492884
2021,3,0,1,2,255,7.3,26.42486836
2021,3,0,1,2,240,5.4,18.12738104
2021,3,0,1,2,305,5.8,28.99508114
2021,3,0,1,2,350,8.9,52.39648531
2021,3,0,1,2,130,NA,5.952608353
2021,3,0,1,2,275,5.4,22.85790435
2021,3,0,1,2,265,5.9,23.05113528
2021,3,0,1,2,155,NA,8.49454899
2021,3,0,1,2,152,NA,8.157297016
2021,3,0,1,2,230,5.4,16.90726673
2021,4,1,1,4,175,NA,10.98316879
2021,4,1,1,4,176,NA,11.11895143
2021,4,1,1,4,286,5,23.16024552
2021,4,1,1,4,305,6.8,32.92709909
2021,4,1,1,4,173,NA,10.71492884
2021,4,1,1,4,184,NA,12.24571772
2021,4,1,1,4,336,7.8,43.56110253
2021,4,1,1,4,306,6.9,33.52241271
2021,4,1,1,4,241,4.5,15.77758592
2021,4,1,1,4,283,7.3,31.03917648
2021,4,1,1,4,115,NA,4.703490082
2021,4,1,1,4,310,5.4,28.34717324
2021,4,1,1,4,220,5.8,16.82661469
2021,4,1,1,4,232,5,16.05758745
2021,4,1,1,4,246,6.9,23.65173354
2021,4,1,1,4,120,NA,5.098187639
2021,4,1,1,4,215,5,14.16774448
2021,4,1,1,4,230,6.5,20.12893148
2021,4,1,1,4,181,NA,11.81467345
2021,4,1,1,4,230,4.8,15.30460077
2021,4,1,1,4,340,7.1,41.09563468
2021,4,1,1,4,249,6,21.11572512
2021,4,1,1,4,305,7.6,36.31706477
2021,4,1,1,4,156,NA,8.608997947
2021,4,1,1,4,323,8.6,44.6662006
2021,4,1,1,4,220,6,17.38649734
2021,4,1,1,4,261,5.4,20.87780593
2021,4,1,1,4,81,NA,2.545043147
2021,4,1,1,4,270,7.3,28.83523777
2021,4,1,1,4,287,6.5,28.60928084
2021,4,1,1,4,240,5.6,18.70810648
2021,4,1,1,4,293,6.9,31.18730559
2021,4,1,1,4,120,NA,5.098187639
2021,4,1,1,4,212,4.1,11.76506458
2021,4,1,1,4,110,NA,4.329708501
2021,4,1,1,4,81,NA,2.545043147
2021,4,1,1,4,249,5.7,20.18109787
2021,4,1,1,4,100,NA,3.642615591
2021,4,1,1,4,67,NA,1.895545286
2021,4,1,1,4,168,NA,10.0635141
2021,4,1,1,4,142,NA,7.097770017
2021,4,1,1,4,166,NA,9.810526601
2021,4,1,1,4,181,NA,11.81467345
2021,4,1,1,4,146,NA,7.509810116
2021,4,1,1,4,171,NA,10.45109228
2021,4,1,1,4,119,NA,5.017547518
2021,4,1,1,4,220,3.8,11.87407249
2021,4,1,1,4,172,NA,10.58246241
2021,4,1,1,4,173,4.6,9.354514341
2021,4,1,1,4,224,NA,19.03111556
2021,4,1,1,4,264,5,20.05695425
2021,4,1,1,4,195,NA,13.91577251
2021,4,1,1,4,157,NA,8.724470312
2021,4,1,1,4,258,5.7,21.40683906
2021,4,1,1,4,165,NA,9.685638572
2021,4,1,1,4,243,6.3,21.2463689
2021,4,1,1,4,305,6.3,30.91943309
2021,4,1,1,4,160,NA,9.077073411
2021,4,1,1,4,224,4.1,12.94716484
2021,4,1,1,4,123,NA,5.34528272
2021,4,1,1,4,38,NA,0.921267579
2021,4,1,1,4,66,NA,1.853935498
2021,4,1,1,4,278,5.7,24.30628097
2021,4,1,1,4,128,NA,5.774630228
2021,4,1,1,4,228,4.6,14.57426084
2021,4,1,1,4,229,4.6,14.68375804
2021,4,1,1,4,216,4.5,13.06654318
2021,4,1,1,4,220,5.2,15.21933661
2021,4,1,1,4,181,NA,11.81467345
2021,4,1,1,4,175,NA,10.98316879
2021,4,1,1,4,221,4.5,13.58168068
2021,4,1,1,4,150,NA,7.937495892
2021,4,1,1,4,252,5.5,19.96989176
2021,4,1,1,4,213,4.2,12.08234624
2021,4,1,1,4,200,5.3,13.33617797
2021,4,1,1,4,157,NA,8.724470312
2021,4,1,1,4,262,5.7,21.96717379
2021,4,1,1,4,183,NA,12.10089141
2021,4,1,1,4,304,6.9,33.15582979
2021,4,1,1,4,298,6.9,32.07213538
2021,4,1,1,4,200,4.1,10.65719919
2021,4,1,1,4,210,5,13.64159082
2021,4,1,1,4,271,5.8,23.59767042
2021,4,1,1,4,89,NA,2.975377677
2021,4,1,1,4,226,5,15.37253877
2021,4,1,1,4,249,5.2,18.68538484
2021,4,1,1,4,370,7.5,49.76368093
2021,4,1,1,4,148,NA,7.721679073
2021,4,1,1,4,195,NA,13.91577251
2021,4,1,1,4,252,5.2,19.07135137
2021,4,1,1,4,147,NA,7.61525339
2021,4,1,1,4,141,NA,6.997170463
2021,4,1,1,4,258,6,22.37295232
2021,4,1,1,4,223,4.7,14.28124679
2021,4,1,1,4,259,5.6,21.22910601
2021,4,1,1,4,325,8.1,42.65283426
2021,4,1,1,4,147,NA,7.61525339
2021,4,1,1,4,155,NA,8.49454899
2021,4,1,1,4,260,6.6,24.69172357
2021,4,1,1,4,273,6.8,27.43824356
2021,4,1,1,4,195,NA,13.91577251
2021,4,1,1,4,98,NA,3.514562486
2021,4,1,1,4,172,NA,10.58246241
2021,4,1,1,4,282,5.7,24.91591549
2021,4,1,1,4,199,NA,14.55877829
2021,4,1,1,4,325,7.7,40.758799
2021,4,1,1,4,228,4.5,14.32536367
2021,4,1,1,4,224,4.2,13.18046983
2021,4,1,1,4,70,NA,2.024100765
2021,4,1,1,4,185,NA,12.39169499
2021,5,1,0,3,405,7.5,58.53739838
2021,5,1,0,3,230,5.5,17.18479719
2021,5,1,0,3,330,6.4,35.95407614
2021,5,1,0,3,260,4.9,19.22781062
2021,5,1,0,3,211,3.7,10.81879207
2021,5,1,0,3,315,7.8,39.17869175
2021,5,1,0,3,143,NA,7.199329203
2021,5,1,0,3,163,NA,9.439051176
2021,5,1,0,3,287,5.7,25.69218467
2021,5,1,0,3,199,NA,14.55877829
2021,5,1,0,3,245,5.5,19.05339558
2021,5,1,0,3,157,NA,8.724470312
2021,5,1,0,3,290,5.8,26.52245593
2021,5,1,0,3,270,10.9,44.98700558
2021,5,1,0,3,170,NA,10.32081389
2021,5,1,0,3,310,6.9,34.26366482
2021,5,1,0,3,180,NA,11.67327268
2021,5,1,0,3,290,5.2,24.42923599
2021,5,1,0,3,350,7.1,43.23250641
2021,5,1,0,3,360,6.9,44.47004657
2021,5,1,0,3,200,NA,14.72256657
2021,5,1,0,3,300,6.3,30.04832384
2021,5,1,0,3,180,NA,11.67327268
2021,5,1,0,3,257,5.2,19.72637721
2021,5,1,0,3,85,NA,2.754610583
2021,5,1,0,3,200,NA,14.72256657
2021,5,1,0,3,234,6.8,21.61896739
2021,5,1,0,3,176,NA,11.11895143
2021,5,1,0,3,290,7,31.060883
2021,5,1,0,3,320,7.2,37.47618917
2021,5,1,0,3,265,5,20.19160548
2021,5,1,0,3,400,8.5,62.9583316
2021,5,1,0,3,290,5.5,25.46150725
2021,5,1,0,3,195,NA,13.91577251
2021,5,1,0,3,240,5.5,18.41621777
2021,5,1,0,3,205,6.7,17.58156151
2021,5,1,0,3,202,3.9,10.42445318
2021,5,1,0,3,133,NA,6.226374199
2021,5,1,0,3,235,6.9,22.08393571
2021,5,1,0,3,245,3.5,13.7242094
2021,5,1,0,3,285,5.3,24.00825018
2021,5,1,0,3,265,4.5,18.71035025
2021,5,1,0,3,310,6,30.62429677
2021,5,1,0,3,120,NA,5.098187639
2021,5,1,0,3,315,6.1,31.90756887
2021,5,1,0,3,293,4.9,23.87576058
2021,5,1,0,3,280,6.4,27.09181378
2021,5,1,0,3,310,5.4,28.34717324
2021,5,1,0,3,350,6.6,40.89179181
2021,5,1,0,3,291,5.9,27.04404356
2021,5,1,0,3,315,5.7,30.33880114
2021,5,1,0,3,185,NA,12.39169499
2021,5,1,0,3,350,6.2,39.08125387
2021,5,1,0,3,350,6.2,39.08125387
2021,5,1,0,3,143,NA,7.199329203
2021,5,1,0,3,249,5.2,18.68538484
2021,5,1,0,3,80,NA,2.494367069
2021,5,1,0,3,280,4.9,21.96452954
2021,5,1,0,3,320,5.8,31.61679771
2021,5,1,0,3,370,4.5,35.81997038
2021,5,1,0,3,290,5.7,26.16559574
2021,5,1,0,3,295,5.5,26.25135744
2021,5,1,0,3,230,3.6,12.40960089
2021,5,1,0,3,160,NA,9.077073411
2021,5,1,0,3,180,NA,11.67327268
2021,5,1,0,3,350,5.9,37.75899531
2021,5,1,0,3,280,4.8,21.64785191
2021,5,1,0,3,265,5.7,22.39378178
2021,6,0,1,2,320,7,36.59821977
2021,6,0,1,2,400,8.9,65.35458504
2021,6,0,1,2,305,5.5,27.87972622
2021,6,0,1,2,370,8.3,54.01155709
2021,6,0,1,2,370,8.4,54.55894272
2021,6,0,1,2,157,NA,8.724470312
2021,6,0,1,2,315,6.1,31.90756887
2021,6,0,1,2,430,9.7,79.352627
2021,6,0,1,2,226,4.6,14.35690219
2021,6,0,1,2,345,6.1,37.6228342
2021,6,0,1,2,280,5,22.28428056
2021,6,0,1,2,325,8.9,46.61513071
2021,6,0,1,2,315,6.7,34.36068667
2021,6,0,1,2,400,7.4,56.67216985
2021,6,0,1,2,147,NA,7.61525339
2021,6,0,1,2,400,8.3,61.78248914
2021,6,0,1,2,262,5.5,21.32946546
2021,6,0,1,2,370,8.7,56.2232646
2021,6,0,1,2,290,5.4,25.11424985
2021,6,0,1,2,107,NA,4.115242342
2021,6,0,1,2,177,NA,11.25584858
2021,6,0,1,2,174,NA,10.84849611
2021,6,0,1,2,363,8.2,51.76270009
2021,6,0,1,2,280,6.5,27.45944689
2021,6,0,1,2,270,7.9,31.20127209
2021,6,0,1,2,405,7.5,58.53739838
2021,6,0,1,2,390,7.5,54.66084034
2021,6,0,1,2,158,NA,8.840970641
2021,6,0,1,2,303,5.9,29.03273008
2021,6,0,1,2,179,NA,11.53300465
2021,6,0,1,2,338,6.1,36.23287381
2021,6,0,1,2,253,5.2,19.20117816
2021,6,0,1,2,345,6.5,39.39453959
2021,6,0,1,2,73,NA,2.158341079
2021,6,0,1,2,228,5.2,16.12841304
2021,6,0,1,2,339,6.2,36.8596196
2021,6,0,1,2,245,4.9,17.33160397
2021,6,0,1,2,410,9.7,73.25568023
2021,6,0,1,2,372,7.5,50.2396669
2021,6,0,1,2,343,7.4,43.14884806
2021,6,0,1,2,343,6.8,40.34088615
2021,6,0,1,2,262,5.3,20.70421994
2021,6,0,1,2,292,6.5,29.44994868
2021,6,0,1,2,240,6.5,21.47509068
2021,6,0,1,2,212,4.4,12.43507731
2021,6,0,1,2,267,5.1,20.77036375
2021,6,0,1,2,360,8.8,54.2835865
2021,6,0,1,2,144,NA,7.301852578
2021,6,0,1,2,271,5.4,22.27993222
2021,6,0,1,2,254,6.3,22.78882495
2021,6,0,1,2,328,6.1,34.30723732
2021,6,0,1,2,305,6.4,31.31424467
2021,6,0,1,2,224,5.5,16.47298294
2021,6,0,1,2,360,8.4,52.10854892
2021,6,0,1,2,315,7,35.63304026
2021,6,0,1,2,170,NA,10.32081389
2021,6,0,1,2,360,8.2,51.0431643
2021,6,0,1,2,370,7.8,51.32948483
2021,6,0,1,2,415,7.7,62.37719793
2021,6,0,1,2,315,7,35.63304026
2021,6,0,1,2,237,5.3,17.47298288
2021,6,0,1,2,247,5.4,19.01549495
2021,6,0,1,2,355,7.4,45.79367468
2021,6,0,1,2,297,6,28.39844524
2021,6,0,1,2,345,7.7,45.04158597
2021,6,0,1,2,215,4.8,13.67814671
2021,6,0,1,2,183,NA,12.10089141
2021,6,0,1,2,292,5.9,27.20618646
2021,6,0,1,2,400,9.2,67.19113825
2021,6,0,1,2,323,7.7,40.34610304
2021,6,0,1,2,192,NA,13.44614532
2021,6,0,1,2,146,NA,7.509810116
2021,6,0,1,2,295,5.3,25.54803006
2021,6,0,1,2,327,6.3,34.95254345
2021,6,0,1,2,395,8.5,61.60167939
2021,6,0,1,2,286,6.5,28.44309058
2021,6,0,1,2,149,NA,7.829091722
2021,6,0,1,2,258,5.8,21.72572051
2021,6,0,1,2,113,NA,4.55149942
2021,6,0,1,2,241,5.6,18.83552863
2021,6,0,1,2,267,5.8,23.01068187
2021,6,0,1,2,271,5,21.01218711
2021,6,0,1,2,280,5.7,24.60983976
2021,6,0,1,2,315,5.6,29.95481282
2021,6,0,1,2,232,5.6,17.70935472
2021,6,0,1,2,278,6.3,26.40953747
2021,6,0,1,2,125,NA,5.51437059
2021,6,0,1,2,410,8.8,67.561438
2021,6,0,1,2,232,5.5,17.426547
2021,6,0,1,2,225,3.9,12.58865235
2021,6,0,1,2,362,8.2,51.52210855
2021,6,0,1,2,348,8.1,47.71987379
2021,6,0,1,2,270,5.9,23.78617208
2021,6,0,1,2,288,5.8,26.20380275
2021,6,0,1,2,202,4.4,11.47546251
2021,6,0,1,2,340,6.6,38.81817386
2021,6,0,1,2,202,4.8,12.36539303
2021,6,0,1,2,279,7.98,33.11567041
2021,6,0,1,2,190,NA,13.13900512
2021,6,0,1,2,204,6.2,16.0672941
2021,6,0,1,2,251,5.7,20.44932868
2021,6,0,1,2,110,NA,4.329708501
2021,6,0,1,2,169,NA,10.19162268
2021,6,0,1,2,260,7.8,29.11484288
2021,6,0,1,2,405,8.4,63.73853118
2021,6,0,1,2,292,4.3,21.78613561
2021,6,0,1,2,287,8.2,35.52416257
2021,6,0,1,2,320,6.4,34.04679638
2021,6,0,1,2,320,6.4,34.04679638
2021,6,0,1,2,295,5.9,27.69650108
2021,6,0,1,2,286,7.5,32.37738911
2021,6,0,1,2,203,3.7,10.10916768
2021,6,0,1,2,305,5.9,29.37337115
2021,6,0,1,2,190,NA,13.13900512
2021,6,0,1,2,212,4.3,12.20898819
2021,6,0,1,2,390,8.2,58.5451516
2021,6,0,1,2,252,5.1,18.77794004
2021,6,0,1,2,249,4.8,17.54347849
2021,6,0,1,2,395,8.1,59.29054747
2021,6,0,1,2,235,7.3,23.42533284
2021,6,0,1,2,405,8.4,63.73853118
2021,6,0,1,2,365,7.9,50.65618242
2021,6,0,1,2,310,6.1,31.01528521
2021,6,0,1,2,295,5.3,25.54803006
2021,6,0,1,2,189,NA,12.98720474
2021,6,0,1,2,284,5.9,25.92704535
2021,6,0,1,2,292,5.3,25.07938714
2021,6,0,1,2,410,8.8,67.561438
2021,6,0,1,2,328,6.4,35.56706593
2021,6,0,1,2,325,7.2,38.47119345
2021,6,0,1,2,355,7.7,47.29112506
2021,6,0,1,2,191,NA,13.2919838
2021,6,0,1,2,410,8.6,66.33749067
2021,6,0,1,2,285,5.8,25.73062457
2021,6,0,1,2,258,5.1,19.55885658
2021,7,1,1,4,180,NA,11.67327268
2021,7,1,1,4,149,NA,7.829091722
2021,7,1,1,4,315,6.3,32.71183522
2021,7,1,1,4,197,NA,14.23485505
2021,7,1,1,4,252,5.7,20.58433078
2021,7,1,1,4,270,6.6,26.22976764
2021,7,1,1,4,205,4.2,11.32323104
2021,7,1,1,4,295,5.2,25.20112704
2021,7,1,1,4,297,4.7,23.81497935
2021,7,1,1,4,315,4.9,27.35722449
2021,7,1,1,4,162,6.2,11.74413721
2021,7,1,1,4,420,8.5,68.58410646
2021,7,1,1,4,152,NA,8.157297016
2021,7,1,1,4,283,5.7,25.06990046
2021,7,1,1,4,357,6.6,42.38642461
2021,7,1,1,4,275,4.9,21.25751203
2021,7,1,1,4,338,6.3,37.09436885
2021,7,1,1,4,274,4.3,19.30524253
2021,7,1,1,4,290,5.4,25.11424985
2021,7,1,1,4,205,5.7,14.85765387
2021,7,1,1,4,92,NA,3.148478154
2021,7,1,1,4,340,5.7,34.93369401
2021,7,1,1,4,312,6.2,31.7669395
2021,7,1,1,4,305,6.3,30.91943309
2021,7,1,1,4,267,4.9,20.15811566
2021,7,1,1,4,277,5,21.85470505
2021,7,1,1,4,183,NA,12.10089141
2021,7,1,1,4,142,NA,7.097770017
2021,7,1,1,4,176,NA,11.11895143
2021,7,1,1,4,174,NA,10.84849611
2021,7,1,1,4,260,5.5,21.0527648
2021,7,1,1,4,309,6.9,34.07733793
2021,7,1,1,4,415,8.8,68.99721209
2021,7,1,1,4,231,5,15.94202775
2021,7,1,1,4,255,4.7,18.00853052
2021,7,1,1,4,285,5.7,25.3797711
2021,7,1,1,4,365,7.5,48.58688987
2021,7,1,1,4,315,8.7,43.44011491
2021,7,1,1,4,351,5.7,37.09426703
2021,7,1,1,4,420,8.9,71.08367467
2021,7,1,1,4,310,5.4,28.34717324
2021,7,1,1,4,256,4.9,18.70929017
2021,7,1,1,4,290,5.6,25.81195103
2021,7,1,1,4,315,6.4,33.11898747
2021,7,1,1,4,310,6.4,32.20818937
2021,7,1,1,4,229,4.6,14.68375804
2021,7,1,1,4,312,6.2,31.7669395
2021,7,1,1,4,270,5.1,21.18504549
2021,7,1,1,4,315,5.9,31.11659442
2021,7,1,1,4,273,6.9,27.81070498
2021,7,1,1,4,305,8.3,39.46763707
2021,7,1,1,4,330,9.3,49.83109562
2021,7,1,1,4,204,7.1,18.63384174
2021,7,1,1,4,172,NA,10.58246241
2021,7,1,1,4,260,5.8,22.00702135
2021,7,1,1,4,239,5.2,17.43649388
2021,7,1,1,4,250,8.6,30.62032187
2021,7,1,1,4,330,9.1,48.77579615
2021,7,1,1,4,355,7.2,44.81314521
2021,7,1,1,4,305,5.7,28.62005306
2021,7,1,1,4,322,9.4,48.52911601
2021,7,1,1,4,243,7.5,25.30593102
2021,7,1,1,4,250,6.1,21.57203318
2021,7,1,1,4,194,NA,13.75803512
2021,7,1,1,4,277,6.4,26.61223713
2021,7,1,1,4,307,5.6,28.58425282
2021,7,1,1,4,210,6.1,16.48377219
2021,7,1,1,4,277,5.5,23.4823884
2021,7,1,1,4,256,3.5,14.93064793
2021,7,1,1,4,290,5.6,25.81195103
2021,7,1,1,4,269,5.4,21.99463613
2021,7,1,1,4,297,6.5,30.30692566
2021,7,1,1,4,215,4.9,13.92151076
2021,7,1,1,4,300,6.6,31.22436636
2021,7,1,1,4,271,6.9,27.48712038
2021,7,1,1,4,258,6.2,23.03291261
2021,7,1,1,4,244,5.7,19.5208051
2021,7,1,1,4,231,5,15.94202775
2021,7,1,1,4,192,NA,13.44614532
2021,7,1,1,4,360,7.7,48.44345045
2021,7,1,1,4,209,6.1,16.36805917
2021,7,1,1,4,290,6.4,28.73195718
2021,7,1,1,4,355,5.7,37.90148288
2021,7,1,1,4,350,7.8,46.65714014
2021,7,1,1,4,212,3.6,10.70261814
2021,7,1,1,4,415,8.7,68.37691683
2021,7,1,1,4,198,NA,14.3962093
2021,7,1,1,4,335,6.8,38.69620037
2021,7,1,1,4,325,4.7,28.30781225
2021,7,1,1,4,315,6.8,34.78138003
2021,7,1,1,4,400,8.8,64.74992159
2021,7,1,1,4,285,5.9,26.08469673
2021,7,1,1,4,118,NA,4.937762257
2021,7,1,1,4,135,NA,6.413470346
2021,7,1,1,4,131,NA,6.042952592
2021,7,1,1,4,337,7.4,41.86550754
2021,7,1,1,4,212,7.6,21.22694136
2021,7,1,1,4,335,7.2,40.51372701
2021,7,1,1,4,335,6.3,36.50180055
2021,7,1,1,4,328,6.5,35.9937621
2021,7,1,1,4,241,5.1,17.40076969
2021,7,1,1,4,318,6.6,34.50548373
2021,7,1,1,4,349,7.5,44.94608422
2021,7,1,1,4,400,7.6,57.78244819
2021,7,1,1,4,290,5.2,24.42923599
2021,7,1,1,4,410,7.7,61.01245695
2021,7,1,1,4,323,6.9,36.74805684
2021,7,1,1,4,298,5.6,27.09308874
2021,7,1,1,4,323,6.4,34.61171238
2021,7,1,1,4,278,5.9,24.99445835
2021,7,1,1,4,202,5.7,14.53343633
2021,7,1,1,4,285,6.2,27.16637231
2021,7,1,1,4,100,NA,3.642615591
2021,7,1,1,4,180,NA,11.67327268
2021,7,1,1,4,174,NA,10.84849611
2021,7,1,1,4,130,5.6,7.918580742
2021,7,1,1,4,255,NA,25.74191497
2021,7,1,1,4,301,6,29.07141688
2021,7,1,1,4,315,5.5,29.57407826
2021,7,1,1,4,350,7.8,46.65714014
2021,7,1,1,4,262,5.6,21.64675409
2021,7,1,1,4,320,7.7,39.73229719
2021,7,1,1,4,315,7.1,36.06403482
2021,7,1,1,4,317,6.4,33.48806092
2021,7,1,1,4,329,6.1,34.496654
2021,7,1,1,4,245,4,14.94843984
2021,7,1,1,4,231,5,15.94202775
2021,7,1,1,4,182,NA,11.95721151
2021,8,0,0,1,131,NA,6.042952592
2021,8,0,0,1,209,7.8,21.47626069
2021,8,0,0,1,190,NA,13.13900512
2021,8,0,0,1,257,7.8,28.62205381
2021,8,0,0,1,290,8.8,38.79564067
2021,8,0,0,1,229,6,18.49239027
2021,8,0,0,1,192,NA,13.44614532
2021,8,0,0,1,174,NA,10.84849611
2021,8,0,0,1,185,NA,12.39169499
2021,8,0,0,1,257,NA,26.22207141
2021,8,0,0,1,131,NA,6.042952592
2021,8,0,0,1,107,NA,4.115242342
2021,8,0,0,1,188,NA,12.83657809
2021,8,0,0,1,115,NA,4.703490082
2021,8,0,0,1,165,NA,9.685638572
2021,8,0,0,1,279,7,29.17979213
2021,8,0,0,1,157,NA,8.724470312
2021,8,0,0,1,201,5.3,13.43833865
2021,8,0,0,1,183,NA,12.10089141
2021,8,0,0,1,201,NA,14.88757869
2021,8,0,0,1,185,NA,12.39169499
2021,8,0,0,1,232,7.1,22.32578412
2021,8,0,0,1,262,5.5,21.32946546
2021,8,0,0,1,223,5.3,15.8198765
2021,8,0,0,1,195,NA,13.91577251
2021,8,0,0,1,125,NA,5.51437059
2021,8,0,0,1,155,NA,8.49454899
2021,8,0,0,1,137,NA,6.604277478
2021,8,0,0,1,235,6.4,20.48048961
2021,8,0,0,1,233,5.8,18.40923738
2021,8,0,0,1,192,NA,13.44614532
2021,8,0,0,1,210,5.4,14.6337674
2021,8,0,0,1,164,NA,9.561814948
2021,8,0,0,1,124,NA,5.429387836
2021,8,0,0,1,198,NA,14.3962093
2021,8,0,0,1,155,NA,8.49454899
2021,8,0,0,1,115,NA,4.703490082
2021,8,0,0,1,138,NA,6.701084051
2021,9,1,1,4,102,NA,3.773741931
2021,9,1,1,4,126,NA,5.600235536
2021,9,1,1,4,196,NA,14.07471097
2021,9,1,1,4,109,NA,4.257411993
2021,9,1,1,4,177,NA,11.25584858
2021,9,1,1,4,225,5.5,16.5902268
2021,9,1,1,4,180,NA,11.67327268
2021,9,1,1,4,181,NA,11.81467345
2021,9,1,1,4,114,NA,4.627078709
2021,9,1,1,4,154,NA,8.381118886
2021,9,1,1,4,133,NA,6.226374199
2021,9,1,1,4,127,NA,5.68698723
2021,9,1,1,4,81,NA,2.545043147
2021,9,1,1,4,126,NA,5.600235536
2021,9,1,1,4,156,NA,8.608997947
2021,9,1,1,4,140,NA,6.897525988
2021,9,1,1,4,160,NA,9.077073411
2021,9,1,1,4,149,NA,7.829091722
2021,9,1,1,4,174,NA,10.84849611
2021,9,1,1,4,183,NA,12.10089141
2021,9,1,1,4,178,NA,11.3938648
2021,9,1,1,4,129,NA,5.863169083
2021,9,1,1,4,121,NA,5.179687177
2021,9,1,1,4,202,3.7,10.02271048
2021,9,1,1,4,203,3.4,9.523093404
2021,9,1,1,4,148,NA,7.721679073
2021,9,1,1,4,213,NA,16.96484207
2021,9,1,1,4,204,NA,15.39000366
2021,9,1,1,4,187,NA,12.68712061
2021,9,1,1,4,150,NA,7.937495892
2021,9,1,1,4,185,NA,12.39169499
2021,9,1,1,4,231,5.1,16.20875065
2021,9,1,1,4,149,NA,7.829091722
2021,9,1,1,4,185,NA,12.39169499
2021,9,1,1,4,198,NA,14.3962093
2021,9,1,1,4,272,7,28.02320068
2021,9,1,1,4,202,4.3,11.25985998
2021,9,1,1,4,201,4.6,11.81964761
2021,9,1,1,4,164,NA,9.561814948
2021,9,1,1,4,245,6.7,22.83165782
2021,9,1,1,4,170,NA,10.32081389
2021,9,1,1,4,99,NA,3.578207161
2021,9,1,1,4,137,NA,6.604277478
2021,9,1,1,4,159,NA,8.958503489
2021,9,1,1,4,178,NA,11.3938648
2021,9,1,1,4,141,NA,6.997170463
2021,9,1,1,4,212,5.3,14.59674346
2021,9,1,1,4,207,4.8,12.85986376
2021,9,1,1,4,165,NA,9.685638572
2021,9,1,1,4,197,NA,14.23485505
2021,9,1,1,4,139,NA,6.798832036
2021,9,1,1,4,158,NA,8.840970641
2021,9,1,1,4,153,NA,8.26870308
2021,9,1,1,4,102,NA,3.773741931
2021,9,1,1,4,159,NA,8.958503489
2021,9,1,1,4,189,NA,12.98720474
2021,9,1,1,4,159,NA,8.958503489
2021,9,1,1,4,165,NA,9.685638572
2021,9,1,1,4,193,NA,13.60149424
2021,9,1,1,4,217,4.6,13.40550836
2021,9,1,1,4,165,NA,9.685638572
2021,9,1,1,4,120,NA,5.098187639
2021,9,1,1,4,137,NA,6.604277478
2021,9,1,1,4,189,NA,12.98720474
2021,9,1,1,4,181,NA,11.81467345
2021,9,1,1,4,190,NA,13.13900512
2021,9,1,1,4,206,4.4,11.85314932
2021,9,1,1,4,219,4.4,13.13770116
2021,9,1,1,4,220,3.6,11.44051419
2021,9,1,1,4,239,5,16.88217914
2021,9,1,1,4,173,NA,10.71492884
2021,9,1,1,4,165,NA,9.685638572
2021,9,1,1,4,179,NA,11.53300465
2021,9,1,1,4,150,NA,7.937495892
2021,9,1,1,4,200,NA,14.72256657
2021,9,1,1,4,212,4.2,11.98565626
2021,9,1,1,4,147,NA,7.61525339
2021,9,1,1,4,160,NA,9.077073411
2021,9,1,1,4,221,4.4,13.34320219
2021,9,1,1,4,169,NA,10.19162268
2021,9,1,1,4,235,6.3,20.16941183
2021,9,1,1,4,213,4.4,12.53387936
2021,9,1,1,4,225,4.7,14.49752699
2021,9,1,1,4,245,5.8,19.95548285
2021,9,1,1,4,149,NA,7.829091722
2021,10,1,0,3,91,NA,3.090052203
2021,10,1,0,3,122,NA,5.262050685
2021,10,1,0,3,175,NA,10.98316879
2021,10,1,0,3,197,NA,14.23485505
2021,10,1,0,3,195,NA,13.91577251
2021,10,1,0,3,73,NA,2.158341079
2021,10,1,0,3,175,NA,10.98316879
2021,10,1,0,3,123,NA,5.34528272
2021,10,1,0,3,182,NA,11.95721151
2021,10,1,0,3,195,NA,13.91577251
2021,10,1,0,3,168,NA,10.0635141
2021,10,1,0,3,176,NA,11.11895143
2021,10,1,0,3,182,NA,11.95721151
2021,10,1,0,3,212,6.5,17.8498143
2021,10,1,0,3,94,NA,3.26753021
2021,10,1,0,3,202,6.3,16.11117196
2021,10,1,0,3,124,NA,5.429387836
2021,10,1,0,3,112,NA,4.476747659
2021,10,1,0,3,92,NA,3.148478154
2021,10,1,0,3,138,NA,6.701084051
2021,10,1,0,3,144,NA,7.301852578
2021,10,1,0,3,99,NA,3.578207161
2021,10,1,0,3,196,NA,14.07471097
2021,10,1,0,3,127,NA,5.68698723
2021,10,1,0,3,137,NA,6.604277478
2021,10,1,0,3,188,NA,12.83657809
2021,10,1,0,3,193,NA,13.60149424
2021,10,1,0,3,83,NA,2.648445129
2021,10,1,0,3,127,NA,5.68698723
2021,10,1,0,3,147,NA,7.61525339
2021,10,1,0,3,92,NA,3.148478154
2021,10,1,0,3,174,NA,10.84849611
2021,10,1,0,3,186,NA,12.53882777
2021,10,1,0,3,188,NA,12.83657809
2021,10,1,0,3,173,NA,10.71492884
2021,10,1,0,3,154,NA,8.381118886
2021,10,1,0,3,119,NA,5.017547518
2021,10,1,0,3,109,NA,4.257411993
2021,10,1,0,3,96,NA,3.389546173
2021,10,1,0,3,138,NA,6.701084051
2021,10,1,0,3,46,NA,1.144500809
2021,10,1,0,3,101,NA,3.707792329
2021,10,1,0,3,143,NA,7.199329203
2021,10,1,0,3,80,NA,2.494367069
2021,10,1,0,3,160,NA,9.077073411
2021,10,1,0,3,94,NA,3.26753021
2021,10,1,0,3,94,NA,3.26753021
2021,10,1,0,3,85,NA,2.754610583
2021,10,1,0,3,83,NA,2.648445129
2021,10,1,0,3,191,NA,13.2919838
2021,10,1,0,3,221,7.2,21.1428188
2021,10,1,0,3,104,NA,3.90797795
2021,10,1,0,3,101,NA,3.707792329
2021,10,1,0,3,85,NA,2.754610583
2021,11,0,0,1,220,6.5,18.84023725
2021,11,0,0,1,242,5.6,18.96352806
2021,11,0,0,1,128,NA,5.774630228
2021,11,0,0,1,167,NA,9.936483593
2021,11,0,0,1,201,5.8,14.68078707
2021,11,0,0,1,114,NA,4.627078709
2021,11,0,0,1,252,6.5,23.16810039
2021,11,0,0,1,305,8.2,39.00682315
2021,11,0,0,1,235,6,19.25510986
2021,11,0,0,1,230,6.9,21.39482374
2021,11,0,0,1,222,5.9,17.34460679
2021,11,0,0,1,285,6.6,28.65455965
2021,11,0,0,1,134,NA,6.319460677
2021,11,0,0,1,275,8.3,33.74482819
2021,11,0,0,1,221,6.5,18.96655647
2021,11,0,0,1,67,NA,1.895545286
2021,11,0,0,1,234,7.8,25.02743183
2021,11,0,0,1,148,NA,7.721679073
2021,11,0,0,1,166,NA,9.810526601
2021,11,0,0,1,159,NA,8.958503489
2021,11,0,0,1,58,NA,1.54275792
2021,11,0,0,1,180,NA,11.67327268
2021,11,0,0,1,213,4.9,13.71162148
2021,11,0,0,1,94,NA,3.26753021
2021,11,0,0,1,245,6.6,22.49926366
2021,11,0,0,1,280,6.6,27.83039088
2021,11,0,0,1,162,NA,9.317342699
2021,11,0,0,1,195,NA,13.91577251
2021,11,0,0,1,165,NA,9.685638572
2021,11,0,0,1,210,5.1,13.88529015
2021,11,0,0,1,204,4.9,12.79320284
2021,11,0,0,1,225,5.3,16.04935609
2021,11,0,0,1,198,NA,14.3962093
2021,11,0,0,1,183,NA,12.10089141
2021,11,0,0,1,226,5.2,15.89784253
2021,11,0,0,1,227,6,18.24270014
2021,11,0,0,1,131,NA,6.042952592
2021,11,0,0,1,211,5.6,15.25811523
2021,11,0,0,1,229,5.6,17.34419002
2021,11,0,0,1,181,NA,11.81467345
2021,11,0,0,1,223,4.3,13.3130175
2021,11,0,0,1,195,NA,13.91577251
2021,11,0,0,1,243,6.4,21.56674788
2021,11,0,0,1,199,NA,14.55877829
2021,11,0,0,1,176,NA,11.11895143
2021,11,0,0,1,285,7.3,31.38789939
2021,11,0,0,1,193,NA,13.60149424
2021,11,0,0,1,190,NA,13.13900512
2021,11,0,0,1,299,7.6,35.17714191
2021,11,0,0,1,225,6,17.99526778
2021,11,0,0,1,200,5.5,13.82222141
2021,11,0,0,1,193,NA,13.60149424
2021,11,0,0,1,201,5.8,14.68078707
2021,11,0,0,1,105,NA,3.976273476
2021,11,0,0,1,140,NA,6.897525988
2021,11,0,0,1,158,NA,8.840970641
2021,11,0,0,1,106,NA,4.045360089
2021,12,0,1,2,95,NA,3.328165426
2021,12,0,1,2,162,NA,9.317342699
2021,12,0,1,2,160,NA,9.077073411
2021,12,0,1,2,112,NA,4.476747659
2021,12,0,1,2,270,7.2,28.4529203
2021,12,0,1,2,275,7,28.51506556
2021,12,0,1,2,240,6.5,21.47509068
2021,12,0,1,2,277,6.7,27.71419108
2021,12,0,1,2,278,7.1,29.3979309
2021,12,0,1,2,190,NA,13.13900512
2021,12,0,1,2,270,5.2,21.49925954
2021,12,0,1,2,300,7.1,33.25194321
2021,12,0,1,2,313,7.9,39.23391218
2021,12,0,1,2,192,NA,13.44614532
2021,12,0,1,2,310,7.2,35.5379465
2021,12,0,1,2,258,5.9,22.0477531
2021,12,0,1,2,152,NA,8.157297016
2021,12,0,1,2,237,5.5,18.04081738
2021,12,0,1,2,220,4.8,14.20679318
2021,12,0,1,2,223,5.8,17.18344126
2021,12,0,1,2,135,NA,6.413470346
2021,12,0,1,2,167,NA,9.936483593
2021,12,0,1,2,222,5.5,16.24015497
2021,12,0,1,2,270,6.1,24.46812714
2021,12,0,1,2,233,5.5,17.5482675
2021,12,0,1,2,154,NA,8.381118886
2021,12,0,1,2,166,NA,9.810526601
2021,12,0,1,2,220,5.6,16.27888254
2021,12,0,1,2,199,NA,14.55877829
2021,12,0,1,2,90,NA,3.032353562
2021,12,0,1,2,135,NA,6.413470346
2021,12,0,1,2,230,4.2,13.80655594
2021,12,0,1,2,174,NA,10.84849611
2021,12,0,1,2,297,7.2,33.11972296
2021,12,0,1,2,190,NA,13.13900512
2021,12,0,1,2,258,6.1,22.70133365
2021,12,0,1,2,173,NA,10.71492884
2021,12,0,1,2,198,NA,14.3962093
2021,12,0,1,2,205,4.4,11.75796254
2021,12,0,1,2,265,6.9,26.53144585
2021,12,0,1,2,156,NA,8.608997947
2021,12,0,1,2,154,NA,8.381118886
2021,12,0,1,2,95,NA,3.328165426
2021,12,0,1,2,107,NA,4.115242342
2021,12,0,1,2,220,5.7,16.55123813
2021,12,0,1,2,181,NA,11.81467345
2021,12,0,1,2,163,NA,9.439051176
2021,12,0,1,2,111,NA,4.402818871
2021,12,0,1,2,230,4.6,14.79380231
2021,12,0,1,2,150,NA,7.937495892
2021,12,0,1,2,190,NA,13.13900512
2021,12,0,1,2,235,5.2,16.95295133
2021,12,0,1,2,133,NA,6.226374199
2021,12,0,1,2,203,4.4,11.56912051
2021,12,0,1,2,172,NA,10.58246241
2021,12,0,1,2,264,5.9,22.90596917
2021,12,0,1,2,156,NA,8.608997947
2021,12,0,1,2,204,6.8,17.75008627
2021,12,0,1,2,170,NA,10.32081389
2021,12,0,1,2,302,6.7,31.97938142
2021,12,0,1,2,265,6.5,25.10012393
2021,12,0,1,2,98,NA,3.514562486
2021,12,0,1,2,250,6.5,22.87996834
2021,12,0,1,2,145,NA,7.405344698
2021,12,0,1,2,185,NA,12.39169499
2021,12,0,1,2,169,NA,10.19162268
2021,12,0,1,2,166,NA,9.810526601
2021,12,0,1,2,154,NA,8.381118886
2021,12,0,1,2,175,NA,10.98316879
2021,12,0,1,2,215,5.1,14.41686468
2021,12,0,1,2,193,NA,13.60149424
2021,12,0,1,2,240,6.2,20.52442863
2021,12,0,1,2,215,4.6,13.19996032
2021,12,0,1,2,229,4.8,15.19236075
2021,12,0,1,2,206,5.8,15.22663172
2021,12,0,1,2,203,4.4,11.56912051
2021,12,0,1,2,178,NA,11.3938648
2021,12,0,1,2,162,NA,9.317342699
2021,12,0,1,2,256,5.9,21.76651897
2021,12,0,1,2,207,4.5,12.1724276
2021,12,0,1,2,297,5.7,27.2927601
2021,12,0,1,2,297,7.9,36.1013862
2021,12,0,1,2,265,6.2,24.06109095
2021,12,0,1,2,260,6.1,22.98968647
2021,12,0,1,2,173,NA,10.71492884
2021,12,0,1,2,201,NA,14.88757869
2021,12,0,1,2,156,NA,8.608997947
2021,12,0,1,2,220,4.9,14.45558087
2021,12,0,1,2,200,4.1,10.65719919
2021,12,0,1,2,195,NA,13.91577251
2021,12,0,1,2,196,NA,14.07471097
2021,12,0,1,2,150,NA,7.937495892
2021,12,0,1,2,220,NA,18.26139785
2021,12,0,1,2,NA,6,NA
2021,12,0,1,2,237,4.6,15.57954467
2021,12,0,1,2,120,NA,5.098187639
2021,12,0,1,2,250,5.1,18.52233049
2021,12,0,1,2,241,5.3,17.9655882
2021,12,0,1,2,220,6,17.38649734
2021,12,0,1,2,205,4.9,12.89315957
2021,12,0,1,2,270,6,24.12554323
2021,12,0,1,2,202,4.8,12.36539303
2021,12,0,1,2,266,7.6,29.331561
2021,12,0,1,2,70,NA,2.024100765
2021,12,0,1,2,206,4.5,12.07567671
2021,12,0,1,2,241,5.4,18.25252398
2021,12,0,1,2,207,4.3,11.72802392
2021,12,0,1,2,230,5.5,17.18479719
2021,12,0,1,2,165,NA,9.685638572
2021,12,0,1,2,233,5,16.17370426
2021,12,0,1,2,275,6.5,26.65728172
2021,12,0,1,2,235,4.6,15.35227742
2021,12,0,1,2,200,3.8,10.04880636
2021,12,0,1,2,213,5.2,14.4524799
2021,12,0,1,2,220,4.4,13.24018588
2021,12,0,1,2,170,NA,10.32081389
2021,12,0,1,2,236,4.8,15.98966876
2021,12,0,1,2,282,5.8,25.26317728
2021,12,0,1,2,241,4.9,16.84791519
2021,12,0,1,2,274,5.8,24.04440323
2021,12,0,1,2,45,NA,1.114816366
2021,12,0,1,2,235,4.5,15.09571046
2021,12,0,1,2,189,NA,12.98720474
2021,12,0,1,2,250,5.1,18.52233049
2021,12,0,1,2,252,5.8,20.89622094
2021,12,0,1,2,282,7.3,30.86578782
2021,12,0,1,2,253,6.4,22.97772613
2021,12,0,1,2,224,5.1,15.40757058
2021,12,0,1,2,280,5.9,25.30279187
2021,12,0,1,2,275,6.5,26.65728172
2021,12,0,1,2,106,NA,4.045360089
2021,12,0,1,2,103,NA,3.840468953
2021,12,0,1,2,136,NA,6.508407761
2021,12,0,1,2,190,NA,13.13900512
2021,12,0,1,2,260,5.8,22.00702135
2021,12,0,1,2,125,NA,5.51437059
2021,12,0,1,2,203,4.1,10.92733767
2021,12,0,1,2,320,7.3,37.92039085
2021,12,0,1,2,135,NA,6.413470346
2021,12,0,1,2,175,NA,10.98316879
2021,12,0,1,2,285,6.4,27.90385224
2021,12,0,1,2,200,3.5,9.464020063
2021,12,0,1,2,233,5.1,16.44265411
2021,12,0,1,2,235,4.5,15.09571046
2021,12,0,1,2,233,4.9,15.9077033
2021,12,0,1,2,268,6.8,26.64004985
2021,12,0,1,2,230,4.5,14.54272142
2021,12,0,1,2,135,NA,6.413470346
2021,12,0,1,2,85,NA,2.754610583
2021,12,0,1,2,174,NA,10.84849611
2021,12,0,1,2,110,NA,4.329708501
2021,12,0,1,2,260,7.6,28.34372484
2021,12,0,1,2,105,NA,3.976273476
2021,12,0,1,2,205,5.3,13.8521986
2021,12,0,1,2,175,NA,10.98316879
2021,12,0,1,2,312,7.4,36.79195371
2021,12,0,1,2,260,5.4,20.74092028
2021,12,0,1,2,160,NA,9.077073411
2021,12,0,1,2,283,5.9,25.77003045
2021,12,0,1,2,208,4,11.1739461
2021,12,0,1,2,243,5.4,18.50453507
2021,12,0,1,2,187,NA,12.68712061
2021,12,0,1,2,242,3.8,14.12327435
2021,12,0,1,2,263,5.3,20.84114555
2021,12,0,1,2,147,NA,7.61525339
2021,12,0,1,2,320,7.8,40.19411721
2021,12,0,1,2,135,NA,6.413470346
2021,12,0,1,2,320,7.6,39.27402825
2021,12,0,1,2,290,6.7,29.88129556
2021,12,0,1,2,110,NA,4.329708501
2021,12,0,1,2,191,NA,13.2919838
2021,12,0,1,2,203,4.6,12.0106411
2021,12,0,1,2,150,NA,7.937495892
2021,12,0,1,2,280,6.4,27.09181378
2021,12,0,1,2,175,NA,10.98316879
2021,12,0,1,2,275,6.5,26.65728172
2021,12,0,1,2,225,4.2,13.28347474
2021,12,0,1,2,185,NA,12.39169499
2021,12,0,1,2,300,6.4,30.436996
2021,12,0,1,2,158,NA,8.840970641
2021,12,0,1,2,152,NA,8.157297016
2021,12,0,1,2,282,7,29.68506001
2021,12,0,1,2,265,6,23.38458183
2021,12,0,1,2,320,8.1,41.6010208
2021,12,0,1,2,313,7.7,38.32436173
2021,12,0,1,2,320,8.1,41.6010208
2021,12,0,1,2,270,6.3,25.16299374
2021,12,0,1,2,295,7,31.94199309
2021,12,0,1,2,225,4.7,14.49752699
2021,12,0,1,2,330,8.4,45.19970937
2021,12,0,1,2,320,7.1,37.03547004
2021,12,0,1,2,312,7.2,35.92011545
2021,12,0,1,2,305,7.7,36.75648499
2021,12,0,1,2,270,6.1,24.46812714
2021,12,0,1,2,123,NA,5.34528272
2021,12,0,1,2,174,NA,10.84849611
2021,12,0,1,2,160,NA,9.077073411
2021,12,0,1,2,170,NA,10.32081389
2021,12,0,1,2,275,6.8,27.76193263
2021,12,0,1,2,223,5.4,16.08659407
2021,12,0,1,2,130,NA,5.952608353
2021,12,0,1,2,225,5.3,16.04935609
2021,12,0,1,2,123,NA,5.34528272
2021,12,0,1,2,118,NA,4.937762257
2021,12,0,1,2,186,NA,12.53882777
2021,12,0,1,2,225,5.4,16.31829754
2021,12,0,1,2,144,NA,7.301852578
2021,12,0,1,2,152,NA,8.157297016
2021,12,0,1,2,134,NA,6.319460677
2021,12,0,1,2,262,5.6,21.64675409
2021,12,0,1,2,280,6.8,28.58227086
2021,12,0,1,2,138,NA,6.701084051
2021,12,0,1,2,200,4.3,11.07613982
2021,12,0,1,2,140,NA,6.897525988
2021,12,0,1,2,248,6,20.97901351
2021,12,0,1,2,86,NA,2.808741
2021,12,0,1,2,144,NA,7.301852578
2021,12,0,1,2,169,NA,10.19162268
2021,12,0,1,2,238,6.3,20.56889739
2021,12,0,1,2,225,5.4,16.31829754
2021,12,0,1,2,151,NA,8.046896138
2022,1,0,0,1,152,NA,8.157297016
2022,1,0,0,1,178,NA,11.3938648
2022,1,0,0,1,169,NA,10.19162268
2022,1,0,0,1,188,NA,12.83657809
2022,1,0,0,1,209,6.1,16.36805917
2022,1,0,0,1,74,NA,2.204372406
2022,1,0,0,1,127,NA,5.68698723
2022,1,0,0,1,225,5.6,16.86516036
2022,1,0,0,1,155,NA,8.49454899
2022,1,0,0,1,148,NA,7.721679073
2022,1,0,0,1,146,NA,7.509810116
2022,1,0,0,1,305,7.5,35.88116073
2022,1,0,0,1,109,NA,4.257411993
2022,1,0,0,1,212,6.4,17.56191697
2022,1,0,0,1,107,NA,4.115242342
2022,1,0,0,1,164,NA,9.561814948
2022,1,0,0,1,193,NA,13.60149424
2022,1,0,0,1,167,NA,9.936483593
2022,1,0,0,1,147,NA,7.61525339
2022,1,0,0,1,130,NA,5.952608353
2022,1,0,0,1,250,8.7,31.02702209
2022,1,0,0,1,150,NA,7.937495892
2022,1,0,0,1,224,5.9,17.5864114
2022,1,0,0,1,194,NA,13.75803512
2022,1,0,0,1,205,5.5,14.34905565
2022,1,0,0,1,146,NA,7.509810116
2022,1,0,0,1,199,NA,14.55877829
2022,1,0,0,1,106,NA,4.045360089
2022,1,0,0,1,173,NA,10.71492884
2022,1,0,0,1,225,6.2,18.57877647
2022,1,0,0,1,255,6.8,24.63751815
2022,1,0,0,1,226,6.8,20.53731986
2022,1,0,0,1,141,NA,6.997170463
2022,2,1,0,3,202,3.8,10.22226613
2022,2,1,0,3,204,5.4,13.99383518
2022,2,1,0,3,164,NA,9.561814948
2022,2,1,0,3,119,NA,5.017547518
2022,2,1,0,3,163,NA,9.439051176
2022,2,1,0,3,177,NA,11.25584858
2022,2,1,0,3,267,6.3,24.70584984
2022,2,1,0,3,227,4.4,13.97254054
2022,2,1,0,3,146,NA,7.509810116
2022,2,1,0,3,125,NA,5.51437059
2022,2,1,0,3,185,NA,12.39169499
2022,2,1,0,3,198,NA,14.3962093
2022,2,1,0,3,84,NA,2.701180145
2022,2,1,0,3,214,4.4,12.63320339
2022,2,1,0,3,116,NA,4.780738094
2022,2,1,0,3,191,NA,13.2919838
2022,2,1,0,3,222,5.9,17.34460679
2022,2,1,0,3,174,NA,10.84849611
2022,2,1,0,3,175,NA,10.98316879
2022,2,1,0,3,125,NA,5.51437059
2022,2,1,0,3,202,5.4,13.78474591
2022,2,1,0,3,166,NA,9.810526601
2022,2,1,0,3,196,NA,14.07471097
2022,2,1,0,3,195,NA,13.91577251
2022,2,1,0,3,170,NA,10.32081389
2022,2,1,0,3,284,6.4,27.74016427
2022,2,1,0,3,212,4.1,11.76506458
2022,2,1,0,3,127,NA,5.68698723
2022,2,1,0,3,197,NA,14.23485505
2022,2,1,0,3,129,NA,5.863169083
2022,2,1,0,3,254,6.6,23.79841601
2022,2,1,0,3,103,NA,3.840468953
2022,2,1,0,3,169,NA,10.19162268
2022,2,1,0,3,225,5.2,15.78338594
2022,2,1,0,3,169,NA,10.19162268
2022,2,1,0,3,228,3.6,12.21157023
2022,2,1,0,3,160,NA,9.077073411
2022,2,1,0,3,188,NA,12.83657809
2022,2,1,0,3,166,NA,9.810526601
2022,2,1,0,3,176,NA,11.11895143
2022,2,1,0,3,281,5.9,25.457905
2022,2,1,0,3,244,6.2,21.06526834
2022,2,1,0,3,147,NA,7.61525339
2022,2,1,0,3,200,5.1,12.86166434
2022,2,1,0,3,214,5.8,16.12784967
2022,2,1,0,3,125,NA,5.51437059
2022,2,1,0,3,142,NA,7.097770017
2022,2,1,0,3,257,5.1,19.42722856
2022,2,1,0,3,305,7.7,36.75648499
2022,2,1,0,3,248,6.4,22.26478611
2022,2,1,0,3,210,5.2,14.13187471
2022,2,1,0,3,143,NA,7.199329203
2022,2,1,0,3,150,NA,7.937495892
2022,2,1,0,3,109,NA,4.257411993
2022,2,1,0,3,301,7.1,33.43470008
2022,2,1,0,3,159,NA,8.958503489
2022,2,1,0,3,283,7.4,31.4408298
2022,2,1,0,3,299,6.8,31.84681954
2022,2,1,0,3,240,5.5,18.41621777
2022,2,1,0,3,180,NA,11.67327268
2022,2,1,0,3,165,NA,9.685638572
2022,2,1,0,3,301,8.1,37.76190046
2022,2,1,0,3,300,6.9,32.43070097
2022,2,1,0,3,155,NA,8.49454899
2022,2,1,0,3,122,NA,5.262050685
2022,2,1,0,3,171,NA,10.45109228
2022,2,1,0,3,315,8.6,42.95207633
2022,2,1,0,3,172,NA,10.58246241
2022,2,1,0,3,165,NA,9.685638572
2022,2,1,0,3,165,NA,9.685638572
2022,2,1,0,3,242,5.1,17.52308759
2022,2,1,0,3,167,NA,9.936483593
2022,2,1,0,3,184,NA,12.24571772
2022,2,1,0,3,320,7.3,37.92039085
2022,2,1,0,3,305,7.2,34.59440447
2022,2,1,0,3,191,NA,13.2919838
2022,2,1,0,3,215,5.3,14.92383183
2022,2,1,0,3,219,5.6,16.16328183
2022,2,1,0,3,136,NA,6.508407761
2022,2,1,0,3,128,NA,5.774630228
2022,2,1,0,3,185,NA,12.39169499
2022,2,1,0,3,115,NA,4.703490082
2022,2,1,0,3,144,NA,7.301852578
2022,2,1,0,3,172,NA,10.58246241
2022,2,1,0,3,97,NA,3.451677008
2022,2,1,0,3,135,NA,6.413470346
2022,2,1,0,3,101,NA,3.707792329
2022,2,1,0,3,189,NA,12.98720474
2022,2,1,0,3,152,NA,8.157297016
2022,2,1,0,3,136,NA,6.508407761
2022,2,1,0,3,172,NA,10.58246241
2022,2,1,0,3,212,5.8,15.89930137
2022,2,1,0,3,116,NA,4.780738094
2022,2,1,0,3,210,5.4,14.6337674
2022,2,1,0,3,113,NA,4.55149942
2022,2,1,0,3,142,NA,7.097770017
2022,3,0,1,2,275,7.6,30.85593851
2022,3,0,1,2,337,7.2,40.93072031
2022,3,0,1,2,275,7.3,29.67011322
2022,3,0,1,2,350,8.4,49.73264528
2022,3,0,1,2,255,6.7,24.29000685
2022,3,0,1,2,400,9.1,66.57518176
2022,3,0,1,2,360,8.2,51.0431643
2022,3,0,1,2,202,5.4,13.78474591
2022,3,0,1,2,202,5.2,13.30018348
2022,3,0,1,2,340,7.5,42.98043876
2022,3,0,1,2,385,8.5,58.94712334
2022,3,0,1,2,355,6.7,42.42327488
2022,3,0,1,2,305,8.5,40.4001242
2022,3,0,1,2,300,7.3,34.08693392
2022,3,0,1,2,198,NA,14.3962093
2022,3,0,1,2,280,7.5,31.32032511
2022,3,0,1,2,210,7.3,20.00670636
2022,3,0,1,2,350,8.3,49.21095109
2022,3,0,1,2,430,11.4,91.40066582
2022,3,0,1,2,310,8.8,42.87040778
2022,3,0,1,2,345,6.5,39.39453959
2022,3,0,1,2,220,6.6,19.14038137
2022,3,0,1,2,186,NA,12.53882777
2022,3,0,1,2,250,8.6,30.62032187
2022,3,0,1,2,250,8.5,30.21719127
2022,3,0,1,2,227,6.1,18.53517747
2022,3,0,1,2,227,6.3,19.12947714
2022,3,0,1,2,233,5.8,18.40923738
2022,3,0,1,2,310,7.3,35.9696237
2022,3,0,1,2,350,8.5,50.25801356
2022,3,0,1,2,300,6.3,30.04832384
2022,3,0,1,2,240,4.3,15.14702045
2022,3,0,1,2,267,7.2,27.96324174
2022,3,0,1,2,320,7.3,37.92039085
2022,3,0,1,2,265,6.4,24.75052332
2022,3,0,1,2,350,8.8,51.85629179
2022,3,0,1,2,400,9.2,67.19113825
2022,3,0,1,2,223,4.4,13.55083509
2022,3,0,1,2,365,7.2,47.07245901
2022,3,0,1,2,205,5.1,13.36694561
2022,3,0,1,2,400,11.3,81.01903147
2022,3,0,1,2,237,5.9,19.21312815
2022,3,0,1,2,202,6.7,17.22401154
2022,3,0,1,2,242,5.4,18.37824155
2022,3,0,1,2,305,7.8,37.19943551
2022,3,0,1,2,295,8.2,37.04522408
2022,3,0,1,2,330,7.6,41.33192253
2022,3,0,1,2,212,8.2,23.2366576
2022,3,0,1,2,290,9.3,41.15138817
2022,3,0,1,2,330,8.9,47.73550195
2022,3,0,1,2,222,6.4,18.79416298
2022,3,0,1,2,320,9.6,49.12973639
2022,3,0,1,2,315,8.1,40.56664278
2022,3,0,1,2,310,8.1,39.54955447
2022,3,0,1,2,275,6.7,27.39039085
2022,3,0,1,2,330,6,34.27104479
2022,3,0,1,2,400,12.1,86.74860309
2022,3,0,1,2,290,5.6,25.81195103
2022,3,0,1,2,330,6.5,36.38327212
2022,3,0,1,2,340,7.1,41.09563468
2022,3,0,1,2,247,5.2,18.43098877
2022,3,0,1,2,350,6.9,42.28579137
2022,3,0,1,2,340,6.8,39.71877774
2022,3,0,1,2,395,7,53.23452396
2022,3,0,1,2,305,6,29.75493723
2022,3,0,1,2,240,5.8,19.30110402
2022,3,0,1,2,255,5.1,19.16574683
2022,3,0,1,2,365,5.5,39.08145412
2022,3,0,1,2,255,4.6,17.72669428
2022,3,0,1,2,220,4.2,12.77377504
2022,3,0,1,2,245,5.1,17.8934779
2022,3,0,1,2,315,6.7,34.36068667
2022,3,0,1,2,255,6.2,22.60138691
2022,3,0,1,2,305,6.1,30.1397935
2022,3,0,1,2,225,6.7,20.09243428
2022,3,0,1,2,390,9.1,63.80401966
2022,3,0,1,2,270,4.8,20.26080196
2022,3,0,1,2,250,5.3,19.10761622
2022,3,0,1,2,310,7.5,36.84343696
2022,3,0,1,2,345,9.3,53.37660706
2022,3,0,1,2,285,5.1,23.34141974
2022,3,0,1,2,280,6.3,26.7274767
2022,3,0,1,2,270,5.5,22.46051222
2022,3,0,1,2,360,8.1,50.51596134
2022,3,0,1,2,375,8.2,54.70846093
2022,3,0,1,2,380,7.5,52.17396206
2022,3,0,1,2,305,5.1,26.43759433
2022,3,0,1,2,305,6.8,32.92709909
2022,3,0,1,2,305,6.6,32.11392201
2022,3,0,1,2,380,7.6,52.70514476
2022,3,0,1,2,360,7.2,45.93354186
2022,3,0,1,2,275,5.7,23.85563934
2022,3,0,1,2,280,4.7,21.33423285
2022,3,0,1,2,320,7.7,39.73229719
2022,3,0,1,2,260,6.6,24.69172357
2022,3,0,1,2,265,6.6,25.4530012
2022,3,0,1,2,210,4.7,12.92763434
2022,3,0,1,2,220,5.3,15.47977495
2022,3,0,1,2,310,6.6,33.02021435
2022,3,0,1,2,260,6.8,25.39539019
2022,3,0,1,2,270,5.8,23.44999853
2022,3,0,1,2,310,6.5,32.61251698
2022,3,0,1,2,270,8,31.60777399
2022,3,0,1,2,280,5.4,23.59431554
2022,3,0,1,2,330,7.1,39.03036259
2022,3,0,1,2,315,6.7,34.36068667
2022,3,0,1,2,330,6.8,37.69132651
2022,3,0,1,2,315,5.1,28.08340069
2022,3,0,1,2,270,5.3,21.81656526
2022,3,0,1,2,295,5.9,27.69650108
2022,3,0,1,2,340,6.1,36.62644917
2022,3,0,1,2,265,5.8,22.72087369
2022,3,0,1,2,315,6.4,33.11898747
2022,3,0,1,2,245,4.8,17.05513263
2022,3,0,1,2,340,5.5,34.10723513
2022,3,0,1,2,275,5.2,22.20844747
2022,3,0,1,2,330,7.1,39.03036259
2022,3,0,1,2,295,6.8,31.13992202
2022,3,0,1,2,385,8.7,60.09905757
2022,3,0,1,2,290,6.4,28.73195718
2022,3,0,1,2,320,7,36.59821977
2022,3,0,1,2,330,5.9,33.85865794
2022,3,0,1,2,280,6.6,27.83039088
2022,3,0,1,2,300,5.8,28.15452256
2022,3,0,1,2,285,5,23.01268558
2022,3,0,1,2,410,8,62.75451741
2022,3,0,1,2,355,7.3,45.30164137
2022,3,0,1,2,350,5.7,36.89426997
2022,3,0,1,2,210,4,11.35954918
2022,3,0,1,2,220,3.8,11.87407249
2022,3,0,1,2,250,4.5,16.83842372
2022,3,0,1,2,185,NA,12.39169499
2022,3,0,1,2,255,5.4,20.0654603
2022,3,0,1,2,290,7.2,31.86427368
2022,3,0,1,2,275,4.3,19.43785691
2022,3,0,1,2,320,6.5,34.46352139
2022,3,0,1,2,285,5.8,25.73062457
2022,3,0,1,2,330,6.9,38.13421155
2022,3,0,1,2,305,5.8,28.99508114
2022,3,0,1,2,350,7.4,44.67890984
2022,3,0,1,2,355,5.5,37.03752859
2022,3,0,1,2,330,6.1,34.6867666
2022,3,0,1,2,340,6.2,37.05801417
2022,3,0,1,2,205,4.8,12.6605238
2022,3,0,1,2,295,6.1,28.43854787
2022,3,0,1,2,240,4.7,16.18963208
2022,3,0,1,2,275,5.4,22.85790435
2022,3,0,1,2,305,6.6,32.11392201
2022,3,0,1,2,280,6.3,26.7274767
2022,3,0,1,2,255,5.8,21.30827987
2022,3,0,1,2,330,6.3,35.52826885
2022,3,0,1,2,285,4.7,22.04503103
2022,3,0,1,2,225,5.1,15.52037059
2022,3,0,1,2,115,NA,4.703490082
2022,3,0,1,2,165,NA,9.685638572
2022,3,0,1,2,340,6.6,38.81817386
2022,3,0,1,2,245,4.8,17.05513263
2022,3,0,1,2,230,5.3,16.63274052
2022,3,0,1,2,315,5.8,30.72605706
2022,3,0,1,2,190,NA,13.13900512
2022,3,0,1,2,310,6.9,34.26366482
2022,3,0,1,2,295,6.2,28.81449044
2022,3,0,1,2,360,7,44.95437031
2022,3,0,1,2,135,NA,6.413470346
2022,3,0,1,2,320,5.7,31.22339524
2022,3,0,1,2,355,6.1,39.66948933
2022,3,0,1,2,230,3.9,13.09566291
2022,3,0,1,2,390,7.5,54.66084034
2022,3,0,1,2,330,4.6,28.79499984
2022,3,0,1,2,205,3.5,9.886214207
2022,3,0,1,2,280,5.9,25.30279187
2022,3,0,1,2,310,5.9,30.23660817
2022,3,0,1,2,295,5.2,25.20112704
2022,3,0,1,2,195,NA,13.91577251
2022,3,0,1,2,310,5.1,27.25221532
2022,3,0,1,2,155,NA,8.49454899
2022,3,0,1,2,375,7.5,50.95932174
2022,3,0,1,2,310,5.8,29.85220542
2022,3,0,1,2,260,5,19.5243356
2022,3,0,1,2,245,4.7,16.78161719
2022,3,0,1,2,400,8.4,62.36856303
2022,3,0,1,2,355,7,43.84671325
2022,3,0,1,2,315,6.3,32.71183522
2022,3,0,1,2,325,7.4,39.37567217
2022,3,0,1,2,175,NA,10.98316879
2022,3,0,1,2,280,6.3,26.7274767
2022,3,0,1,2,325,6.8,36.70400156
2022,3,0,1,2,280,5.6,24.26815933
2022,3,0,1,2,250,5.3,19.10761622
2022,3,0,1,2,200,4.3,11.07613982
2022,3,0,1,2,345,6.9,41.22101093
2022,3,0,1,2,315,5.5,29.57407826
2022,3,0,1,2,360,6.7,43.51186001
2022,4,1,1,1,380,7.6,52.70514476
2022,4,1,1,1,265,5.2,20.80533242
2022,4,1,1,1,272,5.8,23.74596098
2022,4,1,1,1,253,5.1,18.90662198
2022,4,1,1,1,266,5,20.32685801
2022,4,1,1,1,258,5.7,21.40683906
2022,4,1,1,1,189,NA,12.98720474
2022,4,1,1,1,244,6.2,21.06526834
2022,4,1,1,1,243,6.2,20.92917859
2022,4,1,1,1,275,5.1,21.88838399
2022,4,1,1,1,166,NA,9.810526601
2022,4,1,1,1,130,NA,5.952608353
2022,4,1,1,1,250,5.5,19.70510348
2022,4,1,1,1,222,5.2,15.44331494
2022,4,1,1,1,200,NA,14.72256657
2022,4,1,1,1,247,4.9,17.57688175
2022,4,1,1,1,320,6.2,33.22345138
2022,4,1,1,1,290,7.1,31.46086873
2022,4,1,1,1,243,6,20.30430024
2022,4,1,1,1,177,NA,11.25584858
2022,4,1,1,1,222,4.5,13.68630643
2022,4,1,1,1,243,4.8,16.81439548
2022,4,1,1,1,235,4.8,15.87409973
2022,4,1,1,1,315,6.6,33.94339936
2022,4,1,1,1,195,NA,13.91577251
2022,4,1,1,1,156,NA,8.608997947
2022,4,1,1,1,73,NA,2.158341079
2022,4,1,1,1,252,6,21.52942092
2022,4,1,1,1,251,4.6,17.23351944
2022,4,1,1,1,184,NA,12.24571772
2022,4,1,1,1,164,NA,9.561814948
2022,4,1,1,1,260,6.5,24.34481794
2022,4,1,1,1,226,4.9,15.11428297
2022,4,1,1,1,295,5.7,26.96747603
2022,4,1,1,1,211,4.4,12.33679585
2022,4,1,1,1,239,4.9,16.60948265
2022,4,1,1,1,180,NA,11.67327268
2022,4,1,1,1,165,NA,9.685638572
2022,4,1,1,1,183,NA,12.10089141
2022,4,1,1,1,320,6.2,33.22345138
2022,4,1,1,1,219,4.7,13.85516097
2022,4,1,1,1,152,NA,8.157297016
2022,4,1,1,1,245,7,23.84845032
2022,4,1,1,1,285,6.2,27.16637231
2022,4,1,1,1,125,NA,5.51437059
2022,4,1,1,1,202,5.4,13.78474591
2022,4,1,1,1,196,NA,14.07471097
2022,4,1,1,1,235,4.6,15.35227742
2022,4,1,1,1,257,5.5,20.64221699
2022,4,1,1,1,320,6.8,35.73407093
2022,4,1,1,1,175,NA,10.98316879
2022,4,1,1,1,240,5.1,17.27902234
2022,4,1,1,1,180,NA,11.67327268
2022,4,1,1,1,237,5.3,17.47298288
2022,4,1,1,1,95,NA,3.328165426
2022,4,1,1,1,207,4.1,11.29457056
2022,4,1,1,1,276,7,28.68029046
2022,4,1,1,1,251,5.2,18.9421111
2022,4,1,1,1,183,NA,12.10089141
2022,4,1,1,1,190,NA,13.13900512
2022,4,1,1,1,310,6.4,32.20818937
2022,4,1,1,1,212,5.2,14.34507853
2022,4,1,1,1,275,5.2,22.20844747
2022,4,1,1,1,335,6.3,36.50180055
2022,4,1,1,1,273,4.7,20.36502577
2022,4,1,1,1,295,6.4,29.57628597
2022,4,1,1,1,220,3.9,12.09489989
2022,4,1,1,1,280,6.5,27.45944689
2022,4,1,1,1,280,6.7,28.20466059
2022,4,1,1,1,290,7.3,32.2711124
2022,4,1,1,1,123,NA,5.34528272
2022,4,1,1,1,104,NA,3.90797795
2022,4,1,1,1,231,4.6,14.90439501
2022,4,1,1,1,248,4,15.28712657
2022,4,1,1,1,241,4.9,16.84791519
2022,4,1,1,1,63,NA,1.732768476
2022,4,1,1,1,110,NA,4.329708501
2022,4,1,1,1,213,5.1,14.2026366
2022,4,1,1,1,230,5.6,17.46534823
2022,4,1,1,1,246,4.9,17.45395563
2022,4,1,1,1,252,5.6,20.27555961
2022,4,1,1,1,269,6.6,26.07316776
2022,4,1,1,1,191,NA,13.2919838
2022,4,1,1,1,123,NA,5.34528272
2022,4,1,1,1,300,7,32.83961066
2022,4,1,1,1,330,6.6,36.81587023
2022,4,1,1,1,345,8.1,47.03735692
2022,4,1,1,1,267,6.4,25.05457543
2022,4,1,1,1,281,6.4,27.25294371
2022,4,1,1,1,325,7.5,39.83317971
2022,4,1,1,1,320,7.3,37.92039085
2022,4,1,1,1,215,4.4,12.73305075
2022,4,1,1,1,274,6.1,25.07680971
2022,4,1,1,1,195,NA,13.91577251
2022,4,1,1,1,255,5.8,21.30827987
2022,4,1,1,1,233,6,18.99858488
2022,4,1,1,1,195,NA,13.91577251
2022,4,1,1,1,242,5,17.2440459
2022,4,1,1,1,170,NA,10.32081389
2022,4,1,1,1,285,5,23.01268558
2022,4,1,1,1,335,7.2,40.51372701
2022,4,1,1,1,176,NA,11.11895143
2022,4,1,1,1,285,6.2,27.16637231
2022,4,1,1,1,223,5.1,15.29531844
2022,4,1,1,1,264,5.8,22.5768866
2022,4,1,1,1,273,5.3,22.24375021
2022,4,1,1,1,246,6.1,21.02170648
2022,4,1,1,1,149,NA,7.829091722
2022,4,1,1,1,223,6.1,18.03801628
2022,4,1,1,1,185,NA,12.39169499
2022,4,1,1,1,224,3.9,12.48884683
2022,4,1,1,1,300,6.8,32.02519987
2022,5,1,0,3,390,8.4,59.68779998
2022,5,1,0,3,93,NA,3.207635971
2022,5,1,0,3,287,10.5,46.53737473
2022,5,1,0,3,167,NA,9.936483593
2022,5,1,0,3,150,NA,7.937495892
2022,5,1,0,3,263,5.8,22.43350911
2022,5,1,0,3,240,6,19.90650196
2022,5,1,0,3,194,NA,13.75803512
2022,5,1,0,3,310,7.1,35.10973695
2022,5,1,0,3,153,NA,8.26870308
2022,5,1,0,3,330,7.3,39.94044445
2022,5,1,0,3,160,NA,9.077073411
2022,5,1,0,3,240,7.1,23.46358211
2022,5,1,0,3,162,NA,9.317342699
2022,5,1,0,3,330,7.3,39.94044445
2022,5,1,0,3,360,7.6,47.93433482
2022,5,1,0,3,400,9.3,67.81088232
2022,5,1,0,3,420,7.2,60.86632141
2022,5,1,0,3,330,7.4,40.400743
2022,5,1,0,3,95,NA,3.328165426
2022,5,1,0,3,256,6.2,22.74462448
2022,5,1,0,3,253,6.8,24.33864242
2022,5,1,0,3,266,6.9,26.68916137
2022,5,1,0,3,238,6.2,20.25751535
2022,5,1,0,3,320,7.5,38.81929668
2022,5,1,0,3,75,NA,2.251053603
2022,5,1,0,3,330,4.5,28.42789229
2022,5,1,0,3,290,7.2,31.86427368
2022,5,1,0,3,285,7,30.19612718
2022,5,1,0,3,257,5.9,21.90683517
2022,5,1,0,3,234,9.5,31.6123011
2022,5,1,0,3,440,11.7,97.07265031
2022,5,1,0,3,237,7.2,23.37183734
2022,5,1,0,3,310,16.9,95.68287644
2022,5,1,0,3,258,18,88.96076417
2022,5,1,0,3,295,6.3,29.19373167
2022,5,1,0,3,250,5.3,19.10761622
2022,5,1,0,3,400,9.2,67.19113825
2022,5,1,0,3,222,5.2,15.44331494
2022,5,1,0,3,305,7.1,34.17242391
2022,5,1,0,3,162,NA,9.317342699
2022,5,1,0,3,283,5.4,24.0436633
2022,5,1,0,3,275,6.4,26.2956844
2022,5,1,0,3,265,5.9,23.05113528
2022,5,1,0,3,240,7.2,23.80648395
2022,5,1,0,3,270,7,27.69845336
2022,5,1,0,3,380,5,40.02673526
2022,5,1,0,3,234,4.8,15.75908892
2022,5,1,0,3,400,7.8,58.9071338
2022,5,1,0,3,530,11,125.6946854
2022,5,1,0,3,440,8.3,73.2562891
2022,5,1,0,3,234,5.9,18.82919522
2022,5,1,0,3,295,7.2,32.75771988
2022,5,1,0,3,250,4.9,17.94912042
2022,5,1,0,3,400,7.3,56.12240439
2022,5,1,0,3,242,6,20.17111757
2022,5,1,0,3,86,NA,2.808741
2022,5,1,0,3,210,6.2,16.76014281
2022,5,1,0,3,149,NA,7.829091722
2022,5,1,0,3,136,NA,6.508407761
2022,5,1,0,3,132,NA,6.134206355
2022,5,1,0,3,230,5.9,18.32528834
2022,5,1,0,3,280,7.1,29.73529343
2022,5,1,0,3,320,6.1,32.81680398
2022,5,1,0,3,180,NA,11.67327268
2022,5,1,0,3,390,7.9,56.85866859
2022,5,1,0,3,400,9.9,71.60953577
2022,5,1,0,3,320,7.6,39.27402825
2022,5,1,0,3,230,7,21.71937961
2022,5,1,0,3,340,6.4,37.93128777
2022,5,1,0,3,240,6.2,20.52442863
2022,5,1,0,3,241,5.3,17.9655882
2022,5,1,0,3,252,6.3,22.50300518
2022,5,1,0,3,195,NA,13.91577251
2022,5,1,0,3,320,7,36.59821977
2022,5,1,0,3,310,7.1,35.10973695
2022,5,1,0,3,380,7.5,52.17396206
2022,5,1,0,3,420,9,71.71791479
2022,5,1,0,3,395,7.2,54.30339429
2022,5,1,0,3,173,NA,10.71492884
2022,5,1,0,3,148,NA,7.721679073
2022,5,1,0,3,280,6.6,27.83039088
2022,5,1,0,3,505,7.6,89.84501691
2022,5,1,0,3,157,NA,8.724470312
2022,5,1,0,3,320,5.7,31.22339524
2022,5,1,0,3,197,NA,14.23485505
2022,5,1,0,3,390,10.8,74.57891222
2022,5,1,0,3,500,10.5,109.5806143
2022,5,1,0,3,430,7.6,65.99395128
2022,5,1,0,3,242,5.4,18.37824155
2022,5,1,0,3,360,8.4,52.10854892
2022,5,1,0,3,420,7.3,61.43831804
2022,5,1,0,3,320,6.4,34.04679638
2022,5,1,0,3,305,4.7,25.0460715
2022,5,1,0,3,300,5.8,28.15452256
2022,6,0,1,2,323,6.3,34.19463133
2022,6,0,1,2,350,8.1,48.17853339
2022,6,0,1,2,194,NA,13.75803512
2022,6,0,1,2,236,4.9,16.25606839
2022,6,0,1,2,405,8.2,62.55715276
2022,6,0,1,2,216,3.9,11.70932571
2022,6,0,1,2,116,NA,4.780738094
2022,6,0,1,2,269,5.6,22.64249083
2022,6,0,1,2,325,7.5,39.83317971
2022,6,0,1,2,186,NA,12.53882777
2022,6,0,1,2,356,6.5,41.70535186
2022,6,0,1,2,334,5.2,31.7870245
2022,6,0,1,2,166,NA,9.810526601
2022,6,0,1,2,191,NA,13.2919838
2022,6,0,1,2,267,5.3,21.39488493
2022,6,0,1,2,308,7.4,36.02033711
2022,6,0,1,2,294,4.8,23.69402101
2022,6,0,1,2,268,6.3,24.85761051
2022,6,0,1,2,334,7,39.39310635
2022,6,0,1,2,206,5.7,14.96678828
2022,6,0,1,2,153,NA,8.26870308
2022,6,0,1,2,352,7,43.19093485
2022,6,0,1,2,281,5.5,24.07999787
2022,6,0,1,2,343,7.5,43.62914837
2022,6,0,1,2,296,5.6,26.76892053
2022,6,0,1,2,354,7.2,44.59127497
2022,6,0,1,2,329,6.9,37.93409155
2022,6,0,1,2,211,4.8,13.26479899
2022,6,0,1,2,264,6.3,24.25427646
2022,6,0,1,2,195,NA,13.91577251
2022,6,0,1,2,342,6.9,40.59080512
2022,6,0,1,2,347,8.3,48.51637722
2022,6,0,1,2,268,4.9,20.29341653
2022,6,0,1,2,374,7.1,48.66042611
2022,6,0,1,2,318,7.1,36.64482971
2022,6,0,1,2,349,6.4,39.77161063
2022,6,0,1,2,341,5.6,34.71042383
2022,6,0,1,2,305,6.8,32.92709909
2022,6,0,1,2,367,8,51.6638158
2022,6,0,1,2,281,5.4,23.7434704
2022,6,0,1,2,246,4.9,17.45395563
2022,6,0,1,2,322,6.6,35.26453504
2022,6,0,1,2,128,NA,5.774630228
2022,6,0,1,2,207,4.5,12.1724276
2022,6,0,1,2,316,8,40.30463512
2022,6,0,1,2,351,8,47.89693234
2022,6,0,1,2,212,4.9,13.60747261
2022,6,0,1,2,216,4,11.92866716
2022,6,0,1,2,274,7.5,30.2865227
2022,6,0,1,2,351,7.6,45.88492156
2022,6,0,1,2,382,7.8,54.27722788
2022,6,0,1,2,389,7.4,53.86949671
2022,6,0,1,2,182,NA,11.95721151
2022,6,0,1,2,225,6.5,19.47747959
2022,6,0,1,2,300,6,28.90218823
2022,6,0,1,2,305,7.3,35.01984471
2022,6,0,1,2,361,6.2,41.39041077
2022,6,0,1,2,282,7.1,30.07522712
2022,6,0,1,2,407,8.8,66.70961023
2022,6,0,1,2,305,6.3,30.91943309
2022,6,0,1,2,362,7,45.40260431
2022,6,0,1,2,232,6.7,21.0246789
2022,6,0,1,2,125,NA,5.51437059
2022,6,0,1,2,252,5,18.48755367
2022,6,0,1,2,301,5.5,27.22053411
2022,6,0,1,2,266,4.3,18.26597521
2022,6,0,1,2,359,5.9,39.60768271
2022,6,0,1,2,310,6.2,31.40958746
2022,6,0,1,2,316,7.2,36.69265328
2022,6,0,1,2,211,4.4,12.33679585
2022,6,0,1,2,222,4,12.51648327
2022,6,0,1,2,240,4.6,15.92463378
2022,6,0,1,2,312,4.8,26.5090572
2022,6,0,1,2,260,6.1,22.98968647
2022,6,0,1,2,365,7.2,47.07245901
2022,6,0,1,2,385,8.4,58.37671765
2022,6,0,1,2,289,6.8,30.09931116
2022,6,0,1,2,378,7.9,53.82186742
2022,6,0,1,2,308,8.2,39.60852024
2022,6,0,1,2,305,7.6,36.31706477
2022,6,0,1,2,315,6.5,33.52950424
2022,6,0,1,2,360,7,44.95437031
2022,6,0,1,2,295,5.8,27.33036804
2022,6,0,1,2,282,6.4,27.41471126
2022,6,0,1,2,156,NA,8.608997947
2022,6,0,1,2,385,8,56.13189135
2022,6,0,1,2,210,4.6,12.6953061
2022,6,0,1,2,320,8.1,41.6010208
2022,6,0,1,2,340,7,40.63320467
2022,6,0,1,2,370,7.2,48.23004847
2022,6,0,1,2,284,4.7,21.90162761
2022,6,0,1,2,372,6.6,45.71092716
2022,6,0,1,2,345,5.9,36.75725823
2022,6,0,1,2,307,5.8,29.33593391
2022,6,0,1,2,274,4.3,19.30524253
2022,6,0,1,2,325,6.5,35.41472512
2022,6,0,1,2,187,NA,12.68712061
2022,6,0,1,2,305,8.6,40.87182566
2022,6,0,1,2,310,6.2,31.40958746
2022,6,0,1,2,337,7.3,41.39635488
2022,6,0,1,2,170,NA,10.32081389
2022,6,0,1,2,131,NA,6.042952592
2022,6,0,1,2,298,5,24.9804439
2022,6,0,1,2,176,NA,11.11895143
2022,6,0,1,2,223,4.2,13.07799879
2022,6,0,1,2,310,5.6,29.09320153
2022,6,0,1,2,262,6,22.94737305
2022,6,0,1,2,310,5,26.89359595
2022,6,0,1,2,182,NA,11.95721151
2022,6,0,1,2,206,3.4,9.776342028
2022,6,0,1,2,305,4.7,25.0460715
2022,6,0,1,2,332,5.6,33.01127252
2022,6,0,1,2,206,4.3,11.63337263
2022,6,0,1,2,410,9.3,70.68696819
2022,6,0,1,2,71,NA,2.068209814
2022,6,0,1,2,328,6.6,36.4238574
2022,6,0,1,2,420,9.1,72.35591639
2022,6,0,1,2,246,4.8,17.17635813
2022,6,0,1,2,340,6.8,39.71877774
2022,6,0,1,2,279,6.4,26.93132021
2022,6,0,1,2,410,9.4,71.32342145
2022,6,0,1,2,204,3.2,9.2271661
2022,6,0,1,2,440,9.6,81.83750272
2022,6,0,1,2,283,4.5,21.13372996
2022,6,0,1,2,186,NA,12.53882777
2022,6,0,1,2,211,3.4,10.20833208
2022,6,0,1,2,225,5.1,15.52037059
2022,6,0,1,2,370,7.6,50.28202447
2022,6,0,1,2,328,6.3,35.1437554
2022,6,0,1,2,345,6.7,40.30087742
2022,6,0,1,2,265,6.8,26.16864688
2022,6,0,1,2,235,5.7,18.36886491
2022,6,0,1,2,305,7.1,34.17242391
2022,6,0,1,2,211,5.4,14.74228348
2022,6,0,1,2,320,6.4,34.04679638
2022,6,0,1,2,259,5,19.39267081
2022,6,0,1,2,390,7.9,56.85866859
2022,6,0,1,2,340,9.2,51.63433182
2022,6,0,1,2,242,4,14.61479283
2022,6,0,1,2,222,3.7,11.8476666
2022,6,0,1,2,205,3.8,10.48618072
2022,6,0,1,2,299,5.7,27.62064945
2022,6,0,1,2,330,6,34.27104479
2022,6,0,1,2,310,5.5,28.71857243
2022,6,0,1,2,193,NA,13.60149424
2022,6,0,1,2,92,NA,3.148478154
2022,6,0,1,2,278,4.8,21.36553296
2022,6,0,1,2,172,NA,10.58246241
2022,6,0,1,2,271,4.5,19.49633568
2022,6,0,1,2,143,NA,7.199329203
2022,6,0,1,2,256,4.4,17.29436258
2022,6,0,1,2,360,7.3,46.42841493
2022,6,0,1,2,265,4.7,19.2938324
2022,6,0,1,2,390,7.8,56.3037907
2022,6,0,1,2,335,6.4,36.93386178
2022,6,0,1,2,345,5.9,36.75725823
2022,6,0,1,2,297,5.7,27.2927601
2022,6,0,1,2,260,2.9,13.91048288
2022,6,0,1,2,315,6.3,32.71183522
2022,6,0,1,2,199,NA,14.55877829
2022,6,0,1,2,275,5.1,21.88838399
2022,6,0,1,2,201,4.6,11.81964761
2022,6,0,1,2,186,NA,12.53882777
2022,6,0,1,2,205,3.5,9.886214207
2022,6,0,1,2,241,5,17.12285494
2022,7,1,1,1,330,5.8,33.44959263
2022,7,1,1,1,375,6.4,45.42042024
2022,7,1,1,1,335,6.1,35.64781314
2022,7,1,1,1,395,6.6,51.13904574
2022,7,1,1,1,274,3.6,17.3251913
2022,7,1,1,1,370,5.4,39.68515311
2022,7,1,1,1,300,5.9,28.52672243
2022,7,1,1,1,320,6.7,35.30714496
2022,7,1,1,1,265,6.3,24.40418409
2022,7,1,1,1,305,5.4,27.51439921
2022,7,1,1,1,295,4.8,23.84491662
2022,7,1,1,1,73,NA,2.158341079
2022,7,1,1,1,345,6.3,38.50189326
2022,7,1,1,1,257,4.2,16.86981738
2022,7,1,1,1,222,4.6,13.92868976
2022,7,1,1,1,232,4.5,14.76226676
2022,7,1,1,1,295,5.9,27.69650108
2022,7,1,1,1,405,7.2,56.86875262
2022,7,1,1,1,380,6.9,49.06164335
2022,7,1,1,1,340,6.2,37.05801417
2022,7,1,1,1,270,5.5,22.46051222
2022,7,1,1,1,283,5.3,23.70791398
2022,7,1,1,1,243,5.6,19.09210607
2022,7,1,1,1,227,4.3,13.73040936
2022,7,1,1,1,269,7.2,28.28906423
2022,7,1,1,1,365,7.1,46.57473227
2022,7,1,1,1,340,5.7,34.93369401
2022,7,1,1,1,390,7.7,55.7525346
2022,7,1,1,1,325,4.9,29.04561693
2022,7,1,1,1,405,7.6,59.10078183
2022,7,1,1,1,244,4,14.83666607
2022,7,1,1,1,385,7.1,51.29301968
2022,7,1,1,1,253,4.8,18.04105849
2022,7,1,1,1,430,7.9,67.80262034
2022,7,1,1,1,415,6.9,57.83834792
2022,7,1,1,1,323,6.3,34.19463133
2022,7,1,1,1,297,3.7,20.645944
2022,7,1,1,1,300,5.6,27.41986353
2022,7,1,1,1,295,5.5,26.25135744
2022,7,1,1,1,307,4.7,25.3603349
2022,7,1,1,1,320,6.3,33.63344428
2022,7,1,1,1,410,8,62.75451741
2022,7,1,1,1,283,4.5,21.13372996
2022,7,1,1,1,333,6.8,38.29213506
2022,7,1,1,1,390,8.7,61.42949929
2022,7,1,1,1,285,5.5,24.68766144
2022,7,1,1,1,313,4,23.93605184
2022,7,1,1,1,150,NA,7.937495892
2022,7,1,1,1,207,4.6,12.39877849
2022,7,1,1,1,249,3.9,15.14631398
2022,7,1,1,1,119,NA,5.017547518
2022,7,1,1,1,335,7.3,40.97683151
2022,7,1,1,1,273,5.6,23.22495836
2022,7,1,1,1,257,4.8,18.5479591
2022,7,1,1,1,305,6.6,32.11392201
2022,7,1,1,1,307,5.6,28.58425282
2022,7,1,1,1,345,5,33.02622552
2022,7,1,1,1,283,5.5,24.38256765
2022,7,1,1,1,315,5.9,31.11659442
2022,7,1,1,1,305,5.6,28.2482728
2022,7,1,1,1,203,5.3,13.64422254
2022,7,1,1,1,295,4.5,22.86032709
2022,7,1,1,1,293,6,27.73594028
2022,7,1,1,1,270,5.6,22.78718374
2022,7,1,1,1,370,5.7,41.03276975
2022,7,1,1,1,280,6.6,27.83039088
2022,7,1,1,1,277,5.3,22.82195458
2022,7,1,1,1,205,3.7,10.28357081
2022,7,1,1,1,283,5.8,25.41835843
2022,7,1,1,1,228,4.5,14.32536367
2022,7,1,1,1,234,3.8,13.27522535
2022,7,1,1,1,290,4.4,21.81372527
2022,7,1,1,1,301,6.4,30.61111761
2022,7,1,1,1,335,6.5,37.36931908
2022,7,1,1,1,295,5.4,25.89810206
2022,7,1,1,1,237,5.5,18.04081738
2022,7,1,1,1,297,4.8,24.14862708
2022,7,1,1,1,232,4.3,14.26430133
2022,7,1,1,1,330,5.4,31.84627811
2022,7,1,1,1,315,6.6,33.94339936
2022,7,1,1,1,335,6.6,37.80818575
2022,7,1,1,1,315,5.9,31.11659442
2022,7,1,1,1,303,5.7,28.28428554
2022,7,1,1,1,275,7.5,30.45721869
2022,7,1,1,1,313,6.4,32.75263575
2022,7,1,1,1,130,NA,5.952608353
2022,7,1,1,1,390,7.4,54.12037846
2022,7,1,1,1,224,4.3,13.41656084
2022,7,1,1,1,330,5.8,33.44959263
2022,7,1,1,1,320,6.8,35.73407093
2022,7,1,1,1,380,6.2,45.59005104
2022,7,1,1,1,221,4,12.41720261
2022,7,1,1,1,285,6.3,27.53346619
2022,7,1,1,1,302,5.5,27.38434697
2022,7,1,1,1,292,3.9,20.55412423
2022,7,1,1,1,310,5.4,28.34717324
2022,7,1,1,1,395,5.3,44.70969668
2022,7,1,1,1,325,7.9,41.69864767
2022,7,1,1,1,237,4.5,15.3207727
2022,7,1,1,1,385,6.7,49.23486095
2022,7,1,1,1,305,5.3,27.15227764
2022,7,1,1,1,253,5.5,20.10317081
2022,7,1,1,1,395,8.3,60.43874897
2022,7,1,1,1,251,5.5,19.83720309
2022,7,1,1,1,365,5.8,40.42014125
2022,7,1,1,1,323,5.7,31.76231565
2022,7,1,1,1,325,7.1,38.02419513
2022,7,1,1,1,410,8.7,66.94759964
2022,7,1,1,1,430,6.3,58.52763933
2022,7,1,1,1,420,8.4,67.96850688
2022,7,1,1,1,307,6,30.10067881
2022,7,1,1,1,283,7.2,30.64095854
2022,7,1,1,1,263,5.4,21.15338142
2022,7,1,1,1,285,5.7,25.3797711
2022,7,1,1,1,263,6.4,24.44894111
2022,7,1,1,1,380,5.9,44.15382149
2022,7,1,1,1,207,5.4,14.31141684
2022,7,1,1,1,221,4.6,13.82298388
2022,7,1,1,1,297,5.7,27.2927601
2022,7,1,1,1,400,8.3,61.78248914
2022,7,1,1,1,270,5.5,22.46051222
2022,7,1,1,1,270,7.1,28.07399721
2022,7,1,1,1,460,6.8,69.9736169
2022,7,1,1,1,307,5.8,29.33593391
2022,7,1,1,1,318,5.9,31.65269276
2022,7,1,1,1,219,4.2,12.67342562
2022,7,1,1,1,390,7.6,55.20488843
2022,7,1,1,1,299,5.5,26.89487084
2022,7,1,1,1,325,6.3,34.57220279
2022,7,1,1,1,396,6.5,50.8679054
2022,7,1,1,1,182,NA,11.95721151
2022,7,1,1,1,317,7.6,38.6702603
2022,7,1,1,1,395,7.5,55.93337783
2022,7,1,1,1,345,7.6,44.55162373
2022,7,1,1,1,320,6.9,36.16442463
2022,7,1,1,1,350,9,52.94041737
2022,7,1,1,1,285,6.5,28.27754516
2022,7,1,1,1,307,8,38.49139729
2022,7,1,1,1,355,8.3,50.38325118
2022,7,1,1,1,300,6.4,30.436996
2022,7,1,1,1,370,6.8,46.23467247
2022,7,1,1,1,380,8,54.86592799
2022,7,1,1,1,365,6,41.32937085
2022,7,1,1,1,345,5.7,35.90506114
2022,7,1,1,1,175,NA,10.98316879
2022,7,1,1,1,136,NA,6.508407761
2022,7,1,1,1,370,7.5,49.76368093
2022,7,1,1,1,310,4.9,26.53813658
2022,7,1,1,1,355,7.6,46.78840376
2022,7,1,1,1,335,5.7,33.98000623
2022,7,1,1,1,330,5.1,30.67801024
2022,7,1,1,1,280,5.6,24.26815933
2022,7,1,1,1,320,4.7,27.46734259
2022,7,1,1,1,206,4.8,12.75993427
2022,7,1,1,1,395,7.2,54.30339429
2022,7,1,1,1,327,4.7,28.64874289
2022,7,1,1,1,310,5.6,29.09320153
2022,7,1,1,1,187,NA,12.68712061
2022,7,1,1,1,315,5,27.71872725
2022,7,1,1,1,263,5.4,21.15338142
2022,7,1,1,1,264,3.6,16.11121874
2022,7,1,1,1,300,5.5,27.05737583
2022,7,1,1,1,237,4.6,15.57954467
2022,7,1,1,1,168,NA,10.0635141
2022,7,1,1,1,308,6,30.27454944
2022,7,1,1,1,320,4.6,27.109233
2022,7,1,1,1,284,5.4,24.19470397
2022,7,1,1,1,297,4.8,24.14862708
2022,7,1,1,1,252,4.3,16.53823094
2022,8,0,0,3,243,8.7,29.85222144
2022,8,0,0,3,153,NA,8.26870308
2022,8,0,0,3,125,NA,5.51437059
2022,8,0,0,3,245,7.3,24.89499148
2022,8,0,0,3,251,6.8,24.0421936
2022,8,0,0,3,235,7.2,23.08503209
2022,8,0,0,3,229,7.2,22.23871339
2022,8,0,0,3,240,7.7,25.5711838
2022,8,0,0,3,235,7.5,24.11593442
2022,8,0,0,3,196,NA,14.07471097
2022,8,0,0,3,271,7.6,30.1720791
2022,8,0,0,3,170,NA,10.32081389
2022,8,0,0,3,185,NA,12.39169499
2022,8,0,0,3,104,NA,3.90797795
2022,8,0,0,3,211,6.3,17.15808466
2022,8,0,0,3,330,8.7,46.71010557
2022,8,0,0,3,222,6.4,18.79416298
2022,8,0,0,3,203,4.9,12.69376408
2022,8,0,0,3,164,NA,9.561814948
2022,8,0,0,3,207,7.4,19.93124961
2022,8,0,0,3,203,6.5,16.77779118
2022,8,0,0,3,227,6.3,19.12947714
2022,8,0,0,3,142,NA,7.097770017
2022,8,0,0,3,175,NA,10.98316879
2022,8,0,0,3,168,NA,10.0635141
2022,8,0,0,3,197,NA,14.23485505
2022,8,0,0,3,203,5.9,15.15706341
2022,8,0,0,3,176,NA,11.11895143
2022,8,0,0,3,156,NA,8.608997947
2022,8,0,0,3,171,NA,10.45109228
2022,8,0,0,3,220,7.1,20.68899909
2022,8,0,0,3,76,NA,2.298389224
2022,8,0,0,3,112,NA,4.476747659
2022,9,1,1,2,90,NA,3.032353562
2022,9,1,1,2,153,NA,8.26870308
2022,9,1,1,2,120,NA,5.098187639
2022,9,1,1,2,150,NA,7.937495892
2022,9,1,1,2,227,5.8,17.66700827
2022,9,1,1,2,127,NA,5.68698723
2022,9,1,1,2,200,6.7,16.98835849
2022,9,1,1,2,176,NA,11.11895143
2022,9,1,1,2,104,NA,3.90797795
2022,9,1,1,2,215,5.6,15.70635169
2022,9,1,1,2,198,NA,14.3962093
2022,9,1,1,2,99,NA,3.578207161
2022,9,1,1,2,117,NA,4.858827301
2022,9,1,1,2,196,NA,14.07471097
2022,9,1,1,2,159,NA,8.958503489
2022,9,1,1,2,214,5.7,15.85916482
2022,9,1,1,2,243,6.5,21.89033151
2022,9,1,1,2,215,6.2,17.35250553
2022,9,1,1,2,121,NA,5.179687177
2022,9,1,1,2,78,NA,2.395041964
2022,9,1,1,2,169,NA,10.19162268
2022,9,1,1,2,166,NA,9.810526601
2022,9,1,1,2,119,NA,5.017547518
2022,9,1,1,2,232,6.3,19.77513254
2022,9,1,1,2,85,NA,2.754610583
2022,9,1,1,2,137,NA,6.604277478
2022,9,1,1,2,231,6.8,21.20900933
2022,9,1,1,2,127,NA,5.68698723
2022,9,1,1,2,155,NA,8.49454899
2022,9,1,1,2,198,NA,14.3962093
2022,9,1,1,2,109,NA,4.257411993
2022,9,1,1,2,108,NA,4.185924792
2022,10,1,0,1,118,NA,4.937762257
2022,10,1,0,1,180,NA,11.67327268
2022,10,1,0,1,254,6.1,22.13188168
2022,10,1,0,1,202,6,15.30875656
2022,10,1,0,1,201,5.2,13.19857663
2022,10,1,0,1,165,NA,9.685638572
2022,10,1,0,1,151,NA,8.046896138
2022,10,1,0,1,159,NA,8.958503489
2022,10,1,0,1,255,7.3,26.42486836
2022,10,1,0,1,183,NA,12.10089141
2022,10,1,0,1,203,5.5,14.13674477
2022,10,1,0,1,260,7.2,26.84257694
2022,10,1,0,1,132,NA,6.134206355
2022,10,1,0,1,132,NA,6.134206355
2022,10,1,0,1,147,NA,7.61525339
2022,10,1,0,1,157,NA,8.724470312
2022,10,1,0,1,150,NA,7.937495892
2022,10,1,0,1,218,6.1,17.42917005
2022,10,1,0,1,233,6.5,20.52668838
2022,10,1,0,1,223,6.7,19.8312352
2022,10,1,0,1,160,NA,9.077073411
2022,10,1,0,1,162,NA,9.317342699
2022,10,1,0,1,70,NA,2.024100765
2022,10,1,0,1,109,NA,4.257411993
2022,10,1,0,1,286,8,34.47375929
2022,10,1,0,1,118,NA,4.937762257
2022,10,1,0,1,161,NA,9.196684962
2022,10,1,0,1,103,NA,3.840468953
2022,10,1,0,1,176,NA,11.11895143
2022,10,1,0,1,147,NA,7.61525339
2022,10,1,0,1,83,NA,2.648445129
2022,10,1,0,1,185,NA,12.39169499
2022,10,1,0,1,170,NA,10.32081389
2022,10,1,0,1,137,NA,6.604277478
2022,11,0,0,3,145,NA,7.405344698
2022,11,0,0,3,133,NA,6.226374199
2022,11,0,0,3,192,NA,13.44614532
2022,11,0,0,3,290,7.6,33.51237667
2022,11,0,0,3,245,6.3,21.52146879
2022,11,0,0,3,250,6.3,22.2195853
2022,11,0,0,3,210,5.4,14.6337674
2022,11,0,0,3,235,6.5,20.79474962
2022,11,0,0,3,82,NA,2.596400982
2022,11,0,0,3,235,5.7,18.36886491
2022,11,0,0,3,235,5.1,16.67879707
2022,11,0,0,3,210,4.8,13.16277989
2022,11,0,0,3,270,7.3,28.83523777
2022,11,0,0,3,218,6.4,18.29457507
2022,11,0,0,3,245,5.3,18.46736607
2022,11,0,0,3,135,NA,6.413470346
2022,11,0,0,3,270,7.1,28.07399721
2022,11,0,0,3,105,NA,3.976273476
2022,11,0,0,3,215,4.3,12.50378273
2022,11,0,0,3,256,7,25.49519478
2022,11,0,0,3,211,6.4,17.44174223
2022,11,0,0,3,112,NA,4.476747659
2022,11,0,0,3,112,NA,4.476747659
2022,11,0,0,3,265,7.7,29.55528225
2022,11,0,0,3,240,6,19.90650196
2022,11,0,0,3,285,7.7,33.02514554
2022,11,0,0,3,260,6.2,23.32362654
2022,11,0,0,3,265,6.9,26.53144585
2022,11,0,0,3,256,6.5,23.75160124
2022,11,0,0,3,187,NA,12.68712061
2022,11,0,0,3,192,NA,13.44614532
2022,11,0,0,3,289,7.5,32.91472507
2022,11,0,0,3,248,5.5,19.44266622
2022,11,0,0,3,205,5,13.12862779
2022,11,0,0,3,283,6.9,29.46676936
2022,11,0,0,3,252,6.2,22.17528496
2022,11,0,0,3,171,NA,10.45109228
2022,11,0,0,3,295,7.2,32.75771988
2022,11,0,0,3,273,7,28.1865219
2022,11,0,0,3,304,7.2,34.40772297
2022,11,0,0,3,303,7.7,36.37131391
2022,11,0,0,3,268,7.1,27.74934409
2022,11,0,0,3,180,NA,11.67327268
2022,11,0,0,3,181,NA,11.81467345
2022,11,0,0,3,232,6.7,21.0246789
2022,11,0,0,3,172,NA,10.58246241
2022,11,0,0,3,250,6.5,22.87996834
2022,11,0,0,3,252,6.7,23.84617313
2022,11,0,0,3,180,NA,11.67327268
2022,11,0,0,3,190,NA,13.13900512
2022,11,0,0,3,270,7.8,30.79827051
2022,11,0,0,3,180,NA,11.67327268
2022,11,0,0,3,157,NA,8.724470312
2022,11,0,0,3,159,NA,8.958503489
2022,11,0,0,3,75,NA,2.251053603
2022,11,0,0,3,218,5.2,14.99753443
2022,11,0,0,3,135,NA,6.413470346
2022,11,0,0,3,290,6.8,30.27111096
2022,11,0,0,3,263,7.6,28.83482283
2022,11,0,0,3,140,NA,6.897525988
2022,11,0,0,3,175,NA,10.98316879
2022,11,0,0,3,105,NA,3.976273476
2022,11,0,0,3,175,NA,10.98316879
2022,11,0,0,3,195,NA,13.91577251
2022,11,0,0,3,117,NA,4.858827301
2022,11,0,0,3,162,NA,9.317342699
2022,11,0,0,3,90,NA,3.032353562
2022,11,0,0,3,151,NA,8.046896138
2022,11,0,0,3,175,NA,10.98316879
2022,11,0,0,3,120,NA,5.098187639
2022,11,0,0,3,102,NA,3.773741931
2022,11,0,0,3,195,NA,13.91577251
2022,11,0,0,3,200,5.6,14.06961006
2022,12,0,1,2,50,NA,1.268507335
2022,12,0,1,2,125,NA,5.51437059
2022,12,0,1,2,252,7.3,25.95951044
2022,12,0,1,2,192,NA,13.44614532
2022,12,0,1,2,255,5.2,19.46259666
2022,12,0,1,2,269,6.7,26.43414221
2022,12,0,1,2,232,5.6,17.70935472
2022,12,0,1,2,306,5.9,29.54468634
2022,12,0,1,2,298,7,32.47857293
2022,12,0,1,2,242,5.8,19.56111079
2022,12,0,1,2,186,NA,12.53882777
2022,12,0,1,2,277,8,32.84125209
2022,12,0,1,2,295,7,31.94199309
2022,12,0,1,2,236,6.7,21.57011339
2022,12,0,1,2,274,5.5,23.04072884
2022,12,0,1,2,302,6.7,31.97938142
2022,12,0,1,2,234,3.8,13.27522535
2022,12,0,1,2,201,3.9,10.33645727
2022,12,0,1,2,199,NA,14.55877829
2022,12,0,1,2,295,6.8,31.13992202
2022,12,0,1,2,233,4.1,13.88390484
2022,12,0,1,2,297,6.6,30.69860168
2022,12,0,1,2,292,6.6,29.83550028
2022,12,0,1,2,199,NA,14.55877829
2022,12,0,1,2,197,NA,14.23485505
2022,12,0,1,2,287,5.6,25.3421402
2022,12,0,1,2,151,NA,8.046896138
2022,12,0,1,2,286,6.7,29.20289163
2022,12,0,1,2,301,6.8,32.20424506
2022,12,0,1,2,286,6.2,27.32827978
2022,12,0,1,2,252,5.2,19.07135137
2022,12,0,1,2,264,5.3,20.97867353
2022,12,0,1,2,253,5.7,20.71992575
2022,12,0,1,2,219,5.1,14.85176193
2022,12,0,1,2,288,5.4,24.80519209
2022,12,0,1,2,345,8.8,50.6702618
2022,12,0,1,2,254,6.7,24.14145579
2022,12,0,1,2,172,NA,10.58246241
2022,12,0,1,2,249,6.7,23.40777919
2022,12,0,1,2,174,NA,10.84849611
2022,12,0,1,2,210,5.5,14.88910949
2022,12,0,1,2,245,5.5,19.05339558
2022,12,0,1,2,375,8.7,57.49608197
2022,12,0,1,2,174,NA,10.84849611
2022,12,0,1,2,315,7.1,36.06403482
2022,12,0,1,2,320,7.6,39.27402825
2022,12,0,1,2,199,NA,14.55877829
2022,12,0,1,2,261,5.8,22.14857778
2022,12,0,1,2,265,5.4,21.43137126
2022,12,0,1,2,292,5.3,25.07938714
2022,12,0,1,2,261,5.9,22.47413016
2022,12,0,1,2,262,5.4,21.01529254
2022,12,0,1,2,278,5.4,23.29788238
2022,12,0,1,2,271,5.8,23.59767042
2022,12,0,1,2,242,5.6,18.96352806
2022,12,0,1,2,328,8.4,44.76219653
2022,12,0,1,2,261,5.8,22.14857778
2022,12,0,1,2,290,6.2,27.98234259
2022,12,0,1,2,266,7.1,27.42720357
2022,12,0,1,2,226,6.2,18.7044875
2022,12,0,1,2,121,NA,5.179687177
2022,12,0,1,2,219,5.4,15.62978786
2022,12,0,1,2,241,6.7,22.26506801
2022,12,0,1,2,157,NA,8.724470312
2022,12,0,1,2,143,NA,7.199329203
2022,12,0,1,2,265,5.7,22.39378178
2022,12,0,1,2,240,5.1,17.27902234
2022,12,0,1,2,264,6.1,23.57369679
2022,12,0,1,2,293,6.3,28.85648417
2022,12,0,1,2,280,6.3,26.7274767
2022,12,0,1,2,318,7.1,36.64482971
2022,12,0,1,2,276,6.5,26.81644763
2022,12,0,1,2,166,NA,9.810526601
2022,12,0,1,2,244,5.1,17.76944036
2022,12,0,1,2,255,6.3,22.93263796
2022,12,0,1,2,252,5.3,19.36780331
2022,12,0,1,2,239,5.1,17.15784419
2022,12,0,1,2,173,NA,10.71492884
2022,12,0,1,2,310,6.7,33.43129546
2022,12,0,1,2,217,5.7,16.20273816
2022,12,0,1,2,308,7,34.31051672
2022,12,0,1,2,222,5.7,16.78632578
2022,12,0,1,2,175,NA,10.98316879
2022,12,0,1,2,263,7.8,29.61325599
2022,12,0,1,2,181,NA,11.81467345
2022,12,0,1,2,192,NA,13.44614532
2022,12,0,1,2,210,5,13.64159082
2022,12,0,1,2,62,NA,1.693585064
2022,12,0,1,2,314,7.7,38.52342507
2022,12,0,1,2,249,5.3,18.97840112
2022,12,0,1,2,230,4.6,14.79380231
2022,12,0,1,2,285,5.1,23.34141974
2022,12,0,1,2,298,6.8,31.66910282
2022,12,0,1,2,263,6.2,23.76426805
2022,12,0,1,2,261,6.1,23.13477405
2022,12,0,1,2,220,4.5,13.47758951
2022,12,0,1,2,290,7.8,34.35732181
2022,12,0,1,2,241,6.6,21.93737615
2022,12,0,1,2,208,5.8,15.44870274
2022,12,0,1,2,256,6.6,24.09374858
2022,12,0,1,2,280,6.1,26.00863127
2022,12,0,1,2,224,4.5,13.89716713
2022,12,0,1,2,214,5.1,14.30948338
2022,12,0,1,2,280,6.2,26.36642081
2022,12,0,1,2,274,7,28.35047645
2022,12,0,1,2,315,8.4,41.98699256
2022,12,0,1,2,201,4.3,11.16774804
2022,12,0,1,2,306,8.1,38.7482345
2022,12,0,1,2,135,NA,6.413470346
2022,12,0,1,2,220,5,14.70725623
2022,12,0,1,2,260,6,22.6589492
2022,12,0,1,2,292,6.5,29.44994868
2022,12,0,1,2,254,6.2,22.45875198
2022,12,0,1,2,193,NA,13.60149424
2022,12,0,1,2,330,7,38.58055244
2022,12,0,1,2,304,6.9,33.15582979
2022,12,0,1,2,165,NA,9.685638572
2022,12,0,1,2,239,5.1,17.15784419
2022,12,0,1,2,305,7.4,35.44875875
2022,12,0,1,2,287,5.4,24.6516186
2022,12,0,1,2,272,6.5,26.18356532
2022,12,0,1,2,294,6.1,28.27203332
2022,12,0,1,2,308,6.5,32.25045535
2022,12,0,1,2,262,4,16.93541094
2022,12,0,1,2,305,5.6,28.2482728
2022,12,0,1,2,312,8.3,40.89001464
2022,12,0,1,2,230,6,18.61808521
2022,12,0,1,2,264,6,23.23823413
2022,12,0,1,2,238,6.4,20.88345406
2022,12,0,1,2,228,5.9,18.07674188
2022,12,0,1,2,261,6.3,23.80823946
2022,12,0,1,2,295,6.5,29.96216774
2022,12,0,1,2,226,3.9,12.68898819
2022,12,0,1,2,129,NA,5.863169083
2022,12,0,1,2,194,NA,13.75803512
2022,12,0,1,2,147,NA,7.61525339
2022,12,0,1,2,180,NA,11.67327268
2022,12,0,1,2,226,5.5,16.70802564
2022,12,0,1,2,278,6.7,27.87704378
2022,12,0,1,2,267,6,23.67911797
2022,12,0,1,2,222,5.1,15.18361284
2022,12,0,1,2,186,NA,12.53882777
2022,12,0,1,2,314,7.1,35.87180914
2022,12,0,1,2,300,8.5,39.39198746
2022,12,0,1,2,236,5.7,18.4945578
2022,12,0,1,2,305,7.5,35.88116073
2022,12,0,1,2,350,8.4,49.73264528
2022,12,0,1,2,313,8,39.69403479
2022,12,0,1,2,212,5.2,14.34507853
2022,12,0,1,2,257,6.2,22.88846595
2022,12,0,1,2,285,5.9,26.08469673
2022,12,0,1,2,310,7,34.68498105
2022,12,0,1,2,220,4.2,12.77377504
2022,12,0,1,2,302,5.6,27.74925534
2022,12,0,1,2,249,5.6,19.8757974
2022,12,0,1,2,191,NA,13.2919838
2022,12,0,1,2,284,6.6,28.48844187
2022,12,0,1,2,298,8.5,38.99347622
2022,12,0,1,2,210,5.9,15.94017902
2022,12,0,1,2,231,6.3,19.64485716
2022,12,0,1,2,198,NA,14.3962093
2022,12,0,1,2,195,NA,13.91577251
2022,12,0,1,2,292,7,31.41135594
2022,12,0,1,2,235,6.8,21.75678489
2022,12,0,1,2,210,5.6,15.14740472
2022,12,0,1,2,308,7.2,35.15849792
2022,12,0,1,2,227,5.5,16.8263808
2022,12,0,1,2,249,5.5,19.57359163
2022,12,0,1,2,272,6.3,25.47086793
2022,12,0,1,2,333,8.7,47.38319515
2022,12,0,1,2,334,7.6,42.17479819
2022,12,0,1,2,270,6.6,26.22976764
2022,12,0,1,2,315,8.3,41.5099197
2022,12,0,1,2,271,5.7,23.26349615
2022,12,0,1,2,303,6.8,32.56433494
2022,12,0,1,2,230,6.3,19.51515519
2022,12,0,1,2,287,6.2,27.49082927
2022,12,0,1,2,278,7.1,29.3979309
2022,12,0,1,2,331,7.5,41.07295492
2022,12,0,1,2,310,6.8,33.84577429
2022,12,0,1,2,313,8.2,40.62504426
2022,12,0,1,2,286,6.4,28.06818288
2022,12,0,1,2,309,8.7,42.17609385
2022,12,0,1,2,294,6.9,31.36295256
2022,12,0,1,2,307,6.1,30.48798536
2022,12,0,1,2,310,6.7,33.43129546
2022,12,0,1,2,258,5,19.26159927
2022,12,0,1,2,220,6.3,18.24939513
2022,12,0,1,2,340,9.1,51.09573819
2022,12,0,1,2,221,5.3,15.59259485
2022,12,0,1,2,262,6.3,23.95630542
2022,12,0,1,2,236,6.1,19.68701171
2022,12,0,1,2,101,NA,3.707792329
2022,12,0,1,2,278,7.2,29.78660519
2022,12,0,1,2,294,7.3,32.9894942
2022,12,0,1,2,175,NA,10.98316879
2022,12,0,1,2,254,6.5,23.45864135
2022,12,0,1,2,330,8.1,43.72222889
2022,12,0,1,2,297,7.5,34.37661414
2022,12,0,1,2,292,6.7,30.22440231
2022,12,0,1,2,275,5.9,24.53667063
2022,12,0,1,2,249,6,21.11572512
2022,12,0,1,2,294,7.3,32.9894942
2022,12,0,1,2,261,6.3,23.80823946
2022,12,0,1,2,264,6.6,25.29951156
2022,12,0,1,2,302,7.4,34.88325922
2022,12,0,1,2,242,6,20.17111757
2022,12,0,1,2,272,6.3,25.47086793
2022,12,0,1,2,310,7.9,38.63329047
2022,12,0,1,2,221,6.3,18.37343251
2022,12,0,1,2,276,7.7,31.4319175
2022,12,0,1,2,309,7.2,35.34788277
2022,12,0,1,2,245,6.7,22.83165782
2022,12,0,1,2,266,6.2,24.21042478
2022,12,0,1,2,266,6.9,26.68916137
2022,12,0,1,2,231,5.7,17.87178817
2022,12,0,1,2,191,NA,13.2919838
2022,12,0,1,2,291,7.6,33.69469913
2022,12,0,1,2,171,NA,10.45109228
2022,12,0,1,2,156,NA,8.608997947
2022,12,0,1,2,228,5.3,16.39771978
2022,12,0,1,2,254,6.8,24.4877763
2022,12,0,1,2,306,7.5,36.07225897
2022,12,0,1,2,271,6.7,26.75037635
2022,12,0,1,2,282,6.8,28.91487834
2022,12,0,1,2,291,6.7,30.0525225
2022,12,0,1,2,304,7.1,33.98698606
2022,12,0,1,2,280,7.1,29.73529343
2022,12,0,1,2,221,5.3,15.59259485
2022,12,0,1,2,307,8.1,38.94753993
2022,12,0,1,2,289,6.6,29.32548835
2022,12,0,1,2,292,7.2,32.21967626
2022,12,0,1,2,284,7.1,30.41774174
2022,12,0,1,2,262,6.6,24.99438595
2022,12,0,1,2,226,5,15.37253877
2022,12,0,1,2,320,7.9,40.65950201
2022,12,0,1,2,302,7.2,34.03637717
2022,12,0,1,2,299,7.1,33.06985352
2022,12,0,1,2,231,5.6,17.58706936
2022,12,0,1,2,276,5.8,24.34533565
2022,12,0,1,2,127,NA,5.68698723
2022,12,0,1,2,235,6.6,21.11220803
2022,12,0,1,2,258,5.6,21.09109325
2022,12,0,1,2,250,5.2,18.81345604
2023,1,0,0,1,197,NA,14.23485505
2023,1,0,0,1,184,NA,12.24571772
2023,1,0,0,1,184,NA,12.24571772
2023,1,0,0,1,176,NA,11.11895143
2023,1,0,0,1,100,NA,3.642615591
2023,1,0,0,1,141,NA,6.997170463
2023,1,0,0,1,138,NA,6.701084051
2023,1,0,0,1,145,NA,7.405344698
2023,1,0,0,1,167,NA,9.936483593
2023,1,0,0,1,208,5.2,13.92079391
2023,1,0,0,1,235,5.8,18.66118944
2023,1,0,0,1,108,NA,4.185924792
2023,1,0,0,1,79,NA,2.444368194
2023,1,0,0,1,111,NA,4.402818871
2023,1,0,0,1,190,NA,13.13900512
2023,1,0,0,1,147,NA,7.61525339
2023,1,0,0,1,180,NA,11.67327268
2023,2,1,0,3,187,NA,12.68712061
2023,2,1,0,3,282,6.1,26.324292
2023,2,1,0,3,188,NA,12.83657809
2023,2,1,0,3,160,NA,9.077073411
2023,2,1,0,3,290,7.6,33.51237667
2023,2,1,0,3,163,NA,9.439051176
2023,2,1,0,3,190,NA,13.13900512
2023,2,1,0,3,167,NA,9.936483593
2023,2,1,0,3,226,5.5,16.70802564
2023,2,1,0,3,239,7.7,25.41974675
2023,2,1,0,3,178,NA,11.3938648
2023,2,1,0,3,185,NA,12.39169499
2023,2,1,0,3,285,5.8,25.73062457
2023,2,1,0,3,89,NA,2.975377677
2023,2,1,0,3,228,5.2,16.12841304
2023,2,1,0,3,184,NA,12.24571772
2023,2,1,0,3,280,6.2,26.36642081
2023,2,1,0,3,165,NA,9.685638572
2023,2,1,0,3,218,5.9,16.86766733
2023,2,1,0,3,277,6.8,28.08815745
2023,2,1,0,3,179,NA,11.53300465
2023,2,1,0,3,210,4.9,13.40075972
2023,2,1,0,3,259,5.7,21.5460185
2023,2,1,0,3,246,6,20.70736309
2023,2,1,0,3,249,4.6,16.99039985
2023,2,1,0,3,227,5.2,16.01285112
2023,2,1,0,3,270,6,24.12554323
2023,2,1,0,3,231,5.2,16.47843207
2023,2,1,0,3,268,5.4,21.85290597
2023,2,1,0,3,228,5,15.59867781
2023,2,1,0,3,239,4.8,16.33973865
2023,2,1,0,3,189,NA,12.98720474
2023,2,1,0,3,234,5.5,17.67055348
2023,2,1,0,3,276,6.6,27.18255222
2023,2,1,0,3,275,7.4,30.06194859
2023,2,1,0,3,119,NA,5.017547518
2023,2,1,0,3,179,NA,11.53300465
2023,2,1,0,3,227,5.4,16.55221529
2023,2,1,0,3,189,NA,12.98720474
2023,2,1,0,3,241,5.6,18.83552863
2023,2,1,0,3,239,5.9,19.4719612
2023,2,1,0,3,182,NA,11.95721151
2023,2,1,0,3,102,NA,3.773741931
2023,2,1,0,3,245,6,20.57242172
2023,2,1,0,3,252,5.6,20.27555961
2023,2,1,0,3,155,NA,8.49454899
2023,2,1,0,3,127,NA,5.68698723
2023,2,1,0,3,167,NA,9.936483593
2023,2,1,0,3,249,5.3,18.97840112
2023,2,1,0,3,161,NA,9.196684962
2023,2,1,0,3,129,NA,5.863169083
2023,2,1,0,3,250,6.9,24.23973063
2023,2,1,0,3,109,NA,4.257411993
2023,2,1,0,3,225,5.2,15.78338594
2023,2,1,0,3,110,NA,4.329708501
2023,2,1,0,3,230,5.4,16.90726673
2023,2,1,0,3,219,5.5,15.89504271
2023,2,1,0,3,253,5.6,20.4099952
2023,2,1,0,3,257,5.4,20.3338559
2023,2,1,0,3,102,NA,3.773741931
2023,2,1,0,3,143,NA,7.199329203
2023,2,1,0,3,215,4.4,12.73305075
2023,2,1,0,3,189,NA,12.98720474
2023,2,1,0,3,209,6,16.09585826
2023,2,1,0,3,99,NA,3.578207161
2023,2,1,0,3,231,6.1,19.04139087
2023,2,1,0,3,170,NA,10.32081389
2023,2,1,0,3,246,6.6,22.6412189
2023,2,1,0,3,221,6.4,18.66842415
2023,2,1,0,3,274,6.2,25.4274002
2023,2,1,0,3,171,NA,10.45109228
2023,3,0,1,2,232,5.4,17.14676626
2023,3,0,1,2,242,6.5,21.75132862
2023,3,0,1,2,365,7.5,48.58688987
2023,3,0,1,2,345,7.6,44.55162373
2023,3,0,1,2,360,8.4,52.10854892
2023,3,0,1,2,405,9,67.37171723
2023,3,0,1,2,254,5.6,20.54502372
2023,3,0,1,2,306,6.8,33.10948711
2023,3,0,1,2,350,7.6,45.6608831
2023,3,0,1,2,312,7,35.0621601
2023,3,0,1,2,315,6.6,33.94339936
2023,3,0,1,2,195,NA,13.91577251
2023,3,0,1,2,305,5.6,28.2482728
2023,3,0,1,2,297,5.7,27.2927601
2023,3,0,1,2,378,8.8,58.84143449
2023,3,0,1,2,332,7.3,40.35287594
2023,3,0,1,2,347,7.9,46.48143397
2023,3,0,1,2,132,NA,6.134206355
2023,3,0,1,2,380,9.2,61.70096981
2023,3,0,1,2,282,6.7,28.53483421
2023,3,0,1,2,261,6.7,25.19412774
2023,3,0,1,2,397,6.3,50.08768439
2023,3,0,1,2,250,5.8,20.62448758
2023,3,0,1,2,232,5.9,18.57610269
2023,3,0,1,2,271,5.4,22.27993222
2023,3,0,1,2,208,3.7,10.54891858
2023,3,0,1,2,284,6.3,27.37098993
2023,3,0,1,2,292,6.3,28.6888388
2023,3,0,1,2,267,6.1,24.01813634
2023,3,0,1,2,270,7,27.69845336
2023,3,0,1,2,305,6.6,32.11392201
2023,3,0,1,2,329,8.3,44.48573932
2023,3,0,1,2,313,6.8,34.40509617
2023,3,0,1,2,293,6.3,28.85648417
2023,3,0,1,2,236,4.2,14.4521611
2023,3,0,1,2,331,7.3,40.14630711
2023,3,0,1,2,251,5.5,19.83720309
2023,3,0,1,2,311,7,34.87323062
2023,3,0,1,2,316,6.7,34.548608
2023,3,0,1,2,325,6.5,35.41472512
2023,3,0,1,2,280,6.1,26.00863127
2023,3,0,1,2,258,5.5,20.77846759
2023,3,0,1,2,227,4.6,14.46530934
2023,3,0,1,2,232,4.2,14.01957408
2023,3,0,1,2,253,5,18.61509373
2023,3,0,1,2,238,4.1,14.42331809
2023,3,0,1,2,147,NA,7.61525339
2023,3,0,1,2,322,6.9,36.55282045
2023,3,0,1,2,351,7.4,44.90039882
2023,3,0,1,2,253,5.3,19.49877794
2023,3,0,1,2,170,NA,10.32081389
2023,3,0,1,2,305,6.7,32.51881602
2023,3,0,1,2,358,8.3,51.09548824
2023,3,0,1,2,332,7.4,40.81570152
2023,3,0,1,2,280,6.2,26.36642081
2023,3,0,1,2,302,6.4,30.78590202
2023,3,0,1,2,360,7.3,46.42841493
2023,3,0,1,2,262,5.8,22.29073993
2023,3,0,1,2,240,4.7,16.18963208
2023,3,0,1,2,252,5,18.48755367
2023,3,0,1,2,306,6.3,31.09565091
2023,3,0,1,2,214,4.3,12.40499666
2023,3,0,1,2,278,5.7,24.30628097
2023,3,0,1,2,291,6.3,28.52184399
2023,3,0,1,2,222,4,12.51648327
2023,3,0,1,2,200,3.4,9.274256458
2023,3,0,1,2,279,5.3,23.11477676
2023,3,0,1,2,355,8.6,51.97861597
2023,3,0,1,2,300,8.7,40.32641314
2023,3,0,1,2,329,7.2,39.27975915
2023,3,0,1,2,347,7.7,45.48565636
2023,3,0,1,2,163,NA,9.439051176
2023,3,0,1,2,325,7.2,38.47119345
2023,3,0,1,2,318,7.3,37.52473319
2023,3,0,1,2,307,6.5,32.0704338
2023,3,0,1,2,288,5.7,25.8493483
2023,3,0,1,2,328,6.6,36.4238574
2023,3,0,1,2,306,6.5,31.89108341
2023,3,0,1,2,212,5.6,15.36936388
2023,3,0,1,2,225,4.8,14.74888822
2023,4,1,1,4,204,4.7,12.33287065
2023,4,1,1,4,307,6.4,31.66981021
2023,4,1,1,4,255,4.4,17.17187411
2023,4,1,1,4,260,4.8,18.93430325
2023,4,1,1,4,245,4.5,16.24339047
2023,4,1,1,4,310,6,30.62429677
2023,4,1,1,4,265,5.8,22.72087369
2023,4,1,1,4,252,5.5,19.96989176
2023,4,1,1,4,165,NA,9.685638572
2023,4,1,1,4,184,NA,12.24571772
2023,4,1,1,4,290,5.3,24.77016428
2023,4,1,1,4,290,5.1,24.09145042
2023,4,1,1,4,280,5.6,24.26815933
2023,4,1,1,4,190,NA,13.13900512
2023,4,1,1,4,230,4.7,15.04775664
2023,4,1,1,4,255,5.5,20.37150529
2023,4,1,1,4,93,NA,3.207635971
2023,4,1,1,4,141,NA,6.997170463
2023,4,1,1,4,350,6.8,41.81766134
2023,4,1,1,4,282,7,29.68506001
2023,4,1,1,4,175,NA,10.98316879
2023,4,1,1,4,210,5.4,14.6337674
2023,4,1,1,4,238,4,14.17770443
2023,4,1,1,4,192,NA,13.44614532
2023,4,1,1,4,286,5.5,24.84115812
2023,4,1,1,4,247,5.1,18.14328196
2023,4,1,1,4,199,NA,14.55877829
2023,4,1,1,4,120,NA,5.098187639
2023,4,1,1,4,287,6.2,27.49082927
2023,4,1,1,4,138,NA,6.701084051
2023,4,1,1,4,205,4.1,11.10994258
2023,4,1,1,4,215,5.2,14.66888819
2023,4,1,1,4,224,5.2,15.66948003
2023,4,1,1,4,256,5.8,21.44682706
2023,4,1,1,4,195,NA,13.91577251
2023,4,1,1,4,224,5.2,15.66948003
2023,4,1,1,4,315,6.4,33.11898747
2023,4,1,1,4,375,6.4,45.42042024
2023,4,1,1,4,284,4.6,21.58638066
2023,4,1,1,4,191,NA,13.2919838
2023,4,1,1,4,217,4.4,12.93432102
2023,4,1,1,4,256,5.2,19.59419101
2023,4,1,1,4,268,5.4,21.85290597
2023,4,1,1,4,308,6.1,30.66308242
2023,4,1,1,4,335,6.5,37.36931908
2023,4,1,1,4,220,4.4,13.24018588
2023,4,1,1,4,257,5.5,20.64221699
2023,4,1,1,4,280,5.9,25.30279187
2023,4,1,1,4,205,4.5,11.97943986
2023,4,1,1,4,255,4.4,17.17187411
2023,4,1,1,4,95,NA,3.328165426
2023,4,1,1,4,280,5.3,23.26212248
2023,4,1,1,4,282,5.6,24.57185064
2023,4,1,1,4,149,NA,7.829091722
2023,4,1,1,4,235,5.8,18.66118944
2023,4,1,1,4,267,5.4,21.71178598
2023,4,1,1,4,192,NA,13.44614532
2023,4,1,1,4,343,6.5,38.9837852
2023,4,1,1,4,217,4.8,13.88800228
2023,4,1,1,4,231,5.6,17.58706936
2023,4,1,1,4,175,NA,10.98316879
2023,4,1,1,4,252,5.6,20.27555961
2023,4,1,1,4,235,4.8,15.87409973
2023,4,1,1,4,180,NA,11.67327268
2023,4,1,1,4,275,5.3,22.53161592
2023,4,1,1,4,267,7,27.21605175
2023,4,1,1,4,198,NA,14.3962093
2023,4,1,1,4,290,6.7,29.88129556
2023,4,1,1,4,225,4.6,14.24903802
2023,4,1,1,4,250,5.2,18.81345604
2023,4,1,1,4,305,5.8,28.99508114
2023,4,1,1,4,265,5.4,21.43137126
2023,4,1,1,4,268,5.9,23.49031096
2023,4,1,1,4,240,4.5,15.6625431
2023,4,1,1,4,171,NA,10.45109228
2023,4,1,1,4,342,7.1,41.51724202
2023,4,1,1,4,300,6.7,31.62309309
2023,4,1,1,4,340,7.1,41.09563468
2023,4,1,1,4,285,5.3,24.00825018
2023,4,1,1,4,300,5.4,26.698097
2023,4,1,1,4,225,5,15.26029352
2023,4,1,1,4,238,5.4,17.87881378
2023,4,1,1,4,225,5.7,17.14311473
2023,4,1,1,4,305,6.1,30.1397935
2023,4,1,1,4,290,7,31.060883
2023,4,1,1,4,168,NA,10.0635141
2023,4,1,1,4,158,NA,8.840970641
2023,4,1,1,4,195,NA,13.91577251
2023,4,1,1,4,125,NA,5.51437059
2023,4,1,1,4,170,NA,10.32081389
2023,4,1,1,4,175,NA,10.98316879
2023,4,1,1,4,184,NA,12.24571772
2023,4,1,1,4,191,NA,13.2919838
2023,4,1,1,4,170,NA,10.32081389
2023,4,1,1,4,300,6.3,30.04832384
2023,4,1,1,4,245,4.9,17.33160397
2023,4,1,1,4,332,6.7,37.64920771
2023,4,1,1,4,266,5.9,23.19691342
2023,4,1,1,4,291,6.5,29.28051539
2023,4,1,1,4,237,5.3,17.47298288
2023,4,1,1,4,202,4,10.62928886
2023,4,1,1,4,286,5.8,25.88771214
2023,4,1,1,4,250,5.9,20.93718608
2023,4,1,1,4,166,NA,9.810526601
2023,4,1,1,4,255,6,21.94848512
2023,4,1,1,4,300,6.6,31.22436636
2023,4,1,1,4,324,6.6,35.64819979
2023,4,1,1,4,202,4.6,11.91488922
2023,4,1,1,4,222,5.7,16.78632578
2023,4,1,1,4,237,5.2,17.19358938
2023,4,1,1,4,295,4.7,23.51364238
2023,4,1,1,4,155,NA,8.49454899
2023,4,1,1,4,296,6.6,30.52466743
2023,4,1,1,4,191,NA,13.2919838
2023,4,1,1,4,281,5.6,24.41969025
2023,4,1,1,4,147,NA,7.61525339
2023,4,1,1,4,282,6,25.96735075
2023,4,1,1,4,206,4.2,11.41632956
2023,4,1,1,4,300,6,28.90218823
2023,4,1,1,4,230,5.3,16.63274052
2023,4,1,1,4,123,NA,5.34528272
2023,4,1,1,4,260,6.6,24.69172357
2023,4,1,1,4,190,NA,13.13900512
2023,4,1,1,4,276,5.8,24.34533565
2023,4,1,1,4,255,6.2,22.60138691
2023,4,1,1,4,239,6.5,21.33785311
2023,5,1,0,3,237,5.4,17.75538683
2023,5,1,0,3,169,NA,10.19162268
2023,5,1,0,3,254,5.1,19.03589046
2023,5,1,0,3,160,NA,9.077073411
2023,5,1,0,3,269,5.1,21.0462108
2023,5,1,0,3,169,NA,10.19162268
2023,5,1,0,3,266,4.8,19.723012
2023,5,1,0,3,192,NA,13.44614532
2023,5,1,0,3,245,6.9,23.50623526
2023,5,1,0,3,305,6,29.75493723
2023,5,1,0,3,182,NA,11.95721151
2023,5,1,0,3,168,NA,10.0635141
2023,5,1,0,3,262,4.9,19.49062533
2023,5,1,0,3,252,5.4,19.66731155
2023,5,1,0,3,141,NA,6.997170463
2023,5,1,0,3,280,4.9,21.96452954
2023,5,1,0,3,175,NA,10.98316879
2023,5,1,0,3,110,NA,4.329708501
2023,5,1,0,3,343,6.8,40.34088615
2023,5,1,0,3,144,NA,7.301852578
2023,5,1,0,3,281,5.8,25.108629
2023,5,1,0,3,151,NA,8.046896138
2023,5,1,0,3,232,5.8,18.28411628
2023,5,1,0,3,271,5.1,21.3244894
2023,5,1,0,3,262,4.9,19.49062533
2023,5,1,0,3,246,4.5,16.36125677
2023,5,1,0,3,188,NA,12.83657809
2023,5,1,0,3,227,4.3,13.73040936
2023,5,1,0,3,312,6.6,33.3874525
2023,5,1,0,3,279,5.6,24.11725658
2023,5,1,0,3,298,6.3,29.70451378
2023,5,1,0,3,229,7.9,24.64142521
2023,5,1,0,3,328,5.5,31.87753596
2023,5,1,0,3,274,4.2,19.01359664
2023,5,1,0,3,393,6.8,51.68642652
2023,5,1,0,3,313,6.6,33.57208825
2023,5,1,0,3,218,5.9,16.86766733
2023,5,1,0,3,152,NA,8.157297016
2023,5,1,0,3,311,5.7,29.64327825
2023,5,1,0,3,116,NA,4.780738094
2023,5,1,0,3,248,2.4,11.55733466
2023,5,1,0,3,298,8.6,39.45634175
2023,5,1,0,3,308,5.9,29.88931247
2023,5,1,0,3,331,6.1,34.87757641
2023,5,1,0,3,331,6.3,35.72157288
2023,5,1,0,3,290,5.7,26.16559574
2023,5,1,0,3,198,NA,14.3962093
2023,5,1,0,3,345,7.6,44.55162373
2023,5,1,0,3,302,7.5,35.31191789
2023,5,1,0,3,281,5.2,23.07985096
2023,5,1,0,3,314,6.2,32.12699175
2023,5,1,0,3,342,6.1,37.02286437
2023,5,1,0,3,169,NA,10.19162268
2023,5,1,0,3,324,6.4,34.80139704
2023,5,1,0,3,291,5.3,24.92445602
2023,5,1,0,3,234,5.3,17.10949747
2023,5,1,0,3,271,4.8,20.39675985
2023,5,1,0,3,268,3.6,16.58975895
2023,5,1,0,3,338,7.1,40.67689134
2023,5,1,0,3,60,NA,1.616999302
2023,5,1,0,3,254,4.9,18.45356289
2023,5,1,0,3,299,5.3,26.18191893
2023,5,1,0,3,139,NA,6.798832036
2023,5,1,0,3,167,NA,9.936483593
2023,5,1,0,3,362,6.2,41.60473252
2023,5,1,0,3,258,4.6,18.10268703
2023,5,1,0,3,288,5,23.45725503
2023,5,1,0,3,273,5.2,21.92293038
2023,5,1,0,3,282,5.5,24.23096792
2023,5,1,0,3,200,6.6,16.70774045
2023,5,1,0,3,234,4.7,15.49783137
2023,5,1,0,3,145,NA,7.405344698
2023,5,1,0,3,205,5.4,14.09916805
2023,5,1,0,3,247,4.2,15.68746019
2023,5,1,0,3,332,6.9,38.53656053
2023,5,1,0,3,343,5.9,36.36157763
2023,5,1,0,3,174,NA,10.84849611
2023,5,1,0,3,305,6,29.75493723
2023,5,1,0,3,292,5.9,27.20618646
2023,5,1,0,3,186,NA,12.53882777
2023,5,1,0,3,204,4.5,11.88371568
2023,5,1,0,3,210,6,16.21045659
2023,6,0,1,2,212,5.6,15.36936388
2023,6,0,1,2,328,6.9,37.7346729
2023,6,0,1,2,327,6.6,36.22889887
2023,6,0,1,2,286,5.8,25.88771214
2023,6,0,1,2,390,8.5,60.26465766
2023,6,0,1,2,302,7.3,34.45808372
2023,6,0,1,2,255,5.1,19.16574683
2023,6,0,1,2,166,NA,9.810526601
2023,6,0,1,2,341,6,36.39484802
2023,6,0,1,2,243,5.8,19.69198526
2023,6,0,1,2,180,NA,11.67327268
2023,6,0,1,2,349,7.3,43.97376084
2023,6,0,1,2,334,6.5,37.17070217
2023,6,0,1,2,276,5.3,22.67647548
2023,6,0,1,2,331,6.7,37.45019452
2023,6,0,1,2,279,6.2,26.20833879
2023,6,0,1,2,324,7.8,41.01897503
2023,6,0,1,2,197,NA,14.23485505
2023,6,0,1,2,311,5.7,29.64327825
2023,6,0,1,2,323,6.2,33.78091444
2023,6,0,1,2,367,8,51.6638158
2023,6,0,1,2,348,7.2,43.27541524
2023,6,0,1,2,302,7.1,33.61812537
2023,6,0,1,2,210,5.6,15.14740472
2023,6,0,1,2,243,4.2,15.23043674
2023,6,0,1,2,306,6.4,31.49169289
2023,6,0,1,2,228,5,15.59867781
2023,6,0,1,2,327,5.6,32.09172065
2023,6,0,1,2,308,6.2,31.05492547
2023,6,0,1,2,328,8,42.80965155
2023,6,0,1,2,305,6.7,32.51881602
2023,6,0,1,2,142,NA,7.097770017
2023,6,0,1,2,301,6.2,29.83464586
2023,6,0,1,2,208,4.7,12.72730303
2023,6,0,1,2,235,4.7,15.61173512
2023,6,0,1,2,280,5.7,24.60983976
2023,6,0,1,2,234,4.6,15.23947736
2023,6,0,1,2,203,3.8,10.3097396
2023,6,0,1,2,145,NA,7.405344698
2023,6,0,1,2,297,5.7,27.2927601
2023,6,0,1,2,280,5.9,25.30279187
2023,6,0,1,2,343,7.7,44.60041528
2023,6,0,1,2,127,NA,5.68698723
2023,6,0,1,2,128,NA,5.774630228
2023,6,0,1,2,364,7.3,47.34316863
2023,6,0,1,2,254,5.7,20.85611489
2023,6,0,1,2,232,6.6,20.70749938
2023,6,0,1,2,178,NA,11.3938648
2023,6,0,1,2,182,NA,11.95721151
2023,6,0,1,2,184,NA,12.24571772
2023,6,0,1,2,332,5.8,33.82444973
2023,6,0,1,2,346,7.4,43.80023777
2023,6,0,1,2,264,8.5,32.62392607
2023,6,0,1,2,352,7,43.19093485
2023,6,0,1,2,230,9.2,29.71481479
2023,6,0,1,2,102,NA,3.773741931
2023,6,0,1,2,109,NA,4.257411993
2023,6,0,1,2,210,4.8,13.16277989
2023,6,0,1,2,201,5.8,14.68078707
2023,6,0,1,2,135,NA,6.413470346
2023,6,0,1,2,152,NA,8.157297016
2023,6,0,1,2,242,7.5,25.15508764
2023,6,0,1,2,317,8,40.50955143
2023,6,0,1,2,272,8.5,34.0549072
2023,6,0,1,2,327,7.5,40.24362505
2023,6,0,1,2,228,4.9,15.3382165
2023,6,0,1,2,223,7.4,22.069016
2023,6,0,1,2,408,7.7,60.47218359
2023,6,0,1,2,142,NA,7.097770017
2023,6,0,1,2,359,9.8,59.72516949
2023,6,0,1,2,159,NA,8.958503489
2023,6,0,1,2,144,NA,7.301852578
2023,6,0,1,2,350,7,42.75740209
2023,6,0,1,2,312,6.1,31.37017471
2023,6,0,1,2,234,5.9,18.82919522
2023,6,0,1,2,184,NA,12.24571772
2023,6,0,1,2,380,7.8,53.77830167
2023,6,0,1,2,255,5.1,19.16574683
2023,6,0,1,2,186,NA,12.53882777
2023,6,0,1,2,340,7.1,41.09563468
2023,6,0,1,2,315,6.9,35.20549328
2023,6,0,1,2,96,NA,3.389546173
2023,6,0,1,2,98,NA,3.514562486
2023,6,0,1,2,262,5.9,22.6174679
2023,6,0,1,2,171,NA,10.45109228
2023,6,0,1,2,184,NA,12.24571772
2023,6,0,1,2,353,8.9,53.12076535
2023,6,0,1,2,204,4.5,11.88371568
2023,6,0,1,2,223,5.6,16.62898916
2023,6,0,1,2,262,5.8,22.29073993
2023,6,0,1,2,365,7.9,50.65618242
2023,6,0,1,2,222,7.3,21.60281452
2023,6,0,1,2,297,4.7,23.81497935
2023,6,0,1,2,289,5.5,25.30546298
2023,6,0,1,2,180,NA,11.67327268
2023,6,0,1,2,280,7,29.34757243
2023,6,0,1,2,148,NA,7.721679073
2023,6,0,1,2,330,7.3,39.94044445
2023,6,0,1,2,251,5.1,18.64984333
2023,6,0,1,2,320,6.6,34.88363301
2023,6,0,1,2,352,6.1,39.04789529
2023,6,0,1,2,199,NA,14.55877829
2023,6,0,1,2,372,8.1,53.41919183
2023,6,0,1,2,87,NA,2.863575952
2023,6,0,1,2,358,7.8,48.4904478
2023,6,0,1,2,353,7.8,47.33911352
2023,6,0,1,2,302,5.2,26.30884416
2023,6,0,1,2,280,6.1,26.00863127
2023,6,0,1,2,327,6.3,34.95254345
2023,6,0,1,2,213,5.1,14.2026366
2023,6,0,1,2,373,8.7,56.984675
2023,6,0,1,2,287,5.8,26.04543777
2023,6,0,1,2,353,7.7,46.83536082
2023,6,0,1,2,380,8.7,58.78796571
2023,6,0,1,2,280,4.8,21.64785191
2023,6,0,1,2,325,6.3,34.57220279
2023,6,0,1,2,350,6.5,40.43402652
2023,6,0,1,2,273,5,21.29057477
2023,6,0,1,2,275,5.1,21.88838399
2023,6,0,1,2,327,6,33.70652329
2023,6,0,1,2,307,5.4,27.84552299
2023,6,0,1,2,80,NA,2.494367069
2023,6,0,1,2,264,5.9,22.90596917
2023,6,0,1,2,195,NA,13.91577251
2023,6,0,1,2,153,NA,8.26870308
2023,6,0,1,2,200,4.4,11.28966566
2023,6,0,1,2,340,7,40.63320467
2023,6,0,1,2,93,NA,3.207635971
2023,6,0,1,2,335,5.4,32.7638792
2023,6,0,1,2,315,6.7,34.36068667
2023,6,0,1,2,233,6.2,19.60037816
2023,6,0,1,2,307,6.3,31.27253699
2023,6,0,1,2,289,5.9,26.72169299
2023,6,0,1,2,196,NA,14.07471097
2023,6,0,1,2,263,5.6,21.78717773
2023,6,0,1,2,207,4.6,12.39877849
2023,6,0,1,2,220,4.2,12.77377504
2023,6,0,1,2,355,7.4,45.79367468
2023,6,0,1,2,271,5.9,23.9350297
2023,6,0,1,2,231,5.9,18.45041139
2023,6,0,1,2,300,5.5,27.05737583
2023,6,0,1,2,305,5.8,28.99508114
2023,6,0,1,2,256,4.4,17.29436258
2023,6,0,1,2,255,4.6,17.72669428
2023,6,0,1,2,190,NA,13.13900512
2023,6,0,1,2,302,6.4,30.78590202
2023,6,0,1,2,365,8.8,55.5251334
2023,6,0,1,2,297,4.9,24.48537662
2023,6,0,1,2,184,NA,12.24571772
2023,6,0,1,2,156,NA,8.608997947
2023,6,0,1,2,174,NA,10.84849611
2023,6,0,1,2,284,6.1,26.64249653
2023,6,0,1,2,230,4.8,15.30460077
2023,7,1,1,4,175,NA,10.98316879
2023,7,1,1,4,320,6.5,34.46352139
2023,7,1,1,4,163,NA,9.439051176
2023,7,1,1,4,310,6.3,31.80721752
2023,7,1,1,4,315,5.8,30.72605706
2023,7,1,1,4,262,5.6,21.64675409
2023,7,1,1,4,303,5.4,27.18591092
2023,7,1,1,4,302,6.5,31.18036847
2023,7,1,1,4,234,4.8,15.75908892
2023,7,1,1,4,261,5,19.65659501
2023,7,1,1,4,179,NA,11.53300465
2023,7,1,1,4,178,NA,11.3938648
2023,7,1,1,4,264,4,17.18013067
2023,7,1,1,4,195,NA,13.91577251
2023,7,1,1,4,227,5,15.48533309
2023,7,1,1,4,103,NA,3.840468953
2023,7,1,1,4,290,5.9,26.88254616
2023,7,1,1,4,306,6.1,30.31355614
2023,7,1,1,4,175,NA,10.98316879
2023,7,1,1,4,306,5.4,27.67963101
2023,7,1,1,4,225,6.1,18.28547045
2023,7,1,1,4,225,7,21.03892534
2023,7,1,1,4,308,7.3,35.58767825
2023,7,1,1,4,310,5.9,30.23660817
2023,7,1,1,4,315,6.1,31.90756887
2023,7,1,1,4,161,NA,9.196684962
2023,7,1,1,4,365,6.9,45.58982913
2023,7,1,1,4,104,NA,3.90797795
2023,7,1,1,4,300,6.4,30.436996
2023,7,1,1,4,243,4,14.72545087
2023,7,1,1,4,368,6.6,44.80799937
2023,7,1,1,4,315,5.7,30.33880114
2023,7,1,1,4,238,5,16.76269162
2023,7,1,1,4,298,5.8,27.82290132
2023,7,1,1,4,181,NA,11.81467345
2023,7,1,1,4,357,7.2,45.25909113
2023,7,1,1,4,374,8.2,54.45881888
2023,7,1,1,4,111,NA,4.402818871
2023,7,1,1,4,152,NA,8.157297016
2023,7,1,1,4,225,5.6,16.86516036
2023,7,1,1,4,280,5.2,22.93306219
2023,7,1,1,4,302,6.5,31.18036847
2023,7,1,1,4,283,6.2,26.84447835
2023,7,1,1,4,256,5.8,21.44682706
2023,7,1,1,4,380,7.6,52.70514476
2023,7,1,1,4,295,5.9,27.69650108
2023,7,1,1,4,272,5,21.1510756
2023,7,1,1,4,336,5.2,32.15260352
2023,7,1,1,4,256,5.6,20.81686479
2023,7,1,1,4,274,4.7,20.50164811
2023,7,1,1,4,370,6.9,46.72825351
2023,7,1,1,4,285,4.6,21.72861315
2023,7,1,1,4,209,5,13.53794832
2023,7,1,1,4,164,NA,9.561814948
2023,7,1,1,4,298,5.4,26.37615136
2023,7,1,1,4,320,6.1,32.81680398
2023,7,1,1,4,208,4.7,12.72730303
2023,7,1,1,4,229,4.7,14.93661623
2023,7,1,1,4,305,6.1,30.1397935
2023,7,1,1,4,240,5.4,18.12738104
2023,7,1,1,4,183,NA,12.10089141
2023,7,1,1,4,220,4.7,13.96087649
2023,7,1,1,4,292,5.1,24.39590465
2023,7,1,1,4,335,6.6,37.80818575
2023,7,1,1,4,240,5.7,19.00306322
2023,7,1,1,4,267,5.4,21.71178598
2023,7,1,1,4,292,5,24.05887017
2023,7,1,1,4,214,3.9,11.51965031
2023,7,1,1,4,286,6.4,28.06818288
2023,7,1,1,4,360,7.7,48.44345045
2023,7,1,1,4,315,6.2,32.30803363
2023,7,1,1,4,360,6.7,43.51186001
2023,7,1,1,4,308,6.4,31.84859789
2023,7,1,1,4,315,7.7,38.72317652
2023,7,1,1,4,370,9,57.9210937
2023,7,1,1,4,142,NA,7.097770017
2023,7,1,1,4,286,4.8,22.50970867
2023,7,1,1,4,340,6.5,38.37302267
2023,7,1,1,4,251,4.8,17.79110882
2023,7,1,1,4,235,4.6,15.35227742
2023,7,1,1,4,176,NA,11.11895143
2023,7,1,1,4,375,7.3,49.9205244
2023,7,1,1,4,305,6.5,31.71240294
2023,7,1,1,4,261,4.8,19.06426683
2023,7,1,1,4,183,NA,12.10089141
2023,7,1,1,4,270,6.9,27.32627361
2023,7,1,1,4,263,4.8,19.32597539
2023,7,1,1,4,330,5.5,32.24219159
2023,7,1,1,4,345,7.8,45.53512737
2023,7,1,1,4,323,7.3,38.51907683
2023,7,1,1,4,295,5.5,26.25135744
2023,7,1,1,4,280,5.4,23.59431554
2023,7,1,1,4,340,7.8,44.4312485
2023,7,1,1,4,173,NA,10.71492884
2023,7,1,1,4,310,5.8,29.85220542
2023,7,1,1,4,278,5,21.99727772
2023,7,1,1,4,340,6.2,37.05801417
2023,7,1,1,4,180,NA,11.67327268
2023,7,1,1,4,320,7.2,37.47618917
2023,7,1,1,4,320,7.7,39.73229719
2023,7,1,1,4,240,5.4,18.12738104
2023,7,1,1,4,298,6,28.5657037
2023,7,1,1,4,335,7.1,40.05412494
2023,7,1,1,4,305,6.5,31.71240294
2023,7,1,1,4,256,5.2,19.59419101
2023,7,1,1,4,325,6.5,35.41472512
2023,7,1,1,4,220,4.2,12.77377504
2023,7,1,1,4,365,6.9,45.58982913
2023,7,1,1,4,325,5.4,30.94597151
2023,7,1,1,4,243,4.9,17.08861871
2023,7,1,1,4,270,5.5,22.46051222
2023,7,1,1,4,230,7.1,22.04720129
2023,7,1,1,4,242,5.3,18.09016944
2023,7,1,1,4,228,5.3,16.39771978
2023,7,1,1,4,350,8.4,49.73264528
2023,7,1,1,4,178,NA,11.3938648
2023,7,1,1,4,241,5.3,17.9655882
2023,7,1,1,4,178,NA,11.3938648
2023,7,1,1,4,405,7.6,59.10078183
2023,7,1,1,4,370,8.7,56.2232646
2023,7,1,1,4,335,6.6,37.80818575
2023,7,1,1,4,198,NA,14.3962093
2023,7,1,1,4,230,6.1,18.91398441
2023,7,1,1,4,315,6.5,33.52950424
2023,7,1,1,4,400,6.7,52.89831208
2023,7,1,1,4,322,6.8,36.11996575
2023,7,1,1,4,330,5.9,33.85865794
2023,7,1,1,4,193,NA,13.60149424
2023,7,1,1,4,373,5.6,41.22269521
2023,7,1,1,4,380,7.9,54.3203001
2023,7,1,1,4,163,NA,9.439051176
2023,7,1,1,4,235,4.2,14.34319203
2023,7,1,1,4,266,6.3,24.55470812
2023,7,1,1,4,355,6.7,42.42327488
2023,7,1,1,4,370,8.4,54.55894272
2023,7,1,1,4,101,NA,3.707792329
2023,7,1,1,4,242,5.5,18.66935577
2023,7,1,1,4,280,6.5,27.45944689
2023,7,1,1,4,265,5.4,21.43137126
2023,7,1,1,4,332,4.3,28.0410943
2023,7,1,1,4,330,6.3,35.52826885
2023,7,1,1,4,335,6.7,38.25047508
2023,7,1,1,4,347,7.1,42.58385434
2023,7,1,1,4,280,5.7,24.60983976
2023,7,1,1,4,177,NA,11.25584858
2023,7,1,1,4,261,5.8,22.14857778
2023,7,1,1,4,219,4.5,13.37403154
2023,7,1,1,4,335,5.8,34.3919702
2023,7,1,1,4,325,7.2,38.47119345
2023,7,1,1,4,285,5.5,24.68766144
2023,7,1,1,4,350,7.4,44.67890984
2023,7,1,1,4,219,4.1,12.44544706
2023,7,1,1,4,300,7.2,33.66771287
2023,7,1,1,4,250,4.5,16.83842372
2023,7,1,1,4,305,6.2,30.52795408
2023,7,1,1,4,145,NA,7.405344698
2023,7,1,1,4,290,5,23.75679302
2023,7,1,1,4,300,6.7,31.62309309
2023,7,1,1,4,245,5.2,18.17891227
2023,7,1,1,4,310,5.2,27.61400867
2023,7,1,1,4,302,5.8,28.48876845
2023,7,1,1,4,300,5.7,27.78557435
2023,7,1,1,4,160,NA,9.077073411
2023,7,1,1,4,250,5.3,19.10761622
2023,8,0,0,1,148,NA,7.721679073
2023,8,0,0,1,102,NA,3.773741931
2023,8,0,0,1,169,NA,10.19162268
2023,8,0,0,1,194,NA,13.75803512
2023,8,0,0,1,180,NA,11.67327268
2023,8,0,0,1,163,NA,9.439051176
2023,8,0,0,1,158,NA,8.840970641
2023,8,0,0,1,199,NA,14.55877829
2023,8,0,0,1,240,6.6,21.79838141
2023,8,0,0,1,65,NA,1.812939137
2023,8,0,0,1,181,NA,11.81467345
2023,8,0,0,1,222,5.9,17.34460679
2023,8,0,0,1,146,NA,7.509810116
2023,8,0,0,1,174,NA,10.84849611
2023,8,0,0,1,205,5.6,14.60187854
2023,8,0,0,1,180,NA,11.67327268
2023,8,0,0,1,302,7.7,36.17974156
2023,8,0,0,1,190,NA,13.13900512
2023,8,0,0,1,197,NA,14.23485505
2023,8,0,0,1,99,NA,3.578207161
2023,8,0,0,1,239,6.7,21.9853226
2023,8,0,0,1,228,5.6,17.22359343
2023,8,0,0,1,224,5.8,17.3034949
2023,8,0,0,1,197,NA,14.23485505
2023,8,0,0,1,166,NA,9.810526601
2023,8,0,0,1,226,6,18.11870238
2023,8,0,0,1,221,5.6,16.39503313
2023,8,0,0,1,148,NA,7.721679073
2023,8,0,0,1,145,NA,7.405344698
2023,8,0,0,1,174,NA,10.84849611
2023,8,0,0,1,213,6.2,17.11391386
2023,8,0,0,1,163,NA,9.439051176
2023,8,0,0,1,169,NA,10.19162268
2023,8,0,0,1,225,5.2,15.78338594
2023,8,0,0,1,220,6,17.38649734
2023,8,0,0,1,172,NA,10.58246241
2023,8,0,0,1,171,NA,10.45109228
2023,8,0,0,1,66,NA,1.853935498
2023,8,0,0,1,182,NA,11.95721151
2023,8,0,0,1,172,NA,10.58246241
2023,8,0,0,1,292,7,31.41135594
2023,8,0,0,1,208,5.4,14.41833539
2023,8,0,0,1,99,NA,3.578207161
2023,8,0,0,1,242,6.5,21.75132862
2023,8,0,0,1,216,5.2,14.77789777
2023,8,0,0,1,139,NA,6.798832036
2023,8,0,0,1,148,NA,7.721679073
2023,8,0,0,1,145,NA,7.405344698
2023,8,0,0,1,173,NA,10.71492884
2023,8,0,0,1,210,5.2,14.13187471
2023,8,0,0,1,210,6.3,17.03958541
2023,8,0,0,1,177,NA,11.25584858
2023,8,0,0,1,165,NA,9.685638572
2023,8,0,0,1,72,NA,2.112955067
2023,8,0,0,1,115,NA,4.703490082
2023,8,0,0,1,234,5.8,18.53492801
2023,9,1,1,4,89,NA,2.975377677
2023,9,1,1,4,159,NA,8.958503489
2023,9,1,1,4,208,5.5,14.67149112
2023,9,1,1,4,190,NA,13.13900512
2023,9,1,1,4,141,NA,6.997170463
2023,9,1,1,4,189,NA,12.98720474
2023,9,1,1,4,200,5.5,13.82222141
2023,9,1,1,4,125,NA,5.51437059
2023,9,1,1,4,191,NA,13.2919838
2023,9,1,1,4,129,NA,5.863169083
2023,9,1,1,4,151,NA,8.046896138
2023,9,1,1,4,170,NA,10.32081389
2023,9,1,1,4,206,6.3,16.57104431
2023,9,1,1,4,143,NA,7.199329203
2023,9,1,1,4,134,NA,6.319460677
2023,9,1,1,4,163,NA,9.439051176
2023,9,1,1,4,157,NA,8.724470312
2023,9,1,1,4,170,NA,10.32081389
2023,9,1,1,4,173,NA,10.71492884
2023,9,1,1,4,201,5.2,13.19857663
2023,9,1,1,4,196,NA,14.07471097
2023,9,1,1,4,136,NA,6.508407761
2023,9,1,1,4,223,6.6,19.52447077
2023,9,1,1,4,182,NA,11.95721151
2023,9,1,1,4,134,NA,6.319460677
2023,9,1,1,4,127,NA,5.68698723
2023,9,1,1,4,212,5.3,14.59674346
2023,9,1,1,4,138,NA,6.701084051
2023,9,1,1,4,147,NA,7.61525339
2023,9,1,1,4,250,6.8,23.8948762
2023,9,1,1,4,220,5.4,15.74316761
2023,9,1,1,4,204,5.4,13.99383518
2023,9,1,1,4,99,NA,3.578207161
2023,9,1,1,4,193,NA,13.60149424
2023,9,1,1,4,94,NA,3.26753021
2023,9,1,1,4,138,NA,6.701084051
2023,9,1,1,4,90,NA,3.032353562
2023,9,1,1,4,122,NA,5.262050685
2023,9,1,1,4,179,NA,11.53300465
2023,9,1,1,4,158,NA,8.840970641
2023,9,1,1,4,135,NA,6.413470346
2023,9,1,1,4,154,NA,8.381118886
2023,9,1,1,4,111,NA,4.402818871
2023,9,1,1,4,151,NA,8.046896138
2023,9,1,1,4,147,NA,7.61525339
2023,9,1,1,4,174,NA,10.84849611
2023,9,1,1,4,125,NA,5.51437059
2023,9,1,1,4,204,6.2,16.0672941
2023,9,1,1,4,184,NA,12.24571772
2023,9,1,1,4,197,NA,14.23485505
2023,9,1,1,4,118,NA,4.937762257
2023,9,1,1,4,161,NA,9.196684962
2023,9,1,1,4,195,NA,13.91577251
2023,9,1,1,4,181,NA,11.81467345
2023,9,1,1,4,225,7.4,22.3465168
2023,9,1,1,4,153,NA,8.26870308
2023,9,1,1,4,174,NA,10.84849611
2023,10,1,0,3,207,5.6,14.81848896
2023,10,1,0,3,135,NA,6.413470346
2023,10,1,0,3,187,NA,12.68712061
2023,10,1,0,3,115,NA,4.703490082
2023,10,1,0,3,140,NA,6.897525988
2023,10,1,0,3,195,NA,13.91577251
2023,10,1,0,3,125,NA,5.51437059
2023,10,1,0,3,97,NA,3.451677008
2023,10,1,0,3,191,NA,13.2919838
2023,10,1,0,3,162,NA,9.317342699
2023,10,1,0,3,168,NA,10.0635141
2023,10,1,0,3,139,NA,6.798832036
2023,10,1,0,3,141,NA,6.997170463
2023,10,1,0,3,27,6,2.966588368
2023,10,1,0,3,133,NA,6.226374199
2023,10,1,0,3,178,NA,11.3938648
2023,10,1,0,3,125,NA,5.51437059
2023,10,1,0,3,101,NA,3.707792329
2023,10,1,0,3,150,NA,7.937495892
2023,10,1,0,3,150,NA,7.937495892
2023,10,1,0,3,140,NA,6.897525988
2023,10,1,0,3,164,NA,9.561814948
2023,10,1,0,3,107,NA,4.115242342
2023,10,1,0,3,147,NA,7.61525339
2023,10,1,0,3,126,NA,5.600235536
2023,10,1,0,3,96,NA,3.389546173
2023,10,1,0,3,153,NA,8.26870308
2023,10,1,0,3,106,NA,4.045360089
2023,10,1,0,3,207,6.2,16.41128098
2023,10,1,0,3,170,NA,10.32081389
2023,10,1,0,3,182,NA,11.95721151
2023,10,1,0,3,140,NA,6.897525988
2023,10,1,0,3,186,NA,12.53882777
2023,10,1,0,3,170,NA,10.32081389
2023,10,1,0,3,150,NA,7.937495892
2023,10,1,0,3,172,NA,10.58246241
2023,10,1,0,3,141,NA,6.997170463
2023,10,1,0,3,108,NA,4.185924792
2023,10,1,0,3,121,NA,5.179687177
2023,10,1,0,3,127,NA,5.68698723
2023,10,1,0,3,133,NA,6.226374199
2023,10,1,0,3,133,NA,6.226374199
2023,10,1,0,3,149,NA,7.829091722
2023,10,1,0,3,182,NA,11.95721151
2023,10,1,0,3,163,NA,9.439051176
2023,10,1,0,3,121,NA,5.179687177
2023,10,1,0,3,117,NA,4.858827301
2023,10,1,0,3,123,NA,5.34528272
2023,10,1,0,3,86,NA,2.808741
2023,10,1,0,3,119,NA,5.017547518
2023,10,1,0,3,92,NA,3.148478154
2023,10,1,0,3,135,NA,6.413470346
2023,10,1,0,3,153,NA,8.26870308
2023,10,1,0,3,177,NA,11.25584858
2023,10,1,0,3,113,NA,4.55149942
2023,10,1,0,3,182,NA,11.95721151
2023,10,1,0,3,109,NA,4.257411993
2023,11,0,0,1,236,5.4,17.63252925
2023,11,0,0,1,144,NA,7.301852578
2023,11,0,0,1,155,NA,8.49454899
2023,11,0,0,1,262,6.8,25.70283805
2023,11,0,0,1,292,7.6,33.87768167
2023,11,0,0,1,249,6.5,22.73680252
2023,11,0,0,1,158,NA,8.840970641
2023,11,0,0,1,243,5.7,19.39049917
2023,11,0,0,1,258,7.2,26.52797947
2023,11,0,0,1,239,6,19.77506646
2023,11,0,0,1,278,6.5,27.13667763
2023,11,0,0,1,107,NA,4.115242342
2023,11,0,0,1,273,6.5,26.34084182
2023,11,0,0,1,198,NA,14.3962093
2023,11,0,0,1,238,6.2,20.25751535
2023,11,0,0,1,221,5.8,16.94500245
2023,11,0,0,1,202,5.3,13.54101973
2023,11,0,0,1,208,5.7,15.18665775
2023,11,0,0,1,210,5.5,14.88910949
2023,11,0,0,1,310,6.9,34.26366482
2023,11,0,0,1,255,6.2,22.60138691
2023,11,0,0,1,192,NA,13.44614532
2023,11,0,0,1,251,5.4,19.53577528
2023,11,0,0,1,229,5.7,17.62664852
2023,11,0,0,1,252,6.4,22.83393843
2023,11,0,0,1,273,7.2,28.94828243
2023,11,0,0,1,261,7.1,26.63278082
2023,11,0,0,1,149,NA,7.829091722
2023,11,0,0,1,289,7.4,32.50221271
2023,11,0,0,1,172,NA,10.58246241
2023,11,0,0,1,270,7.1,28.07399721
2023,11,0,0,1,249,6.5,22.73680252
2023,11,0,0,1,259,5.8,21.86606936
2023,11,0,0,1,297,7.9,36.1013862
2023,11,0,0,1,181,NA,11.81467345
2023,11,0,0,1,261,5.6,21.50693513
2023,11,0,0,1,268,5.3,21.53483562
2023,11,0,0,1,140,NA,6.897525988
2023,11,0,0,1,271,7.1,28.23726905
2023,11,0,0,1,231,5.2,16.47843207
2023,11,0,0,1,263,6.6,25.14664023
2023,11,0,0,1,171,NA,10.45109228
2023,11,0,0,1,144,NA,7.301852578
2023,11,0,0,1,225,5.7,17.14311473
2023,11,0,0,1,103,NA,3.840468953
2023,11,0,0,1,267,7.2,27.96324174
2023,11,0,0,1,150,NA,7.937495892
2023,11,0,0,1,305,7,33.75388891
2023,11,0,0,1,162,NA,9.317342699
2023,11,0,0,1,118,NA,4.937762257
2023,11,0,0,1,165,NA,9.685638572
2023,11,0,0,1,253,6.4,22.97772613
2023,11,0,0,1,252,6.2,22.17528496
2023,11,0,0,1,226,6.6,19.91366445
2023,11,0,0,1,175,NA,10.98316879
2023,11,0,0,1,150,7.2,12.94937406
2023,11,0,0,1,189,NA,12.98720474
2023,11,0,0,1,198,NA,14.3962093
2023,11,0,0,1,161,NA,9.196684962
2023,11,0,0,1,195,NA,13.91577251
2023,11,0,0,1,134,NA,6.319460677
2023,11,0,0,1,198,NA,14.3962093
2023,11,0,0,1,225,5.3,16.04935609
2023,11,0,0,1,149,NA,7.829091722
2023,11,0,0,1,175,NA,10.98316879
2023,11,0,0,1,226,6.1,18.41004172
2023,11,0,0,1,189,NA,12.98720474
2023,11,0,0,1,176,NA,11.11895143
2023,11,0,0,1,247,6.2,21.47707465
2023,11,0,0,1,201,5,12.7276421
2023,11,0,0,1,167,NA,9.936483593
2023,11,0,0,1,240,5.3,17.84158025
2023,11,0,0,1,238,5.4,17.87881378
2023,11,0,0,1,179,NA,11.53300465
2023,11,0,0,1,73,NA,2.158341079
2023,11,0,0,1,142,NA,7.097770017
2023,11,0,0,1,155,NA,8.49454899
2023,12,0,1,2,202,5.1,13.06221993
2023,12,0,1,2,235,7.2,23.08503209
2023,12,0,1,2,264,6.5,24.9478307
2023,12,0,1,2,260,6.3,23.66078486
2023,12,0,1,2,285,6.7,29.0349104
2023,12,0,1,2,251,5.4,19.53577528
2023,12,0,1,2,240,6,19.90650196
2023,12,0,1,2,239,6.3,20.70322209
2023,12,0,1,2,204,5.3,13.74794838
2023,12,0,1,2,292,7.2,32.21967626
2023,12,0,1,2,300,7,32.83961066
2023,12,0,1,2,256,6.6,24.09374858
2023,12,0,1,2,300,7.7,35.79861729
2023,12,0,1,2,237,5.9,19.21312815
2023,12,0,1,2,236,6.3,20.30199352
2023,12,0,1,2,310,6.7,33.43129546
2023,12,0,1,2,317,7.4,37.77187013
2023,12,0,1,2,350,8.8,51.85629179
2023,12,0,1,2,264,6.1,23.57369679
2023,12,0,1,2,253,6.4,22.97772613
2023,12,0,1,2,151,NA,8.046896138
2023,12,0,1,2,295,7.3,33.17074019
2023,12,0,1,2,297,6.5,30.30692566
2023,12,0,1,2,300,7.3,34.08693392
2023,12,0,1,2,187,NA,12.68712061
2023,12,0,1,2,317,8.2,41.45067301
2023,12,0,1,2,277,7,28.84615237
2023,12,0,1,2,153,NA,8.26870308
2023,12,0,1,2,235,5.9,18.95659903
2023,12,0,1,2,274,6,24.72945674
2023,12,0,1,2,141,NA,6.997170463
2023,12,0,1,2,246,5.9,20.39616907
2023,12,0,1,2,233,6.1,19.29791767
2023,12,0,1,2,259,6.2,23.17796572
2023,12,0,1,2,231,5.8,18.1595634
2023,12,0,1,2,339,7.7,43.72673506
2023,12,0,1,2,340,8.3,46.92118741
2023,12,0,1,2,204,5.7,14.74905127
2023,12,0,1,2,295,6.4,29.57628597
2023,12,0,1,2,293,6.5,29.62003433
2023,12,0,1,2,172,NA,10.58246241
2023,12,0,1,2,163,NA,9.439051176
2023,12,0,1,2,230,5.4,16.90726673
2023,12,0,1,2,155,NA,8.49454899
2023,12,0,1,2,210,5.3,14.38136146
2023,12,0,1,2,215,5.2,14.66888819
2023,12,0,1,2,195,NA,13.91577251
2023,12,0,1,2,226,5.5,16.70802564
2023,12,0,1,2,395,8.3,60.43874897
2023,12,0,1,2,160,NA,9.077073411
2023,12,0,1,2,202,5,12.82711182
2023,12,0,1,2,250,5.3,19.10761622
2023,12,0,1,2,232,5.9,18.57610269
2023,12,0,1,2,173,NA,10.71492884
2023,12,0,1,2,242,7.8,26.24135241
2023,12,0,1,2,109,NA,4.257411993
2023,12,0,1,2,202,5.7,14.53343633
2023,12,0,1,2,245,6.9,23.50623526
2023,12,0,1,2,234,7.4,23.62407666
2023,12,0,1,2,194,NA,13.75803512
2023,12,0,1,2,190,NA,13.13900512
2023,12,0,1,2,310,8.3,40.48019245
2023,12,0,1,2,297,7.7,35.23196417
2023,12,0,1,2,294,5.9,27.53241393
2023,12,0,1,2,270,5.6,22.78718374
2023,12,0,1,2,291,6.1,27.77639211
2023,12,0,1,2,292,6.1,27.94095671
2023,12,0,1,2,300,6.6,31.22436636
2023,12,0,1,2,271,6,24.27558907
2023,12,0,1,2,337,7.3,41.39635488
2023,12,0,1,2,260,4.8,18.93430325
2023,12,0,1,2,260,6.8,25.39539019
2023,12,0,1,2,253,5.5,20.10317081
2023,12,0,1,2,293,6.7,30.39693622
2023,12,0,1,2,301,7.7,35.98884308
2023,12,0,1,2,282,7.3,30.86578782
2023,12,0,1,2,240,5.5,18.41621777
2023,12,0,1,2,325,7.7,40.758799
2023,12,0,1,2,270,6.9,27.32627361
2023,12,0,1,2,302,8,37.50795602
2023,12,0,1,2,217,5.9,16.74981449
2023,12,0,1,2,295,7.3,33.17074019
2023,12,0,1,2,277,7,28.84615237
2023,12,0,1,2,267,6.2,24.36037522
2023,12,0,1,2,220,6.1,17.67103677
2023,12,0,1,2,178,NA,11.3938648
2023,12,0,1,2,232,5.9,18.57610269
2023,12,0,1,2,243,5.8,19.69198526
2023,12,0,1,2,272,7.6,30.34208663
2023,12,0,1,2,285,6.9,29.80567947
2023,12,0,1,2,253,5.2,19.20117816
2023,12,0,1,2,286,6,26.60149532
2023,12,0,1,2,287,5.8,26.04543777
2023,12,0,1,2,262,6.1,23.28047078
2023,12,0,1,2,287,6.2,27.49082927
2023,12,0,1,2,234,5.3,17.10949747
2023,12,0,1,2,302,6.7,31.97938142
2023,12,0,1,2,290,6.2,27.98234259
2023,12,0,1,2,300,7.7,35.79861729
2023,12,0,1,2,221,5.1,15.07245244
2023,12,0,1,2,303,7.5,35.50099139
2023,12,0,1,2,306,6.3,31.09565091
2023,12,0,1,2,253,6.5,23.31306913
2023,12,0,1,2,185,NA,12.39169499
2023,12,0,1,2,302,7.5,35.31191789
2023,12,0,1,2,255,5.3,19.76249596
2023,12,0,1,2,242,6.6,22.07696051
2023,12,0,1,2,265,6.1,23.72122863
2023,12,0,1,2,292,5.6,26.12836211
2023,12,0,1,2,272,5.6,23.0784162
2023,12,0,1,2,302,6.8,32.38395634
2023,12,0,1,2,332,7.7,42.22538444
2023,12,0,1,2,275,6.2,25.58232928
2023,12,0,1,2,155,NA,8.49454899
2023,12,0,1,2,291,7.3,32.44971994
2023,12,0,1,2,246,7.5,25.76207687
2023,12,0,1,2,172,NA,10.58246241
2023,12,0,1,2,192,NA,13.44614532
2023,12,0,1,2,302,7.3,34.45808372
2023,12,0,1,2,261,6.4,24.14981874
2023,12,0,1,2,205,5.7,14.85765387
2023,12,0,1,2,280,6.6,27.83039088
2023,12,0,1,2,171,NA,10.45109228
2023,12,0,1,2,315,7.4,37.37784238
2023,12,0,1,2,196,NA,14.07471097
2023,12,0,1,2,287,5.8,26.04543777
2023,12,0,1,2,300,8.4,38.93023702
2023,12,0,1,2,292,6.9,31.01231565
2023,12,0,1,2,303,6.3,30.56899723
2023,12,0,1,2,253,4.9,18.32657778
2023,12,0,1,2,257,4.8,18.5479591
2023,12,0,1,2,210,5.4,14.6337674
2023,12,0,1,2,282,6.2,26.68448932
2023,12,0,1,2,280,7.7,32.13353735
2023,12,0,1,2,255,7.2,26.06070721
2023,12,0,1,2,326,7,37.77924965
2023,12,0,1,2,251,5.1,18.64984333
2023,12,0,1,2,351,8.3,49.44394033
2023,12,0,1,2,280,5.8,24.95471232
2023,12,0,1,2,291,5.8,26.68274672
2023,12,0,1,2,251,7.3,25.80561403
2023,12,0,1,2,282,6.5,27.78476546
2023,12,0,1,2,183,NA,12.10089141
2023,12,0,1,2,266,7.7,29.72271199
2023,12,0,1,2,257,7.2,26.37160674
2023,12,0,1,2,245,6,20.57242172
2023,12,0,1,2,262,5.5,21.32946546
2023,12,0,1,2,285,4.8,22.36450592
2023,12,0,1,2,292,4.7,23.06641987
2023,12,0,1,2,262,4.5,18.32540607
2023,12,0,1,2,230,5.7,17.7489362
2023,12,0,1,2,304,6.8,32.74538212
2023,12,0,1,2,292,6.7,30.22440231
2023,12,0,1,2,265,5.9,23.05113528
2023,12,0,1,2,278,6.7,27.87704378
2023,12,0,1,2,265,6.1,23.72122863
2023,12,0,1,2,207,5.8,15.33739929
2023,12,0,1,2,235,5.5,17.79340624
2023,12,0,1,2,282,6.7,28.53483421
2023,12,0,1,2,285,6,26.44200228
2023,12,0,1,2,272,7.4,29.55544997
2023,12,0,1,2,260,6,22.6589492
2023,12,0,1,2,252,5.5,19.96989176
2023,12,0,1,2,200,5.2,13.09748858
2023,12,0,1,2,300,7.5,34.93578723
2023,12,0,1,2,276,6.6,27.18255222
2023,12,0,1,2,275,6.3,25.93737191
2023,12,0,1,2,312,7.5,37.23311376
2023,12,0,1,2,291,6.8,30.44356325
2023,12,0,1,2,222,8.2,24.67821033
2023,12,0,1,2,324,7.9,41.48941876
2023,12,0,1,2,330,7.3,39.94044445
2023,12,0,1,2,297,6.2,29.15191487
2023,12,0,1,2,285,6,26.44200228
2023,12,0,1,2,322,7.1,37.42887675
2023,12,0,1,2,335,8.1,44.80935039
2023,12,0,1,2,270,5.7,23.11700746
2023,12,0,1,2,265,5.6,22.06984426
2023,12,0,1,2,210,4.7,12.92763434
2023,12,0,1,2,275,6,24.88199363
2023,12,0,1,2,280,6.8,28.58227086
2023,12,0,1,2,261,5.9,22.47413016
2023,12,0,1,2,255,5.6,20.68064648
2023,12,0,1,2,257,6.7,24.58893465
2023,12,0,1,2,164,NA,9.561814948
2023,12,0,1,2,301,7.2,33.85171044
2023,12,0,1,2,302,7,33.2033141
2023,12,0,1,2,322,8.3,42.98066148
2023,12,0,1,2,296,7.2,32.93838988
2023,12,0,1,2,227,6.3,19.12947714
2023,12,0,1,2,201,5.5,13.92653856
2023,12,0,1,2,298,6.7,31.26946095
2023,12,0,1,2,302,7.8,36.61893497
2023,12,0,1,2,257,6,22.23086078
2023,12,0,1,2,260,6.4,24.00117684
2023,12,0,1,2,300,7.5,34.93578723
2023,12,0,1,2,207,4.9,13.09463229
2023,12,0,1,2,225,5.2,15.78338594
2023,12,0,1,2,315,7.1,36.06403482
2023,12,0,1,2,343,7.6,44.11299975
2023,12,0,1,2,325,7.1,38.02419513
2023,12,0,1,2,204,5.4,13.99383518
2023,12,0,1,2,226,5.8,17.54527711
2023,12,0,1,2,315,7.9,39.6377653
2023,12,0,1,2,220,5.1,14.96183592
2023,12,0,1,2,240,5.5,18.41621777
2023,12,0,1,2,235,5.1,16.67879707
2024,1,0,0,1,240,5.6,18.70810648
2024,1,0,0,1,132,NA,6.134206355
2024,1,0,0,1,38,NA,0.921267579
2024,1,0,0,1,302,6.9,32.79192916
2024,1,0,0,1,146,NA,7.509810116
2024,1,0,0,1,285,7.2,30.98722245
2024,1,0,0,1,350,8.8,51.85629179
2024,1,0,0,1,295,6.6,30.3513914
2024,1,0,0,1,171,NA,10.45109228
2024,1,0,0,1,123,NA,5.34528272
2024,1,0,0,1,198,NA,14.3962093
2024,1,0,0,1,247,7.1,24.49031833
2024,1,0,0,1,247,9.2,32.58893252
2024,1,0,0,1,286,8.1,34.90360568
2024,1,0,0,1,305,8.2,39.00682315
2024,1,0,0,1,261,7.6,28.50679947
2024,1,0,0,1,281,6.1,26.1661443
2024,1,0,0,1,277,7.5,30.80053238
2024,1,0,0,1,281,8.6,36.15561802
2024,1,0,0,1,131,NA,6.042952592
2024,1,0,0,1,200,7.1,18.14225017
2024,1,0,0,1,85,NA,2.754610583
2024,1,0,0,1,119,NA,5.017547518
2024,1,0,0,1,290,2.1,15.34707054
2024,1,0,0,1,144,NA,7.301852578
2024,1,0,0,1,218,7.5,21.71227831
2024,1,0,0,1,206,5.9,15.48946538
2024,2,1,0,3,160,NA,9.077073411
2024,2,1,0,3,162,NA,9.317342699
2024,2,1,0,3,172,NA,10.58246241
2024,2,1,0,3,223,5.6,16.62898916
2024,2,1,0,3,182,NA,11.95721151
2024,2,1,0,3,167,NA,9.936483593
2024,2,1,0,3,103,NA,3.840468953
2024,2,1,0,3,229,5.4,16.78835786
2024,2,1,0,3,159,NA,8.958503489
2024,2,1,0,3,148,NA,7.721679073
2024,2,1,0,3,213,5.5,15.21955536
2024,2,1,0,3,148,NA,7.721679073
2024,2,1,0,3,164,NA,9.561814948
2024,2,1,0,3,206,5.4,14.20502816
2024,2,1,0,3,175,NA,10.98316879
2024,2,1,0,3,185,NA,12.39169499
2024,2,1,0,3,206,4.9,12.9936356
2024,2,1,0,3,209,5,13.53794832
2024,2,1,0,3,222,5.2,15.44331494
2024,2,1,0,3,177,NA,11.25584858
2024,2,1,0,3,152,NA,8.157297016
2024,2,1,0,3,103,NA,3.840468953
2024,2,1,0,3,272,6.5,26.18356532
2024,2,1,0,3,153,NA,8.26870308
2024,2,1,0,3,141,NA,6.997170463
2024,2,1,0,3,200,4.8,12.17120952
2024,2,1,0,3,175,NA,10.98316879
2024,2,1,0,3,113,NA,4.55149942
2024,2,1,0,3,94,NA,3.26753021
2024,2,1,0,3,150,NA,7.937495892
2024,2,1,0,3,132,NA,6.134206355
2024,2,1,0,3,113,NA,4.55149942
2024,2,1,0,3,93,NA,3.207635971
2024,2,1,0,3,204,4.9,12.79320284
2024,2,1,0,3,116,NA,4.780738094
2024,2,1,0,3,155,NA,8.49454899
2024,2,1,0,3,232,4.7,15.27168867
2024,2,1,0,3,113,NA,4.55149942
2024,2,1,0,3,196,NA,14.07471097
2024,2,1,0,3,109,NA,4.257411993
2024,2,1,0,3,139,NA,6.798832036
2024,2,1,0,3,182,NA,11.95721151
2024,2,1,0,3,131,NA,6.042952592
2024,2,1,0,3,177,NA,11.25584858
2024,2,1,0,3,165,NA,9.685638572
2024,2,1,0,3,181,NA,11.81467345
2024,2,1,0,3,167,NA,9.936483593
2024,2,1,0,3,215,5,14.16774448
2024,2,1,0,3,251,5.8,20.76005786
2024,2,1,0,3,179,NA,11.53300465
2024,2,1,0,3,114,NA,4.627078709
2024,2,1,0,3,278,6.8,28.25222386
2024,2,1,0,3,165,NA,9.685638572
2024,2,1,0,3,106,NA,4.045360089
2024,2,1,0,3,162,NA,9.317342699
2024,2,1,0,3,308,7.9,38.23630093
2024,2,1,0,3,131,NA,6.042952592
2024,2,1,0,3,298,6.6,30.87319543
2024,2,1,0,3,305,5.7,28.62005306
2024,2,1,0,3,251,5.8,20.76005786
2024,2,1,0,3,145,NA,7.405344698
2024,2,1,0,3,165,NA,9.685638572
2024,2,1,0,3,206,5,13.23017318
2024,2,1,0,3,192,NA,13.44614532
2024,2,1,0,3,241,6.2,20.65876001
2024,2,1,0,3,288,6.8,29.92816261
2024,2,1,0,3,286,5.7,25.53565937
2024,2,1,0,3,205,4.3,11.53923198
2024,2,1,0,3,285,6.3,27.53346619
2024,2,1,0,3,102,NA,3.773741931
2024,2,1,0,3,204,4.3,11.44560057
2024,2,1,0,3,85,NA,2.754610583
2024,2,1,0,3,191,NA,13.2919838
2024,2,1,0,3,152,NA,8.157297016
2024,2,1,0,3,213,5,13.95568942
2024,2,1,0,3,175,NA,10.98316879
2024,2,1,0,3,194,NA,13.75803512
2024,2,1,0,3,252,6,21.52942092
2024,2,1,0,3,289,6.7,29.71072025
2024,2,1,0,3,238,4.9,16.49111464
2024,2,1,0,3,209,4.5,12.36747696
2024,2,1,0,3,157,NA,8.724470312
2024,2,1,0,3,264,6.1,23.57369679
2024,2,1,0,3,142,NA,7.097770017
2024,2,1,0,3,242,6.1,20.48081993
2024,2,1,0,3,263,6,23.0924983
2024,2,1,0,3,310,7.4,36.40478253
2024,2,1,0,3,117,NA,4.858827301
2024,2,1,0,3,253,5.3,19.49877794
2024,2,1,0,3,133,NA,6.226374199
2024,2,1,0,3,95,NA,3.328165426
2024,2,1,0,3,179,NA,11.53300465
2024,2,1,0,3,204,5.8,15.00669911
2024,2,1,0,3,192,NA,13.44614532
2024,2,1,0,3,330,8.4,45.19970937
2024,2,1,0,3,131,NA,6.042952592
2024,2,1,0,3,201,5.6,14.17501097
2024,2,1,0,3,183,NA,12.10089141
2024,2,1,0,3,159,NA,8.958503489
2024,2,1,0,3,118,NA,4.937762257
2024,2,1,0,3,189,NA,12.98720474
2024,2,1,0,3,212,6.4,17.56191697
2024,2,1,0,3,117,NA,4.858827301
2024,2,1,0,3,89,NA,2.975377677
2024,2,1,0,3,154,NA,8.381118886
2024,2,1,0,3,218,6.2,17.71453487
2024,2,1,0,3,133,NA,6.226374199
2024,2,1,0,3,183,NA,12.10089141
2024,2,1,0,3,320,8,41.12846531
2024,2,1,0,3,273,5.7,23.55832745
2024,2,1,0,3,171,NA,10.45109228
2024,2,1,0,3,171,NA,10.45109228
2024,2,1,0,3,196,NA,14.07471097
2024,2,1,0,3,145,NA,7.405344698
2024,2,1,0,3,182,NA,11.95721151
2024,2,1,0,3,162,NA,9.317342699
2024,2,1,0,3,213,6.1,16.83418077
2024,3,0,1,2,202,4.3,11.25985998
2024,3,0,1,2,239,5,16.88217914
2024,3,0,1,2,400,8,60.04631956
2024,3,0,1,2,426,8.9,72.86544482
2024,3,0,1,2,440,10.2,86.01427692
2024,3,0,1,2,395,9.9,70.1624872
2024,3,0,1,2,232,4.2,14.01957408
2024,3,0,1,2,440,10,84.60660461
2024,3,0,1,2,261,6.6,24.84274748
2024,3,0,1,2,260,8.5,31.9237191
2024,3,0,1,2,192,NA,13.44614532
2024,3,0,1,2,415,10.1,77.40549393
2024,3,0,1,2,423,10.5,82.63812357
2024,3,0,1,2,283,6.1,26.48307565
2024,3,0,1,2,330,8.9,47.73550195
2024,3,0,1,2,193,NA,13.60149424
2024,3,0,1,2,277,7.9,32.42611139
2024,3,0,1,2,275,7.2,29.28169758
2024,3,0,1,2,430,9,74.71681897
2024,3,0,1,2,272,8.4,33.62819435
2024,3,0,1,2,304,7.6,36.12539263
2024,3,0,1,2,345,10.5,60.26126931
2024,3,0,1,2,315,6.6,33.94339936
2024,3,0,1,2,297,7.2,33.11972296
2024,3,0,1,2,202,7.7,20.22770919
2024,3,0,1,2,287,7.4,32.14580658
2024,3,0,1,2,335,8.3,45.80343505
2024,3,0,1,2,285,6.7,29.0349104
2024,3,0,1,2,315,7.7,38.72317652
2024,3,0,1,2,301,6.7,31.80090461
2024,3,0,1,2,244,5.9,20.12919114
2024,3,0,1,2,445,10.4,89.09917089
2024,3,0,1,2,217,4.3,12.70292543
2024,3,0,1,2,268,5.4,21.85290597
2024,3,0,1,2,450,11.2,96.73335976
2024,3,0,1,2,395,8.6,62.18869728
2024,3,0,1,2,262,8,30.23636158
2024,3,0,1,2,238,6.3,20.56889739
2024,3,0,1,2,190,NA,13.13900512
2024,3,0,1,2,290,8.2,36.08958147
2024,3,0,1,2,415,10.2,78.07917396
2024,3,0,1,2,220,5.7,16.55123813
2024,3,0,1,2,380,9.1,61.1108436
2024,3,0,1,2,262,7.3,27.5322595
2024,3,0,1,2,350,9.4,55.1537889
2024,3,0,1,2,129,NA,5.863169083
2024,3,0,1,2,273,5.5,22.89474915
2024,3,0,1,2,340,6.6,38.81817386
2024,3,0,1,2,245,10.1,36.17539611
2024,3,0,1,2,283,7.2,30.64095854
2024,3,0,1,2,385,9.9,67.32713597
2024,3,0,1,2,325,9.2,48.16200136
2024,3,0,1,2,360,8.6,53.18865597
2024,3,0,1,2,192,NA,13.44614532
2024,3,0,1,2,400,9.9,71.60953577
2024,3,0,1,2,430,9.6,78.67895212
2024,3,0,1,2,235,5.5,17.79340624
2024,3,0,1,2,282,5.2,23.22726477
2024,3,0,1,2,365,6.9,45.58982913
2024,3,0,1,2,295,7.9,35.72196665
2024,3,0,1,2,261,5.5,21.19081405
2024,3,0,1,2,167,NA,9.936483593
2024,3,0,1,2,345,9.7,55.60978163
2024,3,0,1,2,265,6.2,24.06109095
2024,3,0,1,2,210,6.1,16.48377219
2024,3,0,1,2,315,8.6,42.95207633
2024,3,0,1,2,160,NA,9.077073411
2024,3,0,1,2,285,7.3,31.38789939
2024,3,0,1,2,144,NA,7.301852578
2024,3,0,1,2,335,7.7,42.86453971
2024,3,0,1,2,370,9.5,60.82617635
2024,3,0,1,2,311,9.1,44.56343869
2024,3,0,1,2,225,5,15.26029352
2024,3,0,1,2,271,6.8,27.11708034
2024,3,0,1,2,280,6.1,26.00863127
2024,3,0,1,2,430,8.9,74.06968123
2024,3,0,1,2,345,11.3,65.1651659
2024,3,0,1,2,171,NA,10.45109228
2024,3,0,1,2,158,NA,8.840970641
2024,3,0,1,2,395,10.3,72.74634314
2024,3,0,1,2,272,7.4,29.55544997
2024,3,0,1,2,263,5.1,20.22592168
2024,3,0,1,2,310,6.3,31.80721752
2024,3,0,1,2,310,8.4,40.95093665
2024,3,0,1,2,294,8.1,36.40936143
2024,3,0,1,2,315,6.4,33.11898747
2024,3,0,1,2,181,NA,11.81467345
2024,3,0,1,2,400,8.6,63.55180648
2024,3,0,1,2,435,9.4,78.89911666
2024,3,0,1,2,242,4.9,16.9679824
2024,3,0,1,2,370,7.7,50.80395498
2024,3,0,1,2,247,5.5,19.31232595
2024,3,0,1,2,430,9.4,77.34306248
2024,3,0,1,2,427,10.5,83.9148541
2024,3,0,1,2,260,6.1,22.98968647
2024,3,0,1,2,235,8.8,28.93826835
2024,3,0,1,2,207,5.8,15.33739929
2024,3,0,1,2,340,6.6,38.81817386
2024,3,0,1,2,229,6.2,19.08502045
2024,3,0,1,2,296,6.9,31.71622252
2024,3,0,1,2,236,5,16.52541065
2024,3,0,1,2,157,NA,8.724470312
2024,3,0,1,2,298,6.3,29.70451378
2024,3,0,1,2,295,6.3,29.19373167
2024,3,0,1,2,192,NA,13.44614532
2024,3,0,1,2,163,NA,9.439051176
2024,3,0,1,2,315,6.3,32.71183522
2024,3,0,1,2,284,5.9,25.92704535
2024,3,0,1,2,297,6.4,29.91859542
2024,3,0,1,2,297,8.6,39.25683799
2024,3,0,1,2,420,8.8,70.45318489
2024,3,0,1,2,303,10,47.42266404
2024,3,0,1,2,285,8.5,36.46847879
2024,3,0,1,2,244,7.4,25.09967271
2024,3,0,1,2,285,8.2,35.15051674
2024,3,0,1,2,270,8.8,34.9876172
2024,3,0,1,2,335,8.1,44.80935039
2024,3,0,1,2,275,7.3,29.67011322
2024,3,0,1,2,226,6.3,19.00205618
2024,3,0,1,2,390,10.6,73.25274105
2024,3,0,1,2,310,7.7,37.73128859
2024,3,0,1,2,315,7.2,36.49849079
2024,3,0,1,2,233,6.1,19.29791767
2024,3,0,1,2,310,7.6,37.28560099
2024,3,0,1,2,395,9.2,65.78928137
2024,3,0,1,2,199,NA,14.55877829
2024,3,0,1,2,320,7.9,40.65950201
2024,3,0,1,2,184,NA,12.24571772
2024,3,0,1,2,310,8,39.08963271
2024,3,0,1,2,410,9.2,70.05431248
2024,3,0,1,2,410,9.1,69.42544298
2024,3,0,1,2,145,NA,7.405344698
2024,3,0,1,2,430,7.5,65.39828815
2024,3,0,1,2,310,7.3,35.9696237
2024,3,0,1,2,385,8.8,60.68061007
2024,3,0,1,2,168,NA,10.0635141
2024,3,0,1,2,223,5.3,15.8198765
2024,4,1,1,4,188,NA,12.83657809
2024,4,1,1,4,155,NA,8.49454899
2024,4,1,1,4,197,NA,14.23485505
2024,4,1,1,4,157,NA,8.724470312
2024,4,1,1,4,170,NA,10.32081389
2024,4,1,1,4,290,7,31.060883
2024,4,1,1,4,300,6.5,30.82900542
2024,4,1,1,4,220,5.3,15.47977495
2024,4,1,1,4,162,NA,9.317342699
2024,4,1,1,4,209,4.9,13.298193
2024,4,1,1,4,213,4.7,13.23205576
2024,4,1,1,4,123,NA,5.34528272
2024,4,1,1,4,330,6.5,36.38327212
2024,4,1,1,4,270,5.3,21.81656526
2024,4,1,1,4,146,NA,7.509810116
2024,4,1,1,4,119,NA,5.017547518
2024,4,1,1,4,135,NA,6.413470346
2024,4,1,1,4,155,NA,8.49454899
2024,4,1,1,4,196,NA,14.07471097
2024,4,1,1,4,204,4.9,12.79320284
2024,4,1,1,4,94,NA,3.26753021
2024,4,1,1,4,203,4.4,11.56912051
2024,4,1,1,4,162,NA,9.317342699
2024,4,1,1,4,102,NA,3.773741931
2024,4,1,1,4,80,NA,2.494367069
2024,4,1,1,4,290,8.3,36.53155823
2024,4,1,1,4,171,NA,10.45109228
2024,4,1,1,4,142,NA,7.097770017
2024,4,1,1,4,240,5.9,19.60224492
2024,4,1,1,4,170,NA,10.32081389
2024,4,1,1,4,190,NA,13.13900512
2024,4,1,1,4,310,7.7,37.73128859
2024,4,1,1,4,220,6.3,18.24939513
2024,4,1,1,4,185,NA,12.39169499
2024,4,1,1,4,121,NA,5.179687177
2024,4,1,1,4,198,NA,14.3962093
2024,4,1,1,4,190,NA,13.13900512
2024,4,1,1,4,310,6.2,31.40958746
2024,4,1,1,4,320,6,32.41348837
2024,4,1,1,4,200,4.9,12.39854211
2024,4,1,1,4,380,8.9,59.94190349
2024,4,1,1,4,230,6.3,19.51515519
2024,4,1,1,4,150,NA,7.937495892
2024,4,1,1,4,209,5.5,14.78003329
2024,4,1,1,4,360,8.2,51.0431643
2024,4,1,1,4,240,6.3,20.83813033
2024,4,1,1,4,212,5.2,14.34507853
2024,4,1,1,4,230,6,18.61808521
2024,4,1,1,4,240,6.1,20.21389118
2024,4,1,1,4,141,NA,6.997170463
2024,4,1,1,4,206,6,15.75530636
2024,4,1,1,4,310,6.8,33.84577429
2024,4,1,1,4,182,NA,11.95721151
2024,4,1,1,4,240,6.3,20.83813033
2024,4,1,1,4,270,7.4,29.22096475
2024,4,1,1,4,340,7.9,44.92200893
2024,4,1,1,4,230,6,18.61808521
2024,4,1,1,4,220,6.4,18.54324739
2024,4,1,1,4,197,NA,14.23485505
2024,4,1,1,4,350,7,42.75740209
2024,4,1,1,4,310,7,34.68498105
2024,4,1,1,4,230,5.6,17.46534823
2024,4,1,1,4,260,6.8,25.39539019
2024,4,1,1,4,310,7.6,37.28560099
2024,4,1,1,4,171,NA,10.45109228
2024,4,1,1,4,280,7,29.34757243
2024,4,1,1,4,216,5.5,15.55485464
2024,4,1,1,4,350,7.8,46.65714014
2024,4,1,1,4,280,5.8,24.95471232
2024,4,1,1,4,320,7.8,40.19411721
2024,4,1,1,4,160,NA,9.077073411
2024,4,1,1,4,140,NA,6.897525988
2024,4,1,1,4,244,5.5,18.92480285
2024,4,1,1,4,146,NA,7.509810116
2024,4,1,1,4,265,5.5,21.74904584
2024,4,1,1,4,125,NA,5.51437059
2024,4,1,1,4,300,6.5,30.82900542
2024,4,1,1,4,240,5.1,17.27902234
2024,4,1,1,4,275,5.5,23.18732774
2024,4,1,1,4,222,4.6,13.92868976
2024,4,1,1,4,288,6.5,28.77611719
2024,4,1,1,4,156,NA,8.608997947
2024,4,1,1,4,199,NA,14.55877829
2024,4,1,1,4,197,NA,14.23485505
2024,4,1,1,4,330,5.6,32.64137288
2024,4,1,1,4,178,NA,11.3938648
2024,4,1,1,4,197,NA,14.23485505
2024,4,1,1,4,290,5.6,25.81195103
2024,4,1,1,4,245,6,20.57242172
2024,4,1,1,4,102,NA,3.773741931
2024,4,1,1,4,95,NA,3.328165426
2024,4,1,1,4,125,NA,5.51437059
2024,4,1,1,4,130,NA,5.952608353
2024,4,1,1,4,175,NA,10.98316879
2024,4,1,1,4,145,NA,7.405344698
2024,4,1,1,4,198,NA,14.3962093
2024,4,1,1,4,142,NA,7.097770017
2024,4,1,1,4,250,6.3,22.2195853
2024,4,1,1,4,282,5.8,25.26317728
2024,4,1,1,4,284,6.4,27.74016427
2024,4,1,1,4,320,6.7,35.30714496
2024,4,1,1,4,150,NA,7.937495892
2024,4,1,1,4,235,5.6,18.07960924
2024,4,1,1,4,193,NA,13.60149424
2024,4,1,1,4,104,NA,3.90797795
2024,4,1,1,4,330,5.3,31.45361902
2024,4,1,1,4,281,6,25.81040516
2024,4,1,1,4,168,NA,10.0635141
2024,4,1,1,4,280,5.7,24.60983976
2024,4,1,1,4,426,8.3,69.09190242
2024,4,1,1,4,167,NA,9.936483593
2024,4,1,1,4,245,5,17.6110471
2024,4,1,1,4,270,5.9,23.78617208
2024,4,1,1,4,120,NA,5.098187639
2024,4,1,1,4,274,5.2,22.06538105
2024,4,1,1,4,178,NA,11.3938648
2024,4,1,1,4,217,5,14.38193683
2024,4,1,1,4,154,5.7,9.96827996
2024,4,1,1,4,121,NA,5.179687177
2024,4,1,1,4,215,4.9,13.92151076
2024,4,1,1,4,216,4.7,13.54121908
2024,4,1,1,4,172,NA,10.58246241
2024,4,1,1,4,244,4.6,16.39262786
2024,4,1,1,4,500,9.4,101.0643699
2024,4,1,1,4,224,2.9,10.35879648
2024,4,1,1,4,171,NA,10.45109228
2024,4,1,1,4,485,8.2,87.07697736
2024,4,1,1,4,252,7.3,25.95951044
2024,4,1,1,4,305,6.3,30.91943309
2024,4,1,1,4,112,NA,4.476747659
2024,4,1,1,4,360,6.6,43.03797193
2024,4,1,1,4,206,5.1,13.46956412
2024,4,1,1,4,233,4.9,15.9077033
2024,4,1,1,4,209,4,11.26649284
2024,4,1,1,4,169,NA,10.19162268
2024,4,1,1,4,170,NA,10.32081389
2024,4,1,1,4,227,6.5,19.73634642
2024,4,1,1,4,315,8.3,41.5099197
2024,4,1,1,4,197,NA,14.23485505
2024,4,1,1,4,206,4,10.99037581
2024,4,1,1,4,183,NA,12.10089141
2024,4,1,1,4,99,NA,3.578207161
2024,4,1,1,4,189,NA,12.98720474
2024,4,1,1,4,340,7.2,41.56155994
2024,4,1,1,4,266,9.5,37.37022949
2024,4,1,1,4,243,5.4,18.50453507
2024,4,1,1,4,206,4.2,11.41632956
2024,4,1,1,4,400,6.7,52.89831208
2024,4,1,1,4,207,6,15.86828443
2024,4,1,1,4,300,6.8,32.02519987
2024,4,1,1,4,204,7.1,18.63384174
2024,4,1,1,4,250,6.1,21.57203318
2024,4,1,1,4,160,NA,9.077073411
2024,4,1,1,4,221,7.3,21.46667527
2024,4,1,1,4,276,9.4,38.83485387
2024,4,1,1,4,221,5.6,16.39503313
2024,4,1,1,4,168,NA,10.0635141
2024,4,1,1,4,294,7.2,32.57771176
2024,4,1,1,4,272,6,24.42625574
2024,4,1,1,4,272,8.5,34.0549072
2024,4,1,1,4,169,NA,10.19162268
2024,4,1,1,4,273,7.1,28.56570937
2024,4,1,1,4,305,9.4,44.77829114
2024,4,1,1,4,186,NA,12.53882777
2024,4,1,1,4,214,8.4,24.22215412
2024,4,1,1,4,185,NA,12.39169499
2024,4,1,1,4,113,NA,4.55149942
2024,4,1,1,4,260,7.9,29.50559193
2024,4,1,1,4,113,NA,4.55149942
2024,4,1,1,4,293,9.7,43.7313683
2024,4,1,1,4,97,NA,3.451677008
2024,4,1,1,4,112,NA,4.476747659
2024,4,1,1,4,152,NA,8.157297016
2024,4,1,1,4,196,NA,14.07471097
2024,4,1,1,4,141,NA,6.997170463
2024,4,1,1,4,119,NA,5.017547518
2024,5,1,0,3,146,NA,7.509810116
2024,5,1,0,3,229,5.7,17.62664852
2024,5,1,0,3,330,6.7,37.25188388
2024,5,1,0,3,243,5.9,19.99658031
2024,5,1,0,3,337,7.5,42.33819154
2024,5,1,0,3,187,NA,12.68712061
2024,5,1,0,3,266,5.9,23.19691342
2024,5,1,0,3,237,5,16.64376924
2024,5,1,0,3,113,NA,4.55149942
2024,5,1,0,3,222,4.6,13.92868976
2024,5,1,0,3,225,4.3,13.52063968
2024,5,1,0,3,171,NA,10.45109228
2024,5,1,0,3,180,NA,11.67327268
2024,5,1,0,3,91,NA,3.090052203
2024,5,1,0,3,194,NA,13.75803512
2024,5,1,0,3,254,6.4,23.1221162
2024,5,1,0,3,337,6.5,37.76867295
2024,5,1,0,3,202,4.1,10.83679039
2024,5,1,0,3,280,7.3,30.52095005
2024,5,1,0,3,277,5.6,23.81733033
2024,5,1,0,3,171,NA,10.45109228
2024,5,1,0,3,264,6.1,23.57369679
2024,5,1,0,3,183,NA,12.10089141
2024,5,1,0,3,180,NA,11.67327268
2024,5,1,0,3,181,NA,11.81467345
2024,5,1,0,3,215,2.3,8.477487987
2024,5,1,0,3,201,4.2,10.95589824
2024,5,1,0,3,126,NA,5.600235536
2024,5,1,0,3,257,4.6,17.97677132
2024,5,1,0,3,189,NA,12.98720474
2024,5,1,0,3,345,7.6,44.55162373
2024,5,1,0,3,114,NA,4.627078709
2024,5,1,0,3,194,NA,13.75803512
2024,5,1,0,3,211,5.3,14.48878565
2024,5,1,0,3,387,7.2,52.30756569
2024,5,1,0,3,345,7,41.68628363
2024,5,1,0,3,121,NA,5.179687177
2024,5,1,0,3,173,NA,10.71492884
2024,5,1,0,3,215,5.3,14.92383183
2024,5,1,0,3,213,4.4,12.53387936
2024,5,1,0,3,211,3.7,10.81879207
2024,5,1,0,3,263,4.3,17.88608069
2024,5,1,0,3,328,6.5,35.9937621
2024,5,1,0,3,340,7.2,41.56155994
2024,5,1,0,3,234,5.1,16.56044499
2024,5,1,0,3,55,NA,1.435711841
2024,5,1,0,3,149,NA,7.829091722
2024,5,1,0,3,242,5.1,17.52308759
2024,5,1,0,3,244,5.2,18.05374053
2024,5,1,0,3,310,7,34.68498105
2024,5,1,0,3,96,NA,3.389546173
2024,5,1,0,3,189,NA,12.98720474
2024,5,1,0,3,167,NA,9.936483593
2024,5,1,0,3,258,4.6,18.10268703
2024,5,1,0,3,132,NA,6.134206355
2024,5,1,0,3,201,5.8,14.68078707
2024,5,1,0,3,247,4.4,16.21272096
2024,5,1,0,3,177,NA,11.25584858
2024,5,1,0,3,264,6.1,23.57369679
2024,5,1,0,3,279,5.3,23.11477676
2024,5,1,0,3,184,NA,12.24571772
2024,5,1,0,3,231,4.8,15.41739224
2024,5,1,0,3,128,NA,5.774630228
2024,5,1,0,3,203,4.6,12.0106411
2024,5,1,0,3,108,3.1,3.272705484
2024,5,1,0,3,96,NA,3.389546173
2024,5,1,0,3,137,NA,6.604277478
2024,5,1,0,3,164,NA,9.561814948
2024,5,1,0,3,180,NA,11.67327268
2024,5,1,0,3,207,3.3,9.667528197
2024,5,1,0,3,257,5.2,19.72637721
2024,5,1,0,3,149,NA,7.829091722
2024,5,1,0,3,227,4.3,13.73040936
2024,5,1,0,3,257,4.8,18.5479591
2024,5,1,0,3,123,NA,5.34528272
2024,5,1,0,3,199,NA,14.55877829
2024,5,1,0,3,196,NA,14.07471097
2024,5,1,0,3,219,4.2,12.67342562
2024,5,1,0,3,146,NA,7.509810116
2024,5,1,0,3,186,NA,12.53882777
2024,5,1,0,3,333,6.2,35.68410406
2024,5,1,0,3,340,6.4,37.93128777
2024,5,1,0,3,231,4.4,14.40290552
2024,5,1,0,3,174,NA,10.84849611
2024,5,1,0,3,247,4,15.17366869
2024,5,1,0,3,236,4.8,15.98966876
2024,5,1,0,3,177,NA,11.25584858
2024,5,1,0,3,291,6,27.40858718
2024,5,1,0,3,236,5,16.52541065
2024,5,1,0,3,137,NA,6.604277478
2024,5,1,0,3,220,3.8,11.87407249
2024,5,1,0,3,236,6.7,21.57011339
2024,5,1,0,3,186,NA,12.53882777
2024,5,1,0,3,246,4.7,16.90171972
2024,5,1,0,3,189,NA,12.98720474
2024,5,1,0,3,234,3.9,13.51093522
2024,5,1,0,3,262,4.8,19.19482376
2024,5,1,0,3,218,4.5,13.27100541
2024,5,1,0,3,190,NA,13.13900512
2024,5,1,0,3,253,4.9,18.32657778
2024,5,1,0,3,143,NA,7.199329203
2024,6,0,1,2,108,NA,4.185924792
2024,6,0,1,2,270,5.4,22.13697777
2024,6,0,1,2,380,8.9,59.94190349
2024,6,0,1,2,265,5.7,22.39378178
2024,6,0,1,2,125,NA,5.51437059
2024,6,0,1,2,368,6.9,46.27063689
2024,6,0,1,2,353,6.9,42.93337625
2024,6,0,1,2,270,6.8,26.95744283
2024,6,0,1,2,365,7.7,49.61434428
2024,6,0,1,2,380,8.9,59.94190349
2024,6,0,1,2,405,8.2,62.55715276
2024,6,0,1,2,370,7.9,51.85862639
2024,6,0,1,2,275,6.2,25.58232928
2024,6,0,1,2,365,6.5,43.66187422
2024,6,0,1,2,285,6.7,29.0349104
2024,6,0,1,2,378,7.4,51.16078364
2024,6,0,1,2,117,NA,4.858827301
2024,6,0,1,2,289,4.4,21.67070795
2024,6,0,1,2,305,5.9,29.37337115
2024,6,0,1,2,320,6.2,33.22345138
2024,6,0,1,2,305,5.4,27.51439921
2024,6,0,1,2,360,6.5,42.56753715
2024,6,0,1,2,139,NA,6.798832036
2024,6,0,1,2,173,NA,10.71492884
2024,6,0,1,2,253,6.6,23.65165908
2024,6,0,1,2,360,7.4,46.92682969
2024,6,0,1,2,218,3.7,11.46631182
2024,6,0,1,2,276,4.8,21.08567929
2024,6,0,1,2,208,3.8,10.75459909
2024,6,0,1,2,340,6,36.19824781
2024,6,0,1,2,263,5.8,22.43350911
2024,6,0,1,2,175,NA,10.98316879
2024,6,0,1,2,275,6.5,26.65728172
2024,6,0,1,2,255,5.6,20.68064648
2024,6,0,1,2,378,6.4,46.10467112
2024,6,0,1,2,280,6.6,27.83039088
2024,6,0,1,2,388,7.4,53.61939149
2024,6,0,1,2,350,7.2,43.71111721
2024,6,0,1,2,154,NA,8.381118886
2024,6,0,1,2,255,4.8,18.29333831
2024,6,0,1,2,222,4,12.51648327
2024,6,0,1,2,193,NA,13.60149424
2024,6,0,1,2,143,NA,7.199329203
2024,6,0,1,2,170,NA,10.32081389
2024,6,0,1,2,375,7.2,49.40646207
2024,6,0,1,2,270,5.1,21.18504549
2024,6,0,1,2,150,NA,7.937495892
2024,6,0,1,2,250,4.3,16.30068534
2024,6,0,1,2,265,6.9,26.53144585
2024,6,0,1,2,200,3.1,8.720218929
2024,6,0,1,2,269,5,20.73623682
2024,6,0,1,2,395,7.3,54.84315333
2024,6,0,1,2,243,5.4,18.50453507
2024,6,0,1,2,393,8,58.19769051
2024,6,0,1,2,230,5.3,16.63274052
2024,6,0,1,2,312,6.4,32.57047739
2024,6,0,1,2,254,6.4,23.1221162
2024,6,0,1,2,214,5.2,14.56041601
2024,6,0,1,2,236,5.1,16.7977117
2024,6,0,1,2,120,NA,5.098187639
2024,6,0,1,2,258,5.8,21.72572051
2024,6,0,1,2,348,7.1,42.79934553
2024,6,0,1,2,192,NA,13.44614532
2024,6,0,1,2,317,6.8,35.16039752
2024,6,0,1,2,382,7.2,51.08535473
2024,6,0,1,2,264,5.7,22.25097109
2024,6,0,1,2,145,NA,7.405344698
2024,6,0,1,2,222,4.8,14.42200791
2024,6,0,1,2,348,6.7,40.92998064
2024,6,0,1,2,318,5.5,30.09544652
2024,6,0,1,2,268,6.7,26.27696406
2024,6,0,1,2,277,5.2,22.49643285
2024,6,0,1,2,80,NA,2.494367069
2024,6,0,1,2,115,NA,4.703490082
2024,6,0,1,2,286,4.7,22.18905904
2024,6,0,1,2,278,4.8,21.36553296
2024,6,0,1,2,100,NA,3.642615591
2024,6,0,1,2,204,3.7,10.19612065
2024,6,0,1,2,198,NA,14.3962093
2024,6,0,1,2,159,NA,8.958503489
2024,6,0,1,2,243,5.1,17.64597737
2024,6,0,1,2,233,7.2,22.80058283
2024,6,0,1,2,325,7.5,39.83317971
2024,6,0,1,2,169,NA,10.19162268
2024,6,0,1,2,375,8.7,57.49608197
2024,6,0,1,2,219,4.6,13.61317924
2024,6,0,1,2,243,4.1,14.97652489
2024,6,0,1,2,213,4.1,11.86070438
2024,6,0,1,2,210,4.5,12.46577818
2024,6,0,1,2,311,6.6,33.20349495
2024,6,0,1,2,128,NA,5.774630228
2024,6,0,1,2,199,NA,14.55877829
2024,6,0,1,2,182,NA,11.95721151
2024,6,0,1,2,177,NA,11.25584858
2024,6,0,1,2,350,7.1,43.23250641
2024,6,0,1,2,320,6,32.41348837
2024,6,0,1,2,397,6.1,49.07648338
2024,6,0,1,2,395,5.8,47.11451078
2024,6,0,1,2,289,6.2,27.81785941
2024,6,0,1,2,205,3.3,9.499227644
2024,6,0,1,2,350,6.5,40.43402652
2024,6,0,1,2,236,4.9,16.25606839
2024,6,0,1,2,288,5.3,24.4634937
2024,6,0,1,2,209,4.1,11.48123275
2024,6,0,1,2,323,6,32.96351867
2024,6,0,1,2,236,4.1,14.20590732
2024,6,0,1,2,270,4.9,20.56583183
2024,6,0,1,2,365,6.6,44.13866277
2024,6,0,1,2,149,NA,7.829091722
2024,6,0,1,2,256,4.2,16.74899613
2024,6,0,1,2,271,4.1,18.33754023
2024,6,0,1,2,155,NA,8.49454899
2024,6,0,1,2,237,4.1,14.31433753
2024,6,0,1,2,195,NA,13.91577251
2024,6,0,1,2,240,3.7,13.66856739
2024,6,0,1,2,295,4.9,24.17928779
2024,6,0,1,2,294,5.6,26.44734847
2024,6,0,1,2,390,7.8,56.3037907
2024,6,0,1,2,305,5.6,28.2482728
2024,6,0,1,2,313,6.4,32.75263575
2024,6,0,1,2,272,5.2,21.78109412
2024,6,0,1,2,272,5.1,21.46454388
2024,6,0,1,2,277,5,21.85470505
2024,6,0,1,2,400,8.2,61.20009834
2024,6,0,1,2,403,7.8,59.70349497
2024,6,0,1,2,453,9.3,83.9817752
2024,6,0,1,2,278,4.3,19.83934115
2024,6,0,1,2,343,6.1,37.2221401
2024,6,0,1,2,350,7.1,43.23250641
2024,6,0,1,2,252,5.9,21.21124576
2024,6,0,1,2,190,NA,13.13900512
2024,6,0,1,2,187,NA,12.68712061
2024,6,0,1,2,244,4.4,15.86246028
2024,6,0,1,2,265,7,26.89758262
2024,6,0,1,2,285,5,23.01268558
2024,6,0,1,2,370,6.8,46.23467247
2024,6,0,1,2,198,NA,14.3962093
2024,6,0,1,2,237,5.9,19.21312815
2024,6,0,1,2,184,NA,12.24571772
2024,6,0,1,2,313,6.3,32.34795803
2024,6,0,1,2,294,6.4,29.40611474
2024,6,0,1,2,247,5.1,18.14328196
2024,6,0,1,2,129,NA,5.863169083
2024,6,0,1,2,214,4.5,12.86419187
2024,6,0,1,2,368,7.3,48.26985936
2024,6,0,1,2,194,NA,13.75803512
2024,6,0,1,2,192,NA,13.44614532
2024,6,0,1,2,347,6.5,39.80816919
2024,6,0,1,2,302,5.4,27.0226518
2024,6,0,1,2,228,5.1,15.86207118
2024,6,0,1,2,217,4.3,12.70292543
2024,6,0,1,2,325,5.9,32.92745837
2024,6,0,1,2,236,4.2,14.4521611
2024,6,0,1,2,335,7.3,40.97683151
2024,6,0,1,2,370,6.8,46.23467247
2024,6,0,1,2,305,6.1,30.1397935
2024,6,0,1,2,196,NA,14.07471097
2024,6,0,1,2,231,3.9,13.19867145
2024,6,0,1,2,150,NA,7.937495892
2024,6,0,1,2,250,5.8,20.62448758
2024,6,0,1,2,259,6.3,23.51394035
2024,6,0,1,2,263,5,19.92290299
2024,6,0,1,2,115,NA,4.703490082
2024,6,0,1,2,119,NA,5.017547518
2024,6,0,1,2,198,NA,14.3962093
2024,6,0,1,2,258,4.3,17.26469186
2024,6,0,1,2,182,NA,11.95721151
2024,6,0,1,2,154,4.4,7.550589246
2024,6,0,1,2,221,4.9,14.56400798
2024,6,0,1,2,205,4.3,11.53923198
2024,6,0,1,2,227,3.8,12.56162794
2024,6,0,1,2,218,4.5,13.27100541
2024,6,0,1,2,244,4.1,15.0888368
2024,7,1,1,4,413,6.8,56.76189428
2024,7,1,1,4,240,4.9,16.72841572
2024,7,1,1,4,227,4,13.02083138
2024,7,1,1,4,257,5.8,21.58597351
2024,7,1,1,4,243,4.6,16.27478147
2024,7,1,1,4,405,7.4,57.97760668
2024,7,1,1,4,368,6.6,44.80799937
2024,7,1,1,4,142,NA,7.097770017
2024,7,1,1,4,146,5.1,8.191691766
2024,7,1,1,4,187,NA,12.68712061
2024,7,1,1,4,315,4.7,26.64367569
2024,7,1,1,4,208,5,13.43483211
2024,7,1,1,4,273,5.7,23.55832745
2024,7,1,1,4,57,NA,1.506504983
2024,7,1,1,4,390,6.7,50.43656321
2024,7,1,1,4,183,NA,12.10089141
2024,7,1,1,4,368,5.5,39.70897216
2024,7,1,1,4,367,5.7,40.3932221
2024,7,1,1,4,393,6.2,48.62134006
2024,7,1,1,4,405,8.1,61.97197753
2024,7,1,1,4,410,8.6,66.33749067
2024,7,1,1,4,328,5.5,31.87753596
2024,7,1,1,4,373,7.1,48.4256687
2024,7,1,1,4,77,NA,2.346383826
2024,7,1,1,4,242,5.1,17.52308759
2024,7,1,1,4,297,5.8,27.65807171
2024,7,1,1,4,335,5.5,33.16597402
2024,7,1,1,4,393,7.3,54.3369462
2024,7,1,1,4,395,10.3,72.74634314
2024,7,1,1,4,174,NA,10.84849611
2024,7,1,1,4,296,6.7,30.91847506
2024,7,1,1,4,321,5.8,31.79698674
2024,7,1,1,4,194,NA,13.75803512
2024,7,1,1,4,398,7.3,55.60834365
2024,7,1,1,4,232,4.6,15.01553751
2024,7,1,1,4,398,6.4,50.84272849
2024,7,1,1,4,363,5.7,39.55087728
2024,7,1,1,4,337,5.7,34.35937021
2024,7,1,1,4,395,7.4,55.38647727
2024,7,1,1,4,358,6,39.84681408
2024,7,1,1,4,301,5.1,25.79771185
2024,7,1,1,4,271,4.9,20.70294896
2024,7,1,1,4,398,7.2,55.06472156
2024,7,1,1,4,245,4.6,16.51104177
2024,7,1,1,4,296,5.1,25.0124866
2024,7,1,1,4,232,4.1,13.77766209
2024,7,1,1,4,428,9,74.11047744
2024,7,1,1,4,365,6.9,45.58982913
2024,7,1,1,4,406,8.4,64.01491014
2024,7,1,1,4,311,6.9,34.45066967
2024,7,1,1,4,306,5.5,28.04617056
2024,7,1,1,4,313,5.9,30.76257971
2024,7,1,1,4,308,5.6,28.75323726
2024,7,1,1,4,233,4.2,14.12689991
2024,7,1,1,4,320,5,28.56056567
2024,7,1,1,4,340,5.4,33.6989393
2024,7,1,1,4,318,6.3,33.26275157
2024,7,1,1,4,375,6.1,43.98280609
2024,7,1,1,4,303,6.2,30.17997273
2024,7,1,1,4,246,5.3,18.59425367
2024,7,1,1,4,205,4.7,12.43070336
2024,7,1,1,4,197,NA,14.23485505
2024,7,1,1,4,375,7.7,52.01243094
2024,7,1,1,4,347,6,37.58941604
2024,7,1,1,4,353,6.8,42.46144062
2024,7,1,1,4,355,6.4,41.03098175
2024,7,1,1,4,275,5.5,23.18732774
2024,7,1,1,4,365,6.5,43.66187422
2024,7,1,1,4,102,NA,3.773741931
2024,7,1,1,4,259,5.9,22.18927405
2024,7,1,1,4,279,5,22.14046911
2024,7,1,1,4,147,NA,7.61525339
2024,7,1,1,4,338,7.2,41.14028569
2024,7,1,1,4,299,4.7,24.11887989
2024,7,1,1,4,365,6.3,42.71862249
2024,7,1,1,4,305,5.8,28.99508114
2024,7,1,1,4,275,7.3,29.67011322
2024,7,1,1,4,305,5.3,27.15227764
2024,7,1,1,4,269,5.2,21.35925856
2024,7,1,1,4,283,5.3,23.70791398
2024,7,1,1,4,397,8.2,60.39536412
2024,7,1,1,4,292,5.4,25.42586414
2024,7,1,1,4,303,4.7,24.73441511
2024,7,1,1,4,267,5.2,21.0810826
2024,7,1,1,4,205,5.1,13.36694561
2024,7,1,1,4,305,5.8,28.99508114
2024,7,1,1,4,345,6.3,38.50189326
2024,7,1,1,4,308,5.1,26.92438854
2024,7,1,1,4,142,NA,7.097770017
2024,7,1,1,4,390,7.7,55.7525346
2024,7,1,1,4,276,4.9,21.39768316
2024,7,1,1,4,375,7.3,49.9205244
2024,7,1,1,4,355,6.1,39.66948933
2024,7,1,1,4,373,5.6,41.22269521
2024,7,1,1,4,231,3.9,13.19867145
2024,7,1,1,4,385,8.7,60.09905757
2024,7,1,1,4,378,8.7,58.26891518
2024,7,1,1,4,410,7.4,59.30293819
2024,7,1,1,4,368,5.8,41.05902314
2024,7,1,1,4,289,4.8,22.94908512
2024,7,1,1,4,127,NA,5.68698723
2024,7,1,1,4,305,5.7,28.62005306
2024,7,1,1,4,405,7.5,58.53739838
2024,7,1,1,4,290,5.2,24.42923599
2024,7,1,1,4,358,5.5,37.64303038
2024,7,1,1,4,255,4.1,16.36154091
2024,7,1,1,4,257,3.9,16.07010686
2024,7,1,1,4,378,7.8,53.28244235
2024,7,1,1,4,353,6.1,39.25436633
2024,7,1,1,4,244,4.2,15.3438488
2024,7,1,1,4,398,6.6,51.87722604
2024,7,1,1,4,319,4.9,28.02449838
2024,7,1,1,4,345,6.3,38.50189326
2024,7,1,1,4,368,5.8,41.05902314
2024,7,1,1,4,390,8.3,59.11463525
2024,7,1,1,4,358,6.2,40.75186423
2024,7,1,1,4,294,5.2,25.04546688
2024,7,1,1,4,400,7.4,56.67216985
2024,7,1,1,4,402,7.5,57.74788951
2024,7,1,1,4,393,7.4,54.87769491
2024,7,1,1,4,373,6.8,46.92290653
2024,7,1,1,4,358,5,35.52203808
2024,7,1,1,4,397,6.5,51.11268111
2024,7,1,1,4,95,NA,3.328165426
2024,7,1,1,4,221,5.4,15.85709436
2024,7,1,1,4,218,5.5,15.7811013
2024,7,1,1,4,304,5.9,29.20271949
2024,7,1,1,4,412,7.8,62.13557701
2024,7,1,1,4,400,5.1,44.90945255
2024,7,1,1,4,427,9,73.80854072
2024,7,1,1,4,407,7.4,58.50534349
2024,7,1,1,4,358,5.9,39.39935794
2024,7,1,1,4,553,5.3,91.34057961
2024,7,1,1,4,338,6.5,37.96941241
2024,7,1,1,4,342,4.5,30.52664763
2024,7,1,1,4,169,NA,10.19162268
2024,7,1,1,4,380,6.4,46.56463505
2024,7,1,1,4,407,8.5,64.89089629
2024,7,1,1,4,415,8,64.13862921
2024,7,1,1,4,266,4.8,19.723012
2024,7,1,1,4,382,7,50.04989345
2024,7,1,1,4,388,7.3,53.08507695
2024,7,1,1,4,328,5,29.94267593
2024,7,1,1,4,286,4.9,22.8334326
2024,7,1,1,4,267,5.8,23.01068187
2024,7,1,1,4,318,4.9,27.85667423
2024,7,1,1,4,382,6.9,49.53745161
2024,7,1,1,4,320,5,28.56056567
2024,7,1,1,4,378,6.2,45.13519035
2024,7,1,1,4,408,9.3,70.10537075
2024,7,1,1,4,345,5.1,33.42770108
2024,7,1,1,4,318,4.8,27.49469691
2024,7,1,1,4,272,5.7,23.41060238
2024,7,1,1,4,292,5.5,25.77551763
2024,7,1,1,4,253,5.1,18.90662198
2024,7,1,1,4,145,NA,7.405344698
2024,7,1,1,4,390,6.5,49.41564456
2024,7,1,1,4,283,5.9,25.77003045
2024,7,1,1,4,375,5.8,42.57585143
2024,7,1,1,4,269,4.7,19.82460598
2024,7,1,1,4,225,4.9,15.00313823
2024,7,1,1,4,282,6.6,28.15813484
2024,7,1,1,4,318,5.4,29.71428372
2024,7,1,1,4,397,8.8,63.92194287
2024,7,1,1,4,370,5.5,40.13102729
2024,7,1,1,4,335,5.4,32.7638792
2024,7,1,1,4,278,4.4,20.13856253
2024,7,1,1,4,194,NA,13.75803512
2024,7,1,1,4,230,4.1,13.56680534
2024,7,1,1,4,286,5.4,24.4986803
2024,8,0,0,1,242,7.6,25.51377695
2024,8,0,0,1,193,NA,13.60149424
2024,8,0,0,1,156,NA,8.608997947
2024,8,0,0,1,99,NA,3.578207161
2024,8,0,0,1,283,8.7,36.98165485
2024,8,0,0,1,360,9.5,58.23403672
2024,8,0,0,1,252,7.1,25.24175276
2024,8,0,0,1,247,6.6,22.78376999
2024,8,0,0,1,235,5.9,18.95659903
2024,8,0,0,1,186,NA,12.53882777
2024,8,0,0,1,206,5.5,14.45600361
2024,8,0,0,1,200,4.1,10.65719919
2024,8,0,0,1,291,6.1,27.77639211
2024,8,0,0,1,178,NA,11.3938648
2024,8,0,0,1,142,NA,7.097770017
2024,8,0,0,1,211,6.1,16.60002928
2024,8,0,0,1,238,5.3,17.59527891
2024,8,0,0,1,266,5.8,22.86547169
2024,8,0,0,1,269,6.2,24.66213102
2024,8,0,0,1,150,NA,7.937495892
2024,8,0,0,1,148,NA,7.721679073
2024,8,0,0,1,188,NA,12.83657809
2024,8,0,0,1,238,6.2,20.25751535
2024,8,0,0,1,154,NA,8.381118886
2024,8,0,0,1,287,7.2,31.33608526
2024,8,0,0,1,340,7.9,44.92200893
2024,8,0,0,1,179,NA,11.53300465
2024,8,0,0,1,230,5.7,17.7489362
2024,8,0,0,1,255,6,21.94848512
2024,8,0,0,1,229,6.2,19.08502045
2024,8,0,0,1,179,NA,11.53300465
2024,8,0,0,1,147,NA,7.61525339
2024,8,0,0,1,235,5.8,18.66118944
2024,8,0,0,1,196,NA,14.07471097
2024,8,0,0,1,172,NA,10.58246241
2024,8,0,0,1,214,5.3,14.81426522
2024,8,0,0,1,183,NA,12.10089141
2024,8,0,0,1,124,NA,5.429387836
2024,8,0,0,1,195,NA,13.91577251
2024,8,0,0,1,385,8.6,59.52123266
2024,8,0,0,1,307,7.5,36.26403451
2024,8,0,0,1,305,5.5,27.87972622
2024,8,0,0,1,273,5.7,23.55832745
2024,8,0,0,1,220,4.6,13.71781416
2024,8,0,0,1,271,5.8,23.59767042
2024,8,0,0,1,227,5.5,16.8263808
2024,8,0,0,1,155,NA,8.49454899
2024,8,0,0,1,163,NA,9.439051176
2024,8,0,0,1,222,5.3,15.70596159
2024,8,0,0,1,177,NA,11.25584858
2024,8,0,0,1,134,NA,6.319460677
2024,8,0,0,1,83,NA,2.648445129
2024,8,0,0,1,271,6.9,27.48712038
2024,8,0,0,1,232,5.3,16.86999622
2024,8,0,0,1,255,5.7,20.99289948
2024,8,0,0,1,264,5.6,21.92820735
2024,8,0,0,1,172,NA,10.58246241
2024,8,0,0,1,229,4.8,15.19236075
2024,8,0,0,1,190,NA,13.13900512
2024,8,0,0,1,168,NA,10.0635141
2024,8,0,0,1,292,6.9,31.01231565
2024,8,0,0,1,271,6.3,25.31661883
2024,8,0,0,1,184,NA,12.24571772
2024,8,0,0,1,132,NA,6.134206355
2024,8,0,0,1,161,NA,9.196684962
2024,8,0,0,1,202,5,12.82711182
2024,8,0,0,1,249,5.8,20.48950881
2024,8,0,0,1,241,5.9,19.73310849
2024,8,0,0,1,200,4.8,12.17120952
2024,8,0,0,1,196,NA,14.07471097
2024,8,0,0,1,219,5.6,16.16328183
2024,8,0,0,1,192,NA,13.44614532
2024,8,0,0,1,226,6.3,19.00205618
2024,8,0,0,1,192,NA,13.44614532
2024,8,0,0,1,227,7.8,23.9964657
2024,8,0,0,1,284,8.2,34.96468038
2024,8,0,0,1,119,NA,5.017547518
2024,8,0,0,1,162,NA,9.317342699
2024,8,0,0,1,135,NA,6.413470346
2024,9,1,1,4,170,NA,10.32081389
2024,9,1,1,4,143,NA,7.199329203
2024,9,1,1,4,156,NA,8.608997947
2024,9,1,1,4,178,NA,11.3938648
2024,9,1,1,4,134,NA,6.319460677
2024,9,1,1,4,164,NA,9.561814948
2024,9,1,1,4,159,NA,8.958503489
2024,9,1,1,4,208,4.4,12.04506127
2024,9,1,1,4,107,NA,4.115242342
2024,9,1,1,4,168,NA,10.0635141
2024,9,1,1,4,214,6.8,18.98345129
2024,9,1,1,4,162,NA,9.317342699
2024,9,1,1,4,128,NA,5.774630228
2024,9,1,1,4,114,NA,4.627078709
2024,9,1,1,4,143,NA,7.199329203
2024,9,1,1,4,167,NA,9.936483593
2024,9,1,1,4,143,NA,7.199329203
2024,9,1,1,4,181,NA,11.81467345
2024,9,1,1,4,180,NA,11.67327268
2024,9,1,1,4,98,NA,3.514562486
2024,9,1,1,4,140,NA,6.897525988
2024,9,1,1,4,103,NA,3.840468953
2024,9,1,1,4,238,5.9,19.34225604
2024,9,1,1,4,142,NA,7.097770017
2024,9,1,1,4,104,NA,3.90797795
2024,9,1,1,4,255,6,21.94848512
2024,9,1,1,4,198,NA,14.3962093
2024,9,1,1,4,171,NA,10.45109228
2024,9,1,1,4,216,5.3,15.03393734
2024,9,1,1,4,109,NA,4.257411993
2024,9,1,1,4,119,NA,5.017547518
2024,9,1,1,4,143,NA,7.199329203
2024,9,1,1,4,96,NA,3.389546173
2024,9,1,1,4,245,5.7,19.65169351
2024,9,1,1,4,166,NA,9.810526601
2024,9,1,1,4,99,NA,3.578207161
2024,9,1,1,4,42,NA,1.028851404
2024,9,1,1,4,239,6.3,20.70322209
2024,9,1,1,4,156,NA,8.608997947
2024,9,1,1,4,245,6.7,22.83165782
2024,9,1,1,4,138,NA,6.701084051
2024,9,1,1,4,226,6,18.11870238
2024,9,1,1,4,292,6.6,29.83550028
2024,9,1,1,4,137,NA,6.604277478
2024,9,1,1,4,130,NA,5.952608353
2024,9,1,1,4,126,NA,5.600235536
2024,9,1,1,4,194,NA,13.75803512
2024,9,1,1,4,108,NA,4.185924792
2024,9,1,1,4,152,NA,8.157297016
2024,9,1,1,4,116,NA,4.780738094
2024,9,1,1,4,170,NA,10.32081389
2024,9,1,1,4,123,NA,5.34528272
2024,9,1,1,4,229,5.6,17.34419002
2024,9,1,1,4,234,5.6,17.95562336
2024,9,1,1,4,68,NA,1.937773056
2024,9,1,1,4,37,NA,0.895597705
2024,9,1,1,4,187,NA,12.68712061
2024,9,1,1,4,167,NA,9.936483593
2024,9,1,1,4,177,NA,11.25584858
2024,9,1,1,4,226,5.8,17.54527711
2024,9,1,1,4,139,NA,6.798832036
2024,9,1,1,4,122,NA,5.262050685
2024,9,1,1,4,165,NA,9.685638572
2024,9,1,1,4,122,NA,5.262050685
2024,9,1,1,4,134,NA,6.319460677
2024,9,1,1,4,230,5.9,18.32528834
2024,9,1,1,4,230,5.5,17.18479719
2024,9,1,1,4,148,NA,7.721679073
2024,9,1,1,4,218,4.8,13.99373022
2024,9,1,1,4,194,NA,13.75803512
2024,9,1,1,4,213,5.1,14.2026366
2024,9,1,1,4,192,NA,13.44614532
2024,9,1,1,4,123,NA,5.34528272
2024,9,1,1,4,106,NA,4.045360089
2024,9,1,1,4,175,NA,10.98316879
2024,9,1,1,4,145,NA,7.405344698
2024,9,1,1,4,162,NA,9.317342699
2024,9,1,1,4,105,NA,3.976273476
2024,9,1,1,4,197,NA,14.23485505
2024,9,1,1,4,200,4.7,11.94667288
2024,9,1,1,4,109,NA,4.257411993
2024,9,1,1,4,149,NA,7.829091722
2024,10,1,0,3,222,5.6,16.5117349
2024,10,1,0,3,121,NA,5.179687177
2024,10,1,0,3,157,NA,8.724470312
2024,10,1,0,3,128,NA,5.774630228
2024,10,1,0,3,168,NA,10.0635141
2024,10,1,0,3,121,NA,5.179687177
2024,10,1,0,3,213,4.3,12.30673228
2024,10,1,0,3,70,NA,2.024100765
2024,10,1,0,3,136,NA,6.508407761
2024,10,1,0,3,135,NA,6.413470346
2024,10,1,0,3,158,NA,8.840970641
2024,10,1,0,3,175,NA,10.98316879
2024,10,1,0,3,79,NA,2.444368194
2024,10,1,0,3,125,NA,5.51437059
2024,10,1,0,3,163,NA,9.439051176
2024,10,1,0,3,43,NA,1.056996219
2024,10,1,0,3,155,NA,8.49454899
2024,10,1,0,3,64,NA,1.772551648
2024,10,1,0,3,92,NA,3.148478154
2024,10,1,0,3,145,NA,7.405344698
2024,10,1,0,3,131,NA,6.042952592
2024,10,1,0,3,162,NA,9.317342699
2024,10,1,0,3,231,5.6,17.58706936
2024,10,1,0,3,159,NA,8.958503489
2024,10,1,0,3,117,NA,4.858827301
2024,10,1,0,3,214,5.4,15.07104786
2024,10,1,0,3,56,NA,1.470824475
2024,10,1,0,3,192,NA,13.44614532
2024,10,1,0,3,177,NA,11.25584858
2024,10,1,0,3,236,5.8,18.78802297
2024,10,1,0,3,142,NA,7.097770017
2024,10,1,0,3,133,NA,6.226374199
2024,10,1,0,3,134,NA,6.319460677
2024,10,1,0,3,189,NA,12.98720474
2024,10,1,0,3,59,NA,1.579587841
2024,10,1,0,3,192,NA,13.44614532
2024,10,1,0,3,189,NA,12.98720474
2024,10,1,0,3,192,NA,13.44614532
2024,10,1,0,3,120,NA,5.098187639
2024,10,1,0,3,165,NA,9.685638572
2024,10,1,0,3,254,5.7,20.85611489
2024,10,1,0,3,176,NA,11.11895143
2024,10,1,0,3,188,NA,12.83657809
2024,10,1,0,3,226,7.1,21.4970073
2024,10,1,0,3,171,NA,10.45109228
2024,10,1,0,3,215,5.1,14.41686468
2024,10,1,0,3,214,6.6,18.38738062
2024,10,1,0,3,166,NA,9.810526601
2024,10,1,0,3,60,NA,1.616999302
2024,10,1,0,3,193,NA,13.60149424
2024,10,1,0,3,154,NA,8.381118886
2024,10,1,0,3,177,NA,11.25584858
2024,10,1,0,3,146,NA,7.509810116
2024,10,1,0,3,98,NA,3.514562486
2024,10,1,0,3,151,NA,8.046896138
2024,10,1,0,3,156,NA,8.608997947
2024,10,1,0,3,143,NA,7.199329203
2024,10,1,0,3,204,6.7,17.46183381
2024,10,1,0,3,74,NA,2.204372406
2024,10,1,0,3,96,NA,3.389546173
2024,10,1,0,3,87,NA,2.863575952
2024,11,0,0,1,212,4.8,13.36734387
2024,11,0,0,1,112,NA,4.476747659
2024,11,0,0,1,216,5.2,14.77789777
2024,11,0,0,1,157,NA,8.724470312
2024,11,0,0,1,195,NA,13.91577251
2024,11,0,0,1,128,NA,5.774630228
2024,11,0,0,1,226,5.9,17.830453
2024,11,0,0,1,223,6.8,20.14119613
2024,11,0,0,1,281,6.2,26.52513723
2024,11,0,0,1,188,NA,12.83657809
2024,11,0,0,1,164,NA,9.561814948
2024,11,0,0,1,225,6.3,18.87520232
2024,11,0,0,1,211,5.1,13.99054132
2024,11,0,0,1,300,6.5,30.82900542
2024,11,0,0,1,198,NA,14.3962093
2024,11,0,0,1,233,6.8,21.48173312
2024,11,0,0,1,216,4.6,13.30246967
2024,11,0,0,1,197,NA,14.23485505
2024,11,0,0,1,150,NA,7.937495892
2024,11,0,0,1,278,6.6,27.5052
2024,11,0,0,1,228,4.8,15.08067084
2024,11,0,0,1,277,6.7,27.71419108
2024,11,0,0,1,246,6,20.70736309
2024,11,0,0,1,162,NA,9.317342699
2024,11,0,0,1,289,6.7,29.71072025
2024,11,0,0,1,301,8.3,38.66985948
2024,11,0,0,1,224,6,17.87239506
2024,11,0,0,1,236,6.4,20.61422971
2024,11,0,0,1,271,5.8,23.59767042
2024,11,0,0,1,272,5.2,21.78109412
2024,11,0,0,1,270,6.5,25.87089296
2024,11,0,0,1,320,7.3,37.92039085
2024,11,0,0,1,232,5.7,17.99520572
2024,11,0,0,1,228,6,18.36726234
2024,11,0,0,1,132,NA,6.134206355
2024,11,0,0,1,139,NA,6.798832036
2024,11,0,0,1,222,5.7,16.78632578
2024,11,0,0,1,226,6.2,18.7044875
2024,11,0,0,1,251,6.8,24.0421936
2024,11,0,0,1,249,6.7,23.40777919
2024,11,0,0,1,205,5.6,14.60187854
2024,11,0,0,1,265,5.8,22.72087369
2024,11,0,0,1,213,4.4,12.53387936
2024,11,0,0,1,172,NA,10.58246241
2024,11,0,0,1,226,5.5,16.70802564
2024,11,0,0,1,281,6.7,28.36942718
2024,11,0,0,1,143,NA,7.199329203
2024,11,0,0,1,201,5.3,13.43833865
2024,11,0,0,1,193,NA,13.60149424
2024,11,0,0,1,149,NA,7.829091722
2024,11,0,0,1,199,NA,14.55877829
2024,11,0,0,1,238,6.2,20.25751535
2024,11,0,0,1,247,6.2,21.47707465
2024,11,0,0,1,214,5.6,15.59348081
2024,11,0,0,1,156,NA,8.608997947
2024,11,0,0,1,169,NA,10.19162268
2024,11,0,0,1,155,NA,8.49454899
2024,11,0,0,1,180,NA,11.67327268
2024,11,0,0,1,114,NA,4.627078709
2024,11,0,0,1,246,6.3,21.65990479
2024,11,0,0,1,325,7,37.58067276
2024,11,0,0,1,134,NA,6.319460677
2024,11,0,0,1,239,5.8,19.17196914
2024,11,0,0,1,182,NA,11.95721151
2024,11,0,0,1,116,NA,4.780738094
2024,11,0,0,1,234,6.6,20.9767247
2024,11,0,0,1,244,6.2,21.06526834
2024,11,0,0,1,184,NA,12.24571772
2024,11,0,0,1,227,5,15.48533309
2024,11,0,0,1,188,NA,12.83657809
2024,11,0,0,1,219,5.5,15.89504271
2024,11,0,0,1,220,6,17.38649734
2024,11,0,0,1,232,6,18.87118123
2024,11,0,0,1,190,NA,13.13900512
2024,11,0,0,1,145,NA,7.405344698
2024,11,0,0,1,242,6.7,22.40582623
2024,11,0,0,1,181,NA,11.81467345
2024,11,0,0,1,138,NA,6.701084051
2024,11,0,0,1,216,5,14.27457282
2024,11,0,0,1,243,5.8,19.69198526
2024,11,0,0,1,304,7.1,33.98698606
2024,11,0,0,1,138,NA,6.701084051
2024,11,0,0,1,161,NA,9.196684962
2024,11,0,0,1,173,NA,10.71492884
2024,11,0,0,1,182,NA,11.95721151
2024,11,0,0,1,233,5.7,18.11919016
2024,11,0,0,1,263,7.3,27.6929395
2024,11,0,0,1,195,NA,13.91577251
2024,11,0,0,1,181,NA,11.81467345
2024,11,0,0,1,281,6.5,27.62178689
2024,11,0,0,1,228,5.5,16.94529356
2024,11,0,0,1,178,NA,11.3938648
2024,11,0,0,1,156,NA,8.608997947
2024,11,0,0,1,253,6.6,23.65165908
2024,11,0,0,1,197,NA,14.23485505
2024,11,0,0,1,249,6.8,23.74816181
2024,11,0,0,1,242,6.6,22.07696051
2024,11,0,0,1,235,5.9,18.95659903
2024,11,0,0,1,235,6.1,19.55673815
2024,11,0,0,1,193,NA,13.60149424
2024,11,0,0,1,252,6.5,23.16810039
2024,11,0,0,1,182,NA,11.95721151
2024,11,0,0,1,291,7.4,32.86124352
2024,11,0,0,1,202,4.6,11.91488922
2024,11,0,0,1,201,6,15.19845331
2024,11,0,0,1,175,NA,10.98316879
2024,11,0,0,1,154,NA,8.381118886
2024,11,0,0,1,196,NA,14.07471097
2024,11,0,0,1,182,NA,11.95721151
2024,11,0,0,1,134,NA,6.319460677
2024,12,0,1,2,212,6,16.4412825
2024,12,0,1,2,225,5.6,16.86516036
2024,12,0,1,2,104,NA,3.90797795
2024,12,0,1,2,275,5,21.57141051
2024,12,0,1,2,211,5.8,15.7858414
2024,12,0,1,2,281,7.8,32.72362685
2024,12,0,1,2,186,NA,12.53882777
2024,12,0,1,2,251,6.8,24.0421936
2024,12,0,1,2,282,6.5,27.78476546
2024,12,0,1,2,249,5.8,20.48950881
2024,12,0,1,2,267,7,27.21605175
2024,12,0,1,2,239,6,19.77506646
2024,12,0,1,2,276,7.2,29.44936092
2024,12,0,1,2,152,NA,8.157297016
2024,12,0,1,2,183,NA,12.10089141
2024,12,0,1,2,268,6.7,26.27696406
2024,12,0,1,2,264,6.1,23.57369679
2024,12,0,1,2,245,6,20.57242172
2024,12,0,1,2,223,5,15.03744482
2024,12,0,1,2,109,NA,4.257411993
2024,12,0,1,2,281,7.6,31.90098141
2024,12,0,1,2,189,NA,12.98720474
2024,12,0,1,2,212,6.6,18.14084096
2024,12,0,1,2,267,7,27.21605175
2024,12,0,1,2,165,NA,9.685638572
2024,12,0,1,2,162,NA,9.317342699
2024,12,0,1,2,320,8.6,44.01816089
2024,12,0,1,2,161,NA,9.196684962
2024,12,0,1,2,213,6.1,16.83418077
2024,12,0,1,2,193,NA,13.60149424
2024,12,0,1,2,204,4.8,12.56163101
2024,12,0,1,2,232,6.2,19.47067987
2024,12,0,1,2,156,NA,8.608997947
2024,12,0,1,2,243,4.8,16.81439548
2024,12,0,1,2,210,5.2,14.13187471
2024,12,0,1,2,211,5.8,15.7858414
2024,12,0,1,2,242,5.4,18.37824155
2024,12,0,1,2,293,6.5,29.62003433
2024,12,0,1,2,272,7.3,29.16728226
2024,12,0,1,2,272,6.1,24.77122205
2024,12,0,1,2,212,5.3,14.59674346
2024,12,0,1,2,239,5.6,18.58126031
2024,12,0,1,2,252,6.5,23.16810039
2024,12,0,1,2,223,6.5,19.22088628
2024,12,0,1,2,196,4.4,10.92411007
2024,12,0,1,2,266,6.9,26.68916137
2024,12,0,1,2,245,6.4,21.84418503
2024,12,0,1,2,165,NA,9.685638572
2024,12,0,1,2,222,5.4,15.9715694
2024,12,0,1,2,256,5.9,21.76651897
2024,12,0,1,2,176,NA,11.11895143
2024,12,0,1,2,181,NA,11.81467345
2024,12,0,1,2,184,NA,12.24571772
2024,12,0,1,2,310,7.9,38.63329047
2024,12,0,1,2,259,6.3,23.51394035
2024,12,0,1,2,213,4.7,13.23205576
2024,12,0,1,2,267,6.7,26.12041021
2024,12,0,1,2,224,5.5,16.47298294
2024,12,0,1,2,271,7,27.86051158
2024,12,0,1,2,218,4.7,13.74998046
2024,12,0,1,2,153,3.9,6.670763318
2024,12,0,1,2,190,4.6,10.80527731
2024,12,0,1,2,118,NA,4.937762257
2024,12,0,1,2,222,4.8,14.42200791
2024,12,0,1,2,138,5.1,7.614987928
2024,12,0,1,2,222,4.5,13.68630643
2024,12,0,1,2,219,4.8,14.0999934
2024,12,0,1,2,142,NA,7.097770017
2024,12,0,1,2,242,5.5,18.66935577
2024,12,0,1,2,256,5.4,20.19936092
2024,12,0,1,2,190,NA,13.13900512
2024,12,0,1,2,236,6.2,19.99292624
2024,12,0,1,2,206,4.9,12.9936356
2024,12,0,1,2,205,4.3,11.53923198
2024,12,0,1,2,212,5.4,14.85133471
2024,12,0,1,2,199,NA,14.55877829
2024,12,0,1,2,200,5.2,13.09748858
2024,12,0,1,2,263,6.4,24.44894111
2024,12,0,1,2,176,NA,11.11895143
2024,12,0,1,2,224,6,17.87239506
2024,12,0,1,2,259,7.5,27.80208768
2024,12,0,1,2,206,5.6,14.70991794
2024,12,0,1,2,247,6.6,22.78376999
2024,12,0,1,2,197,NA,14.23485505
2024,12,0,1,2,168,NA,10.0635141
2024,12,0,1,2,153,NA,8.26870308
2024,12,0,1,2,273,6.8,27.43824356
2024,12,0,1,2,297,7,32.29905064
2024,12,0,1,2,254,6,21.80819843
2024,12,0,1,2,256,5.8,21.44682706
2024,12,0,1,2,305,7.6,36.31706477
2024,12,0,1,2,239,5.9,19.4719612
2024,12,0,1,2,310,7.8,38.18051376
2024,12,0,1,2,350,8.2,48.69291809
2024,12,0,1,2,265,7.3,28.01617257
2024,12,0,1,2,234,4.9,16.02326622
2024,12,0,1,2,232,5.1,16.32542311
2024,12,0,1,2,286,7.7,33.20542349
2024,12,0,1,2,293,7,31.58757674
2024,12,0,1,2,258,6.1,22.70133365
2024,12,0,1,2,204,4.6,12.1069046
2024,12,0,1,2,232,6.6,20.70749938
2024,12,0,1,2,165,NA,9.685638572
2024,12,0,1,2,245,6.7,22.83165782
2024,12,0,1,2,22,NA,0.56575723
2024,12,0,1,2,63,NA,1.732768476
2024,12,0,1,2,25,NA,0.623799495
2024,12,0,1,2,128,NA,5.774630228
2024,12,0,1,2,323,8,41.75365124
2024,12,0,1,2,299,7.8,36.04450525
2024,12,0,1,2,278,6.4,26.77146175
2024,12,0,1,2,236,5.5,17.91682711
2024,12,0,1,2,252,7.4,26.32343609
2024,12,0,1,2,255,6,21.94848512
2024,12,0,1,2,243,6.2,20.92917859
2024,12,0,1,2,303,7.4,35.07108565
2024,12,0,1,2,252,7,24.8878894
2024,12,0,1,2,167,NA,9.936483593
2024,12,0,1,2,198,NA,14.3962093
2024,12,0,1,2,231,6.5,20.26094079
2024,12,0,1,2,283,7.1,30.2461612
2024,12,0,1,2,365,8.6,54.41733122
2024,12,0,1,2,161,NA,9.196684962
2024,12,0,1,2,192,NA,13.44614532
2024,12,0,1,2,279,6.6,27.66747693
2024,12,0,1,2,197,NA,14.23485505
2024,12,0,1,2,274,7.4,29.89247801
2024,12,0,1,2,272,6.5,26.18356532
2024,12,0,1,2,278,7.2,29.78660519
2024,12,0,1,2,293,7.7,34.48577227
2024,12,0,1,2,177,NA,11.25584858
2024,12,0,1,2,203,4.6,12.0106411
2024,12,0,1,2,274,7,28.35047645
2024,12,0,1,2,241,6,20.03851857
2024,12,0,1,2,232,6.2,19.47067987
2024,12,0,1,2,307,7.6,36.70244057
2024,12,0,1,2,251,5.8,20.76005786
2024,12,0,1,2,261,6.8,25.5488058
2024,12,0,1,2,280,7,29.34757243
2024,12,0,1,2,274,6.8,27.59977174
2024,12,0,1,2,278,6.7,27.87704378
2024,12,0,1,2,253,6.1,21.99102242
2024,12,0,1,2,320,7.8,40.19411721
2024,12,0,1,2,332,8.5,46.142405
2024,12,0,1,2,302,8.8,41.2079138
2024,12,0,1,2,251,7.1,25.0902535
2024,12,0,1,2,192,NA,13.44614532
2024,12,0,1,2,171,NA,10.45109228
2024,12,0,1,2,328,8.8,46.77322705
2024,12,0,1,2,226,6.5,19.60662819
2024,12,0,1,2,256,7.5,27.3220969
2024,12,0,1,2,280,7.2,30.12641435
2024,12,0,1,2,273,6.3,25.6257423
2024,12,0,1,2,328,8,42.80965155
2024,12,0,1,2,299,6.6,31.0484499
2024,12,0,1,2,247,5.7,19.91522295
2024,12,0,1,2,182,NA,11.95721151
2024,12,0,1,2,197,NA,14.23485505
2024,12,0,1,2,302,6.4,30.78590202
2024,12,0,1,2,281,7.2,30.29728381
2024,12,0,1,2,306,7.5,36.07225897
2024,12,0,1,2,262,5.4,21.01529254
2024,12,0,1,2,352,9.4,55.64877396
2024,12,0,1,2,230,6.4,19.82045947
2024,12,0,1,2,96,NA,3.389546173
2024,12,0,1,2,194,NA,13.75803512
2024,12,0,1,2,126,NA,5.600235536
2024,12,0,1,2,232,6,18.87118123
2024,12,0,1,2,253,6.4,22.97772613
2024,12,0,1,2,208,4.6,12.49710213
2024,12,0,1,2,143,NA,7.199329203
2024,12,0,1,2,217,5.2,14.88744607
2024,12,0,1,2,256,6.5,23.75160124
2024,12,0,1,2,277,7,28.84615237
2024,12,0,1,2,248,6.5,22.59423516
2024,12,0,1,2,318,8.6,43.58963552
2024,12,0,1,2,281,7,29.51599465
2024,12,0,1,2,283,6.6,28.32296735
2024,12,0,1,2,232,4.9,15.79269735
2024,12,0,1,2,307,7.3,35.39772366
2024,12,0,1,2,245,6.3,21.52146879
2024,12,0,1,2,285,7.1,30.58996994
2024,12,0,1,2,232,6.5,20.39352601
2024,12,0,1,2,237,5.8,18.91542991
2024,12,0,1,2,216,5.7,16.08766804
2024,12,0,1,2,229,5.6,17.34419002
2024,12,0,1,2,325,8.5,44.60465539
2024,12,0,1,2,204,4.3,11.44560057
2024,12,0,1,2,196,NA,14.07471097
2024,12,0,1,2,200,5.8,14.57320772
2024,12,0,1,2,222,6,17.62833013
2024,12,0,1,2,220,6.3,18.24939513
2024,12,0,1,2,297,6.9,31.89384797
2024,12,0,1,2,170,NA,10.32081389
2024,12,0,1,2,226,5.4,16.43497898
2024,12,0,1,2,283,8.2,34.77950016
2024,12,0,1,2,319,8.1,41.39275502
2024,12,0,1,2,238,6.6,21.52215573
2024,12,0,1,2,294,7.1,32.1693703
2024,12,0,1,2,288,8.4,36.59451697
2024,12,0,1,2,221,6.9,20.1908252
2024,12,0,1,2,293,7.1,31.99125815
2024,12,0,1,2,304,7.1,33.98698606
2024,12,0,1,2,315,6.8,34.78138003
2024,12,0,1,2,252,6,21.52942092
2024,12,0,1,2,254,6.2,22.45875198
2024,12,0,1,2,222,4.6,13.92868976
2024,12,0,1,2,243,5.2,17.92914469
2024,12,0,1,2,303,8,37.70328796
2024,12,0,1,2,298,6.6,30.87319543
2024,12,0,1,2,274,6.2,25.4274002
2024,12,0,1,2,267,6.8,26.4822919
2024,12,0,1,2,112,NA,4.476747659
2024,12,0,1,2,252,7,24.8878894
2024,12,0,1,2,293,6.9,31.18730559
2024,12,0,1,2,286,7,30.36777735
2024,12,0,1,2,289,7.7,33.75019138
2024,12,0,1,2,203,5.6,14.38738936
2024,12,0,1,2,278,7.2,29.78660519
2024,12,0,1,2,298,7.3,33.71845884
2024,12,0,1,2,276,7.3,29.83899884
2024,12,0,1,2,212,6.1,16.71683172
2024,12,0,1,2,224,5.6,16.74679721
2024,12,0,1,2,323,6.5,35.03217121
2024,12,0,1,2,216,5.1,14.52478186
2024,12,0,1,2,262,5.7,21.96717379
2024,12,0,1,2,249,7,24.43879444
2024,12,0,1,2,314,6.9,35.01576428
2024,12,0,1,2,311,7.7,37.92829468
2024,12,0,1,2,315,8.3,41.5099197
2024,12,0,1,2,281,8,33.56029474
2024,12,0,1,2,155,NA,8.49454899
2024,12,0,1,2,198,NA,14.3962093
2024,12,0,1,2,174,NA,10.84849611
2024,12,0,1,2,304,7.3,34.83191793
2024,12,0,1,2,297,6.5,30.30692566
2024,12,0,1,2,281,6.7,28.36942718
2024,12,0,1,2,271,7.3,29.00094321
2024,12,0,1,2,253,6.2,22.31671842
2024,12,0,1,2,282,8.2,34.59497494
2024,12,0,1,2,219,5.7,16.43452191
2024,12,0,1,2,206,6.2,16.29607872
2024,12,0,1,2,178,NA,11.3938648
2024,12,0,1,2,166,NA,9.810526601
2024,12,0,1,2,178,NA,11.3938648
2025,1,0,0,1,267,4.9,20.15811566
2025,1,0,0,1,239,4.8,16.33973865
2025,1,0,0,1,94,NA,3.26753021
2025,1,0,0,1,109,NA,4.257411993
2025,1,0,0,1,156,NA,8.608997947
2025,1,0,0,1,273,5.2,21.92293038
2025,1,0,0,1,127,NA,5.68698723
2025,1,0,0,1,293,5.1,24.54908895
2025,1,0,0,1,118,NA,4.937762257
2025,1,0,0,1,205,3.9,10.69143456
2025,1,0,0,1,131,NA,6.042952592
2025,1,0,0,1,98,NA,3.514562486
2025,1,0,0,1,193,NA,13.60149424
2025,1,0,0,1,138,NA,6.701084051
2025,1,0,0,1,255,4.4,17.17187411
2025,1,0,0,1,179,NA,11.53300465
2025,1,0,0,1,143,NA,7.199329203
2025,1,0,0,1,129,NA,5.863169083
2025,1,0,0,1,273,5.3,22.24375021
2025,1,0,0,1,244,4.9,17.20982545
2025,1,0,0,1,172,NA,10.58246241
2025,1,0,0,1,138,NA,6.701084051
2025,1,0,0,1,126,NA,5.600235536
2025,1,0,0,1,151,NA,8.046896138
2025,1,0,0,1,187,NA,12.68712061
2025,1,0,0,1,196,NA,14.07471097
2025,1,0,0,1,103,NA,3.840468953
2025,1,0,0,1,94,NA,3.26753021
2025,1,0,0,1,144,NA,7.301852578
2025,1,0,0,1,252,5.1,18.77794004
2025,1,0,0,1,237,4.2,14.56168068
2025,1,0,0,1,207,4.2,11.50993699
2025,1,0,0,1,123,NA,5.34528272
2025,1,0,0,1,124,NA,5.429387836
2025,1,0,0,1,124,NA,5.429387836
2025,2,1,0,3,101,NA,3.707792329
2025,2,1,0,3,147,NA,7.61525339
2025,2,1,0,3,188,NA,12.83657809
2025,2,1,0,3,224,5,15.14859598
2025,2,1,0,3,206,4.9,12.9936356
2025,2,1,0,3,120,NA,5.098187639
2025,2,1,0,3,164,NA,9.561814948
2025,2,1,0,3,126,NA,5.600235536
2025,2,1,0,3,160,NA,9.077073411
2025,2,1,0,3,155,NA,8.49454899
2025,2,1,0,3,83,NA,2.648445129
2025,2,1,0,3,212,5.1,14.09632303
2025,2,1,0,3,66,NA,1.853935498
2025,2,1,0,3,75,NA,2.251053603
2025,2,1,0,3,215,5.1,14.41686468
2025,2,1,0,3,157,NA,8.724470312
2025,2,1,0,3,132,NA,6.134206355
2025,2,1,0,3,180,NA,11.67327268
2025,2,1,0,3,182,NA,11.95721151
2025,2,1,0,3,83,NA,2.648445129
2025,2,1,0,3,79,NA,2.444368194
2025,2,1,0,3,192,NA,13.44614532
2025,2,1,0,3,177,NA,11.25584858
2025,2,1,0,3,186,NA,12.53882777
2025,2,1,0,3,203,4.9,12.69376408
2025,2,1,0,3,186,NA,12.53882777
2025,2,1,0,3,143,NA,7.199329203
2025,2,1,0,3,150,NA,7.937495892
2025,2,1,0,3,180,NA,11.67327268
2025,2,1,0,3,137,NA,6.604277478
2025,2,1,0,3,198,NA,14.3962093
2025,2,1,0,3,120,NA,5.098187639
2025,2,1,0,3,201,4.9,12.49643506
2025,2,1,0,3,223,5.6,16.62898916
2025,2,1,0,3,207,4.6,12.39877849
2025,2,1,0,3,172,NA,10.58246241
2025,2,1,0,3,132,NA,6.134206355
2025,2,1,0,3,181,NA,11.81467345
2025,2,1,0,3,125,NA,5.51437059
2025,2,1,0,3,214,4.3,12.40499666
2025,2,1,0,3,173,NA,10.71492884
2025,2,1,0,3,126,NA,5.600235536
2025,2,1,0,3,129,NA,5.863169083
2025,2,1,0,3,204,4.7,12.33287065
2025,2,1,0,3,230,5,15.8270238
2025,2,1,0,3,208,4.9,13.19615097
2025,2,1,0,3,189,NA,12.98720474
2025,2,1,0,3,66,NA,1.853935498
2025,2,1,0,3,40,NA,0.974069516
2025,2,1,0,3,244,5.6,19.22126396
2025,2,1,0,3,227,4.6,14.46530934
2025,2,1,0,3,116,NA,4.780738094
2025,2,1,0,3,218,4.9,14.24034377
2025,2,1,0,3,211,5,13.74576094
2025,2,1,0,3,103,NA,3.840468953
2025,2,1,0,3,124,NA,5.429387836
2025,2,1,0,3,144,NA,7.301852578
2025,2,1,0,3,217,5.4,15.40466405
2025,2,1,0,3,252,5,18.48755367
2025,2,1,0,3,249,5.3,18.97840112
2025,2,1,0,3,200,4.2,10.86532343
2025,2,1,0,3,174,NA,10.84849611
2025,2,1,0,3,228,4.7,14.82602442
2025,2,1,0,3,214,4.6,13.09797896
2025,2,1,0,3,173,NA,10.71492884
2025,2,1,0,3,235,5.2,16.95295133
2025,2,1,0,3,211,4.2,11.8894835
2025,2,1,0,3,210,4.5,12.46577818
2025,2,1,0,3,75,NA,2.251053603
2025,2,1,0,3,213,4.9,13.71162148
2025,2,1,0,3,80,NA,2.494367069
2025,2,1,0,3,139,NA,6.798832036
2025,2,1,0,3,226,4.9,15.11428297
2025,2,1,0,3,138,NA,6.701084051
2025,2,1,0,3,183,NA,12.10089141
2025,2,1,0,3,233,5.5,17.5482675
2025,2,1,0,3,265,5.4,21.43137126
2025,2,1,0,3,295,6.6,30.3513914
2025,2,1,0,3,218,5.4,15.51695378
2025,2,1,0,3,194,NA,13.75803512
2025,2,1,0,3,238,5.3,17.59527891
2025,2,1,0,3,232,5,16.05758745
2025,2,1,0,3,235,5.2,16.95295133
2025,2,1,0,3,156,NA,8.608997947
2025,2,1,0,3,51,NA,1.300848931
2025,2,1,0,3,99,NA,3.578207161
2025,2,1,0,3,270,5.7,23.11700746
2025,2,1,0,3,190,NA,13.13900512
2025,2,1,0,3,110,NA,4.329708501
2025,2,1,0,3,216,4.4,12.83342284
2025,2,1,0,3,185,NA,12.39169499
2025,2,1,0,3,196,NA,14.07471097
2025,2,1,0,3,240,5.7,19.00306322
2025,2,1,0,3,226,4.9,15.11428297
2025,2,1,0,3,203,3.7,10.10916768
2025,2,1,0,3,181,NA,11.81467345
2025,2,1,0,3,258,5.7,21.40683906
2025,2,1,0,3,143,NA,7.199329203
2025,2,1,0,3,135,NA,6.413470346
2025,2,1,0,3,146,NA,7.509810116
2025,2,1,0,3,90,NA,3.032353562
2025,2,1,0,3,118,NA,4.937762257
2025,2,1,0,3,215,5.4,15.18171241
2025,2,1,0,3,221,5.4,15.85709436
2025,2,1,0,3,230,5.4,16.90726673
2025,2,1,0,3,206,5.2,13.71182553
2025,2,1,0,3,166,NA,9.810526601
2025,2,1,0,3,182,NA,11.95721151
2025,2,1,0,3,213,5.4,14.9609224
2025,2,1,0,3,210,5.6,15.14740472
2025,2,1,0,3,275,6.7,27.39039085
2025,2,1,0,3,114,NA,4.627078709
2025,2,1,0,3,115,NA,4.703490082
2025,2,1,0,3,163,NA,9.439051176
2025,2,1,0,3,212,5.3,14.59674346
2025,2,1,0,3,160,NA,9.077073411
2025,2,1,0,3,218,5.3,15.25577039
2025,2,1,0,3,150,NA,7.937495892
2025,2,1,0,3,125,NA,5.51437059
2025,2,1,0,3,93,NA,3.207635971
2025,2,1,0,3,121,NA,5.179687177
2025,2,1,0,3,98,NA,3.514562486
2025,2,1,0,3,86,NA,2.808741
2025,2,1,0,3,127,NA,5.68698723
2025,2,1,0,3,144,NA,7.301852578
2025,2,1,0,3,153,NA,8.26870308
2025,2,1,0,3,105,NA,3.976273476
2025,2,1,0,3,143,NA,7.199329203
2025,2,1,0,3,174,NA,10.84849611
2025,2,1,0,3,148,NA,7.721679073
2025,2,1,0,3,209,3.9,11.05444736
2025,2,1,0,3,235,5.8,18.66118944
2025,2,1,0,3,161,NA,9.196684962
2025,2,1,0,3,135,NA,6.413470346
2025,2,1,0,3,150,NA,7.937495892
2025,2,1,0,3,90,NA,3.032353562
2025,3,0,1,2,163,NA,9.439051176
2025,3,0,1,2,147,NA,7.61525339
2025,3,0,1,2,287,7.4,32.14580658
2025,3,0,1,2,312,7.42,36.87990539
2025,3,0,1,2,244,6.37,21.60837078
2025,3,0,1,2,410,8.31,64.58915931
2025,3,0,1,2,302,6.47,31.06167688
2025,3,0,1,2,272,7.4,29.55544997
2025,3,0,1,2,410,8.97,68.61355429
2025,3,0,1,2,375,7.56,51.2737473
2025,3,0,1,2,298,6.4,30.09073617
2025,3,0,1,2,166,NA,9.810526601
2025,3,0,1,2,287,6.12,27.19758022
2025,3,0,1,2,210,5.59,15.12144182
2025,3,0,1,2,267,6.14,24.15464458
2025,3,0,1,2,310,6.51,32.65313485
2025,3,0,1,2,214,5.15,14.43458618
2025,3,0,1,2,251,5.55,19.98907279
2025,3,0,1,2,296,6.62,30.60315983
2025,3,0,1,2,236,4.9,16.25606839
2025,3,0,1,2,206,4.97,13.15891308
2025,3,0,1,2,303,5.13,26.22201749
2025,3,0,1,2,120,NA,5.098187639
2025,3,0,1,2,141,NA,6.997170463
2025,3,0,1,2,110,NA,4.329708501
2025,3,0,1,2,350,8.08,48.07609311
2025,3,0,1,2,306,6.7,32.69996642
2025,3,0,1,2,335,9.04,49.60928142
2025,3,0,1,2,320,5.48,30.36942546
2025,3,0,1,2,340,7.66,43.75020773
2025,3,0,1,2,293,7.14,32.15368883
2025,3,0,1,2,140,NA,6.897525988
2025,3,0,1,2,224,5.02,15.2001569
2025,3,0,1,2,163,NA,9.439051176
2025,3,0,1,2,219,5.23,15.18565624
2025,3,0,1,2,317,5.57,30.18886866
2025,3,0,1,2,195,NA,13.91577251
2025,3,0,1,2,232,4.62,15.06653679
2025,3,0,1,2,266,6.78,26.25275678
2025,3,0,1,2,425,8.26,68.5543276
2025,3,0,1,2,430,7.82,67.31711869
2025,3,0,1,2,310,5.2,27.61400867
2025,3,0,1,2,293,6.26,28.70536616
2025,3,0,1,2,204,3.94,10.68437531
2025,3,0,1,2,276,4.71,20.80748207
2025,3,0,1,2,247,8.31,28.96815836
2025,3,0,1,2,310,6.37,32.08754609
2025,3,0,1,2,269,5.5,22.31699625
2025,3,0,1,2,435,8.91,75.65873081
2025,3,0,1,2,430,7.46,65.16103015
2025,3,0,1,2,303,5.56,27.76810108
2025,3,0,1,2,370,8.11,52.9816348
2025,3,0,1,2,252,4.59,17.32826214
2025,3,0,1,2,261,4.75,18.91806781
2025,3,0,1,2,241,4.06,14.6536829
2025,3,0,1,2,237,5.26,17.36086513
2025,3,0,1,2,220,4.29,12.98228028
2025,3,0,1,2,276,6.78,27.84990945
2025,3,0,1,2,301,5.64,27.73061295
2025,3,0,1,2,400,7.1,55.03356283
2025,3,0,1,2,405,7.19,56.8136842
2025,3,0,1,2,284,5.1,23.19330663
2025,3,0,1,2,310,5.53,28.83062138
2025,3,0,1,2,370,7.42,49.35158041
2025,3,0,1,2,325,5.4,30.94597151
2025,3,0,1,2,395,7.93,58.3260867
2025,3,0,1,2,315,6.63,34.06822874
2025,3,0,1,2,204,4.1,11.01838794
2025,3,0,1,2,250,5.02,18.29160443
2025,3,0,1,2,247,4.24,15.79159075
2025,3,0,1,2,274,5.14,21.873675
2025,3,0,1,2,320,6.12,32.89786647
2025,3,0,1,2,360,7.35,46.67717881
2025,3,0,1,2,260,4.92,19.28687372
2025,3,0,1,2,238,5.22,17.37062159
2025,3,0,1,2,204,4.2,11.23064003
2025,3,0,1,2,207,4.39,11.92664231
2025,3,0,1,2,308,5.7,29.12867042
2025,3,0,1,2,280,5.38,23.52762559
2025,3,0,1,2,71,NA,2.068209814
2025,3,0,1,2,305,5.32,27.2244462
2025,3,0,1,2,315,5.42,29.27182401
2025,3,0,1,2,385,7.48,53.30065962
2025,3,0,1,2,251,5.03,18.44705487
2025,3,0,1,2,325,6.56,35.67012462
2025,3,0,1,2,179,NA,11.53300465
2025,3,0,1,2,211,4.62,12.84164316
2025,3,0,1,2,325,6.61,35.88389315
2025,3,0,1,2,370,7.31,48.78866602
2025,3,0,1,2,288,5.52,25.21941201
2025,3,0,1,2,309,5.34,27.95872662
2025,3,0,1,2,313,5.44,29.00444663
2025,3,0,1,2,232,5.2,16.5962206
2025,3,0,1,2,310,5.65,29.28173167
2025,3,0,1,2,273,4.93,21.07215724
2025,3,0,1,2,340,6.17,36.92819071
2025,3,0,1,2,301,4.89,25.0709898
2025,3,0,1,2,296,5.36,25.91591392
2025,3,0,1,2,345,5.98,37.10187732
2025,3,0,1,2,237,4.92,16.42716592
2025,3,0,1,2,272,6.04,24.5638553
2025,3,0,1,2,218,4.41,13.05914641
2025,3,0,1,2,283,5.34,23.84183605
2025,3,0,1,2,261,4.75,18.91806781
2025,3,0,1,2,210,4.85,13.28141446
2025,3,0,1,2,221,4.23,12.94422436
2025,3,0,1,2,284,4.91,22.57360584
2025,3,0,1,2,385,7.35,52.6080488
2025,3,0,1,2,226,4.23,13.45819299
2025,3,0,1,2,167,NA,9.936483593
2025,3,0,1,2,267,4.75,19.70691052
2025,3,0,1,2,330,6.8,37.69132651
2025,3,0,1,2,315,6.58,33.8603494
2025,3,0,1,2,340,6.3,37.49295599
2025,3,0,1,2,410,8.5,65.73109971
2025,3,0,1,2,218,8.61,25.56776662
2025,3,0,1,2,252,4.62,17.41139659
2025,3,0,1,2,440,8.67,75.63430621
2025,3,0,1,2,350,7.19,43.66309798
2025,3,0,1,2,220,4.45,13.35853611
2025,3,0,1,2,293,5.43,25.68755476
2025,3,0,1,2,205,3.95,10.79505831
2025,3,0,1,2,310,6.95,34.47389385
2025,3,0,1,2,289,5.42,25.02836022
2025,3,0,1,2,245,4.59,16.48414531
2025,3,0,1,2,370,6.69,45.69576152
2025,3,0,1,2,54,NA,1.401162524
2025,3,0,1,2,241,4.57,15.96152091
2025,3,0,1,2,395,6.98,53.12841501
2025,3,0,1,2,220,3.97,12.2510971
2025,3,0,1,2,75,NA,2.251053603
2025,3,0,1,2,220,6.69,19.41322175
2025,3,0,1,2,340,7.71,43.99263169
2025,3,0,1,2,335,6.79,38.65147285
2025,3,0,1,2,251,4.94,18.18849399
2025,3,0,1,2,213,8.33,23.83128278
2025,3,0,1,2,380,7.39,51.5937967
2025,3,0,1,2,375,6.65,46.64209091
2025,3,0,1,2,405,7.53,58.70603576
2025,3,0,1,2,303,5.59,27.87817878
2025,3,0,1,2,314,6.21,32.16709801
2025,3,0,1,2,266,4.71,19.45522934
2025,3,0,1,2,360,6.57,42.89647947
2025,3,0,1,2,350,6.34,39.70872929
2025,3,0,1,2,260,4.54,18.18519575
2025,3,0,1,2,330,5.37,31.72813929
2025,3,0,1,2,355,6.08,39.57980987
2025,3,0,1,2,390,6.54,49.61871561
2025,3,0,1,2,290,5.78,26.45082596
2025,3,0,1,2,296,5.21,25.39209864
2025,3,0,1,2,330,5.81,33.49035007
2025,3,0,1,2,325,5.75,32.32439252
2025,3,0,1,2,253,4.79,18.01267077
2025,3,0,1,2,360,7.2,45.93354186
2025,3,0,1,2,335,5.95,35.01613839
2025,3,0,1,2,228,4.12,13.40540683
2025,3,0,1,2,257,5.18,19.66630355
2025,3,0,1,2,370,6.85,46.48102622
2025,3,0,1,2,350,6.95,42.52116084
2025,3,0,1,2,105,NA,3.976273476
2025,3,0,1,2,224,4.56,14.0435548
2025,3,0,1,2,274,5.89,24.35108986
2025,3,0,1,2,320,6.11,32.85731856
2025,3,0,1,2,243,5.1,17.64597737
2025,3,0,1,2,305,5.69,28.58272911
2025,3,0,1,2,154,NA,8.381118886
2025,3,0,1,2,238,4.84,16.3295851
2025,3,0,1,2,240,4.65,16.05676847
2025,3,0,1,2,199,NA,14.55877829
2025,3,0,1,2,405,7.36,57.75469312
2025,3,0,1,2,355,5.37,36.4830592
2025,3,0,1,2,320,4.83,27.93758128
2025,3,0,1,2,330,5.98,34.18830105
2025,3,0,1,2,251,4.71,17.53872858
2025,3,0,1,2,239,4.45,15.41865347
2025,3,0,1,2,254,4.33,16.859335
2025,3,0,1,2,395,7.05,53.50041424
2025,3,0,1,2,209,3.53,10.29302617
2025,3,0,1,2,252,4.62,17.41139659
2025,3,0,1,2,198,NA,14.3962093
2025,3,0,1,2,405,8.32,63.2642113
2025,3,0,1,2,265,4.72,19.35283894
2025,3,0,1,2,156,NA,8.608997947
2025,3,0,1,2,330,6.67,37.12072035
2025,3,0,1,2,302,6.63,31.69819312
2025,3,0,1,2,182,NA,11.95721151
2025,3,0,1,2,190,NA,13.13900512
2025,3,0,1,2,136,NA,6.508407761
2025,3,0,1,2,300,5.95,28.7140462
2025,3,0,1,2,286,5.19,23.78975272
2025,3,0,1,2,315,6.13,32.02735875
2025,3,0,1,2,405,8.27,62.96895967
2025,3,0,1,2,390,7.15,52.78483564
2025,3,0,1,2,237,5.9,19.21312815
2025,3,0,1,2,266,5.49,21.85809419
2025,3,0,1,2,330,6.69,37.20812843
2025,3,0,1,2,300,5.68,27.71217365
2025,3,0,1,2,360,6.31,41.68317967
2025,3,0,1,2,365,5.99,41.28358877
2025,3,0,1,2,265,4.36,18.30899097
2025,3,0,1,2,345,5.3,34.24038676
2025,3,0,1,2,295,5.34,25.68767777
2025,3,0,1,2,239,5.42,18.06010827
2025,3,0,1,2,330,6,34.27104479
2025,3,0,1,2,400,6.39,51.28201924
2025,3,0,1,2,257,4.49,17.66767645
2025,3,0,1,2,163,NA,9.439051176
2025,3,0,1,2,232,4.47,14.68684478
2025,3,0,1,2,360,6.04,40.4476578
2025,3,0,1,2,240,4.94,16.8375871
2025,3,0,1,2,320,5.85,31.81473208
2025,3,0,1,2,305,6.84,33.09136442
2025,3,0,1,2,330,7.01,38.62537711
2025,3,0,1,2,196,NA,14.07471097
2025,3,0,1,2,375,7.17,49.25293448
2025,3,0,1,2,143,NA,7.199329203
2025,3,0,1,2,300,6.8,32.02519987
2025,4,1,1,4,285,5.4,24.34637586
2025,4,1,1,4,131,NA,6.042952592
2025,4,1,1,4,188,NA,12.83657809
2025,4,1,1,4,221,4.9,14.56400798
2025,4,1,1,4,174,NA,10.84849611
2025,4,1,1,4,124,NA,5.429387836
2025,4,1,1,4,153,NA,8.26870308
2025,4,1,1,4,165,NA,9.685638572
2025,4,1,1,4,162,NA,9.317342699
2025,4,1,1,4,77,NA,2.346383826
2025,4,1,1,4,165,NA,9.685638572
2025,4,1,1,4,206,4.7,12.52905208
2025,4,1,1,4,206,4.3,11.63337263
2025,4,1,1,4,175,NA,10.98316879
2025,4,1,1,4,234,6.2,19.73065114
2025,4,1,1,4,191,NA,13.2919838
2025,4,1,1,4,201,3.9,10.33645727
2025,4,1,1,4,245,5.5,19.05339558
2025,4,1,1,4,175,NA,10.98316879
2025,4,1,1,4,136,NA,6.508407761
2025,4,1,1,4,81,NA,2.545043147
2025,4,1,1,4,168,NA,10.0635141
2025,4,1,1,4,193,NA,13.60149424
2025,4,1,1,4,86,NA,2.808741
2025,4,1,1,4,200,3.3,9.087046601
2025,4,1,1,4,138,NA,6.701084051
2025,4,1,1,4,252,5.1,18.77794004
2025,4,1,1,4,325,6.2,34.1559995
2025,4,1,1,4,305,5.2,26.79334739
2025,4,1,1,4,360,6.3,41.63697697
2025,4,1,1,4,227,5.3,16.28104422
2025,4,1,1,4,211,4.4,12.33679585
2025,4,1,1,4,280,4.6,21.02365751
2025,4,1,1,4,135,NA,6.413470346
2025,4,1,1,4,205,4,10.89934947
2025,4,1,1,4,189,NA,12.98720474
2025,4,1,1,4,220,4.4,13.24018588
2025,4,1,1,4,150,NA,7.937495892
2025,4,1,1,4,235,4.5,15.09571046
2025,4,1,1,4,53,NA,1.367171971
2025,4,1,1,4,120,NA,5.098187639
2025,4,1,1,4,275,5.3,22.53161592
2025,4,1,1,4,300,6.2,29.66297467
2025,4,1,1,4,171,NA,10.45109228
2025,4,1,1,4,106,NA,4.045360089
2025,4,1,1,4,295,5.5,26.25135744
2025,4,1,1,4,235,4.3,14.59118396
2025,4,1,1,4,135,NA,6.413470346
2025,4,1,1,4,184,NA,12.24571772
2025,4,1,1,4,270,4.7,19.9588032
2025,4,1,1,4,236,6.5,20.92965098
2025,4,1,1,4,170,NA,10.32081389
2025,4,1,1,4,245,5.1,17.8934779
2025,4,1,1,4,218,4.3,12.80328482
2025,4,1,1,4,204,4.3,11.44560057
2025,4,1,1,4,335,6.5,37.36931908
2025,4,1,1,4,67,NA,1.895545286
2025,4,1,1,4,121,NA,5.179687177
2025,4,1,1,4,285,5.9,26.08469673
2025,4,1,1,4,375,6.9,47.88547363
2025,4,1,1,4,244,5,17.48814064
2025,4,1,1,4,245,4.9,17.33160397
2025,4,1,1,4,202,4.2,11.04697502
2025,4,1,1,4,146,NA,7.509810116
2025,4,1,1,4,27,4.7,1.869582134
2025,4,1,1,4,191,NA,13.2919838
2025,4,1,1,4,222,3.8,12.06788779
2025,4,1,1,4,173,NA,10.71492884
2025,4,1,1,4,177,NA,11.25584858
2025,4,1,1,4,247,4.2,15.68746019
2025,4,1,1,4,199,NA,14.55877829
2025,4,1,1,4,305,6,29.75493723
2025,4,1,1,4,230,4.8,15.30460077
2025,4,1,1,4,275,4.9,21.25751203
2025,4,1,1,4,134,NA,6.319460677
2025,4,1,1,4,235,5,16.40761452
2025,4,1,1,4,142,NA,7.097770017
2025,4,1,1,4,297,5.1,25.16823851
2025,4,1,1,4,204,4.1,11.01838794
2025,4,1,1,4,80,NA,2.494367069
2025,4,1,1,4,195,NA,13.91577251
2025,4,1,1,4,85,NA,2.754610583
2025,4,1,1,4,180,NA,11.67327268
2025,4,1,1,4,214,4.4,12.63320339
2025,4,1,1,4,254,4.9,18.45356289
2025,4,1,1,4,235,4.7,15.61173512
2025,4,1,1,4,215,4.9,13.92151076
2025,4,1,1,4,84,NA,2.701180145
2025,4,1,1,4,113,NA,4.55149942
2025,4,1,1,4,247,5,17.85858489
2025,4,1,1,4,130,NA,5.952608353
2025,4,1,1,4,143,NA,7.199329203
2025,4,1,1,4,285,5.7,25.3797711
2025,4,1,1,4,100,NA,3.642615591
2025,4,1,1,4,132,NA,6.134206355
2025,4,1,1,4,62,NA,1.693585064
2025,4,1,1,4,315,6.1,31.90756887
2025,4,1,1,4,255,4.7,18.00853052
2025,4,1,1,4,54,NA,1.401162524
2025,4,1,1,4,226,4.3,13.62525539
2025,4,1,1,4,217,6.4,18.17107698
2025,4,1,1,4,251,4.3,16.41917175
2025,4,1,1,4,255,4.2,16.62875315
2025,4,1,1,4,115,NA,4.703490082
2025,4,1,1,4,186,NA,12.53882777
2025,4,1,1,4,219,4.7,13.85516097
2025,4,1,1,4,75,NA,2.251053603
2025,4,1,1,4,167,NA,9.936483593
2025,4,1,1,4,305,6.5,31.71240294
2025,4,1,1,4,199,NA,14.55877829
2025,4,1,1,4,217,5.3,15.14458309
2025,4,1,1,4,197,NA,14.23485505
2025,4,1,1,4,213,4.5,12.76380438
2025,4,1,1,4,214,4.4,12.63320339
2025,4,1,1,4,163,NA,9.439051176
2025,4,1,1,4,270,5.7,23.11700746
2025,4,1,1,4,257,5.3,20.02858115
2025,4,1,1,4,260,4.8,18.93430325
2025,4,1,1,4,195,NA,13.91577251
2025,4,1,1,4,260,4.9,19.22781062
2025,4,1,1,4,202,4.3,11.25985998
2025,4,1,1,4,197,NA,14.23485505
2025,4,1,1,4,214,4.1,11.95686108
2025,4,1,1,4,280,5.8,24.95471232
2025,4,1,1,4,215,4.3,12.50378273
2025,4,1,1,4,184,NA,12.24571772
2025,4,1,1,4,134,NA,6.319460677
2025,4,1,1,4,140,NA,6.897525988
2025,4,1,1,4,335,7.3,40.97683151
2025,4,1,1,4,225,4.7,14.49752699
2025,4,1,1,4,260,5.2,20.12650013
2025,4,1,1,4,225,4.5,14.00340482
2025,4,1,1,4,161,NA,9.196684962
2025,4,1,1,4,224,4.3,13.41656084
2025,4,1,1,4,300,5.3,26.34201276
2025,4,1,1,4,223,3.9,12.38957023
2025,4,1,1,4,211,4.6,12.79518915
2025,4,1,1,4,102,NA,3.773741931
2025,4,1,1,4,345,6.2,38.06067183
2025,4,1,1,4,233,5.2,16.7145691
2025,4,1,1,4,214,4.7,13.33458151
2025,4,1,1,4,215,3.9,11.61422988
2025,4,1,1,4,260,5.6,21.36771953
2025,4,1,1,4,215,4,11.83252384
2025,4,1,1,4,243,4.7,16.54312171
2025,4,1,1,4,95,NA,3.328165426
2025,4,1,1,4,225,3.4,11.48519954
2025,4,1,1,4,100,NA,3.642615591
2025,4,1,1,4,145,NA,7.405344698
2025,4,1,1,4,186,NA,12.53882777
2025,4,1,1,4,260,5.6,21.36771953
2025,4,1,1,4,225,5,15.26029352
2025,4,1,1,4,161,NA,9.196684962
2025,4,1,1,4,179,NA,11.53300465
2025,4,1,1,4,110,NA,4.329708501
2025,4,1,1,4,159,NA,8.958503489
2025,4,1,1,4,227,3.6,12.11334988
2025,4,1,1,4,206,4.8,12.75993427
2025,4,1,1,4,185,NA,12.39169499
2025,4,1,1,4,172,NA,10.58246241
2025,4,1,1,4,300,5.7,27.78557435
2025,4,1,1,4,50,NA,1.268507335
2025,4,1,1,4,65,NA,1.812939137
2025,4,1,1,4,305,6.4,31.31424467
2025,4,1,1,4,166,NA,9.810526601
2025,4,1,1,4,265,5.4,21.43137126
2025,4,1,1,4,170,NA,10.32081389
2025,4,1,1,4,273,5.4,22.56768478
2025,4,1,1,4,180,NA,11.67327268
2025,4,1,1,4,191,NA,13.2919838
2025,4,1,1,4,123,NA,5.34528272
2025,4,1,1,4,300,5.1,25.63937099
2025,4,1,1,4,218,4,12.12251337
2025,4,1,1,4,209,4.1,11.48123275
2025,4,1,1,4,124,NA,5.429387836
2025,4,1,1,4,240,4.4,15.403344
2025,4,1,1,4,275,5.7,23.85563934
2025,4,1,1,4,265,6,23.38458183
2025,4,1,1,4,216,4.6,13.30246967
2025,4,1,1,4,115,NA,4.703490082
2025,4,1,1,4,144,NA,7.301852578
2025,4,1,1,4,165,NA,9.685638572
2025,4,1,1,4,217,5,14.38193683
2025,4,1,1,4,225,5.8,17.42410642
2025,4,1,1,4,185,NA,12.39169499
2025,4,1,1,4,266,5.2,20.94290495
2025,4,1,1,4,73,NA,2.158341079
2025,4,1,1,4,174,NA,10.84849611
2025,4,1,1,4,115,NA,4.703490082
2025,4,1,1,4,257,5.8,21.58597351
2025,4,1,1,4,280,5.3,23.26212248
2025,4,1,1,4,224,5.1,15.40757058
2025,4,1,1,4,225,5.8,17.42410642
2025,4,1,1,4,325,6.4,34.99177347
2025,4,1,1,4,185,NA,12.39169499
2025,4,1,1,4,215,4.5,12.96510434
2025,4,1,1,4,172,NA,10.58246241
2025,4,1,1,4,275,4.9,21.25751203
2025,4,1,1,4,235,4.2,14.34319203
2025,4,1,1,4,119,NA,5.017547518
2025,4,1,1,4,153,NA,8.26870308
2025,4,1,1,4,295,6.2,28.81449044
2025,4,1,1,4,237,2,9.745986245
2025,4,1,1,4,166,NA,9.810526601
2025,4,1,1,4,187,NA,12.68712061
2025,4,1,1,4,181,NA,11.81467345
2025,4,1,1,4,186,NA,12.53882777
2025,4,1,1,4,158,NA,8.840970641
2025,4,1,1,4,280,5.6,24.26815933
2025,4,1,1,4,220,6,17.38649734
2025,4,1,1,4,201,4.3,11.16774804
2025,4,1,1,4,82,NA,2.596400982
2025,4,1,1,4,115,NA,4.703490082
2025,4,1,1,4,52,NA,1.333735625
2025,4,1,1,4,235,4.8,15.87409973
2025,4,1,1,4,232,5,16.05758745
2025,4,1,1,4,160,NA,9.077073411
2025,4,1,1,4,200,4.8,12.17120952
2025,4,1,1,4,140,NA,6.897525988
2025,4,1,1,4,290,5.5,25.46150725
2025,4,1,1,4,210,4.8,13.16277989
2025,4,1,1,4,135,NA,6.413470346
2025,4,1,1,4,224,5.2,15.66948003
2025,4,1,1,4,147,NA,7.61525339
2025,4,1,1,4,111,NA,4.402818871
2025,4,1,1,4,210,5.6,15.14740472
2025,5,1,0,3,247,4.3,15.948649
2025,5,1,0,3,128,NA,5.774630228
2025,5,1,0,3,55,NA,1.435711841
2025,5,1,0,3,225,3.2,11.06253788
2025,5,1,0,3,310,6.4,32.20818937
2025,5,1,0,3,122,NA,5.262050685
2025,5,1,0,3,156,NA,8.608997947
2025,5,1,0,3,193,NA,13.60149424
2025,5,1,0,3,228,3.6,12.21157023
2025,5,1,0,3,80,NA,2.494367069
2025,5,1,0,3,95,NA,3.328165426
2025,5,1,0,3,148,NA,7.721679073
2025,5,1,0,3,225,3.8,12.36254735
2025,5,1,0,3,242,3.5,13.40685503
2025,5,1,0,3,162,NA,9.317342699
2025,5,1,0,3,270,5.5,22.46051222
2025,5,1,0,3,115,NA,4.703490082
2025,5,1,0,3,240,5.6,18.70810648
2025,5,1,0,3,305,5.3,27.15227764
2025,5,1,0,3,250,4.3,16.30068534
2025,5,1,0,3,125,NA,5.51437059
2025,5,1,0,3,255,4.7,18.00853052
2025,5,1,0,3,315,6.5,33.52950424
2025,5,1,0,3,120,NA,5.098187639
2025,5,1,0,3,217,4.2,12.47430621
2025,5,1,0,3,245,4.1,15.2017088
2025,5,1,0,3,380,7.8,53.77830167
2025,5,1,0,3,197,NA,14.23485505
2025,5,1,0,3,300,5.2,25.98910884
2025,5,1,0,3,92,NA,3.148478154
2025,5,1,0,3,300,6.1,29.28093422
2025,5,1,0,3,245,5.5,19.05339558
2025,5,1,0,3,305,5.9,29.37337115
2025,5,1,0,3,162,NA,9.317342699
2025,5,1,0,3,205,5,13.12862779
2025,5,1,0,3,250,4.8,17.66700441
2025,5,1,0,3,305,6.9,33.33878535
2025,5,1,0,3,230,3.9,13.09566291
2025,5,1,0,3,315,5.7,30.33880114
2025,5,1,0,3,145,NA,7.405344698
2025,5,1,0,3,260,6.6,24.69172357
2025,5,1,0,3,212,4.6,12.89559474
2025,5,1,0,3,295,5.8,27.33036804
2025,5,1,0,3,335,6.5,37.36931908
2025,5,1,0,3,282,5,22.573769
2025,5,1,0,3,235,4.2,14.34319203
2025,5,1,0,3,207,3.5,10.05854632
2025,5,1,0,3,245,4.2,15.45782246
2025,5,1,0,3,290,6,27.24588098
2025,5,1,0,3,106,NA,4.045360089
2025,5,1,0,3,275,4.9,21.25751203
2025,5,1,0,3,128,NA,5.774630228
2025,5,1,0,3,242,4.8,16.69488111
2025,5,1,0,3,310,5.4,28.34717324
2025,5,1,0,3,240,3.6,13.43192355
2025,5,1,0,3,200,3,8.540566512
2025,5,1,0,3,204,3.3,9.415814851
2025,5,1,0,3,104,NA,3.90797795
2025,5,1,0,3,198,NA,14.3962093
2025,5,1,0,3,74,NA,2.204372406
2025,5,1,0,3,144,NA,7.301852578
2025,5,1,0,3,255,4.9,18.58113324
2025,5,1,0,3,102,NA,3.773741931
2025,5,1,0,3,253,4.5,17.20232409
2025,5,1,0,3,160,NA,9.077073411
2025,5,1,0,3,270,5.3,21.81656526
2025,5,1,0,3,260,5.1,19.82389363
2025,5,1,0,3,275,4.9,21.25751203
2025,5,1,0,3,305,6.1,30.1397935
2025,5,1,0,3,185,NA,12.39169499
2025,5,1,0,3,217,4.2,12.47430621
2025,5,1,0,3,156,NA,8.608997947
2025,5,1,0,3,235,4,13.85566985
2025,5,1,0,3,175,NA,10.98316879
2025,5,1,0,3,198,NA,14.3962093
2025,5,1,0,3,156,NA,8.608997947
2025,5,1,0,3,145,NA,7.405344698
2025,5,1,0,3,114,NA,4.627078709
2025,5,1,0,3,203,5.2,13.40231047
2025,5,1,0,3,161,NA,9.196684962
2025,5,1,0,3,305,5.6,28.2482728
2025,5,1,0,3,193,NA,13.60149424
2025,5,1,0,3,220,4,12.31844834
2025,5,1,0,3,147,NA,7.61525339
2025,5,1,0,3,223,5.2,15.55612348
2025,5,1,0,3,162,NA,9.317342699
2025,5,1,0,3,197,NA,14.23485505
2025,5,1,0,3,172,NA,10.58246241
2025,5,1,0,3,265,6.3,24.40418409
2025,5,1,0,3,211,4,11.45311652
2025,5,1,0,3,206,4.7,12.52905208
2025,5,1,0,3,238,6.7,21.84633292
2025,5,1,0,3,170,NA,10.32081389
2025,5,1,0,3,166,NA,9.810526601
2025,5,1,0,3,245,4,14.94843984
2025,5,1,0,3,214,3.8,11.3050996
2025,5,1,0,3,130,NA,5.952608353
2025,5,1,0,3,225,3.3,11.27254811
2025,5,1,0,3,145,NA,7.405344698
2025,5,1,0,3,185,NA,12.39169499
2025,5,1,0,3,250,5.5,19.70510348
2025,5,1,0,3,176,NA,11.11895143
2025,5,1,0,3,260,4.6,18.3562796
2025,6,0,1,2,156,NA,8.608997947
2025,6,0,1,2,204,5.25,13.62609256
2025,6,0,1,2,335,7.08,39.96262365
2025,6,0,1,2,258,6.22,23.09961348
2025,6,0,1,2,365,7.31,47.62404003
2025,6,0,1,2,147,NA,7.61525339
2025,6,0,1,2,320,6.65,35.09496309
2025,6,0,1,2,310,6.79,33.80417311
2025,6,0,1,2,221,4.7,14.0671284
2025,6,0,1,2,161,NA,9.196684962
2025,6,0,1,2,233,5.12,16.49679938
2025,6,0,1,2,279,6.74,28.19068964
2025,6,0,1,2,239,5.8,19.17196914
2025,6,0,1,2,350,7.62,45.75986433
2025,6,0,1,2,310,6.81,33.88740958
2025,6,0,1,2,325,6.02,33.41527613
2025,6,0,1,2,315,5.9,31.11659442
2025,6,0,1,2,151,NA,8.046896138
2025,6,0,1,2,164,NA,9.561814948
2025,6,0,1,2,218,1.03,6.636262816
2025,6,0,1,2,301,5.74,28.09882985
2025,6,0,1,2,310,6.66,33.26645607
2025,6,0,1,2,238,4.6,15.69401458
2025,6,0,1,2,244,5.14,17.88279948
2025,6,0,1,2,370,7.44,49.45439141
2025,6,0,1,2,254,6.57,23.69614148
2025,6,0,1,2,185,NA,12.39169499
2025,6,0,1,2,195,NA,13.91577251
2025,6,0,1,2,239,4.6,15.80904383
2025,6,0,1,2,227,4.78,14.91858858
2025,6,0,1,2,320,5.69,31.18423545
2025,6,0,1,2,388,6.63,49.59645359
2025,6,0,1,2,315,5.86,30.95998482
2025,6,0,1,2,305,6.01,29.79327457
2025,6,0,1,2,259,5.16,19.87158293
2025,6,0,1,2,214,4.07,11.8905863
2025,6,0,1,2,400,7.63,57.9502303
2025,6,0,1,2,254,4.05,16.11102241
2025,6,0,1,2,283,5.1,23.04582142
2025,6,0,1,2,191,NA,13.2919838
2025,6,0,1,2,302,6.64,31.73826155
2025,6,0,1,2,280,5.72,24.67855843
2025,6,0,1,2,199,NA,14.55877829
2025,6,0,1,2,264,6.33,24.35747948
2025,6,0,1,2,89,NA,2.975377677
2025,6,0,1,2,215,5.32,14.97517245
2025,6,0,1,2,193,NA,13.60149424
2025,6,0,1,2,256,5.14,19.41502656
2025,6,0,1,2,294,6.29,28.98683038
2025,6,0,1,2,255,6.12,22.33869463
2025,6,0,1,2,260,5.15,19.97481485
2025,6,0,1,2,390,9,63.20475528
2025,6,0,1,2,247,4.53,16.56035082
2025,6,0,1,2,200,3.81,10.0687032
2025,6,0,1,2,350,6.62,40.98375749
2025,6,0,1,2,240,5.81,19.33107834
2025,6,0,1,2,315,5.69,30.30025549
2025,6,0,1,2,400,7.24,55.79425801
2025,6,0,1,2,330,6.51,36.42637862
2025,6,0,1,2,206,4.74,12.62106776
2025,6,0,1,2,150,NA,7.937495892
2025,6,0,1,2,282,5.73,25.01975768
2025,6,0,1,2,215,4.94,14.01965895
2025,6,0,1,2,415,6.9,57.83834792
2025,6,0,1,2,260,5.16,20.00509072
2025,6,0,1,2,410,6.24,52.99333493
2025,6,0,1,2,430,7.11,63.109453
2025,6,0,1,2,415,5.82,52.06784858
2025,6,0,1,2,233,4.31,14.39745088
2025,6,0,1,2,415,7.47,61.04882563
2025,6,0,1,2,405,7.14,56.53887528
2025,6,0,1,2,410,6.17,52.6276123
2025,6,0,1,2,168,NA,10.0635141
2025,6,0,1,2,170,NA,10.32081389
2025,6,0,1,2,360,5.78,39.28120487
2025,6,0,1,2,305,4.56,24.57082761
2025,6,0,1,2,311,4.78,26.27678273
2025,6,0,1,2,107,NA,4.115242342
2025,6,0,1,2,256,5.35,20.04691699
2025,6,0,1,2,302,5.93,28.97642859
2025,6,0,1,2,305,6.22,30.60598395
2025,6,0,1,2,264,6.38,24.53013435
2025,6,0,1,2,363,4.75,35.46892328
2025,6,0,1,2,340,6.03,36.32635582
2025,6,0,1,2,305,6.13,30.25589408
2025,6,0,1,2,204,4.2,11.23064003
2025,6,0,1,2,297,5.24,25.65371978
2025,6,0,1,2,385,7.92,55.68994652
2025,6,0,1,2,208,4.44,12.13458234
2025,6,0,1,2,238,4.91,16.51813936
2025,6,0,1,2,245,4.45,16.1106564
2025,6,0,1,2,290,4.54,22.25724746
2025,6,0,1,2,185,NA,12.39169499
2025,6,0,1,2,293,6.19,28.44218083
2025,6,0,1,2,255,5.95,21.78724838
2025,6,0,1,2,340,6.96,40.44920839
2025,6,0,1,2,301,6.55,31.20223052
2025,6,0,1,2,222,4.32,13.25713276
2025,6,0,1,2,254,5.22,19.39109837
2025,6,0,1,2,265,5.7,22.39378178
2025,6,0,1,2,345,7.3,43.10308184
2025,6,0,1,2,178,NA,11.3938648
2025,6,0,1,2,280,6.69,28.16708354
2025,6,0,1,2,213,4.07,11.7947444
2025,6,0,1,2,65,NA,1.812939137
2025,6,0,1,2,140,NA,6.897525988
2025,6,0,1,2,231,7.36,23.05699891
2025,6,0,1,2,375,6.31,44.98589708
2025,6,0,1,2,335,5.8,34.3919702
2025,6,0,1,2,255,6.09,22.24071227
2025,6,0,1,2,111,NA,4.402818871
2025,6,0,1,2,242,4.75,16.5594363
2025,6,0,1,2,304,6.56,31.77415863
2025,6,0,1,2,249,6.77,23.64570293
2025,6,0,1,2,365,6.79,45.05409938
2025,6,0,1,2,303,6.43,31.07970771
2025,6,0,1,2,330,6.96,38.40160052
2025,6,0,1,2,254,7.02,25.26130657
2025,6,0,1,2,267,7.09,27.55061798
2025,6,0,1,2,43,NA,1.056996219
2025,6,0,1,2,325,6.94,37.31622214
2025,6,0,1,2,308,6.41,31.88863256
2025,6,0,1,2,235,4.55,15.22363362
2025,6,0,1,2,257,4.39,17.38977398
2025,6,0,1,2,310,6.73,33.55528171
2025,6,0,1,2,292,6.84,30.77452148
2025,6,0,1,2,294,5.34,25.53034108
2025,6,0,1,2,350,5.77,37.19540523
2025,6,0,1,2,229,6.73,20.71642791
2025,6,0,1,2,297,6.99,32.25837682
2025,6,0,1,2,284,5.24,23.6571143
2025,6,0,1,2,291,6.19,28.11021697
2025,6,0,1,2,272,5.18,21.71753679
2025,6,0,1,2,335,5.2,31.96946563
2025,6,0,1,2,275,7.47,30.33827613
2025,6,0,1,2,153,NA,8.26870308
2025,6,0,1,2,186,NA,12.53882777
2025,6,0,1,2,274,4.98,21.36789434
2025,6,0,1,2,312,7.36,36.61647008
2025,6,0,1,2,202,4.71,12.16128671
2025,6,0,1,2,153,NA,8.26870308
2025,6,0,1,2,262,4.6,18.61222951
2025,6,0,1,2,273,5.85,24.0643388
2025,6,0,1,2,235,4.78,15.82139348
2025,6,0,1,2,313,5.79,30.33587118
2025,6,0,1,2,443,7.27,67.77374293
2025,6,0,1,2,309,6.63,32.96020635
2025,6,0,1,2,304,5.49,27.67738563
2025,6,0,1,2,360,5.9,39.81674054
2025,6,0,1,2,274,5.45,22.8762147
2025,6,0,1,2,260,4.82,18.99276406
2025,6,0,1,2,214,3.9,11.51965031
2025,6,0,1,2,224,4.45,13.77595736
2025,6,0,1,2,317,4.8,27.32875556
2025,6,0,1,2,347,6.49,39.7629603
2025,6,0,1,2,301,7.61,35.5977086
2025,6,0,1,2,234,5.15,16.69658988
2025,6,0,1,2,435,8.38,72.25505897
2025,6,0,1,2,432,8.39,71.42124549
2025,6,0,1,2,162,NA,9.317342699
2025,6,0,1,2,286,8.11,34.94678579
2025,6,0,1,2,327,5.2,30.52933392
2025,6,0,1,2,299,5.36,26.3944645
2025,6,0,1,2,213,5.03,14.02947049
2025,6,0,1,2,345,6.69,40.25523374
2025,6,0,1,2,295,6.19,28.77674798
2025,6,0,1,2,237,6.28,20.37285692
2025,6,0,1,2,243,4.15,15.10312509
2025,6,0,1,2,282,6.69,28.497014
2025,6,0,1,2,241,4.91,16.87527575
2025,6,0,1,2,251,5.08,18.59175291
2025,6,0,1,2,284,6.59,28.45071222
2025,6,0,1,2,272,6,24.42625574
2025,6,0,1,2,205,3.8,10.48618072
2025,6,0,1,2,123,NA,5.34528272
2025,6,0,1,2,350,7.99,47.61690861
2025,6,0,1,2,293,4.5,22.56626585
2025,6,0,1,2,320,7.72,39.82437667
2025,6,0,1,2,236,3.96,13.8658748
2025,6,0,1,2,293,4.48,22.50207923
2025,6,0,1,2,309,6.77,33.53636089
2025,6,0,1,2,216,4.39,12.8102645
2025,6,0,1,2,311,5.71,29.68136674
2025,6,0,1,2,176,NA,11.11895143
2025,6,0,1,2,242,4.22,15.1684891
2025,6,0,1,2,181,NA,11.81467345
2025,6,0,1,2,256,5.09,19.26655984
2025,6,0,1,2,262,5.33,20.7972171
2025,6,0,1,2,417,6.69,57.21000972
2025,6,0,1,2,187,NA,12.68712061
2025,6,0,1,2,276,5.71,24.03909598
2025,6,0,1,2,304,5.63,28.19210399
2025,6,0,1,2,287,5.81,26.08094012
2025,6,0,1,2,420,6.38,56.30927424
2025,6,0,1,2,411,7.28,58.89409217
2025,6,0,1,2,304,5.17,26.52449405
2025,6,0,1,2,334,6.45,36.95317515
2025,6,0,1,2,131,NA,6.042952592
2025,6,0,1,2,208,5.21,13.94539484
2025,6,0,1,2,255,4.76,18.17905761
2025,6,0,1,2,268,5.37,21.75715831
2025,6,0,1,2,317,5.99,31.82983244
2025,6,0,1,2,184,NA,12.24571772
2025,6,0,1,2,252,4.42,16.86216101
2025,6,0,1,2,140,NA,6.897525988
2025,6,0,1,2,227,4.02,13.06735768
2025,6,0,1,2,146,NA,7.509810116
2025,6,0,1,2,269,5.96,23.84045896
2025,6,0,1,2,325,5.79,32.48448378
2025,6,0,1,2,150,NA,7.937495892
2025,6,0,1,2,390,6.84,51.15951003
2025,6,0,1,2,306,6.19,30.66385545
2025,6,0,1,2,284,5.74,25.36399563
2025,6,0,1,2,224,5.52,16.52750518
2025,6,0,1,2,337,3.67,26.64237508
2025,6,0,1,2,210,6.26,16.92743864
2025,6,0,1,2,207,3.52,10.0982181
2025,6,0,1,2,157,NA,8.724470312
2025,6,0,1,2,284,4.64,21.71211385
2025,6,0,1,2,238,4.56,15.58971668
2025,6,0,1,2,238,3.82,13.74265586
2025,6,0,1,2,365,4.91,36.53557783
2025,6,0,1,2,292,5.8,26.84368203
2025,6,0,1,2,242,5.12,17.57925472
2025,6,0,1,2,320,5.59,30.7944369
2025,6,0,1,2,278,5.22,22.70644498
2025,6,0,1,2,293,5.47,25.82789579
2025,6,0,1,2,310,6,30.62429677
2025,6,0,1,2,241,4.04,14.60390598
2025,6,0,1,2,141,NA,6.997170463
2025,6,0,1,2,87,NA,2.863575952
2025,6,0,1,2,142,NA,7.097770017
2025,6,0,1,2,315,6.3,32.71183522
2025,6,0,1,2,120,NA,5.098187639
2025,6,0,1,2,117,NA,4.858827301
2025,6,0,1,2,126,NA,5.600235536
2025,6,0,1,2,223,6.02,17.80742263
2025,6,0,1,2,310,6.39,32.1679414
2025,6,0,1,2,202,4.47,11.62801047
2025,6,0,1,2,355,7.26,45.10581917
2025,7,1,1,4,127,NA,5.68698723
2025,7,1,1,4,156,NA,8.608997947
2025,7,1,1,4,160,NA,9.077073411
2025,7,1,1,4,260,4.5,18.07173246
2025,7,1,1,4,350,6.9,42.28579137
2025,7,1,1,4,120,NA,5.098187639
2025,7,1,1,4,195,NA,13.91577251
2025,7,1,1,4,247,4,15.17366869
2025,7,1,1,4,310,5.6,29.09320153
2025,7,1,1,4,375,6.2,44.45858787
2025,7,1,1,4,270,4.7,19.9588032
2025,7,1,1,4,310,6.3,31.80721752
2025,7,1,1,4,140,NA,6.897525988
2025,7,1,1,4,220,2.9,10.00632391
2025,7,1,1,4,300,4,21.9971346
2025,7,1,1,4,115,NA,4.703490082
2025,7,1,1,4,155,NA,8.49454899
2025,7,1,1,4,155,NA,8.49454899
2025,7,1,1,4,260,5.1,19.82389363
2025,7,1,1,4,220,6.5,18.84023725
2025,7,1,1,4,45,NA,1.114816366
2025,7,1,1,4,80,NA,2.494367069
2025,7,1,1,4,67,NA,1.895545286
2025,7,1,1,4,117,NA,4.858827301
2025,7,1,1,4,200,5.3,13.33617797
2025,7,1,1,4,189,NA,12.98720474
2025,7,1,1,4,205,3,8.937891684
2025,7,1,1,4,240,3.6,13.43192355
2025,7,1,1,4,260,4.8,18.93430325
2025,7,1,1,4,121,NA,5.179687177
2025,7,1,1,4,245,5.6,19.35100305
2025,7,1,1,4,230,3.5,12.18635527
2025,7,1,1,4,255,4.2,16.62875315
2025,7,1,1,4,305,4.7,25.0460715
2025,7,1,1,4,300,4.7,24.27179489
2025,7,1,1,4,350,6.2,39.08125387
2025,7,1,1,4,405,6.5,53.09921543
2025,7,1,1,4,300,5.4,26.698097
2025,7,1,1,4,305,4.7,25.0460715
2025,7,1,1,4,265,4.4,18.4230733
2025,7,1,1,4,250,5.1,18.52233049
2025,7,1,1,4,300,4.8,24.60901115
2025,7,1,1,4,315,5,27.71872725
2025,7,1,1,4,350,5.3,35.20462806
2025,7,1,1,4,265,4.7,19.2938324
2025,7,1,1,4,300,4.9,24.94933642
2025,7,1,1,4,245,4.3,15.7167967
2025,7,1,1,4,295,6,28.06588956
2025,7,1,1,4,235,4.3,14.59118396
2025,7,1,1,4,228,3.6,12.21157023
2025,7,1,1,4,265,4.7,19.2938324
2025,7,1,1,4,250,3.5,14.26419457
2025,7,1,1,4,290,4.4,21.81372527
2025,7,1,1,4,215,4.7,13.4376355
2025,7,1,1,4,250,5.5,19.70510348
2025,7,1,1,4,165,NA,9.685638572
2025,7,1,1,4,191,NA,13.2919838
2025,7,1,1,4,165,NA,9.685638572
2025,7,1,1,4,228,3.4,11.77198496
2025,7,1,1,4,235,5.8,18.66118944
2025,7,1,1,4,225,5.4,16.31829754
2025,7,1,1,4,204,3.6,9.997153239
2025,7,1,1,4,265,4.1,17.57891551
2025,7,1,1,4,400,6.6,52.37327175
2025,7,1,1,4,315,5.6,29.95481282
2025,7,1,1,4,255,4.3,16.89885902
2025,7,1,1,4,250,3.3,13.78305818
2025,7,1,1,4,265,4.6,19.00059819
2025,7,1,1,4,235,3.9,13.61610721
2025,7,1,1,4,250,4,15.51573622
2025,7,1,1,4,80,NA,2.494367069
2025,7,1,1,4,305,6.4,31.31424467
2025,7,1,1,4,405,6.3,52.0536692
2025,7,1,1,4,208,3.6,10.34587735
2025,7,1,1,4,320,5.4,30.06279485
2025,7,1,1,4,330,6.3,35.52826885
2025,7,1,1,4,239,3.6,13.32725509
2025,7,1,1,4,350,5.3,35.20462806
2025,7,1,1,4,64,NA,1.772551648
2025,7,1,1,4,139,NA,6.798832036
2025,7,1,1,4,390,6,46.92382387
2025,7,1,1,4,260,3.9,16.42598286
2025,7,1,1,4,102,NA,3.773741931
2025,7,1,1,4,240,4.8,16.45755405
2025,7,1,1,4,245,3.9,14.69799968
2025,7,1,1,4,260,4.3,17.51149037
2025,7,1,1,4,295,4.8,23.84491662
2025,7,1,1,4,405,6.4,52.5747096
2025,7,1,1,4,400,6.8,53.42684974
2025,7,1,1,4,270,4.5,19.36383851
2025,7,1,1,4,280,4.4,20.41157862
2025,7,1,1,4,95,NA,3.328165426
2025,7,1,1,4,85,NA,2.754610583
2025,7,1,1,4,305,5.6,28.2482728
2025,7,1,1,4,400,5.7,47.80337329
2025,7,1,1,4,395,6.8,52.1797724
2025,7,1,1,4,177,NA,11.25584858
2025,7,1,1,4,295,5.4,25.89810206
2025,7,1,1,4,285,4.9,22.68705254
2025,7,1,1,4,400,6.4,51.33363666
2025,7,1,1,4,223,3.9,12.38957023
2025,7,1,1,4,157,NA,8.724470312
2025,7,1,1,4,395,7.3,54.84315333
2025,7,1,1,4,265,4.4,18.4230733
2025,7,1,1,4,380,6,44.62916129
2025,7,1,1,4,285,4.5,21.41523761
2025,7,1,1,4,148,NA,7.721679073
2025,7,1,1,4,173,NA,10.71492884
2025,7,1,1,4,220,3.9,12.09489989
2025,7,1,1,4,216,4.2,12.37553344
2025,7,1,1,4,305,6.4,31.31424467
2025,7,1,1,4,140,NA,6.897525988
2025,7,1,1,4,295,6,28.06588956
2025,7,1,1,4,280,4.4,20.41157862
2025,7,1,1,4,219,4.4,13.13770116
2025,7,1,1,4,310,5.7,29.47107453
2025,7,1,1,4,410,7,57.07366996
2025,7,1,1,4,305,5.2,26.79334739
2025,7,1,1,4,230,2.9,10.90287504
2025,7,1,1,4,320,6.3,33.63344428
2025,7,1,1,4,325,5.6,31.72873541
2025,7,1,1,4,245,3.8,14.45037245
2025,7,1,1,4,330,4.9,29.91525783
2025,7,1,1,4,310,5.7,29.47107453
2025,7,1,1,4,300,5.8,28.15452256
2025,7,1,1,4,340,5.7,34.93369401
2025,7,1,1,4,203,3.5,9.715861786
2025,7,1,1,4,300,7.3,34.08693392
2025,7,1,1,4,285,6.9,29.80567947
2025,7,1,1,4,95,NA,3.328165426
2025,7,1,1,4,218,4.3,12.80328482
2025,7,1,1,4,320,6.2,33.22345138
2025,7,1,1,4,198,NA,14.3962093
2025,7,1,1,4,320,4.8,27.82859209
2025,7,1,1,4,340,7,40.63320467
2025,7,1,1,4,285,4.5,21.41523761
2025,7,1,1,4,260,3.6,15.64197065
2025,7,1,1,4,290,4.3,21.5005576
2025,7,1,1,4,300,4.2,22.63184921
2025,7,1,1,4,305,5.6,28.2482728
2025,7,1,1,4,310,5.4,28.34717324
2025,7,1,1,4,245,4.6,16.51104177
2025,7,1,1,4,290,4.5,22.12991924
2025,7,1,1,4,390,6.5,49.41564456
2025,7,1,1,4,86,NA,2.808741
2025,7,1,1,4,300,5.2,25.98910884
2025,7,1,1,4,405,6.4,52.5747096
2025,7,1,1,4,330,6.6,36.81587023
2025,7,1,1,4,375,4.5,36.82527367
2025,7,1,1,4,270,5.6,22.78718374
2025,7,1,1,4,252,4.1,16.0076127
2025,7,1,1,4,340,6.5,38.37302267
2025,7,1,1,4,305,5.5,27.87972622
2025,7,1,1,4,310,5.5,28.71857243
2025,7,1,1,4,280,4.7,21.33423285
2025,7,1,1,4,390,7.5,54.66084034
2025,7,1,1,4,270,4.4,19.07084231
2025,7,1,1,4,207,4.3,11.72802392
2025,7,1,1,4,300,8.3,38.47210917
2025,7,1,1,4,87,NA,2.863575952
2025,7,1,1,4,150,NA,7.937495892
2025,7,1,1,4,166,NA,9.810526601
2025,7,1,1,4,275,4.3,19.43785691
2025,7,1,1,4,102,NA,3.773741931
2025,7,1,1,4,111,NA,4.402818871
2025,7,1,1,4,285,4.3,20.79755473
2025,7,1,1,4,400,7.3,56.12240439
2025,7,1,1,4,320,6.4,34.04679638
2025,7,1,1,4,195,NA,13.91577251
2025,7,1,1,4,380,5.6,42.74807702
2025,7,1,1,4,250,4.3,16.30068534
2025,7,1,1,4,275,4.1,18.85522577
2025,7,1,1,4,250,4.7,17.38786012
2025,7,1,1,4,295,6.1,28.43854787
2025,7,1,1,4,380,7,49.57152161
2025,7,1,1,4,415,8.2,65.33114895
2025,7,1,1,4,167,NA,9.936483593
2025,7,1,1,4,199,NA,14.55877829
2025,7,1,1,4,285,5.4,24.34637586
2025,7,1,1,4,233,4.8,15.64463496
2025,7,1,1,4,295,4,21.28022666
2025,7,1,1,4,285,4.8,22.36450592
2025,7,1,1,4,265,4.3,18.13875205
2025,7,1,1,4,300,5.2,25.98910884
2025,7,1,1,4,260,4.1,16.96294833
2025,7,1,1,4,380,5.5,42.28621347
2025,7,1,1,4,94,NA,3.26753021
2025,7,1,1,4,124,NA,5.429387836
2025,7,1,1,4,295,4.6,23.18545067
2025,7,1,1,4,127,NA,5.68698723
2025,7,1,1,4,201,3.2,8.982844744
2025,7,1,1,4,232,3.4,12.16173734
2025,8,0,0,1,300,5.6,27.41986353
2025,8,0,0,1,203,2.9,8.597408995
2025,8,0,0,1,179,NA,11.53300465
2025,8,0,0,1,279,5.2,22.78689713
2025,8,0,0,1,258,5.4,20.46894658
2025,8,0,0,1,262,4.9,19.49062533
2025,8,0,0,1,244,4.9,17.20982545
2025,8,0,0,1,253,4.8,18.04105849
2025,8,0,0,1,141,NA,6.997170463
2025,8,0,0,1,174,NA,10.84849611
2025,8,0,0,1,300,6,28.90218823
2025,8,0,0,1,71,NA,2.068209814
2025,8,0,0,1,100,NA,3.642615591
2025,8,0,0,1,350,6.2,39.08125387
2025,8,0,0,1,266,5.7,22.53720221
2025,8,0,0,1,69,NA,1.980623364
2025,8,0,0,1,248,4.9,17.70038369
2025,8,0,0,1,190,NA,13.13900512
2025,8,0,0,1,230,4.2,13.80655594
2025,8,0,0,1,305,5.5,27.87972622
2025,8,0,0,1,220,4.2,12.77377504
2025,8,0,0,1,148,NA,7.721679073
2025,8,0,0,1,266,5.4,21.57127485
2025,8,0,0,1,237,3.5,12.8888684
2025,8,0,0,1,305,5.6,28.2482728
2025,8,0,0,1,327,7.9,42.11921338
2025,8,0,0,1,134,NA,6.319460677
2025,8,0,0,1,199,NA,14.55877829
2025,8,0,0,1,267,5.4,21.71178598
2025,8,0,0,1,115,NA,4.703490082
2025,8,0,0,1,145,NA,7.405344698
2025,8,0,0,1,196,3.4,8.949269474
2025,8,0,0,1,134,3.1,4.466018792
2025,8,0,0,1,280,5.4,23.59431554
2025,8,0,0,1,164,2.8,5.73715326
2025,8,0,0,1,310,6.4,32.20818937
2025,8,0,0,1,197,3.3,8.845557105
2025,8,0,0,1,205,4.3,11.53923198
2025,8,0,0,1,225,3.4,11.48519954
2025,8,0,0,1,208,4.1,11.38764668
2025,8,0,0,1,216,4.6,13.30246967
2025,8,0,0,1,182,3.3,7.702082461
2025,8,0,0,1,180,3.2,7.392243815
2025,8,0,0,1,88,NA,2.919119992
2025,8,0,0,1,249,5,18.10843145
2025,8,0,0,1,246,4.9,17.45395563
2025,8,0,0,1,330,6.4,35.95407614
2025,8,0,0,1,262,5.4,21.01529254
2025,8,0,0,1,215,4.1,12.05353609
2025,8,0,0,1,156,NA,8.608997947
2025,8,0,0,1,335,6.3,36.50180055
2025,8,0,0,1,160,NA,9.077073411
2025,8,0,0,1,232,4.4,14.51186013
2025,8,0,0,1,199,6.3,15.77190787
2025,8,0,0,1,190,NA,13.13900512
2025,8,0,0,1,255,5.2,19.46259666
2025,8,0,0,1,122,NA,5.262050685
2025,8,0,0,1,247,6.3,21.79893318
2025,8,0,0,1,205,4.5,11.97943986
2025,8,0,0,1,212,3.7,10.90976222
2025,8,0,0,1,249,5.3,18.97840112
2025,8,0,0,1,270,5.5,22.46051222
2025,8,0,0,1,142,NA,7.097770017
2025,8,0,0,1,149,NA,7.829091722
2025,9,1,1,4,110,NA,4.329708501
2025,9,1,1,4,92,NA,3.148478154
2025,9,1,1,4,194,NA,13.75803512
2025,9,1,1,4,204,2.8,8.497766747
2025,9,1,1,4,161,NA,9.196684962
2025,9,1,1,4,165,NA,9.685638572
2025,9,1,1,4,137,NA,6.604277478
2025,9,1,1,4,122,NA,5.262050685
2025,9,1,1,4,137,NA,6.604277478
2025,9,1,1,4,153,NA,8.26870308
2025,9,1,1,4,167,NA,9.936483593
2025,9,1,1,4,147,NA,7.61525339
2025,9,1,1,4,136,NA,6.508407761
2025,9,1,1,4,91,NA,3.090052203
2025,9,1,1,4,105,NA,3.976273476
2025,9,1,1,4,216,4,11.92866716
2025,9,1,1,4,125,NA,5.51437059
2025,9,1,1,4,146,NA,7.509810116
2025,9,1,1,4,207,3.5,10.05854632
2025,9,1,1,4,201,3.7,9.936747628
2025,9,1,1,4,158,NA,8.840970641
2025,9,1,1,4,180,NA,11.67327268
2025,9,1,1,4,109,NA,4.257411993
2025,9,1,1,4,78,NA,2.395041964
2025,9,1,1,4,82,NA,2.596400982
2025,9,1,1,4,172,NA,10.58246241
2025,9,1,1,4,108,NA,4.185924792
2025,9,1,1,4,165,NA,9.685638572
2025,9,1,1,4,125,NA,5.51437059
2025,9,1,1,4,109,NA,4.257411993
2025,9,1,1,4,240,4.8,16.45755405
2025,9,1,1,4,152,NA,8.157297016
2025,9,1,1,4,105,NA,3.976273476
2025,9,1,1,4,163,NA,9.439051176
2025,9,1,1,4,172,NA,10.58246241
2025,9,1,1,4,176,NA,11.11895143
2025,9,1,1,4,183,NA,12.10089141
2025,9,1,1,4,163,NA,9.439051176
2025,9,1,1,4,146,NA,7.509810116
2025,9,1,1,4,223,4,12.61629172
2025,9,1,1,4,154,NA,8.381118886
2025,9,1,1,4,114,NA,4.627078709
2025,9,1,1,4,155,NA,8.49454899
2025,9,1,1,4,212,3.4,10.29622937
2025,9,1,1,4,190,NA,13.13900512
2025,9,1,1,4,147,NA,7.61525339
2025,9,1,1,4,54,NA,1.401162524
2025,9,1,1,4,126,NA,5.600235536
2025,9,1,1,4,149,NA,7.829091722
2025,9,1,1,4,167,NA,9.936483593
2025,9,1,1,4,163,NA,9.439051176
2025,9,1,1,4,129,NA,5.863169083
2025,9,1,1,4,192,NA,13.44614532
2025,9,1,1,4,181,NA,11.81467345
2025,9,1,1,4,116,NA,4.780738094
2025,9,1,1,4,176,NA,11.11895143
2025,9,1,1,4,171,NA,10.45109228
2025,9,1,1,4,161,NA,9.196684962
2025,9,1,1,4,113,NA,4.55149942
2025,9,1,1,4,153,NA,8.26870308
2025,9,1,1,4,203,3.4,9.523093404
2025,9,1,1,4,150,NA,7.937495892
2025,9,1,1,4,230,4,13.32984645
2025,9,1,1,4,184,NA,12.24571772
2025,9,1,1,4,201,3.6,9.740816304
2025,10,1,0,3,133,NA,6.226374199
2025,10,1,0,3,96,NA,3.389546173
2025,10,1,0,3,221,5.47,16.04401277
2025,10,1,0,3,80,NA,2.494367069
2025,10,1,0,3,102,NA,3.773741931
2025,10,1,0,3,165,NA,9.685638572
2025,10,1,0,3,189,NA,12.98720474
2025,10,1,0,3,160,NA,9.077073411
2025,10,1,0,3,150,NA,7.937495892
2025,10,1,0,3,155,NA,8.49454899
2025,10,1,0,3,101,NA,3.707792329
2025,10,1,0,3,247,6.38,22.05872299
2025,10,1,0,3,144,NA,7.301852578
2025,10,1,0,3,152,NA,8.157297016
2025,10,1,0,3,96,NA,3.389546173
2025,10,1,0,3,154,NA,8.381118886
2025,10,1,0,3,182,NA,11.95721151
2025,10,1,0,3,199,NA,14.55877829
2025,10,1,0,3,172,NA,10.58246241
2025,10,1,0,3,151,NA,8.046896138
2025,10,1,0,3,211,4.36,12.24645124
2025,10,1,0,3,102,NA,3.773741931
2025,10,1,0,3,127,NA,5.68698723
2025,10,1,0,3,152,NA,8.157297016
2025,10,1,0,3,172,NA,10.58246241
2025,10,1,0,3,225,7.14,21.49060986
2025,10,1,0,3,120,NA,5.098187639
2025,10,1,0,3,54,NA,1.401162524
2025,10,1,0,3,129,NA,5.863169083
2025,10,1,0,3,128,NA,5.774630228
2025,10,1,0,3,205,3.7,10.28357081
2025,10,1,0,3,265,6.56,25.31145612
2025,10,1,0,3,205,5.82,15.1685056
2025,10,1,0,3,175,NA,10.98316879
2025,10,1,0,3,134,NA,6.319460677
2025,10,1,0,3,172,NA,10.58246241
2025,10,1,0,3,190,NA,13.13900512
2025,10,1,0,3,205,5.06,13.27127543
2025,10,1,0,3,165,NA,9.685638572
2025,10,1,0,3,145,NA,7.405344698
2025,10,1,0,3,113,NA,4.55149942
2025,10,1,0,3,188,NA,12.83657809
2025,10,1,0,3,135,NA,6.413470346
2025,10,1,0,3,172,NA,10.58246241
2025,10,1,0,3,65,NA,1.812939137
2025,10,1,0,3,170,NA,10.32081389
2025,10,1,0,3,106,NA,4.045360089
2025,10,1,0,3,208,4.72,12.77367983
2025,10,1,0,3,205,5.54,14.44983161
2025,10,1,0,3,180,NA,11.67327268
2025,10,1,0,3,190,NA,13.13900512
2025,10,1,0,3,190,NA,13.13900512
2025,10,1,0,3,99,NA,3.578207161
2025,10,1,0,3,205,5.26,13.75422407
2025,10,1,0,3,131,NA,6.042952592
2025,10,1,0,3,135,NA,6.413470346
2025,10,1,0,3,120,NA,5.098187639
2025,10,1,0,3,185,NA,12.39169499
2025,10,1,0,3,113,NA,4.55149942
2025,10,1,0,3,119,NA,5.017547518
2025,10,1,0,3,165,NA,9.685638572
2025,10,1,0,3,200,4.74,12.03615313
2025,10,1,0,3,133,NA,6.226374199
2025,10,1,0,3,175,NA,10.98316879
2025,10,1,0,3,94,NA,3.26753021
2025,10,1,0,3,78,NA,2.395041964
2025,10,1,0,3,113,NA,4.55149942
2025,11,0,0,1,NA,127,NA
2025,11,0,0,1,NA,132,NA
2025,11,0,0,1,203,3.4,9.523093404
2025,11,0,0,1,118,NA,4.937762257
2025,11,0,0,1,65,NA,1.812939137
2025,11,0,0,1,201,3.4,9.356714313
2025,11,0,0,1,228,4.8,15.08067084
2025,11,0,0,1,222,4.3,13.21000827
2025,11,0,0,1,272,5.7,23.41060238
2025,11,0,0,1,194,NA,13.75803512
2025,11,0,0,1,220,4.4,13.24018588
2025,11,0,0,1,250,5,18.23422387
2025,11,0,0,1,210,4.1,11.57533017
2025,11,0,0,1,203,3.2,9.14523975
2025,11,0,0,1,207,3.4,9.861745309
2025,11,0,0,1,141,NA,6.997170463
2025,11,0,0,1,189,NA,12.98720474
2025,11,0,0,1,240,3.9,14.15016092
2025,11,0,0,1,216,3.6,11.06746672
2025,11,0,0,1,264,4.2,17.73187394
2025,11,0,0,1,250,4.3,16.30068534
2025,11,0,0,1,284,5.4,24.19470397
2025,11,0,0,1,237,4.5,15.3207727
2025,11,0,0,1,259,4.4,17.66532008
2025,11,0,0,1,250,4.3,16.30068534
2025,11,0,0,1,107,NA,4.115242342
2025,11,0,0,1,179,NA,11.53300465
2025,11,0,0,1,134,NA,6.319460677
2025,11,0,0,1,226,4.9,15.11428297
2025,11,0,0,1,224,4.7,14.38911598
2025,11,0,0,1,144,NA,7.301852578
2025,11,0,0,1,197,NA,14.23485505
2025,11,0,0,1,262,5.1,20.09131422
2025,11,0,0,1,125,NA,5.51437059
2025,11,0,0,1,105,NA,3.976273476
2025,11,0,0,1,152,NA,8.157297016
2025,11,0,0,1,235,4.3,14.59118396
2025,11,0,0,1,284,5.1,23.19330663
2025,11,0,0,1,220,4.5,13.47758951
2025,11,0,0,1,235,4.1,14.09802606
2025,11,0,0,1,198,NA,14.3962093
2025,11,0,0,1,215,3.3,10.36060814
2025,11,0,0,1,169,NA,10.19162268
2025,11,0,0,1,224,4,12.71662936
2025,11,0,0,1,323,3.4,23.50738352
2025,11,0,0,1,229,4.5,14.43376978
2025,11,0,0,1,315,6,31.51042708
2025,11,0,0,1,320,6.2,33.22345138
2025,11,0,0,1,169,NA,10.19162268
2025,11,0,0,1,235,4.7,15.61173512
2025,11,0,0,1,161,NA,9.196684962
2025,11,0,0,1,232,4.5,14.76226676
2025,11,0,0,1,198,NA,14.3962093
2025,11,0,0,1,252,4.8,17.91579306
2025,11,0,0,1,208,3,9.182100241
2025,11,0,0,1,194,NA,13.75803512
2025,11,0,0,1,179,NA,11.53300465
2025,11,0,0,1,221,3.3,10.9016127
2025,11,0,0,1,250,5.2,18.81345604
2025,11,0,0,1,225,4,12.81749758
2025,11,0,0,1,126,NA,5.600235536
2025,11,0,0,1,175,NA,10.98316879
2025,11,0,0,1,244,5.1,17.76944036
2025,11,0,0,1,109,NA,4.257411993
2025,11,0,0,1,242,4.2,15.11758492
2025,11,0,0,1,258,5.4,20.46894658
2025,11,0,0,1,188,NA,12.83657809
2025,11,0,0,1,225,3.4,11.48519954
2025,11,0,0,1,163,NA,9.439051176
2025,11,0,0,1,256,4.8,18.42035541
2025,11,0,0,1,205,3.4,9.69143324
2025,11,0,0,1,243,4.2,15.23043674
2025,11,0,0,1,240,5,17.00223314
2025,11,0,0,1,161,NA,9.196684962
2025,11,0,0,1,283,5,22.71944866
2025,11,0,0,1,231,4.6,14.90439501
2025,11,0,0,1,101,NA,3.707792329
2025,11,0,0,1,145,NA,7.405344698
2025,11,0,0,1,162,NA,9.317342699
2025,11,0,0,1,285,6.1,26.8025559
2025,11,0,0,1,248,3.9,15.03339284
2025,11,0,0,1,178,NA,11.3938648
2025,11,0,0,1,152,NA,8.157297016
2025,11,0,0,1,210,4.7,12.92763434
2025,11,0,0,1,232,4,13.53854907
2025,11,0,0,1,147,NA,7.61525339
2025,11,0,0,1,113,NA,4.55149942
2025,11,0,0,1,189,NA,12.98720474
2025,11,0,0,1,69,NA,1.980623364
2025,11,0,0,1,175,NA,10.98316879
2025,11,0,0,1,204,3.3,9.415814851
2025,11,0,0,1,188,NA,12.83657809
2025,11,0,0,1,262,5,19.78945036
2025,11,0,0,1,272,5.4,22.42350078
2025,11,0,0,1,148,NA,7.721679073
2025,11,0,0,1,201,3.9,10.33645727
2025,11,0,0,1,223,4.3,13.3130175
2025,11,0,0,1,187,NA,12.68712061
2025,11,0,0,1,154,NA,8.381118886
2025,11,0,0,1,157,NA,8.724470312
2025,11,0,0,1,145,NA,7.405344698
2025,11,0,0,1,162,NA,9.317342699
2025,11,0,0,1,122,NA,5.262050685
2025,11,0,0,1,170,NA,10.32081389
2025,11,0,0,1,86,NA,2.808741
2025,11,0,0,1,278,6,25.34336523
2025,11,0,0,1,106,NA,4.045360089
2025,12,0,1,2,173,NA,10.71492884
2025,12,0,1,2,126,NA,5.600235536
2025,12,0,1,2,299,5.4,26.53679869
2025,12,0,1,2,238,3.2,12.31239763
2025,12,0,1,2,206,3,9.018807161
2025,12,0,1,2,233,4.8,15.64463496
2025,12,0,1,2,274,5,21.43068596
2025,12,0,1,2,162,NA,9.317342699
2025,12,0,1,2,244,4.2,15.3438488
2025,12,0,1,2,242,3.4,13.17354692
2025,12,0,1,2,191,NA,13.2919838
2025,12,0,1,2,282,5.9,25.61365077
2025,12,0,1,2,160,NA,9.077073411
2025,12,0,1,2,145,NA,7.405344698
2025,12,0,1,2,147,NA,7.61525339
2025,12,0,1,2,203,3.6,9.911214143
2025,12,0,1,2,173,NA,10.71492884
2025,12,0,1,2,123,NA,5.34528272
2025,12,0,1,2,181,NA,11.81467345
2025,12,0,1,2,249,4.2,15.91936103
2025,12,0,1,2,255,4.3,16.89885902
2025,12,0,1,2,210,3.9,11.14646665
2025,12,0,1,2,191,NA,13.2919838
2025,12,0,1,2,230,3.6,12.40960089
2025,12,0,1,2,196,NA,14.07471097
2025,12,0,1,2,86,NA,2.808741
2025,12,0,1,2,206,3.8,10.57515121
2025,12,0,1,2,156,NA,8.608997947
2025,12,0,1,2,173,NA,10.71492884
2025,12,0,1,2,232,3.7,12.83784099
2025,12,0,1,2,275,4.5,20.03236839
2025,12,0,1,2,262,4.3,17.76062974
2025,12,0,1,2,123,NA,5.34528272
2025,12,0,1,2,295,5.8,27.33036804
2025,12,0,1,2,212,3.6,10.70261814
2025,12,0,1,2,233,4.1,13.88390484
2025,12,0,1,2,238,3.9,13.93489507
2025,12,0,1,2,231,3.8,12.96617803
2025,12,0,1,2,176,NA,11.11895143
2025,12,0,1,2,165,NA,9.685638572
2025,12,0,1,2,250,4.5,16.83842372
2025,12,0,1,2,224,3,10.55995889
2025,12,0,1,2,232,4,13.53854907
2025,12,0,1,2,195,NA,13.91577251
2025,12,0,1,2,340,6.4,37.93128777
2025,12,0,1,2,120,NA,5.098187639
2025,12,0,1,2,166,NA,9.810526601
2025,12,0,1,2,220,3.7,11.65594948
2025,12,0,1,2,127,NA,5.68698723
2025,12,0,1,2,241,5.3,17.9655882
2025,12,0,1,2,150,NA,7.937495892
2025,12,0,1,2,287,6,26.76162843
2025,12,0,1,2,197,NA,14.23485505
2025,12,0,1,2,240,3.6,13.43192355
2025,12,0,1,2,289,5,23.6067073
2025,12,0,1,2,226,3.6,12.01565761
2025,12,0,1,2,272,4.6,19.92772052
2025,12,0,1,2,223,3.7,11.9443085
2025,12,0,1,2,255,4.7,18.00853052
2025,12,0,1,2,233,3.7,12.93978785
2025,12,0,1,2,257,4.1,16.60036785
2025,12,0,1,2,221,3.4,11.1101171
2025,12,0,1,2,108,NA,4.185924792
2025,12,0,1,2,232,3.7,12.83784099
2025,12,0,1,2,224,4.2,13.18046983
2025,12,0,1,2,226,3.2,11.15553096
2025,12,0,1,2,253,5,18.61509373
2025,12,0,1,2,315,5.8,30.72605706
2025,12,0,1,2,251,5.6,20.14171565
2025,12,0,1,2,159,NA,8.958503489
2025,12,0,1,2,264,5.3,20.97867353
2025,12,0,1,2,53,NA,1.367171971
2025,12,0,1,2,158,NA,8.840970641
2025,12,0,1,2,80,NA,2.494367069
2025,12,0,1,2,198,NA,14.3962093
2025,12,0,1,2,305,5.2,26.79334739
2025,12,0,1,2,236,4.1,14.20590732
2025,12,0,1,2,275,4.2,19.14506379
2025,12,0,1,2,268,4.4,18.80994327
2025,12,0,1,2,273,5.1,21.60521024
2025,12,0,1,2,217,3.4,10.74329114
2025,12,0,1,2,279,4.2,19.6769924
2025,12,0,1,2,270,5.1,21.18504549
2025,12,0,1,2,166,NA,9.810526601
2025,12,0,1,2,274,4.7,20.50164811
2025,12,0,1,2,259,3.8,16.0437138
2025,12,0,1,2,281,5.1,22.75272935
2025,12,0,1,2,245,3.8,14.45037245
2025,12,0,1,2,300,5.2,25.98910884
2025,12,0,1,2,282,4.9,22.25166866
2025,12,0,1,2,330,5.7,33.04383542
2025,12,0,1,2,250,5.2,18.81345604
2025,12,0,1,2,125,NA,5.51437059
2025,12,0,1,2,253,4.3,16.6578643
2025,12,0,1,2,134,NA,6.319460677
2025,12,0,1,2,144,NA,7.301852578
2025,12,0,1,2,223,5,15.03744482
2025,12,0,1,2,335,6.5,37.36931908
2025,12,0,1,2,310,6.5,32.61251698
2025,12,0,1,2,310,6.7,33.43129546
2025,12,0,1,2,238,3.1,12.09144308
2025,12,0,1,2,117,NA,4.858827301
2025,12,0,1,2,210,2.8,8.975800471
2025,12,0,1,2,214,2.9,9.492750089
2025,12,0,1,2,252,4.4,16.80788156
2025,12,0,1,2,272,4.9,20.8406742
2025,12,0,1,2,261,4.4,17.91554891
2025,12,0,1,2,164,NA,9.561814948
2025,12,0,1,2,158,NA,8.840970641
2025,12,0,1,2,315,5.4,29.19658361
2025,12,0,1,2,257,4.3,17.14216697
2025,12,0,1,2,245,4.4,15.97864741
2025,12,0,1,2,217,3.4,10.74329114
2025,12,0,1,2,176,NA,11.11895143
2025,12,0,1,2,153,NA,8.26870308
2025,12,0,1,2,232,3.9,13.30221874
2025,12,0,1,2,300,6.3,30.04832384
2025,12,0,1,2,42,NA,1.028851404
2025,12,0,1,2,55,NA,1.435711841
2025,12,0,1,2,67,NA,1.895545286
2025,12,0,1,2,56,NA,1.470824475
2025,12,0,1,2,207,3.5,10.05854632
2025,12,0,1,2,240,3.7,13.66856739
2025,12,0,1,2,305,5.2,26.79334739
2025,12,0,1,2,208,3.3,9.752418842
2025,12,0,1,2,265,4.7,19.2938324
2025,12,0,1,2,280,5,22.28428056
2025,12,0,1,2,211,3.7,10.81879207
2025,12,0,1,2,92,NA,3.148478154
2025,12,0,1,2,254,5.4,19.93215275
2025,12,0,1,2,72,NA,2.112955067
2025,12,0,1,2,202,5.5,14.03137924
2025,12,0,1,2,187,NA,12.68712061
2025,12,0,1,2,64,NA,1.772551648
2025,12,0,1,2,210,3.3,9.923688078
2025,12,0,1,2,280,4.8,21.64785191
2025,12,0,1,2,241,3.6,13.53713859
2025,12,0,1,2,242,3.6,13.64290166
2025,12,0,1,2,264,4.3,18.012121
2025,12,0,1,2,315,5,27.71872725
2025,12,0,1,2,275,4.9,21.25751203
2025,12,0,1,2,278,4.8,21.36553296
2025,12,0,1,2,340,5.8,35.35188339
2025,12,0,1,2,250,4.1,15.77451912
2025,12,0,1,2,261,4.1,17.08497141
2025,12,0,1,2,276,4.1,18.98615189
2025,12,0,1,2,280,5.2,22.93306219
2025,12,0,1,2,268,4.7,19.69101165
2025,12,0,1,2,273,4.7,20.36502577
2025,12,0,1,2,272,5,21.1510756
2025,12,0,1,2,210,3.2,9.729019281
2025,12,0,1,2,75,NA,2.251053603
2025,12,0,1,2,160,NA,9.077073411
2025,12,0,1,2,141,NA,6.997170463
2025,12,0,1,2,300,5.8,28.15452256
2025,12,0,1,2,250,4,15.51573622
2025,12,0,1,2,174,NA,10.84849611
2025,12,0,1,2,209,3.6,10.43430742
2025,12,0,1,2,157,NA,8.724470312
2025,12,0,1,2,170,NA,10.32081389
2025,12,0,1,2,238,4.1,14.42331809
2025,12,0,1,2,298,5.1,25.32463566
2025,12,0,1,2,234,4.2,14.2347721
2025,12,0,1,2,247,3.2,13.23066325
2025,12,0,1,2,370,7,47.22533495
2025,12,0,1,2,272,5.4,22.42350078
2025,12,0,1,2,206,3,9.018807161
2025,12,0,1,2,268,4.7,19.69101165
2025,12,0,1,2,244,4.1,15.0888368
2025,12,0,1,2,252,4.9,18.20017656
2025,12,0,1,2,200,2.9,8.363398642
2025,12,0,1,2,117,NA,4.858827301
2025,12,0,1,2,84,NA,2.701180145
2025,12,0,1,2,245,5.3,18.46736607
2025,12,0,1,2,242,4.1,14.86477169
2025,12,0,1,2,212,5.3,14.59674346
2025,12,0,1,2,268,3.9,17.40058685
2025,12,0,1,2,235,4,13.85566985
2025,12,0,1,2,305,5.8,28.99508114
2025,12,0,1,2,283,5,22.71944866
2025,12,0,1,2,198,NA,14.3962093
2025,12,0,1,2,253,4.1,16.12501567
2025,12,0,1,2,267,4.2,18.11013938
2025,12,0,1,2,284,5.1,23.19330663
2025,12,0,1,2,268,4.8,19.99070136
2025,12,0,1,2,248,4.7,17.14364115
2025,12,0,1,2,274,4.8,20.80828011
2025,12,0,1,2,296,5.5,26.41126242
2025,12,0,1,2,233,3.3,12.03947186
2025,12,0,1,2,246,4.5,16.36125677
2025,12,0,1,2,262,4,16.93541094
2025,12,0,1,2,265,4.7,19.2938324
2025,12,0,1,2,224,4.9,14.8925397
2025,12,0,1,2,169,NA,10.19162268
2025,12,0,1,2,290,5.1,24.09145042
2025,12,0,1,2,233,3.3,12.03947186
2025,12,0,1,2,263,6,23.0924983
2025,12,0,1,2,202,3,8.698051981
2025,12,0,1,2,251,3.6,14.61966492
2025,12,0,1,2,271,5,21.01218711
2025,12,0,1,2,300,5.5,27.05737583
2025,12,0,1,2,202,2.7,8.168088471
2025,12,0,1,2,206,2.8,8.655175454
2025,12,0,1,2,208,2.7,8.634461381
2025,12,0,1,2,270,5.1,21.18504549
2025,12,0,1,2,161,NA,9.196684962
2025,12,0,1,2,264,5.2,20.66836369
2025,12,0,1,2,211,3.9,11.23899518
2025,12,0,1,2,103,NA,3.840468953
2025,12,0,1,2,180,NA,11.67327268
2025,12,0,1,2,274,5.2,22.06538105
2025,12,0,1,2,232,3.3,11.94176111
2025,12,0,1,2,220,4.1,12.5447345
2025,12,0,1,2,142,NA,7.097770017
2025,12,0,1,2,191,NA,13.2919838
2025,12,0,1,2,265,4.8,19.59006816
2025,12,0,1,2,167,NA,9.936483593
2025,12,0,1,2,212,3.1,9.706140984
