"","IDs","H2S_mean","H2S_sd","H2S_cv","H2S_flag","Dilution","H2S_cv_flag"
"1","P2B-20",1574.55184855933,125.701791586469,7.98333771615604,"Within_Range",50,"within range"
"2","P3B-40",196.606730115568,17.0595288581636,8.67698112273971,"Within_Range",5,"within range"
"3","P1B-40",1774.89489096899,153.096893399416,8.62568787472443,"Within_Range",50,"within range"
