"Year","Month","Sample_Date","SampleID","Plot","Depth","Temperature","CO2","Vegetation","H2S","pH","CH4","NH4","SO4","Cl","Salinity"
2016,"May",-99,"310-10",310,10,0,0,3,-99,-99,-99,-99,-99,-99,-99
2016,"May",23,"310-20",310,20,0,0,3,0.437980452,6.96,41.2419485,-99,1.027695842,26.47059182,1.695683142
2016,"May",23,"310-40",310,40,0,0,3,0.534329159,6.64,44.27722704,-99,5.329321251,149.0351192,9.546940021
2016,"May",23,"310-60",310,60,0,0,3,0.646906788,6.86,16.62416175,-99,-99,-99,-99
2016,"May",23,"310-80",310,80,0,0,3,0.777236573,6.81,39.43450876,-99,2.670769146,136.9555285,8.773143791
2016,"May",23,"310-100",310,100,0,0,3,0.832616568,6.78,80.44127437,-99,-99,-99,-99
2016,"May",23,"310-120",310,120,0,0,3,0.78320336,6.74,117.7797762,-99,1.899577358,130.7462778,8.375390675
2016,"May",-99,"311-10",311,10,1,0,3,-99,-99,-99,-99,-99,-99,-99
2016,"May",23,"311-20",311,20,1,0,3,0.330039662,6.5,24.39538997,-99,-99,-99,-99
2016,"May",23,"311-40",311,40,1,0,3,0.330039662,6.6,27.33152624,-99,-99,-99,-99
2016,"May",23,"311-80",311,80,1,0,3,0.585685719,6.74,35.42306024,-99,-99,-99,-99
2016,"May",23,"311-120",311,120,1,0,3,0.563713023,6.68,52.16285018,-99,-99,-99,-99
2016,"May",-99,"312-10",312,10,2,0,3,-99,-99,-99,-99,-99,-99,-99
2016,"May",23,"312-20",312,20,2,0,3,0.308087667,6.6,45.3830446,-99,-99,-99,-99
2016,"May",23,"312-40",312,40,2,0,3,0.469187624,6.71,37.64232169,-99,-99,-99,-99
2016,"May",23,"312-80",312,80,2,0,3,0.599278331,6.77,75.75870898,-99,-99,-99,-99
2016,"May",23,"312-120",312,120,2,0,3,0.641978369,6.75,102.1000459,-99,-99,-99,-99
2016,"May",-99,"313-10",313,10,3,0,3,-99,-99,-99,-99,-99,-99,-99
2016,"May",23,"313-20",313,20,3,0,3,0.510365131,6.54,269.4826926,-99,4.709736157,139.2919934,8.922813407
2016,"May",23,"313-40",313,40,3,0,3,0.709083645,6.86,229.8410397,-99,1.535435242,116.6320998,7.471262546
2016,"May",23,"313-60",313,60,3,0,3,0.563713023,7.2,41.53937529,-99,-99,-99,-99
2016,"May",23,"313-80",313,80,3,0,3,0.748077619,6.86,290.0814045,-99,0.365775294,107.4916069,6.885739479
2016,"May",23,"313-100",313,100,3,0,3,0.622637311,6.77,475.5155696,-99,-99,-99,-99
2016,"May",23,"313-120",313,120,3,0,3,0.491218176,6.79,472.5870596,-99,0.413831755,89.50352082,5.733455962
2016,"May",-99,"320-10",320,10,0,0,3,-99,-99,-99,-99,-99,-99,-99
2016,"May",24,"320-20",320,20,0,0,3,1.611979181,6.46,37.14535396,-99,5.244650342,142.0571468,9.09994402
2016,"May",24,"320-40",320,40,0,0,3,2.135460318,6.66,37.54941938,-99,3.700550465,137.6838502,8.819798729
2016,"May",24,"320-60",320,60,0,0,3,2.165699067,6.76,17.58008063,-99,-99,-99,-99
2016,"May",24,"320-80",320,80,0,0,3,1.976538073,6.64,52.83301695,-99,2.091803204,127.3930804,8.160591053
2016,"May",24,"320-100",320,100,0,0,3,2.032911123,6.79,43.91522208,-99,-99,-99,-99
2016,"May",24,"320-120",320,120,0,0,3,2.165699067,6.63,74.80141624,-99,1.419584844,117.084355,7.500233177
2016,"May",-99,"321-10",321,10,1,0,3,-99,-99,-99,-99,-99,-99,-99
2016,"May",24,"321-20",321,20,1,0,3,1.33327666,6.49,32.18314695,-99,-99,-99,-99
2016,"May",24,"321-40",321,40,1,0,3,1.430386148,6.64,25.08010207,-99,-99,-99,-99
2016,"May",24,"321-80",321,80,1,0,3,1.729388027,6.76,25.47707863,-99,-99,-99,-99
2016,"May",24,"321-120",321,120,1,0,3,1.894895973,6.72,26.20723195,-99,-99,-99,-99
2016,"May",-99,"322-10",322,10,2,0,3,-99,-99,-99,-99,-99,-99,-99
2016,"May",24,"322-20",322,20,2,0,3,1.03514552,6.54,18.90569879,-99,-99,-99,-99
2016,"May",24,"322-40",322,40,2,0,3,0.992388209,6.52,22.99597513,-99,-99,-99,-99
2016,"May",24,"322-80",322,80,2,0,3,1.894895973,6.63,26.9940962,-99,-99,-99,-99
2016,"May",24,"322-120",322,120,2,0,3,0.505317816,-99,47.71485487,-99,-99,-99,-99
2016,"May",-99,"323-10",323,10,3,0,3,-99,-99,-99,-99,-99,-99,-99
2016,"May",24,"323-20",323,20,3,0,3,0.992388209,6.43,16.74359431,-99,6.587370762,136.4802678,8.742699467
2016,"May",24,"323-40",323,40,3,0,3,1.430386148,6.53,27.74551612,-99,5.568459357,149.4436078,9.573107043
2016,"May",24,"323-60",323,60,3,0,3,1.352156251,6.8,5.49001771,-99,-99,-99,-99
2016,"May",24,"323-80",323,80,3,0,3,1.962690781,6.63,28.74504639,-99,3.685103745,140.7430256,9.015763846
2016,"May",24,"323-100",323,100,3,0,3,2.076243558,6.6,25.72518898,-99,-99,-99,-99
2016,"May",24,"323-120",323,120,3,0,3,2.061697745,6.63,28.02198194,-99,2.953959009,130.3916558,8.352674249
2016,"May",-99,"330-10",330,10,0,0,3,-99,-99,-99,-99,-99,-99,-99
2016,"May",25,"330-20",330,20,0,0,3,0.631242056,6.59,18.38489617,-99,4.307549342,117.9529544,7.555874043
2016,"May",25,"330-40",330,40,0,0,3,0.72347901,6.49,18.16346677,-99,4.335010177,137.8746278,8.832019591
2016,"May",25,"330-60",330,60,0,0,3,0.707219565,6.61,16.80248609,-99,-99,-99,-99
2016,"May",25,"330-80",330,80,0,0,3,1.040812809,6.52,36.26667009,-99,3.304942808,125.1845488,8.019116603
2016,"May",25,"330-100",330,100,0,0,3,1.08099929,6.58,44.36234485,-99,-99,-99,-99
2016,"May",25,"330-120",330,120,0,0,3,1.064741782,6.59,53.92701462,-99,2.111254629,120.6878078,7.731063695
2016,"May",-99,"331-10",331,10,1,0,3,-99,-99,-99,-99,-99,-99,-99
2016,"May",25,"331-20",331,20,1,0,3,0.403694763,6.47,16.7106739,-99,-99,-99,-99
2016,"May",25,"331-40",331,40,1,0,3,0.55076447,6.59,18.40649903,-99,-99,-99,-99
2016,"May",25,"331-80",331,80,1,0,3,0.8810091,6.65,49.94668621,-99,-99,-99,-99
2016,"May",25,"331-120",331,120,1,0,3,1.122737399,6.65,115.1063366,-99,-99,-99,-99
2016,"May",-99,"332-10",332,10,2,0,3,-99,-99,-99,-99,-99,-99,-99
2016,"May",25,"332-20",332,20,2,0,3,0.442119621,6.46,15.76014771,-99,-99,-99,-99
2016,"May",25,"332-40",332,40,2,0,3,0.554953343,6.58,21.72793998,-99,-99,-99,-99
2016,"May",25,"332-80",332,80,2,0,3,0.8810091,6.71,39.71772824,-99,-99,-99,-99
2016,"May",25,"332-120",332,120,2,0,3,0.8944612,6.75,86.77417531,-99,-99,-99,-99
2016,"May",-99,"333-10",333,10,3,0,3,-99,-99,-99,-99,-99,-99,-99
2016,"May",25,"333-20",333,20,3,0,3,0.499101283,6.44,28.36002043,-99,4.236608851,97.78102553,6.2636976
2016,"May",25,"333-40",333,40,3,0,3,0.734525788,6.46,31.25480473,-99,5.507816679,154.8168036,9.917304028
2016,"May",25,"333-60",333,60,3,0,3,0.768688501,6.66,26.24293937,-99,-99,-99,-99
2016,"May",25,"333-80",333,80,3,0,3,1.025159678,6.61,65.67897477,-99,2.78347299,130.7855555,8.377906735
2016,"May",25,"333-100",333,100,3,0,3,1.105852177,6.63,117.5096556,-99,-99,-99,-99
2016,"May",25,"333-120",333,120,3,0,3,1.105852177,6.59,198.4339989,-99,1.23708471,109.8078718,7.034115121
2016,"May",-99,"440-10",440,10,0,0,4,-99,-99,-99,-99,-99,-99,-99
2016,"May",26,"440-20",440,20,0,0,4,0.346619808,6.36,30.53268549,-99,3.00945278,82.37517078,5.276827046
2016,"May",26,"440-40",440,40,0,0,4,0.807675464,6.57,36.07213004,-99,3.232572065,120.2232082,7.701302302
2016,"May",26,"440-60",440,60,0,0,4,1.254283736,6.72,261.441577,-99,-99,-99,-99
2016,"May",26,"440-80",440,80,0,0,4,1.419577907,6.79,113.1583958,-99,0.773111016,119.9718306,7.685199519
2016,"May",26,"440-100",440,100,0,0,4,1.552345487,6.72,752.5925385,-99,-99,-99,-99
2016,"May",26,"440-120",440,120,0,0,4,1.573845509,6.7,422.490313,-99,0.418980662,88.18715517,5.649132014
2016,"May",-99,"441-10",441,10,1,0,4,-99,-99,-99,-99,-99,-99,-99
2016,"May",26,"441-20",441,20,1,0,4,0.368752606,6.47,28.25853372,-99,-99,-99,-99
2016,"May",26,"441-40",441,40,1,0,4,0.847510124,6.55,131.0677181,-99,-99,-99,-99
2016,"May",26,"441-80",441,80,1,0,4,1.147008507,6.6,130.9325534,-99,-99,-99,-99
2016,"May",26,"441-120",441,120,1,0,4,1.162894602,6.62,403.9276946,-99,-99,-99,-99
2016,"May",-99,"442-10",442,10,2,0,4,-99,-99,-99,-99,-99,-99,-99
2016,"May",26,"442-20",442,20,2,0,4,0.247455633,6.33,7.8215709,-99,-99,-99,-99
2016,"May",26,"442-40",442,40,2,0,4,0.652595835,6.61,30.00975219,-99,-99,-99,-99
2016,"May",26,"442-80",442,80,2,0,4,0.985951988,6.61,247.4820676,-99,-99,-99,-99
2016,"May",26,"442-120",442,120,2,0,4,1.06343562,6.69,122.890254,-99,-99,-99,-99
2016,"May",-99,"443-10",443,10,3,0,4,-99,-99,-99,-99,-99,-99,-99
2016,"May",26,"443-20",443,20,3,0,4,0.406023441,6.38,13.73801387,-99,4.660173062,120.6457648,7.728370497
2016,"May",26,"443-40",443,40,3,0,4,0.634887631,6.48,16.59590513,-99,3.783519443,114.0077272,7.303150093
2016,"May",26,"443-60",443,60,3,0,4,0.699057462,6.66,17.67217482,-99,-99,-99,-99
2016,"May",26,"443-80",443,80,3,0,4,0.85335896,6.54,37.89631595,-99,2.401802641,108.6975208,6.962988089
2016,"May",26,"443-100",443,100,3,0,4,0.959198157,6.58,30.3198638,-99,-99,-99,-99
2016,"May",26,"443-120",443,120,3,0,4,0.914113938,6.64,39.31918096,-99,2.18501753,110.8558051,7.101243789
2016,"May",-99,"450-10",450,10,0,0,4,-99,-99,-99,-99,-99,-99,-99
2016,"May",26,"450-20",450,20,0,0,4,0.314801917,6.41,10.78891331,-99,2.671630917,92.89431944,5.950664249
2016,"May",26,"450-40",450,40,0,0,4,0.64368084,6.57,114.1420944,-99,2.963944883,117.3518943,7.517371249
2016,"May",26,"450-60",450,60,0,0,4,0.830203044,6.63,154.1733721,-99,-99,-99,-99
2016,"May",26,"450-80",450,80,0,0,4,1.041719106,6.85,280.5298359,-99,0.068479921,97.60990798,6.252736127
2016,"May",26,"450-100",450,100,0,0,4,0.985951988,6.85,230.661572,-99,-99,-99,-99
2016,"May",26,"450-120",450,120,0,0,4,0.907848694,6.93,256.177663,-99,0.107685739,97.97986764,6.276435058
2016,"May",-99,"451-10",451,10,1,0,4,-99,-99,-99,-99,-99,-99,-99
2016,"May",26,"451-20",451,20,1,0,4,0.46589523,6.46,10.70986526,-99,-99,-99,-99
2016,"May",26,"451-40",451,40,1,0,4,0.889309434,6.6,25.52833547,-99,-99,-99,-99
2016,"May",26,"451-80",451,80,1,0,4,1.100640507,6.85,34.169649,-99,-99,-99,-99
2016,"May",26,"451-120",451,120,1,0,4,1.187137238,6.7,203.7713065,-99,-99,-99,-99
2016,"May",-99,"452-10",452,10,2,0,4,-99,-99,-99,-99,-99,-99,-99
2016,"May",27,"452-20",452,20,2,0,4,0.733325697,6.6,5.432406821,-99,-99,-99,-99
2016,"May",27,"452-40",452,40,2,0,4,0.997754952,6.68,11.8018117,-99,-99,-99,-99
2016,"May",27,"452-80",452,80,2,0,4,1.734301587,6.75,30.89336125,-99,-99,-99,-99
2016,"May",27,"452-120",452,120,2,0,4,1.899480625,6.74,31.68414631,-99,-99,-99,-99
2016,"May",-99,"453-10",453,10,3,0,4,-99,-99,-99,-99,-99,-99,-99
2016,"May",27,"453-20",453,20,3,0,4,0.688562958,6.59,4.964672745,-99,2.964521439,96.11889231,6.157224421
2016,"May",27,"453-40",453,40,3,0,4,0.990796907,6.61,14.58155198,-99,3.679451059,117.5430215,7.529614504
2016,"May",27,"453-60",453,60,3,0,4,1.698270526,6.66,29.10019546,-99,-99,-99,-99
2016,"May",27,"453-80",453,80,3,0,4,1.662988029,6.81,22.90744073,-99,1.615956615,102.1801951,6.545500267
2016,"May",27,"453-100",453,100,3,0,4,2.37624305,6.68,34.20638503,-99,-99,-99,-99
2016,"May",27,"453-120",453,120,3,0,4,1.734301587,6.81,38.8392855,-99,1.396288723,107.0567329,6.857882254
2016,"May",-99,"460-10",460,10,0,0,4,-99,-99,-99,-99,-99,-99,-99
2016,"May",27,"460-20",460,20,0,0,4,0.688562958,6.54,21.86753789,-99,2.788671814,91.95880211,5.890736739
2016,"May",27,"460-40",460,40,0,0,4,1.539775396,6.77,73.44078331,-99,0.839912043,109.0462441,6.985326659
2016,"May",27,"460-60",460,60,0,0,4,1.455939665,6.97,36.05784855,-99,-99,-99,-99
2016,"May",27,"460-80",460,80,0,0,4,1.320060639,6.95,184.8395693,-99,0.039613225,100.7707718,6.455215214
2016,"May",27,"460-100",460,100,0,0,4,1.860017879,6.81,199.7977995,-99,-99,-99,-99
2016,"May",27,"460-120",460,120,0,0,4,2.037170439,6.74,229.0569405,-99,0,101.9946565,6.533615003
2016,"May",-99,"461-10",461,10,1,0,4,-99,-99,-99,-99,-99,-99,-99
2016,"May",27,"461-20",461,20,1,0,4,0.550411709,6.51,6.075680051,-99,-99,-99,-99
2016,"May",27,"461-40",461,40,1,0,4,1.292635659,6.56,16.77468041,-99,-99,-99,-99
2016,"May",27,"461-80",461,80,1,0,4,1.594606847,6.78,36.83947235,-99,-99,-99,-99
2016,"May",27,"461-120",461,120,1,0,4,1.994847112,6.74,48.33623808,-99,-99,-99,-99
2016,"May",-99,"462-10",462,10,2,0,4,-99,-99,-99,-99,-99,-99,-99
2016,"May",27,"462-20",462,20,2,0,4,0.743661679,6.52,8.788759891,-99,-99,-99,-99
2016,"May",27,"462-40",462,40,2,0,4,1.239483169,6.78,17.92790599,-99,-99,-99,-99
2016,"May",27,"462-80",462,80,2,0,4,1.56147802,6.73,37.46608047,-99,-99,-99,-99
2016,"May",27,"462-120",462,120,2,0,4,1.710196928,6.68,30.80772043,-99,-99,-99,-99
2016,"May",-99,"463-10",463,10,3,0,4,-99,-99,-99,-99,-99,-99,-99
2016,"May",27,"463-20",463,20,3,0,4,0.728211702,6.53,17.60793588,-99,3.622948557,105.969208,6.78821742
2016,"May",27,"463-40",463,40,3,0,4,1.047848848,6.59,31.34665223,-99,3.419424238,108.8104087,6.970219485
2016,"May",27,"463-60",463,60,3,0,4,1.507785723,6.81,32.02123319,-99,-99,-99,-99
2016,"May",27,"463-80",463,80,3,0,4,1.926253175,6.72,83.8989037,-99,1.254455912,100.4868752,6.437029327
2016,"May",27,"463-100",463,100,3,0,4,1.821374993,6.67,50.60314733,-99,-99,-99,-99
2016,"May",27,"463-120",463,120,3,0,4,1.758745993,6.8,37.5927353,-99,1.053814373,85.91761793,5.503749657
2016,"May",-99,"610-10",610,10,0,1,3,-99,-99,-99,-99,-99,-99,-99
2016,"May",23,"610-20",610,20,0,1,3,0.196208052,6.53,17.00547815,-99,5.596492293,136.6996621,8.756753458
2016,"May",23,"610-40",610,40,0,1,3,0.350862247,6.59,17.91301118,-99,5.930599121,153.2670159,9.818027496
2016,"May",23,"610-60",610,60,0,1,3,0.278931293,6.78,15.21329107,-99,-99,-99,-99
2016,"May",23,"610-80",610,80,0,1,3,0.421549095,6.89,14.37439499,-99,2.915056159,124.3496161,7.965632359
2016,"May",23,"610-100",610,100,0,1,3,0.530258405,6.71,26.00454517,-99,-99,-99,-99
2016,"May",23,"610-120",610,120,0,1,3,0.617893787,6.72,46.67189403,-99,2.80635702,130.4444003,8.356052958
2016,"May",-99,"613-10",613,10,3,1,3,-99,-99,-99,-99,-99,-99,-99
2016,"May",23,"613-20",613,20,3,1,3,0.462065902,6.56,58.33254952,-99,6.137699586,144.9289113,9.283903937
2016,"May",23,"613-40",613,40,3,1,3,0.613186401,6.81,61.47459665,-99,4.256632377,138.4694052,8.870119926
2016,"May",23,"613-60",613,60,3,1,3,0.590181984,7.02,20.23904121,-99,-99,-99,-99
2016,"May",23,"613-80",613,80,3,1,3,0.720012598,6.92,52.31537674,-99,2.007704397,134.255464,8.600182649
2016,"May",23,"613-100",613,100,3,1,3,0.839008502,6.86,109.3755628,-99,-99,-99,-99
2016,"May",23,"613-120",613,120,3,1,3,0.819978418,6.95,98.25637655,-99,1.398417116,131.2883107,8.410112301
2016,"May",-99,"620-10",620,10,0,1,3,-99,-99,-99,-99,-99,-99,-99
2016,"May",24,"620-20",620,20,0,1,3,0.938113056,6.68,17.09803766,-99,5.839635104,145.2509888,9.304535628
2016,"May",24,"620-40",620,40,0,1,3,1.102760304,6.48,12.94396152,-99,4.435127806,143.0806127,9.16550535
2016,"May",24,"620-60",620,60,0,1,3,1.158388501,6.84,10.33525841,-99,-99,-99,-99
2016,"May",24,"620-80",620,80,0,1,3,1.681431736,6.75,12.31305234,-99,2.27573359,138.3987052,8.865591018
2016,"May",24,"620-100",620,100,0,1,3,1.681431736,6.68,15.82204158,-99,-99,-99,-99
2016,"May",24,"620-120",620,120,0,1,3,1.881620651,6.66,17.82110211,-99,2.433919443,138.8812604,8.89650261
2016,"May",-99,"623-10",623,10,3,1,3,-99,-99,-99,-99,-99,-99,-99
2016,"May",24,"623-20",623,20,3,1,3,0.856174433,6.4,16.28990681,-99,6.154290507,140.2301705,8.982911294
2016,"May",24,"623-40",623,40,3,1,3,1.410414265,6.86,25.67556691,-99,5.39110813,147.3068983,9.436233388
2016,"May",24,"623-60",623,60,3,1,3,1.420365104,6.58,18.78518804,-99,-99,-99,-99
2016,"May",24,"623-80",623,80,3,1,3,1.741589308,6.52,71.21444947,-99,3.87618539,139.5994821,8.942510561
2016,"May",24,"623-100",623,100,3,1,3,1.803899173,6.54,157.1756637,-99,-99,-99,-99
2016,"May",24,"623-120",623,120,3,1,3,1.829442918,6.64,166.1924004,-99,2.365267355,123.0164171,7.8802301
2016,"May",-99,"630-10",630,10,0,1,3,-99,-99,-99,-99,-99,-99,-99
2016,"May",25,"630-20",630,20,0,1,3,0.352227374,6.49,19.762079,-99,5.896845178,141.5667361,9.068529215
2016,"May",25,"630-40",630,40,0,1,3,0.538386606,6.54,15.55492047,-99,4.28981422,134.1017196,8.590334072
2016,"May",25,"630-60",630,60,0,1,3,0.636043006,6.66,10.10019632,-99,-99,-99,-99
2016,"May",25,"630-80",630,80,0,1,3,0.90126408,6.54,18.53071552,-99,3.348136413,120.9414298,7.747310253
2016,"May",25,"630-100",630,100,0,1,3,1.032956594,6.49,28.02517598,-99,-99,-99,-99
2016,"May",25,"630-120",630,120,0,1,3,0.786361156,6.73,19.01137934,-99,3.482580086,121.287074,7.76945158
2016,"May",-99,"633-10",633,10,3,1,3,-99,-99,-99,-99,-99,-99,-99
2016,"May",25,"633-20",633,20,3,1,3,0.908118699,6.59,30.37988858,-99,5.197165982,145.8233217,9.341198214
2016,"May",25,"633-40",633,40,3,1,3,1.002120273,6.69,33.52850658,-99,3.449398243,142.519502,9.129561638
2016,"May",25,"633-60",633,60,3,1,3,0.757127938,6.98,22.26261096,-99,-99,-99,-99
2016,"May",25,"633-80",633,80,3,1,3,1.105852177,6.62,71.54955413,-99,1.429310556,127.4693914,8.165479397
2016,"May",25,"633-100",633,100,3,1,3,0.915025452,6.66,159.5326345,-99,-99,-99,-99
2016,"May",25,"633-120",633,120,3,1,3,0.734525788,6.71,174.9084757,-99,0.491923505,98.35504175,6.300468018
2016,"June",20,"310-20",310,20,0,0,3,0.424358169,6.31,23.02166727,-99,-99,-99,-99
2016,"June",20,"310-40",310,40,0,0,3,0.532902419,6.38,18.0659097,-99,-99,-99,-99
2016,"June",20,"310-60",310,60,0,0,3,0.694251567,6.78,7.335588538,-99,-99,-99,-99
2016,"June",20,"310-80",310,80,0,0,3,0.95218584,6.67,16.24340593,-99,-99,-99,-99
2016,"June",20,"310-100",310,100,0,0,3,0.871830369,6.71,70.9014968,-99,-99,-99,-99
2016,"June",20,"310-120",310,120,0,0,3,0.540790822,6.63,125.1726005,-99,-99,-99,-99
2016,"June",20,"311-20",311,20,1,0,3,0.57775885,6.4,14.93595756,-99,-99,-99,-99
2016,"June",20,"311-40",311,40,1,0,3,0.56516359,6.41,21.83637948,-99,-99,-99,-99
2016,"June",20,"311-80",311,80,1,0,3,1.002437701,6.59,28.57832281,-99,-99,-99,-99
2016,"June",20,"311-120",311,120,1,0,3,0.987815351,6.52,34.74313428,-99,-99,-99,-99
2016,"June",20,"312-20",312,20,2,0,3,0.85282429,6.5,22.54292986,-99,-99,-99,-99
2016,"June",20,"312-40",312,40,2,0,3,0.865448406,6.49,22.2986087,-99,-99,-99,-99
2016,"June",20,"312-80",312,80,2,0,3,1.178298221,6.63,40.39158101,-99,-99,-99,-99
2016,"June",20,"312-120",312,120,2,0,3,0.586311251,6.62,42.19342536,-99,-99,-99,-99
2016,"June",20,"313-20",313,20,3,0,3,0.684124664,6.51,164.974606,-99,-99,-99,-99
2016,"June",20,"313-40",313,40,3,0,3,1.039947569,6.78,77.83400704,-99,-99,-99,-99
2016,"June",20,"313-60",313,60,3,0,3,0.911122677,6.95,38.77031865,-99,-99,-99,-99
2016,"June",20,"313-80",313,80,3,0,3,0.822063772,6.7,157.4571952,-99,-99,-99,-99
2016,"June",20,"313-100",313,100,3,0,3,0.599377808,6.58,232.084757,-99,-99,-99,-99
2016,"June",20,"313-120",313,120,3,0,3,0.385702125,6.56,170.3154195,-99,-99,-99,-99
2016,"June",21,"320-20",320,20,0,0,3,0.812334057,6.43,28.27023784,-99,-99,-99,-99
2016,"June",21,"320-40",320,40,0,0,3,0.948137413,6.64,17.399159,-99,-99,-99,-99
2016,"June",21,"320-60",320,60,0,0,3,0.905170303,6.69,3.289352291,-99,-99,-99,-99
2016,"June",21,"320-80",320,80,0,0,3,0.476555309,6.6,55.70645715,-99,-99,-99,-99
2016,"June",21,"320-100",320,100,0,0,3,1.056493721,6.69,78.95077654,-99,-99,-99,-99
2016,"June",21,"320-120",320,120,0,0,3,1.519280572,6.63,100.1803055,-99,-99,-99,-99
2016,"June",21,"321-20",321,20,1,0,3,0.837841727,6.48,22.50413059,-99,-99,-99,-99
2016,"June",21,"321-40",321,40,1,0,3,0.905170303,6.66,22.6715067,-99,-99,-99,-99
2016,"June",21,"321-80",321,80,1,0,3,1.450430747,6.66,40.69791456,-99,-99,-99,-99
2016,"June",21,"321-120",321,120,1,0,3,1.064691413,6.56,60.89189154,-99,-99,-99,-99
2016,"June",21,"322-20",322,20,2,0,3,0.751910846,6.55,26.76385278,-99,-99,-99,-99
2016,"June",21,"322-40",322,40,2,0,3,0.757745177,6.52,23.17363506,-99,-99,-99,-99
2016,"June",21,"322-80",322,80,2,0,3,1.072952714,6.68,24.54611922,-99,-99,-99,-99
2016,"June",21,"322-120",322,120,2,0,3,1.16816913,6.6,34.36272851,-99,-99,-99,-99
2016,"June",21,"323-20",323,20,3,0,3,0.695982049,6.32,13.45745143,-99,-99,-99,-99
2016,"June",21,"323-40",323,40,3,0,3,0.905170303,6.33,14.91362365,-99,-99,-99,-99
2016,"June",21,"323-60",323,60,3,0,3,1.032277418,6.61,1.975449768,-99,-99,-99,-99
2016,"June",21,"323-80",323,80,3,0,3,1.242683049,6.54,22.16100954,-99,-99,-99,-99
2016,"June",21,"323-100",323,100,3,0,3,1.395445379,6.53,32.3458463,-99,-99,-99,-99
2016,"June",21,"323-120",323,120,3,0,3,1.233114894,6.48,45.60069237,-99,-99,-99,-99
2016,"June",22,"330-20",330,20,0,0,3,0.354418104,6.47,21.69985277,-99,-99,-99,-99
2016,"June",22,"330-40",330,40,0,0,3,0.508434256,6.51,21.35567082,-99,-99,-99,-99
2016,"June",22,"330-60",330,60,0,0,3,0.453125112,6.64,13.22876221,-99,-99,-99,-99
2016,"June",22,"330-80",330,80,0,0,3,0.6859274,6.62,32.55547224,-99,-99,-99,-99
2016,"June",22,"330-100",330,100,0,0,3,0.67030864,6.63,45.88503226,-99,-99,-99,-99
2016,"June",22,"330-120",330,120,0,0,3,0.723801144,6.55,75.86767959,-99,-99,-99,-99
2016,"June",22,"331-20",331,20,1,0,3,0.379774587,6.44,19.61368868,-99,-99,-99,-99
2016,"June",22,"331-40",331,40,1,0,3,0.579322459,6.72,57.49522085,-99,-99,-99,-99
2016,"June",22,"331-80",331,80,1,0,3,0.592821164,6.68,38.08582161,-99,-99,-99,-99
2016,"June",22,"331-120",331,120,1,0,3,0.5324042,6.67,85.60783017,-99,-99,-99,-99
2016,"June",22,"332-20",332,20,2,0,3,0.432724478,6.41,18.98854186,-99,-99,-99,-99
2016,"June",22,"332-40",332,40,2,0,3,0.394637294,6.58,20.44253502,-99,-99,-99,-99
2016,"June",22,"332-80",332,80,2,0,3,0.650035444,6.65,38.72393885,-99,-99,-99,-99
2016,"June",22,"332-120",332,120,2,0,3,0.516301864,6.82,52.55867502,-99,-99,-99,-99
2016,"June",22,"333-20",333,20,3,0,3,0.474487527,6.42,19.99299124,-99,-99,-99,-99
2016,"June",22,"333-40",333,40,3,0,3,0.467257102,6.44,25.43668542,-99,-99,-99,-99
2016,"June",22,"333-60",333,60,3,0,3,0.528332136,6.8,4.343248478,-99,-99,-99,-99
2016,"June",22,"333-80",333,80,3,0,3,0.824716772,6.62,33.03406016,-99,-99,-99,-99
2016,"June",22,"333-100",333,100,3,0,3,0.323223225,6.61,96.95213657,-99,-99,-99,-99
2016,"June",22,"333-120",333,120,3,0,3,0.824716772,6.64,173.5439303,-99,-99,-99,-99
2016,"June",23,"440-20",440,20,0,0,4,0.515090918,6.38,35.47826925,-99,-99,-99,-99
2016,"June",23,"440-40",440,40,0,0,4,1.399110601,6.55,140.2799915,-99,-99,-99,-99
2016,"June",23,"440-60",440,60,0,0,4,2.20060781,6.69,303.1232808,-99,-99,-99,-99
2016,"June",23,"440-80",440,80,0,0,4,2.314180135,6.82,82.65733045,-99,-99,-99,-99
2016,"June",23,"440-100",440,100,0,0,4,2.522679267,6.71,458.3385255,-99,-99,-99,-99
2016,"June",23,"440-120",440,120,0,0,4,2.297603521,6.72,448.3310121,-99,-99,-99,-99
2016,"June",23,"441-20",441,20,1,0,4,0.657709896,6.58,23.66249348,-99,-99,-99,-99
2016,"June",23,"441-40",441,40,1,0,4,1.429612268,6.72,87.4248583,-99,-99,-99,-99
2016,"June",23,"441-80",441,80,1,0,4,1.37913856,7.14,31.72407221,-99,-99,-99,-99
2016,"June",23,"441-120",441,120,1,0,4,1.975657029,6.79,358.4180137,-99,-99,-99,-99
2016,"June",23,"442-20",442,20,2,0,4,0.493345821,6.41,8.241694059,-99,-99,-99,-99
2016,"June",23,"442-40",442,40,2,0,4,1.11159276,6.59,25.80686099,-99,-99,-99,-99
2016,"June",23,"442-80",442,80,2,0,4,1.69882256,6.65,117.0780226,-99,-99,-99,-99
2016,"June",23,"442-120",442,120,2,0,4,1.429612268,6.77,117.1209733,-99,-99,-99,-99
2016,"June",23,"443-20",443,20,3,0,4,0.845876449,6.44,17.36613321,-99,-99,-99,-99
2016,"June",23,"443-40",443,40,3,0,4,1.034486861,6.49,13.26386493,-99,-99,-99,-99
2016,"June",23,"443-60",443,60,3,0,4,0.827829148,6.6,13.07739819,-99,-99,-99,-99
2016,"June",23,"443-80",443,80,3,0,4,1.481933214,6.58,36.85812313,-99,-99,-99,-99
2016,"June",23,"443-100",443,100,3,0,4,1.50339388,6.58,34.24329982,-99,-99,-99,-99
2016,"June",23,"443-120",443,120,3,0,4,1.330446869,6.59,39.79253045,-99,-99,-99,-99
2016,"June",23,"450-20",450,20,0,0,4,0.433465103,6.45,7.185049198,-99,-99,-99,-99
2016,"June",23,"450-40",450,40,0,0,4,1.087876237,6.64,25.19152075,-99,-99,-99,-99
2016,"June",23,"450-60",450,60,0,0,4,1.558415084,6.58,75.0550563,-99,-99,-99,-99
2016,"June",23,"450-80",450,80,0,0,4,1.825444992,6.69,311.3010943,-99,-99,-99,-99
2016,"June",23,"450-100",450,100,0,0,4,1.905904734,6.78,242.5971523,-99,-99,-99,-99
2016,"June",23,"450-120",450,120,0,0,4,1.340045698,6.69,166.6689024,-99,-99,-99,-99
2016,"June",23,"451-20",451,20,1,0,4,0.997963399,6.57,6.942642436,-99,-99,-99,-99
2016,"June",23,"451-40",451,40,1,0,4,1.558415084,6.66,26.36626121,-99,-99,-99,-99
2016,"June",23,"451-80",451,80,1,0,4,1.735858175,6.82,29.16326231,-99,-99,-99,-99
2016,"June",23,"451-120",451,120,1,0,4,1.905904734,6.8,174.0650132,-99,-99,-99,-99
2016,"June",24,"452-20",452,20,2,0,4,0.794443889,6.5,4.452363259,-99,-99,-99,-99
2016,"June",24,"452-40",452,40,2,0,4,1.07324992,6.56,11.96425846,-99,-99,-99,-99
2016,"June",24,"452-80",452,80,2,0,4,1.096559305,6.71,35.29258355,-99,-99,-99,-99
2016,"June",24,"452-120",452,120,2,0,4,1.66125568,6.78,47.59012386,-99,-99,-99,-99
2016,"June",24,"453-20",453,20,3,0,4,1.065590757,6.56,5.223186969,-99,-99,-99,-99
2016,"June",24,"453-40",453,40,3,0,4,1.972815888,6.6,12.58964374,-99,-99,-99,-99
2016,"June",24,"453-60",453,60,3,0,4,1.07324992,6.64,24.61013045,-99,-99,-99,-99
2016,"June",24,"453-80",453,80,3,0,4,1.028107069,6.8,23.17756186,-99,-99,-99,-99
2016,"June",24,"453-100",453,100,3,0,4,1.759218722,6.74,38.9140006,-99,-99,-99,-99
2016,"June",24,"453-120",453,120,3,0,4,1.524443876,6.78,34.1072603,-99,-99,-99,-99
2016,"June",24,"460-20",460,20,0,0,4,1.602818622,6.47,16.93825296,-99,-99,-99,-99
2016,"June",24,"460-40",460,40,0,0,4,1.359392037,6.7,48.16412605,-99,-99,-99,-99
2016,"June",24,"460-60",460,60,0,0,4,0.600837253,6.76,39.09086333,-99,-99,-99,-99
2016,"June",24,"460-80",460,80,0,0,4,1.398899134,6.7,150.9004482,-99,-99,-99,-99
2016,"June",24,"460-100",460,100,0,0,4,1.096559305,6.68,119.4713106,-99,-99,-99,-99
2016,"June",24,"460-120",460,120,0,0,4,1.88983565,6.66,14.18219461,-99,-99,-99,-99
2016,"June",24,"461-20",461,20,1,0,4,1.958737044,6.69,4.132398701,-99,-99,-99,-99
2016,"June",24,"461-40",461,40,1,0,4,1.849663717,6.54,12.38602993,-99,-99,-99,-99
2016,"June",24,"461-80",461,80,1,0,4,0.488151553,6.67,40.6156303,-99,-99,-99,-99
2016,"June",24,"461-120",461,120,1,0,4,0.923383366,6.62,44.98193846,-99,-99,-99,-99
2016,"June",24,"462-20",462,20,2,0,4,1.419081182,6.33,4.648705148,-99,-99,-99,-99
2016,"June",24,"462-40",462,40,2,0,4,1.746664197,6.48,10.89528596,-99,-99,-99,-99
2016,"June",24,"462-80",462,80,2,0,4,0.800154125,6.61,31.77297341,-99,-99,-99,-99
2016,"June",24,"462-120",462,120,2,0,4,1.47081937,6.61,38.20862419,-99,-99,-99,-99
2016,"June",24,"463-20",463,20,3,0,4,2.05943968,6.62,13.9131335,-99,-99,-99,-99
2016,"June",24,"463-40",463,40,3,0,4,1.54643717,6.51,40.07023616,-99,-99,-99,-99
2016,"June",24,"463-60",463,60,3,0,4,0.761028129,6.59,31.94749953,-99,-99,-99,-99
2016,"June",24,"463-80",463,80,3,0,4,1.028107069,6.67,28.61784088,-99,-99,-99,-99
2016,"June",24,"463-100",463,100,3,0,4,1.274532583,6.66,38.71038679,-99,-99,-99,-99
2016,"June",24,"463-120",463,120,3,0,4,1.580023476,6.65,28.60777066,-99,-99,-99,-99
2016,"June",20,"610-20",610,20,0,1,3,0.257488274,6.54,10.71646511,-99,-99,-99,-99
2016,"June",20,"610-40",610,40,0,1,3,0.30044465,6.56,9.924072167,-99,-99,-99,-99
2016,"June",20,"610-60",610,60,0,1,3,0.409051995,6.7,7.355398362,-99,-99,-99,-99
2016,"June",20,"610-80",610,80,0,1,3,0.242790099,6.94,4.324495337,-99,-99,-99,-99
2016,"June",20,"610-100",610,100,0,1,3,0.654621681,6.59,19.30072205,-99,-99,-99,-99
2016,"June",20,"610-120",610,120,0,1,3,0.736280591,6.49,22.02127117,-99,-99,-99,-99
2016,"June",20,"613-20",613,20,3,1,3,0.513681162,6.57,54.66810838,-99,-99,-99,-99
2016,"June",20,"613-40",613,40,3,1,3,0.775137995,6.64,30.28857092,-99,-99,-99,-99
2016,"June",20,"613-60",613,60,3,1,3,0.101280194,7.07,7.883660327,-99,-99,-99,-99
2016,"June",20,"613-80",613,80,3,1,3,0.938296503,6.81,15.8868291,-99,-99,-99,-99
2016,"June",20,"613-100",613,100,3,1,3,0.313985316,6.8,94.22081201,-99,-99,-99,-99
2016,"June",20,"613-120",613,120,3,1,3,-99,-99,34.55136359,-99,-99,-99,-99
2016,"June",21,"620-20",620,20,0,1,3,0.659326027,6.47,10.89659683,-99,-99,-99,-99
2016,"June",21,"620-40",620,40,0,1,3,0.491519369,6.7,5.515454654,-99,-99,-99,-99
2016,"June",21,"620-60",620,60,0,1,3,0.187040968,7.08,1.573747086,-99,-99,-99,-99
2016,"June",21,"620-80",620,80,0,1,3,0.187040968,7.07,4.879425407,-99,-99,-99,-99
2016,"June",21,"620-100",620,100,0,1,3,1.0243293,6.7,14.52865858,-99,-99,-99,-99
2016,"June",21,"620-120",620,120,0,1,3,0.717836212,6.69,18.61263585,-99,-99,-99,-99
2016,"June",21,"623-20",623,20,3,1,3,0.629447094,6.37,16.72128572,-99,-99,-99,-99
2016,"June",21,"623-40",623,40,3,1,3,0.751910846,6.43,13.52440188,-99,-99,-99,-99
2016,"June",21,"623-60",623,60,3,1,3,0.518845978,6.77,10.15177311,-99,-99,-99,-99
2016,"June",21,"623-80",623,80,3,1,3,0.850894366,6.63,29.15733126,-99,-99,-99,-99
2016,"June",21,"623-100",623,100,3,1,3,0.624600607,6.72,51.24210566,-99,-99,-99,-99
2016,"June",21,"623-120",623,120,3,1,3,0.751910846,6.75,69.62971963,-99,-99,-99,-99
2016,"June",22,"630-20",630,20,0,1,3,0.442807326,6.33,21.71390101,-99,-99,-99,-99
2016,"June",22,"630-40",630,40,0,1,3,0.410081662,6.32,15.98221785,-99,-99,-99,-99
2016,"June",22,"630-60",630,60,0,1,3,0.504545525,6.46,14.73192422,-99,-99,-99,-99
2016,"June",22,"630-80",630,80,0,1,3,0.540642723,6.52,27.68440431,-99,-99,-99,-99
2016,"June",22,"630-100",630,100,0,1,3,0.524291218,6.59,36.51372507,-99,-99,-99,-99
2016,"June",22,"630-120",630,120,0,1,3,0.385651292,6.68,20.55492096,-99,-99,-99,-99
2016,"June",22,"633-20",633,20,3,1,3,0.691214112,6.54,31.17539271,-99,-99,-99,-99
2016,"June",22,"633-40",633,40,3,1,3,0.650035444,6.64,29.1173251,-99,-99,-99,-99
2016,"June",22,"633-60",633,60,3,1,3,0.002810708,7.29,12.30157817,-99,-99,-99,-99
2016,"June",22,"633-80",633,80,3,1,3,0.574891544,6.72,52.79796898,-99,-99,-99,-99
2016,"June",22,"633-100",633,100,3,1,3,0.655045523,6.62,150.7755528,-99,-99,-99,-99
2016,"June",22,"633-120",633,120,3,1,3,0.478144589,6.64,130.3203503,-99,-99,-99,-99
2016,"July",-99,"310-10",310,10,0,0,3,-99,-99,-99,-99,-99,-99,-99
2016,"July",18,"310-20",310,20,0,0,3,0.284297458,6.36,21.30077065,-99,5.043582899,132.3704682,8.479433308
2016,"July",18,"310-40",310,40,0,0,3,0.211185937,6.47,16.02543037,-99,4.522376144,134.1710876,8.594777654
2016,"July",18,"310-60",310,60,0,0,3,0.510595021,6.78,7.167387875,-99,-99,-99,-99
2016,"July",18,"310-80",310,80,0,0,3,0.657086798,6.9,17.57580555,-99,2.534987111,130.7542698,8.375902629
2016,"July",18,"310-100",310,100,0,0,3,0.663032939,6.66,56.53261125,-99,-99,-99,-99
2016,"July",18,"310-120",310,120,0,0,3,0.699856955,6.72,85.07228929,-99,1.739916186,123.8278649,7.932209946
2016,"July",-99,"311-10",311,10,1,0,3,-99,-99,-99,-99,-99,-99,-99
2016,"July",18,"311-20",311,20,1,0,3,0.325430627,6.73,22.81920927,-99,5.057996803,134.9199485,8.642748301
2016,"July",18,"311-40",311,40,1,0,3,0.454167294,6.63,28.88135045,-99,4.703991329,136.9508147,8.77284183
2016,"July",18,"311-80",311,80,1,0,3,0.76583095,6.76,31.98500414,-99,2.805391943,127.6861753,8.179366173
2016,"July",18,"311-120",311,120,1,0,3,0.558727704,6.67,52.81054947,-99,2.101993445,125.9000861,8.064952601
2016,"July",-99,"312-10",312,10,2,0,3,-99,-99,-99,-99,-99,-99,-99
2016,"July",18,"312-20",312,20,2,0,3,0.605914679,6.34,22.63049319,-99,4.422055374,137.577846,8.813008297
2016,"July",18,"312-40",312,40,2,0,3,0.356108265,6.56,14.33859894,-99,3.40558689,125.486536,8.038461348
2016,"July",18,"312-80",312,80,2,0,3,0.515215522,6.81,34.44411984,-99,2.615704971,132.3883515,8.480578876
2016,"July",18,"312-120",312,120,2,0,3,0.43809309,6.71,56.3003453,-99,1.75433009,128.8005251,8.250749359
2016,"July",-99,"313-10",313,10,3,0,3,-99,-99,-99,-99,-99,-99,-99
2016,"July",18,"313-20",313,20,3,0,3,0.645354014,6.47,123.9158653,-99,3.816094866,141.6932281,9.07663206
2016,"July",18,"313-40",313,40,3,0,3,0.687360477,6.82,57.58361465,-99,1.195647185,130.1272385,8.335736162
2016,"July",18,"313-60",313,60,3,0,3,0.738726131,6.81,18.18840698,-99,-99,-99,-99
2016,"July",18,"313-80",313,80,3,0,3,0.719028943,7.29,137.6311694,-99,0,108.9311207,6.977952067
2016,"July",18,"313-100",313,100,3,0,3,0.611397751,6.71,166.1302009,-99,-99,-99,-99
2016,"July",18,"313-120",313,120,3,0,3,0.534119447,6.69,269.1866009,-99,0,87.23538965,5.588163675
2016,"July",-99,"320-10",320,10,0,0,3,-99,-99,-99,-99,-99,-99,-99
2016,"July",20,"320-20",320,20,0,0,3,1.134244344,6.67,27.13396835,-99,4.99861152,137.7130881,8.821671653
2016,"July",20,"320-40",320,40,0,0,3,1.275585819,6.97,10.82759335,-99,3.424613243,132.137986,8.464540928
2016,"July",20,"320-60",320,60,0,0,3,1.255767602,7.22,5.088333043,-99,-99,-99,-99
2016,"July",20,"320-80",320,80,0,0,3,1.901604021,6.95,37.40305208,-99,2.005132013,126.1605109,8.08163493
2016,"July",20,"320-100",320,100,0,0,3,1.445815734,7,41.71646297,-99,-99,-99,-99
2016,"July",20,"320-120",320,120,0,0,3,2.072632631,6.95,49.50484077,-99,1.036517689,120.2232731,7.70130646
2016,"July",-99,"321-10",321,10,1,0,3,-99,-99,-99,-99,-99,-99,-99
2016,"July",20,"321-20",321,20,1,0,3,1.217050106,6.79,19.12794137,-99,4.616354795,147.066026,9.42080355
2016,"July",20,"321-40",321,40,1,0,3,1.188797399,6.52,12.48222172,-99,3.978107142,139.0867449,8.90966557
2016,"July",20,"321-80",321,80,1,0,3,1.77222252,7.01,23.82965817,-99,2.357984374,132.0273334,8.457452728
2016,"July",20,"321-120",321,120,1,0,3,1.575851142,6.65,29.31540666,-99,1.877424827,130.3099829,8.347442432
2016,"July",-99,"322-10",322,10,2,0,3,-99,-99,-99,-99,-99,-99,-99
2016,"July",20,"322-20",322,20,2,0,3,1.326510532,6.48,23.17176408,-99,4.607129897,143.2971318,9.179375161
2016,"July",20,"322-40",322,40,2,0,3,1.090700726,6.45,13.89941464,-99,4.292390048,136.0405606,8.714532639
2016,"July",20,"322-80",322,80,2,0,3,1.491810854,6.75,18.79652104,-99,2.857107545,137.7503596,8.824059199
2016,"July",20,"322-120",322,120,2,0,3,1.717581821,6.58,35.56292725,-99,2.474857793,131.7257799,8.438135769
2016,"July",-99,"323-10",323,10,3,0,3,-99,-99,-99,-99,-99,-99,-99
2016,"July",20,"323-20",323,20,3,0,3,1.073754988,6.71,13.65455932,-99,6.392207781,152.5857752,9.774388479
2016,"July",20,"323-40",323,40,3,0,3,1.032533555,6.73,10.70640233,-99,4.935342083,123.0906236,7.884983631
2016,"July",20,"323-60",323,60,3,0,3,1.057072528,6.97,5.141508694,-99,-99,-99,-99
2016,"July",20,"323-80",323,80,3,0,3,1.468633244,6.76,18.18561938,-99,3.096226632,108.1824744,6.929995172
2016,"July",20,"323-100",323,100,3,0,3,1.588237313,6.84,19.72894988,-99,-99,-99,-99
2016,"July",20,"323-120",323,120,3,0,3,1.551367835,6.83,24.78187331,-99,3.311490609,130.6672264,8.370326786
2016,"July",-99,"330-10",330,10,0,0,3,-99,-99,-99,-99,-99,-99,-99
2016,"July",20,"330-20",330,20,0,0,3,0.932613122,6.73,16.63734231,-99,4.31567718,126.3423748,8.093284799
2016,"July",20,"330-40",330,40,0,0,3,1.275585819,6.68,16.7090676,-99,4.292390048,133.0741489,8.524509791
2016,"July",20,"330-60",330,60,0,0,3,1.30590112,6.8,8.96768223,-99,-99,-99,-99
2016,"July",20,"330-80",330,80,0,0,3,1.704186933,6.87,24.88822461,-99,3.418270629,120.0951184,7.693097111
2016,"July",20,"330-100",330,100,0,0,3,1.857460021,6.87,31.84063172,-99,-99,-99,-99
2016,"July",20,"330-120",330,120,0,0,3,1.977521014,6.87,48.76038167,-99,2.152245817,109.2980959,7.001459819
2016,"July",-99,"331-10",331,10,1,0,3,-99,-99,-99,-99,-99,-99,-99
2016,"July",21,"331-20",331,20,1,0,3,1.533656035,6.4,20.56437855,-99,4.917734739,129.5135596,8.296425029
2016,"July",21,"331-40",331,40,1,0,3,1.315343163,6.47,21.46766223,-99,4.784259714,131.4661769,8.421506082
2016,"July",21,"331-80",331,80,1,0,3,1.94578906,6.65,31.91113888,-99,2.804285514,116.7415402,7.478273091
2016,"July",21,"331-120",331,120,1,0,3,1.788203186,6.6,68.92443231,-99,1.918806518,117.0134519,7.495691255
2016,"July",-99,"332-10",332,10,2,0,3,-99,-99,-99,-99,-99,-99,-99
2016,"July",21,"332-20",332,20,2,0,3,1.521925954,6.32,26.20693801,-99,5.292600767,141.1408642,9.041248648
2016,"July",21,"332-40",332,40,2,0,3,1.387970339,6.49,16.398842,-99,5.07279296,137.3631931,8.799258028
2016,"July",21,"332-80",332,80,2,0,3,1.991127597,6.64,38.75570576,-99,3.066691733,119.3621876,7.646146916
2016,"July",21,"332-120",332,120,2,0,3,1.858185592,6.62,77.50681268,-99,1.77226798,110.1082362,7.053355912
2016,"July",-99,"333-10",333,10,3,0,3,-99,-99,-99,-99,-99,-99,-99
2016,"July",21,"333-20",333,20,3,0,3,1.694633357,6.53,23.30505029,-99,5.171621276,140.9036408,9.026052555
2016,"July",21,"333-40",333,40,3,0,3,1.25612368,6.36,21.96079347,-99,4.675207779,130.9928491,8.391185574
2016,"July",21,"333-60",333,60,3,0,3,1.630810604,6.66,13.23853454,-99,-99,-99,-99
2016,"July",21,"333-80",333,80,3,0,3,2.069051572,6.64,44.96963364,-99,2.724200499,119.9586031,7.684352189
2016,"July",21,"333-100",333,100,3,0,3,2.286225679,6.65,78.2725886,-99,-99,-99,-99
2016,"July",21,"333-120",333,120,3,0,3,2.20012256,6.64,137.0879731,-99,1.144651373,103.7658666,6.64707545
2016,"July",-99,"440-10",440,10,0,0,4,-99,-99,-99,-99,-99,-99,-99
2016,"July",21,"440-20",440,20,0,0,4,0.916896184,6.36,39.40294053,-99,4.716102255,107.1552522,6.86419322
2016,"July",21,"440-40",440,40,0,0,4,1.760953851,6.57,123.9061956,-99,2.683874002,109.4491579,7.011136576
2016,"July",21,"440-60",440,60,0,0,4,2.412460505,6.75,177.2283825,-99,-99,-99,-99
2016,"July",21,"440-80",440,80,0,0,4,1.163289893,6.86,39.51436922,-99,0.58803212,88.09121722,5.642986406
2016,"July",21,"440-100",440,100,0,0,4,2.900593622,6.72,226.3494706,-99,-99,-99,-99
2016,"July",21,"440-120",440,120,0,0,4,2.526195057,6.85,223.4001664,-99,0.294955044,114.3066432,7.322298094
2016,"July",-99,"441-10",441,10,1,0,4,-99,-99,-99,-99,-99,-99,-99
2016,"July",21,"441-20",441,20,1,0,4,0.909883356,6.49,9.940719319,-99,4.536620944,107.6151523,6.893653571
2016,"July",21,"441-40",441,40,1,0,4,1.569391523,6.53,93.19217966,-99,2.700345388,105.3257225,6.746996933
2016,"July",21,"441-80",441,80,1,0,4,0.960122914,7.01,84.3561212,-99,0.380719847,101.8926968,6.527083656
2016,"July",21,"441-120",441,120,1,0,4,2.133580803,6.7,54.30119417,-99,0.269963976,93.91661877,6.016150853
2016,"July",-99,"442-10",442,10,2,0,4,-99,-99,-99,-99,-99,-99,-99
2016,"July",21,"442-20",442,20,2,0,4,0.780363278,6.35,22.71471528,-99,4.641697028,118.0384361,7.561349848
2016,"July",21,"442-40",442,40,2,0,4,1.47589596,6.56,82.03271437,-99,2.039786009,100.0754759,6.410675845
2016,"July",21,"442-80",442,80,2,0,4,1.960786021,6.6,74.48875461,-99,1.322996726,92.8994674,5.950994018
2016,"July",21,"442-120",442,120,2,0,4,1.901482894,6.61,226.2522668,-99,1.502478036,102.6155568,6.573388733
2016,"July",-99,"443-10",443,10,3,0,4,-99,-99,-99,-99,-99,-99,-99
2016,"July",21,"443-20",443,20,3,0,4,1.128106692,6.34,23.27897123,-99,5.129022864,121.4345356,7.778897695
2016,"July",21,"443-40",443,40,3,0,4,1.172255825,6.38,14.45002524,-99,3.546633844,113.3734152,7.262517236
2016,"July",21,"443-60",443,60,3,0,4,1.199570381,6.64,12.4514212,-99,-99,-99,-99
2016,"July",21,"443-80",443,80,3,0,4,1.843973365,6.52,32.3094372,-99,2.70432124,107.8512568,6.908777985
2016,"July",21,"443-100",443,100,3,0,4,1.916138371,6.55,32.1363671,-99,-99,-99,-99
2016,"July",21,"443-120",443,120,3,0,4,1.643379902,6.52,40.631027,-99,2.32093553,100.3350789,6.427305532
2016,"July",-99,"450-10",450,10,0,0,4,-99,-99,-99,-99,-99,-99,-99
2016,"July",22,"450-20",450,20,0,0,4,0.002356221,6.52,5.17185548,-99,4.651920647,98.24930313,6.293694597
2016,"July",22,"450-40",450,40,0,0,4,0.420300656,6.8,37.64782555,-99,3.008757893,98.24482722,6.293407879
2016,"July",22,"450-60",450,60,0,0,4,0.604630673,6.64,84.77984902,-99,-99,-99,-99
2016,"July",22,"450-80",450,80,0,0,4,1.615241586,6.92,1.552226309,-99,0.286435362,96.42872528,6.177071748
2016,"July",22,"450-100",450,100,0,0,4,1.438249599,6.97,137.1876277,-99,-99,-99,-99
2016,"July",22,"450-120",450,120,0,0,4,1.251268151,7.12,216.7399755,-99,0.412526662,95.22694247,6.100087765
2016,"July",-99,"451-10",451,10,1,0,4,-99,-99,-99,-99,-99,-99,-99
2016,"July",22,"451-20",451,20,1,0,4,1.105571793,6.68,3.809857388,-99,3.149048663,98.34329732,6.299715691
2016,"July",22,"451-40",451,40,1,0,4,1.627787475,6.68,26.8843309,-99,1.637656998,100.7849082,6.456120766
2016,"July",22,"451-80",451,80,1,0,4,1.678953092,6.94,27.98929822,-99,0.786256732,98.204544,6.29082741
2016,"July",22,"451-120",451,120,1,0,4,1.383672107,6.76,83.50529439,-99,0.417638471,100.4290731,6.433326626
2016,"July",-99,"452-10",452,10,2,0,4,-99,-99,-99,-99,-99,-99,-99
2016,"July",22,"452-20",452,20,2,0,4,1.023257176,6.51,6.037015747,-99,4.211737054,107.5782261,6.891288141
2016,"July",22,"452-40",452,40,2,0,4,0.999779331,6.55,11.42008797,-99,3.701692065,112.1291112,7.182809425
2016,"July",22,"452-80",452,80,2,0,4,1.856612877,6.64,36.84758543,-99,2.362965963,102.656959,6.576040881
2016,"July",22,"452-120",452,120,2,0,4,1.959940394,6.65,54.76819456,-99,2.007411216,107.7304071,6.901036578
2016,"July",-99,"453-10",453,10,3,0,4,-99,-99,-99,-99,-99,-99,-99
2016,"July",22,"453-20",453,20,3,0,4,1.167101037,6.4,6.806783151,-99,4.488910723,105.560708,6.762049667
2016,"July",22,"453-40",453,40,3,0,4,1.09705079,6.48,11.70626656,-99,3.086271956,103.6116215,6.637194795
2016,"July",22,"453-60",453,60,3,0,4,1.653172348,6.61,19.43573822,-99,-99,-99,-99
2016,"July",22,"453-80",453,80,3,0,4,1.814014329,6.72,12.69464261,-99,1.799307308,98.67187179,6.320763564
2016,"July",22,"453-100",453,100,3,0,4,1.900211769,6.7,35.52003476,-99,-99,-99,-99
2016,"July",22,"453-120",453,120,3,0,4,1.786159686,6.73,34.93707838,-99,1.49269683,100.3693191,6.429498896
2016,"July",-99,"460-10",460,10,0,0,4,-99,-99,-99,-99,-99,-99,-99
2016,"July",22,"460-20",460,20,0,0,4,0.559613297,6.52,17.33709525,-99,3.799412527,96.09562801,6.155734153
2016,"July",22,"460-40",460,40,0,0,4,1.394419352,6.75,47.69587373,-99,0.747581983,96.10008325,6.156019548
2016,"July",22,"460-60",460,60,0,0,4,1.483457545,6.81,27.17315929,-99,-99,-99,-99
2016,"July",22,"460-80",460,80,0,0,4,1.232054617,6.78,86.24386448,-99,0.520907198,97.18159329,6.22529908
2016,"July",22,"460-100",460,100,0,0,4,1.786159686,6.73,41.90075734,-99,-99,-99,-99
2016,"July",22,"460-120",460,120,0,0,4,1.590439148,6.73,103.07673,-99,0.247983905,96.50439648,6.181919105
2016,"July",-99,"461-10",461,10,1,0,4,-99,-99,-99,-99,-99,-99,-99
2016,"July",22,"461-20",461,20,1,0,4,0.325591435,6.48,3.574025033,-99,6.435006501,112.7560061,7.222967152
2016,"July",22,"461-40",461,40,1,0,4,0.961840542,6.51,11.44128639,-99,3.022894372,95.63785187,6.126409861
2016,"July",22,"461-80",461,80,1,0,4,1.69199384,6.66,41.95905297,-99,1.616026184,95.07203612,6.090164751
2016,"July",22,"461-120",461,120,1,0,4,1.530086495,6.68,48.27883011,-99,1.393919153,100.1498984,6.415443213
2016,"July",-99,"462-10",462,10,2,0,4,-99,-99,-99,-99,-99,-99,-99
2016,"July",22,"462-20",462,20,2,0,4,0.668610159,6.57,5.087061824,-99,3.141655972,103.4434362,6.62642115
2016,"July",22,"462-40",462,40,2,0,4,1.176166133,6.45,16.74883926,-99,5.263377638,110.6943428,7.090900814
2016,"July",22,"462-80",462,80,2,0,4,1.530086495,6.62,29.23205524,-99,1.690252185,94.24893013,6.037438104
2016,"July",22,"462-120",462,120,2,0,4,1.449420757,6.72,63.72717423,-99,1.691965092,108.7830439,6.968466543
2016,"July",-99,"463-10",463,10,3,0,4,-99,-99,-99,-99,-99,-99,-99
2016,"July",22,"463-20",463,20,3,0,4,0.925341422,6.41,15.56967749,-99,5.015006022,110.887032,7.103244129
2016,"July",22,"463-40",463,40,3,0,4,1.055420825,6.47,14.2103292,-99,3.040023449,101.0643368,6.474020449
2016,"July",22,"463-60",463,60,3,0,4,1.383672107,6.58,16.91842657,-99,-99,-99,-99
2016,"July",22,"463-80",463,80,3,0,4,1.627787475,6.6,37.21590787,-99,1.681687646,92.78204164,5.943471941
2016,"July",22,"463-100",463,100,3,0,4,1.590439148,6.6,36.79193959,-99,-99,-99,-99
2016,"July",22,"463-120",463,120,3,0,4,1.460678684,6.7,28.80808696,-99,1.705097385,104.4079961,6.688209074
2016,"July",-99,"610-10",610,10,0,1,3,-99,-99,-99,-99,-99,-99,-99
2016,"July",18,"610-20",610,20,0,1,3,0.289466095,6.47,12.46885808,-99,5.302456608,142.0363629,9.09861264
2016,"July",18,"610-40",610,40,0,1,3,0.075623297,6.68,9.983612463,-99,5.091437059,136.9519324,8.772913428
2016,"July",18,"610-60",610,60,0,1,3,0.129836676,7.01,4.931828151,-99,-99,-99,-99
2016,"July",18,"610-80",610,80,0,1,3,0.003903805,7.34,3.282739938,-99,3.572211616,122.390499,7.840134944
2016,"July",18,"610-100",610,100,0,1,3,0.41879799,6.63,18.37421974,-99,-99,-99,-99
2016,"July",18,"610-120",610,120,0,1,3,0.255167066,6.74,21.16141109,-99,2.878038017,125.0506319,8.010538136
2016,"July",-99,"613-10",613,10,3,1,3,-99,-99,-99,-99,-99,-99,-99
2016,"July",18,"613-20",613,20,3,1,3,0.616930441,6.52,34.88832846,-99,5.210784181,150.4895499,9.640108163
2016,"July",18,"613-40",613,40,3,1,3,0.579228148,6.66,26.57030429,-99,3.545690033,138.7436101,8.88768499
2016,"July",18,"613-60",613,60,3,1,3,0.352914652,7.03,6.607046282,-99,-99,-99,-99
2016,"July",18,"613-80",613,80,3,1,3,0.411320033,7.3,20.22073401,-99,2.044337831,138.3915337,8.865131627
2016,"July",18,"613-100",613,100,3,1,3,0.83802417,6.8,55.34805493,-99,-99,-99,-99
2016,"July",18,"613-120",613,120,3,1,3,0.430270605,6.87,67.48975722,-99,1.12761356,128.9715337,8.26170385
2016,"July",-99,"620-10",620,10,0,1,3,-99,-99,-99,-99,-99,-99,-99
2016,"July",18,"620-20",620,20,0,1,3,0.325430627,6.41,13.77535402,-99,5.917065459,144.6607293,9.266724697
2016,"July",18,"620-40",620,40,0,1,3,0.173217995,6.55,6.784149065,-99,4.565617854,141.4842177,9.063243238
2016,"July",18,"620-60",620,60,0,1,3,0.156876183,7.23,3.959214504,-99,-99,-99,-99
2016,"July",18,"620-80",620,80,0,1,3,0.1965016,7.19,4.809888529,-99,2.733898981,131.5310733,8.425663225
2016,"July",18,"620-100",620,100,0,1,3,0.492523689,6.79,14.05987981,-99,-99,-99,-99
2016,"July",18,"620-120",620,120,0,1,3,0.628146474,6.75,15.51734861,-99,2.33319246,131.9591535,8.453085251
2016,"July",-99,"623-10",623,10,3,1,3,-99,-99,-99,-99,-99,-99,-99
2016,"July",20,"623-20",623,20,3,1,3,0.791219966,6.78,9.098766391,-99,5.244890545,136.2934497,8.730732248
2016,"July",20,"623-40",623,40,3,1,3,0.569493366,6.38,9.84075221,-99,5.313048005,135.1520918,8.657618968
2016,"July",20,"623-60",623,60,3,1,3,0.869159909,6.69,7.797817923,-99,-99,-99,-99
2016,"July",20,"623-80",623,80,3,1,3,0.630509045,6.49,20.23844681,-99,3.916388062,125.7582681,8.055868002
2016,"July",20,"623-100",623,100,3,1,3,0.875991495,6.63,23.87417732,-99,-99,-99,-99
2016,"July",20,"623-120",623,120,3,1,3,1.048828747,6.65,53.60060249,-99,2.382277243,119.7762096,7.6726684
2016,"July",-99,"630-10",630,10,0,1,3,-99,-99,-99,-99,-99,-99,-99
2016,"July",20,"630-20",630,20,0,1,3,0.882876778,6.67,17.31502269,-99,4.754156836,129.1241551,8.271480498
2016,"July",20,"630-40",630,40,0,1,3,0.8623816,6.79,13.36518485,-99,4.463919654,126.230477,8.08611683
2016,"July",20,"630-60",630,60,0,1,3,0.882876778,6.91,12.4871683,-99,-99,-99,-99
2016,"July",20,"630-80",630,80,0,1,3,1.134244344,6.9,20.64159244,-99,3.81585581,115.3875763,7.391540671
2016,"July",20,"630-100",630,100,0,1,3,1.143159491,6.84,25.71924872,-99,-99,-99,-99
2016,"July",20,"630-120",630,120,0,1,3,0.72026911,6.95,16.90940377,-99,3.681244827,117.9567507,7.55611723
2016,"July",-99,"633-10",633,10,3,1,3,-99,-99,-99,-99,-99,-99,-99
2016,"July",21,"633-20",633,20,3,1,3,2.339496678,6.54,39.17771231,-99,3.974321903,140.2915596,8.986843767
2016,"July",21,"633-40",633,40,3,1,3,1.681672049,6.53,31.17381284,-99,3.178015584,129.6657407,8.306173467
2016,"July",21,"633-60",633,60,3,1,3,0.875615612,6.97,13.78856554,-99,-99,-99,-99
2016,"July",21,"633-80",633,80,3,1,3,1.774526215,6.7,60.41080583,-99,1.219624579,116.130578,7.439135983
2016,"July",21,"633-100",633,100,3,1,3,1.533656035,6.56,151.514433,-99,-99,-99,-99
2016,"July",21,"633-120",633,120,3,1,3,1.545476525,6.65,193.3215311,-99,0.515898809,94.07663268,6.026401048
2016,"August",8,"310-20",310,20,0,0,3,1.512547592,6.31,21.51042057,-99,-99,-99,-99
2016,"August",8,"310-40",310,40,0,0,3,0.914629788,6.25,11.06727898,-99,-99,-99,-99
2016,"August",8,"310-60",310,60,0,0,3,0.353983635,6.79,5.467333491,-99,-99,-99,-99
2016,"August",8,"310-80",310,80,0,0,3,2.848068864,6.76,14.59529683,-99,-99,-99,-99
2016,"August",8,"310-100",310,100,0,0,3,3.603587926,6.62,56.74623788,-99,-99,-99,-99
2016,"August",8,"310-120",310,120,0,0,3,4.170230596,6.65,77.42637208,-99,-99,-99,-99
2016,"August",8,"311-20",311,20,1,0,3,2.075533594,6.39,19.13057421,-99,-99,-99,-99
2016,"August",8,"311-40",311,40,1,0,3,2.075533594,6.38,16.22883172,-99,-99,-99,-99
2016,"August",8,"311-80",311,80,1,0,3,3.164881052,6.5,19.27409565,-99,-99,-99,-99
2016,"August",8,"311-120",311,120,1,0,3,1.898322859,6.5,32.08925515,-99,-99,-99,-99
2016,"August",8,"312-20",312,20,2,0,3,2.965982108,6.4,26.23619004,-99,-99,-99,-99
2016,"August",8,"312-40",312,40,2,0,3,2.542260043,6.37,18.35294897,-99,-99,-99,-99
2016,"August",8,"312-80",312,80,2,0,3,3.190663473,6.55,30.51051935,-99,-99,-99,-99
2016,"August",8,"312-120",312,120,2,0,3,3.242860127,6.62,47.26860413,-99,-99,-99,-99
2016,"August",8,"313-20",313,20,3,0,3,3.322760518,6.4,140.9881019,-99,-99,-99,-99
2016,"August",8,"313-40",313,40,3,0,3,3.632944233,6.68,77.18890934,-99,-99,-99,-99
2016,"August",8,"313-60",313,60,3,0,3,2.690823605,7.08,24.75922399,-99,-99,-99,-99
2016,"August",8,"313-80",313,80,3,0,3,3.488515769,6.66,180.8896706,-99,-99,-99,-99
2016,"August",8,"313-100",313,100,3,0,3,2e-07,6.61,185.3362257,-99,-99,-99,-99
2016,"August",8,"313-120",313,120,3,0,3,2.757122443,6.76,165.321509,-99,-99,-99,-99
2016,"August",9,"320-20",320,20,0,0,3,0.875267687,6.42,26.98622521,-99,-99,-99,-99
2016,"August",9,"320-40",320,40,0,0,3,0.985129154,6.61,12.60084953,-99,-99,-99,-99
2016,"August",9,"320-60",320,60,0,0,3,1.041016391,6.85,4.804859683,-99,-99,-99,-99
2016,"August",9,"320-80",320,80,0,0,3,1.519794445,6.62,46.38805134,-99,-99,-99,-99
2016,"August",9,"320-100",320,100,0,0,3,1.41570735,6.73,42.25766494,-99,-99,-99,-99
2016,"August",9,"320-120",320,120,0,0,3,1.618723731,6.67,64.21236292,-99,-99,-99,-99
2016,"August",9,"321-20",321,20,1,0,3,1.057558836,6.44,22.51927185,-99,-99,-99,-99
2016,"August",9,"321-40",321,40,1,0,3,0.64361325,6.47,9.381712459,-99,-99,-99,-99
2016,"August",9,"321-80",321,80,1,0,3,1.228430965,6.6,28.23175193,-99,-99,-99,-99
2016,"August",9,"321-120",321,120,1,0,3,0.04849778,6.4,33.20927966,-99,-99,-99,-99
2016,"August",9,"322-20",322,20,2,0,3,1.153354659,6.49,30.27175985,-99,-99,-99,-99
2016,"August",9,"322-40",322,40,2,0,3,0.724398017,6.44,16.53891195,-99,-99,-99,-99
2016,"August",9,"322-80",322,80,2,0,3,1.199721107,6.74,16.49312052,-99,-99,-99,-99
2016,"August",9,"322-120",322,120,2,0,3,1.247951551,6.66,38.88054746,-99,-99,-99,-99
2016,"August",9,"323-20",323,20,3,0,3,0.924922387,6.36,19.09407338,-99,-99,-99,-99
2016,"August",9,"323-40",323,40,3,0,3,0.753519817,6.35,11.96663831,-99,-99,-99,-99
2016,"August",9,"323-60",323,60,3,0,3,0.707467995,6.77,3.60741396,-99,-99,-99,-99
2016,"August",9,"323-80",323,80,3,0,3,1.000783513,6.58,15.68948104,-99,-99,-99,-99
2016,"August",9,"323-100",323,100,3,0,3,1.032842458,6.57,19.76033859,-99,-99,-99,-99
2016,"August",9,"323-120",323,120,3,0,3,1.000783513,6.59,26.21235016,-99,-99,-99,-99
2016,"August",9,"330-20",330,20,0,0,3,0.594826249,6.43,27.78528555,-99,-99,-99,-99
2016,"August",9,"330-40",330,40,0,0,3,0.580924469,6.35,23.84722313,-99,-99,-99,-99
2016,"August",9,"330-60",330,60,0,0,3,0.433961019,6.54,16.81595006,-99,-99,-99,-99
2016,"August",9,"330-80",330,80,0,0,3,0.430553611,6.33,34.65857822,-99,-99,-99,-99
2016,"August",9,"330-100",330,100,0,0,3,0.80256933,6.56,49.1790386,-99,-99,-99,-99
2016,"August",9,"330-120",330,120,0,0,3,0.236506111,6.21,58.53880556,-99,-99,-99,-99
2016,"August",10,"331-20",331,20,1,0,3,1.693822864,6.41,25.82413586,-99,-99,-99,-99
2016,"August",10,"331-40",331,40,1,0,3,1.617138685,6.4,21.50775376,-99,-99,-99,-99
2016,"August",10,"331-80",331,80,1,0,3,1.858272669,6.6,44.33556652,-99,-99,-99,-99
2016,"August",10,"331-120",331,120,1,0,3,1.178299383,6.42,65.41499741,-99,-99,-99,-99
2016,"August",10,"332-20",332,20,2,0,3,1.961478797,6.38,26.13097791,-99,-99,-99,-99
2016,"August",10,"332-40",332,40,2,0,3,1.720183981,6.42,20.66342329,-99,-99,-99,-99
2016,"August",10,"332-80",332,80,2,0,3,2.671294563,6.72,33.95030177,-99,-99,-99,-99
2016,"August",10,"332-120",332,120,2,0,3,1.815720836,6.76,46.86032055,-99,-99,-99,-99
2016,"August",10,"333-20",333,20,3,0,3,2.953362002,6.46,38.32434546,-99,-99,-99,-99
2016,"August",10,"333-40",333,40,3,0,3,1.815720836,6.41,27.32333727,-99,-99,-99,-99
2016,"August",10,"333-60",333,60,3,0,3,2.151914771,6.72,27.28420976,-99,-99,-99,-99
2016,"August",10,"333-80",333,80,3,0,3,2.733896962,6.67,59.50262479,-99,-99,-99,-99
2016,"August",10,"333-100",333,100,3,0,3,3.093409446,6.7,104.7505005,-99,-99,-99,-99
2016,"August",10,"333-120",333,120,3,0,3,3.093409446,6.69,135.156694,-99,-99,-99,-99
2016,"August",10,"440-20",440,20,0,0,4,1.872677073,6.43,53.36784318,-99,-99,-99,-99
2016,"August",10,"440-40",440,40,0,0,4,3.393742256,6.53,123.3463642,-99,-99,-99,-99
2016,"August",10,"440-60",440,60,0,0,4,5.606003567,6.72,149.8912903,-99,-99,-99,-99
2016,"August",10,"440-80",440,80,0,0,4,3.393742256,7.14,29.1808643,-99,-99,-99,-99
2016,"August",10,"440-100",440,100,0,0,4,5.56288287,6.76,191.7330134,-99,-99,-99,-99
2016,"August",10,"440-120",440,120,0,0,4,3.093409446,6.82,195.0197242,-99,-99,-99,-99
2016,"August",10,"441-20",441,20,1,0,4,1.760496885,6.53,18.92327879,-99,-99,-99,-99
2016,"August",10,"441-40",441,40,1,0,4,3.290523826,6.57,77.5712968,-99,-99,-99,-99
2016,"August",10,"441-80",441,80,1,0,4,1.961478797,7.43,48.24213944,-99,-99,-99,-99
2016,"August",10,"441-120",441,120,1,0,4,4.446822025,6.76,247.0696085,-99,-99,-99,-99
2016,"August",10,"442-20",442,20,2,0,4,1.429196689,6.34,14.67897369,-99,-99,-99,-99
2016,"August",10,"442-40",442,40,2,0,4,0.963975163,6.36,26.56961788,-99,-99,-99,-99
2016,"August",10,"442-80",442,80,2,0,4,3.341734543,6.61,77.46832967,-99,-99,-99,-99
2016,"August",10,"442-120",442,120,2,0,4,3.582226435,6.67,70.66632105,-99,-99,-99,-99
2016,"August",10,"443-20",443,20,3,0,4,2.999325439,6.37,28.15737103,-99,-99,-99,-99
2016,"August",10,"443-40",443,40,3,0,4,0.358776282,6.11,13.00266881,-99,-99,-99,-99
2016,"August",10,"443-60",443,60,3,0,4,1.592356696,6.5,14.88490795,-99,-99,-99,-99
2016,"August",10,"443-80",443,80,3,0,4,3.265213517,6.56,32.03305381,-99,-99,-99,-99
2016,"August",10,"443-100",443,100,3,0,4,3.240097892,6.57,21.7466375,-99,-99,-99,-99
2016,"August",10,"443-120",443,120,3,0,4,2.953362002,6.61,42.01674675,-99,-99,-99,-99
2016,"August",11,"450-20",450,20,0,0,4,1.127438673,6.41,9.468265108,-99,-99,-99,-99
2016,"August",11,"450-40",450,40,0,0,4,2.336407674,6.49,46.35035186,-99,-99,-99,-99
2016,"August",11,"450-60",450,60,0,0,4,3.535319787,6.67,58.98794042,-99,-99,-99,-99
2016,"August",11,"450-80",450,80,0,0,4,3.0325394,6.96,145.5518906,-99,-99,-99,-99
2016,"August",11,"450-100",450,100,0,0,4,3.508307011,6.89,142.9725773,-99,-99,-99,-99
2016,"August",11,"450-120",450,120,0,0,4,3.787989071,6.85,153.8287132,-99,-99,-99,-99
2016,"August",11,"451-20",451,20,1,0,4,3.876163209,6.64,7.302269801,-99,-99,-99,-99
2016,"August",11,"451-40",451,40,1,0,4,4.588666895,6.7,25.48041157,-99,-99,-99,-99
2016,"August",11,"451-80",451,80,1,0,4,3.966389802,6.98,21.59313014,-99,-99,-99,-99
2016,"August",11,"451-120",451,120,1,0,4,4.484284874,6.76,120.1930035,-99,-99,-99,-99
2016,"August",11,"452-20",452,20,2,0,4,3.103128714,6.46,6.423315183,-99,-99,-99,-99
2016,"August",11,"452-40",452,40,2,0,4,3.701820699,6.51,11.11630502,-99,-99,-99,-99
2016,"August",11,"452-80",452,80,2,0,4,6.785365937,6.66,33.7990892,-99,-99,-99,-99
2016,"August",11,"452-120",452,120,2,0,4,4.027704665,6.54,48.34369537,-99,-99,-99,-99
2016,"August",11,"453-20",453,20,3,0,4,4.15319257,6.51,5.463266539,-99,-99,-99,-99
2016,"August",11,"453-40",453,40,3,0,4,4.450021218,6.52,10.28182132,-99,-99,-99,-99
2016,"August",11,"453-60",453,60,3,0,4,5.432140685,6.65,16.65162636,-99,-99,-99,-99
2016,"August",11,"453-80",453,80,3,0,4,6.094494619,6.74,14.03830593,-99,-99,-99,-99
2016,"August",11,"453-100",453,100,3,0,4,6.631013872,6.75,26.51370644,-99,-99,-99,-99
2016,"August",11,"453-120",453,120,3,0,4,5.910350651,6.68,24.8708984,-99,-99,-99,-99
2016,"August",11,"460-20",460,20,0,0,4,2.723772782,6.31,18.86209258,-99,-99,-99,-99
2016,"August",11,"460-40",460,40,0,0,4,7.104932394,6.64,57.3817555,-99,-99,-99,-99
2016,"August",11,"460-60",460,60,0,0,4,7.050644817,6.78,49.35344681,-99,-99,-99,-99
2016,"August",11,"460-80",460,80,0,0,4,8.346671364,6.71,121.1765955,-99,-99,-99,-99
2016,"August",11,"460-100",460,100,0,0,4,8.156803055,6.71,109.3211719,-99,-99,-99,-99
2016,"August",11,"460-120",460,120,0,0,4,6.381523509,6.73,113.4360398,-99,-99,-99,-99
2016,"August",11,"461-20",461,20,1,0,4,2.050783006,6.2,4.749115912,-99,-99,-99,-99
2016,"August",11,"461-40",461,40,1,0,4,4.992622971,6.43,12.93176485,-99,-99,-99,-99
2016,"August",11,"461-80",461,80,1,0,4,8.475699279,6.61,32.46234572,-99,-99,-99,-99
2016,"August",11,"461-120",461,120,1,0,4,7.849905227,6.52,45.49755661,-99,-99,-99,-99
2016,"August",11,"462-20",462,20,2,0,4,3.936083294,6.41,6.402387692,-99,-99,-99,-99
2016,"August",11,"462-40",462,40,2,0,4,5.910350651,6.45,10.90964604,-99,-99,-99,-99
2016,"August",11,"462-80",462,80,2,0,4,6.631013872,6.6,30.19956077,-99,-99,-99,-99
2016,"August",11,"462-120",462,120,2,0,4,7.270315999,6.6,25.67137493,-99,-99,-99,-99
2016,"August",11,"463-20",463,20,3,0,4,5.390634625,6.44,26.5686411,-99,-99,-99,-99
2016,"August",11,"463-40",463,40,3,0,4,6.332763376,6.55,22.80692461,-99,-99,-99,-99
2016,"August",11,"463-60",463,60,3,0,4,7.439549287,6.62,22.75983776,-99,-99,-99,-99
2016,"August",11,"463-80",463,80,3,0,4,8.874874389,6.67,36.03309886,-99,-99,-99,-99
2016,"August",11,"463-100",463,100,3,0,4,8.606721787,6.65,28.97268662,-99,-99,-99,-99
2016,"August",11,"463-120",463,120,3,0,4,2.874012575,6.38,29.31014241,-99,-99,-99,-99
2016,"August",8,"610-20",610,20,0,1,3,1.575168758,6.33,17.80495804,-99,-99,-99,-99
2016,"August",8,"610-40",610,40,0,1,3,1.01637096,6.39,12.28068749,-99,-99,-99,-99
2016,"August",8,"610-60",610,60,0,1,3,0.426605228,6.72,4.804525404,-99,-99,-99,-99
2016,"August",8,"610-80",610,80,0,1,3,0.850223037,6.63,8.100299474,-99,-99,-99,-99
2016,"August",8,"610-100",610,100,0,1,3,2.306410856,6.57,22.29848373,-99,-99,-99,-99
2016,"August",8,"610-120",610,120,0,1,3,2.583849345,6.58,35.39807663,-99,-99,-99,-99
2016,"August",8,"613-20",613,20,3,1,3,2.604898443,6.46,33.70713316,-99,-99,-99,-99
2016,"August",8,"613-40",613,40,3,1,3,1.500325326,6.52,21.29644316,-99,-99,-99,-99
2016,"August",8,"613-60",613,60,3,1,3,0.016087497,7.05,3.901645097,-99,-99,-99,-99
2016,"August",8,"613-80",613,80,3,1,3,2.075533594,6.86,13.96119303,-99,-99,-99,-99
2016,"August",8,"613-100",613,100,3,1,3,4.321792846,6.74,57.04893764,-99,-99,-99,-99
2016,"August",8,"613-120",613,120,3,1,3,3.814172937,6.85,29.9912327,-99,-99,-99,-99
2016,"August",8,"620-20",620,20,0,1,3,2.058762073,6.33,17.85192869,-99,-99,-99,-99
2016,"August",8,"620-40",620,40,0,1,3,1.680799672,6.4,11.53959498,-99,-99,-99,-99
2016,"August",8,"620-60",620,60,0,1,3,1.85267505,6.79,6.25800613,-99,-99,-99,-99
2016,"August",8,"620-80",620,80,0,1,3,2.401898851,6.71,8.966647052,-99,-99,-99,-99
2016,"August",8,"620-100",620,100,0,1,3,3.039060539,6.6,17.12388359,-99,-99,-99,-99
2016,"August",8,"620-120",620,120,0,1,3,1.722212667,6.8,13.23053845,-99,-99,-99,-99
2016,"August",9,"623-20",623,20,3,1,3,0.648706816,6.49,13.75021426,-99,-99,-99,-99
2016,"August",9,"623-40",623,40,3,1,3,0.218578538,6.41,9.883128546,-99,-99,-99,-99
2016,"August",9,"623-60",623,60,3,1,3,0.013739289,7.03,7.435576962,-99,-99,-99,-99
2016,"August",9,"623-80",623,80,3,1,3,0.131978889,6.47,17.15709616,-99,-99,-99,-99
2016,"August",9,"623-100",623,100,3,1,3,0.285763009,6.5,22.70701669,-99,-99,-99,-99
2016,"August",9,"623-120",623,120,3,1,3,0.331934373,6.6,68.76174085,-99,-99,-99,-99
2016,"August",9,"630-20",630,20,0,1,3,0.473270088,6.43,20.03279756,-99,-99,-99,-99
2016,"August",9,"630-40",630,40,0,1,3,0.186697204,6.45,7.188303275,-99,-99,-99,-99
2016,"August",9,"630-60",630,60,0,1,3,0.022398571,6.68,3.172395437,-99,-99,-99,-99
2016,"August",9,"630-80",630,80,0,1,3,0.376554627,6.55,20.71051063,-99,-99,-99,-99
2016,"August",9,"630-100",630,100,0,1,3,0.24992331,6.63,9.951815682,-99,-99,-99,-99
2016,"August",9,"630-120",630,120,0,1,3,0.015709541,6.83,14.82173357,-99,-99,-99,-99
2016,"August",10,"633-20",633,20,3,1,3,3.527330278,6.61,38.88860533,-99,-99,-99,-99
2016,"August",10,"633-40",633,40,3,1,3,3.117388015,6.57,28.11000615,-99,-99,-99,-99
2016,"August",10,"633-60",633,60,3,1,3,2.570126561,6.86,19.87469508,-99,-99,-99,-99
2016,"August",10,"633-80",633,80,3,1,3,3.117388015,6.71,69.96202588,-99,-99,-99,-99
2016,"August",10,"633-100",633,100,3,1,3,3.240097892,6.71,132.0965109,-99,-99,-99,-99
2016,"August",10,"633-120",633,120,3,1,3,2.590048902,6.74,148.7401178,-99,-99,-99,-99
2016,"September",-99,"310-10",310,10,0,0,3,-99,-99,-99,-99,-99,-99,-99
2016,"September",19,"310-20",310,20,0,0,3,0.647401906,6.32,26.60366154,-99,8.326342082,201.1162671,12.88316201
2016,"September",19,"310-40",310,40,0,0,3,0.141534801,6.11,24.18426461,-99,6.509803471,157.1569496,10.06720945
2016,"September",19,"310-60",310,60,0,0,3,1.447938929,6.67,11.94220537,-99,-99,-99,-99
2016,"September",19,"310-80",310,80,0,0,3,0.228663356,6.44,13.92861061,-99,2.736267817,121.8402449,7.804886683
2016,"September",19,"310-100",310,100,0,0,3,1.071767361,6.24,55.36859489,-99,-99,-99,-99
2016,"September",19,"310-120",310,120,0,0,3,1.570583314,6.42,97.43128374,-99,1.652568215,122.5141003,7.848052612
2016,"September",-99,"311-10",311,10,1,0,3,-99,-99,-99,-99,-99,-99,-99
2016,"September",19,"311-20",311,20,1,0,3,1.020737538,6.45,16.28774581,-99,-99,-99,-99
2016,"September",19,"311-40",311,40,1,0,3,0.327012086,6.48,9.699129796,-99,-99,-99,-99
2016,"September",19,"311-80",311,80,1,0,3,0.101411972,6.26,8.746101666,-99,-99,-99,-99
2016,"September",19,"311-120",311,120,1,0,3,1.649101626,6.68,23.54816855,-99,-99,-99,-99
2016,"September",-99,"312-10",312,10,2,0,3,-99,-99,-99,-99,-99,-99,-99
2016,"September",19,"312-20",312,20,2,0,3,1.832953193,6.62,28.1191325,-99,-99,-99,-99
2016,"September",19,"312-40",312,40,2,0,3,0.00660159,6.15,10.40218333,-99,-99,-99,-99
2016,"September",19,"312-80",312,80,2,0,3,0.005343682,6.11,19.1468302,-99,-99,-99,-99
2016,"September",19,"312-120",312,120,2,0,3,1.261020063,6.83,17.3746889,-99,-99,-99,-99
2016,"September",-99,"313-10",313,10,3,0,3,-99,-99,-99,-99,-99,-99,-99
2016,"September",19,"313-20",313,20,3,0,3,1.508014828,6.52,89.42763298,-99,5.503184715,188.642146,12.08409288
2016,"September",19,"313-40",313,40,3,0,3,1.832953193,6.81,85.20038408,-99,1.095873214,128.6133268,8.238757779
2016,"September",19,"313-60",313,60,3,0,3,1.459759527,7.21,29.57657365,-99,-99,-99,-99
2016,"September",19,"313-80",313,80,3,0,3,1.893545165,6.84,131.0372429,-99,0.096106089,84.42177971,5.407929028
2016,"September",19,"313-100",313,100,3,0,3,0.948712069,6.54,175.2827456,-99,-99,-99,-99
2016,"September",19,"313-120",313,120,3,0,3,1.345769197,6.66,222.963167,-99,0.072696351,71.94041878,4.608396137
2016,"September",-99,"320-10",320,10,0,0,3,-99,-99,-99,-99,-99,-99,-99
2016,"September",20,"320-20",320,20,0,0,3,1.711487326,6.53,29.36131589,-99,8.733728629,233.9218859,14.98462926
2016,"September",20,"320-40",320,40,0,0,3,1.088808191,6.87,10.13432216,-99,4.314997743,170.5939599,10.92795947
2016,"September",20,"320-60",320,60,0,0,3,1.332416217,7.13,8.323161592,-99,-99,-99,-99
2016,"September",20,"320-80",320,80,0,0,3,3.807327779,6.84,41.76328274,-99,2.468483248,151.6257664,9.712892088
2016,"September",20,"320-100",320,100,0,0,3,2.940214051,6.74,37.88273672,-99,-99,-99,-99
2016,"September",20,"320-120",320,120,0,0,3,2.734079118,6.71,56.17605625,-99,1.629729446,146.7227724,9.398815363
2016,"September",-99,"321-10",321,10,1,0,3,-99,-99,-99,-99,-99,-99,-99
2016,"September",20,"321-20",321,20,1,0,3,1.444492602,6.41,37.62212088,-99,-99,-99,-99
2016,"September",20,"321-40",321,40,1,0,3,0.501449754,6.4,20.90445127,-99,-99,-99,-99
2016,"September",20,"321-80",321,80,1,0,3,0.94148984,6.56,32.35481165,-99,-99,-99,-99
2016,"September",20,"321-120",321,120,1,0,3,0.016732182,6.47,29.9877503,-99,-99,-99,-99
2016,"September",-99,"322-10",322,10,2,0,3,-99,-99,-99,-99,-99,-99,-99
2016,"September",20,"322-20",322,20,2,0,3,1.979289995,6.59,49.61523168,-99,-99,-99,-99
2016,"September",20,"322-40",322,40,2,0,3,0.014585602,6.3,11.52945377,-99,-99,-99,-99
2016,"September",20,"322-80",322,80,2,0,3,1.387323094,6.58,23.98641296,-99,-99,-99,-99
2016,"September",20,"322-120",322,120,2,0,3,1.259177983,6.64,33.11992238,-99,-99,-99,-99
2016,"September",-99,"323-10",323,10,3,0,3,-99,-99,-99,-99,-99,-99,-99
2016,"September",20,"323-20",323,20,3,0,3,2.869831017,6.62,25.97330991,-99,7.117885703,243.6265172,15.60628998
2016,"September",20,"323-40",323,40,3,0,3,2.027832377,6.67,11.26883793,-99,6.564045548,204.9539014,13.12899376
2016,"September",20,"323-60",323,60,3,0,3,1.900954505,6.98,3.297340439,-99,-99,-99,-99
2016,"September",20,"323-80",323,80,3,0,3,2.846746425,6.77,13.00468291,-99,4.942492929,176.4626277,11.30389547
2016,"September",20,"323-100",323,100,3,0,3,2.383322852,6.81,12.53366162,-99,-99,-99,-99
2016,"September",20,"323-120",323,120,3,0,3,1.916369563,6.9,7.094202471,-99,3.682934804,162.2259013,10.39191712
2016,"September",-99,"330-10",330,10,0,0,3,-99,-99,-99,-99,-99,-99,-99
2016,"September",21,"330-20",330,20,0,0,3,6.30689924,6.67,25.01847842,-99,5.542010623,184.2871467,11.80511969
2016,"September",21,"330-40",330,40,0,0,3,5.077009047,6.69,20.2749274,-99,4.363530128,162.1245446,10.3854244
2016,"September",21,"330-60",330,60,0,0,3,3.53667114,6.9,14.69095733,-99,-99,-99,-99
2016,"September",21,"330-80",330,80,0,0,3,4.685070193,6.83,25.13640283,-99,4.017522209,146.207975,9.365838395
2016,"September",21,"330-100",330,100,0,0,3,6.357773857,6.84,36.21797581,-99,-99,-99,-99
2016,"September",21,"330-120",330,120,0,0,3,5.327740195,6.89,37.28926096,-99,2.691896345,141.2216586,9.04642419
2016,"September",-99,"331-10",331,10,1,0,3,-99,-99,-99,-99,-99,-99,-99
2016,"September",21,"331-20",331,20,1,0,3,3.832538389,6.65,38.38379882,-99,-99,-99,-99
2016,"September",21,"331-40",331,40,1,0,3,2.114885855,6.55,21.77306571,-99,-99,-99,-99
2016,"September",21,"331-80",331,80,1,0,3,0.228445756,6.47,19.53748459,-99,-99,-99,-99
2016,"September",21,"331-120",331,120,1,0,3,0.1377097,6.19,66.01299043,-99,-99,-99,-99
2016,"September",-99,"332-10",332,10,2,0,3,-99,-99,-99,-99,-99,-99,-99
2016,"September",21,"332-20",332,20,2,0,3,2.66976635,6.43,28.04797319,-99,-99,-99,-99
2016,"September",21,"332-40",332,40,2,0,3,0.255641681,6.35,13.63129852,-99,-99,-99,-99
2016,"September",21,"332-80",332,80,2,0,3,2.14914293,6.65,37.23943375,-99,-99,-99,-99
2016,"September",21,"332-120",332,120,2,0,3,0.050444822,6.36,54.57598331,-99,-99,-99,-99
2016,"September",-99,"333-10",333,10,3,0,3,-99,-99,-99,-99,-99,-99,-99
2016,"September",21,"333-20",333,20,3,0,3,9.274632332,6.76,29.32687175,-99,6.825689347,230.6557905,14.77540923
2016,"September",21,"333-40",333,40,3,0,3,6.618369255,6.82,16.14591205,-99,4.709299814,177.7248138,11.38474878
2016,"September",21,"333-60",333,60,3,0,3,5.866961535,6.92,23.8857397,-99,-99,-99,-99
2016,"September",21,"333-80",333,80,3,0,3,8.090597243,6.91,51.35714512,-99,3.059719559,148.8878258,9.537504676
2016,"September",21,"333-100",333,100,3,0,3,7.709842052,6.91,70.50408355,-99,-99,-99,-99
2016,"September",21,"333-120",333,120,3,0,3,7.586948112,6.92,131.522493,-99,1.396078783,135.1521891,8.657625202
2016,"September",-99,"440-10",440,10,0,0,4,-99,-99,-99,-99,-99,-99,-99
2016,"September",26,"440-20",440,20,0,0,4,0.980014723,6.48,51.28935128,-99,7.857731545,205.3508233,13.15441984
2016,"September",26,"440-40",440,40,0,0,4,2.984517548,6.64,284.7408043,-99,3.005164739,140.5107693,9.000885938
2016,"September",26,"440-60",440,60,0,0,4,4.682356365,6.95,219.3611769,-99,-99,-99,-99
2016,"September",26,"440-80",440,80,0,0,4,3.515587342,7.14,39.03740955,-99,1.717221069,146.4142899,9.379054544
2016,"September",26,"440-100",440,100,0,0,4,4.385458057,6.93,237.3449489,-99,-99,-99,-99
2016,"September",26,"440-120",440,120,0,0,4,4.1752053,6.99,264.6838172,-99,0.297108507,142.5402797,9.130892619
2016,"September",-99,"441-10",441,10,1,0,4,-99,-99,-99,-99,-99,-99,-99
2016,"September",26,"441-20",441,20,1,0,4,2.081622028,6.79,78.72012678,-99,-99,-99,-99
2016,"September",26,"441-40",441,40,1,0,4,1.32681859,6.75,94.62361376,-99,-99,-99,-99
2016,"September",26,"441-80",441,80,1,0,4,0.604529533,6.89,56.93811149,-99,-99,-99,-99
2016,"September",26,"441-120",441,120,1,0,4,2.513009866,6.82,373.9226387,-99,-99,-99,-99
2016,"September",-99,"442-10",442,10,2,0,4,-99,-99,-99,-99,-99,-99,-99
2016,"September",26,"442-20",442,20,2,0,4,0.619563872,6.51,13.60915136,-99,-99,-99,-99
2016,"September",26,"442-40",442,40,2,0,4,0.01956027,6.35,5.646803187,-99,-99,-99,-99
2016,"September",26,"442-80",442,80,2,0,4,1.641619226,6.78,86.36963685,-99,-99,-99,-99
2016,"September",26,"442-120",442,120,2,0,4,0.729810052,6.75,51.00655978,-99,-99,-99,-99
2016,"September",-99,"443-10",443,10,3,0,4,-99,-99,-99,-99,-99,-99,-99
2016,"September",26,"443-20",443,20,3,0,4,2.513009866,6.95,30.44054795,-99,6.465177603,200.9655111,12.87350485
2016,"September",26,"443-40",443,40,3,0,4,1.682445454,6.93,6.643643225,-99,3.622140375,148.4247386,9.507840168
2016,"September",26,"443-60",443,60,3,0,4,1.84102234,6.92,9.167557362,-99,-99,-99,-99
2016,"September",26,"443-80",443,80,3,0,4,2.749870608,6.79,30.072919,-99,2.987729694,131.7681767,8.440851631
2016,"September",26,"443-100",443,100,3,0,4,2.639558674,6.84,34.12037234,-99,-99,-99,-99
2016,"September",26,"443-120",443,120,3,0,4,2.472189845,6.79,34.38195448,-99,2.781321254,130.3127599,8.34762032
2016,"September",-99,"450-10",450,10,0,0,4,-99,-99,-99,-99,-99,-99,-99
2016,"September",26,"450-20",450,20,0,0,4,1.212532764,6.55,17.07511468,-99,5.795896831,160.8507243,10.30382583
2016,"September",26,"450-40",450,40,0,0,4,1.405092327,6.59,46.5844077,-99,3.920223408,133.2336851,8.534729384
2016,"September",26,"450-60",450,60,0,0,4,2.705203144,6.97,77.45286737,-99,-99,-99,-99
2016,"September",26,"450-80",450,80,0,0,4,2.081622028,7.18,139.4778805,-99,0.669993509,114.1540448,7.312522924
2016,"September",26,"450-100",450,100,0,0,4,1.305266441,6.89,222.402953,-99,-99,-99,-99
2016,"September",26,"450-120",450,120,0,0,4,2.150931729,6.98,227.3977579,-99,0.300483032,111.0525941,7.11384973
2016,"September",-99,"451-10",451,10,1,0,4,-99,-99,-99,-99,-99,-99,-99
2016,"September",26,"451-20",451,20,1,0,4,1.475849216,6.71,10.91379487,-99,-99,-99,-99
2016,"September",26,"451-40",451,40,1,0,4,2.064646419,6.84,34.25116341,-99,-99,-99,-99
2016,"September",26,"451-80",451,80,1,0,4,1.767169143,7,23.51922599,-99,-99,-99,-99
2016,"September",26,"451-120",451,120,1,0,4,1.063639551,6.8,103.5739647,-99,-99,-99,-99
2016,"September",-99,"452-10",452,10,2,0,4,-99,-99,-99,-99,-99,-99,-99
2016,"September",27,"452-20",452,20,2,0,4,0.762045013,6.71,5.443687351,-99,-99,-99,-99
2016,"September",27,"452-40",452,40,2,0,4,1.10286639,6.3,10.36207713,-99,-99,-99,-99
2016,"September",27,"452-80",452,80,2,0,4,2.235306234,6.7,28.08035412,-99,-99,-99,-99
2016,"September",27,"452-120",452,120,2,0,4,2.025469723,6.72,48.89756883,-99,-99,-99,-99
2016,"September",-99,"453-10",453,10,3,0,4,-99,-99,-99,-99,-99,-99,-99
2016,"September",27,"453-20",453,20,3,0,4,2.272334392,6.62,6.917695062,-99,4.90670952,184.9862002,11.84989976
2016,"September",27,"453-40",453,40,3,0,4,2.42668324,6.78,10.638768,-99,5.40951373,154.2071613,9.87825147
2016,"September",27,"453-60",453,60,3,0,4,3.28862624,6.87,18.68292612,-99,-99,-99,-99
2016,"September",27,"453-80",453,80,3,0,4,2.612892522,7.01,20.97023729,-99,1.684600662,111.51456,7.143442411
2016,"September",27,"453-100",453,100,3,0,4,3.875847139,6.98,22.16587722,-99,-99,-99,-99
2016,"September",27,"453-120",453,120,3,0,4,2.95553181,7.21,34.91881083,-99,1.831954916,126.6988859,8.116122235
2016,"September",-99,"460-10",460,10,0,0,4,-99,-99,-99,-99,-99,-99,-99
2016,"September",27,"460-20",460,20,0,0,4,0.787500884,6.46,27.0607902,-99,8.312729986,197.6700796,12.66240561
2016,"September",27,"460-40",460,40,0,0,4,1.718595352,6.79,9.007130339,-99,1.699223603,123.7443224,7.926858364
2016,"September",27,"460-60",460,60,0,0,4,1.732771272,7.26,39.71646278,-99,-99,-99,-99
2016,"September",27,"460-80",460,80,0,0,4,2.367610581,6.91,121.9875576,-99,0.510265997,115.4356638,7.394621066
2016,"September",27,"460-100",460,100,0,0,4,2.329029878,6.92,111.9763789,-99,-99,-99,-99
2016,"September",27,"460-120",460,120,0,0,4,2.466881585,6.51,127.5918053,-99,0.344914277,116.028819,7.432617494
2016,"September",-99,"461-10",461,10,1,0,4,-99,-99,-99,-99,-99,-99,-99
2016,"September",27,"461-20",461,20,1,0,4,0.679257026,6.52,5.827700736,-99,9.109680283,201.0002706,12.87573149
2016,"September",27,"461-40",461,40,1,0,4,0.01223136,6.37,8.369902887,-99,6.775633894,158.0273502,10.1229657
2016,"September",27,"461-80",461,80,1,0,4,1.959996659,6.71,38.3397161,-99,2.438806977,118.1469103,7.5682985
2016,"September",27,"461-120",461,120,1,0,4,0.425285514,6.25,52.98923984,-99,1.988307903,125.3712945,8.03107919
2016,"September",-99,"462-10",462,10,2,0,4,-99,-99,-99,-99,-99,-99,-99
2016,"September",27,"462-20",462,20,2,0,4,1.67675965,6.63,6.471635846,-99,7.36505091,222.8472212,14.27520673
2016,"September",27,"462-40",462,40,2,0,4,2.145354169,6.78,11.43194848,-99,5.266096422,144.8018943,9.275767468
2016,"September",27,"462-80",462,80,2,0,4,2.008899217,7.08,19.66895176,-99,2.023177994,102.0577143,6.537654372
2016,"September",27,"462-120",462,120,2,0,4,0.414932804,6.78,16.68069039,-99,2.06873408,121.6733247,7.794194088
2016,"September",-99,"463-10",463,10,3,0,4,-99,-99,-99,-99,-99,-99,-99
2016,"September",27,"463-20",463,20,3,0,4,2.528431087,6.73,24.02557523,-99,6.776196315,178.1856585,11.41426964
2016,"September",27,"463-40",463,40,3,0,4,2.907370809,6.78,15.51355801,-99,5.089496286,144.5025135,9.256589687
2016,"September",27,"463-60",463,60,3,0,4,2.790373861,6.97,15.39114326,-99,-99,-99,-99
2016,"September",27,"463-80",463,80,3,0,4,3.28862624,6.95,21.9763859,-99,2.24083485,121.2550886,7.767402655
2016,"September",27,"463-100",463,100,3,0,4,3.370678541,6.81,17.85788426,-99,-99,-99,-99
2016,"September",27,"463-120",463,120,3,0,4,0.425285514,6.84,13.72932114,-99,2.153659623,122.9280331,7.874568384
2016,"September",-99,"610-10",610,10,0,1,3,-99,-99,-99,-99,-99,-99,-99
2016,"September",19,"610-20",610,20,0,1,3,1.045941288,6.38,17.35683358,-99,7.225227918,179.49442,11.49810648
2016,"September",19,"610-40",610,40,0,1,3,0.324364062,6.47,10.71241966,-99,5.533446084,141.5480086,9.067329568
2016,"September",19,"610-60",610,60,0,1,3,0.058817601,6.93,4.545635763,-99,-99,-99,-99
2016,"September",19,"610-80",610,80,0,1,3,0.022718085,6.85,6.496330343,-99,3.967277481,126.5293873,8.105264469
2016,"September",19,"610-100",610,100,0,1,3,1.191254302,6.64,15.74315831,-99,-99,-99,-99
2016,"September",19,"610-120",610,120,0,1,3,1.063088582,6.7,10.14997683,-99,2.359999094,95.20123814,6.098441193
2016,"September",-99,"613-10",613,10,3,1,3,-99,-99,-99,-99,-99,-99,-99
2016,"September",19,"613-20",613,20,3,1,3,2.664285451,6.68,39.82999573,-99,5.867463085,174.9979668,11.21007201
2016,"September",19,"613-40",613,40,3,1,3,0.381640275,6.53,22.76476603,-99,3.276404711,167.0821153,10.7029972
2016,"September",19,"613-60",613,60,3,1,3,0.062770544,7.11,6.239660003,-99,-99,-99,-99
2016,"September",19,"613-80",613,80,3,1,3,0.545784793,6.97,11.25254333,-99,2.509593032,166.1710183,10.64463401
2016,"September",19,"613-100",613,100,3,1,3,1.495803478,6.73,17.20952712,-99,-99,-99,-99
2016,"September",19,"613-120",613,120,3,1,3,0.948712069,6.86,38.56226745,-99,1.352523884,142.5470967,9.131329301
2016,"September",-99,"620-10",620,10,0,1,3,-99,-99,-99,-99,-99,-99,-99
2016,"September",20,"620-20",620,20,0,1,3,0.526347628,6.61,15.93601342,-99,10.14973232,231.2654478,14.81446274
2016,"September",20,"620-40",620,40,0,1,3,0.125005849,6.66,9.853383066,-99,7.435344596,190.4286981,12.19853611
2016,"September",20,"620-60",620,60,0,1,3,0.321597494,7.05,3.938120681,-99,-99,-99,-99
2016,"September",20,"620-80",620,80,0,1,3,0.351475947,7.23,3.404934136,-99,3.721189742,162.1312274,10.38585249
2016,"September",20,"620-100",620,100,0,1,3,0.437118535,6.86,13.26529876,-99,-99,-99,-99
2016,"September",20,"620-120",620,120,0,1,3,1.054195637,6.95,16.91631156,-99,3.103972003,155.5151928,9.962041549
2016,"September",-99,"623-10",623,10,3,1,3,-99,-99,-99,-99,-99,-99,-99
2016,"September",20,"623-20",623,20,3,1,3,2.563012641,6.88,19.18295211,-99,5.679043238,203.1985359,13.0165483
2016,"September",20,"623-40",623,40,3,1,3,1.332416217,6.8,14.58033284,-99,5.6482109,190.2549436,12.18740572
2016,"September",20,"623-60",623,60,3,1,3,0.030416597,7.34,6.039784236,-99,-99,-99,-99
2016,"September",20,"623-80",623,80,3,1,3,0.834070036,6.89,28.18017619,-99,4.041503481,159.7721767,10.23473606
2016,"September",20,"623-100",623,100,3,1,3,0.455131536,6.75,28.92855013,-99,-99,-99,-99
2016,"September",20,"623-120",623,120,3,1,3,0.882582492,6.75,74.05095584,-99,2.769955002,158.9479569,10.18193807
2016,"September",-99,"630-10",630,10,0,1,3,-99,-99,-99,-99,-99,-99,-99
2016,"September",21,"630-20",630,20,0,1,3,-99,-99,21.48738967,-99,-99,-99,-99
2016,"September",21,"630-40",630,40,0,1,3,0.561786954,7,12.71613864,-99,5.762975715,166.8526703,10.68829938
2016,"September",21,"630-60",630,60,0,1,3,0.102297434,6.96,6.21700869,-99,-99,-99,-99
2016,"September",21,"630-80",630,80,0,1,3,0.002708656,7.13,9.661730264,-99,4.945347775,138.8949119,8.897377101
2016,"September",21,"630-100",630,100,0,1,3,1.730044779,6.91,17.62411948,-99,-99,-99,-99
2016,"September",21,"630-120",630,120,0,1,3,0.016119536,6.84,13.06659007,-99,4.51826279,136.85998,8.767023131
2016,"September",-99,"633-10",633,10,3,1,3,-99,-99,-99,-99,-99,-99,-99
2016,"September",21,"633-20",633,20,3,1,3,8.354824205,6.8,57.36298562,-99,8.430838357,230.402382,14.75917635
2016,"September",21,"633-40",633,40,3,1,3,9.053763621,6.95,30.50943769,-99,3.018662839,170.3591488,10.9129179
2016,"September",21,"633-60",633,60,3,1,3,2.869960415,7.18,16.49802438,-99,-99,-99,-99
2016,"September",21,"633-80",633,80,3,1,3,6.058567837,7.02,61.65310897,-99,1.606986589,150.5181617,9.641940983
2016,"September",21,"633-100",633,100,3,1,3,7.229895377,6.97,75.93525016,-99,-99,-99,-99
2016,"September",21,"633-120",633,120,3,1,3,5.200863887,7.05,155.2369263,-99,0.322979865,121.4356141,7.778966786
2016,"October",31,"310-20",310,20,0,0,3,0.381401332,6.61,38.4068509,-99,-99,-99,-99
2016,"October",31,"310-40",310,40,0,0,3,0.064728173,6.66,12.3619836,-99,-99,-99,-99
2016,"October",31,"310-60",310,60,0,0,3,0.338688431,6.94,14.94730403,-99,-99,-99,-99
2016,"October",31,"310-80",310,80,0,0,3,0.160899296,6.67,14.08695028,-99,-99,-99,-99
2016,"October",31,"310-100",310,100,0,0,3,0.540367157,6.42,62.64582716,-99,-99,-99,-99
2016,"October",31,"310-120",310,120,0,0,3,0.648307588,6.68,90.18566558,-99,-99,-99,-99
2016,"October",31,"311-20",311,20,1,0,3,0.613351706,6.64,26.81337113,-99,-99,-99,-99
2016,"October",31,"311-40",311,40,1,0,3,0.49529308,6.61,14.43620279,-99,-99,-99,-99
2016,"October",31,"311-80",311,80,1,0,3,0.149832159,6.46,14.83656543,-99,-99,-99,-99
2016,"October",31,"311-120",311,120,1,0,3,0.011519595,6.25,17.09392923,-99,-99,-99,-99
2016,"October",31,"312-20",312,20,2,0,3,0.963209111,6.71,44.85524486,-99,-99,-99,-99
2016,"October",31,"312-40",312,40,2,0,3,0.300758921,6.51,18.51649435,-99,-99,-99,-99
2016,"October",31,"312-80",312,80,2,0,3,0.034355018,6.59,30.48478169,-99,-99,-99,-99
2016,"October",31,"312-120",312,120,2,0,3,0.016450638,6.46,67.34156979,-99,-99,-99,-99
2016,"October",31,"313-20",313,20,3,0,3,1.231184269,6.75,234.9359252,-99,-99,-99,-99
2016,"October",31,"313-40",313,40,3,0,3,1.010074295,7.09,104.8372344,-99,-99,-99,-99
2016,"October",31,"313-60",313,60,3,0,3,0.759550922,7.16,37.41446266,-99,-99,-99,-99
2016,"October",31,"313-80",313,80,3,0,3,0.86213947,6.97,190.1741046,-99,-99,-99,-99
2016,"October",31,"313-100",313,100,3,0,3,0.796507066,6.81,204.8810428,-99,-99,-99,-99
2016,"October",31,"313-120",313,120,3,0,3,0.613351706,6.84,266.5709623,-99,-99,-99,-99
2016,"October",31,"610-20",610,20,0,1,3,0.777809537,6.56,23.25695834,-99,-99,-99,-99
2016,"October",31,"610-40",610,40,0,1,3,0.280071819,6.51,15.88432297,-99,-99,-99,-99
2016,"October",31,"610-60",610,60,0,1,3,0.000989492,7.09,7.840867221,-99,-99,-99,-99
2016,"October",31,"610-80",610,80,0,1,3,0.066811082,7.02,8.102806606,-99,-99,-99,-99
2016,"October",31,"610-100",610,100,0,1,3,0.432915203,6.8,14.51712715,-99,-99,-99,-99
2016,"October",31,"610-120",610,120,0,1,3,0.174157443,6.83,38.4068509,-99,-99,-99,-99
2016,"October",31,"613-20",613,20,3,1,3,0.330737922,7.18,31.59642689,-99,-99,-99,-99
2016,"October",31,"613-40",613,40,3,1,3,0.011984811,6.99,23.52528649,-99,-99,-99,-99
2016,"October",31,"613-60",613,60,3,1,3,0.045686365,8.35,13.286225,-99,-99,-99,-99
2016,"October",31,"613-80",613,80,3,1,3,0.004745618,7.65,14.09120946,-99,-99,-99,-99
2016,"October",31,"613-100",613,100,3,1,3,0.130962096,7.11,19.00842929,-99,-99,-99,-99
2016,"October",31,"613-120",613,120,3,1,3,0.005429405,7.16,22.78418969,-99,-99,-99,-99
2016,"October",31,"620-20",620,20,0,1,3,0.815654058,6.84,22.36679035,-99,-99,-99,-99
2016,"October",31,"620-40",620,40,0,1,3,0.042882124,6.99,11.53144408,-99,-99,-99,-99
2016,"October",31,"620-60",620,60,0,1,3,0.196120902,7.38,7.2339345,-99,-99,-99,-99
2016,"October",31,"620-80",620,80,0,1,3,0.147478075,7.19,7.417079111,-99,-99,-99,-99
2016,"October",31,"620-100",620,100,0,1,3,0.170069201,7.03,10.27072769,-99,-99,-99,-99
2016,"October",31,"620-120",620,120,0,1,3,0.464891862,7.07,13.39270443,-99,-99,-99,-99
2016,"November",1,"320-20",320,20,0,0,3,1.410314115,6.56,40.46563392,-99,-99,-99,-99
2016,"November",1,"320-40",320,40,0,0,3,0.588484056,6.7,9.537535474,-99,-99,-99,-99
2016,"November",1,"320-60",320,60,0,0,3,1.012364237,6.92,7.145330424,-99,-99,-99,-99
2016,"November",1,"320-80",320,80,0,0,3,1.051230739,6.73,27.447092,-99,-99,-99,-99
2016,"November",1,"320-100",320,100,0,0,3,1.004765104,6.72,45.43766795,-99,-99,-99,-99
2016,"November",1,"320-120",320,120,0,0,3,1.27872332,6.74,70.58353815,-99,-99,-99,-99
2016,"November",1,"321-20",321,20,1,0,3,0.140607003,6.6,28.6495908,-99,-99,-99,-99
2016,"November",1,"321-40",321,40,1,0,3,0.173632088,6.48,21.87807276,-99,-99,-99,-99
2016,"November",1,"321-80",321,80,1,0,3,0.163475238,6.44,23.33642236,-99,-99,-99,-99
2016,"November",1,"321-120",321,120,1,0,3,0.006451433,6.47,57.4200141,-99,-99,-99,-99
2016,"November",1,"322-20",322,20,2,0,3,0.807549692,6.51,44.50594459,-99,-99,-99,-99
2016,"November",1,"322-40",322,40,2,0,3,0.181661751,6.24,16.26641171,-99,-99,-99,-99
2016,"November",1,"322-80",322,80,2,0,3,0.890652974,6.63,19.7673036,-99,-99,-99,-99
2016,"November",1,"322-120",322,120,2,0,3,0.838552991,6.6,31.00341823,-99,-99,-99,-99
2016,"November",1,"323-20",323,20,3,0,3,1.19488559,6.65,38.56807377,-99,-99,-99,-99
2016,"November",1,"323-40",323,40,3,0,3,0.870746563,6.61,14.22813361,-99,-99,-99,-99
2016,"November",1,"323-60",323,60,3,0,3,0.857723415,6.88,15.98924,-99,-99,-99,-99
2016,"November",1,"323-80",323,80,3,0,3,1.020020843,6.75,11.1408672,-99,-99,-99,-99
2016,"November",1,"323-100",323,100,3,0,3,0.890652974,6.77,13.25590054,-99,-99,-99,-99
2016,"November",1,"323-120",323,120,3,0,3,0.620355247,6.86,10.94471492,-99,-99,-99,-99
2016,"November",1,"330-20",330,20,0,0,3,0.592934816,6.6,26.1379887,-99,-99,-99,-99
2016,"November",1,"330-40",330,40,0,0,3,0.412989385,6.58,15.66516231,-99,-99,-99,-99
2016,"November",1,"330-60",330,60,0,0,3,0.452070226,6.66,15.7973519,-99,-99,-99,-99
2016,"November",1,"330-80",330,80,0,0,3,0.113008644,6.77,26.17636632,-99,-99,-99,-99
2016,"November",1,"330-100",330,100,0,0,3,0.287654271,6.74,44.40147218,-99,-99,-99,-99
2016,"November",1,"330-120",330,120,0,0,3,0.224329575,6.61,36.60655091,-99,-99,-99,-99
2016,"November",3,"331-20",331,20,1,0,3,0.298351161,6.49,38.61695201,-99,-99,-99,-99
2016,"November",3,"331-40",331,40,1,0,3,0.225951989,6.38,27.81049157,-99,-99,-99,-99
2016,"November",3,"331-80",331,80,1,0,3,0.030230522,6.24,28.90865432,-99,-99,-99,-99
2016,"November",3,"331-120",331,120,1,0,3,0.116129817,6.34,65.31870069,-99,-99,-99,-99
2016,"November",3,"332-20",332,20,2,0,3,0.046205068,6.49,25.7084868,-99,-99,-99,-99
2016,"November",3,"332-40",332,40,2,0,3,0.014654137,6.36,12.81798743,-99,-99,-99,-99
2016,"November",3,"332-80",332,80,2,0,3,0.063282594,6.49,71.04531626,-99,-99,-99,-99
2016,"November",3,"332-120",332,120,2,0,3,0.037101461,6.25,79.02664636,-99,-99,-99,-99
2016,"November",3,"333-20",333,20,3,0,3,1.129464502,6.71,45.07567608,-99,-99,-99,-99
2016,"November",3,"333-40",333,40,3,0,3,0.97575365,6.75,25.97348312,-99,-99,-99,-99
2016,"November",3,"333-60",333,60,3,0,3,0.681845221,6.85,8.308558387,-99,-99,-99,-99
2016,"November",3,"333-80",333,80,3,0,3,1.326655701,6.69,55.72044385,-99,-99,-99,-99
2016,"November",3,"333-100",333,100,3,0,3,1.427330113,6.74,109.0633065,-99,-99,-99,-99
2016,"November",3,"333-120",333,120,3,0,3,1.437808506,6.78,143.1602493,-99,-99,-99,-99
2016,"November",3,"440-20",440,20,0,0,4,0.543513804,6.53,136.3489454,-99,-99,-99,-99
2016,"November",3,"440-40",440,40,0,0,4,0.789256563,6.57,292.0342883,-99,-99,-99,-99
2016,"November",3,"440-60",440,60,0,0,4,1.751740579,6.82,384.5180069,-99,-99,-99,-99
2016,"November",3,"440-80",440,80,0,0,4,1.356088671,6.95,74.42738805,-99,-99,-99,-99
2016,"November",3,"440-100",440,100,0,0,4,1.21517489,6.87,330.508162,-99,-99,-99,-99
2016,"November",3,"440-120",440,120,0,0,4,1.326655701,6.83,334.7121715,-99,-99,-99,-99
2016,"November",3,"441-20",441,20,1,0,4,0.707243396,6.87,24.68443319,-99,-99,-99,-99
2016,"November",3,"441-40",441,40,1,0,4,0.893759649,6.78,64.51922024,-99,-99,-99,-99
2016,"November",3,"441-80",441,80,1,0,4,0.662184972,7.31,53.04802325,-99,-99,-99,-99
2016,"November",3,"441-120",441,120,1,0,4,1.513343058,6.92,220.6739211,-99,-99,-99,-99
2016,"November",3,"442-20",442,20,2,0,4,0.61547883,6.62,18.64790666,-99,-99,-99,-99
2016,"November",3,"442-40",442,40,2,0,4,0.047230166,6.44,7.109337714,-99,-99,-99,-99
2016,"November",3,"442-80",442,80,2,0,4,0.982916905,6.8,98.00756981,-99,-99,-99,-99
2016,"November",3,"442-120",442,120,2,0,4,0.121339852,6.66,56.28187675,-99,-99,-99,-99
2016,"November",3,"443-20",443,20,3,0,4,1.346205832,6.75,34.08955711,-99,-99,-99,-99
2016,"November",3,"443-40",443,40,3,0,4,0.676876101,7.01,7.3428938,-99,-99,-99,-99
2016,"November",3,"443-60",443,60,3,0,4,0.766499228,6.89,10.49590096,-99,-99,-99,-99
2016,"November",3,"443-80",443,80,3,0,4,1.242134564,6.75,29.58461953,-99,-99,-99,-99
2016,"November",3,"443-100",443,100,3,0,4,1.297861553,6.81,31.95162063,-99,-99,-99,-99
2016,"November",3,"443-120",443,120,3,0,4,1.15452262,6.76,35.70648386,-99,-99,-99,-99
2016,"November",4,"450-20",450,20,0,0,4,1.16151656,6.5,18.60623801,-99,-99,-99,-99
2016,"November",4,"450-40",450,40,0,0,4,1.038037805,6.5,51.1318966,-99,-99,-99,-99
2016,"November",4,"450-60",450,60,0,0,4,1.615131785,6.65,89.30282662,-99,-99,-99,-99
2016,"November",4,"450-80",450,80,0,0,4,1.689401432,6.78,178.694744,-99,-99,-99,-99
2016,"November",4,"450-100",450,100,0,0,4,1.369672338,6.87,214.5716729,-99,-99,-99,-99
2016,"November",4,"450-120",450,120,0,0,4,1.170252439,6.9,142.1233726,-99,-99,-99,-99
2016,"November",4,"451-20",451,20,1,0,4,1.369672338,6.66,16.50340365,-99,-99,-99,-99
2016,"November",4,"451-40",451,40,1,0,4,1.487347077,6.78,34.65644305,-99,-99,-99,-99
2016,"November",4,"451-80",451,80,1,0,4,1.432654866,6.99,32.98665993,-99,-99,-99,-99
2016,"November",4,"451-120",451,120,1,0,4,0.769214051,6.91,76.3346979,-99,-99,-99,-99
2016,"November",4,"452-20",452,20,2,0,4,0.893573313,6.51,31.05938689,-99,-99,-99,-99
2016,"November",4,"452-40",452,40,2,0,4,0.441814719,6.38,16.88768785,-99,-99,-99,-99
2016,"November",4,"452-80",452,80,2,0,4,1.061635953,6.72,23.24105657,-99,-99,-99,-99
2016,"November",4,"452-120",452,120,2,0,4,0.769214051,6.68,34.44576948,-99,-99,-99,-99
2016,"November",4,"453-20",453,20,3,0,4,1.567441596,6.64,38.30421692,-99,-99,-99,-99
2016,"November",4,"453-40",453,40,3,0,4,0.999867438,6.63,18.78960204,-99,-99,-99,-99
2016,"November",4,"453-60",453,60,3,0,4,1.187921802,6.74,25.15272417,-99,-99,-99,-99
2016,"November",4,"453-80",453,80,3,0,4,0.798579126,6.75,21.17723585,-99,-99,-99,-99
2016,"November",4,"453-100",453,100,3,0,4,1.309458656,6.85,30.16597489,-99,-99,-99,-99
2016,"November",4,"453-120",453,120,3,0,4,0.786700916,6.65,29.53395418,-99,-99,-99,-99
2016,"November",4,"460-20",460,20,0,0,4,0.913887289,6.49,17.8279162,-99,-99,-99,-99
2016,"November",4,"460-40",460,40,0,0,4,1.179054022,6.84,44.06262787,-99,-99,-99,-99
2016,"November",4,"460-60",460,60,0,0,4,0.992403475,6.97,20.92364729,-99,-99,-99,-99
2016,"November",4,"460-80",460,80,0,0,4,1.045844988,7.08,63.74500134,-99,-99,-99,-99
2016,"November",4,"460-100",460,100,0,0,4,1.28035188,6.97,100.1056992,-99,-99,-99,-99
2016,"November",4,"460-120",460,120,0,0,4,0.677215166,6.88,87.02833233,-99,-99,-99,-99
2016,"November",4,"461-20",461,20,1,0,4,0.854289946,6.64,9.410726755,-99,-99,-99,-99
2016,"November",4,"461-40",461,40,1,0,4,0.017883989,6.25,9.910101146,-99,-99,-99,-99
2016,"November",4,"461-80",461,80,1,0,4,0.561529981,6.61,32.72526864,-99,-99,-99,-99
2016,"November",4,"461-120",461,120,1,0,4,0.220092032,6.39,40.37974173,-99,-99,-99,-99
2016,"November",4,"462-20",462,20,2,0,4,1.118805676,6.61,10.57723412,-99,-99,-99,-99
2016,"November",4,"462-40",462,40,2,0,4,0.088226314,6.26,11.59939108,-99,-99,-99,-99
2016,"November",4,"462-80",462,80,2,0,4,0.72990807,6.73,23.36980153,-99,-99,-99,-99
2016,"November",4,"462-120",462,120,2,0,4,0.026603225,6.37,38.7216627,-99,-99,-99,-99
2016,"November",4,"463-20",463,20,3,0,4,1.319307222,6.62,20.27602113,-99,-99,-99,-99
2016,"November",4,"463-40",463,40,3,0,4,0.847912712,6.85,17.56457424,-99,-99,-99,-99
2016,"November",4,"463-60",463,60,3,0,4,1.179054022,6.89,19.11731648,-99,-99,-99,-99
2016,"November",4,"463-80",463,80,3,0,4,1.379973778,6.83,29.3544915,-99,-99,-99,-99
2016,"November",4,"463-100",463,100,3,0,4,0.992403475,6.81,19.95610941,-99,-99,-99,-99
2016,"November",4,"463-120",463,120,3,0,4,0.977642287,6.89,18.51650667,-99,-99,-99,-99
2016,"November",1,"623-20",623,20,3,1,3,0.541676427,6.95,19.28118706,-99,-99,-99,-99
2016,"November",1,"623-40",623,40,3,1,3,0.368854528,6.8,16.5052058,-99,-99,-99,-99
2016,"November",1,"623-60",623,60,3,1,3,0.06977303,7.24,14.08741567,-99,-99,-99,-99
2016,"November",1,"623-80",623,80,3,1,3,0.982308246,6.78,27.24667554,-99,-99,-99,-99
2016,"November",1,"623-100",623,100,3,1,3,0.035682659,6.96,15.70353994,-99,-99,-99,-99
2016,"November",1,"623-120",623,120,3,1,3,0.679058947,6.76,58.89542043,-99,-99,-99,-99
2016,"November",1,"630-20",630,20,0,1,3,0.103239204,6.88,18.90167503,-99,-99,-99,-99
2016,"November",1,"630-40",630,40,0,1,3,0.027411223,6.9,14.39017246,-99,-99,-99,-99
2016,"November",1,"630-60",630,60,0,1,3,0.0471553,6.87,10.77841189,-99,-99,-99,-99
2016,"November",1,"630-80",630,80,0,1,3,0.104806725,6.98,15.78455936,-99,-99,-99,-99
2016,"November",1,"630-100",630,100,0,1,3,0.07812164,6.85,21.40048458,-99,-99,-99,-99
2016,"November",1,"630-120",630,120,0,1,3,0.000385331,6.93,17.89106434,-99,-99,-99,-99
2016,"November",3,"633-20",633,20,3,1,3,1.356088671,6.77,63.96677027,-99,-99,-99,-99
2016,"November",3,"633-40",633,40,3,1,3,0.643091605,7.01,42.43918719,-99,-99,-99,-99
2016,"November",3,"633-60",633,60,3,1,3,0.377033183,7.11,17.14326649,-99,-99,-99,-99
2016,"November",3,"633-80",633,80,3,1,3,0.671943196,6.98,69.01966636,-99,-99,-99,-99
2016,"November",3,"633-100",633,100,3,1,3,0.954575589,6.85,118.3404237,-99,-99,-99,-99
2016,"November",3,"633-120",633,120,3,1,3,0.487036239,6.87,185.2542423,-99,-99,-99,-99
2017,"May",23,"310-10",310,10,0,0,3,0.01061749,6.22,10.2286438,13.72937405,6.739295072,126.7818759,8.121438423
2017,"May",23,"310-20",310,20,0,0,3,0.171667381,6.54,25.83897186,18.86178964,8.026621959,183.1752468,11.73389344
2017,"May",23,"310-40",310,40,0,0,3,0.106082023,6.48,13.5005251,48.71742669,7.952666875,212.4209901,13.60732165
2017,"May",23,"310-60",310,60,0,0,3,0.268244254,6.76,10.43046803,109.8056903,5.71878665,196.1242567,12.56338305
2017,"May",23,"310-80",310,80,0,0,3,0.211791171,6.64,13.20943245,197.1193458,4.749840923,179.089622,11.47217587
2017,"May",23,"310-100",310,100,0,0,3,0.132026982,6.75,34.62996964,216.5223804,3.803889582,156.4065501,10.01914025
2017,"May",23,"310-120",310,120,0,0,3,0.377366235,6.69,101.9461133,257.4565243,0,158.0635543,10.12528487
2017,"May",23,"311-10",311,10,1,0,3,0.061120812,6.35,14.97151324,24.62010957,5.756840299,130.4565078,8.356828542
2017,"May",23,"311-20",311,20,1,0,3,0.227150941,6.46,20.18013091,23.80643393,7.557560823,187.0340677,11.98108236
2017,"May",23,"311-40",311,40,1,0,3,0.328057265,6.48,17.7000216,66.05497692,7.989965689,218.9202821,14.02365427
2017,"May",-99,"311-60",311,60,1,0,3,-99,-99,-99,-99,-99,-99,-99
2017,"May",23,"311-80",311,80,1,0,3,0.401207361,6.61,23.47918085,158.501048,4.874288833,183.2370719,11.73785384
2017,"May",-99,"311-100",311,100,1,0,3,-99,-99,-99,-99,-99,-99,-99
2017,"May",23,"311-120",311,120,1,0,3,0.206302904,6.56,13.57232795,192.6128346,4.18169058,172.2020339,11.03096971
2017,"May",23,"312-10",312,10,2,0,3,0.136730701,6.4,53.47336664,26.81077476,3.538930131,84.63496192,5.421585086
2017,"May",23,"312-20",312,20,2,0,3,0.263589894,6.56,40.12191748,66.99383343,6.915683094,199.1225642,12.75544908
2017,"May",23,"312-40",312,40,2,0,3,0.322365077,6.62,21.56185065,167.3262992,5.997379913,214.8535458,13.76314667
2017,"May",-99,"312-60",312,60,2,0,3,-99,-99,-99,-99,-99,-99,-99
2017,"May",23,"312-80",312,80,2,0,3,0.535545638,6.62,48.73437844,227.7886585,3.224036182,177.3447306,11.36040135
2017,"May",-99,"312-100",312,100,2,0,3,-99,-99,-99,-99,-99,-99,-99
2017,"May",23,"312-120",312,120,2,0,3,0.508149461,6.66,56.82287264,285.8725813,2.464354336,158.0225049,10.12265532
2017,"May",23,"313-10",313,10,3,0,3,0.229147633,6.54,61.51722664,51.59658665,6.594036182,174.3815825,11.17058757
2017,"May",23,"313-20",313,20,3,0,3,0.358061826,6.63,170.3334779,148.0484455,4.564048659,206.3167306,13.21629408
2017,"May",23,"313-40",313,40,3,0,3,0.328057265,6.77,98.13862157,188.1689138,3.259959451,173.8316446,11.13535956
2017,"May",23,"313-60",313,60,3,0,3,0.316771656,7.02,74.97929101,424.7607545,0,157.0622398,10.06114251
2017,"May",23,"313-80",313,80,3,0,3,0.316771656,6.68,197.2498442,438.5932405,0,140.5017969,9.000311181
2017,"May",23,"313-100",313,100,3,0,3,0.367587327,6.71,152.448746,378.8819664,0,130.3404908,8.349396713
2017,"May",23,"313-120",313,120,3,0,3,0.208116339,6.74,162.5516013,456.0426768,0.28635995,134.982519,8.646756452
2017,"May",24,"320-10",320,10,0,0,3,0.006840288,6.37,3.898681326,2.698503668,4.441048035,84.18867701,5.3929969
2017,"May",24,"320-20",320,20,0,0,3,0.584755138,6.54,24.69035192,50.80879106,7.016737367,194.1743413,12.43847508
2017,"May",24,"320-40",320,40,0,0,3,0.449033462,6.61,22.94819271,130.2734661,6.744716157,220.3535769,14.11546848
2017,"May",24,"320-60",320,60,0,0,3,0.314888531,6.78,10.22675846,139.4065102,3.540056145,145.6682821,9.331266664
2017,"May",24,"320-80",320,80,0,0,3,0.491705685,6.5,42.8504237,203.7693013,3.545470992,173.8799915,11.13845658
2017,"May",24,"320-100",320,100,0,0,3,0.445342842,6.71,33.44602796,210.1696235,2.130374298,119.1934415,7.635337353
2017,"May",24,"320-120",320,120,0,0,3,0.640325165,6.69,92.23472136,294.3806049,1.691687461,149.4644513,9.574442244
2017,"May",24,"321-10",321,10,1,0,3,0.031488853,6.25,8.525399233,17.00933655,6.554865876,130.1894189,8.339719324
2017,"May",24,"321-20",321,20,1,0,3,0.661816343,6.5,34.95970727,33.01014216,6.227236432,169.9200846,10.88479227
2017,"May",24,"321-40",321,40,1,0,3,0.50820876,6.65,19.39043432,94.67616825,6.896347473,217.2813258,13.91866576
2017,"May",-99,"321-60",321,60,1,0,3,-99,-99,-99,-99,-99,-99,-99
2017,"May",24,"321-80",321,80,1,0,3,0.589601087,6.41,46.3918621,273.7413636,3.443000624,172.6807193,11.06163342
2017,"May",-99,"321-100",321,100,1,0,3,-99,-99,-99,-99,-99,-99,-99
2017,"May",24,"321-120",321,120,1,0,3,0.695413094,6.65,36.53458656,274.6043283,2.902489083,177.9610409,11.39988105
2017,"May",24,"322-10",322,10,2,0,3,0.018113963,6.22,6.644520084,0,7.009167187,126.9263611,8.130693877
2017,"May",24,"322-20",322,20,2,0,3,0.661816343,6.44,36.25306669,55.48318373,6.787660636,189.2713568,12.12439897
2017,"May",24,"322-40",322,40,2,0,3,0.520948552,6.49,14.69843644,196.3621868,4.975966937,179.0186178,11.46762747
2017,"May",-99,"322-60",322,60,2,0,3,-99,-99,-99,-99,-99,-99,-99
2017,"May",24,"322-80",322,80,2,0,3,1.042005722,6.72,29.19466988,274.3885872,2.880792265,178.1924711,11.41470604
2017,"May",-99,"322-100",322,100,2,0,3,-99,-99,-99,-99,-99,-99,-99
2017,"May",24,"322-120",322,120,2,0,3,0.774172688,6.62,21.16523351,266.6107351,2.840433562,174.9808914,11.20897819
2017,"May",24,"323-10",323,10,3,0,3,0.042034402,5.97,16.95467542,8.825572308,7.914794136,148.4469394,9.509262308
2017,"May",24,"323-20",323,20,3,0,3,0.529618679,6.54,19.28027437,30.59771763,7.917286338,205.2388773,13.14724879
2017,"May",24,"323-40",323,40,3,0,3,0.427339787,6.61,10.85915818,96.87686749,8.353462258,237.9534358,15.24288289
2017,"May",24,"323-60",323,60,3,0,3,0.599413796,6.77,3.515161499,189.3714576,5.835720524,207.8180056,13.31246298
2017,"May",24,"323-80",323,80,3,0,3,0.471828405,6.59,11.35691795,229.5832771,5.340361822,188.1191791,12.05059259
2017,"May",24,"323-100",323,100,3,0,3,0.328154217,6.77,10.17371849,134.7929845,4.946668746,179.0477997,11.46949681
2017,"May",24,"323-120",323,120,3,0,3,0.05340077,6.26,8.566199214,180.4108128,5.567049283,179.7045388,11.5115663
2017,"May",24,"330-10",330,10,0,0,3,0.001016523,6.51,3.417241544,4.678497009,3.907036806,92.9023921,5.951181369
2017,"May",24,"330-20",330,20,0,0,3,0.328154217,6.59,19.63523421,21.04463346,6.02353088,149.6608886,9.58702565
2017,"May",24,"330-40",330,40,0,0,3,0.575182399,6.55,24.71075191,44.96437134,6.862744853,206.9779944,13.25865341
2017,"May",24,"330-60",330,60,0,0,3,0.467950432,6.59,13.16843713,48.66711714,6.430121647,196.1071932,12.56229
2017,"May",24,"330-80",330,80,0,0,3,0.599413796,6.62,33.39706798,110.7991917,4.764189021,171.2210606,10.96813039
2017,"May",24,"330-100",330,100,0,0,3,0.368347054,6.64,36.0082668,117.0198047,3.831422333,143.3204513,9.18086897
2017,"May",24,"330-120",330,120,0,0,3,0.525265727,6.66,49.0479409,207.6630219,3.003764816,159.7711086,10.23466764
2017,"May",25,"331-10",331,10,1,0,3,0.025656677,6.23,14.22756975,0,5.681316282,111.1982454,7.123179885
2017,"May",25,"331-20",331,20,1,0,3,0.370734537,6.49,24.47608951,2.873621678,8.087928883,180.2662511,11.54754855
2017,"May",25,"331-40",331,40,1,0,3,1.009279703,6.58,34.30074139,34.79797694,7.018072364,205.6398307,13.17293312
2017,"May",-99,"331-60",331,60,1,0,3,-99,-99,-99,-99,-99,-99,-99
2017,"May",25,"331-80",331,80,1,0,3,1.073294498,6.5,44.6211673,181.7815073,3.645904554,170.5477518,10.92499946
2017,"May",-99,"331-100",331,100,1,0,3,-99,-99,-99,-99,-99,-99,-99
2017,"May",25,"331-120",331,120,1,0,3,0.824629322,6.55,84.69938895,260.1678533,2.433340611,161.5393343,10.34793691
2017,"May",25,"332-10",332,10,2,0,3,0.438081044,6.41,14.22756975,6.014919793,7.96345602,176.5081918,11.30681423
2017,"May",25,"332-20",332,20,2,0,3,0.449780347,6.47,17.90613741,12.37056947,8.147482845,202.8413822,12.99366969
2017,"May",25,"332-40",332,40,2,0,3,0.824629322,6.56,13.53878445,72.27439398,6.005162196,201.8908942,12.93278319
2017,"May",-99,"332-60",332,60,2,0,3,-99,-99,-99,-99,-99,-99,-99
2017,"May",25,"332-80",332,80,2,0,3,1.40927053,6.59,62.51823153,237.1560183,3.334401123,169.4214781,10.85285246
2017,"May",-99,"332-100",332,100,2,0,3,-99,-99,-99,-99,-99,-99,-99
2017,"May",25,"332-120",332,120,2,0,3,0.236854056,6.55,69.58017314,137.0727993,1.523512165,64.3438787,4.121775834
2017,"May",25,"333-10",333,10,3,0,3,0.007975547,6,3.67439496,0.389804564,7.378175296,126.2913399,8.090015596
2017,"May",25,"333-20",333,20,3,0,3,0.742121,6.55,28.03355206,28.44232726,6.242900811,171.7742003,11.00356349
2017,"May",25,"333-40",333,40,3,0,3,0.017127535,6.37,5.844825566,96.08981689,5.933652527,213.8759041,13.70052075
2017,"May",25,"333-60",333,60,3,0,3,0.513133702,6.61,11.65787075,190.4018138,5.243284467,151.8669224,9.728340097
2017,"May",25,"333-80",333,80,3,0,3,1.866745768,6.67,46.91837982,232.845865,3.225,178.4540028,11.43145928
2017,"May",25,"333-100",333,100,3,0,3,1.182190914,6.66,111.925331,270.9067096,2.58455708,172.3013963,11.03733469
2017,"May",25,"333-120",333,120,3,0,3,1.446906219,6.61,186.6698898,327.5961826,1.206756082,155.6500959,9.970683191
2017,"May",25,"440-10",440,10,0,0,4,0.045414794,6.08,15.08287458,6.234080126,10.72582658,229.2918956,14.68804064
2017,"May",25,"440-20",440,20,0,0,4,0.270215894,6.43,39.5044765,17.26515025,11.05722707,298.2807898,19.10734158
2017,"May",25,"440-40",440,40,0,0,4,0.508645495,6.18,142.7087356,157.3816569,8.071266376,329.5652891,21.11136873
2017,"May",25,"440-60",440,60,0,0,4,1.916598696,6.64,272.6393783,241.1009043,4.509382408,344.6764767,22.07936345
2017,"May",25,"440-80",440,80,0,0,4,1.538678009,6.85,111.5166013,319.121983,1.129638178,311.9017743,19.97987665
2017,"May",25,"440-100",440,100,0,0,4,2.186559266,6.67,391.6213623,426.2913861,1.500090455,296.2776925,18.97902687
2017,"May",25,"440-120",440,120,0,0,4,2.84591145,6.7,389.8842609,444.7008542,5.667289457,273.6700931,17.53082587
2017,"May",25,"441-10",441,10,1,0,4,0.174158232,6.46,14.42815009,77.94245036,11.28714598,267.7612158,17.15231413
2017,"May",25,"441-20",441,20,1,0,4,0.536175824,6.71,27.27664513,36.37674051,11.61980661,330.1510691,21.14889271
2017,"May",25,"441-40",441,40,1,0,4,1.131386335,6.58,94.68677582,109.7043858,0.107164691,6.272338505,0.401820401
2017,"May",-99,"441-60",441,60,1,0,4,-99,-99,-99,-99,-99,-99,-99
2017,"May",25,"441-80",441,80,1,0,4,0.796154625,6.7,84.81292499,347.6322421,0.008022458,5.401486601,0.346035239
2017,"May",-99,"441-100",441,100,1,0,4,-99,-99,-99,-99,-99,-99,-99
2017,"May",25,"441-120",441,120,1,0,4,1.446906219,6.69,335.9357199,337.8284677,0.094691204,4.901921016,0.314033992
2017,"May",25,"442-10",442,10,2,0,4,0.007768094,6.1,2.900457629,24.91033782,10.57035246,257.2688039,16.48018963
2017,"May",25,"442-20",442,20,2,0,4,0.469977604,6.47,8.444800851,28.29292662,10.3101466,326.8180677,20.9353868
2017,"May",25,"442-40",442,40,2,0,4,0.575214638,6.61,32.52579465,130.7452348,6.576179039,306.2789309,19.6196877
2017,"May",-99,"442-60",442,60,2,0,4,-99,-99,-99,-99,-99,-99,-99
2017,"May",25,"442-80",442,80,2,0,4,1.47255342,6.67,94.67920675,223.3364367,5.2045602,285.1533145,18.2664198
2017,"May",-99,"442-100",442,100,2,0,4,-99,-99,-99,-99,-99,-99,-99
2017,"May",25,"442-120",442,120,2,0,4,0.983027181,6.75,44.64387451,171.0496403,6.906425452,226.1415656,14.48623633
2017,"May",25,"443-10",443,10,3,0,4,0.001438036,6.44,3.241065745,21.58508103,11.16520586,279.4308801,17.89985123
2017,"May",25,"443-20",443,20,3,0,4,0.628034217,6.62,21.07757742,62.00415058,10.98400811,344.2552355,22.05237952
2017,"May",25,"443-40",443,40,3,0,4,0.796154625,6.84,7.570573353,117.4442077,8.556016843,343.1730832,21.98305884
2017,"May",25,"443-60",443,60,3,0,4,0.8102669,6.71,12.1233685,124.6680414,7.041313163,306.3740536,19.62578108
2017,"May",25,"443-80",443,80,3,0,4,1.246176747,6.58,33.04806043,132.6371913,0.047061759,2.10761354,0.135035824
2017,"May",25,"443-100",443,100,3,0,4,1.257172814,6.66,33.20322635,167.5523875,0.093240799,2.974696756,0.190579571
2017,"May",25,"443-120",443,120,3,0,4,0.319302491,6.47,38.42966866,204.3595402,0.131933874,4.495813822,0.288019516
2017,"May",26,"450-10",450,10,0,0,4,0.004612789,5.84,4.529804107,69.57197637,7.445683094,184.3012722,11.80602454
2017,"May",26,"450-20",450,20,0,0,4,0.374587918,6.39,10.67402515,103.3405323,10.63260761,277.3224034,17.76478611
2017,"May",26,"450-40",450,40,0,0,4,1.708503484,6.56,36.72552238,215.0806267,5.141419214,280.0144626,17.93723445
2017,"May",26,"450-60",450,60,0,0,4,-99,-99,-99,-99,2.299550842,149.9030071,9.602535311
2017,"May",26,"450-80",450,80,0,0,4,4.51951234,6.75,112.0536724,231.7069107,0.934909545,274.8425078,17.60592859
2017,"May",26,"450-100",450,100,0,0,4,2.570725267,6.86,188.9718723,344.8803054,0.419516532,269.7068181,17.27694581
2017,"May",26,"450-120",450,120,0,0,4,1.490971252,6.87,167.5490216,438.7901436,3.606572052,231.6919126,14.84178129
2017,"May",26,"451-10",451,10,1,0,4,0.003249917,5.74,3.729193486,143.3869438,9.600106051,247.7485755,15.87034141
2017,"May",26,"451-20",451,20,1,0,4,1.365986654,6.6,9.206859641,147.0275267,10.44961011,310.5857405,19.89557395
2017,"May",26,"451-40",451,40,1,0,4,3.375583569,6.59,57.20253542,220.4710078,0.106500312,6.19303244,0.396740201
2017,"May",-99,"451-60",451,60,1,0,4,-99,-99,-99,-99,-99,-99,-99
2017,"May",26,"451-80",451,80,1,0,4,3.215326492,6.74,51.1178947,279.929283,0.030580162,5.520423131,0.353654093
2017,"May",-99,"451-100",451,100,1,0,4,-99,-99,-99,-99,-99,-99,-99
2017,"May",26,"451-120",451,120,1,0,4,2.751876665,6.84,152.2741157,306.0566212,0.021980661,1.821791255,0.116726578
2017,"May",26,"452-10",452,10,2,0,4,0.197115056,6.35,4.406919686,56.64666256,8.184719276,256.8493597,16.45332081
2017,"May",26,"452-20",452,20,2,0,4,1.476537607,6.65,7.006111376,106.15511,12.13303182,340.4758505,21.8102791
2017,"May",26,"452-40",452,40,2,0,4,1.675584579,6.6,9.851071908,178.6414363,9.256715533,330.7579492,21.18776833
2017,"May",-99,"452-60",452,60,2,0,4,-99,-99,-99,-99,-99,-99,-99
2017,"May",26,"452-80",452,80,2,0,4,4.475760296,6.74,30.09348742,196.0610752,6.04308796,295.9257264,18.95648057
2017,"May",-99,"452-100",452,100,2,0,4,-99,-99,-99,-99,-99,-99,-99
2017,"May",26,"452-120",452,120,2,0,4,3.982627925,6.74,42.4079959,177.6673118,6.404304429,259.1424739,16.60021346
2017,"May",26,"453-10",453,10,3,0,4,0.159138457,6.14,4.220731169,65.35648203,9.582872739,268.7389083,17.2149433
2017,"May",26,"453-20",453,20,3,0,4,1.675584579,6.67,7.363593328,120.1939637,10.29886463,319.4824654,20.46548169
2017,"May",26,"453-40",453,40,3,0,4,2.917275926,6.63,11.66454806,202.3069326,7.106088584,311.4623413,19.95172738
2017,"May",26,"453-60",453,60,3,0,4,4.021559435,6.54,31.88089718,248.9503078,4.826512789,309.5641551,19.83013309
2017,"May",26,"453-80",453,80,3,0,4,3.543828117,6.63,28.95773747,206.2607322,0.027938241,2.031038082,0.130130542
2017,"May",26,"453-100",453,100,3,0,4,5.384398615,6.68,41.98720986,248.5491976,0.082822832,5.750157969,0.368370482
2017,"May",26,"453-120",453,120,3,0,4,4.100567882,6.74,44.70928597,290.2073472,0.121372427,4.945444288,0.316822012
2017,"May",26,"460-10",460,10,0,0,4,0.043217306,6.18,6.168263052,56.53205969,4.119656893,101.1167024,6.47737489
2017,"May",26,"460-20",460,20,0,0,4,2.355227439,6.45,16.26340442,126.8409312,8.07022146,264.1567842,16.92142091
2017,"May",26,"460-40",460,40,0,0,4,3.278495508,6.73,45.84875969,263.7913817,3.788019339,252.172031,16.15369979
2017,"May",26,"460-60",460,60,0,0,4,3.278495508,6.87,56.1263658,322.2961557,8.738424828,424.9666911,27.22260604
2017,"May",26,"460-80",460,80,0,0,4,4.60830368,6.72,117.2446082,310.3774554,4.529647536,379.6141523,24.31740631
2017,"May",26,"460-100",460,100,0,0,4,4.222000467,6.71,155.8489352,308.8876179,5.972981909,418.6755994,26.81961035
2017,"May",26,"460-120",460,120,0,0,4,1.113593167,6.69,132.3444969,340.3461105,0.631272614,125.9819915,8.070199311
2017,"May",26,"461-10",461,10,1,0,4,0.404903771,6.08,3.55417628,71.02932494,4.062563943,124.7750522,7.992885009
2017,"May",26,"461-20",461,20,1,0,4,1.192064781,6.47,5.494260622,98.30481217,6.078153462,136.9715628,8.774170913
2017,"May",26,"461-40",461,40,1,0,4,1.490971252,6.47,9.720739947,189.070299,0.051094822,1.354301834,0.08678007
2017,"May",-99,"461-60",461,60,1,0,4,-99,-99,-99,-99,-99,-99,-99
2017,"May",26,"461-80",461,80,1,0,4,2.136905327,6.51,24.64561143,209.0112015,0.049323144,2.442313117,0.15647606
2017,"May",-99,"461-100",461,100,1,0,4,-99,-99,-99,-99,-99,-99,-99
2017,"May",26,"461-120",461,120,1,0,4,1.05045636,6.45,33.77257251,250.6693511,0.035106051,2.53877292,0.162655097
2017,"May",26,"462-10",462,10,2,0,4,0.032278622,5.82,3.051467286,28.22514649,3.636157205,115.7101157,7.412201945
2017,"May",26,"462-20",462,20,2,0,4,1.071093859,6.58,7.024730228,94.8094241,6.653343731,146.4456192,9.38106144
2017,"May",26,"462-40",462,40,2,0,4,1.883056884,6.57,11.12832513,200.0608114,5.931334997,172.1579605,11.02814646
2017,"May",-99,"462-60",462,60,2,0,4,-99,-99,-99,-99,-99,-99,-99
2017,"May",26,"462-80",462,80,2,0,4,3.441901031,6.62,29.00614649,221.3857504,2.932227074,144.6760874,9.267708511
2017,"May",-99,"462-100",462,100,2,0,4,-99,-99,-99,-99,-99,-99,-99
2017,"May",26,"462-120",462,120,2,0,4,2.355227439,6.64,24.57113602,224.0728071,4.267807236,161.5198392,10.34668809
2017,"May",26,"463-10",463,10,3,0,4,0.491866181,6.33,4.730887705,58.70387782,3.590904554,102.5172243,6.567089729
2017,"May",26,"463-20",463,20,3,0,4,2.833369645,6.64,27.53898098,82.33356888,5.614288833,161.4706996,10.34354029
2017,"May",26,"463-40",463,40,3,0,4,2.221694347,6.73,10.7559481,121.9430511,4.297763568,175.6082877,11.24916804
2017,"May",26,"463-60",463,60,3,0,4,3.310543891,6.72,15.90219869,119.9030777,3.024348097,153.2709168,9.818277378
2017,"May",26,"463-80",463,80,3,0,4,2.778777174,6.69,33.31454876,151.3526665,1.985998129,138.540031,8.874644089
2017,"May",26,"463-100",463,100,3,0,4,2.805940643,6.75,25.51324992,127.326314,2.180970056,140.2004344,8.981006458
2017,"May",26,"463-120",463,120,3,0,4,2.075443956,6.68,31.30371278,155.5459451,2.391494074,139.7243554,8.950509719
2017,"May",-99,"610-10",610,10,0,1,3,-99,-99,-99,-99,-99,-99,-99
2017,"May",23,"610-20",610,20,0,1,3,0.200956859,6.44,17.03633038,22.24167308,8.365034311,182.1261551,11.66669057
2017,"May",23,"610-40",610,40,0,1,3,0.0922207,6.43,15.40233035,40.39289896,7.027869619,165.8348717,10.62310108
2017,"May",23,"610-60",610,60,0,1,3,0.110827101,6.73,6.432795756,45.83826672,4.275308796,103.5517207,6.63335766
2017,"May",23,"610-80",610,80,0,1,3,0.140368142,6.8,5.47995251,91.27892185,2.800121647,71.00114245,4.548227834
2017,"May",23,"610-100",610,100,0,1,3,0.059018174,6.66,12.10716165,73.69100988,3.569426076,91.26297602,5.846163408
2017,"May",23,"610-120",610,120,0,1,3,0.060060292,6.85,13.20166998,63.61394999,2.88312539,85.63847673,5.485868388
2017,"May",-99,"613-10",613,10,3,1,3,-99,-99,-99,-99,-99,-99,-99
2017,"May",23,"613-20",613,20,3,1,3,0.34574402,6.63,40.06758019,85.32738295,7.342963194,212.0889563,13.58605217
2017,"May",23,"613-40",613,40,3,1,3,0.545002078,6.65,36.29501955,237.6406695,5.348652527,222.6975402,14.26561843
2017,"May",23,"613-60",613,60,3,1,3,0.339744946,7.01,18.89156082,347.0933713,2.652551466,203.0342793,13.00602632
2017,"May",23,"613-80",613,80,3,1,3,0.530879127,6.91,32.3555658,436.7697964,1.227548347,176.894945,11.33158892
2017,"May",23,"613-100",613,100,3,1,3,0.322365077,6.83,48.25698651,323.4337531,3.186363069,189.0386911,12.10949483
2017,"May",23,"613-120",613,120,3,1,3,0.292778236,6.93,55.56147119,325.87882,1.226731129,142.1370691,9.105063694
2017,"May",-99,"620-10",620,10,0,1,3,-99,-99,-99,-99,-99,-99,-99
2017,"May",23,"620-20",620,20,0,1,3,0.115784428,6.7,13.12404528,28.29979265,7.49646912,174.3653822,11.16954981
2017,"May",23,"620-40",620,40,0,1,3,0.104241372,6.71,10.10444428,83.02614349,6.918618216,189.7277687,12.15363587
2017,"May",23,"620-60",620,60,0,1,3,0.202723301,6.68,11.90533742,191.9035353,6.317723019,211.1533117,13.52611651
2017,"May",23,"620-80",620,80,0,1,3,0.358061826,6.81,16.63656315,242.0274073,3.522523394,181.9710409,11.65675423
2017,"May",23,"620-100",620,100,0,1,3,0.204505271,6.82,13.53933745,189.8899508,3.062442296,148.5064852,9.513076704
2017,"May",23,"620-120",620,120,0,1,3,0.211791171,6.81,16.18245863,199.5983048,2.60341859,130.8509676,8.382096908
2017,"May",-99,"623-10",623,10,3,1,3,-99,-99,-99,-99,-99,-99,-99
2017,"May",24,"623-20",623,20,3,1,3,0.599413796,6.61,31.03066905,50.81470971,6.17231441,186.5356389,11.94915394
2017,"May",24,"623-40",623,40,3,1,3,0.767809739,6.62,16.50995562,159.971656,5.459750468,207.603402,13.29871586
2017,"May",24,"623-60",623,60,3,1,3,0.383864851,6.95,3.898681326,191.5931051,3.469703681,168.0112327,10.76251475
2017,"May",24,"623-80",623,80,3,1,3,0.883457203,6.6,42.4179439,245.3569742,3.717841547,175.4321862,11.2378873
2017,"May",24,"623-100",623,100,3,1,3,0.712845729,6.63,51.03898,270.9799751,2.4755864,161.1227927,10.32125402
2017,"May",24,"623-120",623,120,3,1,3,0.403351544,6.95,45.87778233,300.7500514,1.941412976,151.1457574,9.6821436
2017,"May",-99,"630-10",630,10,0,1,3,-99,-99,-99,-99,-99,-99,-99
2017,"May",24,"630-20",630,20,0,1,3,0.423827469,6.43,22.24643303,17.19377782,6.790876482,156.325622,10.01395614
2017,"May",24,"630-40",630,40,0,1,3,0.547394225,6.44,17.39531522,35.18912242,8.377963194,210.1381072,13.46108439
2017,"May",24,"630-60",630,60,0,1,3,0.456506709,6.63,14.60459648,63.92242985,7.066787274,202.4336784,12.96755294
2017,"May",24,"630-80",630,80,0,1,3,0.575182399,6.54,27.68099057,79.99234663,5.40540549,172.6030776,11.05665983
2017,"May",24,"630-100",630,100,0,1,3,0.449033462,6.54,24.2905121,84.87997109,4.691297567,154.2791848,9.88286516
2017,"May",24,"630-120",630,120,0,1,3,0.542895175,6.68,11.84243773,98.58013056,4.460009357,147.0232327,9.418062295
2017,"May",-99,"633-10",633,10,3,1,3,-99,-99,-99,-99,-99,-99,-99
2017,"May",25,"633-20",633,20,3,1,3,0.991701258,6.62,70.92368293,101.4957718,6.073390518,221.4332355,14.18462942
2017,"May",25,"633-40",633,40,3,1,3,0.662026436,6.77,36.46171066,198.3646392,5.518983157,225.004189,14.41337809
2017,"May",25,"633-60",633,60,3,1,3,0.142295525,6.94,11.69193156,236.13327,2.168802246,151.5423244,9.707546948
2017,"May",25,"633-80",633,80,3,1,3,0.884670355,6.75,95.41340647,223.2028104,1.129737991,271.721165,17.40598115
2017,"May",25,"633-100",633,100,3,1,3,1.10195768,6.69,180.5313747,321.5327467,0.362267623,289.7234499,18.55917421
2017,"May",25,"633-120",633,120,3,1,3,0.991701258,6.62,281.082675,352.2882468,5.842071117,189.87967,12.16336638
2017,"July",11,"310-10",310,10,0,0,3,0.061064706,6.02,8.784103025,62.67049262,7.550676856,159.7423272,10.23282396
2017,"July",11,"310-20",310,20,0,0,3,0.467087047,6.45,31.46149636,57.17389783,7.489451029,185.432945,11.87851741
2017,"July",11,"310-40",310,40,0,0,3,0.44470229,6.55,11.95574576,144.3260918,6.914266999,191.209086,12.24852631
2017,"July",11,"310-60",310,60,0,0,3,0.45416131,6.65,10.58422458,172.9990502,4.539257642,173.6210042,11.12186633
2017,"July",11,"310-80",310,80,0,0,3,0.450986157,6.59,20.28537225,333.7602818,3.037716781,151.6601693,9.715095871
2017,"July",11,"310-100",310,100,0,0,3,0.640485558,6.5,46.32653952,480.9783571,7.474716157,286.2342906,18.33566512
2017,"July",11,"310-120",310,120,0,0,3,0.677461661,6.61,86.02380132,303.0177293,4.186375546,243.3469224,15.58837966
2017,"July",11,"311-10",311,10,1,0,3,0.417490947,6.32,31.42602599,79.84026816,10.13411104,262.395859,16.80861929
2017,"July",11,"311-20",311,20,1,0,3,0.62276135,6.36,30.21116563,84.43020814,10.02020898,299.7613117,19.20218107
2017,"July",11,"311-40",311,40,1,0,3,0.564501025,6.41,19.10893813,99.78667406,12.32294448,332.0433258,21.27010717
2017,"July",-99,"311-60",311,60,1,0,3,-99,-99,-99,-99,-99,-99,-99
2017,"July",11,"311-80",311,80,1,0,3,0.601294232,6.51,20.67554638,201.6153428,6.098390518,206.3884175,13.22088621
2017,"July",-99,"311-100",311,100,1,0,3,-99,-99,-99,-99,-99,-99,-99
2017,"July",11,"311-120",311,120,1,0,3,0.097025784,6.49,25.06204947,155.7726088,7.097526513,264.3504062,16.93382397
2017,"July",11,"312-10",312,10,2,0,3,0.087333994,6.41,25.04431428,19.94438457,11.33923269,252.3196079,16.16315329
2017,"July",11,"312-20",312,20,2,0,3,0.644994876,6.55,38.22747047,97.35003923,3.662442296,187.558488,12.01467576
2017,"July",11,"312-40",312,40,2,0,3,0.663351865,6.49,21.36130697,220.4567631,9.440174672,307.4885585,19.69717421
2017,"July",-99,"312-60",312,60,2,0,3,-99,-99,-99,-99,-99,-99,-99
2017,"July",11,"312-80",312,80,2,0,3,0.435440278,6.49,28.59726355,256.3546271,4.517495321,244.7793089,15.68013569
2017,"July",-99,"312-100",312,100,2,0,3,-99,-99,-99,-99,-99,-99,-99
2017,"July",11,"312-120",312,120,2,0,3,0.370552185,6.43,64.93370728,230.0376516,3.697510917,207.8762962,13.31619696
2017,"July",11,"313-10",313,10,3,0,3,0.682231307,6.48,76.26944809,20.94171357,6.132632564,196.740897,12.60288389
2017,"July",11,"313-20",313,20,3,0,3,0.63156128,6.49,198.1811283,143.9229941,2.567192764,184.3303216,11.80788539
2017,"July",11,"313-40",313,40,3,0,3,0.67272536,6.68,142.9005483,253.3013791,7.825673737,338.7694612,21.70097096
2017,"July",11,"313-60",313,60,3,0,3,0.752642194,6.77,64.87163413,499.4860283,0.376228946,133.8993061,8.577367833
2017,"July",11,"313-80",313,80,3,0,3,0.234854783,6.44,192.2693991,361.6803676,1.493159701,216.1176417,13.84412231
2017,"July",11,"313-100",313,100,3,0,3,0.701648071,6.54,324.1541666,393.7868918,0.027816594,126.3214076,8.091941677
2017,"July",11,"313-120",313,120,3,0,3,0.45416131,6.46,251.6231606,401.9338342,0.049469744,112.1829817,7.186260267
2017,"July",12,"320-10",320,10,0,0,3,0.58489482,6.4,44.92059884,44.53857328,4.736712414,154.7540959,9.913287089
2017,"July",12,"320-20",320,20,0,0,3,0.781190805,6.46,37.65741815,-99,4.476431691,158.0866996,10.12676751
2017,"July",12,"320-40",320,40,0,0,3,0.417847677,6.39,26.0613005,247.9712649,5.002891454,175.7845783,11.26046088
2017,"July",12,"320-60",320,60,0,0,3,0.401822542,6.67,6.493827421,217.7672845,4.30316282,171.3335825,10.97533833
2017,"July",12,"320-80",320,80,0,0,3,0.589487383,6.47,30.52494741,244.9175537,3.195879601,152.9293004,9.796394066
2017,"July",12,"320-100",320,100,0,0,3,0.562463156,6.5,38.50020463,223.3194868,2.052747973,141.016598,9.033288389
2017,"July",12,"320-120",320,120,0,0,3,0.335667502,6.32,61.64171667,231.9809223,1.941313163,149.6655289,9.587322901
2017,"July",12,"321-10",321,10,1,0,3,0.280404059,6.2,28.94862455,12.22475599,10.41995633,241.9797715,15.5008025
2017,"July",12,"321-20",321,20,1,0,3,0.673316224,6.4,36.50639032,37.87593052,8.270979414,267.3859661,17.12827633
2017,"July",12,"321-40",321,40,1,0,3,0.562463156,6.44,12.06948426,101.9352767,8.58635995,274.1930409,17.56432494
2017,"July",-99,"321-60",321,60,1,0,3,-99,-99,-99,-99,-99,-99,-99
2017,"July",12,"321-80",321,80,1,0,3,0.733809297,6.46,28.21898996,180.3007129,5.439460387,291.8773286,18.6971477
2017,"July",-99,"321-100",321,100,1,0,3,-99,-99,-99,-99,-99,-99,-99
2017,"July",12,"321-120",321,120,1,0,3,0.066494281,6.59,22.80720827,198.7717006,3.730355583,213.6856812,13.68833542
2017,"July",12,"322-10",322,10,2,0,3,0.589487383,6.33,77.41274881,55.66696661,9.397398628,253.7182059,16.25274489
2017,"July",12,"322-20",322,20,2,0,3,0.678603067,6.49,19.77161624,98.24107918,7.365430443,246.3365106,15.77988715
2017,"July",12,"322-40",322,40,2,0,3,0.23060346,6.62,7.215658432,176.4853942,6.372766687,246.7391001,15.80567629
2017,"July",-99,"322-60",322,60,2,0,3,-99,-99,-99,-99,-99,-99,-99
2017,"July",12,"322-80",322,80,2,0,3,0.41459232,6.68,11.91731448,305.9639897,3.9454398,223.022708,14.28644809
2017,"July",-99,"322-100",322,100,2,0,3,-99,-99,-99,-99,-99,-99,-99
2017,"July",12,"322-120",322,120,2,0,3,0.617810022,6.8,15.17140671,213.0034452,3.731447286,231.6584767,14.83963945
2017,"July",12,"323-10",323,10,3,0,3,0.678603067,6.42,49.07015171,49.48978384,7.072326887,200.0955458,12.81777649
2017,"July",12,"323-20",323,20,3,0,3,1.288689907,6.47,40.01019707,86.97680472,5.040380536,172.772756,11.06752912
2017,"July",12,"323-40",323,40,3,0,3,0.520147707,6.49,19.17074069,177.3332428,7.007208359,209.3051763,13.40772838
2017,"July",12,"323-60",323,60,3,0,3,0.307996064,6.75,4.718513313,277.8033036,5.248680599,196.2641241,12.5723427
2017,"July",12,"323-80",323,80,3,0,3,0.812345574,6.54,14.51200433,233.7151756,4.342386151,183.5334443,11.7568389
2017,"July",12,"323-100",323,100,3,0,3,0.49630226,6.51,12.0889932,262.0575436,4.009638178,169.6166516,10.86535491
2017,"July",12,"323-120",323,120,3,0,3,0.441362231,6.61,11.30863535,262.2997861,3.950564566,158.9437433,10.18166815
2017,"July",12,"330-10",330,10,0,0,3,0.004406724,6.01,16.59946158,14.1223845,5.701862133,137.6016841,8.814535318
2017,"July",12,"330-20",330,20,0,0,3,0.627550135,6.41,34.69596011,17.51377896,5.048583905,147.9067165,9.474656632
2017,"July",12,"330-40",330,40,0,0,3,0.642448981,6.42,21.34013551,44.5563612,5.980106051,177.004866,11.33863026
2017,"July",12,"330-60",330,60,0,0,3,0.437923677,6.68,16.71651525,50.32325116,5.699847162,172.4755515,11.04849075
2017,"July",12,"330-80",330,80,0,0,3,0.549419237,6.48,4.843370569,189.5603732,4.053836556,146.4460141,9.381086738
2017,"July",12,"330-100",330,100,0,0,3,0.417847677,6.47,5.530085476,129.1743812,3.544660012,142.5628152,9.132336203
2017,"July",12,"330-120",330,120,0,0,3,0.431126729,6.6,33.91170047,300.3512015,2.54492514,135.685024,8.691757619
2017,"July",13,"331-10",331,10,1,0,3,0.183958805,6.27,50.9320556,21.48880134,8.963237679,217.9300621,13.9602226
2017,"July",13,"331-20",331,20,1,0,3,0.343775744,6.28,28.9158449,20.21343144,8.062710543,209.7603583,13.43688649
2017,"July",13,"331-40",331,40,1,0,3,0.198913799,6.42,17.07398317,62.57789233,8.095648784,233.0901495,14.93134976
2017,"July",-99,"331-60",331,60,1,0,3,-99,-99,-99,-99,-99,-99,-99
2017,"July",13,"331-80",331,80,1,0,3,0.171463104,6.45,22.16655996,174.9767957,4.939366812,205.9020621,13.18973118
2017,"July",-99,"331-100",331,100,1,0,3,-99,-99,-99,-99,-99,-99,-99
2017,"July",13,"331-120",331,120,1,0,3,0.093197636,6.21,379.306017,196.2699279,3.142233313,156.0838872,9.998471057
2017,"July",13,"332-10",332,10,2,0,3,0.210099948,6.39,19.50862384,13.86430742,9.122551466,222.2152948,14.23472669
2017,"July",13,"332-20",332,20,2,0,3,0.392627391,6.38,31.58818718,25.3703619,7.880795384,232.8978307,14.91903018
2017,"July",13,"332-40",332,40,2,0,3,0.013733106,6.34,6.069479364,63.7423605,7.190336868,243.4090465,15.59235921
2017,"July",-99,"332-60",332,60,2,0,3,-99,-99,-99,-99,-99,-99,-99
2017,"July",13,"332-80",332,80,2,0,3,0.657677798,6.45,55.36555067,237.1372154,3.567735496,184.4996812,11.81873426
2017,"July",-99,"332-100",332,100,2,0,3,-99,-99,-99,-99,-99,-99,-99
2017,"July",13,"332-120",332,120,2,0,3,0.405096347,6.44,83.29909069,324.9159348,1.671054273,168.0974499,10.76803766
2017,"July",13,"333-10",333,10,3,0,3,0.657677798,6.46,28.68894792,17.32998647,6.33808796,177.4277123,11.36571701
2017,"July",13,"333-20",333,20,3,0,3,1.136641478,6.45,5.095262941,35.51787017,6.063593263,183.0426883,11.72540198
2017,"July",13,"333-40",333,40,3,0,3,0.488680177,6.78,5.084458323,140.6527103,4.205018715,176.6127645,11.31351296
2017,"July",13,"333-60",333,60,3,0,3,0.178296512,6.56,20.4450241,168.4890445,3.578730505,157.9986432,10.12112678
2017,"July",13,"333-80",333,80,3,0,3,1.084568287,6.52,59.35965793,207.2491992,2.377461011,145.7108632,9.333994331
2017,"July",13,"333-100",333,100,3,0,3,0.878227853,6.54,93.62470431,240.4642673,2.010165315,149.3447052,9.566771529
2017,"July",13,"333-120",333,120,3,0,3,1.26807682,6.55,193.4053549,309.1678891,1.422476606,170.1957123,10.90244847
2017,"July",13,"440-10",440,10,0,0,4,0.216772246,6.35,12.74493275,21.26699787,7.615474111,182.8161185,11.71088834
2017,"July",13,"440-20",440,20,0,0,4,0.598797507,6.43,60.9731476,19.60325209,5.439766064,151.8215684,9.725434802
2017,"July",13,"440-40",440,40,0,0,4,0.049871249,6.15,124.2630005,196.5323122,5.105679975,174.8364429,11.19972508
2017,"July",13,"440-60",440,60,0,0,4,1.248408444,6.6,280.3681266,259.5701791,2.548134747,163.2926262,10.46024955
2017,"July",13,"440-80",440,80,0,0,4,0.377579519,6.59,97.04616679,277.3852284,1.272061759,168.5892017,10.79953837
2017,"July",13,"440-100",440,100,0,0,4,1.163608271,6.69,226.3630425,428.9025208,1.53125078,185.0535797,11.85421597
2017,"July",13,"440-120",440,120,0,0,4,1.371165556,6.71,269.1205189,437.4227618,0.212245789,164.5256276,10.53923333
2017,"July",13,"441-10",441,10,1,0,4,0.594135565,6.73,28.73576793,33.03901672,4.279388646,148.2523075,9.49679455
2017,"July",13,"441-20",441,20,1,0,4,0.63247158,6.63,23.32625567,66.82207013,7.795714286,221.0922059,14.16278369
2017,"July",13,"441-40",441,40,1,0,4,0.878227853,6.63,84.75411263,132.3623854,9.463995633,273.2267729,17.5024276
2017,"July",-99,"441-60",441,60,1,0,4,-99,-99,-99,-99,-99,-99,-99
2017,"July",13,"441-80",441,80,1,0,4,0.589509919,7,88.1107474,390.7103917,0.089862757,208.8764316,13.38026379
2017,"July",-99,"441-100",441,100,1,0,4,-99,-99,-99,-99,-99,-99,-99
2017,"July",13,"441-120",441,120,1,0,4,1.127792149,6.85,218.3208049,545.9083519,0.149840923,127.9219041,8.194466521
2017,"July",13,"442-10",442,10,2,0,4,0.63247158,6.4,4.821545943,28.80868729,5.816381784,177.1654894,11.3489195
2017,"July",13,"442-20",442,20,2,0,4,0.831469216,6.47,10.66324294,21.71841682,8.692089832,252.7558815,16.19110017
2017,"July",13,"442-40",442,40,2,0,4,0.063049732,6.53,17.49896483,154.9440031,6.935252651,240.3827842,15.39850245
2017,"July",-99,"442-60",442,60,2,0,4,-99,-99,-99,-99,-99,-99,-99
2017,"July",13,"442-80",442,80,2,0,4,1.059433257,6.59,81.56314867,243.6617571,2.052286338,138.8364513,8.893632225
2017,"July",-99,"442-100",442,100,2,0,4,-99,-99,-99,-99,-99,-99,-99
2017,"July",13,"442-120",442,120,2,0,4,0.451939594,6.98,76.42735341,436.3502839,0.805305677,125.5055938,8.039682153
2017,"July",13,"443-10",443,10,3,0,4,0.330600165,6.66,4.452388148,17.72641579,7.484248284,205.7144288,13.17771174
2017,"July",13,"443-20",443,20,3,0,4,1.127792149,6.52,36.05049457,54.90564917,4.722835309,172.032488,11.02010892
2017,"July",13,"443-40",443,40,3,0,4,0.203633024,6.41,5.246527598,119.0159939,3.910408609,166.7098928,10.67915332
2017,"July",13,"443-60",443,60,3,0,4,0.398813142,6.54,8.639177766,149.9391063,3.992099189,179.5814781,11.50368326
2017,"July",13,"443-80",443,80,3,0,4,0.885118952,6.48,31.91952881,206.0058669,3.327476606,153.5951791,9.839049024
2017,"July",13,"443-100",443,100,3,0,4,0.98746953,6.56,29.38224426,215.8964963,3.262283219,144.9106093,9.282731548
2017,"July",13,"443-120",443,120,3,0,4,0.711143938,6.49,42.21633011,279.8280947,2.918081722,141.5589929,9.068033204
2017,"July",14,"450-10",450,10,0,0,4,0.040596665,6.25,4.560300554,24.93585047,11.10984404,215.8060226,13.82416056
2017,"July",14,"450-20",450,20,0,0,4,0.212000467,6.39,46.16702613,64.31962173,4.215137243,126.7449591,8.119073602
2017,"July",14,"450-40",450,40,0,0,4,0.388045378,6.52,21.73745527,135.5202369,5.054507174,145.7421664,9.335999559
2017,"July",14,"450-60",450,60,0,0,4,0.582131053,6.54,47.57711798,349.7179036,3.842551466,150.5695317,9.645231649
2017,"July",14,"450-80",450,80,0,0,4,0.623635797,6.78,127.1553451,478.7727425,0.542230193,140.8099944,9.02005374
2017,"July",14,"450-100",450,100,0,0,4,0.663006737,6.76,98.38370115,464.4134553,0.119529008,133.2077094,8.533065433
2017,"July",14,"450-120",450,120,0,0,4,0.382151693,6.59,138.1836338,436.6792543,0.250686213,123.4271058,7.906538056
2017,"July",14,"451-10",451,10,1,0,4,0.167229372,6.66,4.639640761,91.94665826,6.09437617,163.5517941,10.47685136
2017,"July",14,"451-20",451,20,1,0,4,0.507224506,6.56,9.966253717,160.5619692,4.410524017,146.6838731,9.396323543
2017,"July",14,"451-40",451,40,1,0,4,0.853471314,6.58,53.00831576,326.3869041,5.676272614,192.7384795,12.34649643
2017,"July",-99,"451-60",451,60,1,0,4,-99,-99,-99,-99,-99,-99,-99
2017,"July",14,"451-80",451,80,1,0,4,0.535135511,6.63,24.61173457,320.4251554,1.526946351,162.0865896,10.38299307
2017,"July",-99,"451-100",451,100,1,0,4,-99,-99,-99,-99,-99,-99,-99
2017,"July",14,"451-120",451,120,1,0,4,0.455693824,6.63,78.54864951,379.15942,1.072064878,138.8980451,8.89757781
2017,"July",14,"452-10",452,10,2,0,4,0.928423072,6.59,8.033237776,244.6888669,2.297429819,139.8475966,8.958404321
2017,"July",14,"452-20",452,20,2,0,4,0.790597244,6.63,9.692169367,138.2606131,3.646366188,146.6768011,9.395870528
2017,"July",14,"452-40",452,40,2,0,4,2.105454165,6.46,8.476821658,191.1435318,5.03099189,174.3118843,11.16612283
2017,"July",-99,"452-60",452,60,2,0,4,-99,-99,-99,-99,-99,-99,-99
2017,"July",14,"452-80",452,80,2,0,4,0.821432936,6.61,23.14394075,223.9331494,3.396606363,154.2450155,9.880676341
2017,"July",-99,"452-100",452,100,2,0,4,-99,-99,-99,-99,-99,-99,-99
2017,"July",14,"452-120",452,120,2,0,4,0.957280864,6.68,47.0541939,319.045121,2.901010605,152.8772243,9.793058163
2017,"July",14,"453-10",453,10,3,0,4,0.949983395,6.53,8.22798192,195.6700446,2.776940112,149.0858618,9.550190497
2017,"July",14,"453-20",453,20,3,0,4,0.935554921,6.53,45.53951723,177.1775835,1.213945727,62.97360226,4.033998459
2017,"July",14,"453-40",453,40,3,0,4,0.737980739,6.65,13.26969141,355.7540364,4.881269495,193.1734386,12.37435911
2017,"July",14,"453-60",453,60,3,0,4,0.987035631,6.55,24.63697918,415.5371271,3.789073612,198.9196361,12.74244989
2017,"July",14,"453-80",453,80,3,0,4,0.704863217,6.63,15.05484605,287.2491282,3.086097941,177.365622,11.36173962
2017,"July",14,"453-100",453,100,3,0,4,0.900435215,6.68,26.31754901,355.8644391,3.034893949,166.2752243,10.65130926
2017,"July",14,"453-120",453,120,3,0,4,0.647959486,6.62,31.28713104,364.5310552,2.737461011,176.1484288,11.28376847
2017,"July",14,"460-10",460,10,0,0,4,0.131913213,6.67,28.54989391,22.4481253,4.107741734,153.6552835,9.842899199
2017,"July",14,"460-20",460,20,0,0,4,0.568919313,6.48,19.99918347,97.57719866,3.927669994,143.0168068,9.161418061
2017,"July",14,"460-40",460,40,0,0,4,0.715733878,6.69,44.06451066,341.5120812,2.782376794,176.1567983,11.28430461
2017,"July",14,"460-60",460,60,0,0,4,0.772654266,6.65,46.72240758,463.7831301,2.104688085,176.7132214,11.31994805
2017,"July",14,"460-80",460,80,0,0,4,0.834101379,6.72,81.72947052,442.3097947,0.013038054,3.17022567,0.203104792
2017,"July",14,"460-100",460,100,0,0,4,0.866633864,6.63,114.6268052,449.6990841,0.822813475,135.574457,8.684674902
2017,"July",14,"460-120",460,120,0,0,4,0.586602797,6.64,76.13598596,350.3719022,0.949978166,156.1034866,9.99972656
2017,"July",14,"461-10",461,10,1,0,4,0.325420689,6.52,5.061586404,45.41189791,5.317651279,169.9704965,10.88802156
2017,"July",14,"461-20",461,20,1,0,4,0.678403424,6.51,7.01263421,109.6110987,6.169454148,168.5853089,10.799289
2017,"July",14,"461-40",461,40,1,0,4,0.303763012,6.41,9.428904137,201.8525988,5.87577355,161.5427221,10.34815393
2017,"July",-99,"461-60",461,60,1,0,4,-99,-99,-99,-99,-99,-99,-99
2017,"July",14,"461-80",461,80,1,0,4,0.281385205,6.42,17.65143463,251.0370252,4.244681847,164.7165726,10.55146492
2017,"July",-99,"461-100",461,100,1,0,4,-99,-99,-99,-99,-99,-99,-99
2017,"July",14,"461-120",461,120,1,0,4,0.063276934,6.23,19.01464363,183.1680858,2.744388646,156.7554753,10.04149175
2017,"July",14,"462-10",462,10,2,0,4,0.223666201,6.44,3.997706362,30.80963974,10.78966001,217.912536,13.95909992
2017,"July",14,"462-20",462,20,2,0,4,0.749362151,6.53,11.20323966,122.72268,7.226375546,183.507275,11.75516255
2017,"July",14,"462-40",462,40,2,0,4,0.551768907,6.56,12.25990696,187.9359092,8.328300062,205.1032835,13.1385629
2017,"July",-99,"462-60",462,60,2,0,4,-99,-99,-99,-99,-99,-99,-99
2017,"July",14,"462-80",462,80,2,0,4,0.678403424,6.71,19.99918347,238.898644,3.792944479,149.4631086,9.57435623
2017,"July",-99,"462-100",462,100,2,0,4,-99,-99,-99,-99,-99,-99,-99
2017,"July",14,"462-120",462,120,2,0,4,0.010084126,6.64,25.80003448,227.2969403,3.141936993,150.8757743,9.664848983
2017,"July",14,"463-10",463,10,3,0,4,0.403180325,6.79,5.328458008,87.75864165,5.604678727,158.4480423,10.14991446
2017,"July",14,"463-20",463,20,3,0,4,0.994617723,6.6,35.29741784,191.3263614,3.7102932,149.1325755,9.553182889
2017,"July",14,"463-40",463,40,3,0,4,0.76091909,6.69,13.48607379,196.7298946,3.718792888,171.3170578,10.97427979
2017,"July",14,"463-60",463,60,3,0,4,0.466276183,6.78,13.23723405,156.1504198,3.201266376,167.3658815,10.72117474
2017,"July",14,"463-80",463,80,3,0,4,1.009957085,6.7,23.0032922,172.4139952,2.423374922,147.9747306,9.479013489
2017,"July",14,"463-100",463,100,3,0,4,0.928423072,6.67,30.50454809,200.1733226,2.469884591,136.9163441,8.770633711
2017,"July",14,"463-120",463,120,3,0,4,0.853471314,6.64,20.86290981,219.4035437,1.768783531,132.9555176,8.516910492
2017,"July",-99,"610-10",610,10,0,1,3,-99,-99,-99,-99,-99,-99,-99
2017,"July",11,"610-20",610,20,0,1,3,0.423390304,6.38,11.86115809,48.39067932,6.445386775,153.4231791,9.828031022
2017,"July",11,"610-40",610,40,0,1,3,0.022707754,6.49,6.972158015,62.84049042,8.739014348,201.3645924,12.89906926
2017,"July",11,"610-60",610,60,0,1,3,0.050173735,6.74,3.646810321,64.65380003,7.948222084,190.8861975,12.22784267
2017,"July",11,"610-80",610,80,0,1,3,0.16192448,6.67,9.313202791,103.9232866,6.108178415,172.0552327,11.02156591
2017,"July",11,"610-100",610,100,0,1,3,0.157443531,6.81,7.451008083,117.43811,5.434965689,153.5660056,9.837180224
2017,"July",11,"610-120",610,120,0,1,3,0.050526982,6.8,7.687477252,58.47721413,4.746406737,139.6839633,8.947922276
2017,"July",-99,"613-10",613,10,3,1,3,-99,-99,-99,-99,-99,-99,-99
2017,"July",11,"613-20",613,20,3,1,3,0.420430278,6.72,40.19016458,64.74858957,7.367785402,230.6371961,14.7742181
2017,"July",11,"613-40",613,40,3,1,3,0.447833202,6.73,15.08896225,118.8825618,5.873549595,240.1119774,15.38115507
2017,"July",11,"613-60",613,60,3,1,3,0.508113689,7.9,15.87522224,93.17586525,2.417635683,177.4254725,11.36557353
2017,"July",11,"613-80",613,80,3,1,3,0.214382541,6.9,6.375073362,100.3382062,2.729366812,172.7708604,11.06740769
2017,"July",11,"613-100",613,100,3,1,3,0.058959753,6.68,36.40665787,252.8016809,3.856924517,195.8620113,12.5465841
2017,"July",11,"613-120",613,120,3,1,3,0.515293591,6.78,42.844531,80.51684406,1.777956956,148.4702031,9.510752541
2017,"July",-99,"620-10",620,10,0,1,3,-99,-99,-99,-99,-99,-99,-99
2017,"July",11,"620-20",620,20,0,1,3,0.375788273,6.43,16.96889215,19.44261896,7.030489707,171.7912496,11.00465564
2017,"July",11,"620-40",620,40,0,1,3,0.285833575,6.62,7.586977855,83.90368745,7.495817218,211.2294443,13.53099343
2017,"July",11,"620-60",620,60,0,1,3,0.070758015,6.85,6.144515922,46.59288811,6.606603244,192.9842144,12.36223775
2017,"July",11,"620-80",620,80,0,1,3,0.148850206,6.92,7.294347258,47.20363036,4.187333125,163.5306121,10.47549448
2017,"July",11,"620-100",620,100,0,1,3,0.058547551,7.04,6.753424033,58.53012301,3.793699314,155.7769111,9.978806741
2017,"July",11,"620-120",620,120,0,1,3,0.147809557,6.81,9.265908957,139.8143645,3.428038054,170.0986319,10.89622968
2017,"July",-99,"623-10",623,10,3,1,3,-99,-99,-99,-99,-99,-99,-99
2017,"July",12,"623-20",623,20,3,1,3,0.949894998,6.55,36.24887223,101.6930342,4.072111666,184.2346827,11.80175894
2017,"July",12,"623-40",623,40,3,1,3,0.65257754,6.59,20.12862995,241.527495,5.449728634,205.4238138,13.15909548
2017,"July",12,"623-60",623,60,3,1,3,0.054258662,6.7,18.59717767,234.4116227,8.496830942,270.9548999,17.35689562
2017,"July",12,"623-80",623,80,3,1,3,0.434511913,6.72,38.45728495,230.8082661,3.230867124,160.6228293,10.2892273
2017,"July",12,"623-100",623,100,3,1,3,0.434511913,6.64,34.97298715,184.1160317,2.845165315,156.222787,10.00736872
2017,"July",12,"623-120",623,120,3,1,3,0.330457656,6.58,89.76581357,224.0860378,1.955910792,138.9370719,8.900077794
2017,"July",-99,"630-10",630,10,0,1,3,-99,-99,-99,-99,-99,-99,-99
2017,"July",12,"630-20",630,20,0,1,3,0.261344668,6.36,17.97289139,41.73802508,9.160848409,191.1969196,12.24774696
2017,"July",12,"630-40",630,40,0,1,3,0.340959484,6.47,10.65313476,64.75105891,7.335324392,180.9817461,11.59338184
2017,"July",12,"630-60",630,60,0,1,3,0.214929073,6.6,9.849366175,89.94427487,7.235558328,185.9347306,11.91066086
2017,"July",12,"630-80",630,80,0,1,3,0.434511913,6.5,20.60269735,122.4047647,5.107289457,159.1555261,10.19523456
2017,"July",12,"630-100",630,100,0,1,3,0.408157494,6.51,21.19576931,82.25307672,4.636955708,150.466189,9.638611705
2017,"July",12,"630-120",630,120,0,1,3,0.357341297,6.6,21.13724247,125.3116742,4.203774173,140.8499774,9.022614982
2017,"July",-99,"633-10",633,10,3,1,3,-99,-99,-99,-99,-99,-99,-99
2017,"July",13,"633-20",633,20,3,1,3,1.051185033,6.65,88.28722284,98.17734765,6.418852152,251.3361298,16.1001535
2017,"July",13,"633-40",633,40,3,1,3,0.401942467,6.85,30.5581469,128.841676,4.120177792,188.7431255,12.09056145
2017,"July",13,"633-60",633,60,3,1,3,0.161070207,7.2,11.77251709,194.8282054,2.190402371,193.6706516,12.40620965
2017,"July",13,"633-80",633,80,3,1,3,0.824995808,6.73,78.72513558,290.5363985,0.463502807,142.0114894,9.097019291
2017,"July",13,"633-100",633,100,3,1,3,0.56250258,6.81,93.56707968,394.1186143,0.173300062,167.1818449,10.70938569
2017,"July",13,"633-120",633,120,3,1,3,0.411478543,6.6,247.129519,183.1280729,0.405995009,141.0418477,9.034905835
2017,"September",14,"310-10",310,10,0,0,3,0.813519925,6.71,38.06871964,27.15430846,4.306547099,279.1609365,17.88255915
2017,"September",14,"310-20",310,20,0,0,3,0.990263354,6.5,47.64010105,35.20663246,9.91146912,368.7639859,23.62236472
2017,"September",14,"310-40",310,40,0,0,3,0.866344452,6.65,9.837050228,96.76453033,13.79866812,380.0088434,24.34268949
2017,"September",14,"310-60",310,60,0,0,3,0.603374252,6.63,15.96218293,85.8515123,9.545673737,308.4438195,19.75836645
2017,"September",14,"310-80",310,80,0,0,3,0.304407695,6.48,11.44070463,246.2622823,8.935299439,333.2395035,21.3467321
2017,"September",14,"310-100",310,100,0,0,3,0.549038965,6.27,46.90030633,247.5866777,9.320888958,350.0294217,22.4222632
2017,"September",14,"310-120",310,120,0,0,3,1.335156359,6.368,108.3905733,341.1419683,5.349266999,325.2334245,20.83387749
2017,"September",14,"311-10",311,10,1,0,3,0.002675745,6.87,2.613712936,17.96300443,11.2926544,226.8011114,14.52848562
2017,"September",14,"311-20",311,20,1,0,3,2.261295223,6.51,36.96592006,80.65988235,7.767002495,462.886835,29.65170031
2017,"September",14,"311-40",311,40,1,0,3,0.020837141,6.43,29.54040284,118.0078325,12.935131,482.5167278,30.90915493
2017,"September",-99,"311-60",311,60,1,0,3,-99,-99,-99,-99,-99,-99,-99
2017,"September",14,"311-80",311,80,1,0,3,0.608137905,6.49,19.17868173,183.3095857,8.858427948,308.0030437,19.73013118
2017,"September",-99,"311-100",311,100,1,0,3,-99,-99,-99,-99,-99,-99,-99
2017,"September",14,"311-120",311,120,1,0,3,0.426887609,6.46,17.44636737,286.7326818,11.89492202,473.736031,30.34667974
2017,"September",14,"312-10",312,10,2,0,3,0.008568586,6.76,7.098431255,47.64180963,15.4383219,341.4110945,21.8701891
2017,"September",14,"312-20",312,20,2,0,3,2.862966601,6.78,70.28884756,226.645521,9.603296943,475.0644034,30.43177281
2017,"September",14,"312-40",312,40,2,0,3,0.248117737,6.62,16.23328783,239.1088902,9.40904242,467.5159267,29.94823136
2017,"September",-99,"312-60",312,60,2,0,3,-99,-99,-99,-99,-99,-99,-99
2017,"September",14,"312-80",312,80,2,0,3,0.519632209,6.57,37.80680474,315.7757624,6.664834685,386.3719408,24.75029774
2017,"September",-99,"312-100",312,100,2,0,3,-99,-99,-99,-99,-99,-99,-99
2017,"September",14,"312-120",312,120,2,0,3,1.467289248,6.61,112.6501367,472.2539348,5.346559576,389.506787,24.95111019
2017,"September",14,"313-10",313,10,3,0,3,1.650993044,6.75,140.1006564,174.7910444,11.23883968,417.4423611,26.74061138
2017,"September",14,"313-20",313,20,3,0,3,2.58474304,6.67,199.854014,323.9226896,3.845505303,482.6522313,30.91783503
2017,"September",14,"313-40",313,40,3,0,3,2.646447459,6.77,255.2007682,485.8321467,3.269906425,450.3102426,28.84606707
2017,"September",14,"313-60",313,60,3,0,3,1.902044412,6.85,115.3611857,601.1153453,1.081088584,388.5619295,24.89058436
2017,"September",14,"313-80",313,80,3,0,3,1.071281767,6.52,272.8409666,508.2305863,0.272520274,288.6787024,18.49224962
2017,"September",14,"313-100",313,100,3,0,3,0.974810294,6.56,231.3848922,500.87637,0.844775421,196.482,12.58629943
2017,"September",14,"313-120",313,120,3,0,3,1.131907186,6.6,293.0221991,500.6748846,0.320745477,223.226677,14.29951396
2017,"September",15,"320-10",320,10,0,0,3,1.176302388,6.65,35.66495152,49.39510678,6.444444791,374.8827757,24.01432308
2017,"September",15,"320-20",320,20,0,0,3,2.052678341,6.47,53.98827188,107.744688,7.308134747,376.2036869,24.0989382
2017,"September",15,"320-40",320,40,0,0,3,0.255886846,6.45,10.98392702,141.178998,12.14227074,422.6830155,27.07631801
2017,"September",15,"320-60",320,60,0,0,3,1.15849528,6.68,13.89879905,317.9198795,6.994756706,322.6199831,20.66646527
2017,"September",15,"320-80",320,80,0,0,3,1.269528718,6.52,33.14937703,457.1419802,5.082014972,269.2729845,17.24915523
2017,"September",15,"320-100",320,100,0,0,3,0.92156,6.49,50.89593428,270.4233204,3.615015596,218.085481,13.97017845
2017,"September",15,"320-120",320,120,0,0,3,0.92156,6.41,68.69129457,400.601236,4.601980661,372.9642906,23.89142847
2017,"September",15,"321-10",321,10,1,0,3,0.004291663,6.368,4.679462561,21.44565739,12.23599501,240.6070945,15.41287135
2017,"September",15,"321-20",321,20,1,0,3,1.512957388,6.52,40.29680296,74.13532921,8.220842171,383.4175402,24.5610443
2017,"September",15,"321-40",321,40,1,0,3,0.767409364,6.51,22.35947022,128.0503422,9.922963194,395.8277602,25.35602004
2017,"September",-99,"321-60",321,60,1,0,3,-99,-99,-99,-99,-99,-99,-99
2017,"September",15,"321-80",321,80,1,0,3,0.170802075,6.4,26.77392634,258.5783554,8.711731129,408.3384457,26.15743141
2017,"September",-99,"321-100",321,100,1,0,3,-99,-99,-99,-99,-99,-99,-99
2017,"September",15,"321-120",321,120,1,0,3,0.097135698,6.62,17.95388739,260.2704932,6.592698066,385.8838533,24.71903176
2017,"September",15,"322-10",322,10,2,0,3,1.467497183,6.73,99.07340058,88.48932618,3.690246413,345.9083385,22.15827423
2017,"September",15,"322-20",322,20,2,0,3,1.15849528,6.55,52.5907305,167.6113583,4.716993138,342.008914,21.90848431
2017,"September",15,"322-40",322,40,2,0,3,0.008461069,6.25,15.11887486,412.0377539,6.421263256,333.0258195,21.3330439
2017,"September",-99,"322-60",322,60,2,0,3,-99,-99,-99,-99,-99,-99,-99
2017,"September",15,"322-80",322,80,2,0,3,1.490053927,6.52,29.49358624,481.0653085,4.557707424,271.9382285,17.41988583
2017,"September",-99,"322-100",322,100,2,0,3,-99,-99,-99,-99,-99,-99,-99
2017,"September",15,"322-120",322,120,2,0,3,0.668967012,6.6,16.11268207,221.4096722,4.483630692,272.7231932,17.47016922
2017,"September",15,"323-10",323,10,3,0,3,1.025407731,6.65,82.36945357,66.25813575,6.216381784,241.556787,15.4737069
2017,"September",15,"323-20",323,20,3,0,3,2.18182413,6.57,40.26574649,217.383551,3.812607611,328.5502059,21.04634437
2017,"September",15,"323-40",323,40,3,0,3,1.620458422,6.6,23.74813833,176.9472913,11.71843419,537.4853315,34.43034199
2017,"September",15,"323-60",323,60,3,0,3,0.619842216,6.69,9.66180851,293.8215024,9.894529008,413.8142962,26.50820426
2017,"September",15,"323-80",323,80,3,0,3,0.821936544,6.24,17.8429714,320.7790089,8.413827199,386.5508039,24.76175538
2017,"September",15,"323-100",323,100,3,0,3,0.413738878,6.51,9.08060876,303.215785,6.602105427,282.7066911,18.10969363
2017,"September",15,"323-120",323,120,3,0,3,0.21635959,6.56,8.588141796,307.7087027,8.840227698,325.6512468,20.86064242
2017,"September",15,"330-10",330,10,0,0,3,0.453392773,6.47,24.40032431,6.536379591,21.96219276,571.0822906,36.58250103
2017,"September",15,"330-20",330,20,0,0,3,1.620458422,6.42,49.37860364,24.00238846,6.292055521,275.6006657,17.65449479
2017,"September",15,"330-40",330,40,0,0,3,1.231382874,6.41,26.17498003,41.08751863,8.339996881,257.6605472,16.50528398
2017,"September",15,"330-60",330,60,0,0,3,0.629369745,6.42,10.8685744,61.65496832,10.91285714,321.3825416,20.58719706
2017,"September",15,"330-80",330,80,0,0,3,0.914558017,6.53,25.4828643,140.2248026,8.445695571,289.586615,18.55040882
2017,"September",15,"330-100",330,100,0,0,3,0.791182212,6.42,43.47343671,135.4366133,7.306749844,274.0834358,17.55730384
2017,"September",15,"330-120",330,120,0,0,3,0.398258044,6.5,21.58749498,214.332915,6.074463506,265.063842,16.97952535
2017,"September",20,"331-10",331,10,1,0,3,0.309476809,6.42,25.74192762,19.81272278,10.52448222,326.5068886,20.91545324
2017,"September",20,"331-20",331,20,1,0,3,0.272615571,6.44,32.07475768,26.83177307,7.759538366,318.550488,20.40578094
2017,"September",20,"331-40",331,40,1,0,3,0.302204612,6.51,12.19335011,69.21813104,9.340608235,290.285103,18.59515267
2017,"September",-99,"331-60",331,60,1,0,3,-99,-99,-99,-99,-99,-99,-99
2017,"September",20,"331-80",331,80,1,0,3,0.314421903,6.52,13.61757994,191.2625481,6.028262633,264.4498336,16.94019311
2017,"September",-99,"331-100",331,100,1,0,3,-99,-99,-99,-99,-99,-99,-99
2017,"September",20,"331-120",331,120,1,0,3,0.734248818,6.51,50.92609497,259.875125,3.387264504,217.4411058,13.92890097
2017,"September",20,"332-10",332,10,2,0,3,0.705718581,6.63,31.99592577,16.43922574,4.111063631,197.6261946,12.65959442
2017,"September",20,"332-20",332,20,2,0,3,1.074176419,6.54,30.06191626,39.61841508,5.819073612,300.0435571,19.22026119
2017,"September",20,"332-40",332,40,2,0,3,0.037580751,6.26,4.801544729,75.91071388,7.766260137,304.0572581,19.47737145
2017,"September",-99,"332-60",332,60,2,0,3,-99,-99,-99,-99,-99,-99,-99
2017,"September",20,"332-80",332,80,2,0,3,0.807516389,6.54,80.10966786,282.6734357,3.962467249,228.0548406,14.60879719
2017,"September",-99,"332-100",332,100,2,0,3,-99,-99,-99,-99,-99,-99,-99
2017,"September",20,"332-120",332,120,2,0,3,0.160292729,6.66,23.08792,182.0126369,6.388883344,209.2794753,13.40608202
2017,"September",20,"333-10",333,10,3,0,3,0.490099067,6.71,17.83771483,8.767240537,6.524731753,207.8135289,13.31217621
2017,"September",20,"333-20",333,20,3,0,3,1.417612525,6.52,63.51817864,77.43422867,4.199700561,306.7694697,19.6511107
2017,"September",20,"333-40",333,40,3,0,3,0.578859323,6.71,14.84210227,141.5429815,4.676724891,249.8197687,16.00301822
2017,"September",20,"333-60",333,60,3,0,3,0.505886673,6.45,35.63795999,205.6281967,3.058733624,219.2574471,14.04525244
2017,"September",20,"333-80",333,80,3,0,3,0.734248818,6.54,37.03591252,193.7213648,2.600012477,177.1995994,11.35110452
2017,"September",20,"333-100",333,100,3,0,3,0.992321055,6.46,137.6411954,218.6992521,2.529167187,186.2785924,11.93268801
2017,"September",20,"333-120",333,120,3,0,3,0.916703307,6.51,194.9099499,280.8793741,1.366216469,204.3693315,13.09154729
2017,"September",20,"440-10",440,10,0,0,4,0.01373372,6.92,3.421986313,18.3998803,13.07828135,258.4704231,16.55716314
2017,"September",20,"440-20",440,20,0,0,4,0.621661682,6.61,84.9499471,26.02025269,3.573159701,253.9832638,16.26972401
2017,"September",20,"440-40",440,40,0,0,4,0.049596084,6.11,145.6978166,117.5176408,6.10209607,241.7245557,15.48445385
2017,"September",20,"440-60",440,60,0,0,4,0.916703307,6.65,324.9563233,203.617265,3.978487211,281.1374781,18.00917275
2017,"September",20,"440-80",440,80,0,0,4,0.151641279,6.92,102.0091723,190.5991289,1.919210855,200.314787,12.83182067
2017,"September",20,"440-100",440,100,0,0,4,0.641687327,6.64,266.5629002,259.4470767,1.904310667,257.1635882,16.4734497
2017,"September",20,"440-120",440,120,0,0,4,0.551974465,6.71,181.082833,294.9558954,2.355814099,252.8974556,16.20016914
2017,"September",20,"441-10",441,10,1,0,4,0.984486727,6.6,62.14124796,91.64012617,1.763674361,138.0838392,8.845421285
2017,"September",20,"441-20",441,20,1,0,4,0.401999355,6.74,44.84552702,46.60584205,2.230299439,156.835653,10.04662779
2017,"September",20,"441-40",441,40,1,0,4,0.268327989,6.68,76.73040667,109.9501876,0.083555833,3.663808181,0.234722774
2017,"September",-99,"441-60",441,60,1,0,4,-99,-99,-99,-99,-99,-99,-99
2017,"September",20,"441-80",441,80,1,0,4,0.348548503,6.8,69.98765068,403.2816058,0.022164691,2.893847673,0.185400528
2017,"September",-99,"441-100",441,100,1,0,4,-99,-99,-99,-99,-99,-99,-99
2017,"September",20,"441-120",441,120,1,0,4,0.311939557,6.61,212.1951599,234.3633509,0.024734872,2.635433004,0.168846963
2017,"September",20,"442-10",442,10,2,0,4,0.01701106,6.49,3.682131614,18.24112255,6.488986276,147.0308237,9.418548559
2017,"September",20,"442-20",442,20,2,0,4,1.008177237,6.63,35.56438354,43.69528315,1.476019963,150.5206968,9.642103371
2017,"September",20,"442-40",442,40,2,0,4,0.015839823,6.31,20.99099121,220.5514259,1.520495945,149.3064937,9.564323766
2017,"September",-99,"442-60",442,60,2,0,4,-99,-99,-99,-99,-99,-99,-99
2017,"September",20,"442-80",442,80,2,0,4,0.763932453,6.57,72.39465165,266.5911759,2.277776045,141.7254161,9.078693962
2017,"September",-99,"442-100",442,100,2,0,4,-99,-99,-99,-99,-99,-99,-99
2017,"September",20,"442-120",442,120,2,0,4,0.486229758,6.79,48.70303512,295.0088146,1.40492514,135.1475063,8.657325234
2017,"September",20,"443-10",443,10,3,0,4,0.405198377,6.89,54.55236281,72.40397777,6.243596382,222.4906996,14.25236861
2017,"September",20,"443-20",443,20,3,0,4,1.17203711,6.69,156.0563295,172.801875,1.404454148,179.2116643,11.47999367
2017,"September",20,"443-40",443,40,3,0,4,0.583465757,6.72,10.04386671,180.0408003,2.983281347,169.548914,10.86101576
2017,"September",20,"443-60",443,60,3,0,4,0.467336639,6.67,6.449131637,186.0257385,3.682008734,165.3489224,10.59197208
2017,"September",20,"443-80",443,80,3,0,4,0.8204196,6.51,30.7241043,169.3819104,0.022186525,1.142397743,0.073205886
2017,"September",20,"443-100",443,100,3,0,4,0.794816115,6.59,23.5819333,191.4406825,0.060187149,2.849506347,0.182560105
2017,"September",20,"443-120",443,120,3,0,4,0.607053653,6.57,29.43651644,281.2147552,0.057005614,2.867661495,0.18372309
2017,"September",22,"450-10",450,10,0,0,4,0.502006647,6.63,50.95350346,55.38308796,2.005324392,135.4055994,8.6738582
2017,"September",22,"450-20",450,20,0,0,4,0.399332961,6.49,34.73806363,72.65390955,5.226880848,155.3607729,9.952149696
2017,"September",22,"450-40",450,40,0,0,4,0.007251777,6.59,45.13291097,90.60872408,3.511132252,142.2645106,9.113227358
2017,"September",22,"450-60",450,60,0,0,4,0.096162583,6.66,46.68593901,218.0024082,4.474114161,169.6528406,10.86767311
2017,"September",22,"450-80",450,80,0,0,4,0.631079071,6.75,136.4091977,134.7262684,1.559563319,148.4297094,9.508158592
2017,"September",22,"450-100",450,100,0,0,4,0.144434705,6.66,202.8957637,224.6713393,1.954909545,154.8574274,9.919906311
2017,"September",22,"450-120",450,120,0,0,4,0.192667995,6.61,167.0912895,374.0667961,1.87466937,136.3902708,8.736934426
2017,"September",22,"451-10",451,10,1,0,4,0.716624625,6.64,71.05803873,113.6364862,3.582236432,159.6933004,10.22968339
2017,"September",22,"451-20",451,20,1,0,4,0.647329453,6.64,122.3601667,190.0726967,1.890268247,182.2762877,11.67630778
2017,"September",22,"451-40",451,40,1,0,4,0.848989517,6.67,77.67472122,214.7534417,0.042604492,3.086609309,0.197748482
2017,"September",-99,"451-60",451,60,1,0,4,-99,-99,-99,-99,-99,-99,-99
2017,"September",22,"451-80",451,80,1,0,4,0.014529408,6.67,24.78693857,160.8889981,0.03856519,2.870868829,0.183928546
2017,"September",-99,"451-100",451,100,1,0,4,-99,-99,-99,-99,-99,-99,-99
2017,"September",22,"451-120",451,120,1,0,4,0.168236838,6.64,77.133119,180.0408003,0.01106675,1.126575458,0.07219234
2017,"September",22,"452-10",452,10,2,0,4,0.773421958,6.64,-99,285.489711,0.971621959,144.1118449,9.231564174
2017,"September",22,"452-20",452,20,2,0,4,0.519315862,6.74,114.8364636,179.4708062,2.069585153,166.9793286,10.69641288
2017,"September",22,"452-40",452,40,2,0,4,0.003808239,6.31,19.49489765,212.9294606,4.573543356,168.3234951,10.7825177
2017,"September",-99,"452-60",452,60,2,0,4,-99,-99,-99,-99,-99,-99,-99
2017,"September",22,"452-80",452,80,2,0,4,0.43098279,6.51,13.83091303,190.0726967,3.911079226,160.0016276,10.24943426
2017,"September",-99,"452-100",452,100,2,0,4,-99,-99,-99,-99,-99,-99,-99
2017,"September",22,"452-120",452,120,2,0,4,0.420163515,6.68,24.55202677,214.8104411,4.249051778,162.2935515,10.39625066
2017,"September",22,"453-10",453,10,3,0,4,0.681096342,6.54,149.6556133,200.2755913,2.334366812,146.2825162,9.370613366
2017,"September",22,"453-20",453,20,3,0,4,0.878262718,6.69,158.3734514,239.7191838,1.82518403,165.9331058,10.62939378
2017,"September",22,"453-40",453,40,3,0,4,0.091395106,6.57,35.60593224,97.3631543,2.80235184,160.4507362,10.27820333
2017,"September",22,"453-60",453,60,3,0,4,0.502006647,6.65,14.92716811,230.2572816,2.022142857,148.4499182,9.509453127
2017,"September",22,"453-80",453,80,3,0,4,0.084683377,6.77,24.10177915,184.5437538,0.013721148,1.126220028,0.072169572
2017,"September",22,"453-100",453,100,3,0,4,0.370007381,6.74,15.31216246,158.6660211,0.054429195,3.026073343,0.19387066
2017,"September",22,"453-120",453,120,3,0,4,0.13962058,6.52,16.44756952,217.2028549,0.0475733,3.152262341,0.201954094
2017,"September",22,"460-10",460,10,0,0,4,0.514933395,6.35,39.30579316,5.055562156,3.687623206,147.8111763,9.468536503
2017,"September",22,"460-20",460,20,0,0,4,1.181525223,6.58,82.48388788,155.4258292,0.669304429,166.6761185,10.6769898
2017,"September",22,"460-40",460,40,0,0,4,0.232156709,6.66,39.07740668,280.9744752,1.461126014,142.1272581,9.104435219
2017,"September",22,"460-60",460,60,0,0,4,0.218784992,6.88,17.92229362,194.320423,1.770046787,153.9287927,9.86041969
2017,"September",22,"460-80",460,80,0,0,4,0.924075865,6.69,105.7858338,410.0136616,0.561235184,135.3718364,8.671695401
2017,"September",22,"460-100",460,100,0,0,4,1.031702582,6.65,143.1107094,581.5712637,0.501150967,129.0572186,8.267192669
2017,"September",22,"460-120",460,120,0,0,4,0.291847211,6.68,60.61425142,369.3460949,1.086578291,134.8525614,8.638431603
2017,"September",22,"461-10",461,10,1,0,4,0.863502079,6.57,106.4579426,122.1825867,3.311466001,148.8275797,9.533645424
2017,"September",22,"461-20",461,20,1,0,4,1.031702582,6.76,75.41695777,208.1163686,1.290339988,165.7203808,10.61576701
2017,"September",22,"461-40",461,40,1,0,4,0.519315862,6.47,24.13440578,178.9177206,0.036902682,1.396005642,0.089451539
2017,"September",-99,"461-60",461,60,1,0,4,-99,-99,-99,-99,-99,-99,-99
2017,"September",22,"461-80",461,80,1,0,4,0.716624625,6.69,15.09030131,308.9542043,0.07595446,3.652981664,0.234029247
2017,"September",-99,"461-100",461,100,1,0,4,-99,-99,-99,-99,-99,-99,-99
2017,"September",22,"461-120",461,120,1,0,4,0.00919389,6.38,21.28936282,264.906908,0.047766687,3.300262341,0.2114347
2017,"September",22,"462-10",462,10,2,0,4,0.589711419,6.4,127.8153408,37.02448039,7.283452901,253.2943188,16.22559147
2017,"September",22,"462-20",462,20,2,0,4,1.39976006,6.57,220.4097437,216.5379901,0.418484092,192.3816164,12.32363644
2017,"September",22,"462-40",462,40,2,0,4,1.319136956,6.58,54.07913553,240.2515031,3.634510293,163.7273399,10.4880965
2017,"September",-99,"462-60",462,60,2,0,4,-99,-99,-99,-99,-99,-99,-99
2017,"September",22,"462-80",462,80,2,0,4,0.964073793,6.53,22.81628955,289.0082588,3.148976918,161.0053597,10.31373148
2017,"September",-99,"462-100",462,100,2,0,4,-99,-99,-99,-99,-99,-99,-99
2017,"September",22,"462-120",462,120,2,0,4,0.006386112,6.32,21.04140036,214.4325847,2.272364317,136.5699295,8.748443028
2017,"September",22,"463-10",463,10,3,0,4,0.171112666,6.47,82.69269838,28.82448057,3.760417966,107.0716728,6.858839276
2017,"September",22,"463-20",463,20,3,0,4,1.448023858,6.64,160.4093537,320.6447446,0.636915159,164.286536,10.52391756
2017,"September",22,"463-40",463,40,3,0,4,0.900878117,6.63,33.40689673,290.2825831,2.098537118,179.6970099,11.51108401
2017,"September",22,"463-60",463,60,3,0,4,0.827676715,6.59,16.2322337,288.343394,1.807623206,166.1059972,10.64046888
2017,"September",22,"463-80",463,80,3,0,4,1.08551967,6.57,34.50967715,299.5352856,0.034344978,3.120008463,0.19988797
2017,"September",22,"463-100",463,100,3,0,4,0.947870959,6.54,31.57327959,295.3244749,0.041696818,3.18874189,0.204290906
2017,"September",22,"463-120",463,120,3,0,4,0.747643183,6.53,28.49985015,300.9204207,0.043462258,2.857142454,0.18304926
2017,"September",-99,"610-10",610,10,0,1,3,-99,-99,-99,-99,-99,-99,-99
2017,"September",14,"610-20",610,20,0,1,3,0.321634576,6.34,19.39924164,30.75666395,11.82666251,345.8333117,22.15346816
2017,"September",14,"610-40",610,40,0,1,3,0.169173633,6.51,4.244937324,31.78969236,13.26984716,309.6060987,19.83281991
2017,"September",14,"610-60",610,60,0,1,3,0.006714828,6.66,4.594157194,36.9548344,13.53282283,332.026787,21.26904773
2017,"September",14,"610-80",610,80,0,1,3,0.234828448,6.66,4.391977269,91.67885202,17.83246101,492.167433,31.52736125
2017,"September",14,"610-100",610,100,0,1,3,0.182583316,6.6,16.08624788,90.72528734,12.29692452,361.6092863,23.1640479
2017,"September",14,"610-120",610,120,0,1,3,0.00709483,6.73,6.128886618,50.25176412,11.60231441,336.1850353,21.53541742
2017,"September",-99,"613-10",613,10,3,1,3,-99,-99,-99,-99,-99,-99,-99
2017,"September",14,"613-20",613,20,3,1,3,4.046592811,6.54,78.40820952,286.1609676,7.284934498,402.9416841,25.81172484
2017,"September",14,"613-40",613,40,3,1,3,0.68967881,6.86,17.75423226,400.7896617,10.66980661,515.8053766,33.04156418
2017,"September",14,"613-60",613,60,3,1,3,0.017118103,7.19,22.61114544,88.94815949,3.285895197,329.8239182,21.12793603
2017,"September",14,"613-80",613,80,3,1,3,1.677165208,6.7,40.50866373,584.1905736,0.607008734,370.9011566,23.75926792
2017,"September",14,"613-100",613,100,3,1,3,0.037879216,6.31,-99,311.6022488,4.491110418,363.5517236,23.28847684
2017,"September",14,"613-120",613,120,3,1,3,0.030154856,6.881,37.66895479,86.97574557,2.674940736,250.4853963,16.04565709
2017,"September",-99,"620-10",620,10,0,1,3,-99,-99,-99,-99,-99,-99,-99
2017,"September",14,"620-20",620,20,0,1,3,0.44400724,6.47,13.15923398,60.04800743,11.86586712,321.6454245,20.60403685
2017,"September",14,"620-40",620,40,0,1,3,0.014512235,6.81,6.234571578,103.4411141,16.21654398,451.0588491,28.89402141
2017,"September",14,"620-60",620,60,0,1,3,0.007379356,6.7,1.804993239,114.4180264,10.34752963,301.3566629,19.30437632
2017,"September",14,"620-80",620,80,0,1,3,0.005262118,6.89,2.609117938,58.73103977,5.831933874,223.1390832,14.29390286
2017,"September",14,"620-100",620,100,0,1,3,0.000697314,7.02,2.806702864,34.22421567,7.370960699,293.2637151,18.78595705
2017,"September",14,"620-120",620,120,0,1,3,0.066204471,7.08,1.386848396,105.4107047,5.615059264,259.4806742,16.62187795
2017,"September",-99,"623-10",623,10,3,1,3,-99,-99,-99,-99,-99,-99,-99
2017,"September",15,"623-20",623,20,3,1,3,1.632864877,6.72,41.09539804,243.6992122,4.618827199,336.7687955,21.57281202
2017,"September",15,"623-40",623,40,3,1,3,0.574324841,6.69,19.35142877,195.5024581,5.997673113,272.7073061,17.46915152
2017,"September",15,"623-60",623,60,3,1,3,0.126856082,6.85,15.63796166,99.85166061,7.917142857,332.9840254,21.33036665
2017,"September",15,"623-80",623,80,3,1,3,1.033258395,6.57,29.43590993,317.5510422,5.822161572,265.9904401,17.03888151
2017,"September",15,"623-100",623,100,3,1,3,0.226490651,6.79,22.41270989,119.0588292,3.323533999,168.1080141,10.76871438
2017,"September",15,"623-120",623,120,3,1,3,0.407475613,6.64,41.83631681,309.9334682,3.091796631,227.8434358,14.59525499
2017,"September",-99,"630-10",630,10,0,1,3,-99,-99,-99,-99,-99,-99,-99
2017,"September",15,"630-20",630,20,0,1,3,0.496847209,6.39,18.09585984,7.733426928,12.31475359,355.6779549,22.78409778
2017,"September",15,"630-40",630,40,0,1,3,0.238911341,6.45,12.26611579,17.69068432,15.11888022,367.5613625,23.54532689
2017,"September",15,"630-60",630,60,0,1,3,0.2370961,6.47,6.085877223,51.75212217,15.16883032,358.3837969,22.95742902
2017,"September",15,"630-80",630,80,0,1,3,0.233506891,6.58,18.64600312,35.48316064,11.47734872,328.306615,21.03074039
2017,"September",15,"630-100",630,100,0,1,3,0.226490651,6.6,13.78344643,46.74628786,12.32637555,361.1889309,23.13712071
2017,"September",15,"630-120",630,120,0,1,3,0.008396782,6.7,10.61124932,19.05096538,10.52066438,306.4328209,19.6295456
2017,"September",-99,"633-10",633,10,3,1,3,-99,-99,-99,-99,-99,-99,-99
2017,"September",20,"633-20",633,20,3,1,3,0.953763069,6.67,58.88286237,133.6580129,3.007850905,255.8343159,16.38829899
2017,"September",20,"633-40",633,40,3,1,3,1.373371968,6.78,30.95534457,204.4110538,3.687442296,260.3738364,16.67909227
2017,"September",20,"633-60",633,60,3,1,3,0.013953169,6.88,23.05638724,69.46695924,2.930393013,216.4192327,13.86344167
2017,"September",20,"633-80",633,80,3,1,3,0.442113163,6.68,101.9355959,154.5611177,0.913995633,191.4204485,12.2620658
2017,"September",20,"633-100",633,100,3,1,3,0.327133105,6.64,147.0537254,175.8346573,0.875361822,185.9544457,11.91192378
2017,"September",20,"633-120",633,120,3,1,3,0.302204612,6.66,165.794698,219.8634757,0.771955708,171.2416587,10.96944986
2018,"May",17,"310-10",310,10,0,0,3,0.031548821,6.32,5.856638647,14.45329202,5.589145352,106.0083949,6.790727663
2018,"May",17,"310-20",310,20,0,0,3,0.317069086,6.55,36.4252455,184.1175184,6.662928883,168.4453794,10.79032538
2018,"May",17,"310-40",310,40,0,0,3,2.812260151,6.76,19.01336704,163.7142011,6.899681847,202.8779436,12.99601174
2018,"May",17,"310-60",310,60,0,0,3,0.327812629,6.78,26.54547177,204.2612515,6.721843419,197.6918505,12.66380021
2018,"May",17,"310-80",310,80,0,0,3,0.393749913,6.87,27.28455275,300.8265701,4.392532751,197.031275,12.62148497
2018,"May",17,"310-100",310,100,0,0,3,0.397043798,6.69,22.56204264,316.5054552,4.858914535,193.6630494,12.40572267
2018,"May",17,"310-120",310,120,0,0,3,0.540383875,6.63,46.53869926,345.2673834,3.946060512,178.8561157,11.45721789
2018,"May",17,"311-10",311,10,1,0,3,0.255321467,5.97,2.710110048,7.704103073,5.193590143,89.86093371,5.756351171
2018,"May",17,"311-20",311,20,1,0,3,0.27291719,6.57,18.23624512,69.43322339,7.52047723,184.2464795,11.80251462
2018,"May",17,"311-40",311,40,1,0,3,0.156181135,6.87,6.845702904,139.9362893,6.318537118,198.0598392,12.68737289
2018,"May",-99,"311-60",311,60,1,0,3,-99,-99,-99,-99,-99,-99,-99
2018,"May",17,"311-80",311,80,1,0,3,0.365307818,6.7,19.56224336,274.6604837,4.618047411,184.1433484,11.79590823
2018,"May",-99,"311-100",311,100,1,0,3,-99,-99,-99,-99,-99,-99,-99
2018,"May",17,"311-120",311,120,1,0,3,0.000292212,7.41,2.509036545,19.74880947,0.609993762,6.948217207,0.44511594
2018,"May",17,"312-10",312,10,2,0,3,0.001572255,6.24,5.470794898,16.11463082,4.319488459,72.35396051,4.634886855
2018,"May",17,"312-20",312,20,2,0,3,0.522673644,6.62,37.65885861,162.1047791,5.681188397,175.8814612,11.26666702
2018,"May",17,"312-40",312,40,2,0,3,1.017808802,6.72,33.58847879,262.2523595,3.825789145,193.3167898,12.38354192
2018,"May",-99,"312-60",312,60,2,0,3,-99,-99,-99,-99,-99,-99,-99
2018,"May",17,"312-80",312,80,2,0,3,0.627805898,6.82,27.59431463,390.5907829,2.899316906,202.858646,12.99477557
2018,"May",-99,"312-100",312,100,2,0,3,-99,-99,-99,-99,-99,-99,-99
2018,"May",17,"312-120",312,120,2,0,3,0.501349835,6.96,32.62658662,411.6171023,2.225970056,177.810567,11.39024197
2018,"May",17,"313-10",313,10,3,0,3,0.133317641,6.36,76.60733956,53.5985878,7.829756706,144.3525952,9.246986197
2018,"May",17,"313-20",313,20,3,0,3,0.622597606,6.74,254.9704054,338.673945,3.976051154,248.4759267,15.91693418
2018,"May",17,"313-40",313,40,3,0,3,0.522673644,6.84,175.2257411,547.4315503,2.200302558,203.1057772,13.01060634
2018,"May",17,"313-60",313,60,3,0,3,0.518337532,7.02,48.96245013,382.5955899,0.206016843,174.7689083,11.19539894
2018,"May",17,"313-80",313,80,3,0,3,0.465135376,6.75,217.4783488,508.3381714,0.219004991,162.6526601,10.4192545
2018,"May",17,"313-100",313,100,3,0,3,0.484918883,6.68,248.0578245,478.1225717,0.237779164,122.5324965,7.849231039
2018,"May",17,"313-120",313,120,3,0,3,0.279823849,6.66,220.0596978,550.5715833,0.290842171,150.944708,9.669264749
2018,"May",18,"320-10",320,10,0,0,3,0.375801082,6.31,6.480539794,17.46906094,5.100308796,108.6413089,6.959387261
2018,"May",18,"320-20",320,20,0,0,3,1.38598856,6.6,35.88131139,181.7367928,6.511712414,183.5767362,11.75961211
2018,"May",18,"320-40",320,40,0,0,3,0.030516848,7.08,9.246842425,215.7856117,5.566796631,226.4207757,14.50412202
2018,"May",18,"320-60",320,60,0,0,3,0.009786165,6.86,3.235183057,1.842791388,0.476394261,4.183108604,0.267988198
2018,"May",18,"320-80",320,80,0,0,3,0.897068842,7.17,12.8820177,328.6785557,4.832482845,197.0344147,12.62168609
2018,"May",18,"320-100",320,100,0,0,3,0.001706782,6.95,3.239879666,0.526895004,0.390583281,3.802798307,0.243626224
2018,"May",18,"320-120",320,120,0,0,3,0.145212018,6.56,-99,360.0955818,3.45900811,181.5006488,11.62662179
2018,"May",18,"321-10",321,10,1,0,3,0.057881846,6.32,4.493874238,7.654667082,4.707645041,84.1135543,5.388184679
2018,"May",18,"321-20",321,20,1,0,3,1.022129528,6.56,34.32673385,119.9993208,7.056587648,178.2972102,11.42141543
2018,"May",18,"321-40",321,40,1,0,3,0.782431912,6.66,26.06539883,76.79405623,7.586225827,167.7051425,10.74290717
2018,"May",-99,"321-60",321,60,1,0,3,-99,-99,-99,-99,-99,-99,-99
2018,"May",18,"321-80",321,80,1,0,3,3.247358423,6.55,42.35793504,381.9175302,3.725355583,211.6486657,13.55784798
2018,"May",-99,"321-100",321,100,1,0,3,-99,-99,-99,-99,-99,-99,-99
2018,"May",18,"321-120",321,120,1,0,3,0.966527992,6.62,23.6184656,332.6262448,3.253431067,165.9392722,10.62978879
2018,"May",18,"322-10",322,10,2,0,3,0.012393006,6.38,3.841045603,0,3.222323768,56.34417772,3.609329788
2018,"May",18,"322-20",322,20,2,0,3,1.456639519,6.47,34.2985542,150.3745957,6.121085465,174.5920141,11.18406743
2018,"May",18,"322-40",322,40,2,0,3,1.193939492,6.59,8.443722307,294.9587108,6.083727386,202.1905388,12.95197786
2018,"May",-99,"322-60",322,60,2,0,3,-99,-99,-99,-99,-99,-99,-99
2018,"May",18,"322-80",322,80,2,0,3,0.767979079,6.93,17.35788596,380.7112918,2.621450405,168.934976,10.82168803
2018,"May",-99,"322-100",322,100,2,0,3,-99,-99,-99,-99,-99,-99,-99
2018,"May",18,"322-120",322,120,2,0,3,0.602679239,6.9,14.56340368,197.6178088,1.37830942,77.94887165,4.993286513
2018,"May",18,"323-10",323,10,3,0,3,0.065136501,6.21,5.405016361,8.469209241,6.639279476,110.5382228,7.08090006
2018,"May",18,"323-20",323,20,3,0,3,1.377401623,6.57,23.36015211,78.08008432,8.519429195,190.1053568,12.17782346
2018,"May",18,"323-40",323,40,3,0,3,1.680468441,6.72,19.25061934,276.5193234,7.03897068,211.0870212,13.52187006
2018,"May",18,"323-60",323,60,3,0,3,1.115045808,6.89,9.462886434,459.1341498,4.264232689,225.0783639,14.4181296
2018,"May",18,"323-80",323,80,3,0,3,2.150714968,6.9,33.65981539,512.2865328,3.916980661,214.2975797,13.7275325
2018,"May",18,"323-100",323,100,3,0,3,0.665688595,6.6,18.40992635,382.0521669,4.669126638,223.9958251,14.34878416
2018,"May",18,"323-120",323,120,3,0,3,0.913951055,6.67,20.7065681,349.7968307,3.190143481,172.1926911,11.03037124
2018,"May",18,"330-10",330,10,0,0,3,0.018446594,6.64,3.336160148,0,0.522024329,7.658135402,0.490591986
2018,"May",18,"330-20",330,20,0,0,3,1.456639519,6.64,51.05605469,138.2349078,6.197738615,160.0090917,10.2499124
2018,"May",18,"330-40",330,40,0,0,3,1.04785733,6.89,20.64081557,89.76919759,5.160870243,194.7033907,12.47236501
2018,"May",18,"330-60",330,60,0,0,3,0.525662522,6.77,46.13870519,82.27052115,3.304996881,102.534031,6.56816634
2018,"May",18,"330-80",330,80,0,0,3,1.579209717,6.59,6.860965114,219.1765036,5.377479726,191.9735515,12.29749656
2018,"May",18,"330-100",330,100,0,0,3,1.788219862,6.61,57.01605136,271.308846,3.923555833,150.5651735,9.644952468
2018,"May",18,"330-120",330,120,0,0,3,0.812158675,6.88,17.14184195,362.7541025,2.889248284,130.8319774,8.380880435
2018,"May",21,"331-10",331,10,1,0,3,0.51845033,6.38,14.11615213,18.31122209,4.896902682,101.0083329,6.470432938
2018,"May",21,"331-20",331,20,1,0,3,0.886984663,6.46,23.58986954,19.85506722,7.091462882,167.1354725,10.70641517
2018,"May",21,"331-40",331,40,1,0,3,0.90624259,6.81,9.404910657,113.7778007,7.037364317,223.8056953,14.3366048
2018,"May",-99,"331-60",331,60,1,0,3,-99,-99,-99,-99,-99,-99,-99
2018,"May",21,"331-80",331,80,1,0,3,1.618490446,6.64,54.20478818,262.2844544,3.950433562,186.5900931,11.95264217
2018,"May",-99,"331-100",331,100,1,0,3,-99,-99,-99,-99,-99,-99,-99
2018,"May",21,"331-120",331,120,1,0,3,0.785335833,6.79,63.73905541,409.426659,2.658849033,165.3554161,10.59238805
2018,"May",21,"332-10",332,10,2,0,3,0.339820398,6.43,11.91772803,93.91141994,6.373699314,133.5174584,8.552907377
2018,"May",21,"332-20",332,20,2,0,3,0.715537713,6.47,36.98069429,3.202835394,8.042713662,194.9943752,12.49100493
2018,"May",21,"332-40",332,40,2,0,3,0.511079251,6.94,9.265180312,182.0548399,5.700143481,182.9900339,11.72202904
2018,"May",-99,"332-60",332,60,2,0,3,-99,-99,-99,-99,-99,-99,-99
2018,"May",21,"332-80",332,80,2,0,3,1.099511288,6.6,73.95800132,314.0789471,2.54422645,153.1786178,9.812364874
2018,"May",-99,"332-100",332,100,2,0,3,-99,-99,-99,-99,-99,-99,-99
2018,"May",21,"332-120",332,120,2,0,3,0.081746346,6.32,59.57509112,479.832239,1.25459451,133.9310889,8.57940378
2018,"May",21,"333-10",333,10,3,0,3,0.257028207,5.97,12.36952282,8.715210285,6.819332502,131.9324767,8.451376384
2018,"May",21,"333-20",333,20,3,0,3,0.868135972,6.59,55.21550435,126.1669996,6.363181535,184.5956841,11.82488402
2018,"May",21,"333-40",333,40,3,0,3,1.392552678,6.82,30.63227894,396.0004786,3.841144729,216.2171904,13.85049922
2018,"May",21,"333-60",333,60,3,0,3,1.05327791,6.83,21.25171509,394.1448277,2.27533063,182.5703018,11.69514178
2018,"May",21,"333-80",333,80,3,0,3,1.382617915,6.64,95.49044752,408.0076318,2.295408609,186.9704062,11.97700433
2018,"May",21,"333-100",333,100,3,0,3,1.464123805,6.59,135.7793637,420.7242986,1.947457891,176.3824683,11.29876061
2018,"May",21,"333-120",333,120,3,0,3,1.539373376,6.65,220.9543245,477.7036983,0.987470368,163.1054245,10.44825775
2018,"May",21,"440-10",440,10,0,0,4,0.031318553,5.89,12.08540445,3.748615093,3.235839052,51.74003949,3.314397211
2018,"May",21,"440-20",440,20,0,0,4,0.354736731,6.49,37.52564264,146.9612059,6.39507174,114.5756361,7.339529284
2018,"May",21,"440-40",440,40,0,0,4,1.099511288,6.53,159.5521531,319.536744,3.201300686,161.4401016,10.34158024
2018,"May",21,"440-60",440,60,0,0,4,1.641833246,6.72,256.3107595,334.0544837,2.018178415,178.6699379,11.44529169
2018,"May",21,"440-80",440,80,0,0,4,1.277903913,6.97,87.01813092,383.2838118,1.243374922,146.9257405,9.411817123
2018,"May",21,"440-100",440,100,0,0,4,1.854341604,6.75,392.2823585,323.084312,0.314603868,164.4072807,10.53165225
2018,"May",21,"440-120",440,120,0,0,4,1.713901118,6.81,360.1816405,343.1690046,0.296525265,165.0843413,10.5750235
2018,"May",21,"441-10",441,10,1,0,4,0.357285682,6.57,16.83157851,102.3164272,4.637392389,100.2087447,6.4192128
2018,"May",21,"441-20",441,20,1,0,4,0.736326345,6.78,38.63417004,139.8663639,4.748976918,131.1464062,8.401022161
2018,"May",21,"441-40",441,40,1,0,4,1.412636873,6.76,108.1546745,240.5639229,2.285839052,170.4046178,10.91583057
2018,"May",-99,"441-60",441,60,1,0,4,-99,-99,-99,-99,-99,-99,-99
2018,"May",21,"441-80",441,80,1,0,4,0.919312942,7.08,97.52119521,407.3344923,0.233318777,147.3732638,9.440484635
2018,"May",-99,"441-100",441,100,1,0,4,-99,-99,-99,-99,-99,-99,-99
2018,"May",21,"441-120",441,120,1,0,4,1.50666123,6.69,376.0410347,453.1534436,0.317744853,124.4011227,7.968931779
2018,"May",21,"442-10",442,10,2,0,4,0.008631777,6.22,3.182252615,0,0.290165315,13.4832976,0.8637411
2018,"May",21,"442-20",442,20,2,0,4,0.43659654,6.56,14.18135963,21.51809524,6.816122895,121.261842,7.767835266
2018,"May",21,"442-40",442,40,2,0,4,1.099511288,6.93,46.17029333,258.2666995,2.190081098,151.4276051,9.70019824
2018,"May",-99,"442-60",442,60,2,0,4,-99,-99,-99,-99,-99,-99,-99
2018,"May",21,"442-80",442,80,2,0,4,1.343582594,6.79,91.34977163,285.8101373,1.63323456,152.2789845,9.75473603
2018,"May",-99,"442-100",442,100,2,0,4,-99,-99,-99,-99,-99,-99,-99
2018,"May",21,"442-120",442,120,2,0,4,0.741617197,6.99,50.17123888,239.887052,1.89959451,124.2682764,7.960421893
2018,"May",21,"443-10",443,10,3,0,4,0.002379023,6.14,3.962413709,0,4.209039301,67.37127221,4.315705061
2018,"May",21,"443-20",443,20,3,0,4,1.01623866,6.69,56.16567069,102.5343319,4.946122895,147.7136502,9.462289162
2018,"May",21,"443-40",443,40,3,0,4,0.899777266,6.51,21.52186043,212.3436142,2.915093575,176.0955571,11.28038161
2018,"May",21,"443-60",443,60,3,0,4,0.802386794,6.84,19.23959812,213.9576909,2.949173425,147.7175402,9.462538348
2018,"May",21,"443-80",443,80,3,0,4,1.572795758,6.57,45.14560413,213.489088,0.921260137,56.91537659,3.645919731
2018,"May",21,"443-100",443,100,3,0,4,1.172694173,6.69,33.9066267,207.6055181,3.04911728,142.8996671,9.153914312
2018,"May",21,"443-120",443,120,3,0,4,1.164327927,6.66,31.9643749,230.0984578,3.052623206,138.2733992,8.857564144
2018,"May",22,"450-10",450,10,0,0,4,0.040548474,6.08,8.837150307,3.138447715,1.028973799,17.52242313,1.122480009
2018,"May",22,"450-20",450,20,0,0,4,0.41427744,6.73,9.621328327,88.52831157,4.617760449,85.0823921,5.450246636
2018,"May",22,"450-40",450,40,0,0,4,1.202331439,6.74,39.00270799,232.5976733,5.066756082,167.4691199,10.727788
2018,"May",22,"450-60",450,60,0,0,4,1.913760372,6.72,64.74988629,263.8118339,3.466621959,161.1050776,10.32011923
2018,"May",22,"450-80",450,80,0,0,4,2.070375159,6.83,126.5650375,350.1128701,0.518930131,149.4487447,9.573436106
2018,"May",22,"450-100",450,100,0,0,4,1.310060295,6.86,288.3797502,401.0864535,0.321203993,146.8682708,9.408135721
2018,"May",22,"450-120",450,120,0,0,4,1.111380347,6.81,275.6010213,464.0354446,0.453053649,110.1032976,7.053039553
2018,"May",22,"451-10",451,10,1,0,4,0.027757365,6.17,2.222229273,17.71720496,7.145804741,79.87429619,5.116625647
2018,"May",22,"451-20",451,20,1,0,4,0.723647905,6.86,10.04714542,167.3056677,5.78092015,123.1646939,7.889728439
2018,"May",22,"451-40",451,40,1,0,4,1.658730217,6.78,42.82662983,275.9694761,2.760714286,161.6208322,10.35315751
2018,"May",-99,"451-60",451,60,1,0,4,-99,-99,-99,-99,-99,-99,-99
2018,"May",22,"451-80",451,80,1,0,4,0.713372115,6.96,75.52601004,374.2198866,0.399953213,130.4607475,8.357100135
2018,"May",-99,"451-100",451,100,1,0,4,-99,-99,-99,-99,-99,-99,-99
2018,"May",22,"451-120",451,120,1,0,4,1.049585911,6.81,89.46835794,397.9624341,0.427192764,49.87337941,3.194822419
2018,"May",22,"452-10",452,10,2,0,4,0.137730592,6.38,2.99375926,43.75070004,9.550458515,109.568536,7.018783712
2018,"May",22,"452-20",452,20,2,0,4,0.828959896,6.74,12.18466293,279.4804069,5.83937617,141.3004175,9.051469339
2018,"May",22,"452-40",452,40,2,0,4,1.095598761,6.76,15.61227975,365.7968406,4.794912664,172.448409,11.04675205
2018,"May",-99,"452-60",452,60,2,0,4,-99,-99,-99,-99,-99,-99,-99
2018,"May",22,"452-80",452,80,2,0,4,1.407172,6.62,26.36732345,397.3485396,3.192676232,168.1259351,10.76986237
2018,"May",-99,"452-100",452,100,2,0,4,-99,-99,-99,-99,-99,-99,-99
2018,"May",22,"452-120",452,120,2,0,4,1.566502296,6.76,47.46002577,415.5471089,2.678621335,159.2767165,10.2029978
2018,"May",22,"453-10",453,10,3,0,4,0.235477637,6.39,9.347287621,108.9885476,6.599893949,101.0071961,6.470360116
2018,"May",22,"453-20",453,20,3,0,4,0.723647905,6.8,15.12322249,251.1402201,6.293758578,139.9915712,8.967627068
2018,"May",22,"453-40",453,40,3,0,4,1.427441651,6.69,48.45078832,384.4461484,2.962772926,177.0871848,11.34390344
2018,"May",22,"453-60",453,60,3,0,4,1.756388063,6.54,71.91710474,380.9247535,1.335502183,153.497323,9.832780541
2018,"May",22,"453-80",453,80,3,0,4,1.479402387,6.73,57.93681274,334.5268532,0.218412352,19.94609309,1.277735823
2018,"May",22,"453-100",453,100,3,0,4,2.115270041,6.66,44.62265046,249.168239,1.316827823,145.1362849,9.297187909
2018,"May",22,"453-120",453,120,3,0,4,1.095598761,6.59,34.56114055,415.7724782,1.276855895,145.7022652,9.333443557
2018,"May",22,"460-10",460,10,0,0,4,0.028359268,5.76,4.507307158,24.58775279,5.077223955,59.09968124,3.785842246
2018,"May",22,"460-20",460,20,0,0,4,0.382939172,6.47,9.608680294,171.0777839,7.610533375,110.0458054,7.049356707
2018,"May",22,"460-40",460,40,0,0,4,1.042107214,6.73,45.69773323,452.9020668,3.403075483,141.4614217,9.061782972
2018,"May",22,"460-60",460,60,0,0,4,1.291457456,6.89,35.24624231,438.0840368,1.289157829,139.8312976,8.957360237
2018,"May",22,"460-80",460,80,0,0,4,1.900124105,6.78,115.7425376,316.8353648,1.602673113,126.4495543,8.100150517
2018,"May",22,"460-100",460,100,0,0,4,1.544257985,6.7,127.8509208,422.2518449,0.928671241,142.1461439,9.105645006
2018,"May",22,"460-120",460,120,0,0,4,1.577744322,6.7,12.51772779,462.2548919,0.900464754,137.4633625,8.805674693
2018,"May",22,"461-10",461,10,1,0,4,0.016587302,5.57,2.808254782,9.037272576,9.052626326,96.17763329,6.16098726
2018,"May",22,"461-20",461,20,1,0,4,0.613901561,6.61,21.7676556,206.6861299,6.808300062,131.1823159,8.403322472
2018,"May",22,"461-40",461,40,1,0,4,0.755371943,6.72,7.563915029,307.2008282,1.731366188,64.09930042,4.106108601
2018,"May",-99,"461-60",461,60,1,0,4,-99,-99,-99,-99,-99,-99,-99
2018,"May",22,"461-80",461,80,1,0,4,0.936113592,6.73,6.98210553,383.7700406,3.044260761,159.9840874,10.24831067
2018,"May",-99,"461-100",461,100,1,0,4,-99,-99,-99,-99,-99,-99,-99
2018,"May",22,"461-120",461,120,1,0,4,0.169469882,6.77,41.88645941,373.7411077,2.190548971,145.8285021,9.341530063
2018,"May",22,"462-10",462,10,2,0,4,0.184654377,6.11,5.240893047,53.77307439,9.171129133,102.0586601,6.537714957
2018,"May",22,"462-20",462,20,2,0,4,0.579767701,6.61,14.92085397,193.6147118,6.918315658,128.1336079,8.208027875
2018,"May",22,"462-40",462,40,2,0,4,0.984164469,6.68,32.34562684,293.058906,5.297710543,184.5203611,11.82005897
2018,"May",-99,"462-60",462,60,2,0,4,-99,-99,-99,-99,-99,-99,-99
2018,"May",22,"462-80",462,80,2,0,4,1.160102207,6.66,32.16855439,330.7237467,2.724482221,150.1419605,9.617842228
2018,"May",-99,"462-100",462,100,2,0,4,-99,-99,-99,-99,-99,-99,-99
2018,"May",22,"462-120",462,120,2,0,4,0.654710111,6.65,15.06419834,369.9661723,2.270081098,150.9335176,9.668547912
2018,"May",22,"463-10",463,10,3,0,4,0.027757365,6.1,4.798211907,16.86885502,5.61389582,84.15010719,5.390526189
2018,"May",22,"463-20",463,20,3,0,4,1.080041274,6.7,39.5887335,268.3516536,4.805205864,144.511024,9.257134851
2018,"May",22,"463-40",463,40,3,0,4,1.282255333,6.73,25.56628139,246.7010238,2.281830942,158.4235346,10.14834454
2018,"May",22,"463-60",463,60,3,0,4,1.458394894,6.8,46.0350141,221.4510449,1.543599501,159.6229563,10.22517728
2018,"May",22,"463-80",463,80,3,0,4,1.807352387,6.62,64.1343487,199.8549507,1.325096694,153.7589422,9.849539382
2018,"May",22,"463-100",463,100,3,0,4,1.706860847,6.55,47.84368275,286.2938632,1.559787898,143.1231001,9.168227017
2018,"May",22,"463-120",463,120,3,0,4,1.566502296,6.57,41.08963336,282.4218362,1.436528384,118.6237828,7.598846072
2018,"May",-99,"610-10",610,10,0,1,3,-99,-99,-99,-99,-99,-99,-99
2018,"May",17,"610-20",610,20,0,1,3,0.156181135,6.7,19.07858007,34.54510828,19.022801,416.8881862,26.70511196
2018,"May",17,"610-40",610,40,0,1,3,0.039506418,6.69,9.302060291,34.51914987,8.682283219,193.4526319,12.39224371
2018,"May",17,"610-60",610,60,0,1,3,0.055129677,6.95,3.916551065,29.06788187,7.043393637,173.1796135,11.09359166
2018,"May",17,"610-80",610,80,0,1,3,0.0750325,6.98,4.283374347,78.10333533,7.428278228,200.449402,12.84044386
2018,"May",17,"610-100",610,100,0,1,3,0.193952395,6.77,12.83986706,150.8388253,6.353665003,184.4126968,11.81316219
2018,"May",17,"610-120",610,120,0,1,3,0.133317641,6.73,19.57311219,120.2078909,6.071247661,193.2773061,12.38101266
2018,"May",-99,"613-10",613,10,3,1,3,-99,-99,-99,-99,-99,-99,-99
2018,"May",17,"613-20",613,20,3,1,3,0.301610343,7.48,74.55312918,167.3715906,8.021129133,184.7437489,11.83436878
2018,"May",17,"613-40",613,40,3,1,3,0.431536829,6.86,40.54996952,481.7611683,2.784451029,234.7787447,15.03951805
2018,"May",17,"613-60",613,60,3,1,3,0.266181002,7.04,7.584783888,595.8603505,1.258646288,128.1518646,8.209197365
2018,"May",17,"613-80",613,80,3,1,3,0.554059259,6.95,42.92481062,262.0064722,0.332567062,192.6215769,12.33900786
2018,"May",17,"613-100",613,100,3,1,3,0.806053266,6.84,158.156231,556.9317492,0.210701809,198.9559492,12.74477604
2018,"May",17,"613-120",613,120,3,1,3,0.63305776,6.8,73.29777839,504.4603809,0.934953213,164.095464,10.51167785
2018,"May",-99,"620-10",620,10,0,1,3,-99,-99,-99,-99,-99,-99,-99
2018,"May",17,"620-20",620,20,0,1,3,0.103836316,6.45,11.35627067,64.78650173,7.490804741,171.3553399,10.97673207
2018,"May",17,"620-40",620,40,0,1,3,0.000573788,7.11,5.666433982,41.81314404,7.837264504,204.0001241,13.06789655
2018,"May",17,"620-60",620,60,0,1,3,0.004566883,7.06,7.486964346,97.68391132,6.736593886,207.882268,13.3165795
2018,"May",17,"620-80",620,80,0,1,3,0.010952269,6.96,6.318564261,122.6859426,5.162376794,208.9679013,13.38612316
2018,"May",17,"620-100",620,100,0,1,3,0.00014758,7.05,6.628326144,18.07218012,4.537922645,123.666646,7.921882558
2018,"May",17,"620-120",620,120,0,1,3,0.076931332,6.96,7.709775525,130.4168339,2.442033687,126.3188124,8.091775433
2018,"May",-99,"623-10",623,10,3,1,3,-99,-99,-99,-99,-99,-99,-99
2018,"May",18,"623-20",623,20,3,1,3,0.407423191,6.7,17.78997398,60.60155173,8.819784779,174.4809394,11.17695219
2018,"May",18,"623-40",623,40,3,1,3,0.843014839,6.89,19.8611785,234.6149551,5.720520898,201.2369422,12.89089223
2018,"May",18,"623-60",623,60,3,1,3,0.017335072,6.89,4.010123523,71.07764383,3.942358079,188.2088011,12.05633361
2018,"May",18,"623-80",623,80,3,1,3,0.587881793,6.83,18.12812982,254.0232941,3.089831566,172.4253625,11.04527573
2018,"May",18,"623-100",623,100,3,1,3,1.009503488,6.72,41.82721823,378.7439273,2.541830942,181.5934076,11.63256374
2018,"May",18,"623-120",623,120,3,1,3,0.767979079,6.65,75.24828703,385.5258185,1.538905178,165.3643413,10.59295978
2018,"May",-99,"630-10",630,10,0,1,3,-99,-99,-99,-99,-99,-99,-99
2018,"May",18,"630-20",630,20,0,1,3,0.487885993,6.47,17.62089606,76.04000323,6.609900187,145.7479972,9.336373066
2018,"May",18,"630-40",630,40,0,1,3,0.164430988,6.71,12.31372802,45.76961082,7.942273862,207.5919859,13.29798457
2018,"May",18,"630-60",630,60,0,1,3,0.703983718,6.64,6.870358331,69.67164197,5.672052402,151.7322116,9.719710768
2018,"May",18,"630-80",630,80,0,1,3,1.179191139,6.6,28.25871518,125.7187347,5.863886463,174.277512,11.163921
2018,"May",18,"630-100",630,100,0,1,3,1.879374617,6.56,32.64065126,190.5050936,6.176821585,185.5300339,11.88473674
2018,"May",18,"630-120",630,120,0,1,3,0.139896944,6.84,9.260932252,37.88497308,3.646830942,107.0860564,6.859760665
2018,"May",-99,"633-10",633,10,3,1,3,-99,-99,-99,-99,-99,-99,-99
2018,"May",21,"633-20",633,20,3,1,3,0.946021889,6.76,103.3945274,187.5672148,6.077286338,219.8992666,14.0863662
2018,"May",21,"633-40",633,40,3,1,3,1.296334578,6.9,49.33285681,369.4210077,2.179800374,214.4947645,13.7401638
2018,"May",21,"633-60",633,60,3,1,3,0.177128826,7.29,12.89584045,125.6757979,1.102747973,193.4878054,12.39449686
2018,"May",21,"633-80",633,80,3,1,3,1.814936288,6.72,113.9162224,396.9828821,0.234803493,171.1953258,10.96648186
2018,"May",21,"633-100",633,100,3,1,3,1.32448018,6.73,150.4324193,483.5435409,0.330605115,159.832897,10.23862569
2018,"May",21,"633-120",633,120,3,1,3,0.052068231,6.36,116.845902,340.0034824,0.391556457,143.4453004,9.188866571
2018,"July",16,"310-10",310,10,0,0,3,0.294271265,6.19,22.67639894,0,6.498318777,157.4316643,10.08480717
2018,"July",16,"310-20",310,20,0,0,3,0.80272487,6.53,32.0565785,12.41198854,4.591674984,143.4589647,9.189741882
2018,"July",16,"310-40",310,40,0,0,3,0.809042904,6.5,27.50236218,124.3684502,5.983689956,181.0026065,11.59471812
2018,"July",16,"310-60",310,60,0,0,3,0.505453795,6.4,29.2572579,100.1492973,6.040115409,211.4748745,13.54671523
2018,"July",16,"310-80",310,80,0,0,3,0.848009197,6.4,25.1581358,214.333464,3.912641921,188.4882087,12.07423195
2018,"July",16,"310-100",310,100,0,0,3,0.910005624,6.64,44.35721884,248.1488851,3.675336868,170.6911509,10.93418535
2018,"July",16,"310-120",310,120,0,0,3,0.418760225,6.67,71.46642886,201.3099573,7.482582658,264.1240592,16.91932461
2018,"July",16,"311-10",311,10,1,0,3,0.130210207,6.23,19.24518492,0,6.708231441,150.5890776,9.64648372
2018,"July",16,"311-20",311,20,1,0,3,1.015574446,6.46,28.15389995,0,4.586466001,154.2315599,9.879814402
2018,"July",16,"311-40",311,40,1,0,3,0.306035657,6.57,9.305141245,67.59053037,6.23955708,199.5037743,12.7798687
2018,"July",-99,"311-60",311,60,1,0,3,-99,-99,-99,-99,-99,-99,-99
2018,"July",16,"311-80",311,80,1,0,3,0.691631645,6.61,15.43745409,232.4978287,7.539348097,258.9841072,16.59006879
2018,"July",-99,"311-100",311,100,1,0,3,-99,-99,-99,-99,-99,-99,-99
2018,"July",16,"311-120",311,120,1,0,3,0.002388797,6.38,5.091427078,0,5.176774797,107.766567,6.903352914
2018,"July",16,"312-10",312,10,2,0,3,0.841386864,6.41,48.77392468,0,5.833025577,184.6447278,11.82802567
2018,"July",16,"312-20",312,20,2,0,3,1.389649127,6.52,46.77674858,71.24625157,5.684603868,198.9933625,12.74717266
2018,"July",16,"312-40",312,40,2,0,3,1.664241551,6.68,27.87233086,261.2295125,3.540941984,197.3297997,12.64060791
2018,"July",-99,"312-60",312,60,2,0,3,-99,-99,-99,-99,-99,-99,-99
2018,"July",16,"312-80",312,80,2,0,3,1.717258601,6.61,41.82637109,361.190639,2.2952932,176.6686488,11.31709281
2018,"July",-99,"312-100",312,100,2,0,3,-99,-99,-99,-99,-99,-99,-99
2018,"July",16,"312-120",312,120,2,0,3,1.089821266,6.77,42.14068078,391.5788214,1.575864005,167.1246291,10.70572056
2018,"July",16,"313-10",313,10,3,0,3,1.197328435,6.45,151.5662867,10.92685182,4.216412976,150.6616389,9.651131866
2018,"July",16,"313-20",313,20,3,0,3,1.151301637,6.67,198.3624146,192.7989814,1.52808796,167.3889619,10.72265323
2018,"July",16,"313-40",313,40,3,0,3,1.197328435,6.76,102.1083487,337.942537,1.504310667,170.8374161,10.94355482
2018,"July",16,"313-60",313,60,3,0,3,0.573005538,7.02,79.84802037,559.17079,0.864703681,166.3829845,10.65821218
2018,"July",16,"313-80",313,80,3,0,3,1.056175135,6.75,158.5956918,561.3413745,0,197.5521693,12.65485249
2018,"July",16,"313-100",313,100,3,0,3,0.984220542,6.62,169.0072,511.6464145,0.018343731,160.5353653,10.28362451
2018,"July",16,"313-120",313,120,3,0,3,0.691631645,6.6,304.766064,493.2995966,0.462616968,173.9626968,11.14375452
2018,"July",17,"320-10",320,10,0,0,3,0.703815685,6.29,26.90110423,0.950429646,6.164011229,147.7943949,9.467461519
2018,"July",17,"320-20",320,20,0,0,3,1.568398126,6.58,40.67033532,64.6761738,3.999819089,155.7624852,9.977882641
2018,"July",17,"320-40",320,40,0,0,3,0.981546053,6.87,9.449899795,360.4811351,4.848287586,197.3113766,12.63942776
2018,"July",17,"320-60",320,60,0,0,3,0.556783202,6.65,8.668767552,292.4618125,3.213805365,180.449763,11.55930399
2018,"July",17,"320-80",320,80,0,0,3,0.63794027,6.67,11.62996887,271.1634033,3.358440424,178.4324372,11.43007783
2018,"July",17,"320-100",320,100,0,0,3,1.568398126,6.74,43.71320047,283.5921832,4.430564566,193.3607504,12.38635795
2018,"July",17,"320-120",320,120,0,0,3,0.95953694,6.75,56.09769713,336.4144977,1.530829694,144.0134499,9.225261178
2018,"July",17,"321-10",321,10,1,0,3,1.082903118,6.53,45.77254911,0.893935192,4.005380536,141.0205811,9.033543537
2018,"July",17,"321-20",321,20,1,0,3,0.923946295,6.61,31.43522184,36.99389132,4.77577355,164.1820931,10.51722715
2018,"July",17,"321-40",321,40,1,0,3,1.141748798,6.58,36.02259847,15.58249324,4.897423581,149.7466742,9.592520917
2018,"July",-99,"321-60",321,60,1,0,3,-99,-99,-99,-99,-99,-99,-99
2018,"July",17,"321-80",321,80,1,0,3,0.652572849,6.73,22.90667799,372.5144539,2.809809732,178.7152666,11.44819535
2018,"July",-99,"321-100",321,100,1,0,3,-99,-99,-99,-99,-99,-99,-99
2018,"July",17,"321-120",321,120,1,0,3,0.43714983,6.74,24.50089788,124.7862729,3.724139114,152.3479718,9.759155229
2018,"July",17,"322-10",322,10,2,0,3,1.066654122,7.75,39.10807084,0,4.449666251,142.3365049,9.117839184
2018,"July",17,"322-20",322,20,2,0,3,1.298319149,6.5,50.24985711,80.55111539,3.633028696,154.4551537,9.894137406
2018,"July",17,"322-40",322,40,2,0,3,0.008977829,6.36,5.533586775,189.5289172,6.550283843,238.6856192,15.2897852
2018,"July",-99,"322-60",322,60,2,0,3,-99,-99,-99,-99,-99,-99,-99
2018,"July",17,"322-80",322,80,2,0,3,0.863176845,7.05,13.59345129,388.1069232,2.091946351,188.52222,12.07641065
2018,"July",-99,"322-100",322,100,2,0,3,-99,-99,-99,-99,-99,-99,-99
2018,"July",17,"322-120",322,120,2,0,3,1.568398126,6.7,32.18084808,442.117331,3.182030568,199.9218787,12.80665169
2018,"July",17,"323-10",323,10,3,0,3,0.938021336,6.41,57.56764599,40.62263712,4.486094822,151.9069986,9.730907302
2018,"July",17,"323-20",323,20,3,0,3,1.432387049,6.5,49.55748989,76.02648443,3.986132252,155.2526911,9.945226175
2018,"July",17,"323-40",323,40,3,0,3,1.410894036,6.61,20.43901022,197.8684483,5.037436057,181.7901636,11.64516757
2018,"July",17,"323-60",323,60,3,0,3,0.7420615,6.91,12.0240856,347.3932076,5.15492826,217.4752525,13.93108834
2018,"July",17,"323-80",323,80,3,0,3,1.231403841,6.64,12.47146134,410.2915321,3.339616344,198.5171819,12.71666942
2018,"July",17,"323-100",323,100,3,0,3,1.568398126,6.46,19.45194311,404.4536636,3.325676856,186.5607673,11.95076361
2018,"July",17,"323-120",323,120,3,0,3,1.487562961,6.72,11.49504603,276.6482858,3.650290081,184.0643216,11.79084592
2018,"July",17,"330-10",330,10,0,0,3,0.381536789,6.36,11.25715576,8.106337657,4.71819713,132.4378872,8.483752042
2018,"July",17,"330-20",330,20,0,0,3,0.930957216,6.51,36.83568613,8.985156568,3.600202745,124.0137264,7.944115886
2018,"July",17,"330-40",330,40,0,0,3,0.938021336,6.61,11.88916275,75.96371164,5.620124766,175.2732468,11.22770594
2018,"July",17,"330-60",330,60,0,0,3,0.587039174,6.91,8.114873779,94.79554532,5.536063631,172.3718674,11.04184894
2018,"July",17,"330-80",330,80,0,0,3,1.091120206,6.58,31.72282053,142.5028573,4.923387399,171.4056305,10.97995359
2018,"July",17,"330-100",330,100,0,0,3,1.074747913,6.71,40.22651018,173.2615189,3.982694947,162.2292525,10.39213179
2018,"July",17,"330-120",330,120,0,0,3,0.753365778,6.82,31.6021001,256.7179285,2.834553961,153.6083611,9.839893435
2018,"July",19,"331-10",331,10,1,0,3,1.652289259,6.57,32.33924696,14.5091611,3.892538989,142.9312694,9.155938695
2018,"July",19,"331-20",331,20,1,0,3,1.961378306,6.54,34.35777511,5.595426502,4.36386151,142.0680339,9.100641423
2018,"July",19,"331-40",331,40,1,0,3,1.136565693,6.89,10.92742935,54.93009344,4.994098565,176.6603103,11.31655866
2018,"July",-99,"331-60",331,60,1,0,3,-99,-99,-99,-99,-99,-99,-99
2018,"July",19,"331-80",331,80,1,0,3,1.552401869,6.72,35.24438556,139.8284545,3.18621335,163.4138843,10.46801712
2018,"July",-99,"331-100",331,100,1,0,3,-99,-99,-99,-99,-99,-99,-99
2018,"July",19,"331-120",331,120,1,0,3,1.228703078,6.82,33.74100262,125.642353,3.620421085,165.0639577,10.57371776
2018,"July",19,"332-10",332,10,2,0,3,1.391908837,6.52,48.44191504,2.168708371,6.150692452,158.2455994,10.13694635
2018,"July",19,"332-20",332,20,2,0,3,1.639460054,6.62,29.90720091,0,5.329276357,168.2547221,10.77811223
2018,"July",19,"332-40",332,40,2,0,3,0.935327135,6.86,4.850818593,113.9661003,5.85121335,202.2918843,12.95846987
2018,"July",-99,"332-60",332,60,2,0,3,-99,-99,-99,-99,-99,-99,-99
2018,"July",19,"332-80",332,80,2,0,3,1.857225701,6.75,38.56304207,200.4467573,2.842011853,161.4336812,10.34116897
2018,"July",-99,"332-100",332,100,2,0,3,-99,-99,-99,-99,-99,-99,-99
2018,"July",19,"332-120",332,120,2,0,3,1.228703078,6.71,57.44469073,294.4023986,0.997713662,141.6183893,9.071838023
2018,"July",19,"333-10",333,10,3,0,3,0.028028856,6.48,22.32720721,0,9.452330006,199.9556812,12.80881702
2018,"July",19,"333-20",333,20,3,0,3,2.596749282,6.64,60.04144307,6.642786525,4.429282595,161.2998561,10.33259638
2018,"July",19,"333-40",333,40,3,0,3,2.964688755,6.65,9.949704784,218.5067557,2.770265128,203.4825585,13.03474226
2018,"July",19,"333-60",333,60,3,0,3,1.349179801,7.04,12.76022487,249.3342454,2.007411104,201.0696446,12.88017545
2018,"July",19,"333-80",333,80,3,0,3,2.153695257,6.73,55.44368453,266.3030053,1.883796007,167.0094499,10.6983424
2018,"July",19,"333-100",333,100,3,0,3,1.744949096,6.66,65.0001537,304.005298,1.939257642,168.521402,10.79519525
2018,"July",19,"333-120",333,120,3,0,3,1.931038296,6.76,138.7219879,299.1492864,0.02566126,147.5669506,9.452891859
2018,"July",19,"440-10",440,10,0,0,4,0.302067279,6.37,18.90341902,5.551547951,5.372276981,166.7108914,10.67921729
2018,"July",19,"440-20",440,20,0,0,4,1.678249631,6.6,92.93363949,53.62060715,3.359647536,126.3917094,8.096445083
2018,"July",19,"440-40",440,40,0,0,4,2.039330287,6.58,175.4549948,192.8626492,3.357932002,197.0788237,12.62453085
2018,"July",19,"440-60",440,60,0,0,4,3.058581572,6.73,272.7473504,281.8531549,1.666646912,224.5374499,14.38347965
2018,"July",19,"440-80",440,80,0,0,4,2.256813618,7.14,47.40111147,349.0188892,0.534469744,210.1429929,13.46139736
2018,"July",19,"440-100",440,100,0,0,4,3.306530028,7.13,284.343374,372.3713947,0.178452901,204.864048,13.12323791
2018,"July",19,"440-120",440,120,0,0,4,2.497490347,6.75,291.5448937,455.4146502,0.211880848,198.7099831,12.7290199
2018,"July",19,"441-10",441,10,1,0,4,0.942646316,6.57,24.83985422,9.261759104,4.453939488,148.3639408,9.503945572
2018,"July",19,"441-20",441,20,1,0,4,1.916044743,6.76,70.3548603,129.6979111,2.476752963,119.5485444,7.658084591
2018,"July",19,"441-40",441,40,1,0,4,2.120380351,6.76,110.7184143,253.5530185,2.025399251,159.5427898,10.22004196
2018,"July",-99,"441-60",441,60,1,0,4,-99,-99,-99,-99,-99,-99,-99
2018,"July",19,"441-80",441,80,1,0,4,0.648421248,7.15,72.65724396,372.1627498,0.177295696,149.4373061,9.572703368
2018,"July",-99,"441-100",441,100,1,0,4,-99,-99,-99,-99,-99,-99,-99
2018,"July",19,"441-120",441,120,1,0,4,1.916044743,6.84,288.8745492,464.6526486,0.250240175,145.5578984,9.324195693
2018,"July",19,"442-10",442,10,2,0,4,0.550512507,6.63,8.476109153,15.47716808,4.287476606,152.2308378,9.751651842
2018,"July",19,"442-20",442,20,2,0,4,1.051337461,6.74,27.9096991,25.27210529,3.350102932,143.8394556,9.214115421
2018,"July",19,"442-40",442,40,2,0,4,1.145459618,7.01,35.00258271,248.7893606,1.337342483,159.4032468,10.2111031
2018,"July",-99,"442-60",442,60,2,0,4,-99,-99,-99,-99,-99,-99,-99
2018,"July",19,"442-80",442,80,2,0,4,1.381101356,6.79,56.8068919,268.1116137,2.84113849,169.6911058,10.87012431
2018,"July",-99,"442-100",442,100,2,0,4,-99,-99,-99,-99,-99,-99,-99
2018,"July",19,"442-120",442,120,2,0,4,1.228703078,6.79,40.62011849,309.9675748,3.096026201,145.9887052,9.351792377
2018,"July",19,"443-10",443,10,3,0,4,1.136565693,6.68,51.01764105,42.31957794,3.793521522,151.1416615,9.681881223
2018,"July",19,"443-20",443,20,3,0,4,1.842805266,6.83,61.50627773,100.634245,2.791525265,144.7756953,9.274089209
2018,"July",19,"443-40",443,40,3,0,4,0.819246223,6.61,17.70141355,215.8719487,2.346462882,170.6759351,10.93321065
2018,"July",19,"443-60",443,60,3,0,4,0.892590154,6.92,16.14546477,248.6823121,3.061113537,176.529842,11.3082011
2018,"July",19,"443-80",443,80,3,0,4,2.292272132,6.64,55.1633334,197.1919865,3.068421709,174.9458843,11.2067357
2018,"July",19,"443-100",443,100,3,0,4,1.946149178,6.71,38.26867338,211.6435332,2.963374922,157.9482257,10.11789713
2018,"July",19,"443-120",443,120,3,0,4,1.772365317,6.68,44.2611788,268.3257107,3.087875858,169.9000846,10.88351111
2018,"July",20,"450-10",450,10,0,0,4,3.038182401,6.55,30.60376653,109.4657458,2.311238303,115.7775882,7.416524109
2018,"July",20,"450-20",450,20,0,0,4,1.953748409,6.61,36.98505635,90.78578356,2.625262009,123.9966573,7.943022471
2018,"July",20,"450-40",450,40,0,0,4,2.043469452,6.78,34.05228021,261.8492768,6.824017467,190.6724344,12.2141494
2018,"July",20,"450-60",450,60,0,0,4,2.840302362,6.83,49.20880571,377.0334563,3.489538366,163.1090719,10.4484914
2018,"July",20,"450-80",450,80,0,0,4,2.993050236,7.01,76.11952849,453.3590325,0.260196507,156.2317377,10.00794209
2018,"July",20,"450-100",450,100,0,0,4,3.061003051,6.8,266.9809047,502.2266699,0.182985028,148.627244,9.520812291
2018,"July",20,"450-120",450,120,0,0,4,2.320688064,7.04,150.7821588,531.6650057,0.01628821,132.2114189,8.469244904
2018,"July",20,"451-10",451,10,1,0,4,0.612535454,6.65,10.98649622,37.2615366,1.207754211,124.4920254,7.974754836
2018,"July",20,"451-20",451,20,1,0,4,1.840218055,6.82,40.61446304,178.8331698,2.706849657,125.8133145,8.059394174
2018,"July",20,"451-40",451,40,1,0,4,2.926605941,6.82,53.62721386,313.0719812,2.603808484,163.5100705,10.47417862
2018,"July",-99,"451-60",451,60,1,0,4,-99,-99,-99,-99,-99,-99,-99
2018,"July",20,"451-80",451,80,1,0,4,1.584422176,7.05,51.93759611,377.9433685,0.351609482,156.6668181,10.03581253
2018,"July",-99,"451-100",451,100,1,0,4,-99,-99,-99,-99,-99,-99,-99
2018,"July",20,"451-120",451,120,1,0,4,2.105560985,7.11,152.4448351,516.9458379,0.414157829,151.3887334,9.697708194
2018,"July",20,"452-10",452,10,2,0,4,1.657182829,6.69,52.54955333,125.7371168,4.095614473,157.8556784,10.11196873
2018,"July",20,"452-20",452,20,2,0,4,2.538725783,6.81,83.84596956,285.7014383,3.033898939,132.9606827,8.517241353
2018,"July",20,"452-40",452,40,2,0,4,2.861636678,6.81,34.7373644,399.8260528,4.487560823,179.3882652,11.4913064
2018,"July",-99,"452-60",452,60,2,0,4,-99,-99,-99,-99,-99,-99,-99
2018,"July",20,"452-80",452,80,2,0,4,3.107159875,6.74,32.22025732,404.2803547,3.262283219,188.5849788,12.08043086
2018,"July",-99,"452-100",452,100,2,0,4,-99,-99,-99,-99,-99,-99,-99
2018,"July",20,"452-120",452,120,2,0,4,3.154012698,6.8,42.39645169,427.3617375,2.46907985,157.8956474,10.11452906
2018,"July",20,"453-10",453,10,3,0,4,1.983208955,6.62,54.80879164,163.9505189,2.128194011,120.1519182,7.696735599
2018,"July",20,"453-20",453,20,3,0,4,2.756543815,6.79,82.93958009,262.2826084,2.737582658,123.5677772,7.915549204
2018,"July",20,"453-40",453,40,3,0,4,2.355681689,6.84,21.47444239,371.615474,2.889946974,161.7314499,10.36024348
2018,"July",20,"453-60",453,60,3,0,4,3.83143379,6.72,33.67125024,399.4886057,0.887598253,155.204615,9.942146505
2018,"July",20,"453-80",453,80,3,0,4,4.03748346,6.83,39.07109922,377.1496066,1.724600749,154.2808886,9.882974303
2018,"July",20,"453-100",453,100,3,0,4,4.41682082,6.88,24.49574064,337.5333153,1.225854648,149.89167,9.601809078
2018,"July",20,"453-120",453,120,3,0,4,4.09836462,6.91,31.46974374,423.5148403,0.959703681,134.8176305,8.636193995
2018,"July",20,"460-10",460,10,0,0,4,0.535343696,6.36,6.296748552,41.05227932,1.883393637,101.005622,6.470259285
2018,"July",20,"460-20",460,20,0,0,4,2.028234805,6.62,31.78534432,220.1692084,2.156812227,83.22164739,5.331050772
2018,"July",20,"460-40",460,40,0,0,4,2.338119411,6.88,31.13874801,387.7454461,2.231634435,132.3768237,8.479840429
2018,"July",20,"460-60",460,60,0,0,4,2.338119411,7.13,-99,430.0613144,1.222330006,156.1143808,10.00042442
2018,"July",20,"460-80",460,80,0,0,4,2.252252583,7.11,80.54178542,485.4701308,1.061812227,140.0085388,8.968713979
2018,"July",20,"460-100",460,100,0,0,4,3.083995113,6.83,97.03384022,491.9491154,0.862467249,131.6753343,8.434904314
2018,"July",20,"460-120",460,120,0,0,4,2.391202982,6.95,130.2026916,517.5950962,0.657604492,115.8563611,7.421570156
2018,"July",20,"461-10",461,10,1,0,4,0.722153372,6.24,22.35966353,41.52470531,2.032301934,118.199512,7.571668069
2018,"July",20,"461-20",461,20,1,0,4,0.903913777,6.68,38.38601503,184.1973458,2.091597006,86.32555712,5.529881487
2018,"July",20,"461-40",461,40,1,0,4,1.131421868,6.8,11.84862464,302.7087729,4.648440424,160.7507504,10.29742168
2018,"July",-99,"461-60",461,60,1,0,4,-99,-99,-99,-99,-99,-99,-99
2018,"July",20,"461-80",461,80,1,0,4,1.608313657,6.68,13.52477163,367.5661086,3.112423581,156.4313117,10.02072643
2018,"July",-99,"461-100",461,100,1,0,4,-99,-99,-99,-99,-99,-99,-99
2018,"July",20,"461-120",461,120,1,0,4,0.344260731,6.74,14.05782871,463.1986212,1.718368684,137.5330663,8.81013979
2018,"July",20,"462-10",462,10,2,0,4,1.503562484,6.51,21.52062784,142.4888823,2.526818465,97.51784767,6.246838914
2018,"July",20,"462-20",462,20,2,0,4,2.269169891,6.69,48.68921939,158.1464285,2.96665315,113.9219633,7.297656215
2018,"July",20,"462-40",462,40,2,0,4,2.538725783,6.72,32.45503336,319.5136393,3.989575795,150.5237264,9.642297443
2018,"July",-99,"462-60",462,60,2,0,4,-99,-99,-99,-99,-99,-99,-99
2018,"July",20,"462-80",462,80,2,0,4,2.252252583,6.93,13.66910117,297.9170239,2.437891454,159.1768575,10.19660102
2018,"July",-99,"462-100",462,100,2,0,4,-99,-99,-99,-99,-99,-99,-99
2018,"July",20,"462-120",462,120,2,0,4,1.983208955,6.75,22.29423414,357.9151211,2.042392389,141.9864231,9.095413591
2018,"July",20,"463-10",463,10,3,0,4,2.137310712,6.74,34.66423743,191.6211824,1.248605739,108.3562454,6.941126622
2018,"July",20,"463-20",463,20,3,0,4,2.391202982,6.83,48.05801822,255.0871357,1.719132876,134.7346008,8.630875271
2018,"July",20,"463-40",463,40,3,0,4,2.519798859,6.89,20.04654219,318.5847995,0.877738615,151.7928745,9.723596722
2018,"July",20,"463-60",463,60,3,0,4,2.883131243,6.83,28.12899612,311.5358198,0.970577043,146.9338082,9.412333925
2018,"July",20,"463-80",463,80,3,0,4,3.107159875,6.77,32.87070242,321.1997435,1.197195883,154.3770212,9.889132378
2018,"July",20,"463-100",463,100,3,0,4,1.854040454,6.77,21.88433826,307.556557,1.584591391,146.717103,9.398452189
2018,"July",20,"463-120",463,120,3,0,4,0.744096254,6.74,14.56971746,267.5933899,1.807164691,138.762031,8.888864998
2018,"July",-99,"610-10",610,10,0,1,3,-99,-99,-99,-99,-99,-99,-99
2018,"July",16,"610-20",610,20,0,1,3,0.435501444,6.48,12.63813349,0,5.079684966,152.1977292,9.749530967
2018,"July",16,"610-40",610,40,0,1,3,0.113072762,6.47,7.92348827,0,8.270068621,193.3717743,12.38706413
2018,"July",16,"610-60",610,60,0,1,3,0.007989578,6.88,6.338843626,0,10.19702121,247.6233286,15.86231833
2018,"July",16,"610-80",610,80,0,1,3,0.001601521,6.99,7.186824954,13.64008238,6.927033687,199.4808011,12.77839708
2018,"July",16,"610-100",610,100,0,1,3,0.24571782,6.59,13.7005657,96.49357607,5.870093575,182.5474584,11.69367847
2018,"July",16,"610-120",610,120,0,1,3,0.001265866,7.04,5.466306854,10.29852473,13.20043668,325.6262877,20.85904358
2018,"July",-99,"613-10",613,10,3,1,3,-99,-99,-99,-99,-99,-99,-99
2018,"July",16,"613-20",613,20,3,1,3,0.272081809,6.8,68.82098905,86.87849424,10.74351528,314.6103244,20.15338135
2018,"July",16,"613-40",613,40,3,1,3,0.197288276,6.88,72.24238089,437.483076,5.640268247,345.5785472,22.13714842
2018,"July",16,"613-60",613,60,3,1,3,0.005703165,6.85,27.18805249,124.8992618,0.522342483,287.7754866,18.43439129
2018,"July",16,"613-80",613,80,3,1,3,0.007047685,7,47.56743387,260.0904903,0.801615721,247.0703526,15.82689571
2018,"July",16,"613-100",613,100,3,1,3,1.664241551,6.7,149.6214956,561.657886,0.469516532,165.322,10.59024747
2018,"July",16,"613-120",613,120,3,1,3,0.442383855,6.77,105.1270313,622.7283908,1.49779476,165.5742313,10.60640495
2018,"July",-99,"620-10",620,10,0,1,3,-99,-99,-99,-99,-99,-99,-99
2018,"July",16,"620-20",620,20,0,1,3,0.240006028,6.42,34.16834667,3.605668985,5.305265128,134.7925134,8.634585042
2018,"July",16,"620-40",620,40,0,1,3,0.218456077,6.64,13.35842651,122.6959781,6.732663755,199.4245303,12.77479248
2018,"July",16,"620-60",620,60,0,1,3,0.179573918,6.96,6.615501627,92.92340082,7.504232689,208.1937207,13.33653059
2018,"July",16,"620-80",620,80,0,1,3,0.072893239,6.99,6.129303839,62.35990119,5.759728634,192.3103949,12.31907412
2018,"July",16,"620-100",620,100,0,1,3,0.101318864,6.45,18.88831247,17.89876586,8.17382408,185.9103357,11.90909817
2018,"July",16,"620-120",620,120,0,1,3,0.218456077,6.84,11.63299732,134.4468245,3.529151591,181.6821016,11.63824531
2018,"July",-99,"623-10",623,10,3,1,3,-99,-99,-99,-99,-99,-99,-99
2018,"July",17,"623-20",623,20,3,1,3,0.025481473,6.75,15.36520124,25.74548853,4.962526513,156.4869337,10.02428947
2018,"July",17,"623-40",623,40,3,1,3,1.510223919,6.72,31.07306053,200.4421322,5.981182158,220.5385275,14.12731608
2018,"July",17,"623-60",623,60,3,1,3,0.493353506,6.74,14.07988364,345.9494337,3.967907049,213.4625275,13.67404061
2018,"July",17,"623-80",623,80,3,1,3,1.034883922,6.71,40.5922221,386.75174,4.101063631,274.985653,17.61509821
2018,"July",17,"623-100",623,100,3,1,3,0.788322374,6.7,40.14484636,455.174069,2.081609482,172.5417236,11.05272961
2018,"July",17,"623-120",623,120,3,1,3,0.938021336,6.64,72.90269216,504.8901099,0.855742358,153.3758561,9.824999599
2018,"July",-99,"630-10",630,10,0,1,3,-99,-99,-99,-99,-99,-99,-99
2018,"July",17,"630-20",630,20,0,1,3,0.427347661,6.5,22.11134334,14.38361554,4.121197754,116.9024965,7.488583655
2018,"July",17,"630-40",630,40,0,1,3,0.128465133,6.72,6.311168417,13.50479664,6.834828447,168.4679408,10.79177062
2018,"July",17,"630-60",630,60,0,1,3,0.528086622,6.73,7.983501538,45.95832334,6.681035558,174.2188265,11.16016172
2018,"July",17,"630-80",630,80,0,1,3,0.693254908,6.6,22.82856476,84.37526402,6.072136619,177.0039549,11.33857189
2018,"July",17,"630-100",630,100,0,1,3,1.12461682,6.54,28.34619888,101.9516421,6.530548971,189.6399859,12.14801266
2018,"July",17,"630-120",630,120,0,1,3,0.095663992,6.87,29.08117331,74.3316194,6.213708671,186.6246911,11.95485846
2018,"July",-99,"633-10",633,10,3,1,3,-99,-99,-99,-99,-99,-99,-99
2018,"July",19,"633-20",633,20,3,1,3,1.916044743,6.86,74.20968835,47.23686149,3.523973799,187.0165416,11.97995967
2018,"July",19,"633-40",633,40,3,1,3,3.180140219,6.79,78.68829766,309.2978051,1.388730505,216.1939605,13.84901115
2018,"July",19,"633-60",633,60,3,1,3,0.40620271,7.21,28.9750334,134.5905094,1.48422645,187.0848237,11.9843337
2018,"July",19,"633-80",633,80,3,1,3,2.274473777,6.78,163.8344405,288.2369006,0.400180911,163.9625388,10.5031629
2018,"July",19,"633-100",633,100,3,1,3,2.478098576,6.63,195.4335173,363.3686764,0.020187149,157.4170889,10.08387349
2018,"July",19,"633-120",633,120,3,1,3,1.424841359,6.7,262.3708541,398.3974347,0.729148472,153.1500085,9.810532215
2018,"September",6,"310-10",310,10,0,0,3,0.003148233,6.96,1.198799292,1.467624665,4.631547099,99.61484344,6.381168583
2018,"September",6,"310-20",310,20,0,0,3,1.781066621,6.44,63.10157257,29.79383194,3.084276357,158.6489817,10.16278626
2018,"September",6,"310-40",310,40,0,0,3,1.366776762,6.57,32.81386814,97.12927324,4.929650655,187.4489055,12.00765611
2018,"September",6,"310-60",310,60,0,0,3,1.579120808,6.56,46.69728188,57.79631112,3.802211478,163.3397151,10.46326597
2018,"September",6,"310-80",310,80,0,0,3,1.192515786,6.75,15.16215235,209.4089634,4.247152215,201.4063047,12.90174127
2018,"September",6,"310-100",310,100,0,0,3,1.202121757,6.67,47.63052688,195.6505199,5.011388022,209.403244,13.41401042
2018,"September",6,"310-120",310,120,0,0,3,1.065819469,6.65,56.04832247,196.5677494,4.451933874,193.9018533,12.42102
2018,"September",6,"311-10",311,10,1,0,3,1.541566964,6.62,49.80933793,40.36894931,0.157935122,165.2304711,10.5843843
2018,"September",6,"311-20",311,20,1,0,3,2.025019891,6.59,294.6877351,30.11756001,3.198964442,222.1561946,14.23094084
2018,"September",6,"311-40",311,40,1,0,3,1.302541781,6.79,6.415304242,103.8196536,5.971893325,222.1091819,14.22792929
2018,"September",-99,"311-60",311,60,1,0,3,-99,-99,-99,-99,-99,-99,-99
2018,"September",6,"311-80",311,80,1,0,3,1.251324824,6.77,10.38996126,236.1704849,4.681116656,214.9080282,13.76663671
2018,"September",-99,"311-100",311,100,1,0,3,-99,-99,-99,-99,-99,-99,-99
2018,"September",6,"311-120",311,120,1,0,3,1.271565398,6.86,11.32878342,244.9111432,4.560364941,231.4687109,14.8274834
2018,"September",6,"312-10",312,10,2,0,3,1.853966009,6.57,272.664565,95.5106328,1.26977854,130.6547109,8.369525067
2018,"September",6,"312-20",312,20,2,0,3,2.768967098,6.62,65.65219438,97.12927322,1.935421085,176.2551227,11.29060309
2018,"September",6,"312-40",312,40,2,0,3,1.945394532,6.73,19.75959238,266.4930154,4.384875234,239.1167757,15.31740429
2018,"September",-99,"312-60",312,60,2,0,3,-99,-99,-99,-99,-99,-99,-99
2018,"September",6,"312-80",312,80,2,0,3,1.766834391,6.76,23.74168561,376.7224277,2.609444791,207.0213935,13.26143348
2018,"September",-99,"312-100",312,100,2,0,3,-99,-99,-99,-99,-99,-99,-99
2018,"September",6,"312-120",312,120,2,0,3,1.781066621,6.92,25.09507678,343.2705258,1.639320025,170.7522003,10.93809606
2018,"September",6,"313-10",313,10,3,0,3,1.553984616,6.65,337.4957322,169.1587717,1.011777916,135.8611594,8.703040527
2018,"September",6,"313-20",313,20,3,0,3,2.576077416,6.7,286.7789127,282.1938274,0.203334373,167.1906855,10.70995201
2018,"September",6,"313-40",313,40,3,0,3,1.643754516,6.87,174.7480043,385.6789047,0.033911416,184.903701,11.84461501
2018,"September",6,"313-60",313,60,3,0,3,1.345020629,7.11,75.65018569,532.6244771,0.012944479,162.1219069,10.38525543
2018,"September",6,"313-80",313,80,3,0,3,1.366776762,6.78,191.9996409,477.1320881,0.016372427,160.9840395,10.31236575
2018,"September",6,"313-100",313,100,3,0,3,1.173533511,6.63,341.6711116,435.2632561,0.139753587,144.3632807,9.247670688
2018,"September",6,"313-120",313,120,3,0,3,1.048853925,6.69,229.5803576,517.3287431,0.032545228,124.4764937,7.973759902
2018,"September",7,"320-10",320,10,0,0,3,3.919554186,6.7,235.5075477,208.8341635,0.052956956,163.8631763,10.49679793
2018,"September",7,"320-20",320,20,0,0,3,2.633552521,6.67,58.16149344,82.12213308,2.849678727,227.2910494,14.55987013
2018,"September",7,"320-40",320,40,0,0,3,1.015608691,7.16,10.12667913,232.6939018,7.202526513,300.1713738,19.22844889
2018,"September",7,"320-60",320,60,0,0,3,1.188919927,6.81,11.72965324,259.2324097,5.202570181,280.3162341,17.95656537
2018,"September",7,"320-80",320,80,0,0,3,0.476024146,6.93,10.838182,256.4290461,7.751768559,348.098835,22.29859339
2018,"September",7,"320-100",320,100,0,0,3,1.878946515,6.83,50.5316715,251.3206949,4.537386151,247.003653,15.82262306
2018,"September",7,"320-120",320,120,0,0,3,1.350657524,6.75,77.72363704,185.2859101,1.391094822,169.5473625,10.86091638
2018,"September",7,"321-10",321,10,1,0,3,2.166824985,6.79,193.1900644,63.55763697,0.184438553,187.394567,12.00417528
2018,"September",7,"321-20",321,20,1,0,3,2.150628736,6.8,50.33914719,58.82306748,3.195155958,189.8044654,12.15854892
2018,"September",7,"321-40",321,40,1,0,3,2.216149252,6.69,63.93722262,33.34360809,4.191556457,217.3439859,13.92267965
2018,"September",-99,"321-60",321,60,1,0,3,-99,-99,-99,-99,-99,-99,-99
2018,"September",7,"321-80",321,80,1,0,3,1.581144056,6.74,33.38026703,372.4259983,3.686444167,239.5751171,15.34676479
2018,"September",-99,"321-100",321,100,1,0,3,-99,-99,-99,-99,-99,-99,-99
2018,"September",7,"321-120",321,120,1,0,3,1.360829241,6.94,15.39180037,349.1892297,2.94448534,161.5971171,10.35163836
2018,"September",7,"322-10",322,10,2,0,3,1.950771355,6.81,144.9785412,112.0869741,0.153097318,172.0997207,11.02441573
2018,"September",7,"322-20",322,20,2,0,3,2.166824985,6.71,66.1386962,139.3730455,2.778181535,256.4807842,16.42971055
2018,"September",7,"322-40",322,40,2,0,3,0.73005778,6.98,7.916834926,281.2232389,4.130499064,265.0587504,16.97919919
2018,"September",-99,"322-60",322,60,2,0,3,-99,-99,-99,-99,-99,-99,-99
2018,"September",7,"322-80",322,80,2,0,3,0.697922004,6.92,6.552423541,341.4021088,2.69397068,245.4681721,15.72426299
2018,"September",-99,"322-100",322,100,2,0,3,-99,-99,-99,-99,-99,-99,-99
2018,"September",7,"322-120",322,120,2,0,3,1.704336494,6.81,38.26871028,396.845777,2.853839676,229.0236107,14.67085481
2018,"September",7,"323-10",323,10,3,0,3,1.921717695,6.73,101.1305334,49.76169047,0.621946351,174.0848519,11.15157956
2018,"September",7,"323-20",323,20,3,0,3,1.950771355,6.76,120.28743,134.3978319,1.222292576,203.7622116,13.05265631
2018,"September",7,"323-40",323,40,3,0,3,1.823395407,6.93,24.87152977,197.7167986,4.524981285,258.3007024,16.54629114
2018,"September",7,"323-60",323,60,3,0,3,1.188919927,7.11,4.99548785,352.2505007,4.508081722,296.2783865,18.97907132
2018,"September",7,"323-80",323,80,3,0,3,0.928166147,6.92,11.31949277,345.2923725,4.629878353,290.7062595,18.62213118
2018,"September",7,"323-100",323,100,3,0,3,1.180033172,6.82,16.81480611,362.6876931,4.737461011,270.1517574,17.3054478
2018,"September",7,"323-120",323,120,3,0,3,0.329585317,7.4,4.07471943,354.9072406,3.999014348,229.7891989,14.71989697
2018,"September",7,"330-10",330,10,0,0,3,1.0947383,6.66,142.2823854,1.181304378,0.233038054,147.4214189,9.443569365
2018,"September",7,"330-20",330,20,0,0,3,1.046549972,6.7,56.20695321,11.23896245,3.719532127,144.2468209,9.240210489
2018,"September",7,"330-40",330,40,0,0,3,0.985582191,6.57,25.65418293,8.645478279,6.232776045,180.3353371,11.55197407
2018,"September",7,"330-60",330,60,0,0,3,0.494220704,6.82,5.727917274,68.80165948,8.409369931,228.2540395,14.6215575
2018,"September",7,"330-80",330,80,0,0,3,0.985582191,6.74,27.51246101,102.2006749,9.375090455,249.9097292,16.00878092
2018,"September",7,"330-100",330,100,0,0,3,0.9709035,6.78,40.62504037,151.666641,5.283680599,214.7589647,13.75708798
2018,"September",7,"330-120",330,120,0,0,3,0.540781242,6.63,65.71179448,204.864694,3.777592015,209.531574,13.422231
2018,"September",11,"331-10",331,10,1,0,3,2.009779824,6.63,137.4857694,39.32449812,1.010065502,192.0924542,12.30511324
2018,"September",11,"331-20",331,20,1,0,3,2.257965917,6.52,84.28100608,20.98034193,4.129132876,219.269481,14.0460233
2018,"September",11,"331-40",331,40,1,0,3,0.949754123,6.86,7.254117928,63.70189281,5.926172801,219.9136869,14.08728994
2018,"September",-99,"331-60",331,60,1,0,3,-99,-99,-99,-99,-99,-99,-99
2018,"September",11,"331-80",331,80,1,0,3,1.841712378,6.85,22.4221824,188.2321466,5.014033063,248.5954697,15.92459189
2018,"September",-99,"331-100",331,100,1,0,3,-99,-99,-99,-99,-99,-99,-99
2018,"September",11,"331-120",331,120,1,0,3,1.021449147,6.68,86.1910138,257.1989995,2.274051778,161.9120931,10.37181515
2018,"September",11,"332-10",332,10,2,0,3,1.93796398,6.78,171.2605177,50.54213997,0.207033687,148.3948463,9.505925321
2018,"September",11,"332-20",332,20,2,0,3,2.446152344,6.64,51.16613374,47.06942741,4.024993762,204.115323,13.07527598
2018,"September",11,"332-40",332,40,2,0,3,1.502194722,6.93,10.54744344,143.0868833,5.88305053,237.9782595,15.24447305
2018,"September",-99,"332-60",332,60,2,0,3,-99,-99,-99,-99,-99,-99,-99
2018,"September",11,"332-80",332,80,2,0,3,0.522932428,6.64,21.42631466,176.4736637,3.493349969,176.3257207,11.29512547
2018,"September",-99,"332-100",332,100,2,0,3,-99,-99,-99,-99,-99,-99,-99
2018,"September",11,"332-120",332,120,2,0,3,0.258149696,6.82,88.60652277,56.0862951,2.211796631,67.67831876,4.335373895
2018,"September",11,"333-10",333,10,3,0,3,1.687699539,6.72,135.2458238,55.84259597,0.522875858,134.7053032,8.628998521
2018,"September",11,"333-20",333,20,3,0,3,2.934251987,6.69,135.9601848,138.7002991,1.347407985,180.2855994,11.54878797
2018,"September",11,"333-40",333,40,3,0,3,2.34164019,6.91,12.93570983,285.0416247,1.304363693,204.3558674,13.09068481
2018,"September",11,"333-60",333,60,3,0,3,1.417234714,7.07,16.67399752,314.4073695,3.432192764,265.2959464,16.99439353
2018,"September",11,"333-80",333,80,3,0,3,1.841712378,6.72,72.05211356,328.1154454,1.707258266,185.0251876,11.85239722
2018,"September",11,"333-100",333,100,3,0,3,0.851535667,6.68,105.4545465,292.230749,1.551743606,150.8060169,9.660380453
2018,"September",11,"333-120",333,120,3,0,3,1.763024995,6.68,212.4452483,343.8949638,0.72179975,198.2826516,12.70164584
2018,"September",11,"440-10",440,10,0,0,4,0.736193059,6.47,78.12115552,18.06923131,2.758396756,100.787653,6.456296596
2018,"September",11,"440-20",440,20,0,0,4,1.77590212,6.66,144.4053854,65.59056103,0.832785402,106.6687024,6.833025739
2018,"September",11,"440-40",440,40,0,0,4,2.257965917,6.56,363.1027827,241.6022554,1.818063007,149.792976,9.595486927
2018,"September",11,"440-60",440,60,0,0,4,2.464019028,6.66,296.9517388,315.5649404,1.305601996,171.0465049,10.95694867
2018,"September",11,"440-80",440,80,0,0,4,1.737550184,7.1,59.64463077,442.9891212,0.486194635,171.8502313,11.00843389
2018,"September",11,"440-100",440,100,0,0,4,2.611731381,6.7,431.3000472,406.2819403,0.036044916,160.3427278,10.27128451
2018,"September",11,"440-120",440,120,0,0,4,2.358743518,6.78,397.5313529,471.5323815,0.04209607,151.7844852,9.72305932
2018,"September",11,"441-10",441,10,1,0,4,1.098556284,6.46,93.66153528,62.72709631,0.865714286,101.3992525,6.495474525
2018,"September",11,"441-20",441,20,1,0,4,2.358743518,6.69,124.9965589,177.3777838,0.202595134,121.2518872,7.767197576
2018,"September",11,"441-40",441,40,1,0,4,2.48201621,6.74,189.0347892,377.4744394,0.634391765,149.1231763,9.552580796
2018,"September",-99,"441-60",441,60,1,0,4,-99,-99,-99,-99,-99,-99,-99
2018,"September",11,"441-80",441,80,1,0,4,1.317759692,7.09,20.13380548,508.9110546,0.021996257,147.2660621,9.433617493
2018,"September",-99,"441-100",441,100,1,0,4,-99,-99,-99,-99,-99,-99,-99
2018,"September",11,"441-120",441,120,1,0,4,1.663313143,6.79,299.8212908,555.9199426,0.376759201,134.3561157,8.60663021
2018,"September",11,"442-10",442,10,2,0,4,1.663313143,6.5,39.66371008,14.75880232,1.561113537,104.7416051,6.709579449
2018,"September",11,"442-20",442,20,2,0,4,3.132870287,6.66,69.67595498,70.76939217,0.925786026,138.7641298,8.888999439
2018,"September",11,"442-40",442,40,2,0,4,2.555329087,6.85,58.4096337,352.8227196,0.732713662,180.5339323,11.56469572
2018,"September",-99,"442-60",442,60,2,0,4,-99,-99,-99,-99,-99,-99,-99
2018,"September",11,"442-80",442,80,2,0,4,2.788518394,6.64,102.5426171,303.9017055,2.710692452,201.7806714,12.92572251
2018,"September",-99,"442-100",442,100,2,0,4,-99,-99,-99,-99,-99,-99,-99
2018,"September",11,"442-120",442,120,2,0,4,1.712443472,6.7,25.24027619,248.4500449,2.16966937,147.9242482,9.475779682
2018,"September",11,"443-10",443,10,3,0,4,0.780326163,6.58,80.13710661,19.34790526,1.990421085,93.96590127,6.019307798
2018,"September",11,"443-20",443,20,3,0,4,2.912975629,6.72,173.1402558,155.1382849,0.795804741,146.4301664,9.380071566
2018,"September",11,"443-40",443,40,3,0,4,1.966377124,6.83,11.29510098,325.2292673,1.866880848,163.9123667,10.49994897
2018,"September",11,"443-60",443,60,3,0,4,2.428415212,6.84,8.93105022,291.6346803,2.806699938,165.7512638,10.61774532
2018,"September",11,"443-80",443,80,3,0,4,2.808885718,6.57,67.68421952,262.2173537,2.561219588,162.7438561,10.42509635
2018,"September",11,"443-100",443,100,3,0,4,1.952118858,6.6,45.48151489,273.3371032,3.125327511,158.3915515,10.14629576
2018,"September",11,"443-120",443,120,3,0,4,2.611731381,6.66,46.74980845,311.8149664,2.545626949,148.5406827,9.51526733
2018,"September",10,"450-10",450,10,0,0,4,0.642389868,6.42,34.55186168,39.64586062,2.969182782,110.140976,7.055453163
2018,"September",10,"450-20",450,20,0,0,4,2.207753813,6.62,77.7494291,152.902568,1.452270742,137.0979887,8.782269526
2018,"September",10,"450-40",450,40,0,0,4,2.014291,6.7,65.34849478,341.1734583,3.649975047,170.2061269,10.90311561
2018,"September",10,"450-60",450,60,0,0,4,2.670983664,6.73,89.15123601,387.7705037,3.492963194,168.0008378,10.76184887
2018,"September",10,"450-80",450,80,0,0,4,2.014291,6.75,291.3779822,393.8893076,0.689716157,190.7764231,12.22081073
2018,"September",10,"450-100",450,100,0,0,4,2.042912017,6.84,230.1625372,582.5720404,0.024784779,160.0750268,10.25413608
2018,"September",10,"450-120",450,120,0,0,4,1.930811422,6.81,244.746439,624.1681403,0.01044292,134.9622031,8.645455051
2018,"September",10,"451-10",451,10,1,0,4,0.694224063,6.47,86.93468445,47.82387743,1.422361198,90.57335684,5.801987679
2018,"September",10,"451-20",451,20,1,0,4,2.489052041,6.7,216.5945549,313.1093288,0.227782283,111.6511255,7.152190547
2018,"September",10,"451-40",451,40,1,0,4,3.23140818,6.72,127.4623148,425.0128392,1.67852776,169.9005134,10.88353857
2018,"September",-99,"451-60",451,60,1,0,4,-99,-99,-99,-99,-99,-99,-99
2018,"September",10,"451-80",451,80,1,0,4,1.944480467,7.05,9.271419404,498.3796517,1.133817842,216.4747504,13.86699803
2018,"September",-99,"451-100",451,100,1,0,4,-99,-99,-99,-99,-99,-99,-99
2018,"September",10,"451-120",451,120,1,0,4,1.903760924,6.91,58.87515669,502.3804081,0.732975671,174.3081721,11.16588503
2018,"September",10,"452-10",452,10,2,0,4,1.497772118,6.61,125.3968917,266.1592755,1.76419214,122.412,7.841512258
2018,"September",10,"452-20",452,20,2,0,4,2.489052041,6.75,215.7129719,307.4729141,0.558131628,123.2853597,7.897458062
2018,"September",10,"452-40",452,40,2,0,4,2.270939402,6.82,48.97623891,397.0730585,4.104017467,187.8073822,12.03061946
2018,"September",-99,"452-60",452,60,2,0,4,-99,-99,-99,-99,-99,-99,-99
2018,"September",10,"452-80",452,80,2,0,4,2.146326272,6.6,74.31545338,410.6782865,2.631774797,157.2678392,10.07431283
2018,"September",-99,"452-100",452,100,2,0,4,-99,-99,-99,-99,-99,-99,-99
2018,"September",10,"452-120",452,120,2,0,4,2.071939711,6.65,21.10562179,458.8796657,2.539931379,158.7347814,10.16828244
2018,"September",10,"453-10",453,10,3,0,4,1.529807966,6.69,189.8867878,86.87386003,0.526353712,99.04493371,6.34466122
2018,"September",10,"453-20",453,20,3,0,4,2.192234046,6.7,200.3314474,273.5894177,0.457080474,110.924945,7.105672765
2018,"September",10,"453-40",453,40,3,0,4,0.005265039,7.11,8.54936094,49.68623682,2.013296943,53.72427645,3.441503759
2018,"September",10,"453-60",453,60,3,0,4,3.119415262,6.59,63.10675513,493.5406038,0.800349345,154.8535289,9.919656583
2018,"September",10,"453-80",453,80,3,0,4,1.749233163,6.74,19.06958484,304.4927213,1.292997505,110.6750606,7.089665636
2018,"September",10,"453-100",453,100,3,0,4,1.700563293,6.76,40.35351748,484.1465178,1.109606987,155.6804767,9.97262933
2018,"September",10,"453-120",453,120,3,0,4,3.09748682,6.63,45.79414405,558.7809113,0.882152215,136.5489986,8.747102234
2018,"September",10,"460-10",460,10,0,0,4,0.24266356,6.44,70.5120524,28.4361664,1.539011229,92.02528632,5.894995595
2018,"September",10,"460-20",460,20,0,0,4,1.917238466,6.59,125.4640599,242.3621801,0.866338116,106.5691678,6.826649739
2018,"September",10,"460-40",460,40,0,0,4,2.23912374,6.8,56.29757589,405.0418349,1.720305677,133.7778702,8.569588879
2018,"September",10,"460-60",460,60,0,0,4,0.031150172,7,21.31972052,240.2890025,1.283268871,92.30970945,5.913215214
2018,"September",10,"460-80",460,80,0,0,4,2.670983664,6.72,138.948082,464.8400514,1.292916407,147.4909365,9.448022536
2018,"September",10,"460-100",460,100,0,0,4,2.05737467,6.73,187.7793846,444.6265697,1.434438553,153.8922257,9.858077276
2018,"September",10,"460-120",460,120,0,0,4,2.542290376,6.72,309.798869,558.9752719,0.976887087,143.2744062,9.177919404
2018,"September",10,"461-10",461,10,1,0,4,0.345295437,6.46,62.91364647,47.8722064,1.710782907,79.58720733,5.098235266
2018,"September",10,"461-20",461,20,1,0,4,2.766877038,6.62,302.3431956,333.8411417,0.533247037,99.67763047,6.385190604
2018,"September",10,"461-40",461,40,1,0,4,2.161521039,6.88,23.63702443,297.2365997,3.316871491,141.3196389,9.052700628
2018,"September",-99,"461-60",461,60,1,0,4,-99,-99,-99,-99,-99,-99,-99
2018,"September",10,"461-80",461,80,1,0,4,1.98607096,6.67,52.59492726,363.9022169,3.103259513,164.1789224,10.51702404
2018,"September",-99,"461-100",461,100,1,0,4,-99,-99,-99,-99,-99,-99,-99
2018,"September",10,"461-120",461,120,1,0,4,0.281412122,6.81,13.30151316,302.4195437,2.021200873,148.9768688,9.54320861
2018,"September",10,"462-10",462,10,2,0,4,0.141958509,6.17,41.93197087,22.41099399,1.675180911,66.22086037,4.242011807
2018,"September",10,"462-20",462,20,2,0,4,2.207753813,6.61,362.0893355,253.7646569,0.233459139,108.8509732,6.972817969
2018,"September",10,"462-40",462,40,2,0,4,2.369124579,6.72,86.0698935,335.3312381,3.08191204,161.275165,10.33101471
2018,"September",-99,"462-60",462,60,2,0,4,-99,-99,-99,-99,-99,-99,-99
2018,"September",10,"462-80",462,80,2,0,4,2.161521039,6.69,42.74638565,353.0828213,2.777916407,176.5145134,11.30721918
2018,"September",-99,"462-100",462,100,2,0,4,-99,-99,-99,-99,-99,-99,-99
2018,"September",10,"462-120",462,120,2,0,4,1.573590844,6.74,65.65075181,350.4265625,3.958593263,199.3075233,12.76729722
2018,"September",10,"463-10",463,10,3,0,4,0.234253419,6.24,87.05222885,5.436852403,1.282985028,80.9062708,5.182732031
2018,"September",10,"463-20",463,20,3,0,4,2.728113334,6.7,388.3605091,455.5104371,0.050611354,138.5829845,8.877395608
2018,"September",10,"463-40",463,40,3,0,4,1.712602312,7,19.98475197,411.7859395,0.584366812,155.578914,9.966123408
2018,"September",10,"463-60",463,60,3,0,4,1.8377811,6.89,40.12682471,439.4081112,0.730227698,158.4841213,10.15222561
2018,"September",10,"463-80",463,80,3,0,4,2.207753813,6.78,51.66296808,384.8638689,0.984803493,149.2092891,9.558097025
2018,"September",10,"463-100",463,100,3,0,4,1.195106273,6.71,37.868293,364.3699995,1.565701809,146.6695035,9.395403057
2018,"September",10,"463-120",463,120,3,0,4,1.113702696,6.78,24.73690418,324.1460075,1.487763568,133.6494556,8.561362872
2018,"September",-99,"610-10",610,10,0,1,3,-99,-99,-99,-99,-99,-99,-99
2018,"September",6,"610-20",610,20,0,1,3,1.724816438,6.35,40.00097011,13.44556374,4.873998752,218.1651989,13.97528503
2018,"September",6,"610-40",610,40,0,1,3,0.146911729,6.53,5.301731019,1.683443391,13.74906114,325.7677856,20.86810768
2018,"September",6,"610-60",610,60,0,1,3,0.300027457,6.69,3.113624701,23.96672644,16.3816937,416.123859,26.65615058
2018,"September",6,"610-80",610,80,0,1,3,0.002836421,7.42,10.27469992,6.377500582,26.97514036,711.4508434,45.57425085
2018,"September",6,"610-100",610,100,0,1,3,0.138888481,6.69,8.843228499,35.9446655,12.70315658,378.0385444,24.21647578
2018,"September",6,"610-120",610,120,0,1,3,0.226573848,6.73,5.705145692,82.2377814,10.38544916,333.6346883,21.37204691
2018,"September",-99,"613-10",613,10,3,1,3,-99,-99,-99,-99,-99,-99,-99
2018,"September",6,"613-20",613,20,3,1,3,2.660089155,6.84,138.4447603,240.9793984,1.845277604,269.1219605,17.23948091
2018,"September",6,"613-40",613,40,3,1,3,1.192515786,7.09,25.42598835,445.8118252,0.915118528,403.2426939,25.83100697
2018,"September",6,"613-60",613,60,3,1,3,2.474784045,6.96,33.94789095,455.9039338,4.303206488,333.9674584,21.39336354
2018,"September",6,"613-80",613,80,3,1,3,2.091060392,7.24,20.43628797,573.2714191,0.275049906,307.0703159,19.67038236
2018,"September",6,"613-100",613,100,3,1,3,2.474784045,6.85,180.6266807,580.0617886,0.067953837,295.3182736,18.91756827
2018,"September",6,"613-120",613,120,3,1,3,1.400072573,6.97,95.06132504,395.1643912,0.183203369,178.4687362,11.43240308
2018,"September",-99,"620-10",620,10,0,1,3,-99,-99,-99,-99,-99,-99,-99
2018,"September",6,"620-20",620,20,0,1,3,0.530331911,6.52,17.64027106,17.0218028,6.360751716,249.4273202,15.97787869
2018,"September",6,"620-40",620,40,0,1,3,0.135585506,6.78,2.14319862,38.57655328,13.00953213,301.395701,19.30687702
2018,"September",6,"620-60",620,60,0,1,3,0.004816548,7.13,1.644972203,55.58362522,10.24971616,303.7899238,19.46024651
2018,"September",6,"620-80",620,80,0,1,3,0.07368938,6.81,5.102812262,12.59871813,10.3897723,317.6796051,20.34999379
2018,"September",6,"620-100",620,100,0,1,3,0.006429415,6.82,3.057853088,55.83281311,10.09203681,289.9628181,18.57450769
2018,"September",6,"620-120",620,120,0,1,3,0.319915709,6.82,11.26743465,170.396935,6.415199626,327.6610127,20.9893843
2018,"September",-99,"623-10",623,10,3,1,3,-99,-99,-99,-99,-99,-99,-99
2018,"September",7,"623-20",623,20,3,1,3,1.980264265,6.86,51.66589078,89.29650988,4.374647536,345.0993766,22.10645363
2018,"September",7,"623-40",623,40,3,1,3,1.782812562,6.98,32.58505794,233.7725539,4.428967561,267.0179831,17.10470401
2018,"September",7,"623-60",623,60,3,1,3,1.023257176,7,16.46742529,276.0273689,5.767779164,286.0313512,18.3226652
2018,"September",7,"623-80",623,80,3,1,3,1.000482803,6.9,27.36597513,239.5920794,5.089394885,316.8265331,20.29534758
2018,"September",7,"623-100",623,100,3,1,3,0.817020754,6.93,32.73572914,364.9016429,2.504379289,233.3574415,14.94847199
2018,"September",7,"623-120",623,120,3,1,3,0.468934518,6.81,37.77065827,230.4832569,1.96371179,236.9012694,15.17548305
2018,"September",-99,"630-10",630,10,0,1,3,-99,-99,-99,-99,-99,-99,-99
2018,"September",7,"630-20",630,20,0,1,3,0.67728792,6.6,30.17850412,9.151523957,3.992130381,186.4944344,11.94651445
2018,"September",7,"630-40",630,40,0,1,3,0.031484128,6.29,7.134181769,0,12.41434498,292.759275,18.75364355
2018,"September",7,"630-60",630,60,0,1,3,0.058247821,6.61,7.908464304,9.025012547,11.76239239,284.3714894,18.21633753
2018,"September",7,"630-80",630,80,0,1,3,0.009267744,6.72,7.081865382,0,11.79417966,308.9228237,19.78905058
2018,"September",7,"630-100",630,100,0,1,3,0.497942649,6.66,17.39656433,43.94216507,11.10344666,291.4056107,18.66693032
2018,"September",7,"630-120",630,120,0,1,3,0.018206614,6.68,4.016125077,0,9.217108546,260.788299,16.70564198
2018,"September",-99,"633-10",633,10,3,1,3,-99,-99,-99,-99,-99,-99,-99
2018,"September",11,"633-20",633,20,3,1,3,3.020922838,6.77,163.3783305,164.7151808,1.63867748,363.7040959,23.29823753
2018,"September",11,"633-40",633,40,3,1,3,2.274458088,6.78,145.8462153,285.7727221,0.917195883,276.933591,17.73987951
2018,"September",11,"633-60",633,60,3,1,3,1.855164235,7.13,31.19126696,224.1777678,3.158399875,297.9911453,19.08878748
2018,"September",11,"633-80",633,80,3,1,3,1.513166744,6.72,238.6253699,313.432573,1.125268247,254.7839379,16.32101371
2018,"September",11,"633-100",633,100,3,1,3,0.522932428,6.95,21.18415838,301.5522405,3.245006238,309.5376728,19.82843667
2018,"September",11,"633-120",633,120,3,1,3,0.203036099,6.58,162.694239,116.0362803,0.966709295,214.0335487,13.71061917
2019,"April",16,"310-10",310,10,0,0,3,0.692678248,6.58,100.5191171,27.47050234,4.76275733,66.57165021,4.264482755
2019,"April",16,"310-20",310,20,0,0,3,1.907568616,6.7,316.9642769,76.44102033,0.956519027,136.494866,8.743634601
2019,"April",16,"310-80",310,80,0,0,3,1.539403107,6.68,53.24793663,200.7147649,14.91197754,231.3590691,14.82045995
2019,"April",16,"313-10",313,10,3,0,3,0.803077809,6.47,84.47028921,26.58753877,4.24146912,63.42730324,4.063061705
2019,"April",16,"313-20",313,20,3,0,3,1.419149071,6.61,196.5187135,163.175211,0.466281971,147.5835825,9.453957266
2019,"April",16,"313-80",313,80,3,0,3,1.758554479,6.62,170.0143412,465.0808316,0.179288833,169.0736248,10.83056962
2019,"April",16,"320-10",320,10,0,0,3,0.575769897,6.4,81.20954444,49.27291049,4.504491578,60.0419464,3.846202009
2019,"April",16,"320-20",320,20,0,0,3,1.771605952,6.24,243.804322,110.2653171,0.231222707,146.5769817,9.389476278
2019,"April",16,"320-80",320,80,0,0,3,1.539403107,6.7,98.42704633,179.6119174,8.824547723,208.0804513,13.32927476
2019,"April",16,"323-10",323,10,3,0,3,0.313994502,6.39,54.73402828,13.00348385,7.026169682,56.17585331,3.598547238
2019,"April",16,"323-20",323,20,3,0,3,1.040287207,6.55,48.457816,78.47862857,0.901122895,72.00944993,4.612818145
2019,"April",16,"323-80",323,80,3,0,3,2.023814015,6.67,17.08156396,267.7724339,8.673830318,251.0801128,16.08375353
2019,"April",16,"330-10",330,10,0,0,3,0.406740742,6.49,52.07926262,5.618980028,5.637086712,46.38679831,2.971478484
2019,"April",16,"330-20",330,20,0,0,3,1.162312249,6.54,212.2549331,32.85210573,1.174922021,68.66022567,4.398273035
2019,"April",16,"330-80",330,80,0,0,3,1.224057844,6.6,97.47960279,63.4263325,13.89847162,175.7007616,11.25509174
2019,"April",16,"333-10",333,10,3,0,3,0.713471722,6.66,55.07068334,14.31845074,4.378852152,46.86829337,3.002322167
2019,"April",16,"333-20",333,20,3,0,3,1.609237638,6.65,303.0315666,92.67672678,0.412913288,111.8683216,7.166103724
2019,"April",16,"333-80",333,80,3,0,3,2.602285416,6.56,156.3942391,225.6273335,4.231004367,254.0780818,16.27579788
2019,"April",16,"610-10",610,10,0,1,3,0.325820618,6.77,31.57215982,5.532253648,5.62036806,73.85458392,4.731014015
2019,"April",16,"610-20",610,20,0,1,3,0.372204853,6.84,88.88047056,7.298180788,3.600374298,126.6326093,8.111876682
2019,"April",16,"610-80",610,80,0,1,3,0.304843423,6.98,25.42580021,42.88840468,17.9301622,190.3807898,12.19546719
2019,"April",16,"613-10",613,10,3,1,3,0.2708295,6.72,418.1820268,14.02228797,8.669276357,68.38897038,4.380896923
2019,"April",16,"613-20",613,20,3,1,3,0.78545935,6.9,1088.351646,99.26237132,4.869026825,118.5635825,7.594989753
2019,"April",16,"613-80",613,80,3,1,3,1.994104858,6.94,540.0703977,399.5377666,0.666350593,188.1828717,12.05467262
2019,"April",16,"620-10",620,10,0,1,3,0.366740965,6.74,57.58597761,18.84462747,4.743262633,68.19520451,4.36848464
2019,"April",16,"620-20",620,20,0,1,3,0.307105881,6.84,43.662886,14.02228797,4.158421709,103.4317348,6.625671585
2019,"April",16,"620-80",620,80,0,1,3,0.563138271,7.04,30.80025785,88.19122783,12.99204616,185.6335966,11.89137078
2019,"April",16,"623-10",623,10,3,1,3,0.325820618,6.42,64.03051742,9.471629575,4.737710543,44.89210155,2.875730975
2019,"April",16,"623-20",623,20,3,1,3,0.161400436,7.08,217.1460502,28.08178481,4.912850905,105.6499013,6.767763223
2019,"April",16,"623-80",623,80,3,1,3,0.077050298,7.48,112.4174689,163.3110515,7.72139738,199.2264316,12.76210264
2019,"April",16,"630-10",630,10,0,1,3,0.157859525,6.68,81.13259471,11.23755671,7.746350593,60.13850494,3.85238737
2019,"April",16,"630-20",630,20,0,1,3,0.166245508,6.82,33.88305637,3.698406234,7.531597006,117.0093653,7.495429474
2019,"April",16,"630-80",630,80,0,1,3,0.593053905,6.63,45.04317177,28.08178481,15.56724891,148.8184203,9.533058691
2019,"April",16,"633-10",633,10,3,1,3,0.496618483,6.73,103.1786921,14.31845074,9.219463506,93.5157969,5.990474945
2019,"April",16,"633-20",633,20,3,1,3,1.298650753,6.79,255.8613827,93.43320249,0.68312539,101.2774894,6.487674609
2019,"April",16,"633-80",633,80,3,1,3,0.951957615,6.98,165.5993505,158.4901139,2.983936369,182.2535402,11.67485062
2019,"May",20,"310-10",310,10,0,0,3,0.054129106,7.16,96.70431069,14.44453002,1.561228946,51.17390691,3.278131805
2019,"May",20,"310-20",310,20,0,0,3,1.418552332,7.2,136.1701986,96.8373432,0.24404242,90.54141044,5.799941251
2019,"May",20,"310-40",310,40,0,0,3,1.670874509,7.13,65.24606137,135.0393668,2.778446663,128.9334274,8.25926283
2019,"May",20,"310-80",310,80,0,0,3,0.875195088,7.37,45.30110961,208.6696696,11.77454772,183.5528914,11.75808465
2019,"May",20,"310-120",310,120,0,0,3,1.698453575,7.74,113.7089576,245.5478606,6.000374298,146.2565867,9.368952372
2019,"May",20,"311-10",311,10,1,0,3,0.162102837,6.39,33.49354987,19.23554288,3.629164067,48.46366714,3.104518859
2019,"May",20,"311-20",311,20,1,0,3,1.564964336,7,91.42381057,72.12580321,0.23169058,96.79585331,6.200589291
2019,"May",20,"311-40",311,40,1,0,3,1.577826945,7.63,32.82624666,112.7233332,3.035995009,140.8300423,9.021337975
2019,"May",20,"311-80",311,80,1,0,3,2.153507874,7.4,46.23255368,288.9821745,8.974204616,180.8067701,11.5821732
2019,"May",20,"311-120",311,120,1,0,3,0.853965058,6.58,23.69253385,163.2180871,12.83864629,192.1542454,12.30907148
2019,"May",20,"312-10",312,10,2,0,3,0.447302308,6.32,39.11001863,15.89444181,5.931478478,46.37137094,2.970490236
2019,"May",20,"312-20",312,20,2,0,3,1.873754822,6.82,162.4081905,105.2216157,0.453805365,90.13971791,5.774209571
2019,"May",20,"312-40",312,40,2,0,3,2.243474213,7.25,139.8681706,234.8311214,2.780349345,154.5423977,9.899726096
2019,"May",20,"312-80",312,80,2,0,3,1.952034016,7.47,87.2021909,245.900732,4.244635059,176.6586178,11.31645024
2019,"May",20,"312-120",312,120,2,0,3,2.243474213,7.49,36.278614,222.4756868,4.989020586,160.2218336,10.26354025
2019,"May",20,"313-10",313,10,3,0,3,0.981462705,7.17,306.4391026,13.29003311,3.39525889,66.58440056,4.265299519
2019,"May",20,"313-20",313,20,3,0,3,1.769409271,7.36,692.2006058,178.0852261,0.209326263,125.6768406,8.050651908
2019,"May",20,"313-40",313,40,3,0,3,2.171207786,6.69,566.7615028,295.6289921,0.708452901,130.6710578,8.370572223
2019,"May",20,"313-80",313,80,3,0,3,2.620985569,6.63,498.0570755,428.557522,0.066625078,143.600677,9.198819708
2019,"May",20,"313-120",313,120,3,0,3,1.670874509,6.71,320.6610025,478.8628066,0.172208359,122.5114528,7.847883017
2019,"May",21,"320-10",320,10,0,0,3,0.698228082,6.9,120.8789281,17.27229079,1.724828447,45.651622,2.92438445
2019,"May",21,"320-20",320,20,0,0,3,1.417675888,6.34,159.490363,122.4507438,0.03128509,94.98727786,6.084735293
2019,"May",21,"320-40",320,40,0,0,3,2.020071649,7.05,14.17885024,172.814591,4.511540861,149.4205642,9.571630913
2019,"May",21,"320-80",320,80,0,0,3,1.608799375,6.77,23.7350818,198.4064529,6.98724267,172.2131453,11.03168149
2019,"May",21,"320-120",320,120,0,0,3,0.906794435,6.57,64.23962084,68.63170241,1.433923893,71.69209309,4.592488853
2019,"May",21,"321-10",321,10,1,0,3,0.511111677,6.49,74.18893442,13.17290788,6.848596382,78.5803385,5.033737111
2019,"May",21,"321-20",321,20,1,0,3,1.22836856,6.71,115.1759521,110.5625333,0.102932002,102.9627927,6.595632017
2019,"May",21,"321-40",321,40,1,0,3,1.795161394,6.67,161.5372818,104.706272,0.083593263,93.95590973,6.018667759
2019,"May",21,"321-80",321,80,1,0,3,1.904298989,6.79,52.96381976,287.6558751,6.43683718,183.9532863,11.78373321
2019,"May",21,"321-120",321,120,1,0,3,1.608799375,6.81,222.8659656,255.6806884,7.700561447,182.7132581,11.7042993
2019,"May",21,"322-10",322,10,2,0,3,0.227507759,6.5,49.07506849,10.45331345,5.952588896,52.78614951,3.381409083
2019,"May",21,"322-20",322,20,2,0,3,1.046543071,6.72,112.8766194,104.7358044,0.20782907,107.101354,6.860740601
2019,"May",21,"322-40",322,40,2,0,3,0.945838871,7.16,38.84047465,167.0922535,1.577604492,150.8321016,9.662051386
2019,"May",21,"322-80",322,80,2,0,3,1.478717678,6.86,45.36971168,275.0655516,3.271615721,181.8635825,11.64987065
2019,"May",21,"322-120",322,120,2,0,3,1.270501967,7.66,29.44594573,253.2638041,6.358827199,170.4687729,10.91994023
2019,"May",21,"323-10",323,10,3,0,3,0.155675907,6.28,59.37670978,20.40503458,8.150998129,54.58953456,3.496930593
2019,"May",21,"323-20",323,20,3,0,3,0.7660826,6.61,172.2254318,49.91505157,0.695945103,95.34081805,6.107382424
2019,"May",21,"323-40",323,40,3,0,3,1.055404081,6.72,110.7153256,177.6192187,0.951996257,142.9294781,9.15582395
2019,"May",21,"323-80",323,80,3,0,3,1.856735964,6.64,72.99128317,281.3932355,6.960168434,195.1990409,12.50411544
2019,"May",21,"323-120",323,120,3,0,3,1.029043614,6.84,22.61696721,277.0213811,8.811696818,188.5423977,12.0777032
2019,"May",21,"330-10",330,10,0,0,3,0.297967852,7.16,102.6893532,6.426605478,1.778580786,38.10927504,2.441235657
2019,"May",21,"330-20",330,20,0,0,3,0.840531288,6.5,255.0132389,46.00339239,0.149953213,67.40119041,4.317621565
2019,"May",21,"330-40",330,40,0,0,3,1.091604755,6.67,87.82454231,32.83030489,3.585988771,122.5177518,7.84828652
2019,"May",21,"330-80",330,80,0,0,3,0.953847225,6.71,59.69222712,59.0614311,13.52285714,170.7485755,10.93786386
2019,"May",21,"330-120",330,120,0,0,3,0.854824989,6.63,63.57309045,147.1888113,9.361674984,161.948945,10.37417581
2019,"May",22,"331-10",331,10,1,0,3,0.556683507,6.52,101.9816814,4.355727093,2.364111042,49.71853032,3.184903073
2019,"May",22,"331-20",331,20,1,0,3,1.055559251,6.59,116.2648022,32.71525609,-99,-99,-99
2019,"May",22,"331-40",331,40,1,0,3,1.37437659,6.8,27.51806624,67.79064905,6.001706176,150.7515543,9.656891678
2019,"May",22,"331-80",331,80,1,0,3,2.150887683,6.7,35.58820673,151.5380559,8.881880848,173.1763103,11.09338006
2019,"May",22,"331-120",331,120,1,0,3,1.419055765,6.67,127.9748348,188.0433358,5.802333125,156.1676389,10.00383604
2019,"May",22,"332-10",332,10,2,0,3,0.45216737,6.56,59.38041274,5.064858499,3.905539613,57.14923272,3.660900122
2019,"May",22,"332-20",332,20,2,0,3,1.407751614,6.71,88.22487402,84.23497793,1.242788522,246.6495317,15.7999387
2019,"May",22,"332-40",332,40,2,0,3,1.030534015,6.79,19.16261776,124.2438605,5.51856519,160.1713597,10.26030698
2019,"May",22,"332-80",332,80,2,0,3,1.638781947,6.67,75.03868268,196.7458329,7.057339364,173.9290099,11.1415966
2019,"May",22,"332-120",332,120,2,0,3,1.476952756,6.74,220.0389407,284.1098619,4.562747973,153.2579774,9.817448507
2019,"May",22,"333-10",333,10,3,0,3,0.441447371,6.7,48.53870885,8.34242233,4.328593263,56.99441185,3.650982583
2019,"May",22,"333-20",333,20,3,0,3,1.705643693,6.71,164.0973081,108.0820803,0.103034934,109.750598,7.030446271
2019,"May",22,"333-40",333,40,3,0,3,1.599929648,6.77,88.62005218,191.7729774,2.195321273,156.0532694,9.996509739
2019,"May",22,"333-80",333,80,3,0,3,2.891575781,6.62,156.8954963,298.8023894,2.696999376,173.9539154,11.143192
2019,"May",22,"333-120",333,120,3,0,3,1.938488214,6.66,213.2074977,310.3868822,1.545274485,150.132725,9.617250616
2019,"May",22,"440-10",440,10,0,0,4,0.286624828,6.48,113.3656476,7.099208463,0.543855271,29.63680959,1.898505194
2019,"May",22,"440-20",440,20,0,0,4,0.817208568,6.7,93.02903539,50.95075213,0.885124766,43.57180818,2.791155424
2019,"May",22,"440-40",440,40,0,0,4,1.775233374,6.71,276.6078965,152.8377795,2.734978166,115.3113935,7.386660542
2019,"May",22,"440-80",440,80,0,0,4,2.066572239,6.91,68.15230457,273.0904662,0.827376794,156.6516305,10.03483964
2019,"May",22,"440-120",440,120,0,0,4,2.001505916,6.74,489.621328,405.8318014,0.284981285,146.4711058,9.382694065
2019,"May",22,"441-10",441,10,1,0,4,0.579396004,6.7,70.95753786,51.85490767,0.811830942,42.98060649,2.753284138
2019,"May",22,"441-20",441,20,1,0,4,0.663779409,6.8,156.6296814,91.46822224,0.721094822,55.70755712,3.56854905
2019,"May",22,"441-40",441,40,1,0,4,1.134340585,6.83,240.3684646,171.9380653,2.252233313,103.0520536,6.601349907
2019,"May",22,"441-80",441,80,1,0,4,1.143449263,6.94,120.4646777,374.5819255,1.484865876,141.0702877,9.036727652
2019,"May",22,"441-120",441,120,1,0,4,1.289194141,6.73,406.3043045,249.2017699,0.273665003,125.1771622,8.018643433
2019,"May",22,"442-10",442,10,2,0,4,0.115170959,6.37,72.79166069,40.37729796,1.106447286,34.75420028,2.226315775
2019,"May",22,"442-20",442,20,2,0,4,0.424142501,6.64,42.35939838,45.57910804,1.720455396,55.39466008,3.548505445
2019,"May",22,"442-40",442,40,2,0,4,1.047150701,6.87,48.23390776,137.4568619,2.187036806,200.6253258,12.85171321
2019,"May",22,"442-80",442,80,2,0,4,0.966662575,6.87,78.42693666,129.8735002,4.647030568,143.7040395,9.205440917
2019,"May",22,"442-120",442,120,2,0,4,0.637759057,6.72,90.59417087,145.6669477,3.429257642,115.708677,7.412109788
2019,"May",22,"443-10",443,10,3,0,4,0.080359775,6.49,21.59925438,0,4.495854648,41.14589281,2.635755773
2019,"May",22,"443-20",443,20,3,0,4,0.336342984,6.77,99.0931594,53.53850417,3.086908921,64.40861495,4.125922718
2019,"May",22,"443-40",443,40,3,0,4,0.797834159,6.72,150.9802287,94.27557102,2.76665315,116.9546375,7.491923713
2019,"May",22,"443-80",443,80,3,0,4,0.892361084,6.67,88.24082292,170.3598774,5.856846538,150.2196587,9.622819428
2019,"May",22,"443-120",443,120,3,0,4,0.63267869,6.68,62.69778274,184.3984974,6.630608235,150.1564824,9.618772471
2019,"May",23,"450-10",450,10,0,0,4,0.351292193,6.53,106.329632,88.00832997,2.84238927,44.12662906,2.826696223
2019,"May",23,"450-20",450,20,0,0,4,0.83516963,6.59,84.27317787,83.80927846,1.43562383,56.54948096,3.622481134
2019,"May",23,"450-40",450,40,0,0,4,1.704155446,6.77,92.40944127,177.2538426,0.536902682,79.47301551,5.090920349
2019,"May",23,"450-80",450,80,0,0,4,2.583376311,6.83,128.5534809,315.5091802,0.162267623,132.7381862,8.502988641
2019,"May",23,"450-120",450,120,0,0,4,2.413732554,6.76,263.5000392,356.9356436,0.0701466,128.4780085,8.230089538
2019,"May",23,"451-10",451,10,1,0,4,0.402407021,6.58,205.8611986,95.40367441,0.277398628,30.5696079,1.958258528
2019,"May",23,"451-20",451,20,1,0,4,0.8004572,6.82,119.7035875,152.3102232,0.908524641,42.68724118,2.734491699
2019,"May",23,"451-40",451,40,1,0,4,2.125100206,6.79,135.7734786,244.6266839,0.275068621,105.4850578,6.757203657
2019,"May",23,"451-80",451,80,1,0,4,1.041465529,6.94,148.8434805,193.1099624,1.322055521,73.88484626,4.732952565
2019,"May",23,"451-120",451,120,1,0,4,1.172917103,6.91,152.2618565,210.2195305,3.392308172,107.6103244,6.893344302
2019,"May",23,"452-10",452,10,2,0,4,0.472851255,6.67,210.0240405,132.7564311,0.223247037,35.89324965,2.29928117
2019,"May",23,"452-20",452,20,2,0,4,0.641900788,6.81,119.4613057,154.5037575,1.17779476,52.56358251,3.367151853
2019,"May",23,"452-40",452,40,2,0,4,1.718685933,6.86,112.7875433,205.3310825,1.294457268,110.9122821,7.104861603
2019,"May",23,"452-80",452,80,2,0,4,1.793218046,6.78,91.78391371,208.6527203,5.431715533,153.4857772,9.832040936
2019,"May",23,"452-120",452,120,2,0,4,1.619516261,6.75,58.34461999,251.5206491,5.725873362,153.2320874,9.815790043
2019,"May",23,"453-10",453,10,3,0,4,0.123631368,6.46,42.73726686,8.725390961,0.587514036,32.09502398,2.05597386
2019,"May",23,"453-20",453,20,3,0,4,0.26098314,6.7,119.1705675,66.94156617,1.20455708,41.44006206,2.654599711
2019,"May",23,"453-40",453,40,3,0,4,0.489185762,6.8,90.96015558,156.0867046,0.271328759,107.2669619,6.871349137
2019,"May",23,"453-80",453,80,3,0,4,0.550929753,7.06,41.35846315,205.2515991,0.536852776,150.8490381,9.663136309
2019,"May",23,"453-120",453,120,3,0,4,0.793689801,6.81,46.60056031,221.0395933,1.092872739,144.7817292,9.274475726
2019,"May",23,"460-10",460,10,0,0,4,0.128992736,6.59,149.7949872,67.66193093,2.112233313,28.01472496,1.794597454
2019,"May",23,"460-20",460,20,0,0,4,0.773728961,6.61,100.8496582,115.3860959,1.593353088,47.86699013,3.066296834
2019,"May",23,"460-40",460,40,0,0,4,1.172917103,6.89,80.63454572,202.7303225,1.64,104.7414499,6.709569511
2019,"May",23,"460-80",460,80,0,0,4,1.332223387,6.93,133.5224604,199.0684683,2.922623206,139.4673738,8.934047949
2019,"May",23,"460-120",460,120,0,0,4,2.313409793,6.72,261.6036334,302.6809322,2.500539613,130.9831199,8.390562341
2019,"May",23,"461-10",461,10,1,0,4,0.423437623,6.36,153.2001478,75.10570006,0.703331254,32.97864034,2.11257669
2019,"May",23,"461-20",461,20,1,0,4,0.989739735,6.65,126.0778014,110.703725,0.347049283,41.60095628,2.664906297
2019,"May",23,"461-40",461,40,1,0,4,1.513166744,6.84,73.33085069,164.3108689,2.570786026,101.3380282,6.491552612
2019,"May",23,"461-80",461,80,1,0,4,1.985550276,6.73,127.7517484,209.3336661,6.010190268,140.273244,8.985670506
2019,"May",23,"461-120",461,120,1,0,4,1.41380093,6.75,57.02308289,201.5897449,6.053250156,139.3248293,8.924916816
2019,"May",23,"462-10",462,10,2,0,4,0.472851255,6.43,122.5228666,56.55630762,1.49217093,32.57047391,2.086430303
2019,"May",23,"462-20",462,20,2,0,4,0.940582973,6.7,185.5139324,119.7082845,0.231534623,51.49394922,3.298633124
2019,"May",23,"462-40",462,40,2,0,4,1.778057433,6.77,76.52456534,186.4020547,1.047985028,112.9367221,7.234543488
2019,"May",23,"462-80",462,80,2,0,4,1.793218046,6.7,106.2899859,217.3177088,5.639825328,151.7574471,9.721327311
2019,"May",23,"462-120",462,120,2,0,4,1.163000773,6.69,44.98387992,177.3974953,5.157308172,143.1345388,9.168959756
2019,"May",23,"463-10",463,10,3,0,4,0.363427479,6.37,117.7697382,69.22272123,2.769675608,38.24140762,2.449699825
2019,"May",23,"463-20",463,20,3,0,4,1.15316828,6.72,271.6649359,184.4210516,0.048315658,74.49429619,4.7719928
2019,"May",23,"463-40",463,40,3,0,4,1.793218046,6.97,15.51360263,220.2591982,0.687189644,131.2712976,8.409022473
2019,"May",23,"463-80",463,80,3,0,4,3.061498039,6.74,120.6683096,208.4332101,0.979678727,147.6687588,9.459413503
2019,"May",23,"463-120",463,120,3,0,4,1.793218046,6.79,25.62996912,199.3686203,3.369663132,136.6069704,8.7508158
2019,"May",20,"610-10",610,10,0,1,3,0.215880264,6.97,23.6508274,12.55334074,4.283873986,71.41136812,4.574506131
2019,"May",20,"610-20",610,20,0,1,3,0.450978733,7.26,54.19848586,13.75109395,2.349407361,96.01046544,6.150278797
2019,"May",20,"610-40",610,40,0,1,3,1.843329257,6.62,66.2192119,29.95228216,6.570555209,139.0785049,8.909137731
2019,"May",20,"610-80",610,80,0,1,3,0.454685376,7.45,31.05140545,59.51787465,14.48546475,141.5189845,9.065470336
2019,"May",20,"610-120",610,120,0,1,3,0.056390439,7.44,7.190681329,59.39179536,12.43278228,123.0249647,7.880777645
2019,"May",20,"613-10",613,10,3,1,3,0.124747848,6.94,56.31624677,8.487898842,9.289862757,65.69889986,4.208575982
2019,"May",20,"613-20",613,20,3,1,3,1.26495895,6.88,155.5683325,82.33535385,4.029164067,103.3820592,6.622489458
2019,"May",20,"613-40",613,40,3,1,3,0.505737308,7.53,66.2192119,87.4888638,4.982002495,158.1552045,10.13115581
2019,"May",20,"613-80",613,80,3,1,3,3.189942064,7.55,151.2586659,494.089086,0.103805365,187.4794076,12.00961002
2019,"May",20,"613-120",613,120,3,1,3,2.599619022,7.81,165.9161664,342.8804192,1.315595758,165.314189,10.58974712
2019,"May",20,"620-10",620,10,0,1,3,0.124747848,7.85,13.26592105,3.627201962,5.116063631,58.73684062,3.762599347
2019,"May",20,"620-20",620,20,0,1,3,0.033670169,7.83,21.58867509,5.208392514,3.790642545,81.97413258,5.251137281
2019,"May",20,"620-40",620,40,0,1,3,0.679050762,7.59,43.98967342,27.46218546,13.77882096,151.3250776,9.693630518
2019,"May",20,"620-80",620,80,0,1,3,0.322406802,7.78,10.4785399,0,18.61531503,203.1809591,13.01542236
2019,"May",20,"620-120",620,120,0,1,3,1.014129686,7.02,5.082188519,84.85354621,12.40140362,178.2068547,11.41562743
2019,"May",21,"623-10",623,10,3,1,3,0.161015637,7.21,50.3805215,1.594555913,5.3154398,42.27373766,2.708003428
2019,"May",21,"623-20",623,20,3,1,3,0.083417734,7.35,31.98980431,4.183153894,3.219182782,78.0919323,5.002450713
2019,"May",21,"623-40",623,40,3,1,3,0.059037809,7.54,20.623292,29.37884091,6.067779164,160.8931735,10.30654504
2019,"May",21,"623-80",623,80,3,1,3,0.341001279,7.63,38.22127186,88.91659449,9.621834061,177.5327221,11.37244375
2019,"May",21,"623-120",623,120,3,1,3,0.410499451,6.83,146.7079666,176.9864503,4.031441048,169.3964457,10.85124893
2019,"May",21,"630-10",630,10,0,1,3,0.069294987,6.47,26.76799227,0,3.61820025,38.89366714,2.491482364
2019,"May",21,"630-20",630,20,0,1,3,0.151787643,6.93,37.14062496,1.191885116,3.45374922,57.32681805,3.67227591
2019,"May",21,"630-40",630,40,0,1,3,0.096273475,7.21,15.37387218,0,8.774164067,127.792866,8.18620058
2019,"May",21,"630-80",630,80,0,1,3,0.458051376,7.66,50.51067241,27.30796253,17.64718964,171.0307475,10.95593928
2019,"May",21,"630-120",630,120,0,1,3,0.551405082,6.7,27.38325109,28.74607252,17.93604803,167.488519,10.72903068
2019,"May",22,"633-10",633,10,3,1,3,0.171796534,6.52,77.44164942,3.369566863,8.653424828,55.88482087,3.579904238
2019,"May",22,"633-20",633,20,3,1,3,0.178805774,7.18,223.4059295,37.78398708,3.695729881,126.1949394,8.083840354
2019,"May",22,"633-40",633,40,3,1,3,2.712358884,6.79,397.0521737,251.8428111,0.394990643,170.6557292,10.9319163
2019,"May",22,"633-80",633,80,3,1,3,1.847662291,6.79,344.6494235,196.1807357,2.958003743,161.9246544,10.3726198
2019,"May",22,"633-120",633,120,3,1,3,1.352567328,6.63,423.2526627,176.0632749,2.014482221,145.6791283,9.331961456
2019,"June",18,"310-10",310,10,0,0,3,0.514816883,6.7,109.947605,3.944342682,2.379167187,63.69179408,4.080004499
2019,"June",18,"310-20",310,20,0,0,3,1.225710042,6.76,160.231013,63.75624299,0.266977542,88.45803667,5.666484182
2019,"June",18,"310-80",310,80,0,0,3,0.63223638,6.64,30.92143111,115.455044,11.79111354,176.2471509,11.29009243
2019,"June",18,"313-10",313,10,3,0,3,0.917929702,6.6,284.667189,5.839373187,3.566347473,81.98572073,5.251879597
2019,"June",18,"313-20",313,20,3,0,3,1.254012375,6.61,487.4659794,115.3366046,0.223518403,117.254787,7.511150735
2019,"June",18,"313-80",313,80,3,0,3,0.990504264,6.65,454.7731567,351.2679024,1.231908921,129.916725,8.322251055
2019,"June",18,"320-10",320,10,0,0,3,0.343956934,6.51,84.43499637,39.53538435,2.795208983,68.18478984,4.367817496
2019,"June",18,"320-20",320,20,0,0,3,1.171007262,6.18,182.917234,82.70654804,0.140555209,92.52342736,5.926905589
2019,"June",18,"320-80",320,80,0,0,3,0.870315212,6.76,118.414248,131.0890456,20.74371491,260.0739041,16.65987916
2019,"June",18,"323-10",323,10,3,0,3,0.306855336,7.5,72.50344635,1.042577221,8.616001248,89.24364739,5.716808951
2019,"June",18,"323-20",323,20,3,0,3,1.302642627,6.97,183.8875332,40.48289961,0.357495321,88.97086601,5.69933508
2019,"June",18,"323-80",323,80,3,0,3,1.905723629,7.11,81.84648853,233.7760111,6.476157205,196.2224288,12.56967178
2019,"June",18,"330-10",330,10,0,0,3,0.469890288,6.41,113.7755918,8.267381021,2.388349969,60.11445698,3.850846903
2019,"June",18,"330-20",330,20,0,0,3,0.960810143,6.41,210.8493307,33.61341402,0.118147224,66.99547532,4.291632207
2019,"June",18,"330-80",330,80,0,0,3,1.153321008,6.7,68.42818975,37.52191444,12.99881784,164.0921213,10.51146372
2019,"June",18,"333-10",333,10,3,0,3,0.682223082,6.55,69.78660862,0,7.173649407,87.50581382,5.605486548
2019,"June",18,"333-20",333,20,3,0,3,1.405633866,6.69,195.9536731,53.27099007,0.057336245,108.3515487,6.940825757
2019,"June",18,"333-80",333,80,3,0,3,1.848592336,6.82,101.1523124,225.6694637,2.425274485,170.022189,10.89133289
2019,"June",18,"610-10",610,10,0,1,3,0.968149157,6.36,73.01363592,47.73183938,7.036294448,65.13106911,4.172201795
2019,"June",18,"610-20",610,20,0,1,3,1.013375564,6.61,108.2261065,47.91193056,0.33540549,85.48616361,5.476111492
2019,"June",18,"610-80",610,80,0,1,3,0.522711634,6.85,25.68494549,55.2956693,11.66324704,120.9838702,7.750028907
2019,"June",18,"613-10",613,10,3,1,3,0.163171456,6.79,49.50109558,6.905327846,12.62760137,72.19984485,4.625014492
2019,"June",18,"613-20",613,20,3,1,3,1.013375564,6.85,137.1973623,38.6470888,3.820595758,97.78192384,6.263755144
2019,"June",18,"613-80",613,80,3,1,3,1.528353555,7.13,95.11141744,361.335252,0.775720524,183.1235205,11.73057994
2019,"June",18,"620-10",620,10,0,1,3,0.174737623,6.82,31.40032071,0,3.187657517,60.4399323,3.871696249
2019,"June",18,"620-20",620,20,0,1,3,0.534781339,6.72,57.22592912,8.978017461,1.977726138,80.7691481,5.173948204
2019,"June",18,"620-80",620,80,0,1,3,0.2405379,7.49,17.11814265,0,20.55123206,201.4434612,12.90412145
2019,"June",18,"623-10",623,10,3,1,3,0.111534585,6.32,95.33521226,0.746478705,6.917485964,48.06345557,3.078882047
2019,"June",18,"623-20",623,20,3,1,3,0.333645521,6.62,59.31676737,0,2.797598253,81.41301834,5.215193341
2019,"June",18,"623-80",623,80,3,1,3,0.58591222,6.67,58.26821825,75.54096395,8.481366188,180.0814217,11.53570872
2019,"June",18,"630-10",630,10,0,1,3,0.075660678,6.9,12.77683628,11.64290411,4.233808484,41.80494499,2.677973437
2019,"June",18,"630-20",630,20,0,1,3,0.448919337,6.71,41.13148257,0.213501375,2.567392389,58.97529196,3.777874099
2019,"June",18,"630-80",630,80,0,1,3,0.111534585,7.17,8.344759987,2.700728913,20.512068,173.4406573,11.11031364
2019,"June",18,"633-10",633,10,3,1,3,0.168214318,6.5,38.97178438,0,12.72635371,71.67236107,4.591224856
2019,"June",18,"633-20",633,20,3,1,3,1.471297064,6.66,301.1779252,57.00255876,1.051041797,125.0374217,8.009691916
2019,"June",18,"633-80",633,80,3,1,3,1.322618737,6.69,261.4363484,214.9723002,2.713518403,161.7332807,10.36036075
2019,"July",15,"310-10",310,10,0,0,3,0.727786854,6.52,84.42081897,9.362865095,4.813752339,89.9622426,5.762840831
2019,"July",15,"310-20",310,20,0,0,3,1.208353233,6.66,155.2906592,33.49367599,1.187688709,86.06461777,5.513166195
2019,"July",15,"310-40",310,40,0,0,3,0.689114629,6.87,60.43424876,125.2902659,2.94183718,125.2648858,8.024262841
2019,"July",15,"310-80",310,80,0,0,3,1.434563093,6.69,52.25550988,167.5813777,11.27140986,175.4883216,11.24148323
2019,"July",15,"310-120",310,120,0,0,3,1.208353233,6.77,95.81577467,205.0214503,8.142482845,159.6399295,10.22626455
2019,"July",15,"311-10",311,10,1,0,3,0.830983274,6.53,102.6031229,12.0993488,3.684897068,92.72856982,5.940046635
2019,"July",15,"311-20",311,20,1,0,3,1.326918701,6.7,116.1809601,19.81125744,1.041787274,90.10043159,5.771692962
2019,"July",15,"311-40",311,40,1,0,3,0.941440385,6.79,29.84092846,136.4227791,0.867991266,128.5595769,8.235314659
2019,"July",15,"311-80",311,80,1,0,3,1.563084751,6.71,48.23209801,190.1573683,8.831425452,183.1593822,11.73287718
2019,"July",15,"311-120",311,120,1,0,3,1.716457018,6.72,45.5466826,158.5012272,11.37028384,177.77222,11.38778554
2019,"July",15,"312-10",312,10,2,0,3,0.978882341,6.38,111.8214787,20.61976399,8.74238927,101.6037941,6.508577082
2019,"July",15,"312-20",312,20,2,0,3,1.337309251,6.64,183.2236908,54.45265349,0.608165939,89.97930042,5.763933523
2019,"July",15,"312-40",312,40,2,0,3,1.575324619,6.89,62.06120219,218.5172904,1.479850281,146.2289619,9.367182777
2019,"July",15,"312-80",312,80,2,0,3,2.476549569,6.82,73.07925749,326.7327826,3.81191204,184.9974584,11.85062094
2019,"July",15,"312-120",312,120,2,0,3,1.929505145,6.87,40.20097846,317.5904393,4.877111666,167.6381298,10.73861446
2019,"July",15,"313-10",313,10,3,0,3,1.434563093,6.58,390.4513879,12.53469849,4.689535246,108.4661072,6.948164165
2019,"July",15,"313-20",313,20,3,0,3,1.445796561,6.63,412.1420064,77.74556341,0.174825328,124.0474697,7.94627742
2019,"July",15,"313-40",313,40,3,0,3,1.526932801,6.72,298.4437163,153.4322226,0.083574548,131.5310014,8.425658618
2019,"July",15,"313-80",313,80,3,0,3,1.676757784,6.78,298.6635749,429.8742443,0,143.7030296,9.205376227
2019,"July",15,"313-120",313,120,3,0,3,0.805456604,6.66,305.011206,252.866104,0.143796007,118.9979069,7.622811771
2019,"July",16,"320-10",320,10,0,0,3,0.996197604,6.5,109.7185812,6.86923892,5.498730505,90.2797292,5.783178435
2019,"July",16,"320-20",320,20,0,0,3,1.248591345,6.09,144.5328677,64.28880421,1.039934498,94.30048801,6.040740806
2019,"July",16,"320-40",320,40,0,0,3,2.097148496,7.2,51.10450806,143.8115532,4.209734872,149.9028124,9.602522843
2019,"July",16,"320-80",320,80,0,0,3,0.80149915,7.01,140.3629488,157.390093,8.020411728,174.849842,11.20058341
2019,"July",16,"320-120",320,120,0,0,3,0.737189356,6.52,135.4504416,24.58832004,5.615941984,85.45916784,5.474382193
2019,"July",16,"321-10",321,10,1,0,3,0.768671999,6.44,145.1780122,35.18323453,8.223306301,103.8652891,6.653444272
2019,"July",16,"321-20",321,20,1,0,3,1.500835669,6.69,156.615888,79.20693093,1.026419214,101.20389,6.482959965
2019,"July",16,"321-40",321,40,1,0,3,1.403698819,6.63,207.4613452,44.80390401,1.97580786,98.275811,6.295392643
2019,"July",16,"321-80",321,80,1,0,3,1.618172259,6.67,74.86733342,208.0508335,6.904157829,188.2058533,12.05614478
2019,"July",16,"321-120",321,120,1,0,3,0.311488309,6.74,23.07768024,212.4349361,7.711921397,184.3180367,11.80709844
2019,"July",16,"322-10",322,10,2,0,3,0.485242694,6.48,126.3142535,19.04730155,9.037485964,97.01993794,6.214943738
2019,"July",16,"322-20",322,20,2,0,3,1.074081167,6.74,148.9917575,66.5417458,0.272779164,101.9658956,6.531772637
2019,"July",16,"322-40",322,40,2,0,3,1.119951219,6.65,111.8186613,190.3317524,0.743898939,144.5231199,9.257909692
2019,"July",16,"322-80",322,80,2,0,3,1.056263566,6.82,43.02004004,207.580525,4.299182782,192.6264542,12.33932029
2019,"July",16,"322-120",322,120,2,0,3,2.028147699,6.74,86.1741642,197.6685937,5.861194635,182.4645698,11.68836878
2019,"July",16,"323-10",323,10,3,0,3,0.731049282,6.56,108.9961537,32.91154833,8.259089208,110.9351904,7.106329068
2019,"July",16,"323-20",323,20,3,0,3,1.538970679,6.69,210.1225666,43.28449977,1.953889582,101.9644626,6.531680841
2019,"July",16,"323-40",323,40,3,0,3,1.961417181,6.68,205.9459275,94.11196181,0.076634435,116.6974302,7.475447487
2019,"July",16,"323-80",323,80,3,0,3,2.377470837,6.82,84.92755671,214.380571,7.378490331,202.5386403,12.9742766
2019,"July",16,"323-120",323,120,3,0,3,1.994503382,6.75,23.84882962,229.133213,8.636940112,192.3159549,12.31943028
2019,"July",16,"330-10",330,10,0,0,3,0.477193153,6.41,97.1819436,16.14194351,8.786965066,96.6467024,6.191034959
2019,"July",16,"330-20",330,20,0,0,3,1.197452555,6.44,297.3817312,23.63351955,0.349391765,70.61684344,4.52361035
2019,"July",16,"330-40",330,40,0,0,3,1.368915785,6.62,139.922772,39.36582923,2.462601372,111.7704598,7.15983488
2019,"July",16,"330-80",330,80,0,0,3,1.2910704,6.66,88.15327961,50.77607581,12.83084529,147.5948575,9.454679524
2019,"July",16,"330-120",330,120,0,0,3,0.947438626,6.62,78.3786672,119.6985754,10.74041173,168.4891566,10.79312966
2019,"July",17,"331-10",331,10,1,0,3,1.28705165,6.53,119.9315717,18.44704383,4.492666875,68.39210719,4.381097861
2019,"July",17,"331-20",331,20,1,0,3,2.25109072,6.73,60.16569841,16.084316,0.7721335,91.0410268,5.831945751
2019,"July",17,"331-40",331,40,1,0,3,0.42704783,6.6,41.37181523,82.93222526,5.508247037,146.8567786,9.40739955
2019,"July",17,"331-80",331,80,1,0,3,3.219460429,6.71,73.58818019,142.2885585,9.848103556,170.427969,10.9173264
2019,"July",17,"331-120",331,120,1,0,3,2.407291266,6.76,85.93879038,185.3939345,5.827925764,155.3030832,9.9484542
2019,"July",17,"332-10",332,10,2,0,3,1.3559917,6.57,82.8135019,5.429501612,9.797588896,115.4215966,7.393719949
2019,"July",17,"332-20",332,20,2,0,3,2.407291266,6.82,109.1676928,18.79600578,0.664160948,110.7582116,7.09499213
2019,"July",17,"332-40",332,40,2,0,3,2.25109072,6.77,42.90435072,77.79298969,6.452969432,164.7268632,10.55212411
2019,"July",17,"332-80",332,80,2,0,3,2.555212299,6.71,88.94665474,107.4643244,8.382064878,173.7506939,11.13017401
2019,"July",17,"332-120",332,120,2,0,3,2.284902037,6.84,124.3936888,165.9427801,5.592052402,154.567165,9.901312642
2019,"July",17,"333-10",333,10,3,0,3,1.854485164,6.77,93.91459887,19.19930547,5.893998752,109.6839577,7.026177414
2019,"July",17,"333-20",333,20,3,0,3,2.632547182,6.81,194.5079403,51.75135226,0.062267623,114.3660677,7.32610472
2019,"July",17,"333-40",333,40,3,0,3,3.219460429,6.9,79.82671367,45.24094291,5.712769807,148.0242906,9.482188208
2019,"July",17,"333-80",333,80,3,0,3,3.709297529,6.82,133.5919126,237.2692118,2.393409233,166.1761439,10.64496235
2019,"July",17,"333-120",333,120,3,0,3,1.573993388,6.79,92.3067915,245.2199772,1.094578915,139.2064118,8.917331211
2019,"July",17,"440-10",440,10,0,0,4,1.068227208,6.56,79.75144179,17.41326397,3.705446039,62.54521016,4.006556454
2019,"July",17,"440-20",440,20,0,0,4,1.708492724,6.68,131.0627775,28.82088391,2.340364941,59.50167842,3.811593442
2019,"July",17,"440-40",440,40,0,0,4,2.612996753,6.85,223.3009401,148.0247508,1.161793512,113.565086,7.274795316
2019,"July",17,"440-80",440,80,0,0,4,2.461730583,6.93,46.57159675,166.864608,2.683730505,152.7630183,9.785742343
2019,"July",17,"440-120",440,120,0,0,4,2.461730583,6.78,274.0371986,249.0801315,2.160024953,144.8404062,9.278234467
2019,"July",17,"441-10",441,10,1,0,4,0.633947191,6.67,54.89967764,53.42216528,4.003406114,66.63319887,4.268425448
2019,"July",17,"441-20",441,20,1,0,4,1.439313438,6.83,158.7236882,50.08053924,2.928752339,59.4846488,3.810502556
2019,"July",17,"441-40",441,40,1,0,4,2.407291266,6.88,177.3881037,189.2765482,0.625174672,103.946677,6.658657828
2019,"July",17,"441-80",441,80,1,0,4,2.593591513,7.17,148.4596145,243.3187073,1.078499688,131.8608491,8.44678805
2019,"July",17,"441-120",441,120,1,0,4,3.219460429,6.85,369.226019,277.0806531,1.757747973,101.6110748,6.509043468
2019,"July",17,"442-10",442,10,2,0,4,1.142350242,6.55,71.11324075,18.16224912,3.99135995,74.98487447,4.803418337
2019,"July",17,"442-20",442,20,2,0,4,1.786639351,6.59,143.8740516,21.04296122,1.156668746,72.29925529,4.63138254
2019,"July",17,"442-40",442,40,2,0,4,3.292266419,6.95,117.9985898,82.55426101,3.551512789,129.2311932,8.278337161
2019,"July",17,"442-80",442,80,2,0,4,2.752960153,6.86,92.83068379,149.5063235,4.259394885,141.0224457,9.03366298
2019,"July",17,"442-120",442,120,2,0,4,2.23437315,6.76,103.1459423,125.2276319,2.10816282,112.0479154,7.17760817
2019,"July",17,"443-10",443,10,3,0,4,0.955221812,6.78,53.48757715,6.062100899,2.239566438,79.75891961,5.109234836
2019,"July",17,"443-20",443,20,3,0,4,1.695804721,6.76,137.7333715,8.23290156,0.515601996,71.47171509,4.578371846
2019,"July",17,"443-40",443,40,3,0,4,2.752960153,6.85,81.12741177,15.7164512,4.052136619,124.5724147,7.979904425
2019,"July",17,"443-80",443,80,3,0,4,2.836279982,6.81,59.93386102,163.6736541,5.815598877,158.4307616,10.14880749
2019,"July",17,"443-120",443,120,3,0,4,2.319221199,6.83,36.17805546,163.4451488,6.911400499,153.4406291,9.829148832
2019,"July",18,"450-10",450,10,0,0,4,0.796824426,6.42,56.09297401,3.948426572,1.344959451,50.90428209,3.260860138
2019,"July",18,"450-20",450,20,0,0,4,1.084471981,6.61,67.98147826,10.00381789,2.472177168,52.91667419,3.389770253
2019,"July",18,"450-40",450,40,0,0,4,1.849341969,6.81,121.5901618,153.9050511,0.170433562,71.30280113,4.56755153
2019,"July",18,"450-80",450,80,0,0,4,2.652933321,6.93,169.2957927,227.7693999,2.736129133,134.8835092,8.640414063
2019,"July",18,"450-120",450,120,0,0,4,1.863296632,6.78,226.2795326,263.8161162,2.578184654,130.7933822,8.378408098
2019,"July",18,"451-10",451,10,1,0,4,0.998402895,6.67,115.9277137,84.83931434,1.492383032,50.31496756,3.223109739
2019,"July",18,"451-20",451,20,1,0,4,1.338541938,6.67,162.750029,147.0498912,0.0772801,46.86200282,3.001919206
2019,"July",18,"451-40",451,40,1,0,4,2.13328026,6.88,171.5634087,181.9540807,0.331696818,97.95946685,6.275128222
2019,"July",18,"451-80",451,80,1,0,4,1.963972537,6.9,229.7501716,132.0827919,1.952797879,105.9545275,6.787277016
2019,"July",18,"451-120",451,120,1,0,4,1.521013698,7.15,62.44427639,120.3147672,1.938621335,106.8967955,6.84763696
2019,"July",18,"452-10",452,10,2,0,4,0.91916468,6.63,156.9063035,93.80814865,0.244728634,47.97036953,3.072919127
2019,"July",18,"452-20",452,20,2,0,4,0.998402895,6.74,253.4513732,144.4792062,0.082301934,53.28038646,3.413068988
2019,"July",18,"452-40",452,40,2,0,4,1.934665398,7.22,254.4764147,198.3493383,0.814132876,101.3002144,6.489130328
2019,"July",18,"452-80",452,80,2,0,4,2.117303627,6.86,69.67559835,248.9632695,5.419210855,154.1366714,9.873736015
2019,"July",18,"452-120",452,120,2,0,4,1.781120738,6.82,42.31588841,234.8530652,6.067620087,147.6839379,9.460385849
2019,"July",18,"453-10",453,10,3,0,4,0.51912336,6.61,89.14479564,16.97323053,1.970645664,62.12491396,3.979633057
2019,"July",18,"453-20",453,20,3,0,4,0.898667443,6.71,195.8216264,52.3915571,1.783593263,55.5364598,3.557588873
2019,"July",18,"453-40",453,40,3,0,4,1.702569,6.87,127.3086411,182.4110914,0.376612601,100.4520451,6.434798175
2019,"July",18,"453-80",453,80,3,0,4,2.693121088,7.06,65.41393049,211.145637,2.539872115,145.4917461,9.319958097
2019,"July",18,"453-120",453,120,3,0,4,2.117303627,6.91,25.24284932,190.0336882,1.914360574,138.3010268,8.85933392
2019,"July",18,"460-10",460,10,0,0,4,0.983504351,6.53,55.94795206,42.73834667,2.169351216,54.86927504,3.514850251
2019,"July",18,"460-20",460,20,0,0,4,1.005936588,6.58,125.1464956,78.02461997,1.599622583,56.5097574,3.619936516
2019,"July",18,"460-40",460,40,0,0,4,1.677162624,6.86,97.55277299,157.7293535,1.326294448,100.6833907,6.449617743
2019,"July",18,"460-80",460,80,0,0,4,2.672951678,6.8,150.4297549,216.8711355,3.493387399,130.5578505,8.363320371
2019,"July",18,"460-120",460,120,0,0,4,1.591188985,7.06,129.9025565,187.2381208,2.61320025,124.1217913,7.951038323
2019,"July",18,"461-10",461,10,1,0,4,0.589890925,6.35,87.32707728,81.72098135,3.712822832,57.5645275,3.687503138
2019,"July",18,"461-20",461,20,1,0,4,1.084471981,6.51,271.0352851,120.26875,1.829391765,50.03875882,3.205416318
2019,"July",18,"461-40",461,40,1,0,4,1.579272201,7.08,62.62225788,116.6655742,5.153689956,92.95135684,5.954317959
2019,"July",18,"461-80",461,80,1,0,4,2.498090396,6.7,84.76447344,168.3525097,7.385077979,141.6483667,9.073758322
2019,"July",18,"461-120",461,120,1,0,4,1.389811331,6.74,47.96185675,210.317083,6.39658141,141.2384288,9.047498456
2019,"July",18,"462-10",462,10,2,0,4,1.084471981,6.46,162.7632128,77.7761251,4.356890206,54.45491678,3.488307228
2019,"July",18,"462-20",462,20,2,0,4,1.12600988,6.71,284.3575291,93.43130268,0.516687461,51.85822003,3.321967637
2019,"July",18,"462-40",462,40,2,0,4,2.13328026,6.88,73.14953334,203.7630305,0.231144729,102.7566291,6.582425558
2019,"July",18,"462-80",462,80,2,0,4,2.317183454,6.78,63.36714337,206.6828453,5.037688709,146.8980113,9.410040842
2019,"July",18,"462-120",462,120,2,0,4,1.76778151,6.74,30.86739396,179.9075218,5.669610106,144.0025755,9.224564579
2019,"July",18,"463-10",463,10,3,0,4,0.833587661,6.49,164.1508093,44.47781085,2.891331878,66.73157687,4.274727361
2019,"July",18,"463-20",463,20,3,0,4,1.579272201,6.65,345.6293045,125.6113899,0.400985652,80.29684344,5.143693242
2019,"July",18,"463-40",463,40,3,0,4,0.80283706,7.22,28.454756,221.872095,1.01161884,124.5908886,7.981087829
2019,"July",18,"463-80",463,80,3,0,4,3.477428154,6.85,61.36320365,233.2717977,0.509844042,145.185591,9.300346364
2019,"July",18,"463-120",463,120,3,0,4,2.424091771,6.88,20.78342425,158.1642195,4.799766064,137.5722341,8.81264881
2019,"July",15,"610-10",610,10,0,1,3,0.299106151,6.43,58.78530947,4.449632981,8.725617592,72.3674048,4.635748072
2019,"July",15,"610-20",610,20,0,1,3,0.745018073,6.69,94.37098977,6.128838893,0.887364317,85.00787306,5.445473084
2019,"July",15,"610-40",610,40,0,1,3,0.837490359,6.71,30.27907519,30.75719228,5.244828447,127.7229591,8.181722472
2019,"July",15,"610-80",610,80,0,1,3,0.2258781,6.88,12.03709538,28.08290138,15.73994697,150.7097546,9.654214066
2019,"July",15,"610-120",610,120,0,1,3,0.19476503,7.31,5.00005066,0.46929304,20.9131441,180.9645614,11.59228102
2019,"July",15,"613-10",613,10,3,1,3,0.562620547,6.5,120.1132877,49.79690968,19.86317218,100.4996276,6.437846223
2019,"July",15,"613-20",613,20,3,1,3,1.368971637,6.79,117.1923095,70.07338396,5.179884591,110.8843554,7.103072673
2019,"July",15,"613-40",613,40,3,1,3,1.587660332,7.155,39.38122007,131.4508196,6.209064255,201.9535712,12.93679816
2019,"July",15,"613-80",613,80,3,1,3,1.812782374,7.13,117.0132819,425.3074708,0.18352776,194.3805867,12.45168678
2019,"July",15,"613-120",613,120,3,1,3,1.46852808,7.045,141.2793865,298.2902776,1.900511541,166.8565472,10.68854773
2019,"July",15,"620-10",620,10,0,1,3,0.428205166,6.61,76.51690331,0,4.370904554,70.96060931,4.545631355
2019,"July",15,"620-20",620,20,0,1,3,0.504417464,6.8,49.39420761,20.75223032,1.90231753,81.02602257,5.190403108
2019,"July",15,"620-40",620,40,0,1,3,0.452235489,6.97,8.555477853,33.41741545,14.16479102,153.2871142,9.819314957
2019,"July",15,"620-80",620,80,0,1,3,0.328454905,7.205,5.416211529,59.84381135,17.67745789,193.8906093,12.42029973
2019,"July",15,"620-120",620,120,0,1,3,0.270263505,7.415,5.75228106,0,17.38938865,196.1479295,12.56489949
2019,"July",16,"623-10",623,10,3,1,3,0.768671999,6.53,109.7488224,23.51826453,8.446466001,90.24213258,5.780770065
2019,"July",16,"623-20",623,20,3,1,3,0.608182378,6.87,124.4023407,14.41311827,1.13827199,86.55274189,5.544434523
2019,"July",16,"623-40",623,40,3,1,3,1.789013278,7.16,79.22877959,11.81988041,7.016353712,155.6517546,9.970789443
2019,"July",16,"623-80",623,80,3,1,3,0.120046094,6.97,7.999105753,107.7120537,8.441122895,198.4831114,12.71448692
2019,"July",16,"623-120",623,120,3,1,3,0.724960349,6.75,52.31415415,306.0659362,2.41092015,174.5185078,11.17935875
2019,"July",16,"630-10",630,10,0,1,3,0.527573552,6.46,130.7865839,5.941874599,6.666812227,65.75539069,4.21219468
2019,"July",16,"630-20",630,20,0,1,3,0.842747499,6.63,60.05252898,9.399525078,0.781600125,55.73038364,3.570011275
2019,"July",16,"630-40",630,40,0,1,3,0.087360839,7.42,11.00474027,7.152052266,8.603122271,132.4591791,8.485115965
2019,"July",16,"630-80",630,80,0,1,3,0.979671989,6.81,97.80692741,18.73518137,20.09077979,182.0937941,11.66461758
2019,"July",16,"630-120",630,120,0,1,3,0.101554697,6.8,2.22472575,32.39290076,20.72426076,192.1542623,12.30907256
2019,"July",17,"633-10",633,10,3,1,3,1.645988003,6.71,105.2836637,0,16.96449158,96.65779972,6.191745833
2019,"July",17,"633-20",633,20,3,1,3,2.732515485,6.88,275.1813312,16.26097913,1.86492826,120.9446714,7.7475179
2019,"July",17,"633-40",633,40,3,1,3,1.376358656,7.09,129.7500359,95.30771929,4.5945602,171.0970071,10.96018374
2019,"July",17,"633-80",633,80,3,1,3,3.62726921,6.92,324.7192614,245.6232769,2.543808484,164.602048,10.54412868
2019,"July",17,"633-120",633,120,3,1,3,1.760201181,7.11,234.6127984,14.07163793,6.074709919,149.6770522,9.588061061
2019,"August",21,"310-10",310,10,0,0,3,0.965642198,6.63,77.17026683,14.84479613,3.545639426,128.8590606,8.254499036
2019,"August",21,"310-20",310,20,0,0,3,0.796238831,6.5,72.69088179,23.29362212,9.250202745,121.783763,7.801268561
2019,"August",21,"310-80",310,80,0,0,3,1.525418447,6.83,65.72533088,87.71592038,14.79828759,185.2704767,11.86810999
2019,"August",21,"313-10",313,10,3,0,3,1.213675584,6.54,369.0124648,0,10.85638802,144.6725585,9.267482455
2019,"August",21,"313-20",313,20,3,0,3,1.451008975,6.59,510.2983577,55.88216057,0.670205864,128.7520169,8.247642013
2019,"August",21,"313-80",313,80,3,0,3,1.558465139,6.69,285.1412284,377.0086026,0.655888958,143.4294358,9.187850315
2019,"August",21,"320-10",320,10,0,0,3,0.925124196,6.67,103.2830951,29.23683543,5.146556457,133.0644118,8.523886054
2019,"August",21,"320-20",320,20,0,0,3,0.993635349,6.24,159.325559,22.95256064,8.989454148,127.0040056,8.135667644
2019,"August",21,"320-80",320,80,0,0,3,0.965642198,6.77,61.41740556,86.23520783,9.327479726,163.766268,10.49059016
2019,"August",21,"323-10",323,10,3,0,3,1.171086887,6.65,182.7586136,14.02889043,8.06305053,153.7811396,9.85096131
2019,"August",21,"323-20",323,20,3,0,3,1.525418447,6.6,224.0007896,42.62234075,6.035573924,129.3619238,8.286711521
2019,"August",21,"323-80",323,80,3,0,3,2.164817361,6.76,66.92822794,234.1041938,6.088805365,182.9316079,11.71828638
2019,"August",21,"330-10",330,10,0,0,3,0.642632038,6.2,52.71582504,9.881269064,13.45480661,131.8717151,8.447484106
2019,"August",21,"330-20",330,20,0,0,3,0.899061173,6.44,44.83135723,12.52066448,1.886306925,83.16693089,5.327545734
2019,"August",21,"330-80",330,80,0,0,3,1.007934781,6.73,160.2070532,29.73957742,13.97681847,153.9461016,9.861528465
2019,"August",21,"333-10",333,10,3,0,3,1.580893053,6.66,194.2621131,3.282780529,5.800639426,151.1200846,9.680499049
2019,"August",21,"333-20",333,20,3,0,3,1.890035557,6.69,260.623936,69.51903687,0.682966313,120.6665529,7.729702145
2019,"August",21,"333-80",333,80,3,0,3,2.259630657,6.72,115.1979586,218.5191923,1.679622583,172.0569027,11.02167288
2019,"August",21,"610-10",610,10,0,1,3,0.096771405,6.38,47.23715135,31.55607694,12.259398,98.10154584,6.284229539
2019,"August",21,"610-20",610,20,0,1,3,1.75e-10,6.88,17.53175581,25.3437049,6.864984404,93.86090268,6.012581783
2019,"August",21,"610-80",610,80,0,1,3,0.126051182,7.13,1.918205556,19.81469376,15.23417342,141.9791989,9.094950818
2019,"August",21,"613-10",613,10,3,1,3,0.507660408,6.22,179.1621172,0,27.24673113,177.8415063,11.39222389
2019,"August",21,"613-20",613,20,3,1,3,1.196457334,6.76,234.4700026,49.67204242,8.260077979,129.9779549,8.32617333
2019,"August",21,"613-80",613,80,3,1,3,1.471890484,7.02,117.3752493,373.929308,0.715595758,181.6310268,11.63497356
2019,"August",21,"620-10",620,10,0,1,3,0.381474331,6.54,34.74470372,0,9.637807236,100.300646,6.425099825
2019,"August",21,"620-20",620,20,0,1,3,0.368088139,6.71,16.70794546,0,8.09893325,97.10174894,6.220184399
2019,"August",21,"620-80",620,80,0,1,3,1.248859013,7.03,18.94094034,117.2795253,13.4319214,181.9011227,11.6522754
2019,"August",21,"623-10",623,10,3,1,3,0.589834241,6.44,185.7145575,4.47679274,15.88830006,149.5167306,9.577791157
2019,"August",21,"623-20",623,20,3,1,3,1.231141621,6.69,211.8361695,4.539635488,2.163084841,95.77790409,6.135381347
2019,"August",21,"623-80",623,80,3,1,3,0.819321122,7.01,38.72846302,82.77885669,7.975508422,184.7540705,11.83502996
2019,"August",21,"630-10",630,10,0,1,3,0.114871378,6.26,6.851690936,4.413949992,13.5984529,101.9687278,6.53195406
2019,"August",21,"630-20",630,20,0,1,3,0.53369384,6.54,59.12145282,0,4.16003743,71.5514048,4.583476621
2019,"August",21,"630-80",630,80,0,1,3,0.2232353,6.88,15.71401493,0,20.06474735,176.2743357,11.29183384
2019,"August",21,"633-10",633,10,3,1,3,0.395347337,6.56,125.7964574,0,16.98718029,169.1142172,10.83316989
2019,"August",21,"633-20",633,20,3,1,3,1.580893053,6.71,209.6030508,19.8245432,4.984968808,131.178914,8.403104548
2019,"August",21,"633-80",633,80,3,1,3,2.259630657,6.85,187.6538448,177.0902936,3.095817218,130.2750522,8.345204834
2019,"September",13,"310-10",310,10,0,0,3,1.085427262,6.68,57.13644408,7.814077574,4.193006862,161.7758195,10.36308571
2019,"September",13,"310-20",310,20,0,0,3,1.017880966,6.48,74.6489694,8.765401584,13.99651591,152.7987898,9.7880338
2019,"September",13,"310-40",310,40,0,0,3,0.946902568,6.65,44.39804525,72.68248349,7.254238927,136.2363159,8.727072362
2019,"September",13,"310-80",310,80,0,0,3,1.10300291,6.74,48.18717538,207.4191557,10.58784779,176.7300226,11.3210243
2019,"September",13,"310-120",310,120,0,0,3,1.195243315,6.64,95.52385692,162.5826024,11.09105115,165.0939944,10.57564185
2019,"September",13,"311-10",311,10,1,0,3,1.176197875,6.6,113.6034417,9.35997909,5.640810979,149.4401721,9.572886959
2019,"September",13,"311-20",311,20,1,0,3,1.46101773,6.53,124.8608855,11.44100036,5.888462258,153.6070296,9.839808144
2019,"September",13,"311-40",311,40,1,0,3,1.085427262,6.91,38.60342704,83.91999836,2.494638178,130.6766008,8.370927299
2019,"September",13,"311-80",311,80,1,0,3,1.176197875,6.69,52.50873597,202.4192953,7.343633812,176.0482257,11.27734965
2019,"September",13,"311-120",311,120,1,0,3,1.034362879,6.66,37.37440006,203.2635415,11.3315315,178.6464767,11.4437888
2019,"September",13,"312-10",312,10,2,0,3,0.768454512,6.38,109.4804843,12.39232437,15.47761073,163.3869845,10.46629396
2019,"September",13,"312-20",312,20,2,0,3,1.46101773,6.43,234.3613252,45.74812247,12.67098565,162.8060705,10.42908169
2019,"September",13,"312-40",312,40,2,0,3,1.001661681,6.8,78.90397619,220.851198,0.69647224,142.085385,9.101752908
2019,"September",13,"312-80",312,80,2,0,3,2.183000384,6.83,63.8184464,232.7427481,8.303992514,194.0707306,12.43183797
2019,"September",13,"312-120",312,120,2,0,3,0.302701135,6.82,31.42892655,357.4851089,4.481063631,167.6401946,10.73874673
2019,"September",13,"313-10",313,10,3,0,3,1.14819722,6.51,393.6105563,17.86243743,13.97394885,176.9794217,11.33700034
2019,"September",13,"313-20",313,20,3,0,3,1.392283535,6.56,548.5598343,78.0931388,2.883225203,149.7416276,9.592197645
2019,"September",13,"313-40",313,40,3,0,3,1.295197474,6.66,395.8594422,246.5369463,4.821787274,161.3850578,10.33805424
2019,"September",13,"313-80",313,80,3,0,3,1.326782969,6.63,489.5213743,567.3709686,0.324210855,142.1095063,9.103298074
2019,"September",13,"313-120",313,120,3,0,3,1.254250037,6.52,663.081224,43.26764095,1.10268559,140.8345867,9.021629083
2019,"September",16,"320-10",320,10,0,0,3,0.301248965,6.26,65.66758048,0,23.37476606,170.5465106,10.92491996
2019,"September",16,"320-20",320,20,0,0,3,0.716345528,6.22,60.44274019,12.96416665,12.97295072,148.4183977,9.507433985
2019,"September",16,"320-40",320,40,0,0,3,0.187813673,6.91,26.24169126,133.4678262,2.599663132,135.472536,8.67814603
2019,"September",16,"320-80",320,80,0,0,3,0.53108446,6.78,35.29070919,166.6714377,6.537386151,172.877591,11.07424465
2019,"September",16,"320-120",320,120,0,0,3,0.886057315,6.52,65.34966692,5.092365709,15.09864317,149.5297997,9.57862834
2019,"September",16,"321-10",321,10,1,0,3,0.886057315,6.39,45.90625772,9.945656515,18.73378665,166.8840818,10.69031154
2019,"September",16,"321-20",321,20,1,0,3,1.574417173,6.59,59.1019743,50.07408538,4.289619464,136.90989,8.770220269
2019,"September",16,"321-40",321,40,1,0,3,1.313591857,6.53,78.82183007,20.12572991,9.555492826,158.7800931,10.17118502
2019,"September",16,"321-80",321,80,1,0,3,1.113373864,6.78,29.14438031,208.2795284,8.469404242,202.1340367,12.94835844
2019,"September",16,"321-120",321,120,1,0,3,0.201607628,6.95,25.26721708,214.9675998,11.58966313,204.4464965,13.09649034
2019,"September",16,"322-10",322,10,2,0,3,0.636535991,6.64,72.85979891,7.1047058,11.70537742,135.601653,8.68641703
2019,"September",16,"322-20",322,20,2,0,3,1.282922818,6.58,161.9386001,55.46005444,6.023293824,133.5000395,8.551791555
2019,"September",16,"322-40",322,40,2,0,3,2.106972202,6.74,119.4150177,194.3707071,0.049248284,127.5241946,8.168989989
2019,"September",16,"322-80",322,80,2,0,3,0.845165926,6.86,39.09645706,276.639905,4.551731129,192.721024,12.34537826
2019,"September",16,"322-120",322,120,2,0,3,0.787339837,6.78,24.85945838,106.9522862,12.12204304,204.9446347,13.12840015
2019,"September",16,"323-10",323,10,3,0,3,1.676793568,6.59,240.4532716,10.498453,11.44892389,171.5822059,10.99126468
2019,"September",16,"323-20",323,20,3,0,3,2.505521905,6.62,276.6428306,81.0195077,5.504441672,150.3436474,9.630761916
2019,"September",16,"323-40",323,40,3,0,3,2.057779745,6.75,107.9151077,158.049485,0.037779164,135.6054386,8.68665953
2019,"September",16,"323-80",323,80,3,0,3,2.466370168,6.75,52.32903318,223.7294955,5.557301934,199.1657377,12.7582147
2019,"September",16,"323-120",323,120,3,0,3,1.489978528,6.43,17.86996744,242.5116739,8.095658141,197.9291142,12.67899889
2019,"September",16,"330-10",330,10,0,0,3,1.078850163,6.38,79.48069441,13.09254946,16.94214286,170.8294556,10.94304489
2019,"September",16,"330-20",330,20,0,0,3,1.020989611,6.42,211.2838746,21.96511228,4.557766687,112.140598,7.183545249
2019,"September",16,"330-40",330,40,0,0,3,0.716345528,6.59,81.32367159,29.97346444,1.542694947,104.6378731,6.702934568
2019,"September",16,"330-80",330,80,0,0,3,0.247415126,6.65,64.41896345,63.10153992,11.89433562,158.978378,10.18388678
2019,"September",16,"330-120",330,120,0,0,3,0.142570004,6.66,40.12622055,98.99508953,10.19554897,162.9844965,10.44051132
2019,"September",17,"331-10",331,10,1,0,3,2.072024058,6.53,145.5504632,28.64834142,11.08450405,163.8683441,10.49712897
2019,"September",17,"331-20",331,20,1,0,3,2.228756554,6.69,45.58297751,23.40546339,2.509666251,134.5841326,8.621236553
2019,"September",17,"331-40",331,40,1,0,3,1.719752187,6.82,9.27252299,68.28680391,2.489600749,138.4781749,8.870681699
2019,"September",17,"331-80",331,80,1,0,3,2.685292238,6.75,28.56010849,148.4855536,8.153066126,168.9113709,10.82017594
2019,"September",17,"331-120",331,120,1,0,3,1.941983801,6.67,77.88893332,153.0946771,6.232582658,159.1372666,10.19406489
2019,"September",17,"332-10",332,10,2,0,3,1.253829737,6.53,92.00216657,21.79227015,16.52478166,182.3865867,11.68337333
2019,"September",17,"332-20",332,20,2,0,3,2.888413699,6.59,168.9775305,44.89550192,2.684145352,142.4442962,9.124744092
2019,"September",17,"332-40",332,40,2,0,3,2.157684977,6.7,26.30039137,110.6331265,3.536378665,159.1890663,10.19738309
2019,"September",17,"332-80",332,80,2,0,3,1.849838057,6.63,57.86144044,144.6975491,7.394681847,180.7583075,11.57906877
2019,"September",17,"332-120",332,120,2,0,3,2.302169143,6.71,168.2576206,221.8762987,4.490262009,158.3605642,10.14431077
2019,"September",17,"333-10",333,10,3,0,3,1.719752187,6.86,126.4378558,44.37090424,5.575268247,174.6369873,11.18694833
2019,"September",17,"333-20",333,20,3,0,3,2.537236875,6.68,283.6231787,76.97276656,1.473986276,134.1568293,8.593864297
2019,"September",17,"333-40",333,40,3,0,3,0.000593083,6.78,77.77394771,146.8175296,1.331154086,162.8193343,10.42993134
2019,"September",17,"333-80",333,80,3,0,3,3.235344117,6.69,129.9524158,243.9928521,1.302398628,174.8711735,11.20194986
2019,"September",17,"333-120",333,120,3,0,3,2.7291591,6.69,260.7960363,301.9198869,0.491603244,152.0228124,9.738326121
2019,"September",17,"440-10",440,10,0,0,4,1.880056961,6.67,154.059398,33.54181464,7.814398004,149.3956333,9.570033886
2019,"September",17,"440-20",440,20,0,0,4,2.192932861,6.57,209.8424149,35.66179515,5.048802246,132.2585275,8.472262594
2019,"September",17,"440-40",440,40,0,0,4,3.007825523,6.66,392.4195591,148.8229166,0.49448534,115.1702398,7.377618495
2019,"September",17,"440-80",440,80,0,0,4,2.416846797,6.94,290.7422875,193.6862877,1.744884591,150.7509563,9.65685337
2019,"September",17,"440-120",440,120,0,0,4,3.132174031,6.74,528.0925751,347.1843354,0.444825328,145.8889506,9.345402283
2019,"September",17,"441-10",441,10,1,0,4,1.057662095,6.21,71.85468871,40.81850448,12.37279788,120.916079,7.745686325
2019,"September",17,"441-20",441,20,1,0,4,0.975349918,6.7,160.7585594,79.83760507,2.820792265,89.77712271,5.750982393
2019,"September",17,"441-40",441,40,1,0,4,0.944247527,6.74,193.9694019,166.183838,3.170577043,111.1787673,7.121932151
2019,"September",17,"441-80",441,80,1,0,4,0.634851373,7.06,85.89793072,195.9781585,2.102592015,143.7757969,9.210037564
2019,"September",17,"441-120",441,120,1,0,4,1.462489961,6.77,311.9696302,343.4600454,1.374787898,129.6893258,8.307684286
2019,"September",17,"442-10",442,10,2,0,4,1.790849601,6.73,115.284252,31.70831799,4.733427948,155.8149309,9.981242215
2019,"September",17,"442-20",442,20,2,0,4,2.123003647,6.59,216.5215787,47.12114921,0.421918278,124.8602934,7.998345402
2019,"September",17,"442-40",442,40,2,0,4,3.032293878,6.88,103.1807672,210.9326156,0.087763568,120.0125726,7.68780938
2019,"September",17,"442-80",442,80,2,0,4,1.651477367,6.97,68.87506171,124.1280085,9.041771678,150.4454499,9.637283198
2019,"September",17,"442-120",442,120,2,0,4,1.790849601,6.77,80.49360726,124.4144924,2.027398628,119.9080818,7.681115891
2019,"September",17,"443-10",443,10,3,0,4,1.074940034,6.73,163.9081651,12.06737558,4.575714286,132.6953484,8.500244531
2019,"September",17,"443-20",443,20,3,0,4,2.088879763,6.55,415.0467266,27.81693874,0.245424205,89.22294781,5.715482975
2019,"September",17,"443-40",443,40,3,0,4,2.751360532,6.64,175.2467457,59.37354522,0.413502807,111.6094669,7.149521969
2019,"September",17,"443-80",443,80,3,0,4,2.7291591,6.67,80.63858911,195.8889193,3.828290705,150.3877913,9.63358969
2019,"September",17,"443-120",443,120,3,0,4,2.043680921,6.71,42.75333173,179.7944752,6.152055521,143.909433,9.218598046
2019,"September",18,"450-10",450,10,0,0,4,1.737197923,6.56,107.7516001,21.60908173,9.047345602,139.2654104,8.921110552
2019,"September",18,"450-20",450,20,0,0,4,1.627121634,6.56,110.3637832,17.98783181,6.51132252,128.6642708,8.242021159
2019,"September",18,"450-40",450,40,0,0,4,1.885323601,6.67,253.0777984,116.6812623,0.630598877,79.70941608,5.106063732
2019,"September",18,"450-80",450,80,0,0,4,1.6675582,6.77,222.5257041,291.9382625,0.074132876,120.5639097,7.723127014
2019,"September",18,"450-120",450,120,0,0,4,1.451004554,6.75,233.1468408,418.9119305,0.035252651,123.7602285,7.927877281
2019,"September",18,"451-10",451,10,1,0,4,0.492703469,6.56,208.8143546,86.04433831,2.047080474,96.77908886,6.199515391
2019,"September",18,"451-20",451,20,1,0,4,0.706230829,6.78,219.3545137,147.950468,0.791734248,74.5209055,4.773697343
2019,"September",18,"451-40",451,40,1,0,4,1.627121634,6.68,403.2313112,226.410883,0.115505303,94.75945839,6.0701416
2019,"September",18,"451-80",451,80,1,0,4,1.25228417,6.76,336.0877551,135.5347539,0.520639426,83.06423977,5.320967531
2019,"September",18,"451-120",451,120,1,0,4,1.012296473,6.97,101.148001,224.5715179,3.519373051,142.7890719,9.146829788
2019,"September",18,"452-10",452,10,2,0,4,1.48706433,6.53,481.3408123,135.8221547,0.595714286,89.23202539,5.716064467
2019,"September",18,"452-20",452,20,2,0,4,0.81830001,6.61,355.0130221,138.9835634,0.700679975,75.83292243,4.85774272
2019,"September",18,"452-40",452,40,2,0,4,0.995864849,6.8,193.4573298,147.3181862,1.469591391,105.1878364,6.738164202
2019,"September",18,"452-80",452,80,2,0,4,1.627121634,6.77,83.04557168,241.3557239,4.929482221,152.320787,9.757413823
2019,"September",18,"452-120",452,120,2,0,4,1.283405427,6.81,47.60869483,136.2245158,8.653290705,156.7515092,10.04123769
2019,"September",18,"453-10",453,10,3,0,4,1.462926261,6.65,197.2711172,68.28296964,9.423240799,142.2639408,9.113190857
2019,"September",18,"453-20",453,20,3,0,4,1.18257112,6.51,593.074335,153.5260432,0,78.24210719,5.012070639
2019,"September",18,"453-40",453,40,3,0,4,0.694767271,6.73,131.7601756,176.2881856,0.894064255,114.8880508,7.35954199
2019,"September",18,"453-80",453,80,3,0,4,1.6675582,6.85,51.91879706,208.8219548,2.615084217,148.4919887,9.512148087
2019,"September",18,"453-120",453,120,3,0,4,2.838369411,6.83,29.98690719,251.1848309,1.485286962,151.015842,9.673821461
2019,"September",18,"460-10",460,10,0,0,4,1.932176897,6.37,412.8754914,65.17904113,0.405995009,123.9640649,7.940934663
2019,"September",18,"460-20",460,20,0,0,4,2.062890459,6.49,322.5461975,85.58449705,0.053203369,94.27941326,6.039390796
2019,"September",18,"460-40",460,40,0,0,4,11.69101303,6.76,204.8307753,199.0786025,0.335495945,98.10638364,6.284539439
2019,"September",18,"460-80",460,80,0,0,4,3.15694126,6.76,121.3767475,214.3498997,2.627638802,126.4821354,8.102237602
2019,"September",18,"460-120",460,120,0,0,4,1.854720976,6.92,147.953099,328.6844434,1.53683718,129.1944824,8.275985531
2019,"September",18,"461-10",461,10,1,0,4,2.012867494,6.69,261.1860149,119.34756,2.031369308,132.132488,8.464188737
2019,"September",18,"461-20",461,20,1,0,4,1.980194573,6.49,443.6052142,157.7831845,0.024104803,84.18444006,5.392725489
2019,"September",18,"461-40",461,40,1,0,4,1.09861197,6.81,77.66969872,171.8533684,0.803368684,85.29435261,5.463824434
2019,"September",18,"461-80",461,80,1,0,4,1.964057534,6.81,44.45317757,158.8127101,6.851144729,145.5266432,9.322193537
2019,"September",18,"461-120",461,120,1,0,4,2.769541881,6.66,56.12963632,225.9034654,6.327086712,138.8434471,8.894080361
2019,"September",18,"462-10",462,10,2,0,4,1.916431165,6.33,445.9718522,155.4381538,0.729766064,108.507292,6.950802385
2019,"September",18,"462-20",462,20,2,0,4,2.131526853,6.61,430.3927918,102.5319743,0.032092951,84.94434697,5.44140372
2019,"September",18,"462-40",462,40,2,0,4,2.202446914,6.81,144.6983188,192.3294898,0.323025577,101.8560113,6.524733649
2019,"September",18,"462-80",462,80,2,0,4,3.598529486,6.67,122.567903,264.2246981,3.044819089,141.8982906,9.089767981
2019,"September",18,"462-120",462,120,2,0,4,1.765861435,6.73,33.88428447,219.3831362,5.495714286,145.3962595,9.313841402
2019,"September",18,"463-10",463,10,3,0,4,1.869959687,6.59,501.7106166,40.64604316,4.897379913,119.4263949,7.65025992
2019,"September",18,"463-20",463,20,3,0,4,2.012867494,6.6,494.9607353,141.8255368,0.27518403,84.88487165,5.437593841
2019,"September",18,"463-40",463,40,3,0,4,0.948153039,6.91,83.36948239,251.7559985,0.469014348,121.3879182,7.775911472
2019,"September",18,"463-80",463,80,3,0,4,3.540118055,6.73,103.2743181,275.7782638,0.343300062,154.4046008,9.890899082
2019,"September",18,"463-120",463,120,3,0,4,2.63685334,6.77,20.9226316,268.228409,2.918980037,138.5117659,8.872833475
2019,"September",13,"610-10",610,10,0,1,3,0.081747693,6.53,14.29353948,0,19.28244853,148.3881608,9.505497062
2019,"September",13,"610-20",610,20,0,1,3,0.200968392,6.64,22.24450106,0,14.64889894,132.1309027,8.464087184
2019,"September",13,"610-40",610,40,0,1,3,0.780897618,6.67,39.03380833,14.83009215,6.689716157,125.9922031,8.070853445
2019,"September",13,"610-80",610,80,0,1,3,0.68123769,6.59,41.57172687,37.36457963,18.181335,172.8404626,11.07186628
2019,"September",13,"610-120",610,120,0,1,3,0.070744407,7.34,6.808454548,0,23.06915471,202.2465444,12.95556548
2019,"September",13,"613-10",613,10,3,1,3,0.397745167,6.16,244.3017131,13.67440433,26.96540861,208.6920197,13.3684507
2019,"September",13,"613-20",613,20,3,1,3,1.414827916,6.63,250.3898428,65.34419547,15.06188397,186.0775148,11.91980736
2019,"September",13,"613-40",613,40,3,1,3,0.665020094,7.1,47.5216373,205.6161371,3.682336245,178.0028773,11.40256101
2019,"September",13,"613-80",613,80,3,1,3,1.34826674,6.94,142.334,451.2991875,1.527342483,190.0557292,12.17464441
2019,"September",13,"613-120",613,120,3,1,3,1.059587499,6.98,195.1724065,341.4490932,2.765745477,171.3229337,10.97465619
2019,"September",13,"620-10",620,10,0,1,3,0.200968392,6.64,21.76087672,2.19222852,11.19465377,131.7373992,8.438880076
2019,"September",13,"620-20",620,20,0,1,3,0.300279776,6.65,19.93286547,1.067685529,10.12230817,118.4375571,7.5869168
2019,"September",13,"620-40",620,40,0,1,3,0.070744407,7.27,2.977173673,4.678060397,14.97089832,160.1378533,10.25816063
2019,"September",13,"620-80",620,80,0,1,3,0.338723697,7.09,9.539379132,56.93971627,17.54075795,198.9258956,12.74285086
2019,"September",13,"620-120",620,120,0,1,3,0.391407351,7.04,14.38227789,46.7004564,13.23966313,179.4045078,11.49234687
2019,"September",16,"623-10",623,10,3,1,3,0.900122796,6.51,72.3437653,18.27781344,13.38547099,126.1214753,8.079134384
2019,"September",16,"623-20",623,20,3,1,3,1.233390691,6.8,123.0498512,39.07648344,11.18855271,147.800347,9.467842796
2019,"September",16,"623-40",623,40,3,1,3,0.078362854,7.2,20.36720151,10.6727596,6.071578291,157.3219069,10.07777631
2019,"September",16,"623-80",623,80,3,1,3,0.981570414,7,45.20592639,183.0539802,4.305901435,192.1008886,12.30565354
2019,"September",16,"623-120",623,120,3,1,3,0.358232482,7.38,33.6827116,110.4026703,6.443253275,190.9362172,12.23104684
2019,"September",16,"630-10",630,10,0,1,3,0.125692279,6.52,29.58669483,0,20.83276669,171.7501016,11.00201977
2019,"September",16,"630-20",630,20,0,1,3,0.000342239,6.69,27.30601058,0,5.927732377,84.64304937,5.422103153
2019,"September",16,"630-40",630,40,0,1,3,4.17e-07,7.5,5.054364904,15.74279549,7.693920774,111.5801298,7.147642689
2019,"September",16,"630-80",630,80,0,1,3,1.421216281,6.86,21.96137677,13.72630394,16.93690892,158.7946742,10.17211906
2019,"September",16,"630-120",630,120,0,1,3,1.029061418,7.51,4.900015565,0,22.41700561,198.2970042,12.70256524
2019,"September",17,"633-10",633,10,3,1,3,1.092500226,6.59,140.7060696,27.00998283,20.27439177,207.7234866,13.30640826
2019,"September",17,"633-20",633,20,3,1,3,1.849838057,6.64,221.7909191,35.03153067,14.9163849,169.939464,10.88603368
2019,"September",17,"633-40",633,40,3,1,3,2.456328342,6.87,174.4868408,214.7142024,0.325084217,167.6517066,10.73948417
2019,"September",17,"633-80",633,80,3,1,3,2.377999856,6.67,379.2062132,341.5119552,0.060336868,136.2715853,8.729331654
2019,"September",17,"633-120",633,120,3,1,3,0.842994561,6.83,222.8107914,215.8601378,3.08820025,142.7545472,9.144618201
2019,"October",17,"310-10",310,10,0,0,3,1.337494431,6.7,57.11511875,6.614500643,12.99581098,184.5449535,11.82163431
2019,"October",17,"310-20",310,20,0,0,3,1.603937517,6.46,94.8000409,5.013042317,20.25023082,183.6074781,11.76158138
2019,"October",17,"310-80",310,80,0,0,3,1.453625066,6.57,66.83605125,184.3792639,11.25575172,187.177701,11.99028325
2019,"October",17,"313-10",313,10,3,0,3,1.498309893,6.56,355.9208141,9.417098262,17.91645041,196.4069478,12.58149172
2019,"October",17,"313-20",313,20,3,0,3,1.866094641,6.57,541.6603978,64.0391539,13.67539613,179.4874443,11.49765963
2019,"October",17,"313-80",313,80,3,0,3,2.138480346,6.64,421.4922005,553.750191,0.141812227,145.5060762,9.320876053
2019,"October",17,"320-10",320,10,0,0,3,0.270812911,5.09,6.084477552,8.723660501,17.61142233,184.5741693,11.82350582
2019,"October",17,"320-20",320,20,0,0,3,1.521164807,6.26,80.76982904,7.035251693,18.28574236,173.5529676,11.11750803
2019,"October",17,"320-80",320,80,0,0,3,1.85202291,6.78,48.37554473,96.63347911,9.670670618,161.0394556,10.3159156
2019,"October",17,"323-10",323,10,3,0,3,0.995604508,6.64,171.5275257,20.71136304,18.52693699,196.6695233,12.59831182
2019,"October",17,"323-20",323,20,3,0,3,2.012828511,6.64,242.8395755,97.75908498,10.92374298,174.2950917,11.16504713
2019,"October",17,"323-80",323,80,3,0,3,2.583973395,6.79,80.38409276,322.7676988,3.878630692,191.2437207,12.25074495
2019,"October",17,"330-10",330,10,0,0,3,0.980645935,6.4,40.75158055,1.51978292,16.71344354,179.799292,11.51763601
2019,"October",17,"330-20",330,20,0,0,3,1.12378655,6.49,112.1846457,5.571964059,8.827208359,142.8075458,9.148013193
2019,"October",17,"330-80",330,80,0,0,3,1.399638398,6.65,57.90549996,68.71845348,10.86377729,155.1566855,9.939076232
2019,"October",17,"333-10",333,10,3,0,3,1.796789126,6.65,223.7210483,28.53432385,15.8292826,182.115622,11.66601583
2019,"October",17,"333-20",333,20,3,0,3,2.30663232,6.66,274.2354836,110.1407496,6.955090455,157.8109958,10.10910644
2019,"October",17,"333-80",333,80,3,0,3,2.704032478,6.66,115.0360688,333.4609546,1.548084841,170.3261551,10.9108044
2019,"October",17,"610-10",610,10,0,1,3,0.097472562,6.4,6.610137781,0.837717795,24.59748284,179.2475402,11.48229182
2019,"October",17,"610-20",610,20,0,1,3,0.404479809,6.38,14.38158936,2.782377368,25.78864629,184.3907447,11.81175598
2019,"October",17,"610-80",610,80,0,1,3,1.399638398,6.59,39.23510752,30.52237421,17.43176544,165.4783131,10.6002606
2019,"October",17,"613-10",613,10,3,1,3,0.613336699,6.28,281.299752,0,31.38248284,218.0403075,13.96728472
2019,"October",17,"613-20",613,20,3,1,3,1.487011531,6.71,310.8842122,47.66962367,17.83171241,199.6774161,12.79099187
2019,"October",17,"613-80",613,80,3,1,3,2.324158189,6.87,180.4864399,473.7114462,2.022136619,192.3427673,12.32114784
2019,"October",17,"620-10",620,10,0,1,3,0.110021955,7.14,13.50801013,0,14.41790393,149.0059295,9.545070181
2019,"October",17,"620-20",620,20,0,1,3,0.692302544,6.55,19.3299808,0,15.66665315,156.3078082,10.01281502
2019,"October",17,"620-80",620,80,0,1,3,1.003169144,6.85,7.631204412,144.8094104,15.32063631,189.471763,12.13723662
2019,"October",17,"623-10",623,10,3,1,3,0.79335493,6.71,131.6454194,0,18.50916407,179.2410776,11.48187783
2019,"October",17,"623-20",623,20,3,1,3,2.187596381,6.71,179.1136725,103.8373567,1.219086089,123.4931961,7.910771677
2019,"October",17,"623-80",623,80,3,1,3,2.377538821,6.89,86.75252315,192.8165009,3.551126014,169.5189817,10.85909836
2019,"October",17,"630-10",630,10,0,1,3,0.355641605,6.47,43.81099872,0,24.05803805,187.3877884,12.00374106
2019,"October",17,"630-20",630,20,0,1,3,0.442939672,6.57,32.64733688,0,15.78702433,143.3220508,9.180971427
2019,"October",17,"630-80",630,80,0,1,3,0.16308707,6.93,10.06663741,0,16.13211478,151.6974217,9.717482195
2019,"October",17,"633-10",633,10,3,1,3,0.511450359,6.73,132.4358006,0,23.76178415,191.1089337,12.24211074
2019,"October",17,"633-20",633,20,3,1,3,0.93710524,6.63,165.469197,23.6942186,27.50138178,211.4579379,13.54563031
2019,"October",17,"633-80",633,80,3,1,3,2.724577806,6.83,110.4639594,292.8828629,1.706141609,171.9130212,11.0124561
2020,"May",11,"310-10",310,10,0,0,3,0.650644457,6.5,39.79662334,6.155498995,19.38125702,139.2665585,8.921184097
2020,"May",11,"310-20",310,20,0,0,3,1.432850492,6.57,122.1306601,23.26336856,20.29420462,166.769591,10.68297747
2020,"May",11,"310-40",310,40,0,0,3,1.497092022,6.71,105.1429497,42.47682207,15.39645976,154.0404203,9.86757035
2020,"May",11,"310-80",310,80,0,0,3,1.497092022,6.73,90.46193173,126.3861353,9.860137243,169.6503949,10.86751645
2020,"May",11,"310-120",310,120,0,0,3,1.823739405,6.81,128.6871209,97.55100217,14.53106987,165.0237602,10.57114279
2020,"May",11,"311-10",311,10,1,0,3,0.669949623,6.58,48.82026208,14.24883729,17.60776045,132.4826657,8.486620474
2020,"May",11,"311-20",311,20,1,0,3,1.412055188,6.63,124.3123594,14.84103277,20.4673456,181.9839154,11.65757895
2020,"May",11,"311-40",311,40,1,0,3,1.745481149,6.63,96.80628289,35.37047625,18.69510605,194.8167645,12.47962752
2020,"May",11,"311-80",311,80,1,0,3,2.890432167,6.72,138.3987128,198.6190316,5.859198378,177.2103949,11.35179606
2020,"May",11,"311-120",311,120,1,0,3,2.706396064,6.8,72.01217979,152.2303853,9.641444167,166.0448378,10.63655113
2020,"May",11,"312-10",312,10,2,0,3,0.47515554,6.61,67.46318531,14.57783478,19.30888958,130.8624231,8.38283073
2020,"May",11,"312-20",312,20,2,0,3,1.837119407,6.57,269.2514289,43.59541354,16.56438241,153.4427842,9.829286887
2020,"May",11,"312-40",312,40,2,0,3,1.682837367,6.77,105.6315594,123.8708015,12.14135995,165.8632073,10.62491621
2020,"May",11,"312-80",312,80,2,0,3,2.667117487,6.91,112.8129862,290.2777328,2.43,160.0228688,10.25079493
2020,"May",11,"312-120",312,120,2,0,3,2.355450017,6.81,65.50306488,319.8217075,3.50977854,150.7425755,9.65631651
2020,"May",11,"313-10",313,10,3,0,3,0.742141284,6.64,226.2992247,24.18456154,18.36260761,140.3581975,8.991112467
2020,"May",11,"313-20",313,20,3,0,3,1.850597572,6.73,601.2522721,52.54414531,16.334267,191.0455825,12.23805258
2020,"May",11,"313-40",313,40,3,0,3,1.695183631,6.76,388.0441964,174.0758187,10.53973799,174.8324006,11.19946614
2020,"May",11,"313-80",313,80,3,0,3,1.541511996,6.69,568.3487625,419.17895,1.72680287,171.8819803,11.01046767
2020,"May",11,"313-120",313,120,3,0,3,1.658413943,6.73,613.6303853,114.9878692,13.05967561,180.0706065,11.53501592
2020,"May",12,"320-10",320,10,0,0,3,0.215119769,5.55,27.62176687,11.9902279,14.25520274,135.3285388,8.668921837
2020,"May",12,"320-20",320,20,0,0,3,0.203119467,6.22,55.95595655,39.88284513,19.56552402,162.9731283,10.4397831
2020,"May",12,"320-40",320,40,0,0,3,0.22782905,6.7,30.57249474,115.4785223,11.3560262,147.8933709,9.47380174
2020,"May",12,"320-80",320,80,0,0,3,0.457420528,6.97,25.49697637,186.698887,7.003789769,151.0722228,9.677433112
2020,"May",12,"320-120",320,120,0,0,3,0.517290443,6.69,70.4932277,19.82932947,15.97178104,121.4016446,7.776790758
2020,"May",12,"321-10",321,10,1,0,3,0.303565892,6.53,33.31007747,12.90175134,16.78235184,114.9329591,7.362418734
2020,"May",12,"321-20",321,20,1,0,3,0.650803012,6.79,68.99820255,50.15267587,16.72179975,147.4485783,9.445309145
2020,"May",12,"321-40",321,40,1,0,3,0.903440794,6.68,78.79070749,50.03113941,19.23824704,145.8284372,9.341525907
2020,"May",12,"321-80",321,80,1,0,3,1.889785521,6.82,93.48487512,246.859434,4.432183406,162.1825021,10.38913705
2020,"May",12,"321-120",321,120,1,0,3,1.889785521,7.03,30.55251238,210.3984964,8.532482845,170.9229873,10.94903636
2020,"May",12,"322-10",322,10,2,0,3,0.619558091,6.78,49.12104058,14.11711592,14.76089208,116.5763977,7.467694373
2020,"May",12,"322-20",322,20,2,0,3,1.755339942,6.67,148.3571675,85.0944077,13.46340923,150.2802454,9.626700503
2020,"May",12,"322-40",322,40,2,0,3,1.726786831,6.89,98.57769906,170.8991474,5.555814099,154.4425811,9.893332027
2020,"May",12,"322-80",322,80,2,0,3,3.193984065,6.92,152.3859808,289.1541215,1.682769807,162.1141044,10.38475562
2020,"May",12,"322-120",322,120,2,0,3,2.15472859,7.07,67.82959422,182.8097203,5.546612601,141.2269817,9.046765176
2020,"May",12,"323-10",323,10,3,0,3,0.187128102,6.74,28.58425034,10.16718102,15.73580786,111.9419944,7.170823066
2020,"May",12,"323-20",323,20,3,0,3,1.317399094,6.71,141.661114,39.15362638,14.70528696,151.6148491,9.712192745
2020,"May",12,"323-40",323,40,3,0,3,2.051280506,6.91,147.7205646,173.3906448,-99,-99,-99
2020,"May",12,"323-80",323,80,3,0,3,3.246797869,6.88,155.7349093,299.5454887,2.723780412,163.0233456,10.44299992
2020,"May",12,"323-120",323,120,3,0,3,2.119678853,6.9,58.02987565,214.8061919,6.667935122,170.3293315,10.91100786
2020,"May",12,"330-10",330,10,0,0,3,0.198183634,5.68,16.44163883,10.69546921,12.24975671,96.6849732,6.193486516
2020,"May",12,"330-20",330,20,0,0,3,0.311126307,6.46,46.96416472,9.791257505,14.9932252,115.0698815,7.371189731
2020,"May",12,"330-40",330,40,0,0,3,0.118224861,6.76,38.50257482,17.74832053,11.37729881,124.4243724,7.970421108
2020,"May",12,"330-80",330,80,0,0,3,1.25415103,6.76,66.365227,60.18598999,7.859828447,106.4824062,6.821091949
2020,"May",12,"330-120",330,120,0,0,3,1.859045461,6.81,34.58894824,130.6542224,7.779525889,126.8711791,8.127159023
2020,"May",13,"331-10",331,10,1,0,3,0.553860052,6.84,19.9212394,8.525361115,14.6914005,104.5866065,6.699650526
2020,"May",13,"331-20",331,20,1,0,3,1.253552096,6.81,47.55732246,20.88292112,17.12840299,134.2041354,8.596894636
2020,"May",13,"331-40",331,40,1,0,3,1.111385095,7.02,28.43425917,50.17938043,10.07712726,145.7945783,9.339356965
2020,"May",13,"331-80",331,80,1,0,3,2.911301086,6.69,83.21187099,177.4923888,7.432046163,151.4940141,9.70445228
2020,"May",13,"331-120",331,120,1,0,3,2.837165907,6.72,107.1953069,225.1744862,5.511709295,145.1094161,9.295466742
2020,"May",13,"332-10",332,10,2,0,3,0.333492734,6.69,25.4582993,10.51462687,16.87282283,114.9971114,7.366528213
2020,"May",13,"332-20",332,20,2,0,3,0.767886408,6.9,47.59504074,42.28259819,16.76867124,142.7668745,9.14540786
2020,"May",13,"332-40",332,40,2,0,3,1.377900371,6.84,50.55861966,104.8540483,11.7244947,161.0497828,10.31657714
2020,"May",13,"332-80",332,80,2,0,3,3.340667112,6.85,105.0669184,253.4461722,4.810779788,155.1877743,9.941067726
2020,"May",13,"332-120",332,120,2,0,3,2.69451095,6.89,149.1434194,291.7847486,3.979092327,143.0731819,9.16502935
2020,"May",13,"333-10",333,10,3,0,3,0.39267644,6.67,87.53869621,4.004302578,15.00282907,112.8059915,7.226169127
2020,"May",13,"333-20",333,20,3,0,3,1.636441241,6.87,236.396571,94.39124162,11.58413911,141.3555063,9.054998229
2020,"May",13,"333-40",333,40,3,0,3,0.220723278,7.17,46.7975686,140.7356706,6.540112289,140.7510635,9.016278736
2020,"May",13,"333-80",333,80,3,0,3,2.961797637,6.74,117.185262,300.7257405,1.226291329,154.901213,9.922711136
2020,"May",13,"333-120",333,120,3,0,3,3.340667112,6.77,266.4849795,325.3349916,0.90595446,188.5351622,12.0772397
2020,"May",13,"440-10",440,10,0,0,4,0.2760168,6.8,40.40524359,13.19867617,10.11344354,83.84410155,5.370924034
2020,"May",13,"440-20",440,20,0,0,4,0.018236876,6.87,145.4039216,39.00545767,10.99546475,99.86945839,6.397478746
2020,"May",13,"440-40",440,40,0,0,4,2.961797637,6.66,443.8093769,147.9208533,4.643892701,119.8003921,7.674217487
2020,"May",13,"440-80",440,80,0,0,4,2.648571448,7.17,83.82075175,257.7942734,1.081372427,133.1526121,8.529536001
2020,"May",13,"440-120",440,120,0,0,4,2.812876097,6.93,415.4290675,379.0442329,0,187.4196192,12.00578008
2020,"May",13,"441-10",441,10,1,0,4,0.116821431,7.21,17.89250286,10.50423263,9.279064255,80.85113399,5.179200069
2020,"May",13,"441-20",441,20,1,0,4,1.488761011,7.03,179.7598838,113.6116056,6.422669994,107.2313315,6.869066715
2020,"May",13,"441-40",441,40,1,0,4,2.136281326,6.72,455.1841316,216.8986081,1.837507798,112.4323075,7.202231617
2020,"May",13,"441-80",441,80,1,0,4,1.554159674,7.05,197.934705,370.4220135,0.83750156,117.3096502,7.51466517
2020,"May",13,"441-120",441,120,1,0,4,1.389798846,6.94,403.924993,283.0621662,3.386696818,97.46893935,6.243705937
2020,"May",13,"442-10",442,10,2,0,4,0.26440208,6.74,20.63105738,8.049295178,10.02739239,81.48927504,5.220078204
2020,"May",13,"442-20",442,20,2,0,4,1.232179921,6.7,116.5817696,79.78136996,7.959978166,101.7978449,6.521007615
2020,"May",13,"442-40",442,40,2,0,4,2.764918553,6.94,180.1262899,252.824522,0,142.4573004,9.125577119
2020,"May",13,"442-80",442,80,2,0,4,3.09190422,6.82,144.9351373,248.8726714,2.111684342,125.237574,8.022513304
2020,"May",13,"442-120",442,120,2,0,4,2.648571448,6.8,129.4059838,248.7529184,4.207252027,125.5649619,8.043485165
2020,"May",13,"443-10",443,10,3,0,4,0.306016664,7.11,19.69582423,6.911641238,9.809373051,94.33096756,6.04269327
2020,"May",13,"443-20",443,20,3,0,4,1.319918656,6.88,166.8871746,73.49433502,7.351094822,114.0001354,7.302663774
2020,"May",13,"443-40",443,40,3,0,4,1.554159674,6.9,210.5487745,106.4862993,6.565539613,122.0704147,7.819630933
2020,"May",13,"443-80",443,80,3,0,4,2.603415181,6.94,134.5626111,216.2057456,3.293434186,128.1073681,8.206347003
2020,"May",13,"443-120",443,120,3,0,4,1.977203064,6.81,73.48863798,198.0312944,7.586400499,135.9363921,8.707859796
2020,"May",15,"450-10",450,10,0,0,4,0.170980887,6.8,6.446201844,5.605797622,7.861737367,73.24812976,4.692165683
2020,"May",15,"450-20",450,20,0,0,4,0.057455323,7.14,9.602842534,15.55980472,9.601871491,83.77947814,5.366784378
2020,"May",15,"450-40",450,40,0,0,4,1.065632483,6.81,137.6563699,93.45829847,7.530333749,101.0342087,6.472090499
2020,"May",15,"450-80",450,80,0,0,4,1.121651463,6.94,256.5754834,367.2494151,0.939148472,110.916426,7.105127051
2020,"May",15,"450-120",450,120,0,0,4,1.242678775,6.83,356.3140948,467.8519924,1.420683094,112.2178646,7.188494803
2020,"May",15,"451-10",451,10,1,0,4,0.379681358,7.09,19.65700473,71.48119291,9.783568309,94.33671932,6.043061717
2020,"May",15,"451-20",451,20,1,0,4,0.874549071,6.93,62.91167698,139.481601,9.608849033,101.9662595,6.531795947
2020,"May",15,"451-40",451,40,1,0,4,1.942029813,6.87,210.7874222,261.3343058,3.945502183,109.7009873,7.0272683
2020,"May",15,"451-80",451,80,1,0,4,1.057861498,7.08,54.92159699,225.3768532,7.255087336,110.2487391,7.062356265
2020,"May",15,"451-120",451,120,1,0,4,0.913810239,7.11,134.5530077,309.6503852,4.63025577,109.7285303,7.029032655
2020,"May",15,"452-10",452,10,2,0,4,0.420649356,7.16,15.8594439,83.72797693,9.61169058,106.7273371,6.836781769
2020,"May",15,"452-20",452,20,2,0,4,1.073460553,7.06,98.00229796,187.5180734,7.945280724,106.3177179,6.810542322
2020,"May",15,"452-40",452,40,2,0,4,0.65738114,6.92,123.4811167,232.7025551,5.597841547,112.5650183,7.210732829
2020,"May",15,"452-80",452,80,2,0,4,1.752891113,6.97,122.2042125,304.4496961,2.889996881,124.7444626,7.990925498
2020,"May",15,"452-120",452,120,2,0,4,1.337042696,6.93,57.70977393,296.5647804,6.226072988,136.0154951,8.712926985
2020,"May",15,"453-10",453,10,3,0,4,0.155462358,6.92,13.29576334,17.62889608,11.31060512,91.31109168,5.849245607
2020,"May",15,"453-20",453,20,3,0,4,0.390961357,6.9,67.79300703,57.78045281,11.19863069,103.3699436,6.621713352
2020,"May",15,"453-40",453,40,3,0,4,1.407329375,6.89,179.9612303,180.0805288,7.687520274,126.3139379,8.091463184
2020,"May",15,"453-80",453,80,3,0,4,1.189288018,7.2,62.48604224,233.1499262,5.786394261,124.8152891,7.995462514
2020,"May",15,"453-120",453,120,3,0,4,2.183303572,6.91,-99,329.0551069,3.431331878,127.9895853,8.198802056
2020,"May",15,"460-10",460,10,0,0,4,0.230819123,6.94,8.813682361,33.45464894,10.35237991,87.55332299,5.608529897
2020,"May",15,"460-20",460,20,0,0,4,0.399640737,6.81,67.6259858,131.3170783,9.186222707,100.0088237,6.40640623
2020,"May",15,"460-40",460,40,0,0,4,0.439533585,7.1,42.45965836,290.9167202,4.284775421,110.8815458,7.102892696
2020,"May",15,"460-80",460,80,0,0,4,1.459785181,7.18,118.863788,348.4598286,2.889279476,116.169275,7.441614846
2020,"May",15,"460-120",460,120,0,0,4,0.893964146,7.23,118.5809294,352.7657755,2.637395508,118.9291114,7.618404859
2020,"May",15,"461-10",461,10,1,0,4,0.234222744,7.18,7.745482128,51.50910653,11.71907361,98.72353173,6.324072804
2020,"May",15,"461-20",461,20,1,0,4,0.606529887,6.84,91.90332929,114.0153827,11.86296631,102.1581157,6.544085896
2020,"May",15,"461-40",461,40,1,0,4,0.913810239,6.96,152.6128514,228.5725454,8.168412352,114.7643724,7.351619379
2020,"May",15,"461-80",461,80,1,0,4,1.215690329,6.92,117.4629648,199.8626102,5.575424205,120.4454753,7.715540325
2020,"May",15,"461-120",461,120,1,0,4,0.907146398,6.85,50.45512612,326.4010844,4.969906425,126.7449619,8.119073782
2020,"May",15,"462-10",462,10,2,0,4,0.116857962,6.74,10.49664273,7.370406961,11.97878977,88.14095628,5.646172598
2020,"May",15,"462-20",462,20,2,0,4,0.572035642,6.99,94.25240203,74.68051091,9.59643481,102.528598,6.567818312
2020,"May",15,"462-40",462,40,2,0,4,0.350311375,7.13,118.9715436,220.0952023,4.152925764,116.5151989,7.463774087
2020,"May",15,"462-80",462,80,2,0,4,1.356758513,7.09,123.9983438,311.8765699,2.439129757,122.0257489,7.81676973
2020,"May",15,"462-120",462,120,2,0,4,1.481310938,6.85,63.51510851,296.221743,4.698431067,133.2249224,8.534168065
2020,"May",15,"463-10",463,10,3,0,4,0.755459856,6.74,37.80192124,26.30313981,11.45246413,102.9916671,6.597481662
2020,"May",15,"463-20",463,20,3,0,4,1.180615291,6.86,280.2871099,111.2461173,5.479360574,108.4729704,6.948603808
2020,"May",15,"463-40",463,40,3,0,4,1.702316783,7.17,119.973671,304.8121174,0.991615721,118.034787,7.561116092
2020,"May",15,"463-80",463,80,3,0,4,1.791805469,6.89,197.4391935,344.7121454,1.585127885,129.6281805,8.303767433
2020,"May",15,"463-120",463,120,3,0,4,1.242678775,7.51,40.29377019,278.9279632,3.496456644,123.5919549,7.917097984
2020,"May",11,"610-10",610,10,0,1,3,0.139156169,6,7.740348051,4.37891254,23.85523706,149.4251509,9.571924731
2020,"May",11,"610-20",610,20,0,1,3,0.587353133,6.29,37.46745175,3.786717056,25.96490954,176.9335063,11.33405909
2020,"May",11,"610-40",610,40,0,1,3,0.458102626,6.5,15.09350986,6.681894982,22.98412976,163.1165501,10.44897043
2020,"May",11,"610-80",610,80,0,1,3,0.834219317,7,25.46691616,40.96343361,15.75487835,167.5468519,10.73276737
2020,"May",11,"610-120",610,120,0,1,3,0.84033963,6.91,30.06675582,39.45004515,13.68154398,152.0342539,9.73905904
2020,"May",11,"613-10",613,10,3,1,3,0.609217409,6.61,154.9678854,11.68265685,23.02593263,154.4072017,9.891065687
2020,"May",11,"613-20",613,20,3,1,3,2.035081608,6.74,440.0868143,66.88843595,19.7358952,189.1714386,12.11799839
2020,"May",11,"613-40",613,40,3,1,3,2.28757573,6.94,307.6243374,217.0830016,6.071478478,191.2826488,12.25323861
2020,"May",11,"613-80",613,80,3,1,3,2.390138675,6.93,277.6979383,358.2475982,2.846366188,181.1820649,11.60621389
2020,"May",11,"613-120",613,120,3,1,3,3.321086919,6.91,464.0589925,456.7528978,0,218.4617743,13.99428311
2020,"May",11,"620-10",620,10,0,1,3,0.471694915,6.84,26.81615371,15.08940759,20.83887087,137.462536,8.805621748
2020,"May",11,"620-20",620,20,0,1,3,0.684803476,6.53,29.13435589,18.4316602,24.53302558,159.0812102,10.19047402
2020,"May",11,"620-40",620,40,0,1,3,1.117543325,6.75,30.00459582,32.59065762,17.74145352,166.3246798,10.65447729
2020,"May",11,"620-80",620,80,0,1,3,0.74758606,6.91,23.76300099,87.58590509,16.86045228,185.4191058,11.87763089
2020,"May",11,"620-120",620,120,0,1,3,1.670581023,6.94,35.51489659,129.0613277,11.47937305,199.671134,12.79058945
2020,"May",12,"623-10",623,10,3,1,3,0.092442399,6.71,14.45006404,9.007607359,16.96070805,108.7202285,6.964442705
2020,"May",12,"623-20",623,20,3,1,3,0.754313913,6.93,115.0572405,48.49151858,7.161306925,139.8451255,8.958246028
2020,"May",12,"623-40",623,40,3,1,3,0.09710436,7.03,74.09102648,98.52456638,10.35783531,147.9881382,9.479872357
2020,"May",12,"623-80",623,80,3,1,3,0.949002197,7.07,21.17079635,248.2620251,1.580408609,150.1226883,9.616607685
2020,"May",12,"623-120",623,120,3,1,3,1.741004853,7.01,131.9515658,354.4164796,0.04275733,149.8299915,9.597858072
2020,"May",12,"630-10",630,10,0,1,3,0.175246351,6.68,9.02818484,6.958060822,14.87851216,101.9935994,6.533547292
2020,"May",12,"630-20",630,20,0,1,3,0.414553521,6.67,31.16363943,6.294972237,16.65342171,119.5327673,7.657073936
2020,"May",12,"630-40",630,40,0,1,3,0.867148404,6.64,16.67143592,5.705232773,15.24893949,124.5913286,7.981116018
2020,"May",12,"630-80",630,80,0,1,3,1.684825657,6.63,54.90997997,29.50307272,10.09553649,113.5549958,7.274148952
2020,"May",12,"630-120",630,120,0,1,3,0.67250353,7.08,57.21834209,22.69134453,8.018643169,79.79790691,5.111732291
2020,"May",13,"633-10",633,10,3,1,3,0.325000468,6.66,113.4780942,9.426455212,16.55002495,118.5074302,7.591392739
2020,"May",13,"633-20",633,20,3,1,3,1.083084095,6.64,381.8328592,81.03877695,14.63090767,158.170976,10.13216611
2020,"May",13,"633-40",633,40,3,1,3,1.366103761,7.05,169.2418728,229.9516901,4.259173425,153.1713709,9.811900656
2020,"May",13,"633-80",633,80,3,1,3,2.15472859,6.94,361.2871749,352.2195505,1.103951965,148.872914,9.536549454
2020,"May",13,"633-120",633,120,3,1,3,1.389798846,6.81,460.1413909,253.4232872,4.964120399,130.3410776,8.349434298
2020,"July",13,"310-10",310,10,0,0,3,0.729403577,6.49,54.05098278,5.935184069,14.4995602,148.8157433,9.532887207
2020,"July",13,"310-20",310,20,0,0,3,1.01918945,6.45,97.51473065,14.2820784,15.21828759,142.5730917,9.132994493
2020,"July",13,"310-40",310,40,0,0,3,0.735379426,6.75,46.48987449,45.17718036,14.39042732,148.4567786,9.50989259
2020,"July",13,"310-80",310,80,0,0,3,1.044445247,6.8,59.45898859,181.6257169,8.462691828,151.0106432,9.673488431
2020,"July",13,"310-120",310,120,0,0,3,1.35606477,6.7,122.8033554,174.9018298,11.46135995,153.3490042,9.823279515
2020,"July",13,"311-10",311,10,1,0,3,0.791414039,6.48,25.93544395,6.456864965,17.2660262,154.1765472,9.87629039
2020,"July",13,"311-20",311,20,1,0,3,1.219589885,6.59,41.95871852,8.369694917,13.29298815,137.6327588,8.816525909
2020,"July",13,"311-40",311,40,1,0,3,1.334114981,6.64,51.55815837,32.88869703,14.01691204,148.6626968,9.523083328
2020,"July",13,"311-80",311,80,1,0,3,1.925992697,6.74,74.7097486,224.3455859,4.908427948,154.0198223,9.866250879
2020,"July",13,"311-120",311,120,1,0,3,1.609517643,6.85,53.41285646,212.0571025,8.553081722,164.4378223,10.53360869
2020,"July",13,"312-10",312,10,2,0,3,0.894453034,6.41,45.41561867,4.659964101,17.04274797,160.6423188,10.29047575
2020,"July",13,"312-20",312,20,2,0,3,1.323273682,6.61,81.80947779,36.5404633,12.40348721,138.5138731,8.872968458
2020,"July",13,"312-40",312,40,2,0,3,1.435772187,6.85,59.83084637,202.7248109,10.20848721,155.977481,9.991654872
2020,"July",13,"312-80",312,80,2,0,3,0.645377912,6.53,47.48149525,338.2459148,1.475399251,160.1839154,10.26111128
2020,"July",13,"312-120",312,120,2,0,3,1.789626331,6.84,50.60785514,347.1724546,3.134734872,157.3151537,10.07734372
2020,"July",13,"313-10",313,10,3,0,3,1.435772187,6.71,154.6545815,13.64446842,12.56247973,163.9154584,10.50014702
2020,"July",13,"313-20",313,20,3,0,3,1.662915135,6.75,295.8870863,74.33334599,6.358075483,149.6901016,9.588896979
2020,"July",13,"313-40",313,40,3,0,3,1.334114981,6.82,243.6800897,196.5805693,5.185511541,152.3907927,9.761898255
2020,"July",13,"313-80",313,80,3,0,3,1.239655427,6.77,407.4627851,519.9067957,0,185.957481,11.91211821
2020,"July",13,"313-120",313,120,3,0,3,1.209679241,6.75,359.5069034,127.6027619,6.110274485,149.6496643,9.586306644
2020,"July",15,"320-10",320,10,0,0,3,1.087141341,6.73,11.22193898,1.663396216,13.58920462,150.1729732,9.619828843
2020,"July",15,"320-20",320,20,0,0,3,1.364854303,6.47,48.4571736,30.24062101,13.46263568,134.0419887,8.58650782
2020,"July",15,"320-40",320,40,0,0,3,1.755788985,6.95,20.27857043,124.1947161,11.56462882,150.0248858,9.610342635
2020,"July",15,"320-80",320,80,0,0,3,0.901838219,6.99,35.087847,104.5299055,14.33654086,152.1747532,9.748059165
2020,"July",15,"320-120",320,120,0,0,3,1.198475028,6.49,53.14708069,11.32330318,14.18577979,138.781701,8.890125019
2020,"July",15,"321-10",321,10,1,0,3,0.651606452,6.35,22.09519521,10.2308137,20.6466282,164.518897,10.53880218
2020,"July",15,"321-20",321,20,1,0,3,1.160151386,6.76,25.6678906,52.37790779,13.92891454,144.3790917,9.248683512
2020,"July",15,"321-40",321,40,1,0,3,1.208252133,6.53,57.11381127,29.55062766,16.5433219,143.1912214,9.172590742
2020,"July",15,"321-80",321,80,1,0,3,2.314430221,6.81,80.11225641,314.115387,3.994993762,160.773574,10.29888372
2020,"July",15,"321-120",321,120,1,0,3,1.888989543,6.84,56.21163067,305.8354667,6.343337492,172.0503949,11.02125601
2020,"July",15,"322-10",322,10,2,0,3,1.387213978,6.54,56.30471279,15.86575944,17.73778228,159.2219887,10.19949204
2020,"July",15,"322-20",322,20,2,0,3,1.888989543,6.7,94.44332364,91.76502844,10.87169058,144.2466657,9.24020055
2020,"July",15,"322-40",322,40,2,0,3,1.888989543,6.97,55.74622004,214.12385,5.631565814,150.1235233,9.616661172
2020,"July",15,"322-80",322,80,2,0,3,2.789982417,6.9,102.4913474,386.1046937,1.611150967,164.2473879,10.52140981
2020,"July",15,"322-120",322,120,2,0,3,0.009686796,6.83,121.6841657,351.8350237,3.948449782,157.6343244,10.0977892
2020,"July",15,"323-10",323,10,3,0,3,2.116555665,6.61,54.79033821,3.100882384,19.90164379,238.1618533,15.25623372
2020,"July",15,"323-20",323,20,3,0,3,2.510324742,6.73,126.868124,33.86308611,18.92761697,253.3815289,16.23117799
2020,"July",15,"323-40",323,40,3,0,3,2.133822432,6.89,80.23397919,185.776623,9.10919214,185.6006375,11.88925948
2020,"July",15,"323-80",323,80,3,0,3,2.953259004,6.84,85.90124859,351.4325276,4.579781659,289.2717207,18.53023728
2020,"July",15,"323-120",323,120,3,0,3,3.618395833,6.9,52.90721521,268.412905,9.777807236,290.6395261,18.61785636
2020,"July",15,"330-10",330,10,0,0,3,0.718337194,6.01,17.1789544,9.37551593,13.99006238,166.6399238,10.67467124
2020,"July",15,"330-20",330,20,0,0,3,0.954615995,6.45,57.06906024,11.42696785,18.51611354,168.2797405,10.77971486
2020,"July",15,"330-40",330,40,0,0,3,0.798362103,6.74,17.07298462,24.78912769,18.17555209,190.4470324,12.19971057
2020,"July",15,"330-80",330,80,0,0,3,1.104951394,6.69,46.59911118,61.49348376,11.21723643,166.7133879,10.67937721
2020,"July",15,"330-120",330,120,0,0,3,1.387213978,6.78,53.99914015,136.8982032,9.326001248,160.7952694,10.30027349
2020,"July",16,"331-10",331,10,1,0,3,0.761831116,6.69,37.70335403,8.488401583,16.70237679,162.9985726,10.44141302
2020,"July",16,"331-20",331,20,1,0,3,1.010692767,6.93,25.37328932,21.24067031,16.82248284,172.3516164,11.04055169
2020,"July",16,"331-40",331,40,1,0,3,1.042054799,7.06,4.562866563,45.52542553,11.83566438,149.5359238,9.57902064
2020,"July",16,"331-80",331,80,1,0,3,2.169722343,6.87,42.3375328,174.5451182,7.143247037,158.572598,10.15789327
2020,"July",16,"331-120",331,120,1,0,3,1.834051221,6.8,66.00708292,177.5391292,7.833792888,149.2949224,9.563582535
2020,"July",16,"332-10",332,10,2,0,3,0.880841681,6.5,28.99536704,6.048837132,20.92818153,173.4883526,11.11336891
2020,"July",16,"332-20",332,20,2,0,3,1.37193381,6.77,21.13982076,16.80509858,14.59276045,148.2093315,9.494041586
2020,"July",16,"332-40",332,40,2,0,3,1.834051221,6.87,25.77978162,101.2472954,11.65031815,161.7436812,10.36102699
2020,"July",16,"332-80",332,80,2,0,3,1.393056911,6.92,56.15529756,248.6746108,4.675885839,158.1731312,10.13230416
2020,"July",16,"332-120",332,120,2,0,3,2.770609776,6.81,147.5207583,273.5692571,4.563509046,143.830426,9.213537
2020,"July",16,"333-10",333,10,3,0,3,2.186361701,6.62,78.33054111,8.100289057,18.90259825,193.8083441,12.41502998
2020,"July",16,"333-20",333,20,3,0,3,2.586513276,6.81,110.1813781,41.6621298,9.642320649,147.2835346,9.434736749
2020,"July",16,"333-40",333,40,3,0,3,1.699154852,6.98,45.34609219,164.4761032,6.780642545,150.2586657,9.625318148
2020,"July",16,"333-80",333,80,3,0,3,1.905463836,6.74,100.6869631,326.5116667,1.78750156,163.1694443,10.45235874
2020,"July",16,"333-120",333,120,3,0,3,2.834842351,6.84,182.5364004,351.9837887,0.032988147,139.2725247,8.921566277
2020,"July",16,"440-10",440,10,0,0,4,1.133409656,6.55,66.00708292,7.041955319,10.23740487,121.0662567,7.755306432
2020,"July",16,"440-20",440,20,0,0,4,1.848116355,6.61,160.7052297,29.72036076,9.551809108,107.373591,6.878179597
2020,"July",16,"440-40",440,40,0,0,4,2.900564066,6.67,293.8929903,158.5052187,4.966656269,124.3717856,7.967052499
2020,"July",16,"440-80",440,80,0,0,4,2.508668703,7.03,291.9249603,257.0522027,2.012582658,124.3981439,7.968740959
2020,"July",16,"440-120",440,120,0,0,4,2.687224572,6.93,256.6915717,363.8160003,0.020520898,3.489196051,0.223537444
2020,"July",16,"441-10",441,10,1,0,4,0.716664523,6.85,26.96951518,10.7669108,12.09762944,133.4240762,8.546925485
2020,"July",16,"441-20",441,20,1,0,4,2.220024213,6.9,106.3051569,115.6682306,4.46871179,108.7454133,6.966055994
2020,"July",16,"441-40",441,40,1,0,4,3.179044907,6.77,451.2755524,169.1322976,2.389164067,121.296945,7.770083897
2020,"July",16,"441-80",441,80,1,0,4,3.937281477,6.94,244.7919713,357.6807795,0,3.441447109,0.220478735
2020,"July",16,"441-120",441,120,1,0,4,1.834051221,6.98,244.7387813,443.4643131,1.145492826,118.7191114,7.604952648
2020,"July",16,"442-10",442,10,2,0,4,1.538512077,6.57,31.60286641,8.520981761,9.400268247,133.0295007,8.521649711
2020,"July",16,"442-20",442,20,2,0,4,1.920076625,6.65,57.09609569,39.14230698,6.490658141,114.7946178,7.353556844
2020,"July",16,"442-40",442,40,2,0,4,2.288912081,7.11,31.82759386,243.2479559,0.016768559,2.795842031,0.179122468
2020,"July",16,"442-80",442,80,2,0,4,1.778852999,6.69,85.7571949,199.260614,2.812199002,128.5624203,8.235496805
2020,"July",16,"442-120",442,120,2,0,4,1.905463836,6.94,55.70484474,185.730261,5.302046163,128.1923498,8.211790772
2020,"July",16,"443-10",443,10,3,0,4,1.686223393,6.8,51.83194785,16.02567148,10.42635371,136.0450296,8.714818914
2020,"July",16,"443-20",443,20,3,0,4,2.010137015,6.79,69.02229106,29.88469703,7.847545228,112.9048604,7.232502481
2020,"July",16,"443-40",443,40,3,0,4,1.862289354,6.86,63.96425447,106.794072,6.322398628,123.2265557,7.89369119
2020,"July",16,"443-80",443,80,3,0,4,2.791857273,6.94,45.12668344,156.0983099,3.249251404,133.7863611,8.570132786
2020,"July",16,"443-120",443,120,3,0,4,2.666773385,6.82,58.19480163,198.2173852,5.516194635,136.3377179,8.733567985
2020,"July",17,"450-10",450,10,0,0,4,1.45904161,6.45,41.02046559,8.320843016,4.454217093,109.166708,6.993043359
2020,"July",17,"450-20",450,20,0,0,4,0.994292841,6.62,26.20236561,10.31858572,8.469766064,101.4644513,6.499651044
2020,"July",17,"450-40",450,40,0,0,4,1.447666849,6.71,71.48596134,58.2644105,6.9547068,98.36977715,6.30141194
2020,"July",17,"450-80",450,80,0,0,4,1.092201809,6.95,155.6387265,209.20497,1.65147224,112.3973907,7.199994913
2020,"July",17,"450-120",450,120,0,0,4,1.565521772,6.87,303.0104441,485.5038839,1.509822208,112.8954528,7.231899847
2020,"July",17,"451-10",451,10,1,0,4,1.746810475,6.75,68.2511318,156.819717,4.824510293,112.835969,7.228089426
2020,"July",17,"451-20",451,20,1,0,4,1.918820576,6.81,67.27632627,178.8503795,5.381381784,105.072536,6.73077827
2020,"July",17,"451-40",451,40,1,0,4,2.333514874,6.79,173.5882183,296.3842417,2.540717405,111.5970155,7.148724359
2020,"July",17,"451-80",451,80,1,0,4,2.075032243,6.88,83.86980369,267.4169726,2.97128509,116.9193625,7.48966406
2020,"July",17,"451-120",451,120,1,0,4,1.933897336,6.96,164.46825,305.7625338,1.047342483,119.6758138,7.666237233
2020,"July",17,"452-10",452,10,2,0,4,1.889018757,6.74,99.23070577,115.4220488,6.554844042,113.922756,7.297706992
2020,"July",17,"452-20",452,20,2,0,4,1.874291873,6.75,87.62017283,138.9510184,7.327420462,103.6780197,6.641448141
2020,"July",17,"452-40",452,40,2,0,4,1.816523535,6.86,99.5320423,230.0702826,4.700096694,113.4489873,7.267358246
2020,"July",17,"452-80",452,80,2,0,4,3.141770139,6.79,189.4428766,339.9461311,2.428839676,125.6269845,8.047458216
2020,"July",17,"452-120",452,120,2,0,4,2.261592631,6.77,77.95925096,297.9380416,5.679201497,141.0328632,9.034330305
2020,"July",17,"453-10",453,10,3,0,4,1.359803777,6.63,36.89397953,33.34811961,9.747473487,133.3074217,8.539452817
2020,"July",17,"453-20",453,20,3,0,4,1.889018757,6.71,95.52027279,57.48751056,10.43993762,146.4173286,9.3792492
2020,"July",17,"453-40",453,40,3,0,4,1.995398347,6.92,85.83938284,202.434842,3.988300062,124.3819633,7.967704464
2020,"July",17,"453-80",453,80,3,0,4,1.874291873,7.1,40.2086814,291.8893206,3.397336245,125.5486601,8.0424409
2020,"July",17,"453-120",453,120,3,0,4,2.351850014,6.75,108.764558,235.0091465,4.569653774,130.515433,8.360603185
2020,"July",17,"460-10",460,10,0,0,4,1.317892693,6.63,29.75175974,36.40022651,6.007517155,120.9898392,7.750411269
2020,"July",17,"460-20",460,20,0,0,4,1.338684228,6.59,42.28173153,45.44556151,7.092404866,105.4580451,6.755473274
2020,"July",17,"460-40",460,40,0,0,4,1.746810475,6.93,46.34432889,256.6513591,4.683446663,110.3433681,7.068418027
2020,"July",17,"460-80",460,80,0,0,4,2.370329219,6.78,162.9833507,335.5621957,4.557239551,172.4335346,11.04579922
2020,"July",17,"460-120",460,120,0,0,4,1.816523535,7.32,128.0137905,352.3765301,2.925764192,119.9446121,7.683455956
2020,"July",17,"461-10",461,10,1,0,4,1.100783573,6.67,30.67013445,37.7831073,6.975018715,125.611024,8.046435816
2020,"July",17,"461-20",461,20,1,0,4,1.39210947,6.7,36.17329099,82.78565907,7.653889582,108.9738082,6.980686551
2020,"July",17,"461-40",461,40,1,0,4,1.349202679,6.81,60.72497959,170.6769221,8.030333749,111.6387814,7.151399804
2020,"July",17,"461-80",461,80,1,0,4,1.553316887,6.87,87.23533341,167.6730435,4.421306925,114.4476446,7.331330383
2020,"July",17,"461-120",461,120,1,0,4,1.381256515,6.89,33.89685639,203.0520582,4.652688709,127.4095515,8.16164616
2020,"July",17,"462-10",462,10,2,0,4,1.144714493,6.56,18.39972646,18.48040587,12.68951653,125.5694669,8.043773743
2020,"July",17,"462-20",462,20,2,0,4,1.719680201,6.77,52.54532646,38.95128232,6.284204616,94.89268829,6.078676061
2020,"July",17,"462-40",462,40,2,0,4,1.577822555,6.89,43.10223823,180.578596,4.301640674,112.6970212,7.219188686
2020,"July",17,"462-80",462,80,2,0,4,2.686540811,6.81,152.6144695,275.4789092,1.904800374,121.3911425,7.776118012
2020,"July",17,"462-120",462,120,2,0,4,2.15784423,6.86,45.85783376,264.4646876,4.10635995,116.0596079,7.434589772
2020,"July",17,"463-10",463,10,3,0,4,0.811220762,6.72,54.82531855,16.2553106,17.80553649,137.9404542,8.836236304
2020,"July",17,"463-20",463,20,3,0,4,2.075032243,6.79,214.4066116,104.5359653,1.268047411,110.4680197,7.076402979
2020,"July",17,"463-40",463,40,3,0,4,1.995398347,6.97,56.95282708,233.3689812,0.89135995,118.9228406,7.618003163
2020,"July",17,"463-80",463,80,3,0,4,2.523486909,6.81,150.9189976,220.5190561,1.476615721,134.8273963,8.636819578
2020,"July",17,"463-120",463,120,3,0,4,1.153708864,7.15,13.88231574,228.1956348,2.258231441,126.6934556,8.115774381
2020,"July",13,"610-10",610,10,0,1,3,0.227109382,6.12,9.591400169,0,16.10470056,136.8726121,8.767832319
2020,"July",13,"610-20",610,20,0,1,3,0.392333457,6.33,14.09615268,3.442708677,17.41090455,127.5756417,8.172285596
2020,"July",13,"610-40",610,40,0,1,3,0.344316605,6.62,11.39043798,7.384297669,20.15261385,149.4159774,9.571337095
2020,"July",13,"610-80",610,80,0,1,3,0.180723515,7.06,13.19901976,38.27939962,13.60148784,149.5328434,9.578823315
2020,"July",13,"610-120",610,120,0,1,3,0.382846417,7.03,13.51874266,72.82626784,13.45394261,153.6739295,9.844093626
2020,"July",13,"613-10",613,10,3,1,3,0.924127483,6.49,230.8532915,6.167042245,17.49359014,150.5528773,9.644164797
2020,"July",13,"613-20",613,20,3,1,3,1.910341674,6.72,305.6839321,46.91611667,11.32715221,149.3237151,9.56542694
2020,"July",13,"613-40",613,40,3,1,3,1.789626331,6.84,269.0903716,362.4149218,3.29088272,166.9737377,10.69605473
2020,"July",13,"613-80",613,80,3,1,3,1.520164684,6.88,301.0288236,537.4432362,0.968696195,222.1045867,14.22763493
2020,"July",13,"613-120",613,120,3,1,3,1.312520481,6.85,413.7751858,482.5887644,0.98592015,157.2347757,10.07219485
2020,"July",13,"620-10",620,10,0,1,3,1.662915135,6.47,24.63746442,2.640886838,16.25970056,130.3186968,8.348000625
2020,"July",13,"620-20",620,20,0,1,3,0.379735326,6.42,9.806139431,10.69080928,18.40299439,134.4707475,8.613973316
2020,"July",13,"620-40",620,40,0,1,3,0.530600959,6.78,13.56169051,31.04561325,17.4553088,153.6471142,9.842375891
2020,"July",13,"620-80",620,80,0,1,3,0.797897926,7.07,4.681029058,189.8015843,11.47395197,163.4599126,10.4709656
2020,"July",13,"620-120",620,120,0,1,3,0.858696339,7.03,11.31885823,198.8289973,9.775823456,166.7436305,10.68131449
2020,"July",15,"623-10",623,10,3,1,3,1.087141341,6.53,51.7723293,5.217167432,30.2426544,289.7944937,18.56372514
2020,"July",15,"623-20",623,20,3,1,3,1.888989543,6.8,66.82657305,12.53586079,7.703109794,231.2720677,14.8148868
2020,"July",15,"623-40",623,40,3,1,3,1.018725926,7.13,19.69952128,71.08540763,13.09507174,213.632158,13.68490682
2020,"July",15,"623-80",623,80,3,1,3,3.001640661,6.81,89.39540838,310.1627239,1.782083593,184.2464852,11.80251499
2020,"July",15,"623-120",623,120,3,1,3,1.983357683,6.95,93.32991822,356.5698931,1.303509046,192.0315599,12.30121247
2020,"July",15,"630-10",630,10,0,1,3,0.536166184,6.43,27.42206891,4.330053086,17.24490331,170.2135571,10.90359157
2020,"July",15,"630-20",630,20,0,1,3,0.625665875,6.71,9.901101385,4.385497733,21.06086089,166.755323,10.68206349
2020,"July",15,"630-40",630,40,0,1,3,0.625665875,6.53,15.88839388,7.434953298,23.26651903,178.3125867,11.42240043
2020,"July",15,"630-80",630,80,0,1,3,1.113965538,6.67,33.62319328,24.45645981,16.47191828,175.4236982,11.23734357
2020,"July",15,"630-120",630,120,0,1,3,0.766579156,6.87,30.951241,46.13531665,20.746335,215.7630719,13.82140923
2020,"July",16,"633-10",633,10,3,1,3,1.042054799,6.55,88.99679835,9.726114417,23.13017779,181.05222,11.59789627
2020,"July",16,"633-20",633,20,3,1,3,2.254205013,6.66,292.1410447,32.56885612,11.09481285,156.7521439,10.04127834
2020,"July",16,"633-40",633,40,3,1,3,2.470629437,6.91,120.2076932,205.2862772,3.505673737,163.0464457,10.44447968
2020,"July",16,"633-80",633,80,3,1,3,2.586513276,6.88,265.8784821,346.5606918,1.307049283,152.5646488,9.773035158
2020,"July",16,"633-120",633,120,3,1,3,1.949639256,6.77,278.9399515,353.8462665,1.245355583,127.1032835,8.1420272
2020,"September",8,"310-10",310,10,0,0,3,5.190133675,6.8,192.1112872,49.6317396,3.863247037,305.5494753,19.57296012
2020,"September",8,"310-20",310,20,0,0,3,5.573358896,6.67,100.2723291,57.41957303,13.27678104,279.0428801,17.87499667
2020,"September",8,"310-40",310,40,0,0,3,3.521565574,6.76,58.67285041,67.98877555,22.57865253,278.4407447,17.83642499
2020,"September",8,"310-80",310,80,0,0,3,2.733583485,6.79,58.33999793,163.1672256,14.71587024,265.0470494,16.97844965
2020,"September",8,"310-120",310,120,0,0,3,4.757347349,6.68,106.7664936,165.6704578,15.44717717,257.1324034,16.47145207
2020,"September",8,"311-10",311,10,1,0,3,5.231378593,6.84,129.3579708,32.49850605,2.354725515,240.7158815,15.41984005
2020,"September",8,"311-20",311,20,1,0,3,5.314854329,6.65,78.31822902,34.83485608,11.49062383,243.7154725,15.61198829
2020,"September",8,"311-40",311,40,1,0,3,3.411814023,6.79,50.0824235,96.04878387,15.4651466,276.23811,17.69532829
2020,"September",8,"311-80",311,80,1,0,3,4.572743327,6.73,69.35245782,250.0741891,7.645673737,245.668866,15.73711907
2020,"September",8,"311-120",311,120,1,0,3,5.573358896,6.8,87.31941006,234.5509734,12.87659077,255.7578251,16.38339912
2020,"September",8,"312-10",312,10,2,0,3,5.617649226,6.78,214.0051906,62.09517779,2.718106675,257.0746939,16.46775531
2020,"September",8,"312-20",312,20,2,0,3,6.633525052,6.74,159.1022354,86.61417927,10.28515908,264.2310042,16.9261753
2020,"September",8,"312-40",312,40,2,0,3,4.292160616,6.89,56.25081743,245.5214439,11.34771054,225.3772271,14.43727422
2020,"September",8,"312-80",312,80,2,0,3,3.663733004,6.86,37.90463594,402.2894668,1.202039925,198.4544203,12.71264902
2020,"September",8,"312-120",312,120,2,0,3,4.500923275,6.86,56.4349486,314.5805554,5.204753587,222.7747447,14.27056401
2020,"September",8,"313-10",313,10,3,0,3,4.871668003,6.78,423.5287482,148.5973374,2.173281347,171.4778505,10.98457987
2020,"September",8,"313-20",313,20,3,0,3,5.707288581,6.81,527.279576,206.0826026,1.621122895,175.9360818,11.27016592
2020,"September",8,"313-40",313,40,3,0,3,4.833259093,6.84,296.4357545,332.8463888,0.742813475,169.773622,10.87541014
2020,"September",8,"313-80",313,80,3,0,3,4.060810406,6.73,432.6078308,538.2684481,0.690851528,148.3053004,9.50018918
2020,"September",8,"313-120",313,120,3,0,3,5.190133675,6.77,495.5063276,238.5551952,1.564753587,172.267323,11.03515202
2020,"September",9,"320-10",320,10,0,0,3,1.457525678,7.26,37.19945443,40.86731745,7.198169058,150.2220931,9.622975372
2020,"September",9,"320-20",320,20,0,0,3,2.209421845,6.88,56.27009484,58.36521784,9.811010605,159.6764683,10.22860516
2020,"September",9,"320-40",320,40,0,0,3,0.723047062,7.22,16.65944817,116.0150401,11.63353088,158.541952,10.15593015
2020,"September",9,"320-80",320,80,0,0,3,1.893941816,7.14,44.5694088,115.685926,11.124869,161.1462793,10.32275853
2020,"September",9,"320-120",320,120,0,0,3,2.61747086,7.02,67.13547656,37.65342376,5.459656893,161.9957038,10.37717109
2020,"September",9,"321-10",321,10,1,0,3,2.077369923,7.11,80.50677127,59.84882077,4.247791641,168.5861608,10.79934358
2020,"September",9,"321-20",321,20,1,0,3,2.61747086,6.98,60.49159442,49.02581777,10.29715221,180.9065529,11.5885651
2020,"September",9,"321-40",321,40,1,0,3,2.02991119,6.94,45.3597352,55.78332725,10.52809732,180.6548209,11.57243961
2020,"September",9,"321-80",321,80,1,0,3,2.077369923,7.18,56.33434902,297.075861,4.149644417,175.2988209,11.22934416
2020,"September",9,"321-120",321,120,1,0,3,2.783855313,7.14,18.9493075,328.446088,7.231179039,183.7158336,11.76852242
2020,"September",9,"322-10",322,10,2,0,3,1.893941816,7.21,82.62073377,18.31486004,7.067476606,170.5719154,10.92654734
2020,"September",9,"322-20",322,20,2,0,3,2.461030812,7.06,81.22641808,126.0504381,6.998009981,166.5302708,10.66764707
2020,"September",9,"322-40",322,40,2,0,3,1.574244628,7.13,44.78787301,231.9180866,4.220199626,161.2275853,10.32796685
2020,"September",9,"322-80",322,80,2,0,3,2.093434803,7.22,86.33462533,351.9600234,1.844029944,171.5947306,10.99206699
2020,"September",9,"322-120",322,120,2,0,3,2.983713124,7.14,93.6339001,335.3134756,3.864597629,177.8906883,11.39537439
2020,"September",9,"323-10",323,10,3,0,3,2.61747086,7.13,255.5512192,125.0615342,1.683231441,158.2585049,10.13777305
2020,"September",9,"323-20",323,20,3,0,3,2.805383641,7.12,157.2198359,132.8079475,6.884092327,171.3731735,10.97787445
2020,"September",9,"323-40",323,40,3,0,3,3.173378454,7.17,115.9429512,220.6006317,4.429120399,161.9638759,10.37513226
2020,"September",9,"323-80",323,80,3,0,3,0.007331429,7.09,119.2970193,361.7391835,1.67841859,176.3266262,11.29518347
2020,"September",9,"323-120",323,120,3,0,3,1.79451639,7.08,50.23662741,361.2996707,5.248156581,186.3926037,11.93999136
2020,"September",9,"330-10",330,10,0,0,3,0.695726528,6.87,26.96232245,7.656674348,13.06566438,147.8512468,9.471103347
2020,"September",9,"330-20",330,20,0,0,3,2.278563026,6.77,90.67178244,13.49142885,9.126431691,155.0958674,9.93518034
2020,"September",9,"330-40",330,40,0,0,3,1.046538938,7.07,18.2208516,12.99410236,13.3122645,142.028426,9.098104214
2020,"September",9,"330-80",330,80,0,0,3,2.014333786,6.93,52.94172836,70.40768237,9.398003743,143.3206714,9.180883065
2020,"September",9,"330-120",330,120,0,0,3,1.740063219,7.07,35.72160831,100.7445981,8.495271366,156.1496925,10.00268643
2020,"September",10,"331-10",331,10,1,0,3,1.979836859,6.72,71.66288176,12.10996638,5.297847785,163.4350183,10.46937092
2020,"September",10,"331-20",331,20,1,0,3,1.706441333,6.76,32.86059471,15.92280278,10.24270742,155.6338251,9.969640914
2020,"September",10,"331-40",331,40,1,0,3,1.788429383,6.72,24.90366775,33.88181482,10.16734248,151.2480959,9.688699215
2020,"September",10,"331-80",331,80,1,0,3,1.903906908,6.85,15.36773972,77.0387022,9.744510293,154.3032017,9.88440364
2020,"September",10,"331-120",331,120,1,0,3,2.140902043,6.72,93.3016977,139.7018396,5.849834685,159.4816897,10.216128
2020,"September",10,"332-10",332,10,2,0,3,2.174654535,6.59,138.8821641,16.91745576,4.236715533,188.0017602,12.04307096
2020,"September",10,"332-20",332,20,2,0,3,2.091253011,6.6,19.82627293,17.08323125,12.22759513,175.8492468,11.26460343
2020,"September",10,"332-40",332,40,2,0,3,0.013369436,7.05,9.412944833,5.423688055,11.52963506,75.84638646,4.858605201
2020,"September",10,"332-80",332,80,2,0,3,3.165437574,6.74,107.6275463,194.0762022,2.920704928,163.1907419,10.45372302
2020,"September",10,"332-120",332,120,2,0,3,2.351568674,6.69,186.0641768,172.0280612,4.329684966,154.2951989,9.883890994
2020,"September",10,"333-10",333,10,3,0,3,2.174654535,6.81,147.6368493,168.5467758,1.418247037,171.2123357,10.96757148
2020,"September",10,"333-20",333,20,3,0,3,2.707066787,6.86,90.50306881,107.7624274,3.280520898,167.288615,10.71622519
2020,"September",10,"333-40",333,40,3,0,3,1.830888994,7.07,24.6667919,149.4273353,3.6854398,158.3979464,10.14670541
2020,"September",10,"333-80",333,80,3,0,3,2.279138459,7.09,57.78716228,318.7946335,0.814004991,163.2593427,10.45811747
2020,"September",10,"333-120",333,120,3,0,3,2.058794982,7.06,205.7426478,276.521882,0.814039301,154.0126601,9.865792082
2020,"September",10,"440-10",440,10,0,0,4,1.21907824,6.4,181.5596238,14.59659882,11.17007798,124.8870212,8.000057534
2020,"September",10,"440-20",440,20,0,0,4,1.918856284,6.6,193.4325949,31.45044088,7.799737991,126.465732,8.101186831
2020,"September",10,"440-40",440,40,0,0,4,2.315070324,6.61,487.6800453,96.98702019,5.262407985,129.4789901,8.294210571
2020,"September",10,"440-80",440,80,0,0,4,2.644287994,6.91,189.8119911,213.8372541,1.232436057,143.2511763,9.176431339
2020,"September",10,"440-120",440,120,0,0,4,2.464552653,6.75,288.2141315,277.3566337,0.787130381,146.1267278,9.360633848
2020,"September",10,"441-10",441,10,1,0,4,0.53625823,6.71,40.87144032,6.257950662,12.41247349,113.636409,7.279364135
2020,"September",10,"441-20",441,20,1,0,4,2.315070324,6.92,182.3815987,80.3732871,3.252473487,119.2968406,7.641960911
2020,"September",10,"441-40",441,40,1,0,4,0.774498729,6.94,101.8476274,193.547124,0.733986276,120.9976925,7.750914337
2020,"September",10,"441-80",441,80,1,0,4,-99,-99,-99,-99,-99,-99,-99
2020,"September",10,"441-120",441,120,1,0,4,1.640996543,6.89,260.9454397,338.4524699,1.226032439,126.7272835,8.117941335
2020,"September",10,"442-10",442,10,2,0,4,1.541465301,6.66,68.8251112,18.88292052,7.363053649,123.5204908,7.91252013
2020,"September",10,"442-20",442,20,2,0,4,2.665050803,6.62,186.1391984,75.63892341,1.065355583,130.4958138,8.359346416
2020,"September",10,"442-40",442,40,2,0,4,2.261382206,6.87,77.87988254,192.5326175,-99,-99,-99
2020,"September",10,"442-80",442,80,2,0,4,2.996791852,6.66,156.8025221,201.1559228,1.696126014,145.7937772,9.339305646
2020,"September",10,"442-120",442,120,2,0,4,2.562841787,6.64,145.046976,157.5885045,2.066537742,135.9407362,8.708138074
2020,"September",10,"443-10",443,10,3,0,4,1.505717631,6.66,236.9385531,32.80420426,10.47751716,141.6797546,9.075768971
2020,"September",10,"443-20",443,20,3,0,4,2.091253011,6.73,179.4329268,75.69528486,2.136366188,125.3903724,8.032301281
2020,"September",10,"443-40",443,40,3,0,4,2.351568674,6.74,92.94289913,97.67625914,3.750617592,127.0223159,8.136840568
2020,"September",10,"443-80",443,80,3,0,4,2.370033067,7.13,14.91364791,170.6643661,2.474310667,132.7431509,8.503306673
2020,"September",10,"443-120",443,120,3,0,4,1.470798974,6.88,24.55589053,195.8579444,5.33808796,145.7816164,9.338526648
2020,"September",11,"450-10",450,10,0,0,4,1.183116632,6.48,18.03888793,13.97947242,8.690346226,108.9058082,6.976330596
2020,"September",11,"450-20",450,20,0,0,4,1.915468189,6.88,22.6284831,17.64296814,4.943546475,114.9435882,7.363099611
2020,"September",11,"450-40",450,40,0,0,4,2.119089968,6.86,51.46114299,56.70146861,4.706709295,113.3561128,7.261408879
2020,"September",11,"450-80",450,80,0,0,4,1.028675317,7.02,43.69734269,254.7556832,-99,-99,-99
2020,"September",11,"450-120",450,120,0,0,4,1.90064053,6.89,198.8671051,331.7454547,0.786715533,121.4642623,7.780801937
2020,"September",11,"451-10",451,10,1,0,4,2.169073502,6.84,54.19942112,126.9278634,4.046771678,122.1825952,7.826817011
2020,"September",11,"451-20",451,20,1,0,4,2.475418041,6.92,87.83654197,187.0091932,1.395165315,117.3698928,7.518524199
2020,"September",11,"451-40",451,40,1,0,4,2.696330273,6.9,136.7246292,251.2612719,0.900792265,117.9554725,7.556035351
2020,"September",11,"451-80",451,80,1,0,4,2.533806379,6.96,91.76955932,248.4431983,1.602398628,123.0931904,7.885148055
2020,"September",11,"451-120",451,120,1,0,4,2.038330516,6.84,133.2606873,301.9302357,0.930564566,126.6114386,8.110520529
2020,"September",11,"452-10",452,10,2,0,4,2.34435754,6.86,78.97622766,162.8246212,3.769341859,124.4972243,7.975087866
2020,"September",11,"452-20",452,20,2,0,4,2.914222224,6.84,154.9383884,179.5892535,1.40955708,119.5898307,7.660729317
2020,"September",11,"452-40",452,40,2,0,4,2.456255804,6.88,112.9862034,186.9743166,3.449026825,121.3276361,7.772049913
2020,"September",11,"452-80",452,80,2,0,4,3.249167311,6.89,88.01294641,237.4838355,2.071684342,134.5553512,8.61939287
2020,"September",11,"452-120",452,120,2,0,4,2.982960752,6.83,74.11307776,264.7600539,4.070970056,148.3452609,9.502748977
2020,"September",11,"453-10",453,10,3,0,4,1.856842692,6.79,39.5839117,46.49640147,9.206101061,134.5619323,8.619814444
2020,"September",11,"453-20",453,20,3,0,4,3.029684848,6.91,89.44021877,124.0665165,3.781640674,137.7683611,8.825212339
2020,"September",11,"453-40",453,40,3,0,4,2.675457952,6.99,59.53164647,160.8301152,2.40643481,131.7182708,8.437654749
2020,"September",11,"453-80",453,80,3,0,4,1.718009395,7.03,34.40604023,272.4685504,0.987729258,133.8231932,8.572492185
2020,"September",11,"453-120",453,120,3,0,4,3.484549959,6.91,82.0592963,285.1363593,1.015988771,145.081952,9.293707446
2020,"September",11,"460-10",460,10,0,0,4,0.736470123,6.72,18.72199047,38.033227,7.686696818,106.1589619,6.800372706
2020,"September",11,"460-20",460,20,0,0,4,2.006895184,6.87,36.60307745,89.62085736,3.44577355,114.3503188,7.325095872
2020,"September",11,"460-40",460,40,0,0,4,2.070258241,6.99,37.23652978,208.3209222,2.841210231,116.8225331,7.483461352
2020,"September",11,"460-80",460,80,0,0,4,2.34435754,6.89,73.21100957,287.6160155,2.307301934,126.8491227,8.12574613
2020,"September",11,"460-120",460,120,0,0,4,2.39965452,6.96,118.0217485,318.9890572,1.834529008,128.614708,8.23884626
2020,"September",11,"461-10",461,10,1,0,4,1.90064053,6.74,86.16069971,130.7508072,5.471578291,125.750409,8.055364564
2020,"September",11,"461-20",461,20,1,0,4,2.869278805,6.73,121.7984074,175.6541469,3.440835933,127.116976,8.142904318
2020,"September",11,"461-40",461,40,1,0,4,1.94547144,6.87,68.96527524,163.1480547,6.319220212,117.3978392,7.520314394
2020,"September",11,"461-80",461,80,1,0,4,1.298754464,6.83,48.86719576,171.2338901,4.745377417,122.5821495,7.85241172
2020,"September",11,"461-120",461,120,1,0,4,0.997191316,-99,45.86431096,213.3880458,5.803296943,132.0932384,8.461674477
2020,"September",11,"462-10",462,10,2,0,4,2.290334809,6.66,39.87858731,70.21485221,3.70893325,117.2279267,7.50943011
2020,"September",11,"462-20",462,20,2,0,4,2.959869622,6.82,95.74667778,86.92557887,1.600945103,123.999574,7.943209314
2020,"September",11,"462-40",462,40,2,0,4,2.05423235,6.97,36.43870058,112.0455744,2.830389894,121.683842,7.794867805
2020,"September",11,"462-80",462,80,2,0,4,3.351752226,6.75,172.7672652,286.052754,1.489547723,128.4342003,8.227283267
2020,"September",11,"462-120",462,120,2,0,4,1.731412276,6.86,39.67010933,266.6467488,6.013777293,144.1345388,9.233017906
2020,"September",11,"463-10",463,10,3,0,4,1.505397712,6.68,196.8264264,53.71974783,6.485929507,129.1179972,8.271086031
2020,"September",11,"463-20",463,20,3,0,4,1.731412276,6.71,211.7005287,105.3612838,5.581696818,120.7557433,7.735415518
2020,"September",11,"463-40",463,40,3,0,4,2.135621839,7.04,96.38013011,240.1695238,0.933839676,125.1096333,8.014317656
2020,"September",11,"463-80",463,80,3,0,4,2.738564684,6.77,249.0501613,284.8276521,1.239950094,138.8984513,8.897603831
2020,"September",11,"463-120",463,120,3,0,4,1.229992175,7.07,25.41853002,247.6601958,4.345168434,139.7874358,8.954550532
2020,"September",8,"610-10",610,10,0,1,3,2.889319669,6.77,38.7156248,5.574853319,21.44311603,292.3343724,18.72642507
2020,"September",8,"610-20",610,20,0,1,3,2.296703746,6.41,21.42473026,13.75207842,24.24129133,270.8311735,17.34896994
2020,"September",8,"610-40",610,40,0,1,3,2.072125628,6.73,12.9016964,17.97975943,36.65048347,289.6089365,18.5518387
2020,"September",8,"610-80",610,80,0,1,3,0.69506634,7.05,12.15191425,46.01595979,27.38549595,287.8025952,18.43612781
2020,"September",8,"610-120",610,120,0,1,3,1.796963056,6.91,15.54123562,80.39368166,28.86178415,313.1438251,20.05944012
2020,"September",8,"613-10",613,10,3,1,3,4.292160616,6.7,325.7975929,40.9221698,7.666936993,169.9667927,10.8877843
2020,"September",8,"613-20",613,20,3,1,3,7.958099126,6.77,369.9182521,164.4496672,6.83386151,183.4577207,11.75198819
2020,"September",8,"613-40",613,40,3,1,3,3.305482941,6.83,302.8661812,420.0616289,1.527560823,180.2423639,11.54601838
2020,"September",8,"613-80",613,80,3,1,3,5.529417757,6.91,388.1472372,565.6397719,0.990642545,186.5398054,11.94942083
2020,"September",8,"613-120",613,120,3,1,3,6.080379582,6.78,525.8808874,468.4414037,1.339257642,171.1555628,10.96393471
2020,"September",8,"620-10",620,10,0,1,3,3.227915059,6.63,58.64452254,13.550846,10.9732252,157.2456389,10.07289073
2020,"September",8,"620-20",620,20,0,1,3,3.02985077,6.45,20.13938943,17.1162489,15.45142545,161.3249394,10.33420316
2020,"September",8,"620-40",620,40,0,1,3,2.351894307,6.76,9.336405762,35.21752516,18.72542732,161.7330042,10.36034305
2020,"September",8,"620-80",620,80,0,1,3,2.821517652,6.31,10.17034714,67.74497008,14.48327511,177.1709817,11.34927132
2020,"September",8,"620-120",620,120,0,1,3,3.84193012,6.94,18.63217428,212.4454755,10.65473799,179.4274556,11.49381686
2020,"September",9,"623-10",623,10,3,1,3,2.74129301,7.07,217.1946869,23.42419648,6.541281971,172.1372722,11.0268212
2020,"September",9,"623-20",623,20,3,1,3,3.480719892,7.06,114.111707,71.27615388,1.237579538,160.5459436,10.28430214
2020,"September",9,"623-40",623,40,3,1,3,2.658110656,7.14,96.40325523,175.3308121,2.214142233,158.0618505,10.12517573
2020,"September",9,"623-80",623,80,3,1,3,3.907087012,7.05,125.8220312,328.3911489,1.089488459,163.8763949,10.49764469
2020,"September",9,"623-120",623,120,3,1,3,2.637712491,7.26,107.4099961,365.8596161,1.443886463,167.2449788,10.71342994
2020,"September",9,"630-10",630,10,0,1,3,1.446340723,6.97,85.65353103,3.206607127,8.526085465,147.6517856,9.458326231
2020,"September",9,"630-20",630,20,0,1,3,1.740063219,6.92,29.96571031,6.722709622,10.68875234,140.5613597,9.004126661
2020,"September",9,"630-40",630,40,0,1,3,1.183818167,6.84,18.82391755,6.393075013,16.63937929,137.6377151,8.816843399
2020,"September",9,"630-80",630,80,0,1,3,1.457525678,6.94,30.43144442,23.91864839,12.62085153,133.3618449,8.542939062
2020,"September",9,"630-120",630,120,0,1,3,1.104522572,7.17,22.57367417,51.93759015,13.62871491,149.0619915,9.548661413
2020,"September",10,"633-10",633,10,3,1,3,1.425497178,7.82,111.7439445,23.99054357,5.843041173,169.7460367,10.87364308
2020,"September",10,"633-20",633,20,3,1,3,1.733344314,6.78,197.6370618,77.2597362,5.049737991,174.7673427,11.19529866
2020,"September",10,"633-40",633,40,3,1,3,1.590452524,6.94,99.05552214,171.9175443,1.295670618,169.0910494,10.8316858
2020,"September",10,"633-80",633,80,3,1,3,1.979836859,6.87,208.1172421,299.122608,0.876353712,161.1999436,10.32619617
2020,"September",10,"633-120",633,120,3,1,3,1.339036603,6.69,309.2527752,281.6056639,0.863265752,135.1030832,8.65447957
2021,"May",17,"310-10",310,10,0,0,3,0.251727716,6.65,30.68365362,15.5153653,9.455043668,74.93946685,4.800509609
2021,"May",17,"310-20",310,20,0,0,3,1.238599886,6.67,95.62295595,58.71202121,10.35755459,120.7996587,7.738228655
2021,"May",17,"310-40",310,40,0,0,3,0.992958358,6.73,82.0899151,75.36324613,7.221793512,142.7878759,9.146753171
2021,"May",17,"310-80",310,80,0,0,3,0.686959345,6.71,61.23756145,128.3334471,5.884164067,147.0172638,9.417679934
2021,"May",17,"310-120",310,120,0,0,3,1.806887177,6.72,173.5190902,138.3483142,7.240377417,153.9333202,9.860709713
2021,"May",17,"311-10",311,10,1,0,3,0.30264328,6.45,40.14114935,11.95586433,9.216936993,73.119622,4.683933714
2021,"May",17,"311-20",311,20,1,0,3,0.767239645,6.45,64.19554982,40.3112111,7.621194635,124.6211791,7.983028186
2021,"May",17,"311-40",311,40,1,0,3,1.435261501,6.72,90.2731948,75.42357666,6.170021834,149.2814725,9.562720957
2021,"May",17,"311-80",311,80,1,0,3,1.945051191,6.84,67.47569534,193.7920667,2.379373051,151.7536305,9.721082823
2021,"May",17,"311-120",311,120,1,0,3,1.725563857,6.83,76.9842124,209.8399864,4.985723643,162.533165,10.41159986
2021,"May",17,"312-10",312,10,2,0,3,0.286372319,6.48,77.63340787,8.456693867,10.92665939,79.30728068,5.080303682
2021,"May",17,"312-20",312,20,2,0,3,1.396146641,6.67,257.3726912,66.31366739,8.389600749,125.7331791,8.054260848
2021,"May",17,"312-40",312,40,2,0,3,1.741530303,6.88,147.3023319,145.3466552,2.544469744,148.418189,9.507420614
2021,"May",17,"312-80",312,80,2,0,3,2.192456754,6.87,209.6128939,227.3961692,0.28900811,150.6224401,9.648620859
2021,"May",17,"312-120",312,120,2,0,3,1.725563857,6.82,123.350436,159.8863117,2.772276981,153.5648406,9.837105595
2021,"May",17,"313-10",313,10,3,0,3,0.662111355,6.63,272.1235837,25.71122403,8.684407361,92.57519323,5.930221614
2021,"May",17,"313-20",313,20,3,0,3,1.333309691,6.77,604.45797,138.8309584,3.247239551,137.5958307,8.814160365
2021,"May",17,"313-40",313,40,3,0,3,1.108998697,6.83,306.5211811,184.0185217,2.985371179,132.7498618,8.503736558
2021,"May",17,"313-80",313,80,3,0,3,1.461945005,6.76,554.3869392,357.227459,0.250573924,136.8387306,8.765661931
2021,"May",17,"313-120",313,120,3,0,3,1.308974047,6.71,565.1718819,331.948969,0.467897692,146.6449252,9.393828618
2021,"May",18,"320-10",320,10,0,0,3,0.160354365,6.48,20.14121311,5.58259639,15.00715533,101.020725,6.471226753
2021,"May",18,"320-20",320,20,0,0,3,0.64923499,6.67,91.68570989,57.34460617,8.837972551,125.4290776,8.034780666
2021,"May",18,"320-40",320,40,0,0,3,0.687638715,6.87,63.28604695,83.31771428,7.285726762,135.296031,8.66683945
2021,"May",18,"320-80",320,80,0,0,3,0.999056242,7.03,26.24056117,100.0805004,5.538562071,144.0007447,9.224447305
2021,"May",18,"320-120",320,120,0,0,3,0.707684236,6.73,101.6302612,57.7744212,8.841051154,106.6400197,6.831188381
2021,"May",18,"321-10",321,10,1,0,3,0.358507647,6.58,49.37986197,11.66140893,12.64119152,98.45872779,6.307109953
2021,"May",18,"321-20",321,20,1,0,3,1.198463686,6.79,80.20548078,68.02857972,10.2339582,140.8696869,9.023877533
2021,"May",18,"321-40",321,40,1,0,3,1.245270828,6.88,55.69689332,98.05422952,6.525159077,144.4404062,9.252611207
2021,"May",18,"321-80",321,80,1,0,3,1.61278556,6.86,89.11241197,224.9110649,1.867735496,159.8434274,10.23930025
2021,"May",18,"321-120",321,120,1,0,3,1.370443553,6.84,54.0823564,198.8151525,5.383278228,174.9734697,11.20850277
2021,"May",18,"322-10",322,10,2,0,3,0.178171345,6.62,41.11625526,2.266880461,13.61533063,87.60557123,5.611876823
2021,"May",18,"322-20",322,20,2,0,3,1.257255512,6.73,162.1816215,76.2564674,7.221877729,151.7796135,9.722747251
2021,"May",18,"322-40",322,40,2,0,3,1.01837893,6.91,80.21793222,113.711777,6.187414223,155.6430014,9.970228731
2021,"May",18,"322-80",322,80,2,0,3,0.934268704,6.84,157.1553896,232.893344,2.139893949,168.6648999,10.80438745
2021,"May",18,"322-120",322,120,2,0,3,2.481787806,6.82,147.5158986,234.6126041,1.450062383,178.274677,11.419972
2021,"May",18,"323-10",323,10,3,0,3,0.087703628,6.61,91.47818587,6.56503074,19.83283843,94.6424598,6.062646886
2021,"May",18,"323-20",323,20,3,0,3,1.088999152,6.78,289.8005964,97.99282738,4.887657517,150.4731199,9.639055685
2021,"May",18,"323-40",323,40,3,0,3,1.383632919,6.94,209.9827056,172.0438165,2.330430443,166.4055289,10.65965633
2021,"May",18,"323-80",323,80,3,0,3,1.72462534,6.93,109.5867324,216.8059815,1.242008734,168.9066206,10.81987164
2021,"May",18,"323-120",323,120,3,0,3,1.11006142,7,69.07804251,230.6506085,3.955614473,190.35778,12.19399322
2021,"May",18,"330-10",330,10,0,0,3,0.179886094,6.59,15.30854681,4.849177959,11.90387087,74.34018054,4.762120436
2021,"May",18,"330-20",330,20,0,0,3,0.817025344,6.73,53.54279393,17.06639351,13.55963506,116.1866234,7.442726151
2021,"May",18,"330-40",330,40,0,0,3,1.257255512,6.75,52.88701801,32.88055577,6.894298191,130.8984175,8.385136462
2021,"May",18,"330-80",330,80,0,0,3,0.916541921,6.76,54.09065736,69.71825139,6.304223331,106.5075684,6.822703793
2021,"May",18,"330-120",330,120,0,0,3,1.451508405,6.79,74.17483259,184.8205461,6.315286962,149.6246883,9.584706726
2021,"May",19,"331-10",331,10,1,0,3,0.269600901,6.4,11.26660522,3.174737249,14.0124111,81.8640677,5.244086728
2021,"May",19,"331-20",331,20,1,0,3,0.969384064,6.69,40.75170027,20.29124229,1.114582034,128.4279154,8.226880667
2021,"May",19,"331-40",331,40,1,0,3,1.611495234,6.74,37.40206698,49.81101184,7.72496257,155.5550889,9.964597215
2021,"May",19,"331-80",331,80,1,0,3,2.42439778,6.76,60.3717965,124.04455,3.911827823,154.6946206,9.90947721
2021,"May",19,"331-120",331,120,1,0,3,2.514030436,6.81,109.100876,192.8826681,3.394067374,147.1957884,9.429115895
2021,"May",19,"332-10",332,10,2,0,3,0.26716507,6.59,11.28324936,6.399586024,13.24910168,85.31127504,5.464908453
2021,"May",19,"332-20",332,20,2,0,3,0.295214696,6.85,29.62509229,47.5164079,10.08854024,136.8955148,8.769299422
2021,"May",19,"332-40",332,40,2,0,3,0.893348486,6.9,86.23683127,97.1914823,6.353452901,156.9566065,10.05437584
2021,"May",19,"332-80",332,80,2,0,3,2.987185108,6.97,143.444044,248.4492931,1.024834685,154.1847419,9.876815324
2021,"May",19,"332-120",332,120,2,0,3,3.270986632,6.83,199.2741207,256.9455293,1.367145976,146.6531735,9.394356985
2021,"May",19,"333-10",333,10,3,0,3,3.680615013,6.67,52.27944084,0,12.74067686,84.04663752,5.383898113
2021,"May",19,"333-20",333,20,3,0,3,0.384101684,6.91,134.0418392,119.3840513,3.310573924,137.1223921,8.783832762
2021,"May",19,"333-40",333,40,3,0,3,0.808467579,7.51,32.93103471,191.8928134,1.838945727,152.3877094,9.76170075
2021,"May",19,"333-80",333,80,3,0,3,1.120888698,6.87,113.4476015,307.1582735,0.026247661,156.6339351,10.03370611
2021,"May",19,"333-120",333,120,3,0,3,1.458380096,6.8,392.9837628,366.5989648,0.034582034,137.4536671,8.805053628
2021,"May",19,"440-10",440,10,0,0,4,0.054081275,7.02,6.069472317,10.7160639,10.73664067,56.00837518,3.587818898
2021,"May",19,"440-20",440,20,0,0,4,0.725041137,6.77,86.09777194,40.78531435,7.961927636,76.39686319,4.893867722
2021,"May",19,"440-40",440,40,0,0,4,1.780685912,6.75,251.1073633,131.0565029,2.76055209,119.5694922,7.65942647
2021,"May",19,"440-80",440,80,0,0,4,1.846519831,7.19,41.74906118,243.1501011,0.249391765,131.7150409,8.437447847
2021,"May",19,"440-120",440,120,0,0,4,1.914787703,6.81,339.342749,351.8815258,0.065361822,132.9861523,8.518872894
2021,"May",19,"441-10",441,10,1,0,4,0.793924642,7,79.97019,84.62044528,7.070636307,79.41634133,5.087289905
2021,"May",19,"441-20",441,20,1,0,4,0.745053807,6.93,140.0617623,101.938811,3.618718029,86.01530324,5.510007198
2021,"May",19,"441-40",441,40,1,0,4,1.120888698,6.79,220.2586217,151.673605,2.122074236,101.6240226,6.509872881
2021,"May",19,"441-80",441,80,1,0,4,0.537387743,6.96,65.6022215,223.9920555,1.323349969,94.3026488,6.040879222
2021,"May",19,"441-120",441,120,1,0,4,0.893348486,6.94,255.1849416,409.8631606,0,97.23549506,6.228751928
2021,"May",19,"442-10",442,10,2,0,4,0.063103754,6.9,4.363447906,8.43232336,9.561300686,60.78701269,3.893929577
2021,"May",19,"442-20",442,20,2,0,4,0.547231493,6.94,24.09091554,88.80730294,4.333437305,85.70852468,5.49035553
2021,"May",19,"442-40",442,40,2,0,4,0.668171085,6.96,41.28926825,162.7116843,0.432367436,117.9080705,7.552998868
2021,"May",19,"442-80",442,80,2,0,4,1.748654444,6.74,198.7358266,256.8525444,0.92551466,126.7878307,8.12181988
2021,"May",19,"442-120",442,120,2,0,4,1.626187764,6.79,154.2413278,250.4453834,2.018387399,117.8902059,7.551854495
2021,"May",19,"443-10",443,10,3,0,4,0.043102785,6.86,6.639534132,3.864842279,10.12414223,56.42075317,3.61423507
2021,"May",19,"443-20",443,20,3,0,4,0.398302346,6.93,58.37113651,63.62271975,6.01169058,97.66403103,6.256203149
2021,"May",19,"443-40",443,40,3,0,4,1.296071928,6.85,146.8352972,171.1488369,2.093006862,122.6822708,7.858825306
2021,"May",19,"443-80",443,80,3,0,4,1.764597499,6.74,154.0439533,77.38748815,1.526805989,130.561969,8.363584193
2021,"May",19,"443-120",443,120,3,0,4,0.82327691,6.94,41.72438937,82.36195015,3.42694947,145.6218364,9.328291439
2021,"May",20,"450-10",450,10,0,0,4,-99,-99,-99,-99,-99,-99,-99
2021,"May",20,"450-20",450,20,0,0,4,0.055726516,7.15,6.731848902,16.07885921,7.893998752,57.00820592,3.651866206
2021,"May",20,"450-40",450,40,0,0,4,0.655143639,6.94,97.40778307,66.72792673,4.384529008,94.44995769,6.050315557
2021,"May",20,"450-80",450,80,0,0,4,0.400204162,6.8,158.0110019,183.9831022,0.506522146,112.020897,7.175877426
2021,"May",20,"450-120",450,120,0,0,4,0.637118494,6.85,320.7960429,348.1403479,1.712485964,100.5342793,6.440065941
2021,"May",20,"451-10",451,10,1,0,4,-99,-99,-99,-99,-99,-99,-99
2021,"May",20,"451-20",451,20,1,0,4,0.278464274,7.19,16.43692981,69.82889003,5.713203369,89.59109732,5.739065951
2021,"May",20,"451-40",451,40,1,0,4,0.995591725,6.94,130.5163396,118.7982691,0.550324392,108.2957687,6.937252595
2021,"May",20,"451-80",451,80,1,0,4,1.221614747,6.93,133.0548934,131.9127598,0.585324392,113.4317884,7.266256518
2021,"May",20,"451-120",451,120,1,0,4,0.857947914,6.92,218.8155157,195.4179044,0.756363069,117.1360733,7.503546157
2021,"May",20,"452-10",452,10,2,0,4,-99,-99,-99,-99,-99,-99,-99
2021,"May",20,"452-20",452,20,2,0,4,0.71233696,7.11,25.72305324,76.48304052,5.774001871,93.83896192,6.011176298
2021,"May",20,"452-40",452,40,2,0,4,1.27975881,6.89,119.1118588,201.9428481,3.502567062,112.4970071,7.206376152
2021,"May",20,"452-80",452,80,2,0,4,2.235910733,6.86,159.5945226,171.8376625,0.691537742,114.3635176,7.325941367
2021,"May",20,"452-120",452,120,2,0,4,1.962960903,6.8,139.167552,178.6856232,1.385679975,134.3412327,8.605676837
2021,"May",20,"453-10",453,10,3,0,4,-99,-99,-99,-99,-99,-99,-99
2021,"May",20,"453-20",453,20,3,0,4,0.61958928,6.9,56.57620783,35.20146632,6.46904554,80.48652186,5.15584369
2021,"May",20,"453-40",453,40,3,0,4,1.340670301,7,100.0827701,130.9760105,2.679164067,124.7330917,7.990197097
2021,"May",20,"453-80",453,80,3,0,4,2.114568836,7.17,72.37115658,170.4809911,0.635483468,122.973464,7.877478605
2021,"May",20,"453-120",453,120,3,0,4,1.822222782,6.93,184.769819,183.4016716,0.118359326,125.3038082,8.02675614
2021,"May",20,"460-10",460,10,0,0,4,-99,-99,-99,-99,-99,-99,-99
2021,"May",20,"460-20",460,20,0,0,4,1.6298071,6.92,44.08249731,183.6600852,5.124769183,90.35420592,5.787949276
2021,"May",20,"460-40",460,40,0,0,4,1.856431874,6.88,75.18928677,273.1357976,2.211450405,109.8357151,7.035898713
2021,"May",20,"460-80",460,80,0,0,4,2.299168376,6.88,155.7922835,228.6886567,1.20367748,110.8139492,7.098562582
2021,"May",20,"460-120",460,120,0,0,4,1.40448094,6.85,130.3374107,281.857257,1.014504055,104.279464,6.679975549
2021,"May",20,"461-10",461,10,1,0,4,-99,-99,-99,-99,-99,-99,-99
2021,"May",20,"461-20",461,20,1,0,4,0.419252308,7.03,13.07606213,52.51517819,8.141550218,76.37045416,4.892176008
2021,"May",20,"461-40",461,40,1,0,4,0.92421093,6.82,77.51536249,100.3862994,4.896400499,103.0883667,6.603676058
2021,"May",20,"461-80",461,80,1,0,4,1.444216048,6.92,109.6241538,73.31747379,3.521247661,112.165086,7.185113906
2021,"May",20,"461-120",461,120,1,0,4,2.037355136,6.76,132.1781418,160.0152399,2.442588896,126.9827334,8.134304985
2021,"May",20,"462-10",462,10,2,0,4,-99,-99,-99,-99,-99,-99,-99
2021,"May",20,"462-20",462,20,2,0,4,0.655143639,7.01,17.02623264,81.5867093,5.679500936,87.61927786,5.612754844
2021,"May",20,"462-40",462,40,2,0,4,1.498950376,6.95,99.17470597,88.15561522,4.015252651,107.5837715,6.891643373
2021,"May",20,"462-80",462,80,2,0,4,2.692960014,6.73,206.4067964,151.8512919,0.419360574,117.0229647,7.496300629
2021,"May",20,"462-120",462,120,2,0,4,3.010891956,6.86,135.9020995,161.9633166,1.454684966,134.6262285,8.623933139
2021,"May",20,"463-10",463,10,3,0,4,-99,-99,-99,-99,-99,-99,-99
2021,"May",20,"463-20",463,20,3,0,4,0.83434296,6.85,202.6492895,69.34254613,2.005059264,102.1129929,6.541195419
2021,"May",20,"463-40",463,40,3,0,4,1.244548458,6.9,217.1872627,175.3676283,0.39838116,115.9406347,7.426968569
2021,"May",20,"463-80",463,80,3,0,4,2.874096265,6.76,317.4232331,188.8055348,0,124.7636474,7.992154439
2021,"May",20,"463-120",463,120,3,0,4,1.444216048,6.94,121.5229257,154.8076314,1.052751092,124.500536,7.975300008
2021,"May",17,"610-10",610,10,0,1,3,0.360521389,6.22,9.760590669,0,12.20273238,85.70303244,5.490003708
2021,"May",17,"610-20",610,20,0,1,3,0.753235943,6.45,37.73037324,11.77487276,12.51593886,117.2911058,7.513477248
2021,"May",17,"610-40",610,40,0,1,3,0.17415303,6.52,11.92799079,7.612066523,13.90994386,132.1362623,8.464430514
2021,"May",17,"610-80",610,80,0,1,3,0.240398103,6.83,18.47645751,43.5087289,8.628689956,97.65321298,6.255510165
2021,"May",17,"610-120",610,120,0,1,3,0.78873486,6.66,38.71096686,110.2946201,10.25575795,146.3307419,9.373702614
2021,"May",17,"613-10",613,10,3,1,3,0.17415303,6.46,172.6770886,8.215371787,19.95959451,103.6160705,6.637479788
2021,"May",17,"613-20",613,20,3,1,3,0.856901762,6.77,286.1959937,52.37731609,10.35546475,142.8707616,9.15206268
2021,"May",17,"613-40",613,40,3,1,3,1.308974047,6.91,364.1824296,306.3917137,0.246437929,164.0872271,10.51115021
2021,"May",17,"613-80",613,80,3,1,3,1.757644485,6.89,223.9757334,415.626133,0,166.6857489,10.67760671
2021,"May",17,"613-120",613,120,3,1,3,1.773907769,6.94,462.9480017,379.5216706,0.137117904,155.1607362,9.939335717
2021,"May",17,"620-10",620,10,0,1,3,0.190955001,6.65,19.64379288,1.100239671,15.49294136,90.69949224,5.810067679
2021,"May",17,"620-20",620,20,0,1,3,0.334912252,6.48,34.47037568,10.43336599,19.86673425,123.1575825,7.889272894
2021,"May",17,"620-40",620,40,0,1,3,0.484095489,6.65,17.24506105,31.00308518,14.75708983,145.0107504,9.289146398
2021,"May",17,"620-80",620,80,0,1,3,0.864830576,7.04,17.12405678,111.1328868,9.375966937,153.7347221,9.847987891
2021,"May",17,"620-120",620,120,0,1,3,1.088757189,6.81,35.89039645,139.8690915,8.228574548,157.3315092,10.07839141
2021,"May",18,"623-10",623,10,3,1,3,0.10420601,6.76,33.28992055,4.849177959,14.38059264,80.95238646,5.185686115
2021,"May",18,"623-20",623,20,3,1,3,0.832827382,6.87,90.42396381,40.50856345,14.17995321,142.0256728,9.097927851
2021,"May",18,"623-40",623,40,3,1,3,1.11006142,7.03,74.35122801,103.6411799,4.687046163,158.4355176,10.14911215
2021,"May",18,"623-80",623,80,3,1,3,2.129162978,6.83,105.9758143,228.1699556,0.250399251,173.3687786,11.10570922
2021,"May",18,"623-120",623,120,3,1,3,1.861969802,7,123.5032935,338.6830425,0.040237056,159.0584062,10.18901324
2021,"May",18,"630-10",630,10,0,1,3,0.121464259,6.76,18.84699479,2.864655636,8.605427324,66.38669958,4.25263516
2021,"May",18,"630-20",630,20,0,1,3,0.30463721,6.64,28.7050833,4.787161637,16.12471616,117.0474838,7.497871273
2021,"May",18,"630-40",630,40,0,1,3,0.41788248,6.59,21.6878499,7.825961444,11.63868996,126.2067193,8.084594957
2021,"May",18,"630-80",630,80,0,1,3,0.786315059,6.68,31.59642211,21.71761771,11.08316594,128.0192496,8.200702297
2021,"May",18,"630-120",630,120,0,1,3,0.857105333,6.81,34.05213742,43.36131429,9.768833437,125.563134,8.043368072
2021,"May",19,"633-10",633,10,3,1,3,2.13511165,6.73,39.50841171,7.353890327,13.70863381,89.61018618,5.740288748
2021,"May",19,"633-20",633,20,3,1,3,0.218807942,6.81,281.7587304,124.2052813,2.3797068,166.8894076,10.69065271
2021,"May",19,"633-40",633,40,3,1,3,1.27275783,6.98,169.9012023,215.3645912,0.140879601,157.8857884,10.11389752
2021,"May",19,"633-80",633,80,3,1,3,1.393677894,6.94,268.8755566,327.2678777,0.151918278,151.6949083,9.717321192
2021,"May",19,"633-120",633,120,3,1,3,1.28436198,6.79,311.4187391,374.401745,0,126.421086,8.098326893
2021,"July",15,"310-10",310,10,0,0,3,0.514535512,6.31,23.93691769,17.80817477,34.82541485,232.4107757,14.88783033
2021,"July",15,"310-20",310,20,0,0,3,1.45760553,6.55,52.81539258,29.70072199,12.54121959,121.7044401,7.796187277
2021,"July",15,"310-40",310,40,0,0,3,1.598662215,6.7,51.36269144,104.2139135,18.41063007,257.335969,16.4844921
2021,"July",15,"310-80",310,80,0,0,3,1.667214871,6.78,43.28397315,123.6652831,11.6495446,229.8870014,14.72616202
2021,"July",15,"310-120",310,120,0,0,3,2.494860575,6.7,139.7147383,198.548017,15.60242046,249.6787898,15.99398737
2021,"July",15,"311-10",311,10,1,0,3,0.830410469,6.34,16.65843855,15.85967835,28.06732377,203.1322482,13.01230203
2021,"July",15,"311-20",311,20,1,0,3,1.46989726,6.74,26.45791492,22.10830484,9.026790393,123.8047645,7.930730172
2021,"July",15,"311-40",311,40,1,0,3,1.738707152,6.67,57.15031459,73.23953902,11.68662196,225.1621721,14.42349819
2021,"July",15,"311-80",311,80,1,0,3,-99,-99,-99,-99,-99,-99,-99
2021,"July",15,"311-120",311,120,1,0,3,2.162956269,6.78,52.51789793,160.1156044,6.559164067,189.2373258,12.122219
2021,"July",15,"312-10",312,10,2,0,3,1.068321591,6.25,59.72731368,18.34569104,28.57563631,215.7261749,13.81904567
2021,"July",15,"312-20",312,20,2,0,3,2.056676098,6.52,168.305133,17.33784805,18.95427012,190.5451058,12.20599297
2021,"July",15,"312-40",312,40,2,0,3,1.875206923,7.01,60.63525189,170.3284134,1.359201497,208.4669647,13.3540341
2021,"July",15,"312-80",312,80,2,0,3,2.109146856,6.83,127.5135942,213.3633089,1.120564566,200.9056841,12.86967245
2021,"July",15,"312-120",312,120,2,0,3,1.972109548,6.81,128.023585,246.5213431,3.075988771,215.4574781,13.80183345
2021,"July",15,"313-10",313,10,3,0,3,1.625738372,6.52,355.1085905,6.385954284,9.707888334,152.1594781,9.747080675
2021,"July",15,"313-20",313,20,3,0,3,1.362900727,6.66,530.7154312,78.22474494,2.081631316,204.311763,13.08785956
2021,"July",15,"313-40",313,40,3,0,3,0.895603068,6.69,259.0487277,161.4764226,4.103555833,174.9628068,11.20781972
2021,"July",15,"313-80",313,80,3,0,3,1.295932511,6.72,394.3662933,413.3337706,0.164968808,151.2095205,9.686228143
2021,"July",15,"313-120",313,120,3,0,3,0.90315553,6.67,57.66803255,201.6606739,0.546996257,235.7608632,15.10243074
2021,"July",15,"320-10",320,10,0,0,3,0.100902654,6.18,161.7486601,10.47013283,19.46664691,149.0393963,9.547214006
2021,"July",15,"320-20",320,20,0,0,3,1.104815854,6.52,47.88548127,43.20618212,10.50776045,135.3336417,8.669248723
2021,"July",15,"320-40",320,40,0,0,3,1.263692669,6.72,27.81205057,133.1252019,6.612230193,158.1679718,10.13197366
2021,"July",15,"320-80",320,80,0,0,3,1.211732067,7.02,15.16024591,82.30924283,10.17883032,153.1408406,9.80994494
2021,"July",15,"320-120",320,120,0,0,3,0.99890968,6.49,39.75077317,35.21738477,11.91933874,123.0130042,7.880011477
2021,"July",15,"321-10",321,10,1,0,3,0.661949021,6.26,42.84739009,12.63251407,20.58458203,160.3826714,10.27384322
2021,"July",15,"321-20",321,20,1,0,3,1.6812742,6.65,46.66459414,41.40419776,8.887461011,130.7252609,8.374044374
2021,"July",15,"321-40",321,40,1,0,3,1.55889115,6.72,41.46036959,91.79969382,8.391703057,147.5482031,9.451690927
2021,"July",15,"321-80",321,80,1,0,3,2.293910926,6.76,61.29978539,248.1518705,3.906696818,233.8688914,14.98123453
2021,"July",15,"321-120",321,120,1,0,3,1.695452088,6.87,413.1045925,150.6645164,7.759310667,189.2380733,12.12226689
2021,"July",15,"322-10",322,10,2,0,3,0.58360627,6.38,29.91888397,12.69258022,33.60199002,178.1370606,11.41115655
2021,"July",15,"322-20",322,20,2,0,3,1.923047965,6.56,142.3110552,55.76000653,8.798041173,140.415811,8.994803084
2021,"July",15,"322-40",322,40,2,0,3,1.494792556,6.8,57.02281688,168.1437647,2.197729258,154.2018702,9.877912534
2021,"July",15,"322-80",322,80,2,0,3,2.091509525,6.89,72.3264052,337.6268663,0.36746413,163.8380621,10.49518916
2021,"July",15,"322-120",322,120,2,0,3,2.759370114,6.8,108.9105197,235.1996265,1.502183406,172.7155233,11.0638629
2021,"July",16,"323-10",323,10,3,0,3,2.169734045,6.54,59.75079352,12.67096208,21.43361822,182.869701,11.71432074
2021,"July",16,"323-20",323,20,3,0,3,3.052525067,6.74,192.8728148,44.04560587,4.069036182,138.7001664,8.884902066
2021,"July",16,"323-40",323,40,3,0,3,2.978994888,6.83,114.6076252,168.5952315,2.175754835,154.5288773,9.898860001
2021,"July",16,"323-80",323,80,3,0,3,3.710010066,6.91,42.70332947,262.7784722,1.977417342,165.501433,10.60174162
2021,"July",16,"323-120",323,120,3,0,3,2.000360329,6.93,43.50935614,293.9158786,2.132117904,168.864708,10.8171868
2021,"July",16,"330-10",330,10,0,0,3,0.163652071,6.51,3.821241604,8.934473271,18.54167498,143.7744937,9.209954081
2021,"July",16,"330-20",330,20,0,0,3,0.90195565,6.48,24.04189369,12.49303404,13.56028384,120.0084683,7.687546461
2021,"July",16,"330-40",330,40,0,0,3,0.824816017,6.7,11.65596176,31.29409655,9.379641298,128.4143413,8.226011139
2021,"July",16,"330-80",330,80,0,0,3,0.811516644,6.71,26.67433462,56.85642451,12.806335,175.3120733,11.23019309
2021,"July",16,"330-120",330,120,0,0,3,1.952175023,6.68,77.1105929,145.4645867,7.284971928,152.3286939,9.757920325
2021,"July",16,"331-10",331,10,1,0,3,0.6359202,6.39,23.57237391,5.494531256,27.14951653,181.5375317,11.62898444
2021,"July",16,"331-20",331,20,1,0,3,1.517379155,6.51,22.09808178,3.300085463,20.85452589,175.1411932,11.21924683
2021,"July",16,"331-40",331,40,1,0,3,1.387605512,6.77,23.4346481,49.02759087,6.411091703,146.245622,9.368249991
2021,"July",16,"331-80",331,80,1,0,3,2.117468812,6.7,50.21281127,164.7994334,5.105171553,160.330866,10.27052466
2021,"July",16,"331-120",331,120,1,0,3,2.411538806,6.7,92.58966339,195.462365,5.626519027,168.8886516,10.81872058
2021,"July",16,"332-10",332,10,2,0,3,1.410345998,6.34,31.72323738,2.520723802,25.7680942,216.12178,13.8443874
2021,"July",16,"332-20",332,20,2,0,3,2.169734045,6.46,44.97027948,3.92760031,14.44530256,150.0941044,9.614776652
2021,"July",16,"332-40",332,40,2,0,3,2.930961433,6.83,52.96169806,24.09283003,5.828474735,157.2127052,10.07078105
2021,"July",16,"332-80",332,80,2,0,3,4.400494229,6.84,134.5567853,53.78378605,0.764004991,161.1455684,10.32271299
2021,"July",16,"332-120",332,120,2,0,3,3.284185523,6.84,149.9854791,169.352828,2.959232689,147.8774302,9.472780604
2021,"July",16,"333-10",333,10,3,0,3,1.85925856,6.43,79.64286002,8.441329065,20.01948846,174.2364908,11.16129327
2021,"July",16,"333-20",333,20,3,0,3,2.353448905,6.81,116.1424343,14.12745488,7.443056769,176.6045078,11.31298405
2021,"July",16,"333-40",333,40,3,0,3,2.907235926,7.06,43.3246417,51.29244225,0.736409857,154.7803865,9.914971213
2021,"July",16,"333-80",333,80,3,0,3,1.198751406,6.5,24.1060614,373.4085393,2.410795384,188.2493766,12.0589328
2021,"July",16,"333-120",333,120,3,0,3,3.257600743,6.75,229.6880829,217.7142074,0.559089208,163.9075628,10.49964124
2021,"July",16,"440-10",440,10,0,0,4,0.470759421,6.21,24.54897506,11.1964622,17.54982845,108.661433,6.960676375
2021,"July",16,"440-20",440,20,0,0,4,1.300251609,6.57,109.1182478,31.30307207,14.68976294,110.346519,7.068619869
2021,"July",16,"440-40",440,40,0,0,4,2.315501783,6.73,292.7596697,49.76832605,3.360087336,141.2375599,9.047442801
2021,"July",16,"440-80",440,80,0,0,4,2.37265504,6.88,88.38489093,57.03718794,4.334881472,142.3981608,9.121788744
2021,"July",16,"440-120",440,120,0,0,4,1.889728634,6.78,201.6148457,111.3777925,0.355084217,107.663622,6.896758448
2021,"July",16,"441-10",441,10,1,0,4,0.536137584,6.59,35.73606648,26.55486391,18.56684342,139.6807193,8.947714471
2021,"July",16,"441-20",441,20,1,0,4,0.779198839,6.87,71.49191533,25.67556611,5.396085465,89.52739069,5.734985022
2021,"July",16,"441-40",441,40,1,0,4,2.083326644,6.68,270.7181988,35.28922213,5.109684966,117.6236643,7.534780332
2021,"July",16,"441-80",441,80,1,0,4,0.615578315,6.87,105.8756696,44.3752995,3.510003119,120.4055797,7.712984685
2021,"July",16,"441-120",441,120,1,0,4,1.814472158,6.76,180.1006505,210.3281058,0.885458515,116.5100874,7.463446658
2021,"July",19,"442-10",442,10,2,0,4,0.089635361,6.26,10.61263943,21.74803589,18.64731441,127.2333343,8.150358012
2021,"July",19,"442-20",442,20,2,0,4,0.13597994,6.7,73.0057666,4.748278267,6.371132252,118.5666629,7.595187077
2021,"July",19,"442-40",442,40,2,0,4,0.116857962,6.91,45.71187667,28.54468039,0.433661884,116.1255487,7.438813815
2021,"July",19,"442-80",442,80,2,0,4,0.331243219,6.75,158.3152957,63.85858026,0.404451029,130.3234725,8.34830655
2021,"July",19,"442-120",442,120,2,0,4,0.206286268,6.73,97.16494371,27.35105313,6.315757954,110.6438533,7.087666552
2021,"July",19,"443-10",443,10,3,0,4,0.087953333,6.48,17.4085733,7.670759355,18.84159389,150.4834189,9.63971542
2021,"July",19,"443-20",443,20,3,0,4,0.228938688,6.68,69.67171418,7.030276438,8.660683094,106.8914302,6.847293268
2021,"July",19,"443-40",443,40,3,0,4,0.233316931,6.78,115.2813951,30.78637064,1.78705864,118.5210522,7.592265339
2021,"July",19,"443-80",443,80,3,0,4,0.249310742,6.73,90.61409743,60.42326271,1.358708671,128.5972073,8.237725197
2021,"July",19,"443-120",443,120,3,0,4,0.161256953,6.87,41.63518653,54.89181921,3.079900187,140.4607673,8.997682899
2021,"July",19,"450-10",450,10,0,0,4,0.014543902,6.23,4.836484877,19.54880647,19.76906737,113.5657518,7.274837961
2021,"July",19,"450-20",450,20,0,0,4,0.035765691,6.5,12.15787754,10.98962546,15.95630692,93.26222849,5.974231822
2021,"July",19,"450-40",450,40,0,0,4,0.132170412,6.82,57.28920761,17.39445481,6.21801622,86.38221439,5.533510847
2021,"July",19,"450-80",450,80,0,0,4,0.122525357,6.94,67.60796308,81.3262966,0.058449782,108.463969,6.948027194
2021,"July",19,"450-120",450,120,0,0,4,0.178964675,6.9,225.8288803,145.2581384,0.237735496,116.2743977,7.448348812
2021,"July",19,"451-10",451,10,1,0,4,0.051748102,6.61,12.32135362,8.893499492,15.38786338,102.5646996,6.57013091
2021,"July",19,"451-20",451,20,1,0,4,0.126056887,6.75,34.40619253,15.06542595,9.344073612,94.82750071,6.074500264
2021,"July",19,"451-40",451,40,1,0,4,0.204341599,6.83,120.0460022,65.13954612,1.546088584,113.6738223,7.281760759
2021,"July",19,"451-80",451,80,1,0,4,0.251683372,6.95,76.19129149,101.2394932,0.67613849,110.9382144,7.106522778
2021,"July",19,"451-120",451,120,1,0,4,0.233316931,6.88,118.9750405,135.8255716,2.682657517,118.3176079,7.579233074
2021,"July",19,"452-10",452,10,2,0,4,0.035428526,6.39,6.860474344,22.16896393,21.00832502,122.4521805,7.844086149
2021,"July",19,"452-20",452,20,2,0,4,0.112513381,6.7,37.64457568,28.10798749,10.91820025,99.45262906,6.37077743
2021,"July",19,"452-40",452,40,2,0,4,0.180667839,6.86,88.53862048,52.50456463,4.39463194,118.1072807,7.565759902
2021,"July",19,"452-80",452,80,2,0,4,0.325027367,6.86,134.2694686,66.18760911,0.784884591,120.7571735,7.735507133
2021,"July",19,"452-120",452,120,2,0,4,0.321963319,6.83,133.6714498,69.4482495,1.232202121,126.8422144,8.125303596
2021,"July",19,"453-10",453,10,3,0,4,0.014406796,6.6,8.129360048,25.72073289,18.90520586,127.0198843,8.136684804
2021,"July",19,"453-20",453,20,3,0,4,0.141230657,6.72,74.49885925,21.76138387,10.98977854,104.6490042,6.70364761
2021,"July",19,"453-40",453,40,3,0,4,0.210231305,6.77,129.7002924,66.30406054,0.243038054,118.7490917,7.606873127
2021,"July",19,"453-80",453,80,3,0,4,0.276687704,7.09,16.50167032,66.18760911,2.036291329,121.7050014,7.796223236
2021,"July",19,"453-120",453,120,3,0,4,0.331243219,6.84,150.0642,86.00786683,0.759132876,127.5420282,8.170132374
2021,"July",19,"460-10",460,10,0,0,4,0.03509454,6.38,3.088847818,14.76918429,16.59320025,105.5123808,6.758953917
2021,"July",19,"460-20",460,20,0,0,4,0.12846761,6.73,20.74426363,29.79844221,9.892108546,95.755811,6.133966105
2021,"July",19,"460-40",460,40,0,0,4,0.233316931,6.85,41.15931123,65.50795903,4.401023082,107.3504739,6.87669876
2021,"July",19,"460-80",460,80,0,0,4,0.304176175,6.81,103.8838606,243.3942558,1.259507174,112.2075656,7.187835067
2021,"July",19,"460-120",460,120,0,0,4,0.251683372,6.9,124.6777163,292.2092855,0.724089208,116.1409901,7.439802967
2021,"July",19,"461-10",461,10,1,0,4,0.024026926,6.38,2.966240764,12.48473709,20.08738615,122.3228011,7.835798343
2021,"July",19,"461-20",461,20,1,0,4,0.099478273,6.54,19.04722631,27.81458015,11.88044604,91.17507757,5.840532796
2021,"July",19,"461-40",461,40,1,0,4,0.162791596,6.79,40.14342421,118.7115321,6.50389582,102.5257348,6.567634901
2021,"July",19,"461-80",461,80,1,0,4,0.092218907,6.9,43.30025844,136.3258224,3.428967561,113.4089563,7.264793933
2021,"July",19,"461-120",461,120,1,0,4,0.098540487,6.91,30.50222823,185.2610861,3.169787898,119.6784288,7.666404742
2021,"July",19,"462-10",462,10,2,0,4,0.039693143,6.4,5.883510198,12.66508818,22.88674672,129.6813681,8.307174532
2021,"July",19,"462-20",462,20,2,0,4,0.134698051,6.53,40.87517425,43.20454026,15.1880287,105.3965585,6.751534556
2021,"July",19,"462-40",462,40,2,0,4,0.191232654,6.92,69.14014192,119.3728194,2.85220524,109.2637179,6.999257632
2021,"July",19,"462-80",462,80,2,0,4,0.24463237,6.72,102.3829507,158.0881878,1.814610106,121.0184542,7.752244289
2021,"July",19,"462-120",462,120,2,0,4,0.222524886,6.74,80.4223721,249.8267782,1.483359326,125.5812722,8.044529973
2021,"July",19,"463-10",463,10,3,0,4,0.006752813,6.16,12.02943206,17.41433367,29.60769183,141.5886178,9.069930916
2021,"July",19,"463-20",463,20,3,0,4,0.202415261,6.7,269.5624238,127.4886187,1.98275733,105.3275599,6.747114634
2021,"July",19,"463-40",463,40,3,0,4,0.220427134,6.84,105.6114704,249.4059589,0.676200873,118.1384231,7.56775483
2021,"July",19,"463-80",463,80,3,0,4,0.344033814,6.75,201.8729514,315.955513,0.05400811,123.9039379,7.937083042
2021,"July",19,"463-120",463,120,3,0,4,0.148080082,6.96,37.42271529,314.5728213,0.251559576,126.0628914,8.075381607
2021,"July",15,"610-10",610,10,0,1,3,0.461322572,6.28,16.22266617,11.82830639,20.71033375,157.2855289,10.075446
2021,"July",15,"610-20",610,20,0,1,3,0.809751752,6.42,13.48558346,17.20346898,25.11465066,186.4371171,11.94284281
2021,"July",15,"610-40",610,40,0,1,3,0.702026256,6.75,8.220300679,22.51144204,33.95819401,254.4634076,16.30048113
2021,"July",15,"610-80",610,80,0,1,3,0.021340893,7.04,1.712526403,55.83745012,26.37758578,255.1183611,16.34243624
2021,"July",15,"610-120",610,120,0,1,3,0.624159713,6.89,14.83611769,51.94045723,27.52511853,266.462189,17.06910087
2021,"July",15,"613-10",613,10,3,1,3,0.370837296,6.36,143.4662617,26.56785982,44.04906737,222.1679859,14.23169617
2021,"July",15,"613-20",613,20,3,1,3,1.068321591,6.64,278.0149774,29.5711671,9.243562071,116.2637264,7.447665224
2021,"July",15,"613-40",613,40,3,1,3,1.152191755,6.98,219.6615954,311.101191,0.399775421,203.2389309,13.01913592
2021,"July",15,"613-80",613,80,3,1,3,0.888113761,6.99,197.8807373,283.5908964,3.019363693,225.6501721,14.45475857
2021,"July",15,"613-120",613,120,3,1,3,1.598662215,6.91,312.2152712,464.269862,0.251372427,205.9330071,13.19171346
2021,"July",15,"620-10",620,10,0,1,3,0.338116763,6.29,8.061837996,19.41998851,28.96973799,175.2291678,11.22488232
2021,"July",15,"620-20",620,20,0,1,3,0.396605918,6.21,8.632663797,19.05959164,20.2989582,137.7078702,8.821337408
2021,"July",15,"620-40",620,40,0,1,3,0.550289388,6.75,5.425595179,21.22197287,25.98046163,189.1407588,12.1160331
2021,"July",15,"620-80",620,80,0,1,3,0.370837296,6.92,3.198114055,127.5390504,12.06019339,189.0548575,12.11053042
2021,"July",15,"620-120",620,120,0,1,3,1.024394271,6.91,17.78568445,134.9872524,10.57379913,171.6389958,10.99490254
2021,"July",16,"623-10",623,10,3,1,3,0.916737163,6.51,54.68625928,12.37441534,17.62135059,141.3486432,9.054558586
2021,"July",16,"623-20",623,20,3,1,3,1.332345567,6.78,65.74561687,16.28883214,9.527885215,123.1099041,7.886218703
2021,"July",16,"623-40",623,40,3,1,3,1.238364341,6.9,45.08446659,74.41199078,5.973259513,153.4421777,9.829248036
2021,"July",16,"623-80",623,80,3,1,3,2.03314282,6.79,137.9420973,268.5907881,0.191313163,155.1135712,9.936314413
2021,"July",16,"623-120",623,120,3,1,3,2.13474915,7,148.5850078,331.6366224,0.085948222,158.2891989,10.13973924
2021,"July",16,"630-10",630,10,0,1,3,0.282110933,6.18,30.02044563,5.020056489,18.8974423,138.2255007,8.854495858
2021,"July",16,"630-20",630,20,0,1,3,0.354205315,6.48,9.65580747,7.214502282,14.12997817,107.9757489,6.916752722
2021,"July",16,"630-40",630,40,0,1,3,0.444723656,6.62,10.31313517,10.1206602,12.77540861,132.3961044,8.481075513
2021,"July",16,"630-80",630,80,0,1,3,0.798431712,6.6,24.21718108,26.7865863,11.58961323,130.9759267,8.390101556
2021,"July",16,"630-120",630,120,0,1,3,0.506486021,6.98,15.4277707,37.64019654,11.58015284,138.5118505,8.872838896
2021,"July",16,"633-10",633,10,3,1,3,1.238364341,6.49,100.8447199,9.67234601,22.35747037,178.3472976,11.42462394
2021,"July",16,"633-20",633,20,3,1,3,2.259725251,6.73,208.8657273,8.968907755,3.545795384,163.1563893,10.45152246
2021,"July",16,"633-40",633,40,3,1,3,1.645858081,7,92.77437783,42.90980315,2.008496569,164.3356671,10.52706482
2021,"July",16,"633-80",633,80,3,1,3,1.480828051,6.97,157.8610313,163.0805036,1.091197754,164.0020564,10.50569433
2021,"July",16,"633-120",633,120,3,1,3,0.994358768,6.85,163.9028729,169.8804067,0.426572052,130.1143554,8.334910897
2021,"September",13,"310-10",310,10,0,0,3,2.290041309,7,94.07370556,3.647533418,6.216746725,155.6728519,9.972140898
2021,"September",13,"310-20",310,20,0,0,3,2.181678164,6.86,67.13792426,20.66817035,10.51238615,155.4951707,9.960758967
2021,"September",13,"310-40",310,40,0,0,3,1.996154691,6.84,76.23526223,57.84216672,12.64926388,158.4640254,10.15093831
2021,"September",13,"310-80",310,80,0,0,3,2.045128069,6.95,59.88303663,155.721174,7.433580786,156.4535769,10.0221527
2021,"September",13,"310-120",310,120,0,0,3,2.482738825,7.01,111.077109,255.6028208,7.719310667,158.1399746,10.13018021
2021,"September",13,"311-10",311,10,1,0,3,3.629470881,6.98,96.59031653,12.78277719,2.577149095,144.8005726,9.275682802
2021,"September",13,"311-20",311,20,1,0,3,2.403786811,6.8,60.49782516,24.98636185,9.24853088,154.5718364,9.901611881
2021,"September",13,"311-40",311,40,1,0,3,2.780057911,6.93,43.91002639,107.9707376,5.74904242,145.1351791,9.297117075
2021,"September",13,"311-80",311,80,1,0,3,0.296567815,7.06,7.446241901,247.8425926,2.80889582,160.3367701,10.27090287
2021,"September",13,"311-120",311,120,1,0,3,2.825344349,7.02,68.70841208,260.1087598,5.324812851,163.2331819,10.45644165
2021,"September",13,"312-10",312,10,2,0,3,3.138234711,6.98,110.4642357,32.87175502,2.893980037,161.4356361,10.34129419
2021,"September",13,"312-20",312,20,2,0,3,3.45772687,6.89,171.2612666,65.60239492,9.428583905,162.1353879,10.386119
2021,"September",13,"312-40",312,40,2,0,3,2.735497353,7.26,55.18689501,235.4512605,1.580601996,154.0302228,9.86691712
2021,"September",13,"312-80",312,80,2,0,3,3.60026563,7.12,98.44042779,371.5681664,0.977878977,157.8991255,10.11475187
2021,"September",13,"312-120",312,120,2,0,3,3.294109665,7.04,190.5169794,437.780436,1.828767935,162.7994415,10.42865704
2021,"September",13,"313-10",313,10,3,0,3,2.735497353,7.04,331.267162,56.77826447,3.333122271,156.2797377,10.01101688
2021,"September",13,"313-20",313,20,3,0,3,-99,7.05,446.9967923,140.7013775,0.908892701,154.6326657,9.905508496
2021,"September",13,"313-40",313,40,3,0,3,2.045128069,7.03,267.5474916,321.1266831,0.12007174,155.8805867,9.985448008
2021,"September",13,"313-80",313,80,3,0,3,1.98009224,6.99,394.1594534,657.6327074,0.041235184,141.3927052,9.05738112
2021,"September",13,"313-120",313,120,3,0,3,1.98009224,6.96,389.8731708,217.2397572,0.836943231,153.3410606,9.822770664
2021,"September",13,"320-10",320,10,0,0,3,0.447786903,6.99,5.517726503,31.83677541,17.24407985,143.9632948,9.222048332
2021,"September",13,"320-20",320,20,0,0,3,1.996154691,6.74,50.73590271,53.26450474,13.69960075,148.843543,9.534668005
2021,"September",13,"320-40",320,40,0,0,3,0.462494395,7.02,13.52569545,83.84829646,7.97724267,150.3659492,9.63219053
2021,"September",13,"320-80",320,80,0,0,3,0.362947088,7.13,11.97160997,171.5938943,5.128555833,157.0589619,10.06093254
2021,"September",13,"320-120",320,120,0,0,3,2.365257369,6.82,68.24875711,54.66334761,10.1535995,152.2674499,9.753997148
2021,"September",13,"321-10",321,10,1,0,3,2.98973565,6.87,90.98635634,42.07376183,4.621107299,159.3798759,10.209606
2021,"September",13,"321-20",321,20,1,0,3,3.038437686,6.8,68.11469107,52.62866708,10.5250655,162.3789027,10.4017181
2021,"September",13,"321-40",321,40,1,0,3,2.34622486,6.92,34.2079159,99.48990303,8.67327199,159.7252073,10.23172729
2021,"September",13,"321-80",321,80,1,0,3,2.164122862,7,57.7379801,196.7730659,5.347994386,176.5063244,11.3066946
2021,"September",13,"321-120",321,120,1,0,3,2.235203149,7.03,60.85597299,235.5591635,6.382448534,175.1593343,11.22040891
2021,"September",13,"322-10",322,10,2,0,3,2.482738825,7.05,90.4960577,46.46104172,3.475159077,174.2100367,11.15959866
2021,"September",13,"322-20",322,20,2,0,3,2.564284005,6.93,131.4551461,89.38008415,9.268948846,169.976756,10.88842253
2021,"September",13,"322-40",322,40,2,0,3,3.16369198,6.94,130.9227124,216.6747848,2.184497817,154.9236107,9.924145894
2021,"September",13,"322-80",322,80,2,0,3,2.627195788,7.09,99.74278354,292.0215482,1.319784779,166.5980339,10.67198784
2021,"September",13,"322-120",322,120,2,0,3,3.542558255,7.03,128.5631502,354.0793043,0.9348534,171.324677,10.97476786
2021,"September",14,"323-10",323,10,3,0,3,1.93408505,7.14,128.6087997,107.0563713,1.694544604,158.8079887,10.17297196
2021,"September",14,"323-20",323,20,3,0,3,2.072714347,6.96,278.0783707,189.8424353,0.324713038,154.644708,9.906279904
2021,"September",14,"323-40",323,40,3,0,3,1.59882114,7.03,164.611158,186.0274093,1.018755459,152.2091989,9.750265693
2021,"September",14,"323-80",323,80,3,0,3,2.019600625,7.08,59.6773998,439.980973,1.011363069,160.2091509,10.26272782
2021,"September",14,"323-120",323,120,3,0,3,2.072714347,7.09,54.12178902,330.2989756,1.927669994,167.3251396,10.71856489
2021,"September",14,"330-10",330,10,0,0,3,0.746615735,6.88,17.47719285,15.11767961,15.64935745,149.2857574,9.562995441
2021,"September",14,"330-20",330,20,0,0,3,1.344745711,6.58,35.43184144,15.53997439,12.51210231,146.1840451,9.364305491
2021,"September",14,"330-40",330,40,0,0,3,1.037290967,6.81,33.53641968,25.55439354,9.343883344,131.555763,8.427244803
2021,"September",14,"330-80",330,80,0,0,3,1.233276086,6.85,49.76640839,103.6186007,7.632333125,144.4887278,9.255706598
2021,"September",14,"330-120",330,120,0,0,3,1.310286331,6.78,77.83997352,158.2756112,7.193487211,148.8360705,9.534189331
2021,"September",14,"331-10",331,10,1,0,3,1.11164081,6.75,43.52884865,20.12488918,12.49017467,172.6292468,11.05833619
2021,"September",14,"331-20",331,20,1,0,3,1.321673542,6.73,24.8252621,13.12686134,13.30922645,156.7609252,10.04184086
2021,"September",14,"331-40",331,40,1,0,3,1.404203646,6.9,23.48181496,38.70585966,5.837367436,135.2859408,8.666193086
2021,"September",14,"331-80",331,80,1,0,3,1.698657348,6.9,42.39681339,166.9628182,4.038755459,143.0987024,9.166664143
2021,"September",14,"331-120",331,120,1,0,3,1.585046094,6.96,77.03072744,255.4034114,4.060499064,158.3220113,10.14184115
2021,"September",14,"332-10",332,10,2,0,3,1.900901426,6.91,97.04365597,24.34783702,3.015614473,164.5928124,10.54353707
2021,"September",14,"332-20",332,20,2,0,3,1.669513021,6.84,40.26458634,25.13209876,8.345087336,160.2833371,10.26748005
2021,"September",14,"332-40",332,40,2,0,3,2.037152223,6.95,45.33374021,97.947785,5.237180287,160.0271171,10.25106707
2021,"September",14,"332-80",332,80,2,0,3,2.319494078,6.98,131.8366914,301.373215,0.593091079,161.7707165,10.36275882
2021,"September",14,"332-120",332,120,2,0,3,2.202142171,6.96,253.1645024,359.2879282,1.278587024,153.6094274,9.839961739
2021,"September",14,"333-10",333,10,3,0,3,2.240584489,6.93,200.3225514,34.36225617,2.375966937,181.7049337,11.6397079
2021,"September",14,"333-20",333,20,3,0,3,2.955404077,6.96,283.8385662,105.3077798,5.657114785,165.9062398,10.62767279
2021,"September",14,"333-40",333,40,3,0,3,2.401182729,7.02,101.7172794,306.4407524,1.356363069,160.0338223,10.25149659
2021,"September",14,"333-80",333,80,3,0,3,2.037152223,6.8,279.6195754,265.6591419,1.331600125,157.8256079,10.11004246
2021,"September",14,"333-120",333,120,3,0,3,2.18316906,6.86,359.5621777,405.499043,0.315290081,151.7027955,9.717826429
2021,"September",14,"440-10",440,10,0,0,4,0.864933854,6.71,31.32650876,16.51970287,2.189582034,123.4085811,7.905351399
2021,"September",14,"440-20",440,20,0,0,4,1.531122553,6.72,178.8775301,31.37843084,6.053231441,117.2692496,7.512077184
2021,"September",14,"440-40",440,40,0,0,4,2.037152223,6.77,423.4016921,110.7815938,2.615720524,118.1604852,7.569168084
2021,"September",14,"440-80",440,80,0,0,4,2.127224914,7.13,71.51148726,199.8752314,0.096141609,135.5268237,8.681623601
2021,"September",14,"440-120",440,120,0,0,4,1.321673542,6.77,435.6858659,259.4863338,1.378512165,137.3872779,8.800800853
2021,"September",14,"441-10",441,10,1,0,4,1.344745711,6.95,62.8189113,45.94350806,4.476540861,133.2686347,8.536968192
2021,"September",14,"441-20",441,20,1,0,4,1.698657348,6.92,154.538772,82.88477246,2.528983157,115.8963018,7.424128687
2021,"September",14,"441-40",441,40,1,0,4,1.6127159,6.87,303.4468717,139.9704783,2.626278852,115.3491707,7.389080477
2021,"September",14,"441-80",441,80,1,0,4,1.655128911,6.91,379.3523362,250.9117318,1.587507798,120.7714922,7.736424366
2021,"September",14,"441-120",441,120,1,0,4,1.298997229,6.96,210.13807,356.9196527,1.378914535,119.2753653,7.640585242
2021,"September",15,"442-10",442,10,2,0,4,2.00282836,6.62,57.24107402,7.827640659,2.309351216,136.3039436,8.731404464
2021,"September",15,"442-20",442,20,2,0,4,2.168533681,6.81,114.0643682,23.80224148,1.164878353,121.2308068,7.765847205
2021,"September",15,"442-40",442,40,2,0,4,1.754309976,7.1,73.75833829,143.3180969,1.002844666,116.0200564,7.432056177
2021,"September",15,"442-80",442,80,2,0,4,2.656991617,6.75,212.951002,252.4387158,0.23191204,123.192567,7.891513936
2021,"September",15,"442-120",442,120,2,0,4,2.286552259,6.76,77.4175921,44.94509551,4.528340611,131.275763,8.409308521
2021,"September",15,"443-10",443,10,3,0,4,1.708436546,6.7,263.661679,13.58319537,4.305676856,138.585024,8.877526254
2021,"September",15,"443-20",443,20,3,0,4,1.8173963,6.88,82.11098287,40.65779455,1.961331878,119.9268519,7.682318268
2021,"September",15,"443-40",443,40,3,0,4,2.226761233,6.79,137.1263453,105.026039,2.029510293,121.715622,7.796903572
2021,"September",15,"443-80",443,80,3,0,4,1.985216635,6.8,102.2513423,278.3387119,0.898265752,130.4317687,8.355243803
2021,"September",15,"443-120",443,120,3,0,4,-99,-99,-99,-99,-99,-99,-99
2021,"September",15,"450-10",450,10,0,0,4,0.652369655,6.39,47.6156455,12.64351297,3.666113537,117.7608237,7.543566508
2021,"September",15,"450-20",450,20,0,0,4,0.792285918,6.47,37.13991993,4.303831654,5.507735496,111.7197236,7.156584809
2021,"September",15,"450-40",450,40,0,0,4,1.032658528,6.79,58.9152188,50.70065022,9.4002932,108.5927927,6.956279402
2021,"September",15,"450-80",450,80,0,0,4,0.504957445,7.12,105.6213271,260.1910956,0.098293824,112.7371848,7.221761492
2021,"September",15,"450-120",450,120,0,0,4,1.005655553,6.91,172.460563,265.5355392,1.548041173,113.0854866,7.244073064
2021,"September",15,"451-10",451,10,1,0,4,1.178946602,6.75,123.4692291,27.01410285,1.310208983,133.1471396,8.529185443
2021,"September",15,"451-20",451,20,1,0,4,1.299236545,6.8,112.0756433,72.02113813,6.982953837,133.6218477,8.559594362
2021,"September",15,"451-40",451,40,1,0,4,1.276487524,6.88,159.696565,234.0464651,0.666447286,111.4230494,7.13758041
2021,"September",15,"451-80",451,80,1,0,4,1.564013822,6.98,90.00079693,249.5783047,1.043459139,115.1484795,7.376224575
2021,"September",15,"451-120",451,120,1,0,4,1.31076264,7.06,107.6028202,323.8840375,0.424784779,125.6012779,8.045811497
2021,"September",15,"452-10",452,10,2,0,4,1.299236545,6.82,99.2248646,62.84323289,1.905776669,134.0720367,8.588432636
2021,"September",15,"452-20",452,20,2,0,4,1.419209449,6.82,111.6272763,104.5556355,6.412121023,126.108488,8.078302441
2021,"September",15,"452-40",452,40,2,0,4,0.904522421,6.96,68.66358668,251.3432865,0.265414847,106.6924062,6.834544161
2021,"September",15,"452-80",452,80,2,0,4,2.020596326,6.91,134.7037168,276.5236932,0.600386775,123.8900282,7.936192011
2021,"September",15,"452-120",452,120,2,0,4,1.833519217,6.71,104.4534032,317.4124376,1.248278228,133.196031,8.532317335
2021,"September",15,"453-10",453,10,3,0,4,1.005655553,6.75,70.20394451,55.31264398,10.17995633,135.4808491,8.678678553
2021,"September",15,"453-20",453,20,3,0,4,1.634630959,6.72,178.4321615,109.2034209,4.9422801,133.484347,8.550786321
2021,"September",15,"453-40",453,40,3,0,4,1.419209449,6.79,248.3394576,180.8616809,2.534872115,130.3273484,8.348554832
2021,"September",15,"453-80",453,80,3,0,4,1.708436546,7.26,81.72046961,321.8248921,0.038184654,125.5788829,8.04437692
2021,"September",15,"453-120",453,120,3,0,4,2.187771692,6.84,232.5345185,345.4756479,0.22187461,130.5909873,8.365443054
2021,"September",15,"460-10",460,10,0,0,4,0.75139271,6.61,93.86977083,25.66095016,3.859401123,116.6511848,7.472485092
2021,"September",15,"460-20",460,20,0,0,4,1.168579621,6.74,78.63975395,72.55063266,7.121425452,116.4093427,7.456993138
2021,"September",15,"460-40",460,40,0,0,4,1.419209449,6.8,31.85006852,221.5150945,3.562935122,111.7347165,7.15754523
2021,"September",15,"460-80",460,80,0,0,4,1.693413535,6.83,97.15659071,336.0624117,1.430327511,113.5915402,7.276489921
2021,"September",15,"460-120",460,120,0,0,4,0.928809858,6.8,75.6566666,342.7693425,1.092966313,114.874725,7.358688363
2021,"September",15,"461-10",461,10,1,0,4,0.970746759,6.75,30.2218383,42.8401061,3.519151591,131.6780197,8.435076341
2021,"September",15,"461-20",461,20,1,0,4,1.210602635,6.59,38.29318644,71.49164359,8.339616344,133.2330381,8.534687938
2021,"September",15,"461-40",461,40,1,0,4,1.032658528,6.77,30.00787701,138.0314565,6.879135995,107.1441721,6.863483446
2021,"September",15,"461-80",461,80,1,0,4,0.792285918,6.87,39.04584459,188.7452662,2.830879601,118.275859,7.576558714
2021,"September",15,"461-120",461,120,1,0,4,0.78531901,7.03,22.00329693,180.214521,2.775926388,123.3735458,7.903107105
2021,"September",15,"462-10",462,10,2,0,4,1.032658528,6.56,22.57234291,23.66063748,5.664650655,134.5420254,8.618539244
2021,"September",15,"462-20",462,20,2,0,4,1.322390989,6.66,72.9953911,61.7254111,8.448247037,137.0390889,8.77849651
2021,"September",15,"462-40",462,40,2,0,4,1.232177483,6.85,117.6838475,169.203039,2.076244541,110.8169958,7.098757738
2021,"September",15,"462-80",462,80,2,0,4,2.207180371,6.74,135.2569439,272.2935289,0.077595134,124.6704062,7.986181581
2021,"September",15,"462-120",462,120,2,0,4,2.542207825,6.86,141.8884375,267.1419314,0.938487211,122.6913173,7.85940481
2021,"September",15,"463-10",463,10,3,0,4,0.962210569,6.74,188.2293436,111.6573538,9.78194947,128.7691453,8.248739223
2021,"September",15,"463-20",463,20,3,0,4,1.536628676,6.89,259.8595986,225.5193656,1.309394885,123.6165867,7.918675856
2021,"September",15,"463-40",463,40,3,0,4,1.496447392,7.01,152.070709,289.3874659,0.659001871,123.1491876,7.888735131
2021,"September",15,"463-80",463,80,3,0,4,1.678522626,6.97,140.6445805,323.8095034,0.233390518,127.473763,8.165759434
2021,"September",15,"463-120",463,120,3,0,4,1.591887015,7.09,66.24457402,328.4927738,4.605492826,138.0545698,8.843546342
2021,"September",13,"610-10",610,10,0,1,3,1.566502296,6.65,26.02279732,7.194438273,9.122938241,120.9872694,7.750246651
2021,"September",13,"610-20",610,20,0,1,3,1.037489398,6.62,16.18696618,7.134321248,16.93249844,149.6491283,9.586272311
2021,"September",13,"610-40",610,40,0,1,3,0.715451434,6.92,6.80608752,14.46859913,17.00698378,146.2222087,9.366750181
2021,"September",13,"610-80",610,80,0,1,3,0.191712457,7.38,6.081384448,34.54768771,14.72106363,154.967385,9.926949997
2021,"September",13,"610-120",610,120,0,1,3,0.926532932,7.19,25.88993509,85.70728169,13.473665,157.5898449,10.09493992
2021,"September",13,"613-10",613,10,3,1,3,2.271614041,6.89,210.940982,13.40860204,9.853718029,177.9884175,11.40163475
2021,"September",13,"613-20",613,20,3,1,3,2.848263461,6.94,271.7073691,31.49494034,14.73178727,172.4815289,11.04887365
2021,"September",13,"613-40",613,40,3,1,3,2.50287873,7.17,226.2666448,432.8364196,1.433898939,165.6814753,10.6132748
2021,"September",13,"613-80",613,80,3,1,3,2.50287873,7.2,216.7824305,528.7753699,0.566575172,173.8701016,11.13782305
2021,"September",13,"613-120",613,120,3,1,3,2.271614041,7.11,507.7516881,632.2242183,0.063091079,164.5532073,10.54100004
2021,"September",13,"620-10",620,10,0,1,3,1.269705397,6.76,44.13602342,13.65893198,14.58748284,151.9467504,9.733453726
2021,"September",13,"620-20",620,20,0,1,3,1.249353741,6.49,14.16584983,14.59766926,17.13211478,143.1938505,9.172759154
2021,"September",13,"620-40",620,40,0,1,3,0.59894532,6.94,6.421592279,21.54432515,18.62332813,152.5461749,9.771851753
2021,"September",13,"620-80",620,80,0,1,3,0.273549735,7.04,3.838831053,121.9349726,11.18655022,165.4247362,10.59682857
2021,"September",13,"620-120",620,120,0,1,3,1.124789845,7.21,23.63127718,94.02169911,11.40802246,171.4075402,10.98007592
2021,"September",14,"623-10",623,10,3,1,3,2.240584489,6.95,119.8821263,53.13733721,3.563546475,165.1558223,10.57960244
2021,"September",14,"623-20",623,20,3,1,3,2.260056575,6.9,121.298307,48.87722485,6.872679351,155.4160254,9.955689067
2021,"September",14,"623-40",623,40,3,1,3,2.145711834,6.94,70.41127629,83.97546399,5.476746725,146.2697405,9.369794976
2021,"September",14,"623-80",623,80,3,1,3,1.344745711,7.32,125.9264672,201.1603458,3.00040549,156.7246516,10.03951724
2021,"September",14,"623-120",623,120,3,1,3,2.299509893,7.07,205.5462804,444.6861717,0.764616344,158.0667024,10.12548653
2021,"September",14,"630-10",630,10,0,1,3,0.850093948,6.79,29.31721244,2.086869146,7.724232689,141.16389,9.042723639
2021,"September",14,"630-20",630,20,0,1,3,0.84276975,6.66,11.56003516,6.792439591,14.1055209,131.806976,8.443337041
2021,"September",14,"630-40",630,40,0,1,3,0.63893017,6.73,13.35115423,6.370144808,13.88235808,128.9814415,8.262338525
2021,"September",14,"630-80",630,80,0,1,3,0.895395359,6.76,15.63663738,13.97145091,12.77122895,132.476677,8.486236847
2021,"September",14,"630-120",630,120,0,1,3,0.484392994,6.87,15.37424414,39.7314327,11.05199626,133.158237,8.529896317
2021,"September",14,"633-10",633,10,3,1,3,1.368220645,6.79,206.5055552,19.40095527,10.23676232,166.1920282,10.64597987
2021,"September",14,"633-20",633,20,3,1,3,2.485748315,6.77,497.8273274,30.7425866,1.50566126,159.6661157,10.22794199
2021,"September",14,"633-40",633,40,3,1,3,1.557851027,7.06,160.794517,132.9228603,0.766372427,161.1073597,10.32026541
2021,"September",14,"633-80",633,80,3,1,3,1.655128911,7.07,333.8276975,264.5371267,1.26474423,157.8599803,10.11224429
2021,"September",14,"633-120",633,120,3,1,3,1.150790915,6.96,257.9426914,281.7450606,0.902432938,134.9430212,8.644226291
2022,"May",17,"310-10",310,10,0,0,3,0.986578322,6.62,52.64949569,79.82543084,7.329934498,77.50093089,4.964592256
2022,"May",17,"310-20",310,20,0,0,3,1.232349332,6.79,63.15628868,93.83873866,11.29445727,120.7211312,7.733198329
2022,"May",17,"310-40",310,40,0,0,3,0.709404154,6.91,10.86619607,113.2270139,8.145218341,155.6965614,9.973659682
2022,"May",17,"310-80",310,80,0,0,3,1.115396738,6.92,14.51479275,155.4958911,6.1380131,163.7424626,10.48906523
2022,"May",17,"310-120",310,120,0,0,3,2.060242669,6.9,74.11073395,229.8446098,6.955131004,156.2004429,10.0059374
2022,"May",17,"311-10",311,10,1,0,3,0.498496999,6.64,31.49446448,150.3718778,10.50586089,84.06263188,5.384922682
2022,"May",17,"311-20",311,20,1,0,3,1.447728748,6.8,57.15419404,108.619899,10.5755708,142.3365501,9.117842075
2022,"May",17,"311-40",311,40,1,0,3,1.636759988,6.87,59.96578706,204.697441,5.86022146,164.6420564,10.54669155
2022,"May",17,"311-80",311,80,1,0,3,1.330592159,7,33.06550296,311.7168809,2.074248284,172.0480733,11.02110729
2022,"May",17,"311-120",311,120,1,0,3,1.403985905,6.9,78.1877718,295.4959972,4.802473487,150.7181016,9.654748757
2022,"May",17,"312-10",312,10,2,0,3,0.411514112,6.58,81.59268823,185.2131842,11.06065814,83.01784767,5.317995739
2022,"May",17,"312-20",312,20,2,0,3,1.50432877,6.77,319.5758167,201.5300495,7.237645041,133.1681636,8.5305322
2022,"May",17,"312-40",312,40,2,0,3,1.767242412,6.99,104.1631782,328.2257093,1.642442296,155.9474612,9.989731863
2022,"May",17,"312-80",312,80,2,0,3,1.908126889,6.81,0.38820136,367.6741307,0.20327199,167.6511227,10.73944677
2022,"May",17,"312-120",312,120,2,0,3,2.736336751,6.88,0.300640555,383.1271619,1.575717405,168.6022031,10.80037122
2022,"May",17,"313-10",313,10,3,0,3,0.693266779,6.75,247.3661954,239.8266921,9.080583281,93.41115656,5.983771879
2022,"May",17,"313-20",313,20,3,0,3,1.106874182,6.9,370.5538129,269.772939,2.899728634,118.11767,7.56642542
2022,"May",17,"313-40",313,40,3,0,3,1.185982473,6.93,343.7574574,161.037116,3.87353088,147.0903949,9.422364582
2022,"May",17,"313-80",313,80,3,0,3,1.382612639,6.95,374.07868,895.0928054,0.109897068,160.388646,10.27422594
2022,"May",17,"313-120",313,120,3,0,3,0.808207063,6.87,317.8377006,428.9103663,2.033471616,126.6174133,8.110903251
2022,"May",17,"320-10",320,10,0,0,3,0.581145394,6.61,24.16773946,10.67645515,10.57026825,85.33090268,5.466165764
2022,"May",17,"320-20",320,20,0,0,3,1.22293316,6.85,46.87888487,55.90112241,8.699014348,126.5604908,8.107256906
2022,"May",17,"320-40",320,40,0,0,3,0.748533972,7.06,34.69916695,102.1857428,5.441378665,143.9740367,9.222736437
2022,"May",17,"320-80",320,80,0,0,3,1.185982473,7.1,38.26100719,115.5411524,5.295536494,138.830567,8.893255285
2022,"May",17,"320-120",320,120,0,0,3,0.827019937,6.81,34.9423148,79.85606334,10.69509046,112.7824626,7.224661908
2022,"May",17,"321-10",321,10,1,0,3,0.55076586,6.65,38.81418004,21.91195842,11.55693699,97.6526347,6.255473121
2022,"May",17,"321-20",321,20,1,0,3,1.49283445,6.82,102.0876569,53.78121613,8.43110418,140.4018477,8.993908619
2022,"May",17,"321-40",321,40,1,0,3,1.403985905,6.86,60.08480248,74.06165285,13.76447598,182.4197828,11.68549981
2022,"May",17,"321-80",321,80,1,0,3,1.822302941,7,72.3601084,203.3052723,0.968340611,162.8391199,10.43119877
2022,"May",17,"321-120",321,120,1,0,3,1.35116126,6.94,58.88693221,189.0312366,5.344248284,166.6799097,10.67723266
2022,"May",17,"322-10",322,10,2,0,3,0.405249519,6.63,58.97765516,20.92266882,12.99060512,87.87429901,5.629091027
2022,"May",17,"322-20",322,20,2,0,3,1.636759988,6.8,246.7605964,108.333471,6.399868996,138.899275,8.897656595
2022,"May",17,"322-40",322,40,2,0,3,1.997992838,6.98,123.0371757,140.7680371,1.956110418,164.5915571,10.54345665
2022,"May",17,"322-80",322,80,2,0,3,1.141360157,7.04,46.73426594,125.2927212,4.752099189,99.77812694,6.391628222
2022,"May",17,"322-120",322,120,2,0,3,1.185982473,6.87,113.9064253,151.7208862,4.550502183,105.6524344,6.767925492
2022,"May",20,"323-10",323,10,3,0,3,0.197210955,6.77,42.46794915,19.08541672,20.06110106,98.17036671,6.288638077
2022,"May",20,"323-20",323,20,3,0,3,1.034255896,7.12,175.3147548,112.9996072,9.706587648,169.5822087,10.86314857
2022,"May",20,"323-40",323,40,3,0,3,0.168290853,6.85,103.3965927,101.5497709,7.553777293,159.4243413,10.21245437
2022,"May",20,"323-80",323,80,3,0,3,1.050787887,7.11,74.10044578,139.072112,6.630524017,208.2699605,13.34141437
2022,"May",20,"323-120",323,120,3,0,3,0.963022136,6.99,101.6768316,97.72530658,5.686834061,167.2214781,10.71192453
2022,"May",20,"330-10",330,10,0,0,3,0.085775012,6.79,11.10107046,51.70005455,8.056749844,61.01582511,3.908586877
2022,"May",20,"330-20",330,20,0,0,3,0.446286995,6.78,34.26963639,47.87909025,12.90766064,112.74189,7.2220629
2022,"May",20,"330-40",330,40,0,0,3,0.374849258,6.93,27.66189819,72.71535832,10.10077043,149.491653,9.576184734
2022,"May",20,"330-80",330,80,0,0,3,0.729647089,6.84,58.59757744,66.72339154,9.102735496,146.5114302,9.385277171
2022,"May",20,"330-120",330,120,0,0,3,0.57518436,6.78,93.22580194,110.1434406,7.244366812,153.6063977,9.839767668
2022,"May",20,"331-10",331,10,1,0,3,0.254169757,6.58,21.31891076,60.21038419,9.367913288,72.38711142,4.637010442
2022,"May",20,"331-20",331,20,1,0,3,0.608011442,6.69,47.95294637,60.47090447,10.65995321,104.26378,6.678970857
2022,"May",20,"331-40",331,40,1,0,3,0.783618336,6.8,33.09710299,50.7448135,8.475945103,132.16011,8.465958151
2022,"May",20,"331-80",331,80,1,0,3,1.042489121,6.92,42.36074175,134.371828,3.750492826,139.9247673,8.963347731
2022,"May",20,"331-120",331,120,1,0,3,1.397918975,6.88,143.0656694,179.3549988,2.047451653,120.365134,7.710393808
2022,"May",20,"332-10",332,10,2,0,3,0.264448741,6.85,15.5666715,48.27652636,19.66177168,160.5249535,10.28295755
2022,"May",20,"332-20",332,20,2,0,3,0.175096773,7.14,25.99088871,30.4242305,18.42892389,245.7846403,15.74453536
2022,"May",20,"332-40",332,40,2,0,3,0.349031738,7.03,16.58649058,78.35996469,13.33053026,290.4148491,18.60346396
2022,"May",20,"332-80",332,80,2,0,3,0.366037919,7.02,65.56056372,167.3710653,2.738724267,123.9881805,7.942479467
2022,"May",20,"332-120",332,120,2,0,3,0.759155049,6.99,174.2099457,339.9826698,4.342875858,132.9853992,8.518824647
2022,"May",20,"333-10",333,10,3,0,3,0.305017653,6.82,142.2746495,22.97382445,9.889101684,81.626567,5.228872873
2022,"May",20,"333-20",333,20,3,0,3,0.918279973,7.1,258.6619039,83.99490381,2.79647224,136.9118054,8.770342965
2022,"May",20,"333-40",333,40,3,0,3,0.390008692,7.26,108.3723255,65.97546902,5.890860886,139.0697546,8.9085772
2022,"May",20,"333-80",333,80,3,0,3,0.741310081,6.89,319.8380481,207.8537661,2.452099189,136.6075825,8.750855012
2022,"May",20,"333-120",333,120,3,0,3,0.608011442,6.9,251.7650893,287.5551123,4.369344978,130.2396305,8.342935784
2022,"May",20,"440-10",440,10,0,0,4,0.042018779,6.55,23.95136545,35.67905667,7.74308796,50.90324965,3.260794001
2022,"May",20,"440-20",440,20,0,0,4,0.173713919,6.78,78.83206841,66.37150055,12.63904554,88.30055571,5.656396243
2022,"May",20,"440-40",440,40,0,0,4,0.270814605,6.97,137.9591132,129.5385302,5.8528665,109.6051425,7.021128656
2022,"May",20,"440-80",440,80,0,0,4,0.1005151,7.23,72.19152271,54.58956241,7.748814722,117.0931509,7.500796625
2022,"May",20,"440-120",440,120,0,0,4,0.402576473,6.83,287.4449284,300.4261371,2.244675608,114.08622,7.308178196
2022,"May",20,"441-10",441,10,1,0,4,0.151808005,6.68,56.57302938,80.98978206,9.958019339,73.82938505,4.729399822
2022,"May",20,"441-20",441,20,1,0,4,0.198780858,7,53.3807741,133.0038061,9.891699938,92.77574894,5.943068842
2022,"May",20,"441-40",441,40,1,0,4,0.293161776,7.11,101.7276879,66.86653997,15.019267,198.064347,12.68766165
2022,"May",20,"441-80",441,80,1,0,4,0.354610811,7.28,6.173879199,85.8760536,4.16216781,110.6442341,7.087690947
2022,"May",20,"441-120",441,120,1,0,4,0.290846484,6.9,227.433218,164.3752034,4.505464754,109.8659013,7.037832383
2022,"May",19,"442-10",442,10,2,0,4,0.628437581,6.27,22.71505745,44.39175041,9.217099189,54.49067137,3.4905976
2022,"May",19,"442-20",442,20,2,0,4,0.887487439,6.84,152.8296098,83.89589593,8.072891454,88.58550917,5.674649834
2022,"May",19,"442-40",442,40,2,0,4,1.518238836,7.2,135.7264635,120.1327813,4.500795384,110.4405896,7.074645852
2022,"May",19,"442-80",442,80,2,0,4,0.973050917,6.85,213.7058772,141.2214605,4.780112289,117.0929224,7.500781989
2022,"May",19,"442-120",442,120,2,0,4,0.778992544,6.95,131.5521557,68.15364245,7.603998752,108.9157123,6.976965034
2022,"May",19,"443-10",443,10,3,0,4,0.586519067,6.63,100.510995,11.52113309,11.76456644,66.78976869,4.278455021
2022,"May",19,"443-20",443,20,3,0,4,0.784990523,6.85,102.4814132,76.2722889,7.336815346,89.91807616,5.760011611
2022,"May",19,"443-40",443,40,3,0,4,1.911056267,6.96,186.4405916,237.1600996,0.680542732,116.4761213,7.46127085
2022,"May",19,"443-80",443,80,3,0,4,2.442694064,6.87,212.8402681,329.7342483,1.113490331,113.7460649,7.286388486
2022,"May",19,"443-120",443,120,3,0,4,2.405508256,6.8,130.2630948,372.7716713,1.224915783,128.4260762,8.226762851
2022,"May",19,"450-10",450,10,0,0,4,0.194357776,6.31,16.96465673,16.20558287,3.317211478,37.66097038,2.41251809
2022,"May",19,"450-20",450,20,0,0,4,0.348150064,6.58,34.50841769,37.82824945,8.962701185,54.82667701,3.5121215
2022,"May",19,"450-40",450,40,0,0,4,1.353235578,6.77,116.0178383,179.5190887,6.293574548,88.34155148,5.659022356
2022,"May",19,"450-80",450,80,0,0,4,1.374154716,6.76,247.1790209,421.5266262,1.178746101,103.4425839,6.626366557
2022,"May",19,"450-120",450,120,0,0,4,1.769955503,6.8,548.0691611,458.2227863,1.160929507,104.4234781,6.689200826
2022,"May",19,"451-10",451,10,1,0,4,0.173234837,6.6,9.337214358,19.84401234,10.12309108,57.79517348,3.702277892
2022,"May",19,"451-20",451,20,1,0,4,0.499262297,6.87,36.79327207,56.74808271,12.5812539,90.89066573,5.822313899
2022,"May",19,"451-40",451,40,1,0,4,1.374154716,6.9,207.550863,288.4640626,3.263496569,112.5965049,7.212749803
2022,"May",19,"451-80",451,80,1,0,4,1.215452052,6.94,127.9009078,315.596351,6.971082346,112.5599774,7.210409918
2022,"May",19,"451-120",451,120,1,0,4,0.732629497,6.83,240.7479797,234.8232166,4.691940112,97.59238646,6.251613731
2022,"May",19,"452-10",452,10,2,0,4,0.153227752,6.65,12.68739186,37.51638407,10.31883032,50.98197461,3.265836977
2022,"May",19,"452-20",452,20,2,0,4,0.568797508,6.96,38.65537554,89.90976849,10.82804741,102.1060226,6.54074891
2022,"May",19,"452-40",452,40,2,0,4,0.821960768,7.18,53.18564961,232.4322487,2.747932002,111.3242285,7.131250127
2022,"May",19,"452-80",452,80,2,0,4,1.811155279,6.92,199.2976467,332.5410368,2.175598877,115.17578,7.37797339
2022,"May",19,"452-120",452,120,2,0,4,1.083355874,7.13,75.96131842,260.1882678,3.779295072,118.912426,7.617336019
2022,"May",19,"453-10",453,10,3,0,4,0.097454476,6.48,23.81037187,21.9231149,10.76334997,61.2673653,3.924700077
2022,"May",19,"453-20",453,20,3,0,4,0.518781324,6.98,75.85983966,85.95947363,13.4947723,101.2372271,6.485095478
2022,"May",19,"453-40",453,40,3,0,4,0.715963797,7.02,96.25239432,214.6559219,5.481163444,119.7903611,7.673574918
2022,"May",19,"453-80",453,80,3,0,4,1.058711924,6.89,200.2711647,426.3085621,1.055511541,116.19989,7.443575983
2022,"May",19,"453-120",453,120,3,0,4,1.384735242,6.98,224.5948523,295.9384524,2.85010917,103.8319859,6.651310927
2022,"May",19,"460-10",460,10,0,0,4,0.085540715,6.59,7.136818232,16.36441155,6.770009357,45.12996051,2.89096778
2022,"May",19,"460-20",460,20,0,0,4,0.356254055,6.61,10.48044591,85.23178773,11.19682782,67.15407616,4.301791884
2022,"May",19,"460-40",460,40,0,0,4,0.12456539,7.14,5.902463687,61.21815321,7.02084529,71.09857264,4.554469031
2022,"May",19,"460-80",460,80,0,0,4,1.058711924,7,70.16510408,225.3633,3.940112289,107.8046827,6.905794532
2022,"May",19,"460-120",460,120,0,0,4,0.715963797,6.9,79.88730724,248.2334281,3.48172801,108.4775628,6.948897987
2022,"May",19,"461-10",461,10,1,0,4,0.073375424,6.26,2.648350266,16.68714822,6.989965689,49.45434979,3.167980157
2022,"May",19,"461-20",461,20,1,0,4,0.506980197,6.89,12.36874867,73.61566998,12.11551466,74.63417489,4.780953171
2022,"May",19,"461-40",461,40,1,0,4,0.096709842,6.87,7.190021188,155.1248857,7.702520274,106.2578618,6.806708048
2022,"May",19,"461-80",461,80,1,0,4,1.651894605,7.02,42.9620151,271.1750023,2.425212102,108.831086,6.971544034
2022,"May",19,"461-120",461,120,1,0,4,0.761272187,7.05,59.68660356,302.9745618,1.931927636,113.1960592,7.251156142
2022,"May",19,"462-10",462,10,2,0,4,0.28961415,6.33,15.6479123,31.03350121,8.454064255,53.44621721,3.423691799
2022,"May",19,"462-20",462,20,2,0,4,1.003367469,6.67,70.58341169,109.4358634,10.22900499,84.70904937,5.426330991
2022,"May",19,"462-40",462,40,2,0,4,1.677430595,6.92,121.4752445,285.7954894,2.308293824,106.9159182,6.848861925
2022,"May",19,"462-80",462,80,2,0,4,2.847680943,6.85,374.5916856,368.94951,0.241281971,109.3368181,7.003940291
2022,"May",19,"462-120",462,120,2,0,4,2.678196438,6.78,195.4702139,140.7415451,0.378284467,117.5829676,7.532173373
2022,"May",19,"463-10",463,10,3,0,4,0.120801671,6.35,157.2981827,25.91633072,6.371107299,55.46157969,3.552792191
2022,"May",19,"463-20",463,20,3,0,4,1.495126266,6.78,344.8881038,240.4719793,5.721952589,108.6482934,6.959834674
2022,"May",19,"463-40",463,40,3,0,4,1.896454212,7,184.1466805,407.3282887,0.552679351,108.9016897,6.976066774
2022,"May",19,"463-80",463,80,3,0,4,2.538192988,6.79,400.9952201,387.7733871,0,121.2627165,7.767891283
2022,"May",19,"463-120",463,120,3,0,4,2.557736214,6.98,0.689608171,358.2582788,2.872043044,117.2848293,7.51307519
2022,"May",17,"610-10",610,10,0,1,3,0.3900021,6.47,9.630692436,34.71409742,11.11450094,76.99919323,4.93245187
2022,"May",17,"610-20",610,20,0,1,3,0.652005845,6.51,21.7644137,40.28102792,15.73595758,133.6055543,8.558550638
2022,"May",17,"610-40",610,40,0,1,3,0.771855434,6.59,7.115100395,51.70283362,16.63640674,161.6662482,10.35606678
2022,"May",17,"610-80",610,80,0,1,3,0.682712987,6.73,9.416961338,89.80751313,13.50644729,155.0938731,9.935052585
2022,"May",17,"610-120",610,120,0,1,3,0.979040046,6.87,27.76933828,126.5684508,30.54907985,296.0330268,18.96335404
2022,"May",17,"613-10",613,10,3,1,3,0.498496999,6.73,80.49442614,149.9879515,12.24113537,96.98967278,6.213005007
2022,"May",17,"613-20",613,20,3,1,3,0.94220389,6.92,230.5676023,197.6907871,11.59351528,151.2667109,9.689891654
2022,"May",17,"613-40",613,40,3,1,3,1.49283445,6.97,327.8333586,155.6780445,3.235530256,169.1668209,10.83653959
2022,"May",17,"613-80",613,80,3,1,3,0.546557552,7.12,305.1699244,350.7800856,1.756191516,168.047244,10.76482156
2022,"May",17,"613-120",613,120,3,1,3,1.599527319,7.02,375.5004349,385.8292028,1.912495321,165.154,10.57948571
2022,"May",17,"620-10",620,10,0,1,3,0.490908241,6.68,14.01608686,29.89693873,13.36997193,98.49772073,6.309607769
2022,"May",17,"620-20",620,20,0,1,3,0.55076586,6.65,16.18993896,23.74921053,16.86893637,133.1691989,8.530598517
2022,"May",17,"620-40",620,40,0,1,3,0.73150648,6.75,5.78525631,37.66992842,16.95174984,153.8363075,9.85449526
2022,"May",17,"620-80",620,80,0,1,3,0.742814551,7.18,4.35808414,125.5753754,11.69473487,166.9993145,10.69769314
2022,"May",17,"620-120",620,120,0,1,3,1.539345474,6.98,33.05906805,181.6115647,10.0104554,176.7339464,11.32127565
2022,"May",20,"623-10",623,10,3,1,3,0.457030107,6.77,29.59662426,78.7198827,12.67347473,80.92661495,5.18403524
2022,"May",20,"623-20",623,20,3,1,3,0.808869936,6.92,155.5184463,69.84963507,16.01947286,133.0470719,8.522775291
2022,"May",20,"623-40",623,40,3,1,3,0.841581781,7.31,99.81455606,53.35001645,4.684139114,147.6179577,9.456159276
2022,"May",20,"623-80",623,80,3,1,3,1.525319378,7,157.1155677,259.5952495,9.016316282,428.8406065,27.4707619
2022,"May",20,"623-120",623,120,3,1,3,1.059152715,7.05,251.8305595,408.5260179,3.02246413,458.4712609,29.3688468
2022,"May",20,"630-10",630,10,0,1,3,0.234794874,6.69,7.531071671,46.1422883,10.71654086,80.02484908,5.126269786
2022,"May",20,"630-20",630,20,0,1,3,0.286270612,6.75,16.48456613,33.98467456,14.82717717,118.8814866,7.615354101
2022,"May",20,"630-40",630,40,0,1,3,0.210125735,6.93,8.935376912,54.13157732,14.8038116,147.3061862,9.43618777
2022,"May",20,"630-80",630,80,0,1,3,0.088539057,8.01,4.256389505,64.55238908,12.26049906,161.5892243,10.35113277
2022,"May",20,"630-120",630,120,0,1,3,0.396242759,7.3,14.53478695,80.35728695,10.63480037,140.4001636,8.993800741
2022,"May",20,"633-10",633,10,3,1,3,0.284009743,6.72,115.7748972,4.788597015,9.120583281,70.58987306,4.521882677
2022,"May",20,"633-20",633,20,3,1,3,0.932958155,6.88,193.4831943,58.8469014,3.973384279,127.0957405,8.141544008
2022,"May",20,"633-40",633,40,3,1,3,0.978415496,7.06,189.3143813,172.1119201,1.00536806,121.9038364,7.808960237
2022,"May",20,"633-80",633,80,3,1,3,0.668704223,7.06,326.8397319,425.5721019,0.378415471,137.5351735,8.810274773
2022,"May",20,"633-120",633,120,3,1,3,0.59844563,6.86,333.9254747,355.6725361,1.220901435,117.0636812,7.498908853
2022,"July",19,"310-10",310,10,0,0,3,2.170208572,6.69,34.41346783,69.61794878,14.74811915,114.7099859,7.348135483
2022,"July",19,"310-20",310,20,0,0,3,3.818409808,6.65,44.86459393,55.7957946,13.28137867,121.9972384,7.814943395
2022,"July",19,"310-40",310,40,0,0,3,1.390219771,7.05,10.28463928,86.55008766,7.084145352,129.2273625,8.27809177
2022,"July",19,"310-80",310,80,0,0,3,3.718220944,7,25.22648036,167.8243543,4.878699314,137.7284118,8.822653265
2022,"July",19,"310-120",310,120,0,0,3,3.718220944,6.92,93.33705916,194.9848872,6.404591391,140.5243357,9.001754974
2022,"July",19,"311-10",311,10,1,0,3,0.682640429,6.41,9.267985574,105.0717743,20.34164379,142.2691142,9.113522261
2022,"July",19,"311-20",311,20,1,0,3,4.246898811,6.71,33.97934928,51.71825911,9.294588272,120.688787,7.731126423
2022,"July",19,"311-40",311,40,1,0,3,5.184143257,6.83,43.26911993,120.2070331,4.034897068,128.7279295,8.246099016
2022,"July",19,"311-80",311,80,1,0,3,3.818409808,6.94,23.49742699,153.9330893,1.706400499,145.46622,9.318322943
2022,"July",19,"311-120",311,120,1,0,3,5.727690395,6.92,54.12395771,292.7075173,4.848256394,147.3478025,9.438853637
2022,"July",19,"312-10",312,10,2,0,3,2.985861121,6.62,124.1283037,76.39080433,13.73714598,127.1051425,8.142146281
2022,"July",19,"312-20",312,20,2,0,3,2.41374202,6.81,181.1349173,69.27239493,6.22628821,121.5196502,7.784349981
2022,"July",19,"312-40",312,40,2,0,3,1.925477402,6.99,81.61664165,162.779268,2.538961323,141.8567729,9.087108438
2022,"July",19,"312-80",312,80,2,0,3,3.046001494,6.93,274.121575,354.9763219,0.088431067,140.3585247,8.991133428
2022,"July",19,"312-120",312,120,2,0,3,2.579640646,6.98,111.2194686,294.020622,1.15834685,131.3767898,8.41578011
2022,"July",19,"313-10",313,10,3,0,3,1.275130378,6.9,291.2506961,91.66428471,5.699304429,120.885842,7.743749402
2022,"July",19,"313-20",313,20,3,0,3,2.926908162,6.94,355.8369809,148.9571138,5.508611978,128.5659803,8.235724848
2022,"July",19,"313-40",313,40,3,0,3,3.148939322,6.94,331.3948807,237.5571221,0.794794136,117.7388632,7.542159759
2022,"July",19,"313-80",313,80,3,0,3,2.985861121,6.97,344.0838117,475.021731,0.143190892,124.5484203,7.978367391
2022,"July",19,"313-120",313,120,3,0,3,2.003823392,6.88,333.3038349,238.7320052,1.16827199,125.680835,8.050907779
2022,"July",19,"320-10",320,10,0,0,3,1.813664289,6.63,27.80150835,22.09798282,14.23787274,128.8525303,8.254080715
2022,"July",19,"320-20",320,20,0,0,3,3.669116663,6.79,60.2017311,67.78062957,7.973596382,124.6967137,7.98786679
2022,"July",19,"320-40",320,40,0,0,3,4.026959159,7.02,21.84629232,127.4277106,4.121827823,128.6599915,8.241747037
2022,"July",19,"320-80",320,80,0,0,3,3.59667348,7.12,69.34412463,180.0574879,2.670717405,134.8582821,8.638798063
2022,"July",19,"320-120",320,120,0,0,3,0.844443814,6.77,33.55636197,19.64192654,15.04567998,128.8568181,8.254355379
2022,"July",19,"321-10",321,10,1,0,3,1.24167303,6.59,62.35866222,11.71237342,13.31764816,122.7702087,7.864458447
2022,"July",19,"321-20",321,20,1,0,3,1.619871966,6.83,52.45830156,50.79875474,5.276384903,118.4516389,7.587818854
2022,"July",19,"321-40",321,40,1,0,3,2.756941631,6.85,43.20829541,83.4292167,4.535776669,125.7406234,8.054737716
2022,"July",19,"321-80",321,80,1,0,3,3.128077152,7.01,80.07731336,162.3738827,0.870667498,145.4172355,9.315185087
2022,"July",19,"321-120",321,120,1,0,3,2.850110851,7.02,59.79935349,191.0746547,1.956197754,149.984567,9.60775989
2022,"July",19,"322-10",322,10,2,0,3,1.609140084,6.69,67.30416374,37.95708907,15.17360574,140.0400451,8.970732217
2022,"July",19,"322-20",322,20,2,0,3,1.912720841,6.66,158.7842448,49.04442883,16.94871179,143.5987814,9.198698278
2022,"July",19,"322-40",322,40,2,0,3,2.52870812,7.07,97.52459356,149.391871,0.950533375,143.2449252,9.176030908
2022,"July",19,"322-80",322,80,2,0,3,2.017187546,7.02,82.10323783,159.9178265,6.320810979,118.4055205,7.58486459
2022,"July",19,"322-120",322,120,2,0,3,1.45643569,6.79,49.24395952,152.5496576,8.489622583,114.5065331,7.335102676
2022,"July",20,"323-10",323,10,3,0,3,0.891403582,6.66,98.02988589,15.99292865,19.13877105,167.130409,10.70609081
2022,"July",20,"323-20",323,20,3,0,3,1.675346832,7.09,145.6195168,35.07999457,3.866010605,100.4333766,6.433602302
2022,"July",20,"323-40",323,40,3,0,3,2.034331673,6.85,235.3638207,72.13135783,8.975867124,161.5156333,10.34641866
2022,"July",20,"323-80",323,80,3,0,3,2.669719328,6.92,309.2332477,231.7750158,0.283078603,171.4730973,10.98427539
2022,"July",20,"323-120",323,120,3,0,3,2.330470894,6.8,221.398929,357.1080411,1.248402994,174.1359803,11.15485474
2022,"July",20,"330-10",330,10,0,0,3,0.087596316,6.73,8.134664714,14.10339625,18.33736432,141.1284372,9.040452602
2022,"July",20,"330-20",330,20,0,0,3,0.483588232,6.57,22.16963033,11.3705931,12.66422957,131.1531509,8.401454214
2022,"July",20,"330-40",330,40,0,0,3,0.587209071,6.74,22.49692795,48.88189185,10.35681223,147.0495994,9.419751298
2022,"July",20,"330-80",330,80,0,0,3,0.604561255,6.77,39.0837055,56.71051735,10.74272302,157.3390437,10.07887406
2022,"July",20,"330-120",330,120,0,0,3,0.935736635,6.79,68.30511645,202.1289681,6.823443543,162.7741326,10.4270358
2022,"July",20,"331-10",331,10,1,0,3,0.361410009,6.47,39.74384815,3.018616776,19.54623206,167.1612327,10.70806532
2022,"July",20,"331-20",331,20,1,0,3,0.727011852,6.65,38.50677411,24.91105624,11.45966001,138.4472186,8.868698697
2022,"July",20,"331-40",331,40,1,0,3,0.891403582,6.74,23.49546305,53.73148287,10.06019027,166.8432243,10.68769429
2022,"July",20,"331-80",331,80,1,0,3,1.252071646,6.86,37.52488125,109.5017796,3.557607611,171.3986347,10.97950545
2022,"July",20,"331-120",331,120,1,0,3,1.092967526,6.84,129.339643,170.2602271,2.417373674,166.6755656,10.67695438
2022,"July",20,"332-10",332,10,2,0,3,0.581536401,6.84,22.10860874,20.61570419,15.54462258,162.0243949,10.37900899
2022,"July",20,"332-20",332,20,2,0,3,1.051341607,6.88,45.15029605,12.64851894,5.186306925,156.651354,10.03482193
2022,"July",20,"332-40",332,40,2,0,3,1.20438621,6.92,42.10531967,61.9757876,2.645134124,173.8466657,11.13632179
2022,"July",20,"332-80",332,80,2,0,3,1.56528624,6.94,101.9648554,242.7269729,0.676578291,181.907859,11.65270692
2022,"July",20,"332-120",332,120,2,0,3,1.627260843,6.93,186.6141988,243.8354508,0.632258266,169.3170494,10.84616295
2022,"July",20,"333-10",333,10,3,0,3,0.9633879,6.7,221.1739307,9.323085102,21.27990643,189.3532468,12.12964469
2022,"July",20,"333-20",333,20,3,0,3,1.434336675,6.89,322.863142,107.0475862,0.987810356,163.371543,10.46530481
2022,"July",20,"333-40",333,40,3,0,3,1.18122892,6.98,186.8791967,141.3655121,0.57841859,177.3140367,11.35843516
2022,"July",20,"333-80",333,80,3,0,3,1.675346832,6.87,275.9585058,220.3827018,0,174.3431001,11.16812246
2022,"July",20,"333-120",333,120,3,0,3,1.56528624,6.85,348.2729449,285.3817791,0.134332502,164.545859,10.54052931
2022,"July",20,"440-10",440,10,0,0,4,0.294759148,6.37,98.12988511,137.9932304,16.87165939,132.179701,8.467213113
2022,"July",20,"440-20",440,20,0,0,4,0.570354932,6.6,136.5745869,125.89269,16.23171865,126.845653,8.125523869
2022,"July",20,"440-40",440,40,0,0,4,1.092967526,6.78,383.6026708,152.8709439,3.357882096,140.8444288,9.022259545
2022,"July",20,"440-80",440,80,0,0,4,0.935736635,7.18,68.79511265,176.4769161,0.961821585,152.2437574,9.752479448
2022,"July",20,"440-120",440,120,0,0,4,0.564845079,7.04,257.9536454,268.4542473,0.137192764,146.652409,9.394308015
2022,"July",20,"441-10",441,10,1,0,4,0.347645626,6.63,93.69991947,121.1318217,14.81779164,132.5125444,8.488534448
2022,"July",20,"441-20",441,20,1,0,4,0.581536401,6.77,174.6192918,124.2396108,10.70292576,135.2275402,8.662452054
2022,"July",20,"441-40",441,40,1,0,4,0.543332825,6.89,154.9244446,117.2305546,8.22592015,138.2533992,8.856282981
2022,"July",20,"441-80",441,80,1,0,4,0.653381936,7.12,202.4240762,211.0593346,0.367270742,139.2366121,8.919265785
2022,"July",20,"441-120",441,120,1,0,4,0.152331382,6.85,390.3476185,280.5547876,0.246079226,138.3019351,8.859392105
2022,"July",21,"442-10",442,10,2,0,4,1.268405503,7.04,29.63680759,66.05122005,9.442723019,132.9039915,8.513609826
2022,"July",21,"442-20",442,20,2,0,4,1.443850353,6.98,102.8290242,70.34922618,3.689073612,116.2179915,7.444735535
2022,"July",21,"442-40",442,40,2,0,4,1.574097252,7.13,119.0495581,141.1671426,2.202411104,125.1950324,8.019788167
2022,"July",21,"442-80",442,80,2,0,4,1.27940798,6.95,113.0030997,188.6435796,0.206968185,137.5892102,8.813736263
2022,"July",21,"442-120",442,120,2,0,4,1.204349374,6.85,225.9669677,150.8872488,4.610542732,133.8528068,8.574389174
2022,"July",21,"443-10",443,10,3,0,4,1.013289953,7,52.04299103,67.17531396,15.68750468,147.3534697,9.439216664
2022,"July",21,"443-20",443,20,3,0,4,1.085778501,7,60.75684953,70.41534935,8.258767935,140.3968011,8.993585346
2022,"July",21,"443-40",443,40,3,0,4,1.214796211,7.04,90.27221174,105.9896155,0.782211478,147.1376982,9.42539474
2022,"July",21,"443-80",443,80,3,0,4,1.547140252,6.92,110.6941645,239.3035442,0.378468497,148.4213343,9.507622094
2022,"July",21,"443-120",443,120,3,0,4,1.469007655,6.88,98.25332594,214.4690255,1.474709919,156.3207024,10.013641
2022,"July",21,"450-10",450,10,0,0,4,0.341283728,6.57,6.316138696,64.65830553,13.63735184,117.0042454,7.495101504
2022,"July",21,"450-20",450,20,0,0,4,0.284672745,6.53,25.46984335,50.59712392,14.48379913,118.9107137,7.617226334
2022,"July",21,"450-40",450,40,0,0,4,0.573022725,6.87,90.11406549,95.80316574,5.349881472,100.928708,6.465332319
2022,"July",21,"450-80",450,80,0,0,4,0.332554454,6.89,182.8457563,267.2313098,0.109095446,131.3043836,8.411141903
2022,"July",21,"450-120",450,120,0,0,4,0.321261748,6.98,208.6710393,277.0215718,4.363462258,105.5275487,6.759925541
2022,"July",21,"451-10",451,10,1,0,4,0.210408398,6.64,39.14352839,60.5187988,14.33775109,119.6593963,7.665185559
2022,"July",21,"451-20",451,20,1,0,4,0.398687355,6.78,80.41970023,45.27490097,9.850533375,122.7565275,7.863582052
2022,"July",21,"451-40",451,40,1,0,4,0.530167872,6.87,103.8148025,188.4492689,2.255664379,123.7538505,7.927468718
2022,"July",21,"451-80",451,80,1,0,4,0.775273013,6.95,178.3385881,241.5400855,0.232660636,144.2649506,9.241371848
2022,"July",21,"451-120",451,120,1,0,4,0.681068196,7.01,219.061248,306.5894771,0.714363693,145.9435684,9.348900997
2022,"July",21,"452-10",452,10,2,0,4,0.499064688,6.81,18.12253737,47.7717463,11.31266999,102.761292,6.582724255
2022,"July",21,"452-20",452,20,2,0,4,0.788781184,6.92,56.22859517,65.84102174,6.785131004,107.2424654,6.869779938
2022,"July",21,"452-40",452,40,2,0,4,0.978881195,6.95,67.78381467,181.6815039,3.185196507,137.592567,8.813951296
2022,"July",21,"452-80",452,80,2,0,4,1.214796211,6.94,128.759738,214.1404933,0.633471616,144.5774302,9.261388709
2022,"July",21,"452-120",452,120,2,0,4,1.214796211,6.88,141.3060073,199.3565406,1.344672489,149.5826262,9.582012309
2022,"July",21,"453-10",453,10,3,0,4,0.263382824,6.82,40.19256519,56.57641143,14.28019339,136.5450042,8.746846363
2022,"July",21,"453-20",453,20,3,0,4,0.717292396,6.76,190.1679278,109.3386957,9.426659389,133.6963554,8.564367191
2022,"July",21,"453-40",453,40,3,0,4,0.978881195,6.81,262.4671227,219.0684775,0.52790393,149.2612976,9.561428591
2022,"July",21,"453-80",453,80,3,0,4,1.173544812,6.98,199.0135748,208.3583251,0.238406114,146.2059859,9.365710975
2022,"July",21,"453-120",453,120,3,0,4,1.324380587,7,240.1843158,217.9514677,0.129553961,145.8952158,9.345803618
2022,"July",21,"460-10",460,10,0,0,4,0.270296401,6.59,7.060239453,67.61509606,13.85806301,114.8932666,7.359876104
2022,"July",21,"460-20",460,20,0,0,4,0.54880386,6.67,22.41076247,66.36667339,10.93820961,110.5032835,7.07866191
2022,"July",21,"460-40",460,40,0,0,4,1.067184141,7.04,23.61785925,207.3070218,6.225271366,127.8096615,8.187276468
2022,"July",21,"460-80",460,80,0,0,4,0.89016327,7.04,59.20701626,183.3241653,1.951587648,133.2129929,8.533403884
2022,"July",21,"460-120",460,120,0,0,4,0.837940355,6.97,121.5271827,280.504014,0,0.065802539,0.004241189
2022,"July",21,"461-10",461,10,1,0,4,0.258872295,6.56,4.161002431,22.37296873,12.61260761,124.0588604,7.947007086
2022,"July",21,"461-20",461,20,1,0,4,0.395258778,6.51,12.00988745,54.88593924,14.05687461,115.9222031,7.425787875
2022,"July",21,"461-40",461,40,1,0,4,0.512164716,6.92,12.46185976,85.72986609,9.055839052,132.7460197,8.503490445
2022,"July",21,"461-80",461,80,1,0,4,0.461740961,7.06,39.0290127,104.2228698,3.68698378,130.8819718,8.384082981
2022,"July",21,"461-120",461,120,1,0,4,0.905673261,6.99,61.46850766,184.6040125,2.975243294,136.7915261,8.762638097
2022,"July",21,"462-10",462,10,2,0,4,0.115944023,6.39,9.584670168,31.252281,12.29308796,109.0366375,6.984711282
2022,"July",21,"462-20",462,20,2,0,4,0.742506018,6.7,38.6269173,63.49820452,9.764950094,105.8635487,6.78144908
2022,"July",21,"462-40",462,40,2,0,4,0.897884776,6.9,46.05979115,183.8028716,4.897039925,137.6587701,8.818192144
2022,"July",21,"462-80",462,80,2,0,4,1.533835368,6.84,190.3049878,217.1837447,0.139482221,136.1406093,8.720941572
2022,"July",21,"462-120",462,120,2,0,4,1.290505896,6.99,125.665343,213.0445165,0.509734872,144.2046855,9.237511373
2022,"July",21,"463-10",463,10,3,0,4,0.212233534,6.97,19.56664402,85.06224861,12.94818153,114.2524654,7.318827569
2022,"July",21,"463-20",463,20,3,0,4,0.937508679,6.93,262.7148852,223.0587784,0.85106675,127.6558138,8.17742127
2022,"July",21,"463-40",463,40,3,0,4,0.962117491,7.1,148.4753041,209.5729057,0.212111666,134.5543836,8.61933089
2022,"July",21,"463-80",463,80,3,0,4,1.301700078,7,174.6906812,232.9395169,0,146.5668265,9.388825758
2022,"July",21,"463-120",463,120,3,0,4,0.995936986,7.21,97.59438322,298.7665989,4.668259513,145.1698815,9.299340046
2022,"July",19,"610-10",610,10,0,1,3,2.649150035,6.41,25.82756759,14.53537299,14.8638116,119.278409,7.640780217
2022,"July",19,"610-20",610,20,0,1,3,2.596845113,6.62,12.90790266,35.89189257,13.33873674,113.7705924,7.287959673
2022,"July",19,"610-40",610,40,0,1,3,2.888254268,6.79,10.0916977,32.29813248,12.62176232,130.2376756,8.342810559
2022,"July",19,"610-80",610,80,0,1,3,2.52870812,6.8,9.267985574,124.4919009,11.7473612,139.1411707,8.913151982
2022,"July",19,"610-120",610,120,0,1,3,3.843876032,6.85,31.10377768,168.1007974,10.13381472,138.7033512,8.885106077
2022,"July",19,"613-10",613,10,3,1,3,2.397750637,6.86,160.0241293,65.40219176,9.980814099,120.6992468,7.731796458
2022,"July",19,"613-20",613,20,3,1,3,12.05882992,6.98,164.9977037,84.13121068,8.836572052,140.1352186,8.976828855
2022,"July",19,"613-40",613,40,3,1,3,15.11672089,7.06,207.331571,207.4951452,0.989419838,148.362457,9.503850524
2022,"July",19,"613-80",613,80,3,1,3,2.702508468,7.18,241.7254988,388.7520984,0.659831566,159.5841975,10.22269446
2022,"July",19,"613-120",613,120,3,1,3,3.59667348,7.13,226.6082657,329.3155365,1.305558328,153.1114725,9.808063672
2022,"July",19,"620-10",620,10,0,1,3,2.213920301,6.63,18.544023,44.41300842,10.26862445,113.1545303,7.248495877
2022,"July",19,"620-20",620,20,0,1,3,2.258512459,6.57,11.68346572,39.78158801,12.64028072,114.9035374,7.360534033
2022,"July",19,"620-40",620,40,0,1,3,2.381865198,6.74,7.616850912,53.18463798,14.52877417,138.83778,8.893717335
2022,"July",19,"620-80",620,80,0,1,3,2.199252765,7.09,6.726351319,117.3227933,10.52893325,147.4161636,9.443232721
2022,"July",19,"620-120",620,120,0,1,3,3.549174402,6.99,18.02827532,156.1284825,8.807763568,150.4942454,9.640408947
2022,"July",20,"623-10",623,10,3,1,3,0.874264153,6.76,99.88987146,54.61889225,17.88869931,151.2711283,9.690174631
2022,"July",20,"623-20",623,20,3,1,3,1.239976142,6.81,116.454743,27.91419369,9.086253899,137.9554161,8.837194737
2022,"July",20,"623-40",623,40,3,1,3,1.340109056,6.99,59.17518727,145.458033,3.046122895,161.704708,10.35853044
2022,"July",20,"623-80",623,80,3,1,3,1.56528624,6.95,124.1596832,207.7406377,0.672900811,160.4863949,10.28048756
2022,"July",20,"623-120",623,120,3,1,3,1.724853775,6.95,229.643865,356.8309216,0.040421085,164.462409,10.53518367
2022,"July",20,"630-10",630,10,0,1,3,0.238077611,6.59,23.9281616,17.84450932,16.37320961,136.4765501,8.742461316
2022,"July",20,"630-20",630,20,0,1,3,0.430413123,6.6,14.42543586,19.3686665,13.71377729,123.1309535,7.887567086
2022,"July",20,"630-40",630,40,0,1,3,0.383085122,6.6,6.570293052,4.889173312,13.70072052,142.5767616,9.133229583
2022,"July",20,"630-80",630,80,0,1,3,0.402137472,6.57,12.7001891,39.11342994,14.18751716,147.2941551,9.435417085
2022,"July",20,"630-120",630,120,0,1,3,0.443131945,6.84,17.29345058,40.22190788,8.821222707,109.8126855,7.034423478
2022,"July",20,"633-10",633,10,3,1,3,0.527738026,6.58,149.3794876,112.5358094,23.76689333,182.9549281,11.71978023
2022,"July",20,"633-20",633,20,3,1,3,1.001531456,6.78,330.0230864,115.9080912,8.296088584,171.5129055,10.98682543
2022,"July",20,"633-40",633,40,3,1,3,1.071952534,6.86,238.1937987,193.9334333,0.039585153,182.8099323,11.71049206
2022,"July",20,"633-80",633,80,3,1,3,1.08240903,6.89,318.4581761,241.6743629,0.15566126,173.445732,11.11063872
2022,"July",20,"633-120",633,120,3,1,3,0.891403582,6.89,313.3032161,287.8283365,0.053867748,141.1367898,9.040987654
2022,"September",19,"310-10",310,10,0,0,3,0.436564966,6.41,42.55596232,36.33429311,21.63488147,194.5102793,12.45999465
2022,"September",19,"310-20",310,20,0,0,3,0.382233567,6.42,39.0054741,16.75385197,21.32841547,176.7409224,11.32172252
2022,"September",19,"310-40",310,40,0,0,3,0.532879444,6.78,15.45723268,56.43988017,8.627854024,161.3450522,10.33549155
2022,"September",19,"310-80",310,80,0,0,3,0.839149161,6.7,23.2412231,138.2126037,5.786453525,180.2724288,11.54794428
2022,"September",19,"310-120",310,120,0,0,3,0.937430788,6.58,89.79821214,173.7724853,7.248917654,176.0143921,11.27518233
2022,"September",19,"311-10",311,10,1,0,3,0.498619132,6.44,40.93787555,34.53379277,23.77048971,217.1210268,13.9083973
2022,"September",19,"311-20",311,20,1,0,3,1.577645557,6.44,62.82029267,31.83304227,16.05056457,182.1330324,11.66713111
2022,"September",19,"311-40",311,40,1,0,3,1.842253991,6.57,64.83260422,115.2562244,5.91106675,163.6439859,10.482757
2022,"September",19,"311-80",311,80,1,0,3,1.366090201,6.75,17.45751777,183.3001329,1.376933874,174.1057038,11.15291529
2022,"September",19,"311-120",311,120,1,0,3,1.821962783,6.72,55.31237004,202.2053864,3.446334997,172.9845303,11.08109499
2022,"September",19,"312-10",312,10,2,0,3,1.30689097,6.56,360.9836714,78.79609266,15.40600437,192.0600564,12.3030379
2022,"September",19,"312-20",312,20,2,0,3,1.182903492,6.55,446.4598406,102.9528055,7.281977542,172.0106629,11.01871085
2022,"September",19,"312-40",312,40,2,0,3,0.896807421,6.76,99.07720429,201.2301154,0.686481597,170.2136389,10.90359681
2022,"September",19,"312-80",312,80,2,0,3,0.927105608,6.78,218.50966,306.4843641,0.30051466,178.2324203,11.41726512
2022,"September",19,"312-120",312,120,2,0,3,2.127548988,6.67,348.3920143,307.0845309,1.092479726,179.6514076,11.50816282
2022,"September",19,"313-10",313,10,3,0,3,1.182903492,6.55,680.7176177,30.2100445,12.0046912,199.0119041,12.7483604
2022,"September",19,"313-20",313,20,3,0,3,1.156989198,6.64,700.6406789,133.5613112,5.564946974,171.4312102,10.98159217
2022,"September",19,"313-40",313,40,3,0,3,1.012999536,6.65,501.8690157,220.5104731,1.805530256,174.3604513,11.16923395
2022,"September",19,"313-80",313,80,3,0,3,0.793942665,6.67,530.9063183,548.5766382,0.607367436,161.1894612,10.32552468
2022,"September",19,"313-120",313,120,3,0,3,1.704823693,6.63,260.1562716,354.5844124,3.203842795,162.4764485,10.40796671
2022,"September",19,"320-10",320,10,0,0,3,0.289786869,6.39,39.56922877,21.96203014,28.27989395,212.3946291,13.60563301
2022,"September",19,"320-20",320,20,0,0,3,1.278260437,6.67,125.8491854,35.90260393,23.51659077,203.5259774,13.03752359
2022,"September",19,"320-40",320,40,0,0,3,0.643278519,7.03,21.97590706,91.52822682,7.727370555,156.0498054,9.996287839
2022,"September",19,"320-80",320,80,0,0,3,1.925703968,6.82,67.25679241,216.7200464,2.697785402,168.7034133,10.80685455
2022,"September",19,"320-120",320,120,0,0,3,0.811725427,6.34,45.71564449,37.06431842,29.39053337,218.5985388,14.00304399
2022,"September",19,"321-10",321,10,1,0,3,1.366090201,6.53,119.6945718,22.85040004,17.70810979,196.8399295,12.60922773
2022,"September",19,"321-20",321,20,1,0,3,1.070678965,6.52,116.3819068,35.4242509,13.61480037,162.2872412,10.39584644
2022,"September",19,"321-40",321,40,1,0,3,1.723810324,6.58,87.21515726,86.19800745,10.3803587,171.9460987,11.01457498
2022,"September",19,"321-80",321,80,1,0,3,2.596926483,6.74,87.46816719,257.1067087,0.447301934,180.3638956,11.55380348
2022,"September",19,"321-120",321,120,1,0,3,2.568323056,6.66,149.2437782,269.3388789,2.466815346,164.7069873,10.5508509
2022,"September",19,"322-10",322,10,2,0,3,1.443874347,6.65,112.3396319,28.86398089,16.11011541,210.0406037,13.4548385
2022,"September",19,"322-20",322,20,2,0,3,1.30689097,6.81,255.3726187,84.89962067,9.380336868,163.3878759,10.46635106
2022,"September",19,"322-40",322,40,2,0,3,2.596926483,6.76,223.2050536,175.7259486,0.98022146,179.7874669,11.51687852
2022,"September",19,"322-80",322,80,2,0,3,0.538814125,6.71,114.5814176,185.4220915,17.09988771,199.7280733,12.79423688
2022,"September",19,"322-120",322,120,2,0,3,1.236486369,6.66,74.44109768,130.9581831,13.36702433,180.4771678,11.56105949
2022,"September",20,"323-10",323,10,3,0,3,0.792311197,6.48,201.8052487,44.37628603,26.27166563,226.4974133,14.50903127
2022,"September",20,"323-20",323,20,3,0,3,1.954187712,6.71,282.468161,114.8308526,1.326787274,175.2163441,11.22406086
2022,"September",20,"323-40",323,40,3,0,3,1.501166393,6.73,155.2607043,249.8630773,1.682018091,178.1999013,11.41518201
2022,"September",20,"323-80",323,80,3,0,3,2.4928328,6.72,270.4928109,366.717887,0,184.0803893,11.79187519
2022,"September",20,"323-120",323,120,3,0,3,1.895616233,6.67,124.6263929,467.566781,0.434622583,176.165842,11.28488393
2022,"September",20,"330-10",330,10,0,0,3,0.185754715,6.37,14.38921875,12.80004205,23.6532408,173.3183498,11.10247885
2022,"September",20,"330-20",330,20,0,0,3,0.776399453,6.35,45.25468247,20.47408089,20.04422021,177.8911819,11.39540602
2022,"September",20,"330-40",330,40,0,0,3,0.753128984,6.58,25.57545966,23.75153497,10.38460075,146.0394894,9.355045519
2022,"September",20,"330-80",330,80,0,0,3,0.590394753,6.5,49.1239111,85.30372147,9.372716781,155.2334866,9.94399597
2022,"September",20,"330-120",330,120,0,0,3,1.384160789,6.68,65.3711698,173.1554786,7.109248284,163.6274922,10.48170044
2022,"September",20,"331-10",331,10,1,0,3,0.850614532,6.46,64.63584128,14.87842757,20.39580786,206.923512,13.25516337
2022,"September",20,"331-20",331,20,1,0,3,1.695478431,6.49,37.02639558,18.8753228,10.20189644,160.0569535,10.25297833
2022,"September",20,"331-40",331,40,1,0,3,1.289286805,6.62,27.55491793,41.09806026,9.330786026,165.6387193,10.61053593
2022,"September",20,"331-80",331,80,1,0,3,0.561197927,6.67,29.81633392,97.78284382,9.898558952,177.2194161,11.35237394
2022,"September",20,"331-120",331,120,1,0,3,1.712764116,6.63,126.4778451,212.3250518,5.222741734,164.4117348,10.53193757
2022,"September",20,"332-10",332,10,2,0,3,0.98040791,6.53,115.4216556,18.47563327,15.85036806,196.9656897,12.6172837
2022,"September",20,"332-20",332,20,2,0,3,1.356363111,6.58,106.6940064,29.26725039,8.512361198,183.2551819,11.73901393
2022,"September",20,"332-40",332,40,2,0,3,2.035107821,6.61,117.5182173,129.0297553,2.01709607,175.2858166,11.22851114
2022,"September",20,"332-80",332,80,2,0,3,2.961986114,6.7,163.6206892,284.7487933,0.134625702,95.41372073,6.112052435
2022,"September",20,"332-120",332,120,2,0,3,1.994237372,6.62,294.6536051,329.7538336,0.926846538,171.3594245,10.97699372
2022,"September",20,"333-10",333,10,3,0,3,1.20091573,6.63,176.1956823,28.46787134,25.18807236,230.2434894,14.74899798
2022,"September",20,"333-20",333,20,3,0,3,2.035107821,6.68,362.6583622,98.3650214,3.007495321,178.6100395,11.4414547
2022,"September",20,"333-40",333,40,3,0,3,1.250643928,6.91,195.2091768,211.305219,0.737726138,182.8427109,11.7125918
2022,"September",20,"333-80",333,80,3,0,3,1.595366804,6.68,369.7271452,359.3034289,0.074666251,177.5804711,11.37550245
2022,"September",20,"333-120",333,120,3,0,3,1.289286805,6.67,379.7853889,352.4493239,0.062145976,167.2866375,10.71609852
2022,"September",20,"440-10",440,10,0,0,4,0.431100586,6.18,134.5970975,50.93298645,16.62057392,151.6991932,9.717595675
2022,"September",20,"440-20",440,20,0,0,4,1.611631835,6.46,208.9265553,54.93023161,18.59640362,154.0621157,9.868960114
2022,"September",20,"440-40",440,40,0,0,4,1.263394451,6.4,367.5386675,77.46642415,8.705708047,138.235921,8.855163364
2022,"September",20,"440-80",440,80,0,0,4,2.298533615,6.97,158.4252431,211.8565631,0.139993762,150.6382454,9.649633321
2022,"September",20,"440-120",440,120,0,0,4,1.238022086,6.67,288.3770509,237.7697387,0.358259513,128.5958787,8.237640087
2022,"September",20,"441-10",441,10,1,0,4,0.970513365,6.4,183.400151,32.06670675,13.98252963,163.1450635,10.45079695
2022,"September",20,"441-20",441,20,1,0,4,0.816792333,6.39,116.8354122,7.233849105,20.23910168,178.0395261,11.40490867
2022,"September",20,"441-40",441,40,1,0,4,1.263394451,6.34,262.5355058,118.33481,17.23724267,174.1518505,11.15587136
2022,"September",20,"441-80",441,80,1,0,4,1.238022086,6.78,241.2635023,292.3528105,1.452669994,134.0487419,8.586940415
2022,"September",20,"441-120",441,120,1,0,4,1.456173,6.58,393.931709,312.6836264,4.103580786,140.5051707,9.000527298
2022,"September",21,"442-10",442,10,2,0,4,1.493735693,6.46,138.487352,25.50223707,15.06813787,179.4491199,11.49520464
2022,"September",21,"442-20",442,20,2,0,4,1.415140565,6.53,115.9888039,59.61665697,6.68099189,147.9881946,9.479875971
2022,"September",21,"442-40",442,40,2,0,4,1.139994791,6.7,171.90476,133.4967744,2.483752339,127.9359408,8.195365684
2022,"September",21,"442-80",442,80,2,0,4,1.340680837,6.62,181.6500798,273.8138631,0.102729258,145.1468575,9.297865173
2022,"September",21,"442-120",442,120,2,0,4,1.399924921,6.6,150.9937191,210.8917109,2.862345602,145.3935148,9.313665581
2022,"September",21,"443-10",443,10,3,0,4,1.139994791,6.59,111.7351958,40.80203751,13.45661884,166.6548463,10.67562714
2022,"September",21,"443-20",443,20,3,0,4,1.164910442,6.6,135.4224755,79.46504673,5.476597006,152.8338054,9.790276829
2022,"September",21,"443-40",443,40,3,0,4,1.190370648,6.74,205.6867629,138.2521178,0.23466937,150.3027137,9.628139778
2022,"September",21,"443-80",443,80,3,0,4,1.719121701,6.64,183.3477251,244.0659291,0.152913288,157.5151142,10.09015282
2022,"September",21,"443-120",443,120,3,0,4,1.012184481,6.6,104.3559455,218.320466,0.983836556,1.013729196,0.064963617
2022,"September",21,"450-10",450,10,0,0,4,0.18947859,6.21,13.24154476,35.93418524,25.95963818,200.8819238,12.86815041
2022,"September",21,"450-20",450,20,0,0,4,0.314932456,6.19,30.64544215,20.82566347,23.63722084,179.9218618,11.52548761
2022,"September",21,"450-40",450,40,0,0,4,0.731837406,6.49,111.1389311,61.54414591,6.50371179,125.3563526,8.030122039
2022,"September",21,"450-80",450,80,0,0,4,0.564596976,6.47,219.8717861,237.7650657,1.505199626,130.2964852,8.346577793
2022,"September",21,"450-120",450,120,0,0,4,1.229608103,6.59,335.7902003,335.5978255,0.496437929,131.3338138,8.413027146
2022,"September",21,"451-10",451,10,1,0,4,0.772482736,6.33,79.24826461,24.8907366,11.68298191,174.669433,11.18902674
2022,"September",21,"451-20",451,20,1,0,4,1.127737523,6.46,156.4208672,23.33245857,3.501375546,41.55965867,2.662260849
2022,"September",21,"451-40",451,40,1,0,4,1.795088916,6.48,223.45697,170.1559618,2.107598253,146.0868632,9.358080195
2022,"September",21,"451-80",451,80,1,0,4,1.814599559,6.62,159.3756056,383.768942,0.126559576,160.6638138,10.29185269
2022,"September",21,"451-120",451,120,1,0,4,1.139994791,6.67,238.2914279,423.0646488,0.925995009,126.2801608,8.089299482
2022,"September",21,"452-10",452,10,2,0,4,1.139994791,6.5,57.35737478,20.41915616,11.90597006,139.2856587,8.922407616
2022,"September",21,"452-20",452,20,2,0,4,1.415140565,6.52,224.2165428,35.12117062,11.7565471,146.0859859,9.358023997
2022,"September",21,"452-40",452,40,2,0,4,1.446069785,6.64,116.9990358,261.9522508,2.332255147,128.6004513,8.237933002
2022,"September",21,"452-80",452,80,2,0,4,1.854259328,6.69,165.3572419,267.6433532,0.172495321,146.2520451,9.368661445
2022,"September",21,"452-120",452,120,2,0,4,1.957242559,6.57,155.839794,316.4919818,0.214388646,145.0923441,9.294373145
2022,"September",21,"453-10",453,10,3,0,4,0.755960513,6.59,96.84376992,54.70127282,19.10597941,190.1414133,12.18013317
2022,"September",21,"453-20",453,20,3,0,4,1.415140565,6.55,332.242995,131.1923987,11.91156269,162.3825021,10.40194868
2022,"September",21,"453-40",453,40,3,0,4,1.399924921,6.43,388.9982791,233.835495,0.140433562,146.1786742,9.363961438
2022,"September",21,"453-80",453,80,3,0,4,1.593832847,6.5,325.9651253,271.9794312,0.241834061,149.6029591,9.583314794
2022,"September",21,"453-120",453,120,3,0,4,1.814599559,6.65,338.2853971,250.1635387,0,132.0408152,8.458316348
2022,"September",21,"460-10",460,10,0,0,4,0.301604681,6.36,3.900833981,28.75255606,15.21417966,152.997543,9.80076556
2022,"September",21,"460-20",460,20,0,0,4,0.459765807,6.25,15.35685182,22.18068785,17.92239239,170.9202821,10.94886307
2022,"September",21,"460-40",460,40,0,0,4,1.103616944,6.77,23.86736144,254.6351192,0.408980037,127.6005952,8.173884068
2022,"September",21,"460-80",460,80,0,0,4,1.430521588,6.66,100.7061979,296.3021187,1.474691204,123.2529535,7.89538218
2022,"September",21,"460-120",460,120,0,0,4,0.262062702,6.67,81.05604802,336.2075865,0.808549595,138.8715317,8.895879411
2022,"September",21,"461-10",461,10,1,0,4,0.230179788,6.2,4.044887151,8.06821411,25.04255147,221.1070127,14.16373219
2022,"September",21,"461-20",461,20,1,0,4,0.815385456,6.44,10.2581278,12.12738831,21.02120399,180.5672638,11.56683087
2022,"September",21,"461-40",461,40,1,0,4,1.256482337,6.75,17.64653904,114.7075362,6.547333125,125.7053653,8.052479146
2022,"September",21,"461-80",461,80,1,0,4,1.369982669,6.95,25.311684,170.0223846,4.543502807,1.264222849,0.081009777
2022,"September",21,"461-120",461,120,1,0,4,1.384872875,6.79,87.91119309,293.9991966,1.513992514,1.454084626,0.093171971
2022,"September",21,"462-10",462,10,2,0,4,0.990535404,6.3,26.03574072,14.19137519,17.98840923,166.8296615,10.68682548
2022,"September",21,"462-20",462,20,2,0,4,1.340680837,6.36,107.2195352,18.52574764,17.23757642,161.2887504,10.33188496
2022,"September",21,"462-40",462,40,2,0,4,1.978515634,6.68,99.93902933,182.8879029,1.522386151,1.581957687,0.101363283
2022,"September",21,"462-80",462,80,2,0,4,2.736431347,6.59,177.8218325,263.2457921,0,140.5014161,9.000286786
2022,"September",21,"462-120",462,120,2,0,4,3.396888334,6.57,182.7590561,292.5544058,0.141207112,144.6316192,9.264859956
2022,"September",21,"463-10",463,10,3,0,4,0.833206467,6.29,170.5185395,15.01696994,23.13527449,210.4968152,13.48406256
2022,"September",21,"463-20",463,20,3,0,4,1.795088916,6.62,565.7584794,214.0541048,2.968552714,148.2032412,9.493651454
2022,"September",21,"463-40",463,40,3,0,4,2.180685358,6.69,318.2098864,390.5937826,0.344697442,142.6390945,9.137222511
2022,"September",21,"463-80",463,80,3,0,4,1.756694712,6.89,121.3361968,352.0660275,2.140895197,137.6127109,8.815241674
2022,"September",21,"463-120",463,120,3,0,4,1.493735693,6.85,40.08468794,333.2149473,0.198967561,151.4361551,9.700745942
2022,"September",19,"610-10",610,10,0,1,3,0.184021474,6.21,31.32588269,0.39930727,21.74723643,186.1974556,11.92749054
2022,"September",19,"610-20",610,20,0,1,3,0.164728391,6.27,12.12899213,25.6813328,23.21223643,183.6479831,11.76417605
2022,"September",19,"610-40",610,40,0,1,3,0.086653913,6.57,6.220007985,5.950849968,17.27210543,162.2920423,10.39615399
2022,"September",19,"610-80",610,80,0,1,3,0.064256645,6.99,5.714716761,20.35485264,12.60578915,130.1296953,8.335893544
2022,"September",19,"610-120",610,120,0,1,3,0.289786869,6.36,17.83753018,76.77052978,14.75607299,179.2688152,11.48365466
2022,"September",19,"613-10",613,10,3,1,3,0.958427403,6.62,375.9877487,48.03754528,25.06829694,222.2418223,14.23642599
2022,"September",19,"613-20",613,20,3,1,3,1.264181244,6.6,369.6036609,49.61298307,22.63293512,198.7286403,12.73021505
2022,"September",19,"613-40",613,40,3,1,3,0.672417594,6.77,286.1986427,370.3397028,2.737632564,193.5257264,12.39692601
2022,"September",19,"613-80",613,80,3,1,3,0.969101414,6.81,284.0627681,435.3957138,0.761097941,197.1339605,12.62806281
2022,"September",19,"613-120",613,120,3,1,3,1.381304355,6.75,392.8158512,417.0816267,1.808939488,182.6735712,11.70175703
2022,"September",19,"620-10",620,10,0,1,3,0.650442715,6.39,34.42862136,37.33766301,20.91275109,194.7053117,12.47248806
2022,"September",19,"620-20",620,20,0,1,3,0.060795023,6.27,22.84868281,34.12586415,21.39847162,191.0974528,12.24137529
2022,"September",19,"620-40",620,40,0,1,3,1.094660079,6.57,9.25175533,42.3945378,16.44786026,167.124677,10.70572363
2022,"September",19,"620-80",620,80,0,1,3,0.886929681,6.75,7.698298013,111.7557261,14.366466,186.2822906,11.93292491
2022,"September",19,"620-120",620,120,0,1,3,1.704823693,6.67,27.78884412,131.5732084,12.50864005,190.0699126,12.17555297
2022,"September",20,"623-10",623,10,3,1,3,1.547550009,6.59,195.5155637,8.963022633,15.16288833,193.3256671,12.38411058
2022,"September",20,"623-20",623,20,3,1,3,1.914942356,6.56,168.6191723,16.15743404,5.137330006,156.7148378,10.03888859
2022,"September",20,"623-40",623,40,3,1,3,1.188795759,6.74,104.6499682,103.006677,2.855246413,157.6366516,10.09793828
2022,"September",20,"623-80",623,80,3,1,3,1.441476902,6.7,295.1088084,368.763531,0.753733624,177.5652412,11.37452685
2022,"September",20,"623-120",623,120,3,1,3,1.783687221,6.72,402.1603853,397.8609282,0.3247068,161.7477094,10.36128503
2022,"September",20,"630-10",630,10,0,1,3,0.21848641,6.22,57.75526729,7.763954065,28.36240175,214.4600423,13.73793956
2022,"September",20,"630-20",630,20,0,1,3,0.715884452,6.39,34.66715753,1.448859606,8.004787898,107.446299,6.882837139
2022,"September",20,"630-40",630,40,0,1,3,0.453528981,6.37,22.12291617,17.99600585,14.57359638,146.9102426,9.410824357
2022,"September",20,"630-80",630,80,0,1,3,0.792311197,6.39,28.6079437,23.27190755,13.51315034,142.0179915,9.097435805
2022,"September",20,"630-120",630,120,0,1,3,0.768563817,6.64,40.21999831,41.25793607,12.38693699,148.6755205,9.52390479
2022,"September",20,"633-10",633,10,3,1,3,0.922518509,6.5,200.5884551,30.53325253,22.20370243,205.0498449,13.13513972
2022,"September",20,"633-20",633,20,3,1,3,0.453528981,6.62,450.3594189,44.38577455,9.479036182,183.4829704,11.75360564
2022,"September",20,"633-40",633,40,3,1,3,1.895616233,6.81,217.5097649,214.682202,0.574756706,182.9529365,11.71965265
2022,"September",20,"633-80",633,80,3,1,3,0.6874194,6.97,94.60923233,147.1425424,3.520673737,175.3223639,11.23085228
2022,"September",20,"633-120",633,120,3,1,3,1.00050066,6.87,216.8926142,221.1604958,0.940570805,150.9107362,9.667088579
2023,"May",22,"310-10",310,10,0,0,3,0.525634115,6.49,17.53928186,6.536282499,20.16377105,147.2866291,9.434934977
2023,"May",22,"310-20",310,20,0,0,3,0.088056985,6.52,27.09994084,5.101890349,24.45952901,170.5217687,10.92333504
2023,"May",22,"310-40",310,40,0,0,3,0.542077611,6.77,20.91130506,41.95565164,20.61671241,181.9898054,11.65795625
2023,"May",22,"310-80",310,80,0,0,3,0.715258139,6.87,38.33858484,153.0855923,6.259762944,166.5080367,10.66622279
2023,"May",22,"310-120",310,120,0,0,3,0.894237287,6.9,55.57411388,156.1638117,7.800302558,172.5555769,11.05361703
2023,"May",24,"311-10",311,10,1,0,3,0.326081143,6.65,19.23686695,4.934087255,17.5375889,144.2775261,9.242177408
2023,"May",22,"311-20",311,20,1,0,3,0.042368009,6.67,40.70871897,12.96385609,20.81098253,175.5485106,11.24533882
2023,"May",22,"311-40",311,40,1,0,3,0.032357965,6.72,48.99647244,67.76811353,16.52048347,178.9441608,11.46285789
2023,"May",22,"311-80",311,80,1,0,3,0.045408629,6.86,19.28033286,207.2307778,2.064644417,172.3426065,11.03997454
2023,"May",22,"311-120",311,120,1,0,3,0.613159097,7.16,75.46387874,174.6403348,3.391996257,169.7912073,10.87653663
2023,"May",22,"312-10",312,10,2,0,3,0.048667465,6.57,118.0647183,24.67198847,19.54602308,151.7927616,9.723589494
2023,"May",22,"312-20",312,20,2,0,3,0.046829155,6.74,321.4803556,103.6307999,12.08852152,171.6836474,10.99776284
2023,"May",22,"312-40",312,40,2,0,3,0.113535507,6.95,150.638264,305.6963246,3.832563943,181.3073963,11.61424239
2023,"May",22,"312-80",312,80,2,0,3,0.133464517,6.93,300.1015856,371.8932313,1.954660012,173.2198956,11.09617206
2023,"May",24,"312-120",312,120,2,0,3,0.048667465,6.88,123.6288714,308.6618992,3.134937617,172.803103,11.06947309
2023,"May",22,"313-10",313,10,3,0,3,0.062267602,6.68,352.5433306,14.95698209,19.77393637,163.0367757,10.44386024
2023,"May",24,"313-20",313,20,3,0,3,0.064711959,6.72,140.7434164,71.01940241,13.77154398,171.5681664,10.99036534
2023,"May",24,"313-40",313,40,3,0,3,0.410828092,6.75,169.6662781,103.6513665,8.91106675,181.7973992,11.64563106
2023,"May",22,"313-80",313,80,3,0,3,0.068296102,6.86,307.6404356,713.5059039,2.101475359,160.075622,10.25417421
2023,"May",22,"313-120",313,120,3,0,3,0.036320216,6.69,389.1534205,320.6932757,9.079750468,170.5046939,10.92224126
2023,"May",22,"320-10",320,10,0,0,3,0.277390492,6.34,22.55030383,8.09834248,22.35570805,150.142567,9.617881078
2023,"May",22,"320-20",320,20,0,0,3,0.525634115,6.44,40.71086895,3.005654415,22.8966937,167.2176305,10.71167806
2023,"May",22,"320-40",320,40,0,0,3,1.043139539,6.89,16.85028605,78.16519763,17.6702277,182.3573822,11.68150254
2023,"May",22,"320-80",320,80,0,0,3,0.965823106,6.83,19.56312644,176.6508676,8.797149095,173.9379859,11.14217159
2023,"May",22,"320-120",320,120,0,0,3,0.039227736,6.6,8.640242326,4.239314818,21.63635995,143.5465472,9.195352256
2023,"May",22,"321-10",321,10,1,0,3,0.537919129,6.54,51.19041995,9.07472698,20.56741422,158.9318702,10.18090758
2023,"May",22,"321-20",321,20,1,0,3,0.873814667,6.64,116.675839,55.61743999,21.09888022,185.4554302,11.87995777
2023,"May",22,"321-40",321,40,1,0,3,1.118002414,6.75,96.15787164,77.51061589,15.34929507,184.5055346,11.81910921
2023,"May",22,"321-80",321,80,1,0,3,1.816122264,6.86,99.27927905,243.5931593,1.951319401,177.6967645,11.38295199
2023,"May",22,"321-120",321,120,1,0,3,7.152581389,6.87,88.08800422,279.8310328,3.021787274,176.0341016,11.27644488
2023,"May",22,"322-10",322,10,2,0,3,0.80904842,6.54,79.57576236,18.29286546,20.53145352,158.9511678,10.18214375
2023,"May",22,"322-20",322,20,2,0,3,2.433522598,6.79,182.2531218,112.7846333,12.14314722,177.0619351,11.342286
2023,"May",22,"322-40",322,40,2,0,3,1.707612124,6.95,122.6326999,160.5686014,7.415923269,177.8279577,11.39135599
2023,"May",22,"322-80",322,80,2,0,3,1.581045665,7.01,130.8665497,343.5322357,2.463646288,177.0130494,11.33915447
2023,"May",22,"322-120",322,120,2,0,3,3.337022458,6.93,140.9805259,145.3320583,3.969323144,177.9298082,11.39788034
2023,"May",22,"323-10",323,10,3,0,3,0.443512446,6.31,77.22931541,7.917567493,27.780864,160.8399295,10.30313433
2023,"May",22,"323-20",323,20,3,0,3,2.224357135,6.91,95.50502277,128.4368313,12.07782283,177.8366008,11.39190965
2023,"May",22,"323-40",323,40,3,0,3,1.72853878,6.78,153.2601622,206.9529353,7.464959451,182.8501072,11.71306559
2023,"May",22,"323-80",323,80,3,0,3,2.591692915,6.97,234.6168667,342.2970231,1.697694947,178.0517179,11.40568965
2023,"May",22,"323-120",323,120,3,0,3,0.13881143,6.78,69.17082069,173.2506791,1.587510917,161.7558843,10.3618087
2023,"May",22,"330-10",330,10,0,0,3,0.209724222,6.42,6.331024198,3.684738622,19.26472551,137.3706685,8.799736891
2023,"May",22,"330-20",330,20,0,0,3,0.493595428,6.43,9.204682832,5.030932979,23.06441672,155.0720959,9.933657581
2023,"May",22,"330-40",330,40,0,0,3,0.804977991,6.61,12.58372928,14.38278175,20.86205552,166.7251086,10.68012802
2023,"May",22,"330-80",330,80,0,0,3,1.292882275,6.71,25.9646099,78.59182882,12.26497817,156.8256023,10.04598395
2023,"May",22,"330-120",330,120,0,0,3,1.506392017,6.67,38.8798056,128.4758024,6.716281971,160.278158,10.26714828
2023,"May",22,"331-10",331,10,1,0,3,0.321743559,6.32,8.189033918,5.28310882,21.21406737,145.263811,9.305356995
2023,"May",22,"331-20",331,20,1,0,3,0.868907445,6.68,14.72266927,11.7042519,20.6727199,162.5957913,10.41561159
2023,"May",22,"331-40",331,40,1,0,3,1.012400947,6.8,14.42711916,31.44592272,15.34351528,172.4533427,11.0470681
2023,"May",22,"331-80",331,80,1,0,3,1.894552052,6.9,21.09849635,164.7352957,5.229185901,168.4237856,10.78894212
2023,"May",22,"331-120",331,120,1,0,3,2.224357135,6.91,43.42639164,160.8970564,2.435077979,163.4143075,10.46804422
2023,"May",23,"332-10",332,10,2,0,3,0.680404347,6.41,14.8977014,8.839403515,19.1430131,139.6809309,8.947728023
2023,"May",23,"332-20",332,20,2,0,3,0.740074675,6.55,41.14216612,33.10998392,22.33228946,162.8463554,10.43166226
2023,"May",23,"332-40",332,40,2,0,3,2.108491521,6.86,49.58694073,107.0580409,16.37708983,176.5527504,11.30966857
2023,"May",23,"332-80",332,80,2,0,3,3.856283947,6.84,73.76474602,324.4963135,0.294688085,159.6991509,10.23005816
2023,"May",23,"332-120",332,120,2,0,3,2.862397259,6.81,92.2442566,220.1475137,2.565286962,158.4980874,10.15312026
2023,"May",23,"333-10",333,10,3,0,3,1.135368421,6.74,107.9496073,15.99412384,19.2217093,166.5001721,10.665719
2023,"May",23,"333-20",333,20,3,0,3,2.108491521,6.91,185.4007434,174.7713842,3.414429195,178.5580959,11.43812729
2023,"May",23,"333-40",333,40,3,0,3,2.076509663,7,135.3416836,265.4202561,2.100280724,173.4986714,11.11402992
2023,"May",23,"333-80",333,80,3,0,3,2.818980066,6.83,433.076764,502.7639004,0,162.176725,10.38876697
2023,"May",23,"333-120",333,120,3,0,3,2.124666694,6.8,374.426226,417.9614724,2.155009357,158.0507504,10.12446467
2023,"May",23,"440-10",440,10,0,0,4,0.433459932,6.49,12.9832146,3.962414768,15.94838428,130.833763,8.380994818
2023,"May",23,"440-20",440,20,0,0,4,0.701524567,6.5,86.79646543,9.476245912,15.66135995,135.4116305,8.674244536
2023,"May",23,"440-40",440,40,0,0,4,1.206947614,6.79,162.1853195,106.1238982,12.10113225,146.7661862,9.401596369
2023,"May",23,"440-80",440,80,0,0,4,1.676499092,7.13,254.4656101,348.675869,9.775470992,140.0076079,8.968654348
2023,"May",23,"440-120",440,120,0,0,4,0.659919976,7.26,102.6729286,366.5571817,5.792710543,140.0988688,8.974500354
2023,"May",23,"441-10",441,10,1,0,4,0.774799354,6.61,67.82135796,34.15793558,13.85745165,130.3674528,8.351123843
2023,"May",23,"441-20",441,20,1,0,4,1.012400947,6.88,40.1807912,68.05964854,10.65723019,133.6671368,8.5624955
2023,"May",23,"441-40",441,40,1,0,4,1.62602612,6.96,53.57046267,220.297134,4.314061135,132.5286432,8.489565703
2023,"May",23,"441-80",441,80,1,0,4,1.427924835,7.12,67.50178038,384.1399191,2.771341235,127.6820508,8.179101961
2023,"May",23,"441-120",441,120,1,0,4,1.938489244,6.77,124.9974355,447.8823105,0.908945727,126.2334415,8.086306729
2023,"May",23,"442-10",442,10,2,0,4,0.71158694,6.54,62.84777462,6.368922889,16.51122895,132.559732,8.491557198
2023,"May",23,"442-20",442,20,2,0,4,1.441899795,6.74,138.4214553,48.66550252,11.11930131,130.6224937,8.367461292
2023,"May",23,"442-40",442,40,2,0,4,1.31368181,6.99,90.98821606,106.0599257,4.114635059,129.5080113,8.296069613
2023,"May",23,"442-80",442,80,2,0,4,2.810542473,6.79,255.997192,292.8263207,0.687916407,126.5034386,8.103602248
2023,"May",23,"442-120",442,120,2,0,4,1.408717328,6.66,109.663751,47.94894395,13.02773238,134.0827419,8.589118392
2023,"May",23,"443-10",443,10,3,0,4,0.970608927,6.77,101.6777086,26.75275791,14.88342171,134.0797941,8.588929561
2023,"May",23,"443-20",443,20,3,0,4,1.387021015,6.9,107.0256003,93.06885082,6.728175296,140.2770748,8.985915896
2023,"May",23,"443-40",443,40,3,0,4,1.778017746,7,167.3032161,129.239592,5.925024953,143.0553935,9.163889856
2023,"May",23,"443-80",443,80,3,0,4,1.997524932,6.82,196.4439102,216.8860802,2.316481597,134.5041777,8.616114792
2023,"May",23,"443-120",443,120,3,0,4,2.125472406,6.74,127.7726019,179.8894063,3.837233313,132.437292,8.483713914
2023,"May",23,"450-10",450,10,0,0,4,0.282585217,6.35,10.14994892,2.210599257,13.44357143,118.1794951,7.570385822
2023,"May",23,"450-20",450,20,0,0,4,0.482733655,6.43,19.45730217,2.960474527,13.17460075,118.1523441,7.568646584
2023,"May",23,"450-40",450,40,0,0,4,1.187612841,6.64,72.78751804,27.42907035,11.12767311,127.7139379,8.181144594
2023,"May",23,"450-80",450,80,0,0,4,1.723671338,6.76,196.3246348,255.7775376,2.009354336,117.3943752,7.520092494
2023,"May",26,"450-120",450,120,0,0,4,2.369415257,6.75,102.9972192,311.6703254,1.92441048,115.9302398,7.426302689
2023,"May",23,"451-10",451,10,1,0,4,0.99347171,6.71,28.97558132,4.561283885,11.6357985,119.9806234,7.685762772
2023,"May",23,"451-20",451,20,1,0,4,1.464454544,6.76,66.52669131,21.13886579,11.01352464,124.7955515,7.994198156
2023,"May",23,"451-40",451,40,1,0,4,2.226783108,6.78,229.3104511,157.6044681,4.058630692,128.4133145,8.225945364
2023,"May",23,"451-80",451,80,1,0,4,2.332922786,6.8,184.1985529,196.2218527,4.894791017,128.1566827,8.209506001
2023,"May",23,"451-120",451,120,1,0,4,2.351098221,6.95,278.7142509,296.0136926,1.712838428,122.9965755,7.87895908
2023,"May",23,"452-10",452,10,2,0,4,0.695211176,6.66,18.18856903,6.79405732,14.06348721,126.9954781,8.135121388
2023,"May",23,"452-20",452,20,2,0,4,0.955660126,6.77,48.55598849,12.0586507,15.10915783,136.8431114,8.765942558
2023,"May",23,"452-40",452,40,2,0,4,1.37629849,6.84,67.15464867,99.68839736,8.968552714,140.0438449,8.97097562
2023,"May",23,"452-80",452,80,2,0,4,2.876745061,6.86,191.2615949,238.547425,1.984422957,128.3520733,8.222022367
2023,"May",23,"452-120",452,120,2,0,4,3.013865194,6.91,187.5144848,297.4378291,1.160941984,127.5809337,8.172624589
2023,"May",23,"453-10",453,10,3,0,4,0.572606864,6.57,32.79899378,7.140639725,18.56904866,144.0660705,9.228631955
2023,"May",23,"453-20",453,20,3,0,4,1.187612841,6.75,99.27898951,40.77171684,15.40587336,140.7048322,9.013317244
2023,"May",23,"453-40",453,40,3,0,4,1.558257258,6.7,239.5935517,177.9502744,4.982632564,145.8821495,9.344966615
2023,"May",23,"453-80",453,80,3,0,4,2.192487381,6.95,216.1349217,382.6585177,0.59205864,130.0987532,8.333911446
2023,"May",23,"453-120",453,120,3,0,4,2.661934089,6.89,286.7298807,251.9139642,4.207245789,140.9675853,9.030148726
2023,"May",26,"460-10",460,10,0,0,4,0.298361164,6.47,3.046551325,3.163811741,16.52353088,119.265591,7.639959116
2023,"May",23,"460-20",460,20,0,0,4,0.781039256,6.58,13.09854194,20.44758579,14.53435745,126.1600085,8.081602746
2023,"May",23,"460-40",460,40,0,0,4,0.919287652,7,16.53638241,102.8959477,9.409641298,125.7109845,8.052839101
2023,"May",23,"460-80",460,80,0,0,4,2.175538106,6.93,89.14309591,248.2780642,4.120311915,121.4961044,7.782841678
2023,"May",23,"460-120",460,120,0,0,4,1.215587172,6.77,91.38504586,198.3042297,5.013378041,121.4869224,7.7822535
2023,"May",26,"461-10",461,10,1,0,4,0.208787038,6.35,1.768170894,6.123232995,18.27305989,140.4825585,8.999078807
2023,"May",23,"461-20",461,20,1,0,4,0.614030891,6.44,6.170824681,2.54637175,15.51937305,130.1919069,8.339878702
2023,"May",23,"461-40",461,40,1,0,4,1.082006802,6.8,12.73190428,57.75519707,13.18448846,137.9799944,8.838769176
2023,"May",23,"461-80",461,80,1,0,4,1.684004457,6.94,32.65731726,166.8259327,5.132273862,119.3549478,7.64568315
2023,"May",23,"461-120",461,120,1,0,4,2.044576817,6.88,67.43572596,246.6780864,1.27669058,118.3932102,7.584076015
2023,"May",23,"462-10",462,10,2,0,4,0.586094672,6.48,17.55433486,5.363878264,16.51540861,133.2613992,8.536504696
2023,"May",23,"462-20",462,20,2,0,4,1.082006802,6.63,48.7082282,10.53667055,12.97856207,128.8191678,8.251943577
2023,"May",23,"462-40",462,40,2,0,4,1.546210972,6.91,65.88200016,107.147292,9.169310667,138.4233568,8.867170156
2023,"May",23,"462-80",462,80,2,0,4,2.56062074,6.89,160.9583429,184.8149565,0.796999376,122.0236192,7.816633301
2023,"May",23,"462-120",462,120,2,0,4,3.412324687,6.89,169.5907121,309.8447808,0.618424828,124.8238928,7.996013649
2023,"May",23,"463-10",463,10,3,0,4,0.259462711,6.36,27.18185058,6.169188979,22.0942514,145.5734245,9.325190265
2023,"May",23,"463-20",463,20,3,0,4,1.31368181,6.84,154.2229309,35.09612506,11.53780724,142.3443131,9.118339361
2023,"May",23,"463-40",463,40,3,0,4,1.73710019,7.02,150.193108,231.8723322,5.373427948,141.3466742,9.054432457
2023,"May",23,"463-80",463,80,3,0,4,3.037345744,6.84,325.4806551,319.6370641,0,128.2166573,8.213347864
2023,"May",23,"463-120",463,120,3,0,4,2.27923519,6.96,185.7136526,207.6846832,2.158693075,126.5252186,8.104997433
2023,"May",24,"610-10",610,10,0,1,3,0.029959626,5.98,1.211732327,4.036421088,24.4992826,141.879086,9.088537775
2023,"May",24,"610-20",610,20,0,1,3,0.070977112,6.17,1.665099448,8.477798104,28.42475047,166.3589309,10.65667135
2023,"May",24,"610-40",610,40,0,1,3,0.567712374,6.69,2.97734621,3.223127668,26.46638178,188.7624937,12.09180213
2023,"May",24,"610-80",610,80,0,1,3,0.173411619,7.36,2.48481194,17.31315483,16.07125702,164.4597913,10.53501598
2023,"May",22,"610-120",610,120,0,1,3,1.179924211,6.84,19.19834709,106.7421697,13.78470056,163.2690635,10.45874016
2023,"May",22,"613-10",613,10,3,1,3,0.113535507,6.64,113.2519534,8.195576251,22.7685995,159.0015853,10.1853734
2023,"May",22,"613-20",613,20,3,1,3,0.026283319,6.84,152.3992195,11.30578192,22.96689956,189.1891594,12.11913355
2023,"May",22,"613-40",613,40,3,1,3,0.036320216,6.92,246.8683558,104.7421697,19.23043356,208.7671283,13.37326202
2023,"May",22,"613-80",613,80,3,1,3,0.024335226,6.92,146.7609411,305.5441543,8.44378665,198.0749901,12.68834343
2023,"May",22,"613-120",613,120,3,1,3,0.062267602,6.96,323.3020868,550.0435168,4.724291953,187.8049281,12.03046225
2023,"May",22,"620-10",620,10,0,1,3,0.11094258,6.58,5.392487775,6.477908975,24.18722084,153.1519605,9.810657259
2023,"May",22,"620-20",620,20,0,1,3,0.12646037,6.45,6.439669679,3.460945729,26.54143481,176.0872835,11.27985162
2023,"May",22,"620-40",620,40,0,1,3,0.447146083,6.75,6.960250663,6.328288708,22.7022146,192.5015938,12.33132197
2023,"May",24,"620-80",620,80,0,1,3,0.22705708,7.15,1.296545403,27.42546704,17.28255147,179.4447447,11.49492437
2023,"May",22,"620-120",620,120,0,1,3,0.567712374,6.96,17.06141374,125.8239925,13.46178415,181.0786742,11.59959087
2023,"May",22,"623-10",623,10,3,1,3,0.505042565,6.58,45.20093066,4.025223128,22.19526201,147.5526121,9.451973361
2023,"May",22,"623-20",623,20,3,1,3,1.068034302,6.75,107.8929071,7.956704917,18.36067062,172.3465557,11.04022752
2023,"May",22,"623-40",623,40,3,1,3,1.17061104,6.99,46.19490777,60.55263596,14.74360262,182.8748773,11.71465232
2023,"May",22,"623-80",623,80,3,1,3,2.382731346,6.96,114.8286212,283.4562892,3.894529008,173.4096756,11.10832901
2023,"May",22,"623-120",623,120,3,1,3,2.328725102,7,36.72767909,108.0928544,2.381699938,167.1008265,10.70419581
2023,"May",22,"630-10",630,10,0,1,3,0.040557771,5.97,9.60270126,3.418205,23.8803587,138.7420367,8.887584196
2023,"May",25,"630-20",630,20,0,1,3,0.237001892,6.46,1.963417664,5.564942624,27.23663132,162.1040113,10.38410907
2023,"May",22,"630-40",630,40,0,1,3,0.238820038,6.63,4.675255603,7.964188702,20.84342483,166.8177433,10.68606202
2023,"May",22,"630-80",630,80,0,1,3,0.862292417,6.67,10.02912717,15.62254005,16.11098565,152.4696643,9.766950627
2023,"May",22,"630-120",630,120,0,1,3,0.58844653,6.94,4.791211004,29.20799379,14.68446039,145.8716248,9.344292424
2023,"May",23,"633-10",633,10,3,1,3,0.358075971,6.61,115.4741495,7.657575254,22.29920774,158.7464739,10.16903144
2023,"May",23,"633-20",633,20,3,1,3,1.427924835,6.9,220.1476334,18.52076057,10.02769183,179.8108858,11.51837869
2023,"May",23,"633-40",633,40,3,1,3,1.004693497,7,182.63451,126.8834747,4.394613225,181.9343836,11.65440604
2023,"May",23,"633-80",633,80,3,1,3,1.755161281,6.93,315.5104637,330.1716281,1.255056145,167.0203808,10.69904261
2023,"May",23,"633-120",633,120,3,1,3,0.94510918,6.88,227.4025478,217.304008,3.717800998,148.249701,9.496627583
2023,"July",11,"310-10",310,10,0,0,3,1.096875071,6.32,41.5574068,1.658850269,17.98025265,172.3023921,11.03739848
2023,"July",11,"310-20",310,20,0,0,3,0.999899063,6.24,41.75620777,11.71838794,19.21341547,164.124488,10.51353707
2023,"July",11,"310-40",310,40,0,0,3,1.279849318,6.47,15.76926533,37.95969843,17.57121959,159.3014584,10.20458272
2023,"July",11,"310-80",310,80,0,0,3,2.113071951,6.69,66.55113542,163.0594822,5.251300686,150.8313286,9.662001874
2023,"July",11,"310-120",310,120,0,0,3,1.986614565,6.73,78.62055119,134.6834082,6.648802246,152.5551227,9.772424934
2023,"July",11,"311-10",311,10,1,0,3,1.481871115,6.39,63.32452428,1.158434503,16.54917342,167.7403413,10.74516195
2023,"July",11,"311-20",311,20,1,0,3,1.231426294,6.42,38.69011263,20.92272299,18.28327199,162.9258984,10.43675764
2023,"July",11,"311-40",311,40,1,0,3,0.969517888,6.39,41.35463511,44.60801597,16.44476918,166.2971142,10.65271149
2023,"July",11,"311-80",311,80,1,0,3,1.148835028,6.62,37.61891397,123.4983092,5.172114785,159.2155684,10.19908076
2023,"July",11,"311-120",311,120,1,0,3,1.393188121,6.7,74.62163402,118.588669,5.814466625,158.9112271,10.17958522
2023,"July",11,"312-10",312,10,2,0,3,1.140007176,6.3,143.0680654,13.74732524,20.99780724,185.3199944,11.871282
2023,"July",11,"312-20",312,20,2,0,3,1.755950525,6.54,325.8924221,119.4955929,10.38014036,156.6594528,10.03534072
2023,"July",11,"312-40",312,40,2,0,3,1.89676319,6.8,140.7266612,224.4635512,2.604766064,157.6647701,10.09973949
2023,"July",17,"312-80",312,80,2,0,3,1.613100233,6.63,144.271406,264.7285881,1.410764192,158.130646,10.12958264
2023,"July",11,"312-120",312,120,2,0,3,1.797059789,6.61,291.2287868,322.6010865,3.228265752,1.4148378,0.090657892
2023,"July",11,"313-10",313,10,3,0,3,1.600704885,6.42,297.8043075,33.81196297,16.36591391,179.9549111,11.52760469
2023,"July",11,"313-20",313,20,3,0,3,1.330176467,6.55,306.4616792,77.70585953,9.939126638,170.3853568,10.91459675
2023,"July",11,"313-40",313,40,3,0,3,1.663648945,6.59,240.6285144,93.9169577,6.87562383,165.9907532,10.63308657
2023,"July",11,"313-80",313,80,3,0,3,1.50491025,6.69,543.6339099,602.2481291,0.429996881,144.602409,9.262988808
2023,"July",11,"313-120",313,120,3,0,3,1.382482616,6.65,353.0051943,172.6142802,5.362754211,153.9571255,9.862234641
2023,"July",11,"320-10",320,10,0,0,3,0.775181496,6.11,50.91389087,0.823382671,22.25444167,190.474141,12.2014471
2023,"July",11,"320-20",320,20,0,0,3,1.299747554,6.42,38.00512944,23.0306558,15.46488147,158.7259972,10.16771974
2023,"July",11,"320-40",320,40,0,0,3,0.947339346,6.6,23.6180251,80.51649205,15.60705864,160.1082736,10.25626581
2023,"July",11,"320-80",320,80,0,0,3,1.783250863,6.62,69.67239,224.2037253,5.565271366,149.8905303,9.601736075
2023,"July",11,"320-120",320,120,0,0,3,0.469513359,6.16,19.56796619,2.271633683,23.21116656,200.5921946,12.84959089
2023,"July",11,"321-10",321,10,1,0,3,0.940059822,6.35,79.73248655,10.73840013,19.79228946,178.7625783,11.45122605
2023,"July",11,"321-20",321,20,1,0,3,1.166696343,6.35,89.34097931,36.42397029,18.07604803,167.4724795,10.72800322
2023,"July",11,"321-40",321,40,1,0,3,1.140007176,6.56,59.2072795,75.62348245,14.79382096,165.7465501,10.61744337
2023,"July",11,"321-80",321,80,1,0,3,1.516563795,6.72,92.39446685,231.542325,2.856519027,168.7970578,10.81285325
2023,"July",11,"321-120",321,120,1,0,3,1.663648945,6.64,112.0774831,196.1488996,4.562267623,171.8678364,11.00956164
2023,"July",11,"322-10",322,10,2,0,3,1.047265179,6.28,77.72568213,11.77942236,22.62639738,203.6964231,13.04844203
2023,"July",11,"322-20",322,20,2,0,3,1.715781671,6.52,237.5530555,84.58201674,12.97190268,176.7011791,11.31917664
2023,"July",11,"322-40",322,40,2,0,3,1.528307582,6.67,137.4612693,183.6966572,5.682510917,166.7863018,10.68404794
2023,"July",11,"322-80",322,80,2,0,3,1.564087406,6.77,161.2738396,263.3490216,1.253836556,166.0626291,10.6376908
2023,"July",11,"322-120",322,120,2,0,3,1.926252788,6.61,163.4398701,246.906425,3.553533999,159.51211,10.21807667
2023,"July",11,"323-10",323,10,3,0,3,0.531761517,6.25,101.7827167,17.19929043,30.84789145,239.003622,15.31015587
2023,"July",11,"323-20",323,20,3,0,3,1.427908313,6.76,266.9578625,172.3180332,8.205196507,175.4074584,11.23630328
2023,"July",11,"323-40",323,40,3,0,3,1.336168105,6.71,256.089194,202.4961472,6.532542109,178.9804598,11.46518314
2023,"July",11,"323-80",323,80,3,0,3,1.103947294,6.82,186.1922568,221.6312989,4.496459763,169.4021495,10.8516143
2023,"July",11,"323-120",323,120,3,0,3,1.007614503,6.49,21.31171747,207.2678086,0.698658765,160.9950945,10.31307391
2023,"July",11,"330-10",330,10,0,0,3,0.328573512,6.36,34.91338211,6.120793836,17.98854959,169.4098618,10.85210834
2023,"July",11,"330-20",330,20,0,0,3,0.391142949,6.28,18.20566051,8.18975553,18.35737056,153.3803554,9.825287815
2023,"July",11,"330-40",330,40,0,0,3,0.167739535,6.68,6.931117507,8.903265148,19.8762539,152.8463639,9.791081305
2023,"July",11,"330-80",330,80,0,0,3,0.540663075,6.5,22.39086593,34.61954654,14.48680911,149.1859972,9.556604985
2023,"July",11,"330-120",330,120,0,0,3,0.523006515,6.55,80.62907626,74.93586119,8.150888958,146.2163921,9.366377578
2023,"July",11,"331-10",331,10,1,0,3,0.023849721,6.44,5.824361581,8.35650535,24.42577667,192.7799605,12.34915363
2023,"July",11,"331-20",331,20,1,0,3,0.654394245,6.37,27.73659678,8.268972781,18.00556457,153.2804683,9.818889228
2023,"July",11,"331-40",331,40,1,0,3,0.354059844,6.52,20.86016914,19.81196297,16.29036806,164.16222,10.51595411
2023,"July",11,"331-80",331,80,1,0,3,0.461778341,6.67,40.99642027,71.08963912,8.736225827,154.7956248,9.915947354
2023,"July",11,"331-120",331,120,1,0,3,1.271252104,6.7,143.09864,106.4271855,2.792551466,152.7659859,9.785932439
2023,"July",17,"332-10",332,10,2,0,3,0.904546037,6.32,44.30063084,14.1881479,20.15902371,185.456866,11.88004974
2023,"July",17,"332-20",332,20,2,0,3,0.99928532,6.5,63.78217204,41.21109818,18.03688085,169.3861016,10.8505863
2023,"July",17,"332-40",332,40,2,0,3,0.875006068,6.63,46.00730419,69.46515882,17.46359638,174.2926065,11.16488793
2023,"July",17,"332-80",332,80,2,0,3,1.957431727,6.72,131.9259113,180.8357448,0.233767935,166.0380056,10.63611347
2023,"July",17,"332-120",332,120,2,0,3,1.973747196,6.71,286.7649515,402.9965076,0.185455396,156.2530296,10.00930601
2023,"July",17,"333-10",333,10,3,0,3,0.974708603,6.64,153.9966682,30.70502799,12.85728634,168.0703977,10.76630475
2023,"July",17,"333-20",333,20,3,0,3,1.699821343,6.67,313.1561421,157.4455901,1.382897692,157.854457,10.11189048
2023,"July",17,"333-40",333,40,3,0,3,1.07679649,6.61,327.379246,287.100061,0.193746101,172.1324062,11.0265095
2023,"July",17,"333-80",333,80,3,0,3,1.189576739,6.65,221.7520473,378.8395698,0.370714286,152.2946037,9.755736566
2023,"July",17,"333-120",333,120,3,0,3,0.527365848,6.75,277.41949,236.9435113,4.484070493,146.6567193,9.394584125
2023,"July",17,"440-10",440,10,0,0,4,1.219571232,6.48,105.1700924,19.92244581,8.819791017,159.3560705,10.20808107
2023,"July",17,"440-20",440,20,0,0,4,0.882299366,6.43,165.7492672,8.165807417,10.5673456,141.2257602,9.046686932
2023,"July",17,"440-40",440,40,0,0,4,1.024481724,6.54,293.5574242,113.2558346,9.296915159,133.7936925,8.570602425
2023,"July",17,"440-80",440,80,0,0,4,1.150728456,7.17,132.3625214,355.7301957,0.048247037,128.8842482,8.256112506
2023,"July",17,"440-120",440,120,0,0,4,-99,-99,-99,-99,-99,-99,-99
2023,"July",17,"441-10",441,10,1,0,4,1.281848169,6.52,81.02366759,66.07766506,8.815605115,143.3133117,9.180411618
2023,"July",17,"441-20",441,20,1,0,4,1.041631298,6.55,110.4741967,108.5012473,7.864529008,131.9158702,8.450312603
2023,"July",17,"441-40",441,40,1,0,4,0.882299366,6.75,123.4530799,111.3438106,8.145162196,133.6745106,8.56296785
2023,"July",17,"441-80",441,80,1,0,4,1.209489963,6.85,142.3732822,432.3429237,0,121.3148463,7.771230619
2023,"July",17,"441-120",441,120,1,0,4,1.239986556,6.55,394.5395506,361.1479018,1.237005614,118.3517884,7.581422616
2023,"July",17,"442-10",442,10,2,0,4,2.584986085,6.52,96.3983601,42.40074283,6.295867124,164.7714076,10.55497754
2023,"July",17,"442-20",442,20,2,0,4,2.15940056,6.59,96.5891705,66.38305893,6.379950094,141.0565557,9.035848004
2023,"July",17,"442-40",442,40,2,0,4,2.193444691,6.71,143.0138009,170.7850213,1.941294448,134.0574443,8.587497875
2023,"July",17,"442-80",442,80,2,0,4,2.044353696,6.68,246.8181984,351.4269638,0.313774173,127.4327983,8.163135309
2023,"July",17,"442-120",442,120,2,0,4,1.350606582,6.7,134.7921974,229.4579522,4.343315658,129.7324429,8.310446286
2023,"July",17,"443-10",443,10,3,0,4,1.668171965,6.58,158.75973,46.35107268,7.619678727,161.3958392,10.33874488
2023,"July",17,"443-20",443,20,3,0,4,1.043365496,6.64,112.3434778,50.42092134,8.059794136,144.5631932,9.260476716
2023,"July",17,"443-40",443,40,3,0,4,1.404470293,6.7,166.3430569,141.4201452,6.679678727,142.2241777,9.11064371
2023,"July",17,"443-80",443,80,3,0,4,0.812345574,6.55,214.3111629,236.2675315,2.923680599,134.6614133,8.62618701
2023,"July",17,"443-120",443,120,3,0,4,1.20109615,6.51,158.7383715,229.4236931,4.661656269,136.1409365,8.720962533
2023,"July",17,"450-10",450,10,0,0,4,1.298808632,6.48,13.06566057,7.014191474,10.21146288,176.4427475,11.30262199
2023,"July",17,"450-20",450,20,0,0,4,0.878432124,6.46,12.09063623,9.19169577,10.99895197,153.4995684,9.832924378
2023,"July",17,"450-40",450,40,0,0,4,1.155032167,6.38,46.12164883,32.22856034,10.47817842,134.0498984,8.587014502
2023,"July",17,"450-80",450,80,0,0,4,1.371899634,6.88,131.8755241,271.8605799,0.635084217,122.2997518,7.834321843
2023,"July",17,"450-120",450,120,0,0,4,1.81804634,6.62,213.4994254,444.547425,1.088431067,119.3511537,7.645440109
2023,"July",17,"451-10",451,10,1,0,4,2.667136029,6.63,80.94401576,49.01746217,2.110929507,156.4631312,10.02276473
2023,"July",17,"451-20",451,20,1,0,4,1.935436209,6.52,139.937942,24.16918898,7.349092327,136.0422539,8.714641105
2023,"July",17,"451-40",451,40,1,0,4,1.642280515,6.62,212.3399275,150.9007151,3.743340611,131.0343526,8.393844215
2023,"July",17,"451-80",451,80,1,0,4,1.530652792,6.61,225.0313561,257.2897056,4.610193387,128.4028209,8.22527316
2023,"July",17,"451-120",451,120,1,0,4,1.846708835,6.71,300.3798695,356.0990631,1.830470992,123.6314048,7.919625073
2023,"July",17,"452-10",452,10,2,0,4,2.245519885,6.6,130.2086177,59.1531127,5.53305053,161.2347109,10.32842329
2023,"July",17,"452-20",452,20,2,0,4,1.229611715,6.5,19.32919482,11.05975941,12.73771366,153.1842793,9.812727539
2023,"July",17,"452-40",452,40,2,0,4,1.542671396,6.54,77.42883271,157.8875769,6.325757954,139.7568745,8.952592828
2023,"July",17,"452-80",452,80,2,0,4,1.616790921,6.64,162.2415183,248.156328,3.866671865,133.9277377,8.579189108
2023,"July",17,"452-120",452,120,2,0,4,1.721185881,6.56,161.1390189,279.8413992,3.848923893,131.2723921,8.409092584
2023,"July",17,"453-10",453,10,3,0,4,1.248997217,6.45,88.01615483,53.8723876,19.93032439,194.6710465,12.4702931
2023,"July",17,"453-20",453,20,3,0,4,1.579296396,6.46,176.672071,31.57325794,12.49229258,154.6911199,9.909252961
2023,"July",17,"453-40",453,40,3,0,4,1.506895756,6.5,223.7881974,185.8833638,3.68018403,148.0865444,9.486176076
2023,"July",17,"453-80",453,80,3,0,4,1.832321544,6.72,317.3133779,209.8598592,0.835782907,132.4856276,8.486810209
2023,"July",17,"453-120",453,120,3,0,4,2.125884823,6.59,211.1908701,269.7136759,4.056072988,143.8515374,9.214889359
2023,"July",17,"460-10",460,10,0,0,4,1.31928506,6.53,14.21055731,25.47801985,8.305421085,170.5231791,10.92342539
2023,"July",17,"460-20",460,20,0,0,4,1.748321318,6.42,19.04543342,11.56455458,9.058521522,157.2150042,10.07092832
2023,"July",17,"460-40",460,40,0,0,4,0.694713976,6.72,11.45319424,120.3274017,9.834656893,129.6731312,8.306646888
2023,"July",17,"460-80",460,80,0,0,4,1.721185881,6.68,128.8008452,212.1484007,3.31886151,121.22211,7.765290107
2023,"July",17,"460-120",460,120,0,0,4,0.516095353,6.3,142.756673,275.5524696,3.382461011,124.6528124,7.985054555
2023,"July",17,"461-10",461,10,1,0,4,2.193444691,6.5,49.4467295,21.6850158,5.078231441,182.8155684,11.7108531
2023,"July",17,"461-20",461,20,1,0,4,1.426612535,6.34,28.69356116,7.191806641,10.08974111,152.5236869,9.770411213
2023,"July",17,"461-40",461,40,1,0,4,1.137105083,6.42,8.789657448,62.33006264,13.08083905,139.4793286,8.934813755
2023,"July",17,"461-80",461,80,1,0,4,1.579296396,6.75,28.34036111,239.3412052,4.829912664,128.2175007,8.213401893
2023,"July",17,"461-120",461,120,1,0,4,2.028426598,6.6,98.2979679,269.7768723,1.355339988,127.2210748,8.14957269
2023,"July",17,"462-10",462,10,2,0,4,2.044353696,6.44,64.0623105,16.07456067,3.466734248,169.1248209,10.83384914
2023,"July",17,"462-20",462,20,2,0,4,1.579296396,6.38,72.35601374,9.738289262,8.499597629,153.2810324,9.818925368
2023,"July",17,"462-40",462,40,2,0,4,1.681270363,6.62,61.31650519,101.0750042,7.895021834,140.1272666,8.976319461
2023,"July",17,"462-80",462,80,2,0,4,2.176356059,6.57,218.2254312,253.1561616,0.748923893,128.653103,8.241305768
2023,"July",17,"462-120",462,120,2,0,4,2.390511396,6.57,298.279303,303.2533954,0.758668122,129.5134866,8.296420352
2023,"July",17,"463-10",463,10,3,0,4,1.681270363,6.5,116.8330093,22.01036643,6.226908921,170.1620592,10.90029272
2023,"July",17,"463-20",463,20,3,0,4,1.694471609,6.6,219.1266179,42.38450025,3.632386151,147.340976,9.438416343
2023,"July",17,"463-40",463,40,3,0,4,1.102081328,6.79,167.1175156,192.7758745,4.471834061,142.7747645,9.145913278
2023,"July",17,"463-80",463,80,3,0,4,2.142577158,6.6,343.9594543,427.4051777,0.278190892,134.1946206,8.596285135
2023,"July",17,"463-120",463,120,3,0,4,1.681270363,6.73,196.1746167,304.4609457,5.680511541,132.6178195,8.495278172
2023,"July",11,"610-10",610,10,0,1,3,0.193369655,5.85,5.840550253,1.046122291,23.51528072,176.9878533,11.33754046
2023,"July",17,"610-20",610,20,0,1,3,0.18040043,6.03,2.261974673,6.83009036,25.16014036,158.3947193,10.14649869
2023,"July",17,"610-40",610,40,0,1,3,0.361197808,6.31,3.109023542,8.01995676,24.40275733,168.2079944,10.77511893
2023,"July",11,"610-80",610,80,0,1,3,0.717633262,6.45,11.05489269,39.33549532,13.87520898,154.247512,9.88083626
2023,"July",11,"610-120",610,120,0,1,3,1.34047693,6.53,37.02802743,64.96136149,12.49649719,153.8027729,9.852347098
2023,"July",11,"613-10",613,10,3,1,3,1.055374867,6.4,174.0308526,12.42857143,23.36976294,198.7962285,12.73454462
2023,"July",11,"613-20",613,20,3,1,3,1.240962067,6.61,163.9874331,14.20311547,18.86204928,171.3327447,10.97528466
2023,"July",11,"613-40",613,40,3,1,3,1.403976526,6.58,311.4121462,98.49348634,13.93283219,185.5560903,11.88640586
2023,"July",11,"613-80",613,80,3,1,3,1.528307582,6.77,330.7262504,530.389046,0.66444791,169.3655882,10.84927225
2023,"July",11,"613-120",613,120,3,1,3,1.403976526,6.74,352.5588848,262.6611786,5.046718653,164.8316333,10.55883549
2023,"July",11,"620-10",620,10,0,1,3,0.539447843,6.18,32.24181756,2.48783192,20.44781347,178.7857997,11.45271358
2023,"July",11,"620-20",620,20,0,1,3,0.527107517,6.11,10.1332947,9.265535784,22.74944791,169.3525303,10.84843579
2023,"July",11,"620-40",620,40,0,1,3,0.434657438,6.56,4.637963168,14.03442541,22.1703587,1.352626234,0.086672734
2023,"July",17,"620-80",620,80,0,1,3,0.202529749,6.91,1.755004904,68.8948944,15.30051154,165.0122228,10.57040372
2023,"July",11,"620-120",620,120,0,1,3,0.4182122,6.9,8.259600428,47.02588835,15.15566438,166.3404429,10.65548704
2023,"July",11,"623-10",623,10,3,1,3,1.033020923,6.52,53.20936701,9.035700427,20.13375858,189.5936446,12.14504412
2023,"July",11,"623-20",623,20,3,1,3,1.179743411,6.56,130.9127496,4.979488885,14.4500156,164.9170155,10.56430492
2023,"July",11,"623-40",623,40,3,1,3,0.654394245,6.75,60.53694296,51.98359111,13.52193387,175.4404626,11.23841747
2023,"July",11,"623-80",623,80,3,1,3,1.41610488,6.67,222.9631558,264.2994068,3.936319401,166.6936869,10.6781152
2023,"July",11,"623-120",623,120,3,1,3,1.877855238,6.74,327.5545676,323.881479,0.733923893,160.5497348,10.284545
2023,"July",11,"630-10",630,10,0,1,3,0.196394167,5.98,12.79503042,7.258828095,18.54858079,175.6327645,11.25073597
2023,"July",17,"630-20",630,20,0,1,3,0.247779778,6.1,3.689144229,6.125228671,24.80772614,154.648708,9.906536137
2023,"July",17,"630-40",630,40,0,1,3,0.34249723,6.3,2.200813724,6.89106935,21.60147536,154.7347701,9.912049113
2023,"July",11,"630-80",630,80,0,1,3,0.568271827,6.42,14.22743884,3.096125062,14.59208983,140.1674104,8.978891003
2023,"July",11,"630-120",630,120,0,1,3,0.659848713,6.58,29.46676114,45.47785354,10.75599813,133.2675205,8.536896815
2023,"July",17,"633-10",633,10,3,1,3,0.766183194,6.5,130.613485,8.321026664,17.27989707,179.3891735,11.49136458
2023,"July",17,"633-20",633,20,3,1,3,0.682125028,6.76,241.9494062,14.70707911,7.184987523,164.1839267,10.5173446
2023,"July",17,"633-40",633,40,3,1,3,0.276013036,7.15,75.49264406,156.3827818,1.130767311,164.9358392,10.56551073
2023,"July",17,"633-80",633,80,3,1,3,0.607288906,6.79,239.3773009,154.7296413,3.88246413,149.3417038,9.566579264
2023,"July",17,"633-120",633,120,3,1,3,0.577784559,6.77,255.1228759,265.3711403,1.69187461,132.2356474,8.470796936
2023,"September",11,"310-10",310,10,0,0,3,1.303835534,6.55,76.99089253,26.15904429,14.76133812,194.1566234,12.43734011
2023,"September",11,"310-20",310,20,0,0,3,1.02905282,6.44,43.09496452,20.44930429,19.22305677,197.8154725,12.67171921
2023,"September",11,"310-40",310,40,0,0,3,0.924737712,6.48,21.8396793,34.77847996,18.55682782,177.4150522,11.36490603
2023,"September",11,"310-80",310,80,0,0,3,1.32389674,6.8,37.74221923,200.2380952,7.488995633,160.7773089,10.29912297
2023,"September",11,"310-120",310,120,0,0,3,1.207998275,6.74,78.95027364,223.4954266,7.833069245,159.1902623,10.1974597
2023,"September",11,"311-10",311,10,1,0,3,0.883333436,6.65,64.82113546,20.9327568,20.21971928,211.3338307,13.53768023
2023,"September",11,"311-20",311,20,1,0,3,1.093862832,6.54,33.82192622,32.29530462,18.16395197,200.0802793,12.81679854
2023,"September",11,"311-40",311,40,1,0,3,1.06909406,6.55,32.64760422,71.93264593,15.4595758,179.5133879,11.49932153
2023,"September",11,"311-80",311,80,1,0,3,1.375410584,6.83,23.75529996,206.0427407,2.360686213,164.6547024,10.54750162
2023,"September",11,"311-120",311,120,1,0,3,1.334042798,6.76,58.13809644,239.6383946,2.890751716,162.7622144,10.42627234
2023,"September",11,"312-10",312,10,2,0,3,0.924737712,6.66,147.1370621,74.78202783,19.33176544,210.0237236,13.45375719
2023,"September",11,"312-20",312,20,2,0,3,1.06909406,6.64,329.4995422,145.0487832,13.66189333,190.1243639,12.17904102
2023,"September",11,"312-40",312,40,2,0,3,1.189693297,6.89,107.1093472,233.3570043,1.757542109,165.7928886,10.62041173
2023,"September",11,"312-80",312,80,2,0,3,0.775815803,6.82,288.3651897,555.7332446,1.182442296,164.1261777,10.51364531
2023,"September",11,"312-120",312,120,2,0,3,0.787752739,6.71,309.3582367,384.1220689,5.746257018,160.3983131,10.2748452
2023,"September",11,"313-10",313,10,3,0,3,0.890103112,6.63,270.9167649,55.09667942,17.07234248,214.8577489,13.76341591
2023,"September",11,"313-20",313,20,3,0,3,0.946162036,6.76,335.2342673,124.9783247,8.9280131,194.2377292,12.44253559
2023,"September",11,"313-40",313,40,3,0,3,0.818404806,6.74,237.351513,178.3037862,9.021787274,191.2369281,12.25030982
2023,"September",11,"313-80",313,80,3,0,3,0.697171337,6.74,366.6955926,746.917124,1.774553961,154.0594556,9.868789714
2023,"September",11,"313-120",313,120,3,0,3,0.671059879,6.75,287.0755529,264.6648373,8.172295696,173.1367983,11.090849
2023,"September",11,"320-10",320,10,0,0,3,0.334994083,6.37,36.99953309,11.27884029,28.1230786,219.0237772,14.03028397
2023,"September",11,"320-20",320,20,0,0,3,0.414834944,6.64,31.09235284,16.84090027,18.51675608,197.4402877,12.64768557
2023,"September",11,"320-40",320,40,0,0,3,0.430976492,6.68,9.879001564,48.88219968,17.68347162,169.4452863,10.85437757
2023,"September",11,"320-80",320,80,0,0,3,0.584897246,6.76,57.22059553,212.2910361,7.780655022,157.5928209,10.09513056
2023,"September",11,"320-120",320,120,0,0,3,0.127042667,6.53,11.20859644,3.914241366,23.94742982,177.6231622,11.37823717
2023,"September",11,"321-10",321,10,1,0,3,0.729849682,6.67,96.2120668,27.47070237,16.17210231,211.8192102,13.56877274
2023,"September",11,"321-20",321,20,1,0,3,0.735443092,6.58,128.9659097,90.87233217,15.92518091,191.4850324,12.26620293
2023,"September",11,"321-40",321,40,1,0,3,0.741079368,6.81,103.5172529,203.2130939,8.254051778,174.7343244,11.19318356
2023,"September",11,"321-80",321,80,1,0,3,0.74675884,6.86,82.45944844,410.9590332,1.678877105,172.3561834,11.04084425
2023,"September",11,"321-120",321,120,1,0,3,0.903798506,6.81,110.2410001,351.4919896,2.269984404,164.9706968,10.56774364
2023,"September",11,"322-10",322,10,2,0,3,0.525606199,6.7,98.96444426,54.85559066,20.43499064,227.0256925,14.54287187
2023,"September",11,"322-20",322,20,2,0,3,0.975501896,6.79,254.5487993,171.4850047,9.731085465,196.9200987,12.61436322
2023,"September",11,"322-40",322,40,2,0,3,0.843782999,6.75,243.5939011,227.3044515,3.310832813,183.9416587,11.78298836
2023,"September",11,"322-80",322,80,2,0,3,0.729849682,6.92,145.253962,512.9751649,1.000636307,169.1126291,10.83306816
2023,"September",11,"322-120",322,120,2,0,3,0.461630432,6.42,173.7438369,324.995288,1.825580162,162.8688773,10.43310497
2023,"September",12,"323-10",323,10,3,0,3,2.188095464,6.63,42.09028537,59.52536172,18.08015284,224.3609224,14.37217162
2023,"September",12,"323-20",323,20,3,0,3,3.123308719,6.69,275.0738895,195.9435113,16.07552402,207.7362934,13.30722864
2023,"September",12,"323-40",323,40,3,0,3,3.252200107,6.8,174.5655169,271.4323965,3.238873986,187.410725,12.00521033
2023,"September",12,"323-80",323,80,3,0,3,2.999525561,6.86,125.0238499,501.1778369,0.284170306,169.4301721,10.85340938
2023,"September",12,"323-120",323,120,3,0,3,2.766482164,6.58,173.0006925,377.0932424,0.51720524,162.3736276,10.4013802
2023,"September",12,"330-10",330,10,0,0,3,0.777087995,6.65,13.67820444,11.22434725,20.18795072,201.8755289,12.93179891
2023,"September",12,"330-20",330,20,0,0,3,0.974584139,6.38,14.24455308,9.929929597,19.3574922,187.9558646,12.04013097
2023,"September",12,"330-40",330,40,0,0,3,0.548825171,6.6,6.007018474,13.02744055,21.08063631,162.9876276,10.4407119
2023,"September",12,"330-80",330,80,0,0,3,0.877318402,6.51,26.35293555,41.33255724,15.57208671,156.8880254,10.04998266
2023,"September",12,"330-120",330,120,0,0,3,1.252292808,6.63,52.30416849,88.44176506,7.583084841,148.8612271,9.535800814
2023,"September",12,"331-10",331,10,1,0,3,1.242205412,6.56,39.33556354,16.42042242,21.94401747,213.4546573,13.67353645
2023,"September",12,"331-20",331,20,1,0,3,1.802050691,6.47,40.67764711,26.05050169,17.29312227,190.9866347,12.23427649
2023,"September",12,"331-40",331,40,1,0,3,0.966733726,6.6,17.28252789,33.81462387,17.27499376,170.9238251,10.94909003
2023,"September",12,"331-80",331,80,1,0,3,1.596173015,6.81,29.2739827,164.6554133,4.703855271,160.5366742,10.28370836
2023,"September",12,"331-120",331,120,1,0,3,2.135643991,6.76,84.14464396,0,2.606899563,158.1423047,10.13032947
2023,"September",12,"332-10",332,10,2,0,3,1.846309104,6.56,90.50656914,31.69516049,22.95012477,222.4444457,14.24940567
2023,"September",12,"332-20",332,20,2,0,3,1.953852145,6.64,86.19121166,68.5326792,21.08432938,204.4288152,13.09535771
2023,"September",12,"332-40",332,40,2,0,3,1.730631711,6.66,84.57863071,111.0292145,13.93697754,176.7757433,11.32395308
2023,"September",12,"332-80",332,80,2,0,3,2.92762306,6.7,188.3564435,304.5037419,0.968184654,179.5166544,11.49953078
2023,"September",12,"332-120",332,120,2,0,3,1.662043211,6.7,238.7980366,64.63190864,4.053674361,157.9533202,10.11822348
2023,"September",12,"333-10",333,10,3,0,3,2.450421733,6.87,241.7775492,126.3870503,18.35270119,457.6826262,29.31832832
2023,"September",12,"333-20",333,20,3,0,3,2.593152874,6.8,355.9823873,208.260214,4.209747349,425.6913822,27.26902842
2023,"September",12,"333-40",333,40,3,0,3,2.001838806,6.83,203.9266238,291.8825323,3.12749844,400.4823554,25.6541848
2023,"September",12,"333-80",333,80,3,0,3,1.846309104,6.76,178.6464547,523.0110317,2.857729258,352.3135007,22.56857708
2023,"September",12,"333-120",333,120,3,0,3,1.583315616,6.9,320.3655253,0,0.814182782,345.026897,22.10181072
2023,"September",12,"440-10",440,10,0,0,4,1.27271401,6.64,100.1225458,42.17883475,34.38157205,345.5131227,22.13295744
2023,"September",12,"440-20",440,20,0,0,4,1.413816108,6.71,121.2667824,49.96740396,26.51855271,293.7779351,18.81889703
2023,"September",12,"440-40",440,40,0,0,4,1.62220189,6.62,167.0253582,109.3670935,24.7464005,261.3703893,16.7429296
2023,"September",12,"440-80",440,80,0,0,4,1.557910687,6.77,279.4650468,153.0039359,18.59616656,270.9467729,17.35637502
2023,"September",12,"440-120",440,120,0,0,4,1.413816108,6.98,176.9097706,395.4248018,0.992779164,235.8555966,15.10849919
2023,"September",12,"441-10",441,10,1,0,4,1.413816108,6.57,114.4514105,53.66101225,25.9607174,319.1149535,20.44193956
2023,"September",12,"441-20",441,20,1,0,4,0.599889393,6.84,95.79221591,83.12910915,11.88997193,148.6822257,9.524334314
2023,"September",12,"441-40",441,40,1,0,4,1.082633446,6.77,124.6593055,84.50146904,10.54592015,162.6292102,10.41775234
2023,"September",12,"441-80",441,80,1,0,4,1.16437712,6.89,191.4898676,484.2404235,7.515199626,209.471244,13.41836637
2023,"September",12,"441-120",441,120,1,0,4,1.16437712,6.64,384.3796219,331.411331,2.361303805,124.7034838,7.98830047
2023,"September",13,"442-10",442,10,2,0,4,2.590150479,6.69,159.1475258,108.8328067,21.60647848,285.1993766,18.26937045
2023,"September",13,"442-20",442,20,2,0,4,3.388465761,6.68,188.7090568,120.773269,6.86830942,239.5290409,15.34381323
2023,"September",13,"442-40",442,40,2,0,4,2.939221662,6.76,141.2618219,226.0737846,1.772947598,198.5224457,12.7170066
2023,"September",13,"442-80",442,80,2,0,4,3.081928747,6.75,343.0523024,350.7809746,0.360679975,193.3543752,12.38594957
2023,"September",13,"442-120",442,120,2,0,4,3.257200979,6.64,136.6315359,144.0991186,11.81827199,225.7632609,14.46200283
2023,"September",13,"443-10",443,10,3,0,4,2.962538812,6.75,273.612478,122.8378513,10.03920774,252.4607757,16.17219624
2023,"September",13,"443-20",443,20,3,0,4,2.84777389,6.7,210.9834577,147.0523865,7.586247661,220.7432468,14.14043002
2023,"September",13,"443-40",443,40,3,0,4,2.893136483,6.72,238.1114621,225.7507622,5.073680599,200.0755092,12.81649298
2023,"September",13,"443-80",443,80,3,0,4,2.631409352,6.65,297.4490866,265.58052,2.546032439,198.9673032,12.74550336
2023,"September",13,"443-120",443,120,3,0,4,2.509563331,6.72,117.1927601,238.1897001,2.892345602,138.919292,8.898938842
2023,"September",13,"450-10",450,10,0,0,4,1.844002516,6.48,28.0158223,36.767282,28.08312851,249.0458872,15.9534448
2023,"September",13,"450-20",450,20,0,0,4,0.891341818,6.62,30.45011702,18.29813183,30.09725515,236.3943272,15.14300927
2023,"September",13,"450-40",450,40,0,0,4,2.092516317,6.61,58.28058086,43.04024613,16.84383656,208.452347,13.35309771
2023,"September",13,"450-80",450,80,0,0,4,1.443372846,6.77,160.0982748,234.1294972,3.484095446,121.153275,7.760880665
2023,"September",13,"450-120",450,120,0,0,4,1.690490406,6.75,290.9757966,381.5603415,4.64080786,155.4536982,9.958102315
2023,"September",13,"451-10",451,10,1,0,4,2.939221662,6.72,143.4328235,172.4132712,7.312361198,221.6198533,14.19658381
2023,"September",13,"451-20",451,20,1,0,4,2.54953852,6.74,190.6181679,143.2908698,3.196603244,154.2184401,9.878973966
2023,"September",13,"451-40",451,40,1,0,4,2.939221662,6.72,269.9000779,235.3899329,0.895605115,132.6127165,8.494951286
2023,"September",13,"451-80",451,80,1,0,4,2.84777389,6.72,259.3846137,280.1179112,2.220898316,164.6779859,10.54899312
2023,"September",13,"451-120",451,120,1,0,4,2.529471957,6.83,292.856993,427.1901436,1.083683718,158.6685078,10.16403707
2023,"September",13,"452-10",452,10,2,0,4,3.057671919,6.74,64.04458392,158.8739952,5.191503431,176.3407898,11.29609077
2023,"September",13,"452-20",452,20,2,0,4,2.825360016,6.71,29.70477509,96.71323244,10.60576107,210.7634838,13.50114486
2023,"September",13,"452-40",452,40,2,0,4,2.109116465,6.68,107.924702,168.6698819,10.47745789,175.3118702,11.23018008
2023,"September",13,"452-80",452,80,2,0,4,2.431483484,6.7,182.1567175,285.578358,4.21393325,156.8311763,10.04634102
2023,"September",13,"452-120",452,120,2,0,4,2.529471957,6.65,192.3599177,268.6489273,3.907507798,158.9741523,10.1836161
2023,"September",13,"453-10",453,10,3,0,4,1.354954959,6.64,64.53778576,27.41981263,22.58783219,207.4431622,13.2884512
2023,"September",13,"453-20",453,20,3,0,4,2.569764273,6.61,164.0262525,90.3595543,26.66935122,222.3508265,14.2434086
2023,"September",13,"453-40",453,40,3,0,4,2.470214928,6.57,232.9205984,222.7389545,2.836278852,176.2239267,11.28860473
2023,"September",13,"453-80",453,80,3,0,4,2.159711243,6.72,353.8144309,381.8196685,2.729220212,155.9378279,9.989114772
2023,"September",13,"453-120",453,120,3,0,4,3.033606008,6.74,325.3268542,235.996563,6.831328759,179.757292,11.51494557
2023,"September",13,"460-10",460,10,0,0,4,2.737454812,6.77,42.27556582,97.69366373,12.68590767,207.3733738,13.28398068
2023,"September",13,"460-20",460,20,0,0,4,2.893136483,6.63,34.79363476,100.8702256,10.8826388,190.6082257,12.21003631
2023,"September",13,"460-40",460,40,0,0,4,1.261942241,6.89,16.11145205,135.3538999,11.16588272,149.3752412,9.568727606
2023,"September",13,"460-80",460,80,0,0,4,2.30064368,6.75,95.38910239,264.5788015,5.327604492,140.2383413,8.983434704
2023,"September",13,"460-120",460,120,0,0,4,1.513452463,6.66,115.601242,258.6385609,5.525948222,141.0819944,9.037477557
2023,"September",13,"461-10",461,10,1,0,4,3.20613008,6.68,82.38555107,112.9485005,8.333337492,196.1059351,12.56220941
2023,"September",13,"461-20",461,20,1,0,4,2.715909223,6.6,55.08511003,86.70275514,9.843153462,173.1101157,11.08913976
2023,"September",13,"461-40",461,40,1,0,4,1.562052479,6.75,17.96637948,69.23964743,10.47247973,136.6637094,8.7544504
2023,"September",13,"461-80",461,80,1,0,4,2.125848305,6.85,28.45288885,209.5207606,8.932071117,140.1390917,8.977076956
2023,"September",13,"461-120",461,120,1,0,4,2.569764273,6.74,104.3693854,261.3966406,2.48830942,134.5902595,8.621629033
2023,"September",13,"462-10",462,10,2,0,4,2.529471957,6.76,134.4892102,125.2562781,11.5633219,193.894426,12.42054422
2023,"September",13,"462-20",462,20,2,0,4,2.737454812,6.71,113.6127009,118.3019014,6.348771054,173.1033202,11.08870445
2023,"September",13,"462-40",462,40,2,0,4,2.431483484,6.78,79.73873081,144.63845,7.250938865,153.3291171,9.82200558
2023,"September",13,"462-80",462,80,2,0,4,2.610698411,6.76,189.0800684,282.58562,0.937538989,140.5130973,9.001035065
2023,"September",13,"462-120",462,120,2,0,4,3.106378007,6.8,197.5568719,307.5534675,0.710720524,139.5234415,8.937639542
2023,"September",13,"463-10",463,10,3,0,4,2.092516317,6.64,274.7802003,105.9016021,12.97437617,195.7800028,12.54133079
2023,"September",13,"463-20",463,20,3,0,4,2.590150479,6.68,405.716343,167.0788292,0.892857143,162.3019577,10.39678915
2023,"September",13,"463-40",463,40,3,0,4,2.264571008,6.76,262.0343523,281.7748767,2.215249532,152.4076305,9.762976854
2023,"September",13,"463-80",463,80,3,0,4,2.509563331,6.65,169.9865595,365.2858252,1.292395508,131.4143836,8.418188299
2023,"September",13,"463-120",463,120,3,0,4,2.076046822,6.77,353.6931288,285.8333056,2.746344354,141.0145444,9.033156839
2023,"September",11,"610-10",610,10,0,1,3,0.505920444,6.2,17.41433954,11.13504075,23.43553337,197.5013399,12.65159646
2023,"September",11,"610-20",610,20,0,1,3,0.440961356,6.24,6.533508275,11.4349465,24.98354959,192.5419069,12.33390435
2023,"September",11,"610-40",610,40,0,1,3,0.381419756,6.5,1.833555473,6.863407062,25.6612539,175.0832299,11.2155338
2023,"September",11,"610-80",610,80,0,1,3,0.384342875,6.76,3.156410047,26.60945729,15.88697754,158.3411537,10.14306738
2023,"September",11,"610-120",610,120,0,1,3,0.402358086,6.86,13.17013043,61.96191585,14.79243606,158.4044513,10.1471221
2023,"September",11,"613-10",613,10,3,1,3,0.787752739,6.71,175.1497113,13.06580187,15.57180287,206.2891707,13.21452864
2023,"September",11,"613-20",613,20,3,1,3,0.787752739,6.75,155.3023818,32.25638894,14.32990643,189.9550409,12.1681945
2023,"September",11,"613-40",613,40,3,1,3,0.71879016,6.71,371.2937439,161.3407062,9.814092327,191.1296671,12.24343889
2023,"September",11,"613-80",613,80,3,1,3,0.381419756,6.91,72.35741901,304.4198681,3.336437929,186.1912299,11.92709173
2023,"September",11,"613-120",613,120,3,1,3,0.558709013,6.84,283.5016207,454.7284218,5.867676232,174.1438054,11.15535601
2023,"September",11,"620-10",620,10,0,1,3,0.411679919,6.59,16.56658248,13.21220689,20.7796257,202.3691678,12.96342051
2023,"September",11,"620-20",620,20,0,1,3,0.393247331,6.38,15.73812417,14.5258052,20.19762633,190.8881664,12.2279688
2023,"September",11,"620-40",620,40,0,1,3,0.169802585,6.68,4.161403053,17.67221021,24.42394573,176.52422,11.30784097
2023,"September",11,"620-80",620,80,0,1,3,0.258407456,6.99,1.970489251,18.99977826,13.72279164,162.4058195,10.40344234
2023,"September",11,"620-120",620,120,0,1,3,0.296474086,6.92,8.88934201,102.7916182,13.66759513,173.388976,11.10700303
2023,"September",12,"623-10",623,10,3,1,3,2.766482164,6.78,77.16575004,16.49370808,9.311216469,205.1549083,13.14186989
2023,"September",12,"623-20",623,20,3,1,3,2.811595328,6.67,108.0829628,37.908975,10.6462539,185.2732525,11.8682878
2023,"September",12,"623-40",623,40,3,1,3,1.744685398,6.77,34.44263928,60.392871,12.18699938,179.7758336,11.51613331
2023,"September",12,"623-80",623,80,3,1,3,2.084449847,6.78,200.9614856,260.6969344,4.863084841,168.8125698,10.81384692
2023,"September",12,"623-120",623,120,3,1,3,2.490380884,6.8,240.5541861,428.3845557,0.625290081,161.8807673,10.36980847
2023,"September",12,"630-10",630,10,0,1,3,0.764619309,6.45,28.17408067,14.19873607,22.55158141,212.3113145,13.60029603
2023,"September",12,"630-20",630,20,0,1,3,0.752350688,6.39,5.701644299,10.03880481,20.1259451,178.2688265,11.41959723
2023,"September",12,"630-40",630,40,0,1,3,0.531354232,6.48,2.188289434,5.891512833,23.58873362,157.857481,10.11208419
2023,"September",12,"630-80",630,80,0,1,3,0.815727334,6.48,9.413182965,4.562337158,16.39936993,145.570708,9.325016251
2023,"September",12,"630-120",630,120,0,1,3,0.375273559,6.86,9.177940157,16.03254061,15.20170306,138.355574,8.862828116
2023,"September",12,"633-10",633,10,3,1,3,2.018094845,6.86,201.720475,14.83557847,15.08932626,443.1645247,28.3883256
2023,"September",12,"633-20",633,20,3,1,3,2.05100402,6.84,294.7999824,39.30572648,20.28782595,411.4737123,26.35827078
2023,"September",12,"633-40",633,40,3,1,3,1.75885321,6.96,156.0638406,178.2032263,0.998980037,376.5120339,24.11869034
2023,"September",12,"633-80",633,80,3,1,3,1.596173015,6.84,331.9652215,411.8130162,0.363593263,319.5602031,20.47046142
2023,"September",12,"633-120",633,120,3,1,3,1.314560874,6.84,321.1613478,0,0.961487835,275.7459887,17.66380391
2024,"May",13,"310-10",310,10,0,0,3,1.8559605,6.79,47.4548652,0.072396,12.45620399,113.7911876,7.289278963
2024,"May",13,"310-20",310,20,0,0,3,2.427024996,6.7,32.35654716,0.375346,22.68705552,178.0383808,11.4048353
2024,"May",13,"310-40",310,40,0,0,3,2.490920324,6.75,26.08646814,0.580683,21.0512539,192.7764795,12.34893064
2024,"May",13,"310-80",310,80,0,0,3,-99,6.9,56.18694286,0.234528,5.858923893,163.4353738,10.46939369
2024,"May",13,"310-120",310,120,0,0,3,2.920217061,6.97,62.18480571,0.258967,8.323615097,168.3040423,10.78127159
2024,"May",13,"311-10",311,10,1,0,3,1.163761111,6.57,14.99153368,0.059139,15.48684342,115.2844344,7.384933592
2024,"May",13,"311-20",311,20,1,0,3,2.075600691,6.67,41.82500494,0.251147,22.98689644,179.1032694,11.4730501
2024,"May",13,"311-40",311,40,1,0,3,2.369119855,6.69,39.6312729,0.803174,21.8863849,204.5372553,13.10230418
2024,"May",13,"311-80",311,80,1,0,3,3.27097579,6.91,35.97593962,0.214756,6.594850281,174.7434838,11.1937703
2024,"May",13,"311-120",311,120,1,0,3,3.040020801,6.86,73.67818295,0.266894,3.123231441,166.3994528,10.6592671
2024,"May",13,"312-10",312,10,2,0,3,2.875641388,6.69,211.7711899,0.144186,11.83544604,117.5541749,7.530328969
2024,"May",13,"312-20",312,20,2,0,3,3.786817169,6.74,356.1951621,0.589458,15.61999376,181.896677,11.65199062
2024,"May",13,"312-40",312,40,2,0,3,3.086230958,7.02,235.9816103,0.505858,4.845355583,180.6368124,11.57128603
2024,"May",13,"312-80",312,80,2,0,3,2.852060658,7,272.857195,0.49354,1.248449782,159.6493879,10.22687044
2024,"May",13,"312-120",312,120,2,0,3,3.546872808,6.78,399.6192742,0.165524,8.295137243,169.3805331,10.8502296
2024,"May",13,"313-10",313,10,3,0,3,-99,6.74,146.0321283,0.145529,15.589267,144.8395994,9.278182787
2024,"May",13,"313-20",313,20,3,0,3,1.457945423,6.87,431.3999079,0.515215,17.82283219,199.0192722,12.74883239
2024,"May",13,"313-40",313,40,3,0,3,1.137164191,6.93,275.9016046,0.514957,17.96914535,164.8161326,10.55784254
2024,"May",13,"313-80",313,80,3,0,3,1.822352903,6.89,397.0980238,0.42959,8.42805053,168.1106855,10.76888551
2024,"May",13,"313-120",313,120,3,0,3,0.434653292,7.15,132.8576085,0.068652,12.76197442,131.6066178,8.430502462
2024,"May",13,"320-10",320,10,0,0,3,2.0662806,6.68,48.7339134,0.177253,16.36997817,140.6505078,9.009837324
2024,"May",13,"320-20",320,20,0,0,3,2.148127509,6.64,24.84195919,0.54569,21.15129133,177.8064767,11.38997996
2024,"May",13,"320-40",320,40,0,0,3,1.963190982,6.84,61.34383018,0.920298,16.9713194,194.0172384,12.42841136
2024,"May",13,"320-80",320,80,0,0,3,2.583603048,6.88,88.22621079,0.236825,8.608116032,171.2628491,10.97080728
2024,"May",13,"320-120",320,120,0,0,3,2.225600919,6.71,47.85925033,0.046408,16.68528072,142.276299,9.113982504
2024,"May",13,"321-10",321,10,1,0,3,1.840733011,6.8,59.57671703,0.204409,13.35570181,125.6828773,8.051038606
2024,"May",13,"321-20",321,20,1,0,3,2.896620616,6.83,77.24636628,1.103125,21.14153462,199.6708068,12.79056849
2024,"May",13,"321-40",321,40,1,0,3,3.215261254,6.91,84.43056924,0.512416,16.24966937,191.6421664,12.27626864
2024,"May",13,"321-80",321,80,1,0,3,3.072810145,7.02,96.34571437,0.273036,3.148973799,154.4622116,9.894589518
2024,"May",13,"321-120",321,120,1,0,3,3.6201223,7.03,77.53904356,0.288324,2.116924517,176.8240423,11.32704703
2024,"May",13,"322-10",322,10,2,0,3,1.869473147,6.65,129.8233051,0.052156,14.29630069,121.9319408,7.810760551
2024,"May",13,"322-20",322,20,2,0,3,3.648862436,6.93,285.9244537,0.440216,12.07292265,202.6895176,12.98394152
2024,"May",13,"322-40",322,40,2,0,3,3.263994528,7.04,174.9761858,0.972012,12.04549595,205.6762736,13.17526759
2024,"May",13,"322-80",322,80,2,0,3,2.060773676,7.05,191.8266891,0.48751,1.472024329,178.8428293,11.45636679
2024,"May",13,"322-120",322,120,2,0,3,4.550952961,6.89,335.3150911,0.346078,1.695386775,172.0667983,11.02230678
2024,"May",14,"323-10",323,10,3,0,3,1.793385573,6.59,84.32654215,0.063133,17.88288522,106.3548068,6.812918165
2024,"May",14,"323-20",323,20,3,0,3,3.634485339,6.98,213.7757328,0.720923,12.20787586,193.3631707,12.38651299
2024,"May",14,"323-40",323,40,3,0,3,3.695719256,7.04,240.0626526,0.543166,8.277732377,208.8729224,13.380039
2024,"May",14,"323-80",323,80,3,0,3,4.154973632,7.09,261.9940441,0.518503,0.754622583,181.0110578,11.59525949
2024,"May",14,"323-120",323,120,3,0,3,4.147489486,6.95,221.9996677,0.31027,1.774672489,169.7774753,10.87565698
2024,"May",14,"330-10",330,10,0,0,3,0.997288803,6.68,19.84329037,0.053138,5.661076107,63.08914528,4.041399931
2024,"May",14,"330-20",330,20,0,0,3,2.0365965,6.74,39.18907109,0.2076,18.15675608,166.5599803,10.6695502
2024,"May",14,"330-40",330,40,0,0,3,1.982401577,6.66,32.16915258,0.196607,20.37188709,190.4419041,12.19938206
2024,"May",14,"330-80",330,80,0,0,3,2.090105411,6.79,59.05927654,0.077397,12.71403306,167.2800931,10.7156793
2024,"May",14,"330-120",330,120,0,0,3,3.617167414,6.84,136.3144882,0.178772,6.514472863,154.833134,9.918350122
2024,"May",14,"331-10",331,10,1,0,3,1.09401645,6.63,17.32972181,0.039603,9.941082346,85.74558533,5.492729567
2024,"May",14,"331-20",331,20,1,0,3,1.810898657,6.8,19.83871977,0.316609,20.7305209,176.5852186,11.31174842
2024,"May",14,"331-40",331,40,1,0,3,2.225249712,6.81,19.87384809,0.480272,20.27215845,202.1487024,12.9492979
2024,"May",14,"331-80",331,80,1,0,3,2.771315011,6.85,37.54574468,0.149674,9.173112913,182.3703244,11.6823316
2024,"May",14,"331-120",331,120,1,0,3,4.224287752,7.01,97.39514835,0.226404,2.057595134,167.3069676,10.71740082
2024,"May",14,"332-10",332,10,2,0,3,1.880871848,6.76,57.63066832,0.118917,15.02669682,124.0151509,7.94420714
2024,"May",14,"332-20",332,20,2,0,3,2.382346387,6.83,67.97281651,0.488301,25.873665,193.1167588,12.3707283
2024,"May",14,"332-40",332,40,2,0,3,3.595901052,6.81,98.33807837,0.574862,21.04715533,212.6330437,13.62090541
2024,"May",14,"332-80",332,80,2,0,3,5.028979454,6.94,302.1517044,0.320067,0.367944479,176.6763921,11.31758883
2024,"May",14,"332-120",332,120,2,0,3,4.760748887,6.97,471.683951,0.255847,0.174220212,164.4761128,10.53606151
2024,"May",14,"333-10",333,10,3,0,3,2.538336613,6.89,382.4303029,0.347315,9.359510293,132.2177574,8.469650937
2024,"May",14,"333-20",333,20,3,0,3,5.444633618,6.99,509.1341557,0.525376,0.565196507,199.573086,12.78430868
2024,"May",14,"333-40",333,40,3,0,3,4.993034063,7,396.9193754,0.686039,0.639688085,189.0540339,12.11047766
2024,"May",14,"333-80",333,80,3,0,3,5.18016095,6.89,714.5526732,0.592147,0.121859014,186.606347,11.95368337
2024,"May",14,"333-120",333,120,3,0,3,4.883252956,6.92,442.2114088,0.530024,0.111868372,172.3229506,11.03871542
2024,"May",14,"440-10",440,10,0,0,4,2.425653166,6.89,77.3747694,0.078226,2.164398004,63.62363047,4.075638064
2024,"May",14,"440-20",440,20,0,0,4,3.336337352,6.87,146.2625872,0.471762,8.529953213,105.6673145,6.768878684
2024,"May",14,"440-40",440,40,0,0,4,4.525632682,6.79,425.2206897,0.570379,8.448611978,164.6744654,10.54876761
2024,"May",14,"440-80",440,80,0,0,4,6.06339986,7.07,118.4290161,0.276073,0.920711167,155.4266291,9.956368318
2024,"May",14,"440-120",440,120,0,0,4,5.61429533,6.93,664.3073077,0.40936,0.298552714,151.7239887,9.719184028
2024,"May",14,"441-10",441,10,1,0,4,2.9346383,6.93,63.09300666,0.559627,5.901821585,93.12062623,5.965161043
2024,"May",14,"441-20",441,20,1,0,4,4.237041437,7.02,116.0287767,0.570882,8.233792888,125.3359492,8.028815036
2024,"May",14,"441-40",441,40,1,0,4,2.963384593,7.02,159.8804597,0.59165,6.800053026,145.0080874,9.288975817
2024,"May",14,"441-80",441,80,1,0,4,2.194684614,7.14,157.1157847,0.321104,0.305923269,133.648048,8.561272703
2024,"May",14,"441-120",441,120,1,0,4,5.905614629,6.93,449.2491937,0.539374,0.331855895,127.4188378,8.162241025
2024,"May",15,"442-10",442,10,2,0,4,1.851581941,6.79,101.3289689,0.152972,1.903349969,66.77407334,4.277449606
2024,"May",15,"442-20",442,20,2,0,4,3.015256218,6.85,162.6803329,0.810772,5.366306925,112.8556615,7.229350892
2024,"May",15,"442-40",442,40,2,0,4,3.222117757,6.87,328.2617873,0.819886,1.44551466,154.1526629,9.874760403
2024,"May",15,"442-80",442,80,2,0,4,4.213928218,6.86,505.6620068,0.321087,0.16165315,145.6332102,9.329020021
2024,"May",15,"442-120",442,120,2,0,4,3.964569444,6.84,202.6472291,0.145853,6.90801622,141.0436417,9.03502076
2024,"May",15,"443-10",443,10,3,0,4,2.349049569,6.92,151.5777704,0.311916,4.883995633,93.35668547,5.980282562
2024,"May",15,"443-20",443,20,3,0,4,3.20024418,7.04,153.3906077,0.550398,7.159210855,143.7819859,9.21043402
2024,"May",15,"443-40",443,40,3,0,4,3.898948714,7,208.3977857,0.774011,5.444959451,159.7684485,10.23449724
2024,"May",15,"443-80",443,80,3,0,4,4.682647717,6.99,206.8623365,0.250616,1.428303182,147.6835487,9.460360913
2024,"May",15,"443-120",443,120,3,0,4,4.570155037,6.9,213.6127897,0.201725,0.798006862,140.0054781,8.968517919
2024,"May",15,"450-10",450,10,0,0,4,1.425984635,6.78,87.40852812,0.101109,1.920424205,52.36110578,3.354181568
2024,"May",15,"450-20",450,20,0,0,4,2.452792819,6.8,50.76419672,0.477984,4.964329382,80.32815515,5.145699012
2024,"May",15,"450-40",450,40,0,0,4,3.532722545,6.89,103.2664887,0.696943,8.701996257,137.9916812,8.839517816
2024,"May",15,"450-80",450,80,0,0,4,6.047842022,6.86,290.8651643,0.279919,0.745218341,137.4983977,8.807918987
2024,"May",15,"450-120",450,120,0,0,4,-99,6.81,782.8684639,0.393235,1.106572052,137.7151227,8.821801988
2024,"May",15,"451-10",451,10,1,0,4,-99,6.84,69.26485738,0.322417,4.598833437,88.74649929,5.684962564
2024,"May",15,"451-20",451,20,1,0,4,-99,7.05,94.14151771,0.493495,10.31029632,132.7058618,8.500918
2024,"May",15,"451-40",451,40,1,0,4,-99,6.91,287.5470668,0.819961,4.547847785,154.7155063,9.910815113
2024,"May",15,"451-80",451,80,1,0,4,-99,6.88,313.8753779,0.236429,4.983911416,141.22178,9.046431965
2024,"May",15,"451-120",451,120,1,0,4,-99,6.95,435.8559044,0.37935,1.24569869,129.149952,8.273133001
2024,"May",15,"452-10",452,10,2,0,4,-99,6.84,84.24029336,0.488373,2.813084841,76.41650776,4.895126116
2024,"May",15,"452-20",452,20,2,0,4,-99,6.96,219.4406468,1.076092,9.400140362,134.7779464,8.633651907
2024,"May",15,"452-40",452,40,2,0,4,-99,6.91,165.0765109,0.703464,6.73209607,159.8788152,10.24156713
2024,"May",15,"452-80",452,80,2,0,4,-99,6.92,1182.856164,0.287583,1.690888958,143.6915317,9.204639694
2024,"May",15,"452-120",452,120,2,0,4,7.458011499,6.86,425.2807596,0.266501,0.515645664,140.7114725,9.013742612
2024,"May",15,"453-10",453,10,3,0,4,-99,6.7,71.68851703,0.044107,5.5824267,65.42645134,4.191123434
2024,"May",15,"453-20",453,20,3,0,4,-99,6.85,179.8331772,0.601225,11.0582408,124.8171453,7.995581415
2024,"May",15,"453-40",453,40,3,0,4,-99,6.8,368.5328763,0.825679,5.14639738,163.8945021,10.4988046
2024,"May",15,"453-80",453,80,3,0,4,-99,6.94,206.1223642,0.341641,0,141.0296784,9.034126295
2024,"May",15,"453-120",453,120,3,0,4,5.106903657,6.98,429.775991,0.242198,3.822800998,148.7136982,9.526350384
2024,"May",15,"460-10",460,10,0,0,4,2.165542177,6.88,69.94025468,0.302264,0.872301934,56.38997461,3.612263452
2024,"May",15,"460-20",460,20,0,0,4,2.629602042,6.89,39.3725163,0.62947,5.384984404,80.99080395,5.188147068
2024,"May",15,"460-40",460,40,0,0,4,2.901229897,6.98,32.75041609,0.713155,7.541590767,138.0684795,8.844437373
2024,"May",15,"460-80",460,80,0,0,4,4.868621421,6.97,116.5380661,0.263361,3.018742982,131.5863385,8.42920341
2024,"May",15,"460-120",460,120,0,0,4,4.04331735,6.93,163.7851469,0.272693,1.215786026,124.6874612,7.987274094
2024,"May",15,"461-10",461,10,1,0,4,1.832085986,6.88,104.4323579,0.448455,0.821721772,62.18468265,3.983461729
2024,"May",15,"461-20",461,20,1,0,4,2.31142926,6.78,40.52227056,0.55106,7.615577043,96.34348942,6.171611697
2024,"May",15,"461-40",461,40,1,0,4,2.815781748,6.77,0.265929555,0.421123,13.11567062,152.5435176,9.771681534
2024,"May",15,"461-80",461,80,1,0,4,5.015203205,6.88,52.23913231,0.1646,5.151715533,133.6213907,8.559565088
2024,"May",15,"461-120",461,120,1,0,4,5.464674362,6.88,88.48870353,0.204872,1.671378665,124.7714669,7.99265534
2024,"May",15,"462-10",462,10,2,0,4,1.923786439,6.75,82.38521834,0.262773,1.463839676,58.11585331,3.722820049
2024,"May",15,"462-20",462,20,2,0,4,2.409382016,6.79,34.59574205,0.564225,7.960708047,95.61368688,6.124861896
2024,"May",15,"462-40",462,40,2,0,4,2.715744891,6.72,23.53563677,1.046935,13.14357767,150.0837038,9.614110411
2024,"May",15,"462-80",462,80,2,0,4,4.622697481,6.87,48.09482728,0.18238,5.680414847,135.807244,8.699586808
2024,"May",15,"462-120",462,120,2,0,4,4.157942915,6.87,78.12259356,0.189079,2.805099813,127.6049224,8.174161262
2024,"May",15,"463-10",463,10,3,0,4,2.073720977,6.77,175.2823342,0.223411,2.915131004,76.04185896,4.871126807
2024,"May",15,"463-20",463,20,3,0,4,4.714762631,6.97,288.0698939,0.574046,1.021419214,142.0170889,9.097377981
2024,"May",15,"463-40",463,40,3,0,4,4.671640496,6.97,696.7381575,1.036461,1.872620087,152.1333315,9.745405766
2024,"May",15,"463-80",463,80,3,0,4,4.188218664,6.85,1250.895886,0.36061,0.364638178,135.7925078,8.698642831
2024,"May",15,"463-120",463,120,3,0,4,4.244958315,6.96,1547.074128,0.163461,1.909987523,133.5835458,8.557140817
2024,"May",13,"610-10",610,10,0,1,3,0.700519981,6.31,7.133367217,0.032217,16.50499688,111.2272694,7.125039107
2024,"May",13,"610-20",610,20,0,1,3,0.797694126,6.37,4.10423503,0.100281,27.47620711,176.5970183,11.31250429
2024,"May",13,"610-40",610,40,0,1,3,0.973406279,6.54,3.356615537,0.105147,27.28299439,202.9672158,13.00173035
2024,"May",13,"610-80",610,80,0,1,3,0.358413744,7.07,2.69805744,0.021606,18.63300686,172.1625247,11.02843883
2024,"May",13,"610-120",610,120,0,1,3,2.135502561,6.92,20.383927,0.118342,15.57991578,171.8102003,11.00586958
2024,"May",13,"613-10",613,10,3,1,3,1.497080733,6.83,122.2192208,0.055187,12.58725827,132.8791791,8.512020388
2024,"May",13,"613-20",613,20,3,1,3,0.338418922,7.33,60.51309565,0.223713,14.96990954,205.4587109,13.16133092
2024,"May",13,"613-40",613,40,3,1,3,2.041767266,6.89,310.5562377,0.843417,7.18805053,222.8308745,14.27415958
2024,"May",13,"613-80",613,80,3,1,3,2.251558192,7.06,266.8337296,0.465379,3.14749844,183.6126827,11.76191477
2024,"May",13,"613-120",613,120,3,1,3,0.742603275,7.13,104.2023205,0.17164,10.50253899,183.218598,11.73667044
2024,"May",13,"620-10",620,10,0,1,3,1.393789176,6.82,9.394377507,0.049664,14.89785402,128.9095684,8.257734469
2024,"May",13,"620-20",620,20,0,1,3,1.416885425,6.74,8.879205646,0.102876,22.24536182,177.1851932,11.35018169
2024,"May",13,"620-40",620,40,0,1,3,1.565827363,6.76,5.549850365,0.203019,23.79445415,204.85222,13.12248024
2024,"May",13,"620-80",620,80,0,1,3,1.067248482,7.1,7.895612629,0.118273,15.27935434,189.6439831,12.14826871
2024,"May",13,"620-120",620,120,0,1,3,2.664200386,7.05,16.80201345,0.171989,14.94505926,192.6858195,12.34312313
2024,"May",14,"623-10",623,10,3,1,3,1.701534697,6.71,56.30538822,0.040515,11.7825889,97.90861495,6.271870743
2024,"May",14,"623-20",623,20,3,1,3,2.481246572,6.84,128.8776288,0.360254,15.53043044,168.1196417,10.76945923
2024,"May",14,"623-40",623,40,3,1,3,3.595703858,6.87,116.3310445,0.424595,13.42758578,205.4015289,13.15766795
2024,"May",14,"623-80",623,80,3,1,3,4.07741067,6.94,264.1468121,0.272082,6.017326887,191.2355966,12.25022453
2024,"May",14,"623-120",623,120,3,1,3,3.67734908,6.99,351.9363844,0.353871,1.128153462,170.8258533,10.94281414
2024,"May",14,"630-10",630,10,0,1,3,0.868073052,6.65,6.191954304,0.025185,9.0504398,84.86575458,5.436369237
2024,"May",14,"630-20",630,20,0,1,3,1.39604549,6.67,4.860603957,0.0402,25.32339676,169.2692017,10.84309791
2024,"May",14,"630-40",630,40,0,1,3,1.1429453,6.6,5.55755509,0.103453,25.61190268,194.2026234,12.44028678
2024,"May",14,"630-80",630,80,0,1,3,1.491298249,6.67,10.2241372,0.022704,19.10468185,165.4803893,10.6003936
2024,"May",14,"630-120",630,120,0,1,3,1.474752933,6.82,14.26284953,0.04948,19.1574922,168.1225783,10.76964734
2024,"May",14,"633-10",633,10,3,1,3,1.814372,7,139.5508518,0.06748,10.86874298,133.3529478,8.542369134
2024,"May",14,"633-20",633,20,3,1,3,4.898223107,7.05,291.4918257,1.033732,6.473671241,189.5861777,12.14456581
2024,"May",14,"633-40",633,40,3,1,3,5.250021655,7.12,235.3034809,0.956177,2.567635683,202.6438674,12.98101726
2024,"May",14,"633-80",633,80,3,1,3,4.508999181,7.02,366.5888076,0.256855,0.32448534,173.0015515,11.08218534
2024,"May",14,"633-120",633,120,3,1,3,3.815382184,6.95,412.0471156,0.494141,0.788827199,150.3992581,9.634324236
2024,"July",15,"310-10",310,10,0,0,3,2.852405899,6.48,-99,0.346755,14.12699938,149.4361693,9.572630545
2024,"July",15,"310-20",310,20,0,0,3,3.631698806,6.63,31.59652701,-99,13.99415159,148.0787532,9.485676983
2024,"July",15,"310-40",310,40,0,0,3,3.7542109,6.57,29.6709126,-99,14.48589208,158.9603329,10.18273085
2024,"July",15,"310-80",310,80,0,0,3,3.92384303,6.67,45.24847352,0.197675,6.976353712,156.781591,10.04316467
2024,"July",15,"310-120",310,120,0,0,3,3.894846085,6.7,41.19886391,0.180092,6.902819713,150.4099549,9.63500945
2024,"July",15,"311-10",311,10,1,0,3,2.777013841,6.39,37.68205439,0.221908,15.83194011,157.960457,10.11868065
2024,"July",15,"311-20",311,20,1,0,3,3.256913287,6.48,21.82921062,-99,15.99224267,156.0156841,9.994102092
2024,"July",15,"311-40",311,40,1,0,3,3.564280908,6.46,30.94761846,-99,18.66509357,180.5819972,11.56777466
2024,"July",15,"311-80",311,80,1,0,3,3.528034726,6.67,29.00972659,0.186839,6.853674361,161.1226375,10.32124408
2024,"July",15,"311-120",311,120,1,0,3,4.223961415,6.64,66.72401427,0.186665,4.333920774,157.9933766,10.12078942
2024,"July",15,"312-10",312,10,2,0,3,3.446843279,6.43,227.330275,0.42772,14.01776045,153.7537659,9.849207797
2024,"July",15,"312-20",312,20,2,0,3,3.927467649,6.68,-99,-99,8.94179975,164.6948293,10.55007208
2024,"July",15,"312-40",312,40,2,0,3,-99,6.76,188.6323792,-99,3.013247037,170.0570409,10.89356543
2024,"July",15,"312-80",312,80,2,0,3,3.459916526,7.24,110.5307919,0.484343,2.246185278,149.8892327,9.601652953
2024,"July",15,"312-120",312,120,2,0,3,4.125229578,6.64,306.0972046,0.150667,9.660377417,148.5456446,9.515585182
2024,"July",15,"313-10",313,10,3,0,3,3.219943999,6.5,176.9683326,0.285423,17.76270119,171.858598,11.00896985
2024,"July",15,"313-20",313,20,3,0,3,2.742872869,6.85,180.72556,-99,7.895651903,152.7055628,9.782061845
2024,"July",15,"313-40",313,40,3,0,3,3.140911131,6.61,206.7219291,-99,14.22103556,167.8260987,10.75065541
2024,"July",15,"313-80",313,80,3,0,3,3.352144433,6.65,347.4743942,0.496569,2.525252651,151.0492102,9.675958962
2024,"July",15,"313-120",313,120,3,0,3,3.600738727,6.73,270.7559494,0.419365,4.09143481,145.4700931,9.318571044
2024,"July",15,"320-10",320,10,0,0,3,2.53017602,6.32,65.65751272,0.22396,17.69391765,162.8138251,10.42957843
2024,"July",15,"320-20",320,20,0,0,3,2.88096908,6.44,39.98367749,-99,16.14970368,151.0300141,9.674729298
2024,"July",15,"320-40",320,40,0,0,3,2.699868598,6.55,33.86261628,-99,14.15628821,169.7604852,10.87456862
2024,"July",15,"320-80",320,80,0,0,3,3.535497596,6.58,63.2895123,0.165919,7.304684966,154.8416784,9.918897463
2024,"July",15,"320-120",320,120,0,0,3,3.326590346,6.57,48.73946525,0.096166,12.17326263,144.8651368,9.279818664
2024,"July",15,"321-10",321,10,1,0,3,3.582555202,6.3,92.01171299,0.290625,14.489398,146.2850522,9.370775816
2024,"July",15,"321-20",321,20,1,0,3,3.747969816,6.53,104.9853953,-99,15.67782907,163.4007306,10.46717451
2024,"July",15,"321-40",321,40,1,0,3,3.745117839,6.61,75.29839889,-99,13.68391765,167.7759718,10.74744437
2024,"July",15,"321-80",321,80,1,0,3,7.510268564,6.63,178.3646307,0.286124,2.042894573,156.6410353,10.03416093
2024,"July",15,"321-120",321,120,1,0,3,4.314087072,6.68,75.73499897,0.19849,2.487844666,157.2941354,10.07599732
2024,"July",15,"322-10",322,10,2,0,3,4.302679167,6.45,282.2114803,0.228664,10.42740487,156.3632948,10.01636939
2024,"July",15,"322-20",322,20,2,0,3,4.639212348,6.69,258.373445,-99,10.64325328,160.709086,10.29475274
2024,"July",15,"322-40",322,40,2,0,3,3.970423952,6.79,117.1070908,-99,9.392002495,176.1023977,11.28081981
2024,"July",15,"322-80",322,80,2,0,3,4.367431339,6.8,295.9934072,0.430743,1.687036806,158.4146037,10.14777244
2024,"July",15,"322-120",322,120,2,0,3,4.391803421,-99,290.6129485,-99,-99,-99,-99
2024,"July",16,"323-10",323,10,3,0,3,2.14587224,6.26,93.38597546,0.232013,20.88882096,189.8984795,12.16457129
2024,"July",16,"323-20",323,20,3,0,3,8.23459335,6.71,220.3139226,-99,5.885617592,166.1750522,10.64489242
2024,"July",16,"323-40",323,40,3,0,3,6.949500988,6.82,213.4296191,-99,3.508870867,173.5277377,11.11589185
2024,"July",16,"323-80",323,80,3,0,3,4.487443082,6.75,332.5212938,0.477551,1.186238303,163.4123921,10.46792153
2024,"July",16,"323-120",323,120,3,0,3,8.690217005,6.8,207.794107,0.234484,2.202592015,157.3991509,10.08272442
2024,"July",16,"330-10",330,10,0,0,3,2.087613401,6.48,20.74490151,0.144997,13.18028384,138.569543,8.876534572
2024,"July",16,"330-20",330,20,0,0,3,3.239286611,6.56,21.57168347,-99,10.18785714,133.7743018,8.569360293
2024,"July",16,"330-40",330,40,0,0,3,2.54476028,6.4,17.77001365,-99,16.7961884,162.6934697,10.42186868
2024,"July",16,"330-80",330,80,0,0,3,3.894642722,6.51,32.51883357,0.05735,12.48287586,154.6468181,9.906415068
2024,"July",16,"330-120",330,120,0,0,3,5.041039837,6.62,88.59784572,0.014035,6.091010605,141.5483836,9.067353591
2024,"July",16,"331-10",331,10,1,0,3,2.342772764,6.4,32.34305632,0.16704,17.8089582,169.2986403,10.8449837
2024,"July",16,"331-20",331,20,1,0,3,4.070510462,6.45,23.98001157,-99,14.52201809,149.7625134,9.593535548
2024,"July",16,"331-40",331,40,1,0,3,4.368508575,6.52,25.73673608,-99,14.1608952,170.3670522,10.91342418
2024,"July",16,"331-80",331,80,1,0,3,4.45155723,6.73,33.52962767,0.127072,5.513552714,157.6179633,10.09674114
2024,"July",16,"331-120",331,120,1,0,3,8.569496208,6.7,86.59770758,0.121339,1.468665003,148.0753738,9.485460504
2024,"July",16,"332-10",332,10,2,0,3,4.328612653,6.39,49.7294233,0.287932,16.14724891,164.556141,10.54118797
2024,"July",16,"332-20",332,20,2,0,3,3.938609657,6.57,106.1618124,-99,16.96563007,162.8951171,10.43478584
2024,"July",16,"332-40",332,40,2,0,3,7.416807301,6.54,94.82283387,-99,15.59819713,180.1144683,11.53782563
2024,"July",16,"332-80",332,80,2,0,3,9.134158003,6.72,151.663481,0.316049,0.225470992,159.494725,10.21696302
2024,"July",16,"332-120",332,120,2,0,3,8.616226839,6.64,289.1057527,0.230534,0.081715533,150.7702539,9.658089539
2024,"July",16,"333-10",333,10,3,0,3,4.962876398,6.57,309.2700903,0.645593,11.05673737,184.9420226,11.84706982
2024,"July",16,"333-20",333,20,3,0,3,7.615412484,6.74,389.0029304,-99,2.446444167,175.1882285,11.22225982
2024,"July",16,"333-40",333,40,3,0,3,6.754790024,6.82,158.9832825,-99,0.283406114,181.580615,11.63174427
2024,"July",16,"333-80",333,80,3,0,3,6.540607963,6.67,486.981939,0.511171,0.062882096,164.9252214,10.56483057
2024,"July",16,"333-120",333,120,3,0,3,7.15200039,6.64,325.6218948,0.301886,0.041001248,154.7134048,9.910680491
2024,"July",16,"440-10",440,10,0,0,4,1.870575404,6.41,40.63249219,0.224278,20.61460699,144.3000762,9.243621924
2024,"July",16,"440-20",440,20,0,0,4,2.98906356,6.5,148.8245165,0.470708,14.29607923,127.5750719,8.172249094
2024,"July",16,"440-40",440,40,0,0,4,4.351819245,6.55,245.167292,0.547023,7.629550842,156.8660451,10.04857465
2024,"July",16,"440-80",440,80,0,0,4,3.572591545,7.07,61.73219031,0.843293,0.495976294,144.0087475,9.224959951
2024,"July",16,"440-120",440,120,0,0,4,4.380388546,6.71,460.7157346,0.408159,0.16437617,147.2894133,9.435113328
2024,"July",16,"441-10",441,10,1,0,4,3.106197696,6.49,100.2688471,0.78546,13.78531815,129.74833,8.311463988
2024,"July",16,"441-20",441,20,1,0,4,3.773290888,6.63,124.3951877,1.130563,8.25764816,127.4011566,8.161108397
2024,"July",16,"441-40",441,40,1,0,4,4.303251432,6.52,303.6742834,0.476641,12.81009357,140.2060705,8.981367496
2024,"July",16,"441-80",441,80,1,0,4,4.034699997,7,102.0142271,0.619415,0.033980037,133.5428858,8.554536207
2024,"July",16,"441-120",441,120,1,0,4,3.943278232,6.61,447.8742848,0.42238,0.441378665,130.4189478,8.354422522
2024,"July",17,"442-10",442,10,2,0,4,2.906212586,6.53,76.92791131,0.306974,20.56025265,156.5266206,10.02683174
2024,"July",17,"442-20",442,20,2,0,4,3.663299077,6.68,105.907244,0.909293,11.60391142,138.819512,8.892547122
2024,"July",17,"442-40",442,40,2,0,4,4.1886036,6.73,164.6412741,0.926386,0.848693075,143.1574753,9.170429028
2024,"July",17,"442-80",442,80,2,0,4,4.54820133,6.76,302.7434572,1.014434,0.182916407,136.1617772,8.722297545
2024,"July",17,"442-120",442,120,2,0,4,4.020606206,6.62,83.1884784,0.082183,8.546709295,132.0582511,8.459433255
2024,"July",17,"443-10",443,10,3,0,4,2.79047652,6.51,131.905925,0.361185,12.67703681,140.1396671,8.977113818
2024,"July",17,"443-20",443,20,3,0,4,3.738065132,6.62,179.2535283,0.980613,5.569129757,137.8025134,8.827400074
2024,"July",17,"443-40",443,40,3,0,4,3.519390837,6.68,248.5814549,0.764551,5.991144729,157.5513822,10.09247608
2024,"July",17,"443-80",443,80,3,0,4,3.473573366,6.54,220.0251072,0.805001,3.974316906,143.4158731,9.186981509
2024,"July",17,"443-120",443,120,3,0,4,3.949797386,6.55,239.8736635,0.21214,3.861257018,140.8329817,9.021526264
2024,"July",17,"450-10",450,10,0,0,4,2.071281061,6.45,31.29536527,0.19792,14.96814099,136.0898477,8.717689876
2024,"July",17,"450-20",450,20,0,0,4,2.237890047,6.36,23.67742167,0.148117,17.64232689,143.2828152,9.178458071
2024,"July",17,"450-40",450,40,0,0,4,3.935913304,6.6,52.7188198,0.647085,7.27397068,131.269543,8.408910077
2024,"July",17,"450-80",450,80,0,0,4,4.569027454,6.84,116.6572499,0.621949,0.31717093,135.0214076,8.649247582
2024,"July",17,"450-120",450,120,0,0,4,4.264966053,6.71,356.1197308,0.394899,0.681846538,124.5173343,7.976376077
2024,"July",17,"451-10",451,10,1,0,4,1.429836462,6.39,22.32773334,0.21551,22.19304117,152.0630268,9.74090218
2024,"July",17,"451-20",451,20,1,0,4,2.997349345,6.55,59.35217079,0.706814,13.69916719,133.4373935,8.547778569
2024,"July",17,"451-40",451,40,1,0,4,4.668992846,6.63,207.285679,0.782821,3.252239551,145.8415882,9.34236833
2024,"July",17,"451-80",451,80,1,0,4,4.28301536,6.63,166.8941714,0.904127,3.271896444,134.4145134,8.610371062
2024,"July",17,"451-120",451,120,1,0,4,4.308203592,6.62,336.4578903,0.288802,1.214666251,126.4130437,8.097811717
2024,"July",17,"452-10",452,10,2,0,4,2.245595903,6.42,37.44002402,0.411055,19.79861822,155.1932638,9.941419368
2024,"July",17,"452-20",452,20,2,0,4,4.696424292,6.73,83.81469705,0.734162,7.397835309,148.1710606,9.491590029
2024,"July",17,"452-40",452,40,2,0,4,4.121502034,6.55,114.2773923,0.708181,6.810327511,155.1682482,9.939816921
2024,"July",17,"452-80",452,80,2,0,4,3.679938032,6.64,174.9592263,0.218927,3.342395508,141.3956417,9.057569229
2024,"July",17,"452-120",452,120,2,0,4,3.985180261,6.58,298.6261546,0.258425,2.371958827,138.828426,8.893118134
2024,"July",17,"453-10",453,10,3,0,4,1.632888806,6.49,16.87533897,0.139795,21.96902059,160.8164908,10.30163289
2024,"July",17,"453-20",453,20,3,0,4,3.208738861,6.76,58.39640599,0.378844,5.563796007,145.6557066,9.330461104
2024,"July",17,"453-40",453,40,3,0,4,3.626594729,6.51,149.1877459,0.764161,3.607289457,155.6919944,9.973367128
2024,"July",17,"453-80",453,80,3,0,4,3.955545093,6.89,116.3570147,0.319798,0.272688709,135.0728942,8.652545719
2024,"July",17,"453-120",453,120,3,0,4,4.754212869,6.71,100.3125707,0.17362,2.747158453,145.8550409,9.343230088
2024,"July",17,"460-10",460,10,0,0,4,2.233741836,6.5,12.81138214,0.31027,14.75398004,124.8131961,7.995328435
2024,"July",17,"460-20",460,20,0,0,4,3.47841889,6.5,39.21661646,0.622521,8.857888334,104.0651848,6.666249216
2024,"July",17,"460-40",460,40,0,0,4,1.975915875,6.69,22.3555416,1.102562,9.455143481,133.9560564,8.581003155
2024,"July",17,"460-80",460,80,0,0,4,4.253378531,6.66,73.0091461,0.212968,5.142485964,126.5042708,8.103655555
2024,"July",17,"460-120",460,120,0,0,4,4.662343849,6.63,76.98669522,0.250128,4.846812227,118.7901862,7.609505565
2024,"July",17,"461-10",461,10,1,0,4,4.428966901,6.51,20.35668996,0.534663,5.23246413,110.7757123,7.096113193
2024,"July",17,"461-20",461,20,1,0,4,3.480428799,6.38,34.07072078,0.737037,5.650935745,113.9723808,7.300885866
2024,"July",17,"461-40",461,40,1,0,4,3.505686828,6.42,28.51803432,0.452028,10.25202433,141.2333597,9.047173738
2024,"July",17,"461-80",461,80,1,0,4,3.802840108,6.59,33.19027784,0.139952,6.88966937,135.0315882,8.649899729
2024,"July",17,"461-120",461,120,1,0,4,3.685464562,6.56,79.45027533,0.156993,5.591924517,125.5353907,8.041590887
2024,"July",17,"462-10",462,10,2,0,4,2.123924076,6.28,31.47102838,0.193411,18.70055209,156.895952,10.05049043
2024,"July",17,"462-20",462,20,2,0,4,4.116336818,6.49,89.22475979,0.908121,8.566484716,121.7101185,7.796551026
2024,"July",17,"462-40",462,40,2,0,4,4.564295387,6.63,106.3106344,0.642986,4.472255147,147.027275,9.418321238
2024,"July",17,"462-80",462,80,2,0,4,4.144566379,6.62,141.7984631,0.185718,2.520480349,134.7205275,8.629973759
2024,"July",17,"462-120",462,120,2,0,4,4.299086085,6.58,230.3817629,0.14732,2.191740487,116.8301749,7.483950868
2024,"July",17,"463-10",463,10,3,0,4,1.884715686,6.29,74.57736471,0.278496,27.08509046,174.2364908,11.16129327
2024,"July",17,"463-20",463,20,3,0,4,4.365945573,6.62,309.5853858,0.688919,3.89867748,138.8421664,8.893998324
2024,"July",17,"463-40",463,40,3,0,4,6.158549291,6.67,227.3246758,1.128414,1.158240799,146.1317687,9.360956758
2024,"July",17,"463-80",463,80,3,0,4,3.819926421,6.71,341.804311,0.27362,1.087788522,135.6173512,8.687422626
2024,"July",17,"463-120",463,120,3,0,4,3.614890658,6.61,277.3186886,0.210912,4.206634435,130.6557433,8.369591203
2024,"July",15,"610-10",610,10,0,1,3,1.247424973,6.18,23.70107373,0.145716,17.38364941,152.324158,9.75762976
2024,"July",15,"610-20",610,20,0,1,3,1.848386666,6.2,10.16188282,-99,18.79301622,144.4545585,9.253517779
2024,"July",15,"610-40",610,40,0,1,3,1.292370238,6.17,5.847853745,-99,26.7661073,191.1958054,12.24767558
2024,"July",15,"610-80",610,80,0,1,3,2.085436694,6.49,5.910139383,0.013117,18.40480973,173.7176728,11.12805874
2024,"July",15,"610-120",610,120,0,1,3,2.008594789,6.6,23.29711543,0.049576,14.49597941,159.4422793,10.21360344
2024,"July",15,"613-10",613,10,3,1,3,3.156717705,6.41,249.7784256,0.201759,19.10971928,173.7768265,11.13184802
2024,"July",15,"613-20",613,20,3,1,3,3.329153053,6.86,222.6904741,-99,9.487071117,153.5798336,9.838066016
2024,"July",15,"613-40",613,40,3,1,3,4.113733888,6.69,341.8839399,-99,1.54547723,183.1834838,11.73442108
2024,"July",15,"613-80",613,80,3,1,3,3.935550695,6.8,286.32325,0.611246,1.097439177,166.1264429,10.6417786
2024,"July",15,"613-120",613,120,3,1,3,3.158154666,6.71,335.140072,0.37735,6.643580786,163.4923329,10.47304238
2024,"July",15,"620-10",620,10,0,1,3,2.126416498,6.41,36.53101687,0.111785,13.92653462,137.5854838,8.813497558
2024,"July",15,"620-20",620,20,0,1,3,2.433926203,6.41,16.38370903,-99,15.12253587,139.5306544,8.938101592
2024,"July",15,"620-40",620,40,0,1,3,2.087618545,6.55,5.346274686,-99,19.39151279,176.340567,11.29607649
2024,"July",15,"620-80",620,80,0,1,3,1.759991383,6.8,7.436287247,0.124944,13.73282595,164.5625247,10.54159689
2024,"July",15,"620-120",620,120,0,1,3,2.766890036,6.7,14.64315483,0.143094,13.55332502,163.8721495,10.49737273
2024,"July",16,"623-10",623,10,3,1,3,2.883983174,6.4,80.82504877,0.215201,25.90651591,191.6434951,12.27635375
2024,"July",16,"623-20",623,20,3,1,3,4.189570157,6.57,94.84426905,-99,12.61891765,154.6945642,9.909473596
2024,"July",16,"623-40",623,40,3,1,3,-99,6.61,40.0056548,-99,9.755458515,175.1689111,11.22102239
2024,"July",16,"623-80",623,80,3,1,3,6.489983113,6.74,141.9908286,0.223198,4.811553337,172.1697546,11.02890196
2024,"July",16,"623-120",623,120,3,1,3,7.74392172,6.77,230.7549956,0.363005,0.243568309,154.0688632,9.869392348
2024,"July",16,"630-10",630,10,0,1,3,1.375475047,6.28,25.86894333,0.146767,15.364136,147.2784852,9.434413296
2024,"July",16,"630-20",630,20,0,1,3,2.011805125,6.4,10.88715117,-99,15.2122801,129.7601439,8.31222076
2024,"July",16,"630-40",630,40,0,1,3,1.441328701,6.32,6.316343558,-99,23.0548534,166.5909563,10.67153447
2024,"July",16,"630-80",630,80,0,1,3,1.816541382,6.37,7.748164614,0,17.89191204,153.0998364,9.807318284
2024,"July",16,"630-120",630,120,0,1,3,1.7139322,6.58,10.07070024,0.014373,16.91772302,149.8609929,9.599843965
2024,"July",16,"633-10",633,10,3,1,3,2.509099294,6.43,140.4010902,0.200021,24.6374111,205.2621157,13.14873739
2024,"July",16,"633-20",633,20,3,1,3,4.723220165,6.71,227.1907521,-99,5.97507174,184.2700846,11.80402672
2024,"July",16,"633-40",633,40,3,1,3,4.658939237,6.75,184.1578552,-99,0.303009981,190.9003526,12.22874942
2024,"July",16,"633-80",633,80,3,1,3,4.366103896,6.71,349.7668584,0.408276,0.336247661,168.308567,10.78156143
2024,"July",16,"633-120",633,120,3,1,3,3.973275999,6.67,354.8588727,0.313872,0.192292576,147.4290804,9.444060146
2024,"September",16,"310-10",310,10,0,0,3,5.260031513,6.32,128.2695057,0.555988,6.410043668,162.2654133,10.39444818
2024,"September",16,"310-20",310,20,0,0,3,4.853930537,6.25,57.25440069,0.901164,12.02120711,169.0026234,10.8260214
2024,"September",16,"310-40",310,40,0,0,3,4.731223767,6.18,59.56427585,0.769966,12.22786338,169.5162708,10.8589247
2024,"September",16,"310-80",310,80,0,0,3,2.946132425,6.34,24.30217245,0.602659,9.775162196,166.0538449,10.6371281
2024,"September",16,"310-120",310,120,0,0,3,4.623124946,6.3,77.41859493,0.254793,7.6498534,163.8122116,10.49353322
2024,"September",16,"311-10",311,10,1,0,3,4.608516997,6.31,67.74622641,0.191982,9.418898939,175.098031,11.21648194
2024,"September",16,"311-20",311,20,1,0,3,4.783812383,6.17,53.44101868,0.386915,12.58697754,181.1870945,11.60653608
2024,"September",16,"311-40",311,40,1,0,3,3.885423532,6.17,32.96876837,0.87518,16.45834997,184.5649732,11.82291674
2024,"September",16,"311-80",311,80,1,0,3,3.784628686,6.33,34.16338613,0.63701,9.103811603,178.1085444,11.40932986
2024,"September",16,"311-120",311,120,1,0,3,5.847271054,6.28,65.79723028,0.701064,4.948693075,163.6196615,10.48119882
2024,"September",16,"312-10",312,10,2,0,3,4.304671663,6.41,155.7221788,0.640004,8.889644417,174.3418138,11.16804006
2024,"September",16,"312-20",312,20,2,0,3,6.278205544,6.39,267.9974756,0.527305,3.877548347,174.7214189,11.19235686
2024,"September",16,"312-40",312,40,2,0,3,6.267774985,6.51,221.870403,0.516837,1.669145352,178.8419661,11.45631149
2024,"September",16,"312-80",312,80,2,0,3,3.934573769,6.82,92.9072553,0.829837,0.590134124,163.3442567,10.4635569
2024,"September",16,"312-120",312,120,2,0,3,4.667363096,6.4,220.4164469,0.407247,11.17196507,166.9443272,10.69417075
2024,"September",16,"313-10",313,10,3,0,3,4.022508488,6.31,209.9476825,0.441534,16.75509357,192.7536446,12.34746788
2024,"September",16,"313-20",313,20,3,0,3,3.54179869,6.6,145.4308934,0.813014,8.350121647,165.1239154,10.57755854
2024,"September",16,"313-40",313,40,3,0,3,4.286312646,6.36,322.557369,0.835131,11.85645664,185.5117094,11.88356291
2024,"September",16,"313-80",313,80,3,0,3,3.84663905,6.57,245.3830125,0.876694,4.171412976,163.1624006,10.45190753
2024,"September",16,"313-120",313,120,3,0,3,5.775340558,6.42,372.7167508,1.065961,1.935573924,164.7759464,10.55526829
2024,"September",16,"320-10",320,10,0,0,3,4.798312723,6.28,48.45555889,0.228989,11.18642545,170.8330719,10.94327655
2024,"September",16,"320-20",320,20,0,0,3,4.307111968,6.27,38.05910261,0.584964,12.18981597,172.9980056,11.0819582
2024,"September",16,"320-40",320,40,0,0,3,4.109334766,6.37,19.78375271,0.442155,13.58637867,178.6619972,11.44478301
2024,"September",16,"320-80",320,80,0,0,3,5.683446759,6.38,59.90630068,0.737222,5.070190268,159.7674189,10.23443129
2024,"September",16,"320-120",320,120,0,0,3,4.547038409,6.3,40.15970394,0.80658,12.0674267,167.3144824,10.71788221
2024,"September",16,"321-10",321,10,1,0,3,6.382151464,6.28,147.6915294,0.575906,6.744931379,168.9808999,10.82462983
2024,"September",16,"321-20",321,20,1,0,3,7.403459966,6.23,117.9327208,0.589576,9.178446663,175.051275,11.21348683
2024,"September",16,"321-40",321,40,1,0,3,6.855519849,6.33,72.12523489,0.405381,10.12402682,180.5198392,11.56379294
2024,"September",16,"321-80",321,80,1,0,3,6.469692193,6.32,143.2349226,0.971086,3.331646912,167.0840056,10.7031183
2024,"September",16,"321-120",321,120,1,0,3,6.012535054,6.42,96.27203163,0.723175,2.685233936,166.18411,10.64547265
2024,"September",16,"322-10",322,10,2,0,3,5.662372139,6.43,155.6249471,0.366225,5.833546475,167.0588604,10.70150754
2024,"September",16,"322-20",322,20,2,0,3,6.257324869,6.4,221.3655463,0.362635,4.814220212,178.8720592,11.4582392
2024,"September",16,"322-40",322,40,2,0,3,5.707763628,6.47,129.6228021,0.925621,5.350271366,182.778031,11.70844853
2024,"September",16,"322-80",322,80,2,0,3,5.591042656,6.4,279.9128726,0.489303,6.761172801,164.2027955,10.5185533
2024,"September",16,"322-120",322,120,2,0,3,5.516470924,6.33,279.4703439,0.506814,5.808733624,162.7825698,10.42757627
2024,"September",17,"323-10",323,10,3,0,3,2.251525967,6.36,117.8203746,0.166786,23.9000811,187.7185021,12.02492597
2024,"September",17,"323-20",323,20,3,0,3,6.965987402,6.71,199.4588174,0.656819,4.103069245,188.8256389,12.0958471
2024,"September",17,"323-40",323,40,3,0,3,5.930555103,6.75,250.6665558,0.613536,2.263849033,187.5898731,12.01668623
2024,"September",17,"323-80",323,80,3,0,3,5.92734943,6.69,295.7957574,0.648464,4.047854024,174.777969,11.19597935
2024,"September",17,"323-120",323,120,3,0,3,4.956030586,6.56,155.4499613,0.843046,4.367563943,171.7315684,11.00083257
2024,"September",17,"330-10",330,10,0,0,3,2.266471147,6.51,33.70751082,0.145498,12.74883968,151.602048,9.711372728
2024,"September",17,"330-20",330,20,0,0,3,4.776512912,6.46,34.91275289,0.218016,8.5804398,160.9289252,10.30883523
2024,"September",17,"330-40",330,40,0,0,3,4.295661999,6.39,34.74476453,0.249438,12.62655334,165.415354,10.59622756
2024,"September",17,"330-80",330,80,0,0,3,4.04815415,6.45,31.94627949,0.680243,13.93467561,169.4574161,10.85515458
2024,"September",17,"330-120",330,120,0,0,3,5.193349281,6.56,72.53145754,1.007549,7.123845914,151.3312722,9.694027335
2024,"September",17,"331-10",331,10,1,0,3,3.515712777,6.5,85.47666861,0.11799,11.00275733,173.8606262,11.13721607
2024,"September",17,"331-20",331,20,1,0,3,5.76892138,6.42,61.12418953,0.288625,10.41873362,174.2169929,11.16004427
2024,"September",17,"331-40",331,40,1,0,3,5.832873836,6.38,34.42443848,0.671497,11.85883344,179.0109422,11.46713579
2024,"September",17,"331-80",331,80,1,0,3,5.73173972,6.53,41.38242321,0.459128,7.234675608,166.9302708,10.69327033
2024,"September",17,"331-120",331,120,1,0,3,6.894782049,6.52,117.757735,0.684903,2.648069245,157.6542257,10.09906404
2024,"September",17,"332-10",332,10,2,0,3,4.448228812,6.59,94.01424033,0.253038,9.929862757,190.2652666,12.18806699
2024,"September",17,"332-20",332,20,2,0,3,-99,6.54,102.3471378,0.887575,11.77260137,182.9037687,11.71650305
2024,"September",17,"332-40",332,40,2,0,3,6.228486699,6.53,109.255471,0.508878,12.29422333,187.319653,11.99937643
2024,"September",17,"332-80",332,80,2,0,3,5.642503736,6.59,229.0817824,0.931787,1.60205864,166.2863949,10.65202483
2024,"September",17,"332-120",332,120,2,0,3,7.037559624,6.53,344.3395528,1.090023,0.546887087,160.0776389,10.25430341
2024,"September",17,"333-10",333,10,3,0,3,5.600860276,6.63,317.1543369,1.04827,4.603796007,194.5935063,12.46532602
2024,"September",17,"333-20",333,20,3,0,3,5.737688786,6.61,344.5674831,0.882149,1.964616344,183.4569647,11.75193977
2024,"September",17,"333-40",333,40,3,0,3,5.719841589,6.75,217.9891752,0.573851,0.737018091,183.0762764,11.72755358
2024,"September",17,"333-80",333,80,3,0,3,5.226069142,6.63,439.9060459,0.768643,0.244139114,170.3082031,10.90965442
2024,"September",17,"333-120",333,120,3,0,3,4.051128682,6.59,338.4355739,-99,0.857445415,158.735385,10.16832111
2024,"September",17,"440-10",440,10,0,0,4,1.488071689,6.06,81.62009274,0.159269,16.91120087,144.4964598,9.256201897
2024,"September",17,"440-20",440,20,0,0,4,3.471186088,6.3,239.0158901,0.38639,17.92176232,146.5662595,9.388789437
2024,"September",17,"440-40",440,40,0,0,4,3.605634522,6.55,308.9931177,0.674552,7.040854648,150.5476559,9.643830321
2024,"September",17,"440-80",440,80,0,0,4,3.984534653,7.18,40.43167658,0.218446,0.606550218,143.5280113,9.194164876
2024,"September",17,"440-120",440,120,0,0,4,4.940951921,6.6,445.5411839,0.324121,0.87731753,137.5268745,8.809743154
2024,"September",17,"441-10",441,10,1,0,4,2.462822834,6.28,99.11505712,0.575569,15.59455396,150.2804147,9.626711345
2024,"September",17,"441-20",441,20,1,0,4,4.632331653,6.46,227.466984,0.441497,8.17389582,139.8180762,8.956513296
2024,"September",17,"441-40",441,40,1,0,4,4.53760662,6.38,335.1396436,0.54665,11.16839988,143.8052722,9.211925698
2024,"September",17,"441-80",441,80,1,0,4,4.170929073,6.96,114.2052109,0.429795,0,129.8955346,8.320893637
2024,"September",17,"441-120",441,120,1,0,4,4.655248999,6.5,545.6369147,0.380026,2.250810979,131.4065331,8.417685411
2024,"September",18,"442-10",442,10,2,0,4,2.918114121,6.27,98.72976727,0.192671,18.95758578,169.1052581,10.83259599
2024,"September",18,"442-20",442,20,2,0,4,4.455104172,6.47,148.7674781,0.541591,14.46773238,160.5377433,10.28377684
2024,"September",18,"442-40",442,40,2,0,4,6.079752774,6.7,236.8403248,0.538312,1.098003743,139.0332666,8.906239845
2024,"September",18,"442-80",442,80,2,0,4,5.721399878,6.63,324.282126,0.300195,1.846381784,133.4002793,8.545401099
2024,"September",18,"442-120",442,120,2,0,4,4.607946237,6.68,144.4223379,0.129522,10.28537742,142.8928209,9.153475754
2024,"September",18,"443-10",443,10,3,0,4,3.955232034,6.59,132.5169254,0.276719,11.41165003,157.4717687,10.08737618
2024,"September",18,"443-20",443,20,3,0,4,5.135876843,6.08,120.7938572,0.832745,5.780864005,146.092756,9.358457677
2024,"September",18,"443-40",443,40,3,0,4,5.625412495,6.66,167.9131838,1.066074,3.656487835,147.3371001,9.438168061
2024,"September",18,"443-80",443,80,3,0,4,6.498897679,6.61,205.9981428,0.245382,2.678849033,144.6015317,9.26293261
2024,"September",18,"443-120",443,120,3,0,4,6.294124595,6.57,201.2609917,0.228582,2.786509669,138.1088773,8.847025178
2024,"September",18,"450-10",450,10,0,0,4,2.246656619,5.77,26.93180125,0.173959,14.78519651,152.5366121,9.77123918
2024,"September",18,"450-20",450,20,0,0,4,2.608209095,6.55,19.7995881,0.349709,13.50635995,134.1595035,8.594035601
2024,"September",18,"450-40",450,40,0,0,4,4.179202594,6.5,64.71847766,0.618227,10.11508734,132.7106827,8.501226816
2024,"September",18,"450-80",450,80,0,0,4,4.323183668,6.77,107.8176107,0.232494,4.740408609,136.9599267,8.773425526
2024,"September",18,"450-120",450,120,0,0,4,4.36797778,6.7,220.5460855,0.313403,2.587223955,121.2486488,7.766990132
2024,"September",18,"451-10",451,10,1,0,4,1.075610549,6.29,20.76801021,0.107998,16.87171553,180.3626601,11.55372433
2024,"September",18,"451-20",451,20,1,0,4,3.830448436,6.57,65.98071467,0.394841,14.6728665,155.9400592,9.989257706
2024,"September",18,"451-40",451,40,1,0,4,6.079752774,6.59,211.0317494,0.428971,1.375692452,140.1733597,8.979272099
2024,"September",18,"451-80",451,80,1,0,4,6.282926067,6.55,242.473125,0.229315,4.860087336,140.9636925,9.02989936
2024,"September",18,"451-120",451,120,1,0,4,5.56869092,6.63,325.4214852,0.284304,1.175835933,127.1461213,8.14477131
2024,"September",18,"452-10",452,10,2,0,4,3.121539531,6.28,44.4300523,0.187269,19.24320649,175.3057123,11.22978561
2024,"September",18,"452-20",452,20,2,0,4,5.554884706,6.56,100.7565935,0.425115,14.59791329,164.3486855,10.52789875
2024,"September",18,"452-40",452,40,2,0,4,5.035425913,6.61,91.79674165,0.950303,6.480938865,149.6106601,9.583808105
2024,"September",18,"452-80",452,80,2,0,4,5.862072962,6.63,167.9004723,0.247694,3.176260137,139.0769111,8.909035636
2024,"September",18,"452-120",452,120,2,0,4,7.201275696,6.54,288.3969864,0.204072,2.353917654,133.042756,8.52249882
2024,"September",18,"453-10",453,10,3,0,4,2.593451855,6.42,60.61953136,0.097165,18.12499376,171.8001044,11.00522286
2024,"September",18,"453-20",453,20,3,0,4,5.893136943,6.69,128.6781996,0.425059,10.61848409,157.3034866,10.07659634
2024,"September",18,"453-40",453,40,3,0,4,5.969071119,6.45,229.4900114,1.010351,2.205280724,150.5380395,9.643214315
2024,"September",18,"453-80",453,80,3,0,4,6.303871802,6.69,202.1671607,0.269231,0.678537118,136.1296841,8.720241721
2024,"September",18,"453-120",453,120,3,0,4,6.756025303,6.66,221.5329067,0.182134,2.139507174,138.21578,8.853873166
2024,"September",18,"460-10",460,10,0,0,4,3.977524784,6.28,13.97376163,0.156789,12.00386151,147.1427137,9.425716024
2024,"September",18,"460-20",460,20,0,0,4,4.091426048,6.4,23.39935458,0.312227,12.02885839,138.6456135,8.881407509
2024,"September",18,"460-40",460,40,0,0,4,4.900815329,6.66,30.8442703,0.789302,6.011487835,123.7934104,7.930002855
2024,"September",18,"460-80",460,80,0,0,4,5.796493447,6.63,102.6215308,0.226453,4.069544604,124.7197856,7.989344735
2024,"September",18,"460-120",460,120,0,0,4,6.158906558,6.55,153.9470477,0.209564,2.294507174,124.9880226,8.006527498
2024,"September",18,"461-10",461,10,1,0,4,3.442534001,6.46,17.40447755,0.301235,11.29990643,146.7561128,9.400951089
2024,"September",18,"461-20",461,20,1,0,4,4.571191976,6.47,16.46527742,0.541431,12.00158141,147.6128096,9.455829499
2024,"September",18,"461-40",461,40,1,0,4,5.630818882,6.52,26.76193138,0.199792,8.877563943,154.2003695,9.877816402
2024,"September",18,"461-80",461,80,1,0,4,6.825056371,6.62,40.62010992,0.162185,5.671955708,133.0148322,8.520710071
2024,"September",18,"461-120",461,120,1,0,4,6.669736467,6.58,97.25421089,0.187676,2.440789145,123.7776276,7.928991838
2024,"September",18,"462-10",462,10,2,0,4,3.642724101,6.32,40.69617653,0.219113,16.89580786,158.4618449,10.15079863
2024,"September",18,"462-20",462,20,2,0,4,5.491030967,6.58,93.29845157,0.857636,7.284965689,138.8603977,8.895166188
2024,"September",18,"462-40",462,40,2,0,4,6.328032676,6.73,87.87707129,1.056646,2.133980037,139.3881467,8.928972809
2024,"September",18,"462-80",462,80,2,0,4,7.32553162,6.76,91.46054448,0.199337,2.364061135,132.4584401,8.485068622
2024,"September",18,"462-120",462,120,2,0,4,6.536851659,6.62,176.853457,0.178376,2.12790393,124.3174048,7.963568964
2024,"September",18,"463-10",463,10,3,0,4,2.866124577,6.42,113.2534558,0.348332,19.50048347,181.107213,11.60141901
2024,"September",18,"463-20",463,20,3,0,4,6.569641417,6.66,261.565793,0.545028,6.58602932,153.3962877,9.826308409
2024,"September",18,"463-40",463,40,3,0,4,6.555835203,6.66,247.4712271,0.544755,0.34794136,142.6693597,9.139161242
2024,"September",18,"463-80",463,80,3,0,4,7.097729093,6.56,442.5098572,0.28189,0.237956956,129.9247814,8.322767135
2024,"September",18,"463-120",463,120,3,0,4,5.24769645,6.65,250.5685951,0.173767,4.563281347,129.1377856,8.272353642
2024,"September",16,"610-10",610,10,0,1,3,2.360353679,6.37,20.3547999,0.086106,12.66761073,159.8403357,10.2391022
2024,"September",16,"610-20",610,20,0,1,3,2.618914373,6.11,15.26122878,0.128874,14.19599189,164.2560931,10.52196745
2024,"September",16,"610-40",610,40,0,1,3,1.575243591,6.12,4.856989561,-99,23.64121647,182.9485755,11.71937329
2024,"September",16,"610-80",610,80,0,1,3,1.736594266,6.27,5.726368221,0.455125,18.10588272,174.6269337,11.18630431
2024,"September",16,"610-120",610,120,0,1,3,2.621835962,6.3,16.80949552,0.768864,15.07597941,160.9426798,10.30971633
2024,"September",16,"613-10",613,10,3,1,3,2.885219453,6.3,157.8509912,0.167422,21.14096382,199.2150268,12.76137207
2024,"September",16,"613-20",613,20,3,1,3,3.486106701,6.48,131.5552813,0.58673,16.79857767,194.4291255,12.45479609
2024,"September",16,"613-40",613,40,3,1,3,5.907242637,6.37,380.080179,0.926222,4.044366812,195.3115205,12.51132067
2024,"September",16,"613-80",613,80,3,1,3,5.445585361,6.6,216.8774638,0.839613,0.53911728,176.5170832,11.30738379
2024,"September",16,"613-120",613,120,3,1,3,3.764566645,6.42,359.792887,0.606944,8.630524017,178.6200959,11.4420989
2024,"September",16,"620-10",620,10,0,1,3,3.864225994,6.21,49.50360398,0.101382,9.48411728,167.2250889,10.71215583
2024,"September",16,"620-20",620,20,0,1,3,3.591628364,6.06,33.04053894,0.221317,14.05348721,168.5127927,10.79464375
2024,"September",16,"620-40",620,40,0,1,3,2.219846744,6.3,6.571829415,0.272646,19.46892701,182.0289901,11.66046635
2024,"September",16,"620-80",620,80,0,1,3,2.350283244,6.53,3.192815109,0.38387,14.3050655,174.4452496,11.17466597
2024,"September",16,"620-120",620,120,0,1,3,2.929156052,6.36,17.3002989,0.934245,15.57762009,170.9503893,10.95079168
2024,"September",17,"623-10",623,10,3,1,3,2.740910715,6.34,40.33338473,0.107554,22.09973175,190.0295261,12.17296589
2024,"September",15,"623-20",623,20,3,1,3,5.079448987,6.37,-99,0.317397,15.44443543,196.2654443,12.57242727
2024,"September",17,"623-40",623,40,3,1,3,4.590583893,6.53,80.15448188,0.320301,8.990470992,182.8614753,11.71379382
2024,"September",17,"623-80",623,80,3,1,3,6.44506558,6.58,223.4130206,0.79915,5.465960699,181.9193963,11.65344598
2024,"September",17,"623-120",623,120,3,1,3,5.715775029,6.58,370.2038422,0.723278,0.695508422,172.1643977,11.02855882
2024,"September",17,"630-10",630,10,0,1,3,2.529336313,6.38,42.02284327,0.084533,14.09180911,179.0136925,11.46731197
2024,"September",17,"630-20",630,20,0,1,3,3.167265191,6.24,32.20555048,0.115791,11.76680599,164.0269394,10.50728829
2024,"September",17,"630-40",630,40,0,1,3,2.429960458,6.17,13.28131548,0.116915,20.1016126,171.0750381,10.95877645
2024,"September",17,"630-80",630,80,0,1,3,1.945903872,6.16,12.70602258,0.18644,19.38344354,162.2243526,10.39181791
2024,"September",17,"630-120",630,120,0,1,3,1.776003216,6.37,14.82250604,0.381807,17.69386151,157.1684908,10.06794876
2024,"September",17,"633-10",633,10,3,1,3,3.712582139,6.44,188.9419442,0.21561,19.26378977,204.0856671,13.07337628
2024,"September",17,"633-20",633,20,3,1,3,5.278600829,6.49,341.1194531,0.61185,13.96787586,198.3411735,12.70539464
2024,"September",17,"633-40",633,40,3,1,3,5.659028784,6.7,179.4397352,0.611544,1.069167187,185.1238477,11.8587172
2024,"September",17,"633-80",633,80,3,1,3,5.396243209,6.58,342.571632,0.685087,0.547276981,167.0762172,10.70261938
2024,"September",17,"633-120",633,120,3,1,3,4.583441313,6.58,303.664955,1.016407,0.493939488,154.8504739,9.919460885
2025,"May",20,"310-10",310,10,0,0,3,1.638775751,6.46,19.07647048,66.56228805,22.11247037,167.19433,10.71018547
2025,"May",20,"310-20",310,20,0,0,3,2.114279459,6.41,29.04405112,118.1376056,24.07529008,184.1095458,11.7937429
2025,"May",20,"310-40",310,40,0,0,3,3.528065834,6.55,38.01403526,145.9255928,16.90090143,186.5896474,11.95261362
2025,"May",20,"310-80",310,80,0,0,3,2.064719918,6.5,18.94816291,155.7026994,13.20999688,175.7707334,11.25957401
2025,"May",20,"310-120",310,120,0,0,3,4.072551066,6.58,58.24432685,169.0460994,11.40980349,168.6926375,10.80616428
2025,"May",20,"311-10",311,10,1,0,3,1.113712502,6.28,16.21631817,21.23098232,21.84931067,149.5484852,9.579825297
2025,"May",20,"311-20",311,20,1,0,3,2.796727738,6.43,42.13109031,120.0801045,16.55815346,171.5556361,10.98956267
2025,"May",20,"311-40",311,40,1,0,3,3.133598674,6.47,40.71282379,142.1037075,18.57940112,181.2188999,11.60857347
2025,"May",20,"311-80",311,80,1,0,3,4.110725307,6.53,35.75879093,201.2710346,8.713923893,180.2235205,11.54481131
2025,"May",20,"311-120",311,120,1,0,3,4.038395166,6.55,46.10584796,171.5459744,8.466185278,176.2257094,11.28871893
2025,"May",20,"312-10",312,10,2,0,3,1.910376103,6.32,150.4951016,67.71423676,22.01874922,154.7465275,9.912802271
2025,"May",20,"312-20",312,20,2,0,3,3.374915999,6.55,288.1950619,174.4258819,14.70975671,170.9760592,10.95243605
2025,"May",20,"312-40",312,40,2,0,3,4.55831963,6.73,261.0440132,281.3369316,3.693122271,168.1588801,10.77197277
2025,"May",20,"312-80",312,80,2,0,3,3.849246887,6.87,127.907823,320.8888603,1.901503431,157.3043893,10.07665416
2025,"May",20,"312-120",312,120,2,0,3,3.455933099,6.58,132.2621234,199.4874596,11.77968497,159.0278392,10.18705518
2025,"May",20,"313-10",313,10,3,0,3,1.900681749,6.34,201.2636982,29.84728737,20.41924517,167.0709704,10.70228328
2025,"May",20,"313-20",313,20,3,0,3,2.518350585,6.75,222.0109587,208.7693033,10.46019963,177.5668463,11.37462967
2025,"May",20,"313-40",313,40,3,0,3,2.444950476,6.42,341.0567768,68.91202068,22.07173113,172.1212355,11.02579392
2025,"May",20,"313-80",313,80,3,0,3,3.561186085,6.65,300.7402091,576.2338738,3.072588896,164.2671227,10.52267399
2025,"May",20,"313-120",313,120,3,0,3,3.457318007,6.58,262.7400792,560.165635,4.254837804,171.6943188,10.99844643
2025,"May",20,"320-10",320,10,0,0,3,1.800688106,6.36,30.41811727,81.33379026,20.88570805,157.931134,10.11680227
2025,"May",20,"320-20",320,20,0,0,3,2.207126519,6.41,33.76744648,124.7570805,21.86038054,174.4650748,11.17593593
2025,"May",20,"320-40",320,40,0,0,3,2.233222084,6.49,29.28575316,155.4702392,15.95055521,179.0339464,11.46860939
2025,"May",20,"320-80",320,80,0,0,3,3.965315163,6.54,62.23508717,163.5903532,9.85820025,174.5073145,11.17864173
2025,"May",20,"320-120",320,120,0,0,3,2.919535424,6.42,44.64565968,124.031642,18.19309732,166.3943667,10.6589413
2025,"May",20,"321-10",321,10,1,0,3,2.334994784,6.34,47.46248545,49.12056373,21.38656581,165.3149788,10.58979771
2025,"May",20,"321-20",321,20,1,0,3,2.976945666,6.39,99.85134817,134.7527255,16.94538054,179.0179633,11.46758555
2025,"May",20,"321-40",321,40,1,0,3,3.065018195,6.49,86.58057649,169.4609722,14.74728634,174.4933371,11.17774636
2025,"May",20,"321-80",321,80,1,0,3,-99,6.73,64.22515702,352.2839784,4.621306925,171.8079323,11.0057243
2025,"May",20,"321-120",321,120,1,0,3,4.708386356,6.62,109.8375984,179.8263688,6.970152838,174.1575205,11.15623457
2025,"May",20,"322-10",322,10,2,0,3,1.953347157,6.46,76.36765452,30.22660584,21.60572364,161.5726714,10.35007242
2025,"May",20,"322-20",322,20,2,0,3,3.972491443,6.54,209.5659895,164.8233345,15.56451653,177.7670212,11.38745251
2025,"May",20,"322-40",322,40,2,0,3,3.470151831,6.67,132.8699372,206.2885619,9.536887087,185.3528745,11.87338824
2025,"May",20,"322-80",322,80,2,0,3,4.259542651,6.65,266.0288756,297.7001007,9.306771678,172.1319915,11.02648293
2025,"May",20,"322-120",322,120,2,0,3,4.821927927,6.62,183.4702549,208.6186611,13.89650343,169.1516389,10.83556706
2025,"May",21,"323-10",323,10,3,0,3,1.48942421,6.13,91.54807273,25.42540356,28.63546475,168.3508575,10.78427049
2025,"May",21,"323-20",323,20,3,0,3,3.87374592,6.55,324.7112507,193.9953736,12.33846226,182.0624006,11.66260656
2025,"May",21,"323-40",323,40,3,0,3,4.406676677,6.7,295.3978345,282.250423,5.006403618,189.7577405,12.1555558
2025,"May",21,"323-80",323,80,3,0,3,-99,6.61,293.1975056,334.1732885,8.505106051,177.9178646,11.39711526
2025,"May",21,"323-120",323,120,3,0,3,3.174414843,6.54,198.936281,312.0220323,11.78824392,179.8157038,11.51868733
2025,"May",21,"330-10",330,10,0,0,3,0.222683031,6.28,9.051851759,13.2890688,20.2752121,128.8890465,8.256419877
2025,"May",21,"330-20",330,20,0,0,3,2.156125749,6.46,30.01753619,54.86495748,17.73491266,155.793134,9.979845946
2025,"May",21,"330-40",330,40,0,0,3,2.451476273,6.47,40.08509016,70.27294081,16.06953837,167.4961693,10.72952073
2025,"May",21,"330-80",330,80,0,0,3,3.550836559,6.4,29.10225364,99.55185733,14.44364005,169.883464,10.88244642
2025,"May",21,"330-120",330,120,0,0,3,4.192130059,6.54,79.52082509,207.4532902,8.389101684,158.1363413,10.12994747
2025,"May",21,"331-10",331,10,1,0,3,0.492044321,6.31,26.44187392,8.01951923,25.68984404,149.4611481,9.574230644
2025,"May",21,"331-20",331,20,1,0,3,2.939625057,6.48,27.00683493,56.98708475,16.76778852,171.3940592,10.97921236
2025,"May",21,"331-40",331,40,1,0,3,2.677091257,6.52,33.97198623,109.7926707,12.29632564,180.6241467,11.57047468
2025,"May",21,"331-80",331,80,1,0,3,3.371711935,6.51,40.13678536,187.1003163,9.435502183,177.2165529,11.35219053
2025,"May",21,"331-120",331,120,1,0,3,3.441447476,6.56,103.6461767,202.0768632,5.332495321,162.8017884,10.42880738
2025,"May",21,"332-10",332,10,2,0,3,1.807448046,6.41,42.24655087,26.87385323,23.10721148,165.8694669,10.62531719
2025,"May",21,"332-20",332,20,2,0,3,3.509815653,6.52,106.3984798,113.9276204,17.23261697,181.0371227,11.59692916
2025,"May",21,"332-40",332,40,2,0,3,5.303682579,6.62,111.3041884,160.9434771,9.770199626,186.4415571,11.94312723
2025,"May",21,"332-80",332,80,2,0,3,4.758218564,6.65,289.9614189,223.7376398,2.302813475,176.1980818,11.28694915
2025,"May",21,"332-120",332,120,2,0,3,4.419112406,6.6,215.8832605,206.3915126,8.927854024,173.0342708,11.08428127
2025,"May",21,"333-10",333,10,3,0,3,2.502068724,6.55,206.7074978,69.5585684,18.52967873,179.2175092,11.48036808
2025,"May",21,"333-20",333,20,3,0,3,4.873077101,6.63,330.9881692,243.4207915,3.411119775,184.472,11.81696105
2025,"May",21,"333-40",333,40,3,0,3,4.160680697,6.71,195.0458136,409.4853177,2.214351216,181.001213,11.59462885
2025,"May",21,"333-80",333,80,3,0,3,5.843015985,6.67,515.6512633,486.631612,0.420202745,195.1316502,12.49979852
2025,"May",21,"333-120",333,120,3,0,3,4.380638489,6.62,440.782475,388.7381753,0.890839052,162.2558336,10.39383453
2025,"May",21,"440-10",440,10,0,0,4,0.491433944,6.4,40.39763219,16.1750448,22.73173737,125.4669196,8.037204756
2025,"May",21,"440-20",440,20,0,0,4,1.185373233,6.22,87.49978622,42.04980474,23.443665,156.9907955,10.05656593
2025,"May",21,"440-40",440,40,0,0,4,3.156418095,6.46,298.4715823,146.5565051,11.13924205,162.6719887,10.42049265
2025,"May",21,"440-80",440,80,0,0,4,3.896095916,6.68,221.8568374,193.0189838,2.189360574,151.5580536,9.708554531
2025,"May",21,"440-120",440,120,0,0,4,2.095141221,6.6,541.1965839,147.8718042,3.114266999,142.118835,9.103895649
2025,"May",21,"441-10",441,10,1,0,4,0.941672618,6.34,65.75569086,37.79262781,23.29656269,131.4135853,8.418137161
2025,"May",21,"441-20",441,20,1,0,4,1.862875238,6.45,116.9433335,62.50772844,18.58815346,168.5265472,10.79552484
2025,"May",21,"441-40",441,40,1,0,4,2.947736043,6.41,240.1293141,141.6322903,15.64117592,162.465969,10.40729541
2025,"May",21,"441-80",441,80,1,0,4,2.779075206,6.69,498.8320356,223.9249788,3.750015596,133.3307955,8.540950097
2025,"May",21,"441-120",441,120,1,0,4,3.623808718,6.5,110.5907623,223.2567985,4.045124766,134.0064852,8.584233529
2025,"May",22,"442-10",442,10,2,0,4,1.285457025,5.92,40.0219742,28.4740874,25.06536494,138.3195966,8.860523468
2025,"May",22,"442-20",442,20,2,0,4,2.124300592,6.25,115.533891,66.54008439,21.02489395,148.1826065,9.492329634
2025,"May",22,"442-40",442,40,2,0,4,5.224027704,6.58,232.9567924,245.9238079,3.431718653,149.5642962,9.58083812
2025,"May",22,"442-80",442,80,2,0,4,6.462004267,6.54,333.303809,274.7018927,1.608374922,137.7053371,8.821175139
2025,"May",22,"442-120",442,120,2,0,4,4.997617312,6.52,179.9146403,280.1237979,12.9726544,140.7972073,9.019234627
2025,"May",22,"443-10",443,10,3,0,4,1.605771582,6.32,79.90346903,23.5149607,23.01331878,144.112708,9.231619469
2025,"May",22,"443-20",443,20,3,0,4,3.237472964,6.53,115.7673996,92.37386394,16.68661884,156.8897066,10.05009036
2025,"May",22,"443-40",443,40,3,0,4,4.828738598,6.62,181.7340147,162.760893,6.427211478,161.5366291,10.34776361
2025,"May",22,"443-80",443,80,3,0,4,6.113119963,6.57,242.5878223,222.5191515,3.96797879,148.0832835,9.485967187
2025,"May",22,"443-120",443,120,3,0,4,5.191074619,6.55,263.846155,221.3033762,6.376269495,147.7291678,9.463283193
2025,"May",22,"450-10",450,10,0,0,4,0.361777671,6.19,16.26355566,28.09234152,23.3217093,113.4691283,7.268648444
2025,"May",22,"450-20",450,20,0,0,4,0.61945646,6.26,12.76254823,24.80905567,19.75613225,118.6538138,7.600769804
2025,"May",22,"450-40",450,40,0,0,4,3.500701759,6.51,65.38778637,168.8291318,14.75610418,151.4445726,9.701285151
2025,"May",22,"450-80",450,80,0,0,4,4.728837079,6.63,255.5256363,223.5485875,3.686600125,136.8758787,8.768041569
2025,"May",22,"450-120",450,120,0,0,4,6.068102633,6.52,529.0672595,385.0111732,2.727707424,133.3953315,8.545084152
2025,"May",22,"451-10",451,10,1,0,4,0.928671008,6.2,38.50831199,13.14328143,25.65834373,139.7924147,8.954869468
2025,"May",22,"451-20",451,20,1,0,4,2.590500987,6.35,70.27929283,72.26984229,17.45220212,145.1327052,9.296958601
2025,"May",22,"451-40",451,40,1,0,4,5.854270318,6.45,289.2481347,212.6201032,6.878131628,150.4098618,9.635003487
2025,"May",22,"451-80",451,80,1,0,4,4.578268837,6.42,241.2994549,227.3297065,7.079847162,142.4146855,9.122847284
2025,"May",22,"451-120",451,120,1,0,4,6.03809108,6.46,506.473962,412.8347862,1.462891454,131.237086,8.406830943
2025,"May",22,"452-10",452,10,2,0,4,0.598497092,6.13,30.75345662,14.90486696,25.48596382,149.399024,9.570251088
2025,"May",22,"452-20",452,20,2,0,4,1.816461207,6.35,42.3080678,31.13752704,21.96048971,161.3715261,10.33718742
2025,"May",22,"452-40",452,40,2,0,4,3.589652283,6.56,92.4999049,159.1483362,11.39038366,178.1172891,11.40989003
2025,"May",22,"452-80",452,80,2,0,4,6.788379906,6.57,294.0766097,262.8570613,1.576197754,147.5863413,9.454133991
2025,"May",22,"452-120",452,120,2,0,4,7.958830474,6.55,338.9915605,373.0599642,0.80386151,139.6710437,8.94709467
2025,"May",22,"453-10",453,10,3,0,4,-99,5.86,9.434939075,13.1641286,30.6015315,142.2293738,9.110976559
2025,"May",22,"453-20",453,20,3,0,4,2.138321057,6.44,112.409045,64.85210649,19.09099189,162.1462906,10.3868174
2025,"May",22,"453-40",453,40,3,0,4,3.56727348,6.31,231.6938694,196.1519844,7.760467873,165.1172666,10.57713263
2025,"May",22,"453-80",453,80,3,0,4,4.21560058,6.59,199.6544361,336.7865379,0.510545852,143.7016474,9.205287684
2025,"May",22,"453-120",453,120,3,0,4,5.039008908,6.56,213.7122156,259.4718956,6.28860262,149.872536,9.60058339
2025,"May",22,"460-10",460,10,0,0,4,0.450037795,6.2,10.09748429,21.86303698,26.94649719,123.7996925,7.930405274
2025,"May",22,"460-20",460,20,0,0,4,1.25304192,6.29,10.46706831,56.58499147,22.62134747,129.1838928,8.275307183
2025,"May",22,"460-40",460,40,0,0,4,3.885842329,6.56,35.23403973,182.4111318,12.35748284,143.8732468,9.216280026
2025,"May",22,"460-80",460,80,0,0,4,4.833650477,6.58,120.8140975,271.5500439,4.501007486,138.2630889,8.856903686
2025,"May",22,"460-120",460,120,0,0,4,4.294584593,6.56,120.8140975,276.1557683,3.343359326,129.9598787,8.325015404
2025,"May",22,"461-10",461,10,1,0,4,0.281538569,6.03,9.186840672,16.00833887,28.40701185,135.5777969,8.68488885
2025,"May",22,"461-20",461,20,1,0,4,1.123094442,6.17,9.223870284,27.2288976,22.69026513,146.7793653,9.4024406
2025,"May",22,"461-40",461,40,1,0,4,2.424296505,6.33,19.58048319,90.76770403,18.4277854,160.7503385,10.2973953
2025,"May",22,"461-80",461,80,1,0,4,4.522294292,6.56,46.92345384,184.618504,8.520901435,151.2098618,9.686250007
2025,"May",22,"461-120",461,120,1,0,4,4.698282218,6.56,84.47113346,221.2735334,5.78492514,135.1228632,8.655746639
2025,"May",22,"462-10",462,10,2,0,4,0.492586521,5.88,19.16532426,50.13336475,29.22930131,134.9371537,8.643850435
2025,"May",22,"462-20",462,20,2,0,4,2.858030526,6.36,94.23851691,111.5242705,18.97824704,147.2144993,9.430314478
2025,"May",22,"462-40",462,40,2,0,4,4.883970265,6.58,146.0513415,145.9672157,5.708889582,150.1326911,9.617248447
2025,"May",22,"462-80",462,80,2,0,4,6.14688296,6.49,307.6406305,203.1292167,3.24525889,145.4662764,9.318326557
2025,"May",22,"462-120",462,120,2,0,4,4.728768315,6.48,345.1989499,267.0515539,4.226980661,137.2989027,8.795139703
2025,"May",22,"463-10",463,10,3,0,4,0.719153653,6.12,62.77986835,44.28052289,24.59995009,141.4215374,9.059228055
2025,"May",22,"463-20",463,20,3,0,4,2.880202233,6.5,239.4471808,141.4455225,14.84891142,154.4547391,9.894110844
2025,"May",22,"463-40",463,40,3,0,4,3.907029419,6.58,246.9507144,223.1510634,8.16187461,164.54578,10.54052426
2025,"May",22,"463-80",463,80,3,0,4,4.580495024,6.51,435.9248669,306.0389671,0.849691204,139.1473315,8.91354663
2025,"May",22,"463-120",463,120,3,0,4,4.469636488,6.53,378.2315508,8.543054395,3.916338116,137.9622652,8.837633476
2025,"May",20,"610-10",610,10,0,1,3,1.348115739,6.2,5.554022062,7.514403821,20.40187461,161.0830691,10.3187094
2025,"May",20,"610-20",610,20,0,1,3,1.822279999,6.23,8.012503483,16.84543825,22.70768247,181.7461805,11.64235009
2025,"May",20,"610-40",610,40,0,1,3,1.760665434,6.23,7.314495289,21.91665417,23.35444167,195.8810889,12.54780617
2025,"May",20,"610-80",610,80,0,1,3,0.94628162,6.46,4.933847265,23.49125776,22.09201497,185.2302087,11.8655305
2025,"May",20,"610-120",610,120,0,1,3,1.62136294,6.42,12.10342112,51.83347969,21.14651279,180.7804316,11.580486
2025,"May",20,"613-10",613,10,3,1,3,2.161736851,6.47,122.1330898,18.02037596,21.09704928,166.9326516,10.69342284
2025,"May",20,"613-20",613,20,3,1,3,3.279357367,6.68,195.9267057,107.5523142,10.99510917,201.5180733,12.90890097
2025,"May",20,"613-40",613,40,3,1,3,4.209322889,6.63,353.2476411,250.8942149,5.684872115,203.5167898,13.03693505
2025,"May",20,"613-80",613,80,3,1,3,4.379666537,6.64,269.8764731,389.2312251,3.683362445,179.0636615,11.47051289
2025,"May",20,"613-120",613,120,3,1,3,3.316749875,6.61,318.5995288,454.2413274,12.45520898,176.4711622,11.30444218
2025,"May",20,"620-10",620,10,0,1,3,1.436737669,6.68,10.76279982,29.87456003,19.25645041,158.9513258,10.18215387
2025,"May",20,"620-20",620,20,0,1,3,1.985161119,6.37,13.40750263,31.41061064,20.51291953,175.0172299,11.21130597
2025,"May",20,"620-40",620,40,0,1,3,1.582137755,6.47,8.223863135,47.18955928,20.18911728,186.0755797,11.9196834
2025,"May",20,"620-80",620,80,0,1,3,1.027607014,6.69,5.234166225,74.85788944,17.68880225,184.0854048,11.79219647
2025,"May",20,"620-120",620,120,0,1,3,1.844398176,6.55,12.34523692,91.07370044,18.64530256,175.0964937,11.21638345
2025,"May",21,"623-10",623,10,3,1,3,1.356004133,6.43,37.23278168,12.52500589,22.81792888,155.0137151,9.929917813
2025,"May",21,"623-20",623,20,3,1,3,1.310281522,6.49,37.45771508,31.27374756,21.98216469,174.6903583,11.19036717
2025,"May",21,"623-40",623,40,3,1,3,2.472835113,6.48,52.35291061,99.24864529,17.47539301,194.670914,12.47028461
2025,"May",21,"623-80",623,80,3,1,3,3.884989185,6.63,139.6846276,193.1020869,9.887679351,186.5950973,11.95296273
2025,"May",21,"623-120",623,120,3,1,3,4.094863463,6.71,256.6927985,280.6658956,3.94117592,171.863433,11.00927957
2025,"May",21,"630-10",630,10,0,1,3,1.211340791,6.5,17.59760034,14.42531074,17.60455396,142.9487645,9.157059396
2025,"May",21,"630-20",630,20,0,1,3,2.186506634,6.48,7.931236662,20.11123248,18.16535246,166.2814076,10.65170535
2025,"May",21,"630-40",630,40,0,1,3,1.670065999,6.41,6.248256462,16.89120207,17.90282283,175.6242595,11.25019116
2025,"May",21,"630-80",630,80,0,1,3,1.802736525,6.34,9.991648658,18.24055631,19.24609482,165.20033,10.58245352
2025,"May",21,"630-120",630,120,0,1,3,1.296789604,6.34,10.94086351,55.25912599,20.94380848,165.7991312,10.62081161
2025,"May",21,"633-10",633,10,3,1,3,2.444612191,6.51,120.3690415,22.7928063,19.64075795,171.345969,10.97613178
2025,"May",21,"633-20",633,20,3,1,3,-99,6.61,301.0624527,121.8288391,5.854398004,186.9808519,11.97767346
2025,"May",21,"633-40",633,40,3,1,3,3.763168308,6.68,266.3108568,256.53423,1.701197754,190.3047504,12.19059624
2025,"May",21,"633-80",633,80,3,1,3,4.218409634,6.62,335.3921238,460.3524028,0.67040549,167.1445444,10.7069963
2025,"May",21,"633-120",633,120,3,1,3,3.618091402,6.69,281.340346,196.3875145,3.500555209,162.0782934,10.38246163
2025,"July",10,"310-10",310,10,0,0,3,3.541388958,6.55,59.78029087,49.45147679,16.37200561,142.868299,9.151904928
2025,"July",10,"310-20",310,20,0,0,3,2.356028643,6.48,43.43224062,56.66673806,19.31047099,166.7993653,10.68488476
2025,"July",10,"310-40",310,40,0,0,3,3.562209104,6.54,33.13975007,224.353488,19.57049906,179.5598872,11.50230019
2025,"July",10,"310-80",310,80,0,0,3,2.447637285,6.78,11.6390123,126.0588861,12.24896444,181.7653992,11.6435812
2025,"July",10,"310-120",310,120,0,0,3,3.824542944,6.74,37.69594934,176.3109084,11.28722084,169.2666234,10.84293275
2025,"July",10,"311-10",311,10,1,0,3,3.502524685,6.36,65.44080471,22.68914163,13.7256519,150.1756615,9.62000105
2025,"July",10,"311-20",311,20,1,0,3,3.905047509,6.42,35.89737619,38.53584356,19.06481909,179.8490353,11.52082248
2025,"July",10,"311-40",311,40,1,0,3,4.066056639,6.44,46.98984565,138.0201618,18.58246725,189.3428547,12.12897899
2025,"July",10,"311-80",311,80,1,0,3,5.390217928,6.65,56.97306568,191.5325523,7.52698378,185.6656841,11.89342624
2025,"July",10,"311-120",311,120,1,0,3,6.502013727,6.56,99.34540954,228.4569527,8.66919214,172.7855684,11.06834986
2025,"July",10,"312-10",312,10,2,0,3,3.100001862,6.52,149.6600027,42.85106413,13.54937929,150.8112102,9.660713122
2025,"July",10,"312-20",312,20,2,0,3,4.116024989,6.67,316.4062619,109.369159,11.09885215,175.6104937,11.24930934
2025,"July",10,"312-40",312,40,2,0,3,4.065159512,6.92,165.2584872,257.6841083,3.443618216,186.1626178,11.92525889
2025,"July",10,"312-80",312,80,2,0,3,5.145295309,7,154.9343704,449.5452176,1.956391142,168.9787814,10.82449412
2025,"July",10,"312-120",312,120,2,0,3,3.691455473,6.73,204.2988623,184.3504894,12.29195259,165.5525134,10.60501374
2025,"July",10,"313-10",313,10,3,0,3,3.822579697,6.47,321.7463667,36.8193793,16.57098253,167.7948237,10.74865199
2025,"July",10,"313-20",313,20,3,0,3,4.288070693,6.72,433.6589294,133.2011109,6.404619464,166.9593935,10.69513587
2025,"July",10,"313-40",313,40,3,0,3,3.875029387,6.95,203.5748044,201.5703199,6.726668746,173.3893597,11.10702761
2025,"July",10,"313-80",313,80,3,0,3,4.284792587,6.8,295.8004963,463.6335468,2.053521522,164.5200508,10.53887609
2025,"July",10,"313-120",313,120,3,0,3,4.120887307,6.76,387.5491362,501.7350268,1.824195259,162.5996615,10.41585951
2025,"July",10,"320-10",320,10,0,0,3,3.709259063,6.39,106.4682177,38.74067411,13.82275733,150.2528858,9.624947894
2025,"July",10,"320-20",320,20,0,0,3,3.851140467,6.38,58.70163257,61.88409832,17.78515908,164.9800903,10.56834537
2025,"July",10,"320-40",320,40,0,0,3,3.885132887,6.51,54.09881442,162.5538492,15.88809108,182.9691763,11.72069294
2025,"July",10,"320-80",320,80,0,0,3,5.079301368,6.56,90.91694995,157.3594066,8.013649407,174.2179013,11.16010245
2025,"July",10,"320-120",320,120,0,0,3,3.80828046,6.47,67.08531766,104.819622,16.5216937,164.6984965,10.55030699
2025,"July",10,"321-10",321,10,1,0,3,5.08225723,6.35,62.34685296,31.11082553,15.24371179,157.8993484,10.11476614
2025,"July",10,"321-20",321,20,1,0,3,5.167977245,6.56,79.21549122,110.1751305,15.14315346,179.2649647,11.483408
2025,"July",10,"321-40",321,40,1,0,3,5.385233144,6.55,76.65720579,177.2670936,13.76839676,182.5721298,11.69525887
2025,"July",10,"321-80",321,80,1,0,3,6.589747145,6.66,154.9404212,261.9962589,3.822878977,181.4586178,11.62392936
2025,"July",10,"321-120",321,120,1,0,3,5.203447596,6.66,154.9404212,309.2096639,8.027616968,179.1765614,11.47774504
2025,"July",10,"322-10",322,10,2,0,3,4.092043267,6.4,135.6720134,20.46806171,17.46767311,155.9584937,9.99043858
2025,"July",10,"322-20",322,20,2,0,3,5.170933108,6.52,240.672012,91.94399823,13.71354336,177.7429365,11.38590969
2025,"July",10,"322-40",322,40,2,0,3,5.504945579,6.75,150.8484531,260.0644691,8.236331878,187.9140903,12.03745498
2025,"July",10,"322-80",322,80,2,0,3,5.504945579,6.71,273.6945814,214.152013,8.653767935,175.3999013,11.23581919
2025,"July",10,"322-120",322,120,2,0,3,4.050661191,6.61,308.9387286,294.3280716,-99,-99,-99
2025,"July",11,"323-10",323,10,3,0,3,3.879221161,6.47,159.1524539,19.21608944,8.491958827,149.7617038,9.593483687
2025,"July",11,"323-20",323,20,3,0,3,6.063408811,6.61,285.410761,146.6613835,5.276004367,180.6835063,11.57427715
2025,"July",11,"323-40",323,40,3,0,3,5.872455644,6.69,343.8367459,211.5992347,2.897847785,188.9741523,12.1053606
2025,"July",11,"323-80",323,80,3,0,3,4.902357801,6.64,408.7675626,535.3720005,7.789238927,180.8433738,11.58451796
2025,"July",11,"323-120",323,120,3,0,3,4.56087221,6.57,370.8998669,287.3058608,11.23679663,176.5062764,11.30669153
2025,"July",11,"330-10",330,10,0,0,3,2.17186689,6.28,33.80662269,5.434470646,8.167024329,115.8459182,7.420901205
2025,"July",11,"330-20",330,20,0,0,3,2.757270761,6.47,22.02719709,38.57939415,14.79898939,151.8935458,9.730045543
2025,"July",11,"330-40",330,40,0,0,3,2.765633673,6.44,29.70007903,44.33920909,15.80157829,166.3881862,10.65854539
2025,"July",11,"330-80",330,80,0,0,3,3.26234574,6.47,34.77593514,93.97316998,15.64019339,174.2906234,11.1647609
2025,"July",11,"330-120",330,120,0,0,3,3.734115484,6.47,57.33928612,117.4817052,10.0918403,162.7357377,10.42457629
2025,"July",11,"331-10",331,10,1,0,3,3.632224385,6.33,58.50254374,14.91657564,11.83172801,144.9382962,9.284505118
2025,"July",11,"331-20",331,20,1,0,3,4.423625109,6.43,38.15194587,27.79855355,14.6629975,170.7260677,10.93642205
2025,"July",11,"331-40",331,40,1,0,3,5.04334631,6.51,40.47825422,101.72239,11.39916719,183.2958702,11.74162035
2025,"July",11,"331-80",331,80,1,0,3,4.448748941,6.55,67.64182739,240.3157061,8.494984404,175.8062031,11.26184613
2025,"July",11,"331-120",331,120,1,0,3,6.137628793,6.67,138.6357446,249.9899334,4.143590143,168.1986742,10.7745219
2025,"July",11,"332-10",332,10,2,0,3,4.725111099,6.39,76.38018173,21.19906902,17.2749345,165.5819154,10.60689717
2025,"July",11,"332-20",332,20,2,0,3,5.219213138,6.59,99.09609427,101.3232953,14.44706488,184.2158533,11.80055276
2025,"July",11,"332-40",332,40,2,0,3,6.363743285,6.62,136.4884141,194.1116037,8.26525577,189.756976,12.15550683
2025,"July",11,"332-80",332,80,2,0,3,6.464238615,6.74,257.5854372,431.959705,1.878739863,175.3969083,11.23562746
2025,"July",11,"332-120",332,120,2,0,3,6.106921886,6.73,281.3639061,449.7480491,2.44687461,165.7974753,10.62070554
2025,"July",11,"333-10",333,10,3,0,3,5.665859049,6.65,313.2760894,49.63931547,2.720630069,173.4856756,11.11319743
2025,"July",11,"333-20",333,20,3,0,3,6.261852187,6.73,361.1498466,220.0287719,0.641016843,181.3506262,11.61701162
2025,"July",11,"333-40",333,40,3,0,3,4.0300184,6.99,232.7992348,240.384673,0.069460387,189.5939069,12.14506093
2025,"July",11,"333-80",333,80,3,0,3,5.566759488,6.71,451.1376992,464.2094141,0.466203993,198.4658533,12.7133814
2025,"July",11,"333-120",333,120,3,0,3,4.74186032,6.81,269.0957437,615.8866828,0.095336868,169.2747786,10.84345516
2025,"July",11,"440-10",440,10,0,0,4,1.243717215,6.13,71.80981855,8.195292253,6.42139738,101.6971848,6.514559516
2025,"July",11,"440-20",440,20,0,0,4,2.617122219,6.28,110.8322571,40.00171347,14.71742046,127.1867955,8.147376823
2025,"July",11,"440-40",440,40,0,0,4,5.082905459,6.55,250.0998606,141.3287213,11.73101996,159.0756784,10.19011967
2025,"July",11,"440-80",440,80,0,0,4,4.50574296,6.98,89.45200616,346.0041266,0.528624454,151.168725,9.683614859
2025,"July",11,"440-120",440,120,0,0,4,4.795835106,6.75,333.6343241,457.2573126,1.770377417,145.2463244,9.304236835
2025,"July",11,"441-10",441,10,1,0,4,2.073199445,6.4,45.60672271,53.42778813,10.9267748,123.3970804,7.904614686
2025,"July",11,"441-20",441,20,1,0,4,3.8228177,6.54,92.01317139,96.02461679,13.52463818,146.9637772,9.414253681
2025,"July",11,"441-40",441,40,1,0,4,5.091970839,6.57,168.8880259,175.0410875,9.7805864,149.5442228,9.579552259
2025,"July",11,"441-80",441,80,1,0,4,4.425665441,7.11,58.96484155,440.463778,0.986484716,136.782677,8.762071241
2025,"July",11,"441-120",441,120,1,0,4,5.076861873,6.63,352.6113569,563.8238843,3.921615721,130.7956446,8.378553019
2025,"July",14,"442-10",442,10,2,0,4,2.78483174,6.15,47.76540628,9.279487674,6.778387399,125.5531255,8.042726948
2025,"July",14,"442-20",442,20,2,0,4,3.895340737,6.43,127.669508,34.93392448,11.76322208,138.3212017,8.860626286
2025,"July",14,"442-40",442,40,2,0,4,5.785466486,6.72,193.2889703,196.2560061,2.470704928,151.7453625,9.720553192
2025,"July",14,"442-80",442,80,2,0,4,6.77475217,6.72,351.18331,417.6738275,1.618147224,137.9340649,8.835827018
2025,"July",14,"442-120",442,120,2,0,4,5.657281603,6.64,186.2316634,191.9777678,8.10801622,140.7464542,9.015983473
2025,"July",14,"443-10",443,10,3,0,4,3.589734845,6.55,93.08093949,19.29169612,6.833864629,130.1619013,8.337956596
2025,"July",14,"443-20",443,20,3,0,4,5.019373304,6.66,75.95459535,51.75087637,9.941659389,149.8570578,9.599591889
2025,"July",14,"443-40",443,40,3,0,4,5.990562298,6.73,115.8131183,122.867699,5.292713662,145.0167616,9.289531469
2025,"July",14,"443-80",443,80,3,0,4,6.147400273,6.66,225.8032423,310.9953094,3.459245165,147.4896079,9.447937426
2025,"July",14,"443-120",443,120,3,0,4,6.421866728,6.71,171.0704129,249.964874,6.03022146,144.8754556,9.280479664
2025,"July",14,"450-10",450,10,0,0,4,1.979129493,6.03,17.56243186,6.230518252,5.752071117,96.80402539,6.201112779
2025,"July",14,"450-20",450,20,0,0,4,1.026037188,6.3,13.15641062,7.425374999,13.88578603,101.138536,6.478773508
2025,"July",14,"450-40",450,40,0,0,4,4.168828904,6.6,49.34172144,98.85312029,13.43367436,142.64389,9.137529701
2025,"July",14,"450-80",450,80,0,0,4,2.540126863,7.05,24.62134805,233.5413052,5.229051778,121.2620113,7.767846108
2025,"July",14,"450-120",450,120,0,0,4,4.545843266,6.69,406.3542712,403.1403543,2.512386151,127.3063865,8.1550376
2025,"July",14,"451-10",451,10,1,0,4,2.856818927,6.43,30.28925334,9.121777435,10.86090143,145.4423385,9.316793136
2025,"July",14,"451-20",451,20,1,0,4,4.244231777,6.5,70.83803166,33.1831909,12.20217093,142.8715458,9.152112914
2025,"July",14,"451-40",451,40,1,0,4,4.503617657,6.66,206.4905359,207.8448885,6.258852152,155.5267447,9.962781542
2025,"July",14,"451-80",451,80,1,0,4,5.314952563,6.62,173.5003124,308.7243962,6.643870867,139.9502849,8.964982343
2025,"July",14,"451-120",451,120,1,0,4,6.247826291,6.63,456.3808062,452.4636781,1.444329382,130.8521862,8.38217497
2025,"July",14,"452-10",452,10,2,0,4,2.126991227,6.34,28.61451696,12.68542912,18.45977542,145.6787757,9.331938868
2025,"July",14,"452-20",452,20,2,0,4,2.705951525,6.51,30.61305712,26.83015985,18.90612913,152.3072017,9.756543572
2025,"July",14,"452-40",452,40,2,0,4,4.127809905,6.74,60.13732227,155.2630527,10.42005303,160.4670606,10.27924904
2025,"July",14,"452-80",452,80,2,0,4,5.806510966,6.75,166.5876397,347.9269921,1.797938241,147.4406996,9.44480445
2025,"July",14,"452-120",452,120,2,0,4,5.569534569,6.7,217.1788971,249.1554756,0.804588272,139.5802962,8.941281551
2025,"July",14,"453-10",453,10,3,0,4,1.84744422,6.2,32.419228,10.47819972,13.74390206,153.7193399,9.847002534
2025,"July",14,"453-20",453,20,3,0,4,3.030907183,6.61,67.80545179,28.8556191,13.91092951,151.1481467,9.682296653
2025,"July",14,"453-40",453,40,3,0,4,3.48215565,6.33,149.4193458,184.1934217,6.567841547,162.6871425,10.42146337
2025,"July",14,"453-80",453,80,3,0,4,4.273969,6.81,128.215983,448.9405784,1.562067998,140.1924344,8.980493993
2025,"July",14,"453-120",453,120,3,0,4,5.685894237,6.74,199.8126167,261.1120392,4.4071335,142.593323,9.134290473
2025,"July",14,"460-10",460,10,0,0,4,1.55370701,6.21,8.767773749,8.463449635,11.45187149,107.24833,6.870155613
2025,"July",14,"460-20",460,20,0,0,4,2.000698417,6.34,10.05255434,18.20514468,16.16902059,117.8141298,7.546981196
2025,"July",14,"460-40",460,40,0,0,4,3.873805264,6.66,28.26890777,178.734677,12.77105739,136.8531086,8.766582959
2025,"July",14,"460-80",460,80,0,0,4,4.380395525,6.66,76.74523226,265.6705719,5.533209607,137.2436615,8.791601055
2025,"July",14,"460-120",460,120,0,0,4,5.074296471,6.72,117.1591197,230.6286991,3.882932002,132.2765444,8.473416725
2025,"July",14,"461-10",461,10,1,0,4,2.501612596,6.08,5.648528735,8.306738918,14.04912352,131.5685557,8.428064277
2025,"July",14,"461-20",461,20,1,0,4,2.692230829,6.34,7.369217031,12.27898077,18.20856207,137.005103,8.776319436
2025,"July",14,"461-40",461,40,1,0,4,3.218701875,6.53,14.03371537,86.44605796,16.97429195,151.2430437,9.688375581
2025,"July",14,"461-80",461,80,1,0,4,5.234494759,6.62,48.37404795,227.3229954,7.98819713,145.5719267,9.325094314
2025,"July",14,"461-120",461,120,1,0,4,5.625828852,6.68,71.69255114,240.9242006,5.871394261,137.5004795,8.808052344
2025,"July",14,"462-10",462,10,2,0,4,1.63365803,6.05,19.10140159,11.74173788,13.37074548,133.8356107,8.573287627
2025,"July",14,"462-20",462,20,2,0,4,3.705757977,6.49,52.12087791,54.19149407,16.60033687,143.8237941,9.213112175
2025,"July",14,"462-40",462,40,2,0,4,5.01489721,6.77,100.285794,194.2454682,6.514469744,153.6419972,9.842048102
2025,"July",14,"462-80",462,80,2,0,4,4.371589006,6.65,151.2870376,300.8034726,3.657102308,144.2740339,9.241953702
2025,"July",14,"462-120",462,120,2,0,4,5.21760264,6.66,173.3040601,230.3736069,4.315455396,138.8408434,8.893913575
2025,"July",14,"463-10",463,10,3,0,4,3.493198811,6.34,51.54932522,19.49252858,9.691846538,145.0427757,9.291197885
2025,"July",14,"463-20",463,20,3,0,4,4.446195866,6.6,156.6926815,141.7275304,8.636384903,149.1123977,9.551890342
2025,"July",14,"463-40",463,40,3,0,4,4.654532002,6.76,113.3587349,178.7628778,6.99731441,160.6547334,10.29127101
2025,"July",14,"463-80",463,80,3,0,4,4.958590146,6.79,196.2568361,365.8420613,1.838434186,148.7297884,9.527381097
2025,"July",14,"463-120",463,120,3,0,4,5.224641023,6.67,204.665577,305.5824712,4.177698066,139.5635176,8.940206747
2025,"July",10,"610-10",610,10,0,1,3,2.31994039,6.39,11.90841421,7.517759358,14.50198066,135.5060592,8.680293469
2025,"July",10,"610-20",610,20,0,1,3,2.512873743,6.5,8.786704588,15.88596886,18.36254523,170.010756,10.89060051
2025,"July",10,"610-40",610,40,0,1,3,1.780004602,6.4,5.005934247,19.86806314,22.57187773,190.8301805,12.22425433
2025,"July",10,"610-80",610,80,0,1,3,1.134580074,6.7,3.33327035,18.42539642,20.96960387,183.041842,11.72534777
2025,"July",10,"610-120",610,120,0,1,3,1.84524106,6.61,11.98142969,78.59545789,19.60373986,179.0682172,11.47080472
2025,"July",10,"613-10",613,10,3,1,3,4.602768831,6.69,158.7550595,4.970407019,11.66350905,162.4947221,10.40913729
2025,"July",10,"613-20",613,20,3,1,3,5.54358514,6.86,184.6268485,73.79768254,7.037545228,188.125024,12.050967
2025,"July",10,"613-40",613,40,3,1,3,4.238899109,6.76,330.6520817,220.2774387,2.761129133,196.397103,12.58086108
2025,"July",10,"613-80",613,80,3,1,3,4.333964172,6.78,278.582464,337.344271,4.388003743,184.8911622,11.8438118
2025,"July",10,"613-120",613,120,3,1,3,2.993218979,6.77,230.4816305,372.7812404,8.956650031,183.9081834,11.780844
2025,"July",10,"620-10",620,10,0,1,3,3.212852055,6.47,32.90877735,17.53917768,12.68658453,142.5728011,9.132975881
2025,"July",10,"620-20",620,20,0,1,3,2.745722006,6.37,17.34992215,26.37180778,17.3630942,166.3099041,10.65353078
2025,"July",10,"620-40",620,40,0,1,3,2.942408342,6.39,10.64780406,52.6971378,19.47562071,187.3095092,11.99872663
2025,"July",10,"620-80",620,80,0,1,3,2.36218365,6.6,11.5401565,94.92164464,15.59824392,181.7276502,11.64116308
2025,"July",10,"620-120",620,120,0,1,3,2.773728558,6.55,20.20289243,106.3216889,18.54620711,178.3629845,11.42562881
2025,"July",11,"623-10",623,10,3,1,3,3.593562005,6.48,60.08377563,8.56761407,14.62674361,153.2169647,9.81482131
2025,"July",11,"623-20",623,20,3,1,3,4.31695393,6.5,64.33467524,30.78640936,16.80821273,173.0036982,11.08232285
2025,"July",11,"623-40",623,40,3,1,3,2.840899885,6.65,37.78887861,85.08492364,16.30275109,191.0745529,12.23990837
2025,"July",11,"623-80",623,80,3,1,3,4.647288972,6.72,117.0185474,300.0894572,9.711303805,191.026536,12.23683249
2025,"July",11,"623-120",623,120,3,1,3,5.327472517,6.83,242.6723049,327.2673792,1.632401747,174.6123159,11.18536793
2025,"July",11,"630-10",630,10,0,1,3,2.941254835,6.39,52.23516157,5.548773087,6.68459451,124.4750832,7.973669552
2025,"July",11,"630-20",630,20,0,1,3,2.995613765,6.34,14.71926063,24.268957,15.70059888,159.7098223,10.23074175
2025,"July",11,"630-40",630,40,0,1,3,2.673641637,6.25,11.14591594,13.10115873,18.44123206,176.1062426,11.2810661
2025,"July",11,"630-80",630,80,0,1,3,2.033878835,6.21,13.75779599,26.51066989,19.82338116,169.9434415,10.88628847
2025,"July",11,"630-120",630,120,0,1,3,1.373208753,6.3,12.18270853,40.45178379,21.08311915,168.0612581,10.76571928
2025,"July",11,"633-10",633,10,3,1,3,4.823031245,6.69,146.7493331,18.07956192,7.241319401,155.5553004,9.964610768
2025,"July",11,"633-20",633,20,3,1,3,7.190606207,6.76,255.7961152,114.0584863,1.757816594,178.8690973,11.45804947
2025,"July",11,"633-40",633,40,3,1,3,4.572222411,6.74,241.1849185,167.1163086,1.263905178,183.6918449,11.76698575
2025,"July",11,"633-80",633,80,3,1,3,4.267021299,6.76,333.2194727,341.8055645,1.945692452,168.0219323,10.76320014
2025,"July",11,"633-120",633,120,3,1,3,4.126507915,6.68,404.0921301,505.3510106,0.039135995,141.4136559,9.058723179
2025,"September",15,"310-10",310,10,0,0,3,1.638775751,6.37,78.67031449,53.4536329,16.60808796,165.746598,10.61744644
2025,"September",15,"310-20",310,20,0,0,3,2.114279459,6.43,45.17816141,56.82480527,12.45420774,157.785134,10.10744978
2025,"September",15,"310-40",310,40,0,0,3,3.528065834,6.41,35.10716885,172.4672478,16.62219276,172.0896869,11.02377298
2025,"September",15,"310-80",310,80,0,0,3,2.064719918,6.56,10.09324028,173.0015635,11.62970368,175.6488406,11.25176578
2025,"September",15,"310-120",310,120,0,0,3,4.072551066,6.39,35.24282984,205.5861124,11.32577043,169.4407701,10.85408827
2025,"September",15,"311-10",311,10,1,0,3,1.113712502,6.44,47.61796819,12.05751533,15.2065315,178.1476925,11.41183761
2025,"September",15,"311-20",311,20,1,0,3,2.796727738,6.51,44.60878714,44.70753282,9.427227074,163.7544006,10.48982995
2025,"September",15,"311-40",311,40,1,0,3,3.133598674,6.45,33.97493941,165.1710253,13.81430755,176.8315656,11.32752895
2025,"September",15,"311-80",311,80,1,0,3,4.110725307,6.61,22.61837764,239.7841747,7.189373051,178.1275684,11.4105485
2025,"September",15,"311-120",311,120,1,0,3,4.038395166,6.54,52.59830165,241.9596336,8.685729881,171.2337123,10.96894083
2025,"September",15,"312-10",312,10,2,0,3,1.910376103,6.58,163.3949922,50.60435363,17.99246101,179.6570381,11.50852349
2025,"September",15,"312-20",312,20,2,0,3,3.374915999,6.51,332.2238462,160.6344821,4.323739863,158.6619267,10.1636155
2025,"September",15,"312-40",312,40,2,0,3,4.55831963,6.6,255.2225146,337.7479349,1.621868372,175.2065952,11.22343636
2025,"September",15,"312-80",312,80,2,0,3,3.849246887,6.64,236.0405373,424.0621274,1.915346226,156.02378,9.994620701
2025,"September",15,"312-120",312,120,2,0,3,3.455933099,6.54,221.1463396,193.2439475,9.734095446,155.4645472,9.958797287
2025,"September",15,"313-10",313,10,3,0,3,1.900681749,6.41,245.8000435,59.38907808,12.14641609,175.7160733,11.25607258
2025,"September",15,"313-20",313,20,3,0,3,2.518350585,6.46,401.9261943,108.6137349,11.11107611,174.6338731,11.18674884
2025,"September",15,"313-40",313,40,3,0,3,2.444950476,6.48,381.9226245,291.9622752,11.37569869,179.4805219,11.49721619
2025,"September",15,"313-80",313,80,3,0,3,3.561186085,6.48,437.6630617,545.6145273,6.208976918,174.1555035,11.15610537
2025,"September",15,"313-120",313,120,3,0,3,3.457318007,6.46,480.0673207,653.4312151,1.09191204,157.2968293,10.07616989
2025,"September",15,"320-10",320,10,0,0,3,1.800688106,6.29,88.83653646,58.66321118,14.39691828,165.4857151,10.60073476
2025,"September",15,"320-20",320,20,0,0,3,2.207126519,6.42,48.49787221,95.59417993,9.53536806,156.574031,10.02986877
2025,"September",15,"320-40",320,40,0,0,3,2.233222084,6.43,25.05544721,244.4154583,15.16230505,179.7816305,11.51650465
2025,"September",15,"320-80",320,80,0,0,3,3.965315163,6.47,58.44012495,312.9820729,10.12149719,172.5544006,11.05354167
2025,"September",15,"320-120",320,120,0,0,3,2.919535424,6.41,46.5703837,153.5679353,11.33679663,153.9094302,9.859179365
2025,"September",15,"321-10",321,10,1,0,3,2.334994784,6.42,97.04583516,65.154319,13.5681597,172.3900846,11.0430159
2025,"September",15,"321-20",321,20,1,0,3,2.976945666,6.45,83.35490533,131.8638937,9.65625078,175.5319464,11.24427775
2025,"September",15,"321-40",321,40,1,0,3,3.065018195,6.73,53.11613022,242.3091806,9.83602932,183.1247447,11.73065837
2025,"September",15,"321-80",321,80,1,0,3,-99,6.57,125.8016424,375.1756659,3.71613849,178.246976,11.41819753
2025,"September",15,"321-120",321,120,1,0,3,4.708386356,6.69,82.95293253,434.5441824,7.971971304,175.9152355,11.26883055
2025,"September",15,"322-10",322,10,2,0,3,1.953347157,6.36,144.4572118,64.2536786,12.87392701,176.1573935,11.28434274
2025,"September",15,"322-20",322,20,2,0,3,3.972491443,6.45,189.1533365,122.5955436,9.101703057,169.7146883,10.87163496
2025,"September",15,"322-40",322,40,2,0,3,3.470151831,6.75,105.0672257,216.7042915,5.935324392,182.7453794,11.70635693
2025,"September",15,"322-80",322,80,2,0,3,4.259542651,6.58,194.0588973,432.0297429,7.548948846,173.799653,11.13331024
2025,"September",15,"322-120",322,120,2,0,3,4.821927927,6.59,131.7764104,287.0676176,16.68622583,181.3879859,11.61940481
2025,"September",18,"323-10",323,10,3,0,3,1.48942421,6.52,200.7515386,59.65587897,15.09697442,184.8484175,11.84107365
2025,"September",18,"323-20",323,20,3,0,3,3.87374592,6.71,238.9016378,253.7672685,0.724591391,174.6958364,11.19071809
2025,"September",18,"323-40",323,40,3,0,3,4.406676677,6.71,253.2926546,398.349647,0.240835933,180.0393935,11.53301648
2025,"September",18,"323-80",323,80,3,0,3,-99,6.62,257.2724852,427.9921752,6.339915783,174.296189,11.16511742
2025,"September",18,"323-120",323,120,3,0,3,3.174414843,6.55,174.9772214,381.2163465,11.13196195,170.4146093,10.91647061
2025,"September",18,"330-10",330,10,0,0,3,0.222683031,6.4,41.40084587,12.569556,20.29456644,174.9899041,11.20955552
2025,"September",18,"330-20",330,20,0,0,3,2.156125749,6.52,45.80750132,36.55579116,6.586481597,147.3022144,9.435933345
2025,"September",18,"330-40",330,40,0,0,3,2.451476273,6.49,32.70953866,50.36682445,10.01172177,141.6293456,9.072539862
2025,"September",18,"330-80",330,80,0,0,3,3.550836559,6.43,31.52030661,81.64228548,14.4700655,169.6770578,10.86922442
2025,"September",18,"330-120",330,120,0,0,3,4.192130059,6.43,66.97381034,143.5782161,8.082111666,154.6210155,9.904762205
2025,"September",18,"331-10",331,10,1,0,3,0.492044321,6.56,128.4253419,21.31180078,9.50080786,173.9459238,11.14268008
2025,"September",18,"331-20",331,20,1,0,3,2.939625057,6.57,57.15087339,28.14574454,5.797071117,165.8091876,10.62145581
2025,"September",18,"331-40",331,40,1,0,3,2.677091257,6.56,25.3750575,99.16018762,10.53354959,190.0986883,12.17739629
2025,"September",18,"331-80",331,80,1,0,3,3.371711935,6.55,28.70877227,183.2645805,9.844288833,178.7923498,11.45313316
2025,"September",18,"331-120",331,120,1,0,3,3.441447476,6.62,42.92017189,213.4898299,7.878140986,168.539952,10.79638353
2025,"September",18,"332-10",332,10,2,0,3,1.807448046,6.5,196.4469638,105.2107206,8.302769807,178.9191848,11.46125798
2025,"September",18,"332-20",332,20,2,0,3,3.509815653,6.65,158.8153976,134.9848287,3.908349969,180.5611509,11.56643929
2025,"September",18,"332-40",332,40,2,0,3,5.303682579,6.6,128.7186984,224.374121,3.933006862,189.4658364,12.13685697
2025,"September",18,"332-80",332,80,2,0,3,4.758218564,6.54,331.7563312,459.1057137,1.51047723,173.6258674,11.12217786
2025,"September",18,"332-120",332,120,2,0,3,4.419112406,6.54,326.4682199,367.1494356,2.078699314,164.9150494,10.56417897
2025,"September",18,"333-10",333,10,3,0,3,2.502068724,6.5,486.6347674,118.5968144,6.829101684,187.3429196,12.00086685
2025,"September",18,"333-20",333,20,3,0,3,4.873077101,6.52,536.2554782,345.496441,0.930888958,196.53,12.58937422
2025,"September",18,"333-40",333,40,3,0,3,4.160680697,6.55,489.596753,317.3369173,0.42503743,169.523969,10.85941783
2025,"September",18,"333-80",333,80,3,0,3,5.843015985,6.56,482.3845641,682.8001599,0.387386151,172.6492327,11.05961645
2025,"September",18,"333-120",333,120,3,0,3,4.380638489,6.57,475.6805502,970.1642071,0.460271366,168.8852214,10.81850085
2025,"September",18,"440-10",440,10,0,0,4,0.491433944,6.35,124.9929367,15.40205759,14.66406737,165.7258307,10.61611612
2025,"September",18,"440-20",440,20,0,0,4,1.185373233,6.26,191.1346493,39.9948596,9.06198378,147.2558336,9.432962275
2025,"September",18,"440-40",440,40,0,0,4,3.156418095,6.36,373.1801396,117.9694004,10.89116344,155.5306262,9.963030185
2025,"September",18,"440-80",440,80,0,0,4,3.896095916,6.55,54.14704458,275.9223086,0.548755459,151.5333286,9.706970696
2025,"September",18,"440-120",440,120,0,0,4,2.095141221,6.5,514.2004468,646.3800895,1.028761697,151.9977433,9.73672024
2025,"September",18,"441-10",441,10,1,0,4,0.941672618,6.41,79.05403768,52.20530175,11.64237679,159.3875966,10.21010057
2025,"September",18,"441-20",441,20,1,0,4,1.862875238,6.55,93.02988012,98.06506886,6.277423581,142.0946093,9.102343797
2025,"September",18,"441-40",441,40,1,0,4,2.947736043,6.56,144.1338016,162.9709353,7.110570805,152.3677687,9.760423382
2025,"September",18,"441-80",441,80,1,0,4,2.779075206,6.97,79.90199165,606.8556477,0.746721772,137.1184175,8.783578155
2025,"September",18,"441-120",441,120,1,0,4,3.623808718,6.56,328.2504451,254.6806171,4.286253899,133.3996107,8.545358273
2025,"September",19,"442-10",442,10,2,0,4,1.285457025,6.52,103.4916828,22.68036011,6.127857143,157.2831509,10.07529367
2025,"September",19,"442-20",442,20,2,0,4,2.124300592,6.65,146.204406,79.59719277,6.354844042,148.6158138,9.520080094
2025,"September",19,"442-40",442,40,2,0,4,5.224027704,6.71,204.2215907,257.8623088,0.655090455,147.1413992,9.425631818
2025,"September",19,"442-80",442,80,2,0,4,6.462004267,6.7,260.0711875,516.8951288,1.541640674,140.2193992,8.982221304
2025,"September",19,"442-120",442,120,2,0,4,4.997617312,6.69,171.337191,268.930726,3.035826575,137.2742539,8.793560746
2025,"September",19,"443-10",443,10,3,0,4,1.605771582,6.49,307.4629184,44.59672871,8.819382408,162.2956615,10.39638583
2025,"September",19,"443-20",443,20,3,0,4,3.237472964,6.59,235.2144694,111.0649903,2.77676544,146.092787,9.358459665
2025,"September",19,"443-40",443,40,3,0,4,4.828738598,6.6,218.2690391,201.7843603,4.106069869,156.4067137,10.01915073
2025,"September",19,"443-80",443,80,3,0,4,6.113119963,6.51,218.1686262,352.0188196,3.740995009,140.2261918,8.98265643
2025,"September",19,"443-120",443,120,3,0,4,5.191074619,651,211.6743674,266.9618111,6.617975671,145.8243441,9.341263711
2025,"September",19,"450-10",450,10,0,0,4,0.361777671,6.41,51.52938194,6.068452955,15.47494386,171.5287109,10.98783789
2025,"September",19,"450-20",450,20,0,0,4,0.61945646,6.42,29.85786611,7.192200875,11.09082346,149.0315063,9.546708588
2025,"September",19,"450-40",450,40,0,0,4,3.500701759,6.6,42.45120584,92.43190759,11.63149095,135.1139182,8.655173639
2025,"September",19,"450-80",450,80,0,0,4,4.728837079,6.74,212.1982429,383.4834758,0.425339988,139.8263103,8.957040759
2025,"September",19,"450-120",450,120,0,0,4,6.068102633,6.6,355.6020532,520.37018,3.125626949,130.4730832,8.357890336
2025,"September",19,"451-10",451,10,1,0,4,0.928671008,6.66,57.94977141,13.40979674,1.554151591,156.2472214,10.00893395
2025,"September",19,"451-20",451,20,1,0,4,2.590500987,6.59,161.0433604,97.53675027,4.20911728,144.173701,9.235526564
2025,"September",19,"451-40",451,40,1,0,4,5.854270318,6.65,175.6825178,276.3752347,2.977616968,146.9859408,9.415673441
2025,"September",19,"451-80",451,80,1,0,4,4.578268837,6.6,212.6801424,209.8856976,4.51738927,140.5597884,9.004026012
2025,"September",19,"451-120",451,120,1,0,4,6.03809108,6.68,317.6356224,250.9708925,1.363094198,128.3829788,8.224002116
2025,"September",19,"452-10",452,10,2,0,4,0.598497092,6.54,56.42236153,8.310237244,8.573296943,165.0162934,10.57066447
2025,"September",19,"452-20",452,20,2,0,4,1.816461207,6.53,59.08319725,28.17851457,9.970230817,154.3852722,9.889660925
2025,"September",19,"452-40",452,40,2,0,4,3.589652283,6.57,92.14578416,155.4231903,9.104164067,157.5732073,10.09387415
2025,"September",19,"452-80",452,80,2,0,4,6.788379906,6.55,241.2587059,368.4478143,2.341238303,146.8566432,9.407390876
2025,"September",19,"452-120",452,120,2,0,4,7.958830474,6.46,252.4609216,352.8941864,2.965864005,142.0956869,9.102412825
2025,"September",19,"453-10",453,10,3,0,4,-99,6.45,64.30919481,10.78633797,12.57820337,174.0273625,11.14789689
2025,"September",19,"453-20",453,20,3,0,4,2.138321057,6.61,145.1239937,50.95711338,6.641528384,160.3718533,10.27315024
2025,"September",19,"453-40",453,40,3,0,4,3.56727348,6.39,194.5903924,262.1374057,3.379784779,153.097543,9.807171375
2025,"September",19,"453-80",453,80,3,0,4,4.21560058,6.72,197.1845622,359.6304626,0.888783531,135.3016417,8.667198862
2025,"September",19,"453-120",453,120,3,0,4,5.039008908,6.7,142.4220833,208.7216118,2.3472801,144.1230409,9.232281373
2025,"September",19,"460-10",460,10,0,0,4,0.450037795,6.44,57.30482243,8.950859232,8.523755459,159.8290832,10.23838139
2025,"September",19,"460-20",460,20,0,0,4,1.25304192,6.41,54.92328,18.06885276,8.687495321,147.6273597,9.456761549
2025,"September",19,"460-40",460,40,0,0,4,3.885842329,6.57,39.72257694,113.3962318,9.746940112,138.7782257,8.889902397
2025,"September",19,"460-80",460,80,0,0,4,4.833650477,6.59,81.72348585,384.7312358,4.216534623,136.0120818,8.712708338
2025,"September",19,"460-120",460,120,0,0,4,4.294584593,6.82,67.03300212,322.2951159,6.447345602,136.7767898,8.76169412
2025,"September",19,"461-10",461,10,1,0,4,0.281538569,6.5,55.96259739,10.68745672,6.638783531,167.7630183,10.74661459
2025,"September",19,"461-20",461,20,1,0,4,1.123094442,6.4,56.22256986,14.50020347,8.45797879,147.1162031,9.424017806
2025,"September",19,"461-40",461,40,1,0,4,2.424296505,6.44,28.62132853,62.48066997,13.77797879,148.4601241,9.5101069
2025,"September",19,"461-80",461,80,1,0,4,4.522294292,6.54,40.94989381,219.326608,8.8819869,149.0103526,9.545353519
2025,"September",19,"461-120",461,120,1,0,4,4.698282218,6.61,62.9492948,190.9335532,5.603078603,129.9811171,8.326375894
2025,"September",19,"462-10",462,10,2,0,4,0.492586521,6.41,44.23156349,11.30102023,10.49418278,168.8925557,10.81897067
2025,"September",19,"462-20",462,20,2,0,4,2.858030526,6.55,82.05401512,59.36223379,8.911902682,148.12567,9.488682385
2025,"September",19,"462-40",462,40,2,0,4,4.883970265,6.69,105.1668053,167.8266116,3.25794136,150.256079,9.625152446
2025,"September",19,"462-80",462,80,2,0,4,6.14688296,6.64,140.3730022,298.0238029,2.431796631,143.1750409,9.171554246
2025,"September",19,"462-120",462,120,2,0,4,4.728768315,6.65,135.8462755,298.7840105,3.668437305,138.4427786,8.868414276
2025,"September",19,"463-10",463,10,3,0,4,0.719153653,6.48,147.3773746,49.19152977,10.97478478,170.28822,10.90837434
2025,"September",19,"463-20",463,20,3,0,4,2.880202233,6.62,262.1502449,176.0282579,1.612354959,151.7347362,9.719872495
2025,"September",19,"463-40",463,40,3,0,4,3.907029419,6.7,161.6996177,236.6156911,1.249582034,157.3387052,10.07885238
2025,"September",19,"463-80",463,80,3,0,4,4.580495024,6.62,223.5774296,459.3238236,0.553212726,143.9218872,9.219395836
2025,"September",19,"463-120",463,120,3,0,4,4.469636488,6.65,204.1899096,262.2828361,4.392111666,139.4590522,8.933514884
2025,"September",15,"610-10",610,10,0,1,3,1.348115739,6.3,42.54709844,6.537157218,12.26894885,160.4578561,10.27865942
2025,"September",15,"610-20",610,20,0,1,3,1.822279999,6.25,27.42767041,12.11306018,9.245411728,145.8784118,9.344727188
2025,"September",15,"610-40",610,40,0,1,3,1.760665434,6.3,7.036475607,12.59240221,19.17599813,178.6692243,11.44524597
2025,"September",15,"610-80",610,80,0,1,3,0.94628162,6.29,6.089463985,17.54952987,19.75114473,182.0466375,11.66159681
2025,"September",15,"610-120",610,120,0,1,3,1.62136294,6.43,10.32043724,69.63224742,18.13296943,171.1337941,10.96254025
2025,"September",15,"613-10",613,10,3,1,3,2.161736851,6.52,301.1286032,77.5541705,1.58205864,165.2632271,10.58648259
2025,"September",15,"613-20",613,20,3,1,3,3.279357367,6.67,191.3417621,136.9590981,0.7295602,175.2025614,11.22317796
2025,"September",15,"613-40",613,40,3,1,3,4.209322889,6.54,368.0403688,254.8280466,0.592386151,187.7538364,12.02718941
2025,"September",15,"613-80",613,80,3,1,3,4.379666537,6.56,310.534404,376.4654058,3.221026201,175.997244,11.27408386
2025,"September",15,"613-120",613,120,3,1,3,3.316749875,6.57,284.2908046,620.0139219,8.014672489,176.0369309,11.27662612
2025,"September",15,"620-10",620,10,0,1,3,1.436737669,6.27,96.09192574,15.61338502,11.7875733,159.3939887,10.21051004
2025,"September",15,"620-20",620,20,0,1,3,1.985161119,6.33,43.80400453,26.39750976,10.5846257,158.0852017,10.12667156
2025,"September",15,"620-40",620,40,0,1,3,1.582137755,6.36,18.73852695,75.95158032,16.99819713,179.6046319,11.50516645
2025,"September",15,"620-80",620,80,0,1,3,1.027607014,6.54,8.640132025,103.1539192,16.03861822,181.0620536,11.59852619
2025,"September",15,"620-120",620,120,0,1,3,1.844398176,6.44,13.32489565,122.5619168,18.13729258,174.4112948,11.17249088
2025,"September",18,"623-10",623,10,3,1,3,1.356004133,6.56,130.8276625,34.47899934,5.251272614,172.0473709,11.0210623
2025,"September",18,"623-20",623,20,3,1,3,1.310281522,6.57,104.4381449,64.52504873,6.543674361,167.7500113,10.74578139
2025,"September",18,"623-40",623,40,3,1,3,2.472835113,6.6,47.79136822,77.85995274,10.7384685,179.15367,11.47627866
2025,"September",18,"623-80",623,80,3,1,3,3.884989185,6.63,95.81510412,212.7520401,10.74516532,190.3008999,12.19034959
2025,"September",18,"623-120",623,120,3,1,3,4.094863463,6.67,8.186140474,330.7142296,3.525302558,177.9450465,11.39885648
2025,"September",18,"630-10",630,10,0,1,3,1.211340791,6.59,80.30489449,3.631190787,5.079719276,157.9505162,10.11804386
2025,"September",18,"630-20",630,20,0,1,3,2.186506634,6.49,47.89725046,14.72252565,5.779822208,145.1430099,9.297618698
2025,"September",18,"630-40",630,40,0,1,3,1.670065999,6.36,18.07687802,9.008831488,15.0803587,164.6708999,10.5485392
2025,"September",18,"630-80",630,80,0,1,3,1.802736525,6.3,12.33074601,15.94058558,18.13665003,163.1344598,10.4501177
2025,"September",18,"630-120",630,120,0,1,3,1.296789604,6.38,7.494772751,40.75570977,19.74149407,160.6208406,10.2890999
2025,"September",18,"633-10",633,10,3,1,3,2.444612191,6.61,310.1070099,98.18993767,0.589653774,183.8570042,11.77756556
2025,"September",18,"633-20",633,20,3,1,3,-99,6.54,393.6808932,136.323331,0.383986276,192.5255063,12.33285376
2025,"September",18,"633-40",633,40,3,1,3,3.763168308,6.58,268.1073293,337.0620489,0.039276357,188.1271058,12.05110036
2025,"September",18,"633-80",633,80,3,1,3,4.218409634,6.58,339.9267117,386.6099795,0.044385527,176.5975487,11.31253826
2025,"September",18,"633-120",633,120,3,1,3,3.618091402,6.48,493.6842654,357.1638573,0.292960075,148.8154894,9.532870944
