Year,Chamber,In_Out,CO2,Nitrogen,Treatment,Column,Row,Species,Count,Total_Height,Width,Flower,Herbivory,Cut_Stem,
2011,1,1,0,0,1,1,B,POHY,-99,50,2.6,N,-99,-99,
2011,1,1,0,0,1,1,C,AMCA2,-99,18,4.7,F,-99,-99,
2011,1,1,0,0,1,1,C,AMCA2,-99,46,4.8,F,-99,-99,
2011,1,1,0,0,1,1,C,AMCA2,-99,64,2.3,F,-99,-99,
2011,1,1,0,0,1,1,D,KOVI,-99,78,3.2,N,-99,-99,
2011,1,1,0,0,1,1,D,AMCA2,-99,30,1.4,F,-99,-99,
2011,1,1,0,0,1,1,E,AMCA2,-99,50,1.2,F,-99,-99,
2011,1,1,0,0,1,1,E,AMCA2,-99,57,2.3,F,-99,-99,
2011,1,1,0,0,1,1,E,AMCA2,-99,75,2.3,F,-99,-99,
2011,1,1,0,0,1,1,E,AMCA2,-99,80,2.3,F,-99,-99,
2011,1,1,0,0,1,2,A,ATPA4,-99,55,2.1,N,-99,-99,
2011,1,1,0,0,1,2,A,AMCA2,-99,162,8.2,F,-99,-99,
2011,1,1,0,0,1,2,B,ATPA4,-99,97,1.8,N,-99,-99,
2011,1,1,0,0,1,2,B,ATPA4,-99,104,2.7,N,-99,-99,
2011,1,1,0,0,1,2,E,AMCA2,-99,81,5.2,F,-99,-99,
2011,1,1,0,0,1,3,A,SOSE,-99,48,-99,N,-99,-99,
2011,1,1,0,0,1,3,D,KOVI,-99,46,1.8,N,-99,-99,
2011,1,1,0,0,1,3,D,AMCA2,-99,65,1.9,F,-99,-99,
2011,1,1,0,0,1,3,D,AMCA2,-99,80,5.5,F,-99,-99,
2011,1,1,0,0,1,3,E,KOVI,-99,35,1.2,N,-99,-99,
2011,1,1,0,0,1,3,E,AMCA2,-99,113,6.4,F,-99,-99,
2011,1,1,0,0,1,3,E,AMCA2,-99,218,15.1,F,-99,-99,
2011,1,1,0,0,1,4,E,AMCA2,-99,61,2.9,F,-99,-99,
2011,1,1,0,0,1,4,E,ATPA4,-99,50,1.3,N,-99,-99,
2011,1,1,0,0,1,5,A,LIMON,-99,128,5.2,N,-99,-99,
2011,1,1,0,0,1,5,A,SOSE,-99,44,-99,N,-99,-99,
2011,1,1,0,0,1,5,A,AMCA2,-99,70,2.8,F,-99,-99,
2011,1,1,0,0,1,5,A,ATPA4,-99,67,1.3,N,-99,-99,
2011,1,1,0,0,1,5,A,ATPA4,-99,71,1.1,N,-99,-99,
2011,1,1,0,0,1,5,B,LIMON,-99,128,6,N,-99,-99,
2011,1,1,0,0,1,5,B,LIMON,-99,50,1.8,N,-99,-99,
2011,1,1,0,0,1,5,C,AMCA2,-99,131,4.7,F,-99,-99,
2011,1,1,0,0,1,5,D,AMCA2,-99,109,5.2,F,-99,-99,
2011,1,1,0,0,1,5,D,ATPA4,-99,96,1.7,N,-99,-99,
2011,1,1,0,0,1,5,D,AMCA2,-99,160,7.4,F,-99,-99,
2011,1,1,0,0,1,5,D,AMCA2,-99,172,8.9,F,-99,-99,
2011,1,1,0,0,1,5,D,AMCA2,-99,176,11.2,F,-99,-99,
2011,1,1,0,0,1,5,E,AMCA2,-99,47,3.2,F,-99,-99,
2011,1,1,0,0,1,5,E,AMCA2,-99,62,1.4,F,-99,-99,
2011,1,1,0,0,1,5,E,ATPA4,-99,40,1,N,-99,-99,
2011,1,1,0,0,1,5,E,AMCA2,-99,68,1.5,F,-99,-99,
2011,1,1,0,0,1,6,B,LIMON,-99,115,4.8,N,-99,1,
2011,1,1,0,0,1,6,C,LIMON,-99,90,4.9,N,-99,-99,
2011,1,1,0,0,1,6,E,ATPA4,-99,51,1.5,N,-99,-99,
2011,1,1,0,0,1,6,E,ATPA4,-99,87,2.1,F,-99,-99,
2011,1,1,0,0,1,6,E,ATPA4,-99,116,2.8,N,-99,-99,
2011,1,1,0,0,1,6,E,AMCA2,-99,180,9.2,F,-99,-99,
2011,1,1,0,0,1,7,A,LIMON,-99,78,3.2,N,-99,-99,
2011,1,1,0,0,1,7,A,LIMON,-99,86,4.6,N,-99,-99,
2011,1,1,0,0,1,7,B,LIMON,-99,55,3.6,N,-99,-99,
2011,1,1,0,0,1,7,B,ATPA4,-99,48,1.1,N,-99,-99,
2011,1,1,0,0,1,7,B,AMCA2,-99,120,9.3,F,-99,-99,
2011,1,1,0,0,1,7,C,AMCA2,-99,119,5,F,-99,-99,
2011,1,1,0,0,1,7,C,AMCA2,-99,121,5.8,F,-99,-99,
2011,1,1,0,0,1,7,C,AMCA2,-99,152,7.9,F,-99,-99,
2011,1,1,0,0,1,7,C,AMCA2,-99,159,7.7,F,-99,-99,
2011,1,1,0,0,1,7,D,AMCA2,-99,57,1.8,N,-99,-99,
2011,1,1,0,0,1,7,D,AMCA2,-99,81,1.5,F,-99,-99,
2011,1,1,0,0,1,7,D,AMCA2,-99,156,7.1,F,-99,-99,
2011,1,1,0,0,1,7,E,AMCA2,-99,77,1.5,F,-99,-99,
2011,1,1,0,0,1,7,E,AMCA2,-99,86,1.6,F,-99,-99,
2011,1,1,0,0,1,7,E,AMCA2,-99,87,4.5,N,-99,-99,
2011,1,1,0,0,1,7,E,ATPA4,-99,80,2,N,-99,-99,
2011,1,1,0,0,1,7,E,AMCA2,-99,141,8.6,N,-99,-99,
2011,1,1,0,0,1,8,A,AMCA2,-99,78,4.9,F,-99,-99,
2011,1,1,0,0,1,8,A,AMCA2,-99,78,3.7,N,-99,-99,
2011,1,1,0,0,1,8,A,AMCA2,-99,81,3,F,-99,-99,
2011,1,1,0,0,1,8,A,AMCA2,-99,87,2.4,N,-99,-99,
2011,1,1,0,0,1,8,B,AMCA2,-99,107,5.4,F,-99,-99,
2011,1,1,0,0,1,8,B,ATPA4,-99,107,4.2,F,-99,-99,
2011,1,1,0,0,1,8,D,ATPA4,-99,41,1.2,N,-99,-99,
2011,1,1,0,0,1,9,A,LIMON,-99,90,7,F,-99,-99,
2011,1,1,0,0,1,9,A,AMCA2,-99,53,1.1,N,-99,-99,
2011,1,1,0,0,1,9,B,AMCA2,-99,77,2,F,-99,-99,
2011,1,1,0,0,1,9,B,AMCA2,-99,92,2.4,N,-99,-99,
2011,1,1,0,0,1,9,B,AMCA2,-99,135,8.2,F,-99,-99,
2011,1,1,0,0,1,9,C,KOVI,-99,40,1.3,N,-99,-99,
2011,1,1,0,0,1,9,C,AMCA2,-99,85,4.4,N,-99,-99,
2011,1,1,0,0,1,9,D,AMCA2,-99,67,2.7,N,-99,-99,
2011,1,1,0,0,1,9,D,AMCA2,-99,79,3.8,F,-99,-99,
2011,1,1,0,0,1,9,D,AMCA2,-99,97,3.9,F,-99,-99,
2011,1,1,0,0,1,10,B,ATPA4,-99,3.6,0.7,N,-99,-99,
2011,1,1,0,0,1,10,B,AMCA2,-99,39,2.5,F,-99,-99,
2011,1,1,0,0,1,10,C,AMCA2,-99,38,0.9,F,-99,-99,
2011,1,1,0,0,1,10,D,ATPA4,-99,25,0.9,N,-99,-99,
2011,1,1,0,0,1,10,D,ATPA4,-99,37,1,N,-99,-99,
2011,1,1,0,0,1,10,D,ATPA4,-99,41,1.1,N,-99,-99,
2011,1,1,0,0,1,10,E,AMCA2,-99,41,1.9,N,-99,-99,
2011,2,1,1,0,3,1,A,CUSCU,-99,125,-99,N,-99,-99,
2011,2,1,1,0,3,1,A,ATPA4,-99,50,-99,N,-99,-99,
2011,2,1,1,0,3,1,A,AMCA2,-99,85,2.3,F,-99,-99,
2011,2,1,1,0,3,1,A,AMCA2,-99,100,2.3,F,-99,-99,
2011,2,1,1,0,3,1,A,AMCA2,-99,115,3.6,F,-99,-99,
2011,2,1,1,0,3,1,A,ATPA4,-99,85,-99,N,-99,-99,
2011,2,1,1,0,3,1,C,AMCA2,-99,105,3.1,F,-99,-99,
2011,2,1,1,0,3,1,C,AMCA2,-99,115,3.4,F,-99,-99,
2011,2,1,1,0,3,1,C,ATPA4,-99,90,-99,N,-99,-99,
2011,2,1,1,0,3,1,C,ATPA4,-99,95,-99,N,-99,-99,
2011,2,1,1,0,3,1,D,AMCA2,-99,86,2,F,-99,-99,
2011,2,1,1,0,3,1,D,AMCA2,-99,88,2.4,F,-99,-99,
2011,2,1,1,0,3,1,D,AMCA2,-99,92,1.5,F,-99,-99,
2011,2,1,1,0,3,1,D,AMCA2,-99,100,2.8,F,-99,-99,
2011,2,1,1,0,3,1,D,AMCA2,-99,105,3.2,F,-99,-99,
2011,2,1,1,0,3,1,D,AMCA2,-99,107,1.9,F,-99,-99,
2011,2,1,1,0,3,1,D,AMCA2,-99,127,2.7,F,-99,-99,
2011,2,1,1,0,3,1,E,CUSCU,-99,158,-99,N,-99,-99,
2011,2,1,1,0,3,1,E,ATPA4,-99,127,-99,N,-99,-99,
2011,2,1,1,0,3,2,A,AMCA2,-99,74,1.8,F,-99,-99,
2011,2,1,1,0,3,2,A,ATPA4,-99,72,-99,N,-99,-99,
2011,2,1,1,0,3,2,A,ATPA4,-99,77,-99,N,-99,-99,
2011,2,1,1,0,3,2,A,AMCA2,-99,165,6,F,-99,-99,
2011,2,1,1,0,3,2,B,KOVI,-99,70,2,N,-99,-99,
2011,2,1,1,0,3,2,B,ATPA4,-99,65,-99,N,-99,-99,
2011,2,1,1,0,3,2,B,ATPA4,-99,80,1.5,F,-99,-99,
2011,2,1,1,0,3,2,C,ATPA4,-99,83,1.3,F,-99,-99,
2011,2,1,1,0,3,2,C,ATPA4,-99,127,2.4,F,-99,-99,
2011,2,1,1,0,3,2,D,CUSCU,-99,143,-99,N,-99,-99,
2011,2,1,1,0,3,2,E,CUSCU,-99,148,-99,N,-99,-99,
2011,2,1,1,0,3,2,E,CUSCU,-99,180,-99,N,-99,-99,
2011,2,1,1,0,3,2,E,CUSCU,-99,140,-99,N,-99,-99,
2011,2,1,1,0,3,2,E,AMCA2,-99,97,4,F,-99,-99,
2011,2,1,1,0,3,2,E,AMCA2,-99,122,2.5,F,-99,-99,
2011,2,1,1,0,3,3,A,CUSCU,-99,182,-99,N,-99,-99,
2011,2,1,1,0,3,3,A,AMCA2,-99,65,1.8,F,-99,-99,
2011,2,1,1,0,3,3,A,AMCA2,-99,67,2.3,F,-99,-99,
2011,2,1,1,0,3,3,A,AMCA2,-99,73,2.1,F,-99,-99,
2011,2,1,1,0,3,3,A,AMCA2,-99,77,1.4,F,-99,-99,
2011,2,1,1,0,3,3,B,ATPA4,-99,77,-99,N,-99,-99,
2011,2,1,1,0,3,3,B,ATPA4,-99,82,-99,N,-99,-99,
2011,2,1,1,0,3,3,B,AMCA2,-99,119,5.8,F,-99,-99,
2011,2,1,1,0,3,3,B,AMCA2,-99,122,4.5,F,-99,-99,
2011,2,1,1,0,3,3,B,AMCA2,-99,157,6,F,-99,-99,
2011,2,1,1,0,3,3,C,AMCA2,-99,95,1.4,F,-99,-99,
2011,2,1,1,0,3,3,C,AMCA2,-99,131,2.1,F,-99,-99,
2011,2,1,1,0,3,3,C,AMCA2,-99,132,2,F,-99,-99,
2011,2,1,1,0,3,3,C,AMCA2,-99,165,7.1,F,-99,-99,
2011,2,1,1,0,3,4,A,CUSCU,-99,147,-99,N,-99,-99,
2011,2,1,1,0,3,4,A,AMCA2,-99,45,1,F,-99,-99,
2011,2,1,1,0,3,4,A,AMCA2,-99,52,0.6,F,-99,-99,
2011,2,1,1,0,3,4,B,AMCA2,-99,55,0.74,F,-99,-99,
2011,2,1,1,0,3,4,B,ATPA4,-99,52,-99,N,-99,-99,
2011,2,1,1,0,3,4,B,AMCA2,-99,95,2.5,F,-99,-99,
2011,2,1,1,0,3,4,C,AMCA2,-99,92,2.7,F,-99,-99,
2011,2,1,1,0,3,4,C,AMCA2,-99,108,2.3,F,-99,-99,
2011,2,1,1,0,3,4,C,ATPA4,-99,85,-99,N,-99,-99,
2011,2,1,1,0,3,4,D,SOSE,-99,126,5,N,-99,-99,
2011,2,1,1,0,3,4,E,AMCA2,-99,50,1.3,F,-99,-99,
2011,2,1,1,0,3,4,E,ATPA4,-99,45,-99,N,-99,-99,
2011,2,1,1,0,3,5,A,AMCA2,-99,95,2.3,F,-99,-99,
2011,2,1,1,0,3,5,B,AMCA2,-99,88,3.7,F,-99,-99,
2011,2,1,1,0,3,5,B,AMCA2,-99,130,3.9,F,-99,-99,
2011,2,1,1,0,3,5,C,KOVI,-99,54,-99,N,-99,-99,
2011,2,1,1,0,3,5,D,AMCA2,-99,75,2.7,F,-99,-99,
2011,2,1,1,0,3,6,A,KOVI,-99,35,-99,N,-99,-99,
2011,2,1,1,0,3,6,B,KOVI,-99,32,-99,N,-99,-99,
2011,2,1,1,0,3,6,C,AMCA2,-99,66,3,F,-99,-99,
2011,2,1,1,0,3,6,C,AMCA2,-99,72,3.9,F,-99,-99,
2011,2,1,1,0,3,6,C,AMCA2,-99,92,2.7,F,-99,-99,
2011,2,1,1,0,3,7,A,KOVI,-99,57,-99,N,-99,-99,
2011,2,1,1,0,3,7,A,AMCA2,-99,192,9.7,F,-99,-99,
2011,2,1,1,0,3,7,A,POHY,-99,35,-99,N,-99,-99,
2011,2,1,1,0,3,7,B,AMCA2,-99,55,2.3,F,-99,-99,
2011,2,1,1,0,3,7,D,AMCA2,-99,55,1.3,F,-99,-99,
2011,2,1,1,0,3,8,A,AMCA2,-99,77,3.8,F,-99,-99,
2011,2,1,1,0,3,8,A,AMCA2,-99,80,3.1,F,-99,-99,
2011,2,1,1,0,3,8,A,AMCA2,-99,91,3.7,F,-99,-99,
2011,2,1,1,0,3,8,B,AMCA2,-99,55,1.4,F,-99,-99,
2011,2,1,1,0,3,8,B,AMCA2,-99,82,4.5,F,-99,-99,
2011,2,1,1,0,3,8,C,AMCA2,-99,30,0.8,F,-99,-99,
2011,2,1,1,0,3,8,C,AMCA2,-99,32,0.8,F,-99,-99,
2011,2,1,1,0,3,8,C,AMCA2,-99,45,1,F,-99,-99,
2011,2,1,1,0,3,8,D,AMCA2,-99,35,0.6,F,-99,-99,
2011,2,1,1,0,3,8,D,AMCA2,-99,72,2.5,F,-99,-99,
2011,2,1,1,0,3,8,E,AMCA2,-99,32,0.9,F,-99,-99,
2011,2,1,1,0,3,9,A,KOVI,-99,20,-99,N,-99,-99,
2011,2,1,1,0,3,9,A,AMCA2,-99,83,3.1,F,-99,-99,
2011,2,1,1,0,3,9,B,IVFR,-99,105,3.5,N,-99,-99,
2011,2,1,1,0,3,9,B,AMCA2,-99,97,3.4,F,-99,-99,
2011,2,1,1,0,3,9,B,AMCA2,-99,113,6.2,F,-99,-99,
2011,2,1,1,0,3,9,E,AMCA2,-99,63,2.5,F,-99,-99,
2011,2,1,1,0,3,9,E,ATPA4,-99,60,-99,N,-99,-99,
2011,2,1,1,0,3,10,A,AMCA2,-99,65,3.1,F,-99,-99,
2011,2,1,1,0,3,10,A,AMCA2,-99,85,3.4,F,-99,-99,
2011,2,1,1,0,3,10,B,AMCA2,-99,70,3,F,-99,-99,
2011,2,1,1,0,3,10,B,AMCA2,-99,77,3.3,F,-99,-99,
2011,2,1,1,0,3,10,B,AMCA2,-99,82,3.4,F,-99,-99,
2011,2,1,1,0,3,10,B,AMCA2,-99,85,8.2,F,-99,-99,
2011,2,1,1,0,3,10,B,AMCA2,-99,109,7,F,-99,-99,
2011,2,1,1,0,3,10,B,AMCA2,-99,163,9,F,-99,-99,
2011,2,1,1,0,3,10,C,AMCA2,-99,62,1.6,F,-99,-99,
2011,2,1,1,0,3,10,C,AMCA2,-99,62,2,F,-99,-99,
2011,2,1,1,0,3,10,C,AMCA2,-99,65,2.8,F,-99,-99,
2011,2,1,1,0,3,10,D,KOVI,-99,40,-99,N,-99,-99,
2011,2,1,1,0,3,10,E,AMCA2,-99,72,2.3,F,-99,-99,
2011,2,1,1,0,3,10,E,ATPA4,-99,67,-99,N,-99,-99,
2011,2,1,1,0,3,10,E,ATPA4,-99,74,-99,N,-99,-99,
2011,3,1,0,1,2,1,A,AMCA2,-99,82,6.4,F,-99,-99,
2011,3,1,0,1,2,1,A,AMCA2,-99,89,6.8,F,-99,-99,
2011,3,1,0,1,2,1,A,AMCA2,-99,100,8.3,F,-99,-99,
2011,3,1,0,1,2,1,A,AMCA2,-99,103,9.6,F,-99,-99,
2011,3,1,0,1,2,1,A,AMCA2,-99,112,10.7,F,-99,-99,
2011,3,1,0,1,2,1,A,AMCA2,-99,120,7.7,F,-99,-99,
2011,3,1,0,1,2,1,A,AMCA2,-99,130,8.1,F,-99,-99,
2011,3,1,0,1,2,1,A,AMCA2,-99,130,7.2,F,-99,-99,
2011,3,1,0,1,2,1,A,AMCA2,-99,132,11.9,F,-99,-99,
2011,3,1,0,1,2,1,A,AMCA2,-99,146,10.4,F,-99,-99,
2011,3,1,0,1,2,1,A,AMCA2,-99,163,11.7,F,-99,-99,
2011,3,1,0,1,2,1,A,AMCA2,-99,205,11.7,F,-99,-99,
2011,3,1,0,1,2,1,A,AMCA2,-99,211,14.6,F,-99,-99,
2011,3,1,0,1,2,1,B,AMCA2,-99,35,0.2,F,-99,-99,
2011,3,1,0,1,2,1,B,AMCA2,-99,40,0.3,F,-99,-99,
2011,3,1,0,1,2,1,B,CUSCU,-99,77,3.4,F,-99,-99,
2011,3,1,0,1,2,1,B,AMCA2,-99,70,2.3,N,-99,-99,
2011,3,1,0,1,2,1,B,AMCA2,-99,73,2.3,F,-99,-99,
2011,3,1,0,1,2,1,B,ATPA4,-99,74,3.2,F,-99,-99,
2011,3,1,0,1,2,1,B,AMCA2,-99,94,3,F,-99,-99,
2011,3,1,0,1,2,1,B,AMCA2,-99,103,4,N,-99,-99,
2011,3,1,0,1,2,1,B,AMCA2,-99,106,3.3,F,-99,-99,
2011,3,1,0,1,2,1,B,AMCA2,-99,123,3.1,F,-99,-99,
2011,3,1,0,1,2,1,C,KOVI,-99,60,0.9,N,-99,-99,
2011,3,1,0,1,2,1,C,LIMON,-99,120,2.4,N,-99,-99,
2011,3,1,0,1,2,1,C,AMCA2,-99,55,1.7,F,-99,-99,
2011,3,1,0,1,2,1,C,AMCA2,-99,82,2.3,F,-99,-99,
2011,3,1,0,1,2,1,C,AMCA2,-99,100,2.7,F,-99,-99,
2011,3,1,0,1,2,1,C,AMCA2,-99,112,3.2,F,-99,-99,
2011,3,1,0,1,2,1,C,AMCA2,-99,114,2.5,F,-99,-99,
2011,3,1,0,1,2,1,C,AMCA2,-99,118,3.6,F,-99,-99,
2011,3,1,0,1,2,1,C,AMCA2,-99,148,8.5,F,-99,-99,
2011,3,1,0,1,2,1,C,AMCA2,-99,150,5.3,F,-99,-99,
2011,3,1,0,1,2,1,C,AMCA2,-99,218,13.3,F,-99,-99,
2011,3,1,0,1,2,1,D,AMCA2,-99,77,2.2,F,-99,-99,
2011,3,1,0,1,2,1,D,AMCA2,-99,77,3.3,F,-99,-99,
2011,3,1,0,1,2,1,D,AMCA2,-99,82,3.1,N,-99,-99,
2011,3,1,0,1,2,1,D,AMCA2,-99,83,2.4,F,-99,-99,
2011,3,1,0,1,2,1,D,AMCA2,-99,147,5.4,F,-99,-99,
2011,3,1,0,1,2,1,D,AMCA2,-99,188,7.4,F,-99,-99,
2011,3,1,0,1,2,1,E,AMCA2,-99,32,3.5,N,-99,-99,
2011,3,1,0,1,2,1,E,AMCA2,-99,125,6.3,N,-99,-99,
2011,3,1,0,1,2,1,E,AMCA2,-99,207,12.3,F,-99,-99,
2011,3,1,0,1,2,2,A,AMCA2,-99,70,2.2,N,-99,-99,
2011,3,1,0,1,2,2,A,AMCA2,-99,110,4.4,F,-99,-99,
2011,3,1,0,1,2,2,A,ATPA4,-99,88,0.7,N,-99,-99,
2011,3,1,0,1,2,2,A,AMCA2,-99,122,6.1,F,-99,-99,
2011,3,1,0,1,2,2,A,AMCA2,-99,137,5,F,-99,-99,
2011,3,1,0,1,2,2,A,AMCA2,-99,192,7.4,F,-99,-99,
2011,3,1,0,1,2,2,A,AMCA2,-99,228,12.2,F,-99,-99,
2011,3,1,0,1,2,2,B,AMCA2,-99,82,2,N,-99,-99,
2011,3,1,0,1,2,2,B,AMCA2,-99,95,2.2,F,-99,-99,
2011,3,1,0,1,2,2,B,AMCA2,-99,98,2.9,F,-99,-99,
2011,3,1,0,1,2,2,B,AMCA2,-99,120,3.2,F,-99,-99,
2011,3,1,0,1,2,2,B,AMCA2,-99,131,5,N,-99,-99,
2011,3,1,0,1,2,2,B,AMCA2,-99,133,6.4,F,-99,-99,
2011,3,1,0,1,2,2,B,AMCA2,-99,138,6.1,F,-99,-99,
2011,3,1,0,1,2,2,B,AMCA2,-99,142,4.1,F,-99,-99,
2011,3,1,0,1,2,2,B,AMCA2,-99,146,3.6,F,-99,-99,
2011,3,1,0,1,2,2,B,AMCA2,-99,153,5,F,-99,-99,
2011,3,1,0,1,2,2,B,AMCA2,-99,157,6.6,F,-99,-99,
2011,3,1,0,1,2,2,B,AMCA2,-99,167,6.6,F,-99,-99,
2011,3,1,0,1,2,2,C,AMCA2,-99,40,0.5,F,-99,-99,
2011,3,1,0,1,2,2,C,AMCA2,-99,60,0.8,F,-99,-99,
2011,3,1,0,1,2,2,C,AMCA2,-99,194,10.8,F,-99,-99,
2011,3,1,0,1,2,2,C,AMCA2,-99,222,11.2,F,-99,-99,
2011,3,1,0,1,2,2,D,AMCA2,-99,98,5.8,N,-99,-99,
2011,3,1,0,1,2,2,D,AMCA2,-99,112,9.6,N,-99,-99,
2011,3,1,0,1,2,2,D,AMCA2,-99,147,8.1,F,-99,-99,
2011,3,1,0,1,2,2,E,KOVI,-99,155,9.2,F,-99,-99,
2011,3,1,0,1,2,2,E,AMCA2,-99,77,6.2,N,-99,-99,
2011,3,1,0,1,2,3,A,AMCA2,-99,62,1.5,F,-99,-99,
2011,3,1,0,1,2,3,A,AMCA2,-99,96,4,F,-99,-99,
2011,3,1,0,1,2,3,A,AMCA2,-99,102,2.9,N,-99,-99,
2011,3,1,0,1,2,3,A,AMCA2,-99,102,3.6,F,-99,-99,
2011,3,1,0,1,2,3,A,AMCA2,-99,110,3.3,F,-99,-99,
2011,3,1,0,1,2,3,A,AMCA2,-99,132,3.7,F,-99,-99,
2011,3,1,0,1,2,3,A,AMCA2,-99,142,5.7,F,-99,-99,
2011,3,1,0,1,2,3,A,AMCA2,-99,152,3.8,F,-99,-99,
2011,3,1,0,1,2,3,A,AMCA2,-99,163,5.5,F,-99,-99,
2011,3,1,0,1,2,3,A,AMCA2,-99,167,8.5,F,-99,-99,
2011,3,1,0,1,2,3,A,AMCA2,-99,169,8.1,F,-99,-99,
2011,3,1,0,1,2,3,A,AMCA2,-99,170,8.6,F,-99,-99,
2011,3,1,0,1,2,3,B,AMCA2,-99,70,1.6,N,-99,-99,
2011,3,1,0,1,2,3,B,AMCA2,-99,82,2.8,N,-99,-99,
2011,3,1,0,1,2,3,B,AMCA2,-99,92,2.6,F,-99,-99,
2011,3,1,0,1,2,3,B,AMCA2,-99,120,3.5,F,-99,-99,
2011,3,1,0,1,2,3,B,AMCA2,-99,122,6.7,F,-99,-99,
2011,3,1,0,1,2,3,B,AMCA2,-99,135,6.9,F,-99,-99,
2011,3,1,0,1,2,3,B,AMCA2,-99,142,3.7,F,-99,-99,
2011,3,1,0,1,2,3,B,AMCA2,-99,143,3.7,F,-99,-99,
2011,3,1,0,1,2,3,B,AMCA2,-99,152,10.6,F,-99,-99,
2011,3,1,0,1,2,3,B,ATPA4,-99,120,2.1,N,-99,-99,
2011,3,1,0,1,2,3,B,AMCA2,-99,190,8.5,F,-99,-99,
2011,3,1,0,1,2,3,B,AMCA2,-99,191,12.6,F,-99,-99,
2011,3,1,0,1,2,3,C,AMCA2,-99,90,2.5,N,-99,-99,
2011,3,1,0,1,2,3,C,AMCA2,-99,92,3.5,N,-99,-99,
2011,3,1,0,1,2,3,C,AMCA2,-99,110,3,F,-99,-99,
2011,3,1,0,1,2,3,C,AMCA2,-99,110,5.6,F,-99,-99,
2011,3,1,0,1,2,3,C,AMCA2,-99,120,6.9,F,-99,-99,
2011,3,1,0,1,2,3,C,AMCA2,-99,130,4.9,F,-99,-99,
2011,3,1,0,1,2,3,C,AMCA2,-99,140,7.7,F,-99,-99,
2011,3,1,0,1,2,3,C,AMCA2,-99,142,6,F,-99,-99,
2011,3,1,0,1,2,3,D,AMCA2,-99,72,4.4,F,-99,-99,
2011,3,1,0,1,2,3,D,AMCA2,-99,121,4.3,F,-99,-99,
2011,3,1,0,1,2,3,E,SOSE,-99,98,7.6,N,-99,-99,
2011,3,1,0,1,2,3,E,AMCA2,-99,93,2.7,F,-99,-99,
2011,3,1,0,1,2,3,E,AMCA2,-99,102,5.5,F,-99,-99,
2011,3,1,0,1,2,4,A,AMCA2,-99,62,1.6,F,-99,-99,
2011,3,1,0,1,2,4,A,AMCA2,-99,92,4.3,F,-99,-99,
2011,3,1,0,1,2,4,A,AMCA2,-99,132,5.9,F,-99,-99,
2011,3,1,0,1,2,4,A,AMCA2,-99,144,16.1,F,-99,-99,
2011,3,1,0,1,2,4,A,AMCA2,-99,177,8.3,F,-99,-99,
2011,3,1,0,1,2,4,B,AMCA2,-99,80,1.8,N,-99,-99,
2011,3,1,0,1,2,4,B,AMCA2,-99,82,3.4,F,-99,-99,
2011,3,1,0,1,2,4,B,AMCA2,-99,102,3.5,F,-99,-99,
2011,3,1,0,1,2,4,B,AMCA2,-99,134,4.1,F,-99,-99,
2011,3,1,0,1,2,4,B,AMCA2,-99,140,6.8,F,-99,-99,
2011,3,1,0,1,2,4,B,AMCA2,-99,147,5.3,F,-99,-99,
2011,3,1,0,1,2,4,B,AMCA2,-99,152,7.3,F,-99,-99,
2011,3,1,0,1,2,4,C,AMCA2,-99,80,2.1,N,-99,-99,
2011,3,1,0,1,2,4,C,AMCA2,-99,110,3.6,F,-99,-99,
2011,3,1,0,1,2,4,C,AMCA2,-99,110,4.6,F,-99,-99,
2011,3,1,0,1,2,4,C,AMCA2,-99,112,4,F,-99,-99,
2011,3,1,0,1,2,4,C,AMCA2,-99,118,2.8,F,-99,-99,
2011,3,1,0,1,2,4,C,AMCA2,-99,130,4,F,-99,-99,
2011,3,1,0,1,2,4,C,AMCA2,-99,150,6,F,-99,-99,
2011,3,1,0,1,2,4,D,SOSE,-99,142,8.3,N,-99,-99,
2011,3,1,0,1,2,4,D,AMCA2,-99,90,5,N,-99,-99,
2011,3,1,0,1,2,4,E,ATPA4,-99,52,1.4,N,-99,-99,
2011,3,1,0,1,2,5,A,AMCA2,-99,67,1.6,F,-99,-99,
2011,3,1,0,1,2,5,A,AMCA2,-99,72,3.1,N,-99,-99,
2011,3,1,0,1,2,5,A,AMCA2,-99,75,2.3,N,-99,-99,
2011,3,1,0,1,2,5,A,AMCA2,-99,102,4.1,F,-99,-99,
2011,3,1,0,1,2,5,A,AMCA2,-99,143,5.6,F,-99,-99,
2011,3,1,0,1,2,5,B,CUSCU,-99,-99,-99,N,-99,-99,
2011,3,1,0,1,2,5,B,AMCA2,-99,59,1.6,F,-99,-99,
2011,3,1,0,1,2,5,B,AMCA2,-99,108,4.5,F,-99,-99,
2011,3,1,0,1,2,5,C,CUSCU,-99,-99,-99,N,-99,-99,
2011,3,1,0,1,2,5,C,AMCA2,-99,100,2,F,-99,-99,
2011,3,1,0,1,2,5,C,AMCA2,-99,106,3.5,F,-99,-99,
2011,3,1,0,1,2,5,C,AMCA2,-99,108,2.9,F,-99,-99,
2011,3,1,0,1,2,5,C,AMCA2,-99,117,7.9,F,-99,-99,
2011,3,1,0,1,2,5,D,AMCA2,-99,44,1.3,N,-99,-99,
2011,3,1,0,1,2,5,D,AMCA2,-99,52,0.8,F,-99,-99,
2011,3,1,0,1,2,5,E,AMCA2,-99,127,9.5,F,-99,-99,
2011,3,1,0,1,2,5,E,AMCA2,-99,152,12.4,F,-99,-99,
2011,3,1,0,1,2,5,E,AMCA2,-99,163,9,F,-99,-99,
2011,3,1,0,1,2,6,B,SOSE,-99,85,4.9,N,-99,-99,
2011,3,1,0,1,2,6,B,SOSE,-99,80,3,N,-99,-99,
2011,3,1,0,1,2,6,B,SOSE,-99,108,5.5,N,-99,-99,
2011,3,1,0,1,2,6,B,SOSE,-99,121,7,N,-99,-99,
2011,3,1,0,1,2,6,B,CUSCU,-99,-99,-99,N,-99,-99,
2011,3,1,0,1,2,6,C,AMCA2,-99,103,4.3,F,-99,-99,
2011,3,1,0,1,2,6,C,ATPA4,-99,97,1.6,N,-99,-99,
2011,3,1,0,1,2,6,C,ATPA4,-99,122,2.1,N,-99,-99,
2011,3,1,0,1,2,6,D,AMCA2,-99,79,5.1,F,-99,-99,
2011,3,1,0,1,2,6,D,AMCA2,-99,80,4.9,F,-99,-99,
2011,3,1,0,1,2,6,D,AMCA2,-99,151,8.8,F,-99,-99,
2011,3,1,0,1,2,6,D,AMCA2,-99,159,14,F,-99,-99,
2011,3,1,0,1,2,6,D,ATPA4,-99,120,1.8,N,-99,-99,
2011,3,1,0,1,2,6,D,AMCA2,-99,187,19,F,-99,-99,
2011,3,1,0,1,2,6,E,AMCA2,-99,21,16,F,-99,-99,
2011,3,1,0,1,2,6,E,AMCA2,-99,97,6.1,F,-99,-99,
2011,3,1,0,1,2,6,E,AMCA2,-99,100,4.3,F,-99,-99,
2011,3,1,0,1,2,6,E,AMCA2,-99,181,9.4,F,-99,-99,
2011,3,1,0,1,2,7,A,AMCA2,-99,55,0.8,F,-99,-99,
2011,3,1,0,1,2,7,B,AMCA2,-99,156,9.9,F,-99,-99,
2011,3,1,0,1,2,7,B,AMCA2,-99,178,11.2,F,-99,-99,
2011,3,1,0,1,2,7,C,CUSCU,-99,-99,-99,N,-99,-99,
2011,3,1,0,1,2,7,C,AMCA2,-99,146,10.9,F,-99,-99,
2011,3,1,0,1,2,7,D,AMCA2,-99,62,2.6,F,-99,-99,
2011,3,1,0,1,2,7,D,AMCA2,-99,82,4.6,F,-99,-99,
2011,3,1,0,1,2,7,D,AMCA2,-99,91,3.3,F,-99,-99,
2011,3,1,0,1,2,7,E,AMCA2,-99,52,2.5,F,-99,-99,
2011,3,1,0,1,2,8,A,AMCA2,-99,122,10,F,-99,-99,
2011,3,1,0,1,2,8,A,AMCA2,-99,206,10.7,F,-99,-99,
2011,3,1,0,1,2,8,B,AMCA2,-99,7,5.2,N,-99,-99,
2011,3,1,0,1,2,8,B,CUSCU,-99,-99,-99,N,-99,-99,
2011,3,1,0,1,2,8,B,AMCA2,-99,169,11,F,-99,-99,
2011,3,1,0,1,2,8,C,AMCA2,-99,102,5.2,N,-99,-99,
2011,3,1,0,1,2,8,C,AMCA2,-99,153,11.2,F,-99,-99,
2011,3,1,0,1,2,8,C,AMCA2,-99,161,12.9,F,-99,-99,
2011,3,1,0,1,2,8,D,CUSCU,-99,-99,-99,N,-99,-99,
2011,3,1,0,1,2,8,D,AMCA2,-99,122,7.2,N,-99,-99,
2011,3,1,0,1,2,8,D,AMCA2,-99,132,9.6,F,-99,-99,
2011,3,1,0,1,2,8,D,AMCA2,-99,134,8,F,-99,-99,
2011,3,1,0,1,2,8,D,AMCA2,-99,178,15.5,F,-99,-99,
2011,3,1,0,1,2,8,D,AMCA2,-99,178,9.5,F,-99,-99,
2011,3,1,0,1,2,8,D,AMCA2,-99,182,10.4,F,-99,-99,
2011,3,1,0,1,2,8,D,AMCA2,-99,191,7.9,F,-99,-99,
2011,3,1,0,1,2,8,D,AMCA2,-99,204,13.8,F,-99,1,
2011,3,1,0,1,2,8,E,AMCA2,-99,62,4.7,F,-99,-99,
2011,3,1,0,1,2,8,E,AMCA2,-99,71,5,F,-99,-99,
2011,3,1,0,1,2,9,A,AMCA2,-99,147,12.2,F,-99,-99,
2011,3,1,0,1,2,9,B,AMCA2,-99,94,7.1,N,-99,-99,
2011,3,1,0,1,2,9,B,AMCA2,-99,97,4.9,F,-99,-99,
2011,3,1,0,1,2,9,B,AMCA2,-99,154,10.6,N,-99,-99,
2011,3,1,0,1,2,9,E,AMCA2,-99,54,8.1,N,-99,-99,
2011,3,1,0,1,2,10,D,AMCA2,-99,92,4.7,F,-99,-99,
2011,4,1,1,1,4,1,A,AMCA2,-99,103,1.7,F,-99,-99,
2011,4,1,1,1,4,1,A,AMCA2,-99,118,2.9,N,-99,-99,
2011,4,1,1,1,4,1,A,AMCA2,-99,139,5.2,N,-99,-99,
2011,4,1,1,1,4,1,A,AMCA2,-99,158,6.9,F,-99,-99,
2011,4,1,1,1,4,1,A,AMCA2,-99,173,5.5,F,-99,-99,
2011,4,1,1,1,4,1,B,KOVI,-99,65,1.6,N,-99,-99,
2011,4,1,1,1,4,1,B,KOVI,-99,55,0.9,N,-99,-99,
2011,4,1,1,1,4,1,B,KOVI,-99,52,1,N,-99,-99,
2011,4,1,1,1,4,1,B,KOVI,-99,220,10.9,F,-99,-99,
2011,4,1,1,1,4,1,B,AMCA2,-99,90,4.8,F,-99,-99,
2011,4,1,1,1,4,1,B,AMCA2,-99,92,3,F,-99,-99,
2011,4,1,1,1,4,1,B,AMCA2,-99,129,3.7,F,-99,-99,
2011,4,1,1,1,4,1,B,AMCA2,-99,140,4.3,F,-99,-99,
2011,4,1,1,1,4,1,C,LIMON,-99,-99,-99,N,-99,-99,
2011,4,1,1,1,4,1,C,AMCA2,-99,82,2.6,N,-99,-99,
2011,4,1,1,1,4,1,C,AMCA2,-99,92,2.5,F,-99,-99,
2011,4,1,1,1,4,1,C,AMCA2,-99,106,4.2,N,-99,-99,
2011,4,1,1,1,4,1,C,AMCA2,-99,121,2.3,F,-99,-99,
2011,4,1,1,1,4,1,C,AMCA2,-99,128,3.2,F,-99,-99,
2011,4,1,1,1,4,1,C,AMCA2,-99,139,5.2,F,-99,-99,
2011,4,1,1,1,4,1,C,AMCA2,-99,139,6.7,F,-99,-99,
2011,4,1,1,1,4,1,C,AMCA2,-99,182,6.5,F,-99,-99,
2011,4,1,1,1,4,1,C,AMCA2,-99,192,7.4,F,-99,-99,
2011,4,1,1,1,4,1,D,KOVI,-99,60,1.4,N,-99,-99,
2011,4,1,1,1,4,1,D,AMCA2,-99,82,3.3,N,-99,-99,
2011,4,1,1,1,4,1,D,AMCA2,-99,102,4.4,N,-99,-99,
2011,4,1,1,1,4,1,D,AMCA2,-99,107,6.3,N,-99,-99,
2011,4,1,1,1,4,1,D,AMCA2,-99,111,2.5,F,-99,-99,
2011,4,1,1,1,4,1,E,KOVI,-99,177,7.3,F,-99,-99,
2011,4,1,1,1,4,1,E,AMCA2,-99,140,11.4,F,-99,-99,
2011,4,1,1,1,4,1,E,AMCA2,-99,152,4.2,F,-99,-99,
2011,4,1,1,1,4,1,E,AMCA2,-99,155,5.3,F,-99,-99,
2011,4,1,1,1,4,1,E,AMCA2,-99,157,5.8,F,-99,-99,
2011,4,1,1,1,4,1,E,AMCA2,-99,176,6.8,F,-99,-99,
2011,4,1,1,1,4,1,E,AMCA2,-99,216,11.2,F,-99,-99,
2011,4,1,1,1,4,2,A,KOVI,-99,162,8.7,F,-99,-99,
2011,4,1,1,1,4,2,A,AMCA2,-99,82,2.1,N,-99,-99,
2011,4,1,1,1,4,2,A,AMCA2,-99,90,1.9,N,-99,-99,
2011,4,1,1,1,4,2,A,AMCA2,-99,92,6.3,F,-99,-99,
2011,4,1,1,1,4,2,A,AMCA2,-99,106,4.6,F,-99,-99,
2011,4,1,1,1,4,2,A,AMCA2,-99,121,2,F,-99,-99,
2011,4,1,1,1,4,2,A,AMCA2,-99,145,3.9,F,-99,-99,
2011,4,1,1,1,4,2,A,AMCA2,-99,162,6.5,F,-99,-99,
2011,4,1,1,1,4,2,B,KOVI,-99,208,10,F,-99,-99,
2011,4,1,1,1,4,2,B,AMCA2,-99,82,1.9,F,-99,-99,
2011,4,1,1,1,4,2,B,AMCA2,-99,90,3.1,N,-99,-99,
2011,4,1,1,1,4,2,B,AMCA2,-99,104,3.8,N,-99,-99,
2011,4,1,1,1,4,2,B,AMCA2,-99,112,3.1,F,-99,-99,
2011,4,1,1,1,4,2,B,AMCA2,-99,150,5.4,N,-99,-99,
2011,4,1,1,1,4,2,B,AMCA2,-99,180,5.3,F,-99,-99,
2011,4,1,1,1,4,2,C,AMCA2,-99,116,2.8,F,-99,-99,
2011,4,1,1,1,4,2,C,AMCA2,-99,120,3.7,F,-99,-99,
2011,4,1,1,1,4,2,C,AMCA2,-99,132,4.2,F,-99,-99,
2011,4,1,1,1,4,2,C,AMCA2,-99,142,6.1,N,-99,-99,
2011,4,1,1,1,4,2,C,AMCA2,-99,176,8.9,F,-99,-99,
2011,4,1,1,1,4,2,C,AMCA2,-99,182,6.6,F,-99,-99,
2011,4,1,1,1,4,2,C,AMCA2,-99,243,11.8,F,-99,-99,
2011,4,1,1,1,4,2,D,KOVI,-99,165,7.5,F,-99,-99,
2011,4,1,1,1,4,2,D,AMCA2,-99,184,8.7,F,-99,-99,
2011,4,1,1,1,4,2,D,AMCA2,-99,271,16.3,F,-99,-99,
2011,4,1,1,1,4,2,E,KOVI,-99,183,10.3,F,-99,-99,
2011,4,1,1,1,4,2,E,AMCA2,-99,182,14.1,F,-99,-99,
2011,4,1,1,1,4,2,E,AMCA2,-99,184,13.1,F,-99,-99,
2011,4,1,1,1,4,2,E,AMCA2,-99,188,14.9,F,-99,-99,
2011,4,1,1,1,4,2,E,AMCA2,-99,240,11.6,F,-99,-99,
2011,4,1,1,1,4,3,A,SOSE,-99,180,5.3,N,-99,-99,
2011,4,1,1,1,4,3,A,SOSE,-99,82,2.3,N,-99,-99,
2011,4,1,1,1,4,3,A,AMCA2,-99,106,3,N,-99,-99,
2011,4,1,1,1,4,3,A,AMCA2,-99,110,5.2,F,-99,-99,
2011,4,1,1,1,4,3,A,AMCA2,-99,152,6.1,F,-99,-99,
2011,4,1,1,1,4,3,A,AMCA2,-99,203,6.3,F,-99,-99,
2011,4,1,1,1,4,3,A,AMCA2,-99,211,7.1,F,-99,-99,
2011,4,1,1,1,4,3,B,AMCA2,-99,122,3.7,F,-99,-99,
2011,4,1,1,1,4,3,B,AMCA2,-99,122,3.5,N,-99,-99,
2011,4,1,1,1,4,3,B,AMCA2,-99,125,3.2,F,-99,-99,
2011,4,1,1,1,4,3,B,AMCA2,-99,139,2.8,F,-99,-99,
2011,4,1,1,1,4,3,B,AMCA2,-99,159,6.4,F,-99,-99,
2011,4,1,1,1,4,3,B,AMCA2,-99,170,4.4,F,-99,-99,
2011,4,1,1,1,4,3,B,AMCA2,-99,171,6,F,-99,1,
2011,4,1,1,1,4,3,B,AMCA2,-99,171,5.1,F,-99,-99,
2011,4,1,1,1,4,3,C,AMCA2,-99,110,6.7,F,-99,-99,
2011,4,1,1,1,4,3,C,AMCA2,-99,130,6.8,F,-99,-99,
2011,4,1,1,1,4,3,C,AMCA2,-99,132,5.8,F,-99,-99,
2011,4,1,1,1,4,3,C,AMCA2,-99,151,7.4,F,-99,-99,
2011,4,1,1,1,4,3,D,AMCA2,-99,72,3.2,N,-99,-99,
2011,4,1,1,1,4,3,E,AMCA2,-99,108,4.3,F,-99,-99,
2011,4,1,1,1,4,4,A,CUSCU,-99,-99,-99,N,-99,-99,
2011,4,1,1,1,4,4,A,AMCA2,-99,133,5.6,N,-99,-99,
2011,4,1,1,1,4,4,A,AMCA2,-99,160,5.3,F,-99,-99,
2011,4,1,1,1,4,4,A,AMCA2,-99,178,8.8,N,-99,-99,
2011,4,1,1,1,4,4,A,AMCA2,-99,191,7.3,N,-99,-99,
2011,4,1,1,1,4,4,A,AMCA2,-99,192,7.3,F,-99,-99,
2011,4,1,1,1,4,4,A,AMCA2,-99,197,7.2,F,-99,-99,
2011,4,1,1,1,4,4,A,ATPA4,-99,136,2.2,N,-99,-99,
2011,4,1,1,1,4,4,A,AMCA2,-99,243,14.6,F,-99,-99,
2011,4,1,1,1,4,4,A,ATPA4,-99,165,2.7,F,-99,-99,
2011,4,1,1,1,4,4,B,KOVI,-99,124,4.1,N,-99,-99,
2011,4,1,1,1,4,4,B,KOVI,-99,112,3.4,N,-99,-99,
2011,4,1,1,1,4,4,B,KOVI,-99,72,1.1,N,-99,-99,
2011,4,1,1,1,4,4,B,AMCA2,-99,88,2.7,N,-99,-99,
2011,4,1,1,1,4,4,B,AMCA2,-99,107,2.7,N,-99,-99,
2011,4,1,1,1,4,4,B,AMCA2,-99,114,3.7,N,-99,-99,
2011,4,1,1,1,4,4,B,AMCA2,-99,121,4.8,F,-99,-99,
2011,4,1,1,1,4,4,B,AMCA2,-99,122,3.7,F,-99,-99,
2011,4,1,1,1,4,4,B,AMCA2,-99,132,1.6,F,-99,-99,
2011,4,1,1,1,4,4,B,AMCA2,-99,133,3.2,F,-99,-99,
2011,4,1,1,1,4,4,B,AMCA2,-99,154,3.6,F,-99,-99,
2011,4,1,1,1,4,4,B,AMCA2,-99,160,4.9,F,-99,-99,
2011,4,1,1,1,4,4,B,AMCA2,-99,190,6.5,F,-99,-99,
2011,4,1,1,1,4,4,B,AMCA2,-99,196,4.8,F,-99,-99,
2011,4,1,1,1,4,4,C,SOSE,-99,160,6.6,N,-99,-99,
2011,4,1,1,1,4,4,C,SOSE,-99,170,6.8,N,-99,-99,
2011,4,1,1,1,4,4,C,SOSE,-99,180,7.8,N,-99,-99,
2011,4,1,1,1,4,4,C,AMCA2,-99,82,2.1,F,-99,-99,
2011,4,1,1,1,4,4,C,AMCA2,-99,163,4.9,F,-99,-99,
2011,4,1,1,1,4,4,C,AMCA2,-99,253,12.6,F,-99,-99,
2011,4,1,1,1,4,4,D,SOSE,-99,110,5.6,N,-99,-99,
2011,4,1,1,1,4,4,D,SOSE,-99,129,4.8,N,-99,-99,
2011,4,1,1,1,4,4,D,SOSE,-99,79,6,N,-99,-99,
2011,4,1,1,1,4,4,D,CUSCU,-99,-99,-99,N,-99,-99,
2011,4,1,1,1,4,4,D,AMCA2,-99,76,1.6,F,-99,-99,
2011,4,1,1,1,4,4,D,AMCA2,-99,82,4.4,N,-99,-99,
2011,4,1,1,1,4,4,D,AMCA2,-99,109,4.9,F,-99,-99,
2011,4,1,1,1,4,4,D,AMCA2,-99,122,7.7,N,-99,-99,
2011,4,1,1,1,4,4,D,AMCA2,-99,130,8.8,N,-99,-99,
2011,4,1,1,1,4,4,D,AMCA2,-99,152,7.8,F,-99,-99,
2011,4,1,1,1,4,4,E,LIMON,-99,-99,-99,N,-99,-99,
2011,4,1,1,1,4,4,E,AMCA2,-99,108,4.6,F,-99,-99,
2011,4,1,1,1,4,5,A,LIMON,-99,-99,-99,N,-99,-99,
2011,4,1,1,1,4,5,A,CUSCU,-99,-99,-99,N,-99,-99,
2011,4,1,1,1,4,5,A,CUSCU,-99,-99,-99,N,-99,-99,
2011,4,1,1,1,4,5,A,AMCA2,-99,112,4,N,-99,-99,
2011,4,1,1,1,4,5,A,AMCA2,-99,114,3.9,F,-99,-99,
2011,4,1,1,1,4,5,A,AMCA2,-99,178,6.6,F,-99,-99,
2011,4,1,1,1,4,5,B,AMCA2,-99,120,3.8,F,-99,1,
2011,4,1,1,1,4,5,B,AMCA2,-99,138,6.7,F,-99,-99,
2011,4,1,1,1,4,5,B,AMCA2,-99,182,7.6,F,-99,1,
2011,4,1,1,1,4,5,B,AMCA2,-99,191,7.4,N,-99,-99,
2011,4,1,1,1,4,5,B,AMCA2,-99,195,9.9,F,-99,-99,
2011,4,1,1,1,4,5,B,AMCA2,-99,216,7.3,F,-99,-99,
2011,4,1,1,1,4,5,B,AMCA2,-99,220,9.4,F,-99,-99,
2011,4,1,1,1,4,5,C,AMCA2,-99,179,7.2,F,-99,-99,
2011,4,1,1,1,4,5,C,AMCA2,-99,189,8.9,F,-99,-99,
2011,4,1,1,1,4,5,C,AMCA2,-99,209,9.4,F,-99,-99,
2011,4,1,1,1,4,5,C,AMCA2,-99,249,12.8,F,-99,-99,
2011,4,1,1,1,4,5,D,AMCA2,-99,70,6.9,N,-99,-99,
2011,4,1,1,1,4,5,D,AMCA2,-99,77,2.6,F,-99,-99,
2011,4,1,1,1,4,5,D,AMCA2,-99,122,7.3,F,-99,-99,
2011,4,1,1,1,4,5,E,AMCA2,-99,72,2.9,N,-99,-99,
2011,4,1,1,1,4,5,E,AMCA2,-99,101,3.8,F,-99,-99,
2011,4,1,1,1,4,5,E,AMCA2,-99,108,4.2,F,-99,-99,
2011,4,1,1,1,4,5,E,AMCA2,-99,111,6.2,F,-99,-99,
2011,4,1,1,1,4,5,E,AMCA2,-99,137,4.2,F,-99,-99,
2011,4,1,1,1,4,6,A,AMCA2,-99,60,2.3,N,-99,-99,
2011,4,1,1,1,4,6,A,LIMON,-99,-99,-99,N,-99,-99,
2011,4,1,1,1,4,6,B,LIMON,-99,-99,-99,N,-99,-99,
2011,4,1,1,1,4,6,B,AMCA2,-99,158,9.1,F,-99,-99,
2011,4,1,1,1,4,6,B,AMCA2,-99,180,10.9,F,-99,-99,
2011,4,1,1,1,4,6,D,AMCA2,-99,121,8.5,F,-99,-99,
2011,4,1,1,1,4,6,E,AMCA2,-99,72,4.7,F,-99,-99,
2011,4,1,1,1,4,6,E,AMCA2,-99,80,3.8,F,-99,-99,
2011,4,1,1,1,4,6,E,AMCA2,-99,82,3.7,F,-99,-99,
2011,4,1,1,1,4,7,A,AMCA2,-99,110,8,N,-99,-99,
2011,4,1,1,1,4,7,D,AMCA2,-99,118,4.7,F,-99,-99,
2011,4,1,1,1,4,7,D,AMCA2,-99,132,6.2,F,-99,-99,
2011,4,1,1,1,4,7,E,AMCA2,-99,62,1.2,N,-99,-99,
2011,4,1,1,1,4,7,E,AMCA2,-99,99,4.8,N,-99,-99,
2011,4,1,1,1,4,8,D,KOVI,-99,85,3.7,N,-99,-99,
2011,4,1,1,1,4,8,D,SOSE,-99,82,3.4,N,-99,-99,
2011,4,1,1,1,4,8,E,ATPA4,-99,72,1.7,N,-99,-99,
2011,4,1,1,1,4,9,A,AMCA2,-99,255,11.6,F,-99,-99,
2011,4,1,1,1,4,9,C,KOVI,-99,112,7.6,F,-99,-99,
2011,4,1,1,1,4,9,C,ATPA4,-99,100,2.7,N,-99,-99,
2011,4,1,1,1,4,9,D,AMCA2,-99,101,4.1,N,-99,-99,
2011,4,1,1,1,4,9,D,AMCA2,-99,122,9.2,N,-99,-99,
2011,4,1,1,1,4,9,E,AMCA2,-99,108,8.1,N,-99,-99,
2011,4,1,1,1,4,10,A,AMCA2,-99,109,5.2,F,-99,-99,
2011,4,1,1,1,4,10,A,AMCA2,-99,223,15.5,F,-99,-99,
2011,4,1,1,1,4,10,E,SOSE,-99,130,8.5,N,-99,-99,
2011,4,1,1,1,4,10,E,POHY,-99,110,3.4,F,-99,-99,
2011,5,1,1,0,3,1,A,ATPA4,-99,60,0.5,N,-99,-99,
2011,5,1,1,0,3,1,A,ATPA4,-99,63,0.8,N,-99,-99,
2011,5,1,1,0,3,1,A,POHY,-99,45,0.3,N,-99,-99,
2011,5,1,1,0,3,1,D,AMCA2,-99,93,2.2,N,-99,-99,
2011,5,1,1,0,3,3,A,LIMON,-99,121,3.1,N,-99,-99,
2011,5,1,1,0,3,3,A,AMCA2,-99,80,1.9,N,-99,-99,
2011,5,1,1,0,3,3,A,POHY,-99,67,1.6,N,-99,-99,
2011,5,1,1,0,3,3,B,POHY,-99,66,1.1,N,-99,-99,
2011,5,1,1,0,3,3,C,ATPA4,-99,65,0.6,N,-99,-99,
2011,5,1,1,0,3,3,C,ATPA4,-99,120,3.4,N,-99,-99,
2011,5,1,1,0,3,4,A,AMCA2,-99,132,6.7,F,-99,-99,
2011,5,1,1,0,3,4,B,POHY,-99,96,2,N,-99,-99,
2011,5,1,1,0,3,4,B,POHY,-99,87,3.5,N,-99,-99,
2011,5,1,1,0,3,4,B,AMCA2,-99,159,4.8,F,-99,-99,
2011,5,1,1,0,3,4,C,LIMON,-99,158,4.8,N,-99,-99,
2011,5,1,1,0,3,4,C,AMCA2,-99,127,6.2,N,-99,-99,
2011,5,1,1,0,3,4,C,ATPA4,-99,130,1.8,N,-99,-99,
2011,5,1,1,0,3,5,C,AMCA2,-99,159,10.9,F,-99,1,
2011,5,1,1,0,3,5,E,AMCA2,-99,88,5,F,-99,-99,
2011,5,1,1,0,3,6,A,KOVI,-99,86,2.7,N,-99,-99,
2011,5,1,1,0,3,6,B,ATPA4,-99,87,1.1,N,-99,-99,
2011,5,1,1,0,3,6,B,AMCA2,-99,141,2.7,F,-99,-99,
2011,5,1,1,0,3,6,C,KOVI,-99,60,1,N,-99,-99,
2011,5,1,1,0,3,6,C,AMCA2,-99,159,9.4,F,-99,-99,
2011,5,1,1,0,3,6,D,AMCA2,-99,55,0.6,N,-99,-99,
2011,5,1,1,0,3,7,A,AMCA2,-99,85,1.8,F,-99,-99,
2011,5,1,1,0,3,7,A,AMCA2,-99,100,1.9,F,-99,-99,
2011,5,1,1,0,3,7,B,AMCA2,-99,147,4.9,F,-99,-99,
2011,5,1,1,0,3,7,B,AMCA2,-99,151,4.9,F,-99,-99,
2011,5,1,1,0,3,7,C,AMCA2,-99,125,1.6,F,-99,-99,
2011,5,1,1,0,3,7,D,AMCA2,-99,70,1.4,N,-99,-99,
2011,5,1,1,0,3,7,D,AMCA2,-99,91,3.2,F,-99,-99,
2011,5,1,1,0,3,8,A,ATPA4,-99,70,1.6,N,-99,-99,
2011,5,1,1,0,3,8,B,KOVI,-99,72,1.7,N,-99,-99,
2011,5,1,1,0,3,8,B,AMCA2,-99,147,6.5,F,-99,-99,
2011,5,1,1,0,3,8,B,AMCA2,-99,150,6.4,F,-99,-99,
2011,5,1,1,0,3,8,C,KOVI,-99,87,2.6,N,-99,-99,
2011,5,1,1,0,3,8,D,POHY,-99,92,1.6,N,-99,-99,
2011,5,1,1,0,3,8,E,POHY,-99,77,1.9,N,-99,-99,
2011,5,1,1,0,3,9,A,AMCA2,-99,62,0.4,F,-99,-99,
2011,5,1,1,0,3,9,B,AMCA2,-99,70,6.6,F,-99,-99,
2011,5,1,1,0,3,9,B,AMCA2,-99,80,2.6,F,-99,-99,
2011,5,1,1,0,3,9,C,AMCA2,-99,106,2.5,N,-99,-99,
2011,5,1,1,0,3,9,C,AMCA2,-99,141,2.8,F,-99,-99,
2011,5,1,1,0,3,9,D,LIMON,-99,-99,-99,N,-99,-99,
2011,5,1,1,0,3,9,E,KOVI,-99,115,6.1,F,-99,-99,
2011,5,1,1,0,3,9,E,AMCA2,-99,97,2,F,-99,-99,
2011,5,1,1,0,3,9,E,AMCA2,-99,118,3.1,F,-99,-99,
2011,5,1,1,0,3,9,E,AMCA2,-99,127,2.9,F,-99,-99,
2011,5,1,1,0,3,9,E,AMCA2,-99,150,5.9,F,-99,-99,
2011,5,1,1,0,3,10,B,AMCA2,-99,154,9.8,N,-99,-99,
2011,5,1,1,0,3,10,C,AMCA2,-99,60,4.4,N,-99,-99,
2011,5,1,1,0,3,10,C,POHY,-99,85,1.4,F,-99,-99,
2011,5,1,1,0,3,10,E,KOVI,-99,145,6.7,F,-99,-99,
2011,5,1,1,0,3,10,E,KOVI,-99,105,5.4,F,-99,-99,
2011,5,1,1,0,3,10,E,AMCA2,-99,90,2.3,N,-99,-99,
2011,5,1,1,0,3,10,E,AMCA2,-99,110,2.3,N,-99,-99,
2011,5,1,1,0,3,10,E,AMCA2,-99,115,2.5,F,-99,-99,
2011,5,1,1,0,3,10,E,AMCA2,-99,118,3.3,F,-99,-99,
2011,5,1,1,0,3,10,E,AMCA2,-99,120,3.8,F,-99,-99,
2011,5,1,1,0,3,10,E,AMCA2,-99,122,1.1,F,-99,-99,
2011,6,1,0,1,2,1,A,IVFR,-99,51,1.9,N,-99,-99,
2011,6,1,0,1,2,1,A,AMCA2,-99,156,14.9,F,-99,-99,
2011,6,1,0,1,2,1,A,AMCA2,-99,159,5.6,F,-99,-99,
2011,6,1,0,1,2,1,C,IVFR,-99,94,2.1,N,-99,-99,
2011,6,1,0,1,2,1,D,AMCA2,-99,125,6.4,N,-99,-99,
2011,6,1,0,1,2,1,D,AMCA2,-99,176,16.3,F,-99,-99,
2011,6,1,0,1,2,2,A,KOVI,-99,58,1.3,N,-99,-99,
2011,6,1,0,1,2,2,A,AMCA2,-99,128,5.2,F,-99,-99,
2011,6,1,0,1,2,2,A,AMCA2,-99,140,7,F,-99,-99,
2011,6,1,0,1,2,2,B,KOVI,-99,108,2.8,N,-99,-99,
2011,6,1,0,1,2,2,C,KOVI,-99,107,2.5,N,-99,-99,
2011,6,1,0,1,2,2,D,AMCA2,-99,65,3.1,N,-99,-99,
2011,6,1,0,1,2,2,E,IVFR,-99,83,2.8,N,-99,-99,
2011,6,1,0,1,2,2,E,AMCA2,-99,185,15.4,F,-99,-99,
2011,6,1,0,1,2,3,A,AMCA2,-99,210,8.1,F,-99,-99,
2011,6,1,0,1,2,3,A,AMCA2,-99,212,12.9,F,-99,-99,
2011,6,1,0,1,2,3,A,AMCA2,-99,250,10.2,F,-99,-99,
2011,6,1,0,1,2,3,B,KOVI,-99,60,1,N,-99,-99,
2011,6,1,0,1,2,3,B,POHY,-99,88,2.4,F,-99,-99,
2011,6,1,0,1,2,3,B,POHY,-99,57,1.1,F,-99,-99,
2011,6,1,0,1,2,3,C,AMCA2,-99,126,6,N,-99,-99,
2011,6,1,0,1,2,3,C,ATPA4,-99,125,2.1,F,-99,-99,
2011,6,1,0,1,2,3,D,AMCA2,-99,175,11.2,F,-99,-99,
2011,6,1,0,1,2,3,E,IVFR,-99,30,-99,N,-99,-99,
2011,6,1,0,1,2,3,E,IVFR,-99,35,-99,N,-99,-99,
2011,6,1,0,1,2,4,A,AMCA2,-99,112,5.4,N,-99,-99,
2011,6,1,0,1,2,4,B,AMCA2,-99,60,1.4,N,-99,-99,
2011,6,1,0,1,2,4,B,AMCA2,-99,131,4.4,N,-99,-99,
2011,6,1,0,1,2,4,B,AMCA2,-99,175,9.6,F,-99,-99,
2011,6,1,0,1,2,5,A,IVFR,-99,35,1,N,-99,-99,
2011,6,1,0,1,2,5,C,AMCA2,-99,130,2.9,F,-99,-99,
2011,6,1,0,1,2,6,A,AMCA2,-99,141,7.6,F,-99,-99,
2011,6,1,0,1,2,6,B,AMCA2,-99,133,3.9,F,-99,-99,
2011,6,1,0,1,2,6,B,AMCA2,-99,142,2.7,F,-99,-99,
2011,6,1,0,1,2,6,E,IVFR,-99,60,4.9,N,-99,-99,
2011,6,1,0,1,2,6,E,AMCA2,-99,75,4.2,N,-99,-99,
2011,6,1,0,1,2,6,E,ATPA4,-99,70,2,N,-99,-99,
2011,6,1,0,1,2,6,E,AMCA2,-99,150,14,N,-99,-99,
2011,6,1,0,1,2,7,A,ATPA4,-99,30,-99,N,-99,-99,
2011,6,1,0,1,2,7,B,AMCA2,-99,125,5,F,-99,-99,
2011,6,1,0,1,2,7,B,AMCA2,-99,216,17,F,-99,-99,
2011,6,1,0,1,2,7,B,ATPA4,-99,140,5.5,F,-99,-99,
2011,6,1,0,1,2,8,D,AMCA2,-99,190,17.8,F,-99,-99,
2011,6,1,0,1,2,8,E,AMCA2,-99,75,5.8,N,-99,-99,
2011,6,1,0,1,2,8,E,AMCA2,-99,200,24.3,F,-99,-99,
2011,6,1,0,1,2,9,A,IVFR,-99,30,-99,N,-99,-99,
2011,6,1,0,1,2,9,A,IVFR,-99,30,-99,N,-99,-99,
2011,6,1,0,1,2,9,A,AMCA2,-99,140,10.8,N,-99,-99,
2011,6,1,0,1,2,9,B,AMCA2,-99,35,-99,N,-99,-99,
2011,6,1,0,1,2,9,B,AMCA2,-99,73,2.3,F,-99,-99,
2011,6,1,0,1,2,9,D,AMCA2,-99,115,18.2,F,-99,-99,
2011,6,1,0,1,2,9,D,AMCA2,-99,145,12,F,-99,-99,
2011,6,1,0,1,2,9,E,ATPA4,-99,25,-99,N,-99,-99,
2011,6,1,0,1,2,10,A,IVFR,-99,40,-99,N,-99,-99,
2011,6,1,0,1,2,10,A,POHY,-99,47,1.4,N,-99,-99,
2011,6,1,0,1,2,10,A,AMCA2,-99,180,11.2,F,-99,-99,
2011,6,1,0,1,2,10,D,KOVI,-99,120,6.9,F,-99,-99,
2011,7,1,1,1,4,1,A,AMCA2,-99,107,8.8,N,-99,-99,
2011,7,1,1,1,4,1,D,KOVI,-99,200,3.8,N,-99,-99,
2011,7,1,1,1,4,3,B,AMCA2,-99,120,4.5,N,-99,-99,
2011,7,1,1,1,4,3,C,AMCA2,-99,224,13.4,N,-99,-99,
2011,7,1,1,1,4,3,E,IVFR,-99,140,5.6,N,-99,-99,
2011,7,1,1,1,4,3,E,IVFR,-99,145,6.7,N,-99,-99,
2011,7,1,1,1,4,4,A,ATPA4,-99,150,2.2,N,-99,-99,
2011,7,1,1,1,4,4,B,AMCA2,-99,201,8.9,F,-99,-99,
2011,7,1,1,1,4,6,A,AMCA2,-99,132,7.4,F,-99,-99,
2011,7,1,1,1,4,6,D,AMCA2,-99,90,7.5,N,-99,-99,
2011,7,1,1,1,4,7,A,AMCA2,-99,85,4.6,F,-99,-99,
2011,7,1,1,1,4,7,B,AMCA2,-99,325,17.9,F,-99,-99,
2011,7,1,1,1,4,8,A,IVFR,-99,35,-99,N,-99,-99,
2011,7,1,1,1,4,8,A,IVFR,-99,23,-99,N,-99,-99,
2011,7,1,1,1,4,8,A,AMCA2,-99,260,27.2,F,-99,-99,
2011,7,1,1,1,4,8,D,KOVI,-99,177,14.9,N,-99,-99,
2011,7,1,1,1,4,9,A,IVFR,-99,85,3.7,N,-99,-99,
2011,7,1,1,1,4,9,A,ATPA4,-99,81,2.1,F,-99,-99,
2011,7,1,1,1,4,9,A,ATPA4,-99,130,3.5,F,-99,-99,
2011,7,1,1,1,4,10,A,IVFR,-99,-99,-99,N,-99,-99,
2011,7,1,1,1,4,10,A,IVFR,-99,-99,-99,N,-99,-99,
2011,7,1,1,1,4,10,D,LIMON,-99,73,2.3,N,-99,-99,
2011,8,1,0,0,1,1,A,ATPA4,-99,37,-99,N,-99,-99,
2011,8,1,0,0,1,1,A,ATPA4,-99,79,2.2,N,-99,-99,
2011,8,1,0,0,1,1,A,ATPA4,-99,100,2.4,N,-99,-99,
2011,8,1,0,0,1,1,A,AMCA2,-99,170,10,N,-99,-99,
2011,8,1,0,0,1,1,B,POHY,-99,85,1.4,N,-99,-99,
2011,8,1,0,0,1,1,B,ATPA4,-99,122,2.4,N,-99,-99,
2011,8,1,0,0,1,1,C,POHY,-99,85,1.3,N,-99,-99,
2011,8,1,0,0,1,1,D,POHY,-99,55,1.5,N,-99,-99,
2011,8,1,0,0,1,2,A,ATPA4,-99,60,1.7,N,-99,-99,
2011,8,1,0,0,1,2,A,ATPA4,-99,88,2.5,N,-99,-99,
2011,8,1,0,0,1,2,A,ATPA4,-99,90,1.9,N,-99,-99,
2011,8,1,0,0,1,2,B,AMCA2,-99,60,0.7,N,-99,-99,
2011,8,1,0,0,1,3,A,ATPA4,-99,42,0.7,N,-99,-99,
2011,8,1,0,0,1,4,B,ATPA4,-99,71,0.8,N,-99,-99,
2011,8,1,0,0,1,4,C,AMCA2,-99,81,1.8,N,-99,-99,
2011,8,1,0,0,1,5,A,ATPA4,-99,55,1.5,N,-99,-99,
2011,8,1,0,0,1,5,C,IVFR,-99,75,-99,N,-99,-99,
2011,8,1,0,0,1,5,C,ATPA4,-99,80,1.4,N,-99,-99,
2011,8,1,0,0,1,6,A,AMCA2,-99,62,2.3,N,-99,-99,
2011,8,1,0,0,1,6,A,AMCA2,-99,65,1.3,F,-99,-99,
2011,8,1,0,0,1,6,C,KOVI,-99,72,1.3,N,-99,-99,
2011,8,1,0,0,1,6,D,KOVI,-99,45,0.5,N,-99,-99,
2011,8,1,0,0,1,6,E,SOSE,-99,115,6.4,F,-99,-99,
2011,8,1,0,0,1,7,C,AMCA2,-99,65,1.1,N,-99,-99,
2011,8,1,0,0,1,9,A,AMCA2,-99,55,2,F,-99,-99,
2011,8,1,0,0,1,9,A,KOVI,-99,65,1.9,N,-99,-99,
2011,8,1,0,0,1,9,A,POHY,-99,75,2.6,F,-99,-99,
2011,8,1,0,0,1,9,A,AMCA2,-99,140,5.4,N,-99,-99,
2011,8,1,0,0,1,9,B,AMCA2,-99,117,5.8,N,-99,-99,
2011,8,1,0,0,1,9,B,ATPA4,-99,85,1.2,N,-99,-99,
2011,8,1,0,0,1,9,B,POHY,-99,30,-99,N,-99,-99,
2011,8,1,0,0,1,9,B,POHY,-99,20,-99,N,-99,-99,
2011,8,1,0,0,1,9,B,POHY,-99,10,-99,N,-99,-99,
2011,8,1,0,0,1,9,C,AMCA2,-99,60,0.7,N,-99,-99,
2011,8,1,0,0,1,9,C,ATPA4,-99,45,-99,N,-99,-99,
2011,8,1,0,0,1,9,C,AMCA2,-99,121,2.5,F,-99,-99,
2011,8,1,0,0,1,10,B,AMCA2,-99,82,1.4,N,-99,-99,
2011,8,1,0,0,1,10,B,AMCA2,-99,95,4.3,N,-99,-99,
2011,8,1,0,0,1,10,C,AMCA2,-99,86,2.4,N,-99,-99,
2011,9,1,1,1,4,1,A,AMCA2,-99,113,3.4,N,-99,-99,
2011,9,1,1,1,4,1,A,ATPA4,-99,103,2.3,F,-99,-99,
2011,9,1,1,1,4,1,B,POHY,-99,87,1.6,F,-99,-99,
2011,9,1,1,1,4,1,B,ATPA4,-99,59,1.5,N,-99,-99,
2011,9,1,1,1,4,1,B,AMCA2,-99,126,7.6,N,-99,-99,
2011,9,1,1,1,4,1,C,IVFR,-99,59,1.2,N,-99,-99,
2011,9,1,1,1,4,1,C,AMCA2,-99,180,13.7,N,-99,-99,
2011,9,1,1,1,4,1,C,ATPA4,-99,168,2.7,F,-99,-99,
2011,9,1,1,1,4,1,D,AMCA2,-99,220,10.9,N,-99,-99,
2011,9,1,1,1,4,2,A,AMCA2,-99,49,1.1,N,-99,-99,
2011,9,1,1,1,4,2,D,AMCA2,-99,86,3.9,N,-99,-99,
2011,9,1,1,1,4,2,D,AMCA2,-99,140,10,N,-99,1,
2011,9,1,1,1,4,3,A,AMCA2,-99,90,1.8,N,-99,-99,
2011,9,1,1,1,4,3,B,POHY,-99,87,1.3,F,-99,-99,
2011,9,1,1,1,4,3,B,ATPA4,-99,68,0.7,N,-99,-99,
2011,9,1,1,1,4,3,B,POHY,-99,56,0.9,N,-99,-99,
2011,9,1,1,1,4,4,A,POHY,-99,72,1.6,F,-99,-99,
2011,9,1,1,1,4,5,A,POHY,-99,104,2.3,F,-99,-99,
2011,9,1,1,1,4,5,B,ATPA4,-99,32,-99,N,-99,-99,
2011,9,1,1,1,4,6,A,AMCA2,-99,62,1.5,N,-99,-99,
2011,9,1,1,1,4,7,A,POHY,-99,102,2.5,N,-99,-99,
2011,9,1,1,1,4,7,A,KOVI,-99,109,3.7,F,-99,-99,
2011,9,1,1,1,4,7,A,POHY,-99,75,1.5,N,-99,-99,
2011,9,1,1,1,4,7,A,POHY,-99,69,1.6,N,-99,-99,
2011,9,1,1,1,4,7,A,POHY,-99,62,1.5,N,-99,-99,
2011,9,1,1,1,4,7,A,POHY,-99,62,1.4,N,-99,-99,
2011,9,1,1,1,4,7,B,KOVI,-99,82,2.3,N,-99,-99,
2011,9,1,1,1,4,7,B,KOVI,-99,108,2.8,N,-99,-99,
2011,9,1,1,1,4,7,B,KOVI,-99,63,1.1,N,-99,-99,
2011,9,1,1,1,4,7,C,KOVI,-99,62,1.2,N,-99,-99,
2011,9,1,1,1,4,7,E,ATPA4,-99,78,2,N,-99,-99,
2011,9,1,1,1,4,8,A,POHY,-99,88,1.8,N,-99,-99,
2011,9,1,1,1,4,8,A,POHY,-99,77,3,N,-99,-99,
2011,9,1,1,1,4,8,A,AMCA2,-99,73,3.1,N,-99,-99,
2011,9,1,1,1,4,8,B,ATPA4,-99,53,2,N,-99,-99,
2011,9,1,1,1,4,8,B,ATPA4,-99,153,2.9,F,-99,-99,
2011,9,1,1,1,4,8,D,KOVI,-99,132,2.7,N,-99,-99,
2011,9,1,1,1,4,8,D,AMCA2,-99,165,13.8,N,-99,-99,
2011,9,1,1,1,4,8,D,AMCA2,-99,180,12.8,N,-99,-99,
2011,9,1,1,1,4,8,D,AMCA2,-99,262,20.1,N,-99,-99,
2011,9,1,1,1,4,9,B,KOVI,-99,119,4.4,F,-99,-99,
2011,9,1,1,1,4,9,B,AMCA2,-99,310,17.2,N,-99,-99,
2011,9,1,1,1,4,9,C,ATPA4,-99,125,2.7,N,-99,-99,
2011,9,1,1,1,4,9,D,IVFR,-99,-99,-99,N,-99,-99,
2011,9,1,1,1,4,9,D,ATPA4,-99,74,1.4,N,-99,-99,
2011,9,1,1,1,4,10,A,IVFR,-99,-99,-99,N,-99,-99,
2011,9,1,1,1,4,10,A,AMCA2,-99,89,4.1,N,-99,-99,
2011,9,1,1,1,4,10,D,POHY,-99,88,1.9,N,-99,-99,
2011,9,1,1,1,4,10,D,POHY,-99,57,1.5,N,-99,-99,
2011,9,1,1,1,4,10,E,POHY,-99,77,2.8,N,-99,-99,
2011,9,1,1,1,4,10,E,AMCA2,-99,104,5.6,N,-99,-99,
2011,9,1,1,1,4,10,E,AMCA2,-99,112,3.3,F,-99,-99,
2011,10,1,1,0,3,1,A,ATPA4,-99,58,0.9,N,-99,-99,
2011,10,1,1,0,3,1,B,AMCA2,-99,62,1.3,N,-99,-99,
2011,10,1,1,0,3,1,B,AMCA2,-99,95,3.8,F,-99,-99,
2011,10,1,1,0,3,1,C,ATPA4,-99,52,0.6,N,-99,-99,
2011,10,1,1,0,3,1,C,ATPA4,-99,69,1.1,N,-99,-99,
2011,10,1,1,0,3,1,D,ATPA4,-99,64,0.8,N,-99,-99,
2011,10,1,1,0,3,1,D,ATPA4,-99,78,1.5,N,-99,-99,
2011,10,1,1,0,3,1,D,AMCA2,-99,280,18.3,F,-99,-99,
2011,10,1,1,0,3,2,C,POHY,-99,76,1.4,N,-99,-99,
2011,10,1,1,0,3,2,E,AMCA2,-99,62,1.9,F,-99,-99,
2011,10,1,1,0,3,3,B,ATPA4,-99,41,1,N,-99,-99,
2011,10,1,1,0,3,3,E,AMCA2,-99,35,-99,N,-99,-99,
2011,10,1,1,0,3,4,A,AMCA2,-99,47,1.3,N,-99,-99,
2011,10,1,1,0,3,4,A,KOVI,-99,38,-99,N,-99,-99,
2011,10,1,1,0,3,4,A,ATPA4,-99,49,1.5,N,-99,-99,
2011,10,1,1,0,3,4,B,KOVI,-99,53,1.9,N,-99,-99,
2011,10,1,1,0,3,4,B,ATPA4,-99,43,1.7,N,-99,-99,
2011,10,1,1,0,3,4,B,ATPA4,-99,57,1,N,-99,-99,
2011,10,1,1,0,3,4,C,LIMON,-99,44,1.3,N,-99,-99,
2011,10,1,1,0,3,4,C,ATPA4,-99,88,2.1,F,-99,-99,
2011,10,1,1,0,3,5,A,KOVI,-99,22,-99,N,-99,-99,
2011,10,1,1,0,3,5,A,POHY,-99,21,-99,N,-99,-99,
2011,10,1,1,0,3,5,B,POHY,-99,27,-99,N,-99,-99,
2011,10,1,1,0,3,5,B,POHY,-99,21,-99,N,-99,-99,
2011,10,1,1,0,3,5,C,POHY,-99,39,-99,F,-99,-99,
2011,10,1,1,0,3,5,D,IVFR,-99,62,2.8,N,-99,-99,
2011,10,1,1,0,3,5,D,AMCA2,-99,85,1.6,F,-99,-99,
2011,10,1,1,0,3,6,A,IVFR,-99,56,2,N,-99,-99,
2011,10,1,1,0,3,6,A,IVFR,-99,46,1.8,N,-99,-99,
2011,10,1,1,0,3,7,A,AMCA2,-99,52,1.5,F,-99,-99,
2011,10,1,1,0,3,7,A,KOVI,-99,57,1.7,N,-99,-99,
2011,10,1,1,0,3,8,A,POHY,-99,19,-99,N,-99,-99,
2011,10,1,1,0,3,8,B,ATPA4,-99,39,-99,N,-99,-99,
2011,10,1,1,0,3,8,C,ATPA4,-99,64,1.4,N,-99,-99,
2011,10,1,1,0,3,9,A,LIMON,-99,10,-99,N,-99,-99,
2011,10,1,1,0,3,9,B,ATPA4,-99,35,-99,N,-99,-99,
2011,10,1,1,0,3,9,D,ATPA4,-99,62,0.9,N,-99,1,
2011,10,1,1,0,3,9,E,ATPA4,-99,38,-99,N,-99,-99,
2011,10,1,1,0,3,9,E,ATPA4,-99,65,3.8,N,-99,-99,
2011,10,1,1,0,3,9,E,AMCA2,-99,167,10.2,F,-99,-99,
2011,10,1,1,0,3,10,A,KOVI,-99,34,-99,N,-99,-99,
2011,10,1,1,0,3,10,A,LIMON,-99,28,-99,N,-99,-99,
2011,10,1,1,0,3,10,D,AMCA2,-99,64,1.6,F,-99,-99,
2011,10,1,1,0,3,10,E,LIMON,-99,34,-99,N,-99,-99,
2011,10,1,1,0,3,10,E,AMCA2,-99,80,7.6,N,-99,-99,
2011,11,1,0,0,1,1,A,LIMON,-99,54,2.2,N,-99,-99,
2011,11,1,0,0,1,1,B,AMCA2,-99,70,1.8,N,-99,-99,
2011,11,1,0,0,1,1,B,AMCA2,-99,74,2.7,N,-99,-99,
2011,11,1,0,0,1,1,B,ATPA4,-99,67,1.5,N,-99,1,
2011,11,1,0,0,1,1,B,AMCA2,-99,112,7.5,N,-99,-99,
2011,11,1,0,0,1,1,C,AMCA2,-99,89,3.1,F,-99,-99,
2011,11,1,0,0,1,2,A,AMCA2,-99,58,1.7,N,-99,-99,
2011,11,1,0,0,1,2,D,ATPA4,-99,90,1.1,N,-99,1,
2011,11,1,0,0,1,2,E,AMCA2,-99,42,0.2,N,-99,-99,
2011,11,1,0,0,1,3,D,AMCA2,-99,22,-99,N,-99,-99,
2011,11,1,0,0,1,3,D,ATPA4,-99,82,2.2,N,-99,-99,
2011,11,1,0,0,1,3,E,AMCA2,-99,25,-99,N,-99,-99,
2011,11,1,0,0,1,3,E,AMCA2,-99,40,0.7,N,-99,-99,
2011,11,1,0,0,1,4,A,KOVI,-99,35,-99,N,-99,-99,
2011,11,1,0,0,1,4,B,ATPA4,-99,108,4.2,N,-99,-99,
2011,11,1,0,0,1,9,C,KOVI,-99,39,-99,N,-99,-99,
2011,12,1,0,1,2,1,B,POHY,-99,62,1.6,N,-99,-99,
2011,12,1,0,1,2,2,A,POHY,-99,78,2.6,N,-99,-99,
2011,12,1,0,1,2,3,A,AMCA2,-99,74,1.7,N,-99,-99,
2011,12,1,0,1,2,3,A,ATPA4,-99,103,2.3,N,-99,-99,
2011,12,1,0,1,2,3,B,AMCA2,-99,79,2,F,-99,-99,
2011,12,1,0,1,2,3,C,KOVI,-99,137,5.5,F,-99,-99,
2011,12,1,0,1,2,7,A,KOVI,-99,82,5.9,F,-99,-99,
2011,12,1,0,1,2,7,B,AMCA2,-99,81,3.6,F,-99,-99,
2011,12,1,0,1,2,7,E,AMCA2,-99,105,5.1,F,-99,-99,
2011,12,1,0,1,2,8,B,KOVI,-99,35,1.3,N,-99,-99,
2011,12,1,0,1,2,9,B,ATPA4,-99,83,2.4,N,-99,-99,
2011,12,1,0,1,2,9,D,ATPA4,-99,15,-99,N,-99,-99,
2011,12,1,0,1,2,10,C,KOVI,-99,106,2.3,N,-99,-99,
2012,1,1,0,0,1,1,A,AMCA2,-99,24,1.4,N,-99,N,
2012,1,1,0,0,1,1,A,AMCA2,-99,34,1.5,N,-99,N,
2012,1,1,0,0,1,1,B,AMCA2,-99,46,1.5,N,-99,N,
2012,1,1,0,0,1,1,B,AMCA2,-99,53,1.5,N,-99,N,
2012,1,1,0,0,1,1,B,AMCA2,-99,67,3.2,N,-99,N,
2012,1,1,0,0,1,1,C,AMCA2,-99,40,1.7,N,-99,N,
2012,1,1,0,0,1,1,C,AMCA2,-99,47,1.5,N,-99,N,
2012,1,1,0,0,1,1,C,AMCA2,-99,50,1.6,N,-99,N,
2012,1,1,0,0,1,1,C,AMCA2,-99,57,2.2,N,-99,N,
2012,1,1,0,0,1,1,C,AMCA2,-99,65,3,N,-99,N,
2012,1,1,0,0,1,1,D,AMCA2,-99,63,2.4,N,-99,N,
2012,1,1,0,0,1,1,E,AMCA2,-99,61,1.5,N,-99,N,
2012,1,1,0,0,1,1,E,AMCA2,-99,62,1.5,N,-99,N,
2012,1,1,0,0,1,1,E,AMCA2,-99,64,1.5,N,-99,N,
2012,1,1,0,0,1,1,E,AMCA2,-99,64,2.7,N,-99,N,
2012,1,1,0,0,1,1,E,AMCA2,-99,84,3.2,N,-99,N,
2012,1,1,0,0,1,2,A,KOVI,-99,45,2.2,N,-99,N,
2012,1,1,0,0,1,2,A,KOVI,-99,45,2.3,N,-99,N,
2012,1,1,0,0,1,2,A,SOSE,-99,68,3.8,N,-99,N,
2012,1,1,0,0,1,2,B,AMCA2,-99,30,1.3,N,-99,N,
2012,1,1,0,0,1,2,B,SOSE,-99,73,3.9,N,-99,N,
2012,1,1,0,0,1,2,B,IVFR,-99,55,1.1,N,-99,N,
2012,1,1,0,0,1,2,B,IVFR,-99,35,0.8,N,-99,N,
2012,1,1,0,0,1,2,B,ATPA4,-99,53,1.4,N,-99,N,
2012,1,1,0,0,1,2,B,AMCA2,-99,127,6.9,F,-99,N,
2012,1,1,0,0,1,2,C,AMCA2,-99,51,2.1,N,-99,N,
2012,1,1,0,0,1,2,C,ATPA4,-99,78,2,N,-99,N,
2012,1,1,0,0,1,2,E,AMCA2,-99,60,1.5,N,-99,N,
2012,1,1,0,0,1,2,E,AMCA2,-99,61,1,N,-99,N,
2012,1,1,0,0,1,2,E,AMCA2,-99,68,1.8,N,-99,N,
2012,1,1,0,0,1,2,E,AMCA2,-99,68,1.5,N,-99,N,
2012,1,1,0,0,1,2,E,AMCA2,-99,75,2.6,N,-99,N,
2012,1,1,0,0,1,2,E,AMCA2,-99,82,2.9,N,-99,N,
2012,1,1,0,0,1,2,E,AMCA2,-99,82,1.3,N,-99,N,
2012,1,1,0,0,1,2,E,AMCA2,-99,85,2.7,F,-99,N,
2012,1,1,0,0,1,2,E,AMCA2,-99,107,4.5,F,-99,N,
2012,1,1,0,0,1,3,A,SOSE,-99,62,2.6,N,-99,N,
2012,1,1,0,0,1,3,B,AMCA2,-99,34,1.3,N,-99,N,
2012,1,1,0,0,1,3,D,AMCA2,-99,64,1.4,N,-99,N,
2012,1,1,0,0,1,3,D,AMCA2,-99,85,3.2,N,-99,N,
2012,1,1,0,0,1,3,D,AMCA2,-99,95,4.5,N,-99,N,
2012,1,1,0,0,1,3,E,AMCA2,-99,51,2.2,N,-99,N,
2012,1,1,0,0,1,3,E,AMCA2,-99,52,0.9,N,-99,N,
2012,1,1,0,0,1,3,E,AMCA2,-99,61,2.2,N,-99,N,
2012,1,1,0,0,1,3,E,AMCA2,-99,62,1.2,N,-99,N,
2012,1,1,0,0,1,3,E,AMCA2,-99,67,1.5,N,-99,N,
2012,1,1,0,0,1,3,E,LIMON,-99,99,2.9,N,-99,N,
2012,1,1,0,0,1,3,E,AMCA2,-99,73,2,N,-99,N,
2012,1,1,0,0,1,3,E,AMCA2,-99,85,3.6,N,-99,N,
2012,1,1,0,0,1,3,E,AMCA2,-99,93,3.5,N,-99,N,
2012,1,1,0,0,1,3,E,AMCA2,-99,97,4.5,N,-99,N,
2012,1,1,0,0,1,4,A,AMCA2,-99,21,1.2,N,-99,N,
2012,1,1,0,0,1,4,A,AMCA2,-99,25,1.2,N,-99,N,
2012,1,1,0,0,1,4,C,IVFR,-99,77,3.7,N,-99,N,
2012,1,1,0,0,1,4,C,AMCA2,-99,74,2.7,N,-99,N,
2012,1,1,0,0,1,4,C,AMCA2,-99,97,3.5,F,-99,N,
2012,1,1,0,0,1,4,D,AMCA2,-99,118,5.5,F,-99,N,
2012,1,1,0,0,1,4,E,AMCA2,-99,54,1.8,N,-99,N,
2012,1,1,0,0,1,4,E,AMCA2,-99,60,1.8,N,-99,N,
2012,1,1,0,0,1,4,E,KOVI,-99,112,4.9,F,-99,N,
2012,1,1,0,0,1,4,E,KOVI,-99,94,4.8,F,-99,N,
2012,1,1,0,0,1,4,E,AMCA2,-99,100,3.6,F,-99,N,
2012,1,1,0,0,1,5,A,IVFR,-99,35,2.2,N,-99,N,
2012,1,1,0,0,1,5,A,IVFR,-99,31,2.1,N,-99,N,
2012,1,1,0,0,1,5,B,IVFR,-99,57,2.5,N,-99,N,
2012,1,1,0,0,1,5,B,IVFR,-99,30,1,N,-99,N,
2012,1,1,0,0,1,5,C,AMCA2,-99,47,1.1,N,-99,N,
2012,1,1,0,0,1,5,C,SOSE,-99,76,3.8,N,-99,N,
2012,1,1,0,0,1,5,C,AMCA2,-99,72,1.5,F,-99,N,
2012,1,1,0,0,1,5,C,AMCA2,-99,82,4.9,N,-99,N,
2012,1,1,0,0,1,5,C,AMCA2,-99,95,4.1,F,-99,N,
2012,1,1,0,0,1,5,C,AMCA2,-99,118,4.8,F,-99,N,
2012,1,1,0,0,1,5,C,AMCA2,-99,126,7.5,F,-99,N,
2012,1,1,0,0,1,5,D,AMCA2,-99,52,2.9,N,-99,N,
2012,1,1,0,0,1,5,D,AMCA2,-99,52,2.5,N,-99,N,
2012,1,1,0,0,1,5,D,AMCA2,-99,53,2.1,N,-99,N,
2012,1,1,0,0,1,5,D,AMCA2,-99,70,3.6,F,-99,N,
2012,1,1,0,0,1,5,D,AMCA2,-99,91,3.3,F,-99,N,
2012,1,1,0,0,1,5,D,AMCA2,-99,98,2.5,F,-99,N,
2012,1,1,0,0,1,5,E,AMCA2,-99,59,1.4,F,-99,N,
2012,1,1,0,0,1,5,E,AMCA2,-99,60,1.7,F,-99,N,
2012,1,1,0,0,1,5,E,AMCA2,-99,60,1.4,N,-99,N,
2012,1,1,0,0,1,5,E,AMCA2,-99,62,1.8,N,-99,N,
2012,1,1,0,0,1,5,E,AMCA2,-99,62,1.6,N,-99,N,
2012,1,1,0,0,1,5,E,AMCA2,-99,70,2.6,N,-99,N,
2012,1,1,0,0,1,5,E,AMCA2,-99,74,1.8,F,-99,N,
2012,1,1,0,0,1,5,E,AMCA2,-99,75,2.7,F,-99,N,
2012,1,1,0,0,1,5,E,AMCA2,-99,80,2.8,N,-99,N,
2012,1,1,0,0,1,5,E,AMCA2,-99,82,2.2,N,-99,N,
2012,1,1,0,0,1,5,E,AMCA2,-99,92,2.2,F,-99,N,
2012,1,1,0,0,1,5,E,AMCA2,-99,100,4.8,F,-99,N,
2012,1,1,0,0,1,5,E,AMCA2,-99,104,4.9,F,-99,N,
2012,1,1,0,0,1,6,A,IVFR,-99,47,1.6,N,-99,N,
2012,1,1,0,0,1,6,A,IVFR,-99,33,1.1,N,-99,N,
2012,1,1,0,0,1,6,B,SOSE,-99,103,4.3,F,-99,N,
2012,1,1,0,0,1,6,B,SOSE,-99,109,5.5,F,-99,N,
2012,1,1,0,0,1,6,B,SOSE,-99,92,4.5,N,-99,N,
2012,1,1,0,0,1,6,B,SOSE,-99,97,4,F,-99,N,
2012,1,1,0,0,1,6,C,SOSE,-99,78,2.7,N,-99,N,
2012,1,1,0,0,1,6,D,ATPA4,-99,50,1.3,N,-99,N,
2012,1,1,0,0,1,6,E,AMCA2,-99,40,3.5,N,-99,N,
2012,1,1,0,0,1,6,E,AMCA2,-99,63,3,F,-99,N,
2012,1,1,0,0,1,6,E,AMCA2,-99,73,4.3,F,-99,N,
2012,1,1,0,0,1,6,E,AMCA2,-99,74,3.1,F,-99,N,
2012,1,1,0,0,1,6,E,AMCA2,-99,76,3.6,F,-99,N,
2012,1,1,0,0,1,6,E,AMCA2,-99,92,4.7,F,-99,N,
2012,1,1,0,0,1,7,A,POHY,-99,25,0.7,N,-99,N,
2012,1,1,0,0,1,7,A,POHY,-99,20,0.9,N,-99,N,
2012,1,1,0,0,1,7,A,POHY,-99,18,1.1,N,-99,N,
2012,1,1,0,0,1,7,A,POHY,-99,17,1,N,-99,N,
2012,1,1,0,0,1,7,A,POHY,-99,17,1.2,N,-99,N,
2012,1,1,0,0,1,7,A,POHY,-99,17,1,N,-99,N,
2012,1,1,0,0,1,7,B,AMCA2,-99,30,0,N,-99,N,
2012,1,1,0,0,1,7,B,AMCA2,-99,35,0,N,-99,N,
2012,1,1,0,0,1,7,B,AMCA2,-99,35,0,N,-99,N,
2012,1,1,0,0,1,7,B,AMCA2,-99,38,0,N,-99,N,
2012,1,1,0,0,1,7,B,POHY,-99,35,0,N,-99,N,
2012,1,1,0,0,1,7,B,POHY,-99,31,0,N,-99,N,
2012,1,1,0,0,1,7,B,POHY,-99,31,0,N,-99,N,
2012,1,1,0,0,1,7,B,POHY,-99,30,0,N,-99,N,
2012,1,1,0,0,1,7,B,POHY,-99,27,0,N,-99,N,
2012,1,1,0,0,1,7,B,POHY,-99,25,0,N,-99,N,
2012,1,1,0,0,1,7,B,POHY,-99,25,0,N,-99,N,
2012,1,1,0,0,1,7,B,POHY,-99,20,0,N,-99,N,
2012,1,1,0,0,1,7,B,POHY,-99,20,0,N,-99,N,
2012,1,1,0,0,1,7,C,AMCA2,-99,15,0,N,-99,N,
2012,1,1,0,0,1,7,C,AMCA2,-99,15,0,N,-99,N,
2012,1,1,0,0,1,7,C,AMCA2,-99,20,0,N,-99,N,
2012,1,1,0,0,1,7,C,AMCA2,-99,20,0,N,-99,N,
2012,1,1,0,0,1,7,C,AMCA2,-99,25,0,N,-99,N,
2012,1,1,0,0,1,7,C,AMCA2,-99,50,0.9,F,-99,N,
2012,1,1,0,0,1,8,A,AMCA2,-99,25,0,N,-99,N,
2012,1,1,0,0,1,8,A,AMCA2,-99,35,0,F,-99,N,
2012,1,1,0,0,1,8,A,POHY,-99,43,0.7,F,-99,N,
2012,1,1,0,0,1,8,B,AMCA2,-99,30,0.6,N,-99,N,
2012,1,1,0,0,1,8,B,AMCA2,-99,30,0,N,-99,N,
2012,1,1,0,0,1,8,B,AMCA2,-99,35,0,N,-99,N,
2012,1,1,0,0,1,8,B,AMCA2,-99,38,0,N,-99,N,
2012,1,1,0,0,1,8,B,AMCA2,-99,38,0,N,-99,N,
2012,1,1,0,0,1,8,B,AMCA2,-99,38,0,N,-99,N,
2012,1,1,0,0,1,8,B,AMCA2,-99,40,0,N,-99,N,
2012,1,1,0,0,1,8,B,AMCA2,-99,40,0.7,N,-99,N,
2012,1,1,0,0,1,8,D,ATPA4,-99,42,0.8,F,-99,N,
2012,1,1,0,0,1,8,D,POHY,-99,40,1.7,N,-99,N,
2012,1,1,0,0,1,9,A,IVFR,-99,25,1.4,N,-99,N,
2012,1,1,0,0,1,9,A,POHY,-99,55,1.1,N,-99,N,
2012,1,1,0,0,1,9,D,IVFR,-99,41,1.7,N,-99,N,
2012,1,1,0,0,1,9,D,ATPA4,-99,72,5.7,N,-99,N,
2012,1,1,0,0,1,9,E,KOVI,-99,54,3.9,N,-99,N,
2012,1,1,0,0,1,10,A,AMCA2,-99,50,2.5,N,-99,N,
2012,1,1,0,0,1,10,A,KOVI,-99,30,0,N,-99,N,
2012,1,1,0,0,1,10,A,IVFR,-99,25,0,N,-99,N,
2012,1,1,0,0,1,10,A,POHY,-99,30,0,N,-99,N,
2012,1,1,0,0,1,10,B,AMCA2,-99,12,0,N,-99,N,
2012,1,1,0,0,1,10,B,AMCA2,-99,15,0,N,-99,N,
2012,1,1,0,0,1,10,B,AMCA2,-99,15,0,N,-99,N,
2012,1,1,0,0,1,10,B,AMCA2,-99,15,0,N,-99,N,
2012,1,1,0,0,1,10,C,AMCA2,-99,25,0,N,-99,N,
2012,1,1,0,0,1,10,C,KOVI,-99,25,0,N,-99,N,
2012,1,1,0,0,1,10,C,IVFR,-99,80,5.5,N,-99,N,
2012,1,1,0,0,1,10,C,IVFR,-99,83,6.4,N,-99,N,
2012,1,1,0,0,1,10,C,IVFR,-99,95,6,N,-99,N,
2012,1,1,0,0,1,10,C,IVFR,-99,60,4.1,N,-99,N,
2012,1,1,0,0,1,10,C,IVFR,-99,63,3.1,N,-99,N,
2012,2,1,1,0,3,1,A,ATPA4,-99,73,1.5,N,-99,N,
2012,2,1,1,0,3,1,A,ATPA4,-99,90,1.8,N,-99,N,
2012,2,1,1,0,3,1,B,AMCA2,-99,72,0.7,N,-99,N,
2012,2,1,1,0,3,1,B,AMCA2,-99,91,2.7,N,-99,N,
2012,2,1,1,0,3,1,B,ATPA4,-99,97,1.8,N,-99,N,
2012,2,1,1,0,3,1,C,SPCY,-99,164,3.7,N,-99,N,
2012,2,1,1,0,3,1,C,ATPA4,-99,45,0.9,N,-99,N,
2012,2,1,1,0,3,1,D,SPCY,-99,140,4,N,-99,N,
2012,2,1,1,0,3,1,E,IVFR,-99,118,7.4,N,-99,N,
2012,2,1,1,0,3,2,A,AMCA2,-99,40,0.2,N,-99,N,
2012,2,1,1,0,3,2,A,KOVI,-99,96,4.9,F,-99,N,
2012,2,1,1,0,3,2,B,AMCA2,-99,55,0.8,N,-99,N,
2012,2,1,1,0,3,2,B,SPCY,-99,120,3.7,N,-99,N,
2012,2,1,1,0,3,2,B,SPCY,-99,146,5,N,-99,N,
2012,2,1,1,0,3,2,C,SPCY,-99,148,4.9,N,-99,N,
2012,2,1,1,0,3,2,C,POHY,-99,50,0.7,N,-99,N,
2012,2,1,1,0,3,2,E,SPCY,-99,160,4.4,N,-99,N,
2012,2,1,1,0,3,3,B,SOSE,-99,87,6.2,N,-99,N,
2012,2,1,1,0,3,3,B,SPCY,-99,185,5.6,N,-99,N,
2012,2,1,1,0,3,3,E,IVFR,-99,50,3,N,-99,N,
2012,2,1,1,0,3,4,A,SOSE,-99,66,1.9,N,-99,N,
2012,2,1,1,0,3,4,B,SOSE,-99,40,1.1,N,-99,N,
2012,2,1,1,0,3,4,B,IVFR,-99,68,1.1,N,-99,N,
2012,2,1,1,0,3,4,D,SOSE,-99,87,6.4,N,-99,N,
2012,2,1,1,0,3,4,D,SPCY,-99,98,2.3,N,-99,N,
2012,2,1,1,0,3,4,D,AMCA2,-99,72,2.2,N,-99,N,
2012,2,1,1,0,3,5,B,AMCA2,-99,85,1.5,N,-99,N,
2012,2,1,1,0,3,5,D,SPCY,-99,80,1.2,N,-99,N,
2012,2,1,1,0,3,5,E,AMCA2,-99,40,1.6,N,-99,N,
2012,2,1,1,0,3,5,E,LIMON,-99,52,1.4,N,-99,N,
2012,2,1,1,0,3,5,E,ATPA4,-99,56,2.9,N,-99,N,
2012,2,1,1,0,3,5,E,ATPA4,-99,66,2.7,N,-99,N,
2012,2,1,1,0,3,6,A,AMCA2,-99,51,2.2,N,-99,N,
2012,2,1,1,0,3,6,A,AMCA2,-99,53,1.4,N,-99,N,
2012,2,1,1,0,3,6,A,LIMON,-99,62,2.7,N,-99,N,
2012,2,1,1,0,3,6,A,LIMON,-99,55,2.6,N,-99,N,
2012,2,1,1,0,3,6,A,LIMON,-99,45,1.6,N,-99,N,
2012,2,1,1,0,3,6,A,LIMON,-99,45,2.5,N,-99,N,
2012,2,1,1,0,3,6,B,KOVI,-99,55,1.4,N,-99,N,
2012,2,1,1,0,3,6,B,KOVI,-99,65,1.5,N,-99,N,
2012,2,1,1,0,3,6,C,LIMON,-99,50,2.6,N,-99,N,
2012,2,1,1,0,3,6,D,LIMON,-99,47,2.2,N,-99,N,
2012,2,1,1,0,3,6,E,AMCA2,-99,35,0.4,N,-99,N,
2012,2,1,1,0,3,6,E,LIMON,-99,40,1.9,N,-99,N,
2012,2,1,1,0,3,6,E,LIMON,-99,40,1.4,N,-99,N,
2012,2,1,1,0,3,7,A,AMCA2,-99,55,1.1,N,-99,N,
2012,2,1,1,0,3,7,A,AMCA2,-99,56,2.1,N,-99,N,
2012,2,1,1,0,3,7,A,AMCA2,-99,82,3.8,N,-99,N,
2012,2,1,1,0,3,7,B,LIMON,-99,68,2.8,N,-99,N,
2012,2,1,1,0,3,7,B,LIMON,-99,70,2.6,N,-99,N,
2012,2,1,1,0,3,7,D,LIMON,-99,85,2.4,N,-99,N,
2012,2,1,1,0,3,7,D,LIMON,-99,81,2.5,N,-99,N,
2012,2,1,1,0,3,7,E,LIMON,-99,10,0.9,N,-99,N,
2012,2,1,1,0,3,7,E,LIMON,-99,85,2.3,N,-99,N,
2012,2,1,1,0,3,8,A,AMCA2,-99,30,0.6,N,-99,N,
2012,2,1,1,0,3,8,A,AMCA2,-99,40,0.7,N,-99,N,
2012,2,1,1,0,3,8,C,KOVI,-99,90,4.8,N,-99,N,
2012,2,1,1,0,3,8,C,KOVI,-99,52,2.2,N,-99,N,
2012,2,1,1,0,3,8,E,LIMON,-99,40,2.1,N,-99,N,
2012,2,1,1,0,3,9,A,KOVI,-99,144,7.8,F,-99,N,
2012,2,1,1,0,3,9,A,IVFR,-99,50,1.9,N,-99,N,
2012,2,1,1,0,3,9,B,KOVI,-99,45,1.1,N,-99,N,
2012,2,1,1,0,3,10,A,KOVI,-99,56,2.6,N,-99,N,
2012,2,1,1,0,3,10,A,IVFR,-99,60,2.8,N,-99,N,
2012,2,1,1,0,3,10,A,IVFR,-99,50,1.5,N,-99,N,
2012,2,1,1,0,3,10,A,IVFR,-99,54,1.6,N,-99,N,
2012,2,1,1,0,3,10,B,KOVI,-99,129,6.1,F,-99,N,
2012,2,1,1,0,3,10,B,KOVI,-99,96,5.6,N,-99,N,
2012,2,1,1,0,3,10,B,IVFR,-99,80,2.3,N,-99,N,
2012,2,1,1,0,3,10,B,IVFR,-99,50,1.3,N,-99,N,
2012,2,1,1,0,3,10,C,ATPA4,-99,50,0.9,N,-99,N,
2012,3,1,0,1,2,1,D,AMCA2,-99,57,2.1,N,-99,N,
2012,3,1,0,1,2,1,D,AMCA2,-99,67,2.8,N,-99,N,
2012,3,1,0,1,2,1,D,AMCA2,-99,75,2.4,N,-99,N,
2012,3,1,0,1,2,2,D,KOVI,-99,141,8.4,F,-99,N,
2012,3,1,0,1,2,2,E,KOVI,-99,120,7.4,N,-99,N,
2012,3,1,0,1,2,3,B,AMCA2,-99,82,2.3,N,-99,N,
2012,3,1,0,1,2,3,B,AMCA2,-99,110,6,N,-99,N,
2012,3,1,0,1,2,3,C,AMCA2,-99,91,3.8,N,-99,N,
2012,3,1,0,1,2,3,C,AMCA2,-99,131,8.4,N,-99,N,
2012,3,1,0,1,2,3,C,AMCA2,-99,136,6.9,N,-99,N,
2012,3,1,0,1,2,3,D,AMCA2,-99,50,2.4,N,-99,N,
2012,3,1,0,1,2,3,D,AMCA2,-99,56,2,N,-99,N,
2012,3,1,0,1,2,3,D,KOVI,-99,224,13.4,F,-99,N,
2012,3,1,0,1,2,3,D,AMCA2,-99,105,4.4,N,-99,N,
2012,3,1,0,1,2,4,A,AMCA2,-99,72,2.2,N,-99,N,
2012,3,1,0,1,2,4,B,AMCA2,-99,68,2.3,N,-99,N,
2012,3,1,0,1,2,4,B,AMCA2,-99,110,6.7,N,-99,N,
2012,3,1,0,1,2,4,C,AMCA2,-99,82,6.4,N,-99,N,
2012,3,1,0,1,2,4,C,AMCA2,-99,93,3,N,-99,N,
2012,3,1,0,1,2,4,C,AMCA2,-99,105,4.3,N,-99,N,
2012,3,1,0,1,2,4,C,ATPA4,-99,123,2.5,N,-99,N,
2012,3,1,0,1,2,4,C,ATPA4,-99,180,2.5,N,-99,N,
2012,3,1,0,1,2,4,D,AMCA2,-99,85,3.1,N,-99,N,
2012,3,1,0,1,2,4,E,SOSE,-99,100,5.5,N,-99,N,
2012,3,1,0,1,2,4,E,SOSE,-99,90,5.7,N,-99,N,
2012,3,1,0,1,2,4,E,SOSE,-99,89,4.9,N,-99,N,
2012,3,1,0,1,2,4,E,SOSE,-99,91,5.4,N,-99,N,
2012,3,1,0,1,2,5,A,SOSE,-99,122,5.6,N,-99,N,
2012,3,1,0,1,2,5,A,AMCA2,-99,80,5.7,N,-99,C,
2012,3,1,0,1,2,5,A,AMCA2,-99,92,5.6,N,-99,N,
2012,3,1,0,1,2,5,A,AMCA2,-99,124,5.9,N,-99,N,
2012,3,1,0,1,2,5,B,SOSE,-99,40,0,N,-99,N,
2012,3,1,0,1,2,5,C,ATPA4,-99,45,1.8,N,-99,N,
2012,3,1,0,1,2,5,C,ATPA4,-99,140,2.9,N,-99,C,
2012,3,1,0,1,2,5,C,ATPA4,-99,149,2.8,N,-99,N,
2012,3,1,0,1,2,5,C,ATPA4,-99,152,1.9,N,-99,N,
2012,3,1,0,1,2,5,C,ATPA4,-99,153,2.5,N,-99,N,
2012,3,1,0,1,2,5,D,SOSE,-99,101,5.1,N,-99,N,
2012,3,1,0,1,2,5,D,SOSE,-99,57,3.7,N,-99,N,
2012,3,1,0,1,2,5,D,AMCA2,-99,73,5,N,-99,N,
2012,3,1,0,1,2,5,D,AMCA2,-99,73,4.9,N,-99,N,
2012,3,1,0,1,2,5,D,AMCA2,-99,88,5.6,N,-99,N,
2012,3,1,0,1,2,5,D,ATPA4,-99,87,1.5,N,-99,N,
2012,3,1,0,1,2,5,D,ATPA4,-99,119,1.9,N,-99,N,
2012,3,1,0,1,2,5,D,ATPA4,-99,125,1.6,N,-99,N,
2012,3,1,0,1,2,5,D,ATPA4,-99,143,2.4,N,-99,N,
2012,3,1,0,1,2,5,D,ATPA4,-99,147,2.7,N,-99,N,
2012,3,1,0,1,2,5,E,SOSE,-99,97,5.8,N,-99,N,
2012,3,1,0,1,2,5,E,SOSE,-99,91,6.1,N,-99,N,
2012,3,1,0,1,2,5,E,ATPA4,-99,77,1.8,N,-99,N,
2012,3,1,0,1,2,5,E,ATPA4,-99,111,3,N,-99,N,
2012,3,1,0,1,2,6,A,AMCA2,-99,62,3.8,N,-99,N,
2012,3,1,0,1,2,6,A,POHY,-99,40,0,N,-99,N,
2012,3,1,0,1,2,6,B,AMCA2,-99,54,1.8,N,-99,N,
2012,3,1,0,1,2,6,B,SOSE,-99,130,4.5,N,-99,N,
2012,3,1,0,1,2,6,C,AMCA2,-99,87,6.3,N,-99,N,
2012,3,1,0,1,2,6,C,AMCA2,-99,103,6.4,N,-99,N,
2012,3,1,0,1,2,6,C,ATPA4,-99,122,1.9,N,-99,N,
2012,3,1,0,1,2,6,C,ATPA4,-99,163,1.8,N,-99,N,
2012,3,1,0,1,2,6,D,AMCA2,-99,67,3.1,N,-99,N,
2012,3,1,0,1,2,6,D,AMCA2,-99,68,2.8,N,-99,N,
2012,3,1,0,1,2,6,D,AMCA2,-99,112,5.1,F,-99,N,
2012,3,1,0,1,2,6,E,AMCA2,-99,65,4,N,-99,N,
2012,3,1,0,1,2,6,E,AMCA2,-99,89,4.6,N,-99,N,
2012,3,1,0,1,2,6,E,AMCA2,-99,121,8.1,N,-99,N,
2012,3,1,0,1,2,7,A,AMCA2,-99,83,2.3,N,-99,N,
2012,3,1,0,1,2,7,B,ATPA4,-99,37,0,N,-99,N,
2012,3,1,0,1,2,7,B,AMCA2,-99,72,4.5,N,-99,N,
2012,3,1,0,1,2,7,B,AMCA2,-99,79,3.3,N,-99,N,
2012,3,1,0,1,2,7,B,AMCA2,-99,89,4.5,N,-99,N,
2012,3,1,0,1,2,7,B,AMCA2,-99,102,8.6,N,-99,N,
2012,3,1,0,1,2,7,C,AMCA2,-99,38,0,N,-99,N,
2012,3,1,0,1,2,7,C,AMCA2,-99,93,4.6,N,-99,N,
2012,3,1,0,1,2,7,C,AMCA2,-99,148,4.7,N,-99,N,
2012,3,1,0,1,2,7,C,ATPA4,-99,130,1.9,N,-99,N,
2012,3,1,0,1,2,7,C,ATPA4,-99,151,6.9,N,-99,N,
2012,3,1,0,1,2,7,C,ATPA4,-99,155,2.4,N,-99,N,
2012,3,1,0,1,2,7,C,ATPA4,-99,163,1.6,N,-99,N,
2012,3,1,0,1,2,7,D,AMCA2,-99,64,1.7,N,-99,N,
2012,3,1,0,1,2,7,D,AMCA2,-99,77,3.3,N,-99,N,
2012,3,1,0,1,2,8,B,AMCA2,-99,48,1.5,F,-99,N,
2012,3,1,0,1,2,8,B,AMCA2,-99,82,5.6,F,-99,N,
2012,3,1,0,1,2,8,C,AMCA2,-99,55,3,N,-99,N,
2012,3,1,0,1,2,8,C,AMCA2,-99,55,6,N,-99,N,
2012,3,1,0,1,2,8,C,AMCA2,-99,56,1.6,N,-99,N,
2012,3,1,0,1,2,8,C,AMCA2,-99,72,2.4,N,-99,N,
2012,3,1,0,1,2,8,C,AMCA2,-99,80,3.2,N,-99,N,
2012,3,1,0,1,2,8,C,AMCA2,-99,83,3.5,N,-99,N,
2012,3,1,0,1,2,8,C,AMCA2,-99,97,4.8,N,-99,N,
2012,3,1,0,1,2,8,C,AMCA2,-99,107,3.9,N,-99,N,
2012,3,1,0,1,2,8,C,ATPA4,-99,116,1.9,N,-99,N,
2012,3,1,0,1,2,8,D,AMCA2,-99,63,2.9,N,-99,N,
2012,3,1,0,1,2,8,D,AMCA2,-99,78,9.6,N,-99,N,
2012,3,1,0,1,2,8,E,AMCA2,-99,160,9.2,N,-99,N,
2012,3,1,0,1,2,9,A,IVFR,-99,92,0,N,-99,N,
2012,3,1,0,1,2,9,B,AMCA2,-99,60,1.5,N,-99,N,
2012,3,1,0,1,2,9,B,AMCA2,-99,66,1.8,N,-99,N,
2012,3,1,0,1,2,9,B,AMCA2,-99,73,3.6,N,-99,N,
2012,3,1,0,1,2,9,C,AMCA2,-99,63,3.9,N,-99,N,
2012,3,1,0,1,2,9,C,ATPA4,-99,70,1.7,N,-99,N,
2012,3,1,0,1,2,9,D,AMCA2,-99,86,3.3,N,-99,N,
2012,3,1,0,1,2,9,E,AMCA2,-99,147,7.4,F,-99,N,
2012,3,1,0,1,2,9,E,AMCA2,-99,168,9.2,F,-99,N,
2012,3,1,0,1,2,10,A,AMCA2,-99,65,3.7,N,-99,C,
2012,3,1,0,1,2,10,A,AMCA2,-99,68,2.6,N,-99,N,
2012,3,1,0,1,2,10,A,AMCA2,-99,72,3.7,N,-99,N,
2012,3,1,0,1,2,10,B,AMCA2,-99,57,2.5,N,-99,N,
2012,3,1,0,1,2,10,B,AMCA2,-99,60,2.3,N,-99,N,
2012,3,1,0,1,2,10,C,AMCA2,-99,57,2.4,N,-99,N,
2012,3,1,0,1,2,10,C,AMCA2,-99,60,4.3,N,-99,C,
2012,3,1,0,1,2,10,C,AMCA2,-99,70,3.2,N,-99,N,
2012,3,1,0,1,2,10,C,ATPA4,-99,127,3.1,N,-99,N,
2012,3,1,0,1,2,10,D,ATPA4,-99,40,1.4,N,-99,N,
2012,3,1,0,1,2,10,D,AMCA2,-99,74,3.4,N,-99,N,
2012,3,1,0,1,2,10,D,AMCA2,-99,84,4.5,N,-99,N,
2012,3,1,0,1,2,10,D,AMCA2,-99,92,3.8,N,-99,N,
2012,3,1,0,1,2,10,D,AMCA2,-99,107,4.8,F,-99,N,
2012,3,1,0,1,2,10,D,AMCA2,-99,111,4.9,F,-99,N,
2012,3,1,0,1,2,10,D,AMCA2,-99,116,6.7,F,-99,N,
2012,3,1,0,1,2,10,D,AMCA2,-99,117,3.9,F,-99,N,
2012,3,1,0,1,2,10,D,AMCA2,-99,122,7.9,N,-99,N,
2012,3,1,0,1,2,10,D,AMCA2,-99,124,10.2,N,-99,N,
2012,3,1,0,1,2,10,D,AMCA2,-99,124,4.4,F,-99,N,
2012,3,1,0,1,2,10,D,AMCA2,-99,146,13.3,N,-99,N,
2012,3,1,0,1,2,10,E,AMCA2,-99,67,3.6,N,-99,N,
2012,3,1,0,1,2,10,E,AMCA2,-99,75,2.1,N,-99,N,
2012,3,1,0,1,2,10,E,AMCA2,-99,80,3.6,F,-99,N,
2012,3,1,0,1,2,10,E,AMCA2,-99,86,8.2,N,-99,N,
2012,3,1,0,1,2,10,E,AMCA2,-99,97,5.3,N,-99,N,
2012,3,1,0,1,2,10,E,AMCA2,-99,100,6.2,N,-99,N,
2012,3,1,0,1,2,10,E,AMCA2,-99,109,4.7,F,-99,N,
2012,3,1,0,1,2,10,E,AMCA2,-99,114,6.5,F,-99,N,
2012,3,1,0,1,2,10,E,AMCA2,-99,126,6.8,F,-99,N,
2012,4,1,1,1,4,1,A,AMCA2,-99,62,1.8,N,-99,N,
2012,4,1,1,1,4,1,A,AMCA2,-99,65,1.2,N,-99,N,
2012,4,1,1,1,4,1,A,KOVI,-99,221,13.6,F,-99,N,
2012,4,1,1,1,4,1,A,KOVI,-99,97,2.3,N,-99,N,
2012,4,1,1,1,4,1,B,KOVI,-99,157,7.8,F,-99,N,
2012,4,1,1,1,4,1,B,KOVI,-99,191,9.6,F,-99,N,
2012,4,1,1,1,4,1,B,KOVI,-99,173,7,N,-99,N,
2012,4,1,1,1,4,1,B,KOVI,-99,104,2.5,N,-99,N,
2012,4,1,1,1,4,1,C,ATPA4,-99,72,1,N,-99,N,
2012,4,1,1,1,4,1,D,KOVI,-99,211,10.1,F,-99,N,
2012,4,1,1,1,4,1,D,KOVI,-99,158,5.7,F,-99,N,
2012,4,1,1,1,4,1,D,ATPA4,-99,92,1.7,N,-99,N,
2012,4,1,1,1,4,1,E,KOVI,-99,151,8.3,F,-99,N,
2012,4,1,1,1,4,1,E,KOVI,-99,91,4,N,-99,N,
2012,4,1,1,1,4,1,E,KOVI,-99,106,2.1,N,-99,N,
2012,4,1,1,1,4,1,E,ATPA4,-99,152,2.8,N,-99,N,
2012,4,1,1,1,4,2,B,KOVI,-99,148,5.7,F,-99,N,
2012,4,1,1,1,4,2,C,SOSE,-99,182,8.2,F,-99,N,
2012,4,1,1,1,4,2,D,KOVI,-99,175,6.9,F,-99,N,
2012,4,1,1,1,4,2,D,KOVI,-99,215,9.5,F,-99,N,
2012,4,1,1,1,4,2,D,KOVI,-99,176,6.5,F,-99,N,
2012,4,1,1,1,4,2,D,KOVI,-99,197,9.2,F,-99,N,
2012,4,1,1,1,4,2,E,ATPA4,-99,82,1,N,-99,N,
2012,4,1,1,1,4,3,A,KOVI,-99,177,7.5,F,-99,N,
2012,4,1,1,1,4,3,A,KOVI,-99,136,6.6,F,-99,N,
2012,4,1,1,1,4,3,B,SOSE,-99,209,7.9,F,-99,N,
2012,4,1,1,1,4,3,C,SOSE,-99,162,7.4,F,-99,N,
2012,4,1,1,1,4,3,D,SOSE,-99,185,8.6,N,-99,N,
2012,4,1,1,1,4,4,B,KOVI,-99,209,11.1,F,-99,N,
2012,4,1,1,1,4,4,C,SOSE,-99,178,4.3,N,-99,N,
2012,4,1,1,1,4,4,C,SOSE,-99,185,8.1,N,-99,N,
2012,4,1,1,1,4,4,C,SOSE,-99,182,6.7,N,-99,N,
2012,4,1,1,1,4,4,C,SOSE,-99,198,7.8,F,-99,N,
2012,4,1,1,1,4,4,D,SOSE,-99,173,7.2,F,-99,N,
2012,4,1,1,1,4,4,D,SOSE,-99,174,7.6,N,-99,N,
2012,4,1,1,1,4,4,D,SOSE,-99,142,6.5,N,-99,N,
2012,4,1,1,1,4,4,E,SOSE,-99,144,8.4,F,-99,N,
2012,4,1,1,1,4,4,E,SOSE,-99,146,5.4,N,-99,N,
2012,4,1,1,1,4,4,E,SOSE,-99,162,6.7,N,-99,N,
2012,4,1,1,1,4,5,C,KOVI,-99,92,2,N,-99,N,
2012,4,1,1,1,4,5,D,AMCA2,-99,62,1.4,N,-99,N,
2012,4,1,1,1,4,5,D,SOSE,-99,132,5.3,N,-99,N,
2012,4,1,1,1,4,6,B,KOVI,-99,130,5.8,N,-99,N,
2012,4,1,1,1,4,6,B,KOVI,-99,155,9.1,F,-99,N,
2012,4,1,1,1,4,6,B,KOVI,-99,157,9,F,-99,N,
2012,4,1,1,1,4,6,C,SOSE,-99,163,7.7,F,-99,N,
2012,4,1,1,1,4,6,D,AMCA2,-99,52,1.2,N,-99,N,
2012,4,1,1,1,4,6,D,ATPA4,-99,42,0.5,N,-99,N,
2012,4,1,1,1,4,6,D,SOSE,-99,121,7.3,F,-99,N,
2012,4,1,1,1,4,6,D,SOSE,-99,105,5.7,N,-99,N,
2012,4,1,1,1,4,6,D,ATPA4,-99,97,1.5,N,-99,N,
2012,4,1,1,1,4,6,E,AMCA2,-99,83,2.8,F,-99,N,
2012,4,1,1,1,4,6,E,AMCA2,-99,92,2.7,N,-99,N,
2012,4,1,1,1,4,6,E,AMCA2,-99,100,7.9,N,-99,C,
2012,4,1,1,1,4,6,E,ATPA4,-99,91,1,N,-99,N,
2012,4,1,1,1,4,7,A,AMCA2,-99,69,2.6,N,-99,N,
2012,4,1,1,1,4,7,C,SOSE,-99,169,9.7,F,-99,N,
2012,4,1,1,1,4,7,C,SOSE,-99,153,6.5,F,-99,N,
2012,4,1,1,1,4,7,D,SOSE,-99,152,5.9,N,-99,N,
2012,4,1,1,1,4,7,D,ATPA4,-99,112,1.2,N,-99,N,
2012,4,1,1,1,4,7,E,AMCA2,-99,82,1.6,N,-99,N,
2012,4,1,1,1,4,7,E,AMCA2,-99,88,4.9,N,-99,C,
2012,4,1,1,1,4,7,E,AMCA2,-99,96,3.3,F,-99,N,
2012,4,1,1,1,4,7,E,AMCA2,-99,96,3.8,N,-99,N,
2012,4,1,1,1,4,7,E,AMCA2,-99,98,6.2,N,-99,C,
2012,4,1,1,1,4,7,E,AMCA2,-99,117,4.5,N,-99,C,
2012,4,1,1,1,4,7,E,AMCA2,-99,132,4.7,N,-99,C,
2012,4,1,1,1,4,7,E,AMCA2,-99,148,4.6,F,-99,N,
2012,4,1,1,1,4,7,E,AMCA2,-99,152,6,F,-99,N,
2012,4,1,1,1,4,7,E,AMCA2,-99,167,9.9,F,-99,N,
2012,4,1,1,1,4,7,E,ATPA4,-99,144,2.7,N,-99,N,
2012,4,1,1,1,4,8,C,AMCA2,-99,96,5.9,F,-99,N,
2012,4,1,1,1,4,8,C,AMCA2,-99,100,6.7,F,-99,N,
2012,4,1,1,1,4,8,D,AMCA2,-99,74,1.9,N,-99,N,
2012,4,1,1,1,4,8,D,AMCA2,-99,83,2.3,F,-99,N,
2012,4,1,1,1,4,8,E,AMCA2,-99,72,2.2,N,-99,N,
2012,4,1,1,1,4,8,E,ATPA4,-99,72,1,N,-99,N,
2012,4,1,1,1,4,8,E,AMCA2,-99,92,3.8,N,-99,N,
2012,4,1,1,1,4,8,E,AMCA2,-99,112,7.5,N,-99,N,
2012,4,1,1,1,4,8,E,AMCA2,-99,164,14.7,F,-99,N,
2012,4,1,1,1,4,9,C,KOVI,-99,78,7.3,F,-99,N,
2012,4,1,1,1,4,9,C,SOSE,-99,84,6.6,F,-99,N,
2012,4,1,1,1,4,9,C,SOSE,-99,176,6.2,F,-99,N,
2012,4,1,1,1,4,9,D,KOVI,-99,178,13.3,F,-99,N,
2012,4,1,1,1,4,9,D,KOVI,-99,162,12.9,N,-99,N,
2012,4,1,1,1,4,9,D,AMCA2,-99,82,1.7,N,-99,N,
2012,4,1,1,1,4,9,D,ATPA4,-99,81,0.9,N,-99,N,
2012,4,1,1,1,4,10,D,ATPA4,-99,52,1.1,N,-99,N,
2012,4,1,1,1,4,10,D,ATPA4,-99,98,1.8,N,-99,N,
2012,4,1,1,1,4,10,E,AMCA2,-99,142,10.8,N,-99,N,
2012,5,1,1,0,3,1,A,ATPA4,-99,30,0,N,-99,N,
2012,5,1,1,0,3,1,A,ATPA4,-99,55,0.8,N,-99,N,
2012,5,1,1,0,3,1,C,AMCA2,-99,68,2.2,N,-99,N,
2012,5,1,1,0,3,1,E,AMCA2,-99,25,0,N,-99,N,
2012,5,1,1,0,3,2,C,AMCA2,-99,94,0,N,-99,N,
2012,5,1,1,0,3,3,D,AMCA2,-99,70,0,N,-99,N,
2012,5,1,1,0,3,3,E,AMCA2,-99,60,0,N,-99,N,
2012,5,1,1,0,3,3,E,AMCA2,-99,70,0,N,-99,N,
2012,5,1,1,0,3,3,E,AMCA2,-99,110,0,N,-99,N,
2012,5,1,1,0,3,4,A,LIMON,-99,60,1.6,N,-99,N,
2012,5,1,1,0,3,4,A,ATPA4,-99,112,1.6,N,-99,N,
2012,5,1,1,0,3,4,B,AMCA2,-99,170,14.7,F,-99,N,
2012,5,1,1,0,3,4,B,AMCA2,-99,175,8.5,F,-99,N,
2012,5,1,1,0,3,4,C,ATPA4,-99,55,0.8,N,-99,N,
2012,5,1,1,0,3,4,E,AMCA2,-99,55,0,N,-99,N,
2012,5,1,1,0,3,4,E,AMCA2,-99,85,0,F,-99,N,
2012,5,1,1,0,3,5,C,AMCA2,-99,55,1,N,-99,N,
2012,5,1,1,0,3,5,C,AMCA2,-99,65,2.2,F,-99,N,
2012,5,1,1,0,3,6,A,AMCA2,-99,68,1.4,F,-99,N,
2012,5,1,1,0,3,6,A,KOVI,-99,107,3.9,F,-99,N,
2012,5,1,1,0,3,6,A,AMCA2,-99,78,2.4,F,-99,N,
2012,5,1,1,0,3,6,B,AMCA2,-99,70,2,N,-99,N,
2012,5,1,1,0,3,6,B,AMCA2,-99,80,2.6,N,-99,N,
2012,5,1,1,0,3,6,B,AMCA2,-99,90,5.1,N,-99,N,
2012,5,1,1,0,3,6,B,AMCA2,-99,95,4.7,F,-99,N,
2012,5,1,1,0,3,6,B,AMCA2,-99,95,5.4,N,-99,N,
2012,5,1,1,0,3,6,C,AMCA2,-99,60,1.4,F,-99,N,
2012,5,1,1,0,3,7,A,AMCA2,-99,55,1,N,-99,N,
2012,5,1,1,0,3,7,A,AMCA2,-99,70,0.9,F,-99,N,
2012,5,1,1,0,3,7,A,KOVI,-99,78,1.7,N,-99,N,
2012,5,1,1,0,3,7,A,KOVI,-99,79,2.6,N,-99,N,
2012,5,1,1,0,3,7,A,AMCA2,-99,120,5.8,F,-99,N,
2012,5,1,1,0,3,7,A,POHY,-99,35,0,N,-99,N,
2012,5,1,1,0,3,7,B,AMCA2,-99,75,1.2,N,-99,N,
2012,5,1,1,0,3,7,B,AMCA2,-99,85,1.8,N,-99,N,
2012,5,1,1,0,3,7,B,AMCA2,-99,92,2.9,N,-99,N,
2012,5,1,1,0,3,7,B,AMCA2,-99,95,4,N,-99,N,
2012,5,1,1,0,3,7,B,AMCA2,-99,100,3.8,N,-99,N,
2012,5,1,1,0,3,7,B,ATPA4,-99,90,1.6,N,-99,N,
2012,5,1,1,0,3,7,C,AMCA2,-99,60,0.8,N,-99,N,
2012,5,1,1,0,3,7,C,KOVI,-99,125,5,N,-99,N,
2012,5,1,1,0,3,7,C,AMCA2,-99,110,6.5,N,-99,N,
2012,5,1,1,0,3,7,D,AMCA2,-99,80,2.6,N,-99,N,
2012,5,1,1,0,3,7,D,AMCA2,-99,87,2.5,N,-99,N,
2012,5,1,1,0,3,8,A,AMCA2,-99,30,0,N,-99,N,
2012,5,1,1,0,3,8,A,AMCA2,-99,32,0,N,-99,N,
2012,5,1,1,0,3,8,A,AMCA2,-99,38,0,N,-99,N,
2012,5,1,1,0,3,8,A,AMCA2,-99,50,1.1,N,-99,N,
2012,5,1,1,0,3,8,A,AMCA2,-99,68,1.1,N,-99,N,
2012,5,1,1,0,3,8,A,AMCA2,-99,75,2.2,N,-99,N,
2012,5,1,1,0,3,8,A,AMCA2,-99,75,1.4,N,-99,N,
2012,5,1,1,0,3,8,A,#N/A,-99,64,2.3,N,-99,N,
2012,5,1,1,0,3,8,A,AMCA2,-99,80,2.5,N,-99,N,
2012,5,1,1,0,3,8,A,AMCA2,-99,85,2.3,N,-99,N,
2012,5,1,1,0,3,8,B,AMCA2,-99,60,1.5,N,-99,N,
2012,5,1,1,0,3,8,B,AMCA2,-99,63,1.1,N,-99,N,
2012,5,1,1,0,3,8,B,AMCA2,-99,70,1.7,N,-99,N,
2012,5,1,1,0,3,8,B,AMCA2,-99,75,1.4,N,-99,N,
2012,5,1,1,0,3,8,B,AMCA2,-99,84,1.4,F,-99,N,
2012,5,1,1,0,3,8,E,AMCA2,-99,70,2.2,N,-99,N,
2012,5,1,1,0,3,9,A,AMCA2,-99,40,1.1,N,-99,N,
2012,5,1,1,0,3,9,A,AMCA2,-99,55,1.6,N,-99,N,
2012,5,1,1,0,3,9,A,AMCA2,-99,55,1.4,N,-99,N,
2012,5,1,1,0,3,9,A,AMCA2,-99,65,1.4,F,-99,N,
2012,5,1,1,0,3,9,A,KOVI,-99,62,1.9,N,-99,N,
2012,5,1,1,0,3,9,A,ATPA4,-99,88,1.9,N,-99,N,
2012,5,1,1,0,3,9,B,AMCA2,-99,75,2.2,F,-99,N,
2012,5,1,1,0,3,9,B,ATPA4,-99,62,1.3,N,-99,N,
2012,5,1,1,0,3,9,C,AMCA2,-99,65,0.7,N,-99,N,
2012,5,1,1,0,3,9,C,AMCA2,-99,80,2,N,-99,N,
2012,5,1,1,0,3,9,C,AMCA2,-99,80,1.3,N,-99,N,
2012,5,1,1,0,3,9,D,AMCA2,-99,35,0,N,-99,N,
2012,5,1,1,0,3,9,E,KOVI,-99,85,3.4,N,-99,N,
2012,5,1,1,0,3,9,E,KOVI,-99,98,4.7,N,-99,N,
2012,5,1,1,0,3,9,E,AMCA2,-99,80,2.4,N,-99,N,
2012,5,1,1,0,3,10,A,AMCA2,-99,70,2.9,N,-99,N,
2012,5,1,1,0,3,10,A,AMCA2,-99,73,1.7,N,-99,N,
2012,5,1,1,0,3,10,A,ATPA4,-99,113,2.3,N,-99,N,
2012,5,1,1,0,3,10,A,ATPA4,-99,135,2.6,N,-99,N,
2012,5,1,1,0,3,10,B,ATPA4,-99,85,1.5,N,-99,N,
2012,5,1,1,0,3,10,B,ATPA4,-99,90,1.6,N,-99,N,
2012,5,1,1,0,3,10,E,KOVI,-99,155,7.8,N,-99,N,
2012,6,1,0,1,2,1,A,ATPA4,-99,15,0,N,-99,N,
2012,6,1,0,1,2,1,A,ATPA4,-99,20,0,N,-99,N,
2012,6,1,0,1,2,1,A,ATPA4,-99,41,0,N,-99,N,
2012,6,1,0,1,2,1,B,AMCA2,-99,43,0.8,N,-99,N,
2012,6,1,0,1,2,2,A,ATPA4,-99,40,0,N,-99,N,
2012,6,1,0,1,2,2,A,KOVI,-99,120,4.8,N,-99,N,
2012,6,1,0,1,2,2,B,KOVI,-99,184,7.6,N,-99,N,
2012,6,1,0,1,2,2,C,ATPA4,-99,133,1.5,N,-99,N,
2012,6,1,0,1,2,2,C,ATPA4,-99,142,1.7,N,-99,N,
2012,6,1,0,1,2,2,C,ATPA4,-99,180,2,N,-99,N,
2012,6,1,0,1,2,2,E,AMCA2,-99,39,0,N,-99,N,
2012,6,1,0,1,2,3,A,ATPA4,-99,60,7.9,N,-99,N,
2012,6,1,0,1,2,3,A,ATPA4,-99,130,0.9,N,-99,N,
2012,6,1,0,1,2,3,A,ATPA4,-99,172,1.1,N,-99,N,
2012,6,1,0,1,2,3,B,KOVI,-99,180,5.5,N,-99,N,
2012,6,1,0,1,2,3,B,KOVI,-99,90,0.4,N,-99,N,
2012,6,1,0,1,2,3,B,ATPA4,-99,101,1.9,N,-99,N,
2012,6,1,0,1,2,3,B,ATPA4,-99,105,2.7,N,-99,N,
2012,6,1,0,1,2,3,B,ATPA4,-99,127,0,N,-99,N,
2012,6,1,0,1,2,3,C,ATPA4,-99,137,1.3,N,-99,N,
2012,6,1,0,1,2,3,D,ATPA4,-99,131,1.6,N,-99,N,
2012,6,1,0,1,2,4,A,ATPA4,-99,63,0.9,N,-99,N,
2012,6,1,0,1,2,4,A,ATPA4,-99,70,1.3,N,-99,N,
2012,6,1,0,1,2,4,A,ATPA4,-99,110,1.3,N,-99,N,
2012,6,1,0,1,2,4,A,ATPA4,-99,123,1.4,N,-99,N,
2012,6,1,0,1,2,4,B,ATPA4,-99,103,1.9,N,-99,N,
2012,6,1,0,1,2,4,B,ATPA4,-99,111,1.3,N,-99,N,
2012,6,1,0,1,2,4,B,ATPA4,-99,130,2.4,N,-99,N,
2012,6,1,0,1,2,4,B,ATPA4,-99,130,1.6,N,-99,N,
2012,6,1,0,1,2,4,B,ATPA4,-99,208,2.3,N,-99,N,
2012,6,1,0,1,2,5,A,ATPA4,-99,33,0,N,-99,N,
2012,6,1,0,1,2,5,A,AMCA2,-99,70,4.1,N,-99,N,
2012,6,1,0,1,2,5,A,AMCA2,-99,109,4,N,-99,N,
2012,6,1,0,1,2,5,A,ATPA4,-99,92,1.2,N,-99,N,
2012,6,1,0,1,2,5,A,ATPA4,-99,125,1.6,N,-99,N,
2012,6,1,0,1,2,5,C,ATPA4,-99,130,1.3,N,-99,N,
2012,6,1,0,1,2,5,D,ATPA4,-99,39,0,N,-99,N,
2012,6,1,0,1,2,5,D,ATPA4,-99,103,1.5,N,-99,N,
2012,6,1,0,1,2,5,D,ATPA4,-99,110,1.9,N,-99,N,
2012,6,1,0,1,2,5,D,ATPA4,-99,123,3.7,N,-99,N,
2012,6,1,0,1,2,5,D,ATPA4,-99,157,2.6,F,-99,N,
2012,6,1,0,1,2,5,D,ATPA4,-99,170,2.6,F,-99,N,
2012,6,1,0,1,2,5,E,AMCA2,-99,67,2.6,N,-99,C,
2012,6,1,0,1,2,5,E,ATPA4,-99,74,2,N,-99,C,
2012,6,1,0,1,2,5,E,AMCA2,-99,95,6.7,N,-99,C,
2012,6,1,0,1,2,5,E,ATPA4,-99,85,1.6,N,-99,N,
2012,6,1,0,1,2,5,E,ATPA4,-99,119,1.7,N,-99,N,
2012,6,1,0,1,2,5,E,ATPA4,-99,132,2.1,N,-99,N,
2012,6,1,0,1,2,5,E,ATPA4,-99,139,2.9,N,-99,C,
2012,6,1,0,1,2,5,E,ATPA4,-99,140,2.6,N,-99,N,
2012,6,1,0,1,2,5,E,ATPA4,-99,151,3.4,N,-99,N,
2012,6,1,0,1,2,6,A,AMCA2,-99,61,1.5,N,-99,N,
2012,6,1,0,1,2,6,B,ATPA4,-99,182,2.2,N,-99,N,
2012,6,1,0,1,2,6,C,AMCA2,-99,116,10.6,N,-99,N,
2012,6,1,0,1,2,6,C,AMCA2,-99,144,8.9,N,-99,N,
2012,6,1,0,1,2,6,D,AMCA2,-99,60,7,N,-99,C,
2012,6,1,0,1,2,6,D,ATPA4,-99,75,1.7,N,-99,N,
2012,6,1,0,1,2,6,D,AMCA2,-99,116,6.4,N,-99,N,
2012,6,1,0,1,2,6,E,AMCA2,-99,65,3.1,N,-99,N,
2012,6,1,0,1,2,6,E,AMCA2,-99,70,3,N,-99,N,
2012,6,1,0,1,2,6,E,AMCA2,-99,70,3.6,N,-99,C,
2012,6,1,0,1,2,6,E,IVFR,-99,132,6.4,N,-99,N,
2012,6,1,0,1,2,6,E,ATPA4,-99,59,1.4,N,-99,N,
2012,6,1,0,1,2,6,E,ATPA4,-99,59,0.7,N,-99,N,
2012,6,1,0,1,2,6,E,AMCA2,-99,80,3.5,N,-99,N,
2012,6,1,0,1,2,6,E,ATPA4,-99,70,1.2,N,-99,N,
2012,6,1,0,1,2,6,E,ATPA4,-99,72,2.5,N,-99,N,
2012,6,1,0,1,2,6,E,AMCA2,-99,90,4.4,F,-99,N,
2012,6,1,0,1,2,6,E,ATPA4,-99,81,3.3,N,-99,N,
2012,6,1,0,1,2,6,E,ATPA4,-99,89,2.7,N,-99,N,
2012,6,1,0,1,2,6,E,AMCA2,-99,145,9.6,N,-99,N,
2012,6,1,0,1,2,7,A,ATPA4,-99,63,1,N,-99,N,
2012,6,1,0,1,2,7,A,AMCA2,-99,81,2.2,N,-99,N,
2012,6,1,0,1,2,7,A,AMCA2,-99,117,6.6,N,-99,N,
2012,6,1,0,1,2,7,A,ATPA4,-99,90,1.5,N,-99,N,
2012,6,1,0,1,2,7,A,ATPA4,-99,105,1.7,N,-99,N,
2012,6,1,0,1,2,7,A,ATPA4,-99,108,2,N,-99,N,
2012,6,1,0,1,2,7,A,ATPA4,-99,120,2.1,N,-99,N,
2012,6,1,0,1,2,7,A,ATPA4,-99,121,1.7,N,-99,N,
2012,6,1,0,1,2,7,A,ATPA4,-99,205,2.9,N,-99,N,
2012,6,1,0,1,2,7,B,ATPA4,-99,43,1.3,N,-99,N,
2012,6,1,0,1,2,7,B,ATPA4,-99,100,1.2,N,-99,N,
2012,6,1,0,1,2,7,B,ATPA4,-99,100,1.5,N,-99,N,
2012,6,1,0,1,2,7,B,ATPA4,-99,130,1.7,N,-99,N,
2012,6,1,0,1,2,7,C,ATPA4,-99,145,2.8,N,-99,N,
2012,6,1,0,1,2,7,D,ATPA4,-99,141,4,N,-99,N,
2012,6,1,0,1,2,7,E,AMCA2,-99,81,4.8,N,-99,N,
2012,6,1,0,1,2,8,A,AMCA2,-99,71,2,N,-99,N,
2012,6,1,0,1,2,8,A,AMCA2,-99,73,3.7,N,-99,N,
2012,6,1,0,1,2,8,A,ATPA4,-99,58,0.8,N,-99,N,
2012,6,1,0,1,2,8,A,AMCA2,-99,118,8.3,N,-99,N,
2012,6,1,0,1,2,8,A,ATPA4,-99,125,2.2,N,-99,N,
2012,6,1,0,1,2,8,A,ATPA4,-99,132,2,N,-99,N,
2012,6,1,0,1,2,8,B,ATPA4,-99,50,0.7,N,-99,N,
2012,6,1,0,1,2,8,B,ATPA4,-99,70,1.5,N,-99,N,
2012,6,1,0,1,2,8,B,ATPA4,-99,107,1.7,N,-99,N,
2012,6,1,0,1,2,8,B,AMCA2,-99,140,8.3,N,-99,N,
2012,6,1,0,1,2,8,C,AMCA2,-99,82,2.9,N,-99,N,
2012,6,1,0,1,2,8,E,AMCA2,-99,80,2.9,N,-99,N,
2012,6,1,0,1,2,8,E,AMCA2,-99,81,4.8,N,-99,C,
2012,6,1,0,1,2,8,E,AMCA2,-99,84,5.4,N,-99,N,
2012,6,1,0,1,2,8,E,AMCA2,-99,86,6.6,N,-99,N,
2012,6,1,0,1,2,9,A,AMCA2,-99,73,2.6,N,-99,N,
2012,6,1,0,1,2,9,A,ATPA4,-99,53,0.5,N,-99,N,
2012,6,1,0,1,2,9,B,AMCA2,-99,78,1.1,N,-99,N,
2012,6,1,0,1,2,9,C,AMCA2,-99,72,2.5,N,-99,N,
2012,6,1,0,1,2,9,C,ATPA4,-99,50,0.8,N,-99,N,
2012,6,1,0,1,2,9,C,AMCA2,-99,89,8.5,N,-99,N,
2012,6,1,0,1,2,9,D,AMCA2,-99,73,3.2,N,-99,N,
2012,6,1,0,1,2,9,E,AMCA2,-99,62,5.8,N,-99,C,
2012,6,1,0,1,2,9,E,AMCA2,-99,63,2.1,N,-99,N,
2012,6,1,0,1,2,9,E,AMCA2,-99,82,6.8,N,-99,N,
2012,6,1,0,1,2,10,A,AMCA2,-99,54,1.7,N,-99,N,
2012,6,1,0,1,2,10,A,AMCA2,-99,55,2.3,N,-99,C,
2012,6,1,0,1,2,10,A,AMCA2,-99,59,0,N,-99,N,
2012,6,1,0,1,2,10,A,AMCA2,-99,63,2.2,F,-99,N,
2012,6,1,0,1,2,10,A,AMCA2,-99,70,2.7,F,-99,N,
2012,6,1,0,1,2,10,A,AMCA2,-99,70,1.3,N,-99,N,
2012,6,1,0,1,2,10,B,AMCA2,-99,58,1.5,N,-99,N,
2012,6,1,0,1,2,10,B,AMCA2,-99,60,1.8,F,-99,N,
2012,6,1,0,1,2,10,B,AMCA2,-99,63,1.2,N,-99,N,
2012,6,1,0,1,2,10,B,AMCA2,-99,64,1.1,N,-99,N,
2012,6,1,0,1,2,10,B,AMCA2,-99,65,1,N,-99,N,
2012,6,1,0,1,2,10,B,AMCA2,-99,70,2.4,N,-99,N,
2012,6,1,0,1,2,10,B,AMCA2,-99,70,1.6,N,-99,N,
2012,6,1,0,1,2,10,B,AMCA2,-99,71,1.3,F,-99,N,
2012,6,1,0,1,2,10,B,AMCA2,-99,71,2.3,N,-99,N,
2012,6,1,0,1,2,10,B,AMCA2,-99,75,2.5,N,-99,N,
2012,6,1,0,1,2,10,B,AMCA2,-99,90,3.9,F,-99,N,
2012,6,1,0,1,2,10,C,AMCA2,-99,58,2,N,-99,N,
2012,6,1,0,1,2,10,D,AMCA2,-99,111,5.1,F,-99,N,
2012,6,1,0,1,2,10,D,AMCA2,-99,145,10.9,F,-99,N,
2012,6,1,0,1,2,10,E,AMCA2,-99,42,7.6,N,-99,C,
2012,6,1,0,1,2,10,E,AMCA2,-99,58,3.3,N,-99,C,
2012,6,1,0,1,2,10,E,AMCA2,-99,59,1,N,-99,N,
2012,6,1,0,1,2,10,E,AMCA2,-99,64,2.6,N,-99,C,
2012,6,1,0,1,2,10,E,AMCA2,-99,64,0.9,F,-99,N,
2012,6,1,0,1,2,10,E,AMCA2,-99,70,1.5,F,-99,N,
2012,6,1,0,1,2,10,E,AMCA2,-99,70,1.4,F,-99,N,
2012,6,1,0,1,2,10,E,KOVI,-99,110,3.8,N,-99,C,
2012,6,1,0,1,2,10,E,KOVI,-99,62,7.7,N,-99,C,
2012,6,1,0,1,2,10,E,KOVI,-99,69,5.2,N,-99,C,
2012,6,1,0,1,2,10,E,KOVI,-99,123,4.7,N,-99,C,
2012,6,1,0,1,2,10,E,KOVI,-99,82,6.6,N,-99,C,
2012,6,1,0,1,2,10,E,AMCA2,-99,80,2.1,N,-99,N,
2012,6,1,0,1,2,10,E,AMCA2,-99,83,1.3,F,-99,N,
2012,6,1,0,1,2,10,E,AMCA2,-99,93,3,N,-99,N,
2012,6,1,0,1,2,10,E,AMCA2,-99,115,8.5,N,-99,C,
2012,7,1,1,1,4,1,A,AMCA2,-99,68,1.8,N,-99,N,
2012,7,1,1,1,4,1,A,KOVI,-99,82,3.5,N,-99,N,
2012,7,1,1,1,4,1,A,AMCA2,-99,105,5.7,F,-99,N,
2012,7,1,1,1,4,1,A,ATPA4,-99,86,3,N,-99,N,
2012,7,1,1,1,4,1,A,ATPA4,-99,87,1.7,N,-99,N,
2012,7,1,1,1,4,1,B,AMCA2,-99,45,0.7,N,-99,N,
2012,7,1,1,1,4,1,B,ATPA4,-99,65,9.3,N,-99,N,
2012,7,1,1,1,4,1,C,ATPA4,-99,20,1.1,N,-99,N,
2012,7,1,1,1,4,1,C,ATPA4,-99,140,1.9,N,-99,N,
2012,7,1,1,1,4,1,D,ATPA4,-99,165,2.7,N,-99,N,
2012,7,1,1,1,4,1,E,ATPA4,-99,125,2.8,N,-99,N,
2012,7,1,1,1,4,1,E,ATPA4,-99,175,2.7,N,-99,N,
2012,7,1,1,1,4,2,C,ATPA4,-99,150,2.2,N,-99,N,
2012,7,1,1,1,4,2,D,ATPA4,-99,95,1,N,-99,N,
2012,7,1,1,1,4,2,D,ATPA4,-99,175,2.7,N,-99,N,
2012,7,1,1,1,4,2,D,ATPA4,-99,210,2.5,N,-99,N,
2012,7,1,1,1,4,2,E,ATPA4,-99,60,1,N,-99,N,
2012,7,1,1,1,4,2,E,ATPA4,-99,65,1.3,N,-99,N,
2012,7,1,1,1,4,2,E,ATPA4,-99,73,1.2,N,-99,N,
2012,7,1,1,1,4,2,E,ATPA4,-99,76,1.3,N,-99,N,
2012,7,1,1,1,4,2,E,ATPA4,-99,82,1.3,N,-99,N,
2012,7,1,1,1,4,2,E,ATPA4,-99,160,2.4,N,-99,N,
2012,7,1,1,1,4,4,A,ATPA4,-99,112,2.6,N,-99,N,
2012,7,1,1,1,4,4,A,ATPA4,-99,122,1.5,N,-99,N,
2012,7,1,1,1,4,5,A,AMCA2,-99,163,10.1,F,-99,N,
2012,7,1,1,1,4,5,A,ATPA4,-99,142,1.9,N,-99,N,
2012,7,1,1,1,4,5,B,ATPA4,-99,100,1.9,N,-99,N,
2012,7,1,1,1,4,5,D,AMCA2,-99,167,13.2,N,-99,N,
2012,7,1,1,1,4,5,E,AMCA2,-99,125,5,N,-99,N,
2012,7,1,1,1,4,6,A,ATPA4,-99,40,0,N,-99,N,
2012,7,1,1,1,4,6,D,AMCA2,-99,150,12.9,N,-99,N,
2012,7,1,1,1,4,6,E,AMCA2,-99,150,7.5,N,-99,N,
2012,7,1,1,1,4,7,A,ATPA4,-99,38,0,N,-99,N,
2012,7,1,1,1,4,7,A,ATPA4,-99,45,0.6,N,-99,N,
2012,7,1,1,1,4,7,A,ATPA4,-99,67,1.2,N,-99,N,
2012,7,1,1,1,4,7,A,ATPA4,-99,85,1.2,N,-99,N,
2012,7,1,1,1,4,8,A,ATPA4,-99,32,0,N,-99,N,
2012,7,1,1,1,4,8,A,IVFR,-99,97,4.8,N,-99,N,
2012,7,1,1,1,4,8,A,IVFR,-99,84,6.4,N,-99,N,
2012,7,1,1,1,4,9,A,IVFR,-99,88,3.1,N,-99,N,
2012,7,1,1,1,4,9,A,IVFR,-99,118,5.1,N,-99,N,
2012,7,1,1,1,4,9,A,ATPA4,-99,78,0.9,N,-99,N,
2012,7,1,1,1,4,9,A,ATPA4,-99,85,1,N,-99,N,
2012,7,1,1,1,4,9,A,ATPA4,-99,106,1.8,N,-99,N,
2012,7,1,1,1,4,9,A,ATPA4,-99,107,1.9,N,-99,N,
2012,7,1,1,1,4,9,A,ATPA4,-99,107,2,N,-99,N,
2012,7,1,1,1,4,9,A,ATPA4,-99,135,2.2,N,-99,N,
2012,7,1,1,1,4,9,B,ATPA4,-99,67,1.7,N,-99,N,
2012,7,1,1,1,4,9,B,ATPA4,-99,82,0.9,N,-99,N,
2012,7,1,1,1,4,9,B,ATPA4,-99,86,0.9,N,-99,N,
2012,7,1,1,1,4,9,B,ATPA4,-99,140,2,N,-99,N,
2012,7,1,1,1,4,9,B,ATPA4,-99,142,1.8,N,-99,N,
2012,7,1,1,1,4,9,C,ATPA4,-99,138,2.5,N,-99,N,
2012,7,1,1,1,4,10,A,AMCA2,-99,68,1.7,N,-99,N,
2012,7,1,1,1,4,10,A,ATPA4,-99,64,1.1,N,-99,N,
2012,7,1,1,1,4,10,A,ATPA4,-99,80,1,N,-99,N,
2012,7,1,1,1,4,10,A,ATPA4,-99,86,1.1,N,-99,N,
2012,7,1,1,1,4,10,B,AMCA2,-99,104,6,N,-99,N,
2012,7,1,1,1,4,10,C,ATPA4,-99,113,3,N,-99,N,
2012,7,1,1,1,4,10,C,ATPA4,-99,170,3.2,N,-99,N,
2012,7,1,1,1,4,10,E,ATPA4,-99,87,2.1,N,-99,N,
2012,8,1,0,0,1,1,A,ATPA4,-99,26,0,N,-99,N,
2012,8,1,0,0,1,1,A,ATPA4,-99,52,0.3,N,-99,N,
2012,8,1,0,0,1,1,A,KOVI,-99,84,2.6,F,-99,N,
2012,8,1,0,0,1,1,C,ATPA4,-99,52,0.3,N,-99,N,
2012,8,1,0,0,1,1,C,ATPA4,-99,72,1.4,N,-99,N,
2012,8,1,0,0,1,1,E,ATPA4,-99,53,0.8,N,-99,N,
2012,8,1,0,0,1,2,A,ATPA4,-99,20,0,N,-99,N,
2012,8,1,0,0,1,2,A,ATPA4,-99,41,0.7,N,-99,N,
2012,8,1,0,0,1,2,A,ATPA4,-99,42,0.6,N,-99,N,
2012,8,1,0,0,1,2,A,ATPA4,-99,42,0.6,N,-99,N,
2012,8,1,0,0,1,2,A,ATPA4,-99,52,0.8,N,-99,N,
2012,8,1,0,0,1,2,B,ATPA4,-99,30,0,N,-99,N,
2012,8,1,0,0,1,2,B,ATPA4,-99,52,0.6,N,-99,N,
2012,8,1,0,0,1,3,A,AMCA2,-99,58,1.7,N,-99,N,
2012,8,1,0,0,1,3,B,ATPA4,-99,59,0.7,N,-99,N,
2012,8,1,0,0,1,4,A,ATPA4,-99,20,0,N,-99,N,
2012,8,1,0,0,1,4,A,ATPA4,-99,55,0.8,N,-99,N,
2012,8,1,0,0,1,4,B,ATPA4,-99,63,1.2,N,-99,N,
2012,8,1,0,0,1,4,B,ATPA4,-99,68,0.5,N,-99,N,
2012,8,1,0,0,1,4,B,ATPA4,-99,76,0.9,N,-99,N,
2012,8,1,0,0,1,5,A,ATPA4,-99,50,0.6,N,-99,N,
2012,8,1,0,0,1,5,A,ATPA4,-99,61,0.7,N,-99,N,
2012,8,1,0,0,1,5,B,AMCA2,-99,72,1.5,N,-99,N,
2012,8,1,0,0,1,5,B,ATPA4,-99,76,0.6,N,-99,N,
2012,8,1,0,0,1,6,C,ATPA4,-99,43,0.5,N,-99,N,
2012,8,1,0,0,1,7,A,ATPA4,-99,40,0,N,-99,N,
2012,8,1,0,0,1,9,A,KOVI,-99,102,7,F,-99,N,
2012,8,1,0,0,1,9,B,IVFR,-99,71,1.8,N,-99,N,
2012,8,1,0,0,1,9,B,ATPA4,-99,92,0.7,N,-99,N,
2012,8,1,0,0,1,10,A,KOVI,-99,87,2.9,F,-99,N,
2012,9,1,1,1,4,1,B,ATPA4,-99,177,3.3,N,-99,N,
2012,9,1,1,1,4,1,C,AMCA2,-99,118,5.2,N,-99,N,
2012,9,1,1,1,4,1,C,AMCA2,-99,139,2.6,N,-99,N,
2012,9,1,1,1,4,1,C,ATPA4,-99,110,1.7,N,-99,N,
2012,9,1,1,1,4,1,C,ATPA4,-99,118,1.1,N,-99,N,
2012,9,1,1,1,4,1,C,ATPA4,-99,122,1.4,N,-99,N,
2012,9,1,1,1,4,2,A,AMCA2,-99,66,2.1,N,-99,N,
2012,9,1,1,1,4,3,A,AMCA2,-99,77,1.4,N,-99,N,
2012,9,1,1,1,4,4,A,AMCA2,-99,96,3.7,N,-99,N,
2012,9,1,1,1,4,4,A,AMCA2,-99,103,6.3,N,-99,C,
2012,9,1,1,1,4,4,A,AMCA2,-99,104,2.3,N,-99,N,
2012,9,1,1,1,4,5,E,AMCA2,-99,118,10.2,N,-99,N,
2012,9,1,1,1,4,5,E,ATPA4,-99,96,1.8,N,-99,N,
2012,9,1,1,1,4,6,A,AMCA2,-99,112,6.5,N,-99,N,
2012,9,1,1,1,4,6,D,AMCA2,-99,174,15.4,F,-99,N,
2012,9,1,1,1,4,6,E,AMCA2,-99,50,4.4,N,-99,C,
2012,9,1,1,1,4,6,E,AMCA2,-99,65,2.7,N,-99,N,
2012,9,1,1,1,4,6,E,ATPA4,-99,53,2,N,-99,N,
2012,9,1,1,1,4,6,E,AMCA2,-99,80,3.9,N,-99,N,
2012,9,1,1,1,4,6,E,AMCA2,-99,114,8,F,-99,N,
2012,9,1,1,1,4,6,E,ATPA4,-99,107,2.1,N,-99,N,
2012,9,1,1,1,4,6,E,ATPA4,-99,115,2.3,N,-99,N,
2012,9,1,1,1,4,7,A,KOVI,-99,145,7.6,F,-99,N,
2012,9,1,1,1,4,7,A,KOVI,-99,155,9.2,F,-99,N,
2012,9,1,1,1,4,7,B,KOVI,-99,135,6.1,F,-99,N,
2012,9,1,1,1,4,7,E,ATPA4,-99,40,0,N,-99,N,
2012,9,1,1,1,4,7,E,AMCA2,-99,74,1.9,N,-99,N,
2012,9,1,1,1,4,7,E,AMCA2,-99,87,5.1,N,-99,N,
2012,9,1,1,1,4,7,E,AMCA2,-99,88,3.8,N,-99,N,
2012,9,1,1,1,4,7,E,ATPA4,-99,79,2.4,N,-99,N,
2012,9,1,1,1,4,7,E,ATPA4,-99,81,10.3,N,-99,N,
2012,9,1,1,1,4,7,E,ATPA4,-99,83,1.3,N,-99,N,
2012,9,1,1,1,4,7,E,ATPA4,-99,104,1.6,N,-99,N,
2012,9,1,1,1,4,7,E,AMCA2,-99,152,12.4,F,-99,N,
2012,9,1,1,1,4,7,E,ATPA4,-99,115,10.8,N,-99,N,
2012,9,1,1,1,4,7,E,AMCA2,-99,163,15.2,F,-99,N,
2012,9,1,1,1,4,7,E,ATPA4,-99,155,3,N,-99,N,
2012,9,1,1,1,4,8,C,AMCA2,-99,81,3.4,N,-99,N,
2012,9,1,1,1,4,8,C,AMCA2,-99,96,4.9,N,-99,N,
2012,9,1,1,1,4,8,C,AMCA2,-99,97,8.5,N,-99,N,
2012,9,1,1,1,4,8,C,AMCA2,-99,113,8.2,N,-99,N,
2012,9,1,1,1,4,8,D,ATPA4,-99,86,1.1,N,-99,N,
2012,9,1,1,1,4,8,D,ATPA4,-99,125,2.5,N,-99,N,
2012,9,1,1,1,4,8,E,ATPA4,-99,31,0,N,-99,N,
2012,9,1,1,1,4,8,E,AMCA2,-99,170,4.4,N,-99,C,
2012,9,1,1,1,4,9,C,KOVI,-99,180,9.3,F,-99,N,
2012,9,1,1,1,4,9,C,KOVI,-99,156,7.6,F,-99,N,
2012,9,1,1,1,4,9,C,KOVI,-99,164,8.2,F,-99,N,
2012,9,1,1,1,4,10,A,AMCA2,-99,0,0,N,-99,C,
2012,9,1,1,1,4,10,A,AMCA2,-99,120,5.4,N,-99,N,
2012,10,1,1,0,3,1,A,ATPA4,-99,63,1.1,N,-99,N,
2012,10,1,1,0,3,1,A,POHY,-99,40,0,N,-99,N,
2012,10,1,1,0,3,1,B,ATPA4,-99,40,0,N,-99,N,
2012,10,1,1,0,3,1,B,ATPA4,-99,95,1.7,N,-99,N,
2012,10,1,1,0,3,1,B,POHY,-99,45,0.6,N,-99,N,
2012,10,1,1,0,3,1,C,ATPA4,-99,65,1.1,N,-99,N,
2012,10,1,1,0,3,1,C,ATPA4,-99,75,1.1,N,-99,N,
2012,10,1,1,0,3,1,D,KOVI,-99,78,1.9,N,-99,N,
2012,10,1,1,0,3,1,D,ATPA4,-99,110,2.5,N,-99,N,
2012,10,1,1,0,3,1,E,ATPA4,-99,25,0,N,-99,N,
2012,10,1,1,0,3,2,B,ATPA4,-99,65,0.8,N,-99,N,
2012,10,1,1,0,3,2,C,POHY,-99,20,0,N,-99,N,
2012,10,1,1,0,3,2,D,ATPA4,-99,40,0,N,-99,N,
2012,10,1,1,0,3,2,E,ATPA4,-99,55,0.6,N,-99,N,
2012,10,1,1,0,3,2,E,ATPA4,-99,120,1.7,N,-99,N,
2012,10,1,1,0,3,3,A,ATPA4,-99,50,0.9,N,-99,N,
2012,10,1,1,0,3,3,D,ATPA4,-99,70,0.8,N,-99,N,
2012,10,1,1,0,3,4,A,KOVI,-99,20,0,N,-99,N,
2012,10,1,1,0,3,4,A,KOVI,-99,120,6.2,F,-99,N,
2012,10,1,1,0,3,4,A,KOVI,-99,120,6,F,-99,N,
2012,10,1,1,0,3,4,A,KOVI,-99,62,2.4,N,-99,N,
2012,10,1,1,0,3,4,A,#N/A,-99,25,0,N,-99,N,
2012,10,1,1,0,3,4,B,POHY,-99,35,0,N,-99,N,
2012,10,1,1,0,3,4,D,ATPA4,-99,40,0,N,-99,N,
2012,10,1,1,0,3,4,D,ATPA4,-99,50,0.9,N,-99,N,
2012,10,1,1,0,3,4,D,ATPA4,-99,90,1.4,N,-99,N,
2012,10,1,1,0,3,7,A,KOVI,-99,77,3.4,F,-99,N,
2012,10,1,1,0,3,7,A,IVFR,-99,60,2.9,N,-99,N,
2012,10,1,1,0,3,7,A,IVFR,-99,65,1.9,N,-99,N,
2012,10,1,1,0,3,7,E,ATPA4,-99,85,2.4,N,-99,N,
2012,10,1,1,0,3,8,A,#N/A,-99,55,2,N,-99,N,
2012,10,1,1,0,3,8,A,#N/A,-99,65,1.5,N,-99,N,
2012,10,1,1,0,3,8,D,ATPA4,-99,60,0.9,N,-99,N,
2012,10,1,1,0,3,8,E,ATPA4,-99,25,0,N,-99,N,
2012,10,1,1,0,3,8,E,ATPA4,-99,25,0,N,-99,N,
2012,10,1,1,0,3,8,E,AMCA2,-99,60,3.4,F,-99,N,
2012,10,1,1,0,3,8,E,ATPA4,-99,30,0,N,-99,N,
2012,10,1,1,0,3,8,E,ATPA4,-99,55,1.3,N,-99,N,
2012,10,1,1,0,3,8,E,#N/A,-99,25,0,N,-99,N,
2012,10,1,1,0,3,8,E,ATPA4,-99,115,2.9,N,-99,N,
2012,10,1,1,0,3,9,E,AMCA2,-99,35,0,N,-99,N,
2012,10,1,1,0,3,10,A,ATPA4,-99,10,0,N,-99,N,
2012,10,1,1,0,3,10,A,ATPA4,-99,25,0,N,-99,N,
2012,10,1,1,0,3,10,A,KOVI,-99,45,1.3,N,-99,N,
2012,10,1,1,0,3,10,E,#N/A,-99,40,0,N,-99,N,
2012,11,1,0,0,1,1,A,AMCA2,-99,52,1.3,N,-99,N,
2012,11,1,0,0,1,1,A,AMCA2,-99,78,3.8,N,-99,N,
2012,11,1,0,0,1,1,A,AMCA2,-99,80,2.9,F,-99,N,
2012,11,1,0,0,1,1,A,#N/A,-99,50,0.9,N,-99,N,
2012,11,1,0,0,1,1,A,AMCA2,-99,85,3.4,F,-99,N,
2012,11,1,0,0,1,1,A,AMCA2,-99,86,6,N,-99,N,
2012,11,1,0,0,1,1,A,AMCA2,-99,87,3.6,N,-99,N,
2012,11,1,0,0,1,1,A,ATPA4,-99,87,1.4,F,-99,N,
2012,11,1,0,0,1,1,B,AMCA2,-99,65,2.1,F,-99,N,
2012,11,1,0,0,1,1,B,#N/A,-99,75,2.6,N,-99,N,
2012,11,1,0,0,1,1,E,ATPA4,-99,75,2,N,-99,N,
2012,11,1,0,0,1,3,A,AMCA2,-99,50,0.8,N,-99,N,
2012,11,1,0,0,1,3,A,KOVI,-99,98,3.5,F,-99,N,
2012,11,1,0,0,1,4,E,ATPA4,-99,65,1.1,N,-99,N,
2012,11,1,0,0,1,6,E,ATPA4,-99,52,0.5,N,-99,N,
2012,12,1,0,1,2,1,A,ATPA4,-99,112,1.7,N,-99,N,
2012,12,1,0,1,2,2,C,ATPA4,-99,35,0,N,-99,N,
2012,12,1,0,1,2,5,B,ATPA4,-99,30,0,N,-99,N,
2012,12,1,0,1,2,9,B,ATPA4,-99,50,1.4,N,-99,N,
2012,12,1,0,1,2,10,C,ATPA4,-99,65,1,N,-99,N,
2012,12,1,0,1,2,10,C,ATPA4,-99,90,1.3,N,-99,N,
2013,1,1,0,0,1,10,A,SOSE,0,84,3.9,N,-99,N,
2013,1,1,0,0,1,2,A,KOVI,0,67,3.7,N,-99,N,
2013,1,1,0,0,1,2,A,SOSE,0,76,3.6,N,-99,N,
2013,1,1,0,0,1,3,A,SOSE,0,96,3.6,N,-99,N,
2013,1,1,0,0,1,3,A,SOSE,0,97,4.3,N,-99,N,
2013,1,1,0,0,1,5,A,SOSE,0,139,5.5,N,-99,N,
2013,1,1,0,0,1,5,A,IVFR,0,83,3.4,N,-99,N,
2013,1,1,0,0,1,5,A,IVFR,0,86,3.1,N,-99,N,
2013,1,1,0,0,1,6,A,IVFR,0,51,2.5,N,-99,N,
2013,1,1,0,0,1,7,A,IVFR,0,57,3,N,-99,N,
2013,1,1,0,0,1,9,A,SOSE,0,55,2.6,N,-99,N,
2013,1,1,0,0,1,2,B,SOSE,0,132,4.7,N,-99,N,
2013,1,1,0,0,1,2,B,SOSE,0,128,4.7,N,-99,N,
2013,1,1,0,0,1,2,B,SOSE,0,131,6.6,F,-99,N,
2013,1,1,0,0,1,2,B,SOSE,0,128,6.6,F,-99,N,
2013,1,1,0,0,1,2,B,IVFR,0,69,2,N,-99,N,
2013,1,1,0,0,1,2,B,IVFR,0,88,3.6,N,-99,N,
2013,1,1,0,0,1,2,B,IVFR,0,33,1.7,N,-99,N,
2013,1,1,0,0,1,3,B,KOVI,0,70,2.7,N,-99,N,
2013,1,1,0,0,1,4,B,SOSE,0,104,4.7,N,-99,N,
2013,1,1,0,0,1,4,B,SOSE,0,89,3.5,N,-99,N,
2013,1,1,0,0,1,4,B,SOSE,0,85,3.7,N,-99,N,
2013,1,1,0,0,1,4,B,SOSE,0,47,1.6,N,-99,N,
2013,1,1,0,0,1,5,B,SOSE,0,36,2.2,N,-99,N,
2013,1,1,0,0,1,6,B,SOSE,0,65,3.8,N,-99,N,
2013,1,1,0,0,1,6,B,SOSE,0,126,6.1,N,-99,N,
2013,1,1,0,0,1,9,B,SOSE,0,58,3.9,N,-99,N,
2013,1,1,0,0,1,10,C,KOVI,0,68,4.1,N,-99,N,
2013,1,1,0,0,1,10,C,IVFR,0,126,6.4,N,-99,N,
2013,1,1,0,0,1,3,C,IVFR,0,124,6.6,N,-99,N,
2013,1,1,0,0,1,3,C,IVFR,0,120,4.1,N,-99,N,
2013,1,1,0,0,1,6,C,AMCA2,0,47,1.1,N,-99,N,
2013,1,1,0,0,1,9,C,KOVI,0,56,2.4,N,-99,N,
2013,1,1,0,0,1,9,C,SOSE,0,103,5,N,-99,N,
2013,1,1,0,0,1,9,C,IVFR,0,84,5.1,N,-99,N,
2013,1,1,0,0,1,1,D,AMCA2,0,63,1.7,N,-99,N,
2013,1,1,0,0,1,2,D,AMCA2,0,61,1.8,N,-99,N,
2013,1,1,0,0,1,4,D,IVFR,0,98,5.1,N,-99,N,
2013,1,1,0,0,1,1,E,AMCA2,0,85,2.8,N,-99,N,
2013,1,1,0,0,1,3,E,KOVI,0,96,3.8,N,-99,N,
2013,1,1,0,0,1,3,E,KOVI,0,107,4.7,N,-99,N,
2013,1,1,0,0,1,6,E,AMCA2,0,65,2.7,N,-99,N,
2013,1,1,0,0,1,8,E,IVFR,0,92,5.4,N,-99,N,
2013,2,1,1,0,3,10,A,KOVI,0,90,5.3,N,-99,N,
2013,2,1,1,0,3,10,A,IVFR,0,97,4.1,N,-99,N,
2013,2,1,1,0,3,2,A,AMCA2,0,71,1.2,N,-99,N,
2013,2,1,1,0,3,2,A,KOVI,0,155,10,F,-99,N,
2013,2,1,1,0,3,2,A,KOVI,0,163,8.2,F,-99,N,
2013,2,1,1,0,3,2,A,SPCY,0,190,5.6,N,-99,N,
2013,2,1,1,0,3,2,A,SPCY,0,160,3.8,N,-99,N,
2013,2,1,1,0,3,3,A,KOVI,0,126,6.6,F,-99,N,
2013,2,1,1,0,3,3,A,SPCY,0,145,3.1,N,-99,N,
2013,2,1,1,0,3,3,A,SPCY,0,125,2,N,-99,N,
2013,2,1,1,0,3,6,A,KOVI,0,47,1.5,N,-99,N,
2013,2,1,1,0,3,7,A,KOVI,0,131,8.1,F,-99,N,
2013,2,1,1,0,3,8,A,KOVI,0,83,4.4,N,-99,N,
2013,2,1,1,0,3,8,A,AMCA2,0,83,3.8,N,-99,N,
2013,2,1,1,0,3,9,A,IVFR,0,94,2.8,N,-99,N,
2013,2,1,1,0,3,9,A,IVFR,0,91,3.4,N,-99,N,
2013,2,1,1,0,3,1,B,AMCA2,0,94,3.3,N,-99,N,
2013,2,1,1,0,3,10,B,KOVI,0,113,6.5,N,-99,N,
2013,2,1,1,0,3,10,B,KOVI,0,152,10.3,F,-99,N,
2013,2,1,1,0,3,10,B,KOVI,0,115,7.1,F,-99,N,
2013,2,1,1,0,3,10,B,IVFR,0,100,6.1,N,-99,N,
2013,2,1,1,0,3,2,B,KOVI,0,131,6,F,-99,N,
2013,2,1,1,0,3,2,B,SPCY,0,172,4.7,N,-99,N,
2013,2,1,1,0,3,3,B,SPCY,0,184,4.7,N,-99,N,
2013,2,1,1,0,3,4,B,AMCA2,0,99,5,F,-99,N,
2013,2,1,1,0,3,6,B,KOVI,0,62,2.6,N,-99,N,
2013,2,1,1,0,3,6,B,KOVI,0,64,2,N,-99,N,
2013,2,1,1,0,3,7,B,AMCA2,0,85,2.2,N,-99,N,
2013,2,1,1,0,3,7,B,AMCA2,0,99,3.2,N,-99,N,
2013,2,1,1,0,3,7,B,AMCA2,0,128,5.2,F,-99,N,
2013,2,1,1,0,3,9,B,KOVI,0,134,7.2,F,-99,N,
2013,2,1,1,0,3,9,B,IVFR,0,129,4.9,N,-99,N,
2013,2,1,1,0,3,10,C,IVFR,0,68,2.4,N,-99,N,
2013,2,1,1,0,3,2,C,SPCY,0,214,5.9,N,-99,N,
2013,2,1,1,0,3,2,D,SPCY,0,190,3.6,N,-99,N,
2013,2,1,1,0,3,2,D,SPCY,0,197,3.5,N,-99,N,
2013,2,1,1,0,3,3,D,AMCA2,0,55,0.7,N,-99,N,
2013,2,1,1,0,3,3,D,SPCY,0,200,3.5,N,-99,N,
2013,2,1,1,0,3,3,D,SPCY,0,164,2.8,N,-99,N,
2013,2,1,1,0,3,3,D,AMCA2,0,103,3.7,N,-99,N,
2013,2,1,1,0,3,5,D,AMCA2,0,123,5.6,F,-99,N,
2013,2,1,1,0,3,2,E,IVFR,0,75,12.4,N,-99,N,
2013,2,1,1,0,3,3,E,IVFR,0,84,3.8,N,-99,N,
2013,2,1,1,0,3,5,E,AMCA2,0,57,2,F,-99,N,
2013,2,1,1,0,3,5,E,AMCA2,0,76,2.6,F,-99,N,
2013,2,1,1,0,3,6,E,AMCA2,0,101,5.2,N,-99,N,
2013,2,1,1,0,3,6,E,AMCA2,0,111,3.3,F,-99,N,
2013,2,1,1,0,3,7,E,AMCA2,0,96,2.5,F,-99,N,
2013,2,1,1,0,3,7,E,AMCA2,0,129,3.1,N,-99,N,
2013,2,1,1,0,3,8,E,AMCA2,0,121,9,N,-99,N,
2013,3,1,0,1,2,1,A,AMCA2,0,180,8.9,F,-99,N,
2013,3,1,0,1,2,1,A,AMCA2,0,240,17.4,F,-99,N,
2013,3,1,0,1,2,10,A,AMCA2,0,82,3.8,N,-99,N,
2013,3,1,0,1,2,4,A,AMCA2,0,115,5.6,N,-99,N,
2013,3,1,0,1,2,4,A,AMCA2,0,146,8.1,N,-99,N,
2013,3,1,0,1,2,5,A,SOSE,0,127,5,F,-99,N,
2013,3,1,0,1,2,5,A,SOSE,0,86,3.2,N,-99,N,
2013,3,1,0,1,2,5,A,SOSE,0,78,2.8,N,-99,N,
2013,3,1,0,1,2,6,A,SOSE,0,111,5.6,N,-99,N,
2013,3,1,0,1,2,7,A,SOSE,0,77,3.7,N,-99,N,
2013,3,1,0,1,2,8,A,IVFR,0,147,9.4,N,-99,N,
2013,3,1,0,1,2,8,A,IVFR,0,130,6.7,N,-99,N,
2013,3,1,0,1,2,8,A,IVFR,0,93,4.5,N,-99,N,
2013,3,1,0,1,2,8,A,IVFR,0,114,6.9,N,-99,N,
2013,3,1,0,1,2,1,B,AMCA2,0,232,14,F,-99,N,
2013,3,1,0,1,2,10,B,AMCA2,0,144,10.8,F,-99,N,
2013,3,1,0,1,2,2,B,AMCA2,0,136,11.3,N,-99,N,
2013,3,1,0,1,2,3,B,POHY,0,114,2.3,F,-99,N,
2013,3,1,0,1,2,3,B,POHY,0,85,1.8,N,-99,N,
2013,3,1,0,1,2,3,B,AMCA2,0,93,4.1,N,-99,N,
2013,3,1,0,1,2,4,B,AMCA2,0,197,14.2,F,-99,N,
2013,3,1,0,1,2,5,B,SOSE,0,151,5.8,F,-99,N,
2013,3,1,0,1,2,6,B,SOSE,0,130,5.3,F,-99,N,
2013,3,1,0,1,2,7,B,AMCA2,0,65,2.8,N,-99,N,
2013,3,1,0,1,2,10,C,AMCA2,0,117,6.1,N,-99,N,
2013,3,1,0,1,2,10,C,AMCA2,0,189,17.7,F,-99,N,
2013,3,1,0,1,2,2,C,AMCA2,0,136,6.1,N,-99,N,
2013,3,1,0,1,2,2,C,AMCA2,0,182,10.6,F,-99,N,
2013,3,1,0,1,2,2,C,AMCA2,0,227,12,F,-99,N,
2013,3,1,0,1,2,2,C,AMCA2,0,253,15.8,F,-99,N,
2013,3,1,0,1,2,3,C,AMCA2,0,115,6.3,N,-99,N,
2013,3,1,0,1,2,3,C,ATPA4,0,108,1.5,N,-99,N,
2013,3,1,0,1,2,3,C,AMCA2,0,171,8.1,N,-99,N,
2013,3,1,0,1,2,3,C,AMCA2,0,186,4.5,F,-99,N,
2013,3,1,0,1,2,3,C,AMCA2,0,230,12.8,F,-99,N,
2013,3,1,0,1,2,5,C,AMCA2,0,200,14.2,F,-99,N,
2013,3,1,0,1,2,5,C,AMCA2,0,291,22.9,F,-99,N,
2013,3,1,0,1,2,6,C,AMCA2,0,128,9,N,-99,N,
2013,3,1,0,1,2,6,C,AMCA2,0,134,9.6,F,-99,N,
2013,3,1,0,1,2,7,C,AMCA2,0,76,3.3,N,-99,N,
2013,3,1,0,1,2,10,D,AMCA2,0,182,23.1,F,-99,N,
2013,3,1,0,1,2,3,D,AMCA2,0,73,1.2,N,-99,N,
2013,3,1,0,1,2,3,D,AMCA2,0,102,12.8,F,-99,N,
2013,3,1,0,1,2,3,D,AMCA2,0,111,5,F,-99,N,
2013,3,1,0,1,2,4,D,SOSE,0,139,7.5,N,-99,N,
2013,3,1,0,1,2,4,D,SOSE,0,97,4.2,N,-99,N,
2013,3,1,0,1,2,4,D,AMCA2,0,150,5.7,N,-99,N,
2013,3,1,0,1,2,4,D,AMCA2,0,196,7.2,N,-99,N,
2013,3,1,0,1,2,5,D,SOSE,0,145,7.7,N,-99,N,
2013,3,1,0,1,2,5,D,SOSE,0,144,6.1,N,-99,N,
2013,3,1,0,1,2,5,D,SOSE,0,87,4.4,N,-99,N,
2013,3,1,0,1,2,5,D,SOSE,0,104,3.6,N,-99,N,
2013,3,1,0,1,2,5,D,SOSE,0,99,3.1,N,-99,N,
2013,3,1,0,1,2,6,D,AMCA2,0,123,6.3,N,-99,N,
2013,3,1,0,1,2,8,D,KOVI,0,145,2,N,-99,N,
2013,3,1,0,1,2,9,D,AMCA2,0,137,9,N,-99,N,
2013,3,1,0,1,2,2,E,KOVI,0,201,11,F,-99,N,
2013,3,1,0,1,2,2,E,KOVI,0,186,8,F,-99,N,
2013,3,1,0,1,2,2,E,KOVI,0,155,8.4,F,-99,N,
2013,3,1,0,1,2,2,E,KOVI,0,140,4.1,N,-99,N,
2013,3,1,0,1,2,2,E,KOVI,0,116,4.4,N,-99,N,
2013,3,1,0,1,2,3,E,SOSE,0,111,4.1,N,-99,N,
2013,3,1,0,1,2,3,E,AMCA2,0,103,2.8,F,-99,N,
2013,3,1,0,1,2,4,E,SOSE,0,100,4.9,N,-99,N,
2013,3,1,0,1,2,4,E,AMCA2,0,123,4.5,N,-99,N,
2013,3,1,0,1,2,5,E,SOSE,0,147,6.1,N,-99,N,
2013,3,1,0,1,2,5,E,SOSE,0,143,5.8,N,-99,N,
2013,3,1,0,1,2,5,E,SOSE,0,103,4,N,-99,N,
2013,3,1,0,1,2,5,E,SOSE,0,82,4.1,N,-99,N,
2013,3,1,0,1,2,5,E,AMCA2,0,254,4.5,F,-99,N,
2013,3,1,0,1,2,6,E,AMCA2,0,170,10.8,F,-99,N,
2013,3,1,0,1,2,6,E,AMCA2,0,173,8.7,N,-99,N,
2013,3,1,0,1,2,6,E,AMCA2,0,182,8.9,F,-99,N,
2013,3,1,0,1,2,6,E,AMCA2,0,237,6.9,F,-99,N,
2013,3,1,0,1,2,6,E,AMCA2,0,238,19.1,F,-99,N,
2013,3,1,0,1,2,7,E,AMCA2,0,114,8.4,N,-99,N,
2013,3,1,0,1,2,7,E,AMCA2,0,139,9.9,N,-99,N,
2013,3,1,0,1,2,7,E,AMCA2,0,144,9.2,F,-99,N,
2013,3,1,0,1,2,8,E,AMCA2,0,81,6.7,N,-99,C,
2013,3,1,0,1,2,8,E,AMCA2,0,84,4.4,N,-99,N,
2013,3,1,0,1,2,8,E,AMCA2,0,104,4,N,-99,N,
2013,3,1,0,1,2,8,E,AMCA2,0,132,6.1,N,-99,N,
2013,3,1,0,1,2,8,E,AMCA2,0,154,7.3,F,-99,N,
2013,3,1,0,1,2,8,E,AMCA2,0,179,9.6,F,-99,N,
2013,3,1,0,1,2,8,E,AMCA2,0,211,15.9,F,-99,N,
2013,3,1,0,1,2,9,E,AMCA2,0,208,16.9,F,-99,N,
2013,4,1,1,1,4,1,A,KOVI,0,216,12.4,N,-99,N,
2013,4,1,1,1,4,1,A,KOVI,0,177,4.8,N,-99,N,
2013,4,1,1,1,4,10,A,AMCA2,0,120,7.6,N,-99,N,
2013,4,1,1,1,4,10,A,AMCA2,0,141,7.6,N,-99,N,
2013,4,1,1,1,4,10,A,AMCA2,0,204,12.9,N,-99,N,
2013,4,1,1,1,4,2,A,KOVI,0,86,2.1,N,-99,N,
2013,4,1,1,1,4,7,A,AMCA2,0,210,11.6,F,-99,N,
2013,4,1,1,1,4,9,A,AMCA2,0,90,4.2,N,-99,N,
2013,4,1,1,1,4,9,A,AMCA2,0,243,21.1,N,-99,N,
2013,4,1,1,1,4,1,B,KOVI,0,204,7.9,N,-99,N,
2013,4,1,1,1,4,1,B,KOVI,0,102,1.5,N,-99,N,
2013,4,1,1,1,4,1,B,KOVI,0,141,2.6,N,-99,N,
2013,4,1,1,1,4,1,B,KOVI,0,158,4.1,N,-99,N,
2013,4,1,1,1,4,2,B,SOSE,0,123,2.6,N,-99,N,
2013,4,1,1,1,4,2,B,SOSE,0,193,2.6,N,-99,N,
2013,4,1,1,1,4,3,B,SOSE,0,214,6,N,-99,N,
2013,4,1,1,1,4,4,B,KOVI,0,207,11.6,F,-99,N,
2013,4,1,1,1,4,4,B,KOVI,0,194,10,F,-99,N,
2013,4,1,1,1,4,5,B,KOVI,0,197,7.6,F,-99,N,
2013,4,1,1,1,4,5,B,KOVI,0,169,3.1,F,-99,N,
2013,4,1,1,1,4,6,B,KOVI,0,187,13,N,-99,N,
2013,4,1,1,1,4,6,B,SOSE,0,135,5.5,N,-99,N,
2013,4,1,1,1,4,6,B,SOSE,0,177,8.9,N,-99,N,
2013,4,1,1,1,4,7,B,SOSE,0,162,7.7,N,-99,N,
2013,4,1,1,1,4,7,B,AMCA2,0,168,8.3,F,-99,N,
2013,4,1,1,1,4,9,B,KOVI,0,149,8.4,N,-99,N,
2013,4,1,1,1,4,1,C,SOSE,0,163,4.3,N,-99,N,
2013,4,1,1,1,4,10,C,KOVI,0,146,13,N,-99,N,
2013,4,1,1,1,4,10,C,AMCA2,0,115,5.1,N,-99,N,
2013,4,1,1,1,4,2,C,SOSE,0,161,4.4,N,-99,N,
2013,4,1,1,1,4,2,C,SOSE,0,193,5.2,N,-99,N,
2013,4,1,1,1,4,2,C,SOSE,0,188,5.1,N,-99,N,
2013,4,1,1,1,4,3,C,SOSE,0,177,4.6,N,-99,N,
2013,4,1,1,1,4,3,C,SOSE,0,147,4.4,N,-99,N,
2013,4,1,1,1,4,3,C,SOSE,0,127,2.6,N,-99,N,
2013,4,1,1,1,4,5,C,KOVI,0,196,10.8,F,-99,N,
2013,4,1,1,1,4,5,C,SOSE,0,146,5.9,N,-99,N,
2013,4,1,1,1,4,6,C,SOSE,0,111,4.1,N,-99,N,
2013,4,1,1,1,4,6,C,SOSE,0,175,8.8,N,-99,N,
2013,4,1,1,1,4,6,C,SOSE,0,183,8.9,N,-99,N,
2013,4,1,1,1,4,6,C,SOSE,0,160,7,N,-99,N,
2013,4,1,1,1,4,6,C,SOSE,0,157,7.1,N,-99,N,
2013,4,1,1,1,4,7,C,SOSE,0,175,9,N,-99,N,
2013,4,1,1,1,4,7,C,SOSE,0,166,10.7,N,-99,N,
2013,4,1,1,1,4,9,C,KOVI,0,138,8.4,N,-99,N,
2013,4,1,1,1,4,9,C,KOVI,0,102,3.7,N,-99,N,
2013,4,1,1,1,4,9,C,SOSE,0,156,4,N,-99,N,
2013,4,1,1,1,4,9,C,SOSE,0,148,4.2,N,-99,N,
2013,4,1,1,1,4,1,D,KOVI,0,215,10.1,F,-99,N,
2013,4,1,1,1,4,10,D,AMCA2,0,223,20.3,N,-99,N,
2013,4,1,1,1,4,2,D,KOVI,0,208,7.5,F,-99,N,
2013,4,1,1,1,4,2,D,KOVI,0,127,2.6,N,-99,N,
2013,4,1,1,1,4,2,D,KOVI,0,212,8.9,F,-99,N,
2013,4,1,1,1,4,2,D,SOSE,0,132,4.4,N,-99,N,
2013,4,1,1,1,4,3,D,SOSE,0,131,5.2,N,-99,N,
2013,4,1,1,1,4,3,D,SOSE,0,156,3.1,N,-99,N,
2013,4,1,1,1,4,3,D,SOSE,0,163,4,N,-99,N,
2013,4,1,1,1,4,4,D,SOSE,0,112,1.6,N,-99,N,
2013,4,1,1,1,4,5,D,IVFR,0,105,3.9,N,-99,N,
2013,4,1,1,1,4,5,D,AMCA2,0,95,4.4,N,-99,N,
2013,4,1,1,1,4,5,D,AMCA2,0,120,6.4,N,-99,N,
2013,4,1,1,1,4,6,D,SOSE,0,156,8.8,N,-99,N,
2013,4,1,1,1,4,7,D,SOSE,0,144,4.5,N,-99,N,
2013,4,1,1,1,4,7,D,SOSE,0,148,5.3,N,-99,N,
2013,4,1,1,1,4,9,D,AMCA2,0,95,2.7,N,-99,N,
2013,4,1,1,1,4,1,E,KOVI,0,198,6,F,-99,N,
2013,4,1,1,1,4,1,E,KOVI,0,178,4.9,N,-99,N,
2013,4,1,1,1,4,3,E,SOSE,0,141,4.5,N,-99,N,
2013,4,1,1,1,4,3,E,SOSE,0,122,4.5,N,-99,N,
2013,4,1,1,1,4,4,E,SOSE,0,169,6.3,N,-99,N,
2013,4,1,1,1,4,4,E,SOSE,0,197,3.5,N,-99,N,
2013,4,1,1,1,4,4,E,SOSE,0,148,3.4,N,-99,N,
2013,4,1,1,1,4,4,E,SOSE,0,153,3.4,N,-99,N,
2013,4,1,1,1,4,4,E,SOSE,0,158,4,N,-99,N,
2013,4,1,1,1,4,5,E,SOSE,0,183,8.3,N,-99,N,
2013,4,1,1,1,4,6,E,AMCA2,0,76,2.7,N,-99,N,
2013,4,1,1,1,4,6,E,IVFR,0,135,5.7,N,-99,N,
2013,4,1,1,1,4,6,E,AMCA2,0,109,9.1,N,-99,N,
2013,4,1,1,1,4,6,E,AMCA2,0,128,4.9,N,-99,N,
2013,4,1,1,1,4,7,E,KOVI,0,211,3.4,N,-99,N,
2013,4,1,1,1,4,7,E,SOSE,0,122,6.5,N,-99,N,
2013,4,1,1,1,4,8,E,AMCA2,0,128,7.8,N,-99,N,
2013,5,1,1,0,3,1,A,AMCA2,0,142,12,N,-99,N,
2013,5,1,1,0,3,10,A,POHY,0,88,2.1,N,-99,N,
2013,5,1,1,0,3,10,A,ATPA4,0,68,1.1,N,-99,N,
2013,5,1,1,0,3,10,A,ATPA4,0,73,1.1,N,-99,N,
2013,5,1,1,0,3,10,A,ATPA4,0,74,1.1,N,-99,N,
2013,5,1,1,0,3,10,A,AMCA2,0,100,2.1,N,-99,N,
2013,5,1,1,0,3,10,A,AMCA2,0,113,4.9,N,-99,N,
2013,5,1,1,0,3,5,A,AMCA2,0,78,2.4,N,-99,N,
2013,5,1,1,0,3,6,A,KOVI,0,133,7.1,F,-99,N,
2013,5,1,1,0,3,6,A,AMCA2,0,153,7.3,F,-99,N,
2013,5,1,1,0,3,6,A,AMCA2,0,160,8.6,F,-99,N,
2013,5,1,1,0,3,7,A,KOVI,0,113,6.2,F,-99,N,
2013,5,1,1,0,3,7,A,AMCA2,0,103,4.9,F,-99,N,
2013,5,1,1,0,3,7,A,AMCA2,0,104,3.3,N,-99,N,
2013,5,1,1,0,3,7,A,AMCA2,0,107,4.8,F,-99,N,
2013,5,1,1,0,3,7,A,AMCA2,0,109,5,F,-99,N,
2013,5,1,1,0,3,8,A,AMCA2,0,76,2.6,N,-99,N,
2013,5,1,1,0,3,8,A,KOVI,0,115,5.5,F,-99,N,
2013,5,1,1,0,3,8,A,KOVI,0,133,7.2,F,-99,N,
2013,5,1,1,0,3,8,A,AMCA2,0,112,4.6,F,-99,N,
2013,5,1,1,0,3,8,A,AMCA2,0,128,4.6,N,-99,N,
2013,5,1,1,0,3,8,A,ATPA4,0,106,1.9,N,-99,N,
2013,5,1,1,0,3,9,A,POHY,0,83,1.6,N,-99,N,
2013,5,1,1,0,3,9,A,KOVI,0,114,6.9,N,-99,N,
2013,5,1,1,0,3,9,A,ATPA4,0,80,1.2,N,-99,N,
2013,5,1,1,0,3,9,A,ATPA4,0,102,2.1,N,-99,N,
2013,5,1,1,0,3,9,A,ATPA4,0,135,2.7,N,-99,N,
2013,5,1,1,0,3,10,B,#N/A,0,76,2.6,N,-99,N,
2013,5,1,1,0,3,10,B,AMCA2,0,221,17.3,F,-99,N,
2013,5,1,1,0,3,3,B,AMCA2,0,86,2.3,N,-99,N,
2013,5,1,1,0,3,3,B,AMCA2,0,90,2.6,N,-99,N,
2013,5,1,1,0,3,3,B,AMCA2,0,98,3.3,N,-99,N,
2013,5,1,1,0,3,3,B,AMCA2,0,128,5.1,F,-99,N,
2013,5,1,1,0,3,3,B,AMCA2,0,201,12.4,F,-99,N,
2013,5,1,1,0,3,4,B,#N/A,0,0,0,N,-99,N,
2013,5,1,1,0,3,5,B,AMCA2,0,79,3.2,F,-99,N,
2013,5,1,1,0,3,5,B,AMCA2,0,132,6,F,-99,N,
2013,5,1,1,0,3,5,B,AMCA2,0,139,5.4,F,-99,N,
2013,5,1,1,0,3,5,B,AMCA2,0,142,7.9,F,-99,N,
2013,5,1,1,0,3,7,B,AMCA2,0,54,1,N,-99,N,
2013,5,1,1,0,3,7,B,AMCA2,0,73,1.9,N,-99,N,
2013,5,1,1,0,3,8,B,ATPA4,0,61,0.9,N,-99,N,
2013,5,1,1,0,3,8,B,KOVI,0,120,5.9,F,-99,N,
2013,5,1,1,0,3,10,C,AMCA2,0,72,1.9,N,-99,N,
2013,5,1,1,0,3,2,C,AMCA2,0,182,10.1,F,-99,N,
2013,5,1,1,0,3,4,C,AMCA2,0,88,2.9,N,-99,N,
2013,5,1,1,0,3,6,C,AMCA2,0,62,3.7,N,-99,N,
2013,5,1,1,0,3,7,C,AMCA2,0,54,1.7,N,-99,N,
2013,5,1,1,0,3,8,C,KOVI,0,168,9.5,F,-99,N,
2013,5,1,1,0,3,4,D,AMCA2,0,91,3.4,N,-99,N,
2013,5,1,1,0,3,6,D,SOSE,0,91,2.9,N,-99,N,
2013,5,1,1,0,3,6,D,SOSE,0,87,2.6,N,-99,N,
2013,5,1,1,0,3,6,D,AMCA2,0,164,15.4,F,-99,N,
2013,5,1,1,0,3,10,E,KOVI,0,87,3.5,N,-99,N,
2013,5,1,1,0,3,10,E,KOVI,0,69,2.8,N,-99,N,
2013,5,1,1,0,3,4,E,AMCA2,0,40,12.1,N,-99,C,
2013,5,1,1,0,3,4,E,AMCA2,0,40,5.2,N,-99,C,
2013,5,1,1,0,3,4,E,AMCA2,0,40,9,N,-99,C,
2013,5,1,1,0,3,6,E,AMCA2,0,82,3.4,N,-99,N,
2013,5,1,1,0,3,6,E,AMCA2,0,83,1.9,N,-99,N,
2013,5,1,1,0,3,9,E,KOVI,0,143,9.4,F,-99,N,
2013,5,1,1,0,3,9,E,KOVI,0,63,2.3,N,-99,N,
2013,6,1,0,1,2,10,A,ATPA4,0,94,3.7,N,-99,N,
2013,6,1,0,1,2,10,A,AMCA2,0,137,9.8,N,-99,N,
2013,6,1,0,1,2,2,A,KOVI,0,130,5.5,F,-99,N,
2013,6,1,0,1,2,2,A,ATPA4,0,127,2.4,N,-99,N,
2013,6,1,0,1,2,2,A,ATPA4,0,159,1.9,N,-99,N,
2013,6,1,0,1,2,3,A,KOVI,0,113,3.5,N,-99,N,
2013,6,1,0,1,2,3,A,AMCA2,0,153,6.9,F,-99,N,
2013,6,1,0,1,2,4,A,AMCA2,0,55,1.5,N,-99,N,
2013,6,1,0,1,2,4,A,AMCA2,0,158,12.9,N,-99,N,
2013,6,1,0,1,2,4,A,ATPA4,0,133,2.1,N,-99,N,
2013,6,1,0,1,2,5,A,AMCA2,0,76,1.8,F,-99,N,
2013,6,1,0,1,2,6,A,ATPA4,0,55,0.9,N,-99,N,
2013,6,1,0,1,2,6,A,AMCA2,0,116,7.5,F,-99,N,
2013,6,1,0,1,2,6,A,AMCA2,0,155,10.1,N,-99,N,
2013,6,1,0,1,2,6,A,ATPA4,0,112,2.2,N,-99,N,
2013,6,1,0,1,2,7,A,AMCA2,0,56,1.2,N,-99,N,
2013,6,1,0,1,2,8,A,AMCA2,0,104,6.9,N,-99,C,
2013,6,1,0,1,2,8,A,AMCA2,0,126,6.6,F,-99,N,
2013,6,1,0,1,2,8,A,AMCA2,0,208,14.1,F,-99,N,
2013,6,1,0,1,2,8,A,AMCA2,0,235,22.9,F,-99,N,
2013,6,1,0,1,2,1,B,AMCA2,0,65,0.8,N,-99,N,
2013,6,1,0,1,2,1,B,ATPA4,0,67,1.1,N,-99,N,
2013,6,1,0,1,2,1,B,KOVI,0,210,9.4,F,-99,N,
2013,6,1,0,1,2,1,B,ATPA4,0,106,1.6,N,-99,N,
2013,6,1,0,1,2,2,B,ATPA4,0,182,2.4,N,-99,N,
2013,6,1,0,1,2,3,B,KOVI,0,174,7,F,-99,N,
2013,6,1,0,1,2,3,B,KOVI,0,167,6,F,-99,N,
2013,6,1,0,1,2,3,B,KOVI,0,174,4.6,F,-99,N,
2013,6,1,0,1,2,4,B,ATPA4,0,102,1.6,N,-99,N,
2013,6,1,0,1,2,4,B,ATPA4,0,114,1,N,-99,N,
2013,6,1,0,1,2,5,B,ATPA4,0,180,3,N,-99,N,
2013,6,1,0,1,2,6,B,AMCA2,0,62,1.5,N,-99,N,
2013,6,1,0,1,2,7,B,AMCA2,0,123,5.5,N,-99,N,
2013,6,1,0,1,2,7,B,ATPA4,0,114,1.5,N,-99,N,
2013,6,1,0,1,2,7,B,ATPA4,0,116,1.7,N,-99,N,
2013,6,1,0,1,2,7,B,AMCA2,0,180,11.3,F,-99,N,
2013,6,1,0,1,2,8,B,ATPA4,0,98,2,N,-99,N,
2013,6,1,0,1,2,8,B,ATPA4,0,106,2.4,N,-99,N,
2013,6,1,0,1,2,8,B,ATPA4,0,201,2.9,N,-99,N,
2013,6,1,0,1,2,8,B,ATPA4,0,203,3.4,N,-99,N,
2013,6,1,0,1,2,1,C,AMCA2,0,68,0.5,N,-99,N,
2013,6,1,0,1,2,1,C,AMCA2,0,76,1.1,N,-99,N,
2013,6,1,0,1,2,2,C,KOVI,0,217,10.4,F,-99,N,
2013,6,1,0,1,2,2,C,ATPA4,0,79,1.6,N,-99,N,
2013,6,1,0,1,2,3,C,ATPA4,0,85,0.6,N,-99,N,
2013,6,1,0,1,2,3,C,ATPA4,0,161,1.5,N,-99,N,
2013,6,1,0,1,2,4,C,AMCA2,0,67,1.6,F,-99,N,
2013,6,1,0,1,2,4,C,AMCA2,0,124,3.4,N,-99,N,
2013,6,1,0,1,2,4,C,AMCA2,0,213,9.2,F,-99,N,
2013,6,1,0,1,2,5,C,AMCA2,0,60,1,F,-99,N,
2013,6,1,0,1,2,5,C,AMCA2,0,62,1.3,F,-99,N,
2013,6,1,0,1,2,5,C,AMCA2,0,78,1.6,F,-99,N,
2013,6,1,0,1,2,6,C,ATPA4,0,95,1.8,N,-99,N,
2013,6,1,0,1,2,6,C,ATPA4,0,153,2.4,N,-99,N,
2013,6,1,0,1,2,8,C,AMCA2,0,95,2.7,N,-99,N,
2013,6,1,0,1,2,8,C,AMCA2,0,154,5.5,N,-99,N,
2013,6,1,0,1,2,8,C,AMCA2,0,265,20.2,F,-99,N,
2013,6,1,0,1,2,9,C,ATPA4,0,161,3.2,N,-99,N,
2013,6,1,0,1,2,1,D,ATPA4,0,73,0.7,N,-99,N,
2013,6,1,0,1,2,10,D,AMCA2,0,62,0.8,N,-99,N,
2013,6,1,0,1,2,10,D,AMCA2,0,99,7.3,F,-99,N,
2013,6,1,0,1,2,10,D,AMCA2,0,111,4.5,N,-99,N,
2013,6,1,0,1,2,10,D,AMCA2,0,126,7.8,N,-99,N,
2013,6,1,0,1,2,10,D,AMCA2,0,196,16.7,F,-99,N,
2013,6,1,0,1,2,4,D,AMCA2,0,101,5.8,N,-99,N,
2013,6,1,0,1,2,4,D,ATPA4,0,111,2.1,N,-99,N,
2013,6,1,0,1,2,4,D,AMCA2,0,242,20.6,F,-99,N,
2013,6,1,0,1,2,5,D,AMCA2,0,114,5,F,-99,N,
2013,6,1,0,1,2,5,D,AMCA2,0,133,4.9,N,-99,N,
2013,6,1,0,1,2,5,D,AMCA2,0,138,6.4,F,-99,N,
2013,6,1,0,1,2,5,D,AMCA2,0,192,9.3,F,-99,N,
2013,6,1,0,1,2,8,D,IVFR,0,84,2.3,N,-99,N,
2013,6,1,0,1,2,8,D,IVFR,0,97,4.3,N,-99,N,
2013,6,1,0,1,2,8,D,IVFR,0,52,2,N,-99,N,
2013,6,1,0,1,2,8,D,AMCA2,0,143,6.3,N,-99,N,
2013,6,1,0,1,2,8,D,AMCA2,0,207,13.7,F,-99,N,
2013,6,1,0,1,2,9,D,ATPA4,0,99,2.2,N,-99,N,
2013,6,1,0,1,2,9,D,ATPA4,0,152,3.4,N,-99,N,
2013,6,1,0,1,2,10,E,KOVI,0,140,8.2,F,-99,N,
2013,6,1,0,1,2,10,E,KOVI,0,136,6.7,F,-99,N,
2013,6,1,0,1,2,10,E,KOVI,0,124,5.4,F,-99,N,
2013,6,1,0,1,2,10,E,KOVI,0,132,7,F,-99,N,
2013,6,1,0,1,2,4,E,AMCA2,0,55,1.3,N,-99,N,
2013,6,1,0,1,2,6,E,IVFR,0,100,3.3,N,-99,N,
2013,6,1,0,1,2,6,E,IVFR,0,152,6.7,N,-99,N,
2013,6,1,0,1,2,6,E,AMCA2,0,89,4.3,N,-99,N,
2013,6,1,0,1,2,6,E,AMCA2,0,98,4.8,F,-99,N,
2013,6,1,0,1,2,6,E,AMCA2,0,162,11.3,F,-99,N,
2013,6,1,0,1,2,7,E,IVFR,0,131,4.6,N,-99,N,
2013,6,1,0,1,2,7,E,IVFR,0,133,5.7,N,-99,N,
2013,6,1,0,1,2,7,E,AMCA2,0,92,2.9,F,-99,N,
2013,7,1,1,1,4,2,A,ATPA4,0,115,2.1,N,-99,N,
2013,7,1,1,1,4,3,A,ATPA4,0,68,0.9,N,-99,N,
2013,7,1,1,1,4,3,A,POHY,0,49,1.3,N,-99,N,
2013,7,1,1,1,4,7,A,ATPA4,0,58,0.9,N,-99,N,
2013,7,1,1,1,4,7,A,ATPA4,0,63,1.1,N,-99,N,
2013,7,1,1,1,4,7,A,ATPA4,0,64,1.1,N,-99,N,
2013,7,1,1,1,4,8,A,ATPA4,0,72,0.8,N,-99,N,
2013,7,1,1,1,4,8,A,IVFR,0,151,5.8,N,-99,N,
2013,7,1,1,1,4,8,A,ATPA4,0,73,1.2,N,-99,N,
2013,7,1,1,1,4,8,A,ATPA4,0,93,4.8,N,-99,N,
2013,7,1,1,1,4,9,A,ATPA4,0,70,1.1,N,-99,N,
2013,7,1,1,1,4,9,A,IVFR,0,157,7.8,N,-99,N,
2013,7,1,1,1,4,9,A,ATPA4,0,77,1.5,N,-99,N,
2013,7,1,1,1,4,9,A,ATPA4,0,86,1.8,N,-99,N,
2013,7,1,1,1,4,9,A,ATPA4,0,102,1.8,N,-99,N,
2013,7,1,1,1,4,1,B,ATPA4,0,75,1.1,N,-99,N,
2013,7,1,1,1,4,2,B,ATPA4,0,93,1.8,N,-99,N,
2013,7,1,1,1,4,4,B,AMCA2,0,88,7.3,N,-99,N,
2013,7,1,1,1,4,8,B,AMCA2,0,93,4.8,N,-99,N,
2013,7,1,1,1,4,8,B,ATPA4,0,87,1.2,N,-99,N,
2013,7,1,1,1,4,8,B,ATPA4,0,103,1.7,N,-99,N,
2013,7,1,1,1,4,9,B,IVFR,0,193,20.7,N,-99,N,
2013,7,1,1,1,4,10,C,ATPA4,0,145,1.9,N,-99,N,
2013,7,1,1,1,4,10,C,ATPA4,0,150,2.7,N,-99,N,
2013,7,1,1,1,4,10,C,ATPA4,0,190,1.9,N,-99,N,
2013,7,1,1,1,4,10,C,ATPA4,0,200,4.2,N,-99,N,
2013,7,1,1,1,4,7,C,ATPA4,0,83,1.2,N,-99,N,
2013,7,1,1,1,4,7,C,ATPA4,0,173,3.2,N,-99,N,
2013,7,1,1,1,4,9,C,AMCA2,0,252,22.2,F,-99,N,
2013,7,1,1,1,4,9,C,ATPA4,0,142,1.9,N,-99,N,
2013,7,1,1,1,4,9,C,ATPA4,0,156,2.2,N,-99,N,
2013,7,1,1,1,4,7,D,ATPA4,0,85,1.2,N,-99,N,
2013,7,1,1,1,4,7,D,ATPA4,0,180,3.2,N,-99,N,
2013,8,1,0,0,1,1,A,KOVI,0,104,5.02,N,-99,N,
2013,8,1,0,0,1,1,A,KOVI,0,107,6.04,N,-99,N,
2013,8,1,0,0,1,10,A,AMCA2,0,80,2.3,N,-99,N,
2013,8,1,0,0,1,2,A,KOVI,0,52,0.58,N,-99,N,
2013,8,1,0,0,1,5,B,AMCA2,0,86,1.81,N,-99,N,
2013,8,1,0,0,1,2,C,KOVI,0,73,0.76,N,-99,N,
2013,9,1,1,1,4,3,A,AMCA2,0,0,0,N,-99,N,
2013,9,1,1,1,4,3,A,AMCA2,0,144,9,F,-99,N,
2013,9,1,1,1,4,7,A,KOVI,0,171,9.7,F,-99,N,
2013,9,1,1,1,4,7,A,KOVI,0,168,9.1,F,-99,N,
2013,9,1,1,1,4,7,A,KOVI,0,177,9.6,F,-99,N,
2013,9,1,1,1,4,7,A,KOVI,0,175,7.7,F,-99,N,
2013,9,1,1,1,4,7,A,KOVI,0,161,9.9,F,-99,N,
2013,9,1,1,1,4,8,A,KOVI,0,173,9.6,F,-99,N,
2013,9,1,1,1,4,8,A,KOVI,0,145,6.8,F,-99,N,
2013,9,1,1,1,4,10,B,KOVI,0,163,10.6,F,-99,N,
2013,9,1,1,1,4,7,B,KOVI,0,114,3,F,-99,N,
2013,9,1,1,1,4,9,B,KOVI,0,179,12.5,F,-99,N,
2013,9,1,1,1,4,9,B,KOVI,0,163,9.5,F,-99,N,
2013,9,1,1,1,4,9,B,KOVI,0,154,9.9,F,-99,N,
2013,9,1,1,1,4,9,B,KOVI,0,104,3.4,N,-99,N,
2013,9,1,1,1,4,1,C,AMCA2,0,63,2.4,N,-99,N,
2013,9,1,1,1,4,1,C,AMCA2,0,177,18,F,-99,N,
2013,9,1,1,1,4,8,C,AMCA2,0,97,3.2,N,-99,N,
2013,9,1,1,1,4,8,C,AMCA2,0,99,2.4,N,-99,N,
2013,9,1,1,1,4,8,C,AMCA2,0,161,10.3,F,-99,N,
2013,9,1,1,1,4,9,C,AMCA2,0,111,5.2,N,-99,N,
2013,9,1,1,1,4,9,C,AMCA2,0,124,5.4,N,-99,N,
2013,10,1,1,0,3,10,A,AMCA2,0,50,1.1,N,-99,N,
2013,10,1,1,0,3,10,A,AMCA2,0,66,1,F,-99,N,
2013,10,1,1,0,3,4,A,AMCA2,0,79,1.6,N,-99,N,
2013,10,1,1,0,3,5,A,KOVI,0,67,3.1,N,-99,N,
2013,10,1,1,0,3,8,A,ATPA4,0,80,1.8,N,-99,N,
2013,10,1,1,0,3,8,A,ATPA4,0,102,3.4,N,-99,N,
2013,10,1,1,0,3,8,A,ATPA4,0,123,3.3,N,-99,N,
2013,10,1,1,0,3,9,A,ATPA4,0,93,2.9,N,-99,N,
2013,10,1,1,0,3,1,D,KOVI,0,146,9.4,N,-99,N,
2013,10,1,1,0,3,3,D,AMCA2,0,137,1.3,N,-99,N,
2013,10,1,1,0,3,10,E,AMCA2,0,137,10,N,-99,N,
2013,10,1,1,0,3,6,E,AMCA2,0,178,14.2,N,-99,N,
2013,11,1,0,0,1,1,A,AMCA2,0,62,1.2,N,-99,N,
2013,11,1,0,0,1,3,A,KOVI,0,113,6.4,F,-99,N,
2013,11,1,0,0,1,4,A,KOVI,0,116,7.3,F,-99,N,
2013,11,1,0,0,1,1,B,AMCA2,0,74,3.2,N,-99,N,
2013,11,1,0,0,1,1,B,AMCA2,0,96,3.2,F,-99,N,
2013,12,1,0,1,2,7,B,ATPA4,0,107,3,N,-99,N,
2013,12,1,0,1,2,8,C,ATPA4,0,50,1.1,N,-99,N,
2013,12,1,0,1,2,9,C,ATPA4,0,56,0.9,N,-99,N,
2013,12,1,0,1,2,2,D,ATPA4,0,96,1,N,-99,N,
2013,12,1,0,1,2,2,E,ATPA4,0,128,2.1,N,-99,N,
2013,12,1,0,1,2,3,E,ATPA4,0,120,2.6,N,-99,N,
2014,1,1,0,0,1,1,E,AMCA2,-99,40,0.6,N,-99,N,
2014,1,1,0,0,1,1,E,AMCA2,-99,43,1,N,-99,N,
2014,1,1,0,0,1,1,E,AMCA2,-99,52,1.2,N,-99,N,
2014,1,1,0,0,1,2,A,SOSE,-99,87,3.9,N,-99,N,
2014,1,1,0,0,1,2,A,SOSE,-99,85,3.6,N,-99,N,
2014,1,1,0,0,1,2,A,SOSE,-99,77,3.2,N,-99,N,
2014,1,1,0,0,1,2,B,IVFR,-99,104,5.7,N,-99,N,
2014,1,1,0,0,1,2,B,SOSE,-99,70,5,N,-99,N,
2014,1,1,0,0,1,2,B,SOSE,-99,110,5,N,-99,N,
2014,1,1,0,0,1,2,B,SOSE,-99,92,4.1,N,-99,N,
2014,1,1,0,0,1,2,B,SOSE,-99,47,2.9,N,-99,N,
2014,1,1,0,0,1,2,C,AMCA2,-99,13,1,N,-99,N,
2014,1,1,0,0,1,2,C,AMCA2,-99,15,1,N,-99,N,
2014,1,1,0,0,1,2,D,AMCA2,-99,27,1,N,-99,N,
2014,1,1,0,0,1,2,D,AMCA2,-99,50,1.8,N,-99,N,
2014,1,1,0,0,1,2,E,AMCA2,-99,80,3,N,-99,N,
2014,1,1,0,0,1,2,E,AMCA2,-99,110,5.4,N,-99,N,
2014,1,1,0,0,1,3,A,SOSE,-99,100,7.6,N,-99,N,
2014,1,1,0,0,1,3,B,AMCA2,-99,18,1,N,-99,N,
2014,1,1,0,0,1,3,C,AMCA2,-99,15,1,N,-99,N,
2014,1,1,0,0,1,3,C,IVFR,-99,140,7.9,N,-99,N,
2014,1,1,0,0,1,3,C,IVFR,-99,73,3.2,N,-99,N,
2014,1,1,0,0,1,3,E,KOVI,-99,90,4.4,N,-99,N,
2014,1,1,0,0,1,5,A,SOSE,-99,125,4.2,N,-99,N,
2014,1,1,0,0,1,5,A,SOSE,-99,117,4.1,N,-99,N,
2014,1,1,0,0,1,5,A,SOSE,-99,90,2.4,N,-99,N,
2014,1,1,0,0,1,5,B,SOSE,-99,129,5.7,N,-99,N,
2014,1,1,0,0,1,5,B,SOSE,-99,89,4.7,N,-99,N,
2014,1,1,0,0,1,5,B,SOSE,-99,79,4.4,N,-99,N,
2014,1,1,0,0,1,5,B,SOSE,-99,93,3.4,N,-99,N,
2014,1,1,0,0,1,5,B,SOSE,-99,71,2.7,N,-99,N,
2014,1,1,0,0,1,5,D,AMCA2,-99,27,1.2,N,-99,N,
2014,1,1,0,0,1,5,E,AMCA2,-99,75,2.9,N,-99,N,
2014,1,1,0,0,1,6,A,SOSE,-99,110,4.6,N,-99,N,
2014,1,1,0,0,1,6,A,SOSE,-99,85,2.8,N,-99,N,
2014,1,1,0,0,1,6,C,AMCA2,-99,40,0.9,N,-99,N,
2014,1,1,0,0,1,6,E,AMCA2,-99,60,1.9,N,-99,N,
2014,1,1,0,0,1,6,E,AMCA2,-99,70,2.7,N,-99,N,
2014,1,1,0,0,1,6,E,AMCA2,-99,120,4.4,N,-99,N,
2014,1,1,0,0,1,8,B,SOSE,-99,87,6.1,N,-99,N,
2014,1,1,0,0,1,8,D,AMCA2,-99,5,1,N,-99,N,
2014,1,1,0,0,1,8,D,AMCA2,-99,5,1,N,-99,N,
2014,1,1,0,0,1,8,E,AMCA2,-99,55,2,N,-99,N,
2014,1,1,0,0,1,9,B,SOSE,-99,66,3.7,N,-99,N,
2014,1,1,0,0,1,9,C,IVFR,-99,80,6.3,N,-99,N,
2014,1,1,0,0,1,9,C,KOVI,-99,57,3.3,N,-99,N,
2014,1,1,0,0,1,9,D,AMCA2,-99,7,1,N,-99,N,
2014,1,1,0,0,1,10,A,AMCA2,-99,14,1.2,N,-99,N,
2014,1,1,0,0,1,10,B,IVFR,-99,95,6.2,N,-99,N,
2014,1,1,0,0,1,10,C,IVFR,-99,80,6.5,N,-99,N,
2014,1,1,0,0,1,10,C,IVFR,-99,95,5.5,N,-99,N,
2014,2,1,1,0,3,1,A,AMCA2,-99,85,2.7,N,-99,N,
2014,2,1,1,0,3,1,A,AMCA2,-99,107,3.1,F,-99,N,
2014,2,1,1,0,3,1,A,SPCY,-99,120,2.1,N,-99,N,
2014,2,1,1,0,3,1,A,KOVI,-99,15,1.3,N,-99,N,
2014,2,1,1,0,3,1,B,AMCA2,-99,79,1.5,N,-99,N,
2014,2,1,1,0,3,1,B,AMCA2,-99,88,1.3,N,-99,N,
2014,2,1,1,0,3,1,B,AMCA2,-99,90,1.6,N,-99,N,
2014,2,1,1,0,3,1,B,AMCA2,-99,92,2.6,N,-99,N,
2014,2,1,1,0,3,1,B,AMCA2,-99,110,2.5,F,-99,N,
2014,2,1,1,0,3,1,B,AMCA2,-99,110,2,F,-99,N,
2014,2,1,1,0,3,1,C,AMCA2,-99,70,0.9,N,-99,N,
2014,2,1,1,0,3,1,C,AMCA2,-99,81,1.2,N,-99,N,
2014,2,1,1,0,3,1,C,AMCA2,-99,85,2.5,N,-99,N,
2014,2,1,1,0,3,1,C,AMCA2,-99,90,2.1,F,-99,N,
2014,2,1,1,0,3,1,D,AMCA2,-99,158,4,F,-99,N,
2014,2,1,1,0,3,1,D,AMCA2,-99,159,3.6,F,-99,N,
2014,2,1,1,0,3,2,A,SPCY,-99,147,2.5,N,-99,N,
2014,2,1,1,0,3,2,A,SPCY,-99,135,2.3,N,-99,N,
2014,2,1,1,0,3,2,A,KOVI,-99,55,0.9,N,-99,N,
2014,2,1,1,0,3,2,A,KOVI,-99,40,0.9,N,-99,N,
2014,2,1,1,0,3,2,A,AMCA2,-99,138,4.3,N,-99,N,
2014,2,1,1,0,3,2,B,AMCA2,-99,70,0.2,N,-99,N,
2014,2,1,1,0,3,2,B,AMCA2,-99,77,0.7,N,-99,N,
2014,2,1,1,0,3,2,B,AMCA2,-99,110,2.6,N,-99,N,
2014,2,1,1,0,3,2,C,AMCA2,-99,70,1,N,-99,N,
2014,2,1,1,0,3,2,C,AMCA2,-99,93,1.5,F,-99,N,
2014,2,1,1,0,3,2,E,IVFR,-99,142,12.1,N,-99,N,
2014,2,1,1,0,3,2,E,IVFR,-99,213,8.4,N,-99,N,
2014,2,1,1,0,3,2,E,IVFR,-99,148,6,N,-99,N,
2014,2,1,1,0,3,2,E,IVFR,-99,110,3.8,N,-99,N,
2014,2,1,1,0,3,3,A,AMCA2,-99,62,1.8,N,-99,N,
2014,2,1,1,0,3,3,A,SPCY,-99,145,3.4,N,-99,N,
2014,2,1,1,0,3,3,B,SPCY,-99,122,3.5,N,-99,N,
2014,2,1,1,0,3,3,C,AMCA2,-99,62,1.8,N,-99,N,
2014,2,1,1,0,3,3,C,KOVI,-99,39,0.5,N,-99,N,
2014,2,1,1,0,3,3,D,AMCA2,-99,70,1,N,-99,N,
2014,2,1,1,0,3,4,B,AMCA2,-99,52,1.2,N,-99,N,
2014,2,1,1,0,3,4,B,AMCA2,-99,63,0.9,F,-99,N,
2014,2,1,1,0,3,4,B,AMCA2,-99,70,1.3,N,-99,N,
2014,2,1,1,0,3,4,E,AMCA2,-99,65,1.3,F,-99,N,
2014,2,1,1,0,3,4,E,AMCA2,-99,78,0.1,F,-99,N,
2014,2,1,1,0,3,4,E,AMCA2,-99,85,1.8,F,-99,N,
2014,2,1,1,0,3,4,E,AMCA2,-99,96,1.7,F,-99,N,
2014,2,1,1,0,3,5,A,KOVI,-99,20,0.9,N,-99,N,
2014,2,1,1,0,3,5,A,ATPA4,-99,96,2,N,-99,N,
2014,2,1,1,0,3,5,B,AMCA2,-99,66,1.6,N,-99,N,
2014,2,1,1,0,3,5,B,KOVI,-99,38,0.9,N,-99,N,
2014,2,1,1,0,3,5,C,AMCA2,-99,83,2.1,N,-99,N,
2014,2,1,1,0,3,5,D,AMCA2,-99,40,0.2,N,-99,N,
2014,2,1,1,0,3,5,E,AMCA2,-99,60,0.4,F,-99,N,
2014,2,1,1,0,3,5,E,AMCA2,-99,75,2.1,N,-99,N,
2014,2,1,1,0,3,5,E,AMCA2,-99,75,1.8,F,-99,N,
2014,2,1,1,0,3,6,C,AMCA2,-99,53,0.9,F,-99,N,
2014,2,1,1,0,3,6,C,AMCA2,-99,75,0.9,F,-99,N,
2014,2,1,1,0,3,6,C,AMCA2,-99,100,2.7,F,-99,N,
2014,2,1,1,0,3,6,D,AMCA2,-99,64,1.5,F,-99,N,
2014,2,1,1,0,3,6,D,AMCA2,-99,85,2.3,F,-99,N,
2014,2,1,1,0,3,6,E,AMCA2,-99,80,1.3,F,-99,N,
2014,2,1,1,0,3,6,E,KOVI,-99,45,2.7,F,-99,N,
2014,2,1,1,0,3,7,A,AMCA2,-99,71,1.4,F,-99,N,
2014,2,1,1,0,3,7,A,KOVI,-99,76,2.8,N,-99,N,
2014,2,1,1,0,3,8,B,KOVI,-99,45,1.1,N,-99,N,
2014,2,1,1,0,3,8,E,AMCA2,-99,59,1.8,F,-99,N,
2014,2,1,1,0,3,9,A,SOSE,-99,95,6.3,N,-99,N,
2014,2,1,1,0,3,9,B,IVFR,-99,125,9.1,N,-99,N,
2014,2,1,1,0,3,9,B,KOVI,-99,103,5.3,F,-99,N,
2014,2,1,1,0,3,9,B,KOVI,-99,109,4.7,F,-99,N,
2014,2,1,1,0,3,9,B,SOSE,-99,128,4.3,N,-99,N,
2014,2,1,1,0,3,9,B,KOVI,-99,98,3.3,F,-99,N,
2014,2,1,1,0,3,9,D,AMCA2,-99,58,0.7,F,-99,N,
2014,2,1,1,0,3,10,A,IVFR,-99,63,3.2,N,-99,N,
2014,2,1,1,0,3,10,A,IVFR,-99,49,1.8,N,-99,N,
2014,2,1,1,0,3,10,B,KOVI,-99,100,6.4,F,-99,N,
2014,2,1,1,0,3,10,B,KOVI,-99,84,5.1,F,-99,N,
2014,2,1,1,0,3,10,B,KOVI,-99,79,3.9,F,-99,N,
2014,2,1,1,0,3,10,B,IVFR,-99,75,2.5,N,-99,N,
2014,2,1,1,0,3,10,B,IVFR,-99,54,2.1,N,-99,N,
2014,2,1,1,0,3,10,B,IVFR,-99,50,1.7,N,-99,N,
2014,3,1,0,1,2,1,A,POHY,-99,104,1.7,N,-99,N,
2014,3,1,0,1,2,1,A,POHY,-99,97,2.3,F,-99,N,
2014,3,1,0,1,2,1,A,POHY,-99,82,1.9,F,-99,N,
2014,3,1,0,1,2,1,A,AMCA2,-99,95,7.8,N,-99,N,
2014,3,1,0,1,2,1,A,AMCA2,-99,175,10.2,N,-99,N,
2014,3,1,0,1,2,1,B,POHY,-99,108,2,N,-99,N,
2014,3,1,0,1,2,1,B,AMCA2,-99,67,1.8,N,-99,N,
2014,3,1,0,1,2,1,B,POHY,-99,79,2.5,N,-99,N,
2014,3,1,0,1,2,1,B,AMCA2,-99,74,2.3,N,-99,N,
2014,3,1,0,1,2,1,B,AMCA2,-99,77,1.4,N,-99,N,
2014,3,1,0,1,2,1,C,AMCA2,-99,75,1.7,N,-99,N,
2014,3,1,0,1,2,1,C,AMCA2,-99,82,2.1,N,-99,N,
2014,3,1,0,1,2,1,C,AMCA2,-99,83,2.3,N,-99,N,
2014,3,1,0,1,2,1,C,AMCA2,-99,84,2.9,N,-99,N,
2014,3,1,0,1,2,1,C,AMCA2,-99,104,4.4,N,-99,N,
2014,3,1,0,1,2,1,C,AMCA2,-99,107,4.1,F,-99,N,
2014,3,1,0,1,2,1,C,AMCA2,-99,146,7.5,F,-99,N,
2014,3,1,0,1,2,1,C,AMCA2,-99,196,11.6,F,-99,N,
2014,3,1,0,1,2,1,D,AMCA2,-99,104,2.6,N,-99,N,
2014,3,1,0,1,2,1,D,AMCA2,-99,133,6.4,N,-99,N,
2014,3,1,0,1,2,1,E,AMCA2,-99,72,2.4,N,-99,N,
2014,3,1,0,1,2,1,E,AMCA2,-99,72,1.6,N,-99,N,
2014,3,1,0,1,2,1,E,AMCA2,-99,146,7.2,F,-99,N,
2014,3,1,0,1,2,1,E,AMCA2,-99,166,8.1,F,-99,N,
2014,3,1,0,1,2,2,A,POHY,-99,97,2.1,F,-99,N,
2014,3,1,0,1,2,2,A,POHY,-99,97,2.1,F,-99,N,
2014,3,1,0,1,2,2,A,POHY,-99,97,1.6,F,-99,N,
2014,3,1,0,1,2,2,A,POHY,-99,96,1.7,F,-99,N,
2014,3,1,0,1,2,2,A,POHY,-99,88,2.2,F,-99,N,
2014,3,1,0,1,2,2,A,POHY,-99,77,1.7,F,-99,N,
2014,3,1,0,1,2,2,A,POHY,-99,73,1.2,N,-99,N,
2014,3,1,0,1,2,2,B,POHY,-99,127,2.9,F,-99,N,
2014,3,1,0,1,2,2,B,POHY,-99,110,1.8,F,-99,N,
2014,3,1,0,1,2,2,B,POHY,-99,97,3,F,-99,N,
2014,3,1,0,1,2,2,B,POHY,-99,89,1.6,N,-99,N,
2014,3,1,0,1,2,2,B,AMCA2,-99,75,1.3,N,-99,N,
2014,3,1,0,1,2,2,B,AMCA2,-99,88,3.3,N,-99,N,
2014,3,1,0,1,2,2,B,AMCA2,-99,115,5.4,N,-99,N,
2014,3,1,0,1,2,2,C,AMCA2,-99,69,1.5,N,-99,N,
2014,3,1,0,1,2,2,C,AMCA2,-99,69,1.5,N,-99,N,
2014,3,1,0,1,2,2,C,AMCA2,-99,90,2.6,N,-99,N,
2014,3,1,0,1,2,2,C,AMCA2,-99,105,3.3,F,-99,N,
2014,3,1,0,1,2,2,C,AMCA2,-99,106,3.3,F,-99,N,
2014,3,1,0,1,2,2,C,AMCA2,-99,146,4.2,F,-99,N,
2014,3,1,0,1,2,2,D,AMCA2,-99,143,5.3,F,-99,N,
2014,3,1,0,1,2,2,D,AMCA2,-99,154,7.7,N,-99,N,
2014,3,1,0,1,2,2,D,AMCA2,-99,154,5,N,-99,N,
2014,3,1,0,1,2,2,E,AMCA2,-99,170,9,F,-99,N,
2014,3,1,0,1,2,3,A,POHY,-99,117,2.2,F,-99,N,
2014,3,1,0,1,2,3,A,POHY,-99,108,2.3,F,-99,N,
2014,3,1,0,1,2,3,A,POHY,-99,105,1.4,F,-99,N,
2014,3,1,0,1,2,3,A,POHY,-99,73,1.2,N,-99,N,
2014,3,1,0,1,2,3,B,POHY,-99,135,3.1,F,-99,N,
2014,3,1,0,1,2,3,B,POHY,-99,125,2.6,F,-99,N,
2014,3,1,0,1,2,3,B,POHY,-99,118,1.8,F,-99,N,
2014,3,1,0,1,2,3,B,POHY,-99,109,2,F,-99,N,
2014,3,1,0,1,2,3,B,POHY,-99,96,1.6,F,-99,N,
2014,3,1,0,1,2,3,B,AMCA2,-99,81,2.2,N,-99,N,
2014,3,1,0,1,2,3,B,AMCA2,-99,92,3.5,N,-99,N,
2014,3,1,0,1,2,3,B,AMCA2,-99,113,4.2,N,-99,N,
2014,3,1,0,1,2,3,B,AMCA2,-99,152,5.3,N,-99,N,
2014,3,1,0,1,2,3,C,AMCA2,-99,75,2.3,N,-99,N,
2014,3,1,0,1,2,3,C,AMCA2,-99,78,1.7,N,-99,N,
2014,3,1,0,1,2,3,C,AMCA2,-99,92,1.5,N,-99,N,
2014,3,1,0,1,2,3,C,AMCA2,-99,104,1.9,F,-99,N,
2014,3,1,0,1,2,3,C,AMCA2,-99,108,3.2,N,-99,N,
2014,3,1,0,1,2,3,C,AMCA2,-99,113,6.1,N,-99,N,
2014,3,1,0,1,2,3,C,AMCA2,-99,113,4.3,F,-99,N,
2014,3,1,0,1,2,3,C,AMCA2,-99,113,3,F,-99,N,
2014,3,1,0,1,2,3,C,AMCA2,-99,113,2.5,F,-99,N,
2014,3,1,0,1,2,3,C,AMCA2,-99,158,8.9,F,-99,N,
2014,3,1,0,1,2,3,D,SOSE,-99,79,4.7,N,-99,N,
2014,3,1,0,1,2,3,E,SOSE,-99,131,5.9,N,-99,N,
2014,3,1,0,1,2,3,E,SOSE,-99,102,3.7,N,-99,N,
2014,3,1,0,1,2,3,E,SOSE,-99,116,1.5,N,-99,N,
2014,3,1,0,1,2,4,A,SOSE,-99,103,3.3,N,-99,N,
2014,3,1,0,1,2,4,B,AMCA2,-99,73,2.2,N,-99,N,
2014,3,1,0,1,2,4,B,AMCA2,-99,85,6.1,N,-99,C,
2014,3,1,0,1,2,4,B,AMCA2,-99,87,3.6,N,-99,N,
2014,3,1,0,1,2,4,B,SOSE,-99,143,5.3,N,-99,N,
2014,3,1,0,1,2,4,B,SOSE,-99,79,2.6,N,-99,N,
2014,3,1,0,1,2,4,B,SOSE,-99,81,2.2,N,-99,N,
2014,3,1,0,1,2,4,C,AMCA2,-99,97,2.9,F,-99,N,
2014,3,1,0,1,2,4,C,AMCA2,-99,104,1.5,F,-99,N,
2014,3,1,0,1,2,4,D,SOSE,-99,149,7.2,N,-99,N,
2014,3,1,0,1,2,4,D,SOSE,-99,143,6.4,N,-99,N,
2014,3,1,0,1,2,4,D,SOSE,-99,141,6.3,N,-99,N,
2014,3,1,0,1,2,4,D,SOSE,-99,150,6.3,N,-99,N,
2014,3,1,0,1,2,4,D,SOSE,-99,144,5,N,-99,N,
2014,3,1,0,1,2,4,D,SOSE,-99,141,4.9,N,-99,N,
2014,3,1,0,1,2,4,D,SOSE,-99,142,4.6,N,-99,N,
2014,3,1,0,1,2,4,D,SOSE,-99,123,4.2,N,-99,N,
2014,3,1,0,1,2,4,D,SOSE,-99,109,4.1,N,-99,N,
2014,3,1,0,1,2,4,E,AMCA2,-99,80,1.9,F,-99,N,
2014,3,1,0,1,2,4,E,SOSE,-99,114,7.5,N,-99,N,
2014,3,1,0,1,2,4,E,SOSE,-99,142,6.4,N,-99,N,
2014,3,1,0,1,2,4,E,SOSE,-99,129,5.3,N,-99,N,
2014,3,1,0,1,2,4,E,SOSE,-99,134,4.4,N,-99,N,
2014,3,1,0,1,2,4,E,SOSE,-99,115,4.2,N,-99,N,
2014,3,1,0,1,2,5,A,SOSE,-99,182,7.7,N,-99,N,
2014,3,1,0,1,2,5,A,SOSE,-99,174,7.6,N,-99,N,
2014,3,1,0,1,2,5,A,SOSE,-99,172,7.4,N,-99,N,
2014,3,1,0,1,2,5,A,SOSE,-99,140,6.2,N,-99,N,
2014,3,1,0,1,2,5,A,SOSE,-99,150,5.8,N,-99,N,
2014,3,1,0,1,2,5,A,SOSE,-99,135,4.4,N,-99,N,
2014,3,1,0,1,2,5,A,SOSE,-99,85,2.5,N,-99,N,
2014,3,1,0,1,2,5,D,SOSE,-99,144,6.4,N,-99,N,
2014,3,1,0,1,2,5,D,SOSE,-99,144,5.9,N,-99,N,
2014,3,1,0,1,2,5,D,SOSE,-99,141,5.6,N,-99,N,
2014,3,1,0,1,2,5,D,SOSE,-99,132,5,N,-99,N,
2014,3,1,0,1,2,5,D,SOSE,-99,126,4.6,N,-99,N,
2014,3,1,0,1,2,5,D,SOSE,-99,90,3.2,N,-99,N,
2014,3,1,0,1,2,5,E,SOSE,-99,149,7.2,N,-99,N,
2014,3,1,0,1,2,5,E,SOSE,-99,132,6.7,N,-99,N,
2014,3,1,0,1,2,5,E,SOSE,-99,133,6.6,N,-99,N,
2014,3,1,0,1,2,5,E,SOSE,-99,105,4.8,N,-99,N,
2014,3,1,0,1,2,5,E,SOSE,-99,104,3.9,N,-99,N,
2014,3,1,0,1,2,6,A,SOSE,-99,162,6,N,-99,N,
2014,3,1,0,1,2,6,A,SOSE,-99,150,5.3,N,-99,N,
2014,3,1,0,1,2,6,A,SOSE,-99,105,4.9,N,-99,N,
2014,3,1,0,1,2,6,A,SOSE,-99,94,3.3,N,-99,N,
2014,3,1,0,1,2,6,A,SOSE,-99,120,3.1,N,-99,N,
2014,3,1,0,1,2,6,A,SOSE,-99,83,3,N,-99,N,
2014,3,1,0,1,2,6,B,SOSE,-99,90,2.3,N,-99,N,
2014,3,1,0,1,2,6,D,ATPA4,-99,67,0.9,N,-99,N,
2014,3,1,0,1,2,6,D,AMCA2,-99,81,2.3,N,-99,N,
2014,3,1,0,1,2,6,E,AMCA2,-99,84,3.5,N,-99,N,
2014,3,1,0,1,2,6,E,SOSE,-99,104,4.3,N,-99,N,
2014,3,1,0,1,2,6,E,SOSE,-99,87,3.8,N,-99,N,
2014,3,1,0,1,2,6,E,SOSE,-99,94,3.6,N,-99,N,
2014,3,1,0,1,2,7,B,SOSE,-99,50,1.2,N,-99,N,
2014,3,1,0,1,2,7,D,AMCA2,-99,77,2.6,N,-99,N,
2014,3,1,0,1,2,7,D,AMCA2,-99,78,2.8,N,-99,N,
2014,3,1,0,1,2,7,D,AMCA2,-99,79,2.3,N,-99,N,
2014,3,1,0,1,2,7,D,AMCA2,-99,95,3.2,N,-99,N,
2014,3,1,0,1,2,7,D,AMCA2,-99,111,5.4,F,-99,N,
2014,3,1,0,1,2,7,E,AMCA2,-99,58,2.2,N,-99,N,
2014,3,1,0,1,2,8,A,AMCA2,-99,65,2.5,N,-99,N,
2014,3,1,0,1,2,8,A,AMCA2,-99,72,4.5,N,-99,N,
2014,3,1,0,1,2,8,A,IVFR,-99,206,8.9,N,-99,N,
2014,3,1,0,1,2,8,B,IVFR,-99,85,12.9,N,-99,N,
2014,3,1,0,1,2,8,C,SOSE,-99,45,0.6,N,-99,N,
2014,3,1,0,1,2,8,D,AMCA2,-99,77,1.6,N,-99,N,
2014,3,1,0,1,2,8,D,AMCA2,-99,81,2.2,N,-99,N,
2014,3,1,0,1,2,8,D,AMCA2,-99,82,2.5,N,-99,N,
2014,3,1,0,1,2,8,D,AMCA2,-99,88,4.2,F,-99,N,
2014,3,1,0,1,2,8,D,AMCA2,-99,92,3.1,F,-99,N,
2014,3,1,0,1,2,8,D,ATPA4,-99,86,1.2,N,-99,N,
2014,3,1,0,1,2,9,A,AMCA2,-99,61,1.6,N,-99,N,
2014,3,1,0,1,2,9,A,AMCA2,-99,62,2,N,-99,N,
2014,3,1,0,1,2,9,A,AMCA2,-99,71,2.1,N,-99,N,
2014,3,1,0,1,2,9,A,AMCA2,-99,74,2.5,N,-99,N,
2014,3,1,0,1,2,9,A,AMCA2,-99,76,2.8,F,-99,N,
2014,3,1,0,1,2,9,A,AMCA2,-99,91,3.9,F,-99,N,
2014,3,1,0,1,2,9,C,AMCA2,-99,68,3,N,-99,N,
2014,3,1,0,1,2,9,D,AMCA2,-99,82,3,N,-99,N,
2014,3,1,0,1,2,9,D,AMCA2,-99,94,6.7,N,-99,N,
2014,3,1,0,1,2,9,D,AMCA2,-99,118,8.7,N,-99,N,
2014,3,1,0,1,2,9,D,AMCA2,-99,153,7,F,-99,N,
2014,3,1,0,1,2,9,E,AMCA2,-99,60,1.7,N,-99,N,
2014,3,1,0,1,2,9,E,AMCA2,-99,64,1.6,F,-99,N,
2014,3,1,0,1,2,9,E,AMCA2,-99,64,1.3,F,-99,N,
2014,3,1,0,1,2,9,E,AMCA2,-99,78,3.5,N,-99,N,
2014,3,1,0,1,2,10,A,AMCA2,-99,66,1.5,N,-99,N,
2014,3,1,0,1,2,10,A,AMCA2,-99,80,2.8,N,-99,N,
2014,3,1,0,1,2,10,A,AMCA2,-99,101,2.9,N,-99,N,
2014,3,1,0,1,2,10,A,AMCA2,-99,105,6.5,N,-99,N,
2014,3,1,0,1,2,10,A,AMCA2,-99,107,6.9,N,-99,C,
2014,3,1,0,1,2,10,A,AMCA2,-99,114,6.4,F,-99,N,
2014,3,1,0,1,2,10,A,AMCA2,-99,131,6.5,F,-99,N,
2014,3,1,0,1,2,10,A,AMCA2,-99,135,6.1,N,-99,N,
2014,3,1,0,1,2,10,B,AMCA2,-99,56,4.5,N,-99,N,
2014,3,1,0,1,2,10,B,AMCA2,-99,71,2.9,N,-99,N,
2014,3,1,0,1,2,10,B,AMCA2,-99,81,3.7,N,-99,N,
2014,3,1,0,1,2,10,B,AMCA2,-99,82,4,N,-99,C,
2014,3,1,0,1,2,10,B,AMCA2,-99,116,4.8,F,-99,N,
2014,3,1,0,1,2,10,B,AMCA2,-99,151,5.1,F,-99,N,
2014,3,1,0,1,2,10,B,AMCA2,-99,180,8.7,F,-99,N,
2014,3,1,0,1,2,10,C,AMCA2,-99,64,1.4,N,-99,N,
2014,3,1,0,1,2,10,C,AMCA2,-99,65,2.6,N,-99,N,
2014,3,1,0,1,2,10,C,AMCA2,-99,65,1.9,N,-99,N,
2014,3,1,0,1,2,10,C,AMCA2,-99,72,2.7,N,-99,N,
2014,3,1,0,1,2,10,C,AMCA2,-99,72,2.5,N,-99,N,
2014,3,1,0,1,2,10,C,AMCA2,-99,77,2.9,N,-99,N,
2014,3,1,0,1,2,10,C,AMCA2,-99,84,2.3,F,-99,N,
2014,3,1,0,1,2,10,C,AMCA2,-99,96,5.1,N,-99,N,
2014,3,1,0,1,2,10,D,AMCA2,-99,73,4.3,N,-99,N,
2014,3,1,0,1,2,10,D,AMCA2,-99,80,2.9,N,-99,N,
2014,3,1,0,1,2,10,D,AMCA2,-99,102,4.5,N,-99,N,
2014,3,1,0,1,2,10,D,AMCA2,-99,122,7.5,N,-99,N,
2014,3,1,0,1,2,10,E,AMCA2,-99,69,3.9,N,-99,N,
2014,3,1,0,1,2,10,E,AMCA2,-99,92,5.8,N,-99,N,
2014,3,1,0,1,2,10,E,AMCA2,-99,101,5.5,N,-99,N,
2014,4,1,1,1,4,1,A,AMCA2,-99,71,2.1,N,-99,N,
2014,4,1,1,1,4,1,A,AMCA2,-99,78,3.7,N,-99,N,
2014,4,1,1,1,4,1,A,AMCA2,-99,172,8.2,F,-99,N,
2014,4,1,1,1,4,1,B,KOVI,-99,153,8.7,F,-99,N,
2014,4,1,1,1,4,1,B,KOVI,-99,146,8.1,F,-99,N,
2014,4,1,1,1,4,1,B,KOVI,-99,123,4,F,-99,N,
2014,4,1,1,1,4,1,B,AMCA2,-99,219,10.4,F,-99,N,
2014,4,1,1,1,4,1,B,AMCA2,-99,221,10.8,F,-99,N,
2014,4,1,1,1,4,1,C,ATPA4,-99,83,1,N,-99,N,
2014,4,1,1,1,4,1,D,AMCA2,-99,69,2.8,N,-99,N,
2014,4,1,1,1,4,1,E,KOVI,-99,153,7.3,F,-99,N,
2014,4,1,1,1,4,1,E,KOVI,-99,147,7.1,F,-99,N,
2014,4,1,1,1,4,1,E,KOVI,-99,145,6.9,F,-99,N,
2014,4,1,1,1,4,1,E,KOVI,-99,144,6.4,F,-99,N,
2014,4,1,1,1,4,1,E,KOVI,-99,143,5.8,F,-99,N,
2014,4,1,1,1,4,1,E,KOVI,-99,113,4.7,F,-99,N,
2014,4,1,1,1,4,1,E,KOVI,-99,96,3.6,N,-99,C,
2014,4,1,1,1,4,2,A,KOVI,-99,133,5.9,F,-99,N,
2014,4,1,1,1,4,2,A,KOVI,-99,126,5.5,N,-99,N,
2014,4,1,1,1,4,2,A,KOVI,-99,118,5.2,N,-99,N,
2014,4,1,1,1,4,2,B,SOSE,-99,181,4.9,N,-99,N,
2014,4,1,1,1,4,2,B,SOSE,-99,157,4.7,N,-99,N,
2014,4,1,1,1,4,2,C,SOSE,-99,235,8.1,N,-99,N,
2014,4,1,1,1,4,2,C,SOSE,-99,209,5.9,N,-99,N,
2014,4,1,1,1,4,2,C,SOSE,-99,207,5.7,N,-99,N,
2014,4,1,1,1,4,2,C,SOSE,-99,196,5.4,N,-99,N,
2014,4,1,1,1,4,2,C,SOSE,-99,176,4.8,N,-99,N,
2014,4,1,1,1,4,2,C,SOSE,-99,169,4.7,N,-99,N,
2014,4,1,1,1,4,2,C,SOSE,-99,172,4.6,N,-99,N,
2014,4,1,1,1,4,2,C,SOSE,-99,137,4.6,N,-99,N,
2014,4,1,1,1,4,2,C,SOSE,-99,173,4.4,N,-99,N,
2014,4,1,1,1,4,2,C,SOSE,-99,142,4.4,N,-99,N,
2014,4,1,1,1,4,2,C,SOSE,-99,157,4,N,-99,N,
2014,4,1,1,1,4,2,C,SOSE,-99,104,2.4,N,-99,N,
2014,4,1,1,1,4,2,D,SOSE,-99,181,5.4,N,-99,N,
2014,4,1,1,1,4,2,D,SOSE,-99,177,4.7,N,-99,N,
2014,4,1,1,1,4,2,D,SOSE,-99,144,4.6,N,-99,N,
2014,4,1,1,1,4,2,D,SOSE,-99,151,4.1,N,-99,N,
2014,4,1,1,1,4,2,D,SOSE,-99,138,4.1,N,-99,N,
2014,4,1,1,1,4,2,E,KOVI,-99,150,4.6,N,-99,N,
2014,4,1,1,1,4,2,E,KOVI,-99,138,3.8,N,-99,N,
2014,4,1,1,1,4,2,E,KOVI,-99,109,2.1,N,-99,N,
2014,4,1,1,1,4,3,A,AMCA2,-99,64,2.3,N,-99,N,
2014,4,1,1,1,4,3,A,KOVI,-99,72,3.7,N,-99,N,
2014,4,1,1,1,4,3,A,KOVI,-99,131,3.5,F,-99,N,
2014,4,1,1,1,4,3,B,KOVI,-99,163,8.7,F,-99,N,
2014,4,1,1,1,4,3,B,KOVI,-99,178,7.2,F,-99,N,
2014,4,1,1,1,4,3,B,SOSE,-99,151,4.9,N,-99,N,
2014,4,1,1,1,4,3,B,SOSE,-99,138,4.6,N,-99,N,
2014,4,1,1,1,4,3,B,SOSE,-99,151,4.2,N,-99,N,
2014,4,1,1,1,4,3,C,SOSE,-99,210,6.2,N,-99,N,
2014,4,1,1,1,4,3,C,SOSE,-99,192,5.5,N,-99,N,
2014,4,1,1,1,4,3,C,SOSE,-99,203,5.5,N,-99,N,
2014,4,1,1,1,4,3,C,SOSE,-99,173,5,N,-99,N,
2014,4,1,1,1,4,3,C,SOSE,-99,173,4.8,N,-99,N,
2014,4,1,1,1,4,3,C,SOSE,-99,181,4.7,N,-99,N,
2014,4,1,1,1,4,3,C,SOSE,-99,144,3.4,N,-99,N,
2014,4,1,1,1,4,3,C,SOSE,-99,131,3.1,N,-99,N,
2014,4,1,1,1,4,3,C,SOSE,-99,85,3.1,N,-99,N,
2014,4,1,1,1,4,3,C,SOSE,-99,85,2.6,N,-99,N,
2014,4,1,1,1,4,3,C,SOSE,-99,113,2.5,N,-99,N,
2014,4,1,1,1,4,3,D,SOSE,-99,170,4.4,N,-99,N,
2014,4,1,1,1,4,3,D,SOSE,-99,132,4.1,N,-99,N,
2014,4,1,1,1,4,3,D,SOSE,-99,73,1.1,N,-99,N,
2014,4,1,1,1,4,3,E,SOSE,-99,150,7.4,N,-99,N,
2014,4,1,1,1,4,3,E,SOSE,-99,112,3.4,N,-99,N,
2014,4,1,1,1,4,3,E,SOSE,-99,93,2.7,N,-99,N,
2014,4,1,1,1,4,4,A,ATPA4,-99,58,0.5,N,-99,N,
2014,4,1,1,1,4,4,A,KOVI,-99,167,8.9,F,-99,N,
2014,4,1,1,1,4,4,B,AMCA2,-99,51,1.4,N,-99,N,
2014,4,1,1,1,4,4,B,KOVI,-99,160,8.4,F,-99,N,
2014,4,1,1,1,4,4,D,AMCA2,-99,73,1.7,N,-99,N,
2014,4,1,1,1,4,4,D,SOSE,-99,90,3.3,N,-99,N,
2014,4,1,1,1,4,4,D,AMCA2,-99,157,6.4,F,-99,N,
2014,4,1,1,1,4,5,A,AMCA2,-99,64,1.8,F,-99,N,
2014,4,1,1,1,4,5,A,AMCA2,-99,90,3.4,F,-99,N,
2014,4,1,1,1,4,5,B,KOVI,-99,193,10,F,-99,N,
2014,4,1,1,1,4,5,B,KOVI,-99,152,6.7,F,-99,N,
2014,4,1,1,1,4,5,B,SOSE,-99,152,6.7,N,-99,N,
2014,4,1,1,1,4,5,B,KOVI,-99,148,5.4,F,-99,N,
2014,4,1,1,1,4,5,B,KOVI,-99,163,5.2,F,-99,N,
2014,4,1,1,1,4,5,C,KOVI,-99,183,9.8,F,-99,N,
2014,4,1,1,1,4,5,C,KOVI,-99,178,9.2,F,-99,N,
2014,4,1,1,1,4,5,C,SOSE,-99,177,8.5,N,-99,N,
2014,4,1,1,1,4,5,C,SOSE,-99,182,8.4,N,-99,N,
2014,4,1,1,1,4,5,C,SOSE,-99,164,6.8,N,-99,N,
2014,4,1,1,1,4,5,C,SOSE,-99,162,6.5,N,-99,N,
2014,4,1,1,1,4,5,C,SOSE,-99,152,6.4,N,-99,N,
2014,4,1,1,1,4,5,C,SOSE,-99,86,2.3,N,-99,N,
2014,4,1,1,1,4,5,D,SOSE,-99,154,6.1,N,-99,N,
2014,4,1,1,1,4,6,A,AMCA2,-99,54,1.3,N,-99,N,
2014,4,1,1,1,4,6,A,AMCA2,-99,65,1.7,N,-99,N,
2014,4,1,1,1,4,6,A,AMCA2,-99,66,1.2,F,-99,N,
2014,4,1,1,1,4,6,A,AMCA2,-99,74,1.4,F,-99,N,
2014,4,1,1,1,4,6,B,KOVI,-99,153,8.3,F,-99,N,
2014,4,1,1,1,4,6,C,SOSE,-99,168,7.1,N,-99,N,
2014,4,1,1,1,4,6,C,SOSE,-99,150,6.8,N,-99,N,
2014,4,1,1,1,4,6,C,SOSE,-99,158,6.3,N,-99,N,
2014,4,1,1,1,4,6,C,SOSE,-99,140,5.8,N,-99,N,
2014,4,1,1,1,4,6,C,SOSE,-99,137,5.1,N,-99,N,
2014,4,1,1,1,4,6,C,SOSE,-99,138,4.2,N,-99,N,
2014,4,1,1,1,4,6,C,SOSE,-99,134,3.2,N,-99,N,
2014,4,1,1,1,4,6,D,SOSE,-99,153,8.1,N,-99,N,
2014,4,1,1,1,4,6,D,SOSE,-99,141,7,N,-99,N,
2014,4,1,1,1,4,6,D,SOSE,-99,119,4.1,N,-99,N,
2014,4,1,1,1,4,7,A,AMCA2,-99,73,1.4,F,-99,N,
2014,4,1,1,1,4,7,A,AMCA2,-99,73,1.4,N,-99,N,
2014,4,1,1,1,4,7,A,AMCA2,-99,74,2,N,-99,N,
2014,4,1,1,1,4,7,A,AMCA2,-99,87,2.6,N,-99,N,
2014,4,1,1,1,4,7,A,AMCA2,-99,87,1.9,N,-99,N,
2014,4,1,1,1,4,7,A,AMCA2,-99,142,3.9,F,-99,N,
2014,4,1,1,1,4,7,B,SOSE,-99,144,6.3,N,-99,N,
2014,4,1,1,1,4,7,B,KOVI,-99,58,3.9,N,-99,N,
2014,4,1,1,1,4,7,C,SOSE,-99,153,7.3,N,-99,N,
2014,4,1,1,1,4,7,C,SOSE,-99,152,6.7,N,-99,N,
2014,4,1,1,1,4,7,C,SOSE,-99,154,5.7,N,-99,N,
2014,4,1,1,1,4,7,C,SOSE,-99,139,5.6,N,-99,N,
2014,4,1,1,1,4,7,C,SOSE,-99,143,5.4,N,-99,N,
2014,4,1,1,1,4,7,C,SOSE,-99,153,5.4,N,-99,N,
2014,4,1,1,1,4,7,C,SOSE,-99,137,5.1,N,-99,N,
2014,4,1,1,1,4,7,E,AMCA2,-99,107,5.7,F,-99,N,
2014,4,1,1,1,4,7,E,AMCA2,-99,116,3.8,F,-99,N,
2014,4,1,1,1,4,7,E,AMCA2,-99,117,4.1,F,-99,N,
2014,4,1,1,1,4,8,A,AMCA2,-99,44,4,N,-99,N,
2014,4,1,1,1,4,8,A,AMCA2,-99,50,0.7,N,-99,N,
2014,4,1,1,1,4,8,A,AMCA2,-99,63,1.5,N,-99,N,
2014,4,1,1,1,4,8,A,AMCA2,-99,100,1.8,F,-99,N,
2014,4,1,1,1,4,8,B,AMCA2,-99,79,1.6,N,-99,N,
2014,4,1,1,1,4,8,B,AMCA2,-99,130,2.2,N,-99,N,
2014,4,1,1,1,4,8,C,SOSE,-99,168,7.9,N,-99,N,
2014,4,1,1,1,4,8,C,SOSE,-99,183,7.5,N,-99,N,
2014,4,1,1,1,4,8,D,AMCA2,-99,56,1,N,-99,N,
2014,4,1,1,1,4,8,D,AMCA2,-99,77,1.6,N,-99,N,
2014,4,1,1,1,4,8,D,AMCA2,-99,139,7.7,F,-99,N,
2014,4,1,1,1,4,8,E,AMCA2,-99,67,1.9,N,-99,N,
2014,4,1,1,1,4,8,E,AMCA2,-99,94,4.5,N,-99,N,
2014,4,1,1,1,4,9,A,AMCA2,-99,58,1.5,N,-99,N,
2014,4,1,1,1,4,9,A,AMCA2,-99,69,1.6,N,-99,N,
2014,4,1,1,1,4,9,A,AMCA2,-99,70,1.7,N,-99,N,
2014,4,1,1,1,4,9,A,AMCA2,-99,73,2.6,N,-99,N,
2014,4,1,1,1,4,9,B,KOVI,-99,118,6.9,F,-99,N,
2014,4,1,1,1,4,9,B,KOVI,-99,103,4.8,F,-99,N,
2014,4,1,1,1,4,9,C,ATPA4,-99,28,0.1,N,-99,N,
2014,4,1,1,1,4,9,C,ATPA4,-99,45,0.5,N,-99,N,
2014,4,1,1,1,4,9,C,AMCA2,-99,86,1.3,N,-99,N,
2014,4,1,1,1,4,9,C,AMCA2,-99,92,3.5,N,-99,N,
2014,4,1,1,1,4,9,C,AMCA2,-99,93,4.3,F,-99,N,
2014,4,1,1,1,4,9,C,AMCA2,-99,100,3.7,N,-99,N,
2014,4,1,1,1,4,9,C,IVFR,-99,66,2.6,N,-99,N,
2014,4,1,1,1,4,9,C,AMCA2,-99,103,3.3,N,-99,N,
2014,4,1,1,1,4,9,C,AMCA2,-99,106,2.4,F,-99,N,
2014,4,1,1,1,4,9,C,AMCA2,-99,107,2.3,F,-99,N,
2014,4,1,1,1,4,9,C,AMCA2,-99,126,5.5,F,-99,N,
2014,4,1,1,1,4,9,C,AMCA2,-99,137,5.3,F,-99,N,
2014,4,1,1,1,4,9,C,ATPA4,-99,107,1.8,N,-99,N,
2014,4,1,1,1,4,9,D,AMCA2,-99,60,1.3,N,-99,N,
2014,4,1,1,1,4,9,D,AMCA2,-99,60,1.1,N,-99,N,
2014,4,1,1,1,4,9,D,AMCA2,-99,73,1.8,N,-99,N,
2014,4,1,1,1,4,9,D,AMCA2,-99,73,1.5,N,-99,N,
2014,4,1,1,1,4,9,D,AMCA2,-99,76,1.6,N,-99,N,
2014,4,1,1,1,4,9,D,AMCA2,-99,84,2.8,N,-99,N,
2014,4,1,1,1,4,9,D,AMCA2,-99,90,2.4,N,-99,N,
2014,4,1,1,1,4,9,D,SOSE,-99,113,4.6,N,-99,N,
2014,4,1,1,1,4,9,D,ASTER,-99,103,2.6,N,-99,N,
2014,4,1,1,1,4,9,D,AMCA2,-99,110,3.3,N,-99,N,
2014,4,1,1,1,4,9,D,ATPA4,-99,141,2.5,N,-99,N,
2014,4,1,1,1,4,10,A,AMCA2,-99,68,1,N,-99,N,
2014,4,1,1,1,4,10,A,AMCA2,-99,69,1.6,N,-99,N,
2014,4,1,1,1,4,10,A,AMCA2,-99,70,0.9,N,-99,N,
2014,4,1,1,1,4,10,A,AMCA2,-99,71,1.5,F,-99,N,
2014,4,1,1,1,4,10,A,AMCA2,-99,73,1.5,F,-99,N,
2014,4,1,1,1,4,10,A,AMCA2,-99,74,1.9,N,-99,N,
2014,4,1,1,1,4,10,A,AMCA2,-99,85,1.9,F,-99,N,
2014,4,1,1,1,4,10,A,AMCA2,-99,86,2.4,F,-99,N,
2014,4,1,1,1,4,10,A,AMCA2,-99,87,2.3,N,-99,N,
2014,4,1,1,1,4,10,A,AMCA2,-99,99,3.6,N,-99,N,
2014,4,1,1,1,4,10,A,AMCA2,-99,109,5.1,F,-99,N,
2014,4,1,1,1,4,10,A,AMCA2,-99,113,3.8,N,-99,N,
2014,4,1,1,1,4,10,A,AMCA2,-99,114,3.5,F,-99,N,
2014,4,1,1,1,4,10,B,AMCA2,-99,64,1.1,N,-99,N,
2014,4,1,1,1,4,10,B,AMCA2,-99,72,1.4,N,-99,N,
2014,4,1,1,1,4,10,B,AMCA2,-99,83,2,F,-99,N,
2014,4,1,1,1,4,10,B,AMCA2,-99,97,3,F,-99,N,
2014,4,1,1,1,4,10,B,AMCA2,-99,125,5.9,F,-99,N,
2014,4,1,1,1,4,10,B,ATPA4,-99,97,1.7,N,-99,N,
2014,4,1,1,1,4,10,C,AMCA2,-99,44,1,F,-99,N,
2014,4,1,1,1,4,10,C,AMCA2,-99,53,2,N,-99,N,
2014,4,1,1,1,4,10,C,AMCA2,-99,54,1.6,N,-99,N,
2014,4,1,1,1,4,10,C,AMCA2,-99,63,1.8,N,-99,N,
2014,4,1,1,1,4,10,C,AMCA2,-99,72,1.7,F,-99,N,
2014,4,1,1,1,4,10,C,AMCA2,-99,73,2,N,-99,N,
2014,4,1,1,1,4,10,C,AMCA2,-99,75,3.9,N,-99,N,
2014,4,1,1,1,4,10,C,ATPA4,-99,50,0.7,N,-99,N,
2014,4,1,1,1,4,10,C,AMCA2,-99,83,2.6,N,-99,N,
2014,4,1,1,1,4,10,C,AMCA2,-99,87,2.4,N,-99,N,
2014,4,1,1,1,4,10,C,AMCA2,-99,92,2.4,F,-99,N,
2014,4,1,1,1,4,10,C,AMCA2,-99,94,2.9,F,-99,N,
2014,4,1,1,1,4,10,C,AMCA2,-99,95,3.4,F,-99,N,
2014,4,1,1,1,4,10,C,AMCA2,-99,96,3.3,F,-99,N,
2014,4,1,1,1,4,10,C,AMCA2,-99,97,2.1,F,-99,N,
2014,4,1,1,1,4,10,C,AMCA2,-99,98,3,F,-99,N,
2014,4,1,1,1,4,10,C,AMCA2,-99,98,2.8,F,-99,N,
2014,4,1,1,1,4,10,C,AMCA2,-99,105,4.1,F,-99,N,
2014,4,1,1,1,4,10,C,AMCA2,-99,108,4.9,N,-99,N,
2014,4,1,1,1,4,10,C,AMCA2,-99,108,4.2,F,-99,N,
2014,4,1,1,1,4,10,C,AMCA2,-99,108,3.6,F,-99,N,
2014,4,1,1,1,4,10,C,AMCA2,-99,108,2.8,F,-99,N,
2014,4,1,1,1,4,10,C,AMCA2,-99,109,4.1,N,-99,N,
2014,4,1,1,1,4,10,C,AMCA2,-99,114,3.4,F,-99,N,
2014,4,1,1,1,4,10,C,AMCA2,-99,122,5.4,F,-99,N,
2014,4,1,1,1,4,10,D,AMCA2,-99,58,1.3,N,-99,N,
2014,4,1,1,1,4,10,D,ATPA4,-99,35,1,N,-99,N,
2014,4,1,1,1,4,10,D,ATPA4,-99,35,1,N,-99,N,
2014,4,1,1,1,4,10,D,AMCA2,-99,77,2.6,N,-99,N,
2014,4,1,1,1,4,10,D,ATPA4,-99,52,1.5,N,-99,N,
2014,4,1,1,1,4,10,D,ATPA4,-99,64,1.2,N,-99,N,
2014,4,1,1,1,4,10,D,AMCA2,-99,84,2.5,N,-99,N,
2014,4,1,1,1,4,10,D,AMCA2,-99,87,3.4,N,-99,N,
2014,4,1,1,1,4,10,D,AMCA2,-99,92,3,N,-99,N,
2014,4,1,1,1,4,10,D,AMCA2,-99,104,4.3,N,-99,N,
2014,4,1,1,1,4,10,D,ATPA4,-99,86,1.8,N,-99,N,
2014,4,1,1,1,4,10,D,ATPA4,-99,97,1.7,N,-99,N,
2014,4,1,1,1,4,10,E,ATPA4,-99,48,0.6,N,-99,N,
2014,4,1,1,1,4,10,E,ATPA4,-99,64,1.3,N,-99,N,
2014,4,1,1,1,4,10,E,AMCA2,-99,112,6.7,N,-99,N,
2014,4,1,1,1,4,10,E,AMCA2,-99,116,6.4,N,-99,N,
2014,4,1,1,1,4,10,E,ATPA4,-99,132,2.5,N,-99,N,
2014,5,1,1,0,3,1,B,AMCA2,-99,94,5.9,N,-99,N,
2014,5,1,1,0,3,1,B,AMCA2,-99,96,4.5,N,-99,N,
2014,5,1,1,0,3,1,C,AMCA2,-99,84,2.9,N,-99,N,
2014,5,1,1,0,3,1,C,ASTER,-99,60,0.8,N,-99,N,
2014,5,1,1,0,3,1,D,AMCA2,-99,55,0.6,N,-99,N,
2014,5,1,1,0,3,1,D,AMCA2,-99,64,1.1,N,-99,N,
2014,5,1,1,0,3,1,D,AMCA2,-99,83,3.3,N,-99,N,
2014,5,1,1,0,3,1,D,AMCA2,-99,100,5.6,N,-99,N,
2014,5,1,1,0,3,1,D,AMCA2,-99,133,7.1,F,-99,N,
2014,5,1,1,0,3,2,A,AMCA2,-99,51,0.6,N,-99,N,
2014,5,1,1,0,3,2,A,AMCA2,-99,90,2.8,F,-99,N,
2014,5,1,1,0,3,2,C,AMCA2,-99,101,4.5,F,-99,N,
2014,5,1,1,0,3,2,D,AMCA2,-99,50,1.1,N,-99,N,
2014,5,1,1,0,3,2,D,ASTER,-99,39,0.5,N,-99,N,
2014,5,1,1,0,3,2,D,ASTER,-99,39,0.5,N,-99,N,
2014,5,1,1,0,3,3,A,AMCA2,-99,62,1.2,N,-99,N,
2014,5,1,1,0,3,3,A,AMCA2,-99,65,1.6,N,-99,N,
2014,5,1,1,0,3,3,A,KOVI,-99,45,3.1,N,-99,N,
2014,5,1,1,0,3,3,B,AMCA2,-99,55,0.6,N,-99,N,
2014,5,1,1,0,3,3,B,AMCA2,-99,104,2.1,F,-99,N,
2014,5,1,1,0,3,3,B,AMCA2,-99,108,3.2,F,-99,N,
2014,5,1,1,0,3,3,B,AMCA2,-99,132,4.1,N,-99,N,
2014,5,1,1,0,3,3,C,AMCA2,-99,48,0.9,N,-99,N,
2014,5,1,1,0,3,3,C,AMCA2,-99,60,1.7,N,-99,N,
2014,5,1,1,0,3,3,C,AMCA2,-99,83,2.4,F,-99,N,
2014,5,1,1,0,3,3,C,ASTER,-99,84,2.8,N,-99,N,
2014,5,1,1,0,3,3,D,AMCA2,-99,93,3,N,-99,N,
2014,5,1,1,0,3,3,D,AMCA2,-99,134,6.5,F,-99,N,
2014,5,1,1,0,3,4,A,AMCA2,-99,66,1.5,N,-99,N,
2014,5,1,1,0,3,4,A,AMCA2,-99,76,2.2,N,-99,N,
2014,5,1,1,0,3,4,A,AMCA2,-99,93,3.2,N,-99,N,
2014,5,1,1,0,3,4,A,KOVI,-99,60,0.7,N,-99,N,
2014,5,1,1,0,3,4,C,ASTER,-99,97,2.9,N,-99,N,
2014,5,1,1,0,3,4,C,ASTER,-99,93,1.6,N,-99,N,
2014,5,1,1,0,3,4,C,ASTER,-99,73,0.8,N,-99,N,
2014,5,1,1,0,3,4,C,ASTER,-99,65,0.5,N,-99,N,
2014,5,1,1,0,3,4,C,ASTER,-99,52,0.1,N,-99,N,
2014,5,1,1,0,3,4,C,AMCA2,-99,131,4.8,F,-99,N,
2014,5,1,1,0,3,4,D,AMCA2,-99,80,2.1,N,-99,N,
2014,5,1,1,0,3,4,D,AMCA2,-99,92,3.3,F,-99,N,
2014,5,1,1,0,3,4,D,ASTER,-99,51,1.7,N,-99,N,
2014,5,1,1,0,3,4,D,AMCA2,-99,117,6.3,F,-99,N,
2014,5,1,1,0,3,4,D,ASTER,-99,55,1.2,N,-99,N,
2014,5,1,1,0,3,4,E,ASTER,-99,74,3.7,N,-99,N,
2014,5,1,1,0,3,5,A,ATPA4,-99,68,0.3,N,-99,N,
2014,5,1,1,0,3,5,A,KOVI,-99,48,1.1,N,-99,N,
2014,5,1,1,0,3,5,B,ASTER,-99,115,3.1,N,-99,N,
2014,5,1,1,0,3,5,B,AMCA2,-99,102,4.2,N,-99,N,
2014,5,1,1,0,3,5,B,ASTER,-99,100,2.6,N,-99,N,
2014,5,1,1,0,3,5,B,AMCA2,-99,108,2.9,F,-99,N,
2014,5,1,1,0,3,5,B,KOVI,-99,45,1.7,N,-99,N,
2014,5,1,1,0,3,5,B,AMCA2,-99,117,3.6,F,-99,N,
2014,5,1,1,0,3,5,B,ASTER,-99,68,1.2,N,-99,N,
2014,5,1,1,0,3,5,B,ASTER,-99,55,1.1,N,-99,N,
2014,5,1,1,0,3,5,C,AMCA2,-99,71,1.8,N,-99,N,
2014,5,1,1,0,3,5,C,AMCA2,-99,90,2.9,F,-99,N,
2014,5,1,1,0,3,5,C,ASTER,-99,78,2.1,N,-99,N,
2014,5,1,1,0,3,5,C,AMCA2,-99,126,5.7,F,-99,N,
2014,5,1,1,0,3,5,C,AMCA2,-99,134,6.9,F,-99,N,
2014,5,1,1,0,3,5,D,AMCA2,-99,60,1.2,N,-99,N,
2014,5,1,1,0,3,5,D,AMCA2,-99,62,1,N,-99,N,
2014,5,1,1,0,3,5,D,AMCA2,-99,79,2.4,F,-99,N,
2014,5,1,1,0,3,5,D,AMCA2,-99,87,3.5,N,-99,N,
2014,5,1,1,0,3,5,D,ASTER,-99,72,2.4,N,-99,N,
2014,5,1,1,0,3,5,D,ASTER,-99,68,1.8,N,-99,N,
2014,5,1,1,0,3,5,E,AMCA2,-99,59,1.7,N,-99,N,
2014,5,1,1,0,3,5,E,AMCA2,-99,70,2.9,F,-99,N,
2014,5,1,1,0,3,5,E,ASTER,-99,78,2.8,N,-99,N,
2014,5,1,1,0,3,5,E,ASTER,-99,73,2.6,N,-99,N,
2014,5,1,1,0,3,5,E,ASTER,-99,71,2.4,N,-99,N,
2014,5,1,1,0,3,5,E,ASTER,-99,59,2,N,-99,N,
2014,5,1,1,0,3,5,E,ASTER,-99,53,1.2,N,-99,N,
2014,5,1,1,0,3,6,A,KOVI,-99,131,7,F,-99,N,
2014,5,1,1,0,3,6,B,AMCA2,-99,60,1.5,N,-99,N,
2014,5,1,1,0,3,6,C,AMCA2,-99,23,0,N,-99,N,
2014,5,1,1,0,3,6,C,AMCA2,-99,50,0.9,N,-99,N,
2014,5,1,1,0,3,6,C,AMCA2,-99,64,2,N,-99,N,
2014,5,1,1,0,3,6,C,AMCA2,-99,87,1.8,N,-99,N,
2014,5,1,1,0,3,6,C,KOVI,-99,40,0,N,-99,N,
2014,5,1,1,0,3,6,D,AMCA2,-99,25,0,N,-99,N,
2014,5,1,1,0,3,6,D,AMCA2,-99,36,0.6,N,-99,N,
2014,5,1,1,0,3,6,D,AMCA2,-99,65,1.9,N,-99,N,
2014,5,1,1,0,3,6,D,KOVI,-99,10,0,N,-99,N,
2014,5,1,1,0,3,6,E,AMCA2,-99,49,1.2,N,-99,N,
2014,5,1,1,0,3,6,E,AMCA2,-99,53,0.4,N,-99,N,
2014,5,1,1,0,3,6,E,IVFR,-99,24,0,N,-99,N,
2014,5,1,1,0,3,7,A,KOVI,-99,142,7.6,F,-99,N,
2014,5,1,1,0,3,7,A,KOVI,-99,117,6.7,F,-99,N,
2014,5,1,1,0,3,7,D,AMCA2,-99,47,0,N,-99,N,
2014,5,1,1,0,3,7,D,AMCA2,-99,55,2.6,N,-99,N,
2014,5,1,1,0,3,8,A,AMCA2,-99,36,0,N,-99,N,
2014,5,1,1,0,3,8,A,AMCA2,-99,44,1,N,-99,N,
2014,5,1,1,0,3,8,A,AMCA2,-99,50,1.1,N,-99,N,
2014,5,1,1,0,3,8,A,AMCA2,-99,60,1.4,N,-99,N,
2014,5,1,1,0,3,8,A,KOVI,-99,150,7.9,F,-99,N,
2014,5,1,1,0,3,8,B,AMCA2,-99,49,1.2,N,-99,N,
2014,5,1,1,0,3,8,B,AMCA2,-99,49,1,N,-99,N,
2014,5,1,1,0,3,8,B,AMCA2,-99,50,1.1,N,-99,N,
2014,5,1,1,0,3,8,B,AMCA2,-99,54,1.5,N,-99,N,
2014,5,1,1,0,3,8,B,AMCA2,-99,54,1.4,N,-99,N,
2014,5,1,1,0,3,8,B,AMCA2,-99,60,0.8,N,-99,N,
2014,5,1,1,0,3,8,B,AMCA2,-99,67,1.6,N,-99,N,
2014,5,1,1,0,3,8,B,AMCA2,-99,76,1.9,N,-99,N,
2014,5,1,1,0,3,8,B,AMCA2,-99,79,2,N,-99,N,
2014,5,1,1,0,3,8,B,AMCA2,-99,86,1.8,N,-99,N,
2014,5,1,1,0,3,8,B,AMCA2,-99,91,2.2,F,-99,N,
2014,5,1,1,0,3,8,B,KOVI,-99,109,4.7,F,-99,N,
2014,5,1,1,0,3,8,C,AMCA2,-99,53,1,N,-99,N,
2014,5,1,1,0,3,8,C,AMCA2,-99,55,0.9,N,-99,N,
2014,5,1,1,0,3,8,C,IVFR,-99,30,1.2,N,-99,N,
2014,5,1,1,0,3,8,C,KOVI,-99,30,0,N,-99,N,
2014,5,1,1,0,3,8,D,AMCA2,-99,76,1.1,N,-99,N,
2014,5,1,1,0,3,9,A,KOVI,-99,65,3.5,N,-99,N,
2014,5,1,1,0,3,9,A,KOVI,-99,65,3,F,-99,N,
2014,5,1,1,0,3,9,B,AMCA2,-99,30,0,N,-99,N,
2014,5,1,1,0,3,9,B,ATPA4,-99,24,0,N,-99,N,
2014,5,1,1,0,3,9,B,AMCA2,-99,41,0,N,-99,N,
2014,5,1,1,0,3,9,B,AMCA2,-99,48,1,F,-99,N,
2014,5,1,1,0,3,9,B,AMCA2,-99,48,0.9,N,-99,N,
2014,5,1,1,0,3,9,B,AMCA2,-99,53,0.3,F,-99,N,
2014,5,1,1,0,3,9,B,ASTER,-99,60,1.8,N,-99,N,
2014,5,1,1,0,3,9,B,ASTER,-99,52,1.3,N,-99,N,
2014,5,1,1,0,3,9,B,IVFR,-99,32,0,N,-99,N,
2014,5,1,1,0,3,9,C,AMCA2,-99,31,0,N,-99,N,
2014,5,1,1,0,3,9,C,AMCA2,-99,44,0,N,-99,N,
2014,5,1,1,0,3,9,C,AMCA2,-99,47,1,N,-99,N,
2014,5,1,1,0,3,9,C,AMCA2,-99,50,1.2,N,-99,N,
2014,5,1,1,0,3,9,C,AMCA2,-99,56,0.8,N,-99,N,
2014,5,1,1,0,3,9,C,KOVI,-99,23,0,N,-99,N,
2014,5,1,1,0,3,9,E,KOVI,-99,41,4.8,F,-99,N,
2014,5,1,1,0,3,10,A,AMCA2,-99,34,0,N,-99,N,
2014,5,1,1,0,3,10,A,AMCA2,-99,35,1,N,-99,N,
2014,5,1,1,0,3,10,A,AMCA2,-99,44,0.3,N,-99,N,
2014,5,1,1,0,3,10,A,ATPA4,-99,68,1.2,N,-99,N,
2014,5,1,1,0,3,10,A,ATPA4,-99,82,1.6,N,-99,N,
2014,5,1,1,0,3,10,B,AMCA2,-99,6,0,N,-99,N,
2014,5,1,1,0,3,10,B,AMCA2,-99,12,0,N,-99,N,
2014,5,1,1,0,3,10,B,AMCA2,-99,23,0,N,-99,N,
2014,5,1,1,0,3,10,B,AMCA2,-99,60,1.6,N,-99,N,
2014,5,1,1,0,3,10,B,AMCA2,-99,69,2.3,N,-99,N,
2014,5,1,1,0,3,10,B,AMCA2,-99,75,2.2,N,-99,N,
2014,5,1,1,0,3,10,B,AMCA2,-99,84,3.4,N,-99,N,
2014,5,1,1,0,3,10,B,AMCA2,-99,85,3.7,N,-99,N,
2014,5,1,1,0,3,10,C,AMCA2,-99,43,1,N,-99,N,
2014,5,1,1,0,3,10,C,AMCA2,-99,63,2.3,N,-99,N,
2014,6,1,0,1,2,1,A,ATPA4,-99,83,1.4,N,-99,N,
2014,6,1,0,1,2,1,B,AMCA2,-99,63,2.1,N,-99,N,
2014,6,1,0,1,2,1,B,ATPA4,-99,94,1.1,N,-99,N,
2014,6,1,0,1,2,1,C,AMCA2,-99,62,1,N,-99,N,
2014,6,1,0,1,2,1,C,AMCA2,-99,94,2.5,N,-99,N,
2014,6,1,0,1,2,1,D,ATPA4,-99,33,0,N,-99,N,
2014,6,1,0,1,2,1,E,AMCA2,-99,150,7.7,F,-99,N,
2014,6,1,0,1,2,2,A,KOVI,-99,82,6.2,N,-99,N,
2014,6,1,0,1,2,2,A,KOVI,-99,57,1.9,N,-99,N,
2014,6,1,0,1,2,2,B,KOVI,-99,143,5.7,N,-99,N,
2014,6,1,0,1,2,2,B,KOVI,-99,110,5,N,-99,N,
2014,6,1,0,1,2,2,B,POHY,-99,68,1.3,N,-99,N,
2014,6,1,0,1,2,2,C,AMCA2,-99,71,2.9,N,-99,N,
2014,6,1,0,1,2,2,C,AMCA2,-99,71,2.3,N,-99,N,
2014,6,1,0,1,2,2,C,KOVI,-99,143,4.8,N,-99,N,
2014,6,1,0,1,2,2,C,AMCA2,-99,240,13,F,-99,N,
2014,6,1,0,1,2,2,E,AMCA2,-99,123,4.3,N,-99,N,
2014,6,1,0,1,2,2,E,AMCA2,-99,164,6,F,-99,N,
2014,6,1,0,1,2,2,E,AMCA2,-99,176,7.4,F,-99,N,
2014,6,1,0,1,2,3,A,AMCA2,-99,73,2.4,N,-99,N,
2014,6,1,0,1,2,3,A,POHY,-99,66,1.8,F,-99,N,
2014,6,1,0,1,2,3,A,ATPA4,-99,83,1.2,N,-99,N,
2014,6,1,0,1,2,3,B,AMCA2,-99,81,3.7,N,-99,N,
2014,6,1,0,1,2,3,B,ATPA4,-99,85,1,N,-99,N,
2014,6,1,0,1,2,3,C,AMCA2,-99,100,4.1,F,-99,N,
2014,6,1,0,1,2,3,C,ATPA4,-99,74,1.1,N,-99,N,
2014,6,1,0,1,2,3,C,ATPA4,-99,91,1.6,N,-99,N,
2014,6,1,0,1,2,3,C,AMCA2,-99,133,4.3,F,-99,N,
2014,6,1,0,1,2,3,D,ATPA4,-99,74,0.9,N,-99,N,
2014,6,1,0,1,2,3,D,ATPA4,-99,117,1.6,N,-99,N,
2014,6,1,0,1,2,3,E,AMCA2,-99,86,3.1,N,-99,N,
2014,6,1,0,1,2,3,E,ATPA4,-99,95,1.3,N,-99,N,
2014,6,1,0,1,2,3,E,AMCA2,-99,146,4.7,F,-99,N,
2014,6,1,0,1,2,4,A,ATPA4,-99,25,0,N,-99,N,
2014,6,1,0,1,2,4,A,ATPA4,-99,30,0,N,-99,N,
2014,6,1,0,1,2,4,A,POHY,-99,83,1.8,F,-99,N,
2014,6,1,0,1,2,4,A,ATPA4,-99,42,0.8,N,-99,N,
2014,6,1,0,1,2,4,A,POHY,-99,74,1.4,N,-99,N,
2014,6,1,0,1,2,4,A,POHY,-99,59,0.9,N,-99,N,
2014,6,1,0,1,2,4,B,ATPA4,-99,68,1,N,-99,N,
2014,6,1,0,1,2,4,B,AMCA2,-99,94,2.2,N,-99,N,
2014,6,1,0,1,2,4,B,ATPA4,-99,86,1.1,N,-99,N,
2014,6,1,0,1,2,4,B,POHY,-99,50,1,N,-99,N,
2014,6,1,0,1,2,4,C,AMCA2,-99,74,2.1,N,-99,N,
2014,6,1,0,1,2,4,C,AMCA2,-99,79,2.2,N,-99,N,
2014,6,1,0,1,2,4,C,ATPA4,-99,65,1.7,N,-99,N,
2014,6,1,0,1,2,4,C,AMCA2,-99,104,2.3,F,-99,N,
2014,6,1,0,1,2,4,C,ATPA4,-99,85,0.6,N,-99,N,
2014,6,1,0,1,2,4,C,AMCA2,-99,119,4,F,-99,N,
2014,6,1,0,1,2,4,C,ATPA4,-99,93,1.2,N,-99,N,
2014,6,1,0,1,2,4,C,ATPA4,-99,111,1.9,N,-99,N,
2014,6,1,0,1,2,4,C,ATPA4,-99,118,1.7,N,-99,N,
2014,6,1,0,1,2,4,C,ATPA4,-99,126,1.3,N,-99,N,
2014,6,1,0,1,2,4,D,AMCA2,-99,73,1.5,F,-99,N,
2014,6,1,0,1,2,4,D,AMCA2,-99,76,1.3,N,-99,N,
2014,6,1,0,1,2,4,D,ATPA4,-99,65,2.2,N,-99,N,
2014,6,1,0,1,2,4,D,AMCA2,-99,103,2,F,-99,N,
2014,6,1,0,1,2,4,D,AMCA2,-99,108,3.5,N,-99,N,
2014,6,1,0,1,2,4,D,AMCA2,-99,116,2.5,F,-99,N,
2014,6,1,0,1,2,4,D,ATPA4,-99,88,1,N,-99,N,
2014,6,1,0,1,2,4,D,AMCA2,-99,123,2.1,F,-99,N,
2014,6,1,0,1,2,4,E,AMCA2,-99,82,1.1,F,-99,N,
2014,6,1,0,1,2,4,E,AMCA2,-99,84,2.9,N,-99,N,
2014,6,1,0,1,2,4,E,AMCA2,-99,94,2.1,F,-99,N,
2014,6,1,0,1,2,4,E,AMCA2,-99,97,3.3,F,-99,N,
2014,6,1,0,1,2,4,E,AMCA2,-99,98,2.6,N,-99,N,
2014,6,1,0,1,2,4,E,AMCA2,-99,130,5.6,N,-99,N,
2014,6,1,0,1,2,4,E,AMCA2,-99,138,5.5,F,-99,N,
2014,6,1,0,1,2,5,A,AMCA2,-99,51,1,N,-99,N,
2014,6,1,0,1,2,5,A,ATPA4,-99,45,0.7,N,-99,N,
2014,6,1,0,1,2,5,A,AMCA2,-99,73,2.5,N,-99,N,
2014,6,1,0,1,2,5,A,AMCA2,-99,104,3.7,N,-99,N,
2014,6,1,0,1,2,5,A,AMCA2,-99,151,5.4,F,-99,N,
2014,6,1,0,1,2,5,B,ATPA4,-99,46,0.4,N,-99,N,
2014,6,1,0,1,2,5,B,AMCA2,-99,127,3.2,F,-99,N,
2014,6,1,0,1,2,5,B,ATPA4,-99,112,0.4,N,-99,N,
2014,6,1,0,1,2,5,B,ATPA4,-99,126,1.7,N,-99,N,
2014,6,1,0,1,2,5,C,AMCA2,-99,64,1.5,N,-99,N,
2014,6,1,0,1,2,5,C,ATPA4,-99,44,0.5,N,-99,N,
2014,6,1,0,1,2,5,C,ATPA4,-99,59,0.6,N,-99,N,
2014,6,1,0,1,2,5,C,AMCA2,-99,86,3.3,N,-99,N,
2014,6,1,0,1,2,5,C,AMCA2,-99,96,1.9,F,-99,N,
2014,6,1,0,1,2,5,C,AMCA2,-99,96,1.7,F,-99,N,
2014,6,1,0,1,2,5,C,AMCA2,-99,104,3,F,-99,N,
2014,6,1,0,1,2,5,D,AMCA2,-99,87,3.2,N,-99,N,
2014,6,1,0,1,2,5,D,AMCA2,-99,87,2.1,F,-99,N,
2014,6,1,0,1,2,5,D,ATPA4,-99,94,1,N,-99,N,
2014,6,1,0,1,2,5,D,AMCA2,-99,136,4.3,F,-99,N,
2014,6,1,0,1,2,5,D,AMCA2,-99,156,4.5,F,-99,N,
2014,6,1,0,1,2,5,E,AMCA2,-99,97,2.9,N,-99,N,
2014,6,1,0,1,2,5,E,AMCA2,-99,104,2.1,F,-99,N,
2014,6,1,0,1,2,5,E,AMCA2,-99,106,1.9,F,-99,N,
2014,6,1,0,1,2,6,A,ATPA4,-99,57,0.6,N,-99,N,
2014,6,1,0,1,2,6,A,AMCA2,-99,98,3.5,N,-99,N,
2014,6,1,0,1,2,6,B,AMCA2,-99,41,0.7,N,-99,N,
2014,6,1,0,1,2,6,B,ATPA4,-99,60,0.7,N,-99,N,
2014,6,1,0,1,2,6,B,ATPA4,-99,62,0.9,N,-99,N,
2014,6,1,0,1,2,6,B,AMCA2,-99,86,2.1,N,-99,N,
2014,6,1,0,1,2,6,B,ATPA4,-99,74,1.3,N,-99,N,
2014,6,1,0,1,2,6,C,AMCA2,-99,48,0.9,N,-99,N,
2014,6,1,0,1,2,6,C,AMCA2,-99,68,0.5,N,-99,N,
2014,6,1,0,1,2,6,C,AMCA2,-99,70,1.4,N,-99,N,
2014,6,1,0,1,2,6,C,AMCA2,-99,83,2.1,N,-99,N,
2014,6,1,0,1,2,6,C,AMCA2,-99,99,3.3,F,-99,N,
2014,6,1,0,1,2,6,C,AMCA2,-99,103,2,F,-99,N,
2014,6,1,0,1,2,6,C,AMCA2,-99,109,2.7,F,-99,N,
2014,6,1,0,1,2,6,C,AMCA2,-99,114,3.9,N,-99,N,
2014,6,1,0,1,2,6,C,AMCA2,-99,126,3.4,F,-99,N,
2014,6,1,0,1,2,6,D,AMCA2,-99,104,4.3,N,-99,N,
2014,6,1,0,1,2,6,D,AMCA2,-99,106,2.7,N,-99,N,
2014,6,1,0,1,2,6,D,AMCA2,-99,120,5.2,F,-99,N,
2014,6,1,0,1,2,6,D,ATPA4,-99,88,1.3,N,-99,N,
2014,6,1,0,1,2,6,D,AMCA2,-99,141,6.2,N,-99,N,
2014,6,1,0,1,2,6,D,AMCA2,-99,142,5.1,F,-99,N,
2014,6,1,0,1,2,6,D,ATPA4,-99,127,1.5,N,-99,N,
2014,6,1,0,1,2,6,E,AMCA2,-99,15,0,N,-99,N,
2014,6,1,0,1,2,6,E,AMCA2,-99,70,0.5,F,-99,N,
2014,6,1,0,1,2,6,E,AMCA2,-99,78,1.1,N,-99,N,
2014,6,1,0,1,2,6,E,AMCA2,-99,88,2.3,N,-99,N,
2014,6,1,0,1,2,6,E,AMCA2,-99,90,1.6,F,-99,N,
2014,6,1,0,1,2,6,E,IVFR,-99,90,3.5,F,-99,N,
2014,6,1,0,1,2,7,A,AMCA2,-99,49,1.4,N,-99,N,
2014,6,1,0,1,2,7,A,AMCA2,-99,64,1.6,N,-99,N,
2014,6,1,0,1,2,7,A,AMCA2,-99,79,2.1,N,-99,N,
2014,6,1,0,1,2,7,A,ATPA4,-99,65,0.6,N,-99,N,
2014,6,1,0,1,2,7,A,ATPA4,-99,68,1.2,N,-99,N,
2014,6,1,0,1,2,7,A,AMCA2,-99,85,2.4,F,-99,N,
2014,6,1,0,1,2,7,A,AMCA2,-99,86,2.5,N,-99,N,
2014,6,1,0,1,2,7,A,AMCA2,-99,120,4.9,F,-99,N,
2014,6,1,0,1,2,7,B,ATPA4,-99,78,0.8,N,-99,N,
2014,6,1,0,1,2,7,B,AMCA2,-99,113,3.1,F,-99,N,
2014,6,1,0,1,2,7,B,AMCA2,-99,115,2.9,F,-99,N,
2014,6,1,0,1,2,7,B,ATPA4,-99,90,1.4,N,-99,N,
2014,6,1,0,1,2,7,B,AMCA2,-99,123,2.6,F,-99,N,
2014,6,1,0,1,2,7,B,AMCA2,-99,124,3.5,F,-99,N,
2014,6,1,0,1,2,7,B,AMCA2,-99,124,3,F,-99,N,
2014,6,1,0,1,2,7,B,AMCA2,-99,151,5.7,F,-99,N,
2014,6,1,0,1,2,7,C,AMCA2,-99,49,0.9,N,-99,N,
2014,6,1,0,1,2,7,C,AMCA2,-99,60,1.1,N,-99,N,
2014,6,1,0,1,2,7,C,AMCA2,-99,60,0.8,N,-99,N,
2014,6,1,0,1,2,7,C,ATPA4,-99,38,0,N,-99,N,
2014,6,1,0,1,2,7,C,AMCA2,-99,86,1.1,N,-99,N,
2014,6,1,0,1,2,7,C,AMCA2,-99,105,1.7,F,-99,N,
2014,6,1,0,1,2,7,C,AMCA2,-99,124,3.4,F,-99,N,
2014,6,1,0,1,2,7,C,AMCA2,-99,132,2.6,F,-99,N,
2014,6,1,0,1,2,7,D,ATPA4,-99,73,1.2,N,-99,N,
2014,6,1,0,1,2,7,D,AMCA2,-99,87,1.8,N,-99,N,
2014,6,1,0,1,2,7,D,AMCA2,-99,93,3.1,N,-99,N,
2014,6,1,0,1,2,7,D,ATPA4,-99,77,0.7,N,-99,N,
2014,6,1,0,1,2,7,D,AMCA2,-99,131,5.7,N,-99,N,
2014,6,1,0,1,2,7,D,AMCA2,-99,139,3.5,N,-99,N,
2014,6,1,0,1,2,7,E,AMCA2,-99,50,0.2,N,-99,N,
2014,6,1,0,1,2,7,E,AMCA2,-99,51,0.4,N,-99,N,
2014,6,1,0,1,2,7,E,AMCA2,-99,55,1,N,-99,N,
2014,6,1,0,1,2,7,E,AMCA2,-99,64,0.3,F,-99,N,
2014,6,1,0,1,2,7,E,AMCA2,-99,66,0.4,F,-99,N,
2014,6,1,0,1,2,7,E,AMCA2,-99,75,1.2,F,-99,N,
2014,6,1,0,1,2,7,E,AMCA2,-99,89,1.8,F,-99,N,
2014,6,1,0,1,2,8,A,AMCA2,-99,58,4.4,N,-99,N,
2014,6,1,0,1,2,8,A,AMCA2,-99,72,1.7,N,-99,N,
2014,6,1,0,1,2,8,A,ATPA4,-99,62,1.1,N,-99,N,
2014,6,1,0,1,2,8,A,AMCA2,-99,83,1.8,N,-99,N,
2014,6,1,0,1,2,8,A,AMCA2,-99,92,2,F,-99,N,
2014,6,1,0,1,2,8,A,ATPA4,-99,74,1.2,N,-99,N,
2014,6,1,0,1,2,8,B,AMCA2,-99,58,1.5,N,-99,N,
2014,6,1,0,1,2,8,B,AMCA2,-99,58,1.2,N,-99,N,
2014,6,1,0,1,2,8,B,AMCA2,-99,63,1.6,N,-99,N,
2014,6,1,0,1,2,8,B,AMCA2,-99,104,3.7,N,-99,N,
2014,6,1,0,1,2,8,B,AMCA2,-99,133,5.5,N,-99,N,
2014,6,1,0,1,2,8,B,AMCA2,-99,192,11.1,F,-99,N,
2014,6,1,0,1,2,8,C,AMCA2,-99,91,3.4,N,-99,N,
2014,6,1,0,1,2,8,C,AMCA2,-99,105,2.4,F,-99,N,
2014,6,1,0,1,2,8,C,AMCA2,-99,116,4.6,F,-99,N,
2014,6,1,0,1,2,8,C,AMCA2,-99,119,1.6,F,-99,N,
2014,6,1,0,1,2,8,C,AMCA2,-99,147,5.1,F,-99,N,
2014,6,1,0,1,2,8,C,AMCA2,-99,193,9.3,F,-99,N,
2014,6,1,0,1,2,8,D,AMCA2,-99,82,2.3,N,-99,N,
2014,6,1,0,1,2,8,D,AMCA2,-99,84,3.2,F,-99,N,
2014,6,1,0,1,2,8,D,AMCA2,-99,102,3.9,F,-99,N,
2014,6,1,0,1,2,8,D,AMCA2,-99,124,3.5,F,-99,N,
2014,6,1,0,1,2,8,D,AMCA2,-99,150,3.6,F,-99,N,
2014,6,1,0,1,2,8,E,AMCA2,-99,40,0.2,N,-99,N,
2014,6,1,0,1,2,8,E,AMCA2,-99,65,0.8,F,-99,N,
2014,6,1,0,1,2,8,E,AMCA2,-99,78,1.8,F,-99,N,
2014,6,1,0,1,2,8,E,ATPA4,-99,80,0.9,N,-99,N,
2014,6,1,0,1,2,8,E,AMCA2,-99,125,3.2,F,-99,N,
2014,6,1,0,1,2,9,B,AMCA2,-99,50,0.5,N,-99,N,
2014,6,1,0,1,2,9,B,AMCA2,-99,57,1.6,N,-99,N,
2014,6,1,0,1,2,9,B,AMCA2,-99,58,1.6,N,-99,N,
2014,6,1,0,1,2,9,B,AMCA2,-99,67,2.4,N,-99,N,
2014,6,1,0,1,2,9,B,AMCA2,-99,71,2.1,N,-99,N,
2014,6,1,0,1,2,9,B,AMCA2,-99,84,2,N,-99,N,
2014,6,1,0,1,2,9,B,AMCA2,-99,112,2.9,N,-99,N,
2014,6,1,0,1,2,9,B,AMCA2,-99,121,2.8,N,-99,N,
2014,6,1,0,1,2,9,B,ATPA4,-99,102,1.3,N,-99,N,
2014,6,1,0,1,2,9,B,AMCA2,-99,175,6.6,F,-99,N,
2014,6,1,0,1,2,9,C,AMCA2,-99,59,2.4,N,-99,N,
2014,6,1,0,1,2,9,C,AMCA2,-99,62,1.2,N,-99,N,
2014,6,1,0,1,2,9,C,AMCA2,-99,70,1.7,F,-99,N,
2014,6,1,0,1,2,9,C,AMCA2,-99,70,1.7,F,-99,N,
2014,6,1,0,1,2,9,C,AMCA2,-99,75,0.7,N,-99,N,
2014,6,1,0,1,2,9,C,AMCA2,-99,78,6.1,F,-99,N,
2014,6,1,0,1,2,9,C,AMCA2,-99,78,1.5,F,-99,N,
2014,6,1,0,1,2,9,C,AMCA2,-99,80,1.3,F,-99,N,
2014,6,1,0,1,2,9,C,AMCA2,-99,82,1.5,N,-99,N,
2014,6,1,0,1,2,9,C,AMCA2,-99,84,3.1,N,-99,N,
2014,6,1,0,1,2,9,C,AMCA2,-99,85,2.8,N,-99,N,
2014,6,1,0,1,2,9,C,AMCA2,-99,85,1.9,N,-99,N,
2014,6,1,0,1,2,9,C,AMCA2,-99,86,2.4,N,-99,N,
2014,6,1,0,1,2,9,C,AMCA2,-99,96,2.2,F,-99,N,
2014,6,1,0,1,2,9,C,AMCA2,-99,100,1.4,F,-99,N,
2014,6,1,0,1,2,9,C,AMCA2,-99,103,2,F,-99,N,
2014,6,1,0,1,2,9,C,AMCA2,-99,103,1.2,F,-99,N,
2014,6,1,0,1,2,9,C,AMCA2,-99,105,2.5,F,-99,N,
2014,6,1,0,1,2,9,C,AMCA2,-99,110,2.7,F,-99,N,
2014,6,1,0,1,2,9,C,AMCA2,-99,110,1.6,F,-99,N,
2014,6,1,0,1,2,9,C,AMCA2,-99,112,2.9,F,-99,N,
2014,6,1,0,1,2,9,C,AMCA2,-99,114,4.3,F,-99,N,
2014,6,1,0,1,2,9,C,AMCA2,-99,118,3.7,N,-99,N,
2014,6,1,0,1,2,9,C,AMCA2,-99,118,3.3,N,-99,N,
2014,6,1,0,1,2,9,C,AMCA2,-99,122,3.8,N,-99,N,
2014,6,1,0,1,2,9,C,AMCA2,-99,125,3.2,F,-99,N,
2014,6,1,0,1,2,9,C,AMCA2,-99,128,3.2,F,-99,N,
2014,6,1,0,1,2,9,C,AMCA2,-99,129,2.2,F,-99,N,
2014,6,1,0,1,2,9,C,AMCA2,-99,130,4,F,-99,N,
2014,6,1,0,1,2,9,C,ATPA4,-99,105,1,N,-99,N,
2014,6,1,0,1,2,9,C,AMCA2,-99,140,3.6,F,-99,N,
2014,6,1,0,1,2,9,C,AMCA2,-99,141,3,F,-99,N,
2014,6,1,0,1,2,9,C,AMCA2,-99,143,4,F,-99,N,
2014,6,1,0,1,2,9,C,AMCA2,-99,143,3.1,F,-99,N,
2014,6,1,0,1,2,9,C,AMCA2,-99,144,3.3,F,-99,N,
2014,6,1,0,1,2,9,C,AMCA2,-99,145,1.5,F,-99,N,
2014,6,1,0,1,2,9,C,AMCA2,-99,146,3.7,F,-99,N,
2014,6,1,0,1,2,9,C,AMCA2,-99,154,2.9,F,-99,N,
2014,6,1,0,1,2,9,C,AMCA2,-99,155,3.5,F,-99,N,
2014,6,1,0,1,2,9,C,ATPA4,-99,115,1.3,N,-99,N,
2014,6,1,0,1,2,9,C,ATPA4,-99,120,1.5,N,-99,N,
2014,6,1,0,1,2,9,C,AMCA2,-99,167,5.9,F,-99,N,
2014,6,1,0,1,2,9,D,AMCA2,-99,98,1.9,F,-99,N,
2014,6,1,0,1,2,9,D,AMCA2,-99,101,2.9,N,-99,N,
2014,6,1,0,1,2,9,D,AMCA2,-99,103,1.7,F,-99,N,
2014,6,1,0,1,2,9,D,AMCA2,-99,110,2.1,F,-99,N,
2014,6,1,0,1,2,9,D,AMCA2,-99,116,3,N,-99,N,
2014,6,1,0,1,2,9,D,AMCA2,-99,121,4,N,-99,N,
2014,6,1,0,1,2,9,D,AMCA2,-99,123,4,N,-99,N,
2014,6,1,0,1,2,9,D,AMCA2,-99,123,2.8,F,-99,N,
2014,6,1,0,1,2,9,D,AMCA2,-99,142,4.4,F,-99,N,
2014,6,1,0,1,2,9,D,AMCA2,-99,143,3.9,F,-99,N,
2014,6,1,0,1,2,9,D,AMCA2,-99,156,3.5,F,-99,N,
2014,6,1,0,1,2,9,E,AMCA2,-99,36,0.4,N,-99,N,
2014,6,1,0,1,2,9,E,AMCA2,-99,45,0.2,N,-99,N,
2014,6,1,0,1,2,9,E,AMCA2,-99,70,0.5,F,-99,N,
2014,6,1,0,1,2,9,E,AMCA2,-99,71,0.3,N,-99,N,
2014,6,1,0,1,2,9,E,AMCA2,-99,73,1.6,N,-99,N,
2014,6,1,0,1,2,9,E,AMCA2,-99,73,0.7,F,-99,N,
2014,6,1,0,1,2,9,E,AMCA2,-99,80,1.7,N,-99,N,
2014,6,1,0,1,2,9,E,AMCA2,-99,80,0.7,N,-99,N,
2014,6,1,0,1,2,9,E,AMCA2,-99,97,2,N,-99,N,
2014,6,1,0,1,2,9,E,AMCA2,-99,97,1.2,F,-99,N,
2014,6,1,0,1,2,9,E,AMCA2,-99,100,2.8,F,-99,N,
2014,6,1,0,1,2,9,E,AMCA2,-99,104,2.3,N,-99,N,
2014,6,1,0,1,2,9,E,AMCA2,-99,106,1.8,F,-99,N,
2014,6,1,0,1,2,9,E,AMCA2,-99,106,1.7,F,-99,N,
2014,6,1,0,1,2,9,E,AMCA2,-99,108,3.3,N,-99,N,
2014,6,1,0,1,2,9,E,AMCA2,-99,109,1.1,F,-99,N,
2014,6,1,0,1,2,9,E,AMCA2,-99,114,4.5,N,-99,N,
2014,6,1,0,1,2,9,E,AMCA2,-99,114,3.2,F,-99,N,
2014,6,1,0,1,2,9,E,AMCA2,-99,121,1.9,F,-99,N,
2014,6,1,0,1,2,9,E,AMCA2,-99,123,4.6,N,-99,N,
2014,6,1,0,1,2,9,E,AMCA2,-99,125,4.2,F,-99,N,
2014,6,1,0,1,2,9,E,ATPA4,-99,108,1.9,N,-99,N,
2014,6,1,0,1,2,9,E,AMCA2,-99,143,3.4,F,-99,N,
2014,6,1,0,1,2,9,E,AMCA2,-99,183,6.9,F,-99,N,
2014,6,1,0,1,2,10,A,AMCA2,-99,100,1.7,N,-99,N,
2014,6,1,0,1,2,10,A,AMCA2,-99,140,5.7,N,-99,N,
2014,6,1,0,1,2,10,A,AMCA2,-99,140,2.8,F,-99,N,
2014,6,1,0,1,2,10,B,AMCA2,-99,88,1.8,F,-99,N,
2014,6,1,0,1,2,10,B,AMCA2,-99,100,1.4,F,-99,N,
2014,6,1,0,1,2,10,B,AMCA2,-99,110,3.3,N,-99,N,
2014,6,1,0,1,2,10,B,AMCA2,-99,120,3.6,F,-99,N,
2014,6,1,0,1,2,10,B,AMCA2,-99,145,4.7,F,-99,N,
2014,6,1,0,1,2,10,B,AMCA2,-99,155,6.2,F,-99,N,
2014,6,1,0,1,2,10,C,AMCA2,-99,55,2.3,F,-99,N,
2014,6,1,0,1,2,10,C,AMCA2,-99,60,0.8,N,-99,N,
2014,6,1,0,1,2,10,C,ATPA4,-99,35,0,N,-99,N,
2014,6,1,0,1,2,10,C,AMCA2,-99,84,2,N,-99,N,
2014,6,1,0,1,2,10,C,AMCA2,-99,85,0.7,F,-99,N,
2014,6,1,0,1,2,10,C,AMCA2,-99,94,2,N,-99,N,
2014,6,1,0,1,2,10,C,AMCA2,-99,100,2.2,N,-99,N,
2014,6,1,0,1,2,10,C,AMCA2,-99,100,0.9,N,-99,N,
2014,6,1,0,1,2,10,C,AMCA2,-99,105,0.6,N,-99,N,
2014,6,1,0,1,2,10,C,AMCA2,-99,120,2.5,F,-99,N,
2014,6,1,0,1,2,10,C,AMCA2,-99,125,3.4,F,-99,N,
2014,6,1,0,1,2,10,C,AMCA2,-99,127,4.7,F,-99,N,
2014,6,1,0,1,2,10,D,AMCA2,-99,60,0.7,N,-99,N,
2014,6,1,0,1,2,10,D,ATPA4,-99,40,0,N,-99,N,
2014,6,1,0,1,2,10,D,AMCA2,-99,65,0.5,N,-99,N,
2014,6,1,0,1,2,10,D,AMCA2,-99,65,0.4,F,-99,N,
2014,6,1,0,1,2,10,D,AMCA2,-99,70,0.9,F,-99,N,
2014,6,1,0,1,2,10,D,AMCA2,-99,77,1.3,F,-99,N,
2014,6,1,0,1,2,10,D,ATPA4,-99,50,0.3,N,-99,N,
2014,6,1,0,1,2,10,D,ATPA4,-99,55,0.4,N,-99,N,
2014,6,1,0,1,2,10,D,AMCA2,-99,95,1.4,N,-99,N,
2014,6,1,0,1,2,10,D,AMCA2,-99,100,1.8,F,-99,N,
2014,6,1,0,1,2,10,D,AMCA2,-99,106,2.6,F,-99,N,
2014,6,1,0,1,2,10,D,AMCA2,-99,123,2.9,F,-99,N,
2014,6,1,0,1,2,10,D,AMCA2,-99,130,4,F,-99,N,
2014,6,1,0,1,2,10,D,AMCA2,-99,131,3.5,F,-99,N,
2014,6,1,0,1,2,10,D,AMCA2,-99,133,3.5,F,-99,N,
2014,6,1,0,1,2,10,D,AMCA2,-99,166,5,F,-99,N,
2014,6,1,0,1,2,10,E,AMCA2,-99,50,0.8,F,-99,N,
2014,6,1,0,1,2,10,E,AMCA2,-99,62,1.4,N,-99,N,
2014,6,1,0,1,2,10,E,AMCA2,-99,66,0.9,F,-99,N,
2014,6,1,0,1,2,10,E,AMCA2,-99,68,2.2,N,-99,N,
2014,6,1,0,1,2,10,E,AMCA2,-99,68,1.2,F,-99,N,
2014,6,1,0,1,2,10,E,AMCA2,-99,70,0.4,F,-99,N,
2014,6,1,0,1,2,10,E,AMCA2,-99,71,0.3,F,-99,N,
2014,6,1,0,1,2,10,E,AMCA2,-99,72,1.3,F,-99,N,
2014,6,1,0,1,2,10,E,AMCA2,-99,74,2,N,-99,N,
2014,6,1,0,1,2,10,E,AMCA2,-99,75,0.8,F,-99,N,
2014,6,1,0,1,2,10,E,AMCA2,-99,79,1.7,N,-99,N,
2014,6,1,0,1,2,10,E,AMCA2,-99,84,2.2,N,-99,N,
2014,6,1,0,1,2,10,E,AMCA2,-99,85,1.1,F,-99,N,
2014,6,1,0,1,2,10,E,KOVI,-99,102,3.8,F,-99,N,
2014,6,1,0,1,2,10,E,AMCA2,-99,95,1.8,F,-99,N,
2014,6,1,0,1,2,10,E,AMCA2,-99,104,3.4,N,-99,N,
2014,6,1,0,1,2,10,E,AMCA2,-99,110,2.8,F,-99,N,
2014,6,1,0,1,2,10,E,AMCA2,-99,118,2.6,F,-99,N,
2014,6,1,0,1,2,10,E,AMCA2,-99,118,1.4,F,-99,N,
2014,6,1,0,1,2,10,E,AMCA2,-99,121,1.9,F,-99,N,
2014,6,1,0,1,2,10,E,AMCA2,-99,200,7,F,-99,N,
2014,7,1,1,1,4,1,C,ATPA4,-99,123,2.5,N,-99,N,
2014,7,1,1,1,4,1,D,ATPA4,-99,47,0.6,N,-99,N,
2014,7,1,1,1,4,1,D,ATPA4,-99,58,1,N,-99,N,
2014,7,1,1,1,4,2,A,ATPA4,-99,30,0,N,-99,N,
2014,7,1,1,1,4,2,A,ATPA4,-99,32,0,N,-99,N,
2014,7,1,1,1,4,2,B,ATPA4,-99,146,2.4,N,-99,N,
2014,7,1,1,1,4,3,B,ATPA4,-99,134,2.4,N,-99,N,
2014,7,1,1,1,4,4,B,ATPA4,-99,122,1.8,N,-99,N,
2014,7,1,1,1,4,4,D,ATPA4,-99,61,1.2,N,-99,N,
2014,7,1,1,1,4,4,E,ATPA4,-99,60,1.4,N,-99,N,
2014,7,1,1,1,4,4,E,ATPA4,-99,100,2.4,N,-99,N,
2014,7,1,1,1,4,5,C,ATPA4,-99,134,3.3,N,-99,N,
2014,7,1,1,1,4,5,D,ATPA4,-99,33,0,N,-99,N,
2014,7,1,1,1,4,5,D,ATPA4,-99,94,1.9,N,-99,N,
2014,7,1,1,1,4,5,E,ATPA4,-99,78,1.6,N,-99,N,
2014,7,1,1,1,4,6,A,ATPA4,-99,31,0,N,-99,N,
2014,7,1,1,1,4,6,B,ATPA4,-99,40,0.7,N,-99,N,
2014,7,1,1,1,4,6,B,ATPA4,-99,42,1,N,-99,N,
2014,7,1,1,1,4,6,B,ATPA4,-99,50,1.1,N,-99,N,
2014,7,1,1,1,4,6,C,ATPA4,-99,62,0.8,N,-99,N,
2014,7,1,1,1,4,6,C,ATPA4,-99,66,1.3,N,-99,N,
2014,7,1,1,1,4,6,E,AMCA2,-99,51,1,N,-99,N,
2014,7,1,1,1,4,6,E,AMCA2,-99,172,13,N,-99,N,
2014,7,1,1,1,4,7,B,ATPA4,-99,27,0,N,-99,N,
2014,7,1,1,1,4,7,B,ATPA4,-99,39,0,N,-99,N,
2014,7,1,1,1,4,7,B,ATPA4,-99,45,0.6,N,-99,N,
2014,7,1,1,1,4,7,B,ATPA4,-99,58,1,N,-99,N,
2014,7,1,1,1,4,7,C,ATPA4,-99,44,1,N,-99,N,
2014,7,1,1,1,4,7,C,POHY,-99,28,0,N,-99,N,
2014,7,1,1,1,4,8,A,ATPA4,-99,20,0,N,-99,N,
2014,7,1,1,1,4,8,A,ATPA4,-99,51,0.8,N,-99,N,
2014,7,1,1,1,4,8,A,IVFR,-99,213,17.5,N,-99,N,
2014,7,1,1,1,4,8,A,IVFR,-99,48,2,N,-99,N,
2014,7,1,1,1,4,8,B,AMCA2,-99,47,1.7,N,-99,N,
2014,7,1,1,1,4,8,B,ATPA4,-99,60,1.6,N,-99,N,
2014,7,1,1,1,4,9,B,POHY,-99,54,1.7,N,-99,N,
2014,7,1,1,1,4,9,D,ATPA4,-99,109,2.6,N,-99,N,
2014,7,1,1,1,4,10,C,ATPA4,-99,62,1,N,-99,N,
2014,7,1,1,1,4,10,C,ATPA4,-99,95,2.5,N,-99,N,
2014,7,1,1,1,4,10,D,ATPA4,-99,54,1.4,N,-99,N,
2014,8,1,0,0,1,1,A,AMCA2,-99,73,2.5,N,-99,N,
2014,8,1,0,0,1,1,A,AMCA2,-99,84,4.3,N,-99,N,
2014,8,1,0,0,1,1,A,KOVI,-99,95,4.8,N,-99,N,
2014,8,1,0,0,1,1,A,KOVI,-99,84,3.9,F,-99,N,
2014,8,1,0,0,1,1,A,KOVI,-99,72,2.8,N,-99,N,
2014,8,1,0,0,1,1,A,KOVI,-99,66,1.3,N,-99,N,
2014,8,1,0,0,1,10,A,AMCA2,-99,50,1.2,N,-99,N,
2014,8,1,0,0,1,10,A,AMCA2,-99,60,3.2,N,-99,N,
2014,8,1,0,0,1,10,A,AMCA2,-99,65,3.8,N,-99,N,
2014,8,1,0,0,1,10,B,AMCA2,-99,52,1.8,N,-99,N,
2014,9,1,1,1,4,1,A,AMCA2,-99,110,6.5,N,-99,N,
2014,9,1,1,1,4,1,A,AMCA2,-99,143,5.8,N,-99,N,
2014,9,1,1,1,4,1,A,AMCA2,-99,152,7,N,-99,N,
2014,9,1,1,1,4,1,B,AMCA2,-99,74,3.1,N,-99,N,
2014,9,1,1,1,4,1,B,AMCA2,-99,86,1.8,N,-99,N,
2014,9,1,1,1,4,1,B,AMCA2,-99,87,2.4,N,-99,N,
2014,9,1,1,1,4,1,B,AMCA2,-99,89,2.2,N,-99,N,
2014,9,1,1,1,4,1,B,AMCA2,-99,90,2.8,N,-99,N,
2014,9,1,1,1,4,1,B,AMCA2,-99,94,2.3,N,-99,N,
2014,9,1,1,1,4,1,B,AMCA2,-99,104,4.2,N,-99,N,
2014,9,1,1,1,4,1,B,AMCA2,-99,112,3.4,N,-99,N,
2014,9,1,1,1,4,1,B,AMCA2,-99,126,4.8,N,-99,N,
2014,9,1,1,1,4,1,B,AMCA2,-99,202,11.6,N,-99,N,
2014,9,1,1,1,4,1,C,AMCA2,-99,64,1.5,N,-99,N,
2014,9,1,1,1,4,1,C,AMCA2,-99,70,1.7,N,-99,N,
2014,9,1,1,1,4,1,C,AMCA2,-99,82,2.9,N,-99,N,
2014,9,1,1,1,4,1,C,AMCA2,-99,88,2.4,N,-99,N,
2014,9,1,1,1,4,1,C,AMCA2,-99,100,3.1,N,-99,N,
2014,9,1,1,1,4,1,C,AMCA2,-99,133,7.5,N,-99,N,
2014,9,1,1,1,4,1,C,AMCA2,-99,140,8.1,N,-99,N,
2014,9,1,1,1,4,2,A,AMCA2,-99,75,3.9,N,-99,N,
2014,9,1,1,1,4,2,A,AMCA2,-99,80,3,N,-99,N,
2014,9,1,1,1,4,2,A,AMCA2,-99,87,1.6,N,-99,N,
2014,9,1,1,1,4,2,A,AMCA2,-99,92,6.7,N,-99,N,
2014,9,1,1,1,4,2,A,AMCA2,-99,92,2.1,N,-99,N,
2014,9,1,1,1,4,2,C,AMCA2,-99,50,2.1,N,-99,N,
2014,9,1,1,1,4,2,C,AMCA2,-99,67,1.8,N,-99,N,
2014,9,1,1,1,4,2,C,AMCA2,-99,72,2.5,N,-99,N,
2014,9,1,1,1,4,2,C,AMCA2,-99,75,0.9,N,-99,N,
2014,9,1,1,1,4,2,C,AMCA2,-99,87,3.1,N,-99,N,
2014,9,1,1,1,4,2,C,AMCA2,-99,95,2.5,N,-99,N,
2014,9,1,1,1,4,2,C,AMCA2,-99,97,2.7,N,-99,N,
2014,9,1,1,1,4,2,C,AMCA2,-99,120,6.6,N,-99,N,
2014,9,1,1,1,4,2,D,AMCA2,-99,72,1.7,N,-99,N,
2014,9,1,1,1,4,3,A,AMCA2,-99,73,1.5,N,-99,N,
2014,9,1,1,1,4,3,A,AMCA2,-99,80,3.3,N,-99,N,
2014,9,1,1,1,4,3,A,AMCA2,-99,80,1.9,N,-99,N,
2014,9,1,1,1,4,3,A,AMCA2,-99,84,2,N,-99,N,
2014,9,1,1,1,4,3,A,AMCA2,-99,90,3.4,N,-99,N,
2014,9,1,1,1,4,3,A,AMCA2,-99,94,1.7,N,-99,N,
2014,9,1,1,1,4,3,A,AMCA2,-99,97,2.5,N,-99,N,
2014,9,1,1,1,4,3,A,AMCA2,-99,100,3.1,N,-99,N,
2014,9,1,1,1,4,3,A,AMCA2,-99,103,2.1,N,-99,N,
2014,9,1,1,1,4,3,A,AMCA2,-99,105,4.2,N,-99,N,
2014,9,1,1,1,4,3,A,AMCA2,-99,105,2.9,N,-99,N,
2014,9,1,1,1,4,3,A,AMCA2,-99,108,4.1,N,-99,N,
2014,9,1,1,1,4,3,A,AMCA2,-99,108,4,N,-99,N,
2014,9,1,1,1,4,3,A,AMCA2,-99,120,7.9,N,-99,N,
2014,9,1,1,1,4,3,A,AMCA2,-99,120,4.6,N,-99,N,
2014,9,1,1,1,4,3,A,AMCA2,-99,121,7,N,-99,N,
2014,9,1,1,1,4,3,B,AMCA2,-99,80,1.7,N,-99,N,
2014,9,1,1,1,4,3,B,AMCA2,-99,112,6,N,-99,N,
2014,9,1,1,1,4,4,A,AMCA2,-99,103,2.5,N,-99,N,
2014,9,1,1,1,4,4,A,AMCA2,-99,127,7.2,N,-99,N,
2014,9,1,1,1,4,4,E,AMCA2,-99,80,2.9,N,-99,N,
2014,9,1,1,1,4,5,B,AMCA2,-99,68,0.6,N,-99,N,
2014,9,1,1,1,4,5,B,AMCA2,-99,76,2,N,-99,N,
2014,9,1,1,1,4,5,B,AMCA2,-99,91,2.4,N,-99,N,
2014,9,1,1,1,4,5,B,AMCA2,-99,108,3.2,N,-99,N,
2014,9,1,1,1,4,5,B,AMCA2,-99,110,2.7,N,-99,N,
2014,9,1,1,1,4,5,B,AMCA2,-99,129,6,N,-99,N,
2014,9,1,1,1,4,5,C,AMCA2,-99,70,0.6,N,-99,N,
2014,9,1,1,1,4,5,C,ATPA4,-99,65,1.3,N,-99,N,
2014,9,1,1,1,4,5,C,AMCA2,-99,90,1.8,N,-99,N,
2014,9,1,1,1,4,5,C,ATPA4,-99,84,1.2,N,-99,N,
2014,9,1,1,1,4,5,C,ATPA4,-99,85,1,N,-99,N,
2014,9,1,1,1,4,5,C,AMCA2,-99,130,5.8,N,-99,N,
2014,9,1,1,1,4,6,A,AMCA2,-99,95,3.6,N,-99,N,
2014,9,1,1,1,4,6,A,AMCA2,-99,95,2.2,N,-99,N,
2014,9,1,1,1,4,6,A,AMCA2,-99,115,7.8,N,-99,C,
2014,9,1,1,1,4,6,A,AMCA2,-99,120,6.2,N,-99,N,
2014,9,1,1,1,4,6,B,AMCA2,-99,60,1,N,-99,C,
2014,9,1,1,1,4,6,B,AMCA2,-99,84,1.3,N,-99,N,
2014,9,1,1,1,4,6,C,AMCA2,-99,64,0.9,N,-99,N,
2014,9,1,1,1,4,6,C,AMCA2,-99,70,1.5,N,-99,N,
2014,9,1,1,1,4,6,C,AMCA2,-99,74,1.9,N,-99,N,
2014,9,1,1,1,4,6,C,AMCA2,-99,83,1.7,N,-99,N,
2014,9,1,1,1,4,6,C,AMCA2,-99,105,3.3,N,-99,N,
2014,9,1,1,1,4,6,C,AMCA2,-99,110,2.6,N,-99,N,
2014,9,1,1,1,4,6,C,ATPA4,-99,94,0.9,N,-99,N,
2014,9,1,1,1,4,7,D,AMCA2,-99,70,3.8,N,-99,N,
2014,10,1,1,0,3,1,A,POHY,-99,40,0.3,N,-99,N,
2014,10,1,1,0,3,1,A,POHY,-99,35,0,N,-99,N,
2014,10,1,1,0,3,1,B,POHY,-99,55,1.6,N,-99,N,
2014,10,1,1,0,3,1,C,ASTER,-99,125,1.8,N,-99,N,
2014,10,1,1,0,3,1,C,POHY,-99,65,2,N,-99,N,
2014,10,1,1,0,3,1,C,POHY,-99,65,1.1,N,-99,N,
2014,10,1,1,0,3,1,C,ASTER,-99,90,1.2,N,-99,N,
2014,10,1,1,0,3,1,C,ASTER,-99,60,0.8,N,-99,N,
2014,10,1,1,0,3,1,C,POHY,-99,55,0.9,N,-99,N,
2014,10,1,1,0,3,1,D,POHY,-99,75,1.9,N,-99,N,
2014,10,1,1,0,3,1,D,POHY,-99,74,1.8,N,-99,N,
2014,10,1,1,0,3,1,D,POHY,-99,65,1.3,N,-99,N,
2014,10,1,1,0,3,1,D,POHY,-99,55,0.5,N,-99,N,
2014,10,1,1,0,3,1,D,POHY,-99,30,0,N,-99,N,
2014,10,1,1,0,3,1,E,POHY,-99,70,1.1,N,-99,N,
2014,10,1,1,0,3,1,E,POHY,-99,30,0,N,-99,N,
2014,10,1,1,0,3,2,A,ATPA4,-99,39,0,N,-99,N,
2014,10,1,1,0,3,2,A,ATPA4,-99,40,0,N,-99,N,
2014,10,1,1,0,3,2,B,POHY,-99,25,0,N,-99,N,
2014,10,1,1,0,3,2,B,POHY,-99,20,0,N,-99,N,
2014,10,1,1,0,3,2,C,KOVI,-99,40,0,N,-99,N,
2014,10,1,1,0,3,2,C,ASTER,-99,38,0,N,-99,N,
2014,10,1,1,0,3,2,C,POHY,-99,52,1.1,N,-99,N,
2014,10,1,1,0,3,2,C,POHY,-99,40,0,N,-99,N,
2014,10,1,1,0,3,2,E,POHY,-99,50,0.6,N,-99,N,
2014,10,1,1,0,3,2,E,POHY,-99,45,1.1,N,-99,N,
2014,10,1,1,0,3,3,A,ATPA4,-99,37,0,N,-99,N,
2014,10,1,1,0,3,3,A,ASTER,-99,74,2.3,N,-99,N,
2014,10,1,1,0,3,3,A,KOVI,-99,32,0,N,-99,N,
2014,10,1,1,0,3,3,A,KOVI,-99,27,0,N,-99,N,
2014,10,1,1,0,3,3,B,ATPA4,-99,22,0,N,-99,N,
2014,10,1,1,0,3,3,C,ATPA4,-99,27,0,N,-99,N,
2014,10,1,1,0,3,3,C,ATPA4,-99,28,0,N,-99,N,
2014,10,1,1,0,3,3,C,ATPA4,-99,56,0.9,N,-99,N,
2014,10,1,1,0,3,3,E,AMCA2,-99,95,3.9,F,-99,N,
2014,10,1,1,0,3,3,E,POHY,-99,30,0,N,-99,N,
2014,10,1,1,0,3,4,A,ATPA4,-99,30,0,N,-99,N,
2014,10,1,1,0,3,4,A,POHY,-99,50,1.4,N,-99,N,
2014,10,1,1,0,3,4,B,AMCA2,-99,72,1.4,N,-99,N,
2014,10,1,1,0,3,4,C,ATPA4,-99,50,0.9,N,-99,N,
2014,10,1,1,0,3,4,C,ATPA4,-99,52,0.4,N,-99,N,
2014,10,1,1,0,3,4,C,ATPA4,-99,60,0.8,N,-99,N,
2014,10,1,1,0,3,4,D,ATPA4,-99,50,0.7,N,-99,N,
2014,10,1,1,0,3,4,D,POHY,-99,50,1.3,N,-99,N,
2014,10,1,1,0,3,4,E,ATPA4,-99,30,0,N,-99,N,
2014,10,1,1,0,3,4,E,POHY,-99,40,0,N,-99,N,
2014,10,1,1,0,3,5,B,AMCA2,-99,61,0.4,N,-99,N,
2014,10,1,1,0,3,5,C,ATPA4,-99,55,0.7,N,-99,N,
2014,10,1,1,0,3,5,D,POHY,-99,75,2.1,N,-99,N,
2014,10,1,1,0,3,5,D,POHY,-99,73,1.9,N,-99,N,
2014,10,1,1,0,3,5,D,POHY,-99,70,1.5,N,-99,N,
2014,10,1,1,0,3,5,D,ATPA4,-99,95,2,N,-99,N,
2014,10,1,1,0,3,5,D,POHY,-99,55,1.7,N,-99,N,
2014,10,1,1,0,3,5,E,ATPA4,-99,33,0,N,-99,N,
2014,10,1,1,0,3,5,E,POHY,-99,55,1.7,N,-99,N,
2014,10,1,1,0,3,6,A,AMCA2,-99,65,1.6,N,-99,N,
2014,10,1,1,0,3,6,A,ATPA4,-99,84,1.6,N,-99,N,
2014,10,1,1,0,3,6,C,POHY,-99,50,1.4,N,-99,N,
2014,10,1,1,0,3,6,C,POHY,-99,30,0,N,-99,N,
2014,10,1,1,0,3,6,C,POHY,-99,25,0,N,-99,N,
2014,10,1,1,0,3,6,D,POHY,-99,55,1.9,N,-99,N,
2014,10,1,1,0,3,6,D,POHY,-99,50,1.3,N,-99,N,
2014,10,1,1,0,3,6,D,POHY,-99,40,1.7,N,-99,N,
2014,10,1,1,0,3,6,D,POHY,-99,40,0.8,N,-99,N,
2014,10,1,1,0,3,6,D,POHY,-99,39,0,N,-99,N,
2014,10,1,1,0,3,7,A,ATPA4,-99,40,0,N,-99,N,
2014,10,1,1,0,3,7,A,ATPA4,-99,60,1.5,N,-99,N,
2014,10,1,1,0,3,7,C,ATPA4,-99,50,0.7,N,-99,N,
2014,10,1,1,0,3,7,C,POHY,-99,70,1.6,N,-99,N,
2014,10,1,1,0,3,7,D,AMCA2,-99,20,0,N,-99,N,
2014,10,1,1,0,3,7,D,POHY,-99,45,0.1,N,-99,N,
2014,10,1,1,0,3,8,A,ATPA4,-99,35,0,N,-99,N,
2014,10,1,1,0,3,8,A,POHY,-99,30,0,N,-99,N,
2014,10,1,1,0,3,8,B,AMCA2,-99,25,0,N,-99,N,
2014,10,1,1,0,3,8,B,POHY,-99,29,0,N,-99,N,
2014,10,1,1,0,3,8,D,AMCA2,-99,70,1.4,F,-99,N,
2014,10,1,1,0,3,8,D,AMCA2,-99,95,1.7,F,-99,N,
2014,10,1,1,0,3,8,D,POHY,-99,48,1.4,N,-99,N,
2014,10,1,1,0,3,9,A,ATPA4,-99,50,1.5,N,-99,N,
2014,10,1,1,0,3,9,A,ATPA4,-99,62,1.7,N,-99,N,
2014,10,1,1,0,3,9,A,POHY,-99,55,1.8,F,-99,N,
2014,10,1,1,0,3,9,A,POHY,-99,37,0,N,-99,N,
2014,10,1,1,0,3,9,B,POHY,-99,20,0,N,-99,N,
2014,10,1,1,0,3,9,B,POHY,-99,20,0,N,-99,N,
2014,10,1,1,0,3,9,B,POHY,-99,15,0,N,-99,N,
2014,10,1,1,0,3,9,C,AMCA2,-99,33,0,N,-99,N,
2014,10,1,1,0,3,9,C,POHY,-99,44,0,N,-99,N,
2014,10,1,1,0,3,9,D,AMCA2,-99,40,0,N,-99,N,
2014,10,1,1,0,3,9,D,AMCA2,-99,88,1.2,F,-99,N,
2014,10,1,1,0,3,10,A,AMCA2,-99,40,0,N,-99,N,
2014,10,1,1,0,3,10,A,AMCA2,-99,45,0.8,F,-99,N,
2014,10,1,1,0,3,10,A,AMCA2,-99,65,1.7,F,-99,N,
2014,10,1,1,0,3,10,A,ATPA4,-99,40,0,N,-99,N,
2014,10,1,1,0,3,10,A,POHY,-99,45,0,F,-99,N,
2014,10,1,1,0,3,10,B,AMCA2,-99,55,1.2,F,-99,N,
2014,10,1,1,0,3,10,C,AMCA2,-99,78,1.3,F,-99,N,
2014,10,1,1,0,3,10,C,AMCA2,-99,96,4.6,N,-99,N,
2014,10,1,1,0,3,10,C,AMCA2,-99,113,3.1,F,-99,N,
2014,10,1,1,0,3,10,D,AMCA2,-99,65,1.8,N,-99,N,
2014,10,1,1,0,3,10,E,AMCA2,-99,45,0.3,N,-99,N,
2014,10,1,1,0,3,10,E,AMCA2,-99,67,1.2,N,-99,N,
2014,10,1,1,0,3,10,E,AMCA2,-99,96,2.9,F,-99,N,
2014,11,1,0,0,1,1,A,AMCA2,-99,65,2.5,F,-99,N,
2014,11,1,0,0,1,1,A,AMCA2,-99,68,1.5,N,-99,N,
2014,11,1,0,0,1,1,A,AMCA2,-99,74,2.6,N,-99,N,
2014,11,1,0,0,1,1,A,AMCA2,-99,77,2.4,N,-99,N,
2014,11,1,0,0,1,1,A,ATPA4,-99,70,1.4,N,-99,N,
2014,11,1,0,0,1,1,B,AMCA2,-99,42,0.7,F,-99,N,
2014,11,1,0,0,1,1,B,ATPA4,-99,59,0.9,N,-99,N,
2014,11,1,0,0,1,1,C,AMCA2,-99,52,1.3,N,-99,N,
2014,11,1,0,0,1,2,A,AMCA2,-99,44,0.9,N,-99,N,
2014,11,1,0,0,1,2,A,AMCA2,-99,46,0.6,F,-99,N,
2014,11,1,0,0,1,2,A,AMCA2,-99,51,1.6,N,-99,N,
2014,11,1,0,0,1,2,B,AMCA2,-99,37,0,N,-99,N,
2014,11,1,0,0,1,2,B,AMCA2,-99,80,2.4,F,-99,N,
2014,11,1,0,0,1,3,A,AMCA2,-99,60,1.8,N,-99,N,
2014,11,1,0,0,1,3,A,AMCA2,-99,73,1.1,N,-99,N,
2014,11,1,0,0,1,3,A,AMCA2,-99,76,1.8,N,-99,N,
2014,11,1,0,0,1,3,A,AMCA2,-99,109,5.9,N,-99,N,
2014,11,1,0,0,1,3,B,AMCA2,-99,77,2.4,N,-99,N,
2014,11,1,0,0,1,3,B,AMCA2,-99,79,3.1,N,-99,N,
2014,11,1,0,0,1,3,B,AMCA2,-99,84,3.4,N,-99,N,
2014,11,1,0,0,1,4,A,AMCA2,-99,44,3.1,N,-99,N,
2014,11,1,0,0,1,4,A,AMCA2,-99,44,1.9,N,-99,N,
2014,11,1,0,0,1,4,A,AMCA2,-99,68,2.8,F,-99,N,
2014,11,1,0,0,1,4,A,AMCA2,-99,113,7.3,F,-99,N,
2014,11,1,0,0,1,4,B,AMCA2,-99,65,1.9,N,-99,N,
2014,11,1,0,0,1,4,B,AMCA2,-99,119,5.8,N,-99,N,
2014,11,1,0,0,1,8,A,AMCA2,-99,58,2.6,F,-99,N,
2014,11,1,0,0,1,10,A,ATPA4,-99,40,1.2,N,-99,N,
2014,11,1,0,0,1,10,A,ATPA4,-99,44,1,N,-99,N,
2014,12,1,0,1,2,1,B,ATPA4,-99,43,0.4,N,-99,N,
2014,12,1,0,1,2,1,B,ATPA4,-99,159,1.7,N,-99,N,
2014,12,1,0,1,2,1,C,ATPA4,-99,83,0.7,N,-99,N,
2014,12,1,0,1,2,1,C,ATPA4,-99,145,1.5,N,-99,N,
2014,12,1,0,1,2,1,D,ATPA4,-99,64,1.1,N,-99,N,
2014,12,1,0,1,2,1,D,ATPA4,-99,113,1,N,-99,N,
2014,12,1,0,1,2,1,D,ATPA4,-99,154,1.6,N,-99,N,
2014,12,1,0,1,2,1,E,ATPA4,-99,169,1.9,N,-99,N,
2014,12,1,0,1,2,1,E,ATPA4,-99,211,2.7,N,-99,N,
2014,12,1,0,1,2,2,A,ATPA4,-99,36,0,N,-99,N,
2014,12,1,0,1,2,2,D,ATPA4,-99,37,0,N,-99,N,
2014,12,1,0,1,2,2,D,ATPA4,-99,122,1.1,N,-99,N,
2014,12,1,0,1,2,2,D,ATPA4,-99,124,1.2,N,-99,N,
2014,12,1,0,1,2,2,E,ATPA4,-99,123,2.5,N,-99,N,
2014,12,1,0,1,2,3,A,ATPA4,-99,72,1.1,N,-99,N,
2014,12,1,0,1,2,3,A,ATPA4,-99,86,1.7,N,-99,N,
2014,12,1,0,1,2,3,B,ATPA4,-99,173,2.5,N,-99,N,
2014,12,1,0,1,2,3,C,ATPA4,-99,79,1.2,N,-99,N,
2014,12,1,0,1,2,3,C,ATPA4,-99,84,1.3,N,-99,N,
2014,12,1,0,1,2,3,D,ATPA4,-99,85,1,N,-99,N,
2014,12,1,0,1,2,3,D,ATPA4,-99,105,1.2,N,-99,N,
2014,12,1,0,1,2,3,D,ATPA4,-99,121,1.3,N,-99,N,
2014,12,1,0,1,2,3,D,ATPA4,-99,130,1.5,N,-99,N,
2014,12,1,0,1,2,3,E,ATPA4,-99,100,1.2,N,-99,N,
2014,12,1,0,1,2,3,E,ATPA4,-99,130,1.6,N,-99,N,
2014,12,1,0,1,2,3,E,ATPA4,-99,134,1.6,N,-99,N,
2014,12,1,0,1,2,4,A,ATPA4,-99,57,1,N,-99,N,
2014,12,1,0,1,2,4,A,ATPA4,-99,71,1.1,N,-99,N,
2014,12,1,0,1,2,4,A,ATPA4,-99,99,1.6,N,-99,N,
2014,12,1,0,1,2,4,A,ATPA4,-99,113,1.8,N,-99,N,
2014,12,1,0,1,2,4,C,ATPA4,-99,53,0.4,N,-99,N,
2014,12,1,0,1,2,4,C,ATPA4,-99,95,1.6,N,-99,N,
2014,12,1,0,1,2,4,D,ATPA4,-99,54,1,N,-99,N,
2014,12,1,0,1,2,4,D,ATPA4,-99,88,1.4,N,-99,N,
2014,12,1,0,1,2,4,D,ATPA4,-99,134,1.7,N,-99,N,
2014,12,1,0,1,2,4,E,ATPA4,-99,76,1,N,-99,N,
2014,12,1,0,1,2,5,A,ATPA4,-99,63,1.1,N,-99,N,
2014,12,1,0,1,2,5,A,ATPA4,-99,63,0.7,N,-99,N,
2014,12,1,0,1,2,5,A,ATPA4,-99,94,1.6,N,-99,N,
2014,12,1,0,1,2,5,A,ATPA4,-99,122,1.9,N,-99,N,
2014,12,1,0,1,2,5,A,ATPA4,-99,123,1.8,N,-99,N,
2014,12,1,0,1,2,5,B,ATPA4,-99,72,1.3,N,-99,N,
2014,12,1,0,1,2,5,B,ATPA4,-99,94,1.7,N,-99,N,
2014,12,1,0,1,2,5,B,ATPA4,-99,96,1.9,N,-99,N,
2014,12,1,0,1,2,5,B,ATPA4,-99,99,1.2,N,-99,N,
2014,12,1,0,1,2,5,B,ATPA4,-99,132,1.9,N,-99,N,
2014,12,1,0,1,2,5,C,ATPA4,-99,70,0.6,N,-99,N,
2014,12,1,0,1,2,5,C,ATPA4,-99,80,1,N,-99,N,
2014,12,1,0,1,2,5,C,ATPA4,-99,99,1.6,N,-99,N,
2014,12,1,0,1,2,5,D,ATPA4,-99,104,1.3,N,-99,N,
2014,12,1,0,1,2,5,D,ATPA4,-99,119,1.9,N,-99,N,
2014,12,1,0,1,2,5,E,ATPA4,-99,37,0,N,-99,N,
2014,12,1,0,1,2,6,A,ATPA4,-99,71,1.8,N,-99,N,
2014,12,1,0,1,2,6,A,ATPA4,-99,77,1.4,N,-99,N,
2014,12,1,0,1,2,6,A,ATPA4,-99,79,1.9,N,-99,N,
2014,12,1,0,1,2,6,A,ATPA4,-99,82,1.4,N,-99,N,
2014,12,1,0,1,2,6,A,ATPA4,-99,93,1.5,N,-99,N,
2014,12,1,0,1,2,6,A,ATPA4,-99,101,2.1,N,-99,N,
2014,12,1,0,1,2,6,A,ATPA4,-99,116,2.2,N,-99,N,
2014,12,1,0,1,2,6,A,ATPA4,-99,120,2,N,-99,N,
2014,12,1,0,1,2,6,A,ATPA4,-99,120,1.6,N,-99,N,
2014,12,1,0,1,2,6,B,ATPA4,-99,79,1,N,-99,N,
2014,12,1,0,1,2,6,B,ATPA4,-99,83,1.2,N,-99,N,
2014,12,1,0,1,2,6,B,ATPA4,-99,88,1.4,N,-99,N,
2014,12,1,0,1,2,6,B,ATPA4,-99,93,1.5,N,-99,N,
2014,12,1,0,1,2,6,B,ATPA4,-99,93,1.3,N,-99,N,
2014,12,1,0,1,2,6,B,ATPA4,-99,100,1.3,N,-99,N,
2014,12,1,0,1,2,6,C,ATPA4,-99,55,1.3,N,-99,N,
2014,12,1,0,1,2,6,C,ATPA4,-99,76,1.2,N,-99,N,
2014,12,1,0,1,2,6,C,ATPA4,-99,76,1,N,-99,N,
2014,12,1,0,1,2,6,C,ATPA4,-99,77,1.2,N,-99,N,
2014,12,1,0,1,2,6,C,ATPA4,-99,80,1.3,N,-99,N,
2014,12,1,0,1,2,6,C,ATPA4,-99,80,1.1,N,-99,N,
2014,12,1,0,1,2,6,C,ATPA4,-99,86,1.1,N,-99,N,
2014,12,1,0,1,2,6,C,ATPA4,-99,93,1.3,N,-99,N,
2014,12,1,0,1,2,6,C,ATPA4,-99,100,1.4,N,-99,N,
2014,12,1,0,1,2,6,D,AMCA2,-99,82,3,N,-99,N,
2014,12,1,0,1,2,6,D,AMCA2,-99,105,3.9,F,-99,N,
2014,12,1,0,1,2,6,D,ATPA4,-99,80,1.6,N,-99,N,
2014,12,1,0,1,2,6,D,ATPA4,-99,84,1.4,N,-99,N,
2014,12,1,0,1,2,6,D,ATPA4,-99,88,1.8,N,-99,N,
2014,12,1,0,1,2,6,E,AMCA2,-99,52,0.8,N,-99,N,
2014,12,1,0,1,2,6,E,AMCA2,-99,66,1.8,N,-99,N,
2014,12,1,0,1,2,6,E,AMCA2,-99,74,2.2,N,-99,N,
2014,12,1,0,1,2,6,E,AMCA2,-99,77,2.6,N,-99,N,
2014,12,1,0,1,2,6,E,AMCA2,-99,86,1.8,F,-99,N,
2014,12,1,0,1,2,6,E,ATPA4,-99,130,2.3,N,-99,N,
2014,12,1,0,1,2,7,A,ATPA4,-99,51,1.1,N,-99,N,
2014,12,1,0,1,2,7,A,ATPA4,-99,57,1.5,N,-99,N,
2014,12,1,0,1,2,7,A,ATPA4,-99,63,1.8,N,-99,N,
2014,12,1,0,1,2,7,A,ATPA4,-99,64,2.1,N,-99,N,
2014,12,1,0,1,2,7,A,ATPA4,-99,92,2.6,N,-99,N,
2014,12,1,0,1,2,7,B,ATPA4,-99,72,1.7,N,-99,N,
2014,12,1,0,1,2,7,B,ATPA4,-99,73,1.9,N,-99,N,
2014,12,1,0,1,2,7,B,ATPA4,-99,79,1.2,N,-99,N,
2014,12,1,0,1,2,7,B,ATPA4,-99,79,1,N,-99,N,
2014,12,1,0,1,2,7,B,ATPA4,-99,88,1.6,N,-99,N,
2014,12,1,0,1,2,7,B,ATPA4,-99,88,1.3,N,-99,N,
2014,12,1,0,1,2,7,B,ATPA4,-99,89,1.5,N,-99,N,
2014,12,1,0,1,2,7,B,ATPA4,-99,90,1.6,N,-99,N,
2014,12,1,0,1,2,7,B,ATPA4,-99,91,1.5,N,-99,N,
2014,12,1,0,1,2,7,B,ATPA4,-99,92,1.4,N,-99,N,
2014,12,1,0,1,2,7,B,ATPA4,-99,93,1.4,N,-99,N,
2014,12,1,0,1,2,7,B,ATPA4,-99,94,1.6,N,-99,N,
2014,12,1,0,1,2,7,B,ATPA4,-99,95,1.2,N,-99,N,
2014,12,1,0,1,2,7,B,ATPA4,-99,96,1.2,N,-99,N,
2014,12,1,0,1,2,7,B,ATPA4,-99,96,1.1,N,-99,N,
2014,12,1,0,1,2,7,B,ATPA4,-99,97,2.7,N,-99,N,
2014,12,1,0,1,2,7,B,ATPA4,-99,97,1.5,N,-99,N,
2014,12,1,0,1,2,7,B,ATPA4,-99,97,1.4,N,-99,N,
2014,12,1,0,1,2,7,B,ATPA4,-99,113,2.3,N,-99,N,
2014,12,1,0,1,2,7,B,ATPA4,-99,117,2.1,N,-99,N,
2014,12,1,0,1,2,7,B,ATPA4,-99,120,2.2,F,-99,N,
2014,12,1,0,1,2,7,B,ATPA4,-99,120,2.1,N,-99,N,
2014,12,1,0,1,2,7,C,ATPA4,-99,35,0,N,-99,N,
2014,12,1,0,1,2,7,D,ATPA4,-99,79,1.9,N,-99,N,
2014,12,1,0,1,2,7,D,AMCA2,-99,142,8.2,F,-99,N,
2014,12,1,0,1,2,7,E,AMCA2,-99,172,12.5,F,-99,N,
2014,12,1,0,1,2,8,A,ATPA4,-99,71,1.6,N,-99,N,
2014,12,1,0,1,2,8,A,ATPA4,-99,80,2.4,N,-99,N,
2014,12,1,0,1,2,8,B,ATPA4,-99,51,0.7,N,-99,N,
2014,12,1,0,1,2,8,B,ATPA4,-99,52,2.2,N,-99,N,
2014,12,1,0,1,2,8,B,ATPA4,-99,55,1.5,N,-99,N,
2014,12,1,0,1,2,8,B,ATPA4,-99,62,1.5,N,-99,N,
2014,12,1,0,1,2,8,B,ATPA4,-99,62,1.4,N,-99,N,
2014,12,1,0,1,2,8,B,ATPA4,-99,67,1.9,N,-99,N,
2014,12,1,0,1,2,8,B,ATPA4,-99,72,1.4,N,-99,N,
2014,12,1,0,1,2,8,B,ATPA4,-99,74,2.1,N,-99,N,
2014,12,1,0,1,2,8,B,ATPA4,-99,92,2.4,N,-99,N,
2014,12,1,0,1,2,8,B,ATPA4,-99,94,1.9,N,-99,N,
2014,12,1,0,1,2,8,B,ATPA4,-99,96,1.7,N,-99,N,
2014,12,1,0,1,2,8,B,ATPA4,-99,107,1.9,N,-99,N,
2014,12,1,0,1,2,8,B,ATPA4,-99,108,1.7,N,-99,N,
2014,12,1,0,1,2,8,C,ATPA4,-99,75,1.8,N,-99,N,
2014,12,1,0,1,2,8,C,ATPA4,-99,76,1.4,N,-99,N,
2014,12,1,0,1,2,8,C,ATPA4,-99,82,1.5,N,-99,N,
2014,12,1,0,1,2,8,C,ATPA4,-99,83,2.1,N,-99,N,
2014,12,1,0,1,2,8,C,ATPA4,-99,89,1.7,N,-99,N,
2014,12,1,0,1,2,8,C,ATPA4,-99,91,1.9,N,-99,N,
2014,12,1,0,1,2,8,D,ATPA4,-99,71,1.6,N,-99,N,
2014,12,1,0,1,2,9,B,ATPA4,-99,49,1,N,-99,N,
2014,12,1,0,1,2,9,B,ATPA4,-99,61,1.2,N,-99,N,
2014,12,1,0,1,2,9,B,ATPA4,-99,72,1.7,N,-99,N,
2014,12,1,0,1,2,9,C,ATPA4,-99,52,1.1,N,-99,N,
2014,12,1,0,1,2,9,C,ATPA4,-99,90,2.5,N,-99,N,
2015,1,1,0,0,1,1,B,AMCA2,-99,64,2.8,N,-99,N,
2015,1,1,0,0,1,1,D,AMCA2,-99,53,1.5,N,-99,N,
2015,1,1,0,0,1,1,D,AMCA2,-99,61,1.6,F,-99,N,
2015,1,1,0,0,1,1,E,AMCA2,-99,53,1.4,N,-99,N,
2015,1,1,0,0,1,1,E,AMCA2,-99,77,2.3,N,-99,N,
2015,1,1,0,0,1,2,A,SOSE,-99,69,4.7,N,-99,C,
2015,1,1,0,0,1,2,A,SOSE,-99,109,5.5,N,-99,N,
2015,1,1,0,0,1,2,A,SOSE,-99,93,5.3,N,-99,N,
2015,1,1,0,0,1,2,B,IVFR,-99,76,3.3,N,-99,N,
2015,1,1,0,0,1,2,B,IVFR,-99,109,7.5,N,-99,N,
2015,1,1,0,0,1,2,B,IVFR,-99,72,4.5,N,-99,N,
2015,1,1,0,0,1,2,D,AMCA2,-99,76,1.2,F,-99,N,
2015,1,1,0,0,1,3,A,SOSE,-99,91,4,N,-99,N,
2015,1,1,0,0,1,3,B,SOSE,-99,109,3.8,N,-99,N,
2015,1,1,0,0,1,3,B,IVFR,-99,134,7.4,N,-99,N,
2015,1,1,0,0,1,3,C,IVFR,-99,136,7.6,N,-99,N,
2015,1,1,0,0,1,3,C,IVFR,-99,133,4.4,N,-99,N,
2015,1,1,0,0,1,3,C,IVFR,-99,88,3,N,-99,N,
2015,1,1,0,0,1,3,D,AMCA2,-99,70,1,F,-99,N,
2015,1,1,0,0,1,3,D,AMCA2,-99,75,1.1,F,-99,N,
2015,1,1,0,0,1,4,D,AMCA2,-99,90,2,F,-99,N,
2015,1,1,0,0,1,4,D,AMCA2,-99,95,2.6,N,-99,N,
2015,1,1,0,0,1,4,D,AMCA2,-99,96,2.4,N,-99,N,
2015,1,1,0,0,1,4,E,AMCA2,-99,65,1.6,N,-99,N,
2015,1,1,0,0,1,4,E,AMCA2,-99,67,1.6,N,-99,N,
2015,1,1,0,0,1,5,A,SOSE,-99,76,2.6,N,-99,N,
2015,1,1,0,0,1,5,A,SOSE,-99,125,4.9,N,-99,N,
2015,1,1,0,0,1,5,B,SOSE,-99,117,4.4,N,-99,N,
2015,1,1,0,0,1,5,B,SOSE,-99,97,3.2,N,-99,N,
2015,1,1,0,0,1,5,B,SOSE,-99,99,3.4,N,-99,N,
2015,1,1,0,0,1,5,B,SOSE,-99,112,4.7,N,-99,N,
2015,1,1,0,0,1,5,E,AMCA2,-99,65,1.6,N,-99,N,
2015,1,1,0,0,1,5,E,AMCA2,-99,70,1.5,N,-99,N,
2015,1,1,0,0,1,5,E,AMCA2,-99,107,3.7,F,-99,N,
2015,1,1,0,0,1,9,B,SOSE,-99,104,4.6,N,-99,N,
2015,1,1,0,0,1,9,B,SOSE,-99,70,4.4,N,-99,N,
2015,1,1,0,0,1,9,B,SOSE,-99,122,5.9,N,-99,N,
2015,1,1,0,0,1,9,B,IVFR,-99,112,5.3,N,-99,N,
2015,1,1,0,0,1,9,D,KOVI,-99,82,6.3,F,-99,N,
2015,1,1,0,0,1,10,B,IVFR,-99,127,11.3,N,-99,N,
2015,1,1,0,0,1,10,B,IVFR,-99,127,7,N,-99,N,
2015,1,1,0,0,1,10,B,IVFR,-99,109,2.4,N,-99,N,
2015,1,1,0,0,1,10,C,IVFR,-99,85,3.5,N,-99,N,
2015,1,1,0,0,1,10,C,KOVI,-99,116,6.9,F,-99,N,
2015,2,1,1,0,3,1,A,AMCA2,-99,54,1.2,N,-99,N,
2015,2,1,1,0,3,1,A,ATPA4,-99,55,0.7,N,-99,N,
2015,2,1,1,0,3,1,A,ATPA4,-99,59,1.1,N,-99,N,
2015,2,1,1,0,3,1,A,AMCA2,-99,85,1.7,N,-99,N,
2015,2,1,1,0,3,1,A,AMCA2,-99,95,2.9,N,-99,N,
2015,2,1,1,0,3,1,A,ATPA4,-99,77,1.2,N,-99,N,
2015,2,1,1,0,3,1,B,AMCA2,-99,60,1.6,N,-99,N,
2015,2,1,1,0,3,1,B,ATPA4,-99,83,1.5,N,-99,N,
2015,2,1,1,0,3,1,C,AMCA2,-99,71,1.6,N,-99,N,
2015,2,1,1,0,3,1,C,AMCA2,-99,73,2,N,-99,N,
2015,2,1,1,0,3,1,C,AMCA2,-99,94,2.1,F,-99,N,
2015,2,1,1,0,3,1,D,AMCA2,-99,62,1.2,N,-99,C,
2015,2,1,1,0,3,2,A,ATPA4,-99,63,1,N,-99,N,
2015,2,1,1,0,3,2,A,SPCY,-99,170,2.8,N,-99,N,
2015,2,1,1,0,3,2,A,SPCY,-99,180,4.1,N,-99,N,
2015,2,1,1,0,3,2,E,IVFR,-99,210,13.3,F,-99,N,
2015,2,1,1,0,3,3,B,KOVI,-99,56,0.9,N,-99,N,
2015,2,1,1,0,3,3,B,KOVI,-99,45,0.7,N,-99,N,
2015,2,1,1,0,3,3,C,ATPA4,-99,60,0.7,N,-99,N,
2015,2,1,1,0,3,3,C,KOVI,-99,101,2.5,N,-99,N,
2015,2,1,1,0,3,3,C,KOVI,-99,55,0.5,N,-99,N,
2015,2,1,1,0,3,3,C,KOVI,-99,57,1,N,-99,N,
2015,2,1,1,0,3,3,D,KOVI,-99,61,1.1,N,-99,N,
2015,2,1,1,0,3,4,A,ATPA4,-99,58,0.8,N,-99,N,
2015,2,1,1,0,3,4,B,ATPA4,-99,50,0.8,N,-99,N,
2015,2,1,1,0,3,4,B,ATPA4,-99,50,1,N,-99,N,
2015,2,1,1,0,3,4,B,SPCY,-99,175,2.9,N,-99,N,
2015,2,1,1,0,3,4,C,KOVI,-99,49,1,N,-99,N,
2015,2,1,1,0,3,5,A,ATPA4,-99,53,0.8,N,-99,N,
2015,2,1,1,0,3,5,A,ATPA4,-99,74,1.2,N,-99,N,
2015,2,1,1,0,3,5,A,KOVI,-99,43,0.4,N,-99,N,
2015,2,1,1,0,3,5,B,SPCY,-99,115,2.1,N,-99,N,
2015,2,1,1,0,3,5,B,KOVI,-99,44,0.3,N,-99,N,
2015,2,1,1,0,3,5,B,KOVI,-99,49,0.9,N,-99,N,
2015,2,1,1,0,3,5,B,KOVI,-99,66,1.5,N,-99,N,
2015,2,1,1,0,3,6,D,AMCA2,-99,47,1.1,N,-99,N,
2015,2,1,1,0,3,6,D,AMCA2,-99,73,0.7,N,-99,N,
2015,2,1,1,0,3,6,E,AMCA2,-99,74,1.4,N,-99,N,
2015,2,1,1,0,3,6,E,AMCA2,-99,75,1.5,F,-99,N,
2015,2,1,1,0,3,7,A,AMCA2,-99,76,2.6,N,-99,N,
2015,2,1,1,0,3,7,A,KOVI,-99,82,3.2,F,-99,N,
2015,2,1,1,0,3,7,D,AMCA2,-99,73,1.2,N,-99,N,
2015,2,1,1,0,3,7,D,AMCA2,-99,75,0.9,F,-99,N,
2015,2,1,1,0,3,7,D,AMCA2,-99,82,1.4,F,-99,N,
2015,2,1,1,0,3,7,E,AMCA2,-99,80,2,F,-99,N,
2015,2,1,1,0,3,7,E,AMCA2,-99,92,2.2,N,-99,C,
2015,2,1,1,0,3,7,E,KOVI,-99,73,2.6,N,-99,N,
2015,2,1,1,0,3,8,B,KOVI,-99,57,1.4,N,-99,N,
2015,2,1,1,0,3,8,E,AMCA2,-99,51,1.5,N,-99,N,
2015,2,1,1,0,3,9,A,SOSE,-99,141,5.2,N,-99,N,
2015,2,1,1,0,3,9,A,SOSE,-99,91,6,N,-99,N,
2015,2,1,1,0,3,9,A,SOSE,-99,67,4.2,N,-99,C,
2015,2,1,1,0,3,9,A,SOSE,-99,160,7.8,N,-99,N,
2015,2,1,1,0,3,9,B,SOSE,-99,135,6,N,-99,N,
2015,2,1,1,0,3,9,B,IVFR,-99,127,12.3,N,-99,N,
2015,2,1,1,0,3,9,B,SOSE,-99,69,6,N,-99,N,
2015,2,1,1,0,3,9,D,KOVI,-99,45,0.8,N,-99,N,
2015,2,1,1,0,3,10,A,KOVI,-99,105,4.8,F,-99,C,
2015,2,1,1,0,3,10,A,SOSE,-99,190,9.2,N,-99,N,
2015,2,1,1,0,3,10,B,SOSE,-99,113,3.6,N,-99,N,
2015,2,1,1,0,3,10,B,SOSE,-99,145,6.2,N,-99,N,
2015,3,1,0,1,2,1,A,POHY,-99,63,2.4,F,-99,N,
2015,3,1,0,1,2,1,A,POHY,-99,51,1.4,F,-99,N,
2015,3,1,0,1,2,1,A,POHY,-99,40,0,N,-99,N,
2015,3,1,0,1,2,1,B,POHY,-99,61,1.7,F,-99,N,
2015,3,1,0,1,2,1,B,POHY,-99,52,1.8,F,-99,N,
2015,3,1,0,1,2,1,B,POHY,-99,46,1.2,N,-99,N,
2015,3,1,0,1,2,1,B,POHY,-99,40,0,N,-99,N,
2015,3,1,0,1,2,1,B,POHY,-99,38,0,F,-99,N,
2015,3,1,0,1,2,1,C,POHY,-99,96,1.9,F,-99,N,
2015,3,1,0,1,2,1,C,POHY,-99,93,1.4,F,-99,N,
2015,3,1,0,1,2,1,C,SOSE,-99,69,1.2,N,-99,N,
2015,3,1,0,1,2,1,D,AMCA2,-99,52,0.3,N,-99,N,
2015,3,1,0,1,2,1,D,POHY,-99,92,1.7,F,-99,N,
2015,3,1,0,1,2,1,D,POHY,-99,70,1.4,F,-99,N,
2015,3,1,0,1,2,1,D,POHY,-99,56,1.2,F,-99,N,
2015,3,1,0,1,2,1,D,SOSE,-99,66,2.3,N,-99,N,
2015,3,1,0,1,2,1,D,SOSE,-99,66,1.4,N,-99,N,
2015,3,1,0,1,2,2,A,POHY,-99,86,2.7,F,-99,N,
2015,3,1,0,1,2,2,A,POHY,-99,57,2,F,-99,N,
2015,3,1,0,1,2,2,A,POHY,-99,53,0,F,-99,N,
2015,3,1,0,1,2,2,B,POHY,-99,85,1.9,F,-99,N,
2015,3,1,0,1,2,2,B,POHY,-99,80,1.7,F,-99,N,
2015,3,1,0,1,2,2,B,POHY,-99,66,1.2,F,-99,N,
2015,3,1,0,1,2,2,B,POHY,-99,61,1.6,F,-99,N,
2015,3,1,0,1,2,2,B,KOVI,-99,62,0.8,N,-99,N,
2015,3,1,0,1,2,2,B,POHY,-99,46,1.6,N,-99,N,
2015,3,1,0,1,2,2,C,POHY,-99,94,1.9,F,-99,N,
2015,3,1,0,1,2,2,C,POHY,-99,85,2.3,F,-99,N,
2015,3,1,0,1,2,2,C,POHY,-99,75,1.7,F,-99,N,
2015,3,1,0,1,2,2,C,POHY,-99,74,1.4,F,-99,N,
2015,3,1,0,1,2,2,C,SOSE,-99,59,1.3,N,-99,N,
2015,3,1,0,1,2,3,A,POHY,-99,88,1.8,F,-99,N,
2015,3,1,0,1,2,3,A,POHY,-99,81,1.8,F,-99,N,
2015,3,1,0,1,2,3,A,POHY,-99,63,1.4,F,-99,N,
2015,3,1,0,1,2,3,A,POHY,-99,61,1.5,F,-99,N,
2015,3,1,0,1,2,3,A,POHY,-99,49,0,F,-99,N,
2015,3,1,0,1,2,3,A,POHY,-99,40,0,N,-99,N,
2015,3,1,0,1,2,3,B,POHY,-99,61,1.2,N,-99,N,
2015,3,1,0,1,2,4,A,POHY,-99,82,1.4,F,-99,N,
2015,3,1,0,1,2,4,A,POHY,-99,80,2.1,F,-99,N,
2015,3,1,0,1,2,4,A,POHY,-99,47,0,F,-99,N,
2015,3,1,0,1,2,4,B,POHY,-99,88,1.5,F,-99,N,
2015,3,1,0,1,2,4,B,POHY,-99,87,2.3,F,-99,N,
2015,3,1,0,1,2,4,B,POHY,-99,60,1.3,N,-99,N,
2015,3,1,0,1,2,4,B,AMCA2,-99,121,10.9,N,-99,N,
2015,3,1,0,1,2,4,B,POHY,-99,42,0,N,-99,N,
2015,3,1,0,1,2,4,D,SOSE,-99,87,3.6,N,-99,N,
2015,3,1,0,1,2,4,D,SOSE,-99,75,2.4,N,-99,N,
2015,3,1,0,1,2,4,E,SOSE,-99,96,4.3,N,-99,N,
2015,3,1,0,1,2,4,E,SOSE,-99,104,4.1,N,-99,N,
2015,3,1,0,1,2,4,E,SOSE,-99,101,5.9,N,-99,N,
2015,3,1,0,1,2,4,E,SOSE,-99,89,4.1,N,-99,N,
2015,3,1,0,1,2,5,A,SOSE,-99,139,4.9,N,-99,N,
2015,3,1,0,1,2,5,A,SOSE,-99,117,4.9,N,-99,N,
2015,3,1,0,1,2,5,B,SOSE,-99,116,3.4,N,-99,N,
2015,3,1,0,1,2,5,B,SOSE,-99,98,3,N,-99,N,
2015,3,1,0,1,2,5,B,SOSE,-99,101,4,N,-99,N,
2015,3,1,0,1,2,5,C,KOVI,-99,65,0.8,N,-99,N,
2015,3,1,0,1,2,5,D,SOSE,-99,95,3.4,N,-99,N,
2015,3,1,0,1,2,5,D,SOSE,-99,70,2.2,N,-99,N,
2015,3,1,0,1,2,5,D,SOSE,-99,91,3.2,N,-99,N,
2015,3,1,0,1,2,5,D,SOSE,-99,114,5.7,N,-99,N,
2015,3,1,0,1,2,5,D,SOSE,-99,78,2.5,N,-99,N,
2015,3,1,0,1,2,5,E,SOSE,-99,110,5.2,N,-99,N,
2015,3,1,0,1,2,6,A,SOSE,-99,79,2.9,N,-99,N,
2015,3,1,0,1,2,6,A,SOSE,-99,159,8.1,N,-99,N,
2015,3,1,0,1,2,6,A,SOSE,-99,188,6.8,N,-99,N,
2015,3,1,0,1,2,6,A,SOSE,-99,119,5.7,N,-99,N,
2015,3,1,0,1,2,6,B,SOSE,-99,74,2.6,N,-99,N,
2015,3,1,0,1,2,6,D,POHY,-99,62,0.3,N,-99,N,
2015,3,1,0,1,2,7,B,AMCA2,-99,86,3.8,N,-99,N,
2015,3,1,0,1,2,7,D,POHY,-99,40,0,N,-99,N,
2015,3,1,0,1,2,8,A,AMCA2,-99,63,1.9,N,-99,N,
2015,3,1,0,1,2,8,A,AMCA2,-99,79,3.1,N,-99,N,
2015,3,1,0,1,2,8,A,AMCA2,-99,100,4.3,N,-99,N,
2015,3,1,0,1,2,8,A,IVFR,-99,106,2.9,N,-99,N,
2015,3,1,0,1,2,8,A,IVFR,-99,142,6.9,N,-99,N,
2015,3,1,0,1,2,8,A,IVFR,-99,134,5.4,N,-99,N,
2015,3,1,0,1,2,8,C,AMCA2,-99,68,2.2,N,-99,N,
2015,3,1,0,1,2,8,D,AMCA2,-99,60,0.4,N,-99,N,
2015,3,1,0,1,2,8,D,AMCA2,-99,65,1.3,N,-99,N,
2015,3,1,0,1,2,8,E,AMCA2,-99,70,1.7,N,-99,N,
2015,3,1,0,1,2,9,A,AMCA2,-99,53,1.8,N,-99,N,
2015,3,1,0,1,2,9,A,AMCA2,-99,84,4.9,N,-99,N,
2015,3,1,0,1,2,9,A,AMCA2,-99,124,5,F,-99,N,
2015,3,1,0,1,2,9,A,AMCA2,-99,126,7.8,N,-99,N,
2015,3,1,0,1,2,9,B,AMCA2,-99,98,3.6,N,-99,N,
2015,3,1,0,1,2,9,B,AMCA2,-99,120,3.9,F,-99,N,
2015,3,1,0,1,2,9,B,AMCA2,-99,141,11.5,N,-99,N,
2015,3,1,0,1,2,9,B,AMCA2,-99,178,6.7,F,-99,N,
2015,3,1,0,1,2,9,C,AMCA2,-99,71,1.8,N,-99,N,
2015,3,1,0,1,2,9,C,SOSE,-99,91,4.1,N,-99,N,
2015,3,1,0,1,2,9,D,AMCA2,-99,55,0.7,N,-99,N,
2015,3,1,0,1,2,9,D,AMCA2,-99,60,1.4,N,-99,N,
2015,3,1,0,1,2,9,E,AMCA2,-99,110,7.4,N,-99,N,
2015,3,1,0,1,2,10,A,AMCA2,-99,82,3.6,N,-99,C,
2015,3,1,0,1,2,10,A,AMCA2,-99,94,3.7,N,-99,N,
2015,3,1,0,1,2,10,B,AMCA2,-99,144,5.9,N,-99,N,
2015,3,1,0,1,2,10,B,AMCA2,-99,164,7,N,-99,N,
2015,3,1,0,1,2,10,C,AMCA2,-99,70,1.8,N,-99,N,
2015,3,1,0,1,2,10,D,AMCA2,-99,71,1.4,N,-99,N,
2015,3,1,0,1,2,10,D,SOSE,-99,89,5.8,F,-99,N,
2015,3,1,0,1,2,10,E,AMCA2,-99,52,1.8,N,-99,N,
2015,3,1,0,1,2,10,E,AMCA2,-99,78,1.7,F,-99,N,
2015,3,1,0,1,2,10,E,ASTER,-99,90,2.6,N,-99,N,
2015,4,1,1,1,4,1,A,ATPA4,-99,40,1.8,N,-99,N,
2015,4,1,1,1,4,1,A,AMCA2,-99,70,4.3,N,-99,N,
2015,4,1,1,1,4,1,B,KOVI,-99,205,9.3,F,-99,N,
2015,4,1,1,1,4,1,B,KOVI,-99,123,4.9,F,-99,N,
2015,4,1,1,1,4,1,C,AMCA2,-99,105,9.2,N,-99,C,
2015,4,1,1,1,4,1,E,KOVI,-99,210,9.5,F,-99,N,
2015,4,1,1,1,4,1,E,KOVI,-99,137,5,F,-99,N,
2015,4,1,1,1,4,2,A,KOVI,-99,110,1.3,N,-99,N,
2015,4,1,1,1,4,2,A,KOVI,-99,215,6.1,F,-99,N,
2015,4,1,1,1,4,2,A,KOVI,-99,195,6.8,F,-99,N,
2015,4,1,1,1,4,2,B,SOSE,-99,142,4.9,N,-99,C,
2015,4,1,1,1,4,2,B,SOSE,-99,132,6.8,N,-99,N,
2015,4,1,1,1,4,2,B,SOSE,-99,122,5.7,N,-99,N,
2015,4,1,1,1,4,2,C,SOSE,-99,138,5.7,N,-99,N,
2015,4,1,1,1,4,2,C,SOSE,-99,122,4.4,N,-99,N,
2015,4,1,1,1,4,2,C,SOSE,-99,151,5.7,N,-99,N,
2015,4,1,1,1,4,2,C,SOSE,-99,92,3.9,N,-99,N,
2015,4,1,1,1,4,2,C,SOSE,-99,114,3.5,N,-99,N,
2015,4,1,1,1,4,2,C,SOSE,-99,132,6.3,N,-99,N,
2015,4,1,1,1,4,2,C,SOSE,-99,110,4.3,N,-99,N,
2015,4,1,1,1,4,2,C,SOSE,-99,89,3.1,N,-99,N,
2015,4,1,1,1,4,2,C,SOSE,-99,87,5.7,N,-99,N,
2015,4,1,1,1,4,2,C,SOSE,-99,104,4.8,N,-99,N,
2015,4,1,1,1,4,2,D,SOSE,-99,98,4.9,N,-99,N,
2015,4,1,1,1,4,3,A,KOVI,-99,210,11.4,F,-99,N,
2015,4,1,1,1,4,3,B,SOSE,-99,109,5.7,N,-99,N,
2015,4,1,1,1,4,3,B,SOSE,-99,131,3.9,N,-99,N,
2015,4,1,1,1,4,3,B,SOSE,-99,132,3.4,N,-99,N,
2015,4,1,1,1,4,3,B,SOSE,-99,152,5.1,N,-99,C,
2015,4,1,1,1,4,3,C,SOSE,-99,92,2.4,N,-99,N,
2015,4,1,1,1,4,3,C,SOSE,-99,119,5.2,N,-99,N,
2015,4,1,1,1,4,3,C,SOSE,-99,114,4.6,N,-99,N,
2015,4,1,1,1,4,3,C,SOSE,-99,122,5.3,N,-99,N,
2015,4,1,1,1,4,3,C,SOSE,-99,135,4,N,-99,N,
2015,4,1,1,1,4,3,C,SOSE,-99,125,4.5,N,-99,N,
2015,4,1,1,1,4,3,C,SOSE,-99,111,3.9,N,-99,N,
2015,4,1,1,1,4,3,C,SOSE,-99,92,3.7,N,-99,N,
2015,4,1,1,1,4,3,D,SOSE,-99,125,5.8,N,-99,N,
2015,4,1,1,1,4,3,D,SOSE,-99,113,3.5,N,-99,N,
2015,4,1,1,1,4,3,D,SOSE,-99,83,3.4,N,-99,N,
2015,4,1,1,1,4,3,E,SOSE,-99,109,3.9,N,-99,N,
2015,4,1,1,1,4,4,A,ATPA4,-99,67,1.4,N,-99,N,
2015,4,1,1,1,4,4,B,KOVI,-99,198,6.8,F,-99,N,
2015,4,1,1,1,4,4,B,KOVI,-99,215,7.8,F,-99,N,
2015,4,1,1,1,4,4,B,SOSE,-99,111,6.2,N,-99,N,
2015,4,1,1,1,4,4,C,SOSE,-99,102,7.1,N,-99,N,
2015,4,1,1,1,4,4,C,SOSE,-99,138,4.4,N,-99,N,
2015,4,1,1,1,4,4,C,SOSE,-99,162,6.5,N,-99,N,
2015,4,1,1,1,4,4,C,SOSE,-99,128,4.1,N,-99,N,
2015,4,1,1,1,4,4,D,SOSE,-99,124,6.7,N,-99,N,
2015,4,1,1,1,4,4,D,SOSE,-99,111,4.6,N,-99,N,
2015,4,1,1,1,4,4,D,SOSE,-99,95,3.3,N,-99,N,
2015,4,1,1,1,4,4,E,SOSE,-99,104,4.4,N,-99,N,
2015,4,1,1,1,4,4,E,SOSE,-99,117,5.2,N,-99,N,
2015,4,1,1,1,4,4,E,SOSE,-99,125,8,N,-99,N,
2015,4,1,1,1,4,4,E,SOSE,-99,92,3.8,N,-99,N,
2015,4,1,1,1,4,5,A,KOVI,-99,217,11.3,F,-99,N,
2015,4,1,1,1,4,5,A,KOVI,-99,136,3,F,-99,N,
2015,4,1,1,1,4,5,A,ATPA4,-99,150,2.6,N,-99,N,
2015,4,1,1,1,4,5,B,KOVI,-99,205,6.9,F,-99,N,
2015,4,1,1,1,4,5,B,KOVI,-99,220,6.7,F,-99,N,
2015,4,1,1,1,4,5,B,KOVI,-99,206,6.9,F,-99,N,
2015,4,1,1,1,4,5,B,KOVI,-99,178,5.3,F,-99,N,
2015,4,1,1,1,4,5,B,KOVI,-99,182,6,F,-99,N,
2015,4,1,1,1,4,5,B,KOVI,-99,188,4.8,F,-99,N,
2015,4,1,1,1,4,5,B,KOVI,-99,222,13.2,F,-99,N,
2015,4,1,1,1,4,6,A,AMCA2,-99,80,4.3,N,-99,C,
2015,4,1,1,1,4,6,A,ATPA4,-99,88,0.6,N,-99,N,
2015,4,1,1,1,4,6,B,KOVI,-99,205,8.9,F,-99,N,
2015,4,1,1,1,4,6,C,SOSE,-99,88,4.1,N,-99,N,
2015,4,1,1,1,4,6,C,SOSE,-99,98,5.3,N,-99,N,
2015,4,1,1,1,4,6,C,SOSE,-99,99,5.2,N,-99,N,
2015,4,1,1,1,4,6,C,SOSE,-99,87,4.8,N,-99,N,
2015,4,1,1,1,4,6,C,SOSE,-99,83,6.4,N,-99,N,
2015,4,1,1,1,4,6,D,SOSE,-99,111,7.7,N,-99,N,
2015,4,1,1,1,4,6,D,SOSE,-99,81,5.9,N,-99,N,
2015,4,1,1,1,4,6,D,SOSE,-99,113,5.8,N,-99,N,
2015,4,1,1,1,4,6,D,SOSE,-99,117,6,N,-99,N,
2015,4,1,1,1,4,6,D,SOSE,-99,81,3.1,N,-99,N,
2015,4,1,1,1,4,6,D,SOSE,-99,95,4.4,N,-99,N,
2015,4,1,1,1,4,6,E,KOVI,-99,63,1.6,N,-99,N,
2015,4,1,1,1,4,6,E,KOVI,-99,47,1,N,-99,N,
2015,4,1,1,1,4,7,A,AMCA2,-99,84,6,F,-99,N,
2015,4,1,1,1,4,7,B,SOSE,-99,87,4.9,N,-99,N,
2015,4,1,1,1,4,7,B,SOSE,-99,97,5.6,N,-99,N,
2015,4,1,1,1,4,7,B,SOSE,-99,82,5.3,N,-99,N,
2015,4,1,1,1,4,7,B,SOSE,-99,93,4.8,N,-99,N,
2015,4,1,1,1,4,7,B,SOSE,-99,102,5.2,N,-99,N,
2015,4,1,1,1,4,7,C,SOSE,-99,100,4.6,N,-99,N,
2015,4,1,1,1,4,7,C,SOSE,-99,74,3.4,N,-99,N,
2015,4,1,1,1,4,7,C,SOSE,-99,111,6.6,N,-99,N,
2015,4,1,1,1,4,7,D,ATPA4,-99,74,1.2,N,-99,N,
2015,4,1,1,1,4,7,D,SOSE,-99,57,4.2,N,-99,N,
2015,4,1,1,1,4,7,D,ATPA4,-99,116,1.7,N,-99,N,
2015,4,1,1,1,4,7,D,ATPA4,-99,124,2.4,N,-99,N,
2015,4,1,1,1,4,7,E,ATPA4,-99,89,1.7,N,-99,N,
2015,4,1,1,1,4,8,A,ATPA4,-99,38,0,N,-99,N,
2015,4,1,1,1,4,8,A,IVFR,-99,52,1.8,N,-99,N,
2015,4,1,1,1,4,8,A,ATPA4,-99,154,3.1,N,-99,N,
2015,4,1,1,1,4,8,B,ATPA4,-99,172,2.8,N,-99,N,
2015,4,1,1,1,4,8,C,SOSE,-99,122,6.6,N,-99,N,
2015,4,1,1,1,4,8,C,SOSE,-99,72,2.5,N,-99,N,
2015,4,1,1,1,4,8,D,ATPA4,-99,53,0.7,N,-99,N,
2015,4,1,1,1,4,8,D,ATPA4,-99,56,0.4,N,-99,N,
2015,4,1,1,1,4,8,D,ATPA4,-99,69,1.4,N,-99,N,
2015,4,1,1,1,4,8,D,ATPA4,-99,69,1,N,-99,N,
2015,4,1,1,1,4,8,D,ATPA4,-99,81,1.4,N,-99,N,
2015,4,1,1,1,4,8,E,ATPA4,-99,61,1.1,N,-99,N,
2015,4,1,1,1,4,8,E,ATPA4,-99,78,1.3,N,-99,N,
2015,4,1,1,1,4,9,A,ATPA4,-99,78,1.2,N,-99,N,
2015,4,1,1,1,4,9,B,ATPA4,-99,122,2.1,N,-99,N,
2015,4,1,1,1,4,9,C,SOSE,-99,122,4.8,N,-99,N,
2015,4,1,1,1,4,9,C,KOVI,-99,199,11.4,F,-99,N,
2015,4,1,1,1,4,9,D,ATPA4,-99,71,1.3,N,-99,N,
2015,4,1,1,1,4,9,D,ATPA4,-99,72,1.1,N,-99,N,
2015,4,1,1,1,4,9,D,AMCA2,-99,88,3.7,N,-99,N,
2015,4,1,1,1,4,9,D,AMCA2,-99,91,4.6,N,-99,N,
2015,4,1,1,1,4,9,D,ATPA4,-99,79,1.2,N,-99,N,
2015,4,1,1,1,4,9,D,ATPA4,-99,98,1.6,N,-99,N,
2015,4,1,1,1,4,9,D,IVFR,-99,88,2.6,N,-99,N,
2015,4,1,1,1,4,9,D,SOSE,-99,93,3.9,N,-99,N,
2015,4,1,1,1,4,9,D,ASTER,-99,99,2.3,N,-99,N,
2015,4,1,1,1,4,9,D,ASTER,-99,83,2,N,-99,N,
2015,4,1,1,1,4,9,D,ASTER,-99,84,2,N,-99,N,
2015,4,1,1,1,4,9,D,ASTER,-99,83,2.1,N,-99,N,
2015,4,1,1,1,4,9,D,ASTER,-99,90,2.2,N,-99,N,
2015,4,1,1,1,4,9,E,AMCA2,-99,43,1.5,N,-99,N,
2015,4,1,1,1,4,9,E,AMCA2,-99,62,2.2,N,-99,N,
2015,4,1,1,1,4,9,E,AMCA2,-99,65,2.8,N,-99,N,
2015,4,1,1,1,4,9,E,ATPA4,-99,59,0.8,N,-99,N,
2015,4,1,1,1,4,9,E,ATPA4,-99,61,1,N,-99,N,
2015,4,1,1,1,4,9,E,ATPA4,-99,85,1.5,N,-99,N,
2015,4,1,1,1,4,10,A,AMCA2,-99,88,0.5,N,-99,C,
2015,4,1,1,1,4,10,A,AMCA2,-99,88,4.2,N,-99,C,
2015,4,1,1,1,4,10,A,AMCA2,-99,104,5.4,N,-99,N,
2015,4,1,1,1,4,10,B,AMCA2,-99,68,5.4,N,-99,C,
2015,4,1,1,1,4,10,B,AMCA2,-99,88,7.4,N,-99,N,
2015,4,1,1,1,4,10,B,AMCA2,-99,90,6,N,-99,C,
2015,4,1,1,1,4,10,B,ATPA4,-99,110,3.1,N,-99,N,
2015,4,1,1,1,4,10,B,ATPA4,-99,152,2.8,N,-99,N,
2015,4,1,1,1,4,10,B,ATPA4,-99,168,3.2,N,-99,N,
2015,4,1,1,1,4,10,C,ATPA4,-99,65,1.2,N,-99,N,
2015,4,1,1,1,4,10,C,ATPA4,-99,82,0.8,N,-99,N,
2015,4,1,1,1,4,10,C,ATPA4,-99,82,1.4,N,-99,N,
2015,4,1,1,1,4,10,C,ATPA4,-99,92,1.8,N,-99,N,
2015,4,1,1,1,4,10,C,KOVI,-99,77,2.2,N,-99,N,
2015,4,1,1,1,4,10,C,ATPA4,-99,118,2.2,N,-99,N,
2015,4,1,1,1,4,10,C,ATPA4,-99,123,1.7,N,-99,N,
2015,4,1,1,1,4,10,C,ATPA4,-99,133,3.4,N,-99,N,
2015,4,1,1,1,4,10,C,ATPA4,-99,169,2.6,N,-99,N,
2015,4,1,1,1,4,10,D,AMCA2,-99,57,2.3,N,-99,N,
2015,4,1,1,1,4,10,D,AMCA2,-99,104,6,N,-99,N,
2015,4,1,1,1,4,10,D,ATPA4,-99,81,1.4,N,-99,N,
2015,4,1,1,1,4,10,D,ATPA4,-99,89,1.5,N,-99,N,
2015,4,1,1,1,4,10,D,ATPA4,-99,93,1.7,N,-99,N,
2015,4,1,1,1,4,10,D,ATPA4,-99,97,2.1,N,-99,N,
2015,4,1,1,1,4,10,D,ATPA4,-99,106,1.7,N,-99,N,
2015,4,1,1,1,4,10,D,IVFR,-99,86,3.4,N,-99,N,
2015,4,1,1,1,4,10,D,IVFR,-99,74,2.2,N,-99,N,
2015,4,1,1,1,4,10,D,KOVI,-99,62,1.5,N,-99,N,
2015,4,1,1,1,4,10,D,KOVI,-99,61,1.5,N,-99,N,
2015,4,1,1,1,4,10,D,IVFR,-99,79,4,F,-99,N,
2015,4,1,1,1,4,10,D,KOVI,-99,70,1,N,-99,N,
2015,4,1,1,1,4,10,D,ATPA4,-99,111,2.3,N,-99,N,
2015,4,1,1,1,4,10,D,ATPA4,-99,113,2.3,N,-99,N,
2015,4,1,1,1,4,10,E,AMCA2,-99,50,2.8,N,-99,C,
2015,4,1,1,1,4,10,E,ATPA4,-99,74,2,N,-99,N,
2015,4,1,1,1,4,10,E,AMCA2,-99,115,6.9,N,-99,N,
2015,4,1,1,1,4,10,E,AMCA2,-99,130,13.1,N,-99,N,
2015,4,1,1,1,4,10,E,IVFR,-99,112,2.6,N,-99,N,
2015,5,1,1,0,3,1,A,AMCA2,-99,62,1.7,N,-99,N,
2015,5,1,1,0,3,1,A,AMCA2,-99,65,1.6,N,-99,N,
2015,5,1,1,0,3,1,A,AMCA2,-99,70,2,N,-99,N,
2015,5,1,1,0,3,1,B,AMCA2,-99,45,0.04,N,-99,N,
2015,5,1,1,0,3,1,B,AMCA2,-99,68,1.3,N,-99,N,
2015,5,1,1,0,3,1,B,AMCA2,-99,69,0.5,N,-99,N,
2015,5,1,1,0,3,1,B,AMCA2,-99,69,2.7,N,-99,C,
2015,5,1,1,0,3,1,B,AMCA2,-99,71,1.2,N,-99,N,
2015,5,1,1,0,3,1,B,AMCA2,-99,73,1.4,N,-99,N,
2015,5,1,1,0,3,1,B,AMCA2,-99,75,1.4,N,-99,N,
2015,5,1,1,0,3,1,B,AMCA2,-99,76,1.9,N,-99,N,
2015,5,1,1,0,3,1,B,AMCA2,-99,78,1.5,N,-99,N,
2015,5,1,1,0,3,1,B,AMCA2,-99,84,1.1,N,-99,N,
2015,5,1,1,0,3,1,B,AMCA2,-99,85,2.4,N,-99,N,
2015,5,1,1,0,3,1,B,AMCA2,-99,86,1.5,N,-99,N,
2015,5,1,1,0,3,1,C,AMCA2,-99,25,0,N,-99,N,
2015,5,1,1,0,3,1,C,AMCA2,-99,30,0,N,-99,N,
2015,5,1,1,0,3,1,C,AMCA2,-99,37,0.9,N,-99,N,
2015,5,1,1,0,3,1,C,AMCA2,-99,38,0,N,-99,N,
2015,5,1,1,0,3,1,C,AMCA2,-99,39,0,N,-99,N,
2015,5,1,1,0,3,1,C,AMCA2,-99,62,0.8,N,-99,N,
2015,5,1,1,0,3,1,D,AMCA2,-99,55,3.1,N,-99,N,
2015,5,1,1,0,3,1,D,AMCA2,-99,55,1.7,N,-99,N,
2015,5,1,1,0,3,1,D,AMCA2,-99,62,1.5,N,-99,N,
2015,5,1,1,0,3,1,D,AMCA2,-99,65,1.7,N,-99,N,
2015,5,1,1,0,3,1,E,AMCA2,-99,42,7.1,N,-99,C,
2015,5,1,1,0,3,1,E,AMCA2,-99,65,3.2,N,-99,C,
2015,5,1,1,0,3,1,E,AMCA2,-99,82,3.6,N,-99,N,
2015,5,1,1,0,3,1,E,AMCA2,-99,86,8.1,N,-99,N,
2015,5,1,1,0,3,2,A,AMCA2,-99,69,1.7,N,-99,N,
2015,5,1,1,0,3,2,B,AMCA2,-99,54,0.1,N,-99,N,
2015,5,1,1,0,3,2,B,AMCA2,-99,56,0.7,N,-99,N,
2015,5,1,1,0,3,2,D,AMCA2,-99,60,2.3,N,-99,N,
2015,5,1,1,0,3,2,D,AMCA2,-99,62,3.5,N,-99,N,
2015,5,1,1,0,3,2,D,AMCA2,-99,71,1.4,N,-99,N,
2015,5,1,1,0,3,2,D,AMCA2,-99,82,2.5,N,-99,N,
2015,5,1,1,0,3,2,E,AMCA2,-99,29,0,N,-99,N,
2015,5,1,1,0,3,3,A,AMCA2,-99,48,0.9,N,-99,N,
2015,5,1,1,0,3,3,A,AMCA2,-99,53,0.3,N,-99,N,
2015,5,1,1,0,3,3,A,AMCA2,-99,60,1.2,N,-99,N,
2015,5,1,1,0,3,3,A,AMCA2,-99,60,1.5,N,-99,N,
2015,5,1,1,0,3,3,A,AMCA2,-99,62,0.4,F,-99,N,
2015,5,1,1,0,3,3,A,AMCA2,-99,62,1.6,N,-99,N,
2015,5,1,1,0,3,3,A,AMCA2,-99,62,1.3,N,-99,N,
2015,5,1,1,0,3,3,A,AMCA2,-99,65,1.6,N,-99,N,
2015,5,1,1,0,3,3,A,AMCA2,-99,72,1.7,N,-99,N,
2015,5,1,1,0,3,3,A,AMCA2,-99,72,1.8,N,-99,N,
2015,5,1,1,0,3,3,A,AMCA2,-99,94,4.5,N,-99,N,
2015,5,1,1,0,3,3,B,AMCA2,-99,59,0.8,N,-99,N,
2015,5,1,1,0,3,3,B,AMCA2,-99,59,1.1,N,-99,N,
2015,5,1,1,0,3,3,B,AMCA2,-99,60,0.2,N,-99,N,
2015,5,1,1,0,3,3,B,AMCA2,-99,60,0.9,N,-99,N,
2015,5,1,1,0,3,3,B,AMCA2,-99,61,0.9,N,-99,N,
2015,5,1,1,0,3,3,B,AMCA2,-99,67,0.8,N,-99,N,
2015,5,1,1,0,3,3,B,AMCA2,-99,68,1.1,N,-99,N,
2015,5,1,1,0,3,3,B,AMCA2,-99,75,1.9,N,-99,N,
2015,5,1,1,0,3,3,B,AMCA2,-99,78,2.8,N,-99,N,
2015,5,1,1,0,3,3,B,ATPA4,-99,61,0.9,N,-99,N,
2015,5,1,1,0,3,3,B,AMCA2,-99,81,1.8,N,-99,N,
2015,5,1,1,0,3,3,B,AMCA2,-99,84,1.5,F,-99,N,
2015,5,1,1,0,3,3,B,AMCA2,-99,92,3.3,N,-99,N,
2015,5,1,1,0,3,3,B,AMCA2,-99,96,2.3,F,-99,N,
2015,5,1,1,0,3,3,C,AMCA2,-99,40,1.7,N,-99,N,
2015,5,1,1,0,3,3,C,AMCA2,-99,73,1.8,N,-99,N,
2015,5,1,1,0,3,3,C,POHY,-99,42,0,N,-99,N,
2015,5,1,1,0,3,3,C,POHY,-99,40,0,N,-99,N,
2015,5,1,1,0,3,4,A,AMCA2,-99,42,0.3,N,-99,N,
2015,5,1,1,0,3,4,A,AMCA2,-99,43,1,N,-99,C,
2015,5,1,1,0,3,4,A,AMCA2,-99,43,1,N,-99,N,
2015,5,1,1,0,3,4,A,AMCA2,-99,45,0.5,F,-99,N,
2015,5,1,1,0,3,4,A,ATPA4,-99,73,1.5,N,-99,N,
2015,5,1,1,0,3,4,A,KOVI,-99,91,5,N,-99,N,
2015,5,1,1,0,3,4,B,AMCA2,-99,42,0.2,N,-99,N,
2015,5,1,1,0,3,4,B,AMCA2,-99,47,0.3,N,-99,N,
2015,5,1,1,0,3,4,B,AMCA2,-99,47,0.4,N,-99,N,
2015,5,1,1,0,3,4,B,AMCA2,-99,48,0.7,N,-99,N,
2015,5,1,1,0,3,4,B,AMCA2,-99,50,1.4,N,-99,N,
2015,5,1,1,0,3,4,B,AMCA2,-99,51,1.3,N,-99,N,
2015,5,1,1,0,3,4,B,AMCA2,-99,51,0.4,N,-99,N,
2015,5,1,1,0,3,4,B,AMCA2,-99,58,1.3,N,-99,N,
2015,5,1,1,0,3,4,B,AMCA2,-99,65,1.3,N,-99,N,
2015,5,1,1,0,3,4,B,AMCA2,-99,73,2.6,N,-99,N,
2015,5,1,1,0,3,4,B,AMCA2,-99,75,1.7,F,-99,N,
2015,5,1,1,0,3,4,B,KOVI,-99,97,5.5,F,-99,N,
2015,5,1,1,0,3,4,C,KOVI,-99,38,0,N,-99,N,
2015,5,1,1,0,3,4,C,POHY,-99,20,0,N,-99,N,
2015,5,1,1,0,3,4,D,POHY,-99,52,0.8,N,-99,N,
2015,5,1,1,0,3,4,E,AMCA2,-99,20,0,N,-99,N,
2015,5,1,1,0,3,4,E,AMCA2,-99,37,3.7,N,-99,N,
2015,5,1,1,0,3,5,A,AMCA2,-99,47,1.5,N,-99,C,
2015,5,1,1,0,3,5,A,AMCA2,-99,55,0.3,N,-99,C,
2015,5,1,1,0,3,5,A,AMCA2,-99,55,1.1,F,-99,N,
2015,5,1,1,0,3,5,A,AMCA2,-99,57,2.1,N,-99,C,
2015,5,1,1,0,3,5,A,AMCA2,-99,62,1.9,N,-99,N,
2015,5,1,1,0,3,5,A,AMCA2,-99,64,0.5,N,-99,N,
2015,5,1,1,0,3,5,A,AMCA2,-99,67,1.6,F,-99,N,
2015,5,1,1,0,3,5,A,AMCA2,-99,71,2.5,N,-99,N,
2015,5,1,1,0,3,5,A,AMCA2,-99,81,1.7,F,-99,N,
2015,5,1,1,0,3,5,A,AMCA2,-99,82,2.9,N,-99,N,
2015,5,1,1,0,3,5,A,AMCA2,-99,85,2.7,N,-99,N,
2015,5,1,1,0,3,5,A,ATPA4,-99,85,2.3,N,-99,N,
2015,5,1,1,0,3,5,A,KOVI,-99,65,1.4,N,-99,N,
2015,5,1,1,0,3,5,B,AMCA2,-99,42,1.5,N,-99,N,
2015,5,1,1,0,3,5,B,AMCA2,-99,46,1.5,N,-99,N,
2015,5,1,1,0,3,5,B,AMCA2,-99,51,0.5,N,-99,N,
2015,5,1,1,0,3,5,B,AMCA2,-99,57,1,N,-99,C,
2015,5,1,1,0,3,5,B,AMCA2,-99,59,1.9,N,-99,C,
2015,5,1,1,0,3,5,B,AMCA2,-99,60,1.6,N,-99,N,
2015,5,1,1,0,3,5,B,AMCA2,-99,61,1.4,F,-99,N,
2015,5,1,1,0,3,5,B,AMCA2,-99,62,1.6,N,-99,N,
2015,5,1,1,0,3,5,B,AMCA2,-99,68,2.8,N,-99,N,
2015,5,1,1,0,3,5,B,AMCA2,-99,80,2.2,N,-99,N,
2015,5,1,1,0,3,5,B,AMCA2,-99,84,1.5,N,-99,N,
2015,5,1,1,0,3,5,B,AMCA2,-99,87,3.3,N,-99,N,
2015,5,1,1,0,3,5,C,AMCA2,-99,62,1.5,N,-99,N,
2015,5,1,1,0,3,5,C,AMCA2,-99,80,3.2,N,-99,N,
2015,5,1,1,0,3,5,D,AMCA2,-99,68,2.5,N,-99,N,
2015,5,1,1,0,3,5,E,AMCA2,-99,62,1.8,N,-99,N,
2015,5,1,1,0,3,5,E,IVFR,-99,78,3.6,N,-99,N,
2015,5,1,1,0,3,6,A,AMCA2,-99,59,2.7,N,-99,N,
2015,5,1,1,0,3,6,A,AMCA2,-99,61,1.1,N,-99,N,
2015,5,1,1,0,3,6,A,KOVI,-99,143,7.6,N,-99,N,
2015,5,1,1,0,3,6,B,AMCA2,-99,78,3,N,-99,N,
2015,5,1,1,0,3,6,B,KOVI,-99,51,1.2,N,-99,N,
2015,5,1,1,0,3,6,B,KOVI,-99,68,1.8,N,-99,N,
2015,5,1,1,0,3,6,C,IVFR,-99,55,0.6,N,-99,N,
2015,5,1,1,0,3,6,D,KOVI,-99,66,3.1,N,-99,N,
2015,5,1,1,0,3,6,E,POHY,-99,82,2.2,N,-99,N,
2015,5,1,1,0,3,6,E,IVFR,-99,110,4.2,N,-99,N,
2015,5,1,1,0,3,7,A,AMCA2,-99,52,0.5,N,-99,N,
2015,5,1,1,0,3,7,A,AMCA2,-99,53,0.6,N,-99,N,
2015,5,1,1,0,3,7,A,ATPA4,-99,51,0.5,N,-99,N,
2015,5,1,1,0,3,7,A,ATPA4,-99,70,1.1,N,-99,N,
2015,5,1,1,0,3,7,A,KOVI,-99,101,4.2,N,-99,N,
2015,5,1,1,0,3,7,A,KOVI,-99,116,4.1,N,-99,N,
2015,5,1,1,0,3,7,B,KOVI,-99,84,2.2,N,-99,N,
2015,5,1,1,0,3,8,A,KOVI,-99,96,4.4,F,-99,N,
2015,5,1,1,0,3,8,A,KOVI,-99,132,7,F,-99,N,
2015,5,1,1,0,3,8,B,AMCA2,-99,77,1.2,N,-99,N,
2015,5,1,1,0,3,8,B,KOVI,-99,145,7.4,F,-99,N,
2015,5,1,1,0,3,8,B,KOVI,-99,121,5.7,F,-99,N,
2015,5,1,1,0,3,8,B,KOVI,-99,119,4.1,F,-99,N,
2015,5,1,1,0,3,8,B,SOSE,-99,65,1.1,N,-99,N,
2015,5,1,1,0,3,8,B,KOVI,-99,145,5.6,F,-99,N,
2015,5,1,1,0,3,8,B,KOVI,-99,145,8.3,F,-99,N,
2015,5,1,1,0,3,8,B,SOSE,-99,57,6.9,N,-99,N,
2015,5,1,1,0,3,8,C,KOVI,-99,63,1.4,N,-99,N,
2015,5,1,1,0,3,9,A,SOSE,-99,51,1.1,N,-99,N,
2015,5,1,1,0,3,9,A,KOVI,-99,84,3,F,-99,N,
2015,5,1,1,0,3,9,A,KOVI,-99,89,3,F,-99,N,
2015,5,1,1,0,3,9,A,KOVI,-99,115,6.7,N,-99,N,
2015,5,1,1,0,3,9,B,IVFR,-99,56,1.4,N,-99,N,
2015,5,1,1,0,3,9,B,IVFR,-99,94,3.2,N,-99,N,
2015,5,1,1,0,3,9,B,KOVI,-99,125,6.5,F,-99,N,
2015,5,1,1,0,3,9,C,KOVI,-99,30,0,N,-99,N,
2015,5,1,1,0,3,9,C,KOVI,-99,25,0,N,-99,N,
2015,5,1,1,0,3,9,D,KOVI,-99,20,0,N,-99,N,
2015,5,1,1,0,3,9,E,AMCA2,-99,72,2.5,N,-99,N,
2015,5,1,1,0,3,9,E,AMCA2,-99,85,1.8,N,-99,N,
2015,5,1,1,0,3,9,E,AMCA2,-99,97,3.9,N,-99,N,
2015,5,1,1,0,3,9,E,KOVI,-99,75,3,N,-99,N,
2015,5,1,1,0,3,10,A,KOVI,-99,97,5.8,F,-99,N,
2015,5,1,1,0,3,10,A,SOSE,-99,62,1.3,N,-99,N,
2015,5,1,1,0,3,10,A,SOSE,-99,60,1.6,N,-99,N,
2015,5,1,1,0,3,10,A,SOSE,-99,72,1.7,N,-99,N,
2015,5,1,1,0,3,10,A,SOSE,-99,57,1.3,N,-99,N,
2015,5,1,1,0,3,10,A,SOSE,-99,63,1.3,N,-99,N,
2015,5,1,1,0,3,10,A,SOSE,-99,68,1.8,N,-99,N,
2015,5,1,1,0,3,10,A,SOSE,-99,71,2,N,-99,N,
2015,5,1,1,0,3,10,B,IVFR,-99,64,1.7,N,-99,N,
2015,5,1,1,0,3,10,B,IVFR,-99,71,2,N,-99,N,
2015,5,1,1,0,3,10,B,SOSE,-99,50,0.9,N,-99,N,
2015,5,1,1,0,3,10,B,SOSE,-99,56,0.8,N,-99,N,
2015,5,1,1,0,3,10,C,POHY,-99,82,2.4,F,-99,N,
2015,5,1,1,0,3,10,C,POHY,-99,65,1.8,N,-99,N,
2015,5,1,1,0,3,10,D,IVFR,-99,20,0,N,-99,N,
2015,5,1,1,0,3,10,E,AMCA2,-99,115,5.7,N,-99,N,
2015,6,1,0,1,2,1,A,POHY,-99,90,2.9,F,-99,N,
2015,6,1,0,1,2,1,A,ATPA4,-99,52,0.9,N,-99,N,
2015,6,1,0,1,2,1,A,AMCA2,-99,82,2.9,F,-99,N,
2015,6,1,0,1,2,1,B,AMCA2,-99,111,6.5,N,-99,N,
2015,6,1,0,1,2,1,B,ATPA4,-99,80,1.5,N,-99,N,
2015,6,1,0,1,2,1,B,ATPA4,-99,106,1.8,N,-99,N,
2015,6,1,0,1,2,1,B,ATPA4,-99,112,2.5,N,-99,N,
2015,6,1,0,1,2,1,B,ATPA4,-99,130,2.8,N,-99,N,
2015,6,1,0,1,2,1,B,ATPA4,-99,140,2.7,N,-99,N,
2015,6,1,0,1,2,1,C,ATPA4,-99,74,1.1,N,-99,N,
2015,6,1,0,1,2,1,D,AMCA2,-99,140,8.9,N,-99,C,
2015,6,1,0,1,2,1,E,AMCA2,-99,110,5.3,N,-99,C,
2015,6,1,0,1,2,2,A,POHY,-99,92,1.9,F,-99,N,
2015,6,1,0,1,2,2,A,AMCA2,-99,99,3.9,N,-99,N,
2015,6,1,0,1,2,2,A,ATPA4,-99,95,2.6,N,-99,N,
2015,6,1,0,1,2,2,A,ATPA4,-99,128,1.6,N,-99,N,
2015,6,1,0,1,2,2,A,ATPA4,-99,140,2.8,N,-99,N,
2015,6,1,0,1,2,2,B,ATPA4,-99,104,0.8,N,-99,N,
2015,6,1,0,1,2,2,C,ATPA4,-99,30,0,N,-99,N,
2015,6,1,0,1,2,2,C,KOVI,-99,82,3.2,N,-99,N,
2015,6,1,0,1,2,2,D,AMCA2,-99,75,3.8,N,-99,N,
2015,6,1,0,1,2,2,D,AMCA2,-99,106,3.8,N,-99,N,
2015,6,1,0,1,2,2,E,AMCA2,-99,92,3.4,N,-99,N,
2015,6,1,0,1,2,2,E,ATPA4,-99,132,2.2,N,-99,N,
2015,6,1,0,1,2,3,A,AMCA2,-99,79,2.8,N,-99,N,
2015,6,1,0,1,2,3,A,AMCA2,-99,91,3.5,N,-99,N,
2015,6,1,0,1,2,3,A,AMCA2,-99,95,2.5,N,-99,N,
2015,6,1,0,1,2,3,A,AMCA2,-99,96,2,N,-99,N,
2015,6,1,0,1,2,3,A,AMCA2,-99,98,2.5,N,-99,N,
2015,6,1,0,1,2,3,A,AMCA2,-99,102,3.9,N,-99,N,
2015,6,1,0,1,2,3,A,AMCA2,-99,103,5,N,-99,N,
2015,6,1,0,1,2,3,A,AMCA2,-99,104,4.4,N,-99,N,
2015,6,1,0,1,2,3,A,POHY,-99,57,1,F,-99,N,
2015,6,1,0,1,2,3,A,AMCA2,-99,153,7.8,N,-99,N,
2015,6,1,0,1,2,3,A,POHY,-99,40,0,F,-99,N,
2015,6,1,0,1,2,3,A,POHY,-99,40,0,N,-99,N,
2015,6,1,0,1,2,3,A,ATPA4,-99,151,2.8,N,-99,N,
2015,6,1,0,1,2,3,B,AMCA2,-99,65,1.6,N,-99,C,
2015,6,1,0,1,2,3,B,AMCA2,-99,90,3.4,N,-99,N,
2015,6,1,0,1,2,3,B,POHY,-99,64,1,F,-99,N,
2015,6,1,0,1,2,3,C,ATPA4,-99,73,0.4,N,-99,N,
2015,6,1,0,1,2,3,C,ATPA4,-99,124,1.8,N,-99,N,
2015,6,1,0,1,2,3,D,ATPA4,-99,114,1.8,N,-99,N,
2015,6,1,0,1,2,3,E,ATPA4,-99,180,1.7,N,-99,N,
2015,6,1,0,1,2,4,A,AMCA2,-99,59,1.7,N,-99,N,
2015,6,1,0,1,2,4,A,AMCA2,-99,67,2.3,N,-99,C,
2015,6,1,0,1,2,4,A,AMCA2,-99,76,2.2,N,-99,N,
2015,6,1,0,1,2,4,A,ATPA4,-99,60,0.9,N,-99,N,
2015,6,1,0,1,2,4,A,AMCA2,-99,84,2.3,N,-99,N,
2015,6,1,0,1,2,4,A,AMCA2,-99,97,4,N,-99,N,
2015,6,1,0,1,2,4,A,AMCA2,-99,116,3.2,N,-99,N,
2015,6,1,0,1,2,4,A,ATPA4,-99,105,1.4,N,-99,N,
2015,6,1,0,1,2,4,A,ATPA4,-99,143,1.7,N,-99,N,
2015,6,1,0,1,2,4,B,ATPA4,-99,97,1.2,N,-99,N,
2015,6,1,0,1,2,4,B,ATPA4,-99,132,1.6,N,-99,N,
2015,6,1,0,1,2,4,C,AMCA2,-99,70,0.5,N,-99,N,
2015,6,1,0,1,2,4,C,AMCA2,-99,121,6.1,N,-99,N,
2015,6,1,0,1,2,4,C,AMCA2,-99,135,6.2,N,-99,N,
2015,6,1,0,1,2,4,D,AMCA2,-99,78,1.5,N,-99,N,
2015,6,1,0,1,2,4,D,ATPA4,-99,73,0.6,N,-99,N,
2015,6,1,0,1,2,4,D,AMCA2,-99,119,6.3,N,-99,N,
2015,6,1,0,1,2,4,D,AMCA2,-99,120,5.6,N,-99,N,
2015,6,1,0,1,2,4,D,ATPA4,-99,104,1.2,N,-99,N,
2015,6,1,0,1,2,4,D,AMCA2,-99,140,6.1,N,-99,N,
2015,6,1,0,1,2,4,D,ATPA4,-99,131,2.6,N,-99,N,
2015,6,1,0,1,2,4,D,ATPA4,-99,145,2.5,N,-99,N,
2015,6,1,0,1,2,4,D,ATPA4,-99,166,2.4,N,-99,N,
2015,6,1,0,1,2,4,E,ATPA4,-99,40,0,N,-99,N,
2015,6,1,0,1,2,4,E,ATPA4,-99,60,0.7,N,-99,N,
2015,6,1,0,1,2,4,E,ATPA4,-99,68,0.6,N,-99,N,
2015,6,1,0,1,2,4,E,AMCA2,-99,90,5.4,N,-99,N,
2015,6,1,0,1,2,4,E,AMCA2,-99,113,4.5,N,-99,N,
2015,6,1,0,1,2,4,E,ATPA4,-99,120,1.4,N,-99,N,
2015,6,1,0,1,2,4,E,ATPA4,-99,124,1.6,N,-99,N,
2015,6,1,0,1,2,4,E,ATPA4,-99,136,2.2,N,-99,N,
2015,6,1,0,1,2,5,A,AMCA2,-99,72,1.6,N,-99,N,
2015,6,1,0,1,2,5,A,AMCA2,-99,75,1.7,N,-99,N,
2015,6,1,0,1,2,5,A,AMCA2,-99,80,2.7,N,-99,N,
2015,6,1,0,1,2,5,A,AMCA2,-99,109,3.1,N,-99,N,
2015,6,1,0,1,2,5,A,ATPA4,-99,100,1.1,N,-99,N,
2015,6,1,0,1,2,5,B,ATPA4,-99,80,0.4,N,-99,N,
2015,6,1,0,1,2,5,B,AMCA2,-99,125,5.8,N,-99,N,
2015,6,1,0,1,2,5,B,AMCA2,-99,128,4.4,N,-99,N,
2015,6,1,0,1,2,5,B,ATPA4,-99,104,1.7,N,-99,N,
2015,6,1,0,1,2,5,B,AMCA2,-99,150,4.6,N,-99,N,
2015,6,1,0,1,2,5,C,ATPA4,-99,40,0,N,-99,N,
2015,6,1,0,1,2,5,C,ATPA4,-99,40,0,N,-99,N,
2015,6,1,0,1,2,5,C,ATPA4,-99,61,0.7,N,-99,N,
2015,6,1,0,1,2,5,C,ATPA4,-99,65,1,N,-99,N,
2015,6,1,0,1,2,5,C,AMCA2,-99,80,2.4,N,-99,N,
2015,6,1,0,1,2,5,C,AMCA2,-99,92,1.7,N,-99,N,
2015,6,1,0,1,2,5,C,AMCA2,-99,116,4.7,N,-99,N,
2015,6,1,0,1,2,5,C,AMCA2,-99,122,2.9,N,-99,N,
2015,6,1,0,1,2,5,D,ATPA4,-99,132,1.9,N,-99,N,
2015,6,1,0,1,2,5,D,ATPA4,-99,149,2.3,N,-99,N,
2015,6,1,0,1,2,5,D,ATPA4,-99,151,2.1,N,-99,N,
2015,6,1,0,1,2,5,E,ATPA4,-99,40,0,N,-99,N,
2015,6,1,0,1,2,5,E,AMCA2,-99,83,2.8,N,-99,N,
2015,6,1,0,1,2,6,A,AMCA2,-99,60,3.7,N,-99,C,
2015,6,1,0,1,2,6,A,AMCA2,-99,72,1.9,N,-99,N,
2015,6,1,0,1,2,6,A,POHY,-99,75,1.5,F,-99,N,
2015,6,1,0,1,2,6,A,AMCA2,-99,110,5.6,N,-99,N,
2015,6,1,0,1,2,6,B,ATPA4,-99,60,0,N,-99,N,
2015,6,1,0,1,2,6,B,AMCA2,-99,92,3.3,N,-99,N,
2015,6,1,0,1,2,6,B,ATPA4,-99,96,1.2,N,-99,N,
2015,6,1,0,1,2,6,C,ATPA4,-99,90,1.9,N,-99,N,
2015,6,1,0,1,2,6,C,AMCA2,-99,178,7.2,F,-99,N,
2015,6,1,0,1,2,6,D,ATPA4,-99,140,2.7,N,-99,N,
2015,6,1,0,1,2,6,E,ATPA4,-99,80,1.3,N,-99,N,
2015,6,1,0,1,2,7,A,AMCA2,-99,106,3.7,N,-99,N,
2015,6,1,0,1,2,7,A,AMCA2,-99,139,3.8,N,-99,N,
2015,6,1,0,1,2,7,A,AMCA2,-99,155,5.1,N,-99,N,
2015,6,1,0,1,2,7,A,AMCA2,-99,178,4.5,N,-99,N,
2015,6,1,0,1,2,7,A,ATPA4,-99,148,1.7,N,-99,N,
2015,6,1,0,1,2,7,A,ATPA4,-99,180,2,N,-99,N,
2015,6,1,0,1,2,7,B,ATPA4,-99,104,1.2,N,-99,N,
2015,6,1,0,1,2,7,B,ATPA4,-99,200,2.2,N,-99,N,
2015,6,1,0,1,2,7,C,ATPA4,-99,90,3.3,N,-99,N,
2015,6,1,0,1,2,7,C,ATPA4,-99,162,2.8,N,-99,N,
2015,6,1,0,1,2,7,E,ATPA4,-99,94,1.7,N,-99,N,
2015,6,1,0,1,2,7,E,POHY,-99,55,1.3,N,-99,N,
2015,6,1,0,1,2,8,A,ATPA4,-99,40,0,N,-99,N,
2015,6,1,0,1,2,8,A,AMCA2,-99,92,3,N,-99,N,
2015,6,1,0,1,2,8,A,AMCA2,-99,110,4.7,N,-99,N,
2015,6,1,0,1,2,8,A,AMCA2,-99,142,7.6,N,-99,N,
2015,6,1,0,1,2,8,A,AMCA2,-99,184,5.1,N,-99,N,
2015,6,1,0,1,2,8,B,AMCA2,-99,111,3.3,N,-99,N,
2015,6,1,0,1,2,8,B,ATPA4,-99,105,1.1,N,-99,N,
2015,6,1,0,1,2,8,B,ATPA4,-99,115,1.5,N,-99,N,
2015,6,1,0,1,2,8,B,AMCA2,-99,160,8.4,N,-99,N,
2015,6,1,0,1,2,8,C,ATPA4,-99,40,0,N,-99,N,
2015,6,1,0,1,2,8,C,ATPA4,-99,88,1,N,-99,N,
2015,6,1,0,1,2,8,C,ATPA4,-99,130,1.5,N,-99,N,
2015,6,1,0,1,2,8,C,ATPA4,-99,186,2.8,N,-99,N,
2015,6,1,0,1,2,8,D,ATPA4,-99,91,0.6,N,-99,N,
2015,6,1,0,1,2,8,E,ATPA4,-99,55,0.7,N,-99,N,
2015,6,1,0,1,2,8,E,ATPA4,-99,64,0.7,N,-99,N,
2015,6,1,0,1,2,8,E,SOSE,-99,162,11.2,N,-99,N,
2015,6,1,0,1,2,8,E,SOSE,-99,150,9.6,N,-99,N,
2015,6,1,0,1,2,8,E,SOSE,-99,99,4.1,N,-99,N,
2015,6,1,0,1,2,9,A,AMCA2,-99,54,2.1,N,-99,C,
2015,6,1,0,1,2,9,A,ATPA4,-99,40,0,N,-99,N,
2015,6,1,0,1,2,9,A,AMCA2,-99,77,4.4,N,-99,C,
2015,6,1,0,1,2,9,A,AMCA2,-99,78,4.3,N,-99,C,
2015,6,1,0,1,2,9,A,ATPA4,-99,61,0.8,N,-99,N,
2015,6,1,0,1,2,9,A,AMCA2,-99,82,3.3,N,-99,N,
2015,6,1,0,1,2,9,A,AMCA2,-99,85,4.8,N,-99,N,
2015,6,1,0,1,2,9,A,AMCA2,-99,88,1.8,N,-99,N,
2015,6,1,0,1,2,9,A,AMCA2,-99,97,3.5,N,-99,N,
2015,6,1,0,1,2,9,A,AMCA2,-99,107,3.9,N,-99,N,
2015,6,1,0,1,2,9,A,AMCA2,-99,111,4.4,N,-99,N,
2015,6,1,0,1,2,9,A,ATPA4,-99,85,1.8,N,-99,N,
2015,6,1,0,1,2,9,A,AMCA2,-99,125,4.9,N,-99,N,
2015,6,1,0,1,2,9,A,ATPA4,-99,108,1.8,N,-99,N,
2015,6,1,0,1,2,9,A,ATPA4,-99,133,2.1,N,-99,N,
2015,6,1,0,1,2,9,B,ATPA4,-99,40,0,N,-99,N,
2015,6,1,0,1,2,9,B,ATPA4,-99,55,1.4,N,-99,N,
2015,6,1,0,1,2,9,B,ATPA4,-99,66,0.8,N,-99,N,
2015,6,1,0,1,2,9,B,ATPA4,-99,93,1.6,N,-99,N,
2015,6,1,0,1,2,9,C,ATPA4,-99,70,1.8,N,-99,N,
2015,6,1,0,1,2,9,C,ATPA4,-99,77,1,N,-99,N,
2015,6,1,0,1,2,9,C,ATPA4,-99,109,2.9,N,-99,N,
2015,6,1,0,1,2,9,C,SOSE,-99,140,4.8,N,-99,N,
2015,6,1,0,1,2,9,C,SOSE,-99,118,3.2,N,-99,N,
2015,6,1,0,1,2,9,C,ATPA4,-99,131,3.3,N,-99,N,
2015,6,1,0,1,2,9,D,ATPA4,-99,61,0.8,N,-99,N,
2015,6,1,0,1,2,9,D,ATPA4,-99,100,2.8,N,-99,N,
2015,6,1,0,1,2,9,E,ATPA4,-99,49,0.8,N,-99,N,
2015,6,1,0,1,2,9,E,ATPA4,-99,60,0.9,N,-99,N,
2015,6,1,0,1,2,9,E,ATPA4,-99,94,1.7,N,-99,N,
2015,6,1,0,1,2,9,E,ATPA4,-99,105,1.7,N,-99,N,
2015,6,1,0,1,2,10,A,AMCA2,-99,101,4.5,N,-99,N,
2015,6,1,0,1,2,10,A,SOSE,-99,70,1.2,N,-99,N,
2015,6,1,0,1,2,10,B,AMCA2,-99,70,1.7,N,-99,N,
2015,6,1,0,1,2,10,B,AMCA2,-99,80,1.4,N,-99,N,
2015,6,1,0,1,2,10,B,AMCA2,-99,89,2,N,-99,N,
2015,6,1,0,1,2,10,B,AMCA2,-99,90,3.6,N,-99,N,
2015,6,1,0,1,2,10,B,AMCA2,-99,91,2.3,N,-99,N,
2015,6,1,0,1,2,10,B,AMCA2,-99,95,2.3,N,-99,N,
2015,6,1,0,1,2,10,B,AMCA2,-99,131,3.7,N,-99,N,
2015,6,1,0,1,2,10,C,AMCA2,-99,70,2,N,-99,N,
2015,6,1,0,1,2,10,C,AMCA2,-99,96,2.8,N,-99,N,
2015,6,1,0,1,2,10,C,AMCA2,-99,100,2.2,N,-99,N,
2015,6,1,0,1,2,10,C,AMCA2,-99,110,3.9,F,-99,N,
2015,6,1,0,1,2,10,C,AMCA2,-99,112,4.2,F,-99,N,
2015,6,1,0,1,2,10,C,AMCA2,-99,115,4.6,N,-99,N,
2015,6,1,0,1,2,10,C,AMCA2,-99,120,3.3,N,-99,N,
2015,6,1,0,1,2,10,C,AMCA2,-99,135,7.5,N,-99,N,
2015,6,1,0,1,2,10,C,AMCA2,-99,155,6.7,F,-99,N,
2015,6,1,0,1,2,10,D,ATPA4,-99,50,1,N,-99,N,
2015,6,1,0,1,2,10,D,ATPA4,-99,67,1.7,N,-99,N,
2015,6,1,0,1,2,10,D,SOSE,-99,91,3.5,N,-99,N,
2015,6,1,0,1,2,10,D,SOSE,-99,103,5.3,N,-99,N,
2015,6,1,0,1,2,10,D,SOSE,-99,95,4.4,N,-99,N,
2015,6,1,0,1,2,10,D,SOSE,-99,80,2.6,N,-99,N,
2015,6,1,0,1,2,10,D,KOVI,-99,58,2.7,N,-99,N,
2015,6,1,0,1,2,10,E,ATPA4,-99,57,1.1,N,-99,N,
2015,6,1,0,1,2,10,E,ATPA4,-99,57,1.2,N,-99,N,
2015,6,1,0,1,2,10,E,ATPA4,-99,63,0.8,N,-99,N,
2015,6,1,0,1,2,10,E,ATPA4,-99,74,1.2,N,-99,N,
2015,6,1,0,1,2,10,E,ATPA4,-99,83,1.3,N,-99,N,
2015,6,1,0,1,2,10,E,ATPA4,-99,90,1.7,N,-99,N,
2015,6,1,0,1,2,10,E,SOSE,-99,124,7.3,N,-99,N,
2015,6,1,0,1,2,10,E,SOSE,-99,108,4.2,N,-99,N,
2015,6,1,0,1,2,10,E,ATPA4,-99,140,4.5,N,-99,C,
2015,6,1,0,1,2,10,E,ATPA4,-99,150,2.5,N,-99,N,
2015,7,1,1,1,4,1,B,AMCA2,-99,80,1.6,N,-99,N,
2015,7,1,1,1,4,1,B,AMCA2,-99,110,2,N,-99,N,
2015,7,1,1,1,4,1,B,AMCA2,-99,162,2.3,N,-99,N,
2015,7,1,1,1,4,1,D,ATPA4,-99,55,1.4,N,-99,N,
2015,7,1,1,1,4,1,D,ATPA4,-99,60,2.7,N,-99,N,
2015,7,1,1,1,4,1,D,AMCA2,-99,159,4.7,N,-99,N,
2015,7,1,1,1,4,1,D,AMCA2,-99,178,2.4,N,-99,N,
2015,7,1,1,1,4,1,D,AMCA2,-99,180,2.3,N,-99,N,
2015,7,1,1,1,4,1,D,AMCA2,-99,195,1.7,N,-99,N,
2015,7,1,1,1,4,1,E,ATPA4,-99,72,1.7,N,-99,N,
2015,7,1,1,1,4,1,E,ATPA4,-99,82,1.2,N,-99,N,
2015,7,1,1,1,4,2,A,ATPA4,-99,50,1.1,N,-99,N,
2015,7,1,1,1,4,2,A,ATPA4,-99,62,2.2,N,-99,N,
2015,7,1,1,1,4,2,D,ATPA4,-99,179,3,N,-99,N,
2015,7,1,1,1,4,2,E,ATPA4,-99,79,1.4,N,-99,N,
2015,7,1,1,1,4,3,A,ATPA4,-99,121,1.9,N,-99,N,
2015,7,1,1,1,4,3,A,ATPA4,-99,121,2.8,N,-99,N,
2015,7,1,1,1,4,3,A,ATPA4,-99,205,2.6,N,-99,N,
2015,7,1,1,1,4,3,B,ATPA4,-99,158,2.6,N,-99,N,
2015,7,1,1,1,4,3,B,ATPA4,-99,176,2.6,N,-99,N,
2015,7,1,1,1,4,3,B,ATPA4,-99,190,3.6,N,-99,N,
2015,7,1,1,1,4,3,C,AMCA2,-99,208,8.7,N,-99,N,
2015,7,1,1,1,4,3,E,ATPA4,-99,110,1.5,N,-99,N,
2015,7,1,1,1,4,4,A,ATPA4,-99,99,2.4,N,-99,N,
2015,7,1,1,1,4,4,A,ATPA4,-99,117,1.9,N,-99,N,
2015,7,1,1,1,4,4,A,AMCA2,-99,162,7.1,N,-99,C,
2015,7,1,1,1,4,4,A,ATPA4,-99,125,2.3,N,-99,N,
2015,7,1,1,1,4,4,A,ATPA4,-99,172,3,N,-99,N,
2015,7,1,1,1,4,4,B,ATPA4,-99,105,1.4,N,-99,N,
2015,7,1,1,1,4,4,B,SOSE,-99,93,2.1,N,-99,N,
2015,7,1,1,1,4,4,B,ATPA4,-99,129,2.3,N,-99,N,
2015,7,1,1,1,4,4,B,ATPA4,-99,170,2.4,N,-99,N,
2015,7,1,1,1,4,4,C,AMCA2,-99,204,7.7,N,-99,N,
2015,7,1,1,1,4,4,C,ATPA4,-99,167,3.6,N,-99,N,
2015,7,1,1,1,4,4,D,AMCA2,-99,126,3.6,N,-99,N,
2015,7,1,1,1,4,4,D,ATPA4,-99,120,2.2,N,-99,N,
2015,7,1,1,1,4,4,D,ATPA4,-99,129,2.4,N,-99,N,
2015,7,1,1,1,4,4,D,ATPA4,-99,182,3.2,N,-99,N,
2015,7,1,1,1,4,4,E,AMCA2,-99,152,5.7,N,-99,N,
2015,7,1,1,1,4,4,E,AMCA2,-99,169,3.9,N,-99,N,
2015,7,1,1,1,4,4,E,AMCA2,-99,178,6.1,F,-99,N,
2015,7,1,1,1,4,4,E,AMCA2,-99,193,8,N,-99,N,
2015,7,1,1,1,4,4,E,AMCA2,-99,224,10.8,N,-99,N,
2015,7,1,1,1,4,4,E,AMCA2,-99,277,10.6,N,-99,N,
2015,7,1,1,1,4,5,A,ATPA4,-99,189,3.5,N,-99,N,
2015,7,1,1,1,4,5,B,AMCA2,-99,133,6.5,N,-99,N,
2015,7,1,1,1,4,5,B,ATPA4,-99,122,2.2,N,-99,N,
2015,7,1,1,1,4,5,B,AMCA2,-99,220,9.6,N,-99,N,
2015,7,1,1,1,4,5,B,ATPA4,-99,205,3.5,N,-99,N,
2015,7,1,1,1,4,5,D,ATPA4,-99,105,1.5,N,-99,N,
2015,7,1,1,1,4,5,D,ATPA4,-99,131,3.3,N,-99,N,
2015,7,1,1,1,4,5,D,AMCA2,-99,210,6.2,F,-99,N,
2015,7,1,1,1,4,5,D,ATPA4,-99,187,2.1,N,-99,N,
2015,7,1,1,1,4,5,D,ATPA4,-99,190,1.9,N,-99,N,
2015,7,1,1,1,4,5,E,AMCA2,-99,162,4.1,N,-99,N,
2015,7,1,1,1,4,5,E,AMCA2,-99,220,6.2,N,-99,N,
2015,7,1,1,1,4,6,A,ATPA4,-99,52,1.9,N,-99,N,
2015,7,1,1,1,4,6,A,AMCA2,-99,102,7.2,N,-99,N,
2015,7,1,1,1,4,6,A,ATPA4,-99,89,1.5,N,-99,N,
2015,7,1,1,1,4,6,A,AMCA2,-99,130,5,N,-99,N,
2015,7,1,1,1,4,6,A,AMCA2,-99,132,3.6,N,-99,N,
2015,7,1,1,1,4,6,A,AMCA2,-99,141,4.1,N,-99,N,
2015,7,1,1,1,4,6,A,AMCA2,-99,145,8.5,N,-99,N,
2015,7,1,1,1,4,6,B,ATPA4,-99,135,2.2,N,-99,N,
2015,7,1,1,1,4,6,C,AMCA2,-99,156,4.6,F,-99,N,
2015,7,1,1,1,4,6,C,ATPA4,-99,120,1.3,N,-99,N,
2015,7,1,1,1,4,6,C,AMCA2,-99,200,5.3,F,-99,N,
2015,7,1,1,1,4,6,C,ATPA4,-99,143,1.8,N,-99,N,
2015,7,1,1,1,4,6,C,AMCA2,-99,290,13.6,F,-99,N,
2015,7,1,1,1,4,6,D,ATPA4,-99,63,1.3,N,-99,N,
2015,7,1,1,1,4,6,D,ATPA4,-99,93,2.5,N,-99,N,
2015,7,1,1,1,4,6,D,AMCA2,-99,170,4.2,F,-99,N,
2015,7,1,1,1,4,6,D,AMCA2,-99,202,5.3,N,-99,N,
2015,7,1,1,1,4,6,D,AMCA2,-99,270,9.8,F,-99,N,
2015,7,1,1,1,4,6,D,ATPA4,-99,190,2.7,N,-99,N,
2015,7,1,1,1,4,6,E,ATPA4,-99,98,1.2,N,-99,N,
2015,7,1,1,1,4,6,E,AMCA2,-99,147,3.9,F,-99,N,
2015,7,1,1,1,4,6,E,AMCA2,-99,163,4.7,N,-99,N,
2015,7,1,1,1,4,6,E,AMCA2,-99,165,4.8,F,-99,N,
2015,7,1,1,1,4,6,E,AMCA2,-99,168,4.7,N,-99,N,
2015,7,1,1,1,4,6,E,AMCA2,-99,179,3.6,F,-99,N,
2015,7,1,1,1,4,6,E,AMCA2,-99,193,4.8,N,-99,N,
2015,7,1,1,1,4,6,E,AMCA2,-99,200,7.8,F,-99,N,
2015,7,1,1,1,4,6,E,AMCA2,-99,204,5.3,F,-99,N,
2015,7,1,1,1,4,6,E,AMCA2,-99,210,5.2,F,-99,N,
2015,7,1,1,1,4,6,E,AMCA2,-99,215,9,N,-99,N,
2015,7,1,1,1,4,6,E,AMCA2,-99,260,10.4,F,-99,N,
2015,7,1,1,1,4,6,E,ATPA4,-99,150,2.1,N,-99,N,
2015,7,1,1,1,4,6,E,AMCA2,-99,280,12.5,F,-99,N,
2015,7,1,1,1,4,6,E,ATPA4,-99,183,2.8,N,-99,N,
2015,7,1,1,1,4,7,A,AMCA2,-99,62,2.3,N,-99,N,
2015,7,1,1,1,4,7,A,AMCA2,-99,65,3,N,-99,C,
2015,7,1,1,1,4,7,A,AMCA2,-99,68,2.3,N,-99,N,
2015,7,1,1,1,4,7,A,AMCA2,-99,70,1.8,N,-99,N,
2015,7,1,1,1,4,7,A,AMCA2,-99,82,2.6,N,-99,N,
2015,7,1,1,1,4,7,A,AMCA2,-99,90,3.3,N,-99,N,
2015,7,1,1,1,4,7,A,AMCA2,-99,97,2.3,N,-99,N,
2015,7,1,1,1,4,7,A,AMCA2,-99,110,3.3,N,-99,N,
2015,7,1,1,1,4,7,B,AMCA2,-99,59,1.6,N,-99,N,
2015,7,1,1,1,4,7,B,AMCA2,-99,62,1.6,N,-99,N,
2015,7,1,1,1,4,7,B,AMCA2,-99,70,1.9,N,-99,N,
2015,7,1,1,1,4,7,B,AMCA2,-99,71,1.7,N,-99,N,
2015,7,1,1,1,4,7,B,AMCA2,-99,78,1.6,N,-99,N,
2015,7,1,1,1,4,7,B,AMCA2,-99,86,2.8,N,-99,N,
2015,7,1,1,1,4,7,B,AMCA2,-99,87,2.2,N,-99,N,
2015,7,1,1,1,4,7,B,AMCA2,-99,104,3.4,N,-99,N,
2015,7,1,1,1,4,7,B,AMCA2,-99,106,2.4,F,-99,N,
2015,7,1,1,1,4,7,B,AMCA2,-99,109,2.4,N,-99,N,
2015,7,1,1,1,4,7,B,AMCA2,-99,110,2.2,F,-99,N,
2015,7,1,1,1,4,7,B,AMCA2,-99,127,6.1,N,-99,N,
2015,7,1,1,1,4,7,B,AMCA2,-99,140,4.8,F,-99,N,
2015,7,1,1,1,4,7,B,AMCA2,-99,144,4.7,F,-99,N,
2015,7,1,1,1,4,7,B,AMCA2,-99,145,4.5,F,-99,N,
2015,7,1,1,1,4,7,D,AMCA2,-99,255,11.2,F,-99,N,
2015,7,1,1,1,4,7,E,AMCA2,-99,160,7.3,F,-99,N,
2015,7,1,1,1,4,7,E,AMCA2,-99,166,6.3,F,-99,N,
2015,7,1,1,1,4,7,E,AMCA2,-99,170,5,F,-99,N,
2015,7,1,1,1,4,7,E,AMCA2,-99,193,6.1,F,-99,N,
2015,7,1,1,1,4,7,E,AMCA2,-99,200,6.4,F,-99,N,
2015,7,1,1,1,4,7,E,AMCA2,-99,260,10.9,F,-99,N,
2015,7,1,1,1,4,8,A,AMCA2,-99,47,2.1,N,-99,N,
2015,7,1,1,1,4,8,A,IVFR,-99,180,7.6,N,-99,N,
2015,7,1,1,1,4,8,A,IVFR,-99,132,4.7,N,-99,N,
2015,7,1,1,1,4,8,C,AMCA2,-99,193,8.3,N,-99,N,
2015,7,1,1,1,4,8,D,AMCA2,-99,133,7.4,N,-99,N,
2015,7,1,1,1,4,8,D,ATPA4,-99,113,2,N,-99,N,
2015,7,1,1,1,4,8,E,ATPA4,-99,109,2.7,N,-99,N,
2015,7,1,1,1,4,8,E,AMCA2,-99,230,10,F,-99,N,
2015,7,1,1,1,4,9,A,IVFR,-99,180,10.1,N,-99,N,
2015,7,1,1,1,4,9,D,AMCA2,-99,130,5.5,N,-99,N,
2015,7,1,1,1,4,9,D,ATPA4,-99,102,1.9,N,-99,N,
2015,7,1,1,1,4,10,C,AMCA2,-99,141,7,N,-99,N,
2015,7,1,1,1,4,10,D,ATPA4,-99,195,7.3,F,-99,N,
2015,9,1,1,1,4,1,A,AMCA2,-99,99,9,N,-99,C,
2015,9,1,1,1,4,1,B,AMCA2,-99,60,1.2,N,-99,N,
2015,9,1,1,1,4,1,B,AMCA2,-99,77,2.7,N,-99,C,
2015,9,1,1,1,4,1,B,AMCA2,-99,83,2.2,N,-99,N,
2015,9,1,1,1,4,1,B,AMCA2,-99,91,2.8,N,-99,C,
2015,9,1,1,1,4,1,B,AMCA2,-99,95,3.3,N,-99,N,
2015,9,1,1,1,4,1,B,AMCA2,-99,108,6.2,N,-99,C,
2015,9,1,1,1,4,1,B,AMCA2,-99,122,3.4,N,-99,N,
2015,9,1,1,1,4,1,B,AMCA2,-99,122,2.5,N,-99,N,
2015,9,1,1,1,4,1,B,AMCA2,-99,130,4,N,-99,N,
2015,9,1,1,1,4,1,B,AMCA2,-99,153,5.2,N,-99,N,
2015,9,1,1,1,4,1,B,AMCA2,-99,155,9.1,N,-99,C,
2015,9,1,1,1,4,1,B,AMCA2,-99,169,9,N,-99,N,
2015,9,1,1,1,4,1,B,AMCA2,-99,190,7.7,N,-99,N,
2015,9,1,1,1,4,1,B,AMCA2,-99,194,8.1,N,-99,N,
2015,9,1,1,1,4,1,C,AMCA2,-99,71,1.6,N,-99,N,
2015,9,1,1,1,4,1,C,AMCA2,-99,90,1.6,N,-99,N,
2015,9,1,1,1,4,1,C,AMCA2,-99,90,2.4,N,-99,N,
2015,9,1,1,1,4,1,C,AMCA2,-99,92,1.7,N,-99,N,
2015,9,1,1,1,4,1,C,AMCA2,-99,92,3.8,N,-99,C,
2015,9,1,1,1,4,1,C,AMCA2,-99,93,1.8,N,-99,N,
2015,9,1,1,1,4,1,C,AMCA2,-99,95,1.8,N,-99,N,
2015,9,1,1,1,4,1,C,AMCA2,-99,97,2.1,N,-99,N,
2015,9,1,1,1,4,1,C,AMCA2,-99,101,2.7,N,-99,N,
2015,9,1,1,1,4,1,C,AMCA2,-99,102,2.4,N,-99,N,
2015,9,1,1,1,4,1,C,AMCA2,-99,103,2.2,N,-99,N,
2015,9,1,1,1,4,1,C,AMCA2,-99,105,2,N,-99,N,
2015,9,1,1,1,4,1,C,AMCA2,-99,107,2.9,N,-99,N,
2015,9,1,1,1,4,1,C,AMCA2,-99,108,2.5,N,-99,N,
2015,9,1,1,1,4,1,C,AMCA2,-99,110,2.2,N,-99,N,
2015,9,1,1,1,4,1,C,AMCA2,-99,112,3,N,-99,N,
2015,9,1,1,1,4,1,C,AMCA2,-99,121,3.1,N,-99,N,
2015,9,1,1,1,4,1,C,AMCA2,-99,127,4.9,N,-99,N,
2015,9,1,1,1,4,1,C,AMCA2,-99,129,4.2,N,-99,N,
2015,9,1,1,1,4,1,C,AMCA2,-99,131,3.5,N,-99,N,
2015,9,1,1,1,4,1,C,AMCA2,-99,132,5.4,N,-99,N,
2015,9,1,1,1,4,1,C,AMCA2,-99,133,5.2,N,-99,N,
2015,9,1,1,1,4,1,C,AMCA2,-99,140,4.1,N,-99,N,
2015,9,1,1,1,4,1,C,AMCA2,-99,147,4.8,N,-99,N,
2015,9,1,1,1,4,1,C,AMCA2,-99,147,5.8,N,-99,N,
2015,9,1,1,1,4,1,C,AMCA2,-99,151,4.5,N,-99,N,
2015,9,1,1,1,4,1,C,AMCA2,-99,155,5.2,N,-99,N,
2015,9,1,1,1,4,1,C,AMCA2,-99,155,5.7,N,-99,N,
2015,9,1,1,1,4,1,C,AMCA2,-99,162,4.3,N,-99,N,
2015,9,1,1,1,4,1,C,AMCA2,-99,163,4.9,F,-99,N,
2015,9,1,1,1,4,1,C,AMCA2,-99,169,6.1,N,-99,N,
2015,9,1,1,1,4,1,C,AMCA2,-99,173,6.6,N,-99,N,
2015,9,1,1,1,4,1,C,AMCA2,-99,175,7,N,-99,N,
2015,9,1,1,1,4,1,C,AMCA2,-99,205,8.3,N,-99,N,
2015,9,1,1,1,4,1,C,AMCA2,-99,211,13,N,-99,N,
2015,9,1,1,1,4,1,C,AMCA2,-99,218,10.5,F,-99,N,
2015,9,1,1,1,4,1,C,AMCA2,-99,231,11.5,N,-99,N,
2015,9,1,1,1,4,1,D,AMCA2,-99,60,0.9,N,-99,N,
2015,9,1,1,1,4,1,D,AMCA2,-99,62,1.1,N,-99,N,
2015,9,1,1,1,4,1,D,AMCA2,-99,87,2,N,-99,N,
2015,9,1,1,1,4,1,D,AMCA2,-99,126,3.4,F,-99,N,
2015,9,1,1,1,4,1,D,AMCA2,-99,130,7,N,-99,N,
2015,9,1,1,1,4,1,D,AMCA2,-99,151,5.9,N,-99,N,
2015,9,1,1,1,4,1,D,AMCA2,-99,246,12.8,F,-99,N,
2015,9,1,1,1,4,1,E,AMCA2,-99,74,2,N,-99,N,
2015,9,1,1,1,4,1,E,AMCA2,-99,97,3.9,N,-99,N,
2015,9,1,1,1,4,2,A,AMCA2,-99,75,1.3,N,-99,N,
2015,9,1,1,1,4,2,A,AMCA2,-99,80,2.4,N,-99,N,
2015,9,1,1,1,4,2,A,AMCA2,-99,107,4.2,N,-99,N,
2015,9,1,1,1,4,2,A,AMCA2,-99,112,3.8,N,-99,N,
2015,9,1,1,1,4,2,A,AMCA2,-99,206,14.3,N,-99,N,
2015,9,1,1,1,4,2,B,AMCA2,-99,100,3.5,N,-99,N,
2015,9,1,1,1,4,2,B,AMCA2,-99,165,6.5,N,-99,N,
2015,9,1,1,1,4,2,C,AMCA2,-99,100,3,N,-99,N,
2015,9,1,1,1,4,2,C,AMCA2,-99,108,2.2,N,-99,N,
2015,9,1,1,1,4,2,C,AMCA2,-99,125,5.6,N,-99,N,
2015,9,1,1,1,4,3,A,POHY,-99,110,1.9,F,-99,N,
2015,9,1,1,1,4,3,A,AMCA2,-99,125,3.2,N,-99,N,
2015,9,1,1,1,4,3,A,AMCA2,-99,128,6.1,N,-99,N,
2015,9,1,1,1,4,3,A,AMCA2,-99,128,3.5,N,-99,N,
2015,9,1,1,1,4,3,A,AMCA2,-99,143,6.2,N,-99,N,
2015,9,1,1,1,4,3,A,AMCA2,-99,151,7.8,N,-99,N,
2015,9,1,1,1,4,3,A,AMCA2,-99,155,8.6,N,-99,N,
2015,9,1,1,1,4,3,A,AMCA2,-99,183,9,N,-99,N,
2015,9,1,1,1,4,3,A,AMCA2,-99,189,9,N,-99,N,
2015,9,1,1,1,4,3,A,AMCA2,-99,207,11.4,N,-99,N,
2015,9,1,1,1,4,3,B,AMCA2,-99,77,1.4,N,-99,N,
2015,9,1,1,1,4,3,B,AMCA2,-99,93,3,N,-99,N,
2015,9,1,1,1,4,3,B,AMCA2,-99,148,10,N,-99,N,
2015,9,1,1,1,4,3,B,AMCA2,-99,164,9.7,N,-99,N,
2015,9,1,1,1,4,3,B,AMCA2,-99,172,8.5,N,-99,N,
2015,9,1,1,1,4,3,B,AMCA2,-99,173,7.5,N,-99,N,
2015,9,1,1,1,4,3,B,AMCA2,-99,174,8.7,N,-99,N,
2015,9,1,1,1,4,3,B,AMCA2,-99,211,11.6,N,-99,N,
2015,9,1,1,1,4,3,C,AMCA2,-99,87,2.6,N,-99,N,
2015,9,1,1,1,4,3,C,AMCA2,-99,87,1.8,N,-99,N,
2015,9,1,1,1,4,3,C,AMCA2,-99,103,4.1,N,-99,N,
2015,9,1,1,1,4,3,C,AMCA2,-99,127,3.8,N,-99,N,
2015,9,1,1,1,4,3,C,AMCA2,-99,183,8.5,N,-99,N,
2015,9,1,1,1,4,3,C,AMCA2,-99,187,6.2,F,-99,N,
2015,9,1,1,1,4,4,A,AMCA2,-99,116,3.1,N,-99,N,
2015,9,1,1,1,4,4,B,AMCA2,-99,107,3.6,N,-99,N,
2015,9,1,1,1,4,4,C,AMCA2,-99,96,1.4,N,-99,N,
2015,9,1,1,1,4,4,C,AMCA2,-99,96,2.3,N,-99,N,
2015,9,1,1,1,4,4,C,AMCA2,-99,164,7.4,N,-99,N,
2015,9,1,1,1,4,4,D,AMCA2,-99,81,1.6,N,-99,N,
2015,9,1,1,1,4,4,D,ATPA4,-99,80,1.4,N,-99,N,
2015,9,1,1,1,4,4,D,ATPA4,-99,89,3,N,-99,N,
2015,9,1,1,1,4,4,D,ATPA4,-99,158,3.8,N,-99,N,
2015,9,1,1,1,4,4,E,ATPA4,-99,75,0.9,N,-99,N,
2015,9,1,1,1,4,5,A,AMCA2,-99,151,13,N,-99,N,
2015,9,1,1,1,4,5,A,AMCA2,-99,238,10.2,N,-99,N,
2015,9,1,1,1,4,5,B,AMCA2,-99,83,3.5,N,-99,N,
2015,9,1,1,1,4,5,B,ATPA4,-99,98,1.9,N,-99,N,
2015,9,1,1,1,4,5,B,AMCA2,-99,136,4.6,N,-99,N,
2015,9,1,1,1,4,5,B,AMCA2,-99,162,8.3,N,-99,N,
2015,9,1,1,1,4,5,B,ATPA4,-99,123,1.5,N,-99,N,
2015,9,1,1,1,4,5,C,AMCA2,-99,128,4.2,N,-99,N,
2015,9,1,1,1,4,5,C,AMCA2,-99,326,25.5,F,-99,N,
2015,9,1,1,1,4,5,D,AMCA2,-99,105,3.2,N,-99,N,
2015,9,1,1,1,4,5,D,ATPA4,-99,89,4.6,N,-99,N,
2015,9,1,1,1,4,5,D,AMCA2,-99,149,4.4,F,-99,N,
2015,9,1,1,1,4,5,D,AMCA2,-99,152,4.4,N,-99,N,
2015,9,1,1,1,4,5,D,AMCA2,-99,247,11.9,F,-99,N,
2015,9,1,1,1,4,5,E,ATPA4,-99,164,2.7,N,-99,N,
2015,9,1,1,1,4,6,A,AMCA2,-99,72,1.4,N,-99,N,
2015,9,1,1,1,4,6,A,AMCA2,-99,102,3.8,N,-99,N,
2015,9,1,1,1,4,6,A,AMCA2,-99,158,5.3,N,-99,N,
2015,9,1,1,1,4,6,A,SOSE,-99,210,6.7,F,-99,N,
2015,9,1,1,1,4,6,A,SOSE,-99,182,5.4,N,-99,N,
2015,9,1,1,1,4,6,A,AMCA2,-99,250,14.9,N,-99,N,
2015,9,1,1,1,4,6,B,SOSE,-99,162,5.2,N,-99,N,
2015,9,1,1,1,4,6,B,AMCA2,-99,239,11,N,-99,N,
2015,9,1,1,1,4,6,C,ATPA4,-99,117,0.9,N,-99,N,
2015,9,1,1,1,4,6,C,ATPA4,-99,175,2.2,N,-99,N,
2015,9,1,1,1,4,6,C,ATPA4,-99,193,2.4,N,-99,N,
2015,9,1,1,1,4,6,D,AMCA2,-99,155,3.5,F,-99,N,
2015,9,1,1,1,4,6,D,ATPA4,-99,122,3.2,N,-99,N,
2015,9,1,1,1,4,6,D,AMCA2,-99,172,6.2,N,-99,N,
2015,9,1,1,1,4,6,D,AMCA2,-99,205,11.4,F,-99,N,
2015,9,1,1,1,4,6,D,ATPA4,-99,205,4.4,N,-99,N,
2015,9,1,1,1,4,6,E,ATPA4,-99,104,2,N,-99,N,
2015,9,1,1,1,4,7,A,AMCA2,-99,138,3.7,F,-99,N,
2015,9,1,1,1,4,7,A,ATPA4,-99,129,2.3,N,-99,N,
2015,9,1,1,1,4,7,A,SOSE,-99,75,2.1,N,-99,N,
2015,9,1,1,1,4,7,B,AMCA2,-99,110,2.7,F,-99,N,
2015,9,1,1,1,4,7,B,AMCA2,-99,148,3.7,F,-99,N,
2015,9,1,1,1,4,7,B,AMCA2,-99,154,6.3,N,-99,N,
2015,9,1,1,1,4,7,B,AMCA2,-99,160,7,N,-99,N,
2015,9,1,1,1,4,7,B,AMCA2,-99,185,9.1,N,-99,N,
2015,9,1,1,1,4,7,B,SOSE,-99,61,1,N,-99,N,
2015,9,1,1,1,4,7,B,ATPA4,-99,136,1.8,N,-99,N,
2015,9,1,1,1,4,7,B,AMCA2,-99,240,12.4,F,-99,N,
2015,9,1,1,1,4,7,C,KOVI,-99,85,0.7,N,-99,N,
2015,9,1,1,1,4,7,C,KOVI,-99,68,0.5,N,-99,N,
2015,9,1,1,1,4,7,C,KOVI,-99,91,0.6,N,-99,N,
2015,9,1,1,1,4,7,C,KOVI,-99,70,0.2,N,-99,N,
2015,9,1,1,1,4,7,C,AMCA2,-99,254,14.8,F,-99,N,
2015,9,1,1,1,4,7,D,AMCA2,-99,108,2,N,-99,N,
2015,9,1,1,1,4,8,A,ATPA4,-99,0,1.3,N,-99,N,
2015,9,1,1,1,4,8,A,ATPA4,-99,57,2.7,N,-99,N,
2015,9,1,1,1,4,8,A,AMCA2,-99,82,1.9,N,-99,N,
2015,9,1,1,1,4,8,A,ATPA4,-99,75,0.9,N,-99,N,
2015,9,1,1,1,4,8,A,AMCA2,-99,123,5.3,N,-99,N,
2015,9,1,1,1,4,8,A,AMCA2,-99,127,3.5,N,-99,N,
2015,9,1,1,1,4,8,A,ATPA4,-99,148,3,N,-99,N,
2015,9,1,1,1,4,8,B,ATPA4,-99,61,1,N,-99,N,
2015,9,1,1,1,4,8,B,ATPA4,-99,70,1.2,N,-99,N,
2015,9,1,1,1,4,8,B,AMCA2,-99,97,3,N,-99,N,
2015,9,1,1,1,4,8,B,ATPA4,-99,128,2,N,-99,N,
2015,9,1,1,1,4,8,B,ATPA4,-99,178,2.9,N,-99,N,
2015,9,1,1,1,4,8,B,ATPA4,-99,189,3.9,F,-99,N,
2015,9,1,1,1,4,8,C,ATPA4,-99,70,0.9,N,-99,N,
2015,9,1,1,1,4,8,C,AMCA2,-99,121,4.2,N,-99,N,
2015,9,1,1,1,4,8,C,AMCA2,-99,200,13.2,N,-99,N,
2015,9,1,1,1,4,8,C,ATPA4,-99,146,1.9,N,-99,N,
2015,9,1,1,1,4,8,C,ATPA4,-99,205,4,F,-99,N,
2015,9,1,1,1,4,9,A,ATPA4,-99,114,1.9,N,-99,N,
2015,9,1,1,1,4,9,A,ATPA4,-99,120,2.3,N,-99,N,
2015,9,1,1,1,4,9,B,ATPA4,-99,113,2.4,N,-99,N,
2015,9,1,1,1,4,9,C,ATPA4,-99,90,1.6,N,-99,N,
2015,9,1,1,1,4,9,C,ATPA4,-99,177,3.2,F,-99,N,
2015,9,1,1,1,4,9,C,ATPA4,-99,199,4.1,N,-99,N,
2015,9,1,1,1,4,9,C,ATPA4,-99,205,4.9,N,-99,N,
2015,9,1,1,1,4,9,D,ATPA4,-99,145,2.2,N,-99,N,
2015,9,1,1,1,4,10,A,ATPA4,-99,105,2.5,N,-99,N,
2015,9,1,1,1,4,10,A,ATPA4,-99,164,3.8,F,-99,N,
2015,9,1,1,1,4,10,C,ATPA4,-99,143,2.1,N,-99,N,
2015,10,1,1,0,3,1,A,AMCA2,-99,83,3.3,N,-99,N,
2015,10,1,1,0,3,1,A,POHY,-99,64,2.4,F,-99,N,
2015,10,1,1,0,3,1,A,POHY,-99,51,1.7,F,-99,N,
2015,10,1,1,0,3,1,A,POHY,-99,43,1.1,N,-99,N,
2015,10,1,1,0,3,1,B,ATPA4,-99,46,0.9,N,-99,N,
2015,10,1,1,0,3,1,B,ATPA4,-99,73,1.9,N,-99,N,
2015,10,1,1,0,3,1,B,ATPA4,-99,84,1.5,N,-99,N,
2015,10,1,1,0,3,1,B,ATPA4,-99,98,1.8,N,-99,N,
2015,10,1,1,0,3,1,B,POHY,-99,56,1.5,N,-99,N,
2015,10,1,1,0,3,1,B,POHY,-99,50,0.8,F,-99,N,
2015,10,1,1,0,3,1,C,ATPA4,-99,41,0.6,N,-99,N,
2015,10,1,1,0,3,1,C,ATPA4,-99,51,0.8,N,-99,N,
2015,10,1,1,0,3,1,C,ATPA4,-99,71,0.9,N,-99,N,
2015,10,1,1,0,3,1,C,POHY,-99,59,1.3,F,-99,N,
2015,10,1,1,0,3,1,C,POHY,-99,56,1.3,F,-99,N,
2015,10,1,1,0,3,1,C,SPCY,-99,84,2,N,-99,N,
2015,10,1,1,0,3,1,C,SPCY,-99,79,1.6,N,-99,N,
2015,10,1,1,0,3,1,C,SPCY,-99,60,3.6,N,-99,N,
2015,10,1,1,0,3,1,D,POHY,-99,73,1.6,F,-99,N,
2015,10,1,1,0,3,1,D,POHY,-99,62,1,F,-99,N,
2015,10,1,1,0,3,1,D,POHY,-99,62,0.7,N,-99,N,
2015,10,1,1,0,3,1,D,POHY,-99,58,1.2,N,-99,N,
2015,10,1,1,0,3,1,D,SOSE,-99,86,2,N,-99,N,
2015,10,1,1,0,3,1,E,POHY,-99,83,1.6,F,-99,N,
2015,10,1,1,0,3,1,E,POHY,-99,66,1.4,F,-99,N,
2015,10,1,1,0,3,1,E,POHY,-99,63,1.3,F,-99,N,
2015,10,1,1,0,3,1,E,POHY,-99,58,1,F,-99,N,
2015,10,1,1,0,3,1,E,POHY,-99,56,1.4,F,-99,N,
2015,10,1,1,0,3,1,E,POHY,-99,54,1,F,-99,N,
2015,10,1,1,0,3,2,A,ATPA4,-99,66,1.6,N,-99,N,
2015,10,1,1,0,3,2,C,AMCA2,-99,118,5.2,N,-99,N,
2015,10,1,1,0,3,2,C,KOVI,-99,89,2.5,N,-99,N,
2015,10,1,1,0,3,2,D,KOVI,-99,63,1.5,N,-99,N,
2015,10,1,1,0,3,2,E,POHY,-99,73,1.7,F,-99,N,
2015,10,1,1,0,3,2,E,POHY,-99,54,1.1,F,-99,N,
2015,10,1,1,0,3,2,E,POHY,-99,49,1.1,F,-99,N,
2015,10,1,1,0,3,2,E,POHY,-99,49,1.1,F,-99,N,
2015,10,1,1,0,3,2,E,POHY,-99,42,1.1,F,-99,N,
2015,10,1,1,0,3,2,E,POHY,-99,37,0,F,-99,N,
2015,10,1,1,0,3,2,E,POHY,-99,31,0,N,-99,N,
2015,10,1,1,0,3,2,E,POHY,-99,29,0,N,-99,N,
2015,10,1,1,0,3,3,A,POHY,-99,56,1.2,N,-99,N,
2015,10,1,1,0,3,3,A,ATPA4,-99,108,1.9,N,-99,N,
2015,10,1,1,0,3,3,B,POHY,-99,47,0.7,N,-99,N,
2015,10,1,1,0,3,3,B,ATPA4,-99,104,1.9,N,-99,N,
2015,10,1,1,0,3,3,B,POHY,-99,38,0,N,-99,N,
2015,10,1,1,0,3,3,C,ATPA4,-99,89,1.4,N,-99,N,
2015,10,1,1,0,3,3,D,POHY,-99,39,0,N,-99,N,
2015,10,1,1,0,3,3,E,POHY,-99,63,1.5,F,-99,N,
2015,10,1,1,0,3,3,E,POHY,-99,52,1.1,F,-99,N,
2015,10,1,1,0,3,3,E,POHY,-99,46,0.9,F,-99,N,
2015,10,1,1,0,3,3,E,POHY,-99,46,0.9,F,-99,N,
2015,10,1,1,0,3,4,A,ATPA4,-99,139,2.9,N,-99,N,
2015,10,1,1,0,3,4,E,AMCA2,-99,76,1.6,N,-99,N,
2015,10,1,1,0,3,4,E,POHY,-99,57,1.2,F,-99,N,
2015,10,1,1,0,3,4,E,POHY,-99,38,0,F,-99,N,
2015,10,1,1,0,3,4,E,POHY,-99,35,0,F,-99,N,
2015,10,1,1,0,3,5,D,POHY,-99,54,1,N,-99,N,
2015,10,1,1,0,3,5,E,ATPA4,-99,53,0.7,N,-99,N,
2015,10,1,1,0,3,5,E,POHY,-99,58,0.8,N,-99,N,
2015,10,1,1,0,3,6,D,POHY,-99,74,1.8,F,-99,N,
2015,10,1,1,0,3,6,D,POHY,-99,71,1.4,F,-99,N,
2015,10,1,1,0,3,6,D,POHY,-99,62,1.2,N,-99,N,
2015,10,1,1,0,3,6,E,POHY,-99,67,1.3,F,-99,N,
2015,10,1,1,0,3,6,E,POHY,-99,65,1.3,F,-99,N,
2015,10,1,1,0,3,6,E,POHY,-99,64,1.7,F,-99,N,
2015,10,1,1,0,3,6,E,POHY,-99,64,1.6,F,-99,N,
2015,10,1,1,0,3,6,E,POHY,-99,54,1,F,-99,N,
2015,10,1,1,0,3,6,E,POHY,-99,21,0,N,-99,N,
2015,10,1,1,0,3,7,D,POHY,-99,54,1,F,-99,N,
2015,10,1,1,0,3,7,D,POHY,-99,49,0.9,F,-99,N,
2015,10,1,1,0,3,7,E,POHY,-99,66,1.7,F,-99,N,
2015,10,1,1,0,3,7,E,POHY,-99,52,1.9,F,-99,N,
2015,10,1,1,0,3,7,E,POHY,-99,39,0,N,-99,N,
2015,10,1,1,0,3,7,E,POHY,-99,32,0,N,-99,N,
2015,10,1,1,0,3,8,A,ATPA4,-99,37,0,N,-99,N,
2015,10,1,1,0,3,8,A,ATPA4,-99,43,0.8,N,-99,N,
2015,10,1,1,0,3,8,A,ATPA4,-99,89,1.9,N,-99,N,
2015,10,1,1,0,3,8,B,ATPA4,-99,59,0.9,N,-99,N,
2015,10,1,1,0,3,8,B,POHY,-99,53,1.3,F,-99,N,
2015,10,1,1,0,3,8,B,POHY,-99,45,1,N,-99,N,
2015,10,1,1,0,3,8,B,POHY,-99,42,0.8,N,-99,N,
2015,10,1,1,0,3,8,E,POHY,-99,156,1.4,F,-99,N,
2015,10,1,1,0,3,8,E,AMCA2,-99,48,1.4,N,-99,N,
2015,10,1,1,0,3,8,E,POHY,-99,53,1.1,F,-99,N,
2015,10,1,1,0,3,8,E,POHY,-99,38,0,N,-99,N,
2015,10,1,1,0,3,8,E,POHY,-99,37,0,N,-99,N,
2015,10,1,1,0,3,8,E,POHY,-99,36,0,N,-99,N,
2015,10,1,1,0,3,9,A,ATPA4,-99,62,1.2,N,-99,N,
2015,10,1,1,0,3,9,A,POHY,-99,36,0,N,-99,N,
2015,10,1,1,0,3,9,C,POHY,-99,35,0,N,-99,N,
2015,10,1,1,0,3,9,E,POHY,-99,61,1.5,F,-99,N,
2015,10,1,1,0,3,9,E,POHY,-99,48,1.8,N,-99,N,
2015,10,1,1,0,3,10,A,ATPA4,-99,72,1.3,N,-99,N,
2015,10,1,1,0,3,10,A,ATPA4,-99,74,1.6,N,-99,N,
2015,10,1,1,0,3,10,A,POHY,-99,55,1.4,F,-99,N,
2015,10,1,1,0,3,10,A,ATPA4,-99,131,2.9,N,-99,N,
2015,10,1,1,0,3,10,A,POHY,-99,32,0,N,-99,N,
2015,10,1,1,0,3,10,B,POHY,-99,42,1.2,N,-99,N,
2015,10,1,1,0,3,10,E,AMCA2,-99,68,5.3,N,-99,N,
2015,10,1,1,0,3,10,E,KOVI,-99,25,0,N,-99,N,
2015,11,1,0,0,1,1,B,AMCA2,-99,55,0.6,N,-99,N,
2015,11,1,0,0,1,1,B,AMCA2,-99,62,0.8,N,-99,N,
2015,11,1,0,0,1,1,C,AMCA2,-99,52,1.4,N,-99,N,
2015,11,1,0,0,1,2,A,AMCA2,-99,35,0,N,-99,N,
2015,11,1,0,0,1,2,B,AMCA2,-99,20,0,N,-99,N,
2015,11,1,0,0,1,2,B,AMCA2,-99,30,0,N,-99,N,
2015,11,1,0,0,1,2,B,AMCA2,-99,40,0,N,-99,N,
2015,11,1,0,0,1,3,A,AMCA2,-99,39,0,N,-99,N,
2015,11,1,0,0,1,3,A,ATPA4,-99,39,0,N,-99,N,
2015,11,1,0,0,1,3,A,ATPA4,-99,50,0.5,N,-99,N,
2015,11,1,0,0,1,3,A,AMCA2,-99,87,2,F,-99,N,
2015,11,1,0,0,1,3,B,AMCA2,-99,52,0.7,N,-99,N,
2015,11,1,0,0,1,4,A,AMCA2,-99,39,0,N,-99,N,
2015,11,1,0,0,1,4,B,AMCA2,-99,55,0.7,N,-99,N,
2015,11,1,0,0,1,4,C,KOVI,-99,38,0,N,-99,N,
2015,11,1,0,0,1,4,D,KOVI,-99,59,0.5,N,-99,N,
2015,11,1,0,0,1,5,B,KOVI,-99,20,0,N,-99,N,
2015,11,1,0,0,1,6,B,KOVI,-99,20,0,N,-99,N,
2015,11,1,0,0,1,6,B,IVFR,-99,30,0,N,-99,N,
2015,11,1,0,0,1,8,A,ATPA4,-99,15,0,N,-99,N,
2015,11,1,0,0,1,8,A,ATPA4,-99,20,0,N,-99,N,
2015,11,1,0,0,1,8,A,ATPA4,-99,35,0,N,-99,N,
2015,11,1,0,0,1,9,A,ATPA4,-99,20,0,N,-99,N,
2015,11,1,0,0,1,10,A,ATPA4,-99,51,1,N,-99,N,
2015,11,1,0,0,1,10,A,ATPA4,-99,68,1.5,N,-99,N,
2015,11,1,0,0,1,10,A,ATPA4,-99,92,2.1,N,-99,N,
2015,12,1,0,1,2,1,A,ATPA4,-99,90,1.1,N,-99,N,
2015,12,1,0,1,2,1,A,ATPA4,-99,123,1.9,N,-99,N,
2015,12,1,0,1,2,1,B,ATPA4,-99,127,1.6,N,-99,N,
2015,12,1,0,1,2,1,D,ATPA4,-99,162,1.6,N,-99,N,
2015,12,1,0,1,2,2,A,ATPA4,-99,53,1.5,N,-99,N,
2015,12,1,0,1,2,2,A,ATPA4,-99,126,2.2,N,-99,N,
2015,12,1,0,1,2,2,B,ATPA4,-99,137,2.1,N,-99,N,
2015,12,1,0,1,2,2,B,ATPA4,-99,138,1.7,N,-99,N,
2015,12,1,0,1,2,2,D,ATPA4,-99,72,1.1,N,-99,N,
2015,12,1,0,1,2,2,D,ATPA4,-99,73,1,N,-99,N,
2015,12,1,0,1,2,2,D,ATPA4,-99,81,0.6,N,-99,N,
2015,12,1,0,1,2,2,D,ATPA4,-99,91,1,N,-99,N,
2015,12,1,0,1,2,2,D,ATPA4,-99,136,1.6,N,-99,N,
2015,12,1,0,1,2,2,E,ATPA4,-99,65,0.7,N,-99,N,
2015,12,1,0,1,2,3,A,ATPA4,-99,53,1.7,N,-99,C,
2015,12,1,0,1,2,3,A,ATPA4,-99,53,1.2,N,-99,N,
2015,12,1,0,1,2,3,A,ATPA4,-99,58,1.7,N,-99,N,
2015,12,1,0,1,2,3,A,ATPA4,-99,83,1.4,N,-99,N,
2015,12,1,0,1,2,3,A,ATPA4,-99,85,1.5,N,-99,N,
2015,12,1,0,1,2,3,B,ATPA4,-99,124,1.7,N,-99,N,
2015,12,1,0,1,2,3,C,ATPA4,-99,47,0.7,N,-99,N,
2015,12,1,0,1,2,3,C,ATPA4,-99,80,1.2,N,-99,N,
2015,12,1,0,1,2,4,B,ATPA4,-99,70,1.1,N,-99,N,
2015,12,1,0,1,2,4,B,ATPA4,-99,85,1.2,N,-99,N,
2015,12,1,0,1,2,4,B,ATPA4,-99,157,2,N,-99,N,
2015,12,1,0,1,2,5,A,ATPA4,-99,61,1.3,N,-99,N,
2015,12,1,0,1,2,5,A,ATPA4,-99,145,2.6,N,-99,N,
2015,12,1,0,1,2,5,B,ATPA4,-99,56,0.5,N,-99,N,
2015,12,1,0,1,2,5,B,ATPA4,-99,96,1.4,N,-99,N,
2015,12,1,0,1,2,5,C,ATPA4,-99,106,1.3,N,-99,N,
2015,12,1,0,1,2,5,D,ATPA4,-99,101,1.6,N,-99,N,
2015,12,1,0,1,2,6,A,ATPA4,-99,50,1.4,N,-99,N,
2015,12,1,0,1,2,6,A,ATPA4,-99,55,0.9,N,-99,N,
2015,12,1,0,1,2,6,A,ATPA4,-99,55,0.7,N,-99,N,
2015,12,1,0,1,2,6,A,ATPA4,-99,62,0.8,N,-99,N,
2015,12,1,0,1,2,6,A,ATPA4,-99,71,1.1,N,-99,N,
2015,12,1,0,1,2,6,A,ATPA4,-99,74,1.4,N,-99,N,
2015,12,1,0,1,2,6,B,ATPA4,-99,83,1.5,N,-99,N,
2015,12,1,0,1,2,6,B,ATPA4,-99,124,1.3,N,-99,N,
2015,12,1,0,1,2,6,B,ATPA4,-99,142,2,N,-99,N,
2015,12,1,0,1,2,6,C,ATPA4,-99,53,0.6,N,-99,N,
2015,12,1,0,1,2,6,C,ATPA4,-99,85,2.9,N,-99,N,
2015,12,1,0,1,2,6,C,ATPA4,-99,120,1.2,N,-99,N,
2015,12,1,0,1,2,6,C,ATPA4,-99,155,2.5,N,-99,N,
2015,12,1,0,1,2,6,D,ATPA4,-99,115,1.4,N,-99,N,
2015,12,1,0,1,2,6,D,ATPA4,-99,119,1.4,N,-99,N,
2015,12,1,0,1,2,6,D,ATPA4,-99,130,1.8,N,-99,N,
2015,12,1,0,1,2,7,A,ATPA4,-99,117,1.8,N,-99,N,
2015,12,1,0,1,2,7,A,ATPA4,-99,120,1.7,N,-99,N,
2015,12,1,0,1,2,7,A,ATPA4,-99,131,2.4,N,-99,N,
2015,12,1,0,1,2,7,B,ATPA4,-99,50,0.1,N,-99,N,
2015,12,1,0,1,2,7,B,ATPA4,-99,59,0.7,N,-99,N,
2015,12,1,0,1,2,7,B,SOSE,-99,65,1,N,-99,N,
2015,12,1,0,1,2,7,C,ATPA4,-99,68,0.7,N,-99,N,
2015,12,1,0,1,2,7,C,ATPA4,-99,70,0.6,N,-99,N,
2015,12,1,0,1,2,7,C,ATPA4,-99,75,0.9,N,-99,N,
2015,12,1,0,1,2,7,D,AMCA2,-99,81,1.9,N,-99,N,
2015,12,1,0,1,2,7,D,ATPA4,-99,90,1.2,N,-99,N,
2015,12,1,0,1,2,7,D,ATPA4,-99,97,0.8,N,-99,N,
2015,12,1,0,1,2,8,A,ATPA4,-99,50,2.2,N,-99,N,
2015,12,1,0,1,2,8,A,ATPA4,-99,50,1.3,N,-99,N,
2015,12,1,0,1,2,8,A,ATPA4,-99,57,1.2,N,-99,N,
2015,12,1,0,1,2,8,A,ATPA4,-99,85,1.4,N,-99,N,
2015,12,1,0,1,2,8,A,ATPA4,-99,89,1.2,N,-99,N,
2015,12,1,0,1,2,8,A,ATPA4,-99,93,1.9,N,-99,N,
2015,12,1,0,1,2,8,A,ATPA4,-99,100,2.5,N,-99,N,
2015,12,1,0,1,2,8,B,ATPA4,-99,55,1,N,-99,N,
2015,12,1,0,1,2,8,B,ATPA4,-99,111,2.5,N,-99,N,
2015,12,1,0,1,2,8,C,ATPA4,-99,65,0.6,N,-99,N,
2015,12,1,0,1,2,8,C,ATPA4,-99,109,1.8,N,-99,N,
2015,12,1,0,1,2,8,D,ATPA4,-99,74,0.4,N,-99,N,
2015,12,1,0,1,2,9,A,ATPA4,-99,49,0.6,N,-99,N,
2015,12,1,0,1,2,9,B,ATPA4,-99,67,1.4,N,-99,N,
2015,12,1,0,1,2,9,B,ATPA4,-99,90,1,N,-99,N,
2015,12,1,0,1,2,9,D,ATPA4,-99,126,2.1,N,-99,N,
2015,12,1,0,1,2,10,A,AMCA2,-99,58,1.7,N,-99,N,
2015,12,1,0,1,2,10,A,POHY,-99,65,2,N,-99,N,
2015,12,1,0,1,2,10,C,ATPA4,-99,85,1.5,N,-99,N,
2015,12,1,0,1,2,10,C,ATPA4,-99,90,1.5,N,-99,N,
2016,1,1,0,0,1,2,B,SOSE,-99,49,3.29,N,-99,N,
2016,1,1,0,0,1,2,B,SOSE,-99,74.5,4.57,N,-99,N,
2016,1,1,0,0,1,2,B,SOSE,-99,70,3.41,N,-99,N,
2016,1,1,0,0,1,3,B,SOSE,-99,77,3.83,N,-99,N,
2016,1,1,0,0,1,3,C,SOSE,-99,75,4.32,N,-99,N,
2016,1,1,0,0,1,3,C,ATPA4,-99,69,2.39,N,-99,N,
2016,1,1,0,0,1,5,A,SOSE,-99,74,3.64,N,-99,N,
2016,1,1,0,0,1,5,B,SOSE,-99,58.5,3.23,N,-99,N,
2016,1,1,0,0,1,5,B,SOSE,-99,62,4.63,N,-99,N,
2016,1,1,0,0,1,5,D,AMCA2,-99,60,3.36,N,-99,N,
2016,1,1,0,0,1,8,C,SOSE,-99,70,5.77,N,-99,N,
2016,1,1,0,0,1,8,C,SOSE,-99,74,8.53,N,-99,N,
2016,1,1,0,0,1,8,C,SOSE,-99,61,4.27,N,-99,N,
2016,1,1,0,0,1,9,B,SOSE,-99,74,4.78,N,-99,N,
2016,1,1,0,0,1,9,B,SOSE,-99,63,3.52,N,-99,N,
2016,1,1,0,0,1,9,B,SOSE,-99,84.5,3.72,N,-99,N,
2016,1,1,0,0,1,9,C,IVFR,-99,75.5,5.62,N,-99,N,
2016,1,1,0,0,1,9,C,KOVI,-99,90,7.14,N,-99,N,
2016,1,1,0,0,1,10,B,KOVI,-99,67,5.08,N,-99,N,
2016,1,1,0,0,1,10,C,KOVI,-99,61.5,3.68,N,-99,N,
2016,1,0,0,0,1,3,NR,IVFR,-99,97,9.9,N,-99,N,
2016,1,0,0,0,1,3,NR,Pick One,-99,97,4.9,N,-99,N,
2016,1,0,0,0,1,3,NR,Pick One,-99,92,3.6,N,-99,N,
2016,1,0,0,0,1,3,NR,Pick One,-99,93,3.7,N,-99,N,
2016,1,0,0,0,1,3,NR,Pick One,-99,125,7.5,N,-99,N,
2016,1,0,0,0,1,3,NR,Pick One,-99,73,3.5,N,-99,N,
2016,1,0,0,0,1,3,NR,Pick One,-99,89,5.7,N,-99,N,
2016,1,0,0,0,1,1,PR,SPCY,-99,131,4.6,N,-99,N,
2016,2,1,1,0,3,1,E,SPCY,-99,191,4.1,N,-99,N,
2016,2,1,1,0,3,2,B,AMCA2,-99,148,5.6,F,-99,N,
2016,2,1,1,0,3,2,C,SPCY,-99,166,3.5,N,-99,N,
2016,2,1,1,0,3,2,C,ASTER,-99,77,2,N,-99,N,
2016,2,1,1,0,3,2,D,AMCA2,-99,82,2.2,N,-99,N,
2016,2,1,1,0,3,2,D,SPCY,-99,131,3.2,N,-99,N,
2016,2,1,1,0,3,2,E,IVFR,-99,190,7.7,N,-99,N,
2016,2,1,1,0,3,3,B,SPCY,-99,100,2.5,N,-99,N,
2016,2,1,1,0,3,3,B,SPCY,-99,135,2.6,N,-99,N,
2016,2,1,1,0,3,3,C,KOVI,-99,83,6.6,N,-99,N,
2016,2,1,1,0,3,3,C,SPCY,-99,156,4.4,N,-99,N,
2016,2,1,1,0,3,3,D,SPCY,-99,154,4.3,N,-99,N,
2016,2,1,1,0,3,3,D,ATPA4,-99,45,1.6,N,-99,N,
2016,2,1,1,0,3,3,E,IVFR,-99,190,7.7,N,-99,N,
2016,2,1,1,0,3,4,E,SPCY,-99,136,4.2,N,-99,N,
2016,2,1,1,0,3,5,C,KOVI,-99,73,2.6,N,-99,N,
2016,2,1,1,0,3,5,C,SPCY,-99,129,3.3,N,-99,N,
2016,2,1,1,0,3,7,D,ATPA4,-99,56,1.1,N,-99,N,
2016,2,1,1,0,3,8,B,SOSE,-99,55,3.3,N,-99,N,
2016,2,1,1,0,3,9,A,SOSE,-99,53,2.5,N,-99,N,
2016,2,1,1,0,3,9,B,SOSE,-99,62,3.5,N,-99,N,
2016,2,1,1,0,3,9,E,ATPA4,-99,60,2.2,N,-99,N,
2016,2,1,1,0,3,10,B,KOVI,-99,69,4.6,N,-99,N,
2016,2,1,1,0,3,10,D,SOSE,-99,68,3.3,N,-99,N,
2016,2,0,1,0,3,2,PR,SCRO5,-99,112,5.5,N,-99,N,
2016,2,0,1,0,3,2,PR,ATPA4,-99,19,1.4,N,-99,N,
2016,2,0,1,0,3,3,PR,ATPA4,-99,28,1.7,N,-99,N,
2016,3,1,0,1,2,2,B,SOSE,-99,75,3,N,-99,N,
2016,3,1,0,1,2,4,D,SOSE,-99,96,4.6,N,-99,N,
2016,3,1,0,1,2,4,E,SOSE,-99,78,3.3,N,-99,N,
2016,3,1,0,1,2,4,E,SOSE,-99,80,4.1,N,-99,N,
2016,3,1,0,1,2,5,B,Pick One,-99,68,2.2,N,-99,N,
2016,3,1,0,1,2,5,D,SOSE,-99,68,2.5,N,-99,N,
2016,3,1,0,1,2,5,D,SOSE,-99,60,3.5,N,-99,N,
2016,3,1,0,1,2,5,E,SOSE,-99,74,2.5,N,-99,N,
2016,3,1,0,1,2,10,C,SOSE,-99,70,2.3,N,-99,N,
2016,3,1,0,1,2,10,C,SOSE,-99,75,3.9,N,-99,N,
2016,3,1,0,1,2,10,D,SOSE,-99,110,4.3,N,-99,N,
2016,3,1,0,1,2,10,D,SOSE,-99,96,3.9,N,-99,N,
2016,3,1,0,1,2,10,E,SOSE,-99,55,2.9,N,-99,N,
2016,3,0,0,1,2,1,NR,SOSE,-99,72,4.2,N,-99,N,
2016,3,0,0,1,2,1,PR,AMCA2,-99,26,2.2,N,-99,N,
2016,3,0,0,1,2,1,PR,ATPA4,-99,17,1.3,N,-99,N,
2016,3,0,0,1,2,2,PR,AMCA2,-99,44,2.3,N,-99,N,
2016,3,0,0,1,2,2,PR,AMCA2,-99,32,2,N,-99,N,
2016,4,1,1,1,4,1,B,KOVI,-99,91,5.86,N,-99,N,
2016,4,1,1,1,4,1,E,KOVI,-99,128,9.06,N,-99,N,
2016,4,1,1,1,4,1,E,KOVI,-99,68,1.77,N,-99,N,
2016,4,1,1,1,4,2,A,KOVI,-99,140.5,7.65,Y,-99,N,
2016,4,1,1,1,4,3,B,KOVI,-99,144,5.99,F,-99,N,
2016,4,1,1,1,4,4,A,KOVI,-99,143,13.14,F,-99,N,
2016,4,1,1,1,4,4,B,KOVI,-99,163,7.36,F,-99,N,
2016,4,1,1,1,4,5,A,KOVI,-99,171,8.39,F,-99,N,
2016,4,1,1,1,4,5,B,KOVI,-99,189,7.29,F,-99,N,
2016,4,1,1,1,4,5,B,KOVI,-99,178,8.93,F,-99,N,
2016,4,1,1,1,4,5,B,KOVI,-99,181,7.49,F,-99,N,
2016,4,1,1,1,4,5,B,KOVI,-99,176,6.7,F,-99,N,
2016,4,1,1,1,4,5,B,KOVI,-99,191,2.54,F,-99,N,
2016,4,1,1,1,4,5,B,KOVI,-99,170,7.4,F,-99,N,
2016,4,1,1,1,4,5,B,KOVI,-99,176,6.37,F,-99,N,
2016,4,1,1,1,4,5,B,KOVI,-99,163.5,7,F,-99,N,
2016,4,1,1,1,4,5,B,KOVI,-99,160,6.82,F,-99,N,
2016,4,1,1,1,4,5,B,KOVI,-99,148,5.5,F,-99,N,
2016,4,1,1,1,4,5,C,KOVI,-99,150,6.95,F,-99,N,
2016,4,1,1,1,4,6,A,KOVI,-99,116,6.54,N,-99,N,
2016,4,1,1,1,4,6,E,KOVI,-99,85,3.52,N,-99,N,
2016,4,1,1,1,4,9,B,KOVI,-99,68,2.91,N,-99,N,
2016,4,1,1,1,4,10,C,IVFR,-99,123,4,N,-99,N,
2016,4,1,1,1,4,10,C,IVFR,-99,138,5.07,N,-99,N,
2016,4,1,1,1,4,10,C,IVFR,-99,122,4.74,N,-99,N,
2016,4,1,1,1,4,10,C,KOVI,-99,80,4.71,N,-99,N,
2016,4,1,1,1,4,10,D,KOVI,-99,71,4.17,N,-99,N,
2016,4,1,1,1,4,10,E,KOVI,-99,74,3.95,N,-99,N,
2016,4,0,1,1,4,2,NR,KOVI,-99,23,0,N,-99,N,
2016,4,0,1,1,4,1,PR,KOVI,-99,124,6.8,N,-99,N,
2016,4,0,1,1,4,1,PR,ATPA4,-99,35,1,N,-99,N,
2016,4,0,1,1,4,2,PR,KOVI,-99,155,8.4,N,-99,N,
2016,4,0,1,1,4,2,PR,ATPA4,-99,24,2.1,N,-99,N,
2016,4,0,1,1,4,3,PR,ATPA4,-99,32,1,N,-99,N,
2016,4,0,1,1,4,3,PR,ATPA4,-99,21,1,N,-99,N,
2016,5,1,1,0,3,1,A,SOSE,-99,53,1.4,N,-99,N,
2016,5,1,1,0,3,1,B,AMCA2,-99,50,0.5,N,-99,N,
2016,5,1,1,0,3,1,D,AMCA2,-99,112,8.2,F,-99,N,
2016,5,1,1,0,3,1,D,AMCA2,-99,49,1,N,-99,N,
2016,5,1,1,0,3,2,A,Pick One,-99,131,2,N,-99,N,
2016,5,1,1,0,3,2,A,Pick One,-99,41,0.3,N,-99,N,
2016,5,1,1,0,3,2,D,AMCA2,-99,94,4.2,F,-99,N,
2016,5,1,1,0,3,2,E,AMCA2,-99,58,2.6,N,-99,N,
2016,5,1,1,0,3,2,E,AMCA2,-99,78,3.9,F,-99,N,
2016,5,1,1,0,3,3,B,ATPA4,-99,40,1.1,N,-99,N,
2016,5,1,1,0,3,3,B,AMCA2,-99,65,1.6,N,-99,N,
2016,5,1,1,0,3,3,B,AMCA2,-99,74,1.8,N,-99,N,
2016,5,1,1,0,3,3,C,ASTER,-99,53,1.3,N,-99,N,
2016,5,1,1,0,3,3,D,AMCA2,-99,55,1.4,N,-99,N,
2016,5,1,1,0,3,3,D,SOSE,-99,76,2.4,N,-99,N,
2016,5,1,1,0,3,3,D,AMCA2,-99,152,10.6,Y,-99,N,
2016,5,1,1,0,3,4,A,ASTER,-99,85,2.5,N,-99,N,
2016,5,1,1,0,3,4,A,SOSE,-99,42,1,N,-99,N,
2016,5,1,1,0,3,4,A,KOVI,-99,104,4.4,N,-99,C,
2016,5,1,1,0,3,4,B,AMCA2,-99,120,4.6,N,-99,N,
2016,5,1,1,0,3,4,B,AMCA2,-99,92,3,F,-99,N,
2016,5,1,1,0,3,4,B,SOSE,-99,88,2.7,N,-99,N,
2016,5,1,1,0,3,4,B,ATPA4,-99,45,1.1,N,-99,N,
2016,5,1,1,0,3,4,B,SOSE,-99,50,0.9,N,-99,N,
2016,5,1,1,0,3,4,C,AMCA2,-99,88,2.2,F,-99,N,
2016,5,1,1,0,3,4,C,AMCA2,-99,152,5.4,F,-99,N,
2016,5,1,1,0,3,4,C,SOSE,-99,71,2.6,N,-99,N,
2016,5,1,1,0,3,4,C,ATPA4,-99,48,1.3,N,-99,N,
2016,5,1,1,0,3,4,C,ASTER,-99,72,2.1,N,-99,N,
2016,5,1,1,0,3,4,C,ASTER,-99,80,2.5,N,-99,N,
2016,5,1,1,0,3,4,C,AMCA2,-99,51,0.5,N,-99,N,
2016,5,1,1,0,3,4,D,AMCA2,-99,134,7.3,F,-99,N,
2016,5,1,1,0,3,4,D,ASTER,-99,67,1.7,N,-99,N,
2016,5,1,1,0,3,4,D,SOSE,-99,72,1.8,N,-99,N,
2016,5,1,1,0,3,4,D,SOSE,-99,66,1.5,N,-99,N,
2016,5,1,1,0,3,4,E,ASTER,-99,88,3.1,N,-99,N,
2016,5,1,1,0,3,4,E,ASTER,-99,43,2,N,-99,N,
2016,5,1,1,0,3,5,A,KOVI,-99,55,3,N,-99,N,
2016,5,1,1,0,3,5,B,SOSE,-99,78,2.3,N,-99,N,
2016,5,1,1,0,3,5,B,SOSE,-99,91,2.5,N,-99,N,
2016,5,1,1,0,3,5,B,ASTER,-99,51,1.4,N,-99,N,
2016,5,1,1,0,3,5,C,SOSE,-99,76,3.4,N,-99,N,
2016,5,1,1,0,3,5,C,ASTER,-99,56,1.2,N,-99,N,
2016,5,1,1,0,3,5,C,KOVI,-99,72,3.7,N,-99,N,
2016,5,1,1,0,3,5,D,AMCA2,-99,73,1.9,N,-99,N,
2016,5,1,1,0,3,5,D,ASTER,-99,83,1.7,N,-99,N,
2016,5,1,1,0,3,5,D,SOSE,-99,43,0.9,N,-99,N,
2016,5,1,1,0,3,5,D,ATPA4,-99,35,0.6,N,-99,N,
2016,5,1,1,0,3,5,E,AMCA2,-99,121,7.3,N,-99,N,
2016,5,1,1,0,3,6,A,KOVI,-99,137,6.3,N,-99,N,
2016,5,1,1,0,3,6,A,KOVI,-99,126,9,F,-99,N,
2016,5,1,1,0,3,6,A,KOVI,-99,92,3,N,-99,N,
2016,5,1,1,0,3,6,A,ATPA4,-99,48,1.8,N,-99,N,
2016,5,1,1,0,3,6,A,ASTER,-99,45,1.2,N,-99,N,
2016,5,1,1,0,3,6,B,SOSE,-99,74,1.9,N,-99,N,
2016,5,1,1,0,3,6,B,AMCA2,-99,68,1.5,N,-99,N,
2016,5,1,1,0,3,6,B,ASTER,-99,75,1.9,N,-99,N,
2016,5,1,1,0,3,6,B,ATPA4,-99,45,0.7,N,-99,N,
2016,5,1,1,0,3,6,C,ASTER,-99,76,1.5,N,-99,N,
2016,5,1,1,0,3,6,D,AMCA2,-99,92,2.7,F,-99,N,
2016,5,1,1,0,3,7,A,KOVI,-99,116,4.3,N,-99,N,
2016,5,1,1,0,3,7,A,ATPA4,-99,37,1.4,N,-99,N,
2016,5,1,1,0,3,7,A,KOVI,-99,128,8.7,N,-99,N,
2016,5,1,1,0,3,7,B,KOVI,-99,100,4.5,N,-99,N,
2016,5,1,1,0,3,7,B,ASTER,-99,81,1.6,N,-99,N,
2016,5,1,1,0,3,7,B,ASTER,-99,79,2,N,-99,N,
2016,5,1,1,0,3,7,B,KOVI,-99,121,6.2,N,-99,N,
2016,5,1,1,0,3,7,B,ASTER,-99,73,1.4,N,-99,N,
2016,5,1,1,0,3,7,C,ATPA4,-99,36,1.4,N,-99,N,
2016,5,1,1,0,3,7,C,ASTER,-99,40,1.2,N,-99,N,
2016,5,1,1,0,3,7,D,AMCA2,-99,61,1.6,N,-99,N,
2016,5,1,1,0,3,8,A,KOVI,-99,58,4.2,N,-99,C,
2016,5,1,1,0,3,8,A,ATPA4,-99,40,2.1,N,-99,N,
2016,5,1,1,0,3,8,A,AMCA2,-99,57,5.6,N,-99,N,
2016,5,1,1,0,3,8,A,ASTER,-99,49,1.3,N,-99,N,
2016,5,1,1,0,3,8,B,KOVI,-99,123,7.6,N,-99,N,
2016,5,1,1,0,3,8,B,ASTER,-99,62,1.3,N,-99,N,
2016,5,1,1,0,3,8,C,IVFR,-99,68,3.2,N,-99,N,
2016,5,1,1,0,3,8,C,ASTER,-99,48,0.4,N,-99,N,
2016,5,1,1,0,3,8,D,ASTER,-99,48,1,N,-99,N,
2016,5,1,1,0,3,8,D,AMCA2,-99,101,4.2,N,-99,N,
2016,5,1,1,0,3,9,A,KOVI,-99,122,6.9,N,-99,N,
2016,5,1,1,0,3,9,A,ASTER,-99,31,1.1,N,-99,N,
2016,5,1,1,0,3,9,A,AMCA2,-99,48,2.4,N,-99,N,
2016,5,1,1,0,3,9,A,KOVI,-99,106,5.4,N,-99,N,
2016,5,1,1,0,3,9,A,ASTER,-99,54,1.3,N,-99,N,
2016,5,1,1,0,3,9,B,ASTER,-99,34,1.3,N,-99,N,
2016,5,1,1,0,3,9,C,ASTER,-99,57,1.2,N,-99,N,
2016,5,1,1,0,3,9,C,ASTER,-99,91,1.9,N,-99,N,
2016,5,1,1,0,3,9,C,ASTER,-99,91,3,N,-99,N,
2016,5,1,1,0,3,9,D,AMCA2,-99,56,3.1,N,-99,N,
2016,5,1,1,0,3,9,D,AMCA2,-99,38,0.8,N,-99,N,
2016,5,1,1,0,3,10,A,SOSE,-99,67,4.1,N,-99,N,
2016,5,1,1,0,3,10,A,ASTER,-99,77,2.8,N,-99,N,
2016,5,1,1,0,3,10,B,AMCA2,-99,65,2.6,N,-99,N,
2016,5,1,1,0,3,10,B,KOVI,-99,103,5.8,N,-99,N,
2016,5,1,1,0,3,10,B,AMCA2,-99,108,6.7,N,-99,N,
2016,5,1,1,0,3,10,C,ASTER,-99,50,1.5,N,-99,N,
2016,5,1,1,0,3,10,C,AMCA2,-99,81,2.7,F,-99,N,
2016,5,1,1,0,3,10,C,ASTER,-99,77,3.6,N,-99,N,
2016,5,1,1,0,3,10,C,ASTER,-99,85,1.6,N,-99,N,
2016,5,1,1,0,3,10,D,AMCA2,-99,66,1.5,N,-99,N,
2016,5,1,1,0,3,10,D,ASTER,-99,92,1.9,N,-99,N,
2016,5,0,1,0,3,1,PR,AMCA2,-99,44,0,N,-99,N,
2016,5,0,1,0,3,1,PR,AMCA2,-99,9,0,N,-99,C,
2016,6,1,0,1,2,4,E,IVFR,-99,15,0,N,-99,N,
2016,6,1,0,1,2,7,A,IVFR,-99,42,1.4,N,-99,N,
2016,6,1,0,1,2,9,A,AMCA2,-99,42,0.8,N,-99,N,
2016,6,1,0,1,2,9,A,ATPA4,-99,30,0,N,-99,N,
2016,6,1,0,1,2,10,B,ATPA4,-99,34,0,N,-99,N,
2016,6,1,0,1,2,10,C,ATPA4,-99,36,0,N,-99,N,
2016,6,1,0,1,2,10,C,AMCA2,-99,54,0,N,-99,N,
2016,6,0,0,1,2,1,PR,KOVI,-99,13,0,N,-99,N,
2016,6,0,0,1,2,1,PR,KOVI,-99,19,0,N,-99,N,
2016,6,0,0,1,2,2,PR,SPCY,-99,280,11.2,N,-99,N,
2016,6,0,0,1,2,2,PR,AMCA2,-99,43,1.5,N,-99,N,
2016,7,1,1,1,4,9,A,ATPA4,-99,52,0.5,N,-99,N,
2016,7,1,1,1,4,9,A,ATPA4,-99,72,2.3,N,-99,C,
2016,7,1,1,1,4,9,B,ATPA4,-99,65,1.3,N,-99,N,
2016,7,1,1,1,4,9,B,ATPA4,-99,87,0.8,N,-99,N,
2016,7,1,1,1,4,9,C,ATPA4,-99,32,0,N,-99,N,
2016,7,1,1,1,4,9,C,ATPA4,-99,25,0,N,-99,N,
2016,7,1,1,1,4,9,C,ATPA4,-99,30,0,N,-99,N,
2016,7,1,1,1,4,9,E,AMCA2,-99,42,0.5,N,-99,N,
2016,7,1,1,1,4,10,A,AMCA2,-99,70,2.8,N,-99,N,
2016,7,1,1,1,4,10,D,KOVI,-99,115,6.1,F,-99,N,
2016,7,0,1,1,4,2,PR,KOVI,-99,87,3.5,N,-99,N,
2016,7,0,1,1,4,2,PR,KOVI,-99,110,4.6,N,-99,N,
2016,8,1,0,0,1,5,E,AMCA2,-99,135,12.5,N,-99,N,
2016,8,0,0,0,1,2,PR,SOSE,-99,48,3.7,N,-99,C,
2016,8,0,0,0,1,3,PR,KOVI,-99,43,1.5,N,-99,N,
2016,8,0,0,0,1,3,PR,KOVI,-99,17,0,N,-99,N,
2016,8,0,0,0,1,3,PR,KOVI,-99,125,7.1,N,-99,N,
2016,9,1,1,1,4,1,A,AMCA2,-99,150,8.8,N,-99,N,
2016,9,1,1,1,4,1,A,AMCA2,-99,132,6.6,N,-99,N,
2016,9,1,1,1,4,1,B,AMCA2,-99,174,12.3,N,-99,N,
2016,9,1,1,1,4,1,B,AMCA2,-99,105,7.9,N,-99,N,
2016,9,1,1,1,4,1,B,AMCA2,-99,87,3.8,N,-99,N,
2016,9,1,1,1,4,3,A,AMCA2,-99,112,6.8,N,-99,N,
2016,9,1,1,1,4,3,A,AMCA2,-99,84,3,N,-99,N,
2016,9,1,1,1,4,3,A,AMCA2,-99,75,2.8,N,-99,N,
2016,9,1,1,1,4,3,A,AMCA2,-99,60,2,N,-99,N,
2016,9,1,1,1,4,3,C,AMCA2,-99,65,2,N,-99,N,
2016,9,1,1,1,4,4,A,AMCA2,-99,163,9,N,-99,N,
2016,9,1,1,1,4,4,A,AMCA2,-99,112,3.7,N,-99,N,
2016,9,1,1,1,4,4,A,AMCA2,-99,72,3.2,N,-99,N,
2016,9,1,1,1,4,4,C,AMCA2,-99,75,3.3,N,-99,N,
2016,9,1,1,1,4,5,C,KOVI,-99,86,3.5,N,-99,N,
2016,9,1,1,1,4,5,D,AMCA2,-99,105,4.5,N,-99,N,
2016,9,1,1,1,4,7,A,AMCA2,-99,69,4.5,N,-99,N,
2016,9,1,1,1,4,9,C,AMCA2,-99,115,7.7,N,-99,N,
2016,9,1,1,1,4,9,C,AMCA2,-99,122,5.8,N,-99,N,
2016,9,1,1,1,4,10,A,ATPA4,-99,45,1.2,N,-99,N,
2016,9,1,1,1,4,10,A,KOVI,-99,45,1.8,N,-99,N,
2016,9,1,1,1,4,10,C,KOVI,-99,30,0,N,-99,N,
2016,9,1,1,1,4,10,D,KOVI,-99,30,0,N,-99,N,
2016,9,0,1,1,4,2,PR,KOVI,-99,22,0,N,-99,N,
2016,9,0,1,1,4,2,PR,KOVI,-99,125,5.8,N,-99,N,
2016,9,0,1,1,4,2,PR,KOVI,-99,27,0,N,-99,N,
2016,9,0,1,1,4,2,PR,KOVI,-99,30,0,N,-99,N,
2016,9,0,1,1,4,2,PR,KOVI,-99,11,0,N,-99,N,
2016,9,0,1,1,4,3,PR,KOVI,-99,17,0,N,-99,N,
2016,9,0,1,1,4,3,PR,KOVI,-99,18,0,N,-99,N,
2016,9,0,1,1,4,3,PR,KOVI,-99,28,0,N,-99,N,
2016,9,0,1,1,4,3,PR,KOVI,-99,16,0,N,-99,N,
2016,9,0,1,1,4,3,PR,KOVI,-99,22,0,N,-99,N,
2016,9,0,1,1,4,3,PR,KOVI,-99,23,0,N,-99,N,
2016,10,1,1,0,3,1,C,ATPA4,-99,93,2.3,N,-99,N,
2016,10,1,1,0,3,1,C,ATPA4,-99,53,1.4,N,-99,N,
2016,10,1,1,0,3,2,B,ATPA4,-99,71,1.8,N,-99,N,
2016,10,1,1,0,3,2,B,ATPA4,-99,96,1.7,N,-99,N,
2016,10,1,1,0,3,2,C,KOVI,-99,7.2,3.7,N,-99,N,
2016,10,1,1,0,3,3,E,SOSE,-99,52,1.5,N,-99,N,
2016,10,1,1,0,3,4,A,SOSE,-99,54,2.3,N,-99,N,
2016,10,1,1,0,3,7,A,ATPA4,-99,83,2,N,-99,N,
2016,10,1,1,0,3,7,C,AMCA2,-99,97.5,1.6,N,-99,N,
2016,10,1,1,0,3,8,A,ATPA4,-99,80,1.9,N,-99,N,
2016,10,1,1,0,3,8,B,ATPA4,-99,65,1.5,N,-99,N,
2016,10,1,1,0,3,8,D,ATPA4,-99,86,2.1,N,-99,N,
2016,10,1,1,0,3,10,B,ATPA4,-99,110.5,3.5,N,-99,N,
2016,10,1,1,0,3,10,B,ATPA4,-99,82,2.2,N,-99,N,
2016,10,0,1,0,3,2,PR,KOVI,-99,115,5.9,N,-99,N,
2016,10,0,1,0,3,2,PR,KOVI,-99,87,4.5,N,-99,N,
2016,10,0,1,0,3,2,PR,KOVI,-99,98,6.1,N,-99,N,
2016,10,0,1,0,3,3,PR,KOVI,-99,10,0,N,-99,N,
2016,10,0,1,0,3,3,PR,KOVI,-99,12,0,N,-99,N,
2016,11,1,0,0,1,1,A,KOVI,-99,65,2.8,N,-99,N,
2016,11,1,0,0,1,1,A,AMCA2,-99,65,2.5,N,-99,N,
2016,11,1,0,0,1,1,B,AMCA2,-99,72,1.9,N,-99,N,
2016,11,1,0,0,1,1,B,AMCA2,-99,94,4.3,N,-99,N,
2016,11,1,0,0,1,1,B,AMCA2,-99,65,1.9,N,-99,N,
2016,11,1,0,0,1,1,B,AMCA2,-99,75,1.6,N,-99,N,
2016,11,1,0,0,1,1,B,AMCA2,-99,55,1.7,N,-99,N,
2016,11,1,0,0,1,1,B,AMCA2,-99,65,1.2,N,-99,N,
2016,11,1,0,0,1,2,A,AMCA2,-99,54,0.9,N,-99,N,
2016,11,1,0,0,1,2,A,AMCA2,-99,60,1.6,N,-99,N,
2016,11,1,0,0,1,3,A,KOVI,-99,63,1.4,N,-99,N,
2016,11,1,0,0,1,3,A,AMCA2,-99,60,1.6,N,-99,N,
2016,11,1,0,0,1,5,C,AMCA2,-99,44,0.7,N,-99,N,
2016,11,1,0,0,1,6,D,KOVI,-99,52,1.3,N,-99,N,
2016,11,1,0,0,1,6,D,KOVI,-99,20,0,N,-99,N,
2016,11,1,0,0,1,6,D,ATPA4,-99,65,1.2,N,-99,N,
2016,11,1,0,0,1,7,A,ATPA4,-99,52,1.3,N,-99,N,
2016,11,1,0,0,1,7,A,ATPA4,-99,74,0.9,N,-99,N,
2016,11,1,0,0,1,7,A,ATPA4,-99,55,1.4,N,-99,N,
2016,11,1,0,0,1,7,B,ATPA4,-99,60,1.2,N,-99,N,
2016,11,1,0,0,1,7,B,ATPA4,-99,56,0.6,N,-99,N,
2016,11,1,0,0,1,8,A,AMCA2,-99,63,2.4,N,-99,N,
2016,11,1,0,0,1,8,A,ATPA4,-99,44,0.7,N,-99,N,
2016,11,1,0,0,1,10,B,ATPA4,-99,60,1.1,N,-99,N,
2016,11,0,0,0,1,1,PR,KOVI,-99,103,5.9,N,-99,N,
2016,11,0,0,0,1,1,PR,KOVI,-99,84,4.1,N,-99,N,
2016,11,0,0,0,1,1,PR,KOVI,-99,97,4.3,N,-99,N,
2016,11,0,0,0,1,1,PR,KOVI,-99,18,0,N,-99,N,
2016,11,0,0,0,1,1,PR,ATPA4,-99,23,0,N,-99,N,
2016,11,0,0,0,1,2,PR,KOVI,-99,107,4.3,N,-99,N,
2016,11,0,0,0,1,2,PR,KOVI,-99,109,5.6,N,-99,N,
2016,11,0,0,0,1,2,PR,KOVI,-99,89,3.7,N,-99,N,
2016,11,0,0,0,1,2,PR,KOVI,-99,97,3.9,N,-99,N,
2016,11,0,0,0,1,2,PR,KOVI,-99,108,4.8,N,-99,N,
2016,11,0,0,0,1,2,PR,KOVI,-99,101,3.7,N,-99,N,
2016,11,0,0,0,1,2,PR,KOVI,-99,92,4.5,N,-99,N,
2016,11,0,0,0,1,3,PR,SCRO5,-99,41,4.6,N,-99,N,
2016,11,0,0,0,1,3,PR,KOVI,-99,17,0,N,-99,N,
2016,12,1,0,1,2,5,E,AMCA2,-99,113,3.7,N,-99,N,
2016,12,1,0,1,2,5,E,AMCA2,-99,112,6.2,N,-99,N,
2016,12,1,0,1,2,6,D,AMCA2,-99,163,10.1,N,-99,N,
2016,12,1,0,1,2,7,A,ATPA4,-99,34,0,N,-99,N,
2016,12,1,0,1,2,7,A,ATPA4,-99,58,1,N,-99,N,
2016,12,1,0,1,2,7,A,ATPA4,-99,57,1.1,N,-99,N,
2016,12,1,0,1,2,7,A,ATPA4,-99,50,0.72,N,-99,N,
2016,12,1,0,1,2,7,E,AMCA2,-99,133,6.8,N,-99,N,
2016,12,1,0,1,2,7,E,AMCA2,-99,176,11.7,N,-99,N,
2016,12,1,0,1,2,7,E,ATPA4,-99,122,1.4,N,-99,N,
2016,12,1,0,1,2,8,A,ATPA4,-99,35,0,N,-99,N,
2016,12,1,0,1,2,8,E,ATPA4,-99,102,4.9,N,-99,N,
2017,1,1,0,0,1,2,B,SOSE,-99,96,4.52,N,-99,N,
2017,1,1,0,0,1,2,B,SOSE,-99,62,4.63,N,-99,N,
2017,1,1,0,0,1,2,B,SOSE,-99,92,3.73,N,-99,N,
2017,1,1,0,0,1,2,C,SOSE,-99,66,1.68,N,-99,C,
2017,1,1,0,0,1,2,D,AMCA2,-99,50,1.79,N,-99,C,
2017,1,1,0,0,1,3,A,SOSE,-99,51,0.89,N,-99,C,
2017,1,1,0,0,1,3,D,AMCA2,-99,73,3.35,N,-99,C,
2017,1,1,0,0,1,4,C,ATPA4,-99,34,0.63,N,-99,N,
2017,1,1,0,0,1,4,D,ATPA4,-99,75,1.26,N,-99,C,
2017,1,1,0,0,1,4,D,AMCA2,-99,86,2.36,N,-99,C,
2017,1,1,0,0,1,5,A,SOSE,-99,66.5,2.53,N,-99,N,
2017,1,1,0,0,1,5,A,SOSE,-99,70,4.28,N,-99,N,
2017,1,1,0,0,1,5,B,SOSE,-99,118,4.29,N,-99,N,
2017,1,1,0,0,1,5,B,SOSE,-99,128,4.67,N,-99,N,
2017,1,1,0,0,1,5,C,ATPA4,-99,53,0.87,N,-99,N,
2017,1,1,0,0,1,5,C,SOSE,-99,54.5,0.97,N,-99,N,
2017,1,1,0,0,1,6,B,IVFR,-99,51,1.45,N,-99,N,
2017,1,1,0,0,1,6,E,SOSE,-99,73.5,2.87,N,-99,N,
2017,1,1,0,0,1,6,E,AMCA2,-99,62,3.4,N,-99,C,
2017,1,1,0,0,1,8,C,SOSE,-99,73.5,4.73,N,-99,N,
2017,1,1,0,0,1,9,B,SOSE,-99,93.5,4.6,N,-99,N,
2017,1,1,0,0,1,9,B,SOSE,-99,64,2.98,N,-99,N,
2017,1,1,0,0,1,9,C,KOVI,-99,123,5.94,F,-99,N,
2017,1,1,0,0,1,9,D,KOVI,-99,62,3.79,N,-99,N,
2017,1,1,0,0,1,10,C,KOVI,-99,115,6.88,F,-99,N,
2017,1,0,0,0,1,1,NR,IVFR,-99,74,7.33,F,-99,N,
2017,1,0,0,0,1,3,NR,SOSE,-99,54.5,5.8,N,-99,N,
2017,1,0,0,0,1,3,NR,SOSE,-99,36,6.49,N,-99,C,
2017,1,0,0,0,1,3,NR,SOSE,-99,35,4.88,N,-99,C,
2017,1,0,0,0,1,3,NR,SOSE,-99,31,6.01,N,-99,C,
2017,1,0,0,0,1,3,PR,AMCA2,-99,96,5.23,N,-99,C,
2017,1,0,0,0,1,3,PR,AMCA2,-99,121,8.65,F,-99,N,
2017,1,0,0,0,1,3,PR,AMCA2,-99,106,4.57,N,-99,N,
2017,2,1,1,0,3,1,B,SPCY,-99,205,4.67,N,-99,N,
2017,2,1,1,0,3,1,C,KOVI,-99,39,0.04,N,-99,N,
2017,2,1,1,0,3,1,E,SPCY,-99,195,3.87,N,-99,N,
2017,2,1,1,0,3,1,E,AMCA2,-99,58,0.25,N,-99,N,
2017,2,1,1,0,3,2,A,AMCA2,-99,56,0.88,N,-99,N,
2017,2,1,1,0,3,3,A,AMCA2,-99,45,0.18,N,-99,N,
2017,2,1,1,0,3,3,A,AMCA2,-99,37,0.31,N,-99,N,
2017,2,1,1,0,3,3,B,AMCA2,-99,65,0.25,F,-99,N,
2017,2,1,1,0,3,3,C,KOVI,-99,95,3.59,N,-99,N,
2017,2,1,1,0,3,4,A,AMCA2,-99,41,1.09,N,-99,N,
2017,2,1,1,0,3,4,A,AMCA2,-99,52,1.41,F,-99,N,
2017,2,1,1,0,3,4,A,AMCA2,-99,38,0.73,N,-99,N,
2017,2,1,1,0,3,4,A,AMCA2,-99,29,0.68,N,-99,N,
2017,2,1,1,0,3,4,A,AMCA2,-99,24,0.58,N,-99,N,
2017,2,1,1,0,3,4,A,AMCA2,-99,28,0.89,N,-99,N,
2017,2,1,1,0,3,4,A,AMCA2,-99,41,0.52,N,-99,N,
2017,2,1,1,0,3,4,A,AMCA2,-99,45,1.12,N,-99,N,
2017,2,1,1,0,3,4,A,AMCA2,-99,30,0.54,N,-99,N,
2017,2,1,1,0,3,4,A,AMCA2,-99,46,0.91,N,-99,N,
2017,2,1,1,0,3,4,A,AMCA2,-99,54,0.48,N,-99,N,
2017,2,1,1,0,3,4,B,ATPA4,-99,54,0.48,N,-99,N,
2017,2,1,1,0,3,4,D,AMCA2,-99,30,0.15,N,-99,N,
2017,2,1,1,0,3,4,D,SPCY,-99,208,5.29,N,-99,N,
2017,2,1,1,0,3,5,A,AMCA2,-99,25,0.13,N,-99,N,
2017,2,1,1,0,3,5,A,AMCA2,-99,35,0.22,N,-99,N,
2017,2,1,1,0,3,5,A,AMCA2,-99,46,1.26,F,-99,N,
2017,2,1,1,0,3,5,B,KOVI,-99,130,4.81,F,-99,N,
2017,2,1,1,0,3,5,B,IVFR,-99,81,2.11,N,-99,N,
2017,2,1,1,0,3,5,B,SOSE,-99,65,1.57,N,-99,N,
2017,2,1,1,0,3,5,D,AMCA2,-99,38,0.39,N,-99,N,
2017,2,1,1,0,3,6,B,SOSE,-99,49,0,N,-99,N,
2017,2,1,1,0,3,6,C,AMCA2,-99,43,0.32,N,-99,N,
2017,2,1,1,0,3,7,C,AMCA2,-99,33,0.12,N,-99,N,
2017,2,1,1,0,3,8,A,IVFR,-99,61,2.62,N,-99,N,
2017,2,1,1,0,3,8,A,AMCA2,-99,51,0.17,N,-99,N,
2017,2,1,1,0,3,8,B,SOSE,-99,50,1.95,N,-99,N,
2017,2,1,1,0,3,8,D,KOVI,-99,71,1.91,N,-99,N,
2017,2,1,1,0,3,9,A,SOSE,-99,71,5.23,N,-99,N,
2017,2,1,1,0,3,9,B,SOSE,-99,120,3.23,N,-99,N,
2017,2,1,1,0,3,9,C,SOSE,-99,118,2.65,N,-99,N,
2017,2,1,1,0,3,9,D,ATPA4,-99,28,0.67,N,-99,N,
2017,2,1,1,0,3,9,D,ATPA4,-99,43,0.32,N,-99,N,
2017,2,1,1,0,3,9,D,AMCA2,-99,143,2.97,N,-99,N,
2017,2,1,1,0,3,9,D,AMCA2,-99,91,1.41,N,-99,N,
2017,2,1,1,0,3,10,A,SOSE,-99,111,5.2,N,-99,N,
2017,2,1,1,0,3,10,A,ATPA4,-99,47,0.58,N,-99,N,
2017,2,1,1,0,3,10,A,ATPA4,-99,53,0.82,N,-99,N,
2017,2,1,1,0,3,10,B,KOVI,-99,98,5.26,N,-99,N,
2017,2,1,1,0,3,10,B,KOVI,-99,56,1.3,N,-99,N,
2017,2,1,1,0,3,10,D,SOSE,-99,103,2.92,N,-99,N,
2017,2,1,1,0,3,10,D,SOSE,-99,104.5,2.38,N,-99,N,
2017,2,1,1,0,3,10,D,SOSE,-99,130,4.67,N,-99,N,
2017,2,1,1,0,3,10,D,ATPA4,-99,43,0.31,N,-99,N,
2017,2,1,1,0,3,10,E,ATPA4,-99,63,1.09,N,-99,N,
2017,2,1,1,0,3,10,E,AMCA2,-99,33,0.38,N,-99,N,
2017,2,0,1,0,3,1,PR,SPCY,-99,135,4.75,N,-99,N,
2017,2,0,1,0,3,1,PR,KOVI,-99,135,4.32,N,-99,N,
2017,2,0,1,0,3,2,PR,KOVI,-99,24,0.68,N,-99,N,
2017,2,0,1,0,3,3,PR,KOVI,-99,128,4.15,F,-99,N,
2017,2,0,1,0,3,3,PR,KOVI,-99,101,3.42,F,-99,N,
2017,2,0,1,0,3,3,PR,KOVI,-99,150,7.3,F,-99,N,
2017,2,0,1,0,3,3,PR,AMCA2,-99,78,3.12,N,-99,N,
2017,2,0,1,0,3,3,PR,AMCA2,-99,95,3.44,N,-99,N,
2017,2,0,1,0,3,3,PR,AMCA2,-99,95,6.04,N,-99,N,
2017,3,1,0,1,2,1,D,AMCA2,-99,105,7.19,N,-99,N,
2017,3,1,0,1,2,2,C,AMCA2,-99,91,3.97,N,-99,C,
2017,3,1,0,1,2,4,A,AMCA2,-99,83,3.39,N,-99,N,
2017,3,1,0,1,2,4,A,AMCA2,-99,122,4.45,N,-99,N,
2017,3,1,0,1,2,4,A,AMCA2,-99,123,6.28,N,-99,N,
2017,3,1,0,1,2,4,D,SOSE,-99,70,4,N,-99,C,
2017,3,1,0,1,2,4,D,SOSE,-99,77,2.83,N,-99,C,
2017,3,1,0,1,2,4,E,SOSE,-99,60,4.63,N,-99,C,
2017,3,1,0,1,2,4,E,SOSE,-99,36,3.22,N,-99,C,
2017,3,1,0,1,2,4,E,SOSE,-99,48,2.9,N,-99,C,
2017,3,1,0,1,2,5,E,SOSE,-99,44,0.42,N,-99,C,
2017,3,1,0,1,2,9,C,SOSE,-99,50,0.42,N,-99,C,
2017,3,1,0,1,2,10,A,AMCA2,-99,111.5,4.97,F,-99,C,
2017,3,1,0,1,2,10,B,SOSE,-99,112,4.8,N,-99,C,
2017,3,1,0,1,2,10,B,AMCA2,-99,81,2.49,N,-99,N,
2017,3,1,0,1,2,10,B,SOSE,-99,92,4.57,N,-99,N,
2017,3,1,0,1,2,10,C,SOSE,-99,79,3.43,N,-99,N,
2017,3,1,0,1,2,10,C,SOSE,-99,87,3.07,N,-99,N,
2017,3,0,0,1,2,1,NR,SOSE,-99,62,6.88,N,-99,C,
2017,3,0,0,1,2,1,PR,AMCA2,-99,100,8.81,N,-99,C,
2017,3,0,0,1,2,2,PR,AMCA2,-99,50,2.82,N,-99,N,
2017,3,0,0,1,2,3,PR,AMCA2,-99,49,2.6,N,-99,N,
2017,3,0,0,1,2,3,PR,AMCA2,-99,45,1.82,N,-99,N,
2017,4,1,1,1,4,1,B,AMCA2,-99,233,16.8,F,-99,N,
2017,4,1,1,1,4,1,E,KOVI,-99,162,11.4,F,-99,N,
2017,4,1,1,1,4,1,E,KOVI,-99,139,5.19,F,-99,N,
2017,4,1,1,1,4,1,E,KOVI,-99,142,5.58,F,-99,N,
2017,4,1,1,1,4,2,A,KOVI,-99,208,12.12,F,-99,N,
2017,4,1,1,1,4,2,A,KOVI,-99,162,8.72,F,-99,N,
2017,4,1,1,1,4,2,B,SOSE,-99,182.5,5.35,N,-99,N,
2017,4,1,1,1,4,2,C,SOSE,-99,203,7.19,N,-99,N,
2017,4,1,1,1,4,2,C,SOSE,-99,132,3.74,F,-99,N,
2017,4,1,1,1,4,3,B,KOVI,-99,190,7.4,F,-99,N,
2017,4,1,1,1,4,3,B,KOVI,-99,118,3.22,N,-99,N,
2017,4,1,1,1,4,4,B,KOVI,-99,89,3.74,N,-99,C,
2017,4,1,1,1,4,4,B,KOVI,-99,117,3.04,N,-99,C,
2017,4,1,1,1,4,4,B,KOVI,-99,198,8.04,F,-99,N,
2017,4,1,1,1,4,4,B,KOVI,-99,196,7.13,F,-99,N,
2017,4,1,1,1,4,4,E,SOSE,-99,106,6.41,N,-99,N,
2017,4,1,1,1,4,4,E,SOSE,-99,65,3.43,N,-99,N,
2017,4,1,1,1,4,5,A,KOVI,-99,178,7,F,-99,N,
2017,4,1,1,1,4,5,A,KOVI,-99,208,9.53,F,-99,N,
2017,4,1,1,1,4,5,B,KOVI,-99,172,6.79,F,-99,N,
2017,4,1,1,1,4,5,B,KOVI,-99,202,9.68,F,-99,N,
2017,4,1,1,1,4,5,B,KOVI,-99,197,8.73,F,-99,N,
2017,4,1,1,1,4,5,B,KOVI,-99,211,8.46,F,-99,N,
2017,4,1,1,1,4,5,C,KOVI,-99,131,3.21,F,-99,N,
2017,4,1,1,1,4,5,D,SOSE,-99,7.84,0,N,-99,N,
2017,4,1,1,1,4,6,B,KOVI,-99,192,9.27,F,-99,N,
2017,4,1,1,1,4,6,B,KOVI,-99,191,8.92,F,-99,N,
2017,4,1,1,1,4,6,C,SOSE,-99,117,6.86,N,-99,N,
2017,4,1,1,1,4,6,C,SOSE,-99,201,8.42,N,-99,N,
2017,4,1,1,1,4,6,E,KOVI,-99,143,9.08,N,-99,N,
2017,4,1,1,1,4,6,E,KOVI,-99,150,5.5,F,-99,N,
2017,4,1,1,1,4,8,C,KOVI,-99,116,4.48,F,-99,N,
2017,4,1,1,1,4,9,B,SOSE,-99,116,4.58,N,-99,N,
2017,4,1,1,1,4,10,C,IVFR,-99,109,4.31,N,-99,N,
2017,4,1,1,1,4,10,D,KOVI,-99,118,3.58,N,-99,N,
2017,4,1,1,1,4,10,E,KOVI,-99,141,8.74,F,-99,N,
2017,4,0,1,1,4,1,NR,SOSE,-99,63,5.12,N,-99,C,
2017,4,0,1,1,4,3,NR,SOSE,-99,50,1.59,N,-99,N,
2017,4,0,1,1,4,1,PR,AMCA2,-99,55,2.52,N,-99,C,
2017,4,0,1,1,4,1,PR,AMCA2,-99,140,10.76,F,-99,N,
2017,4,0,1,1,4,1,PR,AMCA2,-99,81,3.81,N,-99,C,
2017,4,0,1,1,4,1,PR,AMCA2,-99,73,3.54,N,-99,C,
2017,4,0,1,1,4,1,PR,AMCA2,-99,163,10.4,F,-99,N,
2017,4,0,1,1,4,2,PR,AMCA2,-99,34,1.31,N,-99,N,
2017,4,0,1,1,4,2,PR,KOVI,-99,13,1.4,N,-99,N,
2017,4,0,1,1,4,2,PR,AMCA2,-99,34,1.02,N,-99,N,
2017,4,0,1,1,4,3,PR,AMCA2,-99,31,1.66,N,-99,N,
2017,4,0,1,1,4,3,PR,AMCA2,-99,36,1.73,N,-99,N,
2017,5,1,1,0,3,1,A,AMCA2,-99,64,1.75,N,-99,N,
2017,5,1,1,0,3,1,A,KOVI,-99,57,0.83,N,-99,N,
2017,5,1,1,0,3,1,A,KOVI,-99,63,0.9,N,-99,N,
2017,5,1,1,0,3,1,B,AMCA2,-99,47,1.24,N,-99,N,
2017,5,1,1,0,3,1,C,KOVI,-99,36,0.64,N,-99,N,
2017,5,1,1,0,3,1,D,AMCA2,-99,43,2.44,N,-99,N,
2017,5,1,1,0,3,1,D,AMCA2,-99,145,1.35,N,-99,N,
2017,5,1,1,0,3,2,A,KOVI,-99,42,0.2,N,-99,N,
2017,5,1,1,0,3,2,A,KOVI,-99,40,0.85,N,-99,N,
2017,5,1,1,0,3,2,D,AMCA2,-99,61,1.64,N,-99,N,
2017,5,1,1,0,3,2,E,AMCA2,-99,91,3.3,N,-99,N,
2017,5,1,1,0,3,2,E,AMCA2,-99,63,1.7,N,-99,N,
2017,5,1,1,0,3,3,A,KOVI,-99,67,1.54,N,-99,N,
2017,5,1,1,0,3,3,B,KOVI,-99,46,0.66,N,-99,N,
2017,5,1,1,0,3,3,B,KOVI,-99,53,1.38,N,-99,N,
2017,5,1,1,0,3,3,D,AMCA2,-99,53,0.86,N,-99,N,
2017,5,1,1,0,3,3,D,AMCA2,-99,54,1.97,N,-99,N,
2017,5,1,1,0,3,4,A,KOVI,-99,109,4.05,F,-99,N,
2017,5,1,1,0,3,4,B,KOVI,-99,105,2.09,N,-99,N,
2017,5,1,1,0,3,4,B,KOVI,-99,81,1.82,N,-99,N,
2017,5,1,1,0,3,4,B,IVFR,-99,90,4.2,N,-99,N,
2017,5,1,1,0,3,4,B,KOVI,-99,85,1.88,N,-99,N,
2017,5,1,1,0,3,4,C,KOVI,-99,102,2.49,N,-99,N,
2017,5,1,1,0,3,4,C,KOVI,-99,83,3.26,N,-99,N,
2017,5,1,1,0,3,4,D,AMCA2,-99,72,1.65,N,-99,N,
2017,5,1,1,0,3,4,D,AMCA2,-99,78,1.48,N,-99,N,
2017,5,1,1,0,3,5,A,KOVI,-99,75,1.24,N,-99,N,
2017,5,1,1,0,3,5,C,KOVI,-99,63,1.4,N,-99,N,
2017,5,1,1,0,3,5,D,KOVI,-99,119,4.4,N,-99,N,
2017,5,1,1,0,3,5,E,AMCA2,-99,68,2.26,N,-99,N,
2017,5,1,1,0,3,6,A,KOVI,-99,173.5,7.33,F,-99,N,
2017,5,1,1,0,3,6,A,KOVI,-99,92,2.7,N,-99,N,
2017,5,1,1,0,3,6,D,KOVI,-99,125,4.49,F,-99,N,
2017,5,1,1,0,3,6,D,KOVI,-99,158,7.18,F,-99,N,
2017,5,1,1,0,3,6,E,AMCA2,-99,68,2.26,N,-99,N,
2017,5,1,1,0,3,7,A,AMCA2,-99,76,1.64,F,-99,N,
2017,5,1,1,0,3,7,A,KOVI,-99,116,4.43,F,-99,N,
2017,5,1,1,0,3,7,B,KOVI,-99,26,0.95,N,-99,N,
2017,5,1,1,0,3,7,B,AMCA2,-99,47,1.15,N,-99,N,
2017,5,1,1,0,3,7,B,KOVI,-99,125,4.99,F,-99,N,
2017,5,1,1,0,3,7,B,KOVI,-99,160,7.46,F,-99,N,
2017,5,1,1,0,3,8,A,KOVI,-99,162,8.74,F,-99,N,
2017,5,1,1,0,3,8,A,AMCA2,-99,52,2.5,N,-99,N,
2017,5,1,1,0,3,8,A,KOVI,-99,135,5.4,F,-99,N,
2017,5,1,1,0,3,8,B,AMCA2,-99,55,0.64,N,-99,N,
2017,5,1,1,0,3,8,D,AMCA2,-99,65,1.76,N,-99,N,
2017,5,1,1,0,3,9,A,KOVI,-99,121,3.4,F,-99,N,
2017,5,1,1,0,3,9,A,KOVI,-99,151,8,F,-99,N,
2017,5,1,1,0,3,9,B,KOVI,-99,154,7.6,F,-99,N,
2017,5,1,1,0,3,9,B,KOVI,-99,53,0.94,N,-99,N,
2017,5,1,1,0,3,9,C,KOVI,-99,51,1.11,N,-99,N,
2017,5,1,1,0,3,9,D,AMCA2,-99,42,0.2,N,-99,N,
2017,5,1,1,0,3,9,D,AMCA2,-99,62,1.02,N,-99,N,
2017,5,1,1,0,3,10,A,AMCA2,-99,86,2.97,N,-99,N,
2017,5,1,1,0,3,10,B,KOVI,-99,155,8.05,F,-99,N,
2017,5,1,1,0,3,10,B,KOVI,-99,106,6.07,F,-99,N,
2017,5,1,1,0,3,10,C,KOVI,-99,38,0.88,N,-99,N,
2017,5,1,1,0,3,10,D,AMCA2,-99,40,0.78,N,-99,N,
2017,5,0,1,0,3,3,NR,AMCA2,-99,56,3.55,N,-99,N,
2017,5,0,1,0,3,1,PR,AMCA2,-99,78,5.79,N,-99,C,
2017,5,0,1,0,3,1,PR,AMCA2,-99,126,9.6,N,-99,C,
2017,5,0,1,0,3,1,PR,AMCA2,-99,58,3.67,N,-99,C,
2017,5,0,1,0,3,1,PR,AMCA2,-99,72,4.28,N,-99,C,
2017,5,0,1,0,3,2,PR,AMCA2,-99,116,7.9,N,-99,C,
2017,5,0,1,0,3,2,PR,AMCA2,-99,95,4.58,N,-99,N,
2017,5,0,1,0,3,3,PR,AMCA2,-99,75,5.11,N,-99,C,
2017,5,0,1,0,3,3,PR,AMCA2,-99,37,1.19,N,-99,N,
2017,5,0,1,0,3,3,PR,AMCA2,-99,40,2.12,N,-99,C,
2017,6,1,0,1,2,1,E,AMCA2,-99,82,3.59,N,-99,N,
2017,6,1,0,1,2,2,A,KOVI,-99,94,3.64,F,-99,N,
2017,6,1,0,1,2,2,C,AMCA2,-99,143,6.89,F,-99,N,
2017,6,1,0,1,2,4,D,AMCA2,-99,81,3.27,N,-99,N,
2017,6,1,0,1,2,5,C,AMCA2,-99,97,3.3,N,-99,N,
2017,6,1,0,1,2,5,E,AMCA2,-99,92,4.54,F,-99,N,
2017,6,1,0,1,2,7,C,ATPA4,-99,90,2.18,N,-99,N,
2017,6,1,0,1,2,8,A,AMCA2,-99,145,2.63,F,-99,N,
2017,6,1,0,1,2,8,A,AMCA2,-99,95,7.41,N,-99,N,
2017,6,1,0,1,2,8,C,ATPA4,-99,93,1.41,N,-99,N,
2017,6,1,0,1,2,8,E,ATPA4,-99,93,0.86,N,-99,N,
2017,6,1,0,1,2,9,A,AMCA2,-99,102,4.63,N,-99,N,
2017,6,1,0,1,2,9,B,ATPA4,-99,77,1.36,N,-99,N,
2017,6,1,0,1,2,9,C,AMCA2,-99,152,1.35,N,-99,N,
2017,6,1,0,1,2,9,D,AMCA2,-99,125,8.5,N,-99,N,
2017,6,1,0,1,2,9,D,ATPA4,-99,115,1.44,N,-99,N,
2017,6,1,0,1,2,9,E,AMCA2,-99,50,6.84,N,-99,N,
2017,6,1,0,1,2,10,A,AMCA2,-99,83,2.82,N,-99,N,
2017,6,1,0,1,2,10,E,AMCA2,-99,120,3.6,N,-99,N,
2017,6,1,0,1,2,10,E,AMCA2,-99,104,3.45,N,-99,N,
2017,6,0,0,1,2,3,NR,AMCA2,-99,73,4.71,N,-99,N,
2017,6,0,0,1,2,3,PR,IVFR,-99,87,2.87,N,-99,N,
2017,7,1,1,1,4,1,C,IVFR,-99,58,0.84,N,-99,N,
2017,7,1,1,1,4,1,E,AMCA2,-99,40,0.42,N,-99,N,
2017,7,1,1,1,4,1,E,AMCA2,-99,35,0.25,N,-99,N,
2017,7,1,1,1,4,3,A,AMCA2,-99,85,4.86,N,-99,N,
2017,7,1,1,1,4,3,C,AMCA2,-99,192,8.82,N,-99,N,
2017,7,1,1,1,4,4,B,AMCA2,-99,51,1.12,N,-99,N,
2017,7,1,1,1,4,4,B,AMCA2,-99,57,0.93,N,-99,N,
2017,7,1,1,1,4,4,E,AMCA2,-99,80,3.46,N,-99,N,
2017,7,1,1,1,4,6,A,ATPA4,-99,45,1.01,N,-99,N,
2017,7,1,1,1,4,6,B,AMCA2,-99,51,1.81,N,-99,N,
2017,7,1,1,1,4,7,A,POHY,-99,105,3.78,N,-99,N,
2017,7,1,1,1,4,7,B,ATPA4,-99,95,1.22,N,-99,N,
2017,7,1,1,1,4,7,D,AMCA2,-99,50,0.56,N,-99,N,
2017,7,1,1,1,4,7,E,AMCA2,-99,68,2.01,N,-99,N,
2017,7,1,1,1,4,8,A,ATPA4,-99,126,1.8,N,-99,N,
2017,7,1,1,1,4,8,A,ATPA4,-99,30,0.72,N,-99,N,
2017,7,1,1,1,4,8,A,POHY,-99,70,2.32,N,-99,N,
2017,7,1,1,1,4,8,A,ATPA4,-99,171,3.4,N,-99,N,
2017,7,1,1,1,4,8,A,ATPA4,-99,64,1.46,N,-99,N,
2017,7,1,1,1,4,8,B,ATPA4,-99,132,2.4,N,-99,N,
2017,7,1,1,1,4,8,B,ATPA4,-99,125,2.2,N,-99,N,
2017,7,1,1,1,4,8,B,AMCA2,-99,135,4.3,N,-99,N,
2017,7,1,1,1,4,8,B,ATPA4,-99,105,1.83,N,-99,N,
2017,7,1,1,1,4,8,C,IVFR,-99,55,1.04,N,-99,N,
2017,7,1,1,1,4,8,E,AMCA2,-99,57,0.72,N,-99,N,
2017,7,1,1,1,4,9,A,IVFR,-99,122,4.56,N,-99,N,
2017,7,1,1,1,4,9,A,ATPA4,-99,32,0.65,N,-99,N,
2017,7,1,1,1,4,9,A,ATPA4,-99,33,2.6,N,-99,N,
2017,7,1,1,1,4,9,A,IVFR,-99,74,2.23,N,-99,N,
2017,7,1,1,1,4,9,B,AMCA2,-99,100,2.7,N,-99,N,
2017,7,1,1,1,4,9,B,ATPA4,-99,75,1.09,N,-99,N,
2017,7,1,1,1,4,9,B,ATPA4,-99,70,0.83,N,-99,N,
2017,7,1,1,1,4,9,C,ATPA4,-99,54,0.85,N,-99,N,
2017,7,1,1,1,4,9,C,AMCA2,-99,68,1.81,N,-99,N,
2017,7,1,1,1,4,9,C,AMCA2,-99,85,2.7,N,-99,N,
2017,7,1,1,1,4,9,C,AMCA2,-99,116,3.82,N,-99,N,
2017,7,1,1,1,4,9,D,KOVI,-99,85,3.12,N,-99,N,
2017,7,1,1,1,4,9,D,KOVI,-99,222,12.22,F,-99,N,
2017,7,1,1,1,4,10,B,ATPA4,-99,106,3.34,N,-99,N,
2017,7,1,1,1,4,10,B,AMCA2,-99,35,1.12,N,-99,N,
2017,7,1,1,1,4,10,C,AMCA2,-99,113,3.16,N,-99,N,
2017,7,1,1,1,4,10,D,KOVI,-99,210,8.17,F,-99,N,
2017,7,1,1,1,4,10,D,KOVI,-99,194,7.26,F,-99,N,
2017,7,1,1,1,4,10,D,KOVI,-99,184,8.79,F,-99,N,
2017,8,1,0,0,1,1,C,AMCA2,-99,52,1.2,N,-99,N,
2017,8,1,0,0,1,1,C,AMCA2,-99,85,3,N,-99,N,
2017,8,1,0,0,1,1,C,AMCA2,-99,71,2.2,N,-99,C,
2017,8,1,0,0,1,2,D,IVFR,-99,69,2.3,N,-99,N,
2017,8,1,0,0,1,2,D,IVFR,-99,75,3,N,-99,N,
2017,8,1,0,0,1,3,C,AMCA2,-99,72,2,N,-99,N,
2017,8,1,0,0,1,3,C,AMCA2,-99,75,2.2,F,-99,N,
2017,8,1,0,0,1,3,D,AMCA2,-99,91,4.6,N,-99,N,
2017,8,1,0,0,1,3,D,AMCA2,-99,113,7.5,F,-99,N,
2017,8,1,0,0,1,3,D,AMCA2,-99,89,4.9,N,-99,N,
2017,8,1,0,0,1,6,E,AMCA2,-99,81,3.4,N,-99,N,
2017,8,0,0,0,1,2,PR,AMCA2,-99,53,1.82,N,-99,N,
2017,8,0,0,0,1,3,PR,AMCA2,-99,87,4.68,N,-99,N,
2017,9,1,1,1,4,1,A,AMCA2,-99,49,1,N,-99,N,
2017,9,1,1,1,4,3,A,ATPA4,-99,50,1.4,N,-99,N,
2017,9,1,1,1,4,4,A,ATPA4,-99,48,1.3,N,-99,N,
2017,9,1,1,1,4,5,B,AMCA2,-99,54,1.4,N,-99,C,
2017,9,1,1,1,4,5,C,KOVI,-99,132,7,F,-99,N,
2017,9,1,1,1,4,6,C,KOVI,-99,161,6,F,-99,N,
2017,9,0,1,1,4,2,PR,AMCA2,-99,116,6.9,F,-99,N,
2017,9,0,1,1,4,2,PR,KOVI,-99,133,2.77,F,-99,N,
2017,9,0,1,1,4,3,PR,AMCA2,-99,91,3.43,N,-99,N,
2017,10,1,1,0,3,1,C,KOVI,-99,111,3.5,F,-99,N,
2017,10,1,1,0,3,1,C,KOVI,-99,131,5.3,F,-99,N,
2017,10,1,1,0,3,1,C,ATPA4,-99,51,0.9,N,-99,N,
2017,10,1,1,0,3,1,C,ATPA4,-99,65,0.8,N,-99,N,
2017,10,1,1,0,3,2,C,KOVI,-99,127,5.3,F,-99,N,
2017,10,1,1,0,3,4,B,SOSE,-99,63,1.7,N,-99,N,
2017,10,1,1,0,3,4,C,SOSE,-99,67,2,N,-99,N,
2017,10,1,1,0,3,5,B,ATPA4,-99,66,1.5,N,-99,N,
2017,10,1,1,0,3,6,B,ATPA4,-99,71,1.3,N,-99,N,
2017,10,1,1,0,3,7,B,SOSE,-99,59,1.5,N,-99,N,
2017,10,1,1,0,3,7,B,ATPA4,-99,58,1.1,N,-99,N,
2017,10,1,1,0,3,7,C,ATPA4,-99,58,1,N,-99,N,
2017,10,1,1,0,3,7,C,ATPA4,-99,65,1.2,N,-99,N,
2017,10,1,1,0,3,7,C,SOSE,-99,55,1.1,N,-99,N,
2017,10,1,1,0,3,7,D,ATPA4,-99,74,1.2,N,-99,N,
2017,10,1,1,0,3,8,A,SOSE,-99,61,2.9,N,-99,N,
2017,10,1,1,0,3,8,C,ATPA4,-99,76,1.4,N,-99,N,
2017,10,1,1,0,3,8,C,IVFR,-99,45,1.3,N,-99,N,
2017,10,1,1,0,3,8,C,SOSE,-99,61,1.5,N,-99,N,
2017,10,1,1,0,3,8,C,ATPA4,-99,48,0.8,N,-99,N,
2017,10,1,1,0,3,8,C,SOSE,-99,74,1.4,N,-99,N,
2017,10,1,1,0,3,8,C,SOSE,-99,65,1.7,N,-99,N,
2017,10,1,1,0,3,9,A,ATPA4,-99,62,2.7,N,-99,N,
2017,10,1,1,0,3,9,C,SOSE,-99,54,2,N,-99,N,
2017,10,1,1,0,3,9,C,AMCA2,-99,53,1.3,N,-99,N,
2017,10,1,1,0,3,9,D,KOVI,-99,51,1.5,N,-99,N,
2017,10,1,1,0,3,9,D,ATPA4,-99,52,1.4,N,-99,N,
2017,10,1,1,0,3,10,B,SOSE,-99,62,2.2,N,-99,N,
2017,10,1,1,0,3,10,B,SOSE,-99,63,1.5,N,-99,N,
2017,10,1,1,0,3,10,B,SOSE,-99,46,1.6,N,-99,N,
2017,10,1,1,0,3,10,B,SOSE,-99,46,1.2,N,-99,N,
2017,10,1,1,0,3,10,B,SOSE,-99,49,1,N,-99,N,
2017,10,1,1,0,3,10,B,SOSE,-99,52,1,N,-99,N,
2017,10,1,1,0,3,10,B,ATPA4,-99,42,0.6,N,-99,N,
2017,10,1,1,0,3,10,C,SOSE,-99,67,2.1,N,-99,N,
2017,10,1,1,0,3,10,C,ATPA4,-99,50,1,N,-99,N,
2017,10,1,1,0,3,10,C,ATPA4,-99,51,1.2,N,-99,N,
2017,10,1,1,0,3,10,C,ATPA4,-99,45,0.8,N,-99,N,
2017,10,1,1,0,3,10,C,SOSE,-99,45,1.1,N,-99,N,
2017,10,1,1,0,3,10,C,SOSE,-99,45,1,N,-99,N,
2017,10,1,1,0,3,10,D,SOSE,-99,54,1,N,-99,N,
2017,10,1,1,0,3,10,D,SOSE,-99,63,1.5,N,-99,N,
2017,10,1,1,0,3,10,D,ATPA4,-99,72,1.2,N,-99,N,
2017,10,0,1,0,3,1,PR,AMCA2,-99,123,8.81,F,-99,N,
2017,10,0,1,0,3,1,PR,AMCA2,-99,62,1.05,N,-99,N,
2017,10,0,1,0,3,1,PR,AMCA2,-99,44,1.45,N,-99,N,
2017,10,0,1,0,3,1,PR,AMCA2,-99,55,1.52,N,-99,N,
2017,10,0,1,0,3,2,PR,AMCA2,-99,76,4.06,N,-99,N,
2017,11,1,0,0,1,1,A,AMCA2,-99,53,1.74,N,-99,N,
2017,11,1,0,0,1,1,C,AMCA2,-99,68,1.36,N,-99,N,
2017,11,1,0,0,1,1,D,AMCA2,-99,95,2.01,N,-99,N,
2017,11,1,0,0,1,1,E,AMCA2,-99,53,1,N,-99,N,
2017,11,1,0,0,1,2,A,AMCA2,-99,67,2.57,N,-99,N,
2017,11,1,0,0,1,2,B,AMCA2,-99,100,3.22,N,-99,N,
2017,11,1,0,0,1,2,C,AMCA2,-99,40,0.69,N,-99,N,
2017,11,1,0,0,1,4,A,AMCA2,-99,49,1.35,N,-99,N,
2017,11,1,0,0,1,4,A,AMCA2,-99,52,1.57,N,-99,N,
2017,11,1,0,0,1,6,B,ATPA4,-99,58,1.2,N,-99,N,
2017,11,1,0,0,1,6,B,ATPA4,-99,60,0.37,N,-99,N,
2017,11,1,0,0,1,6,B,KOVI,-99,54,1.31,N,-99,N,
2017,11,1,0,0,1,6,B,KOVI,-99,95,1.56,N,-99,N,
2017,11,1,0,0,1,7,B,ATPA4,-99,45,0.64,N,-99,N,
2017,11,1,0,0,1,7,B,ATPA4,-99,47,1.22,N,-99,N,
2017,11,1,0,0,1,7,B,ATPA4,-99,33,0.54,N,-99,N,
2017,11,1,0,0,1,8,A,ATPA4,-99,53,0.96,N,-99,N,
2017,11,1,0,0,1,8,B,ATPA4,-99,41,0.54,N,-99,N,
2017,11,1,0,0,1,8,C,ATPA4,-99,52,0.87,N,-99,N,
2017,11,1,0,0,1,8,C,ATPA4,-99,50,0.53,N,-99,N,
2017,11,1,0,0,1,8,C,ATPA4,-99,51,0.87,N,-99,N,
2017,11,1,0,0,1,9,A,ATPA4,-99,81,1.7,N,-99,N,
2017,11,1,0,0,1,9,D,ATPA4,-99,45,1,N,-99,N,
2017,11,1,0,0,1,10,A,AMCA2,-99,47,1.5,N,-99,N,
2017,11,0,0,0,1,2,PR,KOVI,-99,130,5.1,F,-99,N,
2017,11,0,0,0,1,2,PR,KOVI,-99,88,2.93,N,-99,N,
2017,11,0,0,0,1,2,PR,KOVI,-99,105,4.8,F,-99,N,
2017,11,0,0,0,1,2,PR,KOVI,-99,141,5.99,N,-99,N,
2017,11,0,0,0,1,2,PR,KOVI,-99,134,6.13,N,-99,N,
2017,11,0,0,0,1,3,PR,KOVI,-99,85,2.78,N,-99,N,
2017,11,0,0,0,1,3,PR,KOVI,-99,128,4.12,F,-99,N,
2017,11,0,0,0,1,3,PR,KOVI,-99,118,3.55,F,-99,N,
2017,11,0,0,0,1,3,PR,KOVI,-99,118,3.95,F,-99,N,
2017,12,1,0,1,2,3,A,ATPA4,-99,114,1.21,N,-99,N,
2017,12,1,0,1,2,5,B,ATPA4,-99,89,1.35,N,-99,N,
2017,12,1,0,1,2,5,C,ATPA4,-99,112,1.68,N,-99,N,
2017,12,1,0,1,2,5,D,ATPA4,-99,105,2.23,N,-99,N,
2017,12,1,0,1,2,6,B,ATPA4,-99,89,1.35,N,-99,N,
2017,12,1,0,1,2,6,C,ATPA4,-99,81,0.47,N,-99,N,
2017,12,1,0,1,2,8,D,ATPA4,-99,71,0.89,N,-99,N,
2017,12,0,0,1,2,2,PR,IVFR,-99,87,4.23,N,-99,N,
2018,1,0,0,0,1,2,PR,AMCA2,1,109,13.5,N,-99,N,
2018,1,0,0,0,1,3,PR,AMCA2,1,51,1.8,N,-99,N,
2018,1,0,0,0,1,3,PR,AMCA2,2,43,1.6,N,-99,N,
2018,1,1,0,0,1,1,A,AMCA2,1,37,0,N,-99,N,
2018,1,1,0,0,1,1,C,AMCA2,1,37,0.9,N,-99,N,
2018,1,1,0,0,1,1,C,AMCA2,2,37,1,N,-99,N,
2018,1,1,0,0,1,1,D,AMCA2,1,73,4.4,N,-99,N,
2018,1,1,0,0,1,1,D,AMCA2,2,52,1.5,N,-99,N,
2018,1,1,0,0,1,2,B,SOSE,1,75,3.3,N,-99,N,
2018,1,1,0,0,1,2,B,SOSE,2,75,4.7,N,-99,N,
2018,1,1,0,0,1,2,B,SOSE,3,73,3.5,N,-99,N,
2018,1,1,0,0,1,2,B,SOSE,4,85,4,N,-99,N,
2018,1,1,0,0,1,2,B,SOSE,5,67,3.2,N,-99,N,
2018,1,1,0,0,1,2,B,SOSE,6,104,5.1,N,-99,N,
2018,1,1,0,0,1,2,C,AMCA2,1,34,0,N,-99,N,
2018,1,1,0,0,1,2,C,AMCA2,3,38,0,N,-99,N,
2018,1,1,0,0,1,2,C,SOSE,2,129,7.4,N,-99,N,
2018,1,1,0,0,1,3,B,SOSE,1,116,6,N,-99,N,
2018,1,1,0,0,1,5,B,SOSE,1,52,0,N,-99,N,
2018,1,1,0,0,1,5,C,IVFR,1,50,2,N,-99,N,
2018,1,1,0,0,1,6,B,IVFR,1,67,3,N,-99,N,
2018,1,1,0,0,1,6,D,SOSE,1,65,4.2,N,-99,N,
2018,1,1,0,0,1,6,E,SOSE,1,150,8,N,-99,N,
2018,1,1,0,0,1,7,D,SOSE,1,101,7.65,N,-99,N,
2018,1,1,0,0,1,7,D,SOSE,2,102,5.88,N,-99,N,
2018,1,1,0,0,1,7,D,SOSE,3,84,8.42,N,-99,N,
2018,1,1,0,0,1,7,D,SOSE,4,76,4.78,N,-99,N,
2018,1,1,0,0,1,7,D,SOSE,5,64,7.44,N,-99,N,
2018,1,1,0,0,1,7,D,SOSE,6,122,6.2,N,-99,N,
2018,1,1,0,0,1,7,D,SOSE,7,98,4.5,N,-99,N,
2018,1,1,0,0,1,7,E,SOSE,1,92,3.9,N,-99,N,
2018,1,1,0,0,1,8,A,AMCA2,1,37,0.1,N,-99,N,
2018,1,1,0,0,1,8,A,AMCA2,2,28,0,N,-99,N,
2018,1,1,0,0,1,8,D,IVFR,1,70,0.93,N,-99,N,
2018,1,1,0,0,1,9,C,IVFR,1,50,0.03,N,-99,N,
2018,1,1,0,0,1,10,C,SOSE,1,60,0.26,N,-99,N,
2018,2,0,1,0,3,1,PR,SPCY,2,163,5.1,N,-99,N,
2018,2,0,1,0,3,1,PR,SPCY,3,127,3.6,N,-99,N,
2018,2,0,1,0,3,1,PR,SPCY,4,101,4.1,N,-99,N,
2018,2,0,1,0,3,2,PR,SPCY,1,165,6.6,N,-99,N,
2018,2,0,1,0,3,2,PR,SPCY,2,166,4.6,N,-99,N,
2018,2,0,1,0,3,2,PR,SPCY,3,85,4,N,-99,C,
2018,2,0,1,0,3,3,NR,AMCA2,1,35,0.5,N,-99,N,
2018,2,0,1,0,3,3,PR,AMCA2,1,62,3.2,N,-99,N,
2018,2,0,1,0,3,3,PR,AMCA2,2,125,6.5,N,-99,N,
2018,2,0,1,0,3,3,PR,SPCY,3,179,5.8,N,-99,N,
2018,2,0,1,0,3,3,PR,SPCY,4,96,3.5,N,-99,C,
2018,2,1,1,0,3,1,B,SPCY,1,230,6.6,N,-99,N,
2018,2,1,1,0,3,1,D,SPCY,1,230,6.2,N,-99,N,
2018,2,1,1,0,3,1,D,SPCY,2,263,7.2,N,-99,N,
2018,2,1,1,0,3,3,A,AMCA2,1,71,2,N,-99,N,
2018,2,1,1,0,3,3,C,KOVI,1,116,5.8,N,-99,N,
2018,2,1,1,0,3,3,C,KOVI,2,136,6.5,N,-99,N,
2018,2,1,1,0,3,3,C,KOVI,3,128,3.2,N,-99,N,
2018,2,1,1,0,3,3,C,KOVI,4,51,2.2,N,-99,N,
2018,2,1,1,0,3,3,C,KOVI,5,122,5,N,-99,N,
2018,2,1,1,0,3,3,C,KOVI,6,112,3.8,N,-99,N,
2018,2,1,1,0,3,3,D,KOVI,3,84,0,N,-99,N,
2018,2,1,1,0,3,3,D,KOVI,4,86,0,N,-99,N,
2018,2,1,1,0,3,3,D,SPCY,2,200,0,N,-99,N,
2018,2,1,1,0,3,4,B,SPCY,2,171,3.8,N,-99,N,
2018,2,1,1,0,3,4,C,SPCY,2,234,5.5,N,-99,N,
2018,2,1,1,0,3,5,B,IVFR,1,113,4.4,N,-99,N,
2018,2,1,1,0,3,5,B,IVFR,2,73,2.5,N,-99,N,
2018,2,1,1,0,3,5,B,KOVI,3,101,4.4,N,-99,N,
2018,2,1,1,0,3,5,B,KOVI,4,63,2.1,N,-99,N,
2018,2,1,1,0,3,5,B,KOVI,5,113,5.4,N,-99,N,
2018,2,1,1,0,3,5,B,KOVI,6,97,3.5,N,-99,N,
2018,2,1,1,0,3,5,E,SPCY,2,215,8.4,N,-99,N,
2018,2,1,1,0,3,5,E,SPCY,3,222,7.5,N,-99,N,
2018,2,1,1,0,3,6,B,SOSE,1,102,3.7,N,-99,N,
2018,2,1,1,0,3,6,B,SOSE,2,83,2.2,N,-99,N,
2018,2,1,1,0,3,6,B,SOSE,3,90,2.7,N,-99,N,
2018,2,1,1,0,3,6,E,SPCY,1,203,6.3,N,-99,N,
2018,2,1,1,0,3,8,B,AMCA2,2,51,1.9,N,-99,N,
2018,2,1,1,0,3,8,B,SOSE,1,103,4.1,N,-99,N,
2018,2,1,1,0,3,9,A,SOSE,1,120,6,N,-99,N,
2018,2,1,1,0,3,9,A,SOSE,2,122,7,N,-99,N,
2018,2,1,1,0,3,9,B,SOSE,1,128,6.4,N,-99,N,
2018,2,1,1,0,3,9,B,SOSE,2,98,4.1,N,-99,N,
2018,2,1,1,0,3,9,C,SOSE,1,125,4.7,N,-99,N,
2018,2,1,1,0,3,9,D,SOSE,1,113,4.8,N,-99,N,
2018,2,1,1,0,3,9,D,SOSE,2,87,2.7,N,-99,N,
2018,2,1,1,0,3,9,D,SOSE,3,86,3.4,N,-99,N,
2018,2,1,1,0,3,10,C,SOSE,1,85,5.5,N,-99,N,
2018,2,1,1,0,3,10,D,SOSE,1,110,4.6,N,-99,N,
2018,2,1,1,0,3,10,D,SOSE,2,141,5.3,N,-99,N,
2018,2,1,1,0,3,10,D,SOSE,3,102,4.4,N,-99,N,
2018,2,1,1,0,3,10,E,ATPA4,1,58,1.7,N,-99,N,
2018,3,1,0,1,2,2,A,AMCA2,1,70,2.7,N,-99,N,
2018,3,1,0,1,2,2,B,SOSE,1,89,4.1,N,-99,N,
2018,3,1,0,1,2,2,B,SOSE,2,76,0,N,-99,C,
2018,3,1,0,1,2,3,A,AMCA2,1,68,2.3,N,-99,N,
2018,3,1,0,1,2,3,A,AMCA2,2,55,2.4,N,-99,N,
2018,3,1,0,1,2,3,A,AMCA2,3,54,1.6,N,-99,N,
2018,3,1,0,1,2,3,B,AMCA2,1,82,4.1,N,-99,C,
2018,3,1,0,1,2,3,B,AMCA2,2,62,1.6,N,-99,N,
2018,3,1,0,1,2,4,E,SOSE,1,80,4.4,N,-99,N,
2018,3,1,0,1,2,4,E,SOSE,2,56,2.3,N,-99,N,
2018,3,1,0,1,2,4,E,SOSE,3,70,2,N,-99,N,
2018,3,1,0,1,2,4,E,SOSE,4,70,2.3,N,-99,N,
2018,3,1,0,1,2,4,E,SOSE,5,69,2.7,N,-99,N,
2018,3,1,0,1,2,4,E,SOSE,6,82,2.5,N,-99,N,
2018,3,1,0,1,2,5,A,AMCA2,1,96,3.8,N,-99,N,
2018,3,1,0,1,2,5,A,SOSE,2,85,4.6,N,-99,N,
2018,3,1,0,1,2,5,E,SOSE,1,70,3.4,N,-99,C,
2018,3,1,0,1,2,5,E,SOSE,2,82,5,N,-99,N,
2018,3,1,0,1,2,7,B,AMCA2,1,65,1.2,N,-99,N,
2018,3,1,0,1,2,8,A,AMCA2,1,68,2.6,N,-99,N,
2018,3,1,0,1,2,8,B,AMCA2,1,87,4.8,N,-99,N,
2018,3,1,0,1,2,9,A,AMCA2,1,54,0.8,N,-99,N,
2018,3,1,0,1,2,9,B,SOSE,1,68,3.5,N,-99,N,
2018,3,1,0,1,2,10,B,SOSE,1,64,2.5,N,-99,N,
2018,3,1,0,1,2,10,B,SOSE,2,60,2.7,N,-99,C,
2018,3,1,0,1,2,10,B,SOSE,3,57,2.4,N,-99,N,
2018,3,1,0,1,2,10,C,SOSE,1,87,4.4,N,-99,N,
2018,3,1,0,1,2,10,C,SOSE,2,73,4.9,N,-99,N,
2018,3,1,0,1,2,10,C,SOSE,3,46,2.4,N,-99,N,
2018,3,1,0,1,2,10,D,AMCA2,1,65,1.5,N,-99,N,
2018,5,0,1,0,3,1,PR,AMCA2,1,93,4.4,F,-99,N,
2018,5,0,1,0,3,1,PR,AMCA2,2,80,2.4,F,-99,N,
2018,5,0,1,0,3,1,PR,AMCA2,3,68,1.6,N,-99,N,
2018,5,0,1,0,3,1,PR,AMCA2,4,78,2.6,N,-99,N,
2018,5,0,1,0,3,1,PR,AMCA2,5,115,5.2,F,-99,N,
2018,5,0,1,0,3,2,NR,AMCA2,1,66,2.4,N,-99,C,
2018,5,0,1,0,3,2,NR,AMCA2,2,86,2.4,N,-99,N,
2018,5,0,1,0,3,2,NR,AMCA2,3,66,1.5,N,-99,N,
2018,5,0,1,0,3,2,PR,AMCA2,2,52,1.5,N,-99,N,
2018,5,0,1,0,3,2,PR,AMCA2,3,107,4.2,F,-99,N,
2018,5,0,1,0,3,2,PR,AMCA2,4,113,6.9,F,-99,N,
2018,5,0,1,0,3,2,PR,AMCA2,5,110,4.5,F,-99,N,
2018,5,0,1,0,3,2,PR,AMCA2,6,112,5.3,F,-99,N,
2018,5,0,1,0,3,2,PR,AMCA2,7,84,3.1,F,-99,N,
2018,5,0,1,0,3,2,PR,AMCA2,8,49,2.3,N,-99,C,
2018,5,0,1,0,3,2,PR,AMCA2,9,86,3.3,F,-99,N,
2018,5,0,1,0,3,2,PR,AMCA2,10,72,2.7,N,-99,C,
2018,5,0,1,0,3,2,PR,AMCA2,11,60,2.2,N,-99,N,
2018,5,0,1,0,3,2,PR,KOVI,1,42,1.2,N,-99,N,
2018,5,0,1,0,3,3,PR,AMCA2,1,104,3.6,F,-99,N,
2018,5,0,1,0,3,3,PR,AMCA2,2,110,4.9,F,-99,N,
2018,5,0,1,0,3,3,PR,AMCA2,3,80,2.6,F,-99,N,
2018,5,0,1,0,3,3,PR,Pick One,4,83,2.6,N,-99,N,
2018,5,1,1,0,3,1,A,AMCA2,1,69,1.9,N,-99,N,
2018,5,1,1,0,3,1,A,AMCA2,2,64,1.4,N,-99,N,
2018,5,1,1,0,3,1,A,AMCA2,3,75,1.8,N,-99,N,
2018,5,1,1,0,3,1,B,AMCA2,1,56,1.1,N,-99,N,
2018,5,1,1,0,3,1,B,AMCA2,2,80,2.5,N,-99,N,
2018,5,1,1,0,3,1,C,AMCA2,1,80,2.1,N,-99,N,
2018,5,1,1,0,3,1,C,AMCA2,2,85,2.2,N,-99,N,
2018,5,1,1,0,3,1,C,AMCA2,3,69,2.1,N,-99,N,
2018,5,1,1,0,3,1,D,AMCA2,1,55,1.2,N,-99,N,
2018,5,1,1,0,3,2,A,AMCA2,1,82,2.7,N,-99,N,
2018,5,1,1,0,3,2,C,AMCA2,1,62,1.4,N,-99,N,
2018,5,1,1,0,3,2,D,AMCA2,1,66,1.2,N,-99,N,
2018,5,1,1,0,3,3,C,KOVI,1,106,2.8,N,-99,N,
2018,5,1,1,0,3,3,D,AMCA2,1,57,1.2,N,-99,N,
2018,5,1,1,0,3,3,D,AMCA2,2,74,2.7,N,-99,N,
2018,5,1,1,0,3,4,B,AMCA2,1,77,2.1,N,-99,N,
2018,5,1,1,0,3,4,D,AMCA2,1,85,2.4,N,-99,N,
2018,5,1,1,0,3,5,A,AMCA2,1,54,0.6,N,-99,N,
2018,5,1,1,0,3,5,B,POHY,1,75,1,N,-99,N,
2018,5,1,1,0,3,5,C,KOVI,1,76,1.9,N,-99,N,
2018,5,1,1,0,3,6,A,KOVI,1,160,6.2,N,-99,N,
2018,5,1,1,0,3,6,A,KOVI,2,150,5.4,N,-99,N,
2018,5,1,1,0,3,6,B,AMCA2,1,75,1.7,N,-99,N,
2018,5,1,1,0,3,6,B,AMCA2,2,97,2.5,N,-99,N,
2018,5,1,1,0,3,6,B,AMCA2,3,75,1.5,N,-99,N,
2018,5,1,1,0,3,6,B,AMCA2,4,60,1,N,-99,N,
2018,5,1,1,0,3,6,D,KOVI,1,150,5,N,-99,N,
2018,5,1,1,0,3,6,D,KOVI,2,210,9.3,N,-99,N,
2018,5,1,1,0,3,7,D,AMCA2,1,75,3.8,N,-99,N,
2018,5,1,1,0,3,8,A,AMCA2,1,80,3.8,N,-99,N,
2018,5,1,1,0,3,8,D,AMCA2,1,71,1.5,N,-99,N,
2018,5,1,1,0,3,8,D,AMCA2,2,50,1.4,N,-99,N,
2018,5,1,1,0,3,8,D,AMCA2,3,41,0.7,N,-99,N,
2018,5,1,1,0,3,8,D,AMCA2,4,44,0.8,N,-99,N,
2018,5,1,1,0,3,10,D,AMCA2,1,103,3.6,F,-99,N,
2018,6,0,0,1,2,1,NR,AMCA2,1,80,5.3,N,-99,N,
2018,6,0,0,1,2,1,PR,AMCA2,1,102,5,N,-99,N,
2018,6,0,0,1,2,2,NR,AMCA2,1,106,6.1,N,-99,N,
2018,6,0,0,1,2,2,NR,AMCA2,2,115,7.6,N,-99,N,
2018,6,0,0,1,2,2,NR,AMCA2,3,90,3.4,N,-99,N,
2018,6,0,0,1,2,2,NR,AMCA2,4,58,2.4,N,-99,N,
2018,6,0,0,1,2,2,NR,AMCA2,5,61,3.4,N,-99,N,
2018,6,1,0,1,2,1,A,KOVI,1,108,6.3,N,-99,N,
2018,6,1,0,1,2,1,C,AMCA2,1,69,2.6,N,-99,N,
2018,6,1,0,1,2,1,D,AMCA2,1,63,1.9,F,-99,N,
2018,6,1,0,1,2,1,D,AMCA2,2,78,3.3,N,-99,N,
2018,6,1,0,1,2,2,A,KOVI,1,126,4.3,N,-99,N,
2018,6,1,0,1,2,4,D,AMCA2,1,105,4.7,F,-99,N,
2018,6,1,0,1,2,4,D,AMCA2,2,56,1.6,N,-99,N,
2018,6,1,0,1,2,5,A,ATPA4,1,90,2.5,N,-99,N,
2018,6,1,0,1,2,5,C,AMCA2,1,100,3.8,N,-99,N,
2018,6,1,0,1,2,6,C,AMCA2,1,105,3.4,F,-99,N,
2018,6,1,0,1,2,6,D,AMCA2,1,91,2.8,F,-99,N,
2018,6,1,0,1,2,6,D,AMCA2,2,102,3.6,F,-99,N,
2018,6,1,0,1,2,6,E,AMCA2,1,75,3.4,N,-99,N,
2018,6,1,0,1,2,6,E,AMCA2,2,50,2,N,-99,N,
2018,6,1,0,1,2,7,A,ATPA4,1,76,1.3,N,-99,C,
2018,6,1,0,1,2,7,B,ATPA4,1,104,1.8,N,-99,N,
2018,6,1,0,1,2,7,B,ATPA4,2,132,2.2,N,-99,N,
2018,6,1,0,1,2,8,A,AMCA2,1,100,5.6,N,-99,N,
2018,6,1,0,1,2,8,A,ATPA4,2,126,2.3,N,-99,N,
2018,6,1,0,1,2,8,A,ATPA4,3,100,1.8,N,-99,N,
2018,6,1,0,1,2,8,A,ATPA4,4,125,2,N,-99,N,
2018,6,1,0,1,2,8,B,ATPA4,1,110,1.5,N,-99,N,
2018,6,1,0,1,2,8,B,ATPA4,2,141,2.4,N,-99,N,
2018,6,1,0,1,2,8,B,ATPA4,3,48,0.7,N,-99,N,
2018,6,1,0,1,2,8,C,ATPA4,1,108,2.4,N,-99,C,
2018,6,1,0,1,2,9,A,AMCA2,1,50,2.4,N,-99,C,
2018,6,1,0,1,2,9,A,AMCA2,2,64,4.8,N,-99,C,
2018,6,1,0,1,2,9,A,AMCA2,3,65,2,N,-99,N,
2018,6,1,0,1,2,9,A,AMCA2,4,65,2.1,N,-99,N,
2018,6,1,0,1,2,9,B,ATPA4,1,132,1.9,N,-99,N,
2018,6,1,0,1,2,9,C,AMCA2,3,91,3.3,F,-99,N,
2018,6,1,0,1,2,9,C,ATPA4,1,102,1.5,N,-99,N,
2018,6,1,0,1,2,9,C,ATPA4,2,85,1.6,N,-99,N,
2018,6,1,0,1,2,9,D,AMCA2,2,87,2.5,N,-99,N,
2018,6,1,0,1,2,9,D,AMCA2,3,86,2.6,F,-99,N,
2018,6,1,0,1,2,9,D,ATPA4,1,82,1.7,N,-99,N,
2018,6,1,0,1,2,9,E,AMCA2,1,68,1.8,N,-99,N,
2018,6,1,0,1,2,9,E,AMCA2,2,77,1.6,N,-99,N,
2018,6,1,0,1,2,9,E,AMCA2,3,116,4.8,N,-99,N,
2018,6,1,0,1,2,10,A,AMCA2,1,66,2.2,F,-99,N,
2018,6,1,0,1,2,10,A,AMCA2,2,67,2.7,N,-99,N,
2018,6,1,0,1,2,10,A,AMCA2,3,87,4.6,N,-99,N,
2018,6,1,0,1,2,10,A,ATPA4,4,121,2.4,N,-99,N,
2018,6,1,0,1,2,10,C,AMCA2,2,73,2.1,N,-99,N,
2018,6,1,0,1,2,10,C,ATPA4,1,142,2.3,N,-99,N,
2018,6,1,0,1,2,10,D,AMCA2,2,90,3.5,F,-99,N,
2018,6,1,0,1,2,10,D,ATPA4,1,127,2,N,-99,N,
2018,6,1,0,1,2,10,D,IVFR,3,89,3.3,N,-99,N,
2018,6,1,0,1,2,10,E,AMCA2,3,90,2.8,F,-99,N,
2018,6,1,0,1,2,10,E,AMCA2,4,106,3.4,F,-99,N,
2018,6,1,0,1,2,10,E,ATPA4,1,120,2.6,N,-99,N,
2018,6,1,0,1,2,10,E,ATPA4,2,120,2.1,N,-99,N,
2018,6,1,0,1,2,10,E,IVFR,5,86,3.8,N,-99,N,
2018,6,1,0,1,2,10,E,IVFR,6,98,3.4,N,-99,C,
2018,6,1,0,1,2,10,E,IVFR,7,141,5.2,N,-99,N,
2018,7,0,1,1,4,1,PR,AMCA2,1,56,2.1,F,-99,N,
2018,7,0,1,1,4,1,PR,AMCA2,2,56,1.4,F,-99,N,
2018,7,0,1,1,4,1,PR,AMCA2,3,54,1.1,N,-99,N,
2018,7,0,1,1,4,2,PR,AMCA2,1,85,3.4,N,-99,N,
2018,7,0,1,1,4,2,PR,AMCA2,2,83,3.9,N,-99,N,
2018,7,0,1,1,4,2,PR,AMCA2,3,71,2.6,F,-99,N,
2018,7,0,1,1,4,3,PR,AMCA2,1,45,1.3,N,-99,N,
2018,7,1,1,1,4,3,E,AMCA2,1,154,9.2,F,-99,N,
2018,7,1,1,1,4,5,A,AMCA2,1,126,3.1,N,-99,N,
2018,7,1,1,1,4,6,A,AMCA2,1,65,2.6,N,-99,C,
2018,7,1,1,1,4,6,C,AMCA2,1,93,3.3,N,-99,N,
2018,7,1,1,1,4,7,A,AMCA2,1,105,5.3,N,-99,C,
2018,7,1,1,1,4,7,A,AMCA2,2,96,2.1,N,-99,N,
2018,7,1,1,1,4,7,A,POHY,3,120,2.6,F,-99,N,
2018,7,1,1,1,4,7,A,POHY,4,136,3.4,F,-99,N,
2018,7,1,1,1,4,7,B,POHY,1,63,1.4,N,-99,N,
2018,7,1,1,1,4,7,B,POHY,2,86,1.4,F,-99,N,
2018,7,1,1,1,4,8,A,AMCA2,5,105,2.7,F,-99,N,
2018,7,1,1,1,4,8,A,POHY,1,59,1.1,N,-99,N,
2018,7,1,1,1,4,8,A,POHY,2,59,1.1,N,-99,N,
2018,7,1,1,1,4,8,A,POHY,3,54,1.9,N,-99,N,
2018,7,1,1,1,4,8,A,POHY,4,88,1.7,F,-99,N,
2018,7,1,1,1,4,8,B,POHY,1,103,2.2,F,-99,N,
2018,7,1,1,1,4,8,E,AMCA2,1,75,2,N,-99,N,
2018,7,1,1,1,4,9,A,AMCA2,1,99,4.7,N,-99,N,
2018,7,1,1,1,4,10,A,AMCA2,1,103,4.4,N,-99,N,
2018,7,1,1,1,4,10,B,AMCA2,1,100,5.4,N,-99,N,
2018,7,1,1,1,4,10,C,AMCA2,1,45,2,N,-99,C,
2018,8,0,0,0,1,3,PR,SOSE,1,73,2.3,N,-99,N,
2018,8,1,0,0,1,10,D,AMCA2,1,73,2.7,N,-99,C,
2018,9,0,1,1,4,1,PR,AMCA2,1,65,2,N,-99,N,
2018,9,0,1,1,4,1,PR,AMCA2,2,83,3.9,N,-99,N,
2018,9,0,1,1,4,3,PR,AMCA2,3,95,2.4,N,-99,N,
2018,9,0,1,1,4,3,PR,AMCA2,4,96,3,N,-99,N,
2018,9,0,1,1,4,3,PR,AMCA2,5,75,2.1,N,-99,N,
2018,9,0,1,1,4,3,PR,AMCA2,6,70,1.7,N,-99,N,
2018,9,0,1,1,4,3,PR,AMCA2,7,81,2.7,N,-99,N,
2018,9,0,1,1,4,3,PR,AMCA2,8,87,3.1,N,-99,N,
2018,9,0,1,1,4,3,PR,AMCA2,9,88,2.4,N,-99,N,
2018,9,0,1,1,4,3,PR,AMCA2,10,90,2.4,N,-99,N,
2018,9,0,1,1,4,3,PR,KOVI,1,134,6.7,N,-99,N,
2018,9,0,1,1,4,3,PR,KOVI,2,110,4.5,N,-99,N,
2018,9,1,1,1,4,1,C,AMCA2,1,106,4.5,N,-99,N,
2018,9,1,1,1,4,1,E,AMCA2,1,138,7.8,N,-99,N,
2018,9,1,1,1,4,6,A,AMCA2,1,83,3.8,N,-99,N,
2018,9,1,1,1,4,6,B,AMCA2,1,60,2.9,N,-99,N,
2018,9,1,1,1,4,6,B,AMCA2,2,95,3.3,N,-99,N,
2018,9,1,1,1,4,6,B,AMCA2,3,80,3.1,N,-99,N,
2018,9,1,1,1,4,7,A,AMCA2,1,76,2.7,N,-99,N,
2018,9,1,1,1,4,8,A,AMCA2,1,126,7.1,N,-99,N,
2018,10,0,1,0,3,1,PR,AMCA2,2,63,2.3,N,-99,N,
2018,10,0,1,0,3,1,PR,AMCA2,3,55,1.5,N,-99,N,
2018,10,0,1,0,3,1,PR,AMCA2,4,58,1.5,N,-99,N,
2018,10,0,1,0,3,1,PR,AMCA2,5,57,1.4,N,-99,N,
2018,10,0,1,0,3,1,PR,IVFR,1,73,2.8,N,-99,N,
2018,10,0,1,0,3,2,PR,AMCA2,1,80,2.8,N,-99,N,
2018,10,0,1,0,3,2,PR,AMCA2,2,81,2.2,N,-99,N,
2018,10,0,1,0,3,2,PR,AMCA2,3,111,5.6,N,-99,N,
2018,10,0,1,0,3,2,PR,AMCA2,4,91,3.4,N,-99,N,
2018,10,0,1,0,3,3,PR,AMCA2,2,89,4.6,F,-99,N,
2018,10,0,1,0,3,3,PR,AMCA2,3,55,2.2,N,-99,N,
2018,10,0,1,0,3,3,PR,AMCA2,4,114,5.5,F,-99,N,
2018,10,0,1,0,3,3,PR,AMCA2,5,93,4.8,F,-99,N,
2018,10,0,1,0,3,3,PR,AMCA2,6,95,5.1,F,-99,N,
2018,10,0,1,0,3,3,PR,POHY,1,55,2.4,N,-99,N,
2018,10,1,1,0,3,1,C,ATPA4,1,118,2.9,N,-99,N,
2018,10,1,1,0,3,1,D,IVFR,1,75,3.7,N,-99,N,
2018,10,1,1,0,3,7,C,IVFR,1,92,2.9,N,-99,N,
2018,10,1,1,0,3,8,C,IVFR,1,97,3.6,N,-99,N,
2018,10,1,1,0,3,8,C,IVFR,2,63,2,N,-99,N,
2018,10,1,1,0,3,10,C,KOVI,5,53,2,N,-99,N,
2018,10,1,1,0,3,10,C,SOSE,1,75,2.9,N,-99,N,
2018,10,1,1,0,3,10,C,SOSE,2,47,1.4,N,-99,N,
2018,10,1,1,0,3,10,C,SOSE,3,43,1.2,N,-99,N,
2018,10,1,1,0,3,10,C,SOSE,4,50,1.6,N,-99,N,
2018,10,1,1,0,3,10,D,KOVI,2,52,2.2,N,-99,N,
2018,10,1,1,0,3,10,D,SOSE,1,74,2.1,N,-99,N,
2018,11,0,0,0,1,1,PR,AMCA2,1,83,1.9,N,-99,N,
2018,11,0,0,0,1,2,PR,KOVI,1,105,4.4,N,-99,N,
2018,11,0,0,0,1,3,PR,KOVI,1,97,3.7,N,-99,N,
2018,11,0,0,0,1,3,PR,KOVI,2,93,3.5,N,-99,N,
2018,11,0,0,0,1,3,PR,KOVI,3,110,4.8,N,-99,N,
2018,11,0,0,0,1,3,PR,KOVI,4,107,4.3,N,-99,N,
2018,11,0,0,0,1,3,PR,KOVI,5,107,4.6,N,-99,N,
2018,11,0,0,0,1,3,PR,KOVI,6,102,3.1,N,-99,N,
2018,11,1,0,0,1,1,B,AMCA2,1,71,2.3,F,-99,N,
2018,11,1,0,0,1,3,A,AMCA2,1,88,3.6,F,-99,N,
2018,11,1,0,0,1,4,A,AMCA2,1,74,2.9,N,-99,N,
2018,11,1,0,0,1,10,B,IVFR,1,50,1.7,N,-99,N,
2018,12,1,0,1,2,3,A,ATPA4,1,70,1.4,N,-99,N,
2018,12,1,0,1,2,6,B,ATPA4,1,50,0.8,N,-99,N,
2019,1,1,0,0,1,1,A,AMCA2,1,83,5.9,-99,-99,N,
2019,1,1,0,0,1,1,A,AMCA2,2,64,3.3,-99,-99,N,
2019,1,1,0,0,1,1,A,AMCA2,3,46,1.6,-99,-99,N,
2019,1,1,0,0,1,1,A,AMCA2,4,35,0,-99,-99,N,
2019,1,1,0,0,1,1,A,AMCA2,5,42,0.6,-99,-99,N,
2019,1,1,0,0,1,1,B,AMCA2,1,60,2.6,-99,-99,N,
2019,1,1,0,0,1,1,B,AMCA2,2,74,4.1,-99,-99,F,
2019,1,1,0,0,1,1,B,AMCA2,3,64,3,-99,-99,N,
2019,1,1,0,0,1,1,B,POHY,4,51,2,-99,-99,N,
2019,1,1,0,0,1,1,B,AMCA2,5,32,0,-99,-99,N,
2019,1,1,0,0,1,1,C,AMCA2,1,65,6.8,-99,-99,N,
2019,1,1,0,0,1,1,C,AMCA2,2,75,4.4,-99,-99,N,
2019,1,1,0,0,1,1,D,AMCA2,1,80,4,-99,-99,N,
2019,1,1,0,0,1,1,D,AMCA2,2,60,2,-99,-99,N,
2019,1,1,0,0,1,1,D,AMCA2,3,65,1.5,-99,-99,N,
2019,1,1,0,0,1,1,D,AMCA2,4,50,4.1,-99,-99,N,
2019,1,1,0,0,1,1,D,AMCA2,5,90,1.6,-99,-99,N,
2019,1,1,0,0,1,1,E,AMCA2,1,75,5.1,-99,-99,N,
2019,1,1,0,0,1,1,E,AMCA2,2,125,10.1,-99,-99,N,
2019,1,1,0,0,1,2,A,AMCA2,1,45,1.5,-99,-99,N,
2019,1,1,0,0,1,2,B,SOSE,1,117,4.9,-99,-99,N,
2019,1,1,0,0,1,2,B,SOSE,2,108,5.4,-99,-99,N,
2019,1,1,0,0,1,2,B,SOSE,3,94,3.6,-99,-99,N,
2019,1,1,0,0,1,2,B,SOSE,4,50,0,-99,-99,N,
2019,1,1,0,0,1,2,C,AMCA2,1,60,3,-99,-99,N,
2019,1,1,0,0,1,3,A,AMCA2,1,52,2.2,-99,-99,N,
2019,1,1,0,0,1,3,A,AMCA2,2,23,0,-99,-99,N,
2019,1,1,0,0,1,3,A,AMCA2,3,31,0,-99,-99,N,
2019,1,1,0,0,1,3,B,SOSE,1,77,3.9,-99,-99,N,
2019,1,1,0,0,1,3,B,SOSE,2,42,3,-99,-99,N,
2019,1,1,0,0,1,4,C,IVFR,1,65,2.5,-99,-99,N,
2019,1,1,0,0,1,5,A,AMCA2,1,70,3.6,-99,-99,N,
2019,1,1,0,0,1,5,A,AMCA2,2,65,4.3,-99,-99,N,
2019,1,1,0,0,1,6,A,POHY,1,32,0,-99,-99,N,
2019,1,1,0,0,1,6,A,POHY,2,10,0,-99,-99,N,
2019,1,1,0,0,1,6,A,POHY,3,10,0,-99,-99,N,
2019,1,1,0,0,1,6,A,POHY,4,14,0,-99,-99,N,
2019,1,1,0,0,1,6,B,IVFR,1,87,3.7,-99,-99,N,
2019,1,1,0,0,1,6,C,SOSE,1,116,5,-99,-99,N,
2019,1,1,0,0,1,6,C,IVFR,2,53,2.1,-99,-99,N,
2019,1,1,0,0,1,6,E,SOSE,1,160,6.6,-99,-99,N,
2019,1,1,0,0,1,6,E,SOSE,2,100,4,-99,-99,N,
2019,1,1,0,0,1,6,E,SOSE,3,80,2,-99,-99,N,
2019,1,1,0,0,1,6,E,SOSE,4,130,2.9,-99,-99,N,
2019,1,1,0,0,1,6,E,SOSE,5,85,3.1,-99,-99,N,
2019,1,1,0,0,1,6,E,SOSE,6,80,1.2,-99,-99,N,
2019,1,1,0,0,1,7,A,POHY,1,6,0,-99,-99,N,
2019,1,1,0,0,1,7,A,POHY,2,6,0,-99,-99,N,
2019,1,1,0,0,1,7,C,AMCA2,1,44,1,-99,-99,N,
2019,1,1,0,0,1,7,D,SOSE,1,65,1.2,-99,-99,N,
2019,1,1,0,0,1,7,D,SOSE,2,60,1,-99,-99,N,
2019,1,1,0,0,1,7,D,SOSE,3,83,2.5,-99,-99,N,
2019,1,1,0,0,1,7,E,SOSE,1,125,6.8,-99,-99,N,
2019,1,1,0,0,1,8,A,AMCA2,1,48,2,-99,-99,F,
2019,1,1,0,0,1,8,B,KOVI,1,58,2,-99,-99,N,
2019,1,1,0,0,1,9,A,AMCA2,1,80,6.3,-99,-99,F,
2019,1,1,0,0,1,9,A,AMCA2,2,73,3.1,-99,-99,F,
2019,1,1,0,0,1,9,B,AMCA2,1,48,0.9,-99,-99,F,
2019,1,1,0,0,1,9,B,POHY,2,41,1.6,-99,-99,N,
2019,1,1,0,0,1,9,C,IVFR,1,80,3.3,-99,-99,N,
2019,1,1,0,0,1,9,C,KOVI,2,18,0,-99,-99,N,
2019,1,1,0,0,1,10,A,AMCA2,1,58,1.6,-99,-99,N,
2019,1,1,0,0,1,10,B,AMCA2,1,47,2.3,-99,-99,N,
2019,1,1,0,0,1,10,B,AMCA2,2,58,2.3,-99,-99,N,
2019,1,1,0,0,1,10,B,AMCA2,3,42,2,-99,-99,F,
2019,1,1,0,0,1,10,C,SOSE,1,132,6.8,-99,-99,N,
2019,1,1,0,0,1,10,C,SOSE,2,111,5.1,-99,-99,N,
2019,1,1,0,0,1,10,D,AMCA2,1,60,4.6,-99,-99,N,
2019,1,0,0,0,1,1,NR,SOSE,1,84,8,-99,-99,N,
2019,1,0,0,0,1,3,NR,AMCA2,1,20,1.9,-99,-99,N,
2019,1,0,0,0,1,1,PR,AMCA2,1,70,2.2,-99,-99,F,
2019,1,0,0,0,1,1,PR,AMCA2,2,60,1.3,-99,-99,F,
2019,1,0,0,0,1,1,PR,AMCA2,3,70,1.8,-99,-99,F,
2019,1,0,0,0,1,1,PR,AMCA2,4,70,4.8,-99,-99,N,
2019,1,0,0,0,1,2,PR,AMCA2,1,69,3.5,-99,-99,N,
2019,1,0,0,0,1,2,PR,AMCA2,2,64,3.4,-99,-99,N,
2019,1,0,0,0,1,2,PR,AMCA2,3,50,1.3,-99,-99,F,
2019,1,0,0,0,1,2,PR,AMCA2,4,65,2.3,-99,-99,N,
2019,1,0,0,0,1,2,PR,AMCA2,5,56,2.8,-99,-99,N,
2019,1,0,0,0,1,2,PR,AMCA2,6,46,1,-99,-99,N,
2019,1,0,0,0,1,2,PR,AMCA2,7,51,2,-99,-99,N,
2019,1,0,0,0,1,2,PR,AMCA2,8,63,2,-99,-99,F,
2019,1,0,0,0,1,2,PR,AMCA2,9,70,2.8,-99,-99,N,
2019,1,NA,NA,NA,NA,2,PR,AMCA2,10,62,1.9,-99,-99,N,
2019,1,NA,NA,NA,NA,2,PR,AMCA2,11,78,3.1,-99,-99,F,
2019,1,NA,NA,NA,NA,2,PR,AMCA2,12,98,6.7,-99,-99,N,
2019,1,0,0,0,1,2,PR,AMCA2,13,89,4.8,-99,-99,N,
2019,2,1,1,0,3,1,B,AMCA2,1,97,2.8,-99,-99,N,
2019,2,1,1,0,3,2,A,AMCA2,1,77,2.8,-99,-99,N,
2019,2,1,1,0,3,2,A,AMCA2,2,59,2,-99,-99,N,
2019,2,1,1,0,3,2,A,AMCA2,3,43,0,-99,-99,N,
2019,2,1,1,0,3,2,B,AMCA2,1,108,3.3,-99,-99,N,
2019,2,1,1,0,3,2,B,AMCA2,2,90,3.2,-99,-99,N,
2019,2,1,1,0,3,2,B,AMCA2,3,92,4,-99,-99,N,
2019,2,1,1,0,3,2,C,KOVI,1,168,7.8,-99,-99,F,
2019,2,1,1,0,3,2,E,SPCY,1,140,3.1,-99,-99,N,
2019,2,1,1,0,3,2,E,SPCY,2,190,3.2,-99,-99,N,
2019,2,1,1,0,3,3,A,AMCA2,1,93,4.2,-99,-99,N,
2019,2,1,1,0,3,3,A,AMCA2,2,78,3.1,-99,-99,N,
2019,2,1,1,0,3,3,A,AMCA2,3,89,3.1,-99,-99,N,
2019,2,1,1,0,3,3,A,AMCA2,4,65,2.2,-99,-99,N,
2019,2,1,1,0,3,3,C,KOVI,1,140,4,-99,-99,F,
2019,2,1,1,0,3,3,C,KOVI,2,135,4.9,-99,-99,F,
2019,2,1,1,0,3,3,C,KOVI,3,100,1.1,-99,-99,N,
2019,2,1,1,0,3,3,D,KOVI,1,90,1.9,-99,-99,N,
2019,2,1,1,0,3,4,B,KOVI,1,110,4.8,-99,-99,N,
2019,2,1,1,0,3,4,D,SPCY,1,210,3.6,-99,-99,N,
2019,2,1,1,0,3,5,C,KOVI,1,135,5,-99,-99,N,
2019,2,1,1,0,3,5,C,KOVI,2,155,2.5,-99,-99,F,
2019,2,1,1,0,3,5,C,SPCY,3,230,4.9,-99,-99,N,
2019,2,1,1,0,3,6,B,SOSE,1,99,4.6,-99,-99,N,
2019,2,1,1,0,3,6,B,SOSE,2,76,2.8,-99,-99,N,
2019,2,1,1,0,3,6,B,SOSE,3,112,3.8,-99,-99,N,
2019,2,1,1,0,3,6,B,SOSE,4,70,3.6,-99,-99,N,
2019,2,1,1,0,3,6,B,SOSE,5,111,4.8,-99,-99,N,
2019,2,1,1,0,3,6,B,SOSE,6,40,2.8,-99,-99,N,
2019,2,1,1,0,3,6,B,SOSE,7,122,5.2,-99,-99,N,
2019,2,1,1,0,3,6,B,SOSE,8,108,2.8,-99,-99,N,
2019,2,1,1,0,3,6,B,SOSE,9,136,6.1,-99,-99,N,
2019,2,1,1,0,3,6,D,SPCY,1,250,8.3,-99,-99,N,
2019,2,1,1,0,3,6,D,SPCY,2,240,8.1,-99,-99,N,
2019,2,1,1,0,3,7,A,SOSE,1,140,6.2,-99,-99,N,
2019,2,1,1,0,3,7,D,SPCY,1,210,2.1,-99,-99,N,
2019,2,1,1,0,3,8,A,IVFR,1,40,0,-99,-99,N,
2019,2,1,1,0,3,8,B,SOSE,1,104,3.8,-99,-99,N,
2019,2,1,1,0,3,8,B,SOSE,2,92,3.8,-99,-99,N,
2019,2,1,1,0,3,9,A,SOSE,1,100,6.7,-99,-99,N,
2019,2,1,1,0,3,9,A,SOSE,2,105,5.3,-99,-99,N,
2019,2,1,1,0,3,9,A,SOSE,3,196,7.4,-99,-99,N,
2019,2,1,1,0,3,9,A,SOSE,4,74,3.3,-99,-99,N,
2019,2,1,1,0,3,9,A,SOSE,5,145,6.2,-99,-99,N,
2019,2,1,1,0,3,9,A,SOSE,6,90,4.3,-99,-99,N,
2019,2,1,1,0,3,9,B,SOSE,1,95,4.8,-99,-99,N,
2019,2,1,1,0,3,9,C,SOSE,1,140,4,-99,-99,N,
2019,2,1,1,0,3,9,D,SOSE,1,130,6.2,-99,-99,C,
2019,2,1,1,0,3,9,D,SOSE,2,140,5.1,-99,-99,N,
2019,2,1,1,0,3,10,A,SOSE,1,125,5.7,-99,-99,N,
2019,2,1,1,0,3,10,A,SOSE,2,87,3,-99,-99,N,
2019,2,1,1,0,3,10,B,KOVI,1,100,3.9,-99,-99,F,
2019,2,1,1,0,3,10,D,SOSE,1,130,3.9,-99,-99,N,
2019,2,0,1,0,3,2,NR,AMCA2,1,55,2.5,-99,-99,N,
2019,2,0,1,0,3,2,NR,IVFR,2,110,5.4,-99,-99,N,
2019,2,0,1,0,3,3,NR,AMCA2,1,170,11.5,-99,-99,N,
2019,2,0,1,0,3,3,NR,AMCA2,2,130,7.4,-99,-99,N,
2019,2,0,1,0,3,3,NR,AMCA2,3,105,5.3,-99,-99,N,
2019,2,0,1,0,3,3,NR,AMCA2,4,80,3.4,-99,-99,N,
2019,2,0,1,0,3,3,NR,POHY,5,85,1.7,-99,-99,N,
2019,2,0,1,0,3,1,PR,SPCY,1,175,4.8,-99,-99,N,
2019,2,0,1,0,3,1,PR,POHY,2,50,1.2,-99,-99,N,
2019,2,0,1,0,3,2,PR,SCRO5,1,170,5.2,-99,-99,N,
2019,2,0,1,0,3,2,PR,SPCY,2,255,8.5,-99,-99,N,
2019,2,0,1,0,3,2,PR,SCRO5,3,186,5.5,-99,-99,N,
2019,2,0,1,0,3,3,PR,SPCY,1,205,5.6,-99,-99,N,
2019,3,1,0,1,2,1,A,AMCA2,1,126,8.6,-99,-99,0-C,
2019,3,1,0,1,2,1,A,AMCA2,2,241,23.5,-99,-99,N,
2019,3,1,0,1,2,1,A,AMCA2,3,126,7.3,-99,-99,0-C,
2019,3,1,0,1,2,1,B,AMCA2,1,82,2.7,-99,-99,N,
2019,3,1,0,1,2,2,C,SOSE,1,100,3.4,-99,-99,N,
2019,3,1,0,1,2,4,A,AMCA2,1,93,2.5,-99,-99,N,
2019,3,1,0,1,2,4,C,AMCA2,1,150,7.3,-99,-99,N,
2019,3,1,0,1,2,4,D,SOSE,1,90,4.3,-99,-99,N,
2019,3,1,0,1,2,4,E,SOSE,1,90,5.3,-99,-99,N,
2019,3,1,0,1,2,4,E,SOSE,2,60,5.1,-99,-99,N,
2019,3,1,0,1,2,5,A,SOSE,1,102,4.1,-99,-99,N,
2019,3,1,0,1,2,5,A,SOSE,2,93,3,-99,-99,N,
2019,3,1,0,1,2,5,A,SOSE,3,88,3.7,-99,-99,N,
2019,3,1,0,1,2,6,A,SOSE,1,70,6.7,-99,-99,0-C,
2019,3,1,0,1,2,6,B,AMCA2,1,70,2.9,-99,-99,N,
2019,3,1,0,1,2,7,B,AMCA2,1,110,5.8,-99,-99,N,
2019,3,1,0,1,2,8,B,AMCA2,1,58,2.2,-99,-99,0-C,
2019,3,1,0,1,2,8,B,AMCA2,2,110,4.1,-99,-99,N,
2019,3,1,0,1,2,8,B,AMCA2,3,65,3.6,-99,-99,C,
2019,3,1,0,1,2,8,B,AMCA2,4,60,2.2,-99,-99,N,
2019,3,1,0,1,2,9,A,AMCA2,1,63,2.3,-99,-99,N,
2019,3,1,0,1,2,9,B,SOSE,1,70,3.2,-99,-99,N,
2019,3,1,0,1,2,9,B,SOSE,2,50,2.5,-99,-99,N,
2019,3,1,0,1,2,9,C,SOSE,1,140,6.6,-99,-99,N,
2019,3,1,0,1,2,9,C,SOSE,2,60,6.3,-99,-99,N,
2019,3,1,0,1,2,10,B,SOSE,1,95,3.4,-99,-99,N,
2019,3,1,0,1,2,10,B,SOSE,2,85,3.5,-99,-99,N,
2019,3,1,0,1,2,10,B,SOSE,3,160,6.9,-99,-99,N,
2019,3,1,0,1,2,10,B,SOSE,4,106,5.3,-99,-99,N,
2019,3,1,0,1,2,10,B,SOSE,5,104,4.2,-99,-99,N,
2019,3,1,0,1,2,10,C,SOSE,1,50,5.8,-99,-99,0-C,
2019,3,1,0,1,2,10,C,SOSE,2,50,4.2,-99,-99,N,
2019,3,1,0,1,2,10,C,SOSE,3,140,8.6,-99,-99,0-C,
2019,3,0,0,1,2,1,NR,AMCA2,1,80,6.1,-99,-99,N,
2019,3,0,0,1,2,1,NR,AMCA2,2,52,2.3,-99,-99,N,
2019,3,0,0,1,2,3,NR,AMCA2,1,84,4.5,-99,-99,N,
2019,3,0,0,1,2,3,NR,KOVI,2,30,0,-99,-99,N,
2019,3,0,0,1,2,3,NR,AMCA2,3,69,4.3,-99,-99,N,
2019,3,0,0,1,2,3,NR,AMCA2,4,68,2.9,-99,-99,N,
2019,3,0,0,1,2,1,PR,AMCA2,1,81,4.7,-99,-99,N,
2019,3,0,0,1,2,1,PR,POHY,2,49,1.7,-99,-99,N,
2019,3,0,0,1,2,1,PR,AMCA2,3,33,1.7,-99,-99,N,
2019,4,1,1,1,4,1,B,ATPA4,1,175,3.4,-99,-99,F,
2019,4,1,1,1,4,1,B,ATPA4,2,185,3.3,-99,-99,N,
2019,4,1,1,1,4,1,E,KOVI,1,108,3.6,-99,-99,F,
2019,4,1,1,1,4,1,E,KOVI,2,145,5.1,-99,-99,F,
2019,4,1,1,1,4,2,A,ATPA4,1,120,1.2,-99,-99,N,
2019,4,1,1,1,4,2,A,ATPA4,2,160,2,-99,-99,N,
2019,4,1,1,1,4,2,B,ATPA4,1,180,2.8,-99,-99,N,
2019,4,1,1,1,4,2,B,ATPA4,2,140,1.1,-99,-99,N,
2019,4,1,1,1,4,2,E,SOSE,1,170,5.9,-99,-99,N,
2019,4,1,1,1,4,3,A,ATPA4,1,100,3.1,-99,-99,N,
2019,4,1,1,1,4,3,A,ATPA4,2,40,1.6,-99,-99,N,
2019,4,1,1,1,4,3,D,SOSE,1,195,8.6,-99,-99,N,
2019,4,1,1,1,4,3,D,SOSE,2,183,5.6,-99,-99,N,
2019,4,1,1,1,4,3,E,SOSE,1,211,11.3,-99,-99,N,
2019,4,1,1,1,4,3,E,SOSE,2,143,6.2,-99,-99,N,
2019,4,1,1,1,4,3,E,SOSE,3,150,6,-99,-99,N,
2019,4,1,1,1,4,4,A,ATPA4,1,190,1.4,-99,-99,N,
2019,4,1,1,1,4,4,B,ATPA4,1,140,4.2,-99,-99,N,
2019,4,1,1,1,4,4,B,KOVI,2,120,11.1,-99,-99,F,
2019,4,1,1,1,4,4,B,ATPA4,3,115,1.9,-99,-99,N,
2019,4,1,1,1,4,4,B,ATPA4,4,115,2.9,-99,-99,N,
2019,4,1,1,1,4,4,D,SOSE,1,217,9.6,-99,-99,N,
2019,4,1,1,1,4,4,D,SOSE,2,155,5,-99,-99,N,
2019,4,1,1,1,4,4,D,SOSE,3,202,7.6,-99,-99,N,
2019,4,1,1,1,4,4,E,SOSE,1,210,8.4,-99,-99,N,
2019,4,1,1,1,4,4,E,SOSE,2,211,8.4,-99,-99,N,
2019,4,1,1,1,4,4,E,SOSE,3,150,4.3,-99,-99,N,
2019,4,1,1,1,4,5,B,KOVI,1,190,7.9,-99,-99,N,
2019,4,1,1,1,4,5,B,KOVI,2,210,7.8,-99,-99,F,
2019,4,1,1,1,4,5,D,SOSE,180,92,7.6,-99,-99,N,
2019,4,1,1,1,4,5,D,SOSE,2,188,8.2,-99,-99,N,
2019,4,1,1,1,4,6,C,SOSE,1,170,4.6,-99,-99,N,
2019,4,1,1,1,4,6,D,SOSE,1,154,4.8,-99,-99,N,
2019,4,1,1,1,4,6,D,KOVI,2,232,11.6,-99,-99,F,
2019,4,1,1,1,4,6,D,KOVI,3,218,11.4,-99,-99,F,
2019,4,1,1,1,4,6,D,KOVI,4,205,8.2,-99,-99,F,
2019,4,1,1,1,4,6,D,SOSE,5,198,8.4,-99,-99,F,
2019,4,1,1,1,4,6,D,SOSE,6,110,5.2,-99,-99,N,
2019,4,1,1,1,4,6,D,SOSE,7,140,5.6,-99,-99,N,
2019,4,1,1,1,4,6,D,SOSE,8,89,2.9,-99,-99,N,
2019,4,1,1,1,4,6,D,SOSE,9,98,3,-99,-99,N,
2019,4,1,1,1,4,6,D,SOSE,10,60,1.7,-99,-99,N,
2019,4,1,1,1,4,6,E,KOVI,1,230,12,-99,-99,F,
2019,4,1,1,1,4,6,E,KOVI,2,175,7.4,-99,-99,F,
2019,4,1,1,1,4,6,E,KOVI,3,172,5.4,-99,-99,F,
2019,4,1,1,1,4,7,A,ATPA4,1,110,3.7,-99,-99,F,
2019,4,1,1,1,4,8,A,POHY,1,70,1.8,-99,-99,N,
2019,4,1,1,1,4,9,B,SOSE,1,125,2.4,-99,-99,N,
2019,4,1,1,1,4,9,B,SOSE,2,175,6.1,-99,-99,N,
2019,4,1,1,1,4,10,A,SOSE,1,210,9,-99,-99,N,
2019,4,1,1,1,4,10,B,SOSE,1,205,8,-99,-99,N,
2019,4,1,1,1,4,10,B,SOSE,2,97,6.3,-99,-99,C,
2019,4,1,1,1,4,10,B,SOSE,3,106,3.2,-99,-99,C,
2019,4,1,1,1,4,10,D,KOVI,1,208,12.5,-99,-99,F,
2019,4,0,1,1,4,1,NR,AMCA2,1,136,8.6,-99,-99,N,
2019,4,0,1,1,4,1,NR,POHY,2,42,0,-99,-99,N,
2019,4,0,1,1,4,2,NR,POHY,1,82,2,-99,-99,N,
2019,4,0,1,1,4,2,NR,POHY,2,92,26,-99,-99,N,
2019,4,0,1,1,4,3,NR,AMCA2,1,86,3.7,-99,-99,N,
2019,4,0,1,1,4,1,PR,AMCA2,1,103,4.3,-99,-99,N,
2019,4,0,1,1,4,1,PR,AMCA2,2,85,3.7,-99,-99,N,
2019,4,0,1,1,4,1,PR,POHY,3,92,2.6,-99,-99,F,
2019,4,0,1,1,4,1,PR,POHY,4,60,1.5,-99,-99,N,
2019,4,0,1,1,4,1,PR,POHY,5,64,1.4,-99,-99,N,
2019,4,0,1,1,4,1,PR,POHY,6,45,0.9,-99,-99,N,
2019,4,0,1,1,4,1,PR,POHY,7,40,0.8,-99,-99,N,
2019,4,0,1,1,4,1,PR,AMCA2,8,103,4.1,-99,-99,N,
2019,4,0,1,1,4,1,PR,AMCA2,9,123,5.3,-99,-99,N,
2019,4,0,1,1,4,1,PR,AMCA2,10,132,8.5,-99,-99,N,
2019,4,0,1,1,4,2,PR,AMCA2,1,60,2.5,-99,-99,N,
2019,4,0,1,1,4,2,PR,POHY,2,72,1.6,-99,-99,F,
2019,4,0,1,1,4,2,PR,POHY,3,96,2.1,-99,-99,F,
2019,4,0,1,1,4,2,PR,AMCA2,4,103,5,-99,-99,F,
2019,4,0,1,1,4,2,PR,AMCA2,5,97,5.8,-99,-99,B,
2019,4,0,1,1,4,2,PR,POHY,6,100,1.8,-99,-99,F,
2019,4,0,1,1,4,2,PR,POHY,7,90,1.9,-99,-99,F,
2019,4,0,1,1,4,3,PR,POHY,1,45,4.2,-99,-99,N,
2019,4,0,1,1,4,3,PR,AMCA2,2,83,4.3,-99,-99,N,
2019,4,0,1,1,4,3,PR,KOVI,3,140,5.6,-99,-99,F,
2019,4,0,1,1,4,3,PR,KOVI,4,220,10.7,-99,-99,F,
2019,4,0,1,1,4,3,PR,KOVI,5,150,5.8,-99,-99,F,
2019,4,0,1,1,4,3,PR,KOVI,6,123,4.7,-99,-99,F,
2019,4,0,1,1,4,3,PR,AMCA2,7,25,0,-99,-99,N,
2019,5,1,1,0,3,1,A,AMCA2,1,60,0.8,-99,-99,N,
2019,5,1,1,0,3,1,B,POHY,1,48,1.4,-99,-99,N,
2019,5,1,1,0,3,1,B,POHY,2,42,1.4,-99,-99,N,
2019,5,1,1,0,3,1,B,AMCA2,3,80,2.9,-99,-99,N,
2019,5,1,1,0,3,1,C,AMCA2,1,64,1.9,-99,-99,N,
2019,5,1,1,0,3,2,C,AMCA2,1,92,3,-99,-99,F,
2019,5,1,1,0,3,2,D,AMCA2,1,138,5.1,-99,-99,N,
2019,5,1,1,0,3,2,D,AMCA2,2,97,2.6,-99,-99,N,
2019,5,1,1,0,3,3,B,AMCA2,1,68,1.6,-99,-99,F,
2019,5,1,1,0,3,3,C,AMCA2,1,98,2.4,-99,-99,F,
2019,5,1,1,0,3,3,D,AMCA2,1,64,1.7,-99,-99,F,
2019,5,1,1,0,3,3,D,AMCA2,2,94,2.4,-99,-99,N,
2019,5,1,1,0,3,3,D,AMCA2,3,71,1.3,-99,-99,F,
2019,5,1,1,0,3,3,D,AMCA2,4,99,2.8,-99,-99,F,
2019,5,1,1,0,3,3,D,AMCA2,5,99,2.5,-99,-99,F,
2019,5,1,1,0,3,3,D,POHY,6,45,0.8,-99,-99,N,
2019,5,1,1,0,3,4,A,SOSE,1,83,2.6,-99,-99,N,
2019,5,1,1,0,3,4,A,POHY,2,70,1.8,-99,-99,N,
2019,5,1,1,0,3,4,B,AMCA2,1,93,3.6,-99,-99,N,
2019,5,1,1,0,3,4,B,AMCA2,2,119,2.1,-99,-99,F,
2019,5,1,1,0,3,4,B,AMCA2,3,105,2.1,-99,-99,F,
2019,5,1,1,0,3,4,B,AMCA2,4,107,3.7,-99,-99,F,
2019,5,1,1,0,3,4,C,AMCA2,1,90,2.5,-99,-99,N,
2019,5,1,1,0,3,4,C,AMCA2,2,112,2.1,-99,-99,F,
2019,5,1,1,0,3,4,C,POHY,3,80,1.8,-99,-99,N,
2019,5,1,1,0,3,4,C,KOVI,4,103,2.8,-99,-99,N,
2019,5,1,1,0,3,4,D,AMCA2,1,152,4.9,-99,-99,F,
2019,5,1,1,0,3,4,D,AMCA2,2,92,2.5,-99,-99,N,
2019,5,1,1,0,3,4,D,AMCA2,3,70,1.2,-99,-99,F,
2019,5,1,1,0,3,4,E,AMCA2,1,40,0.5,-99,-99,F,
2019,5,1,1,0,3,4,E,AMCA2,2,43,0.8,-99,-99,N,
2019,5,1,1,0,3,5,A,KOVI,1,166,6.1,-99,-99,F,
2019,5,1,1,0,3,5,A,AMCA2,2,95,2,-99,-99,F,
2019,5,1,1,0,3,5,A,AMCA2,3,88,3,-99,-99,N,
2019,5,1,1,0,3,5,B,POHY,1,67,1.2,-99,-99,N,
2019,5,1,1,0,3,5,B,POHY,2,45,1.4,-99,-99,N,
2019,5,1,1,0,3,5,B,AMCA2,3,77,1.5,-99,-99,F,
2019,5,1,1,0,3,5,B,AMCA2,4,80,1.4,-99,-99,F,
2019,5,1,1,0,3,5,B,POHY,5,90,1.8,-99,-99,F,
2019,5,1,1,0,3,5,B,POHY,6,75,1.6,-99,-99,F,
2019,5,1,1,0,3,5,B,POHY,7,45,0.6,-99,-99,N,
2019,5,1,1,0,3,5,C,AMCA2,1,70,1.8,-99,-99,N,
2019,5,1,1,0,3,5,C,KOVI,2,120,3.9,-99,-99,F,
2019,5,1,1,0,3,5,D,POHY,1,52,0.9,-99,-99,N,
2019,5,1,1,0,3,5,D,POHY,2,55,0.9,-99,-99,N,
2019,5,1,1,0,3,5,D,KOVI,3,155,4.4,-99,-99,F,
2019,5,1,1,0,3,5,D,KOVI,4,211,8.4,-99,-99,F,
2019,5,1,1,0,3,5,E,KOVI,1,182,6.9,-99,-99,F,
2019,5,1,1,0,3,5,E,POHY,2,42,1.2,-99,-99,N,
2019,5,1,1,0,3,5,E,AMCA2,3,59,0.8,-99,-99,F,
2019,5,1,1,0,3,6,A,POHY,1,58,1.1,-99,-99,N,
2019,5,1,1,0,3,6,A,AMCA2,2,78,1.6,-99,-99,F,
2019,5,1,1,0,3,6,A,POHY,3,58,1.2,-99,-99,N,
2019,5,1,1,0,3,6,A,KOVI,4,177,5.6,-99,-99,F,
2019,5,1,1,0,3,6,A,AMCA2,5,88,2.6,-99,-99,N,
2019,5,1,1,0,3,6,B,POHY,1,72,1.3,-99,-99,N,
2019,5,1,1,0,3,6,B,POHY,2,72,1.5,-99,-99,N,
2019,5,1,1,0,3,6,B,POHY,3,80,1.7,-99,-99,N,
2019,5,1,1,0,3,6,C,POHY,1,50,1.1,-99,-99,N,
2019,5,1,1,0,3,6,C,POHY,2,51,0.9,-99,-99,N,
2019,5,1,1,0,3,6,C,POHY,3,53,1,-99,-99,N,
2019,5,1,1,0,3,6,D,KOVI,1,179,7.2,-99,-99,F,
2019,5,1,1,0,3,6,D,POHY,2,44,0.6,-99,-99,N,
2019,5,1,1,0,3,6,D,POHY,3,47,0.7,-99,-99,N,
2019,5,1,1,0,3,6,D,AMCA2,4,50,1.1,-99,-99,C,
2019,5,1,1,0,3,6,E,KOVI,1,168,6.7,-99,-99,F,
2019,5,1,1,0,3,6,E,AMCA2,2,56,1.5,-99,-99,C,
2019,5,1,1,0,3,6,E,AMCA2,3,77,2.9,-99,-99,N,
2019,5,1,1,0,3,7,A,KOVI,1,210,8.6,-99,-99,F,
2019,5,1,1,0,3,7,A,KOVI,2,152,5.9,-99,-99,F,
2019,5,1,1,0,3,7,A,POHY,3,94,1.9,-99,-99,F,
2019,5,1,1,0,3,7,A,POHY,4,56,1.3,-99,-99,N,
2019,5,1,1,0,3,7,B,POHY,1,65,1.2,-99,-99,N,
2019,5,1,1,0,3,7,B,POHY,2,107,1.9,-99,-99,F,
2019,5,1,1,0,3,7,B,POHY,3,95,1.8,-99,-99,F,
2019,5,1,1,0,3,7,B,AMCA2,4,71,1.7,-99,-99,N,
2019,5,1,1,0,3,7,B,POHY,5,105,2.6,-99,-99,F,
2019,5,1,1,0,3,7,B,POHY,6,111,2.8,-99,-99,F,
2019,5,1,1,0,3,7,B,POHY,7,70,1.6,-99,-99,F,
2019,5,1,1,0,3,7,C,POHY,1,80,1.5,-99,-99,F,
2019,5,1,1,0,3,8,A,POHY,1,55,0.8,-99,-99,N,
2019,5,1,1,0,3,8,E,AMCA2,1,55,1.5,-99,-99,N,
2019,5,1,1,0,3,8,E,AMCA2,2,57,1,-99,-99,N,
2019,5,1,1,0,3,9,E,POHY,1,73,1.9,-99,-99,F,
2019,5,1,1,0,3,9,E,AMCA2,2,70,2.1,-99,-99,N,
2019,5,1,1,0,3,9,E,POHY,3,71,1.8,-99,-99,F,
2019,5,1,1,0,3,9,E,AMCA2,4,65,2.2,-99,-99,N,
2019,5,1,1,0,3,10,B,POHY,1,41,0.7,-99,-99,N,
2019,5,1,1,0,3,10,D,AMCA2,1,58,1.6,-99,-99,N,
2019,5,1,1,0,3,10,E,AMCA2,1,43,1,-99,-99,N,
2019,5,1,1,0,3,10,E,AMCA2,2,57,2.6,-99,-99,N,
2019,5,0,1,0,3,1,NR,AMCA2,1,115,9,-99,-99,N,
2019,5,0,1,0,3,3,NR,AMCA2,1,68,4.3,-99,-99,N,
2019,5,0,1,0,3,3,NR,AMCA2,2,103,6.8,-99,-99,N,
2019,5,0,1,0,3,3,NR,AMCA2,3,89,4.5,-99,-99,N,
2019,5,0,1,0,3,3,NR,AMCA2,4,77,2.9,-99,-99,N,
2019,5,0,1,0,3,1,PR,POHY,1,70,2.4,-99,-99,F,
2019,5,0,1,0,3,2,PR,AMCA2,1,148,12.5,-99,-99,N,
2019,6,1,0,1,2,1,A,KOVI,1,200,6.8,-99,-99,F,
2019,6,1,0,1,2,1,A,KOVI,2,230,6.4,-99,-99,F,
2019,6,1,0,1,2,1,A,KOVI,3,180,4.3,-99,-99,F,
2019,6,1,0,1,2,1,A,AMCA2,4,50,1,-99,-99,N,
2019,6,1,0,1,2,1,A,KOVI,5,61,2,-99,-99,N,
2019,6,1,0,1,2,1,C,AMCA2,1,50,1.4,-99,-99,N,
2019,6,1,0,1,2,1,C,AMCA2,2,35,0,-99,-99,N,
2019,6,1,0,1,2,1,E,AMCA2,1,73,2.7,-99,-99,N,
2019,6,1,0,1,2,4,B,ATPA4,1,52,1,-99,-99,N,
2019,6,1,0,1,2,4,C,ATPA4,1,50,1.5,-99,-99,N,
2019,6,1,0,1,2,4,D,AMCA2,1,50,0.8,-99,-99,N,
2019,6,1,0,1,2,4,E,AMCA2,1,35,0.7,-99,-99,N,
2019,6,1,0,1,2,5,A,ATPA4,1,145,2,-99,-99,C,
2019,6,1,0,1,2,5,E,AMCA2,1,96,2.8,-99,-99,N,
2019,6,1,0,1,2,6,E,AMCA2,1,38,0.8,-99,-99,C,
2019,6,1,0,1,2,7,B,ATPA4,1,117,1.6,-99,-99,N,
2019,6,1,0,1,2,8,A,ATPA4,1,140,1.8,-99,-99,N,
2019,6,1,0,1,2,8,A,ATPA4,2,110,1.4,-99,-99,C,
2019,6,1,0,1,2,8,B,ATPA4,1,133,3.4,-99,-99,N,
2019,6,1,0,1,2,8,B,ATPA4,2,160,1.9,-99,-99,N,
2019,6,1,0,1,2,8,B,ATPA4,3,120,1.5,-99,-99,N,
2019,6,1,0,1,2,8,C,ATPA4,1,145,1.3,-99,-99,N,
2019,6,1,0,1,2,8,D,ATPA4,1,46,0.7,-99,-99,N,
2019,6,1,0,1,2,8,E,AMCA2,1,22,0,-99,-99,N,
2019,6,1,0,1,2,9,A,ATPA4,1,80,1,-99,-99,N,
2019,6,1,0,1,2,9,A,POHY,2,47,1.2,-99,-99,F,
2019,6,1,0,1,2,9,A,ATPA4,3,120,1.4,-99,-99,N,
2019,6,1,0,1,2,9,A,ATPA4,4,110,1.6,-99,-99,N,
2019,6,1,0,1,2,9,A,ATPA4,5,50,0.7,-99,-99,N,
2019,6,1,0,1,2,9,B,ATPA4,1,108,1.3,-99,-99,N,
2019,6,1,0,1,2,9,B,ATPA4,2,145,1.9,-99,-99,N,
2019,6,1,0,1,2,9,B,ATPA4,3,110,1.3,-99,-99,N,
2019,6,1,0,1,2,9,B,ATPA4,4,55,0.5,-99,-99,N,
2019,6,1,0,1,2,9,C,ATPA4,1,75,1.3,-99,-99,C,
2019,6,1,0,1,2,9,C,ATPA4,2,94,1.2,-99,-99,N,
2019,6,1,0,1,2,9,D,AMCA2,1,28,0,-99,-99,N,
2019,6,1,0,1,2,9,E,ATPA4,1,26,0,-99,-99,N,
2019,6,1,0,1,2,9,E,AMCA2,2,28,0,-99,-99,N,
2019,6,1,0,1,2,9,E,IVFR,3,205,6.3,-99,-99,N,
2019,6,1,0,1,2,9,E,IVFR,4,205,6,-99,-99,N,
2019,6,1,0,1,2,10,A,ATPA4,1,65,0.5,-99,-99,N,
2019,6,1,0,1,2,10,A,ATPA4,2,61,0.7,-99,-99,N,
2019,6,1,0,1,2,10,A,AMCA2,3,40,0.6,-99,-99,N,
2019,6,1,0,1,2,10,A,ATPA4,4,95,1.2,-99,-99,N,
2019,6,1,0,1,2,10,A,ATPA4,5,87,1.7,-99,-99,N,
2019,6,1,0,1,2,10,A,AMCA2,6,52,1.1,-99,-99,N,
2019,6,1,0,1,2,10,A,ATPA4,7,88,1.3,-99,-99,C,
2019,6,1,0,1,2,10,B,ATPA4,1,101,1.1,-99,-99,N,
2019,6,1,0,1,2,10,B,ATPA4,2,130,1.3,-99,-99,C,
2019,6,1,0,1,2,10,B,ATPA4,3,133,1.6,-99,-99,N,
2019,6,1,0,1,2,10,B,ATPA4,4,70,1.1,-99,-99,N,
2019,6,1,0,1,2,10,B,AMCA2,5,49,0.7,-99,-99,N,
2019,6,1,0,1,2,10,B,ATPA4,6,137,1.6,-99,-99,C,
2019,6,1,0,1,2,10,B,ATPA4,7,57,0.9,-99,-99,N,
2019,6,1,0,1,2,10,C,ATPA4,1,74,1,-99,-99,N,
2019,6,1,0,1,2,10,C,ATPA4,2,119,1.4,-99,-99,C,
2019,6,1,0,1,2,10,C,ATPA4,3,52,0.7,-99,-99,N,
2019,6,1,0,1,2,10,C,ATPA4,4,84,1,-99,-99,N,
2019,6,1,0,1,2,10,D,ATPA4,1,58,0.7,-99,-99,N,
2019,6,1,0,1,2,10,D,ATPA4,2,49,0.6,-99,-99,N,
2019,6,1,0,1,2,10,D,ATPA4,3,50,0.7,-99,-99,C,
2019,6,1,0,1,2,10,D,ATPA4,4,51,0.6,-99,-99,N,
2019,6,1,0,1,2,10,D,ATPA4,5,44,0.7,-99,-99,N,
2019,6,1,0,1,2,10,D,ATPA4,6,57,0.9,-99,-99,C,
2019,6,1,0,1,2,10,D,ATPA4,7,61,0.7,-99,-99,N,
2019,6,1,0,1,2,10,D,ATPA4,8,60,0.5,-99,-99,N,
2019,6,1,0,1,2,10,D,ATPA4,9,62,0.4,-99,-99,N,
2019,6,1,0,1,2,10,E,ATPA4,1,57,0.7,-99,-99,N,
2019,6,1,0,1,2,10,E,ATPA4,2,51,0.7,-99,-99,N,
2019,6,1,0,1,2,10,E,ATPA4,3,58,9,-99,-99,N,
2019,6,1,0,1,2,10,E,ATPA4,4,47,1,-99,-99,N,
2019,6,1,0,1,2,10,E,AMCA2,5,40,0.8,-99,-99,N,
2019,6,0,0,1,2,1,NR,POHY,1,83,2.9,-99,-99,N,
2019,6,0,0,1,2,1,NR,POHY,2,42,1.4,-99,-99,N,
2019,6,0,0,1,2,1,NR,POHY,3,65,1.5,-99,-99,N,
2019,6,0,0,1,2,1,NR,POHY,4,50,1.4,-99,-99,C,
2019,6,0,0,1,2,1,NR,POHY,5,82,1.8,-99,-99,N,
2019,6,0,0,1,2,1,NR,POHY,6,50,1.1,-99,-99,N,
2019,6,0,0,1,2,1,NR,AMCA2,7,55,2.2,-99,-99,N,
2019,6,0,0,1,2,1,NR,POHY,8,95,3.5,-99,-99,N,
2019,6,0,0,1,2,2,NR,AMCA2,1,130,12.5,-99,-99,N,
2019,6,0,0,1,2,2,PR,IVFR,1,60,3.4,-99,-99,N,
2019,6,0,0,1,2,3,PR,POHY,1,37,2.5,-99,-99,N,
2019,6,0,0,1,2,3,PR,IVFR,2,50,2.2,-99,-99,N,
2019,6,0,0,1,2,3,PR,AMCA2,3,42,2.8,-99,-99,N,
2019,6,0,0,1,2,3,PR,AMCA2,4,49,3.4,-99,-99,N,
2019,6,0,0,1,2,3,PR,PLCA7,5,10,0,-99,-99,N,
2019,6,0,0,1,2,3,PR,AMCA2,6,50,3.4,-99,-99,N,
2019,7,1,1,1,4,1,A,POHY,1,55,1.7,-99,-99,N,
2019,7,1,1,1,4,1,A,POHY,2,45,1.2,-99,-99,N,
2019,7,1,1,1,4,2,A,AMCA2,1,85,4.3,-99,-99,C,
2019,7,1,1,1,4,3,A,AMCA2,1,68,3.5,-99,-99,N,
2019,7,1,1,1,4,4,A,POHY,1,20,0,-99,-99,N,
2019,7,1,1,1,4,5,B,POHY,1,65,1.3,-99,-99,F,
2019,7,1,1,1,4,6,A,POHY,1,35,0,-99,-99,N,
2019,7,1,1,1,4,6,A,POHY,2,65,1.6,-99,-99,F,
2019,7,1,1,1,4,6,A,POHY,3,65,1.4,-99,-99,F,
2019,7,1,1,1,4,6,A,POHY,4,75,1.4,-99,-99,F,
2019,7,1,1,1,4,6,A,POHY,5,66,1.5,-99,-99,F,
2019,7,1,1,1,4,6,B,POHY,1,48,1.1,-99,-99,N,
2019,7,1,1,1,4,6,B,POHY,2,62,1.1,-99,-99,F,
2019,7,1,1,1,4,6,B,POHY,3,67,2,-99,-99,F,
2019,7,1,1,1,4,6,B,POHY,4,63,1.3,-99,-99,F,
2019,7,1,1,1,4,6,B,POHY,5,90,1.5,-99,-99,F,
2019,7,1,1,1,4,6,B,POHY,6,75,1.2,-99,-99,F,
2019,7,1,1,1,4,6,B,POHY,7,40,0.8,-99,-99,N,
2019,7,1,1,1,4,7,A,POHY,1,47,1.6,-99,-99,N,
2019,7,1,1,1,4,7,A,POHY,2,61,0.9,-99,-99,F,
2019,7,1,1,1,4,7,A,POHY,3,70,1.2,-99,-99,F,
2019,7,1,1,1,4,7,A,POHY,4,87,1.5,-99,-99,F,
2019,7,1,1,1,4,7,A,POHY,5,82,1.1,-99,-99,F,
2019,7,1,1,1,4,7,A,POHY,6,71,1.3,-99,-99,F,
2019,7,1,1,1,4,7,A,AMCA2,7,110,4.9,-99,-99,N,
2019,7,1,1,1,4,7,A,AMCA2,8,163,10.8,-99,-99,F,
2019,7,1,1,1,4,7,A,AMCA2,9,165,10.1,-99,-99,N,
2019,7,1,1,1,4,7,B,POHY,1,87,1.6,-99,-99,F,
2019,7,1,1,1,4,7,B,POHY,2,74,1.4,-99,-99,F,
2019,7,1,1,1,4,7,B,POHY,3,70,1.2,-99,-99,F,
2019,7,1,1,1,4,7,B,POHY,4,62,1,-99,-99,F,
2019,7,1,1,1,4,8,A,AMCA2,1,131,5.9,-99,-99,N,
2019,7,1,1,1,4,8,A,POHY,2,97,1.8,-99,-99,F,
2019,7,1,1,1,4,8,A,POHY,3,55,1.4,-99,-99,N,
2019,7,1,1,1,4,8,A,POHY,4,75,1.3,-99,-99,F,
2019,7,1,1,1,4,8,B,POHY,1,60,1.1,-99,-99,F,
2019,7,1,1,1,4,8,B,POHY,2,40,0.5,-99,-99,N,
2019,7,1,1,1,4,9,A,POHY,1,56,1,-99,-99,F,
2019,7,1,1,1,4,9,A,POHY,2,80,1.2,-99,-99,F,
2019,7,1,1,1,4,9,B,POHY,1,70,1.6,-99,-99,F,
2019,7,1,1,1,4,9,B,AMCA2,2,98,2.9,-99,-99,N,
2019,7,1,1,1,4,9,C,POHY,1,67,1.8,-99,-99,N,
2019,7,1,1,1,4,10,A,POHY,1,40,1,-99,-99,N,
2019,7,1,1,1,4,10,B,ATPA4,1,192,3.1,-99,-99,N,
2019,7,1,1,1,4,10,C,POHY,1,50,1,-99,-99,N,
2019,7,1,1,1,4,10,C,AMCA2,2,107,4.4,-99,-99,C,
2019,7,1,1,1,4,10,C,AMCA2,3,35,0,-99,-99,N,
2019,7,1,1,1,4,10,D,AMCA2,1,44,1.3,-99,-99,N,
2019,7,1,1,1,4,10,D,AMCA2,2,104,5,-99,-99,N,
2019,7,1,1,1,4,10,D,POHY,3,70,1.2,-99,-99,F,
2019,7,0,1,1,4,2,NR,AMCA2,1,53,1.3,-99,-99,N,
2019,7,0,1,1,4,3,PR,AMCA2,1,55,2.4,-99,-99,N,
2019,8,1,0,0,1,1,A,AMCA2,1,105,3.5,-99,-99,N,
2019,8,1,0,0,1,1,A,AMCA2,2,100,4.4,-99,-99,N,
2019,8,1,0,0,1,1,A,AMCA2,3,78,1.7,-99,-99,N,
2019,8,1,0,0,1,1,A,AMCA2,4,76,3.5,-99,-99,N,
2019,8,1,0,0,1,1,A,AMCA2,5,71,1.7,-99,-99,F,
2019,8,1,0,0,1,1,A,AMCA2,6,73,1.5,-99,-99,F,
2019,8,1,0,0,1,1,A,AMCA2,7,62,1.4,-99,-99,F,
2019,8,1,0,0,1,1,A,AMCA2,8,67,2,-99,-99,F,
2019,8,1,0,0,1,1,A,AMCA2,9,70,1.8,-99,-99,N,
2019,8,NA,NA,NA,NA,1,A,AMCA2,10,95,4.3,-99,-99,N,
2019,8,1,0,0,1,1,A,AMCA2,11,105,4.2,-99,-99,N,
2019,8,NA,NA,NA,NA,1,A,AMCA2,12,104,3.1,-99,-99,F,
2019,8,NA,NA,NA,NA,1,A,AMCA2,13,77,1.5,-99,-99,F,
2019,8,NA,NA,NA,NA,1,A,AMCA2,14,63,1.4,-99,-99,N,
2019,8,NA,NA,NA,NA,1,A,AMCA2,15,60,2.2,-99,-99,N,
2019,8,NA,NA,NA,NA,1,A,AMCA2,16,54,0.8,-99,-99,N,
2019,8,NA,NA,NA,NA,1,A,AMCA2,17,52,2,-99,-99,N,
2019,8,NA,NA,NA,NA,1,A,AMCA2,18,40,0.9,-99,-99,N,
2019,8,NA,NA,NA,NA,1,A,AMCA2,19,56,0.8,-99,-99,N,
2019,8,NA,NA,NA,NA,1,A,AMCA2,20,81,5.4,-99,-99,N,
2019,8,NA,NA,NA,NA,1,A,AMCA2,21,84,2.5,-99,-99,N,
2019,8,NA,NA,NA,NA,1,A,AMCA2,22,65,1.5,-99,-99,N,
2019,8,NA,NA,NA,NA,1,A,AMCA2,23,65,2.1,-99,-99,N,
2019,8,NA,NA,NA,NA,1,A,AMCA2,24,67,1.5,-99,-99,F,
2019,8,NA,NA,NA,NA,1,A,AMCA2,25,82,1.9,-99,-99,F,
2019,8,NA,NA,NA,NA,1,A,AMCA2,26,60,1.3,-99,-99,N,
2019,8,NA,NA,NA,NA,1,A,AMCA2,27,83,2.4,-99,-99,F,
2019,8,NA,NA,NA,NA,1,A,AMCA2,28,68,1.4,-99,-99,F,
2019,8,1,0,0,1,1,B,AMCA2,1,85,1.8,-99,-99,F,
2019,8,1,0,0,1,1,B,AMCA2,2,55,0.5,-99,-99,N,
2019,8,1,0,0,1,1,B,AMCA2,3,45,0.7,-99,-99,N,
2019,8,1,0,0,1,1,B,AMCA2,4,75,2.8,-99,-99,N,
2019,8,1,0,0,1,1,B,AMCA2,5,45,0.4,-99,-99,N,
2019,8,1,0,0,1,1,B,AMCA2,6,76,3.1,-99,-99,N,
2019,8,1,0,0,1,2,A,AMCA2,1,70,1.9,-99,-99,N,
2019,8,1,0,0,1,2,A,AMCA2,2,55,1.1,-99,-99,N,
2019,8,1,0,0,1,2,A,AMCA2,3,45,0.4,-99,-99,N,
2019,8,1,0,0,1,2,A,AMCA2,4,55,1.6,-99,-99,F,
2019,8,1,0,0,1,2,A,AMCA2,5,65,0.8,-99,-99,N,
2019,8,1,0,0,1,2,A,AMCA2,6,53,1.2,-99,-99,N,
2019,8,1,0,0,1,2,A,AMCA2,7,45,0.5,-99,-99,N,
2019,8,1,0,0,1,2,A,AMCA2,8,54,1.1,-99,-99,N,
2019,8,1,0,0,1,2,A,AMCA2,9,53,1,-99,-99,N,
2019,8,1,0,0,1,2,A,AMCA2,10,73,1.3,-99,-99,N,
2019,8,NA,NA,NA,NA,2,A,AMCA2,11,80,1.4,-99,-99,N,
2019,8,NA,NA,NA,NA,2,A,AMCA2,12,57,1.2,-99,-99,N,
2019,8,NA,NA,NA,NA,2,A,AMCA2,13,60,1.4,-99,-99,N,
2019,8,NA,NA,NA,NA,2,A,AMCA2,14,67,1.8,-99,-99,N,
2019,8,1,0,0,1,2,B,AMCA2,1,63,2.1,-99,-99,N,
2019,8,1,0,0,1,2,B,AMCA2,2,43,0.8,-99,-99,N,
2019,8,1,0,0,1,2,B,AMCA2,3,43,0.5,-99,-99,N,
2019,8,1,0,0,1,3,A,AMCA2,1,53,0.9,-99,-99,N,
2019,8,1,0,0,1,3,B,AMCA2,1,58,1.3,-99,-99,N,
2019,8,1,0,0,1,10,A,AMCA2,1,40,0.9,-99,-99,N,
2019,8,1,0,0,1,10,A,AMCA2,2,53,1.8,-99,-99,N,
2019,8,1,0,0,1,10,A,AMCA2,3,67,3.1,-99,-99,N,
2019,8,1,0,0,1,10,A,AMCA2,4,70,3.4,-99,-99,N,
2019,8,1,0,0,1,10,A,AMCA2,5,53,1.7,-99,-99,N,
2019,8,1,0,0,1,10,B,AMCA2,1,45,1,-99,-99,N,
2019,8,1,0,0,1,10,B,AMCA2,2,57,1.2,-99,-99,N,
2019,8,1,0,0,1,10,C,AMCA2,1,48,1,-99,-99,N,
2019,8,1,0,0,1,10,C,AMCA2,2,41,0.9,-99,-99,N,
2019,8,1,0,0,1,10,C,AMCA2,3,41,1.5,-99,-99,N,
2019,8,1,0,0,1,10,C,AMCA2,4,54,1.1,-99,-99,N,
2019,8,1,0,0,1,10,D,AMCA2,1,46,0.4,-99,-99,N,
2019,8,1,0,0,1,10,E,AMCA2,1,42,0.9,-99,-99,N,
2019,9,1,1,1,4,5,B,AMCA2,1,115,14.2,-99,-99,N,
2019,9,1,1,1,4,6,B,AMCA2,1,205,21.2,-99,-99,F,
2019,9,1,1,1,4,7,A,AMCA2,1,115,6,-99,-99,N,
2019,9,1,1,1,4,7,C,AMCA2,1,180,18,-99,-99,N,
2019,9,1,1,1,4,8,A,AMCA2,1,190,15,-99,-99,N,
2019,9,1,1,1,4,9,A,AMCA2,1,120,4.5,-99,-99,N,
2019,9,0,1,1,4,1,PR,POHY,1,60,1.1,-99,-99,N,
2019,9,0,1,1,4,2,PR,KOVI,1,110,6.5,-99,-99,F,
2019,9,0,1,1,4,2,PR,KOVI,2,110,6.4,-99,-99,F,
2019,9,0,1,1,4,3,PR,KOVI,1,110,3.6,-99,-99,F,
2019,9,0,1,1,4,3,PR,POHY,2,100,1.7,-99,-99,N,
2019,9,0,1,1,4,3,PR,AMCA2,3,95,3.8,-99,-99,F,
2019,9,0,1,1,4,3,PR,AMCA2,4,75,1.9,-99,-99,N,
2019,9,0,1,1,4,3,PR,POHY,5,90,1.3,-99,-99,N,
2019,9,0,1,1,4,3,PR,POHY,6,110,2.4,-99,-99,N,
2019,9,0,1,1,4,3,PR,KOVI,7,95,2.4,-99,-99,F,
2019,9,0,1,1,4,3,PR,AMCA2,8,45,3.6,-99,-99,N,
2019,10,1,1,0,3,1,A,KOVI,1,105,1.5,-99,-99,N,
2019,10,1,1,0,3,1,A,KOVI,2,60,1.1,-99,-99,N,
2019,10,1,1,0,3,1,A,KOVI,3,70,1.1,-99,-99,N,
2019,10,1,1,0,3,1,B,ATPA4,1,30,2.4,-99,-99,N,
2019,10,1,1,0,3,1,C,ATPA4,1,80,1.8,-99,-99,N,
2019,10,1,1,0,3,1,C,ATPA4,2,55,1.1,-99,-99,N,
2019,10,1,1,0,3,1,E,IVFR,1,140,4.5,-99,-99,N,
2019,10,1,1,0,3,7,A,AMCA2,1,70,1.2,-99,-99,N,
2019,10,1,1,0,3,7,A,AMCA2,2,110,1.4,-99,-99,N,
2019,10,1,1,0,3,7,B,AMCA2,1,70,6.5,-99,-99,N,
2019,10,1,1,0,3,7,B,AMCA2,2,55,2.8,-99,-99,N,
2019,10,1,1,0,3,8,B,AMCA2,1,40,1.5,-99,-99,N,
2019,10,1,1,0,3,8,C,IVFR,1,65,2.4,-99,-99,N,
2019,10,1,1,0,3,9,A,IVFR,1,85,2.2,-99,-99,N,
2019,10,1,1,0,3,9,A,AMCA2,2,45,1,-99,-99,N,
2019,10,1,1,0,3,9,B,AMCA2,1,65,1.6,-99,-99,N,
2019,10,1,1,0,3,10,C,KOVI,1,105,4.5,-99,-99,N,
2019,10,1,1,0,3,10,C,POHY,2,80,1.5,-99,-99,F,
2019,10,0,1,0,3,1,PR,IVFR,1,65,0.1,-99,-99,F,
2019,10,0,1,0,3,2,PR,POHY,1,85,1.8,-99,-99,F,
2019,10,0,1,0,3,2,PR,POHY,2,80,0.1,-99,-99,F,
2019,10,0,1,0,3,2,PR,POHY,3,85,0.1,-99,-99,F,
2019,10,0,1,0,3,3,PR,POHY,1,90,3.4,-99,-99,N,
2019,10,0,1,0,3,3,PR,POHY,2,75,1.9,-99,-99,N,
2019,10,0,1,0,3,3,PR,POHY,3,85,0.4,-99,-99,F,
2019,10,0,1,0,3,3,PR,POHY,4,85,0.4,-99,-99,F,
2019,10,0,1,0,3,3,PR,POHY,5,80,0.5,-99,-99,F,
2019,10,0,1,0,3,3,PR,POHY,6,95,0.5,-99,-99,F,
2019,10,0,1,0,3,3,PR,POHY,7,95,0.1,-99,-99,F,
2019,10,0,1,0,3,3,PR,POHY,8,85,0.1,-99,-99,F,
2019,12,1,0,1,2,6,B,AMCA2,1,70,1.4,-99,-99,N,
2019,12,1,0,1,2,6,B,AMCA2,2,60,1.6,-99,-99,N,
2019,12,1,0,1,2,7,A,AMCA2,1,100,3.7,-99,-99,N,
2019,12,1,0,1,2,7,A,AMCA2,2,65,1.4,-99,-99,N,
2019,12,1,0,1,2,8,A,AMCA2,1,85,3.5,-99,-99,N,
2019,12,1,0,1,2,8,A,AMCA2,2,95,2.9,-99,-99,N,
2019,12,1,0,1,2,8,A,AMCA2,3,55,1.8,-99,-99,N,
2019,12,1,0,1,2,9,A,AMCA2,1,70,1.3,-99,-99,N,
2019,12,1,0,1,2,9,A,AMCA2,2,60,1.3,-99,-99,N,
2019,12,1,0,1,2,10,B,AMCA2,1,155,6.6,-99,-99,F,
2019,12,1,0,1,2,10,B,AMCA2,2,150,4.7,-99,-99,N,
2019,12,1,0,1,2,10,B,AMCA2,3,145,5.3,-99,-99,N,
2019,12,1,0,1,2,10,B,AMCA2,4,120,4.2,-99,-99,N,
2019,12,1,0,1,2,10,C,AMCA2,1,115,4.6,-99,-99,F,
2019,12,1,0,1,2,10,C,AMCA2,2,135,5.8,-99,-99,F,
2019,12,1,0,1,2,10,D,AMCA2,1,190,10.4,-99,-99,F,
2019,12,1,0,1,2,10,D,AMCA2,2,145,6.3,-99,-99,F,
2019,12,0,0,1,2,3,PR,AMCA2,1,65,3.6,-99,-99,N,
2020,1,1,0,0,1,1,C,AMCA2,1,65,2.11,-99,-99,N,
2020,1,1,0,0,1,1,C,AMCA2,2,40,2.1,-99,-99,F,
2020,1,1,0,0,1,1,C,AMCA2,3,33,0,-99,-99,N,
2020,1,1,0,0,1,1,C,AMCA2,4,43,1.1,-99,-99,N,
2020,1,1,0,0,1,1,C,AMCA2,5,41,0.8,-99,-99,N,
2020,1,1,0,0,1,1,C,AMCA2,6,47,1.3,-99,-99,F,
2020,1,1,0,0,1,1,C,AMCA2,7,35,0,-99,-99,N,
2020,1,1,0,0,1,1,D,AMCA2,1,62,1.7,-99,-99,N,
2020,1,1,0,0,1,1,D,POHY,2,44,1,-99,-99,N,
2020,1,1,0,0,1,1,D,POHY,3,73,2.2,-99,-99,N,
2020,1,1,0,0,1,1,D,POHY,4,84,2.4,-99,-99,N,
2020,1,1,0,0,1,1,D,POHY,5,74,2,-99,-99,N,
2020,1,1,0,0,1,1,D,AMCA2,6,76,2.1,-99,-99,N,
2020,1,1,0,0,1,1,D,AMCA2,7,80,2.7,-99,-99,N,
2020,1,1,0,0,1,1,D,AMCA2,8,82,2.1,-99,-99,N,
2020,1,1,0,0,1,1,D,AMCA2,9,66,1.4,-99,-99,N,
2020,1,1,0,0,1,1,D,AMCA2,10,91,2.1,-99,-99,N,
2020,1,1,0,0,1,1,D,AMCA2,11,83,2.4,-99,-99,N,
2020,1,1,0,0,1,1,E,AMCA2,1,33,0,-99,-99,N,
2020,1,1,0,0,1,1,E,AMCA2,2,34,0,-99,-99,N,
2020,1,1,0,0,1,1,E,AMCA2,3,46,1.6,-99,-99,N,
2020,1,1,0,0,1,1,E,AMCA2,4,65,3.2,-99,-99,N,
2020,1,1,0,0,1,1,E,AMCA2,5,70,3.3,-99,-99,N,
2020,1,1,0,0,1,1,E,AMCA2,6,54,1.5,-99,-99,N,
2020,1,1,0,0,1,1,E,AMCA2,7,118,7.5,-99,-99,N,
2020,1,1,0,0,1,1,E,AMCA2,8,48,1,-99,-99,N,
2020,1,1,0,0,1,1,E,AMCA2,9,53,1.4,-99,-99,N,
2020,1,1,0,0,1,1,E,AMCA2,10,56,1.5,-99,-99,N,
2020,1,1,0,0,1,1,E,AMCA2,11,61,2.4,-99,-99,N,
2020,1,1,0,0,1,1,E,AMCA2,12,69,2.8,-99,-99,N,
2020,1,1,0,0,1,1,E,AMCA2,13,76,3.1,-99,-99,N,
2020,1,1,0,0,1,1,E,AMCA2,14,70,2.7,-99,-99,N,
2020,1,1,0,0,1,1,E,AMCA2,15,83,3.7,-99,-99,N,
2020,1,1,0,0,1,1,E,AMCA2,16,95,5.4,-99,-99,N,
2020,1,1,0,0,1,1,E,AMCA2,17,84,1.9,-99,-99,N,
2020,1,1,0,0,1,1,E,AMCA2,18,54,1.2,-99,-99,N,
2020,1,1,0,0,1,1,E,AMCA2,19,56,1.4,-99,-99,N,
2020,1,1,0,0,1,1,E,AMCA2,19,71,2.7,-99,-99,N,
2020,1,1,0,0,1,2,A,AMCA2,1,68,0,-99,-99,N,
2020,1,1,0,0,1,2,A,AMCA2,2,31,0,-99,-99,N,
2020,1,1,0,0,1,2,A,AMCA2,3,36,0,-99,-99,N,
2020,1,1,0,0,1,2,A,AMCA2,4,38,0,-99,-99,N,
2020,1,1,0,0,1,2,A,AMCA2,5,39,0,-99,-99,N,
2020,1,1,0,0,1,2,A,AMCA2,6,39,0,-99,-99,N,
2020,1,1,0,0,1,2,A,AMCA2,7,37,0,-99,-99,N,
2020,1,1,0,0,1,2,A,AMCA2,8,36,0,-99,-99,N,
2020,1,1,0,0,1,2,B,SOSE,1,66,0,-99,-99,N,
2020,1,1,0,0,1,2,B,AMCA2,2,51,1.1,-99,-99,N,
2020,1,1,0,0,1,2,B,AMCA2,3,64,1.5,-99,-99,N,
2020,1,1,0,0,1,2,C,AMCA2,1,50,1.1,-99,-99,N,
2020,1,1,0,0,1,2,C,AMCA2,2,46,1,-99,-99,N,
2020,1,1,0,0,1,2,C,AMCA2,3,36,0,-99,-99,N,
2020,1,1,0,0,1,2,C,AMCA2,4,62,1,-99,-99,N,
2020,1,1,0,0,1,2,C,AMCA2,5,38,0,-99,-99,N,
2020,1,1,0,0,1,2,D,AMCA2,1,58,1.5,-99,-99,N,
2020,1,1,0,0,1,2,D,AMCA2,2,57,1.2,-99,-99,N,
2020,1,1,0,0,1,2,D,AMCA2,3,83,2.3,-99,-99,N,
2020,1,1,0,0,1,2,D,AMCA2,4,64,1.5,-99,-99,N,
2020,1,1,0,0,1,2,D,AMCA2,5,72,1.6,-99,-99,N,
2020,1,1,0,0,1,2,D,AMCA2,6,76,1.3,-99,-99,N,
2020,1,1,0,0,1,2,D,AMCA2,7,97,2.9,-99,-99,N,
2020,1,1,0,0,1,2,D,AMCA2,8,58,1.4,-99,-99,N,
2020,1,1,0,0,1,2,D,AMCA2,9,77,1.3,-99,-99,N,
2020,1,1,0,0,1,2,D,AMCA2,10,16,0,-99,-99,N,
2020,1,1,0,0,1,2,D,AMCA2,11,18,0,-99,-99,N,
2020,1,1,0,0,1,2,D,AMCA2,12,24,0,-99,-99,N,
2020,1,1,0,0,1,2,D,AMCA2,13,36,0,-99,-99,N,
2020,1,1,0,0,1,2,D,AMCA2,14,30,0,-99,-99,N,
2020,1,1,0,0,1,2,D,AMCA2,15,32,0,-99,-99,N,
2020,1,1,0,0,1,2,D,POHY,16,88,2.8,-99,-99,N,
2020,1,1,0,0,1,2,D,POHY,17,92,2.9,-99,-99,N,
2020,1,1,0,0,1,2,D,POHY,18,64,1.9,-99,-99,N,
2020,1,1,0,0,1,2,D,AMCA2,19,78,2.3,-99,-99,N,
2020,1,1,0,0,1,2,D,AMCA2,20,101,2.9,-99,-99,N,
2020,1,1,0,0,1,2,D,POHY,21,60,1.5,-99,-99,N,
2020,1,1,0,0,1,2,E,AMCA2,1,63,1.7,-99,-99,N,
2020,1,1,0,0,1,2,E,AMCA2,2,40,0,-99,-99,N,
2020,1,1,0,0,1,3,A,KOVI,1,37,0,-99,-99,N,
2020,1,1,0,0,1,3,B,AMCA2,1,38,0,-99,-99,N,
2020,1,1,0,0,1,3,B,AMCA2,2,42,0.6,-99,-99,N,
2020,1,1,0,0,1,3,B,AMCA2,3,43,0.8,-99,-99,N,
2020,1,1,0,0,1,3,B,AMCA2,4,48,0.6,-99,-99,N,
2020,1,1,0,0,1,3,C,AMCA2,1,54,1.1,-99,-99,N,
2020,1,1,0,0,1,3,C,AMCA2,2,53,0.9,-99,-99,N,
2020,1,1,0,0,1,3,C,AMCA2,3,50,1,-99,-99,N,
2020,1,1,0,0,1,3,C,AMCA2,4,76,1.9,-99,-99,N,
2020,1,1,0,0,1,3,C,AMCA2,5,52,1,-99,-99,N,
2020,1,1,0,0,1,3,C,AMCA2,6,38,0,-99,-99,N,
2020,1,1,0,0,1,3,C,AMCA2,7,37,0,-99,-99,N,
2020,1,1,0,0,1,3,C,AMCA2,8,32,0,-99,-99,N,
2020,1,1,0,0,1,3,C,AMCA2,9,38,0,-99,-99,N,
2020,1,1,0,0,1,3,D,AMCA2,1,105,2.8,-99,-99,N,
2020,1,1,0,0,1,3,D,AMCA2,2,93,2.8,-99,-99,N,
2020,1,1,0,0,1,3,D,AMCA2,3,82,2.2,-99,-99,N,
2020,1,1,0,0,1,3,D,AMCA2,4,87,2.3,-99,-99,N,
2020,1,1,0,0,1,3,D,AMCA2,5,92,3.3,-99,-99,N,
2020,1,1,0,0,1,3,D,AMCA2,6,46,0.7,-99,-99,N,
2020,1,1,0,0,1,3,D,AMCA2,7,62,0.7,-99,-99,N,
2020,1,1,0,0,1,3,D,AMCA2,8,38,0,-99,-99,N,
2020,1,1,0,0,1,3,D,AMCA2,9,33,0,-99,-99,N,
2020,1,1,0,0,1,3,D,AMCA2,10,36,0,-99,-99,N,
2020,1,1,0,0,1,4,B,AMCA2,1,81,3.5,-99,-99,N,
2020,1,1,0,0,1,4,B,AMCA2,2,78,1.8,-99,-99,N,
2020,1,1,0,0,1,4,B,AMCA2,3,60,1.7,-99,-99,N,
2020,1,1,0,0,1,4,B,AMCA2,4,38,0,-99,-99,N,
2020,1,1,0,0,1,4,C,ATPA4,1,60,0.9,-99,-99,N,
2020,1,1,0,0,1,4,C,AMCA2,2,79,2,-99,-99,N,
2020,1,1,0,0,1,4,C,AMCA2,3,72,1.6,-99,-99,N,
2020,1,1,0,0,1,4,C,AMCA2,4,75,1.8,-99,-99,N,
2020,1,1,0,0,1,4,C,AMCA2,5,54,1.4,-99,-99,N,
2020,1,1,0,0,1,4,C,AMCA2,6,71,2,-99,-99,N,
2020,1,1,0,0,1,4,C,AMCA2,7,56,1.4,-99,-99,N,
2020,1,1,0,0,1,4,C,AMCA2,8,73,2,-99,-99,N,
2020,1,1,0,0,1,4,C,AMCA2,9,68,1.4,-99,-99,N,
2020,1,1,0,0,1,4,C,AMCA2,10,75,2.1,-99,-99,N,
2020,1,1,0,0,1,4,D,AMCA2,1,87,3.8,-99,-99,N,
2020,1,1,0,0,1,4,D,AMCA2,2,83,3.5,-99,-99,N,
2020,1,1,0,0,1,4,D,AMCA2,3,77,2.8,-99,-99,N,
2020,1,1,0,0,1,4,D,AMCA2,4,84,4.2,-99,-99,N,
2020,1,1,0,0,1,4,D,AMCA2,5,74,1.8,-99,-99,N,
2020,1,1,0,0,1,4,D,AMCA2,6,53,1.5,-99,-99,N,
2020,1,1,0,0,1,4,D,AMCA2,7,61,1.8,-99,-99,N,
2020,1,1,0,0,1,4,D,AMCA2,8,50,1.2,-99,-99,N,
2020,1,1,0,0,1,4,D,AMCA2,9,68,1.5,-99,-99,N,
2020,1,1,0,0,1,4,D,AMCA2,10,86,1.9,-99,-99,N,
2020,1,1,0,0,1,4,D,SOSE,11,46,0,-99,-99,N,
2020,1,1,0,0,1,4,E,AMCA2,1,58,1.5,-99,-99,N,
2020,1,1,0,0,1,4,E,AMCA2,2,44,0.9,-99,-99,N,
2020,1,1,0,0,1,4,E,AMCA2,3,36,0,-99,-99,N,
2020,1,1,0,0,1,4,E,AMCA2,4,84,3.9,-99,-99,N,
2020,1,1,0,0,1,5,A,AMCA2,1,74,1.8,-99,-99,N,
2020,1,1,0,0,1,5,A,AMCA2,2,43,0.9,-99,-99,N,
2020,1,1,0,0,1,5,A,AMCA2,3,40,0.5,-99,-99,N,
2020,1,1,0,0,1,5,A,AMCA2,4,44,0.6,-99,-99,N,
2020,1,1,0,0,1,5,A,AMCA2,5,34,0,-99,-99,N,
2020,1,1,0,0,1,5,A,AMCA2,6,32,0,-99,-99,N,
2020,1,1,0,0,1,5,A,AMCA2,7,33,0,-99,-99,N,
2020,1,1,0,0,1,5,A,AMCA2,8,38,0,-99,-99,N,
2020,1,1,0,0,1,5,A,AMCA2,9,32,0,-99,-99,N,
2020,1,1,0,0,1,5,A,AMCA2,10,33,0,-99,-99,N,
2020,1,1,0,0,1,5,B,AMCA2,1,74,2,-99,-99,N,
2020,1,1,0,0,1,5,C,SOSE,1,88,3,-99,-99,N,
2020,1,1,0,0,1,5,C,SOSE,2,90,2.9,-99,-99,N,
2020,1,1,0,0,1,5,C,AMCA2,3,77,1.9,-99,-99,N,
2020,1,1,0,0,1,5,C,Pick One,4,96,4.3,-99,-99,N,
2020,1,1,0,0,1,5,C,AMCA2,5,86,3.4,-99,-99,N,
2020,1,1,0,0,1,5,C,AMCA2,6,93,4.8,-99,-99,N,
2020,1,1,0,0,1,5,C,AMCA2,7,73,1.9,-99,-99,N,
2020,1,1,0,0,1,5,C,AMCA2,8,58,1.6,-99,-99,N,
2020,1,1,0,0,1,5,C,AMCA2,9,57,1.7,-99,-99,N,
2020,1,1,0,0,1,5,C,AMCA2,10,44,1.7,-99,-99,F,
2020,1,1,0,0,1,5,C,AMCA2,11,33,0,-99,-99,N,
2020,1,1,0,0,1,5,C,AMCA2,12,39,0,-99,-99,N,
2020,1,1,0,0,1,5,D,AMCA2,1,32,0,-99,-99,N,
2020,1,1,0,0,1,6,A,AMCA2,1,38,0,-99,-99,N,
2020,1,1,0,0,1,6,B,AMCA2,1,41,1.9,-99,-99,N,
2020,1,1,0,0,1,6,B,AMCA2,2,38,0,-99,-99,N,
2020,1,1,0,0,1,6,B,AMCA2,3,36,0,-99,-99,N,
2020,1,1,0,0,1,6,B,AMCA2,4,72,2.1,-99,-99,N,
2020,1,1,0,0,1,6,B,SOSE,5,32,0,-99,-99,N,
2020,1,1,0,0,1,6,C,KOVI,1,35,0,-99,-99,N,
2020,1,1,0,0,1,6,E,SOSE,1,112,4.9,-99,-99,N,
2020,1,1,0,0,1,7,A,AMCA2,1,53,0,-99,-99,N,
2020,1,1,0,0,1,7,A,AMCA2,2,53,1.8,-99,-99,N,
2020,1,1,0,0,1,7,A,AMCA2,3,28,1.2,-99,-99,N,
2020,1,1,0,0,1,7,A,AMCA2,4,27,0,-99,-99,N,
2020,1,1,0,0,1,7,A,AMCA2,5,27,0,-99,-99,N,
2020,1,1,0,0,1,7,A,Pick One,6,26,0,-99,-99,N,
2020,1,1,0,0,1,7,D,SOSE,1,73,4.3,-99,-99,N,
2020,1,1,0,0,1,7,D,SOSE,2,77,4.8,-99,-99,N,
2020,1,1,0,0,1,7,D,SOSE,3,96,5.4,-99,-99,N,
2020,1,1,0,0,1,7,D,SOSE,4,102,4.4,-99,-99,N,
2020,1,1,0,0,1,7,D,SOSE,5,140,6.2,-99,-99,N,
2020,1,1,0,0,1,7,D,SOSE,6,123,5.5,-99,-99,N,
2020,1,1,0,0,1,7,D,SOSE,7,100,2.4,-99,-99,N,
2020,1,1,0,0,1,7,D,SOSE,8,82,4.8,-99,-99,N,
2020,1,1,0,0,1,7,D,SOSE,9,127,7.5,-99,-99,N,
2020,1,1,0,0,1,7,D,SOSE,10,122,4.4,-99,-99,N,
2020,1,1,0,0,1,7,D,SOSE,11,107,5.4,-99,-99,N,
2020,1,1,0,0,1,7,E,SOSE,1,107,5.4,-99,-99,N,
2020,1,1,0,0,1,7,E,SOSE,2,87,5.8,-99,-99,N,
2020,1,1,0,0,1,7,E,SOSE,3,77,7.5,-99,-99,N,
2020,1,1,0,0,1,8,A,AMCA2,1,49,0.9,-99,-99,N,
2020,1,1,0,0,1,8,A,AMCA2,2,38,0,-99,-99,N,
2020,1,1,0,0,1,8,A,AMCA2,3,33,0,-99,-99,N,
2020,1,1,0,0,1,8,B,KOVI,1,98,4.1,-99,-99,N,
2020,1,1,0,0,1,8,B,AMCA2,2,44,0.7,-99,-99,N,
2020,1,1,0,0,1,9,A,SOSE,1,42,0,-99,-99,N,
2020,1,1,0,0,1,9,C,KOVI,1,34,0,-99,-99,N,
2020,1,1,0,0,1,9,C,IVFR,2,97,4.5,-99,-99,N,
2020,1,1,0,0,1,9,C,IVFR,3,98,3.4,-99,-99,N,
2020,1,1,0,0,1,10,B,AMCA2,1,58,2.5,-99,-99,N,
2020,1,1,0,0,1,10,C,SOSE,1,35,0,-99,-99,N,
2020,1,0,0,0,1,1,PR,SOSE,1,58,0,-99,-99,N,
2020,1,0,0,0,1,1,PR,AMCA2,2,66,4.9,-99,-99,N,
2020,1,0,0,0,1,1,PR,SOSE,3,127,4.3,-99,-99,N,
2020,1,0,0,0,1,2,PR,SCRO5,1,133,4,-99,-99,N,
2020,2,1,1,0,3,1,A,AMCA2,1,67,2.3,-99,-99,F,
2020,2,1,1,0,3,1,A,AMCA2,2,78,1.7,-99,-99,N,
2020,2,1,1,0,3,1,C,ATPA4,1,86,1.2,-99,-99,N,
2020,2,1,1,0,3,2,A,AMCA2,1,67,1.7,-99,-99,F,
2020,2,1,1,0,3,2,A,AMCA2,2,75,3.4,-99,-99,N,
2020,2,1,1,0,3,2,A,AMCA2,3,72,2.8,-99,-99,N,
2020,2,1,1,0,3,2,A,ATPA4,4,81,1.2,-99,-99,N,
2020,2,1,1,0,3,2,B,ASTER,1,118,2.2,-99,-99,N,
2020,2,1,1,0,3,2,C,ASTER,1,92,2.2,-99,-99,N,
2020,2,1,1,0,3,2,C,ASTER,2,81,1.5,-99,-99,N,
2020,2,1,1,0,3,2,C,ASTER,3,28,0,-99,-99,N,
2020,2,1,1,0,3,2,D,ASTER,1,117,1.8,-99,-99,N,
2020,2,1,1,0,3,3,C,KOVI,1,150,7.2,-99,-99,N,
2020,2,1,1,0,3,3,C,KOVI,2,123,4.2,-99,-99,N,
2020,2,1,1,0,3,3,C,KOVI,3,124,5,-99,-99,N,
2020,2,1,1,0,3,3,C,KOVI,4,162,7.8,-99,-99,N,
2020,2,1,1,0,3,3,C,KOVI,5,132,5.6,-99,-99,N,
2020,2,1,1,0,3,3,C,KOVI,6,146,6.5,-99,-99,N,
2020,2,1,1,0,3,3,D,KOVI,1,96,3,-99,-99,F,
2020,2,1,1,0,3,4,D,ASTER,1,49,0,-99,-99,N,
2020,2,1,1,0,3,5,B,KOVI,1,134,5.6,-99,-99,N,
2020,2,1,1,0,3,5,B,KOVI,2,115,4.8,-99,-99,N,
2020,2,1,1,0,3,5,B,KOVI,3,120,4.8,-99,-99,N,
2020,2,1,1,0,3,5,B,KOVI,4,102,3.1,-99,-99,N,
2020,2,1,1,0,3,5,D,ASTER,1,67,0.8,-99,-99,N,
2020,2,1,1,0,3,5,E,ASTER,1,111,1.2,-99,-99,N,
2020,2,1,1,0,3,6,A,SOSE,1,124,4.5,-99,-99,N,
2020,2,1,1,0,3,6,A,SOSE,2,85,2.7,-99,-99,N,
2020,2,1,1,0,3,6,A,SOSE,3,73,2.2,-99,-99,F,
2020,2,1,1,0,3,6,B,SOSE,1,40,0,-99,-99,N,
2020,2,1,1,0,3,6,B,IVFR,2,101,3.2,-99,-99,N,
2020,2,1,1,0,3,6,D,ASTER,1,82,1.3,-99,-99,N,
2020,2,1,1,0,3,7,A,SOSE,1,99,3.9,-99,-99,N,
2020,2,1,1,0,3,8,B,SOSE,1,65,0,-99,-99,N,
2020,2,1,1,0,3,9,A,SOSE,1,123,5.7,-99,-99,N,
2020,2,1,1,0,3,9,A,SOSE,2,71,2.9,-99,-99,N,
2020,2,1,1,0,3,9,A,SOSE,3,79,4.4,-99,-99,N,
2020,2,1,1,0,3,9,A,SOSE,4,69,2.1,-99,-99,N,
2020,2,1,1,0,3,9,A,SOSE,5,103,4.2,-99,-99,N,
2020,2,1,1,0,3,9,B,SOSE,1,73,0,-99,-99,N,
2020,2,1,1,0,3,9,D,SOSE,1,84,0,-99,-99,N,
2020,2,1,1,0,3,10,A,SOSE,1,141,6.2,-99,-99,N,
2020,2,1,1,0,3,10,A,SOSE,2,65,2.7,-99,-99,N,
2020,2,1,1,0,3,10,B,SOSE,1,131,4.7,-99,-99,N,
2020,2,1,1,0,3,10,B,SOSE,2,128,5.5,-99,-99,F,
2020,2,1,1,0,3,10,B,KOVI,3,138,8.2,-99,-99,N,
2020,2,1,1,0,3,10,C,SOSE,1,73,0,-99,-99,N,
2020,2,1,1,0,3,10,D,SOSE,1,77,0,-99,-99,N,
2020,2,1,1,0,3,10,E,ATPA4,1,22,0,-99,-99,N,
2020,2,0,1,0,3,1,NR,ATPA4,1,55,1.4,-99,-99,N,
2020,2,0,1,0,3,1,NR,ATPA4,2,47,0,-99,-99,N,
2020,2,0,1,0,3,2,NR,ATPA4,1,61,0.9,-99,-99,N,
2020,2,0,1,0,3,1,PR,SOSE,1,69,3.2,-99,-99,F,
2020,2,0,1,0,3,1,PR,SCRO5,2,150,4.4,-99,-99,N,
2020,2,0,1,0,3,2,PR,SCRO5,1,173,4.7,-99,-99,N,
2020,3,1,0,1,2,1,A,SOSE,1,61,1.9,-99,-99,N,
2020,3,1,0,1,2,1,A,SOSE,2,75,2.5,-99,-99,N,
2020,3,1,0,1,2,1,C,SOSE,1,111,4.7,-99,-99,N,
2020,3,1,0,1,2,1,C,SOSE,2,77,2.5,-99,-99,N,
2020,3,1,0,1,2,1,C,AMCA2,3,182,9.3,-99,-99,N,
2020,3,1,0,1,2,1,C,AMCA2,4,120,5,-99,-99,N,
2020,3,1,0,1,2,1,D,AMCA2,1,115,5.2,-99,-99,N,
2020,3,1,0,1,2,1,D,AMCA2,2,110,6,-99,-99,N,
2020,3,1,0,1,2,1,E,AMCA2,1,82,3.1,-99,-99,N,
2020,3,1,0,1,2,2,B,SOSE,1,65,2.5,-99,-99,N,
2020,3,1,0,1,2,2,C,AMCA2,1,70,2.4,-99,-99,N,
2020,3,1,0,1,2,3,C,AMCA2,1,101,3.5,-99,-99,N,
2020,3,1,0,1,2,3,D,SOSE,1,130,3.3,-99,-99,N,
2020,3,1,0,1,2,3,D,SOSE,2,122,3.1,-99,-99,N,
2020,3,1,0,1,2,4,B,AMCA2,1,67,1.4,-99,-99,N,
2020,3,1,0,1,2,4,D,SOSE,1,73,0,-99,-99,N,
2020,3,1,0,1,2,4,E,SOSE,1,155,5.5,-99,-99,N,
2020,3,1,0,1,2,4,E,SOSE,2,154,5.3,-99,-99,N,
2020,3,1,0,1,2,4,E,SOSE,3,59,0,-99,-99,N,
2020,3,1,0,1,2,5,A,SOSE,1,125,4,-99,-99,N,
2020,3,1,0,1,2,5,A,SOSE,2,126,3,-99,-99,N,
2020,3,1,0,1,2,5,B,SOSE,1,85,2.9,-99,-99,N,
2020,3,1,0,1,2,5,E,SOSE,1,170,6.6,-99,-99,N,
2020,3,1,0,1,2,6,A,SOSE,1,121,3.3,-99,-99,N,
2020,3,1,0,1,2,6,A,SOSE,2,82,3.3,-99,-99,N,
2020,3,1,0,1,2,6,B,SOSE,1,82,2.9,-99,-99,N,
2020,3,1,0,1,2,9,B,SOSE,1,127,4.9,-99,-99,N,
2020,3,1,0,1,2,9,C,SOSE,1,145,4.6,-99,-99,N,
2020,3,1,0,1,2,9,C,SOSE,2,76,2.4,-99,-99,N,
2020,3,1,0,1,2,9,C,SOSE,3,75,2.8,-99,-99,N,
2020,3,1,0,1,2,10,B,SOSE,1,121,4.1,-99,-99,N,
2020,3,1,0,1,2,10,B,SOSE,2,131,4.4,-99,-99,N,
2020,3,1,0,1,2,10,B,SOSE,3,90,3.1,-99,-99,N,
2020,3,1,0,1,2,10,B,SOSE,4,131,5.3,-99,-99,N,
2020,3,1,0,1,2,10,C,SOSE,1,117,4.6,-99,-99,N,
2020,3,1,0,1,2,10,C,SOSE,2,109,4.3,-99,-99,N,
2020,3,1,0,1,2,10,C,SOSE,3,145,5.3,-99,-99,N,
2020,3,0,0,1,2,1,NR,AMCA2,1,52,2.6,-99,-99,F,
2020,3,0,0,1,2,1,NR,AMCA2,2,65,6.2,-99,-99,F,
2020,3,0,0,1,2,1,NR,AMCA2,3,62,5.6,-99,-99,F,
2020,3,0,0,1,2,1,NR,AMCA2,4,107,8.2,-99,-99,N,
2020,3,0,0,1,2,1,NR,AMCA2,5,75,13.1,-99,-99,F,
2020,3,0,0,1,2,1,NR,AMCA2,6,72,3.4,-99,-99,N,
2020,3,0,0,1,2,1,NR,AMCA2,7,138,13.2,-99,-99,N,
2020,3,0,0,1,2,1,NR,AMCA2,8,126,9.5,-99,-99,N,
2020,3,0,0,1,2,1,NR,AMCA2,9,40,2.1,-99,-99,N,
2020,3,0,0,1,2,1,NR,AMCA2,10,40,1.4,-99,-99,F,
2020,3,0,0,1,2,1,NR,AMCA2,11,63,2.4,-99,-99,N,
2020,3,0,0,1,2,1,NR,AMCA2,12,62,3.7,-99,-99,F,
2020,3,0,0,1,2,1,NR,AMCA2,13,60,0,-99,-99,N,
2020,3,0,0,1,2,2,NR,AMCA2,1,117,10.6,-99,-99,F,
2020,3,0,0,1,2,2,NR,AMCA2,2,96,7,-99,-99,N,
2020,3,0,0,1,2,3,NR,AMCA2,1,194,25.9,-99,-99,N,
2020,3,0,0,1,2,3,NR,HIBIS2,2,110,4,-99,-99,N,
2020,3,0,0,1,2,3,NR,AMCA2,3,75,3,-99,-99,F,
2020,3,0,0,1,2,3,NR,AMCA2,4,36,2,-99,-99,F,
2020,3,0,0,1,2,3,NR,AMCA2,5,56,1.6,-99,-99,N,
2020,3,0,0,1,2,1,PR,AMCA2,1,129,8.6,-99,-99,N,
2020,3,0,0,1,2,1,PR,AMCA2,2,111,11.6,-99,-99,N,
2020,3,0,0,1,2,2,PR,AMCA2,1,36,1.9,-99,-99,N,
2020,4,1,1,1,4,1,C,ASTER,1,126,2.1,-99,-99,N,
2020,4,1,1,1,4,1,C,ASTER,2,67,1.5,-99,-99,N,
2020,4,1,1,1,4,1,C,ASTER,3,85,1.2,-99,-99,N,
2020,4,1,1,1,4,1,E,KOVI,1,125,5.4,-99,-99,N,
2020,4,1,1,1,4,1,E,KOVI,2,125,3.9,-99,-99,N,
2020,4,1,1,1,4,2,C,ASTER,1,96,1.4,-99,-99,N,
2020,4,1,1,1,4,2,C,ASTER,2,116,0.8,-99,-99,N,
2020,4,1,1,1,4,3,B,KOVI,1,204,7.1,-99,-99,N,
2020,4,1,1,1,4,3,B,KOVI,2,215,11.8,-99,-99,N,
2020,4,1,1,1,4,3,D,SOSE,1,105,5.4,-99,-99,N,
2020,4,1,1,1,4,3,D,SOSE,2,136,5.2,-99,-99,N,
2020,4,1,1,1,4,3,D,SOSE,3,120,3.8,-99,-99,N,
2020,4,1,1,1,4,3,D,SOSE,4,123,3.8,-99,-99,N,
2020,4,1,1,1,4,3,D,SOSE,5,129,4.6,-99,-99,N,
2020,4,1,1,1,4,3,D,SOSE,6,95,2.6,-99,-99,N,
2020,4,1,1,1,4,3,D,SOSE,7,53,2,-99,-99,N,
2020,4,1,1,1,4,3,E,SOSE,1,158,4.8,-99,-99,N,
2020,4,1,1,1,4,3,E,SOSE,2,121,4,-99,-99,F,
2020,4,1,1,1,4,3,E,SOSE,3,114,3.1,-99,-99,N,
2020,4,1,1,1,4,3,E,SOSE,4,117,4.1,-99,-99,F,
2020,4,1,1,1,4,3,E,SOSE,5,164,5.4,-99,-99,N,
2020,4,1,1,1,4,3,E,SOSE,6,135,5.4,-99,-99,N,
2020,4,1,1,1,4,4,A,KOVI,1,204,7.4,-99,-99,N,
2020,4,1,1,1,4,4,A,KOVI,2,111,2.4,-99,-99,N,
2020,4,1,1,1,4,4,B,KOVI,1,199,6.1,-99,-99,N,
2020,4,1,1,1,4,4,B,KOVI,2,127,3,-99,-99,N,
2020,4,1,1,1,4,4,D,SOSE,1,110,3.9,-99,-99,N,
2020,4,1,1,1,4,4,D,SOSE,2,99,3.2,-99,-99,N,
2020,4,1,1,1,4,4,D,SOSE,3,78,4.1,-99,-99,N,
2020,4,1,1,1,4,4,D,SOSE,4,134,4.3,-99,-99,N,
2020,4,1,1,1,4,4,D,SOSE,5,152,5.8,-99,-99,N,
2020,4,1,1,1,4,4,E,SOSE,1,156,5.7,-99,-99,N,
2020,4,1,1,1,4,4,E,SOSE,2,127,5,-99,-99,N,
2020,4,1,1,1,4,4,E,SOSE,3,179,6,-99,-99,N,
2020,4,1,1,1,4,4,E,SOSE,4,152,5.6,-99,-99,N,
2020,4,1,1,1,4,4,E,SOSE,5,176,5.5,-99,-99,N,
2020,4,1,1,1,4,4,E,SOSE,6,134,3.8,-99,-99,N,
2020,4,1,1,1,4,4,E,SOSE,7,89,4.9,-99,-99,N,
2020,4,1,1,1,4,5,B,KOVI,1,159,5,-99,-99,N,
2020,4,1,1,1,4,5,B,KOVI,2,201,6.7,-99,-99,N,
2020,4,1,1,1,4,5,B,KOVI,3,122,3.2,-99,-99,N,
2020,4,1,1,1,4,5,C,SOSE,1,163,6.9,-99,-99,N,
2020,4,1,1,1,4,5,D,SOSE,1,90,2.9,-99,-99,N,
2020,4,1,1,1,4,5,D,SOSE,2,80,4.1,-99,-99,N,
2020,4,1,1,1,4,6,B,KOVI,1,114,9.2,-99,-99,N,
2020,4,1,1,1,4,6,B,KOVI,2,188,6.8,-99,-99,N,
2020,4,1,1,1,4,6,C,SOSE,1,100,6.3,-99,-99,F,
2020,4,1,1,1,4,6,C,SOSE,2,70,3.6,-99,-99,F,
2020,4,1,1,1,4,6,C,SOSE,3,142,4.9,-99,-99,F,
2020,4,1,1,1,4,6,D,SOSE,1,83,6.8,-99,-99,F,
2020,4,1,1,1,4,6,D,SOSE,2,130,7.5,-99,-99,N,
2020,4,1,1,1,4,6,D,SOSE,3,70,4.7,-99,-99,N,
2020,4,1,1,1,4,6,D,SOSE,4,80,1.4,-99,-99,N,
2020,4,1,1,1,4,6,D,SOSE,5,110,4.3,-99,-99,N,
2020,4,1,1,1,4,6,E,KOVI,1,218,11.1,-99,-99,N,
2020,4,1,1,1,4,6,E,KOVI,2,167,6.1,-99,-99,N,
2020,4,1,1,1,4,6,E,SOSE,3,140,6,-99,-99,N,
2020,4,1,1,1,4,6,E,KOVI,4,219,8,-99,-99,N,
2020,4,1,1,1,4,6,E,KOVI,5,199,6.2,-99,-99,N,
2020,4,1,1,1,4,6,E,KOVI,6,164,4.4,-99,-99,N,
2020,4,1,1,1,4,6,E,KOVI,7,207,7,-99,-99,N,
2020,4,1,1,1,4,6,E,KOVI,8,195,5.9,-99,-99,N,
2020,4,1,1,1,4,6,E,KOVI,9,210,8.5,-99,-99,N,
2020,4,1,1,1,4,6,E,KOVI,10,132,3.7,-99,-99,N,
2020,4,1,1,1,4,6,E,KOVI,11,148,3.9,-99,-99,F,
2020,4,1,1,1,4,7,C,SOSE,1,79,0,-99,-99,N,
2020,4,1,1,1,4,7,E,KOVI,1,215,9.8,-99,-99,N,
2020,4,1,1,1,4,8,A,ASTER,1,95,1.3,-99,-99,N,
2020,4,1,1,1,4,8,A,ASTER,2,99,1.7,-99,-99,N,
2020,4,1,1,1,4,8,A,ASTER,3,75,1.5,-99,-99,N,
2020,4,1,1,1,4,8,A,ASTER,4,104,1.6,-99,-99,N,
2020,4,1,1,1,4,8,B,ASTER,1,84,1.3,-99,-99,N,
2020,4,1,1,1,4,8,B,ASTER,2,102,1.8,-99,-99,N,
2020,4,1,1,1,4,8,B,ASTER,3,103,1.8,-99,-99,N,
2020,4,1,1,1,4,8,B,ASTER,4,82,0.9,-99,-99,N,
2020,4,1,1,1,4,8,C,ASTER,1,110,2.7,-99,-99,N,
2020,4,1,1,1,4,8,D,ASTER,1,103,1.4,-99,-99,N,
2020,4,1,1,1,4,8,D,ASTER,2,88,1.4,-99,-99,N,
2020,4,1,1,1,4,8,E,ASTER,1,75,0.9,-99,-99,N,
2020,4,1,1,1,4,8,E,ASTER,2,74,1,-99,-99,N,
2020,4,1,1,1,4,8,E,ASTER,3,78,1.2,-99,-99,N,
2020,4,1,1,1,4,8,E,ASTER,4,65,0.8,-99,-99,N,
2020,4,1,1,1,4,8,E,ASTER,5,87,1.4,-99,-99,N,
2020,4,1,1,1,4,9,A,SOSE,1,103,3.9,-99,-99,F,
2020,4,1,1,1,4,9,A,SOSE,2,159,5.2,-99,-99,N,
2020,4,1,1,1,4,9,B,SOSE,1,143,4.6,-99,-99,N,
2020,4,1,1,1,4,9,B,SOSE,2,170,5,-99,-99,N,
2020,4,1,1,1,4,9,B,SOSE,3,177,5.6,-99,-99,N,
2020,4,1,1,1,4,9,E,ASTER,1,83,1.4,-99,-99,N,
2020,4,1,1,1,4,10,A,SOSE,1,147,6.4,-99,-99,N,
2020,4,1,1,1,4,10,A,SOSE,2,171,7.7,-99,-99,N,
2020,4,1,1,1,4,10,B,SOSE,1,119,5.8,-99,-99,N,
2020,4,1,1,1,4,10,B,SOSE,2,153,5.9,-99,-99,N,
2020,4,1,1,1,4,10,B,SOSE,3,100,3.9,-99,-99,F,
2020,4,1,1,1,4,10,B,SOSE,4,151,5.8,-99,-99,N,
2020,4,1,1,1,4,10,C,ASTER,1,92,1.6,-99,-99,N,
2020,4,1,1,1,4,10,C,ASTER,2,87,1.2,-99,-99,N,
2020,4,1,1,1,4,10,C,ASTER,3,54,0.9,-99,-99,N,
2020,4,1,1,1,4,10,D,ASTER,1,76,1.5,-99,-99,N,
2020,4,1,1,1,4,10,D,ASTER,2,89,1.4,-99,-99,N,
2020,4,1,1,1,4,10,D,ASTER,3,58,0.7,-99,-99,N,
2020,4,1,1,1,4,10,E,KOVI,1,234,12.1,-99,-99,N,
2020,4,1,1,1,4,10,E,KOVI,2,160,4.8,-99,-99,N,
2020,4,1,1,1,4,10,E,KOVI,3,203,9.2,-99,-99,N,
2020,4,1,1,1,4,10,E,KOVI,4,70,2,-99,-99,N,
2020,4,0,1,1,4,3,PR,KOVI,1,157,8.7,-99,-99,N,
2020,5,1,1,0,3,1,D,AMCA2,1,27,0,-99,-99,N,
2020,5,1,1,0,3,3,A,AMCA2,1,45,0,-99,-99,N,
2020,5,1,1,0,3,3,B,AMCA2,1,85,1.4,-99,-99,N,
2020,5,1,1,0,3,3,C,AMCA2,1,71,2.5,-99,-99,N,
2020,5,1,1,0,3,3,C,AMCA2,2,45,0,-99,-99,N,
2020,5,1,1,0,3,3,D,AMCA2,1,97,3.6,-99,-99,N,
2020,5,1,1,0,3,4,A,KOVI,1,20,0,-99,-99,N,
2020,5,1,1,0,3,4,A,AMCA2,2,55,1.7,-99,-99,N,
2020,5,1,1,0,3,4,B,AMCA2,1,63,1.4,-99,-99,N,
2020,5,1,1,0,3,4,B,AMCA2,2,74,2.3,-99,-99,N,
2020,5,1,1,0,3,4,C,AMCA2,1,40,0,-99,-99,N,
2020,5,1,1,0,3,4,C,KOVI,2,129,4.8,-99,-99,N,
2020,5,1,1,0,3,4,D,AMCA2,1,73,2.6,-99,-99,N,
2020,5,1,1,0,3,5,C,KOVI,1,91,3.3,-99,-99,N,
2020,5,1,1,0,3,5,C,KOVI,2,141,4.7,-99,-99,N,
2020,5,1,1,0,3,5,C,KOVI,3,165,5,-99,-99,N,
2020,5,1,1,0,3,5,C,KOVI,4,160,6.1,-99,-99,N,
2020,5,1,1,0,3,5,C,AMCA2,5,99,2.2,-99,-99,N,
2020,5,1,1,0,3,5,C,AMCA2,6,45,0,-99,-99,N,
2020,5,1,1,0,3,5,D,KOVI,1,176,8.2,-99,-99,N,
2020,5,1,1,0,3,5,D,KOVI,2,176,8.5,-99,-99,N,
2020,5,1,1,0,3,5,D,KOVI,3,93,2.9,-99,-99,N,
2020,5,1,1,0,3,6,A,AMCA2,1,50,0.9,-99,-99,N,
2020,5,1,1,0,3,6,A,KOVI,2,142,5.6,-99,-99,N,
2020,5,1,1,0,3,6,A,KOVI,3,103,3.2,-99,-99,N,
2020,5,1,1,0,3,6,A,KOVI,4,99,2.7,-99,-99,N,
2020,5,1,1,0,3,6,A,KOVI,5,158,6.8,-99,-99,N,
2020,5,1,1,0,3,6,A,KOVI,6,109,2.9,-99,-99,N,
2020,5,1,1,0,3,6,A,KOVI,7,110,3,-99,-99,N,
2020,5,1,1,0,3,6,B,AMCA2,1,51,0.8,-99,-99,N,
2020,5,1,1,0,3,7,A,KOVI,2,130,5.4,-99,-99,N,
2020,5,1,1,0,3,9,C,AMCA2,1,21,0,-99,-99,N,
2020,5,1,1,0,3,9,C,AMCA2,2,26,0,-99,-99,N,
2020,5,1,1,0,3,9,C,AMCA2,3,27,0,-99,-99,N,
2020,5,1,1,0,3,9,D,KOVI,1,23,0,-99,-99,N,
2020,5,1,1,0,3,10,D,KOVI,1,23,0,-99,-99,N,
2020,5,1,1,0,3,10,E,ASTER,1,44,0,-99,-99,N,
2020,5,1,1,0,3,10,E,ASTER,2,99,1.6,-99,-99,N,
2020,5,0,1,0,3,1,NR,AMCA2,1,51,1.3,-99,-99,N,
2020,5,0,1,0,3,2,NR,AMCA2,1,35,0,-99,-99,N,
2020,5,0,1,0,3,2,NR,AMCA2,2,48,0,-99,-99,N,
2020,5,0,1,0,3,2,NR,AMCA2,3,40,0,-99,-99,N,
2020,5,0,1,0,3,2,NR,AMCA2,4,43,0,-99,-99,N,
2020,5,0,1,0,3,2,NR,AMCA2,5,49,0,-99,-99,N,
2020,5,0,1,0,3,2,NR,AMCA2,6,43,0,-99,-99,F,
2020,5,0,1,0,3,3,NR,AMCA2,1,47,0,-99,-99,N,
2020,5,0,1,0,3,1,PR,AMCA2,1,40,0,-99,-99,N,
2020,5,0,1,0,3,1,PR,AMCA2,2,28,0,-99,-99,F,
2020,5,0,1,0,3,2,PR,AMCA2,1,66,3.2,-99,-99,N,
2020,6,1,0,1,2,1,A,KOVI,1,170,4.4,-99,-99,N,
2020,6,1,0,1,2,1,A,KOVI,2,135,3.1,-99,-99,N,
2020,6,1,0,1,2,1,A,KOVI,3,200,5.2,-99,-99,N,
2020,6,1,0,1,2,1,B,KOVI,1,82,1.8,-99,-99,N,
2020,6,1,0,1,2,2,A,KOVI,1,190,5.6,-99,-99,N,
2020,6,1,0,1,2,2,C,AMCA2,1,94,3.4,-99,-99,N,
2020,6,1,0,1,2,9,C,IVFR,1,81,2.4,-99,-99,N,
2020,6,1,0,1,2,9,D,ATPA4,1,38,0,-99,-99,N,
2020,6,1,0,1,2,9,D,IVFR,2,46,0,-99,-99,N,
2020,6,1,0,1,2,9,D,ATPA4,3,47,0.7,-99,-99,N,
2020,6,1,0,1,2,9,E,IVFR,1,125,6.8,-99,-99,F,
2020,6,1,0,1,2,10,A,ATPA4,1,40,1,-99,-99,N,
2020,6,1,0,1,2,10,B,ATPA4,1,75,1.3,-99,-99,N,
2020,6,1,0,1,2,10,B,ATPA4,2,44,0,-99,-99,N,
2020,6,1,0,1,2,10,B,ATPA4,3,39,0,-99,-99,N,
2020,6,1,0,1,2,10,D,AMCA2,1,69,1.9,-99,-99,N,
2020,6,1,0,1,2,10,D,IVFR,2,151,5.5,-99,-99,N,
2020,6,1,0,1,2,10,D,IVFR,3,79,2.4,-99,-99,N,
2020,6,1,0,1,2,10,E,IVFR,1,155,5.1,-99,-99,N,
2020,6,1,0,1,2,10,E,IVFR,2,123,3.9,-99,-99,N,
2020,6,1,0,1,2,10,E,IVFR,3,77,2.5,-99,-99,N,
2020,6,1,0,1,2,10,E,IVFR,4,124,3.9,-99,-99,N,
2020,6,1,0,1,2,10,E,IVFR,5,127,4.1,-99,-99,N,
2020,6,1,0,1,2,10,E,IVFR,6,84,3,-99,-99,N,
2020,6,0,0,1,2,1,NR,ATPA4,1,100,1.9,-99,-99,N,
2020,6,0,0,1,2,1,NR,ATPA4,2,80,2.1,-99,-99,N,
2020,6,0,0,1,2,1,NR,AMCA2,3,80,3,-99,-99,N,
2020,6,0,0,1,2,1,NR,AMCA2,4,69,2.7,-99,-99,N,
2020,6,0,0,1,2,1,NR,AMCA2,5,74,2.2,-99,-99,N,
2020,6,0,0,1,2,2,NR,AMCA2,1,61,1.7,-99,-99,N,
2020,6,0,0,1,2,2,NR,ATPA4,2,54,0.6,-99,-99,N,
2020,6,0,0,1,2,2,NR,ATPA4,3,70,1.8,-99,-99,N,
2020,7,1,1,1,4,8,B,ATPA4,1,146,2.2,-99,-99,N,
2020,7,1,1,1,4,8,B,AMCA2,2,67,2.1,-99,-99,F,
2020,7,1,1,1,4,9,A,ATPA4,2,80,1.5,-99,-99,F,
2020,7,1,1,1,4,9,E,ATPA4,1,112,1.5,-99,-99,N,
2020,7,1,1,1,4,10,D,ATPA4,1,64,0.8,-99,-99,N,
2020,8,1,0,0,1,1,A,AMCA2,1,78,3.4,-99,-99,N,
2020,8,1,0,0,1,1,A,AMCA2,2,70,2.6,-99,-99,N,
2020,8,1,0,0,1,1,A,AMCA2,3,51,1.6,-99,-99,N,
2020,8,1,0,0,1,1,A,AMCA2,4,78,2.5,-99,-99,N,
2020,8,1,0,0,1,1,A,AMCA2,5,61,2,-99,-99,N,
2020,8,1,0,0,1,1,B,AMCA2,1,81,2.7,-99,-99,N,
2020,8,1,0,0,1,1,C,AMCA2,1,76,2.4,-99,-99,N,
2020,8,1,0,0,1,2,A,AMCA2,1,88,3.2,-99,-99,N,
2020,8,1,0,0,1,2,A,AMCA2,2,54,1.6,-99,-99,N,
2020,8,1,0,0,1,2,A,AMCA2,3,58,1.1,-99,-99,N,
2020,8,1,0,0,1,2,B,AMCA2,1,47,0.7,-99,-99,N,
2020,8,1,0,0,1,3,A,AMCA2,1,64,1.2,-99,-99,N,
2020,8,1,0,0,1,3,A,AMCA2,2,45,0.9,-99,-99,N,
2020,8,1,0,0,1,3,A,AMCA2,3,73,1.9,-99,-99,N,
2020,8,1,0,0,1,3,A,AMCA2,4,72,1.6,-99,-99,N,
2020,8,1,0,0,1,3,A,AMCA2,5,54,0.9,-99,-99,N,
2020,8,1,0,0,1,3,B,AMCA2,1,67,1.5,-99,-99,N,
2020,8,1,0,0,1,8,A,AMCA2,1,73,2.6,-99,-99,N,
2020,8,1,0,0,1,8,A,NONE,2,75,1.9,-99,-99,N,
2020,8,1,0,0,1,8,A,AMCA2,3,73,1.9,-99,-99,N,
2020,8,1,0,0,1,8,A,AMCA2,4,41,1.9,-99,-99,N,
2020,8,1,0,0,1,8,B,AMCA2,1,51,0.9,-99,-99,N,
2020,8,1,0,0,1,9,A,AMCA2,1,49,1.2,-99,-99,N,
2020,8,1,0,0,1,9,A,AMCA2,2,48,0.4,-99,-99,N,
2020,8,1,0,0,1,9,A,AMCA2,3,48,1.1,-99,-99,N,
2020,8,1,0,0,1,9,A,AMCA2,4,54,2.3,-99,-99,N,
2020,8,1,0,0,1,9,A,AMCA2,5,78,2.3,-99,-99,N,
2020,8,1,0,0,1,9,A,AMCA2,6,66,1.7,-99,-99,N,
2020,8,1,0,0,1,10,A,AMCA2,1,44,1.2,-99,-99,N,
2020,8,1,0,0,1,10,A,AMCA2,2,35,0.9,-99,-99,N,
2020,8,1,0,0,1,10,A,AMCA2,3,30,0.7,-99,-99,N,
2020,8,1,0,0,1,10,A,AMCA2,4,30,0,-99,-99,N,
2020,8,1,0,0,1,10,A,AMCA2,5,31,0,-99,-99,N,
2020,8,1,0,0,1,10,A,AMCA2,6,32,0,-99,-99,N,
2020,8,1,0,0,1,10,A,AMCA2,7,25,0,-99,-99,N,
2020,8,1,0,0,1,10,A,AMCA2,8,29,0,-99,-99,N,
2020,8,1,0,0,1,10,A,AMCA2,9,20,0,-99,-99,N,
2020,8,1,0,0,1,10,C,AMCA2,1,59,1.6,-99,-99,N,
2020,8,1,0,0,1,10,C,AMCA2,2,65,1.4,-99,-99,N,
2020,8,1,0,0,1,10,D,AMCA2,1,69,1.9,-99,-99,N,
2020,8,1,0,0,1,10,D,AMCA2,2,62,1.1,-99,-99,N,
2020,8,1,0,0,1,10,D,AMCA2,3,75,1.5,-99,-99,N,
2020,8,1,0,0,1,10,E,AMCA2,1,94,2.8,-99,-99,N,
2020,8,1,0,0,1,10,E,AMCA2,2,42,0.4,-99,-99,N,
2020,8,0,0,0,1,3,PR,AMCA2,1,86,2.6,-99,-99,N,
2020,8,0,0,0,1,3,PR,AMCA2,2,62,2,-99,-99,N,
2020,9,1,1,1,4,1,A,AMCA2,1,58,1.7,-99,-99,N,
2020,9,1,1,1,4,1,B,AMCA2,1,108,4.1,-99,-99,N,
2020,9,1,1,1,4,1,C,AMCA2,1,134,4.7,-99,-99,N,
2020,9,1,1,1,4,1,C,AMCA2,2,56,1.2,-99,-99,N,
2020,9,1,1,1,4,1,C,AMCA2,3,50,0,-99,-99,F,
2020,9,1,1,1,4,1,C,AMCA2,4,86,1.6,-99,-99,N,
2020,9,1,1,1,4,1,C,AMCA2,5,101,2.8,-99,-99,N,
2020,9,1,1,1,4,1,C,AMCA2,6,123,5.4,-99,-99,N,
2020,9,1,1,1,4,1,C,AMCA2,7,77,1.9,-99,-99,N,
2020,9,1,1,1,4,1,C,AMCA2,8,84,2.5,-99,-99,N,
2020,9,1,1,1,4,3,B,AMCA2,1,89,2.5,-99,-99,N,
2020,9,1,1,1,4,4,A,AMCA2,48,54,4.9,-99,-99,F,
2020,9,1,1,1,4,4,A,AMCA2,2,80,3.6,-99,-99,F,
2020,9,1,1,1,4,7,A,AMCA2,1,155,9,-99,-99,N,
2020,9,1,1,1,4,7,A,AMCA2,2,86,4.4,-99,-99,N,
2020,9,1,1,1,4,7,A,AMCA2,3,47,0,-99,-99,N,
2020,9,1,1,1,4,7,B,ATPA4,1,100,1.4,-99,-99,N,
2020,9,1,1,1,4,7,B,AMCA2,2,82,1.9,-99,-99,N,
2020,9,1,1,1,4,8,A,ATPA4,1,84,1.4,-99,-99,N,
2020,9,1,1,1,4,8,A,ATPA4,2,111,2.1,-99,-99,N,
2020,9,1,1,1,4,8,A,AMCA2,3,72,2,-99,-99,N,
2020,9,1,1,1,4,8,B,ATPA4,1,115,2.1,-99,-99,N,
2020,9,1,1,1,4,8,B,AMCA2,2,68,1.6,-99,-99,N,
2020,9,1,1,1,4,9,B,AMCA2,1,88,2.2,-99,-99,N,
2020,9,1,1,1,4,9,B,AMCA2,2,84,3,-99,-99,N,
2020,9,1,1,1,4,9,B,ATPA4,3,86,1.6,-99,-99,N,
2020,9,1,1,1,4,9,B,AMCA2,4,60,1.8,-99,-99,F,
2020,9,1,1,1,4,9,B,AMCA2,5,40,0,-99,-99,N,
2020,9,1,1,1,4,9,B,AMCA2,6,78,1.8,-99,-99,N,
2020,9,1,1,1,4,9,B,AMCA2,7,80,2.3,-99,-99,N,
2020,9,1,1,1,4,9,B,AMCA2,8,83,3.1,-99,-99,N,
2020,9,1,1,1,4,9,B,AMCA2,9,67,1.6,-99,-99,N,
2020,9,1,1,1,4,9,B,AMCA2,10,71,2,-99,-99,N,
2020,9,1,1,1,4,9,C,AMCA2,1,119,5.7,-99,-99,N,
2020,9,1,1,1,4,9,C,AMCA2,2,64,1.6,-99,-99,N,
2020,9,1,1,1,4,9,C,AMCA2,3,61,1.1,-99,-99,N,
2020,9,1,1,1,4,9,C,ATPA4,4,48,0,-99,-99,N,
2020,9,1,1,1,4,9,C,AMCA2,5,62,1.4,-99,-99,N,
2020,9,1,1,1,4,9,C,AMCA2,6,91,3,-99,-99,N,
2020,9,1,1,1,4,9,C,AMCA2,7,71,1.4,-99,-99,N,
2020,9,1,1,1,4,9,C,AMCA2,8,114,4.1,-99,-99,N,
2020,9,1,1,1,4,9,C,AMCA2,9,127,7.8,-99,-99,N,
2020,9,1,1,1,4,9,C,AMCA2,10,58,1.9,-99,-99,F,
2020,9,1,1,1,4,9,C,AMCA2,11,57,2.4,-99,-99,N,
2020,9,1,1,1,4,9,C,AMCA2,12,93,3.1,-99,-99,N,
2020,9,1,1,1,4,9,D,AMCA2,1,48,0,-99,-99,N,
2020,9,1,1,1,4,9,D,AMCA2,2,78,2.2,-99,-99,N,
2020,9,1,1,1,4,9,E,AMCA2,1,70,2.2,-99,-99,F,
2020,9,1,1,1,4,10,A,AMCA2,1,121,4.7,-99,-99,N,
2020,9,1,1,1,4,10,A,AMCA2,2,92,3,-99,-99,N,
2020,9,1,1,1,4,10,A,AMCA2,3,50,1.1,-99,-99,N,
2020,9,1,1,1,4,10,A,AMCA2,4,40,0,-99,-99,N,
2020,9,1,1,1,4,10,B,AMCA2,1,87,2.8,-99,-99,N,
2020,9,1,1,1,4,10,B,AMCA2,2,82,2,-99,-99,N,
2020,9,1,1,1,4,10,B,AMCA2,3,57,1.1,-99,-99,N,
2020,9,1,1,1,4,10,B,AMCA2,4,98,2.5,-99,-99,N,
2020,9,1,1,1,4,10,B,AMCA2,5,51,1.3,-99,-99,N,
2020,9,1,1,1,4,10,B,AMCA2,6,54,1.7,-99,-99,N,
2020,9,1,1,1,4,10,B,AMCA2,7,65,1.9,-99,-99,N,
2020,9,1,1,1,4,10,B,AMCA2,8,92,3.2,-99,-99,N,
2020,9,1,1,1,4,10,B,AMCA2,9,87,2.6,-99,-99,N,
2020,9,1,1,1,4,10,B,AMCA2,10,46,0,-99,-99,N,
2020,9,1,1,1,4,10,B,AMCA2,11,47,0,-99,-99,N,
2020,9,1,1,1,4,10,B,AMCA2,12,73,2.7,-99,-99,N,
2020,9,1,1,1,4,10,C,ATPA4,1,151,3,-99,-99,N,
2020,9,1,1,1,4,10,C,AMCA2,2,102,3.2,-99,-99,N,
2020,9,1,1,1,4,10,C,AMCA2,3,71,2.9,-99,-99,N,
2020,9,1,1,1,4,10,C,AMCA2,4,70,2.8,-99,-99,N,
2020,9,1,1,1,4,10,C,AMCA2,5,103,4,-99,-99,N,
2020,9,1,1,1,4,10,C,AMCA2,6,67,1.4,-99,-99,N,
2020,9,1,1,1,4,10,C,ATPA4,7,75,1.6,-99,-99,N,
2020,9,1,1,1,4,10,C,AMCA2,8,52,1.6,-99,-99,N,
2020,9,1,1,1,4,10,D,AMCA2,1,51,1.2,-99,-99,N,
2020,9,1,1,1,4,10,D,AMCA2,2,76,4.4,-99,-99,N,
2020,9,1,1,1,4,10,D,AMCA2,3,134,5.4,-99,-99,N,
2020,9,1,1,1,4,10,D,AMCA2,4,67,1.7,-99,-99,N,
2020,9,0,1,1,4,2,PR,AMCA2,1,85,5.6,-99,-99,N,
2020,9,0,1,1,4,2,PR,AMCA2,2,63,3.1,-99,-99,N,
2020,9,0,1,1,4,3,PR,AMCA2,1,52,1.6,-99,-99,N,
2020,10,1,1,0,3,1,D,IVFR,1,120,5.9,-99,-99,N,
2020,10,1,1,0,3,1,E,IVFR,1,100,4.1,-99,-99,N,
2020,10,1,1,0,3,1,E,IVFR,2,90,3.9,-99,-99,N,
2020,10,1,1,0,3,4,A,AMCA2,1,42,0,-99,-99,N,
2020,10,1,1,0,3,4,A,AMCA2,2,45,0,-99,-99,N,
2020,10,1,1,0,3,4,B,AMCA2,1,100,3.3,-99,-99,N,
2020,10,1,1,0,3,5,A,ATPA4,1,63,0.7,-99,-99,N,
2020,10,1,1,0,3,6,A,ATPA4,1,114,2.2,-99,-99,N,
2020,10,1,1,0,3,6,A,ATPA4,2,85,1.6,-99,-99,N,
2020,10,1,1,0,3,7,A,AMCA2,1,60,1.3,-99,-99,N,
2020,10,1,1,0,3,7,B,KOVI,1,54,0.7,-99,-99,N,
2020,10,1,1,0,3,7,C,IVFR,1,105,4.2,-99,-99,N,
2020,10,1,1,0,3,9,A,IVFR,1,130,4.7,-99,-99,N,
2020,10,1,1,0,3,9,A,IVFR,2,73,3,-99,-99,N,
2020,10,1,1,0,3,9,A,IVFR,3,84,3.8,-99,-99,N,
2020,10,1,1,0,3,9,A,IVFR,4,60,2.5,-99,-99,N,
2020,10,1,1,0,3,9,B,IVFR,1,37,0,-99,-99,N,
2020,10,1,1,0,3,9,C,KOVI,1,25,0,-99,-99,N,
2020,10,1,1,0,3,10,C,KOVI,1,105,5.2,-99,-99,N,
2020,10,1,1,0,3,10,C,KOVI,2,85,4.6,-99,-99,N,
2020,10,1,1,0,3,10,C,KOVI,3,75,3.2,-99,-99,N,
2020,10,0,1,0,3,1,PR,IVFR,1,130,5.2,-99,-99,N,
2020,10,0,1,0,3,1,PR,IVFR,2,115,5,-99,-99,N,
2020,10,0,1,0,3,1,PR,IVFR,3,90,2.8,-99,-99,N,
2020,10,0,1,0,3,2,PR,AMCA2,1,50,0,-99,-99,N,
2020,10,0,1,0,3,2,PR,AMCA2,2,40,0,-99,-99,N,
2020,10,0,1,0,3,2,PR,AMCA2,3,30,0,-99,-99,N,
2020,10,0,1,0,3,3,PR,SCRO5,1,130,5,-99,-99,N,
2020,10,0,1,0,3,3,PR,SCRO5,2,60,3.4,-99,-99,N,
2020,11,1,0,0,1,9,A,AMCA2,1,37,0,-99,-99,N,
2020,11,1,0,0,1,10,A,IVFR,1,90,3.6,-99,-99,N,
2020,11,1,0,0,1,10,D,AMCA2,1,73,2.1,-99,-99,N,
2020,11,1,0,0,1,10,E,AMCA2,1,49,1,-99,-99,F,
2020,11,0,0,0,1,1,PR,AMCA2,1,70,1.8,-99,-99,N,
2020,11,0,0,0,1,2,PR,KOVI,1,119,4.8,-99,-99,N,
2020,11,0,0,0,1,3,PR,KOVI,1,129,6,-99,-99,N,
2020,11,0,0,0,1,3,PR,KOVI,2,85,2.3,-99,-99,N,
2020,11,0,0,0,1,3,PR,KOVI,3,104,2.9,-99,-99,N,
2020,11,0,0,0,1,3,PR,KOVI,4,142,6.7,-99,-99,N,
2020,11,0,0,0,1,3,PR,KOVI,5,145,7.5,-99,-99,N,
2020,11,0,0,0,1,3,PR,SCRO5,6,129,5.2,-99,-99,N,
2020,12,1,0,1,2,8,A,AMCA2,1,63,2.8,-99,-99,N,
2020,12,1,0,1,2,8,A,AMCA2,2,82,3.2,-99,-99,N,
2020,12,1,0,1,2,8,A,AMCA2,3,58,1.9,-99,-99,N,
2020,12,1,0,1,2,9,A,AMCA2,1,66,2.7,-99,-99,N,
2020,12,1,0,1,2,9,A,AMCA2,2,55,1.8,-99,-99,N,
2020,12,1,0,1,2,9,B,AMCA2,1,79,2.7,-99,-99,N,
2020,12,1,0,1,2,9,C,AMCA2,1,83,2.3,-99,-99,N,
2020,12,1,0,1,2,10,C,AMCA2,1,139,6.5,-99,-99,N,
2020,12,1,0,1,2,10,C,AMCA2,2,75,4.7,-99,-99,F,
2020,12,1,0,1,2,10,D,AMCA2,1,102,4,-99,-99,N,
2020,12,1,0,1,2,10,D,AMCA2,2,57,1.4,-99,-99,N,
2020,12,1,0,1,2,10,D,AMCA2,3,88,3.4,-99,-99,N,
2020,12,1,0,1,2,10,D,AMCA2,4,127,4.6,-99,-99,N,
2020,12,1,0,1,2,10,D,AMCA2,5,134,8,-99,-99,N,
2020,12,1,0,1,2,10,D,AMCA2,6,74,3,-99,-99,N,
2020,12,1,0,1,2,10,D,AMCA2,7,61,2.8,-99,-99,N,
2020,12,1,0,1,2,10,D,AMCA2,8,93,2.6,-99,-99,N,
2020,12,1,0,1,2,10,D,AMCA2,9,82,2.5,-99,-99,N,
2020,12,1,0,1,2,10,E,AMCA2,1,63,2,-99,-99,N,
2020,12,1,0,1,2,10,E,AMCA2,2,57,1.2,-99,-99,N,
2020,12,1,0,1,2,10,E,AMCA2,3,41,0.9,-99,-99,N,
2020,12,1,0,1,2,10,E,AMCA2,4,50,1,-99,-99,N,
2020,12,1,0,1,2,10,E,AMCA2,5,70,2.8,-99,-99,N,
2020,12,1,0,1,2,10,E,AMCA2,6,104,6,-99,-99,F,
2021,1,1,0,0,1,1,A,AMCA2,1,60,1.5,-99,-99,N,
2021,1,1,0,0,1,1,A,AMCA2,2,23,0,-99,-99,N,
2021,1,1,0,0,1,1,A,AMCA2,3,25,0,-99,-99,N,
2021,1,1,0,0,1,1,A,AMCA2,4,26,0,-99,-99,N,
2021,1,1,0,0,1,1,A,AMCA2,5,26,0,-99,-99,N,
2021,1,1,0,0,1,1,A,AMCA2,6,36,0,-99,-99,N,
2021,1,1,0,0,1,1,A,AMCA2,7,59,1.6,-99,-99,N,
2021,1,1,0,0,1,1,A,AMCA2,8,29,0,-99,-99,N,
2021,1,1,0,0,1,1,A,SOSE,9,55,1.2,-99,-99,N,
2021,1,1,0,0,1,1,A,AMCA2,10,27,0,-99,-99,N,
2021,1,1,0,0,1,1,A,AMCA2,11,24,0,-99,-99,N,
2021,1,1,0,0,1,1,B,ATPA4,1,20,0,-99,-99,N,
2021,1,1,0,0,1,1,B,AMCA2,2,50,0.5,-99,-99,N,
2021,1,1,0,0,1,1,B,AMCA2,3,27,0,-99,-99,N,
2021,1,1,0,0,1,1,C,AMCA2,1,66,2.6,-99,-99,N,
2021,1,1,0,0,1,1,C,AMCA2,2,37,0,-99,-99,N,
2021,1,1,0,0,1,1,C,AMCA2,3,36,0,-99,-99,N,
2021,1,1,0,0,1,1,C,AMCA2,4,37,0,-99,-99,N,
2021,1,1,0,0,1,1,D,AMCA2,1,27,0,-99,-99,N,
2021,1,1,0,0,1,1,D,AMCA2,2,53,1.2,-99,-99,N,
2021,1,1,0,0,1,1,D,AMCA2,3,55,1.2,-99,-99,N,
2021,1,1,0,0,1,1,D,AMCA2,4,64,1.8,-99,-99,N,
2021,1,1,0,0,1,1,D,AMCA2,5,37,0,-99,-99,N,
2021,1,1,0,0,1,1,D,AMCA2,6,25,0,-99,-99,N,
2021,1,1,0,0,1,1,D,AMCA2,7,52,1.2,-99,-99,F,
2021,1,1,0,0,1,1,D,AMCA2,8,61,2.1,-99,-99,F,
2021,1,1,0,0,1,1,D,AMCA2,9,67,1.6,-99,-99,N,
2021,1,1,0,0,1,1,D,AMCA2,10,93,2.9,-99,-99,F,
2021,1,1,0,0,1,1,E,AMCA2,1,55,1.4,-99,-99,N,
2021,1,1,0,0,1,1,E,AMCA2,2,75,1.9,-99,-99,N,
2021,1,1,0,0,1,1,E,AMCA2,3,96,3.7,-99,-99,F,
2021,1,1,0,0,1,1,E,AMCA2,4,48,0.6,-99,-99,N,
2021,1,1,0,0,1,1,E,AMCA2,5,49,0.3,-99,-99,F,
2021,1,1,0,0,1,1,E,AMCA2,6,65,1.1,-99,-99,N,
2021,1,1,0,0,1,1,E,AMCA2,7,65,1.3,-99,-99,F,
2021,1,1,0,0,1,1,E,AMCA2,8,75,1.7,-99,-99,F,
2021,1,1,0,0,1,1,E,AMCA2,9,105,6.8,-99,-99,N,
2021,1,1,0,0,1,1,E,AMCA2,10,87,3.9,-99,-99,N,
2021,1,1,0,0,1,1,E,AMCA2,11,63,1.3,-99,-99,N,
2021,1,1,0,0,1,1,E,AMCA2,12,61,1.4,-99,-99,N,
2021,1,1,0,0,1,1,E,AMCA2,13,75,2.8,-99,-99,C,
2021,1,1,0,0,1,1,E,AMCA2,14,40,0,-99,-99,N,
2021,1,1,0,0,1,1,E,AMCA2,15,47,0.6,-99,-99,N,
2021,1,1,0,0,1,1,E,AMCA2,16,48,0.7,-99,-99,N,
2021,1,1,0,0,1,1,E,SOSE,17,58,2.2,-99,-99,N,
2021,1,1,0,0,1,2,B,SOSE,1,54,0,-99,-99,N,
2021,1,1,0,0,1,2,B,SOSE,2,54,0,-99,-99,N,
2021,1,1,0,0,1,2,B,SOSE,3,50,0,-99,-99,N,
2021,1,1,0,0,1,2,B,SOSE,4,48,0,-99,-99,N,
2021,1,1,0,0,1,2,B,SOSE,5,42,0,-99,-99,N,
2021,1,1,0,0,1,2,B,SOSE,6,93,3.4,-99,-99,N,
2021,1,1,0,0,1,2,B,AMCA2,7,35,0,-99,-99,N,
2021,1,1,0,0,1,2,C,AMCA2,1,30,0,-99,-99,N,
2021,1,1,0,0,1,2,C,AMCA2,2,20,0,-99,-99,N,
2021,1,1,0,0,1,2,C,AMCA2,3,28,0,-99,-99,N,
2021,1,1,0,0,1,2,D,AMCA2,1,71,1.7,-99,-99,F,
2021,1,1,0,0,1,2,D,AMCA2,2,63,0.8,-99,-99,F,
2021,1,1,0,0,1,2,D,AMCA2,3,28,0,-99,-99,N,
2021,1,1,0,0,1,2,D,AMCA2,4,22,0,-99,-99,N,
2021,1,1,0,0,1,2,D,AMCA2,5,33,0,-99,-99,N,
2021,1,1,0,0,1,3,A,AMCA2,1,41,0.2,-99,-99,N,
2021,1,1,0,0,1,3,A,AMCA2,2,36,0,-99,-99,N,
2021,1,1,0,0,1,3,A,AMCA2,3,37,0,-99,-99,N,
2021,1,1,0,0,1,3,A,AMCA2,4,29,0,-99,-99,N,
2021,1,1,0,0,1,3,A,AMCA2,5,30,0,-99,-99,N,
2021,1,1,0,0,1,3,A,AMCA2,6,28,0,-99,-99,N,
2021,1,1,0,0,1,3,A,AMCA2,7,25,0,-99,-99,N,
2021,1,1,0,0,1,3,A,AMCA2,8,34,0,-99,-99,F,
2021,1,1,0,0,1,3,A,SOSE,9,52,1.1,-99,-99,N,
2021,1,1,0,0,1,3,B,SOSE,1,78,2.8,-99,-99,N,
2021,1,1,0,0,1,3,B,AMCA2,2,29,0,-99,-99,N,
2021,1,1,0,0,1,3,C,AMCA2,1,36,0,-99,-99,C,
2021,1,1,0,0,1,3,C,AMCA2,2,28,0,-99,-99,N,
2021,1,1,0,0,1,3,C,AMCA2,3,28,0,-99,-99,N,
2021,1,1,0,0,1,3,C,AMCA2,4,27,0,-99,-99,C,
2021,1,1,0,0,1,3,C,AMCA2,5,26,0,-99,-99,N,
2021,1,1,0,0,1,3,C,AMCA2,6,40,0,-99,-99,C,
2021,1,1,0,0,1,3,C,AMCA2,7,31,0,-99,-99,N,
2021,1,1,0,0,1,3,C,AMCA2,8,31,0,-99,-99,N,
2021,1,1,0,0,1,3,C,AMCA2,9,32,0,-99,-99,N,
2021,1,1,0,0,1,3,D,AMCA2,1,35,0,-99,-99,N,
2021,1,1,0,0,1,3,D,AMCA2,2,36,0,-99,-99,N,
2021,1,1,0,0,1,3,D,AMCA2,3,57,1.1,-99,-99,N,
2021,1,1,0,0,1,3,D,AMCA2,4,55,1.1,-99,-99,F,
2021,1,1,0,0,1,3,D,AMCA2,5,47,1,-99,-99,N,
2021,1,1,0,0,1,3,D,AMCA2,6,48,0.8,-99,-99,N,
2021,1,1,0,0,1,3,E,AMCA2,1,48,0.8,-99,-99,N,
2021,1,1,0,0,1,3,E,AMCA2,2,51,0.9,-99,-99,N,
2021,1,1,0,0,1,4,A,AMCA2,1,40,0,-99,-99,N,
2021,1,1,0,0,1,4,A,AMCA2,2,47,0.9,-99,-99,N,
2021,1,1,0,0,1,4,A,AMCA2,3,39,0,-99,-99,N,
2021,1,1,0,0,1,4,A,AMCA2,4,28,0,-99,-99,N,
2021,1,1,0,0,1,4,A,AMCA2,5,47,0.9,-99,-99,N,
2021,1,1,0,0,1,4,C,AMCA2,1,39,0,-99,-99,N,
2021,1,1,0,0,1,4,C,AMCA2,2,46,0.8,-99,-99,N,
2021,1,1,0,0,1,4,C,AMCA2,3,54,1.3,-99,-99,N,
2021,1,1,0,0,1,4,C,AMCA2,4,60,1.5,-99,-99,N,
2021,1,1,0,0,1,4,D,AMCA2,5,42,0.7,-99,-99,N,
2021,1,1,0,0,1,4,D,SOSE,6,56,2.8,-99,-99,N,
2021,1,1,0,0,1,4,D,SOSE,7,47,1.9,-99,-99,N,
2021,1,1,0,0,1,4,E,SOSE,1,44,0,-99,-99,N,
2021,1,1,0,0,1,5,A,SOSE,1,55,0,-99,-99,N,
2021,1,1,0,0,1,5,A,SOSE,2,65,0,-99,-99,N,
2021,1,1,0,0,1,5,A,SOSE,3,60,0,-99,-99,N,
2021,1,1,0,0,1,5,A,SOSE,4,44,0,-99,-99,N,
2021,1,1,0,0,1,5,B,AMCA2,1,48,1.1,-99,-99,N,
2021,1,1,0,0,1,5,B,AMCA2,2,75,1.9,-99,-99,F,
2021,1,1,0,0,1,5,B,SOSE,3,40,0,-99,-99,N,
2021,1,1,0,0,1,5,C,AMCA2,1,27,0,-99,-99,N,
2021,1,1,0,0,1,5,C,AMCA2,2,17,0,-99,-99,N,
2021,1,1,0,0,1,5,D,AMCA2,1,22,0,-99,-99,N,
2021,1,1,0,0,1,6,A,SOSE,1,66,0,-99,-99,N,
2021,1,1,0,0,1,6,A,AMCA2,2,28,0,-99,-99,N,
2021,1,1,0,0,1,6,A,AMCA2,3,16,0,-99,-99,N,
2021,1,1,0,0,1,6,A,AMCA2,4,30,0,-99,-99,N,
2021,1,1,0,0,1,6,C,SOSE,1,100,4.3,-99,-99,F,
2021,1,1,0,0,1,6,C,SOSE,2,88,5.3,-99,-99,F,
2021,1,1,0,0,1,6,C,SOSE,3,53,0,-99,-99,N,
2021,1,1,0,0,1,6,E,SOSE,1,116,3.6,-99,-99,N,
2021,1,1,0,0,1,6,E,SOSE,2,59,0,-99,-99,N,
2021,1,1,0,0,1,7,A,SOSE,1,57,0,-99,-99,N,
2021,1,1,0,0,1,7,A,AMCA2,2,22,0,-99,-99,N,
2021,1,1,0,0,1,7,A,AMCA2,3,9,0,-99,-99,N,
2021,1,1,0,0,1,7,A,AMCA2,4,14,0,-99,-99,N,
2021,1,1,0,0,1,7,A,AMCA2,5,16,0,-99,-99,N,
2021,1,1,0,0,1,7,A,AMCA2,6,36,0,-99,-99,N,
2021,1,1,0,0,1,7,A,AMCA2,7,29,0,-99,-99,N,
2021,1,1,0,0,1,7,A,AMCA2,8,24,0,-99,-99,N,
2021,1,1,0,0,1,7,A,AMCA2,9,13,0,-99,-99,N,
2021,1,1,0,0,1,7,A,AMCA2,10,21,0,-99,-99,N,
2021,1,1,0,0,1,7,A,AMCA2,11,15,0,-99,-99,N,
2021,1,1,0,0,1,7,A,AMCA2,12,14,0,-99,-99,N,
2021,1,1,0,0,1,7,A,AMCA2,13,15,0,-99,-99,N,
2021,1,1,0,0,1,7,B,AMCA2,1,28,0,-99,-99,N,
2021,1,1,0,0,1,7,B,AMCA2,2,28,0,-99,-99,F,
2021,1,1,0,0,1,7,B,AMCA2,3,32,0,-99,-99,N,
2021,1,1,0,0,1,7,D,SOSE,1,116,4.6,-99,-99,N,
2021,1,1,0,0,1,7,D,SOSE,2,70,4,-99,-99,N,
2021,1,1,0,0,1,7,D,SOSE,3,68,2.5,-99,-99,N,
2021,1,1,0,0,1,7,D,SOSE,4,99,4.5,-99,-99,N,
2021,1,1,0,0,1,7,D,SOSE,5,95,3.7,-99,-99,N,
2021,1,1,0,0,1,7,D,SOSE,6,84,4.8,-99,-99,N,
2021,1,1,0,0,1,7,D,SOSE,7,90,5.5,-99,-99,N,
2021,1,1,0,0,1,7,D,SOSE,8,70,3.4,-99,-99,N,
2021,1,1,0,0,1,7,D,SOSE,9,79,4,-99,-99,N,
2021,1,1,0,0,1,7,D,SOSE,10,95,4.3,-99,-99,N,
2021,1,1,0,0,1,7,D,SOSE,11,114,2.2,-99,-99,N,
2021,1,1,0,0,1,7,E,SOSE,1,88,3.8,-99,-99,N,
2021,1,1,0,0,1,7,E,SOSE,2,123,3.9,-99,-99,N,
2021,1,1,0,0,1,7,E,SOSE,3,118,4.9,-99,-99,N,
2021,1,1,0,0,1,7,E,SOSE,4,100,5,-99,-99,N,
2021,1,1,0,0,1,7,E,SOSE,5,120,5.9,-99,-99,N,
2021,1,1,0,0,1,7,E,SOSE,6,107,4.2,-99,-99,N,
2021,1,1,0,0,1,7,E,SOSE,7,109,4.4,-99,-99,N,
2021,1,1,0,0,1,7,E,SOSE,8,99,4.3,-99,-99,N,
2021,1,1,0,0,1,8,A,AMCA2,1,12,0,-99,-99,N,
2021,1,1,0,0,1,8,A,AMCA2,2,11,0,-99,-99,N,
2021,1,1,0,0,1,8,A,AMCA2,3,15,0,-99,-99,N,
2021,1,1,0,0,1,8,A,AMCA2,4,26,0,-99,-99,N,
2021,1,1,0,0,1,8,A,AMCA2,5,17,0,-99,-99,N,
2021,1,1,0,0,1,8,A,AMCA2,6,21,0,-99,-99,N,
2021,1,1,0,0,1,8,A,AMCA2,7,10,0,-99,-99,N,
2021,1,1,0,0,1,8,A,AMCA2,8,9,0,-99,-99,N,
2021,1,1,0,0,1,8,A,AMCA2,9,12,0,-99,-99,N,
2021,1,1,0,0,1,8,A,AMCA2,10,6,0,-99,-99,N,
2021,1,1,0,0,1,8,A,AMCA2,11,4,0,-99,-99,N,
2021,1,1,0,0,1,8,A,AMCA2,12,11,0,-99,-99,N,
2021,1,1,0,0,1,8,B,KOVI,1,100,7.4,-99,-99,F,
2021,1,1,0,0,1,8,B,AMCA2,2,18,0,-99,-99,N,
2021,1,1,0,0,1,8,B,AMCA2,3,24,0,-99,-99,N,
2021,1,1,0,0,1,8,B,AMCA2,4,10,0,-99,-99,N,
2021,1,1,0,0,1,8,D,SOSE,1,117,5.2,-99,-99,N,
2021,1,1,0,0,1,8,D,SOSE,2,91,3.9,-99,-99,N,
2021,1,1,0,0,1,8,E,SOSE,1,107,4.7,-99,-99,N,
2021,1,1,0,0,1,8,E,SOSE,2,71,4.6,-99,-99,N,
2021,1,1,0,0,1,9,A,AMCA2,1,15,0,-99,-99,N,
2021,1,1,0,0,1,9,A,AMCA2,2,20,0,-99,-99,N,
2021,1,1,0,0,1,9,A,AMCA2,3,17,0,-99,-99,N,
2021,1,1,0,0,1,9,A,AMCA2,4,12,0,-99,-99,N,
2021,1,1,0,0,1,9,A,AMCA2,5,8,0,-99,-99,N,
2021,1,1,0,0,1,9,A,AMCA2,6,9,0,-99,-99,N,
2021,1,1,0,0,1,9,A,AMCA2,7,15,0,-99,-99,N,
2021,1,1,0,0,1,9,A,AMCA2,8,17,0,-99,-99,N,
2021,1,1,0,0,1,9,A,SOSE,9,57,3,-99,-99,N,
2021,1,1,0,0,1,9,C,IVFR,1,91,9.1,-99,-99,N,
2021,1,1,0,0,1,9,C,IVFR,2,94,4.3,-99,-99,N,
2021,1,1,0,0,1,9,C,IVFR,3,95,5.4,-99,-99,N,
2021,1,1,0,0,1,9,C,IVFR,4,96,7,-99,-99,N,
2021,1,1,0,0,1,9,C,SOSE,5,53,0,-99,-99,N,
2021,1,1,0,0,1,9,D,AMCA2,1,31,0,-99,-99,N,
2021,1,1,0,0,1,10,A,AMCA2,1,14,0,-99,-99,N,
2021,1,1,0,0,1,10,A,AMCA2,2,17,0,-99,-99,N,
2021,1,1,0,0,1,10,A,AMCA2,3,24,0,-99,-99,N,
2021,1,1,0,0,1,10,A,AMCA2,4,21,0,-99,-99,N,
2021,1,1,0,0,1,10,E,AMCA2,1,39,0,-99,-99,N,
2021,1,0,0,0,1,1,PR,AMCA2,1,64,2.5,-99,-99,N,
2021,1,0,0,0,1,1,PR,SOSE,2,46,0,-99,-99,N,
2021,1,0,0,0,1,2,PR,SPCY,1,130,4.6,-99,-99,N,
2021,1,0,0,0,1,3,PR,AMCA2,1,31,0,-99,-99,N,
2021,2,1,1,0,3,1,A,AMCA2,1,70,1.8,-99,-99,N,
2021,2,1,1,0,3,1,A,ASTER,2,122,1.5,-99,-99,N,
2021,2,1,1,0,3,1,A,ASTER,3,70,1.6,-99,-99,N,
2021,2,1,1,0,3,1,A,ASTER,4,100,1.4,-99,-99,N,
2021,2,1,1,0,3,1,A,ASTER,5,60,1.7,-99,-99,C,
2021,2,1,1,0,3,1,A,ASTER,6,88,1.4,-99,-99,N,
2021,2,1,1,0,3,1,A,ASTER,7,72,1,-99,-99,N,
2021,2,1,1,0,3,1,A,ASTER,8,91,1.6,-99,-99,N,
2021,2,1,1,0,3,1,B,ASTER,1,100,1.7,-99,-99,C,
2021,2,1,1,0,3,1,B,SPCY,2,148,2.7,-99,-99,N,
2021,2,1,1,0,3,1,C,AMCA2,1,68,2,-99,-99,C,
2021,2,1,1,0,3,1,C,SPCY,2,130,1.7,-99,-99,N,
2021,2,1,1,0,3,1,C,ASTER,3,73,1.4,-99,-99,C,
2021,2,1,1,0,3,1,C,ASTER,4,55,0.9,-99,-99,C,
2021,2,1,1,0,3,1,C,ASTER,5,95,1.6,-99,-99,N,
2021,2,1,1,0,3,1,D,ATPA4,1,153,2.5,-99,-99,N,
2021,2,1,1,0,3,2,A,ATPA4,1,100,1.6,-99,-99,N,
2021,2,1,1,0,3,2,B,ATPA4,1,96,1.5,-99,-99,N,
2021,2,1,1,0,3,2,B,AMCA2,2,60,1.8,-99,-99,N,
2021,2,1,1,0,3,2,C,AMCA2,1,170,9.4,-99,-99,F,
2021,2,1,1,0,3,3,B,KOVI,1,190,9.8,-99,-99,F,
2021,2,1,1,0,3,3,B,ATPA4,2,100,1.5,-99,-99,N,
2021,2,1,1,0,3,3,C,KOVI,1,185,7.9,-99,-99,F,
2021,2,1,1,0,3,3,C,KOVI,2,204,8.3,-99,-99,F,
2021,2,1,1,0,3,3,C,KOVI,3,167,5.7,-99,-99,F,
2021,2,1,1,0,3,3,C,KOVI,4,127,3.8,-99,-99,F,
2021,2,1,1,0,3,3,C,KOVI,5,104,3,-99,-99,N,
2021,2,1,1,0,3,3,C,KOVI,6,101,3.5,-99,-99,F,
2021,2,1,1,0,3,4,D,AMCA2,1,64,2.1,-99,-99,N,
2021,2,1,1,0,3,5,B,KOVI,1,130,4.8,-99,-99,F,
2021,2,1,1,0,3,5,B,KOVI,2,177,6.7,-99,-99,F,
2021,2,1,1,0,3,5,B,KOVI,3,140,5.6,-99,-99,F,
2021,2,1,1,0,3,5,B,KOVI,4,125,3.9,-99,-99,F,
2021,2,1,1,0,3,5,B,KOVI,5,150,5.4,-99,-99,F,
2021,2,1,1,0,3,5,C,SPCY,1,170,2.1,-99,-99,N,
2021,2,1,1,0,3,6,B,ATPA4,1,68,1.6,-99,-99,N,
2021,2,1,1,0,3,6,B,ATPA4,2,42,0.6,-99,-99,N,
2021,2,1,1,0,3,6,B,IVFR,3,160,7.3,-99,-99,N,
2021,2,1,1,0,3,6,D,SPCY,1,156,3.2,-99,-99,N,
2021,2,1,1,0,3,6,D,SPCY,2,245,2.8,-99,-99,N,
2021,2,1,1,0,3,6,E,SPCY,1,162,3.5,-99,-99,N,
2021,2,1,1,0,3,7,A,ATPA4,1,37,0,-99,-99,N,
2021,2,1,1,0,3,7,C,ATPA4,1,38,0,-99,-99,N,
2021,2,1,1,0,3,7,C,ATPA4,2,66,0.8,-99,-99,N,
2021,2,1,1,0,3,8,A,IVFR,1,52,1.9,-99,-99,N,
2021,2,1,1,0,3,8,B,SOSE,1,57,0,-99,-99,N,
2021,2,1,1,0,3,8,B,SOSE,2,32,0,-99,-99,N,
2021,2,1,1,0,3,8,C,ATPA4,1,69,0.9,-99,-99,N,
2021,2,1,1,0,3,8,D,SPCY,1,212,8,-99,-99,N,
2021,2,1,1,0,3,8,D,SPCY,2,253,5.7,-99,-99,N,
2021,2,1,1,0,3,8,E,SPCY,1,160,4.6,-99,-99,N,
2021,2,1,1,0,3,9,A,IVFR,1,107,4.2,-99,-99,N,
2021,2,1,1,0,3,9,A,ATPA4,2,52,0.9,-99,-99,N,
2021,2,1,1,0,3,9,A,SOSE,3,106,4.2,-99,-99,F,
2021,2,1,1,0,3,9,B,SOSE,1,69,6.3,-99,-99,N,
2021,2,1,1,0,3,9,C,ATPA4,1,40,0,-99,-99,N,
2021,2,1,1,0,3,9,C,ATPA4,2,71,1,-99,-99,N,
2021,2,1,1,0,3,9,C,ATPA4,3,45,0.5,-99,-99,N,
2021,2,1,1,0,3,9,C,SOSE,4,95,2.9,-99,-99,F,
2021,2,1,1,0,3,9,C,SOSE,5,140,4.9,-99,-99,F,
2021,2,1,1,0,3,9,D,ATPA4,1,40,0,-99,-99,N,
2021,2,1,1,0,3,9,D,SOSE,2,142,5.8,-99,-99,N,
2021,2,1,1,0,3,9,E,SPCY,1,240,8.2,-99,-99,N,
2021,2,1,1,0,3,10,A,SOSE,1,130,5.3,-99,-99,N,
2021,2,1,1,0,3,10,A,SOSE,2,120,5.1,-99,-99,N,
2021,2,1,1,0,3,10,A,SOSE,3,158,5.8,-99,-99,F,
2021,2,1,1,0,3,10,A,KOVI,4,90,2.8,-99,-99,N,
2021,2,1,1,0,3,10,A,ATPA4,5,79,1.2,-99,-99,N,
2021,2,1,1,0,3,10,B,KOVI,1,200,13.4,-99,-99,F,
2021,2,1,1,0,3,10,B,SOSE,2,143,7,-99,-99,F,
2021,2,1,1,0,3,10,B,ATPA4,3,27,0,-99,-99,N,
2021,2,1,1,0,3,10,B,ATPA4,4,30,0,-99,-99,N,
2021,2,1,1,0,3,10,C,ATPA4,1,52,1.2,-99,-99,N,
2021,2,1,1,0,3,10,C,ATPA4,2,31,0,-99,-99,N,
2021,2,1,1,0,3,10,C,ATPA4,3,27,0,-99,-99,N,
2021,2,1,1,0,3,10,D,SOSE,1,52,1.8,-99,-99,N,
2021,2,1,1,0,3,10,D,SOSE,2,105,3.2,-99,-99,N,
2021,2,1,1,0,3,10,D,SOSE,3,128,4.2,-99,-99,N,
2021,2,1,1,0,3,10,D,SOSE,4,91,2.8,-99,-99,N,
2021,2,1,1,0,3,10,D,SOSE,5,126,5.2,-99,-99,N,
2021,2,1,1,0,3,10,D,SOSE,6,137,5.2,-99,-99,N,
2021,2,1,1,0,3,10,D,SOSE,7,116,4.1,-99,-99,N,
2021,2,1,1,0,3,10,D,ATPA4,8,36,0,-99,-99,N,
2021,2,1,1,0,3,10,E,ATPA4,1,91,1.5,-99,-99,N,
2021,2,1,1,0,3,10,E,ATPA4,2,105,2.3,-99,-99,C,
2021,2,1,1,0,3,10,E,ATPA4,3,81,2.2,-99,-99,C,
2021,2,0,1,0,3,1,NR,ATPA4,1,54,1.1,-99,-99,N,
2021,2,0,1,0,3,1,NR,ATPA4,2,82,1.5,-99,-99,N,
2021,2,0,1,0,3,1,NR,ATPA4,3,103,1.9,-99,-99,N,
2021,2,0,1,0,3,1,NR,ATPA4,4,19,0,-99,-99,N,
2021,2,0,1,0,3,2,NR,ATPA4,1,79,1.6,-99,-99,N,
2021,2,0,1,0,3,2,NR,ATPA4,2,78,2.1,-99,-99,N,
2021,2,0,1,0,3,2,NR,ATPA4,3,122,2.3,-99,-99,N,
2021,2,0,1,0,3,3,NR,AMCA2,1,102,5.5,-99,-99,N,
2021,2,0,1,0,3,3,NR,ATPA4,2,80,1.8,-99,-99,N,
2021,2,0,1,0,3,1,PR,AMCA2,1,72,4.5,-99,-99,N,
2021,2,0,1,0,3,1,PR,AMCA2,2,70,2.9,-99,-99,N,
2021,2,0,1,0,3,1,PR,AMCA2,3,69,2.6,-99,-99,N,
2021,2,0,1,0,3,1,PR,AMCA2,4,86,3.7,-99,-99,N,
2021,2,0,1,0,3,1,PR,AMCA2,5,63,0.6,-99,-99,N,
2021,2,0,1,0,3,1,PR,AMCA2,6,68,1.6,-99,-99,N,
2021,2,0,1,0,3,1,PR,AMCA2,7,110,4.9,-99,-99,N,
2021,2,0,1,0,3,1,PR,AMCA2,8,47,0.2,-99,-99,N,
2021,2,0,1,0,3,2,PR,AMCA2,1,72,1.7,-99,-99,N,
2021,2,0,1,0,3,2,PR,AMCA2,2,91,3.9,-99,-99,N,
2021,2,0,1,0,3,2,PR,AMCA2,3,66,2.6,-99,-99,N,
2021,2,0,1,0,3,2,PR,AMCA2,4,40,0,-99,-99,N,
2021,2,0,1,0,3,2,PR,AMCA2,5,91,4.4,-99,-99,N,
2021,2,0,1,0,3,2,PR,AMCA2,6,107,2.7,-99,-99,F,
2021,2,0,1,0,3,3,PR,AMCA2,1,52,0.6,-99,-99,C,
2021,2,0,1,0,3,3,PR,AMCA2,2,83,2.5,-99,-99,N,
2021,2,0,1,0,3,3,PR,SPCY,3,143,4.8,-99,-99,N,
2021,2,0,1,0,3,3,PR,SPCY,4,141,4.6,-99,-99,N,
2021,3,1,0,1,2,1,D,ATPA4,1,85,1.6,-99,-99,N,
2021,3,1,0,1,2,1,E,AMCA2,1,60,2.2,-99,-99,N,
2021,3,1,0,1,2,1,E,AMCA2,2,95,6,-99,-99,N,
2021,3,1,0,1,2,1,E,AMCA2,3,73,3.3,-99,-99,C,
2021,3,1,0,1,2,1,E,AMCA2,4,175,9.5,-99,-99,F,
2021,3,1,0,1,2,1,E,ATPA4,5,151,2,-99,-99,N,
2021,3,1,0,1,2,2,B,SOSE,1,50,2.3,-99,-99,N,
2021,3,1,0,1,2,2,C,SOSE,1,105,5.2,-99,-99,F,
2021,3,1,0,1,2,2,C,SOSE,2,110,5.6,-99,-99,F,
2021,3,1,0,1,2,2,C,SOSE,3,90,3.6,-99,-99,N,
2021,3,1,0,1,2,2,C,SOSE,4,98,5.1,-99,-99,N,
2021,3,1,0,1,2,3,E,SOSE,1,151,5.8,-99,-99,N,
2021,3,1,0,1,2,3,E,SOSE,2,116,5.4,-99,-99,N,
2021,3,1,0,1,2,4,D,SOSE,1,116,4.9,-99,-99,N,
2021,3,1,0,1,2,4,D,SOSE,2,65,8.4,-99,-99,C,
2021,3,1,0,1,2,4,D,SOSE,3,120,5.5,-99,-99,F,
2021,3,1,0,1,2,4,D,SOSE,4,158,6.9,-99,-99,F,
2021,3,1,0,1,2,4,D,SOSE,5,110,5.3,-99,-99,F,
2021,3,1,0,1,2,4,E,SOSE,1,101,4.9,-99,-99,N,
2021,3,1,0,1,2,4,E,SOSE,2,134,7.4,-99,-99,F,
2021,3,1,0,1,2,4,E,SOSE,3,95,3.6,-99,-99,N,
2021,3,1,0,1,2,4,E,SOSE,4,75,5.3,-99,-99,C,
2021,3,1,0,1,2,4,E,SOSE,5,146,6.4,-99,-99,F,
2021,3,1,0,1,2,4,E,SOSE,6,122,5,-99,-99,F,
2021,3,1,0,1,2,4,E,SOSE,7,143,7.7,-99,-99,F,
2021,3,1,0,1,2,5,A,SOSE,1,183,5.2,-99,-99,F,
2021,3,1,0,1,2,5,A,SOSE,2,106,4.5,-99,-99,C,
2021,3,1,0,1,2,5,A,SOSE,3,57,1.6,-99,-99,N,
2021,3,1,0,1,2,5,A,SOSE,4,97,2.9,-99,-99,N,
2021,3,1,0,1,2,5,A,SOSE,5,120,3.9,-99,-99,F,
2021,3,1,0,1,2,5,A,SOSE,6,95,2.9,-99,-99,F,
2021,3,1,0,1,2,5,E,SOSE,1,125,4.9,-99,-99,N,
2021,3,1,0,1,2,5,E,SOSE,2,107,5.6,-99,-99,C,
2021,3,1,0,1,2,5,E,SOSE,3,77,2.9,-99,-99,C,
2021,3,1,0,1,2,5,E,SOSE,4,101,8.2,-99,-99,N,
2021,3,1,0,1,2,6,A,SOSE,1,93,2.7,-99,-99,F,
2021,3,1,0,1,2,6,A,SOSE,2,95,3.6,-99,-99,N,
2021,3,1,0,1,2,6,D,AMCA2,1,91,4.6,-99,-99,N,
2021,3,1,0,1,2,6,E,AMCA2,1,76,3.9,-99,-99,N,
2021,3,1,0,1,2,7,C,AMCA2,1,130,7,-99,-99,N,
2021,3,1,0,1,2,8,A,AMCA2,1,152,14,-99,-99,F,
2021,3,1,0,1,2,8,A,AMCA2,2,90,5.5,-99,-99,N,
2021,3,1,0,1,2,8,D,AMCA2,1,71,2.2,-99,-99,N,
2021,3,1,0,1,2,9,A,AMCA2,1,185,10.9,-99,-99,N,
2021,3,1,0,1,2,9,B,SOSE,1,110,4.6,-99,-99,N,
2021,3,1,0,1,2,9,B,SOSE,2,128,6.7,-99,-99,F,
2021,3,1,0,1,2,9,B,SOSE,3,164,6.6,-99,-99,F,
2021,3,1,0,1,2,9,B,SOSE,4,175,5.1,-99,-99,N,
2021,3,1,0,1,2,9,C,SOSE,1,83,4.4,-99,-99,N,
2021,3,1,0,1,2,9,C,SOSE,2,93,3.9,-99,-99,N,
2021,3,1,0,1,2,9,E,AMCA2,1,104,12.9,-99,-99,C,
2021,3,1,0,1,2,10,A,SOSE,1,148,5.9,-99,-99,F,
2021,3,1,0,1,2,10,B,SOSE,1,50,3.1,-99,-99,N,
2021,3,1,0,1,2,10,B,SOSE,2,163,6.2,-99,-99,N,
2021,3,1,0,1,2,10,B,SOSE,3,104,3.6,-99,-99,F,
2021,3,1,0,1,2,10,B,SOSE,4,53,2.6,-99,-99,N,
2021,3,1,0,1,2,10,B,SOSE,5,185,7.6,-99,-99,F,
2021,3,1,0,1,2,10,B,SOSE,6,142,4.1,-99,-99,N,
2021,3,1,0,1,2,10,B,SOSE,7,158,5.9,-99,-99,C,
2021,3,1,0,1,2,10,B,SOSE,8,132,4.1,-99,-99,F,
2021,3,1,0,1,2,10,B,SOSE,9,126,4,-99,-99,F,
2021,3,1,0,1,2,10,B,SOSE,10,175,7.3,-99,-99,F,
2021,3,1,0,1,2,10,B,SOSE,11,193,8.2,-99,-99,F,
2021,3,1,0,1,2,10,B,SOSE,12,135,5.1,-99,-99,N,
2021,3,1,0,1,2,10,C,SOSE,1,83,3.5,-99,-99,N,
2021,3,1,0,1,2,10,C,SOSE,2,112,3.5,-99,-99,N,
2021,3,1,0,1,2,10,C,SOSE,3,140,4.6,-99,-99,N,
2021,3,1,0,1,2,10,C,SOSE,4,158,5.3,-99,-99,F,
2021,3,1,0,1,2,10,C,SOSE,5,182,3.2,-99,-99,N,
2021,3,1,0,1,2,10,C,SOSE,6,163,4.3,-99,-99,F,
2021,3,1,0,1,2,10,C,SOSE,7,103,3.5,-99,-99,F,
2021,3,1,0,1,2,10,C,SOSE,8,160,4.9,-99,-99,F,
2021,3,1,0,1,2,10,D,AMCA2,1,55,2.5,-99,-99,C,
2021,3,1,0,1,2,10,D,AMCA2,2,128,9.7,-99,-99,C,
2021,3,1,0,1,2,10,E,POHY,1,80,2.2,-99,-99,N,
2021,3,1,0,1,2,10,E,AMCA2,2,53,1.4,-99,-99,C,
2021,3,1,0,1,2,10,E,AMCA2,3,49,1,-99,-99,C,
2021,3,0,0,1,2,1,NR,AMCA2,1,204,15.2,-99,-99,F,
2021,3,0,0,1,2,1,NR,AMCA2,2,96,5.7,-99,-99,F,
2021,3,0,0,1,2,1,NR,AMCA2,3,123,7.5,-99,-99,N,
2021,3,0,0,1,2,1,NR,AMCA2,4,183,12.8,-99,-99,N,
2021,3,0,0,1,2,1,NR,AMCA2,5,185,11.9,-99,-99,F,
2021,3,0,0,1,2,1,NR,AMCA2,6,167,10.7,-99,-99,F,
2021,3,0,0,1,2,1,NR,AMCA2,7,136,6.1,-99,-99,F,
2021,3,0,0,1,2,1,NR,AMCA2,8,64,2.3,-99,-99,N,
2021,3,0,0,1,2,1,NR,AMCA2,9,116,5,-99,-99,F,
2021,3,0,0,1,2,1,NR,ATPA4,10,109,2.2,-99,-99,N,
2021,3,0,0,1,2,1,NR,POHY,11,80,2.5,-99,-99,N,
2021,3,0,0,1,2,1,NR,POHY,12,55,0.9,-99,-99,N,
2021,3,0,0,1,2,2,NR,SOSE,1,100,2.2,-99,-99,F,
2021,3,0,0,1,2,2,NR,SOSE,2,100,2.2,-99,-99,F,
2021,3,0,0,1,2,2,NR,SOSE,3,90,1.7,-99,-99,F,
2021,3,0,0,1,2,2,NR,AMCA2,4,172,9.8,-99,-99,F,
2021,3,0,0,1,2,2,NR,SOSE,5,96,1.8,-99,-99,F,
2021,3,0,0,1,2,2,NR,POHY,6,70,1.5,-99,-99,N,
2021,3,0,0,1,2,2,NR,AMCA2,7,138,7.7,-99,-99,F,
2021,3,0,0,1,2,2,NR,AMCA2,8,171,9.7,-99,-99,F,
2021,3,0,0,1,2,2,NR,AMCA2,9,141,5.2,-99,-99,F,
2021,3,0,0,1,2,3,NR,AMCA2,1,115,7,-99,-99,C,
2021,3,0,0,1,2,3,NR,ATPA4,2,32,0,-99,-99,N,
2021,3,0,0,1,2,3,NR,POHY,3,34,2.1,-99,-99,N,
2021,3,0,0,1,2,3,NR,POHY,4,98,1.7,-99,-99,N,
2021,3,0,0,1,2,3,NR,AMCA2,5,86,2.4,-99,-99,N,
2021,3,0,0,1,2,3,NR,AMCA2,6,159,10,-99,-99,F,
2021,3,0,0,1,2,3,NR,AMCA2,7,108,5.4,-99,-99,N,
2021,3,0,0,1,2,3,NR,AMCA2,8,165,12,-99,-99,F,
2021,3,0,0,1,2,1,PR,POHY,1,38,0,-99,-99,F,
2021,3,0,0,1,2,1,PR,POHY,2,42,1.4,-99,-99,F,
2021,3,0,0,1,2,1,PR,AMCA2,3,134,11.8,-99,-99,F,
2021,3,0,0,1,2,1,PR,AMCA2,4,100,6.9,-99,-99,F,
2021,3,0,0,1,2,1,PR,AMCA2,5,82,4.4,-99,-99,F,
2021,3,0,0,1,2,1,PR,AMCA2,6,140,9.6,-99,-99,F,
2021,3,0,0,1,2,1,PR,AMCA2,7,120,9.4,-99,-99,N,
2021,3,0,0,1,2,2,PR,ATPA4,1,143,2.6,-99,-99,N,
2021,4,1,1,1,4,1,E,AMCA2,1,160,7.1,-99,-99,C,
2021,4,1,1,1,4,1,E,KOVI,2,85,4,-99,-99,F,
2021,4,1,1,1,4,1,E,KOVI,3,95,3.7,-99,-99,C,
2021,4,1,1,1,4,1,E,KOVI,4,90,4,-99,-99,F,
2021,4,1,1,1,4,1,E,KOVI,5,73,0.9,-99,-99,N,
2021,4,1,1,1,4,1,E,POHY,6,60,1.9,-99,-99,N,
2021,4,1,1,1,4,3,A,KOVI,1,100,3.3,-99,-99,F,
2021,4,1,1,1,4,3,B,KOVI,1,230,12.4,-99,-99,F,
2021,4,1,1,1,4,3,D,SOSE,1,120,3.6,-99,-99,F,
2021,4,1,1,1,4,3,D,SOSE,2,53,3.2,-99,-99,C,
2021,4,1,1,1,4,3,D,SOSE,3,73,4.8,-99,-99,C,
2021,4,1,1,1,4,3,D,SOSE,4,99,2.6,-99,-99,N,
2021,4,1,1,1,4,3,D,SOSE,5,99,5.4,-99,-99,N,
2021,4,1,1,1,4,3,D,SOSE,6,96,3.2,-99,-99,N,
2021,4,1,1,1,4,3,E,SOSE,1,96,4.7,-99,-99,N,
2021,4,1,1,1,4,3,E,SOSE,2,78,2.9,-99,-99,N,
2021,4,1,1,1,4,3,E,SOSE,3,84,3.7,-99,-99,N,
2021,4,1,1,1,4,3,E,SOSE,4,52,4,-99,-99,C,
2021,4,1,1,1,4,3,E,SOSE,5,103,5,-99,-99,N,
2021,4,1,1,1,4,3,E,SOSE,6,93,2.1,-99,-99,N,
2021,4,1,1,1,4,4,A,KOVI,1,210,11.1,-99,-99,F,
2021,4,1,1,1,4,4,B,KOVI,1,221,12.6,-99,-99,F,
2021,4,1,1,1,4,4,B,KOVI,2,226,10.5,-99,-99,F,
2021,4,1,1,1,4,4,D,SOSE,1,108,2.8,-99,-99,N,
2021,4,1,1,1,4,4,D,SOSE,2,127,4.4,-99,-99,F,
2021,4,1,1,1,4,4,D,SOSE,3,103,3.1,-99,-99,N,
2021,4,1,1,1,4,4,D,SOSE,4,100,4.7,-99,-99,N,
2021,4,1,1,1,4,4,D,SOSE,5,78,3.1,-99,-99,N,
2021,4,1,1,1,4,4,D,SOSE,6,62,2,-99,-99,N,
2021,4,1,1,1,4,4,E,SOSE,1,114,4.8,-99,-99,N,
2021,4,1,1,1,4,4,E,SOSE,2,121,6.5,-99,-99,F,
2021,4,1,1,1,4,4,E,SOSE,3,138,5.7,-99,-99,N,
2021,4,1,1,1,4,4,E,SOSE,4,87,4.1,-99,-99,N,
2021,4,1,1,1,4,5,A,KOVI,1,205,9.6,-99,-99,F,
2021,4,1,1,1,4,5,A,KOVI,2,110,6.4,-99,-99,C,
2021,4,1,1,1,4,5,A,POHY,3,70,1.6,-99,-99,N,
2021,4,1,1,1,4,5,B,POHY,1,49,1,-99,-99,C,
2021,4,1,1,1,4,5,B,KOVI,2,193,5.3,-99,-99,F,
2021,4,1,1,1,4,5,B,KOVI,3,209,8.9,-99,-99,F,
2021,4,1,1,1,4,5,C,SOSE,1,155,5.6,-99,-99,N,
2021,4,1,1,1,4,5,E,KOVI,1,160,5.2,-99,-99,F,
2021,4,1,1,1,4,5,E,SOSE,2,84,4,-99,-99,N,
2021,4,1,1,1,4,5,E,KOVI,3,193,8.7,-99,-99,F,
2021,4,1,1,1,4,5,E,KOVI,4,96,5.6,-99,-99,N,
2021,4,1,1,1,4,6,A,POHY,1,60,0.9,-99,-99,N,
2021,4,1,1,1,4,6,A,KOVI,2,210,10.7,-99,-99,F,
2021,4,1,1,1,4,6,B,POHY,1,64,1.9,-99,-99,N,
2021,4,1,1,1,4,6,B,KOVI,2,211,9,-99,-99,F,
2021,4,1,1,1,4,6,C,SOSE,1,109,4.3,-99,-99,N,
2021,4,1,1,1,4,6,C,SOSE,2,132,4.1,-99,-99,N,
2021,4,1,1,1,4,6,C,SOSE,3,85,5.1,-99,-99,N,
2021,4,1,1,1,4,6,C,SOSE,4,140,4.6,-99,-99,N,
2021,4,1,1,1,4,6,C,SOSE,5,160,2.6,-99,-99,N,
2021,4,1,1,1,4,6,C,SOSE,6,160,5.7,-99,-99,N,
2021,4,1,1,1,4,6,D,SOSE,1,121,5.4,-99,-99,N,
2021,4,1,1,1,4,6,D,SOSE,2,137,4.9,-99,-99,N,
2021,4,1,1,1,4,6,D,SOSE,3,60,3.1,-99,-99,C,
2021,4,1,1,1,4,6,D,SOSE,4,147,5.5,-99,-99,F,
2021,4,1,1,1,4,6,D,SOSE,5,165,5.6,-99,-99,F,
2021,4,1,1,1,4,6,D,SOSE,6,171,5.9,-99,-99,F,
2021,4,1,1,1,4,6,E,KOVI,1,92,4.7,-99,-99,N,
2021,4,1,1,1,4,6,E,KOVI,2,178,8.7,-99,-99,F,
2021,4,1,1,1,4,6,E,KOVI,3,145,7.6,-99,-99,N,
2021,4,1,1,1,4,6,E,KOVI,4,221,11.4,-99,-99,F,
2021,4,1,1,1,4,6,E,KOVI,5,210,10.2,-99,-99,F,
2021,4,1,1,1,4,6,E,KOVI,6,128,5,-99,-99,C,
2021,4,1,1,1,4,6,E,KOVI,7,222,10.1,-99,-99,F,
2021,4,1,1,1,4,6,E,KOVI,8,214,8.3,-99,-99,F,
2021,4,1,1,1,4,6,E,SOSE,9,60,5,-99,-99,C,
2021,4,1,1,1,4,7,A,POHY,1,65,1.7,-99,-99,N,
2021,4,1,1,1,4,7,A,POHY,2,89,2.6,-99,-99,F,
2021,4,1,1,1,4,7,A,POHY,3,60,2.3,-99,-99,C,
2021,4,1,1,1,4,7,B,POHY,1,64,1.5,-99,-99,C,
2021,4,1,1,1,4,7,D,SOSE,1,98,4.6,-99,-99,N,
2021,4,1,1,1,4,7,E,AMCA2,1,154,10.2,-99,-99,F,
2021,4,1,1,1,4,7,E,KOVI,2,90,6.4,-99,-99,N,
2021,4,1,1,1,4,7,E,KOVI,3,160,8.9,-99,-99,F,
2021,4,1,1,1,4,8,A,POHY,1,65,2.2,-99,-99,C,
2021,4,1,1,1,4,8,A,POHY,2,65,1.9,-99,-99,C,
2021,4,1,1,1,4,9,A,SOSE,1,104,3.8,-99,-99,N,
2021,4,1,1,1,4,9,A,SOSE,2,118,4.3,-99,-99,N,
2021,4,1,1,1,4,9,A,SOSE,3,55,2.6,-99,-99,N,
2021,4,1,1,1,4,9,B,SOSE,1,160,6.9,-99,-99,F,
2021,4,1,1,1,4,9,B,SOSE,2,159,6.8,-99,-99,N,
2021,4,1,1,1,4,9,B,SOSE,3,80,2.9,-99,-99,N,
2021,4,1,1,1,4,10,A,SOSE,1,110,3.2,-99,-99,C,
2021,4,1,1,1,4,10,A,SOSE,2,79,3.9,-99,-99,C,
2021,4,1,1,1,4,10,A,SOSE,3,170,6.4,-99,-99,F,
2021,4,1,1,1,4,10,B,SOSE,1,115,4,-99,-99,N,
2021,4,1,1,1,4,10,B,SOSE,2,125,4.6,-99,-99,N,
2021,4,1,1,1,4,10,B,SOSE,3,155,7.2,-99,-99,N,
2021,4,1,1,1,4,10,B,SOSE,4,150,5.9,-99,-99,F,
2021,4,1,1,1,4,10,B,SOSE,5,85,3.1,-99,-99,N,
2021,4,1,1,1,4,10,C,ATPA4,1,74,1.3,-99,-99,N,
2021,4,1,1,1,4,10,D,KOVI,1,235,13.2,-99,-99,F,
2021,4,1,1,1,4,10,D,KOVI,2,149,4.5,-99,-99,F,
2021,4,1,1,1,4,10,D,KOVI,3,236,11.4,-99,-99,F,
2021,4,1,1,1,4,10,E,KOVI,1,52,8.7,-99,-99,C,
2021,4,1,1,1,4,10,E,KOVI,2,219,11.3,-99,-99,F,
2021,4,0,1,1,4,1,NR,ATPA4,1,140,3.1,-99,-99,N,
2021,4,0,1,1,4,1,NR,AMCA2,2,187,15.2,-99,-99,F,
2021,4,0,1,1,4,1,NR,POHY,3,81,1.7,-99,-99,F,
2021,4,0,1,1,4,1,NR,POHY,4,82,1.6,-99,-99,F,
2021,4,0,1,1,4,1,NR,POHY,5,63,1.3,-99,-99,N,
2021,4,0,1,1,4,1,NR,POHY,6,64,1,-99,-99,N,
2021,4,0,1,1,4,1,NR,POHY,7,60,1,-99,-99,N,
2021,4,0,1,1,4,1,NR,POHY,8,63,1.9,-99,-99,N,
2021,4,0,1,1,4,1,NR,POHY,9,62,1.6,-99,-99,N,
2021,4,0,1,1,4,1,NR,AMCA2,10,150,13.6,-99,-99,N,
2021,4,0,1,1,4,2,NR,POHY,1,60,1,-99,-99,N,
2021,4,0,1,1,4,2,NR,POHY,2,78,1.5,-99,-99,N,
2021,4,0,1,1,4,2,NR,POHY,3,58,1.3,-99,-99,N,
2021,4,0,1,1,4,2,NR,POHY,4,73,1.5,-99,-99,N,
2021,4,0,1,1,4,2,NR,POHY,5,60,1.1,-99,-99,F,
2021,4,0,1,1,4,2,NR,POHY,6,49,0.9,-99,-99,N,
2021,4,0,1,1,4,2,NR,POHY,7,68,1.5,-99,-99,F,
2021,4,0,1,1,4,2,NR,POHY,8,60,1.1,-99,-99,N,
2021,4,0,1,1,4,2,NR,POHY,9,65,1.1,-99,-99,N,
2021,4,0,1,1,4,2,NR,POHY,10,70,1.4,-99,-99,F,
2021,4,0,1,1,4,2,NR,POHY,11,71,1.6,-99,-99,F,
2021,4,0,1,1,4,2,NR,POHY,12,73,1.9,-99,-99,F,
2021,4,0,1,1,4,1,PR,POHY,1,63,2.1,-99,-99,F,
2021,4,0,1,1,4,1,PR,POHY,2,55,1.3,-99,-99,N,
2021,4,0,1,1,4,1,PR,POHY,3,26,0,-99,-99,N,
2021,4,0,1,1,4,1,PR,POHY,4,77,2,-99,-99,F,
2021,4,0,1,1,4,1,PR,POHY,5,59,1.3,-99,-99,F,
2021,4,0,1,1,4,1,PR,POHY,6,77,1.8,-99,-99,F,
2021,4,0,1,1,4,1,PR,AMCA2,7,95,8.6,-99,-99,C,
2021,4,0,1,1,4,1,PR,POHY,8,54,1,-99,-99,C,
2021,4,0,1,1,4,1,PR,POHY,9,55,1.4,-99,-99,N,
2021,4,0,1,1,4,1,PR,POHY,10,50,1,-99,-99,N,
2021,4,0,1,1,4,1,PR,POHY,11,51,0.9,-99,-99,N,
2021,4,0,1,1,4,1,PR,POHY,12,52,0.9,-99,-99,N,
2021,4,0,1,1,4,1,PR,POHY,13,60,1.5,-99,-99,F,
2021,4,0,1,1,4,1,PR,POHY,14,48,1.1,-99,-99,N,
2021,4,0,1,1,4,1,PR,POHY,15,36,0,-99,-99,N,
2021,4,0,1,1,4,1,PR,POHY,16,49,1.4,-99,-99,N,
2021,4,0,1,1,4,1,PR,POHY,17,39,0,-99,-99,N,
2021,4,0,1,1,4,1,PR,POHY,18,36,0,-99,-99,N,
2021,4,0,1,1,4,1,PR,AMCA2,19,126,5,-99,-99,F,
2021,4,0,1,1,4,2,PR,POHY,1,86,1.6,-99,-99,F,
2021,4,0,1,1,4,2,PR,POHY,2,85,1.2,-99,-99,N,
2021,4,0,1,1,4,2,PR,POHY,3,82,2.3,-99,-99,F,
2021,4,0,1,1,4,2,PR,POHY,4,78,1.3,-99,-99,N,
2021,4,0,1,1,4,2,PR,POHY,5,89,1.9,-99,-99,F,
2021,4,0,1,1,4,2,PR,POHY,6,60,1.2,-99,-99,F,
2021,4,0,1,1,4,2,PR,POHY,7,40,0,-99,-99,N,
2021,4,0,1,1,4,2,PR,POHY,8,68,1,-99,-99,F,
2021,4,0,1,1,4,2,PR,POHY,9,85,1.5,-99,-99,F,
2021,4,0,1,1,4,2,PR,POHY,10,55,1.1,-99,-99,F,
2021,4,0,1,1,4,2,PR,AMCA2,11,100,5.7,-99,-99,F,
2021,4,0,1,1,4,2,PR,AMCA2,12,158,7,-99,-99,F,
2021,4,0,1,1,4,2,PR,POHY,13,75,1.7,-99,-99,F,
2021,4,0,1,1,4,2,PR,POHY,14,77,2.1,-99,-99,F,
2021,4,0,1,1,4,3,PR,POHY,1,70,1.3,-99,-99,F,
2021,4,0,1,1,4,3,PR,POHY,2,48,0.7,-99,-99,N,
2021,4,0,1,1,4,3,PR,POHY,3,65,1.1,-99,-99,F,
2021,4,0,1,1,4,3,PR,POHY,4,58,1.2,-99,-99,F,
2021,4,0,1,1,4,3,PR,POHY,5,50,1.3,-99,-99,N,
2021,4,0,1,1,4,3,PR,POHY,6,48,0.9,-99,-99,N,
2021,4,0,1,1,4,3,PR,POHY,7,44,0.6,-99,-99,F,
2021,4,0,1,1,4,3,PR,POHY,8,50,1,-99,-99,N,
2021,4,0,1,1,4,3,PR,POHY,9,49,1.2,-99,-99,N,
2021,4,0,1,1,4,3,PR,KOVI,10,190,8.6,-99,-99,F,
2021,4,0,1,1,4,3,PR,KOVI,11,159,6.1,-99,-99,F,
2021,5,1,1,0,3,1,A,AMCA2,1,96,3.3,-99,-99,N,
2021,5,1,1,0,3,1,A,AMCA2,2,85,2.8,-99,-99,N,
2021,5,1,1,0,3,1,A,AMCA2,3,104,3.3,-99,-99,N,
2021,5,1,1,0,3,1,A,AMCA2,4,110,4.5,-99,-99,F,
2021,5,1,1,0,3,1,A,AMCA2,5,30,0,-99,-99,N,
2021,5,1,1,0,3,1,A,AMCA2,6,27,0,-99,-99,N,
2021,5,1,1,0,3,1,B,AMCA2,1,140,8.8,-99,-99,F,
2021,5,1,1,0,3,1,B,POHY,2,65,1.7,-99,-99,F,
2021,5,1,1,0,3,1,B,AMCA2,3,100,2,-99,-99,F,
2021,5,1,1,0,3,1,C,AMCA2,1,135,5.9,-99,-99,F,
2021,5,1,1,0,3,1,C,AMCA2,2,40,0,-99,-99,C,
2021,5,1,1,0,3,1,D,AMCA2,1,89,2.4,-99,-99,N,
2021,5,1,1,0,3,1,D,AMCA2,2,80,2.9,-99,-99,N,
2021,5,1,1,0,3,1,D,AMCA2,3,49,0.4,-99,-99,C,
2021,5,1,1,0,3,1,E,AMCA2,1,102,2.8,-99,-99,F,
2021,5,1,1,0,3,1,E,AMCA2,2,71,1.7,-99,-99,C,
2021,5,1,1,0,3,2,C,AMCA2,1,100,3.6,-99,-99,F,
2021,5,1,1,0,3,2,C,AMCA2,2,80,1.2,-99,-99,F,
2021,5,1,1,0,3,2,D,AMCA2,1,83,2.8,-99,-99,F,
2021,5,1,1,0,3,3,A,POHY,1,30,0,-99,-99,N,
2021,5,1,1,0,3,3,A,POHY,2,41,0.8,-99,-99,N,
2021,5,1,1,0,3,3,A,POHY,3,32,0,-99,-99,N,
2021,5,1,1,0,3,3,A,POHY,4,39,0,-99,-99,N,
2021,5,1,1,0,3,3,A,KOVI,5,24,0,-99,-99,N,
2021,5,1,1,0,3,3,A,POHY,6,43,0.8,-99,-99,N,
2021,5,1,1,0,3,3,B,AMCA2,1,85,1.9,-99,-99,N,
2021,5,1,1,0,3,3,B,AMCA2,2,56,0.5,-99,-99,F,
2021,5,1,1,0,3,3,B,AMCA2,3,56,1.5,-99,-99,N,
2021,5,1,1,0,3,3,B,AMCA2,4,46,0.9,-99,-99,N,
2021,5,1,1,0,3,3,C,AMCA2,1,98,1.6,-99,-99,F,
2021,5,1,1,0,3,3,C,AMCA2,2,57,1.3,-99,-99,N,
2021,5,1,1,0,3,3,D,AMCA2,1,91,1.9,-99,-99,F,
2021,5,1,1,0,3,3,D,AMCA2,2,69,2.1,-99,-99,N,
2021,5,1,1,0,3,3,D,AMCA2,3,81,1.9,-99,-99,F,
2021,5,1,1,0,3,3,D,AMCA2,4,80,1.8,-99,-99,F,
2021,5,1,1,0,3,3,E,AMCA2,1,45,1.6,-99,-99,N,
2021,5,1,1,0,3,3,E,AMCA2,2,76,3.1,-99,-99,N,
2021,5,1,1,0,3,3,E,AMCA2,3,65,0.9,-99,-99,F,
2021,5,1,1,0,3,3,E,AMCA2,4,91,3.6,-99,-99,F,
2021,5,1,1,0,3,4,A,POHY,1,70,2.1,-99,-99,F,
2021,5,1,1,0,3,4,A,POHY,2,39,0,-99,-99,N,
2021,5,1,1,0,3,4,A,POHY,3,50,1.1,-99,-99,N,
2021,5,1,1,0,3,4,A,POHY,4,62,1.4,-99,-99,F,
2021,5,1,1,0,3,4,A,POHY,5,42,0.8,-99,-99,F,
2021,5,1,1,0,3,4,A,AMCA2,6,49,0.5,-99,-99,N,
2021,5,1,1,0,3,4,A,POHY,7,40,0,-99,-99,N,
2021,5,1,1,0,3,4,A,POHY,8,42,0.6,-99,-99,N,
2021,5,1,1,0,3,4,A,POHY,9,39,0,-99,-99,N,
2021,5,1,1,0,3,4,B,AMCA2,1,46,0.5,-99,-99,N,
2021,5,1,1,0,3,4,B,AMCA2,2,69,1.7,-99,-99,N,
2021,5,1,1,0,3,4,B,AMCA2,3,68,2.2,-99,-99,N,
2021,5,1,1,0,3,4,B,AMCA2,4,63,1.2,-99,-99,N,
2021,5,1,1,0,3,4,B,POHY,5,60,1.1,-99,-99,N,
2021,5,1,1,0,3,4,B,POHY,6,35,0,-99,-99,N,
2021,5,1,1,0,3,4,B,POHY,7,52,1.2,-99,-99,N,
2021,5,1,1,0,3,4,C,POHY,1,40,0,-99,-99,N,
2021,5,1,1,0,3,4,D,AMCA2,1,146,3.2,-99,-99,N,
2021,5,1,1,0,3,4,D,AMCA2,2,79,2.9,-99,-99,F,
2021,5,1,1,0,3,4,D,AMCA2,3,67,2.2,-99,-99,N,
2021,5,1,1,0,3,4,E,AMCA2,1,73,1.8,-99,-99,C,
2021,5,1,1,0,3,4,E,AMCA2,2,78,1.8,-99,-99,F,
2021,5,1,1,0,3,5,A,AMCA2,1,70,1.9,-99,-99,F,
2021,5,1,1,0,3,5,A,AMCA2,2,48,1.1,-99,-99,N,
2021,5,1,1,0,3,5,B,AMCA2,1,52,1.3,-99,-99,N,
2021,5,1,1,0,3,5,B,AMCA2,2,70,2,-99,-99,N,
2021,5,1,1,0,3,5,B,AMCA2,3,56,2.2,-99,-99,N,
2021,5,1,1,0,3,5,B,AMCA2,4,57,1.3,-99,-99,N,
2021,5,1,1,0,3,5,B,AMCA2,5,58,1.5,-99,-99,N,
2021,5,1,1,0,3,5,B,AMCA2,6,54,1.1,-99,-99,C,
2021,5,1,1,0,3,5,C,POHY,1,32,0,-99,-99,N,
2021,5,1,1,0,3,5,C,KOVI,2,168,5.5,-99,-99,F,
2021,5,1,1,0,3,5,C,KOVI,3,161,5.2,-99,-99,F,
2021,5,1,1,0,3,5,C,KOVI,4,172,6.9,-99,-99,F,
2021,5,1,1,0,3,5,D,KOVI,1,141,4,-99,-99,F,
2021,5,1,1,0,3,5,D,KOVI,2,137,3.8,-99,-99,N,
2021,5,1,1,0,3,5,D,KOVI,3,210,8.8,-99,-99,F,
2021,5,1,1,0,3,5,D,KOVI,4,220,8.4,-99,-99,F,
2021,5,1,1,0,3,5,D,KOVI,5,188,6.2,-99,-99,F,
2021,5,1,1,0,3,5,D,KOVI,6,116,3.4,-99,-99,N,
2021,5,1,1,0,3,5,D,KOVI,7,191,8,-99,-99,F,
2021,5,1,1,0,3,6,A,KOVI,1,105,3.7,-99,-99,F,
2021,5,1,1,0,3,6,A,KOVI,2,60,0.9,-99,-99,N,
2021,5,1,1,0,3,6,A,KOVI,3,100,2.8,-99,-99,F,
2021,5,1,1,0,3,6,A,AMCA2,4,140,8.4,-99,-99,N,
2021,5,1,1,0,3,6,B,ATPA4,1,51,1.3,-99,-99,N,
2021,5,1,1,0,3,6,D,AMCA2,1,89,2,-99,-99,F,
2021,5,1,1,0,3,6,D,AMCA2,2,89,2.9,-99,-99,F,
2021,5,1,1,0,3,6,D,AMCA2,3,51,2.9,-99,-99,N,
2021,5,1,1,0,3,6,D,KOVI,4,163,6,-99,-99,F,
2021,5,1,1,0,3,6,D,AMCA2,5,55,1.6,-99,-99,N,
2021,5,1,1,0,3,7,A,POHY,1,60,1.5,-99,-99,N,
2021,5,1,1,0,3,7,A,POHY,2,58,1.1,-99,-99,F,
2021,5,1,1,0,3,7,A,POHY,3,50,0.9,-99,-99,F,
2021,5,1,1,0,3,7,A,POHY,4,45,0.8,-99,-99,N,
2021,5,1,1,0,3,7,A,ATPA4,5,34,0,-99,-99,N,
2021,5,1,1,0,3,7,A,POHY,6,71,1.7,-99,-99,F,
2021,5,1,1,0,3,7,A,POHY,7,74,1.4,-99,-99,F,
2021,5,1,1,0,3,7,A,POHY,8,98,2.6,-99,-99,F,
2021,5,1,1,0,3,7,A,AMCA2,9,114,5,-99,-99,N,
2021,5,1,1,0,3,7,B,KOVI,1,124,5.1,-99,-99,F,
2021,5,1,1,0,3,7,B,POHY,2,88,2,-99,-99,F,
2021,5,1,1,0,3,7,B,AMCA2,3,95,3.3,-99,-99,N,
2021,5,1,1,0,3,7,B,ATPA4,4,110,3.1,-99,-99,N,
2021,5,1,1,0,3,7,C,POHY,1,50,1.2,-99,-99,N,
2021,5,1,1,0,3,7,C,AMCA2,2,33,0,-99,-99,N,
2021,5,1,1,0,3,7,D,AMCA2,1,80,0,-99,-99,N,
2021,5,1,1,0,3,7,D,AMCA2,2,67,0,-99,-99,N,
2021,5,1,1,0,3,7,D,AMCA2,3,71,0,-99,-99,N,
2021,5,1,1,0,3,7,E,AMCA2,1,64,1.8,-99,-99,N,
2021,5,1,1,0,3,7,E,AMCA2,2,38,0,-99,-99,N,
2021,5,1,1,0,3,8,A,AMCA2,1,55,1.4,-99,-99,F,
2021,5,1,1,0,3,8,A,KOVI,2,20,0,-99,-99,N,
2021,5,1,1,0,3,8,A,POHY,3,74,1.5,-99,-99,N,
2021,5,1,1,0,3,8,B,AMCA2,1,110,4.4,-99,-99,N,
2021,5,1,1,0,3,8,B,AMCA2,2,94,4.3,-99,-99,N,
2021,5,1,1,0,3,8,B,POHY,3,95,2.4,-99,-99,F,
2021,5,1,1,0,3,8,B,POHY,4,69,1.5,-99,-99,F,
2021,5,1,1,0,3,8,E,POHY,1,39,0,-99,-99,N,
2021,5,1,1,0,3,8,E,POHY,2,44,1.1,-99,-99,N,
2021,5,1,1,0,3,8,E,AMCA2,3,0,3.5,-99,-99,N,
2021,5,1,1,0,3,8,E,AMCA2,4,87,1.7,-99,-99,N,
2021,5,1,1,0,3,8,E,POHY,5,56,1.1,-99,-99,N,
2021,5,1,1,0,3,8,E,POHY,6,57,0,-99,-99,N,
2021,5,1,1,0,3,8,E,POHY,7,35,1.2,-99,-99,N,
2021,5,1,1,0,3,8,E,AMCA2,8,59,2,-99,-99,N,
2021,5,1,1,0,3,8,E,Pick One,9,69,0,-99,-99,N,
2021,5,1,1,0,3,9,A,POHY,1,100,2.6,-99,-99,F,
2021,5,1,1,0,3,9,A,POHY,2,92,1.9,-99,-99,F,
2021,5,1,1,0,3,9,A,POHY,3,31,0,-99,-99,N,
2021,5,1,1,0,3,9,A,ATPA4,4,80,1.5,-99,-99,N,
2021,5,1,1,0,3,9,A,POHY,5,94,2.3,-99,-99,F,
2021,5,1,1,0,3,9,A,POHY,6,95,2.4,-99,-99,F,
2021,5,1,1,0,3,9,A,KOVI,7,38,0,-99,-99,N,
2021,5,1,1,0,3,9,B,POHY,1,32,0,-99,-99,N,
2021,5,1,1,0,3,9,B,POHY,2,88,1.7,-99,-99,F,
2021,5,1,1,0,3,9,B,ATPA4,3,92,2.2,-99,-99,C,
2021,5,1,1,0,3,9,B,POHY,4,68,1.2,-99,-99,N,
2021,5,1,1,0,3,9,C,POHY,1,73,1.7,-99,-99,F,
2021,5,1,1,0,3,9,C,KOVI,2,45,2.4,-99,-99,N,
2021,5,1,1,0,3,9,C,POHY,3,100,1.9,-99,-99,F,
2021,5,1,1,0,3,9,C,POHY,4,65,1.6,-99,-99,N,
2021,5,1,1,0,3,9,D,POHY,1,30,0,-99,-99,N,
2021,5,1,1,0,3,9,D,ATPA4,2,28,0,-99,-99,N,
2021,5,1,1,0,3,9,D,ATPA4,3,36,0,-99,-99,N,
2021,5,1,1,0,3,9,E,POHY,1,39,0,-99,-99,N,
2021,5,1,1,0,3,9,E,POHY,2,37,0,-99,-99,N,
2021,5,1,1,0,3,9,E,POHY,3,36,0,-99,-99,N,
2021,5,1,1,0,3,9,E,AMCA2,4,50,1.3,-99,-99,N,
2021,5,1,1,0,3,9,E,AMCA2,5,44,1,-99,-99,N,
2021,5,1,1,0,3,10,A,POHY,1,45,0.7,-99,-99,N,
2021,5,1,1,0,3,10,C,POHY,1,112,2.5,-99,-99,F,
2021,5,1,1,0,3,10,C,POHY,2,181,1.4,-99,-99,F,
2021,5,1,1,0,3,10,C,POHY,3,108,2.8,-99,-99,F,
2021,5,1,1,0,3,10,C,ATPA4,4,140,3.1,-99,-99,N,
2021,5,1,1,0,3,10,C,ATPA4,5,53,1,-99,-99,N,
2021,5,1,1,0,3,10,C,POHY,6,95,2.5,-99,-99,F,
2021,5,1,1,0,3,10,C,POHY,7,71,2.1,-99,-99,F,
2021,5,1,1,0,3,10,C,POHY,8,55,1.4,-99,-99,N,
2021,5,1,1,0,3,10,C,POHY,9,75,1.6,-99,-99,N,
2021,5,1,1,0,3,10,C,POHY,10,45,0.6,-99,-99,N,
2021,5,1,1,0,3,10,C,POHY,11,40,0,-99,-99,N,
2021,5,1,1,0,3,10,D,POHY,1,56,1.2,-99,-99,N,
2021,5,1,1,0,3,10,D,POHY,2,87,1.8,-99,-99,F,
2021,5,1,1,0,3,10,D,AMCA2,3,87,2.9,-99,-99,N,
2021,5,1,1,0,3,10,D,POHY,4,69,1.1,-99,-99,F,
2021,5,1,1,0,3,10,D,POHY,5,73,1.3,-99,-99,F,
2021,5,1,1,0,3,10,D,POHY,6,86,1.4,-99,-99,F,
2021,5,1,1,0,3,10,E,POHY,1,33,0,-99,-99,N,
2021,5,1,1,0,3,10,E,POHY,2,36,0,-99,-99,N,
2021,5,0,1,0,3,1,NR,POHY,1,36,0,-99,-99,N,
2021,5,0,1,0,3,1,NR,AMCA2,2,84,4.7,-99,-99,N,
2021,5,0,1,0,3,1,NR,AMCA2,3,37,0,-99,-99,N,
2021,5,0,1,0,3,1,NR,AMCA2,4,79,3.8,-99,-99,N,
2021,5,0,1,0,3,2,NR,AMCA2,1,63,2.4,-99,-99,N,
2021,5,0,1,0,3,2,NR,POHY,2,51,1.3,-99,-99,N,
2021,5,0,1,0,3,3,NR,AMCA2,1,83,4.9,-99,-99,N,
2021,5,0,1,0,3,3,NR,AMCA2,2,66,2.1,-99,-99,N,
2021,5,0,1,0,3,3,NR,AMCA2,3,81,3,-99,-99,N,
2021,5,0,1,0,3,1,PR,AMCA2,1,130,7,-99,-99,N,
2021,5,0,1,0,3,1,PR,AMCA2,2,55,1.5,-99,-99,N,
2021,5,0,1,0,3,1,PR,POHY,3,55,1.3,-99,-99,N,
2021,5,0,1,0,3,1,PR,POHY,4,50,1.4,-99,-99,F,
2021,5,0,1,0,3,1,PR,AMCA2,5,54,2.3,-99,-99,N,
2021,5,0,1,0,3,1,PR,POHY,6,40,0,-99,-99,F,
2021,5,0,1,0,3,1,PR,POHY,7,55,1.3,-99,-99,F,
2021,5,0,1,0,3,1,PR,AMCA2,8,75,4.1,-99,-99,N,
2021,5,0,1,0,3,1,PR,POHY,9,55,1.3,-99,-99,F,
2021,5,0,1,0,3,2,PR,POHY,1,34,0,-99,-99,N,
2021,5,0,1,0,3,2,PR,POHY,2,70,1.8,-99,-99,F,
2021,5,0,1,0,3,3,PR,AMCA2,1,98,5.7,-99,-99,N,
2021,5,0,1,0,3,3,PR,POHY,2,50,1.5,-99,-99,N,
2021,5,0,1,0,3,3,PR,POHY,3,55,1.8,-99,-99,N,
2021,6,1,0,1,2,1,A,KOVI,1,68,2.3,-99,-99,N,
2021,6,1,0,1,2,1,D,AMCA2,1,59,1.8,-99,-99,N,
2021,6,1,0,1,2,1,D,AMCA2,2,48,2.7,-99,-99,C,
2021,6,1,0,1,2,2,A,KOVI,1,218,8,-99,-99,F,
2021,6,1,0,1,2,2,C,AMCA2,1,56,1.8,-99,-99,N,
2021,6,1,0,1,2,2,D,AMCA2,1,78,2.7,-99,-99,F,
2021,6,1,0,1,2,5,A,AMCA2,1,73,3.2,-99,-99,N,
2021,6,1,0,1,2,5,C,AMCA2,1,95,5.1,-99,-99,N,
2021,6,1,0,1,2,8,A,AMCA2,1,55,1.5,-99,-99,N,
2021,6,1,0,1,2,8,A,POHY,2,60,1.9,-99,-99,N,
2021,6,1,0,1,2,8,B,POHY,1,63,1.3,-99,-99,F,
2021,6,1,0,1,2,8,E,ATPA4,1,70,0.9,-99,-99,N,
2021,6,1,0,1,2,9,A,POHY,1,60,1.4,-99,-99,F,
2021,6,1,0,1,2,9,D,ATPA4,1,57,0.8,-99,-99,N,
2021,6,1,0,1,2,9,D,ATPA4,2,42,0.2,-99,-99,N,
2021,6,1,0,1,2,10,A,AMCA2,1,75,1.4,-99,-99,N,
2021,6,1,0,1,2,10,A,ATPA4,2,81,1.7,-99,-99,N,
2021,6,1,0,1,2,10,A,ATPA4,3,58,1.2,-99,-99,N,
2021,6,1,0,1,2,10,B,ATPA4,1,64,1.7,-99,-99,N,
2021,6,1,0,1,2,10,B,ATPA4,2,57,0.9,-99,-99,N,
2021,6,1,0,1,2,10,B,ATPA4,3,61,1.3,-99,-99,N,
2021,6,1,0,1,2,10,C,ATPA4,1,55,1,-99,-99,N,
2021,6,1,0,1,2,10,C,ATPA4,2,58,1,-99,-99,N,
2021,6,1,0,1,2,10,D,IVFR,1,230,10.6,-99,-99,N,
2021,6,1,0,1,2,10,D,ATPA4,2,38,0,-99,-99,N,
2021,6,0,0,1,2,1,NR,POHY,1,64,1.9,-99,-99,F,
2021,6,0,0,1,2,1,NR,POHY,2,39,0,-99,-99,N,
2021,6,0,0,1,2,1,NR,POHY,3,70,1,-99,-99,N,
2021,6,0,0,1,2,1,NR,POHY,4,43,0.8,-99,-99,N,
2021,6,0,0,1,2,1,NR,ATPA4,5,56,1.6,-99,-99,N,
2021,6,0,0,1,2,1,NR,AMCA2,6,34,0,-99,-99,N,
2021,6,0,0,1,2,1,NR,POHY,7,70,2.1,-99,-99,F,
2021,6,0,0,1,2,1,NR,POHY,8,55,1.2,-99,-99,N,
2021,6,0,0,1,2,1,NR,POHY,9,54,1.4,-99,-99,N,
2021,6,0,0,1,2,1,NR,POHY,10,67,1.9,-99,-99,F,
2021,6,0,0,1,2,1,NR,POHY,11,40,0,-99,-99,N,
2021,6,0,0,1,2,1,NR,ATPA4,12,59,1.3,-99,-99,N,
2021,6,0,0,1,2,1,NR,ATPA4,13,52,1.1,-99,-99,C,
2021,6,0,0,1,2,1,NR,ATPA4,14,90,2,-99,-99,N,
2021,6,0,0,1,2,1,NR,POHY,15,52,1.1,-99,-99,F,
2021,6,0,0,1,2,1,NR,ATPA4,16,70,1.2,-99,-99,N,
2021,6,0,0,1,2,1,NR,ATPA4,17,62,1.2,-99,-99,N,
2021,6,0,0,1,2,1,NR,ATPA4,18,60,1.2,-99,-99,N,
2021,6,0,0,1,2,1,NR,ATPA4,19,68,1.4,-99,-99,N,
2021,6,0,0,1,2,1,NR,ATPA4,20,35,0,-99,-99,N,
2021,6,0,0,1,2,1,NR,ATPA4,21,70,1.7,-99,-99,N,
2021,6,0,0,1,2,1,NR,ATPA4,22,38,0,-99,-99,N,
2021,6,0,0,1,2,1,NR,POHY,23,52,1,-99,-99,N,
2021,6,0,0,1,2,2,NR,POHY,1,30,0,-99,-99,N,
2021,6,0,0,1,2,2,NR,POHY,2,55,1,-99,-99,F,
2021,6,0,0,1,2,2,NR,ATPA4,3,80,1.5,-99,-99,N,
2021,6,0,0,1,2,2,NR,ATPA4,4,54,1,-99,-99,N,
2021,6,0,0,1,2,2,NR,POHY,5,70,1.7,-99,-99,F,
2021,6,0,0,1,2,2,NR,POHY,6,50,1.1,-99,-99,N,
2021,6,0,0,1,2,2,NR,POHY,7,38,0,-99,-99,N,
2021,6,0,0,1,2,2,NR,POHY,8,45,0.8,-99,-99,N,
2021,6,0,0,1,2,2,NR,ATPA4,9,100,1.9,-99,-99,N,
2021,6,0,0,1,2,2,NR,POHY,10,45,0.8,-99,-99,N,
2021,6,0,0,1,2,3,NR,AMCA2,11,38,0,-99,-99,C,
2021,6,0,0,1,2,3,NR,ATPA4,12,93,2,-99,-99,N,
2021,6,0,0,1,2,3,NR,POHY,13,56,1,-99,-99,N,
2021,6,0,0,1,2,3,NR,ATPA4,14,130,2.7,-99,-99,N,
2021,6,0,0,1,2,3,NR,ATPA4,15,70,1.4,-99,-99,N,
2021,6,0,0,1,2,3,NR,POHY,16,60,1.2,-99,-99,N,
2021,6,0,0,1,2,3,NR,AMCA2,1,115,8,-99,-99,F,
2021,6,0,0,1,2,3,NR,AMCA2,2,125,8.9,-99,-99,N,
2021,6,0,0,1,2,3,NR,ATPA4,3,85,2.1,-99,-99,N,
2021,6,0,0,1,2,1,PR,AMCA2,1,55,3,-99,-99,N,
2021,6,0,0,1,2,3,PR,SPCY,1,110,0,-99,-99,N,
2021,7,1,1,1,4,1,A,POHY,1,80,2,-99,-99,F,
2021,7,1,1,1,4,1,A,POHY,2,75,1.4,-99,-99,F,
2021,7,1,1,1,4,1,A,POHY,3,75,1.5,-99,-99,F,
2021,7,1,1,1,4,1,A,POHY,4,80,1.9,-99,-99,C,
2021,7,1,1,1,4,1,A,POHY,5,51,1.3,-99,-99,C,
2021,7,1,1,1,4,1,A,POHY,6,60,1.3,-99,-99,F,
2021,7,1,1,1,4,1,B,POHY,1,76,2.4,-99,-99,F,
2021,7,1,1,1,4,1,B,POHY,2,80,1.5,-99,-99,F,
2021,7,1,1,1,4,1,B,POHY,3,80,1.6,-99,-99,F,
2021,7,1,1,1,4,1,B,POHY,4,70,1.2,-99,-99,F,
2021,7,1,1,1,4,1,B,POHY,5,57,2.2,-99,-99,C,
2021,7,1,1,1,4,1,B,POHY,6,72,1.4,-99,-99,F,
2021,7,1,1,1,4,1,B,POHY,7,50,1.5,-99,-99,N,
2021,7,1,1,1,4,1,B,AMCA2,8,260,16.5,-99,-99,F,
2021,7,1,1,1,4,1,D,POHY,1,40,0,-99,-99,N,
2021,7,1,1,1,4,1,D,POHY,2,61,2,-99,-99,F,
2021,7,1,1,1,4,1,D,POHY,3,69,2.8,-99,-99,N,
2021,7,1,1,1,4,1,D,POHY,4,71,1.8,-99,-99,N,
2021,7,1,1,1,4,2,B,POHY,1,41,1.3,-99,-99,N,
2021,7,1,1,1,4,3,A,AMCA2,1,182,14,-99,-99,F,
2021,7,1,1,1,4,3,E,ATPA4,1,118,2.7,-99,-99,N,
2021,7,1,1,1,4,4,A,ATPA4,1,205,3.3,-99,-99,N,
2021,7,1,1,1,4,4,B,AMCA2,1,81,3.1,-99,-99,N,
2021,7,1,1,1,4,4,E,AMCA2,1,147,13.1,-99,-99,N,
2021,7,1,1,1,4,5,A,AMCA2,1,77,3.3,-99,-99,N,
2021,7,1,1,1,4,5,B,POHY,1,53,0.9,-99,-99,N,
2021,7,1,1,1,4,5,B,POHY,2,63,1,-99,-99,F,
2021,7,1,1,1,4,5,B,POHY,3,62,1.2,-99,-99,N,
2021,7,1,1,1,4,5,C,POHY,1,61,1.2,-99,-99,N,
2021,7,1,1,1,4,6,A,AMCA2,1,125,8.6,-99,-99,F,
2021,7,1,1,1,4,6,A,ATPA4,2,150,2,-99,-99,N,
2021,7,1,1,1,4,6,A,ATPA4,3,100,2.8,-99,-99,N,
2021,7,1,1,1,4,6,B,ATPA4,1,200,2.5,-99,-99,N,
2021,7,1,1,1,4,6,B,POHY,2,75,1.4,-99,-99,F,
2021,7,1,1,1,4,6,C,ATPA4,1,85,2,-99,-99,N,
2021,7,1,1,1,4,7,A,ATPA4,1,107,3,-99,-99,C,
2021,7,1,1,1,4,7,A,ATPA4,2,75,2.5,-99,-99,N,
2021,7,1,1,1,4,7,A,ATPA4,3,65,2.1,-99,-99,C,
2021,7,1,1,1,4,7,A,ATPA4,4,90,2.8,-99,-99,N,
2021,7,1,1,1,4,7,B,ATPA4,1,120,3.2,-99,-99,N,
2021,7,1,1,1,4,7,B,ATPA4,2,200,3.8,-99,-99,N,
2021,7,1,1,1,4,7,B,ATPA4,3,150,3.8,-99,-99,N,
2021,7,1,1,1,4,7,B,ATPA4,4,100,2.4,-99,-99,N,
2021,7,1,1,1,4,7,C,ATPA4,1,100,2.8,-99,-99,N,
2021,7,1,1,1,4,7,C,ATPA4,2,200,4,-99,-99,N,
2021,7,1,1,1,4,8,A,ATPA4,1,77,1.5,-99,-99,C,
2021,7,1,1,1,4,8,A,ATPA4,2,100,2.1,-99,-99,N,
2021,7,1,1,1,4,8,A,ATPA4,3,107,3.1,-99,-99,C,
2021,7,1,1,1,4,8,A,ATPA4,4,150,2.7,-99,-99,N,
2021,7,1,1,1,4,8,A,ATPA4,5,180,2.9,-99,-99,N,
2021,7,1,1,1,4,8,A,ATPA4,6,133,2,-99,-99,C,
2021,7,1,1,1,4,8,B,ATPA4,1,150,2.1,-99,-99,N,
2021,7,1,1,1,4,8,B,ATPA4,2,70,1.2,-99,-99,N,
2021,7,1,1,1,4,8,C,ATPA4,1,180,1.9,-99,-99,N,
2021,7,1,1,1,4,8,C,ATPA4,2,80,1.7,-99,-99,N,
2021,7,1,1,1,4,8,D,ATPA4,1,80,1.3,-99,-99,N,
2021,7,1,1,1,4,8,E,ATPA4,1,100,3.1,-99,-99,N,
2021,7,1,1,1,4,8,E,ATPA4,2,65,0.7,-99,-99,N,
2021,7,1,1,1,4,8,E,ATPA4,3,56,0.6,-99,-99,N,
2021,7,1,1,1,4,9,A,ATPA4,1,160,2.1,-99,-99,N,
2021,7,1,1,1,4,9,B,ATPA4,1,75,1.2,-99,-99,N,
2021,7,1,1,1,4,9,B,ATPA4,2,100,1.6,-99,-99,N,
2021,7,1,1,1,4,9,B,ATPA4,3,68,1,-99,-99,N,
2021,7,1,1,1,4,9,B,ATPA4,4,80,1.4,-99,-99,N,
2021,7,1,1,1,4,9,B,ATPA4,5,100,1.4,-99,-99,N,
2021,7,1,1,1,4,9,B,ATPA4,6,120,1.8,-99,-99,N,
2021,7,1,1,1,4,9,B,ATPA4,7,100,1.9,-99,-99,N,
2021,7,1,1,1,4,9,B,ATPA4,8,200,2.2,-99,-99,N,
2021,7,1,1,1,4,9,B,ATPA4,9,200,3.2,-99,-99,N,
2021,7,1,1,1,4,9,C,ATPA4,1,150,1.9,-99,-99,N,
2021,7,1,1,1,4,9,C,ATPA4,2,100,2,-99,-99,N,
2021,7,1,1,1,4,9,C,ATPA4,3,150,2.2,-99,-99,N,
2021,7,1,1,1,4,9,D,ATPA4,1,200,2.4,-99,-99,N,
2021,7,1,1,1,4,9,E,ATPA4,1,200,2.2,-99,-99,N,
2021,7,1,1,1,4,10,A,ATPA4,1,78,2.1,-99,-99,N,
2021,7,1,1,1,4,10,B,ATPA4,1,90,0,-99,-99,N,
2021,7,1,1,1,4,10,B,ATPA4,2,110,0,-99,-99,N,
2021,7,1,1,1,4,10,B,ATPA4,3,100,0,-99,-99,N,
2021,7,1,1,1,4,10,B,ATPA4,4,240,0,-99,-99,N,
2021,7,1,1,1,4,10,B,ATPA4,5,180,0,-99,-99,N,
2021,7,1,1,1,4,10,C,ATPA4,1,100,2.2,-99,-99,N,
2021,7,1,1,1,4,10,C,ATPA4,2,100,2.6,-99,-99,N,
2021,7,1,1,1,4,10,C,ATPA4,3,85,1.9,-99,-99,N,
2021,7,1,1,1,4,10,C,ATPA4,4,100,1.4,-99,-99,N,
2021,7,1,1,1,4,10,C,ATPA4,5,150,1.4,-99,-99,N,
2021,7,1,1,1,4,10,D,ATPA4,1,100,0,-99,-99,N,
2021,7,1,1,1,4,10,D,ATPA4,2,100,0,-99,-99,N,
2021,7,1,1,1,4,10,E,POHY,1,76,2,-99,-99,N,
2021,7,0,1,1,4,1,NR,POHY,1,46,0.9,-99,-99,F,
2021,7,0,1,1,4,1,NR,POHY,2,49,0.9,-99,-99,F,
2021,7,0,1,1,4,1,NR,POHY,3,63,1.6,-99,-99,F,
2021,7,0,1,1,4,1,NR,POHY,4,38,0,-99,-99,N,
2021,7,0,1,1,4,1,NR,POHY,5,64,1.1,-99,-99,F,
2021,7,0,1,1,4,1,NR,POHY,6,27,0,-99,-99,N,
2021,7,0,1,1,4,1,NR,POHY,7,27,0,-99,-99,N,
2021,7,0,1,1,4,1,NR,POHY,8,49,1.1,-99,-99,F,
2021,7,0,1,1,4,1,NR,POHY,9,21,0,-99,-99,N,
2021,7,0,1,1,4,1,NR,POHY,10,69,1.8,-99,-99,F,
2021,7,0,1,1,4,1,NR,ATPA4,11,67,1.2,-99,-99,N,
2021,7,0,1,1,4,1,NR,POHY,12,61,1.2,-99,-99,C,
2021,7,0,1,1,4,2,NR,ATPA4,1,49,0.6,-99,-99,N,
2021,7,0,1,1,4,2,NR,ATPA4,2,22,0,-99,-99,N,
2021,7,0,1,1,4,2,NR,POHY,3,31,0,-99,-99,N,
2021,7,0,1,1,4,3,NR,AMCA2,1,75,2.2,-99,-99,N,
2021,7,0,1,1,4,3,NR,ATPA4,2,75,1,-99,-99,N,
2021,7,0,1,1,4,1,PR,AMCA2,1,46,1.2,-99,-99,N,
2021,7,0,1,1,4,2,PR,AMCA2,1,90,4.9,-99,-99,F,
2021,7,0,1,1,4,2,PR,AMCA2,2,11,0,-99,-99,N,
2021,7,0,1,1,4,3,PR,AMCA2,1,85,2.9,-99,-99,N,
2021,8,1,0,0,1,1,A,AMCA2,1,49,1,-99,-99,N,
2021,8,1,0,0,1,1,A,AMCA2,2,46,0.6,-99,-99,N,
2021,8,1,0,0,1,1,A,AMCA2,3,58,1.5,-99,-99,N,
2021,8,1,0,0,1,1,A,AMCA2,4,50,0.6,-99,-99,N,
2021,8,1,0,0,1,1,A,AMCA2,5,47,0.7,-99,-99,N,
2021,8,1,0,0,1,1,A,AMCA2,6,48,0.8,-99,-99,N,
2021,8,1,0,0,1,1,A,AMCA2,7,66,1.2,-99,-99,N,
2021,8,1,0,0,1,1,A,AMCA2,8,55,0.8,-99,-99,N,
2021,8,1,0,0,1,1,A,AMCA2,9,37,0,-99,-99,N,
2021,8,1,0,0,1,1,A,AMCA2,10,40,0,-99,-99,N,
2021,8,1,0,0,1,1,B,AMCA2,1,65,1.3,-99,-99,N,
2021,8,1,0,0,1,1,C,AMCA2,1,64,1.5,-99,-99,N,
2021,8,1,0,0,1,1,C,AMCA2,2,62,1.3,-99,-99,N,
2021,8,1,0,0,1,2,A,AMCA2,1,60,1.4,-99,-99,N,
2021,8,1,0,0,1,2,A,AMCA2,2,47,1,-99,-99,N,
2021,8,1,0,0,1,2,A,AMCA2,3,64,1.3,-99,-99,N,
2021,8,1,0,0,1,2,A,AMCA2,4,33,0,-99,-99,N,
2021,8,1,0,0,1,2,A,AMCA2,5,32,0,-99,-99,N,
2021,8,1,0,0,1,2,A,AMCA2,6,45,1.3,-99,-99,N,
2021,8,1,0,0,1,2,A,AMCA2,7,40,1,-99,-99,N,
2021,8,1,0,0,1,2,B,AMCA2,1,53,1,-99,-99,N,
2021,8,1,0,0,1,2,B,AMCA2,2,52,1,-99,-99,N,
2021,8,1,0,0,1,2,B,AMCA2,3,70,2,-99,-99,N,
2021,8,1,0,0,1,2,B,AMCA2,4,48,0.6,-99,-99,N,
2021,8,1,0,0,1,2,C,AMCA2,1,75,2.3,-99,-99,N,
2021,8,1,0,0,1,2,C,AMCA2,2,81,3.3,-99,-99,N,
2021,8,1,0,0,1,2,C,AMCA2,3,75,1.7,-99,-99,N,
2021,8,1,0,0,1,2,C,AMCA2,4,79,1.8,-99,-99,N,
2021,8,1,0,0,1,3,A,AMCA2,1,59,1.4,-99,-99,N,
2021,8,1,0,0,1,3,A,AMCA2,2,45,1,-99,-99,C,
2021,8,1,0,0,1,3,A,AMCA2,3,54,1.1,-99,-99,N,
2021,8,1,0,0,1,3,B,AMCA2,1,57,1.4,-99,-99,N,
2021,8,1,0,0,1,3,C,AMCA2,1,58,1,-99,-99,N,
2021,8,1,0,0,1,3,C,AMCA2,2,82,3.3,-99,-99,N,
2021,8,1,0,0,1,3,C,AMCA2,3,67,1.3,-99,-99,N,
2021,8,1,0,0,1,4,A,AMCA2,1,55,1.1,-99,-99,N,
2021,8,1,0,0,1,5,A,AMCA2,1,48,1.1,-99,-99,N,
2021,8,1,0,0,1,6,A,AMCA2,1,49,0.9,-99,-99,N,
2021,8,1,0,0,1,7,B,AMCA2,1,40,0,-99,-99,N,
2021,8,1,0,0,1,7,D,AMCA2,1,61.6,0,-99,-99,N,
2021,8,1,0,0,1,8,A,AMCA2,1,75,2.5,-99,-99,N,
2021,8,1,0,0,1,8,A,AMCA2,2,45,1,-99,-99,N,
2021,8,1,0,0,1,8,A,AMCA2,3,37,0,-99,-99,C,
2021,8,1,0,0,1,8,A,AMCA2,4,45,0.7,-99,-99,N,
2021,8,1,0,0,1,8,A,AMCA2,5,36,0,-99,-99,C,
2021,8,1,0,0,1,8,A,AMCA2,6,40,0,-99,-99,N,
2021,8,1,0,0,1,8,A,AMCA2,7,37,0,-99,-99,N,
2021,8,1,0,0,1,8,A,AMCA2,8,39,0,-99,-99,N,
2021,8,1,0,0,1,8,A,AMCA2,9,37,0,-99,-99,N,
2021,8,1,0,0,1,8,A,AMCA2,10,48,0.9,-99,-99,N,
2021,8,1,0,0,1,8,A,AMCA2,11,49,0,-99,-99,N,
2021,8,1,0,0,1,8,A,AMCA2,12,36,0,-99,-99,N,
2021,8,1,0,0,1,8,A,AMCA2,13,29,0,-99,-99,N,
2021,8,1,0,0,1,8,A,AMCA2,14,43,0.4,-99,-99,N,
2021,8,1,0,0,1,8,A,AMCA2,15,42,0.5,-99,-99,N,
2021,8,1,0,0,1,8,A,AMCA2,16,37,0,-99,-99,N,
2021,8,1,0,0,1,8,A,AMCA2,17,36,0,-99,-99,N,
2021,8,1,0,0,1,8,A,AMCA2,18,46,0.6,-99,-99,F,
2021,8,1,0,0,1,8,B,AMCA2,1,59,1.2,-99,-99,N,
2021,8,1,0,0,1,8,B,AMCA2,2,51,1,-99,-99,N,
2021,8,1,0,0,1,8,B,AMCA2,3,57,1.5,-99,-99,N,
2021,8,1,0,0,1,8,B,AMCA2,4,40,0,-99,-99,N,
2021,8,1,0,0,1,8,C,AMCA2,1,37,0,-99,-99,N,
2021,8,1,0,0,1,8,C,AMCA2,2,60,2.5,-99,-99,F,
2021,8,1,0,0,1,8,D,AMCA2,1,45,0.8,-99,-99,N,
2021,8,1,0,0,1,9,A,AMCA2,1,75,2.6,-99,-99,F,
2021,8,1,0,0,1,9,A,AMCA2,2,65,1.7,-99,-99,N,
2021,8,1,0,0,1,9,A,AMCA2,3,47,0.9,-99,-99,N,
2021,8,1,0,0,1,9,A,AMCA2,4,55,1.2,-99,-99,N,
2021,8,1,0,0,1,9,A,AMCA2,5,34,0,-99,-99,N,
2021,8,1,0,0,1,9,A,AMCA2,6,40,0,-99,-99,N,
2021,8,1,0,0,1,9,A,AMCA2,7,37,0,-99,-99,N,
2021,8,1,0,0,1,9,B,AMCA2,1,60,1.4,-99,-99,N,
2021,8,1,0,0,1,9,C,AMCA2,1,59,2.4,-99,-99,N,
2021,8,1,0,0,1,9,D,AMCA2,1,40,0,-99,-99,N,
2021,8,1,0,0,1,9,D,AMCA2,2,40,0,-99,-99,N,
2021,8,1,0,0,1,9,D,AMCA2,3,51,1,-99,-99,N,
2021,8,1,0,0,1,9,E,AMCA2,1,46,0.5,-99,-99,N,
2021,8,1,0,0,1,9,E,AMCA2,2,33,0,-99,-99,N,
2021,8,1,0,0,1,10,A,AMCA2,1,51,1.5,-99,-99,N,
2021,8,1,0,0,1,10,A,AMCA2,2,48,1.3,-99,-99,N,
2021,8,1,0,0,1,10,A,AMCA2,3,50,0.8,-99,-99,N,
2021,8,1,0,0,1,10,A,AMCA2,4,44,0.7,-99,-99,N,
2021,8,1,0,0,1,10,B,AMCA2,1,60,2.1,-99,-99,N,
2021,8,1,0,0,1,10,B,AMCA2,2,55,0.9,-99,-99,N,
2021,8,1,0,0,1,10,C,AMCA2,1,78,1.7,-99,-99,N,
2021,8,1,0,0,1,10,C,AMCA2,2,57,1.2,-99,-99,N,
2021,8,1,0,0,1,10,C,AMCA2,3,53,1.1,-99,-99,N,
2021,8,1,0,0,1,10,C,AMCA2,4,74,1.3,-99,-99,N,
2021,8,1,0,0,1,10,C,AMCA2,5,50,1.1,-99,-99,N,
2021,8,1,0,0,1,10,D,AMCA2,1,64,1.4,-99,-99,C,
2021,8,1,0,0,1,10,D,AMCA2,2,110,4.9,-99,-99,N,
2021,8,1,0,0,1,10,D,AMCA2,3,84,3.1,-99,-99,C,
2021,8,1,0,0,1,10,D,AMCA2,4,78,3.1,-99,-99,C,
2021,8,1,0,0,1,10,D,AMCA2,5,55,2.9,-99,-99,C,
2021,8,1,0,0,1,10,E,AMCA2,1,85,3.5,-99,-99,N,
2021,8,0,0,0,1,1,NR,AMCA2,1,90,4.7,-99,-99,N,
2021,8,0,0,0,1,1,NR,AMCA2,2,62,1.7,-99,-99,N,
2021,8,0,0,0,1,2,NR,ATPA4,1,109,2.7,-99,-99,N,
2021,8,0,0,0,1,2,NR,AMCA2,2,230,22.2,-99,-99,F,
2021,8,0,0,0,1,3,NR,ATPA4,1,115,2.5,-99,-99,N,
2021,8,0,0,0,1,3,NR,ATPA4,2,116,2.6,-99,-99,N,
2021,8,0,0,0,1,1,PR,AMCA2,1,38,0,-99,-99,N,
2021,8,0,0,0,1,2,PR,AMCA2,1,44,0.6,-99,-99,N,
2021,9,1,1,1,4,1,A,AMCA2,1,130,1.6,-99,-99,N,
2021,9,1,1,1,4,1,B,AMCA2,1,110,2.7,-99,-99,N,
2021,9,1,1,1,4,1,B,AMCA2,2,72,1.8,-99,-99,N,
2021,9,1,1,1,4,1,B,AMCA2,3,112,3.9,-99,-99,N,
2021,9,1,1,1,4,1,B,AMCA2,4,94,3.9,-99,-99,N,
2021,9,1,1,1,4,1,B,AMCA2,5,63,1.9,-99,-99,N,
2021,9,1,1,1,4,1,C,AMCA2,1,132,6.3,-99,-99,F,
2021,9,1,1,1,4,1,C,AMCA2,2,94,2.8,-99,-99,N,
2021,9,1,1,1,4,1,C,AMCA2,3,124,4.9,-99,-99,N,
2021,9,1,1,1,4,1,C,AMCA2,4,88,1.9,-99,-99,N,
2021,9,1,1,1,4,1,C,AMCA2,5,85,2.9,-99,-99,N,
2021,9,1,1,1,4,1,C,AMCA2,6,99,4.2,-99,-99,N,
2021,9,1,1,1,4,1,C,AMCA2,7,134,5.1,-99,-99,N,
2021,9,1,1,1,4,2,A,AMCA2,1,122,5.4,-99,-99,C,
2021,9,1,1,1,4,2,A,AMCA2,2,148,8.6,-99,-99,N,
2021,9,1,1,1,4,2,A,AMCA2,3,126,3.6,-99,-99,N,
2021,9,1,1,1,4,2,B,AMCA2,1,72,2.1,-99,-99,N,
2021,9,1,1,1,4,2,C,AMCA2,1,65,0.9,-99,-99,N,
2021,9,1,1,1,4,2,E,AMCA2,1,42,0.6,-99,-99,N,
2021,9,1,1,1,4,2,E,AMCA2,2,148,7.1,-99,-99,N,
2021,9,1,1,1,4,2,E,AMCA2,3,102,1.2,-99,-99,N,
2021,9,1,1,1,4,2,E,AMCA2,4,39,0,-99,-99,N,
2021,9,1,1,1,4,3,A,AMCA2,1,125,3.1,-99,-99,N,
2021,9,1,1,1,4,3,A,AMCA2,2,192,2.8,-99,-99,C,
2021,9,1,1,1,4,3,A,AMCA2,3,137,5.2,-99,-99,N,
2021,9,1,1,1,4,3,A,AMCA2,4,145,5.1,-99,-99,F,
2021,9,1,1,1,4,3,A,AMCA2,5,116,4,-99,-99,N,
2021,9,1,1,1,4,3,B,AMCA2,1,100,4.6,-99,-99,C,
2021,9,1,1,1,4,3,B,AMCA2,2,92,2.9,-99,-99,N,
2021,9,1,1,1,4,3,B,AMCA2,3,85,0.9,-99,-99,N,
2021,9,1,1,1,4,3,C,AMCA2,1,60,1.6,-99,-99,N,
2021,9,1,1,1,4,3,C,AMCA2,2,140,5.7,-99,-99,F,
2021,9,1,1,1,4,3,C,AMCA2,3,72,0.4,-99,-99,N,
2021,9,1,1,1,4,3,D,AMCA2,1,52,0.9,-99,-99,N,
2021,9,1,1,1,4,3,D,AMCA2,2,85,3.3,-99,-99,N,
2021,9,1,1,1,4,3,E,AMCA2,1,54,1.3,-99,-99,N,
2021,9,1,1,1,4,4,A,AMCA2,1,110,5.1,-99,-99,N,
2021,9,1,1,1,4,4,A,AMCA2,2,99,3.2,-99,-99,N,
2021,9,1,1,1,4,4,A,AMCA2,3,102,1.8,-99,-99,N,
2021,9,1,1,1,4,4,A,AMCA2,4,101,3.2,-99,-99,N,
2021,9,1,1,1,4,4,A,AMCA2,5,106,4.9,-99,-99,N,
2021,9,1,1,1,4,4,B,AMCA2,1,88,2.2,-99,-99,N,
2021,9,1,1,1,4,4,C,AMCA2,1,72,1.7,-99,-99,N,
2021,9,1,1,1,4,4,C,AMCA2,2,86,1.3,-99,-99,N,
2021,9,1,1,1,4,4,D,AMCA2,1,127,7.9,-99,-99,N,
2021,9,1,1,1,4,4,D,AMCA2,2,97,3,-99,-99,N,
2021,9,1,1,1,4,5,A,AMCA2,1,187,10.9,-99,-99,F,
2021,9,1,1,1,4,5,A,AMCA2,2,195,12,-99,-99,F,
2021,9,1,1,1,4,5,A,ATPA4,3,94,3.5,-99,-99,C,
2021,9,1,1,1,4,5,A,AMCA2,4,140,5.7,-99,-99,C,
2021,9,1,1,1,4,5,B,AMCA2,1,116,3.3,-99,-99,F,
2021,9,1,1,1,4,5,B,AMCA2,2,183,8.6,-99,-99,F,
2021,9,1,1,1,4,5,B,ATPA4,3,110,2.1,-99,-99,N,
2021,9,1,1,1,4,5,C,ATPA4,1,60,1.9,-99,-99,C,
2021,9,1,1,1,4,5,E,AMCA2,1,70,2.7,-99,-99,N,
2021,9,1,1,1,4,5,E,AMCA2,2,97,2.9,-99,-99,N,
2021,9,1,1,1,4,5,E,AMCA2,3,85,2.2,-99,-99,N,
2021,9,1,1,1,4,5,E,AMCA2,4,98,3.7,-99,-99,N,
2021,9,1,1,1,4,5,E,AMCA2,5,104,1.1,-99,-99,N,
2021,9,1,1,1,4,5,E,AMCA2,6,152,9.8,-99,-99,N,
2021,9,1,1,1,4,6,A,ATPA4,1,105,4.1,-99,-99,N,
2021,9,1,1,1,4,6,A,AMCA2,2,85,2.2,-99,-99,N,
2021,9,1,1,1,4,6,A,ATPA4,3,100,1.7,-99,-99,N,
2021,9,1,1,1,4,6,A,ATPA4,4,78,1.6,-99,-99,C,
2021,9,1,1,1,4,6,A,ATPA4,5,115,2.8,-99,-99,N,
2021,9,1,1,1,4,6,D,ATPA4,1,135,2.9,-99,-99,N,
2021,9,1,1,1,4,6,D,AMCA2,2,94,2.6,-99,-99,N,
2021,9,1,1,1,4,6,E,AMCA2,1,82,2.6,-99,-99,N,
2021,9,1,1,1,4,6,E,AMCA2,2,108,3.4,-99,-99,N,
2021,9,1,1,1,4,7,A,ATPA4,1,123,2.4,-99,-99,N,
2021,9,1,1,1,4,7,A,ATPA4,2,150,2.8,-99,-99,C,
2021,9,1,1,1,4,7,A,AMCA2,3,82,2.3,-99,-99,C,
2021,9,1,1,1,4,7,A,AMCA2,4,102,2.6,-99,-99,N,
2021,9,1,1,1,4,7,A,AMCA2,5,75,1.6,-99,-99,N,
2021,9,1,1,1,4,7,B,AMCA2,1,174,3.2,-99,-99,N,
2021,9,1,1,1,4,7,B,AMCA2,2,162,6.6,-99,-99,F,
2021,9,1,1,1,4,7,B,AMCA2,3,125,7.3,-99,-99,N,
2021,9,1,1,1,4,7,B,AMCA2,4,175,11.5,-99,-99,N,
2021,9,1,1,1,4,7,C,ATPA4,1,120,2.5,-99,-99,C,
2021,9,1,1,1,4,7,D,AMCA2,1,132,4.1,-99,-99,N,
2021,9,1,1,1,4,7,E,AMCA2,1,142,14.6,-99,-99,N,
2021,9,1,1,1,4,7,E,AMCA2,2,154,6.9,-99,-99,N,
2021,9,1,1,1,4,7,E,AMCA2,3,125,4.1,-99,-99,C,
2021,9,1,1,1,4,7,E,AMCA2,4,98,4.3,-99,-99,N,
2021,9,1,1,1,4,8,A,AMCA2,1,118,5.4,-99,-99,N,
2021,9,1,1,1,4,8,A,AMCA2,2,102,4,-99,-99,N,
2021,9,1,1,1,4,8,A,AMCA2,3,112,4.1,-99,-99,N,
2021,9,1,1,1,4,8,A,AMCA2,4,80,1.7,-99,-99,N,
2021,9,1,1,1,4,8,A,AMCA2,5,74,1.6,-99,-99,N,
2021,9,1,1,1,4,8,C,ATPA4,1,54,1.7,-99,-99,N,
2021,9,1,1,1,4,8,E,AMCA2,1,132,7.1,-99,-99,N,
2021,9,1,1,1,4,8,E,AMCA2,2,120,2.1,-99,-99,F,
2021,9,1,1,1,4,8,E,AMCA2,3,192,8.5,-99,-99,F,
2021,9,1,1,1,4,8,E,AMCA2,4,122,4.9,-99,-99,N,
2021,9,1,1,1,4,8,E,AMCA2,5,60,2.1,-99,-99,N,
2021,9,1,1,1,4,8,E,AMCA2,6,78,1.4,-99,-99,N,
2021,9,1,1,1,4,8,E,AMCA2,7,192,9.7,-99,-99,F,
2021,9,1,1,1,4,8,E,AMCA2,8,130,4.3,-99,-99,N,
2021,9,1,1,1,4,9,A,AMCA2,1,144,7.9,-99,-99,N,
2021,9,1,1,1,4,9,B,ATPA4,1,110,3.6,-99,-99,N,
2021,9,1,1,1,4,9,B,ATPA4,2,120,2.7,-99,-99,C,
2021,9,1,1,1,4,9,C,ATPA4,1,206,2.6,-99,-99,F,
2021,9,1,1,1,4,9,C,ATPA4,2,160,2.9,-99,-99,N,
2021,9,1,1,1,4,9,C,ATPA4,3,184,2.7,-99,-99,F,
2021,9,1,1,1,4,9,E,AMCA2,1,145,5.7,-99,-99,N,
2021,9,1,1,1,4,9,E,AMCA2,2,75,2.1,-99,-99,N,
2021,9,1,1,1,4,9,E,AMCA2,3,125,5.6,-99,-99,C,
2021,9,1,1,1,4,10,A,AMCA2,1,110,5.2,-99,-99,N,
2021,9,1,1,1,4,10,A,ATPA4,2,90,2.3,-99,-99,N,
2021,9,1,1,1,4,10,B,ATPA4,1,95,1.8,-99,-99,N,
2021,9,1,1,1,4,10,B,AMCA2,2,82,3.2,-99,-99,C,
2021,9,1,1,1,4,10,B,ATPA4,3,130,1.9,-99,-99,N,
2021,9,1,1,1,4,10,C,AMCA2,1,118,7.3,-99,-99,C,
2021,9,1,1,1,4,10,C,ATPA4,2,177,3.8,-99,-99,F,
2021,9,1,1,1,4,10,C,AMCA2,3,112,2.7,-99,-99,N,
2021,9,1,1,1,4,10,C,AMCA2,4,97,3.5,-99,-99,N,
2021,9,1,1,1,4,10,C,ATPA4,5,100,1.2,-99,-99,N,
2021,9,1,1,1,4,10,C,ATPA4,6,110,1.2,-99,-99,N,
2021,9,1,1,1,4,10,D,ATPA4,1,100,1.7,-99,-99,N,
2021,9,1,1,1,4,10,D,ATPA4,2,162,1.8,-99,-99,F,
2021,9,1,1,1,4,10,D,AMCA2,3,105,4.5,-99,-99,N,
2021,9,1,1,1,4,10,D,AMCA2,4,92,2.3,-99,-99,N,
2021,9,1,1,1,4,10,E,ATPA4,1,92,1.5,-99,-99,N,
2021,9,0,1,1,4,1,NR,ATPA4,1,88,1.9,-99,-99,N,
2021,9,0,1,1,4,1,NR,ATPA4,2,80,1.6,-99,-99,N,
2021,9,0,1,1,4,1,NR,ATPA4,3,87,1.6,-99,-99,F,
2021,9,0,1,1,4,1,NR,ATPA4,4,91,1.6,-99,-99,F,
2021,9,0,1,1,4,1,NR,AMCA2,5,44,1,-99,-99,N,
2021,9,0,1,1,4,2,NR,ATPA4,1,101,2.5,-99,-99,N,
2021,9,0,1,1,4,2,NR,ATPA4,2,56,1.1,-99,-99,N,
2021,9,0,1,1,4,2,NR,ATPA4,3,57,1.2,-99,-99,N,
2021,9,0,1,1,4,3,NR,ATPA4,1,110,2.1,-99,-99,N,
2021,9,0,1,1,4,3,PR,POHY,1,48,0.7,-99,-99,N,
2021,9,0,1,1,4,3,PR,POHY,2,47,0.6,-99,-99,N,
2021,10,1,1,0,3,1,E,IVFR,1,106,4.8,-99,-99,N,
2021,10,1,1,0,3,3,A,AMCA2,1,47,1.1,-99,-99,N,
2021,10,1,1,0,3,3,E,AMCA2,1,73,2.5,-99,-99,N,
2021,10,1,1,0,3,4,A,AMCA2,1,64,1.8,-99,-99,F,
2021,10,1,1,0,3,4,A,AMCA2,2,68,2.2,-99,-99,N,
2021,10,1,1,0,3,4,A,AMCA2,3,68,2.3,-99,-99,F,
2021,10,1,1,0,3,4,B,AMCA2,1,55,1.2,-99,-99,N,
2021,10,1,1,0,3,5,A,ATPA4,1,97,2.2,-99,-99,F,
2021,10,1,1,0,3,5,B,ATPA4,1,56,0.9,-99,-99,N,
2021,10,1,1,0,3,6,A,ATPA4,1,137,2.7,-99,-99,F,
2021,10,1,1,0,3,6,A,ATPA4,2,37,0,-99,-99,N,
2021,10,1,1,0,3,6,B,ATPA4,1,71,0.9,-99,-99,N,
2021,10,1,1,0,3,6,B,ATPA4,2,80,1,-99,-99,N,
2021,10,1,1,0,3,6,C,AMCA2,1,57,0.8,-99,-99,N,
2021,10,1,1,0,3,7,A,ATPA4,1,43,0.7,-99,-99,N,
2021,10,1,1,0,3,7,A,AMCA2,2,39,0,-99,-99,N,
2021,10,1,1,0,3,7,B,AMCA2,1,17,0,-99,-99,N,
2021,10,1,1,0,3,7,B,ATPA4,2,66,1.2,-99,-99,N,
2021,10,1,1,0,3,7,B,AMCA2,3,35,0,-99,-99,N,
2021,10,1,1,0,3,7,C,AMCA2,1,47,0.7,-99,-99,N,
2021,10,1,1,0,3,8,A,AMCA2,1,85,3,-99,-99,N,
2021,10,1,1,0,3,8,A,AMCA2,2,94,2.7,-99,-99,F,
2021,10,1,1,0,3,8,A,AMCA2,3,64,1,-99,-99,F,
2021,10,1,1,0,3,9,A,POHY,1,48,1.1,-99,-99,N,
2021,10,1,1,0,3,9,A,ATPA4,2,34,0,-99,-99,N,
2021,10,1,1,0,3,9,A,POHY,3,37,0,-99,-99,N,
2021,10,1,1,0,3,9,A,POHY,4,36,0,-99,-99,F,
2021,10,1,1,0,3,9,B,IVFR,1,130,5.2,-99,-99,N,
2021,10,1,1,0,3,10,A,ATPA4,1,68,1.6,-99,-99,C,
2021,10,1,1,0,3,10,C,KOVI,1,137,6.2,-99,-99,F,
2021,10,1,1,0,3,10,C,KOVI,2,99,4,-99,-99,F,
2021,10,1,1,0,3,10,C,KOVI,3,95,3.5,-99,-99,F,
2021,10,1,1,0,3,10,C,KOVI,4,110,4.6,-99,-99,F,
2021,10,1,1,0,3,10,C,KOVI,5,103,4.1,-99,-99,F,
2021,10,1,1,0,3,10,D,AMCA2,1,33,0,-99,-99,N,
2021,10,1,1,0,3,10,D,AMCA2,2,10,0,-99,-99,N,
2021,10,0,1,0,3,1,NR,ATPA4,1,32,0,-99,-99,N,
2021,10,0,1,0,3,1,NR,ATPA4,2,17,0,-99,-99,N,
2021,10,0,1,0,3,1,NR,ATPA4,3,26,0,-99,-99,N,
2021,10,0,1,0,3,1,NR,AMCA2,4,61,2.9,-99,-99,N,
2021,10,0,1,0,3,2,NR,AMCA2,1,34,0,-99,-99,N,
2021,10,0,1,0,3,3,NR,ATPA4,1,37,0,-99,-99,N,
2021,10,0,1,0,3,2,PR,AMCA2,1,26,0,-99,-99,N,
2021,11,1,0,0,1,1,A,AMCA2,1,38,0,-99,-99,N,
2021,11,1,0,0,1,1,A,AMCA2,2,35,0,-99,-99,N,
2021,11,1,0,0,1,1,A,AMCA2,3,45,1.7,-99,-99,N,
2021,11,1,0,0,1,2,A,AMCA2,1,31,0,-99,-99,N,
2021,11,1,0,0,1,3,A,AMCA2,1,45,0.9,-99,-99,F,
2021,11,1,0,0,1,3,A,AMCA2,2,81,1.3,-99,-99,F,
2021,11,1,0,0,1,3,B,AMCA2,1,79,2.4,-99,-99,N,
2021,11,1,0,0,1,4,A,AMCA2,1,43,0.6,-99,-99,N,
2021,11,1,0,0,1,4,A,AMCA2,2,45,0.7,-99,-99,N,
2021,11,1,0,0,1,4,A,AMCA2,3,35,0,-99,-99,N,
2021,11,1,0,0,1,4,B,ATPA4,1,42,0.7,-99,-99,N,
2021,11,1,0,0,1,7,A,ATPA4,1,33,0,-99,-99,N,
2021,11,1,0,0,1,8,A,AMCA2,1,50,1.2,-99,-99,C,
2021,11,1,0,0,1,9,A,AMCA2,1,42,1.1,-99,-99,C,
2021,11,1,0,0,1,9,A,AMCA2,2,47,1.4,-99,-99,C,
2021,11,1,0,0,1,9,A,ATPA4,3,26,0,-99,-99,N,
2021,11,1,0,0,1,9,B,AMCA2,1,80,1.9,-99,-99,C,
2021,11,1,0,0,1,9,B,ATPA4,2,33,0,-99,-99,N,
2021,11,1,0,0,1,9,B,ATPA4,3,125,2.4,-99,-99,N,
2021,11,1,0,0,1,10,A,ATPA4,1,75,1.5,-99,-99,N,
2021,11,1,0,0,1,10,A,IVFR,2,105,5.2,-99,-99,N,
2021,11,1,0,0,1,10,D,AMCA2,1,65,2.3,-99,-99,N,
2021,11,1,0,0,1,10,D,AMCA2,2,46,1.5,-99,-99,N,
2021,11,1,0,0,1,10,E,AMCA2,1,67,2.5,-99,-99,N,
2021,11,0,0,0,1,1,NR,AMCA2,1,54,0.8,-99,-99,N,
2021,11,0,0,0,1,2,NR,ATPA4,1,30,0,-99,-99,N,
2021,11,0,0,0,1,3,NR,ATPA4,1,125,2.8,-99,-99,N,
2021,11,0,0,0,1,3,NR,ATPA4,2,129,3.4,-99,-99,N,
2021,11,0,0,0,1,3,NR,ATPA4,3,108,2.3,-99,-99,N,
2021,11,0,0,0,1,3,NR,ATPA4,4,109,2.1,-99,-99,N,
2021,11,0,0,0,1,3,NR,ATPA4,5,109,2.6,-99,-99,N,
2021,11,0,0,0,1,3,NR,ATPA4,6,93,1.3,-99,-99,N,
2021,11,0,0,0,1,2,PR,SCRO5,1,152,4.7,-99,-99,F,
2021,11,0,0,0,1,3,PR,KOVI,1,160,8.5,-99,-99,F,
2021,11,0,0,0,1,3,PR,KOVI,2,137,6.8,-99,-99,F,
2021,11,0,0,0,1,3,PR,KOVI,3,95,3.6,-99,-99,F,
2021,11,0,0,0,1,3,PR,KOVI,4,88,3.7,-99,-99,N,
2021,11,0,0,0,1,3,PR,KOVI,5,70,2.4,-99,-99,N,
2021,11,0,0,0,1,3,PR,KOVI,6,131,6,-99,-99,F,
2021,11,0,0,0,1,3,PR,SCRO5,7,148,5.3,-99,-99,F,
2021,12,1,0,1,2,1,A,AMCA2,1,38,0,-99,-99,N,
2021,12,1,0,1,2,1,A,AMCA2,2,52,1.3,-99,-99,N,
2021,12,1,0,1,2,3,C,ATPA4,1,55,1.8,-99,-99,N,
2021,12,1,0,1,2,5,A,AMCA2,1,83,3.3,-99,-99,N,
2021,12,1,0,1,2,6,D,AMCA2,1,56,1.3,-99,-99,F,
2021,12,1,0,1,2,7,A,AMCA2,1,64,3.5,-99,-99,C,
2021,12,1,0,1,2,8,A,AMCA2,1,64,4.6,-99,-99,C,
2021,12,1,0,1,2,8,B,AMCA2,1,62,2.7,-99,-99,N,
2021,12,1,0,1,2,9,A,POHY,1,46,1.1,-99,-99,F,
2021,12,1,0,1,2,9,A,AMCA2,2,36,0,-99,-99,N,
2021,12,1,0,1,2,9,A,ATPA4,3,33,0,-99,-99,N,
2021,12,1,0,1,2,9,B,AMCA2,1,64,1.5,-99,-99,C,
2021,12,1,0,1,2,9,B,AMCA2,2,40,0,-99,-99,N,
2021,12,1,0,1,2,9,B,AMCA2,3,38,0,-99,-99,N,
2021,12,1,0,1,2,9,B,AMCA2,4,108,3.8,-99,-99,F,
2021,12,1,0,1,2,9,B,AMCA2,5,26,0,-99,-99,N,
2021,12,1,0,1,2,9,C,AMCA2,1,117,4.3,-99,-99,C,
2021,12,1,0,1,2,9,C,AMCA2,2,110,1.9,-99,-99,F,
2021,12,1,0,1,2,9,C,AMCA2,3,101,2,-99,-99,N,
2021,12,1,0,1,2,9,C,AMCA2,4,75,1.4,-99,-99,F,
2021,12,1,0,1,2,9,D,AMCA2,1,90,2.9,-99,-99,F,
2021,12,1,0,1,2,9,D,AMCA2,2,85,3.1,-99,-99,N,
2021,12,1,0,1,2,9,D,AMCA2,3,120,3.7,-99,-99,F,
2021,12,1,0,1,2,9,E,AMCA2,1,196,3.8,-99,-99,N,
2021,12,1,0,1,2,9,E,AMCA2,2,190,3.7,-99,-99,N,
2021,12,1,0,1,2,10,A,AMCA2,1,53,2.7,-99,-99,C,
2021,12,1,0,1,2,10,A,AMCA2,2,56,1.5,-99,-99,F,
2021,12,1,0,1,2,10,B,AMCA2,1,82,2.9,-99,-99,N,
2021,12,1,0,1,2,10,B,AMCA2,2,52,0.9,-99,-99,N,
2021,12,1,0,1,2,10,B,AMCA2,3,48,2.7,-99,-99,C,
2021,12,1,0,1,2,10,C,AMCA2,1,60,1.4,-99,-99,N,
2021,12,1,0,1,2,10,C,AMCA2,2,113,2.7,-99,-99,N,
2021,12,1,0,1,2,10,C,AMCA2,3,23,0,-99,-99,C,
2021,12,1,0,1,2,10,C,AMCA2,4,90,2.6,-99,-99,F,
2021,12,1,0,1,2,10,C,AMCA2,5,96,4.2,-99,-99,C,
2021,12,1,0,1,2,10,C,AMCA2,6,57,3,-99,-99,C,
2021,12,1,0,1,2,10,D,AMCA2,1,64,2.8,-99,-99,N,
2021,12,1,0,1,2,10,D,AMCA2,2,79,4.7,-99,-99,C,
2021,12,1,0,1,2,10,D,AMCA2,3,53,1.5,-99,-99,F,
2021,12,1,0,1,2,10,E,AMCA2,1,75,3.8,-99,-99,C,
2021,12,1,0,1,2,10,E,AMCA2,2,76,4.2,-99,-99,C,
2021,12,1,0,1,2,10,E,AMCA2,3,67,2.7,-99,-99,C,
2021,12,0,0,1,2,2,NR,AMCA2,1,28,0,-99,-99,C,
2021,12,0,0,1,2,2,NR,AMCA2,2,36,0,-99,-99,N,
2021,12,0,0,1,2,1,PR,AMCA2,1,69,3.1,-99,-99,N,
2021,12,0,0,1,2,3,PR,SCRO5,1,174,5.8,-99,-99,N,
2021,12,0,0,1,2,3,PR,SCRO5,2,170,5,-99,-99,N,
2021,12,0,0,1,2,3,PR,SCRO5,3,177,5.7,-99,-99,N,
2021,12,0,0,1,2,3,PR,SCRO5,4,163,4.7,-99,-99,N,
2021,12,0,0,1,2,3,PR,SCRO5,5,45,4.3,-99,-99,C,
2021,12,0,0,1,2,3,PR,SCRO5,6,143,5.3,-99,-99,N,
2021,12,0,0,1,2,3,PR,AMCA2,7,37,0,-99,-99,N,
2021,12,0,0,1,2,3,PR,AMCA2,8,43,1.1,-99,-99,N,
2021,12,0,0,1,2,3,PR,AMCA2,9,38,0,-99,-99,N,
2022,1,1,0,0,1,1,A,AMCA2,1,92,3.2,-99,-99,N,
2022,1,1,0,0,1,1,D,AMCA2,1,57,2.3,-99,-99,N,
2022,1,1,0,0,1,1,D,AMCA2,2,58,2,-99,-99,N,
2022,1,1,0,0,1,1,D,AMCA2,3,77,3.6,-99,-99,N,
2022,1,1,0,0,1,1,D,AMCA2,4,46,2.4,-99,-99,N,
2022,1,1,0,0,1,1,D,AMCA2,5,47,2.2,-99,-99,N,
2022,1,1,0,0,1,1,D,AMCA2,6,74,3.4,-99,-99,N,
2022,1,1,0,0,1,1,E,AMCA2,1,91,4.7,-99,-99,N,
2022,1,1,0,0,1,1,E,AMCA2,2,92,5,-99,-99,N,
2022,1,1,0,0,1,1,E,AMCA2,3,38,1.7,-99,-99,N,
2022,1,1,0,0,1,1,E,AMCA2,4,87,4.6,-99,-99,N,
2022,1,1,0,0,1,2,B,SOSE,1,45,3.7,-99,-99,N,
2022,1,1,0,0,1,2,B,SOSE,2,85,8.5,-99,-99,N,
2022,1,1,0,0,1,2,B,SOSE,3,65,4.6,-99,-99,N,
2022,1,1,0,0,1,2,C,AMCA2,1,54,1.3,-99,-99,N,
2022,1,1,0,0,1,2,C,AMCA2,2,48,1.1,-99,-99,N,
2022,1,1,0,0,1,2,C,AMCA2,3,46,1.2,-99,-99,N,
2022,1,1,0,0,1,2,C,AMCA2,4,49,2.5,-99,-99,N,
2022,1,1,0,0,1,2,C,AMCA2,5,32,0,-99,-99,N,
2022,1,1,0,0,1,2,C,ATPA4,6,26,0,-99,-99,N,
2022,1,1,0,0,1,3,C,POHY,1,51,1.8,-99,-99,N,
2022,1,1,0,0,1,3,C,ATPA4,2,15,0,-99,-99,N,
2022,1,1,0,0,1,3,E,AMCA2,1,52,2.5,-99,-99,N,
2022,1,1,0,0,1,3,E,AMCA2,2,71,4.5,-99,-99,N,
2022,1,1,0,0,1,3,E,ATPA4,3,80,2.8,-99,-99,N,
2022,1,1,0,0,1,4,C,AMCA2,1,51,1.7,-99,-99,N,
2022,1,1,0,0,1,4,C,ATPA4,2,50,1.3,-99,-99,N,
2022,1,1,0,0,1,4,C,AMCA2,3,60,2.4,-99,-99,N,
2022,1,1,0,0,1,4,C,AMCA2,4,38,0,-99,-99,N,
2022,1,1,0,0,1,4,C,AMCA2,5,46,1.2,-99,-99,N,
2022,1,1,0,0,1,4,C,ATPA4,6,20,0,-99,-99,N,
2022,1,1,0,0,1,4,C,AMCA2,7,39,0,-99,-99,N,
2022,1,1,0,0,1,4,D,SOSE,1,57,4.1,-99,-99,N,
2022,1,1,0,0,1,4,E,AMCA2,1,50,2.2,-99,-99,N,
2022,1,1,0,0,1,4,E,AMCA2,2,48,3.4,-99,-99,N,
2022,1,1,0,0,1,5,B,AMCA2,1,35,0,-99,-99,N,
2022,1,1,0,0,1,5,C,AMCA2,1,50,2,-99,-99,N,
2022,1,1,0,0,1,5,C,AMCA2,2,39,0,-99,-99,N,
2022,1,1,0,0,1,5,C,ATPA4,3,52,1.4,-99,-99,N,
2022,1,1,0,0,1,5,C,KOVI,4,32,0,-99,-99,N,
2022,1,1,0,0,1,5,C,AMCA2,5,37,0,-99,-99,N,
2022,1,1,0,0,1,5,D,AMCA2,1,69,3.7,-99,-99,N,
2022,1,1,0,0,1,5,D,AMCA2,2,83,3.5,-99,-99,N,
2022,1,1,0,0,1,5,E,ATPA4,1,51,0.9,-99,-99,N,
2022,1,1,0,0,1,5,E,AMCA2,2,58,1.7,-99,-99,N,
2022,1,1,0,0,1,5,E,AMCA2,3,40,1,-99,-99,N,
2022,1,1,0,0,1,5,E,AMCA2,4,63,1.8,-99,-99,N,
2022,1,1,0,0,1,5,E,AMCA2,5,67,2.4,-99,-99,N,
2022,1,1,0,0,1,6,B,AMCA2,1,32,0,-99,-99,N,
2022,1,1,0,0,1,6,B,AMCA2,2,22,0,-99,-99,N,
2022,1,1,0,0,1,6,C,ATPA4,1,41,1,-99,-99,N,
2022,1,1,0,0,1,6,C,KOVI,2,22,0,-99,-99,N,
2022,1,1,0,0,1,6,D,AMCA2,1,30,0,-99,-99,N,
2022,1,1,0,0,1,6,D,AMCA2,2,14,0,-99,-99,N,
2022,1,1,0,0,1,6,D,KOVI,3,29,0,-99,-99,N,
2022,1,1,0,0,1,6,E,SOSE,1,90,4.1,-99,-99,N,
2022,1,1,0,0,1,6,E,SOSE,2,77,5.4,-99,-99,N,
2022,1,1,0,0,1,7,A,AMCA2,1,39,0,-99,-99,N,
2022,1,1,0,0,1,7,A,AMCA2,2,20,0,-99,-99,N,
2022,1,1,0,0,1,7,C,KOVI,1,26,0,-99,-99,N,
2022,1,1,0,0,1,7,D,SOSE,1,77,6.1,-99,-99,N,
2022,1,1,0,0,1,7,E,SOSE,1,62,4.1,-99,-99,N,
2022,1,1,0,0,1,7,E,SOSE,2,83,5.8,-99,-99,N,
2022,1,1,0,0,1,7,E,SOSE,3,100,4.1,-99,-99,N,
2022,1,1,0,0,1,7,E,SOSE,4,51,2.5,-99,-99,N,
2022,1,1,0,0,1,8,A,AMCA2,1,27,0,-99,-99,N,
2022,1,1,0,0,1,8,A,AMCA2,2,28,0,-99,-99,N,
2022,1,1,0,0,1,8,B,KOVI,1,116,7.3,-99,-99,N,
2022,1,1,0,0,1,8,B,KOVI,2,56,2.5,-99,-99,N,
2022,1,1,0,0,1,8,B,SOSE,3,52,3.4,-99,-99,N,
2022,1,1,0,0,1,8,B,AMCA2,4,18,0,-99,-99,N,
2022,1,1,0,0,1,8,E,SOSE,1,65,5,-99,-99,N,
2022,1,1,0,0,1,9,A,AMCA2,1,25,0,-99,-99,N,
2022,1,1,0,0,1,9,C,IVFR,1,114,8.6,-99,-99,N,
2022,1,1,0,0,1,10,B,SOSE,1,91,4.7,-99,-99,N,
2022,1,0,0,0,1,12,PR,AMCA2,1,103,9.7,-99,-99,N,
2022,1,0,0,0,1,13,PR,SCRO5,1,136,6.6,-99,-99,N,
2022,1,0,0,0,1,13,PR,SPCY,2,207,6.6,-99,-99,N,
2022,1,0,0,0,1,16,NR,IVFR,1,118,4,-99,-99,N,
2022,1,0,0,0,1,16,NR,POHY,2,66,1.8,-99,-99,N,
2022,1,0,0,0,1,16,NR,POHY,3,20,0,-99,-99,N,
2022,1,0,0,0,1,16,NR,POHY,4,32,0,-99,-99,N,
2022,1,0,0,0,1,16,NR,KOVI,5,18,0,-99,-99,N,
2022,2,1,1,0,3,1,A,AMCA2,1,95,2.4,-99,-99,N,
2022,2,1,1,0,3,1,A,AMCA2,2,93,3.8,-99,-99,N,
2022,2,1,1,0,3,1,A,AMCA2,3,106,5.7,-99,-99,N,
2022,2,1,1,0,3,1,A,AMCA2,4,56,1.7,-99,-99,N,
2022,2,1,1,0,3,1,B,AMCA2,1,108,5.2,-99,-99,N,
2022,2,1,1,0,3,1,B,AMCA2,2,100,4.4,-99,-99,N,
2022,2,1,1,0,3,1,B,AMCA2,3,103,3.2,-99,-99,N,
2022,2,1,1,0,3,1,C,ATPA4,1,95,1.2,-99,-99,N,
2022,2,1,1,0,3,1,C,ATPA4,2,84,1.4,-99,-99,N,
2022,2,1,1,0,3,1,C,ATPA4,3,83,1.3,-99,-99,N,
2022,2,1,1,0,3,1,C,ASTER,4,7,0,-99,-99,N,
2022,2,1,1,0,3,1,C,ATPA4,5,86,1.2,-99,-99,N,
2022,2,1,1,0,3,1,D,ASTER,1,2,0,-99,-99,N,
2022,2,1,1,0,3,1,D,AMCA2,2,96,3.2,-99,-99,N,
2022,2,1,1,0,3,1,E,ASTER,1,5,0,-99,-99,N,
2022,2,1,1,0,3,2,A,AMCA2,1,95,2.5,-99,-99,N,
2022,2,1,1,0,3,2,A,AMCA2,2,75,2.1,-99,-99,N,
2022,2,1,1,0,3,2,B,ASTER,1,3,0,-99,-99,N,
2022,2,1,1,0,3,2,B,AMCA2,2,63,1.5,-99,-99,N,
2022,2,1,1,0,3,2,C,ASTER,1,4,0,-99,-99,N,
2022,2,1,1,0,3,2,C,AMCA2,2,57,1.3,-99,-99,N,
2022,2,1,1,0,3,2,D,ASTER,1,5,0,-99,-99,N,
2022,2,1,1,0,3,2,E,AMCA2,1,76,2.3,-99,-99,N,
2022,2,1,1,0,3,3,A,AMCA2,1,61,1.5,-99,-99,N,
2022,2,1,1,0,3,3,A,AMCA2,2,66,1.1,-99,-99,N,
2022,2,1,1,0,3,3,B,ASTER,1,2,0,-99,-99,N,
2022,2,1,1,0,3,3,B,AMCA2,2,80,2,-99,-99,N,
2022,2,1,1,0,3,3,C,KOVI,1,176,8,-99,-99,Y,
2022,2,1,1,0,3,3,C,KOVI,2,147,5.6,-99,-99,N,
2022,2,1,1,0,3,3,C,KOVI,3,136,5.3,-99,-99,N,
2022,2,1,1,0,3,3,C,KOVI,4,176,8.2,-99,-99,Y,
2022,2,1,1,0,3,3,C,KOVI,5,135,4.9,-99,-99,N,
2022,2,1,1,0,3,3,C,KOVI,6,117,4.9,-99,-99,N,
2022,2,1,1,0,3,3,C,ASTER,7,3,0,-99,-99,N,
2022,2,1,1,0,3,3,C,AMCA2,8,96,1.9,-99,-99,N,
2022,2,1,1,0,3,3,D,KOVI,1,93,3.8,-99,-99,N,
2022,2,1,1,0,3,3,D,KOVI,2,175,8.5,-99,-99,N,
2022,2,1,1,0,3,3,D,ASTER,3,5,0,-99,-99,N,
2022,2,1,1,0,3,3,E,ASTER,1,3,0,-99,-99,N,
2022,2,1,1,0,3,4,A,ASTER,1,2,0,-99,-99,N,
2022,2,1,1,0,3,4,A,AMCA2,2,56,1.2,-99,-99,N,
2022,2,1,1,0,3,4,B,ASTER,1,3,0,-99,-99,N,
2022,2,1,1,0,3,4,B,KOVI,2,128,4.7,-99,-99,N,
2022,2,1,1,0,3,4,B,KOVI,3,115,5.1,-99,-99,N,
2022,2,1,1,0,3,4,C,ASTER,1,9,0,-99,-99,N,
2022,2,1,1,0,3,4,C,ATPA4,2,53,0.7,-99,-99,N,
2022,2,1,1,0,3,4,C,KOVI,3,175,6.7,-99,-99,N,
2022,2,1,1,0,3,4,D,ASTER,1,10,0,-99,-99,N,
2022,2,1,1,0,3,4,D,ATPA4,2,73,1.1,-99,-99,N,
2022,2,1,1,0,3,4,E,ASTER,1,8,0,-99,-99,N,
2022,2,1,1,0,3,5,A,IVFR,1,152,10.1,-99,-99,N,
2022,2,1,1,0,3,5,A,IVFR,2,175,6.1,-99,-99,N,
2022,2,1,1,0,3,5,B,KOVI,1,112,4.2,-99,-99,N,
2022,2,1,1,0,3,5,B,KOVI,2,147,5.4,-99,-99,Y,
2022,2,1,1,0,3,5,B,KOVI,3,100,3.5,-99,-99,N,
2022,2,1,1,0,3,5,B,KOVI,4,137,5.3,-99,-99,N,
2022,2,1,1,0,3,5,B,KOVI,5,151,8.7,-99,-99,N,
2022,2,1,1,0,3,5,C,ASTER,1,7,0,-99,-99,N,
2022,2,1,1,0,3,5,C,KOVI,2,157,5.9,-99,-99,N,
2022,2,1,1,0,3,5,C,KOVI,3,167,7.1,-99,-99,Y,
2022,2,1,1,0,3,5,D,ASTER,1,10,0,-99,-99,N,
2022,2,1,1,0,3,5,E,ASTER,1,8,0,-99,-99,N,
2022,2,1,1,0,3,6,A,ATPA4,1,25,0,-99,-99,N,
2022,2,1,1,0,3,6,B,IVFR,1,193,9.1,-99,-99,N,
2022,2,1,1,0,3,6,C,ASTER,1,7,0,-99,-99,N,
2022,2,1,1,0,3,6,D,ASTER,1,9,0,-99,-99,N,
2022,2,1,1,0,3,6,E,ASTER,1,6,0,-99,-99,N,
2022,2,1,1,0,3,7,A,ASTER,1,1,0,-99,-99,N,
2022,2,1,1,0,3,7,A,ATPA4,2,48,0.8,-99,-99,N,
2022,2,1,1,0,3,7,B,ASTER,1,3,0,-99,-99,N,
2022,2,1,1,0,3,7,C,ASTER,1,5,0,-99,-99,N,
2022,2,1,1,0,3,7,D,ASTER,1,9,0,-99,-99,N,
2022,2,1,1,0,3,7,E,ASTER,1,1,0,-99,-99,N,
2022,2,1,1,0,3,8,A,IVFR,1,70,4.9,-99,-99,N,
2022,2,1,1,0,3,8,A,IVFR,2,107,4.4,-99,-99,N,
2022,2,1,1,0,3,8,A,AMCA2,3,69,1.8,-99,-99,N,
2022,2,1,1,0,3,8,B,ASTER,1,2,0,-99,-99,N,
2022,2,1,1,0,3,8,B,SOSE,2,54,2.5,-99,-99,N,
2022,2,1,1,0,3,8,B,SOSE,3,29,0,-99,-99,N,
2022,2,1,1,0,3,8,C,ASTER,1,1,0,-99,-99,N,
2022,2,1,1,0,3,8,D,ASTER,1,3,0,-99,-99,N,
2022,2,1,1,0,3,8,E,ASTER,1,2,0,-99,-99,N,
2022,2,1,1,0,3,9,A,SOSE,1,69,2.5,-99,-99,N,
2022,2,1,1,0,3,9,A,SOSE,2,128,4.7,-99,-99,N,
2022,2,1,1,0,3,9,A,SOSE,3,129,5.9,-99,-99,N,
2022,2,1,1,0,3,9,A,SOSE,4,165,7.1,-99,-99,N,
2022,2,1,1,0,3,9,C,ATPA4,1,30,0,-99,-99,N,
2022,2,1,1,0,3,9,D,SOSE,1,53,3.8,-99,-99,N,
2022,2,1,1,0,3,9,D,SOSE,2,112,6.5,-99,-99,N,
2022,2,1,1,0,3,9,D,SOSE,3,102,3.6,-99,-99,N,
2022,2,1,1,0,3,9,E,SOSE,1,83,6.5,-99,-99,N,
2022,2,1,1,0,3,10,A,SOSE,1,66,4,-99,-99,N,
2022,2,1,1,0,3,10,B,SOSE,1,55,5.6,-99,-99,N,
2022,2,1,1,0,3,10,B,SOSE,2,78,2.7,-99,-99,N,
2022,2,1,1,0,3,10,B,SOSE,3,126,5.3,-99,-99,N,
2022,2,1,1,0,3,10,B,KOVI,4,170,9.1,-99,-99,Y,
2022,2,1,1,0,3,10,B,KOVI,5,167,9.3,-99,-99,Y,
2022,2,1,1,0,3,10,B,KOVI,6,175,9.2,-99,-99,Y,
2022,2,1,1,0,3,10,C,SOSE,1,123,5.1,-99,-99,N,
2022,2,1,1,0,3,10,D,SOSE,1,123,6.9,-99,-99,N,
2022,2,1,1,0,3,10,D,SOSE,2,81,3.5,-99,-99,N,
2022,2,1,1,0,3,10,D,SOSE,3,67,4.3,-99,-99,N,
2022,2,1,1,0,3,10,D,SOSE,4,110,3.5,-99,-99,N,
2022,2,1,1,0,3,10,D,SOSE,5,78,5,-99,-99,N,
2022,2,0,1,0,3,11,PR,ASTER,1,40,0,-99,-99,N,
2022,2,0,1,0,3,11,PR,ASTER,2,55,1.3,-99,-99,N,
2022,2,0,1,0,3,11,PR,ASTER,3,15,0,-99,-99,N,
2022,2,0,1,0,3,12,PR,ASTER,1,65,1.4,-99,-99,N,
2022,2,0,1,0,3,14,NR,KOVI,1,15,0,-99,-99,N,
2022,2,0,1,0,3,16,NR,KOVI,1,12,0,-99,-99,N,
2022,2,0,1,0,3,16,NR,ATPA4,2,53,1.1,-99,-99,N,
2022,3,1,0,1,2,1,B,SOSE,1,115,4.8,-99,-99,N,
2022,3,1,0,1,2,1,C,SOSE,1,95,2.8,-99,-99,N,
2022,3,1,0,1,2,1,C,SOSE,2,150,6,-99,-99,N,
2022,3,1,0,1,2,1,C,SOSE,3,115,5,-99,-99,Y,
2022,3,1,0,1,2,2,B,SOSE,1,120,5.7,-99,-99,N,
2022,3,1,0,1,2,2,B,SOSE,2,104,4,-99,-99,N,
2022,3,1,0,1,2,2,B,SOSE,3,98,3.4,-99,-99,N,
2022,3,1,0,1,2,2,C,SOSE,1,114,6.8,-99,-99,N,
2022,3,1,0,1,2,2,C,SOSE,2,95,4.4,-99,-99,N,
2022,3,1,0,1,2,2,C,SOSE,3,85,3.9,-99,-99,N,
2022,3,1,0,1,2,2,C,ATPA4,4,85,1.2,-99,-99,N,
2022,3,1,0,1,2,3,B,AMCA2,1,54,0.8,-99,-99,N,
2022,3,1,0,1,2,3,D,SOSE,1,90,5.7,-99,-99,N,
2022,3,1,0,1,2,3,D,SOSE,2,98,4.2,-99,-99,N,
2022,3,1,0,1,2,3,D,SOSE,3,110,4.5,-99,-99,N,
2022,3,1,0,1,2,3,D,SOSE,4,125,5.6,-99,-99,N,
2022,3,1,0,1,2,3,D,SOSE,5,105,3.7,-99,-99,N,
2022,3,1,0,1,2,3,E,SOSE,1,105,4.4,-99,-99,N,
2022,3,1,0,1,2,4,A,SOSE,1,55,2.4,-99,-99,C,
2022,3,1,0,1,2,4,D,SOSE,1,112,5.6,-99,-99,N,
2022,3,1,0,1,2,4,D,SOSE,2,124,5.5,-99,-99,N,
2022,3,1,0,1,2,4,D,SOSE,3,107,6.6,-99,-99,N,
2022,3,1,0,1,2,4,D,SOSE,4,65,5.4,-99,-99,C,
2022,3,1,0,1,2,4,D,SOSE,5,125,4.9,-99,-99,N,
2022,3,1,0,1,2,4,D,SOSE,6,110,4.3,-99,-99,N,
2022,3,1,0,1,2,4,E,SOSE,1,80,2.8,-99,-99,N,
2022,3,1,0,1,2,4,E,SOSE,2,95,4.6,-99,-99,N,
2022,3,1,0,1,2,4,E,SOSE,3,103,5.2,-99,-99,N,
2022,3,1,0,1,2,4,E,SOSE,4,98,4.5,-99,-99,N,
2022,3,1,0,1,2,4,E,SOSE,5,70,3.5,-99,-99,N,
2022,3,1,0,1,2,4,E,SOSE,6,120,6.5,-99,-99,N,
2022,3,1,0,1,2,4,E,SOSE,7,125,7,-99,-99,N,
2022,3,1,0,1,2,4,E,SOSE,8,110,5.2,-99,-99,N,
2022,3,1,0,1,2,4,E,SOSE,9,70,3.8,-99,-99,N,
2022,3,1,0,1,2,5,A,SOSE,1,115,4.3,-99,-99,N,
2022,3,1,0,1,2,5,A,SOSE,2,160,6.1,-99,-99,N,
2022,3,1,0,1,2,5,A,SOSE,3,141,5,-99,-99,N,
2022,3,1,0,1,2,5,A,SOSE,4,75,3.5,-99,-99,N,
2022,3,1,0,1,2,5,A,SOSE,5,75,2.4,-99,-99,N,
2022,3,1,0,1,2,5,D,ATPA4,1,95,1,-99,-99,N,
2022,3,1,0,1,2,5,E,SOSE,1,110,6.4,-99,-99,N,
2022,3,1,0,1,2,5,E,SOSE,2,94,4.1,-99,-99,N,
2022,3,1,0,1,2,5,E,SOSE,3,84,3.9,-99,-99,N,
2022,3,1,0,1,2,5,E,SOSE,4,65,2.8,-99,-99,N,
2022,3,1,0,1,2,5,E,SOSE,5,72,3.4,-99,-99,N,
2022,3,1,0,1,2,6,A,SOSE,1,95,3.8,-99,-99,N,
2022,3,1,0,1,2,9,B,SOSE,1,120,5.1,-99,-99,N,
2022,3,1,0,1,2,9,B,SOSE,2,80,4,-99,-99,N,
2022,3,1,0,1,2,9,C,SOSE,1,84,2.8,-99,-99,N,
2022,3,1,0,1,2,9,C,SOSE,2,86,3.3,-99,-99,N,
2022,3,1,0,1,2,9,C,SOSE,3,100,5.3,-99,-99,N,
2022,3,1,0,1,2,9,C,SOSE,4,140,6.2,-99,-99,N,
2022,3,1,0,1,2,10,B,SOSE,1,135,5,-99,-99,N,
2022,3,1,0,1,2,10,B,SOSE,2,140,5,-99,-99,N,
2022,3,1,0,1,2,10,B,SOSE,3,139,6.8,-99,-99,N,
2022,3,1,0,1,2,10,B,SOSE,4,70,3.3,-99,-99,N,
2022,3,1,0,1,2,10,B,SOSE,5,65,2.5,-99,-99,N,
2022,3,1,0,1,2,10,B,SOSE,6,55,2.8,-99,-99,N,
2022,3,1,0,1,2,10,C,SOSE,1,70,2.8,-99,-99,N,
2022,3,1,0,1,2,10,C,SOSE,2,75,3.5,-99,-99,N,
2022,3,1,0,1,2,10,C,SOSE,3,80,5,-99,-99,N,
2022,3,1,0,1,2,10,C,SOSE,4,70,4,-99,-99,N,
2022,3,1,0,1,2,10,C,SOSE,5,160,5.3,-99,-99,N,
2022,3,1,0,1,2,10,C,SOSE,6,145,6.5,-99,-99,N,
2022,3,0,0,1,2,11,PR,KOVI,1,10,0,-99,-99,N,
2022,3,0,0,1,2,14,NR,POHY,1,70,1.6,-99,-99,Y,
2022,3,0,0,1,2,14,NR,POHY,2,55,1.4,-99,-99,N,
2022,3,0,0,1,2,15,NR,POHY,1,45,0.6,-99,-99,N,
2022,3,0,0,1,2,16,NR,AMCA2,1,50,1.6,-99,-99,N,
2022,3,0,0,1,2,16,NR,ATPA4,2,85,1.7,-99,-99,N,
2022,3,0,0,1,2,16,NR,POHY,3,65,1.3,-99,-99,N,
2022,3,0,0,1,2,16,NR,AMCA2,4,90,5.1,-99,-99,N,
2022,4,1,1,1,4,1,B,POHY,1,55,4.2,-99,-99,N,
2022,4,1,1,1,4,1,D,AMCA2,1,27,0,-99,-99,N,
2022,4,1,1,1,4,1,E,KOVI,1,157,5.2,-99,-99,Y,
2022,4,1,1,1,4,2,B,AMCA2,1,32,0,-99,-99,N,
2022,4,1,1,1,4,2,C,AMCA2,1,26,0,-99,-99,N,
2022,4,1,1,1,4,2,C,AMCA2,2,45,2.5,-99,-99,C,
2022,4,1,1,1,4,3,A,KOVI,1,150,6.7,-99,-99,Y,
2022,4,1,1,1,4,3,B,KOVI,1,220,11.6,-99,-99,Y,
2022,4,1,1,1,4,3,C,KOVI,1,113,4.2,-99,-99,N,
2022,4,1,1,1,4,3,D,SOSE,1,125,4.3,-99,-99,N,
2022,4,1,1,1,4,3,D,AMCA2,2,32,0,-99,-99,N,
2022,4,1,1,1,4,3,E,SOSE,1,75,3.2,-99,-99,N,
2022,4,1,1,1,4,4,D,SOSE,1,164,8.3,-99,-99,N,
2022,4,1,1,1,4,4,D,SOSE,2,88,3.2,-99,-99,N,
2022,4,1,1,1,4,4,D,SOSE,3,140,5.3,-99,-99,N,
2022,4,1,1,1,4,4,E,SOSE,1,75,3.2,-99,-99,N,
2022,4,1,1,1,4,4,E,SOSE,2,143,5.5,-99,-99,N,
2022,4,1,1,1,4,4,E,SOSE,3,66,3.4,-99,-99,N,
2022,4,1,1,1,4,4,E,SOSE,4,82,4.1,-99,-99,N,
2022,4,1,1,1,4,5,A,KOVI,1,202,10,-99,-99,Y,
2022,4,1,1,1,4,5,A,KOVI,2,99,8.6,-99,-99,C,
2022,4,1,1,1,4,5,B,KOVI,1,174,4.6,-99,-99,Y,
2022,4,1,1,1,4,5,B,KOVI,2,63,4.2,-99,-99,N,
2022,4,1,1,1,4,5,B,KOVI,3,175,7.5,-99,-99,Y,
2022,4,1,1,1,4,5,B,KOVI,4,131,6.9,-99,-99,Y,
2022,4,1,1,1,4,5,B,KOVI,5,199,8.4,-99,-99,Y,
2022,4,1,1,1,4,5,C,POHY,1,83,3.8,-99,-99,N,
2022,4,1,1,1,4,5,C,SOSE,2,126,4.6,-99,-99,C,
2022,4,1,1,1,4,5,C,SOSE,3,102,3.5,-99,-99,N,
2022,4,1,1,1,4,5,C,SOSE,4,114,3.9,-99,-99,C,
2022,4,1,1,1,4,5,D,KOVI,1,147,8.4,-99,-99,C,
2022,4,1,1,1,4,5,E,KOVI,1,103,2.9,-99,-99,N,
2022,4,1,1,1,4,5,E,KOVI,2,114,5.2,-99,-99,C,
2022,4,1,1,1,4,6,A,KOVI,1,112,6.5,-99,-99,N,
2022,4,1,1,1,4,6,B,KOVI,1,122,7.3,-99,-99,Y,
2022,4,1,1,1,4,6,C,SOSE,1,77,6.7,-99,-99,N,
2022,4,1,1,1,4,6,C,SOSE,2,169,7.5,-99,-99,N,
2022,4,1,1,1,4,6,C,SOSE,3,127,4.7,-99,-99,N,
2022,4,1,1,1,4,6,C,SOSE,4,123,5.8,-99,-99,N,
2022,4,1,1,1,4,6,C,SOSE,5,125,3.3,-99,-99,N,
2022,4,1,1,1,4,6,C,SOSE,6,136,5.3,-99,-99,N,
2022,4,1,1,1,4,6,D,SOSE,1,90,6.3,-99,-99,C,
2022,4,1,1,1,4,6,D,KOVI,2,220,10.5,-99,-99,Y,
2022,4,1,1,1,4,6,D,SOSE,3,126,6.6,-99,-99,N,
2022,4,1,1,1,4,6,D,SOSE,4,159,5.7,-99,-99,N,
2022,4,1,1,1,4,6,E,KOVI,1,94,3.9,-99,-99,C,
2022,4,1,1,1,4,6,E,KOVI,2,132,4.7,-99,-99,C,
2022,4,1,1,1,4,6,E,KOVI,3,174,8.6,-99,-99,Y,
2022,4,1,1,1,4,6,E,KOVI,4,135,9.5,-99,-99,Y,
2022,4,1,1,1,4,7,A,AMCA2,1,142,1.1,-99,-99,C,
2022,4,1,1,1,4,7,C,SOSE,1,142,6.2,-99,-99,N,
2022,4,1,1,1,4,7,C,SOSE,2,180,8.2,-99,-99,N,
2022,4,1,1,1,4,7,D,AMCA2,1,72,1.9,-99,-99,N,
2022,4,1,1,1,4,7,D,SOSE,2,194,8.9,-99,-99,N,
2022,4,1,1,1,4,7,D,SOSE,3,196,6.8,-99,-99,N,
2022,4,1,1,1,4,7,E,ASTER,1,49,1.6,-99,-99,N,
2022,4,1,1,1,4,7,E,AMCA2,2,75,2.6,-99,-99,C,
2022,4,1,1,1,4,7,E,KOVI,3,130,7.6,-99,-99,Y,
2022,4,1,1,1,4,8,B,SOSE,1,159,6.7,-99,-99,N,
2022,4,1,1,1,4,8,B,SOSE,2,162,6.2,-99,-99,N,
2022,4,1,1,1,4,8,D,AMCA2,1,82,2.1,-99,-99,N,
2022,4,1,1,1,4,8,D,AMCA2,2,65,1.6,-99,-99,C,
2022,4,1,1,1,4,8,D,ASTER,3,87,1,-99,-99,N,
2022,4,1,1,1,4,8,D,ASTER,4,75,0.7,-99,-99,N,
2022,4,1,1,1,4,8,D,ASTER,5,73,0.9,-99,-99,N,
2022,4,1,1,1,4,8,E,ASTER,1,81,0.9,-99,-99,N,
2022,4,1,1,1,4,8,E,AMCA2,2,60,1.3,-99,-99,N,
2022,4,1,1,1,4,9,A,SOSE,1,122,4.6,-99,-99,N,
2022,4,1,1,1,4,9,A,SOSE,2,125,4.6,-99,-99,N,
2022,4,1,1,1,4,9,A,SOSE,3,104,4,-99,-99,C,
2022,4,1,1,1,4,9,A,SOSE,4,112,4.2,-99,-99,N,
2022,4,1,1,1,4,9,A,SOSE,5,96,2.6,-99,-99,C,
2022,4,1,1,1,4,9,A,SOSE,6,115,3.7,-99,-99,C,
2022,4,1,1,1,4,9,A,SOSE,7,108,3.7,-99,-99,C,
2022,4,1,1,1,4,9,A,SOSE,8,147,6.4,-99,-99,C,
2022,4,1,1,1,4,9,B,SOSE,1,168,5.6,-99,-99,N,
2022,4,1,1,1,4,9,B,SOSE,2,112,2.6,-99,-99,N,
2022,4,1,1,1,4,9,C,ASTER,1,5,0,-99,-99,N,
2022,4,1,1,1,4,9,C,SOSE,2,87,3,-99,-99,C,
2022,4,1,1,1,4,9,D,ASTER,1,60,1.3,-99,-99,C,
2022,4,1,1,1,4,9,D,ASTER,2,72,1.1,-99,-99,N,
2022,4,1,1,1,4,9,D,AMCA2,3,62,1.5,-99,-99,C,
2022,4,1,1,1,4,9,E,KOVI,1,160,6.6,-99,-99,N,
2022,4,1,1,1,4,9,E,KOVI,2,153,10.7,-99,-99,N,
2022,4,1,1,1,4,9,E,KOVI,3,45,1.8,-99,-99,N,
2022,4,1,1,1,4,9,E,KOVI,4,127,5.5,-99,-99,N,
2022,4,1,1,1,4,9,E,KOVI,5,77,4.5,-99,-99,N,
2022,4,1,1,1,4,10,A,SOSE,1,186,6.5,-99,-99,N,
2022,4,1,1,1,4,10,A,SOSE,2,190,6.5,-99,-99,N,
2022,4,1,1,1,4,10,B,SOSE,1,188,7.3,-99,-99,N,
2022,4,1,1,1,4,10,B,SOSE,2,184,4.6,-99,-99,N,
2022,4,1,1,1,4,10,B,SOSE,3,171,5.6,-99,-99,N,
2022,4,1,1,1,4,10,B,SOSE,4,194,5,-99,-99,N,
2022,4,1,1,1,4,10,B,SOSE,5,168,5.4,-99,-99,N,
2022,4,1,1,1,4,10,B,SOSE,6,191,6,-99,-99,N,
2022,4,1,1,1,4,10,B,SOSE,7,195,6.6,-99,-99,N,
2022,4,1,1,1,4,10,B,ASTER,8,97,1.3,-99,-99,N,
2022,4,1,1,1,4,10,C,AMCA2,1,39,0,-99,-99,C,
2022,4,1,1,1,4,10,C,SOSE,2,112,3.3,-99,-99,N,
2022,4,1,1,1,4,10,D,KOVI,1,150,5.3,-99,-99,N,
2022,4,1,1,1,4,10,D,KOVI,2,240,11.3,-99,-99,Y,
2022,4,1,1,1,4,10,D,KOVI,3,176,5.3,-99,-99,N,
2022,4,1,1,1,4,10,E,KOVI,1,197,9.7,-99,-99,Y,
2022,4,1,1,1,4,10,E,KOVI,2,155,11.1,-99,-99,C,
2022,4,1,1,1,4,10,E,ASTER,3,57,1.2,-99,-99,N,
2022,4,0,1,1,4,12,PR,AMCA2,1,39,0,-99,-99,N,
2022,4,0,1,1,4,13,PR,KOVI,1,188,9.8,-99,-99,Y,
2022,4,0,1,1,4,13,PR,KOVI,2,82,2.2,-99,-99,N,
2022,4,0,1,1,4,14,NR,POHY,1,79,1.7,-99,-99,N,
2022,4,0,1,1,4,14,NR,AMCA2,2,50,1.5,-99,-99,N,
2022,4,0,1,1,4,15,NR,AMCA2,1,92,1.9,-99,-99,N,
2022,4,0,1,1,4,15,NR,POHY,2,70,1.8,-99,-99,N,
2022,4,0,1,1,4,15,NR,AMCA2,3,59,1.6,-99,-99,C,
2022,4,0,1,1,4,16,NR,AMCA2,1,73,2.9,-99,-99,N,
2022,4,0,1,1,4,16,NR,ATPA4,2,57,1.4,-99,-99,N,
2022,4,0,1,1,4,16,NR,AMCA2,3,60,2.8,-99,-99,N,
2022,4,0,1,1,4,16,NR,POHY,4,43,2.6,-99,-99,N,
2022,4,0,1,1,4,16,NR,POHY,5,65,2.5,-99,-99,N,
2022,5,1,1,0,3,1,B,AMCA2,1,34,0,-99,-99,N,
2022,5,1,1,0,3,1,C,AMCA2,1,54,0.7,-99,-99,N,
2022,5,1,1,0,3,2,C,AMCA2,1,35,0,-99,-99,C,
2022,5,1,1,0,3,2,D,ATPA4,1,42,0.5,-99,-99,N,
2022,5,1,1,0,3,2,D,AMCA2,2,36,0,-99,-99,N,
2022,5,1,1,0,3,2,D,AMCA2,3,22,0,-99,-99,N,
2022,5,1,1,0,3,2,D,AMCA2,4,31,0,-99,-99,N,
2022,5,1,1,0,3,2,D,POHY,5,23,0,-99,-99,N,
2022,5,1,1,0,3,3,A,ATPA4,1,91,2.1,-99,-99,N,
2022,5,1,1,0,3,3,A,ATPA4,2,30,0,-99,-99,N,
2022,5,1,1,0,3,3,A,ATPA4,3,28,0,-99,-99,N,
2022,5,1,1,0,3,3,B,ATPA4,1,36,0,-99,-99,N,
2022,5,1,1,0,3,3,B,POHY,2,54,1.2,-99,-99,N,
2022,5,1,1,0,3,3,D,AMCA2,1,50,0.6,-99,-99,N,
2022,5,1,1,0,3,4,A,POHY,1,32,0,-99,-99,N,
2022,5,1,1,0,3,4,A,POHY,2,44,1,-99,-99,N,
2022,5,1,1,0,3,4,A,AMCA2,3,25,0,-99,-99,N,
2022,5,1,1,0,3,4,B,ATPA4,1,69,1.4,-99,-99,N,
2022,5,1,1,0,3,4,C,KOVI,1,176,7.4,-99,-99,Y,
2022,5,1,1,0,3,4,C,KOVI,2,147,6.1,-99,-99,Y,
2022,5,1,1,0,3,4,C,AMCA2,3,60,1.6,-99,-99,N,
2022,5,1,1,0,3,4,D,POHY,1,28,0,-99,-99,N,
2022,5,1,1,0,3,4,D,AMCA2,2,22,0,-99,-99,N,
2022,5,1,1,0,3,4,D,AMCA2,3,45,0.7,-99,-99,N,
2022,5,1,1,0,3,4,D,ATPA4,4,38,0,-99,-99,N,
2022,5,1,1,0,3,4,D,POHY,5,18,0,-99,-99,N,
2022,5,1,1,0,3,5,A,AMCA2,1,54,1.9,-99,-99,C,
2022,5,1,1,0,3,5,B,ATPA4,1,54,1.2,-99,-99,C,
2022,5,1,1,0,3,5,B,AMCA2,2,55,1.5,-99,-99,Y,
2022,5,1,1,0,3,5,B,ATPA4,3,30,0,-99,-99,N,
2022,5,1,1,0,3,5,B,AMCA2,4,30,0,-99,-99,C,
2022,5,1,1,0,3,5,C,KOVI,1,67,2.4,-99,-99,N,
2022,5,1,1,0,3,5,C,KOVI,2,180,8.3,-99,-99,Y,
2022,5,1,1,0,3,5,C,KOVI,3,168,6.7,-99,-99,Y,
2022,5,1,1,0,3,5,C,KOVI,4,172,5.9,-99,-99,Y,
2022,5,1,1,0,3,5,C,ATPA4,5,35,0,-99,-99,N,
2022,5,1,1,0,3,5,D,AMCA2,1,40,0,-99,-99,N,
2022,5,1,1,0,3,5,D,KOVI,2,203,9.1,-99,-99,Y,
2022,5,1,1,0,3,5,D,KOVI,3,155,4.7,-99,-99,Y,
2022,5,1,1,0,3,5,D,KOVI,4,183,6.3,-99,-99,Y,
2022,5,1,1,0,3,5,D,KOVI,5,112,3.2,-99,-99,N,
2022,5,1,1,0,3,5,D,KOVI,6,170,6.4,-99,-99,Y,
2022,5,1,1,0,3,5,D,KOVI,7,170,5.1,-99,-99,Y,
2022,5,1,1,0,3,5,D,KOVI,8,185,6.6,-99,-99,Y,
2022,5,1,1,0,3,5,E,KOVI,1,130,6.3,-99,-99,Y,
2022,5,1,1,0,3,5,E,ATPA4,2,52,0.7,-99,-99,N,
2022,5,1,1,0,3,6,A,POHY,1,54,1.2,-99,-99,Y,
2022,5,1,1,0,3,6,A,POHY,2,38,0,-99,-99,N,
2022,5,1,1,0,3,6,A,POHY,3,47,0.9,-99,-99,Y,
2022,5,1,1,0,3,6,A,ATPA4,4,36,0,-99,-99,N,
2022,5,1,1,0,3,6,A,ATPA4,5,52,1.4,-99,-99,C,
2022,5,1,1,0,3,6,A,POHY,6,32,0,-99,-99,C,
2022,5,1,1,0,3,6,A,ATPA4,7,52,0.9,-99,-99,N,
2022,5,1,1,0,3,6,A,ASTER,8,73,1.7,-99,-99,N,
2022,5,1,1,0,3,6,A,ATPA4,9,78,1.9,-99,-99,N,
2022,5,1,1,0,3,6,B,ASTER,1,70,2.1,-99,-99,N,
2022,5,1,1,0,3,6,B,POHY,2,39,0,-99,-99,N,
2022,5,1,1,0,3,6,B,ATPA4,3,42,1.4,-99,-99,N,
2022,5,1,1,0,3,6,B,ATPA4,4,56,1.2,-99,-99,N,
2022,5,1,1,0,3,6,B,POHY,5,39,0,-99,-99,N,
2022,5,1,1,0,3,6,B,POHY,6,39,0,-99,-99,N,
2022,5,1,1,0,3,6,B,POHY,7,41,0.8,-99,-99,N,
2022,5,1,1,0,3,6,B,POHY,8,34,0,-99,-99,N,
2022,5,1,1,0,3,6,C,POHY,1,32,0,-99,-99,N,
2022,5,1,1,0,3,6,C,POHY,2,50,1.4,-99,-99,N,
2022,5,1,1,0,3,6,C,ATPA4,3,52,0.7,-99,-99,N,
2022,5,1,1,0,3,6,D,KOVI,1,205,7.2,-99,-99,Y,
2022,5,1,1,0,3,6,D,KOVI,2,113,2.5,-99,-99,N,
2022,5,1,1,0,3,6,D,KOVI,3,170,5.4,-99,-99,Y,
2022,5,1,1,0,3,6,D,KOVI,4,125,3.9,-99,-99,Y,
2022,5,1,1,0,3,6,D,KOVI,5,115,3.3,-99,-99,N,
2022,5,1,1,0,3,6,D,ATPA4,6,50,0.6,-99,-99,N,
2022,5,1,1,0,3,6,E,POHY,1,72,2.2,-99,-99,N,
2022,5,1,1,0,3,6,E,KOVI,2,130,6.5,-99,-99,C,
2022,5,1,1,0,3,7,A,ATPA4,1,65,1.5,-99,-99,N,
2022,5,1,1,0,3,7,A,ASTER,2,75,1.5,-99,-99,N,
2022,5,1,1,0,3,7,A,ATPA4,3,50,1.2,-99,-99,N,
2022,5,1,1,0,3,7,A,ASTER,4,80,2.5,-99,-99,C,
2022,5,1,1,0,3,7,A,ASTER,5,63,1.6,-99,-99,C,
2022,5,1,1,0,3,7,A,ATPA4,6,70,1.4,-99,-99,N,
2022,5,1,1,0,3,7,B,ASTER,1,61,1.2,-99,-99,N,
2022,5,1,1,0,3,7,B,POHY,2,38,0,-99,-99,N,
2022,5,1,1,0,3,7,B,ASTER,3,95,1.9,-99,-99,N,
2022,5,1,1,0,3,7,B,ASTER,4,79,1.4,-99,-99,N,
2022,5,1,1,0,3,7,B,ASTER,5,84,1.4,-99,-99,N,
2022,5,1,1,0,3,7,B,ASTER,2,72,2,-99,-99,N,
2022,5,1,1,0,3,7,B,ASTER,7,67,1.4,-99,-99,N,
2022,5,1,1,0,3,7,B,ASTER,8,72,1.5,-99,-99,N,
2022,5,1,1,0,3,7,B,ASTER,9,71,1.3,-99,-99,N,
2022,5,1,1,0,3,7,B,ASTER,10,73,1.3,-99,-99,N,
2022,5,1,1,0,3,7,B,ASTER,11,60,1.1,-99,-99,N,
2022,5,1,1,0,3,7,B,ATPA4,12,88,1.4,-99,-99,N,
2022,5,1,1,0,3,7,B,ASTER,13,68,1.5,-99,-99,N,
2022,5,1,1,0,3,7,B,ATPA4,14,46,0.8,-99,-99,N,
2022,5,1,1,0,3,7,B,ATPA4,15,76,1.5,-99,-99,N,
2022,5,1,1,0,3,7,B,ASTER,16,93,1.9,-99,-99,N,
2022,5,1,1,0,3,7,B,ATPA4,17,38,0,-99,-99,N,
2022,5,1,1,0,3,7,B,POHY,18,39,0,-99,-99,N,
2022,5,1,1,0,3,7,B,ASTER,19,63,1,-99,-99,N,
2022,5,1,1,0,3,7,B,POHY,20,35,0,-99,-99,N,
2022,5,1,1,0,3,7,B,ATPA4,21,54,1.2,-99,-99,N,
2022,5,1,1,0,3,7,B,ASTER,22,74,1.6,-99,-99,N,
2022,5,1,1,0,3,7,B,ASTER,23,92,1.5,-99,-99,N,
2022,5,1,1,0,3,7,B,ASTER,24,87,1.3,-99,-99,N,
2022,5,1,1,0,3,7,C,ASTER,1,6,0,-99,-99,N,
2022,5,1,1,0,3,7,D,ATPA4,1,50,0.5,-99,-99,N,
2022,5,1,1,0,3,8,A,POHY,1,54,1.1,-99,-99,N,
2022,5,1,1,0,3,8,A,ATPA4,2,52,1,-99,-99,C,
2022,5,1,1,0,3,8,A,ATPA4,3,60,1.5,-99,-99,C,
2022,5,1,1,0,3,8,A,POHY,4,60,1.3,-99,-99,N,
2022,5,1,1,0,3,8,A,POHY,5,38,0,-99,-99,N,
2022,5,1,1,0,3,8,A,ASTER,6,4,0,-99,-99,N,
2022,5,1,1,0,3,8,B,ATPA4,1,38,0,-99,-99,N,
2022,5,1,1,0,3,8,B,ATPA4,2,43,0.6,-99,-99,N,
2022,5,1,1,0,3,8,B,POHY,3,40,0,-99,-99,C,
2022,5,1,1,0,3,8,B,POHY,4,38,0,-99,-99,N,
2022,5,1,1,0,3,8,B,POHY,5,47,0.8,-99,-99,N,
2022,5,1,1,0,3,8,B,ASTER,6,16,0,-99,-99,N,
2022,5,1,1,0,3,8,C,KOVI,1,70,1.7,-99,-99,N,
2022,5,1,1,0,3,8,C,ATPA4,2,50,0.9,-99,-99,N,
2022,5,1,1,0,3,8,C,ATPA4,3,50,1,-99,-99,N,
2022,5,1,1,0,3,8,C,ATPA4,4,48,1.1,-99,-99,N,
2022,5,1,1,0,3,8,C,ASTER,5,22,0,-99,-99,N,
2022,5,1,1,0,3,8,D,ASTER,1,4,0,-99,-99,N,
2022,5,1,1,0,3,8,D,POHY,2,64,1.4,-99,-99,Y,
2022,5,1,1,0,3,8,D,ATPA4,3,50,0.8,-99,-99,N,
2022,5,1,1,0,3,8,D,AMCA2,4,35,0,-99,-99,N,
2022,5,1,1,0,3,8,D,KOVI,5,21,0,-99,-99,N,
2022,5,1,1,0,3,8,D,ATPA4,6,38,0,-99,-99,N,
2022,5,1,1,0,3,9,A,ASTER,1,25,0,-99,-99,N,
2022,5,1,1,0,3,9,A,ATPA4,2,44,1.8,-99,-99,N,
2022,5,1,1,0,3,9,A,ATPA4,3,28,0,-99,-99,N,
2022,5,1,1,0,3,9,A,AMCA2,4,18,0,-99,-99,N,
2022,5,1,1,0,3,9,B,POHY,1,43,0.6,-99,-99,N,
2022,5,1,1,0,3,9,B,KOVI,2,30,0,-99,-99,N,
2022,5,1,1,0,3,9,B,KOVI,3,25,0,-99,-99,N,
2022,5,1,1,0,3,9,B,ATPA4,4,45,1.2,-99,-99,N,
2022,5,1,1,0,3,9,B,ATPA4,5,50,1,-99,-99,N,
2022,5,1,1,0,3,9,B,ASTER,6,39,0,-99,-99,N,
2022,5,1,1,0,3,9,D,ASTER,1,28,0,-99,-99,N,
2022,5,1,1,0,3,9,E,ASTER,1,16,0,-99,-99,N,
2022,5,1,1,0,3,10,A,ASTER,1,23,0,-99,-99,N,
2022,5,1,1,0,3,10,B,ATPA4,1,70,1.2,-99,-99,N,
2022,5,1,1,0,3,10,B,POHY,2,35,0,-99,-99,N,
2022,5,1,1,0,3,10,B,ASTER,3,42,0,-99,-99,N,
2022,5,1,1,0,3,10,C,ATPA4,1,52,1,-99,-99,N,
2022,5,1,1,0,3,10,C,ATPA4,2,35,0,-99,-99,N,
2022,5,1,1,0,3,10,C,ATPA4,3,36,0,-99,-99,N,
2022,5,1,1,0,3,10,C,ATPA4,4,27,0,-99,-99,N,
2022,5,1,1,0,3,10,C,ASTER,5,16,0,-99,-99,N,
2022,5,1,1,0,3,10,D,ASTER,1,52,0,-99,-99,N,
2022,5,1,1,0,3,10,E,ASTER,1,21,0,-99,-99,N,
2022,5,0,1,0,3,12,PR,AMCA2,1,60,2.8,-99,-99,N,
2022,5,0,1,0,3,12,PR,POHY,2,45,1.3,-99,-99,N,
2022,5,0,1,0,3,12,PR,POHY,3,70,2,-99,-99,Y,
2022,5,0,1,0,3,14,NR,AMCA2,1,65,2.2,-99,-99,N,
2022,5,0,1,0,3,14,NR,KOVI,2,35,0,-99,-99,N,
2022,5,0,1,0,3,15,NR,AMCA2,1,20,0,-99,-99,N,
2022,5,0,1,0,3,16,NR,POHY,1,65,1.4,-99,-99,Y,
2022,5,0,1,0,3,16,NR,POHY,2,48,0.6,-99,-99,N,
2022,5,0,1,0,3,16,NR,POHY,3,34,0,-99,-99,N,
2022,5,0,1,0,3,16,NR,POHY,4,56,1.3,-99,-99,Y,
2022,5,0,1,0,3,16,NR,KOVI,5,10,0,-99,-99,N,
2022,6,1,0,1,2,1,A,KOVI,1,144,5.6,-99,-99,N,
2022,6,1,0,1,2,1,A,KOVI,2,152,6.8,-99,-99,C,
2022,6,1,0,1,2,1,A,KOVI,3,93,3,-99,-99,N,
2022,6,1,0,1,2,1,C,AMCA2,1,52,2.7,-99,-99,C,
2022,6,1,0,1,2,1,C,AMCA2,2,76,3.7,-99,-99,N,
2022,6,1,0,1,2,1,C,AMCA2,3,105,5.5,-99,-99,N,
2022,6,1,0,1,2,1,D,AMCA2,1,163,3.9,-99,-99,C,
2022,6,1,0,1,2,1,D,AMCA2,2,42,1.7,-99,-99,N,
2022,6,1,0,1,2,1,D,AMCA2,3,93,3.9,-99,-99,N,
2022,6,1,0,1,2,2,E,AMCA2,1,75,2.7,-99,-99,N,
2022,6,1,0,1,2,2,E,AMCA2,2,64,4.9,-99,-99,C,
2022,6,1,0,1,2,6,E,ATPA4,1,34,0,-99,-99,N,
2022,6,1,0,1,2,6,E,ATPA4,2,32,0,-99,-99,N,
2022,6,1,0,1,2,8,B,POHY,1,66,1.2,-99,-99,N,
2022,6,1,0,1,2,9,B,ATPA4,1,82,1.5,-99,-99,N,
2022,6,1,0,1,2,9,B,ATPA4,2,72,1.3,-99,-99,N,
2022,6,1,0,1,2,9,D,ATPA4,1,40,0,-99,-99,N,
2022,6,1,0,1,2,10,B,ATPA4,1,77,1.2,-99,-99,N,
2022,6,1,0,1,2,10,C,ATPA4,1,32,0,-99,-99,N,
2022,6,1,0,1,2,10,E,IVFR,1,230,13.6,-99,-99,N,
2022,6,0,0,1,2,11,PR,KOVI,1,73,3.3,-99,-99,Y,
2022,6,0,0,1,2,14,NR,KOVI,1,25,0,-99,-99,N,
2022,6,0,0,1,2,15,NR,POHY,1,33,0,-99,-99,N,
2022,7,1,1,1,4,2,B,ATPA4,1,97,2.4,-99,-99,C,
2022,7,1,1,1,4,2,B,ATPA4,2,35,0,-99,-99,N,
2022,7,1,1,1,4,2,D,POHY,1,48,1.7,-99,-99,N,
2022,7,1,1,1,4,2,E,AMCA2,1,35,0,-99,-99,C,
2022,7,1,1,1,4,2,E,ATPA4,2,26,0,-99,-99,N,
2022,7,1,1,1,4,3,A,POHY,1,56,1.8,-99,-99,Y,
2022,7,1,1,1,4,3,A,ATPA4,2,13,0,-99,-99,N,
2022,7,1,1,1,4,3,C,ATPA4,1,73,1.4,-99,-99,N,
2022,7,1,1,1,4,3,C,ATPA4,2,80,1.6,-99,-99,N,
2022,7,1,1,1,4,3,C,ATPA4,3,48,1.1,-99,-99,N,
2022,7,1,1,1,4,3,C,POHY,4,92,2,-99,-99,Y,
2022,7,1,1,1,4,3,C,ATPA4,5,88,1.8,-99,-99,N,
2022,7,1,1,1,4,3,D,ATPA4,1,53,0.8,-99,-99,N,
2022,7,1,1,1,4,3,D,AMCA2,2,57,1.5,-99,-99,N,
2022,7,1,1,1,4,3,E,AMCA2,1,101,5.4,-99,-99,N,
2022,7,1,1,1,4,3,E,AMCA2,2,24,0,-99,-99,C,
2022,7,1,1,1,4,4,C,ATPA4,1,84,1.2,-99,-99,N,
2022,7,1,1,1,4,4,D,ATPA4,1,99,1.1,-99,-99,N,
2022,7,1,1,1,4,4,D,ATPA4,2,45,0.7,-99,-99,C,
2022,7,1,1,1,4,4,D,ATPA4,3,53,0.9,-99,-99,N,
2022,7,1,1,1,4,4,E,ATPA4,1,93,1.9,-99,-99,N,
2022,7,1,1,1,4,10,C,POHY,1,30,0,-99,-99,N,
2022,7,0,1,1,4,14,NR,ATPA4,1,46,0.5,-99,-99,N,
2022,7,0,1,1,4,14,NR,ATPA4,2,26,0,-99,-99,N,
2022,7,0,1,1,4,14,NR,ATPA4,3,24,0,-99,-99,N,
2022,7,0,1,1,4,14,NR,POHY,4,56,1.2,-99,-99,N,
2022,7,0,1,1,4,15,NR,KOVI,1,16,0,-99,-99,N,
2022,7,0,1,1,4,15,NR,KOVI,2,26,0,-99,-99,N,
2022,7,0,1,1,4,15,NR,ATPA4,3,83,1.5,-99,-99,C,
2022,7,0,1,1,4,15,NR,POHY,4,70,1.9,-99,-99,N,
2022,7,0,1,1,4,15,NR,ATPA4,5,23,0,-99,-99,N,
2022,7,0,1,1,4,15,NR,ATPA4,6,68,1.5,-99,-99,N,
2022,7,0,1,1,4,15,NR,POHY,7,72,2.4,-99,-99,Y,
2022,7,0,1,1,4,15,NR,POHY,8,78,2.1,-99,-99,N,
2022,7,0,1,1,4,16,NR,ATPA4,1,32,0,-99,-99,N,
2022,7,0,1,1,4,16,NR,ATPA4,2,115,2.7,-99,-99,N,
2022,7,0,1,1,4,16,NR,ATPA4,3,26,0,-99,-99,N,
2022,7,0,1,1,4,16,NR,ATPA4,4,28,0,-99,-99,N,
2022,7,0,1,1,4,16,NR,ATPA4,5,60,1.2,-99,-99,N,
2022,7,0,1,1,4,16,NR,ATPA4,6,50,0.8,-99,-99,N,
2022,7,0,1,1,4,16,NR,ATPA4,7,75,2,-99,-99,N,
2022,7,0,1,1,4,16,NR,ATPA4,8,54,0.7,-99,-99,N,
2022,7,0,1,1,4,16,NR,KOVI,9,23,0,-99,-99,N,
2022,7,0,1,1,4,16,NR,ATPA4,10,40,0,-99,-99,C,
2022,8,0,0,0,1,12,PR,KOVI,1,20,0,-99,-99,N,
2022,8,0,0,0,1,13,PR,POHY,1,61,1.8,-99,-99,N,
2022,8,0,0,0,1,13,PR,AMCA2,2,54,1.2,-99,-99,N,
2022,8,0,0,0,1,13,PR,KOVI,3,33,0,-99,-99,N,
2022,8,0,0,0,1,13,PR,AMCA2,4,62,1.5,-99,-99,N,
2022,8,0,0,0,1,16,NR,POHY,1,83,2.4,-99,-99,N,
2022,9,1,1,1,4,3,A,AMCA2,1,72,2.9,-99,-99,N,
2022,9,0,1,1,4,12,PR,POHY,1,42,1,-99,-99,N,
2022,9,0,1,1,4,14,NR,ATPA4,1,27,0,-99,-99,N,
2022,9,0,1,1,4,14,NR,ATPA4,2,28,0,-99,-99,N,
2022,9,0,1,1,4,14,NR,ATPA4,3,38,0,-99,-99,Y,
2022,9,0,1,1,4,15,NR,POHY,1,47,1.7,-99,-99,N,
2022,9,0,1,1,4,15,NR,KOVI,2,21,0,-99,-99,N,
2022,9,0,1,1,4,15,NR,POHY,3,36,0,-99,-99,N,
2022,9,0,1,1,4,15,NR,ATPA4,4,93,1.8,-99,-99,N,
2022,9,0,1,1,4,16,NR,ATPA4,1,38,0,-99,-99,N,
2022,9,0,1,1,4,16,NR,ATPA4,2,63,1.2,-99,-99,N,
2022,9,0,1,1,4,16,NR,ATPA4,3,79,1.6,-99,-99,N,
2022,9,0,1,1,4,16,NR,ATPA4,4,19,0,-99,-99,N,
2022,9,0,1,1,4,16,NR,ATPA4,5,9,0,-99,-99,N,
2022,9,0,1,1,4,16,NR,KOVI,6,38,0,-99,-99,N,
2022,9,0,1,1,4,16,NR,POHY,7,16,0,-99,-99,N,
2022,10,1,1,0,3,1,E,IVFR,1,137,7.7,-99,-99,N,
2022,10,1,1,0,3,2,A,AMCA2,1,59,1.3,-99,-99,N,
2022,10,1,1,0,3,2,A,AMCA2,2,67,1.2,-99,-99,N,
2022,10,1,1,0,3,3,A,AMCA2,1,66,2.2,-99,-99,N,
2022,10,1,1,0,3,4,B,ATPA4,1,34,0,-99,-99,N,
2022,10,1,1,0,3,7,A,POHY,1,24,0,-99,-99,N,
2022,10,1,1,0,3,7,A,AMCA2,2,26,0,-99,-99,N,
2022,10,1,1,0,3,7,A,AMCA2,3,36,0,-99,-99,Y,
2022,10,1,1,0,3,7,B,AMCA2,1,28,0,-99,-99,N,
2022,10,1,1,0,3,8,A,AMCA2,1,30,0,-99,-99,N,
2022,10,1,1,0,3,8,A,AMCA2,2,18,0,-99,-99,N,
2022,10,1,1,0,3,8,B,ATPA4,1,27,0,-99,-99,N,
2022,10,1,1,0,3,9,B,IVFR,1,96,7,-99,-99,N,
2022,10,1,1,0,3,10,B,POHY,1,20,0,-99,-99,N,
2022,10,1,1,0,3,10,C,KOVI,1,138,7.7,-99,-99,Y,
2022,10,1,1,0,3,10,C,KOVI,2,120,5.7,-99,-99,Y,
2022,10,1,1,0,3,10,C,KOVI,3,103,3.9,-99,-99,Y,
2022,10,1,1,0,3,10,C,KOVI,4,112,4.9,-99,-99,Y,
2022,10,0,1,0,3,14,NR,ATPA4,1,19,0,-99,-99,N,
2022,10,0,1,0,3,14,NR,KOVI,2,21,0,-99,-99,N,
2022,10,0,1,0,3,14,NR,KOVI,3,24,0,-99,-99,N,
2022,10,0,1,0,3,14,NR,KOVI,4,24,0,-99,-99,N,
2022,10,0,1,0,3,14,NR,POHY,5,67,1.7,-99,-99,N,
2022,11,1,0,0,1,1,A,AMCA2,1,70,1.7,-99,-99,Y,
2022,11,1,0,0,1,1,A,AMCA2,2,55,1.5,-99,-99,N,
2022,11,1,0,0,1,1,A,AMCA2,3,40,0,-99,-99,N,
2022,11,1,0,0,1,1,A,AMCA2,4,56,1.4,-99,-99,N,
2022,11,1,0,0,1,1,A,AMCA2,5,65,2.1,-99,-99,Y,
2022,11,1,0,0,1,1,A,AMCA2,6,43,1.6,-99,-99,C,
2022,11,1,0,0,1,1,A,AMCA2,7,52,1.2,-99,-99,Y,
2022,11,1,0,0,1,1,A,AMCA2,8,50,1.5,-99,-99,N,
2022,11,1,0,0,1,1,A,AMCA2,9,49,1,-99,-99,N,
2022,11,1,0,0,1,1,A,AMCA2,10,38,0,-99,-99,N,
2022,11,1,0,0,1,1,B,AMCA2,1,78,2,-99,-99,Y,
2022,11,1,0,0,1,1,E,ATPA4,1,36,0,-99,-99,N,
2022,11,1,0,0,1,2,A,AMCA2,1,56,1.6,-99,-99,N,
2022,11,1,0,0,1,2,A,AMCA2,2,50,1.1,-99,-99,N,
2022,11,1,0,0,1,2,A,AMCA2,3,31,0,-99,-99,N,
2022,11,1,0,0,1,2,A,AMCA2,4,36,0,-99,-99,N,
2022,11,1,0,0,1,4,A,POHY,1,46,1,-99,-99,Y,
2022,11,1,0,0,1,4,A,AMCA2,2,30,0,-99,-99,N,
2022,11,1,0,0,1,4,C,AMCA2,1,51,1.2,-99,-99,N,
2022,11,1,0,0,1,4,D,AMCA2,1,30,0,-99,-99,N,
2022,11,1,0,0,1,5,A,AMCA2,1,59,1.3,-99,-99,N,
2022,11,1,0,0,1,6,E,ATPA4,1,79,2.2,-99,-99,N,
2022,11,1,0,0,1,7,B,AMCA2,1,38,0,-99,-99,N,
2022,11,1,0,0,1,8,B,ATPA4,1,28,0,-99,-99,N,
2022,11,1,0,0,1,9,A,ATPA4,1,12,0,-99,-99,N,
2022,11,1,0,0,1,9,B,IVFR,1,116,7.7,-99,-99,N,
2022,11,1,0,0,1,9,B,ATPA4,2,54,0.9,-99,-99,N,
2022,11,1,0,0,1,10,C,AMCA2,1,35,0,-99,-99,N,
2022,11,1,0,0,1,10,D,ATPA4,1,72,1.3,-99,-99,N,
2022,11,1,0,0,1,10,E,AMCA2,1,20,0,-99,-99,N,
2022,11,0,0,0,1,13,PR,KOVI,1,152,8,-99,-99,Y,
2022,11,0,0,0,1,13,PR,KOVI,2,123,5.7,-99,-99,Y,
2022,11,0,0,0,1,13,PR,KOVI,3,112,4.5,-99,-99,Y,
2022,11,0,0,0,1,13,PR,KOVI,4,117,4.4,-99,-99,Y,
2022,11,0,0,0,1,13,PR,KOVI,5,65,2.3,-99,-99,N,
2022,11,0,0,0,1,13,PR,KOVI,6,138,6,-99,-99,Y,
2022,11,0,0,0,1,13,PR,KOVI,7,120,5.3,-99,-99,Y,
2022,11,0,0,0,1,16,NR,ATPA4,1,55,0.8,-99,-99,N,
2022,12,1,0,1,2,1,B,ATPA4,1,65,1.3,-99,-99,N,
2022,12,1,0,1,2,1,B,ATPA4,2,72,0.9,-99,-99,N,
2022,12,1,0,1,2,1,C,ATPA4,1,83,1.5,-99,-99,N,
2022,12,1,0,1,2,2,A,ATPA4,1,113,1.6,-99,-99,N,
2022,12,1,0,1,2,2,B,ATPA4,1,108,1.2,-99,-99,N,
2022,12,1,0,1,2,2,B,ATPA4,2,105,1.5,-99,-99,N,
2022,12,1,0,1,2,2,B,ATPA4,3,113,2.1,-99,-99,N,
2022,12,1,0,1,2,2,B,ATPA4,4,125,2.1,-99,-99,N,
2022,12,1,0,1,2,2,C,ATPA4,1,116,1.4,-99,-99,N,
2022,12,1,0,1,2,2,C,ATPA4,2,102,1.3,-99,-99,N,
2022,12,1,0,1,2,2,C,ATPA4,3,108,1.2,-99,-99,N,
2022,12,1,0,1,2,2,C,ATPA4,4,121,1.5,-99,-99,N,
2022,12,1,0,1,2,2,C,ATPA4,5,92,1.5,-99,-99,N,
2022,12,1,0,1,2,2,C,ATPA4,6,100,1.4,-99,-99,C,
2022,12,1,0,1,2,2,C,ATPA4,7,110,1.1,-99,-99,N,
2022,12,1,0,1,2,2,D,ATPA4,1,151,1.8,-99,-99,N,
2022,12,1,0,1,2,2,D,ATPA4,2,123,1.2,-99,-99,N,
2022,12,1,0,1,2,2,D,AMCA2,3,35,0,-99,-99,N,
2022,12,1,0,1,2,3,A,ATPA4,1,80,1.4,-99,-99,N,
2022,12,1,0,1,2,3,B,ATPA4,1,119,1.7,-99,-99,N,
2022,12,1,0,1,2,3,B,ATPA4,2,114,1.8,-99,-99,C,
2022,12,1,0,1,2,3,B,ATPA4,3,117,1.7,-99,-99,N,
2022,12,1,0,1,2,3,B,ATPA4,4,99,1.3,-99,-99,N,
2022,12,1,0,1,2,3,B,ATPA4,5,116,1,-99,-99,N,
2022,12,1,0,1,2,3,C,ATPA4,1,80,1,-99,-99,N,
2022,12,1,0,1,2,3,D,ATPA4,1,61,0.7,-99,-99,N,
2022,12,1,0,1,2,3,D,ATPA4,2,58,0.8,-99,-99,N,
2022,12,1,0,1,2,3,E,ATPA4,1,35,0,-99,-99,N,
2022,12,1,0,1,2,4,B,ATPA4,1,76,1,-99,-99,N,
2022,12,1,0,1,2,4,C,ATPA4,1,70,0.6,-99,-99,N,
2022,12,1,0,1,2,4,C,ATPA4,2,118,1.2,-99,-99,N,
2022,12,1,0,1,2,4,E,ATPA4,1,68,1,-99,-99,N,
2022,12,1,0,1,2,5,A,POHY,1,9,0,-99,-99,N,
2022,12,1,0,1,2,5,B,ATPA4,1,108,1.4,-99,-99,N,
2022,12,1,0,1,2,6,C,ATPA4,1,128,1.4,-99,-99,N,
2022,12,1,0,1,2,8,C,ATPA4,1,110,1,-99,-99,N,
2022,12,1,0,1,2,10,D,ATPA4,1,100,1.7,-99,-99,N,
2022,12,1,0,1,2,10,E,ATPA4,1,70,2,-99,-99,C,
2022,12,1,0,1,2,10,E,AMCA2,2,80,3.1,-99,-99,N,
2022,12,0,0,1,2,14,NR,ATPA4,1,78,1.4,-99,-99,N,
2022,12,0,0,1,2,14,NR,ATPA4,2,52,1,-99,-99,N,
2023,1,1,0,0,1,1,D,AMCA2,1,62,2.8,-99,-99,N,
2023,1,1,0,0,1,1,D,AMCA2,2,38,0,-99,-99,N,
2023,1,1,0,0,1,1,D,AMCA2,3,70,2.1,-99,-99,N,
2023,1,1,0,0,1,1,E,AMCA2,1,45,1.7,-99,-99,N,
2023,1,1,0,0,1,1,E,AMCA2,2,47,1.1,-99,-99,N,
2023,1,1,0,0,1,1,E,AMCA2,3,105,4.7,-99,-99,N,
2023,1,1,0,0,1,1,E,AMCA2,4,37,0,-99,-99,N,
2023,1,1,0,0,1,1,E,AMCA2,5,93,4.8,-99,-99,N,
2023,1,1,0,0,1,1,E,AMCA2,6,59,1.6,-99,-99,N,
2023,1,1,0,0,1,2,B,AMCA2,1,50,0,-99,-99,N,
2023,1,1,0,0,1,2,B,AMCA2,2,59,0,-99,-99,N,
2023,1,1,0,0,1,2,B,AMCA2,3,96,6.3,-99,-99,Y,
2023,1,1,0,0,1,2,B,AMCA2,4,57,2.5,-99,-99,Y,
2023,1,1,0,0,1,2,D,AMCA2,1,70,1.8,-99,-99,N,
2023,1,1,0,0,1,2,D,AMCA2,2,57,1.4,-99,-99,N,
2023,1,1,0,0,1,2,D,AMCA2,3,75,3.5,-99,-99,Y,
2023,1,1,0,0,1,2,D,AMCA2,4,64,2.2,-99,-99,N,
2023,1,1,0,0,1,2,D,AMCA2,5,62,2.1,-99,-99,N,
2023,1,1,0,0,1,3,A,AMCA2,1,116,5,-99,-99,Y,
2023,1,1,0,0,1,3,B,AMCA2,1,40,0,-99,-99,N,
2023,1,1,0,0,1,3,C,AMCA2,1,38,0,-99,-99,N,
2023,1,1,0,0,1,3,C,AMCA2,2,37,0,-99,-99,N,
2023,1,1,0,0,1,3,C,AMCA2,3,58,1.5,-99,-99,N,
2023,1,1,0,0,1,3,E,AMCA2,1,57,2.3,-99,-99,N,
2023,1,1,0,0,1,3,E,AMCA2,2,55,1.2,-99,-99,N,
2023,1,1,0,0,1,3,E,AMCA2,3,53,1.1,-99,-99,N,
2023,1,1,0,0,1,3,E,AMCA2,4,67,3.5,-99,-99,N,
2023,1,1,0,0,1,3,E,AMCA2,5,57,1.9,-99,-99,N,
2023,1,1,0,0,1,3,E,AMCA2,6,39,0,-99,-99,N,
2023,1,1,0,0,1,3,E,ATPA4,7,56,1,-99,-99,N,
2023,1,1,0,0,1,4,B,AMCA2,1,24,0,-99,-99,N,
2023,1,1,0,0,1,4,C,AMCA2,1,46,1.3,-99,-99,N,
2023,1,1,0,0,1,4,D,AMCA2,1,63,3.2,-99,-99,N,
2023,1,1,0,0,1,4,D,AMCA2,2,72,4.2,-99,-99,N,
2023,1,1,0,0,1,4,D,AMCA2,3,64,4.2,-99,-99,N,
2023,1,1,0,0,1,4,D,AMCA2,4,64,2.9,-99,-99,N,
2023,1,1,0,0,1,5,C,AMCA2,1,59,2,-99,-99,N,
2023,1,1,0,0,1,5,D,AMCA2,1,74,2,-99,-99,N,
2023,1,1,0,0,1,5,E,AMCA2,1,64,1.8,-99,-99,N,
2023,1,1,0,0,1,5,E,AMCA2,2,59,1.5,-99,-99,N,
2023,1,1,0,0,1,6,D,AMCA2,1,106,3.1,-99,-99,Y,
2023,1,1,0,0,1,6,E,AMCA2,1,73,4.3,-99,-99,Y,
2023,1,1,0,0,1,7,A,ATPA4,1,3.7,0,-99,-99,N,
2023,1,1,0,0,1,7,D,AMCA2,1,62,0,-99,-99,N,
2023,1,1,0,0,1,7,D,AMCA2,2,80,5.5,-99,-99,N,
2023,1,1,0,0,1,7,D,AMCA2,3,55,3.6,-99,-99,N,
2023,1,1,0,0,1,7,E,AMCA2,1,81,3,-99,-99,N,
2023,1,1,0,0,1,7,E,AMCA2,2,112,5,-99,-99,Y,
2023,1,1,0,0,1,7,E,AMCA2,3,70,4.1,-99,-99,N,
2023,1,1,0,0,1,7,E,AMCA2,4,74,3.9,-99,-99,N,
2023,1,1,0,0,1,7,E,AMCA2,5,53,2.7,-99,-99,N,
2023,1,1,0,0,1,7,E,AMCA2,6,80,3.6,-99,-99,N,
2023,1,1,0,0,1,7,E,AMCA2,7,71,2.7,-99,-99,Y,
2023,1,1,0,0,1,7,E,AMCA2,8,37,0,-99,-99,N,
2023,1,1,0,0,1,8,A,AMCA2,1,53,2.8,-99,-99,N,
2023,1,1,0,0,1,8,B,KOVI,1,115,5,-99,-99,Y,
2023,1,1,0,0,1,8,B,KOVI,2,135,7.1,-99,-99,Y,
2023,1,1,0,0,1,8,D,AMCA2,1,95,4.2,-99,-99,N,
2023,1,1,0,0,1,8,D,AMCA2,2,72,3.4,-99,-99,Y,
2023,1,1,0,0,1,8,E,AMCA2,1,60,4.4,-99,-99,N,
2023,1,1,0,0,1,8,E,AMCA2,2,56,0,-99,-99,N,
2023,1,1,0,0,1,8,E,AMCA2,3,81,2.8,-99,-99,Y,
2023,1,1,0,0,1,8,E,AMCA2,4,65,2.9,-99,-99,Y,
2023,1,1,0,0,1,8,E,AMCA2,5,69,2.9,-99,-99,Y,
2023,1,1,0,0,1,8,E,AMCA2,6,70,2,-99,-99,Y,
2023,1,1,0,0,1,9,B,IVFR,1,157,13.8,-99,-99,N,
2023,1,1,0,0,1,9,B,IVFR,2,130,6.3,-99,-99,N,
2023,1,1,0,0,1,9,B,IVFR,3,99,3.6,-99,-99,Y,
2023,1,1,0,0,1,9,B,IVFR,4,105,4,-99,-99,N,
2023,1,1,0,0,1,9,B,IVFR,5,85,3.2,-99,-99,N,
2023,1,1,0,0,1,9,C,IVFR,1,128,5.8,-99,-99,Y,
2023,1,1,0,0,1,9,C,IVFR,2,129,5.4,-99,-99,Y,
2023,1,1,0,0,1,9,C,IVFR,3,128,4.3,-99,-99,N,
2023,1,1,0,0,1,9,C,IVFR,4,92,3.9,-99,-99,N,
2023,1,1,0,0,1,9,C,IVFR,5,112,6.2,-99,-99,N,
2023,1,1,0,0,1,9,C,IVFR,6,108,9.1,-99,-99,N,
2023,1,1,0,0,1,9,C,IVFR,7,116,9.5,-99,-99,N,
2023,1,1,0,0,1,9,C,IVFR,8,111,4.8,-99,-99,N,
2023,1,1,0,0,1,9,C,IVFR,9,114,5.4,-99,-99,N,
2023,1,1,0,0,1,9,C,IVFR,10,136,9.3,-99,-99,Y,
2023,1,1,0,0,1,9,C,IVFR,11,100,7,-99,-99,N,
2023,1,1,0,0,1,9,C,AMCA2,12,104,3.2,-99,-99,Y,
2023,1,1,0,0,1,10,A,AMCA2,1,21,0,-99,-99,N,
2023,1,1,0,0,1,10,B,KOVI,1,65,3.3,-99,-99,N,
2023,1,1,0,0,1,10,C,AMCA2,1,114,5.4,-99,-99,Y,
2023,1,0,0,0,1,1,NR,IVFR,1,21,0,-99,-99,N,
2023,1,0,0,0,1,2,NR,KOVI,1,29,0,-99,-99,N,
2023,1,0,0,0,1,3,NR,IVFR,1,103,7.9,-99,-99,Y,
2023,1,0,0,0,1,1,PR,IVFR,1,21,0,-99,-99,N,
2023,1,0,0,0,1,1,PR,AMCA2,2,95,5.9,-99,-99,Y,
2023,1,0,0,0,1,3,PR,ATPA4,1,38,0,-99,-99,N,
2023,1,0,0,0,1,3,PR,ATPA4,2,38,0,-99,-99,N,
2023,2,1,1,0,3,1,A,ASTER,1,117,1.8,-99,-99,N,
2023,2,1,1,0,3,1,A,ASTER,2,87,1.5,-99,-99,N,
2023,2,1,1,0,3,1,A,ASTER,3,85,1.4,-99,-99,N,
2023,2,1,1,0,3,1,A,ASTER,4,82,1.4,-99,-99,N,
2023,2,1,1,0,3,1,A,ASTER,5,110,1.9,-99,-99,N,
2023,2,1,1,0,3,1,A,ASTER,6,100,1.9,-99,-99,C,
2023,2,1,1,0,3,1,A,ASTER,7,99,1.4,-99,-99,C,
2023,2,1,1,0,3,1,B,ASTER,1,103,1.8,-99,-99,N,
2023,2,1,1,0,3,1,B,ASTER,2,85,1.6,-99,-99,C,
2023,2,1,1,0,3,1,B,ASTER,3,90,1,-99,-99,N,
2023,2,1,1,0,3,1,B,ASTER,4,99,1.6,-99,-99,C,
2023,2,1,1,0,3,1,B,ASTER,5,117,2.5,-99,-99,N,
2023,2,1,1,0,3,1,B,ASTER,6,92,1.5,-99,-99,N,
2023,2,1,1,0,3,1,B,ASTER,7,67,0.9,-99,-99,N,
2023,2,1,1,0,3,1,B,ASTER,8,92,1.4,-99,-99,N,
2023,2,1,1,0,3,1,B,ASTER,9,92,1.4,-99,-99,N,
2023,2,1,1,0,3,1,B,ASTER,10,81,1,-99,-99,N,
2023,2,1,1,0,3,1,B,ASTER,11,79,1,-99,-99,N,
2023,2,1,1,0,3,1,B,ASTER,12,106,1.4,-99,-99,N,
2023,2,1,1,0,3,1,B,ASTER,13,107,1.5,-99,-99,N,
2023,2,1,1,0,3,1,B,ASTER,14,34,0,-99,-99,N,
2023,2,1,1,0,3,1,C,AMCA2,1,72,1,-99,-99,N,
2023,2,1,1,0,3,1,C,AMCA2,2,55,1.5,-99,-99,N,
2023,2,1,1,0,3,1,C,ATPA4,3,34,0,-99,-99,N,
2023,2,1,1,0,3,1,C,ASTER,4,129,1.9,-99,-99,N,
2023,2,1,1,0,3,1,C,ASTER,5,118,1.3,-99,-99,N,
2023,2,1,1,0,3,1,C,ASTER,6,114,1.5,-99,-99,N,
2023,2,1,1,0,3,1,C,ASTER,7,90,1.6,-99,-99,C,
2023,2,1,1,0,3,1,C,ASTER,8,87,1.6,-99,-99,C,
2023,2,1,1,0,3,1,C,AMCA2,9,45,0.8,-99,-99,N,
2023,2,1,1,0,3,1,C,ASTER,10,100,1.8,-99,-99,C,
2023,2,1,1,0,3,1,C,ASTER,11,70,0.8,-99,-99,N,
2023,2,1,1,0,3,1,C,AMCA2,12,40,0,-99,-99,N,
2023,2,1,1,0,3,1,C,AMCA2,13,34,0,-99,-99,N,
2023,2,1,1,0,3,1,C,AMCA2,14,37,0,-99,-99,N,
2023,2,1,1,0,3,1,C,ASTER,15,80,1.4,-99,-99,C,
2023,2,1,1,0,3,1,C,AMCA2,16,73,0.9,-99,-99,N,
2023,2,1,1,0,3,1,C,AMCA2,17,51,1.4,-99,-99,N,
2023,2,1,1,0,3,1,D,AMCA2,1,36,0,-99,-99,N,
2023,2,1,1,0,3,2,E,SPCY,1,250,9.8,-99,-99,N,
2023,2,1,1,0,3,3,A,AMCA2,1,52,2.5,-99,-99,N,
2023,2,1,1,0,3,3,A,AMCA2,2,48,0,-99,-99,Y,
2023,2,1,1,0,3,3,B,KOVI,1,172,9.5,-99,-99,Y,
2023,2,1,1,0,3,3,C,KOVI,1,156,5.7,-99,-99,Y,
2023,2,1,1,0,3,3,C,KOVI,2,152,6.2,-99,-99,Y,
2023,2,1,1,0,3,3,C,KOVI,3,115,2.6,-99,-99,Y,
2023,2,1,1,0,3,3,C,KOVI,4,105,3.1,-99,-99,N,
2023,2,1,1,0,3,3,C,KOVI,5,118,2.5,-99,-99,N,
2023,2,1,1,0,3,3,D,KOVI,1,128,6.2,-99,-99,F,
2023,2,1,1,0,3,3,D,KOVI,2,144,7.2,-99,-99,F,
2023,2,1,1,0,3,4,C,KOVI,1,152,5.1,-99,-99,Y,
2023,2,1,1,0,3,4,C,KOVI,2,122,4.3,-99,-99,N,
2023,2,1,1,0,3,4,C,KOVI,3,92,2.5,-99,-99,N,
2023,2,1,1,0,3,4,C,KOVI,4,120,4.8,-99,-99,Y,
2023,2,1,1,0,3,4,D,AMCA2,1,84,2.6,-99,-99,N,
2023,2,1,1,0,3,4,D,KOVI,2,110,3,-99,-99,F,
2023,2,1,1,0,3,5,A,IVFR,1,191,10.3,-99,-99,N,
2023,2,1,1,0,3,5,B,KOVI,1,94,3.6,-99,-99,N,
2023,2,1,1,0,3,5,B,KOVI,2,146,4.9,-99,-99,Y,
2023,2,1,1,0,3,5,C,KOVI,1,136,4.9,-99,-99,Y,
2023,2,1,1,0,3,5,C,KOVI,2,104,3.7,-99,-99,N,
2023,2,1,1,0,3,5,C,SPCY,3,230,5.3,-99,-99,N,
2023,2,1,1,0,3,6,B,IVFR,1,215,13.2,-99,-99,N,
2023,2,1,1,0,3,6,B,IVFR,2,125,4.9,-99,-99,C,
2023,2,1,1,0,3,6,B,IVFR,3,120,5.3,-99,-99,C,
2023,2,1,1,0,3,7,B,SPCY,1,200,6,-99,-99,N,
2023,2,1,1,0,3,7,D,SPCY,1,220,5.9,-99,-99,N,
2023,2,1,1,0,3,8,B,IVFR,1,49,7.3,-99,-99,N,
2023,2,1,1,0,3,9,A,AMCA2,1,91,3.8,-99,-99,C,
2023,2,1,1,0,3,9,A,AMCA2,2,66,3,-99,-99,C,
2023,2,1,1,0,3,9,A,AMCA2,3,95,4.2,-99,-99,N,
2023,2,1,1,0,3,9,A,AMCA2,4,97,3.7,-99,-99,C,
2023,2,1,1,0,3,9,B,AMCA2,1,125,5.5,-99,-99,Y,
2023,2,1,1,0,3,9,B,KOVI,2,93,3,-99,-99,Y,
2023,2,1,1,0,3,9,B,AMCA2,3,99,5.1,-99,-99,C,
2023,2,1,1,0,3,9,B,KOVI,4,84,3,-99,-99,C,
2023,2,1,1,0,3,9,B,SPCY,5,220,7.1,-99,-99,N,
2023,2,1,1,0,3,9,C,AMCA2,1,67,0,-99,-99,N,
2023,2,1,1,0,3,10,A,AMCA2,1,113,6.3,-99,-99,C,
2023,2,1,1,0,3,10,A,AMCA2,2,95,4,-99,-99,C,
2023,2,1,1,0,3,10,A,AMCA2,3,93,4.2,-99,-99,Y,
2023,2,1,1,0,3,10,B,KOVI,1,150,8.7,-99,-99,Y,
2023,2,1,1,0,3,10,B,KOVI,2,139,6.8,-99,-99,Y,
2023,2,1,1,0,3,10,B,KOVI,3,181,3.8,-99,-99,Y,
2023,2,1,1,0,3,10,B,KOVI,4,50,2.6,-99,-99,N,
2023,2,1,1,0,3,10,B,KOVI,5,140,6.4,-99,-99,Y,
2023,2,1,1,0,3,10,B,KOVI,6,157,9,-99,-99,N,
2023,2,1,1,0,3,10,B,AMCA2,7,90,3.9,-99,-99,C,
2023,2,1,1,0,3,10,B,AMCA2,8,48,4,-99,-99,C,
2023,2,1,1,0,3,10,B,SPCY,9,120,8.4,-99,-99,N,
2023,2,1,1,0,3,10,C,AMCA2,1,90,4.9,-99,-99,C,
2023,2,1,1,0,3,10,C,AMCA2,2,158,7.3,-99,-99,Y,
2023,2,1,1,0,3,10,D,AMCA2,1,104,5.3,-99,-99,N,
2023,2,1,1,0,3,10,D,AMCA2,2,50,5.8,-99,-99,C,
2023,2,1,1,0,3,10,D,AMCA2,3,80,3.6,-99,-99,N,
2023,2,1,1,0,3,10,D,AMCA2,4,75,4.5,-99,-99,N,
2023,2,1,1,0,3,10,D,AMCA2,5,83,3.4,-99,-99,N,
2023,2,1,1,0,3,10,D,AMCA2,6,95,4.4,-99,-99,C,
2023,2,1,1,0,3,10,D,AMCA2,7,50,1.7,-99,-99,N,
2023,2,0,1,0,3,1,NR,POHY,1,18,0,-99,-99,N,
2023,2,0,1,0,3,2,NR,IVFR,1,37,0,-99,-99,N,
2023,2,0,1,0,3,2,NR,POHY,2,38,0,-99,-99,N,
2023,2,0,1,0,3,2,NR,KOVI,3,32,0,-99,-99,N,
2023,2,0,1,0,3,2,NR,SCRO5,4,160,5.5,-99,-99,N,
2023,2,0,1,0,3,3,NR,AMCA2,1,58,3.4,-99,-99,N,
2023,2,0,1,0,3,3,NR,IVFR,2,34,0,-99,-99,N,
2023,2,0,1,0,3,1,PR,SPCY,1,225,5.9,-99,-99,N,
2023,2,0,1,0,3,2,PR,SPCY,1,140,2.1,-99,-99,N,
2023,2,0,1,0,3,3,PR,SCRO5,1,140,4.3,-99,-99,N,
2023,3,1,0,1,2,1,C,AMCA2,1,90,4.3,-99,-99,N,
2023,3,1,0,1,2,1,C,AMCA2,2,117,6.2,-99,-99,N,
2023,3,1,0,1,2,1,C,AMCA2,3,98,4.7,-99,-99,N,
2023,3,1,0,1,2,1,C,AMCA2,4,106,4.5,-99,-99,N,
2023,3,1,0,1,2,2,B,AMCA2,1,107,5.6,-99,-99,N,
2023,3,1,0,1,2,2,B,AMCA2,2,105,5.1,-99,-99,N,
2023,3,1,0,1,2,2,B,AMCA2,3,105,5,-99,-99,N,
2023,3,1,0,1,2,2,B,AMCA2,4,84,3.5,-99,-99,N,
2023,3,1,0,1,2,2,B,AMCA2,5,90,4.2,-99,-99,N,
2023,3,1,0,1,2,2,B,AMCA2,6,97,3.8,-99,-99,C,
2023,3,1,0,1,2,2,B,AMCA2,7,110,6.5,-99,-99,N,
2023,3,1,0,1,2,2,B,AMCA2,8,94,3.5,-99,-99,N,
2023,3,1,0,1,2,2,B,AMCA2,9,96,4.4,-99,-99,N,
2023,3,1,0,1,2,2,B,AMCA2,10,91,3.9,-99,-99,N,
2023,3,1,0,1,2,2,B,AMCA2,11,82,3.4,-99,-99,N,
2023,3,1,0,1,2,3,D,AMCA2,1,116,4.5,-99,-99,N,
2023,3,1,0,1,2,3,D,AMCA2,2,99,3.7,-99,-99,N,
2023,3,1,0,1,2,3,D,AMCA2,3,97,3.5,-99,-99,N,
2023,3,1,0,1,2,3,D,AMCA2,4,130,5.1,-99,-99,Y,
2023,3,1,0,1,2,3,D,AMCA2,5,130,6.8,-99,-99,Y,
2023,3,1,0,1,2,3,D,AMCA2,6,83,3.2,-99,-99,N,
2023,3,1,0,1,2,3,D,AMCA2,7,111,4.4,-99,-99,Y,
2023,3,1,0,1,2,3,D,AMCA2,8,100,3.5,-99,-99,Y,
2023,3,1,0,1,2,3,D,AMCA2,9,85,4.1,-99,-99,N,
2023,3,1,0,1,2,3,D,AMCA2,10,89,4.9,-99,-99,N,
2023,3,1,0,1,2,3,D,AMCA2,11,85,4.8,-99,-99,N,
2023,3,1,0,1,2,3,E,AMCA2,1,116,4.6,-99,-99,Y,
2023,3,1,0,1,2,3,E,AMCA2,2,82,3.9,-99,-99,N,
2023,3,1,0,1,2,4,D,AMCA2,1,105,4.6,-99,-99,Y,
2023,3,1,0,1,2,4,D,AMCA2,2,121,5.6,-99,-99,Y,
2023,3,1,0,1,2,4,D,AMCA2,3,97,5,-99,-99,Y,
2023,3,1,0,1,2,4,D,AMCA2,4,130,5.4,-99,-99,Y,
2023,3,1,0,1,2,4,D,AMCA2,5,103,3.9,-99,-99,Y,
2023,3,1,0,1,2,4,D,AMCA2,6,90,3.6,-99,-99,N,
2023,3,1,0,1,2,4,D,AMCA2,7,118,5.3,-99,-99,Y,
2023,3,1,0,1,2,4,E,AMCA2,1,90,4.1,-99,-99,N,
2023,3,1,0,1,2,4,E,AMCA2,2,77,2.7,-99,-99,N,
2023,3,1,0,1,2,4,E,AMCA2,3,75,5.2,-99,-99,N,
2023,3,1,0,1,2,4,E,AMCA2,4,66,2.4,-99,-99,N,
2023,3,1,0,1,2,4,E,AMCA2,5,70,3.3,-99,-99,Y,
2023,3,1,0,1,2,4,E,AMCA2,6,65,2.3,-99,-99,N,
2023,3,1,0,1,2,4,E,AMCA2,7,60,2.1,-99,-99,N,
2023,3,1,0,1,2,5,A,AMCA2,1,145,5.6,-99,-99,Y,
2023,3,1,0,1,2,5,B,AMCA2,1,165,5,-99,-99,Y,
2023,3,1,0,1,2,5,B,AMCA2,2,132,4.1,-99,-99,Y,
2023,3,1,0,1,2,5,E,AMCA2,1,96,4.1,-99,-99,N,
2023,3,1,0,1,2,5,E,AMCA2,2,92,4.3,-99,-99,N,
2023,3,1,0,1,2,5,E,AMCA2,3,80,2.6,-99,-99,N,
2023,3,1,0,1,2,5,E,AMCA2,4,53,0,-99,-99,N,
2023,3,1,0,1,2,6,A,AMCA2,1,90,3.1,-99,-99,Y,
2023,3,1,0,1,2,9,B,AMCA2,1,125,4.3,-99,-99,Y,
2023,3,1,0,1,2,9,B,AMCA2,2,116,4.8,-99,-99,Y,
2023,3,1,0,1,2,9,B,AMCA2,3,93,3.5,-99,-99,Y,
2023,3,1,0,1,2,9,C,AMCA2,1,125,4.8,-99,-99,Y,
2023,3,1,0,1,2,9,C,AMCA2,2,102,3.7,-99,-99,Y,
2023,3,1,0,1,2,9,C,AMCA2,3,127,3.7,-99,-99,Y,
2023,3,1,0,1,2,10,A,AMCA2,1,127,5.6,-99,-99,Y,
2023,3,1,0,1,2,10,B,AMCA2,1,85,3.7,-99,-99,Y,
2023,3,1,0,1,2,10,B,AMCA2,2,88,3.8,-99,-99,Y,
2023,3,1,0,1,2,10,B,AMCA2,3,101,4.6,-99,-99,Y,
2023,3,1,0,1,2,10,B,AMCA2,4,81,3.2,-99,-99,N,
2023,3,1,0,1,2,10,B,AMCA2,5,105,3.7,-99,-99,Y,
2023,3,1,0,1,2,10,C,AMCA2,1,85,2.2,-99,-99,N,
2023,3,1,0,1,2,10,C,AMCA2,2,112,3.6,-99,-99,Y,
2023,3,1,0,1,2,10,C,AMCA2,3,121,5.7,-99,-99,Y,
2023,3,0,0,1,2,1,NR,AMCA2,1,103,3.7,-99,-99,Y,
2023,3,0,0,1,2,1,NR,AMCA2,2,130,8,-99,-99,N,
2023,3,0,0,1,2,1,PR,SPCY,1,182,4.2,-99,-99,N,
2023,3,0,0,1,2,2,PR,SPCY,1,29,8.8,-99,-99,N,
2023,4,1,1,1,4,3,D,SOSE,1,143,5.9,-99,-99,Y,
2023,4,1,1,1,4,3,E,SOSE,1,147,5.2,-99,-99,Y,
2023,4,1,1,1,4,3,E,SOSE,2,128,4.8,-99,-99,Y,
2023,4,1,1,1,4,3,E,SOSE,3,133,4.9,-99,-99,Y,
2023,4,1,1,1,4,4,A,KOVI,1,81,3.5,-99,-99,Y,
2023,4,1,1,1,4,4,A,KOVI,2,70,5.4,-99,-99,C,
2023,4,1,1,1,4,4,A,KOVI,3,73,3.3,-99,-99,Y,
2023,4,1,1,1,4,4,B,KOVI,1,79,3.4,-99,-99,Y,
2023,4,1,1,1,4,4,B,KOVI,2,71,3.4,-99,-99,Y,
2023,4,1,1,1,4,4,B,KOVI,3,99,7.3,-99,-99,Y,
2023,4,1,1,1,4,4,B,KOVI,4,85,3.6,-99,-99,Y,
2023,4,1,1,1,4,4,B,KOVI,5,54,2.2,-99,-99,N,
2023,4,1,1,1,4,4,D,SOSE,1,130,4.1,-99,-99,Y,
2023,4,1,1,1,4,4,D,SOSE,2,107,2.7,-99,-99,Y,
2023,4,1,1,1,4,4,D,SOSE,3,83,3.8,-99,-99,Y,
2023,4,1,1,1,4,4,D,SOSE,4,158,4.2,-99,-99,Y,
2023,4,1,1,1,4,4,D,SOSE,5,135,3.6,-99,-99,Y,
2023,4,1,1,1,4,4,D,SOSE,6,131,6.1,-99,-99,Y,
2023,4,1,1,1,4,4,D,SOSE,7,92,3.1,-99,-99,Y,
2023,4,1,1,1,4,4,D,SOSE,8,172,5.3,-99,-99,Y,
2023,4,1,1,1,4,4,D,SOSE,9,162,5.1,-99,-99,Y,
2023,4,1,1,1,4,4,D,Pick One,10,0,5,-99,-99,N,
2023,4,1,1,1,4,4,E,SOSE,1,150,6.2,-99,-99,Y,
2023,4,1,1,1,4,4,E,SOSE,2,179,6.4,-99,-99,Y,
2023,4,1,1,1,4,4,E,SOSE,3,154,5.7,-99,-99,Y,
2023,4,1,1,1,4,5,B,KOVI,1,63,1.8,-99,-99,N,
2023,4,1,1,1,4,5,B,KOVI,2,155,6.8,-99,-99,Y,
2023,4,1,1,1,4,5,B,KOVI,3,160,6.1,-99,-99,Y,
2023,4,1,1,1,4,5,B,KOVI,4,145,7.4,-99,-99,Y,
2023,4,1,1,1,4,5,B,KOVI,5,120,5.2,-99,-99,C,
2023,4,1,1,1,4,5,B,KOVI,6,171,4.7,-99,-99,Y,
2023,4,1,1,1,4,5,C,SOSE,1,162,6.7,-99,-99,Y,
2023,4,1,1,1,4,5,C,SOSE,2,130,4.4,-99,-99,N,
2023,4,1,1,1,4,5,C,SOSE,3,111,3.8,-99,-99,N,
2023,4,1,1,1,4,5,C,SOSE,4,101,5,-99,-99,N,
2023,4,1,1,1,4,5,C,SOSE,5,77,1.4,-99,-99,N,
2023,4,1,1,1,4,5,C,SOSE,6,136,6.3,-99,-99,Y,
2023,4,1,1,1,4,5,C,SOSE,7,159,6.3,-99,-99,Y,
2023,4,1,1,1,4,5,C,SOSE,8,93,3.7,-99,-99,N,
2023,4,1,1,1,4,5,C,SOSE,9,105,2.8,-99,-99,N,
2023,4,1,1,1,4,5,C,SOSE,10,105,4.8,-99,-99,N,
2023,4,1,1,1,4,5,D,SOSE,1,105,2.4,-99,-99,N,
2023,4,1,1,1,4,6,B,KOVI,1,205,9.6,-99,-99,Y,
2023,4,1,1,1,4,6,C,SOSE,1,146,5.7,-99,-99,Y,
2023,4,1,1,1,4,6,D,SOSE,1,50,1.6,-99,-99,N,
2023,4,1,1,1,4,6,D,SOSE,2,143,5,-99,-99,Y,
2023,4,1,1,1,4,6,D,SOSE,3,85,3.8,-99,-99,N,
2023,4,1,1,1,4,6,D,SOSE,4,165,6.5,-99,-99,Y,
2023,4,1,1,1,4,6,D,SOSE,5,142,4.8,-99,-99,Y,
2023,4,1,1,1,4,6,E,KOVI,1,172,8,-99,-99,N,
2023,4,1,1,1,4,6,E,KOVI,2,170,10.7,-99,-99,Y,
2023,4,1,1,1,4,7,C,SOSE,1,159,6.7,-99,-99,Y,
2023,4,1,1,1,4,7,C,SOSE,2,117,4.1,-99,-99,N,
2023,4,1,1,1,4,7,C,SOSE,3,135,4.9,-99,-99,Y,
2023,4,1,1,1,4,7,C,SOSE,4,167,6.9,-99,-99,Y,
2023,4,1,1,1,4,7,C,SOSE,5,163,5,-99,-99,Y,
2023,4,1,1,1,4,7,D,SOSE,1,90,3.2,-99,-99,N,
2023,4,1,1,1,4,7,D,SOSE,2,170,7,-99,-99,Y,
2023,4,1,1,1,4,7,D,SOSE,3,140,6.6,-99,-99,N,
2023,4,1,1,1,4,7,D,SOSE,4,83,2.3,-99,-99,Y,
2023,4,1,1,1,4,7,D,SOSE,5,77,2.5,-99,-99,C,
2023,4,1,1,1,4,7,D,SOSE,6,120,4.7,-99,-99,Y,
2023,4,1,1,1,4,7,D,KOVI,7,80,1.9,-99,-99,C,
2023,4,1,1,1,4,7,E,KOVI,1,95,3.5,-99,-99,Y,
2023,4,1,1,1,4,8,C,SOSE,1,133,4.6,-99,-99,N,
2023,4,1,1,1,4,8,D,SOSE,1,140,5.8,-99,-99,Y,
2023,4,1,1,1,4,8,D,SOSE,2,125,5.4,-99,-99,Y,
2023,4,1,1,1,4,9,A,SOSE,1,102,2.5,-99,-99,N,
2023,4,1,1,1,4,9,A,SOSE,2,75,2,-99,-99,C,
2023,4,1,1,1,4,9,A,SOSE,3,40,0,-99,-99,N,
2023,4,1,1,1,4,9,A,SOSE,4,60,2.6,-99,-99,N,
2023,4,1,1,1,4,9,B,SOSE,1,84,2.8,-99,-99,N,
2023,4,1,1,1,4,10,A,SOSE,1,139,5.5,-99,-99,N,
2023,4,1,1,1,4,10,A,SOSE,2,106,3.3,-99,-99,N,
2023,4,1,1,1,4,10,A,SOSE,3,77,1.9,-99,-99,N,
2023,4,1,1,1,4,10,A,SOSE,4,110,3.6,-99,-99,Y,
2023,4,1,1,1,4,10,A,SOSE,5,113,3.8,-99,-99,Y,
2023,4,1,1,1,4,10,A,SOSE,6,70,2.6,-99,-99,N,
2023,4,1,1,1,4,10,A,SOSE,7,92,3.1,-99,-99,C,
2023,4,1,1,1,4,10,A,SOSE,8,100,2.9,-99,-99,Y,
2023,4,1,1,1,4,10,B,Pick One,1,80,3.2,-99,-99,N,
2023,4,1,1,1,4,10,B,Pick One,2,54,4.1,-99,-99,N,
2023,4,1,1,1,4,10,B,Pick One,3,96,2.9,-99,-99,Y,
2023,4,1,1,1,4,10,B,Pick One,4,80,3.4,-99,-99,Y,
2023,4,1,1,1,4,10,B,Pick One,5,117,5.3,-99,-99,Y,
2023,4,1,1,1,4,10,B,Pick One,6,130,5.2,-99,-99,Y,
2023,4,1,1,1,4,10,B,Pick One,7,77,3.2,-99,-99,Y,
2023,4,1,1,1,4,10,B,Pick One,8,135,5.1,-99,-99,N,
2023,4,1,1,1,4,10,B,Pick One,9,134,4.9,-99,-99,C,
2023,4,1,1,1,4,10,B,Pick One,10,104,3,-99,-99,N,
2023,4,1,1,1,4,10,B,Pick One,11,85,2.9,-99,-99,N,
2023,4,1,1,1,4,10,B,Pick One,12,75,3,-99,-99,Y,
2023,4,1,1,1,4,10,B,Pick One,13,95,2.8,-99,-99,N,
2023,4,1,1,1,4,10,B,Pick One,14,80,4,-99,-99,N,
2023,4,1,1,1,4,10,B,Pick One,15,135,4,-99,-99,Y,
2023,4,1,1,1,4,10,B,Pick One,16,136,5.1,-99,-99,Y,
2023,4,1,1,1,4,10,B,Pick One,17,150,5.8,-99,-99,Y,
2023,4,1,1,1,4,10,C,SOSE,1,180,5.1,-99,-99,Y,
2023,4,1,1,1,4,10,C,SOSE,2,128,4.1,-99,-99,Y,
2023,4,1,1,1,4,10,E,KOVI,1,115,3.5,-99,-99,Y,
2023,4,1,1,1,4,10,E,KOVI,2,207,9.8,-99,-99,Y,
2023,4,0,1,1,4,3,PR,KOVI,1,78,3.4,-99,-99,N,
2023,4,0,1,1,4,3,PR,KOVI,2,37,0,-99,-99,N,
2023,5,1,1,0,3,1,C,AMCA2,1,69,1.9,-99,-99,N,
2023,5,1,1,0,3,1,D,AMCA2,1,88,2.5,-99,-99,Y,
2023,5,1,1,0,3,1,D,AMCA2,2,47,0.9,-99,-99,Y,
2023,5,1,1,0,3,2,C,AMCA2,1,79,2.7,-99,-99,Y,
2023,5,1,1,0,3,3,C,KOVI,1,109,4.6,-99,-99,Y,
2023,5,1,1,0,3,3,C,KOVI,2,127,6,-99,-99,Y,
2023,5,1,1,0,3,3,C,KOVI,3,73,2.3,-99,-99,N,
2023,5,1,1,0,3,3,D,KOVI,1,107,4.8,-99,-99,Y,
2023,5,1,1,0,3,3,D,KOVI,2,105,4.2,-99,-99,Y,
2023,5,1,1,0,3,4,A,AMCA2,1,70,3.4,-99,-99,N,
2023,5,1,1,0,3,4,A,AMCA2,2,87,4.4,-99,-99,Y,
2023,5,1,1,0,3,4,A,AMCA2,3,37,0,-99,-99,N,
2023,5,1,1,0,3,4,A,AMCA2,4,20,0,-99,-99,N,
2023,5,1,1,0,3,4,A,AMCA2,5,23,0,-99,-99,N,
2023,5,1,1,0,3,4,B,AMCA2,1,43,0,-99,-99,N,
2023,5,1,1,0,3,4,B,AMCA2,2,105,3.8,-99,-99,Y,
2023,5,1,1,0,3,4,B,ATPA4,3,50,0.1,-99,-99,Y,
2023,5,1,1,0,3,4,C,AMCA2,1,60,1.6,-99,-99,N,
2023,5,1,1,0,3,4,C,KOVI,2,121,3.9,-99,-99,Y,
2023,5,1,1,0,3,4,C,KOVI,3,182,6.4,-99,-99,Y,
2023,5,1,1,0,3,4,C,KOVI,4,112,3.9,-99,-99,Y,
2023,5,1,1,0,3,4,D,KOVI,1,145,5.7,-99,-99,Y,
2023,5,1,1,0,3,5,A,AMCA2,1,70,2.9,-99,-99,Y,
2023,5,1,1,0,3,5,A,ATPA4,2,63,1,-99,-99,N,
2023,5,1,1,0,3,5,A,ATPA4,3,69,1.2,-99,-99,Y,
2023,5,1,1,0,3,5,C,KOVI,1,105,4.2,-99,-99,Y,
2023,5,1,1,0,3,5,C,KOVI,2,142,4.9,-99,-99,Y,
2023,5,1,1,0,3,5,D,KOVI,1,116,3,-99,-99,N,
2023,5,1,1,0,3,5,D,KOVI,2,95,2.5,-99,-99,N,
2023,5,1,1,0,3,5,D,KOVI,3,187,8.1,-99,-99,Y,
2023,5,1,1,0,3,5,D,KOVI,4,179,7.3,-99,-99,Y,
2023,5,1,1,0,3,5,D,KOVI,5,70,1.4,-99,-99,N,
2023,5,1,1,0,3,5,D,KOVI,6,173,6.4,-99,-99,Y,
2023,5,1,1,0,3,5,D,KOVI,7,171,5.8,-99,-99,Y,
2023,5,1,1,0,3,5,D,KOVI,8,72,1.3,-99,-99,N,
2023,5,1,1,0,3,5,E,KOVI,1,157,7.4,-99,-99,N,
2023,5,1,1,0,3,6,D,KOVI,1,110,2.6,-99,-99,N,
2023,5,1,1,0,3,6,D,KOVI,2,165,5,-99,-99,Y,
2023,5,1,1,0,3,6,D,KOVI,3,123,3.6,-99,-99,Y,
2023,5,1,1,0,3,6,D,KOVI,4,194,2.1,-99,-99,Y,
2023,5,1,1,0,3,6,D,KOVI,5,126,2.8,-99,-99,Y,
2023,5,1,1,0,3,6,E,KOVI,1,129,4.6,-99,-99,Y,
2023,5,1,1,0,3,7,A,ATPA4,1,32,0,-99,-99,N,
2023,5,1,1,0,3,7,B,ATPA4,1,3,0,-99,-99,N,
2023,5,1,1,0,3,8,A,ATPA4,1,78,1.3,-99,-99,N,
2023,5,1,1,0,3,8,A,ATPA4,2,43,0.5,-99,-99,N,
2023,5,1,1,0,3,8,A,ATPA4,3,56,1,-99,-99,N,
2023,5,1,1,0,3,8,D,KOVI,1,34,0,-99,-99,N,
2023,5,1,1,0,3,9,C,KOVI,1,91,3.3,-99,-99,Y,
2023,6,1,0,1,2,1,B,AMCA2,1,64,2.3,-99,-99,N,
2023,6,1,0,1,2,1,C,AMCA2,1,92,2.6,-99,-99,Y,
2023,6,1,0,1,2,1,C,AMCA2,2,55,1.6,-99,-99,N,
2023,6,1,0,1,2,1,C,AMCA2,3,74,2.3,-99,-99,Y,
2023,6,1,0,1,2,1,C,AMCA2,4,78,2.4,-99,-99,Y,
2023,6,1,0,1,2,1,C,AMCA2,5,68,3.2,-99,-99,Y,
2023,6,1,0,1,2,1,C,AMCA2,6,63,1.9,-99,-99,Y,
2023,6,1,0,1,2,1,D,AMCA2,1,85,4.3,-99,-99,Y,
2023,6,1,0,1,2,1,D,AMCA2,2,101,5.4,-99,-99,Y,
2023,6,1,0,1,2,1,D,AMCA2,3,100,3.8,-99,-99,Y,
2023,6,1,0,1,2,1,D,AMCA2,4,193,7.9,-99,-99,Y,
2023,6,1,0,1,2,1,E,AMCA2,1,71,2.8,-99,-99,Y,
2023,6,1,0,1,2,1,E,AMCA2,2,67,3.4,-99,-99,Y,
2023,6,1,0,1,2,2,D,AMCA2,1,92,3.5,-99,-99,N,
2023,6,1,0,1,2,2,E,AMCA2,1,90,3.3,-99,-99,Y,
2023,6,1,0,1,2,3,D,AMCA2,1,77,3.7,-99,-99,N,
2023,6,1,0,1,2,3,D,AMCA2,2,82,2.4,-99,-99,N,
2023,6,1,0,1,2,7,B,AMCA2,1,53,1.3,-99,-99,N,
2023,6,1,0,1,2,7,D,ATPA4,1,40,0,-99,-99,N,
2023,6,1,0,1,2,8,E,ATPA4,1,44,0.5,-99,-99,N,
2023,6,1,0,1,2,9,D,IVFR,1,245,12.4,-99,-99,Y,
2023,6,1,0,1,2,9,E,IVFR,1,210,12.8,-99,-99,Y,
2023,6,1,0,1,2,9,E,IVFR,2,164,5.4,-99,-99,N,
2023,6,1,0,1,2,9,E,IVFR,3,135,12.2,-99,-99,Y,
2023,6,1,0,1,2,9,E,IVFR,4,163,10.4,-99,-99,C,
2023,6,1,0,1,2,10,C,IVFR,1,240,10,-99,-99,N,
2023,6,1,0,1,2,10,D,IVFR,1,182,5.9,-99,-99,N,
2023,6,1,0,1,2,10,D,IVFR,2,162,5,-99,-99,N,
2023,6,1,0,1,2,10,D,IVFR,3,182,6,-99,-99,N,
2023,6,1,0,1,2,10,D,IVFR,4,189,7.5,-99,-99,C,
2023,6,1,0,1,2,10,D,IVFR,5,179,5.2,-99,-99,N,
2023,6,1,0,1,2,10,D,IVFR,6,245,12.3,-99,-99,Y,
2023,6,1,0,1,2,10,E,IVFR,1,225,8.2,-99,-99,Y,
2023,6,1,0,1,2,10,E,IVFR,2,260,14,-99,-99,Y,
2023,7,1,1,1,4,2,E,AMCA2,1,54,1,-99,-99,N,
2023,8,1,0,0,1,1,A,AMCA2,1,65,1.8,-99,-99,N,
2023,8,1,0,0,1,1,C,AMCA2,1,49,0.5,-99,-99,N,
2023,8,1,0,0,1,1,D,AMCA2,1,15,0,-99,-99,N,
2023,8,1,0,0,1,4,D,ATPA4,1,50,1.5,-99,-99,Y,
2023,8,1,0,0,1,4,D,ATPA4,2,47,1.3,-99,-99,N,
2023,8,1,0,0,1,4,D,ATPA4,3,54,1.2,-99,-99,N,
2023,8,1,0,0,1,4,E,ATPA4,1,75,1.8,-99,-99,N,
2023,8,1,0,0,1,5,C,ATPA4,1,40,0,-99,-99,N,
2023,8,1,0,0,1,5,D,ATPA4,1,44,1.2,-99,-99,N,
2023,8,1,0,0,1,5,E,ATPA4,1,58,1.5,-99,-99,N,
2023,8,1,0,0,1,6,B,ATPA4,1,68,1,-99,-99,N,
2023,8,1,0,0,1,7,D,AMCA2,1,13,0,-99,-99,C,
2023,8,1,0,0,1,8,A,ATPA4,1,52,0.6,-99,-99,N,
2023,8,1,0,0,1,9,C,ATPA4,1,97,1.4,-99,-99,N,
2023,8,1,0,0,1,9,D,AMCA2,1,48,0.7,-99,-99,N,
2023,8,1,0,0,1,10,A,ATPA4,1,66,2,-99,-99,N,
2023,8,1,0,0,1,10,B,ATPA4,1,44,1,-99,-99,N,
2023,8,0,0,0,1,3,PR,AMCA2,1,54,1.5,-99,-99,N,
2023,9,1,1,1,4,1,B,AMCA2,1,86,4.9,-99,-99,N,
2023,9,1,1,1,4,2,A,AMCA2,1,82,2.7,-99,-99,N,
2023,9,1,1,1,4,2,B,AMCA2,1,114,5.5,-99,-99,Y,
2023,9,1,1,1,4,3,A,AMCA2,1,80,3.6,-99,-99,Y,
2023,9,1,1,1,4,3,B,AMCA2,1,91,3.8,-99,-99,N,
2023,9,1,1,1,4,3,B,AMCA2,2,98,6,-99,-99,Y,
2023,9,1,1,1,4,3,E,AMCA2,1,78,2.9,-99,-99,N,
2023,9,1,1,1,4,3,E,AMCA2,2,85,3.5,-99,-99,N,
2023,9,1,1,1,4,3,E,AMCA2,3,57,1.2,-99,-99,N,
2023,9,1,1,1,4,3,E,AMCA2,4,89,5.1,-99,-99,Y,
2023,9,1,1,1,4,3,E,AMCA2,5,96,4.8,-99,-99,Y,
2023,9,1,1,1,4,3,E,AMCA2,6,80,2.3,-99,-99,N,
2023,9,1,1,1,4,3,E,AMCA2,7,94,5.4,-99,-99,Y,
2023,9,1,1,1,4,3,E,AMCA2,8,64,1.7,-99,-99,N,
2023,9,1,1,1,4,4,A,AMCA2,1,100,4.2,-99,-99,N,
2023,9,1,1,1,4,4,D,AMCA2,1,111,5.2,-99,-99,N,
2023,9,1,1,1,4,4,D,AMCA2,2,143,10.7,-99,-99,Y,
2023,9,1,1,1,4,4,E,AMCA2,1,89,4.7,-99,-99,N,
2023,9,1,1,1,4,4,E,AMCA2,2,60,1.6,-99,-99,N,
2023,9,1,1,1,4,4,E,AMCA2,3,92,3.9,-99,-99,Y,
2023,9,1,1,1,4,4,E,AMCA2,4,92,2.9,-99,-99,Y,
2023,9,1,1,1,4,4,E,AMCA2,5,77,2.2,-99,-99,N,
2023,9,1,1,1,4,4,E,AMCA2,6,80,2.2,-99,-99,Y,
2023,9,1,1,1,4,5,A,AMCA2,1,114,5.6,-99,-99,Y,
2023,9,1,1,1,4,5,B,AMCA2,1,65,2.6,-99,-99,N,
2023,9,1,1,1,4,5,B,AMCA2,2,86,3.9,-99,-99,N,
2023,9,1,1,1,4,5,C,AMCA2,1,97,4.4,-99,-99,N,
2023,9,1,1,1,4,5,C,AMCA2,2,87,3.6,-99,-99,N,
2023,9,1,1,1,4,5,C,AMCA2,3,89,3.2,-99,-99,N,
2023,9,1,1,1,4,5,D,AMCA2,1,112,4.9,-99,-99,N,
2023,9,1,1,1,4,5,E,AMCA2,1,120,5.2,-99,-99,N,
2023,9,1,1,1,4,5,E,AMCA2,2,123,5.7,-99,-99,Y,
2023,9,1,1,1,4,5,E,AMCA2,3,156,7.9,-99,-99,Y,
2023,9,1,1,1,4,5,E,AMCA2,4,123,5.4,-99,-99,Y,
2023,9,1,1,1,4,5,E,AMCA2,5,95,3.1,-99,-99,N,
2023,9,1,1,1,4,5,E,AMCA2,6,59,1.6,-99,-99,N,
2023,9,1,1,1,4,5,E,AMCA2,7,94,3.1,-99,-99,N,
2023,9,1,1,1,4,5,E,AMCA2,8,95,3.5,-99,-99,Y,
2023,9,1,1,1,4,5,E,AMCA2,9,90,2.5,-99,-99,N,
2023,9,1,1,1,4,5,E,AMCA2,10,122,5.3,-99,-99,N,
2023,9,1,1,1,4,6,A,AMCA2,1,72,2,-99,-99,N,
2023,9,1,1,1,4,6,A,AMCA2,2,55,1.3,-99,-99,N,
2023,9,1,1,1,4,6,A,AMCA2,3,79,2.6,-99,-99,N,
2023,9,1,1,1,4,6,B,AMCA2,1,121,7.6,-99,-99,Y,
2023,9,1,1,1,4,6,B,AMCA2,2,103,4.3,-99,-99,Y,
2023,9,1,1,1,4,6,E,AMCA2,1,159,9.9,-99,-99,Y,
2023,9,1,1,1,4,6,E,AMCA2,2,93,4.4,-99,-99,N,
2023,9,1,1,1,4,6,E,AMCA2,3,137,6,-99,-99,N,
2023,9,1,1,1,4,6,E,AMCA2,4,145,7.7,-99,-99,N,
2023,9,1,1,1,4,6,E,AMCA2,5,83,2.5,-99,-99,N,
2023,9,1,1,1,4,6,E,AMCA2,6,101,5.9,-99,-99,N,
2023,9,1,1,1,4,6,E,AMCA2,7,60,1.9,-99,-99,N,
2023,9,1,1,1,4,7,A,AMCA2,1,60,2.6,-99,-99,N,
2023,9,1,1,1,4,7,A,AMCA2,2,105,5,-99,-99,N,
2023,9,1,1,1,4,7,A,AMCA2,3,51,0.7,-99,-99,N,
2023,9,1,1,1,4,7,A,AMCA2,4,39,0,-99,-99,N,
2023,9,1,1,1,4,7,A,AMCA2,5,39,0,-99,-99,N,
2023,9,1,1,1,4,7,A,AMCA2,6,117,4.9,-99,-99,Y,
2023,9,1,1,1,4,7,A,AMCA2,7,77,3.4,-99,-99,N,
2023,9,1,1,1,4,7,B,AMCA2,1,109,5.5,-99,-99,N,
2023,9,1,1,1,4,7,E,AMCA2,1,104,3.3,-99,-99,N,
2023,9,1,1,1,4,7,E,AMCA2,2,84,2.7,-99,-99,N,
2023,9,1,1,1,4,8,A,AMCA2,1,118,7.6,-99,-99,N,
2023,9,1,1,1,4,8,A,AMCA2,2,120,5.2,-99,-99,N,
2023,9,1,1,1,4,8,A,AMCA2,3,83,2.2,-99,-99,N,
2023,9,1,1,1,4,8,A,AMCA2,4,80,2.3,-99,-99,N,
2023,9,1,1,1,4,8,A,AMCA2,5,133,7.5,-99,-99,N,
2023,9,1,1,1,4,8,A,AMCA2,6,153,9.7,-99,-99,N,
2023,9,1,1,1,4,8,B,AMCA2,1,82,2.1,-99,-99,N,
2023,9,1,1,1,4,8,B,AMCA2,2,146,7.8,-99,-99,N,
2023,9,1,1,1,4,8,C,AMCA2,1,76,2.3,-99,-99,N,
2023,9,1,1,1,4,8,C,AMCA2,2,81,4.6,-99,-99,N,
2023,9,1,1,1,4,8,C,AMCA2,3,81,4.6,-99,-99,N,
2023,9,1,1,1,4,8,C,AMCA2,4,36,1.2,-99,-99,N,
2023,9,1,1,1,4,8,E,AMCA2,1,92,3.4,-99,-99,N,
2023,9,1,1,1,4,8,E,AMCA2,2,93,3.3,-99,-99,N,
2023,9,1,1,1,4,8,E,AMCA2,3,49,1.3,-99,-99,N,
2023,9,1,1,1,4,9,C,AMCA2,1,69,2.1,-99,-99,N,
2023,9,1,1,1,4,9,D,AMCA2,1,114,5.5,-99,-99,N,
2023,9,1,1,1,4,9,D,AMCA2,2,109,5.3,-99,-99,N,
2023,9,1,1,1,4,9,D,AMCA2,3,52,1,-99,-99,N,
2023,9,1,1,1,4,10,A,AMCA2,1,105,5.1,-99,-99,Y,
2023,9,1,1,1,4,10,A,AMCA2,2,88,2.9,-99,-99,Y,
2023,9,1,1,1,4,10,A,AMCA2,3,89,3.4,-99,-99,N,
2023,9,1,1,1,4,10,B,AMCA2,1,48,1,-99,-99,N,
2023,9,1,1,1,4,10,B,AMCA2,2,56,1.6,-99,-99,N,
2023,9,1,1,1,4,10,B,AMCA2,3,64,1.7,-99,-99,Y,
2023,9,1,1,1,4,10,B,AMCA2,4,49,0.8,-99,-99,N,
2023,9,1,1,1,4,10,B,AMCA2,5,99,3.1,-99,-99,Y,
2023,9,1,1,1,4,10,B,AMCA2,6,51,0.9,-99,-99,N,
2023,9,1,1,1,4,10,C,AMCA2,1,65,1.6,-99,-99,N,
2023,9,1,1,1,4,10,C,AMCA2,2,73,2.6,-99,-99,N,
2023,9,1,1,1,4,10,C,AMCA2,3,118,6.8,-99,-99,N,
2023,9,1,1,1,4,10,C,AMCA2,4,68,1.4,-99,-99,N,
2023,9,1,1,1,4,10,C,AMCA2,5,104,5.1,-99,-99,Y,
2023,9,1,1,1,4,10,C,AMCA2,6,69,2.5,-99,-99,N,
2023,9,1,1,1,4,10,C,AMCA2,7,87,3.3,-99,-99,Y,
2023,9,1,1,1,4,10,C,AMCA2,8,77,2.4,-99,-99,N,
2023,9,1,1,1,4,10,C,AMCA2,9,57,1.4,-99,-99,N,
2023,9,1,1,1,4,10,C,AMCA2,10,80,2.2,-99,-99,N,
2023,9,1,1,1,4,10,C,AMCA2,11,81,2.5,-99,-99,N,
2023,9,1,1,1,4,10,C,AMCA2,12,72,1.8,-99,-99,N,
2023,9,1,1,1,4,10,C,AMCA2,13,112,6.7,-99,-99,Y,
2023,9,1,1,1,4,10,D,AMCA2,1,94,3.4,-99,-99,Y,
2023,9,1,1,1,4,10,D,AMCA2,2,98,3.8,-99,-99,N,
2023,9,1,1,1,4,10,D,AMCA2,3,96,2.7,-99,-99,Y,
2023,9,1,1,1,4,10,D,AMCA2,4,60,1.6,-99,-99,N,
2023,9,1,1,1,4,10,D,AMCA2,5,65,1.6,-99,-99,N,
2023,9,1,1,1,4,10,D,AMCA2,6,62,1.8,-99,-99,N,
2023,9,1,1,1,4,10,D,AMCA2,7,106,4.3,-99,-99,Y,
2023,9,1,1,1,4,10,E,AMCA2,1,55,1.3,-99,-99,N,
2023,9,1,1,1,4,10,E,AMCA2,2,65,2,-99,-99,N,
2023,9,1,1,1,4,10,E,AMCA2,3,98,4.7,-99,-99,N,
2023,10,1,1,0,3,1,E,IVFR,1,139,6.1,-99,-99,N,
2023,10,1,1,0,3,1,E,IVFR,2,129,2.3,-99,-99,N,
2023,10,1,1,0,3,9,B,IVFR,1,130,6.3,-99,-99,N,
2023,10,1,1,0,3,9,B,IVFR,2,93,3,-99,-99,N,
2023,10,1,1,0,3,10,A,ATPA4,1,57,1.4,-99,-99,N,
2023,10,1,1,0,3,10,C,KOVI,1,97,1.4,-99,-99,N,
2023,10,1,1,0,3,10,C,KOVI,2,101,5.6,-99,-99,N,
2023,10,1,1,0,3,10,C,KOVI,3,56,4.1,-99,-99,F,
2023,10,0,1,0,3,1,PR,IVFR,1,80,2.8,-99,-99,N,
2023,11,1,0,0,1,1,A,AMCA2,1,50,1.1,-99,-99,N,
2023,11,1,0,0,1,1,A,AMCA2,2,40,0,-99,-99,Y,
2023,11,1,0,0,1,1,B,AMCA2,1,65,1.6,-99,-99,N,
2023,11,1,0,0,1,1,B,AMCA2,2,32,0,-99,-99,N,
2023,11,1,0,0,1,1,B,AMCA2,3,33,0,-99,-99,N,
2023,11,1,0,0,1,1,B,AMCA2,4,48,1.2,-99,-99,N,
2023,11,1,0,0,1,1,B,AMCA2,5,45,1,-99,-99,N,
2023,11,1,0,0,1,1,B,AMCA2,6,55,1.4,-99,-99,N,
2023,11,1,0,0,1,1,B,AMCA2,7,34,0,-99,-99,N,
2023,11,1,0,0,1,1,B,AMCA2,8,33,0,-99,-99,N,
2023,11,1,0,0,1,1,B,AMCA2,9,25,0,-99,-99,N,
2023,11,1,0,0,1,1,B,AMCA2,10,26,0,-99,-99,N,
2023,11,1,0,0,1,1,B,AMCA2,11,83,3.6,-99,-99,N,
2023,11,1,0,0,1,1,E,AMCA2,1,63,2.3,-99,-99,N,
2023,11,1,0,0,1,2,E,AMCA2,1,23,0,-99,-99,N,
2023,11,1,0,0,1,3,A,AMCA2,1,86,3.4,-99,-99,Y,
2023,11,1,0,0,1,3,A,AMCA2,2,65,2,-99,-99,Y,
2023,11,1,0,0,1,3,A,AMCA2,3,36,0,-99,-99,N,
2023,11,1,0,0,1,3,A,AMCA2,4,61,1.5,-99,-99,Y,
2023,11,1,0,0,1,3,B,AMCA2,1,31,0,-99,-99,N,
2023,11,1,0,0,1,3,B,AMCA2,2,33,0,-99,-99,N,
2023,11,1,0,0,1,3,B,AMCA2,3,43,0.2,-99,-99,N,
2023,11,1,0,0,1,3,B,ATPA4,4,24,0,-99,-99,N,
2023,11,1,0,0,1,3,B,AMCA2,5,31,0,-99,-99,N,
2023,11,1,0,0,1,3,C,AMCA2,1,23,0,-99,-99,N,
2023,11,1,0,0,1,3,D,AMCA2,1,21,0,-99,-99,N,
2023,11,1,0,0,1,3,E,AMCA2,1,40,0,-99,-99,N,
2023,11,1,0,0,1,4,A,AMCA2,1,73,2.8,-99,-99,N,
2023,11,1,0,0,1,4,A,AMCA2,2,34,0,-99,-99,N,
2023,11,1,0,0,1,4,A,AMCA2,3,31,0,-99,-99,N,
2023,11,1,0,0,1,4,D,AMCA2,1,25,0,-99,-99,N,
2023,11,1,0,0,1,4,E,AMCA2,1,55,0.8,-99,-99,N,
2023,11,1,0,0,1,4,E,AMCA2,2,52,0.9,-99,-99,N,
2023,11,1,0,0,1,7,D,ATPA4,1,27,0,-99,-99,N,
2023,11,1,0,0,1,7,E,ATPA4,1,64,1.3,-99,-99,N,
2023,11,1,0,0,1,8,C,ATPA4,1,19,0,-99,-99,N,
2023,11,1,0,0,1,8,E,AMCA2,1,85,4.6,-99,-99,N,
2023,11,1,0,0,1,9,A,IVFR,1,103,3.9,-99,-99,N,
2023,11,1,0,0,1,9,B,IVFR,1,101,3.5,-99,-99,N,
2023,11,1,0,0,1,10,A,ATPA4,1,39,0,-99,-99,N,
2023,11,0,0,0,1,1,PR,AMCA2,1,32,0,-99,-99,N,
2023,11,0,0,0,1,3,PR,KOVI,1,79,2.5,-99,-99,N,
2023,11,0,0,0,1,3,PR,KOVI,2,85,3,-99,-99,N,
2023,11,0,0,0,1,3,PR,KOVI,3,115,4.5,-99,-99,Y,
2023,11,0,0,0,1,3,PR,KOVI,4,79,2.7,-99,-99,Y,
2023,11,0,0,0,1,3,PR,KOVI,5,132,5.6,-99,-99,Y,
2023,11,0,0,0,1,3,PR,KOVI,6,133,6.2,-99,-99,Y,
2023,11,0,0,0,1,3,PR,KOVI,7,97,3.3,-99,-99,Y,
2023,11,0,0,0,1,3,PR,ATPA4,8,34,0,-99,-99,N,
2023,12,1,0,1,2,5,C,ATPA4,1,33,0,-99,-99,N,
2023,12,1,0,1,2,6,A,ATPA4,1,75,1.4,-99,-99,N,
2023,12,1,0,1,2,6,B,ATPA4,1,95,1.4,-99,-99,N,
2023,12,1,0,1,2,6,E,AMCA2,1,109,4,-99,-99,Y,
2023,12,1,0,1,2,7,B,ATPA4,1,93,1.8,-99,-99,N,
2023,12,1,0,1,2,7,D,ATPA4,1,63,1,-99,-99,N,
2023,12,1,0,1,2,8,E,ATPA4,1,113,1.7,-99,-99,N,
2023,12,1,0,1,2,9,C,ATPA4,1,59,0.6,-99,-99,N,
2023,12,1,0,1,2,9,D,ATPA4,1,93,1.7,-99,-99,N,
2023,12,1,0,1,2,9,E,ATPA4,1,105,1.6,-99,-99,N,
2023,12,1,0,1,2,9,E,ATPA4,2,89,1.7,-99,-99,N,
2023,12,1,0,1,2,10,D,AMCA2,1,69,2.2,-99,-99,N,
2023,12,1,0,1,2,10,D,AMCA2,2,90,1.8,-99,-99,Y,
2023,12,1,0,1,2,10,D,ATPA4,3,91,1.9,-99,-99,N,
2023,12,1,0,1,2,10,D,ATPA4,4,91,1.9,-99,-99,N,
2023,12,1,0,1,2,10,D,ATPA4,5,101,1.4,-99,-99,N,
2023,12,1,0,1,2,10,E,AMCA2,1,55,1.4,-99,-99,N,
2023,12,1,0,1,2,10,E,AMCA2,2,55,2.5,-99,-99,N,
2023,12,0,0,1,2,1,NR,ATPA4,1,38,0,-99,-99,N,
2023,12,0,0,1,2,1,PR,AMCA2,1,37,0,-99,-99,N,
2024,1,1,0,0,1,1,D,AMCA2,1,89,3.5,-99,-99,N,
2024,1,1,0,0,1,2,B,SOSE,1,94,3.8,-99,-99,N,
2024,1,1,0,0,1,2,B,SOSE,2,68,3.6,-99,-99,N,
2024,1,1,0,0,1,2,B,SOSE,3,69,4.7,-99,-99,N,
2024,1,1,0,0,1,2,B,SOSE,4,116,4.7,-99,-99,N,
2024,1,1,0,0,1,2,B,SOSE,5,110,4.5,-99,-99,N,
2024,1,1,0,0,1,2,B,SOSE,6,102,4,-99,-99,N,
2024,1,1,0,0,1,2,B,SOSE,7,65,4.2,-99,-99,N,
2024,1,1,0,0,1,2,B,SOSE,8,122,6.2,-99,-99,N,
2024,1,1,0,0,1,2,B,SOSE,9,113,4.6,-99,-99,N,
2024,1,1,0,0,1,2,D,AMCA2,1,116,8.8,-99,-99,N,
2024,1,1,0,0,1,2,D,AMCA2,2,70,3.6,-99,-99,N,
2024,1,1,0,0,1,3,A,AMCA2,1,41,0.9,-99,-99,N,
2024,1,1,0,0,1,3,B,SOSE,1,115,4.2,-99,-99,N,
2024,1,1,0,0,1,3,B,SOSE,2,71,3.7,-99,-99,N,
2024,1,1,0,0,1,3,B,SOSE,3,95,4.9,-99,-99,N,
2024,1,1,0,0,1,3,B,SOSE,4,91,4.2,-99,-99,N,
2024,1,1,0,0,1,3,C,ATPA4,1,56,1.9,-99,-99,N,
2024,1,1,0,0,1,3,D,ATPA4,1,96,2.8,-99,-99,N,
2024,1,1,0,0,1,4,A,ATPA4,1,41,1.3,-99,-99,N,
2024,1,1,0,0,1,4,D,SOSE,1,69,0,-99,-99,N,
2024,1,1,0,0,1,4,D,SOSE,2,45,0,-99,-99,N,
2024,1,1,0,0,1,4,D,SOSE,3,53,0,-99,-99,N,
2024,1,1,0,0,1,4,E,SOSE,1,46,0,-99,-99,N,
2024,1,1,0,0,1,4,E,SOSE,2,43,0,-99,-99,N,
2024,1,1,0,0,1,5,A,POHY,1,19,0,-99,-99,N,
2024,1,1,0,0,1,5,B,IVFR,1,22,0,-99,-99,N,
2024,1,1,0,0,1,5,C,ATPA4,1,27,0,-99,-99,N,
2024,1,1,0,0,1,6,B,KOVI,1,28,0,-99,-99,N,
2024,1,1,0,0,1,6,D,SOSE,1,70,3.8,-99,-99,N,
2024,1,1,0,0,1,6,E,SOSE,1,48,2.1,-99,-99,N,
2024,1,1,0,0,1,6,E,SOSE,2,104,5.4,-99,-99,N,
2024,1,1,0,0,1,6,E,SOSE,3,91,3.1,-99,-99,N,
2024,1,1,0,0,1,6,E,SOSE,4,66,3.3,-99,-99,N,
2024,1,1,0,0,1,6,E,SOSE,5,110,4,-99,-99,N,
2024,1,1,0,0,1,6,E,SOSE,6,104,4.6,-99,-99,N,
2024,1,1,0,0,1,6,E,SOSE,7,64,2,-99,-99,N,
2024,1,1,0,0,1,7,B,KOVI,1,131,6.8,-99,-99,N,
2024,1,1,0,0,1,7,B,KOVI,2,94,4.6,-99,-99,N,
2024,1,1,0,0,1,7,D,SOSE,1,98,4,-99,-99,N,
2024,1,1,0,0,1,7,D,SOSE,2,106,4.2,-99,-99,N,
2024,1,1,0,0,1,7,D,SOSE,3,64,0,-99,-99,N,
2024,1,1,0,0,1,7,E,SOSE,1,72,8.2,-99,-99,N,
2024,1,1,0,0,1,7,E,SOSE,2,69,3,-99,-99,N,
2024,1,1,0,0,1,7,E,SOSE,3,125,5.8,-99,-99,N,
2024,1,1,0,0,1,7,E,SOSE,4,77,4.9,-99,-99,N,
2024,1,1,0,0,1,7,E,SOSE,5,112,6.8,-99,-99,N,
2024,1,1,0,0,1,7,E,SOSE,6,75,3.5,-99,-99,N,
2024,1,1,0,0,1,7,E,SOSE,7,51,4.6,-99,-99,N,
2024,1,1,0,0,1,7,E,SOSE,8,73,4.2,-99,-99,N,
2024,1,1,0,0,1,7,E,SOSE,9,51,0,-99,-99,N,
2024,1,1,0,0,1,7,E,SOSE,10,61,2.1,-99,-99,N,
2024,1,1,0,0,1,8,B,KOVI,1,119,6.1,-99,-99,N,
2024,1,1,0,0,1,8,B,KOVI,2,137,6.8,-99,-99,N,
2024,1,1,0,0,1,8,D,SOSE,1,80,0,-99,-99,N,
2024,1,1,0,0,1,8,E,SOSE,1,142,5.3,-99,-99,N,
2024,1,1,0,0,1,9,B,IVFR,1,145,15.5,-99,-99,N,
2024,1,1,0,0,1,9,B,IVFR,2,143,10.6,-99,-99,N,
2024,1,1,0,0,1,9,B,IVFR,3,125,4.9,-99,-99,N,
2024,1,1,0,0,1,9,B,IVFR,4,140,6.4,-99,-99,N,
2024,1,1,0,0,1,9,C,IVFR,1,136,8.9,-99,-99,N,
2024,1,1,0,0,1,9,C,IVFR,2,130,8,-99,-99,N,
2024,1,1,0,0,1,9,C,IVFR,3,143,9.2,-99,-99,N,
2024,1,1,0,0,1,9,C,IVFR,4,168,8,-99,-99,N,
2024,1,1,0,0,1,9,C,IVFR,5,131,5.6,-99,-99,N,
2024,1,1,0,0,1,9,C,IVFR,6,94,3.3,-99,-99,N,
2024,1,1,0,0,1,10,B,IVFR,1,107,4.9,-99,-99,N,
2024,1,1,0,0,1,10,B,KOVI,2,75,2.4,-99,-99,N,
2024,1,1,0,0,1,10,C,SOSE,1,70,3.3,-99,-99,N,
2024,1,1,0,0,1,10,C,SOSE,2,94,4.2,-99,-99,N,
2024,1,1,0,0,1,10,C,SOSE,3,59,0,-99,-99,N,
2024,1,1,0,0,1,10,C,IVFR,4,123,7.3,-99,-99,N,
2024,1,1,0,0,1,10,C,SOSE,5,65,2.7,-99,-99,N,
2024,1,1,0,0,1,10,D,POHY,1,89,2.6,-99,-99,N,
2024,1,0,0,0,1,1,NR,AMCA2,1,35,0,-99,-99,N,
2024,1,0,0,0,1,1,PR,AMCA2,1,159,15.2,-99,-99,N,
2024,1,0,0,0,1,3,PR,SPCY,1,235,6.3,-99,-99,N,
2024,2,1,1,0,3,1,E,SPCY,1,235,8.9,-99,-99,N,
2024,2,1,1,0,3,2,A,SPCY,1,105,2.1,-99,-99,N,
2024,2,1,1,0,3,2,C,KOVI,1,124,3.1,-99,-99,N,
2024,2,1,1,0,3,2,D,KOVI,1,110,2.7,-99,-99,N,
2024,2,1,1,0,3,3,C,KOVI,1,169,7.2,-99,-99,N,
2024,2,1,1,0,3,3,C,KOVI,2,131,4.9,-99,-99,N,
2024,2,1,1,0,3,3,C,KOVI,3,117,3.4,-99,-99,N,
2024,2,1,1,0,3,3,C,KOVI,4,162,5.2,-99,-99,N,
2024,2,1,1,0,3,3,C,KOVI,5,144,3.5,-99,-99,N,
2024,2,1,1,0,3,3,C,KOVI,6,155,5.3,-99,-99,N,
2024,2,1,1,0,3,3,C,KOVI,7,152,4.4,-99,-99,N,
2024,2,1,1,0,3,3,C,KOVI,8,131,3.3,-99,-99,N,
2024,2,1,1,0,3,3,C,KOVI,9,148,5.3,-99,-99,N,
2024,2,1,1,0,3,3,D,KOVI,1,126,3.5,-99,-99,N,
2024,2,1,1,0,3,3,D,KOVI,2,140,5.6,-99,-99,N,
2024,2,1,1,0,3,3,D,KOVI,3,140,5.3,-99,-99,N,
2024,2,1,1,0,3,3,D,KOVI,4,134,6.6,-99,-99,N,
2024,2,1,1,0,3,4,A,SPCY,1,235,7.6,-99,-99,N,
2024,2,1,1,0,3,4,B,KOVI,1,107,4.2,-99,-99,N,
2024,2,1,1,0,3,4,C,SPCY,1,215,4.5,-99,-99,N,
2024,2,1,1,0,3,5,A,IVFR,1,206,13.5,-99,-99,N,
2024,2,1,1,0,3,5,B,KOVI,1,128,4.4,-99,-99,N,
2024,2,1,1,0,3,5,B,KOVI,2,102,4.1,-99,-99,N,
2024,2,1,1,0,3,5,B,KOVI,3,113,3.5,-99,-99,N,
2024,2,1,1,0,3,5,B,KOVI,4,101,2.9,-99,-99,N,
2024,2,1,1,0,3,5,B,KOVI,5,125,4.8,-99,-99,N,
2024,2,1,1,0,3,5,B,IVFR,6,88,4.1,-99,-99,N,
2024,2,1,1,0,3,5,B,IVFR,7,192,7.2,-99,-99,N,
2024,2,1,1,0,3,5,B,IVFR,8,240,11,-99,-99,N,
2024,2,1,1,0,3,5,B,IVFR,9,230,17.5,-99,-99,N,
2024,2,1,1,0,3,5,C,KOVI,1,103,3.8,-99,-99,N,
2024,2,1,1,0,3,6,B,SPCY,2,245,8.8,-99,-99,N,
2024,2,1,1,0,3,6,B,IVFR,3,150,5.3,-99,-99,N,
2024,2,1,1,0,3,6,B,IVFR,4,126,6,-99,-99,N,
2024,2,1,1,0,3,6,B,IVFR,5,237,9.9,-99,-99,N,
2024,2,1,1,0,3,7,B,IVFR,1,105,0,-99,-99,N,
2024,2,1,1,0,3,8,A,IVFR,1,180,7.9,-99,-99,N,
2024,2,1,1,0,3,9,A,SPCY,1,250,9.1,-99,-99,N,
2024,2,1,1,0,3,9,A,SOSE,2,73,3.5,-99,-99,N,
2024,2,1,1,0,3,9,A,SOSE,3,51,1.8,-99,-99,N,
2024,2,1,1,0,3,9,A,SOSE,4,47,0,-99,-99,N,
2024,2,1,1,0,3,9,A,SOSE,5,46,1.9,-99,-99,N,
2024,2,1,1,0,3,9,A,KOVI,6,126,4.9,-99,-99,F,
2024,2,1,1,0,3,9,B,SPCY,1,222,6.5,-99,-99,N,
2024,2,1,1,0,3,9,B,SOSE,2,101,4.9,-99,-99,N,
2024,2,1,1,0,3,9,B,SOSE,3,96,4.3,-99,-99,N,
2024,2,1,1,0,3,9,C,SOSE,1,102,3.8,-99,-99,N,
2024,2,1,1,0,3,9,C,SOSE,2,56,0,-99,-99,N,
2024,2,1,1,0,3,9,C,SOSE,3,62,0,-99,-99,N,
2024,2,1,1,0,3,9,D,SOSE,1,51,0,-99,-99,N,
2024,2,1,1,0,3,10,A,SOSE,1,80,2.9,-99,-99,N,
2024,2,1,1,0,3,10,A,SOSE,2,57,0,-99,-99,N,
2024,2,1,1,0,3,10,A,KOVI,3,190,8.3,-99,-99,N,
2024,2,1,1,0,3,10,A,SOSE,4,30,0,-99,-99,N,
2024,2,1,1,0,3,10,B,KOVI,1,151,6,-99,-99,N,
2024,2,1,1,0,3,10,B,KOVI,2,136,6.6,-99,-99,N,
2024,2,1,1,0,3,10,B,KOVI,3,103,4.8,-99,-99,F,
2024,2,1,1,0,3,10,B,KOVI,4,116,4.3,-99,-99,N,
2024,2,1,1,0,3,10,B,KOVI,5,85,2.4,-99,-99,N,
2024,2,1,1,0,3,10,B,KOVI,6,102,4,-99,-99,N,
2024,2,1,1,0,3,10,B,KOVI,7,96,3.6,-99,-99,N,
2024,2,1,1,0,3,10,B,SOSE,8,69,6,-99,-99,N,
2024,2,1,1,0,3,10,B,SPCY,9,230,6.3,-99,-99,N,
2024,2,1,1,0,3,10,C,SPCY,1,167,7.8,-99,-99,N,
2024,2,1,1,0,3,10,D,SOSE,1,117,3.6,-99,-99,N,
2024,2,1,1,0,3,10,E,SPCY,1,255,7.1,-99,-99,N,
2024,2,0,1,0,3,1,NR,SOSE,1,104,8.4,-99,-99,N,
2024,2,0,1,0,3,1,NR,SOSE,2,101,5.4,-99,-99,N,
2024,2,0,1,0,3,1,NR,IVFR,3,64,2.7,-99,-99,N,
2024,2,0,1,0,3,2,NR,IVFR,1,54,1.9,-99,-99,N,
2024,2,0,1,0,3,2,NR,AMCA2,2,75,2.5,-99,-99,N,
2024,2,0,1,0,3,3,NR,AMCA2,1,106,6.6,-99,-99,N,
2024,2,0,1,0,3,3,NR,AMCA2,2,41,0.3,-99,-99,N,
2024,2,0,1,0,3,3,NR,AMCA2,3,29,0,-99,-99,N,
2024,2,0,1,0,3,3,NR,AMCA2,4,28,0,-99,-99,N,
2024,2,0,1,0,3,1,PR,SPCY,1,178,8.9,-99,-99,N,
2024,2,0,1,0,3,2,PR,SPCY,1,137,5.4,-99,-99,N,
2024,2,0,1,0,3,3,PR,SCRO5,1,222,8.9,-99,-99,N,
2024,2,0,1,0,3,3,PR,SCRO5,2,157,4.4,-99,-99,N,
2024,3,1,0,1,2,1,B,SOSE,1,53,0,-99,-99,N,
2024,3,1,0,1,2,1,C,SOSE,1,72,0,-99,-99,N,
2024,3,1,0,1,2,1,C,SOSE,2,103,3.5,-99,-99,N,
2024,3,1,0,1,2,1,C,SOSE,3,68,2.8,-99,-99,N,
2024,3,1,0,1,2,1,C,SOSE,4,95,3.6,-99,-99,N,
2024,3,1,0,1,2,1,C,SOSE,5,45,0,-99,-99,N,
2024,3,1,0,1,2,1,C,SOSE,6,30,0,-99,-99,N,
2024,3,1,0,1,2,2,C,SOSE,1,56,0,-99,-99,N,
2024,3,1,0,1,2,3,D,SOSE,1,77,2.7,-99,-99,N,
2024,3,1,0,1,2,3,E,SOSE,1,102,3.2,-99,-99,N,
2024,3,1,0,1,2,3,E,SOSE,2,93,3.2,-99,-99,N,
2024,3,1,0,1,2,4,D,SOSE,1,92,3,-99,-99,N,
2024,3,1,0,1,2,4,D,SOSE,2,89,2.6,-99,-99,N,
2024,3,1,0,1,2,4,D,SOSE,3,130,4.6,-99,-99,N,
2024,3,1,0,1,2,4,D,SOSE,4,136,7,-99,-99,N,
2024,3,1,0,1,2,4,D,SOSE,5,72,0,-99,-99,N,
2024,3,1,0,1,2,4,E,SOSE,1,139,5.5,-99,-99,N,
2024,3,1,0,1,2,4,E,SOSE,2,111,3.6,-99,-99,N,
2024,3,1,0,1,2,4,E,SOSE,3,83,2.8,-99,-99,N,
2024,3,1,0,1,2,4,E,SOSE,4,71,0,-99,-99,N,
2024,3,1,0,1,2,4,E,SOSE,5,50,0,-99,-99,N,
2024,3,1,0,1,2,5,A,SOSE,1,92,3.5,-99,-99,N,
2024,3,1,0,1,2,5,A,SOSE,2,25,0,-99,-99,F,
2024,3,1,0,1,2,5,B,SOSE,1,79,0,-99,-99,N,
2024,3,1,0,1,2,5,B,SOSE,2,73,0,-99,-99,N,
2024,3,1,0,1,2,5,B,SOSE,3,55,0,-99,-99,N,
2024,3,1,0,1,2,5,B,SOSE,4,43,0,-99,-99,N,
2024,3,1,0,1,2,5,E,SOSE,1,80,3.4,-99,-99,N,
2024,3,1,0,1,2,9,B,SOSE,1,69,3,-99,-99,N,
2024,3,1,0,1,2,10,B,SOSE,1,125,4.7,-99,-99,N,
2024,3,1,0,1,2,10,B,SOSE,2,106,5.4,-99,-99,N,
2024,3,1,0,1,2,10,B,SOSE,3,79,3.6,-99,-99,N,
2024,3,1,0,1,2,10,B,SOSE,4,70,3.1,-99,-99,N,
2024,3,1,0,1,2,10,B,SOSE,5,162,7.3,-99,-99,N,
2024,3,1,0,1,2,10,C,SOSE,1,65,4.5,-99,-99,N,
2024,3,1,0,1,2,10,C,SOSE,2,83,5,-99,-99,N,
2024,3,1,0,1,2,10,C,SOSE,3,131,5.1,-99,-99,N,
2024,3,0,0,1,2,1,NR,SOSE,1,57,0,-99,-99,N,
2024,3,0,0,1,2,3,NR,KOVI,1,90,2.7,-99,-99,F,
2024,4,1,1,1,4,3,B,KOVI,1,128,5.3,-99,-99,N,
2024,4,1,1,1,4,3,D,SOSE,1,95,4.3,-99,-99,N,
2024,4,1,1,1,4,3,D,SOSE,2,117,4.2,-99,-99,N,
2024,4,1,1,1,4,3,D,SOSE,3,131,6.4,-99,-99,N,
2024,4,1,1,1,4,3,D,SOSE,4,67,3.5,-99,-99,N,
2024,4,1,1,1,4,3,D,SOSE,5,40,1.4,-99,-99,N,
2024,4,1,1,1,4,3,E,SOSE,1,112,5.2,-99,-99,N,
2024,4,1,1,1,4,3,E,SOSE,2,74,3.1,-99,-99,N,
2024,4,1,1,1,4,3,E,SOSE,3,128,5.1,-99,-99,N,
2024,4,1,1,1,4,3,E,SOSE,4,68,5.1,-99,-99,N,
2024,4,1,1,1,4,3,E,SOSE,5,146,6.2,-99,-99,N,
2024,4,1,1,1,4,4,D,SOSE,1,149,5.1,-99,-99,N,
2024,4,1,1,1,4,4,D,SOSE,2,106,3.6,-99,-99,N,
2024,4,1,1,1,4,4,D,SOSE,3,68,2.8,-99,-99,N,
2024,4,1,1,1,4,4,D,SOSE,4,133,5.1,-99,-99,N,
2024,4,1,1,1,4,4,D,SOSE,5,142,5.5,-99,-99,N,
2024,4,1,1,1,4,4,E,SOSE,1,135,7.2,-99,-99,N,
2024,4,1,1,1,4,4,E,SOSE,2,146,5.3,-99,-99,N,
2024,4,1,1,1,4,4,E,SOSE,3,137,5.1,-99,-99,N,
2024,4,1,1,1,4,5,C,SOSE,1,92,3.5,-99,-99,N,
2024,4,1,1,1,4,5,C,SOSE,2,106,4.2,-99,-99,N,
2024,4,1,1,1,4,5,C,SOSE,3,80,4.8,-99,-99,N,
2024,4,1,1,1,4,5,C,SOSE,4,75,4.3,-99,-99,N,
2024,4,1,1,1,4,5,D,SOSE,1,132,5.5,-99,-99,N,
2024,4,1,1,1,4,6,C,SOSE,1,144,5.8,-99,-99,N,
2024,4,1,1,1,4,6,C,SOSE,2,147,5.7,-99,-99,N,
2024,4,1,1,1,4,6,C,SOSE,3,99,3,-99,-99,N,
2024,4,1,1,1,4,6,C,SOSE,4,91,3,-99,-99,N,
2024,4,1,1,1,4,6,C,SOSE,5,73,4.4,-99,-99,N,
2024,4,1,1,1,4,6,C,SOSE,6,104,4.7,-99,-99,N,
2024,4,1,1,1,4,6,C,SOSE,7,143,4.7,-99,-99,N,
2024,4,1,1,1,4,6,C,SOSE,8,87,2.7,-99,-99,N,
2024,4,1,1,1,4,6,C,SOSE,9,141,6.2,-99,-99,N,
2024,4,1,1,1,4,6,C,SOSE,10,113,4.4,-99,-99,N,
2024,4,1,1,1,4,6,C,SOSE,11,133,5.1,-99,-99,N,
2024,4,1,1,1,4,6,C,SOSE,12,94,4.9,-99,-99,N,
2024,4,1,1,1,4,6,C,SOSE,13,56,2.1,-99,-99,N,
2024,4,1,1,1,4,6,C,SOSE,14,149,5.5,-99,-99,N,
2024,4,1,1,1,4,6,C,SOSE,15,93,4.4,-99,-99,N,
2024,4,1,1,1,4,6,C,SOSE,16,60,2.9,-99,-99,N,
2024,4,1,1,1,4,6,D,SOSE,1,79,3.3,-99,-99,N,
2024,4,1,1,1,4,6,D,SOSE,2,76,3.6,-99,-99,N,
2024,4,1,1,1,4,6,D,SOSE,3,68,3.5,-99,-99,N,
2024,4,1,1,1,4,6,D,SOSE,4,98,5.2,-99,-99,N,
2024,4,1,1,1,4,6,D,SOSE,5,57,2.6,-99,-99,N,
2024,4,1,1,1,4,6,D,SOSE,6,104,3.1,-99,-99,N,
2024,4,1,1,1,4,7,C,SOSE,1,122,4.8,-99,-99,N,
2024,4,1,1,1,4,7,C,SOSE,2,88,4,-99,-99,N,
2024,4,1,1,1,4,7,C,SOSE,3,78,4,-99,-99,N,
2024,4,1,1,1,4,7,C,SOSE,4,48,2.9,-99,-99,N,
2024,4,1,1,1,4,7,C,SOSE,5,110,4.8,-99,-99,N,
2024,4,1,1,1,4,7,C,SOSE,6,104,4.6,-99,-99,N,
2024,4,1,1,1,4,7,C,SOSE,7,66,3.2,-99,-99,N,
2024,4,1,1,1,4,7,C,SOSE,8,66,2.4,-99,-99,N,
2024,4,1,1,1,4,8,D,AMCA2,1,61,2.2,-99,-99,N,
2024,4,1,1,1,4,9,A,SOSE,1,123,4.7,-99,-99,N,
2024,4,1,1,1,4,9,A,SOSE,2,105,4.6,-99,-99,N,
2024,4,1,1,1,4,9,A,SOSE,3,109,3.3,-99,-99,N,
2024,4,1,1,1,4,9,B,SOSE,1,78,3.3,-99,-99,N,
2024,4,1,1,1,4,9,B,SOSE,2,111,3.1,-99,-99,N,
2024,4,1,1,1,4,9,B,SOSE,3,125,3.1,-99,-99,N,
2024,4,1,1,1,4,9,B,SOSE,4,133,5.5,-99,-99,N,
2024,4,1,1,1,4,9,B,SOSE,5,175,5.1,-99,-99,N,
2024,4,1,1,1,4,9,B,SOSE,6,113,3.2,-99,-99,F,
2024,4,1,1,1,4,9,B,SOSE,7,117,3.6,-99,-99,N,
2024,4,1,1,1,4,10,A,SOSE,1,67,3.5,-99,-99,N,
2024,4,1,1,1,4,10,A,SOSE,2,150,4.6,-99,-99,N,
2024,4,1,1,1,4,10,B,SOSE,1,104,3.1,-99,-99,N,
2024,4,1,1,1,4,10,B,SOSE,2,106,5.8,-99,-99,N,
2024,4,1,1,1,4,10,B,SOSE,3,77,3,-99,-99,N,
2024,4,1,1,1,4,10,B,SOSE,4,126,3.6,-99,-99,N,
2024,4,1,1,1,4,10,B,SOSE,5,85,2.4,-99,-99,N,
2024,4,1,1,1,4,10,B,SOSE,6,94,4.9,-99,-99,N,
2024,4,1,1,1,4,10,B,SOSE,7,115,3.5,-99,-99,N,
2024,4,1,1,1,4,10,D,KOVI,1,138,4.2,-99,-99,N,
2024,4,1,1,1,4,10,D,KOVI,2,191,6.9,-99,-99,N,
2024,4,1,1,1,4,10,D,KOVI,3,147,5.5,-99,-99,N,
2024,4,1,1,1,4,10,E,KOVI,1,181,6.4,-99,-99,N,
2024,4,1,1,1,4,10,E,KOVI,2,218,9.6,-99,-99,N,
2024,4,0,1,1,4,1,NR,AMCA2,1,54,2.4,-99,-99,N,
2024,4,0,1,1,4,1,NR,AMCA2,2,32,0,-99,-99,N,
2024,4,0,1,1,4,2,NR,POHY,1,36,0,-99,-99,N,
2024,4,0,1,1,4,2,NR,POHY,2,29,0,-99,-99,N,
2024,5,1,1,0,3,4,C,KOVI,1,126,2.9,-99,-99,N,
2024,5,1,1,0,3,4,C,KOVI,2,118,3.8,-99,-99,N,
2024,5,1,1,0,3,4,C,KOVI,3,70,2.3,-99,-99,N,
2024,5,1,1,0,3,4,C,KOVI,4,117,5.1,-99,-99,N,
2024,5,1,1,0,3,4,D,KOVI,1,110,3.5,-99,-99,N,
2024,5,1,1,0,3,5,C,KOVI,1,103.5,2.5,-99,-99,N,
2024,5,1,1,0,3,5,C,KOVI,2,123,4.5,-99,-99,N,
2024,5,1,1,0,3,5,C,KOVI,3,140,5.1,-99,-99,N,
2024,5,1,1,0,3,5,C,KOVI,4,80,2.3,-99,-99,N,
2024,5,1,1,0,3,5,D,KOVI,1,110,3,-99,-99,N,
2024,5,1,1,0,3,5,D,KOVI,2,115,3.4,-99,-99,N,
2024,5,1,1,0,3,5,D,KOVI,3,135,4.8,-99,-99,N,
2024,5,1,1,0,3,5,D,KOVI,4,128,3.9,-99,-99,N,
2024,5,1,1,0,3,5,D,KOVI,5,139,5.7,-99,-99,N,
2024,5,1,1,0,3,5,D,KOVI,6,123,3.5,-99,-99,N,
2024,5,1,1,0,3,5,D,KOVI,7,135,4.9,-99,-99,N,
2024,5,1,1,0,3,5,D,KOVI,8,109,4.3,-99,-99,N,
2024,5,1,1,0,3,5,D,KOVI,9,120,5.5,-99,-99,N,
2024,5,1,1,0,3,5,D,KOVI,10,115,3.7,-99,-99,N,
2024,5,1,1,0,3,5,D,KOVI,11,110,2.9,-99,-99,N,
2024,5,1,1,0,3,6,C,KOVI,1,105,2.9,-99,-99,N,
2024,5,1,1,0,3,6,D,KOVI,1,142,4.7,-99,-99,N,
2024,5,1,1,0,3,6,D,KOVI,2,140,3.9,-99,-99,N,
2024,5,1,1,0,3,6,D,KOVI,3,130,3.5,-99,-99,N,
2024,5,1,1,0,3,6,D,KOVI,4,70,1.8,-99,-99,N,
2024,5,1,1,0,3,8,B,KOVI,1,118,4.2,-99,-99,N,
2024,5,0,1,0,3,2,NR,KOVI,1,25,0,-99,-99,N,
2024,6,1,0,1,2,8,E,IVFR,1,240,15.1,-99,-99,N,
2024,6,1,0,1,2,9,D,IVFR,1,78,2.9,-99,-99,N,
2024,6,1,0,1,2,9,D,IVFR,2,240,14.3,-99,-99,N,
2024,6,1,0,1,2,9,E,IVFR,1,270,19.7,-99,-99,N,
2024,6,1,0,1,2,9,E,IVFR,2,178,9.3,-99,-99,N,
2024,6,1,0,1,2,9,E,IVFR,3,108,3.6,-99,-99,N,
2024,6,1,0,1,2,9,E,IVFR,4,69,2.6,-99,-99,N,
2024,6,1,0,1,2,9,E,IVFR,5,162,5.8,-99,-99,N,
2024,6,1,0,1,2,10,C,IVFR,1,230,13.5,-99,-99,N,
2024,6,1,0,1,2,10,D,IVFR,1,90,3.2,-99,-99,N,
2024,6,1,0,1,2,10,D,IVFR,2,176,8.8,-99,-99,N,
2024,6,1,0,1,2,10,D,IVFR,3,162,11.4,-99,-99,N,
2024,6,1,0,1,2,10,D,IVFR,4,240,11.3,-99,-99,N,
2024,6,1,0,1,2,10,D,IVFR,5,230,11.5,-99,-99,N,
2024,6,1,0,1,2,10,D,IVFR,6,30,0,-99,-99,N,
2024,6,1,0,1,2,10,D,IVFR,7,19,0,-99,-99,N,
2024,6,1,0,1,2,10,D,IVFR,8,46,2.1,-99,-99,N,
2024,6,1,0,1,2,10,D,IVFR,9,78,3.7,-99,-99,F,
2024,6,1,0,1,2,10,E,IVFR,1,79,3.4,-99,-99,N,
2024,6,1,0,1,2,10,E,IVFR,2,220,10,-99,-99,N,
2024,6,1,0,1,2,10,E,IVFR,3,204,9.6,-99,-99,N,
2024,6,1,0,1,2,10,E,IVFR,4,105,4.2,-99,-99,N,
2024,6,1,0,1,2,10,E,IVFR,5,83,3.4,-99,-99,N,
2024,6,1,0,1,2,10,E,IVFR,6,210,8.7,-99,-99,N,
2024,6,1,0,1,2,10,E,IVFR,7,176,6.7,-99,-99,N,
2024,6,0,0,1,2,3,NR,AMCA2,1,51,1,-99,-99,N,
2024,6,0,0,1,2,3,NR,POHY,2,36,0,-99,-99,N,
2024,6,0,0,1,2,3,PR,SPCY,1,173,4.4,-99,-99,N,
2024,6,0,0,1,2,3,PR,SPCY,2,265,7.6,-99,-99,N,
2024,7,1,1,1,4,3,E,KOVI,1,8,0,-99,-99,N,
2024,7,1,1,1,4,4,D,AMCA2,1,47,5,-99,-99,F,
2024,7,1,1,1,4,4,E,AMCA2,1,122,3.9,-99,-99,N,
2024,7,1,1,1,4,7,B,POHY,1,38,0,-99,-99,N,
2024,7,0,1,1,4,1,NR,POHY,1,35,0,-99,-99,N,
2024,7,0,1,1,4,2,NR,POHY,1,52,0,-99,-99,N,
2024,7,0,1,1,4,3,NR,POHY,1,35,0,-99,-99,N,
2024,8,1,0,0,1,1,A,AMCA2,1,115,3.7,-99,-99,N,
2024,8,1,0,0,1,1,A,AMCA2,2,65,1.8,-99,-99,N,
2024,8,1,0,0,1,1,A,AMCA2,3,69,1.5,-99,-99,N,
2024,8,1,0,0,1,1,A,AMCA2,4,126,12.2,-99,-99,N,
2024,8,1,0,0,1,1,A,AMCA2,5,71,3,-99,-99,N,
2024,8,1,0,0,1,1,A,AMCA2,6,83,2.3,-99,-99,N,
2024,8,1,0,0,1,1,B,AMCA2,1,112,5.6,-99,-99,N,
2024,8,1,0,0,1,1,B,AMCA2,2,119,4,-99,-99,N,
2024,8,1,0,0,1,1,B,AMCA2,3,145,8.3,-99,-99,N,
2024,8,1,0,0,1,1,B,AMCA2,4,70,2,-99,-99,N,
2024,8,1,0,0,1,1,B,AMCA2,5,137,5.9,-99,-99,N,
2024,8,1,0,0,1,1,B,AMCA2,6,82,2.1,-99,-99,N,
2024,8,1,0,0,1,1,D,AMCA2,1,83,3.6,-99,-99,N,
2024,8,1,0,0,1,2,C,AMCA2,1,126,7,-99,-99,N,
2024,8,1,0,0,1,2,E,ATPA4,1,129,2.7,-99,-99,N,
2024,8,1,0,0,1,3,A,AMCA2,1,61,1.3,-99,-99,N,
2024,8,1,0,0,1,3,A,AMCA2,2,95,1.5,-99,-99,N,
2024,8,1,0,0,1,3,A,AMCA2,3,52,0.2,-99,-99,N,
2024,8,1,0,0,1,3,A,AMCA2,4,66,0.7,-99,-99,N,
2024,8,1,0,0,1,3,B,AMCA2,1,96,2.3,-99,-99,N,
2024,8,1,0,0,1,3,B,AMCA2,2,53,0.4,-99,-99,N,
2024,8,1,0,0,1,3,B,AMCA2,3,51,1.5,-99,-99,N,
2024,8,1,0,0,1,3,C,AMCA2,1,115,4.2,-99,-99,N,
2024,8,1,0,0,1,3,D,AMCA2,1,74,3,-99,-99,N,
2024,8,1,0,0,1,3,D,AMCA2,2,180,13.6,-99,-99,N,
2024,8,1,0,0,1,3,D,AMCA2,3,162,7.2,-99,-99,N,
2024,8,1,0,0,1,3,D,AMCA2,4,113,3.3,-99,-99,N,
2024,8,1,0,0,1,3,E,AMCA2,1,54,1.8,-99,-99,N,
2024,8,1,0,0,1,3,E,AMCA2,2,76,3.2,-99,-99,N,
2024,8,1,0,0,1,4,C,ATPA4,1,92,2.4,-99,-99,N,
2024,8,1,0,0,1,4,D,AMCA2,1,103,4.6,-99,-99,N,
2024,8,1,0,0,1,4,D,ATPA4,2,47,0.8,-99,-99,N,
2024,8,1,0,0,1,4,E,AMCA2,1,189,9,-99,-99,N,
2024,8,1,0,0,1,4,E,AMCA2,2,88,3.7,-99,-99,N,
2024,8,1,0,0,1,4,E,ATPA4,3,117,1.9,-99,-99,N,
2024,8,1,0,0,1,5,A,AMCA2,1,97,7.1,-99,-99,N,
2024,8,1,0,0,1,5,D,AMCA2,1,83,3.1,-99,-99,N,
2024,8,1,0,0,1,5,D,KOVI,2,37,0,-99,-99,N,
2024,8,1,0,0,1,5,D,AMCA2,3,60,0.9,-99,-99,N,
2024,8,1,0,0,1,6,B,POHY,1,54,1.3,-99,-99,N,
2024,8,1,0,0,1,6,B,KOVI,2,36,0,-99,-99,N,
2024,8,1,0,0,1,6,C,AMCA2,1,65,1.2,-99,-99,N,
2024,8,1,0,0,1,6,D,AMCA2,1,92,4.2,-99,-99,N,
2024,8,1,0,0,1,6,E,AMCA2,1,125,5.7,-99,-99,N,
2024,8,1,0,0,1,7,A,AMCA2,1,111,4.6,-99,-99,N,
2024,8,1,0,0,1,7,A,POHY,2,36,0,-99,-99,N,
2024,8,1,0,0,1,7,A,AMCA2,3,47,0.5,-99,-99,N,
2024,8,1,0,0,1,7,A,POHY,4,47,1,-99,-99,N,
2024,8,1,0,0,1,7,B,AMCA2,1,83,2.5,-99,-99,N,
2024,8,1,0,0,1,7,B,POHY,2,51,1.3,-99,-99,N,
2024,8,1,0,0,1,7,B,AMCA2,3,60,1.6,-99,-99,N,
2024,8,1,0,0,1,7,C,ATPA4,1,96,1.6,-99,-99,N,
2024,8,1,0,0,1,7,C,AMCA2,2,83,2.6,-99,-99,N,
2024,8,1,0,0,1,7,D,ATPA4,1,45,0.6,-99,-99,N,
2024,8,1,0,0,1,7,D,AMCA2,2,214,12.4,-99,-99,N,
2024,8,1,0,0,1,8,A,POHY,1,48,1.1,-99,-99,N,
2024,8,1,0,0,1,8,A,AMCA2,2,45,0.7,-99,-99,N,
2024,8,1,0,0,1,8,B,AMCA2,1,75,2.2,-99,-99,N,
2024,8,1,0,0,1,8,B,AMCA2,2,81,2.1,-99,-99,N,
2024,8,1,0,0,1,8,C,ATPA4,1,155,3.5,-99,-99,N,
2024,8,1,0,0,1,9,A,AMCA2,1,106,5.1,-99,-99,N,
2024,8,1,0,0,1,9,A,AMCA2,2,32,0,-99,-99,N,
2024,8,1,0,0,1,9,B,ATPA4,1,47,0.7,-99,-99,N,
2024,8,1,0,0,1,9,B,ATPA4,2,47,1.2,-99,-99,N,
2024,8,1,0,0,1,9,B,ATPA4,3,32,0,-99,-99,N,
2024,8,1,0,0,1,10,A,AMCA2,1,92,3.5,-99,-99,N,
2024,8,1,0,0,1,10,A,AMCA2,2,55,1.5,-99,-99,N,
2024,8,1,0,0,1,10,A,AMCA2,3,76,2.6,-99,-99,N,
2024,8,1,0,0,1,10,A,AMCA2,4,57,1,-99,-99,N,
2024,8,1,0,0,1,10,A,AMCA2,5,57,1.7,-99,-99,N,
2024,8,1,0,0,1,10,A,AMCA2,6,104,4.7,-99,-99,N,
2024,8,1,0,0,1,10,A,AMCA2,7,47,1,-99,-99,N,
2024,8,1,0,0,1,10,A,AMCA2,8,135,8.4,-99,-99,N,
2024,8,1,0,0,1,10,A,AMCA2,9,75,2.8,-99,-99,N,
2024,8,1,0,0,1,10,A,AMCA2,10,32,0,-99,-99,N,
2024,8,1,0,0,1,10,A,AMCA2,11,30,0,-99,-99,N,
2024,8,1,0,0,1,10,A,AMCA2,12,20,0,-99,-99,F,
2024,8,1,0,0,1,10,B,AMCA2,1,78,2.8,-99,-99,N,
2024,8,0,0,0,1,2,NR,AMCA2,1,126,8.4,-99,-99,N,
2024,8,0,0,0,1,2,NR,KOVI,2,27,0,-99,-99,N,
2024,8,0,0,0,1,3,NR,AMCA2,1,91,6.5,-99,-99,N,
2024,8,0,0,0,1,2,PR,AMCA2,1,61,1.6,-99,-99,N,
2024,8,0,0,0,1,2,PR,KOVI,2,34,0,-99,-99,N,
2024,9,1,1,1,4,1,A,AMCA2,1,137,8.2,-99,-99,N,
2024,9,1,1,1,4,1,A,AMCA2,2,55,2,-99,-99,N,
2024,9,1,1,1,4,1,A,AMCA2,3,77,3.1,-99,-99,N,
2024,9,1,1,1,4,1,B,AMCA2,1,19,0,-99,-99,N,
2024,9,1,1,1,4,1,B,AMCA2,2,40,0,-99,-99,N,
2024,9,1,1,1,4,1,B,AMCA2,3,150,5.7,-99,-99,N,
2024,9,1,1,1,4,1,B,AMCA2,4,75,2,-99,-99,N,
2024,9,1,1,1,4,1,B,AMCA2,5,97,2.5,-99,-99,N,
2024,9,1,1,1,4,1,B,AMCA2,6,87,2.4,-99,-99,N,
2024,9,1,1,1,4,1,B,AMCA2,7,114,3.5,-99,-99,N,
2024,9,1,1,1,4,1,B,AMCA2,8,72,2.6,-99,-99,N,
2024,9,1,1,1,4,1,B,AMCA2,9,107,3.7,-99,-99,N,
2024,9,1,1,1,4,1,B,AMCA2,10,63,3.1,-99,-99,N,
2024,9,1,1,1,4,1,C,AMCA2,1,103,5.3,-99,-99,N,
2024,9,1,1,1,4,1,C,AMCA2,2,93,3.7,-99,-99,N,
2024,9,1,1,1,4,1,C,AMCA2,3,65,1.6,-99,-99,N,
2024,9,1,1,1,4,2,A,AMCA2,1,80,2.6,-99,-99,N,
2024,9,1,1,1,4,3,A,AMCA2,1,98,4.3,-99,-99,N,
2024,9,1,1,1,4,3,E,AMCA2,1,82,2.3,-99,-99,N,
2024,9,1,1,1,4,4,D,AMCA2,1,135,4.4,-99,-99,N,
2024,9,1,1,1,4,4,D,AMCA2,2,92,2.6,-99,-99,N,
2024,9,1,1,1,4,4,E,AMCA2,1,139,7.5,-99,-99,N,
2024,9,1,1,1,4,4,E,AMCA2,2,56,1,-99,-99,N,
2024,9,1,1,1,4,4,E,AMCA2,3,60,1.2,-99,-99,N,
2024,9,1,1,1,4,5,D,AMCA2,1,143,7.9,-99,-99,N,
2024,9,1,1,1,4,5,D,AMCA2,2,97,4.6,-99,-99,N,
2024,9,1,1,1,4,5,D,AMCA2,3,129,6.3,-99,-99,N,
2024,9,1,1,1,4,5,D,AMCA2,4,52,1.5,-99,-99,N,
2024,9,1,1,1,4,7,A,AMCA2,1,84,3.8,-99,-99,N,
2024,9,1,1,1,4,7,E,AMCA2,1,208,17,-99,-99,N,
2024,9,1,1,1,4,7,E,AMCA2,2,139,9.1,-99,-99,N,
2024,9,1,1,1,4,7,E,AMCA2,3,110,3,-99,-99,N,
2024,9,1,1,1,4,8,A,AMCA2,1,149,12,-99,-99,N,
2024,9,1,1,1,4,8,A,AMCA2,2,33,0,-99,-99,N,
2024,9,1,1,1,4,8,C,POHY,1,80,2.1,-99,-99,N,
2024,9,1,1,1,4,8,D,AMCA2,1,51,0.9,-99,-99,N,
2024,9,1,1,1,4,9,C,AMCA2,1,106,4.7,-99,-99,N,
2024,9,1,1,1,4,9,C,AMCA2,2,81,3.9,-99,-99,N,
2024,9,1,1,1,4,9,C,AMCA2,3,60,2.1,-99,-99,N,
2024,9,1,1,1,4,9,C,AMCA2,4,83,5.1,-99,-99,N,
2024,9,1,1,1,4,9,C,AMCA2,5,33,0,-99,-99,N,
2024,9,1,1,1,4,10,A,AMCA2,1,58,1.8,-99,-99,N,
2024,9,1,1,1,4,10,A,AMCA2,2,105,4.7,-99,-99,N,
2024,9,1,1,1,4,10,B,AMCA2,1,66,2.7,-99,-99,N,
2024,9,1,1,1,4,10,B,AMCA2,2,106,4.5,-99,-99,N,
2024,9,1,1,1,4,10,B,AMCA2,3,45,1.1,-99,-99,N,
2024,9,1,1,1,4,10,C,AMCA2,1,90,3.5,-99,-99,N,
2024,9,1,1,1,4,10,C,AMCA2,2,115,8.4,-99,-99,N,
2024,9,1,1,1,4,10,C,AMCA2,3,45,0.8,-99,-99,N,
2024,9,1,1,1,4,10,D,AMCA2,1,86,3.6,-99,-99,N,
2024,9,0,1,1,4,2,NR,POHY,1,38,0,-99,-99,N,
2024,9,0,1,1,4,2,NR,POHY,2,35,0,-99,-99,N,
2024,9,0,1,1,4,3,NR,AMCA2,1,43,1,-99,-99,N,
2024,9,0,1,1,4,3,NR,POHY,2,40,0.9,-99,-99,N,
2024,9,0,1,1,4,3,NR,POHY,3,25,0,-99,-99,N,
2024,9,0,1,1,4,3,NR,POHY,4,31,0,-99,-99,N,
2024,9,0,1,1,4,3,PR,POHY,1,39,0,-99,-99,N,
2024,10,1,1,0,3,1,E,IVFR,1,147,9.1,-99,-99,N,
2024,10,1,1,0,3,7,A,AMCA2,1,34,0.6,-99,-99,N,
2024,10,1,1,0,3,7,C,POHY,1,25,0,-99,-99,N,
2024,10,1,1,0,3,7,D,POHY,1,43,1.6,-99,-99,N,
2024,10,1,1,0,3,8,C,KOVI,1,46,0.99,-99,-99,N,
2024,10,1,1,0,3,9,A,KOVI,1,46,0.99,-99,-99,N,
2024,10,1,1,0,3,9,A,IVFR,2,75,2.11,-99,-99,N,
2024,10,1,1,0,3,9,A,IVFR,3,104,3.2,-99,-99,N,
2024,10,1,1,0,3,9,A,IVFR,4,89,3.26,-99,-99,N,
2024,10,1,1,0,3,9,A,IVFR,5,125,5,-99,-99,N,
2024,10,1,1,0,3,9,A,IVFR,6,134,4.8,-99,-99,N,
2024,10,1,1,0,3,9,B,IVFR,1,133,4,-99,-99,N,
2024,10,1,1,0,3,9,B,IVFR,2,135,8.8,-99,-99,N,
2024,10,1,1,0,3,10,D,KOVI,1,30,0,-99,-99,N,
2024,10,0,1,0,3,1,PR,IVFR,1,135,10.4,-99,-99,N,
2024,10,0,1,0,3,1,PR,IVFR,2,97,3.8,-99,-99,N,
2024,10,0,1,0,3,1,PR,KOVI,3,103,3.4,-99,-99,N,
2024,10,0,1,0,3,3,PR,SCRO5,1,167,7.2,-99,-99,N,
2024,11,1,0,0,1,9,A,IVFR,1,107,6.2,-99,-99,N,
2024,11,0,0,0,1,2,NR,AMCA2,1,69,2.4,-99,-99,N,
2024,11,0,0,0,1,2,PR,KOVI,1,132,6.2,-99,-99,N,
2024,11,0,0,0,1,3,PR,KOVI,1,113,5.1,-99,-99,N,
2024,11,0,0,0,1,3,PR,KOVI,2,120,4.8,-99,-99,N,
2024,11,0,0,0,1,3,PR,KOVI,3,76,2.1,-99,-99,N,
2024,11,0,0,0,1,3,PR,KOVI,4,65,1.4,-99,-99,N,
2024,11,0,0,0,1,3,PR,KOVI,5,111,3.7,-99,-99,N,
2024,11,0,0,0,1,3,PR,KOVI,6,94,3.3,-99,-99,N,
2024,12,1,0,1,2,7,D,AMCA2,1,40,0.6,-99,-99,N,
2024,12,1,0,1,2,8,B,AMCA2,1,58,1.4,-99,-99,N,
2024,12,1,0,1,2,10,D,AMCA2,1,57,1.9,-99,-99,N,
2024,12,1,0,1,2,10,E,AMCA2,1,145,5.5,-99,-99,N,
2024,12,1,0,1,2,10,E,AMCA2,2,94,3,-99,-99,N,
2024,12,0,0,1,2,1,PR,SCRO5,1,146,5.4,-99,-99,N,
2024,12,0,0,1,2,3,PR,SCRO5,1,178,5.3,-99,-99,N,
2025,1,1,0,0,1,1,A,AMCA2,1,63,2.3,-99,-99,N,
2025,1,1,0,0,1,1,A,AMCA2,2,53,1.5,-99,-99,N,
2025,1,1,0,0,1,1,B,AMCA2,1,83,4.1,-99,-99,N,
2025,1,1,0,0,1,1,B,AMCA2,2,83,4.2,-99,-99,N,
2025,1,1,0,0,1,1,C,AMCA2,1,33,0,-99,-99,C,
2025,1,1,0,0,1,1,C,AMCA2,2,36,0,-99,-99,N,
2025,1,1,0,0,1,1,C,AMCA2,3,46,0.9,-99,-99,N,
2025,1,1,0,0,1,1,C,AMCA2,4,48,0.8,-99,-99,N,
2025,1,1,0,0,1,1,C,AMCA2,5,37,0,-99,-99,C,
2025,1,1,0,0,1,1,C,ATPA4,6,89,2,-99,-99, N,
2025,1,1,0,0,1,1,C,AMCA2,7,37,0,-99,-99,N,
2025,1,1,0,0,1,1,D,AMCA2,1,69,2.5,-99,-99,N,
2025,1,1,0,0,1,1,D,ATPA4,2,42,0.7,-99,-99,N,
2025,1,1,0,0,1,1,D,AMCA2,3,74,3.2,-99,-99,N,
2025,1,1,0,0,1,1,D,AMCA2,4,62,1.6,-99,-99,N,
2025,1,1,0,0,1,1,D,AMCA2,5,37,0,-99,-99,N,
2025,1,1,0,0,1,1,D,AMCA2,6,66,2.6,-99,-99,N,
2025,1,1,0,0,1,1,D,AMCA2,7,80,4.2,-99,-99,N,
2025,1,1,0,0,1,1,D,AMCA2,8,82,2.4,-99,-99,N,
2025,1,1,0,0,1,1,D,AMCA2,9,74,3.2,-99,-99,N,
2025,1,1,0,0,1,1,D,AMCA2,10,58,1.6,-99,-99,N,
2025,1,1,0,0,1,1,D,AMCA2,11,56,1.7,-99,-99,N,
2025,1,1,0,0,1,1,D,ATPA4,12,26,0,-99,-99,N,
2025,1,1,0,0,1,1,D,AMCA2,13,41,1,-99,-99,N,
2025,1,1,0,0,1,1,E,AMCA2,1,50,1.3,-99,-99,N,
2025,1,1,0,0,1,2,A,AMCA2,1,51,0.9,-99,-99,n,
2025,1,1,0,0,1,2,B,SOSE,1,60,4,-99,-99,N,
2025,1,1,0,0,1,2,B,SOSE,2,44,2.2,-99,-99,N,
2025,1,1,0,0,1,2,B,SOSE,3,46,0,-99,-99,N,
2025,1,1,0,0,1,2,C,SOSE,1,67,3.6,-99,-99,N,
2025,1,1,0,0,1,2,C,SOSE,2,40,0,-99,-99,N,
2025,1,1,0,0,1,2,D,AMCA2,1,62,2.3,-99,-99,N,
2025,1,1,0,0,1,2,D,ATPA4,2,45,1.1,-99,-99,N,
2025,1,1,0,0,1,2,D,ATPA4,3,53,0.9,-99,-99,N,
2025,1,1,0,0,1,2,D,AMCA2,4,35,0,-99,-99,N,
2025,1,1,0,0,1,2,D,AMCA2,5,34,0,-99,-99,C,
2025,1,1,0,0,1,2,E,ATPA4,1,91,3,-99,-99,N,
2025,1,1,0,0,1,3,A,AMCA2,1,29,0,-99,-99,N,
2025,1,1,0,0,1,3,A,AMCA2,2,26,0,-99,-99,N,
2025,1,1,0,0,1,3,B,SOSE,1,56,0,-99,-99,N,
2025,1,1,0,0,1,3,B,AMCA2,2,43,0.7,-99,-99,N,
2025,1,1,0,0,1,3,B,AMCA2,3,30,0,-99,-99,N,
2025,1,1,0,0,1,3,C,AMCA2,1,26,0,-99,-99,N,
2025,1,1,0,0,1,3,D,AMCA2,1,70,4.2,-99,-99,N,
2025,1,1,0,0,1,3,D,AMCA2,2,55,2.4,-99,-99,N,
2025,1,1,0,0,1,3,D,AMCA2,3,68,2.9,-99,-99,N,
2025,1,1,0,0,1,3,D,AMCA2,4,75,3.8,-99,-99,N,
2025,1,1,0,0,1,3,D,AMCA2,5,55,1.9,-99,-99,N,
2025,1,1,0,0,1,3,D,AMCA2,6,32,0,-99,-99,C,
2025,1,1,0,0,1,3,D,AMCA2,7,42,0.9,-99,-99,N,
2025,1,1,0,0,1,3,D,AMCA2,8,42,1.5,-99,-99,N,
2025,1,1,0,0,1,3,E,AMCA2,1,79,4.8,-99,-99,N,
2025,1,1,0,0,1,3,E,AMCA2,2,85,4.6,-99,-99,N,
2025,1,1,0,0,1,3,E,ATPA4,3,45,0.8,-99,-99,N,
2025,1,1,0,0,1,4,A,AMCA2,1,23,0,-99,-99,N,
2025,1,1,0,0,1,4,A,AMCA2,2,15,0,-99,-99,N,
2025,1,1,0,0,1,4,A,AMCA2,3,20,0,-99,-99,N,
2025,1,1,0,0,1,4,A,AMCA2,4,19,0,-99,-99,N,
2025,1,1,0,0,1,4,A,AMCA2,5,11,0,-99,-99,N,
2025,1,1,0,0,1,4,A,AMCA2,6,25,0,-99,-99,N,
2025,1,1,0,0,1,4,A,ATPA4,7,21,0,-99,-99,N,
2025,1,1,0,0,1,4,D,AMCA2,1,135,8.5,-99,-99,N,
2025,1,1,0,0,1,4,D,AMCA2,2,91,7,-99,-99,N,
2025,1,1,0,0,1,4,D,ATPA4,3,55,2.3,-99,-99,N,
2025,1,1,0,0,1,4,E,AMCA2,1,86,3.8,-99,-99,N,
2025,1,1,0,0,1,4,E,AMCA2,2,91,5.9,-99,-99,N,
2025,1,1,0,0,1,4,E,AMCA2,3,93,4.5,-99,-99,N,
2025,1,1,0,0,1,4,E,AMCA2,4,84,5.2,-99,-99,N,
2025,1,1,0,0,1,4,E,AMCA2,5,47,1.1,-99,-99,N,
2025,1,1,0,0,1,5,A,IVFR,1,37,0,-99,-99,N,
2025,1,1,0,0,1,5,C,IVFR,1,22,0,-99,-99,N,
2025,1,1,0,0,1,5,C,IVFR,2,18,0,-99,-99,N,
2025,1,1,0,0,1,5,E,AMCA2,1,79,3,-99,-99,N,
2025,1,1,0,0,1,6,A,AMCA2,1,38,0,-99,-99,N,
2025,1,1,0,0,1,6,B,IVFR,1,16,0,-99,-99,N,
2025,1,1,0,0,1,6,D,AMCA2,1,116,8.8,-99,-99,N,
2025,1,1,0,0,1,6,D,AMCA2,2,87,2.7,-99,-99,N,
2025,1,1,0,0,1,6,D,AMCA2,3,43,0.9,-99,-99,N,
2025,1,1,0,0,1,7,C,AMCA2,1,28,0,-99,-99,N,
2025,1,1,0,0,1,7,D,SOSE,1,49,0,-99,-99,N,
2025,1,1,0,0,1,7,D,AMCA2,2,85,3.1,-99,-99,N,
2025,1,1,0,0,1,7,D,AMCA2,3,68,3.3,-99,-99,N,
2025,1,1,0,0,1,7,E,AMCA2,1,76,3.2,-99,-99,N,
2025,1,1,0,0,1,7,E,SOSE,2,60,4.3,-99,-99,N,
2025,1,1,0,0,1,7,E,SOSE,3,77,4.2,-99,-99,N,
2025,1,1,0,0,1,7,E,ATPA4,4,107,2.8,-99,-99,N,
2025,1,1,0,0,1,8,B,KOVI,1,83,4.7,-99,-99,N,
2025,1,1,0,0,1,8,E,SOSE,1,114,5.6,-99,-99,N,
2025,1,1,0,0,1,9,B,IVFR,1,42,1.3,-99,-99,N,
2025,1,1,0,0,1,9,C,ATPA4,1,122,2.4,-99,-99,N,
2025,1,1,0,0,1,10,A,AMCA2,1,65,2.2,-99,-99,N,
2025,1,1,0,0,1,10,B,AMCA2,1,62,1.5,-99,-99,N,
2025,1,1,0,0,1,10,B,POHY,2,71,2.2,-99,-99,N,
2025,1,1,0,0,1,10,C,ATPA4,1,70,1.4,-99,-99,N,
2025,1,1,0,0,1,10,D,POHY,1,49,1.5,-99,-99,N,
2025,1,0,0,0,1,1,NR,AMCA2,1,132,12,-99,-99,N,
2025,1,0,0,0,1,2,NR,POHY,1,44,0.7,-99,-99,N,
2025,1,0,0,0,1,3,NR,IVFR,1,98,4.3,-99,-99,N,
2025,1,0,0,0,1,1,PR,SPCY,1,207,7.7,-99,-99,N,
2025,1,0,0,0,1,3,PR,KOVI,1,23,0,-99,-99,N,
2025,1,0,0,0,1,3,PR,SPCY,2,202,7.3,-99,-99,N,
2025,1,0,0,0,1,3,PR,SPCY,3,213,9.2,-99,-99,N,
2025,2,1,1,0,3,1,A,SPCY,1,140,3.4,-99,-99,N,
2025,2,1,1,0,3,1,A,AMCA2,2,61,3.6,-99,-99,C,
2025,2,1,1,0,3,1,B,AMCA2,1,56,0.8,-99,-99,N,
2025,2,1,1,0,3,1,B,AMCA2,2,55,0.9,-99,-99,N,
2025,2,1,1,0,3,1,B,AMCA2,3,60,1.3,-99,-99,N,
2025,2,1,1,0,3,1,D,AMCA2,1,130,3.9,-99,-99,N,
2025,2,1,1,0,3,1,E,AMCA2,1,75,2,-99,-99,N,
2025,2,1,1,0,3,1,E,AMCA2,2,170,7.6,-99,-99,N,
2025,2,1,1,0,3,2,A,SPCY,1,112,2.7,-99,-99,N,
2025,2,1,1,0,3,2,A,SPCY,2,98,2.2,-99,-99,N,
2025,2,1,1,0,3,2,D,SPCY,1,153,4.8,-99,-99,N,
2025,2,1,1,0,3,3,B,KOVI,1,161,8.9,-99,-99,N,
2025,2,1,1,0,3,3,B,KOVI,2,82,2.3,-99,-99,N,
2025,2,1,1,0,3,3,B,KOVI,3,108,3,-99,-99,N,
2025,2,1,1,0,3,3,B,KOVI,4,130,5.6,-99,-99,N,
2025,2,1,1,0,3,3,C,KOVI,1,134,4.5,-99,-99,N,
2025,2,1,1,0,3,3,C,KOVI,2,84,1.9,-99,-99,N,
2025,2,1,1,0,3,3,C,KOVI,3,104,2.6,-99,-99,N,
2025,2,1,1,0,3,3,C,KOVI,4,133,4,-99,-99,N,
2025,2,1,1,0,3,3,C,KOVI,5,141,4.4,-99,-99,N,
2025,2,1,1,0,3,3,C,KOVI,6,112,3.4,-99,-99,N,
2025,2,1,1,0,3,3,C,KOVI,7,140,5.7,-99,-99,N,
2025,2,1,1,0,3,3,D,KOVI,1,91,2.4,-99,-99,N,
2025,2,1,1,0,3,3,D,KOVI,2,104,2.6,-99,-99,N,
2025,2,1,1,0,3,3,D,KOVI,3,145,6,-99,-99,N,
2025,2,1,1,0,3,3,D,KOVI,4,103,2.9,-99,-99,N,
2025,2,1,1,0,3,3,D,KOVI,5,140,5.7,-99,-99,N,
2025,2,1,1,0,3,3,D,SPCY,6,170,5.9,-99,-99,N,
2025,2,1,1,0,3,4,C,SPCY,1,262,7.3,-99,-99,N,
2025,2,1,1,0,3,4,E,SPCY,1,166,4.6,-99,-99,N,
2025,2,1,1,0,3,5,A,KOVI,1,36,0,-99,-99,N,
2025,2,1,1,0,3,5,A,AMCA2,2,75,2.3,-99,-99,N,
2025,2,1,1,0,3,5,B,KOVI,1,139,5.3,-99,-99,N,
2025,2,1,1,0,3,5,B,KOVI,2,121,4.1,-99,-99,N,
2025,2,1,1,0,3,5,B,KOVI,3,145,6.1,-99,-99,N,
2025,2,1,1,0,3,5,D,AMCA2,1,93,4.8,-99,-99,N,
2025,2,1,1,0,3,6,B,AMCA2,1,97,3.2,-99,-99,N,
2025,2,1,1,0,3,6,B,SPCY,2,270,8.6,-99,-99,N,
2025,2,1,1,0,3,6,E,SPCY,1,137,3.4,-99,-99,N,
2025,2,1,1,0,3,7,A,SPCY,1,221,6.8,-99,-99,N,
2025,2,1,1,0,3,7,B,SPCY,1,251,6.7,-99,-99,N,
2025,2,1,1,0,3,8,D,SPCY,1,153,2.8,-99,-99,N,
2025,2,1,1,0,3,8,D,SPCY,2,176,4,-99,-99,N,
2025,2,1,1,0,3,9,A,SPCY,1,155,5.5,-99,-99,N,
2025,2,1,1,0,3,9,B,SOSE,1,162,5.7,-99,-99,N,
2025,2,1,1,0,3,9,C,SOSE,1,85,0,-99,-99,N,
2025,2,1,1,0,3,9,D,SOSE,1,145,0,-99,-99,N ,
2025,2,1,1,0,3,9,D,SPCY,2,181,4.7,-99,-99,N,
2025,2,1,1,0,3,10,A,KOVI,1,126,4.9,-99,-99,N,
2025,2,1,1,0,3,10,A,KOVI,2,25,0,-99,-99,N,
2025,2,1,1,0,3,10,B,KOVI,1,173,11.3,-99,-99,N,
2025,2,1,1,0,3,10,B,SOSE,2,52,0,-99,-99,N,
2025,2,1,1,0,3,10,C,AMCA2,1,69,2.7,-99,-99,N,
2025,2,1,1,0,3,10,E,SPCY,1,255,7.5,-99,-99,N,
2025,2,1,1,0,3,10,E,SPCY,2,224,8.9,-99,-99,N,
2025,2,0,1,0,3,1,NR,SPCY,1,167,6.1,-99,-99,N,
2025,2,0,1,0,3,1,NR,SPCY,2,262,8.8,-99,-99,N,
2025,2,0,1,0,3,1,NR,SPCY,3,231,7.2,-99,-99,N,
2025,2,0,1,0,3,1,NR,AMCA2,4,84,2.7,-99,-99,N,
2025,2,0,1,0,3,1,NR,SOSE,5,105,3.9,-99,-99,N,
2025,2,0,1,0,3,1,NR,SOSE,6,115,5.4,-99,-99,N,
2025,2,0,1,0,3,1,NR,SOSE,7,115,4.8,-99,-99,N,
2025,2,0,1,0,3,1,NR,SOSE,8,75,3.9,-99,-99,N,
2025,2,0,1,0,3,1,NR,SOSE,9,62,4,-99,-99,N,
2025,2,0,1,0,3,2,NR,AMCA2,1,94,4.3,-99,-99,N,
2025,2,0,1,0,3,2,NR,SCRO5,2,137,3.4,-99,-99,N,
2025,2,0,1,0,3,2,NR,SPCY,3,269,10.3,-99,-99,N,
2025,2,0,1,0,3,3,NR,AMCA2,1,168,13.3,-99,-99,N,
2025,2,0,1,0,3,3,NR,IVFR,2,56,2.4,-99,-99,N,
2025,2,0,1,0,3,3,NR,KOVI,3,35,0,-99,-99,N,
2025,2,0,1,0,3,3,NR,KOVI,4,49,1.7,-99,-99,N,
2025,2,0,1,0,3,3,NR,KOVI,5,34,0,-99,-99,N,
2025,2,0,1,0,3,1,PR,SPCY,1,155,1.8,-99,-99,N,
2025,2,0,1,0,3,2,PR,SPCY,1,180,3.9,-99,-99,N,
2025,2,0,1,0,3,3,PR,SCRO5,1,148,3.5,-99,-99,N,
2025,2,0,1,0,3,3,PR,SCRO5,2,233,6.7,-99,-99,N,
2025,2,0,1,0,3,3,PR,SCRO5,3,135,5.9,-99,-99,N,
2025,3,1,0,1,2,1,C,SOSE,1,69,3.3,-99,-99,N,
2025,3,1,0,1,2,1,C,SOSE,2,47,0,-99,-99,N,
2025,3,1,0,1,2,1,C,SOSE,3,65,3.2,-99,-99,N,
2025,3,1,0,1,2,1,C,SOSE,4,64,3.1,-99,-99,N,
2025,3,1,0,1,2,1,E,AMCA2,1,51,10.2,-99,-99,C,
2025,3,1,0,1,2,2,B,SOSE,1,71,3.5,-99,-99,N,
2025,3,1,0,1,2,2,C,SOSE,1,52,0,-99,-99,N,
2025,3,1,0,1,2,2,C,SOSE,2,49,0,-99,-99,N,
2025,3,1,0,1,2,3,D,SOSE,1,66,0,-99,-99,N,
2025,3,1,0,1,2,4,D,SOSE,1,116,4.6,-99,-99,N,
2025,3,1,0,1,2,4,D,SOSE,2,57,0,-99,-99,N,
2025,3,1,0,1,2,4,D,SOSE,3,59,0,-99,-99,N,
2025,3,1,0,1,2,4,D,SOSE,4,77,3.8,-99,-99,N,
2025,3,1,0,1,2,4,D,SOSE,5,74,4.3,-99,-99,N,
2025,3,1,0,1,2,4,D,SOSE,6,74,3.2,-99,-99,N,
2025,3,1,0,1,2,4,E,SOSE,1,69,2.6,-99,-99,N,
2025,3,1,0,1,2,4,E,SOSE,2,76,2.4,-99,-99,N,
2025,3,1,0,1,2,4,E,SOSE,3,56,2.9,-99,-99,N,
2025,3,1,0,1,2,4,E,SOSE,4,87,4,-99,-99,N,
2025,3,1,0,1,2,4,E,SOSE,5,67,3.8,-99,-99,N,
2025,3,1,0,1,2,4,E,SOSE,6,63,1.8,-99,-99,N,
2025,3,1,0,1,2,4,E,SOSE,7,81,5.1,-99,-99,N,
2025,3,1,0,1,2,4,E,SOSE,8,54,0,-99,-99,N,
2025,3,1,0,1,2,4,E,SOSE,9,58,4.3,-99,-99,N,
2025,3,1,0,1,2,5,D,SOSE,1,62,0,-99,-99,N,
2025,3,1,0,1,2,5,D,SOSE,2,55,0,-99,-99,N,
2025,3,1,0,1,2,10,B,SOSE,1,72,3,-99,-99,N,
2025,3,1,0,1,2,10,C,SOSE,1,79,4.8,-99,-99,N,
2025,3,1,0,1,2,10,C,SOSE,2,66,5,-99,-99,N,
2025,3,1,0,1,2,10,C,SOSE,3,58,5.4,-99,-99,N,
2025,3,1,0,1,2,10,C,SOSE,4,52,0,-99,-99,N,
2025,3,1,0,1,2,10,C,SOSE,5,79,4.3,-99,-99,N,
2025,4,1,1,1,4,2,E,AMCA2,1,105,4.6,-99,-99,N,
2025,4,1,1,1,4,3,D,KOVI,1,17,0,-99,-99,N,
2025,4,1,1,1,4,4,A,KOVI,1,203,10.8,-99,-99,N,
2025,4,1,1,1,4,5,C,SOSE,1,109,4.2,-99,-99,N,
2025,4,1,1,1,4,5,C,SOSE,2,83,4,-99,-99,N,
2025,4,1,1,1,4,5,C,SOSE,3,66,3.1,-99,-99,N,
2025,4,1,1,1,4,5,D,KOVI,1,15,0,-99,-99,N,
2025,4,1,1,1,4,6,D,AMCA2,1,138,12.7,-99,-99,C,
2025,4,1,1,1,4,9,B,ATPA4,1,105,2.3,-99,-99,N,
2025,4,1,1,1,4,9,E,AMCA2,1,99,3.5,-99,-99,N,
2025,4,1,1,1,4,10,A,AMCA2,1,250,16.9,-99,-99,N,
2025,4,1,1,1,4,10,B,KOVI,1,64,1.6,-99,-99,N,
2025,4,1,1,1,4,10,B,KOVI,2,106,5.2,-99,-99,N,
2025,4,1,1,1,4,10,C,AMCA2,1,52,11.9,-99,-99,C,
2025,4,1,1,1,4,10,C,AMCA2,2,148,8.5,-99,-99,N,
2025,4,1,1,1,4,10,D,AMCA2,1,125,4.7,-99,-99,N,
2025,4,1,1,1,4,10,D,AMCA2,2,147,7.6,-99,-99,N,
2025,4,1,1,1,4,10,E,KOVI,1,104,9.2,-99,-99,C,
2025,4,1,1,1,4,10,E,KOVI,2,77,3.8,-99,-99,N,
2025,4,1,1,1,4,10,E,KOVI,3,59,2.2,-99,-99,N,
2025,4,1,1,1,4,10,E,KOVI,4,89,7.8,-99,-99,C,
2025,4,1,1,1,4,10,E,KOVI,5,224,11,-99,-99,N,
2025,4,1,1,1,4,10,E,AMCA2,6,111,5.8,-99,-99,N,
2025,4,1,1,1,4,10,E,AMCA2,7,64,3.1,-99,-99,C,
2025,4,0,1,1,4,1,PR,AMCA2,1,55,2.8,-99,-99,N,
2025,4,0,1,1,4,1,PR,AMCA2,2,64,2.6,-99,-99,N,
2025,5,1,1,0,3,1,B,AMCA2,1,51,1.6,-99,-99,N,
2025,5,1,1,0,3,3,C,KOVI,1,40,1.3,-99,-99,N,
2025,5,1,1,0,3,3,C,IVFR,2,36,0,-99,-99,N,
2025,5,1,1,0,3,4,C,KOVI,1,144,5.4,-99,-99,N,
2025,5,1,1,0,3,4,C,KOVI,2,137,5.8,-99,-99,N,
2025,5,1,1,0,3,4,C,KOVI,3,123,5.1,-99,-99,N,
2025,5,1,1,0,3,5,C,KOVI,1,118,4.2,-99,-99,N,
2025,5,1,1,0,3,5,C,KOVI,2,172,7.6,-99,-99,N,
2025,5,1,1,0,3,5,C,KOVI,3,115,4.1,-99,-99,N,
2025,5,1,1,0,3,5,D,KOVI,1,154,6.3,-99,-99,N,
2025,5,1,1,0,3,5,D,KOVI,2,110,3.8,-99,-99,N,
2025,5,1,1,0,3,6,A,KOVI,1,89,2.8,-99,-99,N,
2025,5,1,1,0,3,6,A,KOVI,2,145,5.7,-99,-99,N,
2025,5,1,1,0,3,6,D,KOVI,1,167,6.3,-99,-99,N,
2025,5,1,1,0,3,8,A,POHY,1,24,0,-99,-99,N,
2025,5,1,1,0,3,8,A,POHY,2,14,0,-99,-99,N,
2025,5,1,1,0,3,9,A,POHY,1,23,0,-99,-99,N,
2025,5,1,1,0,3,9,A,POHY,2,29,0,-99,-99,N,
2025,5,1,1,0,3,9,A,POHY,3,8,0,-99,-99,N,
2025,5,1,1,0,3,9,B,KOVI,1,110,3.8,-99,-99,N,
2025,5,1,1,0,3,9,B,KOVI,2,142,5.6,-99,-99,N,
2025,5,1,1,0,3,9,B,POHY,3,19,0,-99,-99,N,
2025,5,1,1,0,3,10,B,AMCA2,1,50,1.4,-99,-99,N,
2025,5,1,1,0,3,10,B,POHY,2,18,0,-99,-99,N,
2025,6,1,0,1,2,1,A,AMCA2,1,100,5.8,-99,-99,N,
2025,6,1,0,1,2,1,B,AMCA2,1,65,2.1,-99,-99,N,
2025,6,1,0,1,2,1,B,AMCA2,2,84,3.2,-99,-99,N,
2025,6,1,0,1,2,1,B,AMCA2,3,63,3.2,-99,-99,N,
2025,6,1,0,1,2,1,B,AMCA2,4,47,1.9,-99,-99,N,
2025,6,1,0,1,2,1,B,AMCA2,5,39,0,-99,-99,N,
2025,6,1,0,1,2,1,C,AMCA2,1,80,5.3,-99,-99,N,
2025,6,1,0,1,2,1,C,AMCA2,2,61,1.9,-99,-99,N,
2025,6,1,0,1,2,1,C,AMCA2,3,93,4.1,-99,-99,N,
2025,6,1,0,1,2,1,C,AMCA2,4,102,2.8,-99,-99,N,
2025,6,1,0,1,2,1,C,AMCA2,5,48,1.9,-99,-99,C,
2025,6,1,0,1,2,1,C,AMCA2,6,137,5.1,-99,-99,N,
2025,6,1,0,1,2,1,C,AMCA2,7,70,2.2,-99,-99,N,
2025,6,1,0,1,2,1,C,AMCA2,8,50,1.4,-99,-99,N,
2025,6,1,0,1,2,1,C,AMCA2,9,35,0,-99,-99,N,
2025,6,1,0,1,2,1,C,AMCA2,10,76,1.8,-99,-99,N,
2025,6,1,0,1,2,1,C,AMCA2,11,61,2.3,-99,-99,N,
2025,6,1,0,1,2,1,C,AMCA2,12,68,2.7,-99,-99,N,
2025,6,1,0,1,2,1,C,AMCA2,13,45,1.9,-99,-99,N,
2025,6,1,0,1,2,1,C,AMCA2,14,59,2.1,-99,-99,N,
2025,6,1,0,1,2,1,C,AMCA2,15,100,3.6,-99,-99,N,
2025,6,1,0,1,2,1,C,AMCA2,16,100,3.4,-99,-99,C,
2025,6,1,0,1,2,1,C,AMCA2,17,39,0,-99,-99,N,
2025,6,1,0,1,2,1,D,AMCA2,1,158,11,-99,-99,C,
2025,6,1,0,1,2,1,D,AMCA2,2,65,3.4,-99,-99,C,
2025,6,1,0,1,2,1,D,AMCA2,3,106,4.5,-99,-99,N,
2025,6,1,0,1,2,1,D,AMCA2,4,104,5.2,-99,-99,N,
2025,6,1,0,1,2,1,D,AMCA2,5,81,3.1,-99,-99,N,
2025,6,1,0,1,2,1,D,AMCA2,6,80,3.9,-99,-99,N,
2025,6,1,0,1,2,1,E,AMCA2,1,59,1.5,-99,-99,N,
2025,6,1,0,1,2,1,E,AMCA2,2,95,3.5,-99,-99,N,
2025,6,1,0,1,2,1,E,AMCA2,3,97,4.2,-99,-99,C,
2025,6,1,0,1,2,1,E,AMCA2,4,108,5.2,-99,-99,C,
2025,6,1,0,1,2,2,A,AMCA2,1,59,1.9,-99,-99,N,
2025,6,1,0,1,2,2,B,AMCA2,1,50,1.4,-99,-99,N,
2025,6,1,0,1,2,2,B,AMCA2,2,49,1.9,-99,-99,N,
2025,6,1,0,1,2,2,B,AMCA2,3,103,5,-99,-99,N,
2025,6,1,0,1,2,2,B,AMCA2,4,75,2.8,-99,-99,N,
2025,6,1,0,1,2,2,B,AMCA2,5,106,2.9,-99,-99,N,
2025,6,1,0,1,2,2,B,AMCA2,6,125,5.3,-99,-99,N,
2025,6,1,0,1,2,2,B,AMCA2,7,106,2.4,-99,-99,N,
2025,6,1,0,1,2,2,B,AMCA2,8,84,5.1,-99,-99,N,
2025,6,1,0,1,2,2,B,AMCA2,9,102,5.7,-99,-99,N,
2025,6,1,0,1,2,2,B,AMCA2,10,113,6.8,-99,-99,N,
2025,6,1,0,1,2,2,B,AMCA2,11,108,4.5,-99,-99,N,
2025,6,1,0,1,2,2,B,AMCA2,12,89,2.1,-99,-99,N,
2025,6,1,0,1,2,2,C,AMCA2,1,91,3.1,-99,-99,N,
2025,6,1,0,1,2,2,C,AMCA2,2,157,7.5,-99,-99,N,
2025,6,1,0,1,2,2,C,AMCA2,3,62,2.5,-99,-99,N,
2025,6,1,0,1,2,2,C,AMCA2,4,79,4.3,-99,-99,N,
2025,6,1,0,1,2,2,C,AMCA2,5,63,2.5,-99,-99,N,
2025,6,1,0,1,2,2,C,AMCA2,6,119,3.5,-99,-99,N,
2025,6,1,0,1,2,2,C,AMCA2,7,137,4.6,-99,-99,N,
2025,6,1,0,1,2,2,C,AMCA2,8,38,0,-99,-99,N,
2025,6,1,0,1,2,2,D,AMCA2,2,120,5.9,-99,-99,N,
2025,6,1,0,1,2,2,D,AMCA2,3,52,1.3,-99,-99,N,
2025,6,1,0,1,2,2,D,AMCA2,4,58,1.7,-99,-99,N,
2025,6,1,0,1,2,2,E,AMCA2,1,77,2.3,-99,-99,N,
2025,6,1,0,1,2,2,E,AMCA2,2,92,3.5,-99,-99,N,
2025,6,1,0,1,2,2,E,AMCA2,3,120,4.8,-99,-99,N,
2025,6,1,0,1,2,3,A,AMCA2,1,145,8.9,-99,-99,N,
2025,6,1,0,1,2,3,A,AMCA2,2,51,1.9,-99,-99,N,
2025,6,1,0,1,2,3,B,AMCA2,1,56,1.7,-99,-99,N,
2025,6,1,0,1,2,3,B,AMCA2,2,84,2.9,-99,-99,N,
2025,6,1,0,1,2,3,C,AMCA2,1,75,2.4,-99,-99,N,
2025,6,1,0,1,2,3,C,AMCA2,2,66,1.1,-99,-99,N,
2025,6,1,0,1,2,3,C,AMCA2,3,73,1.8,-99,-99,N,
2025,6,1,0,1,2,3,C,AMCA2,4,41,1.1,-99,-99,N,
2025,6,1,0,1,2,3,C,AMCA2,5,102,4.9,-99,-99,N,
2025,6,1,0,1,2,3,D,AMCA2,1,87,4,-99,-99,N,
2025,6,1,0,1,2,3,D,AMCA2,2,52,1.6,-99,-99,N,
2025,6,1,0,1,2,3,D,AMCA2,3,58,1.4,-99,-99,N,
2025,6,1,0,1,2,3,E,AMCA2,1,62,1.8,-99,-99,N,
2025,6,1,0,1,2,3,E,AMCA2,2,104,2.9,-99,-99,N,
2025,6,1,0,1,2,4,C,AMCA2,1,82,3.8,-99,-99,N,
2025,6,1,0,1,2,4,D,AMCA2,1,48,0.6,-99,-99,N,
2025,6,1,0,1,2,4,D,AMCA2,2,127,3.9,-99,-99,N,
2025,6,1,0,1,2,4,D,AMCA2,3,47,1.9,-99,-99,N,
2025,6,1,0,1,2,4,D,AMCA2,4,108,6,-99,-99,N,
2025,6,1,0,1,2,4,D,AMCA2,5,128,4.7,-99,-99,N,
2025,6,1,0,1,2,4,D,AMCA2,6,90,4.2,-99,-99,N,
2025,6,1,0,1,2,4,E,AMCA2,1,140,8.7,-99,-99,N,
2025,6,1,0,1,2,7,C,AMCA2,1,43,2.3,-99,-99,N,
2025,6,1,0,1,2,9,D,ATPA4,1,168,3.6,-99,-99,N,
2025,6,1,0,1,2,10,D,IVFR,1,20,0,-99,-99,N,
2025,6,0,0,1,2,3,NR,AMCA2,1,50,4.4,-99,-99,C,
2025,6,0,0,1,2,3,NR,KOVI,2,35,0,-99,-99,N,
2025,6,0,0,1,2,3,NR,KOVI,3,41,1,-99,-99,N,
2025,6,0,0,1,2,3,NR,KOVI,4,12,0,-99,-99,N,
2025,6,0,0,1,2,2,PR,SPCY,1,211,3.9,-99,-99,N,
2025,6,0,0,1,2,2,PR,SPCY,2,265,8.2,-99,-99,N,
2025,6,0,0,1,2,3,PR,SPCY,1,225,5,-99,-99,N,
2025,6,0,0,1,2,3,PR,SPCY,2,129,3.1,-99,-99,N,
2025,6,0,0,1,2,3,PR,SPCY,3,218,5.3,-99,-99,N,
2025,7,1,1,1,4,1,E,AMCA2,1,252,17.6,-99,-99,N,
2025,7,1,1,1,4,2,A,POHY,1,50,1.7,-99,-99,N,
2025,7,1,1,1,4,2,C,KOVI,1,20,0,-99,-99,N,
2025,7,1,1,1,4,2,D,AMCA2,1,166,8.3,-99,-99,N,
2025,7,1,1,1,4,2,E,AMCA2,1,93,4.8,-99,-99,N,
2025,7,1,1,1,4,3,D,AMCA2,1,34,0,-99,-99,N,
2025,7,1,1,1,4,3,E,AMCA2,1,68,1.9,-99,-99,N,
2025,7,1,1,1,4,3,E,AMCA2,2,185,11.3,-99,-99,N,
2025,7,1,1,1,4,4,E,AMCA2,1,158,11.1,-99,-99,N,
2025,7,1,1,1,4,4,E,AMCA2,2,41,0.8,-99,-99,N,
2025,7,1,1,1,4,6,A,AMCA2,1,120,7,-99,-99,N,
2025,7,1,1,1,4,9,E,AMCA2,1,94,8.3,-99,-99,C,
2025,7,1,1,1,4,10,B,ATPA4,1,166,2.7,-99,-99,C,
2025,7,1,1,1,4,10,D,AMCA2,1,225,14.6,-99,-99,N,
2025,7,1,1,1,4,10,E,Pick One,1,94,8.3,-99,-99,C,
2025,7,0,1,1,4,1,NR,POHY,1,59,1.5,-99,-99,N,
2025,7,0,1,1,4,1,NR,POHY,2,27,0,-99,-99,N,
2025,7,0,1,1,4,1,NR,KOVI,3,43,1.2,-99,-99,N,
2025,7,0,1,1,4,1,NR,KOVI,4,12,0,-99,-99,N,
2025,7,0,1,1,4,2,NR,POHY,1,46,0.9,-99,-99,N,
2025,7,0,1,1,4,2,NR,AMCA2,2,48,1,-99,-99,N,
2025,7,0,1,1,4,3,NR,POHY,1,64,1.4,-99,-99,N,
2025,8,1,0,0,1,1,A,AMCA2,1,71,2.6,-99,-99,N,
2025,8,1,0,0,1,1,A,AMCA2,2,77,2.4,-99,-99,N,
2025,8,1,0,0,1,1,A,AMCA2,3,58,1.3,-99,-99,N,
2025,8,1,0,0,1,1,A,AMCA2,4,49,1.2,-99,-99,N,
2025,8,1,0,0,1,1,A,AMCA2,5,101,3.4,-99,-99,N,
2025,8,1,0,0,1,1,A,AMCA2,6,75,2.2,-99,-99,N,
2025,8,1,0,0,1,1,A,AMCA2,7,54,1.7,-99,-99,N,
2025,8,1,0,0,1,1,A,AMCA2,8,37,0,-99,-99,N,
2025,8,1,0,0,1,1,A,AMCA2,9,49,1.6,-99,-99,N,
2025,8,1,0,0,1,1,A,AMCA2,10,83,5.8,-99,-99,N,
2025,8,1,0,0,1,1,A,AMCA2,11,46,7.9,-99,-99,C,
2025,8,1,0,0,1,1,A,AMCA2,12,122,6.2,-99,-99,N,
2025,8,1,0,0,1,1,B,AMCA2,1,88,3.1,-99,-99,N,
2025,8,1,0,0,1,1,B,AMCA2,2,83,1.1,-99,-99,N,
2025,8,1,0,0,1,1,B,AMCA2,3,61,0.8,-99,-99,N,
2025,8,1,0,0,1,1,B,AMCA2,4,52,0.5,-99,-99,N,
2025,8,1,0,0,1,1,B,AMCA2,5,53,0.8,-99,-99,N,
2025,8,1,0,0,1,1,B,AMCA2,6,113,2.2,-99,-99,N,
2025,8,1,0,0,1,1,C,AMCA2,1,94,5.8,-99,-99,N,
2025,8,1,0,0,1,1,C,AMCA2,2,72,3,-99,-99,N,
2025,8,1,0,0,1,1,C,AMCA2,3,60,1.4,-99,-99,N,
2025,8,1,0,0,1,1,C,AMCA2,4,50,1.1,-99,-99,N,
2025,8,1,0,0,1,1,C,AMCA2,5,58,1.1,-99,-99,N,
2025,8,1,0,0,1,1,D,AMCA2,1,37,0,-99,-99,N,
2025,8,1,0,0,1,2,B,AMCA2,1,122,4.9,-99,-99,N,
2025,8,1,0,0,1,2,C,AMCA2,1,43,0.3,-99,-99,C,
2025,8,1,0,0,1,2,C,AMCA2,2,90,0.2,-99,-99,N,
2025,8,1,0,0,1,2,C,ATPA4,3,63,0.5,-99,-99,N,
2025,8,1,0,0,1,2,D,ATPA4,1,120,2.2,-99,-99,N,
2025,8,1,0,0,1,2,D,ATPA4,2,90,1.3,-99,-99,N,
2025,8,1,0,0,1,2,D,ATPA4,3,203,1.4,-99,-99,N,
2025,8,1,0,0,1,2,D,ATPA4,4,114,1.9,-99,-99,N,
2025,8,1,0,0,1,2,E,ATPA4,1,93,1.9,-99,-99,N,
2025,8,1,0,0,1,3,A,AMCA2,1,50,0.3,-99,-99,N,
2025,8,1,0,0,1,3,A,AMCA2,2,71,2,-99,-99,N,
2025,8,1,0,0,1,3,A,AMCA2,3,62,1.3,-99,-99,N,
2025,8,1,0,0,1,3,A,AMCA2,4,42,1.1,-99,-99,N,
2025,8,1,0,0,1,3,A,AMCA2,5,39,0,-99,-99,N,
2025,8,1,0,0,1,3,B,AMCA2,1,69,1.6,-99,-99,N,
2025,8,1,0,0,1,3,B,AMCA2,2,66,2.2,-99,-99,N,
2025,8,1,0,0,1,3,B,AMCA2,3,65,1,-99,-99,N,
2025,8,1,0,0,1,3,C,AMCA2,1,35,0,-99,-99,N,
2025,8,1,0,0,1,3,C,AMCA2,2,37,0,-99,-99,N,
2025,8,1,0,0,1,3,D,AMCA2,1,96,4.5,-99,-99,N,
2025,8,1,0,0,1,3,E,ATPA4,1,77,1.3,-99,-99,N,
2025,8,1,0,0,1,4,C,AMCA2,1,77,2.3,-99,-99,N,
2025,8,1,0,0,1,4,D,AMCA2,1,93,3.3,-99,-99,N,
2025,8,1,0,0,1,4,D,AMCA2,2,74,2.6,-99,-99,N,
2025,8,1,0,0,1,4,D,AMCA2,3,93,3.3,-99,-99,N,
2025,8,1,0,0,1,4,D,ATPA4,4,50,0.8,-99,-99,N,
2025,8,1,0,0,1,4,E,AMCA2,1,108,5.1,-99,-99,N,
2025,8,1,0,0,1,4,E,AMCA2,2,61,1.7,-99,-99,N,
2025,8,1,0,0,1,4,E,AMCA2,3,71,2.2,-99,-99,N,
2025,8,1,0,0,1,4,E,ATPA4,4,48,0.7,-99,-99,N,
2025,8,1,0,0,1,5,D,AMCA2,1,105,6,-99,-99,N,
2025,8,1,0,0,1,5,D,AMCA2,2,72,2.5,-99,-99,N,
2025,8,1,0,0,1,6,B,AMCA2,1,31,0,-99,-99,N,
2025,8,1,0,0,1,6,C,AMCA2,1,39,0,-99,-99,N,
2025,8,1,0,0,1,6,C,KOVI,2,72,1.4,-99,-99,N,
2025,8,1,0,0,1,6,D,AMCA2,1,76,2.1,-99,-99,N,
2025,8,1,0,0,1,7,A,AMCA2,1,73,1.6,-99,-99,N,
2025,8,1,0,0,1,7,A,AMCA2,2,54,0.8,-99,-99,N,
2025,8,1,0,0,1,7,A,AMCA2,3,51,0.9,-99,-99,N,
2025,8,1,0,0,1,7,A,AMCA2,4,56,0.9,-99,-99,N,
2025,8,1,0,0,1,8,A,AMCA2,1,62,0.6,-99,-99,N,
2025,8,1,0,0,1,8,A,AMCA2,2,37,0,-99,-99,N,
2025,8,1,0,0,1,8,A,AMCA2,3,40,0.2,-99,-99,N,
2025,8,1,0,0,1,8,A,AMCA2,4,36,0,-99,-99,N,
2025,8,1,0,0,1,8,A,AMCA2,5,42,0.2,-99,-99,N,
2025,8,1,0,0,1,8,A,AMCA2,6,42,0.3,-99,-99,C,
2025,8,1,0,0,1,8,B,AMCA2,1,56,1.5,-99,-99,N,
2025,8,1,0,0,1,8,B,AMCA2,2,52,0.7,-99,-99,N,
2025,8,1,0,0,1,8,B,AMCA2,3,48,1,-99,-99,N,
2025,8,1,0,0,1,8,B,AMCA2,4,35,0,-99,-99,N,
2025,8,1,0,0,1,8,C,ATPA4,1,83,0.9,-99,-99,N,
2025,8,1,0,0,1,9,A,AMCA2,1,65,1,-99,-99,N,
2025,8,1,0,0,1,9,A,AMCA2,2,35,0,-99,-99,N,
2025,8,1,0,0,1,9,A,AMCA2,3,31,0,-99,-99,N,
2025,8,1,0,0,1,9,A,AMCA2,4,40,0.6,-99,-99,N,
2025,8,1,0,0,1,9,A,AMCA2,5,53,0.6,-99,-99,N,
2025,8,1,0,0,1,9,A,AMCA2,6,35,0,-99,-99,N,
2025,8,1,0,0,1,9,A,AMCA2,7,45,0.9,-99,-99,N,
2025,8,1,0,0,1,9,A,AMCA2,8,37,0,-99,-99,N,
2025,8,1,0,0,1,9,A,AMCA2,9,52,1.4,-99,-99,N,
2025,8,1,0,0,1,9,A,AMCA2,10,41,0.3,-99,-99,N,
2025,8,1,0,0,1,9,B,AMCA2,1,22,0,-99,-99,N,
2025,8,1,0,0,1,9,B,AMCA2,2,43,0.6,-99,-99,N,
2025,8,1,0,0,1,10,A,AMCA2,1,46,0.5,-99,-99,N,
2025,8,1,0,0,1,10,A,AMCA2,2,91,3.6,-99,-99,N,
2025,8,1,0,0,1,10,B,AMCA2,1,73,2.2,-99,-99,N,
2025,8,1,0,0,1,10,B,AMCA2,2,71,1.9,-99,-99,N,
2025,8,1,0,0,1,10,C,ATPA4,1,157,2.5,-99,-99,N,
2025,8,1,0,0,1,10,C,ATPA4,2,90,1.7,-99,-99,N,
2025,8,1,0,0,1,10,C,ATPA4,3,65,1.3,-99,-99,N,
2025,8,1,0,0,1,10,C,ATPA4,4,57,0.8,-99,-99,N,
2025,8,1,0,0,1,10,D,ATPA4,1,69,1.8,-99,-99,N,
2025,8,1,0,0,1,10,D,ATPA4,2,41,0.7,-99,-99,N,
2025,8,1,0,0,1,10,E,ATPA4,1,118,2.4,-99,-99,N,
2025,8,0,0,0,1,2,NR,AMCA2,1,95,4.7,-99,-99,N,
2025,8,0,0,0,1,2,PR,KOVI,1,25,0,-99,-99,N,
2025,8,0,0,0,1,3,PR,AMCA2,1,66,1.2,-99,-99,N,
2025,8,0,0,0,1,3,PR,KOVI,2,11,0,-99,-99,N,
2025,9,1,1,1,4,1,A,AMCA2,1,133,10.4,-99,-99,N,
2025,9,1,1,1,4,1,A,AMCA2,2,94,4.4,-99,-99,N,
2025,9,1,1,1,4,1,B,AMCA2,1,85,3.5,-99,-99,N,
2025,9,1,1,1,4,1,B,AMCA2,2,77,1.9,-99,-99,N,
2025,9,1,1,1,4,1,B,AMCA2,3,122,5.6,-99,-99,N,
2025,9,1,1,1,4,1,C,AMCA2,1,221,16.8,-99,-99,N,
2025,9,1,1,1,4,1,C,AMCA2,2,57,1,-99,-99,N,
2025,9,1,1,1,4,1,C,AMCA2,3,52,1,-99,-99,N,
2025,9,1,1,1,4,1,D,AMCA2,1,182,12.2,-99,-99,N,
2025,9,1,1,1,4,2,B,AMCA2,1,112,8,-99,-99,N,
2025,9,1,1,1,4,3,A,AMCA2,1,77,3.4,-99,-99,N,
2025,9,1,1,1,4,3,A,AMCA2,2,64,1.8,-99,-99,N,
2025,9,1,1,1,4,3,A,AMCA2,3,39,0,-99,-99,N,
2025,9,1,1,1,4,3,D,AMCA2,1,58,1,-99,-99,N,
2025,9,1,1,1,4,3,D,AMCA2,2,77,2.5,-99,-99,N,
2025,9,1,1,1,4,4,A,AMCA2,1,96,3.6,-99,-99,N,
2025,9,1,1,1,4,4,E,AMCA2,1,78,2.5,-99,-99,N,
2025,9,1,1,1,4,5,B,AMCA2,1,187,13.9,-99,-99,N,
2025,9,1,1,1,4,5,C,AMCA2,1,124,3.5,-99,-99,N,
2025,9,1,1,1,4,5,C,AMCA2,2,70,3.5,-99,-99,N,
2025,9,1,1,1,4,5,C,AMCA2,3,75,2.2,-99,-99,N,
2025,9,1,1,1,4,5,E,AMCA2,1,127,7.7,-99,-99,N,
2025,9,1,1,1,4,6,A,AMCA2,1,108,4.5,-99,-99,N,
2025,9,1,1,1,4,6,A,AMCA2,2,96,2.5,-99,-99,N,
2025,9,1,1,1,4,6,A,AMCA2,3,125,6.4,-99,-99,N,
2025,9,1,1,1,4,6,A,AMCA2,4,88,3.4,-99,-99,N,
2025,9,1,1,1,4,6,A,AMCA2,5,74,2.9,-99,-99,N,
2025,9,1,1,1,4,6,A,AMCA2,6,59,2.3,-99,-99,N,
2025,9,1,1,1,4,6,A,AMCA2,7,107,4.8,-99,-99,N,
2025,9,1,1,1,4,6,B,AMCA2,1,142,7,-99,-99,N,
2025,9,1,1,1,4,6,C,AMCA2,1,130,5.5,-99,-99,N,
2025,9,1,1,1,4,6,C,AMCA2,2,101,3.5,-99,-99,N,
2025,9,1,1,1,4,6,D,AMCA2,1,143,7,-99,-99,N,
2025,9,1,1,1,4,7,A,AMCA2,1,55,1.7,-99,-99,N,
2025,9,1,1,1,4,7,A,AMCA2,2,114,7.9,-99,-99,N,
2025,9,1,1,1,4,7,A,AMCA2,3,112,5,-99,-99,N,
2025,9,1,1,1,4,7,A,AMCA2,4,98,3.9,-99,-99,N,
2025,9,1,1,1,4,7,B,AMCA2,1,107,5,-99,-99,N,
2025,9,1,1,1,4,7,B,AMCA2,2,182,11.8,-99,-99,N,
2025,9,1,1,1,4,7,B,AMCA2,3,96,3.1,-99,-99,N,
2025,9,1,1,1,4,7,B,AMCA2,4,92,2.6,-99,-99,N,
2025,9,1,1,1,4,7,C,AMCA2,1,162,11.1,-99,-99,N,
2025,9,1,1,1,4,7,D,AMCA2,1,111,5.2,-99,-99,N,
2025,9,1,1,1,4,7,E,AMCA2,1,243,21,-99,-99,N,
2025,9,1,1,1,4,7,E,AMCA2,2,103,6.7,-99,-99,N,
2025,9,1,1,1,4,8,A,AMCA2,1,40,1.1,-99,-99,N,
2025,9,1,1,1,4,8,A,AMCA2,2,35,0,-99,-99,C,
2025,9,1,1,1,4,8,A,AMCA2,3,33,0,-99,-99,C,
2025,9,1,1,1,4,8,A,AMCA2,4,94,3.4,-99,-99,N,
2025,9,1,1,1,4,8,A,AMCA2,5,78,2.4,-99,-99,N,
2025,9,1,1,1,4,8,A,AMCA2,6,63,2.1,-99,-99,N,
2025,9,1,1,1,4,8,A,AMCA2,7,58,3.7,-99,-99,C,
2025,9,1,1,1,4,8,A,AMCA2,8,112,3.4,-99,-99,N,
2025,9,1,1,1,4,8,A,AMCA2,9,115,6.2,-99,-99,N,
2025,9,1,1,1,4,8,A,AMCA2,10,96,3.7,-99,-99,N,
2025,9,1,1,1,4,8,A,AMCA2,11,197,13.4,-99,-99,N,
2025,9,1,1,1,4,8,B,AMCA2,1,129,5.7,-99,-99,N,
2025,9,1,1,1,4,8,C,AMCA2,1,52,2.2,-99,-99,N,
2025,9,1,1,1,4,8,C,AMCA2,2,45,0.9,-99,-99,N,
2025,9,1,1,1,4,8,C,POHY,3,50,0.9,-99,-99,N,
2025,9,1,1,1,4,8,D,AMCA2,1,179,14.1,-99,-99,N,
2025,9,1,1,1,4,9,A,AMCA2,1,125,5.1,-99,-99,N,
2025,9,1,1,1,4,9,B,AMCA2,1,206,16.1,-99,-99,N,
2025,9,1,1,1,4,9,C,AMCA2,1,100,4.2,-99,-99,N,
2025,9,1,1,1,4,10,A,AMCA2,1,120,5,-99,-99,N,
2025,9,1,1,1,4,10,B,AMCA2,1,64,4.8,-99,-99,C,
2025,9,1,1,1,4,10,B,AMCA2,2,74,1.9,-99,-99,N,
2025,9,1,1,1,4,10,B,AMCA2,3,33,0,-99,-99,N,
2025,9,1,1,1,4,10,C,AMCA2,1,116,4,-99,-99,N,
2025,9,1,1,1,4,10,C,AMCA2,2,87,3.1,-99,-99,N,
2025,9,1,1,1,4,10,C,AMCA2,3,132,5.5,-99,-99,N,
2025,9,1,1,1,4,10,D,AMCA2,1,117,5.3,-99,-99,N,
2025,9,1,1,1,4,10,D,AMCA2,2,63,2.1,-99,-99,N,
2025,9,1,1,1,4,10,D,AMCA2,3,77,2.9,-99,-99,N,
2025,10,1,1,0,3,2,D,KOVI,1,25,0,-99,-99,N,
2025,10,1,1,0,3,6,A,AMCA2,1,33,0,-99,-99,N,
2025,10,1,1,0,3,7,A,AMCA2,1,32,0,-99,-99,N,
2025,10,1,1,0,3,7,C,POHY,1,39,0,-99,-99,N,
2025,10,1,1,0,3,7,D,POHY,1,32,0,-99,-99,N,
2025,10,1,1,0,3,8,A,KOVI,1,42,1.2,-99,-99,N,
2025,10,1,1,0,3,10,B,POHY,1,51,1.3,-99,-99,N,
2025,10,1,1,0,3,10,D,KOVI,1,112,6.1,-99,-99,N,
2025,10,0,1,0,3,1,NR,AMCA2,1,56,0.9,-99,-99,N,
2025,10,0,1,0,3,1,NR,AMCA2,2,26,0,-99,-99,N,
2025,11,1,0,0,1,2,B,AMCA2,1,46,0.9,-99,-99,N,
2025,11,1,0,0,1,3,B,AMCA2,1,26,0,-99,-99,N,
2025,11,0,0,0,1,1,NR,AMCA2,1,33,0,-99,-99,N,
2025,11,0,0,0,1,1,PR,SCRO5,1,75,3.6,-99,-99,N,
2025,11,0,0,0,1,3,PR,KOVI,1,120,5.3,-99,-99,N,
2025,11,0,0,0,1,3,PR,KOVI,2,70,2.2,-99,-99,N,
2025,12,1,0,1,2,8,B,AMCA2,1,109,4.6,-99,-99,N,
2025,12,1,0,1,2,9,E,AMCA2,1,130,5.5,-99,-99,N,
2025,12,1,0,1,2,10,B,IVFR,1,28,0,-99,-99,N,
2025,12,1,0,1,2,10,D,AMCA2,1,95,3.2,-99,-99,N,
2025,12,1,0,1,2,10,D,AMCA2,2,70,2.6,-99,-99,N,
2025,12,1,0,1,2,10,D,AMCA2,3,121,6.2,-99,-99,N,
2025,12,1,0,1,2,10,D,AMCA2,4,97,6.1,-99,-99,N,
2025,12,1,0,1,2,10,D,AMCA2,5,175,8.1,-99,-99,N,
2025,12,1,0,1,2,10,D,AMCA2,6,66,2.8,-99,-99,N,
2025,12,0,0,1,2,3,PR,SCRO5,1,119,3.6,-99,-99,N,
