"Year","Month","Sample_Date","SampleID","Chamber","Well","Depth","CO2","Nitrogen","Treatment","H2S","pH","CH4","NH4","SO4","Cl","Salinity"
2011,"January",NA,"P1A-20",1,"A",20,0,0,1,NA,NA,NA,NA,NA,NA,NA
2011,"January",NA,"P1A-20",1,"A",20,0,0,1,NA,NA,NA,NA,NA,NA,NA
2011,"January",NA,"P1A-20",1,"A",20,0,0,1,NA,NA,NA,NA,NA,NA,NA
2011,"January",NA,"P1A-20",1,"A",20,0,0,1,NA,NA,NA,NA,NA,NA,NA
2011,"January",NA,"P1A-20",1,"A",20,0,0,1,NA,NA,NA,NA,NA,NA,NA
2011,"January",NA,"P1A-20",1,"A",20,0,0,1,NA,NA,NA,NA,NA,NA,NA
2011,"January",NA,"P1A-20",1,"A",20,0,0,1,NA,NA,NA,NA,NA,NA,NA
2011,"January",NA,"P1A-20",1,"A",20,0,0,1,NA,NA,NA,NA,NA,NA,NA
2011,"January",NA,"P1A-20",1,"A",20,0,0,1,NA,NA,NA,NA,NA,NA,NA
2011,"January",NA,"P1A-20",1,"A",20,0,0,1,NA,NA,NA,NA,NA,NA,NA
2011,"May",24,"P1A-20",1,"A",20,0,0,1,0.235077996,6.39,7.613390665,NA,0.786556457,72.50476728,4.644547258
2011,"May",24,"P1A-40",1,"A",40,0,0,1,0.041513517,6.63,9.471571095,NA,5.776013724,127.1582511,8.14554832
2011,"May",24,"P1B-20",1,"B",20,0,0,1,0.391095475,6.44,5.713126009,NA,3.623175296,111.5504654,7.145742448
2011,"May",24,"P1B-40",1,"B",40,0,0,1,0.71582091,6.54,11.17112637,NA,5.701278852,152.699859,9.78169647
2011,"May",24,"P2A-20",2,"A",20,1,0,3,0.120519283,6.39,18.38695246,NA,2.041266376,93.45184767,5.986378476
2011,"May",24,"P2A-40",2,"A",40,1,0,3,0.213678685,6.6,7.590729928,NA,5.6327199,132.3700423,8.479406026
2011,"May",24,"P2B-20",2,"B",20,1,0,3,0.323132944,6.47,6.58070851,NA,2.398190892,88.19475317,5.649618728
2011,"May",24,"P2B-40",2,"B",40,1,0,3,0.48865379,6.58,5.628957558,NA,6.086431691,140.7672779,9.0173174
2011,"May",24,"P3A-20",3,"A",20,0,1,2,0.125408709,6.4,5.596585076,NA,1.744416719,77.0819464,4.937752885
2011,"May",24,"P3A-40",3,"A",40,0,1,2,0.134714945,6.43,2.815788928,NA,5.005614473,115.2698166,7.383997205
2011,"May",24,"P3B-20",3,"B",20,0,1,2,0.423472396,6.5,4.654545869,NA,2.232782283,80.29574048,5.143622588
2011,"May",24,"P3B-40",3,"B",40,0,1,2,0.391095475,6.53,7.195785655,NA,6.399563319,147.1837518,9.428344848
2011,"May",24,"P4A-20",4,"A",20,1,1,4,0.183709157,6.38,7.577780935,NA,1.48147224,76.57294781,4.905147377
2011,"May",24,"P4A-40",4,"A",40,1,1,4,0.00756805,6.43,3.162174478,NA,5.675982533,119.1423413,7.632063972
2011,"May",24,"P4B-20",4,"B",20,1,1,4,0.233215681,6.54,7.467714499,NA,1.133936369,66.93633286,4.287843651
2011,"May",24,"P4B-40",4,"B",40,1,1,4,0.107819496,6.48,2.556809077,NA,6.468340611,135.6754866,8.691146672
2011,"May",24,"P5A-20",5,"A",20,1,0,3,0.23136812,6.35,8.555429872,NA,4.109950094,107.7524401,6.902447968
2011,"May",24,"P5A-40",5,"A",40,1,0,3,0.236955182,6.39,3.026210057,NA,5.313100437,140.875402,9.024243631
2011,"May",24,"P5B-20",5,"B",20,1,0,3,0.1529972,6.47,14.45369598,NA,2.836306925,79.22273625,5.074887922
2011,"May",24,"P5B-40",5,"B",40,1,0,3,0.034849491,6.36,2.530911092,NA,6.176855895,139.2965021,8.923102227
2011,"May",24,"P6A-20",6,"A",20,0,1,2,0.26276724,6.45,17.06939247,NA,1.903368684,86.01875882,5.510228555
2011,"May",24,"P6A-40",6,"A",40,0,1,2,0.246568372,6.43,5.751972987,NA,5.356207112,130.522426,8.36105114
2011,"May",24,"P6B-20",6,"B",20,0,1,2,0.516631511,6.45,16.90105557,NA,3.587305053,105.8450776,6.780265856
2011,"May",24,"P6B-40",6,"B",40,0,1,2,0.60091257,6.45,NA,NA,5.649688085,146.6313117,9.39295656
2011,"May",24,"P7A-20",7,"A",20,1,1,4,0.338927358,6.42,5.25991127,NA,1.957735496,83.78431594,5.367094278
2011,"May",24,"P7A-40",7,"A",40,1,1,4,0.206987575,6.48,5.237250533,NA,5.855895197,47.46380818,3.040469744
2011,"May",24,"P7B-20",7,"B",20,1,1,4,0.328314225,6.47,14.10083593,NA,3.24033063,93.55599436,5.99304992
2011,"May",24,"P7B-40",7,"B",40,1,1,4,0.477132036,6.5,6.933568556,NA,5.595601996,152.2490832,9.75282061
2011,"May",24,"P8A-20",8,"A",20,0,0,1,0.090511593,6.27,5.049490141,NA,2.241422333,86.39435825,5.53428876
2011,"May",24,"P8A-40",8,"A",40,0,0,1,0.198917558,6.45,1.397874245,NA,6.069837804,135.8091396,8.699708238
2011,"May",24,"P8B-20",8,"B",20,0,0,1,0.25252249,6.37,4.683681102,NA,3.031035558,97.26913963,6.230907137
2011,"May",24,"P8B-40",8,"B",40,0,0,1,0.440652525,6.41,2.517962099,NA,6.47900811,152.1672779,9.74758031
2011,"May",24,"P9A-20",9,"A",20,1,1,4,0.143565349,6.39,3.061819786,NA,2.83477854,99.22524683,6.356211745
2011,"May",24,"P9A-40",9,"A",40,1,1,4,0.355493787,6.47,1.708650066,NA,6.041952589,145.7166432,9.334364585
2011,"May",24,"P9B-20",9,"B",20,1,1,4,0.710150094,6.56,15.96549085,NA,2.39691204,103.7501834,6.646070808
2011,"May",24,"P9B-40",9,"B",40,1,1,4,0.89438161,6.59,12.61170179,NA,4.527822832,135.7723836,8.697353717
2011,"May",24,"P10A-20",10,"A",20,1,0,3,0.291391064,6.44,2.72514598,NA,5.265689333,128.3959379,8.224832252
2011,"May",24,"P10A-40",10,"A",40,1,0,3,0.36698553,6.48,1.329892034,NA,6.112383032,155.5321016,9.963124691
2011,"May",24,"P10B-20",10,"B",20,1,0,3,0.930666364,6.58,19.17360376,NA,2.347192764,106.152299,6.799945893
2011,"May",24,"P10B-40",10,"B",40,1,0,3,1.452884124,6.66,17.65209713,NA,2.873611978,135.7487447,8.695839451
2011,"May",24,"P11A-20",11,"A",20,0,0,1,0.118617312,6.46,NA,NA,1.584622583,86.14394922,5.518248021
2011,"May",24,"P11A-40",11,"A",40,0,0,1,0.28908263,6.49,2.365811437,NA,6.283905178,140.8751199,9.024225561
2011,"May",24,"P11B-20",11,"B",20,0,0,1,0.605711083,6.51,8.510108398,NA,1.481877729,81.24191819,5.204232982
2011,"May",24,"P11B-40",11,"B",40,0,0,1,0.029488832,6.45,1.3881625,NA,6.945040549,150.6082087,9.647709227
2011,"May",24,"P12A-20",12,"A",20,0,1,2,0.437161625,6.52,12.81241117,NA,1.681378665,93.23252468,5.972329051
2011,"May",24,"P12A-40",12,"A",40,0,1,2,0.13906976,6.44,3.340223126,NA,5.859139114,133.5124965,8.552589526
2011,"May",24,"P12B-20",12,"B",20,0,1,2,0.650659243,6.65,7.739643342,NA,2.578103556,103.4113963,6.624368738
2011,"May",24,"P12B-40",12,"B",40,0,1,2,0.156691767,6.53,2.893482883,NA,5.862102308,143.5095346,9.192981291
2011,"July",5,"P1A-20",1,"A",20,0,0,1,0.636567267,6.32,156.0195453,74.28349686,0.023468497,70.74226234,4.531644452
2011,"July",5,"P1A-40",1,"A",40,0,0,1,0.839132593,6.58,59.90986481,92.57719387,3.45386151,114.1547729,7.312569567
2011,"July",5,"P1B-20",1,"B",20,0,0,1,1.603028783,6.67,55.93210796,44.57009812,1.027414223,106.5940028,6.828240622
2011,"July",5,"P1B-40",1,"B",40,0,0,1,1.187600834,6.63,22.57464652,34.81345973,4.97628821,148.9874048,9.543883525
2011,"July",5,"P2A-20",2,"A",20,1,0,3,0.908055486,6.79,158.6274786,145.7952215,0.058359326,72.83566432,4.66574391
2011,"July",5,"P2A-40",2,"A",40,1,0,3,0.498391623,6.55,27.89964742,131.3820057,4.625786026,127.014519,8.136341113
2011,"July",5,"P2B-20",2,"B",20,1,0,3,1.285145472,6.6,93.12432269,52.16475414,0.278636931,70.5707165,4.520655543
2011,"July",5,"P2B-40",2,"B",40,1,0,3,1.336882347,6.63,22.06284432,12.02949166,4.202632564,117.1649647,7.505396886
2011,"July",5,"P3A-20",3,"A",20,0,1,2,0.5699671,6.5,18.27325004,89.80542158,1.186646912,78.35907757,5.019563545
2011,"July",5,"P3A-40",3,"A",40,0,1,2,0.819494515,6.54,16.22980447,93.68590276,2.56106675,97.60255571,6.252265154
2011,"July",5,"P3B-20",3,"B",20,0,1,2,1.35815566,6.62,58.07339807,10.3664283,0.987158453,77.77227927,4.981974331
2011,"July",5,"P3B-40",3,"B",40,0,1,2,0.769344076,6.59,16.78300244,14.63495759,5.127994386,130.8777038,8.383809582
2011,"July",5,"P4A-20",4,"A",20,1,1,4,0.998275798,6.53,125.3904412,79.82704144,0.016547099,65.32250494,4.18446482
2011,"July",5,"P4A-40",4,"A",40,1,1,4,0.769344076,6.57,24.46756204,98.12073838,1.757657517,84.86421721,5.436270756
2011,"July",5,"P4B-20",4,"B",20,1,1,4,1.05498868,6.61,150.1601627,10.3664283,0.400249532,61.03401693,3.909752211
2011,"July",5,"P4B-40",4,"B",40,1,1,4,0.710949606,6.58,26.25886976,16.46432729,4.336319401,114.3012243,7.321950969
2011,"July",5,"P5A-20",5,"A",20,1,0,3,0.800316024,6.42,35.07616806,75.94656023,3.169750468,99.75029619,6.389845436
2011,"July",5,"P5A-40",5,"A",40,1,0,3,0.460562886,6.41,14.80353214,90.91413046,4.798334373,133.6121044,8.558970224
2011,"July",5,"P5B-20",5,"B",20,1,0,3,0.066062765,6.44,31.24894127,4.767448307,2.219466625,69.59034415,4.457854704
2011,"July",5,"P5B-40",5,"B",40,1,0,3,0.315308962,6.42,18.38614759,11.86318532,4.932579538,122.1177066,7.822660369
2011,"July",5,"P6A-20",6,"A",20,0,1,2,0.565485676,6.53,24.23047719,103.1099285,2.076556457,95.28119323,6.103562968
2011,"July",5,"P6A-40",6,"A",40,0,1,2,0.226335549,6.52,11.53326658,102.0012196,4.581734248,117.2688801,7.512053513
2011,"July",5,"P6B-20",6,"B",20,0,1,2,0.716583819,6.63,62.231791,11.36426631,1.348081722,84.50067137,5.412982682
2011,"July",5,"P6B-40",6,"B",40,0,1,2,0.133372022,6.5,16.88461023,20.89916293,5.643568309,139.1504203,8.913744497
2011,"July",5,"P7A-20",7,"A",20,1,1,4,0.733755782,6.5,70.90608574,88.14235825,1.322538989,71.90445698,4.606092491
2011,"July",5,"P7A-40",7,"A",40,1,1,4,0.775441061,6.51,26.33789804,63.19640778,4.129135995,114.2040733,7.315727661
2011,"July",5,"P7B-20",7,"B",20,1,1,4,0.908055486,6.55,50.27217768,108.653473,5.412473487,145.6452045,9.329788358
2011,"July",5,"P7B-40",7,"B",40,1,1,4,0.886804417,6.57,16.98245477,114.1970175,1.601883968,77.74794922,4.980415794
2011,"July",5,"P8A-20",8,"A",20,0,0,1,0.852485399,6.48,37.52980805,64.85947114,1.235224579,80.48983075,5.156055652
2011,"July",5,"P8A-40",8,"A",40,0,0,1,0.530879764,6.5,9.072100085,65.96818005,5.540427324,137.4209535,8.80295805
2011,"July",5,"P8B-20",8,"B",20,0,0,1,0.757293545,6.51,18.07756096,106.4360552,4.186640674,185.6509535,11.89248262
2011,"July",5,"P8B-40",8,"B",40,0,0,1,0.662193938,6.5,9.2339199,184.6000333,5.416656269,134.5660141,8.620075916
2011,"July",5,"P9A-20",9,"A",20,1,1,4,0.597611389,6.43,14.457313,20.23393758,2.128421709,96.14003949,6.158579071
2011,"July",5,"P9A-40",9,"A",40,1,1,4,0.349383709,6.57,8.646852664,31.87538112,4.147854024,110.7778251,7.096248537
2011,"July",5,"P9B-20",9,"B",20,1,1,4,0.952097587,6.57,18.63828544,17.07411719,0,0.318115656,0.0204039
2011,"July",5,"P9B-40",9,"B",40,1,1,4,0.510334904,6.64,8.861358,15.52192472,5.594176544,150.7129788,9.654420606
2011,"July",5,"P10A-20",10,"A",20,1,0,3,2.198206591,6.65,117.4462172,8.703364928,0.536946351,92.18330606,5.905118047
2011,"July",5,"P10A-40",10,"A",40,1,0,3,1.707523767,6.66,29.92803999,11.36426631,3.357869619,148.0851058,9.486083919
2011,"July",5,"P10B-20",10,"B",20,1,0,3,2.435761945,6.72,90.2905943,58.76157215,1.294532127,101.5401805,6.504502116
2011,"July",5,"P10B-40",10,"B",40,1,0,3,2.233185838,6.72,34.54178634,44.62553357,2.587361198,137.252457,8.792164477
2011,"July",5,"P11A-20",11,"A",20,0,0,1,1.022198127,6.51,34.51544358,113.6426631,0.688827199,85.54088293,5.47961671
2011,"July",5,"P11A-40",11,"A",40,0,0,1,0.583625591,6.5,16.6701049,73.17478796,4.437576419,123.03863,7.881653016
2011,"July",5,"P11B-20",11,"B",20,0,0,1,2.233185838,6.54,171.0386821,62.08769887,0.182579538,81.70666573,5.234003849
2011,"July",5,"P11B-40",11,"B",40,0,0,1,0.641612007,6.49,24.27187296,38.41676368,5.877270742,135.7082595,8.693246045
2011,"July",5,"P12A-20",12,"A",20,0,1,2,1.265015746,6.83,65.06175614,39.47003714,0.220795384,64.99159379,4.163267264
2011,"July",5,"P12A-40",12,"A",40,0,1,2,0.739570732,6.78,23.27461131,26.44270747,3.363025577,115.4866544,7.397887433
2011,"July",5,"P12B-20",12,"B",20,0,1,2,0.915251746,6.77,58.13737335,72.6204335,1.577900811,91.53576869,5.863638001
2011,"July",5,"P12B-40",12,"B",40,0,1,2,0.418938991,6.53,15.75939803,28.5492544,5.479600749,137.2699379,8.793284275
2011,"September",NA,"P1A-20",1,"A",20,0,0,1,NA,NA,NA,NA,NA,NA,NA
2011,"September",NA,"P1A-40",1,"A",40,0,0,1,NA,NA,NA,NA,NA,NA,NA
2011,"September",NA,"P1B-20",1,"B",20,0,0,1,NA,NA,NA,NA,NA,NA,NA
2011,"September",NA,"P1B-40",1,"B",40,0,0,1,NA,NA,NA,NA,NA,NA,NA
2011,"September",NA,"P2A-20",2,"A",20,1,0,3,NA,NA,NA,NA,NA,NA,NA
2011,"September",NA,"P2A-40",2,"A",40,1,0,3,NA,NA,NA,NA,NA,NA,NA
2011,"September",NA,"P2B-20",2,"B",20,1,0,3,NA,NA,NA,NA,NA,NA,NA
2011,"September",NA,"P2B-40",2,"B",40,1,0,3,NA,NA,NA,NA,NA,NA,NA
2011,"September",NA,"P3A-20",3,"A",20,0,1,2,NA,NA,NA,NA,NA,NA,NA
2011,"September",NA,"P3A-40",3,"A",40,0,1,2,NA,NA,NA,NA,NA,NA,NA
2011,"September",NA,"P3B-20",3,"B",20,0,1,2,NA,NA,NA,NA,NA,NA,NA
2011,"September",NA,"P3B-40",3,"B",40,0,1,2,NA,NA,NA,NA,NA,NA,NA
2011,"September",NA,"P4A-20",4,"A",20,1,1,4,NA,NA,NA,NA,NA,NA,NA
2011,"September",NA,"P4A-40",4,"A",40,1,1,4,NA,NA,NA,NA,NA,NA,NA
2011,"September",NA,"P4B-20",4,"B",20,1,1,4,NA,NA,NA,NA,NA,NA,NA
2011,"September",NA,"P4B-40",4,"B",40,1,1,4,NA,NA,NA,NA,NA,NA,NA
2011,"September",NA,"P5A-20",5,"A",20,1,0,3,NA,NA,NA,NA,NA,NA,NA
2011,"September",NA,"P5A-40",5,"A",40,1,0,3,NA,NA,NA,NA,NA,NA,NA
2011,"September",NA,"P5B-20",5,"B",20,1,0,3,NA,NA,NA,NA,NA,NA,NA
2011,"September",NA,"P5B-40",5,"B",40,1,0,3,NA,NA,NA,NA,NA,NA,NA
2011,"September",NA,"P6A-20",6,"A",20,0,1,2,NA,NA,NA,NA,NA,NA,NA
2011,"September",NA,"P6A-40",6,"A",40,0,1,2,NA,NA,NA,NA,NA,NA,NA
2011,"September",NA,"P6B-20",6,"B",20,0,1,2,NA,NA,NA,NA,NA,NA,NA
2011,"September",NA,"P6B-40",6,"B",40,0,1,2,NA,NA,NA,NA,NA,NA,NA
2011,"September",NA,"P7A-20",7,"A",20,1,1,4,NA,NA,NA,NA,NA,NA,NA
2011,"September",NA,"P7A-40",7,"A",40,1,1,4,NA,NA,NA,NA,NA,NA,NA
2011,"September",NA,"P7B-20",7,"B",20,1,1,4,NA,NA,NA,NA,NA,NA,NA
2011,"September",NA,"P7B-40",7,"B",40,1,1,4,NA,NA,NA,NA,NA,NA,NA
2011,"September",NA,"P8A-20",8,"A",20,0,0,1,NA,NA,NA,NA,NA,NA,NA
2011,"September",NA,"P8A-40",8,"A",40,0,0,1,NA,NA,NA,NA,NA,NA,NA
2011,"September",NA,"P8B-20",8,"B",20,0,0,1,NA,NA,NA,NA,NA,NA,NA
2011,"September",NA,"P8B-40",8,"B",40,0,0,1,NA,NA,NA,NA,NA,NA,NA
2011,"September",NA,"P9A-20",9,"A",20,1,1,4,NA,NA,NA,NA,NA,NA,NA
2011,"September",NA,"P9A-40",9,"A",40,1,1,4,NA,NA,NA,NA,NA,NA,NA
2011,"September",NA,"P9B-20",9,"B",20,1,1,4,NA,NA,NA,NA,NA,NA,NA
2011,"September",NA,"P9B-40",9,"B",40,1,1,4,NA,NA,NA,NA,NA,NA,NA
2011,"September",NA,"P10A-20",10,"A",20,1,0,3,NA,NA,NA,NA,NA,NA,NA
2011,"September",NA,"P10A-40",10,"A",40,1,0,3,NA,NA,NA,NA,NA,NA,NA
2011,"September",NA,"P10B-20",10,"B",20,1,0,3,NA,NA,NA,NA,NA,NA,NA
2011,"September",NA,"P10B-40",10,"B",40,1,0,3,NA,NA,NA,NA,NA,NA,NA
2011,"September",NA,"P11A-20",11,"A",20,0,0,1,NA,NA,NA,NA,NA,NA,NA
2011,"September",NA,"P11A-40",11,"A",40,0,0,1,NA,NA,NA,NA,NA,NA,NA
2011,"September",NA,"P11B-20",11,"B",20,0,0,1,NA,NA,NA,NA,NA,NA,NA
2011,"September",NA,"P11B-40",11,"B",40,0,0,1,NA,NA,NA,NA,NA,NA,NA
2011,"September",NA,"P12A-20",12,"A",20,0,1,2,NA,NA,NA,NA,NA,NA,NA
2011,"September",NA,"P12A-40",12,"A",40,0,1,2,NA,NA,NA,NA,NA,NA,NA
2011,"September",NA,"P12B-20",12,"B",20,0,1,2,NA,NA,NA,NA,NA,NA,NA
2011,"September",NA,"P12B-40",12,"B",40,0,1,2,NA,NA,NA,NA,NA,NA,NA
2012,"January",NA,"P1A-20",1,"A",20,0,0,1,NA,NA,NA,NA,NA,NA,NA
2012,"January",NA,"P1A-20",1,"A",20,0,0,1,NA,NA,NA,NA,NA,NA,NA
2012,"January",NA,"P1A-20",1,"A",20,0,0,1,NA,NA,NA,NA,NA,NA,NA
2012,"January",NA,"P1A-20",1,"A",20,0,0,1,NA,NA,NA,NA,NA,NA,NA
2012,"January",NA,"P1A-20",1,"A",20,0,0,1,NA,NA,NA,NA,NA,NA,NA
2012,"January",NA,"P1A-20",1,"A",20,0,0,1,NA,NA,NA,NA,NA,NA,NA
2012,"January",NA,"P1A-20",1,"A",20,0,0,1,NA,NA,NA,NA,NA,NA,NA
2012,"January",NA,"P1A-20",1,"A",20,0,0,1,NA,NA,NA,NA,NA,NA,NA
2012,"May",25,"P1A-20",1,"A",20,0,0,1,1.080113121,6.46,95.38699036,71.38200565,3.769123518,58.93124118,3.775052288
2012,"May",25,"P1A-40",1,"A",40,0,0,1,0.919817779,6.69,147.8573854,96.17661732,1.693811603,33.73313681,2.160908338
2012,"May",25,"P1B-20",1,"B",20,0,0,1,1.039580073,6.54,111.5299406,89.53933146,3.92794136,81.28132017,5.206757
2012,"May",25,"P1B-40",1,"B",40,0,0,1,1.976640609,6.68,219.8619115,144.6477077,2.300464754,86.2751481,5.526652378
2012,"May",25,"P2A-20",2,"A",20,1,0,3,0.428031653,6.24,39.33959629,39.62137591,2.458499688,51.27045416,3.284316443
2012,"May",25,"P2A-40",2,"A",40,1,0,3,1.348387621,6.7,124.8391643,132.1675259,3.272797879,71.72499295,4.594596357
2012,"May",25,"P2B-20",2,"B",20,1,0,3,0.753916177,6.42,40.31514149,64.03292865,4.691743606,80.77306347,5.174199016
2012,"May",25,"P2B-40",2,"B",40,1,0,3,1.000568095,6.68,90.62540073,77.17944454,3.552819713,64.48201975,4.130624893
2012,"May",25,"P3A-20",3,"A",20,0,1,2,0.393487586,6.21,37.34205137,44.55125007,6.167142857,104.2587532,6.67864885
2012,"May",25,"P3A-40",3,"A",40,0,1,2,0.992943166,6.62,91.62417319,107.3529575,5.578509046,99.43759379,6.369814299
2012,"May",25,"P3B-20",3,"B",20,0,1,2,0.603917407,6.45,44.89091299,78.54093909,4.730651903,92.59707757,5.931623485
2012,"May",25,"P3B-40",3,"B",40,0,1,2,1.709246857,6.64,101.983534,106.9100283,4.53654398,103.5890296,6.635747598
2012,"May",25,"P4A-20",4,"A",20,1,1,4,0.327489075,6.3,26.40200885,28.95005267,5.173633812,87.91887447,5.631946449
2012,"May",25,"P4A-40",4,"A",40,1,1,4,0.465608325,6.56,34.99609746,51.43245191,3.262174049,49.80462341,3.190418037
2012,"May",25,"P4B-20",4,"B",20,1,1,4,0.098537634,6.19,7.471786654,21.69355286,11.32434498,184.3514979,11.8092419
2012,"May",25,"P4B-40",4,"B",40,1,1,4,0.839140515,6.57,36.25036985,54.12217972,2.918022458,66.0039464,4.228116699
2012,"May",25,"P5A-20",5,"A",20,1,0,3,0.955681316,6.33,24.03282767,34.75525251,7.277239551,151.8360959,9.726365407
2012,"May",25,"P5A-40",5,"A",40,1,0,3,0.905852071,6.56,21.15264662,17.7787017,5.146261177,118.6639339,7.601418075
2012,"May",25,"P5B-20",5,"B",20,1,0,3,0.405714073,6.3,8.842195378,14.76578524,6.731968185,124.9868717,8.006453772
2012,"May",25,"P5B-40",5,"B",40,1,0,3,0.771418127,6.48,10.53778583,3.576140585,2.515277604,65.76093371,4.212549756
2012,"May",25,"P6A-20",6,"A",20,0,1,2,0.113084426,6.08,24.2883276,7.008703365,3.608131628,70.27338223,4.50160886
2012,"May",25,"P6A-40",6,"A",40,0,1,2,0.858620924,6.54,61.40549947,45.66605688,3.646961946,74.39743865,4.765788284
2012,"May",25,"P6B-20",6,"B",20,0,1,2,0.402622289,6.37,49.00213916,21.54720328,8.28507486,132.5429083,8.490479503
2012,"May",25,"P6B-40",6,"B",40,0,1,2,1.775890097,6.62,128.9736177,62.90925218,2.630617592,66.6316756,4.26832787
2012,"May",25,"P7A-20",7,"A",20,1,1,4,0.330003902,6.18,31.00100762,11.91862076,5.025371179,94.5478787,6.056588196
2012,"May",25,"P7A-40",7,"A",40,1,1,4,1.165981965,6.58,47.00459424,29.88247685,4.256784155,89.43973484,5.72936995
2012,"May",25,"P7B-20",7,"B",20,1,1,4,0.759705589,6.55,39.85059616,14.63883807,4.118387399,78.61513117,5.035965865
2012,"May",25,"P7B-40",7,"B",40,1,1,4,1.961577423,6.65,115.1069396,41.75730362,2.784725515,103.4110437,6.624346151
2012,"May",25,"P8A-20",8,"A",20,0,0,1,0.350830344,6.24,8.145377383,4.746382837,3.786659389,77.84944993,4.986917741
2012,"May",25,"P8A-40",8,"A",40,0,0,1,1.27808266,6.61,19.66610157,11.73235767,4.172124142,104.9851283,6.7251791
2012,"May",25,"P8B-20",8,"B",20,0,0,1,0.421532795,6.31,8.95833171,2.511780032,4.895,97.09175458,6.219544179
2012,"May",25,"P8B-40",8,"B",40,0,0,1,1.762356751,6.55,27.93500844,7.610732303,2.836232065,91.17142172,5.840298608
2012,"May",25,"P9A-20",9,"A",20,1,1,4,0.576824891,6.31,18.99251084,8.193913186,3.841356831,82.97311425,5.315130198
2012,"May",25,"P9A-40",9,"A",40,1,1,4,1.991819467,6.66,36.76136971,26.58295914,4.488945727,148.9383047,9.54073826
2012,"May",25,"P9B-20",9,"B",20,1,1,4,0.941171087,6.43,28.32987197,5.596208215,6.749656893,144.2180536,9.23836771
2012,"May",25,"P9B-40",9,"B",40,1,1,4,1.917073116,6.62,27.91178118,27.64898276,6.194407361,169.2316446,10.84069207
2012,"May",25,"P10A-20",10,"A",20,1,0,3,1.422559927,6.63,68.28077035,82.90537167,4.103340611,88.15902116,5.647329801
2012,"May",25,"P10A-40",10,"A",40,1,0,3,2.338931024,6.73,128.300027,145.3922058,2.759210855,104.843512,6.716107418
2012,"May",25,"P10B-20",10,"B",20,1,0,3,1.122226545,6.49,62.54363553,40.25333999,3.781606363,82.50734838,5.285294099
2012,"May",25,"P10B-40",10,"B",40,1,0,3,4.151326098,6.72,192.2911462,198.04202,1.478630692,103.2100818,6.611472902
2012,"May",25,"P11A-20",11,"A",20,0,0,1,0.434630705,6.28,26.26264525,7.86296358,1.287888334,32.43907475,2.078013116
2012,"May",25,"P11A-40",11,"A",40,0,0,1,1.559328729,6.6,125.6521186,32.89206719,4.808190892,133.6371425,8.560574117
2012,"May",25,"P11B-20",11,"B",20,0,0,1,0.693071773,6.36,33.34696154,12.93641555,3.327030568,66.57763893,4.264866381
2012,"May",25,"P11B-40",11,"B",40,0,0,1,1.775890097,6.64,156.4747013,47.41282776,4.208870867,128.0064626,8.199883184
2012,"May",25,"P12A-20",12,"A",20,0,1,2,0.858620924,6.56,63.21722626,77.32523976,7.254862757,149.637292,9.585514094
2012,"May",25,"P12A-40",12,"A",40,0,1,2,1.512337231,6.74,70.603497,110.638062,3.819185901,122.6512186,7.85683616
2012,"May",25,"P12B-20",12,"B",20,0,1,2,1.031657849,6.56,42.01073194,73.55673818,8.216668746,165.77622,10.61934397
2012,"May",25,"P12B-40",12,"B",40,0,1,2,2.684219821,6.71,102.9590792,122.7784245,2.40911728,92.02275882,5.894833688
2012,"June",13,"P1A-20",1,"A",20,0,0,1,0.682024999,6.45,60.09003542,53.66095681,6.285664379,102.3573879,6.556850906
2012,"June",13,"P1A-40",1,"A",40,0,0,1,NA,NA,NA,NA,NA,NA,NA
2012,"June",13,"P1B-20",1,"B",20,0,0,1,1.465398595,6.57,81.85111528,7.992682524,4.969532127,99.44850494,6.370513247
2012,"June",13,"P1B-40",1,"B",40,0,0,1,NA,NA,NA,NA,NA,NA,NA
2012,"June",13,"P2A-20",2,"A",20,1,0,3,0.500638997,6.18,54.01481332,104.4703143,6.907451653,150.1687137,9.619555986
2012,"June",13,"P2A-40",2,"A",40,1,0,3,NA,NA,NA,NA,NA,NA,NA
2012,"June",13,"P2B-20",2,"B",20,1,0,3,0.921599739,6.37,63.3409904,13.00182937,8.159017467,164.0859549,10.51106871
2012,"June",13,"P2B-40",2,"B",40,1,0,3,NA,NA,NA,NA,NA,NA,NA
2012,"June",13,"P3A-20",3,"A",20,0,1,2,0.333308378,6.15,18.66067797,32.75625034,10.49857455,177.8081241,11.39008549
2012,"June",13,"P3A-40",3,"A",40,0,1,2,NA,NA,NA,NA,NA,NA,NA
2012,"June",13,"P3B-20",3,"B",20,0,1,2,0.639045443,6.47,34.4278096,2.77787017,8.266051154,153.984048,9.863959242
2012,"June",13,"P3B-40",3,"B",40,0,1,2,NA,NA,NA,NA,NA,NA,NA
2012,"June",13,"P4A-20",4,"A",20,1,1,4,0.488566819,6.24,41.17354117,54.8600255,12.41296943,195.0299351,12.49328284
2012,"June",13,"P4A-40",4,"A",40,1,1,4,NA,NA,NA,NA,NA,NA,NA
2012,"June",13,"P4B-20",4,"B",20,1,1,4,0.220107183,6.17,8.684309898,2.175841233,9.427517155,166.4110465,10.66000978
2012,"June",13,"P4B-40",4,"B",40,1,1,4,NA,NA,NA,NA,NA,NA,NA
2012,"June",13,"P5A-20",5,"A",20,1,0,3,1.43006265,6.38,25.77214198,30.06541382,8.83588272,180.3474669,11.55275108
2012,"June",13,"P5A-40",5,"A",40,1,0,3,NA,NA,NA,NA,NA,NA,NA
2012,"June",13,"P5B-20",5,"B",20,1,0,3,0.565624495,6.33,15.20653831,4.867232108,7.102186525,127.3781241,8.159632982
2012,"June",13,"P5B-40",5,"B",40,1,0,3,NA,NA,NA,NA,NA,NA,NA
2012,"June",13,"P6A-20",6,"A",20,0,1,2,0.147737022,6.01,13.96711173,65.59897999,9.713285506,180.8422764,11.58444767
2012,"June",13,"P6A-40",6,"A",40,0,1,2,NA,NA,NA,NA,NA,NA,NA
2012,"June",13,"P6B-20",6,"B",20,0,1,2,0.644266146,6.34,44.38385921,6.098453351,9.504307548,153.2159859,9.814758607
2012,"June",13,"P6B-40",6,"B",40,0,1,2,NA,NA,NA,NA,NA,NA,NA
2012,"June",13,"P7A-20",7,"A",20,1,1,4,0.302303659,6.14,26.17851135,19.69843118,10.50007174,181.3357884,11.61606114
2012,"June",13,"P7A-40",7,"A",40,1,1,4,NA,NA,NA,NA,NA,NA,NA
2012,"June",13,"P7B-20",7,"B",20,1,1,4,0.89208876,6.42,36.07360555,77.22490161,9.647576419,164.4817264,10.5364211
2012,"June",13,"P7B-40",7,"B",40,1,1,4,NA,NA,NA,NA,NA,NA,NA
2012,"June",13,"P8A-20",8,"A",20,0,0,1,0.244664304,6.05,6.815010788,18.36687178,11.3086151,204.7309619,13.11471267
2012,"June",13,"P8A-40",8,"A",40,0,0,1,NA,NA,NA,NA,NA,NA,NA
2012,"June",13,"P8B-20",8,"B",20,0,0,1,0.213059027,6.07,8.663991429,26.78751594,13.93562383,219.9862313,14.091937
2012,"June",13,"P8B-40",8,"B",40,0,0,1,NA,NA,NA,NA,NA,NA,NA
2012,"June",13,"P9A-20",9,"A",20,1,1,4,0.639045443,6.27,13.80456398,41.85708742,7.861197754,152.9315853,9.796540433
2012,"June",13,"P9A-40",9,"A",40,1,1,4,NA,NA,NA,NA,NA,NA,NA
2012,"June",13,"P9B-20",9,"B",20,1,1,4,1.185995331,6.43,17.46188833,8.332501802,6.888608858,140.2318984,8.983021986
2012,"June",13,"P9B-40",9,"B",40,1,1,4,NA,NA,NA,NA,NA,NA,NA
2012,"June",13,"P10A-20",10,"A",20,1,0,3,1.642198819,6.57,67.05927015,14.02184157,5.603808484,140.2030353,8.981173063
2012,"June",13,"P10A-40",10,"A",40,1,0,3,NA,NA,NA,NA,NA,NA,NA
2012,"June",13,"P10B-20",10,"B",20,1,0,3,0.999719198,6.35,46.00933669,12.60574311,7.360380536,166.1061777,10.64048045
2012,"June",13,"P10B-40",10,"B",40,1,0,3,NA,NA,NA,NA,NA,NA,NA
2012,"June",13,"P11A-20",11,"A",20,0,0,1,0.529980216,6.15,33.14774608,4.239148512,4.474831566,110.0460564,7.049372789
2012,"June",13,"P11A-40",11,"A",40,0,0,1,NA,NA,NA,NA,NA,NA,NA
2012,"June",13,"P11B-20",11,"B",20,0,0,1,1.297036618,6.39,37.23175826,78.18227176,6.189691204,140.3333089,8.989518151
2012,"June",13,"P11B-40",11,"B",40,0,0,1,NA,NA,NA,NA,NA,NA,NA
2012,"June",13,"P12A-20",12,"A",20,0,1,2,1.255503598,6.42,44.44481461,18.93342203,6.419940736,157.4452017,10.08567435
2012,"June",13,"P12A-40",12,"A",40,0,1,2,NA,NA,NA,NA,NA,NA,NA
2012,"June",13,"P12B-20",12,"B",20,0,1,2,1.205452542,6.66,37.25207673,76.99595321,6.615689333,160.3420197,10.27123915
2012,"June",13,"P12B-40",12,"B",40,0,1,2,NA,NA,NA,NA,NA,NA,NA
2012,"July",12,"P1A-20",1,"A",20,0,0,1,0.703089879,6.39,51.36795644,80.44847274,4.443103556,131.6677433,8.434418051
2012,"July",12,"P1A-40",1,"A",40,0,0,1,0.620728881,6.6,123.6169303,123.1625922,8.412517155,159.810299,10.23717811
2012,"July",12,"P1B-20",1,"B",20,0,0,1,0.815201853,6.55,69.50517334,119.4456456,5.333973799,151.0809478,9.677992017
2012,"July",12,"P1B-40",1,"B",40,0,0,1,0.71970789,6.66,94.83436559,141.653085,6.588587024,147.8022257,9.467963142
2012,"July",12,"P2A-20",2,"A",20,1,0,3,0.71970789,6.34,60.19627958,42.24846167,5.727860262,196.9127757,12.61389413
2012,"July",12,"P2A-40",2,"A",40,1,0,3,0.640367343,6.52,96.07846172,117.4943179,4.958499688,101.5729252,6.506599681
2012,"July",12,"P2B-20",2,"B",20,1,0,3,0.531209502,6.41,NA,68.88353013,6.770570805,195.6910522,12.53563277
2012,"July",12,"P2B-40",2,"B",40,1,0,3,0.480067558,6.57,68.82454984,95.55130552,7.011162404,124.8903366,8.000269917
2012,"July",12,"P3A-20",3,"A",20,0,1,2,0.296230924,6.22,12.15671688,42.03947004,11.28870971,252.192016,16.15497999
2012,"July",12,"P3A-40",3,"A",40,0,1,2,0.447575293,6.49,42.58177326,91.241754,7.160810979,162.4428293,10.40581313
2012,"July",12,"P3B-20",3,"B",20,0,1,2,0.392080646,6.49,20.20419052,72.91313266,7.392105427,196.6247504,12.59544375
2012,"July",12,"P3B-40",3,"B",40,0,1,2,0.362708177,6.61,56.89633451,105.6261434,6.717960075,149.4563413,9.573922731
2012,"July",12,"P4A-20",4,"A",20,1,1,4,0.296230924,6.1,30.36118275,17.61350407,9.508833437,232.0165726,14.86257841
2012,"July",12,"P4A-40",4,"A",40,1,1,4,0.28270895,6.3,24.882987,40.76778092,8.443228322,153.1839379,9.812705674
2012,"July",12,"P4B-20",4,"B",20,1,1,4,0.234518019,6.19,10.89464529,19.56372304,7.735658141,203.3964937,13.0292291
2012,"July",12,"P4B-40",4,"B",40,1,1,4,0.332933489,6.61,22.89976723,44.9476135,5.06625078,102.419275,6.560815283
2012,"July",12,"P5A-20",5,"A",20,1,0,3,0.765968149,6.25,NA,30.40689617,6.293072364,179.5190578,11.49968473
2012,"July",12,"P5A-40",5,"A",40,1,0,3,0.630471652,6.37,26.96043628,27.46216531,7.079797255,147.1966883,9.429173538
2012,"July",12,"P5B-20",5,"B",20,1,0,3,0.386021766,6.19,18.49301844,12.87765397,8.828378041,204.9210917,13.12689203
2012,"July",12,"P5B-40",5,"B",40,1,0,3,0.307991991,6.61,13.83632315,5.380564333,5.238505926,114.4198223,7.329548139
2012,"July",12,"P6A-20",6,"A",20,0,1,2,0.207046228,6.17,21.32702704,4.945950441,8.302857143,194.8566093,12.48217991
2012,"July",12,"P6A-40",6,"A",40,0,1,2,0.167787098,6.26,28.76005097,18.38960031,3.66510917,100.3536305,6.428493913
2012,"July",12,"P6B-20",6,"B",20,0,1,2,0.43384928,6.42,50.11317144,22.28782083,7.153608858,182.7435628,11.70624056
2012,"July",12,"P6B-40",6,"B",40,0,1,2,0.480067558,6.51,55.84655928,43.69809856,7.703696195,144.519292,9.257664482
2012,"July",12,"P7A-20",7,"A",20,1,1,4,0.305603002,6.02,47.55218131,12.75957648,9.564058016,214.4020141,13.73422238
2012,"July",12,"P7A-40",7,"A",40,1,1,4,0.506961523,6.38,39.70770701,31.64865015,4.800417966,105.939732,6.786329245
2012,"July",12,"P7B-20",7,"B",20,1,1,4,0.777990552,6.59,40.28835192,9.290980654,7.194058016,170.9204118,10.94887138
2012,"July",12,"P7B-40",7,"B",40,1,1,4,0.777990552,6.39,65.12149653,32.41809413,5.366902682,125.4442821,8.035754639
2012,"July",12,"P8A-20",8,"A",20,0,0,1,0.174448642,6.03,10.26016575,3.647652309,10.19657517,248.2230071,15.90073262
2012,"July",12,"P8A-40",8,"A",40,0,0,1,0.371281033,6.38,11.45606355,9.992793395,6.265913911,151.8851566,9.729508142
2012,"July",12,"P8B-20",8,"B",20,0,0,1,0.287146264,6.17,15.71668979,2.629857531,7.891378665,207.4543413,13.28916731
2012,"July",12,"P8B-40",8,"B",40,0,0,1,0.583240274,6.59,15.87434834,7.114585065,5.161519027,146.2430494,9.368085193
2012,"July",12,"P9A-20",9,"A",20,1,1,4,0.389039411,6.14,15.48212462,4.056765896,8.578611978,201.9468209,12.93636574
2012,"July",12,"P9A-40",9,"A",40,1,1,4,0.754131531,6.48,28.36013659,21.90808803,5.349092327,166.6880564,10.67775452
2012,"July",12,"P9B-20",9,"B",20,1,1,4,0.592394635,6.32,20.35031308,3.380453462,6.715393013,167.8291396,10.7508502
2012,"July",12,"P9B-40",9,"B",40,1,1,4,0.670996123,6.59,25.19927489,20.95958756,5.640779788,152.7883188,9.787363041
2012,"July",12,"P10A-20",10,"A",20,1,0,3,0.960026192,6.52,68.88992046,91.25838458,4.876372427,184.2050578,11.79986123
2012,"July",12,"P10A-40",10,"A",40,1,0,3,0.937859245,6.72,70.92794564,129.9817063,4.724419838,155.0288942,9.93089016
2012,"July",12,"P10B-20",10,"B",20,1,0,3,0.518943907,6.4,43.38768833,19.78546482,6.098845914,197.9670719,12.68143039
2012,"July",12,"P10B-40",10,"B",40,1,0,3,1.406020232,6.81,72.81984827,174.4570098,4.529332502,188.9031707,12.10081364
2012,"July",12,"P11A-20",11,"A",20,0,0,1,0.194541776,6.42,19.25823921,13.32002882,11.24410792,255.2636164,16.35174103
2012,"July",12,"P11A-40",11,"A",40,0,0,1,0.263574448,6.66,49.79400901,27.02422529,5.321412976,145.6376502,9.329304443
2012,"July",12,"P11B-20",11,"B",20,0,0,1,0.640367343,6.42,48.02515696,15.93436443,9.827844666,224.827763,14.40207657
2012,"July",12,"P11B-40",11,"B",40,0,0,1,0.660627121,6.64,60.45326526,45.72038361,5.710346226,140.6022511,9.006746089
2012,"July",12,"P12A-20",12,"A",20,0,1,2,0.630471652,6.5,50.03626483,89.68623538,10.58068621,253.7590748,16.25536287
2012,"July",12,"P12A-40",12,"A",40,0,1,2,0.606396289,6.62,59.68804448,120.3996896,5.846890206,156.9392468,10.05326381
2012,"July",12,"P12B-20",12,"B",20,0,1,2,0.506961523,6.61,43.26848309,68.37463274,9.684173425,209.5268604,13.42192905
2012,"July",12,"P12B-40",12,"B",40,0,1,2,0.854192971,6.69,74.83095614,120.2500139,6.108465377,164.8350663,10.5590554
2012,"September",6,"P1A-20",1,"A",20,0,0,1,0.581688511,6.36,55.59028484,129.2424813,3.84279476,210.0009027,13.45229532
2012,"September",6,"P1A-40",1,"A",40,0,0,1,0.660196631,6.3,72.25048489,112.8819574,6.921334997,212.4123893,13.60677069
2012,"September",6,"P1B-20",1,"B",20,0,0,1,1.028284208,6.48,39.15799962,159.768297,5.055723643,189.2474528,12.12286772
2012,"September",6,"P1B-40",1,"B",40,0,0,1,0.898863866,6.45,71.428497,145.9945751,6.118452901,196.9532779,12.61648862
2012,"September",6,"P2A-20",2,"A",20,1,0,3,0.791974329,6.5,69.60891471,122.1321038,3.346656269,201.8822652,12.93223042
2012,"September",6,"P2A-40",2,"A",40,1,0,3,0.692296061,6.37,83.43325653,118.6129661,5.383665003,154.9443159,9.925472232
2012,"September",6,"P2B-20",2,"B",20,1,0,3,0.920456355,6.4,31.46307206,117.9928879,7.956859014,238.641622,15.28696682
2012,"September",6,"P2B-40",2,"B",40,1,0,3,0.670727567,6.5,68.53098968,111.4182846,5.274201497,156.6411876,10.03417069
2012,"September",6,"P3A-20",3,"A",20,0,1,2,0.423870743,6.29,18.83061268,101.4526634,7.337669994,231.3453456,14.81958085
2012,"September",6,"P3A-40",3,"A",40,0,1,2,0.749300671,6.33,39.78756762,131.1343298,7.584978166,211.6300085,13.55665283
2012,"September",6,"P3B-20",3,"B",20,0,1,2,0.749300671,6.4,30.61866631,119.1282189,10.86188709,253.1206206,16.21446468
2012,"September",6,"P3B-40",3,"B",40,0,1,2,0.692296061,6.4,59.31725267,92.9307484,5.221703057,138.7408463,8.887507941
2012,"September",6,"P4A-20",4,"A",20,1,1,4,0.541704759,6.25,31.43878605,53.73326709,8.923587024,265.5976953,17.01372301
2012,"September",6,"P4A-40",4,"A",40,1,1,4,0.520691539,6.29,20.34381766,30.18970896,8.515832813,223.4934556,14.3166033
2012,"September",6,"P4B-20",4,"B",20,1,1,4,0.649831039,6.28,14.73561845,46.33891818,25.93257642,553.518725,35.45741151
2012,"September",6,"P4B-40",4,"B",40,1,1,4,0.577103967,6.39,18.97446056,40.69665059,8.649769183,192.8335712,12.35258783
2012,"September",6,"P5A-20",5,"A",20,1,0,3,0.563565996,6.38,64.08478245,18.96895642,8.365299439,210.3242172,13.47300625
2012,"September",6,"P5A-40",5,"A",40,1,0,3,0.550345606,6.38,27.85753426,21.26845918,5.420879601,152.0279097,9.738652646
2012,"September",6,"P5B-20",5,"B",20,1,0,3,0.358978545,6.26,15.0606773,7.463677865,10.6082408,222.277701,14.23872431
2012,"September",6,"P5B-40",5,"B",40,1,0,3,0.504469386,6.28,13.56241755,8.166396144,8.257052402,179.1654725,11.47703471
2012,"September",6,"P6A-20",6,"A",20,0,1,2,0.420530031,6.3,37.57940924,31.84750291,11.06240799,257.5272581,16.49674573
2012,"September",6,"P6A-40",6,"A",40,0,1,2,0.397870768,6.25,34.78091409,6.862734492,7.196519027,180.9232468,11.58963448
2012,"September",6,"P6B-20",6,"B",20,0,1,2,0.508476917,6.32,60.67353269,46.29621154,10.77526825,249.6368547,15.99130109
2012,"September",6,"P6B-40",6,"B",40,0,1,2,0.614816436,6.38,60.50913512,38.4226609,6.495386775,151.9110945,9.731169678
2012,"September",6,"P7A-20",7,"A",20,1,1,4,0.520691539,6.3,62.91531785,20.07572385,7.751056353,218.7904325,14.01533635
2012,"September",6,"P7A-40",7,"A",40,1,1,4,0.590967147,6.35,47.72348709,24.22409114,8.156631316,193.083402,12.36859153
2012,"September",6,"P7B-20",7,"B",20,1,1,4,0.609970796,6.4,35.90554298,17.07322551,5.039532127,145.7449591,9.336178452
2012,"September",6,"P7B-40",7,"B",40,1,1,4,0.703339021,6.42,42.20682744,27.92071096,5.692039925,144.3503921,9.24684507
2012,"September",6,"P8A-20",8,"A",20,0,0,1,0.36760192,6.19,12.09965274,3.232393148,13.26977854,271.9599464,17.42127704
2012,"September",6,"P8A-40",8,"A",40,0,0,1,0.427237994,6.14,9.76445986,6.806439382,11.55353088,228.2145585,14.61902842
2012,"September",6,"P8B-20",8,"B",20,0,0,1,0.492635311,6.21,12.37987588,2.093734408,9.867860262,222.6182313,14.26053805
2012,"September",6,"P8B-40",8,"B",40,0,0,1,0.660196631,6.32,13.54747232,5.785362548,6.070786026,164.8947673,10.56287974
2012,"September",6,"P9A-20",9,"A",20,1,1,4,0.469793475,6.34,15.5183751,5.013315316,8.702563943,219.5855543,14.06627038
2012,"September",6,"P9A-40",9,"A",40,1,1,4,0.703339021,6.38,25.9875118,19.52913438,6.660704928,190.6473061,12.21253973
2012,"September",6,"P9B-20",9,"B",20,1,1,4,0.703339021,6.28,16.40201209,3.193014302,5.817626326,159.5728209,10.2219657
2012,"September",6,"P9B-40",9,"B",40,1,1,4,0.767300357,6.39,17.98247063,14.35275736,7.590246413,196.6086657,12.5944134
2012,"September",6,"P10A-20",10,"A",20,1,0,3,1.148743672,6.48,96.756933,159.7377923,6.18400811,232.9420592,14.92186337
2012,"September",6,"P10A-40",10,"A",40,1,0,3,1.139689917,6.57,111.2911735,163.3700749,2.418293824,133.4881693,8.551031169
2012,"September",6,"P10B-20",10,"B",20,1,0,3,0.731723231,6.45,38.66854319,21.11316232,5.2494136,199.0773145,12.75255048
2012,"September",6,"P10B-40",10,"B",40,1,0,3,1.345710541,6.59,71.50695948,155.5625254,3.275595758,172.1664654,11.02869127
2012,"September",6,"P11A-20",11,"A",20,0,0,1,0.537435345,6.42,37.58688185,28.31727258,12.22012165,357.6702398,22.91171987
2012,"September",6,"P11A-40",11,"A",40,0,0,1,0.703339021,6.4,47.42084609,26.10512432,7.972894573,229.9947052,14.73306133
2012,"September",6,"P11B-20",11,"B",20,0,0,1,1.069782026,6.34,66.78426541,45.2224447,7.425764192,294.4182595,18.85991503
2012,"September",6,"P11B-40",11,"B",40,0,0,1,0.85043072,6.43,66.06876231,50.12261517,7.24489083,221.4020508,14.18263178
2012,"September",6,"P12A-20",12,"A",20,0,1,2,0.731723231,6.5,59.71890585,264.600331,7.166263256,233.8806544,14.98198804
2012,"September",6,"P12A-40",12,"A",40,0,1,2,0.957602632,6.44,61.68794048,187.4033727,8.434029944,279.3424231,17.89418484
2012,"September",6,"P12B-20",12,"B",20,0,1,2,0.65499333,6.54,59.14725063,105.2629827,13.78283531,314.5658702,20.1505337
2012,"September",6,"P12B-40",12,"B",40,0,1,2,0.837078307,6.62,65.25051073,135.3193027,7.901225827,231.4097461,14.82370623
2013,"January",NA,"P1A-20",1,"A",20,0,0,1,NA,NA,NA,NA,NA,NA,NA
2013,"January",NA,"P1A-20",1,"A",20,0,0,1,NA,NA,NA,NA,NA,NA,NA
2013,"January",NA,"P1A-20",1,"A",20,0,0,1,NA,NA,NA,NA,NA,NA,NA
2013,"January",NA,"P1A-20",1,"A",20,0,0,1,NA,NA,NA,NA,NA,NA,NA
2013,"January",NA,"P1A-20",1,"A",20,0,0,1,NA,NA,NA,NA,NA,NA,NA
2013,"January",NA,"P1A-20",1,"A",20,0,0,1,NA,NA,NA,NA,NA,NA,NA
2013,"May",23,"P1A-20",1,"A",20,0,0,1,0.12744462,6.68,15.93784393,43.18421199,4.478415471,99.08766996,6.347398825
2013,"May",23,"P1A-40",1,"A",40,0,0,1,0.182325598,6.87,28.25650694,62.86379511,6.030888958,109.0619238,6.986331076
2013,"May",23,"P1B-20",1,"B",20,0,0,1,0.47984297,6.7,17.37999014,110.6491491,5.354070493,105.7082087,6.771498292
2013,"May",23,"P1B-40",1,"B",40,0,0,1,0.199782043,6.83,36.60596018,91.02500136,5.966253899,108.9420564,6.978652591
2013,"May",23,"P2A-20",2,"A",20,1,0,3,0.17820523,6.61,13.39578559,132.3244082,0.221893325,2.937286319,0.188183128
2013,"May",23,"P2A-40",2,"A",40,1,0,3,0.308441822,6.83,20.65679331,32.26342923,6.466971304,143.7716756,9.209773561
2013,"May",23,"P2B-20",2,"B",20,1,0,3,0.36196257,6.75,10.35096068,78.99550976,5.537470368,105.120598,6.733857036
2013,"May",23,"P2B-40",2,"B",40,1,0,3,0.17820523,6.8,19.86471545,48.00709574,6.769688085,133.5395458,8.554322258
2013,"May",23,"P3A-20",3,"A",20,0,1,2,0.062268617,6.55,6.674590392,NA,5.235898316,108.862268,6.973541492
2013,"May",23,"P3A-40",3,"A",40,0,1,2,0.165131444,6.94,7.801845964,55.32457453,5.313964442,109.5031142,7.014592918
2013,"May",23,"P3B-20",3,"B",20,0,1,2,0.256895002,6.77,9.410698988,23.6709352,5.827130381,113.6984485,7.28333827
2013,"May",23,"P3B-40",3,"B",40,0,1,2,7.62588761,6.81,21.8978329,60.14745829,6.154684966,117.2065021,7.508057694
2013,"May",23,"P4A-20",4,"A",20,1,1,4,0.051862282,6.56,4.520632561,71.62259549,6.29588272,127.1072525,8.142281445
2013,"May",23,"P4A-40",4,"A",40,1,1,4,0.185125302,6.78,10.24776122,3.935916625,7.575218341,141.924677,9.091458249
2013,"May",23,"P4B-20",4,"B",20,1,1,4,0.111111319,6.48,8.43868362,39.19285992,7.594404242,143.2505331,9.17639014
2013,"May",23,"P4B-40",4,"B",40,1,1,4,0.111111319,6.66,8.663605506,6.652253451,7.084497817,152.4065501,9.762907645
2013,"May",23,"P5A-20",5,"A",20,1,0,3,0.032336237,6.61,10.23717667,11.64144354,5.10327199,105.31789,6.746495194
2013,"May",23,"P5A-40",5,"A",40,1,0,3,0.132393554,6.71,7.388166103,65.58013193,5.788649407,110.4331537,7.074169527
2013,"May",23,"P5B-20",5,"B",20,1,0,3,0.046261064,6.62,5.097491047,27.2188037,6.069288833,128.9385134,8.259588632
2013,"May",23,"P5B-40",5,"B",40,1,0,3,0.080069742,6.46,5.784605359,107.3784578,5.595046787,112.4985698,7.20647626
2013,"May",23,"P6A-20",6,"A",20,0,1,2,0.015679352,6.52,6.294428301,48.67232108,6.63191204,118.7308181,7.605702553
2013,"May",23,"P6A-40",6,"A",40,0,1,2,0.148423559,6.71,14.20197619,105.3827818,7.479204616,142.0759887,9.101150997
2013,"May",23,"P6B-20",6,"B",20,0,1,2,0.064195634,6.64,8.084982927,45.01358168,6.195467873,145.7159238,9.334318507
2013,"May",23,"P6B-40",6,"B",40,0,1,2,0.21072687,6.79,24.40108119,136.149454,7.021943231,152.2095797,9.750290087
2013,"May",23,"P7A-20",7,"A",20,1,1,4,0.054703496,6.52,15.77995759,87.25539107,4.121887087,83.32885472,5.337918275
2013,"May",23,"P7A-40",7,"A",40,1,1,4,0.142875416,6.68,8.906168325,63.69532679,5.341665627,97.57158815,6.25028143
2013,"May",23,"P7B-20",7,"B",20,1,1,4,0.097612215,6.64,8.333720073,135.4842286,5.273296943,116.1962144,7.443340531
2013,"May",23,"P7B-40",7,"B",40,1,1,4,0.260839758,6.73,14.20109415,112.1459061,5.339139114,115.5981128,7.405027252
2013,"May",23,"P8A-20",8,"A",20,0,0,1,0.123619003,6.47,4.330992539,68.24103331,3.990545852,96.46553738,6.179429863
2013,"May",23,"P8A-40",8,"A",40,0,0,1,0.281490963,6.71,4.220736712,53.82781751,6.927018091,119.5603667,7.658841905
2013,"May",23,"P8B-20",8,"B",20,0,0,1,0.116308834,6.59,3.80970299,113.6426631,5.95264816,134.2455092,8.599544963
2013,"May",23,"P8B-40",8,"B",40,0,0,1,0.198265606,6.61,5.793425825,28.71556073,4.203746101,136.5432638,8.746734871
2013,"May",23,"P9A-20",9,"A",20,1,1,4,0.19676068,6.51,8.387524916,10.31099285,5.299176544,104.0200959,6.663360907
2013,"May",23,"P9A-40",9,"A",40,1,1,4,0.43459154,6.76,12.95035205,24.00354787,4.840274485,96.06148942,6.153547299
2013,"May",23,"P9B-20",9,"B",20,1,1,4,0.212338617,6.66,6.684292905,13.9142968,4.140480349,93.41339915,5.983915535
2013,"May",23,"P9B-40",9,"B",40,1,1,4,0.461906211,6.77,10.01225478,34.36997616,5.550620711,113.731622,7.285463302
2013,"May",23,"P10A-20",10,"A",20,1,0,3,0.281490963,6.71,15.54709728,17.68390709,7.416450405,139.0095853,8.904722869
2013,"May",23,"P10A-40",10,"A",40,1,0,3,0.378894293,6.83,23.29587678,2.051111481,6.896612601,137.7081128,8.821352948
2013,"May",23,"P10B-20",10,"B",20,1,0,3,0.215599186,6.74,15.83288038,22.61766174,5.915542732,117.9596982,7.556306039
2013,"May",23,"P10B-40",10,"B",40,1,0,3,0.882723084,6.95,41.66008728,5.543544542,7.710237056,158.7082313,10.16658169
2013,"May",23,"P11A-20",11,"A",20,0,0,1,0.247292145,6.67,13.51486188,6.652253451,6.059990643,109.1598815,6.992606065
2013,"May",23,"P11A-40",11,"A",40,0,0,1,0.376018314,6.79,21.52825537,43.84943733,5.204544604,100.9352581,6.465751904
2013,"May",23,"P11B-20",11,"B",20,0,0,1,0.264845088,6.74,14.27518606,12.97189423,5.599943855,119.3268096,7.643880668
2013,"May",23,"P11B-40",11,"B",40,0,0,1,0.836875812,6.83,17.12684277,135.7059704,5.8897068,126.9073117,8.129473609
2013,"May",23,"P12A-20",12,"A",20,0,1,2,0.234448173,6.84,18.59368628,29.32535063,6.353144105,120.5713935,7.723606411
2013,"May",23,"P12A-40",12,"A",40,0,1,2,0.367520693,6.83,25.58919798,76.61178558,7.213702433,131.0252779,8.393262903
2013,"May",23,"P12B-20",12,"B",20,0,1,2,0.332861777,6.82,23.48639885,51.16691613,7.855839052,152.977103,9.799456208
2013,"May",23,"P12B-40",12,"B",40,0,1,2,0.558830979,6.9,25.35192744,150.0083153,5.8505864,143.0723724,9.164977489
2013,"July",10,"P1A-20",1,"A",20,0,0,1,0.28127913,6.12,27.93046399,49.55928821,6.146868372,105.5459295,6.761102982
2013,"July",10,"P1A-40",1,"A",40,0,0,1,0.481816935,6.35,28.24216786,41.29940684,6.542177168,118.5478928,7.5939847
2013,"July",10,"P1B-20",1,"B",20,0,0,1,0.393756607,6.17,11.2387216,102.1675259,6.189578915,100.9285501,6.4653222
2013,"July",10,"P1B-40",1,"B",40,0,0,1,0.621242891,6.33,26.02419999,91.30217861,5.550028072,123.3809055,7.903578552
2013,"July",10,"P2A-20",2,"A",20,1,0,3,NA,6.21,21.92724221,30.32318865,2.85209607,86.04720733,5.512050915
2013,"July",10,"P2A-40",2,"A",40,1,0,3,0.515347448,6.41,20.61906002,15.57736016,5.152894573,115.7461354,7.414509304
2013,"July",10,"P2B-20",2,"B",20,1,0,3,0.507700072,6.3,10.60265089,71.89977271,4.699675608,101.282976,6.488026071
2013,"July",10,"P2B-40",2,"B",40,1,0,3,0.481816935,6.4,15.72043885,21.95243639,5.569993762,126.9017348,8.129116366
2013,"July",10,"P3A-20",3,"A",20,0,1,2,0.28127913,6.02,4.978344136,9.812073837,4.710202745,99.72679267,6.388339844
2013,"July",10,"P3A-40",3,"A",40,0,1,2,0.354631676,6.34,9.744491164,42.90703476,5.473708671,107.7796728,6.904192446
2013,"July",10,"P3B-20",3,"B",20,0,1,2,0.559514186,6.3,8.010638372,19.62414768,4.946665627,100.763292,6.454736071
2013,"July",10,"P3B-40",3,"B",40,0,1,2,0.357292563,6.38,20.2440413,14.24690947,5.753559992,120.6227804,7.726898163
2013,"July",10,"P4A-20",4,"A",20,1,1,4,0.224772899,5.93,10.16431732,21.45351738,4.280564566,95.92430183,6.144759316
2013,"July",10,"P4A-40",4,"A",40,1,1,4,0.285515976,6.26,32.76382216,1.94024059,5.578817842,108.4774669,6.948891843
2013,"July",10,"P4B-20",4,"B",20,1,1,4,0.492744082,6.03,6.008915065,21.56438827,1.019416719,23.16499859,1.483932954
2013,"July",10,"P4B-40",4,"B",40,1,1,4,0.203957683,6.3,8.929190722,5.765286324,5.558780412,106.202756,6.803178074
2013,"July",10,"P5A-20",5,"A",20,1,0,3,0.326637883,6.21,22.12205713,10.53273463,4.233328135,112.2331425,7.189473474
2013,"July",10,"P5A-40",5,"A",40,1,0,3,0.331557958,6.23,10.24906181,10.53273463,6.419884591,125.2590917,8.023891684
2013,"July",10,"P5B-20",5,"B",20,1,0,3,0.233333023,6.2,11.23579938,22.17417817,4.225941984,95.72096756,6.131734098
2013,"July",10,"P5B-40",5,"B",40,1,0,3,0.294182086,6.23,7.433986208,127.7232663,6.180583281,131.7050465,8.436807627
2013,"July",10,"P6A-20",6,"A",20,0,1,2,0.145696704,6.11,10.7672695,31.65363934,5.742467249,105.2928434,6.744890759
2013,"July",10,"P6A-40",6,"A",40,0,1,2,0.226459425,6.23,NA,153.5561838,0.045667498,0.913043724,0.058513892
2013,"July",10,"P6B-20",6,"B",20,0,1,2,0.233333023,6.22,19.56316315,53.88325295,4.524385527,95.90821157,6.143728603
2013,"July",10,"P6B-40",6,"B",40,0,1,2,0.287658271,6.27,14.67038643,113.9752758,5.957108546,118.4834669,7.589857692
2013,"July",10,"P7A-20",7,"A",20,1,1,4,0.285515976,5.96,22.38116098,63.5844559,3.995464754,96.26108039,6.166332727
2013,"July",10,"P7A-40",7,"A",40,1,1,4,0.319394325,6.21,11.78225523,65.80187371,5.416859014,105.9631961,6.787832307
2013,"July",10,"P7B-20",7,"B",20,1,1,4,0.336552143,6.17,17.48448795,121.3481901,4.546416095,97.52877856,6.247539126
2013,"July",10,"P7B-40",7,"B",40,1,1,4,0.485432124,6.31,16.17533169,117.4122734,6.060701809,124.538598,7.977738193
2013,"July",10,"P8A-20",8,"A",20,0,0,1,0.268942104,6.05,5.079647894,59.09418482,4.980539613,100.819385,6.45832929
2013,"July",10,"P8A-40",8,"A",40,0,0,1,0.309985505,6.17,4.353962316,33.09496092,6.318855271,122.94167,7.875441935
2013,"July",10,"P8B-20",8,"B",20,0,0,1,0.285515976,6.12,5.36018138,107.2675869,5.631855895,106.2931594,6.808969148
2013,"July",10,"P8B-40",8,"B",40,0,0,1,0.460684232,6.29,6.640115407,38.6939409,6.351057392,135.2534189,8.664109796
2013,"July",10,"P9A-20",9,"A",20,1,1,4,0.612024105,5.98,8.609694253,30.26775321,5.296391142,114.0917151,7.308530199
2013,"July",10,"P9A-40",9,"A",40,1,1,4,0.523110014,6.33,10.20912475,10.8653473,6.17378665,139.9783075,8.966777417
2013,"July",10,"P9B-20",9,"B",20,1,1,4,0.390824159,6.22,5.970926155,16.79693996,5.40194947,113.3657715,7.262027596
2013,"July",10,"P9B-40",9,"B",40,1,1,4,0.649740808,6.39,8.901916633,23.50462886,6.144794136,142.2234217,9.110595282
2013,"July",10,"P10A-20",10,"A",20,1,0,3,0.543031839,6.16,13.8891786,16.40889185,4.842735496,108.2710042,6.93566623
2013,"July",10,"P10A-40",10,"A",40,1,0,3,1.181561446,6.5,37.73257671,1.33045069,4.028755459,102.7308829,6.580776309
2013,"July",10,"P10B-20",10,"B",20,1,0,3,0.60294212,6.26,24.7043289,24.44703143,4.307145976,101.4644147,6.499648695
2013,"July",10,"P10B-40",10,"B",40,1,0,3,0.789128809,6.44,26.7411189,4.268529297,5.038437305,118.7963272,7.609898949
2013,"July",10,"P11A-20",11,"A",20,0,0,1,0.547106338,6.23,23.95136924,8.537058596,3.60069869,127.0438561,8.138220393
2013,"July",10,"P11A-40",11,"A",40,0,0,1,0.593994904,6.33,16.15097982,45.01358168,6.444017467,131.3915148,8.416723364
2013,"July",10,"P11B-20",11,"B",20,0,0,1,0.598451791,6.34,26.63397069,14.5240867,4.264996881,105.5828999,6.763471237
2013,"July",10,"P11B-40",11,"B",40,0,0,1,0.585180459,6.4,8.499623823,86.75647212,6.099114161,133.6284739,8.560018826
2013,"July",10,"P12A-20",12,"A",20,0,1,2,0.60294212,6.48,23.89000254,26.49814292,3.801905802,104.7238759,6.70844375
2013,"July",10,"P12A-40",12,"A",40,0,1,2,0.625904226,6.43,25.15142915,101.0033815,5.778165939,131.5593061,8.427471762
2013,"July",10,"P12B-20",12,"B",20,0,1,2,0.61661627,6.43,35.07724934,54.5484783,4.53544292,110.0224937,7.047863402
2013,"July",10,"P12B-40",12,"B",40,0,1,2,0.534973648,6.45,18.86767389,91.35761407,5.994731753,133.9176784,8.578544732
2013,"September",12,"P1A-20",1,"A",20,0,0,1,0.172937564,6.28,22.71047491,48.94949831,4.311356831,145.0625331,9.292463508
2013,"September",12,"P1A-40",1,"A",40,0,0,1,0.331994492,6.48,28.23016659,56.32241255,5.667064878,125.6839577,8.051107814
2013,"September",12,"P1B-20",1,"B",20,0,0,1,0.187626652,6.08,9.702092782,84.48361884,4.07790393,122.5035599,7.847377418
2013,"September",12,"P1B-40",1,"B",40,0,0,1,0.226937698,6.52,15.85807056,101.3359942,5.514996881,127.0708604,8.139950234
2013,"September",12,"P2A-20",2,"A",20,1,0,3,0.48568547,6.54,33.61995488,84.98253786,2.397155334,120.295385,7.70592582
2013,"September",12,"P2A-40",2,"A",40,1,0,3,0.503605834,6.59,18.93365384,17.12955263,3.555024953,106.4584739,6.81955889
2013,"September",12,"P2B-20",2,"B",20,1,0,3,0.250714619,6.6,11.56163589,103.8860247,3.595711167,109.9040423,7.040275628
2013,"September",12,"P2B-40",2,"B",40,1,0,3,0.2374522,6.84,2.161681542,24.22528965,4.644563319,114.8770889,7.35883979
2013,"September",12,"P3A-20",3,"A",20,0,1,2,0.201727828,6.24,6.565166236,5.155496424,5.038752339,146.7867927,9.402916383
2013,"September",12,"P3A-40",3,"A",40,0,1,2,0.394343943,6.58,9.800723141,43.5722601,3.76595446,110.4992327,7.078402425
2013,"September",12,"P3B-20",3,"B",20,0,1,2,0.146919334,6.4,7.440811376,14.91213482,4.214675608,121.7283695,7.797720155
2013,"September",12,"P3B-40",3,"B",40,0,1,2,0.180950125,6.76,10.28786089,33.42757359,4.515196507,111.3083893,7.130235497
2013,"September",12,"P4A-20",4,"A",20,1,1,4,0.174511177,6.3,22.94742833,34.03736349,4.222623206,133.2537461,8.536014457
2013,"September",12,"P4A-40",4,"A",40,1,1,4,0.201727828,6.48,9.247430882,2.051111481,3.777907049,106.9660113,6.852070796
2013,"September",12,"P4B-20",4,"B",20,1,1,4,0.101341803,6.53,6.662593786,16.07627917,2.96316282,104.8281157,6.715121157
2013,"September",12,"P4B-40",4,"B",40,1,1,4,0.099522392,6.8,4.511970833,4.213093852,4.675842171,108.6518956,6.960065428
2013,"September",12,"P5A-20",5,"A",20,1,0,3,0.117147006,6.35,21.64839433,14.24690947,4.83679975,125.4784908,8.037945988
2013,"September",12,"P5A-40",5,"A",40,1,0,3,0.192795219,6.45,13.07236432,46.28859693,5.398069245,121.8405867,7.804908582
2013,"September",12,"P5B-20",5,"B",20,1,0,3,0.062138029,6.27,7.820899102,19.79045401,5.354591391,127.6112553,8.174566933
2013,"September",12,"P5B-40",5,"B",40,1,0,3,0.074479316,6.53,6.093665007,58.59526582,5.330757954,121.6611622,7.793414977
2013,"September",12,"P6A-20",6,"A",20,0,1,2,0.001487943,6.41,10.24335695,21.61982372,6.641035558,145.09978,9.29484947
2013,"September",12,"P6A-40",6,"A",40,0,1,2,0.108958198,6.51,15.87731551,205.7763734,5.460642545,120.9940188,7.750679006
2013,"September",12,"P6B-20",6,"B",20,0,1,2,0.062703442,6.52,12.01389218,43.96030822,5.03989083,122.0996982,7.82150678
2013,"September",12,"P6B-40",6,"B",40,0,1,2,0.095980977,6.39,10.63186434,145.9615278,5.327345602,113.3335853,7.259965809
2013,"September",12,"P7A-20",7,"A",20,1,1,4,0.08531872,6.33,28.96628586,73.72914242,5.953028696,142.9055684,9.154292337
2013,"September",12,"P7A-40",7,"A",40,1,1,4,0.264717785,6.646,16.25620043,89.2510671,3.98055209,112.6482228,7.216062757
2013,"September",12,"P7B-20",7,"B",20,1,1,4,0.08531872,6.49,12.85345304,129.6635068,4.994064255,122.0693484,7.819562629
2013,"September",12,"P7B-40",7,"B",40,1,1,4,0.153726416,6.55,9.029722406,114.8622429,5.519572676,124.3524372,7.965813077
2013,"September",12,"P8A-20",8,"A",20,0,0,1,0.109949642,6.03,6.329415622,77.83136538,5.582651279,136.0593738,8.715737774
2013,"September",12,"P8A-40",8,"A",40,0,0,1,0.257621076,6.33,3.718116722,12.41753978,5.114438553,114.9873258,7.365901365
2013,"September",12,"P8B-20",8,"B",20,0,0,1,0.074479316,6.35,5.10014456,90.13803423,4.611515908,118.1305219,7.567248689
2013,"September",12,"P8B-40",8,"B",40,0,0,1,0.163789431,6.65,4.02964432,21.95243639,5.837105427,129.5081185,8.29607648
2013,"September",12,"P9A-20",9,"A",20,1,1,4,0.076531004,6.38,8.544990275,13.13820056,5.302807236,140.9425726,9.028546459
2013,"September",12,"P9A-40",9,"A",40,1,1,4,0.201727828,6.67,9.443488791,17.18498808,5.260346226,133.19589,8.5323083
2013,"September",12,"P9B-20",9,"B",20,1,1,4,0.189333926,6.53,5.007528247,17.90564887,4.754881472,119.7131283,7.668627533
2013,"September",12,"P9B-40",9,"B",40,1,1,4,0.276982718,6.67,5.60291883,16.63063363,4.723643169,122.8808293,7.871544598
2013,"September",12,"P10A-20",10,"A",20,1,0,3,0.216888784,6.58,30.3098238,15.68823105,3.361865253,119.0233371,7.624440781
2013,"September",12,"P10A-40",10,"A",40,1,0,3,0.295114157,6.78,23.07853454,2.716336826,3.82867748,117.4477377,7.523510796
2013,"September",12,"P10B-20",10,"B",20,1,0,3,0.028255778,6.59,8.718194808,21.28721105,2.322008734,66.61932299,4.267536585
2013,"September",12,"P10B-40",10,"B",40,1,0,3,0.397932201,6.91,15.77988796,2.938078608,3.629407361,126.4243357,8.098535059
2013,"September",12,"P11A-20",11,"A",20,0,0,1,0.226937698,6.47,42.07329835,10.31099285,1.621144729,59.49252186,3.811006889
2013,"September",12,"P11A-40",11,"A",40,0,0,1,0.226937698,6.49,17.6165777,2.882643162,3.723902059,115.4327532,7.394434618
2013,"September",12,"P11B-20",11,"B",20,0,0,1,0.311597171,6.74,30.28937604,21.12090471,2.065923269,83.98389563,5.379878984
2013,"September",12,"P11B-40",11,"B",40,0,0,1,0.311597171,6.76,18.29616493,92.07827488,6.989600749,205.0353145,13.13420893
2013,"September",12,"P12A-20",12,"A",20,0,1,2,0.42398106,6.51,18.63535714,25.16769223,1.303705552,69.71757123,4.466004635
2013,"September",12,"P12A-40",12,"A",40,0,1,2,0.303243692,6.61,31.78927919,111.0371972,1.635839052,43.98892243,2.817874991
2013,"September",12,"P12B-20",12,"B",20,0,1,2,0.250714619,6.89,27.69611928,53.05172127,6.139978166,184.4127024,11.81316255
2013,"September",12,"P12B-40",12,"B",40,0,1,2,0.435660502,7,20.25794683,118.1329342,4.433477854,137.9125275,8.834447374
2013,"October",NA,"P1A-20",1,"A",20,0,0,1,NA,NA,NA,NA,NA,NA,NA
2013,"November",NA,"P1A-20",1,"A",20,0,0,1,NA,NA,NA,NA,NA,NA,NA
2013,"December",NA,"P1A-20",1,"A",20,0,0,1,NA,NA,NA,NA,NA,NA,NA
2014,"May",23,"P1A-20",1,"A",20,0,0,1,0.509437585,6.22,20.60635681,38.12406453,2.249210855,63.72513117,4.082140011
2014,"May",23,"P1A-40",1,"A",40,0,0,1,0.365490398,6.31,21.59759347,61.48788735,3.296752963,71.94961072,4.608984956
2014,"May",23,"P1B-20",1,"B",20,0,0,1,0.409298526,6.34,9.172892487,80.47286436,3.068902059,70.43181664,4.511757875
2014,"May",23,"P1B-40",1,"B",40,0,0,1,0.553534553,6.53,16.62699218,86.55080659,6.497988147,123.0534274,7.882600908
2014,"May",23,"P2A-20",2,"A",20,1,0,3,0.458357549,6.28,10.37318997,49.89467266,4.515430443,94.113433,6.028758408
2014,"May",23,"P2A-40",2,"A",40,1,0,3,0.434771524,6.44,6.469519775,58.06585731,3.648689956,76.10238082,4.875003726
2014,"May",23,"P2B-20",2,"B",20,1,0,3,0.376692026,6.48,5.856755293,60.99672931,4.221762321,88.04895628,5.640279249
2014,"May",23,"P2B-40",2,"B",40,1,0,3,0.428258374,6.52,6.819155979,69.02101004,5.648312539,112.9287842,7.234034998
2014,"May",23,"P3A-20",3,"A",20,0,1,2,0.20595736,6.01,1.899017642,40.44736404,3.4300733,76.73375458,4.915448361
2014,"May",23,"P3A-40",3,"A",40,0,1,2,0.274363695,6.3,2.796537383,58.57364599,4.791933874,91.03177715,5.831353236
2014,"May",23,"P3B-20",3,"B",20,0,1,2,0.311922053,6.48,3.614758191,69.48084705,3.491790393,75.67625952,4.847707184
2014,"May",23,"P3B-40",3,"B",40,0,1,2,0.371048944,6.44,5.420611163,75.35340097,3.787910168,83.86331171,5.372154601
2014,"May",23,"P4A-20",4,"A",20,1,1,4,0.162993875,5.97,5.143064897,15.01801652,3.023540237,67.03185049,4.293962334
2014,"May",23,"P4A-40",4,"A",40,1,1,4,0.158146953,6.2,3.683243633,14.05953767,4.631001248,83.49965021,5.348859118
2014,"May",23,"P4B-20",4,"B",20,1,1,4,0.166726305,6.31,5.708970919,12.49016021,3.23525889,70.57926375,4.521203064
2014,"May",23,"P4B-40",4,"B",40,1,1,4,0.169261956,6.45,2.24504935,28.54870004,6.660171553,105.5784316,6.763185008
2014,"May",23,"P5A-20",5,"A",20,1,0,3,0.509437585,6.23,23.4611184,43.77792561,2.922676232,72.86817207,4.667826297
2014,"May",23,"P5A-40",5,"A",40,1,0,3,0.160552125,6.2,5.254804303,17.38954488,6.792707424,111.2724034,7.127930307
2014,"May",23,"P5B-20",5,"B",20,1,0,3,0.268221633,6.31,5.038534486,21.07544764,3.075087336,73.62880959,4.716551329
2014,"May",23,"P5B-40",5,"B",40,1,0,3,0.451491066,6.28,9.6306636,15.36504241,8.022432938,150.5351114,9.643026748
2014,"May",23,"P6A-20",6,"A",20,0,1,2,0.036301629,5.97,5.878382275,9.493874383,3.604104803,66.0447024,4.230727453
2014,"May",23,"P6A-40",6,"A",40,0,1,2,0.119615956,6.13,6.963335857,18.08858584,4.281771678,82.29352609,5.271597039
2014,"May",23,"P6B-20",6,"B",20,0,1,2,0.098303992,6.27,8.080729912,8.59859194,4.22919214,74.15264316,4.750107138
2014,"May",23,"P6B-40",6,"B",40,0,1,2,0.08517193,6.34,3.91032694,12.08381839,4.619285714,91.49080677,5.860757824
2014,"May",23,"P7A-20",7,"A",20,1,1,4,0.300371007,6.16,12.72692648,237.4466433,3.457741734,82.83652468,5.306380524
2014,"May",23,"P7A-40",7,"A",40,1,1,4,0.21067362,6.23,3.571504227,33.4408781,4.299946974,86.3693512,5.532686855
2014,"May",23,"P7B-20",7,"B",20,1,1,4,0.2506082,6.43,6.512773738,51.53112701,3.462514036,78.1119464,5.00373278
2014,"May",23,"P7B-40",7,"B",40,1,1,4,0.241327719,6.39,6.462310781,18.26487056,6.859909545,122.2733935,7.832633383
2014,"May",23,"P8A-20",8,"A",20,0,0,1,0.428258374,6.05,9.637872594,8.894340043,5.402966313,108.2089111,6.931688661
2014,"May",23,"P8A-40",8,"A",40,0,0,1,0.385317975,6.15,4.447396986,21.74621653,5.541494074,106.0931932,6.796159686
2014,"May",23,"P8B-20",8,"B",20,0,0,1,0.314285029,6.29,5.957681208,1.936914463,5.223496569,98.82025952,6.330269007
2014,"May",23,"P8B-40",8,"B",40,0,0,1,0.434771524,6.38,5.622462992,4.202561118,NA,NA,NA
2014,"May",23,"P9A-20",9,"A",20,1,1,4,0.341489572,6.28,7.601331817,18.33970841,5.023331254,115.0325755,7.368799974
2014,"May",23,"P9A-40",9,"A",40,1,1,4,0.513296848,6.28,9.104407045,36.1173014,7.460711167,152.2757884,9.754531297
2014,"May",23,"P9B-20",9,"B",20,1,1,4,0.382420932,6.4,3.164196072,13.77570819,9.702445415,190.4448604,12.19957143
2014,"May",23,"P9B-40",9,"B",40,1,1,4,0.501805891,6.52,3.585922215,28.69504961,6.276899563,135.0649563,8.652037229
2014,"May",23,"P10A-20",10,"A",20,1,0,3,0.579175816,6.35,21.94722968,36.17550862,4.042186525,90.87220874,5.821131579
2014,"May",23,"P10A-40",10,"A",40,1,0,3,0.737384602,6.43,19.15734904,67.58246023,3.734251404,98.403433,6.303567872
2014,"May",23,"P10B-20",10,"B",20,1,0,3,0.521103302,6.46,19.27990194,31.10233383,3.542330006,82.80090832,5.304099005
2014,"May",23,"P10B-40",10,"B",40,1,0,3,0.86402032,6.54,26.07077419,77.16835745,2.904691204,95.24794358,6.101433057
2014,"May",23,"P11A-20",11,"A",20,0,0,1,0.601448559,6.39,24.07027838,37.12788958,3.012439177,78.68446827,5.040407471
2014,"May",23,"P11A-40",11,"A",40,0,0,1,0.583563383,6.55,17.32266009,41.18631853,4.562043044,97.51544147,6.246684777
2014,"May",23,"P11B-20",11,"B",20,0,0,1,0.368259183,6.48,20.26032511,63.53068352,2.748147224,75.5383244,4.838871315
2014,"May",23,"P11B-40",11,"B",40,0,0,1,0.341489572,6.58,15.59971055,38.01319364,4.3678665,97.43718477,6.241671797
2014,"May",23,"P12A-20",12,"A",20,0,1,2,0.385317975,6.51,15.19961139,105.100061,4.035639426,85.28511425,5.463232641
2014,"May",23,"P12A-40",12,"A",40,0,1,2,0.394141451,6.6,16.64861916,68.0647486,4.693222084,88.45793512,5.666477677
2014,"May",23,"P12B-20",12,"B",20,0,1,2,0.331334754,6.63,20.40090049,70.79217251,3.474887711,81.02357969,5.190246621
2014,"May",23,"P12B-40",12,"B",40,0,1,2,0.583563383,6.67,14.8319527,72.26342923,5.042230193,114.5906996,7.340494222
2014,"July",10,"P1A-20",1,"A",20,0,0,1,0.405951102,6.36,46.17442703,56.28915129,1.70132252,104.7654894,6.711109436
2014,"July",10,"P1A-40",1,"A",40,0,0,1,0.282785438,6.41,20.9182271,64.6798603,2.936721772,85.44269394,5.473326905
2014,"July",10,"P1B-20",1,"B",20,0,0,1,0.994819412,6.47,51.84071587,95.6239259,0.715492826,61.58513117,3.94505557
2014,"July",10,"P1B-40",1,"B",40,0,0,1,0.482737331,6.52,15.59779516,96.82410334,3.651902682,95.22118477,6.099718937
2014,"July",10,"P2A-20",2,"A",20,1,0,3,0.341378813,6.51,12.20263328,67.34131604,2.78025577,92.53120733,5.927403959
2014,"July",10,"P2A-40",2,"A",40,1,0,3,0.25640807,6.53,4.945402717,78.63407061,4.397891454,107.1842849,6.866053
2014,"July",10,"P2B-20",2,"B",20,1,0,3,0.719587272,6.54,33.38348611,67.00870336,1.282813475,77.81031876,4.984411071
2014,"July",10,"P2B-40",2,"B",40,1,0,3,0.405951102,6.54,15.40757386,58.94506348,4.101883968,104.8603526,6.717186197
2014,"July",10,"P3A-20",3,"A",20,0,1,2,0.264250863,6.28,4.262335344,39.03154277,1.79746413,92.32391537,5.91412522
2014,"July",10,"P3A-40",3,"A",40,0,1,2,0.203013576,6.34,4.311331738,65.18820334,3.088827199,98.40776305,6.303845246
2014,"July",10,"P3B-20",3,"B",20,0,1,2,0.482737331,6.53,12.56001874,75.26082377,1.322478166,63.82673766,4.088648735
2014,"July",10,"P3B-40",3,"B",40,0,1,2,0.289248146,6.54,5.031866941,64.03348301,4.030752755,91.03703244,5.83168988
2014,"July",10,"P4A-20",4,"A",20,1,1,4,0.191141784,6.16,24.91863855,16.63007927,1.992052402,84.68572355,5.424836782
2014,"July",10,"P4A-40",4,"A",40,1,1,4,0.107022405,6.33,7.089715481,12.99850324,3.373303182,88.77571227,5.686833893
2014,"July",10,"P4B-20",4,"B",20,1,1,4,0.227296525,6.52,51.99635148,13.97915628,3.238091079,94.50904937,6.054100861
2014,"July",10,"P4B-40",4,"B",40,1,1,4,0.227296525,6.46,5.271084629,31.37369034,5.044304429,103.6864683,6.641989337
2014,"July",10,"P5A-20",5,"A",20,1,0,3,0.24323912,6.5,74.87766738,35.07539221,1.879844042,73.62267983,4.716158668
2014,"July",10,"P5A-40",5,"A",40,1,0,3,0.096311506,6.38,14.43917455,24.35223682,3.799541485,88.04372355,5.63994405
2014,"July",10,"P5B-20",5,"B",20,1,0,3,0.168168852,6.39,9.012103403,4.735850102,5.110720524,120.3708378,7.710759183
2014,"July",10,"P5B-40",5,"B",40,1,0,3,0.170721384,6.26,4.515963736,24.58395698,8.665851528,179.6593145,11.50866932
2014,"July",10,"P6A-20",6,"A",20,0,1,2,0.072339133,6.18,12.20551542,6.122844947,4.508325016,98.34042313,6.299531576
2014,"July",10,"P6A-40",6,"A",40,0,1,2,0.210805038,6.2,12.0556441,21.68800931,4.03407985,100.6245501,6.445848522
2014,"July",10,"P6B-20",6,"B",20,0,1,2,0.146846738,6.25,16.50855166,5.694883309,3.399360574,105.6059944,6.764950628
2014,"July",10,"P6B-40",6,"B",40,0,1,2,0.003528822,5.77,2.723272151,3.228560341,6.762651279,124.0947278,7.949304687
2014,"July",10,"P7A-20",7,"A",20,1,1,4,0.181324867,6.48,57.15250139,52.20355896,2.309719276,86.24764175,5.524890372
2014,"July",10,"P7A-40",7,"A",40,1,1,4,0.206094994,6.36,36.23968766,39.67459393,2.149946974,78.83465726,5.0500283
2014,"July",10,"P7B-20",7,"B",20,1,1,4,0.184077086,5.84,12.19975114,20.76667221,4.935202745,104.162299,6.672470175
2014,"July",10,"P7B-40",7,"B",40,1,1,4,0.061755906,5.41,6.524815882,10.6291923,5.227367436,105.725622,6.772613753
2014,"July",10,"P8A-20",8,"A",20,0,0,1,0.188283938,6.24,19.37051748,3.098841399,3.10944791,104.4296361,6.689595294
2014,"July",10,"P8A-40",8,"A",40,0,0,1,0.311876314,6.27,8.354975298,4.512999612,4.67128509,115.9963018,7.430534502
2014,"July",10,"P8B-20",8,"B",20,0,0,1,0.212398853,6.33,22.97607564,2.435833472,3.690034311,99.9505275,6.402671883
2014,"July",10,"P8B-40",8,"B",40,0,0,1,0.30262003,6.35,5.977209128,4.673762403,6.281235184,127.9769647,8.197993604
2014,"July",10,"P9A-20",9,"A",20,1,1,4,0.284923468,6.33,18.47993597,11.64033483,NA,NA,NA
2014,"July",10,"P9A-40",9,"A",40,1,1,4,0.362581809,6.41,12.3380939,27.81916958,5.395343107,131.6604006,8.433947688
2014,"July",10,"P9B-20",9,"B",20,1,1,4,0.311876314,6.39,10.76444502,6.314651588,2.691746725,89.14453315,5.710459876
2014,"July",10,"P9B-40",9,"B",40,1,1,4,0.41836799,6.47,6.262541068,37.00038805,5.166169682,132.2901016,8.474285169
2014,"July",10,"P10A-20",10,"A",20,1,0,3,0.309536033,6.47,35.07818491,23.00792727,2.216172801,91.60640339,5.868162729
2014,"July",10,"P10A-40",10,"A",40,1,0,3,0.362581809,6.51,35.20788124,67.27202173,3.20250156,103.2308632,6.612804119
2014,"July",10,"P10B-20",10,"B",20,1,0,3,0.399881546,6.51,24.58431021,13.14984201,2.245642545,84.28834415,5.399381393
2014,"July",10,"P10B-40",10,"B",40,1,0,3,0.652466354,6.55,27.24452618,85.94766893,4.455676856,147.9532609,9.477638182
2014,"July",10,"P11A-20",11,"A",20,0,0,1,0.343959845,6.41,51.48044827,29.1662509,1.652086712,86.28773202,5.527458481
2014,"July",10,"P11A-40",11,"A",40,0,0,1,0.25640807,6.51,22.31030111,48.51765619,3.172835309,93.87000282,6.013164721
2014,"July",10,"P11B-20",11,"B",20,0,0,1,0.482737331,6.39,52.41714403,25.23421476,1.836762321,89.35809027,5.72413995
2014,"July",10,"P11B-40",11,"B",40,0,0,1,0.362581809,6.5,16.8861121,48.77265924,5.011085465,126.3812468,8.095774866
2014,"July",10,"P12A-20",12,"A",20,0,1,2,0.444352774,6.57,101.621052,190.5992572,0.978886463,68.6477969,4.397476871
2014,"July",10,"P12A-40",12,"A",40,0,1,2,0.291435039,6.56,26.92749069,123.1952991,2.626849657,81.40794358,5.214868261
2014,"July",10,"P12B-20",12,"B",20,0,1,2,0.412112784,6.61,41.23155554,95.29408501,1.668321896,76.9139323,4.926990212
2014,"July",10,"P12B-40",12,"B",40,0,1,2,0.421531107,6.64,15.39892744,98.46998167,2.26566126,134.8804626,8.640218907
2014,"September",11,"P1A-20",1,"A",20,0,0,1,1.117698584,6.27,84.17731537,86.09900773,2.427510917,125.15833,8.01743708
2014,"September",11,"P1A-40",1,"A",40,0,0,1,0.699366445,6.07,51.43768956,73.10937414,3.231668746,102.7737913,6.583524936
2014,"September",11,"P1B-20",1,"B",20,0,0,1,1.068888313,6.28,44.164259,126.2048894,1.874095446,94.70052186,6.066366235
2014,"September",11,"P1B-40",1,"B",40,0,0,1,0.474938706,6.04,24.51974845,84.52186931,5.008094198,99.78913117,6.392333133
2014,"September",11,"P2A-20",2,"A",20,1,0,3,1.037538164,6.4,59.96807478,74.53073895,2.30415471,104.945275,6.72262617
2014,"September",11,"P2A-40",2,"A",40,1,0,3,1.037538164,6.38,47.46468378,80.17961086,1.934026825,85.17286037,5.456041865
2014,"September",11,"P2B-20",2,"B",20,1,0,3,1.076872758,6.32,34.39529566,91.18299238,1.08106675,57.07324683,3.656032606
2014,"September",11,"P2B-40",2,"B",40,1,0,3,0.709853806,6.36,17.69838053,81.54387714,2.637414223,84.82601128,5.433823355
2014,"September",11,"P3A-20",3,"A",20,0,1,2,0.992228525,6.32,19.79698025,87.05970398,3.817726138,140.3059408,8.987764999
2014,"September",11,"P3A-40",3,"A",40,0,1,2,1.022209602,6.36,29.31602278,90.48284272,4.346378665,187.5866121,12.01647734
2014,"September",11,"P3B-20",3,"B",20,0,1,2,1.037538164,6.16,28.43027403,102.449138,2.254323144,98.39461777,6.303003184
2014,"September",11,"P3B-40",3,"B",40,0,1,2,0.764697264,6.22,18.75319335,73.53179223,2.756590767,85.0637574,5.449052931
2014,"September",11,"P4A-20",4,"A",20,1,1,4,0.836130914,6.22,36.06755989,39.1967404,3.639472863,121.5915176,7.788953675
2014,"September",11,"P4A-40",4,"A",40,1,1,4,0.823777938,6.21,21.80737263,16.6771994,2.273243918,89.81087447,5.753144469
2014,"September",11,"P4B-20",4,"B",20,1,1,4,0.602647765,6.16,54.58007619,48.70475081,3.453752339,117.8980536,7.552357202
2014,"September",11,"P4B-40",4,"B",40,1,1,4,0.492944329,6.05,27.26887734,19.70730085,3.289098565,104.1482482,6.671570108
2014,"September",11,"P5A-20",5,"A",20,1,0,3,0.620857309,6.16,70.65586462,29.38355785,4.207599813,114.1278152,7.310842707
2014,"September",11,"P5A-40",5,"A",40,1,0,3,0.511632572,6.26,39.13276509,20.34480847,3.851297567,103.1669563,6.60871036
2014,"September",11,"P5B-20",5,"B",20,1,0,3,0.555278512,6.21,19.82270739,12.93918732,4.119176544,105.5591791,6.76195173
2014,"September",11,"P5B-40",5,"B",40,1,0,3,0.431142423,6.1,14.44941003,27.66450469,4.729787898,111.4426573,7.138836455
2014,"September",11,"P6A-20",6,"A",20,0,1,2,0.275865274,6.12,16.08492119,94.1942458,5.410124766,130.8622877,8.382822057
2014,"September",11,"P6A-40",6,"A",40,0,1,2,0.360621212,6.17,27.97453609,62.78175065,4.391331878,115.535464,7.401014085
2014,"September",11,"P6B-20",6,"B",20,0,1,2,0.482060657,6.02,26.96750225,6.873995233,4.326855895,113.0786262,7.243633601
2014,"September",11,"P6B-40",6,"B",40,0,1,2,0.464452579,6.08,19.89253821,4.55623926,3.208487211,86.84011283,5.562842974
2014,"September",11,"P7A-20",7,"A",20,1,1,4,0.492944329,6.33,66.79679332,203.6786962,4.460290081,122.8059267,7.866746471
2014,"September",11,"P7A-40",7,"A",40,1,1,4,0.471417285,6.27,38.98942816,20.95071789,3.366310044,100.1549478,6.41576667
2014,"September",11,"P7B-20",7,"B",20,1,1,4,0.753399646,6.17,57.89887751,36.74261322,3.225564566,100.7519379,6.454008753
2014,"September",11,"P7B-40",7,"B",40,1,1,4,0.639617072,6.15,27.86427691,37.4111647,2.721952589,76.5891086,4.906182607
2014,"September",11,"P8A-20",8,"A",20,0,0,1,0.563605201,6.02,21.98746262,2.790343146,4.618827199,121.1811763,7.762667969
2014,"September",11,"P8A-40",8,"A",40,0,0,1,0.572056752,6.19,12.08618827,2.933089418,4.328053649,104.6863865,6.706042247
2014,"September",11,"P8B-20",8,"B",20,0,0,1,0.385602488,6.03,15.04113429,1.375353401,4.19867748,104.5197772,6.695369563
2014,"September",11,"P8B-40",8,"B",40,0,0,1,0.547074842,6.08,15.54465121,2.980209546,4.785364941,110.0993653,7.052787658
2014,"September",11,"P9A-20",9,"A",20,1,1,4,0.977569367,6.17,33.47646916,17.64731969,3.317872739,112.0023611,7.174690046
2014,"September",11,"P9A-40",9,"A",40,1,1,4,0.977569367,6.36,29.37115237,24.13382117,3.659419838,104.5779746,6.699097584
2014,"September",11,"P9B-20",9,"B",20,1,1,4,0.616253979,6.07,15.0448096,8.392372079,4.088655646,113.3859718,7.263321589
2014,"September",11,"P9B-40",9,"B",40,1,1,4,0.759027435,6.23,12.70363968,23.10660236,4.026999376,112.7135684,7.220248672
2014,"September",11,"P10A-20",10,"A",20,1,0,3,0.963126782,6.17,34.71872259,18.43727479,3.715751716,121.2677602,7.768214375
2014,"September",11,"P10A-40",10,"A",40,1,0,3,0.999640332,6.42,29.25721788,38.76157215,3.166338116,104.1162764,6.669522054
2014,"September",11,"P10B-20",10,"B",20,1,0,3,0.593744263,6.26,22.66004362,3.16869006,4.329510293,110.523481,7.079955722
2014,"September",11,"P10B-40",10,"B",40,1,0,3,0.914237488,6.3,22.42114873,60.28937303,2.967588896,102.0918138,6.539838724
2014,"September",11,"P11A-20",11,"A",20,0,0,1,1.029845364,6.37,57.57177527,14.65879483,4.112161572,114.6724147,7.34572874
2014,"September",11,"P11A-40",11,"A",40,0,0,1,0.584972301,6.37,21.32223224,22.34491934,3.195042109,87.12413258,5.581036754
2014,"September",11,"P11B-20",11,"B",20,0,0,1,0.753399646,6.2,36.98271108,25.78856921,1.983758578,58.92521298,3.774666132
2014,"September",11,"P11B-40",11,"B",40,0,0,1,0.781962132,6.18,38.60352103,27.26924996,3.465573924,96.0291763,6.15147738
2014,"September",11,"P12A-20",12,"A",20,0,1,2,1.346251661,6.34,149.2596339,225.8345806,2.737195883,124.7243921,7.989639818
2014,"September",11,"P12A-40",12,"A",40,0,1,2,1.029845364,6.54,82.4131685,195.7464383,2.0622801,94.27262059,6.038955671
2014,"September",11,"P12B-20",12,"B",20,0,1,2,0.683925199,6.36,42.2016456,95.48533736,3.665112289,107.3369817,6.875834472
2014,"September",11,"P12B-40",12,"B",40,0,1,2,0.861395362,6.52,25.19232945,102.8942846,2.477747973,78.35840621,5.019520539
2015,"January",NA,"P1A-20",1,"A",20,0,0,1,NA,NA,NA,NA,NA,NA,NA
2015,"February",NA,"P1A-20",1,"A",20,0,0,1,NA,NA,NA,NA,NA,NA,NA
2015,"March",NA,"P1A-20",1,"A",20,0,0,1,NA,NA,NA,NA,NA,NA,NA
2015,"April",NA,"P1A-20",1,"A",20,0,0,1,NA,NA,NA,NA,NA,NA,NA
2015,"May",15,"P1A-20",1,"A",20,0,0,1,0.214157607,6.46,23.99816044,43.12877654,3.373640371,83.16345168,5.327322862
2015,"May",15,"P1A-40",1,"A",40,0,0,1,0.200888801,6.53,27.5765634,60.42463551,4.950639566,90.28136903,5.783283479
2015,"May",15,"P1B-20",1,"B",20,0,0,1,0.191139651,6.5,7.463823777,61.53334442,3.941606051,74.91270929,4.798795568
2015,"May",15,"P1B-40",1,"B",40,0,0,1,0.711767974,6.52,20.60055381,90.91413051,5.400092722,112.3536875,7.19719537
2015,"May",15,"P2A-20",2,"A",20,1,0,3,0.169387615,6.37,9.595856047,42.46355119,3.267985338,68.21238235,4.36958502
2015,"May",15,"P2A-40",2,"A",40,1,0,3,0.152259836,6.57,9.278609645,46.34403237,4.39664942,93.18562146,5.969324517
2015,"May",15,"P2B-20",2,"B",20,1,0,3,0.245118156,6.48,6.307409473,55.43544542,4.761131333,98.50656732,6.310174466
2015,"May",15,"P2B-40",2,"B",40,1,0,3,0.495371521,6.57,12.49200868,78.16397802,4.318386433,110.0713783,7.05099486
2015,"May",15,"P3A-20",3,"A",20,0,1,2,0.14799249,6.31,5.546700359,33.48300903,3.779489862,74.90715622,4.798439849
2015,"May",15,"P3A-40",3,"A",40,0,1,2,0.178027294,6.56,7.627563855,39.24829536,4.311119155,82.98131118,5.315655279
2015,"May",15,"P3B-20",3,"B",20,0,1,2,0.165814457,6.54,4.987255092,52.33106048,4.031608486,78.37337873,5.020479651
2015,"May",15,"P3B-40",3,"B",40,0,1,2,0.380832063,6.56,7.603685093,80.38139584,4.93107382,99.12628926,6.349872706
2015,"May",15,"P4A-20",4,"A",20,1,1,4,0.046799335,6.29,9.206973361,30.32318865,3.373081349,67.42495788,4.319144066
2015,"May",15,"P4A-40",4,"A",40,1,1,4,0.129299755,6.48,7.757191417,16.07627917,4.742683629,86.88178329,5.565512306
2015,"May",15,"P4B-20",4,"B",20,1,1,4,0.15665023,6.32,7.562750074,16.02084373,2.890086913,59.36857273,3.803066937
2015,"May",15,"P4B-40",4,"B",40,1,1,4,0.2669393,6.44,5.884414271,14.91213482,5.563326953,106.7773007,6.839982348
2015,"May",15,"P5A-20",5,"A",20,1,0,3,0.072195692,6.28,17.68393367,15.46648927,3.739799347,78.42113508,5.023538834
2015,"May",15,"P5A-40",5,"A",40,1,0,3,0.154439432,6.36,7.78448143,17.85021343,4.71417354,96.78067505,6.199617
2015,"May",15,"P5B-20",5,"B",20,1,0,3,0.180575751,6.34,9.111458315,6.264205333,4.071299001,86.78071752,5.55903822
2015,"May",15,"P5B-40",5,"B",40,1,0,3,0.394607744,6.33,12.04513472,10.14468651,5.174248102,122.333654,7.836493561
2015,"May",15,"P6A-20",6,"A",20,0,1,2,0.0067243,6.08,5.956050555,3.603303952,3.278047722,61.23995527,3.922944241
2015,"May",15,"P6A-40",6,"A",40,0,1,2,0.017303777,6.28,6.757694689,3.326126725,3.340658112,64.72839004,4.146406918
2015,"May",15,"P6B-20",6,"B",20,0,1,2,0.040025655,6.26,7.003304806,3.935916625,3.49047583,68.69327768,4.400390286
2015,"May",15,"P6B-40",6,"B",40,0,1,2,0.155540903,6.36,6.522318326,4.434835634,5.142383885,96.75179912,6.197767261
2015,"May",15,"P7A-20",7,"A",20,1,1,4,0.049186352,6.14,15.1425512,17.5730362,3.588863586,77.11727567,4.940016012
2015,"May",15,"P7A-40",7,"A",40,1,1,4,0.069675354,6.34,5.96628431,21.8415655,4.549821267,88.17009412,5.648039115
2015,"May",15,"P7B-20",7,"B",20,1,1,4,0.163474326,6.32,8.985242004,15.1338766,3.913654984,80.58794063,5.162340389
2015,"May",15,"P7B-40",7,"B",40,1,1,4,0.20376452,6.33,6.198249421,14.41321581,5.936194186,116.6872986,7.474798479
2015,"May",15,"P8A-20",8,"A",20,0,0,1,0.092584007,6.18,7.07494109,3.547868507,4.791318485,99.76267038,6.390638104
2015,"May",15,"P8A-40",8,"A",40,0,0,1,0.154439432,6.31,6.34152199,7.539220578,4.664420641,89.57390868,5.737964878
2015,"May",15,"P8B-20",8,"B",20,0,0,1,0.093909345,6.14,5.430717804,2.051111481,5.757866379,110.1313514,7.054836625
2015,"May",15,"P8B-40",8,"B",40,0,0,1,0.314340378,6.36,6.856620986,5.377238206,5.652770367,121.2741294,7.768622375
2015,"May",15,"P9A-20",9,"A",20,1,1,4,0.259457864,6.16,9.964271223,12.63928156,3.576565117,77.95467771,4.993658438
2015,"May",15,"P9A-40",9,"A",40,1,1,4,0.357236419,6.45,10.67381156,41.96463219,5.680721434,55.19266865,3.535566247
2015,"May",15,"P9B-20",9,"B",20,1,1,4,0.095253656,6.34,6.082266866,14.96757027,NA,NA,NA
2015,"May",15,"P9B-40",9,"B",40,1,1,4,0.442128305,6.41,7.835650204,19.51327679,NA,NA,NA
2015,"May",15,"P10A-20",10,"A",20,1,0,3,0.117889261,6.36,13.48809416,11.86318532,3.714084366,85.95442161,5.506107233
2015,"May",15,"P10A-40",10,"A",40,1,0,3,0.276595185,6.41,15.63718269,11.80774987,4.374288567,97.55921462,6.249488804
2015,"May",15,"P10B-20",10,"B",20,1,0,3,0.193875811,6.46,17.66687741,13.35994234,NA,NA,NA
2015,"May",15,"P10B-40",10,"B",40,1,0,3,0.764192271,6.57,23.61610025,65.96818005,NA,NA,NA
2015,"May",15,"P11A-20",11,"A",20,0,0,1,0.193875811,6.32,16.7151382,16.46432729,3.911418898,87.29048879,5.591693225
2015,"May",15,"P11A-40",11,"A",40,0,0,1,0.215684991,6.32,17.23364845,20.12306669,5.04399613,105.8310586,6.77936783
2015,"May",15,"P11B-20",11,"B",20,0,0,1,0.34232389,6.33,13.92473437,15.57736016,NA,NA,NA
2015,"May",15,"P11B-40",11,"B",40,0,0,1,0.330373428,6.48,18.65614038,17.40672987,NA,NA,NA
2015,"May",15,"P12A-20",12,"A",20,0,1,2,0.162316674,6.49,16.807242,70.40301569,4.134468412,91.18985029,5.841479108
2015,"May",15,"P12A-40",12,"A",40,0,1,2,0.2576205,6.65,20.57667505,104.2186374,4.962938036,106.2275474,6.804766166
2015,"May",15,"P12B-20",12,"B",20,0,1,2,0.155540903,6.46,9.258142135,54.49304285,NA,NA,NA
2015,"May",15,"P12B-40",12,"B",40,0,1,2,0.454877022,6.72,10.57829652,163.534564,NA,NA,NA
2015,"June",NA,"P1A-20",1,"A",20,0,0,1,NA,NA,NA,NA,NA,NA,NA
2015,"July",10,"P1A-20",1,"A",20,0,0,1,0.431240147,5.5,25.1301454,40.46787516,NA,NA,NA
2015,"July",10,"P1A-40",1,"A",40,0,0,1,0.337904515,5.53,17.37145561,51.38865791,NA,NA,NA
2015,"July",10,"P1B-20",1,"B",20,0,0,1,0.525754989,5.47,6.847789981,40.68961694,NA,NA,NA
2015,"July",10,"P1B-40",1,"B",40,0,0,1,0.869469011,5.65,12.36577207,80.93575033,NA,NA,NA
2015,"July",10,"P2A-20",2,"A",20,1,0,3,0.51780123,5.51,16.02846734,28.16120628,NA,NA,NA
2015,"July",10,"P2A-40",2,"A",40,1,0,3,0.676112173,5.68,10.39797108,49.72559455,NA,NA,NA
2015,"July",10,"P2B-20",2,"B",20,1,0,3,1.051981646,5.64,11.1903581,32.59604191,NA,NA,NA
2015,"July",10,"P2B-40",2,"B",40,1,0,3,1.126677502,5.79,12.67458756,79.82704142,NA,NA,NA
2015,"July",10,"P3A-20",3,"A",20,0,1,2,0.077612682,5.11,4.55202216,26.22096568,NA,NA,NA
2015,"July",10,"P3A-40",3,"A",40,0,1,2,0.424716234,5.49,4.963776138,34.64715339,NA,NA,NA
2015,"July",10,"P3B-20",3,"B",20,0,1,2,0.558810683,5.63,8.602532225,30.54493043,NA,NA,NA
2015,"July",10,"P3B-40",3,"B",40,0,1,2,0.612331564,5.73,7.266725714,69.84866123,NA,NA,NA
2015,"July",10,"P4A-20",4,"A",20,1,1,4,0.396558626,5.29,9.603190149,10.36642829,NA,NA,NA
2015,"July",10,"P4A-40",4,"A",40,1,1,4,0.476158229,5.53,8.262595801,12.75015245,NA,NA,NA
2015,"July",10,"P4B-20",4,"B",20,1,1,4,0.310729303,5.33,11.69786882,81.49010474,NA,NA,NA
2015,"July",10,"P4B-40",4,"B",40,1,1,4,0.434539587,5.63,5.095441655,21.45351738,NA,NA,NA
2015,"July",10,"P5A-20",5,"A",20,1,0,3,0.454873169,5.48,31.85226849,9.424025723,NA,NA,NA
2015,"July",10,"P5A-40",5,"A",40,1,0,3,0.451419337,5.51,16.23195042,11.75231443,NA,NA,NA
2015,"July",10,"P5B-20",5,"B",20,1,0,3,0.51780123,5.55,10.43627378,11.14252453,NA,NA,NA
2015,"July",10,"P5B-40",5,"B",40,1,0,3,0.702375842,5.57,9.995792779,13.9142968,NA,NA,NA
2015,"July",10,"P6A-20",6,"A",20,0,1,2,0.027110049,5.08,4.255176269,14.35778036,NA,NA,NA
2015,"July",10,"P6A-40",6,"A",40,0,1,2,0.162561772,5.22,11.16641892,11.25339542,NA,NA,NA
2015,"July",10,"P6B-20",6,"B",20,0,1,2,0.193710051,5.25,9.811461057,31.09928488,NA,NA,NA
2015,"July",10,"P6B-40",6,"B",40,0,1,2,0.370267796,5.51,6.129614437,3.38156217,NA,NA,NA
2015,"July",10,"P7A-20",7,"A",20,1,1,4,0.046931235,5.06,17.37863737,12.14036255,NA,NA,NA
2015,"July",10,"P7A-40",7,"A",40,1,1,4,0.270893941,5.47,10.14660964,13.47081324,NA,NA,NA
2015,"July",10,"P7B-20",7,"B",20,1,1,4,0.691750118,5.47,28.81917377,23.72637064,NA,NA,NA
2015,"July",10,"P7B-40",7,"B",40,1,1,4,0.458353427,5.58,8.236262698,10.64360552,NA,NA,NA
2015,"July",10,"P8A-20",8,"A",20,0,0,1,0.320348622,5.28,10.90308788,3.603303952,NA,NA,NA
2015,"July",10,"P8A-40",8,"A",40,0,0,1,0.554567658,5.48,6.076948231,2.605465935,NA,NA,NA
2015,"July",10,"P8B-20",8,"B",20,0,0,1,0.563086172,5.42,9.007104448,1.385886136,NA,NA,NA
2015,"July",10,"P8B-40",8,"B",40,0,0,1,0.713164785,5.68,5.4641051,2.383724154,NA,NA,NA
2015,"July",10,"P9A-20",9,"A",20,1,1,4,0.356422515,5.3,9.074134165,5.820721769,NA,NA,NA
2015,"July",10,"P9A-40",9,"A",40,1,1,4,0.889579148,5.6,18.28593247,21.56438827,NA,NA,NA
2015,"July",10,"P9B-20",9,"B",20,1,1,4,0.869469011,5.55,5.140926106,17.85021343,NA,NA,NA
2015,"July",10,"P9B-40",9,"B",40,1,1,4,1.197514884,5.75,7.36727029,25.88835301,NA,NA,NA
2015,"July",10,"P10A-20",10,"A",20,1,0,3,0.787448208,5.53,10.48893999,6.430511669,NA,NA,NA
2015,"July",10,"P10A-40",10,"A",40,1,0,3,0.86286717,5.59,11.38905333,20.28937303,NA,NA,NA
2015,"July",10,"P10B-20",10,"B",20,1,0,3,0.598488982,5.56,10.94857233,3.603303952,NA,NA,NA
2015,"July",10,"P10B-40",10,"B",40,1,0,3,1.587657872,5.81,15.92792277,48.83862742,NA,NA,NA
2015,"July",10,"P11A-20",11,"A",20,0,0,1,0.729659728,5.43,20.75885026,4.102222961,NA,NA,NA
2015,"July",10,"P11A-40",11,"A",40,0,0,1,0.876121362,5.6,15.06850603,14.46865125,NA,NA,NA
2015,"July",10,"P11B-20",11,"B",20,0,0,1,0.729659728,5.48,24.61784684,4.545706525,NA,NA,NA
2015,"July",10,"P11B-40",11,"B",40,0,0,1,0.967378383,5.7,16.62215913,12.19579799,NA,NA,NA
2015,"July",10,"P12A-20",12,"A",20,0,1,2,0.967378383,5.53,45.65560243,283.2751261,NA,NA,NA
2015,"July",10,"P12A-40",12,"A",40,0,1,2,0.676112173,5.71,20.34709628,82.59881365,NA,NA,NA
2015,"July",10,"P12B-20",12,"B",20,0,1,2,1.051981646,5.84,13.47894417,86.47929487,NA,NA,NA
2015,"July",10,"P12B-40",12,"B",40,0,1,2,1.342558915,6.02,16.96448947,211.7634015,NA,NA,NA
2015,"August",NA,"P1A-20",1,"A",20,0,0,1,NA,NA,NA,NA,NA,NA,NA
2015,"September",10,"P1A-20",1,"A",20,0,0,1,1.504015361,6.25,31.97296984,47.78535395,10.16634124,137.3512694,8.798494218
2015,"September",10,"P1A-40",1,"A",40,0,0,1,0.726184104,6.22,17.56083663,53.99412384,9.413484092,125.3801551,8.031646786
2015,"September",10,"P1B-20",1,"B",20,0,0,1,0.534683379,6.25,8.380994075,54.71478464,11.07676232,149.728409,9.591350885
2015,"September",10,"P1B-40",1,"B",40,0,0,1,0.808646888,6.42,10.15986309,67.63124342,14.54606675,223.3979323,14.31048426
2015,"September",10,"P2A-20",2,"A",20,1,0,3,2.45049437,6.38,45.72077233,47.34187039,9.87069869,142.6235543,9.136227035
2015,"September",10,"P2A-40",2,"A",40,1,0,3,1.880485022,6.48,21.56878225,57.09850879,11.25533375,177.0512553,11.34160187
2015,"September",10,"P2B-20",2,"B",20,1,0,3,1.443065515,6.64,17.40710721,64.85947115,11.7670524,186.9069168,11.97293731
2015,"September",10,"P2B-40",2,"B",40,1,0,3,1.116594444,6.63,11.25793038,68.18559787,9.51749844,194.9927983,12.49090392
2015,"September",10,"P3A-20",3,"A",20,0,1,2,0.856863478,6.12,6.239762856,56.54415433,5.961494074,87.51701551,5.606204107
2015,"September",10,"P3A-40",3,"A",40,0,1,2,1.154166438,6.24,6.733893137,65.4138256,10.42666875,153.1386996,9.809807788
2015,"September",10,"P3B-20",3,"B",20,0,1,2,0.970086147,6.41,15.78196762,369.2000665,6.716830942,109.3331086,7.003702671
2015,"September",10,"P3B-40",3,"B",40,0,1,2,1.053762525,6.59,11.31832408,49.44841732,11.1013194,162.4974866,10.40931437
2015,"September",10,"P4A-20",4,"A",20,1,1,4,1.419382868,6.19,20.02050737,109.762182,7.105636307,108.5459859,6.953281046
2015,"September",10,"P4A-40",4,"A",40,1,1,4,1.144656547,6.29,11.50499552,17.35129442,12.54389582,181.2735769,11.61207598
2015,"September",10,"P4B-20",4,"B",20,1,1,4,0.696755675,6.26,27.20186746,201.7850214,5.375620711,89.70449929,5.746330272
2015,"September",10,"P4B-40",4,"B",40,1,1,4,0.750619283,6.38,9.149641179,18.07195521,12.09388334,166.5007306,10.66575478
2015,"September",10,"P5A-20",5,"A",20,1,0,3,0.986272201,6.44,49.9922541,11.97405621,10.28394261,154.1101664,9.872038158
2015,"September",10,"P5A-40",5,"A",40,1,0,3,0.856863478,6.39,25.33515306,13.74799047,8.324051778,140.1641241,8.978680487
2015,"September",10,"P5B-20",5,"B",20,1,0,3,0.801983946,6.4,12.09246152,9.424025723,8.772152215,141.3320141,9.053493359
2015,"September",10,"P5B-40",5,"B",40,1,0,3,0.595400048,6.44,8.754336954,11.08708909,3.346032439,85.15175458,5.454689868
2015,"September",10,"P6A-20",6,"A",20,0,1,2,0.130992094,6.29,8.858653347,40.52331061,9.881281971,123.6724485,7.922254258
2015,"September",10,"P6A-40",6,"A",40,0,1,2,0.525908506,6.2,18.13183163,223.9591995,11.57390518,153.0784683,9.805949482
2015,"September",10,"P6B-20",6,"B",20,0,1,2,0.359435475,6.16,13.02581872,12.97189423,5.30764816,91.15640903,5.839336923
2015,"September",10,"P6B-40",6,"B",40,0,1,2,0.5526748,6.3,10.55516731,4.379400188,14.46665003,197.5584598,12.65525545
2015,"September",10,"P7A-20",7,"A",20,1,1,4,0.193253597,6.18,27.2238288,165.1976274,11.12346538,167.9510832,10.75866168
2015,"September",10,"P7A-40",7,"A",40,1,1,4,0.769483747,6.27,28.52503854,13.85886136,6.38584529,113.2576079,7.255098835
2015,"September",10,"P7B-20",7,"B",20,1,1,4,0.986272201,6.36,39.61002785,84.81623147,9.536749844,132.3236812,8.476436222
2015,"September",10,"P7B-40",7,"B",40,1,1,4,1.080245545,6.37,33.36202496,11.14252453,12.02936369,173.1795684,11.09358877
2015,"September",10,"P8A-20",8,"A",20,0,0,1,0.548120971,6.18,18.790672,20.6219857,11.56835309,179.5706742,11.50299118
2015,"September",10,"P8A-40",8,"A",40,0,0,1,0.657548516,6.34,8.836692001,3.159820389,4.522183406,89.8640141,5.756548495
2015,"September",10,"P8B-20",8,"B",20,0,0,1,0.64675726,6.24,16.9678803,12.63928156,12.81693699,173.6103159,11.12118166
2015,"September",10,"P8B-40",8,"B",40,0,0,1,0.828969694,6.34,9.012382768,2.106546926,9.220976294,163.5562595,10.47713741
2015,"September",10,"P9A-20",9,"A",20,1,1,4,1.011059062,6.3,22.29350666,52.82997949,9.658312539,158.7767927,10.1709736
2015,"September",10,"P9A-40",9,"A",40,1,1,4,1.264136972,6.47,19.85030694,27.38511004,6.805327511,129.8849619,8.320216373
2015,"September",10,"P9B-20",9,"B",20,1,1,4,0.856863478,6.32,11.58735057,15.35561838,8.272373674,115.414567,7.393269645
2015,"September",10,"P9B-40",9,"B",40,1,1,4,1.116594444,6.47,7.282926783,21.17634015,10.8405053,161.6746968,10.35660798
2015,"September",10,"P10A-20",10,"A",20,1,0,3,1.045079924,6.28,16.41884665,4.268529297,10.21818777,178.1694725,11.41323279
2015,"September",10,"P10A-40",10,"A",40,1,0,3,1.173423903,6.4,13.71760111,16.74150452,7.729217093,128.5281693,8.233302745
2015,"September",10,"P10B-20",10,"B",20,1,0,3,0.513015469,6.25,15.95216805,4.157658407,7.066079226,111.9297743,7.170040274
2015,"September",10,"P10B-40",10,"B",40,1,0,3,0.434776004,6.18,8.441387776,15.85453739,6.509160948,147.0347645,9.418800997
2015,"September",10,"P11A-20",11,"A",20,0,0,1,0.923104429,6.25,28.05286961,7.483785132,4.708325016,90.58732581,5.802882505
2015,"September",10,"P11A-40",11,"A",40,0,0,1,0.962093007,6.39,19.06518882,12.52841067,5.78150655,107.8329845,6.907607495
2015,"September",10,"P11B-20",11,"B",20,0,0,1,1.027928756,6.24,42.47049315,7.15117246,4.844610106,77.12168406,4.940298406
2015,"September",10,"P11B-40",11,"B",40,0,0,1,1.080245545,6.39,25.19240431,9.424025723,6.84694947,120.9763695,7.749548426
2015,"September",10,"P12A-20",12,"A",20,0,1,2,1.674805787,6.42,76.18664935,212.8721105,4.766522146,90.62039492,5.805000851
2015,"September",10,"P12A-40",12,"A",40,0,1,2,1.317529526,6.54,42.42108012,91.46848492,5.752161572,106.8722821,6.846066677
2015,"September",10,"P12B-20",12,"B",20,0,1,2,0.663011477,6.36,19.78991324,205.1111481,5.922854024,109.0043611,6.982643712
2015,"September",10,"P12B-40",12,"B",40,0,1,2,1.173423903,6.6,14.96390749,134.7081324,5.59117592,129.587433,8.301157222
2015,"October",NA,"P1A-20",1,"A",20,0,0,1,NA,NA,NA,NA,NA,NA,NA
2015,"November",NA,"P1A-20",1,"A",20,0,0,1,NA,NA,NA,NA,NA,NA,NA
2015,"December",NA,"P1A-20",1,"A",20,0,0,1,NA,NA,NA,NA,NA,NA,NA
2016,"May",NA,"P1A-20",1,"A",20,0,0,1,NA,NA,NA,32.30591704,4.972779985,123.7270917,7.925754598
2016,"May",NA,"P1A-40",1,"A",40,0,0,1,NA,NA,NA,72.67835755,0.126515499,2.690682652,0.172386153
2016,"May",NA,"P1B-20",1,"B",20,0,0,1,NA,NA,NA,17.40188643,5.720738478,129.8154894,8.315766094
2016,"May",NA,"P1B-40",1,"B",40,0,0,1,NA,NA,NA,41.68513933,7.265538933,156.066347,9.997347464
2016,"May",NA,"P2A-20",2,"A",20,1,0,3,NA,NA,NA,41.72615316,5.878159817,130.8595882,8.382649127
2016,"May",NA,"P2A-40",2,"A",40,1,0,3,NA,NA,NA,80.75284565,6.521515973,143.3666573,9.183828836
2016,"May",NA,"P2B-20",2,"B",20,1,0,3,NA,NA,NA,33.78279262,6.205430495,129.0618336,8.267488294
2016,"May",NA,"P2B-40",2,"B",40,1,0,3,NA,NA,NA,25.22191702,9.549184014,200.2278928,12.82625439
2016,"May",NA,"P3A-20",3,"A",20,0,1,2,NA,NA,NA,65.88553423,5.592730074,121.5123441,7.783881968
2016,"May",NA,"P3A-40",3,"A",40,0,1,2,NA,NA,NA,38.13749178,6.431620103,131.7554443,8.440036014
2016,"May",NA,"P3B-20",3,"B",20,0,1,2,NA,NA,NA,56.33740719,5.913993885,126.0847588,8.076782393
2016,"May",NA,"P3B-40",3,"B",40,0,1,2,NA,NA,NA,29.58467094,7.444502139,148.2782172,9.49845428
2016,"May",NA,"P4A-20",4,"A",20,1,1,4,NA,NA,NA,19.61743574,5.464307403,121.897622,7.808562155
2016,"May",NA,"P4A-40",4,"A",40,1,1,4,NA,NA,NA,23.39834683,6.404692769,131.0158984,8.392662075
2016,"May",NA,"P4B-20",4,"B",20,1,1,4,NA,NA,NA,39.95650099,5.552753339,119.9645162,7.684730975
2016,"May",NA,"P4B-40",4,"B",40,1,1,4,NA,NA,NA,13.20376474,7.278899033,143.2607602,9.177045268
2016,"May",NA,"P5A-20",5,"A",20,1,0,3,NA,NA,NA,1.417795889,5.500555737,119.4629929,7.652604322
2016,"May",NA,"P5A-40",5,"A",40,1,0,3,NA,NA,NA,23.39834683,6.541607907,139.2447419,8.919786563
2016,"May",NA,"P5B-20",5,"B",20,1,0,3,NA,NA,NA,10.73428139,6.386465035,134.8033399,8.635278569
2016,"May",NA,"P5B-40",5,"B",40,1,0,3,NA,NA,NA,11.96902307,6.633367977,141.1485247,9.041739366
2016,"May",NA,"P6A-20",6,"A",20,0,1,2,NA,NA,NA,114.5247126,6.085086025,126.2694133,8.088611015
2016,"May",NA,"P6A-40",6,"A",40,0,1,2,NA,NA,NA,99.72148437,5.927250419,120.4976587,7.718883094
2016,"May",NA,"P6B-20",6,"B",20,0,1,2,NA,NA,NA,20.85916311,5.813534215,122.7857602,7.865454646
2016,"May",NA,"P6B-40",6,"B",40,0,1,2,NA,NA,NA,2.584986352,7.414137169,142.410092,9.122553032
2016,"May",NA,"P7A-20",7,"A",20,1,1,4,NA,NA,NA,197.8970064,5.823243406,128.7560918,8.247903043
2016,"May",NA,"P7A-40",7,"A",40,1,1,4,NA,NA,NA,19.10476983,6.271168983,132.8637924,8.511034745
2016,"May",NA,"P7B-20",7,"B",20,1,1,4,NA,NA,NA,8.92332694,6.53572957,134.7343004,8.630856028
2016,"May",NA,"P7B-40",7,"B",40,1,1,4,NA,NA,NA,37.8985982,7.115935441,146.8428084,9.406504649
2016,"May",NA,"P8A-20",8,"A",20,0,0,1,NA,NA,NA,7.441620346,6.637691303,134.7030489,8.628854113
2016,"May",NA,"P8A-40",8,"A",40,0,0,1,NA,NA,NA,17.43860562,7.457538396,155.3315563,9.950278135
2016,"May",NA,"P8B-20",8,"B",20,0,0,1,NA,NA,NA,3.243515244,6.482568259,137.3610954,8.799123653
2016,"May",NA,"P8B-40",8,"B",40,0,0,1,NA,NA,NA,0,6.572277971,131.4020544,8.417398509
2016,"May",NA,"P9A-20",9,"A",20,1,1,4,NA,NA,NA,39.35507332,6.237735503,138.7465797,8.887875215
2016,"May",NA,"P9A-40",9,"A",40,1,1,4,NA,NA,NA,56.08079867,6.798421204,150.922591,9.667847973
2016,"May",NA,"P9B-20",9,"B",20,1,1,4,NA,NA,NA,7.194688598,6.690644953,137.2952588,8.794906285
2016,"May",NA,"P9B-40",9,"B",40,1,1,4,NA,NA,NA,13.53302919,6.557741675,151.5205369,9.706151279
2016,"May",NA,"P10A-20",10,"A",20,1,0,3,NA,NA,NA,8.210619213,5.689509483,127.7335419,8.182400386
2016,"May",NA,"P10A-40",10,"A",40,1,0,3,NA,NA,NA,9.171867797,6.472392852,139.672875,8.947211975
2016,"May",NA,"P10B-20",10,"B",20,1,0,3,NA,NA,NA,8.100165825,6.197033874,135.7889353,8.698413984
2016,"May",NA,"P10B-40",10,"B",40,1,0,3,NA,NA,NA,17.64883476,4.680690543,134.1130201,8.591057958
2016,"May",NA,"P11A-20",11,"A",20,0,0,1,NA,NA,NA,10.48733306,6.56173919,140.7906366,9.018813721
2016,"May",NA,"P11A-40",11,"A",40,0,0,1,NA,NA,NA,9.499539721,7.875512092,158.8923645,10.17837692
2016,"May",NA,"P11B-20",11,"B",20,0,0,1,NA,NA,NA,4.889837475,6.355596354,136.5093307,8.744561179
2016,"May",NA,"P11B-40",11,"B",40,0,0,1,NA,NA,NA,12.13365529,6.981881862,133.8398594,8.573559789
2016,"May",NA,"P12A-20",12,"A",20,0,1,2,NA,NA,NA,48.84664104,7.108834421,146.9667014,9.414441002
2016,"May",NA,"P12A-40",12,"A",40,0,1,2,NA,NA,NA,82.02003398,7.719405932,165.8934856,10.62685578
2016,"May",NA,"P12B-20",12,"B",20,0,1,2,NA,NA,NA,25.94059622,7.103872106,147.8812116,9.473022837
2016,"May",NA,"P12B-40",12,"B",40,0,1,2,NA,NA,NA,46.30511729,6.81440373,148.2985246,9.499755131
2016,"July",15,"P1A-20",1,"A",20,0,0,1,2.724656318,6.3,28.5292676,55.15681631,5.149529057,137.9167719,8.834719259
2016,"July",15,"P1A-40",1,"A",40,0,0,1,1.842295604,6.31,17.01452608,60.53472609,6.664767789,138.8872558,8.896886668
2016,"July",15,"P1B-20",1,"B",20,0,0,1,1.587732734,6.37,4.469921852,35.26580772,6.00085058,141.8264664,9.085167061
2016,"July",15,"P1B-40",1,"B",40,0,0,1,1.664070372,6.46,5.196668939,62.52051381,7.184130707,150.1711341,9.619711033
2016,"July",15,"P2A-20",2,"A",20,1,0,3,1.827932976,6.39,13.05211106,27.56301722,5.453093069,131.5685894,8.428066437
2016,"July",15,"P2A-40",2,"A",40,1,0,3,3.339542571,6.42,8.907096274,42.48031465,5.665278118,132.9511821,8.516632768
2016,"July",15,"P2B-20",2,"B",20,1,0,3,1.827932976,6.5,7.387866184,24.40885062,4.893977721,126.6755992,8.114630533
2016,"July",15,"P2B-40",2,"B",40,1,0,3,0.882772466,6.46,4.846077379,34.89142989,6.366882696,139.7013307,8.949034797
2016,"July",15,"P3A-20",3,"A",20,0,1,2,0.606309624,6.16,2.052300892,51.44349763,7.539837516,162.7212324,10.42364711
2016,"July",15,"P3A-40",3,"A",40,0,1,2,1.14292405,6.42,2.567232244,51.44349764,6.20735671,137.1341924,8.784588664
2016,"July",15,"P3B-20",3,"B",20,0,1,2,1.000537916,6.29,4.685389581,67.38742562,6.559965928,147.239397,9.431909377
2016,"July",15,"P3B-40",3,"B",40,0,1,2,0.703519888,6.53,0.858098393,40.35734622,6.60281595,136.6654988,8.754565019
2016,"July",15,"P4A-20",4,"A",20,1,1,4,1.730481376,6.29,16.63471856,17.89558412,5.791246857,142.3592184,9.119294165
2016,"July",15,"P4A-40",4,"A",40,1,1,4,1.379096099,6.29,11.26628531,18.53581148,5.614684116,127.9172635,8.194169254
2016,"July",15,"P4B-20",4,"B",20,1,1,4,1.235969786,6.23,9.217515884,48.74340963,5.762335999,136.0569444,8.715582156
2016,"July",15,"P4B-40",4,"B",40,1,1,4,0.784988067,6.24,3.341455271,10.40711974,6.250206732,129.8966665,8.320966148
2016,"July",15,"P5A-20",5,"A",20,1,0,3,1.930872536,6.35,24.44633674,9.124469353,5.466515967,127.5030195,8.16763355
2016,"July",15,"P5A-40",5,"A",40,1,0,3,1.255468876,6.34,8.059833339,9.444583015,6.09687593,129.7824291,8.313648312
2016,"July",15,"P5B-20",5,"B",20,1,0,3,1.45675953,6.35,NA,12.65338672,6.300800734,140.0936881,8.974168486
2016,"July",15,"P5B-40",5,"B",40,1,0,3,0.925215859,NA,NA,12.95288899,6.901733574,155.5733882,9.965769439
2016,"July",15,"P6A-20",6,"A",20,0,1,2,0.57849575,6.21,8.121917261,16.10294754,6.798996774,156.7509942,10.0412047
2016,"July",15,"P6A-40",6,"A",40,0,1,2,0.625591235,6.18,9.915047007,5.539196131,6.751500364,147.5479447,9.451674373
2016,"July",15,"P6B-20",6,"B",20,0,1,2,1.315831383,6.31,NA,24.10934835,6.466521904,142.4969438,9.128116603
2016,"July",15,"P6B-40",6,"B",40,0,1,2,0.573985768,6.29,NA,8.085977186,6.501111681,133.4764606,8.550281135
2016,"July",15,"P7A-20",7,"A",20,1,1,4,2.64067854,6.37,29.89511389,29.80381298,5.963679476,153.1712001,9.811889713
2016,"July",15,"P7A-40",7,"A",40,1,1,4,1.690323327,6.35,15.82032358,33.13299523,6.135079564,140.6392517,9.009116281
2016,"July",15,"P7B-20",7,"B",20,1,1,4,1.43413413,6.35,NA,11.68000436,5.888821004,136.0024948,8.712094215
2016,"July",15,"P7B-40",7,"B",40,1,1,4,1.468205735,6.26,NA,12.87801342,6.583197867,138.9833434,8.903041857
2016,"July",15,"P8A-20",8,"A",20,0,0,1,1.040468155,6.12,12.45318382,4.834946061,7.327136202,159.6934077,10.22969027
2016,"July",15,"P8A-40",8,"A",40,0,0,1,0.620714094,5.84,5.302576806,1.796429625,7.650834562,153.304655,9.820438586
2016,"July",15,"P8B-20",8,"B",20,0,0,1,1.827932976,NA,NA,3.219065383,6.523827355,142.1179319,9.103837801
2016,"July",15,"P8B-40",8,"B",40,0,0,1,1.188536745,6.33,NA,2.395434155,6.731366016,137.795061,8.826922686
2016,"July",15,"P9A-20",9,"A",20,1,1,4,2.620091679,6.43,8.947268223,16.77154287,5.8516499,143.6777527,9.203757037
2016,"July",15,"P9A-40",9,"A",40,1,1,4,2.329865035,6.41,13.43922258,34.21754979,6.47684721,147.2041649,9.429652474
2016,"July",15,"P9B-20",9,"B",20,1,1,4,1.871360302,6.35,NA,19.91631665,6.87230645,151.9562268,9.734060767
2016,"July",15,"P9B-40",9,"B",40,1,1,4,2.767641446,6.44,NA,23.95959722,6.613657522,146.1610814,9.362834478
2016,"July",15,"P10A-20",10,"A",20,1,0,3,1.856771084,6.27,8.73545249,8.460355017,5.85061737,137.3231645,8.796693869
2016,"July",15,"P10A-40",10,"A",40,1,0,3,1.730481376,6.32,6.653815107,8.085977186,6.257950712,139.0676869,8.908444745
2016,"July",15,"P10B-20",10,"B",20,1,0,3,1.024308309,4.92,NA,4.592929357,6.711747934,139.2289004,8.918771785
2016,"July",15,"P10B-40",10,"B",40,1,0,3,0.539148918,5.59,NA,16.10207994,6.061769888,138.5477466,8.875138333
2016,"July",15,"P11A-20",11,"A",20,0,0,1,2.878094616,6.26,26.69231391,4.791452273,6.177413321,144.0151267,9.225368589
2016,"July",15,"P11A-40",11,"A",40,0,0,1,2.703414762,6.35,16.6821945,12.05438219,6.270857345,138.3064601,8.85968197
2016,"July",15,"P11B-20",11,"B",20,0,0,1,2.258055285,6.37,NA,13.00116889,6.193417546,152.594675,9.774958579
2016,"July",15,"P11B-40",11,"B",40,0,0,1,1.587732734,6.38,NA,12.10667533,7.024088456,149.8284219,9.597757526
2016,"July",15,"P12A-20",12,"A",20,0,1,2,3.500106617,6.48,36.74625727,107.2212268,6.083969297,145.5012804,9.320568846
2016,"July",15,"P12A-40",12,"A",40,0,1,2,3.112401025,6.57,25.62227926,98.08640776,6.448452617,148.0209088,9.481971581
2016,"July",15,"P12B-20",12,"B",20,0,1,2,1.664070372,6.48,NA,75.55608567,7.167093951,159.4339714,10.21307126
2016,"July",15,"P12B-40",12,"B",40,0,1,2,2.559289076,6.6,NA,98.6340197,6.660121401,149.8465718,9.598920172
2016,"September",16,"P1A-20",1,"A",20,0,0,1,1.160633902,6.41,26.79896322,74.3839882,7.569916192,201.8489668,12.93009739
2016,"September",16,"P1A-40",1,"A",40,0,0,1,1.005268183,6.46,30.75261395,75.24090799,7.683842675,187.2034885,11.99193515
2016,"September",16,"P1B-20",1,"B",20,0,0,1,0.989343545,6.41,8.443717204,37.75930652,8.264020006,217.6294695,13.9409672
2016,"September",16,"P1B-40",1,"B",40,0,0,1,0.981476076,6.51,4.359848127,51.03751093,9.737827567,197.9924628,12.68305688
2016,"September",16,"P2A-20",2,"A",20,1,0,3,0.748148658,6.6,25.02300659,67.87139779,6.425689053,186.0314342,11.91685552
2016,"September",16,"P2A-40",2,"A",40,1,0,3,0.928127997,6.6,19.27400501,66.32894217,6.230504662,165.8015353,10.62096562
2016,"September",16,"P2B-20",2,"B",20,1,0,3,1.133164689,6.67,13.54162704,62.18890339,6.279093997,167.8398364,10.75153541
2016,"September",16,"P2B-40",2,"B",40,1,0,3,1.572015032,6.7,8.842684061,38.21915777,6.096315394,148.8643726,9.536002308
2016,"September",16,"P3A-20",3,"A",20,0,1,2,0.62264077,6.35,6.102557523,207.2636838,10.18919147,238.0798828,15.25098284
2016,"September",16,"P3A-40",3,"A",40,0,1,2,0.315869732,6.43,4.19638254,121.2289368,9.994834133,215.5345837,13.80677269
2016,"September",16,"P3B-20",3,"B",20,0,1,2,0.707483078,6.53,6.157969587,136.1099894,9.926809064,229.8563635,14.72419941
2016,"September",16,"P3B-40",3,"B",40,0,1,2,0.65842968,6.75,2.709953938,25.57324879,6.983329204,161.724101,10.35977272
2016,"September",16,"P4A-20",4,"A",20,1,1,4,1.063050221,6.48,21.09429129,122.0287286,8.086203718,212.4324051,13.60805287
2016,"September",16,"P4A-40",4,"A",40,1,1,4,1.063050221,6.45,18.94153263,36.6795174,6.230091136,162.4846673,10.40849319
2016,"September",16,"P4B-20",4,"B",20,1,1,4,0.823373296,6.48,10.68513517,45.34685189,9.009194312,219.8545837,14.0835039
2016,"September",16,"P4B-40",4,"B",40,1,1,4,0.778618885,6.46,7.088892253,14.0194865,7.163213123,166.6877531,10.67773509
2016,"September",16,"P5A-20",5,"A",20,1,0,3,0.62264077,6.63,22.88133034,23.93997651,7.718785643,190.5994088,12.20947152
2016,"September",16,"P5A-40",5,"A",40,1,0,3,0.784860259,6.5,24.335897,19.94101748,6.842937041,160.4625928,10.27896284
2016,"September",16,"P5B-20",5,"B",20,1,0,3,1.133164689,6.62,10.04789644,12.86985844,6.491026201,159.2505962,10.20132458
2016,"September",16,"P5B-40",5,"B",40,1,0,3,0.803886173,6.53,5.656490412,13.84704228,6.69468788,157.7952018,10.10809471
2016,"September",16,"P6A-20",6,"A",20,0,1,2,0.417702655,6.4,15.20121834,302.0961407,9.641269188,226.9705386,14.53933881
2016,"September",16,"P6A-40",6,"A",40,0,1,2,0.482259232,6.36,17.51190139,160.4758632,8.84771231,206.9773805,13.25861409
2016,"September",16,"P6B-20",6,"B",20,0,1,2,0.685245877,6.46,9.349704442,27.81502354,9.132631898,200.7696949,12.86096123
2016,"September",16,"P6B-40",6,"B",40,0,1,2,0.62264077,6.45,8.812207426,5.339794445,7.285616894,159.5759589,10.22216671
2016,"September",16,"P7A-20",7,"A",20,1,1,4,0.497909229,6.51,49.01643007,245.4251785,9.063159487,218.0709142,13.96924533
2016,"September",16,"P7A-40",7,"A",40,1,1,4,0.607904468,6.26,30.60577198,37.36505323,7.751247454,180.8867939,11.58729938
2016,"September",16,"P7B-20",7,"B",20,1,1,4,1.169937492,6.59,35.17172601,30.80405658,7.216351247,180.475722,11.56096687
2016,"September",16,"P7B-40",7,"B",40,1,1,4,1.037890562,6.57,15.50321409,15.22659599,6.31961957,151.0670192,9.677099777
2016,"September",16,"P8A-20",8,"A",20,0,0,1,0.603070283,6.29,13.93505269,8.743932214,9.717564781,221.9519659,14.21785833
2016,"September",16,"P8A-40",8,"A",40,0,0,1,0.574861853,6.33,10.07006127,8.058396381,9.029043572,195.0795937,12.49646388
2016,"September",16,"P8B-20",8,"B",20,0,0,1,0.690738777,6.42,12.58576895,1.143651939,9.33319213,214.4652973,13.73827619
2016,"September",16,"P8B-40",8,"B",40,0,0,1,0.760190983,6.49,6.66776057,2.465724227,8.317571655,171.6326824,10.99449811
2016,"September",16,"P9A-20",9,"A",20,1,1,4,1.329355573,6.56,25.59098024,123.7425682,6.973404574,188.357236,12.06584208
2016,"September",16,"P9A-40",9,"A",40,1,1,4,1.329355573,6.53,25.78492246,58.78804801,6.429204026,159.9891111,10.24863248
2016,"September",16,"P9B-20",9,"B",20,1,1,4,1.188769,6.57,9.266586347,50.5776597,7.714236854,179.2678861,11.48359514
2016,"September",16,"P9B-40",9,"B",40,1,1,4,1.106345602,6.63,6.540312825,28.61976322,7.152047915,162.0698508,10.38192081
2016,"September",16,"P10A-20",10,"A",20,1,0,3,1.133164689,6.42,11.43873923,8.344036312,8.31260934,191.4669037,12.26504164
2016,"September",16,"P10A-40",10,"A",40,1,0,3,1.063050221,6.45,9.660011997,6.029571299,7.316631363,170.6511857,10.93162525
2016,"September",16,"P10B-20",10,"B",20,1,0,3,1.179315658,6.52,10.72392362,6.144534121,9.014156627,189.3878283,12.13185992
2016,"September",16,"P10B-40",10,"B",40,1,0,3,1.428393345,6.63,10.05066704,40.05856271,6.496195279,153.7939074,9.85177919
2016,"September",16,"P11A-20",11,"A",20,0,0,1,0.772427144,6.29,34.59266995,3.845277935,9.578206434,230.5566005,14.7690553
2016,"September",16,"P11A-40",11,"A",40,0,0,1,0.850092928,6.57,17.48419536,4.046462831,8.357476939,185.5396457,11.88535246
2016,"September",16,"P11B-20",11,"B",20,0,0,1,1.160633902,6.72,30.54758932,7.466606408,7.873651224,196.5786749,12.59249224
2016,"September",16,"P11B-40",11,"B",40,0,0,1,1.227346241,6.58,24.90941186,13.55963525,7.663786651,178.7973169,11.45345134
2016,"September",16,"P12A-20",12,"A",20,0,1,2,1.547112453,6.69,11.10903746,112.7725392,9.585029617,213.6880884,13.68848962
2016,"September",16,"P12A-40",12,"A",40,0,1,2,1.67569875,6.76,36.16360195,95.70056213,6.201144299,163.5102669,10.4741912
2016,"September",16,"P12B-20",12,"B",20,0,1,2,0.973671172,6.61,57.37533984,59.51036234,8.301444132,203.4682907,13.03382828
2016,"September",16,"P12B-40",12,"B",40,0,1,2,1.52260436,6.77,11.62159904,80.31775143,7.400163666,171.8411308,11.00785093
2017,"May",18,"P1A-20",1,"A",20,0,0,1,0.003071069,6.53,7.08182949,26.80068971,1.532891454,131.4065134,8.417684146
2017,"May",18,"P1A-40",1,"A",40,0,0,1,0.007318102,6.62,8.04754214,62.67961245,3.622754211,136.4722849,8.742188098
2017,"May",18,"P1B-20",1,"B",20,0,0,1,0.004704745,6.66,3.825754095,97.73876652,1.311749844,111.3049563,7.130015585
2017,"May",18,"P1B-40",1,"B",40,0,0,1,0.070822976,6.53,3.714654409,136.7437495,17.98305053,153.7152017,9.846737447
2017,"May",18,"P2A-20",2,"A",20,1,0,3,0.000860713,6.25,5.735814071,31.71268509,0.131830942,83.23091396,5.331644371
2017,"May",18,"P2A-40",2,"A",40,1,0,3,0.000739093,6.5,3.911215391,53.28275173,0.521400499,86.96264316,5.57069204
2017,"May",18,"P2B-20",2,"B",20,1,0,3,0.064146141,6.44,2.84722225,112.1378023,2.844435434,103.3470071,6.62024408
2017,"May",18,"P2B-40",2,"B",40,1,0,3,0.107674445,6.5,3.983857493,97.37423399,8.586147848,135.9512468,8.708811362
2017,"May",18,"P3A-20",3,"A",20,0,1,2,0.000841268,6.28,2.808764667,20.50052173,34.1625733,116.6374189,7.471603276
2017,"May",18,"P3A-40",3,"A",40,0,1,2,0.00683324,6.36,2.672026592,23.70399698,13.13049906,67.966,4.353802223
2017,"May",18,"P3B-20",3,"B",20,0,1,2,0.00088734,6.48,3.359990029,64.56630434,22.10322832,79.41997179,5.087522466
2017,"May",18,"P3B-40",3,"B",40,0,1,2,0.000649327,6.46,2.684845787,49.25593717,17.7928665,79.49086601,5.092063818
2017,"May",18,"P4A-20",4,"A",20,1,1,4,0.116196318,6.22,8.530398465,137.3205856,1.120913911,96.75109168,6.197721943
2017,"May",18,"P4A-40",4,"A",40,1,1,4,0.182122132,6.34,10.40200086,37.79928805,1.70220524,81.32206206,5.20936685
2017,"May",18,"P4B-20",4,"B",20,1,1,4,0.053837784,6.14,10.50455441,101.9308909,6.461054273,83.60376869,5.355528755
2017,"May",18,"P4B-40",4,"B",40,1,1,4,0.204165478,6.29,5.154677255,16.26754322,6.684398004,103.2660846,6.615060339
2017,"May",18,"P5A-20",5,"A",20,1,0,3,0.163700918,6.28,14.27301932,11.85113857,4.377585777,135.0550296,8.651401346
2017,"May",18,"P5A-40",5,"A",40,1,0,3,0.223706177,6.3,6.35436374,20.92765176,20.99405802,182.2694499,11.67586976
2017,"May",18,"P5B-20",5,"B",20,1,0,3,0.256579217,6.38,5.39952343,22.86041685,12.56658141,120.3793484,7.711304355
2017,"May",18,"P5B-40",5,"B",40,1,0,3,0.292049861,6.34,6.41571894,25.44749384,13.39121959,125.7418928,8.054819031
2017,"May",18,"P6A-20",6,"A",20,0,1,2,0.001815681,6.06,3.930833316,54.17712663,1.879173425,109.0189309,6.983577028
2017,"May",18,"P6A-40",6,"A",40,0,1,2,0.005234168,6.15,5.587423732,61.83231022,12.36502495,146.6672581,9.39525922
2017,"May",18,"P6B-20",6,"B",20,0,1,2,0.020619716,6.17,7.071452646,66.17309294,3.637847785,92.67057546,5.936331623
2017,"May",18,"P6B-40",6,"B",40,0,1,2,0.162458763,6.28,3.635561414,17.43590057,0.11676544,116.9526234,7.491794694
2017,"May",18,"P7A-20",7,"A",20,1,1,4,0.002739492,6.1,10.49967448,84.98012724,11.67912352,101.4794669,6.50061291
2017,"May",18,"P7A-40",7,"A",40,1,1,4,0.193564854,6.33,9.935973574,67.48256474,12.8974267,152.3981439,9.762369159
2017,"May",18,"P7B-20",7,"B",20,1,1,4,0.166213793,6.27,5.587423732,14.93227768,5.923649407,82.88349224,5.309389179
2017,"May",18,"P7B-40",7,"B",40,1,1,4,0.2072995,6.29,5.921042635,28.20147902,13.96590767,122.4560536,7.84433425
2017,"May",18,"P8A-20",8,"A",20,0,0,1,0.183514632,6.19,11.68843149,38.50222693,16.34985964,122.7436615,7.86275788
2017,"May",18,"P8A-40",8,"A",40,0,0,1,0.187756342,6.22,5.146433228,37.40862927,21.13276357,146.7638843,9.401448918
2017,"May",18,"P8B-20",8,"B",20,0,0,1,0.135316828,6.19,6.733999043,16.60135961,9.891880848,89.58386178,5.738602455
2017,"May",18,"P8B-40",8,"B",40,0,0,1,0.285451998,6.27,4.858830725,20.44024805,18.3332408,137.1764937,8.787298407
2017,"May",18,"P9A-20",9,"A",20,1,1,4,0.332424122,6.35,13.44088941,103.9358199,13.59891454,142.8331086,9.149650696
2017,"May",18,"P9A-40",9,"A",40,1,1,4,0.447407693,6.45,8.977298565,130.1821636,24.43458203,196.5717094,12.59204605
2017,"May",18,"P9B-20",9,"B",20,1,1,4,0.320001983,6.4,9.280239868,46.97865074,5.227922645,99.30959661,6.361615036
2017,"May",18,"P9B-40",9,"B",40,1,1,4,0.440643637,6.45,6.530759941,45.5599311,10.00423269,118.1603695,7.569160676
2017,"May",18,"P10A-20",10,"A",20,1,0,3,0.082477144,6.19,5.568250232,48.70913839,0.165511541,132.1724852,8.466750882
2017,"May",18,"P10A-40",10,"A",40,1,0,3,0.201078837,6.31,5.069739227,49.25593719,3.72944791,120.2250917,7.701422957
2017,"May",18,"P10B-20",10,"B",20,1,0,3,0.193564854,6.37,11.06721008,22.44314636,8.77231753,122.5928801,7.853099103
2017,"May",18,"P10B-40",10,"B",40,1,0,3,0.597594224,6.44,12.2099507,42.55558362,15.66002183,147.0237405,9.418094821
2017,"May",18,"P11A-20",11,"A",20,0,0,1,0.327398426,6.35,13.1034358,37.40862927,3.737264504,116.0839379,7.436148309
2017,"May",18,"P11A-40",11,"A",40,0,0,1,0.322448709,6.35,13.0152377,31.21157588,16.78246413,145.7336559,9.335454387
2017,"May",18,"P11B-20",11,"B",20,0,0,1,0.369831707,6.37,22.09197269,16.93517599,0.384800374,96.98044006,6.212413576
2017,"May",18,"P11B-40",11,"B",40,0,0,1,0.372659429,6.4,15.90660153,23.69495781,8.253783531,110.3407898,7.068252867
2017,"May",18,"P12A-20",12,"A",20,0,1,2,0.2898338,6.46,25.39364942,214.0246504,0.256637555,122.6875543,7.859163757
2017,"May",18,"P12A-40",12,"A",40,0,1,2,0.521030194,6.54,15.37741293,221.679834,19.67786338,169.0337997,10.8280185
2017,"May",18,"P12B-20",12,"B",20,0,1,2,0.235957497,6.41,9.997328774,30.37128553,1.972747973,99.49783075,6.373672967
2017,"May",18,"P12B-40",12,"B",40,0,1,2,0.430688808,6.7,4.759128524,70.34579777,12.44119775,130.6532045,8.369428573
2017,"July",20,"P1A-20",1,"A",20,0,0,1,0.581923804,6.66,8.499348441,15.84831099,13.90564566,136.3302482,8.733089491
2017,"July",20,"P1A-40",1,"A",40,0,0,1,0.327690616,6.8,10.06252092,24.36435027,16.93935745,125.8350127,8.060784118
2017,"July",20,"P1B-20",1,"B",20,0,0,1,0.550745365,6.6,6.585415303,13.65462774,12.99690268,127.3570183,8.158280984
2017,"July",20,"P1B-40",1,"B",40,0,0,1,0.654806729,6.76,6.638791924,23.64558812,20.94603868,150.8587814,9.663760447
2017,"July",20,"P2A-20",2,"A",20,1,0,3,0.380519471,6.5,13.20030374,15.69758464,15.79593886,136.3816023,8.736379135
2017,"July",20,"P2A-40",2,"A",40,1,0,3,0.395784901,6.64,9.01023896,29.94122555,17.33862757,133.8399633,8.573566447
2017,"July",20,"P2B-20",2,"B",20,1,0,3,0.882955657,6.72,27.92462601,11.29035467,12.31934498,121.9727983,7.81337781
2017,"July",20,"P2B-40",2,"B",40,1,0,3,0.478029214,6.83,5.678012739,18.45944075,19.05422957,141.5512948,9.067540074
2017,"July",20,"P3A-20",3,"A",20,0,1,2,0.286671197,6.33,4.335971973,9.517803923,22.34147536,172.1943752,11.03047911
2017,"July",20,"P3A-40",3,"A",40,0,1,2,0.445354897,6.53,3.615387584,13.81350515,16.06026201,122.8825529,7.871655006
2017,"July",20,"P3B-20",3,"B",20,0,1,2,0.505091093,6.58,6.24227988,6.790609154,14.83659077,123.5338618,7.913376648
2017,"July",20,"P3B-40",3,"B",40,0,1,2,0.428177552,6.64,4.701983091,4.04500172,19.05611042,135.1489252,8.657416126
2017,"July",20,"P4A-20",4,"A",20,1,1,4,0.659978216,6.53,14.18395862,9.969983,15.0973456,137.2472863,8.791833254
2017,"July",20,"P4A-40",4,"A",40,1,1,4,0.505091093,6.65,9.452502394,8.61344577,13.3813194,109.7851594,7.032660207
2017,"July",20,"P4B-20",4,"B",20,1,1,4,0.351732267,6.52,13.79507181,3.053532369,15.8604242,136.0100592,8.712578776
2017,"July",20,"P4B-40",4,"B",40,1,1,4,0.300526562,6.33,5.887706609,0,19.19504055,133.7127814,8.565419407
2017,"July",20,"P5A-20",5,"A",20,1,0,3,0.686454787,6.62,38.4093195,1.529306904,15.55817218,134.3977715,8.609298607
2017,"July",20,"P5A-40",5,"A",40,1,0,3,0.529503109,6.4,11.81251158,2.05684916,16.95536182,129.2664316,8.280594465
2017,"July",20,"P5B-20",5,"B",20,1,0,3,0.629550824,6.8,5.075619441,2.748464876,17.35784779,136.8092666,8.76377452
2017,"July",20,"P5B-40",5,"B",40,1,0,3,0.389606583,6.65,5.125183446,0.841793047,19.3714005,135.4767532,8.678416176
2017,"July",20,"P6A-20",6,"A",20,0,1,2,0.174641163,6.43,8.251528413,1.152491007,20.11166251,160.263323,10.26619798
2017,"July",20,"P6A-40",6,"A",40,0,1,2,0.586519682,6.45,14.66816083,1.906122801,16.82326887,130.1437433,8.33679343
2017,"July",20,"P6B-20",6,"B",20,0,1,2,0.408437013,6.43,19.11748348,0,16.11542732,130.6389563,8.368515857
2017,"July",20,"P6B-40",6,"B",40,0,1,2,0.300526562,6.51,6.200341106,0,18.67794136,129.7344824,8.310576932
2017,"July",20,"P7A-20",7,"A",20,1,1,4,0.300526562,6.41,45.67616524,5.448192234,20.75093263,170.8762059,10.94603963
2017,"July",20,"P7A-40",7,"A",40,1,1,4,0.521237412,6.54,22.12944997,0,16.33639738,129.0675543,8.267854754
2017,"July",20,"P7B-20",7,"B",20,1,1,4,0.754413665,6.61,25.35111034,1.493235281,14.77921085,125.5751368,8.04413695
2017,"July",20,"P7B-40",7,"B",40,1,1,4,0.555095004,6.59,10.50097174,0.211845183,20.24178727,138.4213738,8.867043124
2017,"July",20,"P8A-20",8,"A",20,0,0,1,0.521237412,6.34,17.46280822,0.536725554,20.99336556,154.6681805,9.907783509
2017,"July",20,"P8A-40",8,"A",40,0,0,1,0.44887219,6.47,9.82995136,0,22.37174049,176.8807673,11.33068072
2017,"July",20,"P8B-20",8,"B",20,0,0,1,0.478029214,6.43,10.03583261,0,17.36666251,134.8473822,8.638099838
2017,"July",20,"P8B-40",8,"B",40,0,0,1,0.421493577,6.49,4.724858786,2.561060362,24.26036494,160.7344852,10.29637976
2017,"July",20,"P9A-20",9,"A",20,1,1,4,0.533684982,6.65,20.48621256,2.138329891,16.66039925,147.0743357,9.421335856
2017,"July",20,"P9A-40",9,"A",40,1,1,4,0.876036954,6.67,21.23348526,12.0530234,23.36985964,166.7402285,10.68109657
2017,"July",20,"P9B-20",9,"B",20,1,1,4,0.869172464,6.6,10.4666582,0,15.90060823,131.3733004,8.415556585
2017,"July",20,"P9B-40",9,"B",40,1,1,4,0.670444042,6.71,7.523318793,5.764535607,21.06132564,157.694031,10.10161389
2017,"July",20,"P10A-20",10,"A",20,1,0,3,0.084689899,4.54,4.069088866,0,15.99519651,105.7740818,6.775717998
2017,"July",20,"P10A-40",10,"A",40,1,0,3,0.170567865,4.6,5.380628706,0,21.36405802,135.8480931,8.702203524
2017,"July",20,"P10B-20",10,"B",20,1,0,3,0.962764426,6.64,10.52766005,0.105062675,16.14453213,130.7972779,8.378657645
2017,"July",20,"P10B-40",10,"B",40,1,0,3,0.816157959,6.75,3.367567556,8.968010851,19.28867748,155.0463244,9.932006705
2017,"July",20,"P11A-20",11,"A",20,0,0,1,0.681075833,6.44,19.36911612,0.384191808,21.31523706,178.6746516,11.44559363
2017,"July",20,"P11A-40",11,"A",40,0,0,1,0.529503109,6.56,12.69322584,1.375661159,21.01666563,147.0866601,9.422125335
2017,"July",20,"P11B-20",11,"B",20,0,0,1,0.659978216,6.6,39.11084081,0,16.10114473,136.6138984,8.751259599
2017,"July",20,"P11B-40",11,"B",40,0,0,1,0.719632456,6.63,17.25692696,5.01705805,22.61322208,154.1831396,9.876712686
2017,"July",20,"P12A-20",12,"A",20,0,1,2,0.600526245,6.71,37.79930097,47.89845379,0.098440424,0.223523272,0.014344487
2017,"July",20,"P12A-40",12,"A",40,0,1,2,0.882955657,6.79,21.44317913,37.22109155,21.00839676,152.8499238,9.791309349
2017,"July",20,"P12B-20",12,"B",20,0,1,2,0.784678735,6.66,11.01186226,6.084883131,16.06139738,137.8584795,8.830985162
2017,"July",20,"P12B-40",12,"B",40,0,1,2,0.697340474,6.78,6.634979308,35.34329036,21.83903306,159.0269676,10.18699934
2017,"September",NA,"P1A-20",1,"A",20,0,0,1,NA,NA,NA,NA,NA,NA,NA
2017,"September",NA,"P1A-40",1,"A",40,0,0,1,NA,NA,NA,NA,NA,NA,NA
2017,"September",NA,"P1B-20",1,"B",20,0,0,1,NA,NA,NA,NA,NA,NA,NA
2017,"September",NA,"P1B-40",1,"B",40,0,0,1,NA,NA,NA,NA,NA,NA,NA
2017,"September",NA,"P2A-20",2,"A",20,1,0,3,NA,NA,NA,NA,NA,NA,NA
2017,"September",NA,"P2A-40",2,"A",40,1,0,3,NA,NA,NA,NA,NA,NA,NA
2017,"September",NA,"P2B-20",2,"B",20,1,0,3,NA,NA,NA,NA,NA,NA,NA
2017,"September",NA,"P2B-40",2,"B",40,1,0,3,NA,NA,NA,NA,NA,NA,NA
2017,"September",NA,"P3A-20",3,"A",20,0,1,2,NA,NA,NA,NA,NA,NA,NA
2017,"September",NA,"P3A-40",3,"A",40,0,1,2,NA,NA,NA,NA,NA,NA,NA
2017,"September",NA,"P3B-20",3,"B",20,0,1,2,NA,NA,NA,NA,NA,NA,NA
2017,"September",NA,"P3B-40",3,"B",40,0,1,2,NA,NA,NA,NA,NA,NA,NA
2017,"September",NA,"P4A-20",4,"A",20,1,1,4,NA,NA,NA,NA,NA,NA,NA
2017,"September",NA,"P4A-40",4,"A",40,1,1,4,NA,NA,NA,NA,NA,NA,NA
2017,"September",NA,"P4B-20",4,"B",20,1,1,4,NA,NA,NA,NA,NA,NA,NA
2017,"September",NA,"P4B-40",4,"B",40,1,1,4,NA,NA,NA,NA,NA,NA,NA
2017,"September",NA,"P5A-20",5,"A",20,1,0,3,NA,NA,NA,NA,NA,NA,NA
2017,"September",NA,"P5A-40",5,"A",40,1,0,3,NA,NA,NA,NA,NA,NA,NA
2017,"September",NA,"P5B-20",5,"B",20,1,0,3,NA,NA,NA,NA,NA,NA,NA
2017,"September",NA,"P5B-40",5,"B",40,1,0,3,NA,NA,NA,NA,NA,NA,NA
2017,"September",NA,"P6A-20",6,"A",20,0,1,2,NA,NA,NA,NA,NA,NA,NA
2017,"September",NA,"P6A-40",6,"A",40,0,1,2,NA,NA,NA,NA,NA,NA,NA
2017,"September",NA,"P6B-20",6,"B",20,0,1,2,NA,NA,NA,NA,NA,NA,NA
2017,"September",NA,"P6B-40",6,"B",40,0,1,2,NA,NA,NA,NA,NA,NA,NA
2017,"September",NA,"P7A-20",7,"A",20,1,1,4,NA,NA,NA,NA,NA,NA,NA
2017,"September",NA,"P7A-40",7,"A",40,1,1,4,NA,NA,NA,NA,NA,NA,NA
2017,"September",NA,"P7B-20",7,"B",20,1,1,4,NA,NA,NA,NA,NA,NA,NA
2017,"September",NA,"P7B-40",7,"B",40,1,1,4,NA,NA,NA,NA,NA,NA,NA
2017,"September",NA,"P8A-20",8,"A",20,0,0,1,NA,NA,NA,NA,NA,NA,NA
2017,"September",NA,"P8A-40",8,"A",40,0,0,1,NA,NA,NA,NA,NA,NA,NA
2017,"September",NA,"P8B-20",8,"B",20,0,0,1,NA,NA,NA,NA,NA,NA,NA
2017,"September",NA,"P8B-40",8,"B",40,0,0,1,NA,NA,NA,NA,NA,NA,NA
2017,"September",NA,"P9A-20",9,"A",20,1,1,4,NA,NA,NA,NA,NA,NA,NA
2017,"September",NA,"P9A-40",9,"A",40,1,1,4,NA,NA,NA,NA,NA,NA,NA
2017,"September",NA,"P9B-20",9,"B",20,1,1,4,NA,NA,NA,NA,NA,NA,NA
2017,"September",NA,"P9B-40",9,"B",40,1,1,4,NA,NA,NA,NA,NA,NA,NA
2017,"September",NA,"P10A-20",10,"A",20,1,0,3,NA,NA,NA,NA,NA,NA,NA
2017,"September",NA,"P10A-40",10,"A",40,1,0,3,NA,NA,NA,NA,NA,NA,NA
2017,"September",NA,"P10B-20",10,"B",20,1,0,3,NA,NA,NA,NA,NA,NA,NA
2017,"September",NA,"P10B-40",10,"B",40,1,0,3,NA,NA,NA,NA,NA,NA,NA
2017,"September",NA,"P11A-20",11,"A",20,0,0,1,NA,NA,NA,NA,NA,NA,NA
2017,"September",NA,"P11A-40",11,"A",40,0,0,1,NA,NA,NA,NA,NA,NA,NA
2017,"September",NA,"P11B-20",11,"B",20,0,0,1,NA,NA,NA,NA,NA,NA,NA
2017,"September",NA,"P11B-40",11,"B",40,0,0,1,NA,NA,NA,NA,NA,NA,NA
2017,"September",NA,"P12A-20",12,"A",20,0,1,2,NA,NA,NA,NA,NA,NA,NA
2017,"September",NA,"P12A-40",12,"A",40,0,1,2,NA,NA,NA,NA,NA,NA,NA
2017,"September",NA,"P12B-20",12,"B",20,0,1,2,NA,NA,NA,NA,NA,NA,NA
2017,"September",NA,"P12B-40",12,"B",40,0,1,2,NA,NA,NA,NA,NA,NA,NA
2018,"May",25,"P1A-20",1,"A",20,0,0,1,0.031872738,6.62,15.9378297,15.41432778,12.83983468,81.87508604,5.244792543
2018,"May",25,"P1A-40",1,"A",40,0,0,1,0.038722601,6.6,12.10519255,37.24065717,25.77802558,160.0431114,10.25209164
2018,"May",25,"P1B-20",1,"B",20,0,0,1,0.0349946,6.51,7.87909075,44.8853326,21.07515908,99.46696474,6.371695747
2018,"May",25,"P1B-40",1,"B",40,0,0,1,0.083707293,6.62,24.71937778,24.80473057,35.36398316,250.5326827,16.04868617
2018,"May",25,"P2A-20",2,"A",20,1,0,3,0.021426304,6.43,9.14692129,21.88947216,18.71784779,107.1217151,6.862044894
2018,"May",25,"P2A-40",2,"A",40,1,0,3,0.030417851,6.58,5.88262197,35.20353309,29.28920462,191.8214584,12.28775375
2018,"May",25,"P2B-20",2,"B",20,1,0,3,0.040574703,6.61,3.959017013,30.72778584,31.652199,169.5485021,10.86098938
2018,"May",25,"P2B-40",2,"B",40,1,0,3,0.062266532,6.5,6.902715507,21.91543531,23.02061759,166.0248773,10.63527249
2018,"May",25,"P3A-20",3,"A",20,0,1,2,0.002478489,6.28,2.77570851,9.448464411,11.91662196,72.14055289,4.621216358
2018,"May",25,"P3A-40",3,"A",40,0,1,2,0.004620953,6.42,5.107350881,12.14037837,15.05245165,93.00891396,5.958004962
2018,"May",25,"P3B-20",3,"B",20,0,1,2,0.011763816,6.36,3.600526999,23.21561818,31.67939177,161.8700705,10.36912326
2018,"May",25,"P3B-40",3,"B",40,0,1,2,0.025232785,6.44,3.384850079,22.20436484,26.95331878,167.3572891,10.72062433
2018,"May",25,"P4A-20",4,"A",20,1,1,4,0.0210952,6.33,8.499890532,52.37357888,14.36831566,95.01799154,6.086702755
2018,"May",25,"P4A-40",4,"A",40,1,1,4,0.020132273,6.4,8.686421921,14.46852017,24.09336245,142.9844485,9.159345251
2018,"May",25,"P4B-20",4,"B",20,1,1,4,0.014403737,6.25,10.7761564,12.52522572,17.72084217,109.3620846,7.005558821
2018,"May",25,"P4B-40",4,"B",40,1,1,4,0.017228866,6.42,4.305848816,9.852627612,24.03260761,138.2705557,8.857381998
2018,"May",25,"P5A-20",5,"A",20,1,0,3,0.001350225,6.34,10.21073312,11.70385178,21.33989395,134.1798702,8.595340255
2018,"May",25,"P5A-40",5,"A",40,1,0,3,0.056711744,6.47,6.360608656,16.8694164,24.73635059,173.3312835,11.10330736
2018,"May",25,"P5B-20",5,"B",20,1,0,3,0.053286667,6.4,6.439301586,9.852627612,25.59202433,159.0832948,10.19060756
2018,"May",25,"P5B-40",5,"B",40,1,0,3,0.031625512,6.45,4.498209312,9.347000942,25.4007486,150.0346939,9.610970929
2018,"May",25,"P6A-20",6,"A",20,0,1,2,0.001414806,6.14,4.247557757,9.666727705,11.83580162,80.26771227,5.141827153
2018,"May",25,"P6A-40",6,"A",40,0,1,2,0.00184365,6.47,6.016691406,10.17600872,19.71023394,101.1833822,6.481646276
2018,"May",25,"P6B-20",6,"B",20,0,1,2,0.008750635,6.18,7.919894492,8.624677128,14.14019339,91.59655853,5.867532086
2018,"May",25,"P6B-40",6,"B",40,0,1,2,0.023161428,6.44,20.22513711,9.635930468,22.51316282,132.3911199,8.480756216
2018,"May",25,"P7A-20",7,"A",20,1,1,4,0.000293476,6.55,6.378095974,8.066130216,9.543980037,76.18288011,4.880160362
2018,"May",25,"P7A-40",7,"A",40,1,1,4,0.012135996,6.34,11.37655431,14.17750245,23.85331878,124.7370663,7.990451703
2018,"May",25,"P7B-20",7,"B",20,1,1,4,0.023894203,6.41,19.21670178,26.68277248,23.0522957,137.146756,8.785393468
2018,"May",25,"P7B-40",7,"B",40,1,1,4,0.02770428,6.4,6.689953141,9.419233324,20.69893013,128.8782962,8.255731229
2018,"May",25,"P8A-20",8,"A",20,0,0,1,0.02643967,6.35,6.048751489,10.32151759,23.83667498,135.9784711,8.710555298
2018,"May",25,"P8A-40",8,"A",40,0,0,1,0.028804205,6.42,17.06576169,12.94067711,30.72186525,167.0162116,10.69877553
2018,"May",25,"P8B-20",8,"B",20,0,0,1,0.024650162,6.28,6.112871654,5.229755201,36.23470992,190.0233625,12.17257106
2018,"May",25,"P8B-40",8,"B",40,0,0,1,0.02706459,5.98,5.113179987,7.035564736,25.92334373,141.4979944,9.064125747
2018,"May",25,"P9A-20",9,"A",20,1,1,4,0.050068446,6.39,19.66554294,29.31042416,22.79220836,154.689969,9.909179236
2018,"May",25,"P9A-40",9,"A",40,1,1,4,0.071635316,6.51,7.045528602,33.6029356,0,0.030882934,0.002004304
2018,"May",25,"P9B-20",9,"B",20,1,1,4,0.0431827,6.42,9.012851853,25.81598391,31.18612913,195.1569422,12.50141868
2018,"May",25,"P9B-40",9,"B",40,1,1,4,0.065244741,6.49,10.56922314,15.99238003,35.63729258,251.9018336,16.13639144
2018,"May",25,"P10A-20",10,"A",20,1,0,3,0.055835369,6.53,6.864826319,25.16342157,18.41414535,105.6082144,6.765092838
2018,"May",25,"P10A-40",10,"A",40,1,0,3,0.031136798,6.4,25.75404408,9.739482136,23.02031503,135.0216248,8.649261496
2018,"May",25,"P10B-20",10,"B",20,1,0,3,0.020769213,6.36,11.18127926,5.374219964,32.77597941,186.3667504,11.93833525
2018,"May",25,"P10B-40",10,"B",40,1,0,3,0.100125531,6.49,14.37854386,11.51397238,13.32625078,133.003385,8.51997679
2018,"May",25,"P11A-20",11,"A",20,0,0,1,0.036383969,6.44,28.40337272,27.20054565,20.76734248,123.6337292,7.91977397
2018,"May",25,"P11A-40",11,"A",40,0,0,1,0.0431827,6.47,24.64068485,31.23341251,31.35306925,220.4309168,14.12042273
2018,"May",25,"P11B-20",11,"B",20,0,0,1,0.031136798,6.42,30.52516728,25.38258962,20.01859014,118.375512,7.582942303
2018,"May",25,"P11B-40",11,"B",40,0,0,1,0.040891887,6.46,24.594052,26.10491343,38.53455084,288.7830578,18.49893444
2018,"May",25,"P12A-20",12,"A",20,0,1,2,0.030895281,6.6,30.29200305,78.97901664,21.95993762,141.586079,9.069768286
2018,"May",25,"P12A-40",12,"A",40,0,1,2,0.062266532,6.58,33.02876828,44.16300879,43.83674049,287.3733597,18.40863178
2018,"May",25,"P12B-20",12,"B",20,0,1,2,0.034723159,6.58,9.126519419,48.64141644,20.95409857,137.4733004,8.8063113
2018,"May",25,"P12B-40",12,"B",40,0,1,2,0.065244741,6.68,14.49221143,36.50637636,36.48051778,242.5306516,15.53609086
2018,"July",12,"P1A-20",1,"A",20,0,0,1,0.145524638,6.42,117.781223,11.34864687,4.115237056,76.86655007,4.923954994
2018,"July",12,"P1A-40",1,"A",40,0,0,1,0.339043516,6.6,45.71166858,25.86703035,8.382966313,74.17115092,4.751292711
2018,"July",12,"P1B-20",1,"B",20,0,0,1,0.358332049,6.49,116.1023712,15.74381335,3.990673737,75.6111086,4.843533737
2018,"July",12,"P1B-40",1,"B",40,0,0,1,0.369842828,6.6,26.61876558,67.0838532,17.85598877,136.7760282,8.761645331
2018,"July",12,"P2A-20",2,"A",20,1,0,3,0.201226372,6.36,63.67053951,6.450878954,3.231796631,91.7453512,5.877063469
2018,"July",12,"P2A-40",2,"A",40,1,0,3,0.280456916,6.53,33.09606622,18.31994823,14.76360886,115.0129055,7.367539953
2018,"July",12,"P2B-20",2,"B",20,1,0,3,0.440089206,6.56,11.08131545,37.84855273,10.59687461,118.9861467,7.622058432
2018,"July",12,"P2B-40",2,"B",40,1,0,3,0.294078637,6.56,5.697689871,30.2426209,18.28068309,142.4336982,9.124065202
2018,"July",12,"P3A-20",3,"A",20,0,1,2,0.025167241,6.24,4.410301146,54.20411616,9.078253275,119.612237,7.662164617
2018,"July",12,"P3A-40",3,"A",40,0,1,2,0.098792747,6.31,8.446002478,4.118608516,7.956400499,84.52513117,5.414549531
2018,"July",12,"P3B-20",3,"B",20,0,1,2,0.157494503,6.43,8.631644739,27.92518854,10.24630069,101.8127137,6.521960085
2018,"July",12,"P3B-40",3,"B",40,0,1,2,0.212674347,6.44,6.068974393,17.40761093,17.61608546,127.1334217,8.143957799
2018,"July",12,"P4A-20",4,"A",20,1,1,4,0.413121331,6.36,37.65237302,18.63699199,3.101631316,78.39305219,5.021739896
2018,"July",12,"P4A-40",4,"A",40,1,1,4,0.296412397,6.37,20.99703362,16.94609592,11.8961728,96.99740762,6.213500487
2018,"July",12,"P4B-20",4,"B",20,1,1,4,0.114802122,6.3,22.7404566,18.0612457,10.51917031,104.2925811,6.680815804
2018,"July",12,"P4B-40",4,"B",40,1,1,4,0.201226372,6.41,6.952792985,7.721932119,15.06171865,111.6173822,7.150029013
2018,"July",12,"P5A-20",5,"A",20,1,0,3,0.259141688,6.34,38.95590455,2.719246254,10.22457891,98.43964175,6.305887337
2018,"July",12,"P5A-40",5,"A",40,1,0,3,0.276058027,6.39,13.99912751,1.553111035,18.19018403,134.0593794,8.587621835
2018,"July",12,"P5B-20",5,"B",20,1,0,3,0.296412397,6.43,8.264395918,0.710213713,16.24397068,133.1705021,8.530682
2018,"July",12,"P5B-40",5,"B",40,1,0,3,0.221248096,6.45,4.470836666,5.642185134,18.8379975,146.2492807,9.368484359
2018,"July",12,"P6A-20",6,"A",20,0,1,2,0.112111782,6.23,6.51290154,0,14.53084529,130.3851566,8.352257917
2018,"July",12,"P6A-40",6,"A",40,0,1,2,0.228355297,6.24,12.62698906,0,9.631650031,100.2875571,6.424261377
2018,"July",12,"P6B-20",6,"B",20,0,1,2,0.199642045,6.32,23.92291709,83.9000931,9.404366812,103.4455374,6.62655575
2018,"July",12,"P6B-40",6,"B",40,0,1,2,0.2849259,6.31,24.18120197,109.391849,7.588518403,90.15535402,5.775211191
2018,"July",12,"P7A-20",7,"A",20,1,1,4,0.313275602,6.27,54.45299767,18.11223114,11.0425733,100.9413202,6.466140229
2018,"July",12,"P7A-40",7,"A",40,1,1,4,0.273884524,6.43,19.30607476,0,9.352576419,92.42269394,5.920452792
2018,"July",12,"P7B-20",7,"B",20,1,1,4,0.433186529,6.41,36.57080506,15.14959992,10.04160324,99.88658956,6.398576137
2018,"July",12,"P7B-40",7,"B",40,1,1,4,0.235690805,6.41,9.781819619,15.92207737,18.63946974,137.8420677,8.829933849
2018,"July",12,"P8A-20",8,"A",20,0,0,1,0.23199406,6.27,15.07665977,0,15.68598253,125.5758449,8.044182306
2018,"July",12,"P8A-40",8,"A",40,0,0,1,0.245192439,6.34,7.267577689,0,18.50055521,137.1275205,8.784161274
2018,"July",12,"P8B-20",8,"B",20,0,0,1,0.249099496,6.27,8.02628954,0.294264316,17.78147536,140.5514133,9.003489513
2018,"July",12,"P8B-40",8,"B",40,0,0,1,0.230167488,6.31,3.675803503,1.660955192,22.19440112,156.0129676,9.993928078
2018,"July",12,"P9A-20",9,"A",20,1,1,4,0.747384608,6.4,47.45509156,32.50063191,9.023836556,116.871213,7.486579692
2018,"July",12,"P9A-40",9,"A",40,1,1,4,0.483877425,6.44,20.0203939,29.11361539,18.47966001,146.288914,9.371023194
2018,"July",12,"P9B-20",9,"B",20,1,1,4,0.580352372,6.47,22.67184967,22.63668907,13.33625078,126.5958025,8.109518908
2018,"July",12,"P9B-40",9,"B",40,1,1,4,0.487717398,6.47,13.47852204,NA,20.8359607,159.6515205,10.22700704
2018,"July",12,"P10A-20",10,"A",20,1,0,3,0.261198195,6.21,16.46897673,1.185584452,8.343558952,106.8924231,6.847356875
2018,"July",12,"P10A-40",10,"A",40,1,0,3,0.336374106,6.31,8.111039268,3.740702176,10.74085777,99.25620592,6.358194928
2018,"July",12,"P10B-20",10,"B",20,1,0,3,0.584957954,6.52,13.72873552,NA,14.84432938,127.8745501,8.19143311
2018,"July",12,"P10B-40",10,"B",40,1,0,3,0.633072606,6.51,8.978715054,NA,16.7232252,161.2306939,10.32816598
2018,"July",12,"P11A-20",11,"A",20,0,0,1,0.241346664,6.19,37.64833732,0,0,0.000222849,4.03e-05
2018,"July",12,"P11A-40",11,"A",40,0,0,1,0.328491318,6.44,13.30902258,14.5553865,NA,NA,NA
2018,"July",12,"P11B-20",11,"B",20,0,0,1,0.344446057,6.36,17.82900808,NA,NA,NA,NA
2018,"July",12,"P11B-40",11,"B",40,0,0,1,0.366930924,6.47,19.06393268,NA,NA,NA,NA
2018,"July",12,"P12A-20",12,"A",20,0,1,2,0.580352372,6.53,56.41838422,107.7280514,6.195810979,130.8953117,8.384937512
2018,"July",12,"P12A-40",12,"A",40,0,1,2,0.532022508,6.57,23.3619546,107.6092087,20.78424828,194.7095487,12.47275947
2018,"July",12,"P12B-20",12,"B",20,0,1,2,0.483877425,6.55,11.10149395,NA,11.51167498,110.4007221,7.072092019
2018,"July",12,"P12B-40",12,"B",40,0,1,2,0.503384451,6.65,8.050503748,NA,21.00813163,199.4492666,12.77637704
2018,"September",21,"P1A-20",1,"A",20,0,0,1,1.160955219,6.45,445.1287517,28.17690543,NA,NA,NA
2018,"September",21,"P1A-40",1,"A",40,0,0,1,1.245681178,6.51,275.0407344,28.4690958,NA,NA,NA
2018,"September",21,"P1B-20",1,"B",20,0,0,1,1.134013757,6.46,374.6579003,47.35963156,NA,NA,NA
2018,"September",21,"P1B-40",1,"B",40,0,0,1,1.275275591,6.53,153.3191421,47.96266364,NA,NA,NA
2018,"September",21,"P2A-20",2,"A",20,1,0,3,0.829194462,6.57,281.4633175,8.074208059,NA,NA,NA
2018,"September",21,"P2A-40",2,"A",40,1,0,3,0.98499824,6.58,197.8224895,18.76837556,NA,NA,NA
2018,"September",21,"P2B-20",2,"B",20,1,0,3,1.4008532,6.68,167.1387394,82.45609848,NA,NA,NA
2018,"September",21,"P2B-40",2,"B",40,1,0,3,1.575354691,6.61,59.88636511,55.86238386,NA,NA,NA
2018,"September",21,"P3A-20",3,"A",20,0,1,2,0.468301845,5.96,0.423880574,0,NA,NA,NA
2018,"September",21,"P3A-40",3,"A",40,0,1,2,0.188901876,6.28,1.862731522,0,NA,NA,NA
2018,"September",21,"P3B-20",3,"B",20,0,1,2,0.020620805,5.72,1.677206329,104.5873757,NA,NA,NA
2018,"September",21,"P3B-40",3,"B",40,0,1,2,0.138125652,6.35,4.785784023,17.11329153,NA,NA,NA
2018,"September",21,"P4A-20",4,"A",20,1,1,4,1.179270853,6.54,150.4694728,32.79351326,NA,NA,NA
2018,"September",21,"P4A-40",4,"A",40,1,1,4,1.116401026,6.53,88.64723802,30.45599031,NA,NA,NA
2018,"September",21,"P4B-20",4,"B",20,1,1,4,0.73734488,6.54,31.13448435,27.21836016,NA,NA,NA
2018,"September",21,"P4B-40",4,"B",40,1,1,4,1.016322751,6.49,38.00716209,31.31897829,NA,NA,NA
2018,"September",21,"P5A-20",5,"A",20,1,0,3,1.14292405,6.62,109.9201499,7.080760806,NA,NA,NA
2018,"September",21,"P5A-40",5,"A",40,1,0,3,0.954639195,6.54,67.75110614,0,NA,NA,NA
2018,"September",21,"P5B-20",5,"B",20,1,0,3,0.977319145,6.53,34.83261988,0,NA,NA,NA
2018,"September",21,"P5B-40",5,"B",40,1,0,3,0.829194462,6.49,11.61311116,6.17254065,NA,NA,NA
2018,"September",21,"P6A-20",6,"A",20,0,1,2,0.969699916,6.55,55.04885644,12.00274551,NA,NA,NA
2018,"September",21,"P6A-40",6,"A",40,0,1,2,1.151904354,6.5,122.2456196,40.50733899,NA,NA,NA
2018,"September",21,"P6B-20",6,"B",20,0,1,2,1.099061843,6.48,172.9939871,326.2016643,NA,NA,NA
2018,"September",21,"P6B-40",6,"B",40,0,1,2,1.730481376,6.58,111.5701864,50.97782403,NA,NA,NA
2018,"September",21,"P7A-20",7,"A",20,1,1,4,0.611073584,6.58,118.0447392,12.28174937,NA,NA,NA
2018,"September",21,"P7A-40",7,"A",40,1,1,4,1.040468155,6.44,80.20216918,12.28174937,NA,NA,NA
2018,"September",21,"P7B-20",7,"B",20,1,1,4,2.293679153,6.54,80.44036343,8.403759338,NA,NA,NA
2018,"September",21,"P7B-40",7,"B",40,1,1,4,1.757782054,6.47,34.83674266,4.664960456,NA,NA,NA
2018,"September",21,"P8A-20",8,"A",20,0,0,1,0.565071011,6.38,29.81519408,0,NA,NA,NA
2018,"September",21,"P8A-40",8,"A",40,0,0,1,0.703519888,6.44,20.05656888,0,NA,NA,NA
2018,"September",21,"P8B-20",8,"B",20,0,0,1,2.275797516,6.43,26.24074201,3.343209204,NA,NA,NA
2018,"September",21,"P8B-40",8,"B",40,0,0,1,0.433047351,6.41,10.25259307,0,NA,NA,NA
2018,"September",21,"P9A-20",9,"A",20,1,1,4,1.170077199,6.59,82.88293719,13.84822046,NA,NA,NA
2018,"September",21,"P9A-40",9,"A",40,1,1,4,1.197875441,6.56,66.22233214,19.1717059,NA,NA,NA
2018,"September",21,"P9B-20",9,"B",20,1,1,4,0.630506696,6.56,41.32886768,28.72594036,NA,NA,NA
2018,"September",21,"P9B-40",9,"B",40,1,1,4,0.64045379,6.57,52.17320223,25.28865751,NA,NA,NA
2018,"September",21,"P10A-20",10,"A",20,1,0,3,1.179270853,6.57,115.8966602,0,NA,NA,NA
2018,"September",21,"P10A-40",10,"A",40,1,0,3,1.170077199,6.5,39.86505574,0,NA,NA,NA
2018,"September",21,"P10B-20",10,"B",20,1,0,3,0.655669444,6.54,36.65076678,0,NA,NA,NA
2018,"September",21,"P10B-40",10,"B",40,1,0,3,0.57849575,6.54,16.90264058,18.05227258,NA,NA,NA
2018,"September",21,"P11A-20",11,"A",20,0,0,1,1.315831383,6.53,128.7808036,0,NA,NA,NA
2018,"September",21,"P11A-40",11,"A",40,0,0,1,0.842276123,6.45,50.81766041,9.731391727,NA,NA,NA
2018,"September",21,"P11B-20",11,"B",20,0,0,1,0.720233842,6.56,256.4572521,4.664960456,NA,NA,NA
2018,"September",21,"P11B-40",11,"B",40,0,0,1,0.514415977,6.48,88.97637917,NA,NA,NA,NA
2018,"September",21,"P12A-20",12,"A",20,0,1,2,1.538796556,6.61,374.33309,109.8337548,NA,NA,NA
2018,"September",21,"P12A-40",12,"A",40,0,1,2,1.285295821,6.64,166.017061,92.52673418,NA,NA,NA
2018,"September",21,"P12B-20",12,"B",20,0,1,2,0.855564164,6.67,54.76302334,NA,NA,NA,NA
2018,"September",21,"P12B-40",12,"B",40,0,1,2,0.64045379,6.63,25.52337793,NA,NA,NA,NA
2019,"May",29,"P1A-20",1,"A",20,0,0,1,0.318469778,6.66,52.7491369,30.66856752,1.758427948,21.45118759,1.374149392
2019,"May",29,"P1A-40",1,"A",40,0,0,1,0.304013855,7.34,140.0743683,44.81001191,4.166494074,40.14715656,2.571778577
2019,"May",29,"P1B-20",1,"B",20,0,0,1,0.24476205,6.61,44.05731523,32.26471665,4.54308796,42.39085755,2.715505911
2019,"May",29,"P1B-40",1,"B",40,0,0,1,0.495141454,6.79,110.1259028,53.18640879,5.343097318,52.52010437,3.364366724
2019,"May",29,"P2A-20",2,"A",20,1,0,3,0.044221875,6.63,18.83446771,20.50440437,3.668240799,41.71543583,2.672239645
2019,"May",29,"P2A-40",2,"A",40,1,0,3,0.132772635,6.46,13.86960866,18.29480368,7.361094822,72.77561636,4.661897349
2019,"May",29,"P2B-20",2,"B",20,1,0,3,0.223045972,6.73,26.7185001,35.44171434,6.835296319,44.74396897,2.866241876
2019,"May",29,"P2B-40",2,"B",40,1,0,3,0.308758076,6.83,59.94099045,40.40093026,6.447373674,45.70185896,2.927602536
2019,"May",29,"P3A-20",3,"A",20,0,1,2,0.000258794,3.83,1.225667912,6.804880118,28.03173425,124.534567,7.977479973
2019,"May",29,"P3A-40",3,"A",40,0,1,2,0.000101413,4.64,1.34530307,8.940827447,24.64451341,124.4946347,7.974921984
2019,"May",29,"P3B-20",3,"B",20,0,1,2,0.003571354,3.9,1.723139104,2.121982421,9.191272614,43.4388378,2.782637588
2019,"May",29,"P3B-40",3,"B",40,0,1,2,0.025129075,5.9,2.094301657,7.778588073,7.243802246,45.36739633,2.906177479
2019,"May",29,"P4A-20",4,"A",20,1,1,4,0.163642232,6.31,15.25289017,20.87267115,14.00851528,112.5032694,7.206777306
2019,"May",29,"P4A-40",4,"A",40,1,1,4,0.166195914,6.49,19.63826642,25.36552588,9.347960075,59.21330042,3.793120481
2019,"May",29,"P4B-20",4,"B",20,1,1,4,0.109407402,6.15,4.572467791,12.19538975,6.549644417,42.08897602,2.696167939
2019,"May",29,"P4B-40",4,"B",40,1,1,4,0.209649865,6.51,5.629718699,17.46455665,5.97422645,36.69155712,2.35041927
2019,"May",29,"P5A-20",5,"A",20,1,0,3,0.16491413,6.4,16.10155207,7.173146899,9.131076107,77.91399436,4.991052338
2019,"May",29,"P5A-40",5,"A",40,1,0,3,0.333613083,6.6,16.92778238,8.572560666,7.304663132,72.61418618,4.65155643
2019,"May",29,"P5B-20",5,"B",20,1,0,3,0.183794502,6.59,3.526464234,0,4.177673113,30.61633286,1.961251643
2019,"May",29,"P5B-40",5,"B",40,1,0,3,0.308758076,6.64,4.35876814,0.959666191,6.550106051,51.93687165,3.327005915
2019,"May",29,"P6A-20",6,"A",20,0,1,2,0.031699378,6.04,6.564386831,5.626426419,22.49044916,115.1966347,7.379309305
2019,"May",29,"P6A-40",6,"A",40,0,1,2,0.059809982,6.43,11.17407901,21.461898,21.00336245,124.7661693,7.992315985
2019,"May",29,"P6B-20",6,"B",20,0,1,2,0.235467899,6.37,15.80107229,11.18804901,4.413543356,36.88289986,2.362676332
2019,"May",29,"P6B-40",6,"B",40,0,1,2,0.091560843,6.55,8.149125117,9.018392052,5.55169058,39.13802539,2.507135501
2019,"May",29,"P7A-20",7,"A",20,1,1,4,0.134844589,6.25,16.8679648,14.83309594,13.597801,94.23241749,6.036380334
2019,"May",29,"P7A-40",7,"A",40,1,1,4,0.283550948,6.61,14.0415842,19.62056409,6.357039925,46.96580254,3.008568424
2019,"May",29,"P7B-20",7,"B",20,1,1,4,0.065633168,6.39,4.508732807,1.502080432,5.158250156,35.73455007,2.289115169
2019,"May",29,"P7B-40",7,"B",40,1,1,4,0.24100116,6.53,6.619485506,4.059176138,5.817233313,39.04164175,2.500961343
2019,"May",29,"P8A-20",8,"A",20,0,0,1,0.028006004,6.01,3.902504569,1.870105254,12.72419526,88.59145275,5.675030569
2019,"May",29,"P8A-40",8,"A",40,0,0,1,0.100475339,5.95,4.242717049,2.90125224,7.413680599,45.90258956,2.940460968
2019,"May",29,"P8B-20",8,"B",20,0,0,1,0.036722967,6.13,3.50771865,0,5.056328759,39.87965585,2.554642977
2019,"May",29,"P8B-40",8,"B",40,0,0,1,0.142354384,6.46,2.630425344,0,5.481281971,42.60080395,2.72895469
2019,"May",29,"P9A-20",9,"A",20,1,1,4,0.066657392,6.29,8.220586048,4.227012652,17.85854336,113.9368745,7.298611395
2019,"May",29,"P9A-40",9,"A",40,1,1,4,0.274904092,6.63,9.764627303,33.3937417,7.258427948,64.35691396,4.122610848
2019,"May",29,"P9B-20",9,"B",20,1,1,4,0.144575864,6.44,5.528492548,24.05101529,7.693209607,48.21963047,3.088886321
2019,"May",29,"P9B-40",9,"B",40,1,1,4,0.301669151,6.63,7.309322978,29.1652067,6.124335621,52.05792384,3.334760294
2019,"May",29,"P10A-20",10,"A",20,1,0,3,0.194030427,6.52,12.84149402,0.176078061,13.59866812,123.6145501,7.918545391
2019,"May",29,"P10A-40",10,"A",40,1,0,3,0.151450477,6.63,17.33155104,1.649145185,6.190495945,70.80496192,4.535660871
2019,"May",29,"P10B-20",10,"B",20,1,0,3,0.195538515,6.65,11.13717112,0,5.089725515,44.3188914,2.839012193
2019,"May",29,"P10B-40",10,"B",40,1,0,3,0.729210689,6.7,31.47612919,11.9629265,5.659603868,77.9128378,4.990978251
2019,"May",29,"P11A-20",11,"A",20,0,0,1,0.138013303,6.55,35.99089706,3.048558953,7.398253275,75.36880113,4.828011968
2019,"May",29,"P11A-40",11,"A",40,0,0,1,0.654302198,6.64,72.23602534,1.889519175,5.162523394,70.84130324,4.537988829
2019,"May",29,"P11B-20",11,"B",20,0,0,1,0.264465381,6.57,37.45971943,7.236173832,4.520935745,48.01977433,3.076083907
2019,"May",29,"P11B-40",11,"B",40,0,0,1,0.498989908,6.73,70.25970973,28.77776796,1.46386151,34.19587306,2.190550366
2019,"May",29,"P12A-20",12,"A",20,0,1,2,0.333613083,6.75,95.1078049,48.38216837,8.138555833,87.00513963,5.573414285
2019,"May",29,"P12A-40",12,"A",40,0,1,2,0.639279761,6.82,180.0235228,106.3430044,3.163268871,79.33672214,5.082189648
2019,"May",29,"P12B-20",12,"B",20,0,1,2,0.535000312,6.72,39.28928838,43.34546471,3.106416095,45.97618054,2.945175069
2019,"May",29,"P12B-40",12,"B",40,0,1,2,0.634349322,7.01,36.02380774,79.22229233,2.371035558,71.56180254,4.584142681
2019,"July",12,"P1A-20",1,"A",20,0,0,1,0.795743244,6.49,168.6509895,11.96776711,2.11179975,43.31133145,2.774469767
2019,"July",12,"P1A-40",1,"A",40,0,0,1,0.868107778,6.56,150.0628048,12.6769358,2.415131004,40.32018618,2.582862534
2019,"July",12,"P1B-20",1,"B",20,0,0,1,0.932183652,6.43,215.6018469,29.03344871,0.901936993,51.38942172,3.291937285
2019,"July",12,"P1B-40",1,"B",40,0,0,1,1.049658131,6.63,132.1766222,15.83082492,4.451650031,51.58557969,3.304502802
2019,"July",12,"P2A-20",2,"A",20,1,0,3,0.317795344,6.3,25.87594182,9.076540942,3.984500936,49.100567,3.145317486
2019,"July",12,"P2A-40",2,"A",40,1,0,3,0.252633636,6.16,3.200454245,0.621068179,4.887629445,57.40383075,3.677209201
2019,"July",12,"P2B-20",2,"B",20,1,0,3,0.735205418,6.54,33.44984838,14.80596371,3.888409233,55.50174612,3.555365178
2019,"July",12,"P2B-40",2,"B",40,1,0,3,0.881955148,6.67,66.89339445,3.833920201,4.00680287,44.28446827,2.836807111
2019,"July",12,"P3A-20",3,"A",20,0,1,2,0.007410459,4.44,2.441703821,0,6.915015596,47.66083498,3.053090916
2019,"July",12,"P3A-40",3,"A",40,0,1,2,0.031779534,5.14,1.924992063,0,9.118618216,63.3507842,4.058160037
2019,"July",12,"P3B-20",3,"B",20,0,1,2,0.003550238,4.34,0.690322915,48.98809927,10.56091703,65.2040677,4.176877949
2019,"July",12,"P3B-40",3,"B",40,0,1,2,0.026914269,5.96,2.607595491,17.63940352,9.947139738,66.99928914,4.291876514
2019,"July",12,"P4A-20",4,"A",20,1,1,4,0.34396305,6.18,40.9748033,1.439339737,4.155570805,53.19306347,3.407475239
2019,"July",12,"P4A-40",4,"A",40,1,1,4,0.502875231,6.45,31.04849847,15.0226476,3.003596382,27.59299295,1.767582081
2019,"July",12,"P4B-20",4,"B",20,1,1,4,0.557357417,6.01,10.1543067,46.757519,5.599766064,64.35299859,4.122360037
2019,"July",12,"P4B-40",4,"B",40,1,1,4,0.627596014,6.48,6.724972343,0,4.590601996,38.59992102,2.47266553
2019,"July",12,"P5A-20",5,"A",20,1,0,3,0.741045928,6.54,56.75005792,0,3.217108546,55.78973484,3.573813203
2019,"July",12,"P5A-40",5,"A",40,1,0,3,0.847743306,6.52,32.67206121,0,5.48544292,66.09539351,4.233974632
2019,"July",12,"P5B-20",5,"B",20,1,0,3,0.54428267,6.49,14.65241853,0,4.533265752,51.96004231,3.328490185
2019,"July",12,"P5B-40",5,"B",40,1,0,3,0.652923511,6.58,8.201680157,0,3.310458515,40.7956615,2.613320603
2019,"July",12,"P6A-20",6,"A",20,0,1,2,0.229749227,5.94,6.289846652,0,9.375839052,82.21558533,5.266604298
2019,"July",12,"P6A-40",6,"A",40,0,1,2,0.220837046,6.27,11.12518089,0,9.876437929,67.69846827,4.336664635
2019,"July",12,"P6B-20",6,"B",20,0,1,2,0.535737016,6.15,17.05648797,83.65252246,6.46474111,60.87739351,3.899719205
2019,"July",12,"P6B-40",6,"B",40,0,1,2,0.303060248,6.34,11.67996615,0,5.038730505,54.04642313,3.46213988
2019,"July",12,"P7A-20",7,"A",20,1,1,4,0.539992938,6.19,42.22515697,46.98978978,4.706696818,54.13070522,3.467538835
2019,"July",12,"P7A-40",7,"A",40,1,1,4,0.63760693,6.56,24.13543906,18.45938814,4.55,50.85787024,3.257887081
2019,"July",12,"P7B-20",7,"B",20,1,1,4,0.352225724,6.25,18.09807009,4.557351641,5.237813475,57.95241749,3.712350652
2019,"July",12,"P7B-40",7,"B",40,1,1,4,0.088896145,6.4,11.05991204,0,4.385389894,39.46202821,2.527890522
2019,"July",12,"P8A-20",8,"A",20,0,0,1,0.086126584,5.93,4.772345804,0,6.934254523,54.61502116,3.498563218
2019,"July",12,"P8A-40",8,"A",40,0,0,1,0.271280769,6.25,5.008945399,0,7.894107923,63.83198307,4.088984747
2019,"July",12,"P8B-20",8,"B",20,0,0,1,0.072941094,5.93,3.447931982,0,6.327969432,48.86357123,3.130135975
2019,"July",12,"P8B-40",8,"B",40,0,0,1,0.384256973,6.32,5.895513994,0,7.914762944,59.01467701,3.780397032
2019,"July",12,"P9A-20",9,"A",20,1,1,4,0.335894207,6.17,23.31957839,0,4.330786026,43.05150917,2.757826032
2019,"July",12,"P9A-40",9,"A",40,1,1,4,0.76487564,6.54,16.21071241,0,3.758384279,41.82318477,2.679141843
2019,"July",12,"P9B-20",9,"B",20,1,1,4,0.502875231,6.19,18.09535056,23.96942863,6.987177168,66.68488575,4.271736414
2019,"July",12,"P9B-40",9,"B",40,1,1,4,0.647777533,6.51,15.55530434,4.436779734,3.9330131,42.39192948,2.715574577
2019,"July",12,"P10A-20",10,"A",20,1,0,3,0.695590619,6.3,25.14982583,0,4.33180287,53.29158533,3.413786367
2019,"July",12,"P10A-40",10,"A",40,1,0,3,0.289008368,6.37,12.23747094,0,5.257401747,47.95055289,3.07164971
2019,"July",12,"P10B-20",10,"B",20,1,0,3,0.457323093,6.34,15.16913029,0,7.67797879,65.39599154,4.189172235
2019,"July",12,"P10B-40",10,"B",40,1,0,3,1.025034767,6.61,28.36975594,0,6.161849657,76.60401128,4.907137245
2019,"July",12,"P11A-20",11,"A",20,0,0,1,0.475778993,6.48,24.08376788,0,5.336887087,60.61919041,3.883179192
2019,"July",12,"P11A-40",11,"A",40,0,0,1,0.752866508,6.59,34.23307463,0,3.305424205,48.06844006,3.079201343
2019,"July",12,"P11B-20",11,"B",20,0,0,1,0.375242896,6.46,34.64916357,0,7.735711167,56.97128914,3.649501385
2019,"July",12,"P11B-40",11,"B",40,0,0,1,0.706686131,6.72,40.78248301,1.301910159,3.60055209,61.37862059,3.931826885
2019,"July",12,"P12A-20",12,"A",20,0,1,2,0.783249467,6.78,101.0684072,42.59778822,1.413877105,55.1556079,3.533192204
2019,"July",12,"P12A-40",12,"A",40,0,1,2,0.557357417,6.89,68.45802642,23.06513933,2.146565814,60.0374048,3.845911082
2019,"July",12,"P12B-20",12,"B",20,0,1,2,0.861265838,6.7,34.72259103,160.0951113,2.277620087,50.33497602,3.224391444
2019,"July",12,"P12B-40",12,"B",40,0,1,2,0.896023401,6.9,39.49809549,47.19364711,2.275483468,51.3062567,3.286609888
2019,"September",26,"P1A-20",1,"A",20,0,0,1,2.017759263,6.37,321.6843074,27.39812798,3.186784155,108.5713568,6.954906262
2019,"September",26,"P1A-40",1,"A",40,0,0,1,1.750585244,6.46,250.070698,21.36633369,4.294825328,93.97642595,6.01998199
2019,"September",26,"P1B-20",1,"B",20,0,0,1,1.986165071,6.41,376.3367988,44.375667,1.691447286,99.02829901,6.343595632
2019,"September",26,"P1B-40",1,"B",40,0,0,1,1.736825787,6.47,245.2964573,41.00010025,3.325857767,77.84328632,4.986522912
2019,"September",26,"P2A-20",2,"A",20,1,0,3,0.91657682,6.43,33.43952945,0,11.01362445,122.7384175,7.862421958
2019,"September",26,"P2A-40",2,"A",40,1,0,3,1.152264041,6.4,49.05003993,15.08764284,5.277270742,86.2085952,5.522389123
2019,"September",26,"P2B-20",2,"B",20,1,0,3,1.031748727,6.32,65.43681322,12.70159891,7.854797255,99.05506629,6.345310295
2019,"September",26,"P2B-40",2,"B",40,1,0,3,0.984038098,6.31,53.86915124,20.24036467,6.271113537,69.6956079,4.464597705
2019,"September",26,"P3A-20",3,"A",20,0,1,2,0.009887082,3.59,1.410836217,0,18.40251404,127.9751086,8.197874703
2019,"September",26,"P3A-40",3,"A",40,0,1,2,0.080024761,3.77,1.958258545,0,17.24306301,123.8711678,7.93498385
2019,"September",26,"P3B-20",3,"B",20,0,1,2,0.022286897,3.68,0.490987224,7.919546002,19.79519027,133.0870212,8.525334364
2019,"September",26,"P3B-40",3,"B",40,0,1,2,0.05745002,6.13,2.317224005,0,17.36553649,119.5410917,7.657607182
2019,"September",26,"P4A-20",4,"A",20,1,1,4,1.518788069,6.29,82.42036658,4.611349549,5.364266999,103.0982764,6.604310857
2019,"September",26,"P4A-40",4,"A",40,1,1,4,1.134221824,6.41,70.2738728,4.052850078,1.85224267,61.5900677,3.945371795
2019,"September",26,"P4B-20",4,"B",20,1,1,4,0.788961442,6.06,19.83025142,0,15.73125078,144.2232581,9.238701102
2019,"September",26,"P4B-40",4,"B",40,1,1,4,1.518788069,6.33,16.11944597,3.70008757,6.06860262,84.35542172,5.403678258
2019,"September",26,"P5A-20",5,"A",20,1,0,3,1.237072214,6.39,75.68079005,0,5.523774173,77.92091396,4.991495595
2019,"September",26,"P5A-40",5,"A",40,1,0,3,0.902225007,6.24,41.73611867,0,5.900658141,58.24876728,3.731334272
2019,"September",26,"P5B-20",5,"B",20,1,0,3,0.642619136,6.26,7.244024955,0,12.50900187,106.5153089,6.823199634
2019,"September",26,"P5B-40",5,"B",40,1,0,3,0.729097704,6.11,13.57976534,0,7.361927636,65.60378843,4.20248332
2019,"September",26,"P6A-20",6,"A",20,0,1,2,0.54020618,6.12,21.97955712,0,20.00567998,163.3682934,10.46509664
2019,"September",26,"P6A-40",6,"A",40,0,1,2,0.527568108,6.09,19.57000146,0,17.23083281,140.0809958,8.973355439
2019,"September",26,"P6B-20",6,"B",20,0,1,2,0.770503763,6.04,68.1245671,66.37311041,18.01784155,158.9557066,10.1824345
2019,"September",26,"P6B-40",6,"B",40,0,1,2,0.782760269,6.17,44.19054501,28.229206,14.66191204,141.7172638,9.078171739
2019,"September",26,"P7A-20",7,"A",20,1,1,4,0.853740387,6.1,44.94885954,0,9.104341859,103.2819069,6.616073885
2019,"September",26,"P7A-40",7,"A",40,1,1,4,1.506850519,6.38,81.99858216,0,2.421737367,55.92520733,3.58249132
2019,"September",26,"P7B-20",7,"B",20,1,1,4,0.752477901,6.33,31.96777107,0,10.92761385,105.8749111,6.782176939
2019,"September",26,"P7B-40",7,"B",40,1,1,4,0.712040533,5.97,20.38664789,0,6.740867124,55.37185331,3.547044485
2019,"September",26,"P8A-20",8,"A",20,0,0,1,0.364090468,5.95,17.70786814,0,17.10215533,134.92422,8.643021925
2019,"September",26,"P8A-40",8,"A",40,0,0,1,0.700891361,6,7.845292101,0,10.84812851,95.17312835,6.096640532
2019,"September",26,"P8B-20",8,"B",20,0,0,1,0.740695558,5.99,13.52143345,0,16.09025265,130.7627165,8.376443708
2019,"September",26,"P8B-40",8,"B",40,0,0,1,0.000229291,6.13,13.71886445,0,11.77737056,101.1404231,6.478894396
2019,"September",26,"P9A-20",9,"A",20,1,1,4,0.647710084,6.12,24.88717735,0,12.18024329,107.1789788,6.865713104
2019,"September",26,"P9A-40",9,"A",40,1,1,4,1.317683448,6.06,20.72317801,4.38794976,7.195601996,80.31896756,5.145110472
2019,"September",26,"P9B-20",9,"B",20,1,1,4,0.758439171,5.99,20.90714781,3.868865865,11.43441048,107.7496925,6.902271966
2019,"September",26,"P9B-40",9,"B",40,1,1,4,0.840372471,6.06,13.71886445,9.494810485,9.8527199,85.73431312,5.49200749
2019,"September",26,"P10A-20",10,"A",20,1,0,3,1.495006798,6.35,45.01616557,0,10.24674984,129.9168096,8.322256476
2019,"September",26,"P10A-40",10,"A",40,1,0,3,1.471597894,6.34,34.95615853,0,5.347766687,81.24554866,5.204465543
2019,"September",26,"P10B-20",10,"B",20,1,0,3,1.125306933,6.33,28.60246987,0,11.47798815,127.1895487,8.147553187
2019,"September",26,"P10B-40",10,"B",40,1,0,3,1.370711683,6.42,22.25326828,0,7.068484092,85.07265726,5.44962304
2019,"September",26,"P11A-20",11,"A",20,0,0,1,0.923838112,6.35,63.26507218,0,10.80237367,116.6388519,7.471695071
2019,"September",26,"P11A-40",11,"A",40,0,0,1,0.853740387,6.23,31.74790472,58.1592313,12.13412976,130.5111537,8.360329063
2019,"September",26,"P11B-20",11,"B",20,0,0,1,0.833767212,6.26,37.10546422,2.799936416,17.98417654,147.9035966,9.474456778
2019,"September",26,"P11B-40",11,"B",40,0,0,1,0.333819925,6.26,16.0027822,1.899785262,12.90856831,104.3122482,6.682075644
2019,"September",26,"P12A-20",12,"A",20,0,1,2,2.049856027,6.51,293.5593635,274.9831363,8.929831566,183.682268,11.76637227
2019,"September",26,"P12A-40",12,"A",40,0,1,2,1.792521105,6.57,226.343081,87.58292156,4.000683094,111.0337715,7.11264399
2019,"September",26,"P12B-20",12,"B",20,0,1,2,1.392515776,6.53,57.21650416,494.2261974,17.34800062,189.7041326,12.15212178
2019,"September",26,"P12B-40",12,"B",40,0,1,2,1.736825787,6.64,113.0311462,236.4454157,9.398986276,154.8322708,9.918294828
2020,"May",20,"P1A-20",1,"A",20,0,0,1,0.4928346,6.63,88.08311086,44.0637938,16.79240175,111.6292694,7.150790483
2020,"May",20,"P1A-40",1,"A",40,0,0,1,0.891232612,6.63,162.0619233,28.07257602,14.56237991,148.6192355,9.520299283
2020,"May",20,"P1B-20",1,"B",20,0,0,1,0.33731501,6.54,84.83912584,41.1155966,17.41984092,162.1527362,10.3872303
2020,"May",20,"P1B-40",1,"B",40,0,0,1,0.767027557,6.55,167.9968205,34.71523834,17.53753275,156.0896417,9.998839685
2020,"May",20,"P2A-20",2,"A",20,1,0,3,0.09531266,6.18,13.77510887,0.739569411,15.98968497,128.8320649,8.252769737
2020,"May",20,"P2A-40",2,"A",40,1,0,3,0.177894531,6.31,27.79398074,6.163903196,17.9506519,149.7668406,9.593812742
2020,"May",20,"P2B-20",2,"B",20,1,0,3,0.139256704,6.25,236.8969351,11.16191997,19.85609482,150.052536,9.612113857
2020,"May",20,"P2B-40",2,"B",40,1,0,3,0.470021798,6.35,85.3921987,31.25904487,19.15277916,138.0653315,8.844235712
2020,"May",20,"P3A-20",3,"A",20,0,1,2,0.007490648,5.44,0.085178111,0,16.89818153,102.634787,6.574620582
2020,"May",20,"P3A-40",3,"A",40,0,1,2,0.00337315,5.5,0.802867797,0,17.74682782,103.6130973,6.63728933
2020,"May",20,"P3B-20",3,"B",20,0,1,2,0.004013353,5.27,0.294504269,0,18.48347162,146.7987842,9.403684538
2020,"May",20,"P3B-40",3,"B",40,0,1,2,0.057490563,5.97,0.761002565,0,17.15256394,129.3831142,8.28806894
2020,"May",20,"P4A-20",4,"A",20,1,1,4,0.08202958,6.08,9.397201788,0,19.38846226,139.2719464,8.921529234
2020,"May",20,"P4A-40",4,"A",40,1,1,4,0.554829017,6.34,56.12719943,4.050526397,18.8577854,162.0278251,10.37922872
2020,"May",20,"P4B-20",4,"B",20,1,1,4,0.038427262,6.01,1.610268694,0,21.61031192,160.4233032,10.27644602
2020,"May",20,"P4B-40",4,"B",40,1,1,4,0.451819885,6.3,7.38168992,6.297647726,21.47228634,160.3005219,10.26858087
2020,"May",20,"P5A-20",5,"A",20,1,0,3,0.4928346,6.41,70.28905533,7.079699809,17.33563943,147.7241298,9.462960463
2020,"May",20,"P5A-40",5,"A",40,1,0,3,0.891232612,6.46,80.07419047,3.48695925,14.56937929,123.4326319,7.906892048
2020,"May",20,"P5B-20",5,"B",20,1,0,3,0.175106204,6.18,5.778849621,0,18.30988147,155.7557856,9.977453478
2020,"May",20,"P5B-40",5,"B",40,1,0,3,0.168325097,5.75,2.591111265,0,37.71904242,318.6865867,20.41449918
2020,"May",20,"P6A-20",6,"A",20,0,1,2,0.031292886,5.9,2.184420443,0,22.31321896,133.3850465,8.544425319
2020,"May",20,"P6A-40",6,"A",40,0,1,2,0.16308978,6.14,7.22020974,0,19.12805365,153.6516051,9.842663566
2020,"May",20,"P6B-20",6,"B",20,0,1,2,0.045003892,5.92,6.197501938,0,19.2860262,127.286299,8.153750835
2020,"May",20,"P6B-40",6,"B",40,0,1,2,0.230871404,6.34,7.297959456,NA,18.31267623,160.4234386,10.2764547
2020,"May",20,"P7A-20",7,"A",20,1,1,4,0.037824951,5.88,4.588680891,2.782500317,19.00235184,152.0546685,9.740366766
2020,"May",20,"P7A-40",7,"A",40,1,1,4,0.251829146,6.18,8.02162989,0.880461198,20.3230131,169.090914,10.83167713
2020,"May",20,"P7B-20",7,"B",20,1,1,4,0.068401914,6.01,2.310016138,0,16.51985028,142.5211114,9.129664734
2020,"May",20,"P7B-40",7,"B",40,1,1,4,0.311695369,5.93,7.10657554,0,17.95358079,138.2515148,8.856162273
2020,"May",20,"P8A-20",8,"A",20,0,0,1,0.003593188,5.88,17.91976681,0,16.52832502,93.93645698,6.017421652
2020,"May",20,"P8A-40",8,"A",40,0,0,1,0.096830384,5.55,10.75483144,0,18.39650967,145.5665924,9.32475261
2020,"May",20,"P8B-20",8,"B",20,0,0,1,0.055264202,5.71,2.166478201,0,17.52940424,135.2833456,8.666026842
2020,"May",20,"P8B-40",8,"B",40,0,0,1,0.069491121,5.37,3.260954972,0,18.16228946,105.5169309,6.759245386
2020,"May",20,"P9A-20",9,"A",20,1,1,4,0.04258301,5.99,0.491868933,0,17.28558952,135.7519915,8.696047437
2020,"May",20,"P9A-40",9,"A",40,1,1,4,0.376758545,6.1,2.369823612,1.796257811,17.19652215,156.1237828,10.0010267
2020,"May",20,"P9B-20",9,"B",20,1,1,4,0.039348759,6.1,1.634191683,0,22.20375858,133.0694528,8.524208965
2020,"May",20,"P9B-40",9,"B",40,1,1,4,0.08202958,6.23,2.405708096,0,18.7145602,156.4133343,10.01957483
2020,"May",20,"P10A-20",10,"A",20,1,0,3,0.281276492,6.19,14.03826176,0,17.23181535,148.6071932,9.519527875
2020,"May",20,"P10A-40",10,"A",40,1,0,3,0.376758545,6.37,23.52970786,0,16.94350905,118.2865444,7.577243206
2020,"May",20,"P10B-20",10,"B",20,1,0,3,0.731522648,6.32,10.1806797,0,18.06038054,148.9387475,9.54076663
2020,"May",20,"P10B-40",10,"B",40,1,0,3,1.203237271,6.43,17.99751653,0,17.79696507,142.9359774,9.156240283
2020,"May",20,"P11A-20",11,"A",20,0,0,1,0.075202909,6.41,5.874541579,0,0.193212726,1.583201693,0.101442972
2020,"May",20,"P11A-40",11,"A",40,0,0,1,0.276867751,6.4,13.87080083,0,0.203696195,1.623272214,0.104009815
2020,"May",20,"P11B-20",11,"B",20,0,0,1,0.208340274,6.39,14.54662529,0,NA,NA,NA
2020,"May",20,"P11B-40",11,"B",40,0,0,1,0.356491672,6.35,23.12899778,0,NA,NA,NA
2020,"May",20,"P12A-20",12,"A",20,0,1,2,0.743171147,6.51,139.9921892,44.12376497,0,0.031170663,0.002022735
2020,"May",20,"P12A-40",12,"A",40,0,1,2,1.477559916,6.6,246.1928135,75.35751318,18.36213662,184.4963244,11.81851922
2020,"May",20,"P12B-20",12,"B",20,0,1,2,0.708770527,6.49,33.93022756,20.9544681,15.07347785,123.2897715,7.897740677
2020,"May",20,"P12B-40",12,"B",40,0,1,2,1.663424435,6.59,71.33670295,79.19772814,17.56906737,177.899842,11.39596077
2020,"July",8,"P1A-20",1,"A",20,0,0,1,0.42680073,7.83,41.78896415,15.32044273,20.88803493,137.6007814,8.814477494
2020,"July",8,"P1A-40",1,"A",40,0,0,1,0.542533843,6.5,58.56330438,28.13787554,18.15029632,117.6491932,7.536415667
2020,"July",8,"P1B-20",1,"B",20,0,0,1,0.111869719,6.31,29.33309627,22.82718048,16.56367124,105.1487842,6.735662591
2020,"July",8,"P1B-40",1,"B",40,0,0,1,0.969455044,6.58,98.53282951,53.46442789,15.73424828,110.3700451,7.070126907
2020,"July",8,"P2A-20",2,"A",20,1,0,3,0.025117306,6.17,10.52670895,4.799775329,20.51332502,128.8347024,8.252938691
2020,"July",8,"P2A-40",2,"A",40,1,0,3,0.030011243,6.21,6.990669114,18.33871486,19.5673612,122.1148124,7.822474971
2020,"July",8,"P2B-20",2,"B",20,1,0,3,0.030954896,6.05,2.800867525,11.65216344,18.2011884,112.9760282,7.237061361
2020,"July",8,"P2B-40",2,"B",40,1,0,3,0.095087694,6.2,5.749953382,9.41716003,18.67686213,112.1593766,7.184748169
2020,"July",8,"P3A-20",3,"A",20,0,1,2,0.011317606,5.68,0.515087387,3.54025881,0,128.3329591,8.220797944
2020,"July",8,"P3A-40",3,"A",40,0,1,2,0.00179372,5.54,0.553263256,6.207470263,22.61581098,136.8947334,8.769249368
2020,"July",8,"P3B-20",3,"B",20,0,1,2,0.017057125,5.61,0.395787797,4.947153212,14.74155334,100.7566206,6.454308715
2020,"July",8,"P3B-40",3,"B",40,0,1,2,0.026515661,5.94,1.326324597,9.494229113,18.37988147,121.9462736,7.811678688
2020,"July",8,"P4A-20",4,"A",20,1,1,4,0.06660433,5.94,10.62692061,8.430146474,19.78690892,119.0116417,7.623691599
2020,"July",8,"P4A-40",4,"A",40,1,1,4,0.330598428,6.14,12.24939503,5.170221364,20.13073924,132.4498251,8.484516764
2020,"July",8,"P4B-20",4,"B",20,1,1,4,0.066090817,5.66,2.380932969,4.947153212,19.76446039,116.0781326,7.435776429
2020,"July",8,"P4B-40",4,"B",40,1,1,4,0.125641385,6.1,3.20648613,0.554215477,19.0743481,106.9889337,6.853539164
2020,"July",8,"P5A-20",5,"A",20,1,0,3,0.240705303,6.01,21.87925791,6.726094712,18.46660636,120.9427983,7.747397915
2020,"July",8,"P5A-40",5,"A",40,1,0,3,0.420244912,6.23,19.64596959,4.947953743,16.95803805,126.4985585,8.103289637
2020,"July",8,"P5B-20",5,"B",20,1,0,3,0.195312192,6.05,4.919628238,0,19.81354959,111.2067447,7.123724334
2020,"July",8,"P5B-40",5,"B",40,1,0,3,0.23700798,5.59,8.145489142,0,21.18126949,118.4539633,7.587967751
2020,"July",8,"P6A-20",6,"A",20,0,1,2,0.019455782,4.66,1.178393105,0,22.89689333,113.5471594,7.273646968
2020,"July",8,"P6A-40",6,"A",40,0,1,2,0.030954896,4.62,1.832154857,0,26.70515284,125.6711425,8.050286894
2020,"July",8,"P6B-20",6,"B",20,0,1,2,0.060228907,4.73,5.912200824,7.182156621,22.04818777,125.319244,8.02774493
2020,"July",8,"P6B-40",6,"B",40,0,1,2,0.057495906,5.81,1.746259152,1.787320806,19.95323456,110.4611791,7.075964782
2020,"July",8,"P7A-20",7,"A",20,1,1,4,0.109302102,5.94,36.65331909,5.985202642,20.32149095,127.7590606,8.184035071
2020,"July",8,"P7A-40",7,"A",40,1,1,4,0.351715526,5.9,13.38035514,6.059291849,21.85887087,113.1714612,7.249580438
2020,"July",8,"P7B-20",7,"B",20,1,1,4,0.05239632,5.9,5.291842957,17.740621,17.84766376,115.2282934,7.381337301
2020,"July",8,"P7B-40",7,"B",40,1,1,4,0.287605099,6.13,4.509237649,2.866287969,19.86019651,107.7699013,6.903566501
2020,"July",8,"P8A-20",8,"A",20,0,0,1,0.006284813,5.91,2.695883886,2.651188325,19.68800062,121.0730324,7.755740473
2020,"July",8,"P8A-40",8,"A",40,0,0,1,0.066090817,6,2.705427853,3.54025881,19.71411728,95.63369252,6.126143421
2020,"July",8,"P8B-20",8,"B",20,0,0,1,0.006333645,5.93,4.060671192,0.862491809,17.94984092,117.773402,7.54437225
2020,"July",8,"P8B-40",8,"B",40,0,0,1,0.121811233,5.97,3.039466704,0.554215477,18.54167187,110.1202793,7.054127367
2020,"July",8,"P9A-20",9,"A",20,1,1,4,0.190829416,6.01,37.16869332,4.947953743,20.12159701,126.3520987,8.093907693
2020,"July",8,"P9A-40",9,"A",40,1,1,4,0.371296582,6.27,8.827882795,5.688845813,20.02006238,114.5263244,7.336370467
2020,"July",8,"P9B-20",9,"B",20,1,1,4,0.067121833,6.01,3.39259349,4.870084129,19.31559576,121.1861326,7.762985459
2020,"July",8,"P9B-40",9,"B",40,1,1,4,0.23700798,6.2,4.332674256,5.409567711,17.8432408,112.8015684,7.225885789
2020,"July",8,"P10A-20",10,"A",20,1,0,3,0.10038151,6.01,3.478489194,7.384015633,19.75498129,109.0051735,6.982695754
2020,"July",8,"P10A-40",10,"A",40,1,0,3,0.061168478,6.04,2.495460575,0,20.74466937,124.5608886,7.979166085
2020,"July",8,"P10B-20",10,"B",20,1,0,3,0.162202329,6.07,2.576584296,2.095597139,16.49686213,113.7805557,7.288597905
2020,"July",8,"P10B-40",10,"B",40,1,0,3,0.090772907,6.14,3.192170179,3.251633385,15.2733063,104.8108378,6.714014369
2020,"July",8,"P11A-20",11,"A",20,0,0,1,0.354448289,6.12,36.77261868,8.28196806,18.62007486,115.9618082,7.428324903
2020,"July",8,"P11A-40",11,"A",40,0,0,1,0.47564614,6.3,14.75468641,5.794913126,20.78715845,123.1628152,7.889608093
2020,"July",8,"P11B-20",11,"B",20,0,0,1,0.256080444,6.21,17.48903301,4.099393298,15.77149095,124.3371509,7.964833864
2020,"July",8,"P11B-40",11,"B",40,0,0,1,8.05e-05,6.33,24.22707383,6.411465791,18.79629133,124.0209478,7.944578478
2020,"July",8,"P12A-20",12,"A",20,0,1,2,6.31e-06,6.37,70.96233753,28.91563805,15.82181223,123.5437207,7.914008194
2020,"July",8,"P12A-40",12,"A",40,0,1,2,0.509959959,6.57,23.77850737,69.45397574,19.20625078,131.5169732,8.424759997
2020,"July",8,"P12B-20",12,"B",20,0,1,2,0.457590768,6.36,11.58131732,16.96993017,16.01503431,131.9462764,8.452260369
2020,"July",8,"P12B-40",12,"B",40,0,1,2,4.28e-06,6.63,5.649741726,56.81464612,17.21011541,137.6630437,8.818465904
2020,"September",15,"P1A-20",1,"A",20,0,0,1,2.067236976,6.49,130.4881104,26.50894441,5.272907049,134.5412214,8.618487744
2020,"September",15,"P1A-40",1,"A",40,0,0,1,1.768819284,6.41,87.79505677,27.83196668,11.4291048,136.0238787,8.713464026
2020,"September",15,"P1B-20",1,"B",20,0,0,1,1.880084762,6.42,104.4261081,37.60675941,8.981416095,151.0785642,9.677839326
2020,"September",15,"P1B-40",1,"B",40,0,0,1,1.698325071,6.43,84.70255468,37.87861985,17.64334061,155.548378,9.96416733
2020,"September",15,"P2A-20",2,"A",20,1,0,3,0.879983949,6.47,32.07307516,8.098495861,43.90267623,258.0092835,16.52762338
2020,"September",15,"P2A-40",2,"A",40,1,0,3,0.844913224,6.36,24.70392452,10.19223315,19.46074236,158.0154499,10.12220339
2020,"September",15,"P2B-20",2,"B",20,1,0,3,1.000936336,6.34,14.91396667,9.197343707,36.22513724,275.9369873,17.67603892
2020,"September",15,"P2B-40",2,"B",40,1,0,3,0.879983949,6.3,19.36747574,14.29472691,11.77785714,125.6398872,8.048284738
2020,"September",15,"P3A-20",3,"A",20,0,1,2,NA,NA,NA,NA,NA,NA,NA
2020,"September",15,"P3A-40",3,"A",40,0,1,2,0.007549974,5.7,2.232623835,9.109265586,16.5725078,105.4158223,6.752768556
2020,"September",15,"P3B-20",3,"B",20,0,1,2,NA,NA,NA,NA,NA,NA,NA
2020,"September",15,"P3B-40",3,"B",40,0,1,2,0.05071611,5.87,2.547959445,6.410774224,20.80028696,126.3914471,8.096428278
2020,"September",15,"P4A-20",4,"A",20,1,1,4,1.078420086,6.28,35.2943497,9.470254773,21.32088584,159.6028039,10.22388636
2020,"September",15,"P4A-40",4,"A",40,1,1,4,1.161901952,6.33,25.78576823,14.01871853,25.55910792,178.7939944,11.45323851
2020,"September",15,"P4B-20",4,"B",20,1,1,4,1.014598003,6.22,14.38032179,3.148448976,16.63432002,129.2951763,8.282435798
2020,"September",15,"P4B-40",4,"B",40,1,1,4,1.071134961,6.17,10.09660881,6.478739333,18.01029008,129.0513484,8.266816632
2020,"September",15,"P5A-20",5,"A",20,1,0,3,2.011940666,6.45,131.0192654,18.06179743,17.01201809,158.2958533,10.14016552
2020,"September",15,"P5A-40",5,"A",40,1,0,3,1.544571389,6.42,44.25215521,14.09091637,22.10116032,170.598615,10.92825767
2020,"September",15,"P5B-20",5,"B",20,1,0,3,1.998349264,6.37,14.85089955,7.770076411,9.410917031,134.9055458,8.641825691
2020,"September",15,"P5B-40",5,"B",40,1,0,3,1.376460742,6.3,21.64274345,7.226355536,16.0586151,129.0137292,8.264406817
2020,"September",15,"P6A-20",6,"A",20,0,1,2,0.778909176,6.24,35.60483399,8.712606224,34.66066438,218.4431932,13.99309284
2020,"September",15,"P6A-40",6,"A",40,0,1,2,0.95455298,6.08,32.7377056,2.322668865,22.35816594,163.4438702,10.46993796
2020,"September",15,"P6B-20",6,"B",20,0,1,2,1.339641935,6.25,58.3277611,6.81856488,18.83033063,141.4417038,9.060519879
2020,"September",15,"P6B-40",6,"B",40,0,1,2,1.443345315,6.04,22.14242911,7.498215973,17.24731441,147.1171735,9.424079967
2020,"September",15,"P7A-20",7,"A",20,1,1,4,1.007744019,6.33,36.36745523,4.632999663,12.6288927,109.7233258,7.028699263
2020,"September",15,"P7A-40",7,"A",40,1,1,4,1.367162241,6.29,31.64130794,4.199812639,17.72837804,134.9115994,8.642213473
2020,"September",15,"P7B-20",7,"B",20,1,1,4,0.885968997,6.23,22.57904765,7.158390427,13.86116344,121.4312299,7.77868594
2020,"September",15,"P7B-40",7,"B",40,1,1,4,1.193835742,6.18,17.24259886,5.79908824,21.20272926,169.8310465,10.87908865
2020,"September",15,"P8A-20",8,"A",20,0,0,1,0.481369835,6.16,10.24699964,1.817284003,18.04326887,116.695859,7.475346837
2020,"September",15,"P8A-40",8,"A",40,0,0,1,0.773647357,6.08,11.35795125,3.116845077,18.62202745,136.2409732,8.727370698
2020,"September",15,"P8B-20",8,"B",20,0,0,1,0.71806132,6.15,12.74057662,3.69216985,20.41599501,149.9886996,9.608024616
2020,"September",15,"P8B-40",8,"B",40,0,0,1,0.879983949,6.06,8.825563739,1.789146789,17.52795384,142.9658787,9.158155703
2020,"September",15,"P9A-20",9,"A",20,1,1,4,1.007744019,6.27,47.67515371,5.354978038,16.03237367,121.5309619,7.785074588
2020,"September",15,"P9A-40",9,"A",40,1,1,4,1.395247899,6.29,20.19705096,6.72673695,17.05643169,124.3145783,7.963387903
2020,"September",15,"P9B-20",9,"B",20,1,1,4,1.385822484,6.24,38.72423087,3.080483866,29.8009451,233.9570212,14.98687995
2020,"September",15,"P9B-40",9,"B",40,1,1,4,1.277562973,6.2,21.93382247,4.235890725,29.44929195,223.1195148,14.29264935
2020,"September",15,"P10A-20",10,"A",20,1,0,3,2.081296905,6.42,51.44045206,12.06937692,5.412785402,94.12452468,6.029468921
2020,"September",15,"P10A-40",10,"A",40,1,0,3,0.675565664,6.15,18.46513077,3.044647239,17.26038054,123.7255938,7.925658646
2020,"September",15,"P10B-20",10,"B",20,1,0,3,1.463045372,6.33,17.3105173,3.69216985,9.533415471,114.9856051,7.365791138
2020,"September",15,"P10B-40",10,"B",40,1,0,3,1.513479923,6.34,9.344654666,7.634146192,17.58863069,133.8595148,8.574818879
2020,"September",15,"P11A-20",11,"A",20,0,0,1,1.56565307,6.41,30.6604905,6.750599771,15.14754211,134.1418223,8.592902973
2020,"September",15,"P11A-40",11,"A",40,0,0,1,1.234990016,6.31,14.95762852,5.391297584,15.63064255,130.5088096,8.360178901
2020,"September",15,"P11B-20",11,"B",20,0,0,1,1.443345315,6.42,34.69136631,4.983506928,15.56526513,151.4228209,9.699891773
2020,"September",15,"P11B-40",11,"B",40,0,0,1,1.513479923,6.32,34.82377194,6.342809115,17.40307548,148.8818843,9.53712408
2020,"September",15,"P12A-20",12,"A",20,0,1,2,2.804530005,6.61,127.0178981,25.98472571,10.70803493,225.1014217,14.41960664
2020,"September",15,"P12A-40",12,"A",40,0,1,2,2.124053054,6.44,98.09946258,23.47001667,16.08468497,215.3148688,13.79269816
2020,"September",15,"P12B-20",12,"B",20,0,1,2,2.940806897,6.55,52.79194629,21.09123784,6.803287586,131.0531453,8.395048038
2020,"September",15,"P12B-40",12,"B",40,0,1,2,2.416000749,6.57,42.1924544,37.19896875,18.17303182,181.663433,11.63704944
2021,"May",26,"P1A-20",1,"A",20,0,0,1,0.30059864,6.56,38.27783085,34.91833943,31.08474111,136.8468039,8.766179094
2021,"May",26,"P1A-40",1,"A",40,0,0,1,0.572619301,6.63,40.69534334,47.80568324,41.27386151,239.0126798,15.3107361
2021,"May",26,"P1B-20",1,"B",20,0,0,1,0.223559933,6.55,15.80715169,94.64083809,26.26867124,119.6804965,7.666537195
2021,"May",26,"P1B-40",1,"B",40,0,0,1,0.750088624,6.71,59.39604171,60.54355436,21.22628197,142.4778392,9.126892796
2021,"May",26,"P2A-20",2,"A",20,1,0,3,0.10388789,6.39,6.976441881,10.90969523,19.31596382,90.99053879,5.828711582
2021,"May",26,"P2A-40",2,"A",40,1,0,3,0.233509585,6.41,9.345903329,12.10296783,18.75477854,97.59634415,6.251867253
2021,"May",26,"P2B-20",2,"B",20,1,0,3,0.088814987,6.36,3.026215969,25.84773327,19.23623518,81.45725529,5.218027078
2021,"May",26,"P2B-40",2,"B",40,1,0,3,0.34554243,6.47,11.13563879,11.72801867,28.17393013,145.6201664,9.328184464
2021,"May",26,"P3A-20",3,"A",20,0,1,2,0.017126169,5.99,1.000545514,5.516103221,23.09035558,114.0452214,7.305551902
2021,"May",26,"P3A-40",3,"A",40,0,1,2,0.019346852,5.91,1.367930005,5.468372304,17.63388022,101.3336135,6.491269816
2021,"May",26,"P3B-20",3,"B",20,0,1,2,0.012088553,5.91,0.976952014,17.30868921,33.18205552,166.1416841,10.64275492
2021,"May",26,"P3B-40",3,"B",40,0,1,2,0.018522498,6.13,1.529714002,10.13354137,26.15147224,145.4865331,9.319624163
2021,"May",26,"P4A-20",4,"A",20,1,1,4,0.031507258,5.95,2.247630486,3.654597982,18.98621959,89.71231594,5.746830991
2021,"May",26,"P4A-40",4,"A",40,1,1,4,0.231484845,6.33,9.160525833,5.659295914,17.93299127,97.47231594,6.243922235
2021,"May",26,"P4B-20",4,"B",20,1,1,4,0.020562947,5.93,1.418487504,9.765585071,30.7874267,111.5471481,7.145529945
2021,"May",26,"P4B-40",4,"B",40,1,1,4,0.155075698,6.31,3.953103448,14.24238671,24.66026513,116.6619436,7.473174281
2021,"May",26,"P5A-20",5,"A",20,1,0,3,0.567654173,6.5,47.71439148,9.143651847,15.57009046,98.14387588,6.286941123
2021,"May",26,"P5A-40",5,"A",40,1,0,3,0.282821209,6.54,58.41897872,21.74461021,16.3769214,129.5531961,8.298964066
2021,"May",26,"P5B-20",5,"B",20,1,0,3,0.060544087,6.22,2.203813987,0.56667759,16.69514972,89.93919605,5.761364512
2021,"May",26,"P5B-40",5,"B",40,1,0,3,0.82549835,6.42,7.616836867,0,27.6950811,138.8291481,8.893164393
2021,"May",26,"P6A-20",6,"A",20,0,1,2,0.034076105,6.13,1.833058995,3.845521611,18.56424517,90.77398025,5.814839243
2021,"May",26,"P6A-40",6,"A",40,0,1,2,0.259233123,6.35,7.667394366,2.318132712,20.95985028,102.6699605,6.576873731
2021,"May",26,"P6B-20",6,"B",20,0,1,2,0.078620568,6.13,4.094664445,12.34127917,NA,NA,NA
2021,"May",26,"P6B-40",6,"B",40,0,1,2,0.277937839,6.39,6.838251384,0,35.77932314,199.4997546,12.7796112
2021,"May",26,"P7A-20",7,"A",20,1,1,4,0.031234062,5.89,2.119551489,1.082323323,24.63656581,105.281086,6.744137602
2021,"May",26,"P7A-40",7,"A",40,1,1,4,0.201376223,6.36,10.02337381,5.897950459,22.97717093,136.9106319,8.770267793
2021,"May",26,"P7B-20",7,"B",20,1,1,4,0.012517076,5.96,1.14547701,0,23.58019027,111.6144034,7.149838194
2021,"May",26,"P7B-40",7,"B",40,1,1,4,0.248187412,6.33,6.986553381,0,24.0237617,135.618189,8.687476294
2021,"May",26,"P8A-20",8,"A",20,0,0,1,0.021291877,5.78,1.18255251,6.041143153,17.77081722,89.71366714,5.746917547
2021,"May",26,"P8A-40",8,"A",40,0,0,1,0.049554411,6.12,2.689165976,0,17.84128197,98.33216361,6.299002486
2021,"May",26,"P8B-20",8,"B",20,0,0,1,0.01868451,6.02,1.327484006,0.87330784,23.19080474,111.4593427,7.139905296
2021,"May",26,"P8B-40",8,"B",40,0,0,1,0.11138382,6.16,3.42056446,1.179938089,15.16910792,90.35340762,5.787898138
2021,"May",26,"P9A-20",9,"A",20,1,1,4,0.099461312,6.15,4.883361428,2.556787257,14.04595134,78.80493653,5.048124445
2021,"May",26,"P9A-40",9,"A",40,1,1,4,0.360920978,6.45,7.623577867,4.179637914,13.38509357,93.51081805,5.99015601
2021,"May",26,"P9B-20",9,"B",20,1,1,4,0.073329546,6.06,2.97902897,0.444025491,26.61138178,127.0011791,8.135486583
2021,"May",26,"P9B-40",9,"B",40,1,1,4,0.102987087,5.92,3.268891963,0,27.62252963,124.1672835,7.953952471
2021,"May",26,"P10A-20",10,"A",20,1,0,3,0.191124033,6.37,7.087668379,1.745361883,15.12981597,85.34332299,5.466961386
2021,"May",26,"P10A-40",10,"A",40,1,0,3,0.4112864,6.5,10.16156431,1.697631003,22.46789457,134.3426262,8.605766103
2021,"May",26,"P10B-20",10,"B",20,1,0,3,0.266095136,6.38,6.693319888,0.56667759,22.6707985,123.6012863,7.917695739
2021,"May",26,"P10B-40",10,"B",40,1,0,3,0.562732096,6.47,8.84032834,0.56667759,28.80628509,185.4357405,11.87869648
2021,"May",26,"P11A-20",11,"A",20,0,0,1,0.243902052,6.32,27.24995071,1.840823715,32.07374922,136.59567,8.750091916
2021,"May",26,"P11A-40",11,"A",40,0,0,1,0.498140223,6.48,20.21239509,4.430218732,19.8576544,121.1207645,7.758798098
2021,"May",26,"P11B-20",11,"B",20,0,0,1,0.19618317,6.31,15.3015767,0.444025491,15.35093575,95.89741326,6.143036883
2021,"May",26,"P11B-40",11,"B",40,0,0,1,0.380281339,6.46,30.62297334,3.081045635,26.37936057,154.3932186,9.890169957
2021,"May",26,"P12A-20",12,"A",20,0,1,2,0.511326211,6.63,55.2040104,56.18940482,24.99120711,141.720708,9.078392374
2021,"May",26,"P12A-40",12,"A",40,0,1,2,0.974040526,6.78,77.14841423,56.37338297,20.63160948,176.1588688,11.28443724
2021,"May",26,"P12B-20",12,"B",20,0,1,2,0.520310215,6.58,16.76100316,45.0893898,22.44605739,139.4814217,8.934947835
2021,"May",26,"P12B-40",12,"B",40,0,1,2,0.804210548,6.71,29.11786527,48.70762674,20.31581722,158.4519295,10.15016347
2021,"July",13,"P1A-20",1,"A",20,0,0,1,0.107819249,6.16,16.96961358,28.45942687,125.8241173,638.5395487,40.90368819
2021,"July",13,"P1A-40",1,"A",40,0,0,1,0.367616029,6.29,20.8697115,27.69984737,119.0954086,856.6971763,54.87846222
2021,"July",13,"P1B-20",1,"B",20,0,0,1,0.382576206,6.28,12.12159008,22.25619433,61.578534,305.1357884,19.54646011
2021,"July",13,"P1B-40",1,"B",40,0,0,1,0.768917063,6.56,20.19364502,37.48629408,53.75719588,246.762079,15.80714827
2021,"July",13,"P2A-20",2,"A",20,1,0,3,0.269859173,5.83,8.504734607,0,116.3441828,679.2366432,43.51066877
2021,"July",13,"P2A-40",2,"A",40,1,0,3,0.264530302,5.95,8.447248162,0,86.42212726,627.6219972,40.20433004
2021,"July",13,"P2B-20",2,"B",20,1,0,3,0.000203504,6.14,3.695035404,0,0,0.032437236,0.002103869
2021,"July",13,"P2B-40",2,"B",40,1,0,3,0.001719418,6.35,5.889101375,4.825351826,54.42494074,266.0406008,17.04209472
2021,"July",13,"P3A-20",3,"A",20,0,1,2,0.002859277,5.48,0.456632354,0,82.30678104,471.5978928,30.20971456
2021,"July",13,"P3A-40",3,"A",40,0,1,2,0.003490389,5.42,0.44705128,0,32.49691204,196.7775458,12.60523155
2021,"July",13,"P3B-20",3,"B",20,0,1,2,0.001771634,5.65,0.437470206,0.961580468,48.84866188,260.1806178,16.66671504
2021,"July",13,"P3B-40",3,"B",40,0,1,2,0.106749395,5.88,2.33452288,6.39500894,19.72017155,119.1235853,7.630862498
2021,"July",13,"P4A-20",4,"A",20,1,1,4,0.002562221,5.43,9.750274241,0,61.54058016,389.9204316,24.9776075
2021,"July",13,"P4A-40",4,"A",40,1,1,4,0.435531314,5.83,9.386193425,0,43.52013724,240.4435769,15.40239671
2021,"July",13,"P4B-20",4,"B",20,1,1,4,0.070221241,5.78,2.200387842,17.02038017,12.61227074,97.16943583,6.224520296
2021,"July",13,"P4B-40",4,"B",40,1,1,4,0.346265454,6.13,2.727346918,0.237123339,47.51673113,211.4058872,13.54229603
2021,"July",13,"P5A-20",5,"A",20,1,0,3,0.531663651,5.93,35.56826457,0,64.43558016,392.8269196,25.16379174
2021,"July",13,"P5A-40",5,"A",40,1,0,3,1.317488926,6.41,51.37122359,28.64932174,80.41131628,494.0684118,31.64913444
2021,"July",13,"P5B-20",5,"B",20,1,0,3,0.553299765,6.12,6.171743061,0,56.16191828,302.2668773,19.36268297
2021,"July",13,"P5B-40",5,"B",40,1,0,3,0.316541935,6.21,3.091427735,0,18.47289145,113.356426,7.261428937
2021,"July",13,"P6A-20",6,"A",20,0,1,2,0.134268966,6,7.201708528,0,134.625209,848.0489619,54.32447361
2021,"July",13,"P6A-40",6,"A",40,0,1,2,0.28936989,6.22,5.53939217,0,62.68976606,365.9165501,23.43996325
2021,"July",13,"P6B-20",6,"B",20,0,1,2,0.611320947,5.88,19.04870667,33.68289415,28.27545228,170.7783865,10.9397735
2021,"July",13,"P6B-40",6,"B",40,0,1,2,0.53699204,6.33,4.739372482,0,23.60582346,136.4948293,8.743632252
2021,"July",13,"P7A-20",7,"A",20,1,1,4,0.165548064,5.94,15.91569543,40.4228039,52.55828135,344.5889563,22.07375705
2021,"July",13,"P7A-40",7,"A",40,1,1,4,0.629885941,6.19,9.28080161,0,57.98197754,316.8111255,20.2943606
2021,"July",13,"P7B-20",7,"B",20,1,1,4,0.182908083,5.95,3.235143846,0,67.03748908,295.8044542,18.9487121
2021,"July",13,"P7B-40",7,"B",40,1,1,4,0.476428023,6.11,4.792068389,0,53.43987523,219.7437828,14.0764062
2021,"July",13,"P8A-20",8,"A",20,0,0,1,0.014527457,5.66,1.615942322,0,0,0.050623413,0.003268842
2021,"July",13,"P8A-40",8,"A",40,0,0,1,0.041808326,5.95,1.275814191,0,109.0606238,468.0474951,29.98228265
2021,"July",13,"P8B-20",8,"B",20,0,0,1,0.02186531,5.89,1.630313933,0,55.11127573,250.1310606,16.022959
2021,"July",13,"P8B-40",8,"B",40,0,0,1,0.14541951,6,1.783611119,0,70.69073612,270.0561805,17.29932532
2021,"July",13,"P9A-20",9,"A",20,1,1,4,0.422694647,5.99,8.921511331,0,105.6506581,489.7092609,31.36989529
2021,"July",13,"P9A-40",9,"A",40,1,1,4,0.69593825,6.29,5.362142299,0,109.3913568,501.4785078,32.12381147
2021,"July",13,"P9B-20",9,"B",20,1,1,4,0.24182295,5.88,4.150136424,3.799037559,96.44601684,412.7115966,26.43756736
2021,"July",13,"P9B-40",9,"B",40,1,1,4,0.402135443,6.06,3.661501644,0.176751911,0,0.033004231,0.00214019
2021,"July",13,"P10A-20",10,"A",20,1,0,3,0.431209685,6.08,8.150234865,0,107.4551903,459.6402285,29.4437287
2021,"July",13,"P10A-40",10,"A",40,1,0,3,0.481202835,6.29,5.917844597,0,105.8837056,549.6540592,35.20984817
2021,"July",13,"P10B-20",10,"B",20,1,0,3,0.587415985,6.17,4.624399592,0,59.64290393,268.9300621,17.22718825
2021,"July",13,"P10B-40",10,"B",40,1,0,3,0.929321966,6.3,5.347770688,0.237123339,61.92744541,268.3906657,17.19263552
2021,"July",13,"P11A-20",11,"A",20,0,0,1,0.304163947,6.15,13.07011642,0,69.52888646,378.8776784,24.27022916
2021,"July",13,"P11A-40",11,"A",40,0,0,1,0.547809559,6.31,12.97909622,0,32.90594822,184.6877179,11.83077954
2021,"July",13,"P11B-20",11,"B",20,0,0,1,0.196132269,6.17,9.697578334,0,0,0.030592384,0.001985692
2021,"July",13,"P11B-40",11,"B",40,0,0,1,0.339427798,6.39,9.702368871,1.142694751,46.80260761,265.3117715,16.99540726
2021,"July",13,"P12A-20",12,"A",20,0,1,2,0.406165687,6.35,39.81525056,42.70154238,98.36596382,459.5418477,29.43742661
2021,"July",13,"P12A-40",12,"A",40,0,1,2,0.97683362,6.7,31.41133744,34.72595769,95.66163755,519.9623977,33.30785527
2021,"July",13,"P12B-20",12,"B",20,0,1,2,0.717072957,6.66,6.535823877,61.33300793,31.18431691,165.3597856,10.59266795
2021,"July",13,"P12B-40",12,"B",40,0,1,2,0.901931521,6.66,11.54672564,52.91547567,22.31698378,172.3440169,11.04006489
2021,"September",22,"P1A-20",1,"A",20,0,0,1,0.743354854,6.43,87.95646069,29.697277,7.324176544,167.7589196,10.74635204
2021,"September",22,"P1A-40",1,"A",40,0,0,1,0.610471195,6.61,38.70941888,71.16800848,20.15663444,149.0556502,9.5482552
2021,"September",22,"P1B-20",1,"B",20,0,0,1,0.833852563,6.57,109.3020681,44.3959574,15.55911728,297.9497377,19.08613499
2021,"September",22,"P1B-40",1,"B",40,0,0,1,0.585930651,6.65,42.04505659,80.12304881,13.00903306,116.5978166,7.469066428
2021,"September",22,"P2A-20",2,"A",20,1,0,3,0.29409504,6.31,30.42598728,7.611561825,40.4273612,270.0173258,17.29683636
2021,"September",22,"P2A-40",2,"A",40,1,0,3,0.385560764,6.37,19.955859,19.73469896,42.77652838,305.6109986,19.57690119
2021,"September",22,"P2B-20",2,"B",20,1,0,3,0.418534006,6.36,18.97953036,4.69918916,6.856188397,115.7808124,7.416730649
2021,"September",22,"P2B-40",2,"B",40,1,0,3,0.501342095,6.5,14.86950174,4.81594436,18.29672177,216.5165388,13.86967492
2021,"September",22,"P3A-20",3,"A",20,0,1,2,0.007631331,6.11,2.771687627,15.71365842,11.70190892,84.08711425,5.386490977
2021,"September",22,"P3A-40",3,"A",40,0,1,2,0.003528612,6.06,2.129987756,25.91629859,25.96044916,180.9789732,11.59320421
2021,"September",22,"P3B-20",3,"B",20,0,1,2,0.010949824,6.14,1.838663889,1.721931542,10.04885215,95.14705783,6.094970502
2021,"September",22,"P3B-40",3,"B",40,0,1,2,0.03004371,6.34,3.311030462,3.069805405,19.95212726,158.7900254,10.17182126
2021,"September",22,"P4A-20",4,"A",20,1,1,4,0.610471195,6.33,36.37570943,2.630272805,57.46158141,405.9713202,26.00579772
2021,"September",22,"P4A-40",4,"A",40,1,1,4,0.539769448,6.38,20.43221289,11.03244706,10.37494386,83.87930606,5.37317917
2021,"September",22,"P4B-20",4,"B",20,1,1,4,0.311482924,6.37,12.48379548,0,12.31348721,136.6490522,8.753511482
2021,"September",22,"P4B-40",4,"B",40,1,1,4,0.338121013,6.36,7.696635711,2.655973147,13.61265752,131.3377207,8.413277415
2021,"September",22,"P5A-20",5,"A",20,1,0,3,0.813575558,6.61,64.85026325,28.19688874,16.7983219,146.8434217,9.406543935
2021,"September",22,"P5A-40",5,"A",40,1,0,3,0.840723254,6.64,82.93032674,29.39719935,34.85070805,248.4311255,15.9140643
2021,"September",22,"P5B-20",5,"B",20,1,0,3,0.343715997,6.58,19.86137558,0,22.75733001,218.6696925,14.00760196
2021,"September",22,"P5B-40",5,"B",40,1,0,3,0.352282542,6.47,13.71995351,0,28.55791329,254.5961439,16.30898397
2021,"September",22,"P6A-20",6,"A",20,0,1,2,0.321876604,6.46,51.25619954,9.813992034,24.07441672,264.4476023,16.94005017
2021,"September",22,"P6A-40",6,"A",40,0,1,2,0.526643736,6.89,36.68906971,7.191453113,10.75476606,125.8027504,8.058717453
2021,"September",22,"P6B-20",6,"B",20,0,1,2,0.432499807,6.38,75.01797968,46.90619421,12.97715221,145.2875007,9.306874513
2021,"September",22,"P6B-40",6,"B",40,0,1,2,0.489150832,6.42,28.34379069,2.130574744,18.91192764,211.9505924,13.57718884
2021,"September",22,"P7A-20",7,"A",20,1,1,4,0.48118847,6.47,57.56463675,5.210940611,38.1075078,317.0992299,20.31281603
2021,"September",22,"P7A-40",7,"A",40,1,1,4,0.458070645,6.38,37.26631233,3.170412578,33.18761385,257.2489591,16.47891841
2021,"September",22,"P7B-20",7,"B",20,1,1,4,0.188817802,6.35,17.27489206,0,23.6671179,198.685165,12.7274301
2021,"September",22,"P7B-40",7,"B",40,1,1,4,0.319246113,6.26,12.68457274,0.262491533,14.26561447,123.8022511,7.930569169
2021,"September",22,"P8A-20",8,"A",20,0,0,1,0.134873762,6.31,11.12165956,0,37.24409857,262.8043498,16.83478646
2021,"September",22,"P8A-40",8,"A",40,0,0,1,0.122225541,6.1,7.397438225,2.450226214,32.84985028,255.1781946,16.34626907
2021,"September",22,"P8B-20",8,"B",20,0,0,1,0.097135012,6.27,5.04716324,0,15.99818153,137.2704598,8.793317705
2021,"September",22,"P8B-40",8,"B",40,0,0,1,0.162890098,6.17,5.964439742,0,20.37364941,165.125481,10.57765883
2021,"September",22,"P9A-20",9,"A",20,1,1,4,0.367037198,6.41,18.9086678,1.429962198,40.50247973,305.1435233,19.54695559
2021,"September",22,"P9A-40",9,"A",40,1,1,4,0.324528769,6.53,17.2945761,5.210940611,24.64181535,189.4628688,12.13666687
2021,"September",22,"P9B-20",9,"B",20,1,1,4,0.296518293,6.3,20.43221289,7.852046832,27.52222084,273.0370804,17.49027625
2021,"September",22,"P9B-40",9,"B",40,1,1,4,0.319246113,6.29,14.60967235,3.18137155,15.545602,135.5775487,8.684872949
2021,"September",22,"P10A-20",10,"A",20,1,0,3,0.428965264,6.38,22.63733507,0,13.58992202,199.4517997,12.7765393
2021,"September",22,"P10A-40",10,"A",40,1,0,3,0.428965264,6.42,13.78687926,0,39.48311603,296.8877094,19.01810343
2021,"September",22,"P10B-20",10,"B",20,1,0,3,0.418534006,6.45,26.79348194,0,12.69828447,150.6611171,9.651098436
2021,"September",22,"P10B-40",10,"B",40,1,0,3,0.493181285,6.53,14.44432637,1.138155538,12.80367748,131.8629647,8.446923575
2021,"September",22,"P11A-20",11,"A",20,0,0,1,0.22067594,6.36,26.95016208,0,21.67751092,225.7514725,14.46124769
2021,"September",22,"P11A-40",11,"A",40,0,0,1,0.473355719,6.45,30.99910674,1.196533138,30.69898628,268.3068858,17.18726873
2021,"September",22,"P11B-20",11,"B",20,0,0,1,0.485153316,6.5,54.04757993,0.846267536,8.481512789,113.4495599,7.267394928
2021,"September",22,"P11B-40",11,"B",40,0,0,1,0.418534006,6.51,24.8019949,10.8872148,12.92883968,130.0090127,8.328162837
2021,"September",22,"P12A-20",12,"A",20,0,1,2,0.787304484,6.73,96.99443086,62.96003431,15.19794136,282.3998477,18.0900378
2021,"September",22,"P12A-40",12,"A",40,0,1,2,0.780870351,6.79,70.67629055,37.21551256,8.613256394,108.549811,6.953526076
2021,"September",22,"P12B-20",12,"B",20,0,1,2,0.800332234,6.79,38.59397036,31.26099732,9.471656269,133.0866206,8.525308705
2021,"September",22,"P12B-40",12,"B",40,0,1,2,0.761881727,6.8,29.78689724,99.44603453,10.81810356,127.8869845,8.192229635
2022,"May",27,"P1A-20",1,"A",20,0,0,1,0.028320656,6.88,14.9561818,10.85974529,18.83482533,99.87899859,6.398089874
2022,"May",27,"P1A-40",1,"A",40,0,0,1,0.145367415,6.8,29.74399317,22.20028284,25.00582658,146.8623329,9.407755348
2022,"May",27,"P1B-20",1,"B",20,0,0,1,0.068620632,6.55,10.21654863,26.6059593,19.92451341,104.3181834,6.682455837
2022,"May",27,"P1B-40",1,"B",40,0,0,1,0.202581063,6.76,25.45642058,47.32895597,23.44589208,151.8424542,9.726772705
2022,"May",27,"P2A-20",2,"A",20,1,0,3,0.082949874,6.37,6.541488361,5.719789417,14.43064878,99.32580818,6.362653519
2022,"May",27,"P2A-40",2,"A",40,1,0,3,0.16109397,6.58,8.828739063,2.619498576,21.02019651,121.0682285,7.755432741
2022,"May",27,"P2B-20",2,"B",20,1,0,3,0.06544319,6.43,3.744788577,5.964549221,14.94963818,94.63333427,6.062062322
2022,"May",27,"P2B-40",2,"B",40,1,0,3,0.077255668,6.62,6.228792028,2.94584498,23.15641609,132.6327193,8.496232629
2022,"May",27,"P3A-20",3,"A",20,0,1,2,0.001330552,6.22,196.4569845,0,13.89652527,89.3713512,5.724989421
2022,"May",27,"P3A-40",3,"A",40,0,1,2,0.000669073,6.09,0.428099387,0.335073745,14.66243606,90.22172638,5.779462881
2022,"May",27,"P3B-20",3,"B",20,0,1,2,0.000230246,6.03,0.385938084,0,13.02061447,84.26520733,5.397899291
2022,"May",27,"P3B-40",3,"B",40,0,1,2,0.046960497,6.16,2.381573105,0,15.43417654,102.3486996,6.55629435
2022,"May",27,"P4A-20",4,"A",20,1,1,4,0.064928109,6.26,19.48500846,0,12.82353088,94.25735684,6.037977903
2022,"May",27,"P4A-40",4,"A",40,1,1,4,0.177116815,6.47,9.144948838,0,21.10182782,128.1789704,8.210933712
2022,"May",27,"P4B-20",4,"B",20,1,1,4,0.046960497,6.24,2.736430741,0,12.26388022,91.86748378,5.884887056
2022,"May",27,"P4B-40",4,"B",40,1,1,4,0.150035457,6.33,6.049606489,0,18.57781659,111.934488,7.170342223
2022,"May",27,"P5A-20",5,"A",20,1,0,3,0.15732008,6.48,22.60157646,0,17.03980973,113.9429958,7.299003514
2022,"May",27,"P5A-40",5,"A",40,1,0,3,0.320359766,6.7,34.7992252,2.129978969,19.49334685,147.9419859,9.476915924
2022,"May",27,"P5B-20",5,"B",20,1,0,3,0.167586037,6.5,7.816867785,0,16.9062539,110.887591,7.103279936
2022,"May",27,"P5B-40",5,"B",40,1,0,3,0.220977291,6.61,12.91838548,0,21.16894573,141.3666206,9.055710187
2022,"May",27,"P6A-20",6,"A",20,0,1,2,0.089063778,6.26,11.58679099,0,11.83061135,92.36627927,5.916838972
2022,"May",27,"P6A-40",6,"A",40,0,1,2,0.196278175,6.57,7.043910558,1.949426304,17.42650031,119.8285331,7.676020151
2022,"May",27,"P6B-20",6,"B",20,0,1,2,0.20418816,6.42,12.41244984,125.3684143,11.11524017,95.03805924,6.087988254
2022,"May",27,"P6B-40",6,"B",40,0,1,2,0.25881046,6.76,9.900338855,0,16.99909545,107.1568265,6.864294067
2022,"May",27,"P7A-20",7,"A",20,1,1,4,0.08977033,6.38,17.8793655,0,12.52553649,97.03769535,6.216081244
2022,"May",27,"P7A-40",7,"A",40,1,1,4,0.229882648,6.48,17.2258653,3.193569329,19.80817842,129.3714922,8.287324456
2022,"May",27,"P7B-20",7,"B",20,1,1,4,0.080369061,6.4,4.707471669,0,11.94531192,84.30401693,5.400385362
2022,"May",27,"P7B-40",7,"B",40,1,1,4,0.207440702,6.55,5.961770441,0.954111885,20.78180599,135.7029873,8.692908316
2022,"May",27,"P8A-20",8,"A",20,0,0,1,0.03704942,6.35,6.787429297,0,12.57779164,90.2117292,5.778822481
2022,"May",27,"P8A-40",8,"A",40,0,0,1,0.061921647,6.37,4.38423501,1.368826226,17.18864941,111.7573061,7.158992276
2022,"May",27,"P8B-20",8,"B",20,0,0,1,0.040413849,6.31,4.022350491,1.534711963,14.13119464,97.57616925,6.250574886
2022,"May",27,"P8B-40",8,"B",40,0,0,1,0.121209808,6.44,5.157192237,0,19.17257954,123.1699351,7.890064179
2022,"May",27,"P9A-20",9,"A",20,1,1,4,0.08977033,6.48,12.05056532,3.60828367,13.76533063,97.44686601,6.24229196
2022,"May",27,"P9A-40",9,"A",40,1,1,4,0.242956293,6.57,10.99653274,3.940055143,21.15979414,143.9530748,9.221393656
2022,"May",27,"P9B-20",9,"B",20,1,1,4,0.137545094,6.29,11.05977469,18.45505709,13.41032751,99.80278702,6.393207902
2022,"May",27,"P9B-40",9,"B",40,1,1,4,0.16109397,6.54,7.261743958,1.037054753,19.63439488,125.6468237,8.048729079
2022,"May",27,"P10A-20",10,"A",20,1,0,3,0.153634599,6.4,12.90433171,1.451769095,15.2496413,96.85170381,6.20416697
2022,"May",27,"P10A-40",10,"A",40,1,0,3,0.202581063,6.58,12.41244984,0,23.02637867,141.8456417,9.086395396
2022,"May",27,"P10B-20",10,"B",20,1,0,3,0.145367415,6.66,6.281493657,0.041740334,18.16304741,110.1692807,7.057266307
2022,"May",27,"P10B-40",10,"B",40,1,0,3,0.349451385,6.68,11.10544944,4.271826617,18.9675078,150.7365501,9.655930535
2022,"May",27,"P11A-20",11,"A",20,0,0,1,0.108516015,6.44,13.29432377,0,14.7397068,100.1374386,6.414645065
2022,"May",27,"P11A-40",11,"A",40,0,0,1,0.29601988,6.69,27.75939893,0,20.28113537,139.8462172,8.958315959
2022,"May",27,"P11B-20",11,"B",20,0,0,1,0.156081866,6.53,17.4436987,0,14.03330318,98.09354302,6.283716893
2022,"May",27,"P11B-40",11,"B",40,0,0,1,0.282312835,6.69,28.01764381,1.368826226,19.99461011,142.9459323,9.156877973
2022,"May",27,"P12A-20",12,"A",20,0,1,2,0.248784478,6.77,29.15321378,36.95131672,19.01495945,125.5611537,8.04324122
2022,"May",27,"P12A-40",12,"A",40,0,1,2,0.522882281,6.94,40.31080778,84.89229459,17.61191516,157.6500028,10.09879353
2022,"May",27,"P12B-20",12,"B",20,0,1,2,0.191680036,6.84,9.759801177,8.750741504,17.42872115,119.5901354,7.660748832
2022,"May",27,"P12B-40",12,"B",40,0,1,2,0.588680378,6.94,31.93376827,59.26294829,21.12476606,170.1804006,10.90146763
2022,"July",11,"P1A-20",1,"A",20,0,0,1,0.612050364,6.57,45.22199053,28.24669871,13.20290081,123.8474133,7.933462176
2022,"July",11,"P1A-40",1,"A",40,0,0,1,0.677485208,6.75,35.41885069,53.1238448,18.21108858,126.1045049,8.078047293
2022,"July",11,"P1B-20",1,"B",20,0,0,1,0.228682913,6.52,10.93895375,30.68998984,27.4841204,152.6523865,9.77865547
2022,"July",11,"P1B-40",1,"B",40,0,0,1,0.911684365,6.75,31.36394306,86.2193338,20.88220836,142.5598505,9.132146287
2022,"July",11,"P2A-20",2,"A",20,1,0,3,0.133382025,6.34,9.36124051,11.8100129,14.88561135,121.6045755,7.789790135
2022,"July",11,"P2A-40",2,"A",40,1,0,3,0.204987688,6.39,10.18370756,14.17926491,17.04898004,122.5890465,7.852853532
2022,"July",11,"P2B-20",2,"B",20,1,0,3,0.447770944,6.48,14.83380975,14.4754214,14.14703057,133.7663921,8.56885361
2022,"July",11,"P2B-40",2,"B",40,1,0,3,0.480391639,6.62,7.656993876,14.03118663,16.59398628,116.6291735,7.471075089
2022,"July",11,"P3A-20",3,"A",20,0,1,2,0.001540046,6.11,0.527628026,6.99746976,19.60499376,145.3017151,9.307785061
2022,"July",11,"P3A-40",3,"A",40,0,1,2,0.005375993,6.02,0.72929062,5.590726352,18.45007486,136.7368011,8.759132517
2022,"July",11,"P3B-20",3,"B",20,0,1,2,0.001576571,6.21,0.318057094,13.58695188,25.89047723,167.7265331,10.74427742
2022,"July",11,"P3B-40",3,"B",40,0,1,2,0.046090461,6.3,0.499948846,16.1446901,24.87115721,162.889244,10.43440963
2022,"July",11,"P4A-20",4,"A",20,1,1,4,0.322506219,6.48,48.15204683,4.702256851,13.52863693,122.1407927,7.824139218
2022,"July",11,"P4A-40",4,"A",40,1,1,4,0.579474316,6.48,22.79451113,4.924374226,14.62310356,117.5821523,7.532121151
2022,"July",11,"P4B-20",4,"B",20,1,1,4,0.31014993,6.28,6.023922275,100.0646502,17.07923893,149.8728519,9.600603628
2022,"July",11,"P4B-40",4,"B",40,1,1,4,0.433993059,6.28,5.316126109,3.665709112,18.56327199,122.9402934,7.875353754
2022,"July",11,"P5A-20",5,"A",20,1,0,3,0.433993059,6.59,33.04819627,9.884995639,31.65701809,223.7993794,14.33620022
2022,"July",11,"P5A-40",5,"A",40,1,0,3,0.527612184,6.67,33.45036086,26.17360319,17.16285402,147.5369817,9.450972102
2022,"July",11,"P5B-20",5,"B",20,1,0,3,0.398250829,6.56,11.07339548,9.582648272,17.36520274,143.2528632,9.176539398
2022,"July",11,"P5B-40",5,"B",40,1,0,3,0.359785811,6.67,5.794580501,7.663821886,17.33810979,126.7025952,8.116359849
2022,"July",11,"P6A-20",6,"A",20,0,1,2,0.49564253,6.42,23.39322232,8.404213149,18.07087648,162.0121157,10.37822241
2022,"July",11,"P6A-40",6,"A",40,0,1,2,0.561643926,6.56,20.4803624,24.95526706,13.12064566,116.2129394,7.444411901
2022,"July",11,"P6B-20",6,"B",20,0,1,2,0.830089903,6.41,32.40110437,14.40925715,15.31652215,158.3101918,10.14108401
2022,"July",11,"P6B-40",6,"B",40,0,1,2,0.631480997,6.64,15.10269321,12.32976224,13.45854959,114.5292694,7.336559118
2022,"July",11,"P7A-20",7,"A",20,1,1,4,0.42726392,6.46,45.7360355,19.75652978,17.42109794,147.3239718,9.437327084
2022,"July",11,"P7A-40",7,"A",40,1,1,4,0.511377588,6.43,27.73539037,3.491908868,16.28715221,126.3184175,8.091750135
2022,"July",11,"P7B-20",7,"B",20,1,1,4,0.241538678,6.53,8.313385851,10.39880268,25.5581753,168.7687842,10.81104209
2022,"July",11,"P7B-40",7,"B",40,1,1,4,0.461986233,6.55,9.30588215,4.011782596,18.37295384,126.2731707,8.088851707
2022,"July",11,"P8A-20",8,"A",20,0,0,1,0.139783849,6.35,6.506330835,2.600696763,20.66275421,157.3455966,10.07929383
2022,"July",11,"P8A-40",8,"A",40,0,0,1,0.001276718,6.38,6.656589239,1.115343254,14.89517155,117.9186798,7.55367848
2022,"July",11,"P8B-20",8,"B",20,0,0,1,0.234106548,6.46,5.276584424,4.234585622,18.31670306,148.6929055,9.525018445
2022,"July",11,"P8B-40",8,"B",40,0,0,1,0.291356987,6.41,6.628910059,2.303626061,16.18547099,116.5584344,7.466543676
2022,"July",11,"P9A-20",9,"A",20,1,1,4,0.410894014,6.37,27.23646438,5.274333078,17.90937617,147.7422708,9.464122545
2022,"July",11,"P9A-40",9,"A",40,1,1,4,0.552935538,6.51,14.56492629,7.428095665,16.6380786,130.1449027,8.336867698
2022,"July",11,"P9B-20",9,"B",20,1,1,4,0.410894014,6.43,26.37468311,5.274333078,16.1527854,133.8336023,8.573158968
2022,"July",11,"P9B-40",9,"B",40,1,1,4,0.476652811,6.47,12.24778353,2.897767464,16.66888958,116.9790212,7.493485684
2022,"July",11,"P10A-20",10,"A",20,1,0,3,0.423938579,6.42,23.01222429,0.075595798,21.22107611,162.7220931,10.42370225
2022,"July",11,"P10A-40",10,"A",40,1,0,3,0.507397601,6.5,14.51747627,7.131024963,19.83349969,138.7669394,8.889179416
2022,"July",11,"P10B-20",10,"B",20,1,0,3,0.458390652,6.39,10.44468269,3.269105841,24.25578603,159.9586037,10.24667823
2022,"July",11,"P10B-40",10,"B",40,1,0,3,0.744079249,6.6,10.53562856,5.71993913,18.19027449,145.6791086,9.331960191
2022,"July",11,"P11A-20",11,"A",20,0,0,1,0.398250829,6.37,19.68557453,3.194838166,17.66867748,151.1901523,9.684987456
2022,"July",11,"P11A-40",11,"A",40,0,0,1,0.491785007,6.51,18.0050529,2.97203514,18.32754211,117.9801523,7.557616295
2022,"July",11,"P11B-20",11,"B",20,0,0,1,0.354207269,6.44,26.15696995,5.348600753,18.93834373,150.7529676,9.656982209
2022,"July",11,"P11B-40",11,"B",40,0,0,1,0.484159794,6.62,18.14740297,4.977262376,15.11012789,120.5668181,7.723313316
2022,"July",11,"P12A-20",12,"A",20,0,1,2,0.715571091,6.65,58.51156475,75.9028924,16.43218341,147.0651848,9.420749666
2022,"July",11,"P12A-40",12,"A",40,0,1,2,0.883631892,6.86,67.16566291,86.52316999,15.67004367,138.8676446,8.895630406
2022,"July",11,"P12B-20",12,"B",20,0,1,2,1.049357741,6.89,26.68915768,94.61834661,15.87862133,148.7844908,9.530885231
2022,"July",11,"P12B-40",12,"B",40,0,1,2,1.001299231,6.81,36.1082757,88.08279117,17.285131,150.4083695,9.634907897
2022,"September",26,"P1A-20",1,"A",20,0,0,1,1.596613399,6.28,58.39052657,81.10358803,14.72976606,147.5148181,9.449552342
2022,"September",26,"P1A-40",1,"A",40,0,0,1,1.908618589,6.5,42.45839821,83.49874258,7.381341235,72.95145557,4.673161284
2022,"September",26,"P1B-20",1,"B",20,0,0,1,1.335612238,6.36,10.63840298,67.99326838,19.1369214,185.1586883,11.86094903
2022,"September",26,"P1B-40",1,"B",40,0,0,1,2.727456979,6.53,20.07374298,145.0163963,13.79976918,127.5446911,8.170302955
2022,"September",26,"P2A-20",2,"A",20,1,0,3,1.233750473,6.35,16.21508397,16.43441513,24.84856831,206.7961777,13.24700657
2022,"September",26,"P2A-40",2,"A",40,1,0,3,1.711378986,6.3,22.29408494,8.366526108,18.57335933,168.5685501,10.79821547
2022,"September",26,"P2B-20",2,"B",20,1,0,3,1.834393997,6.34,10.61543477,15.29986823,17.70681535,170.1711312,10.90087385
2022,"September",26,"P2B-40",2,"B",40,1,0,3,1.966251406,6.29,9.159250358,44.67202669,16.29472551,147.169354,9.427422555
2022,"September",26,"P3A-20",3,"A",20,0,1,2,0.059346878,6.29,0,7.862283044,28.58419214,208.9221975,13.38319546
2022,"September",26,"P3A-40",3,"A",40,0,1,2,0.109751148,5.89,1.134158351,9.627133767,26.77481285,201.1087504,12.8826805
2022,"September",26,"P3B-20",3,"B",20,0,1,2,NA,NA,NA,NA,NA,NA,NA
2022,"September",26,"P3B-40",3,"B",40,0,1,2,0.290040756,6.17,62.08117384,21.85502806,27.18751716,196.8132412,12.60751813
2022,"September",26,"P4A-20",4,"A",20,1,1,4,2.70054412,6.28,30.05309061,17.19077972,18.14849969,181.394426,11.61981735
2022,"September",26,"P4A-40",4,"A",40,1,1,4,2.621388442,6.27,21.24286481,20.84654193,13.88810667,155.1163808,9.93649439
2022,"September",26,"P4B-20",4,"B",20,1,1,4,2.837817339,6.24,9.650770017,107.0721058,23.14290393,207.7570353,13.30855733
2022,"September",26,"P4B-40",4,"B",40,1,1,4,4.433869306,6.29,11.86031166,22.10714959,12.79339676,145.331464,9.309690723
2022,"September",26,"P5A-20",5,"A",20,1,0,3,2.192865528,6.36,100.5940565,21.72896729,20.33317842,172.0170465,11.01911977
2022,"September",26,"P5A-40",5,"A",40,1,0,3,2.494584498,6.4,33.04292447,17.44290125,16.252801,143.5789281,9.197426511
2022,"September",26,"P5B-20",5,"B",20,1,0,3,3.709057002,6.37,21.22921261,18.19926585,19.20315658,178.5238956,11.43593648
2022,"September",26,"P5B-40",5,"B",40,1,0,3,2.837817339,6.36,12.95819202,11.51804526,14.05232065,126.5963075,8.109551254
2022,"September",26,"P6A-20",6,"A",20,0,1,2,3.35890086,6.27,33.43883854,34.46110465,20.5947068,202.4115176,12.96613336
2022,"September",26,"P6A-40",6,"A",40,0,1,2,4.61327577,6.26,39.8735799,30.99822214,13.60108546,156.8326319,10.04643426
2022,"September",26,"P6B-20",6,"B",20,0,1,2,6.859219566,6.3,117.2133461,158.2099312,14.26651279,181.5613456,11.63050991
2022,"September",26,"P6B-40",6,"B",40,0,1,2,5.196237622,6.27,41.44358398,34.34589869,13.89520898,133.0763583,8.524651318
2022,"September",26,"P7A-20",7,"A",20,1,1,4,5.144964361,6.27,67.52840539,47.09282096,19.37859326,173.3953089,11.10740871
2022,"September",26,"P7A-40",7,"A",40,1,1,4,4.705683146,6.19,36.81093426,11.94221713,14.56764192,133.7438505,8.567409637
2022,"September",26,"P7B-20",7,"B",20,1,1,4,3.600340792,6.3,27.35905462,9.238324532,18.48548971,170.6095402,10.92895752
2022,"September",26,"P7B-40",7,"B",40,1,1,4,3.494811165,6.22,17.13381231,7.306972673,13.79657829,129.7694358,8.312815986
2022,"September",26,"P8A-20",8,"A",20,0,0,1,3.746020416,6.27,11.5111949,8.337026998,21.62291329,176.8137489,11.32638765
2022,"September",26,"P8A-40",8,"A",40,0,0,1,3.260448081,6.19,7.776564213,2.414214632,18.98774173,153.8781608,9.857176306
2022,"September",26,"P8B-20",8,"B",20,0,0,1,2.809815512,6.18,10.30766078,5.761891187,21.2146413,174.359969,11.16920305
2022,"September",26,"P8B-40",8,"B",40,0,0,1,5.144964361,6.06,21.26106776,0,13.06295072,115.941842,7.427045908
2022,"September",26,"P9A-20",9,"A",20,1,1,4,3.821056016,6.27,44.04660524,7.950756626,22.95373362,183.713574,11.76837768
2022,"September",26,"P9A-40",9,"A",40,1,1,4,5.144964361,6.32,18.80130423,2.800485004,15.30437305,135.7533032,8.696131462
2022,"September",26,"P9B-20",9,"B",20,1,1,4,4.433869306,6.16,23.21788444,41.55627896,20.88421085,181.1141157,11.60186119
2022,"September",26,"P9B-40",9,"B",40,1,1,4,4.015286748,6.22,13.95041862,8.208270207,16.42551154,134.2389083,8.599122125
2022,"September",26,"P10A-20",10,"A",20,1,0,3,3.821056016,6.28,17.90554411,5.118107234,22.62616656,188.5302595,12.07692564
2022,"September",26,"P10A-40",10,"A",40,1,0,3,6.089689065,6.32,20.1426476,6.663188721,16.12017155,135.9926037,8.711460605
2022,"September",26,"P10B-20",10,"B",20,1,0,3,4.944880969,6.15,18.30059729,9.238324532,20.43405802,172.7426714,11.06560195
2022,"September",26,"P10B-40",10,"B",40,1,0,3,4.26143981,6.23,8.428861331,12.71475788,19.5619214,158.5520197,10.15657506
2022,"September",26,"P11A-20",11,"A",20,0,0,1,4.705683146,6.31,32.63335818,7.049459092,22.33716157,193.719402,12.40933251
2022,"September",26,"P11A-40",11,"A",40,0,0,1,4.61327577,6.32,26.01203663,10.78340602,19.03218964,158.8221128,10.17387673
2022,"September",26,"P11B-20",11,"B",20,0,0,1,4.752578654,6.26,34.69939254,16.4487048,21.6996413,177.2634951,11.35519756
2022,"September",26,"P11B-40",11,"B",40,0,0,1,4.752578654,6.34,19.150421,16.70621838,14.96252027,126.6924372,8.115709148
2022,"September",26,"P12A-20",12,"A",20,0,1,2,9.514666449,6.56,97.34027997,213.3178376,14.32234248,167.6471312,10.73919108
2022,"September",26,"P12A-40",12,"A",40,0,1,2,9.054415227,6.68,79.2738562,231.7300586,11.69674984,133.8587729,8.574771355
2022,"September",26,"P12B-20",12,"B",20,0,1,2,6.273573855,6.5,14.25819262,173.0169621,19.89070493,172.4667814,11.04792895
2022,"September",26,"P12B-40",12,"B",40,0,1,2,8.702296537,6.52,35.74151119,311.1729984,18.69015908,172.2465134,11.03381899
2023,"May",17,"P1A-20",1,"A",20,0,0,1,0.386176853,6.53,17.20772886,27.71888686,18.09504367,129.8542257,8.318247466
2023,"May",17,"P1A-40",1,"A",40,0,0,1,0.353588991,6.64,16.45156609,15.93514053,21.47076107,142.9304175,9.155884123
2023,"May",17,"P1B-20",1,"B",20,0,0,1,NA,NA,0.067400783,NA,0,0.036956276,0.002393351
2023,"May",17,"P1B-40",1,"B",40,0,0,1,NA,NA,0.051627685,NA,NA,NA,NA
2023,"May",17,"P2A-20",2,"A",20,1,0,3,0.109728422,6.58,2.223203499,3.793225789,19.0351622,132.0929422,8.461655504
2023,"May",17,"P2A-40",2,"A",40,1,0,3,0.208340503,6.51,7.663023551,4.477465491,21.04419526,141.6232891,9.072151899
2023,"May",17,"P2B-20",2,"B",20,1,0,3,0.113303118,6.31,1.710869922,1.776595155,19.524398,133.5775092,8.556754119
2023,"May",17,"P2B-40",2,"B",40,1,0,3,0.278021427,6.56,6.211606479,3.828150119,22.39962882,148.9904034,9.544075609
2023,"May",17,"P3A-20",3,"A",20,0,1,2,0.005521088,6.21,0.466839874,3.237928932,20.7011884,134.4592214,8.613234976
2023,"May",17,"P3A-40",3,"A",40,0,1,2,NA,NA,0.041696476,NA,0,0.031796897,0.00206285
2023,"May",17,"P3B-20",3,"B",20,0,1,2,NA,NA,0.039797862,NA,NA,NA,NA
2023,"May",17,"P3B-40",3,"B",40,0,1,2,0.001741031,6.32,0.378773413,1.235101724,20.21590143,131.8011481,8.442963715
2023,"May",17,"P4A-20",4,"A",20,1,1,4,0.153641233,6.44,14.81925845,3.390487278,18.3519713,127.789921,8.186011929
2023,"May",17,"P4A-40",4,"A",40,1,1,4,0.227541813,6.46,8.057643085,8.899606408,19.67812227,134.1087532,8.590784627
2023,"May",17,"P4B-20",4,"B",20,1,1,4,0.158646507,6.36,3.810152373,39.48439492,18.46189021,129.7851622,8.313823388
2023,"May",17,"P4B-40",4,"B",40,1,1,4,0.250512499,6.55,5.747176384,1.955263596,19.62466313,132.1099097,8.462742414
2023,"May",17,"P5A-20",5,"A",20,1,0,3,0.23684522,6.53,30.13534215,3.630134708,19.86013724,139.3909281,8.929150979
2023,"May",17,"P5A-40",5,"A",40,1,0,3,0.303644747,6.67,31.60940808,10.85897223,20.77290081,145.6651566,9.331066449
2023,"May",17,"P5B-20",5,"B",20,1,0,3,0.254560353,6.75,9.047874072,3.15555186,20.31646288,140.3161467,8.988418772
2023,"May",17,"P5B-40",5,"B",40,1,0,3,0.231218499,6.59,4.912224543,0.854759133,22.66074236,149.4586629,9.574071447
2023,"May",17,"P6A-20",6,"A",20,0,1,2,0.216858835,6.37,13.15710832,6.342036698,18.34757018,132.3464767,8.477896458
2023,"May",17,"P6A-40",6,"A",40,0,1,2,0.252528316,6.59,12.41670851,6.362603249,19.11161884,131.1352412,8.40030695
2023,"May",17,"P6B-20",6,"B",20,0,1,2,0.405200836,6.55,13.17822762,14.81318255,17.81255459,134.4061664,8.60983637
2023,"May",17,"P6B-40",6,"B",40,0,1,2,0.38003612,6.65,10.05593805,10.06497034,19.53689644,139.7245275,8.950520742
2023,"May",17,"P7A-20",7,"A",20,1,1,4,0.287078718,6.53,15.77528937,11.70231166,17.11130692,130.0077151,8.328079715
2023,"May",17,"P7A-40",7,"A",40,1,1,4,0.323751084,6.5,17.52145759,14.02372637,18.81224579,137.6393766,8.816949831
2023,"May",17,"P7B-20",7,"B",20,1,1,4,0.187726179,6.51,6.825004719,9.699151838,18.78493762,130.4041551,8.353474931
2023,"May",17,"P7B-40",7,"B",40,1,1,4,0.38003612,6.51,NA,1.222795055,20.19620399,141.2396164,9.047574531
2023,"May",17,"P8A-20",8,"A",20,0,0,1,0.082227024,6.5,6.433452176,1.118077499,18.86781036,130.3087306,8.347362212
2023,"May",17,"P8A-40",8,"A",40,0,0,1,0.106266506,6.42,5.811583199,4.296912246,20.1953587,136.0276756,8.713707248
2023,"May",17,"P8B-20",8,"B",20,0,0,1,0.072330865,6.51,5.303777085,4.065801874,19.31461634,132.0121777,8.456481882
2023,"May",17,"P8B-40",8,"B",40,0,0,1,0.184741079,6.43,6.286820787,0.791673596,20.18591703,137.3184965,8.796394845
2023,"May",17,"P9A-20",9,"A",20,1,1,4,0.137334052,6.39,12.95754624,14.37446643,19.27463818,133.813512,8.571872023
2023,"May",17,"P9A-40",9,"A",40,1,1,4,0.196974013,6.45,9.75674797,6.979045402,21.40242358,144.4493681,9.253185291
2023,"May",17,"P9B-20",9,"B",20,1,1,4,0.152414787,6.36,8.128475977,31.01840457,19.25113225,133.978567,8.582445141
2023,"May",17,"P9B-40",9,"B",40,1,1,4,0.231218499,6.36,8.148630491,0.787903986,20.44080786,138.1124598,8.847254667
2023,"May",17,"P10A-20",10,"A",20,1,0,3,0.121777765,6.33,7.917145679,0.798824769,19.37427324,134.1518025,8.59354229
2023,"May",17,"P10A-40",10,"A",40,1,0,3,0.196974013,6.41,7.109650711,5.01119796,21.49091079,144.9086037,9.28260307
2023,"May",17,"P10B-20",10,"B",20,1,0,3,0.192294511,6.35,8.141474178,3.351793337,20.39872115,138.2111255,8.853575011
2023,"May",17,"P10B-40",10,"B",40,1,0,3,0.368046037,6.48,10.07751647,4.974222518,21.80444791,156.5078702,10.02563063
2023,"May",17,"P11A-20",11,"A",20,0,0,1,0.208340503,6.44,21.73246238,2.89228893,19.7153088,139.6744175,8.947310787
2023,"May",17,"P11A-40",11,"A",40,0,0,1,0.287078718,6.55,15.95220177,4.857309163,21.64415783,150.8778505,9.664981979
2023,"May",17,"P11B-20",11,"B",20,0,0,1,0.094987586,6.41,7.785703199,4.645601197,19.8838116,136.622409,8.751804771
2023,"May",17,"P11B-40",11,"B",40,0,0,1,0.200156776,6.49,12.73334497,1.426575753,23.39105427,153.4551114,9.830076546
2023,"May",17,"P12A-20",12,"A",20,0,1,2,0.408461394,6.7,33.42337231,38.9939021,21.39149407,155.3254274,9.949885525
2023,"May",17,"P12A-40",12,"A",40,0,1,2,0.751074233,6.81,62.22076225,112.425467,17.93973487,155.5236869,9.962585663
2023,"May",17,"P12B-20",12,"B",20,0,1,2,0.359302385,6.68,9.027060849,33.07156716,20.7878821,149.2224654,9.558941075
2023,"May",17,"P12B-40",12,"B",40,0,1,2,0.682204652,6.76,27.1091607,46.63772936,18.61661884,150.9479126,9.669470025
2023,"July",12,"P1A-20",1,"A",20,0,0,1,0.602769204,6.31,27.56157162,15.98774877,14.22463194,149.8562877,9.599542558
2023,"July",12,"P1A-40",1,"A",40,0,0,1,0.432225459,6.44,25.25634997,26.36421088,16.43121959,135.9099831,8.706168082
2023,"July",12,"P1B-20",1,"B",20,0,0,1,0.500648575,6.41,11.84554522,27.92621542,14.21970368,143.0821862,9.165606145
2023,"July",12,"P1B-40",1,"B",40,0,0,1,0.557904922,6.42,10.34344666,54.2020622,15.83272614,136.694866,8.756446231
2023,"July",12,"P2A-20",2,"A",20,1,0,3,0.340078102,6.27,12.00283815,7.581129774,20.6305708,167.7642398,10.74669284
2023,"July",12,"P2A-40",2,"A",40,1,0,3,0.29133787,6.24,9.311639275,5.244969233,18.92048971,151.3378618,9.69444945
2023,"July",12,"P2B-20",2,"B",20,1,0,3,0.35623221,6.17,5.646885139,7.258938966,16.6124423,158.3146883,10.14137205
2023,"July",12,"P2B-40",2,"B",40,1,0,3,0.361785668,6.19,4.202061713,6.679250513,17.53121023,139.1984598,8.916821818
2023,"July",12,"P3A-20",3,"A",20,0,1,2,0.009180902,6.12,0.617304583,3.081434669,21.18273862,150.6339041,9.649355223
2023,"July",12,"P3A-40",3,"A",40,0,1,2,0.013833018,6.05,0.782004902,6.712622651,21.31487835,152.9292835,9.796392982
2023,"July",12,"P3B-20",3,"B",20,0,1,2,0.001044677,6.09,0.271124505,26.68152337,22.02352464,155.1212468,9.936806097
2023,"July",12,"P3B-40",3,"B",40,0,1,2,0.069657193,6.28,2.217948266,14.86922778,21.27957268,154.1343131,9.87358495
2023,"July",12,"P4A-20",4,"A",20,1,1,4,0.607449449,6.22,40.61430797,7.438328067,15.52628197,141.73422,9.079257927
2023,"July",12,"P4A-40",4,"A",40,1,1,4,0.438963608,6.23,12.05119839,8.824713122,17.08212102,130.0776982,8.332562701
2023,"July",12,"P4B-20",4,"B",20,1,1,4,0.520389369,6.19,7.711721119,22.44941516,17.17062383,152.2458166,9.752611359
2023,"July",12,"P4B-40",4,"B",40,1,1,4,0.549341008,6.26,8.444696371,7.374355563,16.30809108,128.0594471,8.203277272
2023,"July",12,"P5A-20",5,"A",20,1,0,3,0.459814894,6.26,24.04944534,11.94661567,18.38969744,144.8380085,9.278080872
2023,"July",12,"P5A-40",5,"A",40,1,0,3,0.477945598,6.32,30.61458617,19.2930872,19.43973799,144.6012017,9.262911468
2023,"July",12,"P5B-20",5,"B",20,1,0,3,0.612166033,6.29,10.8772412,7.568324186,16.58792265,136.9277207,8.771362474
2023,"July",12,"P5B-40",5,"B",40,1,0,3,0.500648575,6.27,3.950734978,5.778923444,17.98672177,137.2857743,8.794298725
2023,"July",12,"P6A-20",6,"A",20,0,1,2,0.553606405,6.22,21.28523273,12.37296968,19.41775109,169.8701439,10.88159316
2023,"July",12,"P6A-40",6,"A",40,0,1,2,0.593516618,6.33,19.49147117,11.95842342,17.1866781,138.486268,8.871200127
2023,"July",12,"P6B-20",6,"B",20,0,1,2,0.72572006,6.17,20.90958487,28.59310383,19.2238116,174.2090296,11.15953415
2023,"July",12,"P6B-40",6,"B",40,0,1,2,0.58440606,6.33,11.50714562,15.2835523,17.5131441,137.4618618,8.805578561
2023,"July",12,"P7A-20",7,"A",20,1,1,4,0.58440606,6.28,24.15489247,55.24807362,18.779398,161.2763159,10.33108844
2023,"July",12,"P7A-40",7,"A",40,1,1,4,0.520389369,6.23,16.52500968,6.551250069,16.78390518,130.1105219,8.334665326
2023,"July",12,"P7B-20",7,"B",20,1,1,4,0.63630401,6.21,22.02251714,53.46515882,17.76682158,148.5809394,9.5178461
2023,"July",12,"P7B-40",7,"B",40,1,1,4,0.593516618,6.23,9.908692925,32.8992738,17.45416095,130.5933456,8.365594119
2023,"July",12,"P8A-20",8,"A",20,0,0,1,0.298177041,6.31,11.25178886,5.460502245,20.25528072,156.7862087,10.04346048
2023,"July",12,"P8A-40",8,"A",40,0,0,1,0.3123408,6.25,7.583126827,4.301291646,18.58631316,139.0500141,8.907312661
2023,"July",12,"P8B-20",8,"B",20,0,0,1,0.314765992,6.27,5.419127917,9.890736737,21.16515596,160.8824231,10.30585639
2023,"July",12,"P8B-40",8,"B",40,0,0,1,0.358998201,6.23,5.720402484,4.633072787,18.26878041,135.5217715,8.681299968
2023,"July",12,"P9A-20",9,"A",20,1,1,4,0.263468573,6.22,15.29915071,36.4559011,19.98051154,160.7324598,10.29625002
2023,"July",12,"P9A-40",9,"A",40,1,1,4,0.280286067,6.29,6.778710303,4.917179445,18.24113849,134.6543385,8.625733814
2023,"July",12,"P9B-20",9,"B",20,1,1,4,0.607449449,6.21,21.44068572,19.12179167,16.81782907,149.5206375,9.578041426
2023,"July",12,"P9B-40",9,"B",40,1,1,4,0.419057867,6.18,9.028072375,3.628471645,16.14769495,122.9696474,7.877234118
2023,"July",12,"P10A-20",10,"A",20,1,0,3,0.422311672,6.15,13.07091571,3.868617994,16.31102932,146.3527645,9.375113339
2023,"July",12,"P10A-40",10,"A",40,1,0,3,0.342718662,6.19,8.772715619,3.862852708,18.81888334,140.0210973,8.969518455
2023,"July",12,"P10B-20",10,"B",20,1,0,3,0.275983639,6.1,5.349640594,6.495260269,18.76862133,154.8633935,9.920288491
2023,"July",12,"P10B-40",10,"B",40,1,0,3,0.384878852,6.21,3.908358701,4.34408781,18.93238615,149.2897969,9.563254203
2023,"July",12,"P11A-20",11,"A",20,0,0,1,0.396972474,6.26,16.18538886,8.325904984,19.80966937,166.1919831,10.64597698
2023,"July",12,"P11A-40",11,"A",40,0,0,1,0.474263148,6.28,14.02688543,8.044071179,19.85246101,146.464409,9.382265083
2023,"July",12,"P11B-20",11,"B",20,0,0,1,0.387867272,6.14,16.93643814,8.004822884,20.34382096,162.8969873,10.43490565
2023,"July",12,"P11B-40",11,"B",40,0,0,1,0.384878852,6.24,10.73863291,3.896502023,20.17198378,143.5454979,9.195285035
2023,"July",12,"P12A-20",12,"A",20,0,1,2,0.80871656,6.4,47.27293801,80.04872776,19.84485964,171.1107729,10.96106556
2023,"July",12,"P12A-40",12,"A",40,0,1,2,0.966173946,6.52,55.44684213,80.8451688,18.19436993,153.17378,9.812054974
2023,"July",12,"P12B-20",12,"B",20,0,1,2,0.562236814,6.4,6.607373369,90.23033428,21.73461946,173.3373343,11.10369496
2023,"July",12,"P12B-40",12,"B",40,0,1,2,0.966173946,6.55,17.13647371,69.06890626,17.85418278,154.5289704,9.898865964
2023,"September",19,"P1A-20",1,"A",20,0,0,1,1.31092454,6.52,45.18704832,47.75270248,20.77159701,191.7449252,12.28285118
2023,"September",19,"P1A-40",1,"A",40,0,0,1,1.463277417,6.5,48.19373929,47.37912301,18.64058016,183.4652102,11.75246795
2023,"September",19,"P1B-20",1,"B",20,0,0,1,2.019123853,6.59,45.3241347,83.64327291,12.68091079,173.8732525,11.13802489
2023,"September",19,"P1B-40",1,"B",40,0,0,1,1.620559592,6.5,19.84323777,53.8844171,12.10366188,168.4225585,10.78886352
2023,"September",19,"P2A-20",2,"A",20,1,0,3,1.027656127,6.52,19.01173072,10.10344254,24.3154554,215.4330522,13.80026877
2023,"September",19,"P2A-40",2,"A",40,1,0,3,0.799295371,6.47,5.889712127,8.548755474,25.2538272,204.8968322,13.12533801
2023,"September",19,"P2B-20",2,"B",20,1,0,3,0.965078602,6.5,7.645517954,12.10338711,23.96007486,197.882299,12.67599999
2023,"September",19,"P2B-40",2,"B",40,1,0,3,1.068811264,6.43,7.180396125,10.86684406,16.09090143,170.593481,10.92792879
2023,"September",19,"P3A-20",3,"A",20,0,1,2,0.04693165,6.24,0.533331749,8.19851433,28.63852776,204.6534104,13.10974486
2023,"September",19,"P3A-40",3,"A",40,0,1,2,0.121381754,6.35,0.908785498,11.43799545,27.54511853,201.6849111,12.91958829
2023,"September",19,"P3B-20",3,"B",20,0,1,2,0.0012664,5.98,0.048109156,11.13454183,62.39478478,288.1382228,18.4576275
2023,"September",19,"P3B-40",3,"B",40,0,1,2,0.299486429,6.37,3.672920036,18.53489661,51.81230193,263.1419972,16.85641553
2023,"September",19,"P4A-20",4,"A",20,1,1,4,1.418025711,6.43,38.43837299,26.5004712,18.89619464,202.2469422,12.95559096
2023,"September",19,"P4A-40",4,"A",40,1,1,4,1.156132032,6.29,22.99997398,17.30212318,18.0496912,175.2539351,11.22646886
2023,"September",19,"P4B-20",4,"B",20,1,1,4,1.331677235,6.46,15.50735631,28.28055879,38.59548035,269.6977066,17.27636215
2023,"September",19,"P4B-40",4,"B",40,1,1,4,1.352758458,6.39,14.45963676,41.07833028,31.36338428,234.9881044,15.05292924
2023,"September",19,"P5A-20",5,"A",20,1,0,3,0.972687484,6.52,44.7788151,36.12628194,22.22974111,190.6266234,12.21121484
2023,"September",19,"P5A-40",5,"A",40,1,0,3,0.799295371,6.48,17.38076727,23.31648096,21.56671865,174.2096728,11.15957535
2023,"September",19,"P5B-20",5,"B",20,1,0,3,1.395927371,6.56,15.49443267,23.89522701,30.32154086,236.3482736,15.14005916
2023,"September",19,"P5B-40",5,"B",40,1,0,3,0.957529241,6.44,6.14068923,10.60335939,34.30148784,221.2290494,14.17154963
2023,"September",19,"P6A-20",6,"A",20,0,1,2,1.183693759,6.44,45.27151037,47.99489994,22.56735496,213.0998025,13.65080512
2023,"September",19,"P6A-40",6,"A",40,0,1,2,1.395927371,6.41,33.76309616,35.09241089,17.28496257,191.4847927,12.26618757
2023,"September",19,"P6B-20",6,"B",20,0,1,2,1.794747435,6.54,42.99879722,65.90032707,32.31098877,270.6700141,17.33864636
2023,"September",19,"P6B-40",6,"B",40,0,1,2,1.31092454,6.36,29.58564547,61.59709518,33.51501248,243.5415882,15.60084959
2023,"September",19,"P7A-20",7,"A",20,1,1,4,1.068811264,6.51,31.1912137,34.09662398,24.79143481,207.5297264,13.29399634
2023,"September",19,"P7A-40",7,"A",40,1,1,4,1.250586817,6.43,31.88835448,10.69782139,16.78163132,160.7584401,10.29791427
2023,"September",19,"P7B-20",7,"B",20,1,1,4,1.38500768,6.49,26.36253696,40.91296635,30.41820961,234.28978,15.00819587
2023,"September",19,"P7B-40",7,"B",40,1,1,4,1.068811264,6.36,11.78198764,9.584234159,29.00490331,200.799354,12.86286114
2023,"September",19,"P8A-20",8,"A",20,0,0,1,0.699401239,6.51,14.10294427,7.406674428,24.08418902,191.5943075,12.27320289
2023,"September",19,"P8A-40",8,"A",40,0,0,1,0.762506325,6.45,9.158747045,6.614945396,23.54488771,185.9800451,11.91356363
2023,"September",19,"P8B-20",8,"B",20,0,0,1,0.744751741,6.52,8.340680588,12.47940573,43.88816594,252.6517659,16.18443072
2023,"September",19,"P8B-40",8,"B",40,0,0,1,0.871413635,6.38,9.707743302,6.285936027,35.41486276,216.614079,13.87592316
2023,"September",19,"P9A-20",9,"A",20,1,1,4,0.818350253,6.47,21.12496919,6.303509064,27.09834061,214.2645896,13.72541922
2023,"September",19,"P9A-40",9,"A",40,1,1,4,0.885208618,6.41,13.12074758,9.104440379,21.13544604,168.0893315,10.76751761
2023,"September",19,"P9B-20",9,"B",20,1,1,4,1.05215504,6.42,23.16087286,32.38333611,37.57000312,247.4610917,15.85192573
2023,"September",19,"P9B-40",9,"B",40,1,1,4,1.04392452,6.37,14.77148421,10.52109319,29.59048347,207.7608745,13.30880326
2023,"September",19,"P10A-20",10,"A",20,1,0,3,1.280400307,6.48,32.02425681,10.74111647,21.08570805,207.0912807,13.26591032
2023,"September",19,"P10A-40",10,"A",40,1,0,3,1.068811264,6.33,25.28439605,4.874106103,24.28334997,194.820488,12.47986604
2023,"September",19,"P10B-20",10,"B",20,1,0,3,1.068811264,6.38,19.78740764,7.574643827,33.18383968,235.6662962,15.09637295
2023,"September",19,"P10B-40",10,"B",40,1,0,3,0.913457189,6.35,12.32490978,6.109374134,33.48424517,214.5777969,13.7454827
2023,"September",19,"P11A-20",11,"A",20,0,0,1,1.463277417,6.6,32.00636454,15.84278508,18.89023706,198.6191678,12.72320245
2023,"September",19,"P11A-40",11,"A",40,0,0,1,1.231097824,6.42,24.7859121,17.31077111,27.27373986,207.9907024,13.32352561
2023,"September",19,"P11B-20",11,"B",20,0,0,1,1.558159098,6.55,27.28122616,17.39481124,28.36981909,226.1282793,14.48538523
2023,"September",19,"P11B-40",11,"B",40,0,0,1,0.920659077,6.4,14.29421415,12.7865181,28.14958515,198.5247701,12.7171555
2023,"September",19,"P12A-20",12,"A",20,0,1,2,1.58282566,6.61,46.30860431,169.619602,22.83691828,216.9790127,13.89930014
2023,"September",19,"P12A-40",12,"A",40,0,1,2,1.418025711,6.75,37.97580515,117.6514219,16.52148784,170.9368209,10.94992251
2023,"September",19,"P12B-20",12,"B",20,0,1,2,1.300669787,6.62,13.59840534,66.24164311,36.89252963,239.8011142,15.36124175
2023,"September",19,"P12B-40",12,"B",40,0,1,2,1.44047388,6.64,13.40700622,101.7019236,30.81686213,209.3215092,13.40877463
2024,"May",NA,"P1A-20",1,"A",20,0,0,1,NA,NA,NA,NA,NA,NA,NA
2024,"May",NA,"P1A-40",1,"A",40,0,0,1,NA,NA,NA,NA,NA,NA,NA
2024,"May",NA,"P1B-20",1,"B",20,0,0,1,NA,NA,NA,NA,NA,NA,NA
2024,"May",NA,"P1B-40",1,"B",40,0,0,1,NA,NA,NA,NA,NA,NA,NA
2024,"May",NA,"P2A-20",2,"A",20,1,0,3,NA,NA,NA,NA,NA,NA,NA
2024,"May",NA,"P2A-40",2,"A",40,1,0,3,NA,NA,NA,NA,NA,NA,NA
2024,"May",NA,"P2B-20",2,"B",20,1,0,3,NA,NA,NA,NA,NA,NA,NA
2024,"May",NA,"P2B-40",2,"B",40,1,0,3,NA,NA,NA,NA,NA,NA,NA
2024,"May",NA,"P3A-20",3,"A",20,0,1,2,NA,NA,NA,NA,NA,NA,NA
2024,"May",NA,"P3A-40",3,"A",40,0,1,2,NA,NA,NA,NA,NA,NA,NA
2024,"May",NA,"P3B-20",3,"B",20,0,1,2,NA,NA,NA,NA,NA,NA,NA
2024,"May",NA,"P3B-40",3,"B",40,0,1,2,NA,NA,NA,NA,NA,NA,NA
2024,"May",NA,"P4A-20",4,"A",20,1,1,4,NA,NA,NA,NA,NA,NA,NA
2024,"May",NA,"P4A-40",4,"A",40,1,1,4,NA,NA,NA,NA,NA,NA,NA
2024,"May",NA,"P4B-20",4,"B",20,1,1,4,NA,NA,NA,NA,NA,NA,NA
2024,"May",NA,"P4B-40",4,"B",40,1,1,4,NA,NA,NA,NA,NA,NA,NA
2024,"May",NA,"P5A-20",5,"A",20,1,0,3,NA,NA,NA,NA,NA,NA,NA
2024,"May",NA,"P5A-40",5,"A",40,1,0,3,NA,NA,NA,NA,NA,NA,NA
2024,"May",NA,"P5B-20",5,"B",20,1,0,3,NA,NA,NA,NA,NA,NA,NA
2024,"May",NA,"P5B-40",5,"B",40,1,0,3,NA,NA,NA,NA,NA,NA,NA
2024,"May",NA,"P6A-20",6,"A",20,0,1,2,NA,NA,NA,NA,NA,NA,NA
2024,"May",NA,"P6A-40",6,"A",40,0,1,2,NA,NA,NA,NA,NA,NA,NA
2024,"May",NA,"P6B-20",6,"B",20,0,1,2,NA,NA,NA,NA,NA,NA,NA
2024,"May",NA,"P6B-40",6,"B",40,0,1,2,NA,NA,NA,NA,NA,NA,NA
2024,"May",NA,"P7A-20",7,"A",20,1,1,4,NA,NA,NA,NA,NA,NA,NA
2024,"May",NA,"P7A-40",7,"A",40,1,1,4,NA,NA,NA,NA,NA,NA,NA
2024,"May",NA,"P7B-20",7,"B",20,1,1,4,NA,NA,NA,NA,NA,NA,NA
2024,"May",NA,"P7B-40",7,"B",40,1,1,4,NA,NA,NA,NA,NA,NA,NA
2024,"May",NA,"P8A-20",8,"A",20,0,0,1,NA,NA,NA,NA,NA,NA,NA
2024,"May",NA,"P8A-40",8,"A",40,0,0,1,NA,NA,NA,NA,NA,NA,NA
2024,"May",NA,"P8B-20",8,"B",20,0,0,1,NA,NA,NA,NA,NA,NA,NA
2024,"May",NA,"P8B-40",8,"B",40,0,0,1,NA,NA,NA,NA,NA,NA,NA
2024,"May",NA,"P9A-20",9,"A",20,1,1,4,NA,NA,NA,NA,NA,NA,NA
2024,"May",NA,"P9A-40",9,"A",40,1,1,4,NA,NA,NA,NA,NA,NA,NA
2024,"May",NA,"P9B-20",9,"B",20,1,1,4,NA,NA,NA,NA,NA,NA,NA
2024,"May",NA,"P9B-40",9,"B",40,1,1,4,NA,NA,NA,NA,NA,NA,NA
2024,"May",NA,"P10A-20",10,"A",20,1,0,3,NA,NA,NA,NA,NA,NA,NA
2024,"May",NA,"P10A-40",10,"A",40,1,0,3,NA,NA,NA,NA,NA,NA,NA
2024,"May",NA,"P10B-20",10,"B",20,1,0,3,NA,NA,NA,NA,NA,NA,NA
2024,"May",NA,"P10B-40",10,"B",40,1,0,3,NA,NA,NA,NA,NA,NA,NA
2024,"May",NA,"P11A-20",11,"A",20,0,0,1,NA,NA,NA,NA,NA,NA,NA
2024,"May",NA,"P11A-40",11,"A",40,0,0,1,NA,NA,NA,NA,NA,NA,NA
2024,"May",NA,"P11B-20",11,"B",20,0,0,1,NA,NA,NA,NA,NA,NA,NA
2024,"May",NA,"P11B-40",11,"B",40,0,0,1,NA,NA,NA,NA,NA,NA,NA
2024,"May",NA,"P12A-20",12,"A",20,0,1,2,NA,NA,NA,NA,NA,NA,NA
2024,"May",NA,"P12A-40",12,"A",40,0,1,2,NA,NA,NA,NA,NA,NA,NA
2024,"May",NA,"P12B-20",12,"B",20,0,1,2,NA,NA,NA,NA,NA,NA,NA
2024,"May",NA,"P12B-40",12,"B",40,0,1,2,NA,NA,NA,NA,NA,NA,NA
2024,"July",9,"P1A-20",1,"A",20,0,0,1,2.082679519,6.27,68.58587613,45.93180407,13.16540549,105.2450945,6.74183205
2024,"July",9,"P1A-40",1,"A",40,0,0,1,1.899504443,6.53,28.41451878,38.18137034,8.566235184,95.41929196,6.112409317
2024,"July",9,"P1B-20",1,"B",20,0,0,1,2.816523734,6.41,105.0099971,70.76941749,9.744404242,102.0113258,6.534682811
2024,"July",9,"P1B-40",1,"B",40,0,0,1,2.042362229,6.46,52.59279768,55.39063448,16.42145352,137.2046178,8.789099986
2024,"July",9,"P2A-20",2,"A",20,1,0,3,1.986083287,6.35,31.30301641,7.95662076,9.010617592,105.4682708,6.756128311
2024,"July",9,"P2A-40",2,"A",40,1,0,3,1.747812584,6.36,23.36744441,9.830295501,7.104641298,83.31415797,5.336976828
2024,"July",9,"P2B-20",2,"B",20,1,0,3,1.529446038,6.3,29.457283,9.794741088,9.149451029,95.05381664,6.088997645
2024,"July",9,"P2B-40",2,"B",40,1,0,3,1.362577304,6.44,20.17253408,6.889345813,6.338253275,81.27711989,5.206487937
2024,"July",9,"P3A-20",3,"A",20,0,1,2,0.288136203,6.05,1.153570036,3.658106478,19.66670618,130.7146742,8.373366206
2024,"July",9,"P3A-40",3,"A",40,0,1,2,0.240911379,6.2,1.244054802,7.972684501,16.03290393,112.5912694,7.212414424
2024,"July",9,"P3B-20",3,"B",20,0,1,2,0,5.91,1.003082475,6.678303955,20.89054273,132.5243949,8.489293569
2024,"July",9,"P3B-40",3,"B",40,0,1,2,0.2273228,6.13,1.965049497,12.57391106,17.33454148,119.9595458,7.684412581
2024,"July",9,"P4A-20",4,"A",20,1,1,4,1.587534393,6.27,24.92983478,44.74415815,11.37282907,110.0477941,7.0494841
2024,"July",9,"P4A-40",4,"A",40,1,1,4,1.929556604,6.35,22.16594065,27.04891231,11.30564566,102.5046262,6.566282723
2024,"July",9,"P4B-20",4,"B",20,1,1,4,2.032103905,6.22,19.08067542,193.6315478,10.04923893,104.7211142,6.708266845
2024,"July",9,"P4B-40",4,"B",40,1,1,4,1.857595629,6.39,11.18653183,17.6741845,9.333056769,92.29627927,5.912354902
2024,"July",9,"P5A-20",5,"A",20,1,0,3,2.549203538,6.31,61.85054359,91.12581836,10.92282907,121.3843357,7.775681983
2024,"July",9,"P5A-40",5,"A",40,1,0,3,1.893780222,6.32,40.00376917,34.51341144,16.76919526,156.7529055,10.04132713
2024,"July",9,"P5B-20",5,"B",20,1,0,3,2.199927618,6.33,13.68330721,17.94376977,7.699404242,103.8829901,6.654578164
2024,"July",9,"P5B-40",5,"B",40,1,0,3,2.387324871,6.33,14.72381336,32.85156389,17.09732065,150.7785162,9.658618809
2024,"July",9,"P6A-20",6,"A",20,0,1,2,2.338838413,6.37,8.393587039,63.47933489,4.813518403,90.99827645,5.829207242
2024,"July",9,"P6A-40",6,"A",40,0,1,2,0.192367029,6.4,23.98638812,23.0747428,7.278948846,85.19182228,5.457256531
2024,"July",9,"P6B-20",6,"B",20,0,1,2,1.847266646,6.39,70.54371056,101.0140861,7.7524267,97.63207334,6.254155999
2024,"July",9,"P6B-40",6,"B",40,0,1,2,1.86940018,6.38,93.22393777,34.84889374,14.95771366,131.6573456,8.43375199
2024,"July",9,"P7A-20",7,"A",20,1,1,4,1.945933985,6.22,44.07550849,33.30434721,11.72653462,110.1766065,7.057735585
2024,"July",9,"P7A-40",7,"A",40,1,1,4,1.97534118,6.34,17.7380957,9.882270628,15.4725889,123.4081326,7.905322668
2024,"July",9,"P7B-20",7,"B",20,1,1,4,1.565432983,6.28,22.7771581,22.31974698,9.824747349,98.43630465,6.305673569
2024,"July",9,"P7B-40",7,"B",40,1,1,4,2.039090606,6.34,21.20549622,14.55253557,15.73893013,127.5442962,8.170277657
2024,"July",9,"P8A-20",8,"A",20,0,0,1,0.868809984,6.12,11.18488416,4.911649425,16.29809732,116.8226206,7.483466953
2024,"July",9,"P8A-40",8,"A",40,0,0,1,0.776485069,6.22,10.14314225,3.027765284,11.16890206,96.06733709,6.15392189
2024,"July",9,"P8B-20",8,"B",20,0,0,1,1.133091289,6.17,10.99334205,5.513075885,12.89943543,107.0610409,6.858158217
2024,"July",9,"P8B-40",8,"B",40,0,0,1,1.097677635,6.19,9.028216154,10.12386929,11.55095134,96.95502116,6.210785289
2024,"July",9,"P9A-20",9,"A",20,1,1,4,1.55611768,6.2,28.18427621,6.852434906,12.91164691,113.9726798,7.300905021
2024,"July",9,"P9A-40",9,"A",40,1,1,4,1.935675661,6.27,14.78642498,7.275089778,14.49033063,122.6730296,7.858233332
2024,"July",9,"P9B-20",9,"B",20,1,1,4,1.36328004,6.12,16.83187498,22.33002777,14.52306925,109.6252017,7.022413614
2024,"July",9,"P9B-40",9,"B",40,1,1,4,1.792670596,6.22,14.93718715,12.82543354,11.94569557,103.8732722,6.653955653
2024,"July",9,"P10A-20",10,"A",20,1,0,3,1.648442594,6.23,23.84296063,7.037917568,11.61582346,104.3247052,6.682873616
2024,"July",9,"P10A-40",10,"A",40,1,0,3,NA,6.32,17.42750915,5.529282415,14.33356207,121.6676728,7.793832033
2024,"July",9,"P10B-20",10,"B",20,1,0,3,1.212772011,6.17,17.78024869,5.794726809,14.2818247,113.0700254,7.243082647
2024,"July",9,"P10B-40",10,"B",40,1,0,3,1.65101598,6.25,12.09975516,8.067139298,14.17153462,122.9567052,7.876405066
2024,"July",9,"P11A-20",11,"A",20,0,0,1,2.380203027,6.39,63.43358414,26.46533445,6.519497817,96.52201693,6.183047839
2024,"July",9,"P11A-40",11,"A",40,0,0,1,0.218608671,6.33,30.20883744,13.55929662,12.59262321,114.6402595,7.34366894
2024,"July",9,"P11B-20",11,"B",20,0,0,1,1.687905203,6.32,34.74963102,10.14078976,9.232482845,98.89520733,6.335070026
2024,"July",9,"P11B-40",11,"B",40,0,0,1,1.723318857,6.33,17.52032812,8.190723011,15.87047099,123.3125529,7.89920001
2024,"July",9,"P12A-20",12,"A",20,0,1,2,3.040839081,6.48,42.80643507,118.6753482,12.88674672,138.1927447,8.85239757
2024,"July",9,"P12A-40",12,"A",40,0,1,2,2.979289138,6.48,41.29110466,122.3780762,17.32926076,160.1128999,10.25656216
2024,"July",9,"P12B-20",12,"B",20,0,1,2,2.688340931,6.45,24.36876778,58.69926535,14.89917966,139.3030663,8.923522716
2024,"July",9,"P12B-40",12,"B",40,0,1,2,2.621940329,6.44,16.91343485,60.69481034,18.74916407,169.3285783,10.84690147
2024,"September",9,"P1A-20",1,"A",20,0,0,1,2.369879022,6.33,38.45836339,73.50032484,19.8235184,154.4744654,9.895374479
2024,"September",9,"P1A-40",1,"A",40,0,0,1,3.061992408,6.43,51.22674304,50.6953815,11.08012789,116.7115938,7.476354782
2024,"September",9,"P1B-20",1,"B",20,0,0,1,2.351304189,6.47,64.15248272,103.442781,10.55709295,133.8001044,8.571013156
2024,"September",9,"P1B-40",1,"B",40,0,0,1,2.947020526,6.53,54.6271065,59.06109219,10.70549595,123.9969111,7.943038734
2024,"September",9,"P2A-20",2,"A",20,1,0,3,2.930363482,6.43,65.98660444,33.89220873,9.512183406,134.1513597,8.59351392
2024,"September",9,"P2A-40",2,"A",40,1,0,3,2.713812668,6.4,42.36717522,20.18484011,10.09391765,125.9670635,8.069243047
2024,"September",9,"P2B-20",2,"B",20,1,0,3,2.442508834,6.4,38.74506431,25.7858739,12.17710231,134.3786432,8.60807328
2024,"September",9,"P2B-40",2,"B",40,1,0,3,2.0533141,6.29,31.59409812,15.22407134,8.06099189,107.2649901,6.871222827
2024,"September",9,"P3A-20",3,"A",20,0,1,2,0.299908006,6.14,3.528219652,5.513718435,19.80494697,149.828615,9.597769891
2024,"September",9,"P3A-40",3,"A",40,0,1,2,0.517166502,6.11,2.575510929,7.804122313,17.84394261,138.067103,8.844349192
2024,"September",9,"P3B-20",3,"B",20,0,1,2,0,6.02,0.293581425,7.248031299,22.09438241,150.3826601,9.633260997
2024,"September",9,"P3B-40",3,"B",40,0,1,2,0.438876686,6.14,2.74546721,48.69419635,19.01610106,135.7746093,8.697496289
2024,"September",9,"P4A-20",4,"A",20,1,1,4,2.911256057,6.41,32.04877238,49.56385159,11.18648784,142.6334471,9.13686075
2024,"September",9,"P4A-40",4,"A",40,1,1,4,3.46678674,6.39,28.83506169,29.89826297,5.267476606,110.1515458,7.056130246
2024,"September",9,"P4B-20",4,"B",20,1,1,4,2.436102336,6.4,26.25390436,86.37552029,11.95299127,140.0306037,8.970127414
2024,"September",9,"P4B-40",4,"B",40,1,1,4,2.990264385,6.42,20.59361312,40.19340744,6.277142857,119.3306093,7.644124071
2024,"September",9,"P5A-20",5,"A",20,1,0,3,3.412378198,6.39,122.318099,95.44153869,8.25404242,143.2083554,9.173688313
2024,"September",9,"P5A-40",5,"A",40,1,0,3,2.675681434,6.34,81.19038527,42.98128753,13.51480661,156.8308717,10.0463215
2024,"September",9,"P5B-20",5,"B",20,1,0,3,2.91578885,6.34,29.20440492,48.09448335,8.330461634,141.0384908,9.034690802
2024,"September",9,"P5B-40",5,"B",40,1,0,3,3.06073586,6.35,33.51454143,24.62507229,9.811366188,132.2996587,8.47489738
2024,"September",9,"P6A-20",6,"A",20,0,1,2,2.958250056,6.36,291.7628701,114.4608652,4.040829694,133.9962454,8.583577588
2024,"September",9,"P6A-40",6,"A",40,0,1,2,2.629547781,6.3,96.38043956,43.06724639,5.845917031,117.4413822,7.523103679
2024,"September",9,"P6B-20",6,"B",20,0,1,2,3.111987841,6.41,164.220443,107.0590503,5.193393637,147.9324993,9.47630823
2024,"September",9,"P6B-40",6,"B",40,0,1,2,3.294573025,6.28,76.40887622,43.61255685,11.34407985,134.6162567,8.623294364
2024,"September",9,"P7A-20",7,"A",20,1,1,4,2.429154728,6.3,55.93438344,51.01465727,13.26985964,146.8659379,9.407986283
2024,"September",9,"P7A-40",7,"A",40,1,1,4,2.292195447,6.45,36.39980551,24.25653437,7.719111042,124.825292,7.996103276
2024,"September",9,"P7B-20",7,"B",20,1,1,4,2.581850158,6.35,36.16362396,48.81171154,10.84816594,139.052237,8.907455053
2024,"September",9,"P7B-40",7,"B",40,1,1,4,2.269533397,6.37,16.06249537,23.50061042,10.11486276,123.7927334,7.929959487
2024,"September",9,"P8A-20",8,"A",20,0,0,1,1.270046708,6.23,22.1891476,9.100144931,17.1377854,140.662787,9.010623911
2024,"September",9,"P8A-40",8,"A",40,0,0,1,1.299601079,6.17,21.92607899,7.140939693,13.32925452,127.7624683,8.184253357
2024,"September",9,"P8B-20",8,"B",20,0,0,1,1.263713262,6.23,17.16693074,7.912427624,16.3432408,137.7223949,8.822267832
2024,"September",9,"P8B-40",8,"B",40,0,0,1,2.147809941,6.11,17.60991085,16.07366475,13.70975671,119.9016192,7.680701907
2024,"September",9,"P9A-20",9,"A",20,1,1,4,1.52666515,6.15,47.04170209,39.34831188,16.86601061,149.0506939,9.54793771
2024,"September",9,"P9A-40",9,"A",40,1,1,4,2.024043592,6.17,37.42547593,11.54261889,12.38577667,130.4555487,8.356767104
2024,"September",9,"P9B-20",9,"B",20,1,1,4,1.666521803,6.09,33.0798202,70.30770988,17.02391765,150.8640621,9.664098717
2024,"September",9,"P9B-40",9,"B",40,1,1,4,2.161423748,6.2,21.0982407,15.26862145,13.16480349,134.7665529,8.63292206
2024,"September",9,"P10A-20",10,"A",20,1,0,3,2.612247661,6.31,28.59435178,10.14214626,14.07380848,143.9303949,9.219940828
2024,"September",9,"P10A-40",10,"A",40,1,0,3,2.49691353,6.32,27.42816113,7.509834579,10.42930755,127.0036953,8.135647767
2024,"September",9,"P10B-20",10,"B",20,1,0,3,2.182027019,6.19,21.93711684,11.91008589,18.81199314,157.6825839,10.10088061
2024,"September",9,"P10B-40",10,"B",40,1,0,3,3.08080669,6.26,11.12703228,10.1671343,15.60437617,143.99167,9.223865993
2024,"September",9,"P11A-20",11,"A",20,0,0,1,2.734790176,6.38,119.1966534,56.56243084,7.376094822,131.2839859,8.409835261
2024,"September",9,"P11A-40",11,"A",40,0,0,1,2.155236166,6.29,68.81894347,27.38346648,9.883243918,115.8691876,7.422391799
2024,"September",9,"P11B-20",11,"B",20,0,0,1,3.465997978,6.29,92.40087232,35.42418985,10.39085777,139.3340621,8.925508248
2024,"September",9,"P11B-40",11,"B",40,0,0,1,2.858251724,6.26,42.89939741,12.20608709,11.4045602,124.182426,7.954922469
2024,"September",9,"P12A-20",12,"A",20,0,1,2,3.446978437,6.4,113.0226779,241.6462122,15.88667187,166.465055,10.66346946
2024,"September",9,"P12A-40",12,"A",40,0,1,2,3.29992742,6.47,69.69164069,142.011109,12.69652527,166.3732073,10.65758587
2024,"September",9,"P12B-20",12,"B",20,0,1,2,4.624995764,6.48,54.37493422,101.8915233,13.29849657,145.3800536,9.31280328
2024,"September",9,"P12B-40",12,"B",40,0,1,2,3.885428492,6.5,31.92268624,79.63110511,14.7777043,159.6517377,10.22702096
2025,"May",15,"P1A-20",1,"A",20,0,0,1,0.647476057,6.51,14.38195985,61.04078762,26.97099501,163.5852553,10.47899482
2025,"May",15,"P1A-40",1,"A",40,0,0,1,0.976875293,6.6,24.25489544,103.3600348,28.26029944,172.1908914,11.03025595
2025,"May",15,"P1B-20",1,"B",20,0,0,1,0.882991902,6.45,18.38736608,94.92528576,27.06930131,156.7269647,10.03966542
2025,"May",15,"P1B-40",1,"B",40,0,0,1,1.73146844,6.51,27.9062571,115.3829239,25.03284467,161.7427504,10.36096736
2025,"May",15,"P2A-20",2,"A",20,1,0,3,1.003765026,6.5,16.75544045,22.56163122,28.27187461,157.4406939,10.08538559
2025,"May",15,"P2A-40",2,"A",40,1,0,3,1.516350572,6.42,21.90966919,64.32899969,32.42508422,165.9594979,10.63108441
2025,"May",15,"P2B-20",2,"B",20,1,0,3,0.997042593,6.39,8.654249534,23.57728801,28.71749844,156.1300056,10.00142532
2025,"May",15,"P2B-40",2,"B",40,1,0,3,1.302913312,6.37,8.81827217,65.600891,30.13889894,163.5437659,10.47633709
2025,"May",15,"P3A-20",3,"A",20,0,1,2,0,6.21,0.622120779,5.459672871,23.50505614,146.0252299,9.354132081
2025,"May",15,"P3A-20",3,"A",20,0,1,2,0,6.21,0.609769277,5.459672871,23.50505614,146.0252299,9.354132081
2025,"May",15,"P3A-40",3,"A",40,0,1,2,0.0329823,6.14,0.496015926,6.43506322,24.22705864,147.426725,9.443909262
2025,"May",15,"P3B-20",3,"B",20,0,1,2,0,6.17,0.274552164,30.15828139,23.0580942,146.0619408,9.356483711
2025,"May",15,"P3B-40",3,"B",40,0,1,2,0.079871346,6.21,0.927920067,7.19762685,19.12007174,122.2267137,7.829643159
2025,"May",15,"P4A-20",4,"A",20,1,1,4,0.284464654,6.13,27.0982298,46.44612935,22.97973487,140.9853004,9.031283522
2025,"May",15,"P4A-40",4,"A",40,1,1,4,1.267620537,6.37,66.31966407,68.17744365,26.31421397,154.0102764,9.86563939
2025,"May",15,"P4B-20",4,"B",20,1,1,4,0.397065413,6.23,20.70825318,182.9111068,23.25344666,136.7708886,8.761316096
2025,"May",15,"P4B-40",4,"B",40,1,1,4,0.95418708,6.42,38.21610911,70.09859567,26.85821896,153.8068942,9.852611101
2025,"May",15,"P5A-20",5,"A",20,1,0,3,1.199209418,6.39,40.21784787,47.39646027,26.71528696,162.8764852,10.43359232
2025,"May",15,"P5A-40",5,"A",40,1,0,3,1.674428963,6.41,50.61667902,96.01626365,23.6565471,170.520347,10.92324396
2025,"May",15,"P5B-20",5,"B",20,1,0,3,0.728145257,6.38,8.615003631,32.56805672,25.99869931,156.4457236,10.02164963
2025,"May",15,"P5B-40",5,"B",40,1,0,3,1.50794753,6.33,20.53260951,88.12361227,27.32196195,163.538457,10.47599701
2025,"May",15,"P6A-20",6,"A",20,0,1,2,0.654314828,6.33,54.20455472,94.02750112,23.12885839,145.6823893,9.332170345
2025,"May",15,"P6A-40",6,"A",40,0,1,2,1.065218945,6.35,43.88338323,123.018841,25.49327823,157.8582934,10.11213624
2025,"May",15,"P6B-20",6,"B",20,0,1,2,1.158380994,6.33,36.53916027,63.06346249,24.03157205,150.8840564,9.665379519
2025,"May",15,"P6B-40",6,"B",40,0,1,2,2.064228893,6.43,34.33269057,79.40207187,21.19190268,162.5056869,10.40983967
2025,"May",15,"P7A-20",7,"A",20,1,1,4,0.757934127,6.24,16.12212714,52.68628585,22.9046257,146.9658307,9.414385231
2025,"May",15,"P7A-40",7,"A",40,1,1,4,1.617259695,6.36,18.02943814,68.52506301,22.5977199,159.8593512,10.2403203
2025,"May",15,"P7B-20",7,"B",20,1,1,4,0.631510277,6.23,8.616198938,67.3730429,23.42310356,149.5414245,9.579373005
2025,"May",15,"P7B-40",7,"B",40,1,1,4,1.51382966,6.3,12.2567046,73.9499668,23.33940112,160.1085021,10.25628044
2025,"May",15,"P8A-20",8,"A",20,0,0,1,0.15052412,6.18,3.762713848,6.178471731,22.14093263,142.3139267,9.116392861
2025,"May",15,"P8A-40",8,"A",40,0,0,1,0.39526658,6.15,5.019932125,5.725545632,24.11395197,154.7973512,9.916057943
2025,"May",15,"P8B-20",8,"B",20,0,0,1,0.399586326,6.07,4.461740951,5.436612478,23.13320337,149.3043611,9.564187157
2025,"May",15,"P8B-40",8,"B",40,0,0,1,0.979396205,6.19,8.013620392,12.74925571,23.92918278,160.2788406,10.26719201
2025,"May",15,"P9A-20",9,"A",20,1,1,4,0.464941626,6.16,6.019589765,12.19273633,23.47068309,143.2479323,9.176223534
2025,"May",15,"P9A-40",9,"A",40,1,1,4,1.472549984,6.23,11.82312653,21.90387457,20.99862445,153.3314499,9.822155019
2025,"May",15,"P9B-20",9,"B",20,1,1,4,0.516388606,6.18,4.810924211,13.82895329,26.06127573,154.7810578,9.91501422
2025,"May",15,"P9B-40",9,"B",40,1,1,4,1.145776432,6.21,6.603411493,28.50650046,24.96872739,153.0022793,9.801068956
2025,"May",15,"P10A-20",10,"A",20,1,0,3,0.703444668,6.11,11.19636702,5.079640458,24.84388334,145.1272553,9.296609488
2025,"May",15,"P10A-40",10,"A",40,1,0,3,1.104522817,6.28,13.6724238,14.45943727,25.34392077,162.7772412,10.42723493
2025,"May",15,"P10B-20",10,"B",20,1,0,3,0.850829667,6.16,9.681918395,32.76189252,25.79276357,156.9306827,10.05271521
2025,"May",15,"P10B-40",10,"B",40,1,0,3,1.541559697,6.24,10.01921119,25.43368531,24.51350905,166.3431819,10.6556625
2025,"May",15,"P11A-20",11,"A",20,0,0,1,0.913363076,6.23,21.31131957,80.35483019,23.16557392,150.2801072,9.626691649
2025,"May",15,"P11A-40",11,"A",40,0,0,1,1.958488766,6.37,30.70055754,125.6867071,20.91076419,164.2569901,10.52202491
2025,"May",15,"P11B-20",11,"B",20,0,0,1,0.906289742,6.26,21.80794457,72.19594908,25.55026513,163.4455656,10.47004656
2025,"May",15,"P11B-40",11,"B",40,0,0,1,1.556685172,6.28,31.53255966,99.39821657,24.86404866,174.6007955,11.18462995
2025,"May",15,"P12A-20",12,"A",20,0,1,2,0.897284219,6.25,35.66835259,107.9839648,27.35934186,170.8690832,10.94558336
2025,"May",15,"P12A-40",12,"A",40,0,1,2,1.949556068,6.46,50.28363297,240.8126111,23.03123206,172.8814838,11.07449402
2025,"May",15,"P12B-20",12,"B",20,0,1,2,1.065947535,6.41,18.68894404,153.2676505,27.19802558,178.0039492,11.40262968
2025,"May",15,"P12B-40",12,"B",40,0,1,2,2.272624328,6.45,20.25121875,88.60745215,23.21025889,179.1085416,11.47338782
2025,"July",9,"P1A-20",1,"A",20,0,0,1,0.834822583,6.24,19.21197135,28.57732371,13.68800062,117.1270437,7.502967736
2025,"July",9,"P1A-40",1,"A",40,0,0,1,1.331667167,6.42,22.78178,83.44042494,24.09300998,154.2398195,9.880343491
2025,"July",9,"P1B-20",1,"B",20,0,0,1,0.449432324,6.38,8.445040468,42.99942171,17.24699938,121.9294217,7.810599186
2025,"July",9,"P1B-40",1,"B",40,0,0,1,1.7748948,6.51,16.03896728,116.2607181,25.55344042,160.4120254,10.27572358
2025,"July",9,"P2A-20",2,"A",20,1,0,3,1.740556832,6.49,18.98399802,35.88482655,14.32296319,134.3442906,8.605872716
2025,"July",9,"P2A-40",2,"A",40,1,0,3,1.241026601,6.42,12.26533328,47.05855055,28.56694947,159.6244231,10.22527124
2025,"July",9,"P2B-20",2,"B",20,1,0,3,1.574551849,6.41,6.315515773,31.19771252,19.39250156,141.5026432,9.064423541
2025,"July",9,"P2B-40",2,"B",40,1,0,3,1.877524798,6.49,8.66666984,48.56111718,28.16038366,159.4742426,10.21565095
2025,"July",9,"P3A-20",3,"A",20,0,1,2,0.02538193,6.18,0.550082443,1.630862373,12.97683406,103.1143075,6.605337775
2025,"July",9,"P3A-40",3,"A",40,0,1,2,0.064471053,6.15,35.83067701,4.876808956,13.10483468,103.1721382,6.609042306
2025,"July",9,"P3B-20",3,"B",20,0,1,2,0.004365474,6.22,0.077082116,1.955064362,13.84548659,100.1156417,6.413248797
2025,"July",9,"P3B-40",3,"B",40,0,1,2,0.089151727,6.13,1.257536496,5.671428673,14.33663132,105.772945,6.775645176
2025,"July",9,"P4A-20",4,"A",20,1,1,4,1.250190828,6.28,25.79638967,23.17526612,14.56093886,129.9879492,8.32681355
2025,"July",9,"P4A-40",4,"A",40,1,1,4,1.674921807,6.43,35.5481152,60.24566814,24.98717405,152.544708,9.771757789
2025,"July",9,"P4B-20",4,"B",20,1,1,4,1.100285776,6.2,16.70487861,130.3787473,11.72725203,116.7454274,7.478522098
2025,"July",9,"P4B-40",4,"B",40,1,1,4,1.058645484,6.45,18.94020422,43.78861545,20.79891454,135.6618251,8.690271542
2025,"July",9,"P5A-20",5,"A",20,1,0,3,1.594417242,6.37,40.42617931,45.55676926,20.78891454,147.1934725,9.42896754
2025,"July",9,"P5A-40",5,"A",40,1,0,3,1.966403852,6.42,35.44357721,78.96192536,24.1000811,168.8828237,10.81834725
2025,"July",9,"P5B-20",5,"B",20,1,0,3,1.856751083,6.27,8.938164116,40.54745229,20.08045852,147.5068265,9.449040419
2025,"July",9,"P5B-40",5,"B",40,1,0,3,1.827602878,6.42,12.61957192,77.85367003,25.84266999,163.4434894,10.46991356
2025,"July",9,"P6A-20",6,"A",20,0,1,2,1.468802361,6.34,46.08080447,66.33125576,13.45311603,132.8935966,8.512943946
2025,"July",9,"P6A-40",6,"A",40,0,1,2,1.543060882,6.4,26.04915928,85.89839148,21.95927948,148.7415825,9.528136604
2025,"July",9,"P6B-20",6,"B",20,0,1,2,2.288422111,6.36,34.03197857,83.07959762,17.31647536,150.6376784,9.649597
2025,"July",9,"P6B-40",6,"B",40,0,1,2,1.551388941,6.57,18.62447408,73.48661712,23.00911104,163.9973004,10.50538967
2025,"July",9,"P7A-20",7,"A",20,1,1,4,1.566657048,6.43,20.48433207,40.11187503,12.0216282,115.6267616,7.406862441
2025,"July",9,"P7A-40",7,"A",40,1,1,4,1.849811034,6.46,13.84271993,58.26861431,21.0212383,149.0541975,9.548162139
2025,"July",9,"P7B-20",7,"B",20,1,1,4,1.927356934,6.25,21.96240541,43.817316,15.88111978,131.4664795,8.421525467
2025,"July",9,"P7B-40",7,"B",40,1,1,4,1.765455531,6.42,9.951547449,67.61199997,21.99402682,152.1809111,9.748453633
2025,"July",9,"P8A-20",8,"A",20,0,0,1,2.040971953,6.32,33.14628984,38.1602376,11.79909857,113.9289591,7.298104351
2025,"July",9,"P8A-40",8,"A",40,0,0,1,2.008307635,6.43,19.44404027,50.84423883,20.79741734,148.6959323,9.525212336
2025,"July",9,"P8B-20",8,"B",20,0,0,1,1.492779484,6.27,24.18454428,36.36830945,15.52924828,131.0352214,8.39389987
2025,"July",9,"P8B-40",8,"B",40,0,0,1,2.259680866,6.39,11.6235712,63.06546153,21.81152838,150.9096784,9.667020817
2025,"July",9,"P9A-20",9,"A",20,1,1,4,1.063882785,6.29,20.97199434,9.073015057,12.92497817,109.2072073,6.995637669
2025,"July",9,"P9A-40",9,"A",40,1,1,4,1.520473145,6.4,11.16479082,19.48310451,20.47990331,146.1745106,9.363694725
2025,"July",9,"P9B-20",9,"B",20,1,1,4,1.19311987,6.21,14.49171306,40.88436248,12.3766781,106.8104231,6.842104107
2025,"July",9,"P9B-40",9,"B",40,1,1,4,1.843565857,6.25,15.37210111,45.38071066,20.7228821,139.1589873,8.914293283
2025,"July",9,"P10A-20",10,"A",20,1,0,3,1.335138644,6.18,14.86874069,2.281550972,14.77610106,116.8386544,7.484494052
2025,"July",9,"P10A-40",10,"A",40,1,0,3,1.143413299,6.3,15.63798466,12.3348112,23.28375234,149.4041834,9.570581588
2025,"July",9,"P10B-20",10,"B",20,1,0,3,1.971382754,6.22,19.38145151,11.30173417,16.78593886,128.5613738,8.235429765
2025,"July",9,"P10B-40",10,"B",40,1,0,3,1.531124553,6.27,14.30088869,20.54038424,21.28627261,149.4999267,9.576714727
2025,"July",9,"P11A-20",11,"A",20,0,0,1,1.714328772,6.34,40.60359459,54.2101994,10.5320025,115.7997997,7.41794694
2025,"July",9,"P11A-40",11,"A",40,0,0,1,2.125473124,6.36,35.99683073,92.05508792,21.24292888,157.6698815,10.10006692
2025,"July",9,"P11B-20",11,"B",20,0,0,1,1.469346386,6.35,31.54147595,45.17944983,14.75917342,125.52967,8.041224428
2025,"July",9,"P11B-40",11,"B",40,0,0,1,2.375814311,6.33,30.1465145,92.78780869,22.92241422,163.9425444,10.5018821
2025,"July",9,"P12A-20",12,"A",20,0,1,2,1.73675004,6.32,53.90301302,136.2944876,18.56668434,150.7054499,9.653938317
2025,"July",9,"P12A-40",12,"A",40,0,1,2,2.047897951,6.51,57.65428701,154.3974669,22.54946039,166.9945867,10.69739029
2025,"July",9,"P12B-20",12,"B",20,0,1,2,2.097582248,6.45,24.09817043,89.48474659,19.08000624,147.8288096,9.469666059
2025,"July",9,"P12B-40",12,"B",40,0,1,2,2.163413941,6.49,21.76057195,115.1256185,21.73974735,169.4902652,10.85725883
2025,"September",9,"P1A-20",1,"A",20,0,0,1,2.053198032,6.14,142.933055,39.85385565,4.304856519,117.7780056,7.544667152
2025,"September",9,"P1A-40",1,"A",40,0,0,1,2.028432877,6.45,73.91892446,60.98774158,5.324432314,112.4717715,7.20475961
2025,"September",9,"P1B-20",1,"B",20,0,0,1,2.621493171,6.42,154.2739785,41.09818872,3.243228322,113.0713568,7.243167937
2025,"September",9,"P1B-40",1,"B",40,0,0,1,1.998454005,6.42,42.96748334,83.35817859,16.26642857,137.2523216,8.792155804
2025,"September",9,"P2A-20",2,"A",20,1,0,3,2.727070938,6.36,171.8560844,52.19173681,3.420380536,118.3546347,7.581604943
2025,"September",9,"P2A-40",2,"A",40,1,0,3,2.524387695,6.44,79.05789434,57.82932454,5.653724267,124.880347,7.999629998
2025,"September",9,"P2B-20",2,"B",20,1,0,3,2.397303346,6.33,221.0321317,50.11080412,0.673540237,117.7015402,7.539768917
2025,"September",9,"P2B-40",2,"B",40,1,0,3,2.55762514,6.45,71.87431798,44.4169576,10.92619464,140.6252807,9.008221323
2025,"September",9,"P3A-20",3,"A",20,0,1,2,0.626971616,6.17,2.965588289,7.002505944,17.41276669,154.6360677,9.90572642
2025,"September",9,"P3A-40",3,"A",40,0,1,2,0.324089217,6.12,2.622936722,6.343535594,14.73999376,141.0606939,9.036113091
2025,"September",9,"P3B-20",3,"B",20,0,1,2,0.00142193,6.06,0.246846767,7.187560239,20.39173737,156.2546855,10.00941208
2025,"September",9,"P3B-20",3,"B",20,0,1,2,0.00142193,6.06,0.380741747,7.187560239,20.39173737,156.2546855,10.00941208
2025,"September",9,"P3B-40",3,"B",40,0,1,2,0.434094931,6.24,2.511899788,11.34028715,18.40693075,146.621811,9.392347962
2025,"September",9,"P4A-20",4,"A",20,1,1,4,2.211053898,6.44,76.84211361,36.17183205,5.327239551,137.9717828,8.838243158
2025,"September",9,"P4A-40",4,"A",40,1,1,4,0.85505013,6.47,44.92498645,62.2799089,14.46714286,138.073354,8.844749623
2025,"September",9,"P4B-20",4,"B",20,1,1,4,2.560872069,6.34,80.01680568,34.38283107,4.016266376,128.587433,8.237099072
2025,"September",9,"P4B-40",4,"B",40,1,1,4,2.593873783,6.37,35.452398,41.7440939,9.913412352,123.4489111,7.907934867
2025,"September",9,"P5A-20",5,"A",20,1,0,3,3.305977438,6.49,100.1775585,71.6751269,6.565018715,125.291354,8.02595835
2025,"September",9,"P5A-40",5,"A",40,1,0,3,2.763282582,6.49,59.86076288,81.92822007,19.40100437,158.3434781,10.14321627
2025,"September",9,"P5B-20",5,"B",20,1,0,3,3.583191838,6.47,123.8581909,49.73070031,1.595985652,129.4055205,8.28950424
2025,"September",9,"P5B-40",5,"B",40,1,0,3,3.002361668,6.48,34.35625046,62.4598228,19.63406425,156.2758618,10.0107686
2025,"September",9,"P6A-20",6,"A",20,0,1,2,2.697279154,6.48,202.3171658,130.7928349,5.04955708,135.9961326,8.71168666
2025,"September",9,"P6A-40",6,"A",40,0,1,2,2.908490125,6.41,73.9187309,72.47702885,8.456425452,137.8291707,8.829107689
2025,"September",9,"P6B-20",6,"B",20,0,1,2,2.779416754,6.48,230.7613848,115.453533,3.491977542,135.9146911,8.706469671
2025,"September",9,"P6B-40",6,"B",40,0,1,2,2.640076183,6.58,59.56764391,95.58582678,17.0135184,152.9845642,9.79993416
2025,"September",9,"P7A-20",7,"A",20,1,1,4,3.000894925,6.5,75.22734614,34.4118886,8.378746101,135.2954781,8.666804033
2025,"September",9,"P7A-40",7,"A",40,1,1,4,3.137720343,6.52,34.18339866,48.60066968,13.50538989,135.9116389,8.706274153
2025,"September",9,"P7B-20",7,"B",20,1,1,4,2.631900841,6.48,65.16393875,43.76077163,6.553187773,118.3317546,7.580139285
2025,"September",9,"P7B-40",7,"B",40,1,1,4,2.694448414,6.45,24.19253588,40.11180364,15.1035184,140.8283865,9.021231904
2025,"September",9,"P8A-20",8,"A",20,0,0,1,1.285768296,6.45,18.55331586,6.701150164,15.42567686,146.617402,9.392065528
2025,"September",9,"P8A-40",8,"A",40,0,0,1,1.602585349,6.4,19.65207308,6.336610336,10.03769495,117.9455515,7.555399829
2025,"September",9,"P8B-20",8,"B",20,0,0,1,1.492447232,6.42,18.72864087,9.216660598,12.55121335,133.5573089,8.555460126
2025,"September",9,"P8B-40",8,"B",40,0,0,1,1.986029165,6.41,14.83733076,13.75655936,11.26943543,122.5001636,7.847159856
2025,"September",9,"P9A-20",9,"A",20,1,1,4,2.165513505,6.4,80.42847914,19.0137577,9.24095446,123.7682877,7.928393541
2025,"September",9,"P9A-40",9,"A",40,1,1,4,2.393948118,6.35,39.46194911,23.15092063,15.25460075,135.6842764,8.691709733
2025,"September",9,"P9B-20",9,"B",20,1,1,4,2.228740942,6.29,48.42530684,40.60099809,10.40816594,128.0391848,8.201979304
2025,"September",9,"P9B-40",9,"B",40,1,1,4,2.77127315,6.34,39.20672117,45.57497483,10.56762633,125.0817179,8.012529448
2025,"September",9,"P10A-20",10,"A",20,1,0,3,2.457175556,6.25,70.38195096,7.55766883,8.264610106,134.5857715,8.621341539
2025,"September",9,"P10A-40",10,"A",40,1,0,3,2.07781093,6.28,35.67342763,12.91496213,14.40450094,138.0452694,8.842950574
2025,"September",9,"P10B-20",10,"B",20,1,0,3,2.122682015,6.29,52.9970489,15.60710232,11.6110262,145.6407362,9.329502129
2025,"September",9,"P10B-40",10,"B",40,1,0,3,2.714164497,6.36,26.45694436,16.78760879,18.20086712,148.6573766,9.522742528
2025,"September",9,"P11A-20",11,"A",20,0,0,1,3.137720343,6.4,215.7567249,78.49015114,2.379235808,122.9189788,7.873988385
2025,"September",9,"P11A-40",11,"A",40,0,0,1,2.365393792,6.41,65.58659923,68.34193636,12.81685278,141.2822341,9.050304546
2025,"September",9,"P11B-20",11,"B",20,0,0,1,3.021351694,6.35,114.6643581,49.88741102,3.875792265,119.5919351,7.660864119
2025,"September",9,"P11B-40",11,"B",40,0,0,1,3.277502551,6.37,50.44933291,48.14838613,15.33251404,144.7508688,9.272498868
2025,"September",9,"P12A-20",12,"A",20,0,1,2,4.259163043,6.45,142.1030247,139.7213476,6.721693699,150.7032412,9.653796829
2025,"September",9,"P12A-40",12,"A",40,0,1,2,3.092169872,6.48,103.861925,150.7198698,14.88536806,160.0827504,10.25463083
2025,"September",9,"P12B-20",12,"B",20,0,1,2,3.241340077,6.49,62.83633069,95.26904981,11.64199314,139.3101128,8.923974105
2025,"September",9,"P12B-40",12,"B",40,0,1,2,3.434206605,6.54,27.51583217,92.1026366,16.88834373,155.4068406,9.955100708
