"Year","Month","Sample_Date","Community","Chamber","Treatment","Depth","SampleID","H2S","pH","CH4","NH4","SO4","Cl","Salinity"
"2002","January",NA,"SC",1,"E",20,"SC1-20",0.623635797,-99,-99,-99,8.676599611,196.2727059,12.57289244
"2002","January",NA,"SC",1,"E",40,"SC1-40",0.561272217,-99,-99,-99,7.136367954,194.9046089,12.48525468
"2002","January",NA,"SC",1,"E",80,"SC1-80",1.496725912,-99,-99,-99,2.254273892,115.7716931,7.41614648
"2002","January",NA,"SC",2,"A",20,"SC2-20",0.685999376,-99,-99,-99,5.965357074,190.0633178,12.17513052
"2002","January",NA,"SC",2,"A",40,"SC2-40",2.369816027,-99,-99,-99,7.694710563,177.3281724,11.35934067
"2002","January",NA,"SC",2,"A",80,"SC2-80",2.432179607,-99,-99,-99,2.290819866,115.1446437,7.375978857
"2002","January",NA,"SC",4,"A",20,"SC4-20",0,-99,-99,-99,9.521068291,162.985759,10.4405922
"2002","January",NA,"SC",4,"A",40,"SC4-40",0.561272217,-99,-99,-99,9.353821277,194.8864933,12.48409422
"2002","January",NA,"SC",4,"A",80,"SC4-80",0.685999376,-99,-99,-99,4.166098646,126.7632107,8.120242763
"2002","January",NA,"SC",6,"E",20,"SC6-20",0,-99,-99,-99,5.889786671,173.2380604,11.09733566
"2002","January",NA,"SC",6,"E",40,"SC6-40",1.247271593,-99,-99,-99,6.42833454,160.5499325,10.28455766
"2002","January",NA,"SC",6,"E",80,"SC6-80",1.80854381,-99,-99,-99,3.258395773,135.059486,8.651686813
"2002","January",NA,"SC",8,"A",20,"SC8-20",0.748362956,-99,-99,-99,8.917410199,194.4143682,12.45385076
"2002","January",NA,"SC",8,"A",40,"SC8-40",0.873090115,-99,-99,-99,7.873383426,137.993005,8.839602613
"2002","January",NA,"SC",8,"A",80,"SC8-80",1.184908014,-99,-99,-99,4.085155769,175.5821481,11.24749358
"2002","January",NA,"SC",9,"E",20,"SC9-20",0.748362956,-99,-99,-99,5.773656635,194.5880819,12.46497854
"2002","January",NA,"SC",9,"E",40,"SC9-40",1.559089492,-99,-99,-99,6.119559322,164.3397815,10.52732837
"2002","January",NA,"SC",9,"E",80,"SC9-80",1.371998753,-99,-99,-99,2.283708888,128.6751985,8.242721167
"2002","January",NA,"SC",10,"E",20,"SC10-20",0.810726536,-99,-99,-99,7.208153409,205.3506686,13.15440993
"2002","January",NA,"SC",10,"E",40,"SC10-40",2.432179607,-99,-99,-99,4.731706202,166.5630535,10.66974707
"2002","January",NA,"SC",10,"E",80,"SC10-80",-99,-99,-99,-99,3.416714825,128.0942697,8.205507944
"2002","January",NA,"SC",12,"A",20,"SC12-20",0.06236358,-99,-99,-99,11.35856112,201.5171896,12.90884436
"2002","January",NA,"SC",12,"A",40,"SC12-40",1.247271593,-99,-99,-99,5.692769068,166.5357326,10.66799694
"2002","January",NA,"SC",12,"A",80,"SC12-80",1.80854381,-99,-99,-99,4.988652148,153.9432288,9.861344441
"2002","January",NA,"SC",14,"E",20,"SC14-20",-99,-99,-99,-99,9.903897392,199.5598204,12.78345891
"2002","January",NA,"SC",14,"E",40,"SC14-40",0.187090739,-99,-99,-99,11.18017975,213.1589486,13.6545939
"2002","January",NA,"SC",14,"E",80,"SC14-80",0.873090115,-99,-99,-99,6.71421172,151.5024872,9.704995053
"2002","January",NA,"SC",15,"A",20,"SC15-20",0,-99,-99,-99,8.759748879,197.6188177,12.65912187
"2002","January",NA,"SC",15,"A",40,"SC15-40",1.559089492,-99,-99,-99,8.733995687,181.9768568,11.65712679
"2002","January",NA,"SC",15,"A",80,"SC15-80",2.182725288,-99,-99,-99,6.01163748,148.58175,9.517898027
"2002","January",NA,"SP",1,"E",20,"SP1-20",1.091362644,-99,-99,-99,8.001313771,149.9146525,9.603281299
"2002","January",NA,"SP",1,"E",40,"SP1-40",1.621453071,-99,-99,-99,8.714272699,167.1176322,10.70527235
"2002","January",NA,"SP",2,"A",20,"SP2-20",1.434362332,-99,-99,-99,8.147280917,167.8157289,10.74999113
"2002","January",NA,"SP",2,"A",40,"SP2-40",2.993451824,-99,-99,-99,7.274398967,168.2036395,10.77483997
"2002","January",NA,"SP",4,"E",20,"SP4-20",1.309635173,-99,-99,-99,6.604543899,147.7359837,9.463719804
"2002","January",NA,"SP",4,"E",40,"SP4-40",3.055815404,-99,-99,-99,6.388990215,148.7215474,9.526853195
"2002","January",NA,"SP",5,"A",20,"SP5-20",1.434362332,-99,-99,-99,8.871271803,179.1434879,11.47562642
"2002","January",NA,"SP",5,"A",40,"SP5-40",2.369816027,-99,-99,-99,8.952685555,177.07693,11.34324654
"2002","January",NA,"SP",8,"E",20,"SP8-20",1.496725912,-99,-99,-99,8.362564033,181.8048624,11.64610914
"2002","January",NA,"SP",8,"E",40,"SP8-40",2.057998129,-99,-99,-99,9.075585746,185.2346516,11.8658151
"2002","January",NA,"SP",9,"A",20,"SP9-20",2.245088868,-99,-99,-99,5.996536554,163.5299435,10.47545165
"2002","January",NA,"SP",9,"A",40,"SP9-40",2.556906766,-99,-99,-99,2.574979469,143.7902074,9.210960676
"2002","January",NA,"SP",10,"E",20,"SP10-20",1.496725912,-99,-99,-99,7.945100118,182.003755,11.65884984
"2002","January",NA,"SP",10,"E",40,"SP10-40",3.617087621,-99,-99,-99,3.755802513,146.0130948,9.353354726
"2002","January",NA,"SP",11,"A",20,"SP11-20",1.87090739,-99,-99,-99,7.218396088,168.0181681,10.76295901
"2002","January",NA,"SP",11,"A",40,"SP11-40",2.868724665,-99,-99,-99,3.997647533,140.9350866,9.028066915
"2002","January",NA,"SP",13,"A",20,"SP13-20",1.184908014,-99,-99,-99,8.404379337,184.4832837,11.81768386
"2002","January",NA,"SP",13,"A",40,"SP13-40",1.87090739,-99,-99,-99,8.793367947,191.3942542,12.26038784
"2002","January",NA,"SP",14,"E",20,"SP14-20",1.87090739,-99,-99,-99,6.803534698,165.2564254,10.58604689
"2002","January",NA,"SP",14,"E",40,"SP14-40",2.182725288,-99,-99,-99,7.074225746,160.8891616,10.30628805
"2002","January",NA,"MX",1,"E",20,"MX1-20",-99,-99,-99,-99,-99,-99,-99
"2002","January",NA,"MX",1,"E",40,"MX1-40",-99,-99,-99,-99,-99,-99,-99
"2002","January",NA,"MX",2,"A",20,"MX2-20",-99,-99,-99,-99,-99,-99,-99
"2002","January",NA,"MX",2,"A",40,"MX2-40",-99,-99,-99,-99,-99,-99,-99
"2002","January",NA,"MX",4,"E",20,"MX4-20",-99,-99,-99,-99,-99,-99,-99
"2002","January",NA,"MX",4,"E",40,"MX4-40",-99,-99,-99,-99,-99,-99,-99
"2002","January",NA,"MX",6,"A",20,"MX6-20",-99,-99,-99,-99,-99,-99,-99
"2002","January",NA,"MX",6,"A",40,"MX6-40",-99,-99,-99,-99,-99,-99,-99
"2002","January",NA,"MX",8,"E",20,"MX8-20",-99,-99,-99,-99,-99,-99,-99
"2002","January",NA,"MX",8,"E",40,"MX8-40",-99,-99,-99,-99,-99,-99,-99
"2002","January",NA,"MX",9,"A",20,"MX9-20",-99,-99,-99,-99,-99,-99,-99
"2002","January",NA,"MX",9,"A",40,"MX9-40",-99,-99,-99,-99,-99,-99,-99
"2002","January",NA,"MX",11,"E",20,"MX11-20",-99,-99,-99,-99,-99,-99,-99
"2002","January",NA,"MX",11,"E",40,"MX11-40",-99,-99,-99,-99,-99,-99,-99
"2002","January",NA,"MX",12,"A",20,"MX12-20",-99,-99,-99,-99,-99,-99,-99
"2002","January",NA,"MX",12,"A",40,"MX12-40",-99,-99,-99,-99,-99,-99,-99
"2002","January",NA,"MX",13,"E",20,"MX13-20",-99,-99,-99,-99,-99,-99,-99
"2002","January",NA,"MX",13,"E",40,"MX13-40",-99,-99,-99,-99,-99,-99,-99
"2002","January",NA,"MX",15,"A",20,"MX15-20",-99,-99,-99,-99,-99,-99,-99
"2002","January",NA,"MX",15,"A",40,"MX15-40",-99,-99,-99,-99,-99,-99,-99
"2002","February",NA,"SC",1,"E",20,"SC1-20",1.080968714,-99,-99,-99,7.276442505,184.3135592,11.80681162
"2002","February",NA,"SC",1,"E",40,"SC1-40",1.080968714,-99,-99,-99,9.265019455,196.8664817,12.61092861
"2002","February",NA,"SC",1,"E",80,"SC1-80",2.078785989,-99,-99,-99,1.718812025,129.4320605,8.291204349
"2002","February",NA,"SC",2,"A",20,"SC2-20",0.873090115,-99,-99,-99,6.530235532,175.5537043,11.24567153
"2002","February",NA,"SC",2,"A",40,"SC2-40",1.559089492,-99,-99,-99,7.498089849,173.6899452,11.12628256
"2002","February",NA,"SC",2,"A",80,"SC2-80",2.307452448,-99,-99,-99,1.382087426,119.7016599,7.667892885
"2002","February",NA,"SC",4,"A",20,"SC4-20",0.249454319,-99,-99,-99,10.57209165,190.7327772,12.21801485
"2002","February",NA,"SC",4,"A",40,"SC4-40",0.841908326,-99,-99,-99,8.444839399,180.574354,11.56728505
"2002","February",NA,"SC",4,"A",80,"SC4-80",1.278453383,-99,-99,-99,4.526117282,132.8786131,8.511984128
"2002","February",NA,"SC",6,"E",20,"SC6-20",0.582060077,-99,-99,-99,6.968196101,163.9501616,10.50237004
"2002","February",NA,"SC",6,"E",40,"SC6-40",1.091362644,-99,-99,-99,7.472230243,169.5499664,10.86108318
"2002","February",NA,"SC",6,"E",80,"SC6-80",1.95405883,-99,-99,-99,3.025682059,137.1929691,8.78835379
"2002","February",NA,"SC",8,"A",20,"SC8-20",0.685999376,-99,-99,-99,9.998502329,199.1327364,12.7561007
"2002","February",NA,"SC",8,"A",40,"SC8-40",1.122544434,-99,-99,-99,7.041365284,169.1187911,10.83346289
"2002","February",NA,"SC",8,"A",80,"SC8-80",1.93327097,-99,-99,-99,3.818002215,126.3778632,8.09555812
"2002","February",NA,"SC",9,"E",20,"SC9-20",0.748362956,-99,-99,-99,6.615775333,179.4030427,11.49225302
"2002","February",NA,"SC",9,"E",40,"SC9-40",1.039392994,-99,-99,-99,7.769671271,182.0158487,11.65962454
"2002","February",NA,"SC",9,"E",80,"SC9-80",2.536118907,-99,-99,-99,1.955228687,117.1252242,7.502851183
"2002","February",NA,"SC",10,"E",20,"SC10-20",0.88868101,-99,-99,-99,7.752011456,180.8347217,11.58396373
"2002","February",NA,"SC",10,"E",40,"SC10-40",1.496725912,-99,-99,-99,5.852652155,165.9595666,10.63108881
"2002","February",NA,"SC",10,"E",80,"SC10-80",2.089179919,-99,-99,-99,3.110402591,126.9356846,8.131291123
"2002","February",NA,"SC",12,"A",20,"SC12-20",0.582060077,-99,-99,-99,9.280382241,183.0513009,11.72595369
"2002","February",NA,"SC",12,"A",40,"SC12-40",1.371998753,-99,-99,-99,7.200322532,174.0564539,11.14976043
"2002","February",NA,"SC",12,"A",80,"SC12-80",1.995634549,-99,-99,-99,4.188834681,144.0440714,9.227222735
"2002","February",NA,"SC",14,"E",20,"SC14-20",0.327408793,-99,-99,-99,9.661560204,182.7192911,11.70468576
"2002","February",NA,"SC",14,"E",40,"SC14-40",0.457332918,-99,-99,-99,9.415546382,184.3023503,11.8060936
"2002","February",NA,"SC",14,"E",80,"SC14-80",1.184908014,-99,-99,-99,7.027395138,160.3663529,10.27279789
"2002","February",NA,"SC",15,"A",20,"SC15-20",0.270242179,-99,-99,-99,9.829367457,182.4309685,11.68621634
"2002","February",NA,"SC",15,"A",40,"SC15-40",0.55434293,-99,-99,-99,9.787280872,190.4082044,12.19722332
"2002","February",NA,"SC",15,"A",80,"SC15-80",1.288847313,-99,-99,-99,6.228728893,152.3896967,9.761828048
"2002","February",NA,"SP",1,"E",20,"SP1-20",0.291030038,-99,-99,-99,7.495641497,141.9657527,9.094089479
"2002","February",NA,"SP",1,"E",40,"SP1-40",1.060180854,-99,-99,-99,6.695075444,144.8092972,9.276241684
"2002","February",NA,"SP",2,"A",20,"SP2-20",0.665211516,-99,-99,-99,7.184842708,153.1104835,9.80800032
"2002","February",NA,"SP",2,"A",40,"SP2-40",2.099573849,-99,-99,-99,5.726956313,151.8856551,9.729540078
"2002","February",NA,"SP",4,"E",20,"SP4-20",0.685999376,-99,-99,-99,5.544364373,132.3455368,8.477836246
"2002","February",NA,"SP",4,"E",40,"SP4-40",1.93327097,-99,-99,-99,5.880679929,142.7259093,9.142783708
"2002","February",NA,"SP",5,"A",20,"SP5-20",0.685999376,-99,-99,-99,7.568424098,155.942351,9.989404509
"2002","February",NA,"SP",5,"A",40,"SP5-40",1.590271282,-99,-99,-99,8.692464569,165.6111495,10.60876985
"2002","February",NA,"SP",8,"E",20,"SP8-20",0.873090115,-99,-99,-99,5.617869303,139.067661,8.90844309
"2002","February",NA,"SP",8,"E",40,"SP8-40",1.559089492,-99,-99,-99,6.486863887,153.0921945,9.806828757
"2002","February",NA,"SP",9,"A",20,"SP9-20",1.496725912,-99,-99,-99,5.424935413,146.8418683,9.406444424
"2002","February",NA,"SP",9,"A",40,"SP9-40",2.640058206,-99,-99,-99,6.792508253,190.5835017,12.20845254
"2002","February",NA,"SP",10,"E",20,"SP10-20",0.893877975,-99,-99,-99,6.013552952,137.1352102,8.784653867
"2002","February",NA,"SP",10,"E",40,"SP10-40",2.681633926,-99,-99,-99,3.668614936,130.3055698,8.347159738
"2002","February",NA,"SP",11,"A",20,"SP11-20",1.060180854,-99,-99,-99,6.456677403,155.1781494,9.940451174
"2002","February",NA,"SP",11,"A",40,"SP11-40",2.182725288,-99,-99,-99,5.652278633,156.3256433,10.0139575
"2002","February",NA,"SP",13,"A",20,"SP13-20",0.956241555,-99,-99,-99,6.310030481,149.3998207,9.570302126
"2002","February",NA,"SP",13,"A",40,"SP13-40",1.683816651,-99,-99,-99,6.690038058,162.1835425,10.38920369
"2002","February",NA,"SP",14,"E",20,"SP14-20",1.371998753,-99,-99,-99,5.628068207,144.7493215,9.272399749
"2002","February",NA,"SP",14,"E",40,"SP14-40",2.338634238,-99,-99,-99,4.365322883,133.2538744,8.536022675
"2002","February",NA,"MX",1,"E",20,"MX1-20",-99,-99,-99,-99,-99,-99,-99
"2002","February",NA,"MX",1,"E",40,"MX1-40",-99,-99,-99,-99,-99,-99,-99
"2002","February",NA,"MX",2,"A",20,"MX2-20",-99,-99,-99,-99,-99,-99,-99
"2002","February",NA,"MX",2,"A",40,"MX2-40",-99,-99,-99,-99,-99,-99,-99
"2002","February",NA,"MX",4,"E",20,"MX4-20",-99,-99,-99,-99,-99,-99,-99
"2002","February",NA,"MX",4,"E",40,"MX4-40",-99,-99,-99,-99,-99,-99,-99
"2002","February",NA,"MX",6,"A",20,"MX6-20",-99,-99,-99,-99,-99,-99,-99
"2002","February",NA,"MX",6,"A",40,"MX6-40",-99,-99,-99,-99,-99,-99,-99
"2002","February",NA,"MX",8,"E",20,"MX8-20",-99,-99,-99,-99,-99,-99,-99
"2002","February",NA,"MX",8,"E",40,"MX8-40",-99,-99,-99,-99,-99,-99,-99
"2002","February",NA,"MX",9,"A",20,"MX9-20",-99,-99,-99,-99,-99,-99,-99
"2002","February",NA,"MX",9,"A",40,"MX9-40",-99,-99,-99,-99,-99,-99,-99
"2002","February",NA,"MX",11,"E",20,"MX11-20",-99,-99,-99,-99,-99,-99,-99
"2002","February",NA,"MX",11,"E",40,"MX11-40",-99,-99,-99,-99,-99,-99,-99
"2002","February",NA,"MX",12,"A",20,"MX12-20",-99,-99,-99,-99,-99,-99,-99
"2002","February",NA,"MX",12,"A",40,"MX12-40",-99,-99,-99,-99,-99,-99,-99
"2002","February",NA,"MX",13,"E",20,"MX13-20",-99,-99,-99,-99,-99,-99,-99
"2002","February",NA,"MX",13,"E",40,"MX13-40",-99,-99,-99,-99,-99,-99,-99
"2002","February",NA,"MX",15,"A",20,"MX15-20",-99,-99,-99,-99,-99,-99,-99
"2002","February",NA,"MX",15,"A",40,"MX15-40",-99,-99,-99,-99,-99,-99,-99
"2002","March",18,"SC",1,"E",20,"SC1-20",1.143332294,-99,89.82717141,-99,7.063068636,171.0179356,10.95511857
"2002","March",18,"SC",1,"E",40,"SC1-40",1.288847313,-99,131.3212659,-99,8.452752557,188.686065,12.08690625
"2002","March",18,"SC",1,"E",80,"SC1-80",2.743997505,-99,197.2666001,-99,1.667939179,122.2895411,7.833667764
"2002","March",18,"SC",2,"A",20,"SC2-20",1.101756574,-99,117.6969394,-99,7.115894526,164.3732152,10.52947008
"2002","March",18,"SC",2,"A",40,"SC2-40",1.600665212,-99,163.0109105,-99,7.678142486,176.6125067,11.31349645
"2002","March",18,"SC",2,"A",80,"SC2-80",2.785573225,-99,221.6687104,-99,1.639499376,126.2791547,8.089235033
"2002","March",18,"SC",4,"A",20,"SC4-20",0.498908637,-99,12.34485008,-99,8.395646311,164.8895628,10.56254635
"2002","March",18,"SC",4,"A",40,"SC4-40",0.862696185,-99,29.71723782,-99,8.591245278,187.5705943,12.01545127
"2002","March",18,"SC",4,"A",80,"SC4-80",1.579877352,-99,38.25827469,-99,4.668509409,141.3827682,9.056744573
"2002","March",18,"SC",6,"E",20,"SC6-20",0.654817587,-99,20.18055686,-99,6.893477514,155.6795124,9.972567557
"2002","March",18,"SC",6,"E",40,"SC6-40",1.371998753,-99,100.5852284,-99,7.785363095,175.3736155,11.23413537
"2002","March",18,"SC",6,"E",80,"SC6-80",2.411391747,-99,156.9094787,-99,2.966803284,137.1619391,8.78636607
"2002","March",18,"SC",8,"A",20,"SC8-20",0.457332918,-99,29.86415615,-99,10.01762979,186.5693557,11.95131378
"2002","March",18,"SC",8,"A",40,"SC8-40",0.862696185,-99,51.49074067,-99,6.789930628,166.5198363,10.66697865
"2002","March",18,"SC",8,"A",80,"SC8-80",1.371998753,-99,57.09373977,-99,3.886591248,129.2625609,8.280346515
"2002","March",18,"SC",9,"E",20,"SC9-20",0.727575096,-99,45.33646907,-99,5.993054292,162.4211706,10.40442571
"2002","March",18,"SC",9,"E",40,"SC9-40",1.112150504,-99,66.85488451,-99,7.611224264,169.9490178,10.88664568
"2002","March",18,"SC",9,"E",80,"SC9-80",2.536118907,-99,113.8877718,-99,2.100278201,131.3224897,8.412301741
"2002","March",18,"SC",10,"E",20,"SC10-20",0.602847937,-99,29.16887737,-99,7.612490457,181.3531388,11.61717257
"2002","March",18,"SC",10,"E",40,"SC10-40",0.987423345,-99,46.85177568,-99,5.805536974,165.7204694,10.61577269
"2002","March",18,"SC",10,"E",80,"SC10-80",1.371998753,-99,61.0265762,-99,3.0601107,127.556856,8.171082212
"2002","March",18,"SC",12,"A",20,"SC12-20",0.935453695,-99,55.20545411,-99,8.329451434,179.2253434,11.48086993
"2002","March",18,"SC",12,"A",40,"SC12-40",1.777362021,-99,89.69058621,-99,7.098102685,171.1512633,10.9636593
"2002","March",18,"SC",12,"A",80,"SC12-80",2.541315872,-99,81.52966763,-99,4.087420555,157.8559925,10.11198885
"2002","March",18,"SC",14,"E",20,"SC14-20",0.327408793,-99,13.70530064,-99,9.618169711,185.0509696,11.85404877
"2002","March",18,"SC",14,"E",40,"SC14-40",0.342999688,-99,17.14360284,-99,10.28931975,199.1663238,12.75825225
"2002","March",18,"SC",14,"E",80,"SC14-80",0.997817275,-99,44.37149559,-99,7.405915105,172.2604159,11.03470956
"2002","March",18,"SC",15,"A",20,"SC15-20",0.301423968,-99,9.382247631,-99,10.00244362,184.2406898,11.80214375
"2002","March",18,"SC",15,"A",40,"SC15-40",0.498908637,-99,23.07204858,-99,10.35538977,198.7433134,12.73115498
"2002","March",18,"SC",15,"A",80,"SC15-80",1.122544434,-99,52.28742503,-99,6.396664444,158.4169288,10.14792139
"2002","March",18,"SP",1,"E",20,"SP1-20",0.509302567,-99,3.457511853,-99,6.229582636,127.4850199,8.166480529
"2002","March",18,"SP",1,"E",40,"SP1-40",1.512316807,-99,16.42591931,-99,6.640635233,141.0731782,9.036912811
"2002","March",18,"SP",2,"A",20,"SP2-20",0.696393306,-99,40.35448133,-99,5.003286443,122.1276533,7.823297536
"2002","March",18,"SP",2,"A",40,"SP2-40",2.556906766,-99,98.75765087,-99,5.809017986,148.2306348,9.495406239
"2002","March",18,"SP",4,"E",20,"SP4-20",0.873090115,-99,28.56804707,-99,5.057299813,124.1248934,7.951237038
"2002","March",18,"SP",4,"E",40,"SP4-40",2.577694626,-99,139.6951272,-99,6.174547355,148.4533464,9.509672732
"2002","March",18,"SP",5,"A",20,"SP5-20",0.883484045,-99,54.23767823,-99,6.399165616,141.8243625,9.085032288
"2002","March",18,"SP",5,"A",40,"SP5-40",1.683816651,-99,50.29841447,-99,8.465470127,168.8922864,10.81895341
"2002","March",18,"SP",8,"E",20,"SP8-20",1.205695874,-99,54.23767823,-99,4.99264391,136.1435739,8.721131479
"2002","March",18,"SP",8,"E",40,"SP8-40",2.297058518,-99,116.9829646,-99,6.727870895,161.1765843,10.32469981
"2002","March",18,"SP",9,"A",20,"SP9-20",1.787755951,-99,77.48985724,-99,4.834463451,137.2945398,8.794860228
"2002","March",18,"SP",9,"A",40,"SP9-40",3.86654194,-99,126.5723867,-99,4.611507662,149.2931612,9.563469715
"2002","March",18,"SP",10,"E",20,"SP10-20",1.236877663,-99,24.4241371,-99,5.645168838,133.3563463,8.542586837
"2002","March",18,"SP",10,"E",40,"SP10-40",2.536118907,-99,71.30891522,-99,4.109902602,134.8248384,8.636655723
"2002","March",18,"SP",11,"A",20,"SP11-20",0.893877975,-99,26.25678705,-99,5.570315536,137.245377,8.791710946
"2002","March",18,"SP",11,"A",40,"SP11-40",2.182725288,-99,57.78947343,-99,5.882472097,152.2670549,9.753971844
"2002","March",18,"SP",13,"A",20,"SP13-20",0.997817275,-99,110.568808,-99,5.475208579,141.2676775,9.049372078
"2002","March",18,"SP",13,"A",40,"SP13-40",1.351210893,-99,166.4721293,-99,5.515466181,142.1798885,9.107806623
"2002","March",18,"SP",14,"E",20,"SP14-20",1.299241243,-99,48.39149539,-99,5.917336505,148.1605466,9.49091652
"2002","March",18,"SP",14,"E",40,"SP14-40",2.442573537,-99,85.72639853,-99,6.028666474,155.176318,9.940333854
"2002","March",NA,"MX",1,"E",20,"MX1-20",-99,-99,-99,-99,-99,-99,-99
"2002","March",NA,"MX",1,"E",40,"MX1-40",-99,-99,-99,-99,-99,-99,-99
"2002","March",NA,"MX",2,"A",20,"MX2-20",-99,-99,-99,-99,-99,-99,-99
"2002","March",NA,"MX",2,"A",40,"MX2-40",-99,-99,-99,-99,-99,-99,-99
"2002","March",NA,"MX",4,"E",20,"MX4-20",-99,-99,-99,-99,-99,-99,-99
"2002","March",NA,"MX",4,"E",40,"MX4-40",-99,-99,-99,-99,-99,-99,-99
"2002","March",NA,"MX",6,"A",20,"MX6-20",-99,-99,-99,-99,-99,-99,-99
"2002","March",NA,"MX",6,"A",40,"MX6-40",-99,-99,-99,-99,-99,-99,-99
"2002","March",NA,"MX",8,"E",20,"MX8-20",-99,-99,-99,-99,-99,-99,-99
"2002","March",NA,"MX",8,"E",40,"MX8-40",-99,-99,-99,-99,-99,-99,-99
"2002","March",NA,"MX",9,"A",20,"MX9-20",-99,-99,-99,-99,-99,-99,-99
"2002","March",NA,"MX",9,"A",40,"MX9-40",-99,-99,-99,-99,-99,-99,-99
"2002","March",NA,"MX",11,"E",20,"MX11-20",-99,-99,-99,-99,-99,-99,-99
"2002","March",NA,"MX",11,"E",40,"MX11-40",-99,-99,-99,-99,-99,-99,-99
"2002","March",NA,"MX",12,"A",20,"MX12-20",-99,-99,-99,-99,-99,-99,-99
"2002","March",NA,"MX",12,"A",40,"MX12-40",-99,-99,-99,-99,-99,-99,-99
"2002","March",NA,"MX",13,"E",20,"MX13-20",-99,-99,-99,-99,-99,-99,-99
"2002","March",NA,"MX",13,"E",40,"MX13-40",-99,-99,-99,-99,-99,-99,-99
"2002","March",NA,"MX",15,"A",20,"MX15-20",-99,-99,-99,-99,-99,-99,-99
"2002","March",NA,"MX",15,"A",40,"MX15-40",-99,-99,-99,-99,-99,-99,-99
"2002","April",23,"SC",1,"E",20,"SC1-20",1.177424384,-99,104.6749132,5.984534757,5.172818543,142.3061916,9.115897366
"2002","April",23,"SC",1,"E",40,"SC1-40",1.117555348,-99,139.0403066,7.81232534,7.39697539,167.56957,10.73422265
"2002","April",23,"SC",1,"E",80,"SC1-80",2.075459931,-99,175.7428674,88.09398727,1.698017353,119.0606762,7.626832657
"2002","April",23,"SC",2,"A",20,"SC2-20",1.177424384,-99,108.9307921,8.621666217,5.789595167,146.7699885,9.401839941
"2002","April",23,"SC",2,"A",40,"SC2-40",1.347053321,-99,163.664045,11.57251631,6.985321056,161.5871398,10.35099924
"2002","April",23,"SC",2,"A",80,"SC2-80",2.255067041,-99,267.7740563,176.2700334,1.519839529,118.5234854,7.592421208
"2002","April",23,"SC",4,"A",20,"SC4-20",0.478952292,-99,13.64172233,6.09684625,7.04366375,141.8180125,9.084625516
"2002","April",23,"SC",4,"A",40,"SC4-40",0.638603056,-99,26.41367287,8.095015631,8.212975696,170.0311544,10.89190719
"2002","April",23,"SC",4,"A",80,"SC4-80",1.157468039,-99,44.87434022,12.00779953,4.490290254,130.1980595,8.340272828
"2002","April",23,"SC",6,"E",20,"SC6-20",0.878079202,-99,28.67236261,7.982704144,5.723639802,133.8544512,8.574494513
"2002","April",23,"SC",6,"E",40,"SC6-40",1.217337075,-99,102.8683653,9.643994459,6.314999869,147.4025408,9.442360066
"2002","April",23,"SC",6,"E",80,"SC6-80",3.352666043,-99,187.6071842,91.81932674,2.988344714,126.5282969,8.105194622
"2002","April",23,"SC",8,"A",20,"SC8-20",0.718428438,-99,31.03656127,12.04492272,8.608158888,153.4824986,9.831830916
"2002","April",23,"SC",8,"A",40,"SC8-40",1.117555348,-99,42.11155734,11.09229742,7.189094296,158.018684,10.12241056
"2002","April",23,"SC",8,"A",80,"SC8-80",1.835983785,-99,76.50990219,78.76908599,3.737713967,115.7469483,7.414561375
"2002","April",23,"SC",9,"E",20,"SC9-20",1.137511693,-99,44.56795586,7.870448056,5.259716515,149.3968016,9.570108727
"2002","April",23,"SC",9,"E",40,"SC9-40",1.217337075,-99,65.71494767,9.551075677,6.183171116,161.3840251,10.33798808
"2002","April",23,"SC",9,"E",80,"SC9-80",2.554412223,-99,113.4566756,100.4726862,2.043987252,121.7994334,7.802272377
"2002","April",23,"SC",10,"E",20,"SC10-20",1.077642657,-99,52.64611269,5.748331555,6.597002806,156.4821429,10.02398258
"2002","April",23,"SC",10,"E",40,"SC10-40",1.376987839,-99,77.2452063,11.01483739,5.512180892,152.9726654,9.799171945
"2002","April",23,"SC",10,"E",80,"SC10-80",1.636420331,-99,76.61660435,74.66425887,2.924304627,116.7964979,7.481793581
"2002","April",23,"SC",12,"A",20,"SC12-20",1.157468039,-99,49.69516687,67.42119267,7.885418458,158.5617807,10.15720033
"2002","April",23,"SC",12,"A",40,"SC12-40",1.556594949,-99,99.08404116,121.0099535,7.373621917,169.775035,10.87550066
"2002","April",23,"SC",12,"A",80,"SC12-80",2.135328968,-99,103.4313397,208.9149449,3.774891722,132.6593609,8.497939239
"2002","April",23,"SC",14,"E",20,"SC14-20",0.778297474,-99,15.25129576,7.289553295,8.054481461,152.0791926,9.741937729
"2002","April",23,"SC",14,"E",40,"SC14-40",0.638603056,-99,22.56551101,7.095903237,9.275629516,179.2006731,11.4792896
"2002","April",23,"SC",14,"E",80,"SC14-80",1.117555348,-99,43.34287735,29.76692262,6.979691977,155.2903407,9.947637938
"2002","April",23,"SC",15,"A",20,"SC15-20",0.61864671,-99,9.840142268,16.9474551,8.104138973,150.1497555,9.618341563
"2002","April",23,"SC",15,"A",40,"SC15-40",0.738384783,-99,21.62409963,27.8600652,8.601712525,166.8112146,10.68564381
"2002","April",23,"SC",15,"A",80,"SC15-80",1.456813221,-99,47.365067,103.6535892,6.326966009,154.0878433,9.87060818
"2002","April",23,"SP",1,"E",20,"SP1-20",0.518864983,-99,6.625768305,19.19739725,5.0357118,108.6962457,6.962906413
"2002","April",23,"SP",1,"E",40,"SP1-40",1.137511693,-99,19.41290957,17.43930962,6.6678507,141.096616,9.038414194
"2002","April",23,"SP",2,"A",20,"SP2-20",0.997817275,-99,67.40313651,105.0770695,3.61376493,112.8037912,7.22602818
"2002","April",23,"SP",2,"A",40,"SP2-40",1.895852822,-99,130.7789892,328.1900266,5.672237817,142.8715726,9.152114631
"2002","April",23,"SP",4,"E",20,"SP4-20",0.858122856,-99,50.042121,58.95599791,3.636994196,108.2427282,6.933854919
"2002","April",23,"SP",4,"E",40,"SP4-40",1.756158403,-99,137.8357883,255.0004448,5.925304159,139.5775238,8.941103957
"2002","April",23,"SP",5,"A",20,"SP5-20",1.057686311,-99,56.43236436,68.90046855,4.830888026,125.5921435,8.045226365
"2002","April",23,"SP",5,"A",40,"SP5-40",1.396944185,-99,78.4723959,168.6134592,7.479521136,151.9543201,9.73393863
"2002","April",23,"SP",8,"E",20,"SP8-20",1.117555348,-99,76.12471886,114.5429281,3.041096833,102.5751003,6.570797163
"2002","April",23,"SP",8,"E",40,"SP8-40",1.536638603,-99,97.14775258,232.9273857,6.057028578,150.0435984,9.611541332
"2002","April",23,"SP",9,"A",20,"SP9-20",1.736202058,-99,105.4703836,104.6240005,3.687314335,124.033461,7.945380048
"2002","April",23,"SP",9,"A",40,"SP9-40",2.734019333,-99,154.1923349,328.5462984,4.025641596,138.1813459,8.85166738
"2002","April",23,"SP",10,"E",20,"SP10-20",1.376987839,-99,29.89041942,90.97352759,4.485452376,123.7799857,7.929142891
"2002","April",23,"SP",10,"E",40,"SP10-40",2.354848768,-99,48.64769583,254.4427659,4.473617896,135.6907094,8.692121816
"2002","April",23,"SP",11,"A",20,"SP11-20",0.977860929,-99,22.16871665,67.69230275,4.652359779,121.2627934,7.767896208
"2002","April",23,"SP",11,"A",40,"SP11-40",1.935765513,-99,55.88967486,265.394106,5.971742817,147.7230877,9.462893713
"2002","April",23,"SP",13,"A",20,"SP13-20",1.496725912,-99,165.1979402,91.40725937,3.603808466,117.9410311,7.555110261
"2002","April",23,"SP",13,"A",40,"SP13-40",1.317118803,-99,167.1518518,169.0936227,4.506893055,126.8640558,8.126702717
"2002","April",23,"SP",14,"E",20,"SP14-20",1.337075148,-99,49.51113432,116.38856,4.191922994,124.892415,8.000403053
"2002","April",23,"SP",14,"E",40,"SP14-40",2.145307141,-99,91.6057111,253.3275188,4.930902298,133.320978,8.540321204
"2002","April",NA,"MX",1,"E",20,"MX1-20",-99,-99,-99,-99,-99,-99,-99
"2002","April",NA,"MX",1,"E",40,"MX1-40",-99,-99,-99,-99,-99,-99,-99
"2002","April",NA,"MX",2,"A",20,"MX2-20",-99,-99,-99,-99,-99,-99,-99
"2002","April",NA,"MX",2,"A",40,"MX2-40",-99,-99,-99,-99,-99,-99,-99
"2002","April",NA,"MX",4,"E",20,"MX4-20",-99,-99,-99,-99,-99,-99,-99
"2002","April",NA,"MX",4,"E",40,"MX4-40",-99,-99,-99,-99,-99,-99,-99
"2002","April",NA,"MX",6,"A",20,"MX6-20",-99,-99,-99,-99,-99,-99,-99
"2002","April",NA,"MX",6,"A",40,"MX6-40",-99,-99,-99,-99,-99,-99,-99
"2002","April",NA,"MX",8,"E",20,"MX8-20",-99,-99,-99,-99,-99,-99,-99
"2002","April",NA,"MX",8,"E",40,"MX8-40",-99,-99,-99,-99,-99,-99,-99
"2002","April",NA,"MX",9,"A",20,"MX9-20",-99,-99,-99,-99,-99,-99,-99
"2002","April",NA,"MX",9,"A",40,"MX9-40",-99,-99,-99,-99,-99,-99,-99
"2002","April",NA,"MX",11,"E",20,"MX11-20",-99,-99,-99,-99,-99,-99,-99
"2002","April",NA,"MX",11,"E",40,"MX11-40",-99,-99,-99,-99,-99,-99,-99
"2002","April",NA,"MX",12,"A",20,"MX12-20",-99,-99,-99,-99,-99,-99,-99
"2002","April",NA,"MX",12,"A",40,"MX12-40",-99,-99,-99,-99,-99,-99,-99
"2002","April",NA,"MX",13,"E",20,"MX13-20",-99,-99,-99,-99,-99,-99,-99
"2002","April",NA,"MX",13,"E",40,"MX13-40",-99,-99,-99,-99,-99,-99,-99
"2002","April",NA,"MX",15,"A",20,"MX15-20",-99,-99,-99,-99,-99,-99,-99
"2002","April",NA,"MX",15,"A",40,"MX15-40",-99,-99,-99,-99,-99,-99,-99
"2002","May",29,"SC",1,"E",20,"SC1-20",1.47178048,-99,97.68668085,6.46165082,4.924667295,149.2125735,9.558307418
"2002","May",29,"SC",1,"E",40,"SC1-40",1.496725912,-99,114.2716461,7.540605771,7.515558768,169.6373277,10.86667938
"2002","May",29,"SC",1,"E",80,"SC1-80",2.706579358,-99,195.4898355,98.13442414,1.783095357,124.816592,7.995545971
"2002","May",29,"SC",2,"A",20,"SC2-20",1.696289367,-99,108.3484007,10.10360167,5.353667174,150.3440134,9.630785365
"2002","May",29,"SC",2,"A",40,"SC2-40",1.696289367,-99,146.9735891,15.32860711,6.881096456,164.2485077,10.52148155
"2002","May",29,"SC",2,"A",80,"SC2-80",2.743997505,-99,218.5648578,147.4819994,1.717487907,124.5785087,7.980294799
"2002","May",29,"SC",4,"A",20,"SC4-20",0.598690365,-99,17.87675188,4.86917692,7.622827807,157.3075185,10.07685462
"2002","May",29,"SC",4,"A",40,"SC4-40",0.997817275,-99,25.72754334,4.98226412,8.103522918,174.0457877,11.14907717
"2002","May",29,"SC",4,"A",80,"SC4-80",1.47178048,-99,49.07193889,13.87504042,5.172001215,146.0217938,9.353911971
"2002","May",29,"SC",6,"E",20,"SC6-20",0.960399127,-99,33.45419494,7.2437865,6.778167473,146.5193815,9.385786517
"2002","May",29,"SC",6,"E",40,"SC6-40",1.47178048,-99,101.433256,13.07179439,7.788373855,170.6146067,10.92928207
"2002","May",29,"SC",6,"E",80,"SC6-80",2.494543187,-99,196.8375648,73.82339098,3.089461923,137.5083519,8.808556631
"2002","May",29,"SC",8,"A",20,"SC8-20",0.960399127,-99,37.05289074,9.938708234,7.847937952,155.4650815,9.958831509
"2002","May",29,"SC",8,"A",40,"SC8-40",1.396944185,-99,38.21875464,9.260240435,6.99104053,161.3757388,10.33745728
"2002","May",29,"SC",8,"A",80,"SC8-80",1.920798254,-99,71.56546491,85.0271688,3.866803934,129.2487517,8.279461927
"2002","May",29,"SC",9,"E",20,"SC9-20",1.347053321,-99,43.50201823,50.29443812,5.693766007,164.3744328,10.52954807
"2002","May",29,"SC",9,"E",40,"SC9-40",1.047708138,-99,67.01282501,8.355653652,7.027282812,180.7836455,11.58069188
"2002","May",29,"SC",9,"E",80,"SC9-80",3.529778609,-99,112.7866123,159.8636903,2.141924274,128.508937,8.232070763
"2002","May",29,"SC",10,"E",20,"SC10-20",1.459307764,-99,60.78711177,13.5099588,6.709238298,165.0669662,10.57391048
"2002","May",29,"SC",10,"E",40,"SC10-40",1.796071094,-99,70.86683797,7.955166496,5.827507315,159.9058155,10.24329671
"2002","May",29,"SC",10,"E",80,"SC10-80",1.796071094,-99,75.33441906,67.8021763,3.080307464,125.9989316,8.071284458
"2002","May",29,"SC",12,"A",20,"SC12-20",1.209853446,-99,52.88241375,80.31346597,7.929128419,163.957896,10.5028655
"2002","May",29,"SC",12,"A",40,"SC12-40",1.920798254,-99,85.43028439,116.5632606,7.453177908,180.891404,11.58759469
"2002","May",29,"SC",12,"A",80,"SC12-80",2.569379482,-99,117.484692,143.0532586,4.239734813,145.9574901,9.349792796
"2002","May",29,"SC",14,"E",20,"SC14-20",0.573744933,-99,8.200879052,16.0306232,7.961121029,156.4757546,10.02357336
"2002","May",29,"SC",14,"E",40,"SC14-40",0.648581229,-99,19.11575791,9.853878983,8.733773261,173.253606,11.09833148
"2002","May",29,"SC",14,"E",80,"SC14-80",1.434362332,-99,43.42268318,39.88215992,7.60442838,166.5239907,10.66724478
"2002","May",29,"SC",15,"A",20,"SC15-20",0.698472092,-99,10.89479878,15.5547261,9.081498566,164.5407785,10.54020387
"2002","May",29,"SC",15,"A",40,"SC15-40",0.79825382,-99,20.80004419,30.86222286,9.603334843,180.76759,11.57966339
"2002","May",29,"SC",15,"A",80,"SC15-80",1.696289367,-99,42.33263562,94.14855739,7.19999778,163.8186706,10.49394698
"2002","May",29,"SP",1,"E",20,"SP1-20",0.710944808,-99,7.309971042,31.77622896,5.433275701,113.3079895,7.258326185
"2002","May",29,"SP",1,"E",40,"SP1-40",1.292173371,-99,21.50221074,19.5004776,6.242446789,140.71485,9.013958972
"2002","May",29,"SP",2,"A",20,"SP2-20",1.085126286,-99,51.64403773,131.9838445,4.680278869,107.1193066,6.861890612
"2002","May",29,"SP",2,"A",40,"SP2-40",3.030869972,-99,147.219201,349.3152255,5.138247921,144.7815973,9.274467278
"2002","May",29,"SP",4,"E",20,"SP4-20",1.47178048,-99,52.45393035,78.58906628,5.30338909,108.185159,6.930167144
"2002","May",29,"SP",4,"E",40,"SP4-40",2.569379482,-99,147.6129092,234.4834567,5.35102932,138.9644288,8.901830223
"2002","May",29,"SP",5,"A",20,"SP5-20",1.521671344,-99,36.78044705,91.02256345,6.820669405,136.8185151,8.764366965
"2002","May",29,"SP",5,"A",40,"SP5-40",2.082943561,-99,73.54009653,183.7789459,7.119241063,152.4810513,9.767680056
"2002","May",29,"SP",8,"E",20,"SP8-20",1.721234799,-99,62.53837117,151.9650397,3.933284694,116.700905,7.475670076
"2002","May",29,"SP",8,"E",40,"SP8-40",2.519488619,-99,132.4626292,243.7743931,5.225558685,145.4720731,9.31869788
"2002","May",29,"SP",9,"A",20,"SP9-20",2.706579358,-99,75.74351926,136.9590719,5.221297793,133.6509706,8.561459921
"2002","May",29,"SP",9,"A",40,"SP9-40",3.592142189,-99,152.3854374,324.0241956,3.719954192,147.8394482,9.470347549
"2002","May",29,"SP",10,"E",20,"SP10-20",2.743997505,-99,29.66236385,135.5503855,5.057833084,132.3595094,8.478731306
"2002","May",29,"SP",10,"E",40,"SP10-40",3.629560337,-99,71.25320374,301.6354232,4.44616635,147.2498626,9.432579786
"2002","May",29,"SP",11,"A",20,"SP11-20",1.371998753,-99,19.87585048,74.83408359,5.615797396,139.7522406,8.952295993
"2002","May",29,"SP",11,"A",40,"SP11-40",2.282507016,-99,56.66315233,119.7222221,5.673370694,150.668432,9.651567015
"2002","May",29,"SP",13,"A",20,"SP13-20",2.008107265,-99,123.2450644,133.5009085,4.968133046,133.7654901,8.56879583
"2002","May",29,"SP",13,"A",40,"SP13-40",2.444652323,-99,240.4605604,132.6975516,4.910750046,149.1636014,9.555170354
"2002","May",29,"SP",14,"E",20,"SP14-20",2.357343312,-99,57.48624161,153.9320699,5.565194254,138.0756738,8.844898221
"2002","May",29,"SP",14,"E",40,"SP14-40",3.317742438,-99,112.9220578,158.836597,4.558682651,143.670034,9.203262587
"2002","May",NA,"MX",1,"E",20,"MX1-20",-99,-99,-99,-99,-99,-99,-99
"2002","May",NA,"MX",1,"E",40,"MX1-40",-99,-99,-99,-99,-99,-99,-99
"2002","May",NA,"MX",2,"A",20,"MX2-20",-99,-99,-99,-99,-99,-99,-99
"2002","May",NA,"MX",2,"A",40,"MX2-40",-99,-99,-99,-99,-99,-99,-99
"2002","May",NA,"MX",4,"E",20,"MX4-20",-99,-99,-99,-99,-99,-99,-99
"2002","May",NA,"MX",4,"E",40,"MX4-40",-99,-99,-99,-99,-99,-99,-99
"2002","May",NA,"MX",6,"A",20,"MX6-20",-99,-99,-99,-99,-99,-99,-99
"2002","May",NA,"MX",6,"A",40,"MX6-40",-99,-99,-99,-99,-99,-99,-99
"2002","May",NA,"MX",8,"E",20,"MX8-20",-99,-99,-99,-99,-99,-99,-99
"2002","May",NA,"MX",8,"E",40,"MX8-40",-99,-99,-99,-99,-99,-99,-99
"2002","May",NA,"MX",9,"A",20,"MX9-20",-99,-99,-99,-99,-99,-99,-99
"2002","May",NA,"MX",9,"A",40,"MX9-40",-99,-99,-99,-99,-99,-99,-99
"2002","May",NA,"MX",11,"E",20,"MX11-20",-99,-99,-99,-99,-99,-99,-99
"2002","May",NA,"MX",11,"E",40,"MX11-40",-99,-99,-99,-99,-99,-99,-99
"2002","May",NA,"MX",12,"A",20,"MX12-20",-99,-99,-99,-99,-99,-99,-99
"2002","May",NA,"MX",12,"A",40,"MX12-40",-99,-99,-99,-99,-99,-99,-99
"2002","May",NA,"MX",13,"E",20,"MX13-20",-99,-99,-99,-99,-99,-99,-99
"2002","May",NA,"MX",13,"E",40,"MX13-40",-99,-99,-99,-99,-99,-99,-99
"2002","May",NA,"MX",15,"A",20,"MX15-20",-99,-99,-99,-99,-99,-99,-99
"2002","May",NA,"MX",15,"A",40,"MX15-40",-99,-99,-99,-99,-99,-99,-99
"2002","June",25,"SC",1,"E",20,"SC1-20",1.347053321,-99,97.03650392,20.82921065,4.865885938,0,-99
"2002","June",25,"SC",1,"E",40,"SC1-40",1.322107889,-99,113.511084,9.824568289,7.484865734,0,-99
"2002","June",25,"SC",1,"E",80,"SC1-80",1.297162457,-99,194.1887064,111.3978739,1.938896244,0,-99
"2002","June",25,"SC",2,"A",20,"SC2-20",1.396944185,-99,107.6272621,16.31104178,5.246909878,0,-99
"2002","June",25,"SC",2,"A",40,"SC2-40",1.821016526,-99,145.9953714,13.88518003,7.179553067,0,-99
"2002","June",25,"SC",2,"A",80,"SC2-80",1.646398503,-99,217.1101475,179.1815994,1.724906634,0,-99
"2002","June",25,"SC",4,"A",20,"SC4-20",1.047708138,-99,17.7577689,7.841802251,7.510779047,0,-99
"2002","June",25,"SC",4,"A",40,"SC4-40",1.07265357,-99,25.55630756,9.58925161,8.248085853,0,-99
"2002","June",25,"SC",4,"A",80,"SC4-80",0.561272217,-99,48.74532894,18.41936175,5.654138762,0,-99
"2002","June",25,"SC",6,"E",20,"SC6-20",1.484253196,-99,33.23153259,9.378923818,7.085382226,0,-99
"2002","June",25,"SC",6,"E",40,"SC6-40",2.2700343,-99,100.7581429,13.69490985,8.299970199,0,-99
"2002","June",25,"SC",6,"E",80,"SC6-80",1.571562208,-99,195.5274656,84.05005324,3.348917292,0,-99
"2002","June",25,"SC",8,"A",20,"SC8-20",1.322107889,-99,36.80627642,9.847063826,7.665046828,0,-99
"2002","June",25,"SC",8,"A",40,"SC8-40",0.648581229,-99,37.96438064,11.9625314,7.662699192,0,-99
"2002","June",25,"SC",8,"A",80,"SC8-80",1.783598379,-99,71.08914394,90.60916632,4.221713542,0,-99
"2002","June",25,"SC",9,"E",20,"SC9-20",1.371998753,-99,43.2124802,6.973119683,6.08675001,0,-99
"2002","June",25,"SC",9,"E",40,"SC9-40",1.571562208,-99,66.56680522,9.056007505,6.557179345,0,-99
"2002","June",25,"SC",9,"E",80,"SC9-80",1.658871219,-99,112.0359342,172.4723314,2.227969391,0,-99
"2002","June",25,"SC",10,"E",20,"SC10-20",1.284689741,-99,60.38252869,10.51051613,5.97634858,0,-99
"2002","June",25,"SC",10,"E",40,"SC10-40",1.521671344,-99,70.39516688,48.75088926,4.634559543,0,-99
"2002","June",25,"SC",10,"E",80,"SC10-80",2.968506392,-99,74.83301293,205.0874335,4.443236107,0,-99
"2002","June",25,"SC",12,"A",20,"SC12-20",0.773308388,-99,52.53044228,104.2480035,8.084783804,0,-99
"2002","June",25,"SC",12,"A",40,"SC12-40",1.658871219,-99,84.86168283,118.3374719,7.640133813,0,-99
"2002","June",25,"SC",12,"A",80,"SC12-80",2.107888993,-99,116.7027447,155.4387727,4.522766118,0,-99
"2002","June",25,"SC",14,"E",20,"SC14-20",0.922980979,-99,8.146296152,8.46015265,8.5333865,0,-99
"2002","June",25,"SC",14,"E",40,"SC14-40",0.947926411,-99,18.98852843,10.51300948,9.423651055,0,-99
"2002","June",25,"SC",14,"E",80,"SC14-80",1.222326162,-99,43.13367319,40.06927187,8.443109673,0,-99
"2002","June",25,"SC",15,"A",20,"SC15-20",0.623635797,-99,10.82228586,17.33242808,9.486396741,0,-99
"2002","June",25,"SC",15,"A",40,"SC15-40",0.511381353,-99,20.66160455,38.52921369,10.04257732,0,-99
"2002","June",25,"SC",15,"A",80,"SC15-80",1.022762707,-99,42.0508807,101.6644513,7.467814749,0,-99
"2002","June",25,"SP",1,"E",20,"SP1-20",0.723417524,-99,6.267932827,35.79644847,5.915006372,0,-99
"2002","June",25,"SP",1,"E",40,"SP1-40",0.935453695,-99,21.48952091,20.60237135,6.413987608,0,-99
"2002","June",25,"SP",2,"A",20,"SP2-20",1.19738073,-99,44.28216713,244.2053545,5.246741461,0,-99
"2002","June",25,"SP",2,"A",40,"SP2-40",1.421889616,-99,147.1323175,355.499228,4.670611072,0,-99
"2002","June",25,"SP",4,"E",20,"SP4-20",1.396944185,-99,44.97660936,111.0674221,5.931404102,0,-99
"2002","June",25,"SP",4,"E",40,"SP4-40",1.995634549,-99,147.5257933,260.7081624,5.376047743,0,-99
"2002","June",25,"SP",5,"A",20,"SP5-20",0.972871843,-99,31.53738505,97.57685603,7.301841958,0,-99
"2002","June",25,"SP",5,"A",40,"SP5-40",2.020579981,-99,73.49669581,271.1426037,7.199862245,0,-99
"2002","June",25,"SP",8,"E",20,"SP8-20",1.060180854,-99,53.6235106,161.8576487,5.053314237,0,-99
"2002","June",25,"SP",8,"E",40,"SP8-40",1.571562208,-99,132.3844545,277.8919315,4.921049014,0,-99
"2002","June",25,"SP",9,"A",20,"SP9-20",0.835671968,-99,75.69881817,162.5285811,6.970506053,0,-99
"2002","June",25,"SP",9,"A",40,"SP9-40",1.721234799,-99,152.295505,348.729898,3.719527424,0,-99
"2002","June",25,"SP",10,"E",20,"SP10-20",1.322107889,-99,29.64485819,150.6421245,7.296207631,0,-99
"2002","June",25,"SP",10,"E",40,"SP10-40",1.59650764,-99,71.21115267,326.21873,4.338236792,0,-99
"2002","June",25,"SP",11,"A",20,"SP11-20",0.985344559,-99,19.86412047,97.16628467,7.651207257,0,-99
"2002","June",25,"SP",11,"A",40,"SP11-40",1.945743686,-99,56.62971178,264.1529726,6.209875884,0,-99
"2002","June",25,"SP",13,"A",20,"SP13-20",1.234798877,-99,123.1723296,159.2240079,6.144750426,0,-99
"2002","June",25,"SP",13,"A",40,"SP13-40",1.521671344,-99,240.3186492,283.4796915,5.073586689,0,-99
"2002","June",25,"SP",14,"E",20,"SP14-20",1.59650764,-99,57.4523153,216.1065374,6.183514734,0,-99
"2002","June",25,"SP",14,"E",40,"SP14-40",2.73152479,-99,112.8554153,380.8743114,4.063104181,0,-99
"2002","June",NA,"MX",1,"E",20,"MX1-20",-99,-99,-99,-99,-99,-99,-99
"2002","June",NA,"MX",1,"E",40,"MX1-40",-99,-99,-99,-99,-99,-99,-99
"2002","June",NA,"MX",2,"A",20,"MX2-20",-99,-99,-99,-99,-99,-99,-99
"2002","June",NA,"MX",2,"A",40,"MX2-40",-99,-99,-99,-99,-99,-99,-99
"2002","June",NA,"MX",4,"E",20,"MX4-20",-99,-99,-99,-99,-99,-99,-99
"2002","June",NA,"MX",4,"E",40,"MX4-40",-99,-99,-99,-99,-99,-99,-99
"2002","June",NA,"MX",6,"A",20,"MX6-20",-99,-99,-99,-99,-99,-99,-99
"2002","June",NA,"MX",6,"A",40,"MX6-40",-99,-99,-99,-99,-99,-99,-99
"2002","June",NA,"MX",8,"E",20,"MX8-20",-99,-99,-99,-99,-99,-99,-99
"2002","June",NA,"MX",8,"E",40,"MX8-40",-99,-99,-99,-99,-99,-99,-99
"2002","June",NA,"MX",9,"A",20,"MX9-20",-99,-99,-99,-99,-99,-99,-99
"2002","June",NA,"MX",9,"A",40,"MX9-40",-99,-99,-99,-99,-99,-99,-99
"2002","June",NA,"MX",11,"E",20,"MX11-20",-99,-99,-99,-99,-99,-99,-99
"2002","June",NA,"MX",11,"E",40,"MX11-40",-99,-99,-99,-99,-99,-99,-99
"2002","June",NA,"MX",12,"A",20,"MX12-20",-99,-99,-99,-99,-99,-99,-99
"2002","June",NA,"MX",12,"A",40,"MX12-40",-99,-99,-99,-99,-99,-99,-99
"2002","June",NA,"MX",13,"E",20,"MX13-20",-99,-99,-99,-99,-99,-99,-99
"2002","June",NA,"MX",13,"E",40,"MX13-40",-99,-99,-99,-99,-99,-99,-99
"2002","June",NA,"MX",15,"A",20,"MX15-20",-99,-99,-99,-99,-99,-99,-99
"2002","June",NA,"MX",15,"A",40,"MX15-40",-99,-99,-99,-99,-99,-99,-99
"2002","July",22,"SC",1,"E",20,"SC1-20",0.374181478,-99,77.33399135,7.7283272,8.178715931,192.7918477,12.3499151
"2002","July",22,"SC",1,"E",40,"SC1-40",0.424072342,-99,70.73154604,8.415826457,7.868235335,170.1596897,10.90014093
"2002","July",22,"SC",1,"E",80,"SC1-80",0.698472092,-99,163.7607795,95.33212216,1.783215039,122.1482087,7.824614278
"2002","July",22,"SC",2,"A",20,"SC2-20",0.985344559,-99,90.14685272,13.74577416,8.155894535,184.3383921,11.80840237
"2002","July",22,"SC",2,"A",40,"SC2-40",0.698472092,-99,108.4014738,26.07022893,10.60008494,190.4171227,12.19779461
"2002","July",22,"SC",2,"A",80,"SC2-80",1.509198628,-99,176.3049095,149.7853546,1.782590466,124.4446262,7.971718534
"2002","July",22,"SC",4,"A",20,"SC4-20",0.39912691,-99,21.59813916,8.247830182,10.78064307,204.6121016,13.10709869
"2002","July",22,"SC",4,"A",40,"SC4-40",0.424072342,-99,19.43054756,9.448017276,9.627978185,194.2834415,12.44546384
"2002","July",22,"SC",4,"A",80,"SC4-80",0.598690365,-99,39.78724056,15.89836491,5.481261976,148.5964739,9.518841215
"2002","July",22,"SC",6,"E",20,"SC6-20",0.511381353,-99,30.47998284,7.416603246,10.83585106,207.824598,13.31288527
"2002","July",22,"SC",6,"E",40,"SC6-40",0.698472092,-99,69.46675473,12.55417527,10.51771407,192.8784485,12.35546259
"2002","July",22,"SC",6,"E",80,"SC6-80",0.573744933,-99,115.3328479,75.4803595,2.975007865,136.4241749,8.739106259
"2002","July",22,"SC",8,"A",20,"SC8-20",0.935453695,-99,48.5467137,11.3670644,7.864201578,181.3826234,11.6190613
"2002","July",22,"SC",8,"A",40,"SC8-40",1.047708138,-99,28.78159257,9.664661544,6.892330997,164.1855289,10.51744724
"2002","July",22,"SC",8,"A",80,"SC8-80",0.748362956,-99,60.56874281,57.85687454,4.328198468,127.753653,8.183688669
"2002","July",22,"SC",9,"E",20,"SC9-20",0.835671968,-99,46.89295742,8.718685169,8.098468154,193.748378,12.41118866
"2002","July",22,"SC",9,"E",40,"SC9-40",1.085126286,-99,48.78665673,6.799804267,7.505647043,173.597969,11.12039074
"2002","July",22,"SC",9,"E",80,"SC9-80",0.823199252,-99,95.68126727,159.4946193,2.122155616,125.5980254,8.04560315
"2002","July",22,"SC",10,"E",20,"SC10-20",0.498908637,-99,33.63520756,13.04054442,10.54839212,204.1344429,13.07650076
"2002","July",22,"SC",10,"E",40,"SC10-40",0.374181478,-99,52.10017692,8.780575623,6.153233702,157.6335402,10.09773896
"2002","July",22,"SC",10,"E",80,"SC10-80",0.685999376,-99,55.19379301,61.34091333,3.24128333,126.4937094,8.102979014
"2002","July",22,"SC",12,"A",20,"SC12-20",0.773308388,-99,34.06622605,88.36448785,10.20130946,197.6386742,12.66039384
"2002","July",22,"SC",12,"A",40,"SC12-40",0.548799501,-99,68.56036597,114.3350383,7.808325043,174.21622,11.15999476
"2002","July",22,"SC",12,"A",80,"SC12-80",1.646398503,-99,96.79659314,149.732274,4.232362993,146.6329478,9.393061366
"2002","July",22,"SC",14,"E",20,"SC14-20",0.473963205,-99,11.03617007,11.4908453,10.81638955,206.1841467,13.207801
"2002","July",22,"SC",14,"E",40,"SC14-40",0.523854069,-99,14.40847651,14.96164164,11.38823588,205.7852186,13.1822464
"2002","July",22,"SC",14,"E",80,"SC14-80",0.873090115,-99,41.37854149,36.82897173,8.029476909,170.5902962,10.92772478
"2002","July",22,"SC",15,"A",20,"SC15-20",0.374181478,-99,10.90553397,14.36251773,12.388149,219.1552891,14.03870839
"2002","July",22,"SC",15,"A",40,"SC15-40",0.199563455,-99,13.06191667,37.50821523,12.01172629,207.8584767,13.31505548
"2002","July",22,"SC",15,"A",80,"SC15-80",1.122544434,-99,43.33167216,91.7066274,7.315204466,162.2928914,10.39620838
"2002","July",29,"SP",1,"E",20,"SP1-20",0.249454319,-99,3.512382733,17.29148176,11.76915602,173.8114245,11.13406431
"2002","July",29,"SP",1,"E",40,"SP1-40",1.010289991,-99,8.875795857,18.80355903,8.749840187,150.4966996,9.640566156
"2002","July",29,"SP",2,"A",20,"SP2-20",0.274399751,-99,13.80142314,20.83259052,12.16599376,188.6133992,12.08225142
"2002","July",29,"SP",2,"A",40,"SP2-40",1.07265357,-99,89.50697222,313.2591363,7.430169047,153.1673061,9.811640267
"2002","July",29,"SP",4,"E",20,"SP4-20",0.324290614,-99,10.33975902,22.01754048,9.733701863,164.1716502,10.5165582
"2002","July",29,"SP",4,"E",40,"SP4-40",0.498908637,-99,95.50846198,208.102058,9.30305329,153.0228491,9.80238662
"2002","July",29,"SP",5,"A",20,"SP5-20",0.274399751,-99,1.688301571,12.02564082,11.30081531,209.4607616,13.41769489
"2002","July",29,"SP",5,"A",40,"SP5-40",0.548799501,-99,31.20279413,122.5756654,14.6036715,210.9446262,13.51274851
"2002","July",29,"SP",8,"E",20,"SP8-20",0.39912691,-99,8.540599926,19.76261163,10.17443733,156.6788717,10.03658466
"2002","July",29,"SP",8,"E",40,"SP8-40",0.79825382,-99,70.45975065,223.116891,8.592277269,152.3803103,9.761226774
"2002","July",29,"SP",9,"A",20,"SP9-20",0.623635797,-99,6.759208249,27.65029149,11.08677875,203.6328068,13.04436688
"2002","July",29,"SP",9,"A",40,"SP9-40",0.548799501,-99,71.29613068,254.8974972,10.41467332,176.3027645,11.29365493
"2002","July",29,"SP",10,"E",20,"SP10-20",0.349236046,-99,2.225855201,18.78111889,12.61013943,205.8215515,13.18457382
"2002","July",29,"SP",10,"E",40,"SP10-40",0.723417524,-99,43.78760669,271.4510033,9.077728959,171.9815797,11.01684783
"2002","July",29,"SP",11,"A",20,"SP11-20",0.299345182,-99,2.048419575,16.53987575,12.67085276,198.9735684,12.74590469
"2002","July",29,"SP",11,"A",40,"SP11-40",0.698472092,-99,22.37115844,192.2913481,10.48189261,175.0185331,11.21138945
"2002","July",29,"SP",13,"A",20,"SP13-20",0.473963205,-99,18.51555066,25.03288518,9.990845141,193.5957969,12.4014146
"2002","July",29,"SP",13,"A",40,"SP13-40",0.473963205,-99,77.04800222,136.5824654,9.004370309,181.1761354,11.60583406
"2002","July",29,"SP",14,"E",20,"SP14-20",0.473963205,-99,10.0021782,34.36188664,10.30720393,181.1024542,11.60111417
"2002","July",29,"SP",14,"E",40,"SP14-40",0.436545058,-99,58.30525128,230.527067,10.15208047,168.6712553,10.80479457
"2002","July",NA,"MX",1,"E",20,"MX1-20",-99,-99,-99,-99,-99,-99,-99
"2002","July",NA,"MX",1,"E",40,"MX1-40",-99,-99,-99,-99,-99,-99,-99
"2002","July",NA,"MX",2,"A",20,"MX2-20",-99,-99,-99,-99,-99,-99,-99
"2002","July",NA,"MX",2,"A",40,"MX2-40",-99,-99,-99,-99,-99,-99,-99
"2002","July",NA,"MX",4,"E",20,"MX4-20",-99,-99,-99,-99,-99,-99,-99
"2002","July",NA,"MX",4,"E",40,"MX4-40",-99,-99,-99,-99,-99,-99,-99
"2002","July",NA,"MX",6,"A",20,"MX6-20",-99,-99,-99,-99,-99,-99,-99
"2002","July",NA,"MX",6,"A",40,"MX6-40",-99,-99,-99,-99,-99,-99,-99
"2002","July",NA,"MX",8,"E",20,"MX8-20",-99,-99,-99,-99,-99,-99,-99
"2002","July",NA,"MX",8,"E",40,"MX8-40",-99,-99,-99,-99,-99,-99,-99
"2002","July",NA,"MX",9,"A",20,"MX9-20",-99,-99,-99,-99,-99,-99,-99
"2002","July",NA,"MX",9,"A",40,"MX9-40",-99,-99,-99,-99,-99,-99,-99
"2002","July",NA,"MX",11,"E",20,"MX11-20",-99,-99,-99,-99,-99,-99,-99
"2002","July",NA,"MX",11,"E",40,"MX11-40",-99,-99,-99,-99,-99,-99,-99
"2002","July",NA,"MX",12,"A",20,"MX12-20",-99,-99,-99,-99,-99,-99,-99
"2002","July",NA,"MX",12,"A",40,"MX12-40",-99,-99,-99,-99,-99,-99,-99
"2002","July",NA,"MX",13,"E",20,"MX13-20",-99,-99,-99,-99,-99,-99,-99
"2002","July",NA,"MX",13,"E",40,"MX13-40",-99,-99,-99,-99,-99,-99,-99
"2002","July",NA,"MX",15,"A",20,"MX15-20",-99,-99,-99,-99,-99,-99,-99
"2002","July",NA,"MX",15,"A",40,"MX15-40",-99,-99,-99,-99,-99,-99,-99
"2002","August",20,"SC",1,"E",20,"SC1-20",0.692235734,-99,102.8497118,18.3116491,8.003295816,211.2789916,13.53416734
"2002","August",20,"SC",1,"E",40,"SC1-40",0.654817587,-99,76.27357329,15.09872039,8.91677799,184.2978413,11.80580477
"2002","August",20,"SC",1,"E",80,"SC1-80",0.480199563,-99,159.025428,125.7955756,1.764613884,125.2647826,8.024256232
"2002","August",20,"SC",2,"A",20,"SC2-20",0.717181166,-99,65.31328889,17.40739475,8.717120371,217.9749791,13.96309991
"2002","August",20,"SC",2,"A",40,"SC2-40",0.754599314,-99,117.4501101,29.41425235,11.37974513,203.7496672,13.05185274
"2002","August",20,"SC",2,"A",80,"SC2-80",0.480199563,-99,192.2270679,199.3987208,1.674506209,127.4971225,8.167255801
"2002","August",20,"SC",4,"A",20,"SC4-20",0.480199563,-99,30.134839,11.95887449,10.82655417,237.7546014,15.23014592
"2002","August",20,"SC",4,"A",40,"SC4-40",0.82943561,-99,28.01961806,16.45742903,10.57585499,215.6616433,13.8149119
"2002","August",20,"SC",4,"A",80,"SC4-80",0.679763018,-99,38.04244118,17.52613354,5.92418076,152.2062544,9.750077073
"2002","August",20,"SC",6,"E",20,"SC6-20",0.70470845,-99,26.6180519,11.83326514,7.684234099,226.3711984,14.50094618
"2002","August",20,"SC",6,"E",40,"SC6-40",0.355472404,-99,63.00595798,17.06259238,10.78881753,201.3168907,12.89601358
"2002","August",20,"SC",6,"E",80,"SC6-80",0.854381041,-99,148.2459909,107.6916501,3.073574223,142.0527779,9.099664154
"2002","August",20,"SC",8,"A",20,"SC8-20",0.567508575,-99,75.45505447,18.39154706,8.085214698,208.2164682,13.33798775
"2002","August",20,"SC",8,"A",40,"SC8-40",0.318054256,-99,40.58081893,17.88694876,7.359105303,170.6110569,10.92905468
"2002","August",20,"SC",8,"A",80,"SC8-80",1.004053633,-99,66.88395689,107.2075526,4.038379319,132.5996194,8.49411231
"2002","August",20,"SC",9,"E",20,"SC9-20",0.604926723,-99,62.3809972,12.14836896,7.58454307,203.4255982,13.03109348
"2002","August",20,"SC",9,"E",40,"SC9-40",0.530090427,-99,50.44668787,12.08902727,7.798923726,177.3979562,11.36381089
"2002","August",20,"SC",9,"E",80,"SC9-80",1.141253508,-99,94.57599044,201.3808219,2.069676016,128.4149578,8.226050629
"2002","August",20,"SC",10,"E",20,"SC10-20",0.579981291,-99,55.07007831,17.6653732,9.83539833,221.2025944,14.16985497
"2002","August",20,"SC",10,"E",40,"SC10-40",0.392890552,-99,53.5105926,15.54403241,7.347151184,181.0865258,11.60009383
"2002","August",20,"SC",10,"E",80,"SC10-80",0.929217337,-99,69.64364726,91.38714637,3.422094453,130.4510708,8.356480258
"2002","August",20,"SC",12,"A",20,"SC12-20",0.480199563,-99,62.15284649,105.5816678,11.42937349,248.4676915,15.91640665
"2002","August",20,"SC",12,"A",40,"SC12-40",0.30558154,-99,67.34319466,253.2302228,8.896089346,187.5919335,12.01681822
"2002","August",20,"SC",12,"A",80,"SC12-80",0.954162769,-99,93.66817426,192.1461798,4.380870661,151.1321871,9.681274312
"2002","August",20,"SC",14,"E",20,"SC14-20",0.355472404,-99,28.50805848,12.72843261,11.45359461,251.0023104,16.07876965
"2002","August",20,"SC",14,"E",40,"SC14-40",0.30558154,-99,19.84826691,18.37326251,11.43145819,216.9658919,13.89845965
"2002","August",20,"SC",14,"E",80,"SC14-80",0.617399439,-99,39.73599359,38.88864371,9.045558922,180.1413301,11.53954634
"2002","August",20,"SC",15,"A",20,"SC15-20",0.342999688,-99,17.77495941,25.23080164,11.68054348,242.2925385,15.52083777
"2002","August",20,"SC",15,"A",40,"SC15-40",0.280636109,-99,15.47788563,45.16611919,11.87558794,215.6209768,13.81230688
"2002","August",20,"SC",15,"A",80,"SC15-80",0.106018085,-99,39.26412547,114.4235244,8.066350591,171.292049,10.97267777
"2002","August",19,"SP",1,"E",20,"SP1-20",0.30558154,-99,2.686467154,12.56625416,12.04154204,174.8521908,11.20073387
"2002","August",19,"SP",1,"E",40,"SP1-40",0.268163393,-99,16.67658527,19.33242592,9.156834431,152.4336935,9.764646401
"2002","August",19,"SP",2,"A",20,"SP2-20",0.729653882,-99,8.511929005,82.65499713,11.13972854,193.6483144,12.40477877
"2002","August",19,"SP",2,"A",40,"SP2-40",0.667290302,-99,100.7550364,346.2942291,7.980624763,161.2920474,10.33209617
"2002","August",19,"SP",4,"E",20,"SP4-20",0.318054256,-99,9.430992522,24.19174026,9.141519855,154.3507591,9.887450082
"2002","August",19,"SP",4,"E",40,"SP4-40",0.255690677,-99,132.3423362,240.3561233,9.09430967,155.5829901,9.966384517
"2002","August",19,"SP",5,"A",20,"SP5-20",0.30558154,-99,2.525987636,18.65417976,12.55306537,242.7183404,15.54811386
"2002","August",19,"SP",5,"A",40,"SP5-40",0.155908949,-99,39.58939013,192.1094445,14.53367387,206.5516935,13.23134537
"2002","August",19,"SP",8,"E",20,"SP8-20",0.467726848,-99,14.25844975,43.73427234,9.946986505,180.7756297,11.5801784
"2002","August",19,"SP",8,"E",40,"SP8-40",1.453071406,-99,78.93416503,256.0851621,9.031927522,162.0753758,10.38227473
"2002","August",19,"SP",9,"A",20,"SP9-20",0.530090427,-99,3.892937607,61.41349748,11.53226045,217.1412872,13.90969515
"2002","August",19,"SP",9,"A",40,"SP9-40",0.954162769,-99,80.40228225,316.206274,9.290555696,178.7022551,11.44736186
"2002","August",19,"SP",10,"E",20,"SP10-20",0.480199563,-99,2.831958932,25.68974397,13.68515531,234.1308728,14.99801657
"2002","August",19,"SP",10,"E",40,"SP10-40",0.804490178,-99,52.21358017,325.0664152,9.173023439,172.3854215,11.04271719
"2002","August",19,"SP",11,"A",20,"SP11-20",0.205799813,-99,1.787032466,19.8325362,14.33938524,235.7724876,15.10317538
"2002","August",19,"SP",11,"A",40,"SP11-40",0.604926723,-99,31.00469395,248.3393815,10.50430737,180.8342466,11.5839333
"2002","August",19,"SP",13,"A",20,"SP13-20",0.816962894,-99,4.489977618,46.67093805,11.34282564,222.0828515,14.22624261
"2002","August",19,"SP",13,"A",40,"SP13-40",0.280636109,-99,124.4161212,221.2840029,11.03016009,195.473998,12.52172868
"2002","August",19,"SP",14,"E",20,"SP14-20",0.729653882,-99,10.32731896,91.97186426,10.12385623,207.2550437,13.27640068
"2002","August",19,"SP",14,"E",40,"SP14-40",0.729653882,-99,101.2004107,377.4965447,7.616199907,158.4233046,10.14832981
"2002","August",NA,"MX",1,"E",20,"MX1-20",-99,-99,-99,-99,-99,-99,-99
"2002","August",NA,"MX",1,"E",40,"MX1-40",-99,-99,-99,-99,-99,-99,-99
"2002","August",NA,"MX",2,"A",20,"MX2-20",-99,-99,-99,-99,-99,-99,-99
"2002","August",NA,"MX",2,"A",40,"MX2-40",-99,-99,-99,-99,-99,-99,-99
"2002","August",NA,"MX",4,"E",20,"MX4-20",-99,-99,-99,-99,-99,-99,-99
"2002","August",NA,"MX",4,"E",40,"MX4-40",-99,-99,-99,-99,-99,-99,-99
"2002","August",NA,"MX",6,"A",20,"MX6-20",-99,-99,-99,-99,-99,-99,-99
"2002","August",NA,"MX",6,"A",40,"MX6-40",-99,-99,-99,-99,-99,-99,-99
"2002","August",NA,"MX",8,"E",20,"MX8-20",-99,-99,-99,-99,-99,-99,-99
"2002","August",NA,"MX",8,"E",40,"MX8-40",-99,-99,-99,-99,-99,-99,-99
"2002","August",NA,"MX",9,"A",20,"MX9-20",-99,-99,-99,-99,-99,-99,-99
"2002","August",NA,"MX",9,"A",40,"MX9-40",-99,-99,-99,-99,-99,-99,-99
"2002","August",NA,"MX",11,"E",20,"MX11-20",-99,-99,-99,-99,-99,-99,-99
"2002","August",NA,"MX",11,"E",40,"MX11-40",-99,-99,-99,-99,-99,-99,-99
"2002","August",NA,"MX",12,"A",20,"MX12-20",-99,-99,-99,-99,-99,-99,-99
"2002","August",NA,"MX",12,"A",40,"MX12-40",-99,-99,-99,-99,-99,-99,-99
"2002","August",NA,"MX",13,"E",20,"MX13-20",-99,-99,-99,-99,-99,-99,-99
"2002","August",NA,"MX",13,"E",40,"MX13-40",-99,-99,-99,-99,-99,-99,-99
"2002","August",NA,"MX",15,"A",20,"MX15-20",-99,-99,-99,-99,-99,-99,-99
"2002","August",NA,"MX",15,"A",40,"MX15-40",-99,-99,-99,-99,-99,-99,-99
"2002","September",16,"SC",1,"E",20,"SC1-20",2.868724665,-99,140.8750593,9.219017082,7.124840522,225.222176,14.42734193
"2002","September",16,"SC",1,"E",40,"SC1-40",0.417835984,-99,99.00815862,38.11675846,7.577375428,171.6847367,10.99783261
"2002","September",16,"SC",1,"E",80,"SC1-80",0.792017462,-99,154.484975,109.569086,2.132121065,128.8768588,8.255639151
"2002","September",16,"SC",2,"A",20,"SC2-20",1.16619894,-99,151.7507029,14.62326656,8.960969963,234.9126422,15.04809527
"2002","September",16,"SC",2,"A",40,"SC2-40",0.891799189,-99,110.060811,17.55633076,12.26265756,224.7243801,14.39545405
"2002","September",16,"SC",2,"A",80,"SC2-80",1.091362644,-99,188.9041758,169.9020217,1.937034203,127.5739562,8.17217762
"2002","September",16,"SC",4,"A",20,"SC4-20",1.141253508,-99,42.76474345,10.12304979,9.997465515,232.661059,14.90386302
"2002","September",16,"SC",4,"A",40,"SC4-40",0.729653882,-99,32.31583851,9.424579798,11.63134686,235.3148731,15.07386144
"2002","September",16,"SC",4,"A",80,"SC4-80",1.04147178,-99,36.33703511,15.47421865,6.561969457,159.5378401,10.21972489
"2002","September",16,"SC",6,"E",20,"SC6-20",1.545230918,-99,95.03420824,8.936105153,6.718678731,211.3589846,13.53929154
"2002","September",16,"SC",6,"E",40,"SC6-40",0.729653882,-99,83.05762063,11.59733898,11.06568679,222.8669786,14.27647234
"2002","September",16,"SC",6,"E",80,"SC6-80",0.941690053,-99,151.1313988,91.80697082,3.577624497,143.7920166,9.21107657
"2002","September",16,"SC",8,"A",20,"SC8-20",1.216089804,-99,82.49354686,10.96519205,7.960911671,229.5958081,14.70750872
"2002","September",16,"SC",8,"A",40,"SC8-40",0.342999688,-99,48.52380255,12.37537448,8.049316583,175.5849485,11.24767297
"2002","September",16,"SC",8,"A",80,"SC8-80",0.642344871,-99,67.66304885,95.6617428,4.379759421,134.4135619,8.610310107
"2002","September",16,"SC",9,"E",20,"SC9-20",0.455254132,-99,100.8219525,11.01821726,7.760364461,214.4573409,13.73776651
"2002","September",16,"SC",9,"E",40,"SC9-40",0.82943561,-99,66.05589541,8.772541498,9.357341946,200.9598287,12.87314085
"2002","September",16,"SC",9,"E",80,"SC9-80",1.365762395,-99,100.5791366,173.9336552,2.33232695,133.2874271,8.538172
"2002","September",16,"SC",10,"E",20,"SC10-20",0.916744621,-99,119.2388008,11.2282126,8.848144684,235.9890997,15.11705114
"2002","September",16,"SC",10,"E",40,"SC10-40",0.629872155,-99,70.83718821,12.62731348,8.835954065,195.8579472,12.54632376
"2002","September",16,"SC",10,"E",80,"SC10-80",1.633925787,-99,68.35630893,77.69628133,3.447762279,131.4366609,8.419615338
"2002","September",16,"SC",12,"A",20,"SC12-20",0.617399439,-99,93.52558045,98.83577532,10.30393837,250.7357815,16.0616963
"2002","September",16,"SC",12,"A",40,"SC12-40",0.455254132,-99,60.0228247,151.944428,10.12623447,210.9630902,13.51393128
"2002","September",16,"SC",12,"A",80,"SC12-80",1.80854381,-99,95.35443719,170.1761238,4.53554556,147.0715426,9.421156936
"2002","September",16,"SC",14,"E",20,"SC14-20",0.916744621,-99,48.28197433,11.41166764,10.21879979,239.4193258,15.33678508
"2002","September",16,"SC",14,"E",40,"SC14-40",0.330526972,-99,36.22492823,11.00691409,11.63007344,240.9195144,15.43288439
"2002","September",16,"SC",14,"E",80,"SC14-80",0.841908326,-99,36.51803587,31.5231264,10.20152345,195.6357589,12.53209079
"2002","September",16,"SC",15,"A",20,"SC15-20",0.417835984,-99,32.41238872,18.18410047,11.18244478,242.2646485,15.51905119
"2002","September",16,"SC",15,"A",40,"SC15-40",0.180854381,-99,23.76521921,36.53414714,12.36942188,236.3104146,15.13763399
"2002","September",16,"SC",15,"A",80,"SC15-80",0.592454007,-99,33.35443226,100.3122808,8.527386027,176.0295055,11.27615047
"2002","September",23,"SP",1,"E",20,"SP1-20",0.380417836,-99,2.613584379,5.843854501,10.86041973,196.4283102,12.58286016
"2002","September",23,"SP",1,"E",40,"SP1-40",0.592454007,-99,11.40406009,17.10763887,9.903164322,175.7489187,11.25817659
"2002","September",23,"SP",2,"A",20,"SP2-20",0.567508575,-99,30.81699886,99.83089833,6.669213008,204.8517707,13.12245146
"2002","September",23,"SP",2,"A",40,"SP2-40",1.465544122,-99,83.42103537,362.0487555,8.541446179,184.5704189,11.82326558
"2002","September",23,"SP",4,"E",20,"SP4-20",1.378235111,-99,33.57280501,46.86719227,5.951783129,191.6242703,12.27512225
"2002","September",23,"SP",4,"E",40,"SP4-40",0.667290302,-99,117.014223,237.9170745,9.163255763,175.4155815,11.23682363
"2002","September",23,"SP",5,"A",20,"SP5-20",0.742126598,-99,3.579496819,16.21468771,6.780405356,225.6250976,14.45315235
"2002","September",23,"SP",5,"A",40,"SP5-40",0.866853757,-99,16.68403272,92.37185277,13.03959594,252.0962171,16.14884329
"2002","September",23,"SP",8,"E",20,"SP8-20",0.742126598,-99,22.02909693,61.59235367,7.042740666,199.4581065,12.77694331
"2002","September",23,"SP",8,"E",40,"SP8-40",1.203617088,-99,65.79354846,205.8055179,8.986389843,186.0632684,11.91889476
"2002","September",23,"SP",9,"A",20,"SP9-20",0.991580917,-99,15.33085033,35.62546018,7.739865893,222.0748542,14.22573032
"2002","September",23,"SP",9,"A",40,"SP9-40",0.792017462,-99,55.45781211,238.3591728,10.84335015,206.8932626,13.25322565
"2002","September",23,"SP",10,"E",20,"SP10-20",0.467726848,-99,4.788921481,23.50407478,8.32151425,219.6648712,14.07135127
"2002","September",23,"SP",10,"E",40,"SP10-40",0.866853757,-99,35.38465881,241.3298589,10.87538489,204.2259099,13.08235997
"2002","September",23,"SP",11,"A",20,"SP11-20",0.642344871,-99,2.828577525,14.58786101,9.371027545,231.2762458,14.81515444
"2002","September",23,"SP",11,"A",40,"SP11-40",0.742126598,-99,22.64078336,185.8772925,12.59389576,217.2242601,13.91501024
"2002","September",23,"SP",13,"A",20,"SP13-20",0.492672279,-99,27.69243734,39.57309554,5.151136437,223.1850789,14.29684926
"2002","September",23,"SP",13,"A",40,"SP13-40",0.542563143,-99,61.69971199,127.9845138,9.65859598,239.2811306,15.32793256
"2002","September",23,"SP",14,"E",20,"SP14-20",0.642344871,-99,16.24043033,76.06995327,7.109934615,221.2691248,14.17411679
"2002","September",23,"SP",14,"E",40,"SP14-40",1.527907702,-99,44.70089011,252.6643436,9.781707827,207.9595764,13.32153174
"2002","September",NA,"MX",1,"E",20,"MX1-20",-99,-99,-99,-99,-99,-99,-99
"2002","September",NA,"MX",1,"E",40,"MX1-40",-99,-99,-99,-99,-99,-99,-99
"2002","September",NA,"MX",2,"A",20,"MX2-20",-99,-99,-99,-99,-99,-99,-99
"2002","September",NA,"MX",2,"A",40,"MX2-40",-99,-99,-99,-99,-99,-99,-99
"2002","September",NA,"MX",4,"E",20,"MX4-20",-99,-99,-99,-99,-99,-99,-99
"2002","September",NA,"MX",4,"E",40,"MX4-40",-99,-99,-99,-99,-99,-99,-99
"2002","September",NA,"MX",6,"A",20,"MX6-20",-99,-99,-99,-99,-99,-99,-99
"2002","September",NA,"MX",6,"A",40,"MX6-40",-99,-99,-99,-99,-99,-99,-99
"2002","September",NA,"MX",8,"E",20,"MX8-20",-99,-99,-99,-99,-99,-99,-99
"2002","September",NA,"MX",8,"E",40,"MX8-40",-99,-99,-99,-99,-99,-99,-99
"2002","September",NA,"MX",9,"A",20,"MX9-20",-99,-99,-99,-99,-99,-99,-99
"2002","September",NA,"MX",9,"A",40,"MX9-40",-99,-99,-99,-99,-99,-99,-99
"2002","September",NA,"MX",11,"E",20,"MX11-20",-99,-99,-99,-99,-99,-99,-99
"2002","September",NA,"MX",11,"E",40,"MX11-40",-99,-99,-99,-99,-99,-99,-99
"2002","September",NA,"MX",12,"A",20,"MX12-20",-99,-99,-99,-99,-99,-99,-99
"2002","September",NA,"MX",12,"A",40,"MX12-40",-99,-99,-99,-99,-99,-99,-99
"2002","September",NA,"MX",13,"E",20,"MX13-20",-99,-99,-99,-99,-99,-99,-99
"2002","September",NA,"MX",13,"E",40,"MX13-40",-99,-99,-99,-99,-99,-99,-99
"2002","September",NA,"MX",15,"A",20,"MX15-20",-99,-99,-99,-99,-99,-99,-99
"2002","September",NA,"MX",15,"A",40,"MX15-40",-99,-99,-99,-99,-99,-99,-99
"2002","October",21,"SC",1,"E",20,"SC1-20",1.145222099,-99,200.5921413,7.441924584,5.421414382,227.9585348,14.60262802
"2002","October",21,"SC",1,"E",40,"SC1-40",1.344785554,-99,135.761743,6.098009812,9.063552416,218.0800852,13.96983281
"2002","October",21,"SC",1,"E",80,"SC1-80",2.664625677,-99,32.04108195,106.2182474,2.004513718,130.6273566,8.367772804
"2002","October",21,"SC",2,"A",20,"SC2-20",1.095331236,-99,192.094346,11.65036418,7.200199902,239.2927434,15.32867645
"2002","October",21,"SC",2,"A",40,"SC2-40",1.494458146,-99,133.932464,12.95222448,10.12974548,226.0108791,14.47786479
"2002","October",21,"SC",2,"A",80,"SC2-80",1.931003203,-99,19.91650683,160.1500929,1.77471905,128.3368249,8.221045581
"2002","October",21,"SC",4,"A",20,"SC4-20",0.721149758,-99,39.35353525,5.967635396,9.312123009,237.9504875,15.24269402
"2002","October",21,"SC",4,"A",40,"SC4-40",0.995549508,-99,37.10987321,6.553350633,10.10652148,246.4100523,15.78459809
"2002","October",21,"SC",4,"A",80,"SC4-80",1.606712589,-99,34.11286148,10.5275263,6.708592832,170.6497508,10.93153334
"2002","October",21,"SC",6,"E",20,"SC6-20",0.939863241,-99,102.1011086,5.355379852,5.435508751,220.2797789,14.11074112
"2002","October",21,"SC",6,"E",40,"SC6-40",0.434277291,-99,91.05354924,10.05451042,9.815819557,225.9765611,14.47566645
"2002","October",21,"SC",6,"E",80,"SC6-80",1.269949259,-99,150.7990862,75.70697716,3.468732225,144.9472732,9.285080169
"2002","October",21,"SC",8,"A",20,"SC8-20",1.718967032,-99,127.9778237,10.63141582,6.153022115,226.6000703,14.51560729
"2002","October",21,"SC",8,"A",40,"SC8-40",1.41962185,-99,68.74757221,8.507304641,7.618755753,186.5286439,11.94870585
"2002","October",21,"SC",8,"A",80,"SC8-80",1.718967032,-99,75.99198773,100.7897293,3.965953216,131.0522835,8.394992834
"2002","October",21,"SC",9,"E",20,"SC9-20",1.48198543,-99,112.1302291,5.494619506,6.424419368,216.4273859,13.86396395
"2002","October",21,"SC",9,"E",40,"SC9-40",1.319840122,-99,73.86122403,5.266949097,8.398074422,203.4453497,13.03235873
"2002","October",21,"SC",9,"E",80,"SC9-80",0.696204326,-99,106.5920542,171.9708913,2.050289181,126.4295015,8.09886597
"2002","October",21,"SC",10,"E",20,"SC10-20",1.594239873,-99,174.9352928,11.55090729,6.574539782,227.4479153,14.56991867
"2002","October",21,"SC",10,"E",40,"SC10-40",1.544349009,-99,94.62885938,8.25087761,8.373955452,207.2188162,13.27408001
"2002","October",21,"SC",10,"E",80,"SC10-80",1.768857896,-99,72.36575112,71.76377441,3.276156251,131.7269599,8.438211356
"2002","October",21,"SC",12,"A",20,"SC12-20",1.170167531,-99,105.5443268,79.24348708,8.90043713,240.3607682,15.39709215
"2002","October",21,"SC",12,"A",40,"SC12-40",0.920713213,-99,92.5015813,141.0873365,9.874037726,223.141137,14.29403442
"2002","October",21,"SC",12,"A",80,"SC12-80",2.764407404,-99,100.0822926,162.6256554,4.561442404,149.8338092,9.598102623
"2002","October",21,"SC",14,"E",20,"SC14-20",0.870822349,-99,45.73174802,6.042768294,9.121479723,235.4440973,15.0821393
"2002","October",21,"SC",14,"E",40,"SC14-40",1.444567282,-99,44.20399905,7.969960357,10.35933385,239.808848,15.36173716
"2002","October",21,"SC",14,"E",80,"SC14-80",0.945658644,-99,38.69203429,26.63389188,8.815471233,187.922089,12.03796736
"2002","October",21,"SC",15,"A",20,"SC15-20",0.795986053,-99,31.96091236,14.50829549,9.599882727,239.0366818,15.31227362
"2002","October",21,"SC",15,"A",40,"SC15-40",0.671258894,-99,22.84443962,23.58829455,10.71541632,230.4683172,14.76340003
"2002","October",21,"SC",15,"A",80,"SC15-80",0.870822349,-99,31.88934369,94.66268584,8.156582437,179.7851107,11.51672759
"2002","October",22,"SP",1,"E",20,"SP1-20",0.747027808,-99,3.683092529,7.923750307,9.389427484,205.6068342,13.17081942
"2002","October",22,"SP",1,"E",40,"SP1-40",1.021770559,-99,11.06114985,12.87930789,10.48038533,182.7876249,11.70906309
"2002","October",22,"SP",2,"A",20,"SP2-20",1.731333447,-99,47.59001568,133.3344636,6.584899747,204.1356544,13.07657837
"2002","October",22,"SP",2,"A",40,"SP2-40",2.168424186,-99,95.7608328,345.1795916,9.003648636,193.8931733,12.42046398
"2002","October",22,"SP",4,"E",20,"SP4-20",2.280818947,-99,32.87477067,67.36572952,8.806444485,228.305684,14.62486575
"2002","October",22,"SP",4,"E",40,"SP4-40",1.943634663,-99,111.3213574,204.9037569,8.1467022,178.4708087,11.43253583
"2002","October",22,"SP",5,"A",20,"SP5-20",1.668891913,-99,5.457825274,11.56193343,7.20030232,224.148952,14.35859319
"2002","October",22,"SP",5,"A",40,"SP5-40",1.159141934,-99,16.49471812,79.07454886,10.34266927,231.815577,14.849703
"2002","October",22,"SP",8,"E",20,"SP8-20",1.618938685,-99,20.78235662,77.1530084,7.774769332,210.4453124,13.48076339
"2002","October",22,"SP",8,"E",40,"SP8-40",1.471349605,-99,54.93006467,170.5641996,8.179204279,191.4943861,12.26680211
"2002","October",22,"SP",9,"A",20,"SP9-20",2.26833064,-99,20.58637884,66.09700305,6.40375902,222.0159937,14.22195983
"2002","October",22,"SP",9,"A",40,"SP9-40",1.71884514,-99,46.21821393,189.3253717,9.367623817,207.8373936,13.31370494
"2002","October",22,"SP",10,"E",20,"SP10-20",2.293307254,-99,6.709751314,29.27745064,5.370013296,224.6267813,14.38920205
"2002","October",22,"SP",10,"E",40,"SP10-40",1.71884514,-99,34.14480405,218.6077536,10.39249708,207.1072498,13.26693327
"2002","October",22,"SP",11,"A",20,"SP11-20",1.234071775,-99,3.818641335,15.80577858,6.268006664,224.1162339,14.35649733
"2002","October",22,"SP",11,"A",40,"SP11-40",1.196606854,-99,20.984057,137.073378,11.098045,211.0604736,13.52016948
"2002","October",22,"SP",13,"A",20,"SP13-20",1.668891913,-99,31.47918168,57.75963396,5.84347344,219.2330389,14.04368889
"2002","October",22,"SP",13,"A",40,"SP13-40",1.396419764,-99,63.18000745,99.85156546,7.724811892,220.6174374,14.1323709
"2002","October",22,"SP",14,"E",20,"SP14-20",2.006076197,-99,20.29196376,101.1527054,6.339169659,211.9417946,13.57662527
"2002","October",22,"SP",14,"E",40,"SP14-40",1.818751595,-99,42.75343442,239.9152438,8.195307229,203.6093855,13.04286656
"2002","October",NA,"MX",1,"E",20,"MX1-20",-99,-99,-99,-99,-99,-99,-99
"2002","October",NA,"MX",1,"E",40,"MX1-40",-99,-99,-99,-99,-99,-99,-99
"2002","October",NA,"MX",2,"A",20,"MX2-20",-99,-99,-99,-99,-99,-99,-99
"2002","October",NA,"MX",2,"A",40,"MX2-40",-99,-99,-99,-99,-99,-99,-99
"2002","October",NA,"MX",4,"E",20,"MX4-20",-99,-99,-99,-99,-99,-99,-99
"2002","October",NA,"MX",4,"E",40,"MX4-40",-99,-99,-99,-99,-99,-99,-99
"2002","October",NA,"MX",6,"A",20,"MX6-20",-99,-99,-99,-99,-99,-99,-99
"2002","October",NA,"MX",6,"A",40,"MX6-40",-99,-99,-99,-99,-99,-99,-99
"2002","October",NA,"MX",8,"E",20,"MX8-20",-99,-99,-99,-99,-99,-99,-99
"2002","October",NA,"MX",8,"E",40,"MX8-40",-99,-99,-99,-99,-99,-99,-99
"2002","October",NA,"MX",9,"A",20,"MX9-20",-99,-99,-99,-99,-99,-99,-99
"2002","October",NA,"MX",9,"A",40,"MX9-40",-99,-99,-99,-99,-99,-99,-99
"2002","October",NA,"MX",11,"E",20,"MX11-20",-99,-99,-99,-99,-99,-99,-99
"2002","October",NA,"MX",11,"E",40,"MX11-40",-99,-99,-99,-99,-99,-99,-99
"2002","October",NA,"MX",12,"A",20,"MX12-20",-99,-99,-99,-99,-99,-99,-99
"2002","October",NA,"MX",12,"A",40,"MX12-40",-99,-99,-99,-99,-99,-99,-99
"2002","October",NA,"MX",13,"E",20,"MX13-20",-99,-99,-99,-99,-99,-99,-99
"2002","October",NA,"MX",13,"E",40,"MX13-40",-99,-99,-99,-99,-99,-99,-99
"2002","October",NA,"MX",15,"A",20,"MX15-20",-99,-99,-99,-99,-99,-99,-99
"2002","October",NA,"MX",15,"A",40,"MX15-40",-99,-99,-99,-99,-99,-99,-99
"2002","November",26,"SC",1,"E",20,"SC1-20",1.582787652,-99,182.9603197,8.799303438,5.235802902,212.3339464,13.60174579
"2002","November",26,"SC",1,"E",40,"SC1-40",1.421889616,-99,144.8806116,15.53311708,9.755921508,228.1156781,14.61269432
"2002","November",26,"SC",1,"E",80,"SC1-80",1.421889616,-99,194.8104163,69.21889684,2.346079739,139.3726602,8.927980772
"2002","November",26,"SC",2,"A",20,"SC2-20",1.408169629,-99,172.998067,11.2804067,6.762554413,209.3962181,13.41356035
"2002","November",26,"SC",2,"A",40,"SC2-40",1.297162457,-99,140.5914037,17.13384674,10.5736904,228.0309682,14.60726796
"2002","November",26,"SC",2,"A",80,"SC2-80",2.369816027,-99,188.2660991,147.9652102,2.068161167,135.172969,8.658956325
"2002","November",26,"SC",4,"A",20,"SC4-20",0.45594706,-99,32.09165345,5.191206714,9.296562351,196.5455572,12.59037079
"2002","November",26,"SC",4,"A",40,"SC4-40",0.773308388,-99,33.95499859,7.367345763,11.149056,248.2164291,15.90031125
"2002","November",26,"SC",4,"A",80,"SC4-80",1.247271593,-99,33.50142258,11.94020208,8.167865726,187.6475443,12.02038054
"2002","November",26,"SC",6,"E",20,"SC6-20",1.009042719,-99,103.5574572,4.07723407,7.107671846,202.8690173,12.99543994
"2002","November",26,"SC",6,"E",40,"SC6-40",1.272217025,-99,98.47868297,10.72882263,10.70588291,238.6749289,15.2891004
"2002","November",26,"SC",6,"E",80,"SC6-80",1.396944185,-99,75.72282432,76.0630273,3.852007044,152.2428888,9.752423807
"2002","November",26,"SC",8,"A",20,"SC8-20",1.133769878,-99,83.18437113,7.003926386,7.855724921,220.6853352,14.1367203
"2002","November",26,"SC",8,"A",40,"SC8-40",1.396944185,-99,73.37554026,9.688376057,8.775175145,197.2859049,12.63779609
"2002","November",26,"SC",8,"A",80,"SC8-80",1.646398503,-99,71.08107639,100.7745476,4.542060288,137.316282,8.796252991
"2002","November",26,"SC",9,"E",20,"SC9-20",1.083879015,-99,72.52759377,5.418378454,6.657948154,206.9070435,13.25410843
"2002","November",26,"SC",9,"E",40,"SC9-40",1.297162457,-99,74.64535326,7.973007784,9.357728373,210.3645832,13.47559203
"2002","November",26,"SC",9,"E",80,"SC9-80",2.569379482,-99,111.7414591,172.7372912,2.259090013,134.3263614,8.604724205
"2002","November",26,"SC",10,"E",20,"SC10-20",1.507951356,-99,133.3010447,14.7781866,6.043680164,230.2408793,14.74883078
"2002","November",26,"SC",10,"E",40,"SC10-40",1.546616776,-99,83.0664379,14.02757793,8.994427214,210.6576546,13.49436564
"2002","November",26,"SC",10,"E",80,"SC10-80",1.796071094,-99,70.87396564,74.96412556,3.743048629,137.4763448,8.806506316
"2002","November",26,"SC",12,"A",20,"SC12-20",1.009042719,-99,86.49332146,77.01476608,9.699027674,233.038269,14.92802639
"2002","November",26,"SC",12,"A",40,"SC12-40",1.47178048,-99,104.9735247,117.360301,10.60005544,243.3638565,15.58946442
"2002","November",26,"SC",12,"A",80,"SC12-80",2.020579981,-99,90.94437808,149.4967357,4.98406097,160.7014729,10.29426506
"2002","November",26,"SC",14,"E",20,"SC14-20",0.760835672,-99,53.69988923,11.68926042,9.467653181,230.3756493,14.7574639
"2002","November",26,"SC",14,"E",40,"SC14-40",0.848144684,-99,44.67984276,9.422031044,10.38692043,235.7261718,15.10020847
"2002","November",26,"SC",14,"E",80,"SC14-80",0.997817275,-99,39.71769867,30.05825653,10.10243906,211.3571957,13.53917694
"2002","November",26,"SC",15,"A",20,"SC15-20",0.332605758,-99,26.3061486,20.57101058,10.21277997,221.5313153,14.19091223
"2002","November",26,"SC",15,"A",40,"SC15-40",0.785781104,-99,35.13728471,37.62944737,11.56357209,243.3692125,15.58980752
"2002","November",26,"SC",15,"A",80,"SC15-80",1.222326162,-99,36.53137285,92.96133574,8.827826609,190.1461002,12.18043341
"2002","November",25,"SP",1,"E",20,"SP1-20",0.560024945,-99,3.773753706,7.955720574,8.001469966,152.3269571,9.757809065
"2002","November",25,"SP",1,"E",40,"SP1-40",0.984097287,-99,12.2398295,10.45843285,10.62493768,181.405904,11.62055261
"2002","November",25,"SP",2,"A",20,"SP2-20",0.659806673,-99,55.16895107,89.97242049,5.585962385,144.6975131,9.269081001
"2002","November",25,"SP",2,"A",40,"SP2-40",1.907078266,-99,83.21069032,288.0739906,8.677313305,197.9423799,12.67984866
"2002","November",25,"SP",4,"E",20,"SP4-20",1.408169629,-99,30.91417809,44.38675391,5.742550545,146.1390441,9.361422807
"2002","November",25,"SP",4,"E",40,"SP4-40",1.882132834,-99,106.4461434,198.9532979,9.073808136,192.1888333,12.31128711
"2002","November",25,"SP",5,"A",20,"SP5-20",1.707514811,-99,13.66256393,17.34799766,7.136181111,180.4333528,11.55825278
"2002","November",25,"SP",5,"A",40,"SP5-40",1.582787652,-99,22.50771775,69.49471658,10.1218523,237.2533304,15.19803542
"2002","November",25,"SP",8,"E",20,"SP8-20",1.358278765,-99,29.6076325,78.64630244,5.838590742,177.1102089,11.34537833
"2002","November",25,"SP",8,"E",40,"SP8-40",1.55784222,-99,56.37029558,150.4993387,9.076720868,204.9073362,13.12601088
"2002","November",25,"SP",9,"A",20,"SP9-20",0.984097287,-99,37.3058358,71.44312981,5.366219845,171.8842664,11.01061412
"2002","November",25,"SP",9,"A",40,"SP9-40",1.695042095,-99,74.92800129,216.3621333,9.428445826,218.6114936,14.00387385
"2002","November",25,"SP",10,"E",20,"SP10-20",2.031805426,-99,8.991445514,37.24846374,4.946332345,171.5651391,10.99017142
"2002","November",25,"SP",10,"E",40,"SP10-40",1.582787652,-99,26.80021219,184.4690494,10.4919577,216.2282678,13.85120881
"2002","November",25,"SP",11,"A",20,"SP11-20",1.258497038,-99,7.813030021,31.45802231,5.795605916,190.4830508,12.20201784
"2002","November",25,"SP",11,"A",40,"SP11-40",1.15871531,-99,22.31643069,112.5841536,11.87168739,232.8787858,14.9178102
"2002","November",25,"SP",13,"A",20,"SP13-20",2.006859994,-99,70.97617308,80.70126473,4.197094658,171.2961487,10.97294039
"2002","November",25,"SP",13,"A",40,"SP13-40",1.707514811,-99,78.38937546,107.9809893,6.427968357,188.6164514,12.08244693
"2002","November",25,"SP",14,"E",20,"SP14-20",1.882132834,-99,23.80277613,85.170287,5.290019842,173.2669046,11.09918336
"2002","November",25,"SP",14,"E",40,"SP14-40",1.95696913,-99,46.24733691,237.9587411,8.387501189,210.2523147,13.46840031
"2002","November",NA,"MX",1,"E",20,"MX1-20",-99,-99,-99,-99,-99,-99,-99
"2002","November",NA,"MX",1,"E",40,"MX1-40",-99,-99,-99,-99,-99,-99,-99
"2002","November",NA,"MX",2,"A",20,"MX2-20",-99,-99,-99,-99,-99,-99,-99
"2002","November",NA,"MX",2,"A",40,"MX2-40",-99,-99,-99,-99,-99,-99,-99
"2002","November",NA,"MX",4,"E",20,"MX4-20",-99,-99,-99,-99,-99,-99,-99
"2002","November",NA,"MX",4,"E",40,"MX4-40",-99,-99,-99,-99,-99,-99,-99
"2002","November",NA,"MX",6,"A",20,"MX6-20",-99,-99,-99,-99,-99,-99,-99
"2002","November",NA,"MX",6,"A",40,"MX6-40",-99,-99,-99,-99,-99,-99,-99
"2002","November",NA,"MX",8,"E",20,"MX8-20",-99,-99,-99,-99,-99,-99,-99
"2002","November",NA,"MX",8,"E",40,"MX8-40",-99,-99,-99,-99,-99,-99,-99
"2002","November",NA,"MX",9,"A",20,"MX9-20",-99,-99,-99,-99,-99,-99,-99
"2002","November",NA,"MX",9,"A",40,"MX9-40",-99,-99,-99,-99,-99,-99,-99
"2002","November",NA,"MX",11,"E",20,"MX11-20",-99,-99,-99,-99,-99,-99,-99
"2002","November",NA,"MX",11,"E",40,"MX11-40",-99,-99,-99,-99,-99,-99,-99
"2002","November",NA,"MX",12,"A",20,"MX12-20",-99,-99,-99,-99,-99,-99,-99
"2002","November",NA,"MX",12,"A",40,"MX12-40",-99,-99,-99,-99,-99,-99,-99
"2002","November",NA,"MX",13,"E",20,"MX13-20",-99,-99,-99,-99,-99,-99,-99
"2002","November",NA,"MX",13,"E",40,"MX13-40",-99,-99,-99,-99,-99,-99,-99
"2002","November",NA,"MX",15,"A",20,"MX15-20",-99,-99,-99,-99,-99,-99,-99
"2002","November",NA,"MX",15,"A",40,"MX15-40",-99,-99,-99,-99,-99,-99,-99
"2002","December",17,"SC",1,"E",20,"SC1-20",1.646398503,-99,163.7662788,17.25928986,4.873720057,200.5128909,12.84451084
"2002","December",17,"SC",1,"E",40,"SC1-40",1.746180231,-99,150.4431355,7.39759839,8.909702985,228.0480535,14.60836242
"2002","December",17,"SC",1,"E",80,"SC1-80",1.59650764,-99,135.9527919,101.6397949,2.591195172,134.6675275,8.626578678
"2002","December",17,"SC",2,"A",20,"SC2-20",1.47178048,-99,135.3176266,25.34937421,5.640019388,204.2474586,13.08374034
"2002","December",17,"SC",2,"A",40,"SC2-40",1.87090739,-99,143.1226803,21.03826406,9.201603756,223.3420406,14.30690394
"2002","December",17,"SC",2,"A",80,"SC2-80",1.746180231,-99,171.6904069,146.2260721,2.059097677,138.6190216,8.879704078
"2002","December",17,"SC",4,"A",20,"SC4-20",0.324290614,-99,21.52516987,4.020995212,7.433618648,160.9215952,10.30836568
"2002","December",17,"SC",4,"A",40,"SC4-40",0.79825382,-99,33.61808383,5.61302585,10.56542524,244.2958989,15.64916934
"2002","December",17,"SC",4,"A",80,"SC4-80",1.272217025,-99,30.22470824,10.25292553,7.670958211,192.5419173,12.33390502
"2002","December",17,"SC",6,"E",20,"SC6-20",0.449017774,-99,53.81551611,5.154471381,6.74918756,154.2327798,9.879892543
"2002","December",17,"SC",6,"E",40,"SC6-40",1.396944185,-99,93.46685817,7.131530415,9.344732898,230.2738407,14.75094223
"2002","December",17,"SC",6,"E",80,"SC6-80",1.821016526,-99,145.3315501,79.74897191,3.591737,148.9287877,9.54012862
"2002","December",17,"SC",8,"A",20,"SC8-20",0.997817275,-99,73.98576028,8.552738983,7.558862069,196.4809595,12.58623277
"2002","December",17,"SC",8,"A",40,"SC8-40",1.421889616,-99,60.29841044,7.804291215,8.509221952,202.6234611,12.97971007
"2002","December",17,"SC",8,"A",80,"SC8-80",1.646398503,-99,68.08361114,91.3433189,4.212796138,136.5078052,8.744463465
"2002","December",17,"SC",9,"E",20,"SC9-20",0.922980979,-99,17.18165966,9.353103811,5.557081743,174.1598846,11.15638601
"2002","December",17,"SC",9,"E",40,"SC9-40",1.571562208,-99,75.62802792,5.394553125,8.611898136,207.7189308,13.30611642
"2002","December",17,"SC",9,"E",80,"SC9-80",1.247271593,-99,108.5000417,169.9944418,1.95313381,131.8078113,8.443390549
"2002","December",17,"SC",10,"E",20,"SC10-20",1.122544434,-99,98.50509283,20.93875176,5.514094206,205.9176752,13.19073132
"2002","December",17,"SC",10,"E",40,"SC10-40",1.646398503,-99,76.68911114,12.53068238,8.291287503,208.9647686,13.38592249
"2002","December",17,"SC",10,"E",80,"SC10-80",2.095416277,-99,60.01146381,77.74160481,3.448911465,137.3870087,8.80078361
"2002","December",17,"SC",12,"A",20,"SC12-20",0.748362956,-99,80.26068089,72.5674083,8.664430327,201.7237135,12.9220739
"2002","December",17,"SC",12,"A",40,"SC12-40",1.546616776,-99,96.92150584,113.0513517,9.54917851,230.2310001,14.74819794
"2002","December",17,"SC",12,"A",80,"SC12-80",2.045525413,-99,92.2375073,151.8328923,4.966717404,160.8646685,10.30471906
"2002","December",17,"SC",14,"E",20,"SC14-20",0.648581229,-99,41.59531433,31.71544667,9.307238755,215.7414595,13.82002477
"2002","December",17,"SC",14,"E",40,"SC14-40",0.997817275,-99,43.63934239,14.56835749,9.720746437,235.9842247,15.11673886
"2002","December",17,"SC",14,"E",80,"SC14-80",0.997817275,-99,36.30202088,29.01559365,8.933956326,196.1482112,12.56491753
"2002","December",17,"SC",15,"A",20,"SC15-20",0.349236046,-99,19.17649436,17.61406563,10.46809878,213.52632,13.67812704
"2002","December",17,"SC",15,"A",40,"SC15-40",0.79825382,-99,34.24244421,37.20978914,10.58012308,233.1095887,14.932595
"2002","December",17,"SC",15,"A",80,"SC15-80",1.172435298,-99,33.09637067,88.26303632,9.189315794,193.2647334,12.38020728
"2002","December",16,"SP",1,"E",20,"SP1-20",0.424072342,-99,4.364773078,3.930126516,6.502712672,124.5199951,7.976546524
"2002","December",16,"SP",1,"E",40,"SP1-40",0.997817275,-99,9.629220421,11.51190024,10.54587916,185.8805022,11.90718709
"2002","December",16,"SP",2,"A",20,"SP2-20",0.299345182,-99,51.34023193,93.70163857,5.683696818,141.267065,9.049332839
"2002","December",16,"SP",2,"A",40,"SP2-40",1.646398503,-99,101.7151396,280.1310138,7.626436373,192.7817463,12.34926802
"2002","December",16,"SP",4,"E",20,"SP4-20",1.172435298,-99,28.88722764,39.28613885,5.140482418,131.1692857,8.402487777
"2002","December",16,"SP",4,"E",40,"SP4-40",2.245088868,-99,96.92693681,180.0735532,8.173876878,188.4348463,12.07081365
"2002","December",16,"SP",5,"A",20,"SP5-20",0.761492131,-99,5.200141533,31.60080806,5.041166244,158.7370189,10.16842577
"2002","December",16,"SP",5,"A",40,"SP5-40",1.821016526,-99,28.93960891,76.96284903,8.604877218,222.6984058,14.26567388
"2002","December",16,"SP",8,"E",20,"SP8-20",1.031077851,-99,24.08332784,87.83523314,4.162838542,162.8467322,10.4316864
"2002","December",16,"SP",8,"E",40,"SP8-40",1.821016526,-99,53.12557455,147.4190561,8.394408255,205.1304966,13.14030612
"2002","December",16,"SP",9,"A",20,"SP9-20",1.671343935,-99,39.0519251,67.64033028,4.353609628,151.6591957,9.715033505
"2002","December",16,"SP",9,"A",40,"SP9-40",2.2700343,-99,67.86292239,207.8480688,8.260995901,211.5198801,13.54959821
"2002","December",16,"SP",10,"E",20,"SP10-20",1.671343935,-99,9.530832099,43.49989759,3.857477396,141.6205561,9.071976823
"2002","December",16,"SP",10,"E",40,"SP10-40",2.070470845,-99,29.80910324,183.7422106,9.725919959,214.5514044,13.74379204
"2002","December",16,"SP",11,"A",20,"SP11-20",1.122544434,-99,6.816806061,32.21079188,4.985688793,159.7012569,10.23019307
"2002","December",16,"SP",11,"A",40,"SP11-40",1.396944185,-99,19.05650412,114.0896374,10.5882012,227.1829272,14.55294403
"2002","December",16,"SP",13,"A",20,"SP13-20",2.369816027,-99,90.07604823,82.85573939,3.00326343,142.4650845,9.12607575
"2002","December",16,"SP",13,"A",40,"SP13-40",1.646398503,-99,87.16351107,115.1625529,5.804611124,176.4496283,11.30306276
"2002","December",16,"SP",14,"E",20,"SP14-20",1.297162457,-99,18.57215086,100.2342667,4.86259773,157.9429896,10.11756172
"2002","December",16,"SP",14,"E",40,"SP14-40",1.746180231,-99,41.49029906,244.8288024,7.177760397,202.9864112,13.00295998
"2002","December",NA,"MX",1,"E",20,"MX1-20",-99,-99,-99,-99,-99,-99,-99
"2002","December",NA,"MX",1,"E",40,"MX1-40",-99,-99,-99,-99,-99,-99,-99
"2002","December",NA,"MX",2,"A",20,"MX2-20",-99,-99,-99,-99,-99,-99,-99
"2002","December",NA,"MX",2,"A",40,"MX2-40",-99,-99,-99,-99,-99,-99,-99
"2002","December",NA,"MX",4,"E",20,"MX4-20",-99,-99,-99,-99,-99,-99,-99
"2002","December",NA,"MX",4,"E",40,"MX4-40",-99,-99,-99,-99,-99,-99,-99
"2002","December",NA,"MX",6,"A",20,"MX6-20",-99,-99,-99,-99,-99,-99,-99
"2002","December",NA,"MX",6,"A",40,"MX6-40",-99,-99,-99,-99,-99,-99,-99
"2002","December",NA,"MX",8,"E",20,"MX8-20",-99,-99,-99,-99,-99,-99,-99
"2002","December",NA,"MX",8,"E",40,"MX8-40",-99,-99,-99,-99,-99,-99,-99
"2002","December",NA,"MX",9,"A",20,"MX9-20",-99,-99,-99,-99,-99,-99,-99
"2002","December",NA,"MX",9,"A",40,"MX9-40",-99,-99,-99,-99,-99,-99,-99
"2002","December",NA,"MX",11,"E",20,"MX11-20",-99,-99,-99,-99,-99,-99,-99
"2002","December",NA,"MX",11,"E",40,"MX11-40",-99,-99,-99,-99,-99,-99,-99
"2002","December",NA,"MX",12,"A",20,"MX12-20",-99,-99,-99,-99,-99,-99,-99
"2002","December",NA,"MX",12,"A",40,"MX12-40",-99,-99,-99,-99,-99,-99,-99
"2002","December",NA,"MX",13,"E",20,"MX13-20",-99,-99,-99,-99,-99,-99,-99
"2002","December",NA,"MX",13,"E",40,"MX13-40",-99,-99,-99,-99,-99,-99,-99
"2002","December",NA,"MX",15,"A",20,"MX15-20",-99,-99,-99,-99,-99,-99,-99
"2002","December",NA,"MX",15,"A",40,"MX15-40",-99,-99,-99,-99,-99,-99,-99
"2003","February",5,"SC",1,"E",20,"SC1-20",1.441845962,-99,192.2458012,34.22890806,3.69374421,172.1230513,11.02591024
"2003","February",5,"SC",1,"E",40,"SC1-40",1.591518553,-99,165.5621428,14.57024135,7.374707642,205.9350082,13.19184165
"2003","February",5,"SC",1,"E",80,"SC1-80",2.015590895,-99,203.7727991,102.5556848,2.055381125,127.9014626,8.193157075
"2003","February",5,"SC",2,"A",20,"SC2-20",1.292173371,-99,125.5519204,44.0983012,4.96287259,175.1701755,11.22110338
"2003","February",5,"SC",2,"A",40,"SC2-40",1.242282507,-99,113.2552071,35.77644627,8.016375854,209.3989698,13.41373662
"2003","February",5,"SC",2,"A",80,"SC2-80",1.367009666,-99,151.7512322,150.0083707,1.983587982,128.7946266,8.250371511
"2003","February",5,"SC",4,"A",20,"SC4-20",0.194574369,-99,14.54056071,5.404415704,6.401400823,125.8296897,8.060443135
"2003","February",5,"SC",4,"A",40,"SC4-40",0.593701278,-99,29.99549549,7.714752303,9.178484069,200.7019026,12.85661858
"2003","February",5,"SC",4,"A",80,"SC4-80",1.192391643,-99,30.18970608,11.45488567,7.44035427,186.3636297,11.93813534
"2003","February",5,"SC",6,"E",20,"SC6-20",0.543810415,-99,79.34992938,28.26697965,5.966872222,165.2243262,10.58399067
"2003","February",5,"SC",6,"E",40,"SC6-40",1.292173371,-99,106.6553698,14.65972485,8.13341489,209.8771565,13.44436837
"2003","February",5,"SC",6,"E",80,"SC6-80",1.81602744,-99,165.0419685,79.1064083,3.717510649,148.778809,9.530521265
"2003","February",5,"SC",8,"A",20,"SC8-20",0.593701278,-99,61.90983782,15.98385906,6.339572679,146.7671776,9.40165988
"2003","February",5,"SC",8,"A",40,"SC8-40",1.192391643,-99,65.50131311,13.04309318,7.732524093,195.18496,12.50321344
"2003","February",5,"SC",8,"A",80,"SC8-80",1.81602744,-99,80.04572625,93.13442949,3.972675681,130.559918,8.363452812
"2003","February",5,"SC",9,"E",20,"SC9-20",0.992828188,-99,64.00955621,15.21751458,5.758465342,184.90417,11.84464506
"2003","February",5,"SC",9,"E",40,"SC9-40",1.41690053,-99,72.42321348,12.17141859,7.467885322,192.1878208,12.31122225
"2003","February",5,"SC",9,"E",80,"SC9-80",3.033364515,-99,117.4279177,186.7669192,1.94328675,130.8636655,8.382910313
"2003","February",5,"SC",10,"E",20,"SC10-20",1.092609916,-99,85.68727176,36.7270769,5.008755966,179.6232478,11.50635895
"2003","February",5,"SC",10,"E",40,"SC10-40",1.242282507,-99,86.58825864,24.36610843,7.305136069,201.0876921,12.88133154
"2003","February",5,"SC",10,"E",80,"SC10-80",1.965700031,-99,64.69528861,88.30254203,3.182935715,129.5978217,8.301822701
"2003","February",5,"SC",12,"A",20,"SC12-20",0.718428438,-99,78.30866591,92.05198386,7.679078143,187.5771366,12.01587035
"2003","February",5,"SC",12,"A",40,"SC12-40",1.267227939,-99,107.9715523,109.1668258,8.576191007,217.217328,13.91456618
"2003","February",5,"SC",12,"A",80,"SC12-80",1.641409417,-99,98.48937562,150.5019429,5.034401504,155.4353602,9.956927617
"2003","February",5,"SC",14,"E",20,"SC14-20",0.518864983,-99,42.5184427,54.34003437,8.11869763,178.4948736,11.43407739
"2003","February",5,"SC",14,"E",40,"SC14-40",0.74337387,-99,50.8538475,36.6612525,8.540052012,213.167749,13.65515764
"2003","February",5,"SC",14,"E",80,"SC14-80",0.967882756,-99,41.0199922,31.20137364,8.643013836,197.3361274,12.64101325
"2003","February",5,"SC",15,"A",20,"SC15-20",0.094792641,-99,15.28167178,23.18403967,9.171712897,176.2223555,11.28850408
"2003","February",5,"SC",15,"A",40,"SC15-40",0.543810415,-99,28.038943,51.41190146,9.458160766,214.8452857,13.76261754
"2003","February",5,"SC",15,"A",80,"SC15-80",0.967882756,-99,36.43160452,86.24165107,7.964726914,179.4065951,11.49248058
"2003","February",6,"SP",1,"E",20,"SP1-20",0.511381353,-99,8.993733973,13.44668317,4.291633894,99.26800158,6.358950536
"2003","February",6,"SP",1,"E",40,"SP1-40",1.13501715,-99,14.1661723,13.84500942,8.818576879,181.4233353,11.62166923
"2003","February",6,"SP",2,"A",20,"SP2-20",1.633925787,-99,88.19468529,119.6772865,3.861577934,116.6422153,7.471910526
"2003","February",6,"SP",2,"A",40,"SP2-40",2.605411773,-99,108.5385144,262.0719132,6.26838367,179.9152106,11.52506154
"2003","February",6,"SP",4,"E",20,"SP4-20",1.409416901,-99,50.45687906,56.62061701,3.515601734,103.3323847,6.619307401
"2003","February",6,"SP",4,"E",40,"SP4-40",2.132834425,-99,107.7664599,174.9252321,6.673725303,168.7165558,10.80769644
"2003","February",6,"SP",5,"A",20,"SP5-20",2.743997505,-99,90.14062171,135.6430826,3.164562868,149.0642794,9.548807967
"2003","February",6,"SP",5,"A",40,"SP5-40",2.294979732,-99,79.57781109,118.5406521,6.745100299,201.0076478,12.87620405
"2003","February",6,"SP",8,"E",20,"SP8-20",1.334580605,-99,38.80403707,107.9223679,2.169063435,85.19321697,5.457345872
"2003","February",6,"SP",8,"E",40,"SP8-40",1.658871219,-99,59.88395087,167.2184585,6.182726236,177.820253,11.39086244
"2003","February",6,"SP",9,"A",20,"SP9-20",1.883380106,-99,79.79819647,101.4408811,3.772359831,139.2951193,8.923013643
"2003","February",6,"SP",9,"A",40,"SP9-40",2.182725288,-99,93.46622675,212.350502,3.704991871,125.8200275,8.059824193
"2003","February",6,"SP",10,"E",20,"SP10-20",1.93327097,-99,17.87009692,79.6628683,3.888919152,130.0125264,8.328387916
"2003","February",6,"SP",10,"E",40,"SP10-40",1.209853446,-99,33.32184254,190.9621718,8.163577964,200.2760222,12.82933747
"2003","February",6,"SP",11,"A",20,"SP11-20",0.985344559,-99,20.11628582,60.21098326,3.837121422,126.6657087,8.113996965
"2003","February",6,"SP",11,"A",40,"SP11-40",1.384471469,-99,26.88906117,127.7669276,8.543733252,208.7213909,13.37033216
"2003","February",6,"SP",13,"A",20,"SP13-20",2.294979732,-99,117.8410259,110.5201045,2.184596469,128.9059355,8.257501749
"2003","February",6,"SP",13,"A",40,"SP13-40",2.394761459,-99,139.1671686,173.7648832,4.783869447,181.8822231,11.65106473
"2003","February",6,"SP",14,"E",20,"SP14-20",1.833489242,-99,31.45131608,193.9150165,3.473370096,148.0074289,9.481108079
"2003","February",6,"SP",14,"E",40,"SP14-40",2.544434051,-99,62.98949193,255.2830797,6.141123102,187.4181538,12.00568621
"2003","February",NA,"MX",1,"E",20,"MX1-20",-99,-99,-99,-99,-99,-99,-99
"2003","February",NA,"MX",1,"E",40,"MX1-40",-99,-99,-99,-99,-99,-99,-99
"2003","February",NA,"MX",2,"A",20,"MX2-20",-99,-99,-99,-99,-99,-99,-99
"2003","February",NA,"MX",2,"A",40,"MX2-40",-99,-99,-99,-99,-99,-99,-99
"2003","February",NA,"MX",4,"E",20,"MX4-20",-99,-99,-99,-99,-99,-99,-99
"2003","February",NA,"MX",4,"E",40,"MX4-40",-99,-99,-99,-99,-99,-99,-99
"2003","February",NA,"MX",6,"A",20,"MX6-20",-99,-99,-99,-99,-99,-99,-99
"2003","February",NA,"MX",6,"A",40,"MX6-40",-99,-99,-99,-99,-99,-99,-99
"2003","February",NA,"MX",8,"E",20,"MX8-20",-99,-99,-99,-99,-99,-99,-99
"2003","February",NA,"MX",8,"E",40,"MX8-40",-99,-99,-99,-99,-99,-99,-99
"2003","February",NA,"MX",9,"A",20,"MX9-20",-99,-99,-99,-99,-99,-99,-99
"2003","February",NA,"MX",9,"A",40,"MX9-40",-99,-99,-99,-99,-99,-99,-99
"2003","February",NA,"MX",11,"E",20,"MX11-20",-99,-99,-99,-99,-99,-99,-99
"2003","February",NA,"MX",11,"E",40,"MX11-40",-99,-99,-99,-99,-99,-99,-99
"2003","February",NA,"MX",12,"A",20,"MX12-20",-99,-99,-99,-99,-99,-99,-99
"2003","February",NA,"MX",12,"A",40,"MX12-40",-99,-99,-99,-99,-99,-99,-99
"2003","February",NA,"MX",13,"E",20,"MX13-20",-99,-99,-99,-99,-99,-99,-99
"2003","February",NA,"MX",13,"E",40,"MX13-40",-99,-99,-99,-99,-99,-99,-99
"2003","February",NA,"MX",15,"A",20,"MX15-20",-99,-99,-99,-99,-99,-99,-99
"2003","February",NA,"MX",15,"A",40,"MX15-40",-99,-99,-99,-99,-99,-99,-99
"2003","March",26,"SC",1,"E",20,"SC1-20",1.496725912,-99,130.3113325,65.63922429,2.463303474,127.9521458,8.196403746
"2003","March",26,"SC",1,"E",40,"SC1-40",1.571562208,-99,178.2860985,27.47099204,5.54717632,194.2381203,12.44256065
"2003","March",26,"SC",1,"E",80,"SC1-80",1.721234799,-99,216.255012,97.02111634,2.086888428,130.8679972,8.383187792
"2003","March",26,"SC",2,"A",20,"SC2-20",1.097599002,-99,122.5476192,70.46080596,3.312025358,126.1918587,8.083643016
"2003","March",26,"SC",2,"A",40,"SC2-40",1.521671344,-99,150.4272885,65.36312752,6.540613233,194.0940242,12.43333012
"2003","March",26,"SC",2,"A",80,"SC2-80",2.170252572,-99,205.0812692,139.6617507,4.371229468,207.2541368,13.27634258
"2003","March",26,"SC",4,"A",20,"SC4-20",0.299345182,-99,10.85514558,11.11634437,4.291022064,93.66817957,6.000236297
"2003","March",26,"SC",4,"A",40,"SC4-40",0.523854069,-99,24.86686352,6.566870121,7.803296237,166.5580423,10.66942606
"2003","March",26,"SC",4,"A",80,"SC4-80",1.022762707,-99,38.30396444,11.37216192,7.322219841,184.4832124,11.8176793
"2003","March",26,"SC",6,"E",20,"SC6-20",0.79825382,-99,30.47075049,37.19527231,2.260587764,90.85547979,5.820059953
"2003","March",26,"SC",6,"E",40,"SC6-40",1.19738073,-99,122.884828,27.25983314,7.167405134,198.1013362,12.69003111
"2003","March",26,"SC",6,"E",80,"SC6-80",1.771125663,-99,168.152933,78.57139115,4.808445246,189.018923,12.10822852
"2003","March",26,"SC",8,"A",20,"SC8-20",0.972871843,-99,49.60771768,45.91057761,4.156478543,115.6651798,7.409323439
"2003","March",26,"SC",8,"A",40,"SC8-40",1.222326162,-99,50.5666115,15.40601173,9.392044684,224.5740873,14.38582657
"2003","March",26,"SC",8,"A",80,"SC8-80",1.59650764,-99,80.81604768,81.21057268,4.625748038,146.1426923,9.361656506
"2003","March",26,"SC",9,"E",20,"SC9-20",1.297162457,-99,50.16570128,51.99074613,4.444243706,151.468957,9.702847171
"2003","March",26,"SC",9,"E",40,"SC9-40",1.371998753,-99,82.21069198,18.54253315,7.156215193,189.3537209,12.12967506
"2003","March",26,"SC",9,"E",80,"SC9-80",2.494543187,-99,119.6913474,157.3805924,2.147406974,129.18752,8.275539536
"2003","March",26,"SC",10,"E",20,"SC10-20",1.322107889,-99,77.01391905,72.37719352,3.52936726,155.6443891,9.970317626
"2003","March",26,"SC",10,"E",40,"SC10-40",1.446835048,-99,81.77948197,32.64984282,6.958512125,203.2671938,13.02094639
"2003","March",26,"SC",10,"E",80,"SC10-80",1.621453071,-99,65.09877547,83.12696026,3.562567676,138.8326922,8.893391423
"2003","March",26,"SC",12,"A",20,"SC12-20",0.723417524,-99,55.33617544,118.4754372,4.750738295,122.1033711,7.82174206
"2003","March",26,"SC",12,"A",40,"SC12-40",1.07265357,-99,102.0128609,89.87279744,8.736893132,223.3693151,14.30865109
"2003","March",26,"SC",12,"A",80,"SC12-80",1.771125663,-99,101.0808502,137.3473693,5.36073374,163.0217723,10.44289914
"2003","March",26,"SC",14,"E",20,"SC14-20",0.748362956,-99,25.55670063,49.02072496,5.220897957,114.3043245,7.322149564
"2003","March",26,"SC",14,"E",40,"SC14-40",0.972871843,-99,47.74945069,59.16521755,7.043070318,181.5365424,11.62892107
"2003","March",26,"SC",14,"E",80,"SC14-80",1.047708138,-99,46.13830228,31.05559588,12.77484955,273.2016528,17.50081846
"2003","March",26,"SC",15,"A",20,"SC15-20",0.623635797,-99,12.54096453,48.02997913,4.381562591,95.18817218,6.097604212
"2003","March",26,"SC",15,"A",40,"SC15-40",0.773308388,-99,26.48282213,54.80856224,-99,-99,-99
"2003","March",26,"SC",15,"A",80,"SC15-80",1.022762707,-99,35.05927995,74.34062225,-99,-99,-99
"2003","March",27,"SP",1,"E",20,"SP1-20",1.022762707,-99,12.52028442,49.90785831,1.73314058,66.12011136,4.235558011
"2003","March",27,"SP",1,"E",40,"SP1-40",0.898035547,-99,10.22813553,18.64603482,7.494872525,151.0606887,9.676694257
"2003","March",27,"SP",2,"A",20,"SP2-20",1.771125663,-99,151.5373468,188.0601913,1.102581502,76.77559399,4.918128516
"2003","March",27,"SP",2,"A",40,"SP2-40",2.300523161,-99,130.7258577,242.1641887,5.820929686,164.0681045,10.50992525
"2003","March",27,"SP",4,"E",20,"SP4-20",1.396944185,-99,73.68098591,94.09486729,1.085876115,62.85498655,4.026400157
"2003","March",27,"SP",4,"E",40,"SP4-40",1.771125663,-99,93.45638814,156.9479133,5.930948714,155.6578861,9.971182218
"2003","March",27,"SP",5,"A",20,"SP5-20",1.845961958,-99,175.0429721,162.9860274,0.712098222,86.69361605,5.553458661
"2003","March",27,"SP",5,"A",40,"SP5-40",2.469597755,-99,119.3298144,145.5305387,4.960662564,173.4533225,11.11112495
"2003","March",27,"SP",8,"E",20,"SP8-20",1.721234799,-99,75.19270453,130.6978863,0.882053468,72.363479,4.635496593
"2003","March",27,"SP",8,"E",40,"SP8-40",2.045525413,-99,80.21635938,157.06161,4.955982131,158.7371386,10.16843344
"2003","March",27,"SP",9,"A",20,"SP9-20",2.020579981,-99,97.6146524,131.3637765,1.375524225,85.37418685,5.468938467
"2003","March",27,"SP",9,"A",40,"SP9-40",2.220143436,-99,118.1993678,189.5922154,5.624515693,178.6801752,11.44594746
"2003","March",27,"SP",10,"E",20,"SP10-20",1.546616776,-99,49.95743877,83.94017967,1.374459616,81.63320425,5.229298043
"2003","March",27,"SP",10,"E",40,"SP10-40",1.995634549,-99,35.83125845,175.9335976,7.04808296,185.7752807,11.9004468
"2003","March",27,"SP",11,"A",20,"SP11-20",1.022762707,-99,31.15287464,95.42825464,1.070995956,66.03995238,4.230423175
"2003","March",27,"SP",11,"A",40,"SP11-40",1.571562208,-99,36.70627665,130.3127471,6.684586883,186.2710744,11.93220643
"2003","March",27,"SP",13,"A",20,"SP13-20",2.220143436,-99,177.2826938,203.370126,0.333119135,89.87372784,5.757170739
"2003","March",27,"SP",13,"A",40,"SP13-40",1.87090739,-99,144.7124147,143.532868,2.92614042,132.0002418,8.455717289
"2003","March",27,"SP",14,"E",20,"SP14-20",1.945743686,-99,42.82884886,188.7068551,0.78176856,81.72345604,5.235079406
"2003","March",27,"SP",14,"E",40,"SP14-40",2.319925164,-99,55.74254242,228.7166744,4.794360338,176.9687775,11.3363185
"2003","March",NA,"MX",1,"E",20,"MX1-20",-99,-99,-99,-99,-99,-99,-99
"2003","March",NA,"MX",1,"E",40,"MX1-40",-99,-99,-99,-99,-99,-99,-99
"2003","March",NA,"MX",2,"A",20,"MX2-20",-99,-99,-99,-99,-99,-99,-99
"2003","March",NA,"MX",2,"A",40,"MX2-40",-99,-99,-99,-99,-99,-99,-99
"2003","March",NA,"MX",4,"E",20,"MX4-20",-99,-99,-99,-99,-99,-99,-99
"2003","March",NA,"MX",4,"E",40,"MX4-40",-99,-99,-99,-99,-99,-99,-99
"2003","March",NA,"MX",6,"A",20,"MX6-20",-99,-99,-99,-99,-99,-99,-99
"2003","March",NA,"MX",6,"A",40,"MX6-40",-99,-99,-99,-99,-99,-99,-99
"2003","March",NA,"MX",8,"E",20,"MX8-20",-99,-99,-99,-99,-99,-99,-99
"2003","March",NA,"MX",8,"E",40,"MX8-40",-99,-99,-99,-99,-99,-99,-99
"2003","March",NA,"MX",9,"A",20,"MX9-20",-99,-99,-99,-99,-99,-99,-99
"2003","March",NA,"MX",9,"A",40,"MX9-40",-99,-99,-99,-99,-99,-99,-99
"2003","March",NA,"MX",11,"E",20,"MX11-20",-99,-99,-99,-99,-99,-99,-99
"2003","March",NA,"MX",11,"E",40,"MX11-40",-99,-99,-99,-99,-99,-99,-99
"2003","March",NA,"MX",12,"A",20,"MX12-20",-99,-99,-99,-99,-99,-99,-99
"2003","March",NA,"MX",12,"A",40,"MX12-40",-99,-99,-99,-99,-99,-99,-99
"2003","March",NA,"MX",13,"E",20,"MX13-20",-99,-99,-99,-99,-99,-99,-99
"2003","March",NA,"MX",13,"E",40,"MX13-40",-99,-99,-99,-99,-99,-99,-99
"2003","March",NA,"MX",15,"A",20,"MX15-20",-99,-99,-99,-99,-99,-99,-99
"2003","March",NA,"MX",15,"A",40,"MX15-40",-99,-99,-99,-99,-99,-99,-99
"2003","May",20,"SC",1,"E",20,"SC1-20",2.117867166,-99,325.0775489,85.05830795,0.396794312,102.7239394,6.580331516
"2003","May",20,"SC",1,"E",40,"SC1-40",1.830994699,-99,144.204981,49.99407276,4.697959329,180.6673275,11.57324076
"2003","May",20,"SC",1,"E",80,"SC1-80",2.117867166,-99,218.5112879,128.896082,2.166033788,134.8742771,8.639822675
"2003","May",20,"SC",2,"A",20,"SC2-20",2.005612722,-99,303.0533037,97.17304439,0.812515244,93.80817083,6.009203878
"2003","May",20,"SC",2,"A",40,"SC2-40",1.781103835,-99,186.9697924,99.04843019,5.680559033,174.1207271,11.15387765
"2003","May",20,"SC",2,"A",80,"SC2-80",2.130339882,-99,220.382776,134.7595508,2.710051679,139.3536937,8.926765816
"2003","May",20,"SC",4,"A",20,"SC4-20",0.932959152,-99,76.51165194,4.942481362,0.856679853,60.26022973,3.860184835
"2003","May",20,"SC",4,"A",40,"SC4-40",0.621141254,-99,29.46981184,7.070304861,4.817285351,111.686541,7.154459195
"2003","May",20,"SC",4,"A",80,"SC4-80",1.082631743,-99,39.14760186,10.23984931,7.875594749,191.2772358,12.25289186
"2003","May",20,"SC",6,"E",20,"SC6-20",1.968194574,-99,166.2121135,10.72084391,0.257281759,77.05762436,4.93619486
"2003","May",20,"SC",6,"E",40,"SC6-40",1.431867789,-99,107.2669682,29.72497897,6.728561658,185.4851296,11.88186026
"2003","May",20,"SC",6,"E",80,"SC6-80",1.98066729,-99,161.3814554,78.99697804,3.684034461,150.5893512,9.646501245
"2003","May",20,"SC",8,"A",20,"SC8-20",1.569067664,-99,261.0392598,59.1062083,0.888031954,79.82704539,5.113598847
"2003","May",20,"SC",8,"A",40,"SC8-40",1.357031494,-99,70.6744489,23.96628616,7.060391382,172.6146535,11.05740137
"2003","May",20,"SC",8,"A",80,"SC8-80",1.880885563,-99,75.89701017,99.28579697,3.916369396,133.2579471,8.536283566
"2003","May",20,"SC",9,"E",20,"SC9-20",1.993140006,-99,171.381557,55.68727361,2.200817009,129.8214688,8.31614912
"2003","May",20,"SC",9,"E",40,"SC9-40",1.631431244,-99,85.16948071,26.16841144,6.143767951,176.3271617,11.29521777
"2003","May",20,"SC",9,"E",80,"SC9-80",2.564390396,-99,107.614926,148.6784741,1.889289256,124.5151425,7.976235677
"2003","May",20,"SC",10,"E",20,"SC10-20",2.190208918,-99,337.4465928,107.0484216,0.487401537,98.64663171,6.319146731
"2003","May",20,"SC",10,"E",40,"SC10-40",1.830994699,-99,113.0651087,55.67851919,5.543575889,181.219196,11.60859244
"2003","May",20,"SC",10,"E",80,"SC10-80",1.830994699,-99,81.53461092,82.44705184,3.259909528,133.3260488,8.54064603
"2003","May",20,"SC",12,"A",20,"SC12-20",1.506704085,-99,184.1290421,145.940556,1.761445077,95.25150028,6.101660893
"2003","May",20,"SC",12,"A",40,"SC12-40",1.30714063,-99,76.73019225,112.5894728,7.286597759,194.5047896,12.45964299
"2003","May",20,"SC",12,"A",80,"SC12-80",1.743685688,-99,96.85059495,139.1037947,5.336234901,166.6705997,10.67663628
"2003","May",20,"SC",14,"E",20,"SC14-20",1.406922357,-99,85.57297484,37.37778541,1.854890833,83.8824849,5.3733828
"2003","May",20,"SC",14,"E",40,"SC14-40",0.982850016,-99,50.60533861,45.7558792,5.85625419,152.505971,9.769276367
"2003","May",20,"SC",14,"E",80,"SC14-80",1.120049891,-99,48.87791641,35.34421049,8.048184583,194.3114286,12.44725664
"2003","May",20,"SC",15,"A",20,"SC15-20",1.032740879,-99,88.81598711,46.45058146,2.360734145,82.13041959,5.261148738
"2003","May",20,"SC",15,"A",40,"SC15-40",0.833177424,-99,34.72956465,64.52630439,7.337631022,162.7636462,10.42636406
"2003","May",20,"SC",15,"A",80,"SC15-80",1.032740879,-99,38.79174942,75.64985177,8.154132443,192.8188622,12.3516456
"2003","May",21,"SP",1,"E",20,"SP1-20",1.531649517,-99,111.1071722,22.29917804,0.866334448,58.26938035,3.732654707
"2003","May",21,"SP",1,"E",40,"SP1-40",1.169940755,-99,20.58691654,25.09843254,7.918899975,154.3496352,9.887378085
"2003","May",21,"SP",2,"A",20,"SP2-20",1.865918304,-99,345.9298937,195.4697024,0.376437187,65.13119549,4.172209891
"2003","May",21,"SP",2,"A",40,"SP2-40",2.352354225,-99,146.0732558,245.6853507,4.726320263,149.6751148,9.587936955
"2003","May",21,"SP",4,"E",20,"SP4-20",1.893358279,-99,348.3415669,80.32537866,0.377831441,63.68565975,4.079611545
"2003","May",21,"SP",4,"E",40,"SP4-40",2.005612722,-99,133.4178201,249.1195779,4.884446803,134.8759997,8.639933019
"2003","May",21,"SP",5,"A",20,"SP5-20",2.364826941,-99,600.1999785,190.8195523,0.224253219,90.21142379,5.778802917
"2003","May",21,"SP",5,"A",40,"SP5-40",2.826317431,-99,202.96049,197.6042302,3.866042879,160.4511659,10.27823085
"2003","May",21,"SP",8,"E",20,"SP8-20",1.930776427,-99,331.894382,136.3965171,0.367028863,64.59684357,4.137980295
"2003","May",21,"SP",8,"E",40,"SP8-40",2.364826941,-99,119.8519949,182.4450046,3.972479434,143.9457466,9.22092423
"2003","May",21,"SP",9,"A",20,"SP9-20",1.905830995,-99,346.8041325,139.304537,0.701767664,81.50455851,5.221057234
"2003","May",21,"SP",9,"A",40,"SP9-40",2.156393999,-99,151.3259461,192.8110173,5.877108987,182.4934713,11.69022016
"2003","May",21,"SP",10,"E",20,"SP10-20",1.905830995,-99,460.8981861,93.66263151,0.642259855,86.06394546,5.513123128
"2003","May",21,"SP",10,"E",40,"SP10-40",1.943249143,-99,78.70953435,182.0493932,5.422637561,159.747049,10.23312643
"2003","May",21,"SP",11,"A",20,"SP11-20",1.344558778,-99,349.037983,82.5732707,0.175391503,62.04792481,3.974701275
"2003","May",21,"SP",11,"A",40,"SP11-40",1.768631119,-99,71.14704141,159.2125939,5.412752087,161.7754415,10.3630615
"2003","May",21,"SP",13,"A",20,"SP13-20",1.943249143,-99,612.6503659,239.4020019,0,76.30956656,4.888275661
"2003","May",21,"SP",13,"A",40,"SP13-40",2.61428126,-99,279.2565482,178.8841707,2.226095707,123.9694173,7.941277529
"2003","May",21,"SP",14,"E",20,"SP14-20",2.289990645,-99,308.1595745,184.7078013,0.286426399,73.58435488,4.713703643
"2003","May",21,"SP",14,"E",40,"SP14-40",2.963517306,-99,96.85944527,245.6536574,4.102740147,168.6736009,10.80494483
"2003","May",20,"MX",1,"E",20,"MX1-20",0.608668538,-99,110.9941968,19.51399709,2.034022241,82.25625757,5.269209686
"2003","May",20,"MX",1,"E",40,"MX1-40",1.107577175,-99,82.65651512,40.72685094,7.98495962,159.2630196,10.2021204
"2003","May",20,"MX",2,"A",20,"MX2-20",1.30714063,-99,165.0445222,21.37093214,1.197826832,65.25400847,4.180077063
"2003","May",20,"MX",2,"A",40,"MX2-40",1.58154038,-99,205.2104349,67.56298108,6.457078604,151.051619,9.676113268
"2003","May",20,"MX",4,"E",20,"MX4-20",1.232304334,-99,113.3302932,11.13811961,1.012366771,71.85549035,4.602955779
"2003","May",20,"MX",4,"E",40,"MX4-40",1.032740879,-99,72.12097583,17.17423898,8.228227964,162.8994483,10.43506329
"2003","May",20,"MX",6,"A",20,"MX6-20",0.932959152,-99,59.69622483,13.60453982,0.929132285,59.1530397,3.78926029
"2003","May",20,"MX",6,"A",40,"MX6-40",1.207358902,-99,46.27073233,51.06455032,8.177761637,165.7464566,10.61743738
"2003","May",20,"MX",8,"E",20,"MX8-20",2.030558154,-99,180.2071662,89.45790423,3.4680137,123.7643684,7.928142475
"2003","May",20,"MX",8,"E",40,"MX8-40",1.768631119,-99,126.2121231,111.1552434,9.138313668,197.9891865,12.68284701
"2003","May",20,"MX",9,"A",20,"MX9-20",1.419395073,-99,62.66184891,50.23005433,2.569361643,95.34462985,6.107626601
"2003","May",20,"MX",9,"A",40,"MX9-40",1.257249766,-99,60.39302546,65.58365033,8.891142185,178.2019171,11.41531114
"2003","May",20,"MX",11,"E",20,"MX11-20",0.783286561,-99,63.33403967,6.967634316,0.719323455,42.42328062,2.717582874
"2003","May",20,"MX",11,"E",40,"MX11-40",1.269722482,-99,70.3164616,57.40219862,5.750508991,128.8161219,8.251748461
"2003","May",20,"MX",12,"A",20,"MX12-20",0.546304958,-99,48.48252195,7.581496685,0.938053197,52.76963064,3.380350915
"2003","May",20,"MX",12,"A",40,"MX12-40",0.90801372,-99,39.92143074,40.71809652,5.744580528,126.3994786,8.096942761
"2003","May",20,"MX",13,"E",20,"MX13-20",1.456813221,-99,133.1813868,5.370672389,1.108140558,62.89011314,4.028650301
"2003","May",20,"MX",13,"E",40,"MX13-40",1.394449641,-99,71.7245234,33.88238804,6.749104769,144.5989917,9.262769903
"2003","May",20,"MX",15,"A",20,"MX15-20",1.269722482,-99,124.0490143,13.65917186,0.532819307,46.30086836,2.96597397
"2003","May",20,"MX",15,"A",40,"MX15-40",1.36950421,-99,31.28466868,54.4332856,5.847855321,129.7405683,8.310966787
"2003","June",NA,"SC",1,"E",20,"SC1-20",1.686311194,-99,-99,75.71118814,0.212710969,93.64849739,5.998975493
"2003","June",NA,"SC",1,"E",40,"SC1-40",2.185219832,-99,-99,55.61430161,4.028254332,175.3314905,11.23143692
"2003","June",NA,"SC",1,"E",80,"SC1-80",1.935765513,-99,-99,107.6483766,1.938621067,131.3729381,8.415533375
"2003","June",NA,"SC",2,"A",20,"SC2-20",1.711256626,-99,-99,96.2249071,0.26585784,81.4952741,5.220462493
"2003","June",NA,"SC",2,"A",40,"SC2-40",2.197692548,-99,-99,128.1873061,4.676973126,164.4574573,10.53486647
"2003","June",NA,"SC",2,"A",80,"SC2-80",1.985656377,-99,-99,146.6135938,2.769494697,138.162299,8.850447272
"2003","June",NA,"SC",4,"A",20,"SC4-20",0.937948238,-99,-99,4.352832176,0.279071795,51.30158154,3.286310406
"2003","June",NA,"SC",4,"A",40,"SC4-40",1.125038977,-99,-99,7.612968282,2.983852782,94.71994383,6.06761037
"2003","June",NA,"SC",4,"A",80,"SC4-80",0.987839102,-99,-99,15.51494334,7.581146041,187.7422972,12.02645024
"2003","June",NA,"SC",6,"E",20,"SC6-20",0.788275647,-99,-99,9.196687761,0.669092366,70.95353078,4.545177918
"2003","June",NA,"SC",6,"E",40,"SC6-40",1.162457125,-99,-99,32.38693309,5.873502628,180.0896609,11.53623651
"2003","June",NA,"SC",6,"E",80,"SC6-80",1.536638603,-99,-99,92.66108118,3.568939794,153.2639819,9.817833145
"2003","June",NA,"SC",8,"A",20,"SC8-20",1.36202058,-99,-99,48.25886851,0.123830318,66.01035635,4.228527308
"2003","June",NA,"SC",8,"A",40,"SC8-40",1.012784534,-99,-99,29.28143999,6.518135273,164.7447047,10.55326701
"2003","June",NA,"SC",8,"A",80,"SC8-80",1.636420331,-99,-99,101.6105396,4.114822149,136.6122899,8.751156561
"2003","June",NA,"SC",9,"E",20,"SC9-20",1.636420331,-99,-99,45.44204975,1.372833595,126.3017309,8.090681224
"2003","June",NA,"SC",9,"E",40,"SC9-40",1.386966012,-99,-99,31.52501027,6.193488849,175.7559097,11.25862443
"2003","June",NA,"SC",9,"E",80,"SC9-80",2.412223262,-99,-99,172.8681643,1.930732959,130.6243953,8.367583111
"2003","June",NA,"SC",10,"E",20,"SC10-20",1.100093545,-99,-99,109.8388109,0.439176544,86.94261959,5.569409367
"2003","June",NA,"SC",10,"E",40,"SC10-40",1.661365762,-99,-99,64.38440517,4.772891847,176.721323,11.32046702
"2003","June",NA,"SC",10,"E",80,"SC10-80",1.561584035,-99,-99,97.27194723,2.969088461,132.8193238,8.508186168
"2003","June",NA,"SC",12,"A",20,"SC12-20",1.885874649,-99,-99,204.8800424,0.798677572,89.42037514,5.728129804
"2003","June",NA,"SC",12,"A",40,"SC12-40",1.461802307,-99,-99,145.2846391,6.893416544,182.070733,11.66314032
"2003","June",NA,"SC",12,"A",80,"SC12-80",1.811038354,-99,-99,151.3729526,5.903697291,172.867279,11.07358409
"2003","June",NA,"SC",14,"E",20,"SC14-20",1.798565638,-99,-99,29.52063521,0.474960911,83.01458474,5.317786722
"2003","June",NA,"SC",14,"E",40,"SC14-40",0.863111943,-99,-99,41.43124956,5.3761278,133.9158466,8.578427386
"2003","June",NA,"SC",14,"E",80,"SC14-80",1.039830634,-99,-99,42.45379943,7.698185813,190.5730982,12.20778611
"2003","June",NA,"SC",15,"A",20,"SC15-20",0.663548488,-99,-99,57.22068286,0.970837884,78.00917295,4.997149302
"2003","June",NA,"SC",15,"A",40,"SC15-40",0.96289367,-99,-99,66.42379791,6.645772668,149.3259395,9.565569434
"2003","June",NA,"SC",15,"A",80,"SC15-80",0.987839102,-99,-99,77.79756663,8.034768198,188.1350192,12.05160728
"2003","June",NA,"SP",1,"E",20,"SP1-20",1.566573121,-99,-99,15.92529308,0.133557187,43.41991024,2.781425123
"2003","June",NA,"SP",1,"E",40,"SP1-40",0.768319302,-99,-99,27.38433433,6.178468019,133.3728332,8.543642958
"2003","June",NA,"SP",2,"A",20,"SP2-20",1.591518553,-99,-99,171.1937423,0.034841966,52.94083692,3.391318072
"2003","June",NA,"SP",2,"A",40,"SP2-40",1.229809791,-99,-99,279.5844719,3.781108002,132.1266233,8.463813054
"2003","June",NA,"SP",4,"E",20,"SP4-20",1.628936701,-99,-99,74.50280071,0.099110198,44.94481013,2.879107389
"2003","June",NA,"SP",4,"E",40,"SP4-40",1.890863736,-99,-99,186.3284778,3.968424187,125.8177374,8.059677497
"2003","June",NA,"SP",5,"A",20,"SP5-20",2.222637979,-99,-99,146.663627,0.042458173,76.85774605,4.923391025
"2003","June",NA,"SP",5,"A",40,"SP5-40",1.840972872,-99,-99,229.3776888,2.819576024,140.87757,9.024382508
"2003","June",NA,"SP",8,"E",20,"SP8-20",1.653882133,-99,-99,133.0290562,0.060087105,57.23380659,3.666317768
"2003","June",NA,"SP",8,"E",40,"SP8-40",1.092609916,-99,-99,209.5228787,3.187685774,127.5950949,8.173531729
"2003","June",NA,"SP",9,"A",20,"SP9-20",1.292173371,-99,-99,146.4780111,0.099968696,67.4479881,4.320619339
"2003","June",NA,"SP",9,"A",40,"SP9-40",2.55940131,-99,-99,249.5439458,3.915304923,146.0064616,9.352929817
"2003","June",NA,"SP",10,"E",20,"SP10-20",2.190208918,-99,-99,94.02671579,0.207779193,70.73318275,4.531062831
"2003","June",NA,"SP",10,"E",40,"SP10-40",2.322419707,-99,-99,204.1119249,5.805216223,159.174849,10.19647235
"2003","June",NA,"SP",11,"A",20,"SP11-20",1.117555348,-99,-99,83.72447738,0.031566037,54.63627836,3.499924915
"2003","June",NA,"SP",11,"A",40,"SP11-40",1.915809167,-99,-99,182.6992153,4.650117786,149.3852252,9.569367165
"2003","June",NA,"SP",13,"A",20,"SP13-20",2.102899906,-99,-99,209.7630712,0.064613839,76.17920588,4.879924997
"2003","June",NA,"SP",13,"A",40,"SP13-40",3.63205488,-99,-99,193.7849745,1.409288002,107.3376088,6.875874646
"2003","June",NA,"SP",14,"E",20,"SP14-20",2.260056127,-99,-99,208.4020909,0.042420462,70.12653887,4.492202346
"2003","June",NA,"SP",14,"E",40,"SP14-40",2.609292173,-99,-99,279.1225375,3.068529018,142.5415667,9.130975058
"2003","June",NA,"MX",1,"E",20,"MX1-20",1.01777362,-99,-99,64.9328864,0.382252689,69.38211954,4.444516221
"2003","June",NA,"MX",1,"E",40,"MX1-40",1.35453695,-99,-99,38.42682019,7.317691765,156.7087977,10.03850167
"2003","June",NA,"MX",2,"A",20,"MX2-20",0.793264733,-99,-99,15.45510298,0.462559752,57.79033691,3.70196807
"2003","June",NA,"MX",2,"A",40,"MX2-40",1.466791394,-99,-99,65.68560057,5.871716746,141.5183782,9.065431497
"2003","June",NA,"MX",4,"E",20,"MX4-20",1.042719052,-99,-99,9.254422623,0.101998552,59.09103989,3.785288697
"2003","June",NA,"MX",4,"E",40,"MX4-40",0.992828188,-99,-99,19.19368494,6.588292031,145.8053091,9.340044362
"2003","June",NA,"MX",6,"A",20,"MX6-20",1.267227939,-99,-99,9.171920497,0.416005044,51.59900141,3.305362572
"2003","June",NA,"MX",6,"A",40,"MX6-40",0.868101029,-99,-99,46.38237453,7.766411455,156.8717453,10.04893979
"2003","June",NA,"MX",8,"E",20,"MX8-20",2.140318054,-99,-99,118.936762,2.15300556,118.7709436,7.608272919
"2003","June",NA,"MX",8,"E",40,"MX8-40",1.766136576,-99,-99,122.9160906,8.595771618,195.4964808,12.52316889
"2003","June",NA,"MX",9,"A",20,"MX9-20",1.766136576,-99,-99,42.64994284,1.574525446,90.79451572,5.816154707
"2003","June",NA,"MX",9,"A",40,"MX9-40",1.267227939,-99,-99,67.4156519,7.901493238,168.7098789,10.80726873
"2003","June",NA,"MX",11,"E",20,"MX11-20",0.955410041,-99,-99,8.004811828,0.10510711,32.06943267,2.054334528
"2003","June",NA,"MX",11,"E",40,"MX11-40",1.304646087,-99,-99,30.38466354,5.224670403,123.6384702,7.920077672
"2003","June",NA,"MX",12,"A",20,"MX12-20",0.518864983,-99,-99,7.359367049,0.183311771,34.75210914,2.22618182
"2003","June",NA,"MX",12,"A",40,"MX12-40",0.893046461,-99,-99,14.48181059,4.626949629,111.7095444,7.155932754
"2003","June",NA,"MX",13,"E",20,"MX13-20",1.105082632,-99,-99,6.289111113,0.341588631,47.20123888,3.023650041
"2003","June",NA,"MX",13,"E",40,"MX13-40",1.242282507,-99,-99,26.4006807,5.90217014,134.5153131,8.616828105
"2003","June",NA,"MX",15,"A",20,"MX15-20",1.14250078,-99,-99,9.951396608,0.031387805,31.92322803,2.04496893
"2003","June",NA,"MX",15,"A",40,"MX15-40",1.367009666,-99,-99,44.4955193,4.354117458,106.5209401,6.823560359
"2003","July",21,"SC",1,"E",20,"SC1-20",1.768631119,-99,398.7675505,24.8755272,0.34136593,102.7552638,6.582338099
"2003","July",21,"SC",1,"E",40,"SC1-40",2.389772373,-99,257.8640282,59.65613014,3.20872654,171.7073889,10.99928368
"2003","July",21,"SC",1,"E",80,"SC1-80",2.067976302,-99,249.3232578,116.5766692,2.052369799,137.9352185,8.835900919
"2003","July",21,"SC",2,"A",20,"SC2-20",1.768631119,-99,402.1620952,15.62304385,0.702680281,86.69427868,5.553501108
"2003","July",21,"SC",2,"A",40,"SC2-40",2.27751793,-99,230.701354,150.8843117,3.652005,159.8484857,10.23962427
"2003","July",21,"SC",2,"A",80,"SC2-80",2.167758029,-99,239.292055,149.7721121,2.776771511,144.3402503,9.246195403
"2003","July",21,"SC",4,"A",20,"SC4-20",1.020268163,-99,296.23837,2.15403136,0.42670227,71.66292039,4.590620104
"2003","July",21,"SC",4,"A",40,"SC4-40",1.36950421,-99,162.3119339,4.039113544,6.499796669,148.1573931,9.490714513
"2003","July",21,"SC",4,"A",80,"SC4-80",1.095104459,-99,48.6616445,14.27187066,7.700419747,193.3790751,12.3875318
"2003","July",21,"SC",6,"E",20,"SC6-20",1.431867789,-99,317.7969195,9.117787132,1.93330185,82.78017226,5.302770692
"2003","July",21,"SC",6,"E",40,"SC6-40",1.14250078,-99,246.3063079,39.14850601,7.713388973,161.3706065,10.33712852
"2003","July",21,"SC",6,"E",80,"SC6-80",1.843467415,-99,176.9221268,97.47728832,3.782983086,157.1126563,10.0643721
"2003","July",21,"SC",8,"A",20,"SC8-20",1.594013096,-99,427.8927912,20.08680232,0.223265466,81.84578033,5.242915273
"2003","July",21,"SC",8,"A",40,"SC8-40",1.768631119,-99,275.6046182,36.99059611,5.621128118,151.9489919,9.733597315
"2003","July",21,"SC",8,"A",80,"SC8-80",1.631431244,-99,83.42540751,107.8209163,3.969255215,138.9584842,8.901449427
"2003","July",21,"SC",9,"E",20,"SC9-20",1.943249143,-99,345.4415062,16.81120746,1.319714969,135.5679731,8.684259554
"2003","July",21,"SC",9,"E",40,"SC9-40",1.893358279,-99,201.4179709,40.72751584,5.596872012,177.4782767,11.36895607
"2003","July",21,"SC",9,"E",80,"SC9-80",2.339881509,-99,116.3709441,179.1175481,1.881697285,130.6681129,8.370383575
"2003","July",21,"SC",10,"E",20,"SC10-20",1.743685688,-99,525.088874,63.48231173,0.738190493,98.94118298,6.33801514
"2003","July",21,"SC",10,"E",40,"SC10-40",2.165263486,-99,298.6049243,154.8287334,4.046601065,172.6264771,11.05815876
"2003","July",21,"SC",10,"E",80,"SC10-80",1.830994699,-99,108.0988644,103.7579774,3.424869023,142.5755763,9.13315365
"2003","July",21,"SC",12,"A",20,"SC12-20",2.117867166,-99,650.3713903,272.4941648,0.426617982,98.01427121,6.278638887
"2003","July",21,"SC",12,"A",40,"SC12-40",1.868412847,-99,245.1918259,153.5445482,6.10310015,180.5563803,11.56613369
"2003","July",21,"SC",12,"A",80,"SC12-80",1.594013096,-99,112.2002254,166.8133725,5.599326351,175.8690797,11.26587389
"2003","July",21,"SC",14,"E",20,"SC14-20",1.219831618,-99,470.5171609,19.54569031,0.656806292,86.5036328,5.541288685
"2003","July",21,"SC",14,"E",40,"SC14-40",1.968194574,-99,191.9677628,36.88637416,3.833395292,133.8231312,8.57248821
"2003","July",21,"SC",14,"E",80,"SC14-80",1.169940755,-99,65.57824991,44.70673361,8.064833424,199.485323,12.77868674
"2003","July",21,"SC",15,"A",20,"SC15-20",1.469285937,-99,405.0649923,76.15860566,0.324447291,80.92297068,5.183801794
"2003","July",21,"SC",15,"A",40,"SC15-40",1.444340505,-99,164.3615977,78.17771913,5.227474036,138.0075602,8.840534991
"2003","July",21,"SC",15,"A",80,"SC15-80",1.045213595,-99,55.59057406,84.21511292,7.669141822,190.3091939,12.19088089
"2003","July",22,"SP",1,"E",20,"SP1-20",1.466791394,-99,362.5472158,16.0327841,0.920688345,60.49479564,3.875210694
"2003","July",22,"SP",1,"E",40,"SP1-40",1.566573121,-99,57.23072414,26.32759788,6.181776561,132.8772695,8.51189806
"2003","July",22,"SP",2,"A",20,"SP2-20",1.803554724,-99,569.9029731,183.5867919,0.765780148,59.75711436,3.827956195
"2003","July",22,"SP",2,"A",40,"SP2-40",2.908637356,-99,333.8492941,349.222085,3.364084454,138.1057421,8.846824345
"2003","July",22,"SP",4,"E",20,"SP4-20",1.691300281,-99,677.6457709,91.88742289,0.612354562,52.39320426,3.356237738
"2003","July",22,"SP",4,"E",40,"SP4-40",2.534455878,-99,389.783653,216.5112355,3.779812196,121.0969573,7.757273054
"2003","July",22,"SP",5,"A",20,"SP5-20",2.384783287,-99,730.0258297,146.5468829,0.529580866,80.61800013,5.164265945
"2003","July",22,"SP",5,"A",40,"SP5-40",3.083255379,-99,437.0904942,269.8794735,2.916222603,147.7958395,9.467554059
"2003","July",22,"SP",8,"E",20,"SP8-20",2.065481759,-99,782.2590393,156.5218278,0.124276238,62.91791209,4.03043105
"2003","July",22,"SP",8,"E",40,"SP8-40",2.634237605,-99,336.4949435,234.5727187,2.856706901,129.0860252,8.269037963
"2003","July",22,"SP",9,"A",20,"SP9-20",2.808855628,-99,766.6584214,185.9515389,0.313936716,77.47985555,4.963242209
"2003","July",22,"SP",9,"A",40,"SP9-40",2.908637356,-99,396.7032323,279.2649908,3.744855353,151.8411495,9.726689133
"2003","July",22,"SP",10,"E",20,"SP10-20",1.953227315,-99,799.7282011,103.3443586,0.242388695,73.99847317,4.740231294
"2003","July",22,"SP",10,"E",40,"SP10-40",2.509510446,-99,292.3444137,241.3856546,5.65765581,156.9843861,10.05615535
"2003","July",22,"SP",11,"A",20,"SP11-20",1.616463985,-99,625.7952032,87.28331657,0.067377053,61.75284569,3.955799052
"2003","July",22,"SP",11,"A",40,"SP11-40",2.43467415,-99,304.1726931,197.1191354,4.053744522,133.2120315,8.533342295
"2003","July",22,"SP",13,"A",20,"SP13-20",2.235110695,-99,792.6884685,219.4075644,0.175745147,76.64277878,4.909620619
"2003","July",22,"SP",13,"A",40,"SP13-40",1.778609292,-99,419.3998549,221.8161389,2.98967426,117.7041325,7.539934973
"2003","July",22,"SP",14,"E",20,"SP14-20",2.140318054,-99,473.4241429,244.0441734,1.392939905,76.27754372,4.886224337
"2003","July",22,"SP",14,"E",40,"SP14-40",2.110383536,-99,286.6375007,330.9299949,2.669386928,144.3248922,9.245211593
"2003","July",23,"MX",1,"E",20,"MX1-20",1.381976925,-99,301.567763,27.54961562,0.157668746,70.18095929,4.495688418
"2003","July",23,"MX",1,"E",40,"MX1-40",0.945431868,-99,119.6320841,42.14911226,6.44824462,147.6572268,9.458674783
"2003","July",23,"MX",2,"A",20,"MX2-20",1.64390396,-99,284.0449473,12.00087356,0.315170137,67.20982437,4.305363011
"2003","July",23,"MX",2,"A",40,"MX2-40",1.818521983,-99,216.354328,85.09038898,4.841676834,133.0305631,8.521717764
"2003","July",23,"MX",4,"E",20,"MX4-20",1.319613346,-99,401.9575863,5.147988675,0.152586236,58.07592678,3.720262429
"2003","July",23,"MX",4,"E",40,"MX4-40",1.506704085,-99,118.154872,11.32445585,5.432080418,135.915016,8.706490484
"2003","July",23,"MX",6,"A",20,"MX6-20",1.057686311,-99,195.3693398,6.318975885,0.88274865,70.24784696,4.499973118
"2003","July",23,"MX",6,"A",40,"MX6-40",1.319613346,-99,65.30626107,45.18080225,6.877691827,148.4761938,9.511136295
"2003","July",23,"MX",8,"E",20,"MX8-20",1.893358279,-99,356.8885008,113.4928406,1.131597732,106.3833881,6.814749034
"2003","July",23,"MX",8,"E",40,"MX8-40",1.868412847,-99,138.9859685,148.4858214,8.332779101,186.1964237,11.92742444
"2003","July",23,"MX",9,"A",20,"MX9-20",1.319613346,-99,239.2392084,28.55648511,0.846686245,88.73326217,5.684114618
"2003","July",23,"MX",9,"A",40,"MX9-40",1.569067664,-99,121.0410045,71.87863466,7.335725082,164.5108973,10.53828973
"2003","July",23,"MX",11,"E",20,"MX11-20",1.045213595,-99,342.5422517,3.038892993,0.320699208,41.90058705,2.68410009
"2003","July",23,"MX",11,"E",40,"MX11-40",1.020268163,-99,95.78477762,31.98733246,4.582050967,115.1526185,7.376489708
"2003","July",23,"MX",12,"A",20,"MX12-20",0.745868413,-99,174.3805464,2.000995178,0.108490177,43.30803513,2.774258611
"2003","July",23,"MX",12,"A",40,"MX12-40",1.24477705,-99,85.49196212,10.49056934,3.117133152,96.00713515,6.150065464
"2003","July",23,"MX",13,"E",20,"MX13-20",1.332086062,-99,367.0214098,2.615300809,0.201542728,48.5801012,3.11197741
"2003","July",23,"MX",13,"E",40,"MX13-40",1.456813221,-99,132.0458704,27.21694754,5.048190821,116.9645558,7.492559058
"2003","July",23,"MX",15,"A",20,"MX15-20",1.519176801,-99,438.1444543,7.126211272,0.117421201,42.45735694,2.719765739
"2003","July",23,"MX",15,"A",40,"MX15-40",1.494231369,-99,178.7623449,49.79371836,3.209967986,92.10156859,5.899882096
"2003","August",27,"SC",1,"E",20,"SC1-20",2.893670097,-99,515.516982,8.850223151,0.168024665,107.4454894,6.882785278
"2003","August",27,"SC",1,"E",40,"SC1-40",2.507015903,-99,279.3300175,35.94150594,2.598567993,150.6215219,9.648562043
"2003","August",27,"SC",1,"E",80,"SC1-80",2.519488619,-99,258.2690311,121.5839222,1.898563821,130.6223464,8.36745186
"2003","August",27,"SC",2,"A",20,"SC2-20",2.419706891,-99,422.6879131,9.606871269,1.05585144,106.5100053,6.822859898
"2003","August",27,"SC",2,"A",40,"SC2-40",2.694106642,-99,274.5111925,96.39949693,2.604488216,137.7472021,8.823856936
"2003","August",27,"SC",2,"A",80,"SC2-80",2.594324914,-99,246.6559743,178.7536854,2.826860169,139.1185836,8.911705093
"2003","August",27,"SC",4,"A",20,"SC4-20",1.359526037,-99,437.8891723,1.302414373,0.100398975,79.55525145,5.096188231
"2003","August",27,"SC",4,"A",40,"SC4-40",1.47178048,-99,240.1619378,5.168434132,0.974427205,82.87681653,5.308961545
"2003","August",27,"SC",4,"A",80,"SC4-80",1.234798877,-99,65.64567902,11.69491201,7.539044617,178.384841,11.4270289
"2003","August",27,"SC",6,"E",20,"SC6-20",1.858434674,-99,366.6641824,6.85787158,1.887130561,104.7239339,6.708447464
"2003","August",27,"SC",6,"E",40,"SC6-40",2.644215778,-99,296.5233826,32.41873714,2.873985548,148.6859742,9.524574437
"2003","August",27,"SC",6,"E",80,"SC6-80",2.132834425,-99,211.5759019,84.48976911,3.610105385,151.7896665,9.723391227
"2003","August",27,"SC",8,"A",20,"SC8-20",2.082943561,-99,448.2044193,7.771600644,0.84617904,96.22085285,6.163755825
"2003","August",27,"SC",8,"A",40,"SC8-40",2.232616152,-99,327.4090934,29.1526724,4.241339161,133.0108537,8.52045522
"2003","August",27,"SC",8,"A",80,"SC8-80",1.259744309,-99,91.83141105,102.2611927,3.775826179,123.8633048,7.93448016
"2003","August",27,"SC",9,"E",20,"SC9-20",2.357343312,-99,418.4221569,7.013124071,1.041473036,135.8856853,8.704611613
"2003","August",27,"SC",9,"E",40,"SC9-40",2.432179607,-99,271.7554343,32.07083193,4.799155106,165.5401684,10.60422294
"2003","August",27,"SC",9,"E",80,"SC9-80",2.843779233,-99,115.3588475,188.4416737,1.83237497,126.5062667,8.103783408
"2003","August",27,"SC",10,"E",20,"SC10-20",2.307452448,-99,597.6873642,14.37481825,1.442297614,98.15853336,6.287880054
"2003","August",27,"SC",10,"E",40,"SC10-40",2.768942937,-99,318.0664771,92.22485603,3.172028506,155.3734008,9.952958617
"2003","August",27,"SC",10,"E",80,"SC10-80",1.434362332,-99,119.6866292,120.1011003,3.360824322,136.8495124,8.766352593
"2003","August",27,"SC",12,"A",20,"SC12-20",2.407234175,-99,714.3899117,275.6107395,0.549589516,97.26742315,6.230797182
"2003","August",27,"SC",12,"A",40,"SC12-40",2.656688494,-99,313.2841735,179.5647993,4.979070902,161.9948435,10.37711598
"2003","August",27,"SC",12,"A",80,"SC12-80",1.970689118,-99,122.0593035,185.8942473,5.705783825,170.7532386,10.93816257
"2003","August",27,"SC",14,"E",20,"SC14-20",1.80854381,-99,466.6930351,63.91039194,0.389469973,94.83490251,6.07497441
"2003","August",27,"SC",14,"E",40,"SC14-40",1.80854381,-99,267.7044255,84.02063174,3.968920057,125.5462907,8.042289121
"2003","August",27,"SC",14,"E",80,"SC14-80",1.309635173,-99,60.44637257,71.15672719,7.994706099,191.962313,12.29677664
"2003","August",27,"SC",15,"A",20,"SC15-20",1.858434674,-99,400.8534718,10.41355258,1.180930827,97.01890028,6.214877267
"2003","August",27,"SC",15,"A",40,"SC15-40",1.833489242,-99,255.6983087,33.637375,2.810525163,123.6112015,7.91833089
"2003","August",27,"SC",15,"A",80,"SC15-80",0.835671968,-99,68.75485301,46.55906982,7.473080212,188.6033343,12.08160668
"2003","August",25,"SP",1,"E",20,"SP1-20",1.930776427,-99,322.0233495,23.27828823,1.070104348,78.23043063,5.01132266
"2003","August",25,"SP",1,"E",40,"SP1-40",2.055503586,-99,57.62058217,26.27629031,5.819382919,128.8527568,8.254095223
"2003","August",25,"SP",2,"A",20,"SP2-20",0.90801372,-99,267.9782088,223.4657381,0.430252121,69.41916014,4.446888973
"2003","August",25,"SP",2,"A",40,"SP2-40",2.205176177,-99,401.3935504,392.5180267,2.476512429,129.160351,8.273799141
"2003","August",25,"SP",4,"E",20,"SP4-20",1.781103835,-99,446.3750338,138.6114415,0.359647331,62.75867108,4.020230366
"2003","August",25,"SP",4,"E",40,"SP4-40",1.731212972,-99,360.9849437,155.8390936,3.886068982,118.1038085,7.565537481
"2003","August",25,"SP",5,"A",20,"SP5-20",2.589335828,-99,583.7641487,183.0916683,0.270660423,92.55544214,5.928956396
"2003","August",25,"SP",5,"A",40,"SP5-40",3.387589648,-99,376.5241855,296.1654047,3.316873053,149.9968609,9.608547415
"2003","August",25,"SP",8,"E",20,"SP8-20",2.230121609,-99,603.8654628,194.5791891,0.129704169,70.65992406,4.526370014
"2003","August",25,"SP",8,"E",40,"SP8-40",2.788899283,-99,379.8233113,263.1826168,2.448596473,119.2143717,7.636678102
"2003","August",25,"SP",9,"A",20,"SP9-20",1.357031494,-99,310.429243,228.9937686,0.350071723,88.71630153,5.683028151
"2003","August",25,"SP",9,"A",40,"SP9-40",3.811661989,-99,315.6821913,298.0107042,3.394845514,146.7051273,9.397685053
"2003","August",25,"SP",10,"E",20,"SP10-20",2.130339882,-99,581.6804994,101.9735157,0.352000981,87.69010594,5.61729196
"2003","August",25,"SP",10,"E",40,"SP10-40",2.564390396,-99,288.1212219,243.9434975,4.89581622,146.4659628,9.382364615
"2003","August",25,"SP",11,"A",20,"SP11-20",1.631431244,-99,290.968254,103.6046642,0.062377548,78.2224291,5.010810097
"2003","August",25,"SP",11,"A",40,"SP11-40",1.905830995,-99,304.5985831,257.0534678,3.981083467,139.043109,8.906870335
"2003","August",25,"SP",13,"A",20,"SP13-20",0.932959152,-99,131.9250246,118.8666712,0.191061867,82.73245055,5.299713727
"2003","August",25,"SP",13,"A",40,"SP13-40",3.075771749,-99,492.6174244,325.4169246,1.835360498,134.5903499,8.62163482
"2003","August",25,"SP",14,"E",20,"SP14-20",1.98066729,-99,223.8147378,297.4395612,0.723215316,88.21256162,5.650759504
"2003","August",25,"SP",14,"E",40,"SP14-40",3.68693483,-99,261.9561501,365.6592902,2.629655204,144.923325,9.283546094
"2003","August",26,"MX",1,"E",20,"MX1-20",0.671032117,-99,295.448183,5.552465189,0.164627359,79.09880047,5.066948825
"2003","August",26,"MX",1,"E",40,"MX1-40",0.758341129,-99,123.9609197,30.6792665,5.364847162,135.2875632,8.666297014
"2003","August",26,"MX",2,"A",20,"MX2-20",1.132522607,-99,363.8773851,44.18462646,0.071713001,73.34830642,4.698582815
"2003","August",26,"MX",2,"A",40,"MX2-40",2.018085438,-99,201.1756396,103.1851168,3.577637585,122.5178998,7.848296002
"2003","August",26,"MX",4,"E",20,"MX4-20",0.359214219,-99,374.2764244,5.223564835,0.108311353,64.92055069,4.158716374
"2003","August",26,"MX",4,"E",40,"MX4-40",1.880885563,-99,125.367292,15.77020681,4.2843889,128.4445681,8.227947408
"2003","August",26,"MX",6,"A",20,"MX6-20",1.381976925,-99,236.6860879,7.835651998,0.8076693,69.90974551,4.478314964
"2003","August",26,"MX",6,"A",40,"MX6-40",1.357031494,-99,75.07786172,33.85025155,5.696434524,137.7530376,8.824230745
"2003","August",26,"MX",8,"E",20,"MX8-20",2.255067041,-99,355.3356973,51.63247967,0.67692265,101.6556351,6.511897924
"2003","August",26,"MX",8,"E",40,"MX8-40",1.955721858,-99,145.9626007,170.4801461,7.224431874,174.7749707,11.19578729
"2003","August",26,"MX",9,"A",20,"MX9-20",2.080449018,-99,216.2066477,11.95915153,0.974390052,100.8038933,6.457336915
"2003","August",26,"MX",9,"A",40,"MX9-40",0.733395697,-99,135.2932149,62.29636443,-99,-99,-99
"2003","August",26,"MX",11,"E",20,"MX11-20",1.107577175,-99,418.5811088,4.354771447,0.073463215,48.08581314,3.080314231
"2003","August",26,"MX",11,"E",40,"MX11-40",0.50888681,-99,125.6980235,30.04047065,3.879614749,108.2945559,6.937174907
"2003","August",26,"MX",12,"A",20,"MX12-20",0.858122856,-99,142.0317088,3.423256497,0.348782608,70.021168,4.485452483
"2003","August",26,"MX",12,"A",40,"MX12-40",1.357031494,-99,109.0645826,10.9211429,2.144541002,88.38070963,5.661530754
"2003","August",26,"MX",13,"E",20,"MX13-20",0.608668538,-99,404.9612941,5.079061445,0.046385367,54.74253208,3.506731331
"2003","August",26,"MX",13,"E",40,"MX13-40",1.357031494,-99,158.8118334,27.37325278,3.933595773,109.8060764,7.034000113
"2003","August",26,"MX",15,"A",20,"MX15-20",1.269722482,-99,461.6449473,8.221622321,0.017576649,50.23519099,3.2179994
"2003","August",26,"MX",15,"A",40,"MX15-40",1.531649517,-99,222.6196732,39.16385396,-99,-99,-99
"2003","September",30,"SP",1,"E",20,"SP1-20",1.421889616,-99,387.9300559,16.78516582,0.555999913,61.707534,3.952896469
"2003","September",30,"SP",1,"E",40,"SP1-40",1.371998753,-99,98.5820681,14.47061823,4.490982239,115.8525877,7.42132844
"2003","September",30,"SP",2,"A",20,"SP2-20",2.120361709,-99,555.9049554,133.7843191,0.626122364,58.69684013,3.76003699
"2003","September",30,"SP",2,"A",40,"SP2-40",1.895852822,-99,454.9111688,307.3162127,1.713985633,113.8694278,7.294290886
"2003","September",30,"SP",4,"E",20,"SP4-20",1.309635173,-99,593.212479,80.20492224,0.253286799,60.26272539,3.860344703
"2003","September",30,"SP",4,"E",40,"SP4-40",1.621453071,-99,452.5715488,218.9735555,2.30539282,102.6675222,6.576717535
"2003","September",30,"SP",5,"A",20,"SP5-20",1.758652947,-99,541.792452,116.7589053,0.91626677,75.15061921,4.814035638
"2003","September",30,"SP",5,"A",40,"SP5-40",2.531961335,-99,516.8461849,263.2271092,1.353456569,117.362483,7.518049538
"2003","September",30,"SP",8,"E",20,"SP8-20",1.421889616,-99,323.5332502,154.6311494,0.376334051,65.24896021,4.179753681
"2003","September",30,"SP",8,"E",40,"SP8-40",3.280324291,-99,507.3355523,250.6631821,1.244857796,103.9078212,6.656168798
"2003","September",30,"SP",9,"A",20,"SP9-20",2.419706891,-99,357.1380952,159.0117963,0.186656452,70.14516868,4.493395737
"2003","September",30,"SP",9,"A",40,"SP9-40",2.344870596,-99,376.8009869,260.4962833,1.56024604,112.3602676,7.197616874
"2003","September",30,"SP",10,"E",20,"SP10-20",1.796071094,-99,462.031613,87.78558774,0.412687212,68.40830133,4.382135228
"2003","September",30,"SP",10,"E",40,"SP10-40",2.581852198,-99,423.9284207,213.5676438,3.087213694,116.6703454,7.473712483
"2003","September",30,"SP",11,"A",20,"SP11-20",1.421889616,-99,353.7387273,81.92145402,0.0944184,65.97371444,4.226180096
"2003","September",30,"SP",11,"A",40,"SP11-40",2.120361709,-99,421.3074178,207.8045184,2.089410706,108.2420681,6.933812635
"2003","September",30,"SP",13,"A",20,"SP13-20",1.421889616,-99,293.8747768,125.0053503,0.768207225,72.87621115,4.668341265
"2003","September",30,"SP",13,"A",40,"SP13-40",1.821016526,-99,455.0607856,224.7988484,0.980306983,103.3542874,6.620710443
"2003","September",30,"SP",14,"E",20,"SP14-20",1.47178048,-99,221.3553583,197.9403336,0.940773629,71.10582084,4.554933337
"2003","September",30,"SP",14,"E",40,"SP14-40",1.821016526,-99,388.6544714,343.7437554,1.430502851,131.5102489,8.424329251
"2003","October",1,"SC",1,"E",20,"SC1-20",2.314936077,-99,650.5501907,10.12543232,0.118980359,115.5475853,7.401790553
"2003","October",28,"SC",1,"E",20,"SC1-20",1.920798254,-99,647.9094639,4.620950237,0.482298576,104.2267344,6.676597784
"2003","October",1,"SC",1,"E",40,"SC1-40",2.092921734,-99,371.8513035,24.39109731,1.418259462,135.3305694,8.669051917
"2003","October",28,"SC",1,"E",40,"SC1-40",2.057998129,-99,417.7772638,22.75679057,1.216767908,131.9291555,8.451163632
"2003","October",1,"SC",1,"E",80,"SC1-80",1.756158403,-99,296.9937933,116.9975464,2.099372332,134.0472236,8.586843159
"2003","October",28,"SC",1,"E",80,"SC1-80",2.369816027,-99,315.9924194,163.1581792,2.004293928,132.0445275,8.458554149
"2003","October",1,"SC",2,"A",20,"SC2-20",1.64390396,-99,621.1178036,8.960373737,0.348626755,103.8725301,6.653908112
"2003","October",28,"SC",2,"A",20,"SC2-20",1.958216402,-99,656.1940954,4.756754612,0.33216274,106.9413377,6.850490252
"2003","October",1,"SC",2,"A",40,"SC2-40",2.167758029,-99,335.9214562,47.62877168,1.735269024,128.3958275,8.224825175
"2003","October",28,"SC",2,"A",40,"SC2-40",2.631743062,-99,335.8231094,52.13502789,1.4115413,129.1531578,8.273338358
"2003","October",1,"SC",2,"A",80,"SC2-80",2.4895541,-99,290.9389031,157.1998523,2.820768233,143.879917,9.216707308
"2003","October",28,"SC",2,"A",80,"SC2-80",2.66916121,-99,320.2791346,234.4638978,2.712171116,139.759182,8.952740643
"2003","October",1,"SC",4,"A",20,"SC4-20",1.169940755,-99,1157.609817,4.37532772,0.001482994,83.9338062,5.376670348
"2003","October",28,"SC",4,"A",20,"SC4-20",1.035235423,-99,564.1474023,3.463704147,0.48943557,88.21008537,5.65060088
"2003","October",1,"SC",4,"A",40,"SC4-40",1.818521983,-99,446.6344278,5.423919229,0.189299725,84.47904088,5.411597072
"2003","October",28,"SC",4,"A",40,"SC4-40",1.696289367,-99,502.4395596,4.859923827,0.522376255,88.76437408,5.68610759
"2003","October",1,"SC",4,"A",80,"SC4-80",1.169940755,-99,120.2703396,13.48807275,6.863158018,176.0860485,11.27977251
"2003","October",28,"SC",4,"A",80,"SC4-80",1.446835048,-99,155.1288138,22.44988709,6.631429473,165.8744089,10.62563377
"2003","October",1,"SC",6,"E",20,"SC6-20",1.756158403,-99,710.9044124,9.996775545,0.25008615,105.2984134,6.74524756
"2003","October",28,"SC",6,"E",20,"SC6-20",1.633925787,-99,679.0421371,10.49516818,0.438856424,111.7280092,7.157115572
"2003","October",1,"SC",6,"E",40,"SC6-40",1.968194574,-99,380.0258328,27.7347883,1.533537411,142.0203339,9.097585851
"2003","October",28,"SC",6,"E",40,"SC6-40",2.594324914,-99,428.6822677,38.52539055,1.155260921,141.2157398,9.04604504
"2003","October",1,"SC",6,"E",80,"SC6-80",1.943249143,-99,250.8063225,109.7508788,3.793972526,158.9626716,10.18288066
"2003","October",28,"SC",6,"E",80,"SC6-80",2.2700343,-99,266.5272089,162.4537252,3.455639961,157.2883468,10.07562651
"2003","October",1,"SC",8,"A",20,"SC8-20",1.494231369,-99,555.8486836,8.794815406,0.590652763,94.10175383,6.028010262
"2003","October",28,"SC",8,"A",20,"SC8-20",1.334580605,-99,548.9445703,5.546702784,1.319356981,104.80157,6.713420688
"2003","October",1,"SC",8,"A",40,"SC8-40",2.217648893,-99,382.1071983,23.69789106,3.160407625,126.013304,8.072205128
"2003","October",28,"SC",8,"A",40,"SC8-40",2.132834425,-99,439.8777487,36.25117981,2.410635761,120.7081519,7.732366903
"2003","October",1,"SC",8,"A",80,"SC8-80",1.668849392,-99,101.0236392,108.4537281,3.885592717,133.3839779,8.544356865
"2003","October",28,"SC",8,"A",80,"SC8-80",2.045525413,-99,111.7379958,155.1078222,3.75221891,127.542994,8.170194242
"2003","October",1,"SC",9,"E",20,"SC9-20",1.843467415,-99,490.1421321,7.445304456,0.381301199,128.4667141,8.22936604
"2003","October",28,"SC",9,"E",20,"SC9-20",2.519488619,-99,630.8043786,6.424693856,0.240960156,131.4158891,8.418284736
"2003","October",1,"SC",9,"E",40,"SC9-40",2.601808544,-99,347.9940678,31.8824456,3.893072335,155.190496,9.941242073
"2003","October",28,"SC",9,"E",40,"SC9-40",2.719052074,-99,433.3920435,76.00468295,3.335515608,152.1857213,9.74876176
"2003","October",1,"SC",9,"E",80,"SC9-80",2.763953851,-99,130.8705995,171.0174903,1.727421037,117.1217696,7.502629888
"2003","October",28,"SC",9,"E",80,"SC9-80",2.94356096,-99,136.6025495,255.7570375,1.621270504,119.0472087,7.625969952
"2003","October",1,"SC",10,"E",20,"SC10-20",1.594013096,-99,655.0736143,10.9798197,0.265894094,93.53512747,5.991713226
"2003","October",28,"SC",10,"E",20,"SC10-20",1.658871219,-99,664.7258864,6.947964567,1.606176458,102.4150507,6.560544677
"2003","October",1,"SC",10,"E",40,"SC10-40",1.893358279,-99,487.7012266,62.91493645,2.000071934,132.9813459,8.518565004
"2003","October",28,"SC",10,"E",40,"SC10-40",2.66916121,-99,524.0778394,91.43983912,1.725908789,140.5767553,9.005112878
"2003","October",1,"SC",10,"E",80,"SC10-80",2.018085438,-99,137.3296902,111.4440839,3.327195451,140.3716483,8.991974101
"2003","October",28,"SC",10,"E",80,"SC10-80",2.170252572,-99,155.9806049,163.4701248,3.278462394,133.2056048,8.532930615
"2003","October",1,"SC",12,"A",20,"SC12-20",1.681322108,-99,894.3994834,269.6179489,0.04986882,88.80663809,5.688814944
"2003","October",28,"SC",12,"A",20,"SC12-20",1.883380106,-99,766.5196664,353.1961499,0.659488622,95.69870737,6.130308152
"2003","October",1,"SC",12,"A",40,"SC12-40",2.167758029,-99,392.439592,200.984989,3.41037755,148.0534996,9.484059283
"2003","October",28,"SC",12,"A",40,"SC12-40",2.581852198,-99,547.1636515,283.2873158,2.633081081,133.9037285,8.577651127
"2003","October",1,"SC",12,"A",80,"SC12-80",1.843467415,-99,158.9489609,150.2716683,5.673268871,172.6764995,11.06136311
"2003","October",28,"SC",12,"A",80,"SC12-80",1.93327097,-99,172.1091173,214.4387089,5.406769621,169.4797115,10.85658278
"2003","October",1,"SC",14,"E",20,"SC14-20",0.271905207,-99,449.955719,8.631695017,0.792527275,92.42388951,5.920529378
"2003","October",28,"SC",14,"E",20,"SC14-20",1.159962582,-99,409.309111,7.023429912,2.691599019,106.6451069,6.831514255
"2003","October",1,"SC",14,"E",40,"SC14-40",1.880885563,-99,325.0250453,30.75617244,2.140222229,114.4364197,7.330611336
"2003","October",28,"SC",14,"E",40,"SC14-40",1.658871219,-99,345.4770748,41.69770539,2.046308307,109.9124704,7.040815516
"2003","October",1,"SC",14,"E",80,"SC14-80",1.36950421,-99,94.96557954,49.69869409,6.202851492,174.8613249,11.20131898
"2003","October",28,"SC",14,"E",80,"SC14-80",1.484253196,-99,117.1313273,70.50989722,6.338957949,175.9039731,11.2681091
"2003","October",1,"SC",15,"A",20,"SC15-20",0.808231993,-99,583.5505053,46.9447077,0.010900752,90.34441417,5.787322034
"2003","October",28,"SC",15,"A",20,"SC15-20",1.47178048,-99,485.4893289,49.83610529,0.586152183,101.6361812,6.510651739
"2003","October",1,"SC",15,"A",40,"SC15-40",1.506704085,-99,331.5802278,69.24183565,2.536453915,115.9623737,7.428361131
"2003","October",28,"SC",15,"A",40,"SC15-40",1.621453071,-99,361.9557564,70.89165656,2.261316931,110.3718409,7.070241942
"2003","October",1,"SC",15,"A",80,"SC15-80",0.945431868,-99,87.59911494,88.85745052,7.710942865,186.8570259,11.96974139
"2003","October",28,"SC",15,"A",80,"SC15-80",1.297162457,-99,106.257122,131.117877,7.336938284,175.9415013,11.27051308
"2003","October",29,"SP",1,"E",20,"SP1-20",1.04147178,-99,239.6473356,24.20082713,2.462778186,87.20137012,5.585984448
"2003","October",29,"SP",1,"E",40,"SP1-40",1.640162145,-99,100.9298377,18.37691942,4.316221588,114.6739725,7.34582853
"2003","October",29,"SP",2,"A",20,"SP2-20",2.026816339,-99,519.0410864,175.1110697,0.57800092,70.75409009,4.532402116
"2003","October",29,"SP",2,"A",40,"SP2-40",2.956033676,-99,531.2026633,335.1313977,1.437882924,108.6757882,6.96159594
"2003","October",29,"SP",4,"E",20,"SP4-20",1.864671032,-99,521.5810275,94.82093038,1.435036859,76.98575721,4.931591183
"2003","October",29,"SP",4,"E",40,"SP4-40",2.581852198,-99,515.579354,274.3788037,1.942026131,98.99068327,6.341186037
"2003","October",29,"SP",5,"A",20,"SP5-20",2.544434051,-99,642.9259654,224.117444,0.503587072,91.30514365,5.848864588
"2003","October",29,"SP",5,"A",40,"SP5-40",3.267851575,-99,481.9363808,383.4735994,1.012721857,117.9571888,7.556145296
"2003","October",29,"SP",8,"E",20,"SP8-20",1.96445276,-99,665.1921306,383.9566441,1.062928536,78.6979816,5.04127311
"2003","October",29,"SP",8,"E",40,"SP8-40",2.843779233,-99,551.0161962,355.9414927,1.18298587,104.5770215,6.699036533
"2003","October",29,"SP",9,"A",20,"SP9-20",2.432179607,-99,449.1837549,305.4257006,0.516281172,82.99156989,5.316312433
"2003","October",29,"SP",9,"A",40,"SP9-40",3.355160586,-99,409.3968068,423.5441457,1.528061953,120.5492319,7.722186781
"2003","October",29,"SP",10,"E",20,"SP10-20",1.8397256,-99,671.672212,142.7706791,0.573891174,82.29715474,5.271829483
"2003","October",29,"SP",10,"E",40,"SP10-40",2.881197381,-99,361.1261286,308.5452119,3.193539977,132.2738441,8.473243747
"2003","October",29,"SP",11,"A",20,"SP11-20",1.789834737,-99,522.9881123,123.3492683,0.392637625,79.6429634,5.101806896
"2003","October",29,"SP",11,"A",40,"SP11-40",2.631743062,-99,403.3929758,334.1653637,1.976880916,120.8695514,7.742705852
"2003","October",29,"SP",13,"A",20,"SP13-20",1.96445276,-99,553.9494398,231.3947522,0.866944092,88.92957688,5.696690175
"2003","October",29,"SP",13,"A",40,"SP13-40",2.33239788,-99,370.3355955,332.0320548,1.451223813,104.1164237,6.669531486
"2003","October",29,"SP",14,"E",20,"SP14-20",1.789834737,-99,454.3230364,492.1731717,1.539341445,86.92802895,5.568474718
"2003","October",29,"SP",14,"E",40,"SP14-40",3.367633302,-99,382.7591906,501.7731724,1.529158026,131.2861136,8.409971561
"2003","October",2,"MX",1,"E",20,"MX1-20",1.509198628,-99,470.8452819,5.301578935,0.099870892,84.09731335,5.387144313
"2003","October",30,"MX",1,"E",20,"MX1-20",1.490489554,-99,469.6848546,3.52154983,0.021483971,72.06422418,4.616326882
"2003","October",2,"MX",1,"E",40,"MX1-40",1.721234799,-99,187.431188,12.17928649,2.857775253,108.1127885,6.925531224
"2003","October",30,"MX",1,"E",40,"MX1-40",1.727471157,-99,206.4822731,11.8007962,2.188463836,103.8962177,6.655425498
"2003","October",2,"MX",2,"A",20,"MX2-20",1.621453071,-99,527.7091906,41.83395303,0.067666129,73.44097312,4.704518872
"2003","October",30,"MX",2,"A",20,"MX2-20",1.852198316,-99,487.008633,44.13043769,0.167059618,76.54779902,4.903536392
"2003","October",2,"MX",2,"A",40,"MX2-40",1.671343935,-99,291.2215096,146.5434476,1.777072135,110.0802156,7.05156096
"2003","October",30,"MX",2,"A",40,"MX2-40",2.139070783,-99,308.9567513,196.0739238,1.403334939,113.5433336,7.273401894
"2003","October",2,"MX",4,"E",20,"MX4-20",1.022762707,-99,550.6619088,4.687993605,0.028311616,61.61957568,3.947262022
"2003","October",30,"MX",4,"E",20,"MX4-20",1.453071406,-99,491.951471,3.929129177,0.227226939,71.8558888,4.602981303
"2003","October",2,"MX",4,"E",40,"MX4-40",1.845961958,-99,213.293687,9.950177633,1.818246165,100.7780513,6.455681527
"2003","October",30,"MX",4,"E",40,"MX4-40",1.914561896,-99,268.5082139,11.02846769,1.427585281,101.2543326,6.486191223
"2003","October",2,"MX",6,"A",20,"MX6-20",1.322107889,-99,522.8072615,6.608370519,0.058978606,74.80899259,4.792151669
"2003","October",30,"MX",6,"A",20,"MX6-20",1.665107577,-99,481.6453357,4.366850335,0.215101339,76.04281469,4.87118803
"2003","October",2,"MX",6,"A",40,"MX6-40",1.920798254,-99,141.3611202,31.54844774,3.977011289,120.270896,7.704357095
"2003","October",30,"MX",6,"A",40,"MX6-40",1.752416589,-99,201.6183053,38.71909602,3.191319769,120.4844528,7.718037148
"2003","October",2,"MX",8,"E",20,"MX8-20",1.845961958,-99,576.7227405,35.18591056,0.230812665,94.53552919,6.055797109
"2003","October",30,"MX",8,"E",20,"MX8-20",1.802307452,-99,502.0307602,34.56013553,1.710928142,100.1297233,6.414150837
"2003","October",2,"MX",8,"E",40,"MX8-40",2.120361709,-99,267.2216288,150.6832924,5.458907728,162.4674315,10.4073891
"2003","October",30,"MX",8,"E",40,"MX8-40",2.257561584,-99,280.0161344,241.6588701,4.439927681,158.9789552,10.18392376
"2003","October",2,"MX",9,"A",20,"MX9-20",1.629768215,-99,257.4367216,8.839474047,0.443101615,75.1037376,4.811032489
"2003","October",30,"MX",9,"A",20,"MX9-20",1.515434986,-99,180.5686028,7.307727034,1.508615667,102.262012,6.550741302
"2003","October",2,"MX",9,"A",40,"MX9-40",1.821016526,-99,186.8354433,40.66307663,4.449033063,136.8093317,8.763778691
"2003","October",30,"MX",9,"A",40,"MX9-40",1.827252884,-99,195.3096555,45.61470027,4.100032407,134.0375578,8.586223983
"2003","October",2,"MX",11,"E",20,"MX11-20",1.184908014,-99,580.5816146,3.835545501,0.141053115,52.45488046,3.360188601
"2003","October",30,"MX",11,"E",20,"MX11-20",1.415653258,-99,505.9189925,3.358041585,0.693089263,64.57682236,4.136697773
"2003","October",2,"MX",11,"E",40,"MX11-40",1.721234799,-99,244.66903,26.91730248,2.339705876,95.98784616,6.148829848
"2003","October",30,"MX",11,"E",40,"MX11-40",1.814780168,-99,246.3001006,40.34171173,1.891095729,95.34242831,6.107485574
"2003","October",2,"MX",12,"A",20,"MX12-20",1.07265357,-99,235.1286195,2.940378029,0.160971635,60.97394294,3.905903983
"2003","October",30,"MX",12,"A",20,"MX12-20",0.82943561,-99,162.5432487,2.017174239,2.16996257,82.49062634,5.284222916
"2003","October",2,"MX",12,"A",40,"MX12-40",1.671343935,-99,171.9334238,9.515226868,0.716802703,75.30815231,4.824126917
"2003","October",30,"MX",12,"A",40,"MX12-40",1.490489554,-99,208.1540525,9.471233116,0.960635958,76.10414833,4.87511695
"2003","October",2,"MX",13,"E",20,"MX13-20",1.297162457,-99,631.8545879,3.948134032,0.010408175,56.24186477,3.602775809
"2003","October",30,"MX",13,"E",20,"MX13-20",1.453071406,-99,519.8337943,6.90225318,0.135221257,61.92189156,3.966627818
"2003","October",2,"MX",13,"E",40,"MX13-40",1.958216402,-99,257.3399592,25.61245017,2.516523413,97.10343331,6.220292296
"2003","October",30,"MX",13,"E",40,"MX13-40",1.864671032,-99,322.2044254,35.93923422,1.83465165,89.4885641,5.732497862
"2003","October",2,"MX",15,"A",20,"MX15-20",1.421889616,-99,589.1399309,15.09356747,0.069827376,53.19254883,3.407442272
"2003","October",30,"MX",15,"A",20,"MX15-20",1.241035235,-99,547.9312296,5.098897416,0.925005561,70.45148253,4.513017636
"2003","October",2,"MX",15,"A",40,"MX15-40",1.559089492,-99,407.3242774,28.22027093,0.778158548,73.45292553,4.705284522
"2003","October",30,"MX",15,"A",40,"MX15-40",1.889616464,-99,457.967312,36.56561873,0.537780376,70.82767014,4.537115518
"2003","November",24,"SC",1,"E",20,"SC1-20",1.628936701,-99,342.5985822,8.775201071,1.277953218,98.80621996,6.329369659
"2003","November",24,"SC",1,"E",40,"SC1-40",2.21515435,-99,483.0841659,16.7227767,0.957525057,130.5583769,8.363354094
"2003","November",24,"SC",1,"E",80,"SC1-80",2.065481759,-99,348.9757605,118.8028415,1.993745759,132.5892173,8.493445972
"2003","November",24,"SC",2,"A",20,"SC2-20",1.728718428,-99,416.8629788,8.585097105,0.441153399,100.8649329,6.461247002
"2003","November",24,"SC",2,"A",40,"SC2-40",2.222637979,-99,292.3153236,31.60773402,1.156718155,123.5238528,7.912735491
"2003","November",24,"SC",2,"A",80,"SC2-80",2.065481759,-99,361.8741428,149.8643106,2.727107212,140.233041,8.983095178
"2003","November",24,"SC",4,"A",20,"SC4-20",0.880573745,-99,425.0031261,2.358541335,-99,-99,-99
"2003","November",24,"SC",4,"A",40,"SC4-40",1.504209542,-99,466.4167647,2.86552217,0.783626205,85.61111151,5.484115423
"2003","November",24,"SC",4,"A",80,"SC4-80",1.391955098,-99,148.4313952,16.31680418,6.294825443,164.2375646,10.52078055
"2003","November",24,"SC",6,"E",20,"SC6-20",1.154973495,-99,523.4081523,3.962706268,1.296444247,98.33827387,6.299393898
"2003","November",24,"SC",6,"E",40,"SC6-40",2.334892423,-99,481.275858,31.42566418,0.981708706,127.2137106,8.149100959
"2003","November",24,"SC",6,"E",80,"SC6-80",2.102899906,-99,306.2078932,105.5021023,3.543018334,158.315005,10.14139234
"2003","November",24,"SC",8,"A",20,"SC8-20",1.429373246,-99,535.9001878,5.806509684,1.68649472,96.43613401,6.177546338
"2003","November",24,"SC",8,"A",40,"SC8-40",1.267227939,-99,511.9282096,14.89088595,2.178880044,112.7969201,7.22558803
"2003","November",24,"SC",8,"A",80,"SC8-80",1.865918304,-99,130.1197346,104.6782446,3.883591011,131.4867936,8.42282675
"2003","November",24,"SC",9,"E",20,"SC9-20",1.953227315,-99,558.2916572,5.020273831,0.427642414,125.3802065,8.031650072
"2003","November",24,"SC",9,"E",40,"SC9-40",2.372310571,-99,503.5233016,30.73057406,3.057246679,146.2821323,9.370588772
"2003","November",24,"SC",9,"E",80,"SC9-80",2.771437481,-99,160.3057632,192.871855,1.690973359,123.0535017,7.882605673
"2003","November",24,"SC",10,"E",20,"SC10-20",1.41690053,-99,634.2398985,5.206443842,1.227684749,96.54271638,6.184373807
"2003","November",24,"SC",10,"E",40,"SC10-40",2.260056127,-99,563.3361026,48.57591161,1.519738256,130.4504994,8.35644366
"2003","November",24,"SC",10,"E",80,"SC10-80",1.828500156,-99,170.6060205,134.6702334,3.398300588,144.482373,9.255299524
"2003","November",24,"SC",12,"A",20,"SC12-20",1.853445588,-99,660.220182,183.7300763,0.668286176,93.36450272,5.98078332
"2003","November",24,"SC",12,"A",40,"SC12-40",2.384783287,-99,566.2919674,253.1958147,2.282969737,132.533208,8.489858117
"2003","November",24,"SC",12,"A",80,"SC12-80",1.953227315,-99,198.5576477,146.291564,5.648222243,172.3414766,11.03990216
"2003","November",24,"SC",14,"E",20,"SC14-20",0.955410041,-99,345.2509758,8.157293931,3.166922702,101.2655029,6.486906777
"2003","November",24,"SC",14,"E",40,"SC14-40",1.454318678,-99,357.9167719,20.05389012,2.626054926,113.2875114,7.257014401
"2003","November",24,"SC",14,"E",80,"SC14-80",1.35453695,-99,145.9370663,57.41699249,6.168493251,172.2701256,11.03533155
"2003","November",24,"SC",15,"A",20,"SC15-20",1.367009666,-99,468.4817321,53.12156273,0.973083952,96.19769902,6.162272633
"2003","November",24,"SC",15,"A",40,"SC15-40",1.703772997,-99,385.7120836,72.82317043,2.246728318,109.004765,6.982669586
"2003","November",24,"SC",15,"A",80,"SC15-80",1.279700655,-99,124.3820417,110.5007672,7.189454496,177.9282831,11.39778265
"2003","November",25,"SP",1,"E",20,"SP1-20",0.987839102,-99,54.53977504,13.29065496,2.003071764,70.64750615,4.525574546
"2003","November",25,"SP",1,"E",40,"SP1-40",1.524165887,-99,106.1607682,12.90246833,4.262097511,108.2030315,6.93131202
"2003","November",25,"SP",2,"A",20,"SP2-20",1.811038354,-99,552.0221358,139.8187208,0.598955309,68.82900317,4.40908461
"2003","November",25,"SP",2,"A",40,"SP2-40",2.898659183,-99,528.7829325,474.8800831,1.111842725,106.7391166,6.837536345
"2003","November",25,"SP",4,"E",20,"SP4-20",1.736202058,-99,501.3928374,62.07467805,0.994766529,69.99790027,4.483961995
"2003","November",25,"SP",4,"E",40,"SP4-40",2.973495479,-99,520.1491248,303.3884688,1.666656053,96.06293166,6.153639686
"2003","November",25,"SP",5,"A",20,"SP5-20",2.561895853,-99,547.2295094,202.321867,0.172535467,92.264304,5.910306625
"2003","November",25,"SP",5,"A",40,"SP5-40",3.048331774,-99,503.7636121,314.5107417,0.763049903,112.7633564,7.223438
"2003","November",25,"SP",8,"E",20,"SP8-20",2.147801684,-99,559.5920348,122.3431745,0.712660704,71.898021,4.605680214
"2003","November",25,"SP",8,"E",40,"SP8-40",2.873713751,-99,524.7257212,295.1339342,1.00547838,98.55310076,6.313155311
"2003","November",25,"SP",9,"A",20,"SP9-20",2.898659183,-99,499.8256433,128.395473,0.328766623,82.52454628,5.286395764
"2003","November",25,"SP",9,"A",40,"SP9-40",3.647022139,-99,401.826232,324.603151,1.24119223,118.691015,7.603152842
"2003","November",25,"SP",10,"E",20,"SP10-20",1.324602432,-99,552.4491587,93.25494133,0.181117556,77.32994557,4.953639253
"2003","November",25,"SP",10,"E",40,"SP10-40",3.260367945,-99,435.9342988,340.9854472,2.726913227,129.2826547,8.281633685
"2003","November",25,"SP",11,"A",20,"SP11-20",1.860929217,-99,422.4162555,61.98752168,0.335666788,75.60287795,4.843006496
"2003","November",25,"SP",11,"A",40,"SP11-40",2.023074524,-99,393.7947567,254.241525,1.614915012,116.5874424,7.468401876
"2003","November",25,"SP",13,"A",20,"SP13-20",2.499532273,-99,555.0941488,150.1098777,0.667267635,80.74291684,5.172267878
"2003","November",25,"SP",13,"A",40,"SP13-40",2.699095728,-99,549.7167962,330.3702104,1.083624083,114.72048,7.348807716
"2003","November",25,"SP",14,"E",20,"SP14-20",1.561584035,-99,413.3543422,210.5130704,1.637043095,80.18523016,5.136543502
"2003","November",25,"SP",14,"E",40,"SP14-40",2.624259432,-99,404.7886058,370.6130747,1.328880721,125.0153546,8.008278338
"2003","November",26,"MX",1,"E",20,"MX1-20",0.987839102,-99,458.4202075,48.47540197,0.138281955,74.1670001,4.751026817
"2003","November",26,"MX",1,"E",40,"MX1-40",1.524165887,-99,276.2814503,13.69069886,1.722918972,97.26630715,6.230725693
"2003","November",26,"MX",2,"A",20,"MX2-20",1.811038354,-99,469.6111207,21.8244445,0.37536156,72.71954925,4.658305794
"2003","November",26,"MX",2,"A",40,"MX2-40",0.513875896,-99,371.1383283,67.06541956,1.047966493,100.4011729,6.431539392
"2003","November",26,"MX",4,"E",20,"MX4-20",1.736202058,-99,480.6931544,2.86552217,0.306056204,71.28171643,4.566200883
"2003","November",26,"MX",4,"E",40,"MX4-40",0.588712192,-99,363.3894204,10.18726737,1.00778164,95.0413064,6.088196262
"2003","November",26,"MX",6,"A",20,"MX6-20",0.177112566,-99,380.6611878,10.7794653,0.404732703,69.96500974,4.481855088
"2003","November",26,"MX",6,"A",40,"MX6-40",0.663548488,-99,225.6009422,24.94168404,2.645882761,111.5302888,7.144449971
"2003","November",26,"MX",8,"E",20,"MX8-20",2.147801684,-99,496.0629721,29.59554648,1.253170896,97.42247403,6.240729455
"2003","November",26,"MX",8,"E",40,"MX8-40",2.873713751,-99,356.6799766,110.6908711,3.515537949,143.2113756,9.173881777
"2003","November",26,"MX",9,"A",20,"MX9-20",0.513875896,-99,192.2849881,13.69269354,1.372516362,91.10780768,5.836223611
"2003","November",26,"MX",9,"A",40,"MX9-40",1.262238853,-99,204.4273147,19.37065726,3.519030094,128.3595509,8.222501364
"2003","November",26,"MX",11,"E",20,"MX11-20",1.324602432,-99,420.8272565,6.329337133,0.765902246,61.79850345,3.958723804
"2003","November",26,"MX",11,"E",40,"MX11-40",0.875584659,-99,303.4445486,23.04241748,1.584681601,87.79428402,5.623965415
"2003","November",26,"MX",12,"A",20,"MX12-20",1.860929217,-99,131.6407089,9.345568359,3.066746391,76.27664205,4.886166578
"2003","November",26,"MX",12,"A",40,"MX12-40",2.023074524,-99,226.5659052,10.94380466,1.212600448,76.82539716,4.921318815
"2003","November",26,"MX",13,"E",20,"MX13-20",0.114748987,-99,491.5520793,8.785119053,0.219690622,61.87011201,3.963310916
"2003","November",26,"MX",13,"E",40,"MX13-40",0.314312442,-99,366.9469704,21.13129366,1.453250903,84.20124348,5.393801885
"2003","November",26,"MX",15,"A",20,"MX15-20",1.561584035,-99,432.5372221,7.303737676,1.004279666,62.73059262,4.018431712
"2003","November",26,"MX",15,"A",40,"MX15-40",0.239476146,-99,373.4953971,24.51587555,0.556427009,69.27504931,4.4376575
"2003","December",16,"SC",1,"E",20,"SC1-20",1.52666043,-99,251.4599269,3.399874429,1.57023282,91.20348089,5.84235226
"2003","December",16,"SC",1,"E",40,"SC1-40",2.516994075,-99,527.7498274,20.36134768,0.864552147,123.075611,7.88402195
"2003","December",16,"SC",1,"E",80,"SC1-80",2.250077954,-99,365.1611993,169.1803912,1.84703817,129.8305384,8.316730105
"2003","December",16,"SC",2,"A",20,"SC2-20",1.850951045,-99,588.6163021,7.172310513,0.694967947,92.21581826,5.907200719
"2003","December",16,"SC",2,"A",40,"SC2-40",2.554412223,-99,527.8153682,32.98583537,0.992959504,118.6775245,7.602288663
"2003","December",16,"SC",2,"A",80,"SC2-80",2.100405363,-99,355.3887163,253.3747817,2.915208863,142.724442,9.142689716
"2003","December",16,"SC",4,"A",20,"SC4-20",0.653570315,-99,342.9599978,3.933063126,1.617294161,73.69857016,4.721020062
"2003","December",16,"SC",4,"A",40,"SC4-40",1.277206112,-99,414.3018653,2.189436907,1.000211444,84.03444956,5.383117375
"2003","December",16,"SC",4,"A",80,"SC4-80",1.501714998,-99,186.993467,21.76371762,6.111175386,156.7737803,10.04266433
"2003","December",16,"SC",6,"E",20,"SC6-20",0.903024634,-99,495.4043166,2.642672234,2.0902151,86.7772108,5.558813586
"2003","December",16,"SC",6,"E",40,"SC6-40",2.225132523,-99,529.6564131,21.54779365,0.840535565,123.6246954,7.919195284
"2003","December",16,"SC",6,"E",80,"SC6-80",1.751169317,-99,341.13842,171.0253028,3.384489543,149.0820001,9.549943124
"2003","December",16,"SC",8,"A",20,"SC8-20",0.952915497,-99,424.0741579,15.63977699,2.269628507,80.39362777,5.149893067
"2003","December",16,"SC",8,"A",40,"SC8-40",1.900841908,-99,488.6322416,23.31535601,1.882676856,111.6707833,7.153449788
"2003","December",16,"SC",8,"A",80,"SC8-80",1.701278453,-99,89.24160198,164.1895389,3.958104122,133.2772213,8.537518236
"2003","December",16,"SC",9,"E",20,"SC9-20",1.776114749,-99,612.8007678,5.713978755,0.580910517,123.0779777,7.884173559
"2003","December",16,"SC",9,"E",40,"SC9-40",2.429685064,-99,512.9013344,41.86586789,2.932956444,147.0375021,9.418976365
"2003","December",16,"SC",9,"E",80,"SC9-80",2.729030246,-99,161.9951434,241.9960262,1.652973537,120.6352295,7.727695624
"2003","December",16,"SC",10,"E",20,"SC10-20",1.426878703,-99,597.5478446,19.9721083,1.437905745,91.50490261,5.861660777
"2003","December",16,"SC",10,"E",40,"SC10-40",2.317430621,-99,552.6666652,83.71694187,1.265586222,124.0666197,7.947504133
"2003","December",16,"SC",10,"E",80,"SC10-80",1.900841908,-99,214.3843397,208.0196667,3.201895287,142.5483255,9.131408015
"2003","December",16,"SC",12,"A",20,"SC12-20",1.726223885,-99,663.7145103,251.0393454,0.880294119,89.24493117,5.716891188
"2003","December",16,"SC",12,"A",40,"SC12-40",1.875896476,-99,568.8257842,240.4415066,1.916070507,127.4861678,8.166554061
"2003","December",16,"SC",12,"A",80,"SC12-80",2.075459931,-99,221.3226703,196.7368775,5.667807608,171.9602175,11.01547941
"2003","December",16,"SC",14,"E",20,"SC14-20",0.728406611,-99,282.0148931,5.495395215,3.494014475,95.30297079,6.104957999
"2003","December",16,"SC",14,"E",40,"SC14-40",1.52666043,-99,327.7739957,25.88810368,2.833350189,108.3511333,6.940799151
"2003","December",16,"SC",14,"E",80,"SC14-80",1.52666043,-99,156.6544475,63.76289653,5.941190705,169.3857481,10.85056366
"2003","December",16,"SC",15,"A",20,"SC15-20",1.227315248,-99,432.0996474,43.23089301,1.323362445,91.24828836,5.845222543
"2003","December",16,"SC",15,"A",40,"SC15-40",1.451824135,-99,378.6791233,62.07794711,2.878370269,109.6968389,7.027002559
"2003","December",16,"SC",15,"A",80,"SC15-80",1.202369816,-99,137.6124847,113.438264,7.087945255,172.3662479,11.04148896
"2003","December",17,"SP",1,"E",20,"SP1-20",0.636108513,-99,178.3321552,16.09567188,2.482916013,67.21245014,4.305531213
"2003","December",17,"SP",1,"E",40,"SP1-40",1.371998753,-99,100.0396418,18.00723897,4.221554754,107.8159604,6.906516965
"2003","December",17,"SP",2,"A",20,"SP2-20",1.683816651,-99,530.4405524,240.5481666,0.684791478,66.42660231,4.255191255
"2003","December",17,"SP",2,"A",40,"SP2-40",2.993451824,-99,542.7218965,443.2972272,1.089213978,105.6227213,6.766022121
"2003","December",17,"SP",4,"E",20,"SP4-20",1.371998753,-99,462.1593849,77.81961894,1.231516883,63.02753591,4.03745335
"2003","December",17,"SP",4,"E",40,"SP4-40",2.507015903,-99,500.7940132,290.6915631,1.688702593,94.85022908,6.075956202
"2003","December",17,"SP",5,"A",20,"SP5-20",2.182725288,-99,523.5524031,204.9081895,0.323804504,87.57593256,5.609978224
"2003","December",17,"SP",5,"A",40,"SP5-40",3.267851575,-99,499.5648038,319.9756073,0.617599209,109.0831531,6.987690984
"2003","December",17,"SP",8,"E",20,"SP8-20",1.87090739,-99,548.0696009,229.2440453,1.023795082,67.87006659,4.347656906
"2003","December",17,"SP",8,"E",40,"SP8-40",2.60679763,-99,509.7930365,323.9854102,0.947812877,98.37700648,6.301875038
"2003","December",17,"SP",9,"A",20,"SP9-20",2.394761459,-99,481.9838293,200.365198,0.743422366,82.03419289,5.254984633
"2003","December",17,"SP",9,"A",40,"SP9-40",3.267851575,-99,426.2068443,388.0989823,1.047813615,112.5861283,7.212085093
"2003","December",17,"SP",10,"E",20,"SP10-20",1.908325538,-99,515.8570531,150.7952161,0.426207892,76.58898629,4.906174772
"2003","December",17,"SP",10,"E",40,"SP10-40",2.968506392,-99,430.4002647,362.973954,2.509473732,124.831526,7.996502617
"2003","December",17,"SP",11,"A",20,"SP11-20",1.509198628,-99,360.7011442,97.34591657,0.758405051,70.72046554,4.53024819
"2003","December",17,"SP",11,"A",40,"SP11-40",2.94356096,-99,361.6547354,298.1992013,1.372563696,110.8589564,7.101445658
"2003","December",17,"SP",13,"A",20,"SP13-20",1.908325538,-99,525.5160101,186.9684372,0.797536872,79.00212612,5.060756045
"2003","December",17,"SP",13,"A",40,"SP13-40",2.993451824,-99,543.7165028,496.8531866,0.89225283,110.6161312,7.085890724
"2003","December",17,"SP",14,"E",20,"SP14-20",1.758652947,-99,421.8638038,246.2215314,1.09015305,76.43952736,4.89660071
"2003","December",17,"SP",14,"E",40,"SP14-40",3.592142189,-99,382.640338,594.58053,1.215767877,124.685801,7.987167744
"2003","December",18,"MX",1,"E",20,"MX1-20",1.047708138,-99,422.4947598,15.26383546,0.787481076,74.855921,4.795157816
"2003","December",18,"MX",1,"E",40,"MX1-40",1.721234799,-99,300.932057,28.01565014,1.371421152,91.32840147,5.85035444
"2003","December",18,"MX",2,"A",20,"MX2-20",0.785781104,-99,472.6698797,7.670869371,0.76565179,70.20810874,4.497427561
"2003","December",18,"MX",2,"A",40,"MX2-40",2.681633926,-99,430.1985673,117.2774109,0.827107747,98.29776072,6.296798701
"2003","December",18,"MX",4,"E",20,"MX4-20",0.935453695,-99,401.6164508,5.068811013,0.372632589,68.55073438,4.391259225
"2003","December",18,"MX",4,"E",40,"MX4-40",1.833489242,-99,331.8503985,7.023042057,0.899638162,92.54160972,5.928070317
"2003","December",18,"MX",6,"A",20,"MX6-20",0.960399127,-99,367.282468,4.218357588,0.770621312,62.50764557,4.004150136
"2003","December",18,"MX",6,"A",40,"MX6-40",2.020579981,-99,255.7568569,36.05653241,-99,-99,-99
"2003","December",18,"MX",8,"E",20,"MX8-20",1.284689741,-99,481.7769195,5.077399213,1.256706176,91.34104372,5.85116428
"2003","December",18,"MX",8,"E",40,"MX8-40",2.569379482,-99,372.6715284,190.4556342,3.014595014,134.3097219,8.603658312
"2003","December",18,"MX",9,"A",20,"MX9-20",1.110071718,-99,203.0678075,5.194087916,1.280480378,86.26557346,5.526039044
"2003","December",18,"MX",9,"A",40,"MX9-40",1.958216402,-99,226.6446125,54.74295947,3.192786246,124.8468744,7.997485806
"2003","December",18,"MX",11,"E",20,"MX11-20",0.810726536,-99,350.5301278,3.402534001,1.063419516,58.92347112,3.774554552
"2003","December",18,"MX",11,"E",40,"MX11-40",1.995634549,-99,317.3619627,22.85680154,1.222918368,83.10078234,5.32330838
"2003","December",18,"MX",12,"A",20,"MX12-20",0.386654194,-99,108.400277,2.013517328,3.460809843,70.13352561,4.492649904
"2003","December",18,"MX",12,"A",40,"MX12-40",1.384471469,-99,230.7801171,7.302961967,1.436010951,74.66730778,4.783075602
"2003","December",18,"MX",13,"E",20,"MX13-20",1.347053321,-99,483.0236131,2.461378103,0.642669254,63.30665993,4.055333518
"2003","December",18,"MX",13,"E",40,"MX13-40",2.082943561,-99,400.2268984,28.66619243,1.281302382,80.71978724,5.170786239
"2003","December",18,"MX",15,"A",20,"MX15-20",1.097599002,-99,335.9896461,9.747773155,1.290056956,56.95037252,3.648161505
"2003","December",18,"MX",15,"A",40,"MX15-40",2.033052697,-99,477.5522062,30.6470746,0.5068692,68.77564327,4.405666473
"2004","January",NA,"SC",1,"E",20,"SC1-20",-99,-99,-99,7.518276452,-99,-99,-99
"2004","January",NA,"SC",1,"E",40,"SC1-40",-99,-99,-99,9.257580869,-99,-99,-99
"2004","January",NA,"SC",1,"E",80,"SC1-80",-99,-99,-99,176.3239451,-99,-99,-99
"2004","January",NA,"SC",2,"A",20,"SC2-20",-99,-99,-99,26.5646322,-99,-99,-99
"2004","January",NA,"SC",2,"A",40,"SC2-40",-99,-99,-99,9.145380186,-99,-99,-99
"2004","January",NA,"SC",2,"A",80,"SC2-80",-99,-99,-99,222.5566079,-99,-99,-99
"2004","January",NA,"SC",4,"A",20,"SC4-20",-99,-99,-99,5.128651374,-99,-99,-99
"2004","January",NA,"SC",4,"A",40,"SC4-40",-99,-99,-99,2.375773142,-99,-99,-99
"2004","January",NA,"SC",4,"A",80,"SC4-80",-99,-99,-99,17.92191104,-99,-99,-99
"2004","January",NA,"SC",6,"E",20,"SC6-20",-99,-99,-99,12.66936796,-99,-99,-99
"2004","January",NA,"SC",6,"E",40,"SC6-40",-99,-99,-99,7.529025553,-99,-99,-99
"2004","January",NA,"SC",6,"E",80,"SC6-80",-99,-99,-99,180.7434882,-99,-99,-99
"2004","January",NA,"SC",8,"A",20,"SC8-20",-99,-99,-99,14.49931944,-99,-99,-99
"2004","January",NA,"SC",8,"A",40,"SC8-40",-99,-99,-99,8.150534187,-99,-99,-99
"2004","January",NA,"SC",8,"A",80,"SC8-80",-99,-99,-99,144.8432611,-99,-99,-99
"2004","January",NA,"SC",9,"E",20,"SC9-20",-99,-99,-99,7.816037656,-99,-99,-99
"2004","January",NA,"SC",9,"E",40,"SC9-40",-99,-99,-99,41.65326838,-99,-99,-99
"2004","January",NA,"SC",9,"E",80,"SC9-80",-99,-99,-99,234.0450707,-99,-99,-99
"2004","January",NA,"SC",10,"E",20,"SC10-20",-99,-99,-99,15.45964642,-99,-99,-99
"2004","January",NA,"SC",10,"E",40,"SC10-40",-99,-99,-99,13.71812569,-99,-99,-99
"2004","January",NA,"SC",10,"E",80,"SC10-80",-99,-99,-99,168.9302807,-99,-99,-99
"2004","January",NA,"SC",12,"A",20,"SC12-20",-99,-99,-99,99.06809996,-99,-99,-99
"2004","January",NA,"SC",12,"A",40,"SC12-40",-99,-99,-99,166.0951219,-99,-99,-99
"2004","January",NA,"SC",12,"A",80,"SC12-80",-99,-99,-99,197.4808372,-99,-99,-99
"2004","January",NA,"SC",14,"E",20,"SC14-20",-99,-99,-99,8.312380202,-99,-99,-99
"2004","January",NA,"SC",14,"E",40,"SC14-40",-99,-99,-99,7.125490972,-99,-99,-99
"2004","January",NA,"SC",14,"E",80,"SC14-80",-99,-99,-99,66.66415669,-99,-99,-99
"2004","January",NA,"SC",15,"A",20,"SC15-20",-99,-99,-99,14.7237762,-99,-99,-99
"2004","January",NA,"SC",15,"A",40,"SC15-40",-99,-99,-99,14.60077101,-99,-99,-99
"2004","January",NA,"SC",15,"A",80,"SC15-80",-99,-99,-99,102.4690826,-99,-99,-99
"2004","January",NA,"SP",1,"E",20,"SP1-20",-99,-99,-99,19.59001651,-99,-99,-99
"2004","January",NA,"SP",1,"E",20,"SP1-20",-99,-99,-99,-99,-99,-99,-99
"2004","January",NA,"SP",1,"E",40,"SP1-40",-99,-99,-99,6.236418351,-99,-99,-99
"2004","January",NA,"SP",2,"A",20,"SP2-20",-99,-99,-99,137.6010814,-99,-99,-99
"2004","January",NA,"SP",2,"A",40,"SP2-40",-99,-99,-99,415.2640127,-99,-99,-99
"2004","January",NA,"SP",4,"E",20,"SP4-20",-99,-99,-99,124.4460092,-99,-99,-99
"2004","January",NA,"SP",4,"E",40,"SP4-40",-99,-99,-99,314.3911718,-99,-99,-99
"2004","January",NA,"SP",5,"A",20,"SP5-20",-99,-99,-99,211.4818194,-99,-99,-99
"2004","January",NA,"SP",5,"A",40,"SP5-40",-99,-99,-99,275.7718652,-99,-99,-99
"2004","January",NA,"SP",8,"E",20,"SP8-20",-99,-99,-99,148.7017454,-99,-99,-99
"2004","January",NA,"SP",8,"E",40,"SP8-40",-99,-99,-99,288.6334426,-99,-99,-99
"2004","January",NA,"SP",9,"A",20,"SP9-20",-99,-99,-99,135.7711299,-99,-99,-99
"2004","January",NA,"SP",9,"A",40,"SP9-40",-99,-99,-99,268.0376647,-99,-99,-99
"2004","January",NA,"SP",10,"E",20,"SP10-20",-99,-99,-99,132.8193932,-99,-99,-99
"2004","January",NA,"SP",10,"E",40,"SP10-40",-99,-99,-99,317.7403482,-99,-99,-99
"2004","January",NA,"SP",11,"A",20,"SP11-20",-99,-99,-99,90.23765735,-99,-99,-99
"2004","January",NA,"SP",11,"A",40,"SP11-40",-99,-99,-99,314.1149088,-99,-99,-99
"2004","January",NA,"SP",13,"A",20,"SP13-20",-99,-99,-99,192.2757785,-99,-99,-99
"2004","January",NA,"SP",13,"A",40,"SP13-40",-99,-99,-99,325.0774967,-99,-99,-99
"2004","January",NA,"SP",14,"E",20,"SP14-20",-99,-99,-99,236.5921646,-99,-99,-99
"2004","January",NA,"SP",14,"E",40,"SP14-40",-99,-99,-99,429.610296,-99,-99,-99
"2004","January",NA,"MX",1,"E",20,"MX1-20",-99,-99,-99,26.48911145,-99,-99,-99
"2004","January",NA,"MX",1,"E",20,"MX1-20",-99,-99,-99,-99,-99,-99,-99
"2004","January",NA,"MX",1,"E",40,"MX1-40",-99,-99,-99,7.943364641,-99,-99,-99
"2004","January",NA,"MX",2,"A",20,"MX2-20",-99,-99,-99,17.60037992,-99,-99,-99
"2004","January",NA,"MX",2,"A",40,"MX2-40",-99,-99,-99,47.63519898,-99,-99,-99
"2004","January",NA,"MX",4,"E",20,"MX4-20",-99,-99,-99,13.06858074,-99,-99,-99
"2004","January",NA,"MX",4,"E",40,"MX4-40",-99,-99,-99,15.35819484,-99,-99,-99
"2004","January",NA,"MX",6,"A",20,"MX6-20",-99,-99,-99,25.78343846,-99,-99,-99
"2004","January",NA,"MX",6,"A",40,"MX6-40",-99,-99,-99,60.0673664,-99,-99,-99
"2004","January",NA,"MX",8,"E",20,"MX8-20",-99,-99,-99,21.02291611,-99,-99,-99
"2004","January",NA,"MX",8,"E",40,"MX8-40",-99,-99,-99,86.38809375,-99,-99,-99
"2004","January",NA,"MX",9,"A",20,"MX9-20",-99,-99,-99,14.46263952,-99,-99,-99
"2004","January",NA,"MX",9,"A",40,"MX9-40",-99,-99,-99,14.52741117,-99,-99,-99
"2004","January",NA,"MX",11,"E",20,"MX11-20",-99,-99,-99,9.31370891,-99,-99,-99
"2004","January",NA,"MX",11,"E",40,"MX11-40",-99,-99,-99,19.21019645,-99,-99,-99
"2004","January",NA,"MX",12,"A",20,"MX12-20",-99,-99,-99,10.02154281,-99,-99,-99
"2004","January",NA,"MX",12,"A",40,"MX12-40",-99,-99,-99,10.8846846,-99,-99,-99
"2004","January",NA,"MX",13,"E",20,"MX13-20",-99,-99,-99,16.56669309,-99,-99,-99
"2004","January",NA,"MX",13,"E",40,"MX13-40",-99,-99,-99,38.13576331,-99,-99,-99
"2004","January",NA,"MX",15,"A",20,"MX15-20",-99,-99,-99,7.926132837,-99,-99,-99
"2004","January",NA,"MX",15,"A",40,"MX15-40",-99,-99,-99,15.36251665,-99,-99,-99
"2004","February",24,"SC",1,"E",20,"SC1-20",1.70626754,-99,159.26,35.09382289,0.855720547,82.80122735,5.304119441
"2004","February",24,"SC",1,"E",40,"SC1-40",1.169940755,-99,505.59,33.36565544,0.828782531,125.9426186,8.067677152
"2004","February",24,"SC",1,"E",80,"SC1-80",1.444340505,-99,388.36,150.3604869,1.905168459,135.483162,8.678826715
"2004","February",24,"SC",2,"A",20,"SC2-20",1.381976925,-99,555.81,40.64617727,0.440354935,87.04680801,5.576083484
"2004","February",24,"SC",2,"A",40,"SC2-40",2.167758029,-99,243.18,50.86513786,0.945949429,108.627704,6.958515756
"2004","February",24,"SC",2,"A",80,"SC2-80",2.04303087,-99,403.65,200.067326,3.078663922,149.0942409,9.550727245
"2004","February",24,"SC",4,"A",20,"SC4-20",0.521359526,-99,237.62,6.104492518,1.735073839,63.84082382,4.089551068
"2004","February",24,"SC",4,"A",40,"SC4-40",0.695977549,-99,293.14,11.87443309,1.493505262,74.74928556,4.788326947
"2004","February",24,"SC",4,"A",80,"SC4-80",1.64390396,-99,207.21,20.51144726,5.480666833,154.6464905,9.906394084
"2004","February",24,"SC",6,"E",20,"SC6-20",0.695977549,-99,308.68,28.16946203,2.109501619,79.35661099,5.08346369
"2004","February",24,"SC",6,"E",40,"SC6-40",2.117867166,-99,413.99,39.60766997,1.198123096,126.7405306,8.118789923
"2004","February",24,"SC",6,"E",80,"SC6-80",1.668849392,-99,332.45,147.8927923,3.510604252,153.5677805,9.837293918
"2004","February",24,"SC",8,"A",20,"SC8-20",0.708450265,-99,357.61,16.20177771,1.981220348,68.42833804,4.383418742
"2004","February",24,"SC",8,"A",40,"SC8-40",1.120049891,-99,323.23,27.29767662,2.110518985,110.7994394,7.097633108
"2004","February",24,"SC",8,"A",80,"SC8-80",1.169940755,-99,145.99,131.5715555,3.917179465,137.0823304,8.781266484
"2004","February",24,"SC",9,"E",20,"SC9-20",1.169940755,-99,501.11,18.72332861,0.725901836,119.2406742,7.638362994
"2004","February",24,"SC",9,"E",40,"SC9-40",1.594013096,-99,490.17,53.85892896,2.675332766,146.0413211,9.355162853
"2004","February",24,"SC",9,"E",80,"SC9-80",1.768631119,-99,173.84,226.0688493,1.257946547,130.4460256,8.356157073
"2004","February",24,"SC",10,"E",20,"SC10-20",1.144995323,-99,602.03,44.76147646,1.235354841,78.55701028,5.032242748
"2004","February",24,"SC",10,"E",40,"SC10-40",1.469285937,-99,86.55,58.63579658,1.203888749,121.0184585,7.752244569
"2004","February",24,"SC",10,"E",80,"SC10-80",1.718740256,-99,216.15,143.9768502,3.523053182,147.9943637,9.48027115
"2004","February",24,"SC",12,"A",20,"SC12-20",1.169940755,-99,771.49,210.3479,0.859165565,86.285108,5.527290391
"2004","February",24,"SC",12,"A",40,"SC12-40",1.419395073,-99,628.56,221.220561,1.550606976,126.8901749,8.128375858
"2004","February",24,"SC",12,"A",80,"SC12-80",1.993140006,-99,248.85,180.3160729,5.816547547,173.2564343,11.09851266
"2004","February",24,"SC",14,"E",20,"SC14-20",0.596195822,-99,246.91,31.37164164,3.131351645,88.47663242,5.667675391
"2004","February",24,"SC",14,"E",40,"SC14-40",0.895541004,-99,288.25,31.3040996,3.605314182,106.3160727,6.810436931
"2004","February",24,"SC",14,"E",80,"SC14-80",1.394449641,-99,174,69.34921585,5.273897394,162.9638116,10.43918629
"2004","February",24,"SC",15,"A",20,"SC15-20",0.820704708,-99,287.95,44.50327638,2.002112199,87.77334977,5.622624406
"2004","February",24,"SC",15,"A",40,"SC15-40",0.895541004,-99,176.25,56.85344035,2.449616235,109.3729537,7.006255076
"2004","February",24,"SC",15,"A",80,"SC15-80",1.132522607,-99,152.24,94.96554459,5.999193128,155.9123085,9.987480046
"2004","February",25,"SP",1,"E",20,"SP1-20",1.212971625,-99,303.56,42.51602233,0.543916764,61.75451552,3.955906018
"2004","February",25,"SP",1,"E",20,"SP1-20",1.212971625,-99,303.56,-99,0.543916764,61.75451552,3.955906018
"2004","February",25,"SP",1,"E",40,"SP1-40",0.863735578,-99,134.26,15.7594023,4.454642342,124.549769,7.978453785
"2004","February",25,"SP",2,"A",20,"SP2-20",1.387589648,-99,703.16,162.7004559,0.050849286,39.25938739,2.514909727
"2004","February",25,"SP",2,"A",40,"SP2-40",1.512316807,-99,467.54,403.2407544,1.154352375,135.2180531,8.661844331
"2004","February",25,"SP",4,"E",20,"SP4-20",1.537262239,-99,660.48,170.7692082,0.245402018,53.95705862,3.456415355
"2004","February",25,"SP",4,"E",40,"SP4-40",1.976925476,-99,441.85,275.2816175,1.778338518,121.0972635,7.757292668
"2004","February",25,"SP",5,"A",20,"SP5-20",1.587153103,-99,411.72,110.9641975,0.238790991,73.58740022,4.713898721
"2004","February",25,"SP",5,"A",40,"SP5-40",1.68693483,-99,404.37,190.0454507,0.403096416,102.7828339,6.584104193
"2004","February",25,"SP",8,"E",20,"SP8-20",1.986280012,-99,127.66,168.5124509,0.29900032,73.01181863,4.677028029
"2004","February",25,"SP",8,"E",40,"SP8-40",2.276270658,-99,344.52,316.6134655,1.041785179,107.8621063,6.909472984
"2004","February",25,"SP",9,"A",20,"SP9-20",1.986280012,-99,506.04,228.2140154,0.237538079,78.45360506,5.025618801
"2004","February",25,"SP",9,"A",40,"SP9-40",3.274087933,-99,331.31,260.5649888,1.262592794,138.635656,8.88076965
"2004","February",25,"SP",10,"E",20,"SP10-20",1.736825694,-99,410.32,187.2333416,0.351591171,80.37187088,5.148499361
"2004","February",25,"SP",10,"E",40,"SP10-40",2.600561272,-99,278.48,235.4933737,2.612370807,147.9576963,9.477922301
"2004","February",25,"SP",11,"A",20,"SP11-20",0.988462738,-99,280.05,81.77900078,0.551524748,37.9902155,2.433608923
"2004","February",25,"SP",11,"A",40,"SP11-40",1.562207671,-99,202.57,231.1548921,1.537164497,126.2599681,8.088005977
"2004","February",25,"SP",13,"A",20,"SP13-20",1.387589648,-99,675.53,294.240706,0.117488554,78.09976934,5.002952739
"2004","February",25,"SP",13,"A",40,"SP13-40",2.276270658,-99,380.66,205.5520275,0.803003616,139.8122326,8.956138969
"2004","February",25,"SP",14,"E",20,"SP14-20",1.113189897,-99,303.64,223.6216002,1.063954745,79.66647793,5.103313193
"2004","February",25,"SP",14,"E",40,"SP14-40",3.074524478,-99,115.49,264.0032608,1.298117783,145.9198052,9.347378769
"2004","February",26,"MX",1,"E",20,"MX1-20",-99,-99,-99,-99,-99,-99,-99
"2004","February",26,"MX",1,"E",20,"MX1-20",-99,-99,-99,-99,-99,-99,-99
"2004","February",26,"MX",1,"E",40,"MX1-40",1.496725912,-99,293.5540343,17.23624024,1.270371748,95.70380079,6.130634427
"2004","February",26,"MX",2,"A",20,"MX2-20",1.721234799,-99,362.7727939,34.74370138,1.3713316,59.50918763,3.812074468
"2004","February",26,"MX",2,"A",40,"MX2-40",1.920798254,-99,455.9911571,92.10716997,0.585269183,99.12586272,6.349845383
"2004","February",26,"MX",4,"E",20,"MX4-20",1.546616776,-99,339.6869311,20.45903153,0.382213142,62.73193213,4.018517518
"2004","February",26,"MX",4,"E",40,"MX4-40",1.521671344,-99,322.9913717,26.32105977,0.660101096,95.24692563,6.101367849
"2004","February",26,"MX",6,"A",20,"MX6-20",1.272217025,-99,249.3903576,25.09909744,1.362905211,55.44584465,3.551784233
"2004","February",26,"MX",6,"A",40,"MX6-40",1.47178048,-99,202.7400167,43.57364529,2.802594034,113.76135,7.28736762
"2004","February",26,"MX",8,"E",20,"MX8-20",1.87090739,-99,410.5470845,63.51339548,0.264392437,23.35523386,1.496119074
"2004","February",26,"MX",8,"E",40,"MX8-40",1.945743686,-99,362.2398726,160.8030178,2.253658848,141.5805944,9.06941695
"2004","February",26,"MX",9,"A",20,"MX9-20",1.646398503,-99,256.1844248,45.2005274,0.686380192,64.83844177,4.153456629
"2004","February",26,"MX",9,"A",40,"MX9-40",1.821016526,-99,271.647287,62.89609783,2.755227443,143.2505656,9.176392221
"2004","February",26,"MX",11,"E",20,"MX11-20",1.147489866,-99,227.6628195,14.82567104,1.499598435,44.70485918,2.863736575
"2004","February",26,"MX",11,"E",40,"MX11-40",1.496725912,-99,334.2555331,21.73102705,0.85805378,94.05801728,6.02520858
"2004","February",26,"MX",12,"A",20,"MX12-20",1.010289991,-99,169.2118661,13.05589236,2.443828067,63.76383714,4.084619444
"2004","February",26,"MX",12,"A",40,"MX12-40",1.222326162,-99,222.4447077,12.09118818,1.842869525,107.3860052,6.878974827
"2004","February",26,"MX",13,"E",20,"MX13-20",1.322107889,-99,239.7679068,23.82000972,1.80400874,54.29072823,3.477789613
"2004","February",26,"MX",13,"E",40,"MX13-40",1.384471469,-99,336.1880967,29.01027451,1.922270094,94.18447885,6.033309474
"2004","February",26,"MX",15,"A",20,"MX15-20",1.53414406,-99,266.4322525,29.25085492,1.909202703,67.65428896,4.333834591
"2004","February",26,"MX",15,"A",40,"MX15-40",1.496725912,-99,355.6720345,41.59896879,0.939552819,76.92978281,4.928005567
"2004","March",24,"SC",1,"E",20,"SC1-20",1.429016883,-99,265.6405227,53.22628336,1.02427917,72.75271561,4.660430369
"2004","March",24,"SC",1,"E",40,"SC1-40",2.177379839,-99,464.7840605,41.46521451,0.581571871,123.8466844,7.933415487
"2004","March",24,"SC",1,"E",80,"SC1-80",2.558688583,-99,393.4050452,121.0890757,1.877740923,142.6031309,9.134918747
"2004","March",24,"SC",2,"A",20,"SC2-20",1.678471201,-99,261.9917705,51.36325346,0.435456788,75.96504365,4.866206161
"2004","March",24,"SC",2,"A",40,"SC2-40",2.409015992,-99,439.1074679,49.64672162,0.532890914,115.3410004,7.388557107
"2004","March",24,"SC",2,"A",80,"SC2-80",2.633524879,-99,395.2057276,152.9709118,3.160704678,154.6157565,9.904425324
"2004","March",24,"SC",4,"A",20,"SC4-20",0.431199608,-99,114.7873428,4.176912597,2.486220542,61.52193037,3.941007044
"2004","March",24,"SC",4,"A",40,"SC4-40",0.805381086,-99,187.2825991,7.880809305,2.019176552,91.42230853,5.856369953
"2004","March",24,"SC",4,"A",80,"SC4-80",1.603634906,-99,173.9663624,9.463476034,5.819265969,160.0725985,10.25398052
"2004","March",24,"SC",6,"E",20,"SC6-20",0.755490222,-99,231.5769729,28.48484289,2.375663854,74.10712377,4.74719125
"2004","March",24,"SC",6,"E",40,"SC6-40",2.127488975,-99,437.3971731,30.64485829,0.843512824,125.6898665,8.051486321
"2004","March",24,"SC",6,"E",80,"SC6-80",2.533743151,-99,330.6102045,115.0461966,3.646287774,162.426433,10.40476281
"2004","March",24,"SC",8,"A",20,"SC8-20",0.73054479,-99,273.7683722,33.14430151,2.206195077,65.60712791,4.202697241
"2004","March",24,"SC",8,"A",40,"SC8-40",1.665998485,-99,354.2209567,18.93360099,2.054118049,112.1941712,7.186977045
"2004","March",24,"SC",8,"A",80,"SC8-80",2.052652679,-99,54.45716484,108.9812099,4.607678966,173.4799242,11.112829
"2004","March",24,"SC",9,"E",20,"SC9-20",1.429016883,-99,414.1297269,30.21877276,0.875706586,113.0882979,7.244253148
"2004","March",24,"SC",9,"E",40,"SC9-40",2.808142902,-99,429.7565012,57.40430411,2.858708619,151.2567987,9.689256698
"2004","March",24,"SC",9,"E",80,"SC9-80",2.982760925,-99,165.2916619,169.734524,3.181048243,201.0421846,12.87841642
"2004","March",24,"SC",10,"E",20,"SC10-20",0.955053677,-99,376.5674856,36.78547666,1.97322193,76.18273948,4.880151353
"2004","March",24,"SC",10,"E",40,"SC10-40",2.027707248,-99,232.0517726,45.01092211,1.246882001,121.2300517,7.765798839
"2004","March",24,"SC",10,"E",80,"SC10-80",2.127488975,-99,200.5372226,114.8764827,4.0750712,169.3955916,10.85119422
"2004","March",24,"SC",12,"A",20,"SC12-20",1.304289723,-99,512.0754917,160.6074838,1.651158589,77.51546543,4.965523312
"2004","March",24,"SC",12,"A",40,"SC12-40",2.189852555,-99,538.0502197,162.3444612,1.440760537,133.0435765,8.522551378
"2004","March",24,"SC",12,"A",80,"SC12-80",2.139961691,-99,260.0060641,138.3248727,6.695476964,191.8243469,12.28793879
"2004","March",24,"SC",14,"E",20,"SC14-20",0.580872199,-99,135.0042936,20.652737,3.778320689,82.59483419,5.290898278
"2004","March",24,"SC",14,"E",40,"SC14-40",1.154617132,-99,247.1420418,25.61283802,3.431878395,104.7554889,6.710468821
"2004","March",24,"SC",14,"E",80,"SC14-80",1.578689474,-99,178.7991116,44.89135221,10.64819282,281.9617371,18.06197325
"2004","March",24,"SC",15,"A",20,"SC15-20",0.830326518,-99,219.6256467,64.4598151,1.917806815,84.36704377,5.404422745
"2004","March",24,"SC",15,"A",40,"SC15-40",1.279344292,-99,277.5425214,42.00643733,2.804279614,107.9999308,6.918301769
"2004","March",24,"SC",15,"A",80,"SC15-80",1.354180587,-99,151.6095339,80.66308879,9.331566136,242.5600443,15.5379737
"2004","March",23,"SP",1,"E",20,"SP1-20",1.228562519,-99,209.3326887,42.15692475,1.608744597,77.33979568,4.954270233
"2004","March",23,"SP",1,"E",40,"SP1-40",1.278453383,-99,155.3184646,12.78190109,3.707381568,108.4466382,6.946917014
"2004","March",23,"SP",2,"A",20,"SP2-20",1.527907702,-99,519.1008584,178.3259377,1.102261744,73.31212323,4.696264986
"2004","March",23,"SP",2,"A",40,"SP2-40",2.188961646,-99,460.7548139,265.419926,0.805902841,114.8581684,7.357627778
"2004","March",23,"SP",4,"E",20,"SP4-20",1.428125974,-99,351.4023143,120.0708477,1.481520048,70.20247515,4.497066684
"2004","March",23,"SP",4,"E",40,"SP4-40",2.507015903,-99,462.1134832,218.1985121,1.428425523,106.2617779,6.806958907
"2004","March",23,"SP",5,"A",20,"SP5-20",1.527907702,-99,320.4317637,84.07493132,1.214791856,77.7384305,4.979806042
"2004","March",23,"SP",5,"A",40,"SP5-40",2.931088244,-99,391.9292203,168.3947094,0.464681571,118.71813,7.604889777
"2004","March",23,"SP",8,"E",20,"SP8-20",1.577798566,-99,436.2765649,153.0919778,1.484202186,74.05628342,4.743934512
"2004","March",23,"SP",8,"E",40,"SP8-40",1.652634861,-99,476.5391377,223.4814185,0.950009973,108.1008784,6.924768284
"2004","March",23,"SP",9,"A",20,"SP9-20",1.976925476,-99,395.7843256,156.4417636,0.60045757,75.77539899,4.854057875
"2004","March",23,"SP",9,"A",40,"SP9-40",3.155597131,-99,424.8652037,181.173951,0.521363237,84.97451655,5.443336327
"2004","March",23,"SP",10,"E",20,"SP10-20",1.328344247,-99,264.3112492,126.2981791,0.82851566,69.07264824,4.424692062
"2004","March",23,"SP",10,"E",40,"SP10-40",3.080760836,-99,355.671277,243.7866382,1.892738966,126.65839,8.113528144
"2004","March",23,"SP",11,"A",20,"SP11-20",1.078889928,-99,200.8250967,98.66628304,1.356942523,60.77586941,3.893215759
"2004","March",23,"SP",11,"A",40,"SP11-40",2.357343312,-99,268.6105452,177.411045,0.904234093,97.202007,6.226606745
"2004","March",23,"SP",13,"A",20,"SP13-20",1.702525725,-99,487.800926,144.0135856,0.539293212,72.64591855,4.653589148
"2004","March",23,"SP",13,"A",40,"SP13-40",2.188961646,-99,485.4129205,221.7843902,1.053180622,104.2077381,6.675380919
"2004","March",23,"SP",14,"E",20,"SP14-20",1.128780792,-99,191.1993595,110.4156608,2.056822448,74.20127134,4.75322217
"2004","March",23,"SP",14,"E",40,"SP14-40",2.73152479,-99,332.7532701,247.0183501,0.855334757,128.3370764,8.22106169
"2004","March",25,"MX",1,"E",20,"MX1-20",1.028999065,-99,245.5795901,37.53625156,0.756831314,61.19614796,3.920138026
"2004","March",25,"MX",1,"E",40,"MX1-40",1.403180543,-99,189.2405,22.6596608,1.032312497,88.42925692,5.664640604
"2004","March",25,"MX",2,"A",20,"MX2-20",1.303398815,-99,286.4702886,51.78751053,0.754471254,56.85599967,3.642116156
"2004","March",25,"MX",2,"A",40,"MX2-40",1.827252884,-99,289.0816868,69.13074313,0.580952179,87.14224633,5.582197087
"2004","March",25,"MX",4,"E",20,"MX4-20",1.228562519,-99,271.7637979,30.67810293,0.515508389,57.84947565,3.705756388
"2004","March",25,"MX",4,"E",40,"MX4-40",1.602743998,-99,242.2787965,19.64930279,0.444965579,86.13048701,5.517385656
"2004","March",25,"MX",6,"A",20,"MX6-20",0.904271905,-99,176.0393819,23.95088281,1.199847688,55.96667856,3.58514789
"2004","March",25,"MX",6,"A",40,"MX6-40",1.552853134,-99,125.9162271,38.6817512,1.603043481,104.5394286,6.6966284
"2004","March",25,"MX",8,"E",20,"MX8-20",1.340816963,-99,316.5141659,60.79908103,1.420197004,83.30621635,5.336468103
"2004","March",25,"MX",8,"E",40,"MX8-40",2.001870907,-99,180.7889736,142.9437174,1.669906396,129.1732139,8.274623111
"2004","March",25,"MX",9,"A",20,"MX9-20",1.203617088,-99,201.366702,35.96283792,0.944061119,72.89138573,4.669313321
"2004","March",25,"MX",9,"A",40,"MX9-40",1.527907702,-99,179.5192626,46.20767392,2.346799071,118.3919713,7.583996654
"2004","March",25,"MX",11,"E",20,"MX11-20",0.70470845,-99,170.4056435,17.4892874,1.72975533,50.96950459,3.26503817
"2004","March",25,"MX",11,"E",40,"MX11-40",1.378235111,-99,126.9541707,21.90705745,0.873303645,76.88911598,4.925400525
"2004","March",25,"MX",12,"A",20,"MX12-20",0.729653882,-99,167.5430071,11.8171969,1.591162286,56.66107313,3.629629522
"2004","March",25,"MX",12,"A",40,"MX12-40",1.228562519,-99,186.9971645,25.8231104,1.162313108,75.55915955,4.840205976
"2004","March",25,"MX",13,"E",20,"MX13-20",0.979108201,-99,184.7401775,24.0080636,1.67648779,64.59949568,4.138150184
"2004","March",25,"MX",13,"E",40,"MX13-40",1.403180543,-99,234.528348,30.18369966,1.433645488,80.84404879,5.178746204
"2004","March",25,"MX",15,"A",20,"MX15-20",0.82943561,-99,179.0187989,41.47075528,1.984122347,57.06799367,3.655696099
"2004","March",25,"MX",15,"A",40,"MX15-40",1.552853134,-99,216.6904809,34.78043671,1.205335495,74.37573956,4.764398281
"2004","April",20,"SC",1,"E",20,"SC1-20",1.532065274,-99,375.7939902,63.41676437,0.676265026,72.59372417,4.650245672
"2004","April",20,"SC",1,"E",40,"SC1-40",2.118282923,-99,492.1573776,52.70218154,0.690089569,120.1915807,7.699276303
"2004","April",20,"SC",1,"E",80,"SC1-80",1.893774036,-99,398.5778851,128.0680132,1.565006466,136.5605508,8.747842244
"2004","April",20,"SC",2,"A",20,"SC2-20",1.769046877,-99,426.6459158,69.99815132,0.206065431,73.17198877,4.687288232
"2004","April",20,"SC",2,"A",40,"SC2-40",1.793992308,-99,407.5356596,54.29831235,0.631497618,104.712395,6.707708304
"2004","April",20,"SC",2,"A",80,"SC2-80",2.118282923,-99,389.4394201,157.3623632,2.912388405,148.9290135,9.540143086
"2004","April",20,"SC",4,"A",20,"SC4-20",0.596611579,-99,97.77128992,3.243458375,1.895105686,59.33580353,3.800967803
"2004","April",20,"SC",4,"A",40,"SC4-40",0.708866022,-99,175.3274914,3.993069711,1.673205616,67.79195902,4.342653479
"2004","April",20,"SC",4,"A",80,"SC4-80",1.41981083,-99,181.2818616,8.665937004,4.553817678,143.1370433,9.169120192
"2004","April",20,"SC",6,"E",20,"SC6-20",1.095520216,-99,218.7253375,17.83148561,1.401779487,69.63225973,4.460539739
"2004","April",20,"SC",6,"E",40,"SC6-40",1.694210581,-99,151.9277708,41.36459405,0.976140113,119.6279296,7.663169861
"2004","April",20,"SC",6,"E",80,"SC6-80",2.143228355,-99,332.2951187,119.1539603,3.262446697,158.274686,10.13880958
"2004","April",20,"SC",8,"A",20,"SC8-20",0.846065898,-99,247.306198,25.8088152,1.791399007,63.63996024,4.076684119
"2004","April",20,"SC",8,"A",40,"SC8-40",1.369919967,-99,250.9623722,22.92689234,1.87494278,103.7334236,6.644997208
"2004","April",20,"SC",8,"A",80,"SC8-80",1.719156013,-99,159.0884913,114.1933052,3.60855037,133.2594713,8.5363812
"2004","April",20,"SC",9,"E",20,"SC9-20",1.469701694,-99,407.5492282,31.52661709,0.667806984,108.7208509,6.964482574
"2004","April",20,"SC",9,"E",40,"SC9-40",1.968610332,-99,287.3547976,54.15436303,2.268370457,142.0052648,9.096620551
"2004","April",20,"SC",9,"E",80,"SC9-80",2.714894502,-99,168.1880866,181.9081589,1.480055978,131.2935456,8.410447636
"2004","April",20,"SC",10,"E",20,"SC10-20",1.045629352,-99,327.4384157,30.21073863,1.775646028,75.81232917,4.856423554
"2004","April",20,"SC",10,"E",40,"SC10-40",1.781519593,-99,385.7988296,56.47001877,1.139232847,114.4013573,7.328365306
"2004","April",20,"SC",10,"E",80,"SC10-80",1.494647126,-99,165.4139153,124.9780343,3.442310318,147.506947,9.449048138
"2004","April",20,"SC",12,"A",20,"SC12-20",1.245192807,-99,480.7499136,184.8618348,1.438492286,78.68119108,5.04019754
"2004","April",20,"SC",12,"A",40,"SC12-40",2.118282923,-99,210.3270544,167.1094715,1.117847993,108.791388,6.969001049
"2004","April",20,"SC",12,"A",80,"SC12-80",1.719156013,-99,225.6801558,146.8048613,5.052669784,169.2031467,10.83886655
"2004","April",20,"SC",14,"E",20,"SC14-20",0.671447874,-99,119.0496092,15.36473295,3.221297733,82.00308713,5.252992056
"2004","April",20,"SC",14,"E",40,"SC14-40",0.920902193,-99,240.5456389,27.92350706,2.690820212,100.2329842,6.420765539
"2004","April",20,"SC",14,"E",80,"SC14-80",1.320029103,-99,198.1910514,51.08710127,4.500239282,149.2178502,9.558645429
"2004","April",20,"SC",15,"A",20,"SC15-20",0.871011329,-99,189.6043307,54.99877701,1.950096243,79.541293,5.095294078
"2004","April",20,"SC",15,"A",40,"SC15-40",0.995738489,-99,246.7719629,46.1681128,2.200044891,102.9985857,6.597924852
"2004","April",20,"SC",15,"A",80,"SC15-80",1.045629352,-99,60.73581208,83.31994544,5.866333144,163.6537133,10.48338011
"2004","April",21,"SP",1,"E",20,"SP1-20",1.150608045,-99,170.3726613,36.23732787,0.071469182,58.76403804,3.764341563
"2004","April",21,"SP",1,"E",40,"SP1-40",1.400062364,-99,138.9815731,20.70592843,3.259006426,102.3876733,6.558790933
"2004","April",21,"SP",2,"A",20,"SP2-20",1.425007795,-99,360.5775315,180.1283515,0.382913046,60.2711311,3.860883157
"2004","April",21,"SP",2,"A",40,"SP2-40",2.750233863,-99,411.6937557,330.2201662,0.723034802,101.262177,6.486693723
"2004","April",21,"SP",4,"E",20,"SP4-20",1.425007795,-99,307.6365043,142.0032819,0.89737695,61.75407633,3.955877885
"2004","April",21,"SP",4,"E",40,"SP4-40",2.525724977,-99,361.5786437,224.5392632,1.168726682,90.63893158,5.806188275
"2004","April",21,"SP",5,"A",20,"SP5-20",1.474898659,-99,199.6476066,130.7396637,0.026652381,73.46625638,4.706138471
"2004","April",21,"SP",5,"A",40,"SP5-40",2.326161522,-99,359.8659078,241.208793,0.479125991,106.6965236,6.834807916
"2004","April",21,"SP",8,"E",20,"SP8-20",1.400062364,-99,301.1647719,171.0855864,0.613754636,59.44211635,3.807778005
"2004","April",21,"SP",8,"E",40,"SP8-40",2.525724977,-99,412.3213829,245.4422215,0.957855674,100.5481329,6.440953382
"2004","April",21,"SP",9,"A",20,"SP9-20",1.774243842,-99,290.3953993,166.3521585,0.481364303,65.48118325,4.194629459
"2004","April",21,"SP",9,"A",40,"SP9-40",2.700343,-99,134.0003368,272.0819867,0.9125689,111.2005495,7.123327479
"2004","April",21,"SP",10,"E",20,"SP10-20",1.699407546,-99,207.1372419,132.2107392,0.925882638,62.76585528,4.020690572
"2004","April",21,"SP",10,"E",40,"SP10-40",2.588088556,-99,295.7483555,210.6147991,1.84487844,106.4319783,6.817861632
"2004","April",21,"SP",11,"A",20,"SP11-20",1.125662613,-99,143.6789607,107.6573527,0.623757957,55.89107058,3.580304583
"2004","April",21,"SP",11,"A",40,"SP11-40",2.210788899,-99,240.1906078,200.7661838,1.172004716,104.4765159,6.692598329
"2004","April",21,"SP",13,"A",20,"SP13-20",1.824134705,-99,370.3140617,219.8969255,0.612327838,70.81390797,4.536233939
"2004","April",21,"SP",13,"A",40,"SP13-40",1.973807297,-99,399.1519326,304.6689971,0.607282103,104.8751692,6.71813532
"2004","April",21,"SP",14,"E",20,"SP14-20",1.075771749,-99,150.9407164,176.5612565,0.556899441,68.47024595,4.386103286
"2004","April",21,"SP",14,"E",40,"SP14-40",3.274087933,-99,297.5787123,293.1123274,1.018000824,127.008653,8.135965345
"2004","April",22,"MX",1,"E",20,"MX1-20",0.723417524,-99,183.2123885,54.04460029,0.555871756,62.20434035,3.984720965
"2004","April",22,"MX",1,"E",40,"MX1-40",0.898035547,-99,151.5747154,23.90954864,0.849621662,84.34409224,5.402952513
"2004","April",22,"MX",2,"A",20,"MX2-20",1.384471469,-99,194.0335059,70.6457016,0.875627472,59.42126754,3.806442469
"2004","April",22,"MX",2,"A",40,"MX2-40",1.721234799,-99,275.2049372,80.10119891,0.608220147,84.64408326,5.422169382
"2004","April",22,"MX",4,"E",20,"MX4-20",0.548799501,-99,183.1735977,44.94121918,0.451109767,58.5867712,3.752986178
"2004","April",22,"MX",4,"E",40,"MX4-40",1.646398503,-99,186.2732898,24.178387,0.457750007,83.82608203,5.369769736
"2004","April",22,"MX",6,"A",20,"MX6-20",1.209853446,-99,122.9277283,27.97464841,0.937866953,55.94479612,3.583746142
"2004","April",22,"MX",6,"A",40,"MX6-40",1.459307764,-99,121.2411987,37.35063562,1.734930212,100.0304416,6.407791034
"2004","April",22,"MX",8,"E",20,"MX8-20",1.496725912,-99,247.7143095,93.58589181,1.111378768,79.36037035,5.083704508
"2004","April",22,"MX",8,"E",40,"MX8-40",2.594324914,-99,164.5128089,129.4388008,1.397570548,121.6373153,7.791887386
"2004","April",22,"MX",9,"A",20,"MX9-20",1.322107889,-99,162.0873794,49.09907151,0.630728671,68.98635714,4.419164413
"2004","April",22,"MX",9,"A",40,"MX9-40",1.571562208,-99,155.4594647,60.88158316,1.033513554,112.3981772,7.200045298
"2004","April",22,"MX",11,"E",20,"MX11-20",0.922980979,-99,139.5768851,14.54868774,1.382664206,48.89176757,3.131942181
"2004","April",22,"MX",11,"E",40,"MX11-40",1.53414406,-99,125.4732348,30.1747236,0.377924094,72.16092457,4.62252133
"2004","April",22,"MX",12,"A",20,"MX12-20",1.047708138,-99,135.3411871,14.77397562,1.491891638,59.58619844,3.817007638
"2004","April",22,"MX",12,"A",40,"MX12-40",1.371998753,-99,151.9220022,19.29159042,0.117862939,70.32419051,4.504863544
"2004","April",22,"MX",13,"E",20,"MX13-20",1.022762707,-99,143.0515414,30.89230927,1.291826475,63.08312082,4.041014016
"2004","April",22,"MX",13,"E",40,"MX13-40",1.47178048,-99,193.1376116,37.93003437,0.756629513,75.63298108,4.844934847
"2004","April",22,"MX",15,"A",20,"MX15-20",0.972871843,-99,114.042492,22.07106436,1.861022385,57.9721325,3.713613559
"2004","April",22,"MX",15,"A",40,"MX15-40",1.47178048,-99,164.0269651,40.43119523,0.575347414,67.76061773,4.340645815
"2004","May",25,"SC",1,"E",20,"SC1-20",1.031077851,-99,303.6059475,71.49427116,0.352206147,82.57077001,5.289356771
"2004","May",25,"SC",1,"E",40,"SC1-40",1.929113398,-99,269.1437507,69.40589797,0.916043147,123.5943527,7.917251584
"2004","May",25,"SC",1,"E",80,"SC1-80",2.31161002,-99,216.7954718,137.0425159,1.882219435,139.1205442,8.911830689
"2004","May",25,"SC",2,"A",20,"SC2-20",1.355368465,-99,218.0276089,74.04801397,0.325107374,77.24142269,4.947968641
"2004","May",25,"SC",2,"A",40,"SC2-40",1.929113398,-99,159.4664974,71.51144756,0.868756385,112.7854325,7.224852153
"2004","May",25,"SC",2,"A",80,"SC2-80",1.505041056,-99,298.2510578,170.2335816,2.978447745,150.9740445,9.671143989
"2004","May",25,"SC",4,"A",20,"SC4-20",0.482278349,-99,81.84642294,7.463422787,1.663082196,60.19799896,3.856198447
"2004","May",25,"SC",4,"A",40,"SC4-40",0.906350691,-99,116.4197767,9.735084781,1.737209055,70.21377023,4.497790226
"2004","May",25,"SC",4,"A",80,"SC4-80",1.330423033,-99,153.4742117,16.19568286,4.915959287,145.4039179,9.314331982
"2004","May",25,"SC",6,"E",20,"SC6-20",0.69431452,-99,53.29313378,12.71386038,1.089685321,81.03625539,5.191058603
"2004","May",25,"SC",6,"E",40,"SC6-40",1.455150192,-99,199.4985833,59.91244635,1.103170969,124.5557497,7.978836901
"2004","May",25,"SC",6,"E",80,"SC6-80",1.380313897,-99,253.1198048,125.5620319,3.261052269,161.8287542,10.36647661
"2004","May",25,"SC",8,"A",20,"SC8-20",0.557114645,-99,143.1553925,18.436926,1.597443323,68.06327647,4.360033574
"2004","May",25,"SC",8,"A",40,"SC8-40",1.380313897,-99,167.2357742,31.30282522,2.142259621,102.9570397,6.595263492
"2004","May",25,"SC",8,"A",80,"SC8-80",1.55493192,-99,129.9237673,122.0706793,4.061790343,138.0203647,8.841355224
"2004","May",25,"SC",9,"E",20,"SC9-20",1.056023282,-99,162.7128153,36.22547061,0.709440691,117.1094967,7.501843707
"2004","May",25,"SC",9,"E",40,"SC9-40",1.95405883,-99,285.6939356,74.28432799,2.345554046,148.9732371,9.542975969
"2004","May",25,"SC",9,"E",80,"SC9-80",2.58600977,-99,147.8784339,185.7695245,1.5857026,133.0777915,8.52474313
"2004","May",25,"SC",10,"E",20,"SC10-20",0.607005509,-99,122.751163,18.26349977,1.874419647,76.42668506,4.895778056
"2004","May",25,"SC",10,"E",40,"SC10-40",1.679659079,-99,221.5574285,65.34201717,1.499211083,113.4732873,7.268914862
"2004","May",25,"SC",10,"E",80,"SC10-80",0.332605758,-99,137.6151726,122.4441828,3.310530481,142.4447507,9.124773207
"2004","May",25,"SC",12,"A",20,"SC12-20",0.931296123,-99,249.3584253,189.7259697,0.962102413,83.88481856,5.37353229
"2004","May",25,"SC",12,"A",40,"SC12-40",1.979004262,-99,255.4693058,178.9926036,1.447428613,123.5708883,7.9157485
"2004","May",25,"SC",12,"A",80,"SC12-80",1.417732044,-99,257.6075468,146.0073223,5.300818215,169.3819619,10.85032112
"2004","May",25,"SC",14,"E",20,"SC14-20",0.582060077,-99,92.23567586,10.31825126,3.137382009,88.74038976,5.684571198
"2004","May",25,"SC",14,"E",40,"SC14-40",1.105914146,-99,141.0449303,32.75506213,2.810544331,105.547682,6.761215246
"2004","May",25,"SC",14,"E",80,"SC14-80",1.355368465,-99,151.1284502,59.18826716,5.122991163,155.7690072,9.978300426
"2004","May",25,"SC",15,"A",20,"SC15-20",1.130859578,-99,92.79709051,41.43246853,1.886415711,83.06104494,5.320762876
"2004","May",25,"SC",15,"A",40,"SC15-40",1.080968714,-99,145.992176,53.68057143,2.518648923,107.8812274,6.910697847
"2004","May",25,"SC",15,"A",80,"SC15-80",0.806568964,-99,118.2690096,85.12440939,6.598957156,167.6483845,10.73927136
"2004","May",19,"SP",1,"E",20,"SP1-20",1.272217025,-99,120.8970295,41.20911992,1.036240784,62.75993061,4.020311049
"2004","May",19,"SP",1,"E",40,"SP1-40",1.297162457,-99,123.8906879,22.83735343,4.04408215,109.627865,7.022584218
"2004","May",19,"SP",2,"A",20,"SP2-20",1.147489866,-99,157.6340697,196.9831648,0.709689989,60.4985736,3.875452703
"2004","May",19,"SP",2,"A",40,"SP2-40",1.995634549,-99,288.4486501,346.3370039,1.038014399,107.3279336,6.875254871
"2004","May",19,"SP",4,"E",20,"SP4-20",1.371998753,-99,204.6314938,159.9118951,0.988068853,63.58379749,4.073086437
"2004","May",19,"SP",4,"E",40,"SP4-40",1.297162457,-99,302.0943848,239.369256,1.425076043,95.41850539,6.112358931
"2004","May",19,"SP",5,"A",20,"SP5-20",2.182725288,-99,257.1911392,164.8724393,0.41699195,81.36277442,5.211974809
"2004","May",19,"SP",5,"A",40,"SP5-40",3.217960711,-99,249.7040305,270.5692445,0.875617039,115.6220238,7.406558944
"2004","May",19,"SP",8,"E",20,"SP8-20",1.87090739,-99,49.47775636,184.3287569,0.694323652,59.48893894,3.810777374
"2004","May",19,"SP",8,"E",40,"SP8-40",2.362332398,-99,282.7092805,270.1667072,1.192341481,108.100279,6.924729889
"2004","May",19,"SP",9,"A",20,"SP9-20",1.895852822,-99,100.3427728,180.1665274,0.568373252,68.44109692,4.384236053
"2004","May",19,"SP",9,"A",40,"SP9-40",2.66916121,-99,250.3672844,297.8524043,1.114143982,118.1580873,7.56901448
"2004","May",19,"SP",10,"E",20,"SP10-20",1.771125663,-99,127.3941519,151.7398626,0.631546179,65.72109968,4.209998061
"2004","May",19,"SP",10,"E",40,"SP10-40",2.793888369,-99,222.5581524,264.0529616,1.871197669,120.996179,7.750817386
"2004","May",19,"SP",11,"A",20,"SP11-20",1.396944185,-99,96.12290196,82.59809336,1.017747866,54.852675,3.513786883
"2004","May",19,"SP",11,"A",40,"SP11-40",2.145307141,-99,148.1944239,219.1131276,1.512205937,106.4603279,6.819677655
"2004","May",19,"SP",13,"A",20,"SP13-20",1.646398503,-99,207.7393154,-99,0.346382296,71.63242964,4.588666922
"2004","May",19,"SP",13,"A",40,"SP13-40",2.170252572,-99,273.0196694,337.7991142,0.7794438,109.7217321,7.028597173
"2004","May",19,"SP",14,"E",20,"SP14-20",1.371998753,-99,43.10067904,199.9180575,2.448221225,72.94847987,4.672970666
"2004","May",19,"SP",14,"E",40,"SP14-40",3.093233552,-99,219.7435741,361.5375638,-99,-99,-99
"2004","May",20,"MX",1,"E",20,"MX1-20",0.835671968,-99,167.7012895,42.16578999,0.249531537,61.04604753,3.91052287
"2004","May",20,"MX",1,"E",40,"MX1-40",1.496725912,-99,114.0579311,24.48584456,1.066134951,83.15062216,5.326501027
"2004","May",20,"MX",2,"A",20,"MX2-20",1.010289991,-99,167.6608782,75.41636355,0.412925863,57.32544821,3.672188161
"2004","May",20,"MX",2,"A",40,"MX2-40",1.19738073,-99,168.4966625,87.74680233,0.628990733,85.59314968,5.482964821
"2004","May",20,"MX",4,"E",20,"MX4-20",1.359526037,-99,220.3240299,26.4107095,0.128089521,57.31849845,3.671742971
"2004","May",20,"MX",4,"E",40,"MX4-40",1.384471469,-99,129.9799675,27.48368041,0.67987371,87.94077642,5.633349447
"2004","May",20,"MX",6,"A",20,"MX6-20",1.384471469,-99,135.3855128,23.06796045,0.718779974,60.30035493,3.862755181
"2004","May",20,"MX",6,"A",40,"MX6-40",1.259744309,-99,87.98730682,47.67354113,1.736346977,100.3539548,6.428514688
"2004","May",20,"MX",8,"E",20,"MX8-20",1.658871219,-99,213.1179103,93.41839418,0.576722635,79.31905472,5.081057905
"2004","May",20,"MX",8,"E",40,"MX8-40",1.845961958,-99,94.32685042,126.8732561,1.575458744,124.9976634,8.007145072
"2004","May",20,"MX",9,"A",20,"MX9-20",1.409416901,-99,158.5771423,41.52544272,0.389711075,67.44495261,4.320424891
"2004","May",20,"MX",9,"A",40,"MX9-40",1.521671344,-99,121.2736704,65.89659326,2.45593847,114.7406341,7.350098752
"2004","May",20,"MX",11,"E",20,"MX11-20",0.810726536,-99,109.5459306,9.706494389,0.980227306,47.55318096,3.046194799
"2004","May",20,"MX",11,"E",40,"MX11-40",1.247271593,-99,82.78974137,30.14225467,1.093497703,77.45752782,4.961811936
"2004","May",20,"MX",12,"A",20,"MX12-20",0.249454319,-99,86.56228105,12.14210789,1.013281392,57.93243031,3.71107031
"2004","May",20,"MX",12,"A",40,"MX12-40",1.097599002,-99,137.7868806,17.40589875,1.261537991,72.83285799,4.665564142
"2004","May",20,"MX",13,"E",20,"MX13-20",0.710944808,-99,111.8722307,15.63539977,1.202279595,59.90544874,3.837458221
"2004","May",20,"MX",13,"E",40,"MX13-40",1.110071718,-99,135.803363,41.21100379,1.839513053,81.92451833,5.247959084
"2004","May",20,"MX",15,"A",20,"MX15-20",0.960399127,-99,81.22218363,9.172917835,1.718282799,57.3861477,3.676076457
"2004","May",20,"MX",15,"A",40,"MX15-40",1.272217025,-99,118.2290815,40.01990357,1.626164774,73.92016199,4.735214825
"2004","June",15,"SC",1,"E",20,"SC1-20",0.823199252,-99,213.2249428,15.03195406,3.595815845,78.1923932,5.008886052
"2004","June",15,"SC",1,"E",40,"SC1-40",1.297162457,-99,190.8385989,77.02285561,0.936374645,117.0292098,7.496700676
"2004","June",15,"SC",1,"E",80,"SC1-80",2.095416277,-99,221.0118368,142.6221863,1.950072433,143.0272532,9.162087242
"2004","June",15,"SC",2,"A",20,"SC2-20",1.147489866,-99,193.4928658,19.78987223,2.757374871,80.99126452,5.188176571
"2004","June",15,"SC",2,"A",40,"SC2-40",1.995634549,-99,109.18888,80.26143811,0.766039798,104.213308,6.675737714
"2004","June",15,"SC",2,"A",80,"SC2-80",2.145307141,-99,254.6812695,168.9770449,2.998593999,153.787295,9.851355611
"2004","June",15,"SC",4,"A",20,"SC4-20",0.648581229,-99,108.9200897,3.067982057,2.450208802,64.73746255,4.146988087
"2004","June",15,"SC",4,"A",40,"SC4-40",0.79825382,-99,85.98826846,55.54880966,1.766671851,69.02748612,4.42179906
"2004","June",15,"SC",4,"A",80,"SC4-80",0.972871843,-99,95.42738836,13.48546858,4.311794605,137.4090752,8.802197153
"2004","June",15,"SC",6,"E",20,"SC6-20",0.67352666,-99,111.584217,7.608757293,4.735141709,89.59606221,5.739383992
"2004","June",15,"SC",6,"E",40,"SC6-40",1.571562208,-99,126.0472868,57.07978097,1.016036223,118.1726011,7.569944205
"2004","June",15,"SC",6,"E",80,"SC6-80",2.020579981,-99,148.5324475,133.9602941,3.352279036,165.9883426,10.63293215
"2004","June",15,"SC",8,"A",20,"SC8-20",0.848144684,-99,92.30277041,11.56503627,4.02360398,76.4561413,4.897664968
"2004","June",15,"SC",8,"A",40,"SC8-40",1.496725912,-99,126.6105641,29.61106065,2.345307071,99.16774848,6.352528508
"2004","June",15,"SC",8,"A",80,"SC8-80",1.671343935,-99,103.326972,129.9755355,3.952014755,141.7030145,9.077258959
"2004","June",15,"SC",9,"E",20,"SC9-20",1.07265357,-99,141.1447905,8.166934886,1.766845351,111.1716763,7.121477915
"2004","June",15,"SC",9,"E",40,"SC9-40",2.170252572,-99,212.3059249,74.91508972,1.784227925,142.5062852,9.128714993
"2004","June",15,"SC",9,"E",80,"SC9-80",2.20767072,-99,86.34204551,195.3473066,1.906048504,131.2137502,8.405336093
"2004","June",15,"SC",10,"E",20,"SC10-20",0.848144684,-99,176.0059584,6.932505808,3.446918211,81.48221338,5.219625847
"2004","June",15,"SC",10,"E",40,"SC10-40",1.721234799,-99,177.8716543,56.86053253,1.659818238,108.9491355,6.979106067
"2004","June",15,"SC",10,"E",80,"SC10-80",1.796071094,-99,81.28646566,137.0988656,3.715895362,148.2344451,9.495650322
"2004","June",15,"SC",12,"A",20,"SC12-20",1.222326162,-99,252.3491497,152.3840885,3.463417591,87.45738019,5.602383979
"2004","June",15,"SC",12,"A",40,"SC12-40",2.2700343,-99,273.6564053,186.1931166,1.130219033,118.2890064,7.577400912
"2004","June",15,"SC",12,"A",80,"SC12-80",1.958216402,-99,211.5608503,151.6533158,5.035615978,171.8861691,11.01073601
"2004","June",15,"SC",14,"E",20,"SC14-20",0.548799501,-99,48.8048411,6.022101206,5.111763675,94.59327158,6.05949598
"2004","June",15,"SC",14,"E",40,"SC14-40",1.097599002,-99,95.68828185,21.12808001,3.411455464,97.14014746,6.222644137
"2004","June",15,"SC",14,"E",80,"SC14-80",1.434362332,-99,87.83023119,54.36424756,5.114406007,153.288231,9.819386492
"2004","June",15,"SC",15,"A",20,"SC15-20",1.147489866,-99,77.41083983,35.27666844,2.940369676,91.37060292,5.853057787
"2004","June",15,"SC",15,"A",40,"SC15-40",1.222326162,-99,96.62112977,48.06405489,2.832402176,101.8768247,6.526066916
"2004","June",15,"SC",15,"A",80,"SC15-80",1.371998753,-99,86.48431613,83.11538005,6.156649374,163.1703301,10.45241548
"2004","June",22,"SP",1,"E",20,"SP1-20",0.187090739,-99,58.2269909,29.91879524,3.470529795,68.78242814,4.406101099
"2004","June",22,"SP",1,"E",40,"SP1-40",0.611163081,-99,84.13620838,17.03366954,3.930279084,103.198584,6.610736373
"2004","June",22,"SP",2,"A",20,"SP2-20",0.648581229,-99,150.1650951,128.4293271,2.625155199,57.36081113,3.674453443
"2004","June",22,"SP",2,"A",40,"SP2-40",1.559089492,-99,237.226551,356.293221,1.310964601,103.7235174,6.644362635
"2004","June",22,"SP",4,"E",20,"SP4-20",1.110071718,-99,132.3118831,107.5131263,2.76514141,59.64502385,3.820775884
"2004","June",22,"SP",4,"E",40,"SP4-40",1.359526037,-99,239.9805247,243.8273629,1.604323839,95.25061864,6.101604416
"2004","June",22,"SP",5,"A",20,"SP5-20",0.860617399,-99,127.8452127,113.936435,3.491438504,77.93356177,4.99230579
"2004","June",22,"SP",5,"A",40,"SP5-40",1.608980355,-99,210.8672352,253.1815749,1.674082122,110.3714064,7.07021411
"2004","June",22,"SP",8,"E",20,"SP8-20",1.010289991,-99,172.1741061,144.3837647,2.655642668,55.62375126,3.563180602
"2004","June",22,"SP",8,"E",40,"SP8-40",1.983161833,-99,214.4832623,276.9517176,1.303957593,100.2310438,6.420641239
"2004","June",22,"SP",9,"A",20,"SP9-20",0.611163081,-99,98.3142425,119.6443743,3.256217502,67.87433716,4.347930471
"2004","June",22,"SP",9,"A",40,"SP9-40",2.694106642,-99,188.3032526,292.2445867,1.475580122,110.9450868,7.10696301
"2004","June",22,"SP",10,"E",20,"SP10-20",0.611163081,-99,63.56518866,88.65853675,4.180871234,65.07888116,4.168858731
"2004","June",22,"SP",10,"E",40,"SP10-40",1.883380106,-99,151.612684,280.3980237,2.215976972,121.2272463,7.765619127
"2004","June",22,"SP",11,"A",20,"SP11-20",0.661053944,-99,57.86841988,73.95348836,2.848054081,61.91601519,3.966251388
"2004","June",22,"SP",11,"A",40,"SP11-40",1.87090739,-99,102.1286473,231.2114634,1.308545849,102.9514464,6.594905198
"2004","June",22,"SP",13,"A",20,"SP13-20",1.060180854,-99,166.9102588,171.5617606,2.660454269,70.95656765,4.545372454
"2004","June",22,"SP",13,"A",40,"SP13-40",1.409416901,-99,242.3740738,274.1977312,2.383914716,96.73776939,6.196868542
"2004","June",22,"SP",14,"E",20,"SP14-20",0.910508263,-99,51.2142397,161.9933977,4.364017682,74.36109092,4.763459916
"2004","June",22,"SP",14,"E",40,"SP14-40",3.018397256,-99,158.1676753,384.6481881,1.739344276,123.8311085,7.932417724
"2004","June",16,"MX",1,"E",20,"MX1-20",1.122544434,-99,126.6229328,16.53173081,0.540829514,63.95180946,4.096660603
"2004","June",16,"MX",1,"E",40,"MX1-40",1.409416901,-99,128.0749408,19.32605403,1.361084048,78.27483001,5.014166802
"2004","June",16,"MX",2,"A",20,"MX2-20",1.47178048,-99,140.0806343,48.17559068,2.270384655,63.09152621,4.04155245
"2004","June",16,"MX",2,"A",40,"MX2-40",1.758652947,-99,169.5241775,92.00804556,1.091056807,82.56478059,5.2889731
"2004","June",16,"MX",4,"E",20,"MX4-20",1.297162457,-99,147.6419382,14.09506456,1.055120443,61.38036117,3.931938383
"2004","June",16,"MX",4,"E",40,"MX4-40",1.696289367,-99,111.5002837,27.09754386,0.891703348,80.81561706,5.17692492
"2004","June",16,"MX",6,"A",20,"MX6-20",1.322107889,-99,122.752113,16.01632799,2.763776206,67.4318931,4.319588323
"2004","June",16,"MX",6,"A",40,"MX6-40",1.646398503,-99,71.42061337,44.49817887,1.774014037,95.61512993,6.124954336
"2004","June",16,"MX",8,"E",20,"MX8-20",1.359526037,-99,171.8048272,38.78292574,3.959626933,82.47629222,5.283304698
"2004","June",16,"MX",8,"E",40,"MX8-40",2.045525413,-99,74.65269718,131.6832575,1.461104754,118.175241,7.570113315
"2004","June",16,"MX",9,"A",20,"MX9-20",1.159962582,-99,76.95828648,23.49354731,4.487200781,70.64710392,4.52554878
"2004","June",16,"MX",9,"A",40,"MX9-40",1.671343935,-99,98.88845798,63.31076936,2.811490271,105.5625331,6.762166581
"2004","June",16,"MX",11,"E",20,"MX11-20",1.047708138,-99,96.06688366,8.075622926,2.276605781,52.02390619,3.332581186
"2004","June",16,"MX",11,"E",40,"MX11-40",1.571562208,-99,59.16751216,30.763043,1.072492763,71.93738884,4.608202045
"2004","June",16,"MX",12,"A",20,"MX12-20",0.972871843,-99,53.88491089,5.885133269,2.831481933,63.45172028,4.064625816
"2004","June",16,"MX",12,"A",40,"MX12-40",2.045525413,-99,102.1531456,17.08946514,1.933457932,68.674179,4.39916686
"2004","June",16,"MX",13,"E",20,"MX13-20",1.272217025,-99,86.12127743,8.908345875,2.040771344,60.53744618,3.877942808
"2004","June",16,"MX",13,"E",40,"MX13-40",1.621453071,-99,116.1153151,42.51929139,1.666380342,76.28506492,4.886706131
"2004","June",16,"MX",15,"A",20,"MX15-20",0.823199252,-99,58.12593082,8.571799247,3.799499282,61.57620723,3.944483919
"2004","June",16,"MX",15,"A",40,"MX15-40",1.396944185,-99,82.60914073,35.14208304,1.715980976,69.56127651,4.455992685
"2004","July",22,"SC",1,"E",20,"SC1-20",0.468974119,-99,287.2842238,7.152419134,4.306730654,102.4600651,6.563428217
"2004","July",22,"SC",1,"E",40,"SC1-40",1.766136576,-99,153.2557998,42.7348275,1.25558246,109.1492482,6.991924912
"2004","July",22,"SC",1,"E",80,"SC1-80",2.065481759,-99,196.4192468,138.9309226,1.758836703,137.168519,8.786787568
"2004","July",22,"SC",2,"A",20,"SC2-20",1.441845962,-99,219.1129215,6.581109911,3.60984257,100.7783191,6.455698685
"2004","July",22,"SC",2,"A",40,"SC2-40",1.81602744,-99,185.4592477,38.50317205,1.389049237,102.1506105,6.543605132
"2004","July",22,"SC",2,"A",80,"SC2-80",2.422201434,-99,230.444183,169.2571309,2.805729724,149.0852586,9.550151861
"2004","July",22,"SC",4,"A",20,"SC4-20",0.643592142,-99,93.30710653,4.633195349,3.252028989,91.09762142,5.835571098
"2004","July",22,"SC",4,"A",40,"SC4-40",0.942937325,-99,67.76500962,4.197081015,2.202376516,76.46707844,4.898365581
"2004","July",22,"SC",4,"A",80,"SC4-80",1.317118803,-99,86.17043396,12.85082831,4.201837194,129.041904,8.266211641
"2004","July",22,"SC",6,"E",20,"SC6-20",0.967882756,-99,110.685597,7.282239472,5.367105678,125.5299373,8.041241553
"2004","July",22,"SC",6,"E",40,"SC6-40",1.641409417,-99,88.73783052,34.44294816,1.517266448,117.0766634,7.499740467
"2004","July",22,"SC",6,"E",80,"SC6-80",1.990645463,-99,143.8674564,135.167795,3.207783661,158.4303666,10.14878219
"2004","July",22,"SC",8,"A",20,"SC8-20",0.967882756,-99,97.45309054,7.558391656,5.226677837,108.1852886,6.930175445
"2004","July",22,"SC",8,"A",40,"SC8-40",1.441845962,-99,96.90147822,19.16969339,1.732854381,94.87589802,6.077600507
"2004","July",22,"SC",8,"A",80,"SC8-80",1.716245713,-99,119.0781995,129.0888455,3.772546687,133.0614176,8.523694245
"2004","July",22,"SC",9,"E",20,"SC9-20",1.342064234,-99,120.9968151,7.308890596,2.349537882,122.0986681,7.821440793
"2004","July",22,"SC",9,"E",40,"SC9-40",2.065481759,-99,144.0929453,70.88999433,2.100123349,137.8919272,8.833127756
"2004","July",22,"SC",9,"E",80,"SC9-80",2.55940131,-99,109.0063751,193.1158707,1.695592978,130.1818797,8.339236378
"2004","July",22,"SC",10,"E",20,"SC10-20",1.192391643,-99,127.5609976,8.920036903,3.530876004,94.88177851,6.0779772
"2004","July",22,"SC",10,"E",40,"SC10-40",1.691300281,-99,150.9589899,36.35878164,1.985479732,104.9826682,6.725021509
"2004","July",22,"SC",10,"E",80,"SC10-80",1.641409417,-99,101.3770515,137.7121185,3.19629277,139.3547678,8.926834617
"2004","July",22,"SC",12,"A",20,"SC12-20",1.192391643,-99,199.8713521,113.8914438,6.249104672,112.8092418,7.226377331
"2004","July",22,"SC",12,"A",40,"SC12-40",2.240099782,-99,153.7206824,193.1920563,1.293433348,113.9568575,7.299891469
"2004","July",22,"SC",12,"A",80,"SC12-80",1.741191144,-99,178.2289137,152.5285919,4.635127833,162.4058673,10.40344541
"2004","July",22,"SC",14,"E",20,"SC14-20",0.74337387,-99,57.01663593,6.99278943,6.300349166,121.3546973,7.7737834
"2004","July",22,"SC",14,"E",40,"SC14-40",1.067664484,-99,69.22216726,16.9396426,4.253296292,106.160176,6.800450479
"2004","July",22,"SC",14,"E",80,"SC14-80",1.516682258,-99,101.09256,56.45439379,4.29133366,141.7675315,9.081391796
"2004","July",22,"SC",15,"A",20,"SC15-20",1.042719052,-99,68.21602871,21.12364739,4.304141299,107.5751433,6.891090664
"2004","July",22,"SC",15,"A",40,"SC15-40",1.167446211,-99,78.79436767,42.01114698,3.390753952,105.1475022,6.735580469
"2004","July",22,"SC",15,"A",80,"SC15-80",1.317118803,-99,67.65051159,89.89241172,5.606065267,156.8443743,10.04718646
"2004","July",20,"SP",1,"E",20,"SP1-20",0.626753976,-99,49.4505277,35.19931924,5.232619052,91.71421146,5.875068715
"2004","July",20,"SP",1,"E",40,"SP1-40",1.574680387,-99,60.74386751,18.0289588,4.19637152,104.5451587,6.696995456
"2004","July",20,"SP",2,"A",20,"SP2-20",0.975990022,-99,117.2366568,118.2944754,3.152567778,72.99857706,4.676179799
"2004","July",20,"SP",2,"A",40,"SP2-40",2.750233863,-99,246.7935704,352.2414191,1.065286103,102.0421186,6.536655341
"2004","July",20,"SP",4,"E",20,"SP4-20",1.150608045,-99,113.5014187,101.9011532,3.547920433,72.29364671,4.631023265
"2004","July",20,"SP",4,"E",40,"SP4-40",2.825070159,-99,206.4564745,262.8396983,1.374280945,89.28802191,5.719651501
"2004","July",20,"SP",5,"A",20,"SP5-20",0.901153726,-99,118.7567136,110.0749586,4.225300065,90.51920182,5.798518608
"2004","July",20,"SP",5,"A",40,"SP5-40",2.899906455,-99,237.8713097,250.3161635,1.986543186,105.7293595,6.772853168
"2004","July",20,"SP",8,"E",20,"SP8-20",1.200498909,-99,161.8384339,136.119977,2.779409485,73.22036564,4.690387165
"2004","July",20,"SP",8,"E",40,"SP8-40",2.425943249,-99,235.9517033,281.9297153,1.247284801,95.84927551,6.139953268
"2004","July",20,"SP",9,"A",20,"SP9-20",1.574680387,-99,77.02293169,106.4489098,3.254596029,79.22819997,5.075237918
"2004","July",20,"SP",9,"A",40,"SP9-40",2.425943249,-99,103.9522628,288.5114348,1.400039323,107.1326433,6.862744935
"2004","July",20,"SP",10,"E",20,"SP10-20",1.100717181,-99,57.99606766,65.94546288,3.461550442,76.26977334,4.885726581
"2004","July",20,"SP",10,"E",40,"SP10-40",2.625506704,-99,162.5042929,273.3064423,2.043464492,110.8541963,7.101140732
"2004","July",20,"SP",11,"A",20,"SP11-20",1.400062364,-99,57.23927911,83.55825417,2.809429765,77.26781336,4.949659178
"2004","July",20,"SP",11,"A",40,"SP11-40",2.351106954,-99,121.4460679,232.4449506,1.286476723,98.91932971,6.33661526
"2004","July",20,"SP",13,"A",20,"SP13-20",1.449953227,-99,264.0535503,150.2508904,3.427522766,82.61183859,5.291987548
"2004","July",20,"SP",13,"A",40,"SP13-40",1.948861865,-99,239.3361393,268.1721393,2.6290009,103.397718,6.623492528
"2004","July",20,"SP",14,"E",20,"SP14-20",1.100717181,-99,47.41076884,110.3784269,4.390353767,89.13880888,5.71009319
"2004","July",20,"SP",14,"E",40,"SP14-40",3.149360773,-99,158.528707,350.8854254,1.601455141,115.0969876,7.372926097
"2004","July",21,"MX",1,"E",20,"MX1-20",1.278453383,-99,111.3769009,7.937380605,1.218243327,73.16378626,4.686762795
"2004","July",21,"MX",1,"E",40,"MX1-40",1.241035235,-99,106.8710372,15.75125736,2.029771365,84.2749737,5.398524907
"2004","July",21,"MX",2,"A",20,"MX2-20",1.04147178,-99,162.3320779,20.31203479,2.615411628,79.3609639,5.08374253
"2004","July",21,"MX",2,"A",40,"MX2-40",1.590271282,-99,190.4712069,91.53403229,1.607697433,86.50339388,5.541273381
"2004","July",21,"MX",4,"E",20,"MX4-20",1.353289679,-99,139.2113533,10.64548938,1.540030881,71.13362141,4.556714191
"2004","July",21,"MX",4,"E",40,"MX4-40",1.390707827,-99,113.2803307,30.79817151,1.775632219,84.21540456,5.394709017
"2004","July",21,"MX",6,"A",20,"MX6-20",1.290926099,-99,105.6092743,12.96696294,3.695469818,86.92555244,5.568316077
"2004","July",21,"MX",6,"A",40,"MX6-40",1.627689429,-99,89.79759202,49.73016568,1.713600008,96.21668206,6.163488652
"2004","July",21,"MX",8,"E",20,"MX8-20",1.290926099,-99,175.6345581,16.8802455,5.354016752,101.4697317,6.499989296
"2004","July",21,"MX",8,"E",40,"MX8-40",1.764889305,-99,83.0262419,140.0507684,1.135230788,115.4566296,7.395964098
"2004","July",21,"MX",9,"A",20,"MX9-20",1.016526349,-99,40.22247621,9.579001172,7.206810788,110.6182443,7.086026083
"2004","July",21,"MX",9,"A",40,"MX9-40",1.365762395,-99,75.20823988,42.00737925,4.792124484,111.3017644,7.12981112
"2004","July",21,"MX",11,"E",20,"MX11-20",1.290926099,-99,103.9675075,6.568089091,2.508351932,71.59664597,4.586374687
"2004","July",21,"MX",11,"E",40,"MX11-40",1.44059869,-99,62.46139922,29.72215317,1.026892083,73.31876748,4.696690605
"2004","July",21,"MX",12,"A",20,"MX12-20",0.891799189,-99,56.13455217,4.372280293,4.904874423,92.31720584,5.913695419
"2004","July",21,"MX",12,"A",40,"MX12-40",1.365762395,-99,97.7159877,17.0348331,2.709150521,74.61075598,4.779452998
"2004","July",21,"MX",13,"E",20,"MX13-20",1.228562519,-99,86.01221803,8.510573698,1.732528363,63.9266885,4.095051401
"2004","July",21,"MX",13,"E",40,"MX13-40",1.640162145,-99,78.78208378,45.75942529,1.356298423,74.7376575,4.787582075
"2004","July",21,"MX",15,"A",20,"MX15-20",1.16619894,-99,45.32336955,7.318420727,3.923351368,76.33942132,4.890188102
"2004","July",21,"MX",15,"A",40,"MX15-40",1.415653258,-99,63.72316213,28.61377671,1.966625078,72.05801041,4.615928839
"2004","August",24,"SC",1,"E",20,"SC1-20",1.498804698,-99,164.6435806,8.735030454,2.147997107,110.8965988,7.103856962
"2004","August",24,"SC",1,"E",40,"SC1-40",1.274295811,-99,104.6052795,20.14043701,1.777853229,108.6061659,6.957136066
"2004","August",24,"SC",1,"E",80,"SC1-80",1.1869868,-99,183.2793934,150.6323173,1.986897903,136.3625827,8.735160774
"2004","August",24,"SC",2,"A",20,"SC2-20",1.897931608,-99,165.015677,66.87376418,2.619379821,123.1399419,7.888142871
"2004","August",24,"SC",2,"A",40,"SC2-40",1.648477289,-99,124.6280577,15.05982415,2.072809494,107.0481299,6.857331161
"2004","August",24,"SC",2,"A",80,"SC2-80",1.723313585,-99,154.6002367,125.506735,3.169208541,148.5608098,9.51655664
"2004","August",24,"SC",4,"A",20,"SC4-20",1.049786924,-99,60.01916998,4.365354326,2.520864585,104.046421,6.665047246
"2004","August",24,"SC",4,"A",40,"SC4-40",1.087205072,-99,53.97511019,5.834933855,2.611869395,91.98422232,5.892365111
"2004","August",24,"SC",4,"A",80,"SC4-80",1.149568652,-99,68.39363577,15.82705515,4.617857725,136.062766,8.715955073
"2004","August",24,"SC",6,"E",20,"SC6-20",1.336659391,-99,138.3399427,9.933499907,3.078126598,123.9374234,7.939228062
"2004","August",24,"SC",6,"E",40,"SC6-40",1.548695562,-99,69.27316667,18.55810273,1.906737765,122.0458198,7.818055429
"2004","August",24,"SC",6,"E",80,"SC6-80",1.710840869,-99,123.9853268,153.0252668,3.372166643,157.8916595,10.11427361
"2004","August",24,"SC",8,"A",20,"SC8-20",1.205695874,-99,84.14649528,9.332602949,4.455011541,125.0321767,8.009355929
"2004","August",24,"SC",8,"A",40,"SC8-40",1.374077539,-99,49.6638382,13.21092323,2.297806843,99.58444644,6.379221408
"2004","August",24,"SC",8,"A",80,"SC8-80",1.448913834,-99,77.01617974,145.5863897,4.219842491,140.6591006,9.010387766
"2004","August",24,"SC",9,"E",20,"SC9-20",1.448913834,-99,121.0459826,7.261350754,1.765380023,131.8999478,8.449292643
"2004","August",24,"SC",9,"E",40,"SC9-40",1.498804698,-99,144.6245618,58.84318775,1.85146468,144.2896117,9.242951593
"2004","August",24,"SC",9,"E",80,"SC9-80",2.222222222,-99,98.30942391,194.1989812,1.805243796,136.5239518,8.745497786
"2004","August",24,"SC",10,"E",20,"SC10-20",1.52375013,-99,123.2072577,8.158125052,1.969029998,102.836921,6.587568912
"2004","August",24,"SC",10,"E",40,"SC10-40",1.723313585,-99,124.9776394,29.70336995,2.577146309,116.5417267,7.465473408
"2004","August",24,"SC",10,"E",80,"SC10-80",1.698368153,-99,81.33121111,158.8601453,3.544669592,147.1568935,9.426624359
"2004","August",24,"SC",12,"A",20,"SC12-20",1.498804698,-99,174.3448615,96.89578401,5.119281563,125.9946299,8.071008902
"2004","August",24,"SC",12,"A",40,"SC12-40",1.897931608,-99,197.3633747,197.7970491,1.7534253,121.4680347,7.781043584
"2004","August",24,"SC",12,"A",80,"SC12-80",1.623531857,-99,180.8925965,171.7957475,5.089734277,164.9153684,10.56419941
"2004","August",24,"SC",14,"E",20,"SC14-20",1.149568652,-99,54.06533562,6.75824846,5.657533683,137.8079267,8.827746837
"2004","August",24,"SC",14,"E",40,"SC14-40",1.099677788,-99,57.47827974,12.48912657,5.4818174,125.6810214,8.050919723
"2004","August",24,"SC",14,"E",80,"SC14-80",0.900114333,-99,92.06615805,58.00653086,4.335766363,132.6823756,8.499413516
"2004","August",24,"SC",15,"A",20,"SC15-20",1.399022971,-99,61.66925115,17.56973944,3.764024064,119.9058774,7.680974683
"2004","August",24,"SC",15,"A",40,"SC15-40",1.049786924,-99,52.212289,30.43381021,4.651530435,118.4639757,7.588609126
"2004","August",24,"SC",15,"A",80,"SC15-80",0.999896061,-99,95.27985434,91.96255576,5.888213488,153.809513,9.852778858
"2004","August",25,"SP",1,"E",20,"SP1-20",0.975990022,-99,42.90819845,26.90079097,2.685921598,95.37445442,6.109537108
"2004","August",25,"SP",1,"E",40,"SP1-40",1.425007795,-99,51.74122385,14.24699259,4.424026724,107.8467851,6.908491539
"2004","August",25,"SP",2,"A",20,"SP2-20",1.674462114,-99,266.970286,169.3074966,0.182302281,82.58539078,5.290293351
"2004","August",25,"SP",2,"A",40,"SP2-40",2.02369816,-99,253.4756891,404.6455069,1.074306049,105.0394659,6.728659863
"2004","August",25,"SP",4,"E",20,"SP4-20",1.824134705,-99,231.5598096,142.300489,0.5502134,77.64064914,4.973542349
"2004","August",25,"SP",4,"E",40,"SP4-40",1.574680387,-99,194.7659056,299.5827326,1.509030568,94.16794841,6.032250564
"2004","August",25,"SP",5,"A",20,"SP5-20",2.376052385,-99,188.830835,145.7771586,1.377258322,96.15541535,6.15956402
"2004","August",25,"SP",5,"A",40,"SP5-40",2.650452136,-99,149.0657314,249.4875407,2.669442394,106.1767729,6.801513643
"2004","August",25,"SP",8,"E",20,"SP8-20",1.699407546,-99,170.9926039,179.2693098,0.595230456,80.57748892,5.161670872
"2004","August",25,"SP",8,"E",40,"SP8-40",2.351106954,-99,166.9039625,320.1825552,1.318036666,96.95185467,6.210582449
"2004","August",25,"SP",9,"A",20,"SP9-20",1.599625819,-99,96.42659679,133.6478498,1.30313423,100.3184708,6.42624165
"2004","August",25,"SP",9,"A",40,"SP9-40",2.02369816,-99,116.7488008,312.2928806,1.399133163,103.3007173,6.617278846
"2004","August",25,"SP",10,"E",20,"SP10-20",1.824134705,-99,206.6654018,112.727161,0.786260586,88.18225122,5.648817876
"2004","August",25,"SP",10,"E",40,"SP10-40",2.02369816,-99,95.45939044,339.3779024,2.013142874,115.9958617,7.430506307
"2004","August",25,"SP",11,"A",20,"SP11-20",1.923916433,-99,113.7629441,119.4767104,0.850185186,87.06992327,5.577564205
"2004","August",25,"SP",11,"A",40,"SP11-40",1.724352978,-99,71.02660021,291.4849466,1.20006324,100.1291667,6.414115178
"2004","August",25,"SP",13,"A",20,"SP13-20",2.048643592,-99,168.9849056,182.1997145,1.514819702,95.93767682,6.145616092
"2004","August",25,"SP",13,"A",40,"SP13-40",2.185843467,-99,180.082088,324.8990284,1.709634142,107.3336641,6.875621954
"2004","August",25,"SP",14,"E",20,"SP14-20",1.474898659,-99,49.30855088,192.3089124,1.864869742,101.1545501,6.479799344
"2004","August",25,"SP",14,"E",40,"SP14-40",1.898971001,-99,92.31234625,413.350174,1.746637365,119.7300256,7.669709937
"2004","August",26,"MX",1,"E",20,"MX1-20",0.79825382,-99,115.5525596,8.07179979,1.334618761,90.49186768,5.796767634
"2004","August",26,"MX",1,"E",40,"MX1-40",1.459307764,-99,91.14206446,11.48558156,3.111825584,91.98145867,5.892188077
"2004","August",26,"MX",2,"A",20,"MX2-20",1.110071718,-99,178.1731635,12.90745503,1.986075279,98.22207031,6.291950114
"2004","August",26,"MX",2,"A",40,"MX2-40",1.234798877,-99,196.7938512,83.43995863,1.702795037,94.85271789,6.076115631
"2004","August",26,"MX",4,"E",20,"MX4-20",1.060180854,-99,144.6747392,12.11196608,1.42801782,94.20546899,6.034654063
"2004","August",26,"MX",4,"E",40,"MX4-40",1.47178048,-99,104.2557229,25.27302234,2.217044163,93.64278349,5.998609471
"2004","August",26,"MX",6,"A",20,"MX6-20",1.147489866,-99,120.5507194,13.40163667,1.349058575,98.08302064,6.283042848
"2004","August",26,"MX",6,"A",40,"MX6-40",1.509198628,-99,76.73930832,54.49517605,1.704988639,99.11865758,6.349383835
"2004","August",26,"MX",8,"E",20,"MX8-20",1.309635173,-99,183.3409738,14.45937046,3.383834472,119.6446403,7.664240314
"2004","August",26,"MX",8,"E",40,"MX8-40",2.033052697,-99,64.29283245,128.5498944,1.354538536,115.3564423,7.389546287
"2004","August",26,"MX",9,"A",20,"MX9-20",1.484253196,-99,52.24587745,9.031960543,5.017977938,128.4501216,8.228303156
"2004","August",26,"MX",9,"A",40,"MX9-40",1.409416901,-99,39.01161511,25.60247677,5.908636384,123.5195049,7.912456971
"2004","August",26,"MX",11,"E",20,"MX11-20",1.384471469,-99,150.7509399,7.092080103,0.672097487,81.66716505,5.231473509
"2004","August",26,"MX",11,"E",40,"MX11-40",1.222326162,-99,62.98105993,29.90278241,0.910066569,78.68857925,5.040670813
"2004","August",26,"MX",12,"A",20,"MX12-20",0.935453695,-99,56.07558445,5.904304348,3.963367316,114.9129849,7.361139227
"2004","August",26,"MX",12,"A",40,"MX12-40",1.280532169,-99,87.04851595,17.88185125,6.088824765,117.5469373,7.529865343
"2004","August",26,"MX",13,"E",20,"MX13-20",1.434362332,-99,167.9694432,10.67928811,1.239642352,75.70845001,4.849769247
"2004","August",26,"MX",13,"E",40,"MX13-40",1.93327097,-99,106.2082651,49.07646515,1.834357771,81.79311213,5.239541446
"2004","August",26,"MX",15,"A",20,"MX15-20",1.608980355,-99,56.54674468,6.14272386,1.773467867,81.5715415,5.225348041
"2004","August",26,"MX",15,"A",40,"MX15-40",1.633925787,-99,56.55052382,20.65844399,2.596098399,79.26359894,5.077505511
"2004","September",21,"SC",1,"E",20,"SC1-20",0.956241555,-99,423.888735,5.965363679,1.258462237,117.4206518,7.521775725
"2004","September",21,"SC",1,"E",40,"SC1-40",1.82933167,-99,155.9812556,12.35775482,1.836791124,113.1859778,7.250510343
"2004","September",21,"SC",1,"E",80,"SC1-80",2.178567716,-99,103.795463,156.0140712,1.849949378,145.5285774,9.322317439
"2004","September",21,"SC",2,"A",20,"SC2-20",1.841804386,-99,161.9009016,6.291216607,1.234166158,131.0994947,8.398017098
"2004","September",21,"SC",2,"A",40,"SC2-40",1.879222534,-99,140.0151182,12.38019496,2.225583054,114.6818916,7.346335815
"2004","September",21,"SC",2,"A",80,"SC2-80",2.103731421,-99,217.0024031,179.4227893,3.029438928,162.8133112,10.42954551
"2004","September",21,"SC",4,"A",20,"SC4-20",1.505041056,-99,94.21417078,3.62826514,2.3419542,116.9212344,7.489783972
"2004","September",21,"SC",4,"A",40,"SC4-40",1.305477601,-99,40.62064139,3.851115076,2.68688104,103.4491703,6.62678847
"2004","September",21,"SC",4,"A",80,"SC4-80",1.455150192,-99,61.97300926,14.28389414,3.770928584,126.3428985,8.093318344
"2004","September",21,"SC",6,"E",20,"SC6-20",1.692131795,-99,247.2663029,5.427908586,1.600095625,132.6810931,8.499331362
"2004","September",21,"SC",6,"E",40,"SC6-40",1.854277102,-99,93.13528856,12.95615843,2.237789315,123.3689617,7.902813457
"2004","September",21,"SC",6,"E",80,"SC6-80",1.704604511,-99,129.2988225,145.4820015,3.439418137,160.9701666,10.31147708
"2004","September",21,"SC",8,"A",20,"SC8-20",1.854277102,-99,120.844485,7.826842165,2.466757195,132.5378509,8.490155533
"2004","September",21,"SC",8,"A",40,"SC8-40",1.55493192,-99,73.07432468,8.502872022,2.619649729,107.6319508,6.89472965
"2004","September",21,"SC",8,"A",80,"SC8-80",1.654713647,-99,97.38251317,135.2945679,4.550153767,139.4459051,8.932672705
"2004","September",21,"SC",9,"E",20,"SC9-20",1.82933167,-99,162.5586107,5.45600031,1.554281024,139.2583073,8.920655536
"2004","September",21,"SC",9,"E",40,"SC9-40",2.178567716,-99,176.9325942,42.665457,1.846952636,143.6821519,9.204038838
"2004","September",21,"SC",9,"E",80,"SC9-80",1.904167966,-99,111.4757146,208.2248969,1.885262494,137.760928,8.824736189
"2004","September",21,"SC",10,"E",20,"SC10-20",1.854277102,-99,208.9491389,8.18438832,1.741141813,112.9451842,7.235085551
"2004","September",21,"SC",10,"E",40,"SC10-40",1.929113398,-99,145.6339262,18.16415369,2.096465866,113.5853876,7.276095795
"2004","September",21,"SC",10,"E",80,"SC10-80",1.804386238,-99,103.6310137,143.983887,3.703346741,145.6302778,9.328832182
"2004","September",21,"SC",12,"A",20,"SC12-20",1.804386238,-99,202.3076138,79.57803904,3.71792075,138.8938895,8.897311606
"2004","September",21,"SC",12,"A",40,"SC12-40",1.692131795,-99,130.0568109,180.0670151,1.432303441,114.0226132,7.304103659
"2004","September",21,"SC",12,"A",80,"SC12-80",1.904167966,-99,172.6733625,159.4448632,5.602746075,166.2467409,10.64948467
"2004","September",21,"SC",14,"E",20,"SC14-20",1.355368465,-99,70.54363556,5.492901867,2.976151385,135.2187733,8.661890466
"2004","September",21,"SC",14,"E",40,"SC14-40",1.330423033,-99,54.38094188,7.643331724,4.789295784,127.6632642,8.177898528
"2004","September",21,"SC",14,"E",80,"SC14-80",1.205695874,-99,111.4837633,51.74806023,4.865468433,138.9344406,8.899909239
"2004","September",21,"SC",15,"A",20,"SC15-20",1.604822783,-99,74.36572867,15.42252323,3.078003331,131.3427866,8.413601928
"2004","September",21,"SC",15,"A",40,"SC15-40",1.330423033,-99,57.34881361,19.9506655,4.773151756,126.1136622,8.078633888
"2004","September",21,"SC",15,"A",80,"SC15-80",1.405259329,-99,85.10208019,84.46782763,5.580002768,150.6257462,9.648832645
"2004","September",22,"SP",1,"E",20,"SP1-20",1.577798566,-99,87.87654284,26.35718562,1.426537315,106.0431998,6.792957199
"2004","September",22,"SP",1,"E",40,"SP1-40",1.453071406,-99,48.02232494,11.09096763,4.543064555,112.7200833,7.220666007
"2004","September",22,"SP",2,"A",20,"SP2-20",1.353289679,-99,510.4406299,159.002931,0.29995101,93.41105849,5.983765596
"2004","September",22,"SP",2,"A",40,"SP2-40",2.956033676,-99,303.8862168,409.633201,0.661301986,106.5866165,6.827767468
"2004","September",22,"SP",4,"E",20,"SP4-20",2.076707203,-99,360.8533409,116.8372518,0.549189,86.17786312,5.520420482
"2004","September",22,"SP",4,"E",40,"SP4-40",2.051761771,-99,251.1703599,286.1699589,1.032987186,91.82056892,5.881881777
"2004","September",22,"SP",5,"A",20,"SP5-20",2.681633926,-99,290.2722961,145.2947787,0.662035895,108.7453602,6.966052596
"2004","September",22,"SP",5,"A",40,"SP5-40",2.531961335,-99,162.4348825,238.6483459,1.84520918,106.5873828,6.827816557
"2004","September",22,"SP",8,"E",20,"SP8-20",2.026816339,-99,248.6165282,182.0520529,0.84534529,92.42609458,5.92067063
"2004","September",22,"SP",8,"E",40,"SP8-40",2.581852198,-99,200.7305125,303.3838145,0.963408967,96.32999489,6.170747262
"2004","September",22,"SP",9,"A",20,"SP9-20",2.432179607,-99,266.4353912,130.770138,0.227240585,99.90116756,6.399509977
"2004","September",22,"SP",9,"A",40,"SP9-40",2.806361085,-99,150.9542739,280.4919399,1.050355021,107.0914385,6.860105429
"2004","September",22,"SP",10,"E",20,"SP10-20",2.026816339,-99,334.0729679,125.7646026,0.040015641,94.69092259,6.065751323
"2004","September",22,"SP",10,"E",40,"SP10-40",2.831306517,-99,147.5015709,301.0017249,1.37205446,110.0186486,7.047617094
"2004","September",22,"SP",11,"A",20,"SP11-20",2.126598067,-99,224.5829014,122.8057184,0.023902635,94.92793523,6.080933914
"2004","September",22,"SP",11,"A",40,"SP11-40",2.507015903,-99,110.9920493,262.8136567,1.13694763,102.6596298,6.576211962
"2004","September",22,"SP",13,"A",20,"SP13-20",2.30121609,-99,280.2228926,163.0704133,0.372078798,106.5307779,6.824190548
"2004","September",22,"SP",13,"A",40,"SP13-40",2.101652635,-99,257.0109713,240.5360322,1.604624827,109.706078,7.027594402
"2004","September",22,"SP",14,"E",20,"SP14-20",2.026816339,-99,95.21008344,146.710502,1.248310187,106.3627298,6.813425702
"2004","September",22,"SP",14,"E",40,"SP14-40",3.355160586,-99,120.9565451,372.0893586,1.300780545,113.5307295,7.272594499
"2004","September",27,"MX",1,"E",20,"MX1-20",1.56532585,-99,179.8224682,7.383026154,0.505789949,103.0765125,6.602916702
"2004","September",27,"MX",1,"E",40,"MX1-40",1.889616464,-99,95.12368291,11.30816598,2.536726082,97.56478375,6.249845552
"2004","September",27,"MX",2,"A",20,"MX2-20",1.540380418,-99,261.5163936,11.50109573,0.149370937,107.9288461,6.913748212
"2004","September",27,"MX",2,"A",40,"MX2-40",1.889616464,-99,165.0809464,68.38888888,1.141959172,97.5560203,6.249284182
"2004","September",27,"MX",4,"E",20,"MX4-20",1.858434674,-99,247.0921731,12.42429952,0.040369607,104.5593426,6.697904051
"2004","September",27,"MX",4,"E",40,"MX4-40",1.56532585,-99,115.8864466,20.53499555,1.690146853,98.03293784,6.279834637
"2004","September",27,"MX",6,"A",20,"MX6-20",2.307452448,-99,242.7301411,22.75972718,0.064566438,102.7940177,6.584820606
"2004","September",27,"MX",6,"A",40,"MX6-40",1.465544122,-99,94.56552513,49.99063748,1.475793964,100.5562819,6.441475391
"2004","September",27,"MX",8,"E",20,"MX8-20",1.777362021,-99,250.1888263,11.30633752,1.01162846,121.6739999,7.794237337
"2004","September",27,"MX",8,"E",40,"MX8-40",2.382288743,-99,109.6014319,88.56700318,1.470840924,118.1435151,7.568081015
"2004","September",27,"MX",9,"A",20,"MX9-20",1.939507328,-99,87.56942039,8.944859573,1.327489648,134.9413334,8.644118178
"2004","September",27,"MX",9,"A",40,"MX9-40",1.739943873,-99,77.68312295,17.32411692,4.28145217,121.4734099,7.781387913
"2004","September",27,"MX",11,"E",20,"MX11-20",1.690053009,-99,268.4054416,7.946689111,0.312983763,90.12003196,5.772948525
"2004","September",27,"MX",11,"E",40,"MX11-40",1.764889305,-99,85.32148329,29.14186789,0.398545925,78.74167667,5.044072135
"2004","September",27,"MX",12,"A",20,"MX12-20",1.465544122,-99,77.39639107,5.815541146,1.937287774,117.4538567,7.523902769
"2004","September",27,"MX",12,"A",40,"MX12-40",1.615216713,-99,102.6779454,15.35697587,3.509259851,100.8993439,6.463451306
"2004","September",27,"MX",13,"E",20,"MX13-20",2.064234487,-99,316.9194633,10.38307832,0.561441684,86.92325654,5.568169006
"2004","September",27,"MX",13,"E",40,"MX13-40",2.051761771,-99,109.7428845,48.92132347,1.692544997,81.71296895,5.234407622
"2004","September",27,"MX",15,"A",20,"MX15-20",2.188961646,-99,167.5659135,7.589032137,0.439546591,99.61025886,6.380874904
"2004","September",27,"MX",15,"A",40,"MX15-40",1.16619894,-99,61.98200167,17.43005652,1.771678104,77.00816003,4.933026267
"2004","October",26,"SC",1,"E",20,"SC1-20",2.164016215,-99,613.2925785,6.124106858,0.386900172,104.2107868,6.675576211
"2004","October",26,"SC",1,"E",40,"SC1-40",1.889616464,-99,242.0576044,10.99345,1.648887691,115.3619478,7.389898955
"2004","October",26,"SC",1,"E",80,"SC1-80",1.465544122,-99,166.8074943,175.1082993,1.787155884,143.0783968,9.165363401
"2004","October",26,"SC",2,"A",20,"SC2-20",2.326161522,-99,431.9553948,10.52226257,0.565610515,119.286463,7.641296142
"2004","October",26,"SC",2,"A",40,"SC2-40",2.706579358,-99,199.7064254,10.71314224,2.165810667,116.1187765,7.438380004
"2004","October",26,"SC",2,"A",80,"SC2-80",1.739943873,-99,217.6939775,202.3874697,3.081569322,150.8461115,9.662948839
"2004","October",26,"SC",4,"A",20,"SC4-20",1.16619894,-99,167.6483511,4.917880324,2.092289639,94.4557409,6.050686019
"2004","October",26,"SC",4,"A",40,"SC4-40",1.390707827,-99,99.07861776,4.493179986,2.152096907,105.5432423,6.760930849
"2004","October",26,"SC",4,"A",80,"SC4-80",1.04147178,-99,65.22469975,17.0820405,3.752416853,118.0541154,7.562354231
"2004","October",26,"SC",6,"E",20,"SC6-20",1.615216713,-99,390.1620355,5.800581055,0.803775359,113.0982797,7.244892565
"2004","October",26,"SC",6,"E",40,"SC6-40",2.213907078,-99,142.7565138,11.8794752,1.819159651,125.0237839,8.008818304
"2004","October",26,"SC",6,"E",80,"SC6-80",2.039289055,-99,184.5921783,184.9567483,3.604810642,163.5751081,10.47834481
"2004","October",26,"SC",8,"A",20,"SC8-20",1.540380418,-99,184.5246155,10.87781405,1.390013986,116.8177771,7.483156687
"2004","October",26,"SC",8,"A",40,"SC8-40",1.752416589,-99,101.8504439,8.137347148,2.736860148,111.845963,7.164671475
"2004","October",26,"SC",8,"A",80,"SC8-80",1.640162145,-99,95.06446086,154.4862582,3.885643346,135.3309344,8.669075298
"2004","October",26,"SC",9,"E",20,"SC9-20",2.014343623,-99,263.8902268,5.865352705,0.672654629,135.9429537,8.708280117
"2004","October",26,"SC",9,"E",40,"SC9-40",2.213907078,-99,233.898382,46.64716813,1.96716915,138.760756,8.888783323
"2004","October",26,"SC",9,"E",80,"SC9-80",2.407234175,-99,137.0902974,237.1166542,2.304267486,135.3116965,8.667842953
"2004","October",26,"SC",10,"E",20,"SC10-20",1.515434986,-99,148.7565965,6.900424726,1.401101357,103.3110795,6.617942628
"2004","October",26,"SC",10,"E",40,"SC10-40",1.8397256,-99,212.9953094,16.98407961,1.735103651,113.991619,7.30211823
"2004","October",26,"SC",10,"E",80,"SC10-80",1.465544122,-99,103.9166734,158.9086271,3.738045487,143.5931863,9.198339868
"2004","October",26,"SC",12,"A",20,"SC12-20",1.914561896,-99,280.5721022,106.0277555,1.461611476,121.4998079,7.783078917
"2004","October",26,"SC",12,"A",40,"SC12-40",1.764889305,-99,185.9527665,198.9609442,1.735703292,116.980485,7.493579455
"2004","October",26,"SC",12,"A",80,"SC12-80",1.889616464,-99,203.2599796,183.8275939,5.340754673,165.2285766,10.58426294
"2004","October",26,"SC",14,"E",20,"SC14-20",1.415653258,-99,104.9983967,5.232208442,2.329060427,121.1578679,7.761174874
"2004","October",26,"SC",14,"E",40,"SC14-40",1.540380418,-99,82.32913458,9.803568754,3.966932695,127.5415841,8.170103923
"2004","October",26,"SC",14,"E",80,"SC14-80",1.365762395,-99,86.46154888,63.54082231,4.515324891,134.387883,8.608665166
"2004","October",26,"SC",15,"A",20,"SC15-20",1.814780168,-99,112.4393265,13.30855166,1.995317082,124.2642722,7.960165388
"2004","October",26,"SC",15,"A",40,"SC15-40",1.415653258,-99,28.6581292,20.21063863,4.379497357,128.2652117,8.21645817
"2004","October",26,"SC",15,"A",80,"SC15-80",1.066417212,-99,86.25877064,98.88846806,5.704676438,144.7930306,9.275199674
"2004","October",27,"SP",1,"E",20,"SP1-20",1.409416901,-99,102.679162,20.68703439,1.605234788,85.27423982,5.462536045
"2004","October",27,"SP",1,"E",40,"SP1-40",1.484253196,-99,53.60719605,12.72239317,3.559351581,106.5159335,6.823239646
"2004","October",27,"SP",2,"A",20,"SP2-20",1.546616776,-99,544.0266159,172.7559636,1.189726472,86.5420404,5.543749005
"2004","October",27,"SP",2,"A",40,"SP2-40",2.818833801,-99,443.897834,433.9281659,0.235072634,108.9553765,6.97950585
"2004","October",27,"SP",4,"E",20,"SP4-20",1.409416901,-99,381.2894308,119.0366622,0.562711336,77.6485211,4.974046612
"2004","October",27,"SP",4,"E",40,"SP4-40",2.132834425,-99,371.9824676,329.2024923,0.623663278,88.35721523,5.660025747
"2004","October",27,"SP",5,"A",20,"SP5-20",1.93327097,-99,327.7608392,172.0895193,1.813014005,89.22405554,5.715553933
"2004","October",27,"SP",5,"A",40,"SP5-40",3.567196757,-99,300.4891694,302.9662064,1.902882934,105.3907181,6.751160426
"2004","October",27,"SP",8,"E",20,"SP8-20",1.708762083,-99,199.8246357,195.8323461,0.517987036,83.67546626,5.360121569
"2004","October",27,"SP",8,"E",40,"SP8-40",2.095416277,-99,219.9485961,336.5260659,0.570343995,92.7761689,5.943095744
"2004","October",27,"SP",9,"A",20,"SP9-20",2.2700343,-99,425.5273058,114.6455987,0.695151566,90.71202433,5.810870462
"2004","October",27,"SP",9,"A",40,"SP9-40",2.294979732,-99,266.8531203,318.7738133,0.717104313,105.9011737,6.783859272
"2004","October",27,"SP",10,"E",20,"SP10-20",1.633925787,-99,440.4964653,129.8754692,0.773497591,93.29696766,5.976457149
"2004","October",27,"SP",10,"E",40,"SP10-40",3.193015279,-99,278.7497228,319.8559266,1.415410332,109.7590316,7.03098651
"2004","October",27,"SP",11,"A",20,"SP11-20",1.908325538,-99,448.5412314,115.1003854,0.613621982,89.74946897,5.749210946
"2004","October",27,"SP",11,"A",40,"SP11-40",2.906142813,-99,208.0641894,322.0200421,0.655491252,98.28370316,6.2958982
"2004","October",27,"SP",13,"A",20,"SP13-20",1.958216402,-99,517.6600615,164.9227496,0.287179294,88.27342422,5.65465825
"2004","October",27,"SP",13,"A",40,"SP13-40",1.883380106,-99,498.9851132,288.2876428,0.93601339,93.08901485,5.963136077
"2004","October",27,"SP",14,"E",20,"SP14-20",1.683816651,-99,200.3279373,189.0497736,2.02486018,86.6408622,5.550079347
"2004","October",27,"SP",14,"E",40,"SP14-40",2.444652323,-99,187.8346474,460.6976959,0.674949974,109.1011092,6.988841221
"2004","November",30,"SC",1,"E",20,"SC1-20",1.168277726,-99,610.8843122,4.91605187,0.892394668,91.49709333,5.861160529
"2004","November",30,"SC",1,"E",40,"SC1-40",2.511173475,-99,369.4385543,8.221400691,1.289309744,112.5217732,7.207962629
"2004","November",30,"SC",1,"E",80,"SC1-80",1.95405883,-99,374.871095,154.8781017,2.050814912,159.355151,10.20802217
"2004","November",30,"SC",2,"A",20,"SC2-20",1.929113398,-99,441.6845088,5.865186482,0.541831547,104.3615919,6.685236508
"2004","November",30,"SC",2,"A",40,"SC2-40",2.078785989,-99,273.9484517,8.106928296,1.00138664,110.7773016,7.096215003
"2004","November",30,"SC",2,"A",80,"SC2-80",2.660846066,-99,270.1301962,181.3063755,3.474047332,149.8500536,9.599143208
"2004","November",30,"SC",4,"A",20,"SC4-20",0.631950941,-99,128.737207,3.494178406,2.997147346,83.06832811,5.321229422
"2004","November",30,"SC",4,"A",40,"SC4-40",1.405259329,-99,143.5586121,4.397158369,2.058178027,90.93557415,5.825190649
"2004","November",30,"SC",4,"A",80,"SC4-80",1.505041056,-99,74.57890729,13.13883776,3.461545901,119.4446218,7.651427498
"2004","November",30,"SC",6,"E",20,"SC6-20",1.355368465,-99,334.5931984,4.347291402,1.401854618,97.27042617,6.23098955
"2004","November",30,"SC",6,"E",40,"SC6-40",2.103731421,-99,245.1336947,7.807781901,1.599660972,129.7889408,8.31406544
"2004","November",30,"SC",6,"E",80,"SC6-80",1.804386238,-99,240.7759487,171.6303,3.593669429,160.4290454,10.27681385
"2004","November",30,"SC",8,"A",20,"SC8-20",1.355368465,-99,297.3389966,7.525257827,1.458381107,94.39474458,6.046778708
"2004","November",30,"SC",8,"A",40,"SC8-40",1.355368465,-99,214.754847,7.968464354,2.727922426,112.8550132,7.229309361
"2004","November",30,"SC",8,"A",80,"SC8-80",1.629768215,-99,135.4495069,148.2673487,4.506905164,134.8902749,8.640847466
"2004","November",30,"SC",9,"E",20,"SC9-20",1.729549943,-99,352.977789,5.656520927,0.586778053,119.801598,7.674294736
"2004","November",30,"SC",9,"E",40,"SC9-40",2.486228043,-99,359.5102438,38.3174453,1.938245796,141.263855,9.049127214
"2004","November",30,"SC",9,"E",80,"SC9-80",2.178567716,-99,151.5966345,228.6895801,2.242374748,134.3104472,8.603704776
"2004","November",30,"SC",10,"E",20,"SC10-20",1.280532169,-99,468.7092776,6.062770488,1.726448118,96.25493313,6.165938945
"2004","November",30,"SC",10,"E",40,"SC10-40",2.053840557,-99,401.7621157,15.56342511,1.405341798,109.1122646,6.989555814
"2004","November",30,"SC",10,"E",80,"SC10-80",1.82933167,-99,132.3212809,191.8787267,2.92718751,134.0591316,8.58760596
"2004","November",30,"SC",12,"A",20,"SC12-20",1.55493192,-99,427.950458,96.87245735,1.344334789,106.8811932,6.846637509
"2004","November",30,"SC",12,"A",40,"SC12-40",2.436337179,-99,313.3230256,164.9530576,1.833420232,116.5887067,7.468482862
"2004","November",30,"SC",12,"A",80,"SC12-80",1.405259329,-99,206.1396993,196.2784338,5.612098442,159.2959155,10.20422765
"2004","November",30,"SC",14,"E",20,"SC14-20",1.006132419,-99,153.9553303,5.626988601,2.468464106,109.3840912,7.006968524
"2004","November",30,"SC",14,"E",40,"SC14-40",1.305477601,-99,116.6132994,7.408901569,3.423352568,122.2614289,7.831866949
"2004","November",30,"SC",14,"E",80,"SC14-80",1.230641305,-99,116.6132994,58.05733975,4.340241913,132.8866693,8.512500193
"2004","November",30,"SC",15,"A",20,"SC15-20",1.168277726,-99,128.0848122,12.51655341,2.527110738,108.0544925,6.921796889
"2004","November",30,"SC",15,"A",40,"SC15-40",1.105914146,-99,114.400956,19.37292898,4.092017323,126.6117043,8.110537543
"2004","November",30,"SC",15,"A",80,"SC15-80",1.293004885,-99,91.46625898,102.5710328,5.119526243,145.4229099,9.315548574
"2004","November",1,"MX",1,"E",20,"MX1-20",1.627689429,-99,192.0289667,5.618400401,0.223331254,107.9240764,6.913442672
"2004","November",1,"MX",1,"E",40,"MX1-40",2.126598067,-99,147.8341967,8.598007109,1.201709951,93.09302508,5.963392965
"2004","November",1,"MX",2,"A",20,"MX2-20",1.727471157,-99,294.2991248,9.883965386,0.015283843,96.16448609,6.160145075
"2004","November",1,"MX",2,"A",40,"MX2-40",1.827252884,-99,235.9684923,53.73941446,0.366739257,103.49243,6.629559605
"2004","November",1,"MX",4,"E",20,"MX4-20",1.752416589,-99,338.7816819,10.50142926,0.050108054,102.9771401,6.596551085
"2004","November",1,"MX",4,"E",40,"MX4-40",2.076707203,-99,147.8584751,17.15850318,0.687567655,98.218822,6.291742033
"2004","November",1,"MX",6,"A",20,"MX6-20",1.976925476,-99,307.1259652,24.42328921,0.114032234,92.00760246,5.8938628
"2004","November",1,"MX",6,"A",40,"MX6-40",2.407234175,-99,110.5330413,54.27653711,0.726965077,95.03568295,6.087836033
"2004","November",1,"MX",8,"E",20,"MX8-20",-99,-99,271.4418296,12.01672017,0.153482727,119.4402623,7.651148236
"2004","November",1,"MX",8,"E",40,"MX8-40",2.544434051,-99,118.4317483,85.5943778,0.970865456,108.3478962,6.940591785
"2004","November",1,"MX",9,"A",20,"MX9-20",2.001870907,-99,161.6376974,9.005752681,0.429940506,125.456647,8.036546713
"2004","November",1,"MX",9,"A",40,"MX9-40",1.378235111,-99,118.930248,16.97227776,3.783483526,123.0189469,7.880392154
"2004","November",1,"MX",11,"E",20,"MX11-20",1.478016838,-99,299.1704801,6.78672804,0.731000749,79.8801981,5.117003712
"2004","November",1,"MX",11,"E",40,"MX11-40",1.640162145,-99,135.1410802,25.76216188,0.134365187,75.45617001,4.833608657
"2004","November",1,"MX",12,"A",20,"MX12-20",1.253507951,-99,111.3152174,5.19497444,0.766359751,90.49339436,5.79686543
"2004","November",1,"MX",12,"A",40,"MX12-40",1.852198316,-99,113.4590831,15.46286007,2.396315285,102.9786221,6.59664602
"2004","November",1,"MX",13,"E",20,"MX13-20",2.276270658,-99,282.858338,10.99151073,0.11884026,85.7802261,5.494948591
"2004","November",1,"MX",13,"E",40,"MX13-40",2.17648893,-99,166.4279962,43.44969818,0.757339535,77.80043979,4.983778242
"2004","November",1,"MX",15,"A",20,"MX15-20",1.690053009,-99,189.3379589,6.657350963,0.233807664,93.42577767,5.98470848
"2004","November",1,"MX",15,"A",40,"MX15-40",2.101652635,-99,109.6171412,15.1080843,1.223051177,75.33452041,4.825816008
"2004","December",2,"SP",1,"E",20,"SP1-20",1.04147178,-99,115.0458893,16.10259785,2.076018892,77.00313236,4.932704203
"2004","December",2,"SP",1,"E",40,"SP1-40",1.465544122,-99,63.96101197,6.897432707,3.548578471,103.6932538,6.642424007
"2004","December",2,"SP",2,"A",20,"SP2-20",1.690053009,-99,506.0004231,125.7981797,0.68810094,73.4670309,4.706188085
"2004","December",2,"SP",2,"A",40,"SP2-40",2.806361085,-99,530.8473358,352.1241763,0.140617689,108.0906389,6.924112361
"2004","December",2,"SP",4,"E",20,"SP4-20",1.365762395,-99,400.7394231,108.9942861,1.13741983,75.81849458,4.856818499
"2004","December",2,"SP",4,"E",40,"SP4-40",2.432179607,-99,401.3367673,263.0451502,0.506856146,88.06967263,5.6416063
"2004","December",2,"SP",5,"A",20,"SP5-20",1.914561896,-99,305.1991032,175.6853709,-99,-99,-99
"2004","December",2,"SP",5,"A",40,"SP5-40",3.030869972,-99,277.2484333,234.0169236,0.893443062,99.68947525,6.385949359
"2004","December",2,"SP",8,"E",20,"SP8-20",1.764889305,-99,195.0881895,146.9969045,1.286775873,77.53455025,4.96674585
"2004","December",2,"SP",8,"E",40,"SP8-40",2.482070471,-99,444.6434409,268.6291978,0.520965075,94.5370235,6.055892832
"2004","December",2,"SP",9,"A",20,"SP9-20",1.951980044,-99,374.3511016,109.0164491,0.731878957,85.26744829,5.462100992
"2004","December",2,"SP",9,"A",40,"SP9-40",3.180542563,-99,327.4852991,246.056638,0.627289007,107.0391272,6.856754463
"2004","December",2,"SP",10,"E",20,"SP10-20",1.665107577,-99,332.7069998,116.5653107,0.340618169,77.04439397,4.935347346
"2004","December",2,"SP",10,"E",40,"SP10-40",3.255378859,-99,311.2520899,282.2495842,1.363294748,109.2064603,6.995589812
"2004","December",2,"SP",11,"A",20,"SP11-20",1.714998441,-99,242.8562641,93.95573846,0.481412686,73.69190454,4.720593075
"2004","December",2,"SP",11,"A",40,"SP11-40",2.881197381,-99,248.0737943,250.4145676,0.474131735,95.00046918,6.085580305
"2004","December",2,"SP",13,"A",20,"SP13-20",1.590271282,-99,452.7433416,183.8103067,0.821540208,82.84405052,5.306862615
"2004","December",2,"SP",13,"A",40,"SP13-40",2.114125351,-99,450.2703365,314.04033,0.772201855,92.03099987,5.895361594
"2004","December",2,"SP",14,"E",20,"SP14-20",1.665107577,-99,210.1851848,173.2848305,1.218368205,82.52013254,5.286113028
"2004","December",2,"SP",14,"E",40,"SP14-40",2.956033676,-99,246.5448538,437.2440976,0.449253619,108.1149146,6.925667419
"2004","December",2,"MX",1,"E",20,"MX1-20",1.234798877,-99,271.5630632,4.90868264,0.874587222,85.08589925,5.450471297
"2004","December",2,"MX",1,"E",40,"MX1-40",1.272217025,-99,205.3436122,7.198407559,1.084042708,87.71289147,5.618751559
"2004","December",2,"MX",2,"A",20,"MX2-20",1.708762083,-99,410.4225248,9.120723749,0.417566345,92.95424299,5.95450284
"2004","December",2,"MX",2,"A",40,"MX2-40",1.895852822,-99,289.2917616,40.30436692,0.218340611,99.43383205,6.369573328
"2004","December",2,"MX",4,"E",20,"MX4-20",1.584034924,-99,432.3076964,6.666604056,0,95.61348202,6.124848773
"2004","December",2,"MX",4,"E",40,"MX4-40",1.110071718,-99,218.4270579,12.59041193,0.465748147,94.29900265,6.040645656
"2004","December",2,"MX",6,"A",20,"MX6-20",1.309635173,-99,252.0715259,24.46761541,0.509974428,85.519044,5.478217749
"2004","December",2,"MX",6,"A",40,"MX6-40",1.633925787,-99,195.7900146,43.14440152,0.556924945,91.81514017,5.881534021
"2004","December",2,"MX",8,"E",20,"MX8-20",1.559089492,-99,430.014329,10.38374321,0.646268614,105.5195613,6.759413888
"2004","December",2,"MX",8,"E",40,"MX8-40",2.245088868,-99,167.1375196,66.41958692,1.457296222,113.019188,7.239826096
"2004","December",2,"MX",9,"A",20,"MX9-20",1.459307764,-99,235.6002045,6.659234827,0.539707218,100.4895961,6.437203623
"2004","December",2,"MX",9,"A",40,"MX9-40",1.758652947,-99,159.4219611,9.565703314,2.83748241,116.4603314,7.46025938
"2004","December",2,"MX",11,"E",20,"MX11-20",1.484253196,-99,379.2051424,5.165331298,1.203908582,77.38240954,4.956999998
"2004","December",2,"MX",11,"E",40,"MX11-40",1.708762083,-99,152.2327171,16.70643142,0.116987076,75.70009151,4.849233817
"2004","December",2,"MX",12,"A",20,"MX12-20",0.760835672,-99,170.1118159,3.917050289,1.966002896,78.35745957,5.019459898
"2004","December",2,"MX",12,"A",40,"MX12-40",1.060180854,-99,176.1605886,10.40036553,1.366490632,94.86440874,6.076864525
"2004","December",2,"MX",13,"E",20,"MX13-20",1.733707515,-99,370.1277694,9.45123092,0.58404279,86.98967424,5.572423601
"2004","December",2,"MX",13,"E",40,"MX13-40",2.195198004,-99,256.6874979,33.56944511,0.789926938,81.56722597,5.225071596
"2004","December",2,"MX",15,"A",20,"MX15-20",1.309635173,-99,236.2769194,4.63906857,0.941685619,75.08809759,4.810030619
"2004","December",2,"MX",15,"A",40,"MX15-40",1.53414406,-99,149.9810987,11.88318751,1.092522027,81.68321966,5.232501937
"2005","January",3,"SC",1,"E",20,"SC1-20",1.189065586,-99,561.5058921,-99,1.156308227,79.95491043,5.121789646
"2005","January",NA,"SC",1,"E",20,"SC1-20",-99,-99,-99,-99,-99,-99,-99
"2005","January",3,"SC",1,"E",40,"SC1-40",2.236773724,-99,322.4622334,-99,0.917179024,101.4695566,6.499978079
"2005","January",3,"SC",1,"E",80,"SC1-80",1.91248311,-99,348.627434,-99,1.82972979,126.1829825,8.08307442
"2005","January",3,"SC",2,"A",20,"SC2-20",1.588192496,-99,435.905703,-99,0.931021722,90.21351509,5.778936882
"2005","January",3,"SC",2,"A",40,"SC2-40",1.812701382,-99,313.2765088,-99,0.864175126,97.66486696,6.256256697
"2005","January",3,"SC",2,"A",80,"SC2-80",2.452967467,-99,348.674299,-99,2.124313554,131.4035266,8.417492816
"2005","January",3,"SC",4,"A",20,"SC4-20",0.216193743,-99,105.6187031,-99,2.660200351,63.53580803,4.070012321
"2005","January",3,"SC",4,"A",40,"SC4-40",0.914665835,-99,115.6152015,-99,2.1614735,73.37409148,4.700234558
"2005","January",3,"SC",4,"A",80,"SC4-80",1.463465336,-99,89.52966223,-99,3.214669374,106.1198947,6.797870134
"2005","January",3,"SC",6,"E",20,"SC6-20",0.884031094,-99,365.742846,-99,1.940330882,83.91034291,5.375167333
"2005","January",3,"SC",6,"E",40,"SC6-40",1.613137927,-99,243.6198487,-99,1.15276364,104.9486796,6.722844263
"2005","January",3,"SC",6,"E",80,"SC6-80",2.403076603,-99,258.6778137,-99,2.443550224,137.9628208,8.837669067
"2005","January",3,"SC",8,"A",20,"SC8-20",1.014447563,-99,268.4024859,-99,1.5461566,77.48734608,4.963722038
"2005","January",3,"SC",8,"A",40,"SC8-40",1.363683609,-99,229.6116417,-99,1.703406514,91.92141777,5.888341968
"2005","January",3,"SC",8,"A",80,"SC8-80",1.937428542,-99,121.614014,-99,2.827328234,109.563656,7.018471108
"2005","January",3,"SC",9,"E",20,"SC9-20",1.189065586,-99,359.8377634,-99,0.663572438,108.1116328,6.92545719
"2005","January",3,"SC",9,"E",40,"SC9-40",1.762810519,-99,333.7147231,-99,1.368739542,122.0411119,7.817753851
"2005","January",3,"SC",9,"E",80,"SC9-80",2.452967467,-99,177.1453502,-99,1.338569787,115.5895878,7.404481152
"2005","January",3,"SC",10,"E",20,"SC10-20",1.313792745,-99,405.8740477,-99,1.936333259,89.54427115,5.736066353
"2005","January",3,"SC",10,"E",40,"SC10-40",1.812701382,-99,271.4843399,-99,0.98419587,96.78572762,6.199940658
"2005","January",3,"SC",10,"E",80,"SC10-80",2.224301008,-99,138.9637511,-99,2.463882364,122.3104272,7.835005689
"2005","January",3,"SC",12,"A",20,"SC12-20",1.588192496,-99,407.5705976,-99,1.532066398,93.47160628,5.987644176
"2005","January",3,"SC",12,"A",40,"SC12-40",2.012264837,-99,305.6092837,-99,1.313216195,103.7306168,6.644817412
"2005","January",3,"SC",12,"A",80,"SC12-80",2.012264837,-99,258.4622621,-99,3.935492889,147.4312019,9.444196046
"2005","January",3,"SC",14,"E",20,"SC14-20",0.764993244,-99,116.3228814,-99,3.211898055,100.6996187,6.450657279
"2005","January",3,"SC",14,"E",40,"SC14-40",1.313792745,-99,142.6989745,-99,2.521168645,109.0089311,6.982936462
"2005","January",3,"SC",14,"E",80,"SC14-80",1.463465336,-99,134.8536075,-99,3.863812467,124.1305876,7.951601799
"2005","January",3,"SC",15,"A",20,"SC15-20",1.064338426,-99,122.2092362,-99,2.66662915,98.25948808,6.294347027
"2005","January",3,"SC",15,"A",40,"SC15-40",1.338738177,-99,120.0018303,-99,2.856963097,114.1749134,7.313859728
"2005","January",3,"SC",15,"A",80,"SC15-80",1.438519904,-99,75.61518518,-99,4.038584825,133.6481546,8.561279537
"2005","January",4,"SP",1,"E",20,"SP1-20",0.79825382,-99,125.204375,-99,2.072153218,64.07720488,4.104693202
"2005","January",4,"SP",1,"E",40,"SP1-40",1.272217025,-99,60.67931403,-99,3.25401023,96.32341716,6.170325905
"2005","January",4,"SP",2,"A",20,"SP2-20",1.396944185,-99,483.3881318,-99,1.025748321,63.00301634,4.035882671
"2005","January",4,"SP",2,"A",40,"SP2-40",2.719052074,-99,604.6505603,-99,0.294130986,90.59000205,5.80305394
"2005","January",4,"SP",4,"E",20,"SP4-20",1.571562208,-99,414.8964401,-99,0.855224308,57.75596589,3.699766326
"2005","January",4,"SP",4,"E",40,"SP4-40",2.66916121,-99,460.0780751,-99,0.516507039,79.64188423,5.101737766
"2005","January",4,"SP",5,"A",20,"SP5-20",2.2700343,-99,430.5202923,-99,0.367494899,82.01268076,5.253606606
"2005","January",4,"SP",5,"A",40,"SP5-40",3.193015279,-99,324.431638,-99,0.760517586,90.57190415,5.801894622
"2005","January",4,"SP",8,"E",20,"SP8-20",1.621453071,-99,546.0158636,-99,0.691036423,51.01687058,3.268072348
"2005","January",4,"SP",8,"E",40,"SP8-40",2.419706891,-99,444.7101387,-99,0.339529157,74.00533495,4.740670847
"2005","January",4,"SP",9,"A",20,"SP9-20",1.895852822,-99,359.7474622,-99,0.704142807,73.62688443,4.716428007
"2005","January",4,"SP",9,"A",40,"SP9-40",2.719052074,-99,312.2449532,-99,0.401630143,92.4417828,5.921675589
"2005","January",4,"SP",10,"E",20,"SP10-20",1.696289367,-99,314.1995635,-99,0.404418646,70.39473336,4.509382389
"2005","January",4,"SP",10,"E",40,"SP10-40",2.793888369,-99,327.6525822,-99,1.305360774,109.2104989,6.99584852
"2005","January",4,"SP",11,"A",20,"SP11-20",1.347053321,-99,262.4171839,-99,1.009029598,63.2653414,4.052686729
"2005","January",4,"SP",11,"A",40,"SP11-40",2.743997505,-99,250.6849206,-99,0.466216511,91.08343514,5.834662351
"2005","January",4,"SP",13,"A",20,"SP13-20",1.59650764,-99,534.8352105,-99,0.511679317,74.36004825,4.763393125
"2005","January",4,"SP",13,"A",40,"SP13-40",2.282507016,-99,314.2746052,-99,0.73447538,89.54054793,5.73582785
"2005","January",4,"SP",14,"E",20,"SP14-20",1.821016526,-99,225.3893339,-99,0.832442769,80.44447014,5.153149935
"2005","January",4,"SP",14,"E",40,"SP14-40",3.043342688,-99,211.6098732,-99,0.433250156,103.1026173,6.604588926
"2005","January",4,"MX",1,"E",20,"MX1-20",1.078889928,-99,206.4695818,-99,1.67572155,74.8966544,4.797767122
"2005","January",4,"MX",1,"E",40,"MX1-40",1.777362021,-99,233.0093984,-99,1.013098177,87.43348153,5.600853075
"2005","January",4,"MX",2,"A",20,"MX2-20",1.552853134,-99,374.3917731,-99,0.690500479,68.93471505,4.415856317
"2005","January",4,"MX",2,"A",40,"MX2-40",2.226379794,-99,306.4913411,-99,0.49110294,87.77080907,5.622461653
"2005","January",4,"MX",4,"E",20,"MX4-20",1.378235111,-99,431.2438749,-99,0.343359809,76.35540567,4.89121203
"2005","January",4,"MX",4,"E",40,"MX4-40",1.128780792,-99,232.1004694,-99,0.385974445,90.9819782,5.828163207
"2005","January",4,"MX",6,"A",20,"MX6-20",1.552853134,-99,315.3688378,-99,0.654800466,77.27216862,4.949938168
"2005","January",4,"MX",6,"A",40,"MX6-40",1.951980044,-99,226.7395253,-99,0.57999555,93.84963221,6.011859817
"2005","January",4,"MX",8,"E",20,"MX8-20",1.627689429,-99,389.2081854,-99,1.255249034,90.38818141,5.790125683
"2005","January",4,"MX",8,"E",40,"MX8-40",2.151543499,-99,201.3160452,-99,0.75579862,104.798296,6.713210968
"2005","January",4,"MX",9,"A",20,"MX9-20",1.378235111,-99,247.9448883,-99,0.539800184,76.71923998,4.914518583
"2005","January",4,"MX",9,"A",40,"MX9-40",1.752416589,-99,156.9859291,-99,2.453188553,112.0743483,7.179301416
"2005","January",4,"MX",11,"E",20,"MX11-20",1.153726224,-99,323.8580528,-99,1.542059554,67.17349733,4.303035968
"2005","January",4,"MX",11,"E",40,"MX11-40",1.278453383,-99,186.6276124,-99,0.27234359,71.33237879,4.56944622
"2005","January",4,"MX",12,"A",20,"MX12-20",0.904271905,-99,157.6036792,-99,2.022669183,68.34116483,4.377834588
"2005","January",4,"MX",12,"A",40,"MX12-40",1.652634861,-99,192.7429297,-99,1.098368751,84.34654408,5.403109572
"2005","January",4,"MX",13,"E",20,"MX13-20",1.540380418,-99,307.0076022,-99,1.178454712,73.7293221,4.722989974
"2005","January",4,"MX",13,"E",40,"MX13-40",2.051761771,-99,253.1205288,-99,0.803963832,79.16049045,5.070900571
"2005","January",4,"MX",15,"A",20,"MX15-20",1.178671656,-99,145.8052761,-99,1.68391168,66.12689931,4.235992835
"2005","January",4,"MX",15,"A",40,"MX15-40",1.403180543,-99,131.3506551,-99,0.872921886,79.07862357,5.065656331
"2005","February",NA,"SC",1,"E",20,"SC1-20",-99,-99,-99,-99,-99,-99,-99
"2005","March",22,"SC",1,"E",20,"SC1-20",1.281288091,6.94,456.7722791,26.26886568,0.740829694,70.08510578,4.489548219
"2005","March",22,"SC",1,"E",40,"SC1-40",2.20426907,6.94,93.03164119,27.18270556,0.546568933,105.172835,6.737203239
"2005","March",22,"SC",1,"E",80,"SC1-80",2.166850923,7,379.0907217,171.6992272,1.078883344,135.9698166,8.71000091
"2005","March",22,"SC",2,"A",20,"SC2-20",1.343651671,6.89,432.5414906,58.00597678,0.950499064,80.56081805,5.160602967
"2005","March",22,"SC",2,"A",40,"SC2-40",2.141905491,6.93,317.2972102,26.0750494,0.448315658,102.2517913,6.550086582
"2005","March",22,"SC",2,"A",80,"SC2-80",2.462794455,6.98,403.2184179,195.9059275,2.411166563,146.2755994,9.37017029
"2005","March",22,"SC",4,"A",20,"SC4-20",0.183689089,6.64,46.98893643,3.408074775,2.135683094,45.45368124,2.911704731
"2005","March",22,"SC",4,"A",40,"SC4-40",0.620234147,6.65,57.00980552,4.351446983,2.41893325,66.79543018,4.278817686
"2005","March",22,"SC",4,"A",80,"SC4-80",1.368597103,6.7,95.48079359,15.20676549,2.995945103,115.6709168,7.409690938
"2005","March",22,"SC",6,"E",20,"SC6-20",0.657652295,6.75,218.4109702,29.72486815,1.910636307,70.6187024,4.523729431
"2005","March",22,"SC",6,"E",40,"SC6-40",2.141905491,6.78,359.9522174,17.57721948,1.146943231,120.9301269,7.746586211
"2005","March",22,"SC",6,"E",80,"SC6-80",2.304050798,6.78,219.5021739,169.2623393,2.905333749,156.5668265,10.02940726
"2005","March",22,"SC",8,"A",20,"SC8-20",0.495506988,6.87,195.9806399,28.10025776,2.020461634,58.82276446,3.768103469
"2005","March",22,"SC",8,"A",40,"SC8-40",1.094197352,6.7,289.7938353,13.13169016,1.706862133,92.81156559,5.94536319
"2005","March",22,"SC",8,"A",80,"SC8-80",1.917396604,6.71,169.7190311,137.4864428,3.154585153,123.7994358,7.93038883
"2005","March",22,"SC",9,"E",20,"SC9-20",1.630524138,6.95,260.7193395,30.19007155,0.506019963,102.6578561,6.576098347
"2005","March",22,"SC",9,"E",40,"SC9-40",2.512685319,6.89,304.3189944,62.21890441,1.340424205,138.8142736,8.892211562
"2005","March",22,"SC",9,"E",80,"SC9-80",2.141905491,6.85,215.5132056,229.4395792,1.396724891,132.5878138,8.493356066
"2005","March",22,"SC",10,"E",20,"SC10-20",0.869688466,6.74,333.2116696,46.4823301,1.386743606,72.94115656,4.672501548
"2005","March",22,"SC",10,"E",40,"SC10-40",1.792669445,6.8,185.1049852,31.21101459,0.991952589,106.7260367,6.836698466
"2005","March",22,"SC",10,"E",80,"SC10-80",2.116960059,6.84,139.1895503,138.7062442,2.861790393,137.7807898,8.826008503
"2005","March",22,"SC",12,"A",20,"SC12-20",1.393542535,6.84,71.21362231,109.0188871,1.401154086,86.42358251,5.536160812
"2005","March",22,"SC",12,"A",40,"SC12-40",2.116960059,6.79,485.3678826,130.5227978,1.173830318,111.3187306,7.130897943
"2005","March",22,"SC",12,"A",80,"SC12-80",1.755251297,6.85,314.5338895,176.5139937,3.827635683,152.7970381,9.787921585
"2005","March",22,"SC",14,"E",20,"SC14-20",0.495506988,6.69,91.01898893,20.9741573,3.008920774,93.2909732,5.976073155
"2005","March",22,"SC",14,"E",40,"SC14-40",1.106670068,6.65,126.9378255,11.14709567,3.015876482,112.6673343,7.217286999
"2005","March",22,"SC",14,"E",80,"SC14-80",1.543215126,6.67,126.3557942,49.849791,3.279756706,122.0599718,7.818961982
"2005","March",22,"SC",15,"A",20,"SC15-20",0.682597727,6.85,64.56335413,32.85778808,2.78764816,84.73165021,5.427778759
"2005","March",22,"SC",15,"A",40,"SC15-40",1.169033648,6.75,97.65714505,20.41476075,3.093730505,114.1866008,7.314608405
"2005","March",22,"SC",15,"A",80,"SC15-80",1.418487967,6.74,65.29082329,85.53592262,4.306674984,139.9378843,8.964187986
"2005","March",29,"SP",1,"E",20,"SP1-20",0.806191003,6.57,137.5506016,22.13168043,1.229475983,51.5019464,3.299145408
"2005","March",29,"SP",1,"E",40,"SP1-40",1.118008901,6.92,78.08326024,6.312049918,3.30595758,96.96894217,6.211677043
"2005","March",29,"SP",2,"A",20,"SP2-20",1.467244947,8.18,430.5535738,113.1837762,0.555084217,49.10270804,3.145454637
"2005","March",29,"SP",2,"A",40,"SP2-40",2.797290019,7.95,614.2377458,312.6047708,0.165907673,90.43997179,5.793443279
"2005","March",29,"SP",4,"E",20,"SP4-20",1.567026675,8.07,365.9108065,114.897039,0.671553337,48.77596615,3.124524156
"2005","March",29,"SP",4,"E",40,"SP4-40",2.934489894,7.2,460.6103748,242.0967575,0.401871491,79.62346968,5.100558164
"2005","March",29,"SP",5,"A",20,"SP5-20",2.003571732,7.21,343.8691946,156.3540532,0.222457891,71.6642031,4.590702272
"2005","March",29,"SP",5,"A",40,"SP5-40",3.420925816,7.05,384.3598535,227.386667,0.316281971,97.41201693,6.240059592
"2005","March",29,"SP",8,"E",20,"SP8-20",1.330045072,7.46,372.9477564,142.1756553,0.708577667,50.24318759,3.218511647
"2005","March",29,"SP",8,"E",40,"SP8-40",2.67256286,7.96,406.2354534,249.0677717,0.260605115,86.44409027,5.537474501
"2005","March",29,"SP",9,"A",20,"SP9-20",1.816480993,8.04,338.4803248,120.3616275,0.425577043,65.72561354,4.210287211
"2005","March",29,"SP",9,"A",40,"SP9-40",3.508234827,7.78,380.3108012,237.7398251,0.158546475,100.7682087,6.455051031
"2005","March",29,"SP",10,"E",20,"SP10-20",1.941208153,8.15,198.0494527,124.9399138,0.507392389,66.66332863,4.270355505
"2005","March",29,"SP",10,"E",40,"SP10-40",3.183944213,7.9,285.5993749,266.4511194,0.461384903,104.0594076,6.665879142
"2005","March",29,"SP",11,"A",20,"SP11-20",1.093063469,8.15,179.30993,82.50085277,1.053243918,44.56053597,2.854491497
"2005","March",29,"SP",11,"A",40,"SP11-40",2.934489894,7.88,231.1059641,227.7706426,0.383063007,92.92925247,5.952901994
"2005","March",29,"SP",13,"A",20,"SP13-20",1.716699266,7.49,529.5215673,185.8407234,0.206269495,65.96552891,4.225655746
"2005","March",29,"SP",13,"A",40,"SP13-40",1.891317289,7.06,390.4601577,223.0149962,0.290580162,76.29895628,4.887595986
"2005","March",29,"SP",14,"E",20,"SP14-20",1.217790628,7.12,138.1256238,135.4261613,1.227729258,55.85531735,3.578014297
"2005","March",29,"SP",14,"E",40,"SP14-40",3.508234827,7.13,273.7900802,328.4668437,0.152713662,108.8671368,6.97385338
"2005","March",24,"MX",1,"E",20,"MX1-20",0.988462738,7.55,148.5639375,55.65397356,1.921958827,68.1225952,4.363833422
"2005","March",24,"MX",1,"E",40,"MX1-40",1.512316807,8.01,230.1933234,10.65230454,1.055489707,82.48798307,5.284053593
"2005","March",24,"MX",2,"A",20,"MX2-20",1.28780792,8.12,328.6788749,37.10207649,1.42386151,63.9770945,4.098280316
"2005","March",24,"MX",2,"A",40,"MX2-40",1.861552853,8.11,401.0884338,40.93280152,0.490299439,84.86332863,5.436213835
"2005","March",24,"MX",4,"E",20,"MX4-20",0.975990022,7.8,286.9643851,29.42212025,1.003555833,70.59627645,4.522292866
"2005","March",24,"MX",4,"E",40,"MX4-40",1.68693483,7.03,220.5595188,17.51444251,0.1878665,88.63844852,5.678041031
"2005","March",24,"MX",6,"A",20,"MX6-20",1.038353601,8.22,250.4267255,48.29338754,1.223580786,66.85133992,4.28239916
"2005","March",24,"MX",6,"A",40,"MX6-40",2.263797942,7.02,233.7864797,56.06936539,0.338178415,96.83052186,6.202810094
"2005","March",24,"MX",8,"E",20,"MX8-20",1.275335204,7.32,289.0039309,59.45887858,1.022769807,86.03094499,5.511009179
"2005","March",24,"MX",8,"E",40,"MX8-40",2.376052385,7.88,206.9126419,76.51548692,0.473986276,108.5238646,6.951863997
"2005","March",24,"MX",9,"A",20,"MX9-20",1.163080761,8.2,184.2677962,46.36974157,0.748159701,71.09881523,4.554484571
"2005","March",24,"MX",9,"A",40,"MX9-40",2.135952604,8.31,206.1208281,27.28980872,1.681222707,107.2510014,6.870326736
"2005","March",24,"MX",11,"E",20,"MX11-20",0.88868101,7.01,206.9845997,22.74642932,1.554242046,50.01729196,3.204041191
"2005","March",24,"MX",11,"E",40,"MX11-40",1.524789523,8.03,150.0036032,23.69351385,0.208889582,71.82992948,4.601318397
"2005","March",24,"MX",12,"A",20,"MX12-20",0.61428126,8.01,106.7834283,19.0209236,2.600873362,62.38067701,3.996016765
"2005","March",24,"MX",12,"A",40,"MX12-40",1.587153103,8.16,134.8750272,12.64803598,1.470648784,82.2561354,5.26920186
"2005","March",24,"MX",13,"E",20,"MX13-20",0.88868101,7.09,127.7666573,26.31690419,2.299625702,66.51605078,4.260921158
"2005","March",24,"MX",13,"E",40,"MX13-40",1.68693483,8.05,225.5383841,33.14025675,1.360386775,81.17069111,5.199670307
"2005","March",24,"MX",15,"A",20,"MX15-20",0.664172123,7.96,46.74912123,13.33110262,1.899033063,44.84702398,2.872843389
"2005","March",24,"MX",15,"A",40,"MX15-40",1.612098534,7.91,87.77377222,18.21967225,1.505801622,76.26583921,4.885474568
"2005","April",28,"SP",1,"E",20,"SP1-20",0.929217337,8.03,101.7364718,29.6800987,1.087523394,49.73686883,3.186077804
"2005","April",28,"SP",1,"E",40,"SP1-40",1.10383536,6.77,84.55661597,9.102439193,3.725639426,99.017433,6.342899576
"2005","April",28,"SP",2,"A",20,"SP2-20",1.403180543,6.68,373.3906896,142.0747024,0.18353088,45.00358251,2.882872239
"2005","April",28,"SP",2,"A",40,"SP2-40",2.831306517,6.75,467.3115771,352.1640698,0.1154398,92.40770099,5.919492371
"2005","April",28,"SP",4,"E",20,"SP4-20",1.403180543,8.31,314.5073796,153.6753104,0.236026201,46.66854725,2.9895268
"2005","April",28,"SP",4,"E",40,"SP4-40",2.257561584,6.83,415.8093232,268.3539322,0.427261385,83.97757405,5.379474035
"2005","April",28,"SP",5,"A",20,"SP5-20",2.151543499,6.72,429.1945676,185.8131304,0,67.36411848,4.315246806
"2005","April",28,"SP",5,"A",40,"SP5-40",2.631743062,6.83,341.2084935,261.166717,0.319588272,95.46922426,6.115607888
"2005","April",28,"SP",8,"E",20,"SP8-20",1.004053633,6.31,334.1209468,178.3744194,0.415564566,46.06205924,2.9506763
"2005","April",28,"SP",8,"E",40,"SP8-40",2.556906766,6.75,397.7915475,276.5613146,0.25492826,84.69943583,5.425715165
"2005","April",28,"SP",9,"A",20,"SP9-20",1.615216713,6.64,299.0086998,129.903838,0.086119775,50.44488011,3.231431697
"2005","April",28,"SP",9,"A",40,"SP9-40",2.581852198,6.7,320.0685937,283.0176463,0.112289457,96.79873061,6.200773605
"2005","April",28,"SP",10,"E",20,"SP10-20",1.44059869,6.67,280.7934304,125.6823775,0.093449782,49.17926657,3.150358835
"2005","April",28,"SP",10,"E",40,"SP10-40",2.357343312,8.52,248.1202313,295.8388869,0.455115409,102.9773484,6.596564429
"2005","April",28,"SP",11,"A",20,"SP11-20",1.10383536,6.71,173.412629,95.1109345,0.431784155,37.44620592,2.398760676
"2005","April",28,"SP",11,"A",40,"SP11-40",2.507015903,8.2,179.5982595,256.1417334,0.451372427,90.83359661,5.818658157
"2005","April",28,"SP",13,"A",20,"SP13-20",1.50296227,6.83,509.115753,217.7126415,0,52.90925247,3.389294831
"2005","April",28,"SP",13,"A",40,"SP13-40",1.864671032,6.8,506.6026659,276.2567937,0.102744853,79.14070522,5.069633166
"2005","April",28,"SP",14,"E",20,"SP14-20",1.390707827,6.78,146.7435763,188.2727908,0.474111042,57.14552891,3.660662863
"2005","April",28,"SP",14,"E",40,"SP14-40",3.055815404,7.06,246.647222,384.4760362,0.147379913,109.0930606,6.988325643
"2005","April",26,"MX",1,"E",20,"MX1-20",1.384471469,8.09,179.0446271,53.60255733,1.213287586,61.61009873,3.946654946
"2005","April",26,"MX",1,"E",40,"MX1-40",1.61411618,6.5,161.8607031,17.14537155,1.255801622,81.73534556,5.235841026
"2005","April",26,"MX",2,"A",20,"MX2-20",1.559089492,6.47,301.3202708,42.80414258,0.884435434,56.00778561,3.587781132
"2005","April",26,"MX",2,"A",40,"MX2-40",2.319925164,6.63,351.0315056,53.21531263,0.458328135,82.58849083,5.290491934
"2005","April",26,"MX",4,"E",20,"MX4-20",1.833489242,6.58,304.1946792,36.66978529,0.488240799,61.84126939,3.961463311
"2005","April",26,"MX",4,"E",40,"MX4-40",1.958216402,8.32,264.5893146,27.50124466,0.188833437,87.74332863,5.620701307
"2005","April",26,"MX",6,"A",20,"MX6-20",1.521671344,8.21,209.1519837,65.07550593,0.565034311,59.12758815,3.787629911
"2005","April",26,"MX",6,"A",40,"MX6-40",2.057998129,8.38,193.8313174,73.28427366,0.363474735,93.84716502,6.011701774
"2005","April",26,"MX",8,"E",20,"MX8-20",1.833489242,8.35,327.6784361,77.17417416,0.473144105,70.33836389,4.505771465
"2005","April",26,"MX",8,"E",40,"MX8-40",2.544434051,6.92,95.39159793,97.59613791,0.265595758,99.19960508,6.354569182
"2005","April",26,"MX",9,"A",20,"MX9-20",1.683816651,6.47,220.1838026,65.55849521,0.376263256,60.3951763,3.868829263
"2005","April",26,"MX",9,"A",40,"MX9-40",2.008107265,6.62,205.7776802,41.81046015,1.496475359,101.4340197,6.497701652
"2005","April",26,"MX",11,"E",20,"MX11-20",1.13501715,6.49,170.8190551,20.34982287,0.92860262,42.23339915,2.705419418
"2005","April",26,"MX",11,"E",40,"MX11-40",2.008107265,6.67,209.8791283,30.24392787,0.215907673,64.73108604,4.146579619
"2005","April",26,"MX",12,"A",20,"MX12-20",0.860617399,6.42,95.36319733,18.96462933,1.366219588,43.68493653,2.798402217
"2005","April",26,"MX",12,"A",40,"MX12-40",1.758652947,6.4,192.2464302,15.53893489,1.537679351,74.02829337,4.742141521
"2005","April",26,"MX",13,"E",20,"MX13-20",1.297162457,6.42,115.978226,32.93768605,1.727136619,58.39306065,3.740577438
"2005","April",26,"MX",13,"E",40,"MX13-40",1.895852822,6.86,175.0341056,48.89594673,1.596475359,80.06197461,5.128647979
"2005","April",26,"MX",15,"A",20,"MX15-20",0.785781104,6.65,62.5007149,15.65385055,1.304304429,40.98995769,2.625766858
"2005","April",26,"MX",15,"A",40,"MX15-40",1.434362332,6.15,73.82789998,20.25618379,1.852526513,69.65365303,4.461910154
"2005","May",5,"SC",1,"E",20,"SC1-20",1.439905762,8.34,239.5989627,38.93801201,0.141235184,63.68180536,4.07936464
"2005","May",27,"SC",1,"E",20,"SC1-20",1.698368153,6.52,441.8923005,26.55438177,0.076699938,60.71833568,3.889530255
"2005","May",5,"SC",1,"E",40,"SC1-40",2.396840245,8.32,444.6805237,36.64424232,0.458515284,100.9458392,6.46642971
"2005","May",27,"SC",1,"E",40,"SC1-40",1.897931608,6.58,367.6917054,28.11832068,0.337055521,95.35235543,6.108121487
"2005","May",5,"SC",1,"E",80,"SC1-80",2.077746596,8.4,393.9073263,182.1788812,1.08827199,133.0234697,8.521263374
"2005","May",27,"SC",1,"E",80,"SC1-80",2.122440495,6.6,367.0574773,113.6051521,2.090049906,135.5353738,8.682171303
"2005","May",5,"SC",2,"A",20,"SC2-20",1.79087413,8.44,341.0783147,63.18815203,0.445913911,67.58789845,4.329581737
"2005","May",27,"SC",2,"A",20,"SC2-20",1.12462322,7.72,328.1278771,46.60007155,0.1345602,62.05692525,3.975277826
"2005","May",5,"SC",2,"A",40,"SC2-40",2.359422097,8.44,373.8869496,63.98746411,0.371834061,97.10155148,6.22017175
"2005","May",27,"SC",2,"A",40,"SC2-40",1.723313585,7.88,320.7929765,30.15455519,0.31235184,91.06820874,5.833686976
"2005","May",5,"SC",2,"A",80,"SC2-80",2.558985552,8.2,385.2626833,188.4418952,2.259544604,139.4647109,8.933877368
"2005","May",27,"SC",2,"A",80,"SC2-80",1.623531857,6.95,341.8990384,149.6431783,2.715658141,103.4494217,6.626804574
"2005","May",5,"SC",4,"A",20,"SC4-20",0.680802411,6.57,51.35669611,3.659570514,1.480286962,41.55754584,2.662125505
"2005","May",27,"SC",4,"A",20,"SC4-20",0.750441742,7.33,63.90098107,4.838370216,1.201715533,41.64623413,2.667806713
"2005","May",5,"SC",4,"A",40,"SC4-40",0.818002287,8,70.79103839,6.217191864,2.203930131,57.86059238,3.706468506
"2005","May",27,"SC",4,"A",40,"SC4-40",0.802411392,6.44,76.43316985,4.412838761,2.034903306,54.53509168,3.493443083
"2005","May",5,"SC",4,"A",80,"SC4-80",1.479056231,6.58,92.89200899,20.22000253,2.904897068,111.56,7.146353214
"2005","May",27,"SC",4,"A",80,"SC4-80",-99,7.23,99.8825343,16.64110569,2.652994386,145.0196051,9.289713615
"2005","May",5,"SC",6,"E",20,"SC6-20",1.254547344,8.34,251.2970978,-99,0.550655022,61.87404795,3.963563045
"2005","May",27,"SC",6,"E",20,"SC6-20",1.074732356,7.09,329.6488698,11.24721745,0.171615721,59.44191819,3.807765312
"2005","May",5,"SC",6,"E",40,"SC6-40",1.977964869,7.05,280.02658,25.20753039,1.042514036,114.6770945,7.346028521
"2005","May",27,"SC",6,"E",40,"SC6-40",1.999792121,6.62,287.606687,18.71568235,0.890892077,108.4339915,6.946106895
"2005","May",5,"SC",6,"E",80,"SC6-80",2.509094689,8.44,305.1517254,188.4770792,2.862726138,151.6427645,9.713980952
"2005","May",27,"SC",6,"E",80,"SC6-80",1.92287704,6.72,292.0934579,119.8634565,3.257641921,120.0495063,7.690175285
"2005","May",5,"SC",8,"A",20,"SC8-20",1.030038458,6.58,166.7143401,17.33691611,1.087960075,47.55308886,3.046188899
"2005","May",27,"SC",8,"A",20,"SC8-20",0.550878287,6.56,194.4434983,11.58127073,0.762788522,47.8277292,3.063781851
"2005","May",5,"SC",8,"A",40,"SC8-40",1.466583515,8.33,185.3867886,13.07074164,1.960012477,90.49777151,5.797145822
"2005","May",27,"SC",8,"A",40,"SC8-40",1.501922877,6.63,177.6889096,12.63878289,1.956363069,83.9809591,5.379690875
"2005","May",5,"SC",8,"A",80,"SC8-80",2.052801164,8.12,96.32640346,156.4413757,3.320524017,124.8765303,7.999385511
"2005","May",27,"SC",8,"A",80,"SC8-80",1.623531857,6.59,131.9411933,126.2664305,1.382407985,126.3533709,8.093989189
"2005","May",5,"SC",9,"E",20,"SC9-20",2.077746596,8.51,378.3470045,23.34998585,0.272489083,99.51314528,6.374653987
"2005","May",27,"SC",9,"E",20,"SC9-20",1.249350379,6.58,330.4827684,73.66957909,0.412195883,96.86214386,6.204835741
"2005","May",5,"SC",9,"E",40,"SC9-40",2.696185428,6.7,364.3807606,75.53970119,1.331565814,133.2260367,8.534239441
"2005","May",27,"SC",9,"E",40,"SC9-40",1.897931608,6.69,326.007832,54.84928692,1.224516532,125.4201693,8.034210015
"2005","May",5,"SC",9,"E",80,"SC9-80",2.945639746,6.63,203.3793783,250.2488431,1.451122895,133.9565585,8.58103532
"2005","May",27,"SC",9,"E",80,"SC9-80",2.408946117,6.96,193.8797036,197.8979466,2.760355583,131.5860367,8.429184075
"2005","May",5,"SC",10,"E",20,"SC10-20",1.491528947,6.64,288.2844483,55.36651819,0.942014972,72.6925811,4.656578264
"2005","May",27,"SC",10,"E",20,"SC10-20",0.800332606,7.21,314.8674808,36.45064768,0.64095446,65.82318759,4.216537624
"2005","May",5,"SC",10,"E",40,"SC10-40",1.953019437,8.37,375.0297903,47.95124473,0.94753587,99.57314528,6.378497476
"2005","May",27,"SC",10,"E",40,"SC10-40",1.79814988,6.59,306.4931143,26.15012689,1.183905178,108.1377997,6.927133395
"2005","May",5,"SC",10,"E",80,"SC10-80",1.965492153,6.48,237.7469459,171.301732,2.596163444,132.3756559,8.479765619
"2005","May",27,"SC",10,"E",80,"SC10-80",2.022658767,6.48,192.9342581,138.0065552,3.273144105,136.8649083,8.767338827
"2005","May",5,"SC",12,"A",20,"SC12-20",1.815819561,8.39,373.8107424,133.8615021,0.932220836,75.30606488,4.8239932
"2005","May",27,"SC",12,"A",20,"SC12-20",0.775387174,7.96,343.9193711,105.1997423,0.706019963,67.36028209,4.315001054
"2005","May",5,"SC",12,"A",40,"SC12-40",2.015383016,8.43,372.7323641,150.0495941,1.296568933,100.4667701,6.435741429
"2005","May",27,"SC",12,"A",40,"SC12-40",1.997713335,6.65,326.7477921,121.9952693,2.976076107,97.83272214,6.26700919
"2005","May",5,"SC",12,"A",80,"SC12-80",1.865710425,8.43,287.7425899,190.6984863,3.615252651,146.2949224,9.371408085
"2005","May",27,"SC",12,"A",80,"SC12-80",1.12462322,6.51,254.8845209,150.6755354,3.19959451,112.913512,7.233056688
"2005","May",5,"SC",14,"E",20,"SC14-20",1.017565742,6.8,79.01954485,9.117343873,2.683312539,81.88155148,5.245206707
"2005","May",27,"SC",14,"E",20,"SC14-20",1.301320029,6.52,102.3431576,8.655575755,1.687741734,67.50552891,4.324305297
"2005","May",5,"SC",14,"E",40,"SC14-40",1.067456605,6.81,109.3256214,13.05367606,3.078072364,103.8378561,6.651686964
"2005","May",27,"SC",14,"E",40,"SC14-40",1.308036107,6.43,96.25910486,12.40900698,3.19650655,107.0744147,6.859014916
"2005","May",5,"SC",14,"E",80,"SC14-80",1.454110799,6.59,82.26642429,52.4278578,3.418902059,122.8304937,7.868320187
"2005","May",27,"SC",14,"E",80,"SC14-80",1.399022971,6.43,132.8397105,39.85700481,3.931347473,128.0309732,8.201453286
"2005","May",5,"SC",15,"A",20,"SC15-20",1.042511173,6.81,64.11559235,35.81018959,2.837928883,79.02840621,5.062439499
"2005","May",27,"SC",15,"A",20,"SC15-20",1.251429165,7.55,79.92736221,24.85857243,2.042014972,68.44834979,4.384700658
"2005","May",5,"SC",15,"A",40,"SC15-40",1.179711049,6.63,97.14693185,23.69678291,3.193980037,108.3959097,6.943667445
"2005","May",27,"SC",15,"A",40,"SC15-40",1.249350379,7.99,82.40559385,21.6583875,1.030723643,125.6735966,8.050444103
"2005","May",5,"SC",15,"A",80,"SC15-80",1.516474379,6.78,99.83117723,75.35674482,4.156363069,133.3193794,8.540218804
"2005","May",27,"SC",15,"A",80,"SC15-80",1.224404948,6.54,98.38500574,63.77314696,0.045009357,4.332157969,0.277536025
"2005","May",31,"SP",1,"E",20,"SP1-20",1.113189897,6.43,70.85170982,19.65190696,1.414784779,62.14465444,3.980897596
"2005","May",31,"SP",1,"E",40,"SP1-40",1.362644216,7.18,73.07817583,6.504425596,3.547504679,97.37071932,6.237414144
"2005","May",31,"SP",2,"A",20,"SP2-20",1.612098534,7.08,337.5823994,117.8915504,0.121709295,50.60899859,3.241944823
"2005","May",31,"SP",2,"A",40,"SP2-40",1.437480511,6.64,394.4842301,325.5317848,0.069058016,90.2822567,5.783340342
"2005","May",31,"SP",4,"E",20,"SP4-20",2.061116308,6.43,342.1220219,122.1551207,0.217747973,54.66764457,3.501934176
"2005","May",31,"SP",4,"E",40,"SP4-40",2.825070159,6.56,370.719583,257.6949232,0.331347473,84.93176305,5.440597617
"2005","May",31,"SP",5,"A",20,"SP5-20",1.986280012,8.03,474.3574353,129.7611076,0.048284467,69.59311707,4.458032332
"2005","May",31,"SP",5,"A",40,"SP5-40",3.323978796,7.82,280.8272146,243.9752462,0.24279476,97.64682652,6.25510106
"2005","May",31,"SP",8,"E",20,"SP8-20",1.637043966,6.64,240.9843832,141.1357628,0.3654398,50.42011283,3.229845151
"2005","May",31,"SP",8,"E",40,"SP8-40",2.97474275,6.75,374.5592409,280.5660754,0.222894573,86.48101551,5.539839864
"2005","May",31,"SP",9,"A",20,"SP9-20",2.111007172,6.75,70.6916965,115.1658774,0.045851528,61.50039492,3.939627523
"2005","May",31,"SP",9,"A",40,"SP9-40",3.323978796,7.55,284.133583,252.167447,0.083967561,97.73895628,6.261002722
"2005","May",31,"SP",10,"E",20,"SP10-20",1.986280012,6.49,357.6673578,117.4042393,0.016968185,57.74462623,3.699039929
"2005","May",31,"SP",10,"E",40,"SP10-40",3.348924228,6.58,257.6558565,276.6679191,0.411166563,100.8084344,6.457627813
"2005","May",31,"SP",11,"A",20,"SP11-20",1.661989398,6.79,201.3206238,109.1286498,0.06790393,45.8525811,2.937257518
"2005","May",31,"SP",11,"A",40,"SP11-40",2.550670408,6.73,127.9135097,160.4087363,0.453025577,88.91952045,5.696045979
"2005","May",31,"SP",13,"A",20,"SP13-20",2.475834113,8.07,538.9519493,161.8217999,0.010043668,56.23433004,3.602293149
"2005","May",31,"SP",13,"A",40,"SP13-40",3.024633614,6.63,336.0958241,244.173218,0.040673737,81.96462623,5.250528322
"2005","May",31,"SP",14,"E",20,"SP14-20",1.727471157,7.92,206.080215,156.9871974,0.432782283,61.97875882,3.970270629
"2005","May",31,"SP",14,"E",40,"SP14-40",3.423760524,6.74,238.4641403,345.8752358,0.10102932,105.0819746,6.731382892
"2005","May",26,"MX",1,"E",20,"MX1-20",1.262862488,6.41,288.4082742,45.51069994,0.394385527,58.41717913,3.742122423
"2005","May",26,"MX",1,"E",40,"MX1-40",1.063299033,6.33,218.3628058,16.74964945,1.048502807,79.06499295,5.064783178
"2005","May",26,"MX",2,"A",20,"MX2-20",0.364826941,6.39,322.7029855,31.32908849,0.147691828,48.10188999,3.081344084
"2005","May",26,"MX",2,"A",40,"MX2-40",2.111007172,6.55,337.193604,52.10676994,0.317997505,78.01607898,4.99759169
"2005","May",26,"MX",4,"E",20,"MX4-20",1.886498285,6.53,396.4356613,17.90927808,0.036681223,53.75593794,3.443531936
"2005","May",26,"MX",4,"E",40,"MX4-40",2.326161522,6.5,293.3813497,26.00756277,0.171678104,85.50660085,5.477420663
"2005","May",26,"MX",6,"A",20,"MX6-20",1.886498285,6.53,187.0178955,-99,0.104054897,58.25269394,3.731585806
"2005","May",26,"MX",6,"A",40,"MX6-40",2.525724977,7.44,253.2815305,72.31823968,0.328633812,92.36479549,5.916743924
"2005","May",26,"MX",8,"E",20,"MX8-20",1.820422587,6.55,392.1243967,86.89197175,0.08128509,67.88358251,4.348522711
"2005","May",26,"MX",8,"E",40,"MX8-40",3.024633614,6.64,315.656224,104.9965621,0.209014348,106.5023977,6.82237257
"2005","May",26,"MX",9,"A",20,"MX9-20",2.226379794,6.47,290.7466758,56.15164589,0.080505303,53.83636107,3.448683693
"2005","May",26,"MX",9,"A",40,"MX9-40",1.836607421,6.43,246.1591296,51.33649152,1.199563319,97.71102962,6.259213792
"2005","May",26,"MX",11,"E",20,"MX11-20",1.337698784,6.35,214.0641551,15.23890197,0.39341859,41.68617772,2.670365425
"2005","May",26,"MX",11,"E",40,"MX11-40",1.861552853,6.43,270.9930384,33.35684561,0.214535246,71.37119887,4.571932963
"2005","May",26,"MX",12,"A",20,"MX12-20",0.689117555,6.96,100.7863191,13.61539974,0.7205864,44.09040903,2.824376035
"2005","May",26,"MX",12,"A",40,"MX12-40",1.68693483,6.35,181.8557437,17.62625534,1.476481597,74.40442877,4.766236059
"2005","May",26,"MX",13,"E",20,"MX13-20",1.537262239,6.4,142.5816278,27.69700022,0.814004991,54.4187024,3.485987401
"2005","May",26,"MX",13,"E",40,"MX13-40",1.986280012,6.4,89.68039466,50.22578793,1.600873362,75.93796897,4.864471807
"2005","May",26,"MX",15,"A",20,"MX15-20",1.328344247,6.43,107.1019154,13.34733709,0.618122271,41.21819464,2.640387295
"2005","May",26,"MX",15,"A",40,"MX15-40",1.362644216,6.77,54.61672032,19.05189652,1.865658141,64.03777151,4.102167173
"2005","June",30,"SC",1,"E",20,"SC1-20",1.101756574,6.56,445.7627633,26.5882359,0.522052402,74.22984485,4.755052536
"2005","June",30,"SC",1,"E",40,"SC1-40",1.600665212,6.7,394.0206217,15.93814768,0.265190268,9.784626234,0.626811055
"2005","June",30,"SC",1,"E",80,"SC1-80",1.351210893,6.67,395.0886569,151.7199159,1.195446039,129.3022003,8.282885741
"2005","June",30,"SC",2,"A",20,"SC2-20",0.977029415,6.52,350.3604504,14.53167756,0.6897068,71.76070522,4.596884019
"2005","June",30,"SC",2,"A",40,"SC2-40",0.453175346,6.71,331.6342362,23.38129123,0.241890206,108.8348942,6.971787979
"2005","June",30,"SC",2,"A",80,"SC2-80",1.875064962,6.68,393.8408974,173.1411582,2.41172801,133.595402,8.557900299
"2005","June",30,"SC",4,"A",20,"SC4-20",0.602847937,6.31,65.65268137,2.748944282,2.605302558,71.48273625,4.579077841
"2005","June",30,"SC",4,"A",40,"SC4-40",0.652738801,6.46,78.88988667,3.82773301,2.326980661,63.05373766,4.039131785
"2005","June",30,"SC",4,"A",80,"SC4-80",0.930504205,6.57,82.06827656,13.61002519,3.208484092,112.0103526,7.175201969
"2005","June",30,"SC",6,"E",20,"SC6-20",1.001974847,6.46,292.867416,4.983538498,2.577542109,91.83088858,5.882542835
"2005","June",30,"SC",6,"E",40,"SC6-40",1.334382625,6.78,266.7062392,12.49638499,0.656893325,105.5410155,6.760788203
"2005","June",30,"SC",6,"E",80,"SC6-80",1.376156325,6.69,271.5513377,153.8554411,3.125140362,144.8148096,9.276594795
"2005","June",30,"SC",8,"A",20,"SC8-20",0.852302255,6.46,223.7033045,10.00309203,1.045227698,64.47574048,4.130222655
"2005","June",30,"SC",8,"A",40,"SC8-40",0.303502754,6.6,154.9961249,7.882249903,1.828789769,82.65181946,5.294548649
"2005","June",30,"SC",8,"A",80,"SC8-80",0.353393618,6.59,164.3617994,123.7453229,3.418902059,119.2217489,7.637150677
"2005","June",30,"SC",9,"E",20,"SC9-20",0.652738801,6.68,320.5638704,11.01400627,0.314909545,102.4992102,6.565935779
"2005","June",30,"SC",9,"E",40,"SC9-40",0.360322905,6.68,314.0531227,55.96514343,1.218777293,125.1769817,8.018631868
"2005","June",30,"SC",9,"E",80,"SC9-80",1.376156325,6.67,213.736878,200.2010802,1.727479726,118.6296756,7.599223554
"2005","June",30,"SC",10,"E",20,"SC10-20",0.835473988,6.63,319.3623665,16.77657762,1.487149095,80.57091678,5.161249873
"2005","June",30,"SC",10,"E",40,"SC10-40",0.652738801,6.7,339.1925199,31.81146829,0.998533999,95.43266573,6.113266016
"2005","June",30,"SC",10,"E",80,"SC10-80",0.727575096,6.6,182.8055489,135.8759614,2.901621959,117.2396897,7.510183629
"2005","June",30,"SC",12,"A",20,"SC12-20",1.426047188,6.63,451.1285326,140.5286048,1.33003743,83.55822285,5.352611173
"2005","June",30,"SC",12,"A",40,"SC12-40",0.574140892,6.7,267.5020796,116.3554262,1.505489707,102.9184203,6.592789606
"2005","June",30,"SC",12,"A",80,"SC12-80",1.151647438,6.71,275.8202997,155.3744997,3.597785402,139.0363329,8.906436266
"2005","June",30,"SC",14,"E",20,"SC14-20",0.927138551,6.51,202.4008381,9.105985285,3.241422333,94.26234133,6.0382972
"2005","June",30,"SC",14,"E",40,"SC14-40",1.001974847,6.48,126.7297284,8.298749895,3.290611354,96.85830748,6.204589989
"2005","June",30,"SC",14,"E",80,"SC14-80",0.927138551,6.56,116.9995109,40.33517362,3.216562695,109.678646,7.025837156
"2005","June",30,"SC",15,"A",20,"SC15-20",1.276374597,6.45,166.9239917,15.76571878,2.483031815,88.22282087,5.651416693
"2005","June",30,"SC",15,"A",40,"SC15-40",0.253611891,6.55,96.72265496,13.1642145,3.378914535,95.49379408,6.117181785
"2005","June",30,"SC",15,"A",80,"SC15-80",0.453175346,6.54,110.3808879,64.95117096,4.568153462,128.0226234,8.200918414
"2005","June",28,"SP",1,"E",20,"SP1-20",0.863735578,6.42,102.5928628,22.32821169,2.631316282,75.89362482,4.861631203
"2005","June",28,"SP",1,"E",40,"SP1-40",1.038353601,6.52,83.88592535,5.462372201,3.344915783,89.65464034,5.743136399
"2005","June",28,"SP",2,"A",20,"SP2-20",1.362644216,6.71,458.5130305,147.0525894,1.120929507,65.11794076,4.171360817
"2005","June",28,"SP",2,"A",40,"SP2-40",1.915452804,6.91,520.4169198,327.7891516,0.035090455,80.46375176,5.15438508
"2005","June",28,"SP",4,"E",20,"SP4-20",1.28780792,6.74,291.8069337,114.4840851,1.713911416,72.8803385,4.668605656
"2005","June",28,"SP",4,"E",40,"SP4-40",2.036170876,6.88,372.9770571,267.8331548,0.257485964,73.99901269,4.740265855
"2005","June",28,"SP",5,"A",20,"SP5-20",1.01340817,6.64,500.0918276,158.4420385,1.443574548,82.44533145,5.281321409
"2005","June",28,"SP",5,"A",40,"SP5-40",2.500779545,6.81,418.1723406,259.6139704,0.200873362,85.25785614,5.461486537
"2005","June",28,"SP",8,"E",20,"SP8-20",1.237917056,6.65,436.1244409,160.2105982,1.278633812,65.33359661,4.185175332
"2005","June",28,"SP",8,"E",40,"SP8-40",0.265045214,6.82,370.7398273,276.9623005,0.210480349,74.80519041,4.791908108
"2005","June",28,"SP",9,"A",20,"SP9-20",0.539444964,6.72,457.2098007,130.4601316,0.619120399,67.33873061,4.313620506
"2005","June",28,"SP",9,"A",40,"SP9-40",2.425943249,6.83,401.6863415,267.759795,0.121210231,91.89023977,5.886344763
"2005","June",28,"SP",10,"E",20,"SP10-20",0.414717805,6.77,476.3782,140.3451498,0.83025577,66.01844852,4.229045678
"2005","June",28,"SP",10,"E",40,"SP10-40",2.061116308,6.89,297.9864789,274.1695841,0.551091703,96.10691114,6.15645693
"2005","June",28,"SP",11,"A",20,"SP11-20",0.913626442,6.64,407.8984696,129.344663,0.365720524,54.1364457,3.467906559
"2005","June",28,"SP",11,"A",40,"SP11-40",1.915452804,6.81,216.7348983,232.6649193,0.342451653,75.77018336,4.853723771
"2005","June",28,"SP",13,"A",20,"SP13-20",1.188026193,6.79,581.5225711,210.1494848,0.337928883,63.10708039,4.042548822
"2005","June",28,"SP",13,"A",40,"SP13-40",1.440301721,6.89,562.9948827,320.1623314,0.013724267,84.9464598,5.441539064
"2005","June",28,"SP",14,"E",20,"SP14-20",1.188026193,6.74,289.5425515,182.4831251,1.352620087,72.84860367,4.666572781
"2005","June",28,"SP",14,"E",40,"SP14-40",1.68693483,6.92,271.4329672,360.0208876,0.106674984,99.03291961,6.343891619
"2005","June",29,"MX",1,"E",20,"MX1-20",0.146554412,6.6,278.3806406,18.80937684,0.165658141,55.57923836,3.560329188
"2005","June",29,"MX",1,"E",40,"MX1-40",0.171499844,6.57,174.9945372,14.39155139,0.784872115,72.31074753,4.632118712
"2005","June",29,"MX",2,"A",20,"MX2-20",0.196445276,6.63,353.1116808,53.6674952,0.421553337,54.34310296,3.481144641
"2005","June",29,"MX",2,"A",40,"MX2-40",0.695353913,6.81,317.2996333,53.54343728,0.277479726,70.50600846,4.516510466
"2005","June",29,"MX",4,"E",20,"MX4-20",0.321172435,6.66,444.8438954,19.60558608,0.240205864,55.78409027,3.573451622
"2005","June",29,"MX",4,"E",40,"MX4-40",0.346117867,6.75,300.1785766,26.4873384,0.098752339,75.6103244,4.843483502
"2005","June",29,"MX",6,"A",20,"MX6-20",0.321172435,6.63,330.2944643,54.64051055,1.15411728,71.49280677,4.57972294
"2005","June",29,"MX",6,"A",40,"MX6-40",0.595572186,6.71,216.8569835,74.03266602,0.194385527,81.45105783,5.21763008
"2005","June",29,"MX",8,"E",20,"MX8-20",0.321172435,6.61,374.4353659,79.50357105,0.689800374,68.08169252,4.361213272
"2005","June",29,"MX",8,"E",40,"MX8-40",0.670408481,6.77,228.2656133,105.7732124,0.143730505,93.17074753,5.968371721
"2005","June",29,"MX",9,"A",20,"MX9-20",0.221390708,6.59,333.4995736,60.04902643,0.665065502,62.99861777,4.035600907
"2005","June",29,"MX",9,"A",40,"MX9-40",0.271281572,6.74,177.2348344,55.32967205,0.918028696,88.96186178,5.698758286
"2005","June",29,"MX",11,"E",20,"MX11-20",0.258363401,6.55,312.0287072,17.36184959,1.09856519,60.97244006,3.905807711
"2005","June",29,"MX",11,"E",40,"MX11-40",1.618334892,6.75,271.3980935,34.76337113,0.102807236,65.45269394,4.192804486
"2005","June",29,"MX",12,"A",20,"MX12-20",0.894917368,6.5,162.1414363,15.22815288,0.970118528,53.56369535,3.431217231
"2005","June",29,"MX",12,"A",40,"MX12-40",0.495790458,6.57,170.7047335,16.52341965,1.03827199,63.04406206,4.038511984
"2005","June",29,"MX",13,"E",20,"MX13-20",0.296227003,6.68,221.5065637,31.75273608,1.405458515,57.41576869,3.677973923
"2005","June",29,"MX",13,"E",40,"MX13-40",1.518553165,6.7,135.3505835,46.32159224,1.405458515,68.14132581,4.36503327
"2005","June",29,"MX",15,"A",20,"MX15-20",0.695353913,6.62,238.289735,11.97167367,0.58044292,52.085811,3.336546694
"2005","June",29,"MX",15,"A",40,"MX15-40",1.269098846,6.71,80.06811564,21.10818863,1.499750468,55.85607898,3.578063086
"2005","July",18,"SC",1,"E",20,"SC1-20",1.455150192,-99,368.8517947,13.46457987,1.203774173,74.76736248,4.789484921
"2005","July",18,"SC",1,"E",40,"SC1-40",1.505041056,-99,361.8606267,14.75003947,0.050280724,86.73588152,5.556166109
"2005","July",18,"SC",1,"E",80,"SC1-80",2.561064338,-99,335.5844464,163.6668777,1.880006238,131.0571227,8.395302825
"2005","July",18,"SC",2,"A",20,"SC2-20",1.529986488,-99,274.3686553,7.924747645,0.649313787,74.64533145,4.781667839
"2005","July",18,"SC",2,"A",40,"SC2-40",0.706787236,-99,267.1671278,23.00972692,0.081503431,79.88361072,5.117222318
"2005","July",18,"SC",2,"A",80,"SC2-80",0,-99,270.1664222,177.5599811,3.588427948,141.9820874,9.095135855
"2005","July",18,"SC",4,"A",20,"SC4-20",1.180750442,-99,111.8350668,2.37854353,2.350031192,77.74118477,4.979982475
"2005","July",18,"SC",4,"A",40,"SC4-40",1.056023282,-99,69.10571502,2.761632654,2.143543356,67.26112835,4.308649449
"2005","July",18,"SC",4,"A",80,"SC4-80",1.604822783,-99,73.78829772,10.91920362,3.953961323,106.4466291,6.818800131
"2005","July",18,"SC",6,"E",20,"SC6-20",0.906350691,-99,250.5129298,6.205112976,2.03867748,97.80815233,6.265435293
"2005","July",18,"SC",6,"E",40,"SC6-40",0.956241555,-99,222.2694717,13.03677669,1.262819713,105.3295063,6.747239317
"2005","July",18,"SC",6,"E",80,"SC6-80",2.536118907,-99,221.6922428,165.2247218,4.289831566,157.0429901,10.05990942
"2005","July",18,"SC",8,"A",20,"SC8-20",1.480095624,-99,217.3929239,10.21048321,1.292077355,78.60832158,5.035529655
"2005","July",18,"SC",8,"A",40,"SC8-40",1.579877352,-99,151.0632596,5.749716749,3.464722396,85.18944993,5.457104562
"2005","July",18,"SC",8,"A",80,"SC8-80",1.529986488,-99,127.6622805,136.6211955,5.155240175,123.9059803,7.937213869
"2005","July",18,"SC",9,"E",20,"SC9-20",1.529986488,-99,300.596272,12.2195125,0.227136619,98.12719323,6.285872463
"2005","July",18,"SC",9,"E",40,"SC9-40",0.532169213,-99,273.6943818,60.31692286,1.989550842,136.3953738,8.737261312
"2005","July",18,"SC",9,"E",80,"SC9-80",2.860409521,-99,185.7924697,224.9909471,2.435371179,134.387701,8.608653508
"2005","July",18,"SC",10,"E",20,"SC10-20",1.604822783,-99,286.1230974,11.14050215,1.794198378,85.60050776,5.483436166
"2005","July",18,"SC",10,"E",40,"SC10-40",0.956241555,-99,291.9059169,30.77351506,1.341266376,96.31427362,6.169740187
"2005","July",18,"SC",10,"E",80,"SC10-80",0.906350691,-99,190.9225307,158.4399329,3.959513412,134.3659238,8.607258504
"2005","July",18,"SC",12,"A",20,"SC12-20",1.904167966,-99,458.2209783,171.3625697,0.840018715,78.565811,5.032806506
"2005","July",18,"SC",12,"A",40,"SC12-40",2.028895125,-99,251.0486154,136.4424501,1.838365565,105.8506347,6.780621835
"2005","July",18,"SC",12,"A",80,"SC12-80",2.328240308,-99,258.3203039,172.5373801,4.940299439,147.4880113,9.44783515
"2005","July",18,"SC",14,"E",20,"SC14-20",1.679659079,-99,159.424572,5.992291841,2.485090455,93.82558533,6.010319419
"2005","July",18,"SC",14,"E",40,"SC14-40",1.305477601,-99,109.0030193,7.297532009,5.183873986,100.6676446,6.448609076
"2005","July",18,"SC",14,"E",80,"SC14-80",1.056023282,-99,87.4685156,41.98510535,4.5602932,118.92567,7.618184405
"2005","July",18,"SC",15,"A",20,"SC15-20",1.629768215,-99,141.6823606,17.79125959,2.172769807,91.45884344,5.858710312
"2005","July",18,"SC",15,"A",40,"SC15-40",1.305477601,-99,79.12339108,13.62570558,5.580973175,105.0080677,6.726648552
"2005","July",18,"SC",15,"A",80,"SC15-80",1.529986488,-99,88.33163346,62.19402633,5.749469744,131.7009027,8.436542179
"2005","July",20,"SP",1,"E",20,"SP1-20",1.228562519,-99,66.70802808,9.765669856,3.857922645,94.88327221,6.078072884
"2005","July",20,"SP",1,"E",40,"SP1-40",1.403180543,-99,54.40835186,4.383361842,3.932064878,91.9961354,5.893128241
"2005","July",20,"SP",2,"A",20,"SP2-20",1.453071406,-99,411.4757326,181.1439754,1.66646912,81.1996615,5.201526096
"2005","July",20,"SP",2,"A",40,"SP2-40",1.278453383,-99,387.416269,370.7838414,0.182751092,90.47416079,5.795633363
"2005","July",20,"SP",4,"E",20,"SP4-20",0.979108201,-99,325.5777326,125.5543302,2.263693075,84.97700987,5.443496045
"2005","July",20,"SP",4,"E",40,"SP4-40",1.552853134,-99,379.8017677,287.510106,0.60143481,83.17046544,5.327772151
"2005","July",20,"SP",5,"A",20,"SP5-20",1.777362021,-99,378.4337381,173.1673107,3.014223331,91.88668547,5.886117081
"2005","July",20,"SP",5,"A",40,"SP5-40",1.50296227,-99,334.3022029,281.0743306,0.547067998,100.7661777,6.454920927
"2005","July",20,"SP",8,"E",20,"SP8-20",0.779544746,-99,359.5911588,192.9514205,1.443075483,76.78124118,4.918490265
"2005","July",20,"SP",8,"E",40,"SP8-40",2.20767072,-99,345.0174144,291.9368522,0.194822208,76.10265162,4.875021073
"2005","July",20,"SP",9,"A",20,"SP9-20",2.101652635,-99,379.0393026,141.0819619,0.895633188,86.55754584,5.544742255
"2005","July",20,"SP",9,"A",40,"SP9-40",2.906142813,-99,358.3144311,285.4670009,0.01481597,90.42084626,5.792218133
"2005","July",20,"SP",10,"E",20,"SP10-20",0.130963517,-99,267.2793289,152.1402944,1.286119775,78.81497884,5.048767737
"2005","July",20,"SP",10,"E",40,"SP10-40",3.130651699,-99,229.6981911,315.0409939,0.544354336,100.4183075,6.432637003
"2005","July",20,"SP",11,"A",20,"SP11-20",1.478016838,-99,355.7894539,161.2236179,0.530411728,72.69066291,4.656455388
"2005","July",20,"SP",11,"A",40,"SP11-40",3.00592454,-99,218.2193327,264.0313526,0.158889582,74.66456982,4.782900213
"2005","July",20,"SP",13,"A",20,"SP13-20",1.228562519,-99,490.9830279,241.0974789,0.286150967,76.8435543,4.922481928
"2005","July",20,"SP",13,"A",40,"SP13-40",1.852198316,-99,350.0891235,305.9151172,0.326076107,86.57145275,5.545633106
"2005","July",20,"SP",14,"E",20,"SP14-20",1.802307452,-99,302.6068258,230.8510914,2.442669994,87.17427362,5.584248696
"2005","July",20,"SP",14,"E",40,"SP14-40",3.055815404,-99,267.9136458,398.0764205,0.211384903,101.2393512,6.485231545
"2005","July",19,"MX",1,"E",20,"MX1-20",1.415653258,-99,227.1373679,7.933280435,0.513942608,69.03342736,4.422179645
"2005","July",19,"MX",1,"E",40,"MX1-40",0.941690053,-99,174.2945642,12.22167341,0.691110418,69.44916784,4.448811211
"2005","July",19,"MX",2,"A",20,"MX2-20",1.116308076,-99,276.4267499,42.87390093,1.059139114,77.02815233,4.934306936
"2005","July",19,"MX",2,"A",40,"MX2-40",1.340816963,-99,241.6497049,54.17480849,1.050717405,79.53658674,5.094992604
"2005","July",19,"MX",4,"E",20,"MX4-20",1.216089804,-99,307.5421416,14.61168634,0.428228322,68.88818054,4.412875402
"2005","July",19,"MX",4,"E",40,"MX4-40",1.864671032,-99,223.1067933,23.46301765,0.231628197,73.5396615,4.710840667
"2005","July",19,"MX",6,"A",20,"MX6-20",0.866853757,-99,220.1738507,36.55298577,1.393605739,82.12564175,5.260842678
"2005","July",19,"MX",6,"A",40,"MX6-40",1.465544122,-99,146.8667473,77.283272,0.128976918,79.47196051,5.090852767
"2005","July",19,"MX",8,"E",20,"MX8-20",1.615216713,-99,283.445509,36.43807011,2.024048659,87.27526093,5.590717756
"2005","July",19,"MX",8,"E",40,"MX8-40",1.889616464,-99,175.0808101,124.21784,0.021865253,91.70172073,5.874268582
"2005","July",19,"MX",9,"A",20,"MX9-20",1.814780168,-99,230.0499172,36.32742085,2.66996257,95.89040903,6.142588205
"2005","July",19,"MX",9,"A",40,"MX9-40",2.681633926,-99,172.6546274,62.73885066,0.83250156,92.8177433,5.945758923
"2005","July",19,"MX",11,"E",20,"MX11-20",1.615216713,-99,231.8751132,18.24033933,1.344104803,71.92335684,4.607303181
"2005","July",19,"MX",11,"E",40,"MX11-40",1.390707827,-99,142.3162677,37.69244598,0.13231441,64.4745275,4.130144954
"2005","July",19,"MX",12,"A",20,"MX12-20",0.841908326,-99,136.0384224,11.0171091,2.982657517,88.46564175,5.666971349
"2005","July",19,"MX",12,"A",40,"MX12-40",0.667290302,-99,121.9229758,15.13950049,1.339644417,68.71785614,4.401964736
"2005","July",19,"MX",13,"E",20,"MX13-20",1.540380418,-99,176.8529344,40.05475504,1.653961323,72.97844852,4.674890402
"2005","July",19,"MX",13,"E",40,"MX13-40",0.742126598,-99,157.5889699,50.78108432,1.049126638,64.96118477,4.161319318
"2005","July",19,"MX",15,"A",20,"MX15-20",1.315871531,-99,179.6871868,11.81093582,1.670867124,76.225811,4.882910435
"2005","July",19,"MX",15,"A",40,"MX15-40",1.540380418,-99,75.05969447,14.74361218,1.219806613,55.43390691,3.551019524
"2005","August",23,"SC",1,"E",20,"SC1-20",0,-99,144.8802897,15.02452942,2.722395508,115.8330042,7.42007396
"2005","August",23,"SC",1,"E",40,"SC1-40",1.118386862,-99,313.8076754,17.46080782,0.092701185,93.17616361,5.968718665
"2005","August",23,"SC",1,"E",80,"SC1-80",0,-99,266.5385311,147.5506495,0.944135995,126.2980254,8.090443855
"2005","August",23,"SC",2,"A",20,"SC2-20",1.916640682,-99,268.1821201,10.48929496,1.309794136,112.7898166,7.225132993
"2005","August",23,"SC",2,"A",40,"SC2-40",0.794096248,-99,205.03312,16.29081795,1.312039925,93.27534556,5.975072077
"2005","August",23,"SC",2,"A",80,"SC2-80",3.908117659,-99,297.1153223,160.2599665,1.990923269,135.3101269,8.667742408
"2005","August",23,"SC",4,"A",20,"SC4-20",1.941586114,-99,176.1114188,5.353828435,2.998752339,121.6652186,7.793674824
"2005","August",23,"SC",4,"A",40,"SC4-40",1.118386862,-99,93.45505684,3.772436084,2.752588896,87.80270804,5.624505042
"2005","August",23,"SC",4,"A",80,"SC4-80",1.617295499,-99,63.08331032,13.46884626,2.843886463,101.2909168,6.488534741
"2005","August",23,"SC",6,"E",20,"SC6-20",0.442015547,-99,264.1509471,7.537558345,2.220024953,138.422426,8.867110525
"2005","August",23,"SC",6,"E",40,"SC6-40",0.41991477,-99,187.2706312,13.91299472,1.478976918,108.3569535,6.941171978
"2005","August",23,"SC",6,"E",80,"SC6-80",3.833281364,-99,236.7459884,148.9493626,2.713474735,143.5564175,9.195984525
"2005","August",23,"SC",8,"A",20,"SC8-20",0,-99,229.5017641,12.09656273,1.07510917,101.6339069,6.510506054
"2005","August",23,"SC",8,"A",40,"SC8-40",1.642240931,-99,146.1689857,6.658680749,1.738583905,84.63404795,5.421526539
"2005","August",23,"SC",8,"A",80,"SC8-80",0,-99,119.3983852,129.1331163,3.549438553,123.0427645,7.881917862
"2005","August",23,"SC",9,"E",20,"SC9-20",0,-99,276.1694581,8.159399426,0.215533375,124.256897,7.959692949
"2005","August",23,"SC",9,"E",40,"SC9-40",0.69431452,-99,225.6675346,49.96714459,0.697785402,124.4570663,7.972515421
"2005","August",23,"SC",9,"E",80,"SC9-80",2.286664588,-99,145.4596195,211.3756581,1.514160948,127.6383357,8.176301653
"2005","August",23,"SC",10,"E",20,"SC10-20",0.794096248,-99,228.7356066,10.60526336,3.520305677,119.0209873,7.624290258
"2005","August",23,"SC",10,"E",40,"SC10-40",1.168277726,-99,52.45385593,21.39985498,0.764722396,95.36758815,6.109097267
"2005","August",23,"SC",10,"E",80,"SC10-80",1.617295499,-99,153.1643863,135.2042533,2.933187773,127.514189,8.168349046
"2005","August",23,"SC",12,"A",20,"SC12-20",0.02078786,-99,403.851604,199.6429581,1.169713038,102.9982511,6.597903416
"2005","August",23,"SC",12,"A",40,"SC12-40",0.070678724,-99,273.014877,136.7693003,0.708827199,103.6506911,6.639697519
"2005","August",23,"SC",12,"A",80,"SC12-80",0.195405883,-99,196.5267274,159.70805,3.507766687,139.7847673,8.95437959
"2005","August",23,"SC",14,"E",20,"SC14-20",1.293004885,-99,98.12382002,8.015782561,6.149844042,144.5018054,9.256544323
"2005","August",23,"SC",14,"E",40,"SC14-40",1.367841181,-99,84.04071745,9.628092433,4.665252651,118.8508039,7.613388627
"2005","August",23,"SC",14,"E",80,"SC14-80",1.642240931,-99,10.05545537,38.79672227,3.552526513,118.0872779,7.564478558
"2005","August",23,"SC",15,"A",20,"SC15-20",1.667186363,-99,5.234199433,15.55932494,3.090361822,125.902708,8.065120557
"2005","August",23,"SC",15,"A",40,"SC15-40",1.467622908,-99,60.73614754,15.73701757,4.55371179,117.7891114,7.545378568
"2005","August",23,"SC",15,"A",80,"SC15-80",1.268059453,-99,53.62540156,51.38851939,4.362694947,130.5295346,8.361506504
"2005","August",24,"SP",1,"E",20,"SP1-20",1.512316807,-99,106.6089962,6.422366731,3.748440424,100.8319323,6.459133044
"2005","August",24,"SP",1,"E",40,"SP1-40",1.487371375,-99,45.27360423,5.140896484,4.721615721,104.3537941,6.684736994
"2005","August",24,"SP",2,"A",20,"SP2-20",0.988462738,-99,302.9232459,169.4687331,4.596101061,97.76389281,6.26260011
"2005","August",24,"SP",2,"A",40,"SP2-40",4.396632367,-99,405.8795488,312.9291277,0.835776669,94.49664316,6.053306142
"2005","August",24,"SP",4,"E",20,"SP4-20",1.362644216,-99,263.7471203,126.7818333,4.714441672,97.54815233,6.248780174
"2005","August",24,"SP",4,"E",40,"SP4-40",3.598378547,-99,418.8258273,276.2603952,1.203150343,84.82073343,5.433485265
"2005","August",24,"SP",5,"A",20,"SP5-20",1.212971625,-99,271.3703819,147.7548271,5.80411728,104.9533992,6.723146586
"2005","August",24,"SP",5,"A",40,"SP5-40",3.797942002,-99,337.1135136,261.1241638,2.191671865,96.77819464,6.199458109
"2005","August",24,"SP",8,"E",20,"SP8-20",1.387589648,-99,323.7035486,152.3894076,5.026013724,90.4396897,5.793425209
"2005","August",24,"SP",8,"E",40,"SP8-40",2.97474275,-99,366.155414,277.0164893,0.593106675,81.3029055,5.208139716
"2005","August",24,"SP",9,"A",20,"SP9-20",1.138135329,-99,168.763334,100.4937412,5.461977542,105.4185049,6.752940402
"2005","August",24,"SP",9,"A",40,"SP9-40",2.201434362,-99,344.0685056,254.6371916,0.997192764,97.7132299,6.259354738
"2005","August",24,"SP",10,"E",20,"SP10-20",1.063299033,-99,221.5841605,127.7646558,5.980973175,96.77988717,6.199566529
"2005","August",24,"SP",10,"E",40,"SP10-40",4.097287184,-99,166.9749413,267.4901808,0.482345602,100.2199436,6.419930179
"2005","August",24,"SP",11,"A",20,"SP11-20",1.68693483,-99,266.1918179,152.608656,3.092545228,90.58919605,5.803002309
"2005","August",24,"SP",11,"A",40,"SP11-40",2.750233863,-99,289.1218646,249.3296841,0.272083593,81.4054725,5.214709968
"2005","August",24,"SP",13,"A",20,"SP13-20",1.487371375,-99,262.9280867,207.697249,3.179943855,92.74744711,5.941255879
"2005","August",24,"SP",13,"A",40,"SP13-40",1.138135329,-99,398.467006,329.9857361,0.382470368,92.13244006,5.901859665
"2005","August",24,"SP",14,"E",20,"SP14-20",1.68693483,-99,263.4279303,198.8264142,4.166281971,103.5855007,6.635521542
"2005","August",24,"SP",14,"E",40,"SP14-40",3.398815092,-99,264.1083838,342.2187681,0.197691828,101.8011283,6.52121795
"2005","August",25,"MX",1,"E",20,"MX1-20",1.74929841,-99,290.3863255,7.308835188,0.67305053,92.89782793,5.950888996
"2005","August",25,"MX",1,"E",40,"MX1-40",1.599625819,-99,240.0448598,15.84661409,1.58764816,88.32552891,5.65799598
"2005","August",25,"MX",2,"A",20,"MX2-20",1.649516682,-99,328.2452159,32.66480292,1.821241422,105.8844006,6.782784814
"2005","August",25,"MX",2,"A",40,"MX2-40",1.799189273,-99,279.1197157,59.11917371,1.900124766,95.14787024,6.095022544
"2005","August",25,"MX",4,"E",20,"MX4-20",1.300280636,-99,316.9022476,14.92424141,1.424454148,109.1293653,6.990651252
"2005","August",25,"MX",4,"E",40,"MX4-40",0.651699408,-99,257.0152757,31.05847708,0.586306925,85.92631876,5.504307016
"2005","August",25,"MX",6,"A",20,"MX6-20",1.649516682,-99,215.3558144,39.60916598,2.804210855,109.9294499,7.041903193
"2005","August",25,"MX",6,"A",40,"MX6-40",1.599625819,-99,160.7379691,76.57654626,0.200311915,90.31111425,5.785188903
"2005","August",25,"MX",8,"E",20,"MX8-20",1.225444341,-99,327.8399084,22.45803203,1.896880848,112.0061777,7.174934533
"2005","August",25,"MX",8,"E",40,"MX8-40",0.127845338,-99,219.1622425,127.5076193,0.196818465,103.0928914,6.603965901
"2005","August",25,"MX",9,"A",20,"MX9-20",1.799189273,-99,238.823037,21.69440254,3.906144729,121.3214386,7.771652915
"2005","August",25,"MX",9,"A",40,"MX9-40",1.3501715,-99,179.3296581,52.6246661,2.087710543,107.9961636,6.918060448
"2005","August",25,"MX",11,"E",20,"MX11-20",0.352354225,-99,242.1008123,18.2300889,2.844946974,99.64521862,6.383114361
"2005","August",25,"MX",11,"E",40,"MX11-40",0.95104459,-99,160.9964168,43.8584965,0.190299439,68.37229901,4.379828986
"2005","August",25,"MX",12,"A",20,"MX12-20",0.55191768,-99,112.9419461,12.53699887,5.1224267,120.5501834,7.722247728
"2005","August",25,"MX",12,"A",40,"MX12-40",1.025880886,-99,131.3714265,21.19761672,2.618247037,95.30124118,6.104847203
"2005","August",25,"MX",13,"E",20,"MX13-20",0.55191768,-99,207.0145163,23.77008735,1.29095446,85.84346968,5.498999857
"2005","August",25,"MX",13,"E",40,"MX13-40",0.55191768,-99,163.5869222,54.17109617,0.77510917,73.00764457,4.676760647
"2005","August",25,"MX",15,"A",20,"MX15-20",0.651699408,-99,178.8597065,18.19606855,4.069432314,102.5269958,6.567715674
"2005","August",25,"MX",15,"A",40,"MX15-40",1.150608045,-99,66.81029212,14.02829823,1.431659389,66.82110014,4.280462056
"2005","September",19,"SC",1,"E",20,"SC1-20",1.409416901,6.37,302.6418652,11.69535527,4.452245789,147.9381664,9.476671256
"2005","September",19,"SC",1,"E",40,"SC1-40",2.294979732,6.65,314.2333009,17.17789589,0.55926388,99.12002821,6.349471635
"2005","September",19,"SC",1,"E",80,"SC1-80",1.409416901,6.55,434.4672046,129.1644216,0.708078603,121.1824542,7.762749826
"2005","September",19,"SC",2,"A",20,"SC2-20",0.910508263,6.53,265.7318587,7.677241262,1.889675608,131.4162482,8.418307742
"2005","September",19,"SC",2,"A",40,"SC2-40",1.334580605,6.54,225.0381587,19.43825471,3.679101684,120.6962764,7.731606181
"2005","September",19,"SC",2,"A",80,"SC2-80",2.793888369,6.64,257.6288103,138.5156416,1.62283219,126.5044852,8.103669288
"2005","September",19,"SC",4,"A",20,"SC4-20",1.359526037,6.82,128.3283286,3.945862314,4.726699938,143.5580818,9.196091138
"2005","September",19,"SC",4,"A",40,"SC4-40",1.13501715,7.94,115.9699785,8.438100373,3.818870867,111.6334838,7.151060449
"2005","September",19,"SC",4,"A",80,"SC4-80",1.409416901,6.52,72.32590023,14.3702194,2.677136619,100.9020028,6.463621632
"2005","September",19,"SC",6,"E",20,"SC6-20",2.182725288,6.56,298.116505,5.916106196,2.123019339,159.9617489,10.24687971
"2005","September",19,"SC",6,"E",40,"SC6-40",1.334580605,6.54,213.6801796,15.38074579,3.105520898,125.0913681,8.013147623
"2005","September",19,"SC",6,"E",80,"SC6-80",2.719052074,6.57,246.3600842,142.9756877,2.682969432,148.5283216,9.514475503
"2005","September",19,"SC",8,"A",20,"SC8-20",0.486435921,6.48,227.9016794,8.317311494,1.501590767,116.555402,7.466349423
"2005","September",19,"SC",8,"A",40,"SC8-40",1.80854381,6.5,181.268034,8.453282088,1.78558952,91.03844852,5.831780591
"2005","September",19,"SC",8,"A",80,"SC8-80",1.384471469,6.41,139.0609141,115.3464511,3.367841547,120.6753456,7.730265387
"2005","September",19,"SC",9,"E",20,"SC9-20",2.182725288,7.06,271.1292917,6.212094352,1.660043668,141.0961072,9.038381599
"2005","September",19,"SC",9,"E",40,"SC9-40",2.444652323,6.64,335.7956297,54.00481754,0.562601372,124.4770945,7.973798391
"2005","September",19,"SC",9,"E",80,"SC9-80",2.082943561,6.64,138.4387304,184.4758091,1.618902059,130.7592102,8.376219098
"2005","September",19,"SC",10,"E",20,"SC10-20",0.586217649,6.45,320.2831478,5.986363213,3.710917031,132.6431876,8.496903207
"2005","September",19,"SC",10,"E",40,"SC10-40",2.145307141,6.88,245.4056092,17.34295555,2.026232065,104.6865162,6.706050559
"2005","September",19,"SC",10,"E",80,"SC10-80",1.53414406,6.47,163.1323388,112.7189607,2.967872739,126.4548096,8.100487161
"2005","September",19,"SC",12,"A",20,"SC12-20",1.733707515,6.49,502.5189273,154.1594079,2.475046787,105.5368688,6.760522574
"2005","September",19,"SC",12,"A",40,"SC12-40",1.93327097,6.61,301.5362399,117.2598467,0.582907049,99.96992948,6.403914738
"2005","September",19,"SC",12,"A",80,"SC12-80",2.544434051,6.55,192.8114177,134.6485136,3.265533375,133.9713399,8.581982188
"2005","September",19,"SC",14,"E",20,"SC14-20",0.985344559,6.2,115.7492654,10.52830201,8.060168434,171.1324401,10.96245352
"2005","September",19,"SC",14,"E",40,"SC14-40",1.284689741,6.19,95.28633389,10.45084199,6.790174672,147.1558533,9.426557725
"2005","September",19,"SC",14,"E",80,"SC14-80",1.409416901,6.37,102.6164794,39.72053554,3.624360574,114.6457828,7.344022751
"2005","September",19,"SC",15,"A",20,"SC15-20",1.359526037,6.34,144.4953802,14.36007978,5.508827199,154.8415515,9.918889331
"2005","September",19,"SC",15,"A",40,"SC15-40",1.110071718,6.23,91.18826689,14.94790052,6.208078603,145.205275,9.301607289
"2005","September",19,"SC",15,"A",80,"SC15-80",1.53414406,6.48,65.37279224,52.21608941,4.094104803,127.7436389,8.183047184
"2005","September",20,"SP",1,"E",20,"SP1-20",1.007171812,6.31,63.01768684,6.172699447,5.068371803,126.4122708,8.097762205
"2005","September",20,"SP",1,"E",40,"SP1-40",0.957280948,6.41,80.05910383,23.6624301,3.439270119,95.62459803,6.125560844
"2005","September",20,"SP",2,"A",20,"SP2-20",0.807608357,6.54,220.5941259,141.2105079,4.144978166,128.0234133,8.20096901
"2005","September",20,"SP",2,"A",40,"SP2-40",1.955098223,6.75,42.79950437,316.1069834,0.973175296,93.77046544,6.006788541
"2005","September",20,"SP",4,"E",20,"SP4-20",0.807608357,6.29,211.9138606,95.4582856,5.605645664,128.832976,8.252828103
"2005","September",20,"SP",4,"E",40,"SP4-40",2.263797942,6.62,373.0484278,-99,-99,-99,-99
"2005","September",20,"SP",5,"A",20,"SP5-20",1.231680698,6.51,233.4166155,138.7918491,4.911478478,124.0426516,7.945968784
"2005","September",20,"SP",5,"A",40,"SP5-40",1.156844403,6.71,273.9864656,214.6719201,3.005302558,103.847701,6.652317607
"2005","September",20,"SP",8,"E",20,"SP8-20",0.957280948,6.4,165.2955944,144.7475719,4.965626949,123.5371509,7.913587344
"2005","September",20,"SP",8,"E",40,"SP8-40",1.506080449,6.65,229.5994689,221.8672248,2.048222084,93.20561354,5.970605173
"2005","September",20,"SP",9,"A",20,"SP9-20",0.308699719,6.43,118.664572,58.36335671,5.642139738,130.1313963,8.336002506
"2005","September",20,"SP",9,"A",40,"SP9-40",1.930152791,6.79,209.5045004,220.7353555,1.621179039,89.20310296,5.71421175
"2005","September",20,"SP",10,"E",20,"SP10-20",0.433426879,6.43,97.95220856,86.01952146,6.0294136,117.8791819,7.551148319
"2005","September",20,"SP",10,"E",40,"SP10-40",2.687870284,6.8,205.9136947,249.9208847,0.752807236,94.51796897,6.054672234
"2005","September",20,"SP",11,"A",20,"SP11-20",0.58309947,6.51,152.1562691,127.1904654,4.788427948,113.782708,7.288735779
"2005","September",20,"SP",11,"A",40,"SP11-40",2.263797942,6.8,141.5853017,224.737235,0.663318777,85.63988717,5.485958738
"2005","September",20,"SP",13,"A",20,"SP13-20",0.657935766,6.57,271.8552997,180.9320962,3.356674984,131.6758251,8.434935756
"2005","September",20,"SP",13,"A",40,"SP13-40",1.156844403,6.59,291.8789077,202.4640986,3.075982533,117.3592384,7.517841695
"2005","September",20,"SP",14,"E",20,"SP14-20",1.156844403,6.62,150.2406758,181.3228316,4.30782907,123.6088858,7.918182545
"2005","September",20,"SP",14,"E",40,"SP14-40",1.708762083,6.83,348.9107173,242.0922695,1.47180287,87.76744711,5.622246292
"2005","September",21,"MX",1,"E",20,"MX1-20",1.8397256,6.58,247.5026177,9.054566899,1.392825951,117.9190409,7.55370161
"2005","September",21,"MX",1,"E",40,"MX1-40",0.792017462,6.51,228.5460743,16.49743342,2.997223955,109.4453597,7.010893266
"2005","September",21,"MX",2,"A",20,"MX2-20",2.60679763,6.52,276.5489589,30.11665629,4.166999376,146.7613258,9.401285023
"2005","September",21,"MX",2,"A",40,"MX2-40",2.014343623,6.55,238.6483224,56.7872835,2.90143481,115.6134556,7.406010079
"2005","September",21,"MX",4,"E",20,"MX4-20",2.407234175,6.55,273.6412339,16.10669802,2.735152838,144.5587024,9.260189042
"2005","September",21,"MX",4,"E",40,"MX4-40",1.265980667,6.59,254.7158599,25.81496546,2.176918278,106.0057828,6.790560335
"2005","September",21,"MX",6,"A",20,"MX6-20",2.33239788,6.52,202.4075016,26.86765714,5.171210231,142.0772073,9.101229059
"2005","September",21,"MX",6,"A",40,"MX6-40",1.814780168,6.69,159.5462239,61.57744898,1.396225827,99.04606488,6.344733681
"2005","September",21,"MX",8,"E",20,"MX8-20",0.592454007,6.64,262.1786752,21.62276033,3.089582034,133.8904937,8.576803326
"2005","September",21,"MX",8,"E",40,"MX8-40",1.640162145,6.75,52.20971313,124.1721841,0.277386151,102.3148942,6.554128841
"2005","September",21,"MX",9,"A",20,"MX9-20",0.76707203,6.43,110.5693381,25.28609856,4.032626326,141.5856982,9.069743891
"2005","September",21,"MX",9,"A",40,"MX9-40",1.116308076,6.56,142.9358332,39.50976449,3.02202121,120.0634979,7.691071557
"2005","September",21,"MX",11,"E",20,"MX11-20",2.307452448,6.45,221.7009884,18.66853036,4.374017467,139.3561918,8.926925839
"2005","September",21,"MX",11,"E",40,"MX11-40",2.064234487,6.69,250.323016,46.74740073,0.557049283,73.11325811,4.683526055
"2005","September",21,"MX",12,"A",20,"MX12-20",0.517617711,6.24,111.5682836,11.83193535,7.235121647,161.0243441,10.31494759
"2005","September",21,"MX",12,"A",40,"MX12-40",0.966635485,6.34,145.4691767,21.79962184,4.838958203,115.6382793,7.407600239
"2005","September",21,"MX",13,"E",20,"MX13-20",2.656688494,6.49,175.2643242,25.92949326,3.692576419,120.2489704,7.702952582
"2005","September",21,"MX",13,"E",40,"MX13-40",2.089179919,6.63,160.5361145,51.99041368,0.785620711,79.04,5.063182176
"2005","September",21,"MX",15,"A",20,"MX15-20",1.989398191,6.52,166.8967247,20.11871718,5.735246413,139.3028491,8.923508802
"2005","September",21,"MX",15,"A",40,"MX15-40",2.114125351,6.51,111.8677887,18.18005571,2.178509046,84.44332863,5.409309412
"2005","October",26,"SC",1,"E",20,"SC1-20",2.151543499,6.62,271.5898119,9.800687551,4.254023706,168.581354,10.79903566
"2005","October",26,"SC",1,"E",40,"SC1-40",1.10383536,6.73,467.6537316,16.56680391,2.170461634,122.9403385,7.875356645
"2005","October",26,"SC",1,"E",80,"SC1-80",1.552853134,6.8,448.9797347,175.9526025,0.868402994,133.5566996,8.555421095
"2005","October",26,"SC",2,"A",20,"SC2-20",2.17648893,6.74,367.7949247,8.750267582,2.150062383,153.9263752,9.86026483
"2005","October",26,"SC",2,"A",40,"SC2-40",2.076707203,6.68,235.969747,19.58624879,5.681846538,149.8630748,9.599977322
"2005","October",26,"SC",2,"A",80,"SC2-80",3.230433427,6.85,320.2528069,185.2890286,1.780754835,141.0384767,9.034689898
"2005","October",26,"SC",4,"A",20,"SC4-20",1.128780792,6.5,136.606768,6.429902184,6.374048659,160.0876164,10.25494254
"2005","October",26,"SC",4,"A",40,"SC4-40",1.478016838,6.45,117.4312739,5.730822709,0.891422333,25.74183357,1.649000236
"2005","October",26,"SC",4,"A",80,"SC4-80",1.802307452,6.72,84.0503087,15.17917243,2.984903306,110.7874753,7.096866712
"2005","October",26,"SC",6,"E",20,"SC6-20",2.001870907,6.76,330.032451,7.007804928,2.691796631,169.6484344,10.86739086
"2005","October",26,"SC",6,"E",40,"SC6-40",1.527907702,6.7,220.9610525,-99,5.195134124,157.1225106,10.06500335
"2005","October",26,"SC",6,"E",80,"SC6-80",2.781415653,6.86,87.16696089,172.5902945,2.507735496,151.7170099,9.718736976
"2005","October",26,"SC",8,"A",20,"SC8-20",2.226379794,6.7,198.0427772,11.2919315,2.171023082,149.5157405,9.577727731
"2005","October",26,"SC",8,"A",40,"SC8-40",1.827252884,6.67,180.031489,7.118454189,3.390018715,136.6732863,8.755063876
"2005","October",26,"SC",8,"A",80,"SC8-80",1.951980044,6.63,84.34483591,139.2943419,3.76172801,132.1976587,8.468363449
"2005","October",26,"SC",9,"E",20,"SC9-20",2.282507016,6.92,320.7134499,7.251931437,1.483842795,155.3242595,9.949810715
"2005","October",26,"SC",9,"E",40,"SC9-40",2.482070471,6.85,302.7914288,55.10765322,0.889238927,133.6235825,8.559705492
"2005","October",26,"SC",9,"E",80,"SC9-80",3.40505145,6.84,155.9176924,246.1641844,1.767779164,145.6425952,9.32962121
"2005","October",26,"SC",10,"E",20,"SC10-20",1.577798566,6.71,141.1824682,6.79875152,4.560729881,154.9562764,9.9262384
"2005","October",26,"SC",10,"E",40,"SC10-40",2.73152479,6.7,239.2975085,12.22821153,3.330598877,138.7603949,8.888760192
"2005","October",26,"SC",10,"E",80,"SC10-80",2.026816339,6.73,78.74373467,148.3862537,3.083718029,134.4034415,8.609661814
"2005","October",26,"SC",12,"A",20,"SC12-20",2.282507016,6.76,490.3778151,145.4238234,3.673175296,144.5841185,9.261817149
"2005","October",26,"SC",12,"A",40,"SC12-40",2.101652635,6.83,400.0581173,146.5317565,1.333562071,117.8349788,7.54831675
"2005","October",26,"SC",12,"A",80,"SC12-80",2.556906766,6.79,235.6501584,169.967846,3.512039925,141.8752891,9.088294553
"2005","October",26,"SC",14,"E",20,"SC14-20",0.854381041,6.47,45.89220752,6.891836525,9.636088584,197.6335402,12.66006496
"2005","October",26,"SC",14,"E",40,"SC14-40",1.053944496,6.49,93.91769011,11.71352901,8.576980661,181.4864316,11.62571106
"2005","October",26,"SC",14,"E",80,"SC14-80",1.527907702,6.65,30.47465747,34.79600629,4.439831566,131.7421439,8.439184013
"2005","October",26,"SC",15,"A",20,"SC15-20",1.652634861,6.7,118.0376958,12.49693907,6.129288833,187.9561918,12.04015193
"2005","October",26,"SC",15,"A",40,"SC15-40",1.078889928,6.52,73.38546315,12.68139144,7.999438553,175.5024824,11.24239034
"2005","October",26,"SC",15,"A",80,"SC15-80",1.453071406,6.75,45.02113408,60.04298698,4.316687461,131.56189,8.427637283
"2005","October",24,"SP",1,"E",20,"SP1-20",1.265980667,6.5,55.98482006,4.703396957,6.413443543,164.1616361,10.51591671
"2005","October",24,"SP",1,"E",40,"SP1-40",1.56532585,6.54,55.02198427,2.89178544,4.780349345,118.7062623,7.604129559
"2005","October",24,"SP",2,"A",20,"SP2-20",1.764889305,6.74,443.6370998,172.6093548,4.631129133,155.2192102,9.943081447
"2005","October",24,"SP",2,"A",40,"SP2-40",2.432179607,6.89,477.421391,359.3428631,1.668746101,113.427701,7.265994684
"2005","October",24,"SP",4,"E",20,"SP4-20",1.789834737,6.68,274.2955308,109.5323506,5.365096694,155.7475599,9.976926557
"2005","October",24,"SP",4,"E",40,"SP4-40",1.789834737,6.83,438.5258115,264.6876019,3.411852776,118.6346403,7.599541586
"2005","October",24,"SP",5,"A",20,"SP5-20",1.690053009,6.69,234.3340796,114.1144047,6.717186525,157.1327504,10.06565929
"2005","October",24,"SP",5,"A",40,"SP5-40",2.382288743,6.85,293.5294762,227.0780459,4.283000624,138.3169535,8.860354152
"2005","October",24,"SP",8,"E",20,"SP8-20",1.764889305,6.68,284.4957312,163.2229509,4.09959451,145.0150917,9.289424495
"2005","October",24,"SP",8,"E",40,"SP8-40",2.064234487,6.88,305.3825856,263.8870154,2.74525889,114.7212694,7.348858283
"2005","October",24,"SP",9,"A",20,"SP9-20",1.8397256,6.68,71.42500508,58.46575021,5.737180287,164.1515938,10.51527342
"2005","October",24,"SP",9,"A",40,"SP9-40",2.213907078,6.91,307.5318008,240.3278653,3.421334997,129.9825106,8.32646516
"2005","October",24,"SP",10,"E",20,"SP10-20",1.665107577,6.61,150.6571336,115.5284656,6.514254523,157.9348378,10.11703953
"2005","October",24,"SP",10,"E",40,"SP10-40",3.529778609,6.98,45.61230937,305.4293575,1.54507174,114.1233286,7.310555304
"2005","October",24,"SP",11,"A",20,"SP11-20",1.640162145,6.69,148.3859219,118.0865856,6.097223955,163.6250212,10.48154215
"2005","October",24,"SP",11,"A",40,"SP11-40",2.781415653,6.99,198.0016979,281.125195,1.832875858,108.9823695,6.981234975
"2005","October",24,"SP",13,"A",20,"SP13-20",2.139070783,6.84,33.82768624,191.3415486,3.51933874,146.743921,9.400170104
"2005","October",24,"SP",13,"A",40,"SP13-40",1.540380418,6.88,363.6142706,241.5611863,3.352744853,135.3907757,8.672908621
"2005","October",24,"SP",14,"E",20,"SP14-20",2.60679763,6.89,269.8956848,259.4873083,2.470492826,133.9192384,8.578644659
"2005","October",24,"SP",14,"E",40,"SP14-40",2.631743062,6.96,365.237403,375.19258,1.417810356,118.1499013,7.568490098
"2005","October",25,"MX",1,"E",20,"MX1-20",2.120361709,6.69,206.9684441,7.562879683,2.906269495,153.33811,9.822581652
"2005","October",25,"MX",1,"E",40,"MX1-40",1.546616776,6.6,171.1584932,13.55035105,4.701684342,147.5497884,9.45179248
"2005","October",25,"MX",2,"A",20,"MX2-20",1.59650764,6.66,353.650596,24.97177045,4.313318777,169.038646,10.82832894
"2005","October",25,"MX",2,"A",40,"MX2-40",1.421889616,6.71,311.26527,73.53266657,2.802370555,125.0373484,8.009687218
"2005","October",25,"MX",4,"E",20,"MX4-20",2.120361709,6.74,352.6984829,12.87808893,3.15720524,163.9137094,10.50003499
"2005","October",25,"MX",4,"E",40,"MX4-40",1.821016526,6.76,143.2096874,24.83269702,3.228696195,129.01811,8.264687444
"2005","October",25,"MX",6,"A",20,"MX6-20",1.895852822,6.71,173.7242056,16.09955042,5.276512789,157.0734274,10.06185917
"2005","October",25,"MX",6,"A",40,"MX6-40",2.344870596,6.86,194.2809533,63.38124801,2.233218964,113.7930606,7.289398948
"2005","October",25,"MX",8,"E",20,"MX8-20",2.444652323,6.71,269.0908046,19.0645849,5.198502807,175.0969535,11.21641291
"2005","October",25,"MX",8,"E",40,"MX8-40",2.743997505,6.84,13.4665984,129.40949,1.553587024,120.3146968,7.707162892
"2005","October",25,"MX",9,"A",20,"MX9-20",2.145307141,6.72,54.01921282,16.1329613,4.256207112,160.277574,10.26711088
"2005","October",25,"MX",9,"A",40,"MX9-40",2.170252572,6.66,237.8928423,39.3552323,4.289363693,143.9505783,9.221233736
"2005","October",25,"MX",11,"E",20,"MX11-20",1.845961958,6.73,249.0738192,14.83664177,4.980598877,152.6266573,9.777007305
"2005","October",25,"MX",11,"E",40,"MX11-40",1.621453071,6.89,58.77730742,47.68401319,1.26584529,87.55283498,5.608498636
"2005","October",25,"MX",12,"A",20,"MX12-20",1.07265357,6.54,116.5912664,7.322188454,7.144822208,164.3785049,10.52980893
"2005","October",25,"MX",12,"A",40,"MX12-40",1.521671344,6.59,148.9515498,22.72498653,6.378259513,149.8482652,9.599028647
"2005","October",25,"MX",13,"E",20,"MX13-20",2.494543187,6.58,143.6268866,17.00591026,5.490455396,156.6084344,10.03207258
"2005","October",25,"MX",13,"E",40,"MX13-40",2.369816027,6.72,143.8087032,53.16084681,2.050779788,98.42459803,6.304923664
"2005","October",25,"MX",15,"A",20,"MX15-20",1.895852822,6.6,96.46714906,13.90390785,6.132688709,153.2893371,9.819457349
"2005","October",25,"MX",15,"A",40,"MX15-40",1.621453071,6.75,121.6391488,19.80006726,3.695945103,115.2667983,7.383803856
"2005","November",14,"SC",1,"E",20,"SC1-20",1.540380418,6.7,111.3954205,10.0379435,3.714129757,145.6912835,9.332740092
"2005","November",14,"SC",1,"E",40,"SC1-40",0.293108824,6.72,393.0499904,16.26261541,2.036743606,116.619464,7.47045312
"2005","November",14,"SC",1,"E",80,"SC1-80",1.465544122,6.84,375.3151177,150.6753691,0.535870243,121.1204513,7.75877804
"2005","November",14,"SC",2,"A",20,"SC2-20",3.00592454,6.74,289.9328881,9.705330827,2.335839052,150.9610437,9.670311183
"2005","November",14,"SC",2,"A",40,"SC2-40",0.517617711,6.71,292.7552472,17.84345368,4.310948222,127.5884908,8.173108684
"2005","November",14,"SC",2,"A",80,"SC2-80",0.792017462,6.82,390.2443037,100.1250581,2.529694323,135.7502398,8.695935222
"2005","November",14,"SC",4,"A",20,"SC4-20",0.916744621,6.62,122.7744315,6.753815841,5.833780412,132.7149788,8.501502022
"2005","November",14,"SC",4,"A",40,"SC4-40",0.991580917,6.46,79.11236666,7.106541523,5.403524641,134.8964739,8.64124456
"2005","November",14,"SC",4,"A",80,"SC4-80",1.615216713,6.69,100.7487844,15.33791561,2.489987523,101.2219182,6.484114819
"2005","November",14,"SC",6,"E",20,"SC6-20",1.066417212,6.7,300.3977378,9.387345797,2.628103556,138.7478138,8.88795427
"2005","November",14,"SC",6,"E",40,"SC6-40",0.667290302,6.66,62.15049932,11.94047912,4.798440424,152.6488293,9.778427607
"2005","November",14,"SC",6,"E",80,"SC6-80",1.16619894,6.85,20.75676322,146.8155551,2.049656893,133.7561354,8.568196585
"2005","November",14,"SC",8,"A",20,"SC8-20",1.8397256,6.69,280.0180907,9.500654629,2.697754211,142.0188999,9.09749399
"2005","November",14,"SC",8,"A",40,"SC8-40",0.567508575,6.66,56.80816235,8.596012433,2.960168434,112.395543,7.199876554
"2005","November",14,"SC",8,"A",80,"SC8-80",1.191144372,6.66,121.8480676,128.9493288,2.496662508,97.79057828,6.264309532
"2005","November",14,"SC",9,"E",20,"SC9-20",1.216089804,6.86,333.1296925,8.259742848,1.077074236,152.9618054,9.798476272
"2005","November",14,"SC",9,"E",40,"SC9-40",1.814780168,6.85,40.59011266,58.00143334,0.417623206,123.2222567,7.893415803
"2005","November",14,"SC",9,"E",80,"SC9-80",2.906142813,6.79,197.4244286,213.0683093,0.961572052,104.2482087,6.677973393
"2005","November",14,"SC",10,"E",20,"SC10-20",1.540380418,6.57,306.2158838,6.836096338,5.85904554,173.4505219,11.11094555
"2005","November",14,"SC",10,"E",40,"SC10-40",0.792017462,6.7,25.81803983,14.50452777,2.057922645,106.5899013,6.827977884
"2005","November",14,"SC",10,"E",80,"SC10-80",1.44059869,6.78,154.0978215,140.4044915,2.301060512,118.1215797,7.56667587
"2005","November",14,"SC",12,"A",20,"SC12-20",2.014343623,6.72,501.0586068,144.9368447,3.685152838,128.2256417,8.213923393
"2005","November",14,"SC",12,"A",40,"SC12-40",1.465544122,6.8,18.62503127,105.9732898,1.419806613,109.4895063,7.013721221
"2005","November",14,"SC",12,"A",80,"SC12-80",2.114125351,6.74,269.0885617,150.752275,2.858920774,140.1259799,8.976237038
"2005","November",14,"SC",14,"E",20,"SC14-20",0.517617711,6.48,103.3169913,9.301463795,7.7897068,162.1418336,10.3865319
"2005","November",14,"SC",14,"E",40,"SC14-40",0.76707203,6.48,17.41966317,9.553679837,8.410823456,180.0574612,11.53417386
"2005","November",14,"SC",14,"E",80,"SC14-80",1.191144372,6.6,36.94602747,40.81040582,3.446132252,116.005275,7.431109309
"2005","November",14,"SC",15,"A",20,"SC15-20",1.265980667,6.59,114.310483,12.02453267,6.23827199,173.2135402,11.09576494
"2005","November",14,"SC",15,"A",40,"SC15-40",0.392890552,6.52,13.53438815,12.39005753,7.421023082,163.1073343,10.44838009
"2005","November",14,"SC",15,"A",80,"SC15-80",1.390707827,6.69,88.3260329,53.23653379,3.893387399,119.928914,7.68245036
"2005","November",9,"SP",1,"E",20,"SP1-20",0.545681322,6.6,99.98866999,7.989297664,5.032657517,144.0630183,9.228436438
"2005","November",9,"SP",1,"E",40,"SP1-40",2.987215466,6.52,50.88353882,5.29360022,4.822395508,118.8585331,7.613883745
"2005","November",9,"SP",2,"A",20,"SP2-20",0.994699096,6.78,162.6945499,145.7251861,3.710854648,136.1159944,8.719364784
"2005","November",9,"SP",2,"A",40,"SP2-40",0.620517618,6.86,544.2535159,325.8919905,1.663256394,119.7673907,7.672103478
"2005","November",9,"SP",4,"E",20,"SP4-20",1.643280324,6.78,324.3242448,105.7529886,4.424766064,139.7528914,8.95233768
"2005","November",9,"SP",4,"E",40,"SP4-40",2.017461802,6.84,-99,244.4233839,3.370180911,119.3531453,7.645567683
"2005","November",9,"SP",5,"A",20,"SP5-20",1.768007484,6.75,280.0071569,116.6322432,5.431160324,134.6763047,8.627140925
"2005","November",9,"SP",5,"A",40,"SP5-40",2.241970689,6.81,396.2774419,211.61779,4.14731753,130.8377715,8.381251593
"2005","November",9,"SP",8,"E",20,"SP8-20",2.017461802,6.77,145.9130799,157.2686688,3.249001871,129.2153173,8.277320181
"2005","November",9,"SP",8,"E",40,"SP8-40",2.192079825,6.84,409.6396035,211.4500154,2.450779788,111.7724683,7.159963538
"2005","November",9,"SP",9,"A",20,"SP9-20",1.368880574,6.73,43.2685314,51.3277925,4.656737367,143.6077292,9.199271458
"2005","November",9,"SP",9,"A",40,"SP9-40",2.11724353,6.85,434.9491926,209.9537293,3.392482845,127.3935966,8.160624121
"2005","November",9,"SP",10,"E",20,"SP10-20",1.618334892,6.65,202.0462251,97.08311766,5.445633188,146.2156276,9.366328608
"2005","November",9,"SP",10,"E",40,"SP10-40",2.737761147,6.88,366.1343013,273.1457599,2.054553961,121.4976305,7.782939437
"2005","November",9,"SP",11,"A",20,"SP11-20",1.493607733,6.72,178.5055198,103.9840411,4.364753587,125.1864034,8.019235406
"2005","November",9,"SP",11,"A",40,"SP11-40",0.595572186,6.91,132.007666,243.0390216,2.176263256,110.6888011,7.090545826
"2005","November",9,"SP",13,"A",20,"SP13-20",1.618334892,6.8,37.35642808,175.7917537,2.954959451,133.671622,8.562782813
"2005","November",9,"SP",13,"A",40,"SP13-40",1.443716869,6.84,447.1029049,197.3545075,3.871522146,136.3917348,8.737028209
"2005","November",9,"SP",14,"E",20,"SP14-20",1.792952915,6.81,19.80990792,203.0458245,3.530879601,133.0013258,8.519844879
"2005","November",9,"SP",14,"E",40,"SP14-40",1.942625507,6.96,446.3086451,334.6737297,1.159482221,113.1253315,7.246625451
"2005","November",9,"MX",1,"E",20,"MX1-20",1.714998441,6.65,97.80108033,9.619448824,3.638521522,146.7845698,9.402773991
"2005","November",9,"MX",1,"E",40,"MX1-40",1.540380418,6.54,25.03172828,13.90689987,4.588178415,139.6826234,8.947836443
"2005","November",9,"MX",2,"A",20,"MX2-20",1.8397256,6.68,91.07817316,25.11350345,4.246381784,151.6287165,9.713081066
"2005","November",9,"MX",2,"A",40,"MX2-40",1.365762395,6.7,177.0736037,55.49489793,3.118808484,126.9680677,8.133365526
"2005","November",9,"MX",4,"E",20,"MX4-20",0.916744621,6.8,17.66394829,15.53893489,3.709357455,154.3721862,9.888822658
"2005","November",9,"MX",4,"E",40,"MX4-40",1.066417212,6.73,201.2122498,22.69562043,2.492514036,111.6389563,7.151411007
"2005","November",9,"MX",6,"A",20,"MX6-20",1.365762395,6.63,125.8980164,15.74178264,4.568278228,143.0632722,9.164394551
"2005","November",9,"MX",6,"A",40,"MX6-40",1.315871531,6.8,65.45994247,53.10372144,1.021210231,55.84606488,3.577421601
"2005","November",9,"MX",8,"E",20,"MX8-20",1.714998441,6.72,246.6299809,16.89132705,4.174454148,144.1842877,9.236204731
"2005","November",9,"MX",8,"E",40,"MX8-40",1.415653258,6.91,5.715440664,105.3264598,1.787835309,113.7004513,7.283466567
"2005","November",9,"MX",9,"A",20,"MX9-20",1.989398191,6.67,10.50127477,15.5754486,3.854803493,145.9737094,9.350831776
"2005","November",9,"MX",9,"A",40,"MX9-40",0.592454007,6.72,132.3970639,31.83163671,4.130411728,134.2777997,8.601613436
"2005","November",9,"MX",11,"E",20,"MX11-20",1.315871531,6.61,158.7904086,13.389724,5.031004367,139.4561636,8.933329847
"2005","November",9,"MX",11,"E",40,"MX11-40",1.615216713,6.74,204.2697993,40.08672531,1.314628821,87.41260931,5.599516039
"2005","November",9,"MX",12,"A",20,"MX12-20",0.816962894,6.47,49.97219449,9.136958215,7.090081098,150.9715092,9.67098158
"2005","November",9,"MX",12,"A",40,"MX12-40",1.265980667,6.48,129.6909643,19.90495412,6.6551466,148.6796333,9.524168251
"2005","November",9,"MX",13,"E",20,"MX13-20",1.390707827,6.6,131.2772749,16.66470939,5.466406737,141.738646,9.079541445
"2005","November",9,"MX",13,"E",40,"MX13-40",1.265980667,6.64,171.14638,48.56953972,1.988147224,99.7993512,6.392987809
"2005","November",9,"MX",15,"A",20,"MX15-20",1.44059869,6.58,84.26478939,14.66537645,6.155302558,137.0741044,8.780739539
"2005","November",9,"MX",15,"A",40,"MX15-40",0.692235734,6.67,78.2725188,19.12824839,3.519775421,105.1365585,6.734879437
"2005","December",12,"SC",1,"E",20,"SC1-20",1.131898971,6.79,433.9163951,6.972676421,3.297567062,110.3066573,7.066066397
"2005","December",12,"SC",1,"E",40,"SC1-40",1.106953539,6.75,414.900878,16.13578709,3.698034934,136.5908886,8.749785629
"2005","December",12,"SC",1,"E",80,"SC1-80",1.465544122,6.83,285.249684,126.2938574,0.687461011,110.7414386,7.093917688
"2005","December",12,"SC",2,"A",20,"SC2-20",0.85749922,6.73,331.8205319,24.11139904,4.048783531,145.3971227,9.313896696
"2005","December",12,"SC",2,"A",40,"SC2-40",1.38135329,6.71,208.5152112,16.34661354,4.813443543,138.366347,8.863518209
"2005","December",12,"SC",2,"A",80,"SC2-80",1.690053009,6.85,224.1498686,159.2415168,1.135028072,121.8442595,7.805143853
"2005","December",12,"SC",4,"A",20,"SC4-20",0.483317742,6.63,59.56774094,21.14353877,5.924235808,132.3488575,8.478048969
"2005","December",12,"SC",4,"A",40,"SC4-40",0.807608357,6.46,67.10748143,8.116901692,7.439051778,153.636079,9.841668993
"2005","December",12,"SC",4,"A",80,"SC4-80",0.642344871,6.69,76.26122524,14.69961842,2.827698066,102.4338787,6.561750767
"2005","December",12,"SC",6,"E",20,"SC6-20",1.131898971,6.73,287.5423866,75.99664883,5.130162196,167.5141326,10.73067143
"2005","December",12,"SC",6,"E",40,"SC6-40",1.007171812,6.61,299.7148151,9.95677116,5.867966313,157.4714245,10.08735413
"2005","December",12,"SC",6,"E",80,"SC6-80",1.739943873,6.75,306.206407,137.7545608,2.124048659,131.1536812,8.401488186
"2005","December",12,"SC",8,"A",20,"SC8-20",1.181789835,6.62,202.5094103,6.010410173,4.467747973,134.7183357,8.629833355
"2005","December",12,"SC",8,"A",40,"SC8-40",1.106953539,6.59,184.2447756,6.916770009,3.218340611,116.4513399,7.4596834
"2005","December",12,"SC",8,"A",80,"SC8-80",1.665107577,6.79,65.76010831,131.7719099,3.315127885,120.1009309,7.693469446
"2005","December",12,"SC",9,"E",20,"SC9-20",1.65575304,6.85,384.2848956,8.143940667,1.608858391,139.5906347,8.941943816
"2005","December",12,"SC",9,"E",40,"SC9-40",2.139070783,6.82,386.7058773,50.28790001,0.515315034,118.9850212,7.621986333
"2005","December",12,"SC",9,"E",80,"SC9-80",1.340816963,6.79,215.073857,214.9050759,1.194791017,122.9054725,7.873123193
"2005","December",12,"SC",10,"E",20,"SC10-20",1.506080449,6.66,359.6881435,19.68930719,3.812236432,137.734866,8.823066707
"2005","December",12,"SC",10,"E",40,"SC10-40",1.106953539,6.71,302.9389981,13.96258465,1.902713662,103.6844006,6.641856884
"2005","December",12,"SC",10,"E",80,"SC10-80",1.714998441,6.8,161.2270544,139.297057,2.114348097,113.744457,7.286285487
"2005","December",12,"SC",12,"A",20,"SC12-20",1.755534768,6.74,653.2828211,124.5999873,3.030286962,109.8487447,7.036733366
"2005","December",12,"SC",12,"A",40,"SC12-40",1.605862176,6.77,342.1823651,113.1969632,2.021584529,118.9581946,7.620267876
"2005","December",12,"SC",12,"A",80,"SC12-80",1.615216713,6.79,241.5615944,138.5185782,3.512414223,137.8851904,8.83269621
"2005","December",12,"SC",14,"E",20,"SC14-20",0.682881197,6.45,78.0042537,6.520327618,8.47202121,167.1606206,10.70802611
"2005","December",12,"SC",14,"E",40,"SC14-40",0.957280948,6.46,91.55991375,6.669928521,8.751278852,171.5399436,10.98855744
"2005","December",12,"SC",14,"E",80,"SC14-80",1.066417212,6.61,120.5673485,40.34919177,3.533250156,118.2422285,7.574404409
"2005","December",12,"SC",15,"A",20,"SC15-20",0.632990334,6.64,76.19272581,13.57334526,7.882595134,161.2232722,10.32769056
"2005","December",12,"SC",15,"A",40,"SC15-40",1.007171812,6.5,72.52830925,9.17651934,7.788615097,163.0637518,10.44558827
"2005","December",12,"SC",15,"A",80,"SC15-80",0.966635485,6.6,70.10355057,51.46282117,4.208265752,123.3241467,7.899942687
"2005","December",6,"SP",1,"E",20,"SP1-20",0.523854069,6.59,25.77438949,4.078674671,6.202807236,133.8093089,8.57160278
"2005","December",6,"SP",1,"E",40,"SP1-40",1.396944185,6.51,53.63228467,5.457163873,4.931441048,113.4961918,7.27038208
"2005","December",6,"SP",2,"A",20,"SP2-20",0.848144684,6.77,328.3480467,122.3799099,3.558140986,118.5619182,7.59488314
"2005","December",6,"SP",2,"A",40,"SP2-40",2.294979732,6.89,489.2955856,305.3929546,2.850748596,125.2953173,8.026212233
"2005","December",6,"SP",4,"E",20,"SP4-20",1.222326162,6.85,213.6630312,80.88361164,4.633655646,129.5016925,8.295664845
"2005","December",6,"SP",4,"E",40,"SP4-40",2.319925164,6.78,401.3629963,243.0834031,2.410823456,85.07407616,5.449713932
"2005","December",6,"SP",5,"A",20,"SP5-20",1.59650764,6.8,200.9270033,111.1715333,5.344354336,134.6529478,8.625644729
"2005","December",6,"SP",5,"A",40,"SP5-40",2.444652323,6.79,42.37375119,186.1224164,4.070461634,122.0909168,7.820944261
"2005","December",6,"SP",8,"E",20,"SP8-20",1.022762707,6.79,311.5985021,129.8617835,4.197130381,123.1700705,7.890072853
"2005","December",6,"SP",8,"E",40,"SP8-40",2.294979732,6.84,391.6118595,208.6046062,2.784029944,111.5381382,7.144952789
"2005","December",6,"SP",9,"A",20,"SP9-20",1.621453071,6.72,207.1233796,32.26076966,4.408515284,133.1133709,8.527022283
"2005","December",6,"SP",9,"A",40,"SP9-40",1.621453071,6.81,316.3124403,192.5739276,3.739332502,130.9809591,8.390423925
"2005","December",6,"SP",10,"E",20,"SP10-20",1.371998753,6.67,135.7041893,88.2934551,5.394666251,132.3076446,8.475408942
"2005","December",6,"SP",10,"E",40,"SP10-40",3.093233552,6.83,175.2416484,254.7173112,2.48661884,112.4813258,7.205371641
"2005","December",6,"SP",11,"A",20,"SP11-20",0.972871843,6.74,118.5063998,62.22366948,5.256425452,134.0432722,8.586590038
"2005","December",6,"SP",11,"A",40,"SP11-40",2.419706891,6.84,192.1383521,238.1578765,2.632252027,113.1996897,7.251388703
"2005","December",6,"SP",13,"A",20,"SP13-20",0.473963205,6.85,361.7168718,166.8886162,2.637086712,126.4833568,8.102315845
"2005","December",6,"SP",13,"A",40,"SP13-40",1.845961958,6.78,213.1068409,192.770348,3.850779788,123.5634979,7.915275082
"2005","December",6,"SP",14,"E",20,"SP14-20",1.222326162,6.82,305.5975699,201.1709928,4.960262009,150.3490832,9.631110125
"2005","December",6,"SP",14,"E",40,"SP14-40",1.696289367,6.93,566.4331494,341.2315683,1.718402994,110.8315374,7.099689246
"2005","December",1,"MX",1,"E",20,"MX1-20",1.764889305,6.52,294.8377868,8.619671541,5.061353712,141.2272496,9.046782342
"2005","December",1,"MX",1,"E",40,"MX1-40",2.064234487,6.62,303.124249,11.86867069,4.498378041,140.9823977,9.031097582
"2005","December",1,"MX",2,"A",20,"MX2-20",1.764889305,6.62,399.7010489,21.56519168,5.036431691,144.2001128,9.237218458
"2005","December",1,"MX",2,"A",40,"MX2-40",2.457125039,6.62,311.6705459,53.41256419,2.684965689,123.7961354,7.930177411
"2005","December",1,"MX",4,"E",20,"MX4-20",1.640162145,6.64,343.6078329,12.39847951,4.884840923,145.5508322,9.323743039
"2005","December",1,"MX",4,"E",40,"MX4-40",2.457125039,6.61,355.0608594,22.91486886,2.312071117,121.5887729,7.788777854
"2005","December",1,"MX",6,"A",20,"MX6-20",1.44059869,6.56,239.4713232,22.68963639,4.82592015,126.6395769,8.112323011
"2005","December",1,"MX",6,"A",40,"MX6-40",1.141253508,6.65,248.7335888,48.8607074,2.096101061,105.1443441,6.735378169
"2005","December",1,"MX",8,"E",20,"MX8-20",1.540380418,6.55,361.665913,17.64586968,5.316188397,146.2717913,9.369926345
"2005","December",1,"MX",8,"E",40,"MX8-40",2.282507016,6.74,122.2736232,100.0568511,1.32036806,110.0015233,7.046520078
"2005","December",1,"MX",9,"A",20,"MX9-20",1.939507328,6.66,263.2209748,14.58968947,3.441515908,134.8609309,8.63896774
"2005","December",1,"MX",9,"A",40,"MX9-40",2.132834425,6.61,202.3586326,31.74464655,3.19073612,126.9427927,8.131746454
"2005","December",1,"MX",11,"E",20,"MX11-20",1.415653258,6.54,295.496056,12.14437961,5.430786026,135.17811,8.659285648
"2005","December",1,"MX",11,"E",40,"MX11-40",1.739943873,6.75,277.9790256,39.9149059,1.814004991,101.9907193,6.533362797
"2005","December",1,"MX",12,"A",20,"MX12-20",0.742126598,6.48,146.1457695,6.188767693,6.943137867,144.6330606,9.264952294
"2005","December",1,"MX",12,"A",40,"MX12-40",1.44059869,6.51,202.4620343,21.29131121,4.82305053,129.8896192,8.320514709
"2005","December",1,"MX",13,"E",20,"MX13-20",1.515434986,6.53,127.7429395,11.82002269,5.787086712,138.5388717,8.874569821
"2005","December",1,"MX",13,"E",40,"MX13-40",2.232616152,6.6,214.9789072,42.05641511,3.841453525,115.0314528,7.368728055
"2005","December",1,"MX",15,"A",20,"MX15-20",1.191144372,6.52,61.81508432,10.21984712,6.982345602,140.1127221,8.975387772
"2005","December",1,"MX",15,"A",40,"MX15-40",1.315871531,6.53,86.04379119,19.31813073,1.813131628,91.87286319,5.885231651
"2006","January",NA,"SC",1,"E",20,"SC1-20",-99,-99,-99,-99,-99,-99,-99
"2006","January",NA,"SC",1,"E",20,"SC1-20",-99,-99,-99,-99,-99,-99,-99
"2006","January",NA,"SC",1,"E",20,"SP1-20",-99,-99,-99,-99,-99,-99,-99
"2006","January",NA,"SC",1,"E",20,"MX1-20",-99,-99,-99,-99,-99,-99,-99
"2006","February",NA,"SC",1,"E",20,"SC1-20",-99,-99,-99,-99,-99,-99,-99
"2006","March",NA,"SC",1,"E",20,"SC1-20",-99,-99,-99,-99,-99,-99,-99
"2006","April",11,"SC",1,"E",20,"SC1-20",0.385563305,6.43,285.1838706,25.32388664,3.321670091,100.5146832,6.438810653
"2006","April",11,"SC",1,"E",40,"SC1-40",1.16956242,6.53,338.0651783,38.98244902,2.046047833,119.3185604,7.643352242
"2006","April",11,"SC",1,"E",80,"SC1-80",1.662010821,6.37,333.0089545,148.5188444,0.520697135,121.8717845,7.806907053
"2006","April",11,"SC",2,"A",20,"SC2-20",0.641178909,6.49,284.4770023,57.97827291,3.440629349,96.4242951,6.176787959
"2006","April",11,"SC",2,"A",40,"SC2-40",1.116716888,6.43,338.4300212,39.54339699,2.25290977,105.1741514,6.737287565
"2006","April",11,"SC",2,"A",80,"SC2-80",1.708763819,6.51,323.5307632,152.0392307,0.957466614,120.4980271,7.718906695
"2006","April",11,"SC",4,"A",20,"SC4-20",0.133121531,6.25,27.13261091,2.654695714,4.592730975,81.2548934,5.20506415
"2006","April",11,"SC",4,"A",40,"SC4-40",0.150126424,6.34,38.873066,-99,-99,-99,-99
"2006","April",11,"SC",4,"A",80,"SC4-80",0.823024879,6.33,77.9644996,10.67003502,2.866511635,110.2771566,7.064176638
"2006","April",11,"SC",6,"E",20,"SC6-20",0.400092077,6.17,195.9026481,20.42977624,4.324453451,110.2452987,7.062135878
"2006","April",11,"SC",6,"E",40,"SC6-40",0.83067096,6.33,92.28761475,4.295928426,4.869714125,96.49947249,6.181603684
"2006","April",11,"SC",6,"E",80,"SC6-80",1.543495377,6.56,339.4570481,150.233714,1.896489775,137.5627943,8.81204411
"2006","April",11,"SC",8,"A",20,"SC8-20",0.430812668,6.54,194.0882973,99.28202926,3.664442896,103.9045463,6.655959014
"2006","April",11,"SC",8,"A",40,"SC8-40",0.750330017,6.43,254.804577,28.49110397,3.31853609,125.12386,8.015228992
"2006","April",11,"SC",8,"A",80,"SC8-80",0.736580458,6.5,202.9935545,122.1083011,3.192330815,126.7521191,8.119532258
"2006","April",11,"SC",9,"E",20,"SC9-20",0.696825134,6.68,280.6682561,34.99558497,2.488862392,130.0631956,8.33163369
"2006","April",11,"SC",9,"E",40,"SC9-40",1.501264241,6.39,324.8370672,83.0604156,1.201497335,138.6362996,8.880810876
"2006","April",11,"SC",9,"E",80,"SC9-80",1.31896187,6.58,263.4816588,183.9315943,1.557029719,126.894173,8.128631968
"2006","April",11,"SC",10,"E",20,"SC10-20",0.415168322,6.52,209.359636,54.75060574,3.878318236,112.7000722,7.21938413
"2006","April",11,"SC",10,"E",40,"SC10-40",1.368662908,6.48,295.6052418,47.45484678,3.449114105,131.8732447,8.447582089
"2006","April",11,"SC",10,"E",80,"SC10-80",1.823032829,6.61,165.0130581,144.8775585,2.296704137,128.0710244,8.204018891
"2006","April",12,"SC",12,"A",20,"SC12-20",0.757300747,6.5,282.5724042,129.6250262,4.102383683,110.5944415,7.084501321
"2006","April",12,"SC",12,"A",40,"SC12-40",1.646712502,6.55,271.567589,95.75815227,3.548549373,130.6402738,8.368600254
"2006","April",12,"SC",12,"A",80,"SC12-80",1.47375405,6.48,272.2354135,134.2786116,2.336576738,128.8365201,8.25305513
"2006","April",12,"SC",14,"E",20,"SC14-20",0.1756832,6.18,46.86857164,10.1166779,6.752200216,117.6380284,7.535700466
"2006","April",12,"SC",14,"E",40,"SC14-40",0.415168322,6.29,88.22984687,10.45283667,0.474847408,17.54094357,1.123666394
"2006","April",12,"SC",14,"E",80,"SC14-80",1.066259129,6.36,77.08543337,37.97391731,4.32678056,138.1443721,8.849298907
"2006","April",12,"SC",15,"A",20,"SC15-20",0.273842794,6.33,45.56321161,14.29807853,6.083899702,114.0334386,7.304797112
"2006","April",12,"SC",15,"A",40,"SC15-40",0.434815012,6.26,83.02672675,16.52857256,7.035906525,152.5422178,9.77159827
"2006","April",12,"SC",15,"A",80,"SC15-80",1.046720269,6.38,66.68871954,43.3123978,4.662990854,133.6269961,8.55992416
"2006","April",12,"SP",1,"E",20,"SP1-20",0.314588093,6.2,45.38428642,5.104271967,3.996454846,88.9436809,5.697593652
"2006","April",12,"SP",1,"E",40,"SP1-40",0.671520925,6.22,58.018359,4.258140346,5.063781247,126.7672635,8.120502382
"2006","April",12,"SP",2,"A",20,"SP2-20",0.160165727,6.5,75.66954276,106.8103899,4.943633812,84.64558533,5.422265602
"2006","April",12,"SP",2,"A",40,"SP2-40",1.891728238,6.6,318.012538,331.2898127,2.509678772,122.2633719,7.831991414
"2006","April",12,"SP",4,"E",20,"SP4-20",0.490358113,6.52,187.8724915,118.6648208,4.82455355,83.47093068,5.347019398
"2006","April",12,"SP",4,"E",40,"SP4-40",1.708763819,6.54,332.9433261,225.5418109,3.019165406,115.4477793,7.395397161
"2006","April",12,"SP",5,"A",20,"SP5-20",1.202462657,6.57,190.4815017,129.0810884,4.317665505,92.23343239,5.908329047
"2006","April",12,"SP",5,"A",40,"SP5-40",1.515211314,6.54,246.7104222,174.669747,3.484717727,121.6260028,7.791162732
"2006","April",12,"SP",8,"E",20,"SP8-20",0.86197225,6.47,11.08585408,195.9913662,3.486701932,89.62315432,5.741119463
"2006","April",12,"SP",8,"E",40,"SP8-40",1.572307411,6.63,305.9303855,240.6357107,2.237342533,109.1875174,6.994376365
"2006","April",13,"SP",9,"A",20,"SP9-20",0.430812668,6.51,198.3527735,58.46364473,4.465092254,86.22175664,5.52323222
"2006","April",13,"SP",9,"A",40,"SP9-40",1.77315335,6.56,270.1158176,207.6829538,2.07925327,121.7376611,7.798315357
"2006","April",13,"SP",10,"E",20,"SP10-20",0.396409348,6.22,42.84564921,91.87656298,4.887845843,88.98353878,5.700146875
"2006","April",13,"SP",10,"E",40,"SP10-40",2.340066635,6.58,164.9512165,250.2299491,3.030868198,126.9517352,8.132319294
"2006","April",13,"SP",11,"A",20,"SP11-20",0.221376664,6.23,54.16597529,54.28529153,5.048007339,84.58025185,5.41808046
"2006","April",13,"SP",11,"A",40,"SP11-40",1.927040646,6.54,167.651458,202.1228424,3.523057718,121.4219889,7.778093981
"2006","April",13,"SP",13,"A",20,"SP13-20",0.665339773,6.53,263.2255379,155.4463081,3.24846219,94.61657712,6.06098889
"2006","April",13,"SP",13,"A",40,"SP13-40",2.153196406,6.55,333.2374909,325.9607516,2.238004092,122.5522463,7.850496177
"2006","April",13,"SP",14,"E",20,"SP14-20",0.589976415,6.47,85.93208051,159.8024647,4.562919014,102.334976,6.555415242
"2006","April",13,"SP",14,"E",40,"SP14-40",0.455391428,6.61,291.2799471,358.3349963,1.945759551,128.336218,8.221006704
"2006","April",13,"MX",1,"E",20,"MX1-20",0.547906101,6.24,195.0727813,100.9541241,5.201249893,105.7723107,6.775604544
"2006","April",13,"MX",1,"E",40,"MX1-40",1.086162716,6.3,218.3800033,31.42040045,4.244796935,123.9035566,7.937058614
"2006","April",13,"MX",2,"A",20,"MX2-20",0.589976415,6.29,292.5779286,43.32630514,3.982665751,93.03104385,5.959422562
"2006","April",13,"MX",2,"A",40,"MX2-40",1.271065654,6.36,325.8126638,58.76888597,3.265842574,114.7917363,7.353372265
"2006","April",13,"MX",4,"E",20,"MX4-20",0.426847165,6.27,206.596642,30.09266474,4.051786393,85.67387565,5.488135978
"2006","April",13,"MX",4,"E",40,"MX4-40",0.86197225,6.39,258.166352,43.86076821,3.830680932,128.934065,8.259303679
"2006","April",13,"MX",6,"A",20,"MX6-20",0.573834239,6.29,121.465489,30.64984499,5.132291968,100.1053308,6.412588293
"2006","April",13,"MX",6,"A",40,"MX6-40",1.056444529,6.46,118.0451034,60.43843204,3.085430428,114.7257267,7.34914381
"2006","April",13,"MX",8,"E",20,"MX8-20",0.894453034,6.31,253.2743467,135.2553946,4.281847054,121.2457345,7.766803449
"2006","April",13,"MX",8,"E",40,"MX8-40",0.869980161,6.44,238.6703212,95.31998789,2.82244448,126.2902088,8.089943141
"2006","April",13,"MX",9,"A",20,"MX9-20",0.736580458,6.36,232.5905923,82.29373869,4.052738352,91.2322271,5.844193689
"2006","April",13,"MX",9,"A",40,"MX9-40",1.046720269,6.42,232.4069089,79.89929313,2.759829401,121.1868426,7.763030939
"2006","April",13,"MX",11,"E",20,"MX11-20",0.481372456,6.3,180.9229417,30.34953503,4.858209007,91.89836326,5.886865139
"2006","April",13,"MX",11,"E",40,"MX11-40",0.919614339,6.49,145.8201608,59.69879409,1.966405088,104.0205043,6.663387067
"2006","April",13,"MX",12,"A",20,"MX12-20",0.292155298,6.07,100.7879531,13.18759657,4.547189515,86.78846943,5.559534793
"2006","April",13,"MX",12,"A",40,"MX12-40",0.396409348,6.21,219.6285959,25.14824411,4.762210599,120.6578344,7.729143657
"2006","April",13,"MX",13,"E",20,"MX13-20",0.308823366,6.19,91.88887549,18.3095436,5.289522334,104.3644984,6.68542269
"2006","April",13,"MX",13,"E",40,"MX13-40",0.945483441,6.31,170.6561643,50.58239215,4.583100622,120.7655161,7.736041543
"2006","April",13,"MX",15,"A",20,"MX15-20",0.140716392,6.18,15.08302874,12.18283258,5.597812376,93.18645974,5.969378216
"2006","April",13,"MX",15,"A",40,"MX15-40",0.542862787,6.29,29.80185631,29.21827516,4.477592693,109.1563793,6.992381721
"2006","May",17,"SC",1,"E",20,"SC1-20",0.943595359,7.08,341.4522807,18.18509782,3.2529112,102.7332418,6.580927415
"2006","May",17,"SC",1,"E",40,"SC1-40",1.177215696,7.17,435.6368714,45.07175981,2.119836064,113.3029436,7.258002959
"2006","May",17,"SC",1,"E",80,"SC1-80",1.711734733,7.07,494.4286116,148.5912069,0.469296007,116.0003326,7.430792704
"2006","May",17,"SC",2,"A",20,"SC2-20",1.187274263,6.5,340.7479701,63.2852264,2.324950856,102.8327125,6.587299324
"2006","May",17,"SC",2,"A",40,"SC2-40",1.099755057,6.48,441.722513,39.11814258,2.577602188,107.5826127,6.891569139
"2006","May",17,"SC",2,"A",80,"SC2-80",1.668596908,6.49,14.33085443,166.1151796,0.943750891,121.3273869,7.772033949
"2006","May",17,"SC",4,"A",20,"SC4-20",0.286737479,6.1,45.9601052,4.498277498,4.355197801,98.54511383,6.312643683
"2006","May",17,"SC",4,"A",40,"SC4-40",0.348714239,6.12,78.59086338,6.072910106,4.992919526,100.2382285,6.421101476
"2006","May",17,"SC",4,"A",80,"SC4-80",0.823503869,6.28,115.5292524,14.96884464,2.946892666,108.3047408,6.937827329
"2006","May",17,"SC",6,"E",20,"SC6-20",0.775890755,6.32,279.7638287,12.97211586,3.18877609,106.1187248,6.797795193
"2006","May",17,"SC",6,"E",40,"SC6-40",1.157353488,6.73,126.7066878,47.30585536,3.639499413,135.059386,8.651680404
"2006","May",17,"SC",6,"E",80,"SC6-80",1.682854018,6.46,345.7915078,146.4239885,1.969176688,134.6577735,8.625953852
"2006","May",17,"SC",8,"A",20,"SC8-20",0.627227858,6.21,126.7066878,44.33178942,3.597510968,101.2752273,6.487529704
"2006","May",17,"SC",8,"A",40,"SC8-40",0.935601236,6.23,223.6602646,39.86082794,3.367053506,120.8590624,7.742033947
"2006","May",17,"SC",8,"A",80,"SC8-80",1.303755514,6.28,205.8391775,135.9209524,2.897555105,117.8129202,7.546903714
"2006","May",17,"SC",9,"E",20,"SC9-20",1.03616973,6.61,217.9507149,17.26787806,1.986669833,123.7293759,7.925900918
"2006","May",17,"SC",9,"E",40,"SC9-40",1.640444023,6.59,387.9312246,87.29046418,1.267563161,130.5131329,8.360455846
"2006","May",17,"SC",9,"E",80,"SC9-80",1.81677661,6.6,278.4080596,211.8286165,1.364786405,126.5174062,8.104496984
"2006","May",17,"SC",10,"E",20,"SC10-20",0.694649061,6.44,101.0414807,9.958322577,4.107695845,108.0075016,6.918786741
"2006","May",17,"SC",10,"E",40,"SC10-40",1.217968572,-99,158.7172008,47.28962089,2.804323786,119.5975326,7.661222685
"2006","May",17,"SC",10,"E",80,"SC10-80",1.599102812,6.48,178.9417141,143.2097854,2.385244128,115.0807171,7.371883835
"2006","May",17,"SC",12,"A",20,"SC12-20",0.660078209,6.33,275.5293482,114.5658669,4.57892089,116.514513,7.463730151
"2006","May",17,"SC",12,"A",40,"SC12-40",1.027391318,6.33,389.7546191,131.3106405,3.486280577,129.8839664,8.320152602
"2006","May",17,"SC",12,"A",80,"SC12-80",1.481225913,6.43,233.8536185,152.4466438,2.269205665,123.7390823,7.926522697
"2006","May",17,"SC",14,"E",20,"SC14-20",0.258907331,5.95,20.562988,7.389841306,5.962217683,118.8158532,7.611149748
"2006","May",17,"SC",14,"E",40,"SC14-40",0.413399429,6.07,64.62127124,12.1421633,6.823384123,138.3845528,8.864684441
"2006","May",17,"SC",14,"E",80,"SC14-80",0.837636634,6.75,129.486206,37.12141379,4.592712248,125.6330775,8.047848521
"2006","May",17,"SC",15,"A",20,"SC15-20",0.337046362,6.1,27.31291814,13.47333429,5.636468682,108.5675432,6.954661967
"2006","May",17,"SC",15,"A",40,"SC15-40",0.461747971,6.33,64.627782,14.86329289,6.670334421,135.6232976,8.687803541
"2006","May",17,"SC",15,"A",80,"SC15-80",0.749929675,6.21,86.64715749,48.09114928,4.56906789,128.9449419,8.260000429
"2006","May",18,"SP",1,"E",20,"SP1-20",0.444835589,6.1,26.02974075,3.844854002,4.00110806,93.77784698,6.007261388
"2006","May",18,"SP",1,"E",40,"SP1-40",0.540525794,6.18,79.54962463,5.305845331,4.688039023,116.0428843,7.433518489
"2006","May",18,"SP",2,"A",20,"SP2-20",1.523436905,6.38,217.3902972,117.3498843,3.429193037,93.45341415,5.986478822
"2006","May",18,"SP",2,"A",40,"SP2-40",1.167986419,6.55,379.4489976,348.3015408,2.067846371,106.8981199,6.8477218
"2006","May",18,"SP",4,"E",20,"SP4-20",0.9527406,6.5,41.8257208,91.21405262,4.314437905,97.30035006,6.232906419
"2006","May",18,"SP",4,"E",40,"SP4-40",0.04860085,6.56,311.4394342,246.3878654,2.91281704,105.8999467,6.783780669
"2006","May",18,"SP",5,"A",20,"SP5-20",0.903435884,6.68,151.2236544,126.2458189,3.095703284,104.1194844,6.669727547
"2006","May",18,"SP",5,"A",40,"SP5-40",-99,6.57,238.070795,192.4928106,3.056765371,111.8001525,7.161736942
"2006","May",18,"SP",8,"E",20,"SP8-20",0.717621676,6.59,131.385399,158.850726,3.967118761,90.42295987,5.792353527
"2006","May",18,"SP",8,"E",40,"SP8-40",1.097777271,7.04,320.669412,269.7802936,2.538502484,105.8482577,6.780469567
"2006","May",18,"SP",9,"A",20,"SP9-20",1.276144989,6.48,119.3999464,32.52689305,4.394237376,97.42819471,6.241095911
"2006","May",18,"SP",9,"A",40,"SP9-40",2.546275464,6.55,339.8744858,210.3333831,2.199511652,112.4680734,7.204522716
"2006","May",18,"SP",10,"E",20,"SP10-20",0.68653777,6.33,78.54688383,134.3674856,4.512077225,95.6031195,6.12418497
"2006","May",18,"SP",10,"E",40,"SP10-40",3.628726954,6.52,128.0753043,257.4104045,2.898367684,120.3193711,7.707462319
"2006","May",18,"SP",11,"A",20,"SP11-20",0.407133932,6.39,39.26374431,65.87448556,4.685390417,85.81068384,5.496899657
"2006","May",18,"SP",11,"A",40,"SP11-40",1.952174817,6.51,6.470670236,165.1880972,3.641385539,111.1313969,7.11889769
"2006","May",18,"SP",13,"A",20,"SP13-20",0.656800268,6.71,63.44989737,166.9917854,2.486009908,93.35616994,5.980249537
"2006","May",18,"SP",13,"A",40,"SP13-40",1.694256435,6.52,108.4549219,294.8609957,1.917327356,110.4823175,7.077318864
"2006","May",18,"SP",14,"E",20,"SP14-20",3.628726954,6.34,94.85398419,116.4164854,4.79366767,112.6463782,7.215944591
"2006","May",18,"SP",14,"E",40,"SP14-40",1.739874054,6.53,324.9850599,347.392466,2.110073737,117.8038882,7.546325142
"2006","May",16,"MX",1,"E",20,"MX1-20",0.787497522,6.23,159.5473031,61.75032113,3.60824353,89.76752064,5.750367302
"2006","May",16,"MX",1,"E",40,"MX1-40",1.264974572,6.32,218.8498955,41.45374511,3.576021687,104.0796408,6.667175243
"2006","May",16,"MX",2,"A",20,"MX2-20",1.00209718,6.25,324.0077894,53.05252468,3.834391126,101.3681664,6.49348321
"2006","May",16,"MX",2,"A",40,"MX2-40",1.316816429,6.32,355.8269853,61.43460782,3.085601766,102.8115065,6.585940905
"2006","May",16,"MX",4,"E",20,"MX4-20",1.12137656,6.22,249.7347127,28.04490542,4.057355963,94.75676119,6.069968822
"2006","May",16,"MX",4,"E",40,"MX4-40",1.485441518,6.3,334.3620865,51.12123244,3.625929817,112.0105298,7.17521332
"2006","May",16,"MX",6,"A",20,"MX6-20",0.703732425,6.23,98.16129874,21.57993014,4.217123979,95.45275282,6.114552758
"2006","May",16,"MX",6,"A",40,"MX6-40",1.702798491,6.9,207.3662481,55.04271535,2.969654743,106.3598843,6.813243421
"2006","May",17,"MX",8,"E",20,"MX8-20",2.803799899,6.36,258.8947506,108.6081495,3.320149719,101.5521003,6.505265675
"2006","May",17,"MX",8,"E",40,"MX8-40",2.803799899,7.18,352.8585501,107.6017232,2.938804035,126.5965195,8.109564836
"2006","May",17,"MX",9,"A",20,"MX9-20",1.249456413,6.5,188.5205676,41.4665997,3.83987104,94.06805204,6.025851388
"2006","May",17,"MX",9,"A",40,"MX9-40",1.726360429,6.89,241.8222089,72.29391568,2.489989718,105.4773207,6.756708034
"2006","May",17,"MX",11,"E",20,"MX11-20",1.027391318,6.38,159.6181745,26.15572307,3.787599099,88.52088071,5.670509854
"2006","May",17,"MX",11,"E",40,"MX11-40",1.018687277,6.31,197.6494129,61.82423506,2.257600237,98.69502983,6.322247025
"2006","May",17,"MX",12,"A",20,"MX12-20",0.502753487,6.18,94.96139241,11.94131024,4.231796233,88.62275236,5.677035564
"2006","May",17,"MX",12,"A",40,"MX12-40",0.852011942,6.66,244.1283568,39.74513658,4.138703425,104.1042664,6.668752712
"2006","May",17,"MX",13,"E",20,"MX13-20",0.7005844,6.38,77.03057995,19.55882196,4.27126614,96.90196558,6.207386647
"2006","May",17,"MX",13,"E",40,"MX13-40",0.935601236,6.24,159.8004756,50.97623038,4.286286134,109.0982247,6.988656444
"2006","May",17,"MX",15,"A",20,"MX15-20",0.299198567,6.05,12.95287215,14.46762621,4.258812973,87.11048247,5.580162353
"2006","May",17,"MX",15,"A",40,"MX15-40",0.749929675,7.72,38.93461691,41.19194352,4.043626137,96.91086754,6.207956889
"2006","June",12,"SC",1,"E",20,"SC1-20",1.060180854,6.39,386.3648399,12.24134316,3.430601996,113.5439069,7.273438621
"2006","June",12,"SC",1,"E",40,"SC1-40",1.733707515,6.56,463.5847774,37.47447192,1.975065502,107.2215882,6.868442577
"2006","June",12,"SC",1,"E",80,"SC1-80",1.958216402,6.55,497.4280265,134.1725057,0.383424828,111.2357743,7.125583917
"2006","June",12,"SC",2,"A",20,"SC2-20",0.785781104,6.35,307.1098522,12.83847239,3.644647536,108.9025783,6.976123695
"2006","June",12,"SC",2,"A",40,"SC2-40",1.409416901,6.45,413.9825375,29.93009842,2.663134747,104.8489873,6.716458156
"2006","June",12,"SC",2,"A",80,"SC2-80",0.611163081,6.58,469.3387259,143.2070151,0.827199002,114.4452694,7.331178234
"2006","June",12,"SC",4,"A",20,"SC4-20",0.162145307,5.99,104.3100729,3.10250108,6.147099189,123.796519,7.930201986
"2006","June",12,"SC",4,"A",40,"SC4-40",0.361708762,6.16,31.86141085,5.924528173,5.058278228,103.7896559,6.648599343
"2006","June",12,"SC",4,"A",80,"SC4-80",0.960399127,6.38,77.08085787,12.15429759,3.014504055,103.2909394,6.616652487
"2006","June",12,"SC",6,"E",20,"SC6-20",1.13501715,6.37,225.6401934,11.61512486,3.559494697,125.9486178,8.06806145
"2006","June",12,"SC",6,"E",40,"SC6-40",2.569379482,6.37,406.5398386,35.60933652,3.999878353,138.7052525,8.885227868
"2006","June",12,"SC",6,"E",80,"SC6-80",2.469597755,6.49,267.287148,141.2323385,2.147002495,133.8775458,8.575973913
"2006","June",12,"SC",8,"A",20,"SC8-20",1.459307764,6.38,141.7788578,25.73517831,3.303696195,109.5380959,7.016833779
"2006","June",12,"SC",8,"A",40,"SC8-40",1.908325538,6.43,155.8090558,31.03520583,3.190174672,113.3944965,7.263867664
"2006","June",12,"SC",8,"A",80,"SC8-80",2.444652323,6.42,231.1647134,124.3517052,2.783746101,114.6917292,7.346965993
"2006","June",12,"SC",9,"E",20,"SC9-20",1.733707515,6.56,25.67457723,11.20555083,1.945948222,119.8825444,7.679480013
"2006","June",12,"SC",9,"E",40,"SC9-40",4.290614281,6.57,150.42948,81.13006527,1.179663132,134.4229732,8.610912981
"2006","June",12,"SC",9,"E",80,"SC9-80",5.512940443,6.52,399.3895139,219.2058802,1.166515908,124.7082567,7.988606214
"2006","June",12,"SC",10,"E",20,"SC10-20",0.636108513,6.28,94.53296786,6.036119365,5.440508422,128.5565416,8.235120226
"2006","June",12,"SC",10,"E",40,"SC10-40",1.521671344,6.45,298.0484079,26.94727807,2.508780412,117.7079915,7.540182178
"2006","June",12,"SC",10,"E",80,"SC10-80",2.519488619,6.5,234.7641912,135.5268372,2.329844042,117.8565924,7.549701273
"2006","June",12,"SC",12,"A",20,"SC12-20",2.020579981,6.42,365.9121739,110.9417573,5.403003743,132.7656784,8.504749743
"2006","June",12,"SC",12,"A",40,"SC12-40",2.319925164,6.48,23.84221109,130.0194739,3.448546475,125.5995825,8.045702896
"2006","June",12,"SC",12,"A",80,"SC12-80",3.34268787,6.5,335.6827174,127.811697,2.484943855,123.7890465,7.929723312
"2006","June",12,"SC",14,"E",20,"SC14-20",0.162145307,5.67,68.27578162,8.136238991,7.709906425,137.548519,8.811129665
"2006","June",12,"SC",14,"E",40,"SC14-40",0.947926411,6.18,57.12563556,9.325676981,7.199622583,140.7364908,9.01534524
"2006","June",12,"SC",14,"E",80,"SC14-80",1.646398503,6.33,147.8668588,32.16912526,5.23169058,135.3419323,8.669779801
"2006","June",12,"SC",15,"A",20,"SC15-20",0.486435921,6.13,19.65445828,9.74588929,6.355427324,120.3460056,7.709168481
"2006","June",12,"SC",15,"A",40,"SC15-40",0.823199252,6.23,10.21676341,11.88501597,7.355670618,140.7409958,9.015633818
"2006","June",12,"SC",15,"A",80,"SC15-80",1.945743686,6.8,67.451329,45.5297048,5.005046787,133.8764231,8.575901994
"2006","June",13,"SP",1,"E",20,"SP1-20",0.473963205,6.09,128.0223797,6.377320237,5.377595134,108.9733145,6.980654928
"2006","June",13,"SP",1,"E",40,"SP1-40",1.334580605,6.27,76.44526306,12.48901576,4.318303182,103.3272412,6.618977915
"2006","June",13,"SP",2,"A",20,"SP2-20",1.297162457,6.36,211.4076935,164.3253433,5.395,117.6794528,7.538354036
"2006","June",13,"SP",2,"A",40,"SP2-40",1.920798254,6.58,399.683313,341.1800946,1.896241422,108.1448039,6.927582073
"2006","June",13,"SP",4,"E",20,"SP4-20",0.922980979,6.27,177.4591731,100.8935634,6.585159077,113.7252384,7.285054378
"2006","June",13,"SP",4,"E",40,"SP4-40",1.945743686,6.54,373.1906955,258.2970392,3.272704304,103.1582539,6.608152901
"2006","June",13,"SP",5,"A",20,"SP5-20",0.79825382,6.4,134.0425668,101.7917229,5.750199626,117.9562708,7.556086489
"2006","June",13,"SP",5,"A",40,"SP5-40",1.409416901,6.53,196.0768725,170.598774,3.748799127,106.6707588,6.833157469
"2006","June",13,"SP",8,"E",20,"SP8-20",0.848144684,6.35,102.8250012,177.2130178,4.781300686,106.5956897,6.82834868
"2006","June",13,"SP",8,"E",40,"SP8-40",2.369816027,6.55,334.3963706,261.8793713,1.553699314,60.39674471,3.868929732
"2006","June",13,"SP",9,"A",20,"SP9-20",0.885562831,6.27,120.7687959,33.99071017,6.251054273,112.2714471,7.1919272
"2006","June",13,"SP",9,"A",40,"SP9-40",2.519488619,6.61,320.0888325,228.607355,1.900701809,105.7473145,6.774003336
"2006","June",13,"SP",10,"E",20,"SP10-20",1.209853446,6.32,52.76623833,144.3865905,6.291437929,122.8214725,7.867742308
"2006","June",13,"SP",10,"E",40,"SP10-40",2.519488619,6.58,128.8419376,286.7809956,2.654023706,118.1239013,7.566824586
"2006","June",13,"SP",11,"A",20,"SP11-20",0.511381353,6.08,27.11274791,60.0237605,7.170455396,124.1089196,7.950213788
"2006","June",13,"SP",11,"A",40,"SP11-40",2.145307141,6.49,105.8948313,210.6161288,3.542557704,111.5606375,7.146394052
"2006","June",14,"SP",13,"A",20,"SP13-20",1.571562208,6.52,284.8703511,208.2657324,3.355976294,113.8029478,7.290032302
"2006","June",14,"SP",13,"A",40,"SP13-40",4.752104771,6.59,410.4674719,308.7642941,1.820084217,112.4567362,7.203796479
"2006","June",14,"SP",14,"E",20,"SP14-20",0.960399127,6.37,70.01551678,126.2389482,7.591637555,139.3255458,8.924962714
"2006","June",14,"SP",14,"E",40,"SP14-40",5.27595884,6.65,300.3725062,360.1577447,1.518072364,120.0107814,7.687694635
"2006","June",12,"MX",1,"E",20,"MX1-20",2.170252572,6.29,223.7751556,48.97988945,3.785505303,105.1758533,6.737396588
"2006","June",12,"MX",1,"E",40,"MX1-40",2.644215778,6.31,239.3227585,60.22372704,3.899398004,114.4781523,7.333284654
"2006","June",12,"MX",2,"A",20,"MX2-20",1.970689118,6.28,322.3839057,40.01253434,3.617245789,97.90844288,6.27185972
"2006","June",12,"MX",2,"A",40,"MX2-40",1.421889616,6.42,414.8712297,70.55305985,3.46510917,109.5156107,7.015393419
"2006","June",13,"MX",4,"E",20,"MX4-20",1.434362332,6.21,180.7103869,47.3941753,3.796369308,103.1269647,6.606148576
"2006","June",13,"MX",4,"E",40,"MX4-40",1.895852822,6.33,347.1698294,44.27953992,3.704023706,110.8994866,7.104041948
"2006","June",13,"MX",6,"A",20,"MX6-20",1.259744309,6.03,106.9296215,14.26771508,8.650380536,226.0091819,14.47775608
"2006","June",13,"MX",6,"A",40,"MX6-40",1.521671344,6.35,234.0563233,51.1753104,3.492504679,113.392237,7.263722924
"2006","June",13,"MX",8,"E",20,"MX8-20",1.334580605,6.27,241.0102192,89.13049988,3.929809732,113.718048,7.284593774
"2006","June",13,"MX",8,"E",40,"MX8-40",2.2700343,6.43,301.5252215,114.2087086,2.57312539,119.475512,7.653406268
"2006","June",13,"MX",9,"A",20,"MX9-20",1.696289367,6.21,247.1169571,90.56417516,3.804834685,111.3678674,7.134045556
"2006","June",13,"MX",9,"A",40,"MX9-40",0.411599626,6.39,262.8904571,108.5417711,2.464198378,115.4358815,7.394635014
"2006","June",13,"MX",11,"E",20,"MX11-20",1.147489866,6.1,29.40155576,16.01228323,4.971154086,111.4484513,7.139207613
"2006","June",13,"MX",11,"E",40,"MX11-40",1.733707515,6.32,286.5862025,52.81355109,2.385424205,95.99238082,6.149120329
"2006","June",13,"MX",12,"A",20,"MX12-20",0.698472092,5.96,69.73104865,8.637457423,4.582850905,105.7916784,6.776845205
"2006","June",13,"MX",12,"A",40,"MX12-40",1.459307764,6.2,213.3873253,28.13787962,4.359856519,105.1333653,6.734674885
"2006","June",13,"MX",13,"E",20,"MX13-20",1.19738073,6.08,54.37725799,13.27541783,5.223552714,107.2747532,6.87184823
"2006","June",13,"MX",13,"E",40,"MX13-40",1.696289367,6.25,129.3907154,49.87045808,4.336263256,105.8881128,6.783022615
"2006","June",13,"MX",15,"A",20,"MX15-20",0.498908637,5.94,31.17689942,10.16349744,5.957067998,106.1897038,6.802341975
"2006","June",13,"MX",15,"A",40,"MX15-40",1.010289991,6.32,48.77322944,42.26519148,3.826228946,94.68092525,6.065110912
"2006","July",10,"SC",1,"E",20,"SC1-20",2.644215778,6.29,299.389376,9.760572348,2.565252651,118.4863413,7.590041826
"2006","July",10,"SC",1,"E",40,"SC1-40",1.87090739,6.44,360.843991,33.39108759,1.863000624,107.0142736,6.855162392
"2006","July",10,"SC",1,"E",80,"SC1-80",4.47770502,6.49,443.305228,152.3715109,0.419569557,119.378615,7.647199223
"2006","July",10,"SC",2,"A",20,"SC2-20",1.060180854,6.29,193.8175143,7.729823208,4.60220524,123.1183498,7.886759719
"2006","July",10,"SC",2,"A",40,"SC2-40",1.571562208,6.38,323.7060846,23.48085894,2.823003743,107.0713963,6.858821567
"2006","July",10,"SC",2,"A",80,"SC2-80",3.517305893,6.55,420.0486019,149.2915054,0.776706176,111.89033,7.167513545
"2006","July",10,"SC",4,"A",20,"SC4-20",0.286872466,6.01,8.689900042,4.065376813,5.48051466,115.4694922,7.396788055
"2006","July",10,"SC",4,"A",40,"SC4-40",0.67352666,6.03,18.56215403,4.121227817,5.598945727,118.0831255,7.564212568
"2006","July",10,"SC",4,"A",80,"SC4-80",1.035235423,6.32,63.37331211,12.58719828,3.220645664,106.9223583,6.849274463
"2006","July",10,"SC",6,"E",20,"SC6-20",2.033052697,6.29,185.0734051,9.832380776,3.335642545,139.8905811,8.961157828
"2006","July",10,"SC",6,"E",40,"SC6-40",1.19738073,6.38,131.5826083,32.32387908,3.820892077,140.6511368,9.00987762
"2006","July",10,"SC",6,"E",80,"SC6-80",2.369816027,6.49,381.382618,138.2322864,2.054204616,134.5635571,8.619918527
"2006","July",10,"SC",8,"A",20,"SC8-20",1.13501715,6.29,140.9978218,17.54630196,3.250408609,117.9072525,7.552946465
"2006","July",10,"SC",8,"A",40,"SC8-40",1.771125663,6.37,140.2401582,27.84754305,2.940180911,113.3379267,7.260243907
"2006","July",10,"SC",8,"A",80,"SC8-80",3.143124415,6.39,183.4332673,124.7393378,2.932701185,114.2214133,7.316838424
"2006","July",10,"SC",9,"E",20,"SC9-20",2.519488619,6.56,203.1413197,8.507803306,1.811291329,134.7247447,8.630243905
"2006","July",10,"SC",9,"E",40,"SC9-40",1.19738073,6.56,65.68545207,73.4169752,0.997751092,127.1449111,8.14469379
"2006","July",10,"SC",9,"E",80,"SC9-80",3.018397256,6.56,304.6932006,210.5399432,1.124759825,114.8619182,7.357867985
"2006","July",10,"SC",10,"E",20,"SC10-20",0.910508263,6.35,104.3155192,5.503595561,4.220393013,120.2245585,7.701388804
"2006","July",10,"SC",10,"E",40,"SC10-40",1.272217025,6.34,182.7282217,15.66321446,2.4525733,108.8528604,6.972938857
"2006","July",10,"SC",10,"E",80,"SC10-80",1.559089492,6.44,155.2082789,119.0740624,2.163109794,106.9068547,6.848281336
"2006","July",10,"SC",12,"A",20,"SC12-20",1.708762083,6.34,237.6000171,103.4586648,4.647177168,130.7339944,8.374603821
"2006","July",10,"SC",12,"A",40,"SC12-40",2.768942937,6.45,313.4658637,130.5242938,3.491830942,129.1639972,8.274032706
"2006","July",10,"SC",12,"A",80,"SC12-80",2.594324914,6.45,352.1171217,137.5540402,2.347825951,118.7867165,7.609283304
"2006","July",10,"SC",14,"E",20,"SC14-20",0.46149049,6.13,9.813914335,5.210377793,6.841871491,130.9731678,8.389924832
"2006","July",10,"SC",14,"E",40,"SC14-40",0.598690365,6.05,28.17077917,6.435221327,7.179098565,145.3807193,9.312845926
"2006","July",10,"SC",14,"E",80,"SC14-80",1.209853446,6.22,105.7132191,28.75517727,4.978562071,129.353323,8.286160567
"2006","July",10,"SC",15,"A",20,"SC15-20",0.561272217,6.06,12.10270842,8.7052765,7.921494074,153.0004118,9.800949332
"2006","July",10,"SC",15,"A",40,"SC15-40",0.873090115,6.12,27.32009124,10.02785929,7.430215221,144.0826601,9.229694652
"2006","July",10,"SC",15,"A",80,"SC15-80",1.883380106,6.27,73.76456295,38.63349106,4.962707424,131.3292412,8.412734231
"2006","July",10,"SP",1,"E",20,"SP1-20",0.67352666,5.93,28.50764539,3.99356838,6.23058952,123.1888801,7.891277761
"2006","July",10,"SP",1,"E",40,"SP1-40",1.297162457,6.21,57.7188541,8.852882724,4.195895197,105.8900395,6.783146033
"2006","July",10,"SP",2,"A",20,"SP2-20",1.147489866,6.23,112.8199,121.3880559,6.019831566,118.8112496,7.610854852
"2006","July",10,"SP",2,"A",40,"SP2-40",2.120361709,6.55,17.49281197,327.7232164,2.135380536,110.5078815,7.078956451
"2006","July",10,"SP",4,"E",20,"SP4-20",1.297162457,6.21,145.2403832,113.4327232,6.682086712,114.3276248,7.32364214
"2006","July",10,"SP",4,"E",40,"SP4-40",1.646398503,6.43,275.5649648,251.6011798,3.653655646,109.7096643,7.027824133
"2006","July",10,"SP",5,"A",20,"SP5-20",1.746180231,6.4,87.40456627,122.7365695,4.930355583,110.4635994,7.076119822
"2006","July",10,"SP",5,"A",40,"SP5-40",3.891487371,6.46,142.160616,200.5422257,4.328474735,124.5437574,7.978068693
"2006","July",10,"SP",8,"E",20,"SP8-20",0.498908637,6.25,157.742717,182.2298563,5.434713038,109.5849845,7.019837374
"2006","July",10,"SP",8,"E",40,"SP8-40",2.444652323,6.45,18.55635947,279.2094168,2.65007174,109.4134217,7.008847381
"2006","July",10,"SP",9,"A",20,"SP9-20",1.234798877,6.24,80.0092153,29.37751702,5.84371491,110.6414951,7.087515487
"2006","July",10,"SP",9,"A",40,"SP9-40",2.469597755,6.53,191.5483776,226.7537998,1.88948534,111.8262906,7.163411294
"2006","July",10,"SP",10,"E",20,"SP10-20",1.309635173,6.29,47.04794788,153.8317265,5.829151591,120.2112609,7.700536984
"2006","July",10,"SP",10,"E",40,"SP10-40",2.369816027,6.49,117.0056711,275.8102073,2.37422957,116.6055684,7.469562992
"2006","July",10,"SP",11,"A",20,"SP11-20",0.636108513,5.97,6.63222654,39.32558916,9.041144729,127.7535487,8.183681983
"2006","July",10,"SP",11,"A",40,"SP11-40",0.386654194,6.43,79.62023548,220.6097461,3.934260761,119.3242736,7.643718219
"2006","July",10,"SP",13,"A",20,"SP13-20",1.559089492,6.39,170.2380256,189.0757598,3.738243918,115.6400762,7.407715345
"2006","July",10,"SP",13,"A",40,"SP13-40",2.394761459,6.5,306.8638666,298.6627979,2.807233313,116.6902059,7.474984715
"2006","July",10,"SP",14,"E",20,"SP14-20",0.636108513,6.19,34.10822177,98.08865735,7.670349345,127.5108322,8.168134013
"2006","July",10,"SP",14,"E",40,"SP14-40",2.868724665,6.52,286.1683685,342.0061132,1.671341235,112.6981185,7.219258978
"2006","July",10,"MX",1,"E",20,"MX1-20",2.594324914,6.21,182.2155103,19.93010923,3.334054897,109.4539661,7.011444582
"2006","July",10,"MX",1,"E",40,"MX1-40",1.222326162,6.08,172.771743,27.77163444,4.051712414,112.4260536,7.201831005
"2006","July",10,"MX",2,"A",20,"MX2-20",1.633925787,6.12,311.1937709,37.07154682,4.186578291,115.082677,7.372009386
"2006","July",10,"MX",2,"A",40,"MX2-40",2.843779233,6.33,393.5610857,44.51607558,4.64441048,121.5512525,7.786374363
"2006","July",11,"MX",4,"E",20,"MX4-20",1.53414406,6.26,162.9092609,19.45930965,4.353259513,119.1748547,7.63414672
"2006","July",11,"MX",4,"E",40,"MX4-40",1.371998753,6.39,172.5004312,44.12716864,3.49279476,112.265574,7.191550982
"2006","July",11,"MX",6,"A",20,"MX6-20",1.184908014,6.15,83.3402082,12.65501735,5.813262633,123.1026968,7.885757014
"2006","July",11,"MX",6,"A",40,"MX6-40",1.621453071,6.32,181.2751563,46.72235643,3.591584529,118.5199013,7.592191614
"2006","July",11,"MX",8,"E",20,"MX8-20",1.559089492,6.2,215.4490267,65.51350413,4.744953213,132.0351114,8.457950973
"2006","July",11,"MX",8,"E",40,"MX8-40",2.245088868,6.43,204.9981911,119.4570961,2.480208983,120.8142172,7.739161248
"2006","July",11,"MX",9,"A",20,"MX9-20",1.259744309,6.19,104.8771978,24.2527996,5.180087336,120.250048,7.703021609
"2006","July",11,"MX",9,"A",40,"MX9-40",1.559089492,6.39,150.4249482,63.01184459,2.882557704,110.3188293,7.066846118
"2006","July",11,"MX",11,"E",20,"MX11-20",1.13501715,6.12,137.6840645,13.70826311,4.193599501,108.5888068,6.956024072
"2006","July",11,"MX",11,"E",40,"MX11-40",1.91248311,6.4,133.5231869,63.66632084,2.201325639,101.2695966,6.48716901
"2006","July",11,"MX",12,"A",20,"MX12-20",1.010289991,6.01,58.2987349,6.443200042,5.104766064,127.3807673,8.159802297
"2006","July",11,"MX",12,"A",40,"MX12-40",1.284689741,6.2,127.5485973,25.91852253,5.104766064,127.3807673,8.159802297
"2006","July",11,"MX",13,"E",20,"MX13-20",1.159962582,6.18,60.6573546,11.38435162,4.34860262,111.9048801,7.168445596
"2006","July",11,"MX",13,"E",40,"MX13-40",1.035235423,6.3,92.29590736,50.15741478,4.796759201,108.450976,6.94719489
"2006","July",11,"MX",15,"A",20,"MX15-20",0.611163081,5.94,5.458567358,8.541712844,4.149451029,110.3990776,7.071986671
"2006","July",11,"MX",15,"A",40,"MX15-40",1.459307764,6.31,18.10690222,38.43995182,6.091475359,112.9081523,7.232713358
"2006","August",7,"SC",1,"E",20,"SC1-20",1.908325538,6.33,255.9542136,26.82488237,2.553452901,115.7911989,7.417395986
"2006","August",7,"SC",1,"E",40,"SC1-40",1.895852822,6.4,229.3701205,26.97597928,1.973228322,111.3655543,7.133897382
"2006","August",7,"SC",1,"E",80,"SC1-80",2.045525413,6.46,346.225636,145.2224162,0.561366188,112.0921749,7.180443353
"2006","August",7,"SC",2,"A",20,"SC2-20",2.157779857,6.28,193.1306573,20.89015917,3.542988147,122.0481213,7.818202861
"2006","August",7,"SC",2,"A",40,"SC2-40",1.821016526,6.35,249.1596598,19.16514995,2.742473487,107.2856982,6.872549346
"2006","August",7,"SC",2,"A",80,"SC2-80",2.195198004,6.52,297.8571103,122.4764856,1.280729881,116.3251481,7.451599786
"2006","August",7,"SC",4,"A",20,"SC4-20",1.085126286,5.83,41.62532816,13.65340945,5.57522146,130.2003498,8.340419537
"2006","August",7,"SC",4,"A",40,"SC4-40",0.972871843,5.95,17.64069284,2.745619817,4.847002495,110.1763244,7.057717515
"2006","August",7,"SC",4,"A",80,"SC4-80",1.496725912,6.25,49.08295258,13.98491397,3.496759201,111.1532835,7.120299707
"2006","August",7,"SC",6,"E",20,"SC6-20",2.307452448,6.23,122.6128412,27.14685675,3.298705552,145.9325557,9.348195544
"2006","August",7,"SC",6,"E",40,"SC6-40",1.821016526,6.29,181.6950702,29.95891045,3.831032439,139.7895825,8.954688045
"2006","August",7,"SC",6,"E",80,"SC6-80",2.644215778,6.49,332.1386879,137.9401768,1.874794136,125.7576671,8.055829505
"2006","August",7,"SC",8,"A",20,"SC8-20",1.93327097,6.15,134.5238491,35.13443677,2.972214598,119.6773766,7.666337341
"2006","August",7,"SC",8,"A",40,"SC8-40",1.646398503,6.22,106.9129026,22.00025327,2.998009981,114.7485219,7.350604026
"2006","August",7,"SC",8,"A",80,"SC8-80",1.945743686,6.26,146.8272018,121.0832025,3.025290081,113.1276953,7.246776878
"2006","August",7,"SC",9,"E",20,"SC9-20",1.446835048,6.56,189.5015821,8.057449181,1.780583281,140.8079549,9.019923094
"2006","August",7,"SC",9,"E",40,"SC9-40",1.746180231,6.58,14.47091454,73.08103806,0.965461634,134.824976,8.636664538
"2006","August",7,"SC",9,"E",80,"SC9-80",1.93327097,6.59,203.6868084,202.9279722,1.296696818,125.455653,8.03648304
"2006","August",7,"SC",10,"E",20,"SC10-20",1.347053321,6.08,140.5185107,5.461264046,5.903044292,139.101055,8.910582247
"2006","August",7,"SC",10,"E",40,"SC10-40",1.746180231,6.22,132.9394206,10.46934817,2.758399875,111.1141269,7.117791411
"2006","August",7,"SC",10,"E",80,"SC10-80",2.369816027,6.33,161.2456851,127.6040288,2.6671335,125.4410381,8.035546834
"2006","August",7,"SC",12,"A",20,"SC12-20",1.796071094,6.23,217.9640168,86.38105697,5.031141609,124.6504767,7.984904936
"2006","August",7,"SC",12,"A",40,"SC12-40",1.796071094,6.33,230.1469788,122.0633655,3.277863381,120.1674951,7.697733424
"2006","August",7,"SC",12,"A",80,"SC12-80",1.833489242,6.36,301.1782984,121.9175322,2.439578915,117.012615,7.49563764
"2006","August",7,"SC",14,"E",20,"SC14-20",0.648581229,5.96,23.5610316,3.893834445,7.456525265,146.5316925,9.38657514
"2006","August",7,"SC",14,"E",40,"SC14-40",3.093233552,6.06,43.33490775,6.060664994,6.450062383,136.4438449,8.74036628
"2006","August",7,"SC",14,"E",80,"SC14-80",1.334580605,6.17,71.93554616,22.00839821,5.845873362,131.0962285,8.397807869
"2006","August",7,"SC",15,"A",20,"SC15-20",0.997817275,5.84,13.42179501,6.767446146,7.372457891,147.5872638,9.45419308
"2006","August",7,"SC",15,"A",40,"SC15-40",0.960399127,5.94,24.59894127,9.03761213,7.37922957,141.424787,9.059436221
"2006","August",7,"SC",15,"A",80,"SC15-80",0.885562831,6.14,59.94806562,40.95729174,5.229354336,135.0602426,8.651735279
"2006","August",7,"SP",1,"E",20,"SP1-20",1.159962582,6.03,36.10339275,4.843578543,6.657551466,125.9627221,8.06896495
"2006","August",7,"SP",1,"E",40,"SP1-40",1.396944185,6.18,54.95895049,7.664552889,5.326325639,119.8933032,7.680169203
"2006","August",7,"SP",2,"A",20,"SP2-20",0.985344559,6.21,104.5723838,125.3034993,8.217772926,118.2817094,7.576933486
"2006","August",7,"SP",2,"A",40,"SP2-40",2.94356096,6.51,254.6109651,326.4430759,1.907882096,117.4953935,7.526563542
"2006","August",8,"SP",4,"E",20,"SP4-20",1.010289991,6.27,99.05988171,104.2100492,7.528427948,107.5795994,6.891376118
"2006","August",8,"SP",4,"E",40,"SP4-40",1.87090739,6.48,285.4787036,244.2239161,3.613518403,105.5898251,6.763914855
"2006","August",8,"SP",5,"A",20,"SP5-20",1.010289991,6.3,39.98743857,102.4522386,9.654217093,125.543385,8.042102991
"2006","August",8,"SP",5,"A",40,"SP5-40",1.421889616,6.45,101.4279456,180.5222451,6.392878977,125.366031,8.030742021
"2006","August",8,"SP",8,"E",20,"SP8-20",0.785781104,6.27,141.2800732,138.3613864,6.652563943,107.1063018,6.861057549
"2006","August",8,"SP",8,"E",40,"SP8-40",1.845961958,6.5,313.4779079,242.0691645,3.048568309,110.2347786,7.06146198
"2006","August",8,"SP",9,"A",20,"SP9-20",0.623635797,6.18,29.75938963,15.85004937,8.393359326,124.5378674,7.977691392
"2006","August",8,"SP",9,"A",40,"SP9-40",1.633925787,6.52,182.0152202,195.9292542,2.065892077,112.0772863,7.179489619
"2006","August",8,"SP",10,"E",20,"SP10-20",1.671343935,6.42,29.35606253,122.0552205,5.861734248,105.5192214,6.759392115
"2006","August",8,"SP",10,"E",40,"SP10-40",1.683816651,6.57,93.86763847,263.6324723,2.709691204,134.3166488,8.604102036
"2006","August",8,"SP",11,"A",20,"SP11-20",0.573744933,6.03,1.012695677,23.49077693,10.14538054,129.6657207,8.306172189
"2006","August",8,"SP",11,"A",40,"SP11-40",2.419706891,6.46,65.33239468,195.6700013,4.471341235,121.5647278,7.787237567
"2006","August",8,"SP",13,"A",20,"SP13-20",0.947926411,6.44,109.9772938,146.745298,5.260393013,117.8550268,7.549600985
"2006","August",8,"SP",13,"A",40,"SP13-40",1.883380106,6.59,284.0378472,284.158935,2.713886463,114.7807221,7.352666716
"2006","August",8,"SP",14,"E",20,"SP14-20",0.598690365,6.12,20.55537632,47.35322898,10.99929507,157.0074979,10.05763585
"2006","August",8,"SP",14,"E",40,"SP14-40",1.958216402,6.64,225.8017147,340.5702216,1.913830318,116.1692638,7.441614123
"2006","August",8,"MX",1,"E",20,"MX1-20",1.371998753,6.31,122.7230231,15.65966837,2.954270119,124.4743808,7.973624558
"2006","August",8,"MX",1,"E",40,"MX1-40",1.060180854,6.29,147.1220882,26.8544701,3.479887711,103.2741439,6.615576599
"2006","August",8,"MX",2,"A",20,"MX2-20",2.2700343,6.34,207.0969758,43.25172632,5.19544292,105.4112638,6.752476545
"2006","August",8,"MX",2,"A",40,"MX2-40",1.683816651,6.32,311.7965381,25.51587447,2.452049283,100.9486968,6.466612759
"2006","August",8,"MX",4,"E",20,"MX4-20",0.79825382,6.3,153.6721499,20.57056731,3.9847068,106.456158,6.819410536
"2006","August",8,"MX",4,"E",40,"MX4-40",1.758652947,6.35,232.1661273,45.02571598,4.439185901,114.6617997,7.345048766
"2006","August",8,"MX",6,"A",20,"MX6-20",0.523854069,6.27,73.4213272,16.70665305,4.633718029,111.2578731,7.126999521
"2006","August",8,"MX",6,"A",40,"MX6-40",1.80854381,-99,153.9743487,51.75310233,4.08768559,105.7379944,6.773406303
"2006","August",8,"MX",8,"E",20,"MX8-20",1.347053321,6.35,246.5606045,67.26089808,5.712601372,105.3011227,6.745421114
"2006","August",8,"MX",8,"E",40,"MX8-40",1.683816651,6.5,201.3430402,116.1338506,4.316693699,105.918536,6.784971465
"2006","August",8,"MX",9,"A",20,"MX9-20",1.284689741,6.28,87.83567415,21.86057035,3.802027449,124.8624175,7.998481469
"2006","August",8,"MX",9,"A",40,"MX9-40",1.409416901,6.33,171.1507449,39.74785156,6.018243918,124.5343611,7.977466782
"2006","August",8,"MX",11,"E",20,"MX11-20",1.13501715,6.26,47.22582541,11.15180532,5.495888958,134.4613173,8.613369236
"2006","August",8,"MX",11,"E",40,"MX11-40",2.020579981,6.48,119.1473505,47.35816027,4.437791641,121.2853794,7.769343027
"2006","August",8,"MX",12,"A",20,"MX12-20",1.434362332,6.21,95.30879143,6.583159997,6.215767311,132.1634584,8.466172642
"2006","August",8,"MX",12,"A",40,"MX12-40",1.384471469,6.28,133.1069165,25.28499041,4.164613225,121.4336474,7.7788408
"2006","August",8,"MX",13,"E",20,"MX13-20",1.758652947,6.16,50.25893415,11.37659454,4.365483468,126.8570127,8.126251548
"2006","August",8,"MX",13,"E",40,"MX13-40",1.608980355,6.35,90.10171999,44.13016065,2.38919214,115.0452468,7.369611678
"2006","August",8,"MX",15,"A",20,"MX15-20",0.835671968,6.4,15.47538257,9.892165728,7.10650655,131.0411819,8.394281689
"2006","August",8,"MX",15,"A",40,"MX15-40",1.584034924,6.35,8.026286976,38.98682622,4.958109794,126.4547137,8.100481017
"2006","September",13,"SC",1,"E",20,"SC1-20",2.195198004,6.44,321.6229732,22.79673955,1.826048035,123.2960339,7.898141831
"2006","September",13,"SC",1,"E",40,"SC1-40",1.47178048,6.47,245.1989865,30.39020431,2.030729881,111.1074697,7.117364959
"2006","September",13,"SC",1,"E",80,"SC1-80",2.494543187,6.55,346.6874794,182.0959358,0.250910792,115.7026939,7.411726524
"2006","September",13,"SC",2,"A",20,"SC2-20",1.821016526,6.41,254.7415892,18.02025978,2.352043044,126.7831086,8.121517388
"2006","September",13,"SC",2,"A",40,"SC2-40",1.47178048,6.34,199.7584225,33.59493267,3.355480349,108.4731537,6.948615553
"2006","September",13,"SC",2,"A",80,"SC2-80",1.347053321,6.58,327.695113,164.7846181,0.606456644,115.7323639,7.413627126
"2006","September",14,"SC",4,"A",20,"SC4-20",1.19738073,6.2,51.55572227,12.17529713,3.860031192,124.0128801,7.944061676
"2006","September",14,"SC",4,"A",40,"SC4-40",1.322107889,6.1,37.52583563,8.84279851,4.731219588,125.000567,8.007331071
"2006","September",14,"SC",4,"A",80,"SC4-80",1.496725912,6.35,42.27304359,21.7499765,3.037195883,105.9889704,6.789483363
"2006","September",13,"SC",6,"E",20,"SC6-20",2.66916121,6.45,232.5250353,21.21263222,2.330315034,146.4765952,9.383045707
"2006","September",13,"SC",6,"E",40,"SC6-40",2.369816027,6.46,138.0984921,51.98869604,3.821381784,142.4396107,9.124443949
"2006","September",13,"SC",6,"E",80,"SC6-80",1.796071094,6.55,309.7472245,177.4834075,1.620134124,130.4782228,8.358219571
"2006","September",13,"SC",8,"A",20,"SC8-20",2.045525413,6.4,141.8786785,26.40051447,2.136487835,117.5735825,7.531572185
"2006","September",14,"SC",8,"A",40,"SC8-40",1.796071094,6.43,76.58874084,32.45109526,2.481051154,114.5112158,7.335402638
"2006","September",14,"SC",8,"A",80,"SC8-80",1.421889616,6.43,113.6214265,146.2728362,2.583689956,110.1998674,7.059225637
"2006","September",14,"SC",9,"E",20,"SC9-20",2.66916121,6.6,272.8549718,21.10658181,0.456319401,133.5173061,8.55289762
"2006","September",14,"SC",9,"E",40,"SC9-40",1.459307764,6.56,207.028877,72.70310185,0.660558328,129.6537856,8.305407647
"2006","September",14,"SC",9,"E",80,"SC9-80",2.057998129,6.54,212.6836837,218.5655883,0.942744853,124.5114189,7.975997149
"2006","September",14,"SC",10,"E",20,"SC10-20",1.758652947,6.38,171.7996091,10.30639401,2.737570181,129.4007184,8.289196628
"2006","September",14,"SC",10,"E",40,"SC10-40",2.095416277,6.4,151.6717872,17.84400776,2.750676856,123.907464,7.937308917
"2006","September",14,"SC",10,"E",80,"SC10-80",2.170252572,6.48,108.8204014,158.5228784,2.286827823,120.9750042,7.749460967
"2006","September",14,"SC",12,"A",20,"SC12-20",2.033052697,6.44,195.7853018,130.9207916,2.688774173,118.9661157,7.620775282
"2006","September",14,"SC",12,"A",40,"SC12-40",2.020579981,6.48,227.1310175,149.9648757,3.112267623,123.6302764,7.919552793
"2006","September",14,"SC",12,"A",80,"SC12-80",1.983161833,6.49,233.3975925,150.3238624,2.172913288,118.1156897,7.566298568
"2006","September",14,"SC",14,"E",20,"SC14-20",0.411599626,6.15,20.84676174,6.481320568,5.155645664,121.3389676,7.772775785
"2006","September",14,"SC",14,"E",40,"SC14-40",1.085126286,6.11,54.6389779,15.74333406,5.865343107,139.9673625,8.966076301
"2006","September",14,"SC",14,"E",80,"SC14-80",1.284689741,6.24,86.07482287,36.3076957,5.673923893,133.9053653,8.577755976
"2006","September",14,"SC",15,"A",20,"SC15-20",1.559089492,6.22,43.5889502,14.17834239,5.104401123,146.0417659,9.355191344
"2006","September",14,"SC",15,"A",40,"SC15-40",0.960399127,6.12,43.77836956,17.8092117,7.305458515,156.1840028,10.00488428
"2006","September",14,"SC",15,"A",80,"SC15-80",1.309635173,6.32,58.7645344,58.77060361,5.303665003,138.5522567,8.875427243
"2006","September",13,"SP",1,"E",20,"SP1-20",1.097599002,6.14,19.27470767,9.623382778,6.588833437,152.9449958,9.797399481
"2006","September",13,"SP",1,"E",40,"SP1-40",1.621453071,6.25,45.16068427,9.401918036,5.804145352,127.3894725,8.160359938
"2006","September",13,"SP",2,"A",20,"SP2-20",1.347053321,6.26,108.4355748,124.42778,4.481896444,122.9159126,7.873791964
"2006","September",13,"SP",2,"A",40,"SP2-40",2.145307141,6.6,261.9863092,355.6493276,2.436444167,114.6021805,7.341229671
"2006","September",13,"SP",4,"E",20,"SP4-20",1.272217025,6.24,56.22474489,97.47889515,4.11933874,97.84085755,6.267530329
"2006","September",13,"SP",4,"E",40,"SP4-40",1.347053321,6.55,194.7440234,253.5392872,4.792601372,116.7937884,7.481620019
"2006","September",13,"SP",5,"A",20,"SP5-20",1.19738073,6.26,33.49163599,83.03487264,6.54977854,142.2195543,9.110347542
"2006","September",13,"SP",5,"A",40,"SP5-40",1.446835048,6.48,66.561665,180.789255,8.935486588,156.2502087,10.00912531
"2006","September",13,"SP",8,"E",20,"SP8-20",1.347053321,6.53,106.6695011,136.38876,5.503652527,138.8411961,8.893936163
"2006","September",13,"SP",8,"E",40,"SP8-40",1.07265357,6.55,187.8140198,254.3111724,3.106840299,108.6935007,6.962730572
"2006","September",13,"SP",9,"A",20,"SP9-20",1.010289991,6.18,30.71368029,17.07184547,6.44856519,155.1251707,9.937057451
"2006","September",13,"SP",9,"A",40,"SP9-40",2.220143436,6.61,123.2956724,147.5403991,2.806572052,118.4839577,7.589889134
"2006","September",13,"SP",10,"E",20,"SP10-20",1.80854381,6.34,43.91590877,132.7125118,5.875328551,139.5286037,8.937970223
"2006","September",13,"SP",10,"E",40,"SP10-40",2.719052074,6.61,67.34812078,282.5529416,2.77044292,118.5480959,7.59399771
"2006","September",13,"SP",11,"A",20,"SP11-20",0.885562831,6.09,7.309646559,41.68872934,8.86367748,164.7357207,10.55269151
"2006","September",13,"SP",11,"A",40,"SP11-40",1.845961958,6.52,45.64098305,191.8448171,6.030352464,130.1649111,8.338149403
"2006","September",13,"SP",13,"A",20,"SP13-20",1.209853446,6.34,109.0815619,95.00920582,7.141216469,210.3899831,13.47721909
"2006","September",13,"SP",13,"A",40,"SP13-40",1.920798254,6.54,22.45223137,256.9114578,4.253028696,130.5883131,8.36527175
"2006","September",13,"SP",14,"E",20,"SP14-20",0.536326785,5.91,20.38324119,32.1493447,6.961278852,159.1433117,10.19445213
"2006","September",13,"SP",14,"E",40,"SP14-40",0.922980979,6.55,94.2051209,228.235846,6.057779164,143.172378,9.171383666
"2006","September",13,"MX",1,"E",20,"MX1-20",1.970689118,6.41,184.7234948,22.94096591,2.437885215,146.1815205,9.364143764
"2006","September",13,"MX",1,"E",40,"MX1-40",2.070470845,6.34,144.5916062,31.40671474,4.258830318,135.8924401,8.705044309
"2006","September",13,"MX",2,"A",20,"MX2-20",2.419706891,6.32,211.9916404,61.06099343,5.785461634,169.0962313,10.83201775
"2006","September",13,"MX",2,"A",40,"MX2-40",2.893670097,6.39,323.0626801,108.634302,4.573958203,168.3218731,10.78241379
"2006","September",13,"MX",4,"E",20,"MX4-20",2.070470845,6.37,123.35062,32.07471047,7.121219588,175.3351932,11.23167411
"2006","September",13,"MX",4,"E",40,"MX4-40",2.195198004,6.37,143.8947674,58.6309207,7.771777916,153.9544683,9.862064421
"2006","September",13,"MX",6,"A",20,"MX6-20",0.972871843,6.31,100.110443,28.25434669,4.591553337,143.3864598,9.18509735
"2006","September",13,"MX",6,"A",40,"MX6-40",2.170252572,6.39,108.8781147,61.01439551,5.577473487,148.295055,9.499532878
"2006","September",13,"MX",8,"E",20,"MX8-20",-99,6.41,244.0008171,52.08432981,5.343733624,200.6686121,12.85448606
"2006","September",13,"MX",8,"E",40,"MX8-40",2.2700343,6.51,172.7335308,161.3104418,2.712333125,134.3802341,8.608175195
"2006","September",13,"MX",9,"A",20,"MX9-20",2.045525413,6.27,97.64639331,32.02273801,4.822641921,137.2713173,8.793372637
"2006","September",13,"MX",9,"A",40,"MX9-40",1.222326162,6.35,79.80390663,39.97557738,10.62617592,203.2024231,13.0167973
"2006","September",13,"MX",11,"E",20,"MX11-20",1.945743686,6.29,157.0468575,17.2903182,3.289809732,122.093969,7.821139778
"2006","September",13,"MX",11,"E",40,"MX11-40",2.145307141,6.51,114.4702352,72.75806633,2.350393013,109.3945275,7.007637052
"2006","September",13,"MX",12,"A",20,"MX12-20",0.623635797,6.2,85.43942167,13.61961073,5.339223331,139.3043018,8.923601863
"2006","September",13,"MX",12,"A",40,"MX12-40",1.247271593,6.28,13.96155215,41.66036057,6.919563319,164.6771481,10.54893945
"2006","September",13,"MX",13,"E",20,"MX13-20",1.671343935,6.3,75.34807527,25.40577929,5.004251404,133.4646968,8.549527565
"2006","September",13,"MX",13,"E",40,"MX13-40",2.045525413,6.39,79.38729076,73.78953685,6.005318153,162.1116051,10.38459551
"2006","September",13,"MX",15,"A",20,"MX15-20",1.446835048,6.12,32.62149072,23.9457853,6.528873986,149.184158,9.556487169
"2006","September",13,"MX",15,"A",40,"MX15-40",1.097599002,6.41,18.40357615,49.37838193,4.732492202,114.7123357,7.348286006
"2006","October",16,"SC",1,"E",20,"SC1-20",2.507015903,6.37,474.532243,7.646323742,1.624675608,132.8360705,8.509258931
"2006","October",16,"SC",1,"E",40,"SC1-40",2.419706891,6.39,415.2909066,14.40518168,2.147907049,119.4224006,7.650004049
"2006","October",16,"SC",1,"E",80,"SC1-80",3.093233552,6.52,436.8085154,156.6240551,0.363817842,140.6832355,9.011933805
"2006","October",16,"SC",2,"A",20,"SC2-20",2.257561584,6.54,364.1894419,6.117513337,1.306921397,167.9803724,10.76053789
"2006","October",16,"SC",2,"A",40,"SC2-40",2.494543187,6.87,312.9668412,11.68898338,2.549048659,115.6308406,7.407123733
"2006","October",16,"SC",2,"A",80,"SC2-80",2.245088868,7.15,270.5592463,117.3183019,0.515695571,88.51893089,5.670384953
"2006","October",16,"SC",4,"A",20,"SC4-20",1.284689741,6.33,145.5495521,-99,-99,-99,-99
"2006","October",16,"SC",4,"A",40,"SC4-40",1.322107889,6.22,88.61959324,1.87461012,8.012563943,204.7591481,13.11651822
"2006","October",16,"SC",4,"A",80,"SC4-80",1.434362332,6.37,53.59259363,16.52053845,5.958580786,180.4252666,11.55773479
"2006","October",16,"SC",6,"E",20,"SC6-20",2.432179607,6.48,395.2702712,5.52276664,1.136101061,159.4654386,10.21508699
"2006","October",16,"SC",6,"E",40,"SC6-40",2.544434051,6.43,270.8557395,28.32803898,4.225670618,172.5556925,11.05362444
"2006","October",16,"SC",6,"E",80,"SC6-80",2.94356096,6.51,203.9059425,150.0322515,0.887248908,86.29240056,5.527757539
"2006","October",16,"SC",8,"A",20,"SC8-20",2.257561584,6.45,216.8482787,5.663834749,0.442414223,162.7037292,10.42252589
"2006","October",16,"SC",8,"A",40,"SC8-40",2.220143436,6.41,174.1351236,15.49660338,2.826612601,122.2973004,7.834164815
"2006","October",16,"SC",8,"A",80,"SC8-80",2.195198004,6.44,153.617794,127.2736324,1.423870867,69.20698166,4.433297213
"2006","October",16,"SC",9,"E",20,"SC9-20",-99,6.62,456.8242546,10.39321794,2.563580786,160.4864965,10.28049406
"2006","October",16,"SC",9,"E",40,"SC9-40",3.242906143,6.61,371.5823684,66.49422116,0.636887087,134.9809111,8.646653453
"2006","October",16,"SC",9,"E",80,"SC9-80",3.292797007,6.59,308.6485582,221.5881915,0.747660636,114.1024542,7.309218124
"2006","October",16,"SC",10,"E",20,"SC10-20",1.983161833,6.42,285.1476185,240.8898106,1.613789769,111.1071566,7.117344901
"2006","October",16,"SC",10,"E",40,"SC10-40",1.970689118,6.33,197.2139005,4.919875003,4.435608235,143.7055769,9.205539399
"2006","October",16,"SC",10,"E",80,"SC10-80",2.494543187,7.09,172.2172568,139.8318525,1.333194011,99.55422285,6.37728534
"2006","October",16,"SC",12,"A",20,"SC12-20",2.257561584,6.55,465.3507462,7.395659119,3.343770015,142.2841138,9.114483103
"2006","October",16,"SC",12,"A",40,"SC12-40",2.66916121,6.52,417.7522535,190.0816874,2.395757954,129.9000592,8.32118348
"2006","October",16,"SC",12,"A",80,"SC12-80",2.619270346,6.51,235.5763216,153.911292,2.2725733,125.4090889,8.033500225
"2006","October",16,"SC",14,"E",20,"SC14-20",1.384471469,6.24,101.408696,5.292602881,3.625892077,151.6646855,9.715385172
"2006","October",16,"SC",14,"E",40,"SC14-40",1.446835048,6.14,83.05984702,5.036342076,5.280673737,159.5806657,10.22246822
"2006","October",16,"SC",14,"E",80,"SC14-80",1.608980355,6.35,83.60840478,40.42293948,4.754644417,132.9252073,8.51496887
"2006","October",16,"SC",15,"A",20,"SC15-20",1.683816651,6.34,81.84649166,3.857099113,3.854840923,123.2622567,7.895978129
"2006","October",16,"SC",15,"A",40,"SC15-40",1.396944185,6.2,73.66128454,7.525701089,6.232963194,151.4082567,9.698958819
"2006","October",16,"SC",15,"A",80,"SC15-80",1.509198628,6.32,62.75994581,35.86155256,5.6644136,135.7412891,8.695361861
"2006","October",17,"SP",1,"E",20,"SP1-20",1.085126286,6.29,23.86668923,2.714591482,4.918075483,129.2343836,8.278541532
"2006","October",17,"SP",1,"E",40,"SP1-40",1.272217025,6.33,47.90859926,4.623498994,5.379129757,123.0311481,7.881173739
"2006","October",17,"SP",2,"A",20,"SP2-20",2.319925164,6.52,207.0355061,130.6455814,2.062414223,97.76776869,6.262848392
"2006","October",17,"SP",2,"A",40,"SP2-40",2.893670097,6.67,262.0432637,349.5537558,2.012657517,109.0454753,6.985277415
"2006","October",17,"SP",4,"E",20,"SP4-20",2.095416277,6.54,132.0948599,112.2054417,2.728761697,89.62332017,5.741130087
"2006","October",17,"SP",4,"E",40,"SP4-40",2.569379482,6.6,228.1723488,248.7329427,3.137788522,95.89742172,6.143037425
"2006","October",17,"SP",5,"A",20,"SP5-20",1.970689118,6.51,64.24403944,94.5884395,5.181631316,115.1842793,7.378517839
"2006","October",17,"SP",5,"A",40,"SP5-40",2.469597755,6.61,63.22316926,182.6870809,4.559151591,101.9161834,6.528588161
"2006","October",17,"SP",8,"E",20,"SP8-20",1.920798254,6.42,162.664447,266.9185392,2.158278228,94.07787306,6.026480504
"2006","October",17,"SP",8,"E",40,"SP8-40",2.544434051,6.62,149.2647988,139.6638562,1.83128821,98.52031312,6.311054996
"2006","October",17,"SP",9,"A",20,"SP9-20",1.272217025,6.31,48.2779282,7.380588213,3.710208983,112.7380367,7.221816064
"2006","October",17,"SP",9,"A",40,"SP9-40",2.868724665,6.66,121.7899378,150.0660502,1.80360262,118.2459803,7.57464474
"2006","October",17,"SP",10,"E",20,"SP10-20",2.2700343,6.57,70.90978816,151.6210685,4.453091079,152.2495543,9.752850787
"2006","October",17,"SP",10,"E",40,"SP10-40",3.816651076,6.67,81.24859592,280.9651773,1.691503431,94.7262031,6.068011327
"2006","October",17,"SP",11,"A",20,"SP11-20",0.498908637,6.22,14.31800009,18.46418661,3.508072364,97.23248425,6.228559061
"2006","October",17,"SP",11,"A",40,"SP11-40",1.958216402,6.54,40.06974756,162.8524947,3.376422333,85.13635261,5.453703246
"2006","October",17,"SP",13,"A",20,"SP13-20",2.245088868,6.57,20.01320143,108.3348231,3.092810356,188.2456192,12.05869211
"2006","October",17,"SP",13,"A",40,"SP13-40",2.033052697,6.59,214.8829557,265.2293234,3.496144729,136.6207419,8.751697977
"2006","October",17,"SP",14,"E",20,"SP14-20",1.496725912,6.36,70.82949926,38.71222546,3.573250156,130.0131876,8.328430273
"2006","October",17,"SP",14,"E",40,"SP14-40",2.319925164,6.62,135.1321826,270.4859112,4.294663132,138.5175712,8.873205355
"2006","October",17,"MX",1,"E",20,"MX1-20",-99,6.51,177.5926188,9.34878201,1.691674984,145.8662652,9.343949094
"2006","October",17,"MX",1,"E",40,"MX1-40",1.920798254,6.41,144.704263,14.35614584,3.758958203,139.7704852,8.953464706
"2006","October",17,"MX",2,"A",20,"MX2-20",2.469597755,6.43,160.678087,32.57509778,4.396107299,160.0613681,10.25326113
"2006","October",17,"MX",2,"A",40,"MX2-40",2.220143436,6.49,199.3089324,65.31060098,3.579092327,139.0963385,8.910280116
"2006","October",17,"MX",4,"E",20,"MX4-20",2.594324914,6.47,111.1634808,12.95410834,4.378908297,157.0080931,10.05767398
"2006","October",17,"MX",4,"E",40,"MX4-40",1.995634549,6.38,157.8995853,30.31462815,6.335339988,146.870646,9.408287871
"2006","October",17,"MX",6,"A",20,"MX6-20",1.970689118,6.4,92.51116856,12.03844001,3.603206488,135.8620987,8.7031007
"2006","October",17,"MX",6,"A",40,"MX6-40",2.344870596,6.42,105.0903527,45.24673746,3.856122895,130.5678477,8.363960771
"2006","October",17,"MX",8,"E",20,"MX8-20",2.694106642,6.53,202.415038,37.19000858,2.346182158,155.7417292,9.97655305
"2006","October",17,"MX",8,"E",40,"MX8-40",2.918615529,6.55,223.4384648,134.6260181,2.534703681,131.963952,8.453392635
"2006","October",17,"MX",9,"A",20,"MX9-20",2.145307141,6.41,109.1479134,14.49305836,3.51801622,138.7265585,8.886592696
"2006","October",17,"MX",9,"A",40,"MX9-40",2.170252572,6.41,124.7057524,35.40333054,4.102779164,126.6962849,8.115955623
"2006","October",17,"MX",11,"E",20,"MX11-20",2.170252572,6.52,158.9998594,9.671753737,2.607092951,120.8072327,7.738713835
"2006","October",17,"MX",11,"E",40,"MX11-40",2.145307141,6.54,177.4962721,57.55456991,1.329101684,100.3138928,6.425948393
"2006","October",17,"MX",12,"A",20,"MX12-20",1.07265357,6.34,88.96012334,5.870671849,3.872053441,126.39896,8.096909542
"2006","October",17,"MX",12,"A",40,"MX12-40",1.771125663,6.35,107.2839465,24.68963423,4.485829694,126.3490691,8.093713622
"2006","October",17,"MX",13,"E",20,"MX13-20",2.195198004,6.41,69.42665622,8.318696686,3.936185278,131.0146516,8.392582206
"2006","October",17,"MX",13,"E",40,"MX13-40",1.895852822,6.43,89.65655051,41.76408386,4.350364941,123.4740818,7.909547253
"2006","October",17,"MX",15,"A",20,"MX15-20",0.972871843,6.2,25.61825161,6.207440102,6.534048659,133.860567,8.57488628
"2006","October",17,"MX",15,"A",40,"MX15-40",3.442469598,6.43,31.1897954,32.88327564,4.713343731,116.2801749,7.448718885
"2006","November",15,"SC",1,"E",20,"SC1-20",2.070470845,6.68,392.0209581,6.773208551,2.252950717,118.9572638,7.620208245
"2006","November",15,"SC",1,"E",40,"SC1-40",3.018397256,6.56,355.5293834,17.0727874,1.82404242,122.1574697,7.825207516
"2006","November",15,"SC",1,"E",80,"SC1-80",3.517305893,6.63,399.2228991,148.0579074,0.166843419,112.6527109,7.21635025
"2006","November",15,"SC",2,"A",20,"SC2-20",1.845961958,6.58,227.1639155,2.045653818,3.196681223,125.7735571,8.056847388
"2006","November",15,"SC",2,"A",40,"SC2-40",2.66916121,6.55,339.1339567,11.6576226,2.380938865,116.8617405,7.485972901
"2006","November",15,"SC",2,"A",80,"SC2-80",3.34268787,6.7,294.5031684,133.1274603,0.460346226,106.6318364,6.83066417
"2006","November",15,"SC",4,"A",20,"SC4-20",0.698472092,6.39,61.20313617,2.531302673,4.410464754,107.6665726,6.89694746
"2006","November",15,"SC",4,"A",40,"SC4-40",3.791705644,6.28,57.49018575,4.248277768,4.516559576,125.1446319,8.0165596
"2006","November",15,"SC",4,"A",80,"SC4-80",1.721234799,6.44,48.4808691,12.96413714,3.442676232,115.0916107,7.372581663
"2006","November",15,"SC",6,"E",20,"SC6-20",2.070470845,6.61,214.6404195,6.251045995,3.189351216,135.8255289,8.700758105
"2006","November",15,"SC",6,"E",40,"SC6-40",2.743997505,6.58,219.5421639,27.17256594,3.279373051,150.4466601,9.637360719
"2006","November",15,"SC",6,"E",80,"SC6-80",3.143124415,6.74,260.5226083,145.7629187,1.561135371,135.0374725,8.650276669
"2006","November",15,"SC",8,"A",20,"SC8-20",2.120361709,6.57,214.0632713,8.41277903,1.740230817,119.3543385,7.645644119
"2006","November",15,"SC",8,"A",40,"SC8-40",2.2700343,6.56,149.4566199,14.61661763,2.5174267,119.4468406,7.651569634
"2006","November",15,"SC",8,"A",80,"SC8-80",2.644215778,6.55,121.2557558,115.0510171,2.59040549,111.1436276,7.119681171
"2006","November",15,"SC",9,"E",20,"SC9-20",2.719052074,6.76,403.3885148,7.239520103,1.170377417,136.7616135,8.760721954
"2006","November",15,"SC",9,"E",40,"SC9-40",3.617087621,6.66,370.4416013,92.07531052,0.877164691,133.5567447,8.555423986
"2006","November",15,"SC",9,"E",80,"SC9-80",3.118178983,6.72,267.2432275,193.960063,1.108437305,128.7778223,8.249295057
"2006","November",15,"SC",10,"E",20,"SC10-20",1.671343935,6.53,265.7821043,8.180731409,2.982916407,119.0783385,7.62796407
"2006","November",15,"SC",10,"E",40,"SC10-40",2.494543187,6.52,257.0469421,4.748831305,2.304139114,126.1125162,8.078560481
"2006","November",15,"SC",10,"E",80,"SC10-80",2.644215778,6.6,118.8290684,121.5664688,2.173836556,117.5035882,7.527088475
"2006","November",15,"SC",12,"A",20,"SC12-20",2.419706891,6.62,308.2207515,124.5748875,2.805056145,130.0882341,8.333237615
"2006","November",15,"SC",12,"A",40,"SC12-40",2.66916121,6.6,321.018767,130.6519533,3.173624454,134.856426,8.638679162
"2006","November",15,"SC",12,"A",80,"SC12-80",2.793888369,6.6,226.9881426,110.8054543,2.213474735,128.0263836,8.201159287
"2006","November",15,"SC",14,"E",20,"SC14-20",0.898035547,6.26,51.13042117,3.175971745,4.812577459,126.7602482,8.120052996
"2006","November",15,"SC",14,"E",40,"SC14-40",1.434362332,6.31,58.40135715,7.882028273,5.544426076,149.3701693,9.568402708
"2006","November",15,"SC",14,"E",80,"SC14-80",1.47178048,6.39,76.46069383,27.57443829,4.938399875,133.6414584,8.560850588
"2006","November",15,"SC",15,"A",20,"SC15-20",1.446835048,6.47,44.96595974,7.02248798,4.287785402,149.368725,9.568310189
"2006","November",15,"SC",15,"A",40,"SC15-40",1.259744309,6.27,34.43364347,3.560612288,6.131547099,152.6195543,9.776552302
"2006","November",15,"SC",15,"A",80,"SC15-80",1.521671344,6.52,36.56190037,40.57946635,4.991344354,133.2946544,8.538634969
"2006","November",17,"SP",1,"E",20,"SP1-20",0.548799501,6.24,10.09377959,4.30196787,4.834204616,112.6924739,7.218897397
"2006","November",17,"SP",1,"E",40,"SP1-40",1.47178048,6.35,29.9609668,4.243955964,5.141674984,123.8979126,7.936697067
"2006","November",17,"SP",2,"A",20,"SP2-20",2.319925164,6.59,151.1372405,90.67404874,2.557043044,117.616677,7.534332738
"2006","November",17,"SP",2,"A",40,"SP2-40",3.542251325,6.69,322.6306753,339.1803184,2.01297879,119.1279126,7.631139692
"2006","November",17,"SP",4,"E",20,"SP4-20",1.970689118,6.58,119.6011032,68.52330806,2.738633812,116.9995712,7.494802084
"2006","November",17,"SP",4,"E",40,"SP4-40",2.793888369,6.64,196.7334876,251.5365744,3.558106675,115.6074753,7.405626995
"2006","November",17,"SP",5,"A",20,"SP5-20",2.170252572,6.63,64.9695565,57.91643787,4.117744853,124.0715882,7.947822405
"2006","November",17,"SP",5,"A",40,"SP5-40",2.694106642,6.58,87.90458115,149.7800908,6.119578915,136.3751171,8.735963705
"2006","November",17,"SP",8,"E",20,"SP8-20",1.746180231,6.49,126.5734927,95.61531114,3.286562695,110.7278731,7.093048702
"2006","November",17,"SP",8,"E",40,"SP8-40",2.868724665,6.64,174.889149,239.9455519,1.95010917,106.0342567,6.792384321
"2006","November",17,"SP",9,"A",20,"SP9-20",0.723417524,6.35,36.49168924,5.724561634,4.856135371,106.2840959,6.808388558
"2006","November",17,"SP",9,"A",40,"SP9-40",3.193015279,6.67,172.6594178,127.6490753,1.837595134,116.785622,7.481096892
"2006","November",17,"SP",10,"E",20,"SP10-20",1.347053321,6.56,52.56060982,68.98751412,4.342323768,112.1385472,7.183413881
"2006","November",17,"SP",10,"E",40,"SP10-40",3.791705644,6.7,119.9070868,269.9979352,2.055215221,112.6927898,7.218917636
"2006","November",17,"SP",11,"A",20,"SP11-20",0.573744933,6.31,6.552267769,9.13269182,4.485963818,116.4381975,7.458841519
"2006","November",17,"SP",11,"A",40,"SP11-40",2.107888993,6.54,55.94382429,173.8705458,5.686260137,134.4787983,8.614489034
"2006","November",17,"SP",13,"A",20,"SP13-20",2.519488619,6.62,125.9698753,96.501835,2.182036806,124.6545914,7.985168517
"2006","November",17,"SP",13,"A",40,"SP13-40",2.157779857,6.59,207.4554368,184.5814716,2.778705552,116.5199633,7.464079289
"2006","November",17,"SP",14,"E",20,"SP14-20",1.396944185,6.47,51.30762541,66.28660834,4.292270742,132.0955882,8.461825
"2006","November",17,"SP",14,"E",40,"SP14-40",3.193015279,6.62,192.8296314,285.292522,3.713546475,137.7876417,8.826447423
"2006","November",17,"MX",1,"E",20,"MX1-20",2.918615529,6.5,233.6239022,9.246554723,2.013462258,145.7986121,9.339615366
"2006","November",17,"MX",1,"E",40,"MX1-40",2.968506392,6.45,192.3267329,13.25641298,3.384500936,141.0698082,9.036696933
"2006","November",17,"MX",2,"A",20,"MX2-20",2.376052385,6.45,358.4954623,26.35170025,3.14132252,143.8773597,9.216543487
"2006","November",17,"MX",2,"A",40,"MX2-40",3.043342688,6.5,228.2694509,62.68283343,3.244076731,145.6479972,9.329967251
"2006","November",17,"MX",4,"E",20,"MX4-20",2.469597755,6.49,104.5501564,12.11750685,3.706194635,146.8683131,9.408138432
"2006","November",17,"MX",4,"E",40,"MX4-40",2.793888369,6.43,131.0200826,35.36199637,5.151777916,147.6399323,9.457566929
"2006","November",17,"MX",6,"A",20,"MX6-20",1.708762083,6.39,111.8454028,9.83321189,4.740081098,135.390519,8.672892177
"2006","November",17,"MX",6,"A",40,"MX6-40",2.719052074,6.48,111.3626829,42.7176511,3.829344978,130.8127504,8.379648784
"2006","November",17,"MX",8,"E",20,"MX8-20",2.968506392,6.62,290.1216182,44.62367741,1.80364005,138.1372158,8.84884049
"2006","November",17,"MX",8,"E",40,"MX8-40",3.242906143,6.62,162.7961013,123.3628986,2.317414223,131.7638928,8.44057721
"2006","November",17,"MX",9,"A",20,"MX9-20",2.469597755,6.5,140.1846294,13.00497265,3.328181535,131.4040169,8.417524227
"2006","November",17,"MX",9,"A",40,"MX9-40",2.868724665,6.53,86.87704,49.49734235,3.592099189,128.7553343,8.247854516
"2006","November",17,"MX",11,"E",20,"MX11-20",1.671343935,6.4,90.90909965,6.846235954,4.157214598,123.6474386,7.920652172
"2006","November",17,"MX",11,"E",40,"MX11-40",2.195198004,6.58,108.018086,37.93624004,1.915711167,106.2782539,6.808014329
"2006","November",17,"MX",12,"A",20,"MX12-20",1.222326162,6.35,45.00739087,5.965197456,5.335502183,135.775732,8.697568208
"2006","November",17,"MX",12,"A",40,"MX12-40",1.970689118,6.39,100.2249857,20.83336623,4.649348097,132.599055,8.494076156
"2006","November",17,"MX",13,"E",20,"MX13-20",1.746180231,6.5,64.75176718,6.599117426,4.508541277,132.387528,8.480526125
"2006","November",17,"MX",13,"E",40,"MX13-40",2.469597755,6.48,73.39897737,41.8988909,4.153116032,123.4116728,7.905549447
"2006","November",17,"MX",15,"A",20,"MX15-20",0.498908637,6.14,111.9977858,4.228940466,6.595028072,115.6214612,7.406522906
"2006","November",17,"MX",15,"A",40,"MX15-40",1.696289367,6.43,24.92641525,28.74769722,5.578490331,120.9667504,7.748932239
"2007","January",NA,"SC",1,"E",20,"SC1-20",-99,-99,-99,-99,-99,-99,-99
"2007","January",NA,"SC",1,"E",20,"SP1-20",-99,-99,-99,-99,-99,-99,-99
"2007","January",NA,"SC",1,NA,20,"MX1-21",-99,-99,-99,-99,-99,-99,-99
"2007","January",NA,"SC",1,"E",20,"SC1-20",-99,-99,-99,-99,-99,-99,-99
"2007","January",NA,"SC",1,"E",20,"SP1-20",-99,-99,-99,-99,-99,-99,-99
"2007","January",NA,"SC",1,"E",20,"MX1-20",-99,-99,-99,-99,-99,-99,-99
"2007","January",NA,"SC",1,"E",20,"SC1-20",-99,-99,-99,-99,-99,-99,-99
"2007","January",NA,"SC",1,"E",20,"SP1-20",-99,-99,-99,-99,-99,-99,-99
"2007","January",NA,"SC",1,"E",20,"MX1-20",-99,-99,-99,-99,-99,-99,-99
"2007","January",NA,"SC",1,"E",20,"SC1-20",-99,-99,-99,-99,-99,-99,-99
"2007","April",18,"SC",1,"E",20,"SC1-20",1.066696928,6.34,99.90333417,-99,2.644510293,57.55732017,3.687041449
"2007","April",18,"SC",1,"E",40,"SC1-40",2.4567854,6.58,175.6092275,-99,1.575077979,98.83754584,6.331376337
"2007","April",18,"SC",1,"E",80,"SC1-80",4.149764908,6.58,356.0968685,-99,0.28312539,117.6719887,7.537875904
"2007","April",18,"SC",2,"A",20,"SC2-20",0.947846962,6.28,134.8666157,-99,3.150686213,66.40287729,4.253671474
"2007","April",18,"SC",2,"A",40,"SC2-40",1.968676838,6.51,208.1997355,-99,2.105177792,93.4393512,5.985577975
"2007","April",18,"SC",2,"A",80,"SC2-80",3.300838504,6.63,209.7167525,-99,0.438833437,111.06,7.114324139
"2007","April",18,"SC",4,"A",20,"SC4-20",0.013685148,6.25,15.28343006,-99,2.548003743,45.60019746,2.921090289
"2007","April",18,"SC",4,"A",40,"SC4-40",0.513576135,6.25,40.54177632,-99,3.01069869,62.83991537,4.025434725
"2007","April",18,"SC",4,"A",80,"SC4-80",2.215528053,6.38,74.21377654,-99,2.788116032,111.7250212,7.156924164
"2007","April",18,"SC",6,"E",20,"SC6-20",1.20934522,6.4,90.42661806,-99,3.454179663,75.51368124,4.83729272
"2007","April",18,"SC",6,"E",40,"SC6-40",2.4567854,6.56,201.9891939,-99,2.971023082,103.9678984,6.660017234
"2007","April",18,"SC",6,"E",80,"SC6-80",2.744502418,6.56,15.84770392,-99,1.248003743,121.2566996,7.76750585
"2007","April",18,"SC",8,"A",20,"SC8-20",0.969075249,6.46,83.59128397,-99,3.070243294,68.10002821,4.362387822
"2007","April",18,"SC",8,"A",40,"SC8-40",2.119525741,6.5,75.79863189,-99,2.537211478,117.5791819,7.531930874
"2007","April",18,"SC",8,"A",80,"SC8-80",3.20478258,6.44,77.50008032,-99,2.203275109,116.0313117,7.43277717
"2007","April",18,"SC",9,"E",20,"SC9-20",1.350973056,6.55,91.53830423,-99,3.878228322,97.75751763,6.262191728
"2007","April",18,"SC",9,"E",40,"SC9-40",2.51180836,6.53,206.5544923,-99,3.964504055,119.4644006,7.652694491
"2007","April",18,"SC",9,"E",80,"SC9-80",4.810076914,6.56,182.4802454,-99,0.894260761,127.0284626,8.137234313
"2007","April",18,"SC",10,"E",20,"SC10-20",1.156942391,6.54,39.59034027,-99,3.06871491,81.57943583,5.225853737
"2007","April",18,"SC",10,"E",40,"SC10-40",2.438713577,6.54,157.4148266,-99,1.978571429,114.997433,7.366548813
"2007","April",18,"SC",10,"E",80,"SC10-80",3.660279468,6.56,121.1613095,-99,1.803898939,120.6539351,7.728893874
"2007","April",18,"SC",12,"A",20,"SC12-20",1.218306941,6.49,52.29741639,-99,3.377074236,80.87475317,5.18071307
"2007","April",18,"SC",12,"A",40,"SC12-40",2.54917326,6.51,204.2515177,-99,3.141578291,126.9245416,8.130577325
"2007","April",18,"SC",12,"A",80,"SC12-80",4.211495553,6.5,152.2906135,-99,2.189956332,125.241213,8.022746407
"2007","April",18,"SC",14,"E",20,"SC14-20",0.310862147,6.07,15.94900395,-99,5.144011229,95.8922708,6.142707467
"2007","April",18,"SC",14,"E",40,"SC14-40",0.969075249,6.28,14.48688502,-99,5.293325016,124.1609591,7.953547342
"2007","April",18,"SC",14,"E",80,"SC14-80",1.815113312,6.33,38.16403581,-99,4.687492202,138.0056417,8.8404121
"2007","April",18,"SC",15,"A",20,"SC15-20",0.590917614,6.32,14.83548785,-99,3.956019963,82.07543018,5.257626218
"2007","April",18,"SC",15,"A",40,"SC15-40",1.292433271,6.3,42.17198795,-99,4.840517779,125.4947814,8.03898953
"2007","April",18,"SC",15,"A",80,"SC15-80",2.166995325,6.33,6.177668134,-99,4.737024329,143.4113963,9.186694738
"2007","April",19,"SP",1,"E",20,"SP1-20",0.932481951,6.65,23.1119304,-99,2.102900811,58.04157969,3.718062218
"2007","April",19,"SP",1,"E",40,"SP1-40",1.558133235,6.32,26.27320913,-99,3.773705552,110.0345839,7.048637882
"2007","April",19,"SP",2,"A",20,"SP2-20",1.921650742,6.69,189.4900709,-99,1.644728634,65.30425952,4.183296052
"2007","April",19,"SP",2,"A",40,"SP2-40",3.988860257,6.68,314.9231596,-99,1.010230817,110.2223413,7.060665274
"2007","April",19,"SP",4,"E",20,"SP4-20",1.367975965,6.53,27.81359127,-99,2.504585153,65.1261213,4.171884847
"2007","April",19,"SP",4,"E",40,"SP4-40",2.965479131,6.61,25.52915331,-99,1.746849657,98.39461213,6.303002823
"2007","April",19,"SP",5,"A",20,"SP5-20",1.978043413,6.63,147.0344145,-99,1.601965066,77.96538787,4.994344511
"2007","April",19,"SP",5,"A",40,"SP5-40",3.030511196,6.64,125.3612008,-99,1.647691828,102.8829337,6.5905164
"2007","April",19,"SP",8,"E",20,"SP8-20",1.062102812,6.5,124.9668077,-99,2.81646912,62.20942172,3.985046468
"2007","April",19,"SP",8,"E",40,"SP8-40",3.257761565,6.71,131.1261637,-99,1.076013724,102.5836953,6.571347744
"2007","April",19,"SP",9,"A",20,"SP9-20",0.59990113,6.21,38.82605193,-99,2.60062383,53.4838646,3.426103421
"2007","April",19,"SP",9,"A",40,"SP9-40",2.157346487,6.6,90.23811096,-99,1.677136619,81.52722144,5.22250898
"2007","April",19,"SP",10,"E",20,"SP10-20",0.83060586,6.51,31.36939084,-99,3.050935745,60.83588152,3.897060024
"2007","April",19,"SP",10,"E",40,"SP10-40",3.502052864,6.65,86.42722114,-99,1.771709295,108.5605924,6.954216711
"2007","April",19,"SP",11,"A",20,"SP11-20",0.351313228,6.37,10.33466952,-99,3.223923893,50.82062059,3.255500937
"2007","April",19,"SP",11,"A",40,"SP11-40",2.080741842,6.5,42.10554633,-99,3.560417966,119.4340197,7.650748352
"2007","April",19,"SP",13,"A",20,"SP13-20",1.338620422,6.59,70.79757588,-99,1.425639426,81.8064598,5.240396473
"2007","April",19,"SP",13,"A",40,"SP13-40",2.81911304,6.64,242.6361302,-99,0.682563943,116.9143865,7.489345305
"2007","April",19,"SP",14,"E",20,"SP14-20",0.562103925,6.54,28.53745457,-99,3.333593263,69.86942172,4.475731897
"2007","April",19,"SP",14,"E",40,"SP14-40",2.839571644,6.71,152.4490756,-99,1.636899563,124.7193794,7.989318714
"2007","April",19,"MX",1,"E",20,"MX1-20",1.840061831,6.43,128.6348164,-99,2.708359326,97.96324401,6.275370179
"2007","April",19,"MX",1,"E",40,"MX1-40",2.439527318,6.56,158.2748717,-99,2.355302558,124.6094499,7.982276835
"2007","April",19,"MX",2,"A",20,"MX2-20",1.992398285,6.47,216.9212185,-99,2.822395508,97.25929478,6.230276494
"2007","April",19,"MX",2,"A",40,"MX2-40",2.566185623,6.52,31.30242326,-99,1.939831566,116.7969252,7.481820957
"2007","April",19,"MX",4,"E",20,"MX4-20",1.069810606,6.49,157.7097369,-99,2.847161572,87.35816643,5.596028529
"2007","April",19,"MX",4,"E",40,"MX4-40",2.302411596,6.53,190.5223174,-99,2.908515284,122.772835,7.864626679
"2007","April",19,"MX",6,"A",20,"MX6-20",0.654280178,6.38,43.05369991,-99,3.421834061,73.71664316,4.722177785
"2007","April",19,"MX",6,"A",40,"MX6-40",2.03609098,6.49,143.1727878,-99,3.396631316,122.0579972,7.818835492
"2007","April",19,"MX",8,"E",20,"MX8-20",1.66290582,6.5,139.003417,-99,2.219775421,86.61004231,5.548105082
"2007","April",19,"MX",8,"E",40,"MX8-40",2.719009903,6.53,185.0158954,-99,1.983281347,122.1561636,7.825123852
"2007","April",19,"MX",9,"A",20,"MX9-20",0.966812231,6.41,66.7457817,-99,2.291172801,67.03667137,4.29427115
"2007","April",19,"MX",9,"A",40,"MX9-40",2.38717724,6.57,86.87222326,-99,2.168870867,114.6127221,7.341904947
"2007","April",19,"MX",11,"E",20,"MX11-20",0.739859998,6.27,44.22077613,-99,2.950873362,58.63492243,3.756070656
"2007","April",19,"MX",11,"E",40,"MX11-40",1.894060197,6.54,127.6617416,-99,2.407735496,96.07954866,6.15470414
"2007","April",19,"MX",12,"A",20,"MX12-20",0.604254677,6.27,68.89922392,-99,2.55102932,56.83909732,3.641033422
"2007","April",19,"MX",12,"A",40,"MX12-40",1.201025816,6.43,97.23609525,-99,3.264160948,98.53777151,6.312173348
"2007","April",19,"MX",13,"E",20,"MX13-20",0.842705195,6.34,27.79007593,-99,2.886431691,67.15012694,4.301538904
"2007","April",19,"MX",13,"E",40,"MX13-40",1.761936998,6.43,76.15408767,-99,3.451777916,103.1054443,6.604770016
"2007","April",19,"MX",15,"A",20,"MX15-20",0.066591109,6.05,11.08997181,-99,3.135995009,58.52826516,3.749238389
"2007","April",19,"MX",15,"A",40,"MX15-40",1.039311034,6.44,39.3849245,-99,3.37900811,95.48519041,6.11663065
"2007","May",16,"SC",1,"E",20,"SC1-20",1.038993846,6.36,111.3114542,-99,1.895570805,51.68397743,3.310805979
"2007","May",16,"SC",1,"E",40,"SC1-40",3.022624077,6.64,211.9792848,-99,2.108359326,89.71435825,5.746961818
"2007","May",16,"SC",1,"E",80,"SC1-80",4.767161153,6.62,292.1652654,-99,0.277947598,123.9045698,7.937123519
"2007","May",16,"SC",2,"A",20,"SC2-20",1.295564428,6.35,130.7178974,-99,2.365470992,56.31291961,3.607327451
"2007","May",16,"SC",2,"A",40,"SC2-40",2.529816051,6.55,221.6822733,-99,2.108359326,89.71435825,5.746961818
"2007","May",16,"SC",2,"A",80,"SC2-80",4.600455082,6.76,270.1660827,-99,0.364940736,118.4310014,7.586496853
"2007","May",16,"SC",4,"A",20,"SC4-20",0.323263376,6.26,16.5887013,-99,2.449282595,52.471622,3.361261033
"2007","May",16,"SC",4,"A",40,"SC4-40",0.809840895,6.31,25.53609948,-99,2.518247037,58.271622,3.732798303
"2007","May",16,"SC",4,"A",80,"SC4-80",2.566093988,6.42,44.26376039,-99,3.000655022,118.2707193,7.576229479
"2007","May",16,"SC",6,"E",20,"SC6-20",1.722389325,6.41,115.4483722,-99,2.628477854,70.08375176,4.489461483
"2007","May",16,"SC",6,"E",40,"SC6-40",2.735891241,6.59,179.8920476,-99,2.930754835,102.3423131,6.555885245
"2007","May",16,"SC",6,"E",80,"SC6-80",4.503242884,6.61,252.9080293,-99,1.184248284,138.9775176,8.902668671
"2007","May",16,"SC",8,"A",20,"SC8-20",1.342511622,6.49,54.97904991,-99,2.546693699,65.4787024,4.19447054
"2007","May",16,"SC",8,"A",40,"SC8-40",2.372808415,6.54,100.2614343,-99,2.436182158,113.6122708,7.277817885
"2007","May",16,"SC",8,"A",80,"SC8-80",2.916923899,6.51,96.19666374,-99,2.496194635,121.597969,7.789366936
"2007","May",16,"SC",9,"E",20,"SC9-20",1.889403981,6.58,78.09726328,-99,3.340205864,95.09881523,6.091880171
"2007","May",16,"SC",9,"E",40,"SC9-40",2.65908119,6.57,143.7713598,-99,3.83003743,122.7688858,7.864373699
"2007","May",16,"SC",9,"E",80,"SC9-80",5.266779566,6.58,205.7500918,-99,0.844697442,128.6920451,8.243800331
"2007","May",16,"SC",10,"E",20,"SC10-20",1.784803315,6.48,90.36288332,-99,2.76007486,82.14874471,5.262322611
"2007","May",16,"SC",10,"E",40,"SC10-40",2.640218016,6.59,102.9731145,-99,2.104304429,116.4505783,7.459634611
"2007","May",16,"SC",10,"E",80,"SC10-80",3.905613079,6.56,114.4750345,-99,1.826263256,126.2561354,8.08776046
"2007","May",16,"SC",12,"A",20,"SC12-20",1.698039192,6.52,84.61430024,-99,3.049844042,77.9229055,4.991623169
"2007","May",16,"SC",12,"A",40,"SC12-40",3.022624077,6.53,140.7731406,-99,3.515782907,127.4011848,8.161110204
"2007","May",16,"SC",12,"A",80,"SC12-80",3.98992415,6.55,146.7662233,-99,2.311696818,133.2515374,8.535872969
"2007","May",16,"SC",14,"E",20,"SC14-20",0.733017588,6.13,12.45485942,-99,4.298378041,88.68488011,5.681015353
"2007","May",16,"SC",14,"E",40,"SC14-40",1.295564428,6.3,27.55520179,-99,5.493449782,123.9288293,7.938677539
"2007","May",16,"SC",14,"E",80,"SC14-80",2.178517139,6.34,38.42615821,-99,4.809918902,141.4353738,9.060114388
"2007","May",16,"SC",15,"A",20,"SC15-20",1.046416991,6.34,19.03276494,-99,3.483686837,78.78236953,5.046678845
"2007","May",16,"SC",15,"A",40,"SC15-40",1.638659315,6.34,36.70254339,-99,4.649625702,117.6945839,7.539323311
"2007","May",16,"SC",15,"A",80,"SC15-80",2.241445646,6.37,15.92315537,-99,4.914566438,148.2911425,9.499282247
"2007","May",16,"SP",1,"E",20,"SP1-20",0.94715155,6.25,10.27013992,-99,1.636369308,57.07272214,3.655998996
"2007","May",16,"SP",1,"E",40,"SP1-40",1.772142154,6.32,37.71570026,-99,3.594541485,108.5486883,6.953454157
"2007","May",16,"SP",2,"A",20,"SP2-20",3.268842702,6.62,210.0871449,-99,0.481971304,60.77119887,3.892916573
"2007","May",16,"SP",2,"A",40,"SP2-40",4.767161153,6.67,296.1684695,-99,0.790237056,106.4815233,6.82103539
"2007","May",16,"SP",4,"E",20,"SP4-20",2.372808415,6.56,137.5141783,-99,1.216781036,60.78787024,3.89398451
"2007","May",16,"SP",4,"E",40,"SP4-40",3.905613079,6.61,259.1552484,-99,1.51132252,91.60284908,5.867935047
"2007","May",16,"SP",5,"A",20,"SP5-20",3.132154499,6.65,105.1361198,-99,0.751216469,73.54022567,4.710876807
"2007","May",16,"SP",5,"A",40,"SP5-40",3.96162015,6.65,170.1632522,-99,1.317217717,96.84093089,6.203476877
"2007","May",16,"SP",8,"E",20,"SP8-20",1.849478993,6.47,109.0690047,-99,1.589831566,57.3819464,3.67580733
"2007","May",16,"SP",8,"E",40,"SP8-40",4.16404569,6.67,251.9147484,-99,1.052807236,96.81069111,6.201539773
"2007","May",16,"SP",9,"A",20,"SP9-20",0.981473353,6.33,55.59006564,-99,1.816968185,54.75026798,3.507226879
"2007","May",16,"SP",9,"A",40,"SP9-40",3.769035063,6.66,148.4513316,-99,1.511509669,91.11235543,5.836514931
"2007","May",16,"SP",10,"E",20,"SP10-20",1.849478993,6.47,35.14003125,-99,2.039176544,58.80840621,3.767183706
"2007","May",16,"SP",10,"E",40,"SP10-40",4.16404569,6.7,61.95343942,-99,1.662538989,99.45875882,6.371170091
"2007","May",16,"SP",11,"A",20,"SP11-20",0.702366111,6.09,8.035890749,-99,1.461072988,44.94843441,2.879339554
"2007","May",16,"SP",11,"A",40,"SP11-40",3.044219371,6.55,48.96330288,-99,3.152308172,105.6438928,6.767378332
"2007","May",16,"SP",13,"A",20,"SP13-20",3.132154499,6.59,158.3919408,-99,0.626107299,77.41260931,4.958934539
"2007","May",16,"SP",13,"A",40,"SP13-40",4.253935586,6.67,202.1438092,-99,0.500436681,108.3042595,6.937796502
"2007","May",16,"SP",14,"E",20,"SP14-20",1.604032811,6.51,50.01248761,-99,1.706051154,67.1293653,4.300208952
"2007","May",16,"SP",14,"E",40,"SP14-40",4.439578667,6.71,137.1853141,-99,1.477854024,117.3450776,7.516934581
"2007","May",16,"MX",1,"E",20,"MX1-20",2.775124327,6.52,105.0358608,-99,1.896849657,93.99971791,6.02147403
"2007","May",16,"MX",1,"E",40,"MX1-40",3.387295315,6.51,209.8537964,-99,2.150904554,119.8621439,7.678173191
"2007","May",16,"MX",2,"A",20,"MX2-20",3.222629714,6.48,226.4839464,-99,2.069182782,82.21796897,5.266756989
"2007","May",16,"MX",2,"A",40,"MX2-40",3.98992415,6.58,254.4145257,-99,1.702245789,107.1166996,6.861723609
"2007","May",16,"MX",4,"E",20,"MX4-20",2.937764013,6.48,117.6975052,-99,1.942077355,72.93345557,4.672008237
"2007","May",16,"MX",4,"E",40,"MX4-40",3.387295315,6.54,167.5769807,-99,2.614472863,112.140677,7.183550309
"2007","May",16,"MX",6,"A",20,"MX6-20",1.62703488,6.33,50.65998554,-99,2.214691204,63.85207334,4.090271692
"2007","May",16,"MX",6,"A",40,"MX6-40",2.937764013,6.58,104.8545019,-99,3.240923269,114.4215797,7.329660715
"2007","May",16,"MX",8,"E",20,"MX8-20",3.315718391,6.57,174.4518797,-99,1.291859014,75.37672779,4.828519735
"2007","May",16,"MX",8,"E",40,"MX8-40",4.134506494,6.66,151.6051171,-99,1.733218964,119.3905783,7.647965572
"2007","May",16,"MX",9,"A",20,"MX9-20",2.32266861,6.49,72.79126383,-99,1.705864005,61.84081805,3.961434399
"2007","May",16,"MX",9,"A",40,"MX9-40",3.510040279,6.6,109.2099066,-99,1.975202745,104.4553173,6.691240387
"2007","May",16,"MX",11,"E",20,"MX11-20",0.974510909,6.27,45.91424053,-99,2.013474735,50.6370945,3.243744595
"2007","May",16,"MX",11,"E",40,"MX11-40",2.547890453,6.66,90.99281935,-99,2.449064255,94.56818054,6.057888694
"2007","May",16,"MX",12,"A",20,"MX12-20",0.974510909,6.3,40.38353681,-99,1.757485964,47.40513399,3.036711184
"2007","May",16,"MX",12,"A",40,"MX12-40",2.306191903,6.5,134.3988967,-99,2.85,86.8425952,5.56300199
"2007","May",16,"MX",13,"E",20,"MX13-20",1.352103266,6.34,34.16776131,-99,1.962819713,55.66110014,3.565573102
"2007","May",16,"MX",13,"E",40,"MX13-40",2.458791554,6.5,58.01423018,-99,2.954148472,90.86166432,5.820456122
"2007","May",16,"MX",15,"A",20,"MX15-20",0.543573743,6,7.503067476,-99,2.252557704,48.78047955,3.124813276
"2007","May",16,"MX",15,"A",40,"MX15-40",1.957870058,6.48,32.85509458,-99,3.169401123,91.48301834,5.860258911
"2007","June",13,"SC",1,"E",20,"SC1-20",1.188970496,6.19,86.66430195,-99,2.78353088,67.32552891,4.31277483
"2007","June",13,"SC",1,"E",40,"SC1-40",3.180207181,6.65,157.0892649,-99,1.831097941,89.2087165,5.714571343
"2007","June",13,"SC",1,"E",80,"SC1-80",5.738865092,6.62,308.0512175,-99,0.292576419,125.3696474,8.030973678
"2007","June",13,"SC",2,"A",20,"SC2-20",0.848542484,6.03,51.36820064,-99,2.872208359,63.64851904,4.07723238
"2007","June",13,"SC",2,"A",40,"SC2-40",2.923014988,6.52,169.2141404,-99,2.290642545,83.75291961,5.365083087
"2007","June",13,"SC",2,"A",80,"SC2-80",5.579790482,6.72,248.6393276,-99,0.386743606,114.3281523,7.323675931
"2007","June",13,"SC",4,"A",20,"SC4-20",0.087059377,6.26,16.35196978,-99,3.537305053,73.66310296,4.718748099
"2007","June",13,"SC",4,"A",40,"SC4-40",0.774456784,6.24,18.02351314,-99,2.870336868,64.33331453,4.121099112
"2007","June",13,"SC",4,"A",80,"SC4-80",3.006347413,6.51,47.64882468,-99,2.988615097,110.1958533,7.058968501
"2007","June",13,"SC",6,"E",20,"SC6-20",1.665975324,6.07,104.6587776,-99,3.305864005,82.22995769,5.267524964
"2007","June",13,"SC",6,"E",40,"SC6-40",3.435799045,6.58,88.83927081,-99,2.951403618,98.57836389,6.314773621
"2007","June",13,"SC",6,"E",80,"SC6-80",5.698676248,6.65,243.1588156,-99,1.229101684,139.2456982,8.91984782
"2007","June",13,"SC",8,"A",20,"SC8-20",1.457739682,6.37,45.59331272,-99,2.789176544,74.0867701,4.745887432
"2007","June",13,"SC",8,"A",40,"SC8-40",3.270871915,6.59,76.56678072,-99,2.427417342,105.4634133,6.755817146
"2007","June",13,"SC",8,"A",80,"SC8-80",4.212468369,6.53,110.9515965,-99,2.285028072,117.5770099,7.531791735
"2007","June",13,"SC",9,"E",20,"SC9-20",1.930906368,6.43,56.5116735,-99,4.173767935,101.4051058,6.495849477
"2007","June",13,"SC",9,"E",40,"SC9-40",3.844680458,6.54,123.7684688,-99,3.588022458,117.7558815,7.543249922
"2007","June",13,"SC",9,"E",80,"SC9-80",6.69839412,6.63,143.791152,-99,0.958546475,127.0875599,8.141019978
"2007","June",13,"SC",10,"E",20,"SC10-20",1.509871998,6.36,79.29551766,-99,3.667404866,85.98392102,5.50799691
"2007","June",13,"SC",10,"E",40,"SC10-40",3.180207181,6.62,95.27885106,-99,2.528789769,109.1648519,6.992924458
"2007","June",13,"SC",10,"E",80,"SC10-80",4.916786316,6.64,99.50677211,-99,1.864254523,122.1879549,7.827160341
"2007","June",13,"SC",12,"A",20,"SC12-20",2.504300042,6.46,82.19576057,-99,4.045726762,93.91873061,6.016286133
"2007","June",13,"SC",12,"A",40,"SC12-40",3.844680458,6.61,48.91250805,-99,3.621834061,121.4466291,7.779672381
"2007","June",13,"SC",12,"A",80,"SC12-80",4.951461028,6.6,88.66520504,-99,2.515876482,135.9488011,8.708654695
"2007","June",13,"SC",14,"E",20,"SC14-20",1.131896875,6.09,13.02594834,-99,5.042888334,97.89066291,6.270720768
"2007","June",13,"SC",14,"E",40,"SC14-40",1.864236729,6.34,24.58255029,-99,5.117810356,113.6553173,7.280575367
"2007","June",13,"SC",14,"E",80,"SC14-80",2.882219023,6.38,45.02930549,-99,4.90040549,138.4942172,8.87170934
"2007","June",13,"SC",15,"A",20,"SC15-20",1.586004253,6.23,26.00238089,-99,3.896381784,91.4751763,5.859756565
"2007","June",13,"SC",15,"A",40,"SC15-40",1.930906368,6.37,25.52114023,-99,4.826107299,116.313653,7.450863433
"2007","June",13,"SC",15,"A",80,"SC15-80",2.686622642,6.38,35.31831267,-99,4.808484092,142.849591,9.150706526
"2007","June",14,"SP",1,"E",20,"SP1-20",0.807810278,6.09,5.542665155,-99,4.413349969,76.71918195,4.914514865
"2007","June",14,"SP",1,"E",40,"SP1-40",2.191279483,6.34,36.27919309,-99,3.942607611,103.0280395,6.599811608
"2007","June",14,"SP",2,"A",20,"SP2-20",1.509871998,6.22,72.78465967,-99,5.785464754,81.87712271,5.244923008
"2007","June",14,"SP",2,"A",40,"SP2-40",5.579790482,6.73,263.2804998,-99,0.785246413,105.8125247,6.778180578
"2007","June",14,"SP",4,"E",20,"SP4-20",1.864236729,6.33,75.2028136,-99,4.306924517,74.63421721,4.780955881
"2007","June",14,"SP",4,"E",40,"SP4-40",5.056959298,6.63,268.0113724,-99,1.99382408,91.07977433,5.834427846
"2007","June",14,"SP",5,"A",20,"SP5-20",2.100804246,6.39,74.87965017,-99,4.386993138,79.0770945,5.065558381
"2007","June",14,"SP",5,"A",40,"SP5-40",4.519152142,6.59,96.78104428,-99,2.696319401,94.55235543,6.056874967
"2007","June",14,"SP",8,"E",20,"SP8-20",1.563868693,6.36,60.6073131,-99,4.972676232,69.39667137,4.445448384
"2007","June",14,"SP",8,"E",40,"SP8-40",4.951461028,6.72,201.3419857,-99,1.61625078,94.22970381,6.036206501
"2007","June",14,"SP",9,"A",20,"SP9-20",0.473538202,6.14,12.5408249,-99,4.481253899,73.4745275,4.706668304
"2007","June",14,"SP",9,"A",40,"SP9-40",5.619140907,6.69,92.77536073,-99,1.673892701,89.62236953,5.741069191
"2007","June",14,"SP",10,"E",20,"SP10-20",1.597189251,6.36,16.27906286,-99,4.472551466,64.37850494,4.123993926
"2007","June",14,"SP",10,"E",40,"SP10-40",5.579790482,6.68,68.19522468,-99,1.819931379,99.72719323,6.388365503
"2007","June",14,"SP",11,"A",20,"SP11-20",1.266599629,6.21,13.38602156,-99,4.197286338,72.98304654,4.675184943
"2007","June",14,"SP",11,"A",40,"SP11-40",3.738110424,6.58,35.21026791,-99,3.208140986,99.86874471,6.397433029
"2007","June",14,"SP",13,"A",20,"SP13-20",2.175934116,6.47,87.46330831,-99,3.94176544,85.5667701,5.481274994
"2007","June",14,"SP",13,"A",40,"SP13-40",3.634494386,6.53,157.2263204,-99,1.875577043,100.8725811,6.461736931
"2007","June",14,"SP",14,"E",20,"SP14-20",0.682433961,6.17,16.78652373,-99,5.823580786,86.34758815,5.531292754
"2007","June",14,"SP",14,"E",40,"SP14-40",4.551022614,6.68,98.92660943,-99,1.571179039,118.0113117,7.559612307
"2007","June",14,"MX",1,"E",20,"MX1-20",3.364121416,6.5,106.9002598,-99,1.373424828,86.5567842,5.544693466
"2007","June",14,"MX",1,"E",40,"MX1-40",4.456079194,6.51,147.984875,-99,2.060480349,113.9995205,7.302624381
"2007","June",14,"MX",2,"A",20,"MX2-20",3.660125976,6.47,116.162278,-99,2.176824704,82.58440056,5.290229919
"2007","June",14,"MX",2,"A",40,"MX2-40",4.615439425,6.56,255.8906008,-99,2.220274485,108.7049647,6.963464937
"2007","June",14,"MX",4,"E",20,"MX4-20",2.686622642,6.43,93.77142414,-99,2.621958827,78.92961918,5.056111385
"2007","June",14,"MX",4,"E",40,"MX4-40",4.153675749,6.56,132.5210336,-99,2.714691204,109.2799436,7.000297018
"2007","June",14,"MX",6,"A",20,"MX6-20",1.749978775,6.27,45.28919519,-99,3.758983157,79.5232158,5.094136086
"2007","June",14,"MX",6,"A",40,"MX6-40",4.124587867,6.52,89.17598876,-99,3.400530256,113.4849929,7.269664701
"2007","June",14,"MX",8,"E",20,"MX8-20",3.791020983,6.54,134.1239927,-99,1.403119152,78.97624824,5.059098356
"2007","June",14,"MX",8,"E",40,"MX8-40",5.092622554,6.58,153.4452226,-99,1.825233936,120.4191537,7.713854213
"2007","June",14,"MX",9,"A",20,"MX9-20",2.504300042,6.36,56.11216983,-99,3.419868996,7.2148378,0.462195162
"2007","June",14,"MX",9,"A",40,"MX9-40",3.926597114,6.57,106.1047806,-99,2.301372427,107.1188999,6.861864555
"2007","June",14,"MX",11,"E",20,"MX11-20",1.417332847,6.12,39.91113856,-99,3.313911416,64.28857546,4.11823321
"2007","June",14,"MX",11,"E",40,"MX11-40",3.225220977,6.56,74.77678648,-99,2.637273862,91.97937941,5.892054883
"2007","June",14,"MX",12,"A",20,"MX12-20",1.509871998,6.21,40.92434592,-99,2.365470992,59.54392102,3.814299424
"2007","June",14,"MX",12,"A",40,"MX12-40",3.027549114,6.47,102.2773941,-99,3.003680599,88.06403385,5.64124509
"2007","June",14,"MX",13,"E",20,"MX13-20",1.713470723,6.29,38.38875594,-99,3.415876482,68.59444288,4.394059111
"2007","June",14,"MX",13,"E",40,"MX13-40",3.435799045,6.48,61.18077818,-99,2.969369931,89.21269394,5.71482613
"2007","June",14,"MX",15,"A",20,"MX15-20",0.67290936,6.04,14.84411437,-99,2.83930131,61.111622,3.914723449
"2007","June",14,"MX",15,"A",40,"MX15-40",2.705569544,6.5,45.57292753,-99,3.085932626,86.3029055,5.528430466
"2007","July",11,"SC",1,"E",20,"SC1-20",1.093699902,6.53,-99,-99,5.456113537,110.8447673,7.100536729
"2007","July",11,"SC",1,"E",40,"SC1-40",1.195031695,6.89,-99,-99,2.571085465,101.4662906,6.49976886
"2007","July",11,"SC",1,"E",80,"SC1-80",3.097796387,6.93,-99,-99,0.366625078,128.650945,8.241167532
"2007","July",11,"SC",2,"A",20,"SC2-20",0.575319515,6.46,-99,-99,6.163630692,111.9250212,7.169735794
"2007","July",11,"SC",2,"A",40,"SC2-40",1.249165696,6.71,-99,-99,3.275046787,100.6513117,6.447562823
"2007","July",11,"SC",2,"A",80,"SC2-80",3.052385115,6.94,-99,-99,0.473300062,124.0532299,7.946646409
"2007","July",11,"SC",4,"A",20,"SC4-20",0.021842865,6.12,-99,-99,8.774766064,145.3483216,9.310770586
"2007","July",11,"SC",4,"A",40,"SC4-40",0.403630618,6.3,-99,-99,6.096350593,108.8237236,6.971072407
"2007","July",11,"SC",4,"A",80,"SC4-80",1.570471093,6.71,-99,-99,3.506487835,121.3079267,7.770787362
"2007","July",11,"SC",6,"E",20,"SC6-20",0.832238208,6.57,-99,-99,6.137492202,127.232299,8.150291695
"2007","July",11,"SC",6,"E",40,"SC6-40",1.315429101,6.78,-99,-99,4.389550842,116.9091961,7.489012817
"2007","July",11,"SC",6,"E",80,"SC6-80",2.898624314,6.92,-99,-99,1.367654398,143.5549224,9.195888754
"2007","July",11,"SC",8,"A",20,"SC8-20",0.802072813,6.64,-99,-99,4.536712414,113.0706629,7.243123485
"2007","July",11,"SC",8,"A",40,"SC8-40",1.547449215,6.84,-99,-99,3.117061759,114.3148942,7.322826641
"2007","July",11,"SC",8,"A",80,"SC8-80",2.33989072,6.83,-99,-99,2.558920774,126.0939351,8.07737021
"2007","July",11,"SC",9,"E",20,"SC9-20",0.896015163,6.69,-99,-99,5.792046163,124.6071368,7.982128661
"2007","July",11,"SC",9,"E",40,"SC9-40",1.364901465,6.9,-99,-99,4.366843419,126.3368406,8.092930287
"2007","July",11,"SC",9,"E",80,"SC9-80",3.460624134,6.98,-99,-99,1.20801622,138.7711142,8.889446852
"2007","July",11,"SC",10,"E",20,"SC10-20",0.750503735,6.5,-99,-99,6.016718653,233.0841749,14.93096704
"2007","July",11,"SC",10,"E",40,"SC10-40",1.447956341,6.89,-99,-99,3.797847785,122.6603949,7.857423977
"2007","July",11,"SC",10,"E",80,"SC10-80",2.392301363,6.91,-99,-99,2.265658141,132.7566714,8.504172768
"2007","July",11,"SC",12,"A",20,"SC12-20",1.221798919,6.65,-99,-99,7.19404242,136.1212412,8.719700886
"2007","July",11,"SC",12,"A",40,"SC12-40",1.916958721,6.88,-99,-99,4.555177792,129.8241749,8.316322469
"2007","July",11,"SC",12,"A",80,"SC12-80",2.357232096,6.86,-99,-99,2.98930131,144.0733145,9.229095993
"2007","July",11,"SC",14,"E",20,"SC14-20",0.52653574,6.25,-99,-99,9.801060512,155.3619746,9.952226674
"2007","July",11,"SC",14,"E",40,"SC14-40",1.093699902,6.56,-99,-99,6.786899563,128.1055289,8.206229187
"2007","July",11,"SC",14,"E",80,"SC14-80",1.344893078,6.69,-99,-99,5.692233313,147.4715656,9.446781669
"2007","July",11,"SC",15,"A",20,"SC15-20",0.950538094,6.51,-99,-99,6.297005614,131.4538223,8.420714666
"2007","July",11,"SC",15,"A",40,"SC15-40",1.085653914,6.56,-99,-99,6.15658141,127.8203385,8.187960417
"2007","July",11,"SC",15,"A",80,"SC15-80",1.249165696,6.54,-99,-99,5.835402371,154.0255289,9.866616435
"2007","July",12,"SP",1,"E",20,"SP1-20",1.285873675,6.16,-99,-99,7.334809732,124.6395487,7.984204904
"2007","July",12,"SP",1,"E",40,"SP1-40",1.575024101,6.37,-99,-99,4.937117904,119.1295346,7.631243594
"2007","July",12,"SP",2,"A",20,"SP2-20",1.169742185,6.28,-99,-99,10.59582034,123.8648801,7.93458107
"2007","July",12,"SP",2,"A",40,"SP2-40",3.717036914,6.72,-99,-99,0.990455396,115.0991819,7.373066662
"2007","July",12,"SP",4,"E",20,"SP4-20",1.585709034,6.41,-99,-99,8.105364941,112.003244,7.174746605
"2007","July",12,"SP",4,"E",40,"SP4-40",3.545216793,6.72,-99,-99,1.955053026,102.6137941,6.573275813
"2007","July",12,"SP",5,"A",20,"SP5-20",1.432778484,6.54,-99,-99,7.925733001,115.9889422,7.430063056
"2007","July",12,"SP",5,"A",40,"SP5-40",2.562716471,6.65,-99,-99,4.142046163,114.0404795,7.305248145
"2007","July",12,"SP",8,"E",20,"SP8-20",1.865067779,6.42,-99,-99,6.776263256,111.3095628,7.130310668
"2007","July",12,"SP",8,"E",40,"SP8-40",2.650831015,6.79,-99,-99,1.657049283,104.3769535,6.686220541
"2007","July",12,"SP",9,"A",20,"SP9-20",0.790287201,6.25,-99,-99,7.320336868,118.8043724,7.610414305
"2007","July",12,"SP",9,"A",40,"SP9-40",3.358554692,6.69,-99,-99,1.70555209,99.89506347,6.39911896
"2007","July",12,"SP",10,"E",20,"SP10-20",1.840017807,6.45,-99,-99,5.036369308,95.39531735,6.110873548
"2007","July",12,"SP",10,"E",40,"SP10-40",3.593481316,6.73,-99,-99,1.840611354,110.3431594,7.068404655
"2007","July",12,"SP",11,"A",20,"SP11-20",1.285873675,6.39,-99,-99,7.681222707,110.4693653,7.076489173
"2007","July",12,"SP",11,"A",40,"SP11-40",2.705147393,6.65,-99,-99,3.935558328,110.7002539,7.091279468
"2007","July",12,"SP",13,"A",20,"SP13-20",1.502218574,6.58,-99,-99,3.48558952,109.1784767,6.993797239
"2007","July",12,"SP",13,"A",40,"SP13-40",2.092240775,6.56,-99,-99,4.999500936,123.8331453,7.932548195
"2007","July",12,"SP",14,"E",20,"SP14-20",0.967996634,6.38,-99,-99,7.898315658,127.785275,8.185714316
"2007","July",12,"SP",14,"E",40,"SP14-40",3.667112901,6.72,-99,-99,1.462882096,123.108378,7.886120944
"2007","July",12,"MX",1,"E",20,"MX1-20",1.916195454,6.47,-99,-99,2.089769183,110.7864598,7.09680166
"2007","July",12,"MX",1,"E",40,"MX1-40",2.817141834,6.49,-99,-99,2.585558328,119.9738505,7.685328911
"2007","July",12,"MX",2,"A",20,"MX2-20",1.482042078,6.35,-99,-99,6.462164691,131.639323,8.432597498
"2007","July",12,"MX",2,"A",40,"MX2-40",2.562716471,6.57,-99,-99,3.581846538,124.8249647,7.996082315
"2007","July",12,"MX",4,"E",20,"MX4-20",1.685195031,6.25,-99,-99,6.37922645,121.3326939,7.772373908
"2007","July",12,"MX",4,"E",40,"MX4-40",1.696627361,6.48,-99,-99,3.310012477,107.6152891,6.893662334
"2007","July",12,"MX",6,"A",20,"MX6-20",1.640230878,6.21,-99,-99,7.569806613,123.7248519,7.925611122
"2007","July",12,"MX",6,"A",40,"MX6-40",2.299957518,6.48,-99,-99,3.746038677,117.3541044,7.517512821
"2007","July",12,"MX",8,"E",20,"MX8-20",2.178860578,6.47,-99,-99,4.006519027,109.0760226,6.987234215
"2007","July",12,"MX",8,"E",40,"MX8-40",2.874865974,6.63,-99,-99,2.100530256,120.4366996,7.714978167
"2007","July",12,"MX",9,"A",20,"MX9-20",1.61820072,6.28,-99,-99,6.15205864,113.2332863,7.25354084
"2007","July",12,"MX",9,"A",40,"MX9-40",2.20852355,6.58,-99,-99,2.980536494,110.57811,7.083455158
"2007","July",12,"MX",11,"E",20,"MX11-20",1.243130787,6.11,-99,-99,5.809482221,113.1955712,7.251124881
"2007","July",12,"MX",11,"E",40,"MX11-40",1.942282507,6.58,-99,-99,3.030879601,96.49988717,6.181630247
"2007","July",12,"MX",12,"A",20,"MX12-20",1.154031224,6.12,-99,-99,6.037055521,115.3498449,7.389123664
"2007","July",12,"MX",12,"A",40,"MX12-40",1.942282507,6.42,-99,-99,3.619369931,94.77385049,6.071063531
"2007","July",12,"MX",13,"E",20,"MX13-20",1.492096222,6.25,-99,-99,5.415689333,98.53909732,6.312258277
"2007","July",12,"MX",13,"E",40,"MX13-40",2.379037553,6.47,-99,-99,3.148409233,94.09497884,6.027576269
"2007","July",12,"MX",15,"A",20,"MX15-20",0.667386678,5.88,-99,-99,5.9345602,108.8475599,6.972599322
"2007","July",12,"MX",15,"A",40,"MX15-40",2.022693964,6.44,-99,-99,3.548253275,98.18544429,6.289603918
"2007","August",15,"SC",1,"E",20,"SC1-20",1.793889749,6.25,90.23231503,-99,9.239987523,190.005811,12.17144674
"2007","August",15,"SC",1,"E",40,"SC1-40",2.262288232,6.68,76.1528077,-99,4.669463506,115.9442595,7.427200768
"2007","August",15,"SC",1,"E",80,"SC1-80",6.024847593,6.81,207.2463586,-99,0.225826575,116.1731171,7.441860959
"2007","August",15,"SC",2,"A",20,"SC2-20",1.556771837,6.29,45.03509778,-99,10.20012477,185.0997461,11.8571733
"2007","August",15,"SC",2,"A",40,"SC2-40",2.321360681,6.63,93.24866593,-99,5.700155958,125.5044006,8.039605717
"2007","August",15,"SC",2,"A",80,"SC2-80",5.759109844,6.82,134.7395864,-99,0.43231441,118.2937941,7.577707605
"2007","August",15,"SC",4,"A",20,"SC4-20",0.457590822,6,13.08714664,-99,9.515595758,200.6465444,12.85307244
"2007","August",15,"SC",4,"A",40,"SC4-40",1.127953955,6.14,12.8469148,-99,7.941172801,158.6085755,10.16019792
"2007","August",15,"SC",4,"A",80,"SC4-80",3.287538948,6.65,34.25157121,-99,3.402713662,112.4025388,7.20032469
"2007","August",15,"SC",6,"E",20,"SC6-20",2.321360681,6.43,56.26833834,-99,8.339831566,172.9874753,11.08128364
"2007","August",15,"SC",6,"E",40,"SC6-40",2.816454769,6.59,55.53611171,-99,7.185963818,151.966488,9.734718084
"2007","August",15,"SC",6,"E",80,"SC6-80",5.833815711,6.81,163.8691377,-99,1.294759825,140.9356559,9.028103383
"2007","August",15,"SC",8,"A",20,"SC8-20",2.336368251,6.45,82.82933083,-99,4.774142233,139.9269111,8.963485063
"2007","August",15,"SC",8,"A",40,"SC8-40",3.373382552,6.65,55.90606873,-99,2.792919526,110.0780536,7.051422469
"2007","August",15,"SC",8,"A",80,"SC8-80",5.030176826,6.62,79.85045609,-99,2.387461011,121.7636107,7.79997764
"2007","August",15,"SC",9,"E",20,"SC9-20",2.889997511,6.54,92.45974459,-99,6.898222084,154.9482934,9.925727019
"2007","August",15,"SC",9,"E",40,"SC9-40",3.551852886,6.67,58.43715133,-99,3.885402371,116.1009309,7.437236846
"2007","August",15,"SC",9,"E",80,"SC9-80",6.636302037,6.8,23.11538432,-99,0.954054897,122.878646,7.871404736
"2007","August",15,"SC",10,"E",20,"SC10-20",2.233318136,6.35,90.83193368,-99,7.580286962,170.2266008,10.90442713
"2007","August",15,"SC",10,"E",40,"SC10-40",2.889997511,6.59,50.36824449,-99,5.201684342,138.4067701,8.86610764
"2007","August",15,"SC",10,"E",80,"SC10-80",5.030176826,6.75,71.95643802,-99,2.161135371,121.9580536,7.812433291
"2007","August",15,"SC",12,"A",20,"SC12-20",2.573483419,6.45,67.58037493,-99,7.842046163,176.9208745,11.33324992
"2007","August",15,"SC",12,"A",40,"SC12-40",3.763942814,6.7,24.01865601,-99,4.489893949,125.4539351,8.036372994
"2007","August",15,"SC",12,"A",80,"SC12-80",4.902172219,6.71,106.022273,-99,2.708452901,132.8761918,8.511829027
"2007","August",15,"SC",14,"E",20,"SC14-20",1.1648895,6.07,12.66722139,-99,10.92563943,211.4496756,13.54510104
"2007","August",15,"SC",14,"E",40,"SC14-40",1.587160995,6.22,16.45039231,-99,8.98518403,171.092835,10.95991649
"2007","August",15,"SC",14,"E",80,"SC14-80",2.692229494,6.52,35.72467282,-99,5.572863381,138.8888858,8.896991077
"2007","August",15,"SC",15,"A",20,"SC15-20",1.566836349,6.33,22.60897561,-99,8.576076107,180.0272496,11.53223856
"2007","August",15,"SC",15,"A",40,"SC15-40",1.8887963,6.38,19.45617302,-99,7.466968185,153.3465162,9.823120138
"2007","August",15,"SC",15,"A",80,"SC15-80",2.965460586,6.56,23.04523662,-99,5.211010605,143.3602539,9.183418647
"2007","August",16,"SP",1,"E",20,"SP1-20",0.961234158,6.3,9.552589811,-99,11.67913288,180.7042877,11.57560837
"2007","August",16,"SP",1,"E",40,"SP1-40",1.427867552,6.5,14.6402072,-99,8.82305053,193.192158,12.37555823
"2007","August",16,"SP",2,"A",20,"SP2-20",0.862896352,6.26,51.38661597,-99,12.19082969,204.6922708,13.11223419
"2007","August",16,"SP",2,"A",40,"SP2-40",4.386738786,6.83,177.7972311,-99,2.595352464,123.4174894,7.90592205
"2007","August",16,"SP",4,"E",20,"SP4-20",1.602076283,6.47,47.83139082,-99,9.234185901,170.9159097,10.94858298
"2007","August",16,"SP",4,"E",40,"SP4-40",3.771577073,6.77,133.2178646,-99,3.681784155,103.5566714,6.633674788
"2007","August",16,"SP",5,"A",20,"SP5-20",1.055480829,6.45,23.8073139,-99,10.02872739,182.7521016,11.70678753
"2007","August",16,"SP",5,"A",40,"SP5-40",2.502734899,6.65,43.71525938,-99,7.964160948,152.591086,9.774728678
"2007","August",16,"SP",8,"E",20,"SP8-20",0.540571148,6.15,54.16390073,-99,10.12223955,186.5925247,11.95279794
"2007","August",16,"SP",8,"E",40,"SP8-40",3.459605167,6.75,99.85850303,-99,5.005115409,130.7340197,8.374605447
"2007","August",16,"SP",9,"A",20,"SP9-20",0.393881768,5.97,10.68661644,-99,11.41375546,203.0380254,13.00626629
"2007","August",16,"SP",9,"A",40,"SP9-40",3.196353406,6.74,64.61911887,-99,4.153275109,124.7507475,7.991328098
"2007","August",16,"SP",10,"E",20,"SP10-20",1.57918781,6.5,13.33612355,-99,8.371522146,165.9151199,10.62824164
"2007","August",16,"SP",10,"E",40,"SP10-40",4.680196765,6.83,42.94389578,-99,2.610168434,112.2241467,7.188897222
"2007","August",16,"SP",11,"A",20,"SP11-20",1.5016228,6.38,8.916520196,-99,9.908577667,195.0078984,12.49187121
"2007","August",16,"SP",11,"A",40,"SP11-40",2.689440194,6.71,27.86049606,-99,5.740860886,131.081213,8.396846003
"2007","August",16,"SP",13,"A",20,"SP13-20",1.134220235,6.44,57.29821127,-99,9.589020586,203.8528914,13.0584651
"2007","August",16,"SP",13,"A",40,"SP13-40",2.151771059,6.68,93.25258653,-99,7.741703057,175.9172073,11.26895686
"2007","August",16,"SP",14,"E",20,"SP14-20",0.633280847,6.42,10.25160871,-99,8.776855895,193.5133145,12.39613093
"2007","August",16,"SP",14,"E",40,"SP14-40",3.744538351,6.83,68.06911537,-99,4.05679975,141.1674189,9.042949695
"2007","August",16,"MX",1,"E",20,"MX1-20",2.728420472,6.65,85.23735774,-99,5.293636931,151.8678984,9.728402619
"2007","August",16,"MX",1,"E",40,"MX1-40",2.728420472,6.57,91.1545903,-99,6.943855271,153.260536,9.817612402
"2007","August",16,"MX",2,"A",20,"MX2-20",2.031413942,6.39,182.8679367,-99,12.00804741,219.7414951,14.07625965
"2007","August",16,"MX",2,"A",40,"MX2-40",2.8900738,6.65,178.4530311,-99,6.992358079,164.2265162,10.52007281
"2007","August",16,"MX",4,"E",20,"MX4-20",2.279259089,6.42,53.20838699,-99,10.95352464,199.5207616,12.78095688
"2007","August",16,"MX",4,"E",40,"MX4-40",2.312294274,6.52,67.82953228,-99,9.817935122,168.4387588,10.78990128
"2007","August",16,"MX",6,"A",20,"MX6-20",1.480169481,6.26,45.82828828,-99,11.05024953,186.5917913,11.95275095
"2007","August",16,"MX",6,"A",40,"MX6-40",2.748121967,6.57,73.21592387,-99,7.041235184,143.9817772,9.223232278
"2007","August",16,"MX",8,"E",20,"MX8-20",2.12102923,6.55,183.5368903,-99,6.131378665,147.284457,9.434795838
"2007","August",16,"MX",8,"E",40,"MX8-40",3.313433906,6.74,112.1298549,-99,8.122645041,148.739464,9.528000898
"2007","August",16,"MX",9,"A",20,"MX9-20",1.126088924,6.36,64.28652117,-99,11.04978166,196.4916784,12.58691941
"2007","August",16,"MX",9,"A",40,"MX9-40",2.575809059,6.55,63.54616244,-99,3.320492826,126.703385,8.116410445
"2007","August",16,"MX",11,"E",20,"MX11-20",1.759155965,6.22,42.09267115,-99,7.786306925,160.618787,10.28896835
"2007","August",16,"MX",11,"E",40,"MX11-40",2.748121967,6.63,79.40750255,-99,3.239207735,97.89878702,6.271241184
"2007","August",16,"MX",12,"A",20,"MX12-20",0.975166119,6.18,25.68263879,-99,10.59248284,198.8838928,12.74016024
"2007","August",16,"MX",12,"A",40,"MX12-40",2.002391626,6.4,74.32082471,-99,7.359544604,139.9450776,8.964648771
"2007","August",16,"MX",13,"E",20,"MX13-20",1.534387197,6.23,31.35465101,-99,8.938771054,176.3132581,11.29432714
"2007","August",16,"MX",13,"E",40,"MX13-40",2.279259089,6.55,47.88024698,-99,3.763568309,98.32239774,6.298376903
"2007","August",16,"MX",15,"A",20,"MX15-20",0.914021194,6.02,28.90620578,-99,8.733343731,175.8902398,11.26722936
"2007","August",16,"MX",15,"A",40,"MX15-40",2.198721254,6.62,21.55335377,-99,4.134809732,106.4409591,6.818436924
"2007","September",12,"SC",1,"E",20,"SC1-20",2.680349026,6.39,45.48139423,-99,7.198409233,183.7107757,11.76819843
"2007","September",12,"SC",1,"E",40,"SC1-40",3.016591229,6.6,70.08297251,-99,5.360636307,134.4246827,8.611022485
"2007","September",12,"SC",1,"E",80,"SC1-80",6.175540391,6.85,156.4220808,-99,0.216406737,109.8695628,7.038066932
"2007","September",12,"SC",2,"A",20,"SC2-20",6.267446072,6.29,53.56138904,-99,8.777230193,195.5971791,12.52961944
"2007","September",12,"SC",2,"A",40,"SC2-40",2.700220125,6.51,65.86437766,-99,5.740237056,134.8992384,8.641421646
"2007","September",12,"SC",2,"A",80,"SC2-80",6.175540391,6.87,130.4365923,-99,0.384996881,117.616756,7.534337798
"2007","September",12,"SC",4,"A",20,"SC4-20",1.064667258,6.13,16.66298068,-99,8.807517155,210.3505501,13.47469309
"2007","September",12,"SC",4,"A",40,"SC4-40",1.234156658,6.23,12.39599735,-99,8.723144105,196.1407616,12.56444033
"2007","September",12,"SC",4,"A",80,"SC4-80",2.950482242,6.62,22.75376945,-99,4.025888958,127.3311989,8.156627037
"2007","September",12,"SC",6,"E",20,"SC6-20",0.872173262,6.48,49.98240179,-99,6.853306301,184.1582511,11.79686287
"2007","September",12,"SC",6,"E",40,"SC6-40",2.843504416,6.51,65.76584114,-99,8.394915783,179.7891678,11.51698748
"2007","September",12,"SC",6,"E",80,"SC6-80",5.446807579,6.79,124.2974151,-99,1.243137867,136.2575458,8.72843231
"2007","September",12,"SC",8,"A",20,"SC8-20",2.994391935,6.51,47.37998186,-99,4.656051154,164.6832722,10.54933175
"2007","September",12,"SC",8,"A",40,"SC8-40",3.29617529,6.65,40.49562217,-99,3.483624454,130.8308039,8.380805264
"2007","September",12,"SC",8,"A",80,"SC8-80",4.664207052,6.68,49.83459701,-99,2.852089832,137.7295346,8.822725184
"2007","September",12,"SC",9,"E",20,"SC9-20",3.73717326,6.54,55.84620465,-99,6.660199626,173.1600282,11.09233706
"2007","September",12,"SC",9,"E",40,"SC9-40",3.820908974,6.62,56.75326853,-99,5.45268247,142.9530606,9.157334602
"2007","September",12,"SC",9,"E",80,"SC9-80",6.698244287,6.78,90.45363887,-99,1.161478478,131.2215515,8.405835828
"2007","September",12,"SC",10,"E",20,"SC10-20",2.740405364,6.44,63.40888272,-99,7.4397068,193.1309732,12.37163885
"2007","September",12,"SC",10,"E",40,"SC10-40",1.894191259,6.61,43.57136932,-99,4.451247661,140.8929196,9.025365778
"2007","September",12,"SC",10,"E",80,"SC10-80",4.875562622,6.76,49.36039,-99,1.933593263,120.7234415,7.733346322
"2007","September",12,"SC",12,"A",20,"SC12-20",3.130080897,6.51,49.87682695,-99,6.917779164,187.2462059,11.99467155
"2007","September",12,"SC",12,"A",40,"SC12-40",3.764879256,6.7,67.16118867,-99,8.686681223,187.0473907,11.98193581
"2007","September",12,"SC",12,"A",80,"SC12-80",4.984805274,6.71,75.16288214,-99,2.770617592,126.9940197,8.135027966
"2007","September",12,"SC",14,"E",20,"SC14-20",1.234156658,6.11,14.54180608,-99,9.521834061,207.0367842,13.26241938
"2007","September",12,"SC",14,"E",40,"SC14-40",1.772366169,6.36,15.4083996,-99,8.147660636,176.5014386,11.30638163
"2007","September",12,"SC",14,"E",80,"SC14-80",2.602316238,6.54,27.57766008,-99,5.739519651,139.9811283,8.966958117
"2007","September",12,"SC",15,"A",20,"SC15-20",1.720767414,6.37,18.17270096,-99,8.169806613,193.4043159,12.38914868
"2007","September",12,"SC",15,"A",40,"SC15-40",1.610096095,6.35,12.85172877,-99,8.356082346,176.6828773,11.31800426
"2007","September",12,"SC",15,"A",80,"SC15-80",2.680349026,6.53,21.47191487,-99,5.067779164,135.0580254,8.651593249
"2007","September",13,"SP",1,"E",20,"SP1-20",1.38897812,6.29,4.251142271,-99,8.97139738,183.0631312,11.72671152
"2007","September",13,"SP",1,"E",40,"SP1-40",0.730491384,6.36,7.586990956,-99,7.569213974,144.3456417,9.246540771
"2007","September",13,"SP",2,"A",20,"SP2-20",1.38897812,6.64,46.23130633,-99,3.653431067,162.6146403,10.41681902
"2007","September",13,"SP",2,"A",40,"SP2-40",4.528418362,6.82,128.0716981,-99,4.614379289,146.6529478,9.394342529
"2007","September",13,"SP",4,"E",20,"SP4-20",3.223939182,6.59,32.61760841,-99,6.387336245,192.3916502,12.32427919
"2007","September",13,"SP",4,"E",40,"SP4-40",3.99405103,6.775,84.20393185,-99,3.853431067,114.4820874,7.33353673
"2007","September",13,"SP",5,"A",20,"SP5-20",2.278344111,6.53,10.78542799,-99,9.691827823,188.4136812,12.06945786
"2007","September",13,"SP",5,"A",40,"SP5-40",2.760721698,6.68,20.22886305,-99,8.842451653,163.4579408,10.47083929
"2007","September",13,"SP",8,"E",20,"SP8-20",2.399242003,6.48,36.33224316,-99,6.811946351,180.7106629,11.57601675
"2007","September",13,"SP",8,"E",40,"SP8-40",3.655272625,6.75,74.74060827,-99,5.426200873,143.6925247,9.2047033
"2007","September",13,"SP",9,"A",20,"SP9-20",1.129474565,6.27,13.22990898,-99,4.032938241,115.2128632,7.380348872
"2007","September",13,"SP",9,"A",40,"SP9-40",3.792790653,6.8,52.04870099,-99,2.504148472,98.4842031,6.308741855
"2007","September",13,"SP",10,"E",20,"SP10-20",3.061484769,6.59,12.30057227,-99,6.405427324,186.5950917,11.95296237
"2007","September",13,"SP",10,"E",40,"SP10-40",5.134279135,6.81,40.90027661,-99,6.413973799,230.7700987,14.7827316
"2007","September",13,"SP",11,"A",20,"SP11-20",2.312250903,6.58,5.164206545,-99,6.199719276,193.5276164,12.39704708
"2007","September",13,"SP",11,"A",40,"SP11-40",3.061484769,6.72,21.26668264,-99,6.144635059,145.4293653,9.315962097
"2007","September",13,"SP",13,"A",20,"SP13-20",3.107046425,6.66,41.0015273,-99,5.417592015,188.3708322,12.06671302
"2007","September",13,"SP",13,"A",40,"SP13-40",2.452999811,6.63,49.03287681,-99,6.708078603,199.6239492,12.78756688
"2007","September",13,"SP",14,"E",20,"SP14-20",2.0243901,6.55,15.76208029,-99,5.66893325,176.309591,11.29409223
"2007","September",13,"SP",14,"E",40,"SP14-40",3.906520885,6.81,54.06196252,-99,4.527729258,149.6650494,9.587292182
"2007","September",13,"MX",1,"E",20,"MX1-20",3.42018342,6.62,33.57135376,-99,7.51378665,182.3892807,11.6835459
"2007","September",13,"MX",1,"E",40,"MX1-40",2.90721644,6.6,61.84560945,-99,7.147286338,168.0855853,10.76727764
"2007","September",13,"MX",2,"A",20,"MX2-20",1.772366169,6.24,97.2806395,-99,10.5926388,229.0667983,14.67362133
"2007","September",13,"MX",2,"A",40,"MX2-40",3.130080897,6.6,149.5983184,-99,7.62202121,185.6194076,11.89046186
"2007","September",13,"MX",4,"E",20,"MX4-20",3.130080897,6.47,42.01313019,-99,8.960917031,225.3719605,14.43693685
"2007","September",13,"MX",4,"E",40,"MX4-40",2.90721644,6.48,53.18325115,-99,9.929756706,186.8405924,11.96868869
"2007","September",13,"MX",6,"A",20,"MX6-20",2.131812194,6.41,23.43362825,-99,6.870212102,160.7043441,10.29444898
"2007","September",13,"MX",6,"A",40,"MX6-40",2.781188649,6.6,30.78063157,-99,8.068777293,160.61622,10.28880392
"2007","September",13,"MX",8,"E",20,"MX8-20",2.90721644,6.56,51.03619407,-99,5.451185278,150.1159661,9.616177077
"2007","September",13,"MX",8,"E",40,"MX8-40",3.345229659,6.84,45.22241551,-99,5.291515908,145.4478138,9.317143875
"2007","September",13,"MX",9,"A",20,"MX9-20",1.785505825,6.44,25.13771355,-99,9.093356207,208.9391255,13.38427984
"2007","September",13,"MX",9,"A",40,"MX9-40",2.312250903,6.55,41.03226411,-99,8.997816594,173.8036389,11.13356557
"2007","September",13,"MX",11,"E",20,"MX11-20",2.680349026,6.37,48.75534144,-99,5.834404242,159.2830748,10.2034051
"2007","September",13,"MX",11,"E",40,"MX11-40",3.061484769,6.76,33.91307485,-99,3.40864005,107.6326657,6.894775446
"2007","September",13,"MX",12,"A",20,"MX12-20",1.171967459,6.15,24.17221588,-99,7.631597006,178.8534274,11.45704568
"2007","September",13,"MX",12,"A",40,"MX12-40",1.894191259,6.45,50.69447299,-99,7.147192764,160.3693653,10.27299086
"2007","September",13,"MX",13,"E",20,"MX13-20",2.069748915,6.35,21.57133874,-99,6.931160324,168.6403385,10.8028141
"2007","September",13,"MX",13,"E",40,"MX13-40",2.545286141,6.54,34.65166248,-99,4.681659389,122.5921298,7.853051037
"2007","September",13,"MX",15,"A",20,"MX15-20",0.504921795,5.56,8.985516136,-99,8.98724267,187.1387024,11.98778507
"2007","September",13,"MX",15,"A",40,"MX15-40",1.922381009,6.51,17.81783095,-99,5.755739239,126.7138787,8.117082649
"2007","October",17,"SC",1,"E",20,"SC1-20",1.770614747,6.37,72.17191742,-99,7.092981909,200.2348942,12.82670289
"2007","October",17,"SC",1,"E",40,"SC1-40",2.115018822,6.57,99.67616313,-99,4.129975047,128.3407898,8.221299567
"2007","October",17,"SC",1,"E",80,"SC1-80",3.581177281,6.77,218.7054406,-99,0.151060512,109.5508322,7.017649639
"2007","October",17,"SC",2,"A",20,"SC2-20",1.531892858,6.32,78.4111983,-99,6.776076107,187.8625388,12.03415269
"2007","October",17,"SC",2,"A",40,"SC2-40",2.288869195,6.5,118.8855147,-99,4.487679351,131.7133427,8.437339066
"2007","October",17,"SC",2,"A",80,"SC2-80",3.77482636,6.77,95.19026817,-99,0.29033063,103.2508886,6.614086908
"2007","October",17,"SC",4,"A",20,"SC4-20",0.570681996,6.31,17.01231233,-99,8.647130381,210.4571227,13.48151994
"2007","October",17,"SC",4,"A",40,"SC4-40",0.737719169,6.25,13.59200242,-99,7.965470992,187.3389281,12.00061116
"2007","October",17,"SC",4,"A",80,"SC4-80",2.334520321,6.55,31.37590029,-99,3.037273862,106.3748378,6.814201316
"2007","October",17,"SC",6,"E",20,"SC6-20",2.15720253,6.55,76.70922218,-99,6.106612601,187.6792384,12.0224108
"2007","October",17,"SC",6,"E",40,"SC6-40",2.15720253,6.48,52.51857209,-99,6.944135995,174.0518759,11.14946717
"2007","October",17,"SC",6,"E",80,"SC6-80",3.875542986,6.78,172.8354315,-99,0.943387399,131.4707475,8.421798866
"2007","October",17,"SC",8,"A",20,"SC8-20",2.493369293,6.53,69.08421337,-99,3.744635059,164.2617489,10.52232975
"2007","October",17,"SC",8,"A",40,"SC8-40",2.15720253,6.68,56.43895919,-99,3.074266999,124.3007616,7.962502834
"2007","October",17,"SC",8,"A",80,"SC8-80",3.287457812,6.65,77.02702825,-99,1.947598253,103.8759097,6.654124607
"2007","October",17,"SC",9,"E",20,"SC9-20",2.628196091,6.53,77.9664256,-99,5.703181535,171.8994922,11.01158946
"2007","October",17,"SC",9,"E",40,"SC9-40",2.444611904,6.54,91.65623354,-99,4.806924517,135.7011001,8.692787428
"2007","October",17,"SC",9,"E",80,"SC9-80",4.509071674,6.71,47.64554572,-99,0.777043044,118.3875317,7.583712266
"2007","October",17,"SC",10,"E",20,"SC10-20",1.552194646,6.55,69.98076921,-99,5.774111042,175.4367278,11.23817822
"2007","October",17,"SC",10,"E",40,"SC10-40",2.115018822,6.64,53.57636778,-99,3.871303805,126.0371227,8.073730912
"2007","October",17,"SC",10,"E",80,"SC10-80",3.078018603,6.76,53.84587978,-99,1.798627573,118.1856417,7.570779567
"2007","October",17,"SC",12,"A",20,"SC12-20",1.967280983,6.43,110.4543067,-99,7.316188397,193.1439774,12.37247188
"2007","October",17,"SC",12,"A",40,"SC12-40",2.477009726,6.58,24.57422729,-99,4.91790393,138.0407052,8.842658201
"2007","October",17,"SC",12,"A",80,"SC12-80",3.160143612,6.63,66.02922465,-99,2.87139738,127.7587306,8.184013929
"2007","October",17,"SC",14,"E",20,"SC14-20",0.429993306,6.14,14.07182727,-99,10.4316282,231.4825388,14.82836919
"2007","October",17,"SC",14,"E",40,"SC14-40",1.316660512,6.32,23.78594361,-99,8.067654398,185.145811,11.86012413
"2007","October",17,"SC",14,"E",80,"SC14-80",1.980274014,6.52,36.46547099,-99,5.401466001,144.0087165,9.224957963
"2007","October",17,"SC",15,"A",20,"SC15-20",0.928864546,6.33,24.0655818,-99,8.274797255,208.4552609,13.35328437
"2007","October",17,"SC",15,"A",40,"SC15-40",1.116866953,6.3,20.8485743,-99,7.334279476,180.2291396,11.54517126
"2007","October",17,"SC",15,"A",80,"SC15-80",2.244110769,6.53,39.26574749,-99,4.951247661,139.3533709,8.926745139
"2007","October",18,"SP",1,"E",20,"SP1-20",0.762404661,6.27,7.464783424,-99,8.447192764,192.0238928,12.30072133
"2007","October",18,"SP",1,"E",40,"SP1-40",1.095026821,6.37,12.84777867,-99,6.781503431,144.120141,9.232095613
"2007","October",18,"SP",2,"A",20,"SP2-20",1.434298167,6.56,107.3974854,-99,6.822925764,193.8897602,12.42024534
"2007","October",18,"SP",2,"A",40,"SP2-40",3.534337601,6.79,265.1356965,-99,3.531253899,139.6871086,8.948123756
"2007","October",18,"SP",4,"E",20,"SP4-20",1.33410988,6.58,82.0773015,-99,7.877199002,196.4155148,12.58204051
"2007","October",18,"SP",4,"E",40,"SP4-40",3.078018603,6.77,210.7756699,-99,3.855364941,123.7043159,7.924295626
"2007","October",18,"SP",5,"A",20,"SP5-20",1.282443474,6.42,29.12319014,-99,7.792295696,197.9450494,12.68001966
"2007","October",18,"SP",5,"A",40,"SP5-40",2.244110769,6.66,39.75513886,-99,7.883094198,166.3524401,10.65625556
"2007","October",18,"SP",8,"E",20,"SP8-20",1.3517905,6.43,101.7357442,-99,7.287991266,181.4845416,11.62558999
"2007","October",18,"SP",8,"E",40,"SP8-40",2.998027837,6.83,175.0611568,-99,2.850655022,125.4961636,8.039078073
"2007","October",18,"SP",9,"A",20,"SP9-20",0.928864546,6.36,32.4308229,-99,7.956331878,182.9344711,11.71846979
"2007","October",18,"SP",9,"A",40,"SP9-40",2.939401941,6.75,107.9534541,-99,2.862414223,124.5889704,7.980964953
"2007","October",18,"SP",10,"E",20,"SP10-20",1.891093601,6.66,39.56321543,-99,5.788708671,169.3789563,10.85012859
"2007","October",18,"SP",10,"E",40,"SP10-40",3.534337601,6.86,67.86125889,-99,2.319931379,115.7805642,7.416714747
"2007","October",18,"SP",11,"A",20,"SP11-20",0.814281355,6.46,9.490641849,-99,7.568184654,209.3422567,13.41010368
"2007","October",18,"SP",11,"A",40,"SP11-40",2.101141699,6.68,37.01794519,-99,5.892919526,156.5364457,10.02746112
"2007","October",18,"SP",13,"A",20,"SP13-20",1.521841758,6.6,92.70087261,-99,6.856955708,203.1277292,13.01201255
"2007","October",18,"SP",13,"A",40,"SP13-40",1.928811157,6.65,122.1923447,-99,7.009232689,190.6116502,12.21025568
"2007","October",18,"SP",14,"E",20,"SP14-20",1.531892858,6.63,57.07013558,-99,5.959170306,180.2552327,11.54684274
"2007","October",18,"SP",14,"E",40,"SP14-40",3.309170035,6.85,129.4115597,-99,2.889769183,138.3667983,8.863547121
"2007","October",18,"MX",1,"E",20,"MX1-20",2.381081951,6.61,98.49589395,-99,6.56316282,201.0932299,12.88168629
"2007","October",18,"MX",1,"E",40,"MX1-40",2.15720253,6.54,95.21567882,-99,7.308827199,188.8031876,12.09440891
"2007","October",18,"MX",2,"A",20,"MX2-20",1.878685702,6.52,92.82425196,-99,7.821147848,225.7776587,14.46292513
"2007","October",18,"MX",2,"A",40,"MX2-40",2.25893214,6.63,195.470538,-99,6.318683718,194.6096192,12.46635818
"2007","October",18,"MX",4,"E",20,"MX4-20",2.087355627,6.53,80.07505271,-99,6.946600125,207.9476164,13.3207656
"2007","October",18,"MX",4,"E",40,"MX4-40",2.087355627,6.51,63.67321548,-99,8.10143481,192.1066573,12.30602307
"2007","October",18,"MX",6,"A",20,"MX6-20",1.572765488,6.49,36.12154091,-99,7.737336245,194.173653,12.43843099
"2007","October",18,"MX",6,"A",40,"MX6-40",2.25893214,6.57,61.75398118,-99,5.899844042,151.5891396,9.710545845
"2007","October",18,"MX",8,"E",20,"MX8-20",2.412637827,6.61,137.3596269,-99,5.391422333,179.1387306,11.47532168
"2007","October",18,"MX",8,"E",40,"MX8-40",2.460757498,6.71,75.19852207,-99,5.037398628,147.8712271,9.472383245
"2007","October",18,"MX",9,"A",20,"MX9-20",1.657811428,6.45,50.74732481,-99,7.519868996,211.051481,13.51959343
"2007","October",18,"MX",9,"A",40,"MX9-40",1.817856746,6.49,54.52943494,-99,8.25720524,177.5278984,11.37213475
"2007","October",18,"MX",11,"E",20,"MX11-20",1.702043707,6.39,47.4777721,-99,6.712476606,182.7857828,11.70894509
"2007","October",18,"MX",11,"E",40,"MX11-40",2.087355627,6.7,51.95674706,-99,3.719432314,118.0968688,7.565092938
"2007","October",18,"MX",12,"A",20,"MX12-20",1.073613768,6.32,31.70273243,-99,7.63044292,201.6138223,12.91503447
"2007","October",18,"MX",12,"A",40,"MX12-40",1.552194646,6.41,57.32298708,-99,6.980068621,170.486488,10.92107502
"2007","October",18,"MX",13,"E",20,"MX13-20",0.777610698,6.34,35.49245856,-99,7.581253899,180.7134274,11.57619384
"2007","October",18,"MX",13,"E",40,"MX13-40",2.14304863,6.58,47.07336202,-99,4.650686213,136.1741608,8.723090818
"2007","October",18,"MX",15,"A",20,"MX15-20",0.405258042,6.07,11.85617428,-99,9.526980661,210.1777433,13.46362341
"2007","October",18,"MX",15,"A",40,"MX15-40",1.679781982,6.6,19.77758536,-99,4.863568309,131.154048,8.401511677
"2007","November",14,"SC",1,"E",20,"SC1-20",1.511944028,6.31,116.3550716,-99,7.760480349,191.6495628,12.27674244
"2007","November",14,"SC",1,"E",40,"SC1-40",2.381250598,6.5,111.5678507,-99,4.946194635,143.0276164,9.162110503
"2007","November",14,"SC",1,"E",80,"SC1-80",4.565199364,6.75,253.337834,-99,0.271584529,109.8572073,7.037275466
"2007","November",14,"SC",2,"A",20,"SC2-20",1.585425899,6.3,129.9360804,-99,7.244011229,181.0983075,11.60084855
"2007","November",14,"SC",2,"A",40,"SC2-40",2.463353268,6.5,161.2257425,-99,4.751559576,137.9972355,8.839873614
"2007","November",14,"SC",2,"A",80,"SC2-80",5.019728373,6.81,157.7178797,-99,0.396756082,102.7754302,6.583629923
"2007","November",14,"SC",4,"A",20,"SC4-20",0.359203068,6.17,22.21598913,-99,7.155926388,159.3210155,10.20583551
"2007","November",14,"SC",4,"A",40,"SC4-40",0.861305495,6.19,25.01347374,-99,7.944198378,178.7072214,11.44768
"2007","November",14,"SC",4,"A",80,"SC4-80",2.600646072,6.54,40.97708595,-99,3.153742982,104.7935684,6.712908124
"2007","November",14,"SC",6,"E",20,"SC6-20",1.564074048,6.42,135.3752575,-99,7.118059888,190.2328914,12.18599309
"2007","November",14,"SC",6,"E",40,"SC6-40",2.565621661,6.4,61.90995881,-99,6.827822832,173.3718477,11.10590582
"2007","November",14,"SC",6,"E",80,"SC6-80",4.473287284,6.74,236.247269,-99,1.155084217,130.4155148,8.35420261
"2007","November",14,"SC",8,"A",20,"SC8-20",2.122030761,6.5,138.3293809,-99,4.603212726,164.4324401,10.53326391
"2007","November",14,"SC",8,"A",40,"SC8-40",2.802004082,6.61,75.60611832,-99,3.210012477,117.8062341,7.546475417
"2007","November",14,"SC",8,"A",80,"SC8-80",3.342112491,6.62,90.48341917,-99,2.415127885,112.9065726,7.232612166
"2007","November",14,"SC",9,"E",20,"SC9-20",2.195195842,6.49,134.4938466,-99,6.516812227,180.9354866,11.59041854
"2007","November",14,"SC",9,"E",40,"SC9-40",3.187211098,6.52,138.8907406,-99,5.275888958,148.0320451,9.482684952
"2007","November",14,"SC",9,"E",80,"SC9-80",4.852422649,6.76,178.3442485,-99,1.02900811,121.5748096,7.787883389
"2007","November",14,"SC",10,"E",20,"SC10-20",1.564074048,6.41,102.9688029,-99,7.029663132,192.263103,12.31604469
"2007","November",14,"SC",10,"E",40,"SC10-40",2.840255451,6.56,87.11695464,-99,5.210667498,155.1667701,9.939722234
"2007","November",14,"SC",10,"E",80,"SC10-80",3.387737114,6.7,68.69707643,-99,2.3205864,115.8098731,7.41859222
"2007","November",14,"SC",12,"A",20,"SC12-20",2.30188438,6.58,108.1869923,-99,6.871054273,189.3548096,12.1297448
"2007","November",14,"SC",12,"A",40,"SC12-40",2.918331877,6.62,112.7312114,-99,5.251902682,147.1429337,9.425730119
"2007","November",14,"SC",12,"A",80,"SC12-80",3.775885443,6.73,100.3550514,-99,3.012819713,127.4952609,8.167136549
"2007","November",14,"SC",14,"E",20,"SC14-20",0.303201996,6.11,13.85740316,-99,10.48449782,221.1288293,14.16512972
"2007","November",14,"SC",14,"E",40,"SC14-40",1.320229186,6.27,31.83699929,-99,9.186431691,205.387165,13.15674783
"2007","November",14,"SC",14,"E",80,"SC14-80",2.195195842,6.47,46.11907264,-99,5.705489707,144.1171791,9.231905878
"2007","November",14,"SC",15,"A",20,"SC15-20",1.347355771,6.51,36.70465638,-99,-99,-99,-99
"2007","November",14,"SC",15,"A",40,"SC15-40",1.375039723,6.34,23.48942038,-99,8.233624454,192.2004795,12.31203315
"2007","November",14,"SC",15,"A",80,"SC15-80",2.210128834,6.5,41.07699612,-99,5.120648784,138.3001693,8.859278987
"2007","November",16,"SP",1,"E",20,"SP1-20",0.264119716,6.21,4.321958335,-99,8.805520898,204.0357687,13.07017988
"2007","November",16,"SP",1,"E",40,"SP1-40",0.843396599,6.4,16.55694627,-99,6.892888334,152.5126657,9.769705218
"2007","November",16,"SP",2,"A",20,"SP2-20",1.457789694,6.71,130.6984789,-99,4.963568309,177.8041749,11.38983251
"2007","November",16,"SP",2,"A",40,"SP2-40",2.576279,6.81,262.8961951,-99,3.754273238,144.9813822,9.28726513
"2007","November",16,"SP",4,"E",20,"SP4-20",1.007190793,6.68,76.69253643,-99,6.947723019,181.6998025,11.63937921
"2007","November",16,"SP",4,"E",40,"SP4-40",1.974117693,6.79,171.1786285,-99,5.263817842,151.6510578,9.71451221
"2007","November",16,"SP",5,"A",20,"SP5-20",0.888205551,6.44,39.81574467,-99,7.64073612,195.5393512,12.52591509
"2007","November",16,"SP",5,"A",40,"SP5-40",1.076506633,6.6,56.16035417,-99,7.888209607,182.4231594,11.68571611
"2007","November",16,"SP",8,"E",20,"SP8-20",0.862316772,6.61,69.81187493,-99,6.624391765,170.0215797,10.89129386
"2007","November",16,"SP",8,"E",40,"SP8-40",2.09443237,6.86,218.7330602,-99,1.958421709,118.1273343,7.567044498
"2007","November",16,"SP",9,"A",20,"SP9-20",0.306220367,6.36,28.5279059,-99,8.527666875,180.3561636,11.55330818
"2007","November",16,"SP",9,"A",40,"SP9-40",2.14141741,6.75,109.044805,-99,3.349095446,137.0043159,8.776269021
"2007","November",16,"SP",10,"E",20,"SP10-20",1.202795096,6.61,29.46332048,-99,7.369650655,178.1080113,11.4092957
"2007","November",16,"SP",10,"E",40,"SP10-40",2.322895205,6.85,71.48908332,-99,3.164753587,126.2818336,8.089406637
"2007","November",16,"SP",11,"A",20,"SP11-20",0.301724619,6.47,7.139098464,-99,8.410449158,207.1875317,13.27207599
"2007","November",16,"SP",11,"A",40,"SP11-40",1.343898865,6.6,34.38179066,-99,6.815970056,174.6867701,11.19013732
"2007","November",16,"SP",13,"A",20,"SP13-20",1.220716947,6.7,68.65015038,-99,6.182907049,192.9329196,12.3589519
"2007","November",16,"SP",13,"A",40,"SP13-40",1.266698589,6.67,121.1549034,-99,7.039956332,188.3349788,12.06441633
"2007","November",16,"SP",14,"E",20,"SP14-20",0.862316772,6.68,51.39443368,-99,6.021709295,180.5859238,11.5680262
"2007","November",16,"SP",14,"E",40,"SP14-40",2.189456479,6.83,107.0214262,-99,3.620430443,152.5959379,9.775039482
"2007","November",16,"MX",1,"E",20,"MX1-20",1.374046958,6.49,151.8567855,-99,7.949282595,213.2648801,13.66137968
"2007","November",16,"MX",1,"E",40,"MX1-40",1.479511007,6.52,158.7190069,-99,7.875358702,201.2596333,12.89234578
"2007","November",16,"MX",2,"A",20,"MX2-20",1.447048918,6.52,173.418259,-99,6.937835309,201.596079,12.91389787
"2007","November",16,"MX",2,"A",40,"MX2-40",1.523929412,6.63,173.3134859,-99,7.082470368,206.4963893,13.22780268
"2007","November",16,"MX",4,"E",20,"MX4-20",1.363923186,6.51,121.5614231,-99,7.383499688,206.8413258,13.24989868
"2007","November",16,"MX",4,"E",40,"MX4-40",1.593069879,6.44,155.0594908,-99,7.574953213,195.9474189,12.55205515
"2007","November",16,"MX",6,"A",20,"MX6-20",0.771777111,6.45,50.80854229,-99,8.330910792,195.4839492,12.52236614
"2007","November",16,"MX",6,"A",40,"MX6-40",1.546636218,6.58,91.74550268,-99,6.419619464,163.6317913,10.48197583
"2007","November",16,"MX",8,"E",20,"MX8-20",1.558116184,6.6,189.6740209,-99,6.115252651,189.2743583,12.12459123
"2007","November",16,"MX",8,"E",40,"MX8-40",1.806479718,6.72,138.6042408,-99,5.047442296,156.4988434,10.02505239
"2007","November",16,"MX",9,"A",20,"MX9-20",1.0528869,6.45,59.51477095,-99,7.488365565,197.4474189,12.64814238
"2007","November",16,"MX",9,"A",40,"MX9-40",1.501555973,6.5,72.47730355,-99,7.606456644,180.2521298,11.54664397
"2007","November",16,"MX",11,"E",20,"MX11-20",0.824891555,6.39,80.68816481,-99,7.251154086,177.3171791,11.35863646
"2007","November",16,"MX",11,"E",40,"MX11-40",1.690161197,6.61,119.6864031,-99,4.044978166,120.7034697,7.732066966
"2007","November",16,"MX",12,"A",20,"MX12-20",0.495213118,6.31,35.35408537,-99,8.854023706,205.900677,13.18964245
"2007","November",16,"MX",12,"A",40,"MX12-40",0.977833916,6.4,80.22045753,-99,7.156331878,177.6533145,11.38016867
"2007","November",16,"MX",13,"E",20,"MX13-20",0.738281386,6.4,44.65207271,-99,7.717592015,185.9738787,11.91316862
"2007","November",16,"MX",13,"E",40,"MX13-40",1.479511007,6.57,55.99606989,-99,5.606893325,148.9205924,9.539603645
"2007","November",16,"MX",15,"A",20,"MX15-20",0.116226799,6.02,9.1624773,-99,8.815814099,183.6542454,11.7645772
"2007","November",16,"MX",15,"A",40,"MX15-40",0.992403807,6.57,20.70847708,-99,5.714940736,145.0201128,9.289746141
"2008","January",NA,"SC",1,"E",20,"SC1-20",-99,-99,-99,-99,-99,-99,-99
"2008","January",NA,"SC",1,"E",20,"SC1-20",-99,-99,-99,-99,-99,-99,-99
"2008","January",NA,"SC",1,"E",20,"SC1-20",-99,-99,-99,-99,-99,-99,-99
"2008","January",NA,"SC",1,"E",20,"SC1-20",-99,-99,-99,-99,-99,-99,-99
"2008","January",NA,"SC",1,"E",20,"SC1-20",-99,-99,-99,-99,-99,-99,-99
"2008","January",NA,"SC",1,"E",20,"SC1-20",-99,-99,-99,-99,-99,-99,-99
"2008","January",NA,"SC",1,"E",20,"SC1-20",-99,-99,-99,-99,-99,-99,-99
"2008","January",NA,"SC",1,"E",20,"SC1-20",-99,-99,-99,-99,-99,-99,-99
"2008","January",NA,"SP",1,"E",20,"SP1-20",-99,-99,-99,-99,-99,-99,-99
"2008","January",NA,"SP",1,"E",20,"SP1-20",-99,-99,-99,-99,-99,-99,-99
"2008","January",NA,"SP",1,"E",20,"SP1-20",-99,-99,-99,-99,-99,-99,-99
"2008","January",NA,"SP",1,"E",20,"SP1-20",-99,-99,-99,-99,-99,-99,-99
"2008","January",NA,"MX",1,"E",20,"MX1-20",-99,-99,-99,-99,-99,-99,-99
"2008","January",NA,"MX",1,"E",20,"MX1-20",-99,-99,-99,-99,-99,-99,-99
"2008","January",NA,"MX",1,"E",20,"MX1-20",-99,-99,-99,-99,-99,-99,-99
"2008","January",NA,"MX",1,"E",20,"MX1-20",-99,-99,-99,-99,-99,-99,-99
"2008","January",NA,"MX",1,"E",20,"MX1-20",-99,-99,-99,-99,-99,-99,-99
"2008","January",NA,"MX",1,"E",20,"MX1-20",-99,-99,-99,-99,-99,-99,-99
"2008","January",NA,"MX",1,"E",20,"MX1-20",-99,-99,-99,-99,-99,-99,-99
"2008","May",5,"SC",1,"E",20,"SC1-20",0.431604262,6.32,69.37473956,-99,5.436587648,99.83495063,6.395268243
"2008","May",5,"SC",1,"E",40,"SC1-40",0.823113181,6.48,139.5274757,-99,5.480973175,136.4619746,8.741527639
"2008","May",5,"SC",1,"E",80,"SC1-80",2.081112327,6.7,207.9084167,-99,0.428509046,120.2221157,7.701232318
"2008","May",5,"SC",2,"A",20,"SC2-20",0.547282715,6.3,108.0701286,-99,5.178072364,98.54392102,6.312567274
"2008","May",5,"SC",2,"A",40,"SC2-40",0.709587248,6.41,94.88462521,-99,4.367529632,110.5950071,7.084537551
"2008","May",5,"SC",2,"A",80,"SC2-80",1.715953998,6.7,220.5455335,-99,0.844884591,118.1585049,7.569041233
"2008","May",5,"SC",4,"A",20,"SC4-20",0.062688361,5.31,9.7789953,-99,4.722551466,101.9669111,6.531837689
"2008","May",5,"SC",4,"A",40,"SC4-40",0.121340596,5.68,10.81520364,-99,3.596444167,77.08682652,4.938065496
"2008","May",5,"SC",4,"A",80,"SC4-80",0.73640926,6.31,26.46844652,-99,3.429320025,111.2996897,7.129678218
"2008","May",5,"SC",6,"E",20,"SC6-20",0.543236627,6.32,59.77687357,-99,4.479663132,104.122031,6.669890682
"2008","May",5,"SC",6,"E",40,"SC6-40",1.020745562,6.43,139.1530752,-99,6.544978166,149.1154302,9.552084594
"2008","May",5,"SC",6,"E",80,"SC6-80",2.175863505,6.64,231.4328787,-99,1.265408609,134.2274189,8.598386134
"2008","May",5,"SC",8,"A",20,"SC8-20",0.61171911,6.43,40.47652972,-99,4.621927636,110.6392102,7.08736912
"2008","May",5,"SC",8,"A",40,"SC8-40",1.00570851,6.54,45.14772608,-99,4.565283843,148.6773766,9.524023691
"2008","May",5,"SC",8,"A",80,"SC8-80",1.581452223,6.55,84.93768585,-99,2.742545228,125.6440339,8.048550367
"2008","May",5,"SC",9,"E",20,"SC9-20",0.793133179,6.52,67.99936844,-99,5.316126014,117.0012412,7.494909058
"2008","May",5,"SC",9,"E",40,"SC9-40",1.333319585,6.52,114.2917833,-99,4.575826575,144.02567,9.22604397
"2008","May",5,"SC",9,"E",80,"SC9-80",2.698296015,6.65,202.7372856,-99,0.825982533,123.6878138,7.923238531
"2008","May",5,"SC",10,"E",20,"SC10-20",0.567969704,6.41,61.00028215,-99,3.608172177,91.68992948,5.873513256
"2008","May",5,"SC",10,"E",40,"SC10-40",1.149424643,6.5,58.38718715,-99,5.200810979,152.573512,9.773602917
"2008","May",5,"SC",10,"E",80,"SC10-80",1.690675524,6.64,68.84727538,-99,2.079320025,127.690409,8.179637375
"2008","May",5,"SC",12,"A",20,"SC12-20",0.515739304,6.45,36.40987998,-99,3.597847785,78.47819464,5.027193964
"2008","May",5,"SC",12,"A",40,"SC12-40",0.92687797,6.46,73.6792437,-99,6.854585153,154.1653315,9.875571927
"2008","May",5,"SC",12,"A",80,"SC12-80",1.665769439,6.56,121.5243193,-99,3.468496569,137.6522144,8.817772197
"2008","May",5,"SC",14,"E",20,"SC14-20",0.058638483,5.8,3.850253854,-99,4.277417342,100.3793794,6.430143343
"2008","May",5,"SC",14,"E",40,"SC14-40",0.25109006,6.06,10.12036043,-99,7.20864005,137.6146968,8.815368887
"2008","May",5,"SC",14,"E",80,"SC14-80",0.817027865,6.3,24.53367707,-99,7.20143481,160.4773484,10.27990805
"2008","May",5,"SC",15,"A",20,"SC15-20",0.126865125,6.13,5.375385151,-99,2.700280724,73.37275035,4.700148648
"2008","May",5,"SC",15,"A",40,"SC15-40",0.30907564,6.21,11.82168018,-99,7.676512789,146.2620592,9.36930293
"2008","May",5,"SC",15,"A",80,"SC15-80",0.990892975,6.37,34.18439959,-99,6.128477854,154.7052186,9.9101561
"2008","May",6,"SP",1,"E",20,"SP1-20",0.102302043,6.19,4.448631253,0.776096236,3.01275733,78.65672779,5.038630467
"2008","May",6,"SP",1,"E",40,"SP1-40",0.306790629,6.33,9.261830093,1.884805145,7.066562695,146.4631876,9.38218684
"2008","May",6,"SP",2,"A",20,"SP2-20",1.166610496,6.68,82.68668502,41.46571318,1.492451653,88.82493653,5.689987108
"2008","May",6,"SP",2,"A",40,"SP2-40",1.593231058,6.68,209.1115472,252.7856311,3.576356831,144.2720169,9.241824501
"2008","May",6,"SP",4,"E",20,"SP4-20",0.804991868,6.6,84.42338364,53.9386884,2.223580786,85.97861777,5.507657194
"2008","May",6,"SP",4,"E",40,"SP4-40",1.284756489,6.57,198.9917692,180.1651976,4.606550218,138.6323272,8.880556412
"2008","May",6,"SP",5,"A",20,"SP5-20",0.854226412,6.47,60.10412089,25.27856311,3.94959451,116.9759944,7.493291793
"2008","May",6,"SP",5,"A",40,"SP5-40",0.893118574,6.42,72.93091206,44.84727535,5.341484716,142.3754584,9.12033447
"2008","May",6,"SP",8,"E",20,"SP8-20",0.332883029,6.32,51.57850946,24.55790232,3.178103556,85.39802539,5.47046552
"2008","May",6,"SP",8,"E",40,"SP8-40",1.425405558,6.68,190.6964019,181.828261,3.936026201,133.1915092,8.532027673
"2008","May",6,"SP",9,"A",20,"SP9-20",0.179807819,6.27,20.23131857,1.718498808,3.56172801,84.17119887,5.391877283
"2008","May",6,"SP",9,"A",40,"SP9-40",1.115808725,6.62,89.65102193,55.10283275,4.760792265,137.2500141,8.792007991
"2008","May",6,"SP",10,"E",20,"SP10-20",0.400736451,6.29,23.45802567,32.0971229,3.664753587,93.96702398,6.019379717
"2008","May",6,"SP",10,"E",40,"SP10-40",1.593231058,6.65,60.72578006,162.4258551,4.871553337,145.5789845,9.325546425
"2008","May",6,"SP",11,"A",20,"SP11-20",0.348038895,6.37,8.944970306,17.85021343,2.493761697,79.63647391,5.101391191
"2008","May",6,"SP",11,"A",40,"SP11-40",1.115808725,6.51,28.23504329,141.9147403,6.564441672,159.319859,10.20576142
"2008","May",6,"SP",13,"A",20,"SP13-20",1.192872269,6.58,62.81442329,40.19069794,1.78353088,95.39672779,6.110963898
"2008","May",6,"SP",13,"A",40,"SP13-40",1.794079845,6.61,143.3022912,157.9910195,4.262289457,154.0763047,9.869869035
"2008","May",6,"SP",14,"E",20,"SP14-20",0.699134006,6.53,34.0130747,32.98409003,3.063412352,97.93537377,6.273584863
"2008","May",6,"SP",14,"E",40,"SP14-40",2.112228495,6.6,96.58246682,195.1327679,4.340642545,155.981213,9.991893938
"2008","July",9,"SC",1,"E",20,"SC1-20",0.865693726,6.24,71.80410164,-99,2.809326263,88.29647391,5.65613477
"2008","July",9,"SC",1,"E",40,"SC1-40",1.234999952,6.47,74.15100226,-99,4.406113537,122.5660367,7.851379562
"2008","July",9,"SC",1,"E",80,"SC1-80",2.396076991,6.69,141.8676938,-99,-99,-99,-99
"2008","July",9,"SC",2,"A",20,"SC2-20",0.952592805,6.31,70.43223741,-99,-99,-99,-99
"2008","July",9,"SC",2,"A",40,"SC2-40",0.901920845,6.49,61.06028707,-99,3.787710543,108.8125811,6.970358642
"2008","July",9,"SC",2,"A",80,"SC2-80",1.860837647,6.76,121.1838482,-99,0.886805989,123.5302962,7.913148243
"2008","July",9,"SC",4,"A",20,"SC4-20",0.050115901,6.23,8.223258506,-99,4.04238927,96.10406206,6.156274423
"2008","July",9,"SC",4,"A",40,"SC4-40",0.386559101,6.18,11.09588696,-99,3.657049283,93.06874471,5.961837609
"2008","July",9,"SC",4,"A",80,"SC4-80",1.145581499,6.48,18.37413309,-99,3.672145976,124.9524965,8.004251762
"2008","July",9,"SC",6,"E",20,"SC6-20",1.019954709,6.38,60.50785852,-99,3.777542109,112.262567,7.191358356
"2008","July",9,"SC",6,"E",40,"SC6-40",1.304385052,6.46,70.9874281,-99,5.860137243,142.6272496,9.136463752
"2008","July",9,"SC",6,"E",80,"SC6-80",2.379761365,6.67,145.5993486,-99,1.31419214,141.2979972,9.051314298
"2008","July",9,"SC",8,"A",20,"SC8-20",1.286681614,6.41,55.55165373,-99,3.946631316,120.6743583,7.730202142
"2008","July",9,"SC",8,"A",40,"SC8-40",1.137780882,6.59,28.46884411,-99,4.470835933,149.9304937,9.604296052
"2008","July",9,"SC",8,"A",80,"SC8-80",1.656774418,6.54,62.01046418,-99,2.486244541,119.9573484,7.684271816
"2008","July",9,"SC",9,"E",20,"SC9-20",1.107105978,6.58,53.49938167,-99,3.458359326,113.8577433,7.293542399
"2008","July",9,"SC",9,"E",40,"SC9-40",1.798339521,6.56,69.86415672,-99,3.903774173,144.2777997,9.242194936
"2008","July",9,"SC",9,"E",80,"SC9-80",2.86188451,6.65,118.0442126,-99,0.827230193,132.3117913,8.475674571
"2008","July",9,"SC",10,"E",20,"SC10-20",0.632216395,6.37,58.55134075,-99,4.482439177,117.2337377,7.509802352
"2008","July",9,"SC",10,"E",40,"SC10-40",1.304385052,6.52,36.89522091,-99,4.969276357,152.7066573,9.782131957
"2008","July",9,"SC",10,"E",80,"SC10-80",1.899374316,6.55,56.39779012,-99,2.153337492,134.3392384,8.605549082
"2008","July",9,"SC",12,"A",20,"SC12-20",1.055401441,6.47,40.56426719,-99,3.984653774,104.9508604,6.722983956
"2008","July",9,"SC",12,"A",40,"SC12-40",1.269218451,6.52,37.42002803,-99,6.887679351,156.3803949,10.0174648
"2008","July",9,"SC",12,"A",80,"SC12-80",1.691085077,6.58,66.19695186,-99,4.611634435,151.1104937,9.679884669
"2008","July",9,"SC",14,"E",20,"SC14-20",0.213331833,5.86,8.703871344,-99,5.670024953,113.1299295,7.246919992
"2008","July",9,"SC",14,"E",40,"SC14-40",0.455441414,6.15,8.387606,-99,6.709575795,134.4017489,8.609553394
"2008","July",9,"SC",14,"E",80,"SC14-80",0.765511655,6.31,17.63295812,-99,7.623674361,169.3054161,10.84541774
"2008","July",9,"SC",15,"A",20,"SC15-20",0.270965021,6,10.48821556,-99,5.198315658,111.2135684,7.124161447
"2008","July",9,"SC",15,"A",40,"SC15-40",0.487647621,6.26,7.04934784,-99,6.900748596,139.3745275,8.928100389
"2008","July",9,"SC",15,"A",80,"SC15-80",0.972320347,6.35,20.674998,-99,6.933312539,168.3446827,10.78387493
"2008","July",8,"SP",1,"E",20,"SP1-20",0.458563917,6.07,3.456114479,0.665225345,4.690767311,110.6461495,7.087813642
"2008","July",8,"SP",1,"E",40,"SP1-40",0.402735633,6.19,5.645944348,0.665225345,7.416219588,145.7174048,9.334413374
"2008","July",8,"SP",2,"A",20,"SP2-20",1.714352698,6.56,69.32861306,103.1099285,3.506238303,100.602031,6.444405994
"2008","July",8,"SP",2,"A",40,"SP2-40",2.842397058,6.69,178.8624787,296.0252785,2.230099813,131.3157405,8.411869401
"2008","July",8,"SP",4,"E",20,"SP4-20",1.526353305,6.54,70.09221367,95.90332061,3.420399251,94.15390691,6.031351092
"2008","July",8,"SP",4,"E",40,"SP4-40",2.118791909,6.64,142.6649245,232.8288708,3.331565814,127.2809027,8.153405156
"2008","July",8,"SP",5,"A",20,"SP5-20",1.992425422,6.47,40.4028447,32.92865458,3.85761073,113.2853032,7.256872948
"2008","July",8,"SP",5,"A",40,"SP5-40",1.714352698,6.49,53.75909398,89.80542158,4.690923269,126.9293653,8.130886322
"2008","July",8,"SP",8,"E",20,"SP8-20",0.999260707,6.32,51.36010786,41.96463218,3.519588272,89.46414669,5.730933728
"2008","July",8,"SP",8,"E",40,"SP8-40",2.315602306,6.68,128.629819,183.4913243,2.915626949,127.0093653,8.136010974
"2008","July",8,"SP",9,"A",20,"SP9-20",0.4462009,6.19,18.78672663,2.938078608,4.924360574,105.7067137,6.771402521
"2008","July",8,"SP",9,"A",40,"SP9-40",1.679569958,6.63,76.2767476,80.38139589,3.214784779,122.7032722,7.860170617
"2008","July",8,"SP",10,"E",20,"SP10-20",1.137780882,6.33,21.68426192,55.98979988,2.996038677,90.07717913,5.770203452
"2008","July",8,"SP",10,"E",40,"SP10-40",2.445698098,6.7,51.84874013,180.1651976,3.626918278,130.7704654,8.376940091
"2008","July",8,"SP",11,"A",20,"SP11-20",0.578482315,6.34,4.459523555,31.76451023,6.552152215,100.0196333,6.407098672
"2008","July",8,"SP",11,"A",40,"SP11-40",1.485202375,6.56,21.4327335,168.5237541,5.639332502,146.631086,9.392942104
"2008","July",8,"SP",13,"A",20,"SP13-20",1.568644415,6.52,62.70683439,72.6204335,4.003524641,108.6974612,6.962984275
"2008","July",8,"SP",13,"A",40,"SP13-40",2.315602306,6.63,126.6644714,172.4042352,3.655240175,152.9633004,9.798572043
"2008","July",8,"SP",14,"E",20,"SP14-20",1.092080061,6.36,19.66211766,45.84511336,5.647754211,126.5106347,8.104063214
"2008","July",8,"SP",14,"E",40,"SP14-40",2.803819338,6.68,90.383976,267.198847,3.025233936,148.5648237,9.516813761
"2008","July",8,"MX",1,"E",20,"MX1-20",0.729760402,6.36,67.0779143,2.328288708,2.931534623,98.3235543,6.29845099
"2008","July",8,"MX",1,"E",40,"MX1-40",1.193521222,6.46,59.60958209,10.2555574,6.183063007,157.3674471,10.08069353
"2008","July",8,"MX",2,"A",20,"MX2-20",1.590227376,6.45,152.3216174,25.9992239,2.63231441,105.2694499,6.743392214
"2008","July",8,"MX",2,"A",40,"MX2-40",1.425546804,6.57,141.5616903,47.45274128,4.874266999,153.2557405,9.817305212
"2008","July",8,"MX",4,"E",20,"MX4-20",1.193521222,6.44,60.7986204,4.822883752,2.816625078,97.72098731,6.259851663
"2008","July",8,"MX",4,"E",40,"MX4-40",1.435320342,6.45,59.50706301,7.705526914,6.166188397,159.4153738,10.21187993
"2008","July",8,"MX",6,"A",20,"MX6-20",1.048214887,6.28,36.57207933,4.989190088,4.387991266,109.3098166,7.002210631
"2008","July",8,"MX",6,"A",40,"MX6-40",1.377668364,6.38,55.446575,28.99273796,7.876575172,168.7858392,10.81213461
"2008","July",8,"MX",8,"E",20,"MX8-20",1.568644415,6.52,104.8131754,55.43544542,2.616032439,112.8178843,7.226930958
"2008","July",8,"MX",8,"E",40,"MX8-40",1.679569958,6.58,50.67852224,57.09850879,5.45474111,157.8332299,10.11053072
"2008","July",8,"MX",9,"A",20,"MX9-20",1.185394169,6.33,43.78136778,7.26204335,3.433718029,103.3830748,6.62255451
"2008","July",8,"MX",9,"A",40,"MX9-40",1.277920203,6.44,49.33112856,7.760962359,5.84547723,151.040536,9.675403309
"2008","July",8,"MX",11,"E",20,"MX11-20",0.781364875,6.24,40.09251145,2.383724153,2.63231441,82.82112835,5.305394263
"2008","July",8,"MX",11,"E",40,"MX11-40",1.226590458,6.44,52.27855223,7.982704144,6.207797879,143.9789845,9.223053385
"2008","July",8,"MX",12,"A",20,"MX12-20",0.765511655,6.22,25.88721086,1.552192472,2.481908921,91.6203385,5.869055387
"2008","July",8,"MX",12,"A",40,"MX12-40",0.908104407,6.36,38.42108424,7.871833248,6.247629445,139.9065444,8.962180409
"2008","July",8,"MX",13,"E",20,"MX13-20",0.859798951,6.21,33.49925286,2.771772271,3.527822832,96.39675599,6.175023855
"2008","July",8,"MX",13,"E",40,"MX13-40",1.069922697,6.37,38.11810374,17.24042352,6.1569869,136.4699859,8.742040827
"2008","July",8,"MX",15,"A",20,"MX15-20",0.213331833,5.79,10.42055939,3.492433062,3.402776045,86.95531735,5.570222762
"2008","July",8,"MX",15,"A",40,"MX15-40",0.877604797,6.37,14.54969857,45.84511336,4.299656893,109.2349788,6.99741666
"2008","September",4,"SC",1,"E",20,"SC1-20",1.542608227,6.27,119.5553737,0.997838018,3.766437929,128.6628773,8.241931893
"2008","September",4,"SC",1,"E",40,"SC1-40",1.277760211,6.35,99.42461473,1.496757027,3.903275109,115.4590127,7.396116754
"2008","September",4,"SC",1,"E",80,"SC1-80",2.054003564,6.62,130.1070747,180.1651976,0.980692452,118.0737659,7.563613005
"2008","September",4,"SC",2,"A",20,"SC2-20",0.806941461,6.22,78.25121209,1.219579799,5.842576419,138.7900141,8.890657542
"2008","September",4,"SC",2,"A",40,"SC2-40",0.952426695,6.3,74.887489,1.496757027,5.253930131,131.5895346,8.429408143
"2008","September",4,"SC",2,"A",80,"SC2-80",1.613946561,6.67,152.4152273,109.2078275,1.041578291,116.3608181,7.453884737
"2008","September",4,"SC",4,"A",20,"SC4-20",0.241702878,5.9,26.72324805,0.055435445,8.479351216,183.1398872,11.73162836
"2008","September",4,"SC",4,"A",40,"SC4-40",0.45514621,6.07,14.84153175,0.332612673,5.593293824,129.8291114,8.316638694
"2008","September",4,"SC",4,"A",80,"SC4-80",0.917213214,6.45,20.90949663,6.763124341,3.877698066,121.3794076,7.7753663
"2008","September",4,"SC",6,"E",20,"SC6-20",1.074453389,6.3,121.8211894,1.33045069,5.964348097,155.6302962,9.969414858
"2008","September",4,"SC",6,"E",40,"SC6-40",0.988992085,6.39,76.14381931,2.161982372,6.002121023,142.2764457,9.1139919
"2008","September",4,"SC",6,"E",80,"SC6-80",1.919335654,6.64,127.6975731,169.632463,1.347754211,137.9475035,8.836687873
"2008","September",4,"SC",8,"A",20,"SC8-20",1.326815746,6.44,85.73761442,3.215255835,3.940112289,143.551086,9.195643002
"2008","September",4,"SC",8,"A",40,"SC8-40",1.132643767,6.46,42.64290575,4.213093853,3.910573924,137.1608745,8.786297871
"2008","September",4,"SC",8,"A",80,"SC8-80",1.57787428,6.5,70.23427731,134.7081324,2.8621335,126.5793794,8.108466873
"2008","September",4,"SC",9,"E",20,"SC9-20",1.367412741,6.46,103.7536121,1.441321581,4.742139738,141.3392666,9.053957939
"2008","September",4,"SC",9,"E",40,"SC9-40",1.613946561,6.48,69.31321404,2.106546926,3.568839676,133.6592384,8.56198954
"2008","September",4,"SC",9,"E",80,"SC9-80",2.461133796,6.64,106.2810098,230.6114529,0.932252027,129.2539351,8.279793964
"2008","September",4,"SC",10,"E",20,"SC10-20",0.788906032,6.31,103.8936138,0.720660791,6.441453525,159.1170381,10.19276909
"2008","September",4,"SC",10,"E",40,"SC10-40",1.176128018,6.42,51.89038106,1.108708909,4.701247661,141.0633004,9.036280058
"2008","September",4,"SC",10,"E",80,"SC10-80",1.601831757,6.62,37.62126875,110.3165364,2.088365565,118.9534274,7.619962493
"2008","September",4,"SC",12,"A",20,"SC12-20",0.896713171,6.32,67.41582368,38.41676368,7.214909545,160.8765585,10.30548072
"2008","September",4,"SC",12,"A",40,"SC12-40",1.176128018,6.44,46.98295592,38.69394091,5.786494074,141.2709732,9.049583192
"2008","September",4,"SC",12,"A",80,"SC12-80",1.48557433,6.51,61.1599619,99.78380179,4.417467249,143.6568406,9.202417445
"2008","September",4,"SC",14,"E",20,"SC14-20",0.174813519,5.84,17.56419481,0.388048118,9.012850905,177.1689986,11.34914429
"2008","September",4,"SC",14,"E",40,"SC14-40",0.521256465,6.09,18.13893829,0.942402572,7.213568309,147.6734556,9.459714368
"2008","September",4,"SC",14,"E",80,"SC14-80",0.601484208,6.24,20.95739192,12.47297522,7.838802246,164.8197179,10.55807221
"2008","September",4,"SC",15,"A",20,"SC15-20",0.245372746,5.94,14.33310483,1.108708909,8.675077979,181.8435825,11.64858949
"2008","September",4,"SC",15,"A",40,"SC15-40",0.418944185,6.14,10.8699069,2.272853263,7.549812851,153.2912553,9.819580225
"2008","September",4,"SC",15,"A",80,"SC15-80",0.959629987,6.32,18.45946831,21.95243639,6.593980037,158.5467983,10.15624059
"2008","September",3,"SP",1,"E",20,"SP1-20",0.159701134,6.04,4.652648751,0.388048118,9.877854024,152.7530606,9.785104472
"2008","September",3,"SP",1,"E",40,"SP1-40",0.653459978,6.2,13.33628987,1.053273463,6.839145352,138.3060649,8.85965665
"2008","September",3,"SP",2,"A",20,"SP2-20",0.034337505,5.98,21.9063954,40.91135872,14.24850281,175.4711425,11.24038276
"2008","September",3,"SP",2,"A",40,"SP2-40",1.993022435,6.71,110.643612,327.6234824,2.76481597,134.962031,8.645444028
"2008","September",3,"SP",4,"E",20,"SP4-20",0.39742063,6.27,30.41790191,65.4138256,10.0694947,142.3985614,9.121814403
"2008","September",3,"SP",4,"E",40,"SP4-40",1.919335654,6.6,132.6658533,248.3507955,3.10823456,121.107024,7.757917908
"2008","September",3,"SP",5,"A",20,"SP5-20",0.178809986,5.96,8.853465436,32.20799379,13.9779476,179.3906911,11.4914618
"2008","September",3,"SP",5,"A",40,"SP5-40",1.082579581,6.37,29.84289911,127.5015245,10.83948846,166.2250494,10.64809515
"2008","September",3,"SP",8,"E",20,"SP8-20",0.541268447,6.28,23.58379212,60.97898997,6.494260761,119.9576305,7.684289886
"2008","September",3,"SP",8,"E",40,"SP8-40",1.638451739,6.68,100.6305058,197.9045402,2.841203993,125.2308039,8.022079624
"2008","September",3,"SP",9,"A",20,"SP9-20",1.34e-05,6.36,2.3599624,1.607627917,8.546662508,163.131086,10.44990158
"2008","September",3,"SP",9,"A",40,"SP9-40",1.47442313,6.55,62.28843966,62.64205333,3.416749844,130.2878984,8.346027742
"2008","September",3,"SP",10,"E",20,"SP10-20",0.501984374,6.26,10.20124272,55.43544542,7.877011853,139.5027927,8.936316818
"2008","September",3,"SP",10,"E",40,"SP10-40",2.13286049,6.61,56.58236085,220.6330728,2.961010605,127.5994358,8.1738098
"2008","September",3,"SP",11,"A",20,"SP11-20",0.181524927,6.17,3.575891902,35.97760408,9.960417966,161.0668829,10.31767255
"2008","September",3,"SP",11,"A",40,"SP11-40",1.441469247,6.48,28.65993155,189.0348689,5.901777916,145.5699013,9.324964571
"2008","September",3,"SP",13,"A",20,"SP13-20",0.19280322,6.32,29.5645538,60.97898997,9.191048035,166.8592102,10.68871831
"2008","September",3,"SP",13,"A",40,"SP13-40",1.357148499,6.56,78.48374165,191.2522867,5.347878977,148.8694499,9.536327554
"2008","September",3,"SP",14,"E",20,"SP14-20",0.013288167,5.98,4.938318935,8.204445922,12.47158453,201.5183075,12.90891597
"2008","September",3,"SP",14,"E",40,"SP14-40",2.023283269,6.63,79.47992485,253.89434,3.549906425,146.3313963,9.373744536
"2008","November",12,"SC",1,"E",20,"SC1-20",0.584615866,6.17,129.4159158,1.164144354,8.712476606,192.5594358,12.33502722
"2008","November",12,"SC",1,"E",40,"SC1-40",0.804694448,6.35,134.1456433,1.108708909,4.310386775,135.9710296,8.710078611
"2008","November",12,"SC",1,"E",80,"SC1-80",1.322758396,6.64,222.6483038,172.9585898,0.421366188,122.4118195,7.841500693
"2008","November",12,"SC",2,"A",20,"SC2-20",0.433871262,6.13,124.0855129,1.496757027,8.406269495,176.4339069,11.30205567
"2008","November",12,"SC",2,"A",40,"SC2-40",0.338404495,6.21,95.91052637,4.49027108,7.38992514,162.9938505,10.44111052
"2008","November",12,"SC",2,"A",80,"SC2-80",1.009962089,6.61,195.7929112,94.2402572,1.11378665,121.3038646,7.770527154
"2008","November",12,"SC",4,"A",20,"SC4-20",0.169953596,6.13,22.98758816,1.718498808,8.982938241,184.6371227,11.8275385
"2008","November",12,"SC",4,"A",40,"SC4-40",0.252935609,6,18.59840106,0.720660791,8.20040549,175.1955994,11.22273199
"2008","November",12,"SC",4,"A",80,"SC4-80",0.475824965,6.4,29.39636889,8.31531681,3.866094822,124.5478138,7.97832854
"2008","November",12,"SC",6,"E",20,"SC6-20",0.601457377,6.27,137.2719931,4.323964743,7.84217093,184.0500987,11.78993483
"2008","November",12,"SC",6,"E",40,"SC6-40",0.776628246,6.26,108.9740337,1.773934254,7.412383032,170.1483498,10.89941451
"2008","November",12,"SC",6,"E",80,"SC6-80",1.031705548,6.57,103.0618743,157.9910195,1.289145352,139.2156559,8.917923365
"2008","November",12,"SC",8,"A",20,"SC8-20",0.845699273,6.38,110.8280868,3.88048118,5.636774797,176.3827645,11.29877958
"2008","November",12,"SC",8,"A",40,"SC8-40",1.024406207,6.41,80.6808039,3.436997617,3.950935745,146.9021439,9.410305567
"2008","November",12,"SC",8,"A",80,"SC8-80",0.816202901,6.45,95.18214834,130.8276512,2.787398628,128.9500987,8.260330767
"2008","November",12,"SC",9,"E",20,"SC9-20",0.632105848,6.55,73.81796934,1.884805145,6.391484716,171.2211001,10.96813292
"2008","November",12,"SC",9,"E",40,"SC9-40",1.155826905,6.45,125.0267287,2.882643162,4.630848409,144.6105501,9.263510308
"2008","November",12,"SC",9,"E",80,"SC9-80",1.744775468,6.57,203.3557454,226.1766173,0.754678727,129.9752327,8.325998954
"2008","November",12,"SC",10,"E",20,"SC10-20",0.398435576,6.4,53.24365482,2.106546926,6.749033063,172.3072496,11.03770964
"2008","November",12,"SC",10,"E",40,"SC10-40",0.787735307,6.39,93.60241936,1.108708909,4.273487211,146.1769535,9.363851211
"2008","November",12,"SC",10,"E",80,"SC10-80",0.995721634,6.5,75.70986033,104.7729919,2.140268247,127.1449929,8.14469903
"2008","November",12,"SC",12,"A",20,"SC12-20",0.306384097,6.25,56.59230187,19.06979322,8.949688085,187.1414951,11.98796396
"2008","November",12,"SC",12,"A",40,"SC12-40",0.723398387,6.37,69.63216052,35.70042685,6.659700561,158.7195487,10.16730666
"2008","November",12,"SC",12,"A",80,"SC12-80",0.954193723,6.46,70.76256539,86.47929484,4.716968185,147.4871932,9.447782747
"2008","November",12,"SC",14,"E",20,"SC14-20",0.123472417,5.8,10.16056725,0.997838018,9.38661884,185.3225952,11.8714486
"2008","November",12,"SC",14,"E",40,"SC14-40",0.333632995,5.98,15.75583485,1.552192472,8.624547723,177.0625952,11.34232828
"2008","November",12,"SC",14,"E",80,"SC14-80",0.390038444,6.19,24.33083076,12.19579799,7.667404866,162.5287729,10.41131852
"2008","November",12,"SC",15,"A",20,"SC15-20",0.069965635,5.86,6.830839107,0.665225345,10.03028696,193.6792948,12.40676332
"2008","November",12,"SC",15,"A",40,"SC15-40",0.315210356,6.08,10.84164801,2.993514053,8.289051778,171.2731453,10.97146683
"2008","November",12,"SC",15,"A",80,"SC15-80",0.623193162,6.32,22.45312896,28.99273796,6.618465377,159.8992948,10.24287901
"2008","November",13,"SP",1,"E",20,"SP1-20",0.149563698,5.89,2.001857837,0.720660791,10.86412976,189.9281523,12.16647207
"2008","November",13,"SP",1,"E",40,"SP1-40",0.409913638,6.16,10.30351701,0.831531681,8.232064878,151.2802539,9.690759195
"2008","November",13,"SP",2,"A",20,"SP2-20",0.576372788,6.23,81.65227135,47.28643495,8.097192764,186.7725247,11.9643284
"2008","November",13,"SP",2,"A",40,"SP2-40",1.440400628,6.62,156.5995176,307.6667221,4.612850905,142.2188434,9.110302006
"2008","November",13,"SP",4,"E",20,"SP4-20",0.548426607,6.18,62.45557348,47.56361218,8.888927012,187.6926093,12.02326732
"2008","November",13,"SP",4,"E",40,"SP4-40",1.180710685,6.58,151.2136325,237.2637064,4.705427324,137.7525529,8.824199696
"2008","November",13,"SP",5,"A",20,"SP5-20",0.525553737,6.19,15.54242813,23.94811243,12.27835309,199.5113794,12.78035587
"2008","November",13,"SP",5,"A",40,"SP5-40",0.733744173,6.35,31.16433959,118.0774987,11.13708671,181.7410719,11.64202285
"2008","November",13,"SP",8,"E",20,"SP8-20",0.552334386,6.22,55.39608147,35.42324962,7.662913288,162.6591819,10.41967228
"2008","November",13,"SP",8,"E",40,"SP8-40",1.370560938,6.58,102.3424145,208.9916293,3.077510917,134.3772073,8.607981304
"2008","November",13,"SP",9,"A",20,"SP9-20",0.138327008,6.4,1.565677001,0.831531681,8.49897068,167.4047955,10.7236675
"2008","November",13,"SP",9,"A",40,"SP9-40",1.180710685,6.53,75.41773006,80.38139589,3.66007486,139.7154584,8.949939791
"2008","November",13,"SP",10,"E",20,"SP10-20",0.462501309,6.28,17.88452958,41.63201951,7.69856519,166.6355148,10.6743888
"2008","November",13,"SP",10,"E",40,"SP10-40",1.481895436,6.61,67.22985719,213.9808193,3.117467249,135.3266855,8.668803117
"2008","November",13,"SP",11,"A",20,"SP11-20",0.026639128,5.71,0.821324922,6.153334442,10.41441048,201.8163047,12.92800512
"2008","November",13,"SP",11,"A",40,"SP11-40",0.810428247,6.41,24.74015446,153.5561839,8.383156581,167.8053315,10.74932509
"2008","November",13,"SP",13,"A",20,"SP13-20",0.754881746,6.45,76.22371638,71.51172459,6.469463506,182.9067983,11.71669712
"2008","November",13,"SP",13,"A",40,"SP13-40",0.86390632,6.52,52.3665211,144.1321581,6.34444791,171.5838082,10.99136732
"2008","November",13,"SP",14,"E",20,"SP14-20",0.125238276,6.07,30.61911355,19.06979322,10.71827823,201.2359097,12.89082609
"2008","November",13,"SP",14,"E",40,"SP14-40",1.180710685,6.55,94.47219505,228.9483896,5.325951341,161.3575458,10.33629188
"2009","January",NA,"SC",1,"E",20,"SC1-20",-99,-99,-99,-99,-99,-99,-99
"2009","January",NA,"SC",1,"E",20,"SC1-20",-99,-99,-99,-99,-99,-99,-99
"2009","January",NA,"SC",1,"E",20,"SC1-20",-99,-99,-99,-99,-99,-99,-99
"2009","January",NA,"SC",1,"E",20,"SC1-20",-99,-99,-99,-99,-99,-99,-99
"2009","January",NA,"SC",1,"E",20,"SC1-20",-99,-99,-99,-99,-99,-99,-99
"2009","January",NA,"SC",1,"E",20,"SC1-20",-99,-99,-99,-99,-99,-99,-99
"2009","January",NA,"SC",1,"E",20,"SC1-20",-99,-99,-99,-99,-99,-99,-99
"2009","January",NA,"SC",1,"E",20,"SC1-20",-99,-99,-99,-99,-99,-99,-99
"2009","January",NA,"SC",1,"E",20,"SC1-20",-99,-99,-99,-99,-99,-99,-99
"2009","January",NA,"SC",1,"E",20,"SC1-20",-99,-99,-99,-99,-99,-99,-99
"2009","January",NA,"SC",1,"E",20,"SC1-20",-99,-99,-99,-99,-99,-99,-99
"2009","January",NA,"SP",1,"E",20,"SP1-20",-99,-99,-99,-99,-99,-99,-99
"2009","January",NA,"SP",1,"E",20,"SP1-20",-99,-99,-99,-99,-99,-99,-99
"2009","January",NA,"SP",1,"E",20,"SP1-20",-99,-99,-99,-99,-99,-99,-99
"2009","January",NA,"SP",1,"E",20,"SP1-20",-99,-99,-99,-99,-99,-99,-99
"2009","January",NA,"SP",1,"E",20,"SP1-20",-99,-99,-99,-99,-99,-99,-99
"2009","January",NA,"SP",1,"E",20,"SP1-20",-99,-99,-99,-99,-99,-99,-99
"2009","January",NA,"SP",1,"E",20,"SP1-20",-99,-99,-99,-99,-99,-99,-99
"2009","January",NA,"SP",1,"E",20,"SP1-20",-99,-99,-99,-99,-99,-99,-99
"2009","January",NA,"SP",1,"E",20,"SP1-20",-99,-99,-99,-99,-99,-99,-99
"2009","January",NA,"SP",1,"E",20,"SP1-20",-99,-99,-99,-99,-99,-99,-99
"2009","January",NA,"SP",1,"E",20,"SP1-20",-99,-99,-99,-99,-99,-99,-99
"2009","January",NA,"MX",1,"E",20,"MX1-20",-99,-99,-99,-99,-99,-99,-99
"2009","January",NA,"MX",1,"E",20,"MX1-20",-99,-99,-99,-99,-99,-99,-99
"2009","January",NA,"MX",1,"E",20,"MX1-20",-99,-99,-99,-99,-99,-99,-99
"2009","January",NA,"MX",1,"E",20,"MX1-20",-99,-99,-99,-99,-99,-99,-99
"2009","January",NA,"MX",1,"E",20,"MX1-20",-99,-99,-99,-99,-99,-99,-99
"2009","January",NA,"MX",1,"E",20,"MX1-20",-99,-99,-99,-99,-99,-99,-99
"2009","January",NA,"MX",1,"E",20,"MX1-20",-99,-99,-99,-99,-99,-99,-99
"2009","January",NA,"MX",1,"E",20,"MX1-20",-99,-99,-99,-99,-99,-99,-99
"2009","January",NA,"MX",1,"E",20,"MX1-20",-99,-99,-99,-99,-99,-99,-99
"2009","January",NA,"MX",1,"E",20,"MX1-20",-99,-99,-99,-99,-99,-99,-99
"2009","January",NA,"MX",1,"E",20,"MX1-20",-99,-99,-99,-99,-99,-99,-99
"2009","January",NA,"MX",1,"E",20,"MX1-20",-99,-99,-99,-99,-99,-99,-99
"2009","September",10,"SC",1,"E",20,"SC1-20",1.23131631,6.39,164.5787557,3.215255835,0.678415471,130.9027362,8.385413114
"2009","September",10,"SC",1,"E",40,"SC1-40",1.064661961,6.4,84.44354533,3.603303953,3.64937617,118.3646827,7.582248596
"2009","September",10,"SC",1,"E",80,"SC1-80",1.660329153,6.68,88.88015383,133.5994234,0.784996881,124.6860931,7.987186454
"2009","September",10,"SC",2,"A",20,"SC2-20",1.21157998,6.3,117.7634648,1.441321581,1.308296943,137.9538223,8.837092641
"2009","September",10,"SC",2,"A",40,"SC2-40",0.905808306,6.26,49.99385751,1.663063363,4.577635683,134.4512271,8.612722872
"2009","September",10,"SC",2,"A",80,"SC2-80",1.31352943,6.65,67.92996068,62.64205333,1.459419838,109.0177433,6.983500953
"2009","September",10,"SC",4,"A",20,"SC4-20",0.639969248,6.34,41.42988365,0.720660791,2.722551466,146.7099295,9.397992669
"2009","September",10,"SC",4,"A",40,"SC4-40",0.688237058,6.08,24.95340819,0.831531681,3.389893949,128.8919605,8.25660654
"2009","September",10,"SC",4,"A",80,"SC4-80",0.660988941,6.37,14.18762304,4.49027108,4.020118528,121.9580254,7.812431484
"2009","September",10,"SC",6,"E",20,"SC6-20",1.424057505,6.55,193.5156688,4.102222962,0.891172801,132.5615797,8.491675556
"2009","September",10,"SC",6,"E",40,"SC6-40",1.126608805,6.49,67.06820308,4.656577416,4.392576419,136.0968124,8.718136024
"2009","September",10,"SC",6,"E",80,"SC6-80",1.482761792,6.62,77.31033648,127.5015245,1.446257018,127.4346403,8.163253306
"2009","September",10,"SC",8,"A",20,"SC8-20",1.412598546,6.58,141.9916354,17.24042352,1.271771678,146.9135402,9.411035595
"2009","September",10,"SC",8,"A",40,"SC8-40",0.958512327,6.44,52.41832387,12.25123344,3.939426076,136.0790973,8.717001228
"2009","September",10,"SC",8,"A",80,"SC8-80",1.334926491,6.58,47.37972201,109.7621819,2.225389894,110.3207616,7.066969897
"2009","September",10,"SC",9,"E",20,"SC9-20",1.334926491,6.68,103.0434905,3.215255835,1.052152215,131.4349506,8.419505783
"2009","September",10,"SC",9,"E",40,"SC9-40",1.047596874,6.42,105.7318443,7.982704144,4.107922645,140.9707475,9.030351291
"2009","September",10,"SC",9,"E",80,"SC9-80",2.065052208,6.78,111.4713973,203.4480847,0.580723643,129.4211001,8.290502246
"2009","September",10,"SC",10,"E",20,"SC10-20",0.974126249,6.52,111.8795983,1.552192472,2.613069245,143.3791537,9.184629337
"2009","September",10,"SC",10,"E",40,"SC10-40",0.966287751,6.32,66.49507243,1.663063363,4.260605115,131.0729478,8.396316552
"2009","September",10,"SC",10,"E",80,"SC10-80",1.182567046,6.67,30.27239051,85.9249404,2.307174049,130.7023413,8.372576186
"2009","September",10,"SC",12,"A",20,"SC12-20",1.221408281,6.4,129.3167892,34.36997617,2.63992514,138.0183357,8.84122525
"2009","September",10,"SC",12,"A",40,"SC12-40",0.828781041,6.32,65.3075787,27.99489994,5.2654398,132.140536,8.464704274
"2009","September",10,"SC",12,"A",80,"SC12-80",0.856002229,6.63,33.44728693,62.64205333,5.59422957,149.9056417,9.602704085
"2009","September",10,"SC",14,"E",20,"SC14-20",0.693820017,6.23,63.38614788,2.161982372,2.853181535,148.1047673,9.487343398
"2009","September",10,"SC",14,"E",40,"SC14-40",0.522925485,6.08,41.42988365,2.993514053,4.547255147,142.6114528,9.135451832
"2009","September",10,"SC",14,"E",80,"SC14-80",0.430753963,6.34,11.49926919,10.64360552,7.363100437,154.8933427,9.922206983
"2009","September",10,"SC",15,"A",20,"SC15-20",0.56236561,6.14,20.15807761,1.219579799,3.774391765,163.3758251,10.46557911
"2009","September",10,"SC",15,"A",40,"SC15-40",0.498181018,6.07,9.425278406,2.272853263,5.674547723,146.5941608,9.390576741
"2009","September",10,"SC",15,"A",80,"SC15-80",0.580836424,6.34,10.90552232,17.01868175,6.866157205,152.7148096,9.78265418
"2009","September",10,"SP",1,"E",20,"SP1-20",0.966287751,6.19,16.21625816,0.942402572,1.601996257,133.9279549,8.579203022
"2009","September",10,"SP",1,"E",40,"SP1-40",0.580836424,6.24,6.312230614,1.94024059,6.488521522,136.7948942,8.762853853
"2009","September",10,"SP",2,"A",20,"SP2-20",1.859161001,6.52,145.4056799,102.0012196,1.70349345,124.9203103,8.002189975
"2009","September",10,"SP",2,"A",40,"SP2-40",2.202932607,6.64,132.0298825,251.1225678,2.015283843,136.6748096,8.755161454
"2009","September",10,"SP",4,"E",20,"SP4-20",2.015601718,6.47,107.1749791,81.49010477,0.648097318,116.9371509,7.490803554
"2009","September",10,"SP",4,"E",40,"SP4-40",1.756934606,6.52,106.1276756,192.9153501,2.77036806,126.5263188,8.105067906
"2009","September",10,"SP",5,"A",20,"SP5-20",1.728773327,6.4,121.5238616,62.08769887,1.587180287,131.1445134,8.400900911
"2009","September",10,"SP",5,"A",40,"SP5-40",1.23131631,6.39,89.90684112,83.70752262,4.357485964,138.81811,8.892457314
"2009","September",10,"SP",8,"E",20,"SP8-20",1.090782228,6.25,109.1788747,60.42463551,1.321615721,115.4085755,7.392885838
"2009","September",10,"SP",8,"E",40,"SP8-40",1.646968988,6.51,108.3006242,153.5561839,2.451746725,127.4946968,8.167100409
"2009","September",10,"SP",9,"A",20,"SP9-20",0.789563705,6.38,30.54864773,4.989190088,2.71316282,129.3339069,8.284916809
"2009","September",10,"SP",9,"A",40,"SP9-40",1.581763545,6.47,59.15982472,97.56638393,2.573112913,127.2446544,8.151083161
"2009","September",10,"SP",10,"E",20,"SP10-20",1.192159996,6.56,58.12901419,77.60962359,1.644946974,117.9721298,7.557102384
"2009","September",10,"SP",10,"E",40,"SP10-40",1.742797086,6.54,64.9942123,151.8931205,3.055832813,122.4290268,7.842602963
"2009","September",10,"SP",11,"A",20,"SP11-20",0.849114238,6.58,19.48598915,22.28504906,2.05595758,133.5494499,8.554956696
"2009","September",10,"SP",11,"A",40,"SP11-40",1.324184743,6.39,38.92295245,135.2624868,4.958047411,141.1234133,9.040130775
"2009","September",10,"SP",13,"A",20,"SP13-20",1.660329153,6.65,93.94349514,76.50091468,1.858421709,127.9954584,8.199178273
"2009","September",10,"SP",13,"A",40,"SP13-40",1.728773327,6.62,81.25627918,140.2516769,2.636400499,131.9338505,8.451464385
"2009","September",10,"SP",14,"E",20,"SP14-20",1.221408281,6.59,68.14849251,40.80048783,1.310480349,150.596897,9.64698462
"2009","September",10,"SP",14,"E",40,"SP14-40",1.470830458,6.73,39.69812197,181.2739066,3.623674361,144.4708886,9.254563851
"2010","January",NA,"SC",1,"E",20,"SC1-20",-99,-99,-99,-99,-99,-99,-99
"2010","January",NA,"SC",1,"E",20,"SC1-20",-99,-99,-99,-99,-99,-99,-99
"2010","January",NA,"SC",1,"E",20,"SC1-20",-99,-99,-99,-99,-99,-99,-99
"2010","January",NA,"SC",1,"E",20,"SC1-20",-99,-99,-99,-99,-99,-99,-99
"2010","January",NA,"SC",1,"E",20,"SC1-20",-99,-99,-99,-99,-99,-99,-99
"2010","January",NA,"SC",1,"E",20,"SC1-20",-99,-99,-99,-99,-99,-99,-99
"2010","January",NA,"SC",1,"E",20,"SC1-20",-99,-99,-99,-99,-99,-99,-99
"2010","January",NA,"SC",1,"E",20,"SC1-20",-99,-99,-99,-99,-99,-99,-99
"2010","January",NA,"SC",1,"E",20,"SC1-20",-99,-99,-99,-99,-99,-99,-99
"2010","January",NA,"SC",1,"E",20,"SC1-20",-99,-99,-99,-99,-99,-99,-99
"2010","January",NA,"SC",1,"E",20,"SC1-20",-99,-99,-99,-99,-99,-99,-99
"2010","January",NA,"SP",1,"E",20,"SP1-20",-99,-99,-99,-99,-99,-99,-99
"2010","January",NA,"SP",1,"E",20,"SP1-20",-99,-99,-99,-99,-99,-99,-99
"2010","January",NA,"SP",1,"E",20,"SP1-20",-99,-99,-99,-99,-99,-99,-99
"2010","January",NA,"SP",1,"E",20,"SP1-20",-99,-99,-99,-99,-99,-99,-99
"2010","January",NA,"SP",1,"E",20,"SP1-20",-99,-99,-99,-99,-99,-99,-99
"2010","January",NA,"SP",1,"E",20,"SP1-20",-99,-99,-99,-99,-99,-99,-99
"2010","January",NA,"SP",1,"E",20,"SP1-20",-99,-99,-99,-99,-99,-99,-99
"2010","January",NA,"SP",1,"E",20,"SP1-20",-99,-99,-99,-99,-99,-99,-99
"2010","January",NA,"SP",1,"E",20,"SP1-20",-99,-99,-99,-99,-99,-99,-99
"2010","January",NA,"SP",1,"E",20,"SP1-20",-99,-99,-99,-99,-99,-99,-99
"2010","January",NA,"MX",1,"E",20,"MX1-20",-99,-99,-99,-99,-99,-99,-99
"2010","January",NA,"MX",1,"E",20,"MX1-20",-99,-99,-99,-99,-99,-99,-99
"2010","January",NA,"MX",1,"E",20,"MX1-20",-99,-99,-99,-99,-99,-99,-99
"2010","January",NA,"MX",1,"E",20,"MX1-20",-99,-99,-99,-99,-99,-99,-99
"2010","January",NA,"MX",1,"E",20,"MX1-20",-99,-99,-99,-99,-99,-99,-99
"2010","January",NA,"MX",1,"E",20,"MX1-20",-99,-99,-99,-99,-99,-99,-99
"2010","January",NA,"MX",1,"E",20,"MX1-20",-99,-99,-99,-99,-99,-99,-99
"2010","January",NA,"MX",1,"E",20,"MX1-20",-99,-99,-99,-99,-99,-99,-99
"2010","January",NA,"MX",1,"E",20,"MX1-20",-99,-99,-99,-99,-99,-99,-99
"2010","January",NA,"MX",1,"E",20,"MX1-20",-99,-99,-99,-99,-99,-99,-99
"2010","January",NA,"MX",1,"E",20,"MX1-20",-99,-99,-99,-99,-99,-99,-99
"2010","July",7,"SC",1,"E",20,"SC1-20",0.651913981,6.53,75.83031793,4.379400189,1.875733001,99.44533145,6.370309959
"2010","July",7,"SC",1,"E",40,"SC1-40",1.024440151,6.56,69.0509276,11.91862077,2.838427948,115.3509168,7.38919233
"2010","July",7,"SC",1,"E",80,"SC1-80",1.738265941,6.69,108.1675465,146.3495759,1.013849033,129.8739915,8.319513631
"2010","July",7,"SC",2,"A",20,"SC2-20",0.773151084,6.47,77.25877717,2.716336826,1.79588272,96.22459803,6.163995734
"2010","July",7,"SC",2,"A",40,"SC2-40",0.893773208,6.57,47.52752152,3.991352071,2.542638802,105.21433,6.739861336
"2010","July",7,"SC",2,"A",80,"SC2-80",1.357403028,6.65,57.96685605,68.18559787,2.095227698,129.7512553,8.311651374
"2010","July",7,"SC",4,"A",20,"SC4-20",0.250827691,6.31,14.25600337,1.718498808,3.224641298,105.4983357,6.758054212
"2010","July",7,"SC",4,"A",40,"SC4-40",0.459556003,6.26,17.45266351,0.776096236,2.730910792,89.16812412,5.71197107
"2010","July",7,"SC",4,"A",80,"SC4-80",0.740876553,6.47,13.11709668,4.933754643,3.962445415,119.2548096,7.639268481
"2010","July",7,"SC",6,"E",20,"SC6-20",0.766585615,6.6,50.71646025,3.991352071,2.198190892,112.7488858,7.222511036
"2010","July",7,"SC",6,"E",40,"SC6-40",1.174210205,6.5,64.16714129,20.95459837,3.04238927,124.0568124,7.946875898
"2010","July",7,"SC",6,"E",80,"SC6-80",1.753153426,6.69,95.94070758,146.3495759,1.910667498,142.5457546,9.131243329
"2010","July",7,"SC",8,"A",20,"SC8-20",0.588499164,6.37,60.19834103,2.827207717,3.256019963,118.5087447,7.591476945
"2010","July",7,"SC",8,"A",40,"SC8-40",1.14454992,6.63,40.8446487,19.56871223,2.508515284,120.2352891,7.702076187
"2010","July",7,"SC",8,"A",80,"SC8-80",1.876936389,6.55,61.32952631,121.4036255,2.603961323,126.5873625,8.108978254
"2010","July",7,"SC",9,"E",20,"SC9-20",0.813741736,6.78,45.18407622,7.206607905,0.795695571,110.9672779,7.10838453
"2010","July",7,"SC",9,"E",40,"SC9-40",1.596170147,6.61,93.0413214,30.8775431,2.162320649,128.3994922,8.225059934
"2010","July",7,"SC",9,"E",80,"SC9-80",2.13307001,6.67,99.20299962,180.7195521,0.910168434,119.5192948,7.656210913
"2010","July",7,"SC",10,"E",20,"SC10-20",0.69794295,6.54,95.80558306,2.716336826,1.995227698,112.0306347,7.176501202
"2010","July",7,"SC",10,"E",40,"SC10-40",0.948753209,6.55,43.8366917,4.323964743,2.72963194,127.3083498,8.155163367
"2010","July",7,"SC",10,"E",80,"SC10-80",1.214956322,6.61,34.13475098,89.80542158,2.465533375,128.6776023,8.242875147
"2010","July",7,"SC",12,"A",20,"SC12-20",1.042063055,6.51,86.00712482,37.19718388,2.953555833,116.8688575,7.486428807
"2010","July",7,"SC",12,"A",40,"SC12-40",1.115638847,6.45,51.68163541,39.74721437,3.93683718,134.562031,8.619820768
"2010","July",7,"SC",12,"A",80,"SC12-80",1.050987867,6.54,56.17163025,58.76157215,5.580099813,147.4025106,9.442358133
"2010","July",7,"SC",14,"E",20,"SC14-20",0.806831578,6.35,43.99884113,2.383724153,2.56768559,119.174866,7.634147443
"2010","July",7,"SC",14,"E",40,"SC14-40",0.740876553,6.26,39.14980112,4.601141971,4.26481597,131.3178561,8.412004926
"2010","July",7,"SC",14,"E",80,"SC14-80",0.593539401,6.27,34.49379614,10.53273463,6.063942608,149.2713399,9.562071883
"2010","July",7,"SC",15,"A",20,"SC15-20",0.747221835,6.32,41.77893826,2.660901381,2.920679975,121.9777151,7.81369277
"2010","July",7,"SC",15,"A",40,"SC15-40",0.603749747,6.29,11.31028878,2.660901381,4.590049906,131.0399436,8.394202362
"2010","July",7,"SC",15,"A",80,"SC15-80",0.663128514,6.27,21.49867778,17.46216531,6.318059888,148.186488,9.492578277
"2010","July",8,"SP",1,"E",20,"SP1-20",0.619514201,6.48,6.477147413,2.660901381,3.425764192,112.8926939,7.231723122
"2010","July",8,"SP",1,"E",40,"SP1-40",0.855933521,6.31,17.63931069,4.989190088,4.814285714,125.4948942,8.038996758
"2010","July",8,"SP",2,"A",20,"SP2-20",1.125202094,7.06,14.35632149,194.5784134,0.941110418,95.68445698,6.129395298
"2010","July",8,"SP",2,"A",40,"SP2-40",3.445019265,6.7,199.4372097,322.0799379,0.523986276,117.6143583,7.534184203
"2010","July",8,"SP",4,"E",20,"SP4-20",1.153532056,6.92,11.26689582,116.4144354,2.087928883,101.5366996,6.504279132
"2010","July",8,"SP",4,"E",40,"SP4-40",2.642414052,6.65,145.9263834,238.3724153,0.766063631,104.9862059,6.725248127
"2010","July",8,"SP",5,"A",20,"SP5-20",2.060675034,6.74,42.99992783,92.02283943,1.184248284,111.6540197,7.152375945
"2010","July",8,"SP",5,"A",40,"SP5-40",2.295121946,6.64,67.74569613,145.240867,2.360542732,131.4305219,8.419222084
"2010","July",8,"SP",8,"E",20,"SP8-20",1.580588161,6.57,58.34078603,80.93575033,1.196132252,90.54282087,5.800031601
"2010","July",8,"SP",8,"E",40,"SP8-40",2.823570048,6.66,108.9557501,191.2522867,1.531908921,115.1082652,7.373648516
"2010","July",8,"SP",9,"A",20,"SP9-20",1.1825753,6.52,15.07744051,8.038139589,2.270461634,112.537433,7.208965764
"2010","July",8,"SP",9,"A",40,"SP9-40",2.800263208,6.6,56.5266024,157.9910195,1.466094822,122.4696756,7.84520685
"2010","July",8,"SP",10,"E",20,"SP10-20",2.077826216,6.68,36.43394943,107.5447641,0.641796631,96.62654443,6.189743677
"2010","July",8,"SP",10,"E",40,"SP10-40",2.577518162,6.65,53.91918786,204.0024392,1.591453525,121.3987306,7.776604095
"2010","July",8,"SP",11,"A",20,"SP11-20",1.11591424,7.03,14.65235982,114.7513721,0.457953837,92.39616361,5.918753308
"2010","July",8,"SP",11,"A",40,"SP11-40",2.598971075,6.6,86.17598,213.4264649,2.470305677,117.7997179,7.546058
"2010","July",8,"SP",13,"A",20,"SP13-20",1.328081638,7.09,14.24246059,134.7081324,1.287772926,109.7052468,7.027541157
"2010","July",8,"SP",13,"A",40,"SP13-40",3.473692467,6.63,203.1794378,236.1549975,1.813006862,135.6092807,8.686905643
"2010","July",8,"SP",14,"E",20,"SP14-20",1.789840805,6.69,14.68272273,83.1531681,2.03128509,144.6263188,9.264520421
"2010","July",8,"SP",14,"E",40,"SP14-40",3.388380946,6.65,120.9946423,320.4168746,1.313568309,137.8876728,8.832855226
"2011","January",NA,"SC",1,"E",20,"SC1-20",-99,-99,-99,-99,-99,-99,-99
"2011","January",NA,"SC",1,"E",20,"SC1-20",-99,-99,-99,-99,-99,-99,-99
"2011","January",NA,"SC",1,"E",20,"SC1-20",-99,-99,-99,-99,-99,-99,-99
"2011","January",NA,"SC",1,"E",20,"SC1-20",-99,-99,-99,-99,-99,-99,-99
"2011","January",NA,"SC",1,"E",20,"SC1-20",-99,-99,-99,-99,-99,-99,-99
"2011","January",NA,"SC",1,"E",20,"SC1-20",-99,-99,-99,-99,-99,-99,-99
"2011","January",NA,"SC",1,"E",20,"SC1-20",-99,-99,-99,-99,-99,-99,-99
"2011","January",NA,"SC",1,"E",20,"SC1-20",-99,-99,-99,-99,-99,-99,-99
"2011","January",NA,"SC",1,"E",20,"SC1-20",-99,-99,-99,-99,-99,-99,-99
"2011","January",NA,"SC",1,"E",20,"SC1-20",-99,-99,-99,-99,-99,-99,-99
"2011","January",NA,"SC",1,"E",20,"SC1-20",-99,-99,-99,-99,-99,-99,-99
"2011","January",NA,"SP",1,"E",20,"SP1-20",-99,-99,-99,-99,-99,-99,-99
"2011","January",NA,"SP",1,"E",20,"SP1-20",-99,-99,-99,-99,-99,-99,-99
"2011","January",NA,"SP",1,"E",20,"SP1-20",-99,-99,-99,-99,-99,-99,-99
"2011","January",NA,"SP",1,"E",20,"SP1-20",-99,-99,-99,-99,-99,-99,-99
"2011","January",NA,"SP",1,"E",20,"SP1-20",-99,-99,-99,-99,-99,-99,-99
"2011","January",NA,"SP",1,"E",20,"SP1-20",-99,-99,-99,-99,-99,-99,-99
"2011","January",NA,"SP",1,"E",20,"SP1-20",-99,-99,-99,-99,-99,-99,-99
"2011","January",NA,"SP",1,"E",20,"SP1-20",-99,-99,-99,-99,-99,-99,-99
"2011","January",NA,"SP",1,"E",20,"SP1-20",-99,-99,-99,-99,-99,-99,-99
"2011","January",NA,"SP",1,"E",20,"SP1-20",-99,-99,-99,-99,-99,-99,-99
"2011","January",NA,"MX",1,"E",20,"MX1-20",-99,-99,-99,-99,-99,-99,-99
"2011","January",NA,"MX",1,"E",20,"MX1-20",-99,-99,-99,-99,-99,-99,-99
"2011","January",NA,"MX",1,"E",20,"MX1-20",-99,-99,-99,-99,-99,-99,-99
"2011","January",NA,"MX",1,"E",20,"MX1-20",-99,-99,-99,-99,-99,-99,-99
"2011","January",NA,"MX",1,"E",20,"MX1-20",-99,-99,-99,-99,-99,-99,-99
"2011","January",NA,"MX",1,"E",20,"MX1-20",-99,-99,-99,-99,-99,-99,-99
"2011","January",NA,"MX",1,"E",20,"MX1-20",-99,-99,-99,-99,-99,-99,-99
"2011","January",NA,"MX",1,"E",20,"MX1-20",-99,-99,-99,-99,-99,-99,-99
"2011","January",NA,"MX",1,"E",20,"MX1-20",-99,-99,-99,-99,-99,-99,-99
"2011","January",NA,"MX",1,"E",20,"MX1-20",-99,-99,-99,-99,-99,-99,-99
"2011","January",NA,"MX",1,"E",20,"MX1-20",-99,-99,-99,-99,-99,-99,-99
"2011","July",7,"SC",1,"E",20,"SC1-20",1.403571557,6.6,141.7257761,13.58168413,0.436172801,87.28752609,5.59150344
"2011","July",7,"SC",1,"E",40,"SC1-40",1.757096179,6.58,53.15955546,19.9013249,3.070608235,124.3936164,7.968450936
"2011","July",7,"SC",1,"E",80,"SC1-80",2.003116016,6.67,63.5099149,125.2841066,1.137822832,124.9744231,8.005656343
"2011","July",7,"SC",2,"A",20,"SC2-20",1.174894272,6.64,120.7546364,28.66012529,0.4277199,92.8160141,5.945648154
"2011","July",7,"SC",2,"A",40,"SC2-40",2.040967949,6.56,49.72859046,39.02655358,2.535520898,121.4661354,7.780921922
"2011","July",7,"SC",2,"A",80,"SC2-80",1.807135246,6.63,52.76068465,78.71833248,2.52658141,133.1683921,8.530546837
"2011","July",7,"SC",4,"A",20,"SC4-20",0.576840437,6.49,116.5360705,2.494595044,0.609525889,77.71668547,4.978413096
"2011","July",7,"SC",4,"A",40,"SC4-40",0.904019187,6.4,55.58658292,2.328288708,2.463365565,89.64553173,5.742552919
"2011","July",7,"SC",4,"A",80,"SC4-80",0.576840437,6.41,22.03073113,7.206607905,2.613605739,93.48751481,5.988663247
"2011","July",7,"SC",6,"E",20,"SC6-20",0.285875968,6.63,172.705869,55.43544542,0.490243294,111.8121044,7.162502554
"2011","July",7,"SC",6,"E",40,"SC6-40",1.676757784,6.63,61.68457392,62.64205333,2.912676232,140.523481,9.001700222
"2011","July",7,"SC",6,"E",80,"SC6-80",2.415499303,6.64,75.44899705,152.4474749,2.137227074,145.1633286,9.29892028
"2011","July",7,"SC",8,"A",20,"SC8-20",0.275370546,6.48,55.7623565,3.769610289,1.734276357,91.35298166,5.851929002
"2011","July",7,"SC",8,"A",40,"SC8-40",1.416770807,6.53,29.77490928,15.57736016,4.071484716,140.5801241,9.005328678
"2011","July",7,"SC",8,"A",80,"SC8-80",1.91152904,6.54,43.33313649,135.8168413,2.488930131,130.8024739,8.378990494
"2011","July",7,"SC",9,"E",20,"SC9-20",0.815571801,6.57,104.7355791,17.18498808,0.858811603,112.7950494,7.225468192
"2011","July",7,"SC",9,"E",40,"SC9-40",2.507650915,6.62,71.49409159,81.49010477,2.129666251,139.901701,8.961870147
"2011","July",7,"SC",9,"E",80,"SC9-80",3.64643692,6.65,118.368172,227.8396807,0.415137243,129.6086911,8.302518977
"2011","July",7,"SC",10,"E",20,"SC10-20",0.670033239,6.56,111.4217355,12.36210433,0.778275109,112.2529845,7.190744518
"2011","July",7,"SC",10,"E",40,"SC10-40",1.290176695,6.53,54.92067149,14.19147403,2.43944791,143.3124118,9.180353975
"2011","July",7,"SC",10,"E",80,"SC10-80",1.70844268,6.6,41.26103644,93.13154831,2.594759825,130.8150945,8.379798946
"2011","July",7,"SC",12,"A",20,"SC12-20",2.040967949,6.57,138.2981914,67.07688896,1.12886151,102.3543159,6.556654124
"2011","July",7,"SC",12,"A",40,"SC12-40",1.430094183,6.45,51.340975,50.94517434,4.999750468,149.0239803,9.546226481
"2011","July",7,"SC",12,"A",80,"SC12-80",1.121175459,6.52,32.50616023,52.55280226,4.358951965,132.0276671,8.457474106
"2011","July",7,"SC",14,"E",20,"SC14-20",0.87898715,6.54,177.2827425,30.32318865,1.194498856,109.2390428,6.997676988
"2011","July",7,"SC",14,"E",40,"SC14-40",1.069912792,6.4,66.30877108,27.60685182,4.936026201,146.3811622,9.376932445
"2011","July",7,"SC",14,"E",80,"SC14-80",0.823241474,6.31,36.79909181,18.23826154,4.716403618,142.8970494,9.153746623
"2011","July",7,"SC",15,"A",20,"SC15-20",1.040287207,6.42,68.70537619,3.492433062,1.435458515,102.9292017,6.593480241
"2011","July",7,"SC",15,"A",40,"SC15-40",0.838797878,6.35,33.16193088,7.760962359,5.826993138,145.9981241,9.352395735
"2011","July",7,"SC",15,"A",80,"SC15-80",0.576840437,6.34,16.93667768,16.02084373,5.230761073,144.4531001,9.253424357
"2011","July",7,"SP",1,"E",20,"SP1-20",1.757096179,6.43,57.88516046,9.867509282,1.620502183,105.4389704,6.754251381
"2011","July",7,"SP",1,"E",40,"SP1-40",1.645660518,6.41,21.39186179,10.31099285,4.730951341,145.9965557,9.352295265
"2011","July",7,"SP",2,"A",20,"SP2-20",2.728050748,6.62,231.9077616,181.2739066,0.250062383,90.33437236,5.786678775
"2011","July",7,"SP",2,"A",40,"SP2-40",4.397132152,6.77,179.5644187,359.2216864,0.963839676,135.1565726,8.657906004
"2011","July",7,"SP",4,"E",20,"SP4-20",2.728050748,6.69,177.8607671,149.6757027,0.142638802,88.67458674,5.680355979
"2011","July",7,"SP",4,"E",40,"SP4-40",4.079896941,6.72,158.2687739,213.4264649,1.179825328,123.6268717,7.919334688
"2011","July",7,"SP",5,"A",20,"SP5-20",3.023903252,6.6,77.08166316,89.80542158,2.442704304,118.8630522,7.614173226
"2011","July",7,"SP",5,"A",40,"SP5-40",2.461143847,6.5,79.41742357,82.59881366,4.208724267,139.8063103,8.955759596
"2011","July",7,"SP",8,"E",20,"SP8-20",2.326734095,6.6,80.06305344,90.91413046,0.683923893,91.82040621,5.881871354
"2011","July",7,"SP",8,"E",40,"SP8-40",2.348614807,6.73,45.07059069,179.6108432,1.070380536,125.3513343,8.029800574
"2011","July",7,"SP",9,"A",20,"SP9-20",1.615139984,6.61,30.89715596,12.97189423,1.053730505,95.50581946,6.117952109
"2011","July",7,"SP",9,"A",40,"SP9-40",2.967821733,6.65,49.28577626,166.8606907,1.763190892,128.0217348,8.200861494
"2011","July",7,"SP",10,"E",20,"SP10-20",3.052340174,6.63,68.45523687,111.4252453,1.17047723,104.1530381,6.671876936
"2011","July",7,"SP",10,"E",40,"SP10-40",3.023903252,6.69,39.94949514,161.8715007,2.310180911,142.4895289,9.127641617
"2011","July",7,"SP",11,"A",20,"SP11-20",2.65251179,6.57,215.949549,67.07688896,0.233203369,83.94565303,5.377429234
"2011","July",7,"SP",11,"A",40,"SP11-40",2.507650915,6.65,50.88802001,184.6000333,3.592854024,139.2291707,8.918789099
"2011","July",7,"SP",13,"A",20,"SP13-20",4.118264475,6.71,164.1436677,175.1760075,0.336734248,114.1580649,7.312780444
"2011","July",7,"SP",13,"A",40,"SP13-40",3.479713611,6.69,119.3078846,225.6222629,1.755417966,133.7552045,8.568136954
"2011","July",7,"SP",14,"E",20,"SP14-20",3.512436993,6.67,220.0869886,154.6648927,0.374794136,119.0517207,7.626258985
"2011","July",7,"SP",14,"E",40,"SP14-40",3.259028942,6.77,58.74036651,207.3285659,1.937925764,154.5446234,9.899868668
"2012","January",NA,"SC",1,"E",20,"SC1-20",-99,-99,-99,-99,-99,-99,-99
"2012","January",NA,"SC",1,"E",20,"SC1-20",-99,-99,-99,-99,-99,-99,-99
"2012","January",NA,"SC",1,"E",20,"SC1-20",-99,-99,-99,-99,-99,-99,-99
"2012","January",NA,"SC",1,"E",20,"SC1-20",-99,-99,-99,-99,-99,-99,-99
"2012","January",NA,"SC",1,"E",20,"SC1-20",-99,-99,-99,-99,-99,-99,-99
"2012","January",NA,"SC",1,"E",20,"SC1-20",-99,-99,-99,-99,-99,-99,-99
"2012","January",NA,"SC",1,"E",20,"SC1-20",-99,-99,-99,-99,-99,-99,-99
"2012","January",NA,"SC",1,"E",20,"SC1-20",-99,-99,-99,-99,-99,-99,-99
"2012","January",NA,"SC",1,"E",20,"SC1-20",-99,-99,-99,-99,-99,-99,-99
"2012","January",NA,"SC",1,"E",20,"SC1-20",-99,-99,-99,-99,-99,-99,-99
"2012","January",NA,"SC",1,"E",20,"SC1-20",-99,-99,-99,-99,-99,-99,-99
"2012","January",NA,"SP",1,"E",20,"SP1-20",-99,-99,-99,-99,-99,-99,-99
"2012","January",NA,"SP",1,"E",20,"SP1-20",-99,-99,-99,-99,-99,-99,-99
"2012","January",NA,"SP",1,"E",20,"SP1-20",-99,-99,-99,-99,-99,-99,-99
"2012","January",NA,"SP",1,"E",20,"SP1-20",-99,-99,-99,-99,-99,-99,-99
"2012","January",NA,"SP",1,"E",20,"SP1-20",-99,-99,-99,-99,-99,-99,-99
"2012","January",NA,"SP",1,"E",20,"SP1-20",-99,-99,-99,-99,-99,-99,-99
"2012","January",NA,"SP",1,"E",20,"SP1-20",-99,-99,-99,-99,-99,-99,-99
"2012","January",NA,"SP",1,"E",20,"SP1-20",-99,-99,-99,-99,-99,-99,-99
"2012","January",NA,"SP",1,"E",20,"SP1-20",-99,-99,-99,-99,-99,-99,-99
"2012","January",NA,"SP",1,"E",20,"SP1-20",-99,-99,-99,-99,-99,-99,-99
"2012","January",NA,"SP",1,"E",20,"SP1-20",-99,-99,-99,-99,-99,-99,-99
"2012","January",NA,"MX",1,"E",20,"MX1-20",-99,-99,-99,-99,-99,-99,-99
"2012","January",NA,"MX",1,"E",20,"MX1-20",-99,-99,-99,-99,-99,-99,-99
"2012","January",NA,"MX",1,"E",20,"MX1-20",-99,-99,-99,-99,-99,-99,-99
"2012","January",NA,"MX",1,"E",20,"MX1-20",-99,-99,-99,-99,-99,-99,-99
"2012","January",NA,"MX",1,"E",20,"MX1-20",-99,-99,-99,-99,-99,-99,-99
"2012","January",NA,"MX",1,"E",20,"MX1-20",-99,-99,-99,-99,-99,-99,-99
"2012","January",NA,"MX",1,"E",20,"MX1-20",-99,-99,-99,-99,-99,-99,-99
"2012","January",NA,"MX",1,"E",20,"MX1-20",-99,-99,-99,-99,-99,-99,-99
"2012","January",NA,"MX",1,"E",20,"MX1-20",-99,-99,-99,-99,-99,-99,-99
"2012","January",NA,"MX",1,"E",20,"MX1-20",-99,-99,-99,-99,-99,-99,-99
"2012","January",NA,"MX",1,"E",20,"MX1-20",-99,-99,-99,-99,-99,-99,-99
"2012","January",NA,"MX",15,"A",40,"MX15-40",-99,-99,-99,-99,-99,-99,-99
"2012","July",11,"SC",1,"E",20,"SC1-20",1.017121982,6.5,319.9072512,7.100449027,1.545296319,131.5468632,8.426674694
"2012","July",11,"SC",1,"E",40,"SC1-40",1.351693532,6.62,265.2461439,22.10654693,0.942641921,174.5809224,11.18335692
"2012","July",11,"SC",1,"E",80,"SC1-80",1.521733963,6.69,201.6683751,146.7647874,0.211462882,0.059506347,0.003837867
"2012","July",11,"SC",2,"A",20,"SC2-20",0.628203496,6.47,141.6835608,4.573978602,4.07297879,160.7499972,10.29737343
"2012","July",11,"SC",2,"A",40,"SC2-40",0.985485506,6.75,107.3971348,39.88136815,2.624600749,159.2693032,10.20252292
"2012","July",11,"SC",2,"A",80,"SC2-80",1.163308599,6.65,172.7275644,116.4438162,3.053689956,192.3789083,12.32346297
"2012","July",11,"SC",4,"A",20,"SC4-20",0.690667066,6.58,141.9683681,3.049503853,3.455102932,141.7608519,9.080963915
"2012","July",11,"SC",4,"A",40,"SC4-40",0.690667066,6.48,103.4317398,4.572869893,2.903006862,141.2421805,9.047738787
"2012","July",11,"SC",4,"A",80,"SC4-80",0.854865211,6.46,121.5279621,16.7173901,4.155539613,178.040897,11.40499649
"2012","July",11,"SC",6,"E",20,"SC6-20",1.03331906,6.55,217.7271292,8.124064527,1.467510917,122.47567,7.845590838
"2012","July",11,"SC",6,"E",40,"SC6-40",1.384109136,6.65,211.2641927,58.2704141,1.26955916,146.5618843,9.388509172
"2012","July",11,"SC",6,"E",80,"SC6-80",1.659879006,6.62,269.2772637,179.7555297,1.770324392,139.0534189,8.907530766
"2012","July",11,"SC",8,"A",20,"SC8-20",0.783718223,6.68,133.0736148,2.734076169,3.902223955,146.7940874,9.403383673
"2012","July",11,"SC",8,"A",40,"SC8-40",1.058099575,6.54,116.8395946,4.11331005,3.231210231,139.3035374,8.923552893
"2012","July",11,"SC",8,"A",80,"SC8-80",1.249025304,6.58,85.48887534,159.5770276,2.935605115,162.2881608,10.39590535
"2012","July",11,"SC",9,"E",20,"SC9-20",0.507541376,6.32,101.1532808,1.473474139,3.604922021,106.5492863,6.825376165
"2012","July",11,"SC",9,"E",40,"SC9-40",1.017121982,6.63,125.6686231,35.13775708,2.78117592,130.1981298,8.340277326
"2012","July",11,"SC",9,"E",80,"SC9-80",2.188522053,6.71,249.2969311,231.5688231,0.580177792,186.8914048,11.97194364
"2012","July",11,"SC",10,"E",20,"SC10-20",0.741557866,6.44,106.7617952,3.866067964,5.644553961,177.9655007,11.40016674
"2012","July",11,"SC",10,"E",40,"SC10-40",1.06649111,6.88,85.20406796,16.18659571,2.11797879,178.4839915,11.4333803
"2012","July",11,"SC",10,"E",80,"SC10-80",1.384109136,6.59,91.36028886,122.3127668,2.984295072,164.3884429,10.53044553
"2012","July",11,"SC",12,"A",20,"SC12-20",0.585091852,6.35,69.82446985,7.690004989,5.271122895,169.5881862,10.86353147
"2012","July",11,"SC",12,"A",40,"SC12-40",0.741557866,6.54,81.72065471,22.38871334,5.111977542,147.1910099,9.428809789
"2012","July",11,"SC",12,"A",80,"SC12-80",0.954833047,6.5,62.44138642,53.39791563,5.46867748,172.0892412,11.02374443
"2012","July",11,"SC",14,"E",20,"SC14-20",0.549260605,6.29,50.98336674,2.384278507,6.52933874,182.2461185,11.67437519
"2012","July",11,"SC",14,"E",40,"SC14-40",0.638207272,6.46,62.83573509,27.40451244,5.535024953,169.5574415,10.86156202
"2012","July",11,"SC",14,"E",80,"SC14-80",0.690667066,6.4,114.6706769,37.53589445,6.549578915,218.0865614,13.97024766
"2012","July",11,"SC",15,"A",20,"SC15-20",0.571389099,6.4,35.97620903,5.724818449,8.048259513,228.1640056,14.6157901
"2012","July",11,"SC",15,"A",40,"SC15-40",0.701665538,6.39,42.59250338,18.5991463,6.958190892,192.7542257,12.3475051
"2012","July",11,"SC",15,"A",80,"SC15-80",0.747438985,6.42,59.22087228,33.47358501,7.421487835,243.1478561,15.57562784
"2012","July",11,"SP",1,"E",20,"SP1-20",0.658695275,6.32,26.55565748,4.343921503,7.099847162,215.2215233,13.78671862
"2012","July",11,"SP",1,"E",40,"SP1-40",1.06649111,6.55,48.70490776,16.2414768,2.744139114,139.8526206,8.958726148
"2012","July",11,"SP",2,"A",20,"SP2-20",1.210175726,6.32,303.7827723,159.5781362,6.279098565,178.5996417,11.44078864
"2012","July",11,"SP",2,"A",40,"SP2-40",2.070789853,6.72,296.1806062,425.3927601,0.875193387,128.6939379,8.243921581
"2012","July",11,"SP",4,"E",20,"SP4-20",1.521733963,6.68,400.6391872,145.9332557,3.820321273,183.5195261,11.75594733
"2012","July",11,"SP",4,"E",40,"SP4-40",1.990593258,6.75,395.3154802,260.893065,0.276852776,130.3982031,8.353093654
"2012","July",11,"SP",5,"A",20,"SP5-20",1.782184782,6.62,215.1638629,87.92837737,5.265932626,213.5094922,13.67704908
"2012","July",11,"SP",5,"A",40,"SP5-40",2.294748668,6.62,204.6259901,169.7405621,2.94827199,190.8539661,12.22577799
"2012","July",11,"SP",8,"E",20,"SP8-20",1.754249378,6.64,218.9759,140.7323023,1.336887087,132.3412384,8.477560898
"2012","July",11,"SP",8,"E",40,"SP8-40",2.070789853,6.64,197.2209984,140.9789899,0.283156581,147.1504654,9.426212588
"2012","July",11,"SP",9,"A",20,"SP9-20",0.848138824,6.59,41.51899867,53.03342758,3.90179975,168.7702934,10.81113877
"2012","July",11,"SP",9,"A",40,"SP9-40",1.943973898,6.7,188.0414377,194.9991684,0.878930131,168.0773202,10.76674819
"2012","July",11,"SP",10,"E",20,"SP10-20",1.621004918,6.67,326.3263712,150.6868452,0.800505303,92.52291396,5.926872701
"2012","July",11,"SP",10,"E",40,"SP10-40",2.10376598,6.67,293.4639821,211.7129552,0.656079226,159.4560621,10.21448634
"2012","July",11,"SP",11,"A",20,"SP11-20",1.362413491,6.67,321.8132698,148.6540274,2.047005614,144.4474161,9.253060246
"2012","July",11,"SP",11,"A",40,"SP11-40",1.868688573,6.73,307.7700755,188.7460502,1.033599501,147.8796333,9.472921731
"2012","July",11,"SP",13,"A",20,"SP13-20",1.713165151,6.62,543.678213,190.6984866,1.943702433,189.4711255,12.13719578
"2012","July",11,"SP",13,"A",40,"SP13-40",2.171301975,6.74,538.6612216,248.4976994,0.572810356,176.7914443,11.32495886
"2012","July",11,"SP",14,"E",20,"SP14-20",1.608250269,6.71,1008.483845,227.3989689,1.047567062,174.1400762,11.15511712
"2012","July",11,"SP",14,"E",40,"SP14-40",2.137267234,6.76,603.2248621,282.2168634,0.292111666,172.4749196,11.04845027
"2013","January",NA,"SC",1,"E",20,"SC1-20",-99,-99,-99,-99,-99,-99,-99
"2013","January",NA,"SC",1,"E",20,"SC1-20",-99,-99,-99,-99,-99,-99,-99
"2013","January",NA,"SC",1,"E",20,"SC1-20",-99,-99,-99,-99,-99,-99,-99
"2013","January",NA,"SC",1,"E",20,"SC1-20",-99,-99,-99,-99,-99,-99,-99
"2013","January",NA,"SC",1,"E",20,"SC1-20",-99,-99,-99,-99,-99,-99,-99
"2013","January",NA,"SC",1,"E",20,"SC1-20",-99,-99,-99,-99,-99,-99,-99
"2013","January",NA,"SC",1,"E",20,"SC1-20",-99,-99,-99,-99,-99,-99,-99
"2013","January",NA,"SC",1,"E",20,"SC1-20",-99,-99,-99,-99,-99,-99,-99
"2013","January",NA,"SP",1,"E",20,"SP1-20",-99,-99,-99,-99,-99,-99,-99
"2013","January",NA,"SP",1,"E",20,"SP1-20",-99,-99,-99,-99,-99,-99,-99
"2013","January",NA,"SP",1,"E",20,"SP1-20",-99,-99,-99,-99,-99,-99,-99
"2013","January",NA,"SP",1,"E",20,"SP1-20",-99,-99,-99,-99,-99,-99,-99
"2013","January",NA,"SP",1,"E",20,"SP1-20",-99,-99,-99,-99,-99,-99,-99
"2013","January",NA,"SP",1,"E",20,"SP1-20",-99,-99,-99,-99,-99,-99,-99
"2013","January",NA,"SP",1,"E",20,"SP1-20",-99,-99,-99,-99,-99,-99,-99
"2013","January",NA,"MX",1,"E",20,"MX1-20",-99,-99,-99,-99,-99,-99,-99
"2013","January",NA,"MX",1,"E",20,"MX1-20",-99,-99,-99,-99,-99,-99,-99
"2013","January",NA,"MX",1,"E",20,"MX1-20",-99,-99,-99,-99,-99,-99,-99
"2013","January",NA,"MX",1,"E",20,"MX1-20",-99,-99,-99,-99,-99,-99,-99
"2013","January",NA,"MX",1,"E",20,"MX1-20",-99,-99,-99,-99,-99,-99,-99
"2013","January",NA,"MX",1,"E",20,"MX1-20",-99,-99,-99,-99,-99,-99,-99
"2013","January",NA,"MX",1,"E",20,"MX1-20",-99,-99,-99,-99,-99,-99,-99
"2013","January",NA,"MX",1,"E",20,"MX1-20",-99,-99,-99,-99,-99,-99,-99
"2013","July",11,"SC",1,"E",20,"SC1-20",1.905894409,6.47,305.3550208,18.68174511,2.212888334,129.5784401,8.30058115
"2013","July",11,"SC",1,"E",40,"SC1-40",1.777966328,6.5,246.5949694,16.9632463,2.378041173,135.4662962,8.677746321
"2013","July",11,"SC",1,"E",80,"SC1-80",1.697487803,6.52,281.6156953,7.262043351,0.779950094,116.9341269,7.490609844
"2013","July",11,"SC",2,"A",20,"SC2-20",1.432335671,6.5,188.9897315,41.90919674,2.122295696,112.4064683,7.200576405
"2013","July",11,"SC",2,"A",40,"SC2-40",1.58354846,6.54,145.1636823,8.481623147,2.624054897,130.4130212,8.354042871
"2013","July",11,"SC",2,"A",80,"SC2-80",1.671479441,6.62,145.3022185,8.370752256,1.382784363,125.3615778,8.030456756
"2013","July",11,"SC",4,"A",20,"SC4-20",1.236919363,6.42,125.8575172,8.259881365,2.516600125,111.9676164,7.172464364
"2013","July",11,"SC",4,"A",40,"SC4-40",0.96616526,6.42,81.19611494,9.035977601,4.258958203,128.532488,8.233579397
"2013","July",11,"SC",4,"A",80,"SC4-80",1.0356827,6.51,65.53117902,15.07844116,2.790539613,124.0286855,7.945074138
"2013","July",11,"SC",6,"E",20,"SC6-20",1.48870575,6.54,373.975959,10.9762182,0.709606987,121.8069647,7.802754818
"2013","July",11,"SC",6,"E",40,"SC6-40",1.847938823,6.57,204.3786288,52.88541493,2.036603244,134.9888914,8.647164653
"2013","July",11,"SC",6,"E",80,"SC6-80",1.805631635,6.62,264.9365499,53.27346306,2.044747349,135.4812017,8.67870114
"2013","July",11,"SC",8,"A",20,"SC8-20",1.410389885,6.51,87.56774905,11.58600809,1.853674361,110.5934753,7.084439431
"2013","July",11,"SC",8,"A",40,"SC8-40",1.477256992,6.56,68.32671669,93.24241918,2.361344354,111.1830663,7.122207538
"2013","July",11,"SC",8,"A",80,"SC8-80",1.571370323,6.57,81.94979355,13.08276512,2.271444167,126.4823639,8.102252239
"2013","July",11,"SC",9,"E",20,"SC9-20",0.834349476,6.59,229.7255951,26.66444925,4.507813475,158.0178787,10.12235898
"2013","July",11,"SC",9,"E",40,"SC9-40",1.3675019,6.61,154.9325563,17.01868174,2.665639426,125.1022116,8.013842234
"2013","July",11,"SC",9,"E",80,"SC9-80",2.402609462,6.61,118.6960196,12.14036255,0.483680599,126.8351171,8.124848954
"2013","July",11,"SC",10,"E",20,"SC10-20",1.305602788,6.74,148.0129803,19.34697045,2.195112289,114.0385501,7.305124546
"2013","July",11,"SC",10,"E",40,"SC10-40",1.356985249,6.62,85.03584382,18.73718056,2.571743606,128.3575092,8.222370576
"2013","July",11,"SC",10,"E",80,"SC10-80",1.432335671,6.62,72.76194472,125.8384611,2.476478478,132.2440282,8.471333796
"2013","July",11,"SC",12,"A",20,"SC12-20",1.388780345,6.45,27.50711104,109.651311,4.54433874,120.7989958,7.738186191
"2013","July",11,"SC",12,"A",40,"SC12-40",0.486016695,6.45,-99,34.03736349,0.222485964,0.754431594,0.048353492
"2013","July",11,"SC",12,"A",80,"SC12-80",1.027717875,6.4,35.88441936,154.6094573,4.792330006,132.9820987,8.518613228
"2013","July",11,"SC",14,"E",20,"SC14-20",1.043709252,6.45,118.9761937,125.949332,4.070879601,123.4610409,7.908711877
"2013","July",11,"SC",14,"E",40,"SC14-40",0.880679077,6.39,61.7907,169.9650757,5.444454148,136.7120197,8.757545068
"2013","July",11,"SC",14,"E",80,"SC14-80",0.901313993,6.39,7.656105587,107.655635,5.53922645,140.52633,9.001882729
"2013","July",11,"SC",15,"A",20,"SC15-20",0.853898858,6.34,47.09655176,44.23748545,4.868995633,127.8972468,8.192887022
"2013","July",11,"SC",15,"A",40,"SC15-40",0.467613596,6.31,21.89846021,37.36349021,6.15025577,134.9028463,8.641652761
"2013","July",11,"SC",15,"A",80,"SC15-80",0.908299186,6.37,40.92548507,45.23532346,5.146363069,138.1960085,8.85260664
"2013","July",11,"SP",1,"E",20,"SP1-20",0.698607641,6.3,5.405471745,10.36642829,3.340754835,120.125354,7.695033947
"2013","July",11,"SP",1,"E",40,"SP1-40",0.698607641,6.33,5.005888967,153.1681357,3.920358702,134.6161636,8.623288401
"2013","July",11,"SP",2,"A",20,"SP2-20",0.646703507,6.55,19.51955317,144.8528189,3.293605739,102.6425303,6.575116604
"2013","July",11,"SP",2,"A",40,"SP2-40",1.227406945,6.69,47.00681885,141.249515,1.310524017,127.4853286,8.166500304
"2013","July",11,"SP",4,"E",20,"SP4-20",0.958735053,6.67,24.38654251,163.8671767,2.800043668,97.23075599,6.228448352
"2013","July",11,"SP",4,"E",40,"SP4-40",1.256165933,6.71,37.55549117,16.3534564,1.997854024,110.7861495,7.096781783
"2013","July",11,"SP",5,"A",20,"SP5-20",1.199306373,6.64,12.7176588,173.8455569,3.016300686,111.21811,7.124452374
"2013","July",11,"SP",5,"A",40,"SP5-40",1.378100055,6.61,13.40749709,124.1753978,3.143116032,140.7886093,9.018683853
"2013","July",11,"SP",8,"E",20,"SP8-20",1.162837143,6.85,12.07265754,158.3790675,2.389107923,110.9055063,7.104427561
"2013","July",11,"SP",8,"E",40,"SP8-40",1.547294292,6.96,18.50311572,174.4553468,0.723194011,118.6780508,7.602322378
"2013","July",11,"SP",9,"A",20,"SP9-20",0.478570104,6.57,8.968730916,9.701202946,2.488019339,83.34232158,5.338780937
"2013","July",11,"SP",9,"A",40,"SP9-40",1.421320422,7.01,24.82641935,331.8920118,0.751678104,88.615433,5.6765667
"2013","July",11,"SP",10,"E",20,"SP10-20",1.399543408,7,14.87279854,246.6877321,1.420923269,119.3686573,7.646561352
"2013","July",11,"SP",10,"E",40,"SP10-40",1.996253568,7,13.01966675,179.1119242,0.59205864,102.4746601,6.564363147
"2013","July",11,"SP",11,"A",20,"SP11-20",1.511870137,6.84,9.495911555,203.0046011,1.68165315,101.1067927,6.476740091
"2013","July",11,"SP",11,"A",40,"SP11-40",1.697487803,6.79,10.31206382,195.021897,2.029867956,126.1380085,8.080193467
"2013","July",11,"SP",13,"A",20,"SP13-20",1.093191894,6.6,22.06301705,195.4653805,2.259064255,132.2161439,8.469547576
"2013","July",11,"SP",13,"A",40,"SP13-40",1.256165933,7,25.73185062,190.5870614,2.12128509,106.8294612,6.843323651
"2013","July",11,"SP",14,"E",20,"SP14-20",1.737261108,6.86,24.52411513,196.019735,2.125795384,123.2420846,7.894685943
"2013","July",11,"SP",14,"E",40,"SP14-40",-99,6.94,26.59837046,272.6315206,0.475470992,137.9281298,8.835446825
"2013","October",NA,"SC",1,"E",20,"SC1-20",-99,-99,-99,-99,-99,-99,-99
"2013","October",NA,"SP",1,"E",20,"SP1-20",-99,-99,-99,-99,-99,-99,-99
"2013","October",NA,"MX",1,"E",20,"MX1-20",-99,-99,-99,-99,-99,-99,-99
"2013","November",NA,"SC",1,"E",20,"SC1-20",-99,-99,-99,-99,-99,-99,-99
"2013","November",NA,"SP",1,"E",20,"SP1-20",-99,-99,-99,-99,-99,-99,-99
"2013","November",NA,"MX",1,"E",20,"MX1-20",-99,-99,-99,-99,-99,-99,-99
"2013","December",NA,"SC",1,"E",20,"SC1-20",-99,-99,-99,-99,-99,-99,-99
"2013","December",NA,"SP",1,"E",20,"SP1-20",-99,-99,-99,-99,-99,-99,-99
"2013","December",NA,"MX",1,"E",20,"MX1-20",-99,-99,-99,-99,-99,-99,-99
"2014","May",NA,"SC",1,"E",20,"SC1-20",-99,-99,-99,-99,-99,-99,-99
"2014","May",NA,"SP",1,"E",20,"SP1-20",-99,-99,-99,-99,-99,-99,-99
"2014","May",NA,"MX",1,"E",20,"MX1-20",-99,-99,-99,-99,-99,-99,-99
"2014","July",9,"SC",1,"E",20,"SC1-20",1.527976294,6.54,354.4343524,80.15965405,0.098802246,49.67816925,3.182317618
"2014","July",9,"SC",1,"E",40,"SC1-40",1.551644348,6.58,345.4717029,128.8319752,0.900542732,134.0330804,8.585937169
"2014","July",9,"SC",1,"E",80,"SC1-80",1.714681145,6.62,385.025757,184.4891624,0.244488459,140.9627334,9.029837922
"2014","July",9,"SC",2,"A",20,"SC2-20",0.978419639,6.68,198.2914996,56.26697711,0.69308796,90.50214951,5.797426268
"2014","July",9,"SC",2,"A",40,"SC2-40",1.032499018,6.67,182.4195453,106.7686679,1.844011229,118.7182285,7.604896088
"2014","July",9,"SC",2,"A",80,"SC2-80",1.270602798,6.73,174.0831945,158.434503,0.783461219,130.7107409,8.37311425
"2014","July",9,"SC",4,"A",20,"SC4-20",0.641131414,6.53,202.9787308,28.16120628,1.075296319,71.85849929,4.603148527
"2014","July",9,"SC",4,"A",40,"SC4-40",0.79506933,6.58,155.2456156,46.0114197,1.289426076,72.05432722,4.615692901
"2014","July",9,"SC",4,"A",80,"SC4-80",0.788982222,6.54,104.9329503,57.37568602,2.192897692,129.1865726,8.275478848
"2014","July",9,"SC",6,"E",20,"SC6-20",0.858584093,6.59,322.398743,84.26187705,0.481041797,110.9947588,7.110144909
"2014","July",9,"SC",6,"E",40,"SC6-40",1.040464893,6.62,241.1228977,126.448251,0.918072364,130.4299633,8.355128155
"2014","July",9,"SC",6,"E",80,"SC6-80",1.310270437,6.7,290.1314889,225.6776983,0.9075733,128.8982595,8.257010043
"2014","July",9,"SC",8,"A",20,"SC8-20",0.520987012,6.49,86.60155807,20.12306669,1.799092327,93.2125134,5.971047165
"2014","July",9,"SC",8,"A",40,"SC8-40",0.607550764,6.53,91.83787309,65.24751926,2.26566126,134.8804626,8.640218907
"2014","July",9,"SC",8,"A",80,"SC8-80",0.666248088,6.61,83.86185857,165.3639337,2.075904554,141.0396079,9.034762359
"2014","July",9,"SC",9,"E",20,"SC9-20",0.407396992,6.54,152.8204954,10.80991186,1.711603244,96.08598025,6.155116136
"2014","July",9,"SC",9,"E",40,"SC9-40",0.580170803,6.67,140.7663895,74.00631964,2.955804741,122.3377574,7.836756415
"2014","July",9,"SC",9,"E",80,"SC9-80",0.878610096,6.69,255.9138433,202.4502467,0.125789145,101.9911368,6.533389541
"2014","July",9,"SC",10,"E",20,"SC10-20",0.566947073,6.52,132.8075339,11.36426631,1.464313787,86.5189055,5.542267026
"2014","July",9,"SC",10,"E",40,"SC10-40",0.878610096,6.62,109.3713779,58.59526582,1.455149719,109.4629929,7.012022822
"2014","July",9,"SC",10,"E",80,"SC10-80",1.032499018,6.65,101.4411204,148.234381,1.167847785,105.1440621,6.735360099
"2014","July",9,"SC",12,"A",20,"SC12-20",0.352046416,6.46,62.67637434,6.153334442,1.769993762,71.9648237,4.609959471
"2014","July",9,"SC",12,"A",40,"SC12-40",0.297282049,6.5,46.76152286,7.372914242,2.457448534,79.13527504,5.069285319
"2014","July",9,"SC",12,"A",80,"SC12-80",0.439942233,6.5,51.40013725,58.76157215,3.043583905,111.867952,7.166080052
"2014","July",9,"SC",14,"E",20,"SC14-20",0.398111265,6.44,89.29550059,6.984866123,1.415262009,74.0748378,4.745123071
"2014","July",9,"SC",14,"E",40,"SC14-40",0.38605869,6.5,66.70870867,23.44919341,3.998452901,116.5085924,7.463350887
"2014","July",9,"SC",14,"E",80,"SC14-80",0.482446389,6.43,60.025329,58.76157215,4.341781036,135.5148293,8.680855265
"2014","July",9,"SC",15,"A",20,"SC15-20",0.241573074,6.31,42.79496418,3.714174843,3.583109794,110.1222482,7.054253496
"2014","July",9,"SC",15,"A",40,"SC15-40",0.20556779,6.45,28.31287831,6.652253451,3.969404242,93.33749788,5.97905344
"2014","July",9,"SC",15,"A",80,"SC15-80",0.354762504,6.41,49.88729692,49.55928821,4.414507174,127.8259492,8.188319829
"2014","July",11,"SP",1,"E",20,"SP1-20",0.63310158,6.44,62.42669287,5.765286324,1.583144105,81.50269958,5.220938155
"2014","July",11,"SP",1,"E",40,"SP1-40",1.200946812,6.54,66.22639075,31.70907478,2.629694323,124.9011989,8.000965733
"2014","July",11,"SP",2,"A",20,"SP2-20",1.064596121,6.6,424.0396733,203.3372138,0.617046163,97.89949506,6.27128654
"2014","July",11,"SP",2,"A",40,"SP2-40",1.304688287,6.84,292.0010119,343.4780198,0.24507486,132.8684062,8.511330295
"2014","July",11,"SP",4,"E",20,"SP4-20",1.032999606,6.71,239.9643006,196.6849604,0.666210231,79.56119605,5.096569031
"2014","July",11,"SP",4,"E",40,"SP4-40",1.113812185,6.79,232.7075832,270.69128,1.396578291,152.5628209,9.772918064
"2014","July",11,"SP",5,"A",20,"SP5-20",1.002340855,6.8,211.4212121,196.9621376,0.309354336,99.80915656,6.393615922
"2014","July",11,"SP",5,"A",40,"SP5-40",1.156559204,6.77,145.4993095,212.816675,1.641650031,147.8212073,9.469179073
"2014","July",11,"SP",8,"E",20,"SP8-20",0.881871601,6.75,174.1230283,184.2119851,0.346503431,72.02590973,4.61387253
"2014","July",11,"SP",8,"E",40,"SP8-40",1.156559204,6.74,162.9322293,247.907312,0.405645664,111.6705162,7.153432679
"2014","July",11,"SP",9,"A",20,"SP9-20",0.100763967,6.02,32.46585673,4.046787516,3.397860262,80.21208463,5.138263749
"2014","July",11,"SP",9,"A",40,"SP9-40",0.565464941,6.59,115.6258228,66.79971173,2.925215221,111.1655374,7.121084668
"2014","July",11,"SP",10,"E",20,"SP10-20",0.98735441,6.76,179.2766415,203.9470037,0.710555209,113.0429027,7.241345216
"2014","July",11,"SP",10,"E",40,"SP10-40",1.294898067,6.79,173.6661239,275.7359055,0.462576419,156.079402,9.998183744
"2014","July",11,"SP",11,"A",20,"SP11-20",0.662369739,6.66,97.52770387,137.147292,0.523855271,91.46537659,5.859128813
"2014","July",11,"SP",11,"A",40,"SP11-40",1.191935056,6.73,99.18734202,227.008149,1.172654398,130.2770108,8.3453303
"2014","July",11,"SP",13,"A",20,"SP13-20",0.548682313,6.56,146.547502,86.75647212,-99,-99,-99
"2014","July",NA,"SP",13,"A",20,"SP13-40",-99,-99,-99,-99,2.594357455,139.0300536,8.906034028
"2014","July",11,"SP",13,"A",40,"SP13-40",0.824071186,6.69,156.0148306,166.6389489,-99,-99,-99
"2014","July",NA,"SP",13,"A",40,"SP13-20",-99,-99,-99,-99,0.886281971,79.94933992,5.121432809
"2014","July",11,"SP",14,"E",20,"SP14-20",0.725027791,6.7,367.6959658,278.8957259,0.170009357,82.4949591,5.284500464
"2014","July",11,"SP",14,"E",40,"SP14-40",1.200946812,6.8,299.3114828,305.3938688,0.120358702,128.0247334,8.201053578
"2014","July",NA,"MX",1,"E",20,"MX1-20",-99,-99,-99,-99,-99,-99,-99
"2014","September",NA,"SC",1,"E",20,"SC1-20",-99,-99,-99,-99,-99,-99,-99
"2014","September",NA,"SP",1,"E",20,"SP1-20",-99,-99,-99,-99,-99,-99,-99
"2014","September",NA,"MX",1,"E",20,"MX1-20",-99,-99,-99,-99,-99,-99,-99
"2015","January",NA,"SC",1,"E",20,"SC1-20",-99,-99,-99,-99,-99,-99,-99
"2015","January",NA,"SP",1,"E",20,"SP1-20",-99,-99,-99,-99,-99,-99,-99
"2015","January",NA,"MX",1,"E",20,"MX1-20",-99,-99,-99,-99,-99,-99,-99
"2015","February",NA,"SC",1,"E",20,"SC1-20",-99,-99,-99,-99,-99,-99,-99
"2015","February",NA,"SP",1,"E",20,"SP1-20",-99,-99,-99,-99,-99,-99,-99
"2015","February",NA,"MX",1,"E",20,"MX1-20",-99,-99,-99,-99,-99,-99,-99
"2015","March",NA,"SC",1,"E",20,"SC1-20",-99,-99,-99,-99,-99,-99,-99
"2015","March",NA,"SP",1,"E",20,"SP1-20",-99,-99,-99,-99,-99,-99,-99
"2015","March",NA,"MX",1,"E",20,"MX1-20",-99,-99,-99,-99,-99,-99,-99
"2015","April",NA,"SC",1,"E",20,"SC1-20",-99,-99,-99,-99,-99,-99,-99
"2015","April",NA,"SP",1,"E",20,"SP1-20",-99,-99,-99,-99,-99,-99,-99
"2015","April",NA,"MX",1,"E",20,"MX1-20",-99,-99,-99,-99,-99,-99,-99
"2015","June",NA,"SC",1,"E",20,"SC1-20",-99,-99,-99,-99,-99,-99,-99
"2015","June",NA,"SP",1,"E",20,"SP1-20",-99,-99,-99,-99,-99,-99,-99
"2015","June",NA,"MX",1,"E",20,"MX1-20",-99,-99,-99,-99,-99,-99,-99
"2015","July",9,"SC",1,"E",20,"SC1-20",1.385499979,6.67,1576.650644,42.85159931,-99,-99,-99
"2015","July",9,"SC",1,"E",40,"SC1-40",1.495155097,6.68,105.4079008,79.27268693,-99,-99,-99
"2015","July",9,"SC",1,"E",80,"SC1-80",1.907837393,6.7,104.0526722,87.03364929,-99,-99,-99
"2015","July",9,"SC",2,"A",20,"SC2-20",1.767916033,6.46,91.23749866,36.92000665,-99,-99,-99
"2015","July",9,"SC",2,"A",40,"SC2-40",1.461377206,6.44,70.48266897,70.95737014,-99,-99,-99
"2015","July",9,"SC",2,"A",80,"SC2-80",2.835018594,6.52,151.7501069,119.7405621,-99,-99,-99
"2015","July",9,"SC",4,"A",20,"SC4-20",1.154024929,6.41,62.96941402,17.26814125,-99,-99,-99
"2015","July",9,"SC",4,"A",40,"SC4-40",1.037298093,6.37,56.88741264,33.56616221,-99,-99,-99
"2015","July",9,"SC",4,"A",80,"SC4-80",0.946690269,6.53,40.89482738,38.52763457,-99,-99,-99
"2015","July",9,"SC",6,"E",20,"SC6-20",1.638256548,6.41,201.1267028,45.23532346,-99,-99,-99
"2015","July",9,"SC",6,"E",40,"SC6-40",1.688938366,6.48,178.6166869,83.70752256,-99,-99,-99
"2015","July",9,"SC",6,"E",80,"SC6-80",2.39762094,6.55,237.6583763,150.2300571,-99,-99,-99
"2015","July",9,"SC",8,"A",20,"SC8-20",2.922723965,6.35,61.58113109,15.57736016,-99,-99,-99
"2015","July",9,"SC",8,"A",40,"SC8-40",1.601245771,6.47,51.59541036,60.97898997,-99,-99,-99
"2015","July",9,"SC",8,"A",80,"SC8-80",2.058832801,6.46,66.64505832,197.9045401,-99,-99,-99
"2015","July",9,"SC",9,"E",20,"SC9-20",1.495155097,6.53,33.36593342,6.707688896,-99,-99,-99
"2015","July",9,"SC",9,"E",40,"SC9-40",0.770712962,6.49,39.63614842,24.61333777,-99,-99,-99
"2015","July",9,"SC",9,"E",80,"SC9-80",1.283887,6.7,50.58394709,111.4252453,-99,-99,-99
"2015","July",9,"SC",10,"E",20,"SC10-20",0.968571821,6.43,50.81532758,6.984866123,-99,-99,-99
"2015","July",9,"SC",10,"E",40,"SC10-40",1.981897627,6.46,95.07510931,45.84511337,-99,-99,-99
"2015","July",9,"SC",10,"E",80,"SC10-80",1.650782608,6.6,43.35826502,113.0883087,-99,-99,-99
"2015","July",9,"SC",12,"A",20,"SC12-20",1.864736364,6.22,11.53791415,3.159820389,-99,-99,-99
"2015","July",9,"SC",12,"A",40,"SC12-40",0.666870016,6.26,14.27337304,1.552192472,-99,-99,-99
"2015","July",9,"SC",12,"A",80,"SC12-80",1.061273931,6.38,33.31384863,55.43544542,-99,-99,-99
"2015","July",9,"SC",14,"E",20,"SC14-20",0.191220191,6.25,9.919237229,2.272853263,-99,-99,-99
"2015","July",9,"SC",14,"E",40,"SC14-40",0.219319501,6.36,8.66055826,5.709850879,-99,-99,-99
"2015","July",9,"SC",14,"E",80,"SC14-80",0.236677498,6.08,5.325978695,28.77099617,-99,-99,-99
"2015","July",9,"SC",15,"A",20,"SC15-20",0.130657739,5.9,2.708767311,1.94024059,-99,-99,-99
"2015","July",9,"SC",15,"A",40,"SC15-40",0.40957267,6.19,5.286562861,2.771772272,-99,-99,-99
"2015","July",9,"SC",15,"A",80,"SC15-80",0.65180438,6.31,8.51077809,25.9992239,-99,-99,-99
"2015","July",8,"SP",1,"E",20,"SP1-20",0.852187081,6.26,7.425728481,2.328288708,-99,-99,-99
"2015","July",8,"SP",1,"E",40,"SP1-40",1.243142947,6.48,41.61655192,32.26342923,-99,-99,-99
"2015","July",8,"SP",2,"A",20,"SP2-20",0.551213934,6.33,190.8254477,84.26187705,-99,-99,-99
"2015","July",8,"SP",2,"A",40,"SP2-40",1.880507593,6.79,530.9946967,338.7105715,-99,-99,-99
"2015","July",8,"SP",4,"E",20,"SP4-20",0.864653502,6.63,136.6679106,125.2841067,-99,-99,-99
"2015","July",8,"SP",4,"E",40,"SP4-40",2.081733838,6.74,462.534005,241.6985421,-99,-99,-99
"2015","July",8,"SP",5,"A",20,"SP5-20",1.139404994,6.67,104.5954875,129.1645878,-99,-99,-99
"2015","July",8,"SP",5,"A",40,"SP5-40",2.096905124,6.71,203.6623214,192.3609956,-99,-99,-99
"2015","July",8,"SP",8,"E",20,"SP8-20",1.131161303,6.64,67.26658591,102.0012196,-99,-99,-99
"2015","July",8,"SP",8,"E",40,"SP8-40",2.051719769,6.78,204.8638022,225.0679084,-99,-99,-99
"2015","July",8,"SP",9,"A",20,"SP9-20",0.44331539,6.08,22.01344427,246.1333777,-99,-99,-99
"2015","July",8,"SP",9,"A",40,"SP9-40",1.686441969,6.6,216.1000189,261.1009479,-99,-99,-99
"2015","July",8,"SP",10,"E",20,"SP10-20",2.514306764,6.68,269.909759,3.658739398,-99,-99,-99
"2015","July",8,"SP",10,"E",40,"SP10-40",2.72337619,6.68,346.2907385,120.0177394,-99,-99,-99
"2015","July",8,"SP",11,"A",20,"SP11-20",0.896623261,6.43,46.35528701,57.65286324,-99,-99,-99
"2015","July",8,"SP",11,"A",40,"SP11-40",1.935928924,6.64,132.6326741,170.7411719,-99,-99,-99
"2015","July",8,"SP",13,"A",20,"SP13-20",0.721111833,6.39,61.17618493,30.8775431,-99,-99,-99
"2015","July",8,"SP",13,"A",40,"SP13-40",1.216354966,6.43,147.1334406,141.3603858,-99,-99,-99
"2015","July",8,"SP",14,"E",20,"SP14-20",0.957176914,6.44,189.1931728,98.12073837,-99,-99,-99
"2015","July",8,"SP",14,"E",40,"SP14-40",2.112186975,6.66,486.2474417,282.1664172,-99,-99,-99
"2015","August",NA,"SC",1,"E",20,"SC1-20",-99,-99,-99,-99,-99,-99,-99
"2015","August",NA,"SP",1,"E",20,"SP1-20",-99,-99,-99,-99,-99,-99,-99
"2015","August",NA,"MX",1,"E",20,"MX1-20",-99,-99,-99,-99,-99,-99,-99
"2015","October",NA,"SC",1,"E",20,"SC1-20",-99,-99,-99,-99,-99,-99,-99
"2015","October",NA,"SP",1,"E",20,"SP1-20",-99,-99,-99,-99,-99,-99,-99
"2015","October",NA,"MX",1,"E",20,"MX1-20",-99,-99,-99,-99,-99,-99,-99
"2015","November",NA,"SC",1,"E",20,"SC1-20",-99,-99,-99,-99,-99,-99,-99
"2015","November",NA,"SP",1,"E",20,"SP1-20",-99,-99,-99,-99,-99,-99,-99
"2015","November",NA,"MX",1,"E",20,"MX1-20",-99,-99,-99,-99,-99,-99,-99
"2015","December",NA,"SC",1,"E",20,"SC1-20",-99,-99,-99,-99,-99,-99,-99
"2015","December",NA,"SP",1,"E",20,"SP1-20",-99,-99,-99,-99,-99,-99,-99
"2015","December",NA,"MX",1,"E",20,"MX1-20",-99,-99,-99,-99,-99,-99,-99
"2016","July",15,"SC",1,"E",20,"SC1-20",0.046912383,6.47,19.20937532,18.06583705,3.096341856,133.1785893,8.531200049
"2016","July",15,"SC",1,"E",40,"SC1-40",0.01008658,6.55,17.49293748,58.0664115,2.292516743,120.1960971,7.69956562
"2016","July",15,"SC",1,"E",80,"SC1-80",1.672663231,6.76,56.46703248,102.6294243,0.380528108,114.6657263,7.345300296
"2016","July",15,"SC",2,"A",20,"SC2-20",0.625054021,6.5,18.01517282,19.08545954,4.358094312,149.5380241,9.579155177
"2016","July",15,"SC",2,"A",40,"SC2-40",0.019490996,6.23,4.710953549,4.497014739,4.071567056,125.9560104,8.068535007
"2016","July",15,"SC",2,"A",80,"SC2-80",1.102927465,6.56,16.07961526,40.41909924,2.53258012,115.3906533,7.391737777
"2016","July",15,"SC",4,"A",20,"SC4-20",0.732780299,6.48,21.15954087,18.45799955,3.054008099,128.7831189,8.249634346
"2016","July",15,"SC",4,"A",40,"SC4-40",1.873848131,6.4,28.15676407,14.6932396,4.321439474,130.9205325,8.386553107
"2016","July",15,"SC",4,"A",80,"SC4-80",0.228329182,6.62,6.661119098,27.79146692,2.384928236,123.1235637,7.887093712
"2016","July",15,"SC",6,"E",20,"SC6-20",1.493078462,6.64,91.66496423,39.16417926,2.096335919,137.3135557,8.79607835
"2016","July",15,"SC",6,"E",40,"SC6-40",0.421619968,6.59,22.73720289,61.51744145,2.035932876,113.1859784,7.250510385
"2016","July",15,"SC",6,"E",80,"SC6-80",0.306767048,6.86,22.49982319,139.3224804,0.716358703,111.767086,7.15961876
"2016","July",15,"SC",8,"A",20,"SC8-20",5.746671902,6.48,47.47947178,19.86978453,3.029227363,110.3385848,7.068111616
"2016","July",15,"SC",8,"A",40,"SC8-40",6.105532371,6.6,40.00018518,17.12464706,3.245542535,133.901381,8.577500748
"2016","July",15,"SC",8,"A",80,"SC8-80",5.287423424,6.59,61.01741876,86.8511386,2.092722062,120.7245785,7.733419159
"2016","July",15,"SC",9,"E",20,"SC9-20",3.159609684,6.63,78.51412876,11.39907464,1.422609669,101.378957,6.494174435
"2016","July",15,"SC",9,"E",40,"SC9-40",1.550688587,6.68,26.68135793,32.41898435,1.619306758,100.1170075,6.413336286
"2016","July",15,"SC",9,"E",80,"SC9-80",1.96094197,6.8,26.12260263,105.1011024,0.727974673,110.2819999,7.064486894
"2016","July",15,"SC",10,"E",20,"SC10-20",4.149688979,6.48,62.60603676,9.816000696,4.002387503,133.9793186,8.582493291
"2016","July",15,"SC",10,"E",40,"SC10-40",4.342560716,6.58,62.94567234,25.64951611,2.001859365,125.0175556,8.008419327
"2016","July",15,"SC",10,"E",80,"SC10-80",4.791759306,6.61,67.89047412,49.79030195,2.403513788,127.0140408,8.136310477
"2016","July",15,"SC",12,"A",20,"SC12-20",0.434585006,5.39,4.013422426,15.42518329,5.311636369,123.1171579,7.886683366
"2016","July",15,"SC",12,"A",40,"SC12-40",2.083396247,5.99,10.64909808,9.318984517,5.649273893,142.5449876,9.131194197
"2016","July",15,"SC",12,"A",80,"SC12-80",0.721766965,6.21,4.813209421,29.55464323,3.918236255,118.5380535,7.593354414
"2016","July",15,"SC",14,"E",20,"SC14-20",0.465232736,5.59,8.589372673,10.10000994,5.87488184,154.636001,9.90572215
"2016","July",15,"SC",14,"E",40,"SC14-40",0.083407535,5.18,1.982912979,11.7330631,6.385468248,151.2697348,9.690085361
"2016","July",15,"SC",14,"E",80,"SC14-80",0.244431374,6.21,4.871641347,23.59044909,4.709154734,131.3999024,8.417260661
"2016","July",15,"SC",15,"A",20,"SC15-20",0.955141036,6.05,4.510093802,4.845838906,8.357601793,172.3161055,11.03827693
"2016","July",15,"SC",15,"A",40,"SC15-40",1.647523911,6.07,5.525348525,0.443695606,7.279639792,152.1451989,9.746165972
"2016","July",15,"SC",15,"A",80,"SC15-80",2.634583872,6.37,9.900439025,17.91026418,5.691091384,139.20648,8.917335574
"2016","July",14,"SP",1,"E",20,"SP1-20",3.159609684,6.41,13.42402011,8.111945225,4.014777871,108.080528,6.923464674
"2016","July",14,"SP",1,"E",40,"SP1-40",11.88781484,6.55,16.71238432,25.83440335,1.572415141,53.96993959,3.457240485
"2016","July",14,"SP",2,"A",20,"SP2-20",2.163783663,6.81,78.87556759,65.97882892,5.086028422,121.8477349,7.80536648
"2016","July",14,"SP",2,"A",40,"SP2-40",6.293280744,6.86,172.8643391,149.4302946,0.268717054,50.9622927,3.26457619
"2016","July",14,"SP",4,"E",20,"SP4-20",4.755614067,6.66,81.46863927,49.08027884,5.17792365,125.1221842,8.015121644
"2016","July",14,"SP",4,"E",40,"SP4-40",6.245809215,6.78,136.6217959,88.57668435,0.969574181,51.98900951,3.33034577
"2016","July",14,"SP",5,"A",20,"SP5-20",3.331594835,6.66,35.79094275,63.13873647,5.619330504,112.6489559,7.216109717
"2016","July",14,"SP",5,"A",40,"SP5-40",3.847083633,6.72,49.2601363,94.40275329,2.217826682,56.196715,3.599883599
"2016","July",14,"SP",8,"E",20,"SP8-20",4.901851732,6.68,38.42096234,83.58740212,3.372543805,118.5284448,7.592738895
"2016","July",14,"SP",8,"E",40,"SP8-40",7.322256625,6.73,68.69809716,98.18009472,0.563803862,47.36253357,3.03398228
"2016","July",14,"SP",9,"A",20,"SP9-20",0.373514012,6.04,9.084319841,10.66802843,7.317327161,151.7384284,9.720109005
"2016","July",14,"SP",9,"A",40,"SP9-40",3.281522574,6.58,55.96786186,60.91886252,1.78879829,58.07889025,3.720452263
"2016","July",14,"SP",10,"E",20,"SP10-20",4.375566526,6.51,60.94911224,23.80345602,4.171206264,137.8036021,8.827469814
"2016","July",14,"SP",10,"E",40,"SP10-40",6.536105687,6.69,117.0864269,112.9693467,0.807182989,54.85623287,3.514014794
"2016","July",14,"SP",11,"A",20,"SP11-20",4.277294126,6.4,18.50267862,25.5785138,3.932175418,107.459162,6.883661118
"2016","July",14,"SP",11,"A",40,"SP11-40",6.059477068,6.67,46.46553056,79.1653422,1.343364649,56.05462473,3.590781559
"2016","July",14,"SP",13,"A",20,"SP13-20",1.23558558,6.11,12.61788383,11.87506772,7.042674007,151.5270358,9.706567589
"2016","July",14,"SP",13,"A",40,"SP13-40",2.841815957,6.4,36.87922672,30.76415402,2.539494146,59.81564173,3.83170535
"2016","July",14,"SP",14,"E",20,"SP14-20",3.760680617,6.48,90.17826991,17.05823645,5.271367674,150.8405438,9.662592183
"2016","July",14,"SP",14,"E",40,"SP14-40",5.014473573,6.67,164.2319632,84.7353202,1.244310175,67.64560745,4.333278469
"2017","July",19,"SC",1,"E",20,"SC1-20",2.372483193,6.9,231.8892146,60.35453828,-99,-99,-99
"2017","July",19,"SC",1,"E",40,"SC1-40",2.372483193,6.81,234.3194182,87.62313444,-99,-99,-99
"2017","July",19,"SC",1,"E",80,"SC1-80",2.409937978,6.82,372.0172911,113.0696355,-99,-99,-99
"2017","July",19,"SC",2,"A",20,"SC2-20",1.425984186,6.79,55.78347071,48.9821514,-99,-99,-99
"2017","July",19,"SC",2,"A",40,"SC2-40",1.308277111,6.75,49.60345904,37.35844106,-99,-99,-99
"2017","July",19,"SC",2,"A",80,"SC2-80",1.846543773,6.79,57.87352771,91.26732471,-99,-99,-99
"2017","July",19,"SC",4,"A",20,"SC4-20",1.10120915,6.63,51.9557977,28.12230365,-99,-99,-99
"2017","July",19,"SC",4,"A",40,"SC4-40",1.042462131,6.7,31.34619642,24.03829731,-99,-99,-99
"2017","July",19,"SC",4,"A",80,"SC4-80",1.603744269,6.64,62.04954356,59.78906048,-99,-99,-99
"2017","July",19,"SC",6,"E",20,"SC6-20",2.093058544,6.76,179.8222064,83.41346637,-99,-99,-99
"2017","July",19,"SC",6,"E",40,"SC6-40",2.076729898,6.75,172.9946869,109.1112909,-99,-99,-99
"2017","July",19,"SC",6,"E",80,"SC6-80",2.753144429,6.8,265.3915989,179.0420455,-99,-99,-99
"2017","July",19,"SC",8,"A",20,"SC8-20",2.076729898,6.74,131.1648598,60.73152348,-99,-99,-99
"2017","July",19,"SC",8,"A",40,"SC8-40",2.012679268,6.75,81.92557582,67.70574969,-99,-99,-99
"2017","July",19,"SC",8,"A",80,"SC8-80",1.832138271,6.74,96.9084158,135.2489314,-99,-99,-99
"2017","July",19,"SC",9,"E",20,"SC9-20",1.846543773,6.77,253.7323594,9.933161058,-99,-99,-99
"2017","July",19,"SC",9,"E",40,"SC9-40",2.109515576,6.75,193.9075514,18.2547302,-99,-99,-99
"2017","July",19,"SC",9,"E",80,"SC9-80",2.281373234,6.87,152.3482023,36.92751954,-99,-99,-99
"2017","July",19,"SC",10,"E",20,"SC10-20",1.720867221,6.73,120.2146004,10.67736643,-99,-99,-99
"2017","July",19,"SC",10,"E",40,"SC10-40",1.680905432,6.69,105.4120791,13.38356779,-99,-99,-99
"2017","July",19,"SC",10,"E",80,"SC10-80",1.471364086,6.74,79.23309062,24.41133829,-99,-99,-99
"2017","July",19,"SC",12,"A",20,"SC12-20",0.593146986,6.38,13.37170622,21.36686176,-99,-99,-99
"2017","July",19,"SC",12,"A",40,"SC12-40",0.850403254,6.46,15.13800929,10.2037812,-99,-99,-99
"2017","July",19,"SC",12,"A",80,"SC12-80",1.075636992,6.56,28.35044805,26.91457453,-99,-99,-99
"2017","July",19,"SC",14,"E",20,"SC14-20",1.050658668,6.49,43.52590113,10.47440132,-99,-99,-99
"2017","July",19,"SC",14,"E",40,"SC14-40",1.154191773,6.49,50.03786304,12.90998256,-99,-99,-99
"2017","July",19,"SC",14,"E",80,"SC14-80",0.979150394,6.47,52.73854454,13.2482577,-99,-99,-99
"2017","July",19,"SC",15,"A",20,"SC15-20",0.768081361,6.45,17.8960649,8.985990604,-99,-99,-99
"2017","July",19,"SC",15,"A",40,"SC15-40",0.661883227,6.32,9.777627808,14.33073825,-99,-99,-99
"2017","July",19,"SC",15,"A",80,"SC15-80",0.593146986,6.36,15.42487986,30.83856649,-99,-99,-99
"2017","July",19,"SP",1,"E",20,"SP1-20",1.414859609,6.64,17.18708478,19.94610605,-99,-99,-99
"2017","July",19,"SP",1,"E",40,"SP1-40",1.846543773,6.56,16.91250867,28.33533025,-99,-99,-99
"2017","July",19,"SP",2,"A",20,"SP2-20",2.263575483,6.77,112.9157935,40.4455813,-99,-99,-99
"2017","July",19,"SP",2,"A",40,"SP2-40",2.606270397,6.94,235.3480541,92.33699218,-99,-99,-99
"2017","July",19,"SP",4,"E",20,"SP4-20",1.965941052,6.84,85.83521185,41.66337188,-99,-99,-99
"2017","July",19,"SP",4,"E",40,"SP4-40",2.263575483,6.79,167.2736681,58.78009542,-99,-99,-99
"2017","July",19,"SP",5,"A",20,"SP5-20",2.044453768,6.76,47.61175766,40.03965109,-99,-99,-99
"2017","July",19,"SP",5,"A",40,"SP5-40",1.875695464,6.74,58.96773403,49.84963098,-99,-99,-99
"2017","July",19,"SP",8,"E",20,"SP8-20",2.126102005,6.71,44.34553133,32.52994233,-99,-99,-99
"2017","July",19,"SP",8,"E",40,"SP8-40",2.818597592,6.81,95.96584108,37.47754349,-99,-99,-99
"2017","July",19,"SP",9,"A",20,"SP9-20",1.734397835,6.65,74.61037632,20.52082812,-99,-99,-99
"2017","July",19,"SP",9,"A",40,"SP9-40",2.585938015,6.79,170.5644834,47.50084635,-99,-99,-99
"2017","July",19,"SP",10,"E",20,"SP10-20",0.076808136,6.12,8.142465567,21.57591263,-99,-99,-99
"2017","July",19,"SP",10,"E",40,"SP10-40",1.163266805,6.66,53.07459292,35.29201129,-99,-99,-99
"2017","July",19,"SP",11,"A",20,"SP11-20",1.002428683,6.4,19.85088292,11.25115705,-99,-99,-99
"2017","July",19,"SP",11,"A",40,"SP11-40",1.76177906,6.7,58.8693784,50.81682625,-99,-99,-99
"2017","July",19,"SP",13,"A",20,"SP13-20",0.447417893,6.24,14.70770344,17.43093776,-99,-99,-99
"2017","July",19,"SP",13,"A",40,"SP13-40",1.01825419,6.51,46.92736645,15.69758464,-99,-99,-99
"2017","July",19,"SP",14,"E",20,"SP14-20",1.163266805,6.5,62.49624202,12.00478884,-99,-99,-99
"2017","July",19,"SP",14,"E",40,"SP14-40",2.093058544,6.74,179.8877769,38.08044893,-99,-99,-99
"2018","July",10,"SC",1,"E",20,"SC1-20",1.449330794,6.12,133.1222581,65.33593487,-99,-99,-99
"2018","July",10,"SC",1,"E",40,"SC1-40",1.634884279,6.72,136.7239705,33.63072929,-99,-99,-99
"2018","July",10,"SC",1,"E",80,"SC1-80",0.895137041,6.13,88.03469881,94.62440972,-99,-99,-99
"2018","July",10,"SC",2,"A",20,"SC2-20",1.520881296,6.65,43.56090072,7.391938464,-99,-99,-99
"2018","July",10,"SC",2,"A",40,"SC2-40",0.853024942,6.57,32.25593394,41.85912203,-99,-99,-99
"2018","July",10,"SC",2,"A",80,"SC2-80",1.13901259,6.74,62.53236966,46.92274833,-99,-99,-99
"2018","July",10,"SC",4,"A",20,"SC4-20",0.44866729,6.7,54.06467023,29.71792715,-99,-99,-99
"2018","July",10,"SC",4,"A",40,"SC4-40",0.774651082,6.69,44.14158496,24.9995481,-99,-99,-99
"2018","July",10,"SC",4,"A",80,"SC4-80",0.924360534,5.99,70.42673528,56.07180039,-99,-99,-99
"2018","July",10,"SC",6,"E",20,"SC6-20",1.34826674,6.73,102.7171898,29.60284473,-99,-99,-99
"2018","July",10,"SC",6,"E",40,"SC6-40",1.14819722,6.17,80.54828225,64.58789917,-99,-99,-99
"2018","July",10,"SC",6,"E",80,"SC6-80",1.195243315,6.08,104.24608,125.9843681,-99,-99,-99
"2018","July",10,"SC",8,"A",20,"SC8-20",1.185682355,6.76,33.97593539,26.78332554,-99,-99,-99
"2018","July",10,"SC",8,"A",40,"SC8-40",1.34826674,6.89,33.59738806,32.2497403,-99,-99,-99
"2018","July",10,"SC",8,"A",80,"SC8-80",1.254250037,6.71,35.96055244,16.07666905,-99,-99,-99
"2018","July",10,"SC",9,"E",20,"SC9-20",1.009738758,6.74,100.3907776,13.95285366,-99,-99,-99
"2018","July",10,"SC",9,"E",40,"SC9-40",1.729429183,6.69,117.2012191,19.06149068,-99,-99,-99
"2018","July",10,"SC",9,"E",80,"SC9-80",1.621806554,6.84,78.59306693,17.28207779,-99,-99,-99
"2018","July",10,"SC",10,"E",20,"SC10-20",1.195243315,6.63,61.86348021,5.744594169,-99,-99,-99
"2018","July",10,"SC",10,"E",40,"SC10-40",1.533145192,6.65,80.47477792,23.94052605,-99,-99,-99
"2018","July",10,"SC",10,"E",80,"SC10-80",1.13901259,6.65,63.3078404,24.97373353,-99,-99,-99
"2018","July",10,"SC",12,"A",20,"SC12-20",0.85990346,6.54,13.62626015,7.46660665,-99,-99,-99
"2018","July",10,"SC",12,"A",40,"SC12-40",0.924360534,6.56,15.07062034,4.309583769,-99,-99,-99
"2018","July",10,"SC",12,"A",80,"SC12-80",0.985700841,6.52,16.18421102,25.08853437,-99,-99,-99
"2018","July",10,"SC",14,"E",20,"SC14-20",1.414827916,6.51,54.27415759,5.685542796,-99,-99,-99
"2018","July",10,"SC",14,"E",40,"SC14-40",0.993649215,6.55,25.57806508,13.14924784,-99,-99,-99
"2018","July",10,"SC",14,"E",80,"SC14-80",1.059587499,6.4,48.07774212,26.58094518,-99,-99,-99
"2018","July",10,"SC",15,"A",20,"SC15-20",0.697850778,6.43,17.18386998,9.820023706,-99,-99,-99
"2018","July",10,"SC",15,"A",40,"SC15-40",0.738207295,6.41,11.78865177,26.35134352,-99,-99,-99
"2018","July",10,"SC",15,"A",80,"SC15-80",0.649188575,6.37,16.87882699,25.71993894,-99,-99,-99
"2018","July",10,"SP",1,"E",20,"SP1-20",1.001661681,6.54,45.67047514,36.45381674,-99,-99,-99
"2018","July",10,"SP",1,"E",40,"SP1-40",1.176197875,6.5,42.02466011,23.25172105,-99,-99,-99
"2018","July",10,"SP",2,"A",20,"SP2-20",0.618647225,6.71,73.78220819,59.52878397,-99,-99,-99
"2018","July",10,"SP",2,"A",40,"SP2-40",1.414827916,6.89,146.4375684,49.88551408,-99,-99,-99
"2018","July",10,"SP",4,"E",20,"SP4-20",0.93181428,6.66,56.13014206,43.91587082,-99,-99,-99
"2018","July",10,"SP",4,"E",40,"SP4-40",1.068131671,6.85,78.66657127,80.30773457,-99,-99,-99
"2018","July",10,"SP",5,"A",20,"SP5-20",1.533145192,6.78,59.32390543,21.75931024,-99,-99,-99
"2018","July",10,"SP",5,"A",40,"SP5-40",1.185682355,6.72,59.01886244,42.30865917,-99,-99,-99
"2018","July",10,"SP",8,"E",20,"SP8-20",0.799941076,6.6,28.82328148,29.33616515,-99,-99,-99
"2018","July",10,"SP",8,"E",40,"SP8-40",1.017880966,6.65,42.04671141,70.23847542,-99,-99,-99
"2018","July",10,"SP",9,"A",20,"SP9-20",0.080445096,6.12,16.1805358,0,-99,-99,-99
"2018","July",10,"SP",9,"A",40,"SP9-40",0.315103975,6.58,19.89985517,44.17535328,-99,-99,-99
"2018","July",10,"SP",10,"E",20,"SP10-20",0.518451107,6.61,21.70806182,30.06511713,-99,-99,-99
"2018","July",10,"SP",10,"E",40,"SP10-40",1.129901429,6.71,67.39100623,73.97010812,-99,-99,-99
"2018","July",10,"SP",11,"A",20,"SP11-20",0.56180742,6.45,19.49925654,9.074683196,-99,-99,-99
"2018","July",10,"SP",11,"A",40,"SP11-40",0.85990346,6.59,32.19345526,45.57471554,-99,-99,-99
"2018","July",10,"SP",13,"A",20,"SP13-20",0.175320349,4.68,8.43317886,0,-99,-99,-99
"2018","July",10,"SP",13,"A",40,"SP13-40",0.346984025,5.65,19.65361565,0.561896099,-99,-99,-99
"2018","July",10,"SP",14,"E",20,"SP14-20",0.283863999,4.29,27.63986168,0,-99,-99,-99
"2018","July",10,"SP",14,"E",40,"SP14-40",0.909631439,6.68,40.45534255,55.66178519,-99,-99,-99
"2019","July",10,"SC",1,"E",20,"SC1-20",0.802609465,6.7,235.478073,35.12613399,0.784903306,87.95459238,5.634234472
"2019","July",10,"SC",1,"E",40,"SC1-40",1.368794296,6.73,241.8735697,10.27306228,0.033063007,119.7656812,7.671993974
"2019","July",10,"SC",1,"E",80,"SC1-80",1.401905726,6.74,179.8818434,76.42994027,0.043031815,120.069512,7.691456809
"2019","July",10,"SC",2,"A",20,"SC2-20",1.035692712,6.77,78.06864815,31.78014171,1.241952589,90.6272158,5.805437784
"2019","July",10,"SC",2,"A",40,"SC2-40",1.37974362,6.74,73.18448781,74.01643764,2.552043044,106.4328293,6.817916147
"2019","July",10,"SC",2,"A",80,"SC2-80",1.592509866,6.71,76.22810978,97.43838357,7.214734872,135.572347,8.684539738
"2019","July",10,"SC",4,"A",20,"SC4-20",0.578942943,6.53,104.7789,1.376599928,0.647395508,40.55330042,2.597795402
"2019","July",10,"SC",4,"A",40,"SC4-40",1.185917424,6.69,58.33149286,24.99549213,0.291759201,64.10928632,4.106748279
"2019","July",10,"SC",4,"A",80,"SC4-80",1.325859047,6.65,64.55640309,94.5689409,9.0469869,133.1355628,8.52844385
"2019","July",10,"SC",6,"E",20,"SC6-20",1.16716978,6.73,224.3450604,10.47581587,0.13282907,81.39363893,5.213951932
"2019","July",10,"SC",6,"E",40,"SC6-40",1.482314179,6.77,248.3169503,79.74677138,1.579251404,123.5123357,7.911997726
"2019","July",10,"SC",6,"E",80,"SC6-80",1.990526412,6.78,157.9629768,198.9896127,0.247560823,148.0152863,9.481611413
"2019","July",10,"SC",8,"A",20,"SC8-20",1.14871851,6.76,97.55740558,26.81045166,1.00290393,92.94680113,5.954026129
"2019","July",10,"SC",8,"A",40,"SC8-40",1.234114593,6.78,66.42088342,69.22000609,1.283864629,109.597055,7.020610589
"2019","July",10,"SC",8,"A",80,"SC8-80",1.53031591,6.68,73.21740801,78.41580106,5.355751716,126.8141918,8.123508522
"2019","July",10,"SC",9,"E",20,"SC9-20",0.741143323,4.47,217.0696966,8.358363077,4.010995009,91.11996051,5.837002098
"2019","July",10,"SC",9,"E",40,"SC9-40",1.592509866,6.64,272.3696444,41.33012793,1.548465377,103.3674725,6.621555058
"2019","July",10,"SC",9,"E",80,"SC9-80",1.554896581,6.42,137.8966195,127.2382125,2.584232689,117.2850494,7.513089285
"2019","July",10,"SC",10,"E",20,"SC10-20",1.077784562,6.59,234.9812773,1.280020898,0.173066126,79.4955543,5.092364142
"2019","July",10,"SC",10,"E",40,"SC10-40",1.390780529,6.75,72.39739579,10.63508766,0.653159701,101.0765529,6.474802987
"2019","July",10,"SC",10,"E",80,"SC10-80",1.447303593,6.66,73.48076959,19.8935754,7.182092951,97.28823977,6.232130657
"2019","July",10,"SC",12,"A",20,"SC12-20",0.560783122,6.31,33.72514096,0,12.84769495,137.7758336,8.825691013
"2019","July",10,"SC",12,"A",40,"SC12-40",0.98734669,5.5,39.6866896,0,7.735112289,141.2386008,9.047509479
"2019","July",10,"SC",12,"A",80,"SC12-80",0.99524472,6.48,28.32323568,45.26254025,4.478752339,59.60177433,3.8180054
"2019","July",10,"SC",14,"E",20,"SC14-20",0.765143743,6.43,118.937578,1.703511455,2.197252027,70.20008745,4.496913732
"2019","July",10,"SC",14,"E",40,"SC14-40",1.336464921,6.64,130.8666608,37.88170482,2.226849657,99.44544711,6.370317368
"2019","July",10,"SC",14,"E",80,"SC14-80",0.919026017,6.47,50.88853528,33.76779654,13.4030786,157.3890776,10.08207914
"2019","July",10,"SC",15,"A",20,"SC15-20",0.517836738,6.35,23.02607649,0,3.675208983,66.47484344,4.258281492
"2019","July",10,"SC",15,"A",40,"SC15-40",0.904497542,6.43,28.47586569,13.37975112,6.163961323,92.01073061,5.894063183
"2019","July",10,"SC",15,"A",80,"SC15-80",1.052328508,6.39,38.75594581,18.5507413,16.04232689,152.1914584,9.74912927
"2019","July",10,"SP",1,"E",20,"SP1-20",1.294543754,6.64,282.9430135,2.379291553,0.169061135,48.82247391,3.127503357
"2019","July",10,"SP",1,"E",40,"SP1-40",2.297479694,6.66,227.2360524,45.49322481,2.711041797,95.64469958,6.126848512
"2019","July",10,"SP",2,"A",20,"SP2-20",1.043977474,6.62,243.1454865,86.41306476,0.127872739,43.36117348,2.777662555
"2019","July",10,"SP",2,"A",40,"SP2-40",1.657231462,6.87,233.5986289,115.4848009,0.075879601,88.38486601,5.661797005
"2019","July",10,"SP",4,"E",20,"SP4-20",0.948786806,6.45,59.44180137,0,1.239950094,36.90431312,2.364048025
"2019","July",10,"SP",4,"E",40,"SP4-40",2.071423899,6.81,196.7459632,136.1092779,0.483009981,88.36256135,5.66036821
"2019","July",10,"SP",5,"A",20,"SP5-20",1.315337339,6.9,257.5046784,88.27804406,0.057860262,6.71809591,0.430374796
"2019","July",10,"SP",5,"A",40,"SP5-40",2.104696108,6.85,184.5924246,105.5565288,0,0,2.6e-05
"2019","July",10,"SP",8,"E",20,"SP8-20",1.086406027,6.56,68.68040612,19.0544006,0.983980037,46.77460367,2.996320578
"2019","July",10,"SP",8,"E",40,"SP8-40",2.279247431,6.77,116.3787808,26.11301755,1.357688709,109.4639295,7.012082814
"2019","July",10,"SP",9,"A",20,"SP9-20",0.53036332,6.47,58.02324009,1.305924449,2.486568933,42.91041749,2.74878796
"2019","July",10,"SP",9,"A",40,"SP9-40",0.783652736,6.66,72.95703917,36.11347597,2.417292576,46.8706347,3.002472148
"2019","July",10,"SP",10,"E",20,"SP10-20",0.862275696,6.57,76.84760806,3.202076538,0.647089832,57.93702962,3.711364934
"2019","July",10,"SP",10,"E",40,"SP10-40",2.33438292,6.73,236.5853887,0.802396312,0.559828447,115.6770635,7.410084683
"2019","July",10,"SP",11,"A",20,"SP11-20",0.890198741,6.48,82.03702842,1.023222533,2.255580162,60.98312835,3.906492383
"2019","July",10,"SP",11,"A",40,"SP11-40",1.928089165,6.71,142.6939903,33.37085935,2.879578915,105.4080423,6.752270186
"2019","July",10,"SP",13,"A",20,"SP13-20",0.668220049,6.34,37.68155025,0,4.851559576,81.56003385,5.224610882
"2019","July",10,"SP",13,"A",40,"SP13-40",1.060746343,6.6,44.9509286,7.454691114,8.592629445,117.6138787,7.534153484
"2019","July",10,"SP",14,"E",20,"SP14-20",0.783652736,6.39,121.4155712,2.154030196,1.448056769,67.31127786,4.311861934
"2019","July",10,"SP",14,"E",40,"SP14-40",2.022499206,6.74,189.8267361,113.4004123,2.771450405,146.3617292,9.375687603
"2020","July",9,"SC",1,"E",20,"SC1-20",3.477956217,6.67,330.7223563,8.917251937,3.023340611,125.2658307,8.024323376
"2020","July",9,"SC",1,"E",40,"SC1-40",3.582190961,6.26,491.2547393,107.3592477,1.943368684,145.8150522,9.340668485
"2020","July",9,"SC",1,"E",80,"SC1-80",3.943017997,6.72,399.9843119,116.3932546,0.283462258,139.1712412,8.915078244
"2020","July",9,"SC",2,"A",20,"SC2-20",3.529688842,6.34,116.3945472,25.40789944,5.496522146,111.5283752,7.144327386
"2020","July",9,"SC",2,"A",40,"SC2-40",3.477956217,6.01,276.4265289,75.23833428,11.79752651,128.64233,8.240615674
"2020","July",9,"SC",2,"A",80,"SC2-80",4.182905045,6.63,326.6273299,108.4347247,11.31910792,164.9304203,10.5651636
"2020","July",9,"SC",4,"A",20,"SC4-20",1.566964949,5.41,96.59426786,0,7.63297879,94.73906911,6.0688355
"2020","July",9,"SC",4,"A",40,"SC4-40",2.386767764,6.08,17.09773035,0.815325122,7.421085465,112.3456728,7.196681959
"2020","July",9,"SC",4,"A",80,"SC4-80",3.090477722,6.48,8.765847009,45.91366111,6.859023706,119.9465698,7.683581361
"2020","July",9,"SC",6,"E",20,"SC6-20",2.607858561,5.51,240.1267819,0,7.267258266,143.4539267,9.189419152
"2020","July",9,"SC",6,"E",40,"SC6-40",3.401775453,6.71,308.980153,96.24598522,2.348587024,126.4230437,8.098452298
"2020","July",9,"SC",6,"E",80,"SC6-80",5.578508291,6.71,30.30180894,222.8654786,1.091687461,147.5670465,9.452898003
"2020","July",9,"SC",8,"A",20,"SC8-20",3.503727051,6.69,26.72759323,40.75137146,0.373321896,110.2955035,7.065351909
"2020","July",9,"SC",8,"A",40,"SC8-40",3.136446825,6.68,12.85066496,30.92868143,6.422348721,131.182457,8.403331507
"2020","July",9,"SC",8,"A",80,"SC8-80",4.672726298,6.69,7.701694669,204.5823695,5.540271366,128.8607362,8.254606372
"2020","July",9,"SC",9,"E",20,"SC9-20",3.230446494,6.67,6.661402247,28.77772741,0.474494697,108.7474612,6.966187183
"2020","July",9,"SC",9,"E",40,"SC9-40",4.245123385,6.75,3.344873654,92.30256952,0.116300686,109.0155882,6.983362898
"2020","July",9,"SC",9,"E",80,"SC9-80",5.297549118,6.78,285.4888408,138.4163535,0.233537118,0.106527504,0.006849955
"2020","July",9,"SC",10,"E",20,"SC10-20",2.870543015,6.66,193.8557373,3.181374546,0.007981909,0.155277856,0.009972812
"2020","July",9,"SC",10,"E",40,"SC10-40",3.555843004,6.64,52.91704608,36.95135269,4.505483468,126.5151819,8.104354502
"2020","July",9,"SC",10,"E",80,"SC10-80",4.4047483,6.63,35.08810847,88.14405841,7.683512165,135.9614358,8.70946405
"2020","July",9,"SC",12,"A",20,"SC12-20",0.984173043,6.17,22.06059328,3.539866883,20.65967561,144.1029309,9.230993162
"2020","July",9,"SC",12,"A",40,"SC12-40",1.488045433,6.43,22.47575585,5.2606301,16.68220524,123.992141,7.94273317
"2020","July",9,"SC",12,"A",80,"SC12-80",3.20668571,6.58,91.79684335,46.20045498,12.28783843,130.6715515,8.370603846
"2020","July",9,"SC",14,"E",20,"SC14-20",2.51335164,6.43,6.136484052,1.9625006,12.96003431,131.2353173,8.406717644
"2020","July",9,"SC",14,"E",40,"SC14-40",3.302790446,6.61,3.89842375,35.87587568,9.898009981,129.4408096,8.291764797
"2020","July",9,"SC",14,"E",80,"SC14-80",3.136446825,6.62,2.509776526,76.74400209,7.712195883,127.9427504,8.195801894
"2020","July",9,"SC",15,"A",20,"SC15-20",0.477384369,3.28,1.908506594,0,22.25656269,227.6668829,14.58394534
"2020","July",9,"SC",15,"A",40,"SC15-40",1.332060205,6.2,1.297692695,13.73081006,25.36387399,256.9761128,16.46144038
"2020","July",9,"SC",15,"A",80,"SC15-80",2.93482714,6.42,0.925477975,71.69331247,13.35451029,139.8465698,8.958338546
"2020","July",9,"SP",1,"E",20,"SP1-20",2.531974982,6.54,127.7522776,36.32132382,9.119101684,106.3484372,6.812510145
"2020","July",9,"SP",1,"E",40,"SP1-40",2.849429415,6.55,156.9729541,75.6317902,6.896054273,122.967055,7.877068055
"2020","July",9,"SP",2,"A",20,"SP2-20",2.607858561,6.61,195.3936677,82.31977125,11.10128821,122.1285867,7.823357329
"2020","July",9,"SP",2,"A",40,"SP2-40",2.766516597,6.53,285.8561078,164.4333163,6.036163444,125.6327024,8.047824495
"2020","July",9,"SP",4,"E",20,"SP4-20",1.219129904,6.29,9.682067857,3.773149384,18.63142857,131.3393625,8.413382583
"2020","July",9,"SP",4,"E",40,"SP4-40",3.136446825,6.7,188.378869,99.41127837,7.830131004,129.7368068,8.310725829
"2020","July",9,"SP",5,"A",20,"SP5-20",2.200606795,6.6,191.5465464,75.7061011,12.89017155,134.9010127,8.641535306
"2020","July",9,"SP",5,"A",40,"SP5-40",2.93482714,6.52,172.6231169,99.48558927,12.10061759,138.9902934,8.903487061
"2020","July",9,"SP",8,"E",20,"SP8-20",2.666260022,6.55,111.4318526,11.50148304,10.31432002,129.6530353,8.305359581
"2020","July",9,"SP",8,"E",40,"SP8-40",3.716888325,6.8,131.117361,135.2291324,6.233393637,146.3252948,9.373353682
"2020","July",9,"SP",9,"A",20,"SP9-20",1.510179264,5.89,48.75315706,0,11.23375546,110.1777236,7.057807142
"2020","July",9,"SP",9,"A",40,"SP9-40",1.884573923,6.11,87.02237303,28.51867926,10.33849345,111.4367334,7.138456985
"2020","July",9,"SP",10,"E",20,"SP10-20",1.255667366,5.03,72.0562449,0,10.06960699,104.5588237,6.697870812
"2020","July",9,"SP",10,"E",40,"SP10-40",2.870543015,6.46,245.7000579,96.06728785,4.951310044,116.7585557,7.479363076
"2020","July",9,"SP",11,"A",20,"SP11-20",1.816278317,6.37,0.696422763,6.522652704,10.32745789,107.1185726,6.861843594
"2020","July",9,"SP",11,"A",40,"SP11-40",3.401775453,6.59,0.481683502,81.65097315,10.62199002,131.5651001,8.42784292
"2020","July",9,"SP",13,"A",20,"SP13-20",0.600148915,4.8,16.32466901,0,13.63869931,117.5493456,7.53001961
"2020","July",9,"SP",13,"A",40,"SP13-40",1.413100664,5.87,71.49157197,15.06840627,14.75676232,136.0321382,8.713993115
"2020","July",9,"SP",14,"E",20,"SP14-20",2.184420753,6.38,125.1814089,5.333678295,9.458396756,121.5290494,7.784952074
"2020","July",9,"SP",14,"E",40,"SP14-40",4.03131957,6.64,262.7458351,113.3074168,6.810857767,163.2545444,10.4578101
"2021","July",14,"SC",1,"E",20,"SC1-20",0.809627168,6.57,225.6263362,17.14728336,6.210028072,122.1225219,7.822968824
"2021","July",14,"SC",1,"E",40,"SC1-40",0.824231196,6.74,141.9904272,25.54648964,7.137741734,228.0183244,14.60645803
"2021","July",14,"SC",1,"E",80,"SC1-80",1.116957441,6.72,215.5607118,44.15649572,0.149341859,130.5516897,8.362925722
"2021","July",14,"SC",2,"A",20,"SC2-20",0.586858663,6.7,103.0143203,23.29572195,8.693437305,152.8148463,9.789062344
"2021","July",14,"SC",2,"A",40,"SC2-40",0.816896548,6.71,66.90312384,32.40858628,14.70914847,271.1970663,17.37240835
"2021","July",14,"SC",2,"A",80,"SC2-80",0.720807397,6.75,76.75862069,47.99926983,9.402632564,149.8459267,9.598878847
"2021","July",14,"SC",4,"A",20,"SC4-20",0.378718159,6.42,47.51500913,16.98259304,8.069660012,64.31496756,4.119923839
"2021","July",14,"SC",4,"A",40,"SC4-40",0.56120765,6.54,46.41824557,24.33876063,18.33445415,171.9527673,11.01500216
"2021","July",14,"SC",4,"A",80,"SC4-80",0.747045725,6.65,61.42955616,33.56141851,12.10826575,201.6128632,12.91497303
"2021","July",14,"SC",6,"E",20,"SC6-20",0.802422477,6.66,167.3236154,16.10424467,3.950867124,116.9606037,7.492305894
"2021","July",14,"SC",6,"E",40,"SC6-40",0.861904178,6.78,144.5734591,37.95316036,0.470021834,135.4310353,8.675487571
"2021","July",14,"SC",6,"E",80,"SC6-80",1.168010007,6.8,145.2960931,188.0806615,1.047395508,232.8563554,14.91637334
"2021","July",14,"SC",8,"A",20,"SC8-20",0.482091854,6.61,71.73093353,18.68439301,15.43697754,148.9131537,9.539127139
"2021","July",14,"SC",8,"A",40,"SC8-40",0.824231196,6.74,98.06350909,30.65188954,0,0.035511989,0.002300832
"2021","July",14,"SC",8,"A",80,"SC8-80",0.925795119,6.72,89.16639909,155.3301036,0.037117904,0.067356841,0.004340755
"2021","July",14,"SC",9,"E",20,"SC9-20",0.714393093,6.64,181.5200409,26.75421865,0.03393325,0.059100141,0.003811846
"2021","July",14,"SC",9,"E",40,"SC9-40",0.767349382,6.69,231.8994138,48.93251498,0,6.21e-05,3e-05
"2021","July",14,"SC",9,"E",80,"SC9-80",1.384217475,6.75,189.125635,77.80821762,0.032330006,0.059757405,0.003853949
"2021","July",14,"SC",10,"E",20,"SC10-20",0.292239213,6.56,69.14790159,10.17539318,22.55488771,187.9707842,12.04108669
"2021","July",14,"SC",10,"E",40,"SC10-40",0.522477607,6.76,90.60141683,23.57020581,6.708502807,223.1899972,14.29716432
"2021","July",14,"SC",10,"E",80,"SC10-80",0.994422145,6.66,77.16862575,54.36729551,19.6010917,231.0546065,14.80095664
"2021","July",14,"SC",12,"A",20,"SC12-20",0.149482179,6.22,9.345548845,4.025385692,34.2004398,194.2913681,12.4459716
"2021","July",14,"SC",12,"A",40,"SC12-40",0.368697477,6.51,18.45373117,10.33782256,25.59334997,190.9407109,12.2313347
"2021","July",14,"SC",12,"A",80,"SC12-80",0.608221083,6.61,34.27184539,19.59249696,21.82604492,318.5526516,20.40591954
"2021","July",14,"SC",14,"E",20,"SC14-20",0.689301616,6.56,29.26465849,9.74937506,30.01660012,373.6429337,23.93490109
"2021","July",14,"SC",14,"E",40,"SC14-40",0.733809297,6.53,66.61099522,10.12384165,18.38367748,235.4712553,15.08387899
"2021","July",14,"SC",14,"E",80,"SC14-80",0.885329527,6.58,71.47468036,28.1517334,14.36745477,295.1922934,18.90949821
"2021","July",14,"SC",15,"A",20,"SC15-20",0.153544896,6.28,6.258834294,10.0168512,46.92225203,376.7788829,24.1357842
"2021","July",14,"SC",15,"A",40,"SC15-40",0.292239213,6.46,18.84788087,9.053937099,16.94862757,133.8964457,8.577184603
"2021","July",14,"SC",15,"A",80,"SC15-80",0.647493456,6.5,45.19335542,35.26659869,15.02632564,149.1885501,9.556768519
"2021","July",14,"SP",1,"E",20,"SP1-20",0.647493456,6.49,19.29901608,8.411994366,20.67256082,166.8572666,10.68859381
"2021","July",14,"SP",1,"E",40,"SP1-40",0.917556675,6.68,39.16628091,49.49632927,4.19353088,112.3938928,7.199770845
"2021","July",14,"SP",2,"A",20,"SP2-20",0.204389691,6.63,37.17263126,30.18455205,17.30567998,131.9104598,8.449966021
"2021","July",14,"SP",2,"A",40,"SP2-40",0.613682103,6.92,196.5928523,78.81171407,1.955346226,142.0172948,9.097391172
"2021","July",14,"SP",4,"E",20,"SP4-20",0.21954062,6.38,23.55021283,13.19856569,14.83420462,108.3679267,6.941874901
"2021","July",14,"SP",4,"E",40,"SP4-40",0.504126737,6.62,81.10467442,35.32009392,16.76045852,183.8690212,11.77833534
"2021","July",14,"SP",5,"A",20,"SP5-20",0.816896548,6.74,90.77566899,48.15894857,3.509897068,76.62106347,4.908229577
"2021","July",14,"SP",5,"A",40,"SP5-40",0.994422145,6.77,90.17091151,50.09517945,19.34438865,258.9565924,16.58830624
"2021","July",14,"SP",8,"E",20,"SP8-20",0.720807397,6.6,36.19886922,41.57903556,55.48752027,372.2889676,23.84816853
"2021","July",14,"SP",8,"E",40,"SP8-40",1.199754884,6.66,83.03169824,60.89081277,7.784762944,187.388567,12.00379093
"2021","July",14,"SP",9,"A",20,"SP9-20",0.316720648,6.5,19.47578746,22.32075358,31.78856519,200.8562482,12.86650568
"2021","July",14,"SP",9,"A",40,"SP9-40",0.513220159,6.83,33.74396387,68.05917329,20.88228946,210.8372807,13.50587215
"2021","July",14,"SP",10,"E",20,"SP10-20",0.839098652,6.67,67.10812637,36.76446507,16.00969432,255.4747814,16.36526787
"2021","July",14,"SP",10,"E",40,"SP10-40",1.189078534,6.74,126.9381161,46.50059651,3.900389894,245.9198533,15.75319685
"2021","July",14,"SP",11,"A",20,"SP11-20",0.452851573,6.46,25.23123362,19.43201128,34.60402994,234.04189,14.9923165
"2021","July",14,"SP",11,"A",40,"SP11-40",1.049210704,6.69,72.94557354,70.51995377,5.70183718,144.0334217,9.226540534
"2021","July",14,"SP",13,"A",20,"SP13-20",0.267250554,6.27,10.73694479,26.23995552,26.58928571,168.4662426,10.79166184
"2021","July",14,"SP",13,"A",40,"SP13-40",0.414129344,6.37,18.63418525,13.54753623,34.08577043,201.9907137,12.93917744
"2021","July",14,"SP",14,"E",20,"SP14-20",0.613682103,6.44,58.17001586,0,18.1788116,159.7871622,10.235696
"2021","July",14,"SP",14,"E",40,"SP14-40",1.199754884,6.63,117.9590051,52.32288263,11.74601372,221.124646,14.16486174
"2022","July",13,"SC",1,"E",20,"SC1-20",1.727151724,6.77,286.3472316,44.71101925,19.08356207,518.8911255,33.23923155
"2022","July",13,"SC",1,"E",40,"SC1-40",1.882877083,6.92,283.3956526,90.86656762,19.13282595,533.6174838,34.18257482
"2022","July",13,"SC",1,"E",80,"SC1-80",2.420405276,6.82,374.0196388,205.0947221,0,446.4449196,28.59846163
"2022","July",13,"SC",2,"A",20,"SC2-20",1.185035357,6.8,86.94946301,37.95155285,23.30510605,359.6755007,23.04017318
"2022","July",13,"SC",2,"A",40,"SC2-40",1.596788247,6.74,47.18979056,93.73422004,19.97291329,309.2506601,19.81005117
"2022","July",13,"SC",2,"A",80,"SC2-80",1.242170486,6.77,88.83858721,142.6208659,23.09425452,383.1646178,24.54484256
"2022","July",13,"SC",4,"A",20,"SC4-20",2.036597154,6.64,63.49875595,25.86644625,27.68319713,283.9683977,18.19051622
"2022","July",13,"SC",4,"A",40,"SC4-40",1.130528228,6.74,45.41997948,34.74251324,27.57303182,309.447701,19.82267325
"2022","July",13,"SC",4,"A",80,"SC4-80",1.824688372,6.69,53.68667331,102.610287,19.98995633,331.8499097,21.2577173
"2022","July",13,"SC",6,"E",20,"SC6-20",1.535344176,6.8,276.2311846,59.66377827,6.35658141,261.1011142,16.72568034
"2022","July",13,"SC",6,"E",40,"SC6-40",1.796271883,6.89,257.6609518,125.961171,1.442601372,264.8964513,16.96880261
"2022","July",13,"SC",6,"E",80,"SC6-80",2.618009715,6.91,227.6366607,279.3805751,0.073533999,0.006107193,0.000417216
"2022","July",13,"SC",8,"A",20,"SC8-20",1.499618527,6.76,73.9613791,29.34859561,29.04453213,268.6193061,17.2072818
"2022","July",13,"SC",8,"A",40,"SC8-40",2.020676619,6.89,50.73509431,94.69010418,12.75507174,286.6033032,18.35930339
"2022","July",13,"SC",8,"A",80,"SC8-80",2.364085297,6.78,139.0892907,232.4739749,11.40466625,256.219024,16.41294267
"2022","July",13,"SC",9,"E",20,"SC9-20",1.47626446,6.79,190.7177765,31.53347364,3.524482221,194.8041326,12.47881835
"2022","July",13,"SC",9,"E",40,"SC9-40",1.782230024,6.8,268.5979866,101.7226803,1.32492826,218.0636728,13.96878146
"2022","July",13,"SC",9,"E",80,"SC9-80",2.787647039,6.84,246.9426577,202.6367343,1.110308796,221.3085924,14.17664501
"2022","July",13,"SC",10,"E",20,"SC10-20",0.852279464,6.68,54.85423728,18.35592802,24.20357143,194.4003047,12.45294988
"2022","July",13,"SC",10,"E",40,"SC10-40",1.584305797,6.76,100.4091178,41.43370221,8.531294448,215.2856615,13.7908272
"2022","July",13,"SC",10,"E",80,"SC10-80",1.868158212,6.8,87.25342736,144.6691891,21.72127261,231.9390127,14.85761007
"2022","July",13,"SC",12,"A",20,"SC12-20",0.43397711,6.42,9.728700458,14.46411403,49.81852464,211.2611735,13.53302594
"2022","July",13,"SC",12,"A",40,"SC12-40",0.929123626,6.59,15.63578953,10.29919029,25.68328135,169.9028914,10.8836909
"2022","July",13,"SC",12,"A",80,"SC12-80",1.740759631,6.64,45.50236234,83.3560494,20.84699002,209.0250381,13.38978324
"2022","July",13,"SC",14,"E",20,"SC14-20",1.157460981,6.6,42.11898352,16.85382438,23.08351528,194.0474245,12.43034503
"2022","July",13,"SC",14,"E",40,"SC14-40",1.397352417,6.68,35.73005073,43.27719305,25.92696507,206.5730973,13.23271645
"2022","July",13,"SC",14,"E",80,"SC14-80",1.853554402,6.7,62.45618666,89.36446398,19.78952589,213.134914,13.65305429
"2022","July",13,"SC",15,"A",20,"SC15-20",0.79415848,6.49,14.74125722,7.322389418,28.09925452,182.7152468,11.70442669
"2022","July",13,"SC",15,"A",40,"SC15-40",1.194372031,6.58,16.64412328,23.727494,27.67650343,199.7684626,12.79682414
"2022","July",13,"SC",15,"A",80,"SC15-80",1.499618527,6.56,53.43100236,92.92057955,23.87110418,209.2936192,13.40698805
"2022","July",13,"SP",1,"E",20,"SP1-20",1.312319011,6.51,30.95184488,4.770484261,14.43019027,141.4455543,9.060766534
"2022","July",13,"SP",1,"E",40,"SP1-40",1.989207938,6.69,41.56218902,65.79747331,10.06051778,170.3625078,10.91313308
"2022","July",13,"SP",2,"A",20,"SP2-20",0.769615689,6.51,72.19156802,10.53049876,25.30423269,162.071165,10.382005
"2022","July",13,"SP",2,"A",40,"SP2-40",2.020676619,6.83,228.8042247,154.5308612,7.089638178,172.8518082,11.07259306
"2022","July",13,"SP",4,"E",20,"SP4-20",0.872583453,6.51,32.25576669,7.249477842,19.13334997,147.8300846,9.469747736
"2022","July",13,"SP",4,"E",40,"SP4-40",1.912663641,6.74,82.39567944,75.05724345,10.49060823,167.6991678,10.74252445
"2022","July",13,"SP",5,"A",20,"SP5-20",2.51726926,6.83,144.7367777,146.3647647,3.597676232,132.7589478,8.504318593
"2022","July",13,"SP",5,"A",40,"SP5-40",2.765855379,6.91,134.3167664,172.612932,4.833315658,164.4036389,10.53141896
"2022","July",13,"SP",8,"E",20,"SP8-20",1.535344176,6.6,51.72368862,47.6424909,15.3783063,142.8729958,9.152205794
"2022","July",13,"SP",8,"E",40,"SP8-40",2.557091714,6.76,101.4175976,138.6361377,6.393112913,136.6764993,8.755269693
"2022","July",13,"SP",9,"A",20,"SP9-20",0.589374251,6.58,25.47480512,10.60341033,27.12513724,171.6010635,10.99247266
"2022","July",13,"SP",9,"A",40,"SP9-40",1.584305797,6.76,104.0368044,102.6178191,14.24848409,154.7786403,9.91485936
"2022","July",13,"SP",10,"E",20,"SP10-20",2.2731158,6.74,153.4523161,101.1595876,5.556216469,149.8527278,9.599314514
"2022","July",13,"SP",10,"E",40,"SP10-40",3.235905229,6.88,169.835142,200.3922425,1.16952277,161.5685416,10.34980787
"2022","July",13,"SP",11,"A",20,"SP11-20",0.914654069,6.58,32.51996,13.88443125,17.93388334,152.2072807,9.750142817
"2022","July",13,"SP",11,"A",40,"SP11-40",2.401484427,6.85,39.80374109,138.4903145,6.622071117,157.2018561,10.07008608
"2022","July",13,"SP",13,"A",20,"SP13-20",0.440842499,6.35,9.368770299,11.55126082,22.29718653,146.0875684,9.35812537
"2022","July",13,"SP",13,"A",40,"SP13-40",1.121690636,6.5,24.09702282,33.06017572,23.40904242,175.5629986,11.2462669
"2022","July",13,"SP",14,"E",20,"SP14-20",1.810424375,6.6,100.7841018,29.99788953,8.522451653,149.6963216,9.589295422
"2022","July",13,"SP",14,"E",40,"SP14-40",2.701497183,6.77,116.1669702,153.5830107,5.743693075,177.5451678,11.37324099
"2023","July",10,"SC",1,"E",20,"SC1-20",1.433617795,6.71,183.9817076,25.28255447,6.893605739,143.9182172,9.219160746
"2023","July",10,"SC",1,"E",40,"SC1-40",1.584996421,6.76,174.8845567,64.12062753,6.31426388,138.9536615,8.901140491
"2023","July",10,"SC",1,"E",80,"SC1-80",1.807328116,6.73,264.8923055,204.9560397,0.913923893,131.0582285,8.395373659
"2023","July",10,"SC",2,"A",20,"SC2-20",1.501599474,6.72,64.10348363,28.37712734,10.01013412,153.4347024,9.828769181
"2023","July",10,"SC",2,"A",40,"SC2-40",1.647386703,6.68,46.59015619,42.03259604,10.0604242,141.7682877,9.081440241
"2023","July",10,"SC",2,"A",80,"SC2-80",1.87847005,6.46,107.9879038,132.0286601,6.63834685,137.7898872,8.826591261
"2023","July",10,"SC",4,"A",20,"SC4-20",0.966957144,6.47,52.67167009,12.23210821,14.47721772,145.8585247,9.343453253
"2023","July",10,"SC",4,"A",40,"SC4-40",0.966957144,6.44,35.62716538,10.45523588,14.81155646,140.4485162,8.996898119
"2023","July",10,"SC",4,"A",80,"SC4-80",1.501599474,6.6,46.35263591,91.19585343,5.83503743,128.8769027,8.255641963
"2023","July",10,"SC",6,"E",20,"SC6-20",1.685993587,6.54,177.1610207,23.7480459,8.457333125,154.8430889,9.918987813
"2023","July",10,"SC",6,"E",40,"SC6-40",1.765942842,6.64,176.9790876,82.82643162,5.75768247,143.3192807,9.18079398
"2023","July",10,"SC",6,"E",80,"SC6-80",2.260930292,6.69,291.4985557,266.3353844,0,141.8669083,9.087757693
"2023","July",10,"SC",8,"A",20,"SC8-20",1.444730486,6.83,44.86496311,12.67193303,10.49070181,146.091969,9.358407262
"2023","July",10,"SC",8,"A",40,"SC8-40",1.712232856,6.97,18.37862757,56.9133544,7.785851528,148.9320451,9.540337287
"2023","July",10,"SC",8,"A",80,"SC8-80",2.243539491,6.85,51.85017326,166.7251511,3.32154398,133.1540056,8.529625267
"2023","July",10,"SC",9,"E",20,"SC9-20",1.390015256,6.93,43.66131979,8.906258662,3.95761073,123.179165,7.89065543
"2023","July",10,"SC",9,"E",40,"SC9-40",1.411648188,6.98,58.54426563,60.49675703,3.261943231,112.5040056,7.206824469
"2023","July",10,"SC",9,"E",80,"SC9-80",1.982797915,7,46.74945643,176.9887466,0.937641921,116.6598251,7.473038576
"2023","July",10,"SC",10,"E",20,"SC10-20",0.667484878,6.35,29.41632107,8.626697711,17.85571429,155.848897,9.983418024
"2023","July",10,"SC",10,"E",40,"SC10-40",0.989618005,6.56,47.04753816,15.65602306,10.28981285,133.9621523,8.581393648
"2023","July",10,"SC",10,"E",80,"SC10-80",1.422590582,6.58,41.32603536,124.3692001,11.3044791,133.7789986,8.569661159
"2023","July",10,"SC",12,"A",20,"SC12-20",0.074483569,6.01,3.333031496,5.255169355,24.73659077,178.1392045,11.41129388
"2023","July",10,"SC",12,"A",40,"SC12-40",0.325514399,6.31,5.376667759,6.41443539,20.18083593,138.8002906,8.891315832
"2023","July",10,"SC",12,"A",80,"SC12-80",1.237991766,6.57,31.49804328,54.77304729,9.474507174,122.349859,7.837531618
"2023","July",10,"SC",14,"E",20,"SC14-20",0.93754778,6.43,24.54429523,9.650257775,15.92627885,143.7623188,9.209174179
"2023","July",10,"SC",14,"E",40,"SC14-40",0.966957144,6.41,25.72717108,16.47280891,16.66586712,143.0343583,9.162542376
"2023","July",10,"SC",14,"E",80,"SC14-80",1.560706998,6.49,77.3883284,76.78380176,10.12097629,138.5017348,8.872190906
"2023","July",10,"SC",15,"A",20,"SC15-20",0.217866568,5.95,4.190011386,7.81085426,27.94782907,172.0852694,11.02349
"2023","July",10,"SC",15,"A",40,"SC15-40",0.617883917,6.38,10.73100244,16.20028826,20.0301622,147.3369873,9.438160833
"2023","July",10,"SC",15,"A",80,"SC15-80",1.247588061,6.43,44.4553339,80.40312656,11.55324392,135.6731791,8.690998859
"2023","July",10,"SP",1,"E",20,"SP1-20",0.77895167,6.31,12.21051992,3.927268696,15.46724891,132.4429337,8.484075314
"2023","July",10,"SP",1,"E",40,"SP1-40",1.306748272,6.58,11.02386355,30.30705693,10.47751716,127.8098872,8.187290924
"2023","July",10,"SP",2,"A",20,"SP2-20",0.436517298,6.3,44.80850541,4.691778923,18.54080162,152.5651509,9.773067322
"2023","July",10,"SP",2,"A",40,"SP2-40",1.286722888,6.68,63.08090289,27.37618493,6.761384903,132.0289027,8.457553252
"2023","July",10,"SP",4,"E",20,"SP4-20",0.41354929,6.17,12.9737996,5.057708299,19.53251092,147.506457,9.449016747
"2023","July",10,"SP",4,"E",40,"SP4-40",1.267004386,6.58,64.16068747,71.61860414,8.05694947,134.1923865,8.596142021
"2023","July",10,"SP",5,"A",20,"SP5-20",1.524969001,6.65,80.77380064,108.9633017,10.06710543,138.1448858,8.849331813
"2023","July",10,"SP",5,"A",40,"SP5-40",1.712232856,6.67,100.0124455,121.2479073,10.42595758,146.8040367,9.404021002
"2023","July",10,"SP",8,"E",20,"SP8-20",0.86787838,6.37,32.21595142,14.17949997,15.18857455,146.1163808,9.35997104
"2023","July",10,"SP",8,"E",40,"SP8-40",1.536789801,6.58,69.40988556,88.02843838,9.838771054,137.7057772,8.821203329
"2023","July",10,"SP",9,"A",20,"SP9-20",0.229966604,6.08,16.99242681,7.694994179,22.68099813,171.0237659,10.95549205
"2023","July",10,"SP",9,"A",40,"SP9-40",0.93754778,6.65,63.62533418,63.53916514,14.38863381,152.5696333,9.773354455
"2023","July",10,"SP",10,"E",20,"SP10-20",0.888217308,6.4,61.94615288,11.02245136,17.13305677,148.912488,9.539084494
"2023","July",10,"SP",10,"E",40,"SP10-40",1.998167577,6.76,104.1419407,121.418205,5.021331878,137.5096107,8.80863727
"2023","July",10,"SP",11,"A",20,"SP11-20",0.359886128,6.07,18.96767341,6.543433671,20.82131004,159.1270719,10.19341184
"2023","July",10,"SP",11,"A",40,"SP11-40",0.966957144,6.3,33.84402233,52.70375298,21.64718341,151.3411227,9.69465834
"2023","July",10,"SP",13,"A",20,"SP13-20",0.313186428,6.01,4.850642662,5.609401852,20.07982845,151.6150212,9.712203768
"2023","July",10,"SP",13,"A",40,"SP13-40",0.546074159,6.18,14.28752011,12.07550308,21.86855583,160.2998195,10.26853588
"2023","July",10,"SP",14,"E",20,"SP14-20",1.01280993,6.44,59.10610678,15.512667,15.09049906,150.9103103,9.667061294
"2023","July",10,"SP",14,"E",40,"SP14-40",1.821337624,-99,88.89127367,102.0506126,6.720140362,151.2066488,9.68604419
"2024","July",11,"SC",1,"E",20,"SC1-20",2.889286479,6.53,129.2690937,15.46923972,10.87524641,132.8856164,8.512432746
"2024","July",11,"SC",1,"E",40,"SC1-40",3.819423845,6.71,138.7917417,138.3502895,8.289872115,156.895653,10.05047128
"2024","July",11,"SC",1,"E",80,"SC1-80",3.960804725,6.77,195.4488873,181.7292439,1.283524641,128.3535233,8.222115247
"2024","July",11,"SC",2,"A",20,"SC2-20",2.609501159,6.71,36.94411981,32.0005426,14.42982533,150.1030691,9.615350917
"2024","July",11,"SC",2,"A",40,"SC2-40",3.561217712,6.77,23.19510166,97.16221523,13.04662196,164.5059238,10.53797115
"2024","July",11,"SC",2,"A",80,"SC2-80",3.822400285,6.7,49.96942579,144.5838777,6.530527137,143.8167532,9.212661147
"2024","July",11,"SC",4,"A",20,"SC4-20",1.505242078,6.3,39.99859976,4.286020262,11.54752651,105.8711932,6.781938777
"2024","July",11,"SC",4,"A",40,"SC4-40",2.238934433,6.47,36.24824854,14.18057073,15.22070181,125.9218223,8.06634498
"2024","July",11,"SC",4,"A",80,"SC4-80",4.169155495,6.59,52.1062151,101.4083974,8.1644136,139.4655035,8.933928145
"2024","July",11,"SC",6,"E",20,"SC6-20",3.16460714,6.74,152.4135088,44.91015014,4.074915783,150.572835,9.645443249
"2024","July",11,"SC",6,"E",40,"SC6-40",3.657207889,6.72,105.8237245,104.0247881,10.2763849,174.1625557,11.15655712
"2024","July",11,"SC",6,"E",80,"SC6-80",3.683995845,6.7,269.0572089,212.3358821,0.714132876,146.7818928,9.402602507
"2024","July",11,"SC",8,"A",20,"SC8-20",2.517231533,6.52,52.79058687,26.99094005,16.05384591,148.2654245,9.497634805
"2024","July",11,"SC",8,"A",40,"SC8-40",3.079034502,6.64,50.13072146,82.86312979,13.55018715,184.2153822,11.80052259
"2024","July",11,"SC",8,"A",80,"SC8-80",3.92211101,6.7,101.8506461,255.0354473,5.455583281,150.6864006,9.65271805
"2024","July",11,"SC",9,"E",20,"SC9-20",4.014837653,6.79,124.5653428,52.97300578,1.573215845,138.4876417,8.871288128
"2024","July",11,"SC",9,"E",40,"SC9-40",3.54921249,6.71,117.5309755,78.84983615,2.54441048,135.4185162,8.674685625
"2024","July",11,"SC",9,"E",80,"SC9-80",4.280492136,6.74,164.1472389,151.1794356,0.705583281,123.2018307,7.892107354
"2024","July",11,"SC",10,"E",20,"SC10-20",1.615919295,6.31,61.08596551,6.497676112,13.17996569,128.6380846,8.240343721
"2024","July",11,"SC",10,"E",40,"SC10-40",2.741301743,6.46,47.97108445,11.02365297,15.36393325,150.509103,9.641360694
"2024","July",11,"SC",10,"E",80,"SC10-80",2.955139005,6.54,47.08804363,74.44073194,14.31964754,158.9259549,10.18052866
"2024","July",11,"SC",12,"A",20,"SC12-20",0.963460209,6.17,10.85634996,7.754503202,17.72112601,140.3847221,8.992811589
"2024","July",11,"SC",12,"A",40,"SC12-40",1.453899253,6.18,7.10477098,7.592866271,22.71691516,157.6758307,10.10044802
"2024","July",11,"SC",12,"A",80,"SC12-80",3.049922723,6.47,27.1975341,31.57588868,14.60759201,145.4691086,9.318507979
"2024","July",11,"SC",14,"E",20,"SC14-20",3.227361867,6.54,36.79311318,18.03087094,12.40791641,156.3863639,10.01784716
"2024","July",11,"SC",14,"E",40,"SC14-40",3.59300169,6.57,24.30026447,23.54094826,18.9434685,177.2292891,11.35300639
"2024","July",11,"SC",14,"E",80,"SC14-80",3.105481926,6.59,29.4110372,56.62133122,13.2400156,152.1673343,9.747583924
"2024","July",11,"SC",15,"A",20,"SC15-20",2.25159252,6.28,52.07292707,21.05349583,14.21475359,144.8634866,9.279712954
"2024","July",11,"SC",15,"A",40,"SC15-40",1.944338297,6.31,18.56701884,35.62923458,22.929398,178.8393032,11.45614091
"2024","July",11,"SC",15,"A",80,"SC15-80",2.417261661,6.44,38.07893923,55.38242413,15.01890206,148.7817461,9.53070941
"2024","July",11,"SP",1,"E",20,"SP1-20",1.989374348,6.26,14.93793919,4.561031506,14.07501871,124.3301072,7.964382656
"2024","July",11,"SP",1,"E",40,"SP1-40",2.641864573,6.48,13.24715321,24.84218267,14.38946039,151.0548209,9.676318374
"2024","July",11,"SP",2,"A",20,"SP2-20",2.018964021,6.33,32.21192284,6.943534166,13.04459451,126.9401241,8.131575512
"2024","July",11,"SP",2,"A",40,"SP2-40",3.701023125,6.6,63.25165489,47.99588768,6.87125078,144.1840903,9.236192082
"2024","July",11,"SP",4,"E",20,"SP4-20",1.562979573,6.17,12.49990728,4.775785874,14.99192452,127.4897123,8.166781112
"2024","July",11,"SP",4,"E",40,"SP4-40",3.025012903,6.37,44.58009272,20.46320689,15.23058952,148.0145867,9.4815666
"2024","July",11,"SP",5,"A",20,"SP5-20",4.311025615,6.65,159.1404157,102.4892373,5.513262633,133.540866,8.554406826
"2024","July",11,"SP",5,"A",40,"SP5-40",4.785977802,6.62,146.1730611,97.19348597,9.068842795,151.6405529,9.713839283
"2024","July",11,"SP",8,"E",20,"SP8-20",3.068259349,6.49,43.4027554,22.90596643,9.829909545,124.8503752,7.997710061
"2024","July",11,"SP",8,"E",40,"SP8-40",3.730612798,6.66,54.49478302,63.35460887,5.485380536,143.4196728,9.187224912
"2024","July",11,"SP",9,"A",20,"SP9-20",0.637353904,6.2,10.83863921,6.619046599,20.53791953,145.5447137,9.323351101
"2024","July",11,"SP",9,"A",40,"SP9-40",1.700306004,6.64,44.70219929,39.62853492,15.07146912,133.2278702,8.534356896
"2024","July",11,"SP",10,"E",20,"SP10-20",3.770824405,6.46,103.0198127,39.95237993,7.259937617,128.4328237,8.227195085
"2024","July",11,"SP",10,"E",40,"SP10-40",4.153972735,6.6,191.723956,114.5201225,3.786241422,147.2658505,9.433603941
"2024","July",11,"SP",11,"A",20,"SP11-20",2.337622038,6.33,33.35582081,3.722147258,11.5578665,124.765433,7.992268822
"2024","July",11,"SP",11,"A",40,"SP11-40",3.804207626,6.65,75.1200503,40.67546246,13.04919526,151.6461439,9.714197431
"2024","July",11,"SP",13,"A",20,"SP13-20",1.418824756,6.25,14.65441965,11.08091128,17.44170618,147.7114443,9.462147855
"2024","July",11,"SP",13,"A",40,"SP13-40",0.208578532,6.32,20.20585329,19.28798361,21.43341859,167.6995035,10.74254595
"2024","July",11,"SP",14,"E",20,"SP14-20",3.844723582,6.6,108.9930482,42.36244083,5.908789769,143.8242623,9.213142171
"2024","July",11,"SP",14,"E",40,"SP14-40",5.14207095,6.63,120.0744841,89.00162065,7.200798503,164.7711255,10.55495947
"2025","July",8,"SC",1,"E",20,"SC1-20",3.023036644,6.58,120.7193557,51.85082853,12.22708047,156.2233145,10.00740252
"2025","July",8,"SC",1,"E",40,"SC1-40",2.976997995,6.64,141.09374,107.2396068,8.821447286,165.4420903,10.59794023
"2025","July",8,"SC",1,"E",80,"SC1-80",4.441864119,6.65,144.349403,168.7644484,0.991182158,153.5671114,9.837251059
"2025","July",8,"SC",2,"A",20,"SC2-20",2.608688798,6.67,36.75333032,48.7969329,17.47789145,168.6846319,10.80565145
"2025","July",8,"SC",2,"A",40,"SC2-40",3.211376575,6.71,18.31305627,130.6719641,14.02652215,171.4467334,10.98258657
"2025","July",8,"SC",2,"A",80,"SC2-80",3.115113944,6.69,39.38808024,149.5164457,8.357401747,156.3380621,10.01475303
"2025","July",8,"SC",4,"A",20,"SC4-20",1.616765165,6.48,40.67702152,34.34213626,14.32713662,150.824268,9.661549582
"2025","July",8,"SC",4,"A",40,"SC4-40",3.265785888,6.48,38.4969189,67.06776043,12.77570181,156.6228011,10.03299289
"2025","July",8,"SC",4,"A",80,"SC4-80",3.558759113,6.59,44.56846296,128.7350339,10.43689021,152.8390748,9.790614376
"2025","July",8,"SC",6,"E",20,"SC6-20",2.776102069,6.62,116.811283,57.79591196,8.443487211,156.4424852,10.02144218
"2025","July",8,"SC",6,"E",40,"SC6-40",3.918697646,6.72,102.2360966,138.5129974,4.638228322,163.4515346,10.47042892
"2025","July",8,"SC",6,"E",80,"SC6-80",4.245153525,6.72,179.9315241,271.0649189,0.746893325,150.7012073,9.653666545
"2025","July",8,"SC",8,"A",20,"SC8-20",2.805399392,6.65,36.16367213,49.54329,12.61304117,161.8156333,10.36563611
"2025","July",8,"SC",8,"A",40,"SC8-40",2.868179368,6.74,17.66098079,107.065333,9.858537118,161.6296361,10.35372147
"2025","July",8,"SC",8,"A",80,"SC8-80",3.588056435,6.69,61.9746179,222.6371665,3.284304429,143.4902341,9.191744942
"2025","July",8,"SC",9,"E",20,"SC9-20",2.964441999,6.71,102.6175637,70.18091342,4.648605739,144.7425867,9.271968333
"2025","July",8,"SC",9,"E",40,"SC9-40",3.901956319,6.72,151.3198788,142.8698409,2.10330942,140.8478195,9.022476746
"2025","July",8,"SC",9,"E",80,"SC9-80",4.060998926,6.7,177.5273552,186.3263295,0.726110418,126.6212214,8.111147196
"2025","July",8,"SC",10,"E",20,"SC10-20",1.001521393,6.54,32.74179042,10.96553792,15.41576419,140.9932384,9.031792012
"2025","July",8,"SC",10,"E",40,"SC10-40",2.202711615,6.56,35.86987664,38.06121356,13.10520898,152.2384598,9.752140094
"2025","July",8,"SC",10,"E",80,"SC10-80",1.997630358,6.6,42.52063874,93.35753604,13.43309732,153.1796953,9.812433901
"2025","July",8,"SC",12,"A",20,"SC12-20",1.281938623,6.4,8.163106687,7.556954886,15.80663755,134.1076897,8.590716503
"2025","July",8,"SC",12,"A",40,"SC12-40",1.976222304,6.49,7.291248313,16.28163665,18.8672801,156.2054866,10.00626049
"2025","July",8,"SC",12,"A",80,"SC12-80",2.358926916,6.5,15.05929087,48.51956564,14.80421397,150.6036079,9.647414505
"2025","July",8,"SC",14,"E",20,"SC14-20",2.479781004,6.5,18.16732778,25.7335418,15.51988147,156.8442172,10.04717639
"2025","July",8,"SC",14,"E",40,"SC14-40",2.987368174,6.53,25.11779649,56.86492893,17.81424517,165.0443131,10.57245937
"2025","July",8,"SC",14,"E",80,"SC14-80",2.62480591,6.54,33.34956937,76.47711452,14.69264192,161.8620536,10.36860971
"2025","July",8,"SC",15,"A",20,"SC15-20",1.645887796,6.48,10.58058628,12.75104057,18.8802277,161.6386939,10.3543017
"2025","July",8,"SC",15,"A",40,"SC15-40",2.286414463,6.45,15.03257839,43.46784039,19.1836806,165.8988801,10.62720135
"2025","July",8,"SC",15,"A",80,"SC15-80",2.914855721,6.45,21.77470296,78.1194714,15.64240799,158.4622454,10.15082429
"2025","July",8,"SP",1,"E",20,"SP1-20",2.226831359,6.33,15.02673806,7.290939336,15.32371491,132.1257715,8.46375849
"2025","July",8,"SP",1,"E",40,"SP1-40",2.383895139,6.53,10.40184527,28.57910857,13.15371491,146.566299,9.388791967
"2025","July",8,"SP",2,"A",20,"SP2-20",1.284448678,6.34,9.565161114,8.200932411,18.05088896,137.7724203,8.825472366
"2025","July",8,"SP",2,"A",40,"SP2-40",1.96788837,6.55,23.38923219,48.92715629,12.21987523,135.7212976,8.69408124
"2025","July",8,"SP",4,"E",20,"SP4-20",1.288693645,6.37,8.920920424,7.305789372,16.80057704,135.2174443,8.661805329
"2025","July",8,"SP",4,"E",40,"SP4-40",2.86782138,6.53,31.12752475,32.8719113,12.78663755,153.7678702,9.850111297
"2025","July",8,"SP",5,"A",20,"SP5-20",2.901781116,6.72,71.27692766,137.4502916,11.54987835,146.6812299,9.396154227
"2025","July",8,"SP",5,"A",40,"SP5-40",4.46817395,6.82,76.54220451,121.8621802,9.638727386,153.192567,9.813258436
"2025","July",8,"SP",8,"E",20,"SP8-20",2.935144677,6.48,32.67196342,53.80682102,14.78709919,147.4779041,9.447187702
"2025","July",8,"SP",8,"E",40,"SP8-40",4.102852244,6.69,54.33302405,113.1694832,6.6404398,145.9745867,9.350887974
"2025","July",8,"SP",9,"A",20,"SP9-20",1.219158646,6.5,15.69692771,8.667280659,11.39087024,102.9670099,6.595902164
"2025","July",8,"SP",9,"A",40,"SP9-40",2.838882046,6.75,35.70344057,52.80844167,9.816303805,130.3067955,8.347238251
"2025","July",8,"SP",10,"E",20,"SP10-20",2.424534199,6.57,39.19599318,73.84844396,12.01173425,143.5134584,9.193232645
"2025","July",8,"SP",10,"E",40,"SP10-40",3.629909753,6.75,79.92006636,170.3840305,4.21735184,148.2433117,9.496218298
"2025","July",8,"SP",11,"A",20,"SP11-20",3.947994968,6.41,19.04817848,21.90580222,14.11528072,123.879165,7.935496135
"2025","July",8,"SP",11,"A",40,"SP11-40",1.826031755,6.65,51.754093,113.2977789,8.689360574,150.3410804,9.630597479
"2025","July",8,"SP",13,"A",20,"SP13-20",1.432610567,6.37,0,14.22469247,17.59267623,151.7051142,9.717974964
"2025","July",8,"SP",13,"A",40,"SP13-40",1.901367727,6.31,0.379129209,24.56145987,19.52499064,166.631574,10.67413637
"2025","July",8,"SP",14,"E",20,"SP14-20",3.324380533,6.63,70.71320352,85.24206273,5.609840923,156.5394528,10.02765375
"2025","July",8,"SP",14,"E",40,"SP14-40",4.487902768,6.68,102.1633961,126.9563138,5.680127885,160.7853681,10.29963923
