Year,Chamber,Quadrat,InOut,CO2,Nitrogen,Treatment,SCAllometryCount,TotalHeight,GreenHeight,Width,SCAllometryMass,SCRestCount,SCRestMass,SPCount,SPMass,DICount,DIMass,AMCount,AMMass,Other1Species,Other1Count,Other1Mass,Other2Species,Other2Count,Other2Mass,Other3Species,Other3Count,Other3Mass,LitterMass
2011,1,1,1,0,0,1,0,0,0,0,0,0,0,4,0.512,6,1.225,1,0.144,none,0,0,none,0,0,none,0,0,7.639
2011,1,2,1,0,0,1,0,0,0,0,0,0,0,10,1.307,12,2.151,0,0,none,0,0,none,0,0,none,0,0,1.354
2011,1,3,1,0,0,1,0,0,0,0,0,0,0,21,2.496,8,1.317,0,0,none,0,0,none,0,0,none,0,0,2.194
2011,1,4,1,0,0,1,0,0,0,0,0,0,0,11,1.355,10,1.843,0,0,none,0,0,none,0,0,none,0,0,3.744
2011,1,5,1,0,0,1,0,0,0,0,0,0,0,9,1,11,3.82,0,0,none,0,0,none,0,0,none,0,0,0.97
2011,1,6,1,0,0,1,0,0,0,0,0,0,0,7,1.116,10,2.421,0,0,none,0,0,none,0,0,none,0,0,0.974
2011,1,7,1,0,0,1,0,0,0,0,0,0,0,1,0.108,13,3.015,0,0,none,0,0,none,0,0,none,0,0,0.256
2011,1,8,1,0,0,1,0,0,0,0,0,0,0,9,1.832,11,2.426,1,0.386,none,0,0,none,0,0,none,0,0,3.058
2011,1,9,1,0,0,1,0,0,0,0,0,0,0,10,0.693,12,1.435,0,0,none,0,0,none,0,0,none,0,0,0.16
2011,1,10,1,0,0,1,0,0,0,0,0,0,0,14,2.864,5,1.57,0,0,POHY,1,0.008,none,0,0,none,0,0,1.039
2011,1,11,0,0,0,1,0,0,0,0,0,0,0,32,5.7,0,0,0,0,none,0,0,none,0,0,none,0,0,2.468
2011,1,12,0,0,0,1,0,0,0,0,0,0,0,36,5.701,5,0.789,0,0,none,0,0,none,0,0,none,0,0,2.239
2011,1,13,0,0,0,1,0,0,0,0,0,0,0,19,2.538,5,0.626,0,0,none,0,0,none,0,0,none,0,0,0.453
2011,1,14,0,0,0,1,0,0,0,0,0,0,0,10,2.6,3,0.746,0,0,SOSE,15,2.92,none,0,0,none,0,0,1.278
2011,1,15,0,0,0,1,0,0,0,0,0,0,0,3,0.6,1,0.08,2,0.344,none,0,0,none,0,0,none,0,0,1.002
2011,1,16,0,0,0,1,0,0,0,0,0,0,0,4,0.758,7,1.059,2,0.376,none,0,0,none,0,0,none,0,0,0.848
2011,2,1,1,1,0,3,0,0,0,0,0,0,0,12,1.646,2,0.487,1,0.877,none,0,0,none,0,0,none,0,0,2.339
2011,2,2,1,1,0,3,0,0,0,0,0,0,0,0,0,3,0.833,1,0.553,none,0,0,none,0,0,none,0,0,1.697
2011,2,3,1,1,0,3,0,0,0,0,0,0,0,13,3.546,13,2.309,0,0,none,0,0,none,0,0,none,0,0,0.42
2011,2,4,1,1,0,3,0,0,0,0,0,0,0,17,3.434,7,1.271,1,0.366,none,0,0,none,0,0,none,0,0,0.709
2011,2,5,1,1,0,3,0,0,0,0,0,0,0,11,2.051,7,1.471,1,0.066,KOVI,1,0.038,none,0,0,none,0,0,0.108
2011,2,6,1,1,0,3,0,0,0,0,0,0,0,10,1.342,8,1.383,0,0,ATPA,1,1.137,none,0,0,none,0,0,0.848
2011,2,7,1,1,0,3,0,0,0,0,0,0,0,8,0.901,1,0.335,0,0,ATPA,1,0.247,none,0,0,none,0,0,0.643
2011,2,8,1,1,0,3,0,0,0,0,0,0,0,9,1.729,4,0.912,0,0,none,0,0,none,0,0,none,0,0,0.42
2011,2,9,1,1,0,3,0,0,0,0,0,0,0,2,0.169,5,1.106,0,0,none,0,0,none,0,0,none,0,0,6.09
2011,2,10,1,1,0,3,0,0,0,0,0,0,0,10,2.021,4,0.591,1,2.311,none,0,0,none,0,0,none,0,0,0.488
2011,2,11,0,1,0,3,0,0,0,0,0,0,0,52,6.508,8,0.593,0,0,none,0,0,none,0,0,none,0,0,1.604
2011,2,12,0,1,0,3,0,0,0,0,0,0,0,10,2.095,6,0.836,0,0,none,0,0,none,0,0,none,0,0,2.67
2011,2,13,0,1,0,3,0,0,0,0,0,0,0,9,2.181,11,1.715,0,0,none,0,0,none,0,0,none,0,0,4.899
2011,2,14,0,1,0,3,0,0,0,0,0,0,0,0,0,0,0,0,0,none,0,0,none,0,0,none,0,0,0
2011,2,15,0,1,0,3,0,0,0,0,0,0,0,0,0,0,0,0,0,none,0,0,none,0,0,none,0,0,0
2011,2,16,0,1,0,3,0,0,0,0,0,0,0,0,0,0,0,0,0,none,0,0,none,0,0,none,0,0,0
2011,3,1,1,0,1,2,0,0,0,0,0,0,0,8,2.025,10,1.758,1,12.683,none,0,0,none,0,0,none,0,0,0.082
2011,3,2,1,0,1,2,0,0,0,0,0,0,0,0,0,14,2.802,1,2.188,none,0,0,none,0,0,none,0,0,0.71
2011,3,3,1,0,1,2,0,0,0,0,0,0,0,0,0,10,3.128,0,0,none,0,0,none,0,0,none,0,0,1.89
2011,3,4,1,0,1,2,0,0,0,0,0,0,0,0,0,14,3.371,1,3.778,none,0,0,none,0,0,none,0,0,0.067
2011,3,5,1,0,1,2,0,0,0,0,0,0,0,0,0,0,0,1,1.095,none,0,0,none,0,0,none,0,0,4.964
2011,3,6,1,0,1,2,0,0,0,0,0,0,0,0,0,1,0.063,0,0,none,0,0,none,0,0,none,0,0,3.406
2011,3,7,1,0,1,2,0,0,0,0,0,0,0,12,2.482,11,3.356,0,0,none,0,0,none,0,0,none,0,0,0.719
2011,3,8,1,0,1,2,0,0,0,0,0,0,0,14,3.495,2,0.602,1,11.04,ATPA,1,2.305,none,0,0,none,0,0,0.244
2011,3,9,1,0,1,2,0,0,0,0,0,0,0,18,2.268,5,0.941,0,0,none,0,0,none,0,0,none,0,0,2.129
2011,3,10,1,0,1,2,0,0,0,0,0,0,0,8,1.421,1,0.4,0,0,none,0,0,none,0,0,none,0,0,1.242
2011,3,11,0,0,1,2,0,0,0,0,0,0,0,41,9.746,4,0.991,1,0.206,none,0,0,none,0,0,none,0,0,0.935
2011,3,12,0,0,1,2,0,0,0,0,0,0,0,58,7,2,0.167,0,0,none,0,0,none,0,0,none,0,0,0.318
2011,3,13,0,0,1,2,0,0,0,0,0,0,0,31,5.246,1,0.147,0,0,none,0,0,none,0,0,none,0,0,0.739
2011,3,14,0,0,1,2,0,0,0,0,0,0,0,0,0,2,0.157,1,0.045,none,0,0,none,0,0,none,0,0,0.227
2011,3,15,0,0,1,2,0,0,0,0,0,0,0,0,0,1,0.229,0,0,none,0,0,none,0,0,none,0,0,0
2011,3,16,0,0,1,2,0,0,0,0,0,0,0,0,0,0,0,0,0,none,0,0,none,0,0,none,0,0,0
2011,4,1,1,1,1,4,0,0,0,0,0,0,0,13,2.848,19,3.924,1,6.843,none,0,0,none,0,0,none,0,0,0.082
2011,4,2,1,1,1,4,0,0,0,0,0,0,0,0,0,8,2.076,0,0,none,0,0,none,0,0,none,0,0,0.192
2011,4,3,1,1,1,4,0,0,0,0,0,0,0,7,1.381,14,3.523,0,0,none,0,0,none,0,0,none,0,0,2.071
2011,4,4,1,1,1,4,0,0,0,0,0,0,0,0,0,23,4.273,0,0,ATPA,31,4.56,none,0,0,none,0,0,0.147
2011,4,5,1,1,1,4,0,0,0,0,0,0,0,24,3.717,18,4.715,1,21.34,none,0,0,none,0,0,none,0,0,0.255
2011,4,6,1,1,1,4,0,0,0,0,0,0,0,23,4.9,21,5.356,0,0,none,0,0,none,0,0,none,0,0,3.64
2011,4,7,1,1,1,4,0,0,0,0,0,0,0,6,1.022,3,0.506,0,0,none,0,0,none,0,0,none,0,0,2.889
2011,4,8,1,1,1,4,0,0,0,0,0,0,0,11,1.452,9,2.533,0,0,none,0,0,none,0,0,none,0,0,1.04
2011,4,9,1,1,1,4,0,0,0,0,0,0,0,10,2.055,5,1.201,0,0,none,0,0,none,0,0,none,0,0,0.05
2011,4,10,1,1,1,4,0,0,0,0,0,0,0,0,0,0,0,0,0,none,0,0,none,0,0,none,0,0,10.633
2011,4,11,0,1,1,4,1,56,56,4.5,0.463,0,0,12,2.751,5,1.164,0,0,none,0,0,none,0,0,none,0,0,0.426
2011,4,12,0,1,1,4,0,0,0,0,0,0,0,17,3.613,2,0.235,0,0,none,0,0,none,0,0,none,0,0,2.597
2011,4,13,0,1,1,4,0,0,0,0,0,0,0,2,0.203,0,0,0,0,none,0,0,none,0,0,none,0,0,2.14
2011,4,14,0,1,1,4,0,0,0,0,0,0,0,3,0.332,5,0.963,0,0,none,0,0,none,0,0,none,0,0,0.03
2011,4,15,0,1,1,4,0,0,0,0,0,0,0,14,1.618,5,0.664,0,0,KOVI,1,4.527,none,0,0,none,0,0,0.493
2011,4,16,0,1,1,4,0,0,0,0,0,0,0,3,0.339,2,0.172,1,0.143,none,0,0,none,0,0,none,0,0,0.204
2011,5,1,1,1,0,3,1,53,53,5.3,0.422,0,0,12,1.425,0,0,0,0,none,0,0,none,0,0,none,0,0,2.801
2011,5,1,1,1,0,3,2,110,79,5.2,1.042,0,0,0,0,0,0,0,0,none,0,0,none,0,0,none,0,0,0
2011,5,1,1,1,0,3,3,55,25,3.5,0.144,0,0,0,0,0,0,0,0,none,0,0,none,0,0,none,0,0,0
2011,5,2,1,1,0,3,1,100,97,5.6,0.924,0,0,11,2.53,3,0.49,0,0,none,0,0,none,0,0,none,0,0,1.26
2011,5,2,1,1,0,3,2,100,82,4,0.658,0,0,0,0,0,0,0,0,none,0,0,none,0,0,none,0,0,0
2011,5,2,1,1,0,3,3,99,97,4.2,0.526,0,0,0,0,0,0,0,0,none,0,0,none,0,0,none,0,0,0
2011,5,3,1,1,0,3,1,95,90,4.1,0.568,0,0,20,3.447,2,0.273,0,0,none,0,0,none,0,0,none,0,0,1.506
2011,5,4,1,1,0,3,0,0,0,0,0,0,0,6,0.802,4,0.429,1,2.983,POHY,1,0.034,none,0,0,none,0,0,0.142
2011,5,5,1,1,0,3,0,0,0,0,0,0,0,9,1.463,5,1.177,0,0,none,0,0,none,0,0,none,0,0,0.106
2011,5,6,1,1,0,3,1,149,147,6,1.805,0,0,9,1.546,5,0.575,1,10.238,ATPA,1,0.345,none,0,0,none,0,0,0.053
2011,5,7,1,1,0,3,0,0,0,0,0,0,0,5,0.728,1,0.138,0,0,none,0,0,none,0,0,none,0,0,0.602
2011,5,8,1,1,0,3,1,76,76,5.5,0.858,0,0,21,4.509,7,0.599,0,0,POHY,1,0.037,none,0,0,none,0,0,0.081
2011,5,8,1,1,0,3,2,46,46,5.6,0.63,0,0,0,0,0,0,0,0,none,0,0,none,0,0,none,0,0,0
2011,5,9,1,1,0,3,1,93,92,4.8,0.814,0,0,20,3.95,2,0.309,0,0,none,0,0,none,0,0,none,0,0,0.275
2011,5,9,1,1,0,3,2,113,113,6.9,1.805,0,0,0,0,0,0,0,0,none,0,0,none,0,0,none,0,0,0
2011,5,9,1,1,0,3,3,134,132,4.5,1.308,0,0,0,0,0,0,0,0,none,0,0,none,0,0,none,0,0,0
2011,5,9,1,1,0,3,4,126,124,6,1.694,0,0,0,0,0,0,0,0,none,0,0,none,0,0,none,0,0,0
2011,5,9,1,1,0,3,5,62,60,2.7,0.22,0,0,0,0,0,0,0,0,none,0,0,none,0,0,none,0,0,0
2011,5,10,1,1,0,3,1,115,114,5.1,1.196,0,0,5,0.904,5,0.812,0,0,none,0,0,none,0,0,none,0,0,0.586
2011,5,10,1,1,0,3,2,51,51,4.4,0.395,0,0,0,0,0,0,0,0,none,0,0,none,0,0,none,0,0,0
2011,5,10,1,1,0,3,3,146,144,6.7,2.244,0,0,0,0,0,0,0,0,none,0,0,none,0,0,none,0,0,0
2011,5,11,0,1,0,3,1,146,145,5,1.847,0,0,7,0.763,3,0.636,0,0,none,0,0,none,0,0,none,0,0,1.249
2011,5,11,0,1,0,3,2,29,22,4.1,0.203,0,0,0,0,0,0,0,0,none,0,0,none,0,0,none,0,0,0
2011,5,12,0,1,0,3,1,90,85,4.2,0.848,0,0,2,0.574,2,0.71,0,0,none,0,0,none,0,0,none,0,0,2.337
2011,5,12,0,1,0,3,2,65,65,4.7,0.615,0,0,0,0,0,0,0,0,none,0,0,none,0,0,none,0,0,0
2011,5,13,0,1,0,3,0,0,0,0,0,0,0,0,0,6,1.043,0,0,none,0,0,none,0,0,none,0,0,0.409
2011,5,14,0,1,0,3,0,0,0,0,0,0,0,3,0.531,2,0.283,0,0,none,0,0,none,0,0,none,0,0,0
2011,5,15,0,1,0,3,0,0,0,0,0,0,0,0,0,0,0,0,0,none,0,0,none,0,0,none,0,0,0
2011,5,16,0,1,0,3,0,0,0,0,0,0,0,0,0,0,0,0,0,none,0,0,none,0,0,none,0,0,0
2011,6,1,1,0,1,2,0,0,0,0,0,0,0,1,0.126,1,0.615,1,3.075,none,0,0,none,0,0,none,0,0,0.501
2011,6,2,1,0,1,2,0,0,0,0,0,0,0,8,1.316,0,0,0,0,none,0,0,none,0,0,none,0,0,0.239
2011,6,3,1,0,1,2,0,0,0,0,0,0,0,4,0.654,0,0,0,0,none,0,0,none,0,0,none,0,0,0
2011,6,4,1,0,1,2,1,104,91,5.5,0.957,0,0,5,0.451,0,0,0,0,none,0,0,none,0,0,none,0,0,0.473
2011,6,4,1,0,1,2,2,170,168,6.6,2.65,0,0,0,0,0,0,0,0,none,0,0,none,0,0,none,0,0,0
2011,6,5,1,0,1,2,1,86,10,4.1,0.594,0,0,2,0.484,3,0.689,0,0,none,0,0,none,0,0,none,0,0,0.325
2011,6,6,1,0,1,2,1,69,55,5.3,0.919,0,0,5,0.934,1,0.256,0,0,none,0,0,none,0,0,none,0,0,2.237
2011,6,7,1,0,1,2,1,115,100,5.6,1.07,0,0,7,0.925,3,0.354,0,0,none,0,0,none,0,0,none,0,0,7.323
2011,6,7,1,0,1,2,2,103,102,4.4,0.721,0,0,0,0,0,0,0,0,none,0,0,none,0,0,none,0,0,0
2011,6,7,1,0,1,2,3,125,122,5.5,1.152,0,0,0,0,0,0,0,0,none,0,0,none,0,0,none,0,0,0
2011,6,8,1,0,1,2,0,0,0,0,0,0,0,13,3.025,2,0.809,0,0,none,0,0,none,0,0,none,0,0,1.349
2011,6,9,1,0,1,2,0,0,0,0,0,0,0,13,1.371,0,0,0,0,none,0,0,none,0,0,none,0,0,1.967
2011,6,10,1,0,1,2,0,0,0,0,0,0,0,23,6.202,2,0.643,0,0,none,0,0,none,0,0,none,0,0,0.809
2011,6,11,0,0,1,2,0,0,0,0,0,0,0,27,4.195,8,1.279,0,0,none,0,0,none,0,0,none,0,0,0.978
2011,6,12,0,0,1,2,1,68,68,5,0.419,0,0,10,1.072,3,0.334,0,0,none,0,0,none,0,0,none,0,0,0.462
2011,6,13,0,0,1,2,0,0,0,0,0,0,0,11,1.875,2,0.426,0,0,none,0,0,none,0,0,none,0,0,1.56
2011,6,14,0,0,1,2,0,0,0,0,0,0,0,3,0.254,0,0,0,0,none,0,0,none,0,0,none,0,0,4.734
2011,6,15,0,0,1,2,0,0,0,0,0,0,0,3,0.662,0,0,0,0,none,0,0,none,0,0,none,0,0,0.498
2011,6,16,0,0,1,2,0,0,0,0,0,0,0,0,0,0,0,0,0,none,0,0,none,0,0,none,0,0,0
2011,7,1,1,1,1,4,1,102,98,3.6,0.322,0,0,10,1.004,2,0.527,0,0,none,0,0,none,0,0,none,0,0,0.262
2011,7,1,1,1,1,4,2,125,25,3.6,0.639,0,0,0,0,0,0,0,0,none,0,0,none,0,0,none,0,0,0
2011,7,1,1,1,1,4,3,67,22,4.4,0.253,0,0,0,0,0,0,0,0,none,0,0,none,0,0,none,0,0,0
2011,7,2,1,1,1,4,0,0,0,0,0,0,0,19,2.268,1,0.042,0,0,none,0,0,none,0,0,none,0,0,0.126
2011,7,3,1,1,1,4,1,55,50,3,0.22,0,0,7,1.182,0,0,0,0,none,0,0,none,0,0,none,0,0,2.333
2011,7,3,1,1,1,4,2,101,100,3.7,0.469,0,0,0,0,0,0,0,0,none,0,0,none,0,0,none,0,0,0
2011,7,4,1,1,1,4,0,0,0,0,0,0,0,8,1.742,2,0.518,0,0,none,0,0,none,0,0,none,0,0,0.292
2011,7,5,1,1,1,4,1,140,139,3.9,1.202,0,0,7,1.318,2,0.218,0,0,none,0,0,none,0,0,none,0,0,0.284
2011,7,5,1,1,1,4,2,73,68,3.3,0.398,0,0,0,0,0,0,0,0,none,0,0,none,0,0,none,0,0,0
2011,7,5,1,1,1,4,3,145,143,5.5,1.455,0,0,0,0,0,0,0,0,none,0,0,none,0,0,none,0,0,0
2011,7,5,1,1,1,4,4,118,117,5.3,1.062,0,0,0,0,0,0,0,0,none,0,0,none,0,0,none,0,0,0
2011,7,6,1,1,1,4,1,29,29,5.5,0.184,0,0,0,0,0,0,0,0,none,0,0,none,0,0,none,0,0,0.549
2011,7,6,1,1,1,4,2,76,76,4,0.31,0,0,0,0,0,0,0,0,none,0,0,none,0,0,none,0,0,0
2011,7,6,1,1,1,4,3,65,64,5.3,0.482,0,0,0,0,0,0,0,0,none,0,0,none,0,0,none,0,0,0
2011,7,7,1,1,1,4,1,113,112,5,0.828,0,0,16,2.887,3,0.718,0,0,none,0,0,none,0,0,none,0,0,0.737
2011,7,7,1,1,1,4,2,113,25,5.6,1.165,0,0,0,0,0,0,0,0,none,0,0,none,0,0,none,0,0,0
2011,7,7,1,1,1,4,3,126,125,4.1,0.958,0,0,0,0,0,0,0,0,none,0,0,none,0,0,none,0,0,0
2011,7,7,1,1,1,4,4,80,78,4.1,0.477,0,0,0,0,0,0,0,0,none,0,0,none,0,0,none,0,0,0
2011,7,8,1,1,1,4,1,106,105,5.6,1.227,0,0,11,2.756,1,0.211,0,0,none,0,0,none,0,0,none,0,0,0.409
2011,7,9,1,1,1,4,1,99,98,6.7,1.356,0,0,32,6.25,8,2.109,0,0,none,0,0,none,0,0,none,0,0,0.063
2011,7,9,1,1,1,4,2,87,80,5.2,0.855,0,0,0,0,0,0,0,0,none,0,0,none,0,0,none,0,0,0
2011,7,9,1,1,1,4,3,130,126,6.2,1.907,0,0,0,0,0,0,0,0,none,0,0,none,0,0,none,0,0,0
2011,7,10,1,1,1,4,0,0,0,0,0,0,0,5,0.726,0,0,0,0,none,0,0,none,0,0,none,0,0,0.271
2011,7,11,0,1,1,4,0,0,0,0,0,0,0,14,1.993,13,3.662,0,0,none,0,0,none,0,0,none,0,0,2.652
2011,7,12,0,1,1,4,0,0,0,0,0,0,0,23,6.604,6,1.447,0,0,none,0,0,none,0,0,none,0,0,0.677
2011,7,13,0,1,1,4,0,0,0,0,0,0,0,44,10.434,1,0.37,0,0,none,0,0,none,0,0,none,0,0,0.097
2011,7,14,0,1,1,4,1,141,135,6.8,1.724,0,0,3,0.547,1,0.185,0,0,none,0,0,none,0,0,none,0,0,0.242
2011,7,14,0,1,1,4,2,156,153,5.5,1.885,0,0,0,0,0,0,0,0,none,0,0,none,0,0,none,0,0,0
2011,7,14,0,1,1,4,3,48,36,4.8,0.321,0,0,0,0,0,0,0,0,none,0,0,none,0,0,none,0,0,0
2011,7,15,0,1,1,4,0,0,0,0,0,0,0,0,0,1,0.025,0,0,none,0,0,none,0,0,none,0,0,0.067
2011,7,16,0,1,1,4,0,0,0,0,0,0,0,0,0,0,0,0,0,none,0,0,none,0,0,none,0,0,0
2011,8,1,1,0,0,1,1,106,106,4.6,1.271,0,0,8,1.93,4,0.819,0,0,none,0,0,none,0,0,none,0,0,0.948
2011,8,2,1,0,0,1,0,0,0,0,0,0,0,4,0.352,4,1.012,0,0,none,0,0,none,0,0,none,0,0,0.317
2011,8,3,1,0,0,1,1,42,42,5.2,0.363,0,0,17,3.643,7,1.931,0,0,none,0,0,none,0,0,none,0,0,0.465
2011,8,3,1,0,0,1,2,155,135,6.5,1.899,0,0,0,0,0,0,0,0,none,0,0,none,0,0,none,0,0,0
2011,8,4,1,0,0,1,0,0,0,0,0,0,0,23,4.695,2,0.379,0,0,none,0,0,none,0,0,none,0,0,0.048
2011,8,5,1,0,0,1,0,0,0,0,0,0,0,14,1.178,4,0.645,0,0,none,0,0,none,0,0,none,0,0,0.395
2011,8,6,1,0,0,1,1,153,148,5.5,1.682,0,0,21,4.144,12,1.68,0,0,none,0,0,none,0,0,none,0,0,1.295
2011,8,6,1,0,0,1,2,14,14,3.7,0.07,0,0,0,0,0,0,0,0,none,0,0,none,0,0,none,0,0,0
2011,8,7,1,0,0,1,0,0,0,0,0,0,0,21,1.39,4,1.025,0,0,none,0,0,none,0,0,none,0,0,1.633
2011,8,8,1,0,0,1,0,0,0,0,0,0,0,23,3.283,3,0.376,0,0,none,0,0,none,0,0,none,0,0,1.608
2011,8,9,1,0,0,1,0,0,0,0,0,0,0,19,2.033,8,1.099,0,0,none,0,0,none,0,0,none,0,0,0.091
2011,8,10,1,0,0,1,1,141,139,5.1,1.855,0,0,9,1.5,3,0.122,0,0,none,0,0,none,0,0,none,0,0,2.153
2011,8,11,0,0,0,1,0,0,0,0,0,0,0,9,2.102,10,1.134,0,0,none,0,0,none,0,0,none,0,0,0.183
2011,8,12,0,0,0,1,0,0,0,0,0,0,0,20,3.134,4,0.461,0,0,none,0,0,none,0,0,none,0,0,0.689
2011,8,13,0,0,0,1,0,0,0,0,0,0,0,20,2.402,6,0.355,0,0,none,0,0,none,0,0,none,0,0,0.818
2011,8,14,0,0,0,1,0,0,0,0,0,0,0,10,1.707,3,0.156,0,0,none,0,0,none,0,0,none,0,0,0.827
2011,8,15,0,0,0,1,0,0,0,0,0,0,0,4,0.675,0,0,0,0,none,0,0,none,0,0,none,0,0,0.167
2011,8,16,0,0,0,1,0,0,0,0,0,0,0,4,0.494,3,0.401,0,0,POHY,1,0.014,none,0,0,none,0,0,1.245
2011,9,1,1,1,1,4,1,169,167,7.3,2.82,0,0,24,3.485,4,1.004,0,0,none,0,0,none,0,0,none,0,0,0.454
2011,9,1,1,1,1,4,2,93,10,4.8,0.688,0,0,0,0,0,0,0,0,none,0,0,none,0,0,none,0,0,0
2011,9,2,1,1,1,4,0,0,0,0,0,0,0,6,1.013,3,0.417,0,0,none,0,0,none,0,0,none,0,0,1.389
2011,9,3,1,1,1,4,1,89,82,5.1,0.645,0,0,6,1.008,4,0.676,0,0,none,0,0,none,0,0,none,0,0,1.527
2011,9,3,1,1,1,4,2,83,34,5,0.415,0,0,0,0,0,0,0,0,none,0,0,none,0,0,none,0,0,0
2011,9,4,1,1,1,4,0,0,0,0,0,0,0,32,0.857,1,0.074,0,0,none,0,0,none,0,0,none,0,0,0.486
2011,9,5,1,1,1,4,0,0,0,0,0,0,0,15,3.412,2,0.433,0,0,none,0,0,none,0,0,none,0,0,1.076
2011,9,6,1,1,1,4,0,0,0,0,0,0,0,18,4.116,1,0.042,0,0,none,0,0,none,0,0,none,0,0,3.76
2011,9,7,1,1,1,4,0,0,0,0,0,0,0,9,1.862,0,0,0,0,none,0,0,none,0,0,none,0,0,4.979
2011,9,8,1,1,1,4,0,0,0,0,0,0,0,11,2.292,6,0.967,0,0,KOVI,1,0.285,none,0,0,none,0,0,0.811
2011,9,9,1,1,1,4,1,120,119,5.3,1.372,0,0,8,1.73,2,0.43,0,0,none,0,0,none,0,0,none,0,0,0.518
2011,9,9,1,1,1,4,2,128,127,5.9,1.673,0,0,0,0,0,0,0,0,none,0,0,none,0,0,none,0,0,0
2011,9,10,1,1,1,4,1,108,98,6.2,1.424,0,0,18,2.7,6,0.846,0,0,none,0,0,none,0,0,none,0,0,0.766
2011,9,10,1,1,1,4,2,124,107,5.8,1.514,0,0,0,0,0,0,0,0,none,0,0,none,0,0,none,0,0,0
2011,9,11,0,1,1,4,1,134,130,5.8,1.621,0,0,4,0.57,4,0.618,1,2.689,none,0,0,none,0,0,none,0,0,0.778
2011,9,11,0,1,1,4,2,64,64,6.4,0.59,0,0,0,0,0,0,0,0,none,0,0,none,0,0,none,0,0,0
2011,9,11,0,1,1,4,3,132,128,5.7,1.834,0,0,0,0,0,0,0,0,none,0,0,none,0,0,none,0,0,0
2011,9,11,0,1,1,4,4,90,90,5.1,0.82,0,0,0,0,0,0,0,0,none,0,0,none,0,0,none,0,0,0
2011,9,12,0,1,1,4,1,134,130,5.1,1.902,0,0,14,1.989,4,0.796,0,0,none,0,0,none,0,0,none,0,0,5.299
2011,9,12,0,1,1,4,2,124,121,5.4,1.585,0,0,0,0,0,0,0,0,none,0,0,none,0,0,none,0,0,0
2011,9,12,0,1,1,4,3,120,75,5.7,1.523,0,0,0,0,0,0,0,0,none,0,0,none,0,0,none,0,0,0
2011,9,13,0,1,1,4,1,154,145,5.5,2.045,0,0,8,2.659,3,0.334,0,0,KOVI,1,0.055,none,0,0,none,0,0,0.513
2011,9,13,0,1,1,4,2,125,121,5.7,1.739,0,0,0,0,0,0,0,0,none,0,0,none,0,0,none,0,0,0
2011,9,14,0,1,1,4,1,110,108,4.9,0.939,0,0,13,1.893,9,2.286,0,0,none,0,0,none,0,0,none,0,0,1.959
2011,9,14,0,1,1,4,2,86,71,4.5,0.653,0,0,0,0,0,0,0,0,none,0,0,none,0,0,none,0,0,0
2011,9,14,0,1,1,4,3,87,69,5.3,0.803,0,0,0,0,0,0,0,0,none,0,0,none,0,0,none,0,0,0
2011,9,15,0,1,1,4,1,110,82,4.6,0.831,0,0,3,0.454,0,0,0,0,none,0,0,none,0,0,none,0,0,11.191
2011,9,16,0,1,1,4,0,0,0,0,0,0,0,2,0.26,3,0.633,0,0,none,0,0,none,0,0,none,0,0,0.39
2011,10,1,1,1,0,3,0,0,0,0,0,0,0,5,0.734,1,0.134,0,0,none,0,0,none,0,0,none,0,0,0.682
2011,10,2,1,1,0,3,1,17,17,4,0.153,0,0,18,4.067,1,0.197,0,0,none,0,0,none,0,0,none,0,0,1.391
2011,10,3,1,1,0,3,0,0,0,0,0,0,0,11,1.603,2,0.185,0,0,none,0,0,none,0,0,none,0,0,0.539
2011,10,4,1,1,0,3,0,0,0,0,0,0,0,20,4.765,8,1.744,0,0,none,0,0,none,0,0,none,0,0,3.393
2011,10,5,1,1,0,3,0,0,0,0,0,0,0,41,4.506,4,0.501,0,0,none,0,0,none,0,0,none,0,0,0.273
2011,10,6,1,1,0,3,1,116,109,5,1.254,0,0,16,3.511,10,2.123,0,0,POHY,1,0.026,none,0,0,none,0,0,0.436
2011,10,6,1,1,0,3,2,108,106,5.5,1.067,0,0,0,0,0,0,0,0,none,0,0,none,0,0,none,0,0,0
2011,10,7,1,1,0,3,1,11,11,4.3,0.054,0,0,11,1.71,10,2.674,0,0,none,0,0,none,0,0,none,0,0,0.616
2011,10,8,1,1,0,3,0,0,0,0,0,0,0,32,6.666,8,1.92,0,0,none,0,0,none,0,0,none,0,0,0.922
2011,10,9,1,1,0,3,0,0,0,0,0,0,0,9,1.802,2,0.492,0,0,none,0,0,none,0,0,none,0,0,2.333
2011,10,10,1,1,0,3,0,0,0,0,0,0,0,40,8.366,7,0.758,0,0,none,0,0,none,0,0,none,0,0,0.32
2011,10,11,0,1,0,3,0,0,0,0,0,0,0,23,3.43,2,0.077,0,0,none,0,0,none,0,0,none,0,0,0.29
2011,10,12,0,1,0,3,1,52,52,5.3,0.462,0,0,29,4.136,1,0.079,0,0,POHY,1,0.015,none,0,0,none,0,0,1.108
2011,10,13,0,1,0,3,0,0,0,0,0,0,0,3,0.296,0,0,0,0,none,0,0,none,0,0,none,0,0,2.517
2011,10,14,0,1,0,3,1,115,43,6.3,1.378,0,0,0,0,10,1.884,0,0,none,0,0,none,0,0,none,0,0,0
2011,10,15,0,1,0,3,0,0,0,0,0,0,0,2,0.22,20,2.341,0,0,ATPA,1,0.436,POHY,1,0.315,none,0,0,1.148
2011,10,16,0,1,0,3,0,0,0,0,0,0,0,1,0.218,1,0.018,0,0,KOVI,1,1.408,none,0,0,none,0,0,0.273
2011,11,1,1,0,0,1,0,0,0,0,0,0,0,23,4.182,5,0.844,2,0.045,none,0,0,none,0,0,none,0,0,0.338
2011,11,2,1,0,0,1,1,48,15,4.6,0.263,0,0,12,2.449,1,0.183,0,0,none,0,0,none,0,0,none,0,0,1.026
2011,11,3,1,0,0,1,1,108,106,3.6,0.513,0,0,25,5.719,6,1.626,0,0,none,0,0,none,0,0,none,0,0,1.905
2011,11,4,1,0,0,1,1,94,90,4.4,0.659,0,0,38,7.631,4,0.945,0,0,ATPA,1,1.67,none,0,0,none,0,0,1.705
2011,11,4,1,0,0,1,2,102,100,6.1,1.34,0,0,0,0,0,0,0,0,none,0,0,none,0,0,none,0,0,0
2011,11,4,1,0,0,1,3,122,111,4.9,1.205,0,0,0,0,0,0,0,0,none,0,0,none,0,0,none,0,0,0
2011,11,4,1,0,0,1,4,67,62,3.9,0.326,0,0,0,0,0,0,0,0,none,0,0,none,0,0,none,0,0,0
2011,11,5,1,0,0,1,0,0,0,0,0,0,0,5,0.867,2,0.153,0,0,none,0,0,none,0,0,none,0,0,2.208
2011,11,6,1,0,0,1,1,185,184,4.6,1.504,0,0,3,0.793,1,0.084,0,0,none,0,0,none,0,0,none,0,0,6.621
2011,11,7,1,0,0,1,0,0,0,0,0,0,0,5,0.939,0,0,0,0,none,0,0,none,0,0,none,0,0,5.819
2011,11,8,1,0,0,1,0,0,0,0,0,0,0,14,1.71,3,0.216,0,0,none,0,0,none,0,0,none,0,0,2.05
2011,11,9,1,0,0,1,0,0,0,0,0,0,0,25,2.896,10,1.665,1,0.031,none,0,0,none,0,0,none,0,0,0.956
2011,11,10,1,0,0,1,1,99,98,4,0.664,0,0,13,2.935,5,1.082,0,0,KOVI,1,0.128,none,0,0,none,0,0,2.575
2011,11,10,1,0,0,1,2,70,56,3.4,0.409,0,0,0,0,0,0,0,0,none,0,0,none,0,0,none,0,0,0
2011,11,10,1,0,0,1,3,63,58,4,0.357,0,0,0,0,0,0,0,0,none,0,0,none,0,0,none,0,0,0
2011,11,11,0,0,0,1,1,69,51,4.7,0.496,0,0,1,0.279,0,0,0,0,none,0,0,none,0,0,none,0,0,1.271
2011,11,11,0,0,0,1,2,139,131,5.5,1.881,0,0,0,0,0,0,0,0,none,0,0,none,0,0,none,0,0,0
2011,11,11,0,0,0,1,3,124,121,5.5,1.605,0,0,0,0,0,0,0,0,none,0,0,none,0,0,none,0,0,0
2011,11,11,0,0,0,1,4,100,82,5.3,1.046,0,0,0,0,0,0,0,0,none,0,0,none,0,0,none,0,0,0
2011,11,11,0,0,0,1,5,26,26,5.3,0.49,0,0,0,0,0,0,0,0,none,0,0,none,0,0,none,0,0,0
2011,11,12,0,0,0,1,1,22,22,4.8,0.353,0,0,23,5.239,0,0,0,0,none,0,0,none,0,0,none,0,0,2.346
2011,11,13,0,0,0,1,0,0,0,0,0,0,0,34,8.692,0,0,0,0,none,0,0,none,0,0,none,0,0,1.76
2011,11,14,0,0,0,1,0,0,0,0,0,0,0,18,4.453,0,0,0,0,none,0,0,none,0,0,none,0,0,2.014
2011,11,15,0,0,0,1,0,0,0,0,0,0,0,1,0.227,3,0.62,0,0,none,0,0,none,0,0,none,0,0,1.345
2011,11,16,0,0,0,1,0,0,0,0,0,0,0,3,0.304,1,0.152,0,0,none,0,0,none,0,0,none,0,0,0.656
2011,12,1,1,0,1,2,1,109,20,5.1,1.182,0,0,13,2.883,14,2.677,0,0,none,0,0,none,0,0,none,0,0,1.829
2011,12,1,1,0,1,2,2,127,126,4.2,1.037,0,0,0,0,0,0,0,0,none,0,0,none,0,0,none,0,0,0
2011,12,1,1,0,1,2,3,87,68,5,0.772,0,0,0,0,0,0,0,0,none,0,0,none,0,0,none,0,0,0
2011,12,2,1,0,1,2,1,123,122,4.2,1.052,0,0,12,2.891,14,3.478,0,0,none,0,0,none,0,0,none,0,0,0.108
2011,12,3,1,0,1,2,1,101,94,4.4,0.847,0,0,1,0.047,12,4.268,0,0,KOVI,1,4.371,none,0,0,none,0,0,0
2011,12,3,1,0,1,2,2,77,32,3.7,0.487,0,0,0,0,0,0,0,0,none,0,0,none,0,0,none,0,0,0
2011,12,3,1,0,1,2,3,104,57,4.5,0.865,0,0,0,0,0,0,0,0,none,0,0,none,0,0,none,0,0,0
2011,12,4,1,0,1,2,0,0,0,0,0,0,0,5,2.142,15,3.769,0,0,none,0,0,none,0,0,none,0,0,1.787
2011,12,5,1,0,1,2,0,0,0,0,0,0,0,24,6.683,4,1.49,0,0,none,0,0,none,0,0,none,0,0,3.657
2011,12,6,1,0,1,2,1,-99,-99,-99,1.584,0,0,12,3.608,15,5.128,0,0,none,0,0,none,0,0,none,0,0,1.014
2011,12,7,1,0,1,2,0,0,0,0,0,0,0,16,3.253,7,1.531,0,0,none,0,0,none,0,0,none,0,0,4.08
2011,12,8,1,0,1,2,0,0,0,0,0,0,0,38,9.99,20,5.892,0,0,KOVI,1,0.038,none,0,0,none,0,0,0.191
2011,12,9,1,0,1,2,0,0,0,0,0,0,0,28,7.068,11,2.584,0,0,ATPA,1,0.646,none,0,0,none,0,0,0.255
2011,12,10,1,0,1,2,1,106,105,4.5,0.995,0,0,8,2.3,2,0.412,0,0,none,0,0,none,0,0,none,0,0,3.852
2011,12,10,1,0,1,2,2,91,86,3.4,0.53,0,0,0,0,0,0,0,0,none,0,0,none,0,0,none,0,0,0
2011,12,11,0,0,1,2,1,109,108,5.4,1.546,0,0,35,6.967,5,1.451,0,0,none,0,0,none,0,0,none,0,0,0.829
2011,12,12,0,0,1,2,1,21,21,4.1,0.128,0,0,27,6.773,4,0.894,0,0,none,0,0,none,0,0,none,0,0,5.408
2011,12,13,0,0,1,2,0,0,0,0,0,0,0,5,1.144,0,0,0,0,none,0,0,none,0,0,none,0,0,3.47
2011,12,14,0,0,1,2,0,0,0,0,0,0,0,1,0.225,15,2.873,0,0,none,0,0,none,0,0,none,0,0,0.853
2011,12,15,0,0,1,2,0,0,0,0,0,0,0,0,0,0,0,0,0,none,0,0,none,0,0,none,0,0,0
2011,12,16,0,0,1,2,0,0,0,0,0,0,0,0,0,1,0.08,0,0,none,0,0,none,0,0,none,0,0,0
2012,1,1,1,0,0,1,0,0,0,0,0,0,0,18,3.368,3,0.748,0,0,ATPA,0,0.098,POHE,1,0.023,none,0,0,5.064
2012,1,2,1,0,0,1,0,0,0,0,0,0,0,19,2.749,6,1.48,0,0,none,1,0,none,0,0,none,0,0,1.39
2012,1,3,1,0,0,1,0,0,0,0,0,0,0,38,7.306,3,0.486,0,0,none,0,0,none,0,0,none,0,0,7.633
2012,1,4,1,0,0,1,0,0,0,0,0,0,0,7,0.973,7,1.117,0,0,none,0,0,none,0,0,none,0,0,6.387
2012,1,5,1,0,0,1,0,0,0,0,0,0,0,13,2.04,3,0.972,0,0,none,0,0,none,0,0,none,0,0,1.508
2012,1,6,1,0,0,1,0,0,0,0,0,0,0,23,4.459,11,2.168,0,0,none,0,0,none,0,0,none,0,0,8.09
2012,1,7,1,0,0,1,0,0,0,0,0,0,0,6,0.968,5,1.727,0,0,none,0,0,none,0,0,none,0,0,12.77
2012,1,8,1,0,0,1,0,0,0,0,0,0,0,16,2.902,3,1.27,0,0,POHE,1,0.035,none,0,0,none,0,0,1.42
2012,1,9,1,0,0,1,0,0,0,0,0,0,0,14,3.5,2,0.55,0,0,none,0,0,none,0,0,none,0,0,1.166
2012,1,10,1,0,0,1,0,0,0,0,0,0,0,9,2.019,7,1.731,0,0,POHE,4,0.085,none,0,0,none,0,0,1.398
2012,1,11,0,0,0,1,0,0,0,0,0,0,0,15,2.239,5,1.874,0,0,none,0,0,none,0,0,none,0,0,2.517
2012,1,12,0,0,0,1,0,0,0,0,0,0,0,4,0.942,1,0.339,0,0,none,0,0,none,0,0,none,0,0,0.387
2012,1,13,0,0,0,1,0,0,0,0,0,0,0,3,0.428,1,0.186,0,0,none,0,0,none,0,0,none,0,0,1.228
2012,1,14,0,0,0,1,0,0,0,0,0,0,0,17,3.399,0,0,0,0,none,0,0,none,0,0,none,0,0,11.45
2012,1,15,0,0,0,1,0,0,0,0,0,0,0,11,1.774,2,0.36,0,0,none,0,0,none,0,0,none,0,0,1.441
2012,1,16,0,0,0,1,0,0,0,0,0,0,0,5,1.047,2,0.536,0,0,none,0,0,none,0,0,none,0,0,1.61
2012,2,1,1,1,0,3,0,0,0,0,0,0,0,3,0.341,1,0.2,0,0,none,0,0,none,0,0,none,0,0,3.222
2012,2,2,1,1,0,3,0,0,0,0,0,0,0,3,0.178,4,0.247,0,0,none,0,0,none,0,0,none,0,0,1.797
2012,2,3,1,1,0,3,0,0,0,0,0,0,0,19,4.954,3,0.914,0,0,none,0,0,none,0,0,none,0,0,2.526
2012,2,4,1,1,0,3,0,0,0,0,0,0,0,28,6.997,8,2.327,1,0.51,none,0,0,none,0,0,none,0,0,3.357
2012,2,5,1,1,0,3,0,0,0,0,0,0,0,13,2.805,12,3.351,0,0,none,0,0,none,0,0,none,0,0,3.889
2012,2,6,1,1,0,3,0,0,0,0,0,0,0,15,2.325,1,0.158,0,0,ASTER,1,0.187,none,0,0,none,0,0,3.356
2012,2,7,1,1,0,3,0,0,0,0,0,0,0,7,0.976,5,1.316,0,0,ASTER,1,2.205,none,0,0,none,0,0,3.573
2012,2,8,1,1,0,3,0,0,0,0,0,0,0,6,1.688,0,0,0,0,none,0,0,none,0,0,none,0,0,1.377
2012,2,9,1,1,0,3,0,0,0,0,0,0,0,10,2.034,1,0.301,0,0,none,0,0,none,0,0,none,0,0,2.039
2012,2,10,1,1,0,3,0,0,0,0,0,0,0,12,2.363,4,0.958,0,0,none,0,0,none,0,0,none,0,0,7.69
2012,2,11,0,1,0,3,0,0,0,0,0,0,0,0,0,0,0,0,0,none,0,0,none,0,0,none,0,0,0
2012,2,12,0,1,0,3,0,0,0,0,0,0,0,0,0,0,0,0,0,none,0,0,none,0,0,none,0,0,0
2012,2,13,0,1,0,3,0,0,0,0,0,0,0,0,0,0,0,0,0,none,0,0,none,0,0,none,0,0,0
2012,2,14,0,1,0,3,0,0,0,0,0,0,0,43,0.577,0,0,0,0,none,0,0,none,0,0,none,0,0,3.904
2012,2,15,0,1,0,3,0,0,0,0,0,0,0,39,6.658,1,0.043,0,0,none,0,0,none,0,0,none,0,0,6.321
2012,2,16,0,1,0,3,0,0,0,0,0,0,0,35,5.464,0,0,0,0,none,0,0,none,0,0,none,0,0,0.743
2012,3,1,1,0,1,2,0,0,0,0,0,0,0,0,0,7,2.581,0,0,ASTER,4,0.43,none,0,0,none,0,0,1.177
2012,3,2,1,0,1,2,0,0,0,0,0,0,0,0,0,11,2.016,0,0,none,0,0,none,0,0,none,0,0,3.732
2012,3,3,1,0,1,2,0,0,0,0,0,0,0,0,0,11,2.713,1,3.863,none,0,0,none,0,0,none,0,0,0.401
2012,3,4,1,0,1,2,0,0,0,0,0,0,0,0,0,3,1.064,3,0.611,none,0,0,none,0,0,none,0,0,0
2012,3,5,1,0,1,2,0,0,0,0,0,0,0,0,0,2,0.628,0,0,KOVI,2,1.698,none,0,0,none,0,0,1.744
2012,3,6,1,0,1,2,0,0,0,0,0,0,0,0,0,7,2.567,0,0,none,0,0,none,0,0,none,0,0,1.746
2012,3,7,1,0,1,2,0,0,0,0,0,0,0,13,2.978,11,4.259,0,0,none,0,0,none,0,0,none,0,0,2.178
2012,3,8,1,0,1,2,0,0,0,0,0,0,0,13,3.785,8,2.755,0,0,none,0,0,none,0,0,none,0,0,2.035
2012,3,9,1,0,1,2,0,0,0,0,0,0,0,11,1.407,3,0.295,0,0,none,0,0,none,0,0,none,0,0,5.05
2012,3,10,1,0,1,2,0,0,0,0,0,0,0,4,0.954,1,0.357,0,0,none,0,0,none,0,0,none,0,0,3.717
2012,3,11,0,0,1,2,0,0,0,0,0,0,0,0,0,3,0.437,0,0,none,0,0,none,0,0,none,0,0,0
2012,3,12,0,0,1,2,0,0,0,0,0,0,0,0,0,0,0,0,0,none,0,0,none,0,0,none,0,0,0
2012,3,13,0,0,1,2,0,0,0,0,0,0,0,0,0,0,0,0,0,none,0,0,none,0,0,none,0,0,0
2012,3,14,0,0,1,2,0,0,0,0,0,0,0,21,3.673,3,0.58,0,0,none,0,0,none,0,0,none,0,0,7.495
2012,3,15,0,0,1,2,0,0,0,0,0,0,0,12,2.731,3,1.188,0,0,none,0,0,none,0,0,none,0,0,0
2012,3,16,0,0,1,2,0,0,0,0,0,0,0,7,1.509,1,0.299,0,0,none,0,0,none,0,0,none,0,0,0
2012,4,1,1,1,1,4,0,0,0,0,0,0,0,0,0,6,0.859,0,0,none,0,0,none,0,0,none,0,0,2.132
2012,4,2,1,1,1,4,0,0,0,0,0,0,0,0,0,5,0.889,0,0,none,0,0,none,0,0,none,0,0,0
2012,4,3,1,1,1,4,0,0,0,0,0,0,0,0,0,9,2.985,0,0,none,1,0,none,0,0,none,0,0,1.748
2012,4,4,1,1,1,4,0,0,0,0,0,0,0,2,1.551,7,1.413,0,0,none,0,0,none,0,0,none,0,0,2.111
2012,4,5,1,1,1,4,0,0,0,0,0,0,0,5,0.266,16,2.727,0,0,none,0,0,none,0,0,none,0,0,1.088
2012,4,6,1,1,1,4,0,0,0,0,0,0,0,7,0.956,8,2.091,1,0.439,none,0,0,none,0,0,none,0,0,0
2012,4,7,1,1,1,4,0,0,0,0,0,0,0,3,0.438,4,0.809,0,0,LIMON,1,3.975,none,0,0,none,0,0,2.24
2012,4,8,1,1,1,4,0,0,0,0,0,0,0,4,0.378,2,0.267,0,0,LIMON,3,1.051,none,0,0,none,0,0,0
2012,4,9,1,1,1,4,0,0,0,0,0,0,0,24,4.69,8,2.51,0,0,LIMON,10,14.526,none,0,0,none,0,0,2.219
2012,4,10,1,1,1,4,0,0,0,0,0,0,0,0,0,8,3.238,1,0.113,none,0,0,none,0,0,none,0,0,0
2012,4,11,0,1,1,4,0,0,0,0,0,0,0,2,0.448,1,0.203,0,0,none,0,0,none,0,0,none,0,0,0
2012,4,12,0,1,1,4,0,0,0,0,0,0,0,0,0,2,0.289,0,0,KOVI,1,0.788,none,0,0,none,0,0,0
2012,4,13,0,1,1,4,0,0,0,0,0,0,0,0,0,0,0,0,0,none,0,0,none,0,0,none,0,0,0
2012,4,14,0,1,1,4,0,0,0,0,0,0,0,22,5.047,2,0.581,0,0,none,0,0,none,0,0,none,0,0,0
2012,4,15,0,1,1,4,1,-99,-99,-99,0.512,0,0,16,3.365,5,1.196,0,0,ATPA,1,0.919,none,0,0,none,0,0,2.513
2012,4,16,0,1,1,4,1,-99,-99,-99,-99,2,2.437,0,0,4,1.039,0,0,none,0,0,none,0,0,none,0,0,4.843
2012,5,1,1,1,0,3,0,0,0,0,0,0,0,0,0,0,0,0,0,none,0,0,none,0,0,none,0,0,0
2012,5,2,1,1,0,3,1,103,102,4.7,1.242,1,1.053,11,2.539,0,0,0,0,none,0,0,none,0,0,none,0,0,0
2012,5,3,1,1,0,3,1,103,100,5.1,0.568,1,1094,7,1.063,1,0.065,0,0,none,0,0,none,0,0,none,0,0,0
2012,5,4,1,1,0,3,1,76,76,4.2,0.801,0,0,4,0.718,7,1.138,0,0,none,0,0,none,0,0,none,0,0,0
2012,5,5,1,1,0,3,0,0,0,0,0,0,0,6,0.591,7,1.481,0,0,none,0,0,none,0,0,none,0,0,0
2012,5,6,1,1,0,3,1,81,81,4.5,0.964,3,4.036,12,2.278,1,0.063,0,0,none,0,0,none,0,0,none,0,0,0
2012,5,7,1,1,0,3,0,0,0,0,0,0,0,1,0.157,1,0.079,0,0,none,0,0,none,0,0,none,0,0,0.942
2012,5,8,1,1,0,3,1,101,101,4.1,1.056,1,1.692,2,0.108,3,0.303,0,0,POHE,3,0.343,none,0,0,none,0,0,0
2012,5,9,1,1,0,3,1,103,102,4.7,1.282,5,6.713,5,0.493,3,0.112,0,0,none,0,0,none,0,0,none,0,0,0
2012,5,10,1,1,0,3,0,0,0,0,0,0,0,22,4.078,2,0.573,0,0,none,0,0,none,0,0,none,0,0,3.871
2012,5,11,0,1,0,3,0,0,0,0,0,0,0,0,0,4,0.241,0,0,none,0,0,none,0,0,none,0,0,0.149
2012,5,12,0,1,0,3,0,0,0,0,0,0,0,0,0,0,0,0,0,none,0,0,none,0,0,none,0,0,0
2012,5,13,0,1,0,3,0,0,0,0,0,0,0,0,0,0,0,0,0,none,0,0,none,0,0,none,0,0,0
2012,5,14,0,1,0,3,0,0,0,0,0,0,0,5,0.501,1,0.061,0,0,none,0,0,none,0,0,none,0,0,0
2012,5,15,0,1,0,3,0,0,0,0,0,0,0,2,0.171,1,0.459,0,0,none,0,0,none,0,0,none,0,0,0
2012,5,16,0,1,0,3,1,-99,-99,-99,2.984,0,0,2,0.034,0,0,0,0,none,0,0,none,0,0,none,0,0,0
2012,6,1,1,0,1,2,0,0,0,0,0,0,0,4,0.484,1,0.252,0,0,none,0,0,none,0,0,none,0,0,2.856
2012,6,2,1,0,1,2,0,0,0,0,0,0,0,4,0.602,3,0.679,0,0,none,0,0,none,0,0,none,0,0,0.144
2012,6,3,1,0,1,2,-99,113,103,4,0.792,-99,1.698,4,0.683,0,0,0,0,none,0,0,none,0,0,none,0,0,1.089
2012,6,4,1,0,1,2,-99,121,92,3.9,0.87,0,0,3,0.452,0,0,0,0,none,0,0,none,0,0,none,0,0,1.487
2012,6,5,1,0,1,2,0,0,0,0,0,0,0,3,0.864,0,0,0,0,none,0,0,none,0,0,none,0,0,1.943
2012,6,6,1,0,1,2,-99,131,127,4.7,1.31,0,0,3,0.613,4,0.857,0,0,none,0,0,none,0,0,none,0,0,3.486
2012,6,7,1,0,1,2,-99,137,94,4.4,1.174,-99,0.125,2,0.392,2,0.503,0,0,none,0,0,none,0,0,none,0,0,4.291
2012,6,8,1,0,1,2,0,0,0,0,0,0,0,18,2.612,21,1.984,0,0,none,0,0,none,0,0,none,0,0,2.663
2012,6,9,1,0,1,2,0,0,0,0,0,0,0,42,7.013,6,0.868,0,0,ATPA,1,0.199,none,0,0,none,0,0,1.381
2012,6,10,1,0,1,2,0,0,0,0,0,0,0,19,3.587,3,1.121,0,0,none,0,0,none,0,0,none,0,0,3.537
2012,6,11,0,0,1,2,0,0,0,0,0,0,0,0,0,0,0,0,0,ATPA,1,0.556,none,0,0,none,0,0,0
2012,6,12,0,0,1,2,0,0,0,0,0,0,0,0,0,0,0,0,0,none,0,0,none,0,0,none,0,0,0
2012,6,13,0,0,1,2,0,0,0,0,0,0,0,0,0,0,0,0,0,none,0,0,none,0,0,none,0,0,0
2012,6,14,0,0,1,2,0,0,0,0,0,0,0,10,2.008,0,0,0,0,none,0,0,none,0,0,none,0,0,3.153
2012,6,15,0,0,1,2,0,0,0,0,0,0,0,14,1.429,1,0.173,0,0,none,0,0,none,0,0,none,0,0,0.377
2012,6,16,0,0,1,2,0,0,0,0,0,0,0,3,0.623,1,0.412,0,0,none,0,0,none,0,0,none,0,0,2.866
2012,7,1,1,1,1,4,0,0,0,0,0,0,0,1,0.16,3,1.001,0,0,ATPA,1,0.014,none,0,0,none,0,0,3.123
2012,7,2,1,1,1,4,0,0,0,0,0,0,0,3,0.625,0,0,0,0,none,0,0,none,0,0,none,0,0,2.518
2012,7,3,1,1,1,4,1,59,42,5,0.437,0,0,3,0.147,0,0,0,0,none,0,0,none,0,0,none,0,0,5.28
2012,7,4,1,1,1,4,0,0,0,0,0,0,0,3,0.365,1,0.099,0,0,none,0,0,none,0,0,none,0,0,0.753
2012,7,5,1,1,1,4,0,0,0,0,0,0,0,0,0,1,0.805,0,0,none,0,0,none,0,0,none,0,0,3.012
2012,7,6,1,1,1,4,0,0,0,0,0,0,0,5,0.432,3,0.215,0,0,none,0,0,none,0,0,none,0,0,4.337
2012,7,7,1,1,1,4,0,0,0,0,0,0,0,26,4.744,2,0.192,0,0,none,0,0,none,0,0,none,0,0,3.638
2012,7,8,1,1,1,4,1,39,36,4.2,0.328,1,0.447,6,0.505,2,0.589,0,0,none,0,0,none,0,0,none,0,0,0.578
2012,7,9,1,1,1,4,0,0,0,0,0,0,0,34,7.03,26,1.286,0,0,ATPA,2,0.378,none,0,0,none,0,0,5.193
2012,7,10,1,1,1,4,0,0,0,0,0,0,0,9,1.29,0,0,0,0,none,0,0,none,0,0,none,0,0,5.65
2012,7,11,0,1,1,4,1,39,39,4.1,0.353,0,0,3,0.401,0,0,0,0,none,0,0,none,0,0,none,0,0,0
2012,7,12,0,1,1,4,0,0,0,0,0,0,0,0,0,0,0,0,0,none,0,0,none,0,0,none,0,0,0
2012,7,13,0,1,1,4,0,0,0,0,0,0,0,0,0,0,0,0,0,none,0,0,none,0,0,none,0,0,0
2012,7,14,0,1,1,4,1,0,0,0,-99,0,0,3,0.421,0,0,0,0,none,0,0,none,0,0,none,0,0,4.155
2012,7,15,0,1,1,4,1,98,96,4.8,1.62,2,1.3,16,3.121,4,0.833,0,0,none,0,0,none,0,0,none,0,0,12.709
2012,7,16,0,1,1,4,-99,132,124,5,1.301,0,0,23,4.55,0,0,0,0,none,0,0,none,0,0,none,0,0,7.479
2012,8,1,1,0,0,1,0,0,0,0,0,0,0,5,1.077,2,0.337,0,0,none,0,0,none,0,0,none,0,0,3.002
2012,8,2,1,0,0,1,0,0,0,0,0,0,0,21,3.815,6,1.84,0,0,ATPA,1,0.036,none,0,0,none,0,0,0
2012,8,3,1,0,0,1,0,0,0,0,0,0,0,4,0.481,2,0.452,0,0,none,0,0,none,0,0,none,0,0,4.602
2012,8,4,1,0,0,1,0,0,0,0,0,0,0,11,1.786,2,0.349,0,0,ATPA,1,0.095,none,0,0,none,0,0,0.941
2012,8,5,1,0,0,1,1,66,64,6.3,0.758,1,0.173,5,1.474,3,1.505,0,0,none,0,0,none,0,0,none,0,0,7.64
2012,8,6,1,0,0,1,1,152,130,4.2,1.745,1,0.486,8,1.744,5,1.706,0,0,none,0,0,none,0,0,none,0,0,6.54
2012,8,7,1,0,0,1,0,0,0,0,0,0,0,6,1.159,0,0,0,0,none,0,0,none,0,0,none,0,0,9.997
2012,8,8,1,0,0,1,1,115,108,4.1,0.972,0,0,6,0.436,2,0.596,0,0,none,0,0,none,0,0,none,0,0,3.804
2012,8,9,1,0,0,1,0,0,0,0,0,0,0,32,4.365,6,1.192,0,0,none,0,0,none,0,0,none,0,0,1.759
2012,8,10,1,0,0,1,1,133,125,3.9,1.134,2,1.889,10,2.043,1,0.404,0,0,none,0,0,none,0,0,none,0,0,3.2
2012,8,11,0,0,0,1,0,0,0,0,0,0,0,2,0.12,3,0.415,0,0,none,0,0,none,0,0,none,0,0,0
2012,8,12,0,0,0,1,0,0,0,0,0,0,0,5,0.918,0,0,0,0,none,0,0,none,0,0,none,0,0,0.198
2012,8,13,0,0,0,1,0,0,0,0,0,0,0,3,0.219,3,0.745,0,0,ATPA,1,0.049,none,0,0,none,0,0,1.821
2012,8,14,0,0,0,1,0,0,0,0,0,0,0,3,0.459,0,0,0,0,none,0,0,none,0,0,none,0,0,2.822
2012,8,15,0,0,0,1,1,113,98,4,1.247,0,0,10,2.333,2,0.164,0,0,none,0,0,none,0,0,none,0,0,3.955
2012,8,16,0,0,0,1,0,0,0,0,0,0,0,13,2.181,3,0.909,0,0,none,0,0,none,0,0,none,0,0,4.451
2012,9,1,1,1,1,4,1,72,72,5.8,0.996,0,0,3,0.512,1,0.104,0,0,none,0,0,none,0,0,none,0,0,1.506
2012,9,2,1,1,1,4,1,109,107,3.7,0.884,0,0,18,3.042,0,0,0,0,none,0,0,none,0,0,none,0,0,0.926
2012,9,3,1,1,1,4,0,0,0,0,0,0,0,2,0.165,1,0.158,0,0,none,0,0,none,0,0,none,0,0,4.689
2012,9,4,1,1,1,4,1,57,53,4,0.258,2,3.096,16,2.724,0,0,0,0,none,0,0,none,0,0,none,0,0,2.232
2012,9,5,1,1,1,4,1,122,122,5.8,1.845,2,2.051,3,0.692,1,0.075,0,0,none,0,0,none,0,0,none,0,0,1.474
2012,9,6,1,1,1,4,1,116,111,6.5,2.004,3,4.335,6,0.701,0,0,0,0,none,0,0,none,0,0,none,0,0,3.135
2012,9,7,1,1,1,4,0,0,0,0,0,0,0,17,4.97,0,0,0,0,none,0,0,none,0,0,none,0,0,6.367
2012,9,8,1,1,1,4,0,0,0,0,0,0,0,0,0,2,0.232,0,0,none,0,0,none,0,0,none,0,0,3.247
2012,9,9,1,1,1,4,1,120,108,5,1.238,1,1.264,18,3.679,3,1.018,0,0,none,0,0,none,0,0,none,0,0,1.804
2012,9,10,1,1,1,4,0,0,0,0,0,0,0,1,0.16,4,0.408,0,0,none,0,0,none,0,0,none,0,0,1.411
2012,9,11,0,1,1,4,0,0,0,0,0,0,0,4,0.712,0,0,0,0,none,0,0,none,0,0,none,0,0,4.593
2012,9,12,0,1,1,4,0,0,0,0,0,0,0,7,0.985,2,0.749,0,0,none,0,0,none,0,0,none,0,0,2.289
2012,9,13,0,1,1,4,0,0,0,0,0,0,0,4,0.75,1,0.336,0,0,none,0,0,none,0,0,none,0,0,2.413
2012,9,14,0,1,1,4,1,95,93,4.7,1.216,2,3.042,9,1.049,2,0.432,0,0,none,0,0,none,0,0,none,0,0,2.128
2012,9,15,0,1,1,4,0,0,0,0,0,0,0,18,3.206,3,0.474,0,0,none,0,0,none,0,0,none,0,0,6.803
2012,9,16,0,1,1,4,0,0,0,0,0,0,0,12,1.985,0,0,0,0,none,0,0,none,0,0,none,0,0,3.623
2012,10,1,1,1,0,3,0,0,0,0,0,0,0,7,1.438,4,0.782,0,0,ATPA,1,1.548,none,0,0,none,0,0,3.249
2012,10,2,1,1,0,3,0,0,0,0,0,0,0,4,1.003,1,0.172,0,0,none,0,0,none,0,0,none,0,0,2.046
2012,10,3,1,1,0,3,0,0,0,0,0,0,0,4,1.605,1,0.103,0,0,none,0,0,none,0,0,none,0,0,4.248
2012,10,4,1,1,0,3,0,0,0,0,0,0,0,1,0.217,2,0.522,0,0,none,0,0,none,0,0,none,0,0,1.59
2012,10,5,1,1,0,3,0,0,0,0,0,0,0,7,1.426,0,0,0,0,none,0,0,none,0,0,none,0,0,2.199
2012,10,6,1,1,0,3,0,0,0,0,0,0,0,13,3.387,9,2.478,0,0,none,0,0,none,0,0,none,0,0,5.122
2012,10,7,1,1,0,3,1,99,94,3.7,1.043,1,0.476,5,0.748,1,0.212,0,0,none,0,0,none,0,0,none,0,0,6.692
2012,10,8,1,1,0,3,1,77,70,4.7,0.903,1,0.227,14,0,0,3.593,0,0,none,0,0,none,0,0,none,0,0,10.444
2012,10,9,1,1,0,3,0,0,0,0,0,0,0,6,0.901,1,0.056,0,0,POHE,2,0.043,none,0,0,none,0,0,2.21
2012,10,10,1,1,0,3,1,74,67,4,0.813,0,0,5,0.957,0,0,0,0,none,0,0,none,0,0,none,0,0,2.129
2012,10,11,0,1,0,3,0,0,0,0,0,0,0,0,0,3,0.329,0,0,none,0,0,none,0,0,none,0,0,0.459
2012,10,12,0,1,0,3,0,0,0,0,0,0,0,0,0,1,0.013,0,0,none,0,0.126,none,0,0,none,0,0,0
2012,10,13,0,1,0,3,0,0,0,0,0,0,0,0,0,0,0,0,0,none,0,0,none,0,0,none,0,0,0
2012,10,14,0,1,0,3,0,0,0,0,0,0,0,16,2.736,2,0.294,0,0,POHE,1,0.129,none,0,0,none,0,0,1.677
2012,10,15,0,1,0,3,0,0,0,0,0,0,0,1,0.382,3,0.305,0,0,none,0,0,none,0,0,none,0,0,1.687
2012,10,16,0,1,0,3,0,0,0,0,0,0,0,0,0,3,0.542,0,0,ATPA,1,0.041,none,0,0,none,0,0,2.166
2012,11,1,1,0,0,1,0,0,0,0,0,0,0,3,1.139,2,0.796,0,0,none,0,0,none,0,0,none,0,0,4.415
2012,11,2,1,0,0,1,1,79,74,3.6,0.646,0,0,4,0.929,1,0.164,0,0,none,0,0,none,0,0,none,0,0,2.098
2012,11,3,1,0,0,1,0,0,0,0,0,0,0,2,0.399,3,0.278,0,0,none,0,0,none,0,0,none,0,0,1.937
2012,11,4,1,0,0,1,0,0,0,0,0,0,0,13,3.05,0,0,0,0,none,0,0,none,0,0,none,0,0,1.189
2012,11,5,1,0,0,1,1,125,120,4.7,0.144,0,0,0,0,2,0.753,0,0,none,0,0,none,0,0,none,0,0,3.685
2012,11,6,1,0,0,1,1,125,114,4.6,0,0,0,2,0.534,0,0.385,0,0,none,0,0,none,0,0,none,0,0,5.307
2012,11,7,1,0,0,1,1,127,124,5.3,1.573,1,1.299,12,3.65,2,0,0,0,none,0,0,none,0,0,none,0,0,5.426
2012,11,8,1,0,0,1,0,0,0,0,0,0,0,10,2.58,4,0.31,0,0,none,0,0,none,0,0,none,0,0,4.811
2012,11,9,1,0,0,1,1,82,82,5.1,0.864,0,0,2,0.551,0,0,0,0,none,0,0,none,0,0,none,0,0,7.261
2012,11,10,1,0,0,1,1,100,98,98,1.063,0,0,5,1.264,1,0.463,0,0,none,0,0,none,0,0,none,0,0,2.284
2012,11,11,0,0,0,1,0,0,0,0,0,0,0,8,2.282,6,1.375,0,0,none,0,0,none,0,0,none,0,0,0.995
2012,11,12,0,0,0,1,0,0,0,0,0,0,0,0,0,4,0.871,0,0,none,0,0,none,0,0,none,0,0,3.286
2012,11,13,0,0,0,1,0,0,0,0,0,0,0,7,1.199,5,0.615,0,0,none,0,0,none,0,0,none,0,0,1.617
2012,11,14,0,0,0,1,0,0,0,0,0,0,0,9,2.587,1,0.115,0,0,none,0,0,none,0,0,none,0,0,2.843
2012,11,15,0,0,0,1,1,102,95,3.2,0.267,1,0.963,8,2.757,0,0,0,0,none,0,0,none,0,0,none,0,0,2.214
2012,11,16,0,0,0,1,1,40,40,4.8,1.492,2,2.82,2,0.512,2,0.03,0,0,none,0,0,none,0,0,none,0,0,5.479
2012,12,1,1,0,1,2,0,0,0,0,0,0,0,0,0,3,1.132,0,0,none,0,0,none,0,0,none,0,0,3.413
2012,12,2,1,0,1,2,1,123,108,5.2,1.649,1,0.465,4,1.198,12,2.445,0,0,none,0,0,none,0,0,none,0,0,1.653
2012,12,3,1,0,1,2,0,0,0,0,0,0,0,1,0.124,3,0.598,0,0,none,0,0,none,0,0,none,0,0,2.613
2012,12,4,1,0,1,2,0,0,0,0,0,0,0,0,0,2,0.289,0,0,none,0,0,none,0,0,none,0,0,5.417
2012,12,5,1,0,1,2,0,0,0,0,0,0,0,2,0.905,1,0.618,0,0,none,0,0,none,0,0,none,0,0,3.424
2012,12,6,1,0,1,2,0,0,0,0,0,0,0,3,1.109,2,0.749,0,0,none,0,0,none,0,0,none,0,0,6.904
2012,12,7,1,0,1,2,1,95,80,3.8,0.845,0,0,4,1.383,0,0,0,0,none,0,0,none,0,0,none,0,0,5.49
2012,12,8,1,0,1,2,0,0,0,0,0,0,0,14,4.251,1,0.054,0,0,none,0,0,none,0,0,none,0,0,2.785
2012,12,9,1,0,1,2,0,0,0,0,0,0,0,33,8.619,10,2.329,0,0,none,0,0,none,0,0,none,0,0,3.663
2012,12,10,1,0,1,2,0,0,0,0,0,0,0,20,5.587,2,0.629,0,0,none,0,0,none,0,0,none,0,0,1.165
2012,12,11,0,0,1,2,0,0,0,0,0,0,0,1,0.254,2,0.37,0,0,none,0,0,none,0,0,none,0,0,0.746
2012,12,12,0,0,1,2,0,0,0,0,0,0,0,0,0,3,0.373,0,0,none,0,0,none,0,0,none,0,0,0.841
2012,12,13,0,0,1,2,0,0,0,0,0,0,0,0,0,0,0,0,0,none,0,0,none,0,0,none,0,0,0
2012,12,14,0,0,1,2,1,89,76,3.9,0.706,0,0,13,2.62,0,0,0,0,none,0,0,none,0,0,none,0,0,7.407
2012,12,15,0,0,1,2,0,0,0,0,0,0,0,4,1.645,0,0,0,0,none,0,0,none,0,0,none,0,0,1.978
2012,12,16,0,0,1,2,1,120,105,4.4,1.394,2,1.464,6,1.208,0,0,0,0,none,0,0,none,0,0,none,0,0,3.263
2013,1,1,1,0,0,1,0,0,0,0,0,0,0,4,0.908,5,1.333,0,0,none,0,0,none,0,0,none,0,0,1.117
2013,1,2,1,0,0,1,0,0,0,0,0,0,0,26,3.644,6,2.021,0,0,none,0,0,none,0,0,none,0,0,1.277
2013,1,3,1,0,0,1,0,0,0,0,0,0,0,12,2.45,3,0.507,0,0,none,0,0,none,0,0,none,0,0,0.23
2013,1,4,1,0,0,1,0,0,0,0,0,0,0,20,2.516,7,1.811,0,0,none,0,0,none,0,0,none,0,0,3.47
2013,1,5,1,0,0,1,0,0,0,0,0,0,0,2,0.09,3,0.428,0,0,none,0,0,none,0,0,none,0,0,1.06
2013,1,6,1,0,0,1,0,0,0,0,0,0,0,9,0.708,4,1.116,0,0,none,0,0,none,0,0,none,0,0,1.811
2013,1,7,1,0,0,1,0,0,0,0,0,0,0,10,1.472,8,1.869,0,0,none,0,0,none,0,0,none,0,0,7.76
2013,1,8,1,0,0,1,0,0,0,0,0,0,0,13,1.565,4,1.231,0,0,none,0,0,none,0,0,none,0,0,0.645
2013,1,9,1,0,0,1,0,0,0,0,0,0,0,4,0.413,1,0.423,0,0,none,0,0,none,0,0,none,0,0,7.775
2013,1,10,1,0,0,1,0,0,0,0,0,0,0,20,2.782,3,0.565,0,0,none,0,0,none,0,0,none,0,0,1.401
2013,1,11,0,0,0,1,0,0,0,0,0,0,0,4,0.617,1,0.239,0,0,none,0,0,none,0,0,none,0,0,5.053
2013,1,12,0,0,0,1,0,0,0,0,0,0,0,6,0.582,2,0.528,0,0,none,0,0,none,0,0,none,0,0,1
2013,1,13,0,0,0,1,0,0,0,0,0,0,0,18,2.779,3,0.638,0,0,none,0,0,none,0,0,none,0,0,8.4
2013,1,14,0,0,0,1,0,0,0,0,0,0,0,5,0.588,6,1.288,0,0,none,0,0,none,0,0,none,0,0,0.324
2013,1,15,0,0,0,1,0,0,0,0,0,0,0,21,2.747,0,0,0,0,none,0,0,none,0,0,none,0,0,2.676
2013,1,16,0,0,0,1,0,0,0,0,0,0,0,8,1.627,3,0.682,0,0,none,0,0,none,0,0,none,0,0,2.394
2013,2,1,1,1,0,3,0,0,0,0,0,0,0,0,,2,0.482,0,0,none,0,0,none,0,0,none,0,0,3.047
2013,2,2,1,1,0,3,0,0,0,0,0,0,0,1,0.114,2,0.379,0,0,none,0,0,none,0,0,none,0,0,0.854
2013,2,3,1,1,0,3,0,0,0,0,0,0,0,1,0.394,4,0.857,0,0,none,0,0,none,0,0,none,0,0,0.901
2013,2,4,1,1,0,3,0,0,0,0,0,0,0,6,0.8,7,1.355,0,0,none,0,0,none,0,0,none,0,0,1.531
2013,2,5,1,1,0,3,0,0,0,0,0,0,0,0,,5,1.51,0,0,none,0,0,none,0,0,none,0,0,2.676
2013,2,6,1,1,0,3,0,0,0,0,0,0,0,5,1.279,1,0.222,0,0,none,0,0,none,0,0,none,0,0,1.825
2013,2,7,1,1,0,3,0,0,0,0,0,0,0,1,0.588,3,0.273,0,0,ASTER,0,0.907,none,0,0,none,0,0,2.178
2013,2,8,1,1,0,3,0,0,0,0,0,0,0,15,1.94,5,1.087,0,0,none,0,0,none,0,0,none,0,0,1.335
2013,2,9,1,1,0,3,0,0,0,0,0,0,0,3,0.7999,0,0,0,0,none,0,0,none,0,0,none,0,0,0.867
2013,2,10,1,1,0,3,0,0,0,0,0,0,0,9,1.894,2,0.467,0,0,none,0,0,none,0,0,none,0,0,1.323
2013,2,11,0,1,0,3,0,0,0,0,0,0,0,0,,0,0,0,0,none,0,0,none,0,0,none,0,0,1.261
2013,2,12,0,1,0,3,0,0,0,0,0,0,0,0,,0,0,0,0,none,0,0,none,0,0,none,0,0,0
2013,2,13,0,1,0,3,0,0,0,0,0,0,0,0,,0,0,0,0,none,0,0,none,0,0,none,0,0,0
2013,2,14,0,1,0,3,0,0,0,0,0,0,0,8,1.7,2,0.291,0,0,none,0,0,none,0,0,none,0,0,0
2013,2,15,0,1,0,3,0,0,0,0,0,0,0,19,2.009,2,0.257,0,0,none,0,0,none,0,0,none,0,0,0.212
2013,2,16,0,1,0,3,0,0,0,0,0,0,0,11,1.084,6,1.047,0,0,none,0,0,none,0,0,none,0,0,0.661
2013,3,1,1,0,1,2,0,0,0,0,0,0,0,0,,8,1.644,0,0,ASTER,0,0.308,none,0,0,none,0,0,1.248
2013,3,2,1,0,1,2,0,0,0,0,0,0,0,0,,8,1.726,0,0,none,0,0,none,0,0,none,0,0,0.932
2013,3,3,1,0,1,2,0,0,0,0,0,0,0,0,,1,0.124,1,-99,none,0,0,none,0,0,none,0,0,0.291
2013,3,4,1,0,1,2,0,0,0,0,0,0,0,3,0.862,1,0.127,1,1.935,POHY,0,0.118,none,0,0,none,0,0,0.195
2013,3,5,1,0,1,2,0,0,0,0,0,0,0,0,,4,0.861,0,0,none,0,0,none,0,0,none,0,0,3.075
2013,3,6,1,0,1,2,0,0,0,0,0,0,0,2,0.07,8,1.955,0,0,none,0,0,none,0,0,none,0,0,0.513
2013,3,7,1,0,1,2,0,0,0,0,0,0,0,1,0.109,15,4.527,1,0.423,none,0,0,none,0,0,none,0,0,0.229
2013,3,8,1,0,1,2,0,0,0,0,0,0,0,12,2.298,6,2.104,0,0,none,0,0,none,0,0,none,0,0,1.046
2013,3,9,1,0,1,2,0,0,0,0,0,0,0,9,1.379,7,2.045,0,0,none,0,0,none,0,0,none,0,0,0.344
2013,3,10,1,0,1,2,0,0,0,0,0,0,0,0,,2,0.416,0,0,none,0,0,none,0,0,none,0,0,0.318
2013,3,11,0,0,1,2,0,0,0,0,0,0,0,0,,0,0,0,0,none,0,0,none,0,0,none,0,0,0
2013,3,12,0,0,1,2,0,0,0,0,0,0,0,0,,0,0,0,0,none,0,0,none,0,0,none,0,0,0
2013,3,13,0,0,1,2,0,0,0,0,0,0,0,0,,0,0,0,0,none,0,0,none,0,0,none,0,0,0
2013,3,14,0,0,1,2,0,0,0,0,0,0,0,33,5.698,1,0.24,0,0,none,0,0,none,0,0,none,0,0,0.877
2013,3,15,0,0,1,2,0,0,0,0,0,0,0,26,4.853,7,1.251,0,0,none,0,0,none,0,0,none,0,0,0.454
2013,3,16,0,0,1,2,0,0,0,0,0,0,0,19,2.181,1,0.212,0,0,none,0,0,none,0,0,none,0,0,0.086
2013,4,1,1,1,1,4,0,0,0,0,0,0,0,0,,6,0.316,0,0,none,0,0,none,0,0,none,0,0,6.983
2013,4,2,1,1,1,4,0,0,0,0,0,0,0,0,,3,0.3597,0,0,none,0,0,none,0,0,none,0,0,0.586
2013,4,3,1,1,1,4,0,0,0,0,0,0,0,0,,2,0.371,0,0,none,0,0,none,0,0,none,0,0,0.962
2013,4,4,1,1,1,4,0,0,0,0,0,0,0,0,,3,0.346,0,0,KOVE,0,0.932,none,0,0,none,0,0,0.816
2013,4,5,1,1,1,4,0,0,0,0,0,0,0,1,0.11,3,0.545,0,0,none,0,0,none,0,0,none,0,0,1.424
2013,4,6,1,1,1,4,0,0,0,0,0,0,0,0,,4,1.199,0,0,none,0,0,none,0,0,none,0,0,2.051
2013,4,7,1,1,1,4,0,0,0,0,0,0,0,0,,6,1.146,1,3.893,none,0,0,none,0,0,none,0,0,2.056
2013,4,8,1,1,1,4,0,0,0,0,0,0,0,4,0.389,1,0.47,0,0,none,0,0,none,0,0,none,0,0,0.393
2013,4,9,1,1,1,4,0,0,0,0,0,0,0,14,3.42,3,0.785,0,0,ASTER,0,0.56,none,0,0,none,0,0,1.308
2013,4,10,1,1,1,4,0,0,0,0,0,0,0,2,0.305,2,0.144,0,0,none,0,0,none,0,0,none,0,0,2.372
2013,4,11,0,1,1,4,0,0,0,0,0,0,0,0,,1,0.058,0,0,none,0,0,none,0,0,none,0,0,0.858
2013,4,12,0,1,1,4,0,0,0,0,0,0,0,0,,1,0.231,0,0,none,0,0,none,0,0,none,0,0,0
2013,4,13,0,1,1,4,0,0,0,0,0,0,0,0,,0,0,0,0,none,0,0,none,0,0,none,0,0,0
2013,4,14,0,1,1,4,0,0,0,0,0,0,0,32,4.413,5,1.121,0,0,ASTER,0,0.581,none,0,0,none,0,0,0.322
2013,4,15,0,1,1,4,1,128,124,3.59,1.2196,0,0,3,0.346,0,0,0,0,none,0,0,none,0,0,none,0,0,5.156
2013,4,16,0,1,1,4,0,0,0,0,0,0,0,1,0.328,2,0.567,0,0,none,0,0,none,0,0,none,0,0,3.888
2013,5,1,1,1,0,3,1,106,104,4.9,0.786,1,1.741,2,0.316,0,0,0,0,none,0,0,none,0,0,none,0,0,0.354
2013,5,2,1,1,0,3,0,0,0,0,0,0,0,6,0.859,0,0,0,0,none,0,0,none,0,0,none,0,0,0.476
2013,5,3,1,1,0,3,1,130,130,5.8,1.676,1,1.122,0,,0,0,0,0,none,0,0,none,0,0,none,0,0,0.72
2013,5,4,1,1,0,3,1,115,115,5.9,1.55,0,0,0,,2,0.344,0,0,none,0,0,none,0,0,none,0,0,1.298
2013,5,5,1,1,0,3,0,0,0,0,0,0,0,2,0.132,2,0.67,0,0,none,0,0,none,0,0,none,0,0,0.428
2013,5,6,1,1,0,3,0,0,0,0,0,0,0,1,0.104,0,0,0,0,none,0,0,none,0,0,none,0,0,1.933
2013,5,7,1,1,0,3,0,0,0,0,0,0,0,10,1.621,5,1.585,0,0,none,0,0,none,0,0,none,0,0,0.387
2013,5,8,1,1,0,3,0,0,0,0,0,0,0,5,0.486,1,0.072,1,0.124,none,0,0,none,0,0,none,0,0,0.386
2013,5,9,1,1,0,3,0,0,0,0,0,0,0,12,2.128,5,0.88,0,0,none,0,0,none,0,0,none,0,0,0.419
2013,5,10,1,1,0,3,0,0,0,0,0,1,0.553,2,0.448,0,0,0,0,none,0,0,none,0,0,none,0,0,6.213
2013,5,11,0,1,0,3,0,0,0,0,0,0,0,1,0.152,0,0,0,0,none,0,0,none,0,0,none,0,0,0
2013,5,12,0,1,0,3,0,0,0,0,0,0,0,0,,0,0,0,0,none,0,0,none,0,0,none,0,0,0
2013,5,13,0,1,0,3,0,0,0,0,0,0,0,0,,0,0,0,0,none,0,0,none,0,0,none,0,0,0
2013,5,14,0,1,0,3,0,0,0,0,0,0,0,0,,1,0.498,0,0,none,0,0,none,0,0,none,0,0,2.147
2013,5,15,0,1,0,3,0,0,0,0,0,0,0,11,0.971,5,0.883,0,0,none,0,0,none,0,0,none,0,0,0.708
2013,5,16,0,1,0,3,0,0,0,0,0,0,0,0,,3,0.424,0,0,none,0,0,none,0,0,none,0,0,1.832
2013,6,1,1,0,1,2,0,0,0,0,0,0,0,0,,0,0,0,0,none,0,0,none,0,0,none,0,0,1.291
2013,6,2,1,0,1,2,0,0,0,0,0,0,0,0,,0,0,0,0,ATPA,0,0.24,none,0,0,none,0,0,0.613
2013,6,3,1,0,1,2,0,0,0,0,0,0,0,5,0.33,1,0.024,1,0.056,none,0,0,none,0,0,none,0,0,0.616
2013,6,4,1,0,1,2,1,135,132,4.1,1.089,0,0,0,,0,0,0,0,ATPA,0,0.366,none,0,0,none,0,0,0
2013,6,5,1,0,1,2,0,0,0,0,0,0,0,0,,1,0.105,0,0,none,0,0,none,0,0,none,0,0,0.907
2013,6,6,1,0,1,2,1,136,134,5.1,1.527,1,0.66,1,0.055,3,0.293,0,0,none,0,0,none,0,0,none,0,0,0.676
2013,6,7,1,0,1,2,1,136,136,4.6,1.41,0,0,1,-99,0,0,0,0,none,0,0,none,0,0,none,0,0,1.717
2013,6,8,1,0,1,2,0,0,0,0,0,0,0,2,0.315,2,0.411,0,0,none,0,0,none,0,0,none,0,0,0.454
2013,6,9,1,0,1,2,0,0,0,0,0,0,0,14,1.723,2,0.448,0,0,none,0,0,none,0,0,none,0,0,8.001
2013,6,10,1,0,1,2,0,0,0,0,0,0,0,31,8.282,1,0.671,0,0,none,0,0,none,0,0,none,0,0,6.889
2013,6,11,0,0,1,2,0,0,0,0,0,0,0,0,,0,0,0,0,none,0,0,none,0,0,none,0,0,0
2013,6,12,0,0,1,2,0,0,0,0,0,0,0,0,,0,0,0,0,none,0,0,none,0,0,none,0,0,0
2013,6,13,0,0,1,2,0,0,0,0,0,0,0,0,,0,0,0,0,none,0,0,none,0,0,none,0,0,0
2013,6,14,0,0,1,2,0,0,0,0,0,0,0,7,1.034,0,0,0,0,none,0,0,none,0,0,none,0,0,0.803
2013,6,15,0,0,1,2,1,34,34,5.8,0.255,1,2.06,8,1.125,1,0.153,0,0,none,0,0,none,0,0,none,0,0,0.057
2013,6,16,0,0,1,2,0,0,0,0,0,0,0,12,1.246,0,0,0,0,none,0,0,none,0,0,none,0,0,0.111
2013,7,1,1,1,1,4,1,163,161,4.5,1.62,0,0,0,,0,0,0,0,none,0,0,none,0,0,none,0,0,1.382
2013,7,2,1,1,1,4,1,164,155,4.7,1.509,3,4.221,2,0.236,0,0,0,0,none,0,0,none,0,0,none,0,0,1.959
2013,7,3,1,1,1,4,0,0,0,0,0,0,0,0,,0,0,0,0,none,0,0,none,0,0,none,0,0,1.441
2013,7,4,1,1,1,4,0,0,0,0,0,0,0,0,,1,0.204,0,0,none,0,0,none,0,0,none,0,0,0
2013,7,5,1,1,1,4,0,0,0,0,0,0,0,0,,0,0,0,0,none,0,0,none,0,0,none,0,0,1.972
2013,7,6,1,1,1,4,0,0,0,0,0,0,0,2,0.04,3,0.237,0,0,none,0,0,none,0,0,none,0,0,5.194
2013,7,7,1,1,1,4,1,4,4,1,0.003,0,0,2,0.072,4,0.756,0,0,none,0,0,none,0,0,none,0,0,1.943
2013,7,8,1,1,1,4,0,0,0,0,0,0,0,10,0.928,4,1.061,1,0.092,ATPA,0,0.007,none,0,0,none,0,0,0.868
2013,7,9,1,1,1,4,1,152,144,5.3,1.85,2,2.849,4,0.47,2,0.252,0,0,none,0,0,none,0,0,none,0,0,9.622
2013,7,10,1,1,1,4,0,0,0,0,0,0,0,0,,1,0.026,0,0,none,0,0,none,0,0,none,0,0,3.041
2013,7,11,0,1,1,4,0,0,0,0,0,0,0,0,,0,0,0,0,none,0,0,none,0,0,none,0,0,0
2013,7,12,0,1,1,4,0,0,0,0,0,0,0,0,,0,0,0,0,none,0,0,none,0,0,none,0,0,0
2013,7,13,0,1,1,4,0,0,0,0,0,0,0,0,,0,0,0,0,none,0,0,none,0,0,none,0,0,0
2013,7,14,0,1,1,4,0,0,0,0,0,0,0,10,1.6,0,0,0,0,none,0,0,none,0,0,none,0,0,4.047
2013,7,15,0,1,1,4,1,140,106,5.9,1.504,1,3.24,8,0.987,1,0.305,0,0,none,0,0,none,0,0,none,0,0,4.602
2013,7,16,0,1,1,4,0,0,0,0,0,0,0,27,5.787,1,0.121,0,0,none,0,0,none,0,0,none,0,0,10.669
2013,8,1,1,0,0,1,0,0,0,0,0,0,0,2,0.398,5,0.969,0,0,none,0,0,none,0,0,none,0,0,4.987
2013,8,2,1,0,0,1,1,123,120,4,1.041,0,0,15,2.806,4,0.874,0,0,ATPA,0,0.025,none,0,0,none,0,0,0.144
2013,8,3,1,0,0,1,0,0,0,0,0,0,0,7,1.475,2,0.703,0,0,none,0,0,none,0,0,none,0,0,1.258
2013,8,4,1,0,0,1,0,0,0,0,0,0,0,24,4.763,4,1.337,0,0,none,0,0,none,0,0,none,0,0,4.991
2013,8,5,1,0,0,1,1,95,95,5.4,1.232,0,0,1,0.26,2,0.27,0,0,none,0,0,none,0,0,none,0,0,0.757
2013,8,6,1,0,0,1,1,149,138,4.8,2.028,0,0,6,1.004,0,0,0,0,none,0,0,none,0,0,none,0,0,1.745
2013,8,7,1,0,0,1,1,123,100,5,1.759,0,0,2,0.517,0,0,0,0,none,0,0,none,0,0,none,0,0,0.902
2013,8,8,1,0,0,1,0,0,0,0,0,0,0,0,,0,0,0,0,none,0,0,none,0,0,none,0,0,1.334
2013,8,9,1,0,0,1,1,144,139,4.5,1.396,0,0,5,0.833,2,0.224,0,0,none,0,0,none,0,0,none,0,0,1.385
2013,8,10,1,0,0,1,1,61,61,4.3,0.606,0,0,0,,0,0,0,0,none,0,0,none,0,0,none,0,0,2.35
2013,8,11,0,0,0,1,0,0,0,0,0,0,0,2,0.451,0,0,0,0,none,0,0,none,0,0,none,0,0,4.469
2013,8,12,0,0,0,1,0,0,0,0,0,0,0,3,0.702,1,0.261,0,0,none,0,0,none,0,0,none,0,0,2.775
2013,8,13,0,0,0,1,0,0,0,0,0,0,0,2,0.127,2,0.223,0,0,none,0,0,none,0,0,none,0,0,0.912
2013,8,14,0,0,0,1,0,0,0,0,0,0,0,1,0.449,0,0,0,0,none,0,0,none,0,0,none,0,0,4.51
2013,8,15,0,0,0,1,0,0,0,0,0,0,0,23,4.379,0,0,0,0,none,0,0,none,0,0,none,0,0,3.746
2013,8,16,0,0,0,1,0,0,0,0,0,0,0,8,1.518,1,0.176,0,0,none,0,0,none,0,0,none,0,0,3.238
2013,9,1,1,1,1,4,0,0,0,0,0,0,0,3,0.697,1,0.149,0,0,none,0,0,none,0,0,none,0,0,3.106
2013,9,2,1,1,1,4,0,0,0,0,0,0,0,4,0.858,1,0.406,0,0,none,0,0,none,0,0,none,0,0,1.543
2013,9,3,1,1,1,4,1,70,59,3.8,0.438,0,0,4,1.784,2,1.016,0,0,none,0,0,none,0,0,none,0,0,4.192
2013,9,4,1,1,1,4,1,103,103,4.4,1.113,1,1.02,1,0.076,0,0,0,0,none,0,0,none,0,0,none,0,0,3.679
2013,9,5,1,1,1,4,1,53,45,4.4,1.819,0,0,3,1.384,0,0,0,0,none,0,0,none,0,0,none,0,0,7.113
2013,9,6,1,1,1,4,1,164,161,5.2,2.375,1,1.898,0,,0,0,0,0,none,0,0,none,0,0,none,0,0,1.267
2013,9,7,1,1,1,4,1,157,152,3.9,1.917,0,0,6,1.906,0,0,0,0,none,0,0,none,0,0,none,0,0,2.313
2013,9,8,1,1,1,4,0,0,0,0,0,0,0,2,0.163,1,0.604,0,0,none,0,0,none,0,0,none,0,0,4.633
2013,9,9,1,1,1,4,0,0,0,0,0,0,0,5,1.245,0,0,0,0,none,0,0,none,0,0,none,0,0,4.441
2013,9,10,1,1,1,4,1,143,138,4.6,1.725,0,0,5,1.205,1,0.225,0,0,none,0,0,none,0,0,none,0,0,4.079
2013,9,11,0,1,1,4,0,0,0,0,0,0,0,4,0.661,1,0.163,0,0,none,0,0,none,0,0,none,0,0,5.103
2013,9,12,0,1,1,4,0,0,0,0,0,0,0,0,,0,0,0,0,none,0,0,none,0,0,none,0,0,2.14
2013,9,13,0,1,1,4,0,0,0,0,0,0,0,0,,3,0.307,0,0,ATPA,0,0.04,none,0,0,none,0,0,1.32
2013,9,14,0,1,1,4,0,0,0,0,0,1,0.4,3,0.438,0,0,0,0,none,0,0,none,0,0,none,0,0,3.358
2013,9,15,0,1,1,4,1,138,120,3.8,1.588,0,0,8,1.034,1,0.186,0,0,none,0,0,none,0,0,none,0,0,3.711
2013,9,16,0,1,1,4,1,115,111,4.4,1.107,0,0,30,6.02,0,0,0,0,none,0,0,none,0,0,none,0,0,7.293
2013,10,1,1,1,0,3,0,0,0,0,0,0,0,0,,0,0,0,0,none,0,0,none,0,0,none,0,0,3.315
2013,10,2,1,1,0,3,0,0,0,0,0,0,0,9,1.37,1,0.1,0,0,none,0,0,none,0,0,none,0,0,1.87
2013,10,3,1,1,0,3,0,0,0,0,0,0,0,6,1.262,1,0.158,0,0,none,0,0,none,0,0,none,0,0,2.003
2013,10,4,1,1,0,3,1,93,93,3.7,0.738,0,0,18,3.309,0,0,0,0,none,0,0,none,0,0,none,0,0,8.059
2013,10,5,1,1,0,3,0,0,0,0,0,0,0,6,0.925,3,1.114,0,0,none,0,0,none,0,0,none,0,0,0.811
2013,10,6,1,1,0,3,0,0,0,0,0,0,0,9,0.89,4,0.888,0,0,ATPA,0,0.056,none,0,0,none,0,0,0.35
2013,10,7,1,1,0,3,1,118,118,4,1.293,1,0.522,11,2.402,3,0.506,0,0,none,0,0,none,0,0,none,0,0,4.64
2013,10,8,1,1,0,3,1,100,100,3.6,0.969,1,1.087,16,2.207,2,0.334,0,0,none,0,0,none,0,0,none,0,0,3.514
2013,10,9,1,1,0,3,1,30,30,3.2,0.177,0,0,15,3.6523.,5,0.807,0,0,none,0,0,none,0,0,none,0,0,2.784
2013,10,10,1,1,0,3,1,141,137,4.3,1.711,3,2.636,22,4.337,2,0.936,1,0.015,none,0,0,none,0,0,none,0,0,1.127
2013,10,11,0,1,0,3,0,0,0,0,0,0,0,-99,0.013,0,0,1,0.011,none,0,0,none,0,0,none,0,0,0.86
2013,10,12,0,1,0,3,0,0,0,0,0,0,0,0,,0,0,0,0,ATPA,0,0.0496,none,0,0,none,0,0,0
2013,10,13,0,1,0,3,0,0,0,0,0,0,0,0,,0,0,0,0,none,0,0,none,0,0,none,0,0,0
2013,10,14,0,1,0,3,0,0,0,0,0,0,0,33,4.288,2,0.197,0,0,none,0,0,none,0,0,none,0,0,0.214
2013,10,15,0,1,0,3,0,0,0,0,0,0,0,6,0.667,8,1.347,0,0,none,0,0,none,0,0,none,0,0,1.996
2013,10,16,0,1,0,3,1,77,77,4.1,0.849,0,0,3,0.54,9,1.677,0,0,none,0,0,none,0,0,none,0,0,1.469
2013,11,1,1,0,0,1,1,115,112,3.7,1.007,0,0,2,0.287,0,0,0,0,none,0,0,none,0,0,none,0,0,0.935
2013,11,2,1,0,0,1,0,0,0,0,0,0,0,1,0.382,2,0.751,0,0,none,0,0,none,0,0,none,0,0,2.188
2013,11,3,1,0,0,1,1,7,6,4.7,0.057,0,0,7,1.437,3,0.342,0,0,none,0,0,none,0,0,none,0,0,2.422
2013,11,4,1,0,0,1,1,132,116,4.6,1.809,1,0.891,0,,1,0.315,0,0,none,0,0,none,0,0,none,0,0,2.369
2013,11,5,1,0,0,1,1,128,125,3.3,1.0833,1,1.368,0,,0,0,0,0,none,0,0,none,0,0,none,0,0,9.724
2013,11,6,1,0,0,1,1,115,108,3.4,0.991,0,0,4,1.619,0,0,0,0,none,0,0,none,0,0,none,0,0,9.023
2013,11,7,1,0,0,1,0,0,0,0,0,1,0.138,4,1.166,0,0,0,0,none,0,0,none,0,0,none,0,0,8.759
2013,11,8,1,0,0,1,0,0,0,0,0,0,0,3,0.55,0,0,0,0,none,0,0,none,0,0,none,0,0,2.452
2013,11,9,1,0,0,1,0,0,0,0,0,0,0,4,0.314,3,0.21,0,0,none,0,0,none,0,0,none,0,0,1.897
2013,11,10,1,0,0,1,0,0,0,0,0,0,0,7,1.282,1,0.166,0,0,none,0,0,none,0,0,none,0,0,3.048
2013,11,11,0,0,0,1,0,0,0,0,0,0,0,0,,1,0.108,0,0,none,0,0,none,0,0,none,0,0,2.088
2013,11,12,0,0,0,1,0,0,0,0,0,0,0,1,0.326,0,0,0,0,none,0,0,none,0,0,none,0,0,0.657
2013,11,13,0,0,0,1,0,0,0,0,0,0,0,2,0.43,0,0,0,0,none,0,0,none,0,0,none,0,0,5.589
2013,11,14,0,0,0,1,1,125,123,4.3,1.364,2,2.165,14,1.42,0,0,0,0,none,0,0,none,0,0,none,0,0,10.99
2013,11,15,0,0,0,1,0,0,0,0,0,0,0,33,6.505,0,0,0,0,none,0,0,none,0,0,none,0,0,5.947
2013,11,16,0,0,0,1,1,139,129,4.4,1.584,0,0,30,6.922,0,0,0,0,none,0,0,none,0,0,none,0,0,5.109
2013,12,1,1,0,1,2,0,0,0,0,0,0,0,0,,1,0.944,0,0,none,0,0,none,0,0,none,0,0,1.259
2013,12,2,1,0,1,2,0,0,0,0,0,0,0,5,0.926,5,2.016,0,0,none,0,0,none,0,0,none,0,0,1.101
2013,12,3,1,0,1,2,0,0,0,0,0,0,0,2,1.531,5,0.198,0,0,none,0,0,none,0,0,none,0,0,3.435
2013,12,4,1,0,1,2,0,0,0,0,0,0,0,2,0.267,1,0.065,0,0,none,0,0,none,0,0,none,0,0,1.952
2013,12,5,1,0,1,2,0,0,0,0,0,0,0,2,0.258,0,0,0,0,none,0,0,none,0,0,none,0,0,3.951
2013,12,6,1,0,1,2,0,0,0,0,0,0,0,1,0.524,0,0,0,0,none,0,0,none,0,0,none,0,0,0.117
2013,12,7,1,0,1,2,0,0,0,0,0,0,0,7,0.433,0,0,0,0,none,0,0,none,0,0,none,0,0,1.639
2013,12,8,1,0,1,2,0,0,0,0,0,0,0,37,9.555,3,1.399,0,0,none,0,0,none,0,0,none,0,0,1.952
2013,12,9,1,0,1,2,0,0,0,0,0,0,0,17,3.996,9,1.094,0,0,ATPA,0,0.016,none,0,0,none,0,0,6.684
2013,12,10,1,0,1,2,1,71,64,4.8,0.487,1,0.456,14,3.989,1,0.491,0,0,none,0,0,none,0,0,none,0,0,6.157
2013,12,11,0,0,1,2,0,0,0,0,0,0,0,0,,2,0.338,0,0,none,0,0,none,0,0,none,0,0,2.256
2013,12,12,0,0,1,2,0,0,0,0,0,0,0,0,,0,0,0,0,none,0,0,none,0,0,none,0,0,0
2013,12,13,0,0,1,2,0,0,0,0,0,0,0,0,,0,0,0,0,none,0,0,none,0,0,none,0,0,0
2013,12,14,0,0,1,2,1,126,117,5,1.599,0,0,27,6.577,2,0.385,0,0,none,0,0,none,0,0,none,0,0,4.243
2013,12,15,0,0,1,2,0,0,0,0,0,0,0,9,1.928,2,0.354,0,0,none,0,0,none,0,0,none,0,0,2.027
2013,12,16,0,0,1,2,1,164,164,5,0.537,0,0,12,2.493,0,0,0,0,none,0,0,none,0,0,none,0,0,5.356
2014,1,1,1,0,0,1,0,0,0,0,0,0,0,6,1.7286,3,0.4804,1,0.0197,none,0,0,none,0,0,none,0,0,-99
2014,1,2,1,0,0,1,0,0,0,0,0,0,0,10,2.113,1,0.0843,0,0,none,0,0,none,0,0,none,0,0,-99
2014,1,3,1,0,0,1,0,0,0,0,0,0,0,1,0.3319,4,1.2675,1,0.0112,none,0,0,none,0,0,none,0,0,-99
2014,1,4,1,0,0,1,0,0,0,0,0,0,0,1,0.0729,5,0.6637,0,0,none,0,0,none,0,0,none,0,0,-99
2014,1,5,1,0,0,1,0,0,0,0,0,0,0,3,0.4367,15,4.302,1,0.0476,none,0,0,none,0,0,none,0,0,-99
2014,1,6,1,0,0,1,0,0,0,0,0,0,0,3,0.3813,9,2.0929,0,0,none,0,0,none,0,0,none,0,0,-99
2014,1,7,1,0,0,1,0,0,0,0,0,0,0,7,1.4156,1,0.1225,0,0,none,0,0,none,0,0,none,0,0,-99
2014,1,8,1,0,0,1,0,0,0,0,0,0,0,5,0.814,7,1.2315,0,0,none,0,0,none,0,0,none,0,0,-99
2014,1,9,1,0,0,1,0,0,0,0,0,0,0,4,0.3,10,0.9898,0,0,none,0,0,none,0,0,none,0,0,-99
2014,1,10,1,0,0,1,0,0,0,0,0,0,0,23,4.303,0,0,0,0,none,0,0,none,0,0,none,0,0,-99
2014,1,11,0,0,0,1,0,0,0,0,0,0,0,5,1.1496,8,1.4176,0,0,none,0,0,none,0,0,none,0,0,-99
2014,1,12,0,0,0,1,0,0,0,0,0,0,0,16,2.7931,1,0.2594,0,0,CUSCU,-99,0.0593,none,0,0,none,0,0,-99
2014,1,13,0,0,0,1,0,0,0,0,0,0,0,3,0.8999,7,2.0383,0,0,none,0,0,none,0,0,none,0,0,-99
2014,1,14,0,0,0,1,0,0,0,0,0,0,0,4,1.2385,2,0.1218,0,0,none,0,0,none,0,0,none,0,0,-99
2014,1,15,0,0,0,1,0,0,0,0,0,0,0,0,0,4,0.3545,0,0,none,0,0,none,0,0,none,0,0,-99
2014,1,16,0,0,0,1,0,0,0,0,0,0,0,8,0.8794,2,0.286,0,0,none,0,0,none,0,0,none,0,0,-99
2014,2,1,1,1,0,3,0,0,0,0,0,0,0,0,0,1,0.1435,0,0,none,0,0,none,0,0,none,0,0,-99
2014,2,3,1,1,0,3,0,0,0,0,0,0,0,3,0.3884,1,0.0323,0,0,none,0,0,none,0,0,none,0,0,-99
2014,2,4,1,1,0,3,0,0,0,0,0,0,0,3,0.1788,3,0.2708,1,0.0014,none,0,0,none,0,0,none,0,0,-99
2014,2,5,1,1,0,3,0,0,0,0,0,0,0,1,0.2415,2,0.5175,0,0,none,0,0,none,0,0,none,0,0,-99
2014,2,6,1,1,0,3,0,0,0,0,0,0,0,2,0.4291,1,0.1035,0,0,none,0,0,none,0,0,none,0,0,-99
2014,2,7,1,1,0,3,0,0,0,0,0,0,0,0,0,2,0.1781,0,0,none,0,0,none,0,0,none,0,0,-99
2014,2,8,1,1,0,3,0,0,0,0,0,0,0,12,1.4033,0,0,0,0,none,0,0,none,0,0,none,0,0,-99
2014,2,9,1,1,0,3,0,0,0,0,0,0,0,7,1.1516,0,0,0,0,none,0,0,none,0,0,none,0,0,-99
2014,2,10,1,1,0,3,0,0,0,0,0,0,0,11,2.0115,0,0,1,0.0301,none,0,0,none,0,0,none,0,0,-99
2014,2,11,0,1,0,3,0,0,0,0,0,0,0,5,1.2123,0,0,0,0,none,0,0,none,0,0,none,0,0,-99
2014,2,12,0,1,0,3,0,0,0,0,0,0,0,21,5.6669,2,0.3204,0,0,none,0,0,none,0,0,none,0,0,-99
2014,2,13,0,1,0,3,0,0,0,0,0,0,0,8,0.6504,1,0.1801,0,0,none,0,0,none,0,0,none,0,0,-99
2014,2,14,0,1,0,3,0,0,0,0,0,0,0,0,0,1,0.2344,0,0,none,0,0,none,0,0,none,0,0,-99
2014,2,15,0,1,0,3,0,0,0,0,0,0,0,0,0,0,0,0,0,ASTER,1,0.6927,none,0,0,none,0,0,-99
2014,3,1,1,0,1,2,0,0,0,0,0,0,0,0,0,3,0.3838,0,0,KOVI,1,0.1404,SOSE,1,0.0858,none,0,0,-99
2014,3,2,1,0,1,2,0,0,0,0,0,0,0,0,0,3,0.4464,0,0,POHY,2,4.8003,none,0,0,none,0,0,-99
2014,3,3,1,0,1,2,0,0,0,0,0,0,0,0,0,2,0.16,0,0,IVFR,1,0.0881,none,0,0,none,0,0,-99
2014,3,4,1,0,1,2,0,0,0,0,0,0,0,0,0,8,1.1389,1,0.0999,none,0,0,none,0,0,none,0,0,-99
2014,3,5,1,0,1,2,0,0,0,0,0,0,0,0,0,7,1.3765,1,0.0381,none,0,0,none,0,0,none,0,0,-99
2014,3,6,1,0,1,2,0,0,0,0,0,0,0,0,0,6,1.1993,1,0.0721,none,0,0,none,0,0,none,0,0,-99
2014,3,7,1,0,1,2,0,0,0,0,0,0,0,1,0.2939,3,0.5351,0,0,none,0,0,none,0,0,none,0,0,-99
2014,3,8,1,0,1,2,0,0,0,0,0,0,0,2,0.08,4,1.2901,0,0,none,0,0,none,0,0,none,0,0,-99
2014,3,9,1,0,1,2,0,0,0,0,0,0,0,2,0.3804,1,0.0517,0,0,none,0,0,none,0,0,none,0,0,-99
2014,3,10,1,0,1,2,0,0,0,0,0,0,0,8,1.7378,1,0.3565,0,0,none,0,0,none,0,0,none,0,0,-99
2014,3,11,0,0,1,2,0,0,0,0,0,0,0,19,2.8115,5,0.9466,0,0,none,0,0,none,0,0,none,0,0,-99
2014,3,12,0,0,1,2,0,0,0,0,0,0,0,2,0.2978,1,0.062,0,0,none,0,0,none,0,0,none,0,0,-99
2014,3,13,0,0,1,2,0,0,0,0,0,0,0,6,0.7182,0,0,0,0,none,0,0,none,0,0,none,0,0,-99
2014,3,14,0,0,1,2,0,0,0,0,0,0,0,0,0,0,0,1,0.0768,none,0,0,none,0,0,none,0,0,-99
2014,4,1,1,1,1,4,0,0,0,0,0,0,0,0,0,2,0.5456,0,0,none,0,0,none,0,0,none,0,0,-99
2014,4,3,1,1,1,4,0,0,0,0,0,0,0,0,0,3,0.5201,0,0,none,0,0,none,0,0,none,0,0,-99
2014,4,4,1,1,1,4,0,0,0,0,0,0,0,0,0,1,0.0839,0,0,none,0,0,none,0,0,none,0,0,-99
2014,4,5,1,1,1,4,0,0,0,0,0,0,0,0,0,1,0.2793,0,0,none,0,0,none,0,0,none,0,0,-99
2014,4,6,1,1,1,4,0,0,0,0,0,0,0,0,0,1,0.0813,0,0,none,0,0,none,0,0,none,0,0,-99
2014,4,7,1,1,1,4,0,0,0,0,0,0,0,0,0,1,0.3211,0,0,SOSE,1,15.0608,none,0,0,none,0,0,-99
2014,4,8,1,1,1,4,0,0,0,0,0,0,0,0,0,5,1.3922,0,0,none,0,0,none,0,0,none,0,0,-99
2014,4,9,1,1,1,4,0,0,0,0,0,0,0,1,0.3148,6,1.1864,2,0.0556,none,0,0,none,0,0,none,0,0,-99
2014,4,10,1,1,1,4,0,0,0,0,0,0,0,2,0.377,6,2.0178,0,0,none,0,0,none,0,0,none,0,0,-99
2014,4,11,0,1,1,4,0,0,0,0,0,0,0,18,3.9076,4,1.0868,0,0,ASTER,1,0.9912,none,0,0,none,0,0,-99
2014,4,12,0,1,1,4,0,0,0,0,0,0,0,11,1.7302,0,0,0,0,none,0,0,none,0,0,none,0,0,-99
2014,4,13,0,1,1,4,0,0,0,0,0,0,0,4,1.0587,3,0.7049,0,0,none,0,0,none,0,0,none,0,0,-99
2014,4,14,0,1,1,4,0,0,0,0,0,0,0,3,0.675,0,0,0,0,none,0,0,none,0,0,none,0,0,-99
2014,5,1,1,1,0,3,0,0,0,0,0,0,0,1,0.115,0,0,1,0.0097,none,0,0,none,0,0,none,0,0,-99
2014,5,2,1,1,0,3,0,0,0,0,0,0,0,2,0.2874,0,0,0,0,none,0,0,none,0,0,none,0,0,-99
2014,5,3,1,1,0,3,1,66,66,5,0.7232,0,0,2,0.2687,0,0,0,0,none,0,0,none,0,0,none,0,0,-99
2014,5,4,1,1,0,3,0,0,0,0,0,0,0,0,0,1,0.1962,0,0,none,0,0,none,0,0,none,0,0,-99
2014,5,5,1,1,0,3,0,0,0,0,0,0,0,0,0,2,0.1306,1,0.1673,none,0,0,none,0,0,none,0,0,-99
2014,5,6,1,1,0,3,0,0,0,0,0,0,0,3,0.1407,5,0.5688,1,0.4942,none,0,0,none,0,0,none,0,0,-99
2014,5,7,1,1,0,3,0,0,0,0,0,0,0,2,0.4464,1,0.0923,2,0.054,none,0,0,none,0,0,none,0,0,-99
2014,5,8,1,1,0,3,0,0,0,0,0,0,0,9,1.3486,1,0.381,0,0,none,0,0,none,0,0,none,0,0,-99
2014,5,9,1,1,0,3,0,0,0,0,0,0,0,5,0.6358,1,0.0114,4,0.1054,none,0,0,none,0,0,none,0,0,-99
2014,5,10,1,1,0,3,0,0,0,0,0,0,0,2,0.1783,0,0,1,0.0201,none,0,0,none,0,0,none,0,0,-99
2014,5,11,0,1,0,3,0,0,0,0,0,0,0,5,0.5283,1,0.0232,0,0,none,0,0,none,0,0,none,0,0,-99
2014,5,13,0,1,0,3,1,63,47,4.7,0.4898,3,2.3225,0,0,2,0.3255,0,0,none,0,0,none,0,0,none,0,0,-99
2014,5,14,0,1,0,3,0,0,0,0,0,0,0,1,0.2243,0,0,0,0,none,0,0,none,0,0,none,0,0,-99
2014,6,3,1,0,1,2,0,0,0,0,0,0,0,1,0.0976,0,0,0,0,none,0,0,none,0,0,none,0,0,-99
2014,6,4,1,0,1,2,1,117,81,3.9,0.7173,0,0,1,0.2304,0,0,1,1.4015,none,0,0,none,0,0,none,0,0,-99
2014,6,5,1,0,1,2,0,0,0,0,0,0,0,0,0,1,0.1152,0,0,none,0,0,none,0,0,none,0,0,-99
2014,6,6,1,0,1,2,1,141,122,4.6,1.025,1,1.5814,0,0,1,0.0807,0,0,none,0,0,none,0,0,none,0,0,-99
2014,6,7,1,0,1,2,1,111,99,4.8,0.9821,2,1.3759,2,0.5128,2,0.3057,0,0,KOVI,1,0.0451,none,0,0,none,0,0,-99
2014,6,8,1,0,1,2,1,112,112,5,0.982,0,0,4,0.1574,2,0.4155,4,0.7844,none,0,0,none,0,0,none,0,0,-99
2014,6,9,1,0,1,2,0,0,0,0,0,0,0,20,1.0986,0,0,0,0,none,0,0,none,0,0,none,0,0,-99
2014,6,11,0,0,1,2,1,131,120,4.3,1.3423,2,1.9206,18,2.7817,0,0,2,0.0133,none,0,0,none,0,0,none,0,0,-99
2014,6,12,0,0,1,2,1,79,77,4.7,0.8179,1,0.5543,8,0.9617,0,0,0,0,none,0,0,none,0,0,none,0,0,-99
2014,6,13,0,0,1,2,1,33,33,6.4,0.3771,0,0,10,1.3559,1,0.2195,0,0,none,0,0,none,0,0,none,0,0,-99
2014,7,1,1,1,1,4,0,0,0,0,0,0,0,3,0.438,0,0,0,0,none,0,0,none,0,0,none,0,0,-99
2014,7,2,1,1,1,4,1,58,47,3.1,0.2322,2,0.2445,0,0,0,0,0,0,none,0,0,none,0,0,none,0,0,-99
2014,7,3,1,1,1,4,1,124,120,4.7,0.794,1,0.365,0,0,2,0.4056,0,0,none,0,0,none,0,0,none,0,0,-99
2014,7,5,1,1,1,4,0,0,0,0,0,0,0,0,0,4,0.2995,0,0,none,0,0,none,0,0,none,0,0,-99
2014,7,6,1,1,1,4,1,100,90,5.3,1.0883,0,0,0,0,2,0.2726,0,0,none,0,0,none,0,0,none,0,0,-99
2014,7,7,1,1,1,4,1,40,40,5.1,0.3071,0,0,0,0,0,0,0,0,none,0,0,none,0,0,none,0,0,-99
2014,7,8,1,1,1,4,0,0,0,0,0,0,0,0,0,1,0.0788,0,0,none,0,0,none,0,0,none,0,0,-99
2014,7,9,1,1,1,4,0,0,0,0,0,0,0,2,0.195,1,0.2126,0,0,none,0,0,none,0,0,none,0,0,-99
2014,7,10,1,1,1,4,1,137,131,5.3,1.4804,0,0,0,0,2,0.6473,0,0,none,0,0,none,0,0,none,0,0,-99
2014,7,11,0,1,1,4,0,0,0,0,0,0,0,1,0.0622,3,0.6128,0,0,none,0,0,none,0,0,none,0,0,-99
2014,7,12,0,1,1,4,1,136,123,4.7,1.7486,1,0.3368,1,0.0436,0,0,0,0,none,0,0,none,0,0,none,0,0,-99
2014,7,13,0,1,1,4,0,0,0,0,0,0,0,23,4.4224,2,0.182,0,0,none,0,0,none,0,0,none,0,0,-99
2014,8,1,1,0,0,1,0,0,0,0,0,0,0,2,1.2319,1,0.037,0,0,none,0,0,none,0,0,none,0,0,-99
2014,8,2,1,0,0,1,0,0,0,0,0,0,0,8,0.6897,1,0.2612,0,0,none,0,0,none,0,0,none,0,0,-99
2014,8,3,1,0,0,1,1,126,117,4.9,1.3521,1,0.6896,1,0.5087,0,0,0,0,none,0,0,none,0,0,none,0,0,-99
2014,8,4,1,0,0,1,0,0,0,0,0,0,0,12,2.5166,0,0,1,0.0076,none,0,0,none,0,0,none,0,0,-99
2014,8,5,1,0,0,1,1,61,61,5.2,0.6856,0,0,14,3.3027,8,1.7068,0,0,none,0,0,none,0,0,none,0,0,-99
2014,8,6,1,0,0,1,1,118,116,5.6,1.65,1,0.4625,1,0.1773,0,0,0,0,none,0,0,none,0,0,none,0,0,-99
2014,8,7,1,0,0,1,1,54,54,3.8,0.3937,0,0,1,0.0846,0,0,0,0,none,0,0,none,0,0,none,0,0,-99
2014,8,8,1,0,0,1,1,110,109,5.5,1.5795,5,3.755,10,2.7508,1,0.0942,0,0,none,0,0,none,0,0,none,0,0,-99
2014,8,9,1,0,0,1,0,0,0,0,0,0,0,3,0.0544,1,0.0331,0,0,none,0,0,none,0,0,none,0,0,-99
2014,8,10,1,0,0,1,1,120,107,4.7,-99,0,0,9,0.9665,0,0,0,0,none,0,0,none,0,0,none,0,0,-99
2014,8,11,0,0,0,1,1,123,117,5.2,1.4631,0,0,5,0.493,0,0,0,0,none,0,0,none,0,0,none,0,0,-99
2014,8,12,0,0,0,1,1,73,73,5,0.7215,0,0,8,1.406,1,0.1107,1,0.1678,none,0,0,none,0,0,none,0,0,-99
2014,8,13,0,0,0,1,1,103,88,4.4,-99,0,0,5,0.913,0,0,0,0,none,0,0,none,0,0,none,0,0,-99
2014,8,14,0,0,0,1,0,0,0,0,0,0,0,0,0,4,0.2352,0,0,none,0,0,none,0,0,none,0,0,-99
2014,8,15,0,0,0,1,0,0,0,0,0,0,0,1,0.0453,2,0.4932,2,0.0369,none,0,0,none,0,0,none,0,0,-99
2014,8,16,0,0,0,1,0,0,0,0,0,0,0,3,0.4836,0,0,1,0.0125,none,0,0,none,0,0,none,0,0,-99
2014,9,1,1,1,1,4,0,0,0,0,0,0,0,1,0.024,0,0,0,0,none,0,0,none,0,0,none,0,0,-99
2014,9,2,1,1,1,4,0,0,0,0,0,0,0,1,-99,0,0,2,0.8732,none,0,0,none,0,0,none,0,0,-99
2014,9,4,1,1,1,4,1,126,123,3.8,1.1192,1,0.0829,1,0.2722,0,0,0,0,none,0,0,none,0,0,none,0,0,-99
2014,9,5,1,1,1,4,1,101,99,5,1.0278,0,0,0,0,0,0,0,0,none,0,0,none,0,0,none,0,0,-99
2014,9,7,1,1,1,4,1,110,104,5,1.1359,0,0,1,0.5957,0,0,0,0,POHY,1,0.0575,none,0,0,none,0,0,-99
2014,9,8,1,1,1,4,1,126,116,4.9,1.1257,0,0,1,0.0234,0,0,0,0,none,0,0,none,0,0,none,0,0,-99
2014,9,9,1,1,1,4,1,86,83,4,0.5501,2,2.3885,3,0.2378,2,0.5348,0,0,none,0,0,none,0,0,none,0,0,-99
2014,9,10,1,1,1,4,1,31,31,4.7,0.2595,5,7.6205,13,1.744,0,0,0,0,none,0,0,none,0,0,none,0,0,-99
2014,9,11,0,1,1,4,0,0,0,0,0,0,0,8,1.1718,0,0,0,0,none,0,0,none,0,0,none,0,0,-99
2014,9,12,0,1,1,4,1,107,106,4.9,1.0818,0,0,27,5.2116,2,0.439,0,0,none,0,0,none,0,0,none,0,0,-99
2014,9,13,0,1,1,4,1,111,108,4.1,0.8863,4,3.6054,19,4.203,2,0.39,0,0,none,0,0,none,0,0,none,0,0,-99
2014,9,14,0,1,1,4,0,0,0,0,0,0,0,2,0.191,1,0.3379,0,0,none,0,0,none,0,0,none,0,0,-99
2014,10,1,1,1,0,3,1,61,61,3.5,0.2987,0,0,1,0.0206,4,0.5576,0,0,POHY,1,0.4316,none,0,0,none,0,0,-99
2014,10,2,1,1,0,3,0,0,0,0,0,0,0,0,0,1,0.0704,0,0,none,0,0,none,0,0,none,0,0,-99
2014,10,3,1,1,0,3,1,-99,-99,-99,0.9925,0,0,1,0.1981,2,0.0944,0,0,none,0,0,none,0,0,none,0,0,-99
2014,10,4,1,1,0,3,0,0,0,0,0,0,0,16,2.7959,2,0.4858,0,0,none,0,0,none,0,0,none,0,0,-99
2014,10,5,1,1,0,3,1,109,107,4.8,1.0731,0,0,1,0.2092,0,0,0,0,ATPA,1,0.0565,none,0,0,none,0,0,-99
2014,10,6,1,1,0,3,0,0,0,0,0,0,0,1,0.0395,8,1.2276,2,0.0304,none,0,0,none,0,0,none,0,0,-99
2014,10,7,1,1,0,3,1,30,30,3.4,0.1849,0,0,0,0,1,0.0217,0,0,none,0,0,none,0,0,none,0,0,-99
2014,10,8,1,1,0,3,1,62,62,4.4,0.5163,0,0,15,2.9858,1,0.1043,0,0,none,0,0,none,0,0,none,0,0,-99
2014,10,9,1,1,0,3,0,0,0,0,0,0,0,4,1.0887,0,0,1,0.0074,none,0,0,none,0,0,none,0,0,-99
2014,10,10,1,1,0,3,1,75,58,3.3,0.3418,5,2.6018,4,0.8062,0,0,1,0.1448,none,0,0,none,0,0,none,0,0,-99
2014,10,11,0,1,0,3,0,0,0,0,0,0,0,6,1.0884,0,0,0,0,none,0,0,none,0,0,none,0,0,-99
2014,10,12,0,1,0,3,0,0,0,0,0,0,0,4,0.3291,0,0,0,0,none,0,0,none,0,0,none,0,0,-99
2014,10,13,0,1,0,3,1,117,114,5.1,1.2849,4,2.3877,9,1.1831,4,0.3696,0,0,none,0,0,none,0,0,none,0,0,-99
2014,11,2,1,0,0,1,0,0,0,0,0,0,0,3,0.6659,2,0.3579,0,0,none,0,0,none,0,0,none,0,0,-99
2014,11,3,1,0,0,1,0,0,0,0,0,0,0,1,0.1676,0,0,0,0,none,0,0,none,0,0,none,0,0,-99
2014,11,5,1,0,0,1,1,86,77,3.4,0.5394,3,1.5237,2,0.8702,0,0,0,0,none,0,0,none,0,0,none,0,0,-99
2014,11,6,1,0,0,1,1,105,102,5,0.965,1,0.2388,0,0,3,0.815,0,0,none,0,0,none,0,0,none,0,0,-99
2014,11,7,1,0,0,1,1,78,78,6,0.9406,0,0,1,0.2326,0,0,0,0,none,0,0,none,0,0,none,0,0,-99
2014,11,8,1,0,0,1,1,59,39,4.9,0.4868,0,0,1,0.2626,0,0,0,0,none,0,0,none,0,0,none,0,0,-99
2014,11,9,1,0,0,1,1,81,55,4.7,0.7742,2,0.9623,3,0.4487,5,0.5944,0,0,none,0,0,none,0,0,none,0,0,-99
2014,11,10,1,0,0,1,0,0,0,0,0,0,0,16,2.7055,2,0.4049,0,0,none,0,0,none,0,0,none,0,0,-99
2014,11,11,0,0,0,1,0,0,0,0,0,0,0,5,0.7575,0,0,0,0,none,0,0,none,0,0,none,0,0,-99
2014,11,12,0,0,0,1,1,82,81,4.1,0.6242,3,3.2185,17,2.8669,3,1.1573,0,0,none,0,0,none,0,0,none,0,0,-99
2014,11,13,0,0,0,1,1,79,74,4,0.5525,0,0,18,1.2723,0,0,0,0,none,0,0,none,0,0,none,0,0,-99
2014,11,14,0,0,0,1,0,0,0,0,0,0,0,4,0.3722,1,0.0829,0,0,none,0,0,none,0,0,none,0,0,-99
2014,12,1,1,0,1,2,0,0,0,0,0,0,0,0,0,1,0.4466,0,0,none,0,0,none,0,0,none,0,0,-99
2014,12,2,1,0,1,2,0,0,0,0,0,0,0,0,0,2,0.2527,0,0,none,0,0,none,0,0,none,0,0,-99
2014,12,4,1,0,1,2,0,0,0,0,0,0,0,0,0,1,0.5915,0,0,ATPA,1,0.671,none,0,0,none,0,0,-99
2014,12,5,1,0,1,2,0,0,0,0,0,0,0,1,0.1025,2,0.0894,0,0,none,0,0,none,0,0,none,0,0,-99
2014,12,6,1,0,1,2,1,126,118,5.2,0.9769,2,1.5904,3,0.5715,2,0.4122,0,0,ATPA,1,0.1677,none,0,0,none,0,0,-99
2014,12,7,1,0,1,2,0,0,0,0,0,0,0,1,0.2459,3,0.2886,0,0,ATPA,1,0.0555,none,0,0,none,0,0,-99
2014,12,8,1,0,1,2,0,0,0,0,0,0,0,9,3.209,0,0,0,0,ATPA,11,1.3602,none,0,0,none,0,0,-99
2014,12,9,1,0,1,2,1,80,80,5,0.7112,2,0.9771,4,0.449,6,0.8888,0,0,none,0,0,none,0,0,none,0,0,-99
2014,12,10,1,0,1,2,0,0,0,0,0,0,0,11,1.2429,0,0,0,0,none,0,0,none,0,0,none,0,0,-99
2014,12,11,0,0,1,2,1,44,44,4.2,0.3307,0,0,9,2.0905,0,0,0,0,none,0,0,none,0,0,none,0,0,-99
2014,12,12,0,0,1,2,1,108,96,4.3,1.0186,1,0.897,29,7.2072,0,0,0,0,none,0,0,none,0,0,none,0,0,-99
2014,12,13,0,0,1,2,1,118,115,5,1.1987,0,0,2,0.2048,1,0.0517,0,0,none,0,0,none,0,0,none,0,0,-99
2015,1,1,1,0,0,1,-99,-99,-99,-99,-99,0,0,6,1.1369,0,0,0,0,none,0,0,none,0,0,none,0,0,-99
2015,1,2,1,0,0,1,-99,-99,-99,-99,-99,0,0,13,3.078,3,0.7879,0,0,none,0,0,none,0,0,none,0,0,-99
2015,1,3,1,0,0,1,-99,-99,-99,-99,-99,0,0,3,0.425,4,1.4824,0,0,none,0,0,none,0,0,none,0,0,-99
2015,1,4,1,0,0,1,-99,-99,-99,-99,-99,0,0,2,0.1992,3,0.5901,0,0,none,0,0,none,0,0,none,0,0,-99
2015,1,5,1,0,0,1,-99,-99,-99,-99,-99,0,0,5,1.0208,1,0.2215,0,0,none,0,0,none,0,0,none,0,0,-99
2015,1,6,1,0,0,1,-99,-99,-99,-99,-99,0,0,5,0.7113,12,3.2815,0,0,POHY,1,0.0621,none,0,0,none,0,0,-99
2015,1,7,1,0,0,1,-99,-99,-99,-99,-99,0,0,9,1.1158,2,0.4087,0,0,none,0,0,none,0,0,none,0,0,-99
2015,1,8,1,0,0,1,-99,-99,-99,-99,-99,0,0,4,1.606,5,1.145,0,0,none,0,0,none,0,0,none,0,0,-99
2015,1,9,1,0,0,1,-99,-99,-99,-99,-99,0,0,12,2.3792,8,1.3491,0,0,none,0,0,none,0,0,none,0,0,-99
2015,1,10,1,0,0,1,-99,-99,-99,-99,-99,0,0,7,1.3116,2,0.5044,0,0,none,0,0,none,0,0,none,0,0,-99
2015,1,11,0,0,0,1,-99,-99,-99,-99,-99,0,0,13,1.7833,0,0,0,0,none,0,0,none,0,0,none,0,0,-99
2015,1,12,0,0,0,1,-99,-99,-99,-99,-99,0,0,9,2.5988,0,0,0,0,none,0,0,none,0,0,none,0,0,-99
2015,1,13,0,0,0,1,-99,-99,-99,-99,-99,0,0,11,2.0053,10,1.3925,0,0,none,0,0,none,0,0,none,0,0,-99
2015,1,14,0,0,0,1,-99,-99,-99,-99,-99,0,0,10,2.9616,0,0,1,0.294,none,0,0,none,0,0,none,0,0,-99
2015,1,15,0,0,0,1,-99,-99,-99,-99,-99,0,0,9,0.8448,0,0,0,0,none,0,0,none,0,0,none,0,0,-99
2015,1,16,0,0,0,1,-99,-99,-99,-99,-99,0,0,13,1.4817,4,0.6228,0,0,none,0,0,none,0,0,none,0,0,-99
2015,2,1,1,1,0,3,-99,-99,-99,-99,-99,0,0,1,0.2089,6,1.5662,0,0,ATPA,1,0.1469,none,0,0,none,0,0,-99
2015,2,2,1,1,0,3,-99,-99,-99,-99,-99,0,0,8,1.1727,0,0,0,0,POHY,1,0.0156,none,0,0,none,0,0,-99
2015,2,3,1,1,0,3,-99,-99,-99,-99,-99,0,0,3,0.6345,0,0,0,0,none,0,0,none,0,0,none,0,0,-99
2015,2,4,1,1,0,3,-99,-99,-99,-99,-99,0,0,3,0.331,6,0.8226,2,0.0415,none,0,0,none,0,0,none,0,0,-99
2015,2,5,1,1,0,3,-99,-99,-99,-99,-99,0,0,2,0.7697,2,0.1697,0,0,none,0,0,none,0,0,none,0,0,-99
2015,2,6,1,1,0,3,-99,-99,-99,-99,-99,0,0,4,0.4024,3,0.6391,0,0,none,0,0,none,0,0,none,0,0,-99
2015,2,7,1,1,0,3,-99,-99,-99,-99,-99,0,0,5,1.1978,7,0.7289,0,0,none,0,0,none,0,0,none,0,0,-99
2015,2,8,1,1,0,3,-99,-99,-99,-99,-99,0,0,14,2.0111,1,0.0733,0,0,none,0,0,none,0,0,none,0,0,-99
2015,2,9,1,1,0,3,-99,-99,-99,-99,-99,0,0,13,2.0911,5,1.8384,0,0,none,0,0,none,0,0,none,0,0,-99
2015,2,10,1,1,0,3,-99,-99,-99,-99,-99,0,0,33,4.9833,3,0.4026,0,0,none,0,0,none,0,0,none,0,0,-99
2015,2,11,0,1,0,3,-99,-99,-99,-99,-99,0,0,0,0,0,0,0,0,none,0,0,none,0,0,none,0,0,-99
2015,2,12,0,1,0,3,-99,-99,-99,-99,-99,0,0,0,0,0,0,0,0,none,0,0,none,0,0,none,0,0,-99
2015,2,13,0,1,0,3,-99,-99,-99,-99,-99,0,0,0,0,0,0,0,0,none,0,0,none,0,0,none,0,0,-99
2015,2,14,0,1,0,3,-99,-99,-99,-99,-99,0,0,11,1.8502,0,0,0,0,none,0,0,none,0,0,none,0,0,-99
2015,2,15,0,1,0,3,-99,-99,-99,-99,-99,0,0,46,4.7975,3,0.3361,0,0,none,0,0,none,0,0,none,0,0,-99
2015,2,16,0,1,0,3,-99,-99,-99,-99,-99,0,0,6,0.9159,0,0,0,0,none,0,0,none,0,0,none,0,0,-99
2015,3,1,1,0,1,2,-99,-99,-99,-99,-99,0,0,0,0,2,0.4395,0,0,none,0,0,none,0,0,none,0,0,-99
2015,3,2,1,0,1,2,-99,-99,-99,-99,-99,0,0,0,0,0,0,0,0,POHY,1,0.0888,none,0,0,none,0,0,-99
2015,3,3,1,0,1,2,-99,-99,-99,-99,-99,0,0,0,0,3,0.7821,0,0,none,0,0,POHY,1,0.4635,none,0,0,-99
2015,3,4,1,0,1,2,-99,-99,-99,-99,-99,0,0,0,0,2,0.1839,0,0,POHY,2,0.5292,none,0,0,none,0,0,-99
2015,3,5,1,0,1,2,-99,-99,-99,-99,-99,0,0,0,0,6,1.64,0,0,none,0,0,none,0,0,none,0,0,-99
2015,3,6,1,0,1,2,-99,-99,-99,-99,-99,0,0,0,0,16,3.5088,0,0,none,0,0,none,0,0,none,0,0,-99
2015,3,7,1,0,1,2,-99,-99,-99,-99,-99,0,0,7,1.0781,1,0.1098,0,0,none,0,0,none,0,0,none,0,0,-99
2015,3,8,1,0,1,2,-99,-99,-99,-99,-99,0,0,2,0.4178,15,3.3113,1,0.2915,none,0,0,none,0,0,none,0,0,-99
2015,3,9,1,0,1,2,-99,-99,-99,-99,-99,0,0,1,0.1096,7,2.136,0,0,POHY,1,0.2144,none,0,0,none,0,0,-99
2015,3,10,1,0,1,2,-99,-99,-99,-99,-99,0,0,5,1.0991,7,1.7402,0,0,SOSE,1,0.9159,none,0,0,none,0,0,-99
2015,3,11,0,0,1,2,-99,-99,-99,-99,-99,0,0,22,3.9982,4,-99,0,0,none,0,0,none,0,0,none,0,0,-99
2015,3,12,0,0,1,2,-99,-99,-99,-99,-99,1,0.8308,4,0.6103,0,0,0,0,none,0,0,none,0,0,none,0,0,-99
2015,3,13,0,0,1,2,-99,-99,-99,-99,-99,2,1.1063,7,0.3263,0,0,0,0,none,0,0,none,0,0,none,0,0,-99
2015,3,14,0,0,1,2,-99,-99,-99,-99,-99,0,0,1,0.0608,0,0,0,0,none,0,0,none,0,0,none,0,0,-99
2015,3,15,0,0,1,2,-99,-99,-99,-99,-99,0,0,0,0,0,0,0,0,none,0,0,none,0,0,none,0,0,-99
2015,3,16,0,0,1,2,-99,-99,-99,-99,-99,0,0,0,0,0,0,0,0,none,0,0,none,0,0,none,0,0,-99
2015,4,1,1,1,1,4,-99,-99,-99,-99,-99,0,0,0,0,1,0.1724,0,0,none,0,0,none,0,0,none,0,0,-99
2015,4,2,1,1,1,4,-99,-99,-99,-99,-99,0,0,0,0,0,0,0,0,ATPA,1,1.3018,none,0,0,none,0,0,-99
2015,4,3,1,1,1,4,-99,-99,-99,-99,-99,0,0,0,0,0,0,1,0.7617,none,0,0,none,0,0,none,0,0,-99
2015,4,4,1,1,1,4,-99,-99,-99,-99,-99,0,0,0,0,0,0,0,0,none,0,0,none,0,0,none,0,0,-99
2015,4,5,1,1,1,4,-99,-99,-99,-99,-99,0,0,0,0,1,0.0523,0,0,none,0,0,none,0,0,none,0,0,-99
2015,4,6,1,1,1,4,-99,-99,-99,-99,-99,0,0,0,0,0,0,0,0,none,0,0,none,0,0,none,0,0,-99
2015,4,7,1,1,1,4,-99,-99,-99,-99,-99,0,0,0,0,1,0.3093,0,0,none,0,0,none,0,0,none,0,0,-99
2015,4,8,1,1,1,4,-99,-99,-99,-99,-99,0,0,1,0.2094,0,0,0,0,ATPA,1,0.4349,none,0,0,none,0,0,-99
2015,4,9,1,1,1,4,-99,-99,-99,-99,-99,1,-99,2,0.2447,10,2.8333,1,0.1197,none,0,0,none,0,0,none,0,0,-99
2015,4,10,1,1,1,4,-99,-99,-99,-99,-99,0,0,5,1.2638,10,2.1113,0,0,ATPA,4,3.9473,none,0,0,none,0,0,-99
2015,4,11,0,1,1,4,-99,-99,-99,-99,-99,0,0,0,0,1,0.1282,0,0,none,0,0,none,0,0,none,0,0,-99
2015,4,12,0,1,1,4,-99,-99,-99,-99,-99,0,0,0,0,0,0,0,0,SOSE,1,0.1049,none,0,0,none,0,0,-99
2015,4,13,0,1,1,4,-99,-99,-99,-99,-99,0,0,0,0,0,0,0,0,none,0,0,none,0,0,none,0,0,-99
2015,4,14,0,1,1,4,-99,-99,-99,-99,-99,0,0,21,3.7049,4,0.4522,0,0,none,0,0,none,0,0,none,0,0,-99
2015,4,15,0,1,1,4,-99,-99,-99,-99,-99,0,0,4,1.1934,0,0,0,0,none,0,0,none,0,0,none,0,0,-99
2015,4,16,0,1,1,4,-99,-99,-99,-99,-99,2,3.4162,0,0,2,0.6778,0,0,none,0,0,none,0,0,none,0,0,-99
2015,5,1,1,1,0,3,-99,-99,-99,-99,-99,1,2.043,5,0.6417,1,0.0711,1,0.1717,none,0,0,none,0,0,none,0,0,-99
2015,5,2,1,1,0,3,-99,-99,-99,-99,-99,0,0,8,1.297,0,0,0,0,none,0,0,none,0,0,none,0,0,-99
2015,5,3,1,1,0,3,-99,-99,-99,-99,-99,0,0,0,0,3,0.1839,1,0.0246,none,0,0,none,0,0,none,0,0,-99
2015,5,4,1,1,0,3,-99,-99,-99,-99,-99,0,0,0,0,0,0,0,0,none,0,0,none,0,0,none,0,0,-99
2015,5,5,1,1,0,3,-99,-99,-99,-99,-99,0,0,1,0.3017,4,0.6909,2,0.0453,none,0,0,none,0,0,none,0,0,-99
2015,5,6,1,1,0,3,-99,-99,-99,-99,-99,0,0,5,0.7784,6,1.228,2,0.2669,none,0,0,none,0,0,none,0,0,-99
2015,5,7,1,1,0,3,-99,-99,-99,-99,-99,0,0,11,1.5588,3,0.5407,0,0,POHY,1,0.0889,none,0,0,none,0,0,-99
2015,5,8,1,1,0,3,-99,-99,-99,-99,-99,1,1.0605,10,1.8275,2,0.2761,0,0,none,0,0,none,0,0,none,0,0,-99
2015,5,9,1,1,0,3,-99,-99,-99,-99,-99,0,0,7,1.1817,6,0.887,0,0,none,0,0,none,0,0,none,0,0,-99
2015,5,10,1,1,0,3,-99,-99,-99,-99,-99,4,2.719,1,0.2322,2,0.3649,0,0,POHY,1,0.0719,none,0,0,none,0,0,-99
2015,5,11,0,1,0,3,-99,-99,-99,-99,-99,0,0,0,0,0,0,1,0.2814,none,0,0,none,0,0,none,0,0,-99
2015,5,12,0,1,0,3,-99,-99,-99,-99,-99,0,0,0,0,0,0,0,0,none,0,0,none,0,0,none,0,0,-99
2015,5,13,0,1,0,3,-99,-99,-99,-99,-99,0,0,0,0,0,0,0,0,none,0,0,none,0,0,none,0,0,-99
2015,5,14,0,1,0,3,-99,-99,-99,-99,-99,2,2.2649,0,0,0,0,0,0,none,0,0,none,0,0,none,0,0,-99
2015,5,15,0,1,0,3,-99,-99,-99,-99,-99,2,0.1189,1,0.0788,0,0,0,0,none,0,0,none,0,0,none,0,0,-99
2015,5,16,0,1,0,3,-99,-99,-99,-99,-99,2,2.8402,0,0,0,0,0,0,none,0,0,none,0,0,none,0,0,-99
2015,6,1,1,0,1,2,-99,-99,-99,-99,-99,0,0,0,0,0,0,0,0,POHY,1,0.069,none,0,0,none,0,0,-99
2015,6,2,1,0,1,2,-99,-99,-99,-99,-99,0,0,0,0,0,0,0,0,none,0,0,none,0,0,none,0,0,-99
2015,6,3,1,0,1,2,-99,-99,-99,-99,-99,0,0,0,0,0,0,0,0,none,0,0,none,0,0,none,0,0,-99
2015,6,4,1,0,1,2,-99,-99,-99,-99,-99,0,0,0,0,0,0,4,0.8955,none,0,0,none,0,0,none,0,0,-99
2015,6,5,1,0,1,2,-99,-99,-99,-99,-99,0,0,0,0,1,0.4226,0,0,ATPA,1,0.2703,none,0,0,none,0,0,-99
2015,6,6,1,0,1,2,-99,-99,-99,-99,-99,0,0,0,0,2,0.1153,2,1.1069,none,0,0,none,0,0,none,0,0,-99
2015,6,7,1,0,1,2,-99,-99,-99,-99,-99,0,0,0,0,1,0.0957,0,0,none,0,0,none,0,0,none,0,0,-99
2015,6,8,1,0,1,2,-99,-99,-99,-99,-99,0,0,0,0,0,0,0,0,ATPA,1,1.0185,none,0,0,none,0,0,-99
2015,6,9,1,0,1,2,-99,-99,-99,-99,-99,0,0,0,0,0,0,2,1.1965,ATPA,1,0.4094,none,0,0,none,0,0,-99
2015,6,10,1,0,1,2,-99,-99,-99,-99,-99,1,1.437,3,0.1653,0,0,0,0,none,0,0,none,0,0,none,0,0,-99
2015,6,11,0,0,1,2,-99,-99,-99,-99,-99,0,0,0,0,0,0,0,0,POHY,1,0.1429,none,0,0,none,0,0,-99
2015,6,12,0,0,1,2,-99,-99,-99,-99,-99,0,0,0,0,0,0,0,0,none,0,0,none,0,0,none,0,0,-99
2015,6,13,0,0,1,2,-99,-99,-99,-99,-99,0,0,0,0,0,0,0,0,none,0,0,none,0,0,none,0,0,-99
2015,6,14,0,0,1,2,-99,-99,-99,-99,-99,0,0,4,0.6909,1,0.1539,0,0,none,0,0,none,0,0,none,0,0,-99
2015,6,15,0,0,1,2,-99,-99,-99,-99,-99,0,0,8,0.9274,1,0.0283,0,0,none,0,0,none,0,0,none,0,0,-99
2015,6,16,0,0,1,2,-99,-99,-99,-99,-99,2,2.1057,6,1.0893,0,0,0,0,none,0,0,none,0,0,none,0,0,-99
2015,7,1,1,1,1,4,-99,-99,-99,-99,-99,0,0,0,0,1,0.2192,0,0,none,0,0,none,0,0,none,0,0,-99
2015,7,2,1,1,1,4,-99,-99,-99,-99,-99,1,1.3032,0,0,1,-99,0,0,ATPA,1,2.0737,none,0,0,none,0,0,-99
2015,7,3,1,1,1,4,-99,-99,-99,-99,-99,0,0,0,0,0,0,0,0,none,0,0,none,0,0,none,0,0,-99
2015,7,4,1,1,1,4,-99,-99,-99,-99,-99,0,0,0,0,1,0.1182,0,0,ATPA,2,0.0981,none,0,0,none,0,0,-99
2015,7,5,1,1,1,4,-99,-99,-99,-99,-99,0,0,0,0,0,0,0,0,ATPA,1,1.0579,none,0,0,none,0,0,-99
2015,7,6,1,1,1,4,-99,-99,-99,-99,-99,1,0.4342,1,0.2912,3,0.9273,0,0,ATPA,1,1.9031,none,0,0,none,0,0,-99
2015,7,7,1,1,1,4,-99,-99,-99,-99,-99,0,0,2,0.2858,4,1.0187,1,1.8124,ATPA,1,0.6469,none,0,0,none,0,0,-99
2015,7,8,1,1,1,4,-99,-99,-99,-99,-99,0,0,4,0.695,5,1.6039,0,0,none,0,0,none,0,0,none,0,0,-99
2015,7,9,1,1,1,4,-99,-99,-99,-99,-99,0,0,0,0,5,1.0228,0,0,none,0,0,none,0,0,none,0,0,-99
2015,7,10,1,1,1,4,-99,-99,-99,-99,-99,0,0,2,0.2843,6,1.743,0,0,ATPA,2,0.1309,none,0,0,none,0,0,-99
2015,7,11,0,1,1,4,-99,-99,-99,-99,-99,0,0,0,0,0,0,0,0,none,0,0,none,0,0,none,0,0,-99
2015,7,12,0,1,1,4,-99,-99,-99,-99,-99,0,0,0,0,0,0,0,0,none,0,0,none,0,0,none,0,0,-99
2015,7,13,0,1,1,4,-99,-99,-99,-99,-99,0,0,0,0,0,0,0,0,none,0,0,none,0,0,none,0,0,-99
2015,7,14,0,1,1,4,-99,-99,-99,-99,-99,0,0,4,0.5503,4,0.8776,0,0,none,0,0,none,0,0,none,0,0,-99
2015,7,15,0,1,1,4,-99,-99,-99,-99,-99,1,0.858,15,2.5575,1,0.2867,0,0,none,0,0,none,0,0,none,0,0,-99
2015,7,16,0,1,1,4,-99,-99,-99,-99,-99,1,0.401,14,1.6136,1,0.2806,0,0,none,0,0,none,0,0,none,0,0,-99
2015,8,1,1,0,0,1,-99,-99,-99,-99,-99,0,0,1,0.1832,0,0,0,0,none,0,0,none,0,0,none,0,0,-99
2015,8,2,1,0,0,1,-99,-99,-99,-99,-99,0,0,12,2.58,1,0.2211,0,0,none,0,0,none,0,0,none,0,0,-99
2015,8,3,1,0,0,1,-99,-99,-99,-99,-99,1,0.7813,1,0.3902,0,0,0,0,none,0,0,none,0,0,none,0,0,-99
2015,8,4,1,0,0,1,-99,-99,-99,-99,-99,1,1.3426,9,1.1907,0,0,0,0,none,0,0,none,0,0,none,0,0,-99
2015,8,5,1,0,0,1,-99,-99,-99,-99,-99,0,0,8,1.7032,0,0,0,0,none,0,0,none,0,0,none,0,0,-99
2015,8,6,1,0,0,1,-99,-99,-99,-99,-99,2,2.1509,6,1.4452,0,0,0,0,none,0,0,none,0,0,none,0,0,-99
2015,8,7,1,0,0,1,-99,-99,-99,-99,-99,1,0.4037,0,0,0,0,0,0,none,0,0,none,0,0,none,0,0,-99
2015,8,8,1,0,0,1,-99,-99,-99,-99,-99,1,0.2411,7,0.7908,0,0,0,0,none,0,0,none,0,0,none,0,0,-99
2015,8,9,1,0,0,1,-99,-99,-99,-99,-99,1,0.1327,8,1.3586,0,0,0,0,none,0,0,none,0,0,none,0,0,-99
2015,8,10,1,0,0,1,-99,-99,-99,-99,-99,1,0.1236,4,0.5273,0,0,0,0,none,0,0,none,0,0,none,0,0,-99
2015,8,11,0,0,0,1,-99,-99,-99,-99,-99,0,0,6,1.0393,3,0.1626,0,0,none,0,0,none,0,0,none,0,0,-99
2015,8,12,0,0,0,1,-99,-99,-99,-99,-99,0,0,1,0.0799,0,0,0,0,none,0,0,none,0,0,none,0,0,-99
2015,8,13,0,0,0,1,-99,-99,-99,-99,-99,0,0,2,0.1359,2,0.2504,0,0,none,0,0,none,0,0,none,0,0,-99
2015,8,14,0,0,0,1,-99,-99,-99,-99,-99,1,0.4036,17,2.7738,0,0,0,0,none,0,0,none,0,0,none,0,0,-99
2015,8,15,0,0,0,1,-99,-99,-99,-99,-99,3,3.9949,5,1.0708,0,0,0,0,none,0,0,none,0,0,none,0,0,-99
2015,8,16,0,0,0,1,-99,-99,-99,-99,-99,1,0.9216,3,0.7393,0,0,0,0,none,0,0,none,0,0,none,0,0,-99
2015,9,1,1,1,1,4,-99,-99,-99,-99,-99,2,2.4343,3,0.5712,0,0,5,4.9987,none,0,0,none,0,0,none,0,0,-99
2015,9,2,1,1,1,4,-99,-99,-99,-99,-99,3,3.1988,6,1.1099,0,0,0,0,none,0,0,none,0,0,none,0,0,-99
2015,9,3,1,1,1,4,-99,-99,-99,-99,-99,3,3.5184,0,0,0,0,2,0.2722,none,0,0,none,0,0,none,0,0,-99
2015,9,4,1,1,1,4,-99,-99,-99,-99,-99,1,0.1044,1,0.0882,0,0,0,0,none,0,0,none,0,0,none,0,0,-99
2015,9,5,1,1,1,4,-99,-99,-99,-99,-99,1,2.4355,0,0,0,0,0,0,none,0,0,none,0,0,none,0,0,-99
2015,9,6,1,1,1,4,-99,-99,-99,-99,-99,1,1.6738,1,0.166,3,1.0229,2,5.1784,none,0,0,none,0,0,none,0,0,-99
2015,9,7,1,1,1,4,-99,-99,-99,-99,-99,0,0,2,0.5335,2,0.3887,0,0,ATPA,1,0.3514,none,0,0,none,0,0,-99
2015,9,8,1,1,1,4,-99,-99,-99,-99,-99,1,2.1966,0,0,3,0.6905,1,1.174,none,0,0,none,0,0,none,0,0,-99
2015,9,9,1,1,1,4,-99,-99,-99,-99,-99,0,0,1,0.247,0,0,0,0,ATPA,2,3.5796,none,0,0,none,0,0,-99
2015,9,10,1,1,1,4,-99,-99,-99,-99,-99,2,1.9548,10,2.6885,1,0.2077,0,0,none,0,0,none,0,0,none,0,0,-99
2015,9,11,0,1,1,4,-99,-99,-99,-99,-99,0,0,0,0,0,0,0,0,none,0,0,none,0,0,none,0,0,-99
2015,9,12,0,1,1,4,-99,-99,-99,-99,-99,0,0,0,0,2,0.3977,0,0,none,0,0,none,0,0,none,0,0,-99
2015,9,13,0,1,1,4,-99,-99,-99,-99,-99,0,0,0,0,0,0,0,0,none,0,0,none,0,0,none,0,0,-99
2015,9,14,0,1,1,4,-99,-99,-99,-99,-99,0,0,1,0.0269,1,0.3048,0,0,none,0,0,none,0,0,none,0,0,-99
2015,9,15,0,1,1,4,-99,-99,-99,-99,-99,0,0,22,3.3346,0,0,0,0,none,0,0,none,0,0,none,0,0,-99
2015,9,16,0,1,1,4,-99,-99,-99,-99,-99,4,3.6674,27,3.7041,1,0.1094,0,0,none,0,0,none,0,0,none,0,0,-99
2015,10,1,1,1,0,3,-99,-99,-99,-99,-99,0,0,4,0.4752,2,0.1811,0,0,POHY,2,0.0333,none,0,0,none,0,0,-99
2015,10,2,1,1,0,3,-99,-99,-99,-99,-99,0,0,4,0.5793,1,0.1497,0,0,POHY,1,0.0224,ATPA,2,0.0385,PHRAG,1,2.574,-99
2015,10,3,1,1,0,3,-99,-99,-99,-99,-99,0,0,8,1.1363,0,0,0,0,none,0,0,none,0,0,none,0,0,-99
2015,10,4,1,1,0,3,-99,-99,-99,-99,-99,0,0,1,0.116,3,0.5496,0,0,none,0,0,none,0,0,none,0,0,-99
2015,10,5,1,1,0,3,-99,-99,-99,-99,-99,2,1.8572,11,1.7555,0,0,0,0,POHY,1,0.0463,none,0,0,none,0,0,-99
2015,10,6,1,1,0,3,-99,-99,-99,-99,-99,0,0,0,0,0,0,0,0,none,0,0,none,0,0,PHRAG,1,8.3124,-99
2015,10,7,1,1,0,3,-99,-99,-99,-99,-99,2,0.6766,7,1.8929,1,0.1046,0,0,none,0,0,none,0,0,none,0,0,-99
2015,10,8,1,1,0,3,-99,-99,-99,-99,-99,1,0.86,23,3.5502,1,0.1817,0,0,POHY,2,0.0601,none,0,0,none,0,0,-99
2015,10,9,1,1,0,3,-99,-99,-99,-99,-99,3,3.5545,4,0.7733,2,0.5459,0,0,none,0,0,none,0,0,none,0,0,-99
2015,10,10,1,1,0,3,-99,-99,-99,-99,-99,1,0.1785,16,2.8028,0,0,0,0,none,0,0,none,0,0,none,0,0,-99
2015,10,11,0,1,0,3,-99,-99,-99,-99,-99,0,0,0,0,1,0.0535,0,0,none,0,0,none,0,0,none,0,0,-99
2015,10,12,0,1,0,3,-99,-99,-99,-99,-99,0,0,0,0,0,0,0,0,none,0,0,none,0,0,none,0,0,-99
2015,10,13,0,1,0,3,-99,-99,-99,-99,-99,0,0,0,0,0,0,0,0,none,0,0,none,0,0,none,0,0,-99
2015,10,14,0,1,0,3,-99,-99,-99,-99,-99,0,0,22,4.5091,1,0.1605,0,0,none,0,0,none,0,0,none,0,0,-99
2015,10,15,0,1,0,3,-99,-99,-99,-99,-99,1,1.1799,2,0.0898,0,0,0,0,none,0,0,none,0,0,none,0,0,-99
2015,10,16,0,1,0,3,-99,-99,-99,-99,-99,1,0.649,4,0.6083,0,0,0,0,none,0,0,none,0,0,none,0,0,-99
2015,11,1,1,0,0,1,-99,-99,-99,-99,-99,1,1.9212,10,2.6005,1,0.205,0,0,none,0,0,none,0,0,none,0,0,-99
2015,11,2,1,0,0,1,-99,-99,-99,-99,-99,2,2.1019,3,0.4526,9,2.3058,0,0,none,0,0,none,0,0,none,0,0,-99
2015,11,3,1,0,0,1,-99,-99,-99,-99,-99,1,1.0253,0,0,0,0,0,0,none,0,0,none,0,0,none,0,0,-99
2015,11,4,1,0,0,1,-99,-99,-99,-99,-99,3,3.8606,1,0.0415,0,0,0,0,none,0,0,none,0,0,none,0,0,-99
2015,11,5,1,0,0,1,-99,-99,-99,-99,-99,1,1.3493,8,1.5687,2,0.5977,0,0,none,0,0,none,0,0,none,0,0,-99
2015,11,6,1,0,0,1,-99,-99,-99,-99,-99,1,1.3242,0,0,1,0.1565,0,0,none,0,0,none,0,0,none,0,0,-99
2015,11,7,1,0,0,1,-99,-99,-99,-99,-99,1,1.1441,0,0,1,0.1543,0,0,none,0,0,none,0,0,none,0,0,-99
2015,11,8,1,0,0,1,-99,-99,-99,-99,-99,0,0,13,2.7854,2,0.1885,0,0,none,0,0,none,0,0,none,0,0,-99
2015,11,9,1,0,0,1,-99,-99,-99,-99,-99,1,0.1875,5,1.2196,3,0.4699,0,0,none,0,0,none,0,0,none,0,0,-99
2015,11,10,1,0,0,1,-99,-99,-99,-99,-99,0,0,12,2.2577,1,0.1345,0,0,none,0,0,none,0,0,none,0,0,-99
2015,11,11,0,0,0,1,-99,-99,-99,-99,-99,0,0,1,0.2397,7,1.0817,0,0,PHRAG,1,3.4077,none,0,0,none,0,0,-99
2015,11,12,0,0,0,1,-99,-99,-99,-99,-99,0,0,1,0.0438,0,0,0,0,none,0,0,none,0,0,none,0,0,-99
2015,11,13,0,0,0,1,-99,-99,-99,-99,-99,0,0,0,0,0,0,0,0,none,0,0,none,0,0,none,0,0,-99
2015,11,14,0,0,0,1,-99,-99,-99,-99,-99,1,0.2129,0,0,0,0,0,0,none,0,0,none,0,0,none,0,0,-99
2015,11,15,0,0,0,1,-99,-99,-99,-99,-99,1,1.5714,18,4.2876,2,0.8499,0,0,none,0,0,none,0,0,none,0,0,-99
2015,11,16,0,0,0,1,-99,-99,-99,-99,-99,0,0,23,5.4358,4,0.7699,0,0,none,0,0,none,0,0,none,0,0,-99
2015,12,1,1,0,1,2,-99,-99,-99,-99,-99,1,0.7504,0,0,0,0,0,0,none,0,0,none,0,0,none,0,0,-99
2015,12,2,1,0,1,2,-99,-99,-99,-99,-99,0,0,0,0,2,0.2346,0,0,none,0,0,none,0,0,none,0,0,-99
2015,12,3,1,0,1,2,-99,-99,-99,-99,-99,0,0,0,0,1,0.09,0,0,ATPA,1,0.9985,none,0,0,none,0,0,-99
2015,12,4,1,0,1,2,-99,-99,-99,-99,-99,0,0,0,0,0,0,0,0,none,0,0,none,0,0,none,0,0,-99
2015,12,5,1,0,1,2,-99,-99,-99,-99,-99,0,0,1,0.2291,0,0,0,0,none,0,0,none,0,0,none,0,0,-99
2015,12,6,1,0,1,2,-99,-99,-99,-99,-99,0,0,5,0.546,0,0,0,0,none,0,0,none,0,0,none,0,0,-99
2015,12,7,1,0,1,2,-99,-99,-99,-99,-99,0,0,7,0.6449,0,0,0,0,none,0,0,none,0,0,none,0,0,-99
2015,12,8,1,0,1,2,-99,-99,-99,-99,-99,0,0,35,6.5306,3,1.0003,0,0,ATPA,1,0.0405,none,0,0,none,0,0,-99
2015,12,9,1,0,1,2,-99,-99,-99,-99,-99,0,0,2,0.0421,5,0.6181,0,0,none,0,0,none,0,0,none,0,0,-99
2015,12,10,1,0,1,2,-99,-99,-99,-99,-99,0,0,4,1.9859,0,0,0,0,ATPA,1,0.2974,none,0,0,none,0,0,-99
2015,12,11,0,0,1,2,-99,-99,-99,-99,-99,0,0,0,0,0,0,0,0,none,0,0,none,0,0,none,0,0,-99
2015,12,12,0,0,1,2,-99,-99,-99,-99,-99,0,0,0,0,0,0,0,0,none,0,0,none,0,0,none,0,0,-99
2015,12,13,0,0,1,2,-99,-99,-99,-99,-99,0,0,0,0,0,0,0,0,none,0,0,none,0,0,none,0,0,-99
2015,12,14,0,0,1,2,-99,-99,-99,-99,-99,5,7.0124,3,0.3602,1,0.2473,0,0,none,0,0,none,0,0,none,0,0,-99
2015,12,15,0,0,1,2,-99,-99,-99,-99,-99,0,0,1,0.2517,3,0.9513,0,0,none,0,0,none,0,0,none,0,0,-99
2015,12,16,0,0,1,2,-99,-99,-99,-99,-99,0,0,3,0.5936,1,0.1925,0,0,none,0,0,none,0,0,none,0,0,-99
2016,1,1,1,0,0,1,-99,-99,-99,-99,-99,0,0,13,1.786,14,3.582,0,0,none,0,0,none,0,0,none,0,0,-99
2016,1,2,1,0,0,1,-99,-99,-99,-99,-99,0,0,5,0.607,14,3.648,0,0,none,0,0,none,0,0,none,0,0,-99
2016,1,3,1,0,0,1,-99,-99,-99,-99,-99,0,0,10,1.397,10,3.55,0,0,none,0,0,none,0,0,none,0,0,-99
2016,1,4,1,0,0,1,-99,-99,-99,-99,-99,0,0,11,1.403,22,5.086,0,0,none,0,0,none,0,0,none,0,0,-99
2016,1,5,1,0,0,1,-99,-99,-99,-99,-99,0,0,2,0.141,4,0.515,0,0,none,0,0,none,0,0,none,0,0,-99
2016,1,6,1,0,0,1,-99,-99,-99,-99,-99,0,0,7,0.994,4,1.561,0,0,none,0,0,none,0,0,none,0,0,-99
2016,1,7,1,0,0,1,-99,-99,-99,-99,-99,0,0,6,0.951,6,1.9333,0,0,none,0,0,none,0,0,none,0,0,-99
2016,1,8,1,0,0,1,-99,-99,-99,-99,-99,0,0,13,2.4918,22,6.0019,0,0,none,0,0,none,0,0,none,0,0,-99
2016,1,9,1,0,0,1,-99,-99,-99,-99,-99,0,0,3,0.2896,5,1.3019,0,0,none,0,0,none,0,0,none,0,0,-99
2016,1,10,1,0,0,1,-99,-99,-99,-99,-99,0,0,10,1.7772,12,3.1016,0,0,none,0,0,none,0,0,none,0,0,-99
2016,1,11,0,0,0,1,-99,-99,-99,-99,-99,0,0,1,0.1983,1,0.05,0,0,none,0,0,none,0,0,none,0,0,-99
2016,1,12,0,0,0,1,-99,-99,-99,-99,-99,0,0,0,0,2,0.3776,0,0,none,0,0,none,0,0,none,0,0,-99
2016,1,13,0,0,0,1,-99,-99,-99,-99,-99,0,0,3,0.1312,2,0.1732,0,0,none,0,0,none,0,0,none,0,0,-99
2016,1,14,0,0,0,1,-99,-99,-99,-99,-99,0,0,17,3.3483,13,2.7362,0,0,none,0,0,none,0,0,none,0,0,-99
2016,1,15,0,0,0,1,-99,-99,-99,-99,-99,0,0,16,2.6799,8,2.2967,0,0,none,0,0,none,0,0,none,0,0,-99
2016,1,16,0,0,0,1,-99,-99,-99,-99,-99,0,0,5,1.5734,3,0.5525,0,0,none,0,0,none,0,0,none,0,0,-99
2016,2,1,1,1,0,3,-99,-99,-99,-99,-99,0,0,6,1.1218,7,1.2342,0,0,ASTER,1,0.3828,none,0,0,none,0,0,-99
2016,2,2,1,1,0,3,-99,-99,-99,-99,-99,0,0,6,0.95,2,0.2681,0,0,none,0,0,none,0,0,none,0,0,-99
2016,2,3,1,1,0,3,-99,-99,-99,-99,-99,0,0,8,1.065,8,1.961,0,0,none,0,0,none,0,0,none,0,0,-99
2016,2,4,1,1,0,3,-99,-99,-99,-99,-99,0,0,11,1.5275,5,0.7358,0,0,none,0,0,none,0,0,none,0,0,-99
2016,2,5,1,1,0,3,-99,-99,-99,-99,-99,0,0,3,0.4006,1,0.177,0,0,none,0,0,none,0,0,none,0,0,-99
2016,2,6,1,1,0,3,-99,-99,-99,-99,-99,0,0,0,0,2,0.1097,0,0,none,0,0,none,0,0,none,0,0,-99
2016,2,7,1,1,0,3,-99,-99,-99,-99,-99,0,0,9,1.556,0,0,0,0,none,0,0,none,0,0,none,0,0,-99
2016,2,8,1,1,0,3,-99,-99,-99,-99,-99,0,0,13,1.8491,2,0.3646,0,0,none,0,0,none,0,0,none,0,0,-99
2016,2,9,1,1,0,3,-99,-99,-99,-99,-99,0,0,8,1.3512,2,0.0838,0,0,none,0,0,none,0,0,none,0,0,-99
2016,2,10,1,1,0,3,-99,-99,-99,-99,-99,0,0,11,1.47,2,0.7449,0,0,none,0,0,none,0,0,none,0,0,-99
2016,2,11,0,1,0,3,-99,-99,-99,-99,-99,0,0,0,0,3,0.5761,0,0,none,0,0,none,0,0,none,0,0,-99
2016,2,12,0,1,0,3,-99,-99,-99,-99,-99,0,0,0,0,0,0,0,0,none,0,0,none,0,0,none,0,0,-99
2016,2,13,0,1,0,3,-99,-99,-99,-99,-99,0,0,0,0,0,0,0,0,none,0,0,none,0,0,none,0,0,-99
2016,2,14,0,1,0,3,-99,-99,-99,-99,-99,0,0,15,2.336,0,0,0,0,none,0,0,none,0,0,none,0,0,-99
2016,2,15,0,1,0,3,-99,-99,-99,-99,-99,0,0,2,0.4213,0,0,0,0,none,0,0,none,0,0,none,0,0,-99
2016,2,16,0,1,0,3,-99,-99,-99,-99,-99,0,0,1,0.2181,4,0.9502,0,0,none,0,0,none,0,0,none,0,0,-99
2016,3,1,1,0,1,2,-99,-99,-99,-99,-99,0,0,0,0,3,0.3867,0,0,none,0,0,none,0,0,none,0,0,-99
2016,3,2,1,0,1,2,-99,-99,-99,-99,-99,0,0,0,0,6,1.1582,0,0,none,0,0,none,0,0,none,0,0,-99
2016,3,3,1,0,1,2,-99,-99,-99,-99,-99,0,0,0,0,3,0.4989,0,0,none,0,0,none,0,0,none,0,0,-99
2016,3,4,1,0,1,2,-99,-99,-99,-99,-99,0,0,0,0,1,0.0254,0,0,none,0,0,none,0,0,none,0,0,-99
2016,3,5,1,0,1,2,-99,-99,-99,-99,-99,0,0,0,0,7,1.8139,0,0,none,0,0,none,0,0,none,0,0,-99
2016,3,6,1,0,1,2,-99,-99,-99,-99,-99,0,0,0,0,11,1.8718,0,0,none,0,0,none,0,0,none,0,0,-99
2016,3,7,1,0,1,2,-99,-99,-99,-99,-99,0,0,9,2.035,8,2.2837,0,0,none,0,0,none,0,0,none,0,0,-99
2016,3,8,1,0,1,2,-99,-99,-99,-99,-99,0,0,2,0.3408,6,1.8476,0,0,none,0,0,none,0,0,none,0,0,-99
2016,3,9,1,0,1,2,-99,-99,-99,-99,-99,1,0.0739,6,0.7114,5,0.5423,0,0,none,0,0,none,0,0,none,0,0,-99
2016,3,10,1,0,1,2,-99,-99,-99,-99,-99,0,0,6,1.6152,7,1.1578,0,0,none,0,0,none,0,0,none,0,0,-99
2016,3,11,0,0,1,2,-99,-99,-99,-99,-99,0,0,0,0,0,0,0,0,none,0,0,none,0,0,none,0,0,-99
2016,3,12,0,0,1,2,-99,-99,-99,-99,-99,0,0,0,0,0,0,0,0,none,0,0,none,0,0,none,0,0,-99
2016,3,13,0,0,1,2,-99,-99,-99,-99,-99,0,0,0,0,0,0,0,0,none,0,0,none,0,0,none,0,0,-99
2016,3,14,0,0,1,2,-99,-99,-99,-99,-99,1,0.2203,3,0.2893,2,0.1297,0,0,none,0,0,none,0,0,none,0,0,-99
2016,3,15,0,0,1,2,-99,-99,-99,-99,-99,1,1.6503,7,0.7739,3,0.3878,0,0,none,0,0,none,0,0,none,0,0,-99
2016,3,16,0,0,1,2,-99,-99,-99,-99,-99,1,1.6028,8,0.6614,5,0.6444,0,0,none,0,0,none,0,0,none,0,0,-99
2016,4,1,1,1,1,4,-99,-99,-99,-99,-99,0,0,0,0,1,0.0394,0,0,none,0,0,none,0,0,none,0,0,-99
2016,4,2,1,1,1,4,-99,-99,-99,-99,-99,0,0,0,0,1,0.0435,0,0,none,0,0,none,0,0,none,0,0,-99
2016,4,3,1,1,1,4,-99,-99,-99,-99,-99,0,0,0,0,1,0.059,0,0,none,0,0,none,0,0,none,0,0,-99
2016,4,4,1,1,1,4,-99,-99,-99,-99,-99,0,0,0,0,1,0.1941,0,0,none,0,0,none,0,0,none,0,0,-99
2016,4,5,1,1,1,4,-99,-99,-99,-99,-99,0,0,0,0,3,0.6123,0,0,none,0,0,none,0,0,none,0,0,-99
2016,4,6,1,1,1,4,-99,-99,-99,-99,-99,0,0,0,0,1,0.1671,0,0,none,0,0,none,0,0,none,0,0,-99
2016,4,7,1,1,1,4,-99,-99,-99,-99,-99,0,0,1,0.0254,2,0.1232,0,0,none,0,0,none,0,0,none,0,0,-99
2016,4,8,1,1,1,4,-99,-99,-99,-99,-99,0,0,0,0,6,0.9848,0,0,none,0,0,none,0,0,none,0,0,-99
2016,4,9,1,1,1,4,-99,-99,-99,-99,-99,0,0,6,0.6616,13,3.4838,0,0,none,0,0,none,0,0,none,0,0,-99
2016,4,10,1,1,1,4,-99,-99,-99,-99,-99,0,0,2,0.0321,3,0.6526,0,0,none,0,0,none,0,0,none,0,0,-99
2016,4,11,0,1,1,4,-99,-99,-99,-99,-99,0,0,0,0,4,0.2057,0,0,none,0,0,none,0,0,none,0,0,-99
2016,4,12,0,1,1,4,-99,-99,-99,-99,-99,0,0,0,0,0,0,0,0,none,0,0,none,0,0,none,0,0,-99
2016,4,13,0,1,1,4,-99,-99,-99,-99,-99,0,0,0,0,0,0,0,0,none,0,0,none,0,0,none,0,0,-99
2016,4,14,0,1,1,4,-99,-99,-99,-99,-99,0,0,18,2.0957,4,0.8521,0,0,none,0,0,none,0,0,none,0,0,-99
2016,4,15,0,1,1,4,-99,-99,-99,-99,-99,1,0.9396,17,2.4428,7,1.203,0,0,none,0,0,none,0,0,none,0,0,-99
2016,4,16,0,1,1,4,-99,-99,-99,-99,-99,0,0,5,0.6337,5,0.5193,0,0,none,0,0,none,0,0,none,0,0,-99
2016,5,1,1,1,0,3,-99,-99,-99,-99,-99,0,0,0,0,3,0.7469,0,0,none,0,0,none,0,0,none,0,0,-99
2016,5,2,1,1,0,3,-99,-99,-99,-99,-99,0,0,11,1.951,0,0,0,0,none,0,0,none,0,0,none,0,0,-99
2016,5,3,1,1,0,3,-99,-99,-99,-99,-99,0,0,9,1.1365,7,0.8358,0,0,none,0,0,none,0,0,none,0,0,-99
2016,5,4,1,1,0,3,-99,-99,-99,-99,-99,0,0,6,0.4464,1,0.0477,0,0,POHY,1,0.0333,KOVI,1,0.0815,none,0,0,-99
2016,5,5,1,1,0,3,-99,-99,-99,-99,-99,0,0,4,0.2486,5,0.3976,0,0,SOSE,1,0.5665,none,0,0,none,0,0,-99
2016,5,6,1,1,0,3,-99,-99,-99,-99,-99,0,0,4,0.6581,2,0.187,0,0,none,0,0,none,0,0,none,0,0,-99
2016,5,7,1,1,0,3,-99,-99,-99,-99,-99,0,0,6,1.1008,1,0.2025,0,0,none,0,0,none,0,0,none,0,0,-99
2016,5,8,1,1,0,3,-99,-99,-99,-99,-99,0,0,23,2.446,2,0.3186,0,0,none,0,0,none,0,0,none,0,0,-99
2016,5,9,1,1,0,3,-99,-99,-99,-99,-99,0,0,6,0.4272,2,0.2384,0,0,SOSE,2,0.1848,none,0,0,none,0,0,-99
2016,5,10,1,1,0,3,-99,-99,-99,-99,-99,0,0,13,2.162,1,0.3272,0,0,none,0,0,none,0,0,none,0,0,-99
2016,5,11,0,1,0,3,-99,-99,-99,-99,-99,0,0,0,0,0,0,0,0,none,0,0,none,0,0,none,0,0,-99
2016,5,12,0,1,0,3,-99,-99,-99,-99,-99,0,0,0,0,0,0,0,0,none,0,0,none,0,0,none,0,0,-99
2016,5,13,0,1,0,3,-99,-99,-99,-99,-99,0,0,0,0,0,0,0,0,none,0,0,none,0,0,none,0,0,-99
2016,5,14,0,1,0,3,-99,-99,-99,-99,-99,0,0,3,0.0685,3,0.4627,0,0,none,0,0,none,0,0,none,0,0,-99
2016,5,15,0,1,0,3,-99,-99,-99,-99,-99,0,0,0,0,2,0.3114,0,0,none,0,0,none,0,0,none,0,0,-99
2016,5,16,0,1,0,3,-99,-99,-99,-99,-99,0,0,5,0.5732,4,0.1858,0,0,none,0,0,none,0,0,none,0,0,-99
2016,6,1,1,0,1,2,-99,-99,-99,-99,-99,0,0,0,0,0,0,0,0,none,0,0,none,0,0,none,0,0,-99
2016,6,2,1,0,1,2,-99,-99,-99,-99,-99,0,0,0,0,0,0,0,0,none,0,0,none,0,0,none,0,0,-99
2016,6,3,1,0,1,2,-99,-99,-99,-99,-99,0,0,0,0,1,0.0798,0,0,none,0,0,none,0,0,none,0,0,-99
2016,6,4,1,0,1,2,-99,-99,-99,-99,-99,0,0,0,0,0,0,0,0,none,0,0,none,0,0,none,0,0,-99
2016,6,5,1,0,1,2,-99,-99,-99,-99,-99,0,0,0,0,0,0,0,0,none,0,0,none,0,0,none,0,0,-99
2016,6,6,1,0,1,2,-99,-99,-99,-99,-99,0,0,0,0,1,0.0255,0,0,KOVI,1,0.0222,none,0,0,none,0,0,-99
2016,6,7,1,0,1,2,-99,-99,-99,-99,-99,0,0,0,0,1,0.0919,0,0,none,0,0,none,0,0,none,0,0,-99
2016,6,8,1,0,1,2,-99,-99,-99,-99,-99,0,0,0,0,1,0.0961,0,0,none,0,0,none,0,0,none,0,0,-99
2016,6,9,1,0,1,2,-99,-99,-99,-99,-99,0,0,4,0.2832,1,0.1981,0,0,none,0,0,none,0,0,none,0,0,-99
2016,6,10,1,0,1,2,-99,-99,-99,-99,-99,0,0,14,0.7022,0,0,0,0,none,0,0,none,0,0,none,0,0,-99
2016,6,11,0,0,1,2,-99,-99,-99,-99,-99,0,0,0,0,0,0,0,0,none,0,0,none,0,0,none,0,0,-99
2016,6,12,0,0,1,2,-99,-99,-99,-99,-99,0,0,0,0,0,0,0,0,none,0,0,none,0,0,none,0,0,-99
2016,6,13,0,0,1,2,-99,-99,-99,-99,-99,0,0,0,0,0,0,0,0,none,0,0,none,0,0,none,0,0,-99
2016,6,14,0,0,1,2,-99,-99,-99,-99,-99,1,1.0936,12,0.8488,0,0,0,0,none,0,0,none,0,0,none,0,0,-99
2016,6,15,0,0,1,2,-99,-99,-99,-99,-99,2,1.7684,11,1.8523,0,0,0,0,none,0,0,none,0,0,none,0,0,-99
2016,6,16,0,0,1,2,-99,-99,-99,-99,-99,0,0,32,3.8779,6,1.7047,0,0,none,0,0,none,0,0,none,0,0,-99
2016,7,1,1,1,1,4,-99,-99,-99,-99,-99,0,0,0,0,0,0,0,0,none,0,0,none,0,0,none,0,0,-99
2016,7,2,1,1,1,4,-99,-99,-99,-99,-99,0,0,0,0,0,0,0,0,none,0,0,none,0,0,none,0,0,-99
2016,7,3,1,1,1,4,-99,-99,-99,-99,-99,0,0,0,0,0,0,0,0,none,0,0,none,0,0,none,0,0,-99
2016,7,4,1,1,1,4,-99,-99,-99,-99,-99,0,0,0,0,1,0.1673,0,0,none,0,0,none,0,0,none,0,0,-99
2016,7,5,1,1,1,4,-99,-99,-99,-99,-99,0,0,0,0,0,0,0,0,none,0,0,none,0,0,none,0,0,-99
2016,7,6,1,1,1,4,-99,-99,-99,-99,-99,0,0,2,0.4701,0,0,0,0,none,0,0,none,0,0,none,0,0,-99
2016,7,7,1,1,1,4,-99,-99,-99,-99,-99,0,0,2,0.0796,1,0.114,0,0,none,0,0,none,0,0,none,0,0,-99
2016,7,8,1,1,1,4,-99,-99,-99,-99,-99,0,0,0,0,2,0.1831,0,0,none,0,0,none,0,0,none,0,0,-99
2016,7,9,1,1,1,4,-99,-99,-99,-99,-99,0,0,65,9.1289,4,0.6978,0,0,none,0,0,none,0,0,none,0,0,-99
2016,7,10,1,1,1,4,-99,-99,-99,-99,-99,0,0,0,0,2,0.1979,0,0,none,0,0,none,0,0,none,0,0,-99
2016,7,11,0,1,1,4,-99,-99,-99,-99,-99,0,0,0,0,0,0,0,0,none,0,0,none,0,0,none,0,0,-99
2016,7,12,0,1,1,4,-99,-99,-99,-99,-99,0,0,0,0,0,0,0,0,none,0,0,none,0,0,none,0,0,-99
2016,7,13,0,1,1,4,-99,-99,-99,-99,-99,0,0,0,0,0,0,0,0,none,0,0,none,0,0,none,0,0,-99
2016,7,14,0,1,1,4,-99,-99,-99,-99,-99,1,1.1982,10,1.6031,8,0.9603,0,0,none,0,0,none,0,0,none,0,0,-99
2016,7,15,0,1,1,4,-99,-99,-99,-99,-99,0,0,20,2.4977,5,0.5623,0,0,none,0,0,none,0,0,none,0,0,-99
2016,7,16,0,1,1,4,-99,-99,-99,-99,-99,0,0,4,0.5771,2,0.1299,0,0,none,0,0,none,0,0,none,0,0,-99
2016,8,1,1,0,0,1,-99,-99,-99,-99,-99,0,0,2,0.3533,10,1.8375,0,0,none,0,0,none,0,0,none,0,0,-99
2016,8,2,1,0,0,1,-99,-99,-99,-99,-99,0,0,1,0.2315,6,1.0319,0,0,none,0,0,none,0,0,none,0,0,-99
2016,8,3,1,0,0,1,-99,-99,-99,-99,-99,3,3.0621,2,0.0104,2,0.3614,0,0,none,0,0,none,0,0,none,0,0,-99
2016,8,4,1,0,0,1,-99,-99,-99,-99,-99,1,1.7061,9,1.0949,1,0.1586,0,0,none,0,0,none,0,0,none,0,0,-99
2016,8,5,1,0,0,1,-99,-99,-99,-99,-99,0,0,21,3.7432,2,0.5936,0,0,none,0,0,none,0,0,none,0,0,-99
2016,8,6,1,0,0,1,-99,-99,-99,-99,-99,4,2.9327,4,0.1644,4,0.8263,0,0,none,0,0,none,0,0,none,0,0,-99
2016,8,7,1,0,0,1,-99,-99,-99,-99,-99,0,0,0,0,0,0,0,0,none,0,0,none,0,0,none,0,0,-99
2016,8,8,1,0,0,1,-99,-99,-99,-99,-99,1,0.935,11,1.1316,0,0,0,0,none,0,0,none,0,0,none,0,0,-99
2016,8,9,1,0,0,1,-99,-99,-99,-99,-99,0,0,17,1.5832,0,0,0,0,none,0,0,none,0,0,none,0,0,-99
2016,8,10,1,0,0,1,-99,-99,-99,-99,-99,0,0,2,0.1013,0,0,0,0,none,0,0,none,0,0,none,0,0,-99
2016,8,11,0,0,0,1,-99,-99,-99,-99,-99,1,0.6953,11,0.9122,5,0.6457,0,0,none,0,0,none,0,0,none,0,0,-99
2016,8,12,0,0,0,1,-99,-99,-99,-99,-99,1,1.7587,4,0.6424,6,1.0936,0,0,KOVI,1,0.0163,none,0,0,none,0,0,-99
2016,8,13,0,0,0,1,-99,-99,-99,-99,-99,0,0,0,0,0,0,0,0,none,0,0,none,0,0,none,0,0,-99
2016,8,14,0,0,0,1,-99,-99,-99,-99,-99,1,1.1677,21,3.3872,0,0,0,0,none,0,0,none,0,0,none,0,0,-99
2016,8,15,0,0,0,1,-99,-99,-99,-99,-99,1,0.9608,25,3.9887,0,0,0,0,none,0,0,none,0,0,none,0,0,-99
2016,8,16,0,0,0,1,-99,-99,-99,-99,-99,2,1.1994,15,1.1633,7,1.3188,0,0,none,0,0,none,0,0,none,0,0,-99
2016,9,1,1,1,1,4,-99,-99,-99,-99,-99,0,0,4,0.5879,0,0,0,0,none,0,0,none,0,0,none,0,0,-99
2016,9,2,1,1,1,4,-99,-99,-99,-99,-99,0,0,1,0.0772,0,0,0,0,none,0,0,none,0,0,none,0,0,-99
2016,9,3,1,1,1,4,-99,-99,-99,-99,-99,2,2.0209,0,0,0,0,0,0,none,0,0,none,0,0,none,0,0,-99
2016,9,4,1,1,1,4,-99,-99,-99,-99,-99,0,0,2,0.2254,0,0,0,0,none,0,0,none,0,0,none,0,0,-99
2016,9,5,1,1,1,4,-99,-99,-99,-99,-99,2,1.9773,0,0,0,0,0,0,none,0,0,none,0,0,none,0,0,-99
2016,9,6,1,1,1,4,-99,-99,-99,-99,-99,2,0.8767,0,0,0,0,0,0,none,0,0,none,0,0,none,0,0,-99
2016,9,7,1,1,1,4,-99,-99,-99,-99,-99,0,0,1,0.0312,0,0,0,0,none,0,0,none,0,0,none,0,0,-99
2016,9,8,1,1,1,4,-99,-99,-99,-99,-99,0,0,0,0,4,1.2639,0,0,none,0,0,none,0,0,none,0,0,-99
2016,9,9,1,1,1,4,-99,-99,-99,-99,-99,0,0,10,0.7981,0,0,0,0,none,0,0,none,0,0,none,0,0,-99
2016,9,10,1,1,1,4,-99,-99,-99,-99,-99,0,0,6,0.9344,1,0.3839,0,0,none,0,0,none,0,0,none,0,0,-99
2016,9,11,0,1,1,4,-99,-99,-99,-99,-99,0,0,0,0,0,0,0,0,none,0,0,none,0,0,none,0,0,-99
2016,9,12,0,1,1,4,-99,-99,-99,-99,-99,0,0,0,0,0,0,0,0,none,0,0,none,0,0,none,0,0,-99
2016,9,13,0,1,1,4,-99,-99,-99,-99,-99,0,0,0,0,0,0,0,0,none,0,0,none,0,0,none,0,0,-99
2016,9,14,0,1,1,4,-99,-99,-99,-99,-99,2,1.2588,7,1.1862,4,0.352,0,0,none,0,0,none,0,0,none,0,0,-99
2016,9,15,0,1,1,4,-99,-99,-99,-99,-99,0,0,19,3.3529,5,0.4765,0,0,none,0,0,none,0,0,none,0,0,-99
2016,9,16,0,1,1,4,-99,-99,-99,-99,-99,0,0,17,3.1208,1,0.0469,0,0,none,0,0,none,0,0,none,0,0,-99
2016,10,1,1,1,0,3,-99,-99,-99,-99,-99,0,0,0,0,3,0.67,0,0,none,0,0,none,0,0,none,0,0,-99
2016,10,2,1,1,0,3,-99,-99,-99,-99,-99,0,0,11,1.869,5,0.725,0,0,none,0,0,none,0,0,none,0,0,-99
2016,10,3,1,1,0,3,-99,-99,-99,-99,-99,0,0,0,0,3,0.457,0,0,none,0,0,none,0,0,none,0,0,-99
2016,10,4,1,1,0,3,-99,-99,-99,-99,-99,0,0,0,0,0,0,0,0,none,0,0,none,0,0,none,0,0,-99
2016,10,5,1,1,0,3,-99,-99,-99,-99,-99,1,1.205,0,0,2,0.381,0,0,POHY,1,0.001,none,0,0,none,0,0,-99
2016,10,6,1,1,0,3,-99,-99,-99,-99,-99,1,1.111,1,0.004,0,0,0,0,none,0,0,none,0,0,none,0,0,-99
2016,10,7,1,1,0,3,-99,-99,-99,-99,-99,1,0.676,0,0,4,0.16,0,0,none,0,0,none,0,0,none,0,0,-99
2016,10,8,1,1,0,3,-99,-99,-99,-99,-99,2,1.234,0,0,0,0,0,0,none,0,0,none,0,0,none,0,0,-99
2016,10,9,1,1,0,3,-99,-99,-99,-99,-99,0,0,12,2.389,1,0.102,0,0,none,0,0,none,0,0,none,0,0,-99
2016,10,10,1,1,0,3,-99,-99,-99,-99,-99,0,0,10,1.619,1,0.017,0,0,POHY,1,0.004,none,0,0,none,0,0,-99
2016,10,11,0,1,0,3,-99,-99,-99,-99,-99,0,0,1,0.065,0,0,0,0,none,0,0,none,0,0,none,0,0,-99
2016,10,12,0,1,0,3,-99,-99,-99,-99,-99,1,0.23,2,0.105,0,0,0,0,none,0,0,none,0,0,none,0,0,-99
2016,10,13,0,1,0,3,-99,-99,-99,-99,-99,0,0,0,0,0,0,0,0,none,0,0,none,0,0,none,0,0,-99
2016,10,14,0,1,0,3,-99,-99,-99,-99,-99,3,3.316,10,1.925,1,0.083,0,0,none,0,0,none,0,0,none,0,0,-99
2016,10,15,0,1,0,3,-99,-99,-99,-99,-99,0,0,8,1.279,0,0,0,0,none,0,0,none,0,0,none,0,0,-99
2016,10,16,0,1,0,3,-99,-99,-99,-99,-99,0,0,2,0.162,0,0,0,0,KOVI,1,0.059,none,0,0,none,0,0,-99
2016,11,1,1,0,0,1,-99,-99,-99,-99,-99,1,1.2708,7,0.9097,0,0,0,0,none,0,0,none,0,0,none,0,0,-99
2016,11,2,1,0,0,1,-99,-99,-99,-99,-99,2,2.3491,5,0.6915,10,0.9516,0,0,none,0,0,none,0,0,none,0,0,-99
2016,11,3,1,0,0,1,-99,-99,-99,-99,-99,0,0,4,0.0676,1,0.2191,0,0,none,0,0,none,0,0,none,0,0,-99
2016,11,4,1,0,0,1,-99,-99,-99,-99,-99,1,0.7655,2,0.045,0,0,0,0,none,0,0,none,0,0,none,0,0,-99
2016,11,5,1,0,0,1,-99,-99,-99,-99,-99,3,3.0732,0,0,0,0,0,0,none,0,0,none,0,0,none,0,0,-99
2016,11,6,1,0,0,1,-99,-99,-99,-99,-99,0,0,1,0.0929,0,0,0,0,none,0,0,none,0,0,none,0,0,-99
2016,11,7,1,0,0,1,-99,-99,-99,-99,-99,1,0.0363,0,0,0,0,0,0,none,0,0,none,0,0,none,0,0,-99
2016,11,8,1,0,0,1,-99,-99,-99,-99,-99,1,0.7118,1,0.0062,1,0.0371,0,0,none,0,0,none,0,0,none,0,0,-99
2016,11,9,1,0,0,1,-99,-99,-99,-99,-99,2,0.0769,4,0.5411,4,0.3381,0,0,none,0,0,none,0,0,none,0,0,-99
2016,11,10,1,0,0,1,-99,-99,-99,-99,-99,0,0,25,3.9521,6,0.6105,0,0,none,0,0,none,0,0,none,0,0,-99
2016,11,11,0,0,0,1,-99,-99,-99,-99,-99,0,0,8,0.2894,4,0.5027,0,0,none,0,0,none,0,0,none,0,0,-99
2016,11,12,0,0,0,1,-99,-99,-99,-99,-99,0,0,0,0,2,0.1218,0,0,none,0,0,none,0,0,none,0,0,-99
2016,11,13,0,0,0,1,-99,-99,-99,-99,-99,0,0,0,0,0,0,0,0,none,0,0,none,0,0,none,0,0,-99
2016,11,14,0,0,0,1,-99,-99,-99,-99,-99,3,2.4286,3,0.4804,1,0.2286,0,0,none,0,0,none,0,0,none,0,0,-99
2016,11,15,0,0,0,1,-99,-99,-99,-99,-99,3,1.5794,13,2.6425,0,0,0,0,none,0,0,none,0,0,none,0,0,-99
2016,11,16,0,0,0,1,-99,-99,-99,-99,-99,2,2.1993,18,1.7383,5,0.4683,0,0,none,0,0,none,0,0,none,0,0,-99
2016,12,1,1,0,1,2,-99,-99,-99,-99,-99,0,0,0,0,2,0.5225,0,0,none,0,0,none,0,0,none,0,0,-99
2016,12,2,1,0,1,2,-99,-99,-99,-99,-99,0,0,0,0,3,0.3335,0,0,none,0,0,none,0,0,none,0,0,-99
2016,12,3,1,0,1,2,-99,-99,-99,-99,-99,0,0,0,0,11,1.7837,0,0,none,0,0,none,0,0,none,0,0,-99
2016,12,4,1,0,1,2,-99,-99,-99,-99,-99,0,0,0,0,2,0.2304,0,0,none,0,0,none,0,0,none,0,0,-99
2016,12,5,1,0,1,2,-99,-99,-99,-99,-99,0,0,0,0,0,0,0,0,none,0,0,none,0,0,none,0,0,-99
2016,12,6,1,0,1,2,-99,-99,-99,-99,-99,0,0,0,0,15,3.0447,0,0,none,0,0,none,0,0,none,0,0,-99
2016,12,7,1,0,1,2,-99,-99,-99,-99,-99,0,0,0,0,12,2.3024,0,0,none,0,0,none,0,0,none,0,0,-99
2016,12,8,1,0,1,2,-99,-99,-99,-99,-99,0,0,0,0,9,1.3565,0,0,none,0,0,none,0,0,none,0,0,-99
2016,12,9,1,0,1,2,-99,-99,-99,-99,-99,0,0,0,0,6,1.7853,0,0,none,0,0,none,0,0,none,0,0,-99
2016,12,10,1,0,1,2,-99,-99,-99,-99,-99,0,0,7,1.3894,13,2.6573,0,0,none,0,0,none,0,0,none,0,0,-99
2016,12,11,0,0,1,2,-99,-99,-99,-99,-99,0,0,0,0,0,0,0,0,none,0,0,none,0,0,none,0,0,-99
2016,12,12,0,0,1,2,-99,-99,-99,-99,-99,0,0,0,0,0,0,0,0,none,0,0,none,0,0,none,0,0,-99
2016,12,13,0,0,1,2,-99,-99,-99,-99,-99,0,0,0,0,0,0,0,0,none,0,0,none,0,0,none,0,0,-99
2016,12,14,0,0,1,2,-99,-99,-99,-99,-99,3,2.4192,7,1.7441,9,2.4168,0,0,none,0,0,none,0,0,none,0,0,-99
2016,12,15,0,0,1,2,-99,-99,-99,-99,-99,0,0,3,0.5417,4,0.4202,0,0,none,0,0,none,0,0,none,0,0,-99
2016,12,16,0,0,1,2,-99,-99,-99,-99,-99,0,0,11,1.3558,0,0,0,0,none,0,0,none,0,0,none,0,0,-99
2017,1,1,1,0,0,1,-99,-99,-99,-99,-99,0,0,4,0.7563,7,2.2909,0,0,none,0,0,none,0,0,none,0,0,-99
2017,1,2,1,0,0,1,-99,-99,-99,-99,-99,0,0,24,3.395,9,1.9078,0,0,none,0,0,none,0,0,none,0,0,-99
2017,1,3,1,0,0,1,-99,-99,-99,-99,-99,0,0,20,3.768,2,0.4457,0,0,none,0,0,none,0,0,none,0,0,-99
2017,1,4,1,0,0,1,-99,-99,-99,-99,-99,0,0,29,4.2805,4,1.1862,0,0,none,0,0,none,0,0,none,0,0,-99
2017,1,5,1,0,0,1,-99,-99,-99,-99,-99,0,0,13,1.8169,4,0.5285,0,0,none,0,0,none,0,0,none,0,0,-99
2017,1,6,1,0,0,1,-99,-99,-99,-99,-99,0,0,14,2.1863,1,0.677,5,0.0752,none,0,0,none,0,0,none,0,0,-99
2017,1,7,1,0,0,1,-99,-99,-99,-99,-99,0,0,3,0.9272,11,2.3465,0,0,none,0,0,none,0,0,none,0,0,-99
2017,1,8,1,0,0,1,-99,-99,-99,-99,-99,0,0,13,1.976,6,1.4022,0,0,none,0,0,none,0,0,none,0,0,-99
2017,1,9,1,0,0,1,-99,-99,-99,-99,-99,0,0,16,2.5591,4,0.6862,0,0,none,0,0,none,0,0,none,0,0,-99
2017,1,10,1,0,0,1,-99,-99,-99,-99,-99,0,0,31,3.3619,4,0.5615,1,0.3419,none,0,0,none,0,0,none,0,0,-99
2017,1,11,0,0,0,1,-99,-99,-99,-99,-99,0,0,7,1.0253,2,0.3278,0,0,none,0,0,none,0,0,none,0,0,-99
2017,1,12,0,0,0,1,-99,-99,-99,-99,-99,0,0,6,0.8517,3,0.2657,0,0,none,0,0,none,0,0,none,0,0,-99
2017,1,13,0,0,0,1,-99,-99,-99,-99,-99,0,0,11,1.9559,3,0.5612,0,0,none,0,0,none,0,0,none,0,0,-99
2017,1,14,0,0,0,1,-99,-99,-99,-99,-99,0,0,18,2.5098,8,1.592,0,0,none,0,0,none,0,0,none,0,0,-99
2017,1,15,0,0,0,1,-99,-99,-99,-99,-99,0,0,10,1.1628,8,0.9271,0,0,none,0,0,none,0,0,none,0,0,-99
2017,1,16,0,0,0,1,-99,-99,-99,-99,-99,0,0,28,5.6741,6,0.6091,0,0,none,0,0,none,0,0,none,0,0,-99
2017,2,1,1,1,0,3,-99,-99,-99,-99,-99,0,0,3,0.0881,2,0.6159,0,0,none,0,0,none,0,0,none,0,0,-99
2017,2,2,1,1,0,3,-99,-99,-99,-99,-99,0,0,5,0.4442,5,0.9872,0,0,none,0,0,none,0,0,none,0,0,-99
2017,2,3,1,1,0,3,-99,-99,-99,-99,-99,0,0,15,1.9608,8,2.7781,1,0.0171,none,0,0,none,0,0,none,0,0,-99
2017,2,4,1,1,0,3,-99,-99,-99,-99,-99,0,0,8,0.9894,5,0.6047,0,0,none,0,0,none,0,0,none,0,0,-99
2017,2,5,1,1,0,3,-99,-99,-99,-99,-99,0,0,8,0.8562,3,1.1253,0,0,ASTER,1,0.3195,none,0,0,none,0,0,-99
2017,2,6,1,1,0,3,-99,-99,-99,-99,-99,0,0,6,0.8177,8,1.854,0,0,ASTER,2,1.2422,none,0,0,none,0,0,-99
2017,2,7,1,1,0,3,-99,-99,-99,-99,-99,0,0,6,0.6897,6,2.0507,0,0,none,0,0,none,0,0,none,0,0,-99
2017,2,8,1,1,0,3,-99,-99,-99,-99,-99,0,0,15,1.7378,2,0.3213,0,0,none,0,0,none,0,0,none,0,0,-99
2017,2,9,1,1,0,3,-99,-99,-99,-99,-99,0,0,4,0.3786,4,0.937,2,6.8446,none,0,0,none,0,0,none,0,0,-99
2017,2,10,1,1,0,3,-99,-99,-99,-99,-99,0,0,11,0.7792,3,0.3996,1,0.0114,none,0,0,none,0,0,none,0,0,-99
2017,2,11,0,1,0,3,-99,-99,-99,-99,-99,0,0,2,0.5238,0,0,0,0,none,0,0,none,0,0,none,0,0,-99
2017,2,12,0,1,0,3,-99,-99,-99,-99,-99,0,0,1,0.2195,0,0,0,0,none,0,0,none,0,0,none,0,0,-99
2017,2,13,0,1,0,3,-99,-99,-99,-99,-99,0,0,0,0,0,0,0,0,none,0,0,none,0,0,none,0,0,-99
2017,2,14,0,1,0,3,-99,-99,-99,-99,-99,0,0,23,3.734,3,0.356,0,0,none,0,0,none,0,0,none,0,0,-99
2017,2,15,0,1,0,3,-99,-99,-99,-99,-99,0,0,20,3.1481,1,0.0724,0,0,none,0,0,none,0,0,none,0,0,-99
2017,2,16,0,1,0,3,-99,-99,-99,-99,-99,0,0,33,5.3534,4,0.7135,0,0,none,0,0,none,0,0,none,0,0,-99
2017,3,1,1,0,1,2,-99,-99,-99,-99,-99,0,0,0,0,3,0.9123,0,0,none,0,0,none,0,0,none,0,0,-99
2017,3,2,1,0,1,2,-99,-99,-99,-99,-99,0,0,0,0,10,3.1955,0,0,none,0,0,none,0,0,none,0,0,-99
2017,3,3,1,0,1,2,-99,-99,-99,-99,-99,0,0,0,0,5,1.1768,0,0,none,0,0,none,0,0,none,0,0,-99
2017,3,4,1,0,1,2,-99,-99,-99,-99,-99,0,0,0,0,1,0.1825,0,0,none,0,0,none,0,0,none,0,0,-99
2017,3,5,1,0,1,2,-99,-99,-99,-99,-99,0,0,0,0,2,0.243,0,0,none,0,0,none,0,0,none,0,0,-99
2017,3,6,1,0,1,2,-99,-99,-99,-99,-99,0,0,0,0,11,3.049,0,0,none,0,0,none,0,0,none,0,0,-99
2017,3,7,1,0,1,2,-99,-99,-99,-99,-99,0,0,9,1.5029,10,2.0615,0,0,none,0,0,none,0,0,none,0,0,-99
2017,3,8,1,0,1,2,-99,-99,-99,-99,-99,0,0,0,0,7,2.1968,0,0,none,0,0,none,0,0,none,0,0,-99
2017,3,9,1,0,1,2,-99,-99,-99,-99,-99,0,0,0,0,15,4.4288,0,0,none,0,0,none,0,0,none,0,0,-99
2017,3,10,1,0,1,2,-99,-99,-99,-99,-99,0,0,0,0,11,2.7066,0,0,SOSE,1,2.3313,none,0,0,none,0,0,-99
2017,3,11,0,0,1,2,-99,-99,-99,-99,-99,0,0,0,0,0,0,0,0,none,0,0,none,0,0,none,0,0,-99
2017,3,12,0,0,1,2,-99,-99,-99,-99,-99,0,0,0,0,1,0.1338,0,0,none,0,0,none,0,0,none,0,0,-99
2017,3,13,0,0,1,2,-99,-99,-99,-99,-99,0,0,0,0,0,0,0,0,none,0,0,none,0,0,none,0,0,-99
2017,3,14,0,0,1,2,-99,-99,-99,-99,-99,2,2.0126,6,0.8926,17,2.6437,0,0,none,0,0,none,0,0,none,0,0,-99
2017,3,15,0,0,1,2,-99,-99,-99,-99,-99,3,4.182,9,0.8332,5,0.3791,0,0,none,0,0,none,0,0,none,0,0,-99
2017,3,16,0,0,1,2,-99,-99,-99,-99,-99,0,0,44,6.7168,6,1.3838,0,0,none,0,0,none,0,0,none,0,0,-99
2017,4,1,1,1,1,4,-99,-99,-99,-99,-99,0,0,0,0,0,0,0,0,none,0,0,none,0,0,none,0,0,-99
2017,4,2,1,1,1,4,-99,-99,-99,-99,-99,0,0,0,0,11,2.1101,0,0,none,0,0,none,0,0,none,0,0,-99
2017,4,3,1,1,1,4,-99,-99,-99,-99,-99,0,0,0,0,1,0.3265,0,0,none,0,0,none,0,0,none,0,0,-99
2017,4,4,1,1,1,4,-99,-99,-99,-99,-99,0,0,0,0,0,0,0,0,none,0,0,none,0,0,none,0,0,-99
2017,4,5,1,1,1,4,-99,-99,-99,-99,-99,0,0,0,0,2,0.3682,0,0,none,0,0,none,0,0,none,0,0,-99
2017,4,6,1,1,1,4,-99,-99,-99,-99,-99,0,0,0,0,1,0.1919,0,0,none,0,0,none,0,0,none,0,0,-99
2017,4,7,1,1,1,4,-99,-99,-99,-99,-99,0,0,2,0.22,2,0.2622,0,0,none,0,0,none,0,0,none,0,0,-99
2017,4,8,1,1,1,4,-99,-99,-99,-99,-99,0,0,1,0.0781,6,1.0705,0,0,none,0,0,none,0,0,none,0,0,-99
2017,4,9,1,1,1,4,-99,-99,-99,-99,-99,0,0,5,0.1482,13,2.9103,0,0,ASTER,1,0.3928,none,0,0,none,0,0,-99
2017,4,10,1,1,1,4,-99,-99,-99,-99,-99,0,0,0,0,5,1.5204,0,0,none,0,0,none,0,0,none,0,0,-99
2017,4,11,0,1,1,4,-99,-99,-99,-99,-99,0,0,0,0,0,0,0,0,none,0,0,none,0,0,none,0,0,-99
2017,4,12,0,1,1,4,-99,-99,-99,-99,-99,0,0,0,0,0,0,0,0,none,0,0,none,0,0,none,0,0,-99
2017,4,13,0,1,1,4,-99,-99,-99,-99,-99,0,0,0,0,0,0,0,0,none,0,0,none,0,0,none,0,0,-99
2017,4,14,0,1,1,4,-99,-99,-99,-99,-99,0,0,7,0.5975,1,0.2285,0,0,none,0,0,none,0,0,none,0,0,-99
2017,4,15,0,1,1,4,-99,-99,-99,-99,-99,0,0,13,2.369,1,0.1074,0,0,none,0,0,none,0,0,none,0,0,-99
2017,4,16,0,1,1,4,-99,-99,-99,-99,-99,0,0,7,1.267,1,0.0828,0,0,none,0,0,none,0,0,none,0,0,-99
2017,5,1,1,1,0,3,-99,-99,-99,-99,-99,0,0,5,0.4763,1,0.1069,0,0,none,0,0,none,0,0,none,0,0,-99
2017,5,2,1,1,0,3,-99,-99,-99,-99,-99,0,0,0,0,0,0,0,0,none,0,0,none,0,0,none,0,0,-99
2017,5,3,1,1,0,3,-99,-99,-99,-99,-99,0,0,5,0.5464,0,0,0,0,none,0,0,none,0,0,none,0,0,-99
2017,5,4,1,1,0,3,-99,-99,-99,-99,-99,0,0,10,1.3352,1,0.0646,0,0,POHY,2,0.018,none,0,0,none,0,0,-99
2017,5,5,1,1,0,3,-99,-99,-99,-99,-99,0,0,0,0,0,0,0,0,none,0,0,KOVI,1,0.5742,none,0,0,-99
2017,5,6,1,1,0,3,-99,-99,-99,-99,-99,0,0,4,0.261,3,0.3476,0,0,none,0,0,none,0,0,none,0,0,-99
2017,5,7,1,1,0,3,-99,-99,-99,-99,-99,0,0,8,0.8856,2,0.2788,0,0,none,0,0,none,0,0,none,0,0,-99
2017,5,8,1,1,0,3,-99,-99,-99,-99,-99,0,0,3,0.7563,1,0.0764,0,0,none,0,0,none,0,0,none,0,0,-99
2017,5,9,1,1,0,3,-99,-99,-99,-99,-99,0,0,14,1.3179,4,0.2559,0,0,none,0,0,none,0,0,none,0,0,-99
2017,5,10,1,1,0,3,-99,-99,-99,-99,-99,2,1.6957,3,0.4366,1,0.0496,3,1.3028,none,0,0,none,0,0,none,0,0,-99
2017,5,11,0,1,0,3,-99,-99,-99,-99,-99,0,0,0,0,0,0,0,0,none,0,0,none,0,0,none,0,0,-99
2017,5,12,0,1,0,3,-99,-99,-99,-99,-99,0,0,0,0,0,0,0,0,none,0,0,none,0,0,none,0,0,-99
2017,5,13,0,1,0,3,-99,-99,-99,-99,-99,0,0,0,0,0,0,0,0,none,0,0,none,0,0,none,0,0,-99
2017,5,14,0,1,0,3,-99,-99,-99,-99,-99,3,3.4205,4,0.3833,0,0,0,0,none,0,0,none,0,0,none,0,0,-99
2017,5,15,0,1,0,3,-99,-99,-99,-99,-99,2,2.5273,11,0.1852,5,1.0907,1,0.307,none,0,0,none,0,0,none,0,0,-99
2017,5,16,0,1,0,3,-99,-99,-99,-99,-99,0,0,13,1.7698,0,0,0,0,none,0,0,none,0,0,none,0,0,-99
2017,6,1,1,0,1,2,-99,-99,-99,-99,-99,0,0,0,0,0,0,0,0,none,0,0,none,0,0,none,0,0,-99
2017,6,2,1,0,1,2,-99,-99,-99,-99,-99,0,0,0,0,1,0.0362,0,0,none,0,0,none,0,0,none,0,0,-99
2017,6,3,1,0,1,2,-99,-99,-99,-99,-99,0,0,0,0,1,0.0795,0,0,none,0,0,none,0,0,none,0,0,-99
2017,6,4,1,0,1,2,-99,-99,-99,-99,-99,1,0.7971,0,0,0,0,0,0,none,0,0,none,0,0,none,0,0,-99
2017,6,5,1,0,1,2,-99,-99,-99,-99,-99,0,0,0,0,0,0,0,0,none,0,0,none,0,0,none,0,0,-99
2017,6,6,1,0,1,2,-99,-99,-99,-99,-99,2,2.2861,0,0,3,0.3465,0,0,none,0,0,none,0,0,none,0,0,-99
2017,6,7,1,0,1,2,-99,-99,-99,-99,-99,0,0,0,0,1,0.3315,0,0,SOSE,1,0.3816,none,0,0,none,0,0,-99
2017,6,8,1,0,1,2,-99,-99,-99,-99,-99,2,0.4335,0,0,8,1.3364,0,0,ATPA,1,0.3383,none,0,0,none,0,0,-99
2017,6,9,1,0,1,2,-99,-99,-99,-99,-99,0,0,1,0.0103,8,0.7773,0,0,ATPA,1,0.7056,none,0,0,none,0,0,-99
2017,6,10,1,0,1,2,-99,-99,-99,-99,-99,0,0,1,0.0093,1,0.19,0,0,none,0,0,none,0,0,none,0,0,-99
2017,6,11,0,0,1,2,-99,-99,-99,-99,-99,0,0,0,0,0,0,0,0,none,0,0,none,0,0,none,0,0,-99
2017,6,12,0,0,1,2,-99,-99,-99,-99,-99,0,0,0,0,0,0,0,0,none,0,0,none,0,0,none,0,0,-99
2017,6,13,0,0,1,2,-99,-99,-99,-99,-99,0,0,0,0,0,0,0,0,none,0,0,none,0,0,none,0,0,-99
2017,6,14,0,0,1,2,-99,-99,-99,-99,-99,0,0,1,0.0324,12,2.4718,0,0,none,0,0,none,0,0,none,0,0,-99
2017,6,15,0,0,1,2,-99,-99,-99,-99,-99,0,0,8,0.9856,0,0,0,0,none,0,0,none,0,0,none,0,0,-99
2017,6,16,0,0,1,2,-99,-99,-99,-99,-99,0,0,10,1.3009,1,0.0679,0,0,none,0,0,none,0,0,none,0,0,-99
2017,7,1,1,1,1,4,-99,-99,-99,-99,-99,0,0,3,0.1979,0,0,0,0,none,0,0,none,0,0,none,0,0,-99
2017,7,2,1,1,1,4,-99,-99,-99,-99,-99,0,0,2,0.0621,0,0,0,0,none,0,0,none,0,0,none,0,0,-99
2017,7,3,1,1,1,4,-99,-99,-99,-99,-99,0,0,0,0,1,0.0615,0,0,none,0,0,none,0,0,none,0,0,-99
2017,7,4,1,1,1,4,-99,-99,-99,-99,-99,0,0,0,0,1,0.3595,0,0,none,0,0,none,0,0,none,0,0,-99
2017,7,5,1,1,1,4,-99,-99,-99,-99,-99,0,0,1,0.0248,3,0.9672,0,0,none,0,0,none,0,0,none,0,0,-99
2017,7,6,1,1,1,4,-99,-99,-99,-99,-99,0,0,1,0.008,2,0.2903,0,0,none,0,0,none,0,0,none,0,0,-99
2017,7,7,1,1,1,4,-99,-99,-99,-99,-99,0,0,0,0,5,0.8401,0,0,none,0,0,none,0,0,none,0,0,-99
2017,7,8,1,1,1,4,-99,-99,-99,-99,-99,0,0,7,1.1499,5,1.403,0,0,none,0,0,none,0,0,none,0,0,-99
2017,7,9,1,1,1,4,-99,-99,-99,-99,-99,0,0,3,0.3915,8,1.7426,0,0,ATPA,1,0.1489,none,0,0,none,0,0,-99
2017,7,10,1,1,1,4,-99,-99,-99,-99,-99,0,0,5,0,0,0,0,0,none,0,0,none,0,0,none,0,0,-99
2017,7,11,0,1,1,4,-99,-99,-99,-99,-99,0,0,0,0,0,0,0,0,none,0,0,none,0,0,none,0,0,-99
2017,7,12,0,1,1,4,-99,-99,-99,-99,-99,0,0,0,0,0,0,0,0,none,0,0,none,0,0,none,0,0,-99
2017,7,13,0,1,1,4,-99,-99,-99,-99,-99,0,0,0,0,0,0,0,0,none,0,0,none,0,0,none,0,0,-99
2017,7,14,0,1,1,4,-99,-99,-99,-99,-99,0,0,5,0,1,0,0,0,none,0,0,none,0,0,none,0,0,-99
2017,7,15,0,1,1,4,-99,-99,-99,-99,-99,0,0,15,2.1903,6,0.9195,0,0,none,0,0,none,0,0,none,0,0,-99
2017,7,16,0,1,1,4,-99,-99,-99,-99,-99,1,1.4502,19,3.3117,0,0,0,0,none,0,0,none,0,0,none,0,0,-99
2017,8,1,1,0,0,1,-99,-99,-99,-99,-99,2,3.2473,1,0.0393,2,0.1964,0,0,none,0,0,none,0,0,none,0,0,-99
2017,8,2,1,0,0,1,-99,-99,-99,-99,-99,2,1.3743,6,0.7973,2,0.5204,0,0,none,0,0,none,0,0,none,0,0,-99
2017,8,3,1,0,0,1,-99,-99,-99,-99,-99,3,2.4174,1,0.0094,1,0.3436,0,0,none,0,0,none,0,0,none,0,0,-99
2017,8,4,1,0,0,1,-99,-99,-99,-99,-99,0,0,13,1.4091,2,0.243,0,0,none,0,0,none,0,0,none,0,0,-99
2017,8,5,1,0,0,1,-99,-99,-99,-99,-99,0,0,8,0.8959,2,0.4899,0,0,none,0,0,none,0,0,none,0,0,-99
2017,8,6,1,0,0,1,-99,-99,-99,-99,-99,5,4.9746,36,3.7758,4,0.6417,0,0,none,0,0,none,0,0,none,0,0,-99
2017,8,7,1,0,0,1,-99,-99,-99,-99,-99,2,1.431,31,3.412,2,0.3686,0,0,none,0,0,none,0,0,none,0,0,-99
2017,8,8,1,0,0,1,-99,-99,-99,-99,-99,0,0,33,2.3923,0,0,0,0,none,0,0,none,0,0,none,0,0,-99
2017,8,9,1,0,0,1,-99,-99,-99,-99,-99,1,0.9624,30,3.8777,0,0,0,0,none,0,0,none,0,0,none,0,0,-99
2017,8,10,1,0,0,1,-99,-99,-99,-99,-99,0,0,6,1.1824,0,0,0,0,none,0,0,none,0,0,none,0,0,-99
2017,8,11,0,0,0,1,-99,-99,-99,-99,-99,0,0,5,0.7214,2,0.09,0,0,none,0,0,none,0,0,none,0,0,-99
2017,8,12,0,0,0,1,-99,-99,-99,-99,-99,0,0,14,1.8676,1,2.1684,0,0,none,0,0,none,0,0,none,0,0,-99
2017,8,13,0,0,0,1,-99,-99,-99,-99,-99,0,0,0,0,6,0.8456,0,0,none,0,0,none,0,0,none,0,0,-99
2017,8,14,0,0,0,1,-99,-99,-99,-99,-99,0,0,4,0.9469,0,0,0,0,none,0,0,none,0,0,none,0,0,-99
2017,8,15,0,0,0,1,-99,-99,-99,-99,-99,0,0,13,2.0581,2,0.4208,0,0,none,0,0,none,0,0,none,0,0,-99
2017,8,16,0,0,0,1,-99,-99,-99,-99,-99,0,0,17,2.4506,5,0.464,0,0,none,0,0,none,0,0,none,0,0,-99
2017,9,1,1,1,1,4,-99,-99,-99,-99,-99,1,1.3255,22,3.0966,0,0,0,0,none,0,0,none,0,0,none,0,0,-99
2017,9,2,1,1,1,4,-99,-99,-99,-99,-99,0,0,21,2.7274,0,0,0,0,none,0,0,none,0,0,none,0,0,-99
2017,9,3,1,1,1,4,-99,-99,-99,-99,-99,3,2.9588,4,0.5033,0,0,0,0,none,0,0,none,0,0,none,0,0,-99
2017,9,4,1,1,1,4,-99,-99,-99,-99,-99,3,1.8194,4,0.0719,0,0,0,0,none,0,0,none,0,0,none,0,0,-99
2017,9,5,1,1,1,4,-99,-99,-99,-99,-99,1,0.5103,0,0,0,0,0,0,none,0,0,none,0,0,none,0,0,-99
2017,9,6,1,1,1,4,-99,-99,-99,-99,-99,0,0,6,1.0866,0,0,0,0,none,0,0,none,0,0,none,0,0,-99
2017,9,7,1,1,1,4,-99,-99,-99,-99,-99,0,0,7,0.9002,0,0,0,0,none,0,0,none,0,0,none,0,0,-99
2017,9,8,1,1,1,4,-99,-99,-99,-99,-99,2,1.8422,3,0.5239,0,0,0,0,none,0,0,none,0,0,none,0,0,-99
2017,9,9,1,1,1,4,-99,-99,-99,-99,-99,0,0,5,0.9132,6,0.8719,0,0,none,0,0,none,0,0,none,0,0,-99
2017,9,10,1,1,1,4,-99,-99,-99,-99,-99,0,0,4,0.7744,5,0.9075,0,0,none,0,0,none,0,0,none,0,0,-99
2017,9,11,0,1,1,4,-99,-99,-99,-99,-99,0,0,6,1.0337,2,0.3221,0,0,none,0,0,none,0,0,none,0,0,-99
2017,9,12,0,1,1,4,-99,-99,-99,-99,-99,0,0,1,0.0427,3,0.3418,0,0,none,0,0,none,0,0,none,0,0,-99
2017,9,13,0,1,1,4,-99,-99,-99,-99,-99,0,0,0,0,6,1.1656,2,1.2509,none,0,0,none,0,0,none,0,0,-99
2017,9,14,0,1,1,4,-99,-99,-99,-99,-99,2,2.9115,10,1.702,3,0.8819,0,0,none,0,0,none,0,0,none,0,0,-99
2017,9,15,0,1,1,4,-99,-99,-99,-99,-99,1,0.8033,23,4.557,0,0,0,0,none,0,0,none,0,0,none,0,0,-99
2017,9,16,0,1,1,4,-99,-99,-99,-99,-99,0,0,31,6.2187,0,0,0,0,none,0,0,none,0,0,none,0,0,-99
2017,10,1,1,1,0,3,-99,-99,-99,-99,-99,0,0,1,0.2112,4,1.2822,0,0,none,0,0,none,0,0,none,0,0,-99
2017,10,2,1,1,0,3,-99,-99,-99,-99,-99,0,0,1,0.0331,1,0.1581,0,0,none,0,0,none,0,0,none,0,0,-99
2017,10,3,1,1,0,3,-99,-99,-99,-99,-99,3,1.4134,0,0,8,1.2244,0,0,none,0,0,none,0,0,none,0,0,-99
2017,10,4,1,1,0,3,-99,-99,-99,-99,-99,4,5.5958,2,0.0863,6,1.7371,0,0,none,0,0,none,0,0,none,0,0,-99
2017,10,5,1,1,0,3,-99,-99,-99,-99,-99,3,4.0533,3,0.3157,9,1.39,1,0.0065,none,0,0,none,0,0,none,0,0,-99
2017,10,6,1,1,0,3,-99,-99,-99,-99,-99,0,0,3,0.1271,3,0.43,0,0,none,0,0,none,0,0,none,0,0,-99
2017,10,7,1,1,0,3,-99,-99,-99,-99,-99,0,0,16,2.8401,1,0.1552,0,0,none,0,0,none,0,0,none,0,0,-99
2017,10,8,1,1,0,3,-99,-99,-99,-99,-99,1,0.8322,9,1.1473,0,0,0,0,none,0,0,none,0,0,none,0,0,-99
2017,10,9,1,1,0,3,-99,-99,-99,-99,-99,1,0.8344,17,2.093,2,0.2702,1,0.0117,none,0,0,none,0,0,none,0,0,-99
2017,10,10,1,1,0,3,-99,-99,-99,-99,-99,1,0.7295,5,0.6528,0,0,0,0,POHY,1,0.2145,ATPA,1,0.045,none,0,0,-99
2017,10,11,0,1,0,3,-99,-99,-99,-99,-99,0,0,0,0,1,0.114,0,0,none,0,0,none,0,0,none,0,0,-99
2017,10,12,0,1,0,3,-99,-99,-99,-99,-99,0,0,0,0,0,0,0,0,none,0,0,none,0,0,none,0,0,-99
2017,10,13,0,1,0,3,-99,-99,-99,-99,-99,0,0,0,0,0,0,0,0,none,0,0,none,0,0,none,0,0,-99
2017,10,14,0,1,0,3,-99,-99,-99,-99,-99,0,0,2,0.4921,6,0.9654,0,0,none,0,0,none,0,0,none,0,0,-99
2017,10,15,0,1,0,3,-99,-99,-99,-99,-99,0,0,3,0.5655,0,0,0,0,none,0,0,none,0,0,none,0,0,-99
2017,10,16,0,1,0,3,-99,-99,-99,-99,-99,0,0,3,0.3048,6,1.4091,0,0,none,0,0,none,0,0,none,0,0,-99
2017,11,1,1,0,0,1,-99,-99,-99,-99,-99,0,0,4,0.6599,2,0.6013,1,0.0444,POHY,1,0.0119,none,0,0,none,0,0,-99
2017,11,2,1,0,0,1,-99,-99,-99,-99,-99,2,2.55,2,0.2139,1,0.1735,0,0,none,0,0,none,0,0,none,0,0,-99
2017,11,3,1,0,0,1,-99,-99,-99,-99,-99,3,3.1705,0,0,1,0.0327,0,0,none,0,0,none,0,0,none,0,0,-99
2017,11,4,1,0,0,1,-99,-99,-99,-99,-99,2,1.4077,11,1.2169,0,0,1,0.0032,none,0,0,none,0,0,none,0,0,-99
2017,11,5,1,0,0,1,-99,-99,-99,-99,-99,0,0,0,0,2,0.3388,0,0,none,0,0,none,0,0,none,0,0,-99
2017,11,6,1,0,0,1,-99,-99,-99,-99,-99,1,1.2644,0,0,8,1.3286,0,0,none,0,0,none,0,0,none,0,0,-99
2017,11,7,1,0,0,1,-99,-99,-99,-99,-99,2,2.9021,1,0.1837,10,1.3473,0,0,none,0,0,none,0,0,none,0,0,-99
2017,11,8,1,0,0,1,-99,-99,-99,-99,-99,0,0,0,0,1,0.1428,0,0,none,0,0,none,0,0,none,0,0,-99
2017,11,9,1,0,0,1,-99,-99,-99,-99,-99,4,4.4068,37,4.7325,0,0,0,0,ATPA,1,0.0239,none,0,0,none,0,0,-99
2017,11,10,1,0,0,1,-99,-99,-99,-99,-99,0,0,27,5.4261,2,0.523,0,0,none,0,0,none,0,0,none,0,0,-99
2017,11,11,0,0,0,1,-99,-99,-99,-99,-99,0,0,5,0.8198,4,0.4867,0,0,none,0,0,none,0,0,none,0,0,-99
2017,11,12,0,0,0,1,-99,-99,-99,-99,-99,0,0,2,0.3216,1,0.2322,0,0,none,0,0,none,0,0,none,0,0,-99
2017,11,13,0,0,0,1,-99,-99,-99,-99,-99,0,0,0,0,0,0,0,0,none,0,0,none,0,0,none,0,0,-99
2017,11,14,0,0,0,1,-99,-99,-99,-99,-99,1,0.7522,0,0,5,0.8581,0,0,none,0,0,none,0,0,none,0,0,-99
2017,11,15,0,0,0,1,-99,-99,-99,-99,-99,1,1.2616,6,1.0363,1,0.0837,0,0,none,0,0,none,0,0,none,0,0,-99
2017,11,16,0,0,0,1,-99,-99,-99,-99,-99,1,0.3598,4,0.7098,0,0,0,0,none,0,0,none,0,0,none,0,0,-99
2017,12,1,1,0,1,2,-99,-99,-99,-99,-99,0,0,0,0,2,0.8251,0,0,none,0,0,none,0,0,none,0,0,-99
2017,12,2,1,0,1,2,-99,-99,-99,-99,-99,0,0,0,0,2,1.3922,0,0,none,0,0,none,0,0,none,0,0,-99
2017,12,3,1,0,1,2,-99,-99,-99,-99,-99,0,0,0,0,12,3.0762,0,0,none,0,0,none,0,0,none,0,0,-99
2017,12,4,1,0,1,2,-99,-99,-99,-99,-99,0,0,2,0.1561,6,1.4407,0,0,none,0,0,none,0,0,none,0,0,-99
2017,12,5,1,0,1,2,-99,-99,-99,-99,-99,0,0,0,0,5,1.1073,0,0,ATPA,1,0.0713,none,0,0,none,0,0,-99
2017,12,6,1,0,1,2,-99,-99,-99,-99,-99,0,0,0,0,1,0.0827,0,0,none,0,0,none,0,0,none,0,0,-99
2017,12,7,1,0,1,2,-99,-99,-99,-99,-99,0,0,0,0,3,1.3771,0,0,none,0,0,none,0,0,none,0,0,-99
2017,12,8,1,0,1,2,-99,-99,-99,-99,-99,0,0,6,1.5699,6,1.9546,0,0,none,0,0,none,0,0,none,0,0,-99
2017,12,9,1,0,1,2,-99,-99,-99,-99,-99,0,0,11,2.0125,9,1.798,0,0,none,0,0,none,0,0,none,0,0,-99
2017,12,10,1,0,1,2,-99,-99,-99,-99,-99,0,0,7,1.2858,9,2.369,0,0,none,0,0,none,0,0,none,0,0,-99
2017,12,11,0,0,1,2,-99,-99,-99,-99,-99,0,0,0,0,1,0.2183,0,0,none,0,0,none,0,0,none,0,0,-99
2017,12,12,0,0,1,2,-99,-99,-99,-99,-99,0,0,0,0,0,0,0,0,none,0,0,none,0,0,none,0,0,-99
2017,12,13,0,0,1,2,-99,-99,-99,-99,-99,0,0,0,0,0,0,0,0,none,0,0,none,0,0,none,0,0,-99
2017,12,14,0,0,1,2,-99,-99,-99,-99,-99,3,2.6001,14,2.2921,12,2.81,0,0,none,0,0,none,0,0,none,0,0,-99
2017,12,15,0,0,1,2,-99,-99,-99,-99,-99,2,2.1627,20,3.7656,6,1.4069,0,0,none,0,0,none,0,0,none,0,0,-99
2017,12,16,0,0,1,2,-99,-99,-99,-99,-99,3,2.6089,5,0.8436,0,0,0,0,none,0,0,none,0,0,none,0,0,-99
2018,1,1,1,0,0,1,-99,-99,-99,-99,-99,0,0,18,3.4728,3,1.1248,1,0.0479,none,0,0,none,0,0,none,0,0,-99
2018,1,2,1,0,0,1,-99,-99,-99,-99,-99,0,0,12,1.8408,5,1.2067,0,0,none,0,0,none,0,0,none,0,0,-99
2018,1,3,1,0,0,1,-99,-99,-99,-99,-99,0,0,0,0,2,0.4427,0,0,none,0,0,none,0,0,none,0,0,-99
2018,1,4,1,0,0,1,-99,-99,-99,-99,-99,0,0,8,1.2929,5,1.0888,0,0,none,0,0,none,0,0,none,0,0,-99
2018,1,5,1,0,0,1,-99,-99,-99,-99,-99,0,0,12,2.5203,6,1.1932,0,0,none,0,0,none,0,0,none,0,0,-99
2018,1,6,1,0,0,1,-99,-99,-99,-99,-99,0,0,2,0.5667,1,0.337,0,0,none,0,0,none,0,0,none,0,0,-99
2018,1,7,1,0,0,1,-99,-99,-99,-99,-99,0,0,6,1.7014,3,0.4175,0,0,none,0,0,none,0,0,none,0,0,-99
2018,1,8,1,0,0,1,-99,-99,-99,-99,-99,0,0,23,4.2474,2,0.781,0,0,none,0,0,none,0,0,none,0,0,-99
2018,1,9,1,0,0,1,-99,-99,-99,-99,-99,0,0,18,2.1906,12,2.6323,0,0,none,0,0,none,0,0,none,0,0,-99
2018,1,10,1,0,0,1,-99,-99,-99,-99,-99,0,0,17,2.9834,6,1.2729,0,0,none,0,0,none,0,0,none,0,0,-99
2018,1,11,0,0,0,1,-99,-99,-99,-99,-99,0,0,2,0.5458,1,0.1864,0,0,none,0,0,none,0,0,none,0,0,-99
2018,1,12,0,0,0,1,-99,-99,-99,-99,-99,0,0,6,1.3592,4,0.9373,0,0,none,0,0,none,0,0,none,0,0,-99
2018,1,13,0,0,0,1,-99,-99,-99,-99,-99,0,0,5,0.8043,6,1.4575,0,0,none,0,0,none,0,0,none,0,0,-99
2018,1,14,0,0,0,1,-99,-99,-99,-99,-99,0,0,11,2.1354,2,1.0163,0,0,none,0,0,none,0,0,none,0,0,-99
2018,1,15,0,0,0,1,-99,-99,-99,-99,-99,0,0,8,1.6305,1,0.4954,0,0,none,0,0,none,0,0,none,0,0,-99
2018,1,16,0,0,0,1,-99,-99,-99,-99,-99,0,0,5,1.4403,2,0.1347,0,0,none,0,0,none,0,0,none,0,0,-99
2018,2,1,1,1,0,3,-99,-99,-99,-99,-99,0,0,0,0,0,0,0,0,ASTER,6,1.7841,none,0,0,none,0,0,-99
2018,2,2,1,1,0,3,-99,-99,-99,-99,-99,0,0,3,0.3818,0,0,0,0,none,0,0,none,0,0,none,0,0,-99
2018,2,3,1,1,0,3,-99,-99,-99,-99,-99,0,0,4,0.9204,1,0.3127,0,0,none,0,0,none,0,0,none,0,0,-99
2018,2,4,1,1,0,3,-99,-99,-99,-99,-99,0,0,6,1.3893,2,0.1844,0,0,none,0,0,none,0,0,none,0,0,-99
2018,2,5,1,1,0,3,-99,-99,-99,-99,-99,0,0,5,0.4796,0,0,0,0,ASTER,7,1.5781,none,0,0,none,0,0,-99
2018,2,6,1,1,0,3,-99,-99,-99,-99,-99,0,0,2,0.4751,3,1.4263,0,0,ASTER,4,0.8464,none,0,0,none,0,0,-99
2018,2,7,1,1,0,3,-99,-99,-99,-99,-99,0,0,12,2.6521,0,0,0,0,none,0,0,none,0,0,none,0,0,-99
2018,2,8,1,1,0,3,-99,-99,-99,-99,-99,0,0,12,1.8799,3,0.709,0,0,none,0,0,none,0,0,none,0,0,-99
2018,2,9,1,1,0,3,-99,-99,-99,-99,-99,0,0,9,1.9519,3,0.6542,0,0,none,0,0,none,0,0,none,0,0,-99
2018,2,10,1,1,0,3,-99,-99,-99,-99,-99,0,0,6,1.3184,0,0,0,0,none,0,0,none,0,0,none,0,0,-99
2018,2,11,0,1,0,3,-99,-99,-99,-99,-99,0,0,3,0.3548,0,0,0,0,none,0,0,none,0,0,none,0,0,-99
2018,2,12,0,1,0,3,-99,-99,-99,-99,-99,0,0,0,0,1,0.1109,0,0,none,0,0,none,0,0,none,0,0,-99
2018,2,13,0,1,0,3,-99,-99,-99,-99,-99,0,0,1,0.1506,0,0,0,0,none,0,0,none,0,0,none,0,0,-99
2018,2,14,0,1,0,3,-99,-99,-99,-99,-99,0,0,8,1.3446,2,0.3437,0,0,none,0,0,none,0,0,none,0,0,-99
2018,2,15,0,1,0,3,-99,-99,-99,-99,-99,0,0,15,2.5093,1,0.2125,0,0,none,0,0,none,0,0,none,0,0,-99
2018,2,16,0,1,0,3,-99,-99,-99,-99,-99,0,0,14,1.5654,2,0.1549,1,0.0606,POHY,4,1.8773,none,0,0,none,0,0,-99
2018,3,1,1,0,1,2,-99,-99,-99,-99,-99,0,0,0,0,1,0.0706,0,0,none,0,0,none,0,0,none,0,0,-99
2018,3,2,1,0,1,2,-99,-99,-99,-99,-99,0,0,0,0,6,1.3885,0,0,none,0,0,none,0,0,none,0,0,-99
2018,3,3,1,0,1,2,-99,-99,-99,-99,-99,0,0,2,0.257,0,0,0,0,none,0,0,none,0,0,none,0,0,-99
2018,3,4,1,0,1,2,-99,-99,-99,-99,-99,0,0,0,0,0,0,0,0,none,0,0,none,0,0,none,0,0,-99
2018,3,5,1,0,1,2,-99,-99,-99,-99,-99,0,0,1,0.4298,2,0.2403,0,0,none,0,0,none,0,0,none,0,0,-99
2018,3,6,1,0,1,2,-99,-99,-99,-99,-99,0,0,4,0.7141,4,1.3351,0,0,none,0,0,none,0,0,none,0,0,-99
2018,3,7,1,0,1,2,-99,-99,-99,-99,-99,0,0,1,0.4386,0,0,0,0,none,0,0,none,0,0,none,0,0,-99
2018,3,8,1,0,1,2,-99,-99,-99,-99,-99,0,0,6,1.6321,9,2.858,0,0,none,0,0,none,0,0,none,0,0,-99
2018,3,9,1,0,1,2,-99,-99,-99,-99,-99,0,0,8,1.007,3,0.3481,0,0,none,0,0,none,0,0,none,0,0,-99
2018,3,10,1,0,1,2,-99,-99,-99,-99,-99,0,0,3,0.6748,12,3.1396,0,0,none,0,0,none,0,0,none,0,0,-99
2018,3,11,0,0,1,2,-99,-99,-99,-99,-99,0,0,0,0,0,0,0,0,none,0,0,none,0,0,none,0,0,-99
2018,3,12,0,0,1,2,-99,-99,-99,-99,-99,0,0,0,0,0,0,0,0,none,0,0,none,0,0,none,0,0,-99
2018,3,13,0,0,1,2,-99,-99,-99,-99,-99,0,0,0,0,0,0,0,0,none,0,0,none,0,0,none,0,0,-99
2018,3,14,0,0,1,2,-99,-99,-99,-99,-99,2,1.4966,7,0.2734,2,0.1452,0,0,none,0,0,none,0,0,none,0,0,-99
2018,3,15,0,0,1,2,-99,-99,-99,-99,-99,0,0,4,0.5727,0,0,0,0,none,0,0,none,0,0,none,0,0,-99
2018,3,16,0,0,1,2,-99,-99,-99,-99,-99,1,0.4201,5,1.3671,1,0.1998,0,0,none,0,0,none,0,0,none,0,0,-99
2018,4,1,1,1,1,4,-99,-99,-99,-99,-99,0,0,0,0,3,0.8069,0,0,none,0,0,none,0,0,none,0,0,-99
2018,4,2,1,1,1,4,-99,-99,-99,-99,-99,0,0,1,0.8452,1,0.1788,0,0,none,0,0,none,0,0,none,0,0,-99
2018,4,3,1,1,1,4,-99,-99,-99,-99,-99,0,0,2,0.2167,3,0.6595,0,0,none,0,0,none,0,0,none,0,0,-99
2018,4,4,1,1,1,4,-99,-99,-99,-99,-99,0,0,0,0,0,0,0,0,none,0,0,none,0,0,none,0,0,-99
2018,4,5,1,1,1,4,-99,-99,-99,-99,-99,0,0,0,0,1,0.213,0,0,none,0,0,none,0,0,none,0,0,-99
2018,4,6,1,1,1,4,-99,-99,-99,-99,-99,0,0,1,0.1451,1,0.3176,0,0,none,0,0,none,0,0,none,0,0,-99
2018,4,7,1,1,1,4,-99,-99,-99,-99,-99,0,0,0,0,2,0.176,0,0,none,0,0,none,0,0,none,0,0,-99
2018,4,8,1,1,1,4,-99,-99,-99,-99,-99,0,0,0,0,3,0.5283,0,0,none,0,0,none,0,0,none,0,0,-99
2018,4,9,1,1,1,4,-99,-99,-99,-99,-99,0,0,1,0.1222,4,0.6005,0,0,SOSE,4,0.766,none,0,0,none,0,0,-99
2018,4,10,1,1,1,4,-99,-99,-99,-99,-99,1,2.3514,2,0.2828,6,1.5321,0,0,none,0,0,none,0,0,none,0,0,-99
2018,4,11,0,1,1,4,-99,-99,-99,-99,-99,0,0,0,0,0,0,0,0,none,0,0,none,0,0,none,0,0,-99
2018,4,12,0,1,1,4,-99,-99,-99,-99,-99,0,0,0,0,0,0,0,0,none,0,0,none,0,0,none,0,0,-99
2018,4,13,0,1,1,4,-99,-99,-99,-99,-99,0,0,0,0,0,0,0,0,none,0,0,none,0,0,none,0,0,-99
2018,4,14,0,1,1,4,-99,-99,-99,-99,-99,0,0,10,2.0395,2,0.4802,0,0,none,0,0,none,0,0,none,0,0,-99
2018,4,15,0,1,1,4,-99,-99,-99,-99,-99,2,3.3486,21,3.3116,0,0,0,0,none,0,0,none,0,0,none,0,0,-99
2018,4,16,0,1,1,4,-99,-99,-99,-99,-99,3,5.3835,2,0.2457,1,0.1556,0,0,none,0,0,none,0,0,none,0,0,-99
2018,5,1,1,1,0,3,-99,-99,-99,-99,-99,0,0,5,0.4298,0,0,0,0,none,0,0,none,0,0,none,0,0,-99
2018,5,2,1,1,0,3,-99,-99,-99,-99,-99,0,0,6,1.0205,0,0,0,0,none,0,0,none,0,0,none,0,0,-99
2018,5,3,1,1,0,3,-99,-99,-99,-99,-99,0,0,6,1.4233,1,0.2647,0,0,none,0,0,none,0,0,none,0,0,-99
2018,5,4,1,1,0,3,-99,-99,-99,-99,-99,0,0,2,0.1409,6,1.2497,0,0,none,0,0,none,0,0,none,0,0,-99
2018,5,5,1,1,0,3,-99,-99,-99,-99,-99,0,0,2,0.3394,2,0.5131,0,0,none,0,0,none,0,0,none,0,0,-99
2018,5,6,1,1,0,3,-99,-99,-99,-99,-99,0,0,3,0.3717,3,0.4268,0,0,none,0,0,none,0,0,none,0,0,-99
2018,5,7,1,1,0,3,-99,-99,-99,-99,-99,0,0,10,1.0762,4,0.8814,0,0,none,0,0,none,0,0,none,0,0,-99
2018,5,8,1,1,0,3,-99,-99,-99,-99,-99,0,0,3,0.2608,0,0,0,0,none,0,0,none,0,0,none,0,0,-99
2018,5,9,1,1,0,3,-99,-99,-99,-99,-99,0,0,5,0.9037,0,0,0,0,SOSE,13,5.9651,none,0,0,none,0,0,-99
2018,5,10,1,1,0,3,-99,-99,-99,-99,-99,1,1.3037,2,0.3181,2,0.2329,0,0,SOSE,8,1.5242,none,0,0,none,0,0,-99
2018,5,11,0,1,0,3,-99,-99,-99,-99,-99,0,0,0,0,0,0,0,0,none,0,0,none,0,0,none,0,0,-99
2018,5,12,0,1,0,3,-99,-99,-99,-99,-99,0,0,0,0,0,0,0,0,none,0,0,none,0,0,none,0,0,-99
2018,5,13,0,1,0,3,-99,-99,-99,-99,-99,0,0,0,0,0,0,0,0,none,0,0,none,0,0,none,0,0,-99
2018,5,14,0,1,0,3,-99,-99,-99,-99,-99,1,0.7854,1,0.1434,0,0,0,0,none,0,0,none,0,0,none,0,0,-99
2018,5,15,0,1,0,3,-99,-99,-99,-99,-99,1,1.2353,7,1.2755,6,0.6856,3,0.3106,none,0,0,none,0,0,none,0,0,-99
2018,5,16,0,1,0,3,-99,-99,-99,-99,-99,2,2.1284,0,0,0,0,0,0,none,0,0,none,0,0,none,0,0,-99
2018,6,1,1,0,1,2,-99,-99,-99,-99,-99,0,0,0,0,0,0,0,0,none,0,0,none,0,0,none,0,0,-99
2018,6,2,1,0,1,2,-99,-99,-99,-99,-99,0,0,0,0,1,0.1667,0,0,none,0,0,none,0,0,none,0,0,-99
2018,6,3,1,0,1,2,-99,-99,-99,-99,-99,0,0,0,0,0,0,0,0,none,0,0,none,0,0,none,0,0,-99
2018,6,4,1,0,1,2,-99,-99,-99,-99,-99,0,0,0,0,0,0,0,0,none,0,0,none,0,0,none,0,0,-99
2018,6,5,1,0,1,2,-99,-99,-99,-99,-99,0,0,0,0,1,0.1074,0,0,none,0,0,none,0,0,none,0,0,-99
2018,6,6,1,0,1,2,-99,-99,-99,-99,-99,0,0,0,0,2,0.3567,1,0.6131,none,0,0,none,0,0,none,0,0,-99
2018,6,7,1,0,1,2,-99,-99,-99,-99,-99,0,0,0,0,0,0,0,0,none,0,0,none,0,0,none,0,0,-99
2018,6,8,1,0,1,2,-99,-99,-99,-99,-99,0,0,0,0,2,0.427,0,0,none,0,0,none,0,0,none,0,0,-99
2018,6,9,1,0,1,2,-99,-99,-99,-99,-99,0,0,2,0.2576,6,1.1014,0,0,none,0,0,none,0,0,none,0,0,-99
2018,6,10,1,0,1,2,-99,-99,-99,-99,-99,0,0,2,0.1501,3,0.8195,2,0.3369,none,0,0,none,0,0,none,0,0,-99
2018,6,11,0,0,1,2,-99,-99,-99,-99,-99,0,0,0,0,0,0,0,0,none,0,0,none,0,0,none,0,0,-99
2018,6,12,0,0,1,2,-99,-99,-99,-99,-99,0,0,0,0,0,0,0,0,none,0,0,none,0,0,none,0,0,-99
2018,6,13,0,0,1,2,-99,-99,-99,-99,-99,0,0,0,0,0,0,0,0,none,0,0,none,0,0,none,0,0,-99
2018,6,14,0,0,1,2,-99,-99,-99,-99,-99,1,1.2373,3,1.1493,1,0.2566,0,0,none,0,0,none,0,0,none,0,0,-99
2018,6,15,0,0,1,2,-99,-99,-99,-99,-99,3,2.3493,6,1.2826,0,0,0,0,none,0,0,none,0,0,none,0,0,-99
2018,6,16,0,0,1,2,-99,-99,-99,-99,-99,1,0.2403,18,3.086,0,0,0,0,none,0,0,none,0,0,none,0,0,-99
2018,7,1,1,1,1,4,-99,-99,-99,-99,-99,0,0,0,0,0,0,0,0,none,0,0,none,0,0,none,0,0,-99
2018,7,2,1,1,1,4,-99,-99,-99,-99,-99,0,0,3,0.4123,0,0,0,0,none,0,0,none,0,0,none,0,0,-99
2018,7,3,1,1,1,4,-99,-99,-99,-99,-99,0,0,0,0,0,0,0,0,none,0,0,none,0,0,none,0,0,-99
2018,7,4,1,1,1,4,-99,-99,-99,-99,-99,1,0.1764,0,0,0,0,0,0,none,0,0,none,0,0,none,0,0,-99
2018,7,5,1,1,1,4,-99,-99,-99,-99,-99,0,0,2,0.3829,0,0,0,0,none,0,0,none,0,0,none,0,0,-99
2018,7,6,1,1,1,4,-99,-99,-99,-99,-99,0,0,7,1.0359,1,0.3484,0,0,none,0,0,none,0,0,none,0,0,-99
2018,7,7,1,1,1,4,-99,-99,-99,-99,-99,0,0,3,0.3141,0,0,0,0,none,0,0,none,0,0,none,0,0,-99
2018,7,8,1,1,1,4,-99,-99,-99,-99,-99,0,0,6,0.3079,4,0.5717,0,0,none,0,0,none,0,0,none,0,0,-99
2018,7,9,1,1,1,4,-99,-99,-99,-99,-99,0,0,6,0.4431,7,2.7453,0,0,none,0,0,none,0,0,none,0,0,-99
2018,7,10,1,1,1,4,-99,-99,-99,-99,-99,0,0,3,0.5285,3,0.6558,0,0,none,0,0,none,0,0,none,0,0,-99
2018,7,11,0,1,1,4,-99,-99,-99,-99,-99,0,0,0,0,0,0,0,0,none,0,0,none,0,0,none,0,0,-99
2018,7,12,0,1,1,4,-99,-99,-99,-99,-99,0,0,0,0,0,0,0,0,none,0,0,none,0,0,none,0,0,-99
2018,7,13,0,1,1,4,-99,-99,-99,-99,-99,0,0,0,0,0,0,0,0,none,0,0,none,0,0,none,0,0,-99
2018,7,14,0,1,1,4,-99,-99,-99,-99,-99,2,1.8415,3,0.2884,6,0.1673,0,0,none,0,0,none,0,0,none,0,0,-99
2018,7,15,0,1,1,4,-99,-99,-99,-99,-99,0,0,6,0.7791,0,0,0,0,none,0,0,none,0,0,none,0,0,-99
2018,7,16,0,1,1,4,-99,-99,-99,-99,-99,2,1.7145,6,0.7881,3,0.2639,0,0,none,0,0,none,0,0,none,0,0,-99
2018,8,1,1,0,0,1,-99,-99,-99,-99,-99,3,4.286,0,0,2,0.6344,1,0.0806,none,0,0,none,0,0,none,0,0,-99
2018,8,2,1,0,0,1,-99,-99,-99,-99,-99,0,0,7,0.4793,3,0.9784,0,0,none,0,0,none,0,0,none,0,0,-99
2018,8,3,1,0,0,1,-99,-99,-99,-99,-99,4,3.3617,14,1.9673,1,0.0663,0,0,none,0,0,none,0,0,none,0,0,-99
2018,8,4,1,0,0,1,-99,-99,-99,-99,-99,1,0.8936,8,0.6922,2,0.3272,0,0,none,0,0,none,0,0,none,0,0,-99
2018,8,5,1,0,0,1,-99,-99,-99,-99,-99,1,0.6098,2,0.659,0,0,0,0,none,0,0,none,0,0,none,0,0,-99
2018,8,6,1,0,0,1,-99,-99,-99,-99,-99,2,1.519,10,1.62,0,0,0,0,none,0,0,none,0,0,none,0,0,-99
2018,8,7,1,0,0,1,-99,-99,-99,-99,-99,1,0.9635,17,2.4892,2,0.584,0,0,none,0,0,none,0,0,none,0,0,-99
2018,8,8,1,0,0,1,-99,-99,-99,-99,-99,1,1.0663,9,1.5561,0,0,0,0,none,0,0,none,0,0,none,0,0,-99
2018,8,9,1,0,0,1,-99,-99,-99,-99,-99,2,0.7705,2,3.3426,2,0.229,0,0,none,0,0,none,0,0,none,0,0,-99
2018,8,10,1,0,0,1,-99,-99,-99,-99,-99,1,0.799,16,2.2932,1,0.1258,0,0,none,0,0,none,0,0,none,0,0,-99
2018,8,11,0,0,0,1,-99,-99,-99,-99,-99,0,0,5,1.0958,0,0,0,0,none,0,0,none,0,0,none,0,0,-99
2018,8,12,0,0,0,1,-99,-99,-99,-99,-99,3,4.796,6,0.4538,0,0,0,0,none,0,0,none,0,0,none,0,0,-99
2018,8,13,0,0,0,1,-99,-99,-99,-99,-99,0,0,14,2.6094,4,0.5369,0,0,POHY,1,0.008,none,0,0,none,0,0,-99
2018,8,14,0,0,0,1,-99,-99,-99,-99,-99,0,0,3,0.6096,0,0,0,0,none,0,0,none,0,0,none,0,0,-99
2018,8,15,0,0,0,1,-99,-99,-99,-99,-99,1,0.4124,14,2.3573,0,0,0,0,none,0,0,none,0,0,none,0,0,-99
2018,8,16,0,0,0,1,-99,-99,-99,-99,-99,0,0,11,1.6264,1,0.346,0,0,none,0,0,none,0,0,none,0,0,-99
2018,9,1,1,1,1,4,-99,-99,-99,-99,-99,1,0.5667,2,0.11,3,0.7922,0,0,none,0,0,none,0,0,none,0,0,-99
2018,9,2,1,1,1,4,-99,-99,-99,-99,-99,0,0,14,1.8655,0,0,0,0,none,0,0,none,0,0,none,0,0,-99
2018,9,3,1,1,1,4,-99,-99,-99,-99,-99,1,0.4527,14,2.7141,0,0,0,0,none,0,0,none,0,0,none,0,0,-99
2018,9,4,1,1,1,4,-99,-99,-99,-99,-99,1,0.7193,6,0.6789,0,0,0,0,none,0,0,none,0,0,none,0,0,-99
2018,9,5,1,1,1,4,-99,-99,-99,-99,-99,1,1.2834,0,0,0,0,0,0,none,0,0,none,0,0,none,0,0,-99
2018,9,6,1,1,1,4,-99,-99,-99,-99,-99,0,0,6,0.7342,0,0,2,0.2328,none,0,0,none,0,0,none,0,0,-99
2018,9,7,1,1,1,4,-99,-99,-99,-99,-99,0,0,2,0.4273,0,0,0,0,none,0,0,none,0,0,none,0,0,-99
2018,9,8,1,1,1,4,-99,-99,-99,-99,-99,2,3.4022,11,1.6439,4,0.5758,0,0,none,0,0,none,0,0,none,0,0,-99
2018,9,9,1,1,1,4,-99,-99,-99,-99,-99,0,0,2,0.2664,2,0.2435,0,0,none,0,0,none,0,0,none,0,0,-99
2018,9,10,1,1,1,4,-99,-99,-99,-99,-99,0,0,2,0.372,2,0.6465,0,0,none,0,0,none,0,0,none,0,0,-99
2018,9,11,0,1,1,4,-99,-99,-99,-99,-99,0,0,1,0.1029,2,0.356,0,0,none,0,0,none,0,0,none,0,0,-99
2018,9,12,0,1,1,4,-99,-99,-99,-99,-99,2,2.0784,0,0,0,0,0,0,none,0,0,none,0,0,none,0,0,-99
2018,9,13,0,1,1,4,-99,-99,-99,-99,-99,0,0,1,0.0829,4,0.8157,1,0.6054,none,0,0,none,0,0,none,0,0,-99
2018,9,14,0,1,1,4,-99,-99,-99,-99,-99,1,0.6111,10,2.0641,4,0.7406,0,0,none,0,0,none,0,0,none,0,0,-99
2018,9,15,0,1,1,4,-99,-99,-99,-99,-99,0,0,4,1.1688,1,0.0232,0,0,none,0,0,none,0,0,none,0,0,-99
2018,9,16,0,1,1,4,-99,-99,-99,-99,-99,1,0.9872,10,2.1212,1,0.1111,0,0,none,0,0,none,0,0,none,0,0,-99
2018,10,1,1,1,0,3,-99,-99,-99,-99,-99,0,0,0,0,6,0.8499,0,0,none,0,0,none,0,0,none,0,0,-99
2018,10,2,1,1,0,3,-99,-99,-99,-99,-99,1,3.4186,5,0.4072,2,0.4544,0,0,none,0,0,none,0,0,none,0,0,-99
2018,10,3,1,1,0,3,-99,-99,-99,-99,-99,2,1.7205,1,0.0184,2,0.5006,0,0,none,0,0,none,0,0,none,0,0,-99
2018,10,4,1,1,0,3,-99,-99,-99,-99,-99,5,6.8269,1,0.0924,4,0.931,0,0,none,0,0,none,0,0,none,0,0,-99
2018,10,5,1,1,0,3,-99,-99,-99,-99,-99,1,0.5729,0,0,2,0.4777,0,0,none,0,0,none,0,0,none,0,0,-99
2018,10,6,1,1,0,3,-99,-99,-99,-99,-99,4,3.5572,2,0.3152,2,0.0916,0,0,none,0,0,none,0,0,none,0,0,-99
2018,10,7,1,1,0,3,-99,-99,-99,-99,-99,3,3.1792,5,1.1425,6,1.307,0,0,none,0,0,none,0,0,none,0,0,-99
2018,10,8,1,1,0,3,-99,-99,-99,-99,-99,5,4.8477,7,1.5642,0,0,0,0,none,0,0,none,0,0,none,0,0,-99
2018,10,9,1,1,0,3,-99,-99,-99,-99,-99,1,0.3085,0,0.2835,7,1.55,0,0,none,0,0,none,0,0,none,0,0,-99
2018,10,10,1,1,0,3,-99,-99,-99,-99,-99,2,1.5465,2,0,0,0,0,0,none,0,0,none,0,0,none,0,0,-99
2018,10,11,0,1,0,3,-99,-99,-99,-99,-99,0,0,0,0,2,0.5457,0,0,none,0,0,none,0,0,none,0,0,-99
2018,10,12,0,1,0,3,-99,-99,-99,-99,-99,0,0,0,0,1,0.1416,0,0,none,0,0,none,0,0,none,0,0,-99
2018,10,13,0,1,0,3,-99,-99,-99,-99,-99,0,0,0,0,0,0,0,0,none,0,0,none,0,0,none,0,0,-99
2018,10,14,0,1,0,3,-99,-99,-99,-99,-99,1,1.6999,14,1.6297,0,0,0,0,none,0,0,none,0,0,none,0,0,-99
2018,10,15,0,1,0,3,-99,-99,-99,-99,-99,5,4.7,2,0.1459,8,1.0808,0,0,none,0,0,none,0,0,none,0,0,-99
2018,10,16,0,1,0,3,-99,-99,-99,-99,-99,1,0.5558,1,0.0395,1,0.1509,0,0,none,0,0,none,0,0,none,0,0,-99
2018,11,1,1,0,0,1,-99,-99,-99,-99,-99,0,0,0,0,1,0.2738,0,0,none,0,0,none,0,0,none,0,0,-99
2018,11,2,1,0,0,1,-99,-99,-99,-99,-99,3,4.0833,0,0,1,0.1685,0,0,none,0,0,none,0,0,none,0,0,-99
2018,11,3,1,0,0,1,-99,-99,-99,-99,-99,1,0.7703,2,0.1335,3,0.7602,0,0,none,0,0,none,0,0,none,0,0,-99
2018,11,4,1,0,0,1,-99,-99,-99,-99,-99,2,2.6865,4,0.8328,3,0.9697,0,0,none,0,0,none,0,0,none,0,0,-99
2018,11,5,1,0,0,1,-99,-99,-99,-99,-99,0,0,0,0,4,0.5803,0,0,none,0,0,none,0,0,none,0,0,-99
2018,11,6,1,0,0,1,-99,-99,-99,-99,-99,1,0.8962,0,0,2,0.1454,0,0,none,0,0,none,0,0,none,0,0,-99
2018,11,7,1,0,0,1,-99,-99,-99,-99,-99,3,3.1318,1,0.0764,6,2.0612,0,0,none,0,0,none,0,0,none,0,0,-99
2018,11,8,1,0,0,1,-99,-99,-99,-99,-99,1,0.6892,11,2.0042,1,0.1758,0,0,none,0,0,none,0,0,none,0,0,-99
2018,11,9,1,0,0,1,-99,-99,-99,-99,-99,2,1.442,14,2.9434,4,0.6526,0,0,none,0,0,none,0,0,none,0,0,-99
2018,11,10,1,0,0,1,-99,-99,-99,-99,-99,1,0.0512,15,2.9959,0,0,0,0,none,0,0,none,0,0,none,0,0,-99
2018,11,11,0,0,0,1,-99,-99,-99,-99,-99,0,0,11,2.8191,5,0.5818,0,0,none,0,0,none,0,0,none,0,0,-99
2018,11,12,0,0,0,1,-99,-99,-99,-99,-99,0,0,4,0.1948,2,0.2063,0,0,none,0,0,none,0,0,none,0,0,-99
2018,11,13,0,0,0,1,-99,-99,-99,-99,-99,0,0,0,0,1,0.4263,0,0,none,0,0,none,0,0,none,0,0,-99
2018,11,14,0,0,0,1,-99,-99,-99,-99,-99,1,0.5876,4,1.1781,0,0,0,0,none,0,0,none,0,0,none,0,0,-99
2018,11,15,0,0,0,1,-99,-99,-99,-99,-99,2,1.075,6,0.2848,0,0,0,0,none,0,0,none,0,0,none,0,0,-99
2018,11,16,0,0,0,1,-99,-99,-99,-99,-99,2,2.2806,5,1.4995,1,0.2389,0,0,none,0,0,none,0,0,none,0,0,-99
2018,12,1,1,0,1,2,-99,-99,-99,-99,-99,0,0,0,0,1,0.3032,0,0,none,0,0,none,0,0,none,0,0,-99
2018,12,2,1,0,1,2,-99,-99,-99,-99,-99,0,0,1,0.2909,3,0.5919,0,0,none,0,0,none,0,0,none,0,0,-99
2018,12,3,1,0,1,2,-99,-99,-99,-99,-99,0,0,0,0,3,0.0899,0,0,none,0,0,none,0,0,none,0,0,-99
2018,12,4,1,0,1,2,-99,-99,-99,-99,-99,0,0,0,0,1,0/1360,0,0,none,0,0,none,0,0,none,0,0,-99
2018,12,5,1,0,1,2,-99,-99,-99,-99,-99,0,0,0,0,2,0.4449,0,0,none,0,0,none,0,0,none,0,0,-99
2018,12,6,1,0,1,2,-99,-99,-99,-99,-99,0,0,0,0,19,5.6975,0,0,none,0,0,none,0,0,none,0,0,-99
2018,12,7,1,0,1,2,-99,-99,-99,-99,-99,0,0,0,0,10,1.9505,0,0,none,0,0,none,0,0,none,0,0,-99
2018,12,8,1,0,1,2,-99,-99,-99,-99,-99,0,0,10,1.6511,15,2.7052,0,0,none,0,0,none,0,0,none,0,0,-99
2018,12,9,1,0,1,2,-99,-99,-99,-99,-99,0,0,0,0,16,3.8172,0,0,none,0,0,none,0,0,none,0,0,-99
2018,12,10,1,0,1,2,-99,-99,-99,-99,-99,0,0,1,0.1703,11,3.9632,0,0,none,0,0,none,0,0,none,0,0,-99
2018,12,11,0,0,1,2,-99,-99,-99,-99,-99,0,0,0,0,1,0.2726,0,0,none,0,0,none,0,0,none,0,0,-99
2018,12,12,0,0,1,2,-99,-99,-99,-99,-99,0,0,0,0,0,0,0,0,none,0,0,none,0,0,none,0,0,-99
2018,12,13,0,0,1,2,-99,-99,-99,-99,-99,0,0,0,0,0,0,0,0,none,0,0,none,0,0,none,0,0,-99
2018,12,14,0,0,1,2,-99,-99,-99,-99,-99,4,4.2427,0,0,3,0.2793,0,0,none,0,0,none,0,0,none,0,0,-99
2018,12,15,0,0,1,2,-99,-99,-99,-99,-99,0,0,11,2.5001,6,1.1579,0,0,none,0,0,none,0,0,none,0,0,-99
2018,12,16,0,0,1,2,-99,-99,-99,-99,-99,1,1.0723,6,1.4582,3,1.2918,0,0,none,0,0,none,0,0,none,0,0,-99
2019,1,1,1,0,0,1,-99,-99,-99,-99,-99,0,0,16,2.4987,2,0.2666,0,0,none,0,0,none,0,0,none,0,0,-99
2019,1,2,1,0,0,1,-99,-99,-99,-99,-99,0,0,16,3.0392,14,2.9686,0,0,none,0,0,none,0,0,none,0,0,-99
2019,1,3,1,0,0,1,-99,-99,-99,-99,-99,0,0,0,0,7,2.5322,0,0,none,0,0,none,0,0,none,0,0,-99
2019,1,4,1,0,0,1,-99,-99,-99,-99,-99,0,0,3,0.4395,1,0.0726,0,0,none,0,0,none,0,0,none,0,0,-99
2019,1,5,1,0,0,1,-99,-99,-99,-99,-99,0,0,3,0.803,5,0.9365,0,0,none,0,0,none,0,0,none,0,0,-99
2019,1,6,1,0,0,1,-99,-99,-99,-99,-99,0,0,10,1.9566,2,0.2375,0,0,none,0,0,none,0,0,none,0,0,-99
2019,1,7,1,0,0,1,-99,-99,-99,-99,-99,0,0,7,0.9008,4,0.5243,0,0,none,0,0,none,0,0,none,0,0,-99
2019,1,8,1,0,0,1,-99,-99,-99,-99,-99,0,0,13,1.7067,2,0.2466,1,0.2258,none,0,0,none,0,0,none,0,0,-99
2019,1,9,1,0,0,1,-99,-99,-99,-99,-99,0,0,9,1.1787,3,0.5969,0,0,none,0,0,none,0,0,none,0,0,-99
2019,1,10,1,0,0,1,-99,-99,-99,-99,-99,0,0,10,1.6136,3,0.5061,0,0,none,0,0,none,0,0,none,0,0,-99
2019,1,11,0,0,0,1,-99,-99,-99,-99,-99,0,0,3,0.3142,0,0,1,0.0417,none,0,0,none,0,0,none,0,0,-99
2019,1,12,0,0,0,1,-99,-99,-99,-99,-99,0,0,3,0.3114,1,0.6484,1,0.1066,none,0,0,none,0,0,none,0,0,-99
2019,1,13,0,0,0,1,-99,-99,-99,-99,-99,0,0,6,1.1704,6,1.2765,0,0,none,0,0,none,0,0,none,0,0,-99
2019,1,14,0,0,0,1,-99,-99,-99,-99,-99,0,0,6,0.987,8,1.7388,0,0,none,0,0,none,0,0,none,0,0,-99
2019,1,15,0,0,0,1,-99,-99,-99,-99,-99,0,0,3,0.9817,0,0,0,0,none,0,0,none,0,0,none,0,0,-99
2019,1,16,0,0,0,1,-99,-99,-99,-99,-99,0,0,6,0.8449,0,0,0,0,none,0,0,none,0,0,none,0,0,-99
2019,2,1,1,1,0,3,-99,-99,-99,-99,-99,0,0,1,0.0518,2,0.7284,0,0,none,0,0,none,0,0,none,0,0,-99
2019,2,2,1,1,0,3,-99,-99,-99,-99,-99,0,0,0,0,3,0.6429,0,0,none,0,0,none,0,0,none,0,0,-99
2019,2,3,1,1,0,3,-99,-99,-99,-99,-99,0,0,0,0,1,0.2323,0,0,none,0,0,none,0,0,none,0,0,-99
2019,2,4,1,1,0,3,-99,-99,-99,-99,-99,0,0,7,0.8653,0,0,0,0,none,0,0,none,0,0,none,0,0,-99
2019,2,5,1,1,0,3,-99,-99,-99,-99,-99,0,0,1,0.1951,1,0.3272,0,0,none,0,0,none,0,0,none,0,0,-99
2019,2,6,1,1,0,3,-99,-99,-99,-99,-99,0,0,12,2.3433,2,0.6122,0,0,none,0,0,none,0,0,none,0,0,-99
2019,2,7,1,1,0,3,-99,-99,-99,-99,-99,0,0,6,1.1432,2,0.406,0,0,none,0,0,none,0,0,none,0,0,-99
2019,2,8,1,1,0,3,-99,-99,-99,-99,-99,0,0,2,0.3052,2,0.5305,0,0,none,0,0,none,0,0,none,0,0,-99
2019,2,9,1,1,0,3,-99,-99,-99,-99,-99,0,0,5,0.9191,5,1.1285,0,0,none,0,0,none,0,0,none,0,0,-99
2019,2,10,1,1,0,3,-99,-99,-99,-99,-99,0,0,5,0.9261,0,0,0,0,none,0,0,none,0,0,none,0,0,-99
2019,2,11,0,1,0,3,-99,-99,-99,-99,-99,0,0,0,0,0,0,0,0,none,0,0,none,0,0,none,0,0,-99
2019,2,12,0,1,0,3,-99,-99,-99,-99,-99,0,0,0,0,1,0.1425,0,0,none,0,0,none,0,0,none,0,0,-99
2019,2,13,0,1,0,3,-99,-99,-99,-99,-99,0,0,0,0,0,0,0,0,none,0,0,none,0,0,none,0,0,-99
2019,2,14,0,1,0,3,-99,-99,-99,-99,-99,0,0,4,0.9278,4,0.8371,0,0,none,0,0,none,0,0,none,0,0,-99
2019,2,15,0,1,0,3,-99,-99,-99,-99,-99,0,0,9,2.1325,9,1.9437,0,0,none,0,0,none,0,0,none,0,0,-99
2019,2,16,0,1,0,3,-99,-99,-99,-99,-99,0,0,3,0.7785,0,0,0,0,none,0,0,none,0,0,none,0,0,-99
2019,3,1,1,0,1,2,-99,-99,-99,-99,-99,0,0,0,0,0,0,0,0,none,0,0,none,0,0,none,0,0,-99
2019,3,2,1,0,1,2,-99,-99,-99,-99,-99,0,0,0,0,4,1.0225,0,0,none,0,0,none,0,0,none,0,0,-99
2019,3,3,1,0,1,2,-99,-99,-99,-99,-99,0,0,0,0,2,0.8596,0,0,none,0,0,none,0,0,none,0,0,-99
2019,3,4,1,0,1,2,-99,-99,-99,-99,-99,0,0,0,0,0,0,1,0.1923,none,0,0,none,0,0,none,0,0,-99
2019,3,5,1,0,1,2,-99,-99,-99,-99,-99,0,0,0,0,1,0.1405,0,0,none,0,0,none,0,0,none,0,0,-99
2019,3,6,1,0,1,2,-99,-99,-99,-99,-99,0,0,0,0,1,0.1931,0,0,none,0,0,none,0,0,none,0,0,-99
2019,3,7,1,0,1,2,-99,-99,-99,-99,-99,0,0,0,0,1,0.2883,0,0,none,0,0,none,0,0,none,0,0,-99
2019,3,8,1,0,1,2,-99,-99,-99,-99,-99,0,0,1,0.0694,13,1.6478,0,0,none,0,0,none,0,0,none,0,0,-99
2019,3,9,1,0,1,2,-99,-99,-99,-99,-99,0,0,0,0,1,0.2765,0,0,none,0,0,none,0,0,none,0,0,-99
2019,3,10,1,0,1,2,-99,-99,-99,-99,-99,0,0,0,0,2,0.2103,0,0,none,0,0,none,0,0,none,0,0,-99
2019,3,11,0,0,1,2,-99,-99,-99,-99,-99,0,0,0,0,0,0,0,0,none,0,0,none,0,0,none,0,0,-99
2019,3,12,0,0,1,2,-99,-99,-99,-99,-99,0,0,0,0,0,0,0,0,none,0,0,none,0,0,none,0,0,-99
2019,3,13,0,0,1,2,-99,-99,-99,-99,-99,0,0,0,0,0,0,0,0,none,0,0,none,0,0,none,0,0,-99
2019,3,14,0,0,1,2,-99,-99,-99,-99,-99,4,4.5375,1,0.0885,2,0.4581,0,0,none,0,0,none,0,0,none,0,0,-99
2019,3,15,0,0,1,2,-99,-99,-99,-99,-99,0,0,1,0.0674,1,0.1436,0,0,none,0,0,none,0,0,none,0,0,-99
2019,3,16,0,0,1,2,-99,-99,-99,-99,-99,2,2.1218,1,0.1522,2,0.3493,1,0.1204,none,0,0,none,0,0,none,0,0,-99
2019,4,1,1,1,1,4,-99,-99,-99,-99,-99,0,0,0,0,1,0.3296,0,0,none,0,0,none,0,0,none,0,0,-99
2019,4,2,1,1,1,4,-99,-99,-99,-99,-99,0,0,0,0,2,0.2297,0,0,none,0,0,none,0,0,none,0,0,-99
2019,4,3,1,1,1,4,-99,-99,-99,-99,-99,0,0,0,0,2,0.541,0,0,none,0,0,none,0,0,none,0,0,-99
2019,4,4,1,1,1,4,-99,-99,-99,-99,-99,0,0,0,0,0,0,0,0,none,0,0,none,0,0,none,0,0,-99
2019,4,5,1,1,1,4,-99,-99,-99,-99,-99,0,0,0,0,0,0,0,0,none,0,0,none,0,0,none,0,0,-99
2019,4,6,1,1,1,4,-99,-99,-99,-99,-99,0,0,0,0,3,1.187,0,0,none,0,0,none,0,0,none,0,0,-99
2019,4,7,1,1,1,4,-99,-99,-99,-99,-99,0,0,0,0,0,0,0,0,none,0,0,none,0,0,none,0,0,-99
2019,4,8,1,1,1,4,-99,-99,-99,-99,-99,0,0,0,0,0,0,0,0,ASTER,2,1.2552,none,0,0,none,0,0,-99
2019,4,9,1,1,1,4,-99,-99,-99,-99,-99,0,0,1,0.0878,5,0.9597,0,0,ASTER,4,1.5753,none,0,0,none,0,0,-99
2019,4,10,1,1,1,4,-99,-99,-99,-99,-99,0,0,0,0,2,0.3341,0,0,ASTER,2,1.6195,none,0,0,none,0,0,-99
2019,4,11,0,1,1,4,-99,-99,-99,-99,-99,0,0,0,0,0,0,0,0,none,0,0,none,0,0,none,0,0,-99
2019,4,12,0,1,1,4,-99,-99,-99,-99,-99,0,0,0,0,0,0,0,0,none,0,0,none,0,0,none,0,0,-99
2019,4,13,0,1,1,4,-99,-99,-99,-99,-99,0,0,0,0,0,0,0,0,none,0,0,none,0,0,none,0,0,-99
2019,4,14,0,1,1,4,-99,-99,-99,-99,-99,1,0.9493,6,0.7041,1,0.1129,0,0,none,0,0,none,0,0,none,0,0,-99
2019,4,15,0,1,1,4,-99,-99,-99,-99,-99,2,1.9859,3,0.298,2,0.2525,0,0,none,0,0,none,0,0,none,0,0,-99
2019,4,16,0,1,1,4,-99,-99,-99,-99,-99,0,0,2,0.086,2,0.2318,0,0,none,0,0,none,0,0,none,0,0,-99
2019,5,1,1,1,0,3,-99,-99,-99,-99,-99,0,0,0,0,0,0,0,0,none,0,0,none,0,0,none,0,0,-99
2019,5,2,1,1,0,3,-99,-99,-99,-99,-99,0,0,1,0.1361,0,0,0,0,none,0,0,none,0,0,none,0,0,-99
2019,5,3,1,1,0,3,-99,-99,-99,-99,-99,0,0,1,0.1887,1,0.2803,0,0,none,0,0,none,0,0,none,0,0,-99
2019,5,4,1,1,0,3,-99,-99,-99,-99,-99,0,0,0,0,1,0.2004,0,0,none,0,0,none,0,0,none,0,0,-99
2019,5,5,1,1,0,3,-99,-99,-99,-99,-99,0,0,0,0,0,0,0,0,none,0,0,none,0,0,none,0,0,-99
2019,5,6,1,1,0,3,-99,-99,-99,-99,-99,0,0,4,0.4804,4,0.6582,0,0,none,0,0,none,0,0,none,0,0,-99
2019,5,7,1,1,0,3,-99,-99,-99,-99,-99,0,0,1,0.1011,4,0.297,0,0,ASTER,2,1.1321,POHY,1,0.096,none,0,0,-99
2019,5,8,1,1,0,3,-99,-99,-99,-99,-99,0,0,0,0,0,0,0,0,ASTER,5,2.558,none,0,0,none,0,0,-99
2019,5,9,1,1,0,3,-99,-99,-99,-99,-99,1,2.0746,0,0,1,0.0334,0,0,ASTER,7,2.3898,none,0,0,none,0,0,-99
2019,5,10,1,1,0,3,-99,-99,-99,-99,-99,1,1.9046,0,0,0,0,0,0,ASTER,6,2.0055,none,0,0,none,0,0,-99
2019,5,11,0,1,0,3,-99,-99,-99,-99,-99,0,0,1,0.1568,0,0,0,0,none,0,0,none,0,0,none,0,0,-99
2019,5,12,0,1,0,3,-99,-99,-99,-99,-99,0,0,0,0,0,0,0,0,none,0,0,none,0,0,none,0,0,-99
2019,5,13,0,1,0,3,-99,-99,-99,-99,-99,0,0,0,0,0,0,0,0,none,0,0,none,0,0,none,0,0,-99
2019,5,14,0,1,0,3,-99,-99,-99,-99,-99,0,0,0,0,0,0,0,0,none,0,0,none,0,0,none,0,0,-99
2019,5,15,0,1,0,3,-99,-99,-99,-99,-99,0,0,1,0.3123,1,0.1136,0,0,none,0,0,none,0,0,none,0,0,-99
2019,5,16,0,1,0,3,-99,-99,-99,-99,-99,0,0,0,0,1,0.0654,0,0,none,0,0,none,0,0,none,0,0,-99
2019,6,1,1,0,1,2,-99,-99,-99,-99,-99,0,0,0,0,0,0,0,0,none,0,0,none,0,0,none,0,0,-99
2019,6,2,1,0,1,2,-99,-99,-99,-99,-99,0,0,0,0,0,0,0,0,none,0,0,none,0,0,none,0,0,-99
2019,6,3,1,0,1,2,-99,-99,-99,-99,-99,0,0,0,0,0,0,0,0,none,0,0,none,0,0,none,0,0,-99
2019,6,4,1,0,1,2,-99,-99,-99,-99,-99,0,0,0,0,0,0,0,0,none,0,0,none,0,0,none,0,0,-99
2019,6,5,1,0,1,2,-99,-99,-99,-99,-99,0,0,0,0,1,0.0614,0,0,none,0,0,none,0,0,none,0,0,-99
2019,6,6,1,0,1,2,-99,-99,-99,-99,-99,0,0,0,0,1,0.0637,0,0,none,0,0,none,0,0,none,0,0,-99
2019,6,7,1,0,1,2,-99,-99,-99,-99,-99,0,0,0,0,0,0,0,0,none,0,0,none,0,0,none,0,0,-99
2019,6,8,1,0,1,2,-99,-99,-99,-99,-99,0,0,0,0,0,0,0,0,ATPA,1,0.045,none,0,0,none,0,0,-99
2019,6,9,1,0,1,2,-99,-99,-99,-99,-99,0,0,2,0.1084,1,0.0953,0,0,none,0,0,none,0,0,none,0,0,-99
2019,6,10,1,0,1,2,-99,-99,-99,-99,-99,0,0,8,0.9104,3,0.3392,0,0,none,0,0,none,0,0,none,0,0,-99
2019,6,11,0,0,1,2,-99,-99,-99,-99,-99,0,0,0,0,0,0,0,0,none,0,0,none,0,0,none,0,0,-99
2019,6,12,0,0,1,2,-99,-99,-99,-99,-99,0,0,0,0,0,0,0,0,none,0,0,none,0,0,none,0,0,-99
2019,6,13,0,0,1,2,-99,-99,-99,-99,-99,0,0,0,0,0,0,0,0,none,0,0,none,0,0,none,0,0,-99
2019,6,14,0,0,1,2,-99,-99,-99,-99,-99,4,4.43587,3,0.1595,0,0,0,0,POHY,2,1.863,none,0,0,none,0,0,-99
2019,6,15,0,0,1,2,-99,-99,-99,-99,-99,1,1.441,0,0,0,0,0,0,none,0,0,none,0,0,none,0,0,-99
2019,6,16,0,0,1,2,-99,-99,-99,-99,-99,0,0,3,0.2913,1,0.2112,0,0,none,0,0,none,0,0,none,0,0,-99
2019,7,1,1,1,1,4,-99,-99,-99,-99,-99,1,1.3298,0,0,0,0,0,0,none,0,0,none,0,0,none,0,0,-99
2019,7,2,1,1,1,4,-99,-99,-99,-99,-99,0,0,0,0,1,0.0786,0,0,none,0,0,none,0,0,none,0,0,-99
2019,7,3,1,1,1,4,-99,-99,-99,-99,-99,0,0,0,0,0,0,0,0,none,0,0,none,0,0,none,0,0,-99
2019,7,4,1,1,1,4,-99,-99,-99,-99,-99,0,0,0,0,0,0,0,0,none,0,0,none,0,0,none,0,0,-99
2019,7,5,1,1,1,4,-99,-99,-99,-99,-99,0,0,0,0,0,0,0,0,none,0,0,none,0,0,none,0,0,-99
2019,7,6,1,1,1,4,-99,-99,-99,-99,-99,0,0,1,0.0478,4,0.661,0,0,none,0,0,none,0,0,none,0,0,-99
2019,7,7,1,1,1,4,-99,-99,-99,-99,-99,0,0,3,0.3436,3,0.6678,0,0,none,0,0,none,0,0,none,0,0,-99
2019,7,8,1,1,1,4,-99,-99,-99,-99,-99,0,0,3,0.3082,4,0.8357,0,0,none,0,0,none,0,0,none,0,0,-99
2019,7,9,1,1,1,4,-99,-99,-99,-99,-99,0,0,0,0,7,1.3019,0,0,none,0,0,none,0,0,none,0,0,-99
2019,7,10,1,1,1,4,-99,-99,-99,-99,-99,0,0,0,0,3,0.592,0,0,none,0,0,none,0,0,none,0,0,-99
2019,7,11,0,1,1,4,-99,-99,-99,-99,-99,0,0,0,0,0,0,0,0,none,0,0,none,0,0,none,0,0,-99
2019,7,12,0,1,1,4,-99,-99,-99,-99,-99,0,0,0,0,0,0,0,0,none,0,0,none,0,0,none,0,0,-99
2019,7,13,0,1,1,4,-99,-99,-99,-99,-99,0,0,0,0,0,0,0,0,none,0,0,none,0,0,none,0,0,-99
2019,7,14,0,1,1,4,-99,-99,-99,-99,-99,0,0,0,0,0,0,0,0,none,0,0,none,0,0,none,0,0,-99
2019,7,15,0,1,1,4,-99,-99,-99,-99,-99,1,1.0172,6,1.1372,2,0.3099,0,0,none,0,0,none,0,0,none,0,0,-99
2019,7,16,0,1,1,4,-99,-99,-99,-99,-99,0,0,1,0.1199,0,0,0,0,none,0,0,none,0,0,none,0,0,-99
2019,8,1,1,0,0,1,-99,-99,-99,-99,-99,2,2.4572,5,0.9293,0,0,0,0,none,0,0,none,0,0,none,0,0,-99
2019,8,2,1,0,0,1,-99,-99,-99,-99,-99,1,1.1061,10,1.9309,3,0.5986,1,0.0552,none,0,0,none,0,0,none,0,0,-99
2019,8,3,1,0,0,1,-99,-99,-99,-99,-99,4,5.8911,3,0.7376,0,0,0,0,none,0,0,none,0,0,none,0,0,-99
2019,8,4,1,0,0,1,-99,-99,-99,-99,-99,0,0,7,1.4967,1,0.6083,0,0,none,0,0,none,0,0,none,0,0,-99
2019,8,5,1,0,0,1,-99,-99,-99,-99,-99,0,0,3,0.4244,1,0.0697,0,0,none,0,0,none,0,0,none,0,0,-99
2019,8,6,1,0,0,1,-99,-99,-99,-99,-99,7,5.6415,3,0.4957,1,0.3136,0,0,none,0,0,none,0,0,none,0,0,-99
2019,8,7,1,0,0,1,-99,-99,-99,-99,-99,1,0.7519,12,2.0419,0,0,0,0,none,0,0,none,0,0,none,0,0,-99
2019,8,8,1,0,0,1,-99,-99,-99,-99,-99,0,0,8,1.5371,0,0,0,0,none,0,0,none,0,0,none,0,0,-99
2019,8,9,1,0,0,1,-99,-99,-99,-99,-99,0,0,6,0.6916,0,0,1,0.0261,none,0,0,none,0,0,none,0,0,-99
2019,8,10,1,0,0,1,-99,-99,-99,-99,-99,1,1.0258,6,1.4331,1,0.181,0,0,none,0,0,none,0,0,none,0,0,-99
2019,8,11,0,0,0,1,-99,-99,-99,-99,-99,0,0,2,0.5033,1,0.1446,0,0,none,0,0,none,0,0,none,0,0,-99
2019,8,12,0,0,0,1,-99,-99,-99,-99,-99,1,1.5099,1,0.0373,4,0.3861,0,0,PHAU,1,2.014,none,0,0,none,0,0,-99
2019,8,13,0,0,0,1,-99,-99,-99,-99,-99,0,0,3,0.745,2,0.2569,2,0.108,none,0,0,none,0,0,none,0,0,-99
2019,8,14,0,0,0,1,-99,-99,-99,-99,-99,0,0,0,0,0,0,0,0,none,0,0,none,0,0,none,0,0,-99
2019,8,15,0,0,0,1,-99,-99,-99,-99,-99,0,0,11,2.0387,0,0,0,0,none,0,0,none,0,0,none,0,0,-99
2019,8,16,0,0,0,1,-99,-99,-99,-99,-99,0,0,7,1.9719,1,0.3059,0,0,none,0,0,none,0,0,none,0,0,-99
2019,9,1,1,1,1,4,-99,-99,-99,-99,-99,0,0,1,0.3398,1,0.1732,0,0,none,0,0,none,0,0,none,0,0,-99
2019,9,2,1,1,1,4,-99,-99,-99,-99,-99,0,0,6,1.1083,0,0,0,0,none,0,0,none,0,0,none,0,0,-99
2019,9,3,1,1,1,4,-99,-99,-99,-99,-99,0,0,8,2.4279,0,0,0,0,none,0,0,none,0,0,none,0,0,-99
2019,9,4,1,1,1,4,-99,-99,-99,-99,-99,0,0,9,1.5995,0,0,0,0,none,0,0,none,0,0,none,0,0,-99
2019,9,5,1,1,1,4,-99,-99,-99,-99,-99,0,0,2,0.1749,0,0,0,0,none,0,0,none,0,0,none,0,0,-99
2019,9,6,1,1,1,4,-99,-99,-99,-99,-99,1,1.1282,3,0.2447,0,0,0,0,none,0,0,none,0,0,none,0,0,-99
2019,9,7,1,1,1,4,-99,-99,-99,-99,-99,0,0,3,0.1531,0,0,0,0,none,0,0,none,0,0,none,0,0,-99
2019,9,8,1,1,1,4,-99,-99,-99,-99,-99,0,0,2,0.4003,3,0.5314,0,0,none,0,0,none,0,0,none,0,0,-99
2019,9,9,1,1,1,4,-99,-99,-99,-99,-99,2,0.9689,10,1.7725,2,0.1436,0,0,none,0,0,none,0,0,none,0,0,-99
2019,9,10,1,1,1,4,-99,-99,-99,-99,-99,0,0,2,0.3231,1,0.044,0,0,none,0,0,none,0,0,none,0,0,-99
2019,9,11,0,1,1,4,-99,-99,-99,-99,-99,1,1.3057,3,0.7772,0,0,0,0,none,0,0,none,0,0,none,0,0,-99
2019,9,12,0,1,1,4,-99,-99,-99,-99,-99,1,1.3772,1,0.0235,4,0.6932,0,0,none,0,0,none,0,0,none,0,0,-99
2019,9,13,0,1,1,4,-99,-99,-99,-99,-99,0,0,2,0.3378,3,0.5342,1,0.0934,none,0,0,none,0,0,none,0,0,-99
2019,9,14,0,1,1,4,-99,-99,-99,-99,-99,0,0,4,1.2804,1,0.2431,0,0,none,0,0,none,0,0,none,0,0,-99
2019,9,15,0,1,1,4,-99,-99,-99,-99,-99,0,0,4,0.4285,0,0,0,0,none,0,0,none,0,0,none,0,0,-99
2019,9,16,0,1,1,4,-99,-99,-99,-99,-99,1,0.2071,2,0.2673,0,0,0,0,none,0,0,none,0,0,none,0,0,-99
2019,10,1,1,1,0,3,-99,-99,-99,-99,-99,1,0.9733,1,0.1054,4,0.8801,0,0,none,0,0,none,0,0,none,0,0,-99
2019,10,2,1,1,0,3,-99,-99,-99,-99,-99,0,0,1,0.1134,0,0,0,0,none,0,0,none,0,0,none,0,0,-99
2019,10,3,1,1,0,3,-99,-99,-99,-99,-99,1,2.1046,2,0.161,0,0,0,0,none,0,0,none,0,0,none,0,0,-99
2019,10,4,1,1,0,3,-99,-99,-99,-99,-99,1,2.7934,0,0,1,0.361,0,0,none,0,0,none,0,0,none,0,0,-99
2019,10,5,1,1,0,3,-99,-99,-99,-99,-99,4,4.2213,3,0.6362,0,0,0,0,none,0,0,none,0,0,none,0,0,-99
2019,10,6,1,1,0,3,-99,-99,-99,-99,-99,1,1.1813,2,0.3088,6,1.1552,0,0,PHAU,1,2.6828,none,0,0,none,0,0,-99
2019,10,7,1,1,0,3,-99,-99,-99,-99,-99,0,0,4,0.7848,0,0,0,0,POHY,2,0.088,none,0,0,none,0,0,-99
2019,10,8,1,1,0,3,-99,-99,-99,-99,-99,2,1.3348,3,0.4071,1,0.1775,0,0,none,0,0,none,0,0,none,0,0,-99
2019,10,9,1,1,0,3,-99,-99,-99,-99,-99,0,0,1,0.0725,2,0.1425,0,0,none,0,0,none,0,0,none,0,0,-99
2019,10,10,1,1,0,3,-99,-99,-99,-99,-99,0,0,4,0.85,0,0,0,0,POHY,2,0.3173,none,0,0,none,0,0,-99
2019,10,11,0,1,0,3,-99,-99,-99,-99,-99,0,0,3,0.3766,2,0.2906,0,0,none,0,0,none,0,0,none,0,0,-99
2019,10,12,0,1,0,3,-99,-99,-99,-99,-99,0,0,0,0,2,0.19,0,0,none,0,0,none,0,0,none,0,0,-99
2019,10,13,0,1,0,3,-99,-99,-99,-99,-99,0,0,1,0.0249,0,0,0,0,POHY,4,3.3608,none,0,0,none,0,0,-99
2019,10,14,0,1,0,3,-99,-99,-99,-99,-99,4,3.4826,4,0.6334,0,0,0,0,none,0,0,none,0,0,none,0,0,-99
2019,10,15,0,1,0,3,-99,-99,-99,-99,-99,3,3.5785,1,0.2523,2,0.5338,0,0,none,0,0,none,0,0,none,0,0,-99
2019,10,16,0,1,0,3,-99,-99,-99,-99,-99,0,0,3,0.4439,2,0.7536,0,0,none,0,0,none,0,0,none,0,0,-99
2019,11,1,1,0,0,1,-99,-99,-99,-99,-99,3,3.8807,1,0.2853,2,0.4646,0,0,none,0,0,none,0,0,none,0,0,-99
2019,11,2,1,0,0,1,-99,-99,-99,-99,-99,2,1.5634,4,0.9497,3,0.66,0,0,none,0,0,none,0,0,none,0,0,-99
2019,11,3,1,0,0,1,-99,-99,-99,-99,-99,1,1.494,0,0,0,0,0,0,none,0,0,none,0,0,none,0,0,-99
2019,11,4,1,0,0,1,-99,-99,-99,-99,-99,1,1.4344,1,0.0882,1,0.3346,0,0,none,0,0,none,0,0,none,0,0,-99
2019,11,5,1,0,0,1,-99,-99,-99,-99,-99,1,0.8625,0,0,2,0.2061,0,0,none,0,0,none,0,0,none,0,0,-99
2019,11,6,1,0,0,1,-99,-99,-99,-99,-99,0,0,0,0,1,0.2067,0,0,none,0,0,none,0,0,none,0,0,-99
2019,11,7,1,0,0,1,-99,-99,-99,-99,-99,2,1.6147,0,0,1,0.1968,0,0,none,0,0,none,0,0,none,0,0,-99
2019,11,8,1,0,0,1,-99,-99,-99,-99,-99,1,1.8236,7,1.5714,0,0,0,0,none,0,0,none,0,0,none,0,0,-99
2019,11,9,1,0,0,1,-99,-99,-99,-99,-99,0,0,1,0.1056,0,0,0,0,none,0,0,none,0,0,none,0,0,-99
2019,11,10,1,0,0,1,-99,-99,-99,-99,-99,0,0,0,0,0,0,0,0,none,0,0,none,0,0,none,0,0,-99
2019,11,11,0,0,0,1,-99,-99,-99,-99,-99,0,0,11,1.9927,1,0.1186,0,0,none,0,0,none,0,0,none,0,0,-99
2019,11,12,0,0,0,1,-99,-99,-99,-99,-99,0,0,1,0.3288,0,0,0,0,none,0,0,none,0,0,none,0,0,-99
2019,11,13,0,0,0,1,-99,-99,-99,-99,-99,1,1.9153,1,0.1174,0,0,0,0,none,0,0,none,0,0,none,0,0,-99
2019,11,14,0,0,0,1,-99,-99,-99,-99,-99,1,1.115,0,0,0,0,0,0,none,0,0,none,0,0,none,0,0,-99
2019,11,15,0,0,0,1,-99,-99,-99,-99,-99,3,3.306,1,0.4125,3,1.0103,0,0,none,0,0,none,0,0,none,0,0,-99
2019,11,16,0,0,0,1,-99,-99,-99,-99,-99,1,1.3772,1,0.4545,3,1.0545,0,0,none,0,0,none,0,0,none,0,0,-99
2019,12,1,1,0,1,2,-99,-99,-99,-99,-99,0,0,0,0,6,1.0908,0,0,none,0,0,none,0,0,none,0,0,-99
2019,12,2,1,0,1,2,-99,-99,-99,-99,-99,0,0,0,0,3,0.6712,0,0,none,0,0,none,0,0,none,0,0,-99
2019,12,3,1,0,1,2,-99,-99,-99,-99,-99,0,0,0,0,3,0.4551,0,0,none,0,0,none,0,0,none,0,0,-99
2019,12,4,1,0,1,2,-99,-99,-99,-99,-99,0,0,0,0,3,0.4435,0,0,none,0,0,none,0,0,none,0,0,-99
2019,12,5,1,0,1,2,-99,-99,-99,-99,-99,0,0,0,0,1,0.0796,0,0,none,0,0,none,0,0,none,0,0,-99
2019,12,6,1,0,1,2,-99,-99,-99,-99,-99,0,0,0,0,2,0.2236,0,0,none,0,0,none,0,0,none,0,0,-99
2019,12,7,1,0,1,2,-99,-99,-99,-99,-99,0,0,0,0,1,0.0906,0,0,none,0,0,none,0,0,none,0,0,-99
2019,12,8,1,0,1,2,-99,-99,-99,-99,-99,0,0,0,0,4,0.6856,0,0,none,0,0,none,0,0,none,0,0,-99
2019,12,9,1,0,1,2,-99,-99,-99,-99,-99,0,0,0,0,0,0,0,0,none,0,0,none,0,0,none,0,0,-99
2019,12,10,1,0,1,2,-99,-99,-99,-99,-99,0,0,1,0.3093,7,1.4275,0,0,none,0,0,none,0,0,none,0,0,-99
2019,12,11,0,0,1,2,-99,-99,-99,-99,-99,0,0,0,0,0,0,0,0,none,0,0,none,0,0,none,0,0,-99
2019,12,12,0,0,1,2,-99,-99,-99,-99,-99,0,0,0,0,0,0,0,0,none,0,0,none,0,0,none,0,0,-99
2019,12,13,0,0,1,2,-99,-99,-99,-99,-99,0,0,0,0,0,0,0,0,none,0,0,none,0,0,none,0,0,-99
2019,12,14,0,0,1,2,-99,-99,-99,-99,-99,1,1.9073,6,1.9167,2,0.8545,0,0,none,0,0,none,0,0,none,0,0,-99
2019,12,15,0,0,1,2,-99,-99,-99,-99,-99,0,0,4,0.5595,0,0,0,0,none,0,0,none,0,0,none,0,0,-99
2019,12,16,0,0,1,2,-99,-99,-99,-99,-99,0,0,3,0.6255,4,0.5583,0,0,none,0,0,none,0,0,none,0,0,-99
2020,1,1,1,0,0,1,-99,-99,-99,-99,-99,0,0,17,2.636,1,0.34,1,0.027,none,0,0,none,0,0,none,0,0,-99
2020,1,2,1,0,0,1,-99,-99,-99,-99,-99,0,0,11,1.83,2,0.19,3,0.01,none,0,0,none,0,0,none,0,0,-99
2020,1,3,1,0,0,1,-99,-99,-99,-99,-99,0,0,0,0,3,0.552,1,0.042,none,0,0,none,0,0,none,0,0,-99
2020,1,4,1,0,0,1,-99,-99,-99,-99,-99,0,0,8,1.142,3,0.844,0,0,none,0,0,none,0,0,none,0,0,-99
2020,1,5,1,0,0,1,-99,-99,-99,-99,-99,0,0,7,1.727,0,0,0,0,none,0,0,none,0,0,none,0,0,-99
2020,1,6,1,0,0,1,-99,-99,-99,-99,-99,0,0,9,1.434,0,0,1,0.385,none,0,0,none,0,0,none,0,0,-99
2020,1,7,1,0,0,1,-99,-99,-99,-99,-99,0,0,11,1.809,3,0.474,0,0,none,0,0,none,0,0,none,0,0,-99
2020,1,8,1,0,0,1,-99,-99,-99,-99,-99,0,0,13,1.609,7,1.054,0,0,none,0,0,none,0,0,none,0,0,-99
2020,1,9,1,0,0,1,-99,-99,-99,-99,-99,0,0,20,2.926,1,0.388,0,0,none,0,0,none,0,0,none,0,0,-99
2020,1,10,1,0,0,1,-99,-99,-99,-99,-99,0,0,24,3.71,0,0,5,0.144,none,0,0,none,0,0,none,0,0,-99
2020,1,11,0,0,0,1,-99,-99,-99,-99,-99,0,0,3,0.662,2,0.564,0,0,none,0,0,none,0,0,none,0,0,-99
2020,1,12,0,0,0,1,-99,-99,-99,-99,-99,0,0,5,1.2,6,2.359,0,0,none,0,0,none,0,0,none,0,0,-99
2020,1,13,0,0,0,1,-99,-99,-99,-99,-99,0,0,3,0.784,0,0,0,0,none,0,0,none,0,0,none,0,0,-99
2020,1,14,0,0,0,1,-99,-99,-99,-99,-99,0,0,1,0.039,3,0.62,0,0,none,0,0,none,0,0,none,0,0,-99
2020,1,15,0,0,0,1,-99,-99,-99,-99,-99,0,0,5,0.993,1,0.322,0,0,none,0,0,none,0,0,none,0,0,-99
2020,1,16,0,0,0,1,-99,-99,-99,-99,-99,0,0,3,0.545,0,0,0,0,none,0,0,none,0,0,none,0,0,-99
2020,2,1,1,1,0,3,-99,-99,-99,-99,-99,0,0,2,0.102,0,0,0,0,none,0,0,none,0,0,none,0,0,-99
2020,2,2,1,1,0,3,-99,-99,-99,-99,-99,0,0,3,0.292,1,0.085,0,0,ASTER,1,0.162,none,0,0,none,0,0,-99
2020,2,3,1,1,0,3,-99,-99,-99,-99,-99,0,0,2,0.252,4,1.655,0,0,none,0,0,none,0,0,none,0,0,-99
2020,2,4,1,1,0,3,-99,-99,-99,-99,-99,0,0,1,0.214,1,0.239,0,0,none,0,0,none,0,0,none,0,0,-99
2020,2,5,1,1,0,3,-99,-99,-99,-99,-99,0,0,17,2.234,0,0,0,0,KOVI,1,0.129,none,0,0,none,0,0,-99
2020,2,6,1,1,0,3,-99,-99,-99,-99,-99,0,0,5,0.977,1,0.351,0,0,ASTER,5,0.898,none,0,0,none,0,0,-99
2020,2,7,1,1,0,3,-99,-99,-99,-99,-99,0,0,14,2.441,2,0.807,0,0,none,0,0,none,0,0,none,0,0,-99
2020,2,8,1,1,0,3,-99,-99,-99,-99,-99,0,0,5,0.687,5,0.955,0,0,SOSE,1,0.139,none,0,0,none,0,0,-99
2020,2,9,1,1,0,3,-99,-99,-99,-99,-99,0,0,9,1.633,1,0.063,0,0,ASTER,1,0.317,none,0,0,none,0,0,-99
2020,2,10,1,1,0,3,-99,-99,-99,-99,-99,0,0,3,0.543,2,0.688,0,0,none,0,0,none,0,0,none,0,0,-99
2020,2,11,0,1,0,3,-99,-99,-99,-99,-99,0,0,0,0,0,0,0,0,none,0,0,none,0,0,none,0,0,-99
2020,2,12,0,1,0,3,-99,-99,-99,-99,-99,0,0,1,0.054,0,0,0,0,none,0,0,none,0,0,none,0,0,-99
2020,2,13,0,1,0,3,-99,-99,-99,-99,-99,0,0,0,0,0,0,0,0,none,0,0,none,0,0,none,0,0,-99
2020,2,14,0,1,0,3,-99,-99,-99,-99,-99,0,0,1,0.274,0,0,0,0,none,0,0,none,0,0,none,0,0,-99
2020,2,15,0,1,0,3,-99,-99,-99,-99,-99,0,0,6,1.342,0,0,0,0,none,0,0,none,0,0,none,0,0,-99
2020,2,16,0,1,0,3,-99,-99,-99,-99,-99,0,0,1,0.284,1,0.074,0,0,none,0,0,none,0,0,none,0,0,-99
2020,3,1,1,0,1,2,-99,-99,-99,-99,-99,0,0,0,0,0,0,0,0,SOSE,1,0.278,none,0,0,none,0,0,-99
2020,3,2,1,0,1,2,-99,-99,-99,-99,-99,0,0,0,0,1,0.139,0,0,none,0,0,none,0,0,none,0,0,-99
2020,3,3,1,0,1,2,-99,-99,-99,-99,-99,0,0,0,0,0,0,0,0,none,0,0,none,0,0,none,0,0,-99
2020,3,4,1,0,1,2,-99,-99,-99,-99,-99,0,0,0,0,0,0,0,0,none,0,0,none,0,0,none,0,0,-99
2020,3,5,1,0,1,2,-99,-99,-99,-99,-99,0,0,0,0,0,0,0,0,none,0,0,none,0,0,none,0,0,-99
2020,3,6,1,0,1,2,-99,-99,-99,-99,-99,0,0,0,0,0,0,0,0,none,0,0,none,0,0,none,0,0,-99
2020,3,7,1,0,1,2,-99,-99,-99,-99,-99,0,0,0,0,0,0,0,0,none,0,0,none,0,0,none,0,0,-99
2020,3,8,1,0,1,2,-99,-99,-99,-99,-99,0,0,0,0,0,0,0,0,none,0,0,none,0,0,none,0,0,-99
2020,3,9,1,0,1,2,-99,-99,-99,-99,-99,0,0,0,0,0,0,0,0,none,0,0,none,0,0,none,0,0,-99
2020,3,10,1,0,1,2,-99,-99,-99,-99,-99,0,0,0,0,3,0.407,0,0,none,0,0,none,0,0,none,0,0,-99
2020,3,11,0,0,1,2,-99,-99,-99,-99,-99,0,0,0,0,0,0,0,0,none,0,0,none,0,0,none,0,0,-99
2020,3,12,0,0,1,2,-99,-99,-99,-99,-99,0,0,0,0,0,0,0,0,none,0,0,none,0,0,none,0,0,-99
2020,3,13,0,0,1,2,-99,-99,-99,-99,-99,0,0,0,0,0,0,0,0,none,0,0,none,0,0,none,0,0,-99
2020,3,14,0,0,1,2,-99,-99,-99,-99,-99,0,0,4,0.671,0,0,0,0,none,0,0,none,0,0,none,0,0,-99
2020,3,15,0,0,1,2,-99,-99,-99,-99,-99,0,0,0,0,0,0,1,6.839,none,0,0,none,0,0,none,0,0,-99
2020,3,16,0,0,1,2,-99,-99,-99,-99,-99,0,0,6,1.073,2,0.131,1,0.146,none,0,0,none,0,0,none,0,0,-99
2020,4,1,1,1,1,4,-99,-99,-99,-99,-99,0,0,0,0,3,0.491,0,0,none,0,0,none,0,0,none,0,0,-99
2020,4,2,1,1,1,4,-99,-99,-99,-99,-99,0,0,0,0,1,0.191,0,0,none,0,0,none,0,0,none,0,0,-99
2020,4,3,1,1,1,4,-99,-99,-99,-99,-99,0,0,0,0,7,1.2,0,0,none,0,0,none,0,0,none,0,0,-99
2020,4,4,1,1,1,4,-99,-99,-99,-99,-99,0,0,0,0,0,0,0,0,none,0,0,none,0,0,none,0,0,-99
2020,4,5,1,1,1,4,-99,-99,-99,-99,-99,0,0,0,0,0,0,0,0,KOVI,2,12.91,none,0,0,none,0,0,-99
2020,4,6,1,1,1,4,-99,-99,-99,-99,-99,0,0,0,0,0,0,0,0,none,0,0,none,0,0,none,0,0,-99
2020,4,7,1,1,1,4,-99,-99,-99,-99,-99,0,0,0,0,7,0.572,0,0,none,0,0,none,0,0,none,0,0,-99
2020,4,8,1,1,1,4,-99,-99,-99,-99,-99,1,1.046,0,0,2,0.628,0,0,none,0,0,none,0,0,none,0,0,-99
2020,4,9,1,1,1,4,-99,-99,-99,-99,-99,0,0,0,0,3,0.539,0,0,ASTER,1,0.24,none,0,0,none,0,0,-99
2020,4,10,1,1,1,4,-99,-99,-99,-99,-99,0,0,0,0,3,0.781,0,0,ASTER,3,0.286,none,0,0,none,0,0,-99
2020,4,11,0,1,1,4,-99,-99,-99,-99,-99,0,0,0,0,0,0,0,0,none,0,0,none,0,0,none,0,0,-99
2020,4,12,0,1,1,4,-99,-99,-99,-99,-99,0,0,0,0,0,0,0,0,none,0,0,none,0,0,none,0,0,-99
2020,4,13,0,1,1,4,-99,-99,-99,-99,-99,0,0,0,0,0,0,0,0,none,0,0,none,0,0,none,0,0,-99
2020,4,14,0,1,1,4,-99,-99,-99,-99,-99,0,0,4,0.67,2,0.252,0,0,none,0,0,none,0,0,none,0,0,-99
2020,4,15,0,1,1,4,-99,-99,-99,-99,-99,0,0,1,0.128,3,0.274,0,0,none,0,0,none,0,0,none,0,0,-99
2020,4,16,0,1,1,4,-99,-99,-99,-99,-99,0,0,5,0.533,3,0.343,0,0,none,0,0,none,0,0,none,0,0,-99
2020,5,1,1,1,0,3,-99,-99,-99,-99,-99,0,0,5,0.666,2,0.231,0,0,none,0,0,none,0,0,none,0,0,-99
2020,5,2,1,1,0,3,-99,-99,-99,-99,-99,0,0,6,0.627,2,0.333,1,0.144,none,0,0,none,0,0,none,0,0,-99
2020,5,3,1,1,0,3,-99,-99,-99,-99,-99,0,0,0,0,2,0.173,0,0,none,0,0,none,0,0,none,0,0,-99
2020,5,4,1,1,0,3,-99,-99,-99,-99,-99,0,0,3,0.503,4,0.296,0,0,none,0,0,none,0,0,none,0,0,-99
2020,5,5,1,1,0,3,-99,-99,-99,-99,-99,0,0,0,0,0,0,0,0,none,0,0,none,0,0,none,0,0,-99
2020,5,6,1,1,0,3,-99,-99,-99,-99,-99,1,1,3,0.631,3,0.502,0,0,none,0,0,none,0,0,none,0,0,-99
2020,5,7,1,1,0,3,-99,-99,-99,-99,-99,0,0,1,0.059,0,0,0,0,none,0,0,none,0,0,none,0,0,-99
2020,5,8,1,1,0,3,-99,-99,-99,-99,-99,0,0,1,0.243,1,0.412,0,0,ASTER,13,2.461,none,0,0,none,0,0,-99
2020,5,9,1,1,0,3,-99,-99,-99,-99,-99,0,0,0,0,0,0,0,0,ASTER,8,0.849,none,0,0,none,0,0,-99
2020,5,10,1,1,0,3,-99,-99,-99,-99,-99,0,0,0,0,4,0.766,0,0,ASTER,6,1.043,none,0,0,none,0,0,-99
2020,5,11,0,1,0,3,-99,-99,-99,-99,-99,0,0,0,0,0,0,0,0,none,0,0,none,0,0,none,0,0,-99
2020,5,12,0,1,0,3,-99,-99,-99,-99,-99,0,0,0,0,0,0,0,0,none,0,0,none,0,0,none,0,0,-99
2020,5,13,0,1,0,3,-99,-99,-99,-99,-99,0,0,0,0,0,0,0,0,none,0,0,none,0,0,none,0,0,-99
2020,5,14,0,1,0,3,-99,-99,-99,-99,-99,0,0,1,0.216,1,0.109,0,0,none,0,0,none,0,0,none,0,0,-99
2020,5,15,0,1,0,3,-99,-99,-99,-99,-99,0,0,1,0.086,1,0.17,3,0.727,none,0,0,none,0,0,none,0,0,-99
2020,5,16,0,1,0,3,-99,-99,-99,-99,-99,0,0,0,0,0,0,0,0,none,0,0,none,0,0,none,0,0,-99
2020,6,1,1,0,1,2,-99,-99,-99,-99,-99,0,0,0,0,0,0,0,0,none,0,0,none,0,0,none,0,0,-99
2020,6,2,1,0,1,2,-99,-99,-99,-99,-99,0,0,0,0,0,0,0,0,none,0,0,none,0,0,none,0,0,-99
2020,6,3,1,0,1,2,-99,-99,-99,-99,-99,0,0,0,0,0,0,0,0,none,0,0,none,0,0,none,0,0,-99
2020,6,4,1,0,1,2,-99,-99,-99,-99,-99,0,0,0,0,0,0,0,0,none,0,0,none,0,0,none,0,0,-99
2020,6,5,1,0,1,2,-99,-99,-99,-99,-99,0,0,0,0,0,0,0,0,none,0,0,none,0,0,none,0,0,-99
2020,6,6,1,0,1,2,-99,-99,-99,-99,-99,0,0,0,0,0,0,0,0,none,0,0,none,0,0,none,0,0,-99
2020,6,7,1,0,1,2,-99,-99,-99,-99,-99,0,0,0,0,0,0,0,0,none,0,0,none,0,0,none,0,0,-99
2020,6,8,1,0,1,2,-99,-99,-99,-99,-99,0,0,0,0,0,0,0,0,none,0,0,none,0,0,none,0,0,-99
2020,6,9,1,0,1,2,-99,-99,-99,-99,-99,0,0,3,0.449,1,0.122,0,0,none,0,0,none,0,0,none,0,0,-99
2020,6,10,1,0,1,2,-99,-99,-99,-99,-99,0,0,0,0,1,0.031,0,0,none,0,0,none,0,0,none,0,0,-99
2020,6,11,0,0,1,2,-99,-99,-99,-99,-99,0,0,0,0,0,0,0,0,none,0,0,none,0,0,none,0,0,-99
2020,6,12,0,0,1,2,-99,-99,-99,-99,-99,0,0,0,0,0,0,0,0,none,0,0,none,0,0,none,0,0,-99
2020,6,13,0,0,1,2,-99,-99,-99,-99,-99,0,0,0,0,0,0,0,0,none,0,0,none,0,0,none,0,0,-99
2020,6,14,0,0,1,2,-99,-99,-99,-99,-99,0,0,5,1.26,0,0,0,0,none,0,0,none,0,0,none,0,0,-99
2020,6,15,0,0,1,2,-99,-99,-99,-99,-99,0,0,0,0,0,0,0,0,ATPA,1,0.006,none,0,0,none,0,0,-99
2020,6,16,0,0,1,2,-99,-99,-99,-99,-99,0,0,2,0.203,0,0,0,0,none,0,0,none,0,0,none,0,0,-99
2020,7,1,1,1,1,4,-99,-99,-99,-99,-99,0,0,0,0,0,0,0,0,none,0,0,none,0,0,none,0,0,-99
2020,7,2,1,1,1,4,-99,-99,-99,-99,-99,0,0,0,0,0,0,0,0,none,0,0,none,0,0,none,0,0,-99
2020,7,3,1,1,1,4,-99,-99,-99,-99,-99,0,0,0,0,0,0,0,0,none,0,0,none,0,0,none,0,0,-99
2020,7,4,1,1,1,4,-99,-99,-99,-99,-99,1,0.135,0,0,0,0,0,0,none,0,0,none,0,0,none,0,0,-99
2020,7,5,1,1,1,4,-99,-99,-99,-99,-99,0,0,0,0,0,0,0,0,none,0,0,none,0,0,none,0,0,-99
2020,7,6,1,1,1,4,-99,-99,-99,-99,-99,0,0,0,0,2,0.374,0,0,none,0,0,none,0,0,none,0,0,-99
2020,7,7,1,1,1,4,-99,-99,-99,-99,-99,0,0,0,0,0,0,0,0,none,0,0,none,0,0,none,0,0,-99
2020,7,8,1,1,1,4,-99,-99,-99,-99,-99,0,0,1,0.137,0,0,0,0,none,0,0,none,0,0,none,0,0,-99
2020,7,9,1,1,1,4,-99,-99,-99,-99,-99,0,0,5,0.41,1,0.065,0,0,none,0,0,none,0,0,none,0,0,-99
2020,7,10,1,1,1,4,-99,-99,-99,-99,-99,0,0,2,0.167,1,0.383,0,0,none,0,0,none,0,0,none,0,0,-99
2020,7,11,0,1,1,4,-99,-99,-99,-99,-99,0,0,0,0,0,0,0,0,none,0,0,none,0,0,none,0,0,-99
2020,7,12,0,1,1,4,-99,-99,-99,-99,-99,0,0,0,0,0,0,0,0,none,0,0,none,0,0,none,0,0,-99
2020,7,13,0,1,1,4,-99,-99,-99,-99,-99,0,0,0,0,0,0,0,0,none,0,0,none,0,0,none,0,0,-99
2020,7,14,0,1,1,4,-99,-99,-99,-99,-99,0,0,1,0.091,0,0,0,0,none,0,0,none,0,0,none,0,0,-99
2020,7,15,0,1,1,4,-99,-99,-99,-99,-99,1,1.655,0,0,0,0,0,0,none,0,0,none,0,0,none,0,0,-99
2020,7,16,0,1,1,4,-99,-99,-99,-99,-99,0,0,4,0.552,0,0,0,0,none,0,0,none,0,0,none,0,0,-99
2020,8,1,1,0,0,1,-99,-99,-99,-99,-99,1,0.934,0,0,1,0.08,0,0,none,0,0,none,0,0,none,0,0,-99
2020,8,2,1,0,0,1,-99,-99,-99,-99,-99,0,0,11,1.834,1,0.349,0,0,none,0,0,none,0,0,none,0,0,-99
2020,8,3,1,0,0,1,-99,-99,-99,-99,-99,3,0.854,15,2.359,0,0,0,0,none,0,0,none,0,0,none,0,0,-99
2020,8,4,1,0,0,1,-99,-99,-99,-99,-99,1,1.474,10,1.687,2,0.228,0,0,none,0,0,none,0,0,none,0,0,-99
2020,8,5,1,0,0,1,-99,-99,-99,-99,-99,0,0,6,0.752,0,0,0,0,none,0,0,none,0,0,none,0,0,-99
2020,8,6,1,0,0,1,-99,-99,-99,-99,-99,0,0,7,1.421,4,0.792,0,0,none,0,0,none,0,0,none,0,0,-99
2020,8,7,1,0,0,1,-99,-99,-99,-99,-99,1,0.225,9,1.079,1,0.179,0,0,none,0,0,none,0,0,none,0,0,-99
2020,8,8,1,0,0,1,-99,-99,-99,-99,-99,0,0,10,1.831,2,0.206,0,0,none,0,0,none,0,0,none,0,0,-99
2020,8,9,1,0,0,1,-99,-99,-99,-99,-99,0,0,14,1.993,2,0.594,5,0.171,none,0,0,none,0,0,none,0,0,-99
2020,8,10,1,0,0,1,-99,-99,-99,-99,-99,0,0,2,0.255,0,0,2,0.214,none,0,0,none,0,0,none,0,0,-99
2020,8,11,0,0,0,1,-99,-99,-99,-99,-99,0,0,0,0,0,0,0,0,none,0,0,none,0,0,none,0,0,-99
2020,8,12,0,0,0,1,-99,-99,-99,-99,-99,1,1.426,3,0.278,1,0.259,1,0.022,none,0,0,none,0,0,none,0,0,-99
2020,8,13,0,0,0,1,-99,-99,-99,-99,-99,0,0,6,1.412,3,0.636,0,0,none,0,0,none,0,0,none,0,0,-99
2020,8,14,0,0,0,1,-99,-99,-99,-99,-99,0,0,0,0,5,0.561,0,0,none,0,0,none,0,0,none,0,0,-99
2020,8,15,0,0,0,1,-99,-99,-99,-99,-99,0,0,1,0.192,1,0.075,0,0,none,0,0,none,0,0,none,0,0,-99
2020,8,16,0,0,0,1,-99,-99,-99,-99,-99,0,0,3,0.357,0,0,0,0,none,0,0,none,0,0,none,0,0,-99
2020,9,1,1,1,1,4,-99,-99,-99,-99,-99,0,0,9,1.634,2,0.202,1,0.161,none,0,0,none,0,0,none,0,0,-99
2020,9,2,1,1,1,4,-99,-99,-99,-99,-99,0,0,4,0.553,0,0,0,0,none,0,0,none,0,0,none,0,0,-99
2020,9,3,1,1,1,4,-99,-99,-99,-99,-99,1,0.404,3,0.203,0,0,0,0,none,0,0,none,0,0,none,0,0,-99
2020,9,4,1,1,1,4,-99,-99,-99,-99,-99,0,0,3,0.512,0,0,0,0,none,0,0,none,0,0,none,0,0,-99
2020,9,5,1,1,1,4,-99,-99,-99,-99,-99,1,1.462,4,0.768,1,0.25,0,0,none,0,0,none,0,0,none,0,0,-99
2020,9,6,1,1,1,4,-99,-99,-99,-99,-99,0,0,2,0.223,1,0.1,0,0,none,0,0,none,0,0,none,0,0,-99
2020,9,7,1,1,1,4,-99,-99,-99,-99,-99,0,0,2,0.275,0,0,0,0,ATPA,1,0.301,none,0,0,none,0,0,-99
2020,9,8,1,1,1,4,-99,-99,-99,-99,-99,1,0.313,0,0,8,1.591,0,0,ATPA,1,1.288,none,0,0,none,0,0,-99
2020,9,9,1,1,1,4,-99,-99,-99,-99,-99,0,0,0,0,3,0.254,0,0,none,0,0,none,0,0,none,0,0,-99
2020,9,10,1,1,1,4,-99,-99,-99,-99,-99,2,0.539,0,0,1,0.026,0,0,ATPA,1,0.138,none,0,0,none,0,0,-99
2020,9,11,0,1,1,4,-99,-99,-99,-99,-99,1,0.842,3,0.258,1,0.163,0,0,none,0,0,none,0,0,none,0,0,-99
2020,9,12,0,1,1,4,-99,-99,-99,-99,-99,1,1.308,1,0.241,3,0.372,0,0,none,0,0,none,0,0,none,0,0,-99
2020,9,13,0,1,1,4,-99,-99,-99,-99,-99,0,0,0,0,0,0,0,0,none,0,0,none,0,0,none,0,0,-99
2020,9,14,0,1,1,4,-99,-99,-99,-99,-99,1,1.134,7,1.041,3,0.512,0,0,none,0,0,none,0,0,none,0,0,-99
2020,9,15,0,1,1,4,-99,-99,-99,-99,-99,0,0,1,0.063,0,0,0,0,none,0,0,none,0,0,none,0,0,-99
2020,9,16,0,1,1,4,-99,-99,-99,-99,-99,0,0,4,0.821,0,0,0,0,none,0,0,none,0,0,none,0,0,-99
2020,10,1,1,1,0,3,-99,-99,-99,-99,-99,0,0,1,0.311,2,0.353,0,0,none,0,0,none,0,0,none,0,0,-99
2020,10,2,1,1,0,3,-99,-99,-99,-99,-99,1,1.095,2,0.504,5,0.826,0,0,none,0,0,none,0,0,none,0,0,-99
2020,10,3,1,1,0,3,-99,-99,-99,-99,-99,0,0,0,0,0,0,0,0,none,0,0,none,0,0,none,0,0,-99
2020,10,4,1,1,0,3,-99,-99,-99,-99,-99,0,0,0,0,1,0.08,0,0,none,0,0,none,0,0,none,0,0,-99
2020,10,5,1,1,0,3,-99,-99,-99,-99,-99,0,0,1,0.173,3,0.352,0,0,none,0,0,none,0,0,none,0,0,-99
2020,10,6,1,1,0,3,-99,-99,-99,-99,-99,2,1.379,1,0.106,2,0.383,0,0,none,0,0,none,0,0,none,0,0,-99
2020,10,7,1,1,0,3,-99,-99,-99,-99,-99,0,0,2,0.155,0,0,0,0,none,0,0,none,0,0,none,0,0,-99
2020,10,8,1,1,0,3,-99,-99,-99,-99,-99,0,0,1,0.058,6,0.62,0,0,none,0,0,none,0,0,none,0,0,-99
2020,10,9,1,1,0,3,-99,-99,-99,-99,-99,0,0,2,0.399,0,0,0,0,none,0,0,none,0,0,none,0,0,-99
2020,10,10,1,1,0,3,-99,-99,-99,-99,-99,0,0,2,0.393,0,0,0,0,none,0,0,none,0,0,none,0,0,-99
2020,10,11,0,1,0,3,-99,-99,-99,-99,-99,0,0,0,0,0,0,0,0,none,0,0,none,0,0,none,0,0,-99
2020,10,12,0,1,0,3,-99,-99,-99,-99,-99,0,0,0,0,4,0.556,0,0,none,0,0,none,0,0,none,0,0,-99
2020,10,13,0,1,0,3,-99,-99,-99,-99,-99,0,0,0,0,0,0,0,0,none,0,0,none,0,0,none,0,0,-99
2020,10,14,0,1,0,3,-99,-99,-99,-99,-99,1,0.971,2,0.106,0,0,0,0,none,0,0,none,0,0,none,0,0,-99
2020,10,15,0,1,0,3,-99,-99,-99,-99,-99,1,1.49,0,0,0,0,0,0,none,0,0,none,0,0,none,0,0,-99
2020,10,16,0,1,0,3,-99,-99,-99,-99,-99,2,1.99,0,0,1,0.207,0,0,none,0,0,none,0,0,none,0,0,-99
2020,11,1,1,0,0,1,-99,-99,-99,-99,-99,1,1.722,0,0,1,0.036,0,0,none,0,0,none,0,0,none,0,0,-99
2020,11,2,1,0,0,1,-99,-99,-99,-99,-99,4,4.754,2,0.394,3,0.362,0,0,none,0,0,none,0,0,none,0,0,-99
2020,11,3,1,0,0,1,-99,-99,-99,-99,-99,1,1.402,0,0,0,0,0,0,none,0,0,none,0,0,none,0,0,-99
2020,11,4,1,0,0,1,-99,-99,-99,-99,-99,1,1.54,9,1.439,9,2.238,0,0,none,0,0,none,0,0,none,0,0,-99
2020,11,5,1,0,0,1,-99,-99,-99,-99,-99,1,1.382,1,0.033,0,0,0,0,none,0,0,none,0,0,none,0,0,-99
2020,11,6,1,0,0,1,-99,-99,-99,-99,-99,0,0,0,0,3,0.43,0,0,none,0,0,none,0,0,none,0,0,-99
2020,11,7,1,0,0,1,-99,-99,-99,-99,-99,0,0,0,0,0,0,0,0,none,0,0,none,0,0,none,0,0,-99
2020,11,8,1,0,0,1,-99,-99,-99,-99,-99,1,1,4,0.619,2,0.336,0,0,none,0,0,none,0,0,none,0,0,-99
2020,11,9,1,0,0,1,-99,-99,-99,-99,-99,1,0.804,7,1.684,4,0.956,0,0,none,0,0,none,0,0,none,0,0,-99
2020,11,10,1,0,0,1,-99,-99,-99,-99,-99,0,0,10,2.22,0,0,0,0,none,0,0,none,0,0,none,0,0,-99
2020,11,11,0,0,0,1,-99,-99,-99,-99,-99,0,0,3,0.455,2,0.654,0,0,none,0,0,none,0,0,none,0,0,-99
2020,11,12,0,0,0,1,-99,-99,-99,-99,-99,0,0,3,0.546,4,0.957,1,0.043,none,0,0,none,0,0,none,0,0,-99
2020,11,13,0,0,0,1,-99,-99,-99,-99,-99,0,0,2,0.368,0,0,0,0,none,0,0,none,0,0,none,0,0,-99
2020,11,14,0,0,0,1,-99,-99,-99,-99,-99,0,0,2,0.306,2,0.242,0,0,none,0,0,none,0,0,none,0,0,-99
2020,11,15,0,0,0,1,-99,-99,-99,-99,-99,0,0,9,1.011,0,0,0,0,none,0,0,none,0,0,none,0,0,-99
2020,11,16,0,0,0,1,-99,-99,-99,-99,-99,0,0,0,0,2,0.341,0,0,none,0,0,none,0,0,none,0,0,-99
2020,12,1,1,0,1,2,-99,-99,-99,-99,-99,0,0,0,0,0,0,0,0,none,0,0,none,0,0,none,0,0,-99
2020,12,2,1,0,1,2,-99,-99,-99,-99,-99,0,0,0,0,1,0.141,0,0,none,0,0,none,0,0,none,0,0,-99
2020,12,3,1,0,1,2,-99,-99,-99,-99,-99,0,0,0,0,0,0,0,0,none,0,0,none,0,0,none,0,0,-99
2020,12,4,1,0,1,2,-99,-99,-99,-99,-99,0,0,0,0,0,0,0,0,none,0,0,none,0,0,none,0,0,-99
2020,12,5,1,0,1,2,-99,-99,-99,-99,-99,0,0,0,0,0,0,0,0,none,0,0,none,0,0,none,0,0,-99
2020,12,6,1,0,1,2,-99,-99,-99,-99,-99,0,0,0,0,0,0,0,0,none,0,0,none,0,0,none,0,0,-99
2020,12,7,1,0,1,2,-99,-99,-99,-99,-99,0,0,0,0,0,0,0,0,none,0,0,none,0,0,none,0,0,-99
2020,12,8,1,0,1,2,-99,-99,-99,-99,-99,0,0,0,0,0,0,1,0.09,none,0,0,none,0,0,none,0,0,-99
2020,12,9,1,0,1,2,-99,-99,-99,-99,-99,0,0,2,0.233,3,0.524,0,0,none,0,0,none,0,0,none,0,0,-99
2020,12,10,1,0,1,2,-99,-99,-99,-99,-99,0,0,1,0.046,6,0.67,0,0,none,0,0,none,0,0,none,0,0,-99
2020,12,11,0,0,1,2,-99,-99,-99,-99,-99,0,0,0,0,0,0,0,0,none,0,0,none,0,0,none,0,0,-99
2020,12,12,0,0,1,2,-99,-99,-99,-99,-99,0,0,0,0,0,0,0,0,none,0,0,none,0,0,none,0,0,-99
2020,12,13,0,0,1,2,-99,-99,-99,-99,-99,0,0,0,0,0,0,0,0,none,0,0,none,0,0,none,0,0,-99
2020,12,14,0,0,1,2,-99,-99,-99,-99,-99,3,2.821,0,0,2,0.194,0,0,none,0,0,none,0,0,none,0,0,-99
2020,12,15,0,0,1,2,-99,-99,-99,-99,-99,1,1.479,1,0.355,1,0.325,0,0,none,0,0,none,0,0,none,0,0,-99
2020,12,16,0,0,1,2,-99,-99,-99,-99,-99,0,0,1,0.086,3,0.67,0,0,none,0,0,none,0,0,none,0,0,-99
2021,1,1,1,0,0,1,-99,-99,-99,-99,-99,0,0,29,5.034,7,2.253,1,0.031,none,0,0,none,0,0,none,0,0,-99
2021,1,2,1,0,0,1,-99,-99,-99,-99,-99,0,0,20,3.52,2,0.872,0,0,none,0,0,none,0,0,none,0,0,-99
2021,1,3,1,0,0,1,-99,-99,-99,-99,-99,0,0,7,0.957,5,2.513,1,0.014,none,0,0,none,0,0,none,0,0,-99
2021,1,4,1,0,0,1,-99,-99,-99,-99,-99,0,0,4,0.503,5,1.305,0,0,none,0,0,none,0,0,none,0,0,-99
2021,1,5,1,0,0,1,-99,-99,-99,-99,-99,0,0,10,1.911,4,1.376,0,0,none,0,0,none,0,0,none,0,0,-99
2021,1,6,1,0,0,1,-99,-99,-99,-99,-99,0,0,2,0.326,1,0.148,0,0,none,0,0,none,0,0,none,0,0,-99
2021,1,7,1,0,0,1,-99,-99,-99,-99,-99,0,0,18,3.059,2,0.819,4,0.119,none,0,0,none,0,0,none,0,0,-99
2021,1,8,1,0,0,1,-99,-99,-99,-99,-99,0,0,22,4.01,2,0.548,0,0,none,0,0,none,0,0,none,0,0,-99
2021,1,9,1,0,0,1,-99,-99,-99,-99,-99,0,0,53,7.866,3,0.97,0,0,none,0,0,none,0,0,none,0,0,-99
2021,1,10,1,0,0,1,-99,-99,-99,-99,-99,0,0,20,4.016,1,0.112,0,0,none,0,0,none,0,0,none,0,0,-99
2021,1,11,0,0,0,1,-99,-99,-99,-99,-99,0,0,25,3.744,3,1.53,0,0,SOSE,1,1.512,none,0,0,none,0,0,-99
2021,1,12,0,0,0,1,-99,-99,-99,-99,-99,0,0,4,0.654,3,0.759,0,0,none,0,0,none,0,0,none,0,0,-99
2021,1,13,0,0,0,1,-99,-99,-99,-99,-99,0,0,11,2.264,1,0.229,0,0,none,0,0,none,0,0,none,0,0,-99
2021,1,14,0,0,0,1,-99,-99,-99,-99,-99,0,0,3,0.589,7,1.652,0,0,none,0,0,none,0,0,none,0,0,-99
2021,1,15,0,0,0,1,-99,-99,-99,-99,-99,0,0,25,4.834,2,0.615,0,0,none,0,0,none,0,0,none,0,0,-99
2021,1,16,0,0,0,1,-99,-99,-99,-99,-99,0,0,18,4.053,2,0.715,0,0,none,0,0,none,0,0,none,0,0,-99
2021,2,1,1,1,0,3,-99,-99,-99,-99,-99,0,0,1,0.185,0,0,0,0,ASTER,2,0.114,none,0,0,none,0,0,-99
2021,2,2,1,1,0,3,-99,-99,-99,-99,-99,0,0,0,0,0,0,0,0,none,0,0,none,0,0,none,0,0,-99
2021,2,3,1,1,0,3,-99,-99,-99,-99,-99,0,0,4,0.557,3,1.224,0,0,KOVI,1,2.423,none,0,0,none,0,0,-99
2021,2,4,1,1,0,3,-99,-99,-99,-99,-99,0,0,3,0.949,4,0.823,0,0,ASTER,1,0.122,none,0,0,none,0,0,-99
2021,2,5,1,1,0,3,-99,-99,-99,-99,-99,0,0,1,0.124,1,0.206,0,0,ASTER,1,0.049,none,0,0,none,0,0,-99
2021,2,6,1,1,0,3,-99,-99,-99,-99,-99,0,0,4,0.406,0,0,0,0,none,0,0,none,0,0,none,0,0,-99
2021,2,7,1,1,0,3,-99,-99,-99,-99,-99,0,0,6,1.267,1,0.705,0,0,ASTER,2,0.17,none,0,0,none,0,0,-99
2021,2,8,1,1,0,3,-99,-99,-99,-99,-99,0,0,6,0.709,0,0,0,0,none,0,0,none,0,0,none,0,0,-99
2021,2,9,1,1,0,3,-99,-99,-99,-99,-99,0,0,1,0.213,5,1.332,0,0,SOSE,1,0.344,none,0,0,none,0,0,-99
2021,2,10,1,1,0,3,-99,-99,-99,-99,-99,0,0,2,0.332,2,0.298,0,0,none,0,0,none,0,0,none,0,0,-99
2021,2,11,0,1,0,3,-99,-99,-99,-99,-99,0,0,0,0,0,0,0,0,ASTER,1,0.619,none,0,0,none,0,0,-99
2021,2,12,0,1,0,3,-99,-99,-99,-99,-99,0,0,0,0,1,0.271,0,0,none,0,0,none,0,0,none,0,0,-99
2021,2,13,0,1,0,3,-99,-99,-99,-99,-99,0,0,0,0,0,0,0,0,none,0,0,none,0,0,none,0,0,-99
2021,2,14,0,1,0,3,-99,-99,-99,-99,-99,0,0,1,0.11,0,0,0,0,ATPA,1,0.09,none,0,0,none,0,0,-99
2021,2,15,0,1,0,3,-99,-99,-99,-99,-99,0,0,16,2.817,3,0.594,0,0,ATPA,2,0.864,none,0,0,none,0,0,-99
2021,2,16,0,1,0,3,-99,-99,-99,-99,-99,0,0,1,0.398,0,0,0,0,ATPA,1,0.262,none,0,0,none,0,0,-99
2021,3,1,1,0,1,2,-99,-99,-99,-99,-99,0,0,0,0,0,0,0,0,none,0,0,none,0,0,none,0,0,-99
2021,3,2,1,0,1,2,-99,-99,-99,-99,-99,0,0,0,0,0,0,0,0,none,0,0,none,0,0,none,0,0,-99
2021,3,3,1,0,1,2,-99,-99,-99,-99,-99,0,0,0,0,0,0,0,0,none,0,0,none,0,0,none,0,0,-99
2021,3,4,1,0,1,2,-99,-99,-99,-99,-99,0,0,0,0,0,0,0,0,none,0,0,none,0,0,none,0,0,-99
2021,3,5,1,0,1,2,-99,-99,-99,-99,-99,0,0,0,0,0,0,0,0,none,0,0,none,0,0,none,0,0,-99
2021,3,6,1,0,1,2,-99,-99,-99,-99,-99,0,0,0,0,0,0,0,0,none,0,0,none,0,0,none,0,0,-99
2021,3,7,1,0,1,2,-99,-99,-99,-99,-99,0,0,0,0,0,0,0,0,none,0,0,none,0,0,none,0,0,-99
2021,3,8,1,0,1,2,-99,-99,-99,-99,-99,0,0,0,0,0,0,0,0,none,0,0,none,0,0,none,0,0,-99
2021,3,9,1,0,1,2,-99,-99,-99,-99,-99,0,0,0,0,1,0.076,0,0,none,0,0,none,0,0,none,0,0,-99
2021,3,10,1,0,1,2,-99,-99,-99,-99,-99,0,0,0,0,3,0.427,0,0,none,0,0,none,0,0,none,0,0,-99
2021,3,11,0,0,1,2,-99,-99,-99,-99,-99,0,0,0,0,0,0,0,0,none,0,0,none,0,0,none,0,0,-99
2021,3,12,0,0,1,2,-99,-99,-99,-99,-99,0,0,0,0,0,0,0,0,none,0,0,none,0,0,none,0,0,-99
2021,3,13,0,0,1,2,-99,-99,-99,-99,-99,0,0,0,0,0,0,0,0,none,0,0,none,0,0,none,0,0,-99
2021,3,14,0,0,1,2,-99,-99,-99,-99,-99,0,0,1,0.146,0,0,0,0,POHY,1,1.063,none,0,0,none,0,0,-99
2021,3,15,0,0,1,2,-99,-99,-99,-99,-99,0,0,1,0.084,0,0,0,0,none,0,0,none,0,0,none,0,0,-99
2021,3,16,0,0,1,2,-99,-99,-99,-99,-99,0,0,3,0.435,0,0,0,0,none,0,0,none,0,0,none,0,0,-99
2021,4,1,1,1,1,4,-99,-99,-99,-99,-99,0,0,0,0,0,0,0,0,ASTER,1,0.325,none,0,0,none,0,0,-99
2021,4,2,1,1,1,4,-99,-99,-99,-99,-99,0,0,0,0,2,0.409,0,0,none,0,0,none,0,0,none,0,0,-99
2021,4,3,1,1,1,4,-99,-99,-99,-99,-99,0,0,0,0,0,0,0,0,none,0,0,none,0,0,none,0,0,-99
2021,4,4,1,1,1,4,-99,-99,-99,-99,-99,0,0,0,0,0,0,0,0,none,0,0,none,0,0,none,0,0,-99
2021,4,5,1,1,1,4,-99,-99,-99,-99,-99,0,0,0,0,0,0,0,0,none,0,0,none,0,0,none,0,0,-99
2021,4,6,1,1,1,4,-99,-99,-99,-99,-99,0,0,1,0.068,2,0.299,0,0,none,0,0,none,0,0,none,0,0,-99
2021,4,7,1,1,1,4,-99,-99,-99,-99,-99,0,0,0,0,0,0,0,0,none,0,0,none,0,0,none,0,0,-99
2021,4,8,1,1,1,4,-99,-99,-99,-99,-99,0,0,0,0,1,0.128,0,0,none,0,0,none,0,0,none,0,0,-99
2021,4,9,1,1,1,4,-99,-99,-99,-99,-99,0,0,0,0,1,0.361,0,0,ASTER,3,0.491,none,0,0,none,0,0,-99
2021,4,10,1,1,1,4,-99,-99,-99,-99,-99,0,0,0,0,4,0.511,0,0,ASTER,1,0.243,none,0,0,none,0,0,-99
2021,4,11,0,1,1,4,-99,-99,-99,-99,-99,0,0,0,0,0,0,0,0,none,0,0,none,0,0,none,0,0,-99
2021,4,12,0,1,1,4,-99,-99,-99,-99,-99,0,0,0,0,0,0,0,0,ASTER,1,0.079,none,0,0,none,0,0,-99
2021,4,13,0,1,1,4,-99,-99,-99,-99,-99,0,0,0,0,0,0,0,0,none,0,0,none,0,0,none,0,0,-99
2021,4,14,0,1,1,4,-99,-99,-99,-99,-99,0,0,1,0.175,1,0.057,0,0,POHY,3,0.822,ASTER,1,0.345,none,0,0,-99
2021,4,15,0,1,1,4,-99,-99,-99,-99,-99,0,0,10,1.407,2,0.189,0,0,POHY,1,0.272,none,0,0,none,0,0,-99
2021,4,16,0,1,1,4,-99,-99,-99,-99,-99,0,0,4,0.619,0,0,0,0,none,0,0,none,0,0,none,0,0,-99
2021,5,1,1,1,0,3,-99,-99,-99,-99,-99,0,0,1,0.075,0,0,0,0,none,0,0,none,0,0,none,0,0,-99
2021,5,2,1,1,0,3,-99,-99,-99,-99,-99,1,1.958,8,1.017,1,0.083,0,0,none,0,0,none,0,0,none,0,0,-99
2021,5,3,1,1,0,3,-99,-99,-99,-99,-99,0,0,2,0.161,0,0,0,0,none,0,0,none,0,0,none,0,0,-99
2021,5,4,1,1,0,3,-99,-99,-99,-99,-99,0,0,7,0.92,1,0.044,2,0.221,POHY,2,0.027,none,0,0,none,0,0,-99
2021,5,5,1,1,0,3,-99,-99,-99,-99,-99,0,0,0,0,4,0.613,0,0,none,0,0,none,0,0,none,0,0,-99
2021,5,6,1,1,0,3,-99,-99,-99,-99,-99,0,0,5,0.675,1,0.203,0,0,none,0,0,none,0,0,none,0,0,-99
2021,5,7,1,1,0,3,-99,-99,-99,-99,-99,1,1.291,0,0,1,0.087,0,0,ASTER,1,0.178,none,0,0,none,0,0,-99
2021,5,8,1,1,0,3,-99,-99,-99,-99,-99,0,0,0,0,0,0,0,0,ASTER,6,1.067,none,0,0,none,0,0,-99
2021,5,9,1,1,0,3,-99,-99,-99,-99,-99,1,1.757,0,0,3,0.663,0,0,ASTER,6,1.027,POHY,1,0.907,none,0,0,-99
2021,5,10,1,1,0,3,-99,-99,-99,-99,-99,0,0,0,0,2,0.252,0,0,POHY,1,1.137,ASTER,2,0.193,none,0,0,-99
2021,5,11,0,1,0,3,-99,-99,-99,-99,-99,0,0,0,0,0,0,0,0,none,0,0,none,0,0,none,0,0,-99
2021,5,12,0,1,0,3,-99,-99,-99,-99,-99,0,0,0,0,0,0,0,0,none,0,0,none,0,0,none,0,0,-99
2021,5,13,0,1,0,3,-99,-99,-99,-99,-99,0,0,0,0,0,0,0,0,none,0,0,none,0,0,none,0,0,-99
2021,5,14,0,1,0,3,-99,-99,-99,-99,-99,0,0,0,0,0,0,0,0,none,0,0,none,0,0,none,0,0,-99
2021,5,15,0,1,0,3,-99,-99,-99,-99,-99,0,0,0,0,0,0,0,0,none,0,0,none,0,0,none,0,0,-99
2021,5,16,0,1,0,3,-99,-99,-99,-99,-99,0,0,10,1.349,0,0,0,0,none,0,0,none,0,0,none,0,0,-99
2021,6,1,1,0,1,2,-99,-99,-99,-99,-99,0,0,0,0,0,0,0,0,none,0,0,none,0,0,none,0,0,-99
2021,6,2,1,0,1,2,-99,-99,-99,-99,-99,0,0,0,0,0,0,0,0,none,0,0,none,0,0,none,0,0,-99
2021,6,3,1,0,1,2,-99,-99,-99,-99,-99,0,0,0,0,0,0,0,0,none,0,0,none,0,0,none,0,0,-99
2021,6,4,1,0,1,2,-99,-99,-99,-99,-99,0,0,0,0,0,0,0,0,none,0,0,none,0,0,none,0,0,-99
2021,6,5,1,0,1,2,-99,-99,-99,-99,-99,0,0,0,0,0,0,0,0,none,0,0,none,0,0,none,0,0,-99
2021,6,6,1,0,1,2,-99,-99,-99,-99,-99,0,0,0,0,0,0,0,0,none,0,0,none,0,0,none,0,0,-99
2021,6,7,1,0,1,2,-99,-99,-99,-99,-99,0,0,0,0,0,0,0,0,none,0,0,none,0,0,none,0,0,-99
2021,6,8,1,0,1,2,-99,-99,-99,-99,-99,0,0,0,0,3,0.672,0,0,none,0,0,none,0,0,none,0,0,-99
2021,6,9,1,0,1,2,-99,-99,-99,-99,-99,0,0,0,0,1,0.033,0,0,none,0,0,none,0,0,none,0,0,-99
2021,6,10,1,0,1,2,-99,-99,-99,-99,-99,0,0,2,0.187,1,0.18,0,0,ATPA,2,0.418,none,0,0,none,0,0,-99
2021,6,11,0,0,1,2,-99,-99,-99,-99,-99,0,0,0,0,0,0,0,0,none,0,0,none,0,0,none,0,0,-99
2021,6,12,0,0,1,2,-99,-99,-99,-99,-99,0,0,0,0,0,0,0,0,none,0,0,none,0,0,none,0,0,-99
2021,6,13,0,0,1,2,-99,-99,-99,-99,-99,0,0,0,0,0,0,0,0,none,0,0,none,0,0,none,0,0,-99
2021,6,14,0,0,1,2,-99,-99,-99,-99,-99,0,0,6,1.019,1,0.103,0,0,none,0,0,none,0,0,none,0,0,-99
2021,6,15,0,0,1,2,-99,-99,-99,-99,-99,0,0,29,3.937,4,0.265,0,0,ATPA,2,0.211,none,0,0,none,0,0,-99
2021,6,16,0,0,1,2,-99,-99,-99,-99,-99,1,0.505,2,0.346,0,0,0,0,none,0,0,none,0,0,none,0,0,-99
2021,7,1,1,1,1,4,-99,-99,-99,-99,-99,0,0,0,0,0,0,0,0,none,0,0,none,0,0,none,0,0,-99
2021,7,2,1,1,1,4,-99,-99,-99,-99,-99,0,0,0,0,0,0,0,0,none,0,0,none,0,0,none,0,0,-99
2021,7,3,1,1,1,4,-99,-99,-99,-99,-99,0,0,0,0,0,0,0,0,none,0,0,none,0,0,none,0,0,-99
2021,7,4,1,1,1,4,-99,-99,-99,-99,-99,0,0,0,0,0,0,0,0,none,0,0,none,0,0,none,0,0,-99
2021,7,5,1,1,1,4,-99,-99,-99,-99,-99,0,0,2,0.327,2,0.63,0,0,POHY,1,0.113,none,0,0,none,0,0,-99
2021,7,6,1,1,1,4,-99,-99,-99,-99,-99,0,0,0,0,3,0.585,0,0,ATPA,1,0.059,none,0,0,none,0,0,-99
2021,7,7,1,1,1,4,-99,-99,-99,-99,-99,0,0,0,0,0,0,0,0,none,0,0,none,0,0,none,0,0,-99
2021,7,8,1,1,1,4,-99,-99,-99,-99,-99,0,0,2,0.143,0,0,0,0,ATPA,2,0.921,none,0,0,none,0,0,-99
2021,7,9,1,1,1,4,-99,-99,-99,-99,-99,0,0,0,0,3,0.208,0,0,none,0,0,none,0,0,none,0,0,-99
2021,7,10,1,1,1,4,-99,-99,-99,-99,-99,1,1.391,0,0,6,1.451,0,0,none,0,0,none,0,0,none,0,0,-99
2021,7,11,0,1,1,4,-99,-99,-99,-99,-99,0,0,0,0,0,0,0,0,none,0,0,none,0,0,none,0,0,-99
2021,7,12,0,1,1,4,-99,-99,-99,-99,-99,0,0,0,0,0,0,0,0,none,0,0,none,0,0,none,0,0,-99
2021,7,13,0,1,1,4,-99,-99,-99,-99,-99,0,0,0,0,0,0,0,0,none,0,0,none,0,0,none,0,0,-99
2021,7,14,0,1,1,4,-99,-99,-99,-99,-99,0,0,5,0.362,3,0.249,0,0,POHY,1,0.077,none,0,0,none,0,0,-99
2021,7,15,0,1,1,4,-99,-99,-99,-99,-99,0,0,0,0,2,0.213,0,0,KOVI,1,0.035,none,0,0,none,0,0,-99
2021,7,16,0,1,1,4,-99,-99,-99,-99,-99,0,0,2,0.18,0,0,0,0,none,0,0,none,0,0,none,0,0,-99
2021,8,1,1,0,0,1,-99,-99,-99,-99,-99,0,0,1,0.263,0,0,0,0,none,0,0,none,0,0,none,0,0,-99
2021,8,2,1,0,0,1,-99,-99,-99,-99,-99,1,0.857,2,0.137,2,0.589,1,0.096,none,0,0,none,0,0,none,0,0,-99
2021,8,3,1,0,0,1,-99,-99,-99,-99,-99,2,1.531,5,1.077,2,1.031,0,0,none,0,0,none,0,0,none,0,0,-99
2021,8,4,1,0,0,1,-99,-99,-99,-99,-99,0,0,9,1.551,6,1.74,0,0,none,0,0,none,0,0,none,0,0,-99
2021,8,5,1,0,0,1,-99,-99,-99,-99,-99,3,3.983,15,3.442,0,0,0,0,none,0,0,none,0,0,none,0,0,-99
2021,8,6,1,0,0,1,-99,-99,-99,-99,-99,0,0,5,0.991,0,0,0,0,none,0,0,none,0,0,none,0,0,-99
2021,8,7,1,0,0,1,-99,-99,-99,-99,-99,1,1.671,20,4.17,4,0.861,0,0,none,0,0,none,0,0,none,0,0,-99
2021,8,8,1,0,0,1,-99,-99,-99,-99,-99,0,0,7,1.014,2,0.533,1,0.016,none,0,0,none,0,0,none,0,0,-99
2021,8,9,1,0,0,1,-99,-99,-99,-99,-99,0,0,15,2.443,0,0,0,0,none,0,0,none,0,0,none,0,0,-99
2021,8,10,1,0,0,1,-99,-99,-99,-99,-99,0,0,19,3.243,1,0.218,1,0.071,none,0,0,none,0,0,none,0,0,-99
2021,8,11,0,0,0,1,-99,-99,-99,-99,-99,0,0,8,1.61,2,0.391,1,0.051,none,0,0,none,0,0,none,0,0,-99
2021,8,12,0,0,0,1,-99,-99,-99,-99,-99,0,0,3,0.378,0,0,0,0,none,0,0,none,0,0,none,0,0,-99
2021,8,13,0,0,0,1,-99,-99,-99,-99,-99,1,1.893,2,0.223,3,0.463,0,0,none,0,0,none,0,0,none,0,0,-99
2021,8,14,0,0,0,1,-99,-99,-99,-99,-99,1,1.882,3,0.314,0,0,0,0,PHAU,1,3.147,none,0,0,none,0,0,-99
2021,8,15,0,0,0,1,-99,-99,-99,-99,-99,0,0,5,0.485,2,0.383,0,0,ATPA,2,5.009,IVFR,1,0.093,none,0,0,-99
2021,8,16,0,0,0,1,-99,-99,-99,-99,-99,1,1.125,3,0.679,0,0,0,0,ATPA,1,2.939,none,0,0,none,0,0,-99
2021,9,1,1,1,1,4,-99,-99,-99,-99,-99,0,0,2,0.527,0,0,0,0,none,0,0,none,0,0,none,0,0,-99
2021,9,2,1,1,1,4,-99,-99,-99,-99,-99,0,0,6,1.126,0,0,0,0,none,0,0,none,0,0,none,0,0,-99
2021,9,3,1,1,1,4,-99,-99,-99,-99,-99,0,0,6,1.19,4,0.719,0,0,none,0,0,none,0,0,none,0,0,-99
2021,9,4,1,1,1,4,-99,-99,-99,-99,-99,0,0,2,0.669,0,0,0,0,none,0,0,none,0,0,none,0,0,-99
2021,9,5,1,1,1,4,-99,-99,-99,-99,-99,1,1.061,4,0.905,0,0,0,0,none,0,0,none,0,0,none,0,0,-99
2021,9,6,1,1,1,4,-99,-99,-99,-99,-99,2,1.868,4,0.281,1,0.45,0,0,PHAU,1,6.413,none,0,0,none,0,0,-99
2021,9,7,1,1,1,4,-99,-99,-99,-99,-99,0,0,2,0.501,0,0,0,0,none,0,0,none,0,0,none,0,0,-99
2021,9,8,1,1,1,4,-99,-99,-99,-99,-99,2,1.13,1,0.055,1,0.202,0,0,none,0,0,none,0,0,none,0,0,-99
2021,9,9,1,1,1,4,-99,-99,-99,-99,-99,0,0,6,0.856,0,0,0,0,none,0,0,none,0,0,none,0,0,-99
2021,9,10,1,1,1,4,-99,-99,-99,-99,-99,0,0,5,0.748,0,0,0,0,ATPA,1,0.126,none,0,0,none,0,0,-99
2021,9,11,0,1,1,4,-99,-99,-99,-99,-99,1,1.369,3,0.553,1,0.382,0,0,none,0,0,none,0,0,none,0,0,-99
2021,9,12,0,1,1,4,-99,-99,-99,-99,-99,0,0,0,0,5,1.128,0,0,none,0,0,none,0,0,none,0,0,-99
2021,9,13,0,1,1,4,-99,-99,-99,-99,-99,0,0,0,0,9,3.132,0,0,none,0,0,none,0,0,none,0,0,-99
2021,9,14,0,1,1,4,-99,-99,-99,-99,-99,0,0,8,1.581,0,0,0,0,ATPA,2,0.207,none,0,0,none,0,0,-99
2021,9,15,0,1,1,4,-99,-99,-99,-99,-99,0,0,0,0,1,0.494,0,0,none,0,0,none,0,0,none,0,0,-99
2021,9,16,0,1,1,4,-99,-99,-99,-99,-99,0,0,0,0,0,0,0,0,none,0,0,none,0,0,none,0,0,-99
2021,10,1,1,1,0,3,-99,-99,-99,-99,-99,0,0,0,0,2,0.306,0,0,none,0,0,none,0,0,none,0,0,-99
2021,10,2,1,1,0,3,-99,-99,-99,-99,-99,0,0,3,0.719,4,0.932,0,0,none,0,0,none,0,0,none,0,0,-99
2021,10,3,1,1,0,3,-99,-99,-99,-99,-99,2,1.374,2,0.555,0,0,0,0,none,0,0,none,0,0,none,0,0,-99
2021,10,4,1,1,0,3,-99,-99,-99,-99,-99,0,0,3,0.512,3,0.614,0,0,none,0,0,none,0,0,none,0,0,-99
2021,10,5,1,1,0,3,-99,-99,-99,-99,-99,4,5.806,4,0.704,2,0.587,0,0,none,0,0,none,0,0,none,0,0,-99
2021,10,6,1,1,0,3,-99,-99,-99,-99,-99,3,3.152,1,0.308,3,0.625,0,0,AMCA,1,0.03,none,0,0,none,0,0,-99
2021,10,7,1,1,0,3,-99,-99,-99,-99,-99,3,3.077,2,0.312,0,0,0,0,none,0,0,none,0,0,none,0,0,-99
2021,10,8,1,1,0,3,-99,-99,-99,-99,-99,3,2.482,0,0,1,0.054,0,0,none,0,0,none,0,0,none,0,0,-99
2021,10,9,1,1,0,3,-99,-99,-99,-99,-99,0,0,1,0.046,1,0.075,0,0,none,0,0,none,0,0,none,0,0,-99
2021,10,10,1,1,0,3,-99,-99,-99,-99,-99,3,4.182,1,0.473,0,0,0,0,none,0,0,none,0,0,none,0,0,-99
2021,10,11,0,1,0,3,-99,-99,-99,-99,-99,0,0,2,0.248,1,0.363,0,0,none,0,0,none,0,0,none,0,0,-99
2021,10,12,0,1,0,3,-99,-99,-99,-99,-99,0,0,0,0,1,0.125,0,0,none,0,0,none,0,0,none,0,0,-99
2021,10,13,0,1,0,3,-99,-99,-99,-99,-99,0,0,1,0.065,2,0.293,0,0,none,0,0,none,0,0,none,0,0,-99
2021,10,14,0,1,0,3,-99,-99,-99,-99,-99,0,0,0,0,0,0,0,0,none,0,0,none,0,0,none,0,0,-99
2021,10,15,0,1,0,3,-99,-99,-99,-99,-99,1,1.331,0,0,0,0,0,0,none,0,0,none,0,0,none,0,0,-99
2021,10,16,0,1,0,3,-99,-99,-99,-99,-99,2,1.927,1,0.17,1,0.191,0,0,none,0,0,none,0,0,none,0,0,-99
2021,11,1,1,0,0,1,-99,-99,-99,-99,-99,0,0,0,0,3,0.486,0,0,none,0,0,none,0,0,none,0,0,-99
2021,11,2,1,0,0,1,-99,-99,-99,-99,-99,0,0,0,0,3,0.76,0,0,none,0,0,none,0,0,none,0,0,-99
2021,11,3,1,0,0,1,-99,-99,-99,-99,-99,2,1.545,0,0,0,0,0,0,none,0,0,none,0,0,none,0,0,-99
2021,11,4,1,0,0,1,-99,-99,-99,-99,-99,1,1.279,1,0.093,0,0,0,0,none,0,0,none,0,0,none,0,0,-99
2021,11,5,1,0,0,1,-99,-99,-99,-99,-99,0,0,0,0,0,0,0,0,none,0,0,none,0,0,none,0,0,-99
2021,11,6,1,0,0,1,-99,-99,-99,-99,-99,0,0,0,0,4,0.784,0,0,none,0,0,none,0,0,none,0,0,-99
2021,11,7,1,0,0,1,-99,-99,-99,-99,-99,1,0.142,4,0.426,0,0,0,0,none,0,0,none,0,0,none,0,0,-99
2021,11,8,1,0,0,1,-99,-99,-99,-99,-99,0,0,3,0.489,3,0.261,0,0,none,0,0,none,0,0,none,0,0,-99
2021,11,9,1,0,0,1,-99,-99,-99,-99,-99,1,2.072,9,1.978,0,0,1,0.025,ATPA,1,0.026,none,0,0,none,0,0,-99
2021,11,10,1,0,0,1,-99,-99,-99,-99,-99,1,1.327,6,1.178,0,0,0,0,none,0,0,none,0,0,none,0,0,-99
2021,11,11,0,0,0,1,-99,-99,-99,-99,-99,0,0,14,3.105,8,1.547,0,0,none,0,0,none,0,0,none,0,0,-99
2021,11,12,0,0,0,1,-99,-99,-99,-99,-99,0,0,10,1.871,0,0,0,0,none,0,0,none,0,0,none,0,0,-99
2021,11,13,0,0,0,1,-99,-99,-99,-99,-99,0,0,1,0.522,4,1.28,0,0,none,0,0,none,0,0,none,0,0,-99
2021,11,14,0,0,0,1,-99,-99,-99,-99,-99,0,0,12,1.839,4,0.661,0,0,none,0,0,none,0,0,none,0,0,-99
2021,11,15,0,0,0,1,-99,-99,-99,-99,-99,0,0,8,1.32,0,0,0,0,none,0,0,none,0,0,none,0,0,-99
2021,11,16,0,0,0,1,-99,-99,-99,-99,-99,0,0,1,0.349,1,0.397,0,0,none,0,0,none,0,0,none,0,0,-99
2021,12,1,1,0,1,2,-99,-99,-99,-99,-99,0,0,0,0,0,0,0,0,none,0,0,none,0,0,none,0,0,-99
2021,12,2,1,0,1,2,-99,-99,-99,-99,-99,0,0,0,0,0,0,0,0,none,0,0,none,0,0,none,0,0,-99
2021,12,3,1,0,1,2,-99,-99,-99,-99,-99,0,0,0,0,0,0,0,0,none,0,0,none,0,0,none,0,0,-99
2021,12,4,1,0,1,2,-99,-99,-99,-99,-99,0,0,0,0,0,0,0,0,none,0,0,none,0,0,none,0,0,-99
2021,12,5,1,0,1,2,-99,-99,-99,-99,-99,0,0,0,0,0,0,0,0,none,0,0,none,0,0,none,0,0,-99
2021,12,6,1,0,1,2,-99,-99,-99,-99,-99,0,0,0,0,1,0.163,0,0,none,0,0,none,0,0,none,0,0,-99
2021,12,7,1,0,1,2,-99,-99,-99,-99,-99,0,0,0,0,0,0,0,0,none,0,0,none,0,0,none,0,0,-99
2021,12,8,1,0,1,2,-99,-99,-99,-99,-99,0,0,0,0,1,0.029,0,0,none,0,0,none,0,0,none,0,0,-99
2021,12,9,1,0,1,2,-99,-99,-99,-99,-99,0,0,0,0,2,0.249,0,0,none,0,0,none,0,0,none,0,0,-99
2021,12,10,1,0,1,2,-99,-99,-99,-99,-99,0,0,0,0,5,0.823,0,0,none,0,0,none,0,0,none,0,0,-99
2021,12,11,0,0,1,2,-99,-99,-99,-99,-99,0,0,0,0,0,0,0,0,none,0,0,none,0,0,none,0,0,-99
2021,12,12,0,0,1,2,-99,-99,-99,-99,-99,0,0,0,0,0,0,0,0,none,0,0,none,0,0,none,0,0,-99
2021,12,13,0,0,1,2,-99,-99,-99,-99,-99,0,0,0,0,0,0,0,0,none,0,0,none,0,0,none,0,0,-99
2021,12,14,0,0,1,2,-99,-99,-99,-99,-99,0,0,0,0,0,0,0,0,none,0,0,none,0,0,none,0,0,-99
2021,12,15,0,0,1,2,-99,-99,-99,-99,-99,0,0,3,0.485,0,0,0,0,none,0,0,none,0,0,none,0,0,-99
2021,12,16,0,0,1,2,-99,-99,-99,-99,-99,1,1.459,0,0,1,0.404,0,0,none,0,0,none,0,0,none,0,0,-99
2022,1,1,1,0,0,1,-99,-99,-99,-99,-99,0,0,11,2.444,4,0.45,0,0,none,0,0,none,0,0,none,0,0,-99
2022,1,2,1,0,0,1,-99,-99,-99,-99,-99,0,0,18,2.748,4,0.748,0,0,none,0,0,none,0,0,none,0,0,-99
2022,1,3,1,0,0,1,-99,-99,-99,-99,-99,0,0,27,5.161,2,0.38,0,0,none,0,0,none,0,0,none,0,0,-99
2022,1,4,1,0,0,1,-99,-99,-99,-99,-99,0,0,8,1.351,4,1.169,0,0,none,0,0,none,0,0,none,0,0,-99
2022,1,5,1,0,0,1,-99,-99,-99,-99,-99,0,0,27,6.867,8,1.646,0,0,none,0,0,none,0,0,none,0,0,-99
2022,1,6,1,0,0,1,-99,-99,-99,-99,-99,0,0,9,2.176,2,0.159,0,0,none,0,0,none,0,0,none,0,0,-99
2022,1,7,1,0,0,1,-99,-99,-99,-99,-99,0,0,29,4.74,0,0,0,0,none,0,0,none,0,0,none,0,0,-99
2022,1,8,1,0,0,1,-99,-99,-99,-99,-99,0,0,70,11.728,7,1.428,0,0,none,0,0,none,0,0,none,0,0,-99
2022,1,9,1,0,0,1,-99,-99,-99,-99,-99,0,0,22,4.442,7,3.113,0,0,none,0,0,none,0,0,none,0,0,-99
2022,1,10,1,0,0,1,-99,-99,-99,-99,-99,0,0,15,2.594,1,0.087,0,0,none,0,0,none,0,0,none,0,0,-99
2022,1,11,0,0,0,1,-99,-99,-99,-99,-99,0,0,17,3.695,1,0.095,0,0,none,0,0,none,0,0,none,0,0,-99
2022,1,12,0,0,0,1,-99,-99,-99,-99,-99,0,0,5,0.897,5,0.612,0,0,none,0,0,none,0,0,none,0,0,-99
2022,1,13,0,0,0,1,-99,-99,-99,-99,-99,0,0,11,1.782,4,0.79,0,0,SCRD,-99,3.345,none,0,0,none,0,0,-99
2022,1,14,0,0,0,1,-99,-99,-99,-99,-99,0,0,42,6.885,5,1.502,0,0,none,0,0,none,0,0,none,0,0,-99
2022,1,15,0,0,0,1,-99,-99,-99,-99,-99,0,0,12,1.758,2,0.2,0,0,none,0,0,none,0,0,none,0,0,-99
2022,1,16,0,0,0,1,-99,-99,-99,-99,-99,0,0,5,0.894,2,0.595,0,0,KOVI,1,0.014,none,0,0,none,0,0,-99
2022,2,1,1,1,0,3,-99,-99,-99,-99,-99,0,0,3,0.626,4,1.199,0,0,ASTER,5,0.28,none,0,0,none,0,0,-99
2022,2,2,1,1,0,3,-99,-99,-99,-99,-99,0,0,2,0.104,1,0.107,0,0,ASTER,1,0.197,SPCY,1,24.222,none,0,0,-99
2022,2,3,1,1,0,3,-99,-99,-99,-99,-99,0,0,0,0,2,0.736,2,0.463,none,0,0,none,0,0,none,0,0,-99
2022,2,4,1,1,0,3,-99,-99,-99,-99,-99,0,0,3,0.326,7,0.947,0,0,none,0,0,none,0,0,none,0,0,-99
2022,2,5,1,1,0,3,-99,-99,-99,-99,-99,0,0,3,0.296,6,1.48,0,0,none,0,0,none,0,0,none,0,0,-99
2022,2,6,1,1,0,3,-99,-99,-99,-99,-99,0,0,5,1.001,9,1.613,0,0,none,0,0,none,0,0,none,0,0,-99
2022,2,7,1,1,0,3,-99,-99,-99,-99,-99,0,0,5,0.726,7,2.158,0,0,ASTER,1,0.227,none,0,0,none,0,0,-99
2022,2,8,1,1,0,3,-99,-99,-99,-99,-99,0,0,6,0.787,1,0.546,0,0,none,0,0,none,0,0,none,0,0,-99
2022,2,9,1,1,0,3,-99,-99,-99,-99,-99,0,0,7,1.397,2,0.953,0,0,SOSE,2,14.181,none,0,0,none,0,0,-99
2022,2,10,1,1,0,3,-99,-99,-99,-99,-99,0,0,12,1.811,2,0.255,0,0,none,0,0,none,0,0,none,0,0,-99
2022,2,11,0,1,0,3,-99,-99,-99,-99,-99,0,0,0,0,0,0,0,0,POHY,1,0.025,none,0,0,none,0,0,-99
2022,2,12,0,1,0,3,-99,-99,-99,-99,-99,0,0,0,0,0,0,0,0,none,0,0,none,0,0,none,0,0,-99
2022,2,13,0,1,0,3,-99,-99,-99,-99,-99,0,0,0,0,0,0,0,0,none,0,0,none,0,0,none,0,0,-99
2022,2,14,0,1,0,3,-99,-99,-99,-99,-99,0,0,1,0.13,5,0.826,0,0,POHY,2,2.514,ATPA,1,0.322,none,0,0,-99
2022,2,15,0,1,0,3,-99,-99,-99,-99,-99,0,0,0,0,3,0.401,0,0,none,0,0,none,0,0,none,0,0,-99
2022,2,16,0,1,0,3,-99,-99,-99,-99,-99,0,0,0,0,2,0.348,0,0,none,0,0,none,0,0,none,0,0,-99
2022,3,1,1,0,1,2,-99,-99,-99,-99,-99,0,0,0,0,0,0,0,0,none,0,0,none,0,0,none,0,0,-99
2022,3,2,1,0,1,2,-99,-99,-99,-99,-99,0,0,0,0,0,0,0,0,none,0,0,none,0,0,none,0,0,-99
2022,3,3,1,0,1,2,-99,-99,-99,-99,-99,0,0,0,0,0,0,0,0,none,0,0,none,0,0,none,0,0,-99
2022,3,4,1,0,1,2,-99,-99,-99,-99,-99,0,0,0,0,0,0,0,0,none,0,0,none,0,0,none,0,0,-99
2022,3,5,1,0,1,2,-99,-99,-99,-99,-99,0,0,0,0,0,0,0,0,none,0,0,none,0,0,none,0,0,-99
2022,3,6,1,0,1,2,-99,-99,-99,-99,-99,0,0,0,0,0,0,0,0,none,0,0,none,0,0,none,0,0,-99
2022,3,7,1,0,1,2,-99,-99,-99,-99,-99,0,0,0,0,1,0.099,0,0,none,0,0,none,0,0,none,0,0,-99
2022,3,8,1,0,1,2,-99,-99,-99,-99,-99,0,0,0,0,0,0,0,0,none,0,0,none,0,0,none,0,0,-99
2022,3,9,1,0,1,2,-99,-99,-99,-99,-99,0,0,0,0,0,0,0,0,none,0,0,none,0,0,none,0,0,-99
2022,3,10,1,0,1,2,-99,-99,-99,-99,-99,0,0,0,0,0,0,0,0,SOSE,2,5.617,none,0,0,none,0,0,-99
2022,3,11,0,0,1,2,-99,-99,-99,-99,-99,0,0,0,0,0,0,0,0,none,0,0,none,0,0,none,0,0,-99
2022,3,12,0,0,1,2,-99,-99,-99,-99,-99,0,0,0,0,0,0,0,0,none,0,0,none,0,0,none,0,0,-99
2022,3,13,0,0,1,2,-99,-99,-99,-99,-99,0,0,0,0,0,0,0,0,none,0,0,none,0,0,none,0,0,-99
2022,3,14,0,0,1,2,-99,-99,-99,-99,-99,0,0,0,0,0,0,0,0,POHY,1,0.117,none,0,0,none,0,0,-99
2022,3,15,0,0,1,2,-99,-99,-99,-99,-99,0,0,0,0,0,0,0,0,none,0,0,none,0,0,none,0,0,-99
2022,3,16,0,0,1,2,-99,-99,-99,-99,-99,0,0,0,0,0,0,1,0.163,none,0,0,none,0,0,none,0,0,-99
2022,4,1,1,1,1,4,-99,-99,-99,-99,-99,0,0,0,0,0,0,0,0,none,0,0,none,0,0,none,0,0,-99
2022,4,2,1,1,1,4,-99,-99,-99,-99,-99,0,0,0,0,4,0.437,0,0,none,0,0,none,0,0,none,0,0,-99
2022,4,3,1,1,1,4,-99,-99,-99,-99,-99,0,0,0,0,0,0,0,0,none,0,0,none,0,0,none,0,0,-99
2022,4,4,1,1,1,4,-99,-99,-99,-99,-99,0,0,0,0,0,0,0,0,KOVI,1,0.419,none,0,0,none,0,0,-99
2022,4,5,1,1,1,4,-99,-99,-99,-99,-99,0,0,0,0,0,0,0,0,none,0,0,none,0,0,none,0,0,-99
2022,4,6,1,1,1,4,-99,-99,-99,-99,-99,0,0,0,0,2,0.22,0,0,KOVI,1,6.033,none,0,0,none,0,0,-99
2022,4,7,1,1,1,4,-99,-99,-99,-99,-99,0,0,0,0,1,0.061,0,0,none,0,0,none,0,0,none,0,0,-99
2022,4,8,1,1,1,4,-99,-99,-99,-99,-99,0,0,0,0,2,0.148,0,0,ASTER,1,0.15,none,0,0,none,0,0,-99
2022,4,9,1,1,1,4,-99,-99,-99,-99,-99,0,0,0,0,1,0.154,0,0,SOSE,4,19.481,none,0,0,none,0,0,-99
2022,4,10,1,1,1,4,-99,-99,-99,-99,-99,0,0,0,0,3,0.325,0,0,none,0,0,none,0,0,none,0,0,-99
2022,4,11,0,1,1,4,-99,-99,-99,-99,-99,0,0,0,0,0,0,0,0,none,0,0,none,0,0,none,0,0,-99
2022,4,12,0,1,1,4,-99,-99,-99,-99,-99,0,0,0,0,0,0,0,0,ASTER,1,0.112,none,0,0,none,0,0,-99
2022,4,13,0,1,1,4,-99,-99,-99,-99,-99,0,0,0,0,0,0,0,0,KOVI,2,21.118,none,0,0,none,0,0,-99
2022,4,14,0,1,1,4,-99,-99,-99,-99,-99,0,0,0,0,0,0,0,0,none,0,0,none,0,0,none,0,0,-99
2022,4,15,0,1,1,4,-99,-99,-99,-99,-99,0,0,0,0,1,0.119,0,0,none,0,0,none,0,0,none,0,0,-99
2022,4,16,0,1,1,4,-99,-99,-99,-99,-99,0,0,2,0.35,1,0.069,1,0.484,POHY,1,0.299,ASTER,1,0.112,none,0,0,-99
2022,5,1,1,1,0,3,-99,-99,-99,-99,-99,0,0,0,0,0,0,0,0,none,0,0,none,0,0,none,0,0,-99
2022,5,2,1,1,0,3,-99,-99,-99,-99,-99,1,1.803,3,0.235,7,1.326,0,0,none,0,0,none,0,0,none,0,0,-99
2022,5,3,1,1,0,3,-99,-99,-99,-99,-99,1,1.319,5,0.675,1,0.474,0,0,none,0,0,none,0,0,none,0,0,-99
2022,5,4,1,1,0,3,-99,-99,-99,-99,-99,0,0,1,0.067,11,1.316,0,0,ATPA,1,0.988,none,0,0,none,0,0,-99
2022,5,5,1,1,0,3,-99,-99,-99,-99,-99,0,0,6,1.028,2,0.187,0,0,ATPA,1,0.062,none,0,0,none,0,0,-99
2022,5,6,1,1,0,3,-99,-99,-99,-99,-99,0,0,4,0.812,2,0.224,0,0,ATPA,5,0.795,POHY,1,0.103,none,0,0,-99
2022,5,7,1,1,0,3,-99,-99,-99,-99,-99,0,0,5,0.776,3,0.225,0,0,POHY,2,0.159,ASTER,1,0.651,none,0,0,-99
2022,5,8,1,1,0,3,-99,-99,-99,-99,-99,0,0,0,0,7,0.891,0,0,ASTER,13,2.493,ATPA,2,0.149,POHY,1,0.166,-99
2022,5,9,1,1,0,3,-99,-99,-99,-99,-99,0,0,0,0,0,0,0,0,ASTER,4,0.359,ATPA,1,0.038,none,0,0,-99
2022,5,10,1,1,0,3,-99,-99,-99,-99,-99,1,1.868,2,0.241,0,0,0,0,ASTER,9,1.353,ATPA,1,0.095,none,0,0,-99
2022,5,11,0,1,0,3,-99,-99,-99,-99,-99,0,0,0,0,0,0,0,0,none,0,0,none,0,0,none,0,0,-99
2022,5,12,0,1,0,3,-99,-99,-99,-99,-99,0,0,0,0,0,0,0,0,none,0,0,none,0,0,none,0,0,-99
2022,5,13,0,1,0,3,-99,-99,-99,-99,-99,0,0,0,0,0,0,0,0,none,0,0,none,0,0,none,0,0,-99
2022,5,14,0,1,0,3,-99,-99,-99,-99,-99,0,0,0,0,0,0,0,0,none,0,0,none,0,0,none,0,0,-99
2022,5,15,0,1,0,3,-99,-99,-99,-99,-99,0,0,1,0.031,0,0,0,0,none,0,0,none,0,0,none,0,0,-99
2022,5,16,0,1,0,3,-99,-99,-99,-99,-99,0,0,4,0.367,0,0,0,0,none,0,0,none,0,0,none,0,0,-99
2022,6,1,1,0,1,2,-99,-99,-99,-99,-99,0,0,0,0,0,0,0,0,none,0,0,none,0,0,none,0,0,-99
2022,6,2,1,0,1,2,-99,-99,-99,-99,-99,0,0,0,0,0,0,0,0,none,0,0,none,0,0,none,0,0,-99
2022,6,3,1,0,1,2,-99,-99,-99,-99,-99,0,0,0,0,3,0.506,0,0,none,0,0,none,0,0,none,0,0,-99
2022,6,4,1,0,1,2,-99,-99,-99,-99,-99,0,0,0,0,0,0,0,0,none,0,0,none,0,0,none,0,0,-99
2022,6,5,1,0,1,2,-99,-99,-99,-99,-99,0,0,0,0,0,0,0,0,none,0,0,none,0,0,none,0,0,-99
2022,6,6,1,0,1,2,-99,-99,-99,-99,-99,0,0,0,0,2,0.241,0,0,none,0,0,none,0,0,none,0,0,-99
2022,6,7,1,0,1,2,-99,-99,-99,-99,-99,0,0,0,0,4,0.811,0,0,none,0,0,none,0,0,none,0,0,-99
2022,6,8,1,0,1,2,-99,-99,-99,-99,-99,0,0,1,0.301,5,0.6,0,0,POHY,1,0.66,none,0,0,none,0,0,-99
2022,6,9,1,0,1,2,-99,-99,-99,-99,-99,0,0,4,0.18,1,0.011,0,0,none,0,0,none,0,0,none,0,0,-99
2022,6,10,1,0,1,2,-99,-99,-99,-99,-99,0,0,0,0,2,0.095,0,0,ATPA,1,0.054,none,0,0,none,0,0,-99
2022,6,11,0,0,1,2,-99,-99,-99,-99,-99,0,0,0,0,0,0,0,0,none,0,0,none,0,0,none,0,0,-99
2022,6,12,0,0,1,2,-99,-99,-99,-99,-99,0,0,0,0,0,0,0,0,none,0,0,none,0,0,none,0,0,-99
2022,6,13,0,0,1,2,-99,-99,-99,-99,-99,0,0,0,0,0,0,0,0,none,0,0,none,0,0,none,0,0,-99
2022,6,14,0,0,1,2,-99,-99,-99,-99,-99,0,0,13,1.491,3,0.241,0,0,KOVI,1,0.043,none,0,0,none,0,0,-99
2022,6,15,0,0,1,2,-99,-99,-99,-99,-99,0,0,8,0.383,0,0,0,0,none,0,0,none,0,0,none,0,0,-99
2022,6,16,0,0,1,2,-99,-99,-99,-99,-99,3,4.202,8,1.3,0,0,0,0,none,0,0,none,0,0,none,0,0,-99
2022,7,1,1,1,1,4,-99,-99,-99,-99,-99,2,1.466,0,0,0,0,0,0,none,0,0,none,0,0,none,0,0,-99
2022,7,2,1,1,1,4,-99,-99,-99,-99,-99,1,0.309,0,0,0,0,0,0,none,0,0,none,0,0,none,0,0,-99
2022,7,3,1,1,1,4,-99,-99,-99,-99,-99,0,0,0,0,0,0,0,0,ATPA,1,0.469,none,0,0,none,0,0,-99
2022,7,4,1,1,1,4,-99,-99,-99,-99,-99,0,0,0,0,0,0,0,0,none,0,0,none,0,0,none,0,0,-99
2022,7,5,1,1,1,4,-99,-99,-99,-99,-99,1,1.216,1,0.097,1,0.055,0,0,none,0,0,none,0,0,none,0,0,-99
2022,7,6,1,1,1,4,-99,-99,-99,-99,-99,0,0,0,0,0,0,0,0,none,0,0,none,0,0,none,0,0,-99
2022,7,7,1,1,1,4,-99,-99,-99,-99,-99,0,0,0,0,0,0,0,0,none,0,0,none,0,0,none,0,0,-99
2022,7,8,1,1,1,4,-99,-99,-99,-99,-99,1,1.476,0,0,0,0,0,0,none,0,0,none,0,0,none,0,0,-99
2022,7,9,1,1,1,4,-99,-99,-99,-99,-99,0,0,0,0,2,0.356,0,0,none,0,0,none,0,0,none,0,0,-99
2022,7,10,1,1,1,4,-99,-99,-99,-99,-99,0,0,0,0,4,1.509,0,0,none,0,0,none,0,0,none,0,0,-99
2022,7,11,0,1,1,4,-99,-99,-99,-99,-99,0,0,0,0,0,0,0,0,none,0,0,none,0,0,none,0,0,-99
2022,7,12,0,1,1,4,-99,-99,-99,-99,-99,0,0,0,0,0,0,0,0,none,0,0,none,0,0,none,0,0,-99
2022,7,13,0,1,1,4,-99,-99,-99,-99,-99,0,0,0,0,0,0,0,0,none,0,0,none,0,0,none,0,0,-99
2022,7,14,0,1,1,4,-99,-99,-99,-99,-99,0,0,0,0,3,0.282,0,0,none,0,0,none,0,0,none,0,0,-99
2022,7,15,0,1,1,4,-99,-99,-99,-99,-99,1,0.175,5,0.329,6,1.23,0,0,ATPA,1,0.096,none,0,0,none,0,0,-99
2022,7,16,0,1,1,4,-99,-99,-99,-99,-99,2,2.669,3,0.594,1,0.112,0,0,ATPA,1,0.015,none,0,0,none,0,0,-99
2022,8,1,1,0,0,1,-99,-99,-99,-99,-99,0,0,1,0.094,0,0,0,0,none,0,0,none,0,0,none,0,0,-99
2022,8,2,1,0,0,1,-99,-99,-99,-99,-99,13,3.944,20,2.92,4,0.516,0,0,none,0,0,none,0,0,none,0,0,-99
2022,8,3,1,0,0,1,-99,-99,-99,-99,-99,0,0,2,0.346,1,0.221,0,0,none,0,0,none,0,0,none,0,0,-99
2022,8,4,1,0,0,1,-99,-99,-99,-99,-99,3,2.061,2,0.189,0,0,0,0,none,0,0,none,0,0,none,0,0,-99
2022,8,5,1,0,0,1,-99,-99,-99,-99,-99,0,0,31,3.967,4,0.201,0,0,none,0,0,none,0,0,none,0,0,-99
2022,8,6,1,0,0,1,-99,-99,-99,-99,-99,3,2.585,12,2.213,1,0.084,0,0,none,0,0,none,0,0,none,0,0,-99
2022,8,7,1,0,0,1,-99,-99,-99,-99,-99,1,1.391,9,0.888,0,0,0,0,none,0,0,none,0,0,none,0,0,-99
2022,8,8,1,0,0,1,-99,-99,-99,-99,-99,2,1.265,9,1.154,1,0.066,0,0,none,0,0,none,0,0,none,0,0,-99
2022,8,9,1,0,0,1,-99,-99,-99,-99,-99,2,2.219,10,1.485,2,0.09,0,0,none,0,0,none,0,0,none,0,0,-99
2022,8,10,1,0,0,1,-99,-99,-99,-99,-99,1,1.141,0,0,1,0.184,0,0,none,0,0,none,0,0,none,0,0,-99
2022,8,11,0,0,0,1,-99,-99,-99,-99,-99,0,0,0,0,1,0.274,0,0,none,0,0,none,0,0,none,0,0,-99
2022,8,12,0,0,0,1,-99,-99,-99,-99,-99,0,0,7,1.724,1,0.235,0,0,none,0,0,none,0,0,none,0,0,-99
2022,8,13,0,0,0,1,-99,-99,-99,-99,-99,0,0,0,0,2,0.083,0,0,none,0,0,none,0,0,none,0,0,-99
2022,8,14,0,0,0,1,-99,-99,-99,-99,-99,1,0.305,4,0.235,1,0.258,0,0,none,0,0,none,0,0,none,0,0,-99
2022,8,15,0,0,0,1,-99,-99,-99,-99,-99,1,0.751,6,0.622,1,0.052,0,0,none,0,0,none,0,0,none,0,0,-99
2022,8,16,0,0,0,1,-99,-99,-99,-99,-99,3,5.275,3,0.881,0,0,0,0,none,0,0,none,0,0,none,0,0,-99
2022,9,1,1,1,1,4,-99,-99,-99,-99,-99,0,0,0,0,0,0,0,0,none,0,0,none,0,0,none,0,0,-99
2022,9,2,1,1,1,4,-99,-99,-99,-99,-99,0,0,5,1.092,2,0.008,0,0,none,0,0,none,0,0,none,0,0,-99
2022,9,3,1,1,1,4,-99,-99,-99,-99,-99,0,0,0,0,0,0,0,0,none,0,0,none,0,0,none,0,0,-99
2022,9,4,1,1,1,4,-99,-99,-99,-99,-99,2,3.823,2,0.16,6,3.008,0,0,none,0,0,none,0,0,none,0,0,-99
2022,9,5,1,1,1,4,-99,-99,-99,-99,-99,1,0.737,0,0,2,0.675,0,0,none,0,0,none,0,0,none,0,0,-99
2022,9,6,1,1,1,4,-99,-99,-99,-99,-99,0,0,22,1.879,0,0,0,0,none,0,0,none,0,0,none,0,0,-99
2022,9,7,1,1,1,4,-99,-99,-99,-99,-99,0,0,7,0.957,0,0,0,0,none,0,0,none,0,0,none,0,0,-99
2022,9,8,1,1,1,4,-99,-99,-99,-99,-99,2,3.075,1,0.004,2,0.125,0,0,none,0,0,none,0,0,none,0,0,-99
2022,9,9,1,1,1,4,-99,-99,-99,-99,-99,0,0,5,1.668,3,1.438,0,0,none,0,0,none,0,0,none,0,0,-99
2022,9,10,1,1,1,4,-99,-99,-99,-99,-99,3,2.553,13,2.087,3,0.892,0,0,none,0,0,none,0,0,none,0,0,-99
2022,9,11,0,1,1,4,-99,-99,-99,-99,-99,1,0.978,19,3.521,8,1.906,0,0,none,0,0,none,0,0,none,0,0,-99
2022,9,12,0,1,1,4,-99,-99,-99,-99,-99,3,5.407,17,2.937,12,2.608,1,0.066,none,0,0,none,0,0,none,0,0,-99
2022,9,13,0,1,1,4,-99,-99,-99,-99,-99,1,1.747,0,0,3,0.533,0,0,none,0,0,none,0,0,none,0,0,-99
2022,9,14,0,1,1,4,-99,-99,-99,-99,-99,2,2.342,7,1.157,0,0,0,0,ATPA,1,0.171,none,0,0,none,0,0,-99
2022,9,15,0,1,1,4,-99,-99,-99,-99,-99,1,2.379,10,1.184,2,0.264,0,0,none,0,0,none,0,0,none,0,0,-99
2022,9,16,0,1,1,4,-99,-99,-99,-99,-99,0,0,4,0.734,0,0,0,0,ATPA,1,0.621,POHY,2,0.037,none,0,0,-99
2022,10,1,1,1,0,3,-99,-99,-99,-99,-99,2,0.911,17,3.684,2,0.378,0,0,none,0,0,none,0,0,none,0,0,-99
2022,10,2,1,1,0,3,-99,-99,-99,-99,-99,2,2.901,7,0.943,6,0.716,1,0.117,none,0,0,none,0,0,none,0,0,-99
2022,10,3,1,1,0,3,-99,-99,-99,-99,-99,5,2.638,3,0.369,1,0.198,0,0,none,0,0,none,0,0,none,0,0,-99
2022,10,4,1,1,0,3,-99,-99,-99,-99,-99,2,2.786,4,0.819,5,0.966,0,0,none,0,0,none,0,0,none,0,0,-99
2022,10,5,1,1,0,3,-99,-99,-99,-99,-99,4,4.522,7,1.697,3,0.711,0,0,none,0,0,none,0,0,none,0,0,-99
2022,10,6,1,1,0,3,-99,-99,-99,-99,-99,3,3.756,5,0.469,2,0.313,0,0,none,0,0,none,0,0,none,0,0,-99
2022,10,7,1,1,0,3,-99,-99,-99,-99,-99,4,2.977,4,0.421,4,0.757,0,0,none,0,0,none,0,0,none,0,0,-99
2022,10,8,1,1,0,3,-99,-99,-99,-99,-99,3,1.589,10,2.778,1,0.117,0,0,ATPA,1,0.036,none,0,0,none,0,0,-99
2022,10,9,1,1,0,3,-99,-99,-99,-99,-99,4,4.771,0,0,0,0,0,0,none,0,0,none,0,0,none,0,0,-99
2022,10,10,1,1,0,3,-99,-99,-99,-99,-99,3,4.774,6,1.962,0,0,0,0,KOVI,3,20.265,none,0,0,none,0,0,-99
2022,10,11,0,1,0,3,-99,-99,-99,-99,-99,0,0,3,0.681,1,0.215,0,0,none,0,0,none,0,0,none,0,0,-99
2022,10,12,0,1,0,3,-99,-99,-99,-99,-99,0,0,4,0.895,3,0.279,0,0,none,0,0,none,0,0,none,0,0,-99
2022,10,13,0,1,0,3,-99,-99,-99,-99,-99,0,0,3,0.78,4,0.335,0,0,none,0,0,none,0,0,none,0,0,-99
2022,10,14,0,1,0,3,-99,-99,-99,-99,-99,0,0,6,0.772,3,0.309,0,0,ATPA,1,0.41,none,0,0,none,0,0,-99
2022,10,15,0,1,0,3,-99,-99,-99,-99,-99,4,3.589,5,0.902,0,0,0,0,none,0,0,none,0,0,none,0,0,-99
2022,10,16,0,1,0,3,-99,-99,-99,-99,-99,0,0,6,5.101,0,0,0,0,none,0,0,none,0,0,none,0,0,-99
2022,11,1,1,0,0,1,-99,-99,-99,-99,-99,0,0,5,1.055,11,2.711,0,0,none,0,0,none,0,0,none,0,0,-99
2022,11,2,1,0,0,1,-99,-99,-99,-99,-99,3,5.244,10,0.983,2,0.483,0,0,none,0,0,none,0,0,none,0,0,-99
2022,11,3,1,0,0,1,-99,-99,-99,-99,-99,4,4.801,1,0.026,2,0.594,0,0,none,0,0,none,0,0,none,0,0,-99
2022,11,4,1,0,0,1,-99,-99,-99,-99,-99,1,0.74,16,2.41,6,0.629,0,0,none,0,0,none,0,0,none,0,0,-99
2022,11,5,1,0,0,1,-99,-99,-99,-99,-99,2,3.528,2,0.151,2,0.302,0,0,none,0,0,none,0,0,none,0,0,-99
2022,11,6,1,0,0,1,-99,-99,-99,-99,-99,1,1.95,0,0,2,0.402,0,0,none,0,0,none,0,0,none,0,0,-99
2022,11,7,1,0,0,1,-99,-99,-99,-99,-99,2,1.437,1,0.117,4,0.914,1,0.033,none,0,0,none,0,0,none,0,0,-99
2022,11,8,1,0,0,1,-99,-99,-99,-99,-99,2,2.726,2,0.299,4,0.453,0,0,none,0,0,none,0,0,none,0,0,-99
2022,11,9,1,0,0,1,-99,-99,-99,-99,-99,3,3.704,7,1.515,5,1.316,0,0,none,0,0,none,0,0,none,0,0,-99
2022,11,10,1,0,0,1,-99,-99,-99,-99,-99,3,5.744,6,1.165,0,0,0,0,none,0,0,none,0,0,none,0,0,-99
2022,11,11,0,0,0,1,-99,-99,-99,-99,-99,2,3.316,12,2.288,3,1.004,0,0,none,0,0,none,0,0,none,0,0,-99
2022,11,12,0,0,0,1,-99,-99,-99,-99,-99,0,0,3,0.712,8,1.511,0,0,none,0,0,none,0,0,none,0,0,-99
2022,11,13,0,0,0,1,-99,-99,-99,-99,-99,0,0,7,1.766,3,0.478,0,0,KOVI,1,5.014,none,0,0,none,0,0,-99
2022,11,14,0,0,0,1,-99,-99,-99,-99,-99,0,0,13,3.273,4,0.633,0,0,none,0,0,none,0,0,none,0,0,-99
2022,11,15,0,0,0,1,-99,-99,-99,-99,-99,2,2.393,11,1.912,1,0.582,0,0,none,0,0,none,0,0,none,0,0,-99
2022,11,16,0,0,0,1,-99,-99,-99,-99,-99,0,0,12,3.938,0,0,0,0,none,0,0,none,0,0,none,0,0,-99
2022,12,1,1,0,1,2,-99,-99,-99,-99,-99,0,0,0,0,2,0.473,0,0,none,0,0,none,0,0,none,0,0,-99
2022,12,2,1,0,1,2,-99,-99,-99,-99,-99,0,0,0,0,3,0.438,0,0,ATPA,1,0.588,none,0,0,none,0,0,-99
2022,12,3,1,0,1,2,-99,-99,-99,-99,-99,0,0,0,0,0,0,0,0,none,0,0,none,0,0,none,0,0,-99
2022,12,4,1,0,1,2,-99,-99,-99,-99,-99,0,0,0,0,0,0,0,0,none,0,0,none,0,0,none,0,0,-99
2022,12,5,1,0,1,2,-99,-99,-99,-99,-99,0,0,0,0,0,0,0,0,ATPA,1,0.67,none,0,0,none,0,0,-99
2022,12,6,1,0,1,2,-99,-99,-99,-99,-99,0,0,0,0,0,0,0,0,none,0,0,none,0,0,none,0,0,-99
2022,12,7,1,0,1,2,-99,-99,-99,-99,-99,0,0,0,0,0,0,0,0,none,0,0,none,0,0,none,0,0,-99
2022,12,8,1,0,1,2,-99,-99,-99,-99,-99,0,0,0,0,1,0.053,0,0,none,0,0,none,0,0,none,0,0,-99
2022,12,9,1,0,1,2,-99,-99,-99,-99,-99,0,0,0,0,0,0,0,0,none,0,0,none,0,0,none,0,0,-99
2022,12,10,1,0,1,2,-99,-99,-99,-99,-99,0,0,6,1.371,3,0.385,0,0,none,0,0,none,0,0,none,0,0,-99
2022,12,11,0,0,1,2,-99,-99,-99,-99,-99,0,0,0,0,0,0,0,0,none,0,0,none,0,0,none,0,0,-99
2022,12,12,0,0,1,2,-99,-99,-99,-99,-99,0,0,0,0,0,0,0,0,none,0,0,none,0,0,none,0,0,-99
2022,12,13,0,0,1,2,-99,-99,-99,-99,-99,1,0.9,0,0,0,0,0,0,none,0,0,none,0,0,none,0,0,-99
2022,12,14,0,0,1,2,-99,-99,-99,-99,-99,0,0,6,1.024,12,3.088,0,0,none,0,0,none,0,0,none,0,0,-99
2022,12,15,0,0,1,2,-99,-99,-99,-99,-99,0,0,3,0.833,0,0,0,0,none,0,0,none,0,0,none,0,0,-99
2022,12,16,0,0,1,2,-99,-99,-99,-99,-99,3,2.924,4,0.594,0,0,0,0,none,0,0,none,0,0,none,0,0,-99
2023,1,1,1,0,0,1,-99,-99,-99,-99,-99,0,0,10,1.7928,3,0.8247,0,0,none,0,0,none,0,0,none,0,0,-99
2023,1,2,1,0,0,1,-99,-99,-99,-99,-99,0,0,9,1.807,4,0.148,0,0,none,0,0,none,0,0,none,0,0,-99
2023,1,3,1,0,0,1,-99,-99,-99,-99,-99,0,0,8,0.923,8,1.7475,0,0,POHY,3,0.1259,none,0,0,none,0,0,-99
2023,1,4,1,0,0,1,-99,-99,-99,-99,-99,0,0,19,3.3085,7,2.1026,0,0,none,0,0,none,0,0,none,0,0,-99
2023,1,5,1,0,0,1,-99,-99,-99,-99,-99,0,0,7,0.9801,7,0.9866,0,0,none,0,0,none,0,0,none,0,0,-99
2023,1,6,1,0,0,1,-99,-99,-99,-99,-99,0,0,1,0.2034,1,0.1363,0,0,none,0,0,none,0,0,none,0,0,-99
2023,1,7,1,0,0,1,-99,-99,-99,-99,-99,0,0,7,0.8083,5,0.3301,0,0,none,0,0,none,0,0,none,0,0,-99
2023,1,8,1,0,0,1,-99,-99,-99,-99,-99,0,0,16,2.0903,2,0.282,0,0,none,0,0,none,0,0,none,0,0,-99
2023,1,9,1,0,0,1,-99,-99,-99,-99,-99,0,0,36,5.2689,6,1.9582,0,0,none,0,0,none,0,0,none,0,0,-99
2023,1,10,1,0,0,1,-99,-99,-99,-99,-99,0,0,7,1.3689,3,1.387,0,0,none,0,0,none,0,0,none,0,0,-99
2023,1,11,0,0,0,1,-99,-99,-99,-99,-99,0,0,7,1.7579,5,1.4293,0,0,none,0,0,none,0,0,none,0,0,-99
2023,1,12,0,0,0,1,-99,-99,-99,-99,-99,0,0,5,0.8354,1,0.2111,0,0,none,0,0,none,0,0,none,0,0,-99
2023,1,13,0,0,0,1,-99,-99,-99,-99,-99,0,0,7,0.9513,0,0,0,0,none,0,0,none,0,0,none,0,0,-99
2023,1,14,0,0,0,1,-99,-99,-99,-99,-99,0,0,18,3.0759,12,2.1063,0,0,none,0,0,none,0,0,none,0,0,-99
2023,1,15,0,0,0,1,-99,-99,-99,-99,-99,0,0,26,4.1237,2,0.4998,0,0,none,0,0,none,0,0,none,0,0,-99
2023,1,16,0,0,0,1,-99,-99,-99,-99,-99,0,0,12,2.0108,0,0,0,0,none,0,0,none,0,0,none,0,0,-99
2023,2,1,1,1,0,3,-99,-99,-99,-99,-99,0,0,0,0,4,0.624,0,0,ASTER,7,1.4802,none,0,0,none,0,0,-99
2023,2,2,1,1,0,3,-99,-99,-99,-99,-99,0,0,0,0,3,0.4746,0,0,ASTER,1,0.2235,none,0,0,none,0,0,-99
2023,2,3,1,1,0,3,-99,-99,-99,-99,-99,0,0,0,0,1,0.2388,0,0,ASTER,4,1.1968,none,0,0,none,0,0,-99
2023,2,4,1,1,0,3,-99,-99,-99,-99,-99,0,0,3,0.2543,4,1.0287,0,0,ASTER,1,0.6267,none,0,0,none,0,0,-99
2023,2,5,1,1,0,3,-99,-99,-99,-99,-99,0,0,0,0,0,0,0,0,none,0,0,none,0,0,none,0,0,-99
2023,2,6,1,1,0,3,-99,-99,-99,-99,-99,0,0,3,0.577,0,0,0,0,none,0,0,none,0,0,none,0,0,-99
2023,2,7,1,1,0,3,-99,-99,-99,-99,-99,0,0,3,0.3523,3,1.0218,0,0,ASTER,3,0.4996,none,0,0,none,0,0,-99
2023,2,8,1,1,0,3,-99,-99,-99,-99,-99,0,0,12,1.5658,5,1.4931,0,0,ASTER,2,1.1407,none,0,0,none,0,0,-99
2023,2,9,1,1,0,3,-99,-99,-99,-99,-99,0,0,3,0.4586,0,0,0,0,none,0,0,none,0,0,none,0,0,-99
2023,2,10,1,1,0,3,-99,-99,-99,-99,-99,0,0,9,1.3911,0,0,0,0,none,0,0,none,0,0,none,0,0,-99
2023,2,11,0,1,0,3,-99,-99,-99,-99,-99,0,0,0,0,0,0,0,0,none,0,0,none,0,0,none,0,0,-99
2023,2,12,0,1,0,3,-99,-99,-99,-99,-99,0,0,0,0,0,0,0,0,none,0,0,none,0,0,none,0,0,-99
2023,2,13,0,1,0,3,-99,-99,-99,-99,-99,0,0,0,0,0,0,0,0,none,0,0,none,0,0,none,0,0,-99
2023,2,14,0,1,0,3,-99,-99,-99,-99,-99,0,0,2,0.4703,1,0.0562,0,0,none,0,0,none,0,0,none,0,0,-99
2023,2,15,0,1,0,3,-99,-99,-99,-99,-99,0,0,1,0.0659,6,1.099,0,0,none,0,0,none,0,0,none,0,0,-99
2023,2,16,0,1,0,3,-99,-99,-99,-99,-99,0,0,5,0.9526,2,0.3082,0,0,none,0,0,none,0,0,none,0,0,-99
2023,3,1,1,0,1,2,-99,-99,-99,-99,-99,0,0,0,0,0,0,0,0,none,0,0,none,0,0,none,0,0,-99
2023,3,2,1,0,1,2,-99,-99,-99,-99,-99,0,0,0,0,0,0,0,0,none,0,0,none,0,0,none,0,0,-99
2023,3,3,1,0,1,2,-99,-99,-99,-99,-99,0,0,0,0,0,0,0,0,none,0,0,none,0,0,none,0,0,-99
2023,3,4,1,0,1,2,-99,-99,-99,-99,-99,0,0,0,0,0,0,0,0,none,0,0,none,0,0,none,0,0,-99
2023,3,5,1,0,1,2,-99,-99,-99,-99,-99,0,0,0,0,0,0,0,0,none,0,0,none,0,0,none,0,0,-99
2023,3,6,1,0,1,2,-99,-99,-99,-99,-99,0,0,0,0,0,0,0,0,none,0,0,none,0,0,none,0,0,-99
2023,3,7,1,0,1,2,-99,-99,-99,-99,-99,0,0,0,0,0,0,0,0,none,0,0,none,0,0,none,0,0,-99
2023,3,8,1,0,1,2,-99,-99,-99,-99,-99,0,0,0,0,0,0,0,0,none,0,0,none,0,0,none,0,0,-99
2023,3,9,1,0,1,2,-99,-99,-99,-99,-99,0,0,0,0,0,0,0,0,none,0,0,none,0,0,none,0,0,-99
2023,3,10,1,0,1,2,-99,-99,-99,-99,-99,0,0,0,0,0,0,0,0,none,0,0,none,0,0,none,0,0,-99
2023,3,11,0,0,1,2,-99,-99,-99,-99,-99,0,0,0,0,0,0,0,0,none,0,0,none,0,0,none,0,0,-99
2023,3,12,0,0,1,2,-99,-99,-99,-99,-99,0,0,0,0,0,0,0,0,none,0,0,none,0,0,none,0,0,-99
2023,3,13,0,0,1,2,-99,-99,-99,-99,-99,0,0,0,0,0,0,0,0,none,0,0,none,0,0,none,0,0,-99
2023,3,14,0,0,1,2,-99,-99,-99,-99,-99,0,0,0,0,0,0,0,0,none,0,0,none,0,0,none,0,0,-99
2023,3,15,0,0,1,2,-99,-99,-99,-99,-99,0,0,0,0,0,0,0,0,none,0,0,none,0,0,none,0,0,-99
2023,3,16,0,0,1,2,-99,-99,-99,-99,-99,0,0,0,0,0,0,0,0,none,0,0,none,0,0,none,0,0,-99
2023,4,1,1,1,1,4,-99,-99,-99,-99,-99,0,0,0,0,0,0,0,0,none,0,0,none,0,0,none,0,0,-99
2023,4,2,1,1,1,4,-99,-99,-99,-99,-99,0,0,0,0,2,0.5814,0,0,none,0,0,none,0,0,none,0,0,-99
2023,4,3,1,1,1,4,-99,-99,-99,-99,-99,0,0,0,0,0,0,0,0,none,0,0,none,0,0,none,0,0,-99
2023,4,4,1,1,1,4,-99,-99,-99,-99,-99,0,0,0,0,0,0,0,0,none,0,0,none,0,0,none,0,0,-99
2023,4,5,1,1,1,4,-99,-99,-99,-99,-99,0,0,0,0,0,0,0,0,none,0,0,none,0,0,none,0,0,-99
2023,4,6,1,1,1,4,-99,-99,-99,-99,-99,0,0,0,0,2,0.7986,0,0,none,0,0,none,0,0,none,0,0,-99
2023,4,7,1,1,1,4,-99,-99,-99,-99,-99,0,0,0,0,0,0,0,0,none,0,0,none,0,0,none,0,0,-99
2023,4,8,1,1,1,4,-99,-99,-99,-99,-99,0,0,0,0,0,0,0,0,none,0,0,none,0,0,none,0,0,-99
2023,4,9,1,1,1,4,-99,-99,-99,-99,-99,0,0,0,0,1,0.0889,0,0,none,0,0,none,0,0,none,0,0,-99
2023,4,10,1,1,1,4,-99,-99,-99,-99,-99,0,0,0,0,2,0.3507,0,0,none,0,0,none,0,0,none,0,0,-99
2023,4,11,0,1,1,4,-99,-99,-99,-99,-99,0,0,0,0,0,0,0,0,none,0,0,none,0,0,none,0,0,-99
2023,4,12,0,1,1,4,-99,-99,-99,-99,-99,0,0,0,0,0,0,0,0,none,0,0,none,0,0,none,0,0,-99
2023,4,13,0,1,1,4,-99,-99,-99,-99,-99,0,0,0,0,0,0,0,0,none,0,0,none,0,0,none,0,0,-99
2023,4,14,0,1,1,4,-99,-99,-99,-99,-99,0,0,0,0,1,0.2312,0,0,none,0,0,none,0,0,none,0,0,-99
2023,4,15,0,1,1,4,-99,-99,-99,-99,-99,0,0,1,0.0962,2,0.3107,0,0,ASTER,2,1.1577,none,0,0,none,0,0,-99
2023,4,16,0,1,1,4,-99,-99,-99,-99,-99,0,0,0,0,1,0.2062,0,0,none,0,0,none,0,0,none,0,0,-99
2023,5,1,1,1,0,3,-99,-99,-99,-99,-99,0,0,0,0,0,0,0,0,none,0,0,none,0,0,none,0,0,-99
2023,5,2,1,1,0,3,-99,-99,-99,-99,-99,0,0,0,0,0,0,0,0,none,0,0,none,0,0,none,0,0,-99
2023,5,3,1,1,0,3,-99,-99,-99,-99,-99,0,0,0,0,1,0.2285,0,0,none,0,0,none,0,0,none,0,0,-99
2023,5,4,1,1,0,3,-99,-99,-99,-99,-99,0,0,3,0.7719,5,0.7383,0,0,none,0,0,none,0,0,none,0,0,-99
2023,5,5,1,1,0,3,-99,-99,-99,-99,-99,0,0,0,0,2,0.1169,0,0,ATPA,1,0.189,none,0,0,none,0,0,-99
2023,5,6,1,1,0,3,-99,-99,-99,-99,-99,0,1.0535,1,0.2737,5,0.4649,0,0,none,0,0,none,0,0,none,0,0,-99
2023,5,7,1,1,0,3,-99,-99,-99,-99,-99,0,0,1,0.0916,3,0.3679,0,0,ASTER,8,2.8978,none,0,0,none,0,0,-99
2023,5,8,1,1,0,3,-99,-99,-99,-99,-99,0,0,0,0,0,0,0,0,ASTER,3,0.3515,none,0,0,none,0,0,-99
2023,5,9,1,1,0,3,-99,-99,-99,-99,-99,0,0,0,0,0,0,0,0,ASTER,16,1.9944,none,0,0,none,0,0,-99
2023,5,10,1,1,0,3,-99,-99,-99,-99,-99,0,0,0,0,2,0.076,0,0,ASTER,16,2.5064,none,0,0,none,0,0,-99
2023,5,11,0,1,0,3,-99,-99,-99,-99,-99,0,0,0,0,0,0,0,0,none,0,0,none,0,0,none,0,0,-99
2023,5,12,0,1,0,3,-99,-99,-99,-99,-99,0,0,0,0,0,0,0,0,none,0,0,none,0,0,none,0,0,-99
2023,5,13,0,1,0,3,-99,-99,-99,-99,-99,0,0,0,0,0,0,0,0,none,0,0,none,0,0,none,0,0,-99
2023,5,14,0,1,0,3,-99,-99,-99,-99,-99,0,0,1,0.015,0,0,0,0,none,0,0,none,0,0,none,0,0,-99
2023,5,15,0,1,0,3,-99,-99,-99,-99,-99,0,0,2,0.1362,0,0,0,0,none,0,0,none,0,0,none,0,0,-99
2023,5,16,0,1,0,3,-99,-99,-99,-99,-99,0,0,2,0.2583,0,0,0,0,none,0,0,none,0,0,none,0,0,-99
2023,6,1,1,0,1,2,-99,-99,-99,-99,-99,0,0,0,0,0,0,0,0,none,0,0,none,0,0,none,0,0,-99
2023,6,2,1,0,1,2,-99,-99,-99,-99,-99,0,0,0,0,0,0,0,0,none,0,0,none,0,0,none,0,0,-99
2023,6,3,1,0,1,2,-99,-99,-99,-99,-99,0,0,0,0,0,0,0,0,none,0,0,none,0,0,none,0,0,-99
2023,6,4,1,0,1,2,-99,-99,-99,-99,-99,0,0,0,0,0,0,0,0,none,0,0,none,0,0,none,0,0,-99
2023,6,5,1,0,1,2,-99,-99,-99,-99,-99,0,0,0,0,0,0,0,0,none,0,0,none,0,0,none,0,0,-99
2023,6,6,1,0,1,2,-99,-99,-99,-99,-99,0,0,0,0,0,0,0,0,none,0,0,none,0,0,none,0,0,-99
2023,6,7,1,0,1,2,-99,-99,-99,-99,-99,0,0,0,0,0,0,0,0,none,0,0,none,0,0,none,0,0,-99
2023,6,8,1,0,1,2,-99,-99,-99,-99,-99,0,0,0,0,0,0,0,0,none,0,0,none,0,0,none,0,0,-99
2023,6,9,1,0,1,2,-99,-99,-99,-99,-99,0,0,0,0,0,0,0,0,none,0,0,none,0,0,none,0,0,-99
2023,6,10,1,0,1,2,-99,-99,-99,-99,-99,0,0,2,0.0388,0,0,0,0,none,0,0,none,0,0,none,0,0,-99
2023,6,11,0,0,1,2,-99,-99,-99,-99,-99,0,0,0,0,0,0,0,0,none,0,0,none,0,0,none,0,0,-99
2023,6,12,0,0,1,2,-99,-99,-99,-99,-99,0,0,0,0,0,0,0,0,none,0,0,none,0,0,none,0,0,-99
2023,6,13,0,0,1,2,-99,-99,-99,-99,-99,0,0,0,0,0,0,0,0,none,0,0,none,0,0,none,0,0,-99
2023,6,14,0,0,1,2,-99,-99,-99,-99,-99,0,0,41,4.7647,4,0.5196,0,0,none,0,0,none,0,0,none,0,0,-99
2023,6,15,0,0,1,2,-99,-99,-99,-99,-99,0,0,13,2.0655,0,0,0,0,none,0,0,none,0,0,none,0,0,-99
2023,6,16,0,0,1,2,-99,-99,-99,-99,-99,0,0,7,1.2437,0,0,0,0,none,0,0,none,0,0,none,0,0,-99
2023,7,1,1,1,1,4,-99,-99,-99,-99,-99,0,0,0,0,2,0.6919,0,0,none,0,0,none,0,0,none,0,0,-99
2023,7,2,1,1,1,4,-99,-99,-99,-99,-99,0,0,0,0,0,0,0,0,none,0,0,none,0,0,none,0,0,-99
2023,7,3,1,1,1,4,-99,-99,-99,-99,-99,0,0,0,0,0,0,0,0,none,0,0,none,0,0,none,0,0,-99
2023,7,4,1,1,1,4,-99,-99,-99,-99,-99,0,0,0,0,1,0.0453,0,0,none,0,0,none,0,0,none,0,0,-99
2023,7,5,1,1,1,4,-99,-99,-99,-99,-99,0,0,0,0,1,0.6373,0,0,none,0,0,none,0,0,none,0,0,-99
2023,7,6,1,1,1,4,-99,-99,-99,-99,-99,0,0,0,0,0,0,0,0,none,0,0,none,0,0,none,0,0,-99
2023,7,7,1,1,1,4,-99,-99,-99,-99,-99,0,0,0,0,0,0,0,0,none,0,0,none,0,0,none,0,0,-99
2023,7,8,1,1,1,4,-99,-99,-99,-99,-99,0,0,0,0,1,0.079,0,0,none,0,0,none,0,0,none,0,0,-99
2023,7,9,1,1,1,4,-99,-99,-99,-99,-99,1,0.308,0,0,1,0.2233,0,0,none,0,0,none,0,0,none,0,0,-99
2023,7,10,1,1,1,4,-99,-99,-99,-99,-99,3,3.4678,0,0,6,0.8415,0,0,none,0,0,none,0,0,none,0,0,-99
2023,7,11,0,1,1,4,-99,-99,-99,-99,-99,0,0,0,0,0,0,0,0,none,0,0,none,0,0,none,0,0,-99
2023,7,12,0,1,1,4,-99,-99,-99,-99,-99,0,0,0,0,0,0,0,0,none,0,0,none,0,0,none,0,0,-99
2023,7,13,0,1,1,4,-99,-99,-99,-99,-99,0,0,0,0,0,0,0,0,none,0,0,none,0,0,none,0,0,-99
2023,7,14,0,1,1,4,-99,-99,-99,-99,-99,0,0,3,0.5679,3,0.4786,0,0,none,0,0,none,0,0,none,0,0,-99
2023,7,15,0,1,1,4,-99,-99,-99,-99,-99,0,0,9,1.0351,1,0.0914,0,0,none,0,0,none,0,0,none,0,0,-99
2023,7,16,0,1,1,4,-99,-99,-99,-99,-99,0,0,2,0.2646,0,0,0,0,none,0,0,none,0,0,none,0,0,-99
2023,8,1,1,0,0,1,-99,-99,-99,-99,-99,3,2.3671,3,0.2699,3,0.0732,0,0,none,0,0,none,0,0,none,0,0,-99
2023,8,2,1,0,0,1,-99,-99,-99,-99,-99,2,0.719,12,1.5217,0,0,0,0,none,0,0,none,0,0,none,0,0,-99
2023,8,3,1,0,0,1,-99,-99,-99,-99,-99,1,0.9293,4,1.0224,0,0,0,0,none,0,0,none,0,0,none,0,0,-99
2023,8,4,1,0,0,1,-99,-99,-99,-99,-99,0,0,11,1.4752,1,0.1144,0,0,none,0,0,none,0,0,none,0,0,-99
2023,8,5,1,0,0,1,-99,-99,-99,-99,-99,0,0,9,2.0834,0,0,0,0,none,0,0,none,0,0,none,0,0,-99
2023,8,6,1,0,0,1,-99,-99,-99,-99,-99,0,0,10,1.6745,1,0.1434,0,0,none,0,0,none,0,0,none,0,0,-99
2023,8,7,1,0,0,1,-99,-99,-99,-99,-99,0,0,7,0.9484,2,0.216,0,0,none,0,0,none,0,0,none,0,0,-99
2023,8,8,1,0,0,1,-99,-99,-99,-99,-99,1,0.5079,28,2.9471,3,0.2276,0,0,none,0,0,none,0,0,none,0,0,-99
2023,8,8,1,0,0,1,-99,-99,-99,-99,-99,1,1.2525,15,2.0121,0,0,0,0,none,0,0,none,0,0,none,0,0,-99
2023,8,10,1,0,0,1,-99,-99,-99,-99,-99,0,0,14,1.9885,1,0.0161,0,0,none,0,0,none,0,0,none,0,0,-99
2023,8,11,0,0,0,1,-99,-99,-99,-99,-99,0,0,6,1.1827,0,0,0,0,none,0,0,none,0,0,none,0,0,-99
2023,8,12,0,0,0,1,-99,-99,-99,-99,-99,0,0,5,0.4724,2,0.068,0,0,none,0,0,none,0,0,none,0,0,-99
2023,8,13,0,0,0,1,-99,-99,-99,-99,-99,0,0,2,0.1692,6,0.8517,0,0,none,0,0,none,0,0,none,0,0,-99
2023,8,14,0,0,0,1,-99,-99,-99,-99,-99,0,0,11,1.3912,6,1.1502,0,0,none,0,0,none,0,0,none,0,0,-99
2023,8,15,0,0,0,1,-99,-99,-99,-99,-99,0,0,4,0.4839,5,1.5831,0,0,none,0,0,none,0,0,none,0,0,-99
2023,8,16,0,0,0,1,-99,-99,-99,-99,-99,0,0,2,0.3096,0,0,0,0,none,0,0,none,0,0,none,0,0,-99
2023,9,1,1,1,1,4,-99,-99,-99,-99,-99,0,0,2,0.0182,0,0.0711,0,0,none,0,0,none,0,0,none,0,0,-99
2023,9,2,1,1,1,4,-99,-99,-99,-99,-99,0,0,6,0.4459,9,4.0062,0,0,none,0,0,none,0,0,none,0,0,-99
2023,9,3,1,1,1,4,-99,-99,-99,-99,-99,1,0.3743,0,0,1,0.2764,0,0,none,0,0,none,0,0,none,0,0,-99
2023,9,4,1,1,1,4,-99,-99,-99,-99,-99,0,0,7,1.3335,5,1.2592,0,0,none,0,0,none,0,0,none,0,0,-99
2023,9,5,1,1,1,4,-99,-99,-99,-99,-99,2,2.7921,5,1.1433,0,0,0,0,none,0,0,none,0,0,none,0,0,-99
2023,9,6,1,1,1,4,-99,-99,-99,-99,-99,0,0,5,0.7849,5,0.7242,0,0,none,0,0,none,0,0,none,0,0,-99
2023,9,7,1,1,1,4,-99,-99,-99,-99,-99,3,2.8486,12,2.0735,8,1.8985,0,0,none,0,0,none,0,0,none,0,0,-99
2023,9,8,1,1,1,4,-99,-99,-99,-99,-99,2,2.1189,0,0,6,1.1193,0,0,none,0,0,none,0,0,none,0,0,-99
2023,9,9,1,1,1,4,-99,-99,-99,-99,-99,0,0,12,3.0142,6,1.7198,0,0,none,0,0,none,0,0,none,0,0,-99
2023,9,10,1,1,1,4,-99,-99,-99,-99,-99,0,0,31,4.8244,4,0.729,0,0,none,0,0,none,0,0,none,0,0,-99
2023,9,11,0,1,1,4,-99,-99,-99,-99,-99,0,0,10,1.4711,3,0.1031,0,0,none,0,0,none,0,0,none,0,0,-99
2023,9,12,0,1,1,4,-99,-99,-99,-99,-99,0,0,12,2.0483,1,0.0039,0,0,none,0,0,none,0,0,none,0,0,-99
2023,9,13,0,1,1,4,-99,-99,-99,-99,-99,0,0,0,0,1,0.2576,0,0,none,0,0,none,0,0,none,0,0,-99
2023,9,14,0,1,1,4,-99,-99,-99,-99,-99,1,0.7792,9,1.0896,1,0.1807,0,0,none,0,0,none,0,0,none,0,0,-99
2023,9,15,0,1,1,4,-99,-99,-99,-99,-99,0,0,4,0.3849,4,0.7183,0,0,none,0,0,none,0,0,none,0,0,-99
2023,9,16,0,1,1,4,-99,-99,-99,-99,-99,0,0,1,0.1446,1,0.0306,0,0,none,0,0,none,0,0,none,0,0,-99
2023,10,1,1,1,0,3,-99,-99,-99,-99,-99,1,0.4484,4,0.5407,3,0.4154,0,0,none,0,0,none,0,0,none,0,0,-99
2023,10,2,1,1,0,3,-99,-99,-99,-99,-99,0,0,0,0,4,0.6415,0,0,none,0,0,none,0,0,none,0,0,-99
2023,10,3,1,1,0,3,-99,-99,-99,-99,-99,0,0,2,0.498,0,0,0,0,none,0,0,none,0,0,none,0,0,-99
2023,10,4,1,1,0,3,-99,-99,-99,-99,-99,1,0.8902,1,0.0687,3,0.9533,0,0,none,0,0,none,0,0,none,0,0,-99
2023,10,5,1,1,0,3,-99,-99,-99,-99,-99,0,0,2,0.5528,0,0,0,0,none,0,0,none,0,0,none,0,0,-99
2023,10,6,1,1,0,3,-99,-99,-99,-99,-99,1,0.9699,0,0,0,0,0,0,none,0,0,none,0,0,none,0,0,-99
2023,10,7,1,1,0,3,-99,-99,-99,-99,-99,2,0.9371,4,0.3392,3,0.5411,0,0,none,0,0,none,0,0,none,0,0,-99
2023,10,8,1,1,0,3,-99,-99,-99,-99,-99,2,2.2676,0,0,0,0,0,0,none,0,0,none,0,0,none,0,0,-99
2023,10,9,1,1,0,3,-99,-99,-99,-99,-99,1,1.0388,0,0,0,0,0,0,none,0,0,none,0,0,none,0,0,-99
2023,10,10,1,1,0,3,-99,-99,-99,-99,-99,1,1.2298,0,0,4,0.856,0,0,none,0,0,none,0,0,none,0,0,-99
2023,10,11,0,1,0,3,-99,-99,-99,-99,-99,0,0,5,0.8233,0,0,0,0,none,0,0,none,0,0,none,0,0,-99
2023,10,12,0,1,0,3,-99,-99,-99,-99,-99,0,0,1,0.1991,2,0.3534,0,0,none,0,0,none,0,0,none,0,0,-99
2023,10,13,0,1,0,3,-99,-99,-99,-99,-99,0,0,6,1.0803,2,0.4117,0,0,none,0,0,none,0,0,none,0,0,-99
2023,10,14,0,1,0,3,-99,-99,-99,-99,-99,0,0,1,0.2107,2,0.5137,0,0,none,0,0,none,0,0,none,0,0,-99
2023,10,15,0,1,0,3,-99,-99,-99,-99,-99,0,0,2,0.4237,3,0.3818,0,0,none,0,0,none,0,0,none,0,0,-99
2023,10,16,0,1,0,3,-99,-99,-99,-99,-99,2,1.9431,11,1.0099,3,0.4772,0,0,none,0,0,none,0,0,none,0,0,-99
2023,11,1,1,0,0,1,-99,-99,-99,-99,-99,1,1.2019,0,0,2,0.5215,0,0,none,0,0,none,0,0,none,0,0,-99
2023,11,2,1,0,0,1,-99,-99,-99,-99,-99,1,1.5491,0,0,3,0.4513,0,0,none,0,0,none,0,0,none,0,0,-99
2023,11,3,1,0,0,1,-99,-99,-99,-99,-99,0,0,0,0,1,0.0688,0,0,none,0,0,none,0,0,none,0,0,-99
2023,11,4,1,0,0,1,-99,-99,-99,-99,-99,0,0,1,0.1851,1,0.4816,0,0,none,0,0,none,0,0,none,0,0,-99
2023,11,5,1,0,0,1,-99,-99,-99,-99,-99,0,0,0,0,2,0.2627,0,0,none,0,0,none,0,0,none,0,0,-99
2023,11,6,1,0,0,1,-99,-99,-99,-99,-99,1,0.8676,0,0,1,0.119,0,0,none,0,0,none,0,0,none,0,0,-99
2023,11,7,1,0,0,1,-99,-99,-99,-99,-99,1,1.5471,0,0,2,0.2702,0,0,none,0,0,none,0,0,none,0,0,-99
2023,11,8,1,0,0,1,-99,-99,-99,-99,-99,0,0,3,0.3153,2,0.2077,0,0,TPHAU,1,8.9973,none,0,0,none,0,0,-99
2023,11,9,1,0,0,1,-99,-99,-99,-99,-99,3,3.9397,2,0.2555,3,0.6685,0,0,none,0,0,none,0,0,none,0,0,-99
2023,11,10,1,0,0,1,-99,-99,-99,-99,-99,1,1.4347,10,1.419,5,1.9056,0,0,none,0,0,none,0,0,none,0,0,-99
2023,11,11,0,0,0,1,-99,-99,-99,-99,-99,1,1.3452,0,0,4,0.5157,0,0,none,0,0,none,0,0,none,0,0,-99
2023,11,12,0,0,0,1,-99,-99,-99,-99,-99,0,0,0,0,3,0.3965,0,0,none,0,0,none,0,0,none,0,0,-99
2023,11,13,0,0,0,1,-99,-99,-99,-99,-99,0,0,0,0,8,1.2808,0,0,KOVI,1,0.8122,none,0,0,none,0,0,-99
2023,11,14,0,0,0,1,-99,-99,-99,-99,-99,0,0,4,0.6894,0,0,0,0,none,0,0,none,0,0,none,0,0,-99
2023,11,15,0,0,0,1,-99,-99,-99,-99,-99,2,2.5764,6,1.1637,0,0,0,0,none,0,0,none,0,0,none,0,0,-99
2023,11,16,0,0,0,1,-99,-99,-99,-99,-99,0,0,7,1.2624,1,0.1061,0,0,none,0,0,none,0,0,none,0,0,-99
2023,12,1,1,0,1,2,-99,-99,-99,-99,-99,0,0,0,0,1,0.0474,0,0,none,0,0,none,0,0,none,0,0,-99
2023,12,2,1,0,1,2,-99,-99,-99,-99,-99,0,0,0,0,0,0,0,0,none,0,0,none,0,0,none,0,0,-99
2023,12,3,1,0,1,2,-99,-99,-99,-99,-99,0,0,0,0,0,0,0,0,none,0,0,none,0,0,none,0,0,-99
2023,12,4,1,0,1,2,-99,-99,-99,-99,-99,0,0,0,0,1,0.168,0,0,none,0,0,none,0,0,none,0,0,-99
2023,12,5,1,0,1,2,-99,-99,-99,-99,-99,0,0,0,0,0,0,0,0,none,0,0,none,0,0,none,0,0,-99
2023,12,6,1,0,1,2,-99,-99,-99,-99,-99,0,0,0,0,1,0.1392,0,0,none,0,0,none,0,0,none,0,0,-99
2023,12,7,1,0,1,2,-99,-99,-99,-99,-99,0,0,0,0,0,0,0,0,none,0,0,none,0,0,none,0,0,-99
2023,12,8,1,0,1,2,-99,-99,-99,-99,-99,0,0,0,0,0,0,0,0,none,0,0,none,0,0,none,0,0,-99
2023,12,9,1,0,1,2,-99,-99,-99,-99,-99,0,0,0,0,2,0.6081,0,0,none,0,0,none,0,0,none,0,0,-99
2023,12,10,1,0,1,2,-99,-99,-99,-99,-99,0,0,0,0,5,1.721,0,0,none,0,0,none,0,0,none,0,0,-99
2023,12,11,0,0,1,2,-99,-99,-99,-99,-99,0,0,0,0,0,0,0,0,none,0,0,none,0,0,none,0,0,-99
2023,12,12,0,0,1,2,-99,-99,-99,-99,-99,0,0,0,0,0,0,0,0,none,0,0,none,0,0,none,0,0,-99
2023,12,13,0,0,1,2,-99,-99,-99,-99,-99,0,0,0,0,0,0,0,0,none,0,0,none,0,0,none,0,0,-99
2023,12,14,0,0,1,2,-99,-99,-99,-99,-99,1,0.8615,0,0,5,0.8333,0,0,none,0,0,none,0,0,none,0,0,-99
2023,12,15,0,0,1,2,-99,-99,-99,-99,-99,0,0,1,0.1178,0,0,0,0,none,0,0,none,0,0,none,0,0,-99
2023,12,16,0,0,1,2,-99,-99,-99,-99,-99,0,0,0,0,2,0.2534,0,0,none,0,0,none,0,0,none,0,0,-99
2024,1,1,1,0,0,1,-99,-99,-99,-99,-99,0,0,6,1.3544,9,1.9058,0,0,none,0,0,none,0,0,none,0,0,-99
2024,1,2,1,0,0,1,-99,-99,-99,-99,-99,0,0,11,1.7547,2,0.4462,0,0,SOSE,2,0.8376,none,0,0,none,0,0,-99
2024,1,3,1,0,0,1,-99,-99,-99,-99,-99,0,0,0,0,3,1.2243,0,0,none,0,0,none,0,0,none,0,0,-99
2024,1,4,1,0,0,1,-99,-99,-99,-99,-99,0,0,0,0,4,0.6284,0,0,none,0,0,none,0,0,none,0,0,-99
2024,1,5,1,0,0,1,-99,-99,-99,-99,-99,0,0,0,0,2,0.9782,0,0,none,0,0,none,0,0,none,0,0,-99
2024,1,6,1,0,0,1,-99,-99,-99,-99,-99,0,0,3,0.719,3,0.0616,0,0,none,0,0,none,0,0,none,0,0,-99
2024,1,7,1,0,0,1,-99,-99,-99,-99,-99,0,0,9,0.7356,0,0,0,0,none,0,0,none,0,0,none,0,0,-99
2024,1,8,1,0,0,1,-99,-99,-99,-99,-99,0,0,23,2.6116,1,0.1774,0,0,none,0,0,none,0,0,none,0,0,-99
2024,1,9,1,0,0,1,-99,-99,-99,-99,-99,0,0,23,3.061,1,0.4316,0,0,none,0,0,none,0,0,none,0,0,-99
2024,1,10,1,0,0,1,-99,-99,-99,-99,-99,0,0,15,2.4249,0,0,0,0,none,0,0,none,0,0,none,0,0,-99
2024,1,11,0,0,0,1,-99,-99,-99,-99,-99,0,0,4,0.6918,8,1.8348,0,0,none,0,0,none,0,0,none,0,0,-99
2024,1,12,0,0,0,1,-99,-99,-99,-99,-99,0,0,6,0.8374,4,1.147,0,0,none,0,0,none,0,0,none,0,0,-99
2024,1,13,0,0,0,1,-99,-99,-99,-99,-99,0,0,5,0.8392,4,0.6963,0,0,none,0,0,none,0,0,none,0,0,-99
2024,1,14,0,0,0,1,-99,-99,-99,-99,-99,0,0,3,0.1711,7,1.1643,0,0,none,0,0,none,0,0,none,0,0,-99
2024,1,15,0,0,0,1,-99,-99,-99,-99,-99,0,0,6,1.2849,8,3.2779,0,0,none,0,0,none,0,0,none,0,0,-99
2024,1,16,0,0,0,1,-99,-99,-99,-99,-99,0,0,3,0.2445,6,1.352,0,0,none,0,0,none,0,0,none,0,0,-99
2024,2,1,1,1,0,3,-99,-99,-99,-99,-99,0,0,0,0,1,0.1098,0,NA,POHY,1,0.0243,ASTER,6,1.442,none,0,0,-99
2024,2,2,1,1,0,3,-99,-99,-99,-99,-99,0,0,0,0,2,0.1097,0,0,ASTER,4,0.3724,none,0,0,none,0,0,-99
2024,2,3,1,1,0,3,-99,-99,-99,-99,-99,0,0,0,0,6,1.1843,0,0,ASTER,4,0.0858,none,0,0,none,0,0,-99
2024,2,4,1,1,0,3,-99,-99,-99,-99,-99,0,0,1,0.0177,3,0.5317,0,0,ASTER,3,0.2142,none,0,0,none,0,0,-99
2024,2,5,1,1,0,3,-99,-99,-99,-99,-99,0,0,1,0.1828,7,0.9863,0,0,ASTER,2,0.0925,none,0,0,none,0,0,-99
2024,2,6,1,1,0,3,-99,-99,-99,-99,-99,0,0,3,0.5504,4,0.9703,0,0,ASTER,4,1.2822,none,0,0,none,0,0,-99
2024,2,7,1,1,0,3,-99,-99,-99,-99,-99,0,0,0,0,3,0.4306,0,0,ASTER,4,-99,none,0,0,none,0,0,-99
2024,2,8,1,1,0,3,-99,-99,-99,-99,-99,0,0,12,1.2953,5,1.0196,0,0,ASTER,2,0.0751,none,0,0,none,0,0,-99
2024,2,9,1,1,0,3,-99,-99,-99,-99,-99,0,0,2,0.217,2,0.2646,0,0,ASTER,2,0.135,none,0,0,none,0,0,-99
2024,2,10,1,1,0,3,-99,-99,-99,-99,-99,0,0,2,0.4306,7,1.5734,0,0,none,0,0,none,0,0,none,0,0,-99
2024,2,11,0,1,0,3,-99,-99,-99,-99,-99,0,0,0,0,0,0,0,0,POHY,1,0.2733,none,0,0,none,0,0,-99
2024,2,12,0,1,0,3,-99,-99,-99,-99,-99,0,0,0,0,0,0,0,0,none,0,0,none,0,0,none,0,0,-99
2024,2,13,0,1,0,3,-99,-99,-99,-99,-99,0,0,0,0,0,0,0,0,none,0,0,none,0,0,none,0,0,-99
2024,2,14,0,1,0,3,-99,-99,-99,-99,-99,0,0,0,0,2,0.2483,1,0.1055,none,0,0,none,0,0,none,0,0,-99
2024,2,15,0,1,0,3,-99,-99,-99,-99,-99,0,0,0,0,4,0.5846,0,0,KOVI,1,0.0391,none,0,0,none,0,0,-99
2024,2,16,0,1,0,3,-99,-99,-99,-99,-99,0,0,3,0.2414,0,0,0,0,POHY,1,0.0338,none,0,0,none,0,0,-99
2024,3,1,1,0,1,2,-99,-99,-99,-99,-99,0,0,0,0,0,0,0,0,none,0,0,none,0,0,none,0,0,-99
2024,3,2,1,0,1,2,-99,-99,-99,-99,-99,0,0,0,0,0,0,0,0,none,0,0,none,0,0,none,0,0,-99
2024,3,3,1,0,1,2,-99,-99,-99,-99,-99,0,0,0,0,0,0,0,0,none,0,0,none,0,0,none,0,0,-99
2024,3,4,1,0,1,2,-99,-99,-99,-99,-99,0,0,0,0,0,0,0,0,none,0,0,none,0,0,none,0,0,-99
2024,3,5,1,0,1,2,-99,-99,-99,-99,-99,0,0,0,0,0,0,0,0,none,0,0,none,0,0,none,0,0,-99
2024,3,6,1,0,1,2,-99,-99,-99,-99,-99,0,0,0,0,0,0,0,0,none,0,0,none,0,0,none,0,0,-99
2024,3,7,1,0,1,2,-99,-99,-99,-99,-99,0,0,0,0,0,0,0,0,none,0,0,none,0,0,none,0,0,-99
2024,3,8,1,0,1,2,-99,-99,-99,-99,-99,0,0,0,0,0,0,0,0,none,0,0,none,0,0,none,0,0,-99
2024,3,9,1,0,1,2,-99,-99,-99,-99,-99,0,0,0,0,0,0,0,0,none,0,0,none,0,0,none,0,0,-99
2024,3,10,1,0,1,2,-99,-99,-99,-99,-99,0,0,0,0,0,0,0,0,none,0,0,none,0,0,none,0,0,-99
2024,3,11,0,0,1,2,-99,-99,-99,-99,-99,0,0,0,0,0,0,0,0,none,0,0,none,0,0,none,0,0,-99
2024,3,12,0,0,1,2,-99,-99,-99,-99,-99,0,0,0,0,0,0,0,0,none,0,0,none,0,0,none,0,0,-99
2024,3,13,0,0,1,2,-99,-99,-99,-99,-99,0,0,0,0,0,0,0,0,none,0,0,none,0,0,none,0,0,-99
2024,3,14,0,0,1,2,-99,-99,-99,-99,-99,0,0,0,0,0,0,0,0,none,0,0,none,0,0,none,0,0,-99
2024,3,15,0,0,1,2,-99,-99,-99,-99,-99,0,0,0,0,0,0,0,0,none,0,0,none,0,0,none,0,0,-99
2024,3,16,0,0,1,2,-99,-99,-99,-99,-99,0,0,0,0,0,0,0,0,none,0,0,none,0,0,none,0,0,-99
2024,4,1,1,1,1,4,-99,-99,-99,-99,-99,0,0,0,0,0,0,0,0,none,0,0,none,0,0,none,0,0,-99
2024,4,2,1,1,1,4,-99,-99,-99,-99,-99,0,0,0,0,0,0,0,0,none,0,0,none,0,0,none,0,0,-99
2024,4,3,1,1,1,4,-99,-99,-99,-99,-99,0,0,0,0,0,0,0,0,none,0,0,none,0,0,none,0,0,-99
2024,4,4,1,1,1,4,-99,-99,-99,-99,-99,0,0,0,0,0,0,0,0,none,0,0,none,0,0,none,0,0,-99
2024,4,5,1,1,1,4,-99,-99,-99,-99,-99,0,0,0,0,0,0,0,0,none,0,0,none,0,0,none,0,0,-99
2024,4,6,1,1,1,4,-99,-99,-99,-99,-99,0,0,0,0,0,0,0,0,none,0,0,none,0,0,none,0,0,-99
2024,4,7,1,1,1,4,-99,-99,-99,-99,-99,0,0,0,0,0,0,0,0,none,0,0,none,0,0,none,0,0,-99
2024,4,8,1,1,1,4,-99,-99,-99,-99,-99,0,0,0,0,1,0.0408,0,0,none,0,0,none,0,0,none,0,0,-99
2024,4,9,1,1,1,4,-99,-99,-99,-99,-99,0,0,0,0,0,0,0,0,ASTER,1,0.5564,none,0,0,none,0,0,-99
2024,4,10,1,1,1,4,-99,-99,-99,-99,-99,0,0,0,0,3,0.6653,0,0,ASTER,1,0.5817,none,0,0,none,0,0,-99
2024,4,11,0,1,1,4,-99,-99,-99,-99,-99,0,0,0,0,0,0,0,0,none,0,0,none,0,0,none,0,0,-99
2024,4,12,0,1,1,4,-99,-99,-99,-99,-99,0,0,0,0,0,0,0,0,none,0,0,none,0,0,none,0,0,-99
2024,4,13,0,1,1,4,-99,-99,-99,-99,-99,0,0,0,0,0,0,0,0,none,0,0,none,0,0,none,0,0,-99
2024,4,14,0,1,1,4,-99,-99,-99,-99,-99,0,0,0,0,0,0,0,0,none,0,0,none,0,0,none,0,0,-99
2024,4,15,0,1,1,4,-99,-99,-99,-99,-99,0,0,2,0.1075,1,0.2013,0,0,none,0,0,none,0,0,none,0,0,-99
2024,4,16,0,1,1,4,-99,-99,-99,-99,-99,0,0,0,0,0,0,0,0,none,0,0,none,0,0,none,0,0,-99
2024,5,1,1,1,0,3,-99,-99,-99,-99,-99,0,0,0,0,0,0,0,0,none,0,0,none,0,0,none,0,0,-99
2024,5,2,1,1,0,3,-99,-99,-99,-99,-99,1,0.9845,2,0.2404,1,0.0361,0,0,none,0,0,none,0,0,none,0,0,-99
2024,5,3,1,1,0,3,-99,-99,-99,-99,-99,0,0,0,0,0,0,0,0,none,0,0,none,0,0,none,0,0,-99
2024,5,4,1,1,0,3,-99,-99,-99,-99,-99,0,0,0,0,3,0.6545,0,0,none,0,0,none,0,0,none,0,0,-99
2024,5,5,1,1,0,3,-99,-99,-99,-99,-99,0,0,0,0,8,1.2232,0,0,none,0,0,none,0,0,none,0,0,-99
2024,5,6,1,1,0,3,-99,-99,-99,-99,-99,0,0,5,0.6398,0,0,0,0,none,0,0,none,0,0,none,0,0,-99
2024,5,7,1,1,0,3,-99,-99,-99,-99,-99,0,0,0,0,0,0,0,0,POHY,1,0.0136,none,0,0,none,0,0,-99
2024,5,8,1,1,0,3,-99,-99,-99,-99,-99,0,0,0,0,0,0,0,0,SOSE,2,0.1036,none,0,0,none,0,0,-99
2024,5,9,1,1,0,3,-99,-99,-99,-99,-99,1,1.2181,0,0,0,0,0,0,none,0,0,none,0,0,none,0,0,-99
2024,5,10,1,1,0,3,-99,-99,-99,-99,-99,0,0,0,0,0,0,0,0,none,0,0,none,0,0,none,0,0,-99
2024,5,11,0,1,0,3,-99,-99,-99,-99,-99,0,0,0,0,0,0,0,0,none,0,0,none,0,0,none,0,0,-99
2024,5,12,0,1,0,3,-99,-99,-99,-99,-99,0,0,0,0,0,0,0,0,none,0,0,none,0,0,none,0,0,-99
2024,5,13,0,1,0,3,-99,-99,-99,-99,-99,0,0,0,0,0,0,0,0,none,0,0,none,0,0,none,0,0,-99
2024,5,14,0,1,0,3,-99,-99,-99,-99,-99,0,0,2,0.0274,1,0.0104,0,0,none,0,0,none,0,0,none,0,0,-99
2024,5,15,0,1,0,3,-99,-99,-99,-99,-99,0,0,2,0.1217,0,0,0,0,none,0,0,none,0,0,none,0,0,-99
2024,5,16,0,1,0,3,-99,-99,-99,-99,-99,0,0,0,0,0,0,0,0,none,0,0,none,0,0,none,0,0,-99
2024,6,1,1,0,1,2,-99,-99,-99,-99,-99,0,0,0,0,0,NA,NA,NA,none,NA,NA,none,0,0,none,0,0,-99
2024,6,2,1,0,1,2,-99,-99,-99,-99,-99,0,0,0,0,0,0,0,0,none,0,0,none,0,0,none,0,0,-99
2024,6,3,1,0,1,2,-99,-99,-99,-99,-99,0,0,0,0,0,0,0,0,none,0,0,none,0,0,none,0,0,-99
2024,6,4,1,0,1,2,-99,-99,-99,-99,-99,0,0,0,0,0,0,0,0,none,0,0,none,0,0,none,0,0,-99
2024,6,5,1,0,1,2,-99,-99,-99,-99,-99,0,0,0,0,0,0,0,0,none,0,0,none,0,0,none,0,0,-99
2024,6,6,1,0,1,2,-99,-99,-99,-99,-99,0,0,0,0,0,0,0,0,none,0,0,none,0,0,none,0,0,-99
2024,6,7,1,0,1,2,-99,-99,-99,-99,-99,0,0,0,0,1,0.1974,0,0,none,0,0,none,0,0,none,0,0,-99
2024,6,8,1,0,1,2,-99,-99,-99,-99,-99,0,0,0,0,0,0,0,0,none,0,0,none,0,0,none,0,0,-99
2024,6,9,1,0,1,2,-99,-99,-99,-99,-99,0,0,4,0.616,2,0.0909,0,0,none,0,0,none,0,0,none,0,0,-99
2024,6,10,1,0,1,2,-99,-99,-99,-99,-99,0,0,0,0,2,0.109,0,0,none,0,0,none,0,0,none,0,0,-99
2024,6,11,0,0,1,2,-99,-99,-99,-99,-99,0,0,0,0,0,0,0,0,none,0,0,none,0,0,none,0,0,-99
2024,6,12,0,0,1,2,-99,-99,-99,-99,-99,0,0,0,0,0,0,0,0,none,0,0,none,0,0,none,0,0,-99
2024,6,13,0,0,1,2,-99,-99,-99,-99,-99,0,0,0,0,0,0,0,0,none,0,0,none,0,0,none,0,0,-99
2024,6,14,0,0,1,2,-99,-99,-99,-99,-99,0,0,6,0.5312,2,0.0597,0,0,none,0,0,none,0,0,none,0,0,-99
2024,6,15,0,0,1,2,-99,-99,-99,-99,-99,0,0,6,0.6517,0,0,0,0,none,0,0,none,0,0,none,0,0,-99
2024,6,16,0,0,1,2,-99,-99,-99,-99,-99,1,0.8537,8,2.0113,2,0.2256,1,0.0998,none,0,0,none,0,0,none,0,0,-99
2024,7,1,1,1,1,4,-99,-99,-99,-99,-99,0,0,0,0,0,0,0,0,none,NA,NA,none,0,0,none,0,0,-99
2024,7,2,1,1,1,4,-99,-99,-99,-99,-99,0,0,0,0,0,0,0,0,none,0,0,none,0,0,none,0,0,-99
2024,7,3,1,1,1,4,-99,-99,-99,-99,-99,0,0,0,0,1,0.1716,0,0,none,0,0,none,0,0,none,0,0,-99
2024,7,4,1,1,1,4,-99,-99,-99,-99,-99,0,0,0,0,1,0.1534,0,0,none,0,0,none,0,0,none,0,0,-99
2024,7,5,1,1,1,4,-99,-99,-99,-99,-99,0,0,0,0,1,0.1497,0,0,none,0,0,none,0,0,none,0,0,-99
2024,7,6,1,1,1,4,-99,-99,-99,-99,-99,0,0,0,0,0,0,0,0,none,0,0,none,0,0,none,0,0,-99
2024,7,7,1,1,1,4,-99,-99,-99,-99,-99,0,0,0,0,2,0.278,0,0,none,0,0,none,0,0,none,0,0,-99
2024,7,8,1,1,1,4,-99,-99,-99,-99,-99,0,0,0,0,0,0,0,0,POHY,1,0.0952,none,0,0,none,0,0,-99
2024,7,9,1,1,1,4,-99,-99,-99,-99,-99,0,0,0,0,0,0,0,0,none,0,0,none,0,0,none,0,0,-99
2024,7,10,1,1,1,4,-99,-99,-99,-99,-99,0,0,0,0,2,0.164,0,0,none,0,0,none,0,0,none,0,0,-99
2024,7,11,0,1,1,4,-99,-99,-99,-99,-99,0,0,0,0,0,0,0,0,none,0,0,none,0,0,none,0,0,-99
2024,7,12,0,1,1,4,-99,-99,-99,-99,-99,0,0,0,0,0,0,0,0,none,0,0,none,0,0,none,0,0,-99
2024,7,13,0,1,1,4,-99,-99,-99,-99,-99,0,0,0,0,0,0,0,0,none,0,0,none,0,0,none,0,0,-99
2024,7,14,0,1,1,4,-99,-99,-99,-99,-99,0,0,2,0.0949,5,0.5716,0,0,none,0,0,none,0,0,none,0,0,-99
2024,7,15,0,1,1,4,-99,-99,-99,-99,-99,0,0,1,0.2422,2,0.1241,0,0,none,0,0,none,0,0,none,0,0,-99
2024,7,16,0,1,1,4,-99,-99,-99,-99,-99,1,1.4813,5,0.5897,1,0.1176,0,0,none,0,0,none,0,0,none,0,0,-99
2024,8,1,1,0,0,1,-99,-99,-99,-99,-99,2,2.2803,1,0.0144,1,0.2294,1,0.0104,none,0,0,none,0,0,none,0,0,-99
2024,8,2,1,0,0,1,-99,-99,-99,-99,-99,1,0.7383,20,3.371,9,1.864,0,0,KOVI,2,0.0081,none,0,0,none,0,0,-99
2024,8,3,1,0,0,1,-99,-99,-99,-99,-99,2,1.5431,3,0.317,1,0.144,0,0,none,0,0,none,0,0,none,0,0,-99
2024,8,4,1,0,0,1,-99,-99,-99,-99,-99,3,1.9954,2,0.2892,6,0.9031,0,0,none,0,0,none,0,0,none,0,0,-99
2024,8,5,1,0,0,1,-99,-99,-99,-99,-99,0,0,19,2.5379,3,0.0316,1,0.0747,none,0,0,none,0,0,none,0,0,-99
2024,8,6,1,0,0,1,-99,-99,-99,-99,-99,2,2.5176,18,2.8707,0,0,0,0,POHY,1,0.1156,none,0,0,none,0,0,-99
2024,8,7,1,0,0,1,-99,-99,-99,-99,-99,1,0.0819,14,1.7063,0,0,0,0,none,0,0,none,0,0,none,0,0,-99
2024,8,8,1,0,0,1,-99,-99,-99,-99,-99,3,1.9938,20,1.7724,11,1.4194,0,0,none,0,0,none,0,0,none,0,0,-99
2024,8,8,1,0,0,1,-99,-99,-99,-99,-99,1,0.0427,11,1.7026,4,1.2147,0,0,none,0,0,none,0,0,none,0,0,-99
2024,8,10,1,0,0,1,-99,-99,-99,-99,-99,1,0.109,5,0.9514,5,0.2717,0,0,none,0,0,none,0,0,none,0,0,-99
2024,8,11,0,0,0,1,-99,-99,-99,-99,-99,0,0,0,0,5,0.4728,0,0,none,0,0,none,0,0,none,0,0,-99
2024,8,12,0,0,0,1,-99,-99,-99,-99,-99,0,0,2,0.0393,0,0,0,0,KOVI,1,0.0124,none,0,0,none,0,0,-99
2024,8,13,0,0,0,1,-99,-99,-99,-99,-99,0,0,8,1.4213,2,0.4332,0,0,none,0,0,none,0,0,none,0,0,-99
2024,8,14,0,0,0,1,-99,-99,-99,-99,-99,0,0,4,0.2187,5,0.9897,0,0,none,0,0,none,0,0,none,0,0,-99
2024,8,15,0,0,0,1,-99,-99,-99,-99,-99,0,0,1,0.0744,2,0.2715,0,0,none,0,0,none,0,0,none,0,0,-99
2024,8,16,0,0,0,1,-99,-99,-99,-99,-99,0,0,2,0.0485,2,0.1458,0,0,none,0,0,none,0,0,none,0,0,-99
2024,9,1,1,1,1,4,-99,-99,-99,-99,-99,1,2.253,0,0,3,0.3499,0,0,none,0,0,none,0,0,none,0,0,-99
2024,9,2,1,1,1,4,-99,-99,-99,-99,-99,0,0,0,0,17,3.909,0,0,PHAH,1,0.2377,none,0,0,none,0,0,-99
2024,9,3,1,1,1,4,-99,-99,-99,-99,-99,0,0,0,0,2,0.112,0,0,none,0,0,none,0,0,none,0,0,-99
2024,9,4,1,1,1,4,-99,-99,-99,-99,-99,0,0,0,0,6,1.2666,1,0.4285,none,0,0,none,0,0,none,0,0,-99
2024,9,5,1,1,1,4,-99,-99,-99,-99,-99,0,0,2,0.1145,5,0.8651,0,0,none,0,0,none,0,0,none,0,0,-99
2024,9,6,1,1,1,4,-99,-99,-99,-99,-99,2,3.3387,0,0,4,0.5369,1,0.0074,none,0,0,none,0,0,none,0,0,-99
2024,9,7,1,1,1,4,-99,-99,-99,-99,-99,5,6.0745,4,0.9701,10,2.2939,0,0,none,0,0,none,0,0,none,0,0,-99
2024,9,8,1,1,1,4,-99,-99,-99,-99,-99,0,0,3,0.1109,3,0.727,0,0,none,0,0,none,0,0,none,0,0,-99
2024,9,9,1,1,1,4,-99,-99,-99,-99,-99,2,4.0771,0,0,6,0.6539,0,0,none,0,0,none,0,0,none,0,0,-99
2024,9,10,1,1,1,4,-99,-99,-99,-99,-99,3,4.0554,5,0.352,13,3.7325,0,0,none,0,0,none,0,0,none,0,0,-99
2024,9,11,0,1,1,4,-99,-99,-99,-99,-99,0,0,26,4.3279,20,3.7198,0,0,none,0,0,none,0,0,none,0,0,-99
2024,9,12,0,1,1,4,-99,-99,-99,-99,-99,0,0,10,1.5471,10,2.4685,0,0,none,0,0,none,0,0,none,0,0,-99
2024,9,13,0,1,1,4,-99,-99,-99,-99,-99,0,0,0,0,9,1.8923,0,0,none,0,0,none,0,0,none,0,0,-99
2024,9,14,0,1,1,4,-99,-99,-99,-99,-99,0,0,1,0.4038,2,0.6518,0,0,none,0,0,none,0,0,none,0,0,-99
2024,9,15,0,1,1,4,-99,-99,-99,-99,-99,0,0,4,0.6506,2,0.3659,0,0,none,0,0,none,0,0,none,0,0,-99
2024,9,16,0,1,1,4,-99,-99,-99,-99,-99,0,0,6,0.4927,0,0,0,0,none,0,0,none,0,0,none,0,0,-99
2024,10,1,1,1,0,3,-99,-99,-99,-99,-99,2,1.4063,10,1.539,15,2.725,0,0,none,0,0,none,0,0,none,0,0,-99
2024,10,2,1,1,0,3,-99,-99,-99,-99,-99,1,1.5561,10,1.1887,1,0.1227,0,0,none,0,0,none,0,0,none,0,0,-99
2024,10,3,1,1,0,3,-99,-99,-99,-99,-99,1,0.8722,1,0.3472,0,0,0,0,none,0,0,none,0,0,none,0,0,-99
2024,10,4,1,1,0,3,-99,-99,-99,-99,-99,1,1.8683,1,0.329,4,0.9481,0,0,none,0,0,none,0,0,none,0,0,-99
2024,10,5,1,1,0,3,-99,-99,-99,-99,-99,0,0,1,0.0987,3,0.1587,0,0,none,0,0,none,0,0,none,0,0,-99
2024,10,6,1,1,0,3,-99,-99,-99,-99,-99,3,2.6652,3,0.51,2,0.2979,0,0,none,0,0,none,0,0,none,0,0,-99
2024,10,7,1,1,0,3,-99,-99,-99,-99,-99,1,0.5697,6,0.8069,5,0.7284,0,0,none,0,0,none,0,0,none,0,0,-99
2024,10,8,1,1,0,3,-99,-99,-99,-99,-99,3,3.0293,5,0.8436,1,0.2234,0,0,none,0,0,none,0,0,none,0,0,-99
2024,10,9,1,1,0,3,-99,-99,-99,-99,-99,5,5.5413,1,0.0889,5,0.7172,0,0,none,0,0,none,0,0,none,0,0,-99
2024,10,10,1,1,0,3,-99,-99,-99,-99,-99,3,1.5929,0,0,3,0.2996,0,0,none,0,0,none,0,0,none,0,0,-99
2024,10,11,0,1,0,3,-99,-99,-99,-99,-99,0,0,2,0.2294,6,1.645,0,0,none,0,0,none,0,0,none,0,0,-99
2024,10,12,0,1,0,3,-99,-99,-99,-99,-99,0,0,0,0,4,0.59,0,0,none,0,0,none,0,0,none,0,0,-99
2024,10,13,0,1,0,3,-99,-99,-99,-99,-99,0,0,3,0.7538,7,1.2621,0,0,none,0,0,none,0,0,none,0,0,-99
2024,10,14,0,1,0,3,-99,-99,-99,-99,-99,0,0,0,0,7,0.7693,0,0,none,0,0,none,0,0,none,0,0,-99
2024,10,15,0,1,0,3,-99,-99,-99,-99,-99,0,0,0,0,7,0.4675,0,0,none,0,0,none,0,0,none,0,0,-99
2024,10,16,0,1,0,3,-99,-99,-99,-99,-99,3,2.1287,3,0.5052,2,0.071,0,0,none,0,0,none,0,0,none,0,0,-99
2024,11,1,1,0,0,1,-99,-99,-99,-99,-99,3,3.2608,0,0,2,0.705,0,0,none,0,0,none,0,0,none,0,0,-99
2024,11,2,1,0,0,1,-99,-99,-99,-99,-99,2,0.6006,0,0,7,0.8383,0,0,none,0,0,none,0,0,none,0,0,-99
2024,11,3,1,0,0,1,-99,-99,-99,-99,-99,1,1.4934,0,0,4,0.684,0,0,none,0,0,none,0,0,none,0,0,-99
2024,11,4,1,0,0,1,-99,-99,-99,-99,-99,1,0.3681,0,0,2,0.2583,0,0,none,0,0,none,0,0,none,0,0,-99
2024,11,5,1,0,0,1,-99,-99,-99,-99,-99,1,1.4405,2,0.2375,9,1.086,0,0,none,0,0,none,0,0,none,0,0,-99
2024,11,6,1,0,0,1,-99,-99,-99,-99,-99,1,0.5673,0,0,0,0,0,0,none,0,0,none,0,0,none,0,0,-99
2024,11,7,1,0,0,1,-99,-99,-99,-99,-99,4,3.7146,0,0,0,0,0,0,none,0,0,none,0,0,none,0,0,-99
2024,11,8,1,0,0,1,-99,-99,-99,-99,-99,0,0,6,0.8338,4,0.9716,0,0,none,0,0,none,0,0,none,0,0,-99
2024,11,9,1,0,0,1,-99,-99,-99,-99,-99,0,0,0,0,2,0.5224,0,0,none,0,0,none,0,0,none,0,0,-99
2024,11,10,1,0,0,1,-99,-99,-99,-99,-99,2,1.9676,0,0,0,0,0,0,none,0,0,none,0,0,none,0,0,-99
2024,11,11,0,0,0,1,-99,-99,-99,-99,-99,1,0.3813,3,0.4173,5,0.7154,0,0,none,0,0,none,0,0,none,0,0,-99
2024,11,12,0,0,0,1,-99,-99,-99,-99,-99,0,0,1,0.1984,6,1.0288,0,0,none,0,0,none,0,0,none,0,0,-99
2024,11,13,0,0,0,1,-99,-99,-99,-99,-99,0,0,0,0,5,0.727,0,0,none,0,0,none,0,0,none,0,0,-99
2024,11,14,0,0,0,1,-99,-99,-99,-99,-99,0,0,20,3.9677,4,0.3227,0,0,none,0,0,none,0,0,none,0,0,-99
2024,11,15,0,0,0,1,-99,-99,-99,-99,-99,0,0,6,0.4969,0,0,0,0,none,0,0,none,0,0,none,0,0,-99
2024,11,16,0,0,0,1,-99,-99,-99,-99,-99,2,2.5141,15,2.4853,5,1.4,0,0,none,0,0,none,0,0,none,0,0,-99
2024,12,1,1,0,1,2,-99,-99,-99,-99,-99,0,0,0,0,0,0,0,0,none,0,0,none,0,0,none,0,0,-99
2024,12,2,1,0,1,2,-99,-99,-99,-99,-99,0,0,0,0,0,0,0,0,none,0,0,none,0,0,none,0,0,-99
2024,12,3,1,0,1,2,-99,-99,-99,-99,-99,0,0,0,0,0,0,0,0,none,0,0,none,0,0,none,0,0,-99
2024,12,4,1,0,1,2,-99,-99,-99,-99,-99,0,0,0,0,0,0,0,0,none,0,0,none,0,0,none,0,0,-99
2024,12,5,1,0,1,2,-99,-99,-99,-99,-99,0,0,0,0,0,0,0,0,none,0,0,none,0,0,none,0,0,-99
2024,12,6,1,0,1,2,-99,-99,-99,-99,-99,0,0,0,0,0,0,0,0,none,0,0,none,0,0,none,0,0,-99
2024,12,7,1,0,1,2,-99,-99,-99,-99,-99,0,0,0,0,0,0,0,0,none,0,0,none,0,0,none,0,0,-99
2024,12,8,1,0,1,2,-99,-99,-99,-99,-99,0,0,0,0,0,0,0,0,none,0,0,none,0,0,none,0,0,-99
2024,12,9,1,0,1,2,-99,-99,-99,-99,-99,0,0,0,0,2,0.1727,0,0,none,0,0,none,0,0,none,0,0,-99
2024,12,10,1,0,1,2,-99,-99,-99,-99,-99,0,0,0,0,1,0.0795,0,0,none,0,0,none,0,0,none,0,0,-99
2024,12,11,0,0,1,2,-99,-99,-99,-99,-99,0,0,0,0,0,0,0,0,none,0,0,none,0,0,none,0,0,-99
2024,12,12,0,0,1,2,-99,-99,-99,-99,-99,0,0,0,0,0,0,0,0,none,0,0,none,0,0,none,0,0,-99
2024,12,13,0,0,1,2,-99,-99,-99,-99,-99,0,0,0,0,0,0,0,0,none,0,0,none,0,0,none,0,0,-99
2024,12,14,0,0,1,2,-99,-99,-99,-99,-99,0,0,0,0,0,0,0,0,none,0,0,none,0,0,none,0,0,-99
2024,12,15,0,0,1,2,-99,-99,-99,-99,-99,0,0,1,0.1699,0,0,0,0,none,0,0,none,0,0,none,0,0,-99
2024,12,16,0,0,1,2,-99,-99,-99,-99,-99,0,0,0,0,1,0.0758,0,0,none,0,0,none,0,0,none,0,0,-99
2025,1,1,1,0,0,1,-99,-99,-99,-99,-99,0,0,9,1.829,8,1.392,0,0,none,0,0,none,0,0,none,0,0,-99
2025,1,2,1,0,0,1,-99,-99,-99,-99,-99,0,0,20,3.41,5,1.549,0,0,SOSE,3,4.614,none,0,0,none,0,0,-99
2025,1,3,1,0,0,1,-99,-99,-99,-99,-99,0,0,7,1.21,7,2.339,0,0,none,0,0,none,0,0,none,0,0,-99
2025,1,4,1,0,0,1,-99,-99,-99,-99,-99,0,0,19,2.89,6,2.141,0,0,ASTER,1,0.289,PLCA,1,0.005,none,0,0,-99
2025,1,5,1,0,0,1,-99,-99,-99,-99,-99,0,0,0,0,5,0.581,0,0,none,0,0,none,0,0,none,0,0,-99
2025,1,6,1,0,0,1,-99,-99,-99,-99,-99,0,0,2,0.211,0,0,0,0,none,0,0,none,0,0,none,0,0,-99
2025,1,7,1,0,0,1,-99,-99,-99,-99,-99,0,0,14,2.463,5,1.371,0,0,none,0,0,none,0,0,none,0,0,-99
2025,1,8,1,0,0,1,-99,-99,-99,-99,-99,0,0,29,4.019,3,0.632,0,0,none,0,0,none,0,0,none,0,0,-99
2025,1,9,1,0,0,1,-99,-99,-99,-99,-99,0,0,15,2.276,0,0,0,0,none,0,0,none,0,0,none,0,0,-99
2025,1,10,1,0,0,1,-99,-99,-99,-99,-99,0,0,16,1.78,10,1.568,0,0,none,0,0,PLCA,1,0.002,none,0,0,-99
2025,1,11,0,0,0,1,-99,-99,-99,-99,-99,0,0,11,1.449,5,1.712,0,0,none,0,0,none,0,0,none,0,0,-99
2025,1,12,0,0,0,1,-99,-99,-99,-99,-99,0,0,4,0.712,0,0,0,0,none,0,0,none,0,0,none,0,0,-99
2025,1,13,0,0,0,1,-99,-99,-99,-99,-99,0,0,0,0,8,1.325,0,0,none,0,0,none,0,0,none,0,0,-99
2025,1,14,0,0,0,1,-99,-99,-99,-99,-99,0,0,6,1.079,5,1.082,0,0,none,0,0,none,0,0,none,0,0,-99
2025,1,15,0,0,0,1,-99,-99,-99,-99,-99,0,0,11,2.073,1,0.209,0,0,none,0,0,none,0,0,none,0,0,-99
2025,1,16,0,0,0,1,-99,-99,-99,-99,-99,0,0,25,4.472,7,1.528,0,0,none,0,0,none,0,0,none,0,0,-99
2025,2,1,1,1,0,3,-99,-99,-99,-99,-99,0,0,1,0.1,1,0.177,1,0.073,none,0,0,none,0,0,none,0,0,-99
2025,2,2,1,1,0,3,-99,-99,-99,-99,-99,0,0,1,0.101,2,0.257,0,0,ASTER,8,1.38,none,0,0,none,0,0,-99
2025,2,3,1,1,0,3,-99,-99,-99,-99,-99,0,0,0,0,1,0.272,0,0,none,0,0,none,0,0,none,0,0,-99
2025,2,4,1,1,0,3,-99,-99,-99,-99,-99,0,0,8,1.174,5,1.177,0,0,none,0,0,none,0,0,none,0,0,-99
2025,2,5,1,1,0,3,-99,-99,-99,-99,-99,0,0,0,0,3,1.288,0,0,none,0,0,none,0,0,none,0,0,-99
2025,2,6,1,1,0,3,-99,-99,-99,-99,-99,0,0,1,0.102,3,0.668,0,0,none,0,0,none,0,0,none,0,0,-99
2025,2,7,1,1,0,3,-99,-99,-99,-99,-99,0,0,1,0.123,2,0.3,0,0,none,0,0,none,0,0,none,0,0,-99
2025,2,8,1,1,0,3,-99,-99,-99,-99,-99,0,0,8,1.072,2,0.392,0,0,none,0,0,none,0,0,none,0,0,-99
2025,2,9,1,1,0,3,-99,-99,-99,-99,-99,0,0,19,2.802,5,1.256,0,0,ASTER,1,0.262,none,0,0,none,0,0,-99
2025,2,10,1,1,0,3,-99,-99,-99,-99,-99,0,0,3,0.265,6,0.602,1,0.029,ASTER,5,1.659,none,0,0,none,0,0,-99
2025,2,11,0,1,0,3,-99,-99,-99,-99,-99,0,0,0,0,0,0,0,0,none,0,0,none,0,0,none,0,0,-99
2025,2,12,0,1,0,3,-99,-99,-99,-99,-99,0,0,0,0,0,0,0,0,none,0,0,none,0,0,none,0,0,-99
2025,2,13,0,1,0,3,-99,-99,-99,-99,-99,0,0,0,0,0,0,0,0,none,0,0,none,0,0,none,0,0,-99
2025,2,14,0,1,0,3,-99,-99,-99,-99,-99,0,0,1,0.104,4,0.723,0,0,none,0,0,none,0,0,none,0,0,-99
2025,2,15,0,1,0,3,-99,-99,-99,-99,-99,0,0,0,0,6,1.31,0,0,none,0,0,none,0,0,none,0,0,-99
2025,2,16,0,1,0,3,-99,-99,-99,-99,-99,0,0,0,0,1,0.065,0,0,none,0,0,none,0,0,none,0,0,-99
2025,3,1,1,0,1,2,-99,-99,-99,-99,-99,0,0,0,0,0,0,0,0,none,0,0,none,0,0,none,0,0,-99
2025,3,2,1,0,1,2,-99,-99,-99,-99,-99,0,0,0,0,0,0,0,0,none,0,0,none,0,0,none,0,0,-99
2025,3,3,1,0,1,2,-99,-99,-99,-99,-99,0,0,0,0,0,0,0,0,none,0,0,none,0,0,none,0,0,-99
2025,3,4,1,0,1,2,-99,-99,-99,-99,-99,0,0,0,0,0,0,0,0,none,0,0,none,0,0,none,0,0,-99
2025,3,5,1,0,1,2,-99,-99,-99,-99,-99,0,0,0,0,0,0,0,0,none,0,0,none,0,0,none,0,0,-99
2025,3,6,1,0,1,2,-99,-99,-99,-99,-99,0,0,0,0,0,0,0,0,none,0,0,none,0,0,none,0,0,-99
2025,3,7,1,0,1,2,-99,-99,-99,-99,-99,0,0,0,0,0,0,0,0,none,0,0,none,0,0,none,0,0,-99
2025,3,8,1,0,1,2,-99,-99,-99,-99,-99,0,0,0,0,0,0,0,0,none,0,0,none,0,0,none,0,0,-99
2025,3,9,1,0,1,2,-99,-99,-99,-99,-99,0,0,0,0,0,0,0,0,none,0,0,none,0,0,none,0,0,-99
2025,3,10,1,0,1,2,-99,-99,-99,-99,-99,0,0,0,0,0,0,0,0,none,0,0,none,0,0,none,0,0,-99
2025,3,11,0,0,1,2,-99,-99,-99,-99,-99,0,0,0,0,0,0,0,0,none,0,0,none,0,0,none,0,0,-99
2025,3,12,0,0,1,2,-99,-99,-99,-99,-99,0,0,0,0,0,0,0,0,none,0,0,none,0,0,none,0,0,-99
2025,3,13,0,0,1,2,-99,-99,-99,-99,-99,0,0,0,0,0,0,0,0,none,0,0,none,0,0,none,0,0,-99
2025,3,14,0,0,1,2,-99,-99,-99,-99,-99,0,0,0,0,0,0,0,0,none,0,0,none,0,0,none,0,0,-99
2025,3,15,0,0,1,2,-99,-99,-99,-99,-99,0,0,0,0,0,0,0,0,none,0,0,none,0,0,none,0,0,-99
2025,3,16,0,0,1,2,-99,-99,-99,-99,-99,0,0,0,0,0,0,0,0,none,0,0,none,0,0,none,0,0,-99
2025,4,1,1,1,1,4,-99,-99,-99,-99,-99,0,0,0,0,1,0.46,0,0,none,0,0,none,0,0,none,0,0,-99
2025,4,2,1,1,1,4,-99,-99,-99,-99,-99,0,0,0,0,0,0,0,0,none,0,0,none,0,0,none,0,0,-99
2025,4,3,1,1,1,4,-99,-99,-99,-99,-99,0,0,0,0,0,0,0,0,none,0,0,none,0,0,none,0,0,-99
2025,4,4,1,1,1,4,-99,-99,-99,-99,-99,0,0,0,0,0,0,0,0,none,0,0,none,0,0,none,0,0,-99
2025,4,5,1,1,1,4,-99,-99,-99,-99,-99,0,0,0,0,0,0,0,0,none,0,0,none,0,0,none,0,0,-99
2025,4,6,1,1,1,4,-99,-99,-99,-99,-99,0,0,0,0,1,0.267,0,0,none,0,0,none,0,0,none,0,0,-99
2025,4,7,1,1,1,4,-99,-99,-99,-99,-99,0,0,0,0,0,0,0,0,ASTER,1,0.195,none,0,0,none,0,0,-99
2025,4,8,1,1,1,4,-99,-99,-99,-99,-99,0,0,0,0,0,0,0,0,ASTER,2,0.821,none,0,0,none,0,0,-99
2025,4,9,1,1,1,4,-99,-99,-99,-99,-99,0,0,0,0,0,0,0,0,none,0,0,none,0,0,none,0,0,-99
2025,4,10,1,1,1,4,-99,-99,-99,-99,-99,0,0,0,0,1,0.171,0,0,none,0,0,none,0,0,none,0,0,-99
2025,4,11,0,1,1,4,-99,-99,-99,-99,-99,0,0,0,0,0,0,0,0,none,0,0,none,0,0,none,0,0,-99
2025,4,12,0,1,1,4,-99,-99,-99,-99,-99,0,0,0,0,0,0,0,0,none,0,0,none,0,0,none,0,0,-99
2025,4,13,0,1,1,4,-99,-99,-99,-99,-99,0,0,0,0,0,0,0,0,none,0,0,none,0,0,none,0,0,-99
2025,4,14,0,1,1,4,-99,-99,-99,-99,-99,0,0,0,0,0,0,0,0,ASTER,1,0.08,none,0,0,none,0,0,-99
2025,4,15,0,1,1,4,-99,-99,-99,-99,-99,0,0,0,0,0,0,0,0,ASTER,1,1.164,none,0,0,none,0,0,-99
2025,4,16,0,1,1,4,-99,-99,-99,-99,-99,0,0,0,0,0,0,0,0,none,0,0,none,0,0,none,0,0,-99
2025,5,1,1,1,0,3,-99,-99,-99,-99,-99,0,0,0,0,2,0.241,0,0,none,0,0,none,0,0,none,0,0,-99
2025,5,2,1,1,0,3,-99,-99,-99,-99,-99,0,0,6,0.42,1,0.045,0,0,none,0,0,none,0,0,none,0,0,-99
2025,5,3,1,1,0,3,-99,-99,-99,-99,-99,0,0,1,0.024,3,0.614,0,0,none,0,0,none,0,0,none,0,0,-99
2025,5,4,1,1,0,3,-99,-99,-99,-99,-99,0,0,1,0.024,2,0.297,0,0,none,0,0,PHAU,1,1.357,none,0,0,-99
2025,5,5,1,1,0,3,-99,-99,-99,-99,-99,0,0,4,0.471,4,0.716,0,0,none,0,0,none,0,0,none,0,0,-99
2025,5,6,1,1,0,3,-99,-99,-99,-99,-99,0,0,1,0.124,0,0,0,0,ASTER,4,1.158,none,0,0,none,0,0,-99
2025,5,7,1,1,0,3,-99,-99,-99,-99,-99,0,0,2,0.199,0,0,0,0,ASTER,2,0.6,none,0,0,none,0,0,-99
2025,5,8,1,1,0,3,-99,-99,-99,-99,-99,0,0,3,0.514,0,0,0,0,ASTER,2,0.551,none,0,0,none,0,0,-99
2025,5,9,1,1,0,3,-99,-99,-99,-99,-99,1,0.844,1,0.013,0,0,0,0,ASTER,1,0.151,none,0,0,none,0,0,-99
2025,5,10,1,1,0,3,-99,-99,-99,-99,-99,0,0,0,0,1,0.173,0,0,ASTER,1,0.141,PHAU,1,2.103,none,0,0,-99
2025,5,11,0,1,0,3,-99,-99,-99,-99,-99,0,0,0,0,0,0,0,0,none,0,0,none,0,0,none,0,0,-99
2025,5,12,0,1,0,3,-99,-99,-99,-99,-99,0,0,0,0,0,0,0,0,none,0,0,none,0,0,none,0,0,-99
2025,5,13,0,1,0,3,-99,-99,-99,-99,-99,0,0,0,0,0,0,0,0,none,0,0,none,0,0,none,0,0,-99
2025,5,14,0,1,0,3,-99,-99,-99,-99,-99,0,0,0,0,0,0,0,0,none,0,0,none,0,0,none,0,0,-99
2025,5,15,0,1,0,3,-99,-99,-99,-99,-99,0,0,1,0.364,0,0,0,0,none,0,0,none,0,0,none,0,0,-99
2025,5,16,0,1,0,3,-99,-99,-99,-99,-99,0,0,1,0.081,0,0,0,0,none,0,0,none,0,0,none,0,0,-99
2025,6,1,1,0,1,2,-99,-99,-99,-99,-99,0,0,0,0,0,0,0,0,none,0,0,none,0,0,none,0,0,-99
2025,6,2,1,0,1,2,-99,-99,-99,-99,-99,0,0,0,0,0,0,0,0,none,0,0,none,0,0,none,0,0,-99
2025,6,3,1,0,1,2,-99,-99,-99,-99,-99,0,0,0,0,0,0,0,0,none,0,0,none,0,0,none,0,0,-99
2025,6,4,1,0,1,2,-99,-99,-99,-99,-99,0,0,0,0,0,0,0,0,none,0,0,none,0,0,none,0,0,-99
2025,6,5,1,0,1,2,-99,-99,-99,-99,-99,0,0,0,0,3,0.685,0,0,none,0,0,none,0,0,none,0,0,-99
2025,6,6,1,0,1,2,-99,-99,-99,-99,-99,0,0,0,0,0,0,0,0,none,0,0,none,0,0,none,0,0,-99
2025,6,7,1,0,1,2,-99,-99,-99,-99,-99,0,0,0,0,0,0,0,0,none,0,0,none,0,0,none,0,0,-99
2025,6,8,1,0,1,2,-99,-99,-99,-99,-99,0,0,0,0,0,0,0,0,none,0,0,none,0,0,none,0,0,-99
2025,6,9,1,0,1,2,-99,-99,-99,-99,-99,0,0,1,0.086,0,0,0,0,none,0,0,none,0,0,none,0,0,-99
2025,6,10,1,0,1,2,-99,-99,-99,-99,-99,0,0,2,0.105,3,0.156,0,0,none,0,0,none,0,0,none,0,0,-99
2025,6,11,0,0,1,2,-99,-99,-99,-99,-99,0,0,0,0,0,0,0,0,none,0,0,none,0,0,none,0,0,-99
2025,6,12,0,0,1,2,-99,-99,-99,-99,-99,0,0,0,0,0,0,0,0,none,0,0,none,0,0,none,0,0,-99
2025,6,13,0,0,1,2,-99,-99,-99,-99,-99,0,0,0,0,0,0,0,0,none,0,0,none,0,0,none,0,0,-99
2025,6,14,0,0,1,2,-99,-99,-99,-99,-99,0,0,6,1.03,1,0.03,0,0,none,0,0,none,0,0,none,0,0,-99
2025,6,15,0,0,1,2,-99,-99,-99,-99,-99,0,0,16,1.953,1,0.199,0,0,none,0,0,none,0,0,none,0,0,-99
2025,6,16,0,0,1,2,-99,-99,-99,-99,-99,0,0,9,1.036,1,0.459,0,0,none,0,0,none,0,0,none,0,0,-99
2025,7,1,1,1,1,4,-99,-99,-99,-99,-99,1,1.689,0,0,2,0.296,0,0,none,0,0,none,0,0,none,0,0,-99
2025,7,2,1,1,1,4,-99,-99,-99,-99,-99,0,0,0,0,0,0,0,0,none,0,0,none,0,0,none,0,0,-99
2025,7,3,1,1,1,4,-99,-99,-99,-99,-99,0,0,0,0,7,1.989,0,0,none,0,0,none,0,0,none,0,0,-99
2025,7,4,1,1,1,4,-99,-99,-99,-99,-99,0,0,0,0,1,0.399,0,0,none,0,0,none,0,0,none,0,0,-99
2025,7,5,1,1,1,4,-99,-99,-99,-99,-99,0,0,0,0,0,0,0,0,none,0,0,none,0,0,none,0,0,-99
2025,7,6,1,1,1,4,-99,-99,-99,-99,-99,0,0,0,0,0,0,0,0,none,0,0,none,0,0,none,0,0,-99
2025,7,7,1,1,1,4,-99,-99,-99,-99,-99,0,0,0,0,1,0.199,0,0,none,0,0,none,0,0,none,0,0,-99
2025,7,8,1,1,1,4,-99,-99,-99,-99,-99,0,0,0,0,0,0,0,0,none,0,0,none,0,0,none,0,0,-99
2025,7,9,1,1,1,4,-99,-99,-99,-99,-99,0,0,0,0,7,1.46,0,0,none,0,0,none,0,0,none,0,0,-99
2025,7,10,1,1,1,4,-99,-99,-99,-99,-99,1,1.272,0,0,4,0.652,0,0,none,0,0,none,0,0,none,0,0,-99
2025,7,11,0,1,1,4,-99,-99,-99,-99,-99,0,0,0,0,0,0,0,0,none,0,0,none,0,0,none,0,0,-99
2025,7,12,0,1,1,4,-99,-99,-99,-99,-99,0,0,0,0,0,0,0,0,none,0,0,none,0,0,none,0,0,-99
2025,7,13,0,1,1,4,-99,-99,-99,-99,-99,0,0,0,0,0,0,0,0,none,0,0,none,0,0,none,0,0,-99
2025,7,14,0,1,1,4,-99,-99,-99,-99,-99,0,0,5,0.458,10,1.423,0,0,POHY,1,0.187,none,0,0,none,0,0,-99
2025,7,15,0,1,1,4,-99,-99,-99,-99,-99,0,0,5,0.861,0,0,0,0,none,0,0,none,0,0,none,0,0,-99
2025,7,16,0,1,1,4,-99,-99,-99,-99,-99,0,0,9,1.399,1,0.157,0,0,none,0,0,none,0,0,none,0,0,-99
2025,8,1,1,0,0,1,-99,-99,-99,-99,-99,2,2.692,4,0.756,3,0.342,1,0.161,none,0,0,none,0,0,none,0,0,-99
2025,8,2,1,0,0,1,-99,-99,-99,-99,-99,2,3.415,4,0.611,2,0.229,0,0,none,0,0,none,0,0,none,0,0,-99
2025,8,3,1,0,0,1,-99,-99,-99,-99,-99,0,0,8,1.164,5,1.101,0,0,none,0,0,none,0,0,none,0,0,-99
2025,8,4,1,0,0,1,-99,-99,-99,-99,-99,2,1.505,1,0.167,2,0.605,0,0,none,0,0,none,0,0,none,0,0,-99
2025,8,5,1,0,0,1,-99,-99,-99,-99,-99,0,0,9,1.61,2,0.527,0,0,none,0,0,none,0,0,none,0,0,-99
2025,8,6,1,0,0,1,-99,-99,-99,-99,-99,1,0.898,3,0.522,1,0.153,0,0,none,0,0,none,0,0,none,0,0,-99
2025,8,7,1,0,0,1,-99,-99,-99,-99,-99,0,0,7,1.286,0,0,0,0,none,0,0,none,0,0,none,0,0,-99
2025,8,8,1,0,0,1,-99,-99,-99,-99,-99,0,0,7,1.424,2,0.335,0,0,none,0,0,none,0,0,none,0,0,-99
2025,8,9,1,0,0,1,-99,-99,-99,-99,-99,0,0,23,3.495,1,0.045,0,0,none,0,0,none,0,0,none,0,0,-99
2025,8,10,1,0,0,1,-99,-99,-99,-99,-99,0,0,1,0.063,2,0.292,0,0,none,0,0,none,0,0,none,0,0,-99
2025,8,11,0,0,0,1,-99,-99,-99,-99,-99,0,0,1,0.022,2,0.167,0,0,none,0,0,none,0,0,none,0,0,-99
2025,8,12,0,0,0,1,-99,-99,-99,-99,-99,0,0,4,0.406,0,0,0,0,KOVI,1,0.022,none,0,0,none,0,0,-99
2025,8,13,0,0,0,1,-99,-99,-99,-99,-99,0,0,2,0.22,3,0.444,0,0,none,0,0,none,0,0,none,0,0,-99
2025,8,14,0,0,0,1,-99,-99,-99,-99,-99,0,0,2,0.235,0,0,0,0,none,0,0,none,0,0,none,0,0,-99
2025,8,15,0,0,0,1,-99,-99,-99,-99,-99,0,0,2,0.038,0,0,0,0,none,0,0,none,0,0,none,0,0,-99
2025,8,16,0,0,0,1,-99,-99,-99,-99,-99,0,0,8,1.484,0,0,0,0,none,0,0,none,0,0,none,0,0,-99
2025,9,1,1,1,1,4,-99,-99,-99,-99,-99,1,0.894,0,0,10,1.931,0,0,none,0,0,none,0,0,none,0,0,-99
2025,9,2,1,1,1,4,-99,-99,-99,-99,-99,0,0,0,0,2,0.432,0,0,none,0,0,none,0,0,none,0,0,-99
2025,9,3,1,1,1,4,-99,-99,-99,-99,-99,0,0,0,0,7,1.128,0,0,none,0,0,none,0,0,none,0,0,-99
2025,9,4,1,1,1,4,-99,-99,-99,-99,-99,2,1.713,0,0,5,0.733,0,0,none,0,0,none,0,0,none,0,0,-99
2025,9,5,1,1,1,4,-99,-99,-99,-99,-99,1,1.577,1,0.1,5,1.116,0,0,none,0,0,none,0,0,none,0,0,-99
2025,9,6,1,1,1,4,-99,-99,-99,-99,-99,0,0,1,0.291,8,1.534,0,0,none,0,0,none,0,0,none,0,0,-99
2025,9,7,1,1,1,4,-99,-99,-99,-99,-99,0,0,0,0,6,1.397,1,0.425,none,0,0,none,0,0,none,0,0,-99
2025,9,8,1,1,1,4,-99,-99,-99,-99,-99,1,0.124,0,0,2,0.411,0,0,none,0,0,none,0,0,none,0,0,-99
2025,9,9,1,1,1,4,-99,-99,-99,-99,-99,2,2.951,2,0.175,10,2.243,0,0,none,0,0,none,0,0,none,0,0,-99
2025,9,10,1,1,1,4,-99,-99,-99,-99,-99,1,1.707,11,2.494,12,2.159,0,0,none,0,0,none,0,0,none,0,0,-99
2025,9,11,0,1,1,4,-99,-99,-99,-99,-99,0,0,8,1.025,3,0.325,0,0,none,0,0,none,0,0,none,0,0,-99
2025,9,12,0,1,1,4,-99,-99,-99,-99,-99,1,1.171,27,4.36,14,3.043,0,0,none,0,0,none,0,0,none,0,0,-99
2025,9,13,0,1,1,4,-99,-99,-99,-99,-99,0,0,11,1.42,7,1.619,0,0,none,0,0,none,0,0,none,0,0,-99
2025,9,14,0,1,1,4,-99,-99,-99,-99,-99,0,0,4,0.57,0,0,0,0,none,0,0,none,0,0,none,0,0,-99
2025,9,15,0,1,1,4,-99,-99,-99,-99,-99,0,0,3,0.323,3,0.362,0,0,none,0,0,none,0,0,none,0,0,-99
2025,9,16,0,1,1,4,-99,-99,-99,-99,-99,0,0,11,2.041,0,0,0,0,ATPA,1,0.004,none,0,0,none,0,0,-99
2025,10,1,1,1,0,3,-99,-99,-99,-99,-99,1,0.226,2,0.07,9,2.164,0,0,none,0,0,none,0,0,none,0,0,-99
2025,10,2,1,1,0,3,-99,-99,-99,-99,-99,1,1.764,2,0.205,7,1.442,0,0,none,0,0,none,0,0,none,0,0,-99
2025,10,3,1,1,0,3,-99,-99,-99,-99,-99,0,0,2,0.175,3,0.866,0,0,none,0,0,none,0,0,none,0,0,-99
2025,10,4,1,1,0,3,-99,-99,-99,-99,-99,0,0,7,1.307,9,1.674,0,0,none,0,0,none,0,0,none,0,0,-99
2025,10,5,1,1,0,3,-99,-99,-99,-99,-99,0,0,0,0,0,0,0,0,none,0,0,none,0,0,none,0,0,-99
2025,10,6,1,1,0,3,-99,-99,-99,-99,-99,0,0,7,1.437,3,1.019,0,0,none,0,0,none,0,0,none,0,0,-99
2025,10,7,1,1,0,3,-99,-99,-99,-99,-99,0,0,1,0.336,2,0.299,0,0,none,0,0,none,0,0,none,0,0,-99
2025,10,8,1,1,0,3,-99,-99,-99,-99,-99,3,4.919,3,0.519,0,0,0,0,none,0,0,none,0,0,none,0,0,-99
2025,10,9,1,1,0,3,-99,-99,-99,-99,-99,3,3.708,0,0,2,0.318,0,0,none,0,0,none,0,0,none,0,0,-99
2025,10,10,1,1,0,3,-99,-99,-99,-99,-99,3,3.8,0,0,2,0.424,0,0,none,0,0,none,0,0,none,0,0,-99
2025,10,11,0,1,0,3,-99,-99,-99,-99,-99,0,0,0,0,18,3.717,0,0,none,0,0,none,0,0,none,0,0,-99
2025,10,12,0,1,0,3,-99,-99,-99,-99,-99,0,0,0,0,11,1.933,0,0,none,0,0,none,0,0,none,0,0,-99
2025,10,13,0,1,0,3,-99,-99,-99,-99,-99,0,0,7,1.047,2,0.229,0,0,none,0,0,none,0,0,none,0,0,-99
2025,10,14,0,1,0,3,-99,-99,-99,-99,-99,0,0,7,0.87,5,0.815,0,0,none,0,0,none,0,0,none,0,0,-99
2025,10,15,0,1,0,3,-99,-99,-99,-99,-99,0,0,1,0.291,5,0.783,0,0,none,0,0,none,0,0,none,0,0,-99
2025,10,16,0,1,0,3,-99,-99,-99,-99,-99,0,0,1,0.085,5,0.499,0,0,none,0,0,none,0,0,none,0,0,-99
2025,11,1,1,0,0,1,-99,-99,-99,-99,-99,0,0,0,0,5,0.69,0,0,none,0,0,none,0,0,none,0,0,-99
2025,11,2,1,0,0,1,-99,-99,-99,-99,-99,0,0,0,0,0,0,0,0,none,0,0,none,0,0,none,0,0,-99
2025,11,3,1,0,0,1,-99,-99,-99,-99,-99,0,0,0,0,2,0.331,0,0,none,0,0,none,0,0,none,0,0,-99
2025,11,4,1,0,0,1,-99,-99,-99,-99,-99,0,0,3,0.805,3,0.888,0,0,none,0,0,none,0,0,none,0,0,-99
2025,11,5,1,0,0,1,-99,-99,-99,-99,-99,0,0,0,0,0,0,0,0,none,0,0,none,0,0,none,0,0,-99
2025,11,6,1,0,0,1,-99,-99,-99,-99,-99,0,0,0,0,6,1.203,0,0,none,0,0,none,0,0,none,0,0,-99
2025,11,7,1,0,0,1,-99,-99,-99,-99,-99,0,0,0,0,2,0.242,0,0,none,0,0,none,0,0,none,0,0,-99
2025,11,8,1,0,0,1,-99,-99,-99,-99,-99,0,0,4,0.645,1,0.341,0,0,none,0,0,none,0,0,none,0,0,-99
2025,11,9,1,0,0,1,-99,-99,-99,-99,-99,0,0,1,0.154,3,0.843,0,0,none,0,0,none,0,0,none,0,0,-99
2025,11,10,1,0,0,1,-99,-99,-99,-99,-99,0,0,3,0.57,0,0,0,0,none,0,0,none,0,0,none,0,0,-99
2025,11,11,0,0,0,1,-99,-99,-99,-99,-99,0,0,0,0,0,0,0,0,none,0,0,none,0,0,none,0,0,-99
2025,11,12,0,0,0,1,-99,-99,-99,-99,-99,0,0,0,0,5,0.41,0,0,none,0,0,none,0,0,none,0,0,-99
2025,11,13,0,0,0,1,-99,-99,-99,-99,-99,0,0,0,0,0,0,0,0,none,0,0,none,0,0,none,0,0,-99
2025,11,14,0,0,0,1,-99,-99,-99,-99,-99,0,0,1,0.024,0,0,0,0,none,0,0,none,0,0,none,0,0,-99
2025,11,15,0,0,0,1,-99,-99,-99,-99,-99,1,0.673,1,0.051,0,0,0,0,none,0,0,none,0,0,none,0,0,-99
2025,11,16,0,0,0,1,-99,-99,-99,-99,-99,0,0,1,0.148,4,0.87,0,0,none,0,0,none,0,0,none,0,0,-99
2025,12,1,1,0,1,2,-99,-99,-99,-99,-99,0,0,0,0,2,0.139,0,0,none,0,0,none,0,0,none,0,0,-99
2025,12,2,1,0,1,2,-99,-99,-99,-99,-99,0,0,0,0,0,0,0,0,none,0,0,none,0,0,none,0,0,-99
2025,12,3,1,0,1,2,-99,-99,-99,-99,-99,0,0,0,0,0,0,0,0,none,0,0,none,0,0,none,0,0,-99
2025,12,4,1,0,1,2,-99,-99,-99,-99,-99,0,0,0,0,0,0,0,0,none,0,0,none,0,0,none,0,0,-99
2025,12,5,1,0,1,2,-99,-99,-99,-99,-99,0,0,0,0,0,0,0,0,none,0,0,none,0,0,none,0,0,-99
2025,12,6,1,0,1,2,-99,-99,-99,-99,-99,0,0,0,0,0,0,0,0,none,0,0,none,0,0,none,0,0,-99
2025,12,7,1,0,1,2,-99,-99,-99,-99,-99,0,0,0,0,0,0,0,0,none,0,0,none,0,0,none,0,0,-99
2025,12,8,1,0,1,2,-99,-99,-99,-99,-99,0,0,0,0,0,0,0,0,none,0,0,none,0,0,none,0,0,-99
2025,12,9,1,0,1,2,-99,-99,-99,-99,-99,0,0,0,0,0,0,0,0,none,0,0,none,0,0,none,0,0,-99
2025,12,10,1,0,1,2,-99,-99,-99,-99,-99,0,0,0,0,0,0,0,0,none,0,0,none,0,0,none,0,0,-99
2025,12,11,0,0,1,2,-99,-99,-99,-99,-99,0,0,0,0,0,0,0,0,none,0,0,none,0,0,none,0,0,-99
2025,12,12,0,0,1,2,-99,-99,-99,-99,-99,0,0,0,0,0,0,0,0,none,0,0,none,0,0,none,0,0,-99
2025,12,13,0,0,1,2,-99,-99,-99,-99,-99,0,0,0,0,0,0,0,0,none,0,0,none,0,0,none,0,0,-99
2025,12,14,0,0,1,2,-99,-99,-99,-99,-99,0,0,0,0,2,0.177,0,0,none,0,0,none,0,0,none,0,0,-99
2025,12,15,0,0,1,2,-99,-99,-99,-99,-99,0,0,9,1.093,0,0,0,0,none,0,0,none,0,0,none,0,0,-99
2025,12,16,0,0,1,2,-99,-99,-99,-99,-99,0,0,0,0,4,0.479,0,0,none,0,0,none,0,0,none,0,0,-99
