Year,Chamber,Quadrat,InOut,CO2,Nitrogen,Treatment,StemDoubleCount1,StemDoubleCount2,StemCount,QuadratArea
2005,1,1,1,1,1,4,-99,-99,38,0.09
2005,1,2,1,1,1,4,-99,-99,42,0.09
2005,1,3,1,1,1,4,-99,-99,39,0.09
2005,1,4,1,1,1,4,-99,-99,30,0.09
2005,1,5,1,1,1,4,-99,-99,41,0.09
2005,1,6,1,1,1,4,-99,-99,52,0.09
2005,1,7,0,1,1,4,-99,-99,53,0.09
2005,1,8,0,1,1,4,-99,-99,40,0.09
2005,2,1,1,0,0,1,-99,-99,44,0.09
2005,2,2,1,0,0,1,-99,-99,38,0.09
2005,2,3,1,0,0,1,-99,-99,60,0.09
2005,2,4,1,0,0,1,-99,-99,32,0.09
2005,2,5,1,0,0,1,-99,-99,47,0.09
2005,2,6,1,0,0,1,-99,-99,26,0.09
2005,2,7,0,0,0,1,-99,-99,37,0.09
2005,2,8,0,0,0,1,-99,-99,48,0.09
2005,3,1,1,1,0,3,-99,-99,38,0.09
2005,3,2,1,1,0,3,-99,-99,38,0.09
2005,3,3,1,1,0,3,-99,-99,40,0.09
2005,3,4,1,1,0,3,-99,-99,48,0.09
2005,3,5,1,1,0,3,-99,-99,74,0.09
2005,3,6,1,1,0,3,-99,-99,44,0.09
2005,3,7,0,1,0,3,-99,-99,54,0.09
2005,3,8,0,1,0,3,-99,-99,61,0.09
2005,4,1,1,0,1,2,-99,-99,42,0.09
2005,4,2,1,0,1,2,-99,-99,52,0.09
2005,4,3,1,0,1,2,-99,-99,48,0.09
2005,4,4,1,0,1,2,-99,-99,47,0.09
2005,4,5,1,0,1,2,-99,-99,66,0.09
2005,4,6,1,0,1,2,-99,-99,56,0.09
2005,4,7,0,0,1,2,-99,-99,66,0.09
2005,4,8,0,0,1,2,-99,-99,48,0.09
2005,5,1,1,1,1,4,-99,-99,48,0.09
2005,5,2,1,1,1,4,-99,-99,64,0.09
2005,5,3,1,1,1,4,-99,-99,36,0.09
2005,5,4,1,1,1,4,-99,-99,68,0.09
2005,5,5,1,1,1,4,-99,-99,37,0.09
2005,5,6,1,1,1,4,-99,-99,59,0.09
2005,5,7,0,1,1,4,-99,-99,39,0.09
2005,5,8,0,1,1,4,-99,-99,34,0.09
2005,6,1,1,0,0,1,-99,-99,53,0.09
2005,6,2,1,0,0,1,-99,-99,53,0.09
2005,6,3,1,0,0,1,-99,-99,45,0.09
2005,6,4,1,0,0,1,-99,-99,37,0.09
2005,6,5,1,0,0,1,-99,-99,43,0.09
2005,6,6,1,0,0,1,-99,-99,60,0.09
2005,6,7,0,0,0,1,-99,-99,54,0.09
2005,6,8,0,0,0,1,-99,-99,43,0.09
2005,7,1,1,0,0,1,-99,-99,42,0.09
2005,7,2,1,0,0,1,-99,-99,35,0.09
2005,7,3,1,0,0,1,-99,-99,35,0.09
2005,7,4,1,0,0,1,-99,-99,20,0.09
2005,7,5,1,0,0,1,-99,-99,64,0.09
2005,7,6,1,0,0,1,-99,-99,41,0.09
2005,7,7,0,0,0,1,-99,-99,53,0.09
2005,7,8,0,0,0,1,-99,-99,40,0.09
2005,8,1,1,1,0,3,-99,-99,48,0.09
2005,8,2,1,1,0,3,-99,-99,23,0.09
2005,8,3,1,1,0,3,-99,-99,32,0.09
2005,8,4,1,1,0,3,-99,-99,50,0.09
2005,8,5,1,1,0,3,-99,-99,67,0.09
2005,8,6,1,1,0,3,-99,-99,44,0.09
2005,8,7,0,1,0,3,-99,-99,46,0.09
2005,8,8,0,1,0,3,-99,-99,30,0.09
2005,9,1,1,1,0,3,-99,-99,63,0.09
2005,9,2,1,1,0,3,-99,-99,52,0.09
2005,9,3,1,1,0,3,-99,-99,49,0.09
2005,9,4,1,1,0,3,-99,-99,51,0.09
2005,9,5,1,1,0,3,-99,-99,60,0.09
2005,9,6,1,1,0,3,-99,-99,54,0.09
2005,9,7,0,1,0,3,-99,-99,58,0.09
2005,9,8,0,1,0,3,-99,-99,53,0.09
2005,10,1,1,0,1,2,-99,-99,44,0.09
2005,10,2,1,0,1,2,-99,-99,35,0.09
2005,10,3,1,0,1,2,-99,-99,50,0.09
2005,10,4,1,0,1,2,-99,-99,49,0.09
2005,10,5,1,0,1,2,-99,-99,64,0.09
2005,10,6,1,0,1,2,-99,-99,49,0.09
2005,10,7,0,0,1,2,-99,-99,66,0.09
2005,10,8,0,0,1,2,-99,-99,51,0.09
2005,11,1,1,0,1,2,-99,-99,54,0.09
2005,11,2,1,0,1,2,-99,-99,58,0.09
2005,11,3,1,0,1,2,-99,-99,36,0.09
2005,11,4,1,0,1,2,-99,-99,49,0.09
2005,11,5,1,0,1,2,-99,-99,69,0.09
2005,11,6,1,0,1,2,-99,-99,48,0.09
2005,11,7,0,0,1,2,-99,-99,43,0.09
2005,11,8,0,0,1,2,-99,-99,85,0.09
2005,12,1,1,1,1,4,-99,-99,66,0.09
2005,12,2,1,1,1,4,-99,-99,46,0.09
2005,12,3,1,1,1,4,-99,-99,57,0.09
2005,12,4,1,1,1,4,-99,-99,44,0.09
2005,12,5,1,1,1,4,-99,-99,43,0.09
2005,12,6,1,1,1,4,-99,-99,62,0.09
2005,12,7,0,1,1,4,-99,-99,50,0.09
2005,12,8,0,1,1,4,-99,-99,46,0.09
2005,13,1,1,1,0,3,-99,-99,32,0.09
2005,13,2,1,1,0,3,-99,-99,53,0.09
2005,13,3,1,1,0,3,-99,-99,42,0.09
2005,13,4,1,1,0,3,-99,-99,43,0.09
2005,13,5,1,1,0,3,-99,-99,44,0.09
2005,13,6,1,1,0,3,-99,-99,37,0.09
2005,13,7,0,1,0,3,-99,-99,52,0.09
2005,13,8,0,1,0,3,-99,-99,40,0.09
2005,14,1,1,0,1,2,-99,-99,18,0.09
2005,14,2,1,0,1,2,-99,-99,44,0.09
2005,14,3,1,0,1,2,-99,-99,46,0.09
2005,14,4,1,0,1,2,-99,-99,35,0.09
2005,14,5,1,0,1,2,-99,-99,20,0.09
2005,14,6,1,0,1,2,-99,-99,54,0.09
2005,14,7,0,0,1,2,-99,-99,50,0.09
2005,14,8,0,0,1,2,-99,-99,48,0.09
2005,15,1,1,1,1,4,-99,-99,41,0.09
2005,15,2,1,1,1,4,-99,-99,36,0.09
2005,15,3,1,1,1,4,-99,-99,46,0.09
2005,15,4,1,1,1,4,-99,-99,72,0.09
2005,15,5,1,1,1,4,-99,-99,68,0.09
2005,15,6,1,1,1,4,-99,-99,23,0.09
2005,15,7,0,1,1,4,-99,-99,46,0.09
2005,15,8,0,1,1,4,-99,-99,67,0.09
2005,16,1,1,0,0,1,-99,-99,70,0.09
2005,16,2,1,0,0,1,-99,-99,72,0.09
2005,16,3,1,0,0,1,-99,-99,62,0.09
2005,16,4,1,0,0,1,-99,-99,73,0.09
2005,16,5,1,0,0,1,-99,-99,63,0.09
2005,16,6,1,0,0,1,-99,-99,78,0.09
2005,16,7,0,0,0,1,-99,-99,61,0.09
2005,16,8,0,0,0,1,-99,-99,50,0.09
2005,17,1,1,0,0,1,-99,-99,65,0.09
2005,17,2,1,0,0,1,-99,-99,54,0.09
2005,17,3,1,0,0,1,-99,-99,57,0.09
2005,17,4,1,0,0,1,-99,-99,51,0.09
2005,17,5,1,0,0,1,-99,-99,49,0.09
2005,17,6,1,0,0,1,-99,-99,58,0.09
2005,17,7,0,0,0,1,-99,-99,58,0.09
2005,17,8,0,0,0,1,-99,-99,72,0.09
2005,18,1,1,1,1,4,-99,-99,45,0.09
2005,18,2,1,1,1,4,-99,-99,47,0.09
2005,18,3,1,1,1,4,-99,-99,70,0.09
2005,18,4,1,1,1,4,-99,-99,65,0.09
2005,18,5,1,1,1,4,-99,-99,85,0.09
2005,18,6,1,1,1,4,-99,-99,59,0.09
2005,18,7,0,1,1,4,-99,-99,61,0.09
2005,18,8,0,1,1,4,-99,-99,78,0.09
2005,19,1,1,1,0,3,-99,-99,50,0.09
2005,19,2,1,1,0,3,-99,-99,40,0.09
2005,19,3,1,1,0,3,-99,-99,43,0.09
2005,19,4,1,1,0,3,-99,-99,69,0.09
2005,19,5,1,1,0,3,-99,-99,59,0.09
2005,19,6,1,1,0,3,-99,-99,60,0.09
2005,19,7,0,1,0,3,-99,-99,59,0.09
2005,19,8,0,1,0,3,-99,-99,58,0.09
2005,20,1,1,0,1,2,-99,-99,38,0.09
2005,20,2,1,0,1,2,-99,-99,50,0.09
2005,20,3,1,0,1,2,-99,-99,49,0.09
2005,20,4,1,0,1,2,-99,-99,65,0.09
2005,20,5,1,0,1,2,-99,-99,72,0.09
2005,20,6,1,0,1,2,-99,-99,54,0.09
2005,20,7,0,0,1,2,-99,-99,31,0.09
2005,20,8,0,0,1,2,-99,-99,58,0.09
2006,1,1,1,1,1,4,-99,-99,36,0.09
2006,1,2,1,1,1,4,-99,-99,50,0.09
2006,1,3,1,1,1,4,-99,-99,68,0.09
2006,1,4,1,1,1,4,-99,-99,70,0.09
2006,1,5,1,1,1,4,-99,-99,48,0.09
2006,1,6,1,1,1,4,-99,-99,52,0.09
2006,1,7,0,1,1,4,-99,-99,48,0.09
2006,1,8,0,1,1,4,-99,-99,30,0.09
2006,2,1,1,0,0,1,-99,-99,36,0.09
2006,2,2,1,0,0,1,-99,-99,35,0.09
2006,2,3,1,0,0,1,-99,-99,46,0.09
2006,2,4,1,0,0,1,-99,-99,31,0.09
2006,2,5,1,0,0,1,-99,-99,35,0.09
2006,2,6,1,0,0,1,-99,-99,26,0.09
2006,2,7,0,0,0,1,-99,-99,31,0.09
2006,2,8,0,0,0,1,-99,-99,40,0.09
2006,3,1,1,1,0,3,-99,-99,55,0.09
2006,3,2,1,1,0,3,-99,-99,19,0.09
2006,3,3,1,1,0,3,-99,-99,46,0.09
2006,3,4,1,1,0,3,-99,-99,35,0.09
2006,3,5,1,1,0,3,-99,-99,50,0.09
2006,3,6,1,1,0,3,-99,-99,63,0.09
2006,3,7,0,1,0,3,-99,-99,43,0.09
2006,3,8,0,1,0,3,-99,-99,33,0.09
2006,4,1,1,0,1,2,-99,-99,37,0.09
2006,4,2,1,0,1,2,-99,-99,55,0.09
2006,4,3,1,0,1,2,-99,-99,36,0.09
2006,4,4,1,0,1,2,-99,-99,40,0.09
2006,4,5,1,0,1,2,-99,-99,54,0.09
2006,4,6,1,0,1,2,-99,-99,34,0.09
2006,4,7,0,0,1,2,-99,-99,49,0.09
2006,4,8,0,0,1,2,-99,-99,32,0.09
2006,5,1,1,1,1,4,-99,-99,60,0.09
2006,5,2,1,1,1,4,-99,-99,59,0.09
2006,5,3,1,1,1,4,-99,-99,44,0.09
2006,5,4,1,1,1,4,-99,-99,38,0.09
2006,5,5,1,1,1,4,-99,-99,55,0.09
2006,5,6,1,1,1,4,-99,-99,64,0.09
2006,5,7,0,1,1,4,-99,-99,30,0.09
2006,5,8,0,1,1,4,-99,-99,45,0.09
2006,6,1,1,0,0,1,-99,-99,42,0.09
2006,6,2,1,0,0,1,-99,-99,52,0.09
2006,6,3,1,0,0,1,-99,-99,57,0.09
2006,6,4,1,0,0,1,-99,-99,35,0.09
2006,6,5,1,0,0,1,-99,-99,29,0.09
2006,6,6,1,0,0,1,-99,-99,44,0.09
2006,6,7,0,0,0,1,-99,-99,53,0.09
2006,6,8,0,0,0,1,-99,-99,33,0.09
2006,7,1,1,0,0,1,-99,-99,23,0.09
2006,7,2,1,0,0,1,-99,-99,16,0.09
2006,7,3,1,0,0,1,-99,-99,35,0.09
2006,7,4,1,0,0,1,-99,-99,29,0.09
2006,7,5,1,0,0,1,-99,-99,38,0.09
2006,7,6,1,0,0,1,-99,-99,39,0.09
2006,7,7,0,0,0,1,-99,-99,50,0.09
2006,7,8,0,0,0,1,-99,-99,40,0.09
2006,8,1,1,1,0,3,-99,-99,44,0.09
2006,8,2,1,1,0,3,-99,-99,33,0.09
2006,8,3,1,1,0,3,-99,-99,29,0.09
2006,8,4,1,1,0,3,-99,-99,25,0.09
2006,8,5,1,1,0,3,-99,-99,30,0.09
2006,8,6,1,1,0,3,-99,-99,47,0.09
2006,8,7,0,1,0,3,-99,-99,38,0.09
2006,8,8,0,1,0,3,-99,-99,24,0.09
2006,9,1,1,1,0,3,-99,-99,51,0.09
2006,9,2,1,1,0,3,-99,-99,45,0.09
2006,9,3,1,1,0,3,-99,-99,52,0.09
2006,9,4,1,1,0,3,-99,-99,42,0.09
2006,9,5,1,1,0,3,-99,-99,33,0.09
2006,9,6,1,1,0,3,-99,-99,44,0.09
2006,9,7,0,1,0,3,-99,-99,31,0.09
2006,9,8,0,1,0,3,-99,-99,35,0.09
2006,10,1,1,0,1,2,-99,-99,40,0.09
2006,10,2,1,0,1,2,-99,-99,38,0.09
2006,10,3,1,0,1,2,-99,-99,49,0.09
2006,10,4,1,0,1,2,-99,-99,45,0.09
2006,10,5,1,0,1,2,-99,-99,41,0.09
2006,10,6,1,0,1,2,-99,-99,42,0.09
2006,10,7,0,0,1,2,-99,-99,30,0.09
2006,10,8,0,0,1,2,-99,-99,27,0.09
2006,11,1,1,0,1,2,-99,-99,35,0.09
2006,11,2,1,0,1,2,-99,-99,59,0.09
2006,11,3,1,0,1,2,-99,-99,50,0.09
2006,11,4,1,0,1,2,-99,-99,41,0.09
2006,11,5,1,0,1,2,-99,-99,47,0.09
2006,11,6,1,0,1,2,-99,-99,41,0.09
2006,11,7,0,0,1,2,-99,-99,33,0.09
2006,11,8,0,0,1,2,-99,-99,43,0.09
2006,12,1,1,1,1,4,-99,-99,61,0.09
2006,12,2,1,1,1,4,-99,-99,40,0.09
2006,12,3,1,1,1,4,-99,-99,40,0.09
2006,12,4,1,1,1,4,-99,-99,42,0.09
2006,12,5,1,1,1,4,-99,-99,38,0.09
2006,12,6,1,1,1,4,-99,-99,41,0.09
2006,12,7,0,1,1,4,-99,-99,27,0.09
2006,12,8,0,1,1,4,-99,-99,27,0.09
2006,13,1,1,1,0,3,-99,-99,34,0.09
2006,13,2,1,1,0,3,-99,-99,40,0.09
2006,13,3,1,1,0,3,-99,-99,23,0.09
2006,13,4,1,1,0,3,-99,-99,42,0.09
2006,13,5,1,1,0,3,-99,-99,42,0.09
2006,13,6,1,1,0,3,-99,-99,46,0.09
2006,13,7,0,1,0,3,-99,-99,57,0.09
2006,13,8,0,1,0,3,-99,-99,53,0.09
2006,14,1,1,0,1,2,-99,-99,54,0.09
2006,14,2,1,0,1,2,-99,-99,40,0.09
2006,14,3,1,0,1,2,-99,-99,40,0.09
2006,14,4,1,0,1,2,-99,-99,50,0.09
2006,14,5,1,0,1,2,-99,-99,52,0.09
2006,14,6,1,0,1,2,-99,-99,36,0.09
2006,14,7,0,0,1,2,-99,-99,48,0.09
2006,14,8,0,0,1,2,-99,-99,40,0.09
2006,15,1,1,1,1,4,-99,-99,34,0.09
2006,15,2,1,1,1,4,-99,-99,48,0.09
2006,15,3,1,1,1,4,-99,-99,43,0.09
2006,15,4,1,1,1,4,-99,-99,49,0.09
2006,15,5,1,1,1,4,-99,-99,65,0.09
2006,15,6,1,1,1,4,-99,-99,44,0.09
2006,15,7,0,1,1,4,-99,-99,48,0.09
2006,15,8,0,1,1,4,-99,-99,38,0.09
2006,16,1,1,0,0,1,-99,-99,35,0.09
2006,16,2,1,0,0,1,-99,-99,54,0.09
2006,16,3,1,0,0,1,-99,-99,33,0.09
2006,16,4,1,0,0,1,-99,-99,45,0.09
2006,16,5,1,0,0,1,-99,-99,43,0.09
2006,16,6,1,0,0,1,-99,-99,49,0.09
2006,16,7,0,0,0,1,-99,-99,31,0.09
2006,16,8,0,0,0,1,-99,-99,27,0.09
2006,17,1,1,0,0,1,-99,-99,46,0.09
2006,17,2,1,0,0,1,-99,-99,34,0.09
2006,17,3,1,0,0,1,-99,-99,64,0.09
2006,17,4,1,0,0,1,-99,-99,55,0.09
2006,17,5,1,0,0,1,-99,-99,42,0.09
2006,17,6,1,0,0,1,-99,-99,40,0.09
2006,17,7,0,0,0,1,-99,-99,45,0.09
2006,17,8,0,0,0,1,-99,-99,44,0.09
2006,18,1,1,1,1,4,-99,-99,51,0.09
2006,18,2,1,1,1,4,-99,-99,59,0.09
2006,18,3,1,1,1,4,-99,-99,70,0.09
2006,18,4,1,1,1,4,-99,-99,63,0.09
2006,18,5,1,1,1,4,-99,-99,51,0.09
2006,18,6,1,1,1,4,-99,-99,47,0.09
2006,18,7,0,1,1,4,-99,-99,50,0.09
2006,18,8,0,1,1,4,-99,-99,54,0.09
2006,19,1,1,1,0,3,-99,-99,32,0.09
2006,19,2,1,1,0,3,-99,-99,34,0.09
2006,19,3,1,1,0,3,-99,-99,28,0.09
2006,19,4,1,1,0,3,-99,-99,42,0.09
2006,19,5,1,1,0,3,-99,-99,28,0.09
2006,19,6,1,1,0,3,-99,-99,58,0.09
2006,19,7,0,1,0,3,-99,-99,43,0.09
2006,19,8,0,1,0,3,-99,-99,54,0.09
2006,20,1,1,0,1,2,-99,-99,25,0.09
2006,20,2,1,0,1,2,-99,-99,35,0.09
2006,20,3,1,0,1,2,-99,-99,16,0.09
2006,20,4,1,0,1,2,-99,-99,34,0.09
2006,20,5,1,0,1,2,-99,-99,33,0.09
2006,20,6,1,0,1,2,-99,-99,19,0.09
2006,20,7,0,0,1,2,-99,-99,28,0.09
2006,20,8,0,0,1,2,-99,-99,22,0.09
2007,1,1,1,1,1,4,-99,-99,23,0.09
2007,1,2,1,1,1,4,-99,-99,30,0.09
2007,1,3,1,1,1,4,-99,-99,59,0.09
2007,1,4,1,1,1,4,-99,-99,53,0.09
2007,1,5,1,1,1,4,-99,-99,52,0.09
2007,1,6,1,1,1,4,-99,-99,66,0.09
2007,1,7,0,1,1,4,-99,-99,38,0.09
2007,1,8,0,1,1,4,-99,-99,29,0.09
2007,2,1,1,0,0,1,-99,-99,32,0.09
2007,2,2,1,0,0,1,-99,-99,40,0.09
2007,2,3,1,0,0,1,-99,-99,30,0.09
2007,2,4,1,0,0,1,-99,-99,35,0.09
2007,2,5,1,0,0,1,-99,-99,42,0.09
2007,2,6,1,0,0,1,-99,-99,33,0.09
2007,2,7,0,0,0,1,-99,-99,50,0.09
2007,2,8,0,0,0,1,-99,-99,27,0.09
2007,3,1,1,1,0,3,-99,-99,48,0.09
2007,3,2,1,1,0,3,-99,-99,51,0.09
2007,3,3,1,1,0,3,-99,-99,40,0.09
2007,3,4,1,1,0,3,-99,-99,37,0.09
2007,3,5,1,1,0,3,-99,-99,63,0.09
2007,3,6,1,1,0,3,-99,-99,59,0.09
2007,3,7,0,1,0,3,-99,-99,60,0.09
2007,3,8,0,1,0,3,-99,-99,34,0.09
2007,4,1,1,0,1,2,-99,-99,44,0.09
2007,4,2,1,0,1,2,-99,-99,31,0.09
2007,4,3,1,0,1,2,-99,-99,43,0.09
2007,4,4,1,0,1,2,-99,-99,47,0.09
2007,4,5,1,0,1,2,-99,-99,45,0.09
2007,4,6,1,0,1,2,-99,-99,43,0.09
2007,4,7,0,0,1,2,-99,-99,58,0.09
2007,4,8,0,0,1,2,-99,-99,36,0.09
2007,5,1,1,1,1,4,-99,-99,68,0.09
2007,5,2,1,1,1,4,-99,-99,71,0.09
2007,5,3,1,1,1,4,-99,-99,50,0.09
2007,5,4,1,1,1,4,-99,-99,51,0.09
2007,5,5,1,1,1,4,-99,-99,58,0.09
2007,5,6,1,1,1,4,-99,-99,44,0.09
2007,5,7,0,1,1,4,-99,-99,41,0.09
2007,5,8,0,1,1,4,-99,-99,53,0.09
2007,6,1,1,0,0,1,-99,-99,61,0.09
2007,6,2,1,0,0,1,-99,-99,48,0.09
2007,6,3,1,0,0,1,-99,-99,59,0.09
2007,6,4,1,0,0,1,-99,-99,49,0.09
2007,6,5,1,0,0,1,-99,-99,48,0.09
2007,6,6,1,0,0,1,-99,-99,50,0.09
2007,6,7,0,0,0,1,-99,-99,34,0.09
2007,6,8,0,0,0,1,-99,-99,45,0.09
2007,7,1,1,0,0,1,-99,-99,33,0.09
2007,7,2,1,0,0,1,-99,-99,37,0.09
2007,7,3,1,0,0,1,-99,-99,31,0.09
2007,7,4,1,0,0,1,-99,-99,33,0.09
2007,7,5,1,0,0,1,-99,-99,52,0.09
2007,7,6,1,0,0,1,-99,-99,61,0.09
2007,7,7,0,0,0,1,-99,-99,50,0.09
2007,7,8,0,0,0,1,-99,-99,42,0.09
2007,8,1,1,1,0,3,-99,-99,45,0.09
2007,8,2,1,1,0,3,-99,-99,39,0.09
2007,8,3,1,1,0,3,-99,-99,42,0.09
2007,8,4,1,1,0,3,-99,-99,43,0.09
2007,8,5,1,1,0,3,-99,-99,39,0.09
2007,8,6,1,1,0,3,-99,-99,46,0.09
2007,8,7,0,1,0,3,-99,-99,44,0.09
2007,8,8,0,1,0,3,-99,-99,51,0.09
2007,9,1,1,1,0,3,-99,-99,54,0.09
2007,9,2,1,1,0,3,-99,-99,46,0.09
2007,9,3,1,1,0,3,-99,-99,46,0.09
2007,9,4,1,1,0,3,-99,-99,42,0.09
2007,9,5,1,1,0,3,-99,-99,36,0.09
2007,9,6,1,1,0,3,-99,-99,52,0.09
2007,9,7,0,1,0,3,-99,-99,47,0.09
2007,9,8,0,1,0,3,-99,-99,44,0.09
2007,10,1,1,0,1,2,-99,-99,38,0.09
2007,10,2,1,0,1,2,-99,-99,34,0.09
2007,10,3,1,0,1,2,-99,-99,44,0.09
2007,10,4,1,0,1,2,-99,-99,50,0.09
2007,10,5,1,0,1,2,-99,-99,67,0.09
2007,10,6,1,0,1,2,-99,-99,43,0.09
2007,10,7,0,0,1,2,-99,-99,29,0.09
2007,10,8,0,0,1,2,-99,-99,42,0.09
2007,11,1,1,0,1,2,-99,-99,37,0.09
2007,11,2,1,0,1,2,-99,-99,38,0.09
2007,11,3,1,0,1,2,-99,-99,52,0.09
2007,11,4,1,0,1,2,-99,-99,31,0.09
2007,11,5,1,0,1,2,-99,-99,46,0.09
2007,11,6,1,0,1,2,-99,-99,34,0.09
2007,11,7,0,0,1,2,-99,-99,45,0.09
2007,11,8,0,0,1,2,-99,-99,68,0.09
2007,12,1,1,1,1,4,-99,-99,42,0.09
2007,12,2,1,1,1,4,-99,-99,50,0.09
2007,12,3,1,1,1,4,-99,-99,37,0.09
2007,12,4,1,1,1,4,-99,-99,73,0.09
2007,12,5,1,1,1,4,-99,-99,73,0.09
2007,12,6,1,1,1,4,-99,-99,67,0.09
2007,12,7,0,1,1,4,-99,-99,30,0.09
2007,12,8,0,1,1,4,-99,-99,55,0.09
2007,13,1,1,1,0,3,-99,-99,36,0.09
2007,13,2,1,1,0,3,-99,-99,39,0.09
2007,13,3,1,1,0,3,-99,-99,39,0.09
2007,13,4,1,1,0,3,-99,-99,40,0.09
2007,13,5,1,1,0,3,-99,-99,60,0.09
2007,13,6,1,1,0,3,-99,-99,50,0.09
2007,13,7,0,1,0,3,-99,-99,53,0.09
2007,13,8,0,1,0,3,-99,-99,43,0.09
2007,14,1,1,0,1,2,-99,-99,50,0.09
2007,14,2,1,0,1,2,-99,-99,32,0.09
2007,14,3,1,0,1,2,-99,-99,45,0.09
2007,14,4,1,0,1,2,-99,-99,35,0.09
2007,14,5,1,0,1,2,-99,-99,40,0.09
2007,14,6,1,0,1,2,-99,-99,37,0.09
2007,14,7,0,0,1,2,-99,-99,35,0.09
2007,14,8,0,0,1,2,-99,-99,52,0.09
2007,15,1,1,1,1,4,-99,-99,66,0.09
2007,15,2,1,1,1,4,-99,-99,65,0.09
2007,15,3,1,1,1,4,-99,-99,60,0.09
2007,15,4,1,1,1,4,-99,-99,59,0.09
2007,15,5,1,1,1,4,-99,-99,74,0.09
2007,15,6,1,1,1,4,-99,-99,63,0.09
2007,15,7,0,1,1,4,-99,-99,61,0.09
2007,15,8,0,1,1,4,-99,-99,49,0.09
2007,16,1,1,0,0,1,-99,-99,51,0.09
2007,16,2,1,0,0,1,-99,-99,45,0.09
2007,16,3,1,0,0,1,-99,-99,55,0.09
2007,16,4,1,0,0,1,-99,-99,48,0.09
2007,16,5,1,0,0,1,-99,-99,40,0.09
2007,16,6,1,0,0,1,-99,-99,56,0.09
2007,16,7,0,0,0,1,-99,-99,35,0.09
2007,16,8,0,0,0,1,-99,-99,42,0.09
2007,17,1,1,0,0,1,-99,-99,75,0.09
2007,17,2,1,0,0,1,-99,-99,49,0.09
2007,17,3,1,0,0,1,-99,-99,45,0.09
2007,17,4,1,0,0,1,-99,-99,34,0.09
2007,17,5,1,0,0,1,-99,-99,75,0.09
2007,17,6,1,0,0,1,-99,-99,50,0.09
2007,17,7,0,0,0,1,-99,-99,44,0.09
2007,17,8,0,0,0,1,-99,-99,47,0.09
2007,18,1,1,1,1,4,-99,-99,51,0.09
2007,18,2,1,1,1,4,-99,-99,66,0.09
2007,18,3,1,1,1,4,-99,-99,74,0.09
2007,18,4,1,1,1,4,-99,-99,70,0.09
2007,18,5,1,1,1,4,-99,-99,61,0.09
2007,18,6,1,1,1,4,-99,-99,55,0.09
2007,18,7,0,1,1,4,-99,-99,35,0.09
2007,18,8,0,1,1,4,-99,-99,63,0.09
2007,19,1,1,1,0,3,-99,-99,70,0.09
2007,19,2,1,1,0,3,-99,-99,60,0.09
2007,19,3,1,1,0,3,-99,-99,45,0.09
2007,19,4,1,1,0,3,-99,-99,63,0.09
2007,19,5,1,1,0,3,-99,-99,43,0.09
2007,19,6,1,1,0,3,-99,-99,52,0.09
2007,19,7,0,1,0,3,-99,-99,56,0.09
2007,19,8,0,1,0,3,-99,-99,65,0.09
2007,20,1,1,0,1,2,-99,-99,17,0.09
2007,20,2,1,0,1,2,-99,-99,23,0.09
2007,20,3,1,0,1,2,-99,-99,23,0.09
2007,20,4,1,0,1,2,-99,-99,19,0.09
2007,20,5,1,0,1,2,-99,-99,33,0.09
2007,20,6,1,0,1,2,-99,-99,35,0.09
2007,20,7,0,0,1,2,-99,-99,39,0.09
2007,20,8,0,0,1,2,-99,-99,16,0.09
2008,1,1,1,1,1,4,-99,-99,22,0.09
2008,1,2,1,1,1,4,-99,-99,33,0.09
2008,1,3,1,1,1,4,-99,-99,58,0.09
2008,1,4,1,1,1,4,-99,-99,58,0.09
2008,1,5,1,1,1,4,-99,-99,38,0.09
2008,1,6,1,1,1,4,-99,-99,59,0.09
2008,1,7,0,1,1,4,-99,-99,33,0.09
2008,1,8,0,1,1,4,-99,-99,50,0.09
2008,2,1,1,0,0,1,-99,-99,25,0.09
2008,2,2,1,0,0,1,-99,-99,38,0.09
2008,2,3,1,0,0,1,-99,-99,36,0.09
2008,2,4,1,0,0,1,-99,-99,33,0.09
2008,2,5,1,0,0,1,-99,-99,30,0.09
2008,2,6,1,0,0,1,-99,-99,46,0.09
2008,2,7,0,0,0,1,-99,-99,38,0.09
2008,2,8,0,0,0,1,-99,-99,42,0.09
2008,3,1,1,1,0,3,-99,-99,38,0.09
2008,3,2,1,1,0,3,-99,-99,31,0.09
2008,3,3,1,1,0,3,-99,-99,48,0.09
2008,3,4,1,1,0,3,-99,-99,42,0.09
2008,3,5,1,1,0,3,-99,-99,51,0.09
2008,3,6,1,1,0,3,-99,-99,41,0.09
2008,3,7,0,1,0,3,-99,-99,54,0.09
2008,3,8,0,1,0,3,-99,-99,34,0.09
2008,4,1,1,0,1,2,-99,-99,41,0.09
2008,4,2,1,0,1,2,-99,-99,43,0.09
2008,4,3,1,0,1,2,-99,-99,48,0.09
2008,4,4,1,0,1,2,-99,-99,40,0.09
2008,4,5,1,0,1,2,-99,-99,45,0.09
2008,4,6,1,0,1,2,-99,-99,35,0.09
2008,4,7,0,0,1,2,-99,-99,64,0.09
2008,4,8,0,0,1,2,-99,-99,42,0.09
2008,5,1,1,1,1,4,-99,-99,54,0.09
2008,5,2,1,1,1,4,-99,-99,38,0.09
2008,5,3,1,1,1,4,-99,-99,39,0.09
2008,5,4,1,1,1,4,-99,-99,39,0.09
2008,5,5,1,1,1,4,-99,-99,45,0.09
2008,5,6,1,1,1,4,-99,-99,36,0.09
2008,5,7,0,1,1,4,-99,-99,53,0.09
2008,5,8,0,1,1,4,-99,-99,38,0.09
2008,6,1,1,0,0,1,-99,-99,44,0.09
2008,6,2,1,0,0,1,-99,-99,55,0.09
2008,6,3,1,0,0,1,-99,-99,50,0.09
2008,6,4,1,0,0,1,-99,-99,63,0.09
2008,6,5,1,0,0,1,-99,-99,51,0.09
2008,6,6,1,0,0,1,-99,-99,39,0.09
2008,6,7,0,0,0,1,-99,-99,42,0.09
2008,6,8,0,0,0,1,-99,-99,38,0.09
2008,7,1,1,0,0,1,-99,-99,43,0.09
2008,7,2,1,0,0,1,-99,-99,33,0.09
2008,7,3,1,0,0,1,-99,-99,57,0.09
2008,7,4,1,0,0,1,-99,-99,35,0.09
2008,7,5,1,0,0,1,-99,-99,47,0.09
2008,7,6,1,0,0,1,-99,-99,32,0.09
2008,7,7,0,0,0,1,-99,-99,32,0.09
2008,7,8,0,0,0,1,-99,-99,33,0.09
2008,8,1,1,1,0,3,-99,-99,48,0.09
2008,8,2,1,1,0,3,-99,-99,49,0.09
2008,8,3,1,1,0,3,-99,-99,59,0.09
2008,8,4,1,1,0,3,-99,-99,32,0.09
2008,8,5,1,1,0,3,-99,-99,49,0.09
2008,8,6,1,1,0,3,-99,-99,51,0.09
2008,8,7,0,1,0,3,-99,-99,41,0.09
2008,8,8,0,1,0,3,-99,-99,37,0.09
2008,9,1,1,1,0,3,-99,-99,50,0.09
2008,9,2,1,1,0,3,-99,-99,53,0.09
2008,9,3,1,1,0,3,-99,-99,34,0.09
2008,9,4,1,1,0,3,-99,-99,52,0.09
2008,9,5,1,1,0,3,-99,-99,39,0.09
2008,9,6,1,1,0,3,-99,-99,46,0.09
2008,9,7,0,1,0,3,-99,-99,44,0.09
2008,9,8,0,1,0,3,-99,-99,55,0.09
2008,10,1,1,0,1,2,-99,-99,25,0.09
2008,10,2,1,0,1,2,-99,-99,27,0.09
2008,10,3,1,0,1,2,-99,-99,51,0.09
2008,10,4,1,0,1,2,-99,-99,43,0.09
2008,10,5,1,0,1,2,-99,-99,50,0.09
2008,10,6,1,0,1,2,-99,-99,27,0.09
2008,10,7,0,0,1,2,-99,-99,36,0.09
2008,10,8,0,0,1,2,-99,-99,42,0.09
2008,11,1,1,0,1,2,-99,-99,32,0.09
2008,11,2,1,0,1,2,-99,-99,37,0.09
2008,11,3,1,0,1,2,-99,-99,31,0.09
2008,11,4,1,0,1,2,-99,-99,29,0.09
2008,11,5,1,0,1,2,-99,-99,21,0.09
2008,11,6,1,0,1,2,-99,-99,29,0.09
2008,11,7,0,0,1,2,-99,-99,34,0.09
2008,11,8,0,0,1,2,-99,-99,59,0.09
2008,12,1,1,1,1,4,-99,-99,44,0.09
2008,12,2,1,1,1,4,-99,-99,50,0.09
2008,12,3,1,1,1,4,-99,-99,49,0.09
2008,12,4,1,1,1,4,-99,-99,51,0.09
2008,12,5,1,1,1,4,-99,-99,37,0.09
2008,12,6,1,1,1,4,-99,-99,60,0.09
2008,12,7,0,1,1,4,-99,-99,40,0.09
2008,12,8,0,1,1,4,-99,-99,48,0.09
2008,13,1,1,1,0,3,-99,-99,27,0.09
2008,13,2,1,1,0,3,-99,-99,44,0.09
2008,13,3,1,1,0,3,-99,-99,33,0.09
2008,13,4,1,1,0,3,-99,-99,54,0.09
2008,13,5,1,1,0,3,-99,-99,51,0.09
2008,13,6,1,1,0,3,-99,-99,37,0.09
2008,13,7,0,1,0,3,-99,-99,53,0.09
2008,13,8,0,1,0,3,-99,-99,47,0.09
2008,14,1,1,0,1,2,-99,-99,45,0.09
2008,14,2,1,0,1,2,-99,-99,33,0.09
2008,14,3,1,0,1,2,-99,-99,60,0.09
2008,14,4,1,0,1,2,-99,-99,46,0.09
2008,14,5,1,0,1,2,-99,-99,39,0.09
2008,14,6,1,0,1,2,-99,-99,27,0.09
2008,14,7,0,0,1,2,-99,-99,28,0.09
2008,14,8,0,0,1,2,-99,-99,31,0.09
2008,15,1,1,1,1,4,-99,-99,45,0.09
2008,15,2,1,1,1,4,-99,-99,45,0.09
2008,15,3,1,1,1,4,-99,-99,69,0.09
2008,15,4,1,1,1,4,-99,-99,47,0.09
2008,15,5,1,1,1,4,-99,-99,55,0.09
2008,15,6,1,1,1,4,-99,-99,42,0.09
2008,15,7,0,1,1,4,-99,-99,61,0.09
2008,15,8,0,1,1,4,-99,-99,54,0.09
2008,16,1,1,0,0,1,-99,-99,52,0.09
2008,16,2,1,0,0,1,-99,-99,58,0.09
2008,16,3,1,0,0,1,-99,-99,51,0.09
2008,16,4,1,0,0,1,-99,-99,39,0.09
2008,16,5,1,0,0,1,-99,-99,46,0.09
2008,16,6,1,0,0,1,-99,-99,47,0.09
2008,16,7,0,0,0,1,-99,-99,49,0.09
2008,16,8,0,0,0,1,-99,-99,44,0.09
2008,17,1,1,0,0,1,-99,-99,34,0.09
2008,17,2,1,0,0,1,-99,-99,57,0.09
2008,17,3,1,0,0,1,-99,-99,41,0.09
2008,17,4,1,0,0,1,-99,-99,42,0.09
2008,17,5,1,0,0,1,-99,-99,49,0.09
2008,17,6,1,0,0,1,-99,-99,54,0.09
2008,17,7,0,0,0,1,-99,-99,45,0.09
2008,17,8,0,0,0,1,-99,-99,35,0.09
2008,18,1,1,1,1,4,-99,-99,51,0.09
2008,18,2,1,1,1,4,-99,-99,65,0.09
2008,18,3,1,1,1,4,-99,-99,53,0.09
2008,18,4,1,1,1,4,-99,-99,52,0.09
2008,18,5,1,1,1,4,-99,-99,36,0.09
2008,18,6,1,1,1,4,-99,-99,38,0.09
2008,18,7,0,1,1,4,-99,-99,50,0.09
2008,18,8,0,1,1,4,-99,-99,62,0.09
2008,19,1,1,1,0,3,-99,-99,45,0.09
2008,19,2,1,1,0,3,-99,-99,67,0.09
2008,19,3,1,1,0,3,-99,-99,55,0.09
2008,19,4,1,1,0,3,-99,-99,83,0.09
2008,19,5,1,1,0,3,-99,-99,29,0.09
2008,19,6,1,1,0,3,-99,-99,43,0.09
2008,19,7,0,1,0,3,-99,-99,55,0.09
2008,19,8,0,1,0,3,-99,-99,50,0.09
2008,20,1,1,0,1,2,-99,-99,24,0.09
2008,20,2,1,0,1,2,-99,-99,39,0.09
2008,20,3,1,0,1,2,-99,-99,38,0.09
2008,20,4,1,0,1,2,-99,-99,58,0.09
2008,20,5,1,0,1,2,-99,-99,29,0.09
2008,20,6,1,0,1,2,-99,-99,38,0.09
2008,20,7,0,0,1,2,-99,-99,24,0.09
2008,20,8,0,0,1,2,-99,-99,55,0.09
2009,1,1,1,1,1,4,-99,-99,35,0.09
2009,1,2,1,1,1,4,-99,-99,44,0.09
2009,1,3,1,1,1,4,-99,-99,57,0.09
2009,1,4,1,1,1,4,-99,-99,51,0.09
2009,1,5,1,1,1,4,-99,-99,40,0.09
2009,1,6,1,1,1,4,-99,-99,51,0.09
2009,1,7,0,1,1,4,-99,-99,33,0.09
2009,1,8,0,1,1,4,-99,-99,30,0.09
2009,2,1,1,0,0,1,-99,-99,35,0.09
2009,2,2,1,0,0,1,-99,-99,38,0.09
2009,2,3,1,0,0,1,-99,-99,32,0.09
2009,2,4,1,0,0,1,-99,-99,34,0.09
2009,2,5,1,0,0,1,-99,-99,67,0.09
2009,2,6,1,0,0,1,-99,-99,46,0.09
2009,2,7,0,0,0,1,-99,-99,42,0.09
2009,2,8,0,0,0,1,-99,-99,55,0.09
2009,3,1,1,1,0,3,-99,-99,39,0.09
2009,3,2,1,1,0,3,-99,-99,56,0.09
2009,3,3,1,1,0,3,-99,-99,50,0.09
2009,3,4,1,1,0,3,-99,-99,68,0.09
2009,3,5,1,1,0,3,-99,-99,52,0.09
2009,3,6,1,1,0,3,-99,-99,67,0.09
2009,3,7,0,1,0,3,-99,-99,35,0.09
2009,3,8,0,1,0,3,-99,-99,44,0.09
2009,4,1,1,0,1,2,-99,-99,33,0.09
2009,4,2,1,0,1,2,-99,-99,39,0.09
2009,4,3,1,0,1,2,-99,-99,20,0.09
2009,4,4,1,0,1,2,-99,-99,28,0.09
2009,4,5,1,0,1,2,-99,-99,47,0.09
2009,4,6,1,0,1,2,-99,-99,42,0.09
2009,4,7,0,0,1,2,-99,-99,44,0.09
2009,4,8,0,0,1,2,-99,-99,64,0.09
2009,5,1,1,1,1,4,-99,-99,53,0.09
2009,5,2,1,1,1,4,-99,-99,58,0.09
2009,5,3,1,1,1,4,-99,-99,52,0.09
2009,5,4,1,1,1,4,-99,-99,32,0.09
2009,5,5,1,1,1,4,-99,-99,41,0.09
2009,5,6,1,1,1,4,-99,-99,36,0.09
2009,5,7,0,1,1,4,-99,-99,37,0.09
2009,5,8,0,1,1,4,-99,-99,66,0.09
2009,6,1,1,0,0,1,-99,-99,44,0.09
2009,6,2,1,0,0,1,-99,-99,44,0.09
2009,6,3,1,0,0,1,-99,-99,36,0.09
2009,6,4,1,0,0,1,-99,-99,43,0.09
2009,6,5,1,0,0,1,-99,-99,48,0.09
2009,6,6,1,0,0,1,-99,-99,42,0.09
2009,6,7,0,0,0,1,-99,-99,81,0.09
2009,6,8,0,0,0,1,-99,-99,42,0.09
2009,7,1,1,0,0,1,-99,-99,24,0.09
2009,7,2,1,0,0,1,-99,-99,41,0.09
2009,7,3,1,0,0,1,-99,-99,43,0.09
2009,7,4,1,0,0,1,-99,-99,38,0.09
2009,7,5,1,0,0,1,-99,-99,43,0.09
2009,7,6,1,0,0,1,-99,-99,51,0.09
2009,7,7,0,0,0,1,-99,-99,28,0.09
2009,7,8,0,0,0,1,-99,-99,43,0.09
2009,8,1,1,1,0,3,-99,-99,42,0.09
2009,8,2,1,1,0,3,-99,-99,40,0.09
2009,8,3,1,1,0,3,-99,-99,61,0.09
2009,8,4,1,1,0,3,-99,-99,40,0.09
2009,8,5,1,1,0,3,-99,-99,48,0.09
2009,8,6,1,1,0,3,-99,-99,64,0.09
2009,8,7,0,1,0,3,-99,-99,55,0.09
2009,8,8,0,1,0,3,-99,-99,50,0.09
2009,9,1,1,1,0,3,-99,-99,33,0.09
2009,9,2,1,1,0,3,-99,-99,59,0.09
2009,9,3,1,1,0,3,-99,-99,41,0.09
2009,9,4,1,1,0,3,-99,-99,56,0.09
2009,9,5,1,1,0,3,-99,-99,37,0.09
2009,9,6,1,1,0,3,-99,-99,35,0.09
2009,9,7,0,1,0,3,-99,-99,49,0.09
2009,9,8,0,1,0,3,-99,-99,44,0.09
2009,10,1,1,0,1,2,-99,-99,34,0.09
2009,10,2,1,0,1,2,-99,-99,22,0.09
2009,10,3,1,0,1,2,-99,-99,23,0.09
2009,10,4,1,0,1,2,-99,-99,37,0.09
2009,10,5,1,0,1,2,-99,-99,46,0.09
2009,10,6,1,0,1,2,-99,-99,38,0.09
2009,10,7,0,0,1,2,-99,-99,34,0.09
2009,10,8,0,0,1,2,-99,-99,62,0.09
2009,11,1,1,0,1,2,-99,-99,50,0.09
2009,11,2,1,0,1,2,-99,-99,50,0.09
2009,11,3,1,0,1,2,-99,-99,57,0.09
2009,11,4,1,0,1,2,-99,-99,52,0.09
2009,11,5,1,0,1,2,-99,-99,20,0.09
2009,11,6,1,0,1,2,-99,-99,17,0.09
2009,11,7,0,0,1,2,-99,-99,42,0.09
2009,11,8,0,0,1,2,-99,-99,50,0.09
2009,12,1,1,1,1,4,-99,-99,41,0.09
2009,12,2,1,1,1,4,-99,-99,72,0.09
2009,12,3,1,1,1,4,-99,-99,56,0.09
2009,12,4,1,1,1,4,-99,-99,30,0.09
2009,12,5,1,1,1,4,-99,-99,37,0.09
2009,12,6,1,1,1,4,-99,-99,25,0.09
2009,12,7,0,1,1,4,-99,-99,29,0.09
2009,12,8,0,1,1,4,-99,-99,29,0.09
2009,13,1,1,1,0,3,-99,-99,22,0.09
2009,13,2,1,1,0,3,-99,-99,53,0.09
2009,13,3,1,1,0,3,-99,-99,46,0.09
2009,13,4,1,1,0,3,-99,-99,51,0.09
2009,13,5,1,1,0,3,-99,-99,51,0.09
2009,13,6,1,1,0,3,-99,-99,36,0.09
2009,13,7,0,1,0,3,-99,-99,48,0.09
2009,13,8,0,1,0,3,-99,-99,37,0.09
2009,14,1,1,0,1,2,-99,-99,19,0.09
2009,14,2,1,0,1,2,-99,-99,37,0.09
2009,14,3,1,0,1,2,-99,-99,39,0.09
2009,14,4,1,0,1,2,-99,-99,20,0.09
2009,14,5,1,0,1,2,-99,-99,28,0.09
2009,14,6,1,0,1,2,-99,-99,41,0.09
2009,14,7,0,0,1,2,-99,-99,46,0.09
2009,14,8,0,0,1,2,-99,-99,18,0.09
2009,15,1,1,1,1,4,-99,-99,53,0.09
2009,15,2,1,1,1,4,-99,-99,63,0.09
2009,15,3,1,1,1,4,-99,-99,42,0.09
2009,15,4,1,1,1,4,-99,-99,37,0.09
2009,15,5,1,1,1,4,-99,-99,28,0.09
2009,15,6,1,1,1,4,-99,-99,51,0.09
2009,15,7,0,1,1,4,-99,-99,47,0.09
2009,15,8,0,1,1,4,-99,-99,50,0.09
2009,16,1,1,0,0,1,-99,-99,46,0.09
2009,16,2,1,0,0,1,-99,-99,68,0.09
2009,16,3,1,0,0,1,-99,-99,54,0.09
2009,16,4,1,0,0,1,-99,-99,76,0.09
2009,16,5,1,0,0,1,-99,-99,51,0.09
2009,16,6,1,0,0,1,-99,-99,45,0.09
2009,16,7,0,0,0,1,-99,-99,38,0.09
2009,16,8,0,0,0,1,-99,-99,38,0.09
2009,17,1,1,0,0,1,-99,-99,26,0.09
2009,17,2,1,0,0,1,-99,-99,54,0.09
2009,17,3,1,0,0,1,-99,-99,31,0.09
2009,17,4,1,0,0,1,-99,-99,60,0.09
2009,17,5,1,0,0,1,-99,-99,43,0.09
2009,17,6,1,0,0,1,-99,-99,31,0.09
2009,17,7,0,0,0,1,-99,-99,45,0.09
2009,17,8,0,0,0,1,-99,-99,48,0.09
2009,18,1,1,1,1,4,-99,-99,26,0.09
2009,18,2,1,1,1,4,-99,-99,70,0.09
2009,18,3,1,1,1,4,-99,-99,50,0.09
2009,18,4,1,1,1,4,-99,-99,55,0.09
2009,18,5,1,1,1,4,-99,-99,41,0.09
2009,18,6,1,1,1,4,-99,-99,38,0.09
2009,18,7,0,1,1,4,-99,-99,35,0.09
2009,18,8,0,1,1,4,-99,-99,63,0.09
2009,19,1,1,1,0,3,-99,-99,56,0.09
2009,19,2,1,1,0,3,-99,-99,47,0.09
2009,19,3,1,1,0,3,-99,-99,67,0.09
2009,19,4,1,1,0,3,-99,-99,67,0.09
2009,19,5,1,1,0,3,-99,-99,39,0.09
2009,19,6,1,1,0,3,-99,-99,51,0.09
2009,19,7,0,1,0,3,-99,-99,53,0.09
2009,19,8,0,1,0,3,-99,-99,45,0.09
2009,20,1,1,0,1,2,-99,-99,13,0.09
2009,20,2,1,0,1,2,-99,-99,44,0.09
2009,20,3,1,0,1,2,-99,-99,19,0.09
2009,20,4,1,0,1,2,-99,-99,38,0.09
2009,20,5,1,0,1,2,-99,-99,22,0.09
2009,20,6,1,0,1,2,-99,-99,38,0.09
2009,20,7,0,0,1,2,-99,-99,22,0.09
2009,20,8,0,0,1,2,-99,-99,29,0.09
2010,1,1,1,1,1,4,-99,-99,34,0.09
2010,1,2,1,1,1,4,-99,-99,48,0.09
2010,1,3,1,1,1,4,-99,-99,52,0.09
2010,1,4,1,1,1,4,-99,-99,69,0.09
2010,1,5,1,1,1,4,-99,-99,55,0.09
2010,1,6,1,1,1,4,-99,-99,32,0.09
2010,1,7,0,1,1,4,-99,-99,48,0.09
2010,1,8,0,1,1,4,-99,-99,39,0.09
2010,2,1,1,0,0,1,-99,-99,55,0.09
2010,2,2,1,0,0,1,-99,-99,36,0.09
2010,2,3,1,0,0,1,-99,-99,53,0.09
2010,2,4,1,0,0,1,-99,-99,41,0.09
2010,2,5,1,0,0,1,-99,-99,60,0.09
2010,2,6,1,0,0,1,-99,-99,34,0.09
2010,2,7,0,0,0,1,-99,-99,35,0.09
2010,2,8,0,0,0,1,-99,-99,28,0.09
2010,3,1,1,1,0,3,-99,-99,57,0.09
2010,3,2,1,1,0,3,-99,-99,64,0.09
2010,3,3,1,1,0,3,-99,-99,53,0.09
2010,3,4,1,1,0,3,-99,-99,51,0.09
2010,3,5,1,1,0,3,-99,-99,84,0.09
2010,3,6,1,1,0,3,-99,-99,62,0.09
2010,3,7,0,1,0,3,-99,-99,53,0.09
2010,3,8,0,1,0,3,-99,-99,61,0.09
2010,4,1,1,0,1,2,-99,-99,48,0.09
2010,4,2,1,0,1,2,-99,-99,51,0.09
2010,4,3,1,0,1,2,-99,-99,30,0.09
2010,4,4,1,0,1,2,-99,-99,65,0.09
2010,4,5,1,0,1,2,-99,-99,55,0.09
2010,4,6,1,0,1,2,-99,-99,51,0.09
2010,4,7,0,0,1,2,-99,-99,64,0.09
2010,4,8,0,0,1,2,-99,-99,61,0.09
2010,5,1,1,1,1,4,-99,-99,79,0.09
2010,5,2,1,1,1,4,-99,-99,78,0.09
2010,5,3,1,1,1,4,-99,-99,55,0.09
2010,5,4,1,1,1,4,-99,-99,73,0.09
2010,5,5,1,1,1,4,-99,-99,56,0.09
2010,5,6,1,1,1,4,-99,-99,40,0.09
2010,5,7,0,1,1,4,-99,-99,65,0.09
2010,5,8,0,1,1,4,-99,-99,57,0.09
2010,6,1,1,0,0,1,-99,-99,80,0.09
2010,6,2,1,0,0,1,-99,-99,47,0.09
2010,6,3,1,0,0,1,-99,-99,64,0.09
2010,6,4,1,0,0,1,-99,-99,57,0.09
2010,6,5,1,0,0,1,-99,-99,64,0.09
2010,6,6,1,0,0,1,-99,-99,55,0.09
2010,6,7,0,0,0,1,-99,-99,72,0.09
2010,6,8,0,0,0,1,-99,-99,54,0.09
2010,7,1,1,0,0,1,-99,-99,47,0.09
2010,7,2,1,0,0,1,-99,-99,67,0.09
2010,7,3,1,0,0,1,-99,-99,62,0.09
2010,7,4,1,0,0,1,-99,-99,61,0.09
2010,7,5,1,0,0,1,-99,-99,52,0.09
2010,7,6,1,0,0,1,-99,-99,52,0.09
2010,7,7,0,0,0,1,-99,-99,42,0.09
2010,7,8,0,0,0,1,-99,-99,52,0.09
2010,8,1,1,1,0,3,-99,-99,56,0.09
2010,8,2,1,1,0,3,-99,-99,54,0.09
2010,8,3,1,1,0,3,-99,-99,58,0.09
2010,8,4,1,1,0,3,-99,-99,65,0.09
2010,8,5,1,1,0,3,-99,-99,45,0.09
2010,8,6,1,1,0,3,-99,-99,56,0.09
2010,8,7,0,1,0,3,-99,-99,58,0.09
2010,8,8,0,1,0,3,-99,-99,55,0.09
2010,9,1,1,1,0,3,-99,-99,49,0.09
2010,9,2,1,1,0,3,-99,-99,76,0.09
2010,9,3,1,1,0,3,-99,-99,39,0.09
2010,9,4,1,1,0,3,-99,-99,81,0.09
2010,9,5,1,1,0,3,-99,-99,37,0.09
2010,9,6,1,1,0,3,-99,-99,44,0.09
2010,9,7,0,1,0,3,-99,-99,42,0.09
2010,9,8,0,1,0,3,-99,-99,38,0.09
2010,10,1,1,0,1,2,-99,-99,53,0.09
2010,10,2,1,0,1,2,-99,-99,47,0.09
2010,10,3,1,0,1,2,-99,-99,61,0.09
2010,10,4,1,0,1,2,-99,-99,56,0.09
2010,10,5,1,0,1,2,-99,-99,84,0.09
2010,10,6,1,0,1,2,-99,-99,48,0.09
2010,10,7,0,0,1,2,-99,-99,35,0.09
2010,10,8,0,0,1,2,-99,-99,51,0.09
2010,11,1,1,0,1,2,-99,-99,62,0.09
2010,11,2,1,0,1,2,-99,-99,54,0.09
2010,11,3,1,0,1,2,-99,-99,52,0.09
2010,11,4,1,0,1,2,-99,-99,35,0.09
2010,11,5,1,0,1,2,-99,-99,25,0.09
2010,11,6,1,0,1,2,-99,-99,40,0.09
2010,11,7,0,0,1,2,-99,-99,57,0.09
2010,11,8,0,0,1,2,-99,-99,49,0.09
2010,12,1,1,1,1,4,-99,-99,51,0.09
2010,12,2,1,1,1,4,-99,-99,100,0.09
2010,12,3,1,1,1,4,-99,-99,55,0.09
2010,12,4,1,1,1,4,-99,-99,76,0.09
2010,12,5,1,1,1,4,-99,-99,61,0.09
2010,12,6,1,1,1,4,-99,-99,49,0.09
2010,12,7,0,1,1,4,-99,-99,38,0.09
2010,12,8,0,1,1,4,-99,-99,42,0.09
2010,13,1,1,1,0,3,-99,-99,45,0.09
2010,13,2,1,1,0,3,-99,-99,80,0.09
2010,13,3,1,1,0,3,-99,-99,53,0.09
2010,13,4,1,1,0,3,-99,-99,71,0.09
2010,13,5,1,1,0,3,-99,-99,92,0.09
2010,13,6,1,1,0,3,-99,-99,43,0.09
2010,13,7,0,1,0,3,-99,-99,47,0.09
2010,13,8,0,1,0,3,-99,-99,33,0.09
2010,14,1,1,0,1,2,-99,-99,55,0.09
2010,14,2,1,0,1,2,-99,-99,42,0.09
2010,14,3,1,0,1,2,-99,-99,45,0.09
2010,14,4,1,0,1,2,-99,-99,24,0.09
2010,14,5,1,0,1,2,-99,-99,26,0.09
2010,14,6,1,0,1,2,-99,-99,54,0.09
2010,14,7,0,0,1,2,-99,-99,33,0.09
2010,14,8,0,0,1,2,-99,-99,23,0.09
2010,15,1,1,1,1,4,-99,-99,50,0.09
2010,15,2,1,1,1,4,-99,-99,56,0.09
2010,15,3,1,1,1,4,-99,-99,76,0.09
2010,15,4,1,1,1,4,-99,-99,82,0.09
2010,15,5,1,1,1,4,-99,-99,68,0.09
2010,15,6,1,1,1,4,-99,-99,57,0.09
2010,15,7,0,1,1,4,-99,-99,40,0.09
2010,15,8,0,1,1,4,-99,-99,60,0.09
2010,16,1,1,0,0,1,-99,-99,52,0.09
2010,16,2,1,0,0,1,-99,-99,66,0.09
2010,16,3,1,0,0,1,-99,-99,57,0.09
2010,16,4,1,0,0,1,-99,-99,74,0.09
2010,16,5,1,0,0,1,-99,-99,54,0.09
2010,16,6,1,0,0,1,-99,-99,56,0.09
2010,16,7,0,0,0,1,-99,-99,47,0.09
2010,16,8,0,0,0,1,-99,-99,24,0.09
2010,17,1,1,0,0,1,-99,-99,41,0.09
2010,17,2,1,0,0,1,-99,-99,45,0.09
2010,17,3,1,0,0,1,-99,-99,38,0.09
2010,17,4,1,0,0,1,-99,-99,56,0.09
2010,17,5,1,0,0,1,-99,-99,53,0.09
2010,17,6,1,0,0,1,-99,-99,48,0.09
2010,17,7,0,0,0,1,-99,-99,76,0.09
2010,17,8,0,0,0,1,-99,-99,50,0.09
2010,18,1,1,1,1,4,-99,-99,53,0.09
2010,18,2,1,1,1,4,-99,-99,80,0.09
2010,18,3,1,1,1,4,-99,-99,78,0.09
2010,18,4,1,1,1,4,-99,-99,80,0.09
2010,18,5,1,1,1,4,-99,-99,82,0.09
2010,18,6,1,1,1,4,-99,-99,65,0.09
2010,18,7,0,1,1,4,-99,-99,60,0.09
2010,18,8,0,1,1,4,-99,-99,84,0.09
2010,19,1,1,1,0,3,-99,-99,59,0.09
2010,19,2,1,1,0,3,-99,-99,55,0.09
2010,19,3,1,1,0,3,-99,-99,64,0.09
2010,19,4,1,1,0,3,-99,-99,70,0.09
2010,19,5,1,1,0,3,-99,-99,58,0.09
2010,19,6,1,1,0,3,-99,-99,60,0.09
2010,19,7,0,1,0,3,-99,-99,52,0.09
2010,19,8,0,1,0,3,-99,-99,48,0.09
2010,20,1,1,0,1,2,-99,-99,35,0.09
2010,20,2,1,0,1,2,-99,-99,42,0.09
2010,20,3,1,0,1,2,-99,-99,71,0.09
2010,20,4,1,0,1,2,-99,-99,62,0.09
2010,20,5,1,0,1,2,-99,-99,55,0.09
2010,20,6,1,0,1,2,-99,-99,53,0.09
2010,20,7,0,0,1,2,-99,-99,32,0.09
2010,20,8,0,0,1,2,-99,-99,30,0.09
2011,1,1,1,1,1,4,-99,-99,66,0.09
2011,1,2,1,1,1,4,-99,-99,80,0.09
2011,1,3,1,1,1,4,-99,-99,96,0.09
2011,1,4,1,1,1,4,-99,-99,110,0.09
2011,1,5,1,1,1,4,-99,-99,92,0.09
2011,1,6,1,1,1,4,-99,-99,47,0.09
2011,1,7,0,1,1,4,-99,-99,38,0.09
2011,1,8,0,1,1,4,-99,-99,53,0.09
2011,2,1,1,0,0,1,-99,-99,71,0.09
2011,2,2,1,0,0,1,-99,-99,34,0.09
2011,2,3,1,0,0,1,-99,-99,83,0.09
2011,2,4,1,0,0,1,-99,-99,68,0.09
2011,2,5,1,0,0,1,-99,-99,52,0.09
2011,2,6,1,0,0,1,-99,-99,64,0.09
2011,2,7,0,0,0,1,-99,-99,34,0.09
2011,2,8,0,0,0,1,-99,-99,36,0.09
2011,3,1,1,1,0,3,-99,-99,90,0.09
2011,3,2,1,1,0,3,-99,-99,64,0.09
2011,3,3,1,1,0,3,-99,-99,54,0.09
2011,3,4,1,1,0,3,-99,-99,78,0.09
2011,3,5,1,1,0,3,-99,-99,76,0.09
2011,3,6,1,1,0,3,-99,-99,91,0.09
2011,3,7,0,1,0,3,-99,-99,42,0.09
2011,3,8,0,1,0,3,-99,-99,84,0.09
2011,4,1,1,0,1,2,-99,-99,59,0.09
2011,4,2,1,0,1,2,-99,-99,21,0.09
2011,4,3,1,0,1,2,-99,-99,47,0.09
2011,4,4,1,0,1,2,-99,-99,57,0.09
2011,4,5,1,0,1,2,-99,-99,67,0.09
2011,4,6,1,0,1,2,-99,-99,53,0.09
2011,4,7,0,0,1,2,-99,-99,63,0.09
2011,4,8,0,0,1,2,-99,-99,68,0.09
2011,5,1,1,1,1,4,-99,-99,79,0.09
2011,5,2,1,1,1,4,-99,-99,118,0.09
2011,5,3,1,1,1,4,-99,-99,71,0.09
2011,5,4,1,1,1,4,-99,-99,71,0.09
2011,5,5,1,1,1,4,-99,-99,67,0.09
2011,5,6,1,1,1,4,-99,-99,84,0.09
2011,5,7,0,1,1,4,-99,-99,60,0.09
2011,5,8,0,1,1,4,-99,-99,56,0.09
2011,6,1,1,0,0,1,-99,-99,68,0.09
2011,6,2,1,0,0,1,-99,-99,63,0.09
2011,6,3,1,0,0,1,-99,-99,84,0.09
2011,6,4,1,0,0,1,-99,-99,83,0.09
2011,6,5,1,0,0,1,-99,-99,56,0.09
2011,6,6,1,0,0,1,-99,-99,63,0.09
2011,6,7,0,0,0,1,-99,-99,59,0.09
2011,6,8,0,0,0,1,-99,-99,50,0.09
2011,7,1,1,0,0,1,-99,-99,55,0.09
2011,7,2,1,0,0,1,-99,-99,61,0.09
2011,7,3,1,0,0,1,-99,-99,62,0.09
2011,7,4,1,0,0,1,-99,-99,57,0.09
2011,7,5,1,0,0,1,-99,-99,68,0.09
2011,7,6,1,0,0,1,-99,-99,68,0.09
2011,7,7,0,0,0,1,-99,-99,42,0.09
2011,7,8,0,0,0,1,-99,-99,36,0.09
2011,8,1,1,1,0,3,-99,-99,79,0.09
2011,8,2,1,1,0,3,-99,-99,66,0.09
2011,8,3,1,1,0,3,-99,-99,66,0.09
2011,8,4,1,1,0,3,-99,-99,83,0.09
2011,8,5,1,1,0,3,-99,-99,59,0.09
2011,8,6,1,1,0,3,-99,-99,60,0.09
2011,8,7,0,1,0,3,-99,-99,26,0.09
2011,8,8,0,1,0,3,-99,-99,34,0.09
2011,9,1,1,1,0,3,-99,-99,71,0.09
2011,9,2,1,1,0,3,-99,-99,61,0.09
2011,9,3,1,1,0,3,-99,-99,69,0.09
2011,9,4,1,1,0,3,-99,-99,91,0.09
2011,9,5,1,1,0,3,-99,-99,56,0.09
2011,9,6,1,1,0,3,-99,-99,60,0.09
2011,9,7,0,1,0,3,-99,-99,68,0.09
2011,9,8,0,1,0,3,-99,-99,39,0.09
2011,10,1,1,0,1,2,-99,-99,71,0.09
2011,10,2,1,0,1,2,-99,-99,53,0.09
2011,10,3,1,0,1,2,-99,-99,53,0.09
2011,10,4,1,0,1,2,-99,-99,55,0.09
2011,10,5,1,0,1,2,-99,-99,91,0.09
2011,10,6,1,0,1,2,-99,-99,62,0.09
2011,10,7,0,0,1,2,-99,-99,47,0.09
2011,10,8,0,0,1,2,-99,-99,49,0.09
2011,11,1,1,0,1,2,-99,-99,66,0.09
2011,11,2,1,0,1,2,-99,-99,72,0.09
2011,11,3,1,0,1,2,-99,-99,25,0.09
2011,11,4,1,0,1,2,-99,-99,34,0.09
2011,11,5,1,0,1,2,-99,-99,50,0.09
2011,11,6,1,0,1,2,-99,-99,69,0.09
2011,11,7,0,0,1,2,-99,-99,73,0.09
2011,11,8,0,0,1,2,-99,-99,78,0.09
2011,12,1,1,1,1,4,-99,-99,74,0.09
2011,12,2,1,1,1,4,-99,-99,118,0.09
2011,12,3,1,1,1,4,-99,-99,100,0.09
2011,12,4,1,1,1,4,-99,-99,138,0.09
2011,12,5,1,1,1,4,-99,-99,61,0.09
2011,12,6,1,1,1,4,-99,-99,29,0.09
2011,12,7,0,1,1,4,-99,-99,31,0.09
2011,12,8,0,1,1,4,-99,-99,58,0.09
2011,13,1,1,1,0,3,-99,-99,43,0.09
2011,13,2,1,1,0,3,-99,-99,73,0.09
2011,13,3,1,1,0,3,-99,-99,71,0.09
2011,13,4,1,1,0,3,-99,-99,75,0.09
2011,13,5,1,1,0,3,-99,-99,95,0.09
2011,13,6,1,1,0,3,-99,-99,69,0.09
2011,13,7,0,1,0,3,-99,-99,56,0.09
2011,13,8,0,1,0,3,-99,-99,45,0.09
2011,14,1,1,0,1,2,-99,-99,79,0.09
2011,14,2,1,0,1,2,-99,-99,73,0.09
2011,14,3,1,0,1,2,-99,-99,40,0.09
2011,14,4,1,0,1,2,-99,-99,52,0.09
2011,14,5,1,0,1,2,-99,-99,25,0.09
2011,14,6,1,0,1,2,-99,-99,70,0.09
2011,14,7,0,0,1,2,-99,-99,49,0.09
2011,14,8,0,0,1,2,-99,-99,41,0.09
2011,15,1,1,1,1,4,-99,-99,82,0.09
2011,15,2,1,1,1,4,-99,-99,106,0.09
2011,15,3,1,1,1,4,-99,-99,84,0.09
2011,15,4,1,1,1,4,-99,-99,82,0.09
2011,15,5,1,1,1,4,-99,-99,30,0.09
2011,15,6,1,1,1,4,-99,-99,53,0.09
2011,15,7,0,1,1,4,-99,-99,42,0.09
2011,15,8,0,1,1,4,-99,-99,54,0.09
2011,16,1,1,0,0,1,-99,-99,68,0.09
2011,16,2,1,0,0,1,-99,-99,74,0.09
2011,16,3,1,0,0,1,-99,-99,81,0.09
2011,16,4,1,0,0,1,-99,-99,68,0.09
2011,16,5,1,0,0,1,-99,-99,55,0.09
2011,16,6,1,0,0,1,-99,-99,47,0.09
2011,16,7,0,0,0,1,-99,-99,30,0.09
2011,16,8,0,0,0,1,-99,-99,26,0.09
2011,17,1,1,0,0,1,-99,-99,52,0.09
2011,17,2,1,0,0,1,-99,-99,43,0.09
2011,17,3,1,0,0,1,-99,-99,41,0.09
2011,17,4,1,0,0,1,-99,-99,66,0.09
2011,17,5,1,0,0,1,-99,-99,62,0.09
2011,17,6,1,0,0,1,-99,-99,32,0.09
2011,17,7,0,0,0,1,-99,-99,50,0.09
2011,17,8,0,0,0,1,-99,-99,30,0.09
2011,18,1,1,1,1,4,-99,-99,59,0.09
2011,18,2,1,1,1,4,-99,-99,108,0.09
2011,18,3,1,1,1,4,-99,-99,96,0.09
2011,18,4,1,1,1,4,-99,-99,71,0.09
2011,18,5,1,1,1,4,-99,-99,66,0.09
2011,18,6,1,1,1,4,-99,-99,67,0.09
2011,18,7,0,1,1,4,-99,-99,66,0.09
2011,18,8,0,1,1,4,-99,-99,54,0.09
2011,19,1,1,1,0,3,-99,-99,85,0.09
2011,19,2,1,1,0,3,-99,-99,78,0.09
2011,19,3,1,1,0,3,-99,-99,80,0.09
2011,19,4,1,1,0,3,-99,-99,77,0.09
2011,19,5,1,1,0,3,-99,-99,78,0.09
2011,19,6,1,1,0,3,-99,-99,79,0.09
2011,19,7,0,1,0,3,-99,-99,58,0.09
2011,19,8,0,1,0,3,-99,-99,51,0.09
2011,20,1,1,0,1,2,-99,-99,63,0.09
2011,20,2,1,0,1,2,-99,-99,84,0.09
2011,20,3,1,0,1,2,-99,-99,73,0.09
2011,20,4,1,0,1,2,-99,-99,105,0.09
2011,20,5,1,0,1,2,-99,-99,71,0.09
2011,20,6,1,0,1,2,-99,-99,70,0.09
2011,20,7,0,0,1,2,-99,-99,34,0.09
2011,20,8,0,0,1,2,-99,-99,33,0.09
2012,1,1,1,1,1,4,-99,-99,49,0.09
2012,1,2,1,1,1,4,-99,-99,44,0.09
2012,1,3,1,1,1,4,-99,-99,52,0.09
2012,1,4,1,1,1,4,-99,-99,44,0.09
2012,1,5,1,1,1,4,-99,-99,43,0.09
2012,1,6,1,1,1,4,-99,-99,44,0.09
2012,1,7,0,1,1,4,-99,-99,22,0.09
2012,1,8,0,1,1,4,-99,-99,38,0.09
2012,2,1,1,0,0,1,-99,-99,49,0.09
2012,2,2,1,0,0,1,-99,-99,50,0.09
2012,2,3,1,0,0,1,-99,-99,32,0.09
2012,2,4,1,0,0,1,-99,-99,60,0.09
2012,2,5,1,0,0,1,-99,-99,38,0.09
2012,2,6,1,0,0,1,-99,-99,31,0.09
2012,2,7,0,0,0,1,-99,-99,25,0.09
2012,2,8,0,0,0,1,-99,-99,25,0.09
2012,3,1,1,1,0,3,-99,-99,37,0.09
2012,3,2,1,1,0,3,-99,-99,30,0.09
2012,3,3,1,1,0,3,-99,-99,54,0.09
2012,3,4,1,1,0,3,-99,-99,58,0.09
2012,3,5,1,1,0,3,-99,-99,65,0.09
2012,3,6,1,1,0,3,-99,-99,35,0.09
2012,3,7,0,1,0,3,-99,-99,13,0.09
2012,3,8,0,1,0,3,-99,-99,29,0.09
2012,4,1,1,0,1,2,-99,-99,49,0.09
2012,4,2,1,0,1,2,-99,-99,60,0.09
2012,4,3,1,0,1,2,-99,-99,27,0.09
2012,4,4,1,0,1,2,-99,-99,32,0.09
2012,4,5,1,0,1,2,-99,-99,29,0.09
2012,4,6,1,0,1,2,-99,-99,11,0.09
2012,4,7,0,0,1,2,-99,-99,32,0.09
2012,4,8,0,0,1,2,-99,-99,19,0.09
2012,5,1,1,1,1,4,-99,-99,55,0.09
2012,5,2,1,1,1,4,-99,-99,71,0.09
2012,5,3,1,1,1,4,-99,-99,58,0.09
2012,5,4,1,1,1,4,-99,-99,74,0.09
2012,5,5,1,1,1,4,-99,-99,55,0.09
2012,5,6,1,1,1,4,-99,-99,47,0.09
2012,5,7,0,1,1,4,-99,-99,50,0.09
2012,5,8,0,1,1,4,-99,-99,22,0.09
2012,6,1,1,0,0,1,-99,-99,43,0.09
2012,6,2,1,0,0,1,-99,-99,54,0.09
2012,6,3,1,0,0,1,-99,-99,40,0.09
2012,6,4,1,0,0,1,-99,-99,52,0.09
2012,6,5,1,0,0,1,-99,-99,42,0.09
2012,6,6,1,0,0,1,-99,-99,46,0.09
2012,6,7,0,0,0,1,-99,-99,21,0.09
2012,6,8,0,0,0,1,-99,-99,46,0.09
2012,7,1,1,0,0,1,-99,-99,-99,0.09
2012,7,2,1,0,0,1,-99,-99,6,0.09
2012,7,3,1,0,0,1,-99,-99,25,0.09
2012,7,4,1,0,0,1,-99,-99,10,0.09
2012,7,5,1,0,0,1,-99,-99,23,0.09
2012,7,6,1,0,0,1,-99,-99,-99,0.09
2012,7,7,0,0,0,1,-99,-99,23,0.09
2012,7,8,0,0,0,1,-99,-99,22,0.09
2012,8,1,1,1,0,3,-99,-99,63,0.09
2012,8,2,1,1,0,3,-99,-99,61,0.09
2012,8,3,1,1,0,3,-99,-99,51,0.09
2012,8,4,1,1,0,3,-99,-99,41,0.09
2012,8,5,1,1,0,3,-99,-99,36,0.09
2012,8,6,1,1,0,3,-99,-99,37,0.09
2012,8,7,0,1,0,3,-99,-99,32,0.09
2012,8,8,0,1,0,3,-99,-99,34,0.09
2012,9,1,1,1,0,3,-99,-99,51,0.09
2012,9,2,1,1,0,3,-99,-99,72,0.09
2012,9,3,1,1,0,3,-99,-99,73,0.09
2012,9,4,1,1,0,3,-99,-99,55,0.09
2012,9,5,1,1,0,3,-99,-99,33,0.09
2012,9,6,1,1,0,3,-99,-99,57,0.09
2012,9,7,0,1,0,3,-99,-99,50,0.09
2012,9,8,0,1,0,3,-99,-99,35,0.09
2012,10,1,1,0,1,2,-99,-99,39,0.09
2012,10,2,1,0,1,2,-99,-99,37,0.09
2012,10,3,1,0,1,2,-99,-99,68,0.09
2012,10,4,1,0,1,2,-99,-99,46,0.09
2012,10,5,1,0,1,2,-99,-99,45,0.09
2012,10,6,1,0,1,2,-99,-99,52,0.09
2012,10,7,0,0,1,2,-99,-99,38,0.09
2012,10,8,0,0,1,2,-99,-99,46,0.09
2012,11,1,1,0,1,2,-99,-99,9,0.09
2012,11,2,1,0,1,2,-99,-99,6,0.09
2012,11,3,1,0,1,2,-99,-99,14,0.09
2012,11,4,1,0,1,2,-99,-99,26,0.09
2012,11,5,1,0,1,2,-99,-99,1,0.09
2012,11,6,1,0,1,2,-99,-99,0,0.09
2012,11,7,0,0,1,2,-99,-99,53,0.09
2012,11,8,0,0,1,2,-99,-99,56,0.09
2012,12,1,1,1,1,4,-99,-99,56,0.09
2012,12,2,1,1,1,4,-99,-99,63,0.09
2012,12,3,1,1,1,4,-99,-99,67,0.09
2012,12,4,1,1,1,4,-99,-99,85,0.09
2012,12,5,1,1,1,4,-99,-99,76,0.09
2012,12,6,1,1,1,4,-99,-99,36,0.09
2012,12,7,0,1,1,4,-99,-99,44,0.09
2012,12,8,0,1,1,4,-99,-99,34,0.09
2012,13,1,1,1,0,3,-99,-99,41,0.09
2012,13,2,1,1,0,3,-99,-99,49,0.09
2012,13,3,1,1,0,3,-99,-99,70,0.09
2012,13,4,1,1,0,3,-99,-99,77,0.09
2012,13,5,1,1,0,3,-99,-99,73,0.09
2012,13,6,1,1,0,3,-99,-99,58,0.09
2012,13,7,0,1,0,3,-99,-99,48,0.09
2012,13,8,0,1,0,3,-99,-99,52,0.09
2012,14,1,1,0,1,2,-99,-99,39,0.09
2012,14,2,1,0,1,2,-99,-99,47,0.09
2012,14,3,1,0,1,2,-99,-99,50,0.09
2012,14,4,1,0,1,2,-99,-99,36,0.09
2012,14,5,1,0,1,2,-99,-99,11,0.09
2012,14,6,1,0,1,2,-99,-99,48,0.09
2012,14,7,0,0,1,2,-99,-99,24,0.09
2012,14,8,0,0,1,2,-99,-99,39,0.09
2012,15,1,1,1,1,4,-99,-99,56,0.09
2012,15,2,1,1,1,4,-99,-99,57,0.09
2012,15,3,1,1,1,4,-99,-99,69,0.09
2012,15,4,1,1,1,4,-99,-99,54,0.09
2012,15,5,1,1,1,4,-99,-99,56,0.09
2012,15,6,1,1,1,4,-99,-99,69,0.09
2012,15,7,0,1,1,4,-99,-99,34,0.09
2012,15,8,0,1,1,4,-99,-99,41,0.09
2012,16,1,1,0,0,1,-99,-99,61,0.09
2012,16,2,1,0,0,1,-99,-99,66,0.09
2012,16,3,1,0,0,1,-99,-99,61,0.09
2012,16,4,1,0,0,1,-99,-99,64,0.09
2012,16,5,1,0,0,1,-99,-99,48,0.09
2012,16,6,1,0,0,1,-99,-99,41,0.09
2012,16,7,0,0,0,1,-99,-99,32,0.09
2012,16,8,0,0,0,1,-99,-99,34,0.09
2012,17,1,1,0,0,1,-99,-99,44,0.09
2012,17,2,1,0,0,1,-99,-99,45,0.09
2012,17,3,1,0,0,1,-99,-99,22,0.09
2012,17,4,1,0,0,1,-99,-99,50,0.09
2012,17,5,1,0,0,1,-99,-99,42,0.09
2012,17,6,1,0,0,1,-99,-99,35,0.09
2012,17,7,0,0,0,1,-99,-99,29,0.09
2012,17,8,0,0,0,1,-99,-99,25,0.09
2012,18,1,1,1,1,4,-99,-99,16,0.09
2012,18,2,1,1,1,4,-99,-99,52,0.09
2012,18,3,1,1,1,4,-99,-99,4,0.09
2012,18,4,1,1,1,4,-99,-99,60,0.09
2012,18,5,1,1,1,4,-99,-99,40,0.09
2012,18,6,1,1,1,4,-99,-99,15,0.09
2012,18,7,0,1,1,4,-99,-99,57,0.09
2012,18,8,0,1,1,4,-99,-99,74,0.09
2012,19,1,1,1,0,3,-99,-99,41,0.09
2012,19,2,1,1,0,3,-99,-99,49,0.09
2012,19,3,1,1,0,3,-99,-99,76,0.09
2012,19,4,1,1,0,3,-99,-99,66,0.09
2012,19,5,1,1,0,3,-99,-99,75,0.09
2012,19,6,1,1,0,3,-99,-99,59,0.09
2012,19,7,0,1,0,3,-99,-99,39,0.09
2012,19,8,0,1,0,3,-99,-99,22,0.09
2012,20,1,1,0,1,2,-99,-99,27,0.09
2012,20,2,1,0,1,2,-99,-99,45,0.09
2012,20,3,1,0,1,2,-99,-99,72,0.09
2012,20,4,1,0,1,2,-99,-99,45,0.09
2012,20,5,1,0,1,2,-99,-99,54,0.09
2012,20,6,1,0,1,2,-99,-99,77,0.09
2012,20,7,0,0,1,2,-99,-99,9,0.09
2012,20,8,0,0,1,2,-99,-99,11,0.09
2013,1,1,1,1,1,4,-99,-99,28,0.09
2013,1,2,1,1,1,4,-99,-99,46,0.09
2013,1,3,1,1,1,4,-99,-99,34,0.09
2013,1,4,1,1,1,4,-99,-99,68,0.09
2013,1,5,1,1,1,4,-99,-99,44,0.09
2013,1,6,1,1,1,4,-99,-99,42,0.09
2013,1,7,0,1,1,4,-99,-99,51,0.09
2013,1,8,0,1,1,4,-99,-99,42,0.09
2013,2,1,1,0,0,1,-99,-99,45,0.09
2013,2,2,1,0,0,1,-99,-99,33,0.09
2013,2,3,1,0,0,1,-99,-99,42,0.09
2013,2,4,1,0,0,1,-99,-99,51,0.09
2013,2,5,1,0,0,1,-99,-99,45,0.09
2013,2,6,1,0,0,1,-99,-99,43,0.09
2013,2,7,0,0,0,1,-99,-99,35,0.09
2013,2,8,0,0,0,1,-99,-99,52,0.09
2013,3,1,1,1,0,3,-99,-99,60,0.09
2013,3,2,1,1,0,3,-99,-99,56,0.09
2013,3,3,1,1,0,3,-99,-99,60,0.09
2013,3,4,1,1,0,3,-99,-99,62,0.09
2013,3,5,1,1,0,3,-99,-99,63,0.09
2013,3,6,1,1,0,3,-99,-99,44,0.09
2013,3,7,0,1,0,3,-99,-99,41,0.09
2013,3,8,0,1,0,3,-99,-99,50,0.09
2013,4,1,1,0,1,2,-99,-99,54,0.09
2013,4,2,1,0,1,2,-99,-99,31,0.09
2013,4,3,1,0,1,2,-99,-99,46,0.09
2013,4,4,1,0,1,2,-99,-99,62,0.09
2013,4,5,1,0,1,2,-99,-99,37,0.09
2013,4,6,1,0,1,2,-99,-99,36,0.09
2013,4,7,0,0,1,2,-99,-99,48,0.09
2013,4,8,0,0,1,2,-99,-99,53,0.09
2013,5,1,1,1,1,4,-99,-99,58,0.09
2013,5,2,1,1,1,4,-99,-99,46,0.09
2013,5,3,1,1,1,4,-99,-99,74,0.09
2013,5,4,1,1,1,4,-99,-99,77,0.09
2013,5,5,1,1,1,4,-99,-99,50,0.09
2013,5,6,1,1,1,4,-99,-99,51,0.09
2013,5,7,0,1,1,4,-99,-99,55,0.09
2013,5,8,0,1,1,4,-99,-99,51,0.09
2013,6,1,1,0,0,1,-99,-99,36,0.09
2013,6,2,1,0,0,1,-99,-99,63,0.09
2013,6,3,1,0,0,1,-99,-99,36,0.09
2013,6,4,1,0,0,1,-99,-99,61,0.09
2013,6,5,1,0,0,1,-99,-99,54,0.09
2013,6,6,1,0,0,1,-99,-99,57,0.09
2013,6,7,0,0,0,1,-99,-99,45,0.09
2013,6,8,0,0,0,1,-99,-99,56,0.09
2013,7,1,1,0,0,1,-99,-99,9,0.09
2013,7,2,1,0,0,1,-99,-99,20,0.09
2013,7,3,1,0,0,1,-99,-99,63,0.09
2013,7,4,1,0,0,1,-99,-99,58,0.09
2013,7,5,1,0,0,1,-99,-99,55,0.09
2013,7,6,1,0,0,1,-99,-99,18,0.09
2013,7,7,0,0,0,1,-99,-99,53,0.09
2013,7,8,0,0,0,1,-99,-99,50,0.09
2013,8,1,1,1,0,3,-99,-99,65,0.09
2013,8,2,1,1,0,3,-99,-99,77,0.09
2013,8,3,1,1,0,3,-99,-99,75,0.09
2013,8,4,1,1,0,3,-99,-99,49,0.09
2013,8,5,1,1,0,3,-99,-99,43,0.09
2013,8,6,1,1,0,3,-99,-99,62,0.09
2013,8,7,0,1,0,3,-99,-99,41,0.09
2013,8,8,0,1,0,3,-99,-99,57,0.09
2013,9,1,1,1,0,3,-99,-99,31,0.09
2013,9,2,1,1,0,3,-99,-99,64,0.09
2013,9,3,1,1,0,3,-99,-99,62,0.09
2013,9,4,1,1,0,3,-99,-99,68,0.09
2013,9,5,1,1,0,3,-99,-99,55,0.09
2013,9,6,1,1,0,3,-99,-99,39,0.09
2013,9,7,0,1,0,3,-99,-99,47,0.09
2013,9,8,0,1,0,3,-99,-99,38,0.09
2013,10,1,1,0,1,2,-99,-99,45,0.09
2013,10,2,1,0,1,2,-99,-99,35,0.09
2013,10,3,1,0,1,2,-99,-99,47,0.09
2013,10,4,1,0,1,2,-99,-99,62,0.09
2013,10,5,1,0,1,2,-99,-99,57,0.09
2013,10,6,1,0,1,2,-99,-99,43,0.09
2013,10,7,0,0,1,2,-99,-99,48,0.09
2013,10,8,0,0,1,2,-99,-99,48,0.09
2013,11,1,1,0,1,2,-99,-99,23,0.09
2013,11,2,1,0,1,2,-99,-99,36,0.09
2013,11,3,1,0,1,2,-99,-99,36,0.09
2013,11,4,1,0,1,2,-99,-99,30,0.09
2013,11,5,1,0,1,2,-99,-99,15,0.09
2013,11,6,1,0,1,2,-99,-99,9,0.09
2013,11,7,0,0,1,2,-99,-99,32,0.09
2013,11,8,0,0,1,2,-99,-99,47,0.09
2013,12,1,1,1,1,4,-99,-99,55,0.09
2013,12,2,1,1,1,4,-99,-99,83,0.09
2013,12,3,1,1,1,4,-99,-99,61,0.09
2013,12,4,1,1,1,4,-99,-99,71,0.09
2013,12,5,1,1,1,4,-99,-99,54,0.09
2013,12,6,1,1,1,4,-99,-99,46,0.09
2013,12,7,0,1,1,4,-99,-99,56,0.09
2013,12,8,0,1,1,4,-99,-99,45,0.09
2013,13,1,1,1,0,3,-99,-99,48,0.09
2013,13,2,1,1,0,3,-99,-99,41,0.09
2013,13,3,1,1,0,3,-99,-99,54,0.09
2013,13,4,1,1,0,3,-99,-99,89,0.09
2013,13,5,1,1,0,3,-99,-99,75,0.09
2013,13,6,1,1,0,3,-99,-99,56,0.09
2013,13,7,0,1,0,3,-99,-99,47,0.09
2013,13,8,0,1,0,3,-99,-99,74,0.09
2013,14,1,1,0,1,2,-99,-99,46,0.09
2013,14,2,1,0,1,2,-99,-99,44,0.09
2013,14,3,1,0,1,2,-99,-99,53,0.09
2013,14,4,1,0,1,2,-99,-99,39,0.09
2013,14,5,1,0,1,2,-99,-99,30,0.09
2013,14,6,1,0,1,2,-99,-99,30,0.09
2013,14,7,0,0,1,2,-99,-99,31,0.09
2013,14,8,0,0,1,2,-99,-99,62,0.09
2013,15,1,1,1,1,4,-99,-99,50,0.09
2013,15,2,1,1,1,4,-99,-99,57,0.09
2013,15,3,1,1,1,4,-99,-99,72,0.09
2013,15,4,1,1,1,4,-99,-99,71,0.09
2013,15,5,1,1,1,4,-99,-99,54,0.09
2013,15,6,1,1,1,4,-99,-99,49,0.09
2013,15,7,0,1,1,4,-99,-99,49,0.09
2013,15,8,0,1,1,4,-99,-99,70,0.09
2013,16,1,1,0,0,1,-99,-99,47,0.09
2013,16,2,1,0,0,1,-99,-99,40,0.09
2013,16,3,1,0,0,1,-99,-99,51,0.09
2013,16,4,1,0,0,1,-99,-99,63,0.09
2013,16,5,1,0,0,1,-99,-99,50,0.09
2013,16,6,1,0,0,1,-99,-99,52,0.09
2013,16,7,0,0,0,1,-99,-99,56,0.09
2013,16,8,0,0,0,1,-99,-99,62,0.09
2013,17,1,1,0,0,1,-99,-99,27,0.09
2013,17,2,1,0,0,1,-99,-99,42,0.09
2013,17,3,1,0,0,1,-99,-99,41,0.09
2013,17,4,1,0,0,1,-99,-99,53,0.09
2013,17,5,1,0,0,1,-99,-99,47,0.09
2013,17,6,1,0,0,1,-99,-99,39,0.09
2013,17,7,0,0,0,1,-99,-99,32,0.09
2013,17,8,0,0,0,1,-99,-99,35,0.09
2013,18,1,1,1,1,4,-99,-99,44,0.09
2013,18,2,1,1,1,4,-99,-99,50,0.09
2013,18,3,1,1,1,4,-99,-99,33,0.09
2013,18,4,1,1,1,4,-99,-99,72,0.09
2013,18,5,1,1,1,4,-99,-99,42,0.09
2013,18,6,1,1,1,4,-99,-99,45,0.09
2013,18,7,0,1,1,4,-99,-99,52,0.09
2013,18,8,0,1,1,4,-99,-99,74,0.09
2013,19,1,1,1,0,3,-99,-99,57,0.09
2013,19,2,1,1,0,3,-99,-99,76,0.09
2013,19,3,1,1,0,3,-99,-99,57,0.09
2013,19,4,1,1,0,3,-99,-99,56,0.09
2013,19,5,1,1,0,3,-99,-99,51,0.09
2013,19,6,1,1,0,3,-99,-99,48,0.09
2013,19,7,0,1,0,3,-99,-99,71,0.09
2013,19,8,0,1,0,3,-99,-99,81,0.09
2013,20,1,1,0,1,2,-99,-99,51,0.09
2013,20,2,1,0,1,2,-99,-99,55,0.09
2013,20,3,1,0,1,2,-99,-99,54,0.09
2013,20,4,1,0,1,2,-99,-99,53,0.09
2013,20,5,1,0,1,2,-99,-99,45,0.09
2013,20,6,1,0,1,2,-99,-99,63,0.09
2013,20,7,0,0,1,2,-99,-99,14,0.09
2013,20,8,0,0,1,2,-99,-99,17,0.09
2014,1,1,1,1,1,4,-99,-99,23,0.09
2014,1,2,1,1,1,4,-99,-99,44,0.09
2014,1,3,1,1,1,4,-99,-99,68,0.09
2014,1,4,1,1,1,4,-99,-99,64,0.09
2014,1,5,1,1,1,4,-99,-99,45,0.09
2014,1,6,1,1,1,4,-99,-99,50,0.09
2014,1,7,0,1,1,4,-99,-99,51,0.09
2014,1,8,0,1,1,4,-99,-99,55,0.09
2014,2,1,1,0,0,1,-99,-99,75,0.09
2014,2,2,1,0,0,1,-99,-99,52,0.09
2014,2,3,1,0,0,1,-99,-99,57,0.09
2014,2,4,1,0,0,1,-99,-99,87,0.09
2014,2,5,1,0,0,1,-99,-99,38,0.09
2014,2,6,1,0,0,1,-99,-99,44,0.09
2014,2,7,0,0,0,1,-99,-99,48,0.09
2014,2,8,0,0,0,1,-99,-99,48,0.09
2014,3,1,1,1,0,3,-99,-99,62,0.09
2014,3,2,1,1,0,3,-99,-99,59,0.09
2014,3,3,1,1,0,3,-99,-99,105,0.09
2014,3,4,1,1,0,3,-99,-99,63,0.09
2014,3,5,1,1,0,3,-99,-99,69,0.09
2014,3,6,1,1,0,3,-99,-99,61,0.09
2014,3,7,0,1,0,3,-99,-99,60,0.09
2014,3,8,0,1,0,3,-99,-99,47,0.09
2014,4,1,1,0,1,2,-99,-99,51,0.09
2014,4,2,1,0,1,2,-99,-99,49,0.09
2014,4,3,1,0,1,2,-99,-99,62,0.09
2014,4,4,1,0,1,2,-99,-99,64,0.09
2014,4,5,1,0,1,2,-99,-99,73,0.09
2014,4,6,1,0,1,2,-99,-99,60,0.09
2014,4,7,0,0,1,2,-99,-99,42,0.09
2014,4,8,0,0,1,2,-99,-99,46,0.09
2014,5,1,1,1,1,4,-99,-99,80,0.09
2014,5,2,1,1,1,4,-99,-99,116,0.09
2014,5,3,1,1,1,4,-99,-99,96,0.09
2014,5,4,1,1,1,4,-99,-99,64,0.09
2014,5,5,1,1,1,4,-99,-99,69,0.09
2014,5,6,1,1,1,4,-99,-99,51,0.09
2014,5,7,0,1,1,4,-99,-99,36,0.09
2014,5,8,0,1,1,4,-99,-99,55,0.09
2014,6,1,1,0,0,1,-99,-99,57,0.09
2014,6,2,1,0,0,1,-99,-99,87,0.09
2014,6,3,1,0,0,1,-99,-99,79,0.09
2014,6,4,1,0,0,1,-99,-99,82,0.09
2014,6,5,1,0,0,1,-99,-99,47,0.09
2014,6,6,1,0,0,1,-99,-99,57,0.09
2014,6,7,0,0,0,1,-99,-99,50,0.09
2014,6,8,0,0,0,1,-99,-99,47,0.09
2014,7,1,1,0,0,1,-99,-99,28,0.09
2014,7,2,1,0,0,1,-99,-99,48,0.09
2014,7,3,1,0,0,1,-99,-99,91,0.09
2014,7,4,1,0,0,1,-99,-99,32,0.09
2014,7,5,1,0,0,1,-99,-99,69,0.09
2014,7,6,1,0,0,1,-99,-99,35,0.09
2014,7,7,0,0,0,1,-99,-99,67,0.09
2014,7,8,0,0,0,1,-99,-99,47,0.09
2014,8,1,1,1,0,3,-99,-99,61,0.09
2014,8,2,1,1,0,3,-99,-99,81,0.09
2014,8,3,1,1,0,3,-99,-99,89,0.09
2014,8,4,1,1,0,3,-99,-99,47,0.09
2014,8,5,1,1,0,3,-99,-99,40,0.09
2014,8,6,1,1,0,3,-99,-99,79,0.09
2014,8,7,0,1,0,3,-99,-99,46,0.09
2014,8,8,0,1,0,3,-99,-99,37,0.09
2014,9,1,1,1,0,3,-99,-99,48,0.09
2014,9,2,1,1,0,3,-99,-99,71,0.09
2014,9,3,1,1,0,3,-99,-99,87,0.09
2014,9,4,1,1,0,3,-99,-99,79,0.09
2014,9,5,1,1,0,3,-99,-99,49,0.09
2014,9,6,1,1,0,3,-99,-99,56,0.09
2014,9,7,0,1,0,3,-99,-99,54,0.09
2014,9,8,0,1,0,3,-99,-99,36,0.09
2014,10,1,1,0,1,2,-99,-99,44,0.09
2014,10,2,1,0,1,2,-99,-99,49,0.09
2014,10,3,1,0,1,2,-99,-99,59,0.09
2014,10,4,1,0,1,2,-99,-99,61,0.09
2014,10,5,1,0,1,2,-99,-99,58,0.09
2014,10,6,1,0,1,2,-99,-99,55,0.09
2014,10,7,0,0,1,2,-99,-99,58,0.09
2014,10,8,0,0,1,2,-99,-99,53,0.09
2014,11,1,1,0,1,2,-99,-99,35,0.09
2014,11,2,1,0,1,2,-99,-99,44,0.09
2014,11,3,1,0,1,2,-99,-99,76,0.09
2014,11,4,1,0,1,2,-99,-99,36,0.09
2014,11,5,1,0,1,2,-99,-99,40,0.09
2014,11,6,1,0,1,2,-99,-99,77,0.09
2014,11,7,0,0,1,2,-99,-99,74,0.09
2014,11,8,0,0,1,2,-99,-99,77,0.09
2014,12,1,1,1,1,4,-99,-99,71,0.09
2014,12,2,1,1,1,4,-99,-99,81,0.09
2014,12,3,1,1,1,4,-99,-99,84,0.09
2014,12,4,1,1,1,4,-99,-99,106,0.09
2014,12,5,1,1,1,4,-99,-99,84,0.09
2014,12,6,1,1,1,4,-99,-99,51,0.09
2014,12,7,0,1,1,4,-99,-99,36,0.09
2014,12,8,0,1,1,4,-99,-99,27,0.09
2014,13,1,1,1,0,3,-99,-99,28,0.09
2014,13,2,1,1,0,3,-99,-99,64,0.09
2014,13,3,1,1,0,3,-99,-99,68,0.09
2014,13,4,1,1,0,3,-99,-99,74,0.09
2014,13,5,1,1,0,3,-99,-99,89,0.09
2014,13,6,1,1,0,3,-99,-99,74,0.09
2014,13,7,0,1,0,3,-99,-99,83,0.09
2014,13,8,0,1,0,3,-99,-99,87,0.09
2014,14,1,1,0,1,2,-99,-99,67,0.09
2014,14,2,1,0,1,2,-99,-99,57,0.09
2014,14,3,1,0,1,2,-99,-99,64,0.09
2014,14,4,1,0,1,2,-99,-99,44,0.09
2014,14,5,1,0,1,2,-99,-99,40,0.09
2014,14,6,1,0,1,2,-99,-99,44,0.09
2014,14,7,0,0,1,2,-99,-99,55,0.09
2014,14,8,0,0,1,2,-99,-99,44,0.09
2014,15,1,1,1,1,4,-99,-99,74,0.09
2014,15,2,1,1,1,4,-99,-99,59,0.09
2014,15,3,1,1,1,4,-99,-99,92,0.09
2014,15,4,1,1,1,4,-99,-99,62,0.09
2014,15,5,1,1,1,4,-99,-99,60,0.09
2014,15,6,1,1,1,4,-99,-99,64,0.09
2014,15,7,0,1,1,4,-99,-99,62,0.09
2014,15,8,0,1,1,4,-99,-99,55,0.09
2014,16,1,1,0,0,1,-99,-99,58,0.09
2014,16,2,1,0,0,1,-99,-99,61,0.09
2014,16,3,1,0,0,1,-99,-99,110,0.09
2014,16,4,1,0,0,1,-99,-99,53,0.09
2014,16,5,1,0,0,1,-99,-99,45,0.09
2014,16,6,1,0,0,1,-99,-99,53,0.09
2014,16,7,0,0,0,1,-99,-99,43,0.09
2014,16,8,0,0,0,1,-99,-99,35,0.09
2014,17,1,1,0,0,1,-99,-99,43,0.09
2014,17,2,1,0,0,1,-99,-99,52,0.09
2014,17,3,1,0,0,1,-99,-99,57,0.09
2014,17,4,1,0,0,1,-99,-99,54,0.09
2014,17,5,1,0,0,1,-99,-99,62,0.09
2014,17,6,1,0,0,1,-99,-99,52,0.09
2014,17,7,0,0,0,1,-99,-99,56,0.09
2014,17,8,0,0,0,1,-99,-99,48,0.09
2014,18,1,1,1,1,4,-99,-99,52,0.09
2014,18,2,1,1,1,4,-99,-99,66,0.09
2014,18,3,1,1,1,4,-99,-99,78,0.09
2014,18,4,1,1,1,4,-99,-99,84,0.09
2014,18,5,1,1,1,4,-99,-99,72,0.09
2014,18,6,1,1,1,4,-99,-99,33,0.09
2014,18,7,0,1,1,4,-99,-99,53,0.09
2014,18,8,0,1,1,4,-99,-99,52,0.09
2014,19,1,1,1,0,3,-99,-99,56,0.09
2014,19,2,1,1,0,3,-99,-99,75,0.09
2014,19,3,1,1,0,3,-99,-99,80,0.09
2014,19,4,1,1,0,3,-99,-99,60,0.09
2014,19,5,1,1,0,3,-99,-99,64,0.09
2014,19,6,1,1,0,3,-99,-99,63,0.09
2014,19,7,0,1,0,3,-99,-99,52,0.09
2014,19,8,0,1,0,3,-99,-99,50,0.09
2014,20,1,1,0,1,2,-99,-99,60,0.09
2014,20,2,1,0,1,2,-99,-99,66,0.09
2014,20,3,1,0,1,2,-99,-99,75,0.09
2014,20,4,1,0,1,2,-99,-99,63,0.09
2014,20,5,1,0,1,2,-99,-99,44,0.09
2014,20,6,1,0,1,2,-99,-99,63,0.09
2014,20,7,0,0,1,2,-99,-99,37,0.09
2014,20,8,0,0,1,2,-99,-99,54,0.09
2015,1,1,1,1,1,4,-99,-99,47,0.09
2015,1,2,1,1,1,4,-99,-99,74,0.09
2015,1,3,1,1,1,4,-99,-99,70,0.09
2015,1,4,1,1,1,4,-99,-99,62,0.09
2015,1,5,1,1,1,4,-99,-99,41,0.09
2015,1,6,1,1,1,4,-99,-99,41,0.09
2015,1,7,0,1,1,4,-99,-99,58,0.09
2015,1,8,0,1,1,4,-99,-99,61,0.09
2015,2,1,1,0,0,1,-99,-99,50,0.09
2015,2,2,1,0,0,1,-99,-99,40,0.09
2015,2,3,1,0,0,1,-99,-99,70,0.09
2015,2,4,1,0,0,1,-99,-99,42,0.09
2015,2,5,1,0,0,1,-99,-99,36,0.09
2015,2,6,1,0,0,1,-99,-99,39,0.09
2015,2,7,0,0,0,1,-99,-99,57,0.09
2015,2,8,0,0,0,1,-99,-99,37,0.09
2015,3,1,1,1,0,3,-99,-99,30,0.09
2015,3,2,1,1,0,3,-99,-99,47,0.09
2015,3,3,1,1,0,3,-99,-99,68,0.09
2015,3,4,1,1,0,3,-99,-99,57,0.09
2015,3,5,1,1,0,3,-99,-99,46,0.09
2015,3,6,1,1,0,3,-99,-99,49,0.09
2015,3,7,0,1,0,3,-99,-99,47,0.09
2015,3,8,0,1,0,3,-99,-99,40,0.09
2015,4,1,1,0,1,2,-99,-99,55,0.09
2015,4,2,1,0,1,2,-99,-99,65,0.09
2015,4,3,1,0,1,2,-99,-99,43,0.09
2015,4,4,1,0,1,2,-99,-99,72,0.09
2015,4,5,1,0,1,2,-99,-99,42,0.09
2015,4,6,1,0,1,2,-99,-99,72,0.09
2015,4,7,0,0,1,2,-99,-99,54,0.09
2015,4,8,0,0,1,2,-99,-99,48,0.09
2015,5,1,1,1,1,4,-99,-99,46,0.09
2015,5,2,1,1,1,4,-99,-99,89,0.09
2015,5,3,1,1,1,4,-99,-99,81,0.09
2015,5,4,1,1,1,4,-99,-99,50,0.09
2015,5,5,1,1,1,4,-99,-99,62,0.09
2015,5,6,1,1,1,4,-99,-99,53,0.09
2015,5,7,0,1,1,4,-99,-99,64,0.09
2015,5,8,0,1,1,4,-99,-99,61,0.09
2015,6,1,1,0,0,1,-99,-99,46,0.09
2015,6,2,1,0,0,1,-99,-99,60,0.09
2015,6,3,1,0,0,1,-99,-99,50,0.09
2015,6,4,1,0,0,1,-99,-99,59,0.09
2015,6,5,1,0,0,1,-99,-99,44,0.09
2015,6,6,1,0,0,1,-99,-99,40,0.09
2015,6,7,0,0,0,1,-99,-99,55,0.09
2015,6,8,0,0,0,1,-99,-99,36,0.09
2015,7,1,1,0,0,1,-99,-99,1,0.09
2015,7,2,1,0,0,1,-99,-99,21,0.09
2015,7,3,1,0,0,1,-99,-99,20,0.09
2015,7,4,1,0,0,1,-99,-99,47,0.09
2015,7,5,1,0,0,1,-99,-99,0,0.09
2015,7,6,1,0,0,1,-99,-99,6,0.09
2015,7,7,0,0,0,1,-99,-99,44,0.09
2015,7,8,0,0,0,1,-99,-99,46,0.09
2015,8,1,1,1,0,3,-99,-99,34,0.09
2015,8,2,1,1,0,3,-99,-99,70,0.09
2015,8,3,1,1,0,3,-99,-99,89,0.09
2015,8,4,1,1,0,3,-99,-99,51,0.09
2015,8,5,1,1,0,3,-99,-99,31,0.09
2015,8,6,1,1,0,3,-99,-99,52,0.09
2015,8,7,0,1,0,3,-99,-99,51,0.09
2015,8,8,0,1,0,3,-99,-99,47,0.09
2015,9,1,1,1,0,3,-99,-99,56,0.09
2015,9,2,1,1,0,3,-99,-99,58,0.09
2015,9,3,1,1,0,3,-99,-99,74,0.09
2015,9,4,1,1,0,3,-99,-99,57,0.09
2015,9,5,1,1,0,3,-99,-99,47,0.09
2015,9,6,1,1,0,3,-99,-99,52,0.09
2015,9,7,0,1,0,3,-99,-99,53,0.09
2015,9,8,0,1,0,3,-99,-99,61,0.09
2015,10,1,1,0,1,2,-99,-99,31,0.09
2015,10,2,1,0,1,2,-99,-99,52,0.09
2015,10,3,1,0,1,2,-99,-99,60,0.09
2015,10,4,1,0,1,2,-99,-99,38,0.09
2015,10,5,1,0,1,2,-99,-99,52,0.09
2015,10,6,1,0,1,2,-99,-99,64,0.09
2015,10,7,0,0,1,2,-99,-99,32,0.09
2015,10,8,0,0,1,2,-99,-99,34,0.09
2015,11,1,1,0,1,2,-99,-99,47,0.09
2015,11,2,1,0,1,2,-99,-99,69,0.09
2015,11,3,1,0,1,2,-99,-99,86,0.09
2015,11,4,1,0,1,2,-99,-99,34,0.09
2015,11,5,1,0,1,2,-99,-99,51,0.09
2015,11,6,1,0,1,2,-99,-99,74,0.09
2015,11,7,0,0,1,2,-99,-99,74,0.09
2015,11,8,0,0,1,2,-99,-99,86,0.09
2015,12,1,1,1,1,4,-99,-99,68,0.09
2015,12,2,1,1,1,4,-99,-99,76,0.09
2015,12,3,1,1,1,4,-99,-99,90,0.09
2015,12,4,1,1,1,4,-99,-99,79,0.09
2015,12,5,1,1,1,4,-99,-99,85,0.09
2015,12,6,1,1,1,4,-99,-99,54,0.09
2015,12,7,0,1,1,4,-99,-99,59,0.09
2015,12,8,0,1,1,4,-99,-99,57,0.09
2015,13,1,1,1,0,3,-99,-99,39,0.09
2015,13,2,1,1,0,3,-99,-99,63,0.09
2015,13,3,1,1,0,3,-99,-99,69,0.09
2015,13,4,1,1,0,3,-99,-99,77,0.09
2015,13,5,1,1,0,3,-99,-99,45,0.09
2015,13,6,1,1,0,3,-99,-99,63,0.09
2015,13,7,0,1,0,3,-99,-99,46,0.09
2015,13,8,0,1,0,3,-99,-99,45,0.09
2015,14,1,1,0,1,2,-99,-99,44,0.09
2015,14,2,1,0,1,2,-99,-99,60,0.09
2015,14,3,1,0,1,2,-99,-99,63,0.09
2015,14,4,1,0,1,2,-99,-99,42,0.09
2015,14,5,1,0,1,2,-99,-99,37,0.09
2015,14,6,1,0,1,2,-99,-99,44,0.09
2015,14,7,0,0,1,2,-99,-99,37,0.09
2015,14,8,0,0,1,2,-99,-99,35,0.09
2015,15,1,1,1,1,4,-99,-99,55,0.09
2015,15,2,1,1,1,4,-99,-99,73,0.09
2015,15,3,1,1,1,4,-99,-99,83,0.09
2015,15,4,1,1,1,4,-99,-99,64,0.09
2015,15,5,1,1,1,4,-99,-99,56,0.09
2015,15,6,1,1,1,4,-99,-99,54,0.09
2015,15,7,0,1,1,4,-99,-99,47,0.09
2015,15,8,0,1,1,4,-99,-99,46,0.09
2015,16,1,1,0,0,1,-99,-99,46,0.09
2015,16,2,1,0,0,1,-99,-99,60,0.09
2015,16,3,1,0,0,1,-99,-99,68,0.09
2015,16,4,1,0,0,1,-99,-99,61,0.09
2015,16,5,1,0,0,1,-99,-99,39,0.09
2015,16,6,1,0,0,1,-99,-99,49,0.09
2015,16,7,0,0,0,1,-99,-99,34,0.09
2015,16,8,0,0,0,1,-99,-99,33,0.09
2015,17,1,1,0,0,1,-99,-99,35,0.09
2015,17,2,1,0,0,1,-99,-99,36,0.09
2015,17,3,1,0,0,1,-99,-99,52,0.09
2015,17,4,1,0,0,1,-99,-99,36,0.09
2015,17,5,1,0,0,1,-99,-99,44,0.09
2015,17,6,1,0,0,1,-99,-99,48,0.09
2015,17,7,0,0,0,1,-99,-99,33,0.09
2015,17,8,0,0,0,1,-99,-99,38,0.09
2015,18,1,1,1,1,4,-99,-99,23,0.09
2015,18,2,1,1,1,4,-99,-99,51,0.09
2015,18,3,1,1,1,4,-99,-99,59,0.09
2015,18,4,1,1,1,4,-99,-99,42,0.09
2015,18,5,1,1,1,4,-99,-99,50,0.09
2015,18,6,1,1,1,4,-99,-99,47,0.09
2015,18,7,0,1,1,4,-99,-99,37,0.09
2015,18,8,0,1,1,4,-99,-99,27,0.09
2015,19,1,1,1,0,3,-99,-99,38,0.09
2015,19,2,1,1,0,3,-99,-99,37,0.09
2015,19,3,1,1,0,3,-99,-99,71,0.09
2015,19,4,1,1,0,3,-99,-99,51,0.09
2015,19,5,1,1,0,3,-99,-99,38,0.09
2015,19,6,1,1,0,3,-99,-99,55,0.09
2015,19,7,0,1,0,3,-99,-99,51,0.09
2015,19,8,0,1,0,3,-99,-99,36,0.09
2015,20,1,1,0,1,2,-99,-99,50,0.09
2015,20,2,1,0,1,2,-99,-99,84,0.09
2015,20,3,1,0,1,2,-99,-99,54,0.09
2015,20,4,1,0,1,2,-99,-99,50,0.09
2015,20,5,1,0,1,2,-99,-99,37,0.09
2015,20,6,1,0,1,2,-99,-99,66,0.09
2015,20,7,0,0,1,2,-99,-99,18,0.09
2015,20,8,0,0,1,2,-99,-99,19,0.09
2016,1,1,1,1,1,4,-99,-99,31,0.09
2016,1,2,1,1,1,4,-99,-99,54,0.09
2016,1,3,1,1,1,4,-99,-99,48,0.09
2016,1,4,1,1,1,4,-99,-99,54,0.09
2016,1,5,1,1,1,4,-99,-99,41,0.09
2016,1,6,1,1,1,4,-99,-99,55,0.09
2016,1,7,0,1,1,4,-99,-99,46,0.09
2016,1,8,0,1,1,4,-99,-99,39,0.09
2016,2,1,1,0,0,1,-99,-99,44,0.09
2016,2,2,1,0,0,1,-99,-99,33,0.09
2016,2,3,1,0,0,1,-99,-99,42,0.09
2016,2,4,1,0,0,1,-99,-99,58,0.09
2016,2,5,1,0,0,1,-99,-99,46,0.09
2016,2,6,1,0,0,1,-99,-99,29,0.09
2016,2,7,0,0,0,1,-99,-99,25,0.09
2016,2,8,0,0,0,1,-99,-99,53,0.09
2016,3,1,1,1,0,3,-99,-99,47,0.09
2016,3,2,1,1,0,3,-99,-99,40,0.09
2016,3,3,1,1,0,3,-99,-99,73,0.09
2016,3,4,1,1,0,3,-99,-99,63,0.09
2016,3,5,1,1,0,3,-99,-99,35,0.09
2016,3,6,1,1,0,3,-99,-99,52,0.09
2016,3,7,0,1,0,3,-99,-99,27,0.09
2016,3,8,0,1,0,3,-99,-99,48,0.09
2016,4,1,1,0,1,2,-99,-99,34,0.09
2016,4,2,1,0,1,2,-99,-99,39,0.09
2016,4,3,1,0,1,2,-99,-99,46,0.09
2016,4,4,1,0,1,2,-99,-99,33,0.09
2016,4,5,1,0,1,2,-99,-99,49,0.09
2016,4,6,1,0,1,2,-99,-99,34,0.09
2016,4,7,0,0,1,2,-99,-99,48,0.09
2016,4,8,0,0,1,2,-99,-99,37,0.09
2016,5,1,1,1,1,4,-99,-99,70,0.09
2016,5,2,1,1,1,4,-99,-99,74,0.09
2016,5,3,1,1,1,4,-99,-99,68,0.09
2016,5,4,1,1,1,4,-99,-99,74,0.09
2016,5,5,1,1,1,4,-99,-99,54,0.09
2016,5,6,1,1,1,4,-99,-99,43,0.09
2016,5,7,0,1,1,4,-99,-99,42,0.09
2016,5,8,0,1,1,4,-99,-99,40,0.09
2016,6,1,1,0,0,1,-99,-99,32,0.09
2016,6,2,1,0,0,1,-99,-99,68,0.09
2016,6,3,1,0,0,1,-99,-99,52,0.09
2016,6,4,1,0,0,1,-99,-99,53,0.09
2016,6,5,1,0,0,1,-99,-99,36,0.09
2016,6,6,1,0,0,1,-99,-99,39,0.09
2016,6,7,0,0,0,1,-99,-99,45,0.09
2016,6,8,0,0,0,1,-99,-99,46,0.09
2016,7,1,1,0,0,1,-99,-99,14,0.09
2016,7,2,1,0,0,1,-99,-99,53,0.09
2016,7,3,1,0,0,1,-99,-99,24,0.09
2016,7,4,1,0,0,1,-99,-99,40,0.09
2016,7,5,1,0,0,1,-99,-99,25,0.09
2016,7,6,1,0,0,1,-99,-99,22,0.09
2016,7,7,0,0,0,1,-99,-99,26,0.09
2016,7,8,0,0,0,1,-99,-99,41,0.09
2016,8,1,1,1,0,3,-99,-99,49,0.09
2016,8,2,1,1,0,3,-99,-99,67,0.09
2016,8,3,1,1,0,3,-99,-99,72,0.09
2016,8,4,1,1,0,3,-99,-99,41,0.09
2016,8,5,1,1,0,3,-99,-99,23,0.09
2016,8,6,1,1,0,3,-99,-99,47,0.09
2016,8,7,0,1,0,3,-99,-99,35,0.09
2016,8,8,0,1,0,3,-99,-99,45,0.09
2016,9,1,1,1,0,3,-99,-99,54,0.09
2016,9,2,1,1,0,3,-99,-99,50,0.09
2016,9,3,1,1,0,3,-99,-99,44,0.09
2016,9,4,1,1,0,3,-99,-99,53,0.09
2016,9,5,1,1,0,3,-99,-99,59,0.09
2016,9,6,1,1,0,3,-99,-99,45,0.09
2016,9,7,0,1,0,3,-99,-99,30,0.09
2016,9,8,0,1,0,3,-99,-99,44,0.09
2016,10,1,1,0,1,2,-99,-99,35,0.09
2016,10,2,1,0,1,2,-99,-99,43,0.09
2016,10,3,1,0,1,2,-99,-99,50,0.09
2016,10,4,1,0,1,2,-99,-99,39,0.09
2016,10,5,1,0,1,2,-99,-99,42,0.09
2016,10,6,1,0,1,2,-99,-99,28,0.09
2016,10,7,0,0,1,2,-99,-99,42,0.09
2016,10,8,0,0,1,2,-99,-99,47,0.09
2016,11,1,1,0,1,2,-99,-99,32,0.09
2016,11,2,1,0,1,2,-99,-99,18,0.09
2016,11,3,1,0,1,2,-99,-99,12,0.09
2016,11,4,1,0,1,2,-99,-99,42,0.09
2016,11,5,1,0,1,2,-99,-99,20,0.09
2016,11,6,1,0,1,2,-99,-99,27,0.09
2016,11,7,0,0,1,2,-99,-99,48,0.09
2016,11,8,0,0,1,2,-99,-99,53,0.09
2016,12,1,1,1,1,4,-99,-99,52,0.09
2016,12,2,1,1,1,4,-99,-99,41,0.09
2016,12,3,1,1,1,4,-99,-99,65,0.09
2016,12,4,1,1,1,4,-99,-99,70,0.09
2016,12,5,1,1,1,4,-99,-99,54,0.09
2016,12,6,1,1,1,4,-99,-99,76,0.09
2016,12,7,0,1,1,4,-99,-99,59,0.09
2016,12,8,0,1,1,4,-99,-99,60,0.09
2016,13,1,1,1,0,3,-99,-99,37,0.09
2016,13,2,1,1,0,3,-99,-99,49,0.09
2016,13,3,1,1,0,3,-99,-99,49,0.09
2016,13,4,1,1,0,3,-99,-99,39,0.09
2016,13,5,1,1,0,3,-99,-99,57,0.09
2016,13,6,1,1,0,3,-99,-99,39,0.09
2016,13,7,0,1,0,3,-99,-99,36,0.09
2016,13,8,0,1,0,3,-99,-99,33,0.09
2016,14,1,1,0,1,2,-99,-99,52,0.09
2016,14,2,1,0,1,2,-99,-99,52,0.09
2016,14,3,1,0,1,2,-99,-99,42,0.09
2016,14,4,1,0,1,2,-99,-99,39,0.09
2016,14,5,1,0,1,2,-99,-99,38,0.09
2016,14,6,1,0,1,2,-99,-99,27,0.09
2016,14,7,0,0,1,2,-99,-99,35,0.09
2016,14,8,0,0,1,2,-99,-99,36,0.09
2016,15,1,1,1,1,4,-99,-99,52,0.09
2016,15,2,1,1,1,4,-99,-99,42,0.09
2016,15,3,1,1,1,4,-99,-99,48,0.09
2016,15,4,1,1,1,4,-99,-99,60,0.09
2016,15,5,1,1,1,4,-99,-99,59,0.09
2016,15,6,1,1,1,4,-99,-99,50,0.09
2016,15,7,0,1,1,4,-99,-99,54,0.09
2016,15,8,0,1,1,4,-99,-99,55,0.09
2016,16,1,1,0,0,1,-99,-99,54,0.09
2016,16,2,1,0,0,1,-99,-99,51,0.09
2016,16,3,1,0,0,1,-99,-99,62,0.09
2016,16,4,1,0,0,1,-99,-99,53,0.09
2016,16,5,1,0,0,1,-99,-99,37,0.09
2016,16,6,1,0,0,1,-99,-99,53,0.09
2016,16,7,0,0,0,1,-99,-99,56,0.09
2016,16,8,0,0,0,1,-99,-99,68,0.09
2016,17,1,1,0,0,1,-99,-99,51,0.09
2016,17,2,1,0,0,1,-99,-99,33,0.09
2016,17,3,1,0,0,1,-99,-99,52,0.09
2016,17,4,1,0,0,1,-99,-99,50,0.09
2016,17,5,1,0,0,1,-99,-99,33,0.09
2016,17,6,1,0,0,1,-99,-99,32,0.09
2016,17,7,0,0,0,1,-99,-99,42,0.09
2016,17,8,0,0,0,1,-99,-99,41,0.09
2016,18,1,1,1,1,4,-99,-99,54,0.09
2016,18,2,1,1,1,4,-99,-99,56,0.09
2016,18,3,1,1,1,4,-99,-99,43,0.09
2016,18,4,1,1,1,4,-99,-99,48,0.09
2016,18,5,1,1,1,4,-99,-99,53,0.09
2016,18,6,1,1,1,4,-99,-99,19,0.09
2016,18,7,0,1,1,4,-99,-99,42,0.09
2016,18,8,0,1,1,4,-99,-99,58,0.09
2016,19,1,1,1,0,3,-99,-99,33,0.09
2016,19,2,1,1,0,3,-99,-99,64,0.09
2016,19,3,1,1,0,3,-99,-99,65,0.09
2016,19,4,1,1,0,3,-99,-99,49,0.09
2016,19,5,1,1,0,3,-99,-99,50,0.09
2016,19,6,1,1,0,3,-99,-99,61,0.09
2016,19,7,0,1,0,3,-99,-99,37,0.09
2016,19,8,0,1,0,3,-99,-99,26,0.09
2016,20,1,1,0,1,2,-99,-99,45,0.09
2016,20,2,1,0,1,2,-99,-99,60,0.09
2016,20,3,1,0,1,2,-99,-99,51,0.09
2016,20,4,1,0,1,2,-99,-99,54,0.09
2016,20,5,1,0,1,2,-99,-99,47,0.09
2016,20,6,1,0,1,2,-99,-99,47,0.09
2016,20,7,0,0,1,2,-99,-99,38,0.09
2016,20,8,0,0,1,2,-99,-99,25,0.09
2017,1,1,1,1,1,4,-99,-99,45,0.09
2017,1,2,1,1,1,4,-99,-99,84,0.09
2017,1,3,1,1,1,4,-99,-99,43,0.09
2017,1,4,1,1,1,4,-99,-99,77,0.09
2017,1,5,1,1,1,4,-99,-99,38,0.09
2017,1,6,1,1,1,4,-99,-99,61,0.09
2017,1,7,0,1,1,4,-99,-99,72,0.09
2017,1,8,0,1,1,4,-99,-99,49,0.09
2017,2,1,1,0,0,1,-99,-99,40,0.09
2017,2,2,1,0,0,1,-99,-99,37,0.09
2017,2,3,1,0,0,1,-99,-99,38,0.09
2017,2,4,1,0,0,1,-99,-99,67,0.09
2017,2,5,1,0,0,1,-99,-99,63,0.09
2017,2,6,1,0,0,1,-99,-99,35,0.09
2017,2,7,0,0,0,1,-99,-99,34,0.09
2017,2,8,0,0,0,1,-99,-99,61,0.09
2017,3,1,1,1,0,3,-99,-99,56,0.09
2017,3,2,1,1,0,3,-99,-99,40,0.09
2017,3,3,1,1,0,3,-99,-99,77,0.09
2017,3,4,1,1,0,3,-99,-99,64,0.09
2017,3,5,1,1,0,3,-99,-99,54,0.09
2017,3,6,1,1,0,3,-99,-99,64,0.09
2017,3,7,0,1,0,3,-99,-99,35,0.09
2017,3,8,0,1,0,3,-99,-99,76,0.09
2017,4,1,1,0,1,2,-99,-99,32,0.09
2017,4,2,1,0,1,2,-99,-99,56,0.09
2017,4,3,1,0,1,2,-99,-99,25,0.09
2017,4,4,1,0,1,2,-99,-99,53,0.09
2017,4,5,1,0,1,2,-99,-99,32,0.09
2017,4,6,1,0,1,2,-99,-99,55,0.09
2017,4,7,0,0,1,2,-99,-99,63,0.09
2017,4,8,0,0,1,2,-99,-99,47,0.09
2017,5,1,1,1,1,4,-99,-99,85,0.09
2017,5,2,1,1,1,4,-99,-99,82,0.09
2017,5,3,1,1,1,4,-99,-99,60,0.09
2017,5,4,1,1,1,4,-99,-99,59,0.09
2017,5,5,1,1,1,4,-99,-99,52,0.09
2017,5,6,1,1,1,4,-99,-99,65,0.09
2017,5,7,0,1,1,4,-99,-99,48,0.09
2017,5,8,0,1,1,4,-99,-99,49,0.09
2017,6,1,1,0,0,1,-99,-99,56,0.09
2017,6,2,1,0,0,1,-99,-99,56,0.09
2017,6,3,1,0,0,1,-99,-99,54,0.09
2017,6,4,1,0,0,1,-99,-99,41,0.09
2017,6,5,1,0,0,1,-99,-99,35,0.09
2017,6,6,1,0,0,1,-99,-99,48,0.09
2017,6,7,0,0,0,1,-99,-99,44,0.09
2017,6,8,0,0,0,1,-99,-99,54,0.09
2017,7,1,1,0,0,1,-99,-99,48,0.09
2017,7,2,1,0,0,1,-99,-99,62,0.09
2017,7,3,1,0,0,1,-99,-99,37,0.09
2017,7,4,1,0,0,1,-99,-99,27,0.09
2017,7,5,1,0,0,1,-99,-99,34,0.09
2017,7,6,1,0,0,1,-99,-99,34,0.09
2017,7,7,0,0,0,1,-99,-99,35,0.09
2017,7,8,0,0,0,1,-99,-99,53,0.09
2017,8,1,1,1,0,3,-99,-99,60,0.09
2017,8,2,1,1,0,3,-99,-99,57,0.09
2017,8,3,1,1,0,3,-99,-99,51,0.09
2017,8,4,1,1,0,3,-99,-99,57,0.09
2017,8,5,1,1,0,3,-99,-99,35,0.09
2017,8,6,1,1,0,3,-99,-99,64,0.09
2017,8,7,0,1,0,3,-99,-99,37,0.09
2017,8,8,0,1,0,3,-99,-99,42,0.09
2017,9,1,1,1,0,3,-99,-99,75,0.09
2017,9,2,1,1,0,3,-99,-99,68,0.09
2017,9,3,1,1,0,3,-99,-99,62,0.09
2017,9,4,1,1,0,3,-99,-99,62,0.09
2017,9,5,1,1,0,3,-99,-99,66,0.09
2017,9,6,1,1,0,3,-99,-99,68,0.09
2017,9,7,0,1,0,3,-99,-99,47,0.09
2017,9,8,0,1,0,3,-99,-99,50,0.09
2017,10,1,1,0,1,2,-99,-99,56,0.09
2017,10,2,1,0,1,2,-99,-99,57,0.09
2017,10,3,1,0,1,2,-99,-99,40,0.09
2017,10,4,1,0,1,2,-99,-99,54,0.09
2017,10,5,1,0,1,2,-99,-99,54,0.09
2017,10,6,1,0,1,2,-99,-99,16,0.09
2017,10,7,0,0,1,2,-99,-99,50,0.09
2017,10,8,0,0,1,2,-99,-99,43,0.09
2017,11,1,1,0,1,2,-99,-99,59,0.09
2017,11,2,1,0,1,2,-99,-99,19,0.09
2017,11,3,1,0,1,2,-99,-99,51,0.09
2017,11,4,1,0,1,2,-99,-99,59,0.09
2017,11,5,1,0,1,2,-99,-99,61,0.09
2017,11,6,1,0,1,2,-99,-99,63,0.09
2017,11,7,0,0,1,2,-99,-99,48,0.09
2017,11,8,0,0,1,2,-99,-99,58,0.09
2017,12,1,1,1,1,4,-99,-99,50,0.09
2017,12,2,1,1,1,4,-99,-99,92,0.09
2017,12,3,1,1,1,4,-99,-99,91,0.09
2017,12,4,1,1,1,4,-99,-99,63,0.09
2017,12,5,1,1,1,4,-99,-99,57,0.09
2017,12,6,1,1,1,4,-99,-99,77,0.09
2017,12,7,0,1,1,4,-99,-99,40,0.09
2017,12,8,0,1,1,4,-99,-99,56,0.09
2017,13,1,1,1,0,3,-99,-99,58,0.09
2017,13,2,1,1,0,3,-99,-99,52,0.09
2017,13,3,1,1,0,3,-99,-99,48,0.09
2017,13,4,1,1,0,3,-99,-99,63,0.09
2017,13,5,1,1,0,3,-99,-99,61,0.09
2017,13,6,1,1,0,3,-99,-99,58,0.09
2017,13,7,0,1,0,3,-99,-99,36,0.09
2017,13,8,0,1,0,3,-99,-99,41,0.09
2017,14,1,1,0,1,2,-99,-99,41,0.09
2017,14,2,1,0,1,2,-99,-99,41,0.09
2017,14,3,1,0,1,2,-99,-99,33,0.09
2017,14,4,1,0,1,2,-99,-99,31,0.09
2017,14,5,1,0,1,2,-99,-99,32,0.09
2017,14,6,1,0,1,2,-99,-99,33,0.09
2017,14,7,0,0,1,2,-99,-99,40,0.09
2017,14,8,0,0,1,2,-99,-99,43,0.09
2017,15,1,1,1,1,4,-99,-99,36,0.09
2017,15,2,1,1,1,4,-99,-99,67,0.09
2017,15,3,1,1,1,4,-99,-99,46,0.09
2017,15,4,1,1,1,4,-99,-99,67,0.09
2017,15,5,1,1,1,4,-99,-99,56,0.09
2017,15,6,1,1,1,4,-99,-99,65,0.09
2017,15,7,0,1,1,4,-99,-99,28,0.09
2017,15,8,0,1,1,4,-99,-99,38,0.09
2017,16,1,1,0,0,1,-99,-99,53,0.09
2017,16,2,1,0,0,1,-99,-99,56,0.09
2017,16,3,1,0,0,1,-99,-99,40,0.09
2017,16,4,1,0,0,1,-99,-99,44,0.09
2017,16,5,1,0,0,1,-99,-99,41,0.09
2017,16,6,1,0,0,1,-99,-99,46,0.09
2017,16,7,0,0,0,1,-99,-99,48,0.09
2017,16,8,0,0,0,1,-99,-99,74,0.09
2017,17,1,1,0,0,1,-99,-99,49,0.09
2017,17,2,1,0,0,1,-99,-99,41,0.09
2017,17,3,1,0,0,1,-99,-99,41,0.09
2017,17,4,1,0,0,1,-99,-99,35,0.09
2017,17,5,1,0,0,1,-99,-99,33,0.09
2017,17,6,1,0,0,1,-99,-99,30,0.09
2017,17,7,0,0,0,1,-99,-99,19,0.09
2017,17,8,0,0,0,1,-99,-99,46,0.09
2017,18,1,1,1,1,4,-99,-99,61,0.09
2017,18,2,1,1,1,4,-99,-99,58,0.09
2017,18,3,1,1,1,4,-99,-99,45,0.09
2017,18,4,1,1,1,4,-99,-99,47,0.09
2017,18,5,1,1,1,4,-99,-99,48,0.09
2017,18,6,1,1,1,4,-99,-99,24,0.09
2017,18,7,0,1,1,4,-99,-99,50,0.09
2017,18,8,0,1,1,4,-99,-99,41,0.09
2017,19,1,1,1,0,3,-99,-99,39,0.09
2017,19,2,1,1,0,3,-99,-99,35,0.09
2017,19,3,1,1,0,3,-99,-99,41,0.09
2017,19,4,1,1,0,3,-99,-99,54,0.09
2017,19,5,1,1,0,3,-99,-99,73,0.09
2017,19,6,1,1,0,3,-99,-99,61,0.09
2017,19,7,0,1,0,3,-99,-99,31,0.09
2017,19,8,0,1,0,3,-99,-99,48,0.09
2017,20,1,1,0,1,2,-99,-99,53,0.09
2017,20,2,1,0,1,2,-99,-99,41,0.09
2017,20,3,1,0,1,2,-99,-99,54,0.09
2017,20,4,1,0,1,2,-99,-99,40,0.09
2017,20,5,1,0,1,2,-99,-99,40,0.09
2017,20,6,1,0,1,2,-99,-99,48,0.09
2017,20,7,0,0,1,2,-99,-99,20,0.09
2017,20,8,0,0,1,2,-99,-99,37,0.09
2018,1,1,1,1,1,4,89,-99,-99,0.09
2018,1,2,1,1,1,4,95,-99,-99,0.09
2018,1,3,1,1,1,4,95,94,-99,0.09
2018,1,4,1,1,1,4,120,-99,-99,0.09
2018,1,5,1,1,1,4,78,77,-99,0.09
2018,1,6,1,1,1,4,85,-99,-99,0.09
2018,1,7,0,1,1,4,60,-99,-99,0.09
2018,1,8,0,1,1,4,56,55,-99,0.09
2018,2,1,1,0,0,1,69,71,-99,0.09
2018,2,2,1,0,0,1,49,-99,-99,0.09
2018,2,3,1,0,0,1,62,59,-99,0.09
2018,2,4,1,0,0,1,91,-99,-99,0.09
2018,2,5,1,0,0,1,53,54,-99,0.09
2018,2,6,1,0,0,1,54,-99,-99,0.09
2018,2,7,0,0,0,1,56,55,-99,0.09
2018,2,8,0,0,0,1,60,64,-99,0.09
2018,3,1,1,1,0,3,89,-99,-99,0.09
2018,3,2,1,1,0,3,59,58,-99,0.09
2018,3,3,1,1,0,3,76,74,-99,0.09
2018,3,4,1,1,0,3,48,49,-99,0.09
2018,3,5,1,1,0,3,63,62,-99,0.09
2018,3,6,1,1,0,3,83,-99,-99,0.09
2018,3,7,0,1,0,3,59,-99,-99,0.09
2018,3,8,0,1,0,3,78,-99,-99,0.09
2018,4,1,1,0,1,2,51,50,-99,0.09
2018,4,2,1,0,1,2,60,60,-99,0.09
2018,4,3,1,0,1,2,50,50,-99,0.09
2018,4,4,1,0,1,2,82,82,-99,0.09
2018,4,5,1,0,1,2,49,49,-99,0.09
2018,4,6,1,0,1,2,83,83,-99,0.09
2018,4,7,0,0,1,2,57,57,-99,0.09
2018,4,8,0,0,1,2,70,70,-99,0.09
2018,5,1,1,1,1,4,127,-99,-99,0.09
2018,5,2,1,1,1,4,123,-99,-99,0.09
2018,5,3,1,1,1,4,111,-99,-99,0.09
2018,5,4,1,1,1,4,78,-99,-99,0.09
2018,5,5,1,1,1,4,75,-99,-99,0.09
2018,5,6,1,1,1,4,92,-99,-99,0.09
2018,5,7,0,1,1,4,61,-99,-99,0.09
2018,5,8,0,1,1,4,66,-99,-99,0.09
2018,6,1,1,0,0,1,85,-99,-99,0.09
2018,6,2,1,0,0,1,85,-99,-99,0.09
2018,6,3,1,0,0,1,82,-99,-99,0.09
2018,6,4,1,0,0,1,83,-99,-99,0.09
2018,6,5,1,0,0,1,49,51,-99,0.09
2018,6,6,1,0,0,1,60,60,-99,0.09
2018,6,7,0,0,0,1,50,-99,-99,0.09
2018,6,8,0,0,0,1,57,55,-99,0.09
2018,7,1,1,0,0,1,47,-99,-99,0.09
2018,7,2,1,0,0,1,54,54,-99,0.09
2018,7,3,1,0,0,1,33,32,-99,0.09
2018,7,4,1,0,0,1,59,-99,-99,0.09
2018,7,5,1,0,0,1,54,-99,-99,0.09
2018,7,6,1,0,0,1,43,44,-99,0.09
2018,7,7,0,0,0,1,52,-99,-99,0.09
2018,7,8,0,0,0,1,59,-99,-99,0.09
2018,8,1,1,1,0,3,72,-99,-99,0.09
2018,8,2,1,1,0,3,70,-99,-99,0.09
2018,8,3,1,1,0,3,77,-99,-99,0.09
2018,8,4,1,1,0,3,71,-99,-99,0.09
2018,8,5,1,1,0,3,57,57,-99,0.09
2018,8,6,1,1,0,3,68,-99,-99,0.09
2018,8,7,0,1,0,3,58,-99,-99,0.09
2018,8,8,0,1,0,3,39,42,-99,0.09
2018,9,1,1,1,0,3,82,-99,-99,0.09
2018,9,2,1,1,0,3,94,-99,-99,0.09
2018,9,3,1,1,0,3,76,-99,-99,0.09
2018,9,4,1,1,0,3,81,-99,-99,0.09
2018,9,5,1,1,0,3,93,-99,-99,0.09
2018,9,6,1,1,0,3,83,82,-99,0.09
2018,9,7,0,1,0,3,57,57,-99,0.09
2018,9,8,0,1,0,3,41,38,-99,0.09
2018,10,1,1,0,1,2,45,-99,-99,0.09
2018,10,2,1,0,1,2,52,50,-99,0.09
2018,10,3,1,0,1,2,58,55,-99,0.09
2018,10,4,1,0,1,2,56,57,-99,0.09
2018,10,5,1,0,1,2,78,-99,-99,0.09
2018,10,6,1,0,1,2,63,-99,-99,0.09
2018,10,7,0,0,1,2,66,66,-99,0.09
2018,10,8,0,0,1,2,71,70,-99,0.09
2018,11,1,1,0,1,2,67,-99,-99,0.09
2018,11,2,1,0,1,2,46,-99,-99,0.09
2018,11,3,1,0,1,2,27,28,-99,0.09
2018,11,4,1,0,1,2,53,-99,-99,0.09
2018,11,5,1,0,1,2,80,-99,-99,0.09
2018,11,6,1,0,1,2,48,47,-99,0.09
2018,11,7,0,0,1,2,71,71,-99,0.09
2018,11,8,0,0,1,2,69,-99,-99,0.09
2018,12,1,1,1,1,4,96,-99,-99,0.09
2018,12,2,1,1,1,4,116,-99,-99,0.09
2018,12,3,1,1,1,4,112,-99,-99,0.09
2018,12,4,1,1,1,4,102,-99,-99,0.09
2018,12,5,1,1,1,4,113,-99,-99,0.09
2018,12,6,1,1,1,4,114,-99,-99,0.09
2018,12,7,0,1,1,4,85,-99,-99,0.09
2018,12,8,0,1,1,4,73,-99,-99,0.09
2018,13,1,1,1,0,3,78,78,-99,0.09
2018,13,2,1,1,0,3,80,80,-99,0.09
2018,13,3,1,1,0,3,70,-99,-99,0.09
2018,13,4,1,1,0,3,79,-99,-99,0.09
2018,13,5,1,1,0,3,105,104,-99,0.09
2018,13,6,1,1,0,3,70,-99,-99,0.09
2018,13,7,0,1,0,3,80,-99,-99,0.09
2018,13,8,0,1,0,3,76,-99,-99,0.09
2018,14,1,1,0,1,2,60,-99,-99,0.09
2018,14,2,1,0,1,2,39,-99,-99,0.09
2018,14,3,1,0,1,2,54,-99,-99,0.09
2018,14,4,1,0,1,2,83,-99,-99,0.09
2018,14,5,1,0,1,2,66,-99,-99,0.09
2018,14,6,1,0,1,2,44,-99,-99,0.09
2018,14,7,0,0,1,2,44,42,-99,0.09
2018,14,8,0,0,1,2,62,-99,-99,0.09
2018,15,1,1,1,1,4,82,81,-99,0.09
2018,15,2,1,1,1,4,74,73,-99,0.09
2018,15,3,1,1,1,4,103,-99,-99,0.09
2018,15,4,1,1,1,4,75,-99,-99,0.09
2018,15,5,1,1,1,4,105,-99,-99,0.09
2018,15,6,1,1,1,4,77,-99,-99,0.09
2018,15,7,0,1,1,4,60,-99,-99,0.09
2018,15,8,0,1,1,4,70,-99,-99,0.09
2018,16,1,1,0,0,1,52,-99,-99,0.09
2018,16,2,1,0,0,1,79,-99,-99,0.09
2018,16,3,1,0,0,1,64,-99,-99,0.09
2018,16,4,1,0,0,1,82,-99,-99,0.09
2018,16,5,1,0,0,1,57,55,-99,0.09
2018,16,6,1,0,0,1,62,-99,-99,0.09
2018,16,7,0,0,0,1,69,-99,-99,0.09
2018,16,8,0,0,0,1,75,-99,-99,0.09
2018,17,1,1,0,0,1,83,-99,-99,0.09
2018,17,2,1,0,0,1,53,-99,-99,0.09
2018,17,3,1,0,0,1,52,51,-99,0.09
2018,17,4,1,0,0,1,94,-99,-99,0.09
2018,17,5,1,0,0,1,68,-99,-99,0.09
2018,17,6,1,0,0,1,57,-99,-99,0.09
2018,17,7,0,0,0,1,62,-99,-99,0.09
2018,17,8,0,0,0,1,61,61,-99,0.09
2018,18,1,1,1,1,4,64,-99,-99,0.09
2018,18,2,1,1,1,4,82,-99,-99,0.09
2018,18,3,1,1,1,4,9,-99,-99,0.09
2018,18,4,1,1,1,4,78,-99,-99,0.09
2018,18,5,1,1,1,4,95,-99,-99,0.09
2018,18,6,1,1,1,4,27,27,-99,0.09
2018,18,7,0,1,1,4,61,60,-99,0.09
2018,18,8,0,1,1,4,68,-99,-99,0.09
2018,19,1,1,1,0,3,86,-99,-99,0.09
2018,19,2,1,1,0,3,65,-99,-99,0.09
2018,19,3,1,1,0,3,80,80,-99,0.09
2018,19,4,1,1,0,3,79,79,-99,0.09
2018,19,5,1,1,0,3,96,-99,-99,0.09
2018,19,6,1,1,0,3,95,-99,-99,0.09
2018,19,7,0,1,0,3,36,36,-99,0.09
2018,19,8,0,1,0,3,46,47,-99,0.09
2018,20,1,1,0,1,2,59,57,-99,0.09
2018,20,2,1,0,1,2,69,-99,-99,0.09
2018,20,3,1,0,1,2,78,-99,-99,0.09
2018,20,4,1,0,1,2,94,-99,-99,0.09
2018,20,5,1,0,1,2,88,-99,-99,0.09
2018,20,6,1,0,1,2,56,55,-99,0.09
2018,20,7,0,0,1,2,48,48,-99,0.09
2018,20,8,0,0,1,2,66,65,-99,0.09
2019,1,1,1,1,1,4,81,83,-99,0.09
2019,1,2,1,1,1,4,80,79,-99,0.09
2019,1,3,1,1,1,4,80,81,-99,0.09
2019,1,4,1,1,1,4,101,100,-99,0.09
2019,1,5,1,1,1,4,79,77,-99,0.09
2019,1,6,1,1,1,4,70,68,-99,0.09
2019,1,7,0,1,1,4,55,54,-99,0.09
2019,1,8,0,1,1,4,34,32,-99,0.09
2019,2,1,1,0,0,1,51,54,-99,0.09
2019,2,2,1,0,0,1,40,40,-99,0.09
2019,2,3,1,0,0,1,51,51,-99,0.09
2019,2,4,1,0,0,1,75,75,-99,0.09
2019,2,5,1,0,0,1,64,64,-99,0.09
2019,2,6,1,0,0,1,55,55,-99,0.09
2019,2,7,0,0,0,1,40,42,-99,0.09
2019,2,8,0,0,0,1,50,49,-99,0.09
2019,3,1,1,1,0,3,61,63,-99,0.09
2019,3,2,1,1,0,3,66,68,-99,0.09
2019,3,3,1,1,0,3,58,57,-99,0.09
2019,3,4,1,1,0,3,51,51,-99,0.09
2019,3,5,1,1,0,3,59,60,-99,0.09
2019,3,6,1,1,0,3,61,61,-99,0.09
2019,3,7,0,1,0,3,46,46,-99,0.09
2019,3,8,0,1,0,3,55,54,-99,0.09
2019,4,1,1,0,1,2,53,57,-99,0.09
2019,4,2,1,0,1,2,63,64,-99,0.09
2019,4,3,1,0,1,2,45,43,-99,0.09
2019,4,4,1,0,1,2,75,73,-99,0.09
2019,4,5,1,0,1,2,51,53,-99,0.09
2019,4,6,1,0,1,2,86,84,-99,0.09
2019,4,7,0,0,1,2,60,62,-99,0.09
2019,4,8,0,0,1,2,60,58,-99,0.09
2019,5,1,1,1,1,4,99,99,-99,0.09
2019,5,2,1,1,1,4,129,134,-99,0.09
2019,5,3,1,1,1,4,105,106,-99,0.09
2019,5,4,1,1,1,4,87,89,-99,0.09
2019,5,5,1,1,1,4,89,91,-99,0.09
2019,5,6,1,1,1,4,63,62,-99,0.09
2019,5,7,0,1,1,4,68,70,-99,0.09
2019,5,8,0,1,1,4,65,68,-99,0.09
2019,6,1,1,0,0,1,71,68,-99,0.09
2019,6,2,1,0,0,1,76,79,-99,0.09
2019,6,3,1,0,0,1,64,64,-99,0.09
2019,6,4,1,0,0,1,63,63,-99,0.09
2019,6,5,1,0,0,1,62,59,-99,0.09
2019,6,6,1,0,0,1,53,54,-99,0.09
2019,6,7,0,0,0,1,54,56,-99,0.09
2019,6,8,0,0,0,1,71,68,-99,0.09
2019,7,1,1,0,0,1,39,40,-99,0.09
2019,7,2,1,0,0,1,59,59,-99,0.09
2019,7,3,1,0,0,1,41,40,-99,0.09
2019,7,4,1,0,0,1,62,62,-99,0.09
2019,7,5,1,0,0,1,39,40,-99,0.09
2019,7,6,1,0,0,1,51,51,-99,0.09
2019,7,7,0,0,0,1,45,46,-99,0.09
2019,7,8,0,0,0,1,51,51,-99,0.09
2019,8,1,1,1,0,3,70,72,-99,0.09
2019,8,2,1,1,0,3,95,97,-99,0.09
2019,8,3,1,1,0,3,86,84,-99,0.09
2019,8,4,1,1,0,3,52,51,-99,0.09
2019,8,5,1,1,0,3,70,69,-99,0.09
2019,8,6,1,1,0,3,68,68,-99,0.09
2019,8,7,0,1,0,3,55,54,-99,0.09
2019,8,8,0,1,0,3,45,46,-99,0.09
2019,9,1,1,1,0,3,80,80,-99,0.09
2019,9,2,1,1,0,3,87,85,-99,0.09
2019,9,3,1,1,0,3,80,79,-99,0.09
2019,9,4,1,1,0,3,82,83,-99,0.09
2019,9,5,1,1,0,3,107,108,-99,0.09
2019,9,6,1,1,0,3,76,77,-99,0.09
2019,9,7,0,1,0,3,42,42,-99,0.09
2019,9,8,0,1,0,3,35,38,-99,0.09
2019,10,1,1,0,1,2,48,47,-99,0.09
2019,10,2,1,0,1,2,65,68,-99,0.09
2019,10,3,1,0,1,2,51,51,-99,0.09
2019,10,4,1,0,1,2,80,81,-99,0.09
2019,10,5,1,0,1,2,76,76,-99,0.09
2019,10,6,1,0,1,2,48,51,-99,0.09
2019,10,7,0,0,1,2,61,63,-99,0.09
2019,10,8,0,0,1,2,51,49,-99,0.09
2019,11,1,1,0,1,2,51,51,-99,0.09
2019,11,2,1,0,1,2,33,32,-99,0.09
2019,11,3,1,0,1,2,50,49,-99,0.09
2019,11,4,1,0,1,2,76,76,-99,0.09
2019,11,5,1,0,1,2,94,94,-99,0.09
2019,11,6,1,0,1,2,42,44,-99,0.09
2019,11,7,0,0,1,2,68,71,-99,0.09
2019,11,8,0,0,1,2,59,58,-99,0.09
2019,12,1,1,1,1,4,82,83,-99,0.09
2019,12,2,1,1,1,4,104,104,-99,0.09
2019,12,3,1,1,1,4,106,105,-99,0.09
2019,12,4,1,1,1,4,97,95,-99,0.09
2019,12,5,1,1,1,4,116,116,-99,0.09
2019,12,6,1,1,1,4,103,102,-99,0.09
2019,12,7,0,1,1,4,52,50,-99,0.09
2019,12,8,0,1,1,4,63,61,-99,0.09
2019,13,1,1,1,0,3,74,-99,-99,0.09
2019,13,2,1,1,0,3,106,107,-99,0.09
2019,13,3,1,1,0,3,63,64,-99,0.09
2019,13,4,1,1,0,3,84,87,-99,0.09
2019,13,5,1,1,0,3,90,89,-99,0.09
2019,13,6,1,1,0,3,89,90,-99,0.09
2019,13,7,0,1,0,3,72,74,-99,0.09
2019,13,8,0,1,0,3,63,64,-99,0.09
2019,14,1,1,0,1,2,75,75,-99,0.09
2019,14,2,1,0,1,2,60,59,-99,0.09
2019,14,3,1,0,1,2,58,58,-99,0.09
2019,14,4,1,0,1,2,63,63,-99,0.09
2019,14,5,1,0,1,2,48,47,-99,0.09
2019,14,6,1,0,1,2,65,65,-99,0.09
2019,14,7,0,0,1,2,50,47,-99,0.09
2019,14,8,0,0,1,2,55,57,-99,0.09
2019,15,1,1,1,1,4,76,72,-99,0.09
2019,15,2,1,1,1,4,80,81,-99,0.09
2019,15,3,1,1,1,4,81,81,-99,0.09
2019,15,4,1,1,1,4,82,80,-99,0.09
2019,15,5,1,1,1,4,71,70,-99,0.09
2019,15,6,1,1,1,4,68,69,-99,0.09
2019,15,7,0,1,1,4,48,45,-99,0.09
2019,15,8,0,1,1,4,57,59,-99,0.09
2019,16,1,1,0,0,1,43,-99,-99,0.09
2019,16,2,1,0,0,1,71,-99,-99,0.09
2019,16,3,1,0,0,1,71,-99,-99,0.09
2019,16,4,1,0,0,1,74,-99,-99,0.09
2019,16,5,1,0,0,1,52,-99,-99,0.09
2019,16,6,1,0,0,1,65,-99,-99,0.09
2019,16,7,0,0,0,1,45,-99,-99,0.09
2019,16,8,0,0,0,1,50,-99,-99,0.09
2019,17,1,1,0,0,1,53,55,-99,0.09
2019,17,2,1,0,0,1,73,74,-99,0.09
2019,17,3,1,0,0,1,52,52,-99,0.09
2019,17,4,1,0,0,1,76,76,-99,0.09
2019,17,5,1,0,0,1,69,69,-99,0.09
2019,17,6,1,0,0,1,75,74,-99,0.09
2019,17,7,0,0,0,1,44,43,-99,0.09
2019,17,8,0,0,0,1,78,75,-99,0.09
2019,18,1,1,1,1,4,53,52,-99,0.09
2019,18,2,1,1,1,4,76,75,-99,0.09
2019,18,3,1,1,1,4,13,12,-99,0.09
2019,18,4,1,1,1,4,93,90,-99,0.09
2019,18,5,1,1,1,4,102,101,-99,0.09
2019,18,6,1,1,1,4,27,25,-99,0.09
2019,18,7,0,1,1,4,71,72,-99,0.09
2019,18,8,0,1,1,4,52,52,-99,0.09
2019,19,1,1,1,0,3,78,77,-99,0.09
2019,19,2,1,1,0,3,66,66,-99,0.09
2019,19,3,1,1,0,3,86,88,-99,0.09
2019,19,4,1,1,0,3,81,83,-99,0.09
2019,19,5,1,1,0,3,58,59,-99,0.09
2019,19,6,1,1,0,3,68,70,-99,0.09
2019,19,7,0,1,0,3,46,48,-99,0.09
2019,19,8,0,1,0,3,78,75,-99,0.09
2019,20,1,1,0,1,2,57,57,-99,0.09
2019,20,2,1,0,1,2,81,81,-99,0.09
2019,20,3,1,0,1,2,70,69,-99,0.09
2019,20,4,1,0,1,2,85,-99,-99,0.09
2019,20,5,1,0,1,2,102,104,-99,0.09
2019,20,6,1,0,1,2,75,73,-99,0.09
2019,20,7,0,0,1,2,34,34,-99,0.09
2019,20,8,0,0,1,2,60,58,-99,0.09
2020,1,1,1,1,1,4,34,34,-99,0.09
2020,1,2,1,1,1,4,53,53,-99,0.09
2020,1,3,1,1,1,4,49,48,-99,0.09
2020,1,4,1,1,1,4,74,73,-99,0.09
2020,1,5,1,1,1,4,46,47,-99,0.09
2020,1,6,1,1,1,4,53,53,-99,0.09
2020,1,7,0,1,1,4,51,52,-99,0.09
2020,1,8,0,1,1,4,46,44,-99,0.09
2020,2,1,1,0,0,1,44,43,-99,0.09
2020,2,2,1,0,0,1,41,40,-99,0.09
2020,2,3,1,0,0,1,36,35,-99,0.09
2020,2,4,1,0,0,1,51,50,-99,0.09
2020,2,5,1,0,0,1,48,48,-99,0.09
2020,2,6,1,0,0,1,54,53,-99,0.09
2020,2,7,0,0,0,1,46,45,-99,0.09
2020,2,8,0,0,0,1,45,45,-99,0.09
2020,3,1,1,1,0,3,56,56,-99,0.09
2020,3,2,1,1,0,3,58,56,-99,0.09
2020,3,3,1,1,0,3,62,63,-99,0.09
2020,3,4,1,1,0,3,54,52,-99,0.09
2020,3,5,1,1,0,3,64,63,-99,0.09
2020,3,6,1,1,0,3,52,51,-99,0.09
2020,3,7,0,1,0,3,38,38,-99,0.09
2020,3,8,0,1,0,3,59,60,-99,0.09
2020,4,1,1,0,1,2,49,49,-99,0.09
2020,4,2,1,0,1,2,30,29,-99,0.09
2020,4,3,1,0,1,2,47,46,-99,0.09
2020,4,4,1,0,1,2,65,64,-99,0.09
2020,4,5,1,0,1,2,41,-99,-99,0.09
2020,4,6,1,0,1,2,59,56,-99,0.09
2020,4,7,0,0,1,2,61,62,-99,0.09
2020,4,8,0,0,1,2,49,49,-99,0.09
2020,5,1,1,1,1,4,83,82,-99,0.09
2020,5,2,1,1,1,4,95,93,-99,0.09
2020,5,3,1,1,1,4,81,81,-99,0.09
2020,5,4,1,1,1,4,60,58,-99,0.09
2020,5,5,1,1,1,4,69,67,-99,0.09
2020,5,6,1,1,1,4,64,66,-99,0.09
2020,5,7,0,1,1,4,49,47,-99,0.09
2020,5,8,0,1,1,4,80,78,-99,0.09
2020,6,1,1,0,0,1,52,50,-99,0.09
2020,6,2,1,0,0,1,66,-99,-99,0.09
2020,6,3,1,0,0,1,49,47,-99,0.09
2020,6,4,1,0,0,1,40,40,-99,0.09
2020,6,5,1,0,0,1,45,45,-99,0.09
2020,6,6,1,0,0,1,43,44,-99,0.09
2020,6,7,0,0,0,1,67,65,-99,0.09
2020,6,8,0,0,0,1,53,53,-99,0.09
2020,7,1,1,0,0,1,36,36,-99,0.09
2020,7,2,1,0,0,1,42,44,-99,0.09
2020,7,3,1,0,0,1,42,42,-99,0.09
2020,7,4,1,0,0,1,55,56,-99,0.09
2020,7,5,1,0,0,1,33,33,-99,0.09
2020,7,6,1,0,0,1,46,45,-99,0.09
2020,7,7,0,0,0,1,38,38,-99,0.09
2020,7,8,0,0,0,1,50,51,-99,0.09
2020,8,1,1,1,0,3,54,54,-99,0.09
2020,8,2,1,1,0,3,69,67,-99,0.09
2020,8,3,1,1,0,3,75,74,-99,0.09
2020,8,4,1,1,0,3,49,49,-99,0.09
2020,8,5,1,1,0,3,60,59,-99,0.09
2020,8,6,1,1,0,3,58,59,-99,0.09
2020,8,7,0,1,0,3,50,51,-99,0.09
2020,8,8,0,1,0,3,51,53,-99,0.09
2020,9,1,1,1,0,3,60,59,-99,0.09
2020,9,2,1,1,0,3,66,66,-99,0.09
2020,9,3,1,1,0,3,70,70,-99,0.09
2020,9,4,1,1,0,3,68,70,-99,0.09
2020,9,5,1,1,0,3,78,75,-99,0.09
2020,9,6,1,1,0,3,49,48,-99,0.09
2020,9,7,0,1,0,3,44,44,-99,0.09
2020,9,8,0,1,0,3,45,47,-99,0.09
2020,10,1,1,0,1,2,44,43,-99,0.09
2020,10,2,1,0,1,2,50,52,-99,0.09
2020,10,3,1,0,1,2,36,37,-99,0.09
2020,10,4,1,0,1,2,59,60,-99,0.09
2020,10,5,1,0,1,2,53,53,-99,0.09
2020,10,6,1,0,1,2,56,56,-99,0.09
2020,10,7,0,0,1,2,50,50,-99,0.09
2020,10,8,0,0,1,2,54,53,-99,0.09
2020,11,1,1,0,1,2,88,86,-99,0.09
2020,11,2,1,0,1,2,31,30,-99,0.09
2020,11,3,1,0,1,2,65,65,-99,0.09
2020,11,4,1,0,1,2,76,75,-99,0.09
2020,11,5,1,0,1,2,54,52,-99,0.09
2020,11,6,1,0,1,2,43,43,-99,0.09
2020,11,7,0,0,1,2,68,66,-99,0.09
2020,11,8,0,0,1,2,60,61,-99,0.09
2020,12,1,1,1,1,4,49,47,-99,0.09
2020,12,2,1,1,1,4,81,80,-99,0.09
2020,12,3,1,1,1,4,84,82,-99,0.09
2020,12,4,1,1,1,4,86,86,-99,0.09
2020,12,5,1,1,1,4,89,90,-99,0.09
2020,12,6,1,1,1,4,84,84,-99,0.09
2020,12,7,0,1,1,4,67,67,-99,0.09
2020,12,8,0,1,1,4,53,52,-99,0.09
2020,13,1,1,1,0,3,57,57,-99,0.09
2020,13,2,1,1,0,3,70,69,-99,0.09
2020,13,3,1,1,0,3,42,43,-99,0.09
2020,13,4,1,1,0,3,71,71,-99,0.09
2020,13,5,1,1,0,3,72,73,-99,0.09
2020,13,6,1,1,0,3,67,69,-99,0.09
2020,13,7,0,1,0,3,81,78,-99,0.09
2020,13,8,0,1,0,3,78,79,-99,0.09
2020,14,1,1,0,1,2,80,80,-99,0.09
2020,14,2,1,0,1,2,44,45,-99,0.09
2020,14,3,1,0,1,2,40,41,-99,0.09
2020,14,4,1,0,1,2,60,60,-99,0.09
2020,14,5,1,0,1,2,38,38,-99,0.09
2020,14,6,1,0,1,2,51,49,-99,0.09
2020,14,7,0,0,1,2,32,32,-99,0.09
2020,14,8,0,0,1,2,62,63,-99,0.09
2020,15,1,1,1,1,4,72,69,-99,0.09
2020,15,2,1,1,1,4,67,68,-99,0.09
2020,15,3,1,1,1,4,71,71,-99,0.09
2020,15,4,1,1,1,4,62,61,-99,0.09
2020,15,5,1,1,1,4,53,54,-99,0.09
2020,15,6,1,1,1,4,68,69,-99,0.09
2020,15,7,0,1,1,4,47,49,-99,0.09
2020,15,8,0,1,1,4,61,63,-99,0.09
2020,16,1,1,0,0,1,40,41,-99,0.09
2020,16,2,1,0,0,1,55,55,-99,0.09
2020,16,3,1,0,0,1,45,45,-99,0.09
2020,16,4,1,0,0,1,64,65,-99,0.09
2020,16,5,1,0,0,1,43,43,-99,0.09
2020,16,6,1,0,0,1,43,43,-99,0.09
2020,16,7,0,0,0,1,42,40,-99,0.09
2020,16,8,0,0,0,1,50,50,-99,0.09
2020,17,1,1,0,0,1,43,42,-99,0.09
2020,17,2,1,0,0,1,59,60,-99,0.09
2020,17,3,1,0,0,1,53,54,-99,0.09
2020,17,4,1,0,0,1,68,66,-99,0.09
2020,17,5,1,0,0,1,48,48,-99,0.09
2020,17,6,1,0,0,1,53,52,-99,0.09
2020,17,7,0,0,0,1,47,47,-99,0.09
2020,17,8,0,0,0,1,50,52,-99,0.09
2020,18,1,1,1,1,4,39,39,-99,0.09
2020,18,2,1,1,1,4,73,75,-99,0.09
2020,18,3,1,1,1,4,41,42,-99,0.09
2020,18,4,1,1,1,4,70,69,-99,0.09
2020,18,5,1,1,1,4,72,72,-99,0.09
2020,18,6,1,1,1,4,32,32,-99,0.09
2020,18,7,0,1,1,4,39,39,-99,0.09
2020,18,8,0,1,1,4,52,53,-99,0.09
2020,19,1,1,1,0,3,56,56,-99,0.09
2020,19,2,1,1,0,3,50,51,-99,0.09
2020,19,3,1,1,0,3,61,62,-99,0.09
2020,19,4,1,1,0,3,62,62,-99,0.09
2020,19,5,1,1,0,3,42,43,-99,0.09
2020,19,6,1,1,0,3,49,49,-99,0.09
2020,19,7,0,1,0,3,52,53,-99,0.09
2020,19,8,0,1,0,3,55,54,-99,0.09
2020,20,1,1,0,1,2,49,49,-99,0.09
2020,20,2,1,0,1,2,52,50,-99,0.09
2020,20,3,1,0,1,2,43,42,-99,0.09
2020,20,4,1,0,1,2,70,70,-99,0.09
2020,20,5,1,0,1,2,75,74,-99,0.09
2020,20,6,1,0,1,2,60,59,-99,0.09
2020,20,7,0,0,1,2,35,35,-99,0.09
2020,20,8,0,0,1,2,45,45,-99,0.09
2021,1,1,1,1,1,4,40,41,-99,0.09
2021,1,2,1,1,1,4,55,54,-99,0.09
2021,1,3,1,1,1,4,57,57,-99,0.09
2021,1,4,1,1,1,4,63,64,-99,0.09
2021,1,5,1,1,1,4,52,51,-99,0.09
2021,1,6,1,1,1,4,54,54,-99,0.09
2021,1,7,0,1,1,4,55,55,-99,0.09
2021,1,8,0,1,1,4,55,54,-99,0.09
2021,2,1,1,0,0,1,51,53,-99,0.09
2021,2,2,1,0,0,1,49,47,-99,0.09
2021,2,3,1,0,0,1,32,32,-99,0.09
2021,2,4,1,0,0,1,49,50,-99,0.09
2021,2,5,1,0,0,1,44,42,-99,0.09
2021,2,6,1,0,0,1,49,48,-99,0.09
2021,2,7,0,0,0,1,48,48,-99,0.09
2021,2,8,0,0,0,1,44,42,-99,0.09
2021,3,1,1,1,0,3,66,64,-99,0.09
2021,3,2,1,1,0,3,65,65,-99,0.09
2021,3,3,1,1,0,3,59,59,-99,0.09
2021,3,4,1,1,0,3,60,60,-99,0.09
2021,3,5,1,1,0,3,56,56,-99,0.09
2021,3,6,1,1,0,3,52,50,-99,0.09
2021,3,7,0,1,0,3,39,39,-99,0.09
2021,3,8,0,1,0,3,56,55,-99,0.09
2021,4,1,1,0,1,2,40,41,-99,0.09
2021,4,2,1,0,1,2,38,38,-99,0.09
2021,4,3,1,0,1,2,44,43,-99,0.09
2021,4,4,1,0,1,2,53,52,-99,0.09
2021,4,5,1,0,1,2,38,38,-99,0.09
2021,4,6,1,0,1,2,56,54,-99,0.09
2021,4,7,0,0,1,2,66,67,-99,0.09
2021,4,8,0,0,1,2,63,63,-99,0.09
2021,5,1,1,1,1,4,61,61,-99,0.09
2021,5,2,1,1,1,4,67,66,-99,0.09
2021,5,3,1,1,1,4,68,69,-99,0.09
2021,5,4,1,1,1,4,59,60,-99,0.09
2021,5,5,1,1,1,4,56,55,-99,0.09
2021,5,6,1,1,1,4,51,52,-99,0.09
2021,5,7,0,1,1,4,60,61,-99,0.09
2021,5,8,0,1,1,4,84,85,-99,0.09
2021,6,1,1,0,0,1,46,47,-99,0.09
2021,6,2,1,0,0,1,61,59,-99,0.09
2021,6,3,1,0,0,1,48,47,-99,0.09
2021,6,4,1,0,0,1,38,39,-99,0.09
2021,6,5,1,0,0,1,42,41,-99,0.09
2021,6,6,1,0,0,1,45,46,-99,0.09
2021,6,7,0,0,0,1,57,56,-99,0.09
2021,6,8,0,0,0,1,72,70,-99,0.09
2021,7,1,1,0,0,1,35,34,-99,0.09
2021,7,2,1,0,0,1,55,55,-99,0.09
2021,7,3,1,0,0,1,48,48,-99,0.09
2021,7,4,1,0,0,1,49,51,-99,0.09
2021,7,5,1,0,0,1,42,43,-99,0.09
2021,7,6,1,0,0,1,48,50,-99,0.09
2021,7,7,0,0,0,1,28,28,-99,0.09
2021,7,8,0,0,0,1,65,65,-99,0.09
2021,8,1,1,1,0,3,53,54,-99,0.09
2021,8,2,1,1,0,3,68,68,-99,0.09
2021,8,3,1,1,0,3,47,46,-99,0.09
2021,8,4,1,1,0,3,46,47,-99,0.09
2021,8,5,1,1,0,3,52,52,-99,0.09
2021,8,6,1,1,0,3,51,51,-99,0.09
2021,8,7,0,1,0,3,49,48,-99,0.09
2021,8,8,0,1,0,3,48,50,-99,0.09
2021,9,1,1,1,0,3,42,42,-99,0.09
2021,9,2,1,1,0,3,70,73,-99,0.09
2021,9,3,1,1,0,3,63,63,-99,0.09
2021,9,4,1,1,0,3,68,67,-99,0.09
2021,9,5,1,1,0,3,71,70,-99,0.09
2021,9,6,1,1,0,3,52,53,-99,0.09
2021,9,7,0,1,0,3,54,54,-99,0.09
2021,9,8,0,1,0,3,49,49,-99,0.09
2021,10,1,1,0,1,2,27,27,-99,0.09
2021,10,2,1,0,1,2,39,38,-99,0.09
2021,10,3,1,0,1,2,34,33,-99,0.09
2021,10,4,1,0,1,2,58,56,-99,0.09
2021,10,5,1,0,1,2,50,50,-99,0.09
2021,10,6,1,0,1,2,41,42,-99,0.09
2021,10,7,0,0,1,2,67,67,-99,0.09
2021,10,8,0,0,1,2,59,57,-99,0.09
2021,11,1,1,0,1,2,88,90,-99,0.09
2021,11,2,1,0,1,2,41,42,-99,0.09
2021,11,3,1,0,1,2,45,45,-99,0.09
2021,11,4,1,0,1,2,72,71,-99,0.09
2021,11,5,1,0,1,2,51,51,-99,0.09
2021,11,6,1,0,1,2,57,58,-99,0.09
2021,11,7,0,0,1,2,66,65,-99,0.09
2021,11,8,0,0,1,2,51,50,-99,0.09
2021,12,1,1,1,1,4,41,43,-99,0.09
2021,12,2,1,1,1,4,81,81,-99,0.09
2021,12,3,1,1,1,4,70,71,-99,0.09
2021,12,4,1,1,1,4,58,56,-99,0.09
2021,12,5,1,1,1,4,72,72,-99,0.09
2021,12,6,1,1,1,4,83,83,-99,0.09
2021,12,7,0,1,1,4,75,75,-99,0.09
2021,12,8,0,1,1,4,80,81,-99,0.09
2021,13,1,1,1,0,3,63,64,-99,0.09
2021,13,2,1,1,0,3,58,60,-99,0.09
2021,13,3,1,1,0,3,46,47,-99,0.09
2021,13,4,1,1,0,3,70,71,-99,0.09
2021,13,5,1,1,0,3,69,68,-99,0.09
2021,13,6,1,1,0,3,64,65,-99,0.09
2021,13,7,0,1,0,3,76,74,-99,0.09
2021,13,8,0,1,0,3,73,73,-99,0.09
2021,14,1,1,0,1,2,55,55,-99,0.09
2021,14,2,1,0,1,2,47,47,-99,0.09
2021,14,3,1,0,1,2,49,49,-99,0.09
2021,14,4,1,0,1,2,51,51,-99,0.09
2021,14,5,1,0,1,2,32,32,-99,0.09
2021,14,6,1,0,1,2,47,47,-99,0.09
2021,14,7,0,0,1,2,35,35,-99,0.09
2021,14,8,0,0,1,2,55,55,-99,0.09
2021,15,1,1,1,1,4,59,59,-99,0.09
2021,15,2,1,1,1,4,69,72,-99,0.09
2021,15,3,1,1,1,4,55,53,-99,0.09
2021,15,4,1,1,1,4,58,58,-99,0.09
2021,15,5,1,1,1,4,55,54,-99,0.09
2021,15,6,1,1,1,4,56,58,-99,0.09
2021,15,7,0,1,1,4,42,41,-99,0.09
2021,15,8,0,1,1,4,59,57,-99,0.09
2021,16,1,1,0,0,1,44,44,-99,0.09
2021,16,2,1,0,0,1,58,59,-99,0.09
2021,16,3,1,0,0,1,45,47,-99,0.09
2021,16,4,1,0,0,1,60,60,-99,0.09
2021,16,5,1,0,0,1,46,44,-99,0.09
2021,16,6,1,0,0,1,51,50,-99,0.09
2021,16,7,0,0,0,1,51,52,-99,0.09
2021,16,8,0,0,0,1,51,51,-99,0.09
2021,17,1,1,0,0,1,45,45,-99,0.09
2021,17,2,1,0,0,1,60,59,-99,0.09
2021,17,3,1,0,0,1,49,49,-99,0.09
2021,17,4,1,0,0,1,68,69,-99,0.09
2021,17,5,1,0,0,1,40,41,-99,0.09
2021,17,6,1,0,0,1,67,70,-99,0.09
2021,17,7,0,0,0,1,54,53,-99,0.09
2021,17,8,0,0,0,1,60,59,-99,0.09
2021,18,1,1,1,1,4,52,51,-99,0.09
2021,18,2,1,1,1,4,64,62,-99,0.09
2021,18,3,1,1,1,4,33,34,-99,0.09
2021,18,4,1,1,1,4,52,52,-99,0.09
2021,18,5,1,1,1,4,56,55,-99,0.09
2021,18,6,1,1,1,4,36,36,-99,0.09
2021,18,7,0,1,1,4,60,59,-99,0.09
2021,18,8,0,1,1,4,62,62,-99,0.09
2021,19,1,1,1,0,3,50,51,-99,0.09
2021,19,2,1,1,0,3,62,61,-99,0.09
2021,19,3,1,1,0,3,60,60,-99,0.09
2021,19,4,1,1,0,3,55,54,-99,0.09
2021,19,5,1,1,0,3,35,34,-99,0.09
2021,19,6,1,1,0,3,48,-99,-99,0.09
2021,19,7,0,1,0,3,59,61,-99,0.09
2021,19,8,0,1,0,3,56,54,-99,0.09
2021,20,1,1,0,1,2,40,39,-99,0.09
2021,20,2,1,0,1,2,28,28,-99,0.09
2021,20,3,1,0,1,2,41,42,-99,0.09
2021,20,4,1,0,1,2,48,48,-99,0.09
2021,20,5,1,0,1,2,40,39,-99,0.09
2021,20,6,1,0,1,2,35,34,-99,0.09
2021,20,7,0,0,1,2,51,52,-99,0.09
2021,20,8,0,0,1,2,46,47,-99,0.09
2022,1,1,1,1,1,4,38,37,-99,0.09
2022,1,2,1,1,1,4,51,50,-99,0.09
2022,1,3,1,1,1,4,67,66,-99,0.09
2022,1,4,1,1,1,4,68,65,-99,0.09
2022,1,5,1,1,1,4,74,73,-99,0.09
2022,1,6,1,1,1,4,48,50,-99,0.09
2022,1,7,0,1,1,4,55,55,-99,0.09
2022,1,8,0,1,1,4,45,47,-99,0.09
2022,2,1,1,0,0,1,58,58,-99,0.09
2022,2,2,1,0,0,1,50,49,-99,0.09
2022,2,3,1,0,0,1,33,32,-99,0.09
2022,2,4,1,0,0,1,56,54,-99,0.09
2022,2,5,1,0,0,1,59,60,-99,0.09
2022,2,6,1,0,0,1,53,54,-99,0.09
2022,2,7,0,0,0,1,51,50,-99,0.09
2022,2,8,0,0,0,1,54,56,-99,0.09
2022,3,1,1,1,0,3,52,51,-99,0.09
2022,3,2,1,1,0,3,70,70,-99,0.09
2022,3,3,1,1,0,3,49,48,-99,0.09
2022,3,4,1,1,0,3,61,59,-99,0.09
2022,3,5,1,1,0,3,51,50,-99,0.09
2022,3,6,1,1,0,3,41,43,-99,0.09
2022,3,7,0,1,0,3,38,37,-99,0.09
2022,3,8,0,1,0,3,35,34,-99,0.09
2022,4,1,1,0,1,2,59,57,-99,0.09
2022,4,2,1,0,1,2,44,44,-99,0.09
2022,4,3,1,0,1,2,46,47,-99,0.09
2022,4,4,1,0,1,2,68,67,-99,0.09
2022,4,5,1,0,1,2,52,51,-99,0.09
2022,4,6,1,0,1,2,73,72,-99,0.09
2022,4,7,0,0,1,2,60,61,-99,0.09
2022,4,8,0,0,1,2,51,51,-99,0.09
2022,5,1,1,1,1,4,83,84,-99,0.09
2022,5,2,1,1,1,4,86,89,-99,0.09
2022,5,3,1,1,1,4,71,72,-99,0.09
2022,5,4,1,1,1,4,61,60,-99,0.09
2022,5,5,1,1,1,4,56,56,-99,0.09
2022,5,6,1,1,1,4,57,60,-99,0.09
2022,5,7,0,1,1,4,66,65,-99,0.09
2022,5,8,0,1,1,4,70,72,-99,0.09
2022,6,1,1,0,0,1,49,49,-99,0.09
2022,6,2,1,0,0,1,60,60,-99,0.09
2022,6,3,1,0,0,1,43,45,-99,0.09
2022,6,4,1,0,0,1,39,38,-99,0.09
2022,6,5,1,0,0,1,58,58,-99,0.09
2022,6,6,1,0,0,1,60,60,-99,0.09
2022,6,7,0,0,0,1,68,69,-99,0.09
2022,6,8,0,0,0,1,58,59,-99,0.09
2022,7,1,1,0,0,1,41,42,-99,0.09
2022,7,2,1,0,0,1,57,58,-99,0.09
2022,7,3,1,0,0,1,51,50,-99,0.09
2022,7,4,1,0,0,1,50,51,-99,0.09
2022,7,5,1,0,0,1,46,47,-99,0.09
2022,7,6,1,0,0,1,52,51,-99,0.09
2022,7,7,0,0,0,1,46,47,-99,0.09
2022,7,8,0,0,0,1,50,49,-99,0.09
2022,8,1,1,1,0,3,54,54,-99,0.09
2022,8,2,1,1,0,3,68,67,-99,0.09
2022,8,3,1,1,0,3,56,54,-99,0.09
2022,8,4,1,1,0,3,48,48,-99,0.09
2022,8,5,1,1,0,3,61,64,-99,0.09
2022,8,6,1,1,0,3,63,65,-99,0.09
2022,8,7,0,1,0,3,44,46,-99,0.09
2022,8,8,0,1,0,3,52,53,-99,0.09
2022,9,1,1,1,0,3,47,48,-99,0.09
2022,9,2,1,1,0,3,79,77,-99,0.09
2022,9,3,1,1,0,3,73,71,-99,0.09
2022,9,4,1,1,0,3,83,87,-99,0.09
2022,9,5,1,1,0,3,73,75,-99,0.09
2022,9,6,1,1,0,3,65,64,-99,0.09
2022,9,7,0,1,0,3,57,58,-99,0.09
2022,9,8,0,1,0,3,58,58,-99,0.09
2022,10,1,1,0,1,2,45,46,-99,0.09
2022,10,2,1,0,1,2,49,51,-99,0.09
2022,10,3,1,0,1,2,54,53,-99,0.09
2022,10,4,1,0,1,2,63,66,-99,0.09
2022,10,5,1,0,1,2,59,59,-99,0.09
2022,10,6,1,0,1,2,52,50,-99,0.09
2022,10,7,0,0,1,2,50,49,-99,0.09
2022,10,8,0,0,1,2,44,43,-99,0.09
2022,11,1,1,0,1,2,85,89,-99,0.09
2022,11,2,1,0,1,2,52,52,-99,0.09
2022,11,3,1,0,1,2,49,49,-99,0.09
2022,11,4,1,0,1,2,61,63,-99,0.09
2022,11,5,1,0,1,2,64,64,-99,0.09
2022,11,6,1,0,1,2,71,72,-99,0.09
2022,11,7,0,0,1,2,65,65,-99,0.09
2022,11,8,0,0,1,2,54,53,-99,0.09
2022,12,1,1,1,1,4,59,57,-99,0.09
2022,12,2,1,1,1,4,84,85,-99,0.09
2022,12,3,1,1,1,4,82,81,-99,0.09
2022,12,4,1,1,1,4,100,98,-99,0.09
2022,12,5,1,1,1,4,81,81,-99,0.09
2022,12,6,1,1,1,4,55,56,-99,0.09
2022,12,7,0,1,1,4,58,59,-99,0.09
2022,12,8,0,1,1,4,66,69,-99,0.09
2022,13,1,1,1,0,3,82,84,-99,0.09
2022,13,2,1,1,0,3,72,71,-99,0.09
2022,13,3,1,1,0,3,71,69,-99,0.09
2022,13,4,1,1,0,3,87,85,-99,0.09
2022,13,5,1,1,0,3,72,70,-99,0.09
2022,13,6,1,1,0,3,77,77,-99,0.09
2022,13,7,0,1,0,3,70,69,-99,0.09
2022,13,8,0,1,0,3,80,82,-99,0.09
2022,14,1,1,0,1,2,74,74,-99,0.09
2022,14,2,1,0,1,2,56,56,-99,0.09
2022,14,3,1,0,1,2,38,38,-99,0.09
2022,14,4,1,0,1,2,72,72,-99,0.09
2022,14,5,1,0,1,2,50,50,-99,0.09
2022,14,6,1,0,1,2,67,67,-99,0.09
2022,14,7,0,0,1,2,52,52,-99,0.09
2022,14,8,0,0,1,2,65,66,-99,0.09
2022,15,1,1,1,1,4,62,62,-99,0.09
2022,15,2,1,1,1,4,83,84,-99,0.09
2022,15,3,1,1,1,4,95,95,-99,0.09
2022,15,4,1,1,1,4,71,71,-99,0.09
2022,15,5,1,1,1,4,54,54,-99,0.09
2022,15,6,1,1,1,4,81,81,-99,0.09
2022,15,7,0,1,1,4,42,42,-99,0.09
2022,15,8,0,1,1,4,50,50,-99,0.09
2022,16,1,1,0,0,1,46,46,-99,0.09
2022,16,2,1,0,0,1,64,65,-99,0.09
2022,16,3,1,0,0,1,54,55,-99,0.09
2022,16,4,1,0,0,1,68,69,-99,0.09
2022,16,5,1,0,0,1,59,58,-99,0.09
2022,16,6,1,0,0,1,56,56,-99,0.09
2022,16,7,0,0,0,1,63,62,-99,0.09
2022,16,8,0,0,0,1,47,49,-99,0.09
2022,17,1,1,0,0,1,52,51,-99,0.09
2022,17,2,1,0,0,1,71,69,-99,0.09
2022,17,3,1,0,0,1,43,44,-99,0.09
2022,17,4,1,0,0,1,79,81,-99,0.09
2022,17,5,1,0,0,1,61,62,-99,0.09
2022,17,6,1,0,0,1,65,66,-99,0.09
2022,17,7,0,0,0,1,50,52,-99,0.09
2022,17,8,0,0,0,1,62,64,-99,0.09
2022,18,1,1,1,1,4,45,44,-99,0.09
2022,18,2,1,1,1,4,64,64,-99,0.09
2022,18,3,1,1,1,4,48,48,-99,0.09
2022,18,4,1,1,1,4,59,59,-99,0.09
2022,18,5,1,1,1,4,74,75,-99,0.09
2022,18,6,1,1,1,4,40,40,-99,0.09
2022,18,7,0,1,1,4,63,64,-99,0.09
2022,18,8,0,1,1,4,73,74,-99,0.09
2022,19,1,1,1,0,3,64,61,-99,0.09
2022,19,2,1,1,0,3,76,76,-99,0.09
2022,19,3,1,1,0,3,70,71,-99,0.09
2022,19,4,1,1,0,3,67,69,-99,0.09
2022,19,5,1,1,0,3,58,59,-99,0.09
2022,19,6,1,1,0,3,68,71,-99,0.09
2022,19,7,0,1,0,3,45,45,-99,0.09
2022,19,8,0,1,0,3,50,50,-99,0.09
2022,20,1,1,0,1,2,52,54,-99,0.09
2022,20,2,1,0,1,2,70,68,-99,0.09
2022,20,3,1,0,1,2,53,52,-99,0.09
2022,20,4,1,0,1,2,70,73,-99,0.09
2022,20,5,1,0,1,2,68,68,-99,0.09
2022,20,6,1,0,1,2,68,65,-99,0.09
2022,20,7,0,0,1,2,54,55,-99,0.09
2022,20,8,0,0,1,2,48,49,-99,0.09
2023,1,1,1,1,1,4,42,41,-99,0.09
2023,1,2,1,1,1,4,49,49,-99,0.09
2023,1,3,1,1,1,4,58,58,-99,0.09
2023,1,4,1,1,1,4,49,49,-99,0.09
2023,1,5,1,1,1,4,44,44,-99,0.09
2023,1,6,1,1,1,4,40,39,-99,0.09
2023,1,7,0,1,1,4,29,29,-99,0.09
2023,1,8,0,1,1,4,40,41,-99,0.09
2023,2,1,1,0,0,1,35,35,-99,0.09
2023,2,2,1,0,0,1,34,34,-99,0.09
2023,2,3,1,0,0,1,31,31,-99,0.09
2023,2,4,1,0,0,1,51,49,-99,0.09
2023,2,5,1,0,0,1,35,36,-99,0.09
2023,2,6,1,0,0,1,44,43,-99,0.09
2023,2,7,0,0,0,1,36,35,-99,0.09
2023,2,8,0,0,0,1,41,40,-99,0.09
2023,3,1,1,1,0,3,50,50,-99,0.09
2023,3,2,1,1,0,3,52,50,-99,0.09
2023,3,3,1,1,0,3,44,44,-99,0.09
2023,3,4,1,1,0,3,47,49,-99,0.09
2023,3,5,1,1,0,3,49,43,-99,0.09
2023,3,6,1,1,0,3,43,41,-99,0.09
2023,3,7,0,1,0,3,39,39,-99,0.09
2023,3,8,0,1,0,3,37,36,-99,0.09
2023,4,1,1,0,1,2,36,37,-99,0.09
2023,4,2,1,0,1,2,28,28,-99,0.09
2023,4,3,1,0,1,2,29,29,-99,0.09
2023,4,4,1,0,1,2,46,45,-99,0.09
2023,4,5,1,0,1,2,41,43,-99,0.09
2023,4,6,1,0,1,2,45,43,-99,0.09
2023,4,7,0,0,1,2,41,42,-99,0.09
2023,4,8,0,0,1,2,48,49,-99,0.09
2023,5,1,1,1,1,4,60,61,-99,0.09
2023,5,2,1,1,1,4,72,74,-99,0.09
2023,5,3,1,1,1,4,63,64,-99,0.09
2023,5,4,1,1,1,4,46,45,-99,0.09
2023,5,5,1,1,1,4,66,68,-99,0.09
2023,5,6,1,1,1,4,51,52,-99,0.09
2023,5,7,0,1,1,4,52,50,-99,0.09
2023,5,8,0,1,1,4,45,43,-99,0.09
2023,6,1,1,0,0,1,42,40,-99,0.09
2023,6,2,1,0,0,1,47,47,-99,0.09
2023,6,3,1,0,0,1,49,50,-99,0.09
2023,6,4,1,0,0,1,32,31,-99,0.09
2023,6,5,1,0,0,1,36,37,-99,0.09
2023,6,6,1,0,0,1,34,34,-99,0.09
2023,6,7,0,0,0,1,45,47,-99,0.09
2023,6,8,0,0,0,1,44,46,-99,0.09
2023,7,1,1,0,0,1,25,25,-99,0.09
2023,7,2,1,0,0,1,45,44,-99,0.09
2023,7,3,1,0,0,1,46,46,-99,0.09
2023,7,4,1,0,0,1,45,46,-99,0.09
2023,7,5,1,0,0,1,35,34,-99,0.09
2023,7,6,1,0,0,1,37,37,-99,0.09
2023,7,7,0,0,0,1,24,24,-99,0.09
2023,7,8,0,0,0,1,35,34,-99,0.09
2023,8,1,1,1,0,3,26,26,-99,0.09
2023,8,2,1,1,0,3,41,41,-99,0.09
2023,8,3,1,1,0,3,32,32,-99,0.09
2023,8,4,1,1,0,3,40,40,-99,0.09
2023,8,5,1,1,0,3,44,45,-99,0.09
2023,8,6,1,1,0,3,48,47,-99,0.09
2023,8,7,0,1,0,3,35,34,-99,0.09
2023,8,8,0,1,0,3,54,54,-99,0.09
2023,9,1,1,1,0,3,45,47,-99,0.09
2023,9,2,1,1,0,3,46,45,-99,0.09
2023,9,3,1,1,0,3,46,45,-99,0.09
2023,9,4,1,1,0,3,42,43,-99,0.09
2023,9,5,1,1,0,3,41,43,-99,0.09
2023,9,6,1,1,0,3,56,55,-99,0.09
2023,9,7,0,1,0,3,40,39,-99,0.09
2023,9,8,0,1,0,3,55,56,-99,0.09
2023,10,1,1,0,1,2,41,40,-99,0.09
2023,10,2,1,0,1,2,41,43,-99,0.09
2023,10,3,1,0,1,2,42,41,-99,0.09
2023,10,4,1,0,1,2,41,43,-99,0.09
2023,10,5,1,0,1,2,40,41,-99,0.09
2023,10,6,1,0,1,2,42,42,-99,0.09
2023,10,7,0,0,1,2,36,36,-99,0.09
2023,10,8,0,0,1,2,31,31,-99,0.09
2023,11,1,1,0,1,2,60,61,-99,0.09
2023,11,2,1,0,1,2,64,63,-99,0.09
2023,11,3,1,0,1,2,41,40,-99,0.09
2023,11,4,1,0,1,2,44,44,-99,0.09
2023,11,5,1,0,1,2,33,33,-99,0.09
2023,11,6,1,0,1,2,50,50,-99,0.09
2023,11,7,0,0,1,2,58,58,-99,0.09
2023,11,8,0,0,1,2,38,39,-99,0.09
2023,12,1,1,1,1,4,49,48,-99,0.09
2023,12,2,1,1,1,4,54,56,-99,0.09
2023,12,3,1,1,1,4,77,80,-99,0.09
2023,12,4,1,1,1,4,87,86,-99,0.09
2023,12,5,1,1,1,4,52,52,-99,0.09
2023,12,6,1,1,1,4,61,61,-99,0.09
2023,12,7,0,1,1,4,54,54,-99,0.09
2023,12,8,0,1,1,4,56,55,-99,0.09
2023,13,1,1,1,0,3,46,47,-99,0.09
2023,13,2,1,1,0,3,56,56,-99,0.09
2023,13,3,1,1,0,3,45,44,-99,0.09
2023,13,4,1,1,0,3,59,59,-99,0.09
2023,13,5,1,1,0,3,42,43,-99,0.09
2023,13,6,1,1,0,3,54,55,-99,0.09
2023,13,7,0,1,0,3,57,57,-99,0.09
2023,13,8,0,1,0,3,42,44,-99,0.09
2023,14,1,1,0,1,2,57,57,-99,0.09
2023,14,2,1,0,1,2,45,45,-99,0.09
2023,14,3,1,0,1,2,31,31,-99,0.09
2023,14,4,1,0,1,2,48,48,-99,0.09
2023,14,5,1,0,1,2,39,39,-99,0.09
2023,14,6,1,0,1,2,41,41,-99,0.09
2023,14,7,0,0,1,2,46,46,-99,0.09
2023,14,8,0,0,1,2,48,48,-99,0.09
2023,15,1,1,1,1,4,42,43,-99,0.09
2023,15,2,1,1,1,4,69,68,-99,0.09
2023,15,3,1,1,1,4,56,56,-99,0.09
2023,15,4,1,1,1,4,44,45,-99,0.09
2023,15,5,1,1,1,4,48,47,-99,0.09
2023,15,6,1,1,1,4,56,56,-99,0.09
2023,15,7,0,1,1,4,28,28,-99,0.09
2023,15,8,0,1,1,4,49,47,-99,0.09
2023,16,1,1,0,0,1,32,32,-99,0.09
2023,16,2,1,0,0,1,57,56,-99,0.09
2023,16,3,1,0,0,1,55,53,-99,0.09
2023,16,4,1,0,0,1,48,47,-99,0.09
2023,16,5,1,0,0,1,37,36,-99,0.09
2023,16,6,1,0,0,1,28,28,-99,0.09
2023,16,7,0,0,0,1,46,46,-99,0.09
2023,16,8,0,0,0,1,41,41,-99,0.09
2023,17,1,1,0,0,1,31,30,-99,0.09
2023,17,2,1,0,0,1,42,42,-99,0.09
2023,17,3,1,0,0,1,26,26,-99,0.09
2023,17,4,1,0,0,1,45,45,-99,0.09
2023,17,5,1,0,0,1,39,38,-99,0.09
2023,17,6,1,0,0,1,54,55,-99,0.09
2023,17,7,0,0,0,1,30,30,-99,0.09
2023,17,8,0,0,0,1,46,47,-99,0.09
2023,18,1,1,1,1,4,42,41,-99,0.09
2023,18,2,1,1,1,4,39,39,-99,0.09
2023,18,3,1,1,1,4,42,42,-99,0.09
2023,18,4,1,1,1,4,47,45,-99,0.09
2023,18,5,1,1,1,4,51,53,-99,0.09
2023,18,6,1,1,1,4,41,41,-99,0.09
2023,18,7,0,1,1,4,40,41,-99,0.09
2023,18,8,0,1,1,4,41,41,-99,0.09
2023,19,1,1,1,0,3,44,44,-99,0.09
2023,19,2,1,1,0,3,41,40,-99,0.09
2023,19,3,1,1,0,3,51,51,-99,0.09
2023,19,4,1,1,0,3,43,41,-99,0.09
2023,19,5,1,1,0,3,30,30,-99,0.09
2023,19,6,1,1,0,3,38,38,-99,0.09
2023,19,7,0,1,0,3,23,23,-99,0.09
2023,19,8,0,1,0,3,42,42,-99,0.09
2023,20,1,1,0,1,2,41,43,-99,0.09
2023,20,2,1,0,1,2,43,41,-99,0.09
2023,20,3,1,0,1,2,44,43,-99,0.09
2023,20,4,1,0,1,2,48,50,-99,0.09
2023,20,5,1,0,1,2,50,50,-99,0.09
2023,20,6,1,0,1,2,46,46,-99,0.09
2023,20,7,0,0,1,2,28,28,-99,0.09
2023,20,8,0,0,1,2,32,32,-99,0.09
2024,1,1,1,1,1,4,46,45,-99,0.09
2024,1,2,1,1,1,4,81,82,-99,0.09
2024,1,3,1,1,1,4,65,66,-99,0.09
2024,1,4,1,1,1,4,66,65,-99,0.09
2024,1,5,1,1,1,4,68,65,-99,0.09
2024,1,6,1,1,1,4,50,51,-99,0.09
2024,1,7,0,1,1,4,35,35,-99,0.09
2024,1,8,0,1,1,4,61,62,-99,0.09
2024,2,1,1,0,0,1,54,55,-99,0.09
2024,2,2,1,0,0,1,44,45,-99,0.09
2024,2,3,1,0,0,1,58,57,-99,0.09
2024,2,4,1,0,0,1,67,65,-99,0.09
2024,2,5,1,0,0,1,49,49,-99,0.09
2024,2,6,1,0,0,1,65,66,-99,0.09
2024,2,7,0,0,0,1,58,58,-99,0.09
2024,2,8,0,0,0,1,67,70,-99,0.09
2024,3,1,1,1,0,3,67,66,-99,0.09
2024,3,2,1,1,0,3,51,52,-99,0.09
2024,3,3,1,1,0,3,52,54,-99,0.09
2024,3,4,1,1,0,3,46,47,-99,0.09
2024,3,5,1,1,0,3,56,56,-99,0.09
2024,3,6,1,1,0,3,49,48,-99,0.09
2024,3,7,0,1,0,3,43,42,-99,0.09
2024,3,8,0,1,0,3,24,23,-99,0.09
2024,4,1,1,0,1,2,54,55,-99,0.09
2024,4,2,1,0,1,2,51,51,-99,0.09
2024,4,3,1,0,1,2,54,54,-99,0.09
2024,4,4,1,0,1,2,63,63,-99,0.09
2024,4,5,1,0,1,2,45,46,-99,0.09
2024,4,6,1,0,1,2,62,63,-99,0.09
2024,4,7,0,0,1,2,57,57,-99,0.09
2024,4,8,0,0,1,2,49,50,-99,0.09
2024,5,1,1,1,1,4,61,61,-99,0.09
2024,5,2,1,1,1,4,87,88,-99,0.09
2024,5,3,1,1,1,4,76,77,-99,0.09
2024,5,4,1,1,1,4,63,64,-99,0.09
2024,5,5,1,1,1,4,81,80,-99,0.09
2024,5,6,1,1,1,4,85,84,-99,0.09
2024,5,7,0,1,1,4,62,63,-99,0.09
2024,5,8,0,1,1,4,58,58,-99,0.09
2024,6,1,1,0,0,1,44,43,-99,0.09
2024,6,2,1,0,0,1,58,56,-99,0.09
2024,6,3,1,0,0,1,54,54,-99,0.09
2024,6,4,1,0,0,1,41,41,-99,0.09
2024,6,5,1,0,0,1,40,41,-99,0.09
2024,6,6,1,0,0,1,51,50,-99,0.09
2024,6,7,0,0,0,1,53,55,-99,0.09
2024,6,8,0,0,0,1,59,61,-99,0.09
2024,7,1,1,0,0,1,36,35,-99,0.09
2024,7,2,1,0,0,1,62,61,-99,0.09
2024,7,3,1,0,0,1,44,44,-99,0.09
2024,7,4,1,0,0,1,55,55,-99,0.09
2024,7,5,1,0,0,1,38,37,-99,0.09
2024,7,6,1,0,0,1,46,46,-99,0.09
2024,7,7,0,0,0,1,40,39,-99,0.09
2024,7,8,0,0,0,1,51,50,-99,0.09
2024,8,1,1,1,0,3,42,43,-99,0.09
2024,8,2,1,1,0,3,74,76,-99,0.09
2024,8,3,1,1,0,3,61,59,-99,0.09
2024,8,4,1,1,0,3,70,73,-99,0.09
2024,8,5,1,1,0,3,55,57,-99,0.09
2024,8,6,1,1,0,3,66,66,-99,0.09
2024,8,7,0,1,0,3,48,49,-99,0.09
2024,8,8,0,1,0,3,65,63,-99,0.09
2024,9,1,1,1,0,3,66,63,-99,0.09
2024,9,2,1,1,0,3,75,78,-99,0.09
2024,9,3,1,1,0,3,78,77,-99,0.09
2024,9,4,1,1,0,3,69,66,-99,0.09
2024,9,5,1,1,0,3,61,59,-99,0.09
2024,9,6,1,1,0,3,69,69,-99,0.09
2024,9,7,0,1,0,3,52,51,-99,0.09
2024,9,8,0,1,0,3,60,61,-99,0.09
2024,10,1,1,0,1,2,22,22,-99,0.09
2024,10,2,1,0,1,2,45,46,-99,0.09
2024,10,3,1,0,1,2,53,54,-99,0.09
2024,10,4,1,0,1,2,53,54,-99,0.09
2024,10,5,1,0,1,2,45,45,-99,0.09
2024,10,6,1,0,1,2,50,49,-99,0.09
2024,10,7,0,0,1,2,49,49,-99,0.09
2024,10,8,0,0,1,2,46,47,-99,0.09
2024,11,1,1,0,1,2,58,58,-99,0.09
2024,11,2,1,0,1,2,44,45,-99,0.09
2024,11,3,1,0,1,2,46,45,-99,0.09
2024,11,4,1,0,1,2,45,44,-99,0.09
2024,11,5,1,0,1,2,39,38,-99,0.09
2024,11,6,1,0,1,2,53,54,-99,0.09
2024,11,7,0,0,1,2,80,78,-99,0.09
2024,11,8,0,0,1,2,57,55,-99,0.09
2024,12,1,1,1,1,4,56,54,-99,0.09
2024,12,2,1,1,1,4,80,84,-99,0.09
2024,12,3,1,1,1,4,105,108,-99,0.09
2024,12,4,1,1,1,4,103,104,-99,0.09
2024,12,5,1,1,1,4,81,80,-99,0.09
2024,12,6,1,1,1,4,69,69,-99,0.09
2024,12,7,0,1,1,4,80,79,-99,0.09
2024,12,8,0,1,1,4,63,64,-99,0.09
2024,13,1,1,1,0,3,66,67,-99,0.09
2024,13,2,1,1,0,3,62,62,-99,0.09
2024,13,3,1,1,0,3,55,55,-99,0.09
2024,13,4,1,1,0,3,66,64,-99,0.09
2024,13,5,1,1,0,3,80,79,-99,0.09
2024,13,6,1,1,0,3,82,86,-99,0.09
2024,13,7,0,1,0,3,68,69,-99,0.09
2024,13,8,0,1,0,3,77,74,-99,0.09
2024,14,1,1,0,1,2,51,51,-99,0.09
2024,14,2,1,0,1,2,54,54,-99,0.09
2024,14,3,1,0,1,2,32,32,-99,0.09
2024,14,4,1,0,1,2,60,61,-99,0.09
2024,14,5,1,0,1,2,36,36,-99,0.09
2024,14,6,1,0,1,2,65,66,-99,0.09
2024,14,7,0,0,1,2,64,64,-99,0.09
2024,14,8,0,0,1,2,66,66,-99,0.09
2024,15,1,1,1,1,4,50,51,-99,0.09
2024,15,2,1,1,1,4,71,68,-99,0.09
2024,15,3,1,1,1,4,74,76,-99,0.09
2024,15,4,1,1,1,4,68,70,-99,0.09
2024,15,5,1,1,1,4,48,46,-99,0.09
2024,15,6,1,1,1,4,58,58,-99,0.09
2024,15,7,0,1,1,4,49,47,-99,0.09
2024,15,8,0,1,1,4,62,61,-99,0.09
2024,16,1,1,0,0,1,40,41,-99,0.09
2024,16,2,1,0,0,1,52,52,-99,0.09
2024,16,3,1,0,0,1,54,56,-99,0.09
2024,16,4,1,0,0,1,57,58,-99,0.09
2024,16,5,1,0,0,1,47,47,-99,0.09
2024,16,6,1,0,0,1,44,46,-99,0.09
2024,16,7,0,0,0,1,49,48,-99,0.09
2024,16,8,0,0,0,1,61,59,-99,0.09
2024,17,1,1,0,0,1,44,45,-99,0.09
2024,17,2,1,0,0,1,56,58,-99,0.09
2024,17,3,1,0,0,1,49,51,-99,0.09
2024,17,4,1,0,0,1,57,58,-99,0.09
2024,17,5,1,0,0,1,47,46,-99,0.09
2024,17,6,1,0,0,1,63,64,-99,0.09
2024,17,7,0,0,0,1,57,56,-99,0.09
2024,17,8,0,0,0,1,64,61,-99,0.09
2024,18,1,1,1,1,4,53,54,-99,0.09
2024,18,2,1,1,1,4,65,62,-99,0.09
2024,18,3,1,1,1,4,52,52,-99,0.09
2024,18,4,1,1,1,4,51,50,-99,0.09
2024,18,5,1,1,1,4,84,88,-99,0.09
2024,18,6,1,1,1,4,57,58,-99,0.09
2024,18,7,0,1,1,4,61,59,-99,0.09
2024,18,8,0,1,1,4,74,72,-99,0.09
2024,19,1,1,1,0,3,59,58,-99,0.09
2024,19,2,1,1,0,3,56,55,-99,0.09
2024,19,3,1,1,0,3,68,70,-99,0.09
2024,19,4,1,1,0,3,53,53,-99,0.09
2024,19,5,1,1,0,3,37,37,-99,0.09
2024,19,6,1,1,0,3,51,50,-99,0.09
2024,19,7,0,1,0,3,53,52,-99,0.09
2024,19,8,0,1,0,3,57,56,-99,0.09
2024,20,1,1,0,1,2,47,48,-99,0.09
2024,20,2,1,0,1,2,47,46,-99,0.09
2024,20,3,1,0,1,2,43,45,-99,0.09
2024,20,4,1,0,1,2,65,67,-99,0.09
2024,20,5,1,0,1,2,49,50,-99,0.09
2024,20,6,1,0,1,2,56,55,-99,0.09
2024,20,7,0,0,1,2,60,58,-99,0.09
2024,20,8,0,0,1,2,47,49,-99,0.09
2025,1,1,1,1,1,4,69,71,-99,0.09
2025,1,2,1,1,1,4,66,64,-99,0.09
2025,1,3,1,1,1,4,52,54,-99,0.09
2025,1,4,1,1,1,4,74,72,-99,0.09
2025,1,5,1,1,1,4,70,70,-99,0.09
2025,1,6,1,1,1,4,52,54,-99,0.09
2025,1,7,0,1,1,4,48,49,-99,0.09
2025,1,8,0,1,1,4,46,46,-99,0.09
2025,2,1,1,0,0,1,40,40,-99,0.09
2025,2,2,1,0,0,1,41,41,-99,0.09
2025,2,3,1,0,0,1,45,47,-99,0.09
2025,2,4,1,0,0,1,52,53,-99,0.09
2025,2,5,1,0,0,1,45,43,-99,0.09
2025,2,6,1,0,0,1,50,48,-99,0.09
2025,2,7,0,0,0,1,47,46,-99,0.09
2025,2,8,0,0,0,1,69,72,-99,0.09
2025,3,1,1,1,0,3,53,53,-99,0.09
2025,3,2,1,1,0,3,49,47,-99,0.09
2025,3,3,1,1,0,3,61,61,-99,0.09
2025,3,4,1,1,0,3,52,53,-99,0.09
2025,3,5,1,1,0,3,63,63,-99,0.09
2025,3,6,1,1,0,3,42,44,-99,0.09
2025,3,7,0,1,0,3,31,34,-99,0.09
2025,3,8,0,1,0,3,36,35,-99,0.09
2025,4,1,1,0,1,2,51,53,-99,0.09
2025,4,2,1,0,1,2,50,52,-99,0.09
2025,4,3,1,0,1,2,56,55,-99,0.09
2025,4,4,1,0,1,2,52,54,-99,0.09
2025,4,5,1,0,1,2,50,50,-99,0.09
2025,4,6,1,0,1,2,65,63,-99,0.09
2025,4,7,0,0,1,2,42,41,-99,0.09
2025,4,8,0,0,1,2,41,42,-99,0.09
2025,5,1,1,1,1,4,77,77,-99,0.09
2025,5,2,1,1,1,4,79,82,-99,0.09
2025,5,3,1,1,1,4,75,73,-99,0.09
2025,5,4,1,1,1,4,54,52,-99,0.09
2025,5,5,1,1,1,4,82,82,-99,0.09
2025,5,6,1,1,1,4,72,73,-99,0.09
2025,5,7,0,1,1,4,50,50,-99,0.09
2025,5,8,0,1,1,4,51,49,-99,0.09
2025,6,1,1,0,0,1,47,48,-99,0.09
2025,6,2,1,0,0,1,72,75,-99,0.09
2025,6,3,1,0,0,1,59,59,-99,0.09
2025,6,4,1,0,0,1,48,49,-99,0.09
2025,6,5,1,0,0,1,54,52,-99,0.09
2025,6,6,1,0,0,1,45,45,-99,0.09
2025,6,7,0,0,0,1,42,43,-99,0.09
2025,6,8,0,0,0,1,68,70,-99,0.09
2025,7,1,1,0,0,1,34,33,-99,0.09
2025,7,2,1,0,0,1,57,56,-99,0.09
2025,7,3,1,0,0,1,51,51,-99,0.09
2025,7,4,1,0,0,1,60,59,-99,0.09
2025,7,5,1,0,0,1,31,31,-99,0.09
2025,7,6,1,0,0,1,36,37,-99,0.09
2025,7,7,0,0,0,1,53,51,-99,0.09
2025,7,8,0,0,0,1,55,56,-99,0.09
2025,8,1,1,1,0,3,49,48,-99,0.09
2025,8,2,1,1,0,3,59,57,-99,0.09
2025,8,3,1,1,0,3,53,53,-99,0.09
2025,8,4,1,1,0,3,55,53,-99,0.09
2025,8,5,1,1,0,3,53,54,-99,0.09
2025,8,6,1,1,0,3,62,64,-99,0.09
2025,8,7,0,1,0,3,43,42,-99,0.09
2025,8,8,0,1,0,3,40,42,-99,0.09
2025,9,1,1,1,0,3,58,56,-99,0.09
2025,9,2,1,1,0,3,70,68,-99,0.09
2025,9,3,1,1,0,3,75,75,-99,0.09
2025,9,4,1,1,0,3,70,67,-99,0.09
2025,9,5,1,1,0,3,54,54,-99,0.09
2025,9,6,1,1,0,3,73,74,-99,0.09
2025,9,7,0,1,0,3,64,62,-99,0.09
2025,9,8,0,1,0,3,71,68,-99,0.09
2025,10,1,1,0,1,2,26,26,-99,0.09
2025,10,2,1,0,1,2,48,48,-99,0.09
2025,10,3,1,0,1,2,57,57,-99,0.09
2025,10,4,1,0,1,2,53,54,-99,0.09
2025,10,5,1,0,1,2,41,41,-99,0.09
2025,10,6,1,0,1,2,63,63,-99,0.09
2025,10,7,0,0,1,2,53,53,-99,0.09
2025,10,8,0,0,1,2,52,53,-99,0.09
2025,11,1,1,0,1,2,91,90,-99,0.09
2025,11,2,1,0,1,2,86,86,-99,0.09
2025,11,3,1,0,1,2,92,92,-99,0.09
2025,11,4,1,0,1,2,62,60,-99,0.09
2025,11,5,1,0,1,2,56,54,-99,0.09
2025,11,6,1,0,1,2,85,86,-99,0.09
2025,11,7,0,0,1,2,88,89,-99,0.09
2025,11,8,0,0,1,2,83,80,-99,0.09
2025,12,1,1,1,1,4,77,77,-99,0.09
2025,12,2,1,1,1,4,98,96,-99,0.09
2025,12,3,1,1,1,4,112,116,-99,0.09
2025,12,4,1,1,1,4,118,118,-99,0.09
2025,12,5,1,1,1,4,99,97,-99,0.09
2025,12,6,1,1,1,4,89,86,-99,0.09
2025,12,7,0,1,1,4,87,87,-99,0.09
2025,12,8,0,1,1,4,57,55,-99,0.09
2025,13,1,1,1,0,3,57,59,-99,0.09
2025,13,2,1,1,0,3,76,74,-99,0.09
2025,13,3,1,1,0,3,59,58,-99,0.09
2025,13,4,1,1,0,3,58,59,-99,0.09
2025,13,5,1,1,0,3,78,79,-99,0.09
2025,13,6,1,1,0,3,85,87,-99,0.09
2025,13,7,0,1,0,3,45,47,-99,0.09
2025,13,8,0,1,0,3,72,75,-99,0.09
2025,14,1,1,0,1,2,78,78,-99,0.09
2025,14,2,1,0,1,2,75,76,-99,0.09
2025,14,3,1,0,1,2,52,53,-99,0.09
2025,14,4,1,0,1,2,60,61,-99,0.09
2025,14,5,1,0,1,2,31,31,-99,0.09
2025,14,6,1,0,1,2,64,65,-99,0.09
2025,14,7,0,0,1,2,47,48,-99,0.09
2025,14,8,0,0,1,2,56,55,-99,0.09
2025,15,1,1,1,1,4,50,50,-99,0.09
2025,15,2,1,1,1,4,58,58,-99,0.09
2025,15,3,1,1,1,4,74,74,-99,0.09
2025,15,4,1,1,1,4,71,71,-99,0.09
2025,15,5,1,1,1,4,53,53,-99,0.09
2025,15,6,1,1,1,4,64,64,-99,0.09
2025,15,7,0,1,1,4,42,42,-99,0.09
2025,15,8,0,1,1,4,72,72,-99,0.09
2025,16,1,1,0,0,1,36,37,-99,0.09
2025,16,2,1,0,0,1,54,54,-99,0.09
2025,16,3,1,0,0,1,50,52,-99,0.09
2025,16,4,1,0,0,1,53,53,-99,0.09
2025,16,5,1,0,0,1,46,46,-99,0.09
2025,16,6,1,0,0,1,39,39,-99,0.09
2025,16,7,0,0,0,1,58,58,-99,0.09
2025,16,8,0,0,0,1,51,52,-99,0.09
2025,17,1,1,0,0,1,49,50,-99,0.09
2025,17,2,1,0,0,1,51,51,-99,0.09
2025,17,3,1,0,0,1,47,48,-99,0.09
2025,17,4,1,0,0,1,61,60,-99,0.09
2025,17,5,1,0,0,1,49,50,-99,0.09
2025,17,6,1,0,0,1,65,67,-99,0.09
2025,17,7,0,0,0,1,55,54,-99,0.09
2025,17,8,0,0,0,1,75,75,-99,0.09
2025,18,1,1,1,1,4,67,66,-99,0.09
2025,18,2,1,1,1,4,88,88,-99,0.09
2025,18,3,1,1,1,4,70,68,-99,0.09
2025,18,4,1,1,1,4,50,51,-99,0.09
2025,18,5,1,1,1,4,88,87,-99,0.09
2025,18,6,1,1,1,4,48,49,-99,0.09
2025,18,7,0,1,1,4,72,71,-99,0.09
2025,18,8,0,1,1,4,63,60,-99,0.09
2025,19,1,1,1,0,3,60,62,-99,0.09
2025,19,2,1,1,0,3,43,44,-99,0.09
2025,19,3,1,1,0,3,60,59,-99,0.09
2025,19,4,1,1,0,3,51,51,-99,0.09
2025,19,5,1,1,0,3,47,46,-99,0.09
2025,19,6,1,1,0,3,49,50,-99,0.09
2025,19,7,0,1,0,3,52,50,-99,0.09
2025,19,8,0,1,0,3,58,59,-99,0.09
2025,20,1,1,0,1,2,46,47,-99,0.09
2025,20,2,1,0,1,2,43,43,-99,0.09
2025,20,3,1,0,1,2,64,67,-99,0.09
2025,20,4,1,0,1,2,80,78,-99,0.09
2025,20,5,1,0,1,2,70,71,-99,0.09
2025,20,6,1,0,1,2,45,45,-99,0.09
2025,20,7,0,0,1,2,43,45,-99,0.09
2025,20,8,0,0,1,2,47,45,-99,0.09
